session,root,type,symbol,expiry,right,strike,settle,settle_flag,oi
2026-08-05,GBU,OPT,GBUQ6 C11000,2026-08-07,C,1.1,0.246900000,3,
2026-08-05,GBU,OPT,GBUQ6 C11100,2026-08-07,C,1.11,0.236900000,3,
2026-08-05,GBU,OPT,GBUQ6 C11200,2026-08-07,C,1.12,0.226900000,3,
2026-08-05,GBU,OPT,GBUQ6 C11300,2026-08-07,C,1.13,0.216900000,3,
2026-08-05,GBU,OPT,GBUQ6 C11400,2026-08-07,C,1.14,0.206900000,3,
2026-08-05,GBU,OPT,GBUQ6 C11500,2026-08-07,C,1.15,0.196900000,3,
2026-08-05,GBU,OPT,GBUQ6 C11600,2026-08-07,C,1.16,0.186900000,3,
2026-08-05,GBU,OPT,GBUQ6 C11700,2026-08-07,C,1.17,0.176900000,3,
2026-08-05,GBU,OPT,GBUQ6 C11800,2026-08-07,C,1.18,0.166900000,3,
2026-08-05,GBU,OPT,GBUQ6 C11900,2026-08-07,C,1.19,0.156900000,3,
2026-08-05,GBU,OPT,GBUQ6 C12000,2026-08-07,C,1.2,0.146900000,3,
2026-08-05,GBU,OPT,GBUQ6 C12100,2026-08-07,C,1.21,0.136900000,3,
2026-08-05,GBU,OPT,GBUQ6 C12200,2026-08-07,C,1.22,0.126900000,3,
2026-08-05,GBU,OPT,GBUQ6 C12300,2026-08-07,C,1.23,0.116900000,3,
2026-08-05,GBU,OPT,GBUQ6 C12350,2026-08-07,C,1.235,0.111900000,3,
2026-08-05,GBU,OPT,GBUQ6 C12400,2026-08-07,C,1.24,0.106900000,3,1
2026-08-05,GBU,OPT,GBUQ6 C12450,2026-08-07,C,1.245,0.101900000,3,
2026-08-05,GBU,OPT,GBUQ6 C12500,2026-08-07,C,1.25,0.096900000,3,1
2026-08-05,GBU,OPT,GBUQ6 C12550,2026-08-07,C,1.255,0.091900000,3,
2026-08-05,GBU,OPT,GBUQ6 C12600,2026-08-07,C,1.26,0.086900000,3,
2026-08-05,GBU,OPT,GBUQ6 C12650,2026-08-07,C,1.265,0.081900000,3,
2026-08-05,GBU,OPT,GBUQ6 C12700,2026-08-07,C,1.27,0.076900000,3,
2026-08-05,GBU,OPT,GBUQ6 C12750,2026-08-07,C,1.275,0.071900000,3,
2026-08-05,GBU,OPT,GBUQ6 C12800,2026-08-07,C,1.28,0.066900000,3,
2026-08-05,GBU,OPT,GBUQ6 C12850,2026-08-07,C,1.285,0.061900000,3,
2026-08-05,GBU,OPT,GBUQ6 C12900,2026-08-07,C,1.29,0.056900000,3,1
2026-08-05,GBU,OPT,GBUQ6 C12950,2026-08-07,C,1.295,0.051900000,3,
2026-08-05,GBU,OPT,GBUQ6 C13000,2026-08-07,C,1.3,0.046900000,3,9
2026-08-05,GBU,OPT,GBUQ6 C13050,2026-08-07,C,1.305,0.041900000,3,
2026-08-05,GBU,OPT,GBUQ6 C13100,2026-08-07,C,1.31,0.036900000,3,6
2026-08-05,GBU,OPT,GBUQ6 C13125,2026-08-07,C,1.3125,0.034400000,3,
2026-08-05,GBU,OPT,GBUQ6 C13150,2026-08-07,C,1.315,0.031900000,3,2
2026-08-05,GBU,OPT,GBUQ6 C13175,2026-08-07,C,1.3175,0.029400000,3,
2026-08-05,GBU,OPT,GBUQ6 C13200,2026-08-07,C,1.32,0.026900000,3,16
2026-08-05,GBU,OPT,GBUQ6 C13225,2026-08-07,C,1.3225,0.024400000,3,
2026-08-05,GBU,OPT,GBUQ6 C13250,2026-08-07,C,1.325,0.021900000,3,2
2026-08-05,GBU,OPT,GBUQ6 C13275,2026-08-07,C,1.3275,0.019400000,3,
2026-08-05,GBU,OPT,GBUQ6 C13300,2026-08-07,C,1.33,0.016900000,3,139
2026-08-05,GBU,OPT,GBUQ6 C13325,2026-08-07,C,1.3325,0.014500000,3,1
2026-08-05,GBU,OPT,GBUQ6 C13350,2026-08-07,C,1.335,0.012000000,3,465
2026-08-05,GBU,OPT,GBUQ6 C13375,2026-08-07,C,1.3375,0.009700000,3,102
2026-08-05,GBU,OPT,GBUQ6 C13400,2026-08-07,C,1.34,0.007500000,3,394
2026-08-05,GBU,OPT,GBUQ6 C13425,2026-08-07,C,1.3425,0.005500000,3,263
2026-08-05,GBU,OPT,GBUQ6 C13450,2026-08-07,C,1.345,0.003700000,3,599
2026-08-05,GBU,OPT,GBUQ6 C13475,2026-08-07,C,1.3475,0.002400000,3,342
2026-08-05,GBU,OPT,GBUQ6 C13500,2026-08-07,C,1.35,0.001300000,3,570
2026-08-05,GBU,OPT,GBUQ6 C13525,2026-08-07,C,1.3525,0.000700000,3,397
2026-08-05,GBU,OPT,GBUQ6 C13550,2026-08-07,C,1.355,0.000300000,3,885
2026-08-05,GBU,OPT,GBUQ6 C13575,2026-08-07,C,1.3575,0.000100000,3,323
2026-08-05,GBU,OPT,GBUQ6 C13600,2026-08-07,C,1.36,0.000100000,3,210
2026-08-05,GBU,OPT,GBUQ6 C13625,2026-08-07,C,1.3625,0.000100000,3,277
2026-08-05,GBU,OPT,GBUQ6 C13650,2026-08-07,C,1.365,0.000100000,3,850
2026-08-05,GBU,OPT,GBUQ6 C13675,2026-08-07,C,1.3675,0.000100000,3,4
2026-08-05,GBU,OPT,GBUQ6 C13700,2026-08-07,C,1.37,0.000100000,3,760
2026-08-05,GBU,OPT,GBUQ6 C13725,2026-08-07,C,1.3725,0.000100000,3,
2026-08-05,GBU,OPT,GBUQ6 C13750,2026-08-07,C,1.375,0.000100000,3,339
2026-08-05,GBU,OPT,GBUQ6 C13800,2026-08-07,C,1.38,0.000100000,3,51
2026-08-05,GBU,OPT,GBUQ6 C13850,2026-08-07,C,1.385,0.000100000,3,63
2026-08-05,GBU,OPT,GBUQ6 C13900,2026-08-07,C,1.39,0.000100000,3,414
2026-08-05,GBU,OPT,GBUQ6 C13950,2026-08-07,C,1.395,0.000100000,3,68
2026-08-05,GBU,OPT,GBUQ6 C14000,2026-08-07,C,1.4,0.000100000,3,7
2026-08-05,GBU,OPT,GBUQ6 C14050,2026-08-07,C,1.405,0.000100000,3,2
2026-08-05,GBU,OPT,GBUQ6 C14100,2026-08-07,C,1.41,0.000100000,3,114
2026-08-05,GBU,OPT,GBUQ6 C14150,2026-08-07,C,1.415,0.000100000,3,96
2026-08-05,GBU,OPT,GBUQ6 C14200,2026-08-07,C,1.42,0.000100000,3,38
2026-08-05,GBU,OPT,GBUQ6 C14250,2026-08-07,C,1.425,0.000100000,3,2
2026-08-05,GBU,OPT,GBUQ6 C14300,2026-08-07,C,1.43,0.000100000,3,60
2026-08-05,GBU,OPT,GBUQ6 C14350,2026-08-07,C,1.435,0.000100000,3,
2026-08-05,GBU,OPT,GBUQ6 C14400,2026-08-07,C,1.44,0.000100000,3,6
2026-08-05,GBU,OPT,GBUQ6 C14450,2026-08-07,C,1.445,0.000100000,3,
2026-08-05,GBU,OPT,GBUQ6 C14500,2026-08-07,C,1.45,0.000100000,3,18
2026-08-05,GBU,OPT,GBUQ6 C14600,2026-08-07,C,1.46,0.000100000,3,82
2026-08-05,GBU,OPT,GBUQ6 C14700,2026-08-07,C,1.47,0.000100000,3,15
2026-08-05,GBU,OPT,GBUQ6 C14800,2026-08-07,C,1.48,0.000100000,3,2
2026-08-05,GBU,OPT,GBUQ6 C14900,2026-08-07,C,1.49,0.000100000,3,
2026-08-05,GBU,OPT,GBUQ6 C15000,2026-08-07,C,1.5,0.000100000,3,5
2026-08-05,GBU,OPT,GBUQ6 C15100,2026-08-07,C,1.51,0.000100000,3,
2026-08-05,GBU,OPT,GBUQ6 C15200,2026-08-07,C,1.52,0.000100000,3,1
2026-08-05,GBU,OPT,GBUQ6 C15300,2026-08-07,C,1.53,0.000100000,3,
2026-08-05,GBU,OPT,GBUQ6 C15400,2026-08-07,C,1.54,0.000100000,3,
2026-08-05,GBU,OPT,GBUQ6 C15500,2026-08-07,C,1.55,0.000100000,3,1
2026-08-05,GBU,OPT,GBUQ6 C15600,2026-08-07,C,1.56,0.000100000,3,
2026-08-05,GBU,OPT,GBUQ6 C15700,2026-08-07,C,1.57,0.000100000,3,
2026-08-05,GBU,OPT,GBUQ6 C15800,2026-08-07,C,1.58,0.000100000,3,53
2026-08-05,GBU,OPT,GBUQ6 P11000,2026-08-07,P,1.1,0.000100000,3,
2026-08-05,GBU,OPT,GBUQ6 P11100,2026-08-07,P,1.11,0.000100000,3,
2026-08-05,GBU,OPT,GBUQ6 P11200,2026-08-07,P,1.12,0.000100000,3,
2026-08-05,GBU,OPT,GBUQ6 P11300,2026-08-07,P,1.13,0.000100000,3,1
2026-08-05,GBU,OPT,GBUQ6 P11400,2026-08-07,P,1.14,0.000100000,3,
2026-08-05,GBU,OPT,GBUQ6 P11500,2026-08-07,P,1.15,0.000100000,3,
2026-08-05,GBU,OPT,GBUQ6 P11600,2026-08-07,P,1.16,0.000100000,3,
2026-08-05,GBU,OPT,GBUQ6 P11700,2026-08-07,P,1.17,0.000100000,3,
2026-08-05,GBU,OPT,GBUQ6 P11800,2026-08-07,P,1.18,0.000100000,3,
2026-08-05,GBU,OPT,GBUQ6 P11900,2026-08-07,P,1.19,0.000100000,3,1
2026-08-05,GBU,OPT,GBUQ6 P12000,2026-08-07,P,1.2,0.000100000,3,18
2026-08-05,GBU,OPT,GBUQ6 P12100,2026-08-07,P,1.21,0.000100000,3,8
2026-08-05,GBU,OPT,GBUQ6 P12200,2026-08-07,P,1.22,0.000100000,3,188
2026-08-05,GBU,OPT,GBUQ6 P12300,2026-08-07,P,1.23,0.000100000,3,3
2026-08-05,GBU,OPT,GBUQ6 P12350,2026-08-07,P,1.235,0.000100000,3,
2026-08-05,GBU,OPT,GBUQ6 P12400,2026-08-07,P,1.24,0.000100000,3,17
2026-08-05,GBU,OPT,GBUQ6 P12450,2026-08-07,P,1.245,0.000100000,3,
2026-08-05,GBU,OPT,GBUQ6 P12500,2026-08-07,P,1.25,0.000100000,3,6
2026-08-05,GBU,OPT,GBUQ6 P12550,2026-08-07,P,1.255,0.000100000,3,45
2026-08-05,GBU,OPT,GBUQ6 P12600,2026-08-07,P,1.26,0.000100000,3,13
2026-08-05,GBU,OPT,GBUQ6 P12650,2026-08-07,P,1.265,0.000100000,3,1370
2026-08-05,GBU,OPT,GBUQ6 P12700,2026-08-07,P,1.27,0.000100000,3,289
2026-08-05,GBU,OPT,GBUQ6 P12750,2026-08-07,P,1.275,0.000100000,3,36
2026-08-05,GBU,OPT,GBUQ6 P12800,2026-08-07,P,1.28,0.000100000,3,276
2026-08-05,GBU,OPT,GBUQ6 P12850,2026-08-07,P,1.285,0.000100000,3,195
2026-08-05,GBU,OPT,GBUQ6 P12900,2026-08-07,P,1.29,0.000100000,3,394
2026-08-05,GBU,OPT,GBUQ6 P12950,2026-08-07,P,1.295,0.000100000,3,280
2026-08-05,GBU,OPT,GBUQ6 P13000,2026-08-07,P,1.3,0.000100000,3,482
2026-08-05,GBU,OPT,GBUQ6 P13050,2026-08-07,P,1.305,0.000100000,3,271
2026-08-05,GBU,OPT,GBUQ6 P13100,2026-08-07,P,1.31,0.000100000,3,556
2026-08-05,GBU,OPT,GBUQ6 P13125,2026-08-07,P,1.3125,0.000100000,3,13
2026-08-05,GBU,OPT,GBUQ6 P13150,2026-08-07,P,1.315,0.000100000,3,515
2026-08-05,GBU,OPT,GBUQ6 P13175,2026-08-07,P,1.3175,0.000100000,3,354
2026-08-05,GBU,OPT,GBUQ6 P13200,2026-08-07,P,1.32,0.000100000,3,791
2026-08-05,GBU,OPT,GBUQ6 P13225,2026-08-07,P,1.3225,0.000100000,3,594
2026-08-05,GBU,OPT,GBUQ6 P13250,2026-08-07,P,1.325,0.000100000,3,791
2026-08-05,GBU,OPT,GBUQ6 P13275,2026-08-07,P,1.3275,0.000100000,3,456
2026-08-05,GBU,OPT,GBUQ6 P13300,2026-08-07,P,1.33,0.000100000,3,604
2026-08-05,GBU,OPT,GBUQ6 P13325,2026-08-07,P,1.3325,0.000100000,3,334
2026-08-05,GBU,OPT,GBUQ6 P13350,2026-08-07,P,1.335,0.000200000,3,175
2026-08-05,GBU,OPT,GBUQ6 P13375,2026-08-07,P,1.3375,0.000300000,3,247
2026-08-05,GBU,OPT,GBUQ6 P13400,2026-08-07,P,1.34,0.000600000,3,224
2026-08-05,GBU,OPT,GBUQ6 P13425,2026-08-07,P,1.3425,0.001100000,3,93
2026-08-05,GBU,OPT,GBUQ6 P13450,2026-08-07,P,1.345,0.001800000,3,1010
2026-08-05,GBU,OPT,GBUQ6 P13475,2026-08-07,P,1.3475,0.002900000,3,28
2026-08-05,GBU,OPT,GBUQ6 P13500,2026-08-07,P,1.35,0.004400000,3,48
2026-08-05,GBU,OPT,GBUQ6 P13525,2026-08-07,P,1.3525,0.006300000,3,5
2026-08-05,GBU,OPT,GBUQ6 P13550,2026-08-07,P,1.355,0.008400000,3,745
2026-08-05,GBU,OPT,GBUQ6 P13575,2026-08-07,P,1.3575,0.010700000,3,
2026-08-05,GBU,OPT,GBUQ6 P13600,2026-08-07,P,1.36,0.013100000,3,7
2026-08-05,GBU,OPT,GBUQ6 P13625,2026-08-07,P,1.3625,0.015600000,3,1
2026-08-05,GBU,OPT,GBUQ6 P13650,2026-08-07,P,1.365,0.018100000,3,164
2026-08-05,GBU,OPT,GBUQ6 P13675,2026-08-07,P,1.3675,0.020600000,3,
2026-08-05,GBU,OPT,GBUQ6 P13700,2026-08-07,P,1.37,0.023100000,3,59
2026-08-05,GBU,OPT,GBUQ6 P13725,2026-08-07,P,1.3725,0.025600000,3,
2026-08-05,GBU,OPT,GBUQ6 P13750,2026-08-07,P,1.375,0.028100000,3,
2026-08-05,GBU,OPT,GBUQ6 P13800,2026-08-07,P,1.38,0.033100000,3,
2026-08-05,GBU,OPT,GBUQ6 P13850,2026-08-07,P,1.385,0.038100000,3,
2026-08-05,GBU,OPT,GBUQ6 P13900,2026-08-07,P,1.39,0.043100000,3,1
2026-08-05,GBU,OPT,GBUQ6 P13950,2026-08-07,P,1.395,0.048100000,3,
2026-08-05,GBU,OPT,GBUQ6 P14000,2026-08-07,P,1.4,0.053100000,3,
2026-08-05,GBU,OPT,GBUQ6 P14050,2026-08-07,P,1.405,0.058100000,3,
2026-08-05,GBU,OPT,GBUQ6 P14100,2026-08-07,P,1.41,0.063100000,3,
2026-08-05,GBU,OPT,GBUQ6 P14150,2026-08-07,P,1.415,0.068100000,3,
2026-08-05,GBU,OPT,GBUQ6 P14200,2026-08-07,P,1.42,0.073100000,3,
2026-08-05,GBU,OPT,GBUQ6 P14250,2026-08-07,P,1.425,0.078100000,3,
2026-08-05,GBU,OPT,GBUQ6 P14300,2026-08-07,P,1.43,0.083100000,3,
2026-08-05,GBU,OPT,GBUQ6 P14350,2026-08-07,P,1.435,0.088100000,3,
2026-08-05,GBU,OPT,GBUQ6 P14400,2026-08-07,P,1.44,0.093100000,3,
2026-08-05,GBU,OPT,GBUQ6 P14450,2026-08-07,P,1.445,0.098100000,3,
2026-08-05,GBU,OPT,GBUQ6 P14500,2026-08-07,P,1.45,0.103100000,3,
2026-08-05,GBU,OPT,GBUQ6 P14600,2026-08-07,P,1.46,0.113100000,3,
2026-08-05,GBU,OPT,GBUQ6 P14700,2026-08-07,P,1.47,0.123100000,3,
2026-08-05,GBU,OPT,GBUQ6 P14800,2026-08-07,P,1.48,0.133100000,3,
2026-08-05,GBU,OPT,GBUQ6 P14900,2026-08-07,P,1.49,0.143100000,3,
2026-08-05,GBU,OPT,GBUQ6 P15000,2026-08-07,P,1.5,0.153100000,3,
2026-08-05,GBU,OPT,GBUQ6 P15100,2026-08-07,P,1.51,0.163100000,3,
2026-08-05,GBU,OPT,GBUQ6 P15200,2026-08-07,P,1.52,0.173100000,3,
2026-08-05,GBU,OPT,GBUQ6 P15300,2026-08-07,P,1.53,0.183100000,3,
2026-08-05,GBU,OPT,GBUQ6 P15400,2026-08-07,P,1.54,0.193100000,3,
2026-08-05,GBU,OPT,GBUQ6 P15500,2026-08-07,P,1.55,0.203100000,3,
2026-08-05,GBU,OPT,GBUQ6 P15600,2026-08-07,P,1.56,0.213100000,3,
2026-08-05,GBU,OPT,GBUQ6 P15700,2026-08-07,P,1.57,0.223100000,3,
2026-08-05,GBU,OPT,GBUQ6 P15800,2026-08-07,P,1.58,0.233100000,3,
2026-08-05,GBU,OPT,GBUU6 C10200,2026-09-04,C,1.02,0.325900000,3,
2026-08-05,GBU,OPT,GBUU6 C10300,2026-09-04,C,1.03,0.316000000,3,
2026-08-05,GBU,OPT,GBUU6 C10400,2026-09-04,C,1.04,0.306000000,3,
2026-08-05,GBU,OPT,GBUU6 C10500,2026-09-04,C,1.05,0.296000000,3,
2026-08-05,GBU,OPT,GBUU6 C10600,2026-09-04,C,1.06,0.286000000,3,
2026-08-05,GBU,OPT,GBUU6 C10700,2026-09-04,C,1.07,0.276100000,3,
2026-08-05,GBU,OPT,GBUU6 C10800,2026-09-04,C,1.08,0.266100000,3,
2026-08-05,GBU,OPT,GBUU6 C10900,2026-09-04,C,1.09,0.256100000,3,
2026-08-05,GBU,OPT,GBUU6 C11000,2026-09-04,C,1.1,0.246200000,3,
2026-08-05,GBU,OPT,GBUU6 C11100,2026-09-04,C,1.11,0.236200000,3,
2026-08-05,GBU,OPT,GBUU6 C11200,2026-09-04,C,1.12,0.226200000,3,
2026-08-05,GBU,OPT,GBUU6 C11300,2026-09-04,C,1.13,0.216300000,3,
2026-08-05,GBU,OPT,GBUU6 C11400,2026-09-04,C,1.14,0.206300000,3,
2026-08-05,GBU,OPT,GBUU6 C11500,2026-09-04,C,1.15,0.196300000,3,
2026-08-05,GBU,OPT,GBUU6 C11600,2026-09-04,C,1.16,0.186300000,3,
2026-08-05,GBU,OPT,GBUU6 C11650,2026-09-04,C,1.165,0.181400000,3,
2026-08-05,GBU,OPT,GBUU6 C11700,2026-09-04,C,1.17,0.176400000,3,
2026-08-05,GBU,OPT,GBUU6 C11750,2026-09-04,C,1.175,0.171400000,3,
2026-08-05,GBU,OPT,GBUU6 C11800,2026-09-04,C,1.18,0.166400000,3,
2026-08-05,GBU,OPT,GBUU6 C11850,2026-09-04,C,1.185,0.161400000,3,
2026-08-05,GBU,OPT,GBUU6 C11900,2026-09-04,C,1.19,0.156400000,3,
2026-08-05,GBU,OPT,GBUU6 C11950,2026-09-04,C,1.195,0.151400000,3,
2026-08-05,GBU,OPT,GBUU6 C12000,2026-09-04,C,1.2,0.146500000,3,1
2026-08-05,GBU,OPT,GBUU6 C12050,2026-09-04,C,1.205,0.141500000,3,
2026-08-05,GBU,OPT,GBUU6 C12100,2026-09-04,C,1.21,0.136500000,3,1
2026-08-05,GBU,OPT,GBUU6 C12150,2026-09-04,C,1.215,0.131500000,3,
2026-08-05,GBU,OPT,GBUU6 C12200,2026-09-04,C,1.22,0.126500000,3,
2026-08-05,GBU,OPT,GBUU6 C12250,2026-09-04,C,1.225,0.121500000,3,
2026-08-05,GBU,OPT,GBUU6 C12300,2026-09-04,C,1.23,0.116600000,3,
2026-08-05,GBU,OPT,GBUU6 C12350,2026-09-04,C,1.235,0.111600000,3,
2026-08-05,GBU,OPT,GBUU6 C12400,2026-09-04,C,1.24,0.106600000,3,
2026-08-05,GBU,OPT,GBUU6 C12450,2026-09-04,C,1.245,0.101600000,3,
2026-08-05,GBU,OPT,GBUU6 C12500,2026-09-04,C,1.25,0.096600000,3,
2026-08-05,GBU,OPT,GBUU6 C12550,2026-09-04,C,1.255,0.091600000,3,
2026-08-05,GBU,OPT,GBUU6 C12600,2026-09-04,C,1.26,0.086600000,3,
2026-08-05,GBU,OPT,GBUU6 C12650,2026-09-04,C,1.265,0.081700000,3,
2026-08-05,GBU,OPT,GBUU6 C12700,2026-09-04,C,1.27,0.076800000,3,1
2026-08-05,GBU,OPT,GBUU6 C12750,2026-09-04,C,1.275,0.071800000,3,
2026-08-05,GBU,OPT,GBUU6 C12800,2026-09-04,C,1.28,0.066800000,3,5
2026-08-05,GBU,OPT,GBUU6 C12850,2026-09-04,C,1.285,0.061900000,3,
2026-08-05,GBU,OPT,GBUU6 C12900,2026-09-04,C,1.29,0.057000000,3,9
2026-08-05,GBU,OPT,GBUU6 C12950,2026-09-04,C,1.295,0.052000000,3,
2026-08-05,GBU,OPT,GBUU6 C13000,2026-09-04,C,1.3,0.047200000,3,
2026-08-05,GBU,OPT,GBUU6 C13050,2026-09-04,C,1.305,0.042300000,3,
2026-08-05,GBU,OPT,GBUU6 C13100,2026-09-04,C,1.31,0.037600000,3,4
2026-08-05,GBU,OPT,GBUU6 C13150,2026-09-04,C,1.315,0.032900000,3,1
2026-08-05,GBU,OPT,GBUU6 C13200,2026-09-04,C,1.32,0.028400000,3,19
2026-08-05,GBU,OPT,GBUU6 C13250,2026-09-04,C,1.325,0.024000000,3,3
2026-08-05,GBU,OPT,GBUU6 C13300,2026-09-04,C,1.33,0.019900000,3,20
2026-08-05,GBU,OPT,GBUU6 C13350,2026-09-04,C,1.335,0.016000000,3,7
2026-08-05,GBU,OPT,GBUU6 C13400,2026-09-04,C,1.34,0.012500000,3,283
2026-08-05,GBU,OPT,GBUU6 C13450,2026-09-04,C,1.345,0.009400000,3,835
2026-08-05,GBU,OPT,GBUU6 C13500,2026-09-04,C,1.35,0.006800000,3,409
2026-08-05,GBU,OPT,GBUU6 C13550,2026-09-04,C,1.355,0.004800000,3,1163
2026-08-05,GBU,OPT,GBUU6 C13600,2026-09-04,C,1.36,0.003200000,3,1938
2026-08-05,GBU,OPT,GBUU6 C13650,2026-09-04,C,1.365,0.002100000,3,845
2026-08-05,GBU,OPT,GBUU6 C13700,2026-09-04,C,1.37,0.001400000,3,104
2026-08-05,GBU,OPT,GBUU6 C13750,2026-09-04,C,1.375,0.000900000,3,57
2026-08-05,GBU,OPT,GBUU6 C13800,2026-09-04,C,1.38,0.000600000,3,131
2026-08-05,GBU,OPT,GBUU6 C13850,2026-09-04,C,1.385,0.000400000,3,317
2026-08-05,GBU,OPT,GBUU6 C13900,2026-09-04,C,1.39,0.000300000,3,236
2026-08-05,GBU,OPT,GBUU6 C13950,2026-09-04,C,1.395,0.000200000,3,6
2026-08-05,GBU,OPT,GBUU6 C14000,2026-09-04,C,1.4,0.000100000,3,376
2026-08-05,GBU,OPT,GBUU6 C14050,2026-09-04,C,1.405,0.000100000,3,269
2026-08-05,GBU,OPT,GBUU6 C14100,2026-09-04,C,1.41,0.000100000,3,497
2026-08-05,GBU,OPT,GBUU6 C14150,2026-09-04,C,1.415,0.000100000,3,135
2026-08-05,GBU,OPT,GBUU6 C14200,2026-09-04,C,1.42,0.000100000,3,177
2026-08-05,GBU,OPT,GBUU6 C14250,2026-09-04,C,1.425,0.000100000,3,253
2026-08-05,GBU,OPT,GBUU6 C14300,2026-09-04,C,1.43,0.000100000,3,70
2026-08-05,GBU,OPT,GBUU6 C14400,2026-09-04,C,1.44,0.000100000,3,79
2026-08-05,GBU,OPT,GBUU6 C14500,2026-09-04,C,1.45,0.000100000,3,90
2026-08-05,GBU,OPT,GBUU6 C14600,2026-09-04,C,1.46,0.000100000,3,83
2026-08-05,GBU,OPT,GBUU6 C14700,2026-09-04,C,1.47,0.000100000,3,168
2026-08-05,GBU,OPT,GBUU6 C14800,2026-09-04,C,1.48,0.000100000,3,33
2026-08-05,GBU,OPT,GBUU6 C14900,2026-09-04,C,1.49,0.000100000,3,
2026-08-05,GBU,OPT,GBUU6 C15000,2026-09-04,C,1.5,0.000100000,3,
2026-08-05,GBU,OPT,GBUU6 C15100,2026-09-04,C,1.51,0.000100000,3,
2026-08-05,GBU,OPT,GBUU6 C15200,2026-09-04,C,1.52,0.000100000,3,
2026-08-05,GBU,OPT,GBUU6 C15300,2026-09-04,C,1.53,0.000100000,3,
2026-08-05,GBU,OPT,GBUU6 C15400,2026-09-04,C,1.54,0.000100000,3,4
2026-08-05,GBU,OPT,GBUU6 C15500,2026-09-04,C,1.55,0.000100000,3,
2026-08-05,GBU,OPT,GBUU6 C15600,2026-09-04,C,1.56,0.000100000,3,
2026-08-05,GBU,OPT,GBUU6 C15700,2026-09-04,C,1.57,0.000100000,3,
2026-08-05,GBU,OPT,GBUU6 C15800,2026-09-04,C,1.58,0.000100000,3,
2026-08-05,GBU,OPT,GBUU6 P10200,2026-09-04,P,1.02,0.000100000,3,4
2026-08-05,GBU,OPT,GBUU6 P10300,2026-09-04,P,1.03,0.000100000,3,
2026-08-05,GBU,OPT,GBUU6 P10400,2026-09-04,P,1.04,0.000100000,3,
2026-08-05,GBU,OPT,GBUU6 P10500,2026-09-04,P,1.05,0.000100000,3,
2026-08-05,GBU,OPT,GBUU6 P10600,2026-09-04,P,1.06,0.000100000,3,
2026-08-05,GBU,OPT,GBUU6 P10700,2026-09-04,P,1.07,0.000100000,3,
2026-08-05,GBU,OPT,GBUU6 P10800,2026-09-04,P,1.08,0.000100000,3,
2026-08-05,GBU,OPT,GBUU6 P10900,2026-09-04,P,1.09,0.000100000,3,
2026-08-05,GBU,OPT,GBUU6 P11000,2026-09-04,P,1.1,0.000100000,3,
2026-08-05,GBU,OPT,GBUU6 P11100,2026-09-04,P,1.11,0.000100000,3,
2026-08-05,GBU,OPT,GBUU6 P11200,2026-09-04,P,1.12,0.000100000,3,
2026-08-05,GBU,OPT,GBUU6 P11300,2026-09-04,P,1.13,0.000100000,3,
2026-08-05,GBU,OPT,GBUU6 P11400,2026-09-04,P,1.14,0.000100000,3,
2026-08-05,GBU,OPT,GBUU6 P11500,2026-09-04,P,1.15,0.000100000,3,20
2026-08-05,GBU,OPT,GBUU6 P11600,2026-09-04,P,1.16,0.000100000,3,19
2026-08-05,GBU,OPT,GBUU6 P11650,2026-09-04,P,1.165,0.000100000,3,
2026-08-05,GBU,OPT,GBUU6 P11700,2026-09-04,P,1.17,0.000100000,3,100
2026-08-05,GBU,OPT,GBUU6 P11750,2026-09-04,P,1.175,0.000100000,3,16
2026-08-05,GBU,OPT,GBUU6 P11800,2026-09-04,P,1.18,0.000100000,3,4
2026-08-05,GBU,OPT,GBUU6 P11850,2026-09-04,P,1.185,0.000100000,3,
2026-08-05,GBU,OPT,GBUU6 P11900,2026-09-04,P,1.19,0.000100000,3,24
2026-08-05,GBU,OPT,GBUU6 P11950,2026-09-04,P,1.195,0.000100000,3,
2026-08-05,GBU,OPT,GBUU6 P12000,2026-09-04,P,1.2,0.000100000,3,84
2026-08-05,GBU,OPT,GBUU6 P12050,2026-09-04,P,1.205,0.000100000,3,15
2026-08-05,GBU,OPT,GBUU6 P12100,2026-09-04,P,1.21,0.000100000,3,3
2026-08-05,GBU,OPT,GBUU6 P12150,2026-09-04,P,1.215,0.000100000,3,
2026-08-05,GBU,OPT,GBUU6 P12200,2026-09-04,P,1.22,0.000100000,3,4
2026-08-05,GBU,OPT,GBUU6 P12250,2026-09-04,P,1.225,0.000100000,3,4
2026-08-05,GBU,OPT,GBUU6 P12300,2026-09-04,P,1.23,0.000100000,3,39
2026-08-05,GBU,OPT,GBUU6 P12350,2026-09-04,P,1.235,0.000100000,3,54
2026-08-05,GBU,OPT,GBUU6 P12400,2026-09-04,P,1.24,0.000100000,3,17
2026-08-05,GBU,OPT,GBUU6 P12450,2026-09-04,P,1.245,0.000100000,3,36
2026-08-05,GBU,OPT,GBUU6 P12500,2026-09-04,P,1.25,0.000100000,3,247
2026-08-05,GBU,OPT,GBUU6 P12550,2026-09-04,P,1.255,0.000100000,3,56
2026-08-05,GBU,OPT,GBUU6 P12600,2026-09-04,P,1.26,0.000100000,3,112
2026-08-05,GBU,OPT,GBUU6 P12650,2026-09-04,P,1.265,0.000100000,3,12
2026-08-05,GBU,OPT,GBUU6 P12700,2026-09-04,P,1.27,0.000100000,3,240
2026-08-05,GBU,OPT,GBUU6 P12750,2026-09-04,P,1.275,0.000100000,3,112
2026-08-05,GBU,OPT,GBUU6 P12800,2026-09-04,P,1.28,0.000100000,3,144
2026-08-05,GBU,OPT,GBUU6 P12850,2026-09-04,P,1.285,0.000200000,3,643
2026-08-05,GBU,OPT,GBUU6 P12900,2026-09-04,P,1.29,0.000200000,3,417
2026-08-05,GBU,OPT,GBUU6 P12950,2026-09-04,P,1.295,0.000300000,3,31
2026-08-05,GBU,OPT,GBUU6 P13000,2026-09-04,P,1.3,0.000400000,3,523
2026-08-05,GBU,OPT,GBUU6 P13050,2026-09-04,P,1.305,0.000600000,3,98
2026-08-05,GBU,OPT,GBUU6 P13100,2026-09-04,P,1.31,0.000800000,3,116
2026-08-05,GBU,OPT,GBUU6 P13150,2026-09-04,P,1.315,0.001100000,3,1446
2026-08-05,GBU,OPT,GBUU6 P13200,2026-09-04,P,1.32,0.001600000,3,1100
2026-08-05,GBU,OPT,GBUU6 P13250,2026-09-04,P,1.325,0.002200000,3,400
2026-08-05,GBU,OPT,GBUU6 P13300,2026-09-04,P,1.33,0.003000000,3,1107
2026-08-05,GBU,OPT,GBUU6 P13350,2026-09-04,P,1.335,0.004200000,3,1386
2026-08-05,GBU,OPT,GBUU6 P13400,2026-09-04,P,1.34,0.005600000,3,1233
2026-08-05,GBU,OPT,GBUU6 P13450,2026-09-04,P,1.345,0.007500000,3,47
2026-08-05,GBU,OPT,GBUU6 P13500,2026-09-04,P,1.35,0.009900000,3,67
2026-08-05,GBU,OPT,GBUU6 P13550,2026-09-04,P,1.355,0.012800000,3,41
2026-08-05,GBU,OPT,GBUU6 P13600,2026-09-04,P,1.36,0.016300000,3,44
2026-08-05,GBU,OPT,GBUU6 P13650,2026-09-04,P,1.365,0.020200000,3,
2026-08-05,GBU,OPT,GBUU6 P13700,2026-09-04,P,1.37,0.024400000,3,7
2026-08-05,GBU,OPT,GBUU6 P13750,2026-09-04,P,1.375,0.028900000,3,
2026-08-05,GBU,OPT,GBUU6 P13800,2026-09-04,P,1.38,0.033600000,3,6
2026-08-05,GBU,OPT,GBUU6 P13850,2026-09-04,P,1.385,0.038400000,3,
2026-08-05,GBU,OPT,GBUU6 P13900,2026-09-04,P,1.39,0.043200000,3,4
2026-08-05,GBU,OPT,GBUU6 P13950,2026-09-04,P,1.395,0.048100000,3,
2026-08-05,GBU,OPT,GBUU6 P14000,2026-09-04,P,1.4,0.053100000,3,3
2026-08-05,GBU,OPT,GBUU6 P14050,2026-09-04,P,1.405,0.058000000,3,1
2026-08-05,GBU,OPT,GBUU6 P14100,2026-09-04,P,1.41,0.063000000,3,
2026-08-05,GBU,OPT,GBUU6 P14150,2026-09-04,P,1.415,0.067900000,3,
2026-08-05,GBU,OPT,GBUU6 P14200,2026-09-04,P,1.42,0.072900000,3,
2026-08-05,GBU,OPT,GBUU6 P14250,2026-09-04,P,1.425,0.077900000,3,
2026-08-05,GBU,OPT,GBUU6 P14300,2026-09-04,P,1.43,0.082900000,3,
2026-08-05,GBU,OPT,GBUU6 P14400,2026-09-04,P,1.44,0.092800000,3,
2026-08-05,GBU,OPT,GBUU6 P14500,2026-09-04,P,1.45,0.102800000,3,
2026-08-05,GBU,OPT,GBUU6 P14600,2026-09-04,P,1.46,0.112800000,3,1
2026-08-05,GBU,OPT,GBUU6 P14700,2026-09-04,P,1.47,0.122700000,3,1
2026-08-05,GBU,OPT,GBUU6 P14800,2026-09-04,P,1.48,0.132700000,3,
2026-08-05,GBU,OPT,GBUU6 P14900,2026-09-04,P,1.49,0.142700000,3,
2026-08-05,GBU,OPT,GBUU6 P15000,2026-09-04,P,1.5,0.152600000,3,560
2026-08-05,GBU,OPT,GBUU6 P15100,2026-09-04,P,1.51,0.162600000,3,
2026-08-05,GBU,OPT,GBUU6 P15200,2026-09-04,P,1.52,0.172600000,3,
2026-08-05,GBU,OPT,GBUU6 P15300,2026-09-04,P,1.53,0.182600000,3,
2026-08-05,GBU,OPT,GBUU6 P15400,2026-09-04,P,1.54,0.192500000,3,
2026-08-05,GBU,OPT,GBUU6 P15500,2026-09-04,P,1.55,0.202500000,3,
2026-08-05,GBU,OPT,GBUU6 P15600,2026-09-04,P,1.56,0.212500000,3,
2026-08-05,GBU,OPT,GBUU6 P15700,2026-09-04,P,1.57,0.222400000,3,
2026-08-05,GBU,OPT,GBUU6 P15800,2026-09-04,P,1.58,0.232400000,3,
2026-08-05,GBU,OPT,GBUV6 C11000,2026-10-09,C,1.1,0.245400000,3,
2026-08-05,GBU,OPT,GBUV6 C11100,2026-10-09,C,1.11,0.235500000,3,
2026-08-05,GBU,OPT,GBUV6 C11200,2026-10-09,C,1.12,0.225500000,3,
2026-08-05,GBU,OPT,GBUV6 C11300,2026-10-09,C,1.13,0.215600000,3,
2026-08-05,GBU,OPT,GBUV6 C11400,2026-10-09,C,1.14,0.205700000,3,
2026-08-05,GBU,OPT,GBUV6 C11500,2026-10-09,C,1.15,0.195700000,3,
2026-08-05,GBU,OPT,GBUV6 C11600,2026-10-09,C,1.16,0.185800000,3,
2026-08-05,GBU,OPT,GBUV6 C11700,2026-10-09,C,1.17,0.175800000,3,
2026-08-05,GBU,OPT,GBUV6 C11800,2026-10-09,C,1.18,0.165900000,3,
2026-08-05,GBU,OPT,GBUV6 C11900,2026-10-09,C,1.19,0.156000000,3,
2026-08-05,GBU,OPT,GBUV6 C12000,2026-10-09,C,1.2,0.146100000,3,
2026-08-05,GBU,OPT,GBUV6 C12100,2026-10-09,C,1.21,0.136200000,3,
2026-08-05,GBU,OPT,GBUV6 C12200,2026-10-09,C,1.22,0.126300000,3,
2026-08-05,GBU,OPT,GBUV6 C12300,2026-10-09,C,1.23,0.116500000,3,
2026-08-05,GBU,OPT,GBUV6 C12400,2026-10-09,C,1.24,0.106600000,3,
2026-08-05,GBU,OPT,GBUV6 C12500,2026-10-09,C,1.25,0.096700000,3,
2026-08-05,GBU,OPT,GBUV6 C12550,2026-10-09,C,1.255,0.091800000,3,
2026-08-05,GBU,OPT,GBUV6 C12600,2026-10-09,C,1.26,0.087000000,3,
2026-08-05,GBU,OPT,GBUV6 C12650,2026-10-09,C,1.265,0.082100000,3,
2026-08-05,GBU,OPT,GBUV6 C12700,2026-10-09,C,1.27,0.077100000,3,
2026-08-05,GBU,OPT,GBUV6 C12750,2026-10-09,C,1.275,0.072300000,3,
2026-08-05,GBU,OPT,GBUV6 C12800,2026-10-09,C,1.28,0.067500000,3,
2026-08-05,GBU,OPT,GBUV6 C12850,2026-10-09,C,1.285,0.062700000,3,
2026-08-05,GBU,OPT,GBUV6 C12900,2026-10-09,C,1.29,0.058000000,3,2
2026-08-05,GBU,OPT,GBUV6 C12950,2026-10-09,C,1.295,0.053400000,3,
2026-08-05,GBU,OPT,GBUV6 C13000,2026-10-09,C,1.3,0.048900000,3,1
2026-08-05,GBU,OPT,GBUV6 C13050,2026-10-09,C,1.305,0.044300000,3,3
2026-08-05,GBU,OPT,GBUV6 C13100,2026-10-09,C,1.31,0.039900000,3,36
2026-08-05,GBU,OPT,GBUV6 C13150,2026-10-09,C,1.315,0.035500000,3,1
2026-08-05,GBU,OPT,GBUV6 C13200,2026-10-09,C,1.32,0.031400000,3,501
2026-08-05,GBU,OPT,GBUV6 C13250,2026-10-09,C,1.325,0.027400000,3,1
2026-08-05,GBU,OPT,GBUV6 C13300,2026-10-09,C,1.33,0.023700000,3,3
2026-08-05,GBU,OPT,GBUV6 C13350,2026-10-09,C,1.335,0.020200000,3,54
2026-08-05,GBU,OPT,GBUV6 C13400,2026-10-09,C,1.34,0.017000000,3,803
2026-08-05,GBU,OPT,GBUV6 C13450,2026-10-09,C,1.345,0.014000000,3,62
2026-08-05,GBU,OPT,GBUV6 C13500,2026-10-09,C,1.35,0.011400000,3,1344
2026-08-05,GBU,OPT,GBUV6 C13550,2026-10-09,C,1.355,0.009100000,3,676
2026-08-05,GBU,OPT,GBUV6 C13600,2026-10-09,C,1.36,0.007200000,3,1626
2026-08-05,GBU,OPT,GBUV6 C13650,2026-10-09,C,1.365,0.005600000,3,864
2026-08-05,GBU,OPT,GBUV6 C13700,2026-10-09,C,1.37,0.004300000,3,1345
2026-08-05,GBU,OPT,GBUV6 C13750,2026-10-09,C,1.375,0.003300000,3,287
2026-08-05,GBU,OPT,GBUV6 C13800,2026-10-09,C,1.38,0.002500000,3,20
2026-08-05,GBU,OPT,GBUV6 C13850,2026-10-09,C,1.385,0.001900000,3,14
2026-08-05,GBU,OPT,GBUV6 C13900,2026-10-09,C,1.39,0.001400000,3,27
2026-08-05,GBU,OPT,GBUV6 C13950,2026-10-09,C,1.395,0.001100000,3,20
2026-08-05,GBU,OPT,GBUV6 C14000,2026-10-09,C,1.4,0.000800000,3,25
2026-08-05,GBU,OPT,GBUV6 C14050,2026-10-09,C,1.405,0.000600000,3,4
2026-08-05,GBU,OPT,GBUV6 C14100,2026-10-09,C,1.41,0.000400000,3,8
2026-08-05,GBU,OPT,GBUV6 C14150,2026-10-09,C,1.415,0.000300000,3,
2026-08-05,GBU,OPT,GBUV6 C14200,2026-10-09,C,1.42,0.000200000,3,4
2026-08-05,GBU,OPT,GBUV6 C14250,2026-10-09,C,1.425,0.000200000,3,3
2026-08-05,GBU,OPT,GBUV6 C14300,2026-10-09,C,1.43,0.000100000,3,4
2026-08-05,GBU,OPT,GBUV6 C14400,2026-10-09,C,1.44,0.000100000,3,80
2026-08-05,GBU,OPT,GBUV6 C14500,2026-10-09,C,1.45,0.000100000,3,11
2026-08-05,GBU,OPT,GBUV6 C14600,2026-10-09,C,1.46,0.000100000,3,2
2026-08-05,GBU,OPT,GBUV6 C14700,2026-10-09,C,1.47,0.000100000,3,1
2026-08-05,GBU,OPT,GBUV6 C14800,2026-10-09,C,1.48,0.000100000,3,
2026-08-05,GBU,OPT,GBUV6 C14900,2026-10-09,C,1.49,0.000100000,3,15
2026-08-05,GBU,OPT,GBUV6 C15000,2026-10-09,C,1.5,0.000100000,3,36
2026-08-05,GBU,OPT,GBUV6 C15100,2026-10-09,C,1.51,0.000100000,3,
2026-08-05,GBU,OPT,GBUV6 C15200,2026-10-09,C,1.52,0.000100000,3,
2026-08-05,GBU,OPT,GBUV6 C15300,2026-10-09,C,1.53,0.000100000,3,
2026-08-05,GBU,OPT,GBUV6 C15400,2026-10-09,C,1.54,0.000100000,3,
2026-08-05,GBU,OPT,GBUV6 C15500,2026-10-09,C,1.55,0.000100000,3,1
2026-08-05,GBU,OPT,GBUV6 C15600,2026-10-09,C,1.56,0.000100000,3,
2026-08-05,GBU,OPT,GBUV6 C15700,2026-10-09,C,1.57,0.000100000,3,
2026-08-05,GBU,OPT,GBUV6 C15800,2026-10-09,C,1.58,0.000100000,3,
2026-08-05,GBU,OPT,GBUV6 P11000,2026-10-09,P,1.1,0.000100000,3,
2026-08-05,GBU,OPT,GBUV6 P11100,2026-10-09,P,1.11,0.000100000,3,
2026-08-05,GBU,OPT,GBUV6 P11200,2026-10-09,P,1.12,0.000100000,3,15
2026-08-05,GBU,OPT,GBUV6 P11300,2026-10-09,P,1.13,0.000100000,3,1
2026-08-05,GBU,OPT,GBUV6 P11400,2026-10-09,P,1.14,0.000100000,3,27
2026-08-05,GBU,OPT,GBUV6 P11500,2026-10-09,P,1.15,0.000100000,3,17
2026-08-05,GBU,OPT,GBUV6 P11600,2026-10-09,P,1.16,0.000100000,3,15
2026-08-05,GBU,OPT,GBUV6 P11700,2026-10-09,P,1.17,0.000100000,3,15
2026-08-05,GBU,OPT,GBUV6 P11800,2026-10-09,P,1.18,0.000100000,3,15
2026-08-05,GBU,OPT,GBUV6 P11900,2026-10-09,P,1.19,0.000100000,3,15
2026-08-05,GBU,OPT,GBUV6 P12000,2026-10-09,P,1.2,0.000100000,3,16
2026-08-05,GBU,OPT,GBUV6 P12100,2026-10-09,P,1.21,0.000100000,3,
2026-08-05,GBU,OPT,GBUV6 P12200,2026-10-09,P,1.22,0.000200000,3,1
2026-08-05,GBU,OPT,GBUV6 P12300,2026-10-09,P,1.23,0.000300000,3,1
2026-08-05,GBU,OPT,GBUV6 P12400,2026-10-09,P,1.24,0.000300000,3,2
2026-08-05,GBU,OPT,GBUV6 P12500,2026-10-09,P,1.25,0.000300000,3,3
2026-08-05,GBU,OPT,GBUV6 P12550,2026-10-09,P,1.255,0.000400000,3,67
2026-08-05,GBU,OPT,GBUV6 P12600,2026-10-09,P,1.26,0.000500000,3,12
2026-08-05,GBU,OPT,GBUV6 P12650,2026-10-09,P,1.265,0.000600000,3,11
2026-08-05,GBU,OPT,GBUV6 P12700,2026-10-09,P,1.27,0.000600000,3,22
2026-08-05,GBU,OPT,GBUV6 P12750,2026-10-09,P,1.275,0.000800000,3,6
2026-08-05,GBU,OPT,GBUV6 P12800,2026-10-09,P,1.28,0.000900000,3,5
2026-08-05,GBU,OPT,GBUV6 P12850,2026-10-09,P,1.285,0.001100000,3,20
2026-08-05,GBU,OPT,GBUV6 P12900,2026-10-09,P,1.29,0.001400000,3,25
2026-08-05,GBU,OPT,GBUV6 P12950,2026-10-09,P,1.295,0.001800000,3,10
2026-08-05,GBU,OPT,GBUV6 P13000,2026-10-09,P,1.3,0.002200000,3,119
2026-08-05,GBU,OPT,GBUV6 P13050,2026-10-09,P,1.305,0.002600000,3,419
2026-08-05,GBU,OPT,GBUV6 P13100,2026-10-09,P,1.31,0.003100000,3,17
2026-08-05,GBU,OPT,GBUV6 P13150,2026-10-09,P,1.315,0.003800000,3,51
2026-08-05,GBU,OPT,GBUV6 P13200,2026-10-09,P,1.32,0.004500000,3,314
2026-08-05,GBU,OPT,GBUV6 P13250,2026-10-09,P,1.325,0.005500000,3,1280
2026-08-05,GBU,OPT,GBUV6 P13300,2026-10-09,P,1.33,0.006800000,3,1034
2026-08-05,GBU,OPT,GBUV6 P13350,2026-10-09,P,1.335,0.008200000,3,64
2026-08-05,GBU,OPT,GBUV6 P13400,2026-10-09,P,1.34,0.010000000,3,400
2026-08-05,GBU,OPT,GBUV6 P13450,2026-10-09,P,1.345,0.012100000,3,880
2026-08-05,GBU,OPT,GBUV6 P13500,2026-10-09,P,1.35,0.014400000,3,389
2026-08-05,GBU,OPT,GBUV6 P13550,2026-10-09,P,1.355,0.017100000,3,1851
2026-08-05,GBU,OPT,GBUV6 P13600,2026-10-09,P,1.36,0.020100000,3,1821
2026-08-05,GBU,OPT,GBUV6 P13650,2026-10-09,P,1.365,0.023500000,3,
2026-08-05,GBU,OPT,GBUV6 P13700,2026-10-09,P,1.37,0.027200000,3,
2026-08-05,GBU,OPT,GBUV6 P13750,2026-10-09,P,1.375,0.031100000,3,
2026-08-05,GBU,OPT,GBUV6 P13800,2026-10-09,P,1.38,0.035300000,3,
2026-08-05,GBU,OPT,GBUV6 P13850,2026-10-09,P,1.385,0.039700000,3,
2026-08-05,GBU,OPT,GBUV6 P13900,2026-10-09,P,1.39,0.044200000,3,1
2026-08-05,GBU,OPT,GBUV6 P13950,2026-10-09,P,1.395,0.048800000,3,
2026-08-05,GBU,OPT,GBUV6 P14000,2026-10-09,P,1.4,0.053500000,3,
2026-08-05,GBU,OPT,GBUV6 P14050,2026-10-09,P,1.405,0.058200000,3,
2026-08-05,GBU,OPT,GBUV6 P14100,2026-10-09,P,1.41,0.063000000,3,1
2026-08-05,GBU,OPT,GBUV6 P14150,2026-10-09,P,1.415,0.067900000,3,
2026-08-05,GBU,OPT,GBUV6 P14200,2026-10-09,P,1.42,0.072700000,3,
2026-08-05,GBU,OPT,GBUV6 P14250,2026-10-09,P,1.425,0.077600000,3,
2026-08-05,GBU,OPT,GBUV6 P14300,2026-10-09,P,1.43,0.082600000,3,
2026-08-05,GBU,OPT,GBUV6 P14400,2026-10-09,P,1.44,0.092400000,3,
2026-08-05,GBU,OPT,GBUV6 P14500,2026-10-09,P,1.45,0.102300000,3,
2026-08-05,GBU,OPT,GBUV6 P14600,2026-10-09,P,1.46,0.112300000,3,
2026-08-05,GBU,OPT,GBUV6 P14700,2026-10-09,P,1.47,0.122200000,3,
2026-08-05,GBU,OPT,GBUV6 P14800,2026-10-09,P,1.48,0.132100000,3,
2026-08-05,GBU,OPT,GBUV6 P14900,2026-10-09,P,1.49,0.142100000,3,
2026-08-05,GBU,OPT,GBUV6 P15000,2026-10-09,P,1.5,0.152000000,3,
2026-08-05,GBU,OPT,GBUV6 P15100,2026-10-09,P,1.51,0.161900000,3,
2026-08-05,GBU,OPT,GBUV6 P15200,2026-10-09,P,1.52,0.171900000,3,
2026-08-05,GBU,OPT,GBUV6 P15300,2026-10-09,P,1.53,0.181800000,3,
2026-08-05,GBU,OPT,GBUV6 P15400,2026-10-09,P,1.54,0.191700000,3,
2026-08-05,GBU,OPT,GBUV6 P15500,2026-10-09,P,1.55,0.201700000,3,
2026-08-05,GBU,OPT,GBUV6 P15600,2026-10-09,P,1.56,0.211600000,3,
2026-08-05,GBU,OPT,GBUV6 P15700,2026-10-09,P,1.57,0.221500000,3,
2026-08-05,GBU,OPT,GBUV6 P15800,2026-10-09,P,1.58,0.231500000,3,
2026-08-05,GBU,OPT,GBUX6 C11100,2026-11-06,C,1.11,0.234800000,3,
2026-08-05,GBU,OPT,GBUX6 C11200,2026-11-06,C,1.12,0.224900000,3,
2026-08-05,GBU,OPT,GBUX6 C11300,2026-11-06,C,1.13,0.215000000,3,
2026-08-05,GBU,OPT,GBUX6 C11400,2026-11-06,C,1.14,0.205200000,3,
2026-08-05,GBU,OPT,GBUX6 C11500,2026-11-06,C,1.15,0.195300000,3,
2026-08-05,GBU,OPT,GBUX6 C11600,2026-11-06,C,1.16,0.185400000,3,
2026-08-05,GBU,OPT,GBUX6 C11700,2026-11-06,C,1.17,0.175500000,3,
2026-08-05,GBU,OPT,GBUX6 C11800,2026-11-06,C,1.18,0.165600000,3,
2026-08-05,GBU,OPT,GBUX6 C11900,2026-11-06,C,1.19,0.155700000,3,
2026-08-05,GBU,OPT,GBUX6 C12000,2026-11-06,C,1.2,0.145900000,3,
2026-08-05,GBU,OPT,GBUX6 C12100,2026-11-06,C,1.21,0.136100000,3,
2026-08-05,GBU,OPT,GBUX6 C12200,2026-11-06,C,1.22,0.126300000,3,
2026-08-05,GBU,OPT,GBUX6 C12300,2026-11-06,C,1.23,0.116500000,3,
2026-08-05,GBU,OPT,GBUX6 C12400,2026-11-06,C,1.24,0.106700000,3,
2026-08-05,GBU,OPT,GBUX6 C12500,2026-11-06,C,1.25,0.097000000,3,1
2026-08-05,GBU,OPT,GBUX6 C12550,2026-11-06,C,1.255,0.092200000,3,
2026-08-05,GBU,OPT,GBUX6 C12600,2026-11-06,C,1.26,0.087400000,3,
2026-08-05,GBU,OPT,GBUX6 C12650,2026-11-06,C,1.265,0.082600000,3,
2026-08-05,GBU,OPT,GBUX6 C12700,2026-11-06,C,1.27,0.077800000,3,
2026-08-05,GBU,OPT,GBUX6 C12750,2026-11-06,C,1.275,0.073100000,3,
2026-08-05,GBU,OPT,GBUX6 C12800,2026-11-06,C,1.28,0.068500000,3,
2026-08-05,GBU,OPT,GBUX6 C12850,2026-11-06,C,1.285,0.063900000,3,
2026-08-05,GBU,OPT,GBUX6 C12900,2026-11-06,C,1.29,0.059300000,3,
2026-08-05,GBU,OPT,GBUX6 C12950,2026-11-06,C,1.295,0.054900000,3,
2026-08-05,GBU,OPT,GBUX6 C13000,2026-11-06,C,1.3,0.050500000,3,6
2026-08-05,GBU,OPT,GBUX6 C13050,2026-11-06,C,1.305,0.046300000,3,
2026-08-05,GBU,OPT,GBUX6 C13100,2026-11-06,C,1.31,0.042200000,3,
2026-08-05,GBU,OPT,GBUX6 C13150,2026-11-06,C,1.315,0.038100000,3,
2026-08-05,GBU,OPT,GBUX6 C13200,2026-11-06,C,1.32,0.034200000,3,13
2026-08-05,GBU,OPT,GBUX6 C13250,2026-11-06,C,1.325,0.030500000,3,16
2026-08-05,GBU,OPT,GBUX6 C13300,2026-11-06,C,1.33,0.027000000,3,5
2026-08-05,GBU,OPT,GBUX6 C13350,2026-11-06,C,1.335,0.023600000,3,29
2026-08-05,GBU,OPT,GBUX6 C13400,2026-11-06,C,1.34,0.020500000,3,799
2026-08-05,GBU,OPT,GBUX6 C13450,2026-11-06,C,1.345,0.017600000,3,192
2026-08-05,GBU,OPT,GBUX6 C13500,2026-11-06,C,1.35,0.015000000,3,82
2026-08-05,GBU,OPT,GBUX6 C13550,2026-11-06,C,1.355,0.012600000,3,237
2026-08-05,GBU,OPT,GBUX6 C13600,2026-11-06,C,1.36,0.010600000,3,32
2026-08-05,GBU,OPT,GBUX6 C13650,2026-11-06,C,1.365,0.008700000,3,302
2026-08-05,GBU,OPT,GBUX6 C13700,2026-11-06,C,1.37,0.007100000,3,323
2026-08-05,GBU,OPT,GBUX6 C13750,2026-11-06,C,1.375,0.005800000,3,2
2026-08-05,GBU,OPT,GBUX6 C13800,2026-11-06,C,1.38,0.004700000,3,12
2026-08-05,GBU,OPT,GBUX6 C13850,2026-11-06,C,1.385,0.003800000,3,
2026-08-05,GBU,OPT,GBUX6 C13900,2026-11-06,C,1.39,0.003000000,3,5
2026-08-05,GBU,OPT,GBUX6 C13950,2026-11-06,C,1.395,0.002400000,3,1
2026-08-05,GBU,OPT,GBUX6 C14000,2026-11-06,C,1.4,0.001900000,3,15
2026-08-05,GBU,OPT,GBUX6 C14050,2026-11-06,C,1.405,0.001500000,3,
2026-08-05,GBU,OPT,GBUX6 C14100,2026-11-06,C,1.41,0.001200000,3,7
2026-08-05,GBU,OPT,GBUX6 C14150,2026-11-06,C,1.415,0.001000000,3,24
2026-08-05,GBU,OPT,GBUX6 C14200,2026-11-06,C,1.42,0.000800000,3,19
2026-08-05,GBU,OPT,GBUX6 C14250,2026-11-06,C,1.425,0.000600000,3,16
2026-08-05,GBU,OPT,GBUX6 C14300,2026-11-06,C,1.43,0.000500000,3,1518
2026-08-05,GBU,OPT,GBUX6 C14400,2026-11-06,C,1.44,0.000300000,3,1
2026-08-05,GBU,OPT,GBUX6 C14500,2026-11-06,C,1.45,0.000200000,3,16
2026-08-05,GBU,OPT,GBUX6 C14600,2026-11-06,C,1.46,0.000100000,3,16
2026-08-05,GBU,OPT,GBUX6 C14700,2026-11-06,C,1.47,0.000100000,3,17
2026-08-05,GBU,OPT,GBUX6 C14800,2026-11-06,C,1.48,0.000100000,3,18
2026-08-05,GBU,OPT,GBUX6 C14900,2026-11-06,C,1.49,0.000100000,3,18
2026-08-05,GBU,OPT,GBUX6 C15000,2026-11-06,C,1.5,0.000100000,3,19
2026-08-05,GBU,OPT,GBUX6 C15100,2026-11-06,C,1.51,0.000100000,3,15
2026-08-05,GBU,OPT,GBUX6 C15200,2026-11-06,C,1.52,0.000100000,3,
2026-08-05,GBU,OPT,GBUX6 C15300,2026-11-06,C,1.53,0.000100000,3,
2026-08-05,GBU,OPT,GBUX6 C15400,2026-11-06,C,1.54,0.000100000,3,
2026-08-05,GBU,OPT,GBUX6 C15500,2026-11-06,C,1.55,0.000100000,3,
2026-08-05,GBU,OPT,GBUX6 C15600,2026-11-06,C,1.56,0.000100000,3,
2026-08-05,GBU,OPT,GBUX6 C15700,2026-11-06,C,1.57,0.000100000,3,
2026-08-05,GBU,OPT,GBUX6 C15800,2026-11-06,C,1.58,0.000100000,3,
2026-08-05,GBU,OPT,GBUX6 P11100,2026-11-06,P,1.11,0.000100000,3,
2026-08-05,GBU,OPT,GBUX6 P11200,2026-11-06,P,1.12,0.000100000,3,
2026-08-05,GBU,OPT,GBUX6 P11300,2026-11-06,P,1.13,0.000100000,3,1
2026-08-05,GBU,OPT,GBUX6 P11400,2026-11-06,P,1.14,0.000100000,3,1
2026-08-05,GBU,OPT,GBUX6 P11500,2026-11-06,P,1.15,0.000100000,3,
2026-08-05,GBU,OPT,GBUX6 P11600,2026-11-06,P,1.16,0.000200000,3,
2026-08-05,GBU,OPT,GBUX6 P11700,2026-11-06,P,1.17,0.000200000,3,
2026-08-05,GBU,OPT,GBUX6 P11800,2026-11-06,P,1.18,0.000200000,3,15
2026-08-05,GBU,OPT,GBUX6 P11900,2026-11-06,P,1.19,0.000200000,3,15
2026-08-05,GBU,OPT,GBUX6 P12000,2026-11-06,P,1.2,0.000300000,3,16
2026-08-05,GBU,OPT,GBUX6 P12100,2026-11-06,P,1.21,0.000400000,3,18
2026-08-05,GBU,OPT,GBUX6 P12200,2026-11-06,P,1.22,0.000500000,3,16
2026-08-05,GBU,OPT,GBUX6 P12300,2026-11-06,P,1.23,0.000600000,3,4
2026-08-05,GBU,OPT,GBUX6 P12400,2026-11-06,P,1.24,0.000700000,3,7
2026-08-05,GBU,OPT,GBUX6 P12500,2026-11-06,P,1.25,0.000900000,3,3
2026-08-05,GBU,OPT,GBUX6 P12550,2026-11-06,P,1.255,0.001000000,3,
2026-08-05,GBU,OPT,GBUX6 P12600,2026-11-06,P,1.26,0.001200000,3,9
2026-08-05,GBU,OPT,GBUX6 P12650,2026-11-06,P,1.265,0.001400000,3,1
2026-08-05,GBU,OPT,GBUX6 P12700,2026-11-06,P,1.27,0.001600000,3,2
2026-08-05,GBU,OPT,GBUX6 P12750,2026-11-06,P,1.275,0.001800000,3,1
2026-08-05,GBU,OPT,GBUX6 P12800,2026-11-06,P,1.28,0.002100000,3,21
2026-08-05,GBU,OPT,GBUX6 P12850,2026-11-06,P,1.285,0.002500000,3,15
2026-08-05,GBU,OPT,GBUX6 P12900,2026-11-06,P,1.29,0.002900000,3,2
2026-08-05,GBU,OPT,GBUX6 P12950,2026-11-06,P,1.295,0.003400000,3,650
2026-08-05,GBU,OPT,GBUX6 P13000,2026-11-06,P,1.3,0.004000000,3,20
2026-08-05,GBU,OPT,GBUX6 P13050,2026-11-06,P,1.305,0.004700000,3,3
2026-08-05,GBU,OPT,GBUX6 P13100,2026-11-06,P,1.31,0.005500000,3,4
2026-08-05,GBU,OPT,GBUX6 P13150,2026-11-06,P,1.315,0.006400000,3,4
2026-08-05,GBU,OPT,GBUX6 P13200,2026-11-06,P,1.32,0.007500000,3,21
2026-08-05,GBU,OPT,GBUX6 P13250,2026-11-06,P,1.325,0.008700000,3,47
2026-08-05,GBU,OPT,GBUX6 P13300,2026-11-06,P,1.33,0.010100000,3,4
2026-08-05,GBU,OPT,GBUX6 P13350,2026-11-06,P,1.335,0.011700000,3,43
2026-08-05,GBU,OPT,GBUX6 P13400,2026-11-06,P,1.34,0.013600000,3,5
2026-08-05,GBU,OPT,GBUX6 P13450,2026-11-06,P,1.345,0.015600000,3,1
2026-08-05,GBU,OPT,GBUX6 P13500,2026-11-06,P,1.35,0.018000000,3,52
2026-08-05,GBU,OPT,GBUX6 P13550,2026-11-06,P,1.355,0.020600000,3,
2026-08-05,GBU,OPT,GBUX6 P13600,2026-11-06,P,1.36,0.023400000,3,151
2026-08-05,GBU,OPT,GBUX6 P13650,2026-11-06,P,1.365,0.026600000,3,222
2026-08-05,GBU,OPT,GBUX6 P13700,2026-11-06,P,1.37,0.029900000,3,66
2026-08-05,GBU,OPT,GBUX6 P13750,2026-11-06,P,1.375,0.033500000,3,
2026-08-05,GBU,OPT,GBUX6 P13800,2026-11-06,P,1.38,0.037400000,3,
2026-08-05,GBU,OPT,GBUX6 P13850,2026-11-06,P,1.385,0.041400000,3,
2026-08-05,GBU,OPT,GBUX6 P13900,2026-11-06,P,1.39,0.045600000,3,
2026-08-05,GBU,OPT,GBUX6 P13950,2026-11-06,P,1.395,0.049900000,3,
2026-08-05,GBU,OPT,GBUX6 P14000,2026-11-06,P,1.4,0.054400000,3,
2026-08-05,GBU,OPT,GBUX6 P14050,2026-11-06,P,1.405,0.059000000,3,
2026-08-05,GBU,OPT,GBUX6 P14100,2026-11-06,P,1.41,0.063600000,3,
2026-08-05,GBU,OPT,GBUX6 P14150,2026-11-06,P,1.415,0.068300000,3,
2026-08-05,GBU,OPT,GBUX6 P14200,2026-11-06,P,1.42,0.073100000,3,1
2026-08-05,GBU,OPT,GBUX6 P14250,2026-11-06,P,1.425,0.077800000,3,
2026-08-05,GBU,OPT,GBUX6 P14300,2026-11-06,P,1.43,0.082700000,3,
2026-08-05,GBU,OPT,GBUX6 P14400,2026-11-06,P,1.44,0.092400000,3,1
2026-08-05,GBU,OPT,GBUX6 P14500,2026-11-06,P,1.45,0.102200000,3,
2026-08-05,GBU,OPT,GBUX6 P14600,2026-11-06,P,1.46,0.112100000,3,
2026-08-05,GBU,OPT,GBUX6 P14700,2026-11-06,P,1.47,0.121900000,3,
2026-08-05,GBU,OPT,GBUX6 P14800,2026-11-06,P,1.48,0.131700000,3,
2026-08-05,GBU,OPT,GBUX6 P14900,2026-11-06,P,1.49,0.141700000,3,
2026-08-05,GBU,OPT,GBUX6 P15000,2026-11-06,P,1.5,0.151600000,3,
2026-08-05,GBU,OPT,GBUX6 P15100,2026-11-06,P,1.51,0.161500000,3,
2026-08-05,GBU,OPT,GBUX6 P15200,2026-11-06,P,1.52,0.171400000,3,
2026-08-05,GBU,OPT,GBUX6 P15300,2026-11-06,P,1.53,0.181300000,3,
2026-08-05,GBU,OPT,GBUX6 P15400,2026-11-06,P,1.54,0.191200000,3,
2026-08-05,GBU,OPT,GBUX6 P15500,2026-11-06,P,1.55,0.201100000,3,
2026-08-05,GBU,OPT,GBUX6 P15600,2026-11-06,P,1.56,0.211000000,3,
2026-08-05,GBU,OPT,GBUX6 P15700,2026-11-06,P,1.57,0.220900000,3,
2026-08-05,GBU,OPT,GBUX6 P15800,2026-11-06,P,1.58,0.230800000,3,
2026-08-05,GBU,OPT,GBUZ6 C10200,2026-12-04,C,1.02,0.323000000,3,
2026-08-05,GBU,OPT,GBUZ6 C10300,2026-12-04,C,1.03,0.313100000,3,
2026-08-05,GBU,OPT,GBUZ6 C10400,2026-12-04,C,1.04,0.303200000,3,
2026-08-05,GBU,OPT,GBUZ6 C10500,2026-12-04,C,1.05,0.293300000,3,
2026-08-05,GBU,OPT,GBUZ6 C10600,2026-12-04,C,1.06,0.283500000,3,
2026-08-05,GBU,OPT,GBUZ6 C10700,2026-12-04,C,1.07,0.273600000,3,
2026-08-05,GBU,OPT,GBUZ6 C10800,2026-12-04,C,1.08,0.263800000,3,
2026-08-05,GBU,OPT,GBUZ6 C10900,2026-12-04,C,1.09,0.253900000,3,
2026-08-05,GBU,OPT,GBUZ6 C11000,2026-12-04,C,1.1,0.244100000,3,
2026-08-05,GBU,OPT,GBUZ6 C11100,2026-12-04,C,1.11,0.234200000,3,
2026-08-05,GBU,OPT,GBUZ6 C11200,2026-12-04,C,1.12,0.224400000,3,
2026-08-05,GBU,OPT,GBUZ6 C11300,2026-12-04,C,1.13,0.214500000,3,
2026-08-05,GBU,OPT,GBUZ6 C11400,2026-12-04,C,1.14,0.204700000,3,
2026-08-05,GBU,OPT,GBUZ6 C11500,2026-12-04,C,1.15,0.194800000,3,
2026-08-05,GBU,OPT,GBUZ6 C11600,2026-12-04,C,1.16,0.185000000,3,
2026-08-05,GBU,OPT,GBUZ6 C11650,2026-12-04,C,1.165,0.180100000,3,
2026-08-05,GBU,OPT,GBUZ6 C11700,2026-12-04,C,1.17,0.175200000,3,
2026-08-05,GBU,OPT,GBUZ6 C11750,2026-12-04,C,1.175,0.170300000,3,
2026-08-05,GBU,OPT,GBUZ6 C11800,2026-12-04,C,1.18,0.165400000,3,
2026-08-05,GBU,OPT,GBUZ6 C11850,2026-12-04,C,1.185,0.160500000,3,
2026-08-05,GBU,OPT,GBUZ6 C11900,2026-12-04,C,1.19,0.155600000,3,
2026-08-05,GBU,OPT,GBUZ6 C11950,2026-12-04,C,1.195,0.150700000,3,
2026-08-05,GBU,OPT,GBUZ6 C12000,2026-12-04,C,1.2,0.145800000,3,
2026-08-05,GBU,OPT,GBUZ6 C12050,2026-12-04,C,1.205,0.140900000,3,
2026-08-05,GBU,OPT,GBUZ6 C12100,2026-12-04,C,1.21,0.136000000,3,
2026-08-05,GBU,OPT,GBUZ6 C12150,2026-12-04,C,1.215,0.131100000,3,
2026-08-05,GBU,OPT,GBUZ6 C12200,2026-12-04,C,1.22,0.126200000,3,
2026-08-05,GBU,OPT,GBUZ6 C12250,2026-12-04,C,1.225,0.121400000,3,
2026-08-05,GBU,OPT,GBUZ6 C12300,2026-12-04,C,1.23,0.116600000,3,
2026-08-05,GBU,OPT,GBUZ6 C12350,2026-12-04,C,1.235,0.111700000,3,
2026-08-05,GBU,OPT,GBUZ6 C12400,2026-12-04,C,1.24,0.106900000,3,1
2026-08-05,GBU,OPT,GBUZ6 C12450,2026-12-04,C,1.245,0.102100000,3,
2026-08-05,GBU,OPT,GBUZ6 C12500,2026-12-04,C,1.25,0.097400000,3,
2026-08-05,GBU,OPT,GBUZ6 C12550,2026-12-04,C,1.255,0.092600000,3,
2026-08-05,GBU,OPT,GBUZ6 C12600,2026-12-04,C,1.26,0.087900000,3,
2026-08-05,GBU,OPT,GBUZ6 C12650,2026-12-04,C,1.265,0.083300000,3,
2026-08-05,GBU,OPT,GBUZ6 C12700,2026-12-04,C,1.27,0.078700000,3,30
2026-08-05,GBU,OPT,GBUZ6 C12750,2026-12-04,C,1.275,0.074100000,3,
2026-08-05,GBU,OPT,GBUZ6 C12800,2026-12-04,C,1.28,0.069600000,3,
2026-08-05,GBU,OPT,GBUZ6 C12850,2026-12-04,C,1.285,0.065100000,3,
2026-08-05,GBU,OPT,GBUZ6 C12900,2026-12-04,C,1.29,0.060700000,3,
2026-08-05,GBU,OPT,GBUZ6 C12950,2026-12-04,C,1.295,0.056400000,3,
2026-08-05,GBU,OPT,GBUZ6 C13000,2026-12-04,C,1.3,0.052200000,3,
2026-08-05,GBU,OPT,GBUZ6 C13050,2026-12-04,C,1.305,0.048100000,3,
2026-08-05,GBU,OPT,GBUZ6 C13100,2026-12-04,C,1.31,0.044100000,3,
2026-08-05,GBU,OPT,GBUZ6 C13150,2026-12-04,C,1.315,0.040200000,3,
2026-08-05,GBU,OPT,GBUZ6 C13200,2026-12-04,C,1.32,0.036400000,3,9
2026-08-05,GBU,OPT,GBUZ6 C13250,2026-12-04,C,1.325,0.032800000,3,16
2026-08-05,GBU,OPT,GBUZ6 C13300,2026-12-04,C,1.33,0.029400000,3,
2026-08-05,GBU,OPT,GBUZ6 C13350,2026-12-04,C,1.335,0.026100000,3,84
2026-08-05,GBU,OPT,GBUZ6 C13400,2026-12-04,C,1.34,0.023100000,3,43
2026-08-05,GBU,OPT,GBUZ6 C13450,2026-12-04,C,1.345,0.020200000,3,90
2026-08-05,GBU,OPT,GBUZ6 C13500,2026-12-04,C,1.35,0.017600000,3,37
2026-08-05,GBU,OPT,GBUZ6 C13550,2026-12-04,C,1.355,0.015200000,3,26
2026-08-05,GBU,OPT,GBUZ6 C13600,2026-12-04,C,1.36,0.013000000,3,452
2026-08-05,GBU,OPT,GBUZ6 C13650,2026-12-04,C,1.365,0.011100000,3,66
2026-08-05,GBU,OPT,GBUZ6 C13700,2026-12-04,C,1.37,0.009400000,3,88
2026-08-05,GBU,OPT,GBUZ6 C13750,2026-12-04,C,1.375,0.007900000,3,694
2026-08-05,GBU,OPT,GBUZ6 C13800,2026-12-04,C,1.38,0.006600000,3,155
2026-08-05,GBU,OPT,GBUZ6 C13850,2026-12-04,C,1.385,0.005500000,3,121
2026-08-05,GBU,OPT,GBUZ6 C13900,2026-12-04,C,1.39,0.004600000,3,246
2026-08-05,GBU,OPT,GBUZ6 C13950,2026-12-04,C,1.395,0.003800000,3,318
2026-08-05,GBU,OPT,GBUZ6 C14000,2026-12-04,C,1.4,0.003100000,3,308
2026-08-05,GBU,OPT,GBUZ6 C14050,2026-12-04,C,1.405,0.002600000,3,240
2026-08-05,GBU,OPT,GBUZ6 C14100,2026-12-04,C,1.41,0.002100000,3,591
2026-08-05,GBU,OPT,GBUZ6 C14150,2026-12-04,C,1.415,0.001700000,3,296
2026-08-05,GBU,OPT,GBUZ6 C14200,2026-12-04,C,1.42,0.001500000,3,303
2026-08-05,GBU,OPT,GBUZ6 C14250,2026-12-04,C,1.425,0.001200000,3,145
2026-08-05,GBU,OPT,GBUZ6 C14300,2026-12-04,C,1.43,0.001000000,3,98
2026-08-05,GBU,OPT,GBUZ6 C14400,2026-12-04,C,1.44,0.000700000,3,16
2026-08-05,GBU,OPT,GBUZ6 C14500,2026-12-04,C,1.45,0.000600000,3,2
2026-08-05,GBU,OPT,GBUZ6 C14600,2026-12-04,C,1.46,0.000400000,3,
2026-08-05,GBU,OPT,GBUZ6 C14700,2026-12-04,C,1.47,0.000400000,3,
2026-08-05,GBU,OPT,GBUZ6 C14800,2026-12-04,C,1.48,0.000300000,3,40
2026-08-05,GBU,OPT,GBUZ6 C14900,2026-12-04,C,1.49,0.000300000,3,
2026-08-05,GBU,OPT,GBUZ6 C15000,2026-12-04,C,1.5,0.000200000,3,1
2026-08-05,GBU,OPT,GBUZ6 C15100,2026-12-04,C,1.51,0.000200000,3,2
2026-08-05,GBU,OPT,GBUZ6 C15200,2026-12-04,C,1.52,0.000200000,3,
2026-08-05,GBU,OPT,GBUZ6 C15300,2026-12-04,C,1.53,0.000200000,3,
2026-08-05,GBU,OPT,GBUZ6 C15400,2026-12-04,C,1.54,0.000200000,3,1
2026-08-05,GBU,OPT,GBUZ6 C15500,2026-12-04,C,1.55,0.000200000,3,
2026-08-05,GBU,OPT,GBUZ6 C15600,2026-12-04,C,1.56,0.000100000,3,
2026-08-05,GBU,OPT,GBUZ6 C15700,2026-12-04,C,1.57,0.000100000,3,10
2026-08-05,GBU,OPT,GBUZ6 C15800,2026-12-04,C,1.58,0.000100000,3,
2026-08-05,GBU,OPT,GBUZ6 P10200,2026-12-04,P,1.02,0.000100000,3,3
2026-08-05,GBU,OPT,GBUZ6 P10300,2026-12-04,P,1.03,0.000100000,3,
2026-08-05,GBU,OPT,GBUZ6 P10400,2026-12-04,P,1.04,0.000100000,3,
2026-08-05,GBU,OPT,GBUZ6 P10500,2026-12-04,P,1.05,0.000100000,3,
2026-08-05,GBU,OPT,GBUZ6 P10600,2026-12-04,P,1.06,0.000100000,3,
2026-08-05,GBU,OPT,GBUZ6 P10700,2026-12-04,P,1.07,0.000100000,3,1
2026-08-05,GBU,OPT,GBUZ6 P10800,2026-12-04,P,1.08,0.000100000,3,
2026-08-05,GBU,OPT,GBUZ6 P10900,2026-12-04,P,1.09,0.000100000,3,
2026-08-05,GBU,OPT,GBUZ6 P11000,2026-12-04,P,1.1,0.000100000,3,1
2026-08-05,GBU,OPT,GBUZ6 P11100,2026-12-04,P,1.11,0.000100000,3,1
2026-08-05,GBU,OPT,GBUZ6 P11200,2026-12-04,P,1.12,0.000200000,3,1
2026-08-05,GBU,OPT,GBUZ6 P11300,2026-12-04,P,1.13,0.000200000,3,1
2026-08-05,GBU,OPT,GBUZ6 P11400,2026-12-04,P,1.14,0.000200000,3,
2026-08-05,GBU,OPT,GBUZ6 P11500,2026-12-04,P,1.15,0.000300000,3,41
2026-08-05,GBU,OPT,GBUZ6 P11600,2026-12-04,P,1.16,0.000300000,3,
2026-08-05,GBU,OPT,GBUZ6 P11650,2026-12-04,P,1.165,0.000300000,3,
2026-08-05,GBU,OPT,GBUZ6 P11700,2026-12-04,P,1.17,0.000400000,3,
2026-08-05,GBU,OPT,GBUZ6 P11750,2026-12-04,P,1.175,0.000400000,3,
2026-08-05,GBU,OPT,GBUZ6 P11800,2026-12-04,P,1.18,0.000400000,3,
2026-08-05,GBU,OPT,GBUZ6 P11850,2026-12-04,P,1.185,0.000500000,3,
2026-08-05,GBU,OPT,GBUZ6 P11900,2026-12-04,P,1.19,0.000500000,3,
2026-08-05,GBU,OPT,GBUZ6 P11950,2026-12-04,P,1.195,0.000500000,3,
2026-08-05,GBU,OPT,GBUZ6 P12000,2026-12-04,P,1.2,0.000600000,3,12
2026-08-05,GBU,OPT,GBUZ6 P12050,2026-12-04,P,1.205,0.000600000,3,
2026-08-05,GBU,OPT,GBUZ6 P12100,2026-12-04,P,1.21,0.000700000,3,16
2026-08-05,GBU,OPT,GBUZ6 P12150,2026-12-04,P,1.215,0.000700000,3,2
2026-08-05,GBU,OPT,GBUZ6 P12200,2026-12-04,P,1.22,0.000800000,3,19
2026-08-05,GBU,OPT,GBUZ6 P12250,2026-12-04,P,1.225,0.000900000,3,1
2026-08-05,GBU,OPT,GBUZ6 P12300,2026-12-04,P,1.23,0.001000000,3,3
2026-08-05,GBU,OPT,GBUZ6 P12350,2026-12-04,P,1.235,0.001100000,3,3
2026-08-05,GBU,OPT,GBUZ6 P12400,2026-12-04,P,1.24,0.001200000,3,3
2026-08-05,GBU,OPT,GBUZ6 P12450,2026-12-04,P,1.245,0.001400000,3,
2026-08-05,GBU,OPT,GBUZ6 P12500,2026-12-04,P,1.25,0.001600000,3,96
2026-08-05,GBU,OPT,GBUZ6 P12550,2026-12-04,P,1.255,0.001800000,3,21
2026-08-05,GBU,OPT,GBUZ6 P12600,2026-12-04,P,1.26,0.002000000,3,5
2026-08-05,GBU,OPT,GBUZ6 P12650,2026-12-04,P,1.265,0.002300000,3,2
2026-08-05,GBU,OPT,GBUZ6 P12700,2026-12-04,P,1.27,0.002600000,3,37
2026-08-05,GBU,OPT,GBUZ6 P12750,2026-12-04,P,1.275,0.003000000,3,4
2026-08-05,GBU,OPT,GBUZ6 P12800,2026-12-04,P,1.28,0.003400000,3,204
2026-08-05,GBU,OPT,GBUZ6 P12850,2026-12-04,P,1.285,0.003900000,3,122
2026-08-05,GBU,OPT,GBUZ6 P12900,2026-12-04,P,1.29,0.004400000,3,108
2026-08-05,GBU,OPT,GBUZ6 P12950,2026-12-04,P,1.295,0.005100000,3,1
2026-08-05,GBU,OPT,GBUZ6 P13000,2026-12-04,P,1.3,0.005800000,3,98
2026-08-05,GBU,OPT,GBUZ6 P13050,2026-12-04,P,1.305,0.006600000,3,90
2026-08-05,GBU,OPT,GBUZ6 P13100,2026-12-04,P,1.31,0.007500000,3,93
2026-08-05,GBU,OPT,GBUZ6 P13150,2026-12-04,P,1.315,0.008600000,3,63
2026-08-05,GBU,OPT,GBUZ6 P13200,2026-12-04,P,1.32,0.009800000,3,547
2026-08-05,GBU,OPT,GBUZ6 P13250,2026-12-04,P,1.325,0.011100000,3,35
2026-08-05,GBU,OPT,GBUZ6 P13300,2026-12-04,P,1.33,0.012600000,3,362
2026-08-05,GBU,OPT,GBUZ6 P13350,2026-12-04,P,1.335,0.014300000,3,53
2026-08-05,GBU,OPT,GBUZ6 P13400,2026-12-04,P,1.34,0.016200000,3,120
2026-08-05,GBU,OPT,GBUZ6 P13450,2026-12-04,P,1.345,0.018200000,3,112
2026-08-05,GBU,OPT,GBUZ6 P13500,2026-12-04,P,1.35,0.020500000,3,26
2026-08-05,GBU,OPT,GBUZ6 P13550,2026-12-04,P,1.355,0.023100000,3,30
2026-08-05,GBU,OPT,GBUZ6 P13600,2026-12-04,P,1.36,0.025800000,3,33
2026-08-05,GBU,OPT,GBUZ6 P13650,2026-12-04,P,1.365,0.028800000,3,
2026-08-05,GBU,OPT,GBUZ6 P13700,2026-12-04,P,1.37,0.032100000,3,191
2026-08-05,GBU,OPT,GBUZ6 P13750,2026-12-04,P,1.375,0.035500000,3,
2026-08-05,GBU,OPT,GBUZ6 P13800,2026-12-04,P,1.38,0.039200000,3,3
2026-08-05,GBU,OPT,GBUZ6 P13850,2026-12-04,P,1.385,0.043000000,3,
2026-08-05,GBU,OPT,GBUZ6 P13900,2026-12-04,P,1.39,0.047000000,3,
2026-08-05,GBU,OPT,GBUZ6 P13950,2026-12-04,P,1.395,0.051200000,3,
2026-08-05,GBU,OPT,GBUZ6 P14000,2026-12-04,P,1.4,0.055500000,3,3
2026-08-05,GBU,OPT,GBUZ6 P14050,2026-12-04,P,1.405,0.059800000,3,1
2026-08-05,GBU,OPT,GBUZ6 P14100,2026-12-04,P,1.41,0.064300000,3,1
2026-08-05,GBU,OPT,GBUZ6 P14150,2026-12-04,P,1.415,0.068900000,3,
2026-08-05,GBU,OPT,GBUZ6 P14200,2026-12-04,P,1.42,0.073500000,3,
2026-08-05,GBU,OPT,GBUZ6 P14250,2026-12-04,P,1.425,0.078200000,3,
2026-08-05,GBU,OPT,GBUZ6 P14300,2026-12-04,P,1.43,0.083000000,3,1
2026-08-05,GBU,OPT,GBUZ6 P14400,2026-12-04,P,1.44,0.092600000,3,
2026-08-05,GBU,OPT,GBUZ6 P14500,2026-12-04,P,1.45,0.102300000,3,
2026-08-05,GBU,OPT,GBUZ6 P14600,2026-12-04,P,1.46,0.112000000,3,
2026-08-05,GBU,OPT,GBUZ6 P14700,2026-12-04,P,1.47,0.121800000,3,
2026-08-05,GBU,OPT,GBUZ6 P14800,2026-12-04,P,1.48,0.131700000,3,
2026-08-05,GBU,OPT,GBUZ6 P14900,2026-12-04,P,1.49,0.141500000,3,
2026-08-05,GBU,OPT,GBUZ6 P15000,2026-12-04,P,1.5,0.151300000,3,641
2026-08-05,GBU,OPT,GBUZ6 P15100,2026-12-04,P,1.51,0.161200000,3,
2026-08-05,GBU,OPT,GBUZ6 P15200,2026-12-04,P,1.52,0.171100000,3,
2026-08-05,GBU,OPT,GBUZ6 P15300,2026-12-04,P,1.53,0.180900000,3,
2026-08-05,GBU,OPT,GBUZ6 P15400,2026-12-04,P,1.54,0.190800000,3,
2026-08-05,GBU,OPT,GBUZ6 P15500,2026-12-04,P,1.55,0.200700000,3,
2026-08-05,GBU,OPT,GBUZ6 P15600,2026-12-04,P,1.56,0.210500000,3,
2026-08-05,GBU,OPT,GBUZ6 P15700,2026-12-04,P,1.57,0.220300000,3,
2026-08-05,GBU,OPT,GBUZ6 P15800,2026-12-04,P,1.58,0.230200000,3,
2026-08-05,GBU,OPT,GBUF7 C11200,2027-01-08,C,1.12,0.223800000,3,
2026-08-05,GBU,OPT,GBUF7 C11300,2027-01-08,C,1.13,0.214000000,3,
2026-08-05,GBU,OPT,GBUF7 C11400,2027-01-08,C,1.14,0.204200000,3,
2026-08-05,GBU,OPT,GBUF7 C11500,2027-01-08,C,1.15,0.194400000,3,
2026-08-05,GBU,OPT,GBUF7 C11600,2027-01-08,C,1.16,0.184700000,3,
2026-08-05,GBU,OPT,GBUF7 C11700,2027-01-08,C,1.17,0.174900000,3,
2026-08-05,GBU,OPT,GBUF7 C11800,2027-01-08,C,1.18,0.165200000,3,
2026-08-05,GBU,OPT,GBUF7 C11900,2027-01-08,C,1.19,0.155400000,3,
2026-08-05,GBU,OPT,GBUF7 C12000,2027-01-08,C,1.2,0.145700000,3,
2026-08-05,GBU,OPT,GBUF7 C12100,2027-01-08,C,1.21,0.136100000,3,
2026-08-05,GBU,OPT,GBUF7 C12200,2027-01-08,C,1.22,0.126500000,3,
2026-08-05,GBU,OPT,GBUF7 C12300,2027-01-08,C,1.23,0.116900000,3,
2026-08-05,GBU,OPT,GBUF7 C12400,2027-01-08,C,1.24,0.107400000,3,
2026-08-05,GBU,OPT,GBUF7 C12500,2027-01-08,C,1.25,0.098000000,3,
2026-08-05,GBU,OPT,GBUF7 C12600,2027-01-08,C,1.26,0.088800000,3,
2026-08-05,GBU,OPT,GBUF7 C12650,2027-01-08,C,1.265,0.084200000,3,
2026-08-05,GBU,OPT,GBUF7 C12700,2027-01-08,C,1.27,0.079700000,3,
2026-08-05,GBU,OPT,GBUF7 C12750,2027-01-08,C,1.275,0.075300000,3,
2026-08-05,GBU,OPT,GBUF7 C12800,2027-01-08,C,1.28,0.070900000,3,
2026-08-05,GBU,OPT,GBUF7 C12850,2027-01-08,C,1.285,0.066600000,3,
2026-08-05,GBU,OPT,GBUF7 C12900,2027-01-08,C,1.29,0.062400000,3,
2026-08-05,GBU,OPT,GBUF7 C12950,2027-01-08,C,1.295,0.058200000,3,
2026-08-05,GBU,OPT,GBUF7 C13000,2027-01-08,C,1.3,0.054100000,3,
2026-08-05,GBU,OPT,GBUF7 C13050,2027-01-08,C,1.305,0.050200000,3,
2026-08-05,GBU,OPT,GBUF7 C13100,2027-01-08,C,1.31,0.046300000,3,
2026-08-05,GBU,OPT,GBUF7 C13150,2027-01-08,C,1.315,0.042600000,3,
2026-08-05,GBU,OPT,GBUF7 C13200,2027-01-08,C,1.32,0.038900000,3,13
2026-08-05,GBU,OPT,GBUF7 C13250,2027-01-08,C,1.325,0.035400000,3,42
2026-08-05,GBU,OPT,GBUF7 C13300,2027-01-08,C,1.33,0.032100000,3,17
2026-08-05,GBU,OPT,GBUF7 C13350,2027-01-08,C,1.335,0.028900000,3,
2026-08-05,GBU,OPT,GBUF7 C13400,2027-01-08,C,1.34,0.025900000,3,12
2026-08-05,GBU,OPT,GBUF7 C13450,2027-01-08,C,1.345,0.023100000,3,800
2026-08-05,GBU,OPT,GBUF7 C13500,2027-01-08,C,1.35,0.020400000,3,45
2026-08-05,GBU,OPT,GBUF7 C13550,2027-01-08,C,1.355,0.018000000,3,
2026-08-05,GBU,OPT,GBUF7 C13600,2027-01-08,C,1.36,0.015800000,3,
2026-08-05,GBU,OPT,GBUF7 C13650,2027-01-08,C,1.365,0.013700000,3,
2026-08-05,GBU,OPT,GBUF7 C13700,2027-01-08,C,1.37,0.011900000,3,1
2026-08-05,GBU,OPT,GBUF7 C13750,2027-01-08,C,1.375,0.010300000,3,
2026-08-05,GBU,OPT,GBUF7 C13800,2027-01-08,C,1.38,0.008900000,3,3
2026-08-05,GBU,OPT,GBUF7 C13850,2027-01-08,C,1.385,0.007600000,3,
2026-08-05,GBU,OPT,GBUF7 C13900,2027-01-08,C,1.39,0.006500000,3,1
2026-08-05,GBU,OPT,GBUF7 C13950,2027-01-08,C,1.395,0.005500000,3,1
2026-08-05,GBU,OPT,GBUF7 C14000,2027-01-08,C,1.4,0.004700000,3,2
2026-08-05,GBU,OPT,GBUF7 C14050,2027-01-08,C,1.405,0.004000000,3,
2026-08-05,GBU,OPT,GBUF7 C14100,2027-01-08,C,1.41,0.003400000,3,
2026-08-05,GBU,OPT,GBUF7 C14150,2027-01-08,C,1.415,0.002900000,3,
2026-08-05,GBU,OPT,GBUF7 C14200,2027-01-08,C,1.42,0.002400000,3,5
2026-08-05,GBU,OPT,GBUF7 C14250,2027-01-08,C,1.425,0.002000000,3,
2026-08-05,GBU,OPT,GBUF7 C14300,2027-01-08,C,1.43,0.001700000,3,
2026-08-05,GBU,OPT,GBUF7 C14400,2027-01-08,C,1.44,0.001200000,3,
2026-08-05,GBU,OPT,GBUF7 C14500,2027-01-08,C,1.45,0.000800000,3,16
2026-08-05,GBU,OPT,GBUF7 C14600,2027-01-08,C,1.46,0.000600000,3,
2026-08-05,GBU,OPT,GBUF7 C14700,2027-01-08,C,1.47,0.000400000,3,2
2026-08-05,GBU,OPT,GBUF7 C14800,2027-01-08,C,1.48,0.000300000,3,1
2026-08-05,GBU,OPT,GBUF7 C14900,2027-01-08,C,1.49,0.000200000,3,
2026-08-05,GBU,OPT,GBUF7 C15000,2027-01-08,C,1.5,0.000200000,3,
2026-08-05,GBU,OPT,GBUF7 C15100,2027-01-08,C,1.51,0.000100000,3,1
2026-08-05,GBU,OPT,GBUF7 C15200,2027-01-08,C,1.52,0.000100000,3,1
2026-08-05,GBU,OPT,GBUF7 C15300,2027-01-08,C,1.53,0.000100000,3,
2026-08-05,GBU,OPT,GBUF7 C15400,2027-01-08,C,1.54,0.000100000,3,3
2026-08-05,GBU,OPT,GBUF7 C15500,2027-01-08,C,1.55,0.000100000,3,
2026-08-05,GBU,OPT,GBUF7 C15600,2027-01-08,C,1.56,0.000100000,3,
2026-08-05,GBU,OPT,GBUF7 C15700,2027-01-08,C,1.57,0.000100000,3,
2026-08-05,GBU,OPT,GBUF7 C15800,2027-01-08,C,1.58,0.000100000,3,
2026-08-05,GBU,OPT,GBUF7 P11200,2027-01-08,P,1.12,0.000400000,3,
2026-08-05,GBU,OPT,GBUF7 P11300,2027-01-08,P,1.13,0.000400000,3,
2026-08-05,GBU,OPT,GBUF7 P11400,2027-01-08,P,1.14,0.000500000,3,
2026-08-05,GBU,OPT,GBUF7 P11500,2027-01-08,P,1.15,0.000500000,3,
2026-08-05,GBU,OPT,GBUF7 P11600,2027-01-08,P,1.16,0.000600000,3,
2026-08-05,GBU,OPT,GBUF7 P11700,2027-01-08,P,1.17,0.000700000,3,
2026-08-05,GBU,OPT,GBUF7 P11800,2027-01-08,P,1.18,0.000800000,3,
2026-08-05,GBU,OPT,GBUF7 P11900,2027-01-08,P,1.19,0.000900000,3,
2026-08-05,GBU,OPT,GBUF7 P12000,2027-01-08,P,1.2,0.001000000,3,
2026-08-05,GBU,OPT,GBUF7 P12100,2027-01-08,P,1.21,0.001200000,3,
2026-08-05,GBU,OPT,GBUF7 P12200,2027-01-08,P,1.22,0.001400000,3,3
2026-08-05,GBU,OPT,GBUF7 P12300,2027-01-08,P,1.23,0.001700000,3,19
2026-08-05,GBU,OPT,GBUF7 P12400,2027-01-08,P,1.24,0.002000000,3,4
2026-08-05,GBU,OPT,GBUF7 P12500,2027-01-08,P,1.25,0.002500000,3,
2026-08-05,GBU,OPT,GBUF7 P12600,2027-01-08,P,1.26,0.003100000,3,1
2026-08-05,GBU,OPT,GBUF7 P12650,2027-01-08,P,1.265,0.003500000,3,
2026-08-05,GBU,OPT,GBUF7 P12700,2027-01-08,P,1.27,0.003900000,3,
2026-08-05,GBU,OPT,GBUF7 P12750,2027-01-08,P,1.275,0.004300000,3,
2026-08-05,GBU,OPT,GBUF7 P12800,2027-01-08,P,1.28,0.004900000,3,1
2026-08-05,GBU,OPT,GBUF7 P12850,2027-01-08,P,1.285,0.005500000,3,
2026-08-05,GBU,OPT,GBUF7 P12900,2027-01-08,P,1.29,0.006200000,3,
2026-08-05,GBU,OPT,GBUF7 P12950,2027-01-08,P,1.295,0.006900000,3,
2026-08-05,GBU,OPT,GBUF7 P13000,2027-01-08,P,1.3,0.007800000,3,2
2026-08-05,GBU,OPT,GBUF7 P13050,2027-01-08,P,1.305,0.008800000,3,2
2026-08-05,GBU,OPT,GBUF7 P13100,2027-01-08,P,1.31,0.009800000,3,2
2026-08-05,GBU,OPT,GBUF7 P13150,2027-01-08,P,1.315,0.011000000,3,
2026-08-05,GBU,OPT,GBUF7 P13200,2027-01-08,P,1.32,0.012300000,3,
2026-08-05,GBU,OPT,GBUF7 P13250,2027-01-08,P,1.325,0.013700000,3,560
2026-08-05,GBU,OPT,GBUF7 P13300,2027-01-08,P,1.33,0.015300000,3,2
2026-08-05,GBU,OPT,GBUF7 P13350,2027-01-08,P,1.335,0.017000000,3,2
2026-08-05,GBU,OPT,GBUF7 P13400,2027-01-08,P,1.34,0.018900000,3,643
2026-08-05,GBU,OPT,GBUF7 P13450,2027-01-08,P,1.345,0.021000000,3,67
2026-08-05,GBU,OPT,GBUF7 P13500,2027-01-08,P,1.35,0.023300000,3,2
2026-08-05,GBU,OPT,GBUF7 P13550,2027-01-08,P,1.355,0.025800000,3,240
2026-08-05,GBU,OPT,GBUF7 P13600,2027-01-08,P,1.36,0.028500000,3,
2026-08-05,GBU,OPT,GBUF7 P13650,2027-01-08,P,1.365,0.031400000,3,
2026-08-05,GBU,OPT,GBUF7 P13700,2027-01-08,P,1.37,0.034500000,3,2
2026-08-05,GBU,OPT,GBUF7 P13750,2027-01-08,P,1.375,0.037800000,3,
2026-08-05,GBU,OPT,GBUF7 P13800,2027-01-08,P,1.38,0.041200000,3,1
2026-08-05,GBU,OPT,GBUF7 P13850,2027-01-08,P,1.385,0.044900000,3,
2026-08-05,GBU,OPT,GBUF7 P13900,2027-01-08,P,1.39,0.048700000,3,
2026-08-05,GBU,OPT,GBUF7 P13950,2027-01-08,P,1.395,0.052700000,3,
2026-08-05,GBU,OPT,GBUF7 P14000,2027-01-08,P,1.4,0.056800000,3,
2026-08-05,GBU,OPT,GBUF7 P14050,2027-01-08,P,1.405,0.061000000,3,
2026-08-05,GBU,OPT,GBUF7 P14100,2027-01-08,P,1.41,0.065300000,3,
2026-08-05,GBU,OPT,GBUF7 P14150,2027-01-08,P,1.415,0.069700000,3,
2026-08-05,GBU,OPT,GBUF7 P14200,2027-01-08,P,1.42,0.074100000,3,
2026-08-05,GBU,OPT,GBUF7 P14250,2027-01-08,P,1.425,0.078700000,3,
2026-08-05,GBU,OPT,GBUF7 P14300,2027-01-08,P,1.43,0.083300000,3,
2026-08-05,GBU,OPT,GBUF7 P14400,2027-01-08,P,1.44,0.092600000,3,
2026-08-05,GBU,OPT,GBUF7 P14500,2027-01-08,P,1.45,0.102100000,3,
2026-08-05,GBU,OPT,GBUF7 P14600,2027-01-08,P,1.46,0.111700000,3,
2026-08-05,GBU,OPT,GBUF7 P14700,2027-01-08,P,1.47,0.121400000,3,
2026-08-05,GBU,OPT,GBUF7 P14800,2027-01-08,P,1.48,0.131100000,3,
2026-08-05,GBU,OPT,GBUF7 P14900,2027-01-08,P,1.49,0.140800000,3,
2026-08-05,GBU,OPT,GBUF7 P15000,2027-01-08,P,1.5,0.150600000,3,
2026-08-05,GBU,OPT,GBUF7 P15100,2027-01-08,P,1.51,0.160400000,3,
2026-08-05,GBU,OPT,GBUF7 P15200,2027-01-08,P,1.52,0.170200000,3,
2026-08-05,GBU,OPT,GBUF7 P15300,2027-01-08,P,1.53,0.180000000,3,
2026-08-05,GBU,OPT,GBUF7 P15400,2027-01-08,P,1.54,0.189800000,3,
2026-08-05,GBU,OPT,GBUF7 P15500,2027-01-08,P,1.55,0.199600000,3,
2026-08-05,GBU,OPT,GBUF7 P15600,2027-01-08,P,1.56,0.209500000,3,
2026-08-05,GBU,OPT,GBUF7 P15700,2027-01-08,P,1.57,0.219300000,3,
2026-08-05,GBU,OPT,GBUF7 P15800,2027-01-08,P,1.58,0.229100000,3,
2026-08-05,GBU,OPT,GBUG7 C11200,2027-02-05,C,1.12,0.223200000,3,
2026-08-05,GBU,OPT,GBUG7 C11300,2027-02-05,C,1.13,0.213500000,3,
2026-08-05,GBU,OPT,GBUG7 C11400,2027-02-05,C,1.14,0.203700000,3,
2026-08-05,GBU,OPT,GBUG7 C11500,2027-02-05,C,1.15,0.194000000,3,
2026-08-05,GBU,OPT,GBUG7 C11600,2027-02-05,C,1.16,0.184200000,3,
2026-08-05,GBU,OPT,GBUG7 C11700,2027-02-05,C,1.17,0.174500000,3,
2026-08-05,GBU,OPT,GBUG7 C11800,2027-02-05,C,1.18,0.164800000,3,
2026-08-05,GBU,OPT,GBUG7 C11900,2027-02-05,C,1.19,0.155200000,3,
2026-08-05,GBU,OPT,GBUG7 C12000,2027-02-05,C,1.2,0.145600000,3,
2026-08-05,GBU,OPT,GBUG7 C12100,2027-02-05,C,1.21,0.136100000,3,
2026-08-05,GBU,OPT,GBUG7 C12200,2027-02-05,C,1.22,0.126600000,3,
2026-08-05,GBU,OPT,GBUG7 C12300,2027-02-05,C,1.23,0.117200000,3,
2026-08-05,GBU,OPT,GBUG7 C12400,2027-02-05,C,1.24,0.107900000,3,
2026-08-05,GBU,OPT,GBUG7 C12500,2027-02-05,C,1.25,0.098800000,3,
2026-08-05,GBU,OPT,GBUG7 C12600,2027-02-05,C,1.26,0.089700000,3,
2026-08-05,GBU,OPT,GBUG7 C12650,2027-02-05,C,1.265,0.085300000,3,
2026-08-05,GBU,OPT,GBUG7 C12700,2027-02-05,C,1.27,0.080900000,3,
2026-08-05,GBU,OPT,GBUG7 C12750,2027-02-05,C,1.275,0.076500000,3,
2026-08-05,GBU,OPT,GBUG7 C12800,2027-02-05,C,1.28,0.072300000,3,
2026-08-05,GBU,OPT,GBUG7 C12850,2027-02-05,C,1.285,0.068100000,3,
2026-08-05,GBU,OPT,GBUG7 C12900,2027-02-05,C,1.29,0.063900000,3,
2026-08-05,GBU,OPT,GBUG7 C12950,2027-02-05,C,1.295,0.059900000,3,
2026-08-05,GBU,OPT,GBUG7 C13000,2027-02-05,C,1.3,0.055900000,3,
2026-08-05,GBU,OPT,GBUG7 C13050,2027-02-05,C,1.305,0.052000000,3,
2026-08-05,GBU,OPT,GBUG7 C13100,2027-02-05,C,1.31,0.048300000,3,
2026-08-05,GBU,OPT,GBUG7 C13150,2027-02-05,C,1.315,0.044600000,3,
2026-08-05,GBU,OPT,GBUG7 C13200,2027-02-05,C,1.32,0.041100000,3,2
2026-08-05,GBU,OPT,GBUG7 C13250,2027-02-05,C,1.325,0.037700000,3,
2026-08-05,GBU,OPT,GBUG7 C13300,2027-02-05,C,1.33,0.034400000,3,4
2026-08-05,GBU,OPT,GBUG7 C13350,2027-02-05,C,1.335,0.031300000,3,
2026-08-05,GBU,OPT,GBUG7 C13400,2027-02-05,C,1.34,0.028300000,3,
2026-08-05,GBU,OPT,GBUG7 C13450,2027-02-05,C,1.345,0.025500000,3,4
2026-08-05,GBU,OPT,GBUG7 C13500,2027-02-05,C,1.35,0.022900000,3,
2026-08-05,GBU,OPT,GBUG7 C13550,2027-02-05,C,1.355,0.020400000,3,
2026-08-05,GBU,OPT,GBUG7 C13600,2027-02-05,C,1.36,0.018200000,3,
2026-08-05,GBU,OPT,GBUG7 C13650,2027-02-05,C,1.365,0.016100000,3,1
2026-08-05,GBU,OPT,GBUG7 C13700,2027-02-05,C,1.37,0.014200000,3,1
2026-08-05,GBU,OPT,GBUG7 C13750,2027-02-05,C,1.375,0.012500000,3,
2026-08-05,GBU,OPT,GBUG7 C13800,2027-02-05,C,1.38,0.010900000,3,403
2026-08-05,GBU,OPT,GBUG7 C13850,2027-02-05,C,1.385,0.009500000,3,
2026-08-05,GBU,OPT,GBUG7 C13900,2027-02-05,C,1.39,0.008300000,3,
2026-08-05,GBU,OPT,GBUG7 C13950,2027-02-05,C,1.395,0.007200000,3,
2026-08-05,GBU,OPT,GBUG7 C14000,2027-02-05,C,1.4,0.006200000,3,5
2026-08-05,GBU,OPT,GBUG7 C14050,2027-02-05,C,1.405,0.005400000,3,
2026-08-05,GBU,OPT,GBUG7 C14100,2027-02-05,C,1.41,0.004700000,3,
2026-08-05,GBU,OPT,GBUG7 C14150,2027-02-05,C,1.415,0.004000000,3,
2026-08-05,GBU,OPT,GBUG7 C14200,2027-02-05,C,1.42,0.003500000,3,43
2026-08-05,GBU,OPT,GBUG7 C14300,2027-02-05,C,1.43,0.002600000,3,
2026-08-05,GBU,OPT,GBUG7 C14400,2027-02-05,C,1.44,0.001900000,3,
2026-08-05,GBU,OPT,GBUG7 C14500,2027-02-05,C,1.45,0.001400000,3,
2026-08-05,GBU,OPT,GBUG7 C14600,2027-02-05,C,1.46,0.001100000,3,
2026-08-05,GBU,OPT,GBUG7 C14700,2027-02-05,C,1.47,0.000800000,3,1
2026-08-05,GBU,OPT,GBUG7 C14800,2027-02-05,C,1.48,0.000600000,3,
2026-08-05,GBU,OPT,GBUG7 C14900,2027-02-05,C,1.49,0.000400000,3,
2026-08-05,GBU,OPT,GBUG7 C15000,2027-02-05,C,1.5,0.000300000,3,
2026-08-05,GBU,OPT,GBUG7 C15100,2027-02-05,C,1.51,0.000200000,3,
2026-08-05,GBU,OPT,GBUG7 C15200,2027-02-05,C,1.52,0.000200000,3,
2026-08-05,GBU,OPT,GBUG7 C15300,2027-02-05,C,1.53,0.000200000,3,
2026-08-05,GBU,OPT,GBUG7 C15400,2027-02-05,C,1.54,0.000100000,3,
2026-08-05,GBU,OPT,GBUG7 C15500,2027-02-05,C,1.55,0.000100000,3,
2026-08-05,GBU,OPT,GBUG7 C15600,2027-02-05,C,1.56,0.000100000,3,
2026-08-05,GBU,OPT,GBUG7 C15700,2027-02-05,C,1.57,0.000100000,3,
2026-08-05,GBU,OPT,GBUG7 P11200,2027-02-05,P,1.12,0.000500000,3,
2026-08-05,GBU,OPT,GBUG7 P11300,2027-02-05,P,1.13,0.000500000,3,
2026-08-05,GBU,OPT,GBUG7 P11400,2027-02-05,P,1.14,0.000600000,3,
2026-08-05,GBU,OPT,GBUG7 P11500,2027-02-05,P,1.15,0.000600000,3,
2026-08-05,GBU,OPT,GBUG7 P11600,2027-02-05,P,1.16,0.000700000,3,
2026-08-05,GBU,OPT,GBUG7 P11700,2027-02-05,P,1.17,0.000800000,3,1
2026-08-05,GBU,OPT,GBUG7 P11800,2027-02-05,P,1.18,0.000900000,3,
2026-08-05,GBU,OPT,GBUG7 P11900,2027-02-05,P,1.19,0.001100000,3,
2026-08-05,GBU,OPT,GBUG7 P12000,2027-02-05,P,1.2,0.001300000,3,1
2026-08-05,GBU,OPT,GBUG7 P12100,2027-02-05,P,1.21,0.001600000,3,1
2026-08-05,GBU,OPT,GBUG7 P12200,2027-02-05,P,1.22,0.001900000,3,1
2026-08-05,GBU,OPT,GBUG7 P12300,2027-02-05,P,1.23,0.002400000,3,
2026-08-05,GBU,OPT,GBUG7 P12400,2027-02-05,P,1.24,0.002900000,3,
2026-08-05,GBU,OPT,GBUG7 P12500,2027-02-05,P,1.25,0.003500000,3,
2026-08-05,GBU,OPT,GBUG7 P12600,2027-02-05,P,1.26,0.004300000,3,
2026-08-05,GBU,OPT,GBUG7 P12650,2027-02-05,P,1.265,0.004700000,3,
2026-08-05,GBU,OPT,GBUG7 P12700,2027-02-05,P,1.27,0.005300000,3,
2026-08-05,GBU,OPT,GBUG7 P12750,2027-02-05,P,1.275,0.005800000,3,1
2026-08-05,GBU,OPT,GBUG7 P12800,2027-02-05,P,1.28,0.006500000,3,320
2026-08-05,GBU,OPT,GBUG7 P12850,2027-02-05,P,1.285,0.007200000,3,1
2026-08-05,GBU,OPT,GBUG7 P12900,2027-02-05,P,1.29,0.007900000,3,
2026-08-05,GBU,OPT,GBUG7 P12950,2027-02-05,P,1.295,0.008800000,3,100
2026-08-05,GBU,OPT,GBUG7 P13000,2027-02-05,P,1.3,0.009700000,3,2
2026-08-05,GBU,OPT,GBUG7 P13050,2027-02-05,P,1.305,0.010800000,3,
2026-08-05,GBU,OPT,GBUG7 P13100,2027-02-05,P,1.31,0.011900000,3,
2026-08-05,GBU,OPT,GBUG7 P13150,2027-02-05,P,1.315,0.013100000,3,
2026-08-05,GBU,OPT,GBUG7 P13200,2027-02-05,P,1.32,0.014500000,3,6
2026-08-05,GBU,OPT,GBUG7 P13250,2027-02-05,P,1.325,0.016000000,3,40
2026-08-05,GBU,OPT,GBUG7 P13300,2027-02-05,P,1.33,0.017600000,3,21
2026-08-05,GBU,OPT,GBUG7 P13350,2027-02-05,P,1.335,0.019400000,3,5
2026-08-05,GBU,OPT,GBUG7 P13400,2027-02-05,P,1.34,0.021300000,3,202
2026-08-05,GBU,OPT,GBUG7 P13450,2027-02-05,P,1.345,0.023400000,3,200
2026-08-05,GBU,OPT,GBUG7 P13500,2027-02-05,P,1.35,0.025700000,3,
2026-08-05,GBU,OPT,GBUG7 P13550,2027-02-05,P,1.355,0.028200000,3,
2026-08-05,GBU,OPT,GBUG7 P13600,2027-02-05,P,1.36,0.030800000,3,
2026-08-05,GBU,OPT,GBUG7 P13650,2027-02-05,P,1.365,0.033600000,3,
2026-08-05,GBU,OPT,GBUG7 P13700,2027-02-05,P,1.37,0.036600000,3,
2026-08-05,GBU,OPT,GBUG7 P13750,2027-02-05,P,1.375,0.039800000,3,
2026-08-05,GBU,OPT,GBUG7 P13800,2027-02-05,P,1.38,0.043200000,3,
2026-08-05,GBU,OPT,GBUG7 P13850,2027-02-05,P,1.385,0.046700000,3,
2026-08-05,GBU,OPT,GBUG7 P13900,2027-02-05,P,1.39,0.050400000,3,
2026-08-05,GBU,OPT,GBUG7 P13950,2027-02-05,P,1.395,0.054200000,3,
2026-08-05,GBU,OPT,GBUG7 P14000,2027-02-05,P,1.4,0.058100000,3,
2026-08-05,GBU,OPT,GBUG7 P14050,2027-02-05,P,1.405,0.062200000,3,
2026-08-05,GBU,OPT,GBUG7 P14100,2027-02-05,P,1.41,0.066300000,3,
2026-08-05,GBU,OPT,GBUG7 P14150,2027-02-05,P,1.415,0.070600000,3,
2026-08-05,GBU,OPT,GBUG7 P14200,2027-02-05,P,1.42,0.075000000,3,
2026-08-05,GBU,OPT,GBUG7 P14300,2027-02-05,P,1.43,0.083900000,3,
2026-08-05,GBU,OPT,GBUG7 P14400,2027-02-05,P,1.44,0.093000000,3,
2026-08-05,GBU,OPT,GBUG7 P14500,2027-02-05,P,1.45,0.102400000,3,
2026-08-05,GBU,OPT,GBUG7 P14600,2027-02-05,P,1.46,0.111800000,3,
2026-08-05,GBU,OPT,GBUG7 P14700,2027-02-05,P,1.47,0.121300000,3,
2026-08-05,GBU,OPT,GBUG7 P14800,2027-02-05,P,1.48,0.130900000,3,
2026-08-05,GBU,OPT,GBUG7 P14900,2027-02-05,P,1.49,0.140600000,3,
2026-08-05,GBU,OPT,GBUG7 P15000,2027-02-05,P,1.5,0.150300000,3,
2026-08-05,GBU,OPT,GBUG7 P15100,2027-02-05,P,1.51,0.160000000,3,
2026-08-05,GBU,OPT,GBUG7 P15200,2027-02-05,P,1.52,0.169800000,3,
2026-08-05,GBU,OPT,GBUG7 P15300,2027-02-05,P,1.53,0.179600000,3,
2026-08-05,GBU,OPT,GBUG7 P15400,2027-02-05,P,1.54,0.189300000,3,
2026-08-05,GBU,OPT,GBUG7 P15500,2027-02-05,P,1.55,0.199100000,3,
2026-08-05,GBU,OPT,GBUG7 P15600,2027-02-05,P,1.56,0.208900000,3,
2026-08-05,GBU,OPT,GBUG7 P15700,2027-02-05,P,1.57,0.218700000,3,
2026-08-05,GBU,OPT,GBUH7 C10700,2027-03-05,C,1.07,0.271400000,3,
2026-08-05,GBU,OPT,GBUH7 C10800,2027-03-05,C,1.08,0.261600000,3,
2026-08-05,GBU,OPT,GBUH7 C10900,2027-03-05,C,1.09,0.251900000,3,
2026-08-05,GBU,OPT,GBUH7 C11000,2027-03-05,C,1.1,0.242200000,3,
2026-08-05,GBU,OPT,GBUH7 C11100,2027-03-05,C,1.11,0.232500000,3,
2026-08-05,GBU,OPT,GBUH7 C11200,2027-03-05,C,1.12,0.222800000,3,
2026-08-05,GBU,OPT,GBUH7 C11300,2027-03-05,C,1.13,0.213100000,3,
2026-08-05,GBU,OPT,GBUH7 C11400,2027-03-05,C,1.14,0.203400000,3,
2026-08-05,GBU,OPT,GBUH7 C11500,2027-03-05,C,1.15,0.193700000,3,
2026-08-05,GBU,OPT,GBUH7 C11600,2027-03-05,C,1.16,0.184000000,3,
2026-08-05,GBU,OPT,GBUH7 C11700,2027-03-05,C,1.17,0.174400000,3,
2026-08-05,GBU,OPT,GBUH7 C11800,2027-03-05,C,1.18,0.164800000,3,
2026-08-05,GBU,OPT,GBUH7 C11900,2027-03-05,C,1.19,0.155200000,3,
2026-08-05,GBU,OPT,GBUH7 C12000,2027-03-05,C,1.2,0.145700000,3,
2026-08-05,GBU,OPT,GBUH7 C12100,2027-03-05,C,1.21,0.136300000,3,
2026-08-05,GBU,OPT,GBUH7 C12200,2027-03-05,C,1.22,0.126900000,3,
2026-08-05,GBU,OPT,GBUH7 C12250,2027-03-05,C,1.225,0.122200000,3,
2026-08-05,GBU,OPT,GBUH7 C12300,2027-03-05,C,1.23,0.117600000,3,
2026-08-05,GBU,OPT,GBUH7 C12350,2027-03-05,C,1.235,0.113000000,3,
2026-08-05,GBU,OPT,GBUH7 C12400,2027-03-05,C,1.24,0.108500000,3,
2026-08-05,GBU,OPT,GBUH7 C12450,2027-03-05,C,1.245,0.104000000,3,
2026-08-05,GBU,OPT,GBUH7 C12500,2027-03-05,C,1.25,0.099500000,3,
2026-08-05,GBU,OPT,GBUH7 C12550,2027-03-05,C,1.255,0.095100000,3,
2026-08-05,GBU,OPT,GBUH7 C12600,2027-03-05,C,1.26,0.090700000,3,
2026-08-05,GBU,OPT,GBUH7 C12650,2027-03-05,C,1.265,0.086300000,3,
2026-08-05,GBU,OPT,GBUH7 C12700,2027-03-05,C,1.27,0.082000000,3,
2026-08-05,GBU,OPT,GBUH7 C12750,2027-03-05,C,1.275,0.077800000,3,
2026-08-05,GBU,OPT,GBUH7 C12800,2027-03-05,C,1.28,0.073600000,3,
2026-08-05,GBU,OPT,GBUH7 C12850,2027-03-05,C,1.285,0.069500000,3,
2026-08-05,GBU,OPT,GBUH7 C12900,2027-03-05,C,1.29,0.065400000,3,
2026-08-05,GBU,OPT,GBUH7 C12950,2027-03-05,C,1.295,0.061400000,3,
2026-08-05,GBU,OPT,GBUH7 C13000,2027-03-05,C,1.3,0.057600000,3,
2026-08-05,GBU,OPT,GBUH7 C13050,2027-03-05,C,1.305,0.053800000,3,
2026-08-05,GBU,OPT,GBUH7 C13100,2027-03-05,C,1.31,0.050100000,3,
2026-08-05,GBU,OPT,GBUH7 C13150,2027-03-05,C,1.315,0.046500000,3,
2026-08-05,GBU,OPT,GBUH7 C13200,2027-03-05,C,1.32,0.043000000,3,
2026-08-05,GBU,OPT,GBUH7 C13250,2027-03-05,C,1.325,0.039700000,3,
2026-08-05,GBU,OPT,GBUH7 C13300,2027-03-05,C,1.33,0.036500000,3,12
2026-08-05,GBU,OPT,GBUH7 C13350,2027-03-05,C,1.335,0.033400000,3,
2026-08-05,GBU,OPT,GBUH7 C13400,2027-03-05,C,1.34,0.030500000,3,1
2026-08-05,GBU,OPT,GBUH7 C13450,2027-03-05,C,1.345,0.027700000,3,
2026-08-05,GBU,OPT,GBUH7 C13500,2027-03-05,C,1.35,0.025100000,3,3
2026-08-05,GBU,OPT,GBUH7 C13550,2027-03-05,C,1.355,0.022600000,3,
2026-08-05,GBU,OPT,GBUH7 C13600,2027-03-05,C,1.36,0.020300000,3,1
2026-08-05,GBU,OPT,GBUH7 C13650,2027-03-05,C,1.365,0.018200000,3,
2026-08-05,GBU,OPT,GBUH7 C13700,2027-03-05,C,1.37,0.016300000,3,2
2026-08-05,GBU,OPT,GBUH7 C13750,2027-03-05,C,1.375,0.014500000,3,4
2026-08-05,GBU,OPT,GBUH7 C13800,2027-03-05,C,1.38,0.012800000,3,1
2026-08-05,GBU,OPT,GBUH7 C13850,2027-03-05,C,1.385,0.011300000,3,
2026-08-05,GBU,OPT,GBUH7 C13900,2027-03-05,C,1.39,0.010000000,3,2
2026-08-05,GBU,OPT,GBUH7 C13950,2027-03-05,C,1.395,0.008800000,3,
2026-08-05,GBU,OPT,GBUH7 C14000,2027-03-05,C,1.4,0.007700000,3,
2026-08-05,GBU,OPT,GBUH7 C14050,2027-03-05,C,1.405,0.006800000,3,
2026-08-05,GBU,OPT,GBUH7 C14100,2027-03-05,C,1.41,0.005900000,3,
2026-08-05,GBU,OPT,GBUH7 C14150,2027-03-05,C,1.415,0.005200000,3,
2026-08-05,GBU,OPT,GBUH7 C14200,2027-03-05,C,1.42,0.004600000,3,1
2026-08-05,GBU,OPT,GBUH7 C14250,2027-03-05,C,1.425,0.004000000,3,
2026-08-05,GBU,OPT,GBUH7 C14300,2027-03-05,C,1.43,0.003500000,3,
2026-08-05,GBU,OPT,GBUH7 C14400,2027-03-05,C,1.44,0.002600000,3,
2026-08-05,GBU,OPT,GBUH7 C14500,2027-03-05,C,1.45,0.002000000,3,
2026-08-05,GBU,OPT,GBUH7 C14600,2027-03-05,C,1.46,0.001500000,3,
2026-08-05,GBU,OPT,GBUH7 C14700,2027-03-05,C,1.47,0.001100000,3,
2026-08-05,GBU,OPT,GBUH7 C14800,2027-03-05,C,1.48,0.000900000,3,2
2026-08-05,GBU,OPT,GBUH7 C14900,2027-03-05,C,1.49,0.000700000,3,
2026-08-05,GBU,OPT,GBUH7 C15000,2027-03-05,C,1.5,0.000600000,3,
2026-08-05,GBU,OPT,GBUH7 C15100,2027-03-05,C,1.51,0.000500000,3,
2026-08-05,GBU,OPT,GBUH7 C15200,2027-03-05,C,1.52,0.000400000,3,
2026-08-05,GBU,OPT,GBUH7 C15300,2027-03-05,C,1.53,0.000300000,3,
2026-08-05,GBU,OPT,GBUH7 C15400,2027-03-05,C,1.54,0.000300000,3,
2026-08-05,GBU,OPT,GBUH7 C15500,2027-03-05,C,1.55,0.000200000,3,
2026-08-05,GBU,OPT,GBUH7 C15600,2027-03-05,C,1.56,0.000200000,3,
2026-08-05,GBU,OPT,GBUH7 C15700,2027-03-05,C,1.57,0.000200000,3,
2026-08-05,GBU,OPT,GBUH7 C15800,2027-03-05,C,1.58,0.000100000,3,
2026-08-05,GBU,OPT,GBUH7 P10700,2027-03-05,P,1.07,0.000400000,3,12
2026-08-05,GBU,OPT,GBUH7 P10800,2027-03-05,P,1.08,0.000400000,3,3
2026-08-05,GBU,OPT,GBUH7 P10900,2027-03-05,P,1.09,0.000500000,3,
2026-08-05,GBU,OPT,GBUH7 P11000,2027-03-05,P,1.1,0.000500000,3,1
2026-08-05,GBU,OPT,GBUH7 P11100,2027-03-05,P,1.11,0.000600000,3,
2026-08-05,GBU,OPT,GBUH7 P11200,2027-03-05,P,1.12,0.000700000,3,
2026-08-05,GBU,OPT,GBUH7 P11300,2027-03-05,P,1.13,0.000800000,3,
2026-08-05,GBU,OPT,GBUH7 P11400,2027-03-05,P,1.14,0.000800000,3,
2026-08-05,GBU,OPT,GBUH7 P11500,2027-03-05,P,1.15,0.001000000,3,1
2026-08-05,GBU,OPT,GBUH7 P11600,2027-03-05,P,1.16,0.001100000,3,
2026-08-05,GBU,OPT,GBUH7 P11700,2027-03-05,P,1.17,0.001200000,3,1
2026-08-05,GBU,OPT,GBUH7 P11800,2027-03-05,P,1.18,0.001400000,3,
2026-08-05,GBU,OPT,GBUH7 P11900,2027-03-05,P,1.19,0.001600000,3,
2026-08-05,GBU,OPT,GBUH7 P12000,2027-03-05,P,1.2,0.001900000,3,
2026-08-05,GBU,OPT,GBUH7 P12100,2027-03-05,P,1.21,0.002200000,3,4
2026-08-05,GBU,OPT,GBUH7 P12200,2027-03-05,P,1.22,0.002600000,3,
2026-08-05,GBU,OPT,GBUH7 P12250,2027-03-05,P,1.225,0.002800000,3,1
2026-08-05,GBU,OPT,GBUH7 P12300,2027-03-05,P,1.23,0.003100000,3,1
2026-08-05,GBU,OPT,GBUH7 P12350,2027-03-05,P,1.235,0.003400000,3,
2026-08-05,GBU,OPT,GBUH7 P12400,2027-03-05,P,1.24,0.003800000,3,
2026-08-05,GBU,OPT,GBUH7 P12450,2027-03-05,P,1.245,0.004100000,3,
2026-08-05,GBU,OPT,GBUH7 P12500,2027-03-05,P,1.25,0.004500000,3,
2026-08-05,GBU,OPT,GBUH7 P12550,2027-03-05,P,1.255,0.005000000,3,
2026-08-05,GBU,OPT,GBUH7 P12600,2027-03-05,P,1.26,0.005500000,3,
2026-08-05,GBU,OPT,GBUH7 P12650,2027-03-05,P,1.265,0.006000000,3,
2026-08-05,GBU,OPT,GBUH7 P12700,2027-03-05,P,1.27,0.006600000,3,
2026-08-05,GBU,OPT,GBUH7 P12750,2027-03-05,P,1.275,0.007300000,3,
2026-08-05,GBU,OPT,GBUH7 P12800,2027-03-05,P,1.28,0.008000000,3,1
2026-08-05,GBU,OPT,GBUH7 P12850,2027-03-05,P,1.285,0.008700000,3,1
2026-08-05,GBU,OPT,GBUH7 P12900,2027-03-05,P,1.29,0.009600000,3,1
2026-08-05,GBU,OPT,GBUH7 P12950,2027-03-05,P,1.295,0.010500000,3,
2026-08-05,GBU,OPT,GBUH7 P13000,2027-03-05,P,1.3,0.011500000,3,4
2026-08-05,GBU,OPT,GBUH7 P13050,2027-03-05,P,1.305,0.012600000,3,4
2026-08-05,GBU,OPT,GBUH7 P13100,2027-03-05,P,1.31,0.013800000,3,
2026-08-05,GBU,OPT,GBUH7 P13150,2027-03-05,P,1.315,0.015100000,3,
2026-08-05,GBU,OPT,GBUH7 P13200,2027-03-05,P,1.32,0.016500000,3,
2026-08-05,GBU,OPT,GBUH7 P13250,2027-03-05,P,1.325,0.018100000,3,3
2026-08-05,GBU,OPT,GBUH7 P13300,2027-03-05,P,1.33,0.019700000,3,9
2026-08-05,GBU,OPT,GBUH7 P13350,2027-03-05,P,1.335,0.021600000,3,
2026-08-05,GBU,OPT,GBUH7 P13400,2027-03-05,P,1.34,0.023500000,3,4
2026-08-05,GBU,OPT,GBUH7 P13450,2027-03-05,P,1.345,0.025700000,3,
2026-08-05,GBU,OPT,GBUH7 P13500,2027-03-05,P,1.35,0.027900000,3,1
2026-08-05,GBU,OPT,GBUH7 P13550,2027-03-05,P,1.355,0.030400000,3,
2026-08-05,GBU,OPT,GBUH7 P13600,2027-03-05,P,1.36,0.033000000,3,
2026-08-05,GBU,OPT,GBUH7 P13650,2027-03-05,P,1.365,0.035700000,3,
2026-08-05,GBU,OPT,GBUH7 P13700,2027-03-05,P,1.37,0.038700000,3,
2026-08-05,GBU,OPT,GBUH7 P13750,2027-03-05,P,1.375,0.041700000,3,
2026-08-05,GBU,OPT,GBUH7 P13800,2027-03-05,P,1.38,0.045000000,3,
2026-08-05,GBU,OPT,GBUH7 P13850,2027-03-05,P,1.385,0.048400000,3,
2026-08-05,GBU,OPT,GBUH7 P13900,2027-03-05,P,1.39,0.052000000,3,
2026-08-05,GBU,OPT,GBUH7 P13950,2027-03-05,P,1.395,0.055600000,3,
2026-08-05,GBU,OPT,GBUH7 P14000,2027-03-05,P,1.4,0.059500000,3,
2026-08-05,GBU,OPT,GBUH7 P14050,2027-03-05,P,1.405,0.063400000,3,
2026-08-05,GBU,OPT,GBUH7 P14100,2027-03-05,P,1.41,0.067500000,3,
2026-08-05,GBU,OPT,GBUH7 P14150,2027-03-05,P,1.415,0.071600000,3,
2026-08-05,GBU,OPT,GBUH7 P14200,2027-03-05,P,1.42,0.075800000,3,
2026-08-05,GBU,OPT,GBUH7 P14250,2027-03-05,P,1.425,0.080200000,3,
2026-08-05,GBU,OPT,GBUH7 P14300,2027-03-05,P,1.43,0.084500000,3,
2026-08-05,GBU,OPT,GBUH7 P14400,2027-03-05,P,1.44,0.093500000,3,
2026-08-05,GBU,OPT,GBUH7 P14500,2027-03-05,P,1.45,0.102600000,3,
2026-08-05,GBU,OPT,GBUH7 P14600,2027-03-05,P,1.46,0.111900000,3,
2026-08-05,GBU,OPT,GBUH7 P14700,2027-03-05,P,1.47,0.121300000,3,
2026-08-05,GBU,OPT,GBUH7 P14800,2027-03-05,P,1.48,0.130900000,3,
2026-08-05,GBU,OPT,GBUH7 P14900,2027-03-05,P,1.49,0.140500000,3,
2026-08-05,GBU,OPT,GBUH7 P15000,2027-03-05,P,1.5,0.150100000,3,
2026-08-05,GBU,OPT,GBUH7 P15100,2027-03-05,P,1.51,0.159800000,3,
2026-08-05,GBU,OPT,GBUH7 P15200,2027-03-05,P,1.52,0.169500000,3,
2026-08-05,GBU,OPT,GBUH7 P15300,2027-03-05,P,1.53,0.179200000,3,
2026-08-05,GBU,OPT,GBUH7 P15400,2027-03-05,P,1.54,0.188900000,3,
2026-08-05,GBU,OPT,GBUH7 P15500,2027-03-05,P,1.55,0.198600000,3,
2026-08-05,GBU,OPT,GBUH7 P15600,2027-03-05,P,1.56,0.208400000,3,
2026-08-05,GBU,OPT,GBUH7 P15700,2027-03-05,P,1.57,0.218100000,3,
2026-08-05,GBU,OPT,GBUH7 P15800,2027-03-05,P,1.58,0.227900000,3,
2026-08-05,GBU,OPT,GBUJ7 C11200,2027-04-09,C,1.12,0.222100000,3,
2026-08-05,GBU,OPT,GBUJ7 C11300,2027-04-09,C,1.13,0.212400000,3,
2026-08-05,GBU,OPT,GBUJ7 C11400,2027-04-09,C,1.14,0.202800000,3,
2026-08-05,GBU,OPT,GBUJ7 C11500,2027-04-09,C,1.15,0.193200000,3,
2026-08-05,GBU,OPT,GBUJ7 C11600,2027-04-09,C,1.16,0.183600000,3,
2026-08-05,GBU,OPT,GBUJ7 C11700,2027-04-09,C,1.17,0.174100000,3,
2026-08-05,GBU,OPT,GBUJ7 C11800,2027-04-09,C,1.18,0.164600000,3,
2026-08-05,GBU,OPT,GBUJ7 C11900,2027-04-09,C,1.19,0.155100000,3,
2026-08-05,GBU,OPT,GBUJ7 C12000,2027-04-09,C,1.2,0.145800000,3,
2026-08-05,GBU,OPT,GBUJ7 C12100,2027-04-09,C,1.21,0.136500000,3,
2026-08-05,GBU,OPT,GBUJ7 C12200,2027-04-09,C,1.22,0.127300000,3,
2026-08-05,GBU,OPT,GBUJ7 C12300,2027-04-09,C,1.23,0.118200000,3,
2026-08-05,GBU,OPT,GBUJ7 C12400,2027-04-09,C,1.24,0.109300000,3,
2026-08-05,GBU,OPT,GBUJ7 C12500,2027-04-09,C,1.25,0.100500000,3,
2026-08-05,GBU,OPT,GBUJ7 C12600,2027-04-09,C,1.26,0.091800000,3,
2026-08-05,GBU,OPT,GBUJ7 C12650,2027-04-09,C,1.265,0.087600000,3,
2026-08-05,GBU,OPT,GBUJ7 C12700,2027-04-09,C,1.27,0.083400000,3,
2026-08-05,GBU,OPT,GBUJ7 C12750,2027-04-09,C,1.275,0.079200000,3,
2026-08-05,GBU,OPT,GBUJ7 C12800,2027-04-09,C,1.28,0.075100000,3,
2026-08-05,GBU,OPT,GBUJ7 C12850,2027-04-09,C,1.285,0.071100000,3,
2026-08-05,GBU,OPT,GBUJ7 C12900,2027-04-09,C,1.29,0.067100000,3,
2026-08-05,GBU,OPT,GBUJ7 C12950,2027-04-09,C,1.295,0.063200000,3,
2026-08-05,GBU,OPT,GBUJ7 C13000,2027-04-09,C,1.3,0.059400000,3,
2026-08-05,GBU,OPT,GBUJ7 C13050,2027-04-09,C,1.305,0.055700000,3,
2026-08-05,GBU,OPT,GBUJ7 C13100,2027-04-09,C,1.31,0.052100000,3,
2026-08-05,GBU,OPT,GBUJ7 C13150,2027-04-09,C,1.315,0.048600000,3,
2026-08-05,GBU,OPT,GBUJ7 C13200,2027-04-09,C,1.32,0.045200000,3,
2026-08-05,GBU,OPT,GBUJ7 C13250,2027-04-09,C,1.325,0.041900000,3,
2026-08-05,GBU,OPT,GBUJ7 C13300,2027-04-09,C,1.33,0.038800000,3,
2026-08-05,GBU,OPT,GBUJ7 C13350,2027-04-09,C,1.335,0.035700000,3,3
2026-08-05,GBU,OPT,GBUJ7 C13400,2027-04-09,C,1.34,0.032900000,3,
2026-08-05,GBU,OPT,GBUJ7 C13450,2027-04-09,C,1.345,0.030100000,3,
2026-08-05,GBU,OPT,GBUJ7 C13500,2027-04-09,C,1.35,0.027500000,3,22
2026-08-05,GBU,OPT,GBUJ7 C13550,2027-04-09,C,1.355,0.025000000,3,
2026-08-05,GBU,OPT,GBUJ7 C13600,2027-04-09,C,1.36,0.022700000,3,
2026-08-05,GBU,OPT,GBUJ7 C13650,2027-04-09,C,1.365,0.020500000,3,1
2026-08-05,GBU,OPT,GBUJ7 C13700,2027-04-09,C,1.37,0.018500000,3,1
2026-08-05,GBU,OPT,GBUJ7 C13750,2027-04-09,C,1.375,0.016700000,3,
2026-08-05,GBU,OPT,GBUJ7 C13800,2027-04-09,C,1.38,0.014900000,3,
2026-08-05,GBU,OPT,GBUJ7 C13850,2027-04-09,C,1.385,0.013400000,3,
2026-08-05,GBU,OPT,GBUJ7 C13900,2027-04-09,C,1.39,0.012000000,3,
2026-08-05,GBU,OPT,GBUJ7 C13950,2027-04-09,C,1.395,0.010700000,3,
2026-08-05,GBU,OPT,GBUJ7 C14000,2027-04-09,C,1.4,0.009500000,3,22
2026-08-05,GBU,OPT,GBUJ7 C14050,2027-04-09,C,1.405,0.008400000,3,
2026-08-05,GBU,OPT,GBUJ7 C14100,2027-04-09,C,1.41,0.007500000,3,
2026-08-05,GBU,OPT,GBUJ7 C14200,2027-04-09,C,1.42,0.005900000,3,
2026-08-05,GBU,OPT,GBUJ7 C14300,2027-04-09,C,1.43,0.004600000,3,
2026-08-05,GBU,OPT,GBUJ7 C14400,2027-04-09,C,1.44,0.003600000,3,
2026-08-05,GBU,OPT,GBUJ7 C14500,2027-04-09,C,1.45,0.002900000,3,
2026-08-05,GBU,OPT,GBUJ7 C14600,2027-04-09,C,1.46,0.002200000,3,
2026-08-05,GBU,OPT,GBUJ7 C14700,2027-04-09,C,1.47,0.001800000,3,4
2026-08-05,GBU,OPT,GBUJ7 C14800,2027-04-09,C,1.48,0.001400000,3,
2026-08-05,GBU,OPT,GBUJ7 C14900,2027-04-09,C,1.49,0.001100000,3,
2026-08-05,GBU,OPT,GBUJ7 C15000,2027-04-09,C,1.5,0.000900000,3,
2026-08-05,GBU,OPT,GBUJ7 C15100,2027-04-09,C,1.51,0.000700000,3,
2026-08-05,GBU,OPT,GBUJ7 C15200,2027-04-09,C,1.52,0.000600000,3,
2026-08-05,GBU,OPT,GBUJ7 C15300,2027-04-09,C,1.53,0.000500000,3,
2026-08-05,GBU,OPT,GBUJ7 C15400,2027-04-09,C,1.54,0.000400000,3,
2026-08-05,GBU,OPT,GBUJ7 C15500,2027-04-09,C,1.55,0.000400000,3,
2026-08-05,GBU,OPT,GBUJ7 P11200,2027-04-09,P,1.12,0.000900000,3,
2026-08-05,GBU,OPT,GBUJ7 P11300,2027-04-09,P,1.13,0.001100000,3,
2026-08-05,GBU,OPT,GBUJ7 P11400,2027-04-09,P,1.14,0.001200000,3,
2026-08-05,GBU,OPT,GBUJ7 P11500,2027-04-09,P,1.15,0.001300000,3,
2026-08-05,GBU,OPT,GBUJ7 P11600,2027-04-09,P,1.16,0.001500000,3,
2026-08-05,GBU,OPT,GBUJ7 P11700,2027-04-09,P,1.17,0.001700000,3,
2026-08-05,GBU,OPT,GBUJ7 P11800,2027-04-09,P,1.18,0.001900000,3,90
2026-08-05,GBU,OPT,GBUJ7 P11900,2027-04-09,P,1.19,0.002200000,3,
2026-08-05,GBU,OPT,GBUJ7 P12000,2027-04-09,P,1.2,0.002600000,3,5
2026-08-05,GBU,OPT,GBUJ7 P12100,2027-04-09,P,1.21,0.003000000,3,
2026-08-05,GBU,OPT,GBUJ7 P12200,2027-04-09,P,1.22,0.003600000,3,
2026-08-05,GBU,OPT,GBUJ7 P12300,2027-04-09,P,1.23,0.004200000,3,
2026-08-05,GBU,OPT,GBUJ7 P12400,2027-04-09,P,1.24,0.005000000,3,
2026-08-05,GBU,OPT,GBUJ7 P12500,2027-04-09,P,1.25,0.006000000,3,10
2026-08-05,GBU,OPT,GBUJ7 P12600,2027-04-09,P,1.26,0.007100000,3,
2026-08-05,GBU,OPT,GBUJ7 P12650,2027-04-09,P,1.265,0.007700000,3,
2026-08-05,GBU,OPT,GBUJ7 P12700,2027-04-09,P,1.27,0.008400000,3,1
2026-08-05,GBU,OPT,GBUJ7 P12750,2027-04-09,P,1.275,0.009100000,3,1
2026-08-05,GBU,OPT,GBUJ7 P12800,2027-04-09,P,1.28,0.009900000,3,23
2026-08-05,GBU,OPT,GBUJ7 P12850,2027-04-09,P,1.285,0.010700000,3,
2026-08-05,GBU,OPT,GBUJ7 P12900,2027-04-09,P,1.29,0.011600000,3,
2026-08-05,GBU,OPT,GBUJ7 P12950,2027-04-09,P,1.295,0.012600000,3,
2026-08-05,GBU,OPT,GBUJ7 P13000,2027-04-09,P,1.3,0.013600000,3,
2026-08-05,GBU,OPT,GBUJ7 P13050,2027-04-09,P,1.305,0.014800000,3,
2026-08-05,GBU,OPT,GBUJ7 P13100,2027-04-09,P,1.31,0.016100000,3,
2026-08-05,GBU,OPT,GBUJ7 P13150,2027-04-09,P,1.315,0.017400000,3,
2026-08-05,GBU,OPT,GBUJ7 P13200,2027-04-09,P,1.32,0.018900000,3,
2026-08-05,GBU,OPT,GBUJ7 P13250,2027-04-09,P,1.325,0.020500000,3,
2026-08-05,GBU,OPT,GBUJ7 P13300,2027-04-09,P,1.33,0.022200000,3,600
2026-08-05,GBU,OPT,GBUJ7 P13350,2027-04-09,P,1.335,0.024100000,3,
2026-08-05,GBU,OPT,GBUJ7 P13400,2027-04-09,P,1.34,0.026000000,3,50
2026-08-05,GBU,OPT,GBUJ7 P13450,2027-04-09,P,1.345,0.028100000,3,
2026-08-05,GBU,OPT,GBUJ7 P13500,2027-04-09,P,1.35,0.030400000,3,
2026-08-05,GBU,OPT,GBUJ7 P13550,2027-04-09,P,1.355,0.032800000,3,3
2026-08-05,GBU,OPT,GBUJ7 P13600,2027-04-09,P,1.36,0.035400000,3,50
2026-08-05,GBU,OPT,GBUJ7 P13650,2027-04-09,P,1.365,0.038100000,3,
2026-08-05,GBU,OPT,GBUJ7 P13700,2027-04-09,P,1.37,0.040900000,3,
2026-08-05,GBU,OPT,GBUJ7 P13750,2027-04-09,P,1.375,0.043900000,3,
2026-08-05,GBU,OPT,GBUJ7 P13800,2027-04-09,P,1.38,0.047100000,3,
2026-08-05,GBU,OPT,GBUJ7 P13850,2027-04-09,P,1.385,0.050400000,3,
2026-08-05,GBU,OPT,GBUJ7 P13900,2027-04-09,P,1.39,0.053800000,3,
2026-08-05,GBU,OPT,GBUJ7 P13950,2027-04-09,P,1.395,0.057400000,3,
2026-08-05,GBU,OPT,GBUJ7 P14000,2027-04-09,P,1.4,0.061100000,3,
2026-08-05,GBU,OPT,GBUJ7 P14050,2027-04-09,P,1.405,0.064900000,3,
2026-08-05,GBU,OPT,GBUJ7 P14100,2027-04-09,P,1.41,0.068900000,3,
2026-08-05,GBU,OPT,GBUJ7 P14200,2027-04-09,P,1.42,0.077000000,3,
2026-08-05,GBU,OPT,GBUJ7 P14300,2027-04-09,P,1.43,0.085500000,3,1
2026-08-05,GBU,OPT,GBUJ7 P14400,2027-04-09,P,1.44,0.094200000,3,1
2026-08-05,GBU,OPT,GBUJ7 P14500,2027-04-09,P,1.45,0.103200000,3,
2026-08-05,GBU,OPT,GBUJ7 P14600,2027-04-09,P,1.46,0.112300000,3,
2026-08-05,GBU,OPT,GBUJ7 P14700,2027-04-09,P,1.47,0.121600000,3,
2026-08-05,GBU,OPT,GBUJ7 P14800,2027-04-09,P,1.48,0.130900000,3,
2026-08-05,GBU,OPT,GBUJ7 P14900,2027-04-09,P,1.49,0.140400000,3,
2026-08-05,GBU,OPT,GBUJ7 P15000,2027-04-09,P,1.5,0.149900000,3,
2026-08-05,GBU,OPT,GBUJ7 P15100,2027-04-09,P,1.51,0.159500000,3,
2026-08-05,GBU,OPT,GBUJ7 P15200,2027-04-09,P,1.52,0.169100000,3,
2026-08-05,GBU,OPT,GBUJ7 P15300,2027-04-09,P,1.53,0.178800000,3,
2026-08-05,GBU,OPT,GBUJ7 P15400,2027-04-09,P,1.54,0.188400000,3,
2026-08-05,GBU,OPT,GBUJ7 P15500,2027-04-09,P,1.55,0.198100000,3,
2026-08-05,GBU,OPT,GBUK7 C11200,2027-05-07,C,1.12,0.221600000,3,
2026-08-05,GBU,OPT,GBUK7 C11300,2027-05-07,C,1.13,0.212100000,3,
2026-08-05,GBU,OPT,GBUK7 C11400,2027-05-07,C,1.14,0.202500000,3,
2026-08-05,GBU,OPT,GBUK7 C11500,2027-05-07,C,1.15,0.193000000,3,
2026-08-05,GBU,OPT,GBUK7 C11600,2027-05-07,C,1.16,0.183500000,3,
2026-08-05,GBU,OPT,GBUK7 C11700,2027-05-07,C,1.17,0.174000000,3,
2026-08-05,GBU,OPT,GBUK7 C11800,2027-05-07,C,1.18,0.164600000,3,
2026-08-05,GBU,OPT,GBUK7 C11900,2027-05-07,C,1.19,0.155300000,3,
2026-08-05,GBU,OPT,GBUK7 C12000,2027-05-07,C,1.2,0.146000000,3,
2026-08-05,GBU,OPT,GBUK7 C12100,2027-05-07,C,1.21,0.136800000,3,
2026-08-05,GBU,OPT,GBUK7 C12200,2027-05-07,C,1.22,0.127800000,3,
2026-08-05,GBU,OPT,GBUK7 C12300,2027-05-07,C,1.23,0.118800000,3,
2026-08-05,GBU,OPT,GBUK7 C12400,2027-05-07,C,1.24,0.110100000,3,
2026-08-05,GBU,OPT,GBUK7 C12500,2027-05-07,C,1.25,0.101400000,3,
2026-08-05,GBU,OPT,GBUK7 C12600,2027-05-07,C,1.26,0.092900000,3,
2026-08-05,GBU,OPT,GBUK7 C12650,2027-05-07,C,1.265,0.088800000,3,
2026-08-05,GBU,OPT,GBUK7 C12700,2027-05-07,C,1.27,0.084700000,3,
2026-08-05,GBU,OPT,GBUK7 C12750,2027-05-07,C,1.275,0.080600000,3,
2026-08-05,GBU,OPT,GBUK7 C12800,2027-05-07,C,1.28,0.076600000,3,
2026-08-05,GBU,OPT,GBUK7 C12850,2027-05-07,C,1.285,0.072600000,3,
2026-08-05,GBU,OPT,GBUK7 C12900,2027-05-07,C,1.29,0.068700000,3,
2026-08-05,GBU,OPT,GBUK7 C12950,2027-05-07,C,1.295,0.064900000,3,
2026-08-05,GBU,OPT,GBUK7 C13000,2027-05-07,C,1.3,0.061100000,3,
2026-08-05,GBU,OPT,GBUK7 C13050,2027-05-07,C,1.305,0.057500000,3,
2026-08-05,GBU,OPT,GBUK7 C13100,2027-05-07,C,1.31,0.053900000,3,
2026-08-05,GBU,OPT,GBUK7 C13150,2027-05-07,C,1.315,0.050500000,3,
2026-08-05,GBU,OPT,GBUK7 C13200,2027-05-07,C,1.32,0.047100000,3,4
2026-08-05,GBU,OPT,GBUK7 C13250,2027-05-07,C,1.325,0.043900000,3,
2026-08-05,GBU,OPT,GBUK7 C13300,2027-05-07,C,1.33,0.040800000,3,
2026-08-05,GBU,OPT,GBUK7 C13350,2027-05-07,C,1.335,0.037800000,3,
2026-08-05,GBU,OPT,GBUK7 C13400,2027-05-07,C,1.34,0.034900000,3,5
2026-08-05,GBU,OPT,GBUK7 C13450,2027-05-07,C,1.345,0.032100000,3,
2026-08-05,GBU,OPT,GBUK7 C13500,2027-05-07,C,1.35,0.029500000,3,
2026-08-05,GBU,OPT,GBUK7 C13550,2027-05-07,C,1.355,0.027100000,3,
2026-08-05,GBU,OPT,GBUK7 C13600,2027-05-07,C,1.36,0.024700000,3,
2026-08-05,GBU,OPT,GBUK7 C13650,2027-05-07,C,1.365,0.022500000,3,1
2026-08-05,GBU,OPT,GBUK7 C13700,2027-05-07,C,1.37,0.020500000,3,1
2026-08-05,GBU,OPT,GBUK7 C13750,2027-05-07,C,1.375,0.018600000,3,
2026-08-05,GBU,OPT,GBUK7 C13800,2027-05-07,C,1.38,0.016900000,3,
2026-08-05,GBU,OPT,GBUK7 C13850,2027-05-07,C,1.385,0.015200000,3,
2026-08-05,GBU,OPT,GBUK7 C13900,2027-05-07,C,1.39,0.013700000,3,
2026-08-05,GBU,OPT,GBUK7 C13950,2027-05-07,C,1.395,0.012400000,3,
2026-08-05,GBU,OPT,GBUK7 C14000,2027-05-07,C,1.4,0.011200000,3,
2026-08-05,GBU,OPT,GBUK7 C14050,2027-05-07,C,1.405,0.010000000,3,
2026-08-05,GBU,OPT,GBUK7 C14100,2027-05-07,C,1.41,0.009000000,3,
2026-08-05,GBU,OPT,GBUK7 C14200,2027-05-07,C,1.42,0.007300000,3,
2026-08-05,GBU,OPT,GBUK7 C14300,2027-05-07,C,1.43,0.005800000,3,
2026-08-05,GBU,OPT,GBUK7 C14400,2027-05-07,C,1.44,0.004700000,3,
2026-08-05,GBU,OPT,GBUK7 C14500,2027-05-07,C,1.45,0.003700000,3,
2026-08-05,GBU,OPT,GBUK7 C14600,2027-05-07,C,1.46,0.003000000,3,
2026-08-05,GBU,OPT,GBUK7 C14700,2027-05-07,C,1.47,0.002400000,3,
2026-08-05,GBU,OPT,GBUK7 C14800,2027-05-07,C,1.48,0.001900000,3,
2026-08-05,GBU,OPT,GBUK7 C14900,2027-05-07,C,1.49,0.001500000,3,
2026-08-05,GBU,OPT,GBUK7 C15000,2027-05-07,C,1.5,0.001200000,3,
2026-08-05,GBU,OPT,GBUK7 C15100,2027-05-07,C,1.51,0.001000000,3,
2026-08-05,GBU,OPT,GBUK7 C15200,2027-05-07,C,1.52,0.000800000,3,2
2026-08-05,GBU,OPT,GBUK7 C15300,2027-05-07,C,1.53,0.000600000,3,
2026-08-05,GBU,OPT,GBUK7 C15400,2027-05-07,C,1.54,0.000500000,3,
2026-08-05,GBU,OPT,GBUK7 C15500,2027-05-07,C,1.55,0.000400000,3,
2026-08-05,GBU,OPT,GBUK7 P11200,2027-05-07,P,1.12,0.001200000,3,
2026-08-05,GBU,OPT,GBUK7 P11300,2027-05-07,P,1.13,0.001400000,3,2
2026-08-05,GBU,OPT,GBUK7 P11400,2027-05-07,P,1.14,0.001500000,3,
2026-08-05,GBU,OPT,GBUK7 P11500,2027-05-07,P,1.15,0.001700000,3,3
2026-08-05,GBU,OPT,GBUK7 P11600,2027-05-07,P,1.16,0.001900000,3,
2026-08-05,GBU,OPT,GBUK7 P11700,2027-05-07,P,1.17,0.002100000,3,
2026-08-05,GBU,OPT,GBUK7 P11800,2027-05-07,P,1.18,0.002400000,3,
2026-08-05,GBU,OPT,GBUK7 P11900,2027-05-07,P,1.19,0.002800000,3,
2026-08-05,GBU,OPT,GBUK7 P12000,2027-05-07,P,1.2,0.003200000,3,
2026-08-05,GBU,OPT,GBUK7 P12100,2027-05-07,P,1.21,0.003800000,3,
2026-08-05,GBU,OPT,GBUK7 P12200,2027-05-07,P,1.22,0.004400000,3,
2026-08-05,GBU,OPT,GBUK7 P12300,2027-05-07,P,1.23,0.005200000,3,
2026-08-05,GBU,OPT,GBUK7 P12400,2027-05-07,P,1.24,0.006200000,3,
2026-08-05,GBU,OPT,GBUK7 P12500,2027-05-07,P,1.25,0.007200000,3,
2026-08-05,GBU,OPT,GBUK7 P12600,2027-05-07,P,1.26,0.008500000,3,1
2026-08-05,GBU,OPT,GBUK7 P12650,2027-05-07,P,1.265,0.009200000,3,
2026-08-05,GBU,OPT,GBUK7 P12700,2027-05-07,P,1.27,0.009900000,3,1
2026-08-05,GBU,OPT,GBUK7 P12750,2027-05-07,P,1.275,0.010700000,3,
2026-08-05,GBU,OPT,GBUK7 P12800,2027-05-07,P,1.28,0.011500000,3,1
2026-08-05,GBU,OPT,GBUK7 P12850,2027-05-07,P,1.285,0.012400000,3,
2026-08-05,GBU,OPT,GBUK7 P12900,2027-05-07,P,1.29,0.013400000,3,
2026-08-05,GBU,OPT,GBUK7 P12950,2027-05-07,P,1.295,0.014400000,3,
2026-08-05,GBU,OPT,GBUK7 P13000,2027-05-07,P,1.3,0.015500000,3,10
2026-08-05,GBU,OPT,GBUK7 P13050,2027-05-07,P,1.305,0.016700000,3,
2026-08-05,GBU,OPT,GBUK7 P13100,2027-05-07,P,1.31,0.018000000,3,
2026-08-05,GBU,OPT,GBUK7 P13150,2027-05-07,P,1.315,0.019400000,3,
2026-08-05,GBU,OPT,GBUK7 P13200,2027-05-07,P,1.32,0.020900000,3,50
2026-08-05,GBU,OPT,GBUK7 P13250,2027-05-07,P,1.325,0.022500000,3,
2026-08-05,GBU,OPT,GBUK7 P13300,2027-05-07,P,1.33,0.024200000,3,
2026-08-05,GBU,OPT,GBUK7 P13350,2027-05-07,P,1.335,0.026100000,3,
2026-08-05,GBU,OPT,GBUK7 P13400,2027-05-07,P,1.34,0.028100000,3,
2026-08-05,GBU,OPT,GBUK7 P13450,2027-05-07,P,1.345,0.030200000,3,
2026-08-05,GBU,OPT,GBUK7 P13500,2027-05-07,P,1.35,0.032400000,3,50
2026-08-05,GBU,OPT,GBUK7 P13550,2027-05-07,P,1.355,0.034800000,3,
2026-08-05,GBU,OPT,GBUK7 P13600,2027-05-07,P,1.36,0.037400000,3,
2026-08-05,GBU,OPT,GBUK7 P13650,2027-05-07,P,1.365,0.040000000,3,
2026-08-05,GBU,OPT,GBUK7 P13700,2027-05-07,P,1.37,0.042800000,3,
2026-08-05,GBU,OPT,GBUK7 P13750,2027-05-07,P,1.375,0.045800000,3,
2026-08-05,GBU,OPT,GBUK7 P13800,2027-05-07,P,1.38,0.048900000,3,
2026-08-05,GBU,OPT,GBUK7 P13850,2027-05-07,P,1.385,0.052100000,3,
2026-08-05,GBU,OPT,GBUK7 P13900,2027-05-07,P,1.39,0.055500000,3,
2026-08-05,GBU,OPT,GBUK7 P13950,2027-05-07,P,1.395,0.059000000,3,
2026-08-05,GBU,OPT,GBUK7 P14000,2027-05-07,P,1.4,0.062600000,3,
2026-08-05,GBU,OPT,GBUK7 P14050,2027-05-07,P,1.405,0.066400000,3,
2026-08-05,GBU,OPT,GBUK7 P14100,2027-05-07,P,1.41,0.070200000,3,
2026-08-05,GBU,OPT,GBUK7 P14200,2027-05-07,P,1.42,0.078100000,3,
2026-08-05,GBU,OPT,GBUK7 P14300,2027-05-07,P,1.43,0.086400000,3,
2026-08-05,GBU,OPT,GBUK7 P14400,2027-05-07,P,1.44,0.095000000,3,
2026-08-05,GBU,OPT,GBUK7 P14500,2027-05-07,P,1.45,0.103700000,3,
2026-08-05,GBU,OPT,GBUK7 P14600,2027-05-07,P,1.46,0.112700000,3,
2026-08-05,GBU,OPT,GBUK7 P14700,2027-05-07,P,1.47,0.121800000,3,
2026-08-05,GBU,OPT,GBUK7 P14800,2027-05-07,P,1.48,0.131000000,3,
2026-08-05,GBU,OPT,GBUK7 P14900,2027-05-07,P,1.49,0.140400000,3,
2026-08-05,GBU,OPT,GBUK7 P15000,2027-05-07,P,1.5,0.149800000,3,
2026-08-05,GBU,OPT,GBUK7 P15100,2027-05-07,P,1.51,0.159200000,3,
2026-08-05,GBU,OPT,GBUK7 P15200,2027-05-07,P,1.52,0.168800000,3,
2026-08-05,GBU,OPT,GBUK7 P15300,2027-05-07,P,1.53,0.178300000,3,
2026-08-05,GBU,OPT,GBUK7 P15400,2027-05-07,P,1.54,0.187900000,3,
2026-08-05,GBU,OPT,GBUK7 P15500,2027-05-07,P,1.55,0.197500000,3,
2026-08-05,GBU,OPT,GBUM7 C11000,2027-06-04,C,1.1,0.240400000,3,
2026-08-05,GBU,OPT,GBUM7 C11100,2027-06-04,C,1.11,0.230800000,3,
2026-08-05,GBU,OPT,GBUM7 C11200,2027-06-04,C,1.12,0.221300000,3,
2026-08-05,GBU,OPT,GBUM7 C11300,2027-06-04,C,1.13,0.211800000,3,
2026-08-05,GBU,OPT,GBUM7 C11400,2027-06-04,C,1.14,0.202300000,3,
2026-08-05,GBU,OPT,GBUM7 C11500,2027-06-04,C,1.15,0.192800000,3,
2026-08-05,GBU,OPT,GBUM7 C11600,2027-06-04,C,1.16,0.183400000,3,
2026-08-05,GBU,OPT,GBUM7 C11700,2027-06-04,C,1.17,0.174000000,3,
2026-08-05,GBU,OPT,GBUM7 C11800,2027-06-04,C,1.18,0.164700000,3,
2026-08-05,GBU,OPT,GBUM7 C11900,2027-06-04,C,1.19,0.155400000,3,
2026-08-05,GBU,OPT,GBUM7 C12000,2027-06-04,C,1.2,0.146300000,3,
2026-08-05,GBU,OPT,GBUM7 C12100,2027-06-04,C,1.21,0.137200000,3,
2026-08-05,GBU,OPT,GBUM7 C12200,2027-06-04,C,1.22,0.128300000,3,
2026-08-05,GBU,OPT,GBUM7 C12300,2027-06-04,C,1.23,0.119500000,3,
2026-08-05,GBU,OPT,GBUM7 C12400,2027-06-04,C,1.24,0.110800000,3,
2026-08-05,GBU,OPT,GBUM7 C12500,2027-06-04,C,1.25,0.102300000,3,
2026-08-05,GBU,OPT,GBUM7 C12550,2027-06-04,C,1.255,0.098100000,3,
2026-08-05,GBU,OPT,GBUM7 C12600,2027-06-04,C,1.26,0.093900000,3,
2026-08-05,GBU,OPT,GBUM7 C12650,2027-06-04,C,1.265,0.089800000,3,
2026-08-05,GBU,OPT,GBUM7 C12700,2027-06-04,C,1.27,0.085800000,3,
2026-08-05,GBU,OPT,GBUM7 C12750,2027-06-04,C,1.275,0.081800000,3,
2026-08-05,GBU,OPT,GBUM7 C12800,2027-06-04,C,1.28,0.077800000,3,
2026-08-05,GBU,OPT,GBUM7 C12850,2027-06-04,C,1.285,0.073900000,3,
2026-08-05,GBU,OPT,GBUM7 C12900,2027-06-04,C,1.29,0.070100000,3,
2026-08-05,GBU,OPT,GBUM7 C12950,2027-06-04,C,1.295,0.066300000,3,
2026-08-05,GBU,OPT,GBUM7 C13000,2027-06-04,C,1.3,0.062600000,3,
2026-08-05,GBU,OPT,GBUM7 C13050,2027-06-04,C,1.305,0.059100000,3,
2026-08-05,GBU,OPT,GBUM7 C13100,2027-06-04,C,1.31,0.055600000,3,
2026-08-05,GBU,OPT,GBUM7 C13150,2027-06-04,C,1.315,0.052100000,3,
2026-08-05,GBU,OPT,GBUM7 C13200,2027-06-04,C,1.32,0.048800000,3,
2026-08-05,GBU,OPT,GBUM7 C13250,2027-06-04,C,1.325,0.045600000,3,
2026-08-05,GBU,OPT,GBUM7 C13300,2027-06-04,C,1.33,0.042600000,3,
2026-08-05,GBU,OPT,GBUM7 C13350,2027-06-04,C,1.335,0.039600000,3,
2026-08-05,GBU,OPT,GBUM7 C13400,2027-06-04,C,1.34,0.036700000,3,
2026-08-05,GBU,OPT,GBUM7 C13450,2027-06-04,C,1.345,0.034000000,3,
2026-08-05,GBU,OPT,GBUM7 C13500,2027-06-04,C,1.35,0.031400000,3,5
2026-08-05,GBU,OPT,GBUM7 C13550,2027-06-04,C,1.355,0.028900000,3,
2026-08-05,GBU,OPT,GBUM7 C13600,2027-06-04,C,1.36,0.026600000,3,
2026-08-05,GBU,OPT,GBUM7 C13650,2027-06-04,C,1.365,0.024300000,3,2
2026-08-05,GBU,OPT,GBUM7 C13700,2027-06-04,C,1.37,0.022300000,3,1
2026-08-05,GBU,OPT,GBUM7 C13750,2027-06-04,C,1.375,0.020300000,3,4
2026-08-05,GBU,OPT,GBUM7 C13800,2027-06-04,C,1.38,0.018500000,3,5
2026-08-05,GBU,OPT,GBUM7 C13850,2027-06-04,C,1.385,0.016900000,3,
2026-08-05,GBU,OPT,GBUM7 C13900,2027-06-04,C,1.39,0.015300000,3,
2026-08-05,GBU,OPT,GBUM7 C13950,2027-06-04,C,1.395,0.013900000,3,
2026-08-05,GBU,OPT,GBUM7 C14000,2027-06-04,C,1.4,0.012600000,3,8
2026-08-05,GBU,OPT,GBUM7 C14050,2027-06-04,C,1.405,0.011400000,3,
2026-08-05,GBU,OPT,GBUM7 C14100,2027-06-04,C,1.41,0.010300000,3,
2026-08-05,GBU,OPT,GBUM7 C14150,2027-06-04,C,1.415,0.009400000,3,
2026-08-05,GBU,OPT,GBUM7 C14200,2027-06-04,C,1.42,0.008500000,3,1
2026-08-05,GBU,OPT,GBUM7 C14250,2027-06-04,C,1.425,0.007600000,3,
2026-08-05,GBU,OPT,GBUM7 C14300,2027-06-04,C,1.43,0.006900000,3,
2026-08-05,GBU,OPT,GBUM7 C14400,2027-06-04,C,1.44,0.005600000,3,
2026-08-05,GBU,OPT,GBUM7 C14500,2027-06-04,C,1.45,0.004600000,3,
2026-08-05,GBU,OPT,GBUM7 C14600,2027-06-04,C,1.46,0.003700000,3,
2026-08-05,GBU,OPT,GBUM7 C14700,2027-06-04,C,1.47,0.003000000,3,
2026-08-05,GBU,OPT,GBUM7 C14800,2027-06-04,C,1.48,0.002400000,3,1
2026-08-05,GBU,OPT,GBUM7 C14900,2027-06-04,C,1.49,0.002000000,3,
2026-08-05,GBU,OPT,GBUM7 C15000,2027-06-04,C,1.5,0.001600000,3,
2026-08-05,GBU,OPT,GBUM7 C15100,2027-06-04,C,1.51,0.001300000,3,
2026-08-05,GBU,OPT,GBUM7 C15200,2027-06-04,C,1.52,0.001100000,3,
2026-08-05,GBU,OPT,GBUM7 C15300,2027-06-04,C,1.53,0.000900000,3,
2026-08-05,GBU,OPT,GBUM7 C15400,2027-06-04,C,1.54,0.000700000,3,
2026-08-05,GBU,OPT,GBUM7 C15500,2027-06-04,C,1.55,0.000600000,3,
2026-08-05,GBU,OPT,GBUM7 C15600,2027-06-04,C,1.56,0.000400000,3,
2026-08-05,GBU,OPT,GBUM7 C15700,2027-06-04,C,1.57,0.000300000,3,
2026-08-05,GBU,OPT,GBUM7 P11000,2027-06-04,P,1.1,0.001300000,3,2
2026-08-05,GBU,OPT,GBUM7 P11100,2027-06-04,P,1.11,0.001400000,3,
2026-08-05,GBU,OPT,GBUM7 P11200,2027-06-04,P,1.12,0.001500000,3,
2026-08-05,GBU,OPT,GBUM7 P11300,2027-06-04,P,1.13,0.001700000,3,
2026-08-05,GBU,OPT,GBUM7 P11400,2027-06-04,P,1.14,0.001900000,3,
2026-08-05,GBU,OPT,GBUM7 P11500,2027-06-04,P,1.15,0.002100000,3,5
2026-08-05,GBU,OPT,GBUM7 P11600,2027-06-04,P,1.16,0.002300000,3,
2026-08-05,GBU,OPT,GBUM7 P11700,2027-06-04,P,1.17,0.002600000,3,
2026-08-05,GBU,OPT,GBUM7 P11800,2027-06-04,P,1.18,0.003000000,3,
2026-08-05,GBU,OPT,GBUM7 P11900,2027-06-04,P,1.19,0.003400000,3,1
2026-08-05,GBU,OPT,GBUM7 P12000,2027-06-04,P,1.2,0.004000000,3,2
2026-08-05,GBU,OPT,GBUM7 P12100,2027-06-04,P,1.21,0.004600000,3,
2026-08-05,GBU,OPT,GBUM7 P12200,2027-06-04,P,1.22,0.005400000,3,
2026-08-05,GBU,OPT,GBUM7 P12300,2027-06-04,P,1.23,0.006200000,3,
2026-08-05,GBU,OPT,GBUM7 P12400,2027-06-04,P,1.24,0.007200000,3,4
2026-08-05,GBU,OPT,GBUM7 P12500,2027-06-04,P,1.25,0.008400000,3,
2026-08-05,GBU,OPT,GBUM7 P12550,2027-06-04,P,1.255,0.009000000,3,
2026-08-05,GBU,OPT,GBUM7 P12600,2027-06-04,P,1.26,0.009700000,3,
2026-08-05,GBU,OPT,GBUM7 P12650,2027-06-04,P,1.265,0.010500000,3,
2026-08-05,GBU,OPT,GBUM7 P12700,2027-06-04,P,1.27,0.011200000,3,1
2026-08-05,GBU,OPT,GBUM7 P12750,2027-06-04,P,1.275,0.012100000,3,
2026-08-05,GBU,OPT,GBUM7 P12800,2027-06-04,P,1.28,0.012900000,3,
2026-08-05,GBU,OPT,GBUM7 P12850,2027-06-04,P,1.285,0.013900000,3,
2026-08-05,GBU,OPT,GBUM7 P12900,2027-06-04,P,1.29,0.014900000,3,
2026-08-05,GBU,OPT,GBUM7 P12950,2027-06-04,P,1.295,0.016000000,3,
2026-08-05,GBU,OPT,GBUM7 P13000,2027-06-04,P,1.3,0.017100000,3,8
2026-08-05,GBU,OPT,GBUM7 P13050,2027-06-04,P,1.305,0.018400000,3,
2026-08-05,GBU,OPT,GBUM7 P13100,2027-06-04,P,1.31,0.019700000,3,
2026-08-05,GBU,OPT,GBUM7 P13150,2027-06-04,P,1.315,0.021200000,3,
2026-08-05,GBU,OPT,GBUM7 P13200,2027-06-04,P,1.32,0.022700000,3,100
2026-08-05,GBU,OPT,GBUM7 P13250,2027-06-04,P,1.325,0.024300000,3,
2026-08-05,GBU,OPT,GBUM7 P13300,2027-06-04,P,1.33,0.026100000,3,2
2026-08-05,GBU,OPT,GBUM7 P13350,2027-06-04,P,1.335,0.028000000,3,
2026-08-05,GBU,OPT,GBUM7 P13400,2027-06-04,P,1.34,0.029900000,3,
2026-08-05,GBU,OPT,GBUM7 P13450,2027-06-04,P,1.345,0.032000000,3,
2026-08-05,GBU,OPT,GBUM7 P13500,2027-06-04,P,1.35,0.034300000,3,100
2026-08-05,GBU,OPT,GBUM7 P13550,2027-06-04,P,1.355,0.036600000,3,
2026-08-05,GBU,OPT,GBUM7 P13600,2027-06-04,P,1.36,0.039100000,3,2
2026-08-05,GBU,OPT,GBUM7 P13650,2027-06-04,P,1.365,0.041800000,3,
2026-08-05,GBU,OPT,GBUM7 P13700,2027-06-04,P,1.37,0.044500000,3,
2026-08-05,GBU,OPT,GBUM7 P13750,2027-06-04,P,1.375,0.047400000,3,
2026-08-05,GBU,OPT,GBUM7 P13800,2027-06-04,P,1.38,0.050500000,3,
2026-08-05,GBU,OPT,GBUM7 P13850,2027-06-04,P,1.385,0.053600000,3,
2026-08-05,GBU,OPT,GBUM7 P13900,2027-06-04,P,1.39,0.056900000,3,1
2026-08-05,GBU,OPT,GBUM7 P13950,2027-06-04,P,1.395,0.060400000,3,
2026-08-05,GBU,OPT,GBUM7 P14000,2027-06-04,P,1.4,0.063900000,3,
2026-08-05,GBU,OPT,GBUM7 P14050,2027-06-04,P,1.405,0.067600000,3,
2026-08-05,GBU,OPT,GBUM7 P14100,2027-06-04,P,1.41,0.071300000,3,
2026-08-05,GBU,OPT,GBUM7 P14150,2027-06-04,P,1.415,0.075200000,3,
2026-08-05,GBU,OPT,GBUM7 P14200,2027-06-04,P,1.42,0.079100000,3,
2026-08-05,GBU,OPT,GBUM7 P14250,2027-06-04,P,1.425,0.083200000,3,
2026-08-05,GBU,OPT,GBUM7 P14300,2027-06-04,P,1.43,0.087300000,3,
2026-08-05,GBU,OPT,GBUM7 P14400,2027-06-04,P,1.44,0.095700000,3,
2026-08-05,GBU,OPT,GBUM7 P14500,2027-06-04,P,1.45,0.104300000,3,
2026-08-05,GBU,OPT,GBUM7 P14600,2027-06-04,P,1.46,0.113100000,3,
2026-08-05,GBU,OPT,GBUM7 P14700,2027-06-04,P,1.47,0.122100000,3,
2026-08-05,GBU,OPT,GBUM7 P14800,2027-06-04,P,1.48,0.131200000,3,
2026-08-05,GBU,OPT,GBUM7 P14900,2027-06-04,P,1.49,0.140400000,3,
2026-08-05,GBU,OPT,GBUM7 P15000,2027-06-04,P,1.5,0.149700000,3,
2026-08-05,GBU,OPT,GBUM7 P15100,2027-06-04,P,1.51,0.159100000,3,
2026-08-05,GBU,OPT,GBUM7 P15200,2027-06-04,P,1.52,0.168600000,3,
2026-08-05,GBU,OPT,GBUM7 P15300,2027-06-04,P,1.53,0.178000000,3,
2026-08-05,GBU,OPT,GBUM7 P15400,2027-06-04,P,1.54,0.187500000,3,
2026-08-05,GBU,OPT,GBUM7 P15500,2027-06-04,P,1.55,0.197100000,3,
2026-08-05,GBU,OPT,GBUM7 P15600,2027-06-04,P,1.56,0.206600000,3,
2026-08-05,GBU,OPT,GBUM7 P15700,2027-06-04,P,1.57,0.216200000,3,
2026-08-05,GBU,OPT,GBUN7 C11300,2027-07-09,C,1.13,0.210900000,3,
2026-08-05,GBU,OPT,GBUN7 C11400,2027-07-09,C,1.14,0.201500000,3,
2026-08-05,GBU,OPT,GBUN7 C11500,2027-07-09,C,1.15,0.192200000,3,
2026-08-05,GBU,OPT,GBUN7 C11600,2027-07-09,C,1.16,0.182900000,3,
2026-08-05,GBU,OPT,GBUN7 C11700,2027-07-09,C,1.17,0.173700000,3,
2026-08-05,GBU,OPT,GBUN7 C11800,2027-07-09,C,1.18,0.164600000,3,
2026-08-05,GBU,OPT,GBUN7 C11900,2027-07-09,C,1.19,0.155500000,3,
2026-08-05,GBU,OPT,GBUN7 C12000,2027-07-09,C,1.2,0.146500000,3,
2026-08-05,GBU,OPT,GBUN7 C12100,2027-07-09,C,1.21,0.137600000,3,
2026-08-05,GBU,OPT,GBUN7 C12200,2027-07-09,C,1.22,0.128800000,3,
2026-08-05,GBU,OPT,GBUN7 C12300,2027-07-09,C,1.23,0.120100000,3,
2026-08-05,GBU,OPT,GBUN7 C12400,2027-07-09,C,1.24,0.111600000,3,
2026-08-05,GBU,OPT,GBUN7 C12500,2027-07-09,C,1.25,0.103200000,3,
2026-08-05,GBU,OPT,GBUN7 C12600,2027-07-09,C,1.26,0.094900000,3,
2026-08-05,GBU,OPT,GBUN7 C12700,2027-07-09,C,1.27,0.086900000,3,
2026-08-05,GBU,OPT,GBUN7 C12800,2027-07-09,C,1.28,0.079100000,3,
2026-08-05,GBU,OPT,GBUN7 C12850,2027-07-09,C,1.285,0.075300000,3,
2026-08-05,GBU,OPT,GBUN7 C12900,2027-07-09,C,1.29,0.071500000,3,
2026-08-05,GBU,OPT,GBUN7 C12950,2027-07-09,C,1.295,0.067800000,3,
2026-08-05,GBU,OPT,GBUN7 C13000,2027-07-09,C,1.3,0.064200000,3,
2026-08-05,GBU,OPT,GBUN7 C13050,2027-07-09,C,1.305,0.060700000,3,
2026-08-05,GBU,OPT,GBUN7 C13100,2027-07-09,C,1.31,0.057300000,3,
2026-08-05,GBU,OPT,GBUN7 C13150,2027-07-09,C,1.315,0.053900000,3,
2026-08-05,GBU,OPT,GBUN7 C13200,2027-07-09,C,1.32,0.050700000,3,
2026-08-05,GBU,OPT,GBUN7 C13250,2027-07-09,C,1.325,0.047500000,3,
2026-08-05,GBU,OPT,GBUN7 C13300,2027-07-09,C,1.33,0.044500000,3,
2026-08-05,GBU,OPT,GBUN7 C13350,2027-07-09,C,1.335,0.041500000,3,
2026-08-05,GBU,OPT,GBUN7 C13400,2027-07-09,C,1.34,0.038700000,3,
2026-08-05,GBU,OPT,GBUN7 C13450,2027-07-09,C,1.345,0.036000000,3,
2026-08-05,GBU,OPT,GBUN7 C13500,2027-07-09,C,1.35,0.033400000,3,3
2026-08-05,GBU,OPT,GBUN7 C13550,2027-07-09,C,1.355,0.030900000,3,
2026-08-05,GBU,OPT,GBUN7 C13600,2027-07-09,C,1.36,0.028600000,3,1
2026-08-05,GBU,OPT,GBUN7 C13650,2027-07-09,C,1.365,0.026400000,3,
2026-08-05,GBU,OPT,GBUN7 C13700,2027-07-09,C,1.37,0.024300000,3,1
2026-08-05,GBU,OPT,GBUN7 C13750,2027-07-09,C,1.375,0.022300000,3,
2026-08-05,GBU,OPT,GBUN7 C13800,2027-07-09,C,1.38,0.020500000,3,
2026-08-05,GBU,OPT,GBUN7 C13850,2027-07-09,C,1.385,0.018700000,3,
2026-08-05,GBU,OPT,GBUN7 C13900,2027-07-09,C,1.39,0.017100000,3,
2026-08-05,GBU,OPT,GBUN7 C13950,2027-07-09,C,1.395,0.015700000,3,
2026-08-05,GBU,OPT,GBUN7 C14000,2027-07-09,C,1.4,0.014300000,3,
2026-08-05,GBU,OPT,GBUN7 C14100,2027-07-09,C,1.41,0.011900000,3,
2026-08-05,GBU,OPT,GBUN7 C14200,2027-07-09,C,1.42,0.009900000,3,
2026-08-05,GBU,OPT,GBUN7 C14300,2027-07-09,C,1.43,0.008200000,3,
2026-08-05,GBU,OPT,GBUN7 C14400,2027-07-09,C,1.44,0.006700000,3,1
2026-08-05,GBU,OPT,GBUN7 C14500,2027-07-09,C,1.45,0.005500000,3,
2026-08-05,GBU,OPT,GBUN7 C14600,2027-07-09,C,1.46,0.004500000,3,
2026-08-05,GBU,OPT,GBUN7 C14700,2027-07-09,C,1.47,0.003700000,3,6
2026-08-05,GBU,OPT,GBUN7 C14800,2027-07-09,C,1.48,0.003100000,3,3
2026-08-05,GBU,OPT,GBUN7 C14900,2027-07-09,C,1.49,0.002500000,3,
2026-08-05,GBU,OPT,GBUN7 C15000,2027-07-09,C,1.5,0.002000000,3,3
2026-08-05,GBU,OPT,GBUN7 C15100,2027-07-09,C,1.51,0.001700000,3,
2026-08-05,GBU,OPT,GBUN7 C15200,2027-07-09,C,1.52,0.001300000,3,3
2026-08-05,GBU,OPT,GBUN7 C15300,2027-07-09,C,1.53,0.001100000,3,
2026-08-05,GBU,OPT,GBUN7 C15400,2027-07-09,C,1.54,0.000900000,3,
2026-08-05,GBU,OPT,GBUN7 C15500,2027-07-09,C,1.55,0.000700000,3,
2026-08-05,GBU,OPT,GBUN7 P11300,2027-07-09,P,1.13,0.001800000,3,
2026-08-05,GBU,OPT,GBUN7 P11400,2027-07-09,P,1.14,0.002100000,3,
2026-08-05,GBU,OPT,GBUN7 P11500,2027-07-09,P,1.15,0.002400000,3,2
2026-08-05,GBU,OPT,GBUN7 P11600,2027-07-09,P,1.16,0.002800000,3,
2026-08-05,GBU,OPT,GBUN7 P11700,2027-07-09,P,1.17,0.003200000,3,
2026-08-05,GBU,OPT,GBUN7 P11800,2027-07-09,P,1.18,0.003700000,3,1
2026-08-05,GBU,OPT,GBUN7 P11900,2027-07-09,P,1.19,0.004300000,3,1
2026-08-05,GBU,OPT,GBUN7 P12000,2027-07-09,P,1.2,0.004900000,3,
2026-08-05,GBU,OPT,GBUN7 P12100,2027-07-09,P,1.21,0.005700000,3,
2026-08-05,GBU,OPT,GBUN7 P12200,2027-07-09,P,1.22,0.006500000,3,
2026-08-05,GBU,OPT,GBUN7 P12300,2027-07-09,P,1.23,0.007500000,3,
2026-08-05,GBU,OPT,GBUN7 P12400,2027-07-09,P,1.24,0.008600000,3,
2026-08-05,GBU,OPT,GBUN7 P12500,2027-07-09,P,1.25,0.009800000,3,
2026-08-05,GBU,OPT,GBUN7 P12600,2027-07-09,P,1.26,0.011300000,3,
2026-08-05,GBU,OPT,GBUN7 P12700,2027-07-09,P,1.27,0.012900000,3,2
2026-08-05,GBU,OPT,GBUN7 P12800,2027-07-09,P,1.28,0.014700000,3,2
2026-08-05,GBU,OPT,GBUN7 P12850,2027-07-09,P,1.285,0.015700000,3,2
2026-08-05,GBU,OPT,GBUN7 P12900,2027-07-09,P,1.29,0.016700000,3,
2026-08-05,GBU,OPT,GBUN7 P12950,2027-07-09,P,1.295,0.017900000,3,
2026-08-05,GBU,OPT,GBUN7 P13000,2027-07-09,P,1.3,0.019100000,3,
2026-08-05,GBU,OPT,GBUN7 P13050,2027-07-09,P,1.305,0.020400000,3,
2026-08-05,GBU,OPT,GBUN7 P13100,2027-07-09,P,1.31,0.021800000,3,
2026-08-05,GBU,OPT,GBUN7 P13150,2027-07-09,P,1.315,0.023300000,3,
2026-08-05,GBU,OPT,GBUN7 P13200,2027-07-09,P,1.32,0.024800000,3,
2026-08-05,GBU,OPT,GBUN7 P13250,2027-07-09,P,1.325,0.026500000,3,
2026-08-05,GBU,OPT,GBUN7 P13300,2027-07-09,P,1.33,0.028300000,3,
2026-08-05,GBU,OPT,GBUN7 P13350,2027-07-09,P,1.335,0.030100000,3,
2026-08-05,GBU,OPT,GBUN7 P13400,2027-07-09,P,1.34,0.032100000,3,1
2026-08-05,GBU,OPT,GBUN7 P13450,2027-07-09,P,1.345,0.034300000,3,
2026-08-05,GBU,OPT,GBUN7 P13500,2027-07-09,P,1.35,0.036500000,3,6
2026-08-05,GBU,OPT,GBUN7 P13550,2027-07-09,P,1.355,0.038800000,3,
2026-08-05,GBU,OPT,GBUN7 P13600,2027-07-09,P,1.36,0.041300000,3,3
2026-08-05,GBU,OPT,GBUN7 P13650,2027-07-09,P,1.365,0.043900000,3,
2026-08-05,GBU,OPT,GBUN7 P13700,2027-07-09,P,1.37,0.046600000,3,
2026-08-05,GBU,OPT,GBUN7 P13750,2027-07-09,P,1.375,0.049500000,3,
2026-08-05,GBU,OPT,GBUN7 P13800,2027-07-09,P,1.38,0.052500000,3,
2026-08-05,GBU,OPT,GBUN7 P13850,2027-07-09,P,1.385,0.055600000,3,
2026-08-05,GBU,OPT,GBUN7 P13900,2027-07-09,P,1.39,0.058800000,3,
2026-08-05,GBU,OPT,GBUN7 P13950,2027-07-09,P,1.395,0.062100000,3,
2026-08-05,GBU,OPT,GBUN7 P14000,2027-07-09,P,1.4,0.065600000,3,
2026-08-05,GBU,OPT,GBUN7 P14100,2027-07-09,P,1.41,0.072800000,3,
2026-08-05,GBU,OPT,GBUN7 P14200,2027-07-09,P,1.42,0.080400000,3,
2026-08-05,GBU,OPT,GBUN7 P14300,2027-07-09,P,1.43,0.088400000,3,
2026-08-05,GBU,OPT,GBUN7 P14400,2027-07-09,P,1.44,0.096600000,3,
2026-08-05,GBU,OPT,GBUN7 P14500,2027-07-09,P,1.45,0.105000000,3,
2026-08-05,GBU,OPT,GBUN7 P14600,2027-07-09,P,1.46,0.113700000,3,
2026-08-05,GBU,OPT,GBUN7 P14700,2027-07-09,P,1.47,0.122500000,3,
2026-08-05,GBU,OPT,GBUN7 P14800,2027-07-09,P,1.48,0.131500000,3,
2026-08-05,GBU,OPT,GBUN7 P14900,2027-07-09,P,1.49,0.140600000,3,
2026-08-05,GBU,OPT,GBUN7 P15000,2027-07-09,P,1.5,0.149800000,3,
2026-08-05,GBU,OPT,GBUN7 P15100,2027-07-09,P,1.51,0.159000000,3,
2026-08-05,GBU,OPT,GBUN7 P15200,2027-07-09,P,1.52,0.168300000,3,
2026-08-05,GBU,OPT,GBUN7 P15300,2027-07-09,P,1.53,0.177700000,3,
2026-08-05,GBU,OPT,GBUN7 P15400,2027-07-09,P,1.54,0.187200000,3,
2026-08-05,GBU,OPT,GBUN7 P15500,2027-07-09,P,1.55,0.196600000,3,
2026-08-05,GBU,OPT,GBUU7 C11000,2027-09-03,C,1.1,0.238300000,3,
2026-08-05,GBU,OPT,GBUU7 C11100,2027-09-03,C,1.11,0.229000000,3,
2026-08-05,GBU,OPT,GBUU7 C11200,2027-09-03,C,1.12,0.219800000,3,
2026-08-05,GBU,OPT,GBUU7 C11300,2027-09-03,C,1.13,0.210600000,3,
2026-08-05,GBU,OPT,GBUU7 C11400,2027-09-03,C,1.14,0.201400000,3,
2026-08-05,GBU,OPT,GBUU7 C11500,2027-09-03,C,1.15,0.192200000,3,
2026-08-05,GBU,OPT,GBUU7 C11600,2027-09-03,C,1.16,0.183000000,3,
2026-08-05,GBU,OPT,GBUU7 C11700,2027-09-03,C,1.17,0.173900000,3,
2026-08-05,GBU,OPT,GBUU7 C11800,2027-09-03,C,1.18,0.164900000,3,
2026-08-05,GBU,OPT,GBUU7 C11900,2027-09-03,C,1.19,0.156000000,3,
2026-08-05,GBU,OPT,GBUU7 C12000,2027-09-03,C,1.2,0.147200000,3,
2026-08-05,GBU,OPT,GBUU7 C12100,2027-09-03,C,1.21,0.138400000,3,
2026-08-05,GBU,OPT,GBUU7 C12200,2027-09-03,C,1.22,0.129700000,3,
2026-08-05,GBU,OPT,GBUU7 C12300,2027-09-03,C,1.23,0.121200000,3,
2026-08-05,GBU,OPT,GBUU7 C12400,2027-09-03,C,1.24,0.112800000,3,
2026-08-05,GBU,OPT,GBUU7 C12450,2027-09-03,C,1.245,0.108700000,3,
2026-08-05,GBU,OPT,GBUU7 C12500,2027-09-03,C,1.25,0.104600000,3,
2026-08-05,GBU,OPT,GBUU7 C12550,2027-09-03,C,1.255,0.100600000,3,
2026-08-05,GBU,OPT,GBUU7 C12600,2027-09-03,C,1.26,0.096600000,3,
2026-08-05,GBU,OPT,GBUU7 C12650,2027-09-03,C,1.265,0.092600000,3,
2026-08-05,GBU,OPT,GBUU7 C12700,2027-09-03,C,1.27,0.088700000,3,
2026-08-05,GBU,OPT,GBUU7 C12750,2027-09-03,C,1.275,0.084900000,3,
2026-08-05,GBU,OPT,GBUU7 C12800,2027-09-03,C,1.28,0.081100000,3,
2026-08-05,GBU,OPT,GBUU7 C12850,2027-09-03,C,1.285,0.077400000,3,
2026-08-05,GBU,OPT,GBUU7 C12900,2027-09-03,C,1.29,0.073800000,3,
2026-08-05,GBU,OPT,GBUU7 C12950,2027-09-03,C,1.295,0.070200000,3,
2026-08-05,GBU,OPT,GBUU7 C13000,2027-09-03,C,1.3,0.066700000,3,
2026-08-05,GBU,OPT,GBUU7 C13050,2027-09-03,C,1.305,0.063200000,3,
2026-08-05,GBU,OPT,GBUU7 C13100,2027-09-03,C,1.31,0.059900000,3,
2026-08-05,GBU,OPT,GBUU7 C13150,2027-09-03,C,1.315,0.056600000,3,
2026-08-05,GBU,OPT,GBUU7 C13200,2027-09-03,C,1.32,0.053400000,3,
2026-08-05,GBU,OPT,GBUU7 C13250,2027-09-03,C,1.325,0.050300000,3,
2026-08-05,GBU,OPT,GBUU7 C13300,2027-09-03,C,1.33,0.047300000,3,
2026-08-05,GBU,OPT,GBUU7 C13350,2027-09-03,C,1.335,0.044500000,3,
2026-08-05,GBU,OPT,GBUU7 C13400,2027-09-03,C,1.34,0.041700000,3,
2026-08-05,GBU,OPT,GBUU7 C13450,2027-09-03,C,1.345,0.039000000,3,
2026-08-05,GBU,OPT,GBUU7 C13500,2027-09-03,C,1.35,0.036500000,3,
2026-08-05,GBU,OPT,GBUU7 C13550,2027-09-03,C,1.355,0.034000000,3,
2026-08-05,GBU,OPT,GBUU7 C13600,2027-09-03,C,1.36,0.031700000,3,
2026-08-05,GBU,OPT,GBUU7 C13650,2027-09-03,C,1.365,0.029500000,3,
2026-08-05,GBU,OPT,GBUU7 C13700,2027-09-03,C,1.37,0.027500000,3,
2026-08-05,GBU,OPT,GBUU7 C13750,2027-09-03,C,1.375,0.025500000,3,
2026-08-05,GBU,OPT,GBUU7 C13800,2027-09-03,C,1.38,0.023600000,3,
2026-08-05,GBU,OPT,GBUU7 C13850,2027-09-03,C,1.385,0.021900000,3,
2026-08-05,GBU,OPT,GBUU7 C13900,2027-09-03,C,1.39,0.020300000,3,
2026-08-05,GBU,OPT,GBUU7 C13950,2027-09-03,C,1.395,0.018700000,3,
2026-08-05,GBU,OPT,GBUU7 C14000,2027-09-03,C,1.4,0.017300000,3,
2026-08-05,GBU,OPT,GBUU7 C14050,2027-09-03,C,1.405,0.016000000,3,
2026-08-05,GBU,OPT,GBUU7 C14100,2027-09-03,C,1.41,0.014700000,3,
2026-08-05,GBU,OPT,GBUU7 C14150,2027-09-03,C,1.415,0.013600000,3,
2026-08-05,GBU,OPT,GBUU7 C14200,2027-09-03,C,1.42,0.012500000,3,
2026-08-05,GBU,OPT,GBUU7 C14250,2027-09-03,C,1.425,0.011500000,3,
2026-08-05,GBU,OPT,GBUU7 C14300,2027-09-03,C,1.43,0.010600000,3,
2026-08-05,GBU,OPT,GBUU7 C14400,2027-09-03,C,1.44,0.009000000,3,
2026-08-05,GBU,OPT,GBUU7 C14500,2027-09-03,C,1.45,0.007600000,3,
2026-08-05,GBU,OPT,GBUU7 C14600,2027-09-03,C,1.46,0.006400000,3,
2026-08-05,GBU,OPT,GBUU7 C14700,2027-09-03,C,1.47,0.005300000,3,
2026-08-05,GBU,OPT,GBUU7 C14800,2027-09-03,C,1.48,0.004500000,3,
2026-08-05,GBU,OPT,GBUU7 C14900,2027-09-03,C,1.49,0.003800000,3,
2026-08-05,GBU,OPT,GBUU7 C15000,2027-09-03,C,1.5,0.003200000,3,
2026-08-05,GBU,OPT,GBUU7 C15100,2027-09-03,C,1.51,0.002800000,3,
2026-08-05,GBU,OPT,GBUU7 C15200,2027-09-03,C,1.52,0.002400000,3,
2026-08-05,GBU,OPT,GBUU7 C15300,2027-09-03,C,1.53,0.002000000,3,
2026-08-05,GBU,OPT,GBUU7 C15400,2027-09-03,C,1.54,0.001600000,3,
2026-08-05,GBU,OPT,GBUU7 C15500,2027-09-03,C,1.55,0.001300000,3,
2026-08-05,GBU,OPT,GBUU7 C15600,2027-09-03,C,1.56,0.001000000,3,
2026-08-05,GBU,OPT,GBUU7 C15700,2027-09-03,C,1.57,0.000800000,3,
2026-08-05,GBU,OPT,GBUU7 P11000,2027-09-03,P,1.1,0.001800000,3,10
2026-08-05,GBU,OPT,GBUU7 P11100,2027-09-03,P,1.11,0.002100000,3,
2026-08-05,GBU,OPT,GBUU7 P11200,2027-09-03,P,1.12,0.002400000,3,10
2026-08-05,GBU,OPT,GBUU7 P11300,2027-09-03,P,1.13,0.002800000,3,
2026-08-05,GBU,OPT,GBUU7 P11400,2027-09-03,P,1.14,0.003300000,3,
2026-08-05,GBU,OPT,GBUU7 P11500,2027-09-03,P,1.15,0.003600000,3,
2026-08-05,GBU,OPT,GBUU7 P11600,2027-09-03,P,1.16,0.004000000,3,
2026-08-05,GBU,OPT,GBUU7 P11700,2027-09-03,P,1.17,0.004500000,3,
2026-08-05,GBU,OPT,GBUU7 P11800,2027-09-03,P,1.18,0.005100000,3,
2026-08-05,GBU,OPT,GBUU7 P11900,2027-09-03,P,1.19,0.005800000,3,
2026-08-05,GBU,OPT,GBUU7 P12000,2027-09-03,P,1.2,0.006500000,3,
2026-08-05,GBU,OPT,GBUU7 P12100,2027-09-03,P,1.21,0.007300000,3,
2026-08-05,GBU,OPT,GBUU7 P12200,2027-09-03,P,1.22,0.008200000,3,
2026-08-05,GBU,OPT,GBUU7 P12300,2027-09-03,P,1.23,0.009300000,3,
2026-08-05,GBU,OPT,GBUU7 P12400,2027-09-03,P,1.24,0.010500000,3,
2026-08-05,GBU,OPT,GBUU7 P12450,2027-09-03,P,1.245,0.011100000,3,
2026-08-05,GBU,OPT,GBUU7 P12500,2027-09-03,P,1.25,0.011800000,3,
2026-08-05,GBU,OPT,GBUU7 P12550,2027-09-03,P,1.255,0.012600000,3,
2026-08-05,GBU,OPT,GBUU7 P12600,2027-09-03,P,1.26,0.013400000,3,
2026-08-05,GBU,OPT,GBUU7 P12650,2027-09-03,P,1.265,0.014200000,3,
2026-08-05,GBU,OPT,GBUU7 P12700,2027-09-03,P,1.27,0.015100000,3,
2026-08-05,GBU,OPT,GBUU7 P12750,2027-09-03,P,1.275,0.016100000,3,
2026-08-05,GBU,OPT,GBUU7 P12800,2027-09-03,P,1.28,0.017100000,3,
2026-08-05,GBU,OPT,GBUU7 P12850,2027-09-03,P,1.285,0.018200000,3,
2026-08-05,GBU,OPT,GBUU7 P12900,2027-09-03,P,1.29,0.019300000,3,
2026-08-05,GBU,OPT,GBUU7 P12950,2027-09-03,P,1.295,0.020600000,3,
2026-08-05,GBU,OPT,GBUU7 P13000,2027-09-03,P,1.3,0.021800000,3,
2026-08-05,GBU,OPT,GBUU7 P13050,2027-09-03,P,1.305,0.023200000,3,
2026-08-05,GBU,OPT,GBUU7 P13100,2027-09-03,P,1.31,0.024600000,3,
2026-08-05,GBU,OPT,GBUU7 P13150,2027-09-03,P,1.315,0.026100000,3,
2026-08-05,GBU,OPT,GBUU7 P13200,2027-09-03,P,1.32,0.027700000,3,
2026-08-05,GBU,OPT,GBUU7 P13250,2027-09-03,P,1.325,0.029400000,3,
2026-08-05,GBU,OPT,GBUU7 P13300,2027-09-03,P,1.33,0.031200000,3,
2026-08-05,GBU,OPT,GBUU7 P13350,2027-09-03,P,1.335,0.033200000,3,
2026-08-05,GBU,OPT,GBUU7 P13400,2027-09-03,P,1.34,0.035200000,3,
2026-08-05,GBU,OPT,GBUU7 P13450,2027-09-03,P,1.345,0.037300000,3,
2026-08-05,GBU,OPT,GBUU7 P13500,2027-09-03,P,1.35,0.039500000,3,
2026-08-05,GBU,OPT,GBUU7 P13550,2027-09-03,P,1.355,0.041900000,3,
2026-08-05,GBU,OPT,GBUU7 P13600,2027-09-03,P,1.36,0.044400000,3,
2026-08-05,GBU,OPT,GBUU7 P13650,2027-09-03,P,1.365,0.047000000,3,
2026-08-05,GBU,OPT,GBUU7 P13700,2027-09-03,P,1.37,0.049700000,3,
2026-08-05,GBU,OPT,GBUU7 P13750,2027-09-03,P,1.375,0.052500000,3,
2026-08-05,GBU,OPT,GBUU7 P13800,2027-09-03,P,1.38,0.055500000,3,
2026-08-05,GBU,OPT,GBUU7 P13850,2027-09-03,P,1.385,0.058500000,3,
2026-08-05,GBU,OPT,GBUU7 P13900,2027-09-03,P,1.39,0.061700000,3,
2026-08-05,GBU,OPT,GBUU7 P13950,2027-09-03,P,1.395,0.064900000,3,
2026-08-05,GBU,OPT,GBUU7 P14000,2027-09-03,P,1.4,0.068300000,3,
2026-08-05,GBU,OPT,GBUU7 P14050,2027-09-03,P,1.405,0.071800000,3,
2026-08-05,GBU,OPT,GBUU7 P14100,2027-09-03,P,1.41,0.075300000,3,
2026-08-05,GBU,OPT,GBUU7 P14150,2027-09-03,P,1.415,0.078900000,3,
2026-08-05,GBU,OPT,GBUU7 P14200,2027-09-03,P,1.42,0.082700000,3,
2026-08-05,GBU,OPT,GBUU7 P14250,2027-09-03,P,1.425,0.086500000,3,
2026-08-05,GBU,OPT,GBUU7 P14300,2027-09-03,P,1.43,0.090300000,3,
2026-08-05,GBU,OPT,GBUU7 P14400,2027-09-03,P,1.44,0.098300000,3,
2026-08-05,GBU,OPT,GBUU7 P14500,2027-09-03,P,1.45,0.106400000,3,
2026-08-05,GBU,OPT,GBUU7 P14600,2027-09-03,P,1.46,0.114800000,3,
2026-08-05,GBU,OPT,GBUU7 P14700,2027-09-03,P,1.47,0.123400000,3,
2026-08-05,GBU,OPT,GBUU7 P14800,2027-09-03,P,1.48,0.132100000,3,
2026-08-05,GBU,OPT,GBUU7 P14900,2027-09-03,P,1.49,0.141000000,3,
2026-08-05,GBU,OPT,GBUU7 P15000,2027-09-03,P,1.5,0.150000000,3,
2026-08-05,GBU,OPT,GBUU7 P15100,2027-09-03,P,1.51,0.159200000,3,
2026-08-05,GBU,OPT,GBUU7 P15200,2027-09-03,P,1.52,0.168400000,3,
2026-08-05,GBU,OPT,GBUU7 P15300,2027-09-03,P,1.53,0.177500000,3,
2026-08-05,GBU,OPT,GBUU7 P15400,2027-09-03,P,1.54,0.186700000,3,
2026-08-05,GBU,OPT,GBUU7 P15500,2027-09-03,P,1.55,0.196000000,3,
2026-08-05,GBU,OPT,GBUU7 P15600,2027-09-03,P,1.56,0.205300000,3,
2026-08-05,GBU,OPT,GBUU7 P15700,2027-09-03,P,1.57,0.214700000,3,
2026-08-05,GBU,OPT,GBUZ7 C11100,2027-12-03,C,1.11,0.227600000,3,
2026-08-05,GBU,OPT,GBUZ7 C11200,2027-12-03,C,1.12,0.218500000,3,
2026-08-05,GBU,OPT,GBUZ7 C11300,2027-12-03,C,1.13,0.209500000,3,
2026-08-05,GBU,OPT,GBUZ7 C11400,2027-12-03,C,1.14,0.200500000,3,
2026-08-05,GBU,OPT,GBUZ7 C11500,2027-12-03,C,1.15,0.191600000,3,
2026-08-05,GBU,OPT,GBUZ7 C11600,2027-12-03,C,1.16,0.182800000,3,
2026-08-05,GBU,OPT,GBUZ7 C11700,2027-12-03,C,1.17,0.174000000,3,
2026-08-05,GBU,OPT,GBUZ7 C11800,2027-12-03,C,1.18,0.165300000,3,
2026-08-05,GBU,OPT,GBUZ7 C11900,2027-12-03,C,1.19,0.156600000,3,
2026-08-05,GBU,OPT,GBUZ7 C12000,2027-12-03,C,1.2,0.148000000,3,
2026-08-05,GBU,OPT,GBUZ7 C12100,2027-12-03,C,1.21,0.139400000,3,
2026-08-05,GBU,OPT,GBUZ7 C12200,2027-12-03,C,1.22,0.131000000,3,
2026-08-05,GBU,OPT,GBUZ7 C12300,2027-12-03,C,1.23,0.122700000,3,
2026-08-05,GBU,OPT,GBUZ7 C12400,2027-12-03,C,1.24,0.114600000,3,
2026-08-05,GBU,OPT,GBUZ7 C12500,2027-12-03,C,1.25,0.106600000,3,
2026-08-05,GBU,OPT,GBUZ7 C12550,2027-12-03,C,1.255,0.102700000,3,
2026-08-05,GBU,OPT,GBUZ7 C12600,2027-12-03,C,1.26,0.098800000,3,
2026-08-05,GBU,OPT,GBUZ7 C12650,2027-12-03,C,1.265,0.095000000,3,
2026-08-05,GBU,OPT,GBUZ7 C12700,2027-12-03,C,1.27,0.091200000,3,
2026-08-05,GBU,OPT,GBUZ7 C12750,2027-12-03,C,1.275,0.087500000,3,
2026-08-05,GBU,OPT,GBUZ7 C12800,2027-12-03,C,1.28,0.083800000,3,
2026-08-05,GBU,OPT,GBUZ7 C12850,2027-12-03,C,1.285,0.080200000,3,
2026-08-05,GBU,OPT,GBUZ7 C12900,2027-12-03,C,1.29,0.076700000,3,
2026-08-05,GBU,OPT,GBUZ7 C12950,2027-12-03,C,1.295,0.073200000,3,
2026-08-05,GBU,OPT,GBUZ7 C13000,2027-12-03,C,1.3,0.069800000,3,
2026-08-05,GBU,OPT,GBUZ7 C13050,2027-12-03,C,1.305,0.066400000,3,
2026-08-05,GBU,OPT,GBUZ7 C13100,2027-12-03,C,1.31,0.063100000,3,
2026-08-05,GBU,OPT,GBUZ7 C13150,2027-12-03,C,1.315,0.059900000,3,
2026-08-05,GBU,OPT,GBUZ7 C13200,2027-12-03,C,1.32,0.056800000,3,
2026-08-05,GBU,OPT,GBUZ7 C13250,2027-12-03,C,1.325,0.053700000,3,
2026-08-05,GBU,OPT,GBUZ7 C13300,2027-12-03,C,1.33,0.050800000,3,
2026-08-05,GBU,OPT,GBUZ7 C13350,2027-12-03,C,1.335,0.047900000,3,
2026-08-05,GBU,OPT,GBUZ7 C13400,2027-12-03,C,1.34,0.045200000,3,
2026-08-05,GBU,OPT,GBUZ7 C13450,2027-12-03,C,1.345,0.042600000,3,
2026-08-05,GBU,OPT,GBUZ7 C13500,2027-12-03,C,1.35,0.040000000,3,
2026-08-05,GBU,OPT,GBUZ7 C13550,2027-12-03,C,1.355,0.037600000,3,
2026-08-05,GBU,OPT,GBUZ7 C13600,2027-12-03,C,1.36,0.035300000,3,
2026-08-05,GBU,OPT,GBUZ7 C13650,2027-12-03,C,1.365,0.033100000,3,
2026-08-05,GBU,OPT,GBUZ7 C13700,2027-12-03,C,1.37,0.031000000,3,
2026-08-05,GBU,OPT,GBUZ7 C13750,2027-12-03,C,1.375,0.029000000,3,
2026-08-05,GBU,OPT,GBUZ7 C13800,2027-12-03,C,1.38,0.027100000,3,
2026-08-05,GBU,OPT,GBUZ7 C13850,2027-12-03,C,1.385,0.025300000,3,
2026-08-05,GBU,OPT,GBUZ7 C13900,2027-12-03,C,1.39,0.023600000,3,
2026-08-05,GBU,OPT,GBUZ7 C13950,2027-12-03,C,1.395,0.022100000,3,
2026-08-05,GBU,OPT,GBUZ7 C14000,2027-12-03,C,1.4,0.020600000,3,
2026-08-05,GBU,OPT,GBUZ7 C14050,2027-12-03,C,1.405,0.019200000,3,
2026-08-05,GBU,OPT,GBUZ7 C14100,2027-12-03,C,1.41,0.017900000,3,
2026-08-05,GBU,OPT,GBUZ7 C14150,2027-12-03,C,1.415,0.016600000,3,
2026-08-05,GBU,OPT,GBUZ7 C14200,2027-12-03,C,1.42,0.015500000,3,
2026-08-05,GBU,OPT,GBUZ7 C14250,2027-12-03,C,1.425,0.014400000,3,
2026-08-05,GBU,OPT,GBUZ7 C14300,2027-12-03,C,1.43,0.013400000,3,
2026-08-05,GBU,OPT,GBUZ7 C14400,2027-12-03,C,1.44,0.011600000,3,
2026-08-05,GBU,OPT,GBUZ7 C14500,2027-12-03,C,1.45,0.010000000,3,
2026-08-05,GBU,OPT,GBUZ7 C14600,2027-12-03,C,1.46,0.008600000,3,
2026-08-05,GBU,OPT,GBUZ7 C14700,2027-12-03,C,1.47,0.007400000,3,
2026-08-05,GBU,OPT,GBUZ7 C14800,2027-12-03,C,1.48,0.006400000,3,
2026-08-05,GBU,OPT,GBUZ7 C14900,2027-12-03,C,1.49,0.005500000,3,
2026-08-05,GBU,OPT,GBUZ7 C15000,2027-12-03,C,1.5,0.004800000,3,
2026-08-05,GBU,OPT,GBUZ7 C15100,2027-12-03,C,1.51,0.004200000,3,
2026-08-05,GBU,OPT,GBUZ7 C15200,2027-12-03,C,1.52,0.003700000,3,
2026-08-05,GBU,OPT,GBUZ7 C15300,2027-12-03,C,1.53,0.003100000,3,
2026-08-05,GBU,OPT,GBUZ7 C15400,2027-12-03,C,1.54,0.002600000,3,
2026-08-05,GBU,OPT,GBUZ7 C15500,2027-12-03,C,1.55,0.002100000,3,
2026-08-05,GBU,OPT,GBUZ7 C15600,2027-12-03,C,1.56,0.001800000,3,
2026-08-05,GBU,OPT,GBUZ7 C15700,2027-12-03,C,1.57,0.001400000,3,
2026-08-05,GBU,OPT,GBUZ7 P11100,2027-12-03,P,1.11,0.003300000,3,
2026-08-05,GBU,OPT,GBUZ7 P11200,2027-12-03,P,1.12,0.003800000,3,
2026-08-05,GBU,OPT,GBUZ7 P11300,2027-12-03,P,1.13,0.004200000,3,50
2026-08-05,GBU,OPT,GBUZ7 P11400,2027-12-03,P,1.14,0.004700000,3,
2026-08-05,GBU,OPT,GBUZ7 P11500,2027-12-03,P,1.15,0.005300000,3,
2026-08-05,GBU,OPT,GBUZ7 P11600,2027-12-03,P,1.16,0.006000000,3,
2026-08-05,GBU,OPT,GBUZ7 P11700,2027-12-03,P,1.17,0.006700000,3,
2026-08-05,GBU,OPT,GBUZ7 P11800,2027-12-03,P,1.18,0.007400000,3,
2026-08-05,GBU,OPT,GBUZ7 P11900,2027-12-03,P,1.19,0.008200000,3,
2026-08-05,GBU,OPT,GBUZ7 P12000,2027-12-03,P,1.2,0.009100000,3,
2026-08-05,GBU,OPT,GBUZ7 P12100,2027-12-03,P,1.21,0.010100000,3,
2026-08-05,GBU,OPT,GBUZ7 P12200,2027-12-03,P,1.22,0.011100000,3,
2026-08-05,GBU,OPT,GBUZ7 P12300,2027-12-03,P,1.23,0.012300000,3,
2026-08-05,GBU,OPT,GBUZ7 P12400,2027-12-03,P,1.24,0.013700000,3,
2026-08-05,GBU,OPT,GBUZ7 P12500,2027-12-03,P,1.25,0.015200000,3,
2026-08-05,GBU,OPT,GBUZ7 P12550,2027-12-03,P,1.255,0.016000000,3,
2026-08-05,GBU,OPT,GBUZ7 P12600,2027-12-03,P,1.26,0.016900000,3,
2026-08-05,GBU,OPT,GBUZ7 P12650,2027-12-03,P,1.265,0.017800000,3,
2026-08-05,GBU,OPT,GBUZ7 P12700,2027-12-03,P,1.27,0.018800000,3,
2026-08-05,GBU,OPT,GBUZ7 P12750,2027-12-03,P,1.275,0.019800000,3,
2026-08-05,GBU,OPT,GBUZ7 P12800,2027-12-03,P,1.28,0.020800000,3,
2026-08-05,GBU,OPT,GBUZ7 P12850,2027-12-03,P,1.285,0.022000000,3,
2026-08-05,GBU,OPT,GBUZ7 P12900,2027-12-03,P,1.29,0.023200000,3,
2026-08-05,GBU,OPT,GBUZ7 P12950,2027-12-03,P,1.295,0.024400000,3,
2026-08-05,GBU,OPT,GBUZ7 P13000,2027-12-03,P,1.3,0.025700000,3,
2026-08-05,GBU,OPT,GBUZ7 P13050,2027-12-03,P,1.305,0.027100000,3,
2026-08-05,GBU,OPT,GBUZ7 P13100,2027-12-03,P,1.31,0.028600000,3,
2026-08-05,GBU,OPT,GBUZ7 P13150,2027-12-03,P,1.315,0.030100000,3,
2026-08-05,GBU,OPT,GBUZ7 P13200,2027-12-03,P,1.32,0.031700000,3,
2026-08-05,GBU,OPT,GBUZ7 P13250,2027-12-03,P,1.325,0.033400000,3,
2026-08-05,GBU,OPT,GBUZ7 P13300,2027-12-03,P,1.33,0.035200000,3,
2026-08-05,GBU,OPT,GBUZ7 P13350,2027-12-03,P,1.335,0.037100000,3,
2026-08-05,GBU,OPT,GBUZ7 P13400,2027-12-03,P,1.34,0.039100000,3,
2026-08-05,GBU,OPT,GBUZ7 P13450,2027-12-03,P,1.345,0.041200000,3,
2026-08-05,GBU,OPT,GBUZ7 P13500,2027-12-03,P,1.35,0.043400000,3,
2026-08-05,GBU,OPT,GBUZ7 P13550,2027-12-03,P,1.355,0.045800000,3,
2026-08-05,GBU,OPT,GBUZ7 P13600,2027-12-03,P,1.36,0.048200000,3,
2026-08-05,GBU,OPT,GBUZ7 P13650,2027-12-03,P,1.365,0.050700000,3,
2026-08-05,GBU,OPT,GBUZ7 P13700,2027-12-03,P,1.37,0.053400000,3,
2026-08-05,GBU,OPT,GBUZ7 P13750,2027-12-03,P,1.375,0.056100000,3,
2026-08-05,GBU,OPT,GBUZ7 P13800,2027-12-03,P,1.38,0.059000000,3,
2026-08-05,GBU,OPT,GBUZ7 P13850,2027-12-03,P,1.385,0.061900000,3,
2026-08-05,GBU,OPT,GBUZ7 P13900,2027-12-03,P,1.39,0.065000000,3,
2026-08-05,GBU,OPT,GBUZ7 P13950,2027-12-03,P,1.395,0.068200000,3,
2026-08-05,GBU,OPT,GBUZ7 P14000,2027-12-03,P,1.4,0.071400000,3,
2026-08-05,GBU,OPT,GBUZ7 P14050,2027-12-03,P,1.405,0.074800000,3,
2026-08-05,GBU,OPT,GBUZ7 P14100,2027-12-03,P,1.41,0.078200000,3,
2026-08-05,GBU,OPT,GBUZ7 P14150,2027-12-03,P,1.415,0.081700000,3,
2026-08-05,GBU,OPT,GBUZ7 P14200,2027-12-03,P,1.42,0.085300000,3,
2026-08-05,GBU,OPT,GBUZ7 P14250,2027-12-03,P,1.425,0.089000000,3,
2026-08-05,GBU,OPT,GBUZ7 P14300,2027-12-03,P,1.43,0.092700000,3,
2026-08-05,GBU,OPT,GBUZ7 P14400,2027-12-03,P,1.44,0.100400000,3,
2026-08-05,GBU,OPT,GBUZ7 P14500,2027-12-03,P,1.45,0.108300000,3,
2026-08-05,GBU,OPT,GBUZ7 P14600,2027-12-03,P,1.46,0.116400000,3,
2026-08-05,GBU,OPT,GBUZ7 P14700,2027-12-03,P,1.47,0.124700000,3,
2026-08-05,GBU,OPT,GBUZ7 P14800,2027-12-03,P,1.48,0.133100000,3,
2026-08-05,GBU,OPT,GBUZ7 P14900,2027-12-03,P,1.49,0.141700000,3,
2026-08-05,GBU,OPT,GBUZ7 P15000,2027-12-03,P,1.5,0.150500000,3,
2026-08-05,GBU,OPT,GBUZ7 P15100,2027-12-03,P,1.51,0.159400000,3,
2026-08-05,GBU,OPT,GBUZ7 P15200,2027-12-03,P,1.52,0.168400000,3,
2026-08-05,GBU,OPT,GBUZ7 P15300,2027-12-03,P,1.53,0.177200000,3,
2026-08-05,GBU,OPT,GBUZ7 P15400,2027-12-03,P,1.54,0.186200000,3,
2026-08-05,GBU,OPT,GBUZ7 P15500,2027-12-03,P,1.55,0.195300000,3,
2026-08-05,GBU,OPT,GBUZ7 P15600,2027-12-03,P,1.56,0.204400000,3,
2026-08-05,GBU,OPT,GBUZ7 P15700,2027-12-03,P,1.57,0.213500000,3,
2026-08-05,GBU,OPT,GBUH8 C11100,2028-03-03,C,1.11,0.226500000,3,
2026-08-05,GBU,OPT,GBUH8 C11200,2028-03-03,C,1.12,0.217700000,3,
2026-08-05,GBU,OPT,GBUH8 C11300,2028-03-03,C,1.13,0.208900000,3,
2026-08-05,GBU,OPT,GBUH8 C11400,2028-03-03,C,1.14,0.200100000,3,
2026-08-05,GBU,OPT,GBUH8 C11500,2028-03-03,C,1.15,0.191500000,3,
2026-08-05,GBU,OPT,GBUH8 C11600,2028-03-03,C,1.16,0.182800000,3,
2026-08-05,GBU,OPT,GBUH8 C11700,2028-03-03,C,1.17,0.174300000,3,
2026-08-05,GBU,OPT,GBUH8 C11800,2028-03-03,C,1.18,0.165800000,3,
2026-08-05,GBU,OPT,GBUH8 C11900,2028-03-03,C,1.19,0.157300000,3,
2026-08-05,GBU,OPT,GBUH8 C12000,2028-03-03,C,1.2,0.148900000,3,
2026-08-05,GBU,OPT,GBUH8 C12100,2028-03-03,C,1.21,0.140600000,3,
2026-08-05,GBU,OPT,GBUH8 C12200,2028-03-03,C,1.22,0.132400000,3,
2026-08-05,GBU,OPT,GBUH8 C12300,2028-03-03,C,1.23,0.124300000,3,
2026-08-05,GBU,OPT,GBUH8 C12400,2028-03-03,C,1.24,0.116400000,3,
2026-08-05,GBU,OPT,GBUH8 C12500,2028-03-03,C,1.25,0.108600000,3,
2026-08-05,GBU,OPT,GBUH8 C12550,2028-03-03,C,1.255,0.104700000,3,
2026-08-05,GBU,OPT,GBUH8 C12600,2028-03-03,C,1.26,0.101000000,3,
2026-08-05,GBU,OPT,GBUH8 C12650,2028-03-03,C,1.265,0.097200000,3,
2026-08-05,GBU,OPT,GBUH8 C12700,2028-03-03,C,1.27,0.093500000,3,
2026-08-05,GBU,OPT,GBUH8 C12750,2028-03-03,C,1.275,0.089900000,3,
2026-08-05,GBU,OPT,GBUH8 C12800,2028-03-03,C,1.28,0.086300000,3,
2026-08-05,GBU,OPT,GBUH8 C12850,2028-03-03,C,1.285,0.082800000,3,
2026-08-05,GBU,OPT,GBUH8 C12900,2028-03-03,C,1.29,0.079300000,3,
2026-08-05,GBU,OPT,GBUH8 C12950,2028-03-03,C,1.295,0.075900000,3,
2026-08-05,GBU,OPT,GBUH8 C13000,2028-03-03,C,1.3,0.072500000,3,
2026-08-05,GBU,OPT,GBUH8 C13050,2028-03-03,C,1.305,0.069200000,3,
2026-08-05,GBU,OPT,GBUH8 C13100,2028-03-03,C,1.31,0.066000000,3,
2026-08-05,GBU,OPT,GBUH8 C13150,2028-03-03,C,1.315,0.062900000,3,
2026-08-05,GBU,OPT,GBUH8 C13200,2028-03-03,C,1.32,0.059800000,3,
2026-08-05,GBU,OPT,GBUH8 C13250,2028-03-03,C,1.325,0.056800000,3,
2026-08-05,GBU,OPT,GBUH8 C13300,2028-03-03,C,1.33,0.053900000,3,
2026-08-05,GBU,OPT,GBUH8 C13350,2028-03-03,C,1.335,0.051100000,3,
2026-08-05,GBU,OPT,GBUH8 C13400,2028-03-03,C,1.34,0.048300000,3,
2026-08-05,GBU,OPT,GBUH8 C13450,2028-03-03,C,1.345,0.045700000,3,
2026-08-05,GBU,OPT,GBUH8 C13500,2028-03-03,C,1.35,0.043200000,3,
2026-08-05,GBU,OPT,GBUH8 C13550,2028-03-03,C,1.355,0.040800000,3,
2026-08-05,GBU,OPT,GBUH8 C13600,2028-03-03,C,1.36,0.038500000,3,
2026-08-05,GBU,OPT,GBUH8 C13650,2028-03-03,C,1.365,0.036200000,3,
2026-08-05,GBU,OPT,GBUH8 C13700,2028-03-03,C,1.37,0.034100000,3,
2026-08-05,GBU,OPT,GBUH8 C13750,2028-03-03,C,1.375,0.032100000,3,
2026-08-05,GBU,OPT,GBUH8 C13800,2028-03-03,C,1.38,0.030200000,3,
2026-08-05,GBU,OPT,GBUH8 C13850,2028-03-03,C,1.385,0.028400000,3,
2026-08-05,GBU,OPT,GBUH8 C13900,2028-03-03,C,1.39,0.026700000,3,
2026-08-05,GBU,OPT,GBUH8 C13950,2028-03-03,C,1.395,0.025100000,3,
2026-08-05,GBU,OPT,GBUH8 C14000,2028-03-03,C,1.4,0.023500000,3,
2026-08-05,GBU,OPT,GBUH8 C14100,2028-03-03,C,1.41,0.020700000,3,
2026-08-05,GBU,OPT,GBUH8 C14200,2028-03-03,C,1.42,0.018200000,3,
2026-08-05,GBU,OPT,GBUH8 C14300,2028-03-03,C,1.43,0.016000000,3,
2026-08-05,GBU,OPT,GBUH8 C14400,2028-03-03,C,1.44,0.014100000,3,
2026-08-05,GBU,OPT,GBUH8 C14500,2028-03-03,C,1.45,0.012300000,3,
2026-08-05,GBU,OPT,GBUH8 C14600,2028-03-03,C,1.46,0.010800000,3,
2026-08-05,GBU,OPT,GBUH8 C14700,2028-03-03,C,1.47,0.009500000,3,
2026-08-05,GBU,OPT,GBUH8 C14800,2028-03-03,C,1.48,0.008300000,3,
2026-08-05,GBU,OPT,GBUH8 C14900,2028-03-03,C,1.49,0.007300000,3,
2026-08-05,GBU,OPT,GBUH8 C15000,2028-03-03,C,1.5,0.006500000,3,
2026-08-05,GBU,OPT,GBUH8 C15100,2028-03-03,C,1.51,0.005800000,3,
2026-08-05,GBU,OPT,GBUH8 C15200,2028-03-03,C,1.52,0.005100000,3,
2026-08-05,GBU,OPT,GBUH8 C15300,2028-03-03,C,1.53,0.004600000,3,
2026-08-05,GBU,OPT,GBUH8 C15400,2028-03-03,C,1.54,0.004100000,3,
2026-08-05,GBU,OPT,GBUH8 C15500,2028-03-03,C,1.55,0.003600000,3,
2026-08-05,GBU,OPT,GBUH8 P11100,2028-03-03,P,1.11,0.004800000,3,
2026-08-05,GBU,OPT,GBUH8 P11200,2028-03-03,P,1.12,0.005300000,3,
2026-08-05,GBU,OPT,GBUH8 P11300,2028-03-03,P,1.13,0.005900000,3,
2026-08-05,GBU,OPT,GBUH8 P11400,2028-03-03,P,1.14,0.006600000,3,
2026-08-05,GBU,OPT,GBUH8 P11500,2028-03-03,P,1.15,0.007300000,3,
2026-08-05,GBU,OPT,GBUH8 P11600,2028-03-03,P,1.16,0.008100000,3,
2026-08-05,GBU,OPT,GBUH8 P11700,2028-03-03,P,1.17,0.008900000,3,
2026-08-05,GBU,OPT,GBUH8 P11800,2028-03-03,P,1.18,0.009800000,3,
2026-08-05,GBU,OPT,GBUH8 P11900,2028-03-03,P,1.19,0.010700000,3,
2026-08-05,GBU,OPT,GBUH8 P12000,2028-03-03,P,1.2,0.011700000,3,
2026-08-05,GBU,OPT,GBUH8 P12100,2028-03-03,P,1.21,0.012800000,3,
2026-08-05,GBU,OPT,GBUH8 P12200,2028-03-03,P,1.22,0.014000000,3,
2026-08-05,GBU,OPT,GBUH8 P12300,2028-03-03,P,1.23,0.015300000,3,
2026-08-05,GBU,OPT,GBUH8 P12400,2028-03-03,P,1.24,0.016700000,3,
2026-08-05,GBU,OPT,GBUH8 P12500,2028-03-03,P,1.25,0.018300000,3,
2026-08-05,GBU,OPT,GBUH8 P12550,2028-03-03,P,1.255,0.019200000,3,
2026-08-05,GBU,OPT,GBUH8 P12600,2028-03-03,P,1.26,0.020100000,3,
2026-08-05,GBU,OPT,GBUH8 P12650,2028-03-03,P,1.265,0.021100000,3,
2026-08-05,GBU,OPT,GBUH8 P12700,2028-03-03,P,1.27,0.022100000,3,
2026-08-05,GBU,OPT,GBUH8 P12750,2028-03-03,P,1.275,0.023100000,3,
2026-08-05,GBU,OPT,GBUH8 P12800,2028-03-03,P,1.28,0.024200000,3,
2026-08-05,GBU,OPT,GBUH8 P12850,2028-03-03,P,1.285,0.025400000,3,
2026-08-05,GBU,OPT,GBUH8 P12900,2028-03-03,P,1.29,0.026600000,3,
2026-08-05,GBU,OPT,GBUH8 P12950,2028-03-03,P,1.295,0.027900000,3,
2026-08-05,GBU,OPT,GBUH8 P13000,2028-03-03,P,1.3,0.029200000,3,
2026-08-05,GBU,OPT,GBUH8 P13050,2028-03-03,P,1.305,0.030600000,3,
2026-08-05,GBU,OPT,GBUH8 P13100,2028-03-03,P,1.31,0.032100000,3,
2026-08-05,GBU,OPT,GBUH8 P13150,2028-03-03,P,1.315,0.033700000,3,
2026-08-05,GBU,OPT,GBUH8 P13200,2028-03-03,P,1.32,0.035300000,3,
2026-08-05,GBU,OPT,GBUH8 P13250,2028-03-03,P,1.325,0.037000000,3,
2026-08-05,GBU,OPT,GBUH8 P13300,2028-03-03,P,1.33,0.038800000,3,
2026-08-05,GBU,OPT,GBUH8 P13350,2028-03-03,P,1.335,0.040600000,3,
2026-08-05,GBU,OPT,GBUH8 P13400,2028-03-03,P,1.34,0.042600000,3,
2026-08-05,GBU,OPT,GBUH8 P13450,2028-03-03,P,1.345,0.044700000,3,
2026-08-05,GBU,OPT,GBUH8 P13500,2028-03-03,P,1.35,0.046900000,3,
2026-08-05,GBU,OPT,GBUH8 P13550,2028-03-03,P,1.355,0.049100000,3,
2026-08-05,GBU,OPT,GBUH8 P13600,2028-03-03,P,1.36,0.051500000,3,
2026-08-05,GBU,OPT,GBUH8 P13650,2028-03-03,P,1.365,0.054000000,3,
2026-08-05,GBU,OPT,GBUH8 P13700,2028-03-03,P,1.37,0.056600000,3,
2026-08-05,GBU,OPT,GBUH8 P13750,2028-03-03,P,1.375,0.059300000,3,
2026-08-05,GBU,OPT,GBUH8 P13800,2028-03-03,P,1.38,0.062100000,3,
2026-08-05,GBU,OPT,GBUH8 P13850,2028-03-03,P,1.385,0.064900000,3,
2026-08-05,GBU,OPT,GBUH8 P13900,2028-03-03,P,1.39,0.067900000,3,
2026-08-05,GBU,OPT,GBUH8 P13950,2028-03-03,P,1.395,0.071000000,3,
2026-08-05,GBU,OPT,GBUH8 P14000,2028-03-03,P,1.4,0.074200000,3,
2026-08-05,GBU,OPT,GBUH8 P14100,2028-03-03,P,1.41,0.080700000,3,
2026-08-05,GBU,OPT,GBUH8 P14200,2028-03-03,P,1.42,0.087600000,3,
2026-08-05,GBU,OPT,GBUH8 P14300,2028-03-03,P,1.43,0.094800000,3,
2026-08-05,GBU,OPT,GBUH8 P14400,2028-03-03,P,1.44,0.102300000,3,
2026-08-05,GBU,OPT,GBUH8 P14500,2028-03-03,P,1.45,0.109900000,3,
2026-08-05,GBU,OPT,GBUH8 P14600,2028-03-03,P,1.46,0.117800000,3,
2026-08-05,GBU,OPT,GBUH8 P14700,2028-03-03,P,1.47,0.125800000,3,
2026-08-05,GBU,OPT,GBUH8 P14800,2028-03-03,P,1.48,0.134100000,3,
2026-08-05,GBU,OPT,GBUH8 P14900,2028-03-03,P,1.49,0.142400000,3,
2026-08-05,GBU,OPT,GBUH8 P15000,2028-03-03,P,1.5,0.151000000,3,
2026-08-05,GBU,OPT,GBUH8 P15100,2028-03-03,P,1.51,0.159700000,3,
2026-08-05,GBU,OPT,GBUH8 P15200,2028-03-03,P,1.52,0.168500000,3,
2026-08-05,GBU,OPT,GBUH8 P15300,2028-03-03,P,1.53,0.177300000,3,
2026-08-05,GBU,OPT,GBUH8 P15400,2028-03-03,P,1.54,0.186200000,3,
2026-08-05,GBU,OPT,GBUH8 P15500,2028-03-03,P,1.55,0.195100000,3,
2026-08-05,GBU,OPT,GBUM8 C11200,2028-06-09,C,1.12,0.217400000,3,
2026-08-05,GBU,OPT,GBUM8 C11300,2028-06-09,C,1.13,0.208700000,3,
2026-08-05,GBU,OPT,GBUM8 C11400,2028-06-09,C,1.14,0.200100000,3,
2026-08-05,GBU,OPT,GBUM8 C11500,2028-06-09,C,1.15,0.191600000,3,
2026-08-05,GBU,OPT,GBUM8 C11600,2028-06-09,C,1.16,0.183100000,3,
2026-08-05,GBU,OPT,GBUM8 C11700,2028-06-09,C,1.17,0.174700000,3,
2026-08-05,GBU,OPT,GBUM8 C11800,2028-06-09,C,1.18,0.166300000,3,
2026-08-05,GBU,OPT,GBUM8 C11900,2028-06-09,C,1.19,0.158100000,3,
2026-08-05,GBU,OPT,GBUM8 C12000,2028-06-09,C,1.2,0.149900000,3,
2026-08-05,GBU,OPT,GBUM8 C12100,2028-06-09,C,1.21,0.141700000,3,
2026-08-05,GBU,OPT,GBUM8 C12200,2028-06-09,C,1.22,0.133700000,3,
2026-08-05,GBU,OPT,GBUM8 C12300,2028-06-09,C,1.23,0.125800000,3,
2026-08-05,GBU,OPT,GBUM8 C12400,2028-06-09,C,1.24,0.118100000,3,
2026-08-05,GBU,OPT,GBUM8 C12500,2028-06-09,C,1.25,0.110400000,3,
2026-08-05,GBU,OPT,GBUM8 C12600,2028-06-09,C,1.26,0.103000000,3,
2026-08-05,GBU,OPT,GBUM8 C12650,2028-06-09,C,1.265,0.099400000,3,
2026-08-05,GBU,OPT,GBUM8 C12700,2028-06-09,C,1.27,0.095800000,3,
2026-08-05,GBU,OPT,GBUM8 C12750,2028-06-09,C,1.275,0.092200000,3,
2026-08-05,GBU,OPT,GBUM8 C12800,2028-06-09,C,1.28,0.088700000,3,
2026-08-05,GBU,OPT,GBUM8 C12850,2028-06-09,C,1.285,0.085200000,3,
2026-08-05,GBU,OPT,GBUM8 C12900,2028-06-09,C,1.29,0.081800000,3,
2026-08-05,GBU,OPT,GBUM8 C12950,2028-06-09,C,1.295,0.078500000,3,
2026-08-05,GBU,OPT,GBUM8 C13000,2028-06-09,C,1.3,0.075200000,3,
2026-08-05,GBU,OPT,GBUM8 C13050,2028-06-09,C,1.305,0.071900000,3,
2026-08-05,GBU,OPT,GBUM8 C13100,2028-06-09,C,1.31,0.068800000,3,
2026-08-05,GBU,OPT,GBUM8 C13150,2028-06-09,C,1.315,0.065600000,3,
2026-08-05,GBU,OPT,GBUM8 C13200,2028-06-09,C,1.32,0.062600000,3,
2026-08-05,GBU,OPT,GBUM8 C13250,2028-06-09,C,1.325,0.059700000,3,
2026-08-05,GBU,OPT,GBUM8 C13300,2028-06-09,C,1.33,0.056800000,3,
2026-08-05,GBU,OPT,GBUM8 C13350,2028-06-09,C,1.335,0.054000000,3,
2026-08-05,GBU,OPT,GBUM8 C13400,2028-06-09,C,1.34,0.051300000,3,
2026-08-05,GBU,OPT,GBUM8 C13450,2028-06-09,C,1.345,0.048700000,3,
2026-08-05,GBU,OPT,GBUM8 C13500,2028-06-09,C,1.35,0.046200000,3,
2026-08-05,GBU,OPT,GBUM8 C13550,2028-06-09,C,1.355,0.043800000,3,
2026-08-05,GBU,OPT,GBUM8 C13600,2028-06-09,C,1.36,0.041500000,3,
2026-08-05,GBU,OPT,GBUM8 C13650,2028-06-09,C,1.365,0.039300000,3,
2026-08-05,GBU,OPT,GBUM8 C13700,2028-06-09,C,1.37,0.037100000,3,
2026-08-05,GBU,OPT,GBUM8 C13750,2028-06-09,C,1.375,0.035100000,3,
2026-08-05,GBU,OPT,GBUM8 C13800,2028-06-09,C,1.38,0.033200000,3,
2026-08-05,GBU,OPT,GBUM8 C13850,2028-06-09,C,1.385,0.031400000,3,
2026-08-05,GBU,OPT,GBUM8 C13900,2028-06-09,C,1.39,0.029600000,3,
2026-08-05,GBU,OPT,GBUM8 C13950,2028-06-09,C,1.395,0.028000000,3,
2026-08-05,GBU,OPT,GBUM8 C14000,2028-06-09,C,1.4,0.026400000,3,
2026-08-05,GBU,OPT,GBUM8 C14100,2028-06-09,C,1.41,0.023500000,3,
2026-08-05,GBU,OPT,GBUM8 C14200,2028-06-09,C,1.42,0.020900000,3,
2026-08-05,GBU,OPT,GBUM8 C14300,2028-06-09,C,1.43,0.018600000,3,
2026-08-05,GBU,OPT,GBUM8 C14400,2028-06-09,C,1.44,0.016600000,3,
2026-08-05,GBU,OPT,GBUM8 C14500,2028-06-09,C,1.45,0.014700000,3,
2026-08-05,GBU,OPT,GBUM8 C14600,2028-06-09,C,1.46,0.013100000,3,
2026-08-05,GBU,OPT,GBUM8 C14700,2028-06-09,C,1.47,0.011600000,3,
2026-08-05,GBU,OPT,GBUM8 C14800,2028-06-09,C,1.48,0.010300000,3,
2026-08-05,GBU,OPT,GBUM8 C14900,2028-06-09,C,1.49,0.009200000,3,
2026-08-05,GBU,OPT,GBUM8 C15000,2028-06-09,C,1.5,0.008300000,3,
2026-08-05,GBU,OPT,GBUM8 C15100,2028-06-09,C,1.51,0.007400000,3,
2026-08-05,GBU,OPT,GBUM8 C15200,2028-06-09,C,1.52,0.006700000,3,
2026-08-05,GBU,OPT,GBUM8 C15300,2028-06-09,C,1.53,0.006000000,3,
2026-08-05,GBU,OPT,GBUM8 C15400,2028-06-09,C,1.54,0.005400000,3,
2026-08-05,GBU,OPT,GBUM8 C15500,2028-06-09,C,1.55,0.004900000,3,
2026-08-05,GBU,OPT,GBUM8 P11200,2028-06-09,P,1.12,0.007600000,3,
2026-08-05,GBU,OPT,GBUM8 P11300,2028-06-09,P,1.13,0.008300000,3,
2026-08-05,GBU,OPT,GBUM8 P11400,2028-06-09,P,1.14,0.009000000,3,
2026-08-05,GBU,OPT,GBUM8 P11500,2028-06-09,P,1.15,0.009700000,3,
2026-08-05,GBU,OPT,GBUM8 P11600,2028-06-09,P,1.16,0.010500000,3,
2026-08-05,GBU,OPT,GBUM8 P11700,2028-06-09,P,1.17,0.011400000,3,
2026-08-05,GBU,OPT,GBUM8 P11800,2028-06-09,P,1.18,0.012400000,3,
2026-08-05,GBU,OPT,GBUM8 P11900,2028-06-09,P,1.19,0.013400000,3,
2026-08-05,GBU,OPT,GBUM8 P12000,2028-06-09,P,1.2,0.014500000,3,
2026-08-05,GBU,OPT,GBUM8 P12100,2028-06-09,P,1.21,0.015600000,3,
2026-08-05,GBU,OPT,GBUM8 P12200,2028-06-09,P,1.22,0.016900000,3,
2026-08-05,GBU,OPT,GBUM8 P12300,2028-06-09,P,1.23,0.018300000,3,
2026-08-05,GBU,OPT,GBUM8 P12400,2028-06-09,P,1.24,0.019800000,3,
2026-08-05,GBU,OPT,GBUM8 P12500,2028-06-09,P,1.25,0.021500000,3,
2026-08-05,GBU,OPT,GBUM8 P12600,2028-06-09,P,1.26,0.023400000,3,
2026-08-05,GBU,OPT,GBUM8 P12650,2028-06-09,P,1.265,0.024400000,3,
2026-08-05,GBU,OPT,GBUM8 P12700,2028-06-09,P,1.27,0.025400000,3,
2026-08-05,GBU,OPT,GBUM8 P12750,2028-06-09,P,1.275,0.026500000,3,
2026-08-05,GBU,OPT,GBUM8 P12800,2028-06-09,P,1.28,0.027600000,3,
2026-08-05,GBU,OPT,GBUM8 P12850,2028-06-09,P,1.285,0.028800000,3,
2026-08-05,GBU,OPT,GBUM8 P12900,2028-06-09,P,1.29,0.030100000,3,
2026-08-05,GBU,OPT,GBUM8 P12950,2028-06-09,P,1.295,0.031400000,3,
2026-08-05,GBU,OPT,GBUM8 P13000,2028-06-09,P,1.3,0.032700000,3,
2026-08-05,GBU,OPT,GBUM8 P13050,2028-06-09,P,1.305,0.034100000,3,
2026-08-05,GBU,OPT,GBUM8 P13100,2028-06-09,P,1.31,0.035600000,3,
2026-08-05,GBU,OPT,GBUM8 P13150,2028-06-09,P,1.315,0.037100000,3,
2026-08-05,GBU,OPT,GBUM8 P13200,2028-06-09,P,1.32,0.038700000,3,
2026-08-05,GBU,OPT,GBUM8 P13250,2028-06-09,P,1.325,0.040400000,3,
2026-08-05,GBU,OPT,GBUM8 P13300,2028-06-09,P,1.33,0.042200000,3,
2026-08-05,GBU,OPT,GBUM8 P13350,2028-06-09,P,1.335,0.044000000,3,
2026-08-05,GBU,OPT,GBUM8 P13400,2028-06-09,P,1.34,0.046000000,3,
2026-08-05,GBU,OPT,GBUM8 P13450,2028-06-09,P,1.345,0.048000000,3,
2026-08-05,GBU,OPT,GBUM8 P13500,2028-06-09,P,1.35,0.050200000,3,
2026-08-05,GBU,OPT,GBUM8 P13550,2028-06-09,P,1.355,0.052400000,3,
2026-08-05,GBU,OPT,GBUM8 P13600,2028-06-09,P,1.36,0.054800000,3,
2026-08-05,GBU,OPT,GBUM8 P13650,2028-06-09,P,1.365,0.057200000,3,
2026-08-05,GBU,OPT,GBUM8 P13700,2028-06-09,P,1.37,0.059700000,3,
2026-08-05,GBU,OPT,GBUM8 P13750,2028-06-09,P,1.375,0.062300000,3,
2026-08-05,GBU,OPT,GBUM8 P13800,2028-06-09,P,1.38,0.065100000,3,
2026-08-05,GBU,OPT,GBUM8 P13850,2028-06-09,P,1.385,0.067900000,3,
2026-08-05,GBU,OPT,GBUM8 P13900,2028-06-09,P,1.39,0.070800000,3,
2026-08-05,GBU,OPT,GBUM8 P13950,2028-06-09,P,1.395,0.073800000,3,
2026-08-05,GBU,OPT,GBUM8 P14000,2028-06-09,P,1.4,0.076900000,3,
2026-08-05,GBU,OPT,GBUM8 P14100,2028-06-09,P,1.41,0.083300000,3,
2026-08-05,GBU,OPT,GBUM8 P14200,2028-06-09,P,1.42,0.090000000,3,
2026-08-05,GBU,OPT,GBUM8 P14300,2028-06-09,P,1.43,0.097000000,3,
2026-08-05,GBU,OPT,GBUM8 P14400,2028-06-09,P,1.44,0.104200000,3,
2026-08-05,GBU,OPT,GBUM8 P14500,2028-06-09,P,1.45,0.111700000,3,
2026-08-05,GBU,OPT,GBUM8 P14600,2028-06-09,P,1.46,0.119300000,3,
2026-08-05,GBU,OPT,GBUM8 P14700,2028-06-09,P,1.47,0.127100000,3,
2026-08-05,GBU,OPT,GBUM8 P14800,2028-06-09,P,1.48,0.135100000,3,
2026-08-05,GBU,OPT,GBUM8 P14900,2028-06-09,P,1.49,0.143300000,3,
2026-08-05,GBU,OPT,GBUM8 P15000,2028-06-09,P,1.5,0.151700000,3,
2026-08-05,GBU,OPT,GBUM8 P15100,2028-06-09,P,1.51,0.160100000,3,
2026-08-05,GBU,OPT,GBUM8 P15200,2028-06-09,P,1.52,0.168700000,3,
2026-08-05,GBU,OPT,GBUM8 P15300,2028-06-09,P,1.53,0.177300000,3,
2026-08-05,GBU,OPT,GBUM8 P15400,2028-06-09,P,1.54,0.186000000,3,
2026-08-05,GBU,OPT,GBUM8 P15500,2028-06-09,P,1.55,0.194800000,3,
