session,root,type,symbol,expiry,right,strike,settle,settle_flag,oi
2026-10-01,GBU,OPT,GBUV6 C11000,2026-10-09,C,1.1,0.219200000,3,
2026-10-01,GBU,OPT,GBUV6 C11100,2026-10-09,C,1.11,0.209200000,3,
2026-10-01,GBU,OPT,GBUV6 C11200,2026-10-09,C,1.12,0.199200000,3,
2026-10-01,GBU,OPT,GBUV6 C11300,2026-10-09,C,1.13,0.189200000,3,
2026-10-01,GBU,OPT,GBUV6 C11400,2026-10-09,C,1.14,0.179200000,3,
2026-10-01,GBU,OPT,GBUV6 C11500,2026-10-09,C,1.15,0.169300000,3,
2026-10-01,GBU,OPT,GBUV6 C11600,2026-10-09,C,1.16,0.159300000,3,
2026-10-01,GBU,OPT,GBUV6 C11700,2026-10-09,C,1.17,0.149300000,3,
2026-10-01,GBU,OPT,GBUV6 C11800,2026-10-09,C,1.18,0.139300000,3,
2026-10-01,GBU,OPT,GBUV6 C11900,2026-10-09,C,1.19,0.129300000,3,
2026-10-01,GBU,OPT,GBUV6 C12000,2026-10-09,C,1.2,0.119300000,3,
2026-10-01,GBU,OPT,GBUV6 C12100,2026-10-09,C,1.21,0.109300000,3,
2026-10-01,GBU,OPT,GBUV6 C12200,2026-10-09,C,1.22,0.099300000,3,
2026-10-01,GBU,OPT,GBUV6 C12250,2026-10-09,C,1.225,0.000000000,1,
2026-10-01,GBU,OPT,GBUV6 C12300,2026-10-09,C,1.23,0.089300000,3,
2026-10-01,GBU,OPT,GBUV6 C12350,2026-10-09,C,1.235,0.084300000,3,
2026-10-01,GBU,OPT,GBUV6 C12400,2026-10-09,C,1.24,0.079300000,3,1
2026-10-01,GBU,OPT,GBUV6 C12450,2026-10-09,C,1.245,0.074300000,3,
2026-10-01,GBU,OPT,GBUV6 C12500,2026-10-09,C,1.25,0.069300000,3,1
2026-10-01,GBU,OPT,GBUV6 C12550,2026-10-09,C,1.255,0.064300000,3,
2026-10-01,GBU,OPT,GBUV6 C12600,2026-10-09,C,1.26,0.059400000,3,
2026-10-01,GBU,OPT,GBUV6 C12650,2026-10-09,C,1.265,0.054400000,3,
2026-10-01,GBU,OPT,GBUV6 C12700,2026-10-09,C,1.27,0.049400000,3,
2026-10-01,GBU,OPT,GBUV6 C12750,2026-10-09,C,1.275,0.044500000,3,
2026-10-01,GBU,OPT,GBUV6 C12800,2026-10-09,C,1.28,0.039600000,3,
2026-10-01,GBU,OPT,GBUV6 C12850,2026-10-09,C,1.285,0.034800000,3,
2026-10-01,GBU,OPT,GBUV6 C12900,2026-10-09,C,1.29,0.030000000,3,1
2026-10-01,GBU,OPT,GBUV6 C12950,2026-10-09,C,1.295,0.025300000,3,
2026-10-01,GBU,OPT,GBUV6 C13000,2026-10-09,C,1.3,0.020700000,3,1
2026-10-01,GBU,OPT,GBUV6 C13025,2026-10-09,C,1.3025,0.018500000,3,
2026-10-01,GBU,OPT,GBUV6 C13050,2026-10-09,C,1.305,0.016300000,3,3
2026-10-01,GBU,OPT,GBUV6 C13075,2026-10-09,C,1.3075,0.014200000,3,
2026-10-01,GBU,OPT,GBUV6 C13100,2026-10-09,C,1.31,0.012300000,3,42
2026-10-01,GBU,OPT,GBUV6 C13125,2026-10-09,C,1.3125,0.010400000,3,
2026-10-01,GBU,OPT,GBUV6 C13150,2026-10-09,C,1.315,0.008600000,3,1
2026-10-01,GBU,OPT,GBUV6 C13175,2026-10-09,C,1.3175,0.007100000,3,4
2026-10-01,GBU,OPT,GBUV6 C13200,2026-10-09,C,1.32,0.005700000,3,500
2026-10-01,GBU,OPT,GBUV6 C13225,2026-10-09,C,1.3225,0.004400000,3,1
2026-10-01,GBU,OPT,GBUV6 C13250,2026-10-09,C,1.325,0.003400000,3,147
2026-10-01,GBU,OPT,GBUV6 C13275,2026-10-09,C,1.3275,0.002500000,3,21
2026-10-01,GBU,OPT,GBUV6 C13300,2026-10-09,C,1.33,0.001900000,3,14
2026-10-01,GBU,OPT,GBUV6 C13325,2026-10-09,C,1.3325,0.001400000,3,53
2026-10-01,GBU,OPT,GBUV6 C13350,2026-10-09,C,1.335,0.001000000,3,88
2026-10-01,GBU,OPT,GBUV6 C13375,2026-10-09,C,1.3375,0.000700000,3,1101
2026-10-01,GBU,OPT,GBUV6 C13400,2026-10-09,C,1.34,0.000500000,3,804
2026-10-01,GBU,OPT,GBUV6 C13425,2026-10-09,C,1.3425,0.000400000,3,93
2026-10-01,GBU,OPT,GBUV6 C13450,2026-10-09,C,1.345,0.000300000,3,192
2026-10-01,GBU,OPT,GBUV6 C13475,2026-10-09,C,1.3475,0.000200000,3,574
2026-10-01,GBU,OPT,GBUV6 C13500,2026-10-09,C,1.35,0.000100000,3,1509
2026-10-01,GBU,OPT,GBUV6 C13525,2026-10-09,C,1.3525,0.000100000,3,319
2026-10-01,GBU,OPT,GBUV6 C13550,2026-10-09,C,1.355,0.000100000,3,1341
2026-10-01,GBU,OPT,GBUV6 C13575,2026-10-09,C,1.3575,0.000100000,3,10
2026-10-01,GBU,OPT,GBUV6 C13600,2026-10-09,C,1.36,0.000100000,3,3717
2026-10-01,GBU,OPT,GBUV6 C13625,2026-10-09,C,1.3625,0.000100000,3,333
2026-10-01,GBU,OPT,GBUV6 C13650,2026-10-09,C,1.365,0.000100000,3,1509
2026-10-01,GBU,OPT,GBUV6 C13675,2026-10-09,C,1.3675,0.000100000,3,653
2026-10-01,GBU,OPT,GBUV6 C13700,2026-10-09,C,1.37,0.000100000,3,2829
2026-10-01,GBU,OPT,GBUV6 C13725,2026-10-09,C,1.3725,0.000100000,3,290
2026-10-01,GBU,OPT,GBUV6 C13750,2026-10-09,C,1.375,0.000100000,3,1831
2026-10-01,GBU,OPT,GBUV6 C13800,2026-10-09,C,1.38,0.000100000,3,225
2026-10-01,GBU,OPT,GBUV6 C13850,2026-10-09,C,1.385,0.000100000,3,175
2026-10-01,GBU,OPT,GBUV6 C13900,2026-10-09,C,1.39,0.000100000,3,24
2026-10-01,GBU,OPT,GBUV6 C13950,2026-10-09,C,1.395,0.000100000,3,178
2026-10-01,GBU,OPT,GBUV6 C14000,2026-10-09,C,1.4,0.000100000,3,40
2026-10-01,GBU,OPT,GBUV6 C14050,2026-10-09,C,1.405,0.000100000,3,3
2026-10-01,GBU,OPT,GBUV6 C14100,2026-10-09,C,1.41,0.000100000,3,10
2026-10-01,GBU,OPT,GBUV6 C14150,2026-10-09,C,1.415,0.000100000,3,3
2026-10-01,GBU,OPT,GBUV6 C14200,2026-10-09,C,1.42,0.000100000,3,3
2026-10-01,GBU,OPT,GBUV6 C14250,2026-10-09,C,1.425,0.000100000,3,3
2026-10-01,GBU,OPT,GBUV6 C14300,2026-10-09,C,1.43,0.000100000,3,4
2026-10-01,GBU,OPT,GBUV6 C14350,2026-10-09,C,1.435,0.000100000,3,
2026-10-01,GBU,OPT,GBUV6 C14400,2026-10-09,C,1.44,0.000100000,3,80
2026-10-01,GBU,OPT,GBUV6 C14450,2026-10-09,C,1.445,0.000100000,3,
2026-10-01,GBU,OPT,GBUV6 C14500,2026-10-09,C,1.45,0.000100000,3,12
2026-10-01,GBU,OPT,GBUV6 C14600,2026-10-09,C,1.46,0.000100000,3,2
2026-10-01,GBU,OPT,GBUV6 C14700,2026-10-09,C,1.47,0.000100000,3,1
2026-10-01,GBU,OPT,GBUV6 C14800,2026-10-09,C,1.48,0.000100000,3,
2026-10-01,GBU,OPT,GBUV6 C14900,2026-10-09,C,1.49,0.000100000,3,15
2026-10-01,GBU,OPT,GBUV6 C15000,2026-10-09,C,1.5,0.000100000,3,36
2026-10-01,GBU,OPT,GBUV6 C15100,2026-10-09,C,1.51,0.000100000,3,
2026-10-01,GBU,OPT,GBUV6 C15200,2026-10-09,C,1.52,0.000100000,3,
2026-10-01,GBU,OPT,GBUV6 C15300,2026-10-09,C,1.53,0.000100000,3,
2026-10-01,GBU,OPT,GBUV6 C15400,2026-10-09,C,1.54,0.000100000,3,
2026-10-01,GBU,OPT,GBUV6 C15500,2026-10-09,C,1.55,0.000100000,3,1
2026-10-01,GBU,OPT,GBUV6 C15600,2026-10-09,C,1.56,0.000100000,3,
2026-10-01,GBU,OPT,GBUV6 C15700,2026-10-09,C,1.57,0.000100000,3,
2026-10-01,GBU,OPT,GBUV6 C15800,2026-10-09,C,1.58,0.000100000,3,
2026-10-01,GBU,OPT,GBUV6 P11000,2026-10-09,P,1.1,0.000100000,3,
2026-10-01,GBU,OPT,GBUV6 P11100,2026-10-09,P,1.11,0.000100000,3,
2026-10-01,GBU,OPT,GBUV6 P11200,2026-10-09,P,1.12,0.000100000,3,15
2026-10-01,GBU,OPT,GBUV6 P11300,2026-10-09,P,1.13,0.000100000,3,1
2026-10-01,GBU,OPT,GBUV6 P11400,2026-10-09,P,1.14,0.000100000,3,27
2026-10-01,GBU,OPT,GBUV6 P11500,2026-10-09,P,1.15,0.000100000,3,17
2026-10-01,GBU,OPT,GBUV6 P11600,2026-10-09,P,1.16,0.000100000,3,15
2026-10-01,GBU,OPT,GBUV6 P11700,2026-10-09,P,1.17,0.000100000,3,15
2026-10-01,GBU,OPT,GBUV6 P11800,2026-10-09,P,1.18,0.000100000,3,15
2026-10-01,GBU,OPT,GBUV6 P11900,2026-10-09,P,1.19,0.000100000,3,15
2026-10-01,GBU,OPT,GBUV6 P12000,2026-10-09,P,1.2,0.000100000,3,1
2026-10-01,GBU,OPT,GBUV6 P12100,2026-10-09,P,1.21,0.000100000,3,
2026-10-01,GBU,OPT,GBUV6 P12200,2026-10-09,P,1.22,0.000100000,3,1
2026-10-01,GBU,OPT,GBUV6 P12250,2026-10-09,P,1.225,0.000000000,1,
2026-10-01,GBU,OPT,GBUV6 P12300,2026-10-09,P,1.23,0.000100000,3,1
2026-10-01,GBU,OPT,GBUV6 P12350,2026-10-09,P,1.235,0.000100000,3,
2026-10-01,GBU,OPT,GBUV6 P12400,2026-10-09,P,1.24,0.000100000,3,2
2026-10-01,GBU,OPT,GBUV6 P12450,2026-10-09,P,1.245,0.000100000,3,
2026-10-01,GBU,OPT,GBUV6 P12500,2026-10-09,P,1.25,0.000100000,3,3
2026-10-01,GBU,OPT,GBUV6 P12550,2026-10-09,P,1.255,0.000100000,3,67
2026-10-01,GBU,OPT,GBUV6 P12600,2026-10-09,P,1.26,0.000100000,3,10
2026-10-01,GBU,OPT,GBUV6 P12650,2026-10-09,P,1.265,0.000100000,3,11
2026-10-01,GBU,OPT,GBUV6 P12700,2026-10-09,P,1.27,0.000100000,3,22
2026-10-01,GBU,OPT,GBUV6 P12750,2026-10-09,P,1.275,0.000100000,3,5
2026-10-01,GBU,OPT,GBUV6 P12800,2026-10-09,P,1.28,0.000200000,3,8
2026-10-01,GBU,OPT,GBUV6 P12850,2026-10-09,P,1.285,0.000400000,3,20
2026-10-01,GBU,OPT,GBUV6 P12900,2026-10-09,P,1.29,0.000600000,3,96
2026-10-01,GBU,OPT,GBUV6 P12950,2026-10-09,P,1.295,0.001000000,3,44
2026-10-01,GBU,OPT,GBUV6 P13000,2026-10-09,P,1.3,0.001300000,3,120
2026-10-01,GBU,OPT,GBUV6 P13025,2026-10-09,P,1.3025,0.001600000,3,1
2026-10-01,GBU,OPT,GBUV6 P13050,2026-10-09,P,1.305,0.001900000,3,419
2026-10-01,GBU,OPT,GBUV6 P13075,2026-10-09,P,1.3075,0.002400000,3,
2026-10-01,GBU,OPT,GBUV6 P13100,2026-10-09,P,1.31,0.002900000,3,587
2026-10-01,GBU,OPT,GBUV6 P13125,2026-10-09,P,1.3125,0.003500000,3,2
2026-10-01,GBU,OPT,GBUV6 P13150,2026-10-09,P,1.315,0.004200000,3,413
2026-10-01,GBU,OPT,GBUV6 P13175,2026-10-09,P,1.3175,0.005200000,3,865
2026-10-01,GBU,OPT,GBUV6 P13200,2026-10-09,P,1.32,0.006200000,3,681
2026-10-01,GBU,OPT,GBUV6 P13225,2026-10-09,P,1.3225,0.007500000,3,212
2026-10-01,GBU,OPT,GBUV6 P13250,2026-10-09,P,1.325,0.009000000,3,2917
2026-10-01,GBU,OPT,GBUV6 P13275,2026-10-09,P,1.3275,0.010600000,3,2
2026-10-01,GBU,OPT,GBUV6 P13300,2026-10-09,P,1.33,0.012400000,3,2212
2026-10-01,GBU,OPT,GBUV6 P13325,2026-10-09,P,1.3325,0.014400000,3,556
2026-10-01,GBU,OPT,GBUV6 P13350,2026-10-09,P,1.335,0.016600000,3,2933
2026-10-01,GBU,OPT,GBUV6 P13375,2026-10-09,P,1.3375,0.018800000,3,320
2026-10-01,GBU,OPT,GBUV6 P13400,2026-10-09,P,1.34,0.021100000,3,4032
2026-10-01,GBU,OPT,GBUV6 P13425,2026-10-09,P,1.3425,0.023500000,3,337
2026-10-01,GBU,OPT,GBUV6 P13450,2026-10-09,P,1.345,0.025900000,3,2112
2026-10-01,GBU,OPT,GBUV6 P13475,2026-10-09,P,1.3475,0.028300000,3,248
2026-10-01,GBU,OPT,GBUV6 P13500,2026-10-09,P,1.35,0.030700000,3,760
2026-10-01,GBU,OPT,GBUV6 P13525,2026-10-09,P,1.3525,0.033200000,3,10
2026-10-01,GBU,OPT,GBUV6 P13550,2026-10-09,P,1.355,0.035600000,3,2168
2026-10-01,GBU,OPT,GBUV6 P13575,2026-10-09,P,1.3575,0.038100000,3,14
2026-10-01,GBU,OPT,GBUV6 P13600,2026-10-09,P,1.36,0.040600000,3,1895
2026-10-01,GBU,OPT,GBUV6 P13625,2026-10-09,P,1.3625,0.043100000,3,
2026-10-01,GBU,OPT,GBUV6 P13650,2026-10-09,P,1.365,0.045600000,3,
2026-10-01,GBU,OPT,GBUV6 P13675,2026-10-09,P,1.3675,0.048100000,3,2
2026-10-01,GBU,OPT,GBUV6 P13700,2026-10-09,P,1.37,0.050600000,3,3
2026-10-01,GBU,OPT,GBUV6 P13725,2026-10-09,P,1.3725,0.053100000,3,
2026-10-01,GBU,OPT,GBUV6 P13750,2026-10-09,P,1.375,0.055600000,3,
2026-10-01,GBU,OPT,GBUV6 P13800,2026-10-09,P,1.38,0.060500000,3,
2026-10-01,GBU,OPT,GBUV6 P13850,2026-10-09,P,1.385,0.065500000,3,
2026-10-01,GBU,OPT,GBUV6 P13900,2026-10-09,P,1.39,0.070500000,3,1
2026-10-01,GBU,OPT,GBUV6 P13950,2026-10-09,P,1.395,0.075500000,3,
2026-10-01,GBU,OPT,GBUV6 P14000,2026-10-09,P,1.4,0.080500000,3,
2026-10-01,GBU,OPT,GBUV6 P14050,2026-10-09,P,1.405,0.085500000,3,
2026-10-01,GBU,OPT,GBUV6 P14100,2026-10-09,P,1.41,0.090500000,3,1
2026-10-01,GBU,OPT,GBUV6 P14150,2026-10-09,P,1.415,0.095500000,3,
2026-10-01,GBU,OPT,GBUV6 P14200,2026-10-09,P,1.42,0.100500000,3,
2026-10-01,GBU,OPT,GBUV6 P14250,2026-10-09,P,1.425,0.105500000,3,
2026-10-01,GBU,OPT,GBUV6 P14300,2026-10-09,P,1.43,0.110500000,3,
2026-10-01,GBU,OPT,GBUV6 P14350,2026-10-09,P,1.435,0.115500000,3,
2026-10-01,GBU,OPT,GBUV6 P14400,2026-10-09,P,1.44,0.120500000,3,
2026-10-01,GBU,OPT,GBUV6 P14450,2026-10-09,P,1.445,0.125500000,3,
2026-10-01,GBU,OPT,GBUV6 P14500,2026-10-09,P,1.45,0.130500000,3,
2026-10-01,GBU,OPT,GBUV6 P14600,2026-10-09,P,1.46,0.140500000,3,1
2026-10-01,GBU,OPT,GBUV6 P14700,2026-10-09,P,1.47,0.150500000,3,1
2026-10-01,GBU,OPT,GBUV6 P14800,2026-10-09,P,1.48,0.160500000,3,
2026-10-01,GBU,OPT,GBUV6 P14900,2026-10-09,P,1.49,0.170500000,3,
2026-10-01,GBU,OPT,GBUV6 P15000,2026-10-09,P,1.5,0.180400000,3,
2026-10-01,GBU,OPT,GBUV6 P15100,2026-10-09,P,1.51,0.190400000,3,
2026-10-01,GBU,OPT,GBUV6 P15200,2026-10-09,P,1.52,0.200400000,3,
2026-10-01,GBU,OPT,GBUV6 P15300,2026-10-09,P,1.53,0.210400000,3,
2026-10-01,GBU,OPT,GBUV6 P15400,2026-10-09,P,1.54,0.220400000,3,
2026-10-01,GBU,OPT,GBUV6 P15500,2026-10-09,P,1.55,0.230400000,3,
2026-10-01,GBU,OPT,GBUV6 P15600,2026-10-09,P,1.56,0.240400000,3,
2026-10-01,GBU,OPT,GBUV6 P15700,2026-10-09,P,1.57,0.250400000,3,
2026-10-01,GBU,OPT,GBUV6 P15800,2026-10-09,P,1.58,0.260400000,3,
2026-10-01,GBU,OPT,GBUX6 C11100,2026-11-06,C,1.11,0.208600000,3,
2026-10-01,GBU,OPT,GBUX6 C11200,2026-11-06,C,1.12,0.198600000,3,
2026-10-01,GBU,OPT,GBUX6 C11300,2026-11-06,C,1.13,0.188700000,3,
2026-10-01,GBU,OPT,GBUX6 C11400,2026-11-06,C,1.14,0.178700000,3,
2026-10-01,GBU,OPT,GBUX6 C11500,2026-11-06,C,1.15,0.168700000,3,
2026-10-01,GBU,OPT,GBUX6 C11600,2026-11-06,C,1.16,0.158800000,3,
2026-10-01,GBU,OPT,GBUX6 C11700,2026-11-06,C,1.17,0.148800000,3,
2026-10-01,GBU,OPT,GBUX6 C11800,2026-11-06,C,1.18,0.138900000,3,
2026-10-01,GBU,OPT,GBUX6 C11900,2026-11-06,C,1.19,0.128900000,3,
2026-10-01,GBU,OPT,GBUX6 C12000,2026-11-06,C,1.2,0.119000000,3,1
2026-10-01,GBU,OPT,GBUX6 C12100,2026-11-06,C,1.21,0.109100000,3,1
2026-10-01,GBU,OPT,GBUX6 C12200,2026-11-06,C,1.22,0.099300000,3,
2026-10-01,GBU,OPT,GBUX6 C12300,2026-11-06,C,1.23,0.089400000,3,
2026-10-01,GBU,OPT,GBUX6 C12400,2026-11-06,C,1.24,0.079800000,3,
2026-10-01,GBU,OPT,GBUX6 C12500,2026-11-06,C,1.25,0.070000000,3,
2026-10-01,GBU,OPT,GBUX6 C12550,2026-11-06,C,1.255,0.065200000,3,
2026-10-01,GBU,OPT,GBUX6 C12600,2026-11-06,C,1.26,0.060400000,3,
2026-10-01,GBU,OPT,GBUX6 C12650,2026-11-06,C,1.265,0.055600000,3,
2026-10-01,GBU,OPT,GBUX6 C12700,2026-11-06,C,1.27,0.051000000,3,
2026-10-01,GBU,OPT,GBUX6 C12750,2026-11-06,C,1.275,0.046400000,3,
2026-10-01,GBU,OPT,GBUX6 C12800,2026-11-06,C,1.28,0.041900000,3,6
2026-10-01,GBU,OPT,GBUX6 C12850,2026-11-06,C,1.285,0.037500000,3,1
2026-10-01,GBU,OPT,GBUX6 C12900,2026-11-06,C,1.29,0.033200000,3,
2026-10-01,GBU,OPT,GBUX6 C12950,2026-11-06,C,1.295,0.029000000,3,1
2026-10-01,GBU,OPT,GBUX6 C13000,2026-11-06,C,1.3,0.025000000,3,6
2026-10-01,GBU,OPT,GBUX6 C13050,2026-11-06,C,1.305,0.021300000,3,2
2026-10-01,GBU,OPT,GBUX6 C13100,2026-11-06,C,1.31,0.017900000,3,
2026-10-01,GBU,OPT,GBUX6 C13150,2026-11-06,C,1.315,0.014800000,3,2
2026-10-01,GBU,OPT,GBUX6 C13200,2026-11-06,C,1.32,0.011900000,3,27
2026-10-01,GBU,OPT,GBUX6 C13250,2026-11-06,C,1.325,0.009500000,3,18
2026-10-01,GBU,OPT,GBUX6 C13300,2026-11-06,C,1.33,0.007300000,3,45
2026-10-01,GBU,OPT,GBUX6 C13350,2026-11-06,C,1.335,0.005500000,3,83
2026-10-01,GBU,OPT,GBUX6 C13400,2026-11-06,C,1.34,0.004000000,3,852
2026-10-01,GBU,OPT,GBUX6 C13450,2026-11-06,C,1.345,0.002900000,3,404
2026-10-01,GBU,OPT,GBUX6 C13500,2026-11-06,C,1.35,0.002100000,3,176
2026-10-01,GBU,OPT,GBUX6 C13550,2026-11-06,C,1.355,0.001500000,3,254
2026-10-01,GBU,OPT,GBUX6 C13600,2026-11-06,C,1.36,0.001100000,3,171
2026-10-01,GBU,OPT,GBUX6 C13650,2026-11-06,C,1.365,0.000800000,3,419
2026-10-01,GBU,OPT,GBUX6 C13700,2026-11-06,C,1.37,0.000600000,3,403
2026-10-01,GBU,OPT,GBUX6 C13750,2026-11-06,C,1.375,0.000500000,3,277
2026-10-01,GBU,OPT,GBUX6 C13800,2026-11-06,C,1.38,0.000400000,3,93
2026-10-01,GBU,OPT,GBUX6 C13850,2026-11-06,C,1.385,0.000300000,3,26
2026-10-01,GBU,OPT,GBUX6 C13900,2026-11-06,C,1.39,0.000200000,3,21
2026-10-01,GBU,OPT,GBUX6 C13950,2026-11-06,C,1.395,0.000200000,3,10
2026-10-01,GBU,OPT,GBUX6 C14000,2026-11-06,C,1.4,0.000200000,3,35
2026-10-01,GBU,OPT,GBUX6 C14050,2026-11-06,C,1.405,0.000100000,3,3
2026-10-01,GBU,OPT,GBUX6 C14100,2026-11-06,C,1.41,0.000100000,3,27
2026-10-01,GBU,OPT,GBUX6 C14150,2026-11-06,C,1.415,0.000100000,3,13
2026-10-01,GBU,OPT,GBUX6 C14200,2026-11-06,C,1.42,0.000100000,3,28
2026-10-01,GBU,OPT,GBUX6 C14250,2026-11-06,C,1.425,0.000100000,3,16
2026-10-01,GBU,OPT,GBUX6 C14300,2026-11-06,C,1.43,0.000100000,3,1520
2026-10-01,GBU,OPT,GBUX6 C14400,2026-11-06,C,1.44,0.000100000,3,1
2026-10-01,GBU,OPT,GBUX6 C14500,2026-11-06,C,1.45,0.000100000,3,16
2026-10-01,GBU,OPT,GBUX6 C14600,2026-11-06,C,1.46,0.000100000,3,16
2026-10-01,GBU,OPT,GBUX6 C14700,2026-11-06,C,1.47,0.000100000,3,17
2026-10-01,GBU,OPT,GBUX6 C14800,2026-11-06,C,1.48,0.000100000,3,3
2026-10-01,GBU,OPT,GBUX6 C14900,2026-11-06,C,1.49,0.000100000,3,3
2026-10-01,GBU,OPT,GBUX6 C15000,2026-11-06,C,1.5,0.000100000,3,4
2026-10-01,GBU,OPT,GBUX6 C15100,2026-11-06,C,1.51,0.000100000,3,15
2026-10-01,GBU,OPT,GBUX6 C15200,2026-11-06,C,1.52,0.000100000,3,
2026-10-01,GBU,OPT,GBUX6 C15300,2026-11-06,C,1.53,0.000100000,3,
2026-10-01,GBU,OPT,GBUX6 C15400,2026-11-06,C,1.54,0.000100000,3,
2026-10-01,GBU,OPT,GBUX6 C15500,2026-11-06,C,1.55,0.000100000,3,
2026-10-01,GBU,OPT,GBUX6 C15600,2026-11-06,C,1.56,0.000100000,3,
2026-10-01,GBU,OPT,GBUX6 C15700,2026-11-06,C,1.57,0.000100000,3,
2026-10-01,GBU,OPT,GBUX6 C15800,2026-11-06,C,1.58,0.000100000,3,
2026-10-01,GBU,OPT,GBUX6 P11100,2026-11-06,P,1.11,0.000100000,3,
2026-10-01,GBU,OPT,GBUX6 P11200,2026-11-06,P,1.12,0.000100000,3,
2026-10-01,GBU,OPT,GBUX6 P11300,2026-11-06,P,1.13,0.000100000,3,1
2026-10-01,GBU,OPT,GBUX6 P11400,2026-11-06,P,1.14,0.000100000,3,1
2026-10-01,GBU,OPT,GBUX6 P11500,2026-11-06,P,1.15,0.000100000,3,
2026-10-01,GBU,OPT,GBUX6 P11600,2026-11-06,P,1.16,0.000100000,3,
2026-10-01,GBU,OPT,GBUX6 P11700,2026-11-06,P,1.17,0.000100000,3,
2026-10-01,GBU,OPT,GBUX6 P11800,2026-11-06,P,1.18,0.000100000,3,
2026-10-01,GBU,OPT,GBUX6 P11900,2026-11-06,P,1.19,0.000100000,3,
2026-10-01,GBU,OPT,GBUX6 P12000,2026-11-06,P,1.2,0.000100000,3,
2026-10-01,GBU,OPT,GBUX6 P12100,2026-11-06,P,1.21,0.000200000,3,3
2026-10-01,GBU,OPT,GBUX6 P12200,2026-11-06,P,1.22,0.000300000,3,3
2026-10-01,GBU,OPT,GBUX6 P12300,2026-11-06,P,1.23,0.000400000,3,4
2026-10-01,GBU,OPT,GBUX6 P12400,2026-11-06,P,1.24,0.000700000,3,2
2026-10-01,GBU,OPT,GBUX6 P12500,2026-11-06,P,1.25,0.000900000,3,2
2026-10-01,GBU,OPT,GBUX6 P12550,2026-11-06,P,1.255,0.001000000,3,3
2026-10-01,GBU,OPT,GBUX6 P12600,2026-11-06,P,1.26,0.001200000,3,7
2026-10-01,GBU,OPT,GBUX6 P12650,2026-11-06,P,1.265,0.001500000,3,
2026-10-01,GBU,OPT,GBUX6 P12700,2026-11-06,P,1.27,0.001800000,3,10
2026-10-01,GBU,OPT,GBUX6 P12750,2026-11-06,P,1.275,0.002200000,3,7
2026-10-01,GBU,OPT,GBUX6 P12800,2026-11-06,P,1.28,0.002600000,3,43
2026-10-01,GBU,OPT,GBUX6 P12850,2026-11-06,P,1.285,0.003200000,3,30
2026-10-01,GBU,OPT,GBUX6 P12900,2026-11-06,P,1.29,0.003900000,3,16
2026-10-01,GBU,OPT,GBUX6 P12950,2026-11-06,P,1.295,0.004700000,3,624
2026-10-01,GBU,OPT,GBUX6 P13000,2026-11-06,P,1.3,0.005700000,3,198
2026-10-01,GBU,OPT,GBUX6 P13050,2026-11-06,P,1.305,0.007000000,3,139
2026-10-01,GBU,OPT,GBUX6 P13100,2026-11-06,P,1.31,0.008500000,3,267
2026-10-01,GBU,OPT,GBUX6 P13150,2026-11-06,P,1.315,0.010400000,3,1008
2026-10-01,GBU,OPT,GBUX6 P13200,2026-11-06,P,1.32,0.012500000,3,83
2026-10-01,GBU,OPT,GBUX6 P13250,2026-11-06,P,1.325,0.015000000,3,122
2026-10-01,GBU,OPT,GBUX6 P13300,2026-11-06,P,1.33,0.017800000,3,690
2026-10-01,GBU,OPT,GBUX6 P13350,2026-11-06,P,1.335,0.021000000,3,138
2026-10-01,GBU,OPT,GBUX6 P13400,2026-11-06,P,1.34,0.024500000,3,97
2026-10-01,GBU,OPT,GBUX6 P13450,2026-11-06,P,1.345,0.028400000,3,73
2026-10-01,GBU,OPT,GBUX6 P13500,2026-11-06,P,1.35,0.032600000,3,396
2026-10-01,GBU,OPT,GBUX6 P13550,2026-11-06,P,1.355,0.036900000,3,4
2026-10-01,GBU,OPT,GBUX6 P13600,2026-11-06,P,1.36,0.041500000,3,151
2026-10-01,GBU,OPT,GBUX6 P13650,2026-11-06,P,1.365,0.046200000,3,422
2026-10-01,GBU,OPT,GBUX6 P13700,2026-11-06,P,1.37,0.051000000,3,84
2026-10-01,GBU,OPT,GBUX6 P13750,2026-11-06,P,1.375,0.055900000,3,2
2026-10-01,GBU,OPT,GBUX6 P13800,2026-11-06,P,1.38,0.060800000,3,
2026-10-01,GBU,OPT,GBUX6 P13850,2026-11-06,P,1.385,0.065700000,3,
2026-10-01,GBU,OPT,GBUX6 P13900,2026-11-06,P,1.39,0.070600000,3,
2026-10-01,GBU,OPT,GBUX6 P13950,2026-11-06,P,1.395,0.075500000,3,
2026-10-01,GBU,OPT,GBUX6 P14000,2026-11-06,P,1.4,0.080500000,3,
2026-10-01,GBU,OPT,GBUX6 P14050,2026-11-06,P,1.405,0.085400000,3,
2026-10-01,GBU,OPT,GBUX6 P14100,2026-11-06,P,1.41,0.090300000,3,
2026-10-01,GBU,OPT,GBUX6 P14150,2026-11-06,P,1.415,0.095300000,3,
2026-10-01,GBU,OPT,GBUX6 P14200,2026-11-06,P,1.42,0.100200000,3,1
2026-10-01,GBU,OPT,GBUX6 P14250,2026-11-06,P,1.425,0.105200000,3,
2026-10-01,GBU,OPT,GBUX6 P14300,2026-11-06,P,1.43,0.110200000,3,
2026-10-01,GBU,OPT,GBUX6 P14400,2026-11-06,P,1.44,0.120100000,3,
2026-10-01,GBU,OPT,GBUX6 P14500,2026-11-06,P,1.45,0.130100000,3,
2026-10-01,GBU,OPT,GBUX6 P14600,2026-11-06,P,1.46,0.140100000,3,
2026-10-01,GBU,OPT,GBUX6 P14700,2026-11-06,P,1.47,0.150000000,3,
2026-10-01,GBU,OPT,GBUX6 P14800,2026-11-06,P,1.48,0.160000000,3,
2026-10-01,GBU,OPT,GBUX6 P14900,2026-11-06,P,1.49,0.169900000,3,
2026-10-01,GBU,OPT,GBUX6 P15000,2026-11-06,P,1.5,0.179900000,3,
2026-10-01,GBU,OPT,GBUX6 P15100,2026-11-06,P,1.51,0.189900000,3,
2026-10-01,GBU,OPT,GBUX6 P15200,2026-11-06,P,1.52,0.199800000,3,
2026-10-01,GBU,OPT,GBUX6 P15300,2026-11-06,P,1.53,0.209800000,3,
2026-10-01,GBU,OPT,GBUX6 P15400,2026-11-06,P,1.54,0.219800000,3,
2026-10-01,GBU,OPT,GBUX6 P15500,2026-11-06,P,1.55,0.229700000,3,
2026-10-01,GBU,OPT,GBUX6 P15600,2026-11-06,P,1.56,0.239700000,3,
2026-10-01,GBU,OPT,GBUX6 P15700,2026-11-06,P,1.57,0.249600000,3,
2026-10-01,GBU,OPT,GBUX6 P15800,2026-11-06,P,1.58,0.259600000,3,
2026-10-01,GBU,OPT,GBUZ6 C10200,2026-12-04,C,1.02,0.297300000,3,
2026-10-01,GBU,OPT,GBUZ6 C10300,2026-12-04,C,1.03,0.287400000,3,
2026-10-01,GBU,OPT,GBUZ6 C10400,2026-12-04,C,1.04,0.277500000,3,
2026-10-01,GBU,OPT,GBUZ6 C10500,2026-12-04,C,1.05,0.267500000,3,1
2026-10-01,GBU,OPT,GBUZ6 C10600,2026-12-04,C,1.06,0.257600000,3,
2026-10-01,GBU,OPT,GBUZ6 C10700,2026-12-04,C,1.07,0.247700000,3,
2026-10-01,GBU,OPT,GBUZ6 C10800,2026-12-04,C,1.08,0.237800000,3,
2026-10-01,GBU,OPT,GBUZ6 C10900,2026-12-04,C,1.09,0.227800000,3,
2026-10-01,GBU,OPT,GBUZ6 C11000,2026-12-04,C,1.1,0.217900000,3,1
2026-10-01,GBU,OPT,GBUZ6 C11100,2026-12-04,C,1.11,0.208000000,3,
2026-10-01,GBU,OPT,GBUZ6 C11200,2026-12-04,C,1.12,0.198000000,3,
2026-10-01,GBU,OPT,GBUZ6 C11300,2026-12-04,C,1.13,0.188100000,3,
2026-10-01,GBU,OPT,GBUZ6 C11400,2026-12-04,C,1.14,0.178200000,3,
2026-10-01,GBU,OPT,GBUZ6 C11500,2026-12-04,C,1.15,0.168300000,3,
2026-10-01,GBU,OPT,GBUZ6 C11600,2026-12-04,C,1.16,0.158500000,3,
2026-10-01,GBU,OPT,GBUZ6 C11650,2026-12-04,C,1.165,0.153600000,3,
2026-10-01,GBU,OPT,GBUZ6 C11700,2026-12-04,C,1.17,0.148600000,3,
2026-10-01,GBU,OPT,GBUZ6 C11750,2026-12-04,C,1.175,0.143700000,3,
2026-10-01,GBU,OPT,GBUZ6 C11800,2026-12-04,C,1.18,0.138800000,3,
2026-10-01,GBU,OPT,GBUZ6 C11850,2026-12-04,C,1.185,0.133800000,3,
2026-10-01,GBU,OPT,GBUZ6 C11900,2026-12-04,C,1.19,0.128900000,3,
2026-10-01,GBU,OPT,GBUZ6 C11950,2026-12-04,C,1.195,0.124000000,3,
2026-10-01,GBU,OPT,GBUZ6 C12000,2026-12-04,C,1.2,0.119100000,3,
2026-10-01,GBU,OPT,GBUZ6 C12050,2026-12-04,C,1.205,0.114200000,3,
2026-10-01,GBU,OPT,GBUZ6 C12100,2026-12-04,C,1.21,0.109300000,3,
2026-10-01,GBU,OPT,GBUZ6 C12150,2026-12-04,C,1.215,0.104400000,3,
2026-10-01,GBU,OPT,GBUZ6 C12200,2026-12-04,C,1.22,0.099600000,3,
2026-10-01,GBU,OPT,GBUZ6 C12250,2026-12-04,C,1.225,0.094700000,3,
2026-10-01,GBU,OPT,GBUZ6 C12300,2026-12-04,C,1.23,0.089900000,3,
2026-10-01,GBU,OPT,GBUZ6 C12350,2026-12-04,C,1.235,0.085000000,3,
2026-10-01,GBU,OPT,GBUZ6 C12400,2026-12-04,C,1.24,0.080300000,3,0
2026-10-01,GBU,OPT,GBUZ6 C12450,2026-12-04,C,1.245,0.075500000,3,
2026-10-01,GBU,OPT,GBUZ6 C12500,2026-12-04,C,1.25,0.070800000,3,
2026-10-01,GBU,OPT,GBUZ6 C12550,2026-12-04,C,1.255,0.066100000,3,
2026-10-01,GBU,OPT,GBUZ6 C12600,2026-12-04,C,1.26,0.061500000,3,
2026-10-01,GBU,OPT,GBUZ6 C12650,2026-12-04,C,1.265,0.056900000,3,
2026-10-01,GBU,OPT,GBUZ6 C12700,2026-12-04,C,1.27,0.052500000,3,30
2026-10-01,GBU,OPT,GBUZ6 C12750,2026-12-04,C,1.275,0.048100000,3,
2026-10-01,GBU,OPT,GBUZ6 C12800,2026-12-04,C,1.28,0.043800000,3,
2026-10-01,GBU,OPT,GBUZ6 C12850,2026-12-04,C,1.285,0.039600000,3,4
2026-10-01,GBU,OPT,GBUZ6 C12900,2026-12-04,C,1.29,0.035500000,3,6
2026-10-01,GBU,OPT,GBUZ6 C12950,2026-12-04,C,1.295,0.031600000,3,
2026-10-01,GBU,OPT,GBUZ6 C13000,2026-12-04,C,1.3,0.027800000,3,3
2026-10-01,GBU,OPT,GBUZ6 C13050,2026-12-04,C,1.305,0.024300000,3,
2026-10-01,GBU,OPT,GBUZ6 C13100,2026-12-04,C,1.31,0.021000000,3,5
2026-10-01,GBU,OPT,GBUZ6 C13150,2026-12-04,C,1.315,0.017900000,3,2
2026-10-01,GBU,OPT,GBUZ6 C13200,2026-12-04,C,1.32,0.015000000,3,16
2026-10-01,GBU,OPT,GBUZ6 C13250,2026-12-04,C,1.325,0.012500000,3,11
2026-10-01,GBU,OPT,GBUZ6 C13300,2026-12-04,C,1.33,0.010300000,3,14
2026-10-01,GBU,OPT,GBUZ6 C13350,2026-12-04,C,1.335,0.008300000,3,208
2026-10-01,GBU,OPT,GBUZ6 C13400,2026-12-04,C,1.34,0.006700000,3,53
2026-10-01,GBU,OPT,GBUZ6 C13450,2026-12-04,C,1.345,0.005300000,3,328
2026-10-01,GBU,OPT,GBUZ6 C13500,2026-12-04,C,1.35,0.004200000,3,61
2026-10-01,GBU,OPT,GBUZ6 C13550,2026-12-04,C,1.355,0.003300000,3,313
2026-10-01,GBU,OPT,GBUZ6 C13600,2026-12-04,C,1.36,0.002600000,3,455
2026-10-01,GBU,OPT,GBUZ6 C13650,2026-12-04,C,1.365,0.002000000,3,1297
2026-10-01,GBU,OPT,GBUZ6 C13700,2026-12-04,C,1.37,0.001600000,3,155
2026-10-01,GBU,OPT,GBUZ6 C13750,2026-12-04,C,1.375,0.001200000,3,1062
2026-10-01,GBU,OPT,GBUZ6 C13800,2026-12-04,C,1.38,0.000900000,3,215
2026-10-01,GBU,OPT,GBUZ6 C13850,2026-12-04,C,1.385,0.000700000,3,128
2026-10-01,GBU,OPT,GBUZ6 C13900,2026-12-04,C,1.39,0.000600000,3,259
2026-10-01,GBU,OPT,GBUZ6 C13950,2026-12-04,C,1.395,0.000400000,3,231
2026-10-01,GBU,OPT,GBUZ6 C14000,2026-12-04,C,1.4,0.000400000,3,342
2026-10-01,GBU,OPT,GBUZ6 C14050,2026-12-04,C,1.405,0.000300000,3,241
2026-10-01,GBU,OPT,GBUZ6 C14100,2026-12-04,C,1.41,0.000300000,3,604
2026-10-01,GBU,OPT,GBUZ6 C14150,2026-12-04,C,1.415,0.000200000,3,311
2026-10-01,GBU,OPT,GBUZ6 C14200,2026-12-04,C,1.42,0.000200000,3,324
2026-10-01,GBU,OPT,GBUZ6 C14250,2026-12-04,C,1.425,0.000200000,3,346
2026-10-01,GBU,OPT,GBUZ6 C14300,2026-12-04,C,1.43,0.000200000,3,101
2026-10-01,GBU,OPT,GBUZ6 C14400,2026-12-04,C,1.44,0.000100000,3,17
2026-10-01,GBU,OPT,GBUZ6 C14500,2026-12-04,C,1.45,0.000100000,3,3
2026-10-01,GBU,OPT,GBUZ6 C14600,2026-12-04,C,1.46,0.000100000,3,
2026-10-01,GBU,OPT,GBUZ6 C14700,2026-12-04,C,1.47,0.000100000,3,30
2026-10-01,GBU,OPT,GBUZ6 C14800,2026-12-04,C,1.48,0.000100000,3,40
2026-10-01,GBU,OPT,GBUZ6 C14900,2026-12-04,C,1.49,0.000100000,3,
2026-10-01,GBU,OPT,GBUZ6 C15000,2026-12-04,C,1.5,0.000100000,3,1
2026-10-01,GBU,OPT,GBUZ6 C15100,2026-12-04,C,1.51,0.000100000,3,2
2026-10-01,GBU,OPT,GBUZ6 C15200,2026-12-04,C,1.52,0.000100000,3,
2026-10-01,GBU,OPT,GBUZ6 C15300,2026-12-04,C,1.53,0.000100000,3,
2026-10-01,GBU,OPT,GBUZ6 C15400,2026-12-04,C,1.54,0.000100000,3,1
2026-10-01,GBU,OPT,GBUZ6 C15500,2026-12-04,C,1.55,0.000100000,3,
2026-10-01,GBU,OPT,GBUZ6 C15600,2026-12-04,C,1.56,0.000100000,3,4
2026-10-01,GBU,OPT,GBUZ6 C15700,2026-12-04,C,1.57,0.000100000,3,10
2026-10-01,GBU,OPT,GBUZ6 C15800,2026-12-04,C,1.58,0.000100000,3,
2026-10-01,GBU,OPT,GBUZ6 P10200,2026-12-04,P,1.02,0.000100000,3,3
2026-10-01,GBU,OPT,GBUZ6 P10300,2026-12-04,P,1.03,0.000100000,3,
2026-10-01,GBU,OPT,GBUZ6 P10400,2026-12-04,P,1.04,0.000100000,3,
2026-10-01,GBU,OPT,GBUZ6 P10500,2026-12-04,P,1.05,0.000100000,3,
2026-10-01,GBU,OPT,GBUZ6 P10600,2026-12-04,P,1.06,0.000100000,3,
2026-10-01,GBU,OPT,GBUZ6 P10700,2026-12-04,P,1.07,0.000100000,3,1
2026-10-01,GBU,OPT,GBUZ6 P10800,2026-12-04,P,1.08,0.000100000,3,
2026-10-01,GBU,OPT,GBUZ6 P10900,2026-12-04,P,1.09,0.000100000,3,
2026-10-01,GBU,OPT,GBUZ6 P11000,2026-12-04,P,1.1,0.000100000,3,3
2026-10-01,GBU,OPT,GBUZ6 P11100,2026-12-04,P,1.11,0.000100000,3,1
2026-10-01,GBU,OPT,GBUZ6 P11200,2026-12-04,P,1.12,0.000100000,3,1
2026-10-01,GBU,OPT,GBUZ6 P11300,2026-12-04,P,1.13,0.000100000,3,1
2026-10-01,GBU,OPT,GBUZ6 P11400,2026-12-04,P,1.14,0.000100000,3,
2026-10-01,GBU,OPT,GBUZ6 P11500,2026-12-04,P,1.15,0.000100000,3,41
2026-10-01,GBU,OPT,GBUZ6 P11600,2026-12-04,P,1.16,0.000200000,3,
2026-10-01,GBU,OPT,GBUZ6 P11650,2026-12-04,P,1.165,0.000200000,3,
2026-10-01,GBU,OPT,GBUZ6 P11700,2026-12-04,P,1.17,0.000300000,3,
2026-10-01,GBU,OPT,GBUZ6 P11750,2026-12-04,P,1.175,0.000300000,3,
2026-10-01,GBU,OPT,GBUZ6 P11800,2026-12-04,P,1.18,0.000300000,3,
2026-10-01,GBU,OPT,GBUZ6 P11850,2026-12-04,P,1.185,0.000400000,3,
2026-10-01,GBU,OPT,GBUZ6 P11900,2026-12-04,P,1.19,0.000400000,3,
2026-10-01,GBU,OPT,GBUZ6 P11950,2026-12-04,P,1.195,0.000500000,3,
2026-10-01,GBU,OPT,GBUZ6 P12000,2026-12-04,P,1.2,0.000600000,3,12
2026-10-01,GBU,OPT,GBUZ6 P12050,2026-12-04,P,1.205,0.000600000,3,
2026-10-01,GBU,OPT,GBUZ6 P12100,2026-12-04,P,1.21,0.000700000,3,16
2026-10-01,GBU,OPT,GBUZ6 P12150,2026-12-04,P,1.215,0.000800000,3,2
2026-10-01,GBU,OPT,GBUZ6 P12200,2026-12-04,P,1.22,0.000800000,3,18
2026-10-01,GBU,OPT,GBUZ6 P12250,2026-12-04,P,1.225,0.001000000,3,1
2026-10-01,GBU,OPT,GBUZ6 P12300,2026-12-04,P,1.23,0.001100000,3,19
2026-10-01,GBU,OPT,GBUZ6 P12350,2026-12-04,P,1.235,0.001200000,3,19
2026-10-01,GBU,OPT,GBUZ6 P12400,2026-12-04,P,1.24,0.001400000,3,28
2026-10-01,GBU,OPT,GBUZ6 P12450,2026-12-04,P,1.245,0.001600000,3,16
2026-10-01,GBU,OPT,GBUZ6 P12500,2026-12-04,P,1.25,0.001900000,3,144
2026-10-01,GBU,OPT,GBUZ6 P12550,2026-12-04,P,1.255,0.002200000,3,21
2026-10-01,GBU,OPT,GBUZ6 P12600,2026-12-04,P,1.26,0.002500000,3,708
2026-10-01,GBU,OPT,GBUZ6 P12650,2026-12-04,P,1.265,0.002900000,3,17
2026-10-01,GBU,OPT,GBUZ6 P12700,2026-12-04,P,1.27,0.003400000,3,59
2026-10-01,GBU,OPT,GBUZ6 P12750,2026-12-04,P,1.275,0.004000000,3,515
2026-10-01,GBU,OPT,GBUZ6 P12800,2026-12-04,P,1.28,0.004600000,3,691
2026-10-01,GBU,OPT,GBUZ6 P12850,2026-12-04,P,1.285,0.005400000,3,128
2026-10-01,GBU,OPT,GBUZ6 P12900,2026-12-04,P,1.29,0.006300000,3,242
2026-10-01,GBU,OPT,GBUZ6 P12950,2026-12-04,P,1.295,0.007300000,3,4
2026-10-01,GBU,OPT,GBUZ6 P13000,2026-12-04,P,1.3,0.008600000,3,1253
2026-10-01,GBU,OPT,GBUZ6 P13050,2026-12-04,P,1.305,0.010000000,3,409
2026-10-01,GBU,OPT,GBUZ6 P13100,2026-12-04,P,1.31,0.011600000,3,582
2026-10-01,GBU,OPT,GBUZ6 P13150,2026-12-04,P,1.315,0.013500000,3,100
2026-10-01,GBU,OPT,GBUZ6 P13200,2026-12-04,P,1.32,0.015600000,3,610
2026-10-01,GBU,OPT,GBUZ6 P13250,2026-12-04,P,1.325,0.018100000,3,425
2026-10-01,GBU,OPT,GBUZ6 P13300,2026-12-04,P,1.33,0.020800000,3,296
2026-10-01,GBU,OPT,GBUZ6 P13350,2026-12-04,P,1.335,0.023800000,3,74
2026-10-01,GBU,OPT,GBUZ6 P13400,2026-12-04,P,1.34,0.027200000,3,129
2026-10-01,GBU,OPT,GBUZ6 P13450,2026-12-04,P,1.345,0.030700000,3,120
2026-10-01,GBU,OPT,GBUZ6 P13500,2026-12-04,P,1.35,0.034600000,3,38
2026-10-01,GBU,OPT,GBUZ6 P13550,2026-12-04,P,1.355,0.038700000,3,40
2026-10-01,GBU,OPT,GBUZ6 P13600,2026-12-04,P,1.36,0.042900000,3,67
2026-10-01,GBU,OPT,GBUZ6 P13650,2026-12-04,P,1.365,0.047300000,3,301
2026-10-01,GBU,OPT,GBUZ6 P13700,2026-12-04,P,1.37,0.051800000,3,201
2026-10-01,GBU,OPT,GBUZ6 P13750,2026-12-04,P,1.375,0.056400000,3,2
2026-10-01,GBU,OPT,GBUZ6 P13800,2026-12-04,P,1.38,0.061100000,3,3
2026-10-01,GBU,OPT,GBUZ6 P13850,2026-12-04,P,1.385,0.065900000,3,
2026-10-01,GBU,OPT,GBUZ6 P13900,2026-12-04,P,1.39,0.070700000,3,3
2026-10-01,GBU,OPT,GBUZ6 P13950,2026-12-04,P,1.395,0.075500000,3,
2026-10-01,GBU,OPT,GBUZ6 P14000,2026-12-04,P,1.4,0.080400000,3,3
2026-10-01,GBU,OPT,GBUZ6 P14050,2026-12-04,P,1.405,0.085300000,3,1
2026-10-01,GBU,OPT,GBUZ6 P14100,2026-12-04,P,1.41,0.090300000,3,1
2026-10-01,GBU,OPT,GBUZ6 P14150,2026-12-04,P,1.415,0.095200000,3,
2026-10-01,GBU,OPT,GBUZ6 P14200,2026-12-04,P,1.42,0.100100000,3,
2026-10-01,GBU,OPT,GBUZ6 P14250,2026-12-04,P,1.425,0.105100000,3,
2026-10-01,GBU,OPT,GBUZ6 P14300,2026-12-04,P,1.43,0.110000000,3,0
2026-10-01,GBU,OPT,GBUZ6 P14400,2026-12-04,P,1.44,0.119900000,3,
2026-10-01,GBU,OPT,GBUZ6 P14500,2026-12-04,P,1.45,0.129800000,3,
2026-10-01,GBU,OPT,GBUZ6 P14600,2026-12-04,P,1.46,0.139600000,3,
2026-10-01,GBU,OPT,GBUZ6 P14700,2026-12-04,P,1.47,0.149600000,3,
2026-10-01,GBU,OPT,GBUZ6 P14800,2026-12-04,P,1.48,0.159500000,3,
2026-10-01,GBU,OPT,GBUZ6 P14900,2026-12-04,P,1.49,0.169400000,3,
2026-10-01,GBU,OPT,GBUZ6 P15000,2026-12-04,P,1.5,0.179400000,3,641
2026-10-01,GBU,OPT,GBUZ6 P15100,2026-12-04,P,1.51,0.189300000,3,
2026-10-01,GBU,OPT,GBUZ6 P15200,2026-12-04,P,1.52,0.199200000,3,
2026-10-01,GBU,OPT,GBUZ6 P15300,2026-12-04,P,1.53,0.209100000,3,
2026-10-01,GBU,OPT,GBUZ6 P15400,2026-12-04,P,1.54,0.219100000,3,
2026-10-01,GBU,OPT,GBUZ6 P15500,2026-12-04,P,1.55,0.229000000,3,
2026-10-01,GBU,OPT,GBUZ6 P15600,2026-12-04,P,1.56,0.238900000,3,
2026-10-01,GBU,OPT,GBUZ6 P15700,2026-12-04,P,1.57,0.248900000,3,
2026-10-01,GBU,OPT,GBUZ6 P15800,2026-12-04,P,1.58,0.258800000,3,
2026-10-01,GBU,OPT,GBUF7 C11200,2027-01-08,C,1.12,0.197800000,3,
2026-10-01,GBU,OPT,GBUF7 C11300,2027-01-08,C,1.13,0.188000000,3,
2026-10-01,GBU,OPT,GBUF7 C11400,2027-01-08,C,1.14,0.178200000,3,
2026-10-01,GBU,OPT,GBUF7 C11500,2027-01-08,C,1.15,0.168300000,3,
2026-10-01,GBU,OPT,GBUF7 C11600,2027-01-08,C,1.16,0.158500000,3,
2026-10-01,GBU,OPT,GBUF7 C11700,2027-01-08,C,1.17,0.148800000,3,
2026-10-01,GBU,OPT,GBUF7 C11800,2027-01-08,C,1.18,0.139000000,3,
2026-10-01,GBU,OPT,GBUF7 C11900,2027-01-08,C,1.19,0.129300000,3,
2026-10-01,GBU,OPT,GBUF7 C12000,2027-01-08,C,1.2,0.119600000,3,
2026-10-01,GBU,OPT,GBUF7 C12100,2027-01-08,C,1.21,0.110000000,3,
2026-10-01,GBU,OPT,GBUF7 C12200,2027-01-08,C,1.22,0.100400000,3,
2026-10-01,GBU,OPT,GBUF7 C12300,2027-01-08,C,1.23,0.091000000,3,
2026-10-01,GBU,OPT,GBUF7 C12400,2027-01-08,C,1.24,0.081600000,3,
2026-10-01,GBU,OPT,GBUF7 C12500,2027-01-08,C,1.25,0.072500000,3,
2026-10-01,GBU,OPT,GBUF7 C12600,2027-01-08,C,1.26,0.063500000,3,
2026-10-01,GBU,OPT,GBUF7 C12650,2027-01-08,C,1.265,0.059100000,3,
2026-10-01,GBU,OPT,GBUF7 C12700,2027-01-08,C,1.27,0.054800000,3,
2026-10-01,GBU,OPT,GBUF7 C12750,2027-01-08,C,1.275,0.050600000,3,
2026-10-01,GBU,OPT,GBUF7 C12800,2027-01-08,C,1.28,0.046500000,3,
2026-10-01,GBU,OPT,GBUF7 C12850,2027-01-08,C,1.285,0.042500000,3,
2026-10-01,GBU,OPT,GBUF7 C12900,2027-01-08,C,1.29,0.038600000,3,
2026-10-01,GBU,OPT,GBUF7 C12950,2027-01-08,C,1.295,0.034900000,3,
2026-10-01,GBU,OPT,GBUF7 C13000,2027-01-08,C,1.3,0.031300000,3,4
2026-10-01,GBU,OPT,GBUF7 C13050,2027-01-08,C,1.305,0.027900000,3,
2026-10-01,GBU,OPT,GBUF7 C13100,2027-01-08,C,1.31,0.024700000,3,
2026-10-01,GBU,OPT,GBUF7 C13150,2027-01-08,C,1.315,0.021600000,3,4
2026-10-01,GBU,OPT,GBUF7 C13200,2027-01-08,C,1.32,0.018900000,3,13
2026-10-01,GBU,OPT,GBUF7 C13250,2027-01-08,C,1.325,0.016300000,3,42
2026-10-01,GBU,OPT,GBUF7 C13300,2027-01-08,C,1.33,0.013900000,3,18
2026-10-01,GBU,OPT,GBUF7 C13350,2027-01-08,C,1.335,0.011800000,3,
2026-10-01,GBU,OPT,GBUF7 C13400,2027-01-08,C,1.34,0.010000000,3,14
2026-10-01,GBU,OPT,GBUF7 C13450,2027-01-08,C,1.345,0.008300000,3,800
2026-10-01,GBU,OPT,GBUF7 C13500,2027-01-08,C,1.35,0.006900000,3,95
2026-10-01,GBU,OPT,GBUF7 C13550,2027-01-08,C,1.355,0.005700000,3,
2026-10-01,GBU,OPT,GBUF7 C13600,2027-01-08,C,1.36,0.004700000,3,400
2026-10-01,GBU,OPT,GBUF7 C13650,2027-01-08,C,1.365,0.003900000,3,42
2026-10-01,GBU,OPT,GBUF7 C13700,2027-01-08,C,1.37,0.003100000,3,42
2026-10-01,GBU,OPT,GBUF7 C13750,2027-01-08,C,1.375,0.002600000,3,1
2026-10-01,GBU,OPT,GBUF7 C13800,2027-01-08,C,1.38,0.002100000,3,6
2026-10-01,GBU,OPT,GBUF7 C13850,2027-01-08,C,1.385,0.001700000,3,1
2026-10-01,GBU,OPT,GBUF7 C13900,2027-01-08,C,1.39,0.001400000,3,22
2026-10-01,GBU,OPT,GBUF7 C13950,2027-01-08,C,1.395,0.001100000,3,20
2026-10-01,GBU,OPT,GBUF7 C14000,2027-01-08,C,1.4,0.000900000,3,21
2026-10-01,GBU,OPT,GBUF7 C14050,2027-01-08,C,1.405,0.000800000,3,2
2026-10-01,GBU,OPT,GBUF7 C14100,2027-01-08,C,1.41,0.000600000,3,1
2026-10-01,GBU,OPT,GBUF7 C14150,2027-01-08,C,1.415,0.000600000,3,16
2026-10-01,GBU,OPT,GBUF7 C14200,2027-01-08,C,1.42,0.000500000,3,15
2026-10-01,GBU,OPT,GBUF7 C14250,2027-01-08,C,1.425,0.000400000,3,
2026-10-01,GBU,OPT,GBUF7 C14300,2027-01-08,C,1.43,0.000300000,3,4
2026-10-01,GBU,OPT,GBUF7 C14400,2027-01-08,C,1.44,0.000200000,3,1
2026-10-01,GBU,OPT,GBUF7 C14500,2027-01-08,C,1.45,0.000200000,3,16
2026-10-01,GBU,OPT,GBUF7 C14600,2027-01-08,C,1.46,0.000100000,3,
2026-10-01,GBU,OPT,GBUF7 C14700,2027-01-08,C,1.47,0.000100000,3,2
2026-10-01,GBU,OPT,GBUF7 C14800,2027-01-08,C,1.48,0.000100000,3,1
2026-10-01,GBU,OPT,GBUF7 C14900,2027-01-08,C,1.49,0.000100000,3,
2026-10-01,GBU,OPT,GBUF7 C15000,2027-01-08,C,1.5,0.000100000,3,
2026-10-01,GBU,OPT,GBUF7 C15100,2027-01-08,C,1.51,0.000100000,3,1
2026-10-01,GBU,OPT,GBUF7 C15200,2027-01-08,C,1.52,0.000100000,3,1
2026-10-01,GBU,OPT,GBUF7 C15300,2027-01-08,C,1.53,0.000100000,3,
2026-10-01,GBU,OPT,GBUF7 C15400,2027-01-08,C,1.54,0.000100000,3,3
2026-10-01,GBU,OPT,GBUF7 C15500,2027-01-08,C,1.55,0.000100000,3,
2026-10-01,GBU,OPT,GBUF7 C15600,2027-01-08,C,1.56,0.000100000,3,
2026-10-01,GBU,OPT,GBUF7 C15700,2027-01-08,C,1.57,0.000100000,3,
2026-10-01,GBU,OPT,GBUF7 C15800,2027-01-08,C,1.58,0.000100000,3,
2026-10-01,GBU,OPT,GBUF7 P11200,2027-01-08,P,1.12,0.000200000,3,10
2026-10-01,GBU,OPT,GBUF7 P11300,2027-01-08,P,1.13,0.000200000,3,
2026-10-01,GBU,OPT,GBUF7 P11400,2027-01-08,P,1.14,0.000300000,3,
2026-10-01,GBU,OPT,GBUF7 P11500,2027-01-08,P,1.15,0.000400000,3,
2026-10-01,GBU,OPT,GBUF7 P11600,2027-01-08,P,1.16,0.000500000,3,
2026-10-01,GBU,OPT,GBUF7 P11700,2027-01-08,P,1.17,0.000600000,3,
2026-10-01,GBU,OPT,GBUF7 P11800,2027-01-08,P,1.18,0.000700000,3,
2026-10-01,GBU,OPT,GBUF7 P11900,2027-01-08,P,1.19,0.000900000,3,
2026-10-01,GBU,OPT,GBUF7 P12000,2027-01-08,P,1.2,0.001100000,3,
2026-10-01,GBU,OPT,GBUF7 P12100,2027-01-08,P,1.21,0.001400000,3,16
2026-10-01,GBU,OPT,GBUF7 P12200,2027-01-08,P,1.22,0.001700000,3,21
2026-10-01,GBU,OPT,GBUF7 P12300,2027-01-08,P,1.23,0.002100000,3,19
2026-10-01,GBU,OPT,GBUF7 P12400,2027-01-08,P,1.24,0.002700000,3,48
2026-10-01,GBU,OPT,GBUF7 P12500,2027-01-08,P,1.25,0.003400000,3,52
2026-10-01,GBU,OPT,GBUF7 P12600,2027-01-08,P,1.26,0.004300000,3,35
2026-10-01,GBU,OPT,GBUF7 P12650,2027-01-08,P,1.265,0.004900000,3,22
2026-10-01,GBU,OPT,GBUF7 P12700,2027-01-08,P,1.27,0.005500000,3,20
2026-10-01,GBU,OPT,GBUF7 P12750,2027-01-08,P,1.275,0.006300000,3,11
2026-10-01,GBU,OPT,GBUF7 P12800,2027-01-08,P,1.28,0.007100000,3,1
2026-10-01,GBU,OPT,GBUF7 P12850,2027-01-08,P,1.285,0.008100000,3,10
2026-10-01,GBU,OPT,GBUF7 P12900,2027-01-08,P,1.29,0.009100000,3,5
2026-10-01,GBU,OPT,GBUF7 P12950,2027-01-08,P,1.295,0.010300000,3,1237
2026-10-01,GBU,OPT,GBUF7 P13000,2027-01-08,P,1.3,0.011700000,3,19
2026-10-01,GBU,OPT,GBUF7 P13050,2027-01-08,P,1.305,0.013200000,3,172
2026-10-01,GBU,OPT,GBUF7 P13100,2027-01-08,P,1.31,0.015000000,3,10
2026-10-01,GBU,OPT,GBUF7 P13150,2027-01-08,P,1.315,0.016900000,3,1
2026-10-01,GBU,OPT,GBUF7 P13200,2027-01-08,P,1.32,0.019000000,3,18
2026-10-01,GBU,OPT,GBUF7 P13250,2027-01-08,P,1.325,0.021400000,3,561
2026-10-01,GBU,OPT,GBUF7 P13300,2027-01-08,P,1.33,0.024000000,3,7
2026-10-01,GBU,OPT,GBUF7 P13350,2027-01-08,P,1.335,0.026900000,3,7
2026-10-01,GBU,OPT,GBUF7 P13400,2027-01-08,P,1.34,0.030000000,3,651
2026-10-01,GBU,OPT,GBUF7 P13450,2027-01-08,P,1.345,0.033300000,3,67
2026-10-01,GBU,OPT,GBUF7 P13500,2027-01-08,P,1.35,0.036800000,3,2
2026-10-01,GBU,OPT,GBUF7 P13550,2027-01-08,P,1.355,0.040500000,3,240
2026-10-01,GBU,OPT,GBUF7 P13600,2027-01-08,P,1.36,0.044500000,3,
2026-10-01,GBU,OPT,GBUF7 P13650,2027-01-08,P,1.365,0.048600000,3,
2026-10-01,GBU,OPT,GBUF7 P13700,2027-01-08,P,1.37,0.052800000,3,2
2026-10-01,GBU,OPT,GBUF7 P13750,2027-01-08,P,1.375,0.057200000,3,
2026-10-01,GBU,OPT,GBUF7 P13800,2027-01-08,P,1.38,0.061600000,3,1
2026-10-01,GBU,OPT,GBUF7 P13850,2027-01-08,P,1.385,0.066200000,3,
2026-10-01,GBU,OPT,GBUF7 P13900,2027-01-08,P,1.39,0.070800000,3,
2026-10-01,GBU,OPT,GBUF7 P13950,2027-01-08,P,1.395,0.075500000,3,
2026-10-01,GBU,OPT,GBUF7 P14000,2027-01-08,P,1.4,0.080200000,3,
2026-10-01,GBU,OPT,GBUF7 P14050,2027-01-08,P,1.405,0.085000000,3,
2026-10-01,GBU,OPT,GBUF7 P14100,2027-01-08,P,1.41,0.089800000,3,
2026-10-01,GBU,OPT,GBUF7 P14150,2027-01-08,P,1.415,0.094700000,3,
2026-10-01,GBU,OPT,GBUF7 P14200,2027-01-08,P,1.42,0.099600000,3,
2026-10-01,GBU,OPT,GBUF7 P14250,2027-01-08,P,1.425,0.104500000,3,
2026-10-01,GBU,OPT,GBUF7 P14300,2027-01-08,P,1.43,0.109300000,3,
2026-10-01,GBU,OPT,GBUF7 P14400,2027-01-08,P,1.44,0.119100000,3,
2026-10-01,GBU,OPT,GBUF7 P14500,2027-01-08,P,1.45,0.129000000,3,
2026-10-01,GBU,OPT,GBUF7 P14600,2027-01-08,P,1.46,0.138800000,3,
2026-10-01,GBU,OPT,GBUF7 P14700,2027-01-08,P,1.47,0.148700000,3,
2026-10-01,GBU,OPT,GBUF7 P14800,2027-01-08,P,1.48,0.158500000,3,
2026-10-01,GBU,OPT,GBUF7 P14900,2027-01-08,P,1.49,0.168400000,3,
2026-10-01,GBU,OPT,GBUF7 P15000,2027-01-08,P,1.5,0.178300000,3,
2026-10-01,GBU,OPT,GBUF7 P15100,2027-01-08,P,1.51,0.188100000,3,
2026-10-01,GBU,OPT,GBUF7 P15200,2027-01-08,P,1.52,0.198000000,3,
2026-10-01,GBU,OPT,GBUF7 P15300,2027-01-08,P,1.53,0.207900000,3,
2026-10-01,GBU,OPT,GBUF7 P15400,2027-01-08,P,1.54,0.217800000,3,
2026-10-01,GBU,OPT,GBUF7 P15500,2027-01-08,P,1.55,0.227700000,3,
2026-10-01,GBU,OPT,GBUF7 P15600,2027-01-08,P,1.56,0.237600000,3,
2026-10-01,GBU,OPT,GBUF7 P15700,2027-01-08,P,1.57,0.247500000,3,
2026-10-01,GBU,OPT,GBUF7 P15800,2027-01-08,P,1.58,0.257400000,3,
2026-10-01,GBU,OPT,GBUG7 C11200,2027-02-05,C,1.12,0.197400000,3,
2026-10-01,GBU,OPT,GBUG7 C11300,2027-02-05,C,1.13,0.187600000,3,
2026-10-01,GBU,OPT,GBUG7 C11400,2027-02-05,C,1.14,0.177900000,3,
2026-10-01,GBU,OPT,GBUG7 C11500,2027-02-05,C,1.15,0.168200000,3,
2026-10-01,GBU,OPT,GBUG7 C11600,2027-02-05,C,1.16,0.158500000,3,
2026-10-01,GBU,OPT,GBUG7 C11700,2027-02-05,C,1.17,0.148800000,3,
2026-10-01,GBU,OPT,GBUG7 C11800,2027-02-05,C,1.18,0.139100000,3,
2026-10-01,GBU,OPT,GBUG7 C11900,2027-02-05,C,1.19,0.129500000,3,
2026-10-01,GBU,OPT,GBUG7 C12000,2027-02-05,C,1.2,0.120000000,3,
2026-10-01,GBU,OPT,GBUG7 C12100,2027-02-05,C,1.21,0.110500000,3,
2026-10-01,GBU,OPT,GBUG7 C12200,2027-02-05,C,1.22,0.101100000,3,
2026-10-01,GBU,OPT,GBUG7 C12300,2027-02-05,C,1.23,0.091800000,3,
2026-10-01,GBU,OPT,GBUG7 C12400,2027-02-05,C,1.24,0.082700000,3,
2026-10-01,GBU,OPT,GBUG7 C12500,2027-02-05,C,1.25,0.073800000,3,1
2026-10-01,GBU,OPT,GBUG7 C12600,2027-02-05,C,1.26,0.065100000,3,
2026-10-01,GBU,OPT,GBUG7 C12650,2027-02-05,C,1.265,0.060800000,3,
2026-10-01,GBU,OPT,GBUG7 C12700,2027-02-05,C,1.27,0.056600000,3,
2026-10-01,GBU,OPT,GBUG7 C12750,2027-02-05,C,1.275,0.052600000,3,
2026-10-01,GBU,OPT,GBUG7 C12800,2027-02-05,C,1.28,0.048600000,3,
2026-10-01,GBU,OPT,GBUG7 C12850,2027-02-05,C,1.285,0.044700000,3,
2026-10-01,GBU,OPT,GBUG7 C12900,2027-02-05,C,1.29,0.041000000,3,
2026-10-01,GBU,OPT,GBUG7 C12950,2027-02-05,C,1.295,0.037400000,3,
2026-10-01,GBU,OPT,GBUG7 C13000,2027-02-05,C,1.3,0.034000000,3,
2026-10-01,GBU,OPT,GBUG7 C13050,2027-02-05,C,1.305,0.030700000,3,
2026-10-01,GBU,OPT,GBUG7 C13100,2027-02-05,C,1.31,0.027600000,3,2
2026-10-01,GBU,OPT,GBUG7 C13150,2027-02-05,C,1.315,0.024600000,3,6
2026-10-01,GBU,OPT,GBUG7 C13200,2027-02-05,C,1.32,0.021800000,3,2
2026-10-01,GBU,OPT,GBUG7 C13250,2027-02-05,C,1.325,0.019300000,3,274
2026-10-01,GBU,OPT,GBUG7 C13300,2027-02-05,C,1.33,0.016900000,3,4
2026-10-01,GBU,OPT,GBUG7 C13350,2027-02-05,C,1.335,0.014700000,3,2
2026-10-01,GBU,OPT,GBUG7 C13400,2027-02-05,C,1.34,0.012700000,3,113
2026-10-01,GBU,OPT,GBUG7 C13450,2027-02-05,C,1.345,0.010900000,3,4
2026-10-01,GBU,OPT,GBUG7 C13500,2027-02-05,C,1.35,0.009300000,3,161
2026-10-01,GBU,OPT,GBUG7 C13550,2027-02-05,C,1.355,0.008000000,3,131
2026-10-01,GBU,OPT,GBUG7 C13600,2027-02-05,C,1.36,0.006800000,3,124
2026-10-01,GBU,OPT,GBUG7 C13650,2027-02-05,C,1.365,0.005700000,3,246
2026-10-01,GBU,OPT,GBUG7 C13700,2027-02-05,C,1.37,0.004900000,3,3
2026-10-01,GBU,OPT,GBUG7 C13750,2027-02-05,C,1.375,0.004100000,3,
2026-10-01,GBU,OPT,GBUG7 C13800,2027-02-05,C,1.38,0.003500000,3,803
2026-10-01,GBU,OPT,GBUG7 C13850,2027-02-05,C,1.385,0.002900000,3,1
2026-10-01,GBU,OPT,GBUG7 C13900,2027-02-05,C,1.39,0.002400000,3,17
2026-10-01,GBU,OPT,GBUG7 C13950,2027-02-05,C,1.395,0.002000000,3,16
2026-10-01,GBU,OPT,GBUG7 C14000,2027-02-05,C,1.4,0.001700000,3,22
2026-10-01,GBU,OPT,GBUG7 C14050,2027-02-05,C,1.405,0.001400000,3,16
2026-10-01,GBU,OPT,GBUG7 C14100,2027-02-05,C,1.41,0.001200000,3,16
2026-10-01,GBU,OPT,GBUG7 C14150,2027-02-05,C,1.415,0.001000000,3,16
2026-10-01,GBU,OPT,GBUG7 C14200,2027-02-05,C,1.42,0.000900000,3,61
2026-10-01,GBU,OPT,GBUG7 C14300,2027-02-05,C,1.43,0.000700000,3,2
2026-10-01,GBU,OPT,GBUG7 C14400,2027-02-05,C,1.44,0.000500000,3,46
2026-10-01,GBU,OPT,GBUG7 C14500,2027-02-05,C,1.45,0.000400000,3,16
2026-10-01,GBU,OPT,GBUG7 C14600,2027-02-05,C,1.46,0.000300000,3,
2026-10-01,GBU,OPT,GBUG7 C14700,2027-02-05,C,1.47,0.000300000,3,17
2026-10-01,GBU,OPT,GBUG7 C14800,2027-02-05,C,1.48,0.000200000,3,
2026-10-01,GBU,OPT,GBUG7 C14900,2027-02-05,C,1.49,0.000100000,3,
2026-10-01,GBU,OPT,GBUG7 C15000,2027-02-05,C,1.5,0.000100000,3,
2026-10-01,GBU,OPT,GBUG7 C15100,2027-02-05,C,1.51,0.000100000,3,
2026-10-01,GBU,OPT,GBUG7 C15200,2027-02-05,C,1.52,0.000100000,3,
2026-10-01,GBU,OPT,GBUG7 C15300,2027-02-05,C,1.53,0.000100000,3,
2026-10-01,GBU,OPT,GBUG7 C15400,2027-02-05,C,1.54,0.000100000,3,
2026-10-01,GBU,OPT,GBUG7 C15500,2027-02-05,C,1.55,0.000100000,3,
2026-10-01,GBU,OPT,GBUG7 C15600,2027-02-05,C,1.56,0.000100000,3,
2026-10-01,GBU,OPT,GBUG7 C15700,2027-02-05,C,1.57,0.000100000,3,
2026-10-01,GBU,OPT,GBUG7 P11200,2027-02-05,P,1.12,0.000400000,3,
2026-10-01,GBU,OPT,GBUG7 P11300,2027-02-05,P,1.13,0.000500000,3,
2026-10-01,GBU,OPT,GBUG7 P11400,2027-02-05,P,1.14,0.000600000,3,
2026-10-01,GBU,OPT,GBUG7 P11500,2027-02-05,P,1.15,0.000700000,3,
2026-10-01,GBU,OPT,GBUG7 P11600,2027-02-05,P,1.16,0.000900000,3,
2026-10-01,GBU,OPT,GBUG7 P11700,2027-02-05,P,1.17,0.001100000,3,1
2026-10-01,GBU,OPT,GBUG7 P11800,2027-02-05,P,1.18,0.001300000,3,
2026-10-01,GBU,OPT,GBUG7 P11900,2027-02-05,P,1.19,0.001600000,3,
2026-10-01,GBU,OPT,GBUG7 P12000,2027-02-05,P,1.2,0.001900000,3,16
2026-10-01,GBU,OPT,GBUG7 P12100,2027-02-05,P,1.21,0.002200000,3,17
2026-10-01,GBU,OPT,GBUG7 P12200,2027-02-05,P,1.22,0.002700000,3,17
2026-10-01,GBU,OPT,GBUG7 P12300,2027-02-05,P,1.23,0.003300000,3,18
2026-10-01,GBU,OPT,GBUG7 P12400,2027-02-05,P,1.24,0.004000000,3,16
2026-10-01,GBU,OPT,GBUG7 P12500,2027-02-05,P,1.25,0.004900000,3,19
2026-10-01,GBU,OPT,GBUG7 P12600,2027-02-05,P,1.26,0.006100000,3,26
2026-10-01,GBU,OPT,GBUG7 P12650,2027-02-05,P,1.265,0.006800000,3,42
2026-10-01,GBU,OPT,GBUG7 P12700,2027-02-05,P,1.27,0.007500000,3,26
2026-10-01,GBU,OPT,GBUG7 P12750,2027-02-05,P,1.275,0.008400000,3,1
2026-10-01,GBU,OPT,GBUG7 P12800,2027-02-05,P,1.28,0.009300000,3,619
2026-10-01,GBU,OPT,GBUG7 P12850,2027-02-05,P,1.285,0.010400000,3,1
2026-10-01,GBU,OPT,GBUG7 P12900,2027-02-05,P,1.29,0.011600000,3,
2026-10-01,GBU,OPT,GBUG7 P12950,2027-02-05,P,1.295,0.013000000,3,100
2026-10-01,GBU,OPT,GBUG7 P13000,2027-02-05,P,1.3,0.014500000,3,2
2026-10-01,GBU,OPT,GBUG7 P13050,2027-02-05,P,1.305,0.016100000,3,4
2026-10-01,GBU,OPT,GBUG7 P13100,2027-02-05,P,1.31,0.017900000,3,42
2026-10-01,GBU,OPT,GBUG7 P13150,2027-02-05,P,1.315,0.019900000,3,190
2026-10-01,GBU,OPT,GBUG7 P13200,2027-02-05,P,1.32,0.022000000,3,49
2026-10-01,GBU,OPT,GBUG7 P13250,2027-02-05,P,1.325,0.024400000,3,40
2026-10-01,GBU,OPT,GBUG7 P13300,2027-02-05,P,1.33,0.026900000,3,400
2026-10-01,GBU,OPT,GBUG7 P13350,2027-02-05,P,1.335,0.029700000,3,7
2026-10-01,GBU,OPT,GBUG7 P13400,2027-02-05,P,1.34,0.032600000,3,243
2026-10-01,GBU,OPT,GBUG7 P13450,2027-02-05,P,1.345,0.035700000,3,281
2026-10-01,GBU,OPT,GBUG7 P13500,2027-02-05,P,1.35,0.039100000,3,340
2026-10-01,GBU,OPT,GBUG7 P13550,2027-02-05,P,1.355,0.042700000,3,
2026-10-01,GBU,OPT,GBUG7 P13600,2027-02-05,P,1.36,0.046400000,3,40
2026-10-01,GBU,OPT,GBUG7 P13650,2027-02-05,P,1.365,0.050300000,3,
2026-10-01,GBU,OPT,GBUG7 P13700,2027-02-05,P,1.37,0.054400000,3,
2026-10-01,GBU,OPT,GBUG7 P13750,2027-02-05,P,1.375,0.058500000,3,
2026-10-01,GBU,OPT,GBUG7 P13800,2027-02-05,P,1.38,0.062800000,3,
2026-10-01,GBU,OPT,GBUG7 P13850,2027-02-05,P,1.385,0.067200000,3,
2026-10-01,GBU,OPT,GBUG7 P13900,2027-02-05,P,1.39,0.071700000,3,
2026-10-01,GBU,OPT,GBUG7 P13950,2027-02-05,P,1.395,0.076200000,3,
2026-10-01,GBU,OPT,GBUG7 P14000,2027-02-05,P,1.4,0.080800000,3,
2026-10-01,GBU,OPT,GBUG7 P14050,2027-02-05,P,1.405,0.085400000,3,
2026-10-01,GBU,OPT,GBUG7 P14100,2027-02-05,P,1.41,0.090100000,3,
2026-10-01,GBU,OPT,GBUG7 P14150,2027-02-05,P,1.415,0.094900000,3,
2026-10-01,GBU,OPT,GBUG7 P14200,2027-02-05,P,1.42,0.099600000,3,
2026-10-01,GBU,OPT,GBUG7 P14300,2027-02-05,P,1.43,0.109300000,3,
2026-10-01,GBU,OPT,GBUG7 P14400,2027-02-05,P,1.44,0.119000000,3,1
2026-10-01,GBU,OPT,GBUG7 P14500,2027-02-05,P,1.45,0.128700000,3,
2026-10-01,GBU,OPT,GBUG7 P14600,2027-02-05,P,1.46,0.138500000,3,
2026-10-01,GBU,OPT,GBUG7 P14700,2027-02-05,P,1.47,0.148400000,3,
2026-10-01,GBU,OPT,GBUG7 P14800,2027-02-05,P,1.48,0.158200000,3,
2026-10-01,GBU,OPT,GBUG7 P14900,2027-02-05,P,1.49,0.168000000,3,
2026-10-01,GBU,OPT,GBUG7 P15000,2027-02-05,P,1.5,0.177800000,3,
2026-10-01,GBU,OPT,GBUG7 P15100,2027-02-05,P,1.51,0.187600000,3,
2026-10-01,GBU,OPT,GBUG7 P15200,2027-02-05,P,1.52,0.197400000,3,
2026-10-01,GBU,OPT,GBUG7 P15300,2027-02-05,P,1.53,0.207300000,3,
2026-10-01,GBU,OPT,GBUG7 P15400,2027-02-05,P,1.54,0.217100000,3,
2026-10-01,GBU,OPT,GBUG7 P15500,2027-02-05,P,1.55,0.227000000,3,
2026-10-01,GBU,OPT,GBUG7 P15600,2027-02-05,P,1.56,0.236800000,3,
2026-10-01,GBU,OPT,GBUG7 P15700,2027-02-05,P,1.57,0.246700000,3,
2026-10-01,GBU,OPT,GBUH7 C10700,2027-03-05,C,1.07,0.245800000,3,
2026-10-01,GBU,OPT,GBUH7 C10800,2027-03-05,C,1.08,0.236000000,3,
2026-10-01,GBU,OPT,GBUH7 C10900,2027-03-05,C,1.09,0.226200000,3,
2026-10-01,GBU,OPT,GBUH7 C11000,2027-03-05,C,1.1,0.216400000,3,
2026-10-01,GBU,OPT,GBUH7 C11100,2027-03-05,C,1.11,0.206700000,3,
2026-10-01,GBU,OPT,GBUH7 C11200,2027-03-05,C,1.12,0.196900000,3,
2026-10-01,GBU,OPT,GBUH7 C11300,2027-03-05,C,1.13,0.187300000,3,
2026-10-01,GBU,OPT,GBUH7 C11400,2027-03-05,C,1.14,0.177600000,3,
2026-10-01,GBU,OPT,GBUH7 C11500,2027-03-05,C,1.15,0.168000000,3,
2026-10-01,GBU,OPT,GBUH7 C11600,2027-03-05,C,1.16,0.158300000,3,
2026-10-01,GBU,OPT,GBUH7 C11700,2027-03-05,C,1.17,0.148700000,3,
2026-10-01,GBU,OPT,GBUH7 C11800,2027-03-05,C,1.18,0.139200000,3,
2026-10-01,GBU,OPT,GBUH7 C11900,2027-03-05,C,1.19,0.129700000,3,
2026-10-01,GBU,OPT,GBUH7 C12000,2027-03-05,C,1.2,0.120300000,3,
2026-10-01,GBU,OPT,GBUH7 C12100,2027-03-05,C,1.21,0.111000000,3,
2026-10-01,GBU,OPT,GBUH7 C12200,2027-03-05,C,1.22,0.101700000,3,
2026-10-01,GBU,OPT,GBUH7 C12250,2027-03-05,C,1.225,0.097200000,3,
2026-10-01,GBU,OPT,GBUH7 C12300,2027-03-05,C,1.23,0.092600000,3,1
2026-10-01,GBU,OPT,GBUH7 C12350,2027-03-05,C,1.235,0.088100000,3,
2026-10-01,GBU,OPT,GBUH7 C12400,2027-03-05,C,1.24,0.083700000,3,
2026-10-01,GBU,OPT,GBUH7 C12450,2027-03-05,C,1.245,0.079300000,3,
2026-10-01,GBU,OPT,GBUH7 C12500,2027-03-05,C,1.25,0.075000000,3,
2026-10-01,GBU,OPT,GBUH7 C12550,2027-03-05,C,1.255,0.070700000,3,
2026-10-01,GBU,OPT,GBUH7 C12600,2027-03-05,C,1.26,0.066500000,3,1
2026-10-01,GBU,OPT,GBUH7 C12650,2027-03-05,C,1.265,0.062400000,3,
2026-10-01,GBU,OPT,GBUH7 C12700,2027-03-05,C,1.27,0.058300000,3,
2026-10-01,GBU,OPT,GBUH7 C12750,2027-03-05,C,1.275,0.054400000,3,
2026-10-01,GBU,OPT,GBUH7 C12800,2027-03-05,C,1.28,0.050500000,3,
2026-10-01,GBU,OPT,GBUH7 C12850,2027-03-05,C,1.285,0.046700000,3,
2026-10-01,GBU,OPT,GBUH7 C12900,2027-03-05,C,1.29,0.043100000,3,
2026-10-01,GBU,OPT,GBUH7 C12950,2027-03-05,C,1.295,0.039600000,3,
2026-10-01,GBU,OPT,GBUH7 C13000,2027-03-05,C,1.3,0.036200000,3,
2026-10-01,GBU,OPT,GBUH7 C13050,2027-03-05,C,1.305,0.032900000,3,
2026-10-01,GBU,OPT,GBUH7 C13100,2027-03-05,C,1.31,0.029900000,3,
2026-10-01,GBU,OPT,GBUH7 C13150,2027-03-05,C,1.315,0.026900000,3,
2026-10-01,GBU,OPT,GBUH7 C13200,2027-03-05,C,1.32,0.024200000,3,36
2026-10-01,GBU,OPT,GBUH7 C13250,2027-03-05,C,1.325,0.021600000,3,15
2026-10-01,GBU,OPT,GBUH7 C13300,2027-03-05,C,1.33,0.019300000,3,12
2026-10-01,GBU,OPT,GBUH7 C13350,2027-03-05,C,1.335,0.017100000,3,2
2026-10-01,GBU,OPT,GBUH7 C13400,2027-03-05,C,1.34,0.015000000,3,1
2026-10-01,GBU,OPT,GBUH7 C13450,2027-03-05,C,1.345,0.013200000,3,
2026-10-01,GBU,OPT,GBUH7 C13500,2027-03-05,C,1.35,0.011600000,3,8
2026-10-01,GBU,OPT,GBUH7 C13550,2027-03-05,C,1.355,0.010100000,3,1
2026-10-01,GBU,OPT,GBUH7 C13600,2027-03-05,C,1.36,0.008800000,3,17
2026-10-01,GBU,OPT,GBUH7 C13650,2027-03-05,C,1.365,0.007600000,3,34
2026-10-01,GBU,OPT,GBUH7 C13700,2027-03-05,C,1.37,0.006600000,3,3
2026-10-01,GBU,OPT,GBUH7 C13750,2027-03-05,C,1.375,0.005700000,3,84
2026-10-01,GBU,OPT,GBUH7 C13800,2027-03-05,C,1.38,0.004900000,3,2
2026-10-01,GBU,OPT,GBUH7 C13850,2027-03-05,C,1.385,0.004200000,3,
2026-10-01,GBU,OPT,GBUH7 C13900,2027-03-05,C,1.39,0.003600000,3,18
2026-10-01,GBU,OPT,GBUH7 C13950,2027-03-05,C,1.395,0.003000000,3,16
2026-10-01,GBU,OPT,GBUH7 C14000,2027-03-05,C,1.4,0.002600000,3,21
2026-10-01,GBU,OPT,GBUH7 C14050,2027-03-05,C,1.405,0.002200000,3,17
2026-10-01,GBU,OPT,GBUH7 C14100,2027-03-05,C,1.41,0.001800000,3,817
2026-10-01,GBU,OPT,GBUH7 C14150,2027-03-05,C,1.415,0.001600000,3,16
2026-10-01,GBU,OPT,GBUH7 C14200,2027-03-05,C,1.42,0.001300000,3,18
2026-10-01,GBU,OPT,GBUH7 C14250,2027-03-05,C,1.425,0.001100000,3,16
2026-10-01,GBU,OPT,GBUH7 C14300,2027-03-05,C,1.43,0.000900000,3,19
2026-10-01,GBU,OPT,GBUH7 C14400,2027-03-05,C,1.44,0.000700000,3,1
2026-10-01,GBU,OPT,GBUH7 C14500,2027-03-05,C,1.45,0.000500000,3,
2026-10-01,GBU,OPT,GBUH7 C14600,2027-03-05,C,1.46,0.000400000,3,
2026-10-01,GBU,OPT,GBUH7 C14700,2027-03-05,C,1.47,0.000300000,3,16
2026-10-01,GBU,OPT,GBUH7 C14800,2027-03-05,C,1.48,0.000200000,3,2
2026-10-01,GBU,OPT,GBUH7 C14900,2027-03-05,C,1.49,0.000200000,3,
2026-10-01,GBU,OPT,GBUH7 C15000,2027-03-05,C,1.5,0.000100000,3,1
2026-10-01,GBU,OPT,GBUH7 C15100,2027-03-05,C,1.51,0.000100000,3,
2026-10-01,GBU,OPT,GBUH7 C15200,2027-03-05,C,1.52,0.000100000,3,
2026-10-01,GBU,OPT,GBUH7 C15300,2027-03-05,C,1.53,0.000100000,3,
2026-10-01,GBU,OPT,GBUH7 C15400,2027-03-05,C,1.54,0.000100000,3,
2026-10-01,GBU,OPT,GBUH7 C15500,2027-03-05,C,1.55,0.000100000,3,
2026-10-01,GBU,OPT,GBUH7 C15600,2027-03-05,C,1.56,0.000100000,3,1
2026-10-01,GBU,OPT,GBUH7 C15700,2027-03-05,C,1.57,0.000100000,3,
2026-10-01,GBU,OPT,GBUH7 C15800,2027-03-05,C,1.58,0.000100000,3,
2026-10-01,GBU,OPT,GBUH7 P10700,2027-03-05,P,1.07,0.000300000,3,12
2026-10-01,GBU,OPT,GBUH7 P10800,2027-03-05,P,1.08,0.000300000,3,3
2026-10-01,GBU,OPT,GBUH7 P10900,2027-03-05,P,1.09,0.000400000,3,5
2026-10-01,GBU,OPT,GBUH7 P11000,2027-03-05,P,1.1,0.000400000,3,1
2026-10-01,GBU,OPT,GBUH7 P11100,2027-03-05,P,1.11,0.000500000,3,
2026-10-01,GBU,OPT,GBUH7 P11200,2027-03-05,P,1.12,0.000600000,3,
2026-10-01,GBU,OPT,GBUH7 P11300,2027-03-05,P,1.13,0.000700000,3,
2026-10-01,GBU,OPT,GBUH7 P11400,2027-03-05,P,1.14,0.000900000,3,
2026-10-01,GBU,OPT,GBUH7 P11500,2027-03-05,P,1.15,0.001100000,3,1
2026-10-01,GBU,OPT,GBUH7 P11600,2027-03-05,P,1.16,0.001300000,3,
2026-10-01,GBU,OPT,GBUH7 P11700,2027-03-05,P,1.17,0.001500000,3,1
2026-10-01,GBU,OPT,GBUH7 P11800,2027-03-05,P,1.18,0.001800000,3,16
2026-10-01,GBU,OPT,GBUH7 P11900,2027-03-05,P,1.19,0.002100000,3,
2026-10-01,GBU,OPT,GBUH7 P12000,2027-03-05,P,1.2,0.002600000,3,1
2026-10-01,GBU,OPT,GBUH7 P12100,2027-03-05,P,1.21,0.003100000,3,28
2026-10-01,GBU,OPT,GBUH7 P12200,2027-03-05,P,1.22,0.003700000,3,2
2026-10-01,GBU,OPT,GBUH7 P12250,2027-03-05,P,1.225,0.004000000,3,2
2026-10-01,GBU,OPT,GBUH7 P12300,2027-03-05,P,1.23,0.004400000,3,3
2026-10-01,GBU,OPT,GBUH7 P12350,2027-03-05,P,1.235,0.004800000,3,
2026-10-01,GBU,OPT,GBUH7 P12400,2027-03-05,P,1.24,0.005300000,3,2
2026-10-01,GBU,OPT,GBUH7 P12450,2027-03-05,P,1.245,0.005800000,3,
2026-10-01,GBU,OPT,GBUH7 P12500,2027-03-05,P,1.25,0.006400000,3,
2026-10-01,GBU,OPT,GBUH7 P12550,2027-03-05,P,1.255,0.007000000,3,206
2026-10-01,GBU,OPT,GBUH7 P12600,2027-03-05,P,1.26,0.007700000,3,104
2026-10-01,GBU,OPT,GBUH7 P12650,2027-03-05,P,1.265,0.008500000,3,5
2026-10-01,GBU,OPT,GBUH7 P12700,2027-03-05,P,1.27,0.009400000,3,
2026-10-01,GBU,OPT,GBUH7 P12750,2027-03-05,P,1.275,0.010300000,3,
2026-10-01,GBU,OPT,GBUH7 P12800,2027-03-05,P,1.28,0.011400000,3,1
2026-10-01,GBU,OPT,GBUH7 P12850,2027-03-05,P,1.285,0.012500000,3,1
2026-10-01,GBU,OPT,GBUH7 P12900,2027-03-05,P,1.29,0.013800000,3,2
2026-10-01,GBU,OPT,GBUH7 P12950,2027-03-05,P,1.295,0.015200000,3,1
2026-10-01,GBU,OPT,GBUH7 P13000,2027-03-05,P,1.3,0.016700000,3,30
2026-10-01,GBU,OPT,GBUH7 P13050,2027-03-05,P,1.305,0.018400000,3,4
2026-10-01,GBU,OPT,GBUH7 P13100,2027-03-05,P,1.31,0.020200000,3,
2026-10-01,GBU,OPT,GBUH7 P13150,2027-03-05,P,1.315,0.022200000,3,
2026-10-01,GBU,OPT,GBUH7 P13200,2027-03-05,P,1.32,0.024400000,3,32
2026-10-01,GBU,OPT,GBUH7 P13250,2027-03-05,P,1.325,0.026700000,3,16
2026-10-01,GBU,OPT,GBUH7 P13300,2027-03-05,P,1.33,0.029300000,3,8
2026-10-01,GBU,OPT,GBUH7 P13350,2027-03-05,P,1.335,0.032000000,3,32
2026-10-01,GBU,OPT,GBUH7 P13400,2027-03-05,P,1.34,0.034900000,3,2
2026-10-01,GBU,OPT,GBUH7 P13450,2027-03-05,P,1.345,0.038000000,3,
2026-10-01,GBU,OPT,GBUH7 P13500,2027-03-05,P,1.35,0.041200000,3,4
2026-10-01,GBU,OPT,GBUH7 P13550,2027-03-05,P,1.355,0.044700000,3,1
2026-10-01,GBU,OPT,GBUH7 P13600,2027-03-05,P,1.36,0.048300000,3,3
2026-10-01,GBU,OPT,GBUH7 P13650,2027-03-05,P,1.365,0.052000000,3,
2026-10-01,GBU,OPT,GBUH7 P13700,2027-03-05,P,1.37,0.055900000,3,
2026-10-01,GBU,OPT,GBUH7 P13750,2027-03-05,P,1.375,0.059900000,3,
2026-10-01,GBU,OPT,GBUH7 P13800,2027-03-05,P,1.38,0.064000000,3,
2026-10-01,GBU,OPT,GBUH7 P13850,2027-03-05,P,1.385,0.068200000,3,
2026-10-01,GBU,OPT,GBUH7 P13900,2027-03-05,P,1.39,0.072500000,3,
2026-10-01,GBU,OPT,GBUH7 P13950,2027-03-05,P,1.395,0.076900000,3,
2026-10-01,GBU,OPT,GBUH7 P14000,2027-03-05,P,1.4,0.081400000,3,
2026-10-01,GBU,OPT,GBUH7 P14050,2027-03-05,P,1.405,0.085900000,3,
2026-10-01,GBU,OPT,GBUH7 P14100,2027-03-05,P,1.41,0.090500000,3,1
2026-10-01,GBU,OPT,GBUH7 P14150,2027-03-05,P,1.415,0.095100000,3,
2026-10-01,GBU,OPT,GBUH7 P14200,2027-03-05,P,1.42,0.099800000,3,1
2026-10-01,GBU,OPT,GBUH7 P14250,2027-03-05,P,1.425,0.104500000,3,
2026-10-01,GBU,OPT,GBUH7 P14300,2027-03-05,P,1.43,0.109200000,3,
2026-10-01,GBU,OPT,GBUH7 P14400,2027-03-05,P,1.44,0.118800000,3,
2026-10-01,GBU,OPT,GBUH7 P14500,2027-03-05,P,1.45,0.128500000,3,
2026-10-01,GBU,OPT,GBUH7 P14600,2027-03-05,P,1.46,0.138100000,3,
2026-10-01,GBU,OPT,GBUH7 P14700,2027-03-05,P,1.47,0.147900000,3,
2026-10-01,GBU,OPT,GBUH7 P14800,2027-03-05,P,1.48,0.157600000,3,
2026-10-01,GBU,OPT,GBUH7 P14900,2027-03-05,P,1.49,0.167400000,3,
2026-10-01,GBU,OPT,GBUH7 P15000,2027-03-05,P,1.5,0.177200000,3,560
2026-10-01,GBU,OPT,GBUH7 P15100,2027-03-05,P,1.51,0.187000000,3,
2026-10-01,GBU,OPT,GBUH7 P15200,2027-03-05,P,1.52,0.196800000,3,
2026-10-01,GBU,OPT,GBUH7 P15300,2027-03-05,P,1.53,0.206600000,3,
2026-10-01,GBU,OPT,GBUH7 P15400,2027-03-05,P,1.54,0.216400000,3,
2026-10-01,GBU,OPT,GBUH7 P15500,2027-03-05,P,1.55,0.226200000,3,
2026-10-01,GBU,OPT,GBUH7 P15600,2027-03-05,P,1.56,0.236000000,3,
2026-10-01,GBU,OPT,GBUH7 P15700,2027-03-05,P,1.57,0.245900000,3,
2026-10-01,GBU,OPT,GBUH7 P15800,2027-03-05,P,1.58,0.255700000,3,
2026-10-01,GBU,OPT,GBUJ7 C11200,2027-04-09,C,1.12,0.197000000,3,
2026-10-01,GBU,OPT,GBUJ7 C11300,2027-04-09,C,1.13,0.187400000,3,
2026-10-01,GBU,OPT,GBUJ7 C11400,2027-04-09,C,1.14,0.177700000,3,
2026-10-01,GBU,OPT,GBUJ7 C11500,2027-04-09,C,1.15,0.168100000,3,
2026-10-01,GBU,OPT,GBUJ7 C11600,2027-04-09,C,1.16,0.158600000,3,
2026-10-01,GBU,OPT,GBUJ7 C11700,2027-04-09,C,1.17,0.149000000,3,
2026-10-01,GBU,OPT,GBUJ7 C11800,2027-04-09,C,1.18,0.139600000,3,
2026-10-01,GBU,OPT,GBUJ7 C11900,2027-04-09,C,1.19,0.130300000,3,
2026-10-01,GBU,OPT,GBUJ7 C12000,2027-04-09,C,1.2,0.121100000,3,
2026-10-01,GBU,OPT,GBUJ7 C12100,2027-04-09,C,1.21,0.111900000,3,
2026-10-01,GBU,OPT,GBUJ7 C12200,2027-04-09,C,1.22,0.103000000,3,
2026-10-01,GBU,OPT,GBUJ7 C12300,2027-04-09,C,1.23,0.094100000,3,
2026-10-01,GBU,OPT,GBUJ7 C12400,2027-04-09,C,1.24,0.085400000,3,
2026-10-01,GBU,OPT,GBUJ7 C12500,2027-04-09,C,1.25,0.076900000,3,
2026-10-01,GBU,OPT,GBUJ7 C12600,2027-04-09,C,1.26,0.068600000,3,
2026-10-01,GBU,OPT,GBUJ7 C12650,2027-04-09,C,1.265,0.064600000,3,
2026-10-01,GBU,OPT,GBUJ7 C12700,2027-04-09,C,1.27,0.060700000,3,
2026-10-01,GBU,OPT,GBUJ7 C12750,2027-04-09,C,1.275,0.056800000,3,
2026-10-01,GBU,OPT,GBUJ7 C12800,2027-04-09,C,1.28,0.053000000,3,
2026-10-01,GBU,OPT,GBUJ7 C12850,2027-04-09,C,1.285,0.049400000,3,
2026-10-01,GBU,OPT,GBUJ7 C12900,2027-04-09,C,1.29,0.045800000,3,
2026-10-01,GBU,OPT,GBUJ7 C12950,2027-04-09,C,1.295,0.042400000,3,
2026-10-01,GBU,OPT,GBUJ7 C13000,2027-04-09,C,1.3,0.039100000,3,
2026-10-01,GBU,OPT,GBUJ7 C13050,2027-04-09,C,1.305,0.035900000,3,
2026-10-01,GBU,OPT,GBUJ7 C13100,2027-04-09,C,1.31,0.032900000,3,
2026-10-01,GBU,OPT,GBUJ7 C13150,2027-04-09,C,1.315,0.030000000,3,
2026-10-01,GBU,OPT,GBUJ7 C13200,2027-04-09,C,1.32,0.027200000,3,
2026-10-01,GBU,OPT,GBUJ7 C13250,2027-04-09,C,1.325,0.024700000,3,
2026-10-01,GBU,OPT,GBUJ7 C13300,2027-04-09,C,1.33,0.022200000,3,407
2026-10-01,GBU,OPT,GBUJ7 C13350,2027-04-09,C,1.335,0.020000000,3,3
2026-10-01,GBU,OPT,GBUJ7 C13400,2027-04-09,C,1.34,0.017900000,3,6
2026-10-01,GBU,OPT,GBUJ7 C13450,2027-04-09,C,1.345,0.015900000,3,
2026-10-01,GBU,OPT,GBUJ7 C13500,2027-04-09,C,1.35,0.014200000,3,24
2026-10-01,GBU,OPT,GBUJ7 C13550,2027-04-09,C,1.355,0.012600000,3,
2026-10-01,GBU,OPT,GBUJ7 C13600,2027-04-09,C,1.36,0.011100000,3,8
2026-10-01,GBU,OPT,GBUJ7 C13650,2027-04-09,C,1.365,0.009800000,3,
2026-10-01,GBU,OPT,GBUJ7 C13700,2027-04-09,C,1.37,0.008700000,3,1
2026-10-01,GBU,OPT,GBUJ7 C13750,2027-04-09,C,1.375,0.007700000,3,
2026-10-01,GBU,OPT,GBUJ7 C13800,2027-04-09,C,1.38,0.006800000,3,
2026-10-01,GBU,OPT,GBUJ7 C13850,2027-04-09,C,1.385,0.005900000,3,
2026-10-01,GBU,OPT,GBUJ7 C13900,2027-04-09,C,1.39,0.005200000,3,
2026-10-01,GBU,OPT,GBUJ7 C13950,2027-04-09,C,1.395,0.004600000,3,
2026-10-01,GBU,OPT,GBUJ7 C14000,2027-04-09,C,1.4,0.004000000,3,154
2026-10-01,GBU,OPT,GBUJ7 C14050,2027-04-09,C,1.405,0.003500000,3,
2026-10-01,GBU,OPT,GBUJ7 C14100,2027-04-09,C,1.41,0.003100000,3,
2026-10-01,GBU,OPT,GBUJ7 C14150,2027-04-09,C,1.415,0.002700000,3,
2026-10-01,GBU,OPT,GBUJ7 C14200,2027-04-09,C,1.42,0.002300000,3,
2026-10-01,GBU,OPT,GBUJ7 C14300,2027-04-09,C,1.43,0.001800000,3,1
2026-10-01,GBU,OPT,GBUJ7 C14400,2027-04-09,C,1.44,0.001300000,3,
2026-10-01,GBU,OPT,GBUJ7 C14500,2027-04-09,C,1.45,0.001000000,3,
2026-10-01,GBU,OPT,GBUJ7 C14600,2027-04-09,C,1.46,0.000800000,3,
2026-10-01,GBU,OPT,GBUJ7 C14700,2027-04-09,C,1.47,0.000600000,3,4
2026-10-01,GBU,OPT,GBUJ7 C14800,2027-04-09,C,1.48,0.000500000,3,
2026-10-01,GBU,OPT,GBUJ7 C14900,2027-04-09,C,1.49,0.000400000,3,
2026-10-01,GBU,OPT,GBUJ7 C15000,2027-04-09,C,1.5,0.000300000,3,
2026-10-01,GBU,OPT,GBUJ7 C15100,2027-04-09,C,1.51,0.000200000,3,
2026-10-01,GBU,OPT,GBUJ7 C15200,2027-04-09,C,1.52,0.000200000,3,
2026-10-01,GBU,OPT,GBUJ7 C15300,2027-04-09,C,1.53,0.000100000,3,
2026-10-01,GBU,OPT,GBUJ7 C15400,2027-04-09,C,1.54,0.000100000,3,
2026-10-01,GBU,OPT,GBUJ7 C15500,2027-04-09,C,1.55,0.000100000,3,
2026-10-01,GBU,OPT,GBUJ7 C15600,2027-04-09,C,1.56,0.000100000,3,
2026-10-01,GBU,OPT,GBUJ7 P11200,2027-04-09,P,1.12,0.001300000,3,
2026-10-01,GBU,OPT,GBUJ7 P11300,2027-04-09,P,1.13,0.001400000,3,
2026-10-01,GBU,OPT,GBUJ7 P11400,2027-04-09,P,1.14,0.001600000,3,
2026-10-01,GBU,OPT,GBUJ7 P11500,2027-04-09,P,1.15,0.001800000,3,
2026-10-01,GBU,OPT,GBUJ7 P11600,2027-04-09,P,1.16,0.002000000,3,
2026-10-01,GBU,OPT,GBUJ7 P11700,2027-04-09,P,1.17,0.002300000,3,
2026-10-01,GBU,OPT,GBUJ7 P11800,2027-04-09,P,1.18,0.002600000,3,90
2026-10-01,GBU,OPT,GBUJ7 P11900,2027-04-09,P,1.19,0.003100000,3,2
2026-10-01,GBU,OPT,GBUJ7 P12000,2027-04-09,P,1.2,0.003600000,3,16
2026-10-01,GBU,OPT,GBUJ7 P12100,2027-04-09,P,1.21,0.004300000,3,1
2026-10-01,GBU,OPT,GBUJ7 P12200,2027-04-09,P,1.22,0.005100000,3,
2026-10-01,GBU,OPT,GBUJ7 P12300,2027-04-09,P,1.23,0.006000000,3,
2026-10-01,GBU,OPT,GBUJ7 P12400,2027-04-09,P,1.24,0.007100000,3,
2026-10-01,GBU,OPT,GBUJ7 P12500,2027-04-09,P,1.25,0.008400000,3,10
2026-10-01,GBU,OPT,GBUJ7 P12600,2027-04-09,P,1.26,0.009900000,3,2
2026-10-01,GBU,OPT,GBUJ7 P12650,2027-04-09,P,1.265,0.010800000,3,12
2026-10-01,GBU,OPT,GBUJ7 P12700,2027-04-09,P,1.27,0.011700000,3,2
2026-10-01,GBU,OPT,GBUJ7 P12750,2027-04-09,P,1.275,0.012800000,3,
2026-10-01,GBU,OPT,GBUJ7 P12800,2027-04-09,P,1.28,0.013900000,3,156
2026-10-01,GBU,OPT,GBUJ7 P12850,2027-04-09,P,1.285,0.015100000,3,
2026-10-01,GBU,OPT,GBUJ7 P12900,2027-04-09,P,1.29,0.016500000,3,500
2026-10-01,GBU,OPT,GBUJ7 P12950,2027-04-09,P,1.295,0.017900000,3,
2026-10-01,GBU,OPT,GBUJ7 P13000,2027-04-09,P,1.3,0.019500000,3,
2026-10-01,GBU,OPT,GBUJ7 P13050,2027-04-09,P,1.305,0.021200000,3,
2026-10-01,GBU,OPT,GBUJ7 P13100,2027-04-09,P,1.31,0.023100000,3,
2026-10-01,GBU,OPT,GBUJ7 P13150,2027-04-09,P,1.315,0.025100000,3,5
2026-10-01,GBU,OPT,GBUJ7 P13200,2027-04-09,P,1.32,0.027200000,3,1270
2026-10-01,GBU,OPT,GBUJ7 P13250,2027-04-09,P,1.325,0.029600000,3,
2026-10-01,GBU,OPT,GBUJ7 P13300,2027-04-09,P,1.33,0.032000000,3,600
2026-10-01,GBU,OPT,GBUJ7 P13350,2027-04-09,P,1.335,0.034700000,3,
2026-10-01,GBU,OPT,GBUJ7 P13400,2027-04-09,P,1.34,0.037400000,3,50
2026-10-01,GBU,OPT,GBUJ7 P13450,2027-04-09,P,1.345,0.040400000,3,
2026-10-01,GBU,OPT,GBUJ7 P13500,2027-04-09,P,1.35,0.043500000,3,
2026-10-01,GBU,OPT,GBUJ7 P13550,2027-04-09,P,1.355,0.046800000,3,3
2026-10-01,GBU,OPT,GBUJ7 P13600,2027-04-09,P,1.36,0.050300000,3,50
2026-10-01,GBU,OPT,GBUJ7 P13650,2027-04-09,P,1.365,0.053900000,3,
2026-10-01,GBU,OPT,GBUJ7 P13700,2027-04-09,P,1.37,0.057600000,3,
2026-10-01,GBU,OPT,GBUJ7 P13750,2027-04-09,P,1.375,0.061500000,3,
2026-10-01,GBU,OPT,GBUJ7 P13800,2027-04-09,P,1.38,0.065500000,3,
2026-10-01,GBU,OPT,GBUJ7 P13850,2027-04-09,P,1.385,0.069500000,3,
2026-10-01,GBU,OPT,GBUJ7 P13900,2027-04-09,P,1.39,0.073700000,3,
2026-10-01,GBU,OPT,GBUJ7 P13950,2027-04-09,P,1.395,0.078000000,3,
2026-10-01,GBU,OPT,GBUJ7 P14000,2027-04-09,P,1.4,0.082300000,3,
2026-10-01,GBU,OPT,GBUJ7 P14050,2027-04-09,P,1.405,0.086700000,3,
2026-10-01,GBU,OPT,GBUJ7 P14100,2027-04-09,P,1.41,0.091100000,3,
2026-10-01,GBU,OPT,GBUJ7 P14150,2027-04-09,P,1.415,0.095600000,3,
2026-10-01,GBU,OPT,GBUJ7 P14200,2027-04-09,P,1.42,0.100200000,3,
2026-10-01,GBU,OPT,GBUJ7 P14300,2027-04-09,P,1.43,0.109400000,3,1
2026-10-01,GBU,OPT,GBUJ7 P14400,2027-04-09,P,1.44,0.118800000,3,1
2026-10-01,GBU,OPT,GBUJ7 P14500,2027-04-09,P,1.45,0.128200000,3,
2026-10-01,GBU,OPT,GBUJ7 P14600,2027-04-09,P,1.46,0.137800000,3,
2026-10-01,GBU,OPT,GBUJ7 P14700,2027-04-09,P,1.47,0.147400000,3,
2026-10-01,GBU,OPT,GBUJ7 P14800,2027-04-09,P,1.48,0.157000000,3,
2026-10-01,GBU,OPT,GBUJ7 P14900,2027-04-09,P,1.49,0.166700000,3,
2026-10-01,GBU,OPT,GBUJ7 P15000,2027-04-09,P,1.5,0.176400000,3,
2026-10-01,GBU,OPT,GBUJ7 P15100,2027-04-09,P,1.51,0.186100000,3,
2026-10-01,GBU,OPT,GBUJ7 P15200,2027-04-09,P,1.52,0.195900000,3,
2026-10-01,GBU,OPT,GBUJ7 P15300,2027-04-09,P,1.53,0.205600000,3,
2026-10-01,GBU,OPT,GBUJ7 P15400,2027-04-09,P,1.54,0.215400000,3,
2026-10-01,GBU,OPT,GBUJ7 P15500,2027-04-09,P,1.55,0.225200000,3,
2026-10-01,GBU,OPT,GBUJ7 P15600,2027-04-09,P,1.56,0.234900000,3,
2026-10-01,GBU,OPT,GBUK7 C11200,2027-05-07,C,1.12,0.196700000,3,
2026-10-01,GBU,OPT,GBUK7 C11300,2027-05-07,C,1.13,0.187100000,3,
2026-10-01,GBU,OPT,GBUK7 C11400,2027-05-07,C,1.14,0.177600000,3,
2026-10-01,GBU,OPT,GBUK7 C11500,2027-05-07,C,1.15,0.168100000,3,
2026-10-01,GBU,OPT,GBUK7 C11600,2027-05-07,C,1.16,0.158600000,3,
2026-10-01,GBU,OPT,GBUK7 C11700,2027-05-07,C,1.17,0.149200000,3,
2026-10-01,GBU,OPT,GBUK7 C11800,2027-05-07,C,1.18,0.139900000,3,
2026-10-01,GBU,OPT,GBUK7 C11900,2027-05-07,C,1.19,0.130700000,3,
2026-10-01,GBU,OPT,GBUK7 C12000,2027-05-07,C,1.2,0.121600000,3,
2026-10-01,GBU,OPT,GBUK7 C12100,2027-05-07,C,1.21,0.112700000,3,
2026-10-01,GBU,OPT,GBUK7 C12200,2027-05-07,C,1.22,0.103800000,3,
2026-10-01,GBU,OPT,GBUK7 C12300,2027-05-07,C,1.23,0.095200000,3,
2026-10-01,GBU,OPT,GBUK7 C12400,2027-05-07,C,1.24,0.086600000,3,
2026-10-01,GBU,OPT,GBUK7 C12500,2027-05-07,C,1.25,0.078300000,3,
2026-10-01,GBU,OPT,GBUK7 C12600,2027-05-07,C,1.26,0.070200000,3,
2026-10-01,GBU,OPT,GBUK7 C12650,2027-05-07,C,1.265,0.066300000,3,
2026-10-01,GBU,OPT,GBUK7 C12700,2027-05-07,C,1.27,0.062500000,3,
2026-10-01,GBU,OPT,GBUK7 C12750,2027-05-07,C,1.275,0.058700000,3,
2026-10-01,GBU,OPT,GBUK7 C12800,2027-05-07,C,1.28,0.055000000,3,
2026-10-01,GBU,OPT,GBUK7 C12850,2027-05-07,C,1.285,0.051400000,3,
2026-10-01,GBU,OPT,GBUK7 C12900,2027-05-07,C,1.29,0.047900000,3,
2026-10-01,GBU,OPT,GBUK7 C12950,2027-05-07,C,1.295,0.044500000,3,
2026-10-01,GBU,OPT,GBUK7 C13000,2027-05-07,C,1.3,0.041300000,3,
2026-10-01,GBU,OPT,GBUK7 C13050,2027-05-07,C,1.305,0.038100000,3,
2026-10-01,GBU,OPT,GBUK7 C13100,2027-05-07,C,1.31,0.035100000,3,
2026-10-01,GBU,OPT,GBUK7 C13150,2027-05-07,C,1.315,0.032300000,3,
2026-10-01,GBU,OPT,GBUK7 C13200,2027-05-07,C,1.32,0.029500000,3,4
2026-10-01,GBU,OPT,GBUK7 C13250,2027-05-07,C,1.325,0.027000000,3,
2026-10-01,GBU,OPT,GBUK7 C13300,2027-05-07,C,1.33,0.024500000,3,
2026-10-01,GBU,OPT,GBUK7 C13350,2027-05-07,C,1.335,0.022300000,3,
2026-10-01,GBU,OPT,GBUK7 C13400,2027-05-07,C,1.34,0.020100000,3,7
2026-10-01,GBU,OPT,GBUK7 C13450,2027-05-07,C,1.345,0.018200000,3,
2026-10-01,GBU,OPT,GBUK7 C13500,2027-05-07,C,1.35,0.016400000,3,
2026-10-01,GBU,OPT,GBUK7 C13550,2027-05-07,C,1.355,0.014700000,3,
2026-10-01,GBU,OPT,GBUK7 C13600,2027-05-07,C,1.36,0.013200000,3,
2026-10-01,GBU,OPT,GBUK7 C13650,2027-05-07,C,1.365,0.011800000,3,1
2026-10-01,GBU,OPT,GBUK7 C13700,2027-05-07,C,1.37,0.010600000,3,1
2026-10-01,GBU,OPT,GBUK7 C13750,2027-05-07,C,1.375,0.009400000,3,
2026-10-01,GBU,OPT,GBUK7 C13800,2027-05-07,C,1.38,0.008400000,3,
2026-10-01,GBU,OPT,GBUK7 C13850,2027-05-07,C,1.385,0.007500000,3,
2026-10-01,GBU,OPT,GBUK7 C13900,2027-05-07,C,1.39,0.006700000,3,
2026-10-01,GBU,OPT,GBUK7 C13950,2027-05-07,C,1.395,0.006000000,3,
2026-10-01,GBU,OPT,GBUK7 C14000,2027-05-07,C,1.4,0.005300000,3,3
2026-10-01,GBU,OPT,GBUK7 C14050,2027-05-07,C,1.405,0.004700000,3,
2026-10-01,GBU,OPT,GBUK7 C14100,2027-05-07,C,1.41,0.004200000,3,
2026-10-01,GBU,OPT,GBUK7 C14150,2027-05-07,C,1.415,0.003700000,3,
2026-10-01,GBU,OPT,GBUK7 C14200,2027-05-07,C,1.42,0.003300000,3,
2026-10-01,GBU,OPT,GBUK7 C14300,2027-05-07,C,1.43,0.002500000,3,
2026-10-01,GBU,OPT,GBUK7 C14400,2027-05-07,C,1.44,0.002000000,3,
2026-10-01,GBU,OPT,GBUK7 C14500,2027-05-07,C,1.45,0.001500000,3,
2026-10-01,GBU,OPT,GBUK7 C14600,2027-05-07,C,1.46,0.001200000,3,2
2026-10-01,GBU,OPT,GBUK7 C14700,2027-05-07,C,1.47,0.000900000,3,
2026-10-01,GBU,OPT,GBUK7 C14800,2027-05-07,C,1.48,0.000800000,3,
2026-10-01,GBU,OPT,GBUK7 C14900,2027-05-07,C,1.49,0.000600000,3,
2026-10-01,GBU,OPT,GBUK7 C15000,2027-05-07,C,1.5,0.000500000,3,
2026-10-01,GBU,OPT,GBUK7 C15100,2027-05-07,C,1.51,0.000400000,3,
2026-10-01,GBU,OPT,GBUK7 C15200,2027-05-07,C,1.52,0.000300000,3,2
2026-10-01,GBU,OPT,GBUK7 C15300,2027-05-07,C,1.53,0.000300000,3,
2026-10-01,GBU,OPT,GBUK7 C15400,2027-05-07,C,1.54,0.000200000,3,
2026-10-01,GBU,OPT,GBUK7 C15500,2027-05-07,C,1.55,0.000200000,3,
2026-10-01,GBU,OPT,GBUK7 C15600,2027-05-07,C,1.56,0.000100000,3,
2026-10-01,GBU,OPT,GBUK7 P11200,2027-05-07,P,1.12,0.001600000,3,
2026-10-01,GBU,OPT,GBUK7 P11300,2027-05-07,P,1.13,0.001800000,3,2
2026-10-01,GBU,OPT,GBUK7 P11400,2027-05-07,P,1.14,0.002000000,3,
2026-10-01,GBU,OPT,GBUK7 P11500,2027-05-07,P,1.15,0.002300000,3,3
2026-10-01,GBU,OPT,GBUK7 P11600,2027-05-07,P,1.16,0.002600000,3,
2026-10-01,GBU,OPT,GBUK7 P11700,2027-05-07,P,1.17,0.003000000,3,1
2026-10-01,GBU,OPT,GBUK7 P11800,2027-05-07,P,1.18,0.003400000,3,1
2026-10-01,GBU,OPT,GBUK7 P11900,2027-05-07,P,1.19,0.004000000,3,
2026-10-01,GBU,OPT,GBUK7 P12000,2027-05-07,P,1.2,0.004600000,3,
2026-10-01,GBU,OPT,GBUK7 P12100,2027-05-07,P,1.21,0.005400000,3,
2026-10-01,GBU,OPT,GBUK7 P12200,2027-05-07,P,1.22,0.006300000,3,
2026-10-01,GBU,OPT,GBUK7 P12300,2027-05-07,P,1.23,0.007400000,3,
2026-10-01,GBU,OPT,GBUK7 P12400,2027-05-07,P,1.24,0.008600000,3,
2026-10-01,GBU,OPT,GBUK7 P12500,2027-05-07,P,1.25,0.010100000,3,
2026-10-01,GBU,OPT,GBUK7 P12600,2027-05-07,P,1.26,0.011700000,3,
2026-10-01,GBU,OPT,GBUK7 P12650,2027-05-07,P,1.265,0.012700000,3,
2026-10-01,GBU,OPT,GBUK7 P12700,2027-05-07,P,1.27,0.013700000,3,1
2026-10-01,GBU,OPT,GBUK7 P12750,2027-05-07,P,1.275,0.014800000,3,2
2026-10-01,GBU,OPT,GBUK7 P12800,2027-05-07,P,1.28,0.016000000,3,2
2026-10-01,GBU,OPT,GBUK7 P12850,2027-05-07,P,1.285,0.017300000,3,
2026-10-01,GBU,OPT,GBUK7 P12900,2027-05-07,P,1.29,0.018700000,3,6
2026-10-01,GBU,OPT,GBUK7 P12950,2027-05-07,P,1.295,0.020200000,3,2
2026-10-01,GBU,OPT,GBUK7 P13000,2027-05-07,P,1.3,0.021800000,3,12
2026-10-01,GBU,OPT,GBUK7 P13050,2027-05-07,P,1.305,0.023500000,3,2
2026-10-01,GBU,OPT,GBUK7 P13100,2027-05-07,P,1.31,0.025400000,3,
2026-10-01,GBU,OPT,GBUK7 P13150,2027-05-07,P,1.315,0.027400000,3,
2026-10-01,GBU,OPT,GBUK7 P13200,2027-05-07,P,1.32,0.029500000,3,52
2026-10-01,GBU,OPT,GBUK7 P13250,2027-05-07,P,1.325,0.031800000,3,
2026-10-01,GBU,OPT,GBUK7 P13300,2027-05-07,P,1.33,0.034300000,3,2
2026-10-01,GBU,OPT,GBUK7 P13350,2027-05-07,P,1.335,0.036900000,3,
2026-10-01,GBU,OPT,GBUK7 P13400,2027-05-07,P,1.34,0.039600000,3,
2026-10-01,GBU,OPT,GBUK7 P13450,2027-05-07,P,1.345,0.042600000,3,
2026-10-01,GBU,OPT,GBUK7 P13500,2027-05-07,P,1.35,0.045600000,3,52
2026-10-01,GBU,OPT,GBUK7 P13550,2027-05-07,P,1.355,0.048800000,3,
2026-10-01,GBU,OPT,GBUK7 P13600,2027-05-07,P,1.36,0.052200000,3,
2026-10-01,GBU,OPT,GBUK7 P13650,2027-05-07,P,1.365,0.055700000,3,
2026-10-01,GBU,OPT,GBUK7 P13700,2027-05-07,P,1.37,0.059300000,3,
2026-10-01,GBU,OPT,GBUK7 P13750,2027-05-07,P,1.375,0.063100000,3,
2026-10-01,GBU,OPT,GBUK7 P13800,2027-05-07,P,1.38,0.066900000,3,
2026-10-01,GBU,OPT,GBUK7 P13850,2027-05-07,P,1.385,0.070900000,3,
2026-10-01,GBU,OPT,GBUK7 P13900,2027-05-07,P,1.39,0.075000000,3,
2026-10-01,GBU,OPT,GBUK7 P13950,2027-05-07,P,1.395,0.079100000,3,
2026-10-01,GBU,OPT,GBUK7 P14000,2027-05-07,P,1.4,0.083300000,3,
2026-10-01,GBU,OPT,GBUK7 P14050,2027-05-07,P,1.405,0.087600000,3,
2026-10-01,GBU,OPT,GBUK7 P14100,2027-05-07,P,1.41,0.091900000,3,
2026-10-01,GBU,OPT,GBUK7 P14150,2027-05-07,P,1.415,0.096300000,3,
2026-10-01,GBU,OPT,GBUK7 P14200,2027-05-07,P,1.42,0.100800000,3,
2026-10-01,GBU,OPT,GBUK7 P14300,2027-05-07,P,1.43,0.109800000,3,
2026-10-01,GBU,OPT,GBUK7 P14400,2027-05-07,P,1.44,0.119000000,3,
2026-10-01,GBU,OPT,GBUK7 P14500,2027-05-07,P,1.45,0.128300000,3,
2026-10-01,GBU,OPT,GBUK7 P14600,2027-05-07,P,1.46,0.137700000,3,
2026-10-01,GBU,OPT,GBUK7 P14700,2027-05-07,P,1.47,0.147200000,3,
2026-10-01,GBU,OPT,GBUK7 P14800,2027-05-07,P,1.48,0.156800000,3,
2026-10-01,GBU,OPT,GBUK7 P14900,2027-05-07,P,1.49,0.166400000,3,
2026-10-01,GBU,OPT,GBUK7 P15000,2027-05-07,P,1.5,0.176000000,3,
2026-10-01,GBU,OPT,GBUK7 P15100,2027-05-07,P,1.51,0.185700000,3,
2026-10-01,GBU,OPT,GBUK7 P15200,2027-05-07,P,1.52,0.195300000,3,
2026-10-01,GBU,OPT,GBUK7 P15300,2027-05-07,P,1.53,0.205000000,3,
2026-10-01,GBU,OPT,GBUK7 P15400,2027-05-07,P,1.54,0.214700000,3,
2026-10-01,GBU,OPT,GBUK7 P15500,2027-05-07,P,1.55,0.224400000,3,
2026-10-01,GBU,OPT,GBUK7 P15600,2027-05-07,P,1.56,0.234200000,3,
2026-10-01,GBU,OPT,GBUM7 C11000,2027-06-04,C,1.1,0.215400000,3,
2026-10-01,GBU,OPT,GBUM7 C11100,2027-06-04,C,1.11,0.205900000,3,
2026-10-01,GBU,OPT,GBUM7 C11200,2027-06-04,C,1.12,0.196300000,3,
2026-10-01,GBU,OPT,GBUM7 C11300,2027-06-04,C,1.13,0.186900000,3,
2026-10-01,GBU,OPT,GBUM7 C11400,2027-06-04,C,1.14,0.177400000,3,
2026-10-01,GBU,OPT,GBUM7 C11500,2027-06-04,C,1.15,0.168000000,3,
2026-10-01,GBU,OPT,GBUM7 C11600,2027-06-04,C,1.16,0.158700000,3,
2026-10-01,GBU,OPT,GBUM7 C11700,2027-06-04,C,1.17,0.149400000,3,
2026-10-01,GBU,OPT,GBUM7 C11800,2027-06-04,C,1.18,0.140200000,3,
2026-10-01,GBU,OPT,GBUM7 C11900,2027-06-04,C,1.19,0.131200000,3,
2026-10-01,GBU,OPT,GBUM7 C12000,2027-06-04,C,1.2,0.122200000,3,
2026-10-01,GBU,OPT,GBUM7 C12100,2027-06-04,C,1.21,0.113400000,3,
2026-10-01,GBU,OPT,GBUM7 C12200,2027-06-04,C,1.22,0.104700000,3,
2026-10-01,GBU,OPT,GBUM7 C12300,2027-06-04,C,1.23,0.096100000,3,
2026-10-01,GBU,OPT,GBUM7 C12400,2027-06-04,C,1.24,0.087800000,3,
2026-10-01,GBU,OPT,GBUM7 C12500,2027-06-04,C,1.25,0.079600000,3,
2026-10-01,GBU,OPT,GBUM7 C12550,2027-06-04,C,1.255,0.075600000,3,
2026-10-01,GBU,OPT,GBUM7 C12600,2027-06-04,C,1.26,0.071600000,3,
2026-10-01,GBU,OPT,GBUM7 C12650,2027-06-04,C,1.265,0.067700000,3,
2026-10-01,GBU,OPT,GBUM7 C12700,2027-06-04,C,1.27,0.063900000,3,
2026-10-01,GBU,OPT,GBUM7 C12750,2027-06-04,C,1.275,0.060200000,3,
2026-10-01,GBU,OPT,GBUM7 C12800,2027-06-04,C,1.28,0.056600000,3,
2026-10-01,GBU,OPT,GBUM7 C12850,2027-06-04,C,1.285,0.053100000,3,
2026-10-01,GBU,OPT,GBUM7 C12900,2027-06-04,C,1.29,0.049600000,3,
2026-10-01,GBU,OPT,GBUM7 C12950,2027-06-04,C,1.295,0.046300000,3,
2026-10-01,GBU,OPT,GBUM7 C13000,2027-06-04,C,1.3,0.043100000,3,4
2026-10-01,GBU,OPT,GBUM7 C13050,2027-06-04,C,1.305,0.040100000,3,
2026-10-01,GBU,OPT,GBUM7 C13100,2027-06-04,C,1.31,0.037100000,3,3
2026-10-01,GBU,OPT,GBUM7 C13150,2027-06-04,C,1.315,0.034300000,3,
2026-10-01,GBU,OPT,GBUM7 C13200,2027-06-04,C,1.32,0.031600000,3,3
2026-10-01,GBU,OPT,GBUM7 C13250,2027-06-04,C,1.325,0.029000000,3,
2026-10-01,GBU,OPT,GBUM7 C13300,2027-06-04,C,1.33,0.026600000,3,
2026-10-01,GBU,OPT,GBUM7 C13350,2027-06-04,C,1.335,0.024300000,3,
2026-10-01,GBU,OPT,GBUM7 C13400,2027-06-04,C,1.34,0.022200000,3,
2026-10-01,GBU,OPT,GBUM7 C13450,2027-06-04,C,1.345,0.020200000,3,2
2026-10-01,GBU,OPT,GBUM7 C13500,2027-06-04,C,1.35,0.018300000,3,300
2026-10-01,GBU,OPT,GBUM7 C13550,2027-06-04,C,1.355,0.016600000,3,1
2026-10-01,GBU,OPT,GBUM7 C13600,2027-06-04,C,1.36,0.015000000,3,1
2026-10-01,GBU,OPT,GBUM7 C13650,2027-06-04,C,1.365,0.013500000,3,6
2026-10-01,GBU,OPT,GBUM7 C13700,2027-06-04,C,1.37,0.012200000,3,7
2026-10-01,GBU,OPT,GBUM7 C13750,2027-06-04,C,1.375,0.011000000,3,4
2026-10-01,GBU,OPT,GBUM7 C13800,2027-06-04,C,1.38,0.009900000,3,6
2026-10-01,GBU,OPT,GBUM7 C13850,2027-06-04,C,1.385,0.009000000,3,
2026-10-01,GBU,OPT,GBUM7 C13900,2027-06-04,C,1.39,0.008100000,3,
2026-10-01,GBU,OPT,GBUM7 C13950,2027-06-04,C,1.395,0.007300000,3,
2026-10-01,GBU,OPT,GBUM7 C14000,2027-06-04,C,1.4,0.006500000,3,6
2026-10-01,GBU,OPT,GBUM7 C14050,2027-06-04,C,1.405,0.005900000,3,3
2026-10-01,GBU,OPT,GBUM7 C14100,2027-06-04,C,1.41,0.005300000,3,1
2026-10-01,GBU,OPT,GBUM7 C14150,2027-06-04,C,1.415,0.004700000,3,
2026-10-01,GBU,OPT,GBUM7 C14200,2027-06-04,C,1.42,0.004200000,3,2
2026-10-01,GBU,OPT,GBUM7 C14250,2027-06-04,C,1.425,0.003800000,3,
2026-10-01,GBU,OPT,GBUM7 C14300,2027-06-04,C,1.43,0.003400000,3,
2026-10-01,GBU,OPT,GBUM7 C14400,2027-06-04,C,1.44,0.002700000,3,
2026-10-01,GBU,OPT,GBUM7 C14500,2027-06-04,C,1.45,0.002200000,3,5
2026-10-01,GBU,OPT,GBUM7 C14600,2027-06-04,C,1.46,0.001800000,3,
2026-10-01,GBU,OPT,GBUM7 C14700,2027-06-04,C,1.47,0.001500000,3,
2026-10-01,GBU,OPT,GBUM7 C14800,2027-06-04,C,1.48,0.001200000,3,2
2026-10-01,GBU,OPT,GBUM7 C14900,2027-06-04,C,1.49,0.001100000,3,
2026-10-01,GBU,OPT,GBUM7 C15000,2027-06-04,C,1.5,0.000900000,3,
2026-10-01,GBU,OPT,GBUM7 C15100,2027-06-04,C,1.51,0.000800000,3,
2026-10-01,GBU,OPT,GBUM7 C15200,2027-06-04,C,1.52,0.000800000,3,
2026-10-01,GBU,OPT,GBUM7 C15300,2027-06-04,C,1.53,0.000700000,3,
2026-10-01,GBU,OPT,GBUM7 C15400,2027-06-04,C,1.54,0.000600000,3,
2026-10-01,GBU,OPT,GBUM7 C15500,2027-06-04,C,1.55,0.000600000,3,5
2026-10-01,GBU,OPT,GBUM7 C15600,2027-06-04,C,1.56,0.000600000,3,
2026-10-01,GBU,OPT,GBUM7 C15700,2027-06-04,C,1.57,0.000600000,3,
2026-10-01,GBU,OPT,GBUM7 P11000,2027-06-04,P,1.1,0.001600000,3,2
2026-10-01,GBU,OPT,GBUM7 P11100,2027-06-04,P,1.11,0.001800000,3,
2026-10-01,GBU,OPT,GBUM7 P11200,2027-06-04,P,1.12,0.002000000,3,
2026-10-01,GBU,OPT,GBUM7 P11300,2027-06-04,P,1.13,0.002200000,3,
2026-10-01,GBU,OPT,GBUM7 P11400,2027-06-04,P,1.14,0.002500000,3,
2026-10-01,GBU,OPT,GBUM7 P11500,2027-06-04,P,1.15,0.002800000,3,5
2026-10-01,GBU,OPT,GBUM7 P11600,2027-06-04,P,1.16,0.003200000,3,1
2026-10-01,GBU,OPT,GBUM7 P11700,2027-06-04,P,1.17,0.003600000,3,2
2026-10-01,GBU,OPT,GBUM7 P11800,2027-06-04,P,1.18,0.004200000,3,
2026-10-01,GBU,OPT,GBUM7 P11900,2027-06-04,P,1.19,0.004900000,3,
2026-10-01,GBU,OPT,GBUM7 P12000,2027-06-04,P,1.2,0.005600000,3,2
2026-10-01,GBU,OPT,GBUM7 P12100,2027-06-04,P,1.21,0.006500000,3,
2026-10-01,GBU,OPT,GBUM7 P12200,2027-06-04,P,1.22,0.007500000,3,
2026-10-01,GBU,OPT,GBUM7 P12300,2027-06-04,P,1.23,0.008700000,3,
2026-10-01,GBU,OPT,GBUM7 P12400,2027-06-04,P,1.24,0.010000000,3,4
2026-10-01,GBU,OPT,GBUM7 P12500,2027-06-04,P,1.25,0.011600000,3,3
2026-10-01,GBU,OPT,GBUM7 P12550,2027-06-04,P,1.255,0.012400000,3,
2026-10-01,GBU,OPT,GBUM7 P12600,2027-06-04,P,1.26,0.013300000,3,1
2026-10-01,GBU,OPT,GBUM7 P12650,2027-06-04,P,1.265,0.014300000,3,
2026-10-01,GBU,OPT,GBUM7 P12700,2027-06-04,P,1.27,0.015300000,3,1
2026-10-01,GBU,OPT,GBUM7 P12750,2027-06-04,P,1.275,0.016500000,3,2
2026-10-01,GBU,OPT,GBUM7 P12800,2027-06-04,P,1.28,0.017700000,3,
2026-10-01,GBU,OPT,GBUM7 P12850,2027-06-04,P,1.285,0.019100000,3,4
2026-10-01,GBU,OPT,GBUM7 P12900,2027-06-04,P,1.29,0.020500000,3,
2026-10-01,GBU,OPT,GBUM7 P12950,2027-06-04,P,1.295,0.022000000,3,
2026-10-01,GBU,OPT,GBUM7 P13000,2027-06-04,P,1.3,0.023700000,3,9
2026-10-01,GBU,OPT,GBUM7 P13050,2027-06-04,P,1.305,0.025500000,3,
2026-10-01,GBU,OPT,GBUM7 P13100,2027-06-04,P,1.31,0.027400000,3,50
2026-10-01,GBU,OPT,GBUM7 P13150,2027-06-04,P,1.315,0.029400000,3,32
2026-10-01,GBU,OPT,GBUM7 P13200,2027-06-04,P,1.32,0.031600000,3,100
2026-10-01,GBU,OPT,GBUM7 P13250,2027-06-04,P,1.325,0.033900000,3,
2026-10-01,GBU,OPT,GBUM7 P13300,2027-06-04,P,1.33,0.036300000,3,2
2026-10-01,GBU,OPT,GBUM7 P13350,2027-06-04,P,1.335,0.038900000,3,8
2026-10-01,GBU,OPT,GBUM7 P13400,2027-06-04,P,1.34,0.041600000,3,1
2026-10-01,GBU,OPT,GBUM7 P13450,2027-06-04,P,1.345,0.044400000,3,
2026-10-01,GBU,OPT,GBUM7 P13500,2027-06-04,P,1.35,0.047400000,3,100
2026-10-01,GBU,OPT,GBUM7 P13550,2027-06-04,P,1.355,0.050600000,3,
2026-10-01,GBU,OPT,GBUM7 P13600,2027-06-04,P,1.36,0.053800000,3,
2026-10-01,GBU,OPT,GBUM7 P13650,2027-06-04,P,1.365,0.057300000,3,
2026-10-01,GBU,OPT,GBUM7 P13700,2027-06-04,P,1.37,0.060800000,3,3
2026-10-01,GBU,OPT,GBUM7 P13750,2027-06-04,P,1.375,0.064500000,3,
2026-10-01,GBU,OPT,GBUM7 P13800,2027-06-04,P,1.38,0.068200000,3,
2026-10-01,GBU,OPT,GBUM7 P13850,2027-06-04,P,1.385,0.072100000,3,
2026-10-01,GBU,OPT,GBUM7 P13900,2027-06-04,P,1.39,0.076100000,3,1
2026-10-01,GBU,OPT,GBUM7 P13950,2027-06-04,P,1.395,0.080100000,3,
2026-10-01,GBU,OPT,GBUM7 P14000,2027-06-04,P,1.4,0.084300000,3,
2026-10-01,GBU,OPT,GBUM7 P14050,2027-06-04,P,1.405,0.088500000,3,
2026-10-01,GBU,OPT,GBUM7 P14100,2027-06-04,P,1.41,0.092700000,3,
2026-10-01,GBU,OPT,GBUM7 P14150,2027-06-04,P,1.415,0.097000000,3,
2026-10-01,GBU,OPT,GBUM7 P14200,2027-06-04,P,1.42,0.101400000,3,
2026-10-01,GBU,OPT,GBUM7 P14250,2027-06-04,P,1.425,0.105800000,3,
2026-10-01,GBU,OPT,GBUM7 P14300,2027-06-04,P,1.43,0.110200000,3,
2026-10-01,GBU,OPT,GBUM7 P14400,2027-06-04,P,1.44,0.119300000,3,
2026-10-01,GBU,OPT,GBUM7 P14500,2027-06-04,P,1.45,0.128500000,3,
2026-10-01,GBU,OPT,GBUM7 P14600,2027-06-04,P,1.46,0.137800000,3,
2026-10-01,GBU,OPT,GBUM7 P14700,2027-06-04,P,1.47,0.147200000,3,
2026-10-01,GBU,OPT,GBUM7 P14800,2027-06-04,P,1.48,0.156700000,3,
2026-10-01,GBU,OPT,GBUM7 P14900,2027-06-04,P,1.49,0.166200000,3,
2026-10-01,GBU,OPT,GBUM7 P15000,2027-06-04,P,1.5,0.175800000,3,
2026-10-01,GBU,OPT,GBUM7 P15100,2027-06-04,P,1.51,0.185400000,3,
2026-10-01,GBU,OPT,GBUM7 P15200,2027-06-04,P,1.52,0.195100000,3,
2026-10-01,GBU,OPT,GBUM7 P15300,2027-06-04,P,1.53,0.204700000,3,
2026-10-01,GBU,OPT,GBUM7 P15400,2027-06-04,P,1.54,0.214400000,3,
2026-10-01,GBU,OPT,GBUM7 P15500,2027-06-04,P,1.55,0.224100000,3,
2026-10-01,GBU,OPT,GBUM7 P15600,2027-06-04,P,1.56,0.233800000,3,
2026-10-01,GBU,OPT,GBUM7 P15700,2027-06-04,P,1.57,0.243500000,3,
2026-10-01,GBU,OPT,GBUN7 C11200,2027-07-09,C,1.12,0.000000000,1,
2026-10-01,GBU,OPT,GBUN7 C11300,2027-07-09,C,1.13,0.186700000,3,
2026-10-01,GBU,OPT,GBUN7 C11400,2027-07-09,C,1.14,0.177400000,3,
2026-10-01,GBU,OPT,GBUN7 C11500,2027-07-09,C,1.15,0.168200000,3,
2026-10-01,GBU,OPT,GBUN7 C11600,2027-07-09,C,1.16,0.159000000,3,
2026-10-01,GBU,OPT,GBUN7 C11700,2027-07-09,C,1.17,0.149900000,3,
2026-10-01,GBU,OPT,GBUN7 C11800,2027-07-09,C,1.18,0.140900000,3,
2026-10-01,GBU,OPT,GBUN7 C11900,2027-07-09,C,1.19,0.132000000,3,
2026-10-01,GBU,OPT,GBUN7 C12000,2027-07-09,C,1.2,0.123200000,3,
2026-10-01,GBU,OPT,GBUN7 C12100,2027-07-09,C,1.21,0.114500000,3,
2026-10-01,GBU,OPT,GBUN7 C12200,2027-07-09,C,1.22,0.105900000,3,
2026-10-01,GBU,OPT,GBUN7 C12300,2027-07-09,C,1.23,0.097600000,3,
2026-10-01,GBU,OPT,GBUN7 C12400,2027-07-09,C,1.24,0.089300000,3,
2026-10-01,GBU,OPT,GBUN7 C12500,2027-07-09,C,1.25,0.081300000,3,
2026-10-01,GBU,OPT,GBUN7 C12600,2027-07-09,C,1.26,0.073600000,3,
2026-10-01,GBU,OPT,GBUN7 C12700,2027-07-09,C,1.27,0.066100000,3,
2026-10-01,GBU,OPT,GBUN7 C12750,2027-07-09,C,1.275,0.062400000,3,
2026-10-01,GBU,OPT,GBUN7 C12800,2027-07-09,C,1.28,0.058900000,3,
2026-10-01,GBU,OPT,GBUN7 C12850,2027-07-09,C,1.285,0.055400000,3,
2026-10-01,GBU,OPT,GBUN7 C12900,2027-07-09,C,1.29,0.052100000,3,
2026-10-01,GBU,OPT,GBUN7 C12950,2027-07-09,C,1.295,0.048800000,3,
2026-10-01,GBU,OPT,GBUN7 C13000,2027-07-09,C,1.3,0.045700000,3,
2026-10-01,GBU,OPT,GBUN7 C13050,2027-07-09,C,1.305,0.042600000,3,
2026-10-01,GBU,OPT,GBUN7 C13100,2027-07-09,C,1.31,0.039700000,3,
2026-10-01,GBU,OPT,GBUN7 C13150,2027-07-09,C,1.315,0.036900000,3,
2026-10-01,GBU,OPT,GBUN7 C13200,2027-07-09,C,1.32,0.034200000,3,
2026-10-01,GBU,OPT,GBUN7 C13250,2027-07-09,C,1.325,0.031600000,3,
2026-10-01,GBU,OPT,GBUN7 C13300,2027-07-09,C,1.33,0.029200000,3,
2026-10-01,GBU,OPT,GBUN7 C13350,2027-07-09,C,1.335,0.026900000,3,
2026-10-01,GBU,OPT,GBUN7 C13400,2027-07-09,C,1.34,0.024700000,3,
2026-10-01,GBU,OPT,GBUN7 C13450,2027-07-09,C,1.345,0.022700000,3,
2026-10-01,GBU,OPT,GBUN7 C13500,2027-07-09,C,1.35,0.020700000,3,
2026-10-01,GBU,OPT,GBUN7 C13550,2027-07-09,C,1.355,0.019000000,3,
2026-10-01,GBU,OPT,GBUN7 C13600,2027-07-09,C,1.36,0.017300000,3,1
2026-10-01,GBU,OPT,GBUN7 C13650,2027-07-09,C,1.365,0.015800000,3,1
2026-10-01,GBU,OPT,GBUN7 C13700,2027-07-09,C,1.37,0.014400000,3,1
2026-10-01,GBU,OPT,GBUN7 C13750,2027-07-09,C,1.375,0.013100000,3,
2026-10-01,GBU,OPT,GBUN7 C13800,2027-07-09,C,1.38,0.011900000,3,
2026-10-01,GBU,OPT,GBUN7 C13850,2027-07-09,C,1.385,0.010800000,3,
2026-10-01,GBU,OPT,GBUN7 C13900,2027-07-09,C,1.39,0.009900000,3,
2026-10-01,GBU,OPT,GBUN7 C13950,2027-07-09,C,1.395,0.009000000,3,
2026-10-01,GBU,OPT,GBUN7 C14000,2027-07-09,C,1.4,0.008200000,3,8
2026-10-01,GBU,OPT,GBUN7 C14050,2027-07-09,C,1.405,0.007400000,3,8
2026-10-01,GBU,OPT,GBUN7 C14100,2027-07-09,C,1.41,0.006700000,3,8
2026-10-01,GBU,OPT,GBUN7 C14150,2027-07-09,C,1.415,0.006100000,3,8
2026-10-01,GBU,OPT,GBUN7 C14200,2027-07-09,C,1.42,0.005600000,3,8
2026-10-01,GBU,OPT,GBUN7 C14300,2027-07-09,C,1.43,0.004600000,3,
2026-10-01,GBU,OPT,GBUN7 C14400,2027-07-09,C,1.44,0.003800000,3,1
2026-10-01,GBU,OPT,GBUN7 C14500,2027-07-09,C,1.45,0.003100000,3,3
2026-10-01,GBU,OPT,GBUN7 C14600,2027-07-09,C,1.46,0.002500000,3,
2026-10-01,GBU,OPT,GBUN7 C14700,2027-07-09,C,1.47,0.002100000,3,6
2026-10-01,GBU,OPT,GBUN7 C14800,2027-07-09,C,1.48,0.001700000,3,3
2026-10-01,GBU,OPT,GBUN7 C14900,2027-07-09,C,1.49,0.001400000,3,
2026-10-01,GBU,OPT,GBUN7 C15000,2027-07-09,C,1.5,0.001200000,3,3
2026-10-01,GBU,OPT,GBUN7 C15100,2027-07-09,C,1.51,0.001000000,3,
2026-10-01,GBU,OPT,GBUN7 C15200,2027-07-09,C,1.52,0.000800000,3,3
2026-10-01,GBU,OPT,GBUN7 C15300,2027-07-09,C,1.53,0.000700000,3,
2026-10-01,GBU,OPT,GBUN7 C15400,2027-07-09,C,1.54,0.000600000,3,
2026-10-01,GBU,OPT,GBUN7 C15500,2027-07-09,C,1.55,0.000500000,3,
2026-10-01,GBU,OPT,GBUN7 C15600,2027-07-09,C,1.56,0.000400000,3,
2026-10-01,GBU,OPT,GBUN7 P11200,2027-07-09,P,1.12,0.000000000,1,
2026-10-01,GBU,OPT,GBUN7 P11300,2027-07-09,P,1.13,0.002700000,3,1
2026-10-01,GBU,OPT,GBUN7 P11400,2027-07-09,P,1.14,0.003100000,3,
2026-10-01,GBU,OPT,GBUN7 P11500,2027-07-09,P,1.15,0.003600000,3,2
2026-10-01,GBU,OPT,GBUN7 P11600,2027-07-09,P,1.16,0.004100000,3,
2026-10-01,GBU,OPT,GBUN7 P11700,2027-07-09,P,1.17,0.004600000,3,
2026-10-01,GBU,OPT,GBUN7 P11800,2027-07-09,P,1.18,0.005300000,3,
2026-10-01,GBU,OPT,GBUN7 P11900,2027-07-09,P,1.19,0.006100000,3,1
2026-10-01,GBU,OPT,GBUN7 P12000,2027-07-09,P,1.2,0.006900000,3,
2026-10-01,GBU,OPT,GBUN7 P12100,2027-07-09,P,1.21,0.007900000,3,
2026-10-01,GBU,OPT,GBUN7 P12200,2027-07-09,P,1.22,0.009000000,3,
2026-10-01,GBU,OPT,GBUN7 P12300,2027-07-09,P,1.23,0.010300000,3,
2026-10-01,GBU,OPT,GBUN7 P12400,2027-07-09,P,1.24,0.011800000,3,
2026-10-01,GBU,OPT,GBUN7 P12500,2027-07-09,P,1.25,0.013400000,3,
2026-10-01,GBU,OPT,GBUN7 P12600,2027-07-09,P,1.26,0.015300000,3,
2026-10-01,GBU,OPT,GBUN7 P12700,2027-07-09,P,1.27,0.017500000,3,
2026-10-01,GBU,OPT,GBUN7 P12750,2027-07-09,P,1.275,0.018700000,3,
2026-10-01,GBU,OPT,GBUN7 P12800,2027-07-09,P,1.28,0.020000000,3,2
2026-10-01,GBU,OPT,GBUN7 P12850,2027-07-09,P,1.285,0.021400000,3,2
2026-10-01,GBU,OPT,GBUN7 P12900,2027-07-09,P,1.29,0.022900000,3,1
2026-10-01,GBU,OPT,GBUN7 P12950,2027-07-09,P,1.295,0.024400000,3,
2026-10-01,GBU,OPT,GBUN7 P13000,2027-07-09,P,1.3,0.026100000,3,
2026-10-01,GBU,OPT,GBUN7 P13050,2027-07-09,P,1.305,0.027900000,3,
2026-10-01,GBU,OPT,GBUN7 P13100,2027-07-09,P,1.31,0.029800000,3,
2026-10-01,GBU,OPT,GBUN7 P13150,2027-07-09,P,1.315,0.031800000,3,
2026-10-01,GBU,OPT,GBUN7 P13200,2027-07-09,P,1.32,0.034000000,3,
2026-10-01,GBU,OPT,GBUN7 P13250,2027-07-09,P,1.325,0.036300000,3,
2026-10-01,GBU,OPT,GBUN7 P13300,2027-07-09,P,1.33,0.038700000,3,
2026-10-01,GBU,OPT,GBUN7 P13350,2027-07-09,P,1.335,0.041200000,3,
2026-10-01,GBU,OPT,GBUN7 P13400,2027-07-09,P,1.34,0.043900000,3,1
2026-10-01,GBU,OPT,GBUN7 P13450,2027-07-09,P,1.345,0.046600000,3,
2026-10-01,GBU,OPT,GBUN7 P13500,2027-07-09,P,1.35,0.049600000,3,6
2026-10-01,GBU,OPT,GBUN7 P13550,2027-07-09,P,1.355,0.052600000,3,
2026-10-01,GBU,OPT,GBUN7 P13600,2027-07-09,P,1.36,0.055800000,3,3
2026-10-01,GBU,OPT,GBUN7 P13650,2027-07-09,P,1.365,0.059100000,3,
2026-10-01,GBU,OPT,GBUN7 P13700,2027-07-09,P,1.37,0.062500000,3,
2026-10-01,GBU,OPT,GBUN7 P13750,2027-07-09,P,1.375,0.066100000,3,
2026-10-01,GBU,OPT,GBUN7 P13800,2027-07-09,P,1.38,0.069800000,3,
2026-10-01,GBU,OPT,GBUN7 P13850,2027-07-09,P,1.385,0.073500000,3,
2026-10-01,GBU,OPT,GBUN7 P13900,2027-07-09,P,1.39,0.077400000,3,
2026-10-01,GBU,OPT,GBUN7 P13950,2027-07-09,P,1.395,0.081300000,3,
2026-10-01,GBU,OPT,GBUN7 P14000,2027-07-09,P,1.4,0.085300000,3,
2026-10-01,GBU,OPT,GBUN7 P14050,2027-07-09,P,1.405,0.089400000,3,
2026-10-01,GBU,OPT,GBUN7 P14100,2027-07-09,P,1.41,0.093600000,3,
2026-10-01,GBU,OPT,GBUN7 P14150,2027-07-09,P,1.415,0.097800000,3,
2026-10-01,GBU,OPT,GBUN7 P14200,2027-07-09,P,1.42,0.102100000,3,
2026-10-01,GBU,OPT,GBUN7 P14300,2027-07-09,P,1.43,0.110800000,3,
2026-10-01,GBU,OPT,GBUN7 P14400,2027-07-09,P,1.44,0.119600000,3,
2026-10-01,GBU,OPT,GBUN7 P14500,2027-07-09,P,1.45,0.128600000,3,
2026-10-01,GBU,OPT,GBUN7 P14600,2027-07-09,P,1.46,0.137700000,3,
2026-10-01,GBU,OPT,GBUN7 P14700,2027-07-09,P,1.47,0.147000000,3,
2026-10-01,GBU,OPT,GBUN7 P14800,2027-07-09,P,1.48,0.156300000,3,
2026-10-01,GBU,OPT,GBUN7 P14900,2027-07-09,P,1.49,0.165600000,3,
2026-10-01,GBU,OPT,GBUN7 P15000,2027-07-09,P,1.5,0.175100000,3,
2026-10-01,GBU,OPT,GBUN7 P15100,2027-07-09,P,1.51,0.184600000,3,
2026-10-01,GBU,OPT,GBUN7 P15200,2027-07-09,P,1.52,0.194100000,3,
2026-10-01,GBU,OPT,GBUN7 P15300,2027-07-09,P,1.53,0.203600000,3,
2026-10-01,GBU,OPT,GBUN7 P15400,2027-07-09,P,1.54,0.213200000,3,
2026-10-01,GBU,OPT,GBUN7 P15500,2027-07-09,P,1.55,0.222700000,3,
2026-10-01,GBU,OPT,GBUN7 P15600,2027-07-09,P,1.56,0.232300000,3,
2026-10-01,GBU,OPT,GBUQ7 C11200,2027-08-06,C,1.12,0.000000000,1,
2026-10-01,GBU,OPT,GBUQ7 C11300,2027-08-06,C,1.13,0.186500000,3,
2026-10-01,GBU,OPT,GBUQ7 C11400,2027-08-06,C,1.14,0.177400000,3,
2026-10-01,GBU,OPT,GBUQ7 C11500,2027-08-06,C,1.15,0.168300000,3,
2026-10-01,GBU,OPT,GBUQ7 C11600,2027-08-06,C,1.16,0.159300000,3,
2026-10-01,GBU,OPT,GBUQ7 C11700,2027-08-06,C,1.17,0.150300000,3,
2026-10-01,GBU,OPT,GBUQ7 C11800,2027-08-06,C,1.18,0.141400000,3,
2026-10-01,GBU,OPT,GBUQ7 C11900,2027-08-06,C,1.19,0.132600000,3,
2026-10-01,GBU,OPT,GBUQ7 C12000,2027-08-06,C,1.2,0.123900000,3,
2026-10-01,GBU,OPT,GBUQ7 C12100,2027-08-06,C,1.21,0.115400000,3,
2026-10-01,GBU,OPT,GBUQ7 C12200,2027-08-06,C,1.22,0.107000000,3,
2026-10-01,GBU,OPT,GBUQ7 C12300,2027-08-06,C,1.23,0.098700000,3,
2026-10-01,GBU,OPT,GBUQ7 C12400,2027-08-06,C,1.24,0.090600000,3,
2026-10-01,GBU,OPT,GBUQ7 C12500,2027-08-06,C,1.25,0.082700000,3,
2026-10-01,GBU,OPT,GBUQ7 C12600,2027-08-06,C,1.26,0.075000000,3,
2026-10-01,GBU,OPT,GBUQ7 C12700,2027-08-06,C,1.27,0.067600000,3,
2026-10-01,GBU,OPT,GBUQ7 C12750,2027-08-06,C,1.275,0.064100000,3,
2026-10-01,GBU,OPT,GBUQ7 C12800,2027-08-06,C,1.28,0.060600000,3,
2026-10-01,GBU,OPT,GBUQ7 C12850,2027-08-06,C,1.285,0.057200000,3,
2026-10-01,GBU,OPT,GBUQ7 C12900,2027-08-06,C,1.29,0.053900000,3,
2026-10-01,GBU,OPT,GBUQ7 C12950,2027-08-06,C,1.295,0.050700000,3,
2026-10-01,GBU,OPT,GBUQ7 C13000,2027-08-06,C,1.3,0.047600000,3,
2026-10-01,GBU,OPT,GBUQ7 C13050,2027-08-06,C,1.305,0.044600000,3,
2026-10-01,GBU,OPT,GBUQ7 C13100,2027-08-06,C,1.31,0.041700000,3,
2026-10-01,GBU,OPT,GBUQ7 C13150,2027-08-06,C,1.315,0.038900000,3,
2026-10-01,GBU,OPT,GBUQ7 C13200,2027-08-06,C,1.32,0.036200000,3,
2026-10-01,GBU,OPT,GBUQ7 C13250,2027-08-06,C,1.325,0.033700000,3,
2026-10-01,GBU,OPT,GBUQ7 C13300,2027-08-06,C,1.33,0.031200000,3,
2026-10-01,GBU,OPT,GBUQ7 C13350,2027-08-06,C,1.335,0.028900000,3,
2026-10-01,GBU,OPT,GBUQ7 C13400,2027-08-06,C,1.34,0.026700000,3,
2026-10-01,GBU,OPT,GBUQ7 C13450,2027-08-06,C,1.345,0.024600000,3,
2026-10-01,GBU,OPT,GBUQ7 C13500,2027-08-06,C,1.35,0.022700000,3,
2026-10-01,GBU,OPT,GBUQ7 C13550,2027-08-06,C,1.355,0.020900000,3,
2026-10-01,GBU,OPT,GBUQ7 C13600,2027-08-06,C,1.36,0.019100000,3,
2026-10-01,GBU,OPT,GBUQ7 C13650,2027-08-06,C,1.365,0.017600000,3,1
2026-10-01,GBU,OPT,GBUQ7 C13700,2027-08-06,C,1.37,0.016100000,3,2
2026-10-01,GBU,OPT,GBUQ7 C13750,2027-08-06,C,1.375,0.014800000,3,1
2026-10-01,GBU,OPT,GBUQ7 C13800,2027-08-06,C,1.38,0.013500000,3,
2026-10-01,GBU,OPT,GBUQ7 C13850,2027-08-06,C,1.385,0.012400000,3,
2026-10-01,GBU,OPT,GBUQ7 C13900,2027-08-06,C,1.39,0.011400000,3,
2026-10-01,GBU,OPT,GBUQ7 C13950,2027-08-06,C,1.395,0.010400000,3,1
2026-10-01,GBU,OPT,GBUQ7 C14000,2027-08-06,C,1.4,0.009500000,3,
2026-10-01,GBU,OPT,GBUQ7 C14050,2027-08-06,C,1.405,0.008700000,3,
2026-10-01,GBU,OPT,GBUQ7 C14100,2027-08-06,C,1.41,0.008000000,3,
2026-10-01,GBU,OPT,GBUQ7 C14150,2027-08-06,C,1.415,0.007300000,3,8
2026-10-01,GBU,OPT,GBUQ7 C14200,2027-08-06,C,1.42,0.006700000,3,8
2026-10-01,GBU,OPT,GBUQ7 C14300,2027-08-06,C,1.43,0.005600000,3,16
2026-10-01,GBU,OPT,GBUQ7 C14400,2027-08-06,C,1.44,0.004700000,3,24
2026-10-01,GBU,OPT,GBUQ7 C14500,2027-08-06,C,1.45,0.003900000,3,
2026-10-01,GBU,OPT,GBUQ7 C14600,2027-08-06,C,1.46,0.003200000,3,
2026-10-01,GBU,OPT,GBUQ7 C14700,2027-08-06,C,1.47,0.002700000,3,
2026-10-01,GBU,OPT,GBUQ7 C14800,2027-08-06,C,1.48,0.002200000,3,
2026-10-01,GBU,OPT,GBUQ7 C14900,2027-08-06,C,1.49,0.001900000,3,
2026-10-01,GBU,OPT,GBUQ7 C15000,2027-08-06,C,1.5,0.001600000,3,
2026-10-01,GBU,OPT,GBUQ7 C15100,2027-08-06,C,1.51,0.001300000,3,
2026-10-01,GBU,OPT,GBUQ7 C15200,2027-08-06,C,1.52,0.001100000,3,
2026-10-01,GBU,OPT,GBUQ7 C15300,2027-08-06,C,1.53,0.000900000,3,
2026-10-01,GBU,OPT,GBUQ7 C15400,2027-08-06,C,1.54,0.000800000,3,
2026-10-01,GBU,OPT,GBUQ7 C15500,2027-08-06,C,1.55,0.000700000,3,
2026-10-01,GBU,OPT,GBUQ7 C15600,2027-08-06,C,1.56,0.000600000,3,
2026-10-01,GBU,OPT,GBUQ7 P11200,2027-08-06,P,1.12,0.000000000,1,
2026-10-01,GBU,OPT,GBUQ7 P11300,2027-08-06,P,1.13,0.003200000,3,
2026-10-01,GBU,OPT,GBUQ7 P11400,2027-08-06,P,1.14,0.003700000,3,
2026-10-01,GBU,OPT,GBUQ7 P11500,2027-08-06,P,1.15,0.004300000,3,
2026-10-01,GBU,OPT,GBUQ7 P11600,2027-08-06,P,1.16,0.004900000,3,
2026-10-01,GBU,OPT,GBUQ7 P11700,2027-08-06,P,1.17,0.005600000,3,
2026-10-01,GBU,OPT,GBUQ7 P11800,2027-08-06,P,1.18,0.006300000,3,
2026-10-01,GBU,OPT,GBUQ7 P11900,2027-08-06,P,1.19,0.007200000,3,
2026-10-01,GBU,OPT,GBUQ7 P12000,2027-08-06,P,1.2,0.008100000,3,
2026-10-01,GBU,OPT,GBUQ7 P12100,2027-08-06,P,1.21,0.009200000,3,
2026-10-01,GBU,OPT,GBUQ7 P12200,2027-08-06,P,1.22,0.010400000,3,
2026-10-01,GBU,OPT,GBUQ7 P12300,2027-08-06,P,1.23,0.011800000,3,
2026-10-01,GBU,OPT,GBUQ7 P12400,2027-08-06,P,1.24,0.013300000,3,
2026-10-01,GBU,OPT,GBUQ7 P12500,2027-08-06,P,1.25,0.015100000,3,
2026-10-01,GBU,OPT,GBUQ7 P12600,2027-08-06,P,1.26,0.017000000,3,
2026-10-01,GBU,OPT,GBUQ7 P12700,2027-08-06,P,1.27,0.019300000,3,1
2026-10-01,GBU,OPT,GBUQ7 P12750,2027-08-06,P,1.275,0.020500000,3,
2026-10-01,GBU,OPT,GBUQ7 P12800,2027-08-06,P,1.28,0.021800000,3,2
2026-10-01,GBU,OPT,GBUQ7 P12850,2027-08-06,P,1.285,0.023200000,3,
2026-10-01,GBU,OPT,GBUQ7 P12900,2027-08-06,P,1.29,0.024700000,3,
2026-10-01,GBU,OPT,GBUQ7 P12950,2027-08-06,P,1.295,0.026400000,3,
2026-10-01,GBU,OPT,GBUQ7 P13000,2027-08-06,P,1.3,0.028100000,3,
2026-10-01,GBU,OPT,GBUQ7 P13050,2027-08-06,P,1.305,0.029900000,3,
2026-10-01,GBU,OPT,GBUQ7 P13100,2027-08-06,P,1.31,0.031800000,3,
2026-10-01,GBU,OPT,GBUQ7 P13150,2027-08-06,P,1.315,0.033900000,3,
2026-10-01,GBU,OPT,GBUQ7 P13200,2027-08-06,P,1.32,0.036000000,3,
2026-10-01,GBU,OPT,GBUQ7 P13250,2027-08-06,P,1.325,0.038300000,3,
2026-10-01,GBU,OPT,GBUQ7 P13300,2027-08-06,P,1.33,0.040700000,3,
2026-10-01,GBU,OPT,GBUQ7 P13350,2027-08-06,P,1.335,0.043200000,3,8
2026-10-01,GBU,OPT,GBUQ7 P13400,2027-08-06,P,1.34,0.045800000,3,
2026-10-01,GBU,OPT,GBUQ7 P13450,2027-08-06,P,1.345,0.048500000,3,
2026-10-01,GBU,OPT,GBUQ7 P13500,2027-08-06,P,1.35,0.051400000,3,8
2026-10-01,GBU,OPT,GBUQ7 P13550,2027-08-06,P,1.355,0.054400000,3,16
2026-10-01,GBU,OPT,GBUQ7 P13600,2027-08-06,P,1.36,0.057500000,3,
2026-10-01,GBU,OPT,GBUQ7 P13650,2027-08-06,P,1.365,0.060700000,3,
2026-10-01,GBU,OPT,GBUQ7 P13700,2027-08-06,P,1.37,0.064100000,3,
2026-10-01,GBU,OPT,GBUQ7 P13750,2027-08-06,P,1.375,0.067600000,3,
2026-10-01,GBU,OPT,GBUQ7 P13800,2027-08-06,P,1.38,0.071200000,3,
2026-10-01,GBU,OPT,GBUQ7 P13850,2027-08-06,P,1.385,0.074800000,3,
2026-10-01,GBU,OPT,GBUQ7 P13900,2027-08-06,P,1.39,0.078600000,3,
2026-10-01,GBU,OPT,GBUQ7 P13950,2027-08-06,P,1.395,0.082500000,3,
2026-10-01,GBU,OPT,GBUQ7 P14000,2027-08-06,P,1.4,0.086400000,3,
2026-10-01,GBU,OPT,GBUQ7 P14050,2027-08-06,P,1.405,0.090400000,3,
2026-10-01,GBU,OPT,GBUQ7 P14100,2027-08-06,P,1.41,0.094500000,3,
2026-10-01,GBU,OPT,GBUQ7 P14150,2027-08-06,P,1.415,0.098700000,3,
2026-10-01,GBU,OPT,GBUQ7 P14200,2027-08-06,P,1.42,0.102900000,3,
2026-10-01,GBU,OPT,GBUQ7 P14300,2027-08-06,P,1.43,0.111400000,3,
2026-10-01,GBU,OPT,GBUQ7 P14400,2027-08-06,P,1.44,0.120100000,3,
2026-10-01,GBU,OPT,GBUQ7 P14500,2027-08-06,P,1.45,0.129000000,3,
2026-10-01,GBU,OPT,GBUQ7 P14600,2027-08-06,P,1.46,0.138000000,3,
2026-10-01,GBU,OPT,GBUQ7 P14700,2027-08-06,P,1.47,0.147100000,3,
2026-10-01,GBU,OPT,GBUQ7 P14800,2027-08-06,P,1.48,0.156200000,3,
2026-10-01,GBU,OPT,GBUQ7 P14900,2027-08-06,P,1.49,0.165500000,3,
2026-10-01,GBU,OPT,GBUQ7 P15000,2027-08-06,P,1.5,0.174800000,3,
2026-10-01,GBU,OPT,GBUQ7 P15100,2027-08-06,P,1.51,0.184200000,3,
2026-10-01,GBU,OPT,GBUQ7 P15200,2027-08-06,P,1.52,0.193600000,3,
2026-10-01,GBU,OPT,GBUQ7 P15300,2027-08-06,P,1.53,0.203100000,3,
2026-10-01,GBU,OPT,GBUQ7 P15400,2027-08-06,P,1.54,0.212600000,3,
2026-10-01,GBU,OPT,GBUQ7 P15500,2027-08-06,P,1.55,0.222200000,3,
2026-10-01,GBU,OPT,GBUQ7 P15600,2027-08-06,P,1.56,0.231700000,3,
2026-10-01,GBU,OPT,GBUU7 C11000,2027-09-03,C,1.1,0.214100000,3,
2026-10-01,GBU,OPT,GBUU7 C11100,2027-09-03,C,1.11,0.204900000,3,
2026-10-01,GBU,OPT,GBUU7 C11200,2027-09-03,C,1.12,0.195700000,3,
2026-10-01,GBU,OPT,GBUU7 C11300,2027-09-03,C,1.13,0.186600000,3,
2026-10-01,GBU,OPT,GBUU7 C11400,2027-09-03,C,1.14,0.177500000,3,
2026-10-01,GBU,OPT,GBUU7 C11500,2027-09-03,C,1.15,0.168500000,3,
2026-10-01,GBU,OPT,GBUU7 C11600,2027-09-03,C,1.16,0.159500000,3,
2026-10-01,GBU,OPT,GBUU7 C11700,2027-09-03,C,1.17,0.150700000,3,
2026-10-01,GBU,OPT,GBUU7 C11800,2027-09-03,C,1.18,0.141900000,3,
2026-10-01,GBU,OPT,GBUU7 C11900,2027-09-03,C,1.19,0.133200000,3,
2026-10-01,GBU,OPT,GBUU7 C12000,2027-09-03,C,1.2,0.124600000,3,
2026-10-01,GBU,OPT,GBUU7 C12100,2027-09-03,C,1.21,0.116200000,3,
2026-10-01,GBU,OPT,GBUU7 C12200,2027-09-03,C,1.22,0.107900000,3,
2026-10-01,GBU,OPT,GBUU7 C12300,2027-09-03,C,1.23,0.099700000,3,
2026-10-01,GBU,OPT,GBUU7 C12400,2027-09-03,C,1.24,0.091700000,3,
2026-10-01,GBU,OPT,GBUU7 C12450,2027-09-03,C,1.245,0.087800000,3,
2026-10-01,GBU,OPT,GBUU7 C12500,2027-09-03,C,1.25,0.084000000,3,
2026-10-01,GBU,OPT,GBUU7 C12550,2027-09-03,C,1.255,0.080200000,3,
2026-10-01,GBU,OPT,GBUU7 C12600,2027-09-03,C,1.26,0.076400000,3,
2026-10-01,GBU,OPT,GBUU7 C12650,2027-09-03,C,1.265,0.072700000,3,
2026-10-01,GBU,OPT,GBUU7 C12700,2027-09-03,C,1.27,0.069100000,3,
2026-10-01,GBU,OPT,GBUU7 C12750,2027-09-03,C,1.275,0.065600000,3,
2026-10-01,GBU,OPT,GBUU7 C12800,2027-09-03,C,1.28,0.062200000,3,
2026-10-01,GBU,OPT,GBUU7 C12850,2027-09-03,C,1.285,0.058800000,3,
2026-10-01,GBU,OPT,GBUU7 C12900,2027-09-03,C,1.29,0.055600000,3,2
2026-10-01,GBU,OPT,GBUU7 C12950,2027-09-03,C,1.295,0.052400000,3,
2026-10-01,GBU,OPT,GBUU7 C13000,2027-09-03,C,1.3,0.049300000,3,
2026-10-01,GBU,OPT,GBUU7 C13050,2027-09-03,C,1.305,0.046400000,3,
2026-10-01,GBU,OPT,GBUU7 C13100,2027-09-03,C,1.31,0.043500000,3,
2026-10-01,GBU,OPT,GBUU7 C13150,2027-09-03,C,1.315,0.040700000,3,
2026-10-01,GBU,OPT,GBUU7 C13200,2027-09-03,C,1.32,0.038100000,3,
2026-10-01,GBU,OPT,GBUU7 C13250,2027-09-03,C,1.325,0.035500000,3,
2026-10-01,GBU,OPT,GBUU7 C13300,2027-09-03,C,1.33,0.033100000,3,
2026-10-01,GBU,OPT,GBUU7 C13350,2027-09-03,C,1.335,0.030800000,3,
2026-10-01,GBU,OPT,GBUU7 C13400,2027-09-03,C,1.34,0.028600000,3,
2026-10-01,GBU,OPT,GBUU7 C13450,2027-09-03,C,1.345,0.026500000,3,
2026-10-01,GBU,OPT,GBUU7 C13500,2027-09-03,C,1.35,0.024500000,3,
2026-10-01,GBU,OPT,GBUU7 C13550,2027-09-03,C,1.355,0.022700000,3,80
2026-10-01,GBU,OPT,GBUU7 C13600,2027-09-03,C,1.36,0.020900000,3,
2026-10-01,GBU,OPT,GBUU7 C13650,2027-09-03,C,1.365,0.019300000,3,6
2026-10-01,GBU,OPT,GBUU7 C13700,2027-09-03,C,1.37,0.017800000,3,1
2026-10-01,GBU,OPT,GBUU7 C13750,2027-09-03,C,1.375,0.016400000,3,
2026-10-01,GBU,OPT,GBUU7 C13800,2027-09-03,C,1.38,0.015200000,3,1
2026-10-01,GBU,OPT,GBUU7 C13850,2027-09-03,C,1.385,0.014000000,3,
2026-10-01,GBU,OPT,GBUU7 C13900,2027-09-03,C,1.39,0.012900000,3,2
2026-10-01,GBU,OPT,GBUU7 C13950,2027-09-03,C,1.395,0.011900000,3,
2026-10-01,GBU,OPT,GBUU7 C14000,2027-09-03,C,1.4,0.010900000,3,
2026-10-01,GBU,OPT,GBUU7 C14050,2027-09-03,C,1.405,0.010100000,3,
2026-10-01,GBU,OPT,GBUU7 C14100,2027-09-03,C,1.41,0.009300000,3,
2026-10-01,GBU,OPT,GBUU7 C14150,2027-09-03,C,1.415,0.008500000,3,
2026-10-01,GBU,OPT,GBUU7 C14200,2027-09-03,C,1.42,0.007900000,3,
2026-10-01,GBU,OPT,GBUU7 C14250,2027-09-03,C,1.425,0.007200000,3,
2026-10-01,GBU,OPT,GBUU7 C14300,2027-09-03,C,1.43,0.006600000,3,
2026-10-01,GBU,OPT,GBUU7 C14400,2027-09-03,C,1.44,0.005600000,3,1
2026-10-01,GBU,OPT,GBUU7 C14500,2027-09-03,C,1.45,0.004700000,3,1
2026-10-01,GBU,OPT,GBUU7 C14600,2027-09-03,C,1.46,0.004000000,3,
2026-10-01,GBU,OPT,GBUU7 C14700,2027-09-03,C,1.47,0.003400000,3,
2026-10-01,GBU,OPT,GBUU7 C14800,2027-09-03,C,1.48,0.002800000,3,
2026-10-01,GBU,OPT,GBUU7 C14900,2027-09-03,C,1.49,0.002400000,3,
2026-10-01,GBU,OPT,GBUU7 C15000,2027-09-03,C,1.5,0.002100000,3,
2026-10-01,GBU,OPT,GBUU7 C15100,2027-09-03,C,1.51,0.001800000,3,
2026-10-01,GBU,OPT,GBUU7 C15200,2027-09-03,C,1.52,0.001600000,3,
2026-10-01,GBU,OPT,GBUU7 C15300,2027-09-03,C,1.53,0.001400000,3,
2026-10-01,GBU,OPT,GBUU7 C15400,2027-09-03,C,1.54,0.001200000,3,2
2026-10-01,GBU,OPT,GBUU7 C15500,2027-09-03,C,1.55,0.001100000,3,
2026-10-01,GBU,OPT,GBUU7 C15600,2027-09-03,C,1.56,0.000900000,3,
2026-10-01,GBU,OPT,GBUU7 C15700,2027-09-03,C,1.57,0.000800000,3,4
2026-10-01,GBU,OPT,GBUU7 P11000,2027-09-03,P,1.1,0.002700000,3,10
2026-10-01,GBU,OPT,GBUU7 P11100,2027-09-03,P,1.11,0.003000000,3,5
2026-10-01,GBU,OPT,GBUU7 P11200,2027-09-03,P,1.12,0.003500000,3,10
2026-10-01,GBU,OPT,GBUU7 P11300,2027-09-03,P,1.13,0.003900000,3,3
2026-10-01,GBU,OPT,GBUU7 P11400,2027-09-03,P,1.14,0.004500000,3,
2026-10-01,GBU,OPT,GBUU7 P11500,2027-09-03,P,1.15,0.005100000,3,2
2026-10-01,GBU,OPT,GBUU7 P11600,2027-09-03,P,1.16,0.005700000,3,
2026-10-01,GBU,OPT,GBUU7 P11700,2027-09-03,P,1.17,0.006500000,3,
2026-10-01,GBU,OPT,GBUU7 P11800,2027-09-03,P,1.18,0.007300000,3,
2026-10-01,GBU,OPT,GBUU7 P11900,2027-09-03,P,1.19,0.008200000,3,
2026-10-01,GBU,OPT,GBUU7 P12000,2027-09-03,P,1.2,0.009200000,3,
2026-10-01,GBU,OPT,GBUU7 P12100,2027-09-03,P,1.21,0.010400000,3,
2026-10-01,GBU,OPT,GBUU7 P12200,2027-09-03,P,1.22,0.011600000,3,
2026-10-01,GBU,OPT,GBUU7 P12300,2027-09-03,P,1.23,0.013100000,3,
2026-10-01,GBU,OPT,GBUU7 P12400,2027-09-03,P,1.24,0.014700000,3,1
2026-10-01,GBU,OPT,GBUU7 P12450,2027-09-03,P,1.245,0.015600000,3,
2026-10-01,GBU,OPT,GBUU7 P12500,2027-09-03,P,1.25,0.016600000,3,4
2026-10-01,GBU,OPT,GBUU7 P12550,2027-09-03,P,1.255,0.017500000,3,
2026-10-01,GBU,OPT,GBUU7 P12600,2027-09-03,P,1.26,0.018600000,3,
2026-10-01,GBU,OPT,GBUU7 P12650,2027-09-03,P,1.265,0.019700000,3,
2026-10-01,GBU,OPT,GBUU7 P12700,2027-09-03,P,1.27,0.020900000,3,1
2026-10-01,GBU,OPT,GBUU7 P12750,2027-09-03,P,1.275,0.022200000,3,5
2026-10-01,GBU,OPT,GBUU7 P12800,2027-09-03,P,1.28,0.023600000,3,2
2026-10-01,GBU,OPT,GBUU7 P12850,2027-09-03,P,1.285,0.025000000,3,1
2026-10-01,GBU,OPT,GBUU7 P12900,2027-09-03,P,1.29,0.026600000,3,6
2026-10-01,GBU,OPT,GBUU7 P12950,2027-09-03,P,1.295,0.028200000,3,
2026-10-01,GBU,OPT,GBUU7 P13000,2027-09-03,P,1.3,0.029900000,3,5
2026-10-01,GBU,OPT,GBUU7 P13050,2027-09-03,P,1.305,0.031800000,3,
2026-10-01,GBU,OPT,GBUU7 P13100,2027-09-03,P,1.31,0.033700000,3,
2026-10-01,GBU,OPT,GBUU7 P13150,2027-09-03,P,1.315,0.035800000,3,
2026-10-01,GBU,OPT,GBUU7 P13200,2027-09-03,P,1.32,0.037900000,3,
2026-10-01,GBU,OPT,GBUU7 P13250,2027-09-03,P,1.325,0.040100000,3,
2026-10-01,GBU,OPT,GBUU7 P13300,2027-09-03,P,1.33,0.042500000,3,
2026-10-01,GBU,OPT,GBUU7 P13350,2027-09-03,P,1.335,0.045000000,3,18
2026-10-01,GBU,OPT,GBUU7 P13400,2027-09-03,P,1.34,0.047600000,3,9
2026-10-01,GBU,OPT,GBUU7 P13450,2027-09-03,P,1.345,0.050300000,3,8
2026-10-01,GBU,OPT,GBUU7 P13500,2027-09-03,P,1.35,0.053100000,3,1
2026-10-01,GBU,OPT,GBUU7 P13550,2027-09-03,P,1.355,0.056100000,3,3
2026-10-01,GBU,OPT,GBUU7 P13600,2027-09-03,P,1.36,0.059100000,3,
2026-10-01,GBU,OPT,GBUU7 P13650,2027-09-03,P,1.365,0.062300000,3,
2026-10-01,GBU,OPT,GBUU7 P13700,2027-09-03,P,1.37,0.065600000,3,
2026-10-01,GBU,OPT,GBUU7 P13750,2027-09-03,P,1.375,0.069100000,3,
2026-10-01,GBU,OPT,GBUU7 P13800,2027-09-03,P,1.38,0.072600000,3,
2026-10-01,GBU,OPT,GBUU7 P13850,2027-09-03,P,1.385,0.076200000,3,
2026-10-01,GBU,OPT,GBUU7 P13900,2027-09-03,P,1.39,0.079900000,3,
2026-10-01,GBU,OPT,GBUU7 P13950,2027-09-03,P,1.395,0.083700000,3,
2026-10-01,GBU,OPT,GBUU7 P14000,2027-09-03,P,1.4,0.087500000,3,
2026-10-01,GBU,OPT,GBUU7 P14050,2027-09-03,P,1.405,0.091500000,3,
2026-10-01,GBU,OPT,GBUU7 P14100,2027-09-03,P,1.41,0.095500000,3,
2026-10-01,GBU,OPT,GBUU7 P14150,2027-09-03,P,1.415,0.099600000,3,
2026-10-01,GBU,OPT,GBUU7 P14200,2027-09-03,P,1.42,0.103700000,3,
2026-10-01,GBU,OPT,GBUU7 P14250,2027-09-03,P,1.425,0.107900000,3,
2026-10-01,GBU,OPT,GBUU7 P14300,2027-09-03,P,1.43,0.112100000,3,
2026-10-01,GBU,OPT,GBUU7 P14400,2027-09-03,P,1.44,0.120600000,3,
2026-10-01,GBU,OPT,GBUU7 P14500,2027-09-03,P,1.45,0.129400000,3,
2026-10-01,GBU,OPT,GBUU7 P14600,2027-09-03,P,1.46,0.138200000,3,
2026-10-01,GBU,OPT,GBUU7 P14700,2027-09-03,P,1.47,0.147200000,3,
2026-10-01,GBU,OPT,GBUU7 P14800,2027-09-03,P,1.48,0.156300000,3,
2026-10-01,GBU,OPT,GBUU7 P14900,2027-09-03,P,1.49,0.165400000,3,
2026-10-01,GBU,OPT,GBUU7 P15000,2027-09-03,P,1.5,0.174700000,3,
2026-10-01,GBU,OPT,GBUU7 P15100,2027-09-03,P,1.51,0.184000000,3,
2026-10-01,GBU,OPT,GBUU7 P15200,2027-09-03,P,1.52,0.193400000,3,
2026-10-01,GBU,OPT,GBUU7 P15300,2027-09-03,P,1.53,0.202800000,3,
2026-10-01,GBU,OPT,GBUU7 P15400,2027-09-03,P,1.54,0.212200000,3,
2026-10-01,GBU,OPT,GBUU7 P15500,2027-09-03,P,1.55,0.221700000,3,
2026-10-01,GBU,OPT,GBUU7 P15600,2027-09-03,P,1.56,0.231200000,3,
2026-10-01,GBU,OPT,GBUU7 P15700,2027-09-03,P,1.57,0.240700000,3,
2026-10-01,GBU,OPT,GBUZ7 C11100,2027-12-03,C,1.11,0.203300000,3,
2026-10-01,GBU,OPT,GBUZ7 C11200,2027-12-03,C,1.12,0.194300000,3,
2026-10-01,GBU,OPT,GBUZ7 C11300,2027-12-03,C,1.13,0.185400000,3,
2026-10-01,GBU,OPT,GBUZ7 C11400,2027-12-03,C,1.14,0.176500000,3,
2026-10-01,GBU,OPT,GBUZ7 C11500,2027-12-03,C,1.15,0.167800000,3,
2026-10-01,GBU,OPT,GBUZ7 C11600,2027-12-03,C,1.16,0.159100000,3,
2026-10-01,GBU,OPT,GBUZ7 C11700,2027-12-03,C,1.17,0.150500000,3,
2026-10-01,GBU,OPT,GBUZ7 C11800,2027-12-03,C,1.18,0.141900000,3,
2026-10-01,GBU,OPT,GBUZ7 C11900,2027-12-03,C,1.19,0.133400000,3,
2026-10-01,GBU,OPT,GBUZ7 C12000,2027-12-03,C,1.2,0.125100000,3,
2026-10-01,GBU,OPT,GBUZ7 C12100,2027-12-03,C,1.21,0.116800000,3,
2026-10-01,GBU,OPT,GBUZ7 C12200,2027-12-03,C,1.22,0.108700000,3,
2026-10-01,GBU,OPT,GBUZ7 C12300,2027-12-03,C,1.23,0.100800000,3,
2026-10-01,GBU,OPT,GBUZ7 C12400,2027-12-03,C,1.24,0.093000000,3,
2026-10-01,GBU,OPT,GBUZ7 C12500,2027-12-03,C,1.25,0.085500000,3,
2026-10-01,GBU,OPT,GBUZ7 C12550,2027-12-03,C,1.255,0.081800000,3,
2026-10-01,GBU,OPT,GBUZ7 C12600,2027-12-03,C,1.26,0.078200000,3,
2026-10-01,GBU,OPT,GBUZ7 C12650,2027-12-03,C,1.265,0.074600000,3,
2026-10-01,GBU,OPT,GBUZ7 C12700,2027-12-03,C,1.27,0.071100000,3,
2026-10-01,GBU,OPT,GBUZ7 C12750,2027-12-03,C,1.275,0.067700000,3,
2026-10-01,GBU,OPT,GBUZ7 C12800,2027-12-03,C,1.28,0.064400000,3,
2026-10-01,GBU,OPT,GBUZ7 C12850,2027-12-03,C,1.285,0.061100000,3,
2026-10-01,GBU,OPT,GBUZ7 C12900,2027-12-03,C,1.29,0.057900000,3,
2026-10-01,GBU,OPT,GBUZ7 C12950,2027-12-03,C,1.295,0.054700000,3,
2026-10-01,GBU,OPT,GBUZ7 C13000,2027-12-03,C,1.3,0.051700000,3,
2026-10-01,GBU,OPT,GBUZ7 C13050,2027-12-03,C,1.305,0.048700000,3,
2026-10-01,GBU,OPT,GBUZ7 C13100,2027-12-03,C,1.31,0.045800000,3,
2026-10-01,GBU,OPT,GBUZ7 C13150,2027-12-03,C,1.315,0.043000000,3,
2026-10-01,GBU,OPT,GBUZ7 C13200,2027-12-03,C,1.32,0.040300000,3,
2026-10-01,GBU,OPT,GBUZ7 C13250,2027-12-03,C,1.325,0.037700000,3,
2026-10-01,GBU,OPT,GBUZ7 C13300,2027-12-03,C,1.33,0.035300000,3,
2026-10-01,GBU,OPT,GBUZ7 C13350,2027-12-03,C,1.335,0.032900000,3,
2026-10-01,GBU,OPT,GBUZ7 C13400,2027-12-03,C,1.34,0.030600000,3,
2026-10-01,GBU,OPT,GBUZ7 C13450,2027-12-03,C,1.345,0.028500000,3,
2026-10-01,GBU,OPT,GBUZ7 C13500,2027-12-03,C,1.35,0.026400000,3,
2026-10-01,GBU,OPT,GBUZ7 C13550,2027-12-03,C,1.355,0.024500000,3,
2026-10-01,GBU,OPT,GBUZ7 C13600,2027-12-03,C,1.36,0.022700000,3,
2026-10-01,GBU,OPT,GBUZ7 C13650,2027-12-03,C,1.365,0.021000000,3,
2026-10-01,GBU,OPT,GBUZ7 C13700,2027-12-03,C,1.37,0.019400000,3,
2026-10-01,GBU,OPT,GBUZ7 C13750,2027-12-03,C,1.375,0.017900000,3,
2026-10-01,GBU,OPT,GBUZ7 C13800,2027-12-03,C,1.38,0.016500000,3,
2026-10-01,GBU,OPT,GBUZ7 C13850,2027-12-03,C,1.385,0.015200000,3,
2026-10-01,GBU,OPT,GBUZ7 C13900,2027-12-03,C,1.39,0.013900000,3,
2026-10-01,GBU,OPT,GBUZ7 C13950,2027-12-03,C,1.395,0.012800000,3,
2026-10-01,GBU,OPT,GBUZ7 C14000,2027-12-03,C,1.4,0.011800000,3,
2026-10-01,GBU,OPT,GBUZ7 C14050,2027-12-03,C,1.405,0.010800000,3,
2026-10-01,GBU,OPT,GBUZ7 C14100,2027-12-03,C,1.41,0.009900000,3,
2026-10-01,GBU,OPT,GBUZ7 C14150,2027-12-03,C,1.415,0.009100000,3,
2026-10-01,GBU,OPT,GBUZ7 C14200,2027-12-03,C,1.42,0.008400000,3,
2026-10-01,GBU,OPT,GBUZ7 C14250,2027-12-03,C,1.425,0.007700000,3,
2026-10-01,GBU,OPT,GBUZ7 C14300,2027-12-03,C,1.43,0.007000000,3,
2026-10-01,GBU,OPT,GBUZ7 C14400,2027-12-03,C,1.44,0.005900000,3,
2026-10-01,GBU,OPT,GBUZ7 C14500,2027-12-03,C,1.45,0.004900000,3,
2026-10-01,GBU,OPT,GBUZ7 C14600,2027-12-03,C,1.46,0.004100000,3,
2026-10-01,GBU,OPT,GBUZ7 C14700,2027-12-03,C,1.47,0.003500000,3,
2026-10-01,GBU,OPT,GBUZ7 C14800,2027-12-03,C,1.48,0.002900000,3,
2026-10-01,GBU,OPT,GBUZ7 C14900,2027-12-03,C,1.49,0.002400000,3,
2026-10-01,GBU,OPT,GBUZ7 C15000,2027-12-03,C,1.5,0.002100000,3,
2026-10-01,GBU,OPT,GBUZ7 C15100,2027-12-03,C,1.51,0.001800000,3,
2026-10-01,GBU,OPT,GBUZ7 C15200,2027-12-03,C,1.52,0.001500000,3,
2026-10-01,GBU,OPT,GBUZ7 C15300,2027-12-03,C,1.53,0.001200000,3,
2026-10-01,GBU,OPT,GBUZ7 C15400,2027-12-03,C,1.54,0.001000000,3,
2026-10-01,GBU,OPT,GBUZ7 C15500,2027-12-03,C,1.55,0.000800000,3,
2026-10-01,GBU,OPT,GBUZ7 C15600,2027-12-03,C,1.56,0.000600000,3,
2026-10-01,GBU,OPT,GBUZ7 C15700,2027-12-03,C,1.57,0.000500000,3,
2026-10-01,GBU,OPT,GBUZ7 P11100,2027-12-03,P,1.11,0.003600000,3,
2026-10-01,GBU,OPT,GBUZ7 P11200,2027-12-03,P,1.12,0.004100000,3,
2026-10-01,GBU,OPT,GBUZ7 P11300,2027-12-03,P,1.13,0.004700000,3,50
2026-10-01,GBU,OPT,GBUZ7 P11400,2027-12-03,P,1.14,0.005300000,3,
2026-10-01,GBU,OPT,GBUZ7 P11500,2027-12-03,P,1.15,0.006000000,3,
2026-10-01,GBU,OPT,GBUZ7 P11600,2027-12-03,P,1.16,0.006800000,3,
2026-10-01,GBU,OPT,GBUZ7 P11700,2027-12-03,P,1.17,0.007700000,3,
2026-10-01,GBU,OPT,GBUZ7 P11800,2027-12-03,P,1.18,0.008600000,3,
2026-10-01,GBU,OPT,GBUZ7 P11900,2027-12-03,P,1.19,0.009600000,3,
2026-10-01,GBU,OPT,GBUZ7 P12000,2027-12-03,P,1.2,0.010700000,3,
2026-10-01,GBU,OPT,GBUZ7 P12100,2027-12-03,P,1.21,0.012000000,3,
2026-10-01,GBU,OPT,GBUZ7 P12200,2027-12-03,P,1.22,0.013400000,3,
2026-10-01,GBU,OPT,GBUZ7 P12300,2027-12-03,P,1.23,0.014900000,3,
2026-10-01,GBU,OPT,GBUZ7 P12400,2027-12-03,P,1.24,0.016700000,3,
2026-10-01,GBU,OPT,GBUZ7 P12500,2027-12-03,P,1.25,0.018600000,3,
2026-10-01,GBU,OPT,GBUZ7 P12550,2027-12-03,P,1.255,0.019700000,3,
2026-10-01,GBU,OPT,GBUZ7 P12600,2027-12-03,P,1.26,0.020800000,3,
2026-10-01,GBU,OPT,GBUZ7 P12650,2027-12-03,P,1.265,0.022000000,3,
2026-10-01,GBU,OPT,GBUZ7 P12700,2027-12-03,P,1.27,0.023200000,3,
2026-10-01,GBU,OPT,GBUZ7 P12750,2027-12-03,P,1.275,0.024600000,3,
2026-10-01,GBU,OPT,GBUZ7 P12800,2027-12-03,P,1.28,0.025900000,3,
2026-10-01,GBU,OPT,GBUZ7 P12850,2027-12-03,P,1.285,0.027400000,3,
2026-10-01,GBU,OPT,GBUZ7 P12900,2027-12-03,P,1.29,0.028900000,3,
2026-10-01,GBU,OPT,GBUZ7 P12950,2027-12-03,P,1.295,0.030500000,3,
2026-10-01,GBU,OPT,GBUZ7 P13000,2027-12-03,P,1.3,0.032200000,3,
2026-10-01,GBU,OPT,GBUZ7 P13050,2027-12-03,P,1.305,0.034000000,3,
2026-10-01,GBU,OPT,GBUZ7 P13100,2027-12-03,P,1.31,0.035900000,3,
2026-10-01,GBU,OPT,GBUZ7 P13150,2027-12-03,P,1.315,0.037800000,3,
2026-10-01,GBU,OPT,GBUZ7 P13200,2027-12-03,P,1.32,0.039900000,3,
2026-10-01,GBU,OPT,GBUZ7 P13250,2027-12-03,P,1.325,0.042000000,3,
2026-10-01,GBU,OPT,GBUZ7 P13300,2027-12-03,P,1.33,0.044300000,3,
2026-10-01,GBU,OPT,GBUZ7 P13350,2027-12-03,P,1.335,0.046600000,3,
2026-10-01,GBU,OPT,GBUZ7 P13400,2027-12-03,P,1.34,0.049100000,3,
2026-10-01,GBU,OPT,GBUZ7 P13450,2027-12-03,P,1.345,0.051700000,3,
2026-10-01,GBU,OPT,GBUZ7 P13500,2027-12-03,P,1.35,0.054400000,3,
2026-10-01,GBU,OPT,GBUZ7 P13550,2027-12-03,P,1.355,0.057200000,3,
2026-10-01,GBU,OPT,GBUZ7 P13600,2027-12-03,P,1.36,0.060100000,3,
2026-10-01,GBU,OPT,GBUZ7 P13650,2027-12-03,P,1.365,0.063200000,3,
2026-10-01,GBU,OPT,GBUZ7 P13700,2027-12-03,P,1.37,0.066300000,3,
2026-10-01,GBU,OPT,GBUZ7 P13750,2027-12-03,P,1.375,0.069600000,3,
2026-10-01,GBU,OPT,GBUZ7 P13800,2027-12-03,P,1.38,0.072900000,3,
2026-10-01,GBU,OPT,GBUZ7 P13850,2027-12-03,P,1.385,0.076300000,3,
2026-10-01,GBU,OPT,GBUZ7 P13900,2027-12-03,P,1.39,0.079900000,3,
2026-10-01,GBU,OPT,GBUZ7 P13950,2027-12-03,P,1.395,0.083500000,3,
2026-10-01,GBU,OPT,GBUZ7 P14000,2027-12-03,P,1.4,0.087200000,3,
2026-10-01,GBU,OPT,GBUZ7 P14050,2027-12-03,P,1.405,0.091000000,3,
2026-10-01,GBU,OPT,GBUZ7 P14100,2027-12-03,P,1.41,0.094800000,3,
2026-10-01,GBU,OPT,GBUZ7 P14150,2027-12-03,P,1.415,0.098800000,3,
2026-10-01,GBU,OPT,GBUZ7 P14200,2027-12-03,P,1.42,0.102800000,3,
2026-10-01,GBU,OPT,GBUZ7 P14250,2027-12-03,P,1.425,0.106800000,3,
2026-10-01,GBU,OPT,GBUZ7 P14300,2027-12-03,P,1.43,0.110900000,3,
2026-10-01,GBU,OPT,GBUZ7 P14400,2027-12-03,P,1.44,0.119300000,3,
2026-10-01,GBU,OPT,GBUZ7 P14500,2027-12-03,P,1.45,0.127800000,3,
2026-10-01,GBU,OPT,GBUZ7 P14600,2027-12-03,P,1.46,0.136500000,3,
2026-10-01,GBU,OPT,GBUZ7 P14700,2027-12-03,P,1.47,0.145300000,3,
2026-10-01,GBU,OPT,GBUZ7 P14800,2027-12-03,P,1.48,0.154200000,3,
2026-10-01,GBU,OPT,GBUZ7 P14900,2027-12-03,P,1.49,0.163200000,3,
2026-10-01,GBU,OPT,GBUZ7 P15000,2027-12-03,P,1.5,0.172400000,3,
2026-10-01,GBU,OPT,GBUZ7 P15100,2027-12-03,P,1.51,0.181500000,3,
2026-10-01,GBU,OPT,GBUZ7 P15200,2027-12-03,P,1.52,0.190800000,3,
2026-10-01,GBU,OPT,GBUZ7 P15300,2027-12-03,P,1.53,0.200000000,3,
2026-10-01,GBU,OPT,GBUZ7 P15400,2027-12-03,P,1.54,0.209200000,3,
2026-10-01,GBU,OPT,GBUZ7 P15500,2027-12-03,P,1.55,0.218500000,3,
2026-10-01,GBU,OPT,GBUZ7 P15600,2027-12-03,P,1.56,0.227800000,3,
2026-10-01,GBU,OPT,GBUZ7 P15700,2027-12-03,P,1.57,0.237200000,3,
2026-10-01,GBU,OPT,GBUH8 C11100,2028-03-03,C,1.11,0.202900000,3,
2026-10-01,GBU,OPT,GBUH8 C11200,2028-03-03,C,1.12,0.194100000,3,
2026-10-01,GBU,OPT,GBUH8 C11300,2028-03-03,C,1.13,0.185400000,3,
2026-10-01,GBU,OPT,GBUH8 C11400,2028-03-03,C,1.14,0.176900000,3,
2026-10-01,GBU,OPT,GBUH8 C11500,2028-03-03,C,1.15,0.168300000,3,
2026-10-01,GBU,OPT,GBUH8 C11600,2028-03-03,C,1.16,0.159900000,3,
2026-10-01,GBU,OPT,GBUH8 C11700,2028-03-03,C,1.17,0.151600000,3,
2026-10-01,GBU,OPT,GBUH8 C11800,2028-03-03,C,1.18,0.143300000,3,
2026-10-01,GBU,OPT,GBUH8 C11900,2028-03-03,C,1.19,0.135100000,3,
2026-10-01,GBU,OPT,GBUH8 C12000,2028-03-03,C,1.2,0.126900000,3,
2026-10-01,GBU,OPT,GBUH8 C12100,2028-03-03,C,1.21,0.118900000,3,
2026-10-01,GBU,OPT,GBUH8 C12200,2028-03-03,C,1.22,0.111000000,3,
2026-10-01,GBU,OPT,GBUH8 C12300,2028-03-03,C,1.23,0.103300000,3,
2026-10-01,GBU,OPT,GBUH8 C12400,2028-03-03,C,1.24,0.095800000,3,
2026-10-01,GBU,OPT,GBUH8 C12500,2028-03-03,C,1.25,0.088400000,3,
2026-10-01,GBU,OPT,GBUH8 C12550,2028-03-03,C,1.255,0.084800000,3,
2026-10-01,GBU,OPT,GBUH8 C12600,2028-03-03,C,1.26,0.081300000,3,
2026-10-01,GBU,OPT,GBUH8 C12650,2028-03-03,C,1.265,0.077800000,3,
2026-10-01,GBU,OPT,GBUH8 C12700,2028-03-03,C,1.27,0.074400000,3,
2026-10-01,GBU,OPT,GBUH8 C12750,2028-03-03,C,1.275,0.071100000,3,
2026-10-01,GBU,OPT,GBUH8 C12800,2028-03-03,C,1.28,0.067800000,3,
2026-10-01,GBU,OPT,GBUH8 C12850,2028-03-03,C,1.285,0.064500000,3,
2026-10-01,GBU,OPT,GBUH8 C12900,2028-03-03,C,1.29,0.061400000,3,
2026-10-01,GBU,OPT,GBUH8 C12950,2028-03-03,C,1.295,0.058300000,3,
2026-10-01,GBU,OPT,GBUH8 C13000,2028-03-03,C,1.3,0.055300000,3,
2026-10-01,GBU,OPT,GBUH8 C13050,2028-03-03,C,1.305,0.052300000,3,
2026-10-01,GBU,OPT,GBUH8 C13100,2028-03-03,C,1.31,0.049500000,3,
2026-10-01,GBU,OPT,GBUH8 C13150,2028-03-03,C,1.315,0.046700000,3,
2026-10-01,GBU,OPT,GBUH8 C13200,2028-03-03,C,1.32,0.044000000,3,
2026-10-01,GBU,OPT,GBUH8 C13250,2028-03-03,C,1.325,0.041400000,3,
2026-10-01,GBU,OPT,GBUH8 C13300,2028-03-03,C,1.33,0.038900000,3,
2026-10-01,GBU,OPT,GBUH8 C13350,2028-03-03,C,1.335,0.036500000,3,
2026-10-01,GBU,OPT,GBUH8 C13400,2028-03-03,C,1.34,0.034200000,3,
2026-10-01,GBU,OPT,GBUH8 C13450,2028-03-03,C,1.345,0.032000000,3,
2026-10-01,GBU,OPT,GBUH8 C13500,2028-03-03,C,1.35,0.030000000,3,
2026-10-01,GBU,OPT,GBUH8 C13550,2028-03-03,C,1.355,0.028000000,3,
2026-10-01,GBU,OPT,GBUH8 C13600,2028-03-03,C,1.36,0.026100000,3,
2026-10-01,GBU,OPT,GBUH8 C13650,2028-03-03,C,1.365,0.024300000,3,
2026-10-01,GBU,OPT,GBUH8 C13700,2028-03-03,C,1.37,0.022700000,3,
2026-10-01,GBU,OPT,GBUH8 C13750,2028-03-03,C,1.375,0.021100000,3,
2026-10-01,GBU,OPT,GBUH8 C13800,2028-03-03,C,1.38,0.019600000,3,
2026-10-01,GBU,OPT,GBUH8 C13850,2028-03-03,C,1.385,0.018200000,3,
2026-10-01,GBU,OPT,GBUH8 C13900,2028-03-03,C,1.39,0.016900000,3,
2026-10-01,GBU,OPT,GBUH8 C13950,2028-03-03,C,1.395,0.015700000,3,
2026-10-01,GBU,OPT,GBUH8 C14000,2028-03-03,C,1.4,0.014600000,3,
2026-10-01,GBU,OPT,GBUH8 C14050,2028-03-03,C,1.405,0.013500000,3,
2026-10-01,GBU,OPT,GBUH8 C14100,2028-03-03,C,1.41,0.012600000,3,
2026-10-01,GBU,OPT,GBUH8 C14200,2028-03-03,C,1.42,0.010800000,3,
2026-10-01,GBU,OPT,GBUH8 C14300,2028-03-03,C,1.43,0.009300000,3,
2026-10-01,GBU,OPT,GBUH8 C14400,2028-03-03,C,1.44,0.008000000,3,
2026-10-01,GBU,OPT,GBUH8 C14500,2028-03-03,C,1.45,0.006800000,3,
2026-10-01,GBU,OPT,GBUH8 C14600,2028-03-03,C,1.46,0.005900000,3,
2026-10-01,GBU,OPT,GBUH8 C14700,2028-03-03,C,1.47,0.005000000,3,
2026-10-01,GBU,OPT,GBUH8 C14800,2028-03-03,C,1.48,0.004300000,3,
2026-10-01,GBU,OPT,GBUH8 C14900,2028-03-03,C,1.49,0.003700000,3,
2026-10-01,GBU,OPT,GBUH8 C15000,2028-03-03,C,1.5,0.003200000,3,
2026-10-01,GBU,OPT,GBUH8 C15100,2028-03-03,C,1.51,0.002800000,3,
2026-10-01,GBU,OPT,GBUH8 C15200,2028-03-03,C,1.52,0.002500000,3,
2026-10-01,GBU,OPT,GBUH8 C15300,2028-03-03,C,1.53,0.002200000,3,
2026-10-01,GBU,OPT,GBUH8 C15400,2028-03-03,C,1.54,0.001900000,3,
2026-10-01,GBU,OPT,GBUH8 C15500,2028-03-03,C,1.55,0.001700000,3,
2026-10-01,GBU,OPT,GBUH8 C15600,2028-03-03,C,1.56,0.001500000,3,
2026-10-01,GBU,OPT,GBUH8 P11100,2028-03-03,P,1.11,0.005300000,3,
2026-10-01,GBU,OPT,GBUH8 P11200,2028-03-03,P,1.12,0.005900000,3,
2026-10-01,GBU,OPT,GBUH8 P11300,2028-03-03,P,1.13,0.006600000,3,
2026-10-01,GBU,OPT,GBUH8 P11400,2028-03-03,P,1.14,0.007400000,3,
2026-10-01,GBU,OPT,GBUH8 P11500,2028-03-03,P,1.15,0.008300000,3,
2026-10-01,GBU,OPT,GBUH8 P11600,2028-03-03,P,1.16,0.009200000,3,
2026-10-01,GBU,OPT,GBUH8 P11700,2028-03-03,P,1.17,0.010300000,3,
2026-10-01,GBU,OPT,GBUH8 P11800,2028-03-03,P,1.18,0.011300000,3,
2026-10-01,GBU,OPT,GBUH8 P11900,2028-03-03,P,1.19,0.012500000,3,
2026-10-01,GBU,OPT,GBUH8 P12000,2028-03-03,P,1.2,0.013700000,3,
2026-10-01,GBU,OPT,GBUH8 P12100,2028-03-03,P,1.21,0.015100000,3,
2026-10-01,GBU,OPT,GBUH8 P12200,2028-03-03,P,1.22,0.016500000,3,
2026-10-01,GBU,OPT,GBUH8 P12300,2028-03-03,P,1.23,0.018200000,3,
2026-10-01,GBU,OPT,GBUH8 P12400,2028-03-03,P,1.24,0.020000000,3,
2026-10-01,GBU,OPT,GBUH8 P12500,2028-03-03,P,1.25,0.022100000,3,
2026-10-01,GBU,OPT,GBUH8 P12550,2028-03-03,P,1.255,0.023200000,3,
2026-10-01,GBU,OPT,GBUH8 P12600,2028-03-03,P,1.26,0.024300000,3,
2026-10-01,GBU,OPT,GBUH8 P12650,2028-03-03,P,1.265,0.025500000,3,
2026-10-01,GBU,OPT,GBUH8 P12700,2028-03-03,P,1.27,0.026800000,3,
2026-10-01,GBU,OPT,GBUH8 P12750,2028-03-03,P,1.275,0.028100000,3,
2026-10-01,GBU,OPT,GBUH8 P12800,2028-03-03,P,1.28,0.029500000,3,
2026-10-01,GBU,OPT,GBUH8 P12850,2028-03-03,P,1.285,0.031000000,3,
2026-10-01,GBU,OPT,GBUH8 P12900,2028-03-03,P,1.29,0.032500000,3,
2026-10-01,GBU,OPT,GBUH8 P12950,2028-03-03,P,1.295,0.034100000,3,
2026-10-01,GBU,OPT,GBUH8 P13000,2028-03-03,P,1.3,0.035800000,3,
2026-10-01,GBU,OPT,GBUH8 P13050,2028-03-03,P,1.305,0.037500000,3,
2026-10-01,GBU,OPT,GBUH8 P13100,2028-03-03,P,1.31,0.039400000,3,
2026-10-01,GBU,OPT,GBUH8 P13150,2028-03-03,P,1.315,0.041300000,3,
2026-10-01,GBU,OPT,GBUH8 P13200,2028-03-03,P,1.32,0.043300000,3,
2026-10-01,GBU,OPT,GBUH8 P13250,2028-03-03,P,1.325,0.045300000,3,
2026-10-01,GBU,OPT,GBUH8 P13300,2028-03-03,P,1.33,0.047500000,3,
2026-10-01,GBU,OPT,GBUH8 P13350,2028-03-03,P,1.335,0.049800000,3,
2026-10-01,GBU,OPT,GBUH8 P13400,2028-03-03,P,1.34,0.052200000,3,
2026-10-01,GBU,OPT,GBUH8 P13450,2028-03-03,P,1.345,0.054700000,3,
2026-10-01,GBU,OPT,GBUH8 P13500,2028-03-03,P,1.35,0.057300000,3,
2026-10-01,GBU,OPT,GBUH8 P13550,2028-03-03,P,1.355,0.060000000,3,
2026-10-01,GBU,OPT,GBUH8 P13600,2028-03-03,P,1.36,0.062800000,3,
2026-10-01,GBU,OPT,GBUH8 P13650,2028-03-03,P,1.365,0.065800000,3,
2026-10-01,GBU,OPT,GBUH8 P13700,2028-03-03,P,1.37,0.068800000,3,
2026-10-01,GBU,OPT,GBUH8 P13750,2028-03-03,P,1.375,0.071900000,3,
2026-10-01,GBU,OPT,GBUH8 P13800,2028-03-03,P,1.38,0.075100000,3,
2026-10-01,GBU,OPT,GBUH8 P13850,2028-03-03,P,1.385,0.078400000,3,
2026-10-01,GBU,OPT,GBUH8 P13900,2028-03-03,P,1.39,0.081800000,3,
2026-10-01,GBU,OPT,GBUH8 P13950,2028-03-03,P,1.395,0.085300000,3,
2026-10-01,GBU,OPT,GBUH8 P14000,2028-03-03,P,1.4,0.088800000,3,
2026-10-01,GBU,OPT,GBUH8 P14050,2028-03-03,P,1.405,0.092500000,3,
2026-10-01,GBU,OPT,GBUH8 P14100,2028-03-03,P,1.41,0.096200000,3,
2026-10-01,GBU,OPT,GBUH8 P14200,2028-03-03,P,1.42,0.103800000,3,
2026-10-01,GBU,OPT,GBUH8 P14300,2028-03-03,P,1.43,0.111600000,3,
2026-10-01,GBU,OPT,GBUH8 P14400,2028-03-03,P,1.44,0.119700000,3,
2026-10-01,GBU,OPT,GBUH8 P14500,2028-03-03,P,1.45,0.127900000,3,
2026-10-01,GBU,OPT,GBUH8 P14600,2028-03-03,P,1.46,0.136300000,3,
2026-10-01,GBU,OPT,GBUH8 P14700,2028-03-03,P,1.47,0.144900000,3,
2026-10-01,GBU,OPT,GBUH8 P14800,2028-03-03,P,1.48,0.153500000,3,
2026-10-01,GBU,OPT,GBUH8 P14900,2028-03-03,P,1.49,0.162300000,3,
2026-10-01,GBU,OPT,GBUH8 P15000,2028-03-03,P,1.5,0.171200000,3,
2026-10-01,GBU,OPT,GBUH8 P15100,2028-03-03,P,1.51,0.180200000,3,
2026-10-01,GBU,OPT,GBUH8 P15200,2028-03-03,P,1.52,0.189200000,3,
2026-10-01,GBU,OPT,GBUH8 P15300,2028-03-03,P,1.53,0.198300000,3,
2026-10-01,GBU,OPT,GBUH8 P15400,2028-03-03,P,1.54,0.207400000,3,
2026-10-01,GBU,OPT,GBUH8 P15500,2028-03-03,P,1.55,0.216500000,3,
2026-10-01,GBU,OPT,GBUH8 P15600,2028-03-03,P,1.56,0.225700000,3,
2026-10-01,GBU,OPT,GBUM8 C11200,2028-06-09,C,1.12,0.194500000,3,
2026-10-01,GBU,OPT,GBUM8 C11300,2028-06-09,C,1.13,0.186000000,3,
2026-10-01,GBU,OPT,GBUM8 C11400,2028-06-09,C,1.14,0.177600000,3,
2026-10-01,GBU,OPT,GBUM8 C11500,2028-06-09,C,1.15,0.169200000,3,
2026-10-01,GBU,OPT,GBUM8 C11600,2028-06-09,C,1.16,0.161000000,3,
2026-10-01,GBU,OPT,GBUM8 C11700,2028-06-09,C,1.17,0.152800000,3,
2026-10-01,GBU,OPT,GBUM8 C11800,2028-06-09,C,1.18,0.144700000,3,
2026-10-01,GBU,OPT,GBUM8 C11900,2028-06-09,C,1.19,0.136700000,3,
2026-10-01,GBU,OPT,GBUM8 C12000,2028-06-09,C,1.2,0.128800000,3,
2026-10-01,GBU,OPT,GBUM8 C12100,2028-06-09,C,1.21,0.120900000,3,
2026-10-01,GBU,OPT,GBUM8 C12200,2028-06-09,C,1.22,0.113300000,3,
2026-10-01,GBU,OPT,GBUM8 C12300,2028-06-09,C,1.23,0.105700000,3,
2026-10-01,GBU,OPT,GBUM8 C12400,2028-06-09,C,1.24,0.098400000,3,
2026-10-01,GBU,OPT,GBUM8 C12500,2028-06-09,C,1.25,0.091200000,3,
2026-10-01,GBU,OPT,GBUM8 C12600,2028-06-09,C,1.26,0.084200000,3,
2026-10-01,GBU,OPT,GBUM8 C12650,2028-06-09,C,1.265,0.080800000,3,
2026-10-01,GBU,OPT,GBUM8 C12700,2028-06-09,C,1.27,0.077500000,3,
2026-10-01,GBU,OPT,GBUM8 C12750,2028-06-09,C,1.275,0.074200000,3,
2026-10-01,GBU,OPT,GBUM8 C12800,2028-06-09,C,1.28,0.071000000,3,
2026-10-01,GBU,OPT,GBUM8 C12850,2028-06-09,C,1.285,0.067800000,3,
2026-10-01,GBU,OPT,GBUM8 C12900,2028-06-09,C,1.29,0.064700000,3,
2026-10-01,GBU,OPT,GBUM8 C12950,2028-06-09,C,1.295,0.061700000,3,
2026-10-01,GBU,OPT,GBUM8 C13000,2028-06-09,C,1.3,0.058700000,3,
2026-10-01,GBU,OPT,GBUM8 C13050,2028-06-09,C,1.305,0.055800000,3,
2026-10-01,GBU,OPT,GBUM8 C13100,2028-06-09,C,1.31,0.052900000,3,
2026-10-01,GBU,OPT,GBUM8 C13150,2028-06-09,C,1.315,0.050200000,3,
2026-10-01,GBU,OPT,GBUM8 C13200,2028-06-09,C,1.32,0.047500000,3,
2026-10-01,GBU,OPT,GBUM8 C13250,2028-06-09,C,1.325,0.044900000,3,
2026-10-01,GBU,OPT,GBUM8 C13300,2028-06-09,C,1.33,0.042400000,3,
2026-10-01,GBU,OPT,GBUM8 C13350,2028-06-09,C,1.335,0.040000000,3,
2026-10-01,GBU,OPT,GBUM8 C13400,2028-06-09,C,1.34,0.037700000,3,
2026-10-01,GBU,OPT,GBUM8 C13450,2028-06-09,C,1.345,0.035400000,3,
2026-10-01,GBU,OPT,GBUM8 C13500,2028-06-09,C,1.35,0.033300000,3,
2026-10-01,GBU,OPT,GBUM8 C13550,2028-06-09,C,1.355,0.031300000,3,
2026-10-01,GBU,OPT,GBUM8 C13600,2028-06-09,C,1.36,0.029400000,3,
2026-10-01,GBU,OPT,GBUM8 C13650,2028-06-09,C,1.365,0.027600000,3,
2026-10-01,GBU,OPT,GBUM8 C13700,2028-06-09,C,1.37,0.025900000,3,
2026-10-01,GBU,OPT,GBUM8 C13750,2028-06-09,C,1.375,0.024200000,3,
2026-10-01,GBU,OPT,GBUM8 C13800,2028-06-09,C,1.38,0.022700000,3,
2026-10-01,GBU,OPT,GBUM8 C13850,2028-06-09,C,1.385,0.021300000,3,
2026-10-01,GBU,OPT,GBUM8 C13900,2028-06-09,C,1.39,0.019900000,3,
2026-10-01,GBU,OPT,GBUM8 C13950,2028-06-09,C,1.395,0.018600000,3,
2026-10-01,GBU,OPT,GBUM8 C14000,2028-06-09,C,1.4,0.017400000,3,
2026-10-01,GBU,OPT,GBUM8 C14050,2028-06-09,C,1.405,0.016300000,3,
2026-10-01,GBU,OPT,GBUM8 C14100,2028-06-09,C,1.41,0.015200000,3,
2026-10-01,GBU,OPT,GBUM8 C14200,2028-06-09,C,1.42,0.013300000,3,
2026-10-01,GBU,OPT,GBUM8 C14300,2028-06-09,C,1.43,0.011700000,3,
2026-10-01,GBU,OPT,GBUM8 C14400,2028-06-09,C,1.44,0.010200000,3,
2026-10-01,GBU,OPT,GBUM8 C14500,2028-06-09,C,1.45,0.008900000,3,
2026-10-01,GBU,OPT,GBUM8 C14600,2028-06-09,C,1.46,0.007800000,3,
2026-10-01,GBU,OPT,GBUM8 C14700,2028-06-09,C,1.47,0.006800000,3,
2026-10-01,GBU,OPT,GBUM8 C14800,2028-06-09,C,1.48,0.005900000,3,
2026-10-01,GBU,OPT,GBUM8 C14900,2028-06-09,C,1.49,0.005200000,3,
2026-10-01,GBU,OPT,GBUM8 C15000,2028-06-09,C,1.5,0.004600000,3,
2026-10-01,GBU,OPT,GBUM8 C15100,2028-06-09,C,1.51,0.004100000,3,
2026-10-01,GBU,OPT,GBUM8 C15200,2028-06-09,C,1.52,0.003700000,3,
2026-10-01,GBU,OPT,GBUM8 C15300,2028-06-09,C,1.53,0.003200000,3,
2026-10-01,GBU,OPT,GBUM8 C15400,2028-06-09,C,1.54,0.002900000,3,
2026-10-01,GBU,OPT,GBUM8 C15500,2028-06-09,C,1.55,0.002600000,3,
2026-10-01,GBU,OPT,GBUM8 C15600,2028-06-09,C,1.56,0.002300000,3,
2026-10-01,GBU,OPT,GBUM8 P11200,2028-06-09,P,1.12,0.008500000,3,
2026-10-01,GBU,OPT,GBUM8 P11300,2028-06-09,P,1.13,0.009200000,3,
2026-10-01,GBU,OPT,GBUM8 P11400,2028-06-09,P,1.14,0.010000000,3,
2026-10-01,GBU,OPT,GBUM8 P11500,2028-06-09,P,1.15,0.010900000,3,
2026-10-01,GBU,OPT,GBUM8 P11600,2028-06-09,P,1.16,0.011900000,3,
2026-10-01,GBU,OPT,GBUM8 P11700,2028-06-09,P,1.17,0.013000000,3,
2026-10-01,GBU,OPT,GBUM8 P11800,2028-06-09,P,1.18,0.014100000,3,
2026-10-01,GBU,OPT,GBUM8 P11900,2028-06-09,P,1.19,0.015400000,3,
2026-10-01,GBU,OPT,GBUM8 P12000,2028-06-09,P,1.2,0.016700000,3,
2026-10-01,GBU,OPT,GBUM8 P12100,2028-06-09,P,1.21,0.018200000,3,
2026-10-01,GBU,OPT,GBUM8 P12200,2028-06-09,P,1.22,0.019700000,3,
2026-10-01,GBU,OPT,GBUM8 P12300,2028-06-09,P,1.23,0.021500000,3,
2026-10-01,GBU,OPT,GBUM8 P12400,2028-06-09,P,1.24,0.023400000,3,
2026-10-01,GBU,OPT,GBUM8 P12500,2028-06-09,P,1.25,0.025400000,3,
2026-10-01,GBU,OPT,GBUM8 P12600,2028-06-09,P,1.26,0.027700000,3,
2026-10-01,GBU,OPT,GBUM8 P12650,2028-06-09,P,1.265,0.028900000,3,
2026-10-01,GBU,OPT,GBUM8 P12700,2028-06-09,P,1.27,0.030200000,3,
2026-10-01,GBU,OPT,GBUM8 P12750,2028-06-09,P,1.275,0.031600000,3,
2026-10-01,GBU,OPT,GBUM8 P12800,2028-06-09,P,1.28,0.033000000,3,
2026-10-01,GBU,OPT,GBUM8 P12850,2028-06-09,P,1.285,0.034400000,3,
2026-10-01,GBU,OPT,GBUM8 P12900,2028-06-09,P,1.29,0.035900000,3,
2026-10-01,GBU,OPT,GBUM8 P12950,2028-06-09,P,1.295,0.037500000,3,
2026-10-01,GBU,OPT,GBUM8 P13000,2028-06-09,P,1.3,0.039200000,3,
2026-10-01,GBU,OPT,GBUM8 P13050,2028-06-09,P,1.305,0.040900000,3,
2026-10-01,GBU,OPT,GBUM8 P13100,2028-06-09,P,1.31,0.042600000,3,
2026-10-01,GBU,OPT,GBUM8 P13150,2028-06-09,P,1.315,0.044500000,3,
2026-10-01,GBU,OPT,GBUM8 P13200,2028-06-09,P,1.32,0.046500000,3,
2026-10-01,GBU,OPT,GBUM8 P13250,2028-06-09,P,1.325,0.048500000,3,
2026-10-01,GBU,OPT,GBUM8 P13300,2028-06-09,P,1.33,0.050600000,3,
2026-10-01,GBU,OPT,GBUM8 P13350,2028-06-09,P,1.335,0.052800000,3,
2026-10-01,GBU,OPT,GBUM8 P13400,2028-06-09,P,1.34,0.055100000,3,
2026-10-01,GBU,OPT,GBUM8 P13450,2028-06-09,P,1.345,0.057600000,3,
2026-10-01,GBU,OPT,GBUM8 P13500,2028-06-09,P,1.35,0.060100000,3,
2026-10-01,GBU,OPT,GBUM8 P13550,2028-06-09,P,1.355,0.062700000,3,
2026-10-01,GBU,OPT,GBUM8 P13600,2028-06-09,P,1.36,0.065400000,3,
2026-10-01,GBU,OPT,GBUM8 P13650,2028-06-09,P,1.365,0.068200000,3,
2026-10-01,GBU,OPT,GBUM8 P13700,2028-06-09,P,1.37,0.071100000,3,
2026-10-01,GBU,OPT,GBUM8 P13750,2028-06-09,P,1.375,0.074100000,3,
2026-10-01,GBU,OPT,GBUM8 P13800,2028-06-09,P,1.38,0.077200000,3,
2026-10-01,GBU,OPT,GBUM8 P13850,2028-06-09,P,1.385,0.080400000,3,
2026-10-01,GBU,OPT,GBUM8 P13900,2028-06-09,P,1.39,0.083600000,3,
2026-10-01,GBU,OPT,GBUM8 P13950,2028-06-09,P,1.395,0.087000000,3,
2026-10-01,GBU,OPT,GBUM8 P14000,2028-06-09,P,1.4,0.090400000,3,
2026-10-01,GBU,OPT,GBUM8 P14050,2028-06-09,P,1.405,0.093900000,3,
2026-10-01,GBU,OPT,GBUM8 P14100,2028-06-09,P,1.41,0.097500000,3,
2026-10-01,GBU,OPT,GBUM8 P14200,2028-06-09,P,1.42,0.104800000,3,
2026-10-01,GBU,OPT,GBUM8 P14300,2028-06-09,P,1.43,0.112400000,3,
2026-10-01,GBU,OPT,GBUM8 P14400,2028-06-09,P,1.44,0.120200000,3,
2026-10-01,GBU,OPT,GBUM8 P14500,2028-06-09,P,1.45,0.128200000,3,
2026-10-01,GBU,OPT,GBUM8 P14600,2028-06-09,P,1.46,0.136300000,3,
2026-10-01,GBU,OPT,GBUM8 P14700,2028-06-09,P,1.47,0.144600000,3,
2026-10-01,GBU,OPT,GBUM8 P14800,2028-06-09,P,1.48,0.152900000,3,
2026-10-01,GBU,OPT,GBUM8 P14900,2028-06-09,P,1.49,0.161500000,3,
2026-10-01,GBU,OPT,GBUM8 P15000,2028-06-09,P,1.5,0.170100000,3,
2026-10-01,GBU,OPT,GBUM8 P15100,2028-06-09,P,1.51,0.178900000,3,
2026-10-01,GBU,OPT,GBUM8 P15200,2028-06-09,P,1.52,0.187700000,3,
2026-10-01,GBU,OPT,GBUM8 P15300,2028-06-09,P,1.53,0.196500000,3,
2026-10-01,GBU,OPT,GBUM8 P15400,2028-06-09,P,1.54,0.205400000,3,
2026-10-01,GBU,OPT,GBUM8 P15500,2028-06-09,P,1.55,0.214300000,3,
2026-10-01,GBU,OPT,GBUM8 P15600,2028-06-09,P,1.56,0.223300000,3,
2026-10-01,GBU,OPT,GBUU8 C11200,2028-09-08,C,1.12,0.000000000,1,
2026-10-01,GBU,OPT,GBUU8 C11300,2028-09-08,C,1.13,0.186400000,3,
2026-10-01,GBU,OPT,GBUU8 C11400,2028-09-08,C,1.14,0.178200000,3,
2026-10-01,GBU,OPT,GBUU8 C11500,2028-09-08,C,1.15,0.170000000,3,
2026-10-01,GBU,OPT,GBUU8 C11600,2028-09-08,C,1.16,0.161900000,3,
2026-10-01,GBU,OPT,GBUU8 C11700,2028-09-08,C,1.17,0.153800000,3,
2026-10-01,GBU,OPT,GBUU8 C11800,2028-09-08,C,1.18,0.145900000,3,
2026-10-01,GBU,OPT,GBUU8 C11900,2028-09-08,C,1.19,0.138000000,3,
2026-10-01,GBU,OPT,GBUU8 C12000,2028-09-08,C,1.2,0.130300000,3,
2026-10-01,GBU,OPT,GBUU8 C12100,2028-09-08,C,1.21,0.122600000,3,
2026-10-01,GBU,OPT,GBUU8 C12200,2028-09-08,C,1.22,0.115100000,3,
2026-10-01,GBU,OPT,GBUU8 C12300,2028-09-08,C,1.23,0.107700000,3,
2026-10-01,GBU,OPT,GBUU8 C12400,2028-09-08,C,1.24,0.100500000,3,
2026-10-01,GBU,OPT,GBUU8 C12500,2028-09-08,C,1.25,0.093500000,3,
2026-10-01,GBU,OPT,GBUU8 C12600,2028-09-08,C,1.26,0.086600000,3,
2026-10-01,GBU,OPT,GBUU8 C12700,2028-09-08,C,1.27,0.080000000,3,
2026-10-01,GBU,OPT,GBUU8 C12750,2028-09-08,C,1.275,0.076800000,3,
2026-10-01,GBU,OPT,GBUU8 C12800,2028-09-08,C,1.28,0.073600000,3,
2026-10-01,GBU,OPT,GBUU8 C12850,2028-09-08,C,1.285,0.070500000,3,
2026-10-01,GBU,OPT,GBUU8 C12900,2028-09-08,C,1.29,0.067400000,3,
2026-10-01,GBU,OPT,GBUU8 C12950,2028-09-08,C,1.295,0.064400000,3,
2026-10-01,GBU,OPT,GBUU8 C13000,2028-09-08,C,1.3,0.061400000,3,
2026-10-01,GBU,OPT,GBUU8 C13050,2028-09-08,C,1.305,0.058500000,3,
2026-10-01,GBU,OPT,GBUU8 C13100,2028-09-08,C,1.31,0.055700000,3,
2026-10-01,GBU,OPT,GBUU8 C13150,2028-09-08,C,1.315,0.053000000,3,
2026-10-01,GBU,OPT,GBUU8 C13200,2028-09-08,C,1.32,0.050300000,3,
2026-10-01,GBU,OPT,GBUU8 C13250,2028-09-08,C,1.325,0.047700000,3,
2026-10-01,GBU,OPT,GBUU8 C13300,2028-09-08,C,1.33,0.045200000,3,
2026-10-01,GBU,OPT,GBUU8 C13350,2028-09-08,C,1.335,0.042800000,3,
2026-10-01,GBU,OPT,GBUU8 C13400,2028-09-08,C,1.34,0.040500000,3,
2026-10-01,GBU,OPT,GBUU8 C13450,2028-09-08,C,1.345,0.038300000,3,
2026-10-01,GBU,OPT,GBUU8 C13500,2028-09-08,C,1.35,0.036100000,3,
2026-10-01,GBU,OPT,GBUU8 C13550,2028-09-08,C,1.355,0.034100000,3,
2026-10-01,GBU,OPT,GBUU8 C13600,2028-09-08,C,1.36,0.032200000,3,
2026-10-01,GBU,OPT,GBUU8 C13650,2028-09-08,C,1.365,0.030300000,3,
2026-10-01,GBU,OPT,GBUU8 C13700,2028-09-08,C,1.37,0.028500000,3,
2026-10-01,GBU,OPT,GBUU8 C13750,2028-09-08,C,1.375,0.026900000,3,
2026-10-01,GBU,OPT,GBUU8 C13800,2028-09-08,C,1.38,0.025300000,3,
2026-10-01,GBU,OPT,GBUU8 C13850,2028-09-08,C,1.385,0.023800000,3,
2026-10-01,GBU,OPT,GBUU8 C13900,2028-09-08,C,1.39,0.022400000,3,
2026-10-01,GBU,OPT,GBUU8 C13950,2028-09-08,C,1.395,0.021100000,3,
2026-10-01,GBU,OPT,GBUU8 C14000,2028-09-08,C,1.4,0.019900000,3,
2026-10-01,GBU,OPT,GBUU8 C14100,2028-09-08,C,1.41,0.017600000,3,
2026-10-01,GBU,OPT,GBUU8 C14200,2028-09-08,C,1.42,0.015500000,3,
2026-10-01,GBU,OPT,GBUU8 C14300,2028-09-08,C,1.43,0.013800000,3,
2026-10-01,GBU,OPT,GBUU8 C14400,2028-09-08,C,1.44,0.012200000,3,
2026-10-01,GBU,OPT,GBUU8 C14500,2028-09-08,C,1.45,0.010800000,3,
2026-10-01,GBU,OPT,GBUU8 C14600,2028-09-08,C,1.46,0.009500000,3,
2026-10-01,GBU,OPT,GBUU8 C14700,2028-09-08,C,1.47,0.008500000,3,
2026-10-01,GBU,OPT,GBUU8 C14800,2028-09-08,C,1.48,0.007500000,3,
2026-10-01,GBU,OPT,GBUU8 C14900,2028-09-08,C,1.49,0.006600000,3,
2026-10-01,GBU,OPT,GBUU8 C15000,2028-09-08,C,1.5,0.005800000,3,
2026-10-01,GBU,OPT,GBUU8 C15100,2028-09-08,C,1.51,0.005100000,3,
2026-10-01,GBU,OPT,GBUU8 C15200,2028-09-08,C,1.52,0.004500000,3,
2026-10-01,GBU,OPT,GBUU8 C15300,2028-09-08,C,1.53,0.004000000,3,
2026-10-01,GBU,OPT,GBUU8 C15400,2028-09-08,C,1.54,0.003500000,3,
2026-10-01,GBU,OPT,GBUU8 C15500,2028-09-08,C,1.55,0.003100000,3,
2026-10-01,GBU,OPT,GBUU8 P11200,2028-09-08,P,1.12,0.000000000,1,
2026-10-01,GBU,OPT,GBUU8 P11300,2028-09-08,P,1.13,0.011600000,3,
2026-10-01,GBU,OPT,GBUU8 P11400,2028-09-08,P,1.14,0.012400000,3,
2026-10-01,GBU,OPT,GBUU8 P11500,2028-09-08,P,1.15,0.013400000,3,
2026-10-01,GBU,OPT,GBUU8 P11600,2028-09-08,P,1.16,0.014400000,3,
2026-10-01,GBU,OPT,GBUU8 P11700,2028-09-08,P,1.17,0.015500000,3,
2026-10-01,GBU,OPT,GBUU8 P11800,2028-09-08,P,1.18,0.016700000,3,
2026-10-01,GBU,OPT,GBUU8 P11900,2028-09-08,P,1.19,0.018000000,3,
2026-10-01,GBU,OPT,GBUU8 P12000,2028-09-08,P,1.2,0.019400000,3,
2026-10-01,GBU,OPT,GBUU8 P12100,2028-09-08,P,1.21,0.020900000,3,
2026-10-01,GBU,OPT,GBUU8 P12200,2028-09-08,P,1.22,0.022500000,3,
2026-10-01,GBU,OPT,GBUU8 P12300,2028-09-08,P,1.23,0.024300000,3,
2026-10-01,GBU,OPT,GBUU8 P12400,2028-09-08,P,1.24,0.026200000,3,
2026-10-01,GBU,OPT,GBUU8 P12500,2028-09-08,P,1.25,0.028300000,3,
2026-10-01,GBU,OPT,GBUU8 P12600,2028-09-08,P,1.26,0.030600000,3,
2026-10-01,GBU,OPT,GBUU8 P12700,2028-09-08,P,1.27,0.033100000,3,
2026-10-01,GBU,OPT,GBUU8 P12750,2028-09-08,P,1.275,0.034400000,3,
2026-10-01,GBU,OPT,GBUU8 P12800,2028-09-08,P,1.28,0.035800000,3,
2026-10-01,GBU,OPT,GBUU8 P12850,2028-09-08,P,1.285,0.037300000,3,
2026-10-01,GBU,OPT,GBUU8 P12900,2028-09-08,P,1.29,0.038800000,3,
2026-10-01,GBU,OPT,GBUU8 P12950,2028-09-08,P,1.295,0.040300000,3,
2026-10-01,GBU,OPT,GBUU8 P13000,2028-09-08,P,1.3,0.042000000,3,
2026-10-01,GBU,OPT,GBUU8 P13050,2028-09-08,P,1.305,0.043600000,3,
2026-10-01,GBU,OPT,GBUU8 P13100,2028-09-08,P,1.31,0.045400000,3,
2026-10-01,GBU,OPT,GBUU8 P13150,2028-09-08,P,1.315,0.047200000,3,
2026-10-01,GBU,OPT,GBUU8 P13200,2028-09-08,P,1.32,0.049100000,3,
2026-10-01,GBU,OPT,GBUU8 P13250,2028-09-08,P,1.325,0.051100000,3,
2026-10-01,GBU,OPT,GBUU8 P13300,2028-09-08,P,1.33,0.053200000,3,
2026-10-01,GBU,OPT,GBUU8 P13350,2028-09-08,P,1.335,0.055300000,3,
2026-10-01,GBU,OPT,GBUU8 P13400,2028-09-08,P,1.34,0.057600000,3,
2026-10-01,GBU,OPT,GBUU8 P13450,2028-09-08,P,1.345,0.059900000,3,
2026-10-01,GBU,OPT,GBUU8 P13500,2028-09-08,P,1.35,0.062400000,3,
2026-10-01,GBU,OPT,GBUU8 P13550,2028-09-08,P,1.355,0.064900000,3,
2026-10-01,GBU,OPT,GBUU8 P13600,2028-09-08,P,1.36,0.067500000,3,
2026-10-01,GBU,OPT,GBUU8 P13650,2028-09-08,P,1.365,0.070200000,3,
2026-10-01,GBU,OPT,GBUU8 P13700,2028-09-08,P,1.37,0.073100000,3,
2026-10-01,GBU,OPT,GBUU8 P13750,2028-09-08,P,1.375,0.076000000,3,
2026-10-01,GBU,OPT,GBUU8 P13800,2028-09-08,P,1.38,0.079000000,3,
2026-10-01,GBU,OPT,GBUU8 P13850,2028-09-08,P,1.385,0.082100000,3,
2026-10-01,GBU,OPT,GBUU8 P13900,2028-09-08,P,1.39,0.085200000,3,
2026-10-01,GBU,OPT,GBUU8 P13950,2028-09-08,P,1.395,0.088500000,3,
2026-10-01,GBU,OPT,GBUU8 P14000,2028-09-08,P,1.4,0.091800000,3,
2026-10-01,GBU,OPT,GBUU8 P14100,2028-09-08,P,1.41,0.098600000,3,
2026-10-01,GBU,OPT,GBUU8 P14200,2028-09-08,P,1.42,0.105800000,3,
2026-10-01,GBU,OPT,GBUU8 P14300,2028-09-08,P,1.43,0.113100000,3,
2026-10-01,GBU,OPT,GBUU8 P14400,2028-09-08,P,1.44,0.120700000,3,
2026-10-01,GBU,OPT,GBUU8 P14500,2028-09-08,P,1.45,0.128400000,3,
2026-10-01,GBU,OPT,GBUU8 P14600,2028-09-08,P,1.46,0.136300000,3,
2026-10-01,GBU,OPT,GBUU8 P14700,2028-09-08,P,1.47,0.144400000,3,
2026-10-01,GBU,OPT,GBUU8 P14800,2028-09-08,P,1.48,0.152500000,3,
2026-10-01,GBU,OPT,GBUU8 P14900,2028-09-08,P,1.49,0.160800000,3,
2026-10-01,GBU,OPT,GBUU8 P15000,2028-09-08,P,1.5,0.169200000,3,
2026-10-01,GBU,OPT,GBUU8 P15100,2028-09-08,P,1.51,0.177600000,3,
2026-10-01,GBU,OPT,GBUU8 P15200,2028-09-08,P,1.52,0.186200000,3,
2026-10-01,GBU,OPT,GBUU8 P15300,2028-09-08,P,1.53,0.194800000,3,
2026-10-01,GBU,OPT,GBUU8 P15400,2028-09-08,P,1.54,0.203400000,3,
2026-10-01,GBU,OPT,GBUU8 P15500,2028-09-08,P,1.55,0.212100000,3,
