session,root,type,symbol,expiry,right,strike,settle,settle_flag,oi
2026-08-21,EUU,OPT,EUUU6 C0910,2026-09-04,C,0.91,0.258900000,3,
2026-08-21,EUU,OPT,EUUU6 C0920,2026-09-04,C,0.92,0.249000000,3,
2026-08-21,EUU,OPT,EUUU6 C0930,2026-09-04,C,0.93,0.239000000,3,
2026-08-21,EUU,OPT,EUUU6 C0940,2026-09-04,C,0.94,0.229000000,3,
2026-08-21,EUU,OPT,EUUU6 C0950,2026-09-04,C,0.95,0.219000000,3,
2026-08-21,EUU,OPT,EUUU6 C0960,2026-09-04,C,0.96,0.209000000,3,
2026-08-21,EUU,OPT,EUUU6 C0970,2026-09-04,C,0.97,0.199000000,3,
2026-08-21,EUU,OPT,EUUU6 C0980,2026-09-04,C,0.98,0.189000000,3,
2026-08-21,EUU,OPT,EUUU6 C0990,2026-09-04,C,0.99,0.179100000,3,
2026-08-21,EUU,OPT,EUUU6 C1000,2026-09-04,C,1,0.169100000,3,
2026-08-21,EUU,OPT,EUUU6 C1005,2026-09-04,C,1.005,0.164100000,3,
2026-08-21,EUU,OPT,EUUU6 C1010,2026-09-04,C,1.01,0.159100000,3,
2026-08-21,EUU,OPT,EUUU6 C1015,2026-09-04,C,1.015,0.154100000,3,
2026-08-21,EUU,OPT,EUUU6 C1020,2026-09-04,C,1.02,0.149100000,3,
2026-08-21,EUU,OPT,EUUU6 C1025,2026-09-04,C,1.025,0.144100000,3,
2026-08-21,EUU,OPT,EUUU6 C1030,2026-09-04,C,1.03,0.139100000,3,
2026-08-21,EUU,OPT,EUUU6 C1035,2026-09-04,C,1.035,0.134100000,3,
2026-08-21,EUU,OPT,EUUU6 C1040,2026-09-04,C,1.04,0.129100000,3,
2026-08-21,EUU,OPT,EUUU6 C1045,2026-09-04,C,1.045,0.124100000,3,
2026-08-21,EUU,OPT,EUUU6 C1050,2026-09-04,C,1.05,0.119100000,3,
2026-08-21,EUU,OPT,EUUU6 C1055,2026-09-04,C,1.055,0.114100000,3,1
2026-08-21,EUU,OPT,EUUU6 C1060,2026-09-04,C,1.06,0.109100000,3,
2026-08-21,EUU,OPT,EUUU6 C1065,2026-09-04,C,1.065,0.104200000,3,
2026-08-21,EUU,OPT,EUUU6 C1070,2026-09-04,C,1.07,0.099200000,3,
2026-08-21,EUU,OPT,EUUU6 C1075,2026-09-04,C,1.075,0.094200000,3,
2026-08-21,EUU,OPT,EUUU6 C1080,2026-09-04,C,1.08,0.089200000,3,4
2026-08-21,EUU,OPT,EUUU6 C1085,2026-09-04,C,1.085,0.084200000,3,
2026-08-21,EUU,OPT,EUUU6 C1090,2026-09-04,C,1.09,0.079200000,3,3
2026-08-21,EUU,OPT,EUUU6 C1095,2026-09-04,C,1.095,0.074200000,3,2
2026-08-21,EUU,OPT,EUUU6 C1100,2026-09-04,C,1.1,0.069200000,3,
2026-08-21,EUU,OPT,EUUU6 C1105,2026-09-04,C,1.105,0.064200000,3,
2026-08-21,EUU,OPT,EUUU6 C1110,2026-09-04,C,1.11,0.059200000,3,
2026-08-21,EUU,OPT,EUUU6 C1115,2026-09-04,C,1.115,0.054200000,3,
2026-08-21,EUU,OPT,EUUU6 C1120,2026-09-04,C,1.12,0.049200000,3,22
2026-08-21,EUU,OPT,EUUU6 C1125,2026-09-04,C,1.125,0.044200000,3,8
2026-08-21,EUU,OPT,EUUU6 C1130,2026-09-04,C,1.13,0.039300000,3,51
2026-08-21,EUU,OPT,EUUU6 C1132,2026-09-04,C,1.1325,0.036800000,3,
2026-08-21,EUU,OPT,EUUU6 C1135,2026-09-04,C,1.135,0.034300000,3,86
2026-08-21,EUU,OPT,EUUU6 C1137,2026-09-04,C,1.1375,0.031800000,3,
2026-08-21,EUU,OPT,EUUU6 C1140,2026-09-04,C,1.14,0.029300000,3,1321
2026-08-21,EUU,OPT,EUUU6 C1142,2026-09-04,C,1.1425,0.026900000,3,
2026-08-21,EUU,OPT,EUUU6 C1145,2026-09-04,C,1.145,0.024400000,3,1055
2026-08-21,EUU,OPT,EUUU6 C1147,2026-09-04,C,1.1475,0.022000000,3,
2026-08-21,EUU,OPT,EUUU6 C1150,2026-09-04,C,1.15,0.019600000,3,4671
2026-08-21,EUU,OPT,EUUU6 C1152,2026-09-04,C,1.1525,0.017300000,3,13
2026-08-21,EUU,OPT,EUUU6 C1155,2026-09-04,C,1.155,0.015000000,3,1812
2026-08-21,EUU,OPT,EUUU6 C1157,2026-09-04,C,1.1575,0.012700000,3,64
2026-08-21,EUU,OPT,EUUU6 C1160,2026-09-04,C,1.16,0.010700000,3,4509
2026-08-21,EUU,OPT,EUUU6 C1162,2026-09-04,C,1.1625,0.008800000,3,103
2026-08-21,EUU,OPT,EUUU6 C1165,2026-09-04,C,1.165,0.007100000,3,7979
2026-08-21,EUU,OPT,EUUU6 C1167,2026-09-04,C,1.1675,0.005600000,3,514
2026-08-21,EUU,OPT,EUUU6 C1170,2026-09-04,C,1.17,0.004400000,3,6376
2026-08-21,EUU,OPT,EUUU6 C1172,2026-09-04,C,1.1725,0.003400000,3,1289
2026-08-21,EUU,OPT,EUUU6 C1175,2026-09-04,C,1.175,0.002600000,3,3958
2026-08-21,EUU,OPT,EUUU6 C1177,2026-09-04,C,1.1775,0.001900000,3,393
2026-08-21,EUU,OPT,EUUU6 C1180,2026-09-04,C,1.18,0.001500000,3,19712
2026-08-21,EUU,OPT,EUUU6 C1182,2026-09-04,C,1.1825,0.001100000,3,429
2026-08-21,EUU,OPT,EUUU6 C1185,2026-09-04,C,1.185,0.000800000,3,3427
2026-08-21,EUU,OPT,EUUU6 C1187,2026-09-04,C,1.1875,0.000600000,3,138
2026-08-21,EUU,OPT,EUUU6 C1190,2026-09-04,C,1.19,0.000500000,3,1527
2026-08-21,EUU,OPT,EUUU6 C1195,2026-09-04,C,1.195,0.000300000,3,1512
2026-08-21,EUU,OPT,EUUU6 C1200,2026-09-04,C,1.2,0.000200000,3,7908
2026-08-21,EUU,OPT,EUUU6 C1205,2026-09-04,C,1.205,0.000100000,3,620
2026-08-21,EUU,OPT,EUUU6 C1210,2026-09-04,C,1.21,0.000050000,3,651
2026-08-21,EUU,OPT,EUUU6 C1215,2026-09-04,C,1.215,0.000050000,3,261
2026-08-21,EUU,OPT,EUUU6 C1220,2026-09-04,C,1.22,0.000050000,3,1344
2026-08-21,EUU,OPT,EUUU6 C1225,2026-09-04,C,1.225,0.000050000,3,254
2026-08-21,EUU,OPT,EUUU6 C1230,2026-09-04,C,1.23,0.000050000,3,426
2026-08-21,EUU,OPT,EUUU6 C1235,2026-09-04,C,1.235,0.000050000,3,71
2026-08-21,EUU,OPT,EUUU6 C1240,2026-09-04,C,1.24,0.000050000,3,456
2026-08-21,EUU,OPT,EUUU6 C1245,2026-09-04,C,1.245,0.000050000,3,58
2026-08-21,EUU,OPT,EUUU6 C1250,2026-09-04,C,1.25,0.000050000,3,292
2026-08-21,EUU,OPT,EUUU6 C1255,2026-09-04,C,1.255,0.000050000,3,71
2026-08-21,EUU,OPT,EUUU6 C1260,2026-09-04,C,1.26,0.000050000,3,169
2026-08-21,EUU,OPT,EUUU6 C1270,2026-09-04,C,1.27,0.000050000,3,95
2026-08-21,EUU,OPT,EUUU6 C1280,2026-09-04,C,1.28,0.000050000,3,182
2026-08-21,EUU,OPT,EUUU6 C1290,2026-09-04,C,1.29,0.000050000,3,357
2026-08-21,EUU,OPT,EUUU6 C1300,2026-09-04,C,1.3,0.000050000,3,745
2026-08-21,EUU,OPT,EUUU6 C1310,2026-09-04,C,1.31,0.000050000,3,55
2026-08-21,EUU,OPT,EUUU6 C1320,2026-09-04,C,1.32,0.000050000,3,38
2026-08-21,EUU,OPT,EUUU6 C1330,2026-09-04,C,1.33,0.000050000,3,21
2026-08-21,EUU,OPT,EUUU6 C1340,2026-09-04,C,1.34,0.000050000,3,20
2026-08-21,EUU,OPT,EUUU6 C1350,2026-09-04,C,1.35,0.000050000,3,1026
2026-08-21,EUU,OPT,EUUU6 C1360,2026-09-04,C,1.36,0.000050000,3,244
2026-08-21,EUU,OPT,EUUU6 P0910,2026-09-04,P,0.91,0.000050000,3,5
2026-08-21,EUU,OPT,EUUU6 P0920,2026-09-04,P,0.92,0.000050000,3,
2026-08-21,EUU,OPT,EUUU6 P0930,2026-09-04,P,0.93,0.000050000,3,2
2026-08-21,EUU,OPT,EUUU6 P0940,2026-09-04,P,0.94,0.000050000,3,
2026-08-21,EUU,OPT,EUUU6 P0950,2026-09-04,P,0.95,0.000050000,3,267
2026-08-21,EUU,OPT,EUUU6 P0960,2026-09-04,P,0.96,0.000050000,3,
2026-08-21,EUU,OPT,EUUU6 P0970,2026-09-04,P,0.97,0.000050000,3,
2026-08-21,EUU,OPT,EUUU6 P0980,2026-09-04,P,0.98,0.000050000,3,
2026-08-21,EUU,OPT,EUUU6 P0990,2026-09-04,P,0.99,0.000050000,3,97
2026-08-21,EUU,OPT,EUUU6 P1000,2026-09-04,P,1,0.000050000,3,255
2026-08-21,EUU,OPT,EUUU6 P1005,2026-09-04,P,1.005,0.000050000,3,
2026-08-21,EUU,OPT,EUUU6 P1010,2026-09-04,P,1.01,0.000050000,3,187
2026-08-21,EUU,OPT,EUUU6 P1015,2026-09-04,P,1.015,0.000050000,3,1
2026-08-21,EUU,OPT,EUUU6 P1020,2026-09-04,P,1.02,0.000050000,3,76
2026-08-21,EUU,OPT,EUUU6 P1025,2026-09-04,P,1.025,0.000050000,3,21
2026-08-21,EUU,OPT,EUUU6 P1030,2026-09-04,P,1.03,0.000050000,3,26
2026-08-21,EUU,OPT,EUUU6 P1035,2026-09-04,P,1.035,0.000050000,3,18
2026-08-21,EUU,OPT,EUUU6 P1040,2026-09-04,P,1.04,0.000050000,3,164
2026-08-21,EUU,OPT,EUUU6 P1045,2026-09-04,P,1.045,0.000050000,3,55
2026-08-21,EUU,OPT,EUUU6 P1050,2026-09-04,P,1.05,0.000050000,3,217
2026-08-21,EUU,OPT,EUUU6 P1055,2026-09-04,P,1.055,0.000050000,3,84
2026-08-21,EUU,OPT,EUUU6 P1060,2026-09-04,P,1.06,0.000050000,3,119
2026-08-21,EUU,OPT,EUUU6 P1065,2026-09-04,P,1.065,0.000050000,3,171
2026-08-21,EUU,OPT,EUUU6 P1070,2026-09-04,P,1.07,0.000050000,3,196
2026-08-21,EUU,OPT,EUUU6 P1075,2026-09-04,P,1.075,0.000050000,3,125
2026-08-21,EUU,OPT,EUUU6 P1080,2026-09-04,P,1.08,0.000050000,3,469
2026-08-21,EUU,OPT,EUUU6 P1085,2026-09-04,P,1.085,0.000050000,3,27
2026-08-21,EUU,OPT,EUUU6 P1090,2026-09-04,P,1.09,0.000050000,3,341
2026-08-21,EUU,OPT,EUUU6 P1095,2026-09-04,P,1.095,0.000050000,3,72
2026-08-21,EUU,OPT,EUUU6 P1100,2026-09-04,P,1.1,0.000050000,3,2171
2026-08-21,EUU,OPT,EUUU6 P1105,2026-09-04,P,1.105,0.000050000,3,196
2026-08-21,EUU,OPT,EUUU6 P1110,2026-09-04,P,1.11,0.000050000,3,566
2026-08-21,EUU,OPT,EUUU6 P1115,2026-09-04,P,1.115,0.000050000,3,658
2026-08-21,EUU,OPT,EUUU6 P1120,2026-09-04,P,1.12,0.000050000,3,1686
2026-08-21,EUU,OPT,EUUU6 P1125,2026-09-04,P,1.125,0.000050000,3,4317
2026-08-21,EUU,OPT,EUUU6 P1130,2026-09-04,P,1.13,0.000050000,3,5282
2026-08-21,EUU,OPT,EUUU6 P1132,2026-09-04,P,1.1325,0.000050000,3,306
2026-08-21,EUU,OPT,EUUU6 P1135,2026-09-04,P,1.135,0.000100000,3,3398
2026-08-21,EUU,OPT,EUUU6 P1137,2026-09-04,P,1.1375,0.000100000,3,15
2026-08-21,EUU,OPT,EUUU6 P1140,2026-09-04,P,1.14,0.000100000,3,5676
2026-08-21,EUU,OPT,EUUU6 P1142,2026-09-04,P,1.1425,0.000100000,3,618
2026-08-21,EUU,OPT,EUUU6 P1145,2026-09-04,P,1.145,0.000150000,3,3415
2026-08-21,EUU,OPT,EUUU6 P1147,2026-09-04,P,1.1475,0.000250000,3,642
2026-08-21,EUU,OPT,EUUU6 P1150,2026-09-04,P,1.15,0.000350000,3,5086
2026-08-21,EUU,OPT,EUUU6 P1152,2026-09-04,P,1.1525,0.000500000,3,658
2026-08-21,EUU,OPT,EUUU6 P1155,2026-09-04,P,1.155,0.000700000,3,1938
2026-08-21,EUU,OPT,EUUU6 P1157,2026-09-04,P,1.1575,0.001000000,3,946
2026-08-21,EUU,OPT,EUUU6 P1160,2026-09-04,P,1.16,0.001400000,3,1722
2026-08-21,EUU,OPT,EUUU6 P1162,2026-09-04,P,1.1625,0.002000000,3,688
2026-08-21,EUU,OPT,EUUU6 P1165,2026-09-04,P,1.165,0.002800000,3,2113
2026-08-21,EUU,OPT,EUUU6 P1167,2026-09-04,P,1.1675,0.003800000,3,347
2026-08-21,EUU,OPT,EUUU6 P1170,2026-09-04,P,1.17,0.005100000,3,7452
2026-08-21,EUU,OPT,EUUU6 P1172,2026-09-04,P,1.1725,0.006600000,3,3
2026-08-21,EUU,OPT,EUUU6 P1175,2026-09-04,P,1.175,0.008300000,3,3754
2026-08-21,EUU,OPT,EUUU6 P1177,2026-09-04,P,1.1775,0.010100000,3,
2026-08-21,EUU,OPT,EUUU6 P1180,2026-09-04,P,1.18,0.012100000,3,2190
2026-08-21,EUU,OPT,EUUU6 P1182,2026-09-04,P,1.1825,0.014300000,3,
2026-08-21,EUU,OPT,EUUU6 P1185,2026-09-04,P,1.185,0.016500000,3,332
2026-08-21,EUU,OPT,EUUU6 P1187,2026-09-04,P,1.1875,0.018800000,3,
2026-08-21,EUU,OPT,EUUU6 P1190,2026-09-04,P,1.19,0.021200000,3,32
2026-08-21,EUU,OPT,EUUU6 P1195,2026-09-04,P,1.195,0.026000000,3,79
2026-08-21,EUU,OPT,EUUU6 P1200,2026-09-04,P,1.2,0.030800000,3,8
2026-08-21,EUU,OPT,EUUU6 P1205,2026-09-04,P,1.205,0.035700000,3,14
2026-08-21,EUU,OPT,EUUU6 P1210,2026-09-04,P,1.21,0.040700000,3,2
2026-08-21,EUU,OPT,EUUU6 P1215,2026-09-04,P,1.215,0.045600000,3,
2026-08-21,EUU,OPT,EUUU6 P1220,2026-09-04,P,1.22,0.050600000,3,
2026-08-21,EUU,OPT,EUUU6 P1225,2026-09-04,P,1.225,0.055600000,3,
2026-08-21,EUU,OPT,EUUU6 P1230,2026-09-04,P,1.23,0.060600000,3,
2026-08-21,EUU,OPT,EUUU6 P1235,2026-09-04,P,1.235,0.065600000,3,
2026-08-21,EUU,OPT,EUUU6 P1240,2026-09-04,P,1.24,0.070600000,3,
2026-08-21,EUU,OPT,EUUU6 P1245,2026-09-04,P,1.245,0.075600000,3,
2026-08-21,EUU,OPT,EUUU6 P1250,2026-09-04,P,1.25,0.080600000,3,
2026-08-21,EUU,OPT,EUUU6 P1255,2026-09-04,P,1.255,0.085600000,3,
2026-08-21,EUU,OPT,EUUU6 P1260,2026-09-04,P,1.26,0.090600000,3,1
2026-08-21,EUU,OPT,EUUU6 P1270,2026-09-04,P,1.27,0.100600000,3,
2026-08-21,EUU,OPT,EUUU6 P1280,2026-09-04,P,1.28,0.110500000,3,
2026-08-21,EUU,OPT,EUUU6 P1290,2026-09-04,P,1.29,0.120500000,3,
2026-08-21,EUU,OPT,EUUU6 P1300,2026-09-04,P,1.3,0.130500000,3,
2026-08-21,EUU,OPT,EUUU6 P1310,2026-09-04,P,1.31,0.140500000,3,20
2026-08-21,EUU,OPT,EUUU6 P1320,2026-09-04,P,1.32,0.150500000,3,40
2026-08-21,EUU,OPT,EUUU6 P1330,2026-09-04,P,1.33,0.160500000,3,
2026-08-21,EUU,OPT,EUUU6 P1340,2026-09-04,P,1.34,0.170500000,3,
2026-08-21,EUU,OPT,EUUU6 P1350,2026-09-04,P,1.35,0.180400000,3,
2026-08-21,EUU,OPT,EUUU6 P1360,2026-09-04,P,1.36,0.190400000,3,
2026-08-21,EUU,OPT,EUUV6 C1000,2026-10-09,C,1,0.172400000,3,
2026-08-21,EUU,OPT,EUUV6 C1010,2026-10-09,C,1.01,0.162400000,3,
2026-08-21,EUU,OPT,EUUV6 C1020,2026-10-09,C,1.02,0.152400000,3,
2026-08-21,EUU,OPT,EUUV6 C1030,2026-10-09,C,1.03,0.142500000,3,
2026-08-21,EUU,OPT,EUUV6 C1040,2026-10-09,C,1.04,0.132500000,3,
2026-08-21,EUU,OPT,EUUV6 C1050,2026-10-09,C,1.05,0.122600000,3,
2026-08-21,EUU,OPT,EUUV6 C1060,2026-10-09,C,1.06,0.112600000,3,1
2026-08-21,EUU,OPT,EUUV6 C1070,2026-10-09,C,1.07,0.102700000,3,1
2026-08-21,EUU,OPT,EUUV6 C1080,2026-10-09,C,1.08,0.092800000,3,
2026-08-21,EUU,OPT,EUUV6 C1090,2026-10-09,C,1.09,0.082900000,3,
2026-08-21,EUU,OPT,EUUV6 C1095,2026-10-09,C,1.095,0.077900000,3,
2026-08-21,EUU,OPT,EUUV6 C1100,2026-10-09,C,1.1,0.072900000,3,
2026-08-21,EUU,OPT,EUUV6 C1105,2026-10-09,C,1.105,0.068000000,3,
2026-08-21,EUU,OPT,EUUV6 C1110,2026-10-09,C,1.11,0.063000000,3,
2026-08-21,EUU,OPT,EUUV6 C1115,2026-10-09,C,1.115,0.058100000,3,
2026-08-21,EUU,OPT,EUUV6 C1120,2026-10-09,C,1.12,0.053200000,3,
2026-08-21,EUU,OPT,EUUV6 C1125,2026-10-09,C,1.125,0.048300000,3,52
2026-08-21,EUU,OPT,EUUV6 C1130,2026-10-09,C,1.13,0.043500000,3,3
2026-08-21,EUU,OPT,EUUV6 C1135,2026-10-09,C,1.135,0.038700000,3,160
2026-08-21,EUU,OPT,EUUV6 C1140,2026-10-09,C,1.14,0.034000000,3,73
2026-08-21,EUU,OPT,EUUV6 C1145,2026-10-09,C,1.145,0.029500000,3,1548
2026-08-21,EUU,OPT,EUUV6 C1150,2026-10-09,C,1.15,0.025100000,3,2185
2026-08-21,EUU,OPT,EUUV6 C1155,2026-10-09,C,1.155,0.021000000,3,2024
2026-08-21,EUU,OPT,EUUV6 C1160,2026-10-09,C,1.16,0.017200000,3,1015
2026-08-21,EUU,OPT,EUUV6 C1165,2026-10-09,C,1.165,0.013800000,3,882
2026-08-21,EUU,OPT,EUUV6 C1170,2026-10-09,C,1.17,0.010900000,3,2036
2026-08-21,EUU,OPT,EUUV6 C1175,2026-10-09,C,1.175,0.008400000,3,3836
2026-08-21,EUU,OPT,EUUV6 C1180,2026-10-09,C,1.18,0.006400000,3,649
2026-08-21,EUU,OPT,EUUV6 C1185,2026-10-09,C,1.185,0.004900000,3,1309
2026-08-21,EUU,OPT,EUUV6 C1190,2026-10-09,C,1.19,0.003700000,3,1854
2026-08-21,EUU,OPT,EUUV6 C1195,2026-10-09,C,1.195,0.002800000,3,1485
2026-08-21,EUU,OPT,EUUV6 C1200,2026-10-09,C,1.2,0.002100000,3,1290
2026-08-21,EUU,OPT,EUUV6 C1205,2026-10-09,C,1.205,0.001600000,3,627
2026-08-21,EUU,OPT,EUUV6 C1210,2026-10-09,C,1.21,0.001200000,3,311
2026-08-21,EUU,OPT,EUUV6 C1215,2026-10-09,C,1.215,0.001000000,3,329
2026-08-21,EUU,OPT,EUUV6 C1220,2026-10-09,C,1.22,0.000700000,3,308
2026-08-21,EUU,OPT,EUUV6 C1225,2026-10-09,C,1.225,0.000600000,3,153
2026-08-21,EUU,OPT,EUUV6 C1230,2026-10-09,C,1.23,0.000450000,3,64
2026-08-21,EUU,OPT,EUUV6 C1235,2026-10-09,C,1.235,0.000350000,3,1064
2026-08-21,EUU,OPT,EUUV6 C1240,2026-10-09,C,1.24,0.000300000,3,685
2026-08-21,EUU,OPT,EUUV6 C1245,2026-10-09,C,1.245,0.000250000,3,13
2026-08-21,EUU,OPT,EUUV6 C1250,2026-10-09,C,1.25,0.000200000,3,303
2026-08-21,EUU,OPT,EUUV6 C1255,2026-10-09,C,1.255,0.000200000,3,19
2026-08-21,EUU,OPT,EUUV6 C1260,2026-10-09,C,1.26,0.000150000,3,17
2026-08-21,EUU,OPT,EUUV6 C1265,2026-10-09,C,1.265,0.000150000,3,417
2026-08-21,EUU,OPT,EUUV6 C1270,2026-10-09,C,1.27,0.000100000,3,6
2026-08-21,EUU,OPT,EUUV6 C1280,2026-10-09,C,1.28,0.000050000,3,3
2026-08-21,EUU,OPT,EUUV6 C1290,2026-10-09,C,1.29,0.000050000,3,28
2026-08-21,EUU,OPT,EUUV6 C1300,2026-10-09,C,1.3,0.000050000,3,57
2026-08-21,EUU,OPT,EUUV6 C1310,2026-10-09,C,1.31,0.000050000,3,100
2026-08-21,EUU,OPT,EUUV6 C1320,2026-10-09,C,1.32,0.000050000,3,
2026-08-21,EUU,OPT,EUUV6 C1330,2026-10-09,C,1.33,0.000050000,3,7
2026-08-21,EUU,OPT,EUUV6 C1340,2026-10-09,C,1.34,0.000050000,3,1
2026-08-21,EUU,OPT,EUUV6 C1350,2026-10-09,C,1.35,0.000050000,3,23
2026-08-21,EUU,OPT,EUUV6 C1360,2026-10-09,C,1.36,0.000050000,3,19
2026-08-21,EUU,OPT,EUUV6 P1000,2026-10-09,P,1,0.000050000,3,
2026-08-21,EUU,OPT,EUUV6 P1010,2026-10-09,P,1.01,0.000050000,3,
2026-08-21,EUU,OPT,EUUV6 P1020,2026-10-09,P,1.02,0.000050000,3,59
2026-08-21,EUU,OPT,EUUV6 P1030,2026-10-09,P,1.03,0.000050000,3,3
2026-08-21,EUU,OPT,EUUV6 P1040,2026-10-09,P,1.04,0.000050000,3,28
2026-08-21,EUU,OPT,EUUV6 P1050,2026-10-09,P,1.05,0.000050000,3,20
2026-08-21,EUU,OPT,EUUV6 P1060,2026-10-09,P,1.06,0.000050000,3,92
2026-08-21,EUU,OPT,EUUV6 P1070,2026-10-09,P,1.07,0.000050000,3,104
2026-08-21,EUU,OPT,EUUV6 P1080,2026-10-09,P,1.08,0.000050000,3,61
2026-08-21,EUU,OPT,EUUV6 P1090,2026-10-09,P,1.09,0.000050000,3,57
2026-08-21,EUU,OPT,EUUV6 P1095,2026-10-09,P,1.095,0.000100000,3,22
2026-08-21,EUU,OPT,EUUV6 P1100,2026-10-09,P,1.1,0.000100000,3,762
2026-08-21,EUU,OPT,EUUV6 P1105,2026-10-09,P,1.105,0.000150000,3,1273
2026-08-21,EUU,OPT,EUUV6 P1110,2026-10-09,P,1.11,0.000150000,3,640
2026-08-21,EUU,OPT,EUUV6 P1115,2026-10-09,P,1.115,0.000200000,3,1583
2026-08-21,EUU,OPT,EUUV6 P1120,2026-10-09,P,1.12,0.000250000,3,969
2026-08-21,EUU,OPT,EUUV6 P1125,2026-10-09,P,1.125,0.000350000,3,779
2026-08-21,EUU,OPT,EUUV6 P1130,2026-10-09,P,1.13,0.000500000,3,2968
2026-08-21,EUU,OPT,EUUV6 P1135,2026-10-09,P,1.135,0.000700000,3,1350
2026-08-21,EUU,OPT,EUUV6 P1140,2026-10-09,P,1.14,0.001000000,3,2163
2026-08-21,EUU,OPT,EUUV6 P1145,2026-10-09,P,1.145,0.001400000,3,2385
2026-08-21,EUU,OPT,EUUV6 P1150,2026-10-09,P,1.15,0.002100000,3,2690
2026-08-21,EUU,OPT,EUUV6 P1155,2026-10-09,P,1.155,0.002900000,3,2204
2026-08-21,EUU,OPT,EUUV6 P1160,2026-10-09,P,1.16,0.004100000,3,1737
2026-08-21,EUU,OPT,EUUV6 P1165,2026-10-09,P,1.165,0.005600000,3,1642
2026-08-21,EUU,OPT,EUUV6 P1170,2026-10-09,P,1.17,0.007700000,3,1442
2026-08-21,EUU,OPT,EUUV6 P1175,2026-10-09,P,1.175,0.010200000,3,737
2026-08-21,EUU,OPT,EUUV6 P1180,2026-10-09,P,1.18,0.013200000,3,1466
2026-08-21,EUU,OPT,EUUV6 P1185,2026-10-09,P,1.185,0.016600000,3,167
2026-08-21,EUU,OPT,EUUV6 P1190,2026-10-09,P,1.19,0.020400000,3,768
2026-08-21,EUU,OPT,EUUV6 P1195,2026-10-09,P,1.195,0.024500000,3,284
2026-08-21,EUU,OPT,EUUV6 P1200,2026-10-09,P,1.2,0.028800000,3,1079
2026-08-21,EUU,OPT,EUUV6 P1205,2026-10-09,P,1.205,0.033200000,3,91
2026-08-21,EUU,OPT,EUUV6 P1210,2026-10-09,P,1.21,0.037800000,3,5
2026-08-21,EUU,OPT,EUUV6 P1215,2026-10-09,P,1.215,0.042500000,3,5
2026-08-21,EUU,OPT,EUUV6 P1220,2026-10-09,P,1.22,0.047300000,3,
2026-08-21,EUU,OPT,EUUV6 P1225,2026-10-09,P,1.225,0.052100000,3,
2026-08-21,EUU,OPT,EUUV6 P1230,2026-10-09,P,1.23,0.057000000,3,
2026-08-21,EUU,OPT,EUUV6 P1235,2026-10-09,P,1.235,0.061900000,3,
2026-08-21,EUU,OPT,EUUV6 P1240,2026-10-09,P,1.24,0.066800000,3,
2026-08-21,EUU,OPT,EUUV6 P1245,2026-10-09,P,1.245,0.071700000,3,
2026-08-21,EUU,OPT,EUUV6 P1250,2026-10-09,P,1.25,0.076600000,3,
2026-08-21,EUU,OPT,EUUV6 P1255,2026-10-09,P,1.255,0.081600000,3,
2026-08-21,EUU,OPT,EUUV6 P1260,2026-10-09,P,1.26,0.086500000,3,
2026-08-21,EUU,OPT,EUUV6 P1265,2026-10-09,P,1.265,0.091500000,3,
2026-08-21,EUU,OPT,EUUV6 P1270,2026-10-09,P,1.27,0.096400000,3,
2026-08-21,EUU,OPT,EUUV6 P1280,2026-10-09,P,1.28,0.106300000,3,
2026-08-21,EUU,OPT,EUUV6 P1290,2026-10-09,P,1.29,0.116200000,3,
2026-08-21,EUU,OPT,EUUV6 P1300,2026-10-09,P,1.3,0.126200000,3,
2026-08-21,EUU,OPT,EUUV6 P1310,2026-10-09,P,1.31,0.136100000,3,
2026-08-21,EUU,OPT,EUUV6 P1320,2026-10-09,P,1.32,0.146100000,3,
2026-08-21,EUU,OPT,EUUV6 P1330,2026-10-09,P,1.33,0.156000000,3,
2026-08-21,EUU,OPT,EUUV6 P1340,2026-10-09,P,1.34,0.166000000,3,
2026-08-21,EUU,OPT,EUUV6 P1350,2026-10-09,P,1.35,0.175900000,3,
2026-08-21,EUU,OPT,EUUV6 P1360,2026-10-09,P,1.36,0.185900000,3,
2026-08-21,EUU,OPT,EUUX6 C1000,2026-11-06,C,1,0.171900000,3,
2026-08-21,EUU,OPT,EUUX6 C1010,2026-11-06,C,1.01,0.161900000,3,
2026-08-21,EUU,OPT,EUUX6 C1020,2026-11-06,C,1.02,0.152000000,3,
2026-08-21,EUU,OPT,EUUX6 C1030,2026-11-06,C,1.03,0.142100000,3,
2026-08-21,EUU,OPT,EUUX6 C1040,2026-11-06,C,1.04,0.132200000,3,4
2026-08-21,EUU,OPT,EUUX6 C1050,2026-11-06,C,1.05,0.122300000,3,
2026-08-21,EUU,OPT,EUUX6 C1060,2026-11-06,C,1.06,0.112400000,3,
2026-08-21,EUU,OPT,EUUX6 C1070,2026-11-06,C,1.07,0.102500000,3,
2026-08-21,EUU,OPT,EUUX6 C1080,2026-11-06,C,1.08,0.092600000,3,4
2026-08-21,EUU,OPT,EUUX6 C1090,2026-11-06,C,1.09,0.082800000,3,
2026-08-21,EUU,OPT,EUUX6 C1095,2026-11-06,C,1.095,0.077900000,3,
2026-08-21,EUU,OPT,EUUX6 C1100,2026-11-06,C,1.1,0.073000000,3,
2026-08-21,EUU,OPT,EUUX6 C1105,2026-11-06,C,1.105,0.068100000,3,
2026-08-21,EUU,OPT,EUUX6 C1110,2026-11-06,C,1.11,0.063200000,3,
2026-08-21,EUU,OPT,EUUX6 C1115,2026-11-06,C,1.115,0.058400000,3,
2026-08-21,EUU,OPT,EUUX6 C1120,2026-11-06,C,1.12,0.053600000,3,
2026-08-21,EUU,OPT,EUUX6 C1125,2026-11-06,C,1.125,0.048900000,3,
2026-08-21,EUU,OPT,EUUX6 C1130,2026-11-06,C,1.13,0.044200000,3,10
2026-08-21,EUU,OPT,EUUX6 C1135,2026-11-06,C,1.135,0.039700000,3,37
2026-08-21,EUU,OPT,EUUX6 C1140,2026-11-06,C,1.14,0.035300000,3,57
2026-08-21,EUU,OPT,EUUX6 C1145,2026-11-06,C,1.145,0.031100000,3,138
2026-08-21,EUU,OPT,EUUX6 C1150,2026-11-06,C,1.15,0.027000000,3,307
2026-08-21,EUU,OPT,EUUX6 C1155,2026-11-06,C,1.155,0.023200000,3,194
2026-08-21,EUU,OPT,EUUX6 C1160,2026-11-06,C,1.16,0.019700000,3,96
2026-08-21,EUU,OPT,EUUX6 C1165,2026-11-06,C,1.165,0.016500000,3,651
2026-08-21,EUU,OPT,EUUX6 C1170,2026-11-06,C,1.17,0.013700000,3,1976
2026-08-21,EUU,OPT,EUUX6 C1175,2026-11-06,C,1.175,0.011300000,3,42
2026-08-21,EUU,OPT,EUUX6 C1180,2026-11-06,C,1.18,0.009200000,3,129
2026-08-21,EUU,OPT,EUUX6 C1185,2026-11-06,C,1.185,0.007500000,3,445
2026-08-21,EUU,OPT,EUUX6 C1190,2026-11-06,C,1.19,0.006100000,3,1033
2026-08-21,EUU,OPT,EUUX6 C1195,2026-11-06,C,1.195,0.004900000,3,1414
2026-08-21,EUU,OPT,EUUX6 C1200,2026-11-06,C,1.2,0.004000000,3,1066
2026-08-21,EUU,OPT,EUUX6 C1205,2026-11-06,C,1.205,0.003200000,3,854
2026-08-21,EUU,OPT,EUUX6 C1210,2026-11-06,C,1.21,0.002600000,3,28
2026-08-21,EUU,OPT,EUUX6 C1215,2026-11-06,C,1.215,0.002100000,3,54
2026-08-21,EUU,OPT,EUUX6 C1220,2026-11-06,C,1.22,0.001700000,3,27
2026-08-21,EUU,OPT,EUUX6 C1225,2026-11-06,C,1.225,0.001300000,3,506
2026-08-21,EUU,OPT,EUUX6 C1230,2026-11-06,C,1.23,0.001100000,3,33
2026-08-21,EUU,OPT,EUUX6 C1235,2026-11-06,C,1.235,0.000900000,3,457
2026-08-21,EUU,OPT,EUUX6 C1240,2026-11-06,C,1.24,0.000700000,3,62
2026-08-21,EUU,OPT,EUUX6 C1245,2026-11-06,C,1.245,0.000600000,3,700
2026-08-21,EUU,OPT,EUUX6 C1250,2026-11-06,C,1.25,0.000500000,3,202
2026-08-21,EUU,OPT,EUUX6 C1255,2026-11-06,C,1.255,0.000450000,3,8
2026-08-21,EUU,OPT,EUUX6 C1260,2026-11-06,C,1.26,0.000400000,3,100
2026-08-21,EUU,OPT,EUUX6 C1265,2026-11-06,C,1.265,0.000350000,3,18
2026-08-21,EUU,OPT,EUUX6 C1270,2026-11-06,C,1.27,0.000300000,3,32
2026-08-21,EUU,OPT,EUUX6 C1280,2026-11-06,C,1.28,0.000250000,3,32
2026-08-21,EUU,OPT,EUUX6 C1290,2026-11-06,C,1.29,0.000150000,3,33
2026-08-21,EUU,OPT,EUUX6 C1300,2026-11-06,C,1.3,0.000150000,3,2402
2026-08-21,EUU,OPT,EUUX6 C1310,2026-11-06,C,1.31,0.000050000,3,17
2026-08-21,EUU,OPT,EUUX6 C1320,2026-11-06,C,1.32,0.000050000,3,23
2026-08-21,EUU,OPT,EUUX6 C1330,2026-11-06,C,1.33,0.000050000,3,624
2026-08-21,EUU,OPT,EUUX6 C1340,2026-11-06,C,1.34,0.000050000,3,23
2026-08-21,EUU,OPT,EUUX6 C1350,2026-11-06,C,1.35,0.000050000,3,
2026-08-21,EUU,OPT,EUUX6 C1360,2026-11-06,C,1.36,0.000050000,3,6
2026-08-21,EUU,OPT,EUUX6 P1000,2026-11-06,P,1,0.000050000,3,
2026-08-21,EUU,OPT,EUUX6 P1010,2026-11-06,P,1.01,0.000050000,3,
2026-08-21,EUU,OPT,EUUX6 P1020,2026-11-06,P,1.02,0.000050000,3,82
2026-08-21,EUU,OPT,EUUX6 P1030,2026-11-06,P,1.03,0.000050000,3,10
2026-08-21,EUU,OPT,EUUX6 P1040,2026-11-06,P,1.04,0.000050000,3,1
2026-08-21,EUU,OPT,EUUX6 P1050,2026-11-06,P,1.05,0.000050000,3,1
2026-08-21,EUU,OPT,EUUX6 P1060,2026-11-06,P,1.06,0.000100000,3,436
2026-08-21,EUU,OPT,EUUX6 P1070,2026-11-06,P,1.07,0.000100000,3,2028
2026-08-21,EUU,OPT,EUUX6 P1080,2026-11-06,P,1.08,0.000150000,3,58
2026-08-21,EUU,OPT,EUUX6 P1090,2026-11-06,P,1.09,0.000200000,3,133
2026-08-21,EUU,OPT,EUUX6 P1095,2026-11-06,P,1.095,0.000250000,3,65
2026-08-21,EUU,OPT,EUUX6 P1100,2026-11-06,P,1.1,0.000350000,3,130
2026-08-21,EUU,OPT,EUUX6 P1105,2026-11-06,P,1.105,0.000400000,3,1030
2026-08-21,EUU,OPT,EUUX6 P1110,2026-11-06,P,1.11,0.000500000,3,2413
2026-08-21,EUU,OPT,EUUX6 P1115,2026-11-06,P,1.115,0.000600000,3,376
2026-08-21,EUU,OPT,EUUX6 P1120,2026-11-06,P,1.12,0.000800000,3,1750
2026-08-21,EUU,OPT,EUUX6 P1125,2026-11-06,P,1.125,0.001100000,3,725
2026-08-21,EUU,OPT,EUUX6 P1130,2026-11-06,P,1.13,0.001400000,3,596
2026-08-21,EUU,OPT,EUUX6 P1135,2026-11-06,P,1.135,0.001800000,3,287
2026-08-21,EUU,OPT,EUUX6 P1140,2026-11-06,P,1.14,0.002400000,3,776
2026-08-21,EUU,OPT,EUUX6 P1145,2026-11-06,P,1.145,0.003100000,3,654
2026-08-21,EUU,OPT,EUUX6 P1150,2026-11-06,P,1.15,0.004000000,3,2335
2026-08-21,EUU,OPT,EUUX6 P1155,2026-11-06,P,1.155,0.005200000,3,1824
2026-08-21,EUU,OPT,EUUX6 P1160,2026-11-06,P,1.16,0.006600000,3,1174
2026-08-21,EUU,OPT,EUUX6 P1165,2026-11-06,P,1.165,0.008400000,3,258
2026-08-21,EUU,OPT,EUUX6 P1170,2026-11-06,P,1.17,0.010500000,3,1046
2026-08-21,EUU,OPT,EUUX6 P1175,2026-11-06,P,1.175,0.013100000,3,549
2026-08-21,EUU,OPT,EUUX6 P1180,2026-11-06,P,1.18,0.016000000,3,206
2026-08-21,EUU,OPT,EUUX6 P1185,2026-11-06,P,1.185,0.019200000,3,8
2026-08-21,EUU,OPT,EUUX6 P1190,2026-11-06,P,1.19,0.022700000,3,454
2026-08-21,EUU,OPT,EUUX6 P1195,2026-11-06,P,1.195,0.026500000,3,521
2026-08-21,EUU,OPT,EUUX6 P1200,2026-11-06,P,1.2,0.030600000,3,600
2026-08-21,EUU,OPT,EUUX6 P1205,2026-11-06,P,1.205,0.034700000,3,69
2026-08-21,EUU,OPT,EUUX6 P1210,2026-11-06,P,1.21,0.039100000,3,
2026-08-21,EUU,OPT,EUUX6 P1215,2026-11-06,P,1.215,0.043500000,3,92
2026-08-21,EUU,OPT,EUUX6 P1220,2026-11-06,P,1.22,0.048100000,3,
2026-08-21,EUU,OPT,EUUX6 P1225,2026-11-06,P,1.225,0.052700000,3,
2026-08-21,EUU,OPT,EUUX6 P1230,2026-11-06,P,1.23,0.057500000,3,
2026-08-21,EUU,OPT,EUUX6 P1235,2026-11-06,P,1.235,0.062200000,3,
2026-08-21,EUU,OPT,EUUX6 P1240,2026-11-06,P,1.24,0.067000000,3,1
2026-08-21,EUU,OPT,EUUX6 P1245,2026-11-06,P,1.245,0.071900000,3,
2026-08-21,EUU,OPT,EUUX6 P1250,2026-11-06,P,1.25,0.076700000,3,
2026-08-21,EUU,OPT,EUUX6 P1255,2026-11-06,P,1.255,0.081600000,3,
2026-08-21,EUU,OPT,EUUX6 P1260,2026-11-06,P,1.26,0.086500000,3,
2026-08-21,EUU,OPT,EUUX6 P1265,2026-11-06,P,1.265,0.091400000,3,
2026-08-21,EUU,OPT,EUUX6 P1270,2026-11-06,P,1.27,0.096400000,3,
2026-08-21,EUU,OPT,EUUX6 P1280,2026-11-06,P,1.28,0.106200000,3,
2026-08-21,EUU,OPT,EUUX6 P1290,2026-11-06,P,1.29,0.116100000,3,
2026-08-21,EUU,OPT,EUUX6 P1300,2026-11-06,P,1.3,0.125900000,3,
2026-08-21,EUU,OPT,EUUX6 P1310,2026-11-06,P,1.31,0.135800000,3,
2026-08-21,EUU,OPT,EUUX6 P1320,2026-11-06,P,1.32,0.145700000,3,
2026-08-21,EUU,OPT,EUUX6 P1330,2026-11-06,P,1.33,0.155600000,3,
2026-08-21,EUU,OPT,EUUX6 P1340,2026-11-06,P,1.34,0.165500000,3,
2026-08-21,EUU,OPT,EUUX6 P1350,2026-11-06,P,1.35,0.175400000,3,
2026-08-21,EUU,OPT,EUUX6 P1360,2026-11-06,P,1.36,0.185400000,3,
2026-08-21,EUU,OPT,EUUZ6 C0910,2026-12-04,C,0.91,0.260400000,3,
2026-08-21,EUU,OPT,EUUZ6 C0920,2026-12-04,C,0.92,0.250500000,3,
2026-08-21,EUU,OPT,EUUZ6 C0930,2026-12-04,C,0.93,0.240600000,3,
2026-08-21,EUU,OPT,EUUZ6 C0940,2026-12-04,C,0.94,0.230700000,3,
2026-08-21,EUU,OPT,EUUZ6 C0950,2026-12-04,C,0.95,0.220800000,3,
2026-08-21,EUU,OPT,EUUZ6 C0960,2026-12-04,C,0.96,0.211000000,3,
2026-08-21,EUU,OPT,EUUZ6 C0970,2026-12-04,C,0.97,0.201100000,3,
2026-08-21,EUU,OPT,EUUZ6 C0980,2026-12-04,C,0.98,0.191200000,3,
2026-08-21,EUU,OPT,EUUZ6 C0990,2026-12-04,C,0.99,0.181300000,3,
2026-08-21,EUU,OPT,EUUZ6 C1000,2026-12-04,C,1,0.171400000,3,
2026-08-21,EUU,OPT,EUUZ6 C1010,2026-12-04,C,1.01,0.161600000,3,
2026-08-21,EUU,OPT,EUUZ6 C1015,2026-12-04,C,1.015,0.156600000,3,
2026-08-21,EUU,OPT,EUUZ6 C1020,2026-12-04,C,1.02,0.151700000,3,
2026-08-21,EUU,OPT,EUUZ6 C1025,2026-12-04,C,1.025,0.146700000,3,
2026-08-21,EUU,OPT,EUUZ6 C1030,2026-12-04,C,1.03,0.141800000,3,
2026-08-21,EUU,OPT,EUUZ6 C1035,2026-12-04,C,1.035,0.136800000,3,
2026-08-21,EUU,OPT,EUUZ6 C1040,2026-12-04,C,1.04,0.131900000,3,
2026-08-21,EUU,OPT,EUUZ6 C1045,2026-12-04,C,1.045,0.127000000,3,
2026-08-21,EUU,OPT,EUUZ6 C1050,2026-12-04,C,1.05,0.122000000,3,4
2026-08-21,EUU,OPT,EUUZ6 C1055,2026-12-04,C,1.055,0.117100000,3,
2026-08-21,EUU,OPT,EUUZ6 C1060,2026-12-04,C,1.06,0.112200000,3,1
2026-08-21,EUU,OPT,EUUZ6 C1065,2026-12-04,C,1.065,0.107300000,3,
2026-08-21,EUU,OPT,EUUZ6 C1070,2026-12-04,C,1.07,0.102300000,3,
2026-08-21,EUU,OPT,EUUZ6 C1075,2026-12-04,C,1.075,0.097400000,3,
2026-08-21,EUU,OPT,EUUZ6 C1080,2026-12-04,C,1.08,0.092500000,3,1
2026-08-21,EUU,OPT,EUUZ6 C1085,2026-12-04,C,1.085,0.087600000,3,
2026-08-21,EUU,OPT,EUUZ6 C1090,2026-12-04,C,1.09,0.082800000,3,4
2026-08-21,EUU,OPT,EUUZ6 C1095,2026-12-04,C,1.095,0.077900000,3,
2026-08-21,EUU,OPT,EUUZ6 C1100,2026-12-04,C,1.1,0.073100000,3,1
2026-08-21,EUU,OPT,EUUZ6 C1105,2026-12-04,C,1.105,0.068300000,3,
2026-08-21,EUU,OPT,EUUZ6 C1110,2026-12-04,C,1.11,0.063500000,3,
2026-08-21,EUU,OPT,EUUZ6 C1115,2026-12-04,C,1.115,0.058800000,3,
2026-08-21,EUU,OPT,EUUZ6 C1120,2026-12-04,C,1.12,0.054200000,3,3
2026-08-21,EUU,OPT,EUUZ6 C1125,2026-12-04,C,1.125,0.049600000,3,1
2026-08-21,EUU,OPT,EUUZ6 C1130,2026-12-04,C,1.13,0.045100000,3,19
2026-08-21,EUU,OPT,EUUZ6 C1135,2026-12-04,C,1.135,0.040700000,3,23
2026-08-21,EUU,OPT,EUUZ6 C1140,2026-12-04,C,1.14,0.036500000,3,117
2026-08-21,EUU,OPT,EUUZ6 C1145,2026-12-04,C,1.145,0.032400000,3,208
2026-08-21,EUU,OPT,EUUZ6 C1150,2026-12-04,C,1.15,0.028600000,3,108
2026-08-21,EUU,OPT,EUUZ6 C1155,2026-12-04,C,1.155,0.024900000,3,269
2026-08-21,EUU,OPT,EUUZ6 C1160,2026-12-04,C,1.16,0.021500000,3,1043
2026-08-21,EUU,OPT,EUUZ6 C1165,2026-12-04,C,1.165,0.018400000,3,640
2026-08-21,EUU,OPT,EUUZ6 C1170,2026-12-04,C,1.17,0.015700000,3,6774
2026-08-21,EUU,OPT,EUUZ6 C1175,2026-12-04,C,1.175,0.013300000,3,297
2026-08-21,EUU,OPT,EUUZ6 C1180,2026-12-04,C,1.18,0.011200000,3,11321
2026-08-21,EUU,OPT,EUUZ6 C1185,2026-12-04,C,1.185,0.009400000,3,643
2026-08-21,EUU,OPT,EUUZ6 C1190,2026-12-04,C,1.19,0.007900000,3,682
2026-08-21,EUU,OPT,EUUZ6 C1195,2026-12-04,C,1.195,0.006600000,3,1129
2026-08-21,EUU,OPT,EUUZ6 C1200,2026-12-04,C,1.2,0.005500000,3,8485
2026-08-21,EUU,OPT,EUUZ6 C1205,2026-12-04,C,1.205,0.004600000,3,439
2026-08-21,EUU,OPT,EUUZ6 C1210,2026-12-04,C,1.21,0.003800000,3,377
2026-08-21,EUU,OPT,EUUZ6 C1215,2026-12-04,C,1.215,0.003200000,3,54
2026-08-21,EUU,OPT,EUUZ6 C1220,2026-12-04,C,1.22,0.002700000,3,208
2026-08-21,EUU,OPT,EUUZ6 C1225,2026-12-04,C,1.225,0.002300000,3,133
2026-08-21,EUU,OPT,EUUZ6 C1230,2026-12-04,C,1.23,0.001900000,3,60
2026-08-21,EUU,OPT,EUUZ6 C1235,2026-12-04,C,1.235,0.001600000,3,760
2026-08-21,EUU,OPT,EUUZ6 C1240,2026-12-04,C,1.24,0.001300000,3,536
2026-08-21,EUU,OPT,EUUZ6 C1245,2026-12-04,C,1.245,0.001100000,3,448
2026-08-21,EUU,OPT,EUUZ6 C1250,2026-12-04,C,1.25,0.001000000,3,2247
2026-08-21,EUU,OPT,EUUZ6 C1255,2026-12-04,C,1.255,0.000800000,3,33
2026-08-21,EUU,OPT,EUUZ6 C1260,2026-12-04,C,1.26,0.000700000,3,285
2026-08-21,EUU,OPT,EUUZ6 C1265,2026-12-04,C,1.265,0.000600000,3,130
2026-08-21,EUU,OPT,EUUZ6 C1270,2026-12-04,C,1.27,0.000500000,3,56
2026-08-21,EUU,OPT,EUUZ6 C1280,2026-12-04,C,1.28,0.000400000,3,165
2026-08-21,EUU,OPT,EUUZ6 C1290,2026-12-04,C,1.29,0.000350000,3,73
2026-08-21,EUU,OPT,EUUZ6 C1300,2026-12-04,C,1.3,0.000300000,3,792
2026-08-21,EUU,OPT,EUUZ6 C1310,2026-12-04,C,1.31,0.000250000,3,690
2026-08-21,EUU,OPT,EUUZ6 C1320,2026-12-04,C,1.32,0.000200000,3,10
2026-08-21,EUU,OPT,EUUZ6 C1330,2026-12-04,C,1.33,0.000100000,3,37
2026-08-21,EUU,OPT,EUUZ6 C1340,2026-12-04,C,1.34,0.000050000,3,11
2026-08-21,EUU,OPT,EUUZ6 C1350,2026-12-04,C,1.35,0.000050000,3,358
2026-08-21,EUU,OPT,EUUZ6 C1360,2026-12-04,C,1.36,0.000050000,3,11
2026-08-21,EUU,OPT,EUUZ6 P0910,2026-12-04,P,0.91,0.000050000,3,1
2026-08-21,EUU,OPT,EUUZ6 P0920,2026-12-04,P,0.92,0.000050000,3,
2026-08-21,EUU,OPT,EUUZ6 P0930,2026-12-04,P,0.93,0.000050000,3,8
2026-08-21,EUU,OPT,EUUZ6 P0940,2026-12-04,P,0.94,0.000050000,3,
2026-08-21,EUU,OPT,EUUZ6 P0950,2026-12-04,P,0.95,0.000050000,3,71
2026-08-21,EUU,OPT,EUUZ6 P0960,2026-12-04,P,0.96,0.000050000,3,
2026-08-21,EUU,OPT,EUUZ6 P0970,2026-12-04,P,0.97,0.000050000,3,1
2026-08-21,EUU,OPT,EUUZ6 P0980,2026-12-04,P,0.98,0.000100000,3,
2026-08-21,EUU,OPT,EUUZ6 P0990,2026-12-04,P,0.99,0.000100000,3,100
2026-08-21,EUU,OPT,EUUZ6 P1000,2026-12-04,P,1,0.000100000,3,204
2026-08-21,EUU,OPT,EUUZ6 P1010,2026-12-04,P,1.01,0.000100000,3,253
2026-08-21,EUU,OPT,EUUZ6 P1015,2026-12-04,P,1.015,0.000100000,3,
2026-08-21,EUU,OPT,EUUZ6 P1020,2026-12-04,P,1.02,0.000100000,3,82
2026-08-21,EUU,OPT,EUUZ6 P1025,2026-12-04,P,1.025,0.000100000,3,1
2026-08-21,EUU,OPT,EUUZ6 P1030,2026-12-04,P,1.03,0.000100000,3,182
2026-08-21,EUU,OPT,EUUZ6 P1035,2026-12-04,P,1.035,0.000100000,3,
2026-08-21,EUU,OPT,EUUZ6 P1040,2026-12-04,P,1.04,0.000150000,3,7
2026-08-21,EUU,OPT,EUUZ6 P1045,2026-12-04,P,1.045,0.000150000,3,506
2026-08-21,EUU,OPT,EUUZ6 P1050,2026-12-04,P,1.05,0.000150000,3,1938
2026-08-21,EUU,OPT,EUUZ6 P1055,2026-12-04,P,1.055,0.000150000,3,27
2026-08-21,EUU,OPT,EUUZ6 P1060,2026-12-04,P,1.06,0.000200000,3,52
2026-08-21,EUU,OPT,EUUZ6 P1065,2026-12-04,P,1.065,0.000200000,3,31
2026-08-21,EUU,OPT,EUUZ6 P1070,2026-12-04,P,1.07,0.000250000,3,24
2026-08-21,EUU,OPT,EUUZ6 P1075,2026-12-04,P,1.075,0.000300000,3,96
2026-08-21,EUU,OPT,EUUZ6 P1080,2026-12-04,P,1.08,0.000350000,3,1700
2026-08-21,EUU,OPT,EUUZ6 P1085,2026-12-04,P,1.085,0.000400000,3,16
2026-08-21,EUU,OPT,EUUZ6 P1090,2026-12-04,P,1.09,0.000450000,3,842
2026-08-21,EUU,OPT,EUUZ6 P1095,2026-12-04,P,1.095,0.000600000,3,66
2026-08-21,EUU,OPT,EUUZ6 P1100,2026-12-04,P,1.1,0.000700000,3,1231
2026-08-21,EUU,OPT,EUUZ6 P1105,2026-12-04,P,1.105,0.000800000,3,512
2026-08-21,EUU,OPT,EUUZ6 P1110,2026-12-04,P,1.11,0.001000000,3,984
2026-08-21,EUU,OPT,EUUZ6 P1115,2026-12-04,P,1.115,0.001200000,3,488
2026-08-21,EUU,OPT,EUUZ6 P1120,2026-12-04,P,1.12,0.001500000,3,1330
2026-08-21,EUU,OPT,EUUZ6 P1125,2026-12-04,P,1.125,0.001900000,3,414
2026-08-21,EUU,OPT,EUUZ6 P1130,2026-12-04,P,1.13,0.002400000,3,1822
2026-08-21,EUU,OPT,EUUZ6 P1135,2026-12-04,P,1.135,0.002900000,3,960
2026-08-21,EUU,OPT,EUUZ6 P1140,2026-12-04,P,1.14,0.003700000,3,1467
2026-08-21,EUU,OPT,EUUZ6 P1145,2026-12-04,P,1.145,0.004500000,3,1381
2026-08-21,EUU,OPT,EUUZ6 P1150,2026-12-04,P,1.15,0.005600000,3,2214
2026-08-21,EUU,OPT,EUUZ6 P1155,2026-12-04,P,1.155,0.006900000,3,917
2026-08-21,EUU,OPT,EUUZ6 P1160,2026-12-04,P,1.16,0.008500000,3,277
2026-08-21,EUU,OPT,EUUZ6 P1165,2026-12-04,P,1.165,0.010300000,3,427
2026-08-21,EUU,OPT,EUUZ6 P1170,2026-12-04,P,1.17,0.012500000,3,1418
2026-08-21,EUU,OPT,EUUZ6 P1175,2026-12-04,P,1.175,0.015100000,3,133
2026-08-21,EUU,OPT,EUUZ6 P1180,2026-12-04,P,1.18,0.017900000,3,158
2026-08-21,EUU,OPT,EUUZ6 P1185,2026-12-04,P,1.185,0.021100000,3,71
2026-08-21,EUU,OPT,EUUZ6 P1190,2026-12-04,P,1.19,0.024500000,3,836
2026-08-21,EUU,OPT,EUUZ6 P1195,2026-12-04,P,1.195,0.028100000,3,68
2026-08-21,EUU,OPT,EUUZ6 P1200,2026-12-04,P,1.2,0.032000000,3,24
2026-08-21,EUU,OPT,EUUZ6 P1205,2026-12-04,P,1.205,0.036100000,3,521
2026-08-21,EUU,OPT,EUUZ6 P1210,2026-12-04,P,1.21,0.040200000,3,1
2026-08-21,EUU,OPT,EUUZ6 P1215,2026-12-04,P,1.215,0.044600000,3,
2026-08-21,EUU,OPT,EUUZ6 P1220,2026-12-04,P,1.22,0.049000000,3,
2026-08-21,EUU,OPT,EUUZ6 P1225,2026-12-04,P,1.225,0.053500000,3,
2026-08-21,EUU,OPT,EUUZ6 P1230,2026-12-04,P,1.23,0.058100000,3,
2026-08-21,EUU,OPT,EUUZ6 P1235,2026-12-04,P,1.235,0.062700000,3,
2026-08-21,EUU,OPT,EUUZ6 P1240,2026-12-04,P,1.24,0.067400000,3,
2026-08-21,EUU,OPT,EUUZ6 P1245,2026-12-04,P,1.245,0.072200000,3,27
2026-08-21,EUU,OPT,EUUZ6 P1250,2026-12-04,P,1.25,0.077000000,3,101
2026-08-21,EUU,OPT,EUUZ6 P1255,2026-12-04,P,1.255,0.081800000,3,142
2026-08-21,EUU,OPT,EUUZ6 P1260,2026-12-04,P,1.26,0.086600000,3,118
2026-08-21,EUU,OPT,EUUZ6 P1265,2026-12-04,P,1.265,0.091400000,3,304
2026-08-21,EUU,OPT,EUUZ6 P1270,2026-12-04,P,1.27,0.096300000,3,432
2026-08-21,EUU,OPT,EUUZ6 P1280,2026-12-04,P,1.28,0.106100000,3,
2026-08-21,EUU,OPT,EUUZ6 P1290,2026-12-04,P,1.29,0.115900000,3,
2026-08-21,EUU,OPT,EUUZ6 P1300,2026-12-04,P,1.3,0.125700000,3,
2026-08-21,EUU,OPT,EUUZ6 P1310,2026-12-04,P,1.31,0.135600000,3,
2026-08-21,EUU,OPT,EUUZ6 P1320,2026-12-04,P,1.32,0.145400000,3,1000
2026-08-21,EUU,OPT,EUUZ6 P1330,2026-12-04,P,1.33,0.155200000,3,
2026-08-21,EUU,OPT,EUUZ6 P1340,2026-12-04,P,1.34,0.165100000,3,
2026-08-21,EUU,OPT,EUUZ6 P1350,2026-12-04,P,1.35,0.175000000,3,
2026-08-21,EUU,OPT,EUUZ6 P1360,2026-12-04,P,1.36,0.184800000,3,
2026-08-21,EUU,OPT,EUUF7 C1000,2027-01-08,C,1,0.174800000,3,
2026-08-21,EUU,OPT,EUUF7 C1010,2027-01-08,C,1.01,0.165000000,3,
2026-08-21,EUU,OPT,EUUF7 C1020,2027-01-08,C,1.02,0.155200000,3,
2026-08-21,EUU,OPT,EUUF7 C1030,2027-01-08,C,1.03,0.145300000,3,
2026-08-21,EUU,OPT,EUUF7 C1040,2027-01-08,C,1.04,0.135500000,3,
2026-08-21,EUU,OPT,EUUF7 C1050,2027-01-08,C,1.05,0.125800000,3,
2026-08-21,EUU,OPT,EUUF7 C1060,2027-01-08,C,1.06,0.116000000,3,
2026-08-21,EUU,OPT,EUUF7 C1070,2027-01-08,C,1.07,0.106200000,3,
2026-08-21,EUU,OPT,EUUF7 C1080,2027-01-08,C,1.08,0.096500000,3,
2026-08-21,EUU,OPT,EUUF7 C1090,2027-01-08,C,1.09,0.086900000,3,
2026-08-21,EUU,OPT,EUUF7 C1100,2027-01-08,C,1.1,0.077300000,3,6
2026-08-21,EUU,OPT,EUUF7 C1105,2027-01-08,C,1.105,0.072600000,3,
2026-08-21,EUU,OPT,EUUF7 C1110,2027-01-08,C,1.11,0.067900000,3,
2026-08-21,EUU,OPT,EUUF7 C1115,2027-01-08,C,1.115,0.063200000,3,
2026-08-21,EUU,OPT,EUUF7 C1120,2027-01-08,C,1.12,0.058600000,3,
2026-08-21,EUU,OPT,EUUF7 C1125,2027-01-08,C,1.125,0.054100000,3,
2026-08-21,EUU,OPT,EUUF7 C1130,2027-01-08,C,1.13,0.049700000,3,
2026-08-21,EUU,OPT,EUUF7 C1135,2027-01-08,C,1.135,0.045400000,3,
2026-08-21,EUU,OPT,EUUF7 C1140,2027-01-08,C,1.14,0.041200000,3,31
2026-08-21,EUU,OPT,EUUF7 C1145,2027-01-08,C,1.145,0.037200000,3,
2026-08-21,EUU,OPT,EUUF7 C1150,2027-01-08,C,1.15,0.033300000,3,2
2026-08-21,EUU,OPT,EUUF7 C1155,2027-01-08,C,1.155,0.029700000,3,106
2026-08-21,EUU,OPT,EUUF7 C1160,2027-01-08,C,1.16,0.026200000,3,1
2026-08-21,EUU,OPT,EUUF7 C1165,2027-01-08,C,1.165,0.023000000,3,241
2026-08-21,EUU,OPT,EUUF7 C1170,2027-01-08,C,1.17,0.020100000,3,720
2026-08-21,EUU,OPT,EUUF7 C1175,2027-01-08,C,1.175,0.017400000,3,55
2026-08-21,EUU,OPT,EUUF7 C1180,2027-01-08,C,1.18,0.015100000,3,13
2026-08-21,EUU,OPT,EUUF7 C1185,2027-01-08,C,1.185,0.013000000,3,421
2026-08-21,EUU,OPT,EUUF7 C1190,2027-01-08,C,1.19,0.011200000,3,175
2026-08-21,EUU,OPT,EUUF7 C1195,2027-01-08,C,1.195,0.009600000,3,106
2026-08-21,EUU,OPT,EUUF7 C1200,2027-01-08,C,1.2,0.008300000,3,816
2026-08-21,EUU,OPT,EUUF7 C1205,2027-01-08,C,1.205,0.007100000,3,31
2026-08-21,EUU,OPT,EUUF7 C1210,2027-01-08,C,1.21,0.006100000,3,57
2026-08-21,EUU,OPT,EUUF7 C1215,2027-01-08,C,1.215,0.005200000,3,101
2026-08-21,EUU,OPT,EUUF7 C1220,2027-01-08,C,1.22,0.004400000,3,45
2026-08-21,EUU,OPT,EUUF7 C1225,2027-01-08,C,1.225,0.003800000,3,9
2026-08-21,EUU,OPT,EUUF7 C1230,2027-01-08,C,1.23,0.003200000,3,10
2026-08-21,EUU,OPT,EUUF7 C1235,2027-01-08,C,1.235,0.002800000,3,871
2026-08-21,EUU,OPT,EUUF7 C1240,2027-01-08,C,1.24,0.002400000,3,16
2026-08-21,EUU,OPT,EUUF7 C1245,2027-01-08,C,1.245,0.002100000,3,17
2026-08-21,EUU,OPT,EUUF7 C1250,2027-01-08,C,1.25,0.001800000,3,504
2026-08-21,EUU,OPT,EUUF7 C1255,2027-01-08,C,1.255,0.001500000,3,600
2026-08-21,EUU,OPT,EUUF7 C1260,2027-01-08,C,1.26,0.001300000,3,1
2026-08-21,EUU,OPT,EUUF7 C1265,2027-01-08,C,1.265,0.001200000,3,
2026-08-21,EUU,OPT,EUUF7 C1270,2027-01-08,C,1.27,0.001000000,3,3
2026-08-21,EUU,OPT,EUUF7 C1280,2027-01-08,C,1.28,0.000800000,3,2
2026-08-21,EUU,OPT,EUUF7 C1290,2027-01-08,C,1.29,0.000600000,3,
2026-08-21,EUU,OPT,EUUF7 C1300,2027-01-08,C,1.3,0.000500000,3,1
2026-08-21,EUU,OPT,EUUF7 C1310,2027-01-08,C,1.31,0.000400000,3,
2026-08-21,EUU,OPT,EUUF7 C1320,2027-01-08,C,1.32,0.000350000,3,15
2026-08-21,EUU,OPT,EUUF7 C1330,2027-01-08,C,1.33,0.000250000,3,
2026-08-21,EUU,OPT,EUUF7 C1340,2027-01-08,C,1.34,0.000200000,3,500
2026-08-21,EUU,OPT,EUUF7 C1350,2027-01-08,C,1.35,0.000150000,3,40
2026-08-21,EUU,OPT,EUUF7 C1360,2027-01-08,C,1.36,0.000150000,3,10
2026-08-21,EUU,OPT,EUUF7 C1370,2027-01-08,C,1.37,0.000100000,3,8
2026-08-21,EUU,OPT,EUUF7 P1000,2027-01-08,P,1,0.000050000,3,20
2026-08-21,EUU,OPT,EUUF7 P1010,2027-01-08,P,1.01,0.000100000,3,
2026-08-21,EUU,OPT,EUUF7 P1020,2027-01-08,P,1.02,0.000100000,3,21
2026-08-21,EUU,OPT,EUUF7 P1030,2027-01-08,P,1.03,0.000150000,3,7
2026-08-21,EUU,OPT,EUUF7 P1040,2027-01-08,P,1.04,0.000200000,3,113
2026-08-21,EUU,OPT,EUUF7 P1050,2027-01-08,P,1.05,0.000300000,3,11
2026-08-21,EUU,OPT,EUUF7 P1060,2027-01-08,P,1.06,0.000350000,3,
2026-08-21,EUU,OPT,EUUF7 P1070,2027-01-08,P,1.07,0.000500000,3,18
2026-08-21,EUU,OPT,EUUF7 P1080,2027-01-08,P,1.08,0.000600000,3,23
2026-08-21,EUU,OPT,EUUF7 P1090,2027-01-08,P,1.09,0.000800000,3,2
2026-08-21,EUU,OPT,EUUF7 P1100,2027-01-08,P,1.1,0.001100000,3,123
2026-08-21,EUU,OPT,EUUF7 P1105,2027-01-08,P,1.105,0.001300000,3,
2026-08-21,EUU,OPT,EUUF7 P1110,2027-01-08,P,1.11,0.001500000,3,702
2026-08-21,EUU,OPT,EUUF7 P1115,2027-01-08,P,1.115,0.001800000,3,
2026-08-21,EUU,OPT,EUUF7 P1120,2027-01-08,P,1.12,0.002100000,3,23
2026-08-21,EUU,OPT,EUUF7 P1125,2027-01-08,P,1.125,0.002600000,3,58
2026-08-21,EUU,OPT,EUUF7 P1130,2027-01-08,P,1.13,0.003100000,3,93
2026-08-21,EUU,OPT,EUUF7 P1135,2027-01-08,P,1.135,0.003700000,3,719
2026-08-21,EUU,OPT,EUUF7 P1140,2027-01-08,P,1.14,0.004400000,3,308
2026-08-21,EUU,OPT,EUUF7 P1145,2027-01-08,P,1.145,0.005300000,3,1803
2026-08-21,EUU,OPT,EUUF7 P1150,2027-01-08,P,1.15,0.006400000,3,1248
2026-08-21,EUU,OPT,EUUF7 P1155,2027-01-08,P,1.155,0.007700000,3,1074
2026-08-21,EUU,OPT,EUUF7 P1160,2027-01-08,P,1.16,0.009200000,3,1543
2026-08-21,EUU,OPT,EUUF7 P1165,2027-01-08,P,1.165,0.010900000,3,249
2026-08-21,EUU,OPT,EUUF7 P1170,2027-01-08,P,1.17,0.012900000,3,566
2026-08-21,EUU,OPT,EUUF7 P1175,2027-01-08,P,1.175,0.015200000,3,351
2026-08-21,EUU,OPT,EUUF7 P1180,2027-01-08,P,1.18,0.017700000,3,99
2026-08-21,EUU,OPT,EUUF7 P1185,2027-01-08,P,1.185,0.020600000,3,63
2026-08-21,EUU,OPT,EUUF7 P1190,2027-01-08,P,1.19,0.023700000,3,129
2026-08-21,EUU,OPT,EUUF7 P1195,2027-01-08,P,1.195,0.027100000,3,97
2026-08-21,EUU,OPT,EUUF7 P1200,2027-01-08,P,1.2,0.030600000,3,60
2026-08-21,EUU,OPT,EUUF7 P1205,2027-01-08,P,1.205,0.034400000,3,29
2026-08-21,EUU,OPT,EUUF7 P1210,2027-01-08,P,1.21,0.038300000,3,
2026-08-21,EUU,OPT,EUUF7 P1215,2027-01-08,P,1.215,0.042300000,3,122
2026-08-21,EUU,OPT,EUUF7 P1220,2027-01-08,P,1.22,0.046500000,3,
2026-08-21,EUU,OPT,EUUF7 P1225,2027-01-08,P,1.225,0.050800000,3,
2026-08-21,EUU,OPT,EUUF7 P1230,2027-01-08,P,1.23,0.055200000,3,
2026-08-21,EUU,OPT,EUUF7 P1235,2027-01-08,P,1.235,0.059700000,3,
2026-08-21,EUU,OPT,EUUF7 P1240,2027-01-08,P,1.24,0.064200000,3,
2026-08-21,EUU,OPT,EUUF7 P1245,2027-01-08,P,1.245,0.068800000,3,
2026-08-21,EUU,OPT,EUUF7 P1250,2027-01-08,P,1.25,0.073400000,3,
2026-08-21,EUU,OPT,EUUF7 P1255,2027-01-08,P,1.255,0.078100000,3,
2026-08-21,EUU,OPT,EUUF7 P1260,2027-01-08,P,1.26,0.082900000,3,
2026-08-21,EUU,OPT,EUUF7 P1265,2027-01-08,P,1.265,0.087600000,3,
2026-08-21,EUU,OPT,EUUF7 P1270,2027-01-08,P,1.27,0.092400000,3,
2026-08-21,EUU,OPT,EUUF7 P1280,2027-01-08,P,1.28,0.102000000,3,
2026-08-21,EUU,OPT,EUUF7 P1290,2027-01-08,P,1.29,0.111700000,3,
2026-08-21,EUU,OPT,EUUF7 P1300,2027-01-08,P,1.3,0.121500000,3,
2026-08-21,EUU,OPT,EUUF7 P1310,2027-01-08,P,1.31,0.131200000,3,
2026-08-21,EUU,OPT,EUUF7 P1320,2027-01-08,P,1.32,0.141000000,3,
2026-08-21,EUU,OPT,EUUF7 P1330,2027-01-08,P,1.33,0.150800000,3,
2026-08-21,EUU,OPT,EUUF7 P1340,2027-01-08,P,1.34,0.160600000,3,
2026-08-21,EUU,OPT,EUUF7 P1350,2027-01-08,P,1.35,0.170400000,3,
2026-08-21,EUU,OPT,EUUF7 P1360,2027-01-08,P,1.36,0.180200000,3,
2026-08-21,EUU,OPT,EUUF7 P1370,2027-01-08,P,1.37,0.190000000,3,
2026-08-21,EUU,OPT,EUUG7 C1000,2027-02-05,C,1,0.174400000,3,
2026-08-21,EUU,OPT,EUUG7 C1010,2027-02-05,C,1.01,0.164500000,3,
2026-08-21,EUU,OPT,EUUG7 C1020,2027-02-05,C,1.02,0.154700000,3,
2026-08-21,EUU,OPT,EUUG7 C1030,2027-02-05,C,1.03,0.144900000,3,
2026-08-21,EUU,OPT,EUUG7 C1040,2027-02-05,C,1.04,0.135100000,3,
2026-08-21,EUU,OPT,EUUG7 C1050,2027-02-05,C,1.05,0.125400000,3,
2026-08-21,EUU,OPT,EUUG7 C1060,2027-02-05,C,1.06,0.115800000,3,
2026-08-21,EUU,OPT,EUUG7 C1070,2027-02-05,C,1.07,0.106200000,3,
2026-08-21,EUU,OPT,EUUG7 C1080,2027-02-05,C,1.08,0.096500000,3,
2026-08-21,EUU,OPT,EUUG7 C1090,2027-02-05,C,1.09,0.087000000,3,
2026-08-21,EUU,OPT,EUUG7 C1100,2027-02-05,C,1.1,0.077600000,3,
2026-08-21,EUU,OPT,EUUG7 C1105,2027-02-05,C,1.105,0.072900000,3,
2026-08-21,EUU,OPT,EUUG7 C1110,2027-02-05,C,1.11,0.068300000,3,
2026-08-21,EUU,OPT,EUUG7 C1115,2027-02-05,C,1.115,0.063800000,3,
2026-08-21,EUU,OPT,EUUG7 C1120,2027-02-05,C,1.12,0.059300000,3,
2026-08-21,EUU,OPT,EUUG7 C1125,2027-02-05,C,1.125,0.054900000,3,
2026-08-21,EUU,OPT,EUUG7 C1130,2027-02-05,C,1.13,0.050700000,3,
2026-08-21,EUU,OPT,EUUG7 C1135,2027-02-05,C,1.135,0.046500000,3,5
2026-08-21,EUU,OPT,EUUG7 C1140,2027-02-05,C,1.14,0.042400000,3,
2026-08-21,EUU,OPT,EUUG7 C1145,2027-02-05,C,1.145,0.038500000,3,
2026-08-21,EUU,OPT,EUUG7 C1150,2027-02-05,C,1.15,0.034800000,3,102
2026-08-21,EUU,OPT,EUUG7 C1155,2027-02-05,C,1.155,0.031200000,3,14
2026-08-21,EUU,OPT,EUUG7 C1160,2027-02-05,C,1.16,0.027900000,3,11
2026-08-21,EUU,OPT,EUUG7 C1165,2027-02-05,C,1.165,0.024800000,3,255
2026-08-21,EUU,OPT,EUUG7 C1170,2027-02-05,C,1.17,0.021900000,3,328
2026-08-21,EUU,OPT,EUUG7 C1175,2027-02-05,C,1.175,0.019200000,3,110
2026-08-21,EUU,OPT,EUUG7 C1180,2027-02-05,C,1.18,0.016900000,3,161
2026-08-21,EUU,OPT,EUUG7 C1185,2027-02-05,C,1.185,0.014700000,3,2
2026-08-21,EUU,OPT,EUUG7 C1190,2027-02-05,C,1.19,0.012800000,3,3
2026-08-21,EUU,OPT,EUUG7 C1195,2027-02-05,C,1.195,0.011200000,3,6
2026-08-21,EUU,OPT,EUUG7 C1200,2027-02-05,C,1.2,0.009700000,3,66
2026-08-21,EUU,OPT,EUUG7 C1205,2027-02-05,C,1.205,0.008500000,3,
2026-08-21,EUU,OPT,EUUG7 C1210,2027-02-05,C,1.21,0.007400000,3,200
2026-08-21,EUU,OPT,EUUG7 C1215,2027-02-05,C,1.215,0.006400000,3,1500
2026-08-21,EUU,OPT,EUUG7 C1220,2027-02-05,C,1.22,0.005600000,3,1
2026-08-21,EUU,OPT,EUUG7 C1225,2027-02-05,C,1.225,0.004900000,3,
2026-08-21,EUU,OPT,EUUG7 C1230,2027-02-05,C,1.23,0.004200000,3,8
2026-08-21,EUU,OPT,EUUG7 C1235,2027-02-05,C,1.235,0.003700000,3,51
2026-08-21,EUU,OPT,EUUG7 C1240,2027-02-05,C,1.24,0.003300000,3,1523
2026-08-21,EUU,OPT,EUUG7 C1245,2027-02-05,C,1.245,0.002900000,3,103
2026-08-21,EUU,OPT,EUUG7 C1250,2027-02-05,C,1.25,0.002500000,3,7
2026-08-21,EUU,OPT,EUUG7 C1255,2027-02-05,C,1.255,0.002200000,3,
2026-08-21,EUU,OPT,EUUG7 C1260,2027-02-05,C,1.26,0.002000000,3,
2026-08-21,EUU,OPT,EUUG7 C1270,2027-02-05,C,1.27,0.001500000,3,
2026-08-21,EUU,OPT,EUUG7 C1280,2027-02-05,C,1.28,0.001200000,3,16
2026-08-21,EUU,OPT,EUUG7 C1290,2027-02-05,C,1.29,0.001000000,3,1
2026-08-21,EUU,OPT,EUUG7 C1300,2027-02-05,C,1.3,0.000800000,3,48
2026-08-21,EUU,OPT,EUUG7 C1310,2027-02-05,C,1.31,0.000700000,3,100
2026-08-21,EUU,OPT,EUUG7 C1320,2027-02-05,C,1.32,0.000500000,3,5
2026-08-21,EUU,OPT,EUUG7 C1330,2027-02-05,C,1.33,0.000400000,3,40
2026-08-21,EUU,OPT,EUUG7 C1340,2027-02-05,C,1.34,0.000350000,3,504
2026-08-21,EUU,OPT,EUUG7 C1350,2027-02-05,C,1.35,0.000300000,3,1
2026-08-21,EUU,OPT,EUUG7 C1360,2027-02-05,C,1.36,0.000250000,3,
2026-08-21,EUU,OPT,EUUG7 P1000,2027-02-05,P,1,0.000100000,3,
2026-08-21,EUU,OPT,EUUG7 P1010,2027-02-05,P,1.01,0.000150000,3,
2026-08-21,EUU,OPT,EUUG7 P1020,2027-02-05,P,1.02,0.000150000,3,
2026-08-21,EUU,OPT,EUUG7 P1030,2027-02-05,P,1.03,0.000150000,3,
2026-08-21,EUU,OPT,EUUG7 P1040,2027-02-05,P,1.04,0.000200000,3,
2026-08-21,EUU,OPT,EUUG7 P1050,2027-02-05,P,1.05,0.000300000,3,7
2026-08-21,EUU,OPT,EUUG7 P1060,2027-02-05,P,1.06,0.000500000,3,27
2026-08-21,EUU,OPT,EUUG7 P1070,2027-02-05,P,1.07,0.000700000,3,16
2026-08-21,EUU,OPT,EUUG7 P1080,2027-02-05,P,1.08,0.000900000,3,216
2026-08-21,EUU,OPT,EUUG7 P1090,2027-02-05,P,1.09,0.001200000,3,703
2026-08-21,EUU,OPT,EUUG7 P1100,2027-02-05,P,1.1,0.001600000,3,134
2026-08-21,EUU,OPT,EUUG7 P1105,2027-02-05,P,1.105,0.001900000,3,
2026-08-21,EUU,OPT,EUUG7 P1110,2027-02-05,P,1.11,0.002200000,3,23
2026-08-21,EUU,OPT,EUUG7 P1115,2027-02-05,P,1.115,0.002600000,3,100
2026-08-21,EUU,OPT,EUUG7 P1120,2027-02-05,P,1.12,0.003000000,3,15
2026-08-21,EUU,OPT,EUUG7 P1125,2027-02-05,P,1.125,0.003600000,3,
2026-08-21,EUU,OPT,EUUG7 P1130,2027-02-05,P,1.13,0.004200000,3,18
2026-08-21,EUU,OPT,EUUG7 P1135,2027-02-05,P,1.135,0.004900000,3,2
2026-08-21,EUU,OPT,EUUG7 P1140,2027-02-05,P,1.14,0.005800000,3,827
2026-08-21,EUU,OPT,EUUG7 P1145,2027-02-05,P,1.145,0.006800000,3,177
2026-08-21,EUU,OPT,EUUG7 P1150,2027-02-05,P,1.15,0.008000000,3,724
2026-08-21,EUU,OPT,EUUG7 P1155,2027-02-05,P,1.155,0.009300000,3,109
2026-08-21,EUU,OPT,EUUG7 P1160,2027-02-05,P,1.16,0.010900000,3,435
2026-08-21,EUU,OPT,EUUG7 P1165,2027-02-05,P,1.165,0.012700000,3,551
2026-08-21,EUU,OPT,EUUG7 P1170,2027-02-05,P,1.17,0.014700000,3,1446
2026-08-21,EUU,OPT,EUUG7 P1175,2027-02-05,P,1.175,0.017000000,3,241
2026-08-21,EUU,OPT,EUUG7 P1180,2027-02-05,P,1.18,0.019500000,3,8
2026-08-21,EUU,OPT,EUUG7 P1185,2027-02-05,P,1.185,0.022300000,3,
2026-08-21,EUU,OPT,EUUG7 P1190,2027-02-05,P,1.19,0.025300000,3,
2026-08-21,EUU,OPT,EUUG7 P1195,2027-02-05,P,1.195,0.028600000,3,
2026-08-21,EUU,OPT,EUUG7 P1200,2027-02-05,P,1.2,0.032000000,3,
2026-08-21,EUU,OPT,EUUG7 P1205,2027-02-05,P,1.205,0.035700000,3,
2026-08-21,EUU,OPT,EUUG7 P1210,2027-02-05,P,1.21,0.039500000,3,
2026-08-21,EUU,OPT,EUUG7 P1215,2027-02-05,P,1.215,0.043500000,3,
2026-08-21,EUU,OPT,EUUG7 P1220,2027-02-05,P,1.22,0.047500000,3,
2026-08-21,EUU,OPT,EUUG7 P1225,2027-02-05,P,1.225,0.051700000,3,
2026-08-21,EUU,OPT,EUUG7 P1230,2027-02-05,P,1.23,0.056000000,3,
2026-08-21,EUU,OPT,EUUG7 P1235,2027-02-05,P,1.235,0.060400000,3,
2026-08-21,EUU,OPT,EUUG7 P1240,2027-02-05,P,1.24,0.064900000,3,
2026-08-21,EUU,OPT,EUUG7 P1245,2027-02-05,P,1.245,0.069400000,3,
2026-08-21,EUU,OPT,EUUG7 P1250,2027-02-05,P,1.25,0.074000000,3,
2026-08-21,EUU,OPT,EUUG7 P1255,2027-02-05,P,1.255,0.078600000,3,
2026-08-21,EUU,OPT,EUUG7 P1260,2027-02-05,P,1.26,0.083200000,3,
2026-08-21,EUU,OPT,EUUG7 P1270,2027-02-05,P,1.27,0.092600000,3,
2026-08-21,EUU,OPT,EUUG7 P1280,2027-02-05,P,1.28,0.102200000,3,
2026-08-21,EUU,OPT,EUUG7 P1290,2027-02-05,P,1.29,0.111700000,3,
2026-08-21,EUU,OPT,EUUG7 P1300,2027-02-05,P,1.3,0.121400000,3,
2026-08-21,EUU,OPT,EUUG7 P1310,2027-02-05,P,1.31,0.131100000,3,
2026-08-21,EUU,OPT,EUUG7 P1320,2027-02-05,P,1.32,0.140800000,3,
2026-08-21,EUU,OPT,EUUG7 P1330,2027-02-05,P,1.33,0.150500000,3,
2026-08-21,EUU,OPT,EUUG7 P1340,2027-02-05,P,1.34,0.160200000,3,
2026-08-21,EUU,OPT,EUUG7 P1350,2027-02-05,P,1.35,0.170000000,3,
2026-08-21,EUU,OPT,EUUG7 P1360,2027-02-05,P,1.36,0.179800000,3,
2026-08-21,EUU,OPT,EUUH7 C0970,2027-03-05,C,0.97,0.203200000,3,
2026-08-21,EUU,OPT,EUUH7 C0980,2027-03-05,C,0.98,0.193500000,3,
2026-08-21,EUU,OPT,EUUH7 C0990,2027-03-05,C,0.99,0.183700000,3,
2026-08-21,EUU,OPT,EUUH7 C1000,2027-03-05,C,1,0.174000000,3,
2026-08-21,EUU,OPT,EUUH7 C1010,2027-03-05,C,1.01,0.164200000,3,
2026-08-21,EUU,OPT,EUUH7 C1020,2027-03-05,C,1.02,0.154400000,3,1
2026-08-21,EUU,OPT,EUUH7 C1030,2027-03-05,C,1.03,0.144700000,3,
2026-08-21,EUU,OPT,EUUH7 C1040,2027-03-05,C,1.04,0.135000000,3,
2026-08-21,EUU,OPT,EUUH7 C1050,2027-03-05,C,1.05,0.125400000,3,5
2026-08-21,EUU,OPT,EUUH7 C1060,2027-03-05,C,1.06,0.115700000,3,
2026-08-21,EUU,OPT,EUUH7 C1065,2027-03-05,C,1.065,0.110900000,3,
2026-08-21,EUU,OPT,EUUH7 C1070,2027-03-05,C,1.07,0.106100000,3,
2026-08-21,EUU,OPT,EUUH7 C1075,2027-03-05,C,1.075,0.101400000,3,5
2026-08-21,EUU,OPT,EUUH7 C1080,2027-03-05,C,1.08,0.096600000,3,
2026-08-21,EUU,OPT,EUUH7 C1085,2027-03-05,C,1.085,0.091900000,3,
2026-08-21,EUU,OPT,EUUH7 C1090,2027-03-05,C,1.09,0.087200000,3,
2026-08-21,EUU,OPT,EUUH7 C1095,2027-03-05,C,1.095,0.082500000,3,
2026-08-21,EUU,OPT,EUUH7 C1100,2027-03-05,C,1.1,0.077900000,3,
2026-08-21,EUU,OPT,EUUH7 C1105,2027-03-05,C,1.105,0.073300000,3,
2026-08-21,EUU,OPT,EUUH7 C1110,2027-03-05,C,1.11,0.068800000,3,
2026-08-21,EUU,OPT,EUUH7 C1115,2027-03-05,C,1.115,0.064300000,3,
2026-08-21,EUU,OPT,EUUH7 C1120,2027-03-05,C,1.12,0.059900000,3,
2026-08-21,EUU,OPT,EUUH7 C1125,2027-03-05,C,1.125,0.055600000,3,
2026-08-21,EUU,OPT,EUUH7 C1130,2027-03-05,C,1.13,0.051500000,3,
2026-08-21,EUU,OPT,EUUH7 C1135,2027-03-05,C,1.135,0.047400000,3,127
2026-08-21,EUU,OPT,EUUH7 C1140,2027-03-05,C,1.14,0.043400000,3,1
2026-08-21,EUU,OPT,EUUH7 C1145,2027-03-05,C,1.145,0.039600000,3,
2026-08-21,EUU,OPT,EUUH7 C1150,2027-03-05,C,1.15,0.036000000,3,29
2026-08-21,EUU,OPT,EUUH7 C1155,2027-03-05,C,1.155,0.032500000,3,16
2026-08-21,EUU,OPT,EUUH7 C1160,2027-03-05,C,1.16,0.029300000,3,5654
2026-08-21,EUU,OPT,EUUH7 C1165,2027-03-05,C,1.165,0.026200000,3,39
2026-08-21,EUU,OPT,EUUH7 C1170,2027-03-05,C,1.17,0.023300000,3,1218
2026-08-21,EUU,OPT,EUUH7 C1175,2027-03-05,C,1.175,0.020700000,3,429
2026-08-21,EUU,OPT,EUUH7 C1180,2027-03-05,C,1.18,0.018400000,3,2923
2026-08-21,EUU,OPT,EUUH7 C1185,2027-03-05,C,1.185,0.016200000,3,9
2026-08-21,EUU,OPT,EUUH7 C1190,2027-03-05,C,1.19,0.014300000,3,15
2026-08-21,EUU,OPT,EUUH7 C1195,2027-03-05,C,1.195,0.012600000,3,14
2026-08-21,EUU,OPT,EUUH7 C1200,2027-03-05,C,1.2,0.011000000,3,170
2026-08-21,EUU,OPT,EUUH7 C1205,2027-03-05,C,1.205,0.009700000,3,10
2026-08-21,EUU,OPT,EUUH7 C1210,2027-03-05,C,1.21,0.008500000,3,1515
2026-08-21,EUU,OPT,EUUH7 C1215,2027-03-05,C,1.215,0.007500000,3,2
2026-08-21,EUU,OPT,EUUH7 C1220,2027-03-05,C,1.22,0.006600000,3,1312
2026-08-21,EUU,OPT,EUUH7 C1225,2027-03-05,C,1.225,0.005800000,3,4
2026-08-21,EUU,OPT,EUUH7 C1230,2027-03-05,C,1.23,0.005200000,3,12
2026-08-21,EUU,OPT,EUUH7 C1235,2027-03-05,C,1.235,0.004600000,3,53
2026-08-21,EUU,OPT,EUUH7 C1240,2027-03-05,C,1.24,0.004100000,3,54
2026-08-21,EUU,OPT,EUUH7 C1245,2027-03-05,C,1.245,0.003600000,3,71
2026-08-21,EUU,OPT,EUUH7 C1250,2027-03-05,C,1.25,0.003200000,3,53
2026-08-21,EUU,OPT,EUUH7 C1255,2027-03-05,C,1.255,0.002900000,3,
2026-08-21,EUU,OPT,EUUH7 C1260,2027-03-05,C,1.26,0.002600000,3,
2026-08-21,EUU,OPT,EUUH7 C1265,2027-03-05,C,1.265,0.002300000,3,1
2026-08-21,EUU,OPT,EUUH7 C1270,2027-03-05,C,1.27,0.002000000,3,1
2026-08-21,EUU,OPT,EUUH7 C1280,2027-03-05,C,1.28,0.001700000,3,
2026-08-21,EUU,OPT,EUUH7 C1290,2027-03-05,C,1.29,0.001300000,3,
2026-08-21,EUU,OPT,EUUH7 C1300,2027-03-05,C,1.3,0.001100000,3,3
2026-08-21,EUU,OPT,EUUH7 C1310,2027-03-05,C,1.31,0.000900000,3,
2026-08-21,EUU,OPT,EUUH7 C1320,2027-03-05,C,1.32,0.000800000,3,
2026-08-21,EUU,OPT,EUUH7 C1330,2027-03-05,C,1.33,0.000600000,3,
2026-08-21,EUU,OPT,EUUH7 C1340,2027-03-05,C,1.34,0.000500000,3,
2026-08-21,EUU,OPT,EUUH7 C1350,2027-03-05,C,1.35,0.000400000,3,53
2026-08-21,EUU,OPT,EUUH7 C1360,2027-03-05,C,1.36,0.000350000,3,
2026-08-21,EUU,OPT,EUUH7 C1370,2027-03-05,C,1.37,0.000250000,3,10
2026-08-21,EUU,OPT,EUUH7 P0970,2027-03-05,P,0.97,0.000100000,3,721
2026-08-21,EUU,OPT,EUUH7 P0980,2027-03-05,P,0.98,0.000200000,3,2
2026-08-21,EUU,OPT,EUUH7 P0990,2027-03-05,P,0.99,0.000200000,3,70
2026-08-21,EUU,OPT,EUUH7 P1000,2027-03-05,P,1,0.000250000,3,16
2026-08-21,EUU,OPT,EUUH7 P1010,2027-03-05,P,1.01,0.000300000,3,5531
2026-08-21,EUU,OPT,EUUH7 P1020,2027-03-05,P,1.02,0.000300000,3,70
2026-08-21,EUU,OPT,EUUH7 P1030,2027-03-05,P,1.03,0.000350000,3,6222
2026-08-21,EUU,OPT,EUUH7 P1040,2027-03-05,P,1.04,0.000500000,3,614
2026-08-21,EUU,OPT,EUUH7 P1050,2027-03-05,P,1.05,0.000600000,3,101
2026-08-21,EUU,OPT,EUUH7 P1060,2027-03-05,P,1.06,0.000800000,3,18
2026-08-21,EUU,OPT,EUUH7 P1065,2027-03-05,P,1.065,0.000900000,3,
2026-08-21,EUU,OPT,EUUH7 P1070,2027-03-05,P,1.07,0.001000000,3,3
2026-08-21,EUU,OPT,EUUH7 P1075,2027-03-05,P,1.075,0.001100000,3,3
2026-08-21,EUU,OPT,EUUH7 P1080,2027-03-05,P,1.08,0.001300000,3,488
2026-08-21,EUU,OPT,EUUH7 P1085,2027-03-05,P,1.085,0.001400000,3,1
2026-08-21,EUU,OPT,EUUH7 P1090,2027-03-05,P,1.09,0.001600000,3,21
2026-08-21,EUU,OPT,EUUH7 P1095,2027-03-05,P,1.095,0.001800000,3,70
2026-08-21,EUU,OPT,EUUH7 P1100,2027-03-05,P,1.1,0.002100000,3,218
2026-08-21,EUU,OPT,EUUH7 P1105,2027-03-05,P,1.105,0.002400000,3,300
2026-08-21,EUU,OPT,EUUH7 P1110,2027-03-05,P,1.11,0.002800000,3,130
2026-08-21,EUU,OPT,EUUH7 P1115,2027-03-05,P,1.115,0.003300000,3,80
2026-08-21,EUU,OPT,EUUH7 P1120,2027-03-05,P,1.12,0.003800000,3,6
2026-08-21,EUU,OPT,EUUH7 P1125,2027-03-05,P,1.125,0.004400000,3,365
2026-08-21,EUU,OPT,EUUH7 P1130,2027-03-05,P,1.13,0.005100000,3,1
2026-08-21,EUU,OPT,EUUH7 P1135,2027-03-05,P,1.135,0.005900000,3,2
2026-08-21,EUU,OPT,EUUH7 P1140,2027-03-05,P,1.14,0.006900000,3,22
2026-08-21,EUU,OPT,EUUH7 P1145,2027-03-05,P,1.145,0.008000000,3,428
2026-08-21,EUU,OPT,EUUH7 P1150,2027-03-05,P,1.15,0.009200000,3,33
2026-08-21,EUU,OPT,EUUH7 P1155,2027-03-05,P,1.155,0.010700000,3,240
2026-08-21,EUU,OPT,EUUH7 P1160,2027-03-05,P,1.16,0.012300000,3,527
2026-08-21,EUU,OPT,EUUH7 P1165,2027-03-05,P,1.165,0.014100000,3,1
2026-08-21,EUU,OPT,EUUH7 P1170,2027-03-05,P,1.17,0.016200000,3,1239
2026-08-21,EUU,OPT,EUUH7 P1175,2027-03-05,P,1.175,0.018500000,3,45
2026-08-21,EUU,OPT,EUUH7 P1180,2027-03-05,P,1.18,0.021000000,3,345
2026-08-21,EUU,OPT,EUUH7 P1185,2027-03-05,P,1.185,0.023700000,3,10
2026-08-21,EUU,OPT,EUUH7 P1190,2027-03-05,P,1.19,0.026700000,3,
2026-08-21,EUU,OPT,EUUH7 P1195,2027-03-05,P,1.195,0.029900000,3,
2026-08-21,EUU,OPT,EUUH7 P1200,2027-03-05,P,1.2,0.033300000,3,
2026-08-21,EUU,OPT,EUUH7 P1205,2027-03-05,P,1.205,0.036800000,3,3
2026-08-21,EUU,OPT,EUUH7 P1210,2027-03-05,P,1.21,0.040600000,3,
2026-08-21,EUU,OPT,EUUH7 P1215,2027-03-05,P,1.215,0.044400000,3,
2026-08-21,EUU,OPT,EUUH7 P1220,2027-03-05,P,1.22,0.048500000,3,1
2026-08-21,EUU,OPT,EUUH7 P1225,2027-03-05,P,1.225,0.052600000,3,
2026-08-21,EUU,OPT,EUUH7 P1230,2027-03-05,P,1.23,0.056800000,3,
2026-08-21,EUU,OPT,EUUH7 P1235,2027-03-05,P,1.235,0.061100000,3,
2026-08-21,EUU,OPT,EUUH7 P1240,2027-03-05,P,1.24,0.065500000,3,
2026-08-21,EUU,OPT,EUUH7 P1245,2027-03-05,P,1.245,0.069900000,3,
2026-08-21,EUU,OPT,EUUH7 P1250,2027-03-05,P,1.25,0.074400000,3,
2026-08-21,EUU,OPT,EUUH7 P1255,2027-03-05,P,1.255,0.079000000,3,
2026-08-21,EUU,OPT,EUUH7 P1260,2027-03-05,P,1.26,0.083600000,3,
2026-08-21,EUU,OPT,EUUH7 P1265,2027-03-05,P,1.265,0.088200000,3,
2026-08-21,EUU,OPT,EUUH7 P1270,2027-03-05,P,1.27,0.092900000,3,
2026-08-21,EUU,OPT,EUUH7 P1280,2027-03-05,P,1.28,0.102300000,3,
2026-08-21,EUU,OPT,EUUH7 P1290,2027-03-05,P,1.29,0.111800000,3,
2026-08-21,EUU,OPT,EUUH7 P1300,2027-03-05,P,1.3,0.121300000,3,
2026-08-21,EUU,OPT,EUUH7 P1310,2027-03-05,P,1.31,0.130900000,3,
2026-08-21,EUU,OPT,EUUH7 P1320,2027-03-05,P,1.32,0.140600000,3,
2026-08-21,EUU,OPT,EUUH7 P1330,2027-03-05,P,1.33,0.150200000,3,
2026-08-21,EUU,OPT,EUUH7 P1340,2027-03-05,P,1.34,0.159900000,3,
2026-08-21,EUU,OPT,EUUH7 P1350,2027-03-05,P,1.35,0.169600000,3,
2026-08-21,EUU,OPT,EUUH7 P1360,2027-03-05,P,1.36,0.179300000,3,
2026-08-21,EUU,OPT,EUUH7 P1370,2027-03-05,P,1.37,0.189100000,3,
2026-08-21,EUU,OPT,EUUJ7 C1000,2027-04-09,C,1,0.177200000,3,
2026-08-21,EUU,OPT,EUUJ7 C1010,2027-04-09,C,1.01,0.167500000,3,
2026-08-21,EUU,OPT,EUUJ7 C1020,2027-04-09,C,1.02,0.157800000,3,
2026-08-21,EUU,OPT,EUUJ7 C1030,2027-04-09,C,1.03,0.148100000,3,
2026-08-21,EUU,OPT,EUUJ7 C1040,2027-04-09,C,1.04,0.138500000,3,
2026-08-21,EUU,OPT,EUUJ7 C1050,2027-04-09,C,1.05,0.128800000,3,
2026-08-21,EUU,OPT,EUUJ7 C1060,2027-04-09,C,1.06,0.119300000,3,1
2026-08-21,EUU,OPT,EUUJ7 C1070,2027-04-09,C,1.07,0.109800000,3,
2026-08-21,EUU,OPT,EUUJ7 C1080,2027-04-09,C,1.08,0.100400000,3,
2026-08-21,EUU,OPT,EUUJ7 C1090,2027-04-09,C,1.09,0.091100000,3,
2026-08-21,EUU,OPT,EUUJ7 C1100,2027-04-09,C,1.1,0.081900000,3,
2026-08-21,EUU,OPT,EUUJ7 C1105,2027-04-09,C,1.105,0.077400000,3,
2026-08-21,EUU,OPT,EUUJ7 C1110,2027-04-09,C,1.11,0.072900000,3,
2026-08-21,EUU,OPT,EUUJ7 C1115,2027-04-09,C,1.115,0.068500000,3,
2026-08-21,EUU,OPT,EUUJ7 C1120,2027-04-09,C,1.12,0.064200000,3,
2026-08-21,EUU,OPT,EUUJ7 C1125,2027-04-09,C,1.125,0.059900000,3,
2026-08-21,EUU,OPT,EUUJ7 C1130,2027-04-09,C,1.13,0.055800000,3,
2026-08-21,EUU,OPT,EUUJ7 C1135,2027-04-09,C,1.135,0.051700000,3,
2026-08-21,EUU,OPT,EUUJ7 C1140,2027-04-09,C,1.14,0.047800000,3,
2026-08-21,EUU,OPT,EUUJ7 C1145,2027-04-09,C,1.145,0.044000000,3,1
2026-08-21,EUU,OPT,EUUJ7 C1150,2027-04-09,C,1.15,0.040300000,3,3
2026-08-21,EUU,OPT,EUUJ7 C1155,2027-04-09,C,1.155,0.036800000,3,
2026-08-21,EUU,OPT,EUUJ7 C1160,2027-04-09,C,1.16,0.033500000,3,5
2026-08-21,EUU,OPT,EUUJ7 C1165,2027-04-09,C,1.165,0.030300000,3,12
2026-08-21,EUU,OPT,EUUJ7 C1170,2027-04-09,C,1.17,0.027400000,3,10
2026-08-21,EUU,OPT,EUUJ7 C1175,2027-04-09,C,1.175,0.024600000,3,10
2026-08-21,EUU,OPT,EUUJ7 C1180,2027-04-09,C,1.18,0.022100000,3,25
2026-08-21,EUU,OPT,EUUJ7 C1185,2027-04-09,C,1.185,0.019800000,3,379
2026-08-21,EUU,OPT,EUUJ7 C1190,2027-04-09,C,1.19,0.017700000,3,
2026-08-21,EUU,OPT,EUUJ7 C1195,2027-04-09,C,1.195,0.015800000,3,6
2026-08-21,EUU,OPT,EUUJ7 C1200,2027-04-09,C,1.2,0.014000000,3,1
2026-08-21,EUU,OPT,EUUJ7 C1205,2027-04-09,C,1.205,0.012500000,3,
2026-08-21,EUU,OPT,EUUJ7 C1210,2027-04-09,C,1.21,0.011100000,3,
2026-08-21,EUU,OPT,EUUJ7 C1215,2027-04-09,C,1.215,0.009900000,3,
2026-08-21,EUU,OPT,EUUJ7 C1220,2027-04-09,C,1.22,0.008800000,3,
2026-08-21,EUU,OPT,EUUJ7 C1225,2027-04-09,C,1.225,0.007900000,3,
2026-08-21,EUU,OPT,EUUJ7 C1230,2027-04-09,C,1.23,0.007000000,3,
2026-08-21,EUU,OPT,EUUJ7 C1235,2027-04-09,C,1.235,0.006300000,3,163
2026-08-21,EUU,OPT,EUUJ7 C1240,2027-04-09,C,1.24,0.005600000,3,3
2026-08-21,EUU,OPT,EUUJ7 C1245,2027-04-09,C,1.245,0.005000000,3,
2026-08-21,EUU,OPT,EUUJ7 C1250,2027-04-09,C,1.25,0.004500000,3,161
2026-08-21,EUU,OPT,EUUJ7 C1260,2027-04-09,C,1.26,0.003600000,3,3
2026-08-21,EUU,OPT,EUUJ7 C1270,2027-04-09,C,1.27,0.002900000,3,
2026-08-21,EUU,OPT,EUUJ7 C1280,2027-04-09,C,1.28,0.002400000,3,1049
2026-08-21,EUU,OPT,EUUJ7 C1290,2027-04-09,C,1.29,0.001900000,3,
2026-08-21,EUU,OPT,EUUJ7 C1300,2027-04-09,C,1.3,0.001600000,3,
2026-08-21,EUU,OPT,EUUJ7 C1310,2027-04-09,C,1.31,0.001400000,3,
2026-08-21,EUU,OPT,EUUJ7 C1320,2027-04-09,C,1.32,0.001200000,3,
2026-08-21,EUU,OPT,EUUJ7 C1330,2027-04-09,C,1.33,0.001000000,3,
2026-08-21,EUU,OPT,EUUJ7 C1340,2027-04-09,C,1.34,0.000800000,3,
2026-08-21,EUU,OPT,EUUJ7 C1350,2027-04-09,C,1.35,0.000700000,3,
2026-08-21,EUU,OPT,EUUJ7 P1000,2027-04-09,P,1,0.000300000,3,
2026-08-21,EUU,OPT,EUUJ7 P1010,2027-04-09,P,1.01,0.000350000,3,4
2026-08-21,EUU,OPT,EUUJ7 P1020,2027-04-09,P,1.02,0.000400000,3,
2026-08-21,EUU,OPT,EUUJ7 P1030,2027-04-09,P,1.03,0.000500000,3,
2026-08-21,EUU,OPT,EUUJ7 P1040,2027-04-09,P,1.04,0.000600000,3,
2026-08-21,EUU,OPT,EUUJ7 P1050,2027-04-09,P,1.05,0.000800000,3,
2026-08-21,EUU,OPT,EUUJ7 P1060,2027-04-09,P,1.06,0.001000000,3,1
2026-08-21,EUU,OPT,EUUJ7 P1070,2027-04-09,P,1.07,0.001300000,3,
2026-08-21,EUU,OPT,EUUJ7 P1080,2027-04-09,P,1.08,0.001600000,3,38
2026-08-21,EUU,OPT,EUUJ7 P1090,2027-04-09,P,1.09,0.002000000,3,125
2026-08-21,EUU,OPT,EUUJ7 P1100,2027-04-09,P,1.1,0.002600000,3,39
2026-08-21,EUU,OPT,EUUJ7 P1105,2027-04-09,P,1.105,0.003000000,3,28
2026-08-21,EUU,OPT,EUUJ7 P1110,2027-04-09,P,1.11,0.003400000,3,15
2026-08-21,EUU,OPT,EUUJ7 P1115,2027-04-09,P,1.115,0.003900000,3,1
2026-08-21,EUU,OPT,EUUJ7 P1120,2027-04-09,P,1.12,0.004400000,3,10
2026-08-21,EUU,OPT,EUUJ7 P1125,2027-04-09,P,1.125,0.005100000,3,4
2026-08-21,EUU,OPT,EUUJ7 P1130,2027-04-09,P,1.13,0.005800000,3,5
2026-08-21,EUU,OPT,EUUJ7 P1135,2027-04-09,P,1.135,0.006600000,3,20
2026-08-21,EUU,OPT,EUUJ7 P1140,2027-04-09,P,1.14,0.007600000,3,60
2026-08-21,EUU,OPT,EUUJ7 P1145,2027-04-09,P,1.145,0.008600000,3,20
2026-08-21,EUU,OPT,EUUJ7 P1150,2027-04-09,P,1.15,0.009900000,3,366
2026-08-21,EUU,OPT,EUUJ7 P1155,2027-04-09,P,1.155,0.011200000,3,360
2026-08-21,EUU,OPT,EUUJ7 P1160,2027-04-09,P,1.16,0.012800000,3,241
2026-08-21,EUU,OPT,EUUJ7 P1165,2027-04-09,P,1.165,0.014500000,3,380
2026-08-21,EUU,OPT,EUUJ7 P1170,2027-04-09,P,1.17,0.016400000,3,290
2026-08-21,EUU,OPT,EUUJ7 P1175,2027-04-09,P,1.175,0.018600000,3,2384
2026-08-21,EUU,OPT,EUUJ7 P1180,2027-04-09,P,1.18,0.020900000,3,2888
2026-08-21,EUU,OPT,EUUJ7 P1185,2027-04-09,P,1.185,0.023500000,3,
2026-08-21,EUU,OPT,EUUJ7 P1190,2027-04-09,P,1.19,0.026300000,3,300
2026-08-21,EUU,OPT,EUUJ7 P1195,2027-04-09,P,1.195,0.029200000,3,
2026-08-21,EUU,OPT,EUUJ7 P1200,2027-04-09,P,1.2,0.032400000,3,
2026-08-21,EUU,OPT,EUUJ7 P1205,2027-04-09,P,1.205,0.035700000,3,
2026-08-21,EUU,OPT,EUUJ7 P1210,2027-04-09,P,1.21,0.039200000,3,
2026-08-21,EUU,OPT,EUUJ7 P1215,2027-04-09,P,1.215,0.042900000,3,
2026-08-21,EUU,OPT,EUUJ7 P1220,2027-04-09,P,1.22,0.046700000,3,
2026-08-21,EUU,OPT,EUUJ7 P1225,2027-04-09,P,1.225,0.050600000,3,
2026-08-21,EUU,OPT,EUUJ7 P1230,2027-04-09,P,1.23,0.054600000,3,
2026-08-21,EUU,OPT,EUUJ7 P1235,2027-04-09,P,1.235,0.058800000,3,
2026-08-21,EUU,OPT,EUUJ7 P1240,2027-04-09,P,1.24,0.063000000,3,
2026-08-21,EUU,OPT,EUUJ7 P1245,2027-04-09,P,1.245,0.067300000,3,
2026-08-21,EUU,OPT,EUUJ7 P1250,2027-04-09,P,1.25,0.071600000,3,
2026-08-21,EUU,OPT,EUUJ7 P1260,2027-04-09,P,1.26,0.080500000,3,
2026-08-21,EUU,OPT,EUUJ7 P1270,2027-04-09,P,1.27,0.089600000,3,
2026-08-21,EUU,OPT,EUUJ7 P1280,2027-04-09,P,1.28,0.098800000,3,
2026-08-21,EUU,OPT,EUUJ7 P1290,2027-04-09,P,1.29,0.108100000,3,
2026-08-21,EUU,OPT,EUUJ7 P1300,2027-04-09,P,1.3,0.117600000,3,
2026-08-21,EUU,OPT,EUUJ7 P1310,2027-04-09,P,1.31,0.127100000,3,
2026-08-21,EUU,OPT,EUUJ7 P1320,2027-04-09,P,1.32,0.136700000,3,
2026-08-21,EUU,OPT,EUUJ7 P1330,2027-04-09,P,1.33,0.146300000,3,
2026-08-21,EUU,OPT,EUUJ7 P1340,2027-04-09,P,1.34,0.155800000,3,
2026-08-21,EUU,OPT,EUUJ7 P1350,2027-04-09,P,1.35,0.165400000,3,
2026-08-21,EUU,OPT,EUUK7 C1000,2027-05-07,C,1,0.176900000,3,
2026-08-21,EUU,OPT,EUUK7 C1010,2027-05-07,C,1.01,0.167200000,3,
2026-08-21,EUU,OPT,EUUK7 C1020,2027-05-07,C,1.02,0.157600000,3,
2026-08-21,EUU,OPT,EUUK7 C1030,2027-05-07,C,1.03,0.148100000,3,
2026-08-21,EUU,OPT,EUUK7 C1040,2027-05-07,C,1.04,0.138500000,3,
2026-08-21,EUU,OPT,EUUK7 C1050,2027-05-07,C,1.05,0.129000000,3,
2026-08-21,EUU,OPT,EUUK7 C1060,2027-05-07,C,1.06,0.119500000,3,
2026-08-21,EUU,OPT,EUUK7 C1070,2027-05-07,C,1.07,0.110200000,3,
2026-08-21,EUU,OPT,EUUK7 C1080,2027-05-07,C,1.08,0.100900000,3,
2026-08-21,EUU,OPT,EUUK7 C1090,2027-05-07,C,1.09,0.091800000,3,
2026-08-21,EUU,OPT,EUUK7 C1100,2027-05-07,C,1.1,0.082800000,3,
2026-08-21,EUU,OPT,EUUK7 C1105,2027-05-07,C,1.105,0.078300000,3,
2026-08-21,EUU,OPT,EUUK7 C1110,2027-05-07,C,1.11,0.074000000,3,
2026-08-21,EUU,OPT,EUUK7 C1115,2027-05-07,C,1.115,0.069700000,3,
2026-08-21,EUU,OPT,EUUK7 C1120,2027-05-07,C,1.12,0.065400000,3,
2026-08-21,EUU,OPT,EUUK7 C1125,2027-05-07,C,1.125,0.061300000,3,
2026-08-21,EUU,OPT,EUUK7 C1130,2027-05-07,C,1.13,0.057200000,3,
2026-08-21,EUU,OPT,EUUK7 C1135,2027-05-07,C,1.135,0.053300000,3,
2026-08-21,EUU,OPT,EUUK7 C1140,2027-05-07,C,1.14,0.049400000,3,2
2026-08-21,EUU,OPT,EUUK7 C1145,2027-05-07,C,1.145,0.045700000,3,
2026-08-21,EUU,OPT,EUUK7 C1150,2027-05-07,C,1.15,0.042100000,3,3
2026-08-21,EUU,OPT,EUUK7 C1155,2027-05-07,C,1.155,0.038700000,3,149
2026-08-21,EUU,OPT,EUUK7 C1160,2027-05-07,C,1.16,0.035500000,3,100
2026-08-21,EUU,OPT,EUUK7 C1165,2027-05-07,C,1.165,0.032400000,3,301
2026-08-21,EUU,OPT,EUUK7 C1170,2027-05-07,C,1.17,0.029500000,3,3
2026-08-21,EUU,OPT,EUUK7 C1175,2027-05-07,C,1.175,0.026800000,3,21
2026-08-21,EUU,OPT,EUUK7 C1180,2027-05-07,C,1.18,0.024200000,3,3
2026-08-21,EUU,OPT,EUUK7 C1185,2027-05-07,C,1.185,0.021900000,3,640
2026-08-21,EUU,OPT,EUUK7 C1190,2027-05-07,C,1.19,0.019800000,3,5
2026-08-21,EUU,OPT,EUUK7 C1195,2027-05-07,C,1.195,0.017800000,3,1006
2026-08-21,EUU,OPT,EUUK7 C1200,2027-05-07,C,1.2,0.016000000,3,
2026-08-21,EUU,OPT,EUUK7 C1205,2027-05-07,C,1.205,0.014400000,3,
2026-08-21,EUU,OPT,EUUK7 C1210,2027-05-07,C,1.21,0.012900000,3,
2026-08-21,EUU,OPT,EUUK7 C1215,2027-05-07,C,1.215,0.011600000,3,160
2026-08-21,EUU,OPT,EUUK7 C1220,2027-05-07,C,1.22,0.010400000,3,1
2026-08-21,EUU,OPT,EUUK7 C1225,2027-05-07,C,1.225,0.009400000,3,9
2026-08-21,EUU,OPT,EUUK7 C1230,2027-05-07,C,1.23,0.008500000,3,1
2026-08-21,EUU,OPT,EUUK7 C1235,2027-05-07,C,1.235,0.007600000,3,1000
2026-08-21,EUU,OPT,EUUK7 C1240,2027-05-07,C,1.24,0.006900000,3,3
2026-08-21,EUU,OPT,EUUK7 C1245,2027-05-07,C,1.245,0.006200000,3,
2026-08-21,EUU,OPT,EUUK7 C1250,2027-05-07,C,1.25,0.005600000,3,1000
2026-08-21,EUU,OPT,EUUK7 C1260,2027-05-07,C,1.26,0.004500000,3,
2026-08-21,EUU,OPT,EUUK7 C1270,2027-05-07,C,1.27,0.003700000,3,
2026-08-21,EUU,OPT,EUUK7 C1280,2027-05-07,C,1.28,0.003000000,3,50
2026-08-21,EUU,OPT,EUUK7 C1290,2027-05-07,C,1.29,0.002500000,3,
2026-08-21,EUU,OPT,EUUK7 C1300,2027-05-07,C,1.3,0.002100000,3,1
2026-08-21,EUU,OPT,EUUK7 C1310,2027-05-07,C,1.31,0.001700000,3,
2026-08-21,EUU,OPT,EUUK7 C1320,2027-05-07,C,1.32,0.001400000,3,
2026-08-21,EUU,OPT,EUUK7 C1330,2027-05-07,C,1.33,0.001200000,3,
2026-08-21,EUU,OPT,EUUK7 C1340,2027-05-07,C,1.34,0.001000000,3,
2026-08-21,EUU,OPT,EUUK7 P1000,2027-05-07,P,1,0.000500000,3,
2026-08-21,EUU,OPT,EUUK7 P1010,2027-05-07,P,1.01,0.000700000,3,9
2026-08-21,EUU,OPT,EUUK7 P1020,2027-05-07,P,1.02,0.000800000,3,
2026-08-21,EUU,OPT,EUUK7 P1030,2027-05-07,P,1.03,0.000900000,3,1
2026-08-21,EUU,OPT,EUUK7 P1040,2027-05-07,P,1.04,0.001100000,3,
2026-08-21,EUU,OPT,EUUK7 P1050,2027-05-07,P,1.05,0.001300000,3,10
2026-08-21,EUU,OPT,EUUK7 P1060,2027-05-07,P,1.06,0.001600000,3,
2026-08-21,EUU,OPT,EUUK7 P1070,2027-05-07,P,1.07,0.002000000,3,5
2026-08-21,EUU,OPT,EUUK7 P1080,2027-05-07,P,1.08,0.002400000,3,1
2026-08-21,EUU,OPT,EUUK7 P1090,2027-05-07,P,1.09,0.003000000,3,
2026-08-21,EUU,OPT,EUUK7 P1100,2027-05-07,P,1.1,0.003800000,3,6
2026-08-21,EUU,OPT,EUUK7 P1105,2027-05-07,P,1.105,0.004200000,3,
2026-08-21,EUU,OPT,EUUK7 P1110,2027-05-07,P,1.11,0.004700000,3,
2026-08-21,EUU,OPT,EUUK7 P1115,2027-05-07,P,1.115,0.005300000,3,
2026-08-21,EUU,OPT,EUUK7 P1120,2027-05-07,P,1.12,0.005900000,3,1604
2026-08-21,EUU,OPT,EUUK7 P1125,2027-05-07,P,1.125,0.006600000,3,2700
2026-08-21,EUU,OPT,EUUK7 P1130,2027-05-07,P,1.13,0.007400000,3,13
2026-08-21,EUU,OPT,EUUK7 P1135,2027-05-07,P,1.135,0.008300000,3,4
2026-08-21,EUU,OPT,EUUK7 P1140,2027-05-07,P,1.14,0.009300000,3,125
2026-08-21,EUU,OPT,EUUK7 P1145,2027-05-07,P,1.145,0.010500000,3,64
2026-08-21,EUU,OPT,EUUK7 P1150,2027-05-07,P,1.15,0.011800000,3,98
2026-08-21,EUU,OPT,EUUK7 P1155,2027-05-07,P,1.155,0.013200000,3,98
2026-08-21,EUU,OPT,EUUK7 P1160,2027-05-07,P,1.16,0.014800000,3,70
2026-08-21,EUU,OPT,EUUK7 P1165,2027-05-07,P,1.165,0.016600000,3,
2026-08-21,EUU,OPT,EUUK7 P1170,2027-05-07,P,1.17,0.018600000,3,223
2026-08-21,EUU,OPT,EUUK7 P1175,2027-05-07,P,1.175,0.020700000,3,12
2026-08-21,EUU,OPT,EUUK7 P1180,2027-05-07,P,1.18,0.023100000,3,4
2026-08-21,EUU,OPT,EUUK7 P1185,2027-05-07,P,1.185,0.025600000,3,2
2026-08-21,EUU,OPT,EUUK7 P1190,2027-05-07,P,1.19,0.028300000,3,
2026-08-21,EUU,OPT,EUUK7 P1195,2027-05-07,P,1.195,0.031200000,3,
2026-08-21,EUU,OPT,EUUK7 P1200,2027-05-07,P,1.2,0.034300000,3,
2026-08-21,EUU,OPT,EUUK7 P1205,2027-05-07,P,1.205,0.037500000,3,
2026-08-21,EUU,OPT,EUUK7 P1210,2027-05-07,P,1.21,0.040900000,3,
2026-08-21,EUU,OPT,EUUK7 P1215,2027-05-07,P,1.215,0.044500000,3,
2026-08-21,EUU,OPT,EUUK7 P1220,2027-05-07,P,1.22,0.048200000,3,
2026-08-21,EUU,OPT,EUUK7 P1225,2027-05-07,P,1.225,0.052000000,3,
2026-08-21,EUU,OPT,EUUK7 P1230,2027-05-07,P,1.23,0.055900000,3,
2026-08-21,EUU,OPT,EUUK7 P1235,2027-05-07,P,1.235,0.060000000,3,
2026-08-21,EUU,OPT,EUUK7 P1240,2027-05-07,P,1.24,0.064100000,3,
2026-08-21,EUU,OPT,EUUK7 P1245,2027-05-07,P,1.245,0.068300000,3,
2026-08-21,EUU,OPT,EUUK7 P1250,2027-05-07,P,1.25,0.072500000,3,
2026-08-21,EUU,OPT,EUUK7 P1260,2027-05-07,P,1.26,0.081200000,3,
2026-08-21,EUU,OPT,EUUK7 P1270,2027-05-07,P,1.27,0.090100000,3,
2026-08-21,EUU,OPT,EUUK7 P1280,2027-05-07,P,1.28,0.099200000,3,
2026-08-21,EUU,OPT,EUUK7 P1290,2027-05-07,P,1.29,0.108400000,3,
2026-08-21,EUU,OPT,EUUK7 P1300,2027-05-07,P,1.3,0.117700000,3,
2026-08-21,EUU,OPT,EUUK7 P1310,2027-05-07,P,1.31,0.127000000,3,
2026-08-21,EUU,OPT,EUUK7 P1320,2027-05-07,P,1.32,0.136500000,3,
2026-08-21,EUU,OPT,EUUK7 P1330,2027-05-07,P,1.33,0.146000000,3,
2026-08-21,EUU,OPT,EUUK7 P1340,2027-05-07,P,1.34,0.155500000,3,
2026-08-21,EUU,OPT,EUUM7 C1000,2027-06-04,C,1,0.176500000,3,
2026-08-21,EUU,OPT,EUUM7 C1010,2027-06-04,C,1.01,0.166900000,3,
2026-08-21,EUU,OPT,EUUM7 C1020,2027-06-04,C,1.02,0.157300000,3,
2026-08-21,EUU,OPT,EUUM7 C1030,2027-06-04,C,1.03,0.147700000,3,
2026-08-21,EUU,OPT,EUUM7 C1040,2027-06-04,C,1.04,0.138200000,3,
2026-08-21,EUU,OPT,EUUM7 C1050,2027-06-04,C,1.05,0.128800000,3,
2026-08-21,EUU,OPT,EUUM7 C1060,2027-06-04,C,1.06,0.119400000,3,
2026-08-21,EUU,OPT,EUUM7 C1070,2027-06-04,C,1.07,0.110100000,3,
2026-08-21,EUU,OPT,EUUM7 C1080,2027-06-04,C,1.08,0.100900000,3,
2026-08-21,EUU,OPT,EUUM7 C1090,2027-06-04,C,1.09,0.091900000,3,
2026-08-21,EUU,OPT,EUUM7 C1100,2027-06-04,C,1.1,0.083100000,3,4
2026-08-21,EUU,OPT,EUUM7 C1105,2027-06-04,C,1.105,0.078700000,3,
2026-08-21,EUU,OPT,EUUM7 C1110,2027-06-04,C,1.11,0.074500000,3,
2026-08-21,EUU,OPT,EUUM7 C1115,2027-06-04,C,1.115,0.070200000,3,
2026-08-21,EUU,OPT,EUUM7 C1120,2027-06-04,C,1.12,0.066100000,3,
2026-08-21,EUU,OPT,EUUM7 C1125,2027-06-04,C,1.125,0.062000000,3,1
2026-08-21,EUU,OPT,EUUM7 C1130,2027-06-04,C,1.13,0.058000000,3,
2026-08-21,EUU,OPT,EUUM7 C1135,2027-06-04,C,1.135,0.054100000,3,
2026-08-21,EUU,OPT,EUUM7 C1140,2027-06-04,C,1.14,0.050400000,3,6030
2026-08-21,EUU,OPT,EUUM7 C1145,2027-06-04,C,1.145,0.046700000,3,1
2026-08-21,EUU,OPT,EUUM7 C1150,2027-06-04,C,1.15,0.043200000,3,2133
2026-08-21,EUU,OPT,EUUM7 C1155,2027-06-04,C,1.155,0.039800000,3,3
2026-08-21,EUU,OPT,EUUM7 C1160,2027-06-04,C,1.16,0.036600000,3,6861
2026-08-21,EUU,OPT,EUUM7 C1165,2027-06-04,C,1.165,0.033600000,3,
2026-08-21,EUU,OPT,EUUM7 C1170,2027-06-04,C,1.17,0.030700000,3,11
2026-08-21,EUU,OPT,EUUM7 C1175,2027-06-04,C,1.175,0.028000000,3,488
2026-08-21,EUU,OPT,EUUM7 C1180,2027-06-04,C,1.18,0.025500000,3,12752
2026-08-21,EUU,OPT,EUUM7 C1185,2027-06-04,C,1.185,0.023200000,3,12
2026-08-21,EUU,OPT,EUUM7 C1190,2027-06-04,C,1.19,0.021100000,3,38
2026-08-21,EUU,OPT,EUUM7 C1195,2027-06-04,C,1.195,0.019100000,3,48
2026-08-21,EUU,OPT,EUUM7 C1200,2027-06-04,C,1.2,0.017300000,3,6505
2026-08-21,EUU,OPT,EUUM7 C1205,2027-06-04,C,1.205,0.015600000,3,
2026-08-21,EUU,OPT,EUUM7 C1210,2027-06-04,C,1.21,0.014100000,3,1
2026-08-21,EUU,OPT,EUUM7 C1215,2027-06-04,C,1.215,0.012800000,3,40
2026-08-21,EUU,OPT,EUUM7 C1220,2027-06-04,C,1.22,0.011600000,3,
2026-08-21,EUU,OPT,EUUM7 C1225,2027-06-04,C,1.225,0.010500000,3,976
2026-08-21,EUU,OPT,EUUM7 C1230,2027-06-04,C,1.23,0.009500000,3,
2026-08-21,EUU,OPT,EUUM7 C1235,2027-06-04,C,1.235,0.008600000,3,
2026-08-21,EUU,OPT,EUUM7 C1240,2027-06-04,C,1.24,0.007800000,3,72
2026-08-21,EUU,OPT,EUUM7 C1245,2027-06-04,C,1.245,0.007100000,3,
2026-08-21,EUU,OPT,EUUM7 C1250,2027-06-04,C,1.25,0.006500000,3,2
2026-08-21,EUU,OPT,EUUM7 C1255,2027-06-04,C,1.255,0.005900000,3,
2026-08-21,EUU,OPT,EUUM7 C1260,2027-06-04,C,1.26,0.005400000,3,2
2026-08-21,EUU,OPT,EUUM7 C1265,2027-06-04,C,1.265,0.004900000,3,
2026-08-21,EUU,OPT,EUUM7 C1270,2027-06-04,C,1.27,0.004500000,3,39
2026-08-21,EUU,OPT,EUUM7 C1280,2027-06-04,C,1.28,0.003700000,3,
2026-08-21,EUU,OPT,EUUM7 C1290,2027-06-04,C,1.29,0.003100000,3,4
2026-08-21,EUU,OPT,EUUM7 C1300,2027-06-04,C,1.3,0.002600000,3,
2026-08-21,EUU,OPT,EUUM7 C1310,2027-06-04,C,1.31,0.002200000,3,2
2026-08-21,EUU,OPT,EUUM7 C1320,2027-06-04,C,1.32,0.001900000,3,1060
2026-08-21,EUU,OPT,EUUM7 C1330,2027-06-04,C,1.33,0.001600000,3,
2026-08-21,EUU,OPT,EUUM7 C1340,2027-06-04,C,1.34,0.001300000,3,1
2026-08-21,EUU,OPT,EUUM7 C1350,2027-06-04,C,1.35,0.001200000,3,
2026-08-21,EUU,OPT,EUUM7 C1360,2027-06-04,C,1.36,0.001100000,3,
2026-08-21,EUU,OPT,EUUM7 C1370,2027-06-04,C,1.37,0.001000000,3,6
2026-08-21,EUU,OPT,EUUM7 P1000,2027-06-04,P,1,0.000700000,3,11
2026-08-21,EUU,OPT,EUUM7 P1010,2027-06-04,P,1.01,0.000800000,3,
2026-08-21,EUU,OPT,EUUM7 P1020,2027-06-04,P,1.02,0.000900000,3,15
2026-08-21,EUU,OPT,EUUM7 P1030,2027-06-04,P,1.03,0.001100000,3,763
2026-08-21,EUU,OPT,EUUM7 P1040,2027-06-04,P,1.04,0.001300000,3,
2026-08-21,EUU,OPT,EUUM7 P1050,2027-06-04,P,1.05,0.001500000,3,2
2026-08-21,EUU,OPT,EUUM7 P1060,2027-06-04,P,1.06,0.001800000,3,
2026-08-21,EUU,OPT,EUUM7 P1070,2027-06-04,P,1.07,0.002200000,3,
2026-08-21,EUU,OPT,EUUM7 P1080,2027-06-04,P,1.08,0.002700000,3,32
2026-08-21,EUU,OPT,EUUM7 P1090,2027-06-04,P,1.09,0.003400000,3,51
2026-08-21,EUU,OPT,EUUM7 P1100,2027-06-04,P,1.1,0.004300000,3,750
2026-08-21,EUU,OPT,EUUM7 P1105,2027-06-04,P,1.105,0.004800000,3,38
2026-08-21,EUU,OPT,EUUM7 P1110,2027-06-04,P,1.11,0.005400000,3,30
2026-08-21,EUU,OPT,EUUM7 P1115,2027-06-04,P,1.115,0.006000000,3,1
2026-08-21,EUU,OPT,EUUM7 P1120,2027-06-04,P,1.12,0.006700000,3,23
2026-08-21,EUU,OPT,EUUM7 P1125,2027-06-04,P,1.125,0.007500000,3,
2026-08-21,EUU,OPT,EUUM7 P1130,2027-06-04,P,1.13,0.008400000,3,13
2026-08-21,EUU,OPT,EUUM7 P1135,2027-06-04,P,1.135,0.009300000,3,9
2026-08-21,EUU,OPT,EUUM7 P1140,2027-06-04,P,1.14,0.010400000,3,14
2026-08-21,EUU,OPT,EUUM7 P1145,2027-06-04,P,1.145,0.011600000,3,16
2026-08-21,EUU,OPT,EUUM7 P1150,2027-06-04,P,1.15,0.012900000,3,80
2026-08-21,EUU,OPT,EUUM7 P1155,2027-06-04,P,1.155,0.014400000,3,35
2026-08-21,EUU,OPT,EUUM7 P1160,2027-06-04,P,1.16,0.016100000,3,15
2026-08-21,EUU,OPT,EUUM7 P1165,2027-06-04,P,1.165,0.017900000,3,
2026-08-21,EUU,OPT,EUUM7 P1170,2027-06-04,P,1.17,0.019900000,3,7
2026-08-21,EUU,OPT,EUUM7 P1175,2027-06-04,P,1.175,0.022000000,3,
2026-08-21,EUU,OPT,EUUM7 P1180,2027-06-04,P,1.18,0.024400000,3,25
2026-08-21,EUU,OPT,EUUM7 P1185,2027-06-04,P,1.185,0.026900000,3,
2026-08-21,EUU,OPT,EUUM7 P1190,2027-06-04,P,1.19,0.029600000,3,
2026-08-21,EUU,OPT,EUUM7 P1195,2027-06-04,P,1.195,0.032500000,3,
2026-08-21,EUU,OPT,EUUM7 P1200,2027-06-04,P,1.2,0.035500000,3,3
2026-08-21,EUU,OPT,EUUM7 P1205,2027-06-04,P,1.205,0.038700000,3,
2026-08-21,EUU,OPT,EUUM7 P1210,2027-06-04,P,1.21,0.042100000,3,1
2026-08-21,EUU,OPT,EUUM7 P1215,2027-06-04,P,1.215,0.045600000,3,
2026-08-21,EUU,OPT,EUUM7 P1220,2027-06-04,P,1.22,0.049200000,3,
2026-08-21,EUU,OPT,EUUM7 P1225,2027-06-04,P,1.225,0.053000000,3,
2026-08-21,EUU,OPT,EUUM7 P1230,2027-06-04,P,1.23,0.056800000,3,
2026-08-21,EUU,OPT,EUUM7 P1235,2027-06-04,P,1.235,0.060800000,3,
2026-08-21,EUU,OPT,EUUM7 P1240,2027-06-04,P,1.24,0.064900000,3,
2026-08-21,EUU,OPT,EUUM7 P1245,2027-06-04,P,1.245,0.069000000,3,
2026-08-21,EUU,OPT,EUUM7 P1250,2027-06-04,P,1.25,0.073200000,3,
2026-08-21,EUU,OPT,EUUM7 P1255,2027-06-04,P,1.255,0.077500000,3,
2026-08-21,EUU,OPT,EUUM7 P1260,2027-06-04,P,1.26,0.081800000,3,
2026-08-21,EUU,OPT,EUUM7 P1265,2027-06-04,P,1.265,0.086200000,3,
2026-08-21,EUU,OPT,EUUM7 P1270,2027-06-04,P,1.27,0.090600000,3,
2026-08-21,EUU,OPT,EUUM7 P1280,2027-06-04,P,1.28,0.099600000,3,
2026-08-21,EUU,OPT,EUUM7 P1290,2027-06-04,P,1.29,0.108700000,3,
2026-08-21,EUU,OPT,EUUM7 P1300,2027-06-04,P,1.3,0.117900000,3,
2026-08-21,EUU,OPT,EUUM7 P1310,2027-06-04,P,1.31,0.127200000,3,
2026-08-21,EUU,OPT,EUUM7 P1320,2027-06-04,P,1.32,0.136600000,3,
2026-08-21,EUU,OPT,EUUM7 P1330,2027-06-04,P,1.33,0.145900000,3,
2026-08-21,EUU,OPT,EUUM7 P1340,2027-06-04,P,1.34,0.155400000,3,
2026-08-21,EUU,OPT,EUUM7 P1350,2027-06-04,P,1.35,0.165000000,3,
2026-08-21,EUU,OPT,EUUM7 P1360,2027-06-04,P,1.36,0.174600000,3,
2026-08-21,EUU,OPT,EUUM7 P1370,2027-06-04,P,1.37,0.184200000,3,
2026-08-21,EUU,OPT,EUUN7 C1010,2027-07-09,C,1.01,0.170100000,3,
2026-08-21,EUU,OPT,EUUN7 C1020,2027-07-09,C,1.02,0.160600000,3,
2026-08-21,EUU,OPT,EUUN7 C1030,2027-07-09,C,1.03,0.151200000,3,
2026-08-21,EUU,OPT,EUUN7 C1040,2027-07-09,C,1.04,0.141700000,3,
2026-08-21,EUU,OPT,EUUN7 C1050,2027-07-09,C,1.05,0.132400000,3,
2026-08-21,EUU,OPT,EUUN7 C1060,2027-07-09,C,1.06,0.123000000,3,
2026-08-21,EUU,OPT,EUUN7 C1070,2027-07-09,C,1.07,0.113800000,3,
2026-08-21,EUU,OPT,EUUN7 C1080,2027-07-09,C,1.08,0.104700000,3,
2026-08-21,EUU,OPT,EUUN7 C1090,2027-07-09,C,1.09,0.095800000,3,
2026-08-21,EUU,OPT,EUUN7 C1100,2027-07-09,C,1.1,0.087000000,3,
2026-08-21,EUU,OPT,EUUN7 C1105,2027-07-09,C,1.105,0.082700000,3,
2026-08-21,EUU,OPT,EUUN7 C1110,2027-07-09,C,1.11,0.078400000,3,
2026-08-21,EUU,OPT,EUUN7 C1115,2027-07-09,C,1.115,0.074200000,3,
2026-08-21,EUU,OPT,EUUN7 C1120,2027-07-09,C,1.12,0.070100000,3,
2026-08-21,EUU,OPT,EUUN7 C1125,2027-07-09,C,1.125,0.066100000,3,
2026-08-21,EUU,OPT,EUUN7 C1130,2027-07-09,C,1.13,0.062100000,3,
2026-08-21,EUU,OPT,EUUN7 C1135,2027-07-09,C,1.135,0.058300000,3,
2026-08-21,EUU,OPT,EUUN7 C1140,2027-07-09,C,1.14,0.054500000,3,
2026-08-21,EUU,OPT,EUUN7 C1145,2027-07-09,C,1.145,0.050800000,3,
2026-08-21,EUU,OPT,EUUN7 C1150,2027-07-09,C,1.15,0.047300000,3,
2026-08-21,EUU,OPT,EUUN7 C1155,2027-07-09,C,1.155,0.043900000,3,
2026-08-21,EUU,OPT,EUUN7 C1160,2027-07-09,C,1.16,0.040700000,3,6
2026-08-21,EUU,OPT,EUUN7 C1165,2027-07-09,C,1.165,0.037600000,3,1
2026-08-21,EUU,OPT,EUUN7 C1170,2027-07-09,C,1.17,0.034600000,3,
2026-08-21,EUU,OPT,EUUN7 C1175,2027-07-09,C,1.175,0.031800000,3,
2026-08-21,EUU,OPT,EUUN7 C1180,2027-07-09,C,1.18,0.029200000,3,20
2026-08-21,EUU,OPT,EUUN7 C1185,2027-07-09,C,1.185,0.026700000,3,60
2026-08-21,EUU,OPT,EUUN7 C1190,2027-07-09,C,1.19,0.024400000,3,20
2026-08-21,EUU,OPT,EUUN7 C1195,2027-07-09,C,1.195,0.022300000,3,20
2026-08-21,EUU,OPT,EUUN7 C1200,2027-07-09,C,1.2,0.020300000,3,
2026-08-21,EUU,OPT,EUUN7 C1205,2027-07-09,C,1.205,0.018500000,3,
2026-08-21,EUU,OPT,EUUN7 C1210,2027-07-09,C,1.21,0.016800000,3,
2026-08-21,EUU,OPT,EUUN7 C1215,2027-07-09,C,1.215,0.015300000,3,
2026-08-21,EUU,OPT,EUUN7 C1220,2027-07-09,C,1.22,0.013900000,3,
2026-08-21,EUU,OPT,EUUN7 C1225,2027-07-09,C,1.225,0.012700000,3,
2026-08-21,EUU,OPT,EUUN7 C1230,2027-07-09,C,1.23,0.011600000,3,1
2026-08-21,EUU,OPT,EUUN7 C1235,2027-07-09,C,1.235,0.010600000,3,
2026-08-21,EUU,OPT,EUUN7 C1240,2027-07-09,C,1.24,0.009600000,3,
2026-08-21,EUU,OPT,EUUN7 C1250,2027-07-09,C,1.25,0.008100000,3,
2026-08-21,EUU,OPT,EUUN7 C1260,2027-07-09,C,1.26,0.006800000,3,
2026-08-21,EUU,OPT,EUUN7 C1270,2027-07-09,C,1.27,0.005700000,3,
2026-08-21,EUU,OPT,EUUN7 C1280,2027-07-09,C,1.28,0.004800000,3,
2026-08-21,EUU,OPT,EUUN7 C1290,2027-07-09,C,1.29,0.004100000,3,
2026-08-21,EUU,OPT,EUUN7 C1300,2027-07-09,C,1.3,0.003400000,3,
2026-08-21,EUU,OPT,EUUN7 C1310,2027-07-09,C,1.31,0.002900000,3,
2026-08-21,EUU,OPT,EUUN7 C1320,2027-07-09,C,1.32,0.002500000,3,2
2026-08-21,EUU,OPT,EUUN7 C1330,2027-07-09,C,1.33,0.002000000,3,
2026-08-21,EUU,OPT,EUUN7 P1010,2027-07-09,P,1.01,0.000900000,3,6
2026-08-21,EUU,OPT,EUUN7 P1020,2027-07-09,P,1.02,0.001100000,3,
2026-08-21,EUU,OPT,EUUN7 P1030,2027-07-09,P,1.03,0.001300000,3,
2026-08-21,EUU,OPT,EUUN7 P1040,2027-07-09,P,1.04,0.001600000,3,
2026-08-21,EUU,OPT,EUUN7 P1050,2027-07-09,P,1.05,0.001800000,3,15
2026-08-21,EUU,OPT,EUUN7 P1060,2027-07-09,P,1.06,0.002200000,3,
2026-08-21,EUU,OPT,EUUN7 P1070,2027-07-09,P,1.07,0.002700000,3,
2026-08-21,EUU,OPT,EUUN7 P1080,2027-07-09,P,1.08,0.003200000,3,
2026-08-21,EUU,OPT,EUUN7 P1090,2027-07-09,P,1.09,0.003900000,3,
2026-08-21,EUU,OPT,EUUN7 P1100,2027-07-09,P,1.1,0.004800000,3,2
2026-08-21,EUU,OPT,EUUN7 P1105,2027-07-09,P,1.105,0.005300000,3,
2026-08-21,EUU,OPT,EUUN7 P1110,2027-07-09,P,1.11,0.005900000,3,
2026-08-21,EUU,OPT,EUUN7 P1115,2027-07-09,P,1.115,0.006600000,3,
2026-08-21,EUU,OPT,EUUN7 P1120,2027-07-09,P,1.12,0.007300000,3,
2026-08-21,EUU,OPT,EUUN7 P1125,2027-07-09,P,1.125,0.008000000,3,
2026-08-21,EUU,OPT,EUUN7 P1130,2027-07-09,P,1.13,0.008900000,3,2
2026-08-21,EUU,OPT,EUUN7 P1135,2027-07-09,P,1.135,0.009900000,3,
2026-08-21,EUU,OPT,EUUN7 P1140,2027-07-09,P,1.14,0.011000000,3,1
2026-08-21,EUU,OPT,EUUN7 P1145,2027-07-09,P,1.145,0.012100000,3,100
2026-08-21,EUU,OPT,EUUN7 P1150,2027-07-09,P,1.15,0.013500000,3,19
2026-08-21,EUU,OPT,EUUN7 P1155,2027-07-09,P,1.155,0.014900000,3,13
2026-08-21,EUU,OPT,EUUN7 P1160,2027-07-09,P,1.16,0.016500000,3,20
2026-08-21,EUU,OPT,EUUN7 P1165,2027-07-09,P,1.165,0.018200000,3,58
2026-08-21,EUU,OPT,EUUN7 P1170,2027-07-09,P,1.17,0.020100000,3,70
2026-08-21,EUU,OPT,EUUN7 P1175,2027-07-09,P,1.175,0.022100000,3,
2026-08-21,EUU,OPT,EUUN7 P1180,2027-07-09,P,1.18,0.024300000,3,
2026-08-21,EUU,OPT,EUUN7 P1185,2027-07-09,P,1.185,0.026600000,3,
2026-08-21,EUU,OPT,EUUN7 P1190,2027-07-09,P,1.19,0.029200000,3,
2026-08-21,EUU,OPT,EUUN7 P1195,2027-07-09,P,1.195,0.031900000,3,
2026-08-21,EUU,OPT,EUUN7 P1200,2027-07-09,P,1.2,0.034700000,3,
2026-08-21,EUU,OPT,EUUN7 P1205,2027-07-09,P,1.205,0.037700000,3,
2026-08-21,EUU,OPT,EUUN7 P1210,2027-07-09,P,1.21,0.040900000,3,
2026-08-21,EUU,OPT,EUUN7 P1215,2027-07-09,P,1.215,0.044200000,3,
2026-08-21,EUU,OPT,EUUN7 P1220,2027-07-09,P,1.22,0.047700000,3,
2026-08-21,EUU,OPT,EUUN7 P1225,2027-07-09,P,1.225,0.051300000,3,
2026-08-21,EUU,OPT,EUUN7 P1230,2027-07-09,P,1.23,0.055000000,3,
2026-08-21,EUU,OPT,EUUN7 P1235,2027-07-09,P,1.235,0.058800000,3,
2026-08-21,EUU,OPT,EUUN7 P1240,2027-07-09,P,1.24,0.062800000,3,
2026-08-21,EUU,OPT,EUUN7 P1250,2027-07-09,P,1.25,0.070800000,3,
2026-08-21,EUU,OPT,EUUN7 P1260,2027-07-09,P,1.26,0.079200000,3,
2026-08-21,EUU,OPT,EUUN7 P1270,2027-07-09,P,1.27,0.087800000,3,
2026-08-21,EUU,OPT,EUUN7 P1280,2027-07-09,P,1.28,0.096500000,3,
2026-08-21,EUU,OPT,EUUN7 P1290,2027-07-09,P,1.29,0.105500000,3,
2026-08-21,EUU,OPT,EUUN7 P1300,2027-07-09,P,1.3,0.114500000,3,
2026-08-21,EUU,OPT,EUUN7 P1310,2027-07-09,P,1.31,0.123700000,3,
2026-08-21,EUU,OPT,EUUN7 P1320,2027-07-09,P,1.32,0.132900000,3,
2026-08-21,EUU,OPT,EUUN7 P1330,2027-07-09,P,1.33,0.142100000,3,
2026-08-21,EUU,OPT,EUUQ7 C1020,2027-08-06,C,1.02,0.160200000,3,
2026-08-21,EUU,OPT,EUUQ7 C1030,2027-08-06,C,1.03,0.150800000,3,
2026-08-21,EUU,OPT,EUUQ7 C1040,2027-08-06,C,1.04,0.141500000,3,
2026-08-21,EUU,OPT,EUUQ7 C1050,2027-08-06,C,1.05,0.132200000,3,
2026-08-21,EUU,OPT,EUUQ7 C1060,2027-08-06,C,1.06,0.123100000,3,
2026-08-21,EUU,OPT,EUUQ7 C1070,2027-08-06,C,1.07,0.114000000,3,
2026-08-21,EUU,OPT,EUUQ7 C1080,2027-08-06,C,1.08,0.105000000,3,
2026-08-21,EUU,OPT,EUUQ7 C1090,2027-08-06,C,1.09,0.096200000,3,
2026-08-21,EUU,OPT,EUUQ7 C1100,2027-08-06,C,1.1,0.087500000,3,
2026-08-21,EUU,OPT,EUUQ7 C1110,2027-08-06,C,1.11,0.079100000,3,
2026-08-21,EUU,OPT,EUUQ7 C1120,2027-08-06,C,1.12,0.070900000,3,
2026-08-21,EUU,OPT,EUUQ7 C1125,2027-08-06,C,1.125,0.066900000,3,
2026-08-21,EUU,OPT,EUUQ7 C1130,2027-08-06,C,1.13,0.063000000,3,
2026-08-21,EUU,OPT,EUUQ7 C1135,2027-08-06,C,1.135,0.059200000,3,
2026-08-21,EUU,OPT,EUUQ7 C1140,2027-08-06,C,1.14,0.055500000,3,
2026-08-21,EUU,OPT,EUUQ7 C1145,2027-08-06,C,1.145,0.051900000,3,
2026-08-21,EUU,OPT,EUUQ7 C1150,2027-08-06,C,1.15,0.048400000,3,
2026-08-21,EUU,OPT,EUUQ7 C1155,2027-08-06,C,1.155,0.045000000,3,
2026-08-21,EUU,OPT,EUUQ7 C1160,2027-08-06,C,1.16,0.041800000,3,
2026-08-21,EUU,OPT,EUUQ7 C1165,2027-08-06,C,1.165,0.038800000,3,
2026-08-21,EUU,OPT,EUUQ7 C1170,2027-08-06,C,1.17,0.035800000,3,
2026-08-21,EUU,OPT,EUUQ7 C1175,2027-08-06,C,1.175,0.033100000,3,
2026-08-21,EUU,OPT,EUUQ7 C1180,2027-08-06,C,1.18,0.030500000,3,
2026-08-21,EUU,OPT,EUUQ7 C1185,2027-08-06,C,1.185,0.028000000,3,
2026-08-21,EUU,OPT,EUUQ7 C1190,2027-08-06,C,1.19,0.025700000,3,
2026-08-21,EUU,OPT,EUUQ7 C1195,2027-08-06,C,1.195,0.023600000,3,
2026-08-21,EUU,OPT,EUUQ7 C1200,2027-08-06,C,1.2,0.021600000,3,
2026-08-21,EUU,OPT,EUUQ7 C1205,2027-08-06,C,1.205,0.019800000,3,
2026-08-21,EUU,OPT,EUUQ7 C1210,2027-08-06,C,1.21,0.018100000,3,
2026-08-21,EUU,OPT,EUUQ7 C1215,2027-08-06,C,1.215,0.016600000,3,
2026-08-21,EUU,OPT,EUUQ7 C1220,2027-08-06,C,1.22,0.015200000,3,
2026-08-21,EUU,OPT,EUUQ7 C1225,2027-08-06,C,1.225,0.013900000,3,
2026-08-21,EUU,OPT,EUUQ7 C1230,2027-08-06,C,1.23,0.012700000,3,
2026-08-21,EUU,OPT,EUUQ7 C1235,2027-08-06,C,1.235,0.011600000,3,
2026-08-21,EUU,OPT,EUUQ7 C1240,2027-08-06,C,1.24,0.010700000,3,
2026-08-21,EUU,OPT,EUUQ7 C1250,2027-08-06,C,1.25,0.009000000,3,25
2026-08-21,EUU,OPT,EUUQ7 C1260,2027-08-06,C,1.26,0.007600000,3,
2026-08-21,EUU,OPT,EUUQ7 C1270,2027-08-06,C,1.27,0.006400000,3,
2026-08-21,EUU,OPT,EUUQ7 C1280,2027-08-06,C,1.28,0.005500000,3,
2026-08-21,EUU,OPT,EUUQ7 C1290,2027-08-06,C,1.29,0.004700000,3,
2026-08-21,EUU,OPT,EUUQ7 C1300,2027-08-06,C,1.3,0.004000000,3,
2026-08-21,EUU,OPT,EUUQ7 C1310,2027-08-06,C,1.31,0.003400000,3,
2026-08-21,EUU,OPT,EUUQ7 C1320,2027-08-06,C,1.32,0.002900000,3,
2026-08-21,EUU,OPT,EUUQ7 C1330,2027-08-06,C,1.33,0.002500000,3,
2026-08-21,EUU,OPT,EUUQ7 C1340,2027-08-06,C,1.34,0.002200000,3,
2026-08-21,EUU,OPT,EUUQ7 C1350,2027-08-06,C,1.35,0.001900000,3,
2026-08-21,EUU,OPT,EUUQ7 C1360,2027-08-06,C,1.36,0.001600000,3,
2026-08-21,EUU,OPT,EUUQ7 C1370,2027-08-06,C,1.37,0.001400000,3,
2026-08-21,EUU,OPT,EUUQ7 C1400,2027-08-06,C,1.4,0.000900000,3,
2026-08-21,EUU,OPT,EUUQ7 C1450,2027-08-06,C,1.45,0.000500000,3,
2026-08-21,EUU,OPT,EUUQ7 C1500,2027-08-06,C,1.5,0.000300000,3,
2026-08-21,EUU,OPT,EUUQ7 P1020,2027-08-06,P,1.02,0.001200000,3,3
2026-08-21,EUU,OPT,EUUQ7 P1030,2027-08-06,P,1.03,0.001400000,3,
2026-08-21,EUU,OPT,EUUQ7 P1040,2027-08-06,P,1.04,0.001700000,3,
2026-08-21,EUU,OPT,EUUQ7 P1050,2027-08-06,P,1.05,0.002100000,3,1
2026-08-21,EUU,OPT,EUUQ7 P1060,2027-08-06,P,1.06,0.002600000,3,1
2026-08-21,EUU,OPT,EUUQ7 P1070,2027-08-06,P,1.07,0.003200000,3,1
2026-08-21,EUU,OPT,EUUQ7 P1080,2027-08-06,P,1.08,0.003800000,3,
2026-08-21,EUU,OPT,EUUQ7 P1090,2027-08-06,P,1.09,0.004600000,3,
2026-08-21,EUU,OPT,EUUQ7 P1100,2027-08-06,P,1.1,0.005600000,3,0
2026-08-21,EUU,OPT,EUUQ7 P1110,2027-08-06,P,1.11,0.006800000,3,
2026-08-21,EUU,OPT,EUUQ7 P1120,2027-08-06,P,1.12,0.008200000,3,
2026-08-21,EUU,OPT,EUUQ7 P1125,2027-08-06,P,1.125,0.009100000,3,
2026-08-21,EUU,OPT,EUUQ7 P1130,2027-08-06,P,1.13,0.010000000,3,
2026-08-21,EUU,OPT,EUUQ7 P1135,2027-08-06,P,1.135,0.011000000,3,
2026-08-21,EUU,OPT,EUUQ7 P1140,2027-08-06,P,1.14,0.012100000,3,
2026-08-21,EUU,OPT,EUUQ7 P1145,2027-08-06,P,1.145,0.013300000,3,
2026-08-21,EUU,OPT,EUUQ7 P1150,2027-08-06,P,1.15,0.014600000,3,
2026-08-21,EUU,OPT,EUUQ7 P1155,2027-08-06,P,1.155,0.016100000,3,
2026-08-21,EUU,OPT,EUUQ7 P1160,2027-08-06,P,1.16,0.017700000,3,
2026-08-21,EUU,OPT,EUUQ7 P1165,2027-08-06,P,1.165,0.019400000,3,
2026-08-21,EUU,OPT,EUUQ7 P1170,2027-08-06,P,1.17,0.021300000,3,
2026-08-21,EUU,OPT,EUUQ7 P1175,2027-08-06,P,1.175,0.023400000,3,
2026-08-21,EUU,OPT,EUUQ7 P1180,2027-08-06,P,1.18,0.025600000,3,
2026-08-21,EUU,OPT,EUUQ7 P1185,2027-08-06,P,1.185,0.027900000,3,
2026-08-21,EUU,OPT,EUUQ7 P1190,2027-08-06,P,1.19,0.030500000,3,
2026-08-21,EUU,OPT,EUUQ7 P1195,2027-08-06,P,1.195,0.033200000,3,
2026-08-21,EUU,OPT,EUUQ7 P1200,2027-08-06,P,1.2,0.036000000,3,
2026-08-21,EUU,OPT,EUUQ7 P1205,2027-08-06,P,1.205,0.039000000,3,
2026-08-21,EUU,OPT,EUUQ7 P1210,2027-08-06,P,1.21,0.042100000,3,
2026-08-21,EUU,OPT,EUUQ7 P1215,2027-08-06,P,1.215,0.045400000,3,
2026-08-21,EUU,OPT,EUUQ7 P1220,2027-08-06,P,1.22,0.048800000,3,
2026-08-21,EUU,OPT,EUUQ7 P1225,2027-08-06,P,1.225,0.052400000,3,
2026-08-21,EUU,OPT,EUUQ7 P1230,2027-08-06,P,1.23,0.056000000,3,
2026-08-21,EUU,OPT,EUUQ7 P1235,2027-08-06,P,1.235,0.059800000,3,
2026-08-21,EUU,OPT,EUUQ7 P1240,2027-08-06,P,1.24,0.063600000,3,
2026-08-21,EUU,OPT,EUUQ7 P1250,2027-08-06,P,1.25,0.071600000,3,
2026-08-21,EUU,OPT,EUUQ7 P1260,2027-08-06,P,1.26,0.079800000,3,
2026-08-21,EUU,OPT,EUUQ7 P1270,2027-08-06,P,1.27,0.088300000,3,
2026-08-21,EUU,OPT,EUUQ7 P1280,2027-08-06,P,1.28,0.097000000,3,
2026-08-21,EUU,OPT,EUUQ7 P1290,2027-08-06,P,1.29,0.105800000,3,
2026-08-21,EUU,OPT,EUUQ7 P1300,2027-08-06,P,1.3,0.114700000,3,
2026-08-21,EUU,OPT,EUUQ7 P1310,2027-08-06,P,1.31,0.123800000,3,
2026-08-21,EUU,OPT,EUUQ7 P1320,2027-08-06,P,1.32,0.133000000,3,
2026-08-21,EUU,OPT,EUUQ7 P1330,2027-08-06,P,1.33,0.142200000,3,
2026-08-21,EUU,OPT,EUUQ7 P1340,2027-08-06,P,1.34,0.151500000,3,
2026-08-21,EUU,OPT,EUUQ7 P1350,2027-08-06,P,1.35,0.160800000,3,
2026-08-21,EUU,OPT,EUUQ7 P1360,2027-08-06,P,1.36,0.170200000,3,
2026-08-21,EUU,OPT,EUUQ7 P1370,2027-08-06,P,1.37,0.179600000,3,
2026-08-21,EUU,OPT,EUUQ7 P1400,2027-08-06,P,1.4,0.208000000,3,
2026-08-21,EUU,OPT,EUUQ7 P1450,2027-08-06,P,1.45,0.255700000,3,
2026-08-21,EUU,OPT,EUUQ7 P1500,2027-08-06,P,1.5,0.303700000,3,
2026-08-21,EUU,OPT,EUUU7 C1010,2027-09-03,C,1.01,0.169300000,3,
2026-08-21,EUU,OPT,EUUU7 C1020,2027-09-03,C,1.02,0.160000000,3,
2026-08-21,EUU,OPT,EUUU7 C1030,2027-09-03,C,1.03,0.150600000,3,
2026-08-21,EUU,OPT,EUUU7 C1040,2027-09-03,C,1.04,0.141400000,3,
2026-08-21,EUU,OPT,EUUU7 C1050,2027-09-03,C,1.05,0.132200000,3,
2026-08-21,EUU,OPT,EUUU7 C1060,2027-09-03,C,1.06,0.123100000,3,
2026-08-21,EUU,OPT,EUUU7 C1070,2027-09-03,C,1.07,0.114100000,3,
2026-08-21,EUU,OPT,EUUU7 C1080,2027-09-03,C,1.08,0.105200000,3,
2026-08-21,EUU,OPT,EUUU7 C1090,2027-09-03,C,1.09,0.096500000,3,
2026-08-21,EUU,OPT,EUUU7 C1100,2027-09-03,C,1.1,0.087900000,3,
2026-08-21,EUU,OPT,EUUU7 C1105,2027-09-03,C,1.105,0.083700000,3,
2026-08-21,EUU,OPT,EUUU7 C1110,2027-09-03,C,1.11,0.079600000,3,
2026-08-21,EUU,OPT,EUUU7 C1115,2027-09-03,C,1.115,0.075500000,3,
2026-08-21,EUU,OPT,EUUU7 C1120,2027-09-03,C,1.12,0.071500000,3,
2026-08-21,EUU,OPT,EUUU7 C1125,2027-09-03,C,1.125,0.067600000,3,
2026-08-21,EUU,OPT,EUUU7 C1130,2027-09-03,C,1.13,0.063800000,3,
2026-08-21,EUU,OPT,EUUU7 C1135,2027-09-03,C,1.135,0.060000000,3,
2026-08-21,EUU,OPT,EUUU7 C1140,2027-09-03,C,1.14,0.056400000,3,
2026-08-21,EUU,OPT,EUUU7 C1145,2027-09-03,C,1.145,0.052800000,3,
2026-08-21,EUU,OPT,EUUU7 C1150,2027-09-03,C,1.15,0.049400000,3,
2026-08-21,EUU,OPT,EUUU7 C1155,2027-09-03,C,1.155,0.046100000,3,
2026-08-21,EUU,OPT,EUUU7 C1160,2027-09-03,C,1.16,0.042900000,3,
2026-08-21,EUU,OPT,EUUU7 C1165,2027-09-03,C,1.165,0.039900000,3,219
2026-08-21,EUU,OPT,EUUU7 C1170,2027-09-03,C,1.17,0.037000000,3,1
2026-08-21,EUU,OPT,EUUU7 C1175,2027-09-03,C,1.175,0.034300000,3,
2026-08-21,EUU,OPT,EUUU7 C1180,2027-09-03,C,1.18,0.031700000,3,
2026-08-21,EUU,OPT,EUUU7 C1185,2027-09-03,C,1.185,0.029200000,3,
2026-08-21,EUU,OPT,EUUU7 C1190,2027-09-03,C,1.19,0.027000000,3,
2026-08-21,EUU,OPT,EUUU7 C1195,2027-09-03,C,1.195,0.024800000,3,
2026-08-21,EUU,OPT,EUUU7 C1200,2027-09-03,C,1.2,0.022800000,3,3
2026-08-21,EUU,OPT,EUUU7 C1205,2027-09-03,C,1.205,0.021000000,3,
2026-08-21,EUU,OPT,EUUU7 C1210,2027-09-03,C,1.21,0.019300000,3,
2026-08-21,EUU,OPT,EUUU7 C1215,2027-09-03,C,1.215,0.017700000,3,
2026-08-21,EUU,OPT,EUUU7 C1220,2027-09-03,C,1.22,0.016300000,3,
2026-08-21,EUU,OPT,EUUU7 C1225,2027-09-03,C,1.225,0.015000000,3,
2026-08-21,EUU,OPT,EUUU7 C1230,2027-09-03,C,1.23,0.013800000,3,
2026-08-21,EUU,OPT,EUUU7 C1235,2027-09-03,C,1.235,0.012600000,3,
2026-08-21,EUU,OPT,EUUU7 C1240,2027-09-03,C,1.24,0.011600000,3,
2026-08-21,EUU,OPT,EUUU7 C1245,2027-09-03,C,1.245,0.010700000,3,
2026-08-21,EUU,OPT,EUUU7 C1250,2027-09-03,C,1.25,0.009900000,3,4
2026-08-21,EUU,OPT,EUUU7 C1255,2027-09-03,C,1.255,0.009100000,3,
2026-08-21,EUU,OPT,EUUU7 C1260,2027-09-03,C,1.26,0.008400000,3,
2026-08-21,EUU,OPT,EUUU7 C1265,2027-09-03,C,1.265,0.007800000,3,
2026-08-21,EUU,OPT,EUUU7 C1270,2027-09-03,C,1.27,0.007200000,3,
2026-08-21,EUU,OPT,EUUU7 C1275,2027-09-03,C,1.275,0.006700000,3,
2026-08-21,EUU,OPT,EUUU7 C1280,2027-09-03,C,1.28,0.006200000,3,
2026-08-21,EUU,OPT,EUUU7 C1290,2027-09-03,C,1.29,0.005300000,3,
2026-08-21,EUU,OPT,EUUU7 C1300,2027-09-03,C,1.3,0.004500000,3,
2026-08-21,EUU,OPT,EUUU7 C1310,2027-09-03,C,1.31,0.003900000,3,
2026-08-21,EUU,OPT,EUUU7 C1320,2027-09-03,C,1.32,0.003400000,3,
2026-08-21,EUU,OPT,EUUU7 C1330,2027-09-03,C,1.33,0.002900000,3,
2026-08-21,EUU,OPT,EUUU7 C1340,2027-09-03,C,1.34,0.002500000,3,
2026-08-21,EUU,OPT,EUUU7 C1350,2027-09-03,C,1.35,0.002200000,3,4
2026-08-21,EUU,OPT,EUUU7 C1360,2027-09-03,C,1.36,0.002000000,3,
2026-08-21,EUU,OPT,EUUU7 C1370,2027-09-03,C,1.37,0.001800000,3,
2026-08-21,EUU,OPT,EUUU7 C1380,2027-09-03,C,1.38,0.001600000,3,2
2026-08-21,EUU,OPT,EUUU7 C1390,2027-09-03,C,1.39,0.001400000,3,
2026-08-21,EUU,OPT,EUUU7 C1400,2027-09-03,C,1.4,0.001300000,3,
2026-08-21,EUU,OPT,EUUU7 C1450,2027-09-03,C,1.45,0.000900000,3,
2026-08-21,EUU,OPT,EUUU7 C1500,2027-09-03,C,1.5,0.000700000,3,
2026-08-21,EUU,OPT,EUUU7 C1600,2027-09-03,C,1.6,0.000300000,3,
2026-08-21,EUU,OPT,EUUU7 P1010,2027-09-03,P,1.01,0.001200000,3,195
2026-08-21,EUU,OPT,EUUU7 P1020,2027-09-03,P,1.02,0.001500000,3,5
2026-08-21,EUU,OPT,EUUU7 P1030,2027-09-03,P,1.03,0.001700000,3,50
2026-08-21,EUU,OPT,EUUU7 P1040,2027-09-03,P,1.04,0.002100000,3,180
2026-08-21,EUU,OPT,EUUU7 P1050,2027-09-03,P,1.05,0.002500000,3,109
2026-08-21,EUU,OPT,EUUU7 P1060,2027-09-03,P,1.06,0.003000000,3,1
2026-08-21,EUU,OPT,EUUU7 P1070,2027-09-03,P,1.07,0.003600000,3,
2026-08-21,EUU,OPT,EUUU7 P1080,2027-09-03,P,1.08,0.004300000,3,50
2026-08-21,EUU,OPT,EUUU7 P1090,2027-09-03,P,1.09,0.005200000,3,
2026-08-21,EUU,OPT,EUUU7 P1100,2027-09-03,P,1.1,0.006300000,3,15
2026-08-21,EUU,OPT,EUUU7 P1105,2027-09-03,P,1.105,0.006900000,3,
2026-08-21,EUU,OPT,EUUU7 P1110,2027-09-03,P,1.11,0.007500000,3,1
2026-08-21,EUU,OPT,EUUU7 P1115,2027-09-03,P,1.115,0.008300000,3,
2026-08-21,EUU,OPT,EUUU7 P1120,2027-09-03,P,1.12,0.009100000,3,
2026-08-21,EUU,OPT,EUUU7 P1125,2027-09-03,P,1.125,0.009900000,3,
2026-08-21,EUU,OPT,EUUU7 P1130,2027-09-03,P,1.13,0.010900000,3,
2026-08-21,EUU,OPT,EUUU7 P1135,2027-09-03,P,1.135,0.011900000,3,
2026-08-21,EUU,OPT,EUUU7 P1140,2027-09-03,P,1.14,0.013100000,3,
2026-08-21,EUU,OPT,EUUU7 P1145,2027-09-03,P,1.145,0.014400000,3,
2026-08-21,EUU,OPT,EUUU7 P1150,2027-09-03,P,1.15,0.015700000,3,43
2026-08-21,EUU,OPT,EUUU7 P1155,2027-09-03,P,1.155,0.017300000,3,
2026-08-21,EUU,OPT,EUUU7 P1160,2027-09-03,P,1.16,0.018900000,3,3
2026-08-21,EUU,OPT,EUUU7 P1165,2027-09-03,P,1.165,0.020700000,3,
2026-08-21,EUU,OPT,EUUU7 P1170,2027-09-03,P,1.17,0.022600000,3,1
2026-08-21,EUU,OPT,EUUU7 P1175,2027-09-03,P,1.175,0.024600000,3,
2026-08-21,EUU,OPT,EUUU7 P1180,2027-09-03,P,1.18,0.026800000,3,
2026-08-21,EUU,OPT,EUUU7 P1185,2027-09-03,P,1.185,0.029200000,3,
2026-08-21,EUU,OPT,EUUU7 P1190,2027-09-03,P,1.19,0.031700000,3,
2026-08-21,EUU,OPT,EUUU7 P1195,2027-09-03,P,1.195,0.034400000,3,
2026-08-21,EUU,OPT,EUUU7 P1200,2027-09-03,P,1.2,0.037200000,3,
2026-08-21,EUU,OPT,EUUU7 P1205,2027-09-03,P,1.205,0.040200000,3,
2026-08-21,EUU,OPT,EUUU7 P1210,2027-09-03,P,1.21,0.043300000,3,
2026-08-21,EUU,OPT,EUUU7 P1215,2027-09-03,P,1.215,0.046500000,3,
2026-08-21,EUU,OPT,EUUU7 P1220,2027-09-03,P,1.22,0.049800000,3,
2026-08-21,EUU,OPT,EUUU7 P1225,2027-09-03,P,1.225,0.053300000,3,
2026-08-21,EUU,OPT,EUUU7 P1230,2027-09-03,P,1.23,0.056900000,3,
2026-08-21,EUU,OPT,EUUU7 P1235,2027-09-03,P,1.235,0.060600000,3,
2026-08-21,EUU,OPT,EUUU7 P1240,2027-09-03,P,1.24,0.064400000,3,
2026-08-21,EUU,OPT,EUUU7 P1245,2027-09-03,P,1.245,0.068300000,3,
2026-08-21,EUU,OPT,EUUU7 P1250,2027-09-03,P,1.25,0.072300000,3,
2026-08-21,EUU,OPT,EUUU7 P1255,2027-09-03,P,1.255,0.076300000,3,
2026-08-21,EUU,OPT,EUUU7 P1260,2027-09-03,P,1.26,0.080400000,3,
2026-08-21,EUU,OPT,EUUU7 P1265,2027-09-03,P,1.265,0.084600000,3,
2026-08-21,EUU,OPT,EUUU7 P1270,2027-09-03,P,1.27,0.088800000,3,
2026-08-21,EUU,OPT,EUUU7 P1275,2027-09-03,P,1.275,0.093000000,3,
2026-08-21,EUU,OPT,EUUU7 P1280,2027-09-03,P,1.28,0.097300000,3,
2026-08-21,EUU,OPT,EUUU7 P1290,2027-09-03,P,1.29,0.106100000,3,
2026-08-21,EUU,OPT,EUUU7 P1300,2027-09-03,P,1.3,0.114900000,3,
2026-08-21,EUU,OPT,EUUU7 P1310,2027-09-03,P,1.31,0.123900000,3,
2026-08-21,EUU,OPT,EUUU7 P1320,2027-09-03,P,1.32,0.133000000,3,
2026-08-21,EUU,OPT,EUUU7 P1330,2027-09-03,P,1.33,0.142100000,3,
2026-08-21,EUU,OPT,EUUU7 P1340,2027-09-03,P,1.34,0.151300000,3,
2026-08-21,EUU,OPT,EUUU7 P1350,2027-09-03,P,1.35,0.160600000,3,
2026-08-21,EUU,OPT,EUUU7 P1360,2027-09-03,P,1.36,0.170000000,3,
2026-08-21,EUU,OPT,EUUU7 P1370,2027-09-03,P,1.37,0.179400000,3,
2026-08-21,EUU,OPT,EUUU7 P1380,2027-09-03,P,1.38,0.188800000,3,
2026-08-21,EUU,OPT,EUUU7 P1390,2027-09-03,P,1.39,0.198300000,3,
2026-08-21,EUU,OPT,EUUU7 P1400,2027-09-03,P,1.4,0.207800000,3,
2026-08-21,EUU,OPT,EUUU7 P1450,2027-09-03,P,1.45,0.255400000,3,
2026-08-21,EUU,OPT,EUUU7 P1500,2027-09-03,P,1.5,0.303100000,3,
2026-08-21,EUU,OPT,EUUU7 P1600,2027-09-03,P,1.6,0.398800000,3,
2026-08-21,EUU,OPT,EUUZ7 C1010,2027-12-03,C,1.01,0.172500000,3,
2026-08-21,EUU,OPT,EUUZ7 C1020,2027-12-03,C,1.02,0.163300000,3,
2026-08-21,EUU,OPT,EUUZ7 C1030,2027-12-03,C,1.03,0.154100000,3,
2026-08-21,EUU,OPT,EUUZ7 C1040,2027-12-03,C,1.04,0.144900000,3,
2026-08-21,EUU,OPT,EUUZ7 C1050,2027-12-03,C,1.05,0.135800000,3,
2026-08-21,EUU,OPT,EUUZ7 C1060,2027-12-03,C,1.06,0.126700000,3,
2026-08-21,EUU,OPT,EUUZ7 C1070,2027-12-03,C,1.07,0.117700000,3,
2026-08-21,EUU,OPT,EUUZ7 C1080,2027-12-03,C,1.08,0.108900000,3,
2026-08-21,EUU,OPT,EUUZ7 C1090,2027-12-03,C,1.09,0.100200000,3,
2026-08-21,EUU,OPT,EUUZ7 C1100,2027-12-03,C,1.1,0.091800000,3,
2026-08-21,EUU,OPT,EUUZ7 C1110,2027-12-03,C,1.11,0.083500000,3,
2026-08-21,EUU,OPT,EUUZ7 C1115,2027-12-03,C,1.115,0.079400000,3,
2026-08-21,EUU,OPT,EUUZ7 C1120,2027-12-03,C,1.12,0.075400000,3,
2026-08-21,EUU,OPT,EUUZ7 C1125,2027-12-03,C,1.125,0.071400000,3,
2026-08-21,EUU,OPT,EUUZ7 C1130,2027-12-03,C,1.13,0.067600000,3,
2026-08-21,EUU,OPT,EUUZ7 C1135,2027-12-03,C,1.135,0.063800000,3,
2026-08-21,EUU,OPT,EUUZ7 C1140,2027-12-03,C,1.14,0.060200000,3,
2026-08-21,EUU,OPT,EUUZ7 C1145,2027-12-03,C,1.145,0.056700000,3,
2026-08-21,EUU,OPT,EUUZ7 C1150,2027-12-03,C,1.15,0.053300000,3,
2026-08-21,EUU,OPT,EUUZ7 C1155,2027-12-03,C,1.155,0.049900000,3,
2026-08-21,EUU,OPT,EUUZ7 C1160,2027-12-03,C,1.16,0.046700000,3,
2026-08-21,EUU,OPT,EUUZ7 C1165,2027-12-03,C,1.165,0.043700000,3,
2026-08-21,EUU,OPT,EUUZ7 C1170,2027-12-03,C,1.17,0.040800000,3,
2026-08-21,EUU,OPT,EUUZ7 C1175,2027-12-03,C,1.175,0.038000000,3,
2026-08-21,EUU,OPT,EUUZ7 C1180,2027-12-03,C,1.18,0.035400000,3,
2026-08-21,EUU,OPT,EUUZ7 C1185,2027-12-03,C,1.185,0.032900000,3,
2026-08-21,EUU,OPT,EUUZ7 C1190,2027-12-03,C,1.19,0.030500000,3,
2026-08-21,EUU,OPT,EUUZ7 C1195,2027-12-03,C,1.195,0.028300000,3,
2026-08-21,EUU,OPT,EUUZ7 C1200,2027-12-03,C,1.2,0.026300000,3,
2026-08-21,EUU,OPT,EUUZ7 C1205,2027-12-03,C,1.205,0.024300000,3,
2026-08-21,EUU,OPT,EUUZ7 C1210,2027-12-03,C,1.21,0.022600000,3,
2026-08-21,EUU,OPT,EUUZ7 C1215,2027-12-03,C,1.215,0.020900000,3,
2026-08-21,EUU,OPT,EUUZ7 C1220,2027-12-03,C,1.22,0.019400000,3,
2026-08-21,EUU,OPT,EUUZ7 C1225,2027-12-03,C,1.225,0.017900000,3,
2026-08-21,EUU,OPT,EUUZ7 C1230,2027-12-03,C,1.23,0.016600000,3,
2026-08-21,EUU,OPT,EUUZ7 C1235,2027-12-03,C,1.235,0.015400000,3,
2026-08-21,EUU,OPT,EUUZ7 C1240,2027-12-03,C,1.24,0.014300000,3,
2026-08-21,EUU,OPT,EUUZ7 C1245,2027-12-03,C,1.245,0.013300000,3,
2026-08-21,EUU,OPT,EUUZ7 C1250,2027-12-03,C,1.25,0.012400000,3,
2026-08-21,EUU,OPT,EUUZ7 C1255,2027-12-03,C,1.255,0.011500000,3,
2026-08-21,EUU,OPT,EUUZ7 C1260,2027-12-03,C,1.26,0.010700000,3,
2026-08-21,EUU,OPT,EUUZ7 C1265,2027-12-03,C,1.265,0.010000000,3,
2026-08-21,EUU,OPT,EUUZ7 C1270,2027-12-03,C,1.27,0.009300000,3,
2026-08-21,EUU,OPT,EUUZ7 C1275,2027-12-03,C,1.275,0.008700000,3,
2026-08-21,EUU,OPT,EUUZ7 C1280,2027-12-03,C,1.28,0.008100000,3,
2026-08-21,EUU,OPT,EUUZ7 C1290,2027-12-03,C,1.29,0.007100000,3,
2026-08-21,EUU,OPT,EUUZ7 C1300,2027-12-03,C,1.3,0.006300000,3,
2026-08-21,EUU,OPT,EUUZ7 C1310,2027-12-03,C,1.31,0.005500000,3,
2026-08-21,EUU,OPT,EUUZ7 C1320,2027-12-03,C,1.32,0.004900000,3,
2026-08-21,EUU,OPT,EUUZ7 C1330,2027-12-03,C,1.33,0.004400000,3,
2026-08-21,EUU,OPT,EUUZ7 C1340,2027-12-03,C,1.34,0.004000000,3,
2026-08-21,EUU,OPT,EUUZ7 C1350,2027-12-03,C,1.35,0.003600000,3,
2026-08-21,EUU,OPT,EUUZ7 C1360,2027-12-03,C,1.36,0.003300000,3,4
2026-08-21,EUU,OPT,EUUZ7 C1370,2027-12-03,C,1.37,0.003000000,3,
2026-08-21,EUU,OPT,EUUZ7 C1380,2027-12-03,C,1.38,0.002700000,3,
2026-08-21,EUU,OPT,EUUZ7 P1010,2027-12-03,P,1.01,0.002300000,3,
2026-08-21,EUU,OPT,EUUZ7 P1020,2027-12-03,P,1.02,0.002600000,3,
2026-08-21,EUU,OPT,EUUZ7 P1030,2027-12-03,P,1.03,0.002900000,3,
2026-08-21,EUU,OPT,EUUZ7 P1040,2027-12-03,P,1.04,0.003200000,3,4
2026-08-21,EUU,OPT,EUUZ7 P1050,2027-12-03,P,1.05,0.003600000,3,
2026-08-21,EUU,OPT,EUUZ7 P1060,2027-12-03,P,1.06,0.004100000,3,215
2026-08-21,EUU,OPT,EUUZ7 P1070,2027-12-03,P,1.07,0.004600000,3,
2026-08-21,EUU,OPT,EUUZ7 P1080,2027-12-03,P,1.08,0.005300000,3,
2026-08-21,EUU,OPT,EUUZ7 P1090,2027-12-03,P,1.09,0.006100000,3,
2026-08-21,EUU,OPT,EUUZ7 P1100,2027-12-03,P,1.1,0.007100000,3,
2026-08-21,EUU,OPT,EUUZ7 P1110,2027-12-03,P,1.11,0.008300000,3,
2026-08-21,EUU,OPT,EUUZ7 P1115,2027-12-03,P,1.115,0.009000000,3,
2026-08-21,EUU,OPT,EUUZ7 P1120,2027-12-03,P,1.12,0.009800000,3,
2026-08-21,EUU,OPT,EUUZ7 P1125,2027-12-03,P,1.125,0.010600000,3,
2026-08-21,EUU,OPT,EUUZ7 P1130,2027-12-03,P,1.13,0.011500000,3,
2026-08-21,EUU,OPT,EUUZ7 P1135,2027-12-03,P,1.135,0.012500000,3,
2026-08-21,EUU,OPT,EUUZ7 P1140,2027-12-03,P,1.14,0.013600000,3,
2026-08-21,EUU,OPT,EUUZ7 P1145,2027-12-03,P,1.145,0.014800000,3,
2026-08-21,EUU,OPT,EUUZ7 P1150,2027-12-03,P,1.15,0.016200000,3,21
2026-08-21,EUU,OPT,EUUZ7 P1155,2027-12-03,P,1.155,0.017600000,3,
2026-08-21,EUU,OPT,EUUZ7 P1160,2027-12-03,P,1.16,0.019200000,3,
2026-08-21,EUU,OPT,EUUZ7 P1165,2027-12-03,P,1.165,0.020900000,3,
2026-08-21,EUU,OPT,EUUZ7 P1170,2027-12-03,P,1.17,0.022700000,3,
2026-08-21,EUU,OPT,EUUZ7 P1175,2027-12-03,P,1.175,0.024700000,3,
2026-08-21,EUU,OPT,EUUZ7 P1180,2027-12-03,P,1.18,0.026800000,3,
2026-08-21,EUU,OPT,EUUZ7 P1185,2027-12-03,P,1.185,0.029100000,3,
2026-08-21,EUU,OPT,EUUZ7 P1190,2027-12-03,P,1.19,0.031500000,3,
2026-08-21,EUU,OPT,EUUZ7 P1195,2027-12-03,P,1.195,0.034000000,3,
2026-08-21,EUU,OPT,EUUZ7 P1200,2027-12-03,P,1.2,0.036700000,3,
2026-08-21,EUU,OPT,EUUZ7 P1205,2027-12-03,P,1.205,0.039600000,3,
2026-08-21,EUU,OPT,EUUZ7 P1210,2027-12-03,P,1.21,0.042500000,3,
2026-08-21,EUU,OPT,EUUZ7 P1215,2027-12-03,P,1.215,0.045600000,3,
2026-08-21,EUU,OPT,EUUZ7 P1220,2027-12-03,P,1.22,0.048800000,3,
2026-08-21,EUU,OPT,EUUZ7 P1225,2027-12-03,P,1.225,0.052200000,3,
2026-08-21,EUU,OPT,EUUZ7 P1230,2027-12-03,P,1.23,0.055600000,3,
2026-08-21,EUU,OPT,EUUZ7 P1235,2027-12-03,P,1.235,0.059200000,3,
2026-08-21,EUU,OPT,EUUZ7 P1240,2027-12-03,P,1.24,0.062800000,3,
2026-08-21,EUU,OPT,EUUZ7 P1245,2027-12-03,P,1.245,0.066600000,3,
2026-08-21,EUU,OPT,EUUZ7 P1250,2027-12-03,P,1.25,0.070400000,3,
2026-08-21,EUU,OPT,EUUZ7 P1255,2027-12-03,P,1.255,0.074300000,3,
2026-08-21,EUU,OPT,EUUZ7 P1260,2027-12-03,P,1.26,0.078200000,3,
2026-08-21,EUU,OPT,EUUZ7 P1265,2027-12-03,P,1.265,0.082300000,3,
2026-08-21,EUU,OPT,EUUZ7 P1270,2027-12-03,P,1.27,0.086300000,3,
2026-08-21,EUU,OPT,EUUZ7 P1275,2027-12-03,P,1.275,0.090500000,3,
2026-08-21,EUU,OPT,EUUZ7 P1280,2027-12-03,P,1.28,0.094600000,3,
2026-08-21,EUU,OPT,EUUZ7 P1290,2027-12-03,P,1.29,0.103100000,3,
2026-08-21,EUU,OPT,EUUZ7 P1300,2027-12-03,P,1.3,0.111800000,3,
2026-08-21,EUU,OPT,EUUZ7 P1310,2027-12-03,P,1.31,0.120600000,3,
2026-08-21,EUU,OPT,EUUZ7 P1320,2027-12-03,P,1.32,0.129400000,3,
2026-08-21,EUU,OPT,EUUZ7 P1330,2027-12-03,P,1.33,0.138500000,3,
2026-08-21,EUU,OPT,EUUZ7 P1340,2027-12-03,P,1.34,0.147600000,3,
2026-08-21,EUU,OPT,EUUZ7 P1350,2027-12-03,P,1.35,0.156700000,3,
2026-08-21,EUU,OPT,EUUZ7 P1360,2027-12-03,P,1.36,0.165900000,3,
2026-08-21,EUU,OPT,EUUZ7 P1370,2027-12-03,P,1.37,0.175100000,3,
2026-08-21,EUU,OPT,EUUZ7 P1380,2027-12-03,P,1.38,0.184300000,3,
2026-08-21,EUU,OPT,EUUH8 C1020,2028-03-03,C,1.02,0.165300000,3,
2026-08-21,EUU,OPT,EUUH8 C1030,2028-03-03,C,1.03,0.156400000,3,
2026-08-21,EUU,OPT,EUUH8 C1040,2028-03-03,C,1.04,0.147600000,3,
2026-08-21,EUU,OPT,EUUH8 C1050,2028-03-03,C,1.05,0.138900000,3,
2026-08-21,EUU,OPT,EUUH8 C1060,2028-03-03,C,1.06,0.130100000,3,
2026-08-21,EUU,OPT,EUUH8 C1070,2028-03-03,C,1.07,0.121400000,3,
2026-08-21,EUU,OPT,EUUH8 C1080,2028-03-03,C,1.08,0.112800000,3,
2026-08-21,EUU,OPT,EUUH8 C1090,2028-03-03,C,1.09,0.104400000,3,
2026-08-21,EUU,OPT,EUUH8 C1100,2028-03-03,C,1.1,0.096100000,3,
2026-08-21,EUU,OPT,EUUH8 C1110,2028-03-03,C,1.11,0.087900000,3,
2026-08-21,EUU,OPT,EUUH8 C1115,2028-03-03,C,1.115,0.083900000,3,
2026-08-21,EUU,OPT,EUUH8 C1120,2028-03-03,C,1.12,0.080000000,3,
2026-08-21,EUU,OPT,EUUH8 C1125,2028-03-03,C,1.125,0.076100000,3,
2026-08-21,EUU,OPT,EUUH8 C1130,2028-03-03,C,1.13,0.072300000,3,
2026-08-21,EUU,OPT,EUUH8 C1135,2028-03-03,C,1.135,0.068600000,3,
2026-08-21,EUU,OPT,EUUH8 C1140,2028-03-03,C,1.14,0.064900000,3,
2026-08-21,EUU,OPT,EUUH8 C1145,2028-03-03,C,1.145,0.061400000,3,
2026-08-21,EUU,OPT,EUUH8 C1150,2028-03-03,C,1.15,0.058000000,3,4
2026-08-21,EUU,OPT,EUUH8 C1155,2028-03-03,C,1.155,0.054700000,3,
2026-08-21,EUU,OPT,EUUH8 C1160,2028-03-03,C,1.16,0.051500000,3,
2026-08-21,EUU,OPT,EUUH8 C1165,2028-03-03,C,1.165,0.048400000,3,
2026-08-21,EUU,OPT,EUUH8 C1170,2028-03-03,C,1.17,0.045500000,3,
2026-08-21,EUU,OPT,EUUH8 C1175,2028-03-03,C,1.175,0.042700000,3,
2026-08-21,EUU,OPT,EUUH8 C1180,2028-03-03,C,1.18,0.040000000,3,
2026-08-21,EUU,OPT,EUUH8 C1185,2028-03-03,C,1.185,0.037400000,3,
2026-08-21,EUU,OPT,EUUH8 C1190,2028-03-03,C,1.19,0.035000000,3,
2026-08-21,EUU,OPT,EUUH8 C1195,2028-03-03,C,1.195,0.032700000,3,
2026-08-21,EUU,OPT,EUUH8 C1200,2028-03-03,C,1.2,0.030500000,3,
2026-08-21,EUU,OPT,EUUH8 C1205,2028-03-03,C,1.205,0.028500000,3,
2026-08-21,EUU,OPT,EUUH8 C1210,2028-03-03,C,1.21,0.026600000,3,
2026-08-21,EUU,OPT,EUUH8 C1215,2028-03-03,C,1.215,0.024800000,3,
2026-08-21,EUU,OPT,EUUH8 C1220,2028-03-03,C,1.22,0.023200000,3,
2026-08-21,EUU,OPT,EUUH8 C1225,2028-03-03,C,1.225,0.021700000,3,
2026-08-21,EUU,OPT,EUUH8 C1230,2028-03-03,C,1.23,0.020200000,3,
2026-08-21,EUU,OPT,EUUH8 C1235,2028-03-03,C,1.235,0.018900000,3,
2026-08-21,EUU,OPT,EUUH8 C1240,2028-03-03,C,1.24,0.017700000,3,
2026-08-21,EUU,OPT,EUUH8 C1245,2028-03-03,C,1.245,0.016600000,3,
2026-08-21,EUU,OPT,EUUH8 C1250,2028-03-03,C,1.25,0.015600000,3,
2026-08-21,EUU,OPT,EUUH8 C1255,2028-03-03,C,1.255,0.014600000,3,
2026-08-21,EUU,OPT,EUUH8 C1260,2028-03-03,C,1.26,0.013700000,3,
2026-08-21,EUU,OPT,EUUH8 C1270,2028-03-03,C,1.27,0.012100000,3,
2026-08-21,EUU,OPT,EUUH8 C1280,2028-03-03,C,1.28,0.010800000,3,
2026-08-21,EUU,OPT,EUUH8 C1290,2028-03-03,C,1.29,0.009600000,3,
2026-08-21,EUU,OPT,EUUH8 C1300,2028-03-03,C,1.3,0.008600000,3,
2026-08-21,EUU,OPT,EUUH8 C1310,2028-03-03,C,1.31,0.007600000,3,
2026-08-21,EUU,OPT,EUUH8 C1320,2028-03-03,C,1.32,0.006900000,3,
2026-08-21,EUU,OPT,EUUH8 C1330,2028-03-03,C,1.33,0.006300000,3,
2026-08-21,EUU,OPT,EUUH8 C1340,2028-03-03,C,1.34,0.005800000,3,
2026-08-21,EUU,OPT,EUUH8 C1350,2028-03-03,C,1.35,0.005400000,3,
2026-08-21,EUU,OPT,EUUH8 P1020,2028-03-03,P,1.02,0.002500000,3,
2026-08-21,EUU,OPT,EUUH8 P1030,2028-03-03,P,1.03,0.003000000,3,
2026-08-21,EUU,OPT,EUUH8 P1040,2028-03-03,P,1.04,0.003700000,3,
2026-08-21,EUU,OPT,EUUH8 P1050,2028-03-03,P,1.05,0.004400000,3,
2026-08-21,EUU,OPT,EUUH8 P1060,2028-03-03,P,1.06,0.005000000,3,
2026-08-21,EUU,OPT,EUUH8 P1070,2028-03-03,P,1.07,0.005700000,3,
2026-08-21,EUU,OPT,EUUH8 P1080,2028-03-03,P,1.08,0.006600000,3,
2026-08-21,EUU,OPT,EUUH8 P1090,2028-03-03,P,1.09,0.007500000,3,
2026-08-21,EUU,OPT,EUUH8 P1100,2028-03-03,P,1.1,0.008600000,3,
2026-08-21,EUU,OPT,EUUH8 P1110,2028-03-03,P,1.11,0.009900000,3,
2026-08-21,EUU,OPT,EUUH8 P1115,2028-03-03,P,1.115,0.010600000,3,
2026-08-21,EUU,OPT,EUUH8 P1120,2028-03-03,P,1.12,0.011400000,3,
2026-08-21,EUU,OPT,EUUH8 P1125,2028-03-03,P,1.125,0.012200000,3,
2026-08-21,EUU,OPT,EUUH8 P1130,2028-03-03,P,1.13,0.013100000,3,
2026-08-21,EUU,OPT,EUUH8 P1135,2028-03-03,P,1.135,0.014100000,3,
2026-08-21,EUU,OPT,EUUH8 P1140,2028-03-03,P,1.14,0.015100000,3,
2026-08-21,EUU,OPT,EUUH8 P1145,2028-03-03,P,1.145,0.016300000,3,
2026-08-21,EUU,OPT,EUUH8 P1150,2028-03-03,P,1.15,0.017600000,3,1
2026-08-21,EUU,OPT,EUUH8 P1155,2028-03-03,P,1.155,0.019000000,3,
2026-08-21,EUU,OPT,EUUH8 P1160,2028-03-03,P,1.16,0.020500000,3,
2026-08-21,EUU,OPT,EUUH8 P1165,2028-03-03,P,1.165,0.022200000,3,
2026-08-21,EUU,OPT,EUUH8 P1170,2028-03-03,P,1.17,0.023900000,3,
2026-08-21,EUU,OPT,EUUH8 P1175,2028-03-03,P,1.175,0.025800000,3,
2026-08-21,EUU,OPT,EUUH8 P1180,2028-03-03,P,1.18,0.027800000,3,
2026-08-21,EUU,OPT,EUUH8 P1185,2028-03-03,P,1.185,0.030000000,3,
2026-08-21,EUU,OPT,EUUH8 P1190,2028-03-03,P,1.19,0.032300000,3,
2026-08-21,EUU,OPT,EUUH8 P1195,2028-03-03,P,1.195,0.034700000,3,
2026-08-21,EUU,OPT,EUUH8 P1200,2028-03-03,P,1.2,0.037200000,3,
2026-08-21,EUU,OPT,EUUH8 P1205,2028-03-03,P,1.205,0.039900000,3,
2026-08-21,EUU,OPT,EUUH8 P1210,2028-03-03,P,1.21,0.042700000,3,
2026-08-21,EUU,OPT,EUUH8 P1215,2028-03-03,P,1.215,0.045600000,3,
2026-08-21,EUU,OPT,EUUH8 P1220,2028-03-03,P,1.22,0.048700000,3,
2026-08-21,EUU,OPT,EUUH8 P1225,2028-03-03,P,1.225,0.051900000,3,
2026-08-21,EUU,OPT,EUUH8 P1230,2028-03-03,P,1.23,0.055200000,3,
2026-08-21,EUU,OPT,EUUH8 P1235,2028-03-03,P,1.235,0.058600000,3,
2026-08-21,EUU,OPT,EUUH8 P1240,2028-03-03,P,1.24,0.062100000,3,
2026-08-21,EUU,OPT,EUUH8 P1245,2028-03-03,P,1.245,0.065600000,3,
2026-08-21,EUU,OPT,EUUH8 P1250,2028-03-03,P,1.25,0.069300000,3,
2026-08-21,EUU,OPT,EUUH8 P1255,2028-03-03,P,1.255,0.073100000,3,
2026-08-21,EUU,OPT,EUUH8 P1260,2028-03-03,P,1.26,0.076900000,3,
2026-08-21,EUU,OPT,EUUH8 P1270,2028-03-03,P,1.27,0.084700000,3,
2026-08-21,EUU,OPT,EUUH8 P1280,2028-03-03,P,1.28,0.092800000,3,
2026-08-21,EUU,OPT,EUUH8 P1290,2028-03-03,P,1.29,0.101000000,3,
2026-08-21,EUU,OPT,EUUH8 P1300,2028-03-03,P,1.3,0.109400000,3,
2026-08-21,EUU,OPT,EUUH8 P1310,2028-03-03,P,1.31,0.117800000,3,
2026-08-21,EUU,OPT,EUUH8 P1320,2028-03-03,P,1.32,0.126500000,3,
2026-08-21,EUU,OPT,EUUH8 P1330,2028-03-03,P,1.33,0.135300000,3,
2026-08-21,EUU,OPT,EUUH8 P1340,2028-03-03,P,1.34,0.144300000,3,
2026-08-21,EUU,OPT,EUUH8 P1350,2028-03-03,P,1.35,0.153300000,3,
2026-08-21,EUU,OPT,EUUM8 C1020,2028-06-09,C,1.02,0.168300000,3,
2026-08-21,EUU,OPT,EUUM8 C1030,2028-06-09,C,1.03,0.159500000,3,
2026-08-21,EUU,OPT,EUUM8 C1040,2028-06-09,C,1.04,0.150800000,3,
2026-08-21,EUU,OPT,EUUM8 C1050,2028-06-09,C,1.05,0.142200000,3,
2026-08-21,EUU,OPT,EUUM8 C1060,2028-06-09,C,1.06,0.133600000,3,
2026-08-21,EUU,OPT,EUUM8 C1070,2028-06-09,C,1.07,0.125100000,3,
2026-08-21,EUU,OPT,EUUM8 C1080,2028-06-09,C,1.08,0.116600000,3,
2026-08-21,EUU,OPT,EUUM8 C1090,2028-06-09,C,1.09,0.108300000,3,
2026-08-21,EUU,OPT,EUUM8 C1100,2028-06-09,C,1.1,0.100200000,3,
2026-08-21,EUU,OPT,EUUM8 C1110,2028-06-09,C,1.11,0.092200000,3,
2026-08-21,EUU,OPT,EUUM8 C1120,2028-06-09,C,1.12,0.084500000,3,
2026-08-21,EUU,OPT,EUUM8 C1125,2028-06-09,C,1.125,0.080700000,3,
2026-08-21,EUU,OPT,EUUM8 C1130,2028-06-09,C,1.13,0.077000000,3,
2026-08-21,EUU,OPT,EUUM8 C1135,2028-06-09,C,1.135,0.073300000,3,
2026-08-21,EUU,OPT,EUUM8 C1140,2028-06-09,C,1.14,0.069800000,3,
2026-08-21,EUU,OPT,EUUM8 C1145,2028-06-09,C,1.145,0.066300000,3,
2026-08-21,EUU,OPT,EUUM8 C1150,2028-06-09,C,1.15,0.062900000,3,
2026-08-21,EUU,OPT,EUUM8 C1155,2028-06-09,C,1.155,0.059600000,3,
2026-08-21,EUU,OPT,EUUM8 C1160,2028-06-09,C,1.16,0.056300000,3,
2026-08-21,EUU,OPT,EUUM8 C1165,2028-06-09,C,1.165,0.053200000,3,
2026-08-21,EUU,OPT,EUUM8 C1170,2028-06-09,C,1.17,0.050200000,3,
2026-08-21,EUU,OPT,EUUM8 C1175,2028-06-09,C,1.175,0.047300000,3,
2026-08-21,EUU,OPT,EUUM8 C1180,2028-06-09,C,1.18,0.044600000,3,
2026-08-21,EUU,OPT,EUUM8 C1185,2028-06-09,C,1.185,0.042000000,3,
2026-08-21,EUU,OPT,EUUM8 C1190,2028-06-09,C,1.19,0.039500000,3,
2026-08-21,EUU,OPT,EUUM8 C1195,2028-06-09,C,1.195,0.037100000,3,
2026-08-21,EUU,OPT,EUUM8 C1200,2028-06-09,C,1.2,0.034900000,3,
2026-08-21,EUU,OPT,EUUM8 C1205,2028-06-09,C,1.205,0.032800000,3,
2026-08-21,EUU,OPT,EUUM8 C1210,2028-06-09,C,1.21,0.030800000,3,
2026-08-21,EUU,OPT,EUUM8 C1215,2028-06-09,C,1.215,0.028900000,3,
2026-08-21,EUU,OPT,EUUM8 C1220,2028-06-09,C,1.22,0.027200000,3,
2026-08-21,EUU,OPT,EUUM8 C1225,2028-06-09,C,1.225,0.025500000,3,
2026-08-21,EUU,OPT,EUUM8 C1230,2028-06-09,C,1.23,0.024000000,3,
2026-08-21,EUU,OPT,EUUM8 C1235,2028-06-09,C,1.235,0.022500000,3,
2026-08-21,EUU,OPT,EUUM8 C1240,2028-06-09,C,1.24,0.021200000,3,
2026-08-21,EUU,OPT,EUUM8 C1245,2028-06-09,C,1.245,0.020000000,3,
2026-08-21,EUU,OPT,EUUM8 C1250,2028-06-09,C,1.25,0.018800000,3,
2026-08-21,EUU,OPT,EUUM8 C1260,2028-06-09,C,1.26,0.016700000,3,
2026-08-21,EUU,OPT,EUUM8 C1270,2028-06-09,C,1.27,0.015000000,3,
2026-08-21,EUU,OPT,EUUM8 C1280,2028-06-09,C,1.28,0.013400000,3,
2026-08-21,EUU,OPT,EUUM8 C1290,2028-06-09,C,1.29,0.012200000,3,
2026-08-21,EUU,OPT,EUUM8 C1300,2028-06-09,C,1.3,0.011100000,3,
2026-08-21,EUU,OPT,EUUM8 C1310,2028-06-09,C,1.31,0.010100000,3,
2026-08-21,EUU,OPT,EUUM8 C1320,2028-06-09,C,1.32,0.009300000,3,
2026-08-21,EUU,OPT,EUUM8 C1330,2028-06-09,C,1.33,0.008100000,3,
2026-08-21,EUU,OPT,EUUM8 C1340,2028-06-09,C,1.34,0.007100000,3,
2026-08-21,EUU,OPT,EUUM8 P1020,2028-06-09,P,1.02,0.003500000,3,
2026-08-21,EUU,OPT,EUUM8 P1030,2028-06-09,P,1.03,0.004000000,3,
2026-08-21,EUU,OPT,EUUM8 P1040,2028-06-09,P,1.04,0.004600000,3,
2026-08-21,EUU,OPT,EUUM8 P1050,2028-06-09,P,1.05,0.005300000,3,
2026-08-21,EUU,OPT,EUUM8 P1060,2028-06-09,P,1.06,0.006100000,3,
2026-08-21,EUU,OPT,EUUM8 P1070,2028-06-09,P,1.07,0.006800000,3,
2026-08-21,EUU,OPT,EUUM8 P1080,2028-06-09,P,1.08,0.007700000,3,
2026-08-21,EUU,OPT,EUUM8 P1090,2028-06-09,P,1.09,0.008700000,3,
2026-08-21,EUU,OPT,EUUM8 P1100,2028-06-09,P,1.1,0.009900000,3,3
2026-08-21,EUU,OPT,EUUM8 P1110,2028-06-09,P,1.11,0.011200000,3,
2026-08-21,EUU,OPT,EUUM8 P1120,2028-06-09,P,1.12,0.012800000,3,
2026-08-21,EUU,OPT,EUUM8 P1125,2028-06-09,P,1.125,0.013700000,3,
2026-08-21,EUU,OPT,EUUM8 P1130,2028-06-09,P,1.13,0.014600000,3,
2026-08-21,EUU,OPT,EUUM8 P1135,2028-06-09,P,1.135,0.015600000,3,
2026-08-21,EUU,OPT,EUUM8 P1140,2028-06-09,P,1.14,0.016700000,3,
2026-08-21,EUU,OPT,EUUM8 P1145,2028-06-09,P,1.145,0.017900000,3,
2026-08-21,EUU,OPT,EUUM8 P1150,2028-06-09,P,1.15,0.019100000,3,
2026-08-21,EUU,OPT,EUUM8 P1155,2028-06-09,P,1.155,0.020500000,3,
2026-08-21,EUU,OPT,EUUM8 P1160,2028-06-09,P,1.16,0.021900000,3,
2026-08-21,EUU,OPT,EUUM8 P1165,2028-06-09,P,1.165,0.023400000,3,
2026-08-21,EUU,OPT,EUUM8 P1170,2028-06-09,P,1.17,0.025100000,3,
2026-08-21,EUU,OPT,EUUM8 P1175,2028-06-09,P,1.175,0.026900000,3,
2026-08-21,EUU,OPT,EUUM8 P1180,2028-06-09,P,1.18,0.028800000,3,
2026-08-21,EUU,OPT,EUUM8 P1185,2028-06-09,P,1.185,0.030800000,3,
2026-08-21,EUU,OPT,EUUM8 P1190,2028-06-09,P,1.19,0.032900000,3,
2026-08-21,EUU,OPT,EUUM8 P1195,2028-06-09,P,1.195,0.035200000,3,
2026-08-21,EUU,OPT,EUUM8 P1200,2028-06-09,P,1.2,0.037700000,3,
2026-08-21,EUU,OPT,EUUM8 P1205,2028-06-09,P,1.205,0.040200000,3,
2026-08-21,EUU,OPT,EUUM8 P1210,2028-06-09,P,1.21,0.042900000,3,
2026-08-21,EUU,OPT,EUUM8 P1215,2028-06-09,P,1.215,0.045700000,3,
2026-08-21,EUU,OPT,EUUM8 P1220,2028-06-09,P,1.22,0.048600000,3,
2026-08-21,EUU,OPT,EUUM8 P1225,2028-06-09,P,1.225,0.051600000,3,
2026-08-21,EUU,OPT,EUUM8 P1230,2028-06-09,P,1.23,0.054700000,3,
2026-08-21,EUU,OPT,EUUM8 P1235,2028-06-09,P,1.235,0.057900000,3,
2026-08-21,EUU,OPT,EUUM8 P1240,2028-06-09,P,1.24,0.061300000,3,
2026-08-21,EUU,OPT,EUUM8 P1245,2028-06-09,P,1.245,0.064700000,3,
2026-08-21,EUU,OPT,EUUM8 P1250,2028-06-09,P,1.25,0.068200000,3,
2026-08-21,EUU,OPT,EUUM8 P1260,2028-06-09,P,1.26,0.075400000,3,
2026-08-21,EUU,OPT,EUUM8 P1270,2028-06-09,P,1.27,0.082900000,3,
2026-08-21,EUU,OPT,EUUM8 P1280,2028-06-09,P,1.28,0.090700000,3,
2026-08-21,EUU,OPT,EUUM8 P1290,2028-06-09,P,1.29,0.098800000,3,
2026-08-21,EUU,OPT,EUUM8 P1300,2028-06-09,P,1.3,0.107000000,3,
2026-08-21,EUU,OPT,EUUM8 P1310,2028-06-09,P,1.31,0.115300000,3,
2026-08-21,EUU,OPT,EUUM8 P1320,2028-06-09,P,1.32,0.123800000,3,
2026-08-21,EUU,OPT,EUUM8 P1330,2028-06-09,P,1.33,0.132000000,3,
2026-08-21,EUU,OPT,EUUM8 P1340,2028-06-09,P,1.34,0.140300000,3,
