session,root,type,symbol,expiry,right,strike,settle,settle_flag,oi
2026-09-04,GBU,OPT,GBUU6 C10200,2026-09-04,C,1.02,0.330500000,2,
2026-09-04,GBU,OPT,GBUU6 C10300,2026-09-04,C,1.03,0.320500000,2,
2026-09-04,GBU,OPT,GBUU6 C10400,2026-09-04,C,1.04,0.310500000,2,
2026-09-04,GBU,OPT,GBUU6 C10500,2026-09-04,C,1.05,0.300500000,2,
2026-09-04,GBU,OPT,GBUU6 C10600,2026-09-04,C,1.06,0.290500000,2,
2026-09-04,GBU,OPT,GBUU6 C10700,2026-09-04,C,1.07,0.280500000,2,
2026-09-04,GBU,OPT,GBUU6 C10800,2026-09-04,C,1.08,0.270500000,2,
2026-09-04,GBU,OPT,GBUU6 C10900,2026-09-04,C,1.09,0.260500000,2,
2026-09-04,GBU,OPT,GBUU6 C11000,2026-09-04,C,1.1,0.250500000,2,
2026-09-04,GBU,OPT,GBUU6 C11100,2026-09-04,C,1.11,0.240500000,2,
2026-09-04,GBU,OPT,GBUU6 C11200,2026-09-04,C,1.12,0.230500000,2,
2026-09-04,GBU,OPT,GBUU6 C11300,2026-09-04,C,1.13,0.220500000,2,
2026-09-04,GBU,OPT,GBUU6 C11400,2026-09-04,C,1.14,0.210500000,2,
2026-09-04,GBU,OPT,GBUU6 C11500,2026-09-04,C,1.15,0.200500000,2,
2026-09-04,GBU,OPT,GBUU6 C11600,2026-09-04,C,1.16,0.190500000,2,
2026-09-04,GBU,OPT,GBUU6 C11650,2026-09-04,C,1.165,0.185500000,2,
2026-09-04,GBU,OPT,GBUU6 C11700,2026-09-04,C,1.17,0.180500000,2,
2026-09-04,GBU,OPT,GBUU6 C11750,2026-09-04,C,1.175,0.175500000,2,
2026-09-04,GBU,OPT,GBUU6 C11800,2026-09-04,C,1.18,0.170500000,2,
2026-09-04,GBU,OPT,GBUU6 C11850,2026-09-04,C,1.185,0.165500000,2,
2026-09-04,GBU,OPT,GBUU6 C11900,2026-09-04,C,1.19,0.160500000,2,
2026-09-04,GBU,OPT,GBUU6 C11950,2026-09-04,C,1.195,0.155500000,2,
2026-09-04,GBU,OPT,GBUU6 C12000,2026-09-04,C,1.2,0.150500000,2,
2026-09-04,GBU,OPT,GBUU6 C12050,2026-09-04,C,1.205,0.145500000,2,
2026-09-04,GBU,OPT,GBUU6 C12100,2026-09-04,C,1.21,0.140500000,2,
2026-09-04,GBU,OPT,GBUU6 C12150,2026-09-04,C,1.215,0.135500000,2,
2026-09-04,GBU,OPT,GBUU6 C12200,2026-09-04,C,1.22,0.130500000,2,
2026-09-04,GBU,OPT,GBUU6 C12250,2026-09-04,C,1.225,0.125500000,2,
2026-09-04,GBU,OPT,GBUU6 C12300,2026-09-04,C,1.23,0.120500000,2,
2026-09-04,GBU,OPT,GBUU6 C12350,2026-09-04,C,1.235,0.115500000,2,
2026-09-04,GBU,OPT,GBUU6 C12400,2026-09-04,C,1.24,0.110500000,2,
2026-09-04,GBU,OPT,GBUU6 C12450,2026-09-04,C,1.245,0.105500000,2,
2026-09-04,GBU,OPT,GBUU6 C12500,2026-09-04,C,1.25,0.100500000,2,
2026-09-04,GBU,OPT,GBUU6 C12550,2026-09-04,C,1.255,0.095500000,2,
2026-09-04,GBU,OPT,GBUU6 C12600,2026-09-04,C,1.26,0.090500000,2,
2026-09-04,GBU,OPT,GBUU6 C12650,2026-09-04,C,1.265,0.085500000,2,
2026-09-04,GBU,OPT,GBUU6 C12700,2026-09-04,C,1.27,0.080500000,2,
2026-09-04,GBU,OPT,GBUU6 C12750,2026-09-04,C,1.275,0.075500000,2,
2026-09-04,GBU,OPT,GBUU6 C12800,2026-09-04,C,1.28,0.070500000,2,
2026-09-04,GBU,OPT,GBUU6 C12850,2026-09-04,C,1.285,0.065500000,2,
2026-09-04,GBU,OPT,GBUU6 C12900,2026-09-04,C,1.29,0.060500000,2,
2026-09-04,GBU,OPT,GBUU6 C12950,2026-09-04,C,1.295,0.055500000,2,
2026-09-04,GBU,OPT,GBUU6 C13000,2026-09-04,C,1.3,0.050500000,2,
2026-09-04,GBU,OPT,GBUU6 C13050,2026-09-04,C,1.305,0.045500000,2,
2026-09-04,GBU,OPT,GBUU6 C13100,2026-09-04,C,1.31,0.040500000,2,
2026-09-04,GBU,OPT,GBUU6 C13150,2026-09-04,C,1.315,0.035500000,2,
2026-09-04,GBU,OPT,GBUU6 C13200,2026-09-04,C,1.32,0.030500000,2,
2026-09-04,GBU,OPT,GBUU6 C13250,2026-09-04,C,1.325,0.025500000,2,
2026-09-04,GBU,OPT,GBUU6 C13275,2026-09-04,C,1.3275,0.023000000,2,
2026-09-04,GBU,OPT,GBUU6 C13300,2026-09-04,C,1.33,0.020500000,2,
2026-09-04,GBU,OPT,GBUU6 C13325,2026-09-04,C,1.3325,0.018000000,2,
2026-09-04,GBU,OPT,GBUU6 C13350,2026-09-04,C,1.335,0.015500000,2,
2026-09-04,GBU,OPT,GBUU6 C13375,2026-09-04,C,1.3375,0.013000000,2,
2026-09-04,GBU,OPT,GBUU6 C13400,2026-09-04,C,1.34,0.010500000,2,
2026-09-04,GBU,OPT,GBUU6 C13425,2026-09-04,C,1.3425,0.008000000,2,
2026-09-04,GBU,OPT,GBUU6 C13450,2026-09-04,C,1.345,0.005500000,2,
2026-09-04,GBU,OPT,GBUU6 C13475,2026-09-04,C,1.3475,0.003000000,2,
2026-09-04,GBU,OPT,GBUU6 C13500,2026-09-04,C,1.35,0.000500000,2,
2026-09-04,GBU,OPT,GBUU6 C13525,2026-09-04,C,1.3525,0.000000000,2,
2026-09-04,GBU,OPT,GBUU6 C13550,2026-09-04,C,1.355,0.000000000,2,
2026-09-04,GBU,OPT,GBUU6 C13575,2026-09-04,C,1.3575,0.000000000,2,
2026-09-04,GBU,OPT,GBUU6 C13600,2026-09-04,C,1.36,0.000000000,2,
2026-09-04,GBU,OPT,GBUU6 C13625,2026-09-04,C,1.3625,0.000000000,2,
2026-09-04,GBU,OPT,GBUU6 C13650,2026-09-04,C,1.365,0.000000000,2,
2026-09-04,GBU,OPT,GBUU6 C13675,2026-09-04,C,1.3675,0.000000000,2,
2026-09-04,GBU,OPT,GBUU6 C13700,2026-09-04,C,1.37,0.000000000,2,
2026-09-04,GBU,OPT,GBUU6 C13725,2026-09-04,C,1.3725,0.000000000,2,
2026-09-04,GBU,OPT,GBUU6 C13750,2026-09-04,C,1.375,0.000000000,2,
2026-09-04,GBU,OPT,GBUU6 C13775,2026-09-04,C,1.3775,0.000000000,2,
2026-09-04,GBU,OPT,GBUU6 C13800,2026-09-04,C,1.38,0.000000000,2,
2026-09-04,GBU,OPT,GBUU6 C13825,2026-09-04,C,1.3825,0.000000000,2,
2026-09-04,GBU,OPT,GBUU6 C13850,2026-09-04,C,1.385,0.000000000,2,
2026-09-04,GBU,OPT,GBUU6 C13900,2026-09-04,C,1.39,0.000000000,2,
2026-09-04,GBU,OPT,GBUU6 C13950,2026-09-04,C,1.395,0.000000000,2,
2026-09-04,GBU,OPT,GBUU6 C14000,2026-09-04,C,1.4,0.000000000,2,
2026-09-04,GBU,OPT,GBUU6 C14050,2026-09-04,C,1.405,0.000000000,2,
2026-09-04,GBU,OPT,GBUU6 C14100,2026-09-04,C,1.41,0.000000000,2,
2026-09-04,GBU,OPT,GBUU6 C14150,2026-09-04,C,1.415,0.000000000,2,
2026-09-04,GBU,OPT,GBUU6 C14200,2026-09-04,C,1.42,0.000000000,2,
2026-09-04,GBU,OPT,GBUU6 C14250,2026-09-04,C,1.425,0.000000000,2,
2026-09-04,GBU,OPT,GBUU6 C14300,2026-09-04,C,1.43,0.000000000,2,
2026-09-04,GBU,OPT,GBUU6 C14350,2026-09-04,C,1.435,0.000000000,2,
2026-09-04,GBU,OPT,GBUU6 C14400,2026-09-04,C,1.44,0.000000000,2,
2026-09-04,GBU,OPT,GBUU6 C14450,2026-09-04,C,1.445,0.000000000,2,
2026-09-04,GBU,OPT,GBUU6 C14500,2026-09-04,C,1.45,0.000000000,2,
2026-09-04,GBU,OPT,GBUU6 C14550,2026-09-04,C,1.455,0.000000000,2,
2026-09-04,GBU,OPT,GBUU6 C14600,2026-09-04,C,1.46,0.000000000,2,
2026-09-04,GBU,OPT,GBUU6 C14700,2026-09-04,C,1.47,0.000000000,2,
2026-09-04,GBU,OPT,GBUU6 C14800,2026-09-04,C,1.48,0.000000000,2,
2026-09-04,GBU,OPT,GBUU6 C14900,2026-09-04,C,1.49,0.000000000,2,
2026-09-04,GBU,OPT,GBUU6 C15000,2026-09-04,C,1.5,0.000000000,2,
2026-09-04,GBU,OPT,GBUU6 C15100,2026-09-04,C,1.51,0.000000000,2,
2026-09-04,GBU,OPT,GBUU6 C15200,2026-09-04,C,1.52,0.000000000,2,
2026-09-04,GBU,OPT,GBUU6 C15300,2026-09-04,C,1.53,0.000000000,2,
2026-09-04,GBU,OPT,GBUU6 C15400,2026-09-04,C,1.54,0.000000000,2,
2026-09-04,GBU,OPT,GBUU6 C15500,2026-09-04,C,1.55,0.000000000,2,
2026-09-04,GBU,OPT,GBUU6 C15600,2026-09-04,C,1.56,0.000000000,2,
2026-09-04,GBU,OPT,GBUU6 C15700,2026-09-04,C,1.57,0.000000000,2,
2026-09-04,GBU,OPT,GBUU6 C15800,2026-09-04,C,1.58,0.000000000,2,
2026-09-04,GBU,OPT,GBUU6 P10200,2026-09-04,P,1.02,0.000000000,2,
2026-09-04,GBU,OPT,GBUU6 P10300,2026-09-04,P,1.03,0.000000000,2,
2026-09-04,GBU,OPT,GBUU6 P10400,2026-09-04,P,1.04,0.000000000,2,
2026-09-04,GBU,OPT,GBUU6 P10500,2026-09-04,P,1.05,0.000000000,2,
2026-09-04,GBU,OPT,GBUU6 P10600,2026-09-04,P,1.06,0.000000000,2,
2026-09-04,GBU,OPT,GBUU6 P10700,2026-09-04,P,1.07,0.000000000,2,
2026-09-04,GBU,OPT,GBUU6 P10800,2026-09-04,P,1.08,0.000000000,2,
2026-09-04,GBU,OPT,GBUU6 P10900,2026-09-04,P,1.09,0.000000000,2,
2026-09-04,GBU,OPT,GBUU6 P11000,2026-09-04,P,1.1,0.000000000,2,
2026-09-04,GBU,OPT,GBUU6 P11100,2026-09-04,P,1.11,0.000000000,2,
2026-09-04,GBU,OPT,GBUU6 P11200,2026-09-04,P,1.12,0.000000000,2,
2026-09-04,GBU,OPT,GBUU6 P11300,2026-09-04,P,1.13,0.000000000,2,
2026-09-04,GBU,OPT,GBUU6 P11400,2026-09-04,P,1.14,0.000000000,2,
2026-09-04,GBU,OPT,GBUU6 P11500,2026-09-04,P,1.15,0.000000000,2,
2026-09-04,GBU,OPT,GBUU6 P11600,2026-09-04,P,1.16,0.000000000,2,
2026-09-04,GBU,OPT,GBUU6 P11650,2026-09-04,P,1.165,0.000000000,2,
2026-09-04,GBU,OPT,GBUU6 P11700,2026-09-04,P,1.17,0.000000000,2,
2026-09-04,GBU,OPT,GBUU6 P11750,2026-09-04,P,1.175,0.000000000,2,
2026-09-04,GBU,OPT,GBUU6 P11800,2026-09-04,P,1.18,0.000000000,2,
2026-09-04,GBU,OPT,GBUU6 P11850,2026-09-04,P,1.185,0.000000000,2,
2026-09-04,GBU,OPT,GBUU6 P11900,2026-09-04,P,1.19,0.000000000,2,
2026-09-04,GBU,OPT,GBUU6 P11950,2026-09-04,P,1.195,0.000000000,2,
2026-09-04,GBU,OPT,GBUU6 P12000,2026-09-04,P,1.2,0.000000000,2,
2026-09-04,GBU,OPT,GBUU6 P12050,2026-09-04,P,1.205,0.000000000,2,
2026-09-04,GBU,OPT,GBUU6 P12100,2026-09-04,P,1.21,0.000000000,2,
2026-09-04,GBU,OPT,GBUU6 P12150,2026-09-04,P,1.215,0.000000000,2,
2026-09-04,GBU,OPT,GBUU6 P12200,2026-09-04,P,1.22,0.000000000,2,
2026-09-04,GBU,OPT,GBUU6 P12250,2026-09-04,P,1.225,0.000000000,2,
2026-09-04,GBU,OPT,GBUU6 P12300,2026-09-04,P,1.23,0.000000000,2,
2026-09-04,GBU,OPT,GBUU6 P12350,2026-09-04,P,1.235,0.000000000,2,
2026-09-04,GBU,OPT,GBUU6 P12400,2026-09-04,P,1.24,0.000000000,2,
2026-09-04,GBU,OPT,GBUU6 P12450,2026-09-04,P,1.245,0.000000000,2,
2026-09-04,GBU,OPT,GBUU6 P12500,2026-09-04,P,1.25,0.000000000,2,
2026-09-04,GBU,OPT,GBUU6 P12550,2026-09-04,P,1.255,0.000000000,2,
2026-09-04,GBU,OPT,GBUU6 P12600,2026-09-04,P,1.26,0.000000000,2,
2026-09-04,GBU,OPT,GBUU6 P12650,2026-09-04,P,1.265,0.000000000,2,
2026-09-04,GBU,OPT,GBUU6 P12700,2026-09-04,P,1.27,0.000000000,2,
2026-09-04,GBU,OPT,GBUU6 P12750,2026-09-04,P,1.275,0.000000000,2,
2026-09-04,GBU,OPT,GBUU6 P12800,2026-09-04,P,1.28,0.000000000,2,
2026-09-04,GBU,OPT,GBUU6 P12850,2026-09-04,P,1.285,0.000000000,2,
2026-09-04,GBU,OPT,GBUU6 P12900,2026-09-04,P,1.29,0.000000000,2,
2026-09-04,GBU,OPT,GBUU6 P12950,2026-09-04,P,1.295,0.000000000,2,
2026-09-04,GBU,OPT,GBUU6 P13000,2026-09-04,P,1.3,0.000000000,2,
2026-09-04,GBU,OPT,GBUU6 P13050,2026-09-04,P,1.305,0.000000000,2,
2026-09-04,GBU,OPT,GBUU6 P13100,2026-09-04,P,1.31,0.000000000,2,
2026-09-04,GBU,OPT,GBUU6 P13150,2026-09-04,P,1.315,0.000000000,2,
2026-09-04,GBU,OPT,GBUU6 P13200,2026-09-04,P,1.32,0.000000000,2,
2026-09-04,GBU,OPT,GBUU6 P13250,2026-09-04,P,1.325,0.000000000,2,
2026-09-04,GBU,OPT,GBUU6 P13275,2026-09-04,P,1.3275,0.000000000,2,
2026-09-04,GBU,OPT,GBUU6 P13300,2026-09-04,P,1.33,0.000000000,2,
2026-09-04,GBU,OPT,GBUU6 P13325,2026-09-04,P,1.3325,0.000000000,2,
2026-09-04,GBU,OPT,GBUU6 P13350,2026-09-04,P,1.335,0.000000000,2,
2026-09-04,GBU,OPT,GBUU6 P13375,2026-09-04,P,1.3375,0.000000000,2,
2026-09-04,GBU,OPT,GBUU6 P13400,2026-09-04,P,1.34,0.000000000,2,
2026-09-04,GBU,OPT,GBUU6 P13425,2026-09-04,P,1.3425,0.000000000,2,
2026-09-04,GBU,OPT,GBUU6 P13450,2026-09-04,P,1.345,0.000000000,2,
2026-09-04,GBU,OPT,GBUU6 P13475,2026-09-04,P,1.3475,0.000000000,2,
2026-09-04,GBU,OPT,GBUU6 P13500,2026-09-04,P,1.35,0.000000000,2,
2026-09-04,GBU,OPT,GBUU6 P13525,2026-09-04,P,1.3525,0.002000000,2,
2026-09-04,GBU,OPT,GBUU6 P13550,2026-09-04,P,1.355,0.004500000,2,
2026-09-04,GBU,OPT,GBUU6 P13575,2026-09-04,P,1.3575,0.007000000,2,
2026-09-04,GBU,OPT,GBUU6 P13600,2026-09-04,P,1.36,0.009500000,2,
2026-09-04,GBU,OPT,GBUU6 P13625,2026-09-04,P,1.3625,0.012000000,2,
2026-09-04,GBU,OPT,GBUU6 P13650,2026-09-04,P,1.365,0.014500000,2,
2026-09-04,GBU,OPT,GBUU6 P13675,2026-09-04,P,1.3675,0.017000000,2,
2026-09-04,GBU,OPT,GBUU6 P13700,2026-09-04,P,1.37,0.019500000,2,
2026-09-04,GBU,OPT,GBUU6 P13725,2026-09-04,P,1.3725,0.022000000,2,
2026-09-04,GBU,OPT,GBUU6 P13750,2026-09-04,P,1.375,0.024500000,2,
2026-09-04,GBU,OPT,GBUU6 P13775,2026-09-04,P,1.3775,0.027000000,2,
2026-09-04,GBU,OPT,GBUU6 P13800,2026-09-04,P,1.38,0.029500000,2,
2026-09-04,GBU,OPT,GBUU6 P13825,2026-09-04,P,1.3825,0.032000000,2,
2026-09-04,GBU,OPT,GBUU6 P13850,2026-09-04,P,1.385,0.034500000,2,
2026-09-04,GBU,OPT,GBUU6 P13900,2026-09-04,P,1.39,0.039500000,2,
2026-09-04,GBU,OPT,GBUU6 P13950,2026-09-04,P,1.395,0.044500000,2,
2026-09-04,GBU,OPT,GBUU6 P14000,2026-09-04,P,1.4,0.049500000,2,
2026-09-04,GBU,OPT,GBUU6 P14050,2026-09-04,P,1.405,0.054500000,2,
2026-09-04,GBU,OPT,GBUU6 P14100,2026-09-04,P,1.41,0.059500000,2,
2026-09-04,GBU,OPT,GBUU6 P14150,2026-09-04,P,1.415,0.064500000,2,
2026-09-04,GBU,OPT,GBUU6 P14200,2026-09-04,P,1.42,0.069500000,2,
2026-09-04,GBU,OPT,GBUU6 P14250,2026-09-04,P,1.425,0.074500000,2,
2026-09-04,GBU,OPT,GBUU6 P14300,2026-09-04,P,1.43,0.079500000,2,
2026-09-04,GBU,OPT,GBUU6 P14350,2026-09-04,P,1.435,0.084500000,2,
2026-09-04,GBU,OPT,GBUU6 P14400,2026-09-04,P,1.44,0.089500000,2,
2026-09-04,GBU,OPT,GBUU6 P14450,2026-09-04,P,1.445,0.094500000,2,
2026-09-04,GBU,OPT,GBUU6 P14500,2026-09-04,P,1.45,0.099500000,2,
2026-09-04,GBU,OPT,GBUU6 P14550,2026-09-04,P,1.455,0.104500000,2,
2026-09-04,GBU,OPT,GBUU6 P14600,2026-09-04,P,1.46,0.109500000,2,
2026-09-04,GBU,OPT,GBUU6 P14700,2026-09-04,P,1.47,0.119500000,2,
2026-09-04,GBU,OPT,GBUU6 P14800,2026-09-04,P,1.48,0.129500000,2,
2026-09-04,GBU,OPT,GBUU6 P14900,2026-09-04,P,1.49,0.139500000,2,
2026-09-04,GBU,OPT,GBUU6 P15000,2026-09-04,P,1.5,0.149500000,2,
2026-09-04,GBU,OPT,GBUU6 P15100,2026-09-04,P,1.51,0.159500000,2,
2026-09-04,GBU,OPT,GBUU6 P15200,2026-09-04,P,1.52,0.169500000,2,
2026-09-04,GBU,OPT,GBUU6 P15300,2026-09-04,P,1.53,0.179500000,2,
2026-09-04,GBU,OPT,GBUU6 P15400,2026-09-04,P,1.54,0.189500000,2,
2026-09-04,GBU,OPT,GBUU6 P15500,2026-09-04,P,1.55,0.199500000,2,
2026-09-04,GBU,OPT,GBUU6 P15600,2026-09-04,P,1.56,0.209500000,2,
2026-09-04,GBU,OPT,GBUU6 P15700,2026-09-04,P,1.57,0.219500000,2,
2026-09-04,GBU,OPT,GBUU6 P15800,2026-09-04,P,1.58,0.229500000,2,
2026-09-04,GBU,OPT,GBUV6 C11000,2026-10-09,C,1.1,0.250700000,3,
2026-09-04,GBU,OPT,GBUV6 C11100,2026-10-09,C,1.11,0.240700000,3,
2026-09-04,GBU,OPT,GBUV6 C11200,2026-10-09,C,1.12,0.230800000,3,
2026-09-04,GBU,OPT,GBUV6 C11300,2026-10-09,C,1.13,0.220800000,3,
2026-09-04,GBU,OPT,GBUV6 C11400,2026-10-09,C,1.14,0.210800000,3,
2026-09-04,GBU,OPT,GBUV6 C11500,2026-10-09,C,1.15,0.200900000,3,
2026-09-04,GBU,OPT,GBUV6 C11600,2026-10-09,C,1.16,0.190900000,3,
2026-09-04,GBU,OPT,GBUV6 C11700,2026-10-09,C,1.17,0.181000000,3,
2026-09-04,GBU,OPT,GBUV6 C11800,2026-10-09,C,1.18,0.171000000,3,
2026-09-04,GBU,OPT,GBUV6 C11900,2026-10-09,C,1.19,0.161000000,3,
2026-09-04,GBU,OPT,GBUV6 C12000,2026-10-09,C,1.2,0.151100000,3,
2026-09-04,GBU,OPT,GBUV6 C12100,2026-10-09,C,1.21,0.141100000,3,
2026-09-04,GBU,OPT,GBUV6 C12200,2026-10-09,C,1.22,0.131100000,3,
2026-09-04,GBU,OPT,GBUV6 C12300,2026-10-09,C,1.23,0.121200000,3,
2026-09-04,GBU,OPT,GBUV6 C12400,2026-10-09,C,1.24,0.111200000,3,1
2026-09-04,GBU,OPT,GBUV6 C12500,2026-10-09,C,1.25,0.101200000,3,1
2026-09-04,GBU,OPT,GBUV6 C12550,2026-10-09,C,1.255,0.096300000,3,
2026-09-04,GBU,OPT,GBUV6 C12600,2026-10-09,C,1.26,0.091300000,3,
2026-09-04,GBU,OPT,GBUV6 C12650,2026-10-09,C,1.265,0.086400000,3,
2026-09-04,GBU,OPT,GBUV6 C12700,2026-10-09,C,1.27,0.081400000,3,
2026-09-04,GBU,OPT,GBUV6 C12750,2026-10-09,C,1.275,0.076500000,3,
2026-09-04,GBU,OPT,GBUV6 C12800,2026-10-09,C,1.28,0.071500000,3,
2026-09-04,GBU,OPT,GBUV6 C12850,2026-10-09,C,1.285,0.066600000,3,
2026-09-04,GBU,OPT,GBUV6 C12900,2026-10-09,C,1.29,0.061600000,3,1
2026-09-04,GBU,OPT,GBUV6 C12950,2026-10-09,C,1.295,0.056700000,3,
2026-09-04,GBU,OPT,GBUV6 C13000,2026-10-09,C,1.3,0.051800000,3,1
2026-09-04,GBU,OPT,GBUV6 C13050,2026-10-09,C,1.305,0.047000000,3,3
2026-09-04,GBU,OPT,GBUV6 C13100,2026-10-09,C,1.31,0.042200000,3,42
2026-09-04,GBU,OPT,GBUV6 C13150,2026-10-09,C,1.315,0.037500000,3,1
2026-09-04,GBU,OPT,GBUV6 C13200,2026-10-09,C,1.32,0.032900000,3,501
2026-09-04,GBU,OPT,GBUV6 C13250,2026-10-09,C,1.325,0.028400000,3,1
2026-09-04,GBU,OPT,GBUV6 C13300,2026-10-09,C,1.33,0.024100000,3,3
2026-09-04,GBU,OPT,GBUV6 C13325,2026-10-09,C,1.3325,0.000000000,1,
2026-09-04,GBU,OPT,GBUV6 C13350,2026-10-09,C,1.335,0.020100000,3,55
2026-09-04,GBU,OPT,GBUV6 C13375,2026-10-09,C,1.3375,0.000000000,1,
2026-09-04,GBU,OPT,GBUV6 C13400,2026-10-09,C,1.34,0.016400000,3,803
2026-09-04,GBU,OPT,GBUV6 C13425,2026-10-09,C,1.3425,0.000000000,1,
2026-09-04,GBU,OPT,GBUV6 C13450,2026-10-09,C,1.345,0.013000000,3,62
2026-09-04,GBU,OPT,GBUV6 C13475,2026-10-09,C,1.3475,0.000000000,1,
2026-09-04,GBU,OPT,GBUV6 C13500,2026-10-09,C,1.35,0.010000000,3,1352
2026-09-04,GBU,OPT,GBUV6 C13525,2026-10-09,C,1.3525,0.000000000,1,
2026-09-04,GBU,OPT,GBUV6 C13550,2026-10-09,C,1.355,0.007400000,3,994
2026-09-04,GBU,OPT,GBUV6 C13575,2026-10-09,C,1.3575,0.000000000,1,
2026-09-04,GBU,OPT,GBUV6 C13600,2026-10-09,C,1.36,0.005400000,3,3579
2026-09-04,GBU,OPT,GBUV6 C13625,2026-10-09,C,1.3625,0.000000000,1,
2026-09-04,GBU,OPT,GBUV6 C13650,2026-10-09,C,1.365,0.003800000,3,1454
2026-09-04,GBU,OPT,GBUV6 C13675,2026-10-09,C,1.3675,0.000000000,1,
2026-09-04,GBU,OPT,GBUV6 C13700,2026-10-09,C,1.37,0.002700000,3,2504
2026-09-04,GBU,OPT,GBUV6 C13725,2026-10-09,C,1.3725,0.000000000,1,
2026-09-04,GBU,OPT,GBUV6 C13750,2026-10-09,C,1.375,0.001900000,3,829
2026-09-04,GBU,OPT,GBUV6 C13800,2026-10-09,C,1.38,0.001300000,3,242
2026-09-04,GBU,OPT,GBUV6 C13850,2026-10-09,C,1.385,0.000900000,3,216
2026-09-04,GBU,OPT,GBUV6 C13900,2026-10-09,C,1.39,0.000600000,3,72
2026-09-04,GBU,OPT,GBUV6 C13950,2026-10-09,C,1.395,0.000400000,3,186
2026-09-04,GBU,OPT,GBUV6 C14000,2026-10-09,C,1.4,0.000300000,3,61
2026-09-04,GBU,OPT,GBUV6 C14050,2026-10-09,C,1.405,0.000200000,3,13
2026-09-04,GBU,OPT,GBUV6 C14100,2026-10-09,C,1.41,0.000100000,3,10
2026-09-04,GBU,OPT,GBUV6 C14150,2026-10-09,C,1.415,0.000100000,3,3
2026-09-04,GBU,OPT,GBUV6 C14200,2026-10-09,C,1.42,0.000100000,3,6
2026-09-04,GBU,OPT,GBUV6 C14250,2026-10-09,C,1.425,0.000100000,3,3
2026-09-04,GBU,OPT,GBUV6 C14300,2026-10-09,C,1.43,0.000100000,3,4
2026-09-04,GBU,OPT,GBUV6 C14350,2026-10-09,C,1.435,0.000000000,1,
2026-09-04,GBU,OPT,GBUV6 C14400,2026-10-09,C,1.44,0.000100000,3,80
2026-09-04,GBU,OPT,GBUV6 C14450,2026-10-09,C,1.445,0.000000000,1,
2026-09-04,GBU,OPT,GBUV6 C14500,2026-10-09,C,1.45,0.000100000,3,12
2026-09-04,GBU,OPT,GBUV6 C14600,2026-10-09,C,1.46,0.000100000,3,2
2026-09-04,GBU,OPT,GBUV6 C14700,2026-10-09,C,1.47,0.000100000,3,1
2026-09-04,GBU,OPT,GBUV6 C14800,2026-10-09,C,1.48,0.000100000,3,
2026-09-04,GBU,OPT,GBUV6 C14900,2026-10-09,C,1.49,0.000100000,3,15
2026-09-04,GBU,OPT,GBUV6 C15000,2026-10-09,C,1.5,0.000100000,3,36
2026-09-04,GBU,OPT,GBUV6 C15100,2026-10-09,C,1.51,0.000100000,3,
2026-09-04,GBU,OPT,GBUV6 C15200,2026-10-09,C,1.52,0.000100000,3,
2026-09-04,GBU,OPT,GBUV6 C15300,2026-10-09,C,1.53,0.000100000,3,
2026-09-04,GBU,OPT,GBUV6 C15400,2026-10-09,C,1.54,0.000100000,3,
2026-09-04,GBU,OPT,GBUV6 C15500,2026-10-09,C,1.55,0.000100000,3,1
2026-09-04,GBU,OPT,GBUV6 C15600,2026-10-09,C,1.56,0.000100000,3,
2026-09-04,GBU,OPT,GBUV6 C15700,2026-10-09,C,1.57,0.000100000,3,
2026-09-04,GBU,OPT,GBUV6 C15800,2026-10-09,C,1.58,0.000100000,3,
2026-09-04,GBU,OPT,GBUV6 P11000,2026-10-09,P,1.1,0.000100000,3,
2026-09-04,GBU,OPT,GBUV6 P11100,2026-10-09,P,1.11,0.000100000,3,
2026-09-04,GBU,OPT,GBUV6 P11200,2026-10-09,P,1.12,0.000100000,3,15
2026-09-04,GBU,OPT,GBUV6 P11300,2026-10-09,P,1.13,0.000100000,3,1
2026-09-04,GBU,OPT,GBUV6 P11400,2026-10-09,P,1.14,0.000100000,3,27
2026-09-04,GBU,OPT,GBUV6 P11500,2026-10-09,P,1.15,0.000100000,3,17
2026-09-04,GBU,OPT,GBUV6 P11600,2026-10-09,P,1.16,0.000100000,3,15
2026-09-04,GBU,OPT,GBUV6 P11700,2026-10-09,P,1.17,0.000100000,3,15
2026-09-04,GBU,OPT,GBUV6 P11800,2026-10-09,P,1.18,0.000100000,3,15
2026-09-04,GBU,OPT,GBUV6 P11900,2026-10-09,P,1.19,0.000100000,3,15
2026-09-04,GBU,OPT,GBUV6 P12000,2026-10-09,P,1.2,0.000100000,3,16
2026-09-04,GBU,OPT,GBUV6 P12100,2026-10-09,P,1.21,0.000100000,3,
2026-09-04,GBU,OPT,GBUV6 P12200,2026-10-09,P,1.22,0.000100000,3,1
2026-09-04,GBU,OPT,GBUV6 P12300,2026-10-09,P,1.23,0.000100000,3,1
2026-09-04,GBU,OPT,GBUV6 P12400,2026-10-09,P,1.24,0.000100000,3,2
2026-09-04,GBU,OPT,GBUV6 P12500,2026-10-09,P,1.25,0.000100000,3,3
2026-09-04,GBU,OPT,GBUV6 P12550,2026-10-09,P,1.255,0.000100000,3,67
2026-09-04,GBU,OPT,GBUV6 P12600,2026-10-09,P,1.26,0.000100000,3,12
2026-09-04,GBU,OPT,GBUV6 P12650,2026-10-09,P,1.265,0.000100000,3,11
2026-09-04,GBU,OPT,GBUV6 P12700,2026-10-09,P,1.27,0.000100000,3,22
2026-09-04,GBU,OPT,GBUV6 P12750,2026-10-09,P,1.275,0.000100000,3,6
2026-09-04,GBU,OPT,GBUV6 P12800,2026-10-09,P,1.28,0.000200000,3,7
2026-09-04,GBU,OPT,GBUV6 P12850,2026-10-09,P,1.285,0.000200000,3,22
2026-09-04,GBU,OPT,GBUV6 P12900,2026-10-09,P,1.29,0.000200000,3,40
2026-09-04,GBU,OPT,GBUV6 P12950,2026-10-09,P,1.295,0.000300000,3,45
2026-09-04,GBU,OPT,GBUV6 P13000,2026-10-09,P,1.3,0.000400000,3,118
2026-09-04,GBU,OPT,GBUV6 P13050,2026-10-09,P,1.305,0.000600000,3,420
2026-09-04,GBU,OPT,GBUV6 P13100,2026-10-09,P,1.31,0.000700000,3,249
2026-09-04,GBU,OPT,GBUV6 P13150,2026-10-09,P,1.315,0.001000000,3,231
2026-09-04,GBU,OPT,GBUV6 P13200,2026-10-09,P,1.32,0.001400000,3,418
2026-09-04,GBU,OPT,GBUV6 P13250,2026-10-09,P,1.325,0.001900000,3,963
2026-09-04,GBU,OPT,GBUV6 P13300,2026-10-09,P,1.33,0.002600000,3,1276
2026-09-04,GBU,OPT,GBUV6 P13325,2026-10-09,P,1.3325,0.000000000,1,
2026-09-04,GBU,OPT,GBUV6 P13350,2026-10-09,P,1.335,0.003500000,3,2939
2026-09-04,GBU,OPT,GBUV6 P13375,2026-10-09,P,1.3375,0.000000000,1,
2026-09-04,GBU,OPT,GBUV6 P13400,2026-10-09,P,1.34,0.004800000,3,3128
2026-09-04,GBU,OPT,GBUV6 P13425,2026-10-09,P,1.3425,0.000000000,1,
2026-09-04,GBU,OPT,GBUV6 P13450,2026-10-09,P,1.345,0.006400000,3,888
2026-09-04,GBU,OPT,GBUV6 P13475,2026-10-09,P,1.3475,0.000000000,1,
2026-09-04,GBU,OPT,GBUV6 P13500,2026-10-09,P,1.35,0.008400000,3,728
2026-09-04,GBU,OPT,GBUV6 P13525,2026-10-09,P,1.3525,0.000000000,1,
2026-09-04,GBU,OPT,GBUV6 P13550,2026-10-09,P,1.355,0.010800000,3,2071
2026-09-04,GBU,OPT,GBUV6 P13575,2026-10-09,P,1.3575,0.000000000,1,
2026-09-04,GBU,OPT,GBUV6 P13600,2026-10-09,P,1.36,0.013700000,3,1836
2026-09-04,GBU,OPT,GBUV6 P13625,2026-10-09,P,1.3625,0.000000000,1,
2026-09-04,GBU,OPT,GBUV6 P13650,2026-10-09,P,1.365,0.017200000,3,1
2026-09-04,GBU,OPT,GBUV6 P13675,2026-10-09,P,1.3675,0.000000000,1,
2026-09-04,GBU,OPT,GBUV6 P13700,2026-10-09,P,1.37,0.021000000,3,5
2026-09-04,GBU,OPT,GBUV6 P13725,2026-10-09,P,1.3725,0.000000000,1,
2026-09-04,GBU,OPT,GBUV6 P13750,2026-10-09,P,1.375,0.025200000,3,
2026-09-04,GBU,OPT,GBUV6 P13800,2026-10-09,P,1.38,0.029600000,3,
2026-09-04,GBU,OPT,GBUV6 P13850,2026-10-09,P,1.385,0.034200000,3,
2026-09-04,GBU,OPT,GBUV6 P13900,2026-10-09,P,1.39,0.038900000,3,1
2026-09-04,GBU,OPT,GBUV6 P13950,2026-10-09,P,1.395,0.043600000,3,
2026-09-04,GBU,OPT,GBUV6 P14000,2026-10-09,P,1.4,0.048500000,3,
2026-09-04,GBU,OPT,GBUV6 P14050,2026-10-09,P,1.405,0.053400000,3,
2026-09-04,GBU,OPT,GBUV6 P14100,2026-10-09,P,1.41,0.058300000,3,1
2026-09-04,GBU,OPT,GBUV6 P14150,2026-10-09,P,1.415,0.063300000,3,
2026-09-04,GBU,OPT,GBUV6 P14200,2026-10-09,P,1.42,0.068200000,3,
2026-09-04,GBU,OPT,GBUV6 P14250,2026-10-09,P,1.425,0.073100000,3,
2026-09-04,GBU,OPT,GBUV6 P14300,2026-10-09,P,1.43,0.078100000,3,
2026-09-04,GBU,OPT,GBUV6 P14350,2026-10-09,P,1.435,0.000000000,1,
2026-09-04,GBU,OPT,GBUV6 P14400,2026-10-09,P,1.44,0.088100000,3,
2026-09-04,GBU,OPT,GBUV6 P14450,2026-10-09,P,1.445,0.000000000,1,
2026-09-04,GBU,OPT,GBUV6 P14500,2026-10-09,P,1.45,0.098100000,3,
2026-09-04,GBU,OPT,GBUV6 P14600,2026-10-09,P,1.46,0.108000000,3,1
2026-09-04,GBU,OPT,GBUV6 P14700,2026-10-09,P,1.47,0.118000000,3,1
2026-09-04,GBU,OPT,GBUV6 P14800,2026-10-09,P,1.48,0.127900000,3,
2026-09-04,GBU,OPT,GBUV6 P14900,2026-10-09,P,1.49,0.137900000,3,
2026-09-04,GBU,OPT,GBUV6 P15000,2026-10-09,P,1.5,0.147900000,3,
2026-09-04,GBU,OPT,GBUV6 P15100,2026-10-09,P,1.51,0.157800000,3,
2026-09-04,GBU,OPT,GBUV6 P15200,2026-10-09,P,1.52,0.167800000,3,
2026-09-04,GBU,OPT,GBUV6 P15300,2026-10-09,P,1.53,0.177800000,3,
2026-09-04,GBU,OPT,GBUV6 P15400,2026-10-09,P,1.54,0.187700000,3,
2026-09-04,GBU,OPT,GBUV6 P15500,2026-10-09,P,1.55,0.197700000,3,
2026-09-04,GBU,OPT,GBUV6 P15600,2026-10-09,P,1.56,0.207700000,3,
2026-09-04,GBU,OPT,GBUV6 P15700,2026-10-09,P,1.57,0.217600000,3,
2026-09-04,GBU,OPT,GBUV6 P15800,2026-10-09,P,1.58,0.227600000,3,
2026-09-04,GBU,OPT,GBUX6 C11100,2026-11-06,C,1.11,0.240000000,3,
2026-09-04,GBU,OPT,GBUX6 C11200,2026-11-06,C,1.12,0.230100000,3,
2026-09-04,GBU,OPT,GBUX6 C11300,2026-11-06,C,1.13,0.220200000,3,
2026-09-04,GBU,OPT,GBUX6 C11400,2026-11-06,C,1.14,0.210200000,3,
2026-09-04,GBU,OPT,GBUX6 C11500,2026-11-06,C,1.15,0.200300000,3,
2026-09-04,GBU,OPT,GBUX6 C11600,2026-11-06,C,1.16,0.190400000,3,
2026-09-04,GBU,OPT,GBUX6 C11700,2026-11-06,C,1.17,0.180400000,3,
2026-09-04,GBU,OPT,GBUX6 C11800,2026-11-06,C,1.18,0.170500000,3,
2026-09-04,GBU,OPT,GBUX6 C11900,2026-11-06,C,1.19,0.160600000,3,
2026-09-04,GBU,OPT,GBUX6 C12000,2026-11-06,C,1.2,0.150700000,3,1
2026-09-04,GBU,OPT,GBUX6 C12100,2026-11-06,C,1.21,0.140800000,3,1
2026-09-04,GBU,OPT,GBUX6 C12200,2026-11-06,C,1.22,0.131000000,3,
2026-09-04,GBU,OPT,GBUX6 C12300,2026-11-06,C,1.23,0.121100000,3,
2026-09-04,GBU,OPT,GBUX6 C12400,2026-11-06,C,1.24,0.111200000,3,
2026-09-04,GBU,OPT,GBUX6 C12500,2026-11-06,C,1.25,0.101300000,3,
2026-09-04,GBU,OPT,GBUX6 C12550,2026-11-06,C,1.255,0.096300000,3,
2026-09-04,GBU,OPT,GBUX6 C12600,2026-11-06,C,1.26,0.091400000,3,
2026-09-04,GBU,OPT,GBUX6 C12650,2026-11-06,C,1.265,0.086500000,3,
2026-09-04,GBU,OPT,GBUX6 C12700,2026-11-06,C,1.27,0.081700000,3,
2026-09-04,GBU,OPT,GBUX6 C12750,2026-11-06,C,1.275,0.076800000,3,
2026-09-04,GBU,OPT,GBUX6 C12800,2026-11-06,C,1.28,0.072000000,3,5
2026-09-04,GBU,OPT,GBUX6 C12850,2026-11-06,C,1.285,0.067200000,3,
2026-09-04,GBU,OPT,GBUX6 C12900,2026-11-06,C,1.29,0.062500000,3,
2026-09-04,GBU,OPT,GBUX6 C12950,2026-11-06,C,1.295,0.057800000,3,
2026-09-04,GBU,OPT,GBUX6 C13000,2026-11-06,C,1.3,0.053200000,3,6
2026-09-04,GBU,OPT,GBUX6 C13050,2026-11-06,C,1.305,0.048600000,3,
2026-09-04,GBU,OPT,GBUX6 C13100,2026-11-06,C,1.31,0.044100000,3,
2026-09-04,GBU,OPT,GBUX6 C13150,2026-11-06,C,1.315,0.039800000,3,
2026-09-04,GBU,OPT,GBUX6 C13200,2026-11-06,C,1.32,0.035500000,3,13
2026-09-04,GBU,OPT,GBUX6 C13250,2026-11-06,C,1.325,0.031500000,3,16
2026-09-04,GBU,OPT,GBUX6 C13300,2026-11-06,C,1.33,0.027600000,3,5
2026-09-04,GBU,OPT,GBUX6 C13350,2026-11-06,C,1.335,0.023900000,3,41
2026-09-04,GBU,OPT,GBUX6 C13400,2026-11-06,C,1.34,0.020500000,3,799
2026-09-04,GBU,OPT,GBUX6 C13450,2026-11-06,C,1.345,0.017300000,3,192
2026-09-04,GBU,OPT,GBUX6 C13500,2026-11-06,C,1.35,0.014400000,3,69
2026-09-04,GBU,OPT,GBUX6 C13550,2026-11-06,C,1.355,0.011900000,3,247
2026-09-04,GBU,OPT,GBUX6 C13600,2026-11-06,C,1.36,0.009600000,3,149
2026-09-04,GBU,OPT,GBUX6 C13650,2026-11-06,C,1.365,0.007600000,3,309
2026-09-04,GBU,OPT,GBUX6 C13700,2026-11-06,C,1.37,0.006000000,3,359
2026-09-04,GBU,OPT,GBUX6 C13750,2026-11-06,C,1.375,0.004700000,3,62
2026-09-04,GBU,OPT,GBUX6 C13800,2026-11-06,C,1.38,0.003700000,3,50
2026-09-04,GBU,OPT,GBUX6 C13850,2026-11-06,C,1.385,0.002800000,3,19
2026-09-04,GBU,OPT,GBUX6 C13900,2026-11-06,C,1.39,0.002200000,3,20
2026-09-04,GBU,OPT,GBUX6 C13950,2026-11-06,C,1.395,0.001700000,3,5
2026-09-04,GBU,OPT,GBUX6 C14000,2026-11-06,C,1.4,0.001300000,3,30
2026-09-04,GBU,OPT,GBUX6 C14050,2026-11-06,C,1.405,0.001000000,3,3
2026-09-04,GBU,OPT,GBUX6 C14100,2026-11-06,C,1.41,0.000800000,3,15
2026-09-04,GBU,OPT,GBUX6 C14150,2026-11-06,C,1.415,0.000600000,3,23
2026-09-04,GBU,OPT,GBUX6 C14200,2026-11-06,C,1.42,0.000500000,3,29
2026-09-04,GBU,OPT,GBUX6 C14250,2026-11-06,C,1.425,0.000400000,3,16
2026-09-04,GBU,OPT,GBUX6 C14300,2026-11-06,C,1.43,0.000300000,3,1522
2026-09-04,GBU,OPT,GBUX6 C14400,2026-11-06,C,1.44,0.000200000,3,1
2026-09-04,GBU,OPT,GBUX6 C14500,2026-11-06,C,1.45,0.000100000,3,16
2026-09-04,GBU,OPT,GBUX6 C14600,2026-11-06,C,1.46,0.000100000,3,16
2026-09-04,GBU,OPT,GBUX6 C14700,2026-11-06,C,1.47,0.000100000,3,17
2026-09-04,GBU,OPT,GBUX6 C14800,2026-11-06,C,1.48,0.000100000,3,18
2026-09-04,GBU,OPT,GBUX6 C14900,2026-11-06,C,1.49,0.000100000,3,18
2026-09-04,GBU,OPT,GBUX6 C15000,2026-11-06,C,1.5,0.000100000,3,19
2026-09-04,GBU,OPT,GBUX6 C15100,2026-11-06,C,1.51,0.000100000,3,15
2026-09-04,GBU,OPT,GBUX6 C15200,2026-11-06,C,1.52,0.000100000,3,
2026-09-04,GBU,OPT,GBUX6 C15300,2026-11-06,C,1.53,0.000100000,3,
2026-09-04,GBU,OPT,GBUX6 C15400,2026-11-06,C,1.54,0.000100000,3,
2026-09-04,GBU,OPT,GBUX6 C15500,2026-11-06,C,1.55,0.000100000,3,
2026-09-04,GBU,OPT,GBUX6 C15600,2026-11-06,C,1.56,0.000100000,3,
2026-09-04,GBU,OPT,GBUX6 C15700,2026-11-06,C,1.57,0.000100000,3,
2026-09-04,GBU,OPT,GBUX6 C15800,2026-11-06,C,1.58,0.000100000,3,
2026-09-04,GBU,OPT,GBUX6 P11100,2026-11-06,P,1.11,0.000100000,3,
2026-09-04,GBU,OPT,GBUX6 P11200,2026-11-06,P,1.12,0.000100000,3,
2026-09-04,GBU,OPT,GBUX6 P11300,2026-11-06,P,1.13,0.000100000,3,1
2026-09-04,GBU,OPT,GBUX6 P11400,2026-11-06,P,1.14,0.000100000,3,1
2026-09-04,GBU,OPT,GBUX6 P11500,2026-11-06,P,1.15,0.000100000,3,
2026-09-04,GBU,OPT,GBUX6 P11600,2026-11-06,P,1.16,0.000100000,3,
2026-09-04,GBU,OPT,GBUX6 P11700,2026-11-06,P,1.17,0.000100000,3,
2026-09-04,GBU,OPT,GBUX6 P11800,2026-11-06,P,1.18,0.000100000,3,15
2026-09-04,GBU,OPT,GBUX6 P11900,2026-11-06,P,1.19,0.000100000,3,15
2026-09-04,GBU,OPT,GBUX6 P12000,2026-11-06,P,1.2,0.000100000,3,15
2026-09-04,GBU,OPT,GBUX6 P12100,2026-11-06,P,1.21,0.000100000,3,18
2026-09-04,GBU,OPT,GBUX6 P12200,2026-11-06,P,1.22,0.000200000,3,16
2026-09-04,GBU,OPT,GBUX6 P12300,2026-11-06,P,1.23,0.000300000,3,4
2026-09-04,GBU,OPT,GBUX6 P12400,2026-11-06,P,1.24,0.000300000,3,7
2026-09-04,GBU,OPT,GBUX6 P12500,2026-11-06,P,1.25,0.000300000,3,2
2026-09-04,GBU,OPT,GBUX6 P12550,2026-11-06,P,1.255,0.000400000,3,3
2026-09-04,GBU,OPT,GBUX6 P12600,2026-11-06,P,1.26,0.000400000,3,7
2026-09-04,GBU,OPT,GBUX6 P12650,2026-11-06,P,1.265,0.000500000,3,
2026-09-04,GBU,OPT,GBUX6 P12700,2026-11-06,P,1.27,0.000600000,3,10
2026-09-04,GBU,OPT,GBUX6 P12750,2026-11-06,P,1.275,0.000700000,3,4
2026-09-04,GBU,OPT,GBUX6 P12800,2026-11-06,P,1.28,0.000900000,3,22
2026-09-04,GBU,OPT,GBUX6 P12850,2026-11-06,P,1.285,0.001100000,3,21
2026-09-04,GBU,OPT,GBUX6 P12900,2026-11-06,P,1.29,0.001300000,3,6
2026-09-04,GBU,OPT,GBUX6 P12950,2026-11-06,P,1.295,0.001600000,3,651
2026-09-04,GBU,OPT,GBUX6 P13000,2026-11-06,P,1.3,0.001900000,3,25
2026-09-04,GBU,OPT,GBUX6 P13050,2026-11-06,P,1.305,0.002300000,3,7
2026-09-04,GBU,OPT,GBUX6 P13100,2026-11-06,P,1.31,0.002800000,3,23
2026-09-04,GBU,OPT,GBUX6 P13150,2026-11-06,P,1.315,0.003400000,3,1006
2026-09-04,GBU,OPT,GBUX6 P13200,2026-11-06,P,1.32,0.004200000,3,23
2026-09-04,GBU,OPT,GBUX6 P13250,2026-11-06,P,1.325,0.005000000,3,56
2026-09-04,GBU,OPT,GBUX6 P13300,2026-11-06,P,1.33,0.006100000,3,603
2026-09-04,GBU,OPT,GBUX6 P13350,2026-11-06,P,1.335,0.007400000,3,123
2026-09-04,GBU,OPT,GBUX6 P13400,2026-11-06,P,1.34,0.009000000,3,108
2026-09-04,GBU,OPT,GBUX6 P13450,2026-11-06,P,1.345,0.010800000,3,73
2026-09-04,GBU,OPT,GBUX6 P13500,2026-11-06,P,1.35,0.012800000,3,107
2026-09-04,GBU,OPT,GBUX6 P13550,2026-11-06,P,1.355,0.015200000,3,3
2026-09-04,GBU,OPT,GBUX6 P13600,2026-11-06,P,1.36,0.017900000,3,152
2026-09-04,GBU,OPT,GBUX6 P13650,2026-11-06,P,1.365,0.021000000,3,422
2026-09-04,GBU,OPT,GBUX6 P13700,2026-11-06,P,1.37,0.024300000,3,83
2026-09-04,GBU,OPT,GBUX6 P13750,2026-11-06,P,1.375,0.027900000,3,
2026-09-04,GBU,OPT,GBUX6 P13800,2026-11-06,P,1.38,0.031900000,3,
2026-09-04,GBU,OPT,GBUX6 P13850,2026-11-06,P,1.385,0.036000000,3,
2026-09-04,GBU,OPT,GBUX6 P13900,2026-11-06,P,1.39,0.040300000,3,
2026-09-04,GBU,OPT,GBUX6 P13950,2026-11-06,P,1.395,0.044800000,3,
2026-09-04,GBU,OPT,GBUX6 P14000,2026-11-06,P,1.4,0.049400000,3,
2026-09-04,GBU,OPT,GBUX6 P14050,2026-11-06,P,1.405,0.054100000,3,
2026-09-04,GBU,OPT,GBUX6 P14100,2026-11-06,P,1.41,0.058800000,3,
2026-09-04,GBU,OPT,GBUX6 P14150,2026-11-06,P,1.415,0.063600000,3,
2026-09-04,GBU,OPT,GBUX6 P14200,2026-11-06,P,1.42,0.068400000,3,1
2026-09-04,GBU,OPT,GBUX6 P14250,2026-11-06,P,1.425,0.073300000,3,
2026-09-04,GBU,OPT,GBUX6 P14300,2026-11-06,P,1.43,0.078200000,3,
2026-09-04,GBU,OPT,GBUX6 P14400,2026-11-06,P,1.44,0.088000000,3,
2026-09-04,GBU,OPT,GBUX6 P14500,2026-11-06,P,1.45,0.097900000,3,
2026-09-04,GBU,OPT,GBUX6 P14600,2026-11-06,P,1.46,0.107800000,3,
2026-09-04,GBU,OPT,GBUX6 P14700,2026-11-06,P,1.47,0.117600000,3,
2026-09-04,GBU,OPT,GBUX6 P14800,2026-11-06,P,1.48,0.127600000,3,
2026-09-04,GBU,OPT,GBUX6 P14900,2026-11-06,P,1.49,0.137500000,3,
2026-09-04,GBU,OPT,GBUX6 P15000,2026-11-06,P,1.5,0.147400000,3,
2026-09-04,GBU,OPT,GBUX6 P15100,2026-11-06,P,1.51,0.157400000,3,
2026-09-04,GBU,OPT,GBUX6 P15200,2026-11-06,P,1.52,0.167300000,3,
2026-09-04,GBU,OPT,GBUX6 P15300,2026-11-06,P,1.53,0.177200000,3,
2026-09-04,GBU,OPT,GBUX6 P15400,2026-11-06,P,1.54,0.187200000,3,
2026-09-04,GBU,OPT,GBUX6 P15500,2026-11-06,P,1.55,0.197100000,3,
2026-09-04,GBU,OPT,GBUX6 P15600,2026-11-06,P,1.56,0.207100000,3,
2026-09-04,GBU,OPT,GBUX6 P15700,2026-11-06,P,1.57,0.217000000,3,
2026-09-04,GBU,OPT,GBUX6 P15800,2026-11-06,P,1.58,0.226900000,3,
2026-09-04,GBU,OPT,GBUZ6 C10200,2026-12-04,C,1.02,0.328500000,3,
2026-09-04,GBU,OPT,GBUZ6 C10300,2026-12-04,C,1.03,0.318600000,3,
2026-09-04,GBU,OPT,GBUZ6 C10400,2026-12-04,C,1.04,0.308700000,3,
2026-09-04,GBU,OPT,GBUZ6 C10500,2026-12-04,C,1.05,0.298800000,3,1
2026-09-04,GBU,OPT,GBUZ6 C10600,2026-12-04,C,1.06,0.288900000,3,
2026-09-04,GBU,OPT,GBUZ6 C10700,2026-12-04,C,1.07,0.279000000,3,
2026-09-04,GBU,OPT,GBUZ6 C10800,2026-12-04,C,1.08,0.269100000,3,
2026-09-04,GBU,OPT,GBUZ6 C10900,2026-12-04,C,1.09,0.259100000,3,
2026-09-04,GBU,OPT,GBUZ6 C11000,2026-12-04,C,1.1,0.249200000,3,1
2026-09-04,GBU,OPT,GBUZ6 C11100,2026-12-04,C,1.11,0.239400000,3,
2026-09-04,GBU,OPT,GBUZ6 C11200,2026-12-04,C,1.12,0.229500000,3,
2026-09-04,GBU,OPT,GBUZ6 C11300,2026-12-04,C,1.13,0.219600000,3,
2026-09-04,GBU,OPT,GBUZ6 C11400,2026-12-04,C,1.14,0.209700000,3,
2026-09-04,GBU,OPT,GBUZ6 C11500,2026-12-04,C,1.15,0.199800000,3,
2026-09-04,GBU,OPT,GBUZ6 C11600,2026-12-04,C,1.16,0.190000000,3,
2026-09-04,GBU,OPT,GBUZ6 C11650,2026-12-04,C,1.165,0.185000000,3,
2026-09-04,GBU,OPT,GBUZ6 C11700,2026-12-04,C,1.17,0.180100000,3,
2026-09-04,GBU,OPT,GBUZ6 C11750,2026-12-04,C,1.175,0.175100000,3,
2026-09-04,GBU,OPT,GBUZ6 C11800,2026-12-04,C,1.18,0.170200000,3,
2026-09-04,GBU,OPT,GBUZ6 C11850,2026-12-04,C,1.185,0.165300000,3,
2026-09-04,GBU,OPT,GBUZ6 C11900,2026-12-04,C,1.19,0.160300000,3,
2026-09-04,GBU,OPT,GBUZ6 C11950,2026-12-04,C,1.195,0.155400000,3,
2026-09-04,GBU,OPT,GBUZ6 C12000,2026-12-04,C,1.2,0.150500000,3,
2026-09-04,GBU,OPT,GBUZ6 C12050,2026-12-04,C,1.205,0.145600000,3,
2026-09-04,GBU,OPT,GBUZ6 C12100,2026-12-04,C,1.21,0.140700000,3,
2026-09-04,GBU,OPT,GBUZ6 C12150,2026-12-04,C,1.215,0.135700000,3,
2026-09-04,GBU,OPT,GBUZ6 C12200,2026-12-04,C,1.22,0.130800000,3,
2026-09-04,GBU,OPT,GBUZ6 C12250,2026-12-04,C,1.225,0.125900000,3,
2026-09-04,GBU,OPT,GBUZ6 C12300,2026-12-04,C,1.23,0.121000000,3,
2026-09-04,GBU,OPT,GBUZ6 C12350,2026-12-04,C,1.235,0.116100000,3,
2026-09-04,GBU,OPT,GBUZ6 C12400,2026-12-04,C,1.24,0.111200000,3,1
2026-09-04,GBU,OPT,GBUZ6 C12450,2026-12-04,C,1.245,0.106300000,3,
2026-09-04,GBU,OPT,GBUZ6 C12500,2026-12-04,C,1.25,0.101400000,3,
2026-09-04,GBU,OPT,GBUZ6 C12550,2026-12-04,C,1.255,0.096500000,3,
2026-09-04,GBU,OPT,GBUZ6 C12600,2026-12-04,C,1.26,0.091700000,3,
2026-09-04,GBU,OPT,GBUZ6 C12650,2026-12-04,C,1.265,0.086900000,3,
2026-09-04,GBU,OPT,GBUZ6 C12700,2026-12-04,C,1.27,0.082100000,3,30
2026-09-04,GBU,OPT,GBUZ6 C12750,2026-12-04,C,1.275,0.077400000,3,
2026-09-04,GBU,OPT,GBUZ6 C12800,2026-12-04,C,1.28,0.072700000,3,
2026-09-04,GBU,OPT,GBUZ6 C12850,2026-12-04,C,1.285,0.068100000,3,
2026-09-04,GBU,OPT,GBUZ6 C12900,2026-12-04,C,1.29,0.063500000,3,6
2026-09-04,GBU,OPT,GBUZ6 C12950,2026-12-04,C,1.295,0.059000000,3,
2026-09-04,GBU,OPT,GBUZ6 C13000,2026-12-04,C,1.3,0.054500000,3,
2026-09-04,GBU,OPT,GBUZ6 C13050,2026-12-04,C,1.305,0.050100000,3,
2026-09-04,GBU,OPT,GBUZ6 C13100,2026-12-04,C,1.31,0.045900000,3,
2026-09-04,GBU,OPT,GBUZ6 C13150,2026-12-04,C,1.315,0.041700000,3,
2026-09-04,GBU,OPT,GBUZ6 C13200,2026-12-04,C,1.32,0.037700000,3,9
2026-09-04,GBU,OPT,GBUZ6 C13250,2026-12-04,C,1.325,0.033800000,3,16
2026-09-04,GBU,OPT,GBUZ6 C13300,2026-12-04,C,1.33,0.030100000,3,
2026-09-04,GBU,OPT,GBUZ6 C13350,2026-12-04,C,1.335,0.026600000,3,84
2026-09-04,GBU,OPT,GBUZ6 C13400,2026-12-04,C,1.34,0.023300000,3,42
2026-09-04,GBU,OPT,GBUZ6 C13450,2026-12-04,C,1.345,0.020200000,3,89
2026-09-04,GBU,OPT,GBUZ6 C13500,2026-12-04,C,1.35,0.017400000,3,49
2026-09-04,GBU,OPT,GBUZ6 C13550,2026-12-04,C,1.355,0.014800000,3,214
2026-09-04,GBU,OPT,GBUZ6 C13600,2026-12-04,C,1.36,0.012500000,3,451
2026-09-04,GBU,OPT,GBUZ6 C13650,2026-12-04,C,1.365,0.010500000,3,1294
2026-09-04,GBU,OPT,GBUZ6 C13700,2026-12-04,C,1.37,0.008700000,3,101
2026-09-04,GBU,OPT,GBUZ6 C13750,2026-12-04,C,1.375,0.007100000,3,1052
2026-09-04,GBU,OPT,GBUZ6 C13800,2026-12-04,C,1.38,0.005800000,3,185
2026-09-04,GBU,OPT,GBUZ6 C13850,2026-12-04,C,1.385,0.004800000,3,124
2026-09-04,GBU,OPT,GBUZ6 C13900,2026-12-04,C,1.39,0.003900000,3,252
2026-09-04,GBU,OPT,GBUZ6 C13950,2026-12-04,C,1.395,0.003100000,3,365
2026-09-04,GBU,OPT,GBUZ6 C14000,2026-12-04,C,1.4,0.002500000,3,315
2026-09-04,GBU,OPT,GBUZ6 C14050,2026-12-04,C,1.405,0.002100000,3,241
2026-09-04,GBU,OPT,GBUZ6 C14100,2026-12-04,C,1.41,0.001700000,3,601
2026-09-04,GBU,OPT,GBUZ6 C14150,2026-12-04,C,1.415,0.001400000,3,301
2026-09-04,GBU,OPT,GBUZ6 C14200,2026-12-04,C,1.42,0.001100000,3,316
2026-09-04,GBU,OPT,GBUZ6 C14250,2026-12-04,C,1.425,0.000900000,3,246
2026-09-04,GBU,OPT,GBUZ6 C14300,2026-12-04,C,1.43,0.000700000,3,102
2026-09-04,GBU,OPT,GBUZ6 C14400,2026-12-04,C,1.44,0.000500000,3,17
2026-09-04,GBU,OPT,GBUZ6 C14500,2026-12-04,C,1.45,0.000400000,3,3
2026-09-04,GBU,OPT,GBUZ6 C14600,2026-12-04,C,1.46,0.000300000,3,
2026-09-04,GBU,OPT,GBUZ6 C14700,2026-12-04,C,1.47,0.000200000,3,
2026-09-04,GBU,OPT,GBUZ6 C14800,2026-12-04,C,1.48,0.000200000,3,40
2026-09-04,GBU,OPT,GBUZ6 C14900,2026-12-04,C,1.49,0.000200000,3,
2026-09-04,GBU,OPT,GBUZ6 C15000,2026-12-04,C,1.5,0.000200000,3,1
2026-09-04,GBU,OPT,GBUZ6 C15100,2026-12-04,C,1.51,0.000200000,3,2
2026-09-04,GBU,OPT,GBUZ6 C15200,2026-12-04,C,1.52,0.000100000,3,
2026-09-04,GBU,OPT,GBUZ6 C15300,2026-12-04,C,1.53,0.000100000,3,
2026-09-04,GBU,OPT,GBUZ6 C15400,2026-12-04,C,1.54,0.000100000,3,1
2026-09-04,GBU,OPT,GBUZ6 C15500,2026-12-04,C,1.55,0.000100000,3,
2026-09-04,GBU,OPT,GBUZ6 C15600,2026-12-04,C,1.56,0.000100000,3,4
2026-09-04,GBU,OPT,GBUZ6 C15700,2026-12-04,C,1.57,0.000100000,3,10
2026-09-04,GBU,OPT,GBUZ6 C15800,2026-12-04,C,1.58,0.000100000,3,
2026-09-04,GBU,OPT,GBUZ6 P10200,2026-12-04,P,1.02,0.000100000,3,3
2026-09-04,GBU,OPT,GBUZ6 P10300,2026-12-04,P,1.03,0.000100000,3,
2026-09-04,GBU,OPT,GBUZ6 P10400,2026-12-04,P,1.04,0.000100000,3,
2026-09-04,GBU,OPT,GBUZ6 P10500,2026-12-04,P,1.05,0.000100000,3,
2026-09-04,GBU,OPT,GBUZ6 P10600,2026-12-04,P,1.06,0.000100000,3,
2026-09-04,GBU,OPT,GBUZ6 P10700,2026-12-04,P,1.07,0.000100000,3,1
2026-09-04,GBU,OPT,GBUZ6 P10800,2026-12-04,P,1.08,0.000100000,3,
2026-09-04,GBU,OPT,GBUZ6 P10900,2026-12-04,P,1.09,0.000100000,3,
2026-09-04,GBU,OPT,GBUZ6 P11000,2026-12-04,P,1.1,0.000100000,3,1
2026-09-04,GBU,OPT,GBUZ6 P11100,2026-12-04,P,1.11,0.000100000,3,1
2026-09-04,GBU,OPT,GBUZ6 P11200,2026-12-04,P,1.12,0.000100000,3,1
2026-09-04,GBU,OPT,GBUZ6 P11300,2026-12-04,P,1.13,0.000100000,3,1
2026-09-04,GBU,OPT,GBUZ6 P11400,2026-12-04,P,1.14,0.000100000,3,
2026-09-04,GBU,OPT,GBUZ6 P11500,2026-12-04,P,1.15,0.000100000,3,41
2026-09-04,GBU,OPT,GBUZ6 P11600,2026-12-04,P,1.16,0.000200000,3,
2026-09-04,GBU,OPT,GBUZ6 P11650,2026-12-04,P,1.165,0.000200000,3,
2026-09-04,GBU,OPT,GBUZ6 P11700,2026-12-04,P,1.17,0.000200000,3,
2026-09-04,GBU,OPT,GBUZ6 P11750,2026-12-04,P,1.175,0.000200000,3,
2026-09-04,GBU,OPT,GBUZ6 P11800,2026-12-04,P,1.18,0.000200000,3,
2026-09-04,GBU,OPT,GBUZ6 P11850,2026-12-04,P,1.185,0.000200000,3,
2026-09-04,GBU,OPT,GBUZ6 P11900,2026-12-04,P,1.19,0.000200000,3,
2026-09-04,GBU,OPT,GBUZ6 P11950,2026-12-04,P,1.195,0.000300000,3,
2026-09-04,GBU,OPT,GBUZ6 P12000,2026-12-04,P,1.2,0.000300000,3,12
2026-09-04,GBU,OPT,GBUZ6 P12050,2026-12-04,P,1.205,0.000300000,3,
2026-09-04,GBU,OPT,GBUZ6 P12100,2026-12-04,P,1.21,0.000400000,3,16
2026-09-04,GBU,OPT,GBUZ6 P12150,2026-12-04,P,1.215,0.000400000,3,2
2026-09-04,GBU,OPT,GBUZ6 P12200,2026-12-04,P,1.22,0.000500000,3,19
2026-09-04,GBU,OPT,GBUZ6 P12250,2026-12-04,P,1.225,0.000500000,3,1
2026-09-04,GBU,OPT,GBUZ6 P12300,2026-12-04,P,1.23,0.000500000,3,19
2026-09-04,GBU,OPT,GBUZ6 P12350,2026-12-04,P,1.235,0.000600000,3,19
2026-09-04,GBU,OPT,GBUZ6 P12400,2026-12-04,P,1.24,0.000600000,3,17
2026-09-04,GBU,OPT,GBUZ6 P12450,2026-12-04,P,1.245,0.000700000,3,16
2026-09-04,GBU,OPT,GBUZ6 P12500,2026-12-04,P,1.25,0.000800000,3,143
2026-09-04,GBU,OPT,GBUZ6 P12550,2026-12-04,P,1.255,0.000900000,3,21
2026-09-04,GBU,OPT,GBUZ6 P12600,2026-12-04,P,1.26,0.001000000,3,23
2026-09-04,GBU,OPT,GBUZ6 P12650,2026-12-04,P,1.265,0.001100000,3,17
2026-09-04,GBU,OPT,GBUZ6 P12700,2026-12-04,P,1.27,0.001300000,3,51
2026-09-04,GBU,OPT,GBUZ6 P12750,2026-12-04,P,1.275,0.001500000,3,6
2026-09-04,GBU,OPT,GBUZ6 P12800,2026-12-04,P,1.28,0.001800000,3,156
2026-09-04,GBU,OPT,GBUZ6 P12850,2026-12-04,P,1.285,0.002100000,3,137
2026-09-04,GBU,OPT,GBUZ6 P12900,2026-12-04,P,1.29,0.002500000,3,118
2026-09-04,GBU,OPT,GBUZ6 P12950,2026-12-04,P,1.295,0.002900000,3,2
2026-09-04,GBU,OPT,GBUZ6 P13000,2026-12-04,P,1.3,0.003400000,3,119
2026-09-04,GBU,OPT,GBUZ6 P13050,2026-12-04,P,1.305,0.004000000,3,92
2026-09-04,GBU,OPT,GBUZ6 P13100,2026-12-04,P,1.31,0.004700000,3,94
2026-09-04,GBU,OPT,GBUZ6 P13150,2026-12-04,P,1.315,0.005500000,3,76
2026-09-04,GBU,OPT,GBUZ6 P13200,2026-12-04,P,1.32,0.006400000,3,604
2026-09-04,GBU,OPT,GBUZ6 P13250,2026-12-04,P,1.325,0.007500000,3,40
2026-09-04,GBU,OPT,GBUZ6 P13300,2026-12-04,P,1.33,0.008700000,3,275
2026-09-04,GBU,OPT,GBUZ6 P13350,2026-12-04,P,1.335,0.010100000,3,76
2026-09-04,GBU,OPT,GBUZ6 P13400,2026-12-04,P,1.34,0.011800000,3,126
2026-09-04,GBU,OPT,GBUZ6 P13450,2026-12-04,P,1.345,0.013700000,3,115
2026-09-04,GBU,OPT,GBUZ6 P13500,2026-12-04,P,1.35,0.015800000,3,27
2026-09-04,GBU,OPT,GBUZ6 P13550,2026-12-04,P,1.355,0.018200000,3,40
2026-09-04,GBU,OPT,GBUZ6 P13600,2026-12-04,P,1.36,0.020800000,3,66
2026-09-04,GBU,OPT,GBUZ6 P13650,2026-12-04,P,1.365,0.023700000,3,303
2026-09-04,GBU,OPT,GBUZ6 P13700,2026-12-04,P,1.37,0.026900000,3,199
2026-09-04,GBU,OPT,GBUZ6 P13750,2026-12-04,P,1.375,0.030300000,3,
2026-09-04,GBU,OPT,GBUZ6 P13800,2026-12-04,P,1.38,0.034000000,3,3
2026-09-04,GBU,OPT,GBUZ6 P13850,2026-12-04,P,1.385,0.037800000,3,
2026-09-04,GBU,OPT,GBUZ6 P13900,2026-12-04,P,1.39,0.041900000,3,3
2026-09-04,GBU,OPT,GBUZ6 P13950,2026-12-04,P,1.395,0.046100000,3,
2026-09-04,GBU,OPT,GBUZ6 P14000,2026-12-04,P,1.4,0.050500000,3,3
2026-09-04,GBU,OPT,GBUZ6 P14050,2026-12-04,P,1.405,0.055000000,3,1
2026-09-04,GBU,OPT,GBUZ6 P14100,2026-12-04,P,1.41,0.059500000,3,1
2026-09-04,GBU,OPT,GBUZ6 P14150,2026-12-04,P,1.415,0.064200000,3,
2026-09-04,GBU,OPT,GBUZ6 P14200,2026-12-04,P,1.42,0.068800000,3,
2026-09-04,GBU,OPT,GBUZ6 P14250,2026-12-04,P,1.425,0.073600000,3,
2026-09-04,GBU,OPT,GBUZ6 P14300,2026-12-04,P,1.43,0.078400000,3,1
2026-09-04,GBU,OPT,GBUZ6 P14400,2026-12-04,P,1.44,0.088100000,3,
2026-09-04,GBU,OPT,GBUZ6 P14500,2026-12-04,P,1.45,0.097900000,3,
2026-09-04,GBU,OPT,GBUZ6 P14600,2026-12-04,P,1.46,0.107700000,3,
2026-09-04,GBU,OPT,GBUZ6 P14700,2026-12-04,P,1.47,0.117500000,3,
2026-09-04,GBU,OPT,GBUZ6 P14800,2026-12-04,P,1.48,0.127400000,3,
2026-09-04,GBU,OPT,GBUZ6 P14900,2026-12-04,P,1.49,0.137300000,3,
2026-09-04,GBU,OPT,GBUZ6 P15000,2026-12-04,P,1.5,0.147200000,3,641
2026-09-04,GBU,OPT,GBUZ6 P15100,2026-12-04,P,1.51,0.157100000,3,
2026-09-04,GBU,OPT,GBUZ6 P15200,2026-12-04,P,1.52,0.167000000,3,
2026-09-04,GBU,OPT,GBUZ6 P15300,2026-12-04,P,1.53,0.176900000,3,
2026-09-04,GBU,OPT,GBUZ6 P15400,2026-12-04,P,1.54,0.186800000,3,
2026-09-04,GBU,OPT,GBUZ6 P15500,2026-12-04,P,1.55,0.196700000,3,
2026-09-04,GBU,OPT,GBUZ6 P15600,2026-12-04,P,1.56,0.206500000,3,
2026-09-04,GBU,OPT,GBUZ6 P15700,2026-12-04,P,1.57,0.216400000,3,
2026-09-04,GBU,OPT,GBUZ6 P15800,2026-12-04,P,1.58,0.226300000,3,
2026-09-04,GBU,OPT,GBUF7 C11200,2027-01-08,C,1.12,0.228600000,3,
2026-09-04,GBU,OPT,GBUF7 C11300,2027-01-08,C,1.13,0.218800000,3,
2026-09-04,GBU,OPT,GBUF7 C11400,2027-01-08,C,1.14,0.208900000,3,
2026-09-04,GBU,OPT,GBUF7 C11500,2027-01-08,C,1.15,0.199100000,3,
2026-09-04,GBU,OPT,GBUF7 C11600,2027-01-08,C,1.16,0.189300000,3,
2026-09-04,GBU,OPT,GBUF7 C11700,2027-01-08,C,1.17,0.179500000,3,
2026-09-04,GBU,OPT,GBUF7 C11800,2027-01-08,C,1.18,0.169700000,3,
2026-09-04,GBU,OPT,GBUF7 C11900,2027-01-08,C,1.19,0.159900000,3,
2026-09-04,GBU,OPT,GBUF7 C12000,2027-01-08,C,1.2,0.150100000,3,
2026-09-04,GBU,OPT,GBUF7 C12100,2027-01-08,C,1.21,0.140300000,3,
2026-09-04,GBU,OPT,GBUF7 C12200,2027-01-08,C,1.22,0.130600000,3,
2026-09-04,GBU,OPT,GBUF7 C12300,2027-01-08,C,1.23,0.120900000,3,
2026-09-04,GBU,OPT,GBUF7 C12400,2027-01-08,C,1.24,0.111300000,3,
2026-09-04,GBU,OPT,GBUF7 C12500,2027-01-08,C,1.25,0.101700000,3,
2026-09-04,GBU,OPT,GBUF7 C12600,2027-01-08,C,1.26,0.092200000,3,
2026-09-04,GBU,OPT,GBUF7 C12650,2027-01-08,C,1.265,0.087500000,3,
2026-09-04,GBU,OPT,GBUF7 C12700,2027-01-08,C,1.27,0.082900000,3,
2026-09-04,GBU,OPT,GBUF7 C12750,2027-01-08,C,1.275,0.078200000,3,
2026-09-04,GBU,OPT,GBUF7 C12800,2027-01-08,C,1.28,0.073700000,3,
2026-09-04,GBU,OPT,GBUF7 C12850,2027-01-08,C,1.285,0.069200000,3,
2026-09-04,GBU,OPT,GBUF7 C12900,2027-01-08,C,1.29,0.064800000,3,
2026-09-04,GBU,OPT,GBUF7 C12950,2027-01-08,C,1.295,0.060400000,3,
2026-09-04,GBU,OPT,GBUF7 C13000,2027-01-08,C,1.3,0.056100000,3,
2026-09-04,GBU,OPT,GBUF7 C13050,2027-01-08,C,1.305,0.052000000,3,
2026-09-04,GBU,OPT,GBUF7 C13100,2027-01-08,C,1.31,0.047900000,3,
2026-09-04,GBU,OPT,GBUF7 C13150,2027-01-08,C,1.315,0.044000000,3,
2026-09-04,GBU,OPT,GBUF7 C13200,2027-01-08,C,1.32,0.040100000,3,13
2026-09-04,GBU,OPT,GBUF7 C13250,2027-01-08,C,1.325,0.036500000,3,42
2026-09-04,GBU,OPT,GBUF7 C13300,2027-01-08,C,1.33,0.032900000,3,17
2026-09-04,GBU,OPT,GBUF7 C13350,2027-01-08,C,1.335,0.029600000,3,
2026-09-04,GBU,OPT,GBUF7 C13400,2027-01-08,C,1.34,0.026400000,3,12
2026-09-04,GBU,OPT,GBUF7 C13450,2027-01-08,C,1.345,0.023400000,3,800
2026-09-04,GBU,OPT,GBUF7 C13500,2027-01-08,C,1.35,0.020600000,3,45
2026-09-04,GBU,OPT,GBUF7 C13550,2027-01-08,C,1.355,0.018000000,3,
2026-09-04,GBU,OPT,GBUF7 C13600,2027-01-08,C,1.36,0.015600000,3,400
2026-09-04,GBU,OPT,GBUF7 C13650,2027-01-08,C,1.365,0.013500000,3,
2026-09-04,GBU,OPT,GBUF7 C13700,2027-01-08,C,1.37,0.011600000,3,1
2026-09-04,GBU,OPT,GBUF7 C13750,2027-01-08,C,1.375,0.009900000,3,
2026-09-04,GBU,OPT,GBUF7 C13800,2027-01-08,C,1.38,0.008400000,3,3
2026-09-04,GBU,OPT,GBUF7 C13850,2027-01-08,C,1.385,0.007100000,3,
2026-09-04,GBU,OPT,GBUF7 C13900,2027-01-08,C,1.39,0.006100000,3,3
2026-09-04,GBU,OPT,GBUF7 C13950,2027-01-08,C,1.395,0.005200000,3,1
2026-09-04,GBU,OPT,GBUF7 C14000,2027-01-08,C,1.4,0.004400000,3,2
2026-09-04,GBU,OPT,GBUF7 C14050,2027-01-08,C,1.405,0.003700000,3,
2026-09-04,GBU,OPT,GBUF7 C14100,2027-01-08,C,1.41,0.003100000,3,
2026-09-04,GBU,OPT,GBUF7 C14150,2027-01-08,C,1.415,0.002600000,3,
2026-09-04,GBU,OPT,GBUF7 C14200,2027-01-08,C,1.42,0.002200000,3,5
2026-09-04,GBU,OPT,GBUF7 C14250,2027-01-08,C,1.425,0.001800000,3,
2026-09-04,GBU,OPT,GBUF7 C14300,2027-01-08,C,1.43,0.001500000,3,1
2026-09-04,GBU,OPT,GBUF7 C14400,2027-01-08,C,1.44,0.001100000,3,1
2026-09-04,GBU,OPT,GBUF7 C14500,2027-01-08,C,1.45,0.000800000,3,16
2026-09-04,GBU,OPT,GBUF7 C14600,2027-01-08,C,1.46,0.000600000,3,
2026-09-04,GBU,OPT,GBUF7 C14700,2027-01-08,C,1.47,0.000400000,3,2
2026-09-04,GBU,OPT,GBUF7 C14800,2027-01-08,C,1.48,0.000300000,3,1
2026-09-04,GBU,OPT,GBUF7 C14900,2027-01-08,C,1.49,0.000200000,3,
2026-09-04,GBU,OPT,GBUF7 C15000,2027-01-08,C,1.5,0.000200000,3,
2026-09-04,GBU,OPT,GBUF7 C15100,2027-01-08,C,1.51,0.000100000,3,1
2026-09-04,GBU,OPT,GBUF7 C15200,2027-01-08,C,1.52,0.000100000,3,1
2026-09-04,GBU,OPT,GBUF7 C15300,2027-01-08,C,1.53,0.000100000,3,
2026-09-04,GBU,OPT,GBUF7 C15400,2027-01-08,C,1.54,0.000100000,3,3
2026-09-04,GBU,OPT,GBUF7 C15500,2027-01-08,C,1.55,0.000100000,3,
2026-09-04,GBU,OPT,GBUF7 C15600,2027-01-08,C,1.56,0.000100000,3,
2026-09-04,GBU,OPT,GBUF7 C15700,2027-01-08,C,1.57,0.000100000,3,
2026-09-04,GBU,OPT,GBUF7 C15800,2027-01-08,C,1.58,0.000100000,3,
2026-09-04,GBU,OPT,GBUF7 P11200,2027-01-08,P,1.12,0.000200000,3,10
2026-09-04,GBU,OPT,GBUF7 P11300,2027-01-08,P,1.13,0.000200000,3,
2026-09-04,GBU,OPT,GBUF7 P11400,2027-01-08,P,1.14,0.000200000,3,
2026-09-04,GBU,OPT,GBUF7 P11500,2027-01-08,P,1.15,0.000200000,3,
2026-09-04,GBU,OPT,GBUF7 P11600,2027-01-08,P,1.16,0.000300000,3,
2026-09-04,GBU,OPT,GBUF7 P11700,2027-01-08,P,1.17,0.000300000,3,
2026-09-04,GBU,OPT,GBUF7 P11800,2027-01-08,P,1.18,0.000400000,3,
2026-09-04,GBU,OPT,GBUF7 P11900,2027-01-08,P,1.19,0.000500000,3,
2026-09-04,GBU,OPT,GBUF7 P12000,2027-01-08,P,1.2,0.000600000,3,
2026-09-04,GBU,OPT,GBUF7 P12100,2027-01-08,P,1.21,0.000700000,3,16
2026-09-04,GBU,OPT,GBUF7 P12200,2027-01-08,P,1.22,0.000800000,3,19
2026-09-04,GBU,OPT,GBUF7 P12300,2027-01-08,P,1.23,0.001000000,3,19
2026-09-04,GBU,OPT,GBUF7 P12400,2027-01-08,P,1.24,0.001200000,3,20
2026-09-04,GBU,OPT,GBUF7 P12500,2027-01-08,P,1.25,0.001500000,3,17
2026-09-04,GBU,OPT,GBUF7 P12600,2027-01-08,P,1.26,0.001900000,3,18
2026-09-04,GBU,OPT,GBUF7 P12650,2027-01-08,P,1.265,0.002100000,3,16
2026-09-04,GBU,OPT,GBUF7 P12700,2027-01-08,P,1.27,0.002400000,3,16
2026-09-04,GBU,OPT,GBUF7 P12750,2027-01-08,P,1.275,0.002800000,3,
2026-09-04,GBU,OPT,GBUF7 P12800,2027-01-08,P,1.28,0.003100000,3,1
2026-09-04,GBU,OPT,GBUF7 P12850,2027-01-08,P,1.285,0.003600000,3,
2026-09-04,GBU,OPT,GBUF7 P12900,2027-01-08,P,1.29,0.004100000,3,
2026-09-04,GBU,OPT,GBUF7 P12950,2027-01-08,P,1.295,0.004700000,3,
2026-09-04,GBU,OPT,GBUF7 P13000,2027-01-08,P,1.3,0.005300000,3,2
2026-09-04,GBU,OPT,GBUF7 P13050,2027-01-08,P,1.305,0.006100000,3,2
2026-09-04,GBU,OPT,GBUF7 P13100,2027-01-08,P,1.31,0.007000000,3,4
2026-09-04,GBU,OPT,GBUF7 P13150,2027-01-08,P,1.315,0.007900000,3,
2026-09-04,GBU,OPT,GBUF7 P13200,2027-01-08,P,1.32,0.009000000,3,
2026-09-04,GBU,OPT,GBUF7 P13250,2027-01-08,P,1.325,0.010300000,3,560
2026-09-04,GBU,OPT,GBUF7 P13300,2027-01-08,P,1.33,0.011700000,3,5
2026-09-04,GBU,OPT,GBUF7 P13350,2027-01-08,P,1.335,0.013300000,3,2
2026-09-04,GBU,OPT,GBUF7 P13400,2027-01-08,P,1.34,0.015000000,3,644
2026-09-04,GBU,OPT,GBUF7 P13450,2027-01-08,P,1.345,0.017000000,3,67
2026-09-04,GBU,OPT,GBUF7 P13500,2027-01-08,P,1.35,0.019100000,3,2
2026-09-04,GBU,OPT,GBUF7 P13550,2027-01-08,P,1.355,0.021400000,3,240
2026-09-04,GBU,OPT,GBUF7 P13600,2027-01-08,P,1.36,0.024000000,3,
2026-09-04,GBU,OPT,GBUF7 P13650,2027-01-08,P,1.365,0.026800000,3,
2026-09-04,GBU,OPT,GBUF7 P13700,2027-01-08,P,1.37,0.029800000,3,2
2026-09-04,GBU,OPT,GBUF7 P13750,2027-01-08,P,1.375,0.033100000,3,
2026-09-04,GBU,OPT,GBUF7 P13800,2027-01-08,P,1.38,0.036500000,3,1
2026-09-04,GBU,OPT,GBUF7 P13850,2027-01-08,P,1.385,0.040200000,3,
2026-09-04,GBU,OPT,GBUF7 P13900,2027-01-08,P,1.39,0.044100000,3,
2026-09-04,GBU,OPT,GBUF7 P13950,2027-01-08,P,1.395,0.048100000,3,
2026-09-04,GBU,OPT,GBUF7 P14000,2027-01-08,P,1.4,0.052200000,3,
2026-09-04,GBU,OPT,GBUF7 P14050,2027-01-08,P,1.405,0.056500000,3,
2026-09-04,GBU,OPT,GBUF7 P14100,2027-01-08,P,1.41,0.060800000,3,
2026-09-04,GBU,OPT,GBUF7 P14150,2027-01-08,P,1.415,0.065300000,3,
2026-09-04,GBU,OPT,GBUF7 P14200,2027-01-08,P,1.42,0.069800000,3,
2026-09-04,GBU,OPT,GBUF7 P14250,2027-01-08,P,1.425,0.074300000,3,
2026-09-04,GBU,OPT,GBUF7 P14300,2027-01-08,P,1.43,0.079000000,3,
2026-09-04,GBU,OPT,GBUF7 P14400,2027-01-08,P,1.44,0.088400000,3,
2026-09-04,GBU,OPT,GBUF7 P14500,2027-01-08,P,1.45,0.098000000,3,
2026-09-04,GBU,OPT,GBUF7 P14600,2027-01-08,P,1.46,0.107600000,3,
2026-09-04,GBU,OPT,GBUF7 P14700,2027-01-08,P,1.47,0.117400000,3,
2026-09-04,GBU,OPT,GBUF7 P14800,2027-01-08,P,1.48,0.127100000,3,
2026-09-04,GBU,OPT,GBUF7 P14900,2027-01-08,P,1.49,0.136900000,3,
2026-09-04,GBU,OPT,GBUF7 P15000,2027-01-08,P,1.5,0.146700000,3,
2026-09-04,GBU,OPT,GBUF7 P15100,2027-01-08,P,1.51,0.156500000,3,
2026-09-04,GBU,OPT,GBUF7 P15200,2027-01-08,P,1.52,0.166400000,3,
2026-09-04,GBU,OPT,GBUF7 P15300,2027-01-08,P,1.53,0.176200000,3,
2026-09-04,GBU,OPT,GBUF7 P15400,2027-01-08,P,1.54,0.186000000,3,
2026-09-04,GBU,OPT,GBUF7 P15500,2027-01-08,P,1.55,0.195900000,3,
2026-09-04,GBU,OPT,GBUF7 P15600,2027-01-08,P,1.56,0.205800000,3,
2026-09-04,GBU,OPT,GBUF7 P15700,2027-01-08,P,1.57,0.215600000,3,
2026-09-04,GBU,OPT,GBUF7 P15800,2027-01-08,P,1.58,0.225500000,3,
2026-09-04,GBU,OPT,GBUG7 C11200,2027-02-05,C,1.12,0.228000000,3,
2026-09-04,GBU,OPT,GBUG7 C11300,2027-02-05,C,1.13,0.218200000,3,
2026-09-04,GBU,OPT,GBUG7 C11400,2027-02-05,C,1.14,0.208500000,3,
2026-09-04,GBU,OPT,GBUG7 C11500,2027-02-05,C,1.15,0.198700000,3,
2026-09-04,GBU,OPT,GBUG7 C11600,2027-02-05,C,1.16,0.188900000,3,
2026-09-04,GBU,OPT,GBUG7 C11700,2027-02-05,C,1.17,0.179200000,3,
2026-09-04,GBU,OPT,GBUG7 C11800,2027-02-05,C,1.18,0.169500000,3,
2026-09-04,GBU,OPT,GBUG7 C11900,2027-02-05,C,1.19,0.159700000,3,
2026-09-04,GBU,OPT,GBUG7 C12000,2027-02-05,C,1.2,0.150000000,3,
2026-09-04,GBU,OPT,GBUG7 C12100,2027-02-05,C,1.21,0.140300000,3,
2026-09-04,GBU,OPT,GBUG7 C12200,2027-02-05,C,1.22,0.130700000,3,
2026-09-04,GBU,OPT,GBUG7 C12300,2027-02-05,C,1.23,0.121100000,3,
2026-09-04,GBU,OPT,GBUG7 C12400,2027-02-05,C,1.24,0.111600000,3,
2026-09-04,GBU,OPT,GBUG7 C12500,2027-02-05,C,1.25,0.102200000,3,1
2026-09-04,GBU,OPT,GBUG7 C12600,2027-02-05,C,1.26,0.092900000,3,
2026-09-04,GBU,OPT,GBUG7 C12650,2027-02-05,C,1.265,0.088300000,3,
2026-09-04,GBU,OPT,GBUG7 C12700,2027-02-05,C,1.27,0.083800000,3,
2026-09-04,GBU,OPT,GBUG7 C12750,2027-02-05,C,1.275,0.079300000,3,
2026-09-04,GBU,OPT,GBUG7 C12800,2027-02-05,C,1.28,0.074900000,3,
2026-09-04,GBU,OPT,GBUG7 C12850,2027-02-05,C,1.285,0.070500000,3,
2026-09-04,GBU,OPT,GBUG7 C12900,2027-02-05,C,1.29,0.066200000,3,
2026-09-04,GBU,OPT,GBUG7 C12950,2027-02-05,C,1.295,0.062000000,3,
2026-09-04,GBU,OPT,GBUG7 C13000,2027-02-05,C,1.3,0.057900000,3,
2026-09-04,GBU,OPT,GBUG7 C13050,2027-02-05,C,1.305,0.053800000,3,
2026-09-04,GBU,OPT,GBUG7 C13100,2027-02-05,C,1.31,0.049900000,3,
2026-09-04,GBU,OPT,GBUG7 C13150,2027-02-05,C,1.315,0.046100000,3,
2026-09-04,GBU,OPT,GBUG7 C13200,2027-02-05,C,1.32,0.042400000,3,2
2026-09-04,GBU,OPT,GBUG7 C13250,2027-02-05,C,1.325,0.038800000,3,
2026-09-04,GBU,OPT,GBUG7 C13300,2027-02-05,C,1.33,0.035300000,3,4
2026-09-04,GBU,OPT,GBUG7 C13350,2027-02-05,C,1.335,0.032100000,3,
2026-09-04,GBU,OPT,GBUG7 C13400,2027-02-05,C,1.34,0.028900000,3,
2026-09-04,GBU,OPT,GBUG7 C13450,2027-02-05,C,1.345,0.026000000,3,4
2026-09-04,GBU,OPT,GBUG7 C13500,2027-02-05,C,1.35,0.023200000,3,
2026-09-04,GBU,OPT,GBUG7 C13550,2027-02-05,C,1.355,0.020600000,3,
2026-09-04,GBU,OPT,GBUG7 C13600,2027-02-05,C,1.36,0.018300000,3,
2026-09-04,GBU,OPT,GBUG7 C13650,2027-02-05,C,1.365,0.016100000,3,247
2026-09-04,GBU,OPT,GBUG7 C13700,2027-02-05,C,1.37,0.014100000,3,1
2026-09-04,GBU,OPT,GBUG7 C13750,2027-02-05,C,1.375,0.012300000,3,
2026-09-04,GBU,OPT,GBUG7 C13800,2027-02-05,C,1.38,0.010700000,3,803
2026-09-04,GBU,OPT,GBUG7 C13850,2027-02-05,C,1.385,0.009300000,3,1
2026-09-04,GBU,OPT,GBUG7 C13900,2027-02-05,C,1.39,0.008100000,3,
2026-09-04,GBU,OPT,GBUG7 C13950,2027-02-05,C,1.395,0.007000000,3,
2026-09-04,GBU,OPT,GBUG7 C14000,2027-02-05,C,1.4,0.006000000,3,5
2026-09-04,GBU,OPT,GBUG7 C14050,2027-02-05,C,1.405,0.005200000,3,
2026-09-04,GBU,OPT,GBUG7 C14100,2027-02-05,C,1.41,0.004500000,3,
2026-09-04,GBU,OPT,GBUG7 C14150,2027-02-05,C,1.415,0.003900000,3,1
2026-09-04,GBU,OPT,GBUG7 C14200,2027-02-05,C,1.42,0.003300000,3,45
2026-09-04,GBU,OPT,GBUG7 C14300,2027-02-05,C,1.43,0.002500000,3,2
2026-09-04,GBU,OPT,GBUG7 C14400,2027-02-05,C,1.44,0.001800000,3,46
2026-09-04,GBU,OPT,GBUG7 C14500,2027-02-05,C,1.45,0.001400000,3,
2026-09-04,GBU,OPT,GBUG7 C14600,2027-02-05,C,1.46,0.001000000,3,
2026-09-04,GBU,OPT,GBUG7 C14700,2027-02-05,C,1.47,0.000700000,3,17
2026-09-04,GBU,OPT,GBUG7 C14800,2027-02-05,C,1.48,0.000600000,3,
2026-09-04,GBU,OPT,GBUG7 C14900,2027-02-05,C,1.49,0.000400000,3,
2026-09-04,GBU,OPT,GBUG7 C15000,2027-02-05,C,1.5,0.000300000,3,
2026-09-04,GBU,OPT,GBUG7 C15100,2027-02-05,C,1.51,0.000200000,3,
2026-09-04,GBU,OPT,GBUG7 C15200,2027-02-05,C,1.52,0.000200000,3,
2026-09-04,GBU,OPT,GBUG7 C15300,2027-02-05,C,1.53,0.000100000,3,
2026-09-04,GBU,OPT,GBUG7 C15400,2027-02-05,C,1.54,0.000100000,3,
2026-09-04,GBU,OPT,GBUG7 C15500,2027-02-05,C,1.55,0.000100000,3,
2026-09-04,GBU,OPT,GBUG7 C15600,2027-02-05,C,1.56,0.000100000,3,
2026-09-04,GBU,OPT,GBUG7 C15700,2027-02-05,C,1.57,0.000100000,3,
2026-09-04,GBU,OPT,GBUG7 P11200,2027-02-05,P,1.12,0.000200000,3,
2026-09-04,GBU,OPT,GBUG7 P11300,2027-02-05,P,1.13,0.000300000,3,
2026-09-04,GBU,OPT,GBUG7 P11400,2027-02-05,P,1.14,0.000400000,3,
2026-09-04,GBU,OPT,GBUG7 P11500,2027-02-05,P,1.15,0.000400000,3,
2026-09-04,GBU,OPT,GBUG7 P11600,2027-02-05,P,1.16,0.000500000,3,
2026-09-04,GBU,OPT,GBUG7 P11700,2027-02-05,P,1.17,0.000600000,3,1
2026-09-04,GBU,OPT,GBUG7 P11800,2027-02-05,P,1.18,0.000700000,3,
2026-09-04,GBU,OPT,GBUG7 P11900,2027-02-05,P,1.19,0.000800000,3,
2026-09-04,GBU,OPT,GBUG7 P12000,2027-02-05,P,1.2,0.001000000,3,16
2026-09-04,GBU,OPT,GBUG7 P12100,2027-02-05,P,1.21,0.001100000,3,17
2026-09-04,GBU,OPT,GBUG7 P12200,2027-02-05,P,1.22,0.001300000,3,17
2026-09-04,GBU,OPT,GBUG7 P12300,2027-02-05,P,1.23,0.001600000,3,17
2026-09-04,GBU,OPT,GBUG7 P12400,2027-02-05,P,1.24,0.001900000,3,16
2026-09-04,GBU,OPT,GBUG7 P12500,2027-02-05,P,1.25,0.002400000,3,17
2026-09-04,GBU,OPT,GBUG7 P12600,2027-02-05,P,1.26,0.002900000,3,16
2026-09-04,GBU,OPT,GBUG7 P12650,2027-02-05,P,1.265,0.003200000,3,17
2026-09-04,GBU,OPT,GBUG7 P12700,2027-02-05,P,1.27,0.003600000,3,16
2026-09-04,GBU,OPT,GBUG7 P12750,2027-02-05,P,1.275,0.004000000,3,1
2026-09-04,GBU,OPT,GBUG7 P12800,2027-02-05,P,1.28,0.004500000,3,320
2026-09-04,GBU,OPT,GBUG7 P12850,2027-02-05,P,1.285,0.005100000,3,1
2026-09-04,GBU,OPT,GBUG7 P12900,2027-02-05,P,1.29,0.005700000,3,
2026-09-04,GBU,OPT,GBUG7 P12950,2027-02-05,P,1.295,0.006400000,3,100
2026-09-04,GBU,OPT,GBUG7 P13000,2027-02-05,P,1.3,0.007200000,3,2
2026-09-04,GBU,OPT,GBUG7 P13050,2027-02-05,P,1.305,0.008100000,3,
2026-09-04,GBU,OPT,GBUG7 P13100,2027-02-05,P,1.31,0.009100000,3,
2026-09-04,GBU,OPT,GBUG7 P13150,2027-02-05,P,1.315,0.010100000,3,
2026-09-04,GBU,OPT,GBUG7 P13200,2027-02-05,P,1.32,0.011400000,3,5
2026-09-04,GBU,OPT,GBUG7 P13250,2027-02-05,P,1.325,0.012700000,3,40
2026-09-04,GBU,OPT,GBUG7 P13300,2027-02-05,P,1.33,0.014200000,3,21
2026-09-04,GBU,OPT,GBUG7 P13350,2027-02-05,P,1.335,0.015800000,3,5
2026-09-04,GBU,OPT,GBUG7 P13400,2027-02-05,P,1.34,0.017600000,3,202
2026-09-04,GBU,OPT,GBUG7 P13450,2027-02-05,P,1.345,0.019600000,3,201
2026-09-04,GBU,OPT,GBUG7 P13500,2027-02-05,P,1.35,0.021800000,3,
2026-09-04,GBU,OPT,GBUG7 P13550,2027-02-05,P,1.355,0.024100000,3,
2026-09-04,GBU,OPT,GBUG7 P13600,2027-02-05,P,1.36,0.026600000,3,
2026-09-04,GBU,OPT,GBUG7 P13650,2027-02-05,P,1.365,0.029400000,3,
2026-09-04,GBU,OPT,GBUG7 P13700,2027-02-05,P,1.37,0.032300000,3,
2026-09-04,GBU,OPT,GBUG7 P13750,2027-02-05,P,1.375,0.035400000,3,
2026-09-04,GBU,OPT,GBUG7 P13800,2027-02-05,P,1.38,0.038700000,3,
2026-09-04,GBU,OPT,GBUG7 P13850,2027-02-05,P,1.385,0.042300000,3,
2026-09-04,GBU,OPT,GBUG7 P13900,2027-02-05,P,1.39,0.045900000,3,
2026-09-04,GBU,OPT,GBUG7 P13950,2027-02-05,P,1.395,0.049800000,3,
2026-09-04,GBU,OPT,GBUG7 P14000,2027-02-05,P,1.4,0.053800000,3,
2026-09-04,GBU,OPT,GBUG7 P14050,2027-02-05,P,1.405,0.057900000,3,
2026-09-04,GBU,OPT,GBUG7 P14100,2027-02-05,P,1.41,0.062100000,3,
2026-09-04,GBU,OPT,GBUG7 P14150,2027-02-05,P,1.415,0.066400000,3,
2026-09-04,GBU,OPT,GBUG7 P14200,2027-02-05,P,1.42,0.070700000,3,
2026-09-04,GBU,OPT,GBUG7 P14300,2027-02-05,P,1.43,0.079700000,3,
2026-09-04,GBU,OPT,GBUG7 P14400,2027-02-05,P,1.44,0.088900000,3,1
2026-09-04,GBU,OPT,GBUG7 P14500,2027-02-05,P,1.45,0.098300000,3,
2026-09-04,GBU,OPT,GBUG7 P14600,2027-02-05,P,1.46,0.107800000,3,
2026-09-04,GBU,OPT,GBUG7 P14700,2027-02-05,P,1.47,0.117300000,3,
2026-09-04,GBU,OPT,GBUG7 P14800,2027-02-05,P,1.48,0.127000000,3,
2026-09-04,GBU,OPT,GBUG7 P14900,2027-02-05,P,1.49,0.136700000,3,
2026-09-04,GBU,OPT,GBUG7 P15000,2027-02-05,P,1.5,0.146400000,3,
2026-09-04,GBU,OPT,GBUG7 P15100,2027-02-05,P,1.51,0.156200000,3,
2026-09-04,GBU,OPT,GBUG7 P15200,2027-02-05,P,1.52,0.165900000,3,
2026-09-04,GBU,OPT,GBUG7 P15300,2027-02-05,P,1.53,0.175800000,3,
2026-09-04,GBU,OPT,GBUG7 P15400,2027-02-05,P,1.54,0.185600000,3,
2026-09-04,GBU,OPT,GBUG7 P15500,2027-02-05,P,1.55,0.195400000,3,
2026-09-04,GBU,OPT,GBUG7 P15600,2027-02-05,P,1.56,0.205200000,3,
2026-09-04,GBU,OPT,GBUG7 P15700,2027-02-05,P,1.57,0.215000000,3,
2026-09-04,GBU,OPT,GBUH7 C10700,2027-03-05,C,1.07,0.276300000,3,
2026-09-04,GBU,OPT,GBUH7 C10800,2027-03-05,C,1.08,0.266600000,3,
2026-09-04,GBU,OPT,GBUH7 C10900,2027-03-05,C,1.09,0.256800000,3,
2026-09-04,GBU,OPT,GBUH7 C11000,2027-03-05,C,1.1,0.247000000,3,
2026-09-04,GBU,OPT,GBUH7 C11100,2027-03-05,C,1.11,0.237300000,3,
2026-09-04,GBU,OPT,GBUH7 C11200,2027-03-05,C,1.12,0.227500000,3,
2026-09-04,GBU,OPT,GBUH7 C11300,2027-03-05,C,1.13,0.217800000,3,
2026-09-04,GBU,OPT,GBUH7 C11400,2027-03-05,C,1.14,0.208000000,3,
2026-09-04,GBU,OPT,GBUH7 C11500,2027-03-05,C,1.15,0.198300000,3,
2026-09-04,GBU,OPT,GBUH7 C11600,2027-03-05,C,1.16,0.188600000,3,
2026-09-04,GBU,OPT,GBUH7 C11700,2027-03-05,C,1.17,0.178900000,3,
2026-09-04,GBU,OPT,GBUH7 C11800,2027-03-05,C,1.18,0.169200000,3,
2026-09-04,GBU,OPT,GBUH7 C11900,2027-03-05,C,1.19,0.159600000,3,
2026-09-04,GBU,OPT,GBUH7 C12000,2027-03-05,C,1.2,0.150000000,3,
2026-09-04,GBU,OPT,GBUH7 C12100,2027-03-05,C,1.21,0.140400000,3,
2026-09-04,GBU,OPT,GBUH7 C12200,2027-03-05,C,1.22,0.130900000,3,
2026-09-04,GBU,OPT,GBUH7 C12250,2027-03-05,C,1.225,0.126100000,3,
2026-09-04,GBU,OPT,GBUH7 C12300,2027-03-05,C,1.23,0.121400000,3,
2026-09-04,GBU,OPT,GBUH7 C12350,2027-03-05,C,1.235,0.116700000,3,
2026-09-04,GBU,OPT,GBUH7 C12400,2027-03-05,C,1.24,0.112000000,3,
2026-09-04,GBU,OPT,GBUH7 C12450,2027-03-05,C,1.245,0.107400000,3,
2026-09-04,GBU,OPT,GBUH7 C12500,2027-03-05,C,1.25,0.102800000,3,
2026-09-04,GBU,OPT,GBUH7 C12550,2027-03-05,C,1.255,0.098200000,3,
2026-09-04,GBU,OPT,GBUH7 C12600,2027-03-05,C,1.26,0.093700000,3,
2026-09-04,GBU,OPT,GBUH7 C12650,2027-03-05,C,1.265,0.089200000,3,
2026-09-04,GBU,OPT,GBUH7 C12700,2027-03-05,C,1.27,0.084800000,3,
2026-09-04,GBU,OPT,GBUH7 C12750,2027-03-05,C,1.275,0.080400000,3,
2026-09-04,GBU,OPT,GBUH7 C12800,2027-03-05,C,1.28,0.076100000,3,
2026-09-04,GBU,OPT,GBUH7 C12850,2027-03-05,C,1.285,0.071800000,3,
2026-09-04,GBU,OPT,GBUH7 C12900,2027-03-05,C,1.29,0.067600000,3,
2026-09-04,GBU,OPT,GBUH7 C12950,2027-03-05,C,1.295,0.063500000,3,
2026-09-04,GBU,OPT,GBUH7 C13000,2027-03-05,C,1.3,0.059500000,3,
2026-09-04,GBU,OPT,GBUH7 C13050,2027-03-05,C,1.305,0.055500000,3,
2026-09-04,GBU,OPT,GBUH7 C13100,2027-03-05,C,1.31,0.051700000,3,
2026-09-04,GBU,OPT,GBUH7 C13150,2027-03-05,C,1.315,0.048000000,3,
2026-09-04,GBU,OPT,GBUH7 C13200,2027-03-05,C,1.32,0.044400000,3,
2026-09-04,GBU,OPT,GBUH7 C13250,2027-03-05,C,1.325,0.040900000,3,
2026-09-04,GBU,OPT,GBUH7 C13300,2027-03-05,C,1.33,0.037500000,3,12
2026-09-04,GBU,OPT,GBUH7 C13350,2027-03-05,C,1.335,0.034300000,3,
2026-09-04,GBU,OPT,GBUH7 C13400,2027-03-05,C,1.34,0.031300000,3,1
2026-09-04,GBU,OPT,GBUH7 C13450,2027-03-05,C,1.345,0.028400000,3,
2026-09-04,GBU,OPT,GBUH7 C13500,2027-03-05,C,1.35,0.025600000,3,3
2026-09-04,GBU,OPT,GBUH7 C13550,2027-03-05,C,1.355,0.023100000,3,
2026-09-04,GBU,OPT,GBUH7 C13600,2027-03-05,C,1.36,0.020700000,3,1
2026-09-04,GBU,OPT,GBUH7 C13650,2027-03-05,C,1.365,0.018500000,3,32
2026-09-04,GBU,OPT,GBUH7 C13700,2027-03-05,C,1.37,0.016400000,3,2
2026-09-04,GBU,OPT,GBUH7 C13750,2027-03-05,C,1.375,0.014600000,3,4
2026-09-04,GBU,OPT,GBUH7 C13800,2027-03-05,C,1.38,0.012900000,3,2
2026-09-04,GBU,OPT,GBUH7 C13850,2027-03-05,C,1.385,0.011300000,3,
2026-09-04,GBU,OPT,GBUH7 C13900,2027-03-05,C,1.39,0.010000000,3,2
2026-09-04,GBU,OPT,GBUH7 C13950,2027-03-05,C,1.395,0.008700000,3,
2026-09-04,GBU,OPT,GBUH7 C14000,2027-03-05,C,1.4,0.007700000,3,2
2026-09-04,GBU,OPT,GBUH7 C14050,2027-03-05,C,1.405,0.006700000,3,1
2026-09-04,GBU,OPT,GBUH7 C14100,2027-03-05,C,1.41,0.005900000,3,800
2026-09-04,GBU,OPT,GBUH7 C14150,2027-03-05,C,1.415,0.005100000,3,
2026-09-04,GBU,OPT,GBUH7 C14200,2027-03-05,C,1.42,0.004500000,3,1
2026-09-04,GBU,OPT,GBUH7 C14250,2027-03-05,C,1.425,0.003900000,3,
2026-09-04,GBU,OPT,GBUH7 C14300,2027-03-05,C,1.43,0.003400000,3,2
2026-09-04,GBU,OPT,GBUH7 C14400,2027-03-05,C,1.44,0.002600000,3,
2026-09-04,GBU,OPT,GBUH7 C14500,2027-03-05,C,1.45,0.001900000,3,
2026-09-04,GBU,OPT,GBUH7 C14600,2027-03-05,C,1.46,0.001500000,3,
2026-09-04,GBU,OPT,GBUH7 C14700,2027-03-05,C,1.47,0.001200000,3,16
2026-09-04,GBU,OPT,GBUH7 C14800,2027-03-05,C,1.48,0.000900000,3,2
2026-09-04,GBU,OPT,GBUH7 C14900,2027-03-05,C,1.49,0.000700000,3,
2026-09-04,GBU,OPT,GBUH7 C15000,2027-03-05,C,1.5,0.000600000,3,1
2026-09-04,GBU,OPT,GBUH7 C15100,2027-03-05,C,1.51,0.000500000,3,
2026-09-04,GBU,OPT,GBUH7 C15200,2027-03-05,C,1.52,0.000400000,3,
2026-09-04,GBU,OPT,GBUH7 C15300,2027-03-05,C,1.53,0.000300000,3,
2026-09-04,GBU,OPT,GBUH7 C15400,2027-03-05,C,1.54,0.000300000,3,
2026-09-04,GBU,OPT,GBUH7 C15500,2027-03-05,C,1.55,0.000200000,3,
2026-09-04,GBU,OPT,GBUH7 C15600,2027-03-05,C,1.56,0.000200000,3,
2026-09-04,GBU,OPT,GBUH7 C15700,2027-03-05,C,1.57,0.000200000,3,
2026-09-04,GBU,OPT,GBUH7 C15800,2027-03-05,C,1.58,0.000100000,3,
2026-09-04,GBU,OPT,GBUH7 P10700,2027-03-05,P,1.07,0.000200000,3,12
2026-09-04,GBU,OPT,GBUH7 P10800,2027-03-05,P,1.08,0.000300000,3,3
2026-09-04,GBU,OPT,GBUH7 P10900,2027-03-05,P,1.09,0.000300000,3,
2026-09-04,GBU,OPT,GBUH7 P11000,2027-03-05,P,1.1,0.000400000,3,1
2026-09-04,GBU,OPT,GBUH7 P11100,2027-03-05,P,1.11,0.000400000,3,
2026-09-04,GBU,OPT,GBUH7 P11200,2027-03-05,P,1.12,0.000500000,3,
2026-09-04,GBU,OPT,GBUH7 P11300,2027-03-05,P,1.13,0.000500000,3,
2026-09-04,GBU,OPT,GBUH7 P11400,2027-03-05,P,1.14,0.000600000,3,
2026-09-04,GBU,OPT,GBUH7 P11500,2027-03-05,P,1.15,0.000700000,3,1
2026-09-04,GBU,OPT,GBUH7 P11600,2027-03-05,P,1.16,0.000800000,3,
2026-09-04,GBU,OPT,GBUH7 P11700,2027-03-05,P,1.17,0.000900000,3,1
2026-09-04,GBU,OPT,GBUH7 P11800,2027-03-05,P,1.18,0.001000000,3,16
2026-09-04,GBU,OPT,GBUH7 P11900,2027-03-05,P,1.19,0.001200000,3,
2026-09-04,GBU,OPT,GBUH7 P12000,2027-03-05,P,1.2,0.001400000,3,
2026-09-04,GBU,OPT,GBUH7 P12100,2027-03-05,P,1.21,0.001600000,3,4
2026-09-04,GBU,OPT,GBUH7 P12200,2027-03-05,P,1.22,0.001900000,3,
2026-09-04,GBU,OPT,GBUH7 P12250,2027-03-05,P,1.225,0.002100000,3,1
2026-09-04,GBU,OPT,GBUH7 P12300,2027-03-05,P,1.23,0.002200000,3,1
2026-09-04,GBU,OPT,GBUH7 P12350,2027-03-05,P,1.235,0.002500000,3,
2026-09-04,GBU,OPT,GBUH7 P12400,2027-03-05,P,1.24,0.002700000,3,
2026-09-04,GBU,OPT,GBUH7 P12450,2027-03-05,P,1.245,0.003000000,3,
2026-09-04,GBU,OPT,GBUH7 P12500,2027-03-05,P,1.25,0.003300000,3,
2026-09-04,GBU,OPT,GBUH7 P12550,2027-03-05,P,1.255,0.003600000,3,
2026-09-04,GBU,OPT,GBUH7 P12600,2027-03-05,P,1.26,0.004000000,3,2
2026-09-04,GBU,OPT,GBUH7 P12650,2027-03-05,P,1.265,0.004400000,3,
2026-09-04,GBU,OPT,GBUH7 P12700,2027-03-05,P,1.27,0.004900000,3,
2026-09-04,GBU,OPT,GBUH7 P12750,2027-03-05,P,1.275,0.005400000,3,
2026-09-04,GBU,OPT,GBUH7 P12800,2027-03-05,P,1.28,0.005900000,3,1
2026-09-04,GBU,OPT,GBUH7 P12850,2027-03-05,P,1.285,0.006600000,3,1
2026-09-04,GBU,OPT,GBUH7 P12900,2027-03-05,P,1.29,0.007300000,3,1
2026-09-04,GBU,OPT,GBUH7 P12950,2027-03-05,P,1.295,0.008100000,3,
2026-09-04,GBU,OPT,GBUH7 P13000,2027-03-05,P,1.3,0.009000000,3,4
2026-09-04,GBU,OPT,GBUH7 P13050,2027-03-05,P,1.305,0.009900000,3,4
2026-09-04,GBU,OPT,GBUH7 P13100,2027-03-05,P,1.31,0.011000000,3,
2026-09-04,GBU,OPT,GBUH7 P13150,2027-03-05,P,1.315,0.012200000,3,
2026-09-04,GBU,OPT,GBUH7 P13200,2027-03-05,P,1.32,0.013500000,3,
2026-09-04,GBU,OPT,GBUH7 P13250,2027-03-05,P,1.325,0.014900000,3,3
2026-09-04,GBU,OPT,GBUH7 P13300,2027-03-05,P,1.33,0.016400000,3,6
2026-09-04,GBU,OPT,GBUH7 P13350,2027-03-05,P,1.335,0.018100000,3,32
2026-09-04,GBU,OPT,GBUH7 P13400,2027-03-05,P,1.34,0.020000000,3,2
2026-09-04,GBU,OPT,GBUH7 P13450,2027-03-05,P,1.345,0.022000000,3,
2026-09-04,GBU,OPT,GBUH7 P13500,2027-03-05,P,1.35,0.024200000,3,4
2026-09-04,GBU,OPT,GBUH7 P13550,2027-03-05,P,1.355,0.026500000,3,
2026-09-04,GBU,OPT,GBUH7 P13600,2027-03-05,P,1.36,0.029000000,3,4
2026-09-04,GBU,OPT,GBUH7 P13650,2027-03-05,P,1.365,0.031700000,3,
2026-09-04,GBU,OPT,GBUH7 P13700,2027-03-05,P,1.37,0.034600000,3,
2026-09-04,GBU,OPT,GBUH7 P13750,2027-03-05,P,1.375,0.037600000,3,
2026-09-04,GBU,OPT,GBUH7 P13800,2027-03-05,P,1.38,0.040800000,3,
2026-09-04,GBU,OPT,GBUH7 P13850,2027-03-05,P,1.385,0.044200000,3,
2026-09-04,GBU,OPT,GBUH7 P13900,2027-03-05,P,1.39,0.047700000,3,
2026-09-04,GBU,OPT,GBUH7 P13950,2027-03-05,P,1.395,0.051400000,3,
2026-09-04,GBU,OPT,GBUH7 P14000,2027-03-05,P,1.4,0.055200000,3,
2026-09-04,GBU,OPT,GBUH7 P14050,2027-03-05,P,1.405,0.059200000,3,
2026-09-04,GBU,OPT,GBUH7 P14100,2027-03-05,P,1.41,0.063200000,3,
2026-09-04,GBU,OPT,GBUH7 P14150,2027-03-05,P,1.415,0.067400000,3,
2026-09-04,GBU,OPT,GBUH7 P14200,2027-03-05,P,1.42,0.071700000,3,
2026-09-04,GBU,OPT,GBUH7 P14250,2027-03-05,P,1.425,0.076000000,3,
2026-09-04,GBU,OPT,GBUH7 P14300,2027-03-05,P,1.43,0.080400000,3,
2026-09-04,GBU,OPT,GBUH7 P14400,2027-03-05,P,1.44,0.089400000,3,
2026-09-04,GBU,OPT,GBUH7 P14500,2027-03-05,P,1.45,0.098600000,3,
2026-09-04,GBU,OPT,GBUH7 P14600,2027-03-05,P,1.46,0.107900000,3,
2026-09-04,GBU,OPT,GBUH7 P14700,2027-03-05,P,1.47,0.117400000,3,
2026-09-04,GBU,OPT,GBUH7 P14800,2027-03-05,P,1.48,0.126900000,3,
2026-09-04,GBU,OPT,GBUH7 P14900,2027-03-05,P,1.49,0.136600000,3,
2026-09-04,GBU,OPT,GBUH7 P15000,2027-03-05,P,1.5,0.146200000,3,560
2026-09-04,GBU,OPT,GBUH7 P15100,2027-03-05,P,1.51,0.155900000,3,
2026-09-04,GBU,OPT,GBUH7 P15200,2027-03-05,P,1.52,0.165700000,3,
2026-09-04,GBU,OPT,GBUH7 P15300,2027-03-05,P,1.53,0.175400000,3,
2026-09-04,GBU,OPT,GBUH7 P15400,2027-03-05,P,1.54,0.185200000,3,
2026-09-04,GBU,OPT,GBUH7 P15500,2027-03-05,P,1.55,0.194900000,3,
2026-09-04,GBU,OPT,GBUH7 P15600,2027-03-05,P,1.56,0.204700000,3,
2026-09-04,GBU,OPT,GBUH7 P15700,2027-03-05,P,1.57,0.214500000,3,
2026-09-04,GBU,OPT,GBUH7 P15800,2027-03-05,P,1.58,0.224200000,3,
2026-09-04,GBU,OPT,GBUJ7 C11200,2027-04-09,C,1.12,0.226600000,3,
2026-09-04,GBU,OPT,GBUJ7 C11300,2027-04-09,C,1.13,0.216900000,3,
2026-09-04,GBU,OPT,GBUJ7 C11400,2027-04-09,C,1.14,0.207200000,3,
2026-09-04,GBU,OPT,GBUJ7 C11500,2027-04-09,C,1.15,0.197600000,3,
2026-09-04,GBU,OPT,GBUJ7 C11600,2027-04-09,C,1.16,0.187900000,3,
2026-09-04,GBU,OPT,GBUJ7 C11700,2027-04-09,C,1.17,0.178300000,3,
2026-09-04,GBU,OPT,GBUJ7 C11800,2027-04-09,C,1.18,0.168700000,3,
2026-09-04,GBU,OPT,GBUJ7 C11900,2027-04-09,C,1.19,0.159200000,3,
2026-09-04,GBU,OPT,GBUJ7 C12000,2027-04-09,C,1.2,0.149700000,3,
2026-09-04,GBU,OPT,GBUJ7 C12100,2027-04-09,C,1.21,0.140300000,3,
2026-09-04,GBU,OPT,GBUJ7 C12200,2027-04-09,C,1.22,0.130900000,3,
2026-09-04,GBU,OPT,GBUJ7 C12300,2027-04-09,C,1.23,0.121600000,3,
2026-09-04,GBU,OPT,GBUJ7 C12400,2027-04-09,C,1.24,0.112400000,3,
2026-09-04,GBU,OPT,GBUJ7 C12500,2027-04-09,C,1.25,0.103400000,3,
2026-09-04,GBU,OPT,GBUJ7 C12600,2027-04-09,C,1.26,0.094500000,3,
2026-09-04,GBU,OPT,GBUJ7 C12650,2027-04-09,C,1.265,0.090100000,3,
2026-09-04,GBU,OPT,GBUJ7 C12700,2027-04-09,C,1.27,0.085800000,3,
2026-09-04,GBU,OPT,GBUJ7 C12750,2027-04-09,C,1.275,0.081500000,3,
2026-09-04,GBU,OPT,GBUJ7 C12800,2027-04-09,C,1.28,0.077300000,3,
2026-09-04,GBU,OPT,GBUJ7 C12850,2027-04-09,C,1.285,0.073200000,3,
2026-09-04,GBU,OPT,GBUJ7 C12900,2027-04-09,C,1.29,0.069100000,3,
2026-09-04,GBU,OPT,GBUJ7 C12950,2027-04-09,C,1.295,0.065100000,3,
2026-09-04,GBU,OPT,GBUJ7 C13000,2027-04-09,C,1.3,0.061200000,3,
2026-09-04,GBU,OPT,GBUJ7 C13050,2027-04-09,C,1.305,0.057400000,3,
2026-09-04,GBU,OPT,GBUJ7 C13100,2027-04-09,C,1.31,0.053700000,3,
2026-09-04,GBU,OPT,GBUJ7 C13150,2027-04-09,C,1.315,0.050000000,3,
2026-09-04,GBU,OPT,GBUJ7 C13200,2027-04-09,C,1.32,0.046500000,3,
2026-09-04,GBU,OPT,GBUJ7 C13250,2027-04-09,C,1.325,0.043100000,3,
2026-09-04,GBU,OPT,GBUJ7 C13300,2027-04-09,C,1.33,0.039900000,3,
2026-09-04,GBU,OPT,GBUJ7 C13350,2027-04-09,C,1.335,0.036700000,3,3
2026-09-04,GBU,OPT,GBUJ7 C13400,2027-04-09,C,1.34,0.033700000,3,
2026-09-04,GBU,OPT,GBUJ7 C13450,2027-04-09,C,1.345,0.030900000,3,
2026-09-04,GBU,OPT,GBUJ7 C13500,2027-04-09,C,1.35,0.028200000,3,22
2026-09-04,GBU,OPT,GBUJ7 C13550,2027-04-09,C,1.355,0.025600000,3,
2026-09-04,GBU,OPT,GBUJ7 C13600,2027-04-09,C,1.36,0.023200000,3,8
2026-09-04,GBU,OPT,GBUJ7 C13650,2027-04-09,C,1.365,0.021000000,3,1
2026-09-04,GBU,OPT,GBUJ7 C13700,2027-04-09,C,1.37,0.018900000,3,1
2026-09-04,GBU,OPT,GBUJ7 C13750,2027-04-09,C,1.375,0.017000000,3,
2026-09-04,GBU,OPT,GBUJ7 C13800,2027-04-09,C,1.38,0.015200000,3,
2026-09-04,GBU,OPT,GBUJ7 C13850,2027-04-09,C,1.385,0.013600000,3,
2026-09-04,GBU,OPT,GBUJ7 C13900,2027-04-09,C,1.39,0.012200000,3,
2026-09-04,GBU,OPT,GBUJ7 C13950,2027-04-09,C,1.395,0.010800000,3,
2026-09-04,GBU,OPT,GBUJ7 C14000,2027-04-09,C,1.4,0.009700000,3,22
2026-09-04,GBU,OPT,GBUJ7 C14050,2027-04-09,C,1.405,0.008600000,3,
2026-09-04,GBU,OPT,GBUJ7 C14100,2027-04-09,C,1.41,0.007700000,3,
2026-09-04,GBU,OPT,GBUJ7 C14150,2027-04-09,C,1.415,0.006800000,3,
2026-09-04,GBU,OPT,GBUJ7 C14200,2027-04-09,C,1.42,0.006100000,3,
2026-09-04,GBU,OPT,GBUJ7 C14300,2027-04-09,C,1.43,0.004800000,3,
2026-09-04,GBU,OPT,GBUJ7 C14400,2027-04-09,C,1.44,0.003800000,3,
2026-09-04,GBU,OPT,GBUJ7 C14500,2027-04-09,C,1.45,0.003000000,3,
2026-09-04,GBU,OPT,GBUJ7 C14600,2027-04-09,C,1.46,0.002400000,3,
2026-09-04,GBU,OPT,GBUJ7 C14700,2027-04-09,C,1.47,0.001900000,3,4
2026-09-04,GBU,OPT,GBUJ7 C14800,2027-04-09,C,1.48,0.001500000,3,
2026-09-04,GBU,OPT,GBUJ7 C14900,2027-04-09,C,1.49,0.001200000,3,
2026-09-04,GBU,OPT,GBUJ7 C15000,2027-04-09,C,1.5,0.001000000,3,
2026-09-04,GBU,OPT,GBUJ7 C15100,2027-04-09,C,1.51,0.000800000,3,
2026-09-04,GBU,OPT,GBUJ7 C15200,2027-04-09,C,1.52,0.000600000,3,
2026-09-04,GBU,OPT,GBUJ7 C15300,2027-04-09,C,1.53,0.000500000,3,
2026-09-04,GBU,OPT,GBUJ7 C15400,2027-04-09,C,1.54,0.000400000,3,
2026-09-04,GBU,OPT,GBUJ7 C15500,2027-04-09,C,1.55,0.000400000,3,
2026-09-04,GBU,OPT,GBUJ7 C15600,2027-04-09,C,1.56,0.000300000,3,
2026-09-04,GBU,OPT,GBUJ7 P11200,2027-04-09,P,1.12,0.000700000,3,
2026-09-04,GBU,OPT,GBUJ7 P11300,2027-04-09,P,1.13,0.000800000,3,
2026-09-04,GBU,OPT,GBUJ7 P11400,2027-04-09,P,1.14,0.000900000,3,
2026-09-04,GBU,OPT,GBUJ7 P11500,2027-04-09,P,1.15,0.001000000,3,
2026-09-04,GBU,OPT,GBUJ7 P11600,2027-04-09,P,1.16,0.001100000,3,
2026-09-04,GBU,OPT,GBUJ7 P11700,2027-04-09,P,1.17,0.001300000,3,
2026-09-04,GBU,OPT,GBUJ7 P11800,2027-04-09,P,1.18,0.001500000,3,90
2026-09-04,GBU,OPT,GBUJ7 P11900,2027-04-09,P,1.19,0.001700000,3,
2026-09-04,GBU,OPT,GBUJ7 P12000,2027-04-09,P,1.2,0.002000000,3,15
2026-09-04,GBU,OPT,GBUJ7 P12100,2027-04-09,P,1.21,0.002300000,3,
2026-09-04,GBU,OPT,GBUJ7 P12200,2027-04-09,P,1.22,0.002700000,3,
2026-09-04,GBU,OPT,GBUJ7 P12300,2027-04-09,P,1.23,0.003200000,3,
2026-09-04,GBU,OPT,GBUJ7 P12400,2027-04-09,P,1.24,0.003800000,3,
2026-09-04,GBU,OPT,GBUJ7 P12500,2027-04-09,P,1.25,0.004500000,3,10
2026-09-04,GBU,OPT,GBUJ7 P12600,2027-04-09,P,1.26,0.005400000,3,
2026-09-04,GBU,OPT,GBUJ7 P12650,2027-04-09,P,1.265,0.005900000,3,
2026-09-04,GBU,OPT,GBUJ7 P12700,2027-04-09,P,1.27,0.006500000,3,1
2026-09-04,GBU,OPT,GBUJ7 P12750,2027-04-09,P,1.275,0.007100000,3,
2026-09-04,GBU,OPT,GBUJ7 P12800,2027-04-09,P,1.28,0.007700000,3,23
2026-09-04,GBU,OPT,GBUJ7 P12850,2027-04-09,P,1.285,0.008500000,3,
2026-09-04,GBU,OPT,GBUJ7 P12900,2027-04-09,P,1.29,0.009300000,3,
2026-09-04,GBU,OPT,GBUJ7 P12950,2027-04-09,P,1.295,0.010200000,3,
2026-09-04,GBU,OPT,GBUJ7 P13000,2027-04-09,P,1.3,0.011200000,3,
2026-09-04,GBU,OPT,GBUJ7 P13050,2027-04-09,P,1.305,0.012200000,3,
2026-09-04,GBU,OPT,GBUJ7 P13100,2027-04-09,P,1.31,0.013400000,3,
2026-09-04,GBU,OPT,GBUJ7 P13150,2027-04-09,P,1.315,0.014700000,3,
2026-09-04,GBU,OPT,GBUJ7 P13200,2027-04-09,P,1.32,0.016100000,3,
2026-09-04,GBU,OPT,GBUJ7 P13250,2027-04-09,P,1.325,0.017500000,3,
2026-09-04,GBU,OPT,GBUJ7 P13300,2027-04-09,P,1.33,0.019200000,3,600
2026-09-04,GBU,OPT,GBUJ7 P13350,2027-04-09,P,1.335,0.020900000,3,
2026-09-04,GBU,OPT,GBUJ7 P13400,2027-04-09,P,1.34,0.022800000,3,50
2026-09-04,GBU,OPT,GBUJ7 P13450,2027-04-09,P,1.345,0.024800000,3,
2026-09-04,GBU,OPT,GBUJ7 P13500,2027-04-09,P,1.35,0.027000000,3,
2026-09-04,GBU,OPT,GBUJ7 P13550,2027-04-09,P,1.355,0.029300000,3,3
2026-09-04,GBU,OPT,GBUJ7 P13600,2027-04-09,P,1.36,0.031800000,3,50
2026-09-04,GBU,OPT,GBUJ7 P13650,2027-04-09,P,1.365,0.034500000,3,
2026-09-04,GBU,OPT,GBUJ7 P13700,2027-04-09,P,1.37,0.037300000,3,
2026-09-04,GBU,OPT,GBUJ7 P13750,2027-04-09,P,1.375,0.040200000,3,
2026-09-04,GBU,OPT,GBUJ7 P13800,2027-04-09,P,1.38,0.043400000,3,
2026-09-04,GBU,OPT,GBUJ7 P13850,2027-04-09,P,1.385,0.046600000,3,
2026-09-04,GBU,OPT,GBUJ7 P13900,2027-04-09,P,1.39,0.050100000,3,
2026-09-04,GBU,OPT,GBUJ7 P13950,2027-04-09,P,1.395,0.053600000,3,
2026-09-04,GBU,OPT,GBUJ7 P14000,2027-04-09,P,1.4,0.057300000,3,
2026-09-04,GBU,OPT,GBUJ7 P14050,2027-04-09,P,1.405,0.061200000,3,
2026-09-04,GBU,OPT,GBUJ7 P14100,2027-04-09,P,1.41,0.065100000,3,
2026-09-04,GBU,OPT,GBUJ7 P14150,2027-04-09,P,1.415,0.069100000,3,
2026-09-04,GBU,OPT,GBUJ7 P14200,2027-04-09,P,1.42,0.073300000,3,
2026-09-04,GBU,OPT,GBUJ7 P14300,2027-04-09,P,1.43,0.081800000,3,1
2026-09-04,GBU,OPT,GBUJ7 P14400,2027-04-09,P,1.44,0.090600000,3,1
2026-09-04,GBU,OPT,GBUJ7 P14500,2027-04-09,P,1.45,0.099500000,3,
2026-09-04,GBU,OPT,GBUJ7 P14600,2027-04-09,P,1.46,0.108700000,3,
2026-09-04,GBU,OPT,GBUJ7 P14700,2027-04-09,P,1.47,0.118000000,3,
2026-09-04,GBU,OPT,GBUJ7 P14800,2027-04-09,P,1.48,0.127300000,3,
2026-09-04,GBU,OPT,GBUJ7 P14900,2027-04-09,P,1.49,0.136800000,3,
2026-09-04,GBU,OPT,GBUJ7 P15000,2027-04-09,P,1.5,0.146300000,3,
2026-09-04,GBU,OPT,GBUJ7 P15100,2027-04-09,P,1.51,0.155900000,3,
2026-09-04,GBU,OPT,GBUJ7 P15200,2027-04-09,P,1.52,0.165500000,3,
2026-09-04,GBU,OPT,GBUJ7 P15300,2027-04-09,P,1.53,0.175200000,3,
2026-09-04,GBU,OPT,GBUJ7 P15400,2027-04-09,P,1.54,0.184900000,3,
2026-09-04,GBU,OPT,GBUJ7 P15500,2027-04-09,P,1.55,0.194600000,3,
2026-09-04,GBU,OPT,GBUJ7 P15600,2027-04-09,P,1.56,0.204300000,3,
2026-09-04,GBU,OPT,GBUK7 C11200,2027-05-07,C,1.12,0.226200000,3,
2026-09-04,GBU,OPT,GBUK7 C11300,2027-05-07,C,1.13,0.216500000,3,
2026-09-04,GBU,OPT,GBUK7 C11400,2027-05-07,C,1.14,0.206900000,3,
2026-09-04,GBU,OPT,GBUK7 C11500,2027-05-07,C,1.15,0.197300000,3,
2026-09-04,GBU,OPT,GBUK7 C11600,2027-05-07,C,1.16,0.187700000,3,
2026-09-04,GBU,OPT,GBUK7 C11700,2027-05-07,C,1.17,0.178200000,3,
2026-09-04,GBU,OPT,GBUK7 C11800,2027-05-07,C,1.18,0.168700000,3,
2026-09-04,GBU,OPT,GBUK7 C11900,2027-05-07,C,1.19,0.159200000,3,
2026-09-04,GBU,OPT,GBUK7 C12000,2027-05-07,C,1.2,0.149800000,3,
2026-09-04,GBU,OPT,GBUK7 C12100,2027-05-07,C,1.21,0.140500000,3,
2026-09-04,GBU,OPT,GBUK7 C12200,2027-05-07,C,1.22,0.131300000,3,
2026-09-04,GBU,OPT,GBUK7 C12300,2027-05-07,C,1.23,0.122200000,3,
2026-09-04,GBU,OPT,GBUK7 C12400,2027-05-07,C,1.24,0.113200000,3,
2026-09-04,GBU,OPT,GBUK7 C12500,2027-05-07,C,1.25,0.104300000,3,
2026-09-04,GBU,OPT,GBUK7 C12600,2027-05-07,C,1.26,0.095600000,3,
2026-09-04,GBU,OPT,GBUK7 C12650,2027-05-07,C,1.265,0.091300000,3,
2026-09-04,GBU,OPT,GBUK7 C12700,2027-05-07,C,1.27,0.087100000,3,
2026-09-04,GBU,OPT,GBUK7 C12750,2027-05-07,C,1.275,0.082900000,3,
2026-09-04,GBU,OPT,GBUK7 C12800,2027-05-07,C,1.28,0.078800000,3,
2026-09-04,GBU,OPT,GBUK7 C12850,2027-05-07,C,1.285,0.074700000,3,
2026-09-04,GBU,OPT,GBUK7 C12900,2027-05-07,C,1.29,0.070800000,3,
2026-09-04,GBU,OPT,GBUK7 C12950,2027-05-07,C,1.295,0.066900000,3,
2026-09-04,GBU,OPT,GBUK7 C13000,2027-05-07,C,1.3,0.063000000,3,
2026-09-04,GBU,OPT,GBUK7 C13050,2027-05-07,C,1.305,0.059300000,3,
2026-09-04,GBU,OPT,GBUK7 C13100,2027-05-07,C,1.31,0.055600000,3,
2026-09-04,GBU,OPT,GBUK7 C13150,2027-05-07,C,1.315,0.052100000,3,
2026-09-04,GBU,OPT,GBUK7 C13200,2027-05-07,C,1.32,0.048600000,3,4
2026-09-04,GBU,OPT,GBUK7 C13250,2027-05-07,C,1.325,0.045300000,3,
2026-09-04,GBU,OPT,GBUK7 C13300,2027-05-07,C,1.33,0.042100000,3,
2026-09-04,GBU,OPT,GBUK7 C13350,2027-05-07,C,1.335,0.038900000,3,
2026-09-04,GBU,OPT,GBUK7 C13400,2027-05-07,C,1.34,0.036000000,3,5
2026-09-04,GBU,OPT,GBUK7 C13450,2027-05-07,C,1.345,0.033100000,3,
2026-09-04,GBU,OPT,GBUK7 C13500,2027-05-07,C,1.35,0.030400000,3,
2026-09-04,GBU,OPT,GBUK7 C13550,2027-05-07,C,1.355,0.027900000,3,
2026-09-04,GBU,OPT,GBUK7 C13600,2027-05-07,C,1.36,0.025500000,3,
2026-09-04,GBU,OPT,GBUK7 C13650,2027-05-07,C,1.365,0.023200000,3,1
2026-09-04,GBU,OPT,GBUK7 C13700,2027-05-07,C,1.37,0.021100000,3,1
2026-09-04,GBU,OPT,GBUK7 C13750,2027-05-07,C,1.375,0.019100000,3,
2026-09-04,GBU,OPT,GBUK7 C13800,2027-05-07,C,1.38,0.017300000,3,
2026-09-04,GBU,OPT,GBUK7 C13850,2027-05-07,C,1.385,0.015700000,3,
2026-09-04,GBU,OPT,GBUK7 C13900,2027-05-07,C,1.39,0.014100000,3,
2026-09-04,GBU,OPT,GBUK7 C13950,2027-05-07,C,1.395,0.012800000,3,
2026-09-04,GBU,OPT,GBUK7 C14000,2027-05-07,C,1.4,0.011500000,3,3
2026-09-04,GBU,OPT,GBUK7 C14050,2027-05-07,C,1.405,0.010400000,3,
2026-09-04,GBU,OPT,GBUK7 C14100,2027-05-07,C,1.41,0.009400000,3,
2026-09-04,GBU,OPT,GBUK7 C14150,2027-05-07,C,1.415,0.008400000,3,
2026-09-04,GBU,OPT,GBUK7 C14200,2027-05-07,C,1.42,0.007600000,3,
2026-09-04,GBU,OPT,GBUK7 C14300,2027-05-07,C,1.43,0.006100000,3,
2026-09-04,GBU,OPT,GBUK7 C14400,2027-05-07,C,1.44,0.005000000,3,
2026-09-04,GBU,OPT,GBUK7 C14500,2027-05-07,C,1.45,0.004000000,3,
2026-09-04,GBU,OPT,GBUK7 C14600,2027-05-07,C,1.46,0.003200000,3,2
2026-09-04,GBU,OPT,GBUK7 C14700,2027-05-07,C,1.47,0.002600000,3,
2026-09-04,GBU,OPT,GBUK7 C14800,2027-05-07,C,1.48,0.002100000,3,
2026-09-04,GBU,OPT,GBUK7 C14900,2027-05-07,C,1.49,0.001700000,3,
2026-09-04,GBU,OPT,GBUK7 C15000,2027-05-07,C,1.5,0.001400000,3,
2026-09-04,GBU,OPT,GBUK7 C15100,2027-05-07,C,1.51,0.001100000,3,
2026-09-04,GBU,OPT,GBUK7 C15200,2027-05-07,C,1.52,0.000900000,3,2
2026-09-04,GBU,OPT,GBUK7 C15300,2027-05-07,C,1.53,0.000700000,3,
2026-09-04,GBU,OPT,GBUK7 C15400,2027-05-07,C,1.54,0.000600000,3,
2026-09-04,GBU,OPT,GBUK7 C15500,2027-05-07,C,1.55,0.000400000,3,
2026-09-04,GBU,OPT,GBUK7 C15600,2027-05-07,C,1.56,0.000400000,3,
2026-09-04,GBU,OPT,GBUK7 P11200,2027-05-07,P,1.12,0.001000000,3,
2026-09-04,GBU,OPT,GBUK7 P11300,2027-05-07,P,1.13,0.001100000,3,2
2026-09-04,GBU,OPT,GBUK7 P11400,2027-05-07,P,1.14,0.001200000,3,
2026-09-04,GBU,OPT,GBUK7 P11500,2027-05-07,P,1.15,0.001400000,3,3
2026-09-04,GBU,OPT,GBUK7 P11600,2027-05-07,P,1.16,0.001500000,3,
2026-09-04,GBU,OPT,GBUK7 P11700,2027-05-07,P,1.17,0.001700000,3,
2026-09-04,GBU,OPT,GBUK7 P11800,2027-05-07,P,1.18,0.001900000,3,
2026-09-04,GBU,OPT,GBUK7 P11900,2027-05-07,P,1.19,0.002200000,3,
2026-09-04,GBU,OPT,GBUK7 P12000,2027-05-07,P,1.2,0.002600000,3,
2026-09-04,GBU,OPT,GBUK7 P12100,2027-05-07,P,1.21,0.003000000,3,
2026-09-04,GBU,OPT,GBUK7 P12200,2027-05-07,P,1.22,0.003500000,3,
2026-09-04,GBU,OPT,GBUK7 P12300,2027-05-07,P,1.23,0.004100000,3,
2026-09-04,GBU,OPT,GBUK7 P12400,2027-05-07,P,1.24,0.004900000,3,
2026-09-04,GBU,OPT,GBUK7 P12500,2027-05-07,P,1.25,0.005700000,3,
2026-09-04,GBU,OPT,GBUK7 P12600,2027-05-07,P,1.26,0.006800000,3,
2026-09-04,GBU,OPT,GBUK7 P12650,2027-05-07,P,1.265,0.007300000,3,
2026-09-04,GBU,OPT,GBUK7 P12700,2027-05-07,P,1.27,0.008000000,3,1
2026-09-04,GBU,OPT,GBUK7 P12750,2027-05-07,P,1.275,0.008700000,3,
2026-09-04,GBU,OPT,GBUK7 P12800,2027-05-07,P,1.28,0.009400000,3,1
2026-09-04,GBU,OPT,GBUK7 P12850,2027-05-07,P,1.285,0.010300000,3,
2026-09-04,GBU,OPT,GBUK7 P12900,2027-05-07,P,1.29,0.011200000,3,3
2026-09-04,GBU,OPT,GBUK7 P12950,2027-05-07,P,1.295,0.012100000,3,
2026-09-04,GBU,OPT,GBUK7 P13000,2027-05-07,P,1.3,0.013200000,3,10
2026-09-04,GBU,OPT,GBUK7 P13050,2027-05-07,P,1.305,0.014300000,3,
2026-09-04,GBU,OPT,GBUK7 P13100,2027-05-07,P,1.31,0.015500000,3,
2026-09-04,GBU,OPT,GBUK7 P13150,2027-05-07,P,1.315,0.016800000,3,
2026-09-04,GBU,OPT,GBUK7 P13200,2027-05-07,P,1.32,0.018200000,3,52
2026-09-04,GBU,OPT,GBUK7 P13250,2027-05-07,P,1.325,0.019800000,3,
2026-09-04,GBU,OPT,GBUK7 P13300,2027-05-07,P,1.33,0.021400000,3,
2026-09-04,GBU,OPT,GBUK7 P13350,2027-05-07,P,1.335,0.023200000,3,
2026-09-04,GBU,OPT,GBUK7 P13400,2027-05-07,P,1.34,0.025100000,3,
2026-09-04,GBU,OPT,GBUK7 P13450,2027-05-07,P,1.345,0.027100000,3,
2026-09-04,GBU,OPT,GBUK7 P13500,2027-05-07,P,1.35,0.029300000,3,52
2026-09-04,GBU,OPT,GBUK7 P13550,2027-05-07,P,1.355,0.031600000,3,
2026-09-04,GBU,OPT,GBUK7 P13600,2027-05-07,P,1.36,0.034000000,3,
2026-09-04,GBU,OPT,GBUK7 P13650,2027-05-07,P,1.365,0.036600000,3,
2026-09-04,GBU,OPT,GBUK7 P13700,2027-05-07,P,1.37,0.039400000,3,
2026-09-04,GBU,OPT,GBUK7 P13750,2027-05-07,P,1.375,0.042300000,3,
2026-09-04,GBU,OPT,GBUK7 P13800,2027-05-07,P,1.38,0.045400000,3,
2026-09-04,GBU,OPT,GBUK7 P13850,2027-05-07,P,1.385,0.048600000,3,
2026-09-04,GBU,OPT,GBUK7 P13900,2027-05-07,P,1.39,0.051900000,3,
2026-09-04,GBU,OPT,GBUK7 P13950,2027-05-07,P,1.395,0.055400000,3,
2026-09-04,GBU,OPT,GBUK7 P14000,2027-05-07,P,1.4,0.059000000,3,
2026-09-04,GBU,OPT,GBUK7 P14050,2027-05-07,P,1.405,0.062800000,3,
2026-09-04,GBU,OPT,GBUK7 P14100,2027-05-07,P,1.41,0.066600000,3,
2026-09-04,GBU,OPT,GBUK7 P14150,2027-05-07,P,1.415,0.070600000,3,
2026-09-04,GBU,OPT,GBUK7 P14200,2027-05-07,P,1.42,0.074600000,3,
2026-09-04,GBU,OPT,GBUK7 P14300,2027-05-07,P,1.43,0.082900000,3,
2026-09-04,GBU,OPT,GBUK7 P14400,2027-05-07,P,1.44,0.091500000,3,
2026-09-04,GBU,OPT,GBUK7 P14500,2027-05-07,P,1.45,0.100200000,3,
2026-09-04,GBU,OPT,GBUK7 P14600,2027-05-07,P,1.46,0.109200000,3,
2026-09-04,GBU,OPT,GBUK7 P14700,2027-05-07,P,1.47,0.118300000,3,
2026-09-04,GBU,OPT,GBUK7 P14800,2027-05-07,P,1.48,0.127500000,3,
2026-09-04,GBU,OPT,GBUK7 P14900,2027-05-07,P,1.49,0.136900000,3,
2026-09-04,GBU,OPT,GBUK7 P15000,2027-05-07,P,1.5,0.146300000,3,
2026-09-04,GBU,OPT,GBUK7 P15100,2027-05-07,P,1.51,0.155700000,3,
2026-09-04,GBU,OPT,GBUK7 P15200,2027-05-07,P,1.52,0.165300000,3,
2026-09-04,GBU,OPT,GBUK7 P15300,2027-05-07,P,1.53,0.174800000,3,
2026-09-04,GBU,OPT,GBUK7 P15400,2027-05-07,P,1.54,0.184400000,3,
2026-09-04,GBU,OPT,GBUK7 P15500,2027-05-07,P,1.55,0.194000000,3,
2026-09-04,GBU,OPT,GBUK7 P15600,2027-05-07,P,1.56,0.203700000,3,
2026-09-04,GBU,OPT,GBUM7 C11000,2027-06-04,C,1.1,0.244900000,3,
2026-09-04,GBU,OPT,GBUM7 C11100,2027-06-04,C,1.11,0.235300000,3,
2026-09-04,GBU,OPT,GBUM7 C11200,2027-06-04,C,1.12,0.225700000,3,
2026-09-04,GBU,OPT,GBUM7 C11300,2027-06-04,C,1.13,0.216100000,3,
2026-09-04,GBU,OPT,GBUM7 C11400,2027-06-04,C,1.14,0.206500000,3,
2026-09-04,GBU,OPT,GBUM7 C11500,2027-06-04,C,1.15,0.197000000,3,
2026-09-04,GBU,OPT,GBUM7 C11600,2027-06-04,C,1.16,0.187500000,3,
2026-09-04,GBU,OPT,GBUM7 C11700,2027-06-04,C,1.17,0.178100000,3,
2026-09-04,GBU,OPT,GBUM7 C11800,2027-06-04,C,1.18,0.168600000,3,
2026-09-04,GBU,OPT,GBUM7 C11900,2027-06-04,C,1.19,0.159300000,3,
2026-09-04,GBU,OPT,GBUM7 C12000,2027-06-04,C,1.2,0.150000000,3,
2026-09-04,GBU,OPT,GBUM7 C12100,2027-06-04,C,1.21,0.140800000,3,
2026-09-04,GBU,OPT,GBUM7 C12200,2027-06-04,C,1.22,0.131700000,3,
2026-09-04,GBU,OPT,GBUM7 C12300,2027-06-04,C,1.23,0.122700000,3,
2026-09-04,GBU,OPT,GBUM7 C12400,2027-06-04,C,1.24,0.113800000,3,
2026-09-04,GBU,OPT,GBUM7 C12500,2027-06-04,C,1.25,0.105100000,3,
2026-09-04,GBU,OPT,GBUM7 C12550,2027-06-04,C,1.255,0.100800000,3,
2026-09-04,GBU,OPT,GBUM7 C12600,2027-06-04,C,1.26,0.096500000,3,
2026-09-04,GBU,OPT,GBUM7 C12650,2027-06-04,C,1.265,0.092300000,3,
2026-09-04,GBU,OPT,GBUM7 C12700,2027-06-04,C,1.27,0.088200000,3,
2026-09-04,GBU,OPT,GBUM7 C12750,2027-06-04,C,1.275,0.084100000,3,
2026-09-04,GBU,OPT,GBUM7 C12800,2027-06-04,C,1.28,0.080100000,3,
2026-09-04,GBU,OPT,GBUM7 C12850,2027-06-04,C,1.285,0.076100000,3,
2026-09-04,GBU,OPT,GBUM7 C12900,2027-06-04,C,1.29,0.072200000,3,
2026-09-04,GBU,OPT,GBUM7 C12950,2027-06-04,C,1.295,0.068400000,3,
2026-09-04,GBU,OPT,GBUM7 C13000,2027-06-04,C,1.3,0.064600000,3,
2026-09-04,GBU,OPT,GBUM7 C13050,2027-06-04,C,1.305,0.060900000,3,
2026-09-04,GBU,OPT,GBUM7 C13100,2027-06-04,C,1.31,0.057400000,3,
2026-09-04,GBU,OPT,GBUM7 C13150,2027-06-04,C,1.315,0.053900000,3,
2026-09-04,GBU,OPT,GBUM7 C13200,2027-06-04,C,1.32,0.050500000,3,
2026-09-04,GBU,OPT,GBUM7 C13250,2027-06-04,C,1.325,0.047200000,3,
2026-09-04,GBU,OPT,GBUM7 C13300,2027-06-04,C,1.33,0.044000000,3,
2026-09-04,GBU,OPT,GBUM7 C13350,2027-06-04,C,1.335,0.040900000,3,
2026-09-04,GBU,OPT,GBUM7 C13400,2027-06-04,C,1.34,0.038000000,3,
2026-09-04,GBU,OPT,GBUM7 C13450,2027-06-04,C,1.345,0.035200000,3,
2026-09-04,GBU,OPT,GBUM7 C13500,2027-06-04,C,1.35,0.032500000,3,5
2026-09-04,GBU,OPT,GBUM7 C13550,2027-06-04,C,1.355,0.029900000,3,1
2026-09-04,GBU,OPT,GBUM7 C13600,2027-06-04,C,1.36,0.027500000,3,
2026-09-04,GBU,OPT,GBUM7 C13650,2027-06-04,C,1.365,0.025200000,3,2
2026-09-04,GBU,OPT,GBUM7 C13700,2027-06-04,C,1.37,0.023100000,3,1
2026-09-04,GBU,OPT,GBUM7 C13750,2027-06-04,C,1.375,0.021100000,3,4
2026-09-04,GBU,OPT,GBUM7 C13800,2027-06-04,C,1.38,0.019300000,3,5
2026-09-04,GBU,OPT,GBUM7 C13850,2027-06-04,C,1.385,0.017600000,3,
2026-09-04,GBU,OPT,GBUM7 C13900,2027-06-04,C,1.39,0.016000000,3,
2026-09-04,GBU,OPT,GBUM7 C13950,2027-06-04,C,1.395,0.014600000,3,
2026-09-04,GBU,OPT,GBUM7 C14000,2027-06-04,C,1.4,0.013200000,3,6
2026-09-04,GBU,OPT,GBUM7 C14050,2027-06-04,C,1.405,0.012000000,3,2
2026-09-04,GBU,OPT,GBUM7 C14100,2027-06-04,C,1.41,0.010900000,3,
2026-09-04,GBU,OPT,GBUM7 C14150,2027-06-04,C,1.415,0.009900000,3,
2026-09-04,GBU,OPT,GBUM7 C14200,2027-06-04,C,1.42,0.009000000,3,2
2026-09-04,GBU,OPT,GBUM7 C14250,2027-06-04,C,1.425,0.008200000,3,
2026-09-04,GBU,OPT,GBUM7 C14300,2027-06-04,C,1.43,0.007400000,3,
2026-09-04,GBU,OPT,GBUM7 C14400,2027-06-04,C,1.44,0.006100000,3,
2026-09-04,GBU,OPT,GBUM7 C14500,2027-06-04,C,1.45,0.005000000,3,5
2026-09-04,GBU,OPT,GBUM7 C14600,2027-06-04,C,1.46,0.004100000,3,
2026-09-04,GBU,OPT,GBUM7 C14700,2027-06-04,C,1.47,0.003300000,3,
2026-09-04,GBU,OPT,GBUM7 C14800,2027-06-04,C,1.48,0.002700000,3,1
2026-09-04,GBU,OPT,GBUM7 C14900,2027-06-04,C,1.49,0.002200000,3,
2026-09-04,GBU,OPT,GBUM7 C15000,2027-06-04,C,1.5,0.001800000,3,
2026-09-04,GBU,OPT,GBUM7 C15100,2027-06-04,C,1.51,0.001500000,3,
2026-09-04,GBU,OPT,GBUM7 C15200,2027-06-04,C,1.52,0.001200000,3,
2026-09-04,GBU,OPT,GBUM7 C15300,2027-06-04,C,1.53,0.001000000,3,
2026-09-04,GBU,OPT,GBUM7 C15400,2027-06-04,C,1.54,0.000900000,3,
2026-09-04,GBU,OPT,GBUM7 C15500,2027-06-04,C,1.55,0.000800000,3,5
2026-09-04,GBU,OPT,GBUM7 C15600,2027-06-04,C,1.56,0.000700000,3,
2026-09-04,GBU,OPT,GBUM7 C15700,2027-06-04,C,1.57,0.000600000,3,
2026-09-04,GBU,OPT,GBUM7 P11000,2027-06-04,P,1.1,0.001000000,3,2
2026-09-04,GBU,OPT,GBUM7 P11100,2027-06-04,P,1.11,0.001100000,3,
2026-09-04,GBU,OPT,GBUM7 P11200,2027-06-04,P,1.12,0.001200000,3,
2026-09-04,GBU,OPT,GBUM7 P11300,2027-06-04,P,1.13,0.001400000,3,
2026-09-04,GBU,OPT,GBUM7 P11400,2027-06-04,P,1.14,0.001500000,3,
2026-09-04,GBU,OPT,GBUM7 P11500,2027-06-04,P,1.15,0.001700000,3,5
2026-09-04,GBU,OPT,GBUM7 P11600,2027-06-04,P,1.16,0.001900000,3,
2026-09-04,GBU,OPT,GBUM7 P11700,2027-06-04,P,1.17,0.002200000,3,
2026-09-04,GBU,OPT,GBUM7 P11800,2027-06-04,P,1.18,0.002400000,3,
2026-09-04,GBU,OPT,GBUM7 P11900,2027-06-04,P,1.19,0.002800000,3,
2026-09-04,GBU,OPT,GBUM7 P12000,2027-06-04,P,1.2,0.003300000,3,2
2026-09-04,GBU,OPT,GBUM7 P12100,2027-06-04,P,1.21,0.003800000,3,
2026-09-04,GBU,OPT,GBUM7 P12200,2027-06-04,P,1.22,0.004400000,3,
2026-09-04,GBU,OPT,GBUM7 P12300,2027-06-04,P,1.23,0.005100000,3,
2026-09-04,GBU,OPT,GBUM7 P12400,2027-06-04,P,1.24,0.005900000,3,4
2026-09-04,GBU,OPT,GBUM7 P12500,2027-06-04,P,1.25,0.006900000,3,
2026-09-04,GBU,OPT,GBUM7 P12550,2027-06-04,P,1.255,0.007400000,3,
2026-09-04,GBU,OPT,GBUM7 P12600,2027-06-04,P,1.26,0.008000000,3,
2026-09-04,GBU,OPT,GBUM7 P12650,2027-06-04,P,1.265,0.008600000,3,
2026-09-04,GBU,OPT,GBUM7 P12700,2027-06-04,P,1.27,0.009300000,3,1
2026-09-04,GBU,OPT,GBUM7 P12750,2027-06-04,P,1.275,0.010100000,3,
2026-09-04,GBU,OPT,GBUM7 P12800,2027-06-04,P,1.28,0.010900000,3,
2026-09-04,GBU,OPT,GBUM7 P12850,2027-06-04,P,1.285,0.011800000,3,
2026-09-04,GBU,OPT,GBUM7 P12900,2027-06-04,P,1.29,0.012800000,3,
2026-09-04,GBU,OPT,GBUM7 P12950,2027-06-04,P,1.295,0.013800000,3,
2026-09-04,GBU,OPT,GBUM7 P13000,2027-06-04,P,1.3,0.014900000,3,8
2026-09-04,GBU,OPT,GBUM7 P13050,2027-06-04,P,1.305,0.016100000,3,
2026-09-04,GBU,OPT,GBUM7 P13100,2027-06-04,P,1.31,0.017400000,3,
2026-09-04,GBU,OPT,GBUM7 P13150,2027-06-04,P,1.315,0.018700000,3,
2026-09-04,GBU,OPT,GBUM7 P13200,2027-06-04,P,1.32,0.020200000,3,100
2026-09-04,GBU,OPT,GBUM7 P13250,2027-06-04,P,1.325,0.021700000,3,
2026-09-04,GBU,OPT,GBUM7 P13300,2027-06-04,P,1.33,0.023400000,3,2
2026-09-04,GBU,OPT,GBUM7 P13350,2027-06-04,P,1.335,0.025200000,3,
2026-09-04,GBU,OPT,GBUM7 P13400,2027-06-04,P,1.34,0.027100000,3,1
2026-09-04,GBU,OPT,GBUM7 P13450,2027-06-04,P,1.345,0.029100000,3,
2026-09-04,GBU,OPT,GBUM7 P13500,2027-06-04,P,1.35,0.031300000,3,100
2026-09-04,GBU,OPT,GBUM7 P13550,2027-06-04,P,1.355,0.033600000,3,
2026-09-04,GBU,OPT,GBUM7 P13600,2027-06-04,P,1.36,0.036000000,3,
2026-09-04,GBU,OPT,GBUM7 P13650,2027-06-04,P,1.365,0.038600000,3,
2026-09-04,GBU,OPT,GBUM7 P13700,2027-06-04,P,1.37,0.041400000,3,3
2026-09-04,GBU,OPT,GBUM7 P13750,2027-06-04,P,1.375,0.044200000,3,
2026-09-04,GBU,OPT,GBUM7 P13800,2027-06-04,P,1.38,0.047200000,3,
2026-09-04,GBU,OPT,GBUM7 P13850,2027-06-04,P,1.385,0.050400000,3,
2026-09-04,GBU,OPT,GBUM7 P13900,2027-06-04,P,1.39,0.053700000,3,1
2026-09-04,GBU,OPT,GBUM7 P13950,2027-06-04,P,1.395,0.057100000,3,
2026-09-04,GBU,OPT,GBUM7 P14000,2027-06-04,P,1.4,0.060600000,3,
2026-09-04,GBU,OPT,GBUM7 P14050,2027-06-04,P,1.405,0.064300000,3,
2026-09-04,GBU,OPT,GBUM7 P14100,2027-06-04,P,1.41,0.068000000,3,
2026-09-04,GBU,OPT,GBUM7 P14150,2027-06-04,P,1.415,0.071900000,3,
2026-09-04,GBU,OPT,GBUM7 P14200,2027-06-04,P,1.42,0.075800000,3,
2026-09-04,GBU,OPT,GBUM7 P14250,2027-06-04,P,1.425,0.079800000,3,
2026-09-04,GBU,OPT,GBUM7 P14300,2027-06-04,P,1.43,0.083900000,3,
2026-09-04,GBU,OPT,GBUM7 P14400,2027-06-04,P,1.44,0.092300000,3,
2026-09-04,GBU,OPT,GBUM7 P14500,2027-06-04,P,1.45,0.100900000,3,
2026-09-04,GBU,OPT,GBUM7 P14600,2027-06-04,P,1.46,0.109700000,3,
2026-09-04,GBU,OPT,GBUM7 P14700,2027-06-04,P,1.47,0.118600000,3,
2026-09-04,GBU,OPT,GBUM7 P14800,2027-06-04,P,1.48,0.127700000,3,
2026-09-04,GBU,OPT,GBUM7 P14900,2027-06-04,P,1.49,0.137000000,3,
2026-09-04,GBU,OPT,GBUM7 P15000,2027-06-04,P,1.5,0.146200000,3,
2026-09-04,GBU,OPT,GBUM7 P15100,2027-06-04,P,1.51,0.155600000,3,
2026-09-04,GBU,OPT,GBUM7 P15200,2027-06-04,P,1.52,0.165100000,3,
2026-09-04,GBU,OPT,GBUM7 P15300,2027-06-04,P,1.53,0.174600000,3,
2026-09-04,GBU,OPT,GBUM7 P15400,2027-06-04,P,1.54,0.184200000,3,
2026-09-04,GBU,OPT,GBUM7 P15500,2027-06-04,P,1.55,0.193800000,3,
2026-09-04,GBU,OPT,GBUM7 P15600,2027-06-04,P,1.56,0.203400000,3,
2026-09-04,GBU,OPT,GBUM7 P15700,2027-06-04,P,1.57,0.213000000,3,
2026-09-04,GBU,OPT,GBUN7 C11300,2027-07-09,C,1.13,0.215300000,3,
2026-09-04,GBU,OPT,GBUN7 C11400,2027-07-09,C,1.14,0.205800000,3,
2026-09-04,GBU,OPT,GBUN7 C11500,2027-07-09,C,1.15,0.196400000,3,
2026-09-04,GBU,OPT,GBUN7 C11600,2027-07-09,C,1.16,0.187000000,3,
2026-09-04,GBU,OPT,GBUN7 C11700,2027-07-09,C,1.17,0.177600000,3,
2026-09-04,GBU,OPT,GBUN7 C11800,2027-07-09,C,1.18,0.168300000,3,
2026-09-04,GBU,OPT,GBUN7 C11900,2027-07-09,C,1.19,0.159100000,3,
2026-09-04,GBU,OPT,GBUN7 C12000,2027-07-09,C,1.2,0.149900000,3,
2026-09-04,GBU,OPT,GBUN7 C12100,2027-07-09,C,1.21,0.140800000,3,
2026-09-04,GBU,OPT,GBUN7 C12200,2027-07-09,C,1.22,0.131900000,3,
2026-09-04,GBU,OPT,GBUN7 C12300,2027-07-09,C,1.23,0.123000000,3,
2026-09-04,GBU,OPT,GBUN7 C12400,2027-07-09,C,1.24,0.114400000,3,
2026-09-04,GBU,OPT,GBUN7 C12500,2027-07-09,C,1.25,0.105800000,3,
2026-09-04,GBU,OPT,GBUN7 C12600,2027-07-09,C,1.26,0.097500000,3,
2026-09-04,GBU,OPT,GBUN7 C12700,2027-07-09,C,1.27,0.089300000,3,
2026-09-04,GBU,OPT,GBUN7 C12800,2027-07-09,C,1.28,0.081300000,3,
2026-09-04,GBU,OPT,GBUN7 C12850,2027-07-09,C,1.285,0.077500000,3,
2026-09-04,GBU,OPT,GBUN7 C12900,2027-07-09,C,1.29,0.073600000,3,
2026-09-04,GBU,OPT,GBUN7 C12950,2027-07-09,C,1.295,0.069900000,3,
2026-09-04,GBU,OPT,GBUN7 C13000,2027-07-09,C,1.3,0.066200000,3,
2026-09-04,GBU,OPT,GBUN7 C13050,2027-07-09,C,1.305,0.062600000,3,
2026-09-04,GBU,OPT,GBUN7 C13100,2027-07-09,C,1.31,0.059100000,3,
2026-09-04,GBU,OPT,GBUN7 C13150,2027-07-09,C,1.315,0.055600000,3,
2026-09-04,GBU,OPT,GBUN7 C13200,2027-07-09,C,1.32,0.052300000,3,
2026-09-04,GBU,OPT,GBUN7 C13250,2027-07-09,C,1.325,0.049100000,3,
2026-09-04,GBU,OPT,GBUN7 C13300,2027-07-09,C,1.33,0.045900000,3,
2026-09-04,GBU,OPT,GBUN7 C13350,2027-07-09,C,1.335,0.042900000,3,
2026-09-04,GBU,OPT,GBUN7 C13400,2027-07-09,C,1.34,0.040000000,3,
2026-09-04,GBU,OPT,GBUN7 C13450,2027-07-09,C,1.345,0.037200000,3,
2026-09-04,GBU,OPT,GBUN7 C13500,2027-07-09,C,1.35,0.034600000,3,3
2026-09-04,GBU,OPT,GBUN7 C13550,2027-07-09,C,1.355,0.032000000,3,
2026-09-04,GBU,OPT,GBUN7 C13600,2027-07-09,C,1.36,0.029600000,3,1
2026-09-04,GBU,OPT,GBUN7 C13650,2027-07-09,C,1.365,0.027400000,3,
2026-09-04,GBU,OPT,GBUN7 C13700,2027-07-09,C,1.37,0.025200000,3,1
2026-09-04,GBU,OPT,GBUN7 C13750,2027-07-09,C,1.375,0.023200000,3,
2026-09-04,GBU,OPT,GBUN7 C13800,2027-07-09,C,1.38,0.021300000,3,
2026-09-04,GBU,OPT,GBUN7 C13850,2027-07-09,C,1.385,0.019600000,3,
2026-09-04,GBU,OPT,GBUN7 C13900,2027-07-09,C,1.39,0.018000000,3,
2026-09-04,GBU,OPT,GBUN7 C13950,2027-07-09,C,1.395,0.016500000,3,
2026-09-04,GBU,OPT,GBUN7 C14000,2027-07-09,C,1.4,0.015100000,3,
2026-09-04,GBU,OPT,GBUN7 C14050,2027-07-09,C,1.405,0.013800000,3,
2026-09-04,GBU,OPT,GBUN7 C14100,2027-07-09,C,1.41,0.012700000,3,
2026-09-04,GBU,OPT,GBUN7 C14150,2027-07-09,C,1.415,0.011600000,3,
2026-09-04,GBU,OPT,GBUN7 C14200,2027-07-09,C,1.42,0.010600000,3,
2026-09-04,GBU,OPT,GBUN7 C14300,2027-07-09,C,1.43,0.008900000,3,
2026-09-04,GBU,OPT,GBUN7 C14400,2027-07-09,C,1.44,0.007400000,3,1
2026-09-04,GBU,OPT,GBUN7 C14500,2027-07-09,C,1.45,0.006200000,3,
2026-09-04,GBU,OPT,GBUN7 C14600,2027-07-09,C,1.46,0.005100000,3,
2026-09-04,GBU,OPT,GBUN7 C14700,2027-07-09,C,1.47,0.004200000,3,6
2026-09-04,GBU,OPT,GBUN7 C14800,2027-07-09,C,1.48,0.003500000,3,3
2026-09-04,GBU,OPT,GBUN7 C14900,2027-07-09,C,1.49,0.002900000,3,
2026-09-04,GBU,OPT,GBUN7 C15000,2027-07-09,C,1.5,0.002400000,3,3
2026-09-04,GBU,OPT,GBUN7 C15100,2027-07-09,C,1.51,0.002000000,3,
2026-09-04,GBU,OPT,GBUN7 C15200,2027-07-09,C,1.52,0.001600000,3,3
2026-09-04,GBU,OPT,GBUN7 C15300,2027-07-09,C,1.53,0.001300000,3,
2026-09-04,GBU,OPT,GBUN7 C15400,2027-07-09,C,1.54,0.001100000,3,
2026-09-04,GBU,OPT,GBUN7 C15500,2027-07-09,C,1.55,0.000900000,3,
2026-09-04,GBU,OPT,GBUN7 C15600,2027-07-09,C,1.56,0.000700000,3,
2026-09-04,GBU,OPT,GBUN7 P11300,2027-07-09,P,1.13,0.001800000,3,
2026-09-04,GBU,OPT,GBUN7 P11400,2027-07-09,P,1.14,0.002000000,3,
2026-09-04,GBU,OPT,GBUN7 P11500,2027-07-09,P,1.15,0.002200000,3,2
2026-09-04,GBU,OPT,GBUN7 P11600,2027-07-09,P,1.16,0.002500000,3,
2026-09-04,GBU,OPT,GBUN7 P11700,2027-07-09,P,1.17,0.002800000,3,
2026-09-04,GBU,OPT,GBUN7 P11800,2027-07-09,P,1.18,0.003200000,3,
2026-09-04,GBU,OPT,GBUN7 P11900,2027-07-09,P,1.19,0.003600000,3,1
2026-09-04,GBU,OPT,GBUN7 P12000,2027-07-09,P,1.2,0.004100000,3,
2026-09-04,GBU,OPT,GBUN7 P12100,2027-07-09,P,1.21,0.004700000,3,
2026-09-04,GBU,OPT,GBUN7 P12200,2027-07-09,P,1.22,0.005400000,3,
2026-09-04,GBU,OPT,GBUN7 P12300,2027-07-09,P,1.23,0.006200000,3,
2026-09-04,GBU,OPT,GBUN7 P12400,2027-07-09,P,1.24,0.007200000,3,
2026-09-04,GBU,OPT,GBUN7 P12500,2027-07-09,P,1.25,0.008400000,3,
2026-09-04,GBU,OPT,GBUN7 P12600,2027-07-09,P,1.26,0.009700000,3,
2026-09-04,GBU,OPT,GBUN7 P12700,2027-07-09,P,1.27,0.011200000,3,
2026-09-04,GBU,OPT,GBUN7 P12800,2027-07-09,P,1.28,0.012900000,3,2
2026-09-04,GBU,OPT,GBUN7 P12850,2027-07-09,P,1.285,0.013800000,3,2
2026-09-04,GBU,OPT,GBUN7 P12900,2027-07-09,P,1.29,0.014800000,3,1
2026-09-04,GBU,OPT,GBUN7 P12950,2027-07-09,P,1.295,0.015900000,3,
2026-09-04,GBU,OPT,GBUN7 P13000,2027-07-09,P,1.3,0.017100000,3,
2026-09-04,GBU,OPT,GBUN7 P13050,2027-07-09,P,1.305,0.018300000,3,
2026-09-04,GBU,OPT,GBUN7 P13100,2027-07-09,P,1.31,0.019600000,3,
2026-09-04,GBU,OPT,GBUN7 P13150,2027-07-09,P,1.315,0.021000000,3,
2026-09-04,GBU,OPT,GBUN7 P13200,2027-07-09,P,1.32,0.022500000,3,
2026-09-04,GBU,OPT,GBUN7 P13250,2027-07-09,P,1.325,0.024100000,3,
2026-09-04,GBU,OPT,GBUN7 P13300,2027-07-09,P,1.33,0.025800000,3,
2026-09-04,GBU,OPT,GBUN7 P13350,2027-07-09,P,1.335,0.027600000,3,
2026-09-04,GBU,OPT,GBUN7 P13400,2027-07-09,P,1.34,0.029600000,3,1
2026-09-04,GBU,OPT,GBUN7 P13450,2027-07-09,P,1.345,0.031600000,3,
2026-09-04,GBU,OPT,GBUN7 P13500,2027-07-09,P,1.35,0.033800000,3,6
2026-09-04,GBU,OPT,GBUN7 P13550,2027-07-09,P,1.355,0.036100000,3,
2026-09-04,GBU,OPT,GBUN7 P13600,2027-07-09,P,1.36,0.038500000,3,3
2026-09-04,GBU,OPT,GBUN7 P13650,2027-07-09,P,1.365,0.041100000,3,
2026-09-04,GBU,OPT,GBUN7 P13700,2027-07-09,P,1.37,0.043800000,3,
2026-09-04,GBU,OPT,GBUN7 P13750,2027-07-09,P,1.375,0.046600000,3,
2026-09-04,GBU,OPT,GBUN7 P13800,2027-07-09,P,1.38,0.049600000,3,
2026-09-04,GBU,OPT,GBUN7 P13850,2027-07-09,P,1.385,0.052700000,3,
2026-09-04,GBU,OPT,GBUN7 P13900,2027-07-09,P,1.39,0.055900000,3,
2026-09-04,GBU,OPT,GBUN7 P13950,2027-07-09,P,1.395,0.059200000,3,
2026-09-04,GBU,OPT,GBUN7 P14000,2027-07-09,P,1.4,0.062700000,3,
2026-09-04,GBU,OPT,GBUN7 P14050,2027-07-09,P,1.405,0.066200000,3,
2026-09-04,GBU,OPT,GBUN7 P14100,2027-07-09,P,1.41,0.069900000,3,
2026-09-04,GBU,OPT,GBUN7 P14150,2027-07-09,P,1.415,0.073700000,3,
2026-09-04,GBU,OPT,GBUN7 P14200,2027-07-09,P,1.42,0.077500000,3,
2026-09-04,GBU,OPT,GBUN7 P14300,2027-07-09,P,1.43,0.085400000,3,
2026-09-04,GBU,OPT,GBUN7 P14400,2027-07-09,P,1.44,0.093600000,3,
2026-09-04,GBU,OPT,GBUN7 P14500,2027-07-09,P,1.45,0.102100000,3,
2026-09-04,GBU,OPT,GBUN7 P14600,2027-07-09,P,1.46,0.110700000,3,
2026-09-04,GBU,OPT,GBUN7 P14700,2027-07-09,P,1.47,0.119500000,3,
2026-09-04,GBU,OPT,GBUN7 P14800,2027-07-09,P,1.48,0.128400000,3,
2026-09-04,GBU,OPT,GBUN7 P14900,2027-07-09,P,1.49,0.137500000,3,
2026-09-04,GBU,OPT,GBUN7 P15000,2027-07-09,P,1.5,0.146700000,3,
2026-09-04,GBU,OPT,GBUN7 P15100,2027-07-09,P,1.51,0.155900000,3,
2026-09-04,GBU,OPT,GBUN7 P15200,2027-07-09,P,1.52,0.165200000,3,
2026-09-04,GBU,OPT,GBUN7 P15300,2027-07-09,P,1.53,0.174600000,3,
2026-09-04,GBU,OPT,GBUN7 P15400,2027-07-09,P,1.54,0.184000000,3,
2026-09-04,GBU,OPT,GBUN7 P15500,2027-07-09,P,1.55,0.193500000,3,
2026-09-04,GBU,OPT,GBUN7 P15600,2027-07-09,P,1.56,0.203000000,3,
2026-09-04,GBU,OPT,GBUQ7 C11500,2027-08-06,C,1.15,0.195900000,3,
2026-09-04,GBU,OPT,GBUQ7 C11600,2027-08-06,C,1.16,0.186600000,3,
2026-09-04,GBU,OPT,GBUQ7 C11700,2027-08-06,C,1.17,0.177400000,3,
2026-09-04,GBU,OPT,GBUQ7 C11800,2027-08-06,C,1.18,0.168300000,3,
2026-09-04,GBU,OPT,GBUQ7 C11900,2027-08-06,C,1.19,0.159200000,3,
2026-09-04,GBU,OPT,GBUQ7 C12000,2027-08-06,C,1.2,0.150200000,3,
2026-09-04,GBU,OPT,GBUQ7 C12100,2027-08-06,C,1.21,0.141300000,3,
2026-09-04,GBU,OPT,GBUQ7 C12200,2027-08-06,C,1.22,0.132500000,3,
2026-09-04,GBU,OPT,GBUQ7 C12300,2027-08-06,C,1.23,0.123800000,3,
2026-09-04,GBU,OPT,GBUQ7 C12400,2027-08-06,C,1.24,0.115300000,3,
2026-09-04,GBU,OPT,GBUQ7 C12500,2027-08-06,C,1.25,0.106800000,3,
2026-09-04,GBU,OPT,GBUQ7 C12600,2027-08-06,C,1.26,0.098600000,3,
2026-09-04,GBU,OPT,GBUQ7 C12700,2027-08-06,C,1.27,0.090500000,3,
2026-09-04,GBU,OPT,GBUQ7 C12800,2027-08-06,C,1.28,0.082700000,3,
2026-09-04,GBU,OPT,GBUQ7 C12900,2027-08-06,C,1.29,0.075100000,3,
2026-09-04,GBU,OPT,GBUQ7 C12950,2027-08-06,C,1.295,0.071400000,3,
2026-09-04,GBU,OPT,GBUQ7 C13000,2027-08-06,C,1.3,0.067800000,3,
2026-09-04,GBU,OPT,GBUQ7 C13050,2027-08-06,C,1.305,0.064300000,3,
2026-09-04,GBU,OPT,GBUQ7 C13100,2027-08-06,C,1.31,0.060800000,3,
2026-09-04,GBU,OPT,GBUQ7 C13150,2027-08-06,C,1.315,0.057400000,3,
2026-09-04,GBU,OPT,GBUQ7 C13200,2027-08-06,C,1.32,0.054100000,3,
2026-09-04,GBU,OPT,GBUQ7 C13250,2027-08-06,C,1.325,0.051000000,3,
2026-09-04,GBU,OPT,GBUQ7 C13300,2027-08-06,C,1.33,0.047900000,3,
2026-09-04,GBU,OPT,GBUQ7 C13350,2027-08-06,C,1.335,0.044900000,3,
2026-09-04,GBU,OPT,GBUQ7 C13400,2027-08-06,C,1.34,0.042000000,3,
2026-09-04,GBU,OPT,GBUQ7 C13450,2027-08-06,C,1.345,0.039300000,3,
2026-09-04,GBU,OPT,GBUQ7 C13500,2027-08-06,C,1.35,0.036600000,3,
2026-09-04,GBU,OPT,GBUQ7 C13550,2027-08-06,C,1.355,0.034100000,3,
2026-09-04,GBU,OPT,GBUQ7 C13600,2027-08-06,C,1.36,0.031700000,3,
2026-09-04,GBU,OPT,GBUQ7 C13650,2027-08-06,C,1.365,0.029400000,3,
2026-09-04,GBU,OPT,GBUQ7 C13700,2027-08-06,C,1.37,0.027300000,3,1
2026-09-04,GBU,OPT,GBUQ7 C13750,2027-08-06,C,1.375,0.025200000,3,
2026-09-04,GBU,OPT,GBUQ7 C13800,2027-08-06,C,1.38,0.023300000,3,
2026-09-04,GBU,OPT,GBUQ7 C13850,2027-08-06,C,1.385,0.021500000,3,
2026-09-04,GBU,OPT,GBUQ7 C13900,2027-08-06,C,1.39,0.019900000,3,
2026-09-04,GBU,OPT,GBUQ7 C13950,2027-08-06,C,1.395,0.018300000,3,1
2026-09-04,GBU,OPT,GBUQ7 C14000,2027-08-06,C,1.4,0.016900000,3,
2026-09-04,GBU,OPT,GBUQ7 C14050,2027-08-06,C,1.405,0.015600000,3,
2026-09-04,GBU,OPT,GBUQ7 C14100,2027-08-06,C,1.41,0.014300000,3,
2026-09-04,GBU,OPT,GBUQ7 C14150,2027-08-06,C,1.415,0.013200000,3,
2026-09-04,GBU,OPT,GBUQ7 C14200,2027-08-06,C,1.42,0.012100000,3,
2026-09-04,GBU,OPT,GBUQ7 C14300,2027-08-06,C,1.43,0.010300000,3,
2026-09-04,GBU,OPT,GBUQ7 C14400,2027-08-06,C,1.44,0.008700000,3,
2026-09-04,GBU,OPT,GBUQ7 C14500,2027-08-06,C,1.45,0.007300000,3,
2026-09-04,GBU,OPT,GBUQ7 C14600,2027-08-06,C,1.46,0.006200000,3,
2026-09-04,GBU,OPT,GBUQ7 C14700,2027-08-06,C,1.47,0.005200000,3,
2026-09-04,GBU,OPT,GBUQ7 C14800,2027-08-06,C,1.48,0.004400000,3,
2026-09-04,GBU,OPT,GBUQ7 C14900,2027-08-06,C,1.49,0.003700000,3,
2026-09-04,GBU,OPT,GBUQ7 C15000,2027-08-06,C,1.5,0.003100000,3,
2026-09-04,GBU,OPT,GBUQ7 C15100,2027-08-06,C,1.51,0.002600000,3,
2026-09-04,GBU,OPT,GBUQ7 C15200,2027-08-06,C,1.52,0.002200000,3,
2026-09-04,GBU,OPT,GBUQ7 C15300,2027-08-06,C,1.53,0.001800000,3,
2026-09-04,GBU,OPT,GBUQ7 C15400,2027-08-06,C,1.54,0.001500000,3,
2026-09-04,GBU,OPT,GBUQ7 C15500,2027-08-06,C,1.55,0.001200000,3,
2026-09-04,GBU,OPT,GBUQ7 C15600,2027-08-06,C,1.56,0.001000000,3,
2026-09-04,GBU,OPT,GBUQ7 P11500,2027-08-06,P,1.15,0.002400000,3,
2026-09-04,GBU,OPT,GBUQ7 P11600,2027-08-06,P,1.16,0.002800000,3,
2026-09-04,GBU,OPT,GBUQ7 P11700,2027-08-06,P,1.17,0.003200000,3,
2026-09-04,GBU,OPT,GBUQ7 P11800,2027-08-06,P,1.18,0.003700000,3,
2026-09-04,GBU,OPT,GBUQ7 P11900,2027-08-06,P,1.19,0.004300000,3,
2026-09-04,GBU,OPT,GBUQ7 P12000,2027-08-06,P,1.2,0.004900000,3,
2026-09-04,GBU,OPT,GBUQ7 P12100,2027-08-06,P,1.21,0.005600000,3,
2026-09-04,GBU,OPT,GBUQ7 P12200,2027-08-06,P,1.22,0.006500000,3,
2026-09-04,GBU,OPT,GBUQ7 P12300,2027-08-06,P,1.23,0.007400000,3,
2026-09-04,GBU,OPT,GBUQ7 P12400,2027-08-06,P,1.24,0.008500000,3,
2026-09-04,GBU,OPT,GBUQ7 P12500,2027-08-06,P,1.25,0.009700000,3,
2026-09-04,GBU,OPT,GBUQ7 P12600,2027-08-06,P,1.26,0.011100000,3,
2026-09-04,GBU,OPT,GBUQ7 P12700,2027-08-06,P,1.27,0.012700000,3,1
2026-09-04,GBU,OPT,GBUQ7 P12800,2027-08-06,P,1.28,0.014500000,3,2
2026-09-04,GBU,OPT,GBUQ7 P12900,2027-08-06,P,1.29,0.016500000,3,
2026-09-04,GBU,OPT,GBUQ7 P12950,2027-08-06,P,1.295,0.017600000,3,
2026-09-04,GBU,OPT,GBUQ7 P13000,2027-08-06,P,1.3,0.018800000,3,
2026-09-04,GBU,OPT,GBUQ7 P13050,2027-08-06,P,1.305,0.020100000,3,
2026-09-04,GBU,OPT,GBUQ7 P13100,2027-08-06,P,1.31,0.021500000,3,
2026-09-04,GBU,OPT,GBUQ7 P13150,2027-08-06,P,1.315,0.022900000,3,
2026-09-04,GBU,OPT,GBUQ7 P13200,2027-08-06,P,1.32,0.024500000,3,
2026-09-04,GBU,OPT,GBUQ7 P13250,2027-08-06,P,1.325,0.026100000,3,
2026-09-04,GBU,OPT,GBUQ7 P13300,2027-08-06,P,1.33,0.027800000,3,
2026-09-04,GBU,OPT,GBUQ7 P13350,2027-08-06,P,1.335,0.029700000,3,
2026-09-04,GBU,OPT,GBUQ7 P13400,2027-08-06,P,1.34,0.031600000,3,
2026-09-04,GBU,OPT,GBUQ7 P13450,2027-08-06,P,1.345,0.033700000,3,
2026-09-04,GBU,OPT,GBUQ7 P13500,2027-08-06,P,1.35,0.035900000,3,
2026-09-04,GBU,OPT,GBUQ7 P13550,2027-08-06,P,1.355,0.038200000,3,
2026-09-04,GBU,OPT,GBUQ7 P13600,2027-08-06,P,1.36,0.040600000,3,
2026-09-04,GBU,OPT,GBUQ7 P13650,2027-08-06,P,1.365,0.043100000,3,
2026-09-04,GBU,OPT,GBUQ7 P13700,2027-08-06,P,1.37,0.045800000,3,
2026-09-04,GBU,OPT,GBUQ7 P13750,2027-08-06,P,1.375,0.048600000,3,
2026-09-04,GBU,OPT,GBUQ7 P13800,2027-08-06,P,1.38,0.051500000,3,
2026-09-04,GBU,OPT,GBUQ7 P13850,2027-08-06,P,1.385,0.054500000,3,
2026-09-04,GBU,OPT,GBUQ7 P13900,2027-08-06,P,1.39,0.057700000,3,
2026-09-04,GBU,OPT,GBUQ7 P13950,2027-08-06,P,1.395,0.060900000,3,
2026-09-04,GBU,OPT,GBUQ7 P14000,2027-08-06,P,1.4,0.064300000,3,
2026-09-04,GBU,OPT,GBUQ7 P14050,2027-08-06,P,1.405,0.067800000,3,
2026-09-04,GBU,OPT,GBUQ7 P14100,2027-08-06,P,1.41,0.071400000,3,
2026-09-04,GBU,OPT,GBUQ7 P14150,2027-08-06,P,1.415,0.075100000,3,
2026-09-04,GBU,OPT,GBUQ7 P14200,2027-08-06,P,1.42,0.078800000,3,
2026-09-04,GBU,OPT,GBUQ7 P14300,2027-08-06,P,1.43,0.086600000,3,
2026-09-04,GBU,OPT,GBUQ7 P14400,2027-08-06,P,1.44,0.094600000,3,
2026-09-04,GBU,OPT,GBUQ7 P14500,2027-08-06,P,1.45,0.102900000,3,
2026-09-04,GBU,OPT,GBUQ7 P14600,2027-08-06,P,1.46,0.111400000,3,
2026-09-04,GBU,OPT,GBUQ7 P14700,2027-08-06,P,1.47,0.120100000,3,
2026-09-04,GBU,OPT,GBUQ7 P14800,2027-08-06,P,1.48,0.128900000,3,
2026-09-04,GBU,OPT,GBUQ7 P14900,2027-08-06,P,1.49,0.137800000,3,
2026-09-04,GBU,OPT,GBUQ7 P15000,2027-08-06,P,1.5,0.146900000,3,
2026-09-04,GBU,OPT,GBUQ7 P15100,2027-08-06,P,1.51,0.156100000,3,
2026-09-04,GBU,OPT,GBUQ7 P15200,2027-08-06,P,1.52,0.165200000,3,
2026-09-04,GBU,OPT,GBUQ7 P15300,2027-08-06,P,1.53,0.174500000,3,
2026-09-04,GBU,OPT,GBUQ7 P15400,2027-08-06,P,1.54,0.183800000,3,
2026-09-04,GBU,OPT,GBUQ7 P15500,2027-08-06,P,1.55,0.193200000,3,
2026-09-04,GBU,OPT,GBUQ7 P15600,2027-08-06,P,1.56,0.202600000,3,
2026-09-04,GBU,OPT,GBUU7 C11000,2027-09-03,C,1.1,0.242600000,3,
2026-09-04,GBU,OPT,GBUU7 C11100,2027-09-03,C,1.11,0.233200000,3,
2026-09-04,GBU,OPT,GBUU7 C11200,2027-09-03,C,1.12,0.223900000,3,
2026-09-04,GBU,OPT,GBUU7 C11300,2027-09-03,C,1.13,0.214500000,3,
2026-09-04,GBU,OPT,GBUU7 C11400,2027-09-03,C,1.14,0.205200000,3,
2026-09-04,GBU,OPT,GBUU7 C11500,2027-09-03,C,1.15,0.196000000,3,
2026-09-04,GBU,OPT,GBUU7 C11600,2027-09-03,C,1.16,0.186800000,3,
2026-09-04,GBU,OPT,GBUU7 C11700,2027-09-03,C,1.17,0.177600000,3,
2026-09-04,GBU,OPT,GBUU7 C11800,2027-09-03,C,1.18,0.168500000,3,
2026-09-04,GBU,OPT,GBUU7 C11900,2027-09-03,C,1.19,0.159500000,3,
2026-09-04,GBU,OPT,GBUU7 C12000,2027-09-03,C,1.2,0.150600000,3,
2026-09-04,GBU,OPT,GBUU7 C12100,2027-09-03,C,1.21,0.141800000,3,
2026-09-04,GBU,OPT,GBUU7 C12200,2027-09-03,C,1.22,0.133100000,3,
2026-09-04,GBU,OPT,GBUU7 C12300,2027-09-03,C,1.23,0.124500000,3,
2026-09-04,GBU,OPT,GBUU7 C12400,2027-09-03,C,1.24,0.116000000,3,
2026-09-04,GBU,OPT,GBUU7 C12450,2027-09-03,C,1.245,0.111900000,3,
2026-09-04,GBU,OPT,GBUU7 C12500,2027-09-03,C,1.25,0.107700000,3,
2026-09-04,GBU,OPT,GBUU7 C12550,2027-09-03,C,1.255,0.103700000,3,
2026-09-04,GBU,OPT,GBUU7 C12600,2027-09-03,C,1.26,0.099600000,3,
2026-09-04,GBU,OPT,GBUU7 C12650,2027-09-03,C,1.265,0.095600000,3,
2026-09-04,GBU,OPT,GBUU7 C12700,2027-09-03,C,1.27,0.091700000,3,
2026-09-04,GBU,OPT,GBUU7 C12750,2027-09-03,C,1.275,0.087800000,3,
2026-09-04,GBU,OPT,GBUU7 C12800,2027-09-03,C,1.28,0.084000000,3,
2026-09-04,GBU,OPT,GBUU7 C12850,2027-09-03,C,1.285,0.080200000,3,
2026-09-04,GBU,OPT,GBUU7 C12900,2027-09-03,C,1.29,0.076500000,3,
2026-09-04,GBU,OPT,GBUU7 C12950,2027-09-03,C,1.295,0.072800000,3,
2026-09-04,GBU,OPT,GBUU7 C13000,2027-09-03,C,1.3,0.069300000,3,
2026-09-04,GBU,OPT,GBUU7 C13050,2027-09-03,C,1.305,0.065800000,3,
2026-09-04,GBU,OPT,GBUU7 C13100,2027-09-03,C,1.31,0.062400000,3,
2026-09-04,GBU,OPT,GBUU7 C13150,2027-09-03,C,1.315,0.059000000,3,
2026-09-04,GBU,OPT,GBUU7 C13200,2027-09-03,C,1.32,0.055800000,3,
2026-09-04,GBU,OPT,GBUU7 C13250,2027-09-03,C,1.325,0.052600000,3,
2026-09-04,GBU,OPT,GBUU7 C13300,2027-09-03,C,1.33,0.049600000,3,
2026-09-04,GBU,OPT,GBUU7 C13350,2027-09-03,C,1.335,0.046600000,3,
2026-09-04,GBU,OPT,GBUU7 C13400,2027-09-03,C,1.34,0.043800000,3,
2026-09-04,GBU,OPT,GBUU7 C13450,2027-09-03,C,1.345,0.041000000,3,
2026-09-04,GBU,OPT,GBUU7 C13500,2027-09-03,C,1.35,0.038400000,3,
2026-09-04,GBU,OPT,GBUU7 C13550,2027-09-03,C,1.355,0.035900000,3,3
2026-09-04,GBU,OPT,GBUU7 C13600,2027-09-03,C,1.36,0.033500000,3,
2026-09-04,GBU,OPT,GBUU7 C13650,2027-09-03,C,1.365,0.031200000,3,
2026-09-04,GBU,OPT,GBUU7 C13700,2027-09-03,C,1.37,0.029000000,3,
2026-09-04,GBU,OPT,GBUU7 C13750,2027-09-03,C,1.375,0.027000000,3,
2026-09-04,GBU,OPT,GBUU7 C13800,2027-09-03,C,1.38,0.025000000,3,
2026-09-04,GBU,OPT,GBUU7 C13850,2027-09-03,C,1.385,0.023200000,3,
2026-09-04,GBU,OPT,GBUU7 C13900,2027-09-03,C,1.39,0.021500000,3,
2026-09-04,GBU,OPT,GBUU7 C13950,2027-09-03,C,1.395,0.020000000,3,
2026-09-04,GBU,OPT,GBUU7 C14000,2027-09-03,C,1.4,0.018500000,3,
2026-09-04,GBU,OPT,GBUU7 C14050,2027-09-03,C,1.405,0.017100000,3,
2026-09-04,GBU,OPT,GBUU7 C14100,2027-09-03,C,1.41,0.015900000,3,
2026-09-04,GBU,OPT,GBUU7 C14150,2027-09-03,C,1.415,0.014700000,3,
2026-09-04,GBU,OPT,GBUU7 C14200,2027-09-03,C,1.42,0.013600000,3,3
2026-09-04,GBU,OPT,GBUU7 C14250,2027-09-03,C,1.425,0.012600000,3,
2026-09-04,GBU,OPT,GBUU7 C14300,2027-09-03,C,1.43,0.011600000,3,
2026-09-04,GBU,OPT,GBUU7 C14400,2027-09-03,C,1.44,0.009900000,3,
2026-09-04,GBU,OPT,GBUU7 C14500,2027-09-03,C,1.45,0.008500000,3,1
2026-09-04,GBU,OPT,GBUU7 C14600,2027-09-03,C,1.46,0.007200000,3,
2026-09-04,GBU,OPT,GBUU7 C14700,2027-09-03,C,1.47,0.006100000,3,
2026-09-04,GBU,OPT,GBUU7 C14800,2027-09-03,C,1.48,0.005200000,3,
2026-09-04,GBU,OPT,GBUU7 C14900,2027-09-03,C,1.49,0.004400000,3,
2026-09-04,GBU,OPT,GBUU7 C15000,2027-09-03,C,1.5,0.003800000,3,
2026-09-04,GBU,OPT,GBUU7 C15100,2027-09-03,C,1.51,0.003200000,3,
2026-09-04,GBU,OPT,GBUU7 C15200,2027-09-03,C,1.52,0.002700000,3,
2026-09-04,GBU,OPT,GBUU7 C15300,2027-09-03,C,1.53,0.002200000,3,
2026-09-04,GBU,OPT,GBUU7 C15400,2027-09-03,C,1.54,0.001800000,3,2
2026-09-04,GBU,OPT,GBUU7 C15500,2027-09-03,C,1.55,0.001500000,3,
2026-09-04,GBU,OPT,GBUU7 C15600,2027-09-03,C,1.56,0.001300000,3,
2026-09-04,GBU,OPT,GBUU7 C15700,2027-09-03,C,1.57,0.001200000,3,4
2026-09-04,GBU,OPT,GBUU7 P11000,2027-09-03,P,1.1,0.001700000,3,10
2026-09-04,GBU,OPT,GBUU7 P11100,2027-09-03,P,1.11,0.001900000,3,
2026-09-04,GBU,OPT,GBUU7 P11200,2027-09-03,P,1.12,0.002200000,3,10
2026-09-04,GBU,OPT,GBUU7 P11300,2027-09-03,P,1.13,0.002400000,3,
2026-09-04,GBU,OPT,GBUU7 P11400,2027-09-03,P,1.14,0.002700000,3,
2026-09-04,GBU,OPT,GBUU7 P11500,2027-09-03,P,1.15,0.003100000,3,
2026-09-04,GBU,OPT,GBUU7 P11600,2027-09-03,P,1.16,0.003500000,3,
2026-09-04,GBU,OPT,GBUU7 P11700,2027-09-03,P,1.17,0.003900000,3,
2026-09-04,GBU,OPT,GBUU7 P11800,2027-09-03,P,1.18,0.004400000,3,
2026-09-04,GBU,OPT,GBUU7 P11900,2027-09-03,P,1.19,0.005100000,3,
2026-09-04,GBU,OPT,GBUU7 P12000,2027-09-03,P,1.2,0.005800000,3,
2026-09-04,GBU,OPT,GBUU7 P12100,2027-09-03,P,1.21,0.006500000,3,
2026-09-04,GBU,OPT,GBUU7 P12200,2027-09-03,P,1.22,0.007400000,3,
2026-09-04,GBU,OPT,GBUU7 P12300,2027-09-03,P,1.23,0.008500000,3,
2026-09-04,GBU,OPT,GBUU7 P12400,2027-09-03,P,1.24,0.009600000,3,1
2026-09-04,GBU,OPT,GBUU7 P12450,2027-09-03,P,1.245,0.010200000,3,
2026-09-04,GBU,OPT,GBUU7 P12500,2027-09-03,P,1.25,0.010900000,3,
2026-09-04,GBU,OPT,GBUU7 P12550,2027-09-03,P,1.255,0.011600000,3,
2026-09-04,GBU,OPT,GBUU7 P12600,2027-09-03,P,1.26,0.012400000,3,
2026-09-04,GBU,OPT,GBUU7 P12650,2027-09-03,P,1.265,0.013200000,3,
2026-09-04,GBU,OPT,GBUU7 P12700,2027-09-03,P,1.27,0.014100000,3,1
2026-09-04,GBU,OPT,GBUU7 P12750,2027-09-03,P,1.275,0.015000000,3,1
2026-09-04,GBU,OPT,GBUU7 P12800,2027-09-03,P,1.28,0.015900000,3,2
2026-09-04,GBU,OPT,GBUU7 P12850,2027-09-03,P,1.285,0.017000000,3,1
2026-09-04,GBU,OPT,GBUU7 P12900,2027-09-03,P,1.29,0.018100000,3,5
2026-09-04,GBU,OPT,GBUU7 P12950,2027-09-03,P,1.295,0.019200000,3,
2026-09-04,GBU,OPT,GBUU7 P13000,2027-09-03,P,1.3,0.020500000,3,2
2026-09-04,GBU,OPT,GBUU7 P13050,2027-09-03,P,1.305,0.021800000,3,
2026-09-04,GBU,OPT,GBUU7 P13100,2027-09-03,P,1.31,0.023200000,3,
2026-09-04,GBU,OPT,GBUU7 P13150,2027-09-03,P,1.315,0.024600000,3,
2026-09-04,GBU,OPT,GBUU7 P13200,2027-09-03,P,1.32,0.026200000,3,
2026-09-04,GBU,OPT,GBUU7 P13250,2027-09-03,P,1.325,0.027800000,3,
2026-09-04,GBU,OPT,GBUU7 P13300,2027-09-03,P,1.33,0.029600000,3,
2026-09-04,GBU,OPT,GBUU7 P13350,2027-09-03,P,1.335,0.031400000,3,
2026-09-04,GBU,OPT,GBUU7 P13400,2027-09-03,P,1.34,0.033400000,3,
2026-09-04,GBU,OPT,GBUU7 P13450,2027-09-03,P,1.345,0.035400000,3,
2026-09-04,GBU,OPT,GBUU7 P13500,2027-09-03,P,1.35,0.037600000,3,1
2026-09-04,GBU,OPT,GBUU7 P13550,2027-09-03,P,1.355,0.039900000,3,3
2026-09-04,GBU,OPT,GBUU7 P13600,2027-09-03,P,1.36,0.042300000,3,
2026-09-04,GBU,OPT,GBUU7 P13650,2027-09-03,P,1.365,0.044800000,3,
2026-09-04,GBU,OPT,GBUU7 P13700,2027-09-03,P,1.37,0.047400000,3,
2026-09-04,GBU,OPT,GBUU7 P13750,2027-09-03,P,1.375,0.050200000,3,
2026-09-04,GBU,OPT,GBUU7 P13800,2027-09-03,P,1.38,0.053100000,3,
2026-09-04,GBU,OPT,GBUU7 P13850,2027-09-03,P,1.385,0.056100000,3,
2026-09-04,GBU,OPT,GBUU7 P13900,2027-09-03,P,1.39,0.059200000,3,
2026-09-04,GBU,OPT,GBUU7 P13950,2027-09-03,P,1.395,0.062400000,3,
2026-09-04,GBU,OPT,GBUU7 P14000,2027-09-03,P,1.4,0.065800000,3,
2026-09-04,GBU,OPT,GBUU7 P14050,2027-09-03,P,1.405,0.069200000,3,
2026-09-04,GBU,OPT,GBUU7 P14100,2027-09-03,P,1.41,0.072700000,3,
2026-09-04,GBU,OPT,GBUU7 P14150,2027-09-03,P,1.415,0.076300000,3,
2026-09-04,GBU,OPT,GBUU7 P14200,2027-09-03,P,1.42,0.080100000,3,
2026-09-04,GBU,OPT,GBUU7 P14250,2027-09-03,P,1.425,0.083800000,3,
2026-09-04,GBU,OPT,GBUU7 P14300,2027-09-03,P,1.43,0.087700000,3,
2026-09-04,GBU,OPT,GBUU7 P14400,2027-09-03,P,1.44,0.095600000,3,
2026-09-04,GBU,OPT,GBUU7 P14500,2027-09-03,P,1.45,0.103800000,3,
2026-09-04,GBU,OPT,GBUU7 P14600,2027-09-03,P,1.46,0.112100000,3,
2026-09-04,GBU,OPT,GBUU7 P14700,2027-09-03,P,1.47,0.120600000,3,
2026-09-04,GBU,OPT,GBUU7 P14800,2027-09-03,P,1.48,0.129300000,3,
2026-09-04,GBU,OPT,GBUU7 P14900,2027-09-03,P,1.49,0.138100000,3,
2026-09-04,GBU,OPT,GBUU7 P15000,2027-09-03,P,1.5,0.147100000,3,
2026-09-04,GBU,OPT,GBUU7 P15100,2027-09-03,P,1.51,0.156100000,3,
2026-09-04,GBU,OPT,GBUU7 P15200,2027-09-03,P,1.52,0.165200000,3,
2026-09-04,GBU,OPT,GBUU7 P15300,2027-09-03,P,1.53,0.174400000,3,
2026-09-04,GBU,OPT,GBUU7 P15400,2027-09-03,P,1.54,0.183600000,3,
2026-09-04,GBU,OPT,GBUU7 P15500,2027-09-03,P,1.55,0.192900000,3,
2026-09-04,GBU,OPT,GBUU7 P15600,2027-09-03,P,1.56,0.202300000,3,
2026-09-04,GBU,OPT,GBUU7 P15700,2027-09-03,P,1.57,0.211700000,3,
2026-09-04,GBU,OPT,GBUZ7 C11100,2027-12-03,C,1.11,0.231200000,3,
2026-09-04,GBU,OPT,GBUZ7 C11200,2027-12-03,C,1.12,0.222100000,3,
2026-09-04,GBU,OPT,GBUZ7 C11300,2027-12-03,C,1.13,0.213000000,3,
2026-09-04,GBU,OPT,GBUZ7 C11400,2027-12-03,C,1.14,0.203900000,3,
2026-09-04,GBU,OPT,GBUZ7 C11500,2027-12-03,C,1.15,0.194900000,3,
2026-09-04,GBU,OPT,GBUZ7 C11600,2027-12-03,C,1.16,0.186000000,3,
2026-09-04,GBU,OPT,GBUZ7 C11700,2027-12-03,C,1.17,0.177100000,3,
2026-09-04,GBU,OPT,GBUZ7 C11800,2027-12-03,C,1.18,0.168200000,3,
2026-09-04,GBU,OPT,GBUZ7 C11900,2027-12-03,C,1.19,0.159500000,3,
2026-09-04,GBU,OPT,GBUZ7 C12000,2027-12-03,C,1.2,0.150700000,3,
2026-09-04,GBU,OPT,GBUZ7 C12100,2027-12-03,C,1.21,0.142100000,3,
2026-09-04,GBU,OPT,GBUZ7 C12200,2027-12-03,C,1.22,0.133600000,3,
2026-09-04,GBU,OPT,GBUZ7 C12300,2027-12-03,C,1.23,0.125200000,3,
2026-09-04,GBU,OPT,GBUZ7 C12400,2027-12-03,C,1.24,0.116900000,3,
2026-09-04,GBU,OPT,GBUZ7 C12500,2027-12-03,C,1.25,0.108800000,3,
2026-09-04,GBU,OPT,GBUZ7 C12550,2027-12-03,C,1.255,0.104800000,3,
2026-09-04,GBU,OPT,GBUZ7 C12600,2027-12-03,C,1.26,0.100900000,3,
2026-09-04,GBU,OPT,GBUZ7 C12650,2027-12-03,C,1.265,0.097000000,3,
2026-09-04,GBU,OPT,GBUZ7 C12700,2027-12-03,C,1.27,0.093100000,3,
2026-09-04,GBU,OPT,GBUZ7 C12750,2027-12-03,C,1.275,0.089300000,3,
2026-09-04,GBU,OPT,GBUZ7 C12800,2027-12-03,C,1.28,0.085600000,3,
2026-09-04,GBU,OPT,GBUZ7 C12850,2027-12-03,C,1.285,0.081900000,3,
2026-09-04,GBU,OPT,GBUZ7 C12900,2027-12-03,C,1.29,0.078300000,3,
2026-09-04,GBU,OPT,GBUZ7 C12950,2027-12-03,C,1.295,0.074700000,3,
2026-09-04,GBU,OPT,GBUZ7 C13000,2027-12-03,C,1.3,0.071200000,3,
2026-09-04,GBU,OPT,GBUZ7 C13050,2027-12-03,C,1.305,0.067800000,3,
2026-09-04,GBU,OPT,GBUZ7 C13100,2027-12-03,C,1.31,0.064400000,3,
2026-09-04,GBU,OPT,GBUZ7 C13150,2027-12-03,C,1.315,0.061100000,3,
2026-09-04,GBU,OPT,GBUZ7 C13200,2027-12-03,C,1.32,0.057900000,3,
2026-09-04,GBU,OPT,GBUZ7 C13250,2027-12-03,C,1.325,0.054800000,3,
2026-09-04,GBU,OPT,GBUZ7 C13300,2027-12-03,C,1.33,0.051800000,3,
2026-09-04,GBU,OPT,GBUZ7 C13350,2027-12-03,C,1.335,0.048900000,3,
2026-09-04,GBU,OPT,GBUZ7 C13400,2027-12-03,C,1.34,0.046100000,3,
2026-09-04,GBU,OPT,GBUZ7 C13450,2027-12-03,C,1.345,0.043300000,3,
2026-09-04,GBU,OPT,GBUZ7 C13500,2027-12-03,C,1.35,0.040700000,3,
2026-09-04,GBU,OPT,GBUZ7 C13550,2027-12-03,C,1.355,0.038200000,3,
2026-09-04,GBU,OPT,GBUZ7 C13600,2027-12-03,C,1.36,0.035900000,3,
2026-09-04,GBU,OPT,GBUZ7 C13650,2027-12-03,C,1.365,0.033600000,3,
2026-09-04,GBU,OPT,GBUZ7 C13700,2027-12-03,C,1.37,0.031400000,3,
2026-09-04,GBU,OPT,GBUZ7 C13750,2027-12-03,C,1.375,0.029400000,3,
2026-09-04,GBU,OPT,GBUZ7 C13800,2027-12-03,C,1.38,0.027400000,3,
2026-09-04,GBU,OPT,GBUZ7 C13850,2027-12-03,C,1.385,0.025600000,3,
2026-09-04,GBU,OPT,GBUZ7 C13900,2027-12-03,C,1.39,0.023900000,3,
2026-09-04,GBU,OPT,GBUZ7 C13950,2027-12-03,C,1.395,0.022200000,3,
2026-09-04,GBU,OPT,GBUZ7 C14000,2027-12-03,C,1.4,0.020700000,3,
2026-09-04,GBU,OPT,GBUZ7 C14050,2027-12-03,C,1.405,0.019300000,3,
2026-09-04,GBU,OPT,GBUZ7 C14100,2027-12-03,C,1.41,0.017900000,3,
2026-09-04,GBU,OPT,GBUZ7 C14150,2027-12-03,C,1.415,0.016700000,3,
2026-09-04,GBU,OPT,GBUZ7 C14200,2027-12-03,C,1.42,0.015500000,3,
2026-09-04,GBU,OPT,GBUZ7 C14250,2027-12-03,C,1.425,0.014400000,3,
2026-09-04,GBU,OPT,GBUZ7 C14300,2027-12-03,C,1.43,0.013300000,3,
2026-09-04,GBU,OPT,GBUZ7 C14400,2027-12-03,C,1.44,0.011500000,3,
2026-09-04,GBU,OPT,GBUZ7 C14500,2027-12-03,C,1.45,0.009900000,3,
2026-09-04,GBU,OPT,GBUZ7 C14600,2027-12-03,C,1.46,0.008500000,3,
2026-09-04,GBU,OPT,GBUZ7 C14700,2027-12-03,C,1.47,0.007200000,3,
2026-09-04,GBU,OPT,GBUZ7 C14800,2027-12-03,C,1.48,0.006200000,3,
2026-09-04,GBU,OPT,GBUZ7 C14900,2027-12-03,C,1.49,0.005300000,3,
2026-09-04,GBU,OPT,GBUZ7 C15000,2027-12-03,C,1.5,0.004600000,3,
2026-09-04,GBU,OPT,GBUZ7 C15100,2027-12-03,C,1.51,0.004000000,3,
2026-09-04,GBU,OPT,GBUZ7 C15200,2027-12-03,C,1.52,0.003500000,3,
2026-09-04,GBU,OPT,GBUZ7 C15300,2027-12-03,C,1.53,0.002900000,3,
2026-09-04,GBU,OPT,GBUZ7 C15400,2027-12-03,C,1.54,0.002400000,3,
2026-09-04,GBU,OPT,GBUZ7 C15500,2027-12-03,C,1.55,0.002000000,3,
2026-09-04,GBU,OPT,GBUZ7 C15600,2027-12-03,C,1.56,0.001600000,3,
2026-09-04,GBU,OPT,GBUZ7 C15700,2027-12-03,C,1.57,0.001300000,3,
2026-09-04,GBU,OPT,GBUZ7 P11100,2027-12-03,P,1.11,0.002700000,3,
2026-09-04,GBU,OPT,GBUZ7 P11200,2027-12-03,P,1.12,0.003100000,3,
2026-09-04,GBU,OPT,GBUZ7 P11300,2027-12-03,P,1.13,0.003500000,3,50
2026-09-04,GBU,OPT,GBUZ7 P11400,2027-12-03,P,1.14,0.003900000,3,
2026-09-04,GBU,OPT,GBUZ7 P11500,2027-12-03,P,1.15,0.004400000,3,
2026-09-04,GBU,OPT,GBUZ7 P11600,2027-12-03,P,1.16,0.005000000,3,
2026-09-04,GBU,OPT,GBUZ7 P11700,2027-12-03,P,1.17,0.005600000,3,
2026-09-04,GBU,OPT,GBUZ7 P11800,2027-12-03,P,1.18,0.006300000,3,
2026-09-04,GBU,OPT,GBUZ7 P11900,2027-12-03,P,1.19,0.007000000,3,
2026-09-04,GBU,OPT,GBUZ7 P12000,2027-12-03,P,1.2,0.007800000,3,
2026-09-04,GBU,OPT,GBUZ7 P12100,2027-12-03,P,1.21,0.008700000,3,
2026-09-04,GBU,OPT,GBUZ7 P12200,2027-12-03,P,1.22,0.009600000,3,
2026-09-04,GBU,OPT,GBUZ7 P12300,2027-12-03,P,1.23,0.010700000,3,
2026-09-04,GBU,OPT,GBUZ7 P12400,2027-12-03,P,1.24,0.012000000,3,
2026-09-04,GBU,OPT,GBUZ7 P12500,2027-12-03,P,1.25,0.013400000,3,
2026-09-04,GBU,OPT,GBUZ7 P12550,2027-12-03,P,1.255,0.014100000,3,
2026-09-04,GBU,OPT,GBUZ7 P12600,2027-12-03,P,1.26,0.014900000,3,
2026-09-04,GBU,OPT,GBUZ7 P12650,2027-12-03,P,1.265,0.015800000,3,
2026-09-04,GBU,OPT,GBUZ7 P12700,2027-12-03,P,1.27,0.016700000,3,
2026-09-04,GBU,OPT,GBUZ7 P12750,2027-12-03,P,1.275,0.017600000,3,
2026-09-04,GBU,OPT,GBUZ7 P12800,2027-12-03,P,1.28,0.018700000,3,
2026-09-04,GBU,OPT,GBUZ7 P12850,2027-12-03,P,1.285,0.019700000,3,
2026-09-04,GBU,OPT,GBUZ7 P12900,2027-12-03,P,1.29,0.020900000,3,
2026-09-04,GBU,OPT,GBUZ7 P12950,2027-12-03,P,1.295,0.022000000,3,
2026-09-04,GBU,OPT,GBUZ7 P13000,2027-12-03,P,1.3,0.023300000,3,
2026-09-04,GBU,OPT,GBUZ7 P13050,2027-12-03,P,1.305,0.024600000,3,
2026-09-04,GBU,OPT,GBUZ7 P13100,2027-12-03,P,1.31,0.026000000,3,
2026-09-04,GBU,OPT,GBUZ7 P13150,2027-12-03,P,1.315,0.027500000,3,
2026-09-04,GBU,OPT,GBUZ7 P13200,2027-12-03,P,1.32,0.029000000,3,
2026-09-04,GBU,OPT,GBUZ7 P13250,2027-12-03,P,1.325,0.030700000,3,
2026-09-04,GBU,OPT,GBUZ7 P13300,2027-12-03,P,1.33,0.032400000,3,
2026-09-04,GBU,OPT,GBUZ7 P13350,2027-12-03,P,1.335,0.034200000,3,
2026-09-04,GBU,OPT,GBUZ7 P13400,2027-12-03,P,1.34,0.036200000,3,
2026-09-04,GBU,OPT,GBUZ7 P13450,2027-12-03,P,1.345,0.038200000,3,
2026-09-04,GBU,OPT,GBUZ7 P13500,2027-12-03,P,1.35,0.040400000,3,
2026-09-04,GBU,OPT,GBUZ7 P13550,2027-12-03,P,1.355,0.042600000,3,
2026-09-04,GBU,OPT,GBUZ7 P13600,2027-12-03,P,1.36,0.045000000,3,
2026-09-04,GBU,OPT,GBUZ7 P13650,2027-12-03,P,1.365,0.047500000,3,
2026-09-04,GBU,OPT,GBUZ7 P13700,2027-12-03,P,1.37,0.050100000,3,
2026-09-04,GBU,OPT,GBUZ7 P13750,2027-12-03,P,1.375,0.052800000,3,
2026-09-04,GBU,OPT,GBUZ7 P13800,2027-12-03,P,1.38,0.055600000,3,
2026-09-04,GBU,OPT,GBUZ7 P13850,2027-12-03,P,1.385,0.058500000,3,
2026-09-04,GBU,OPT,GBUZ7 P13900,2027-12-03,P,1.39,0.061500000,3,
2026-09-04,GBU,OPT,GBUZ7 P13950,2027-12-03,P,1.395,0.064600000,3,
2026-09-04,GBU,OPT,GBUZ7 P14000,2027-12-03,P,1.4,0.067900000,3,
2026-09-04,GBU,OPT,GBUZ7 P14050,2027-12-03,P,1.405,0.071200000,3,
2026-09-04,GBU,OPT,GBUZ7 P14100,2027-12-03,P,1.41,0.074600000,3,
2026-09-04,GBU,OPT,GBUZ7 P14150,2027-12-03,P,1.415,0.078100000,3,
2026-09-04,GBU,OPT,GBUZ7 P14200,2027-12-03,P,1.42,0.081600000,3,
2026-09-04,GBU,OPT,GBUZ7 P14250,2027-12-03,P,1.425,0.085300000,3,
2026-09-04,GBU,OPT,GBUZ7 P14300,2027-12-03,P,1.43,0.089000000,3,
2026-09-04,GBU,OPT,GBUZ7 P14400,2027-12-03,P,1.44,0.096600000,3,
2026-09-04,GBU,OPT,GBUZ7 P14500,2027-12-03,P,1.45,0.104500000,3,
2026-09-04,GBU,OPT,GBUZ7 P14600,2027-12-03,P,1.46,0.112600000,3,
2026-09-04,GBU,OPT,GBUZ7 P14700,2027-12-03,P,1.47,0.120900000,3,
2026-09-04,GBU,OPT,GBUZ7 P14800,2027-12-03,P,1.48,0.129400000,3,
2026-09-04,GBU,OPT,GBUZ7 P14900,2027-12-03,P,1.49,0.138000000,3,
2026-09-04,GBU,OPT,GBUZ7 P15000,2027-12-03,P,1.5,0.146800000,3,
2026-09-04,GBU,OPT,GBUZ7 P15100,2027-12-03,P,1.51,0.155700000,3,
2026-09-04,GBU,OPT,GBUZ7 P15200,2027-12-03,P,1.52,0.164700000,3,
2026-09-04,GBU,OPT,GBUZ7 P15300,2027-12-03,P,1.53,0.173600000,3,
2026-09-04,GBU,OPT,GBUZ7 P15400,2027-12-03,P,1.54,0.182600000,3,
2026-09-04,GBU,OPT,GBUZ7 P15500,2027-12-03,P,1.55,0.191700000,3,
2026-09-04,GBU,OPT,GBUZ7 P15600,2027-12-03,P,1.56,0.200800000,3,
2026-09-04,GBU,OPT,GBUZ7 P15700,2027-12-03,P,1.57,0.210100000,3,
2026-09-04,GBU,OPT,GBUH8 C11100,2028-03-03,C,1.11,0.229700000,3,
2026-09-04,GBU,OPT,GBUH8 C11200,2028-03-03,C,1.12,0.220800000,3,
2026-09-04,GBU,OPT,GBUH8 C11300,2028-03-03,C,1.13,0.211900000,3,
2026-09-04,GBU,OPT,GBUH8 C11400,2028-03-03,C,1.14,0.203100000,3,
2026-09-04,GBU,OPT,GBUH8 C11500,2028-03-03,C,1.15,0.194300000,3,
2026-09-04,GBU,OPT,GBUH8 C11600,2028-03-03,C,1.16,0.185600000,3,
2026-09-04,GBU,OPT,GBUH8 C11700,2028-03-03,C,1.17,0.177000000,3,
2026-09-04,GBU,OPT,GBUH8 C11800,2028-03-03,C,1.18,0.168400000,3,
2026-09-04,GBU,OPT,GBUH8 C11900,2028-03-03,C,1.19,0.159800000,3,
2026-09-04,GBU,OPT,GBUH8 C12000,2028-03-03,C,1.2,0.151300000,3,
2026-09-04,GBU,OPT,GBUH8 C12100,2028-03-03,C,1.21,0.142900000,3,
2026-09-04,GBU,OPT,GBUH8 C12200,2028-03-03,C,1.22,0.134600000,3,
2026-09-04,GBU,OPT,GBUH8 C12300,2028-03-03,C,1.23,0.126400000,3,
2026-09-04,GBU,OPT,GBUH8 C12400,2028-03-03,C,1.24,0.118400000,3,
2026-09-04,GBU,OPT,GBUH8 C12500,2028-03-03,C,1.25,0.110500000,3,
2026-09-04,GBU,OPT,GBUH8 C12550,2028-03-03,C,1.255,0.106600000,3,
2026-09-04,GBU,OPT,GBUH8 C12600,2028-03-03,C,1.26,0.102800000,3,
2026-09-04,GBU,OPT,GBUH8 C12650,2028-03-03,C,1.265,0.099000000,3,
2026-09-04,GBU,OPT,GBUH8 C12700,2028-03-03,C,1.27,0.095200000,3,
2026-09-04,GBU,OPT,GBUH8 C12750,2028-03-03,C,1.275,0.091500000,3,
2026-09-04,GBU,OPT,GBUH8 C12800,2028-03-03,C,1.28,0.087900000,3,
2026-09-04,GBU,OPT,GBUH8 C12850,2028-03-03,C,1.285,0.084300000,3,
2026-09-04,GBU,OPT,GBUH8 C12900,2028-03-03,C,1.29,0.080800000,3,
2026-09-04,GBU,OPT,GBUH8 C12950,2028-03-03,C,1.295,0.077300000,3,
2026-09-04,GBU,OPT,GBUH8 C13000,2028-03-03,C,1.3,0.073900000,3,
2026-09-04,GBU,OPT,GBUH8 C13050,2028-03-03,C,1.305,0.070500000,3,
2026-09-04,GBU,OPT,GBUH8 C13100,2028-03-03,C,1.31,0.067200000,3,
2026-09-04,GBU,OPT,GBUH8 C13150,2028-03-03,C,1.315,0.064000000,3,
2026-09-04,GBU,OPT,GBUH8 C13200,2028-03-03,C,1.32,0.060800000,3,
2026-09-04,GBU,OPT,GBUH8 C13250,2028-03-03,C,1.325,0.057800000,3,
2026-09-04,GBU,OPT,GBUH8 C13300,2028-03-03,C,1.33,0.054800000,3,
2026-09-04,GBU,OPT,GBUH8 C13350,2028-03-03,C,1.335,0.051900000,3,
2026-09-04,GBU,OPT,GBUH8 C13400,2028-03-03,C,1.34,0.049200000,3,
2026-09-04,GBU,OPT,GBUH8 C13450,2028-03-03,C,1.345,0.046500000,3,
2026-09-04,GBU,OPT,GBUH8 C13500,2028-03-03,C,1.35,0.043900000,3,
2026-09-04,GBU,OPT,GBUH8 C13550,2028-03-03,C,1.355,0.041400000,3,
2026-09-04,GBU,OPT,GBUH8 C13600,2028-03-03,C,1.36,0.039000000,3,
2026-09-04,GBU,OPT,GBUH8 C13650,2028-03-03,C,1.365,0.036800000,3,
2026-09-04,GBU,OPT,GBUH8 C13700,2028-03-03,C,1.37,0.034600000,3,
2026-09-04,GBU,OPT,GBUH8 C13750,2028-03-03,C,1.375,0.032600000,3,
2026-09-04,GBU,OPT,GBUH8 C13800,2028-03-03,C,1.38,0.030600000,3,
2026-09-04,GBU,OPT,GBUH8 C13850,2028-03-03,C,1.385,0.028700000,3,
2026-09-04,GBU,OPT,GBUH8 C13900,2028-03-03,C,1.39,0.027000000,3,
2026-09-04,GBU,OPT,GBUH8 C13950,2028-03-03,C,1.395,0.025300000,3,
2026-09-04,GBU,OPT,GBUH8 C14000,2028-03-03,C,1.4,0.023700000,3,
2026-09-04,GBU,OPT,GBUH8 C14050,2028-03-03,C,1.405,0.022300000,3,
2026-09-04,GBU,OPT,GBUH8 C14100,2028-03-03,C,1.41,0.020900000,3,
2026-09-04,GBU,OPT,GBUH8 C14200,2028-03-03,C,1.42,0.018300000,3,
2026-09-04,GBU,OPT,GBUH8 C14300,2028-03-03,C,1.43,0.016000000,3,
2026-09-04,GBU,OPT,GBUH8 C14400,2028-03-03,C,1.44,0.014000000,3,
2026-09-04,GBU,OPT,GBUH8 C14500,2028-03-03,C,1.45,0.012300000,3,
2026-09-04,GBU,OPT,GBUH8 C14600,2028-03-03,C,1.46,0.010700000,3,
2026-09-04,GBU,OPT,GBUH8 C14700,2028-03-03,C,1.47,0.009400000,3,
2026-09-04,GBU,OPT,GBUH8 C14800,2028-03-03,C,1.48,0.008200000,3,
2026-09-04,GBU,OPT,GBUH8 C14900,2028-03-03,C,1.49,0.007100000,3,
2026-09-04,GBU,OPT,GBUH8 C15000,2028-03-03,C,1.5,0.006300000,3,
2026-09-04,GBU,OPT,GBUH8 C15100,2028-03-03,C,1.51,0.005600000,3,
2026-09-04,GBU,OPT,GBUH8 C15200,2028-03-03,C,1.52,0.005000000,3,
2026-09-04,GBU,OPT,GBUH8 C15300,2028-03-03,C,1.53,0.004400000,3,
2026-09-04,GBU,OPT,GBUH8 C15400,2028-03-03,C,1.54,0.003900000,3,
2026-09-04,GBU,OPT,GBUH8 C15500,2028-03-03,C,1.55,0.003500000,3,
2026-09-04,GBU,OPT,GBUH8 C15600,2028-03-03,C,1.56,0.003100000,3,
2026-09-04,GBU,OPT,GBUH8 P11100,2028-03-03,P,1.11,0.004100000,3,
2026-09-04,GBU,OPT,GBUH8 P11200,2028-03-03,P,1.12,0.004500000,3,
2026-09-04,GBU,OPT,GBUH8 P11300,2028-03-03,P,1.13,0.005100000,3,
2026-09-04,GBU,OPT,GBUH8 P11400,2028-03-03,P,1.14,0.005600000,3,
2026-09-04,GBU,OPT,GBUH8 P11500,2028-03-03,P,1.15,0.006300000,3,
2026-09-04,GBU,OPT,GBUH8 P11600,2028-03-03,P,1.16,0.007000000,3,
2026-09-04,GBU,OPT,GBUH8 P11700,2028-03-03,P,1.17,0.007800000,3,
2026-09-04,GBU,OPT,GBUH8 P11800,2028-03-03,P,1.18,0.008600000,3,
2026-09-04,GBU,OPT,GBUH8 P11900,2028-03-03,P,1.19,0.009400000,3,
2026-09-04,GBU,OPT,GBUH8 P12000,2028-03-03,P,1.2,0.010300000,3,
2026-09-04,GBU,OPT,GBUH8 P12100,2028-03-03,P,1.21,0.011300000,3,
2026-09-04,GBU,OPT,GBUH8 P12200,2028-03-03,P,1.22,0.012400000,3,
2026-09-04,GBU,OPT,GBUH8 P12300,2028-03-03,P,1.23,0.013700000,3,
2026-09-04,GBU,OPT,GBUH8 P12400,2028-03-03,P,1.24,0.015000000,3,
2026-09-04,GBU,OPT,GBUH8 P12500,2028-03-03,P,1.25,0.016500000,3,
2026-09-04,GBU,OPT,GBUH8 P12550,2028-03-03,P,1.255,0.017300000,3,
2026-09-04,GBU,OPT,GBUH8 P12600,2028-03-03,P,1.26,0.018200000,3,
2026-09-04,GBU,OPT,GBUH8 P12650,2028-03-03,P,1.265,0.019100000,3,
2026-09-04,GBU,OPT,GBUH8 P12700,2028-03-03,P,1.27,0.020100000,3,
2026-09-04,GBU,OPT,GBUH8 P12750,2028-03-03,P,1.275,0.021100000,3,
2026-09-04,GBU,OPT,GBUH8 P12800,2028-03-03,P,1.28,0.022100000,3,
2026-09-04,GBU,OPT,GBUH8 P12850,2028-03-03,P,1.285,0.023300000,3,
2026-09-04,GBU,OPT,GBUH8 P12900,2028-03-03,P,1.29,0.024400000,3,
2026-09-04,GBU,OPT,GBUH8 P12950,2028-03-03,P,1.295,0.025600000,3,
2026-09-04,GBU,OPT,GBUH8 P13000,2028-03-03,P,1.3,0.026900000,3,
2026-09-04,GBU,OPT,GBUH8 P13050,2028-03-03,P,1.305,0.028300000,3,
2026-09-04,GBU,OPT,GBUH8 P13100,2028-03-03,P,1.31,0.029700000,3,
2026-09-04,GBU,OPT,GBUH8 P13150,2028-03-03,P,1.315,0.031200000,3,
2026-09-04,GBU,OPT,GBUH8 P13200,2028-03-03,P,1.32,0.032700000,3,
2026-09-04,GBU,OPT,GBUH8 P13250,2028-03-03,P,1.325,0.034400000,3,
2026-09-04,GBU,OPT,GBUH8 P13300,2028-03-03,P,1.33,0.036100000,3,
2026-09-04,GBU,OPT,GBUH8 P13350,2028-03-03,P,1.335,0.037900000,3,
2026-09-04,GBU,OPT,GBUH8 P13400,2028-03-03,P,1.34,0.039800000,3,
2026-09-04,GBU,OPT,GBUH8 P13450,2028-03-03,P,1.345,0.041900000,3,
2026-09-04,GBU,OPT,GBUH8 P13500,2028-03-03,P,1.35,0.044000000,3,
2026-09-04,GBU,OPT,GBUH8 P13550,2028-03-03,P,1.355,0.046200000,3,
2026-09-04,GBU,OPT,GBUH8 P13600,2028-03-03,P,1.36,0.048500000,3,
2026-09-04,GBU,OPT,GBUH8 P13650,2028-03-03,P,1.365,0.051000000,3,
2026-09-04,GBU,OPT,GBUH8 P13700,2028-03-03,P,1.37,0.053500000,3,
2026-09-04,GBU,OPT,GBUH8 P13750,2028-03-03,P,1.375,0.056200000,3,
2026-09-04,GBU,OPT,GBUH8 P13800,2028-03-03,P,1.38,0.058900000,3,
2026-09-04,GBU,OPT,GBUH8 P13850,2028-03-03,P,1.385,0.061700000,3,
2026-09-04,GBU,OPT,GBUH8 P13900,2028-03-03,P,1.39,0.064700000,3,
2026-09-04,GBU,OPT,GBUH8 P13950,2028-03-03,P,1.395,0.067700000,3,
2026-09-04,GBU,OPT,GBUH8 P14000,2028-03-03,P,1.4,0.070900000,3,
2026-09-04,GBU,OPT,GBUH8 P14050,2028-03-03,P,1.405,0.074100000,3,
2026-09-04,GBU,OPT,GBUH8 P14100,2028-03-03,P,1.41,0.077400000,3,
2026-09-04,GBU,OPT,GBUH8 P14200,2028-03-03,P,1.42,0.084200000,3,
2026-09-04,GBU,OPT,GBUH8 P14300,2028-03-03,P,1.43,0.091400000,3,
2026-09-04,GBU,OPT,GBUH8 P14400,2028-03-03,P,1.44,0.098800000,3,
2026-09-04,GBU,OPT,GBUH8 P14500,2028-03-03,P,1.45,0.106400000,3,
2026-09-04,GBU,OPT,GBUH8 P14600,2028-03-03,P,1.46,0.114300000,3,
2026-09-04,GBU,OPT,GBUH8 P14700,2028-03-03,P,1.47,0.122300000,3,
2026-09-04,GBU,OPT,GBUH8 P14800,2028-03-03,P,1.48,0.130500000,3,
2026-09-04,GBU,OPT,GBUH8 P14900,2028-03-03,P,1.49,0.138900000,3,
2026-09-04,GBU,OPT,GBUH8 P15000,2028-03-03,P,1.5,0.147500000,3,
2026-09-04,GBU,OPT,GBUH8 P15100,2028-03-03,P,1.51,0.156200000,3,
2026-09-04,GBU,OPT,GBUH8 P15200,2028-03-03,P,1.52,0.165000000,3,
2026-09-04,GBU,OPT,GBUH8 P15300,2028-03-03,P,1.53,0.173800000,3,
2026-09-04,GBU,OPT,GBUH8 P15400,2028-03-03,P,1.54,0.182700000,3,
2026-09-04,GBU,OPT,GBUH8 P15500,2028-03-03,P,1.55,0.191700000,3,
2026-09-04,GBU,OPT,GBUH8 P15600,2028-03-03,P,1.56,0.200700000,3,
2026-09-04,GBU,OPT,GBUM8 C11200,2028-06-09,C,1.12,0.220100000,3,
2026-09-04,GBU,OPT,GBUM8 C11300,2028-06-09,C,1.13,0.211400000,3,
2026-09-04,GBU,OPT,GBUM8 C11400,2028-06-09,C,1.14,0.202700000,3,
2026-09-04,GBU,OPT,GBUM8 C11500,2028-06-09,C,1.15,0.194100000,3,
2026-09-04,GBU,OPT,GBUM8 C11600,2028-06-09,C,1.16,0.185600000,3,
2026-09-04,GBU,OPT,GBUM8 C11700,2028-06-09,C,1.17,0.177100000,3,
2026-09-04,GBU,OPT,GBUM8 C11800,2028-06-09,C,1.18,0.168600000,3,
2026-09-04,GBU,OPT,GBUM8 C11900,2028-06-09,C,1.19,0.160300000,3,
2026-09-04,GBU,OPT,GBUM8 C12000,2028-06-09,C,1.2,0.152000000,3,
2026-09-04,GBU,OPT,GBUM8 C12100,2028-06-09,C,1.21,0.143800000,3,
2026-09-04,GBU,OPT,GBUM8 C12200,2028-06-09,C,1.22,0.135700000,3,
2026-09-04,GBU,OPT,GBUM8 C12300,2028-06-09,C,1.23,0.127700000,3,
2026-09-04,GBU,OPT,GBUM8 C12400,2028-06-09,C,1.24,0.119900000,3,
2026-09-04,GBU,OPT,GBUM8 C12500,2028-06-09,C,1.25,0.112200000,3,
2026-09-04,GBU,OPT,GBUM8 C12600,2028-06-09,C,1.26,0.104700000,3,
2026-09-04,GBU,OPT,GBUM8 C12650,2028-06-09,C,1.265,0.101000000,3,
2026-09-04,GBU,OPT,GBUM8 C12700,2028-06-09,C,1.27,0.097300000,3,
2026-09-04,GBU,OPT,GBUM8 C12750,2028-06-09,C,1.275,0.093700000,3,
2026-09-04,GBU,OPT,GBUM8 C12800,2028-06-09,C,1.28,0.090100000,3,
2026-09-04,GBU,OPT,GBUM8 C12850,2028-06-09,C,1.285,0.086600000,3,
2026-09-04,GBU,OPT,GBUM8 C12900,2028-06-09,C,1.29,0.083200000,3,
2026-09-04,GBU,OPT,GBUM8 C12950,2028-06-09,C,1.295,0.079800000,3,
2026-09-04,GBU,OPT,GBUM8 C13000,2028-06-09,C,1.3,0.076400000,3,
2026-09-04,GBU,OPT,GBUM8 C13050,2028-06-09,C,1.305,0.073100000,3,
2026-09-04,GBU,OPT,GBUM8 C13100,2028-06-09,C,1.31,0.069900000,3,
2026-09-04,GBU,OPT,GBUM8 C13150,2028-06-09,C,1.315,0.066700000,3,
2026-09-04,GBU,OPT,GBUM8 C13200,2028-06-09,C,1.32,0.063600000,3,
2026-09-04,GBU,OPT,GBUM8 C13250,2028-06-09,C,1.325,0.060600000,3,
2026-09-04,GBU,OPT,GBUM8 C13300,2028-06-09,C,1.33,0.057700000,3,
2026-09-04,GBU,OPT,GBUM8 C13350,2028-06-09,C,1.335,0.054900000,3,
2026-09-04,GBU,OPT,GBUM8 C13400,2028-06-09,C,1.34,0.052100000,3,
2026-09-04,GBU,OPT,GBUM8 C13450,2028-06-09,C,1.345,0.049500000,3,
2026-09-04,GBU,OPT,GBUM8 C13500,2028-06-09,C,1.35,0.046900000,3,
2026-09-04,GBU,OPT,GBUM8 C13550,2028-06-09,C,1.355,0.044400000,3,
2026-09-04,GBU,OPT,GBUM8 C13600,2028-06-09,C,1.36,0.042100000,3,
2026-09-04,GBU,OPT,GBUM8 C13650,2028-06-09,C,1.365,0.039800000,3,
2026-09-04,GBU,OPT,GBUM8 C13700,2028-06-09,C,1.37,0.037700000,3,
2026-09-04,GBU,OPT,GBUM8 C13750,2028-06-09,C,1.375,0.035600000,3,
2026-09-04,GBU,OPT,GBUM8 C13800,2028-06-09,C,1.38,0.033600000,3,
2026-09-04,GBU,OPT,GBUM8 C13850,2028-06-09,C,1.385,0.031700000,3,
2026-09-04,GBU,OPT,GBUM8 C13900,2028-06-09,C,1.39,0.030000000,3,
2026-09-04,GBU,OPT,GBUM8 C13950,2028-06-09,C,1.395,0.028300000,3,
2026-09-04,GBU,OPT,GBUM8 C14000,2028-06-09,C,1.4,0.026700000,3,
2026-09-04,GBU,OPT,GBUM8 C14050,2028-06-09,C,1.405,0.025200000,3,
2026-09-04,GBU,OPT,GBUM8 C14100,2028-06-09,C,1.41,0.023700000,3,
2026-09-04,GBU,OPT,GBUM8 C14200,2028-06-09,C,1.42,0.021100000,3,
2026-09-04,GBU,OPT,GBUM8 C14300,2028-06-09,C,1.43,0.018700000,3,
2026-09-04,GBU,OPT,GBUM8 C14400,2028-06-09,C,1.44,0.016600000,3,
2026-09-04,GBU,OPT,GBUM8 C14500,2028-06-09,C,1.45,0.014700000,3,
2026-09-04,GBU,OPT,GBUM8 C14600,2028-06-09,C,1.46,0.013100000,3,
2026-09-04,GBU,OPT,GBUM8 C14700,2028-06-09,C,1.47,0.011600000,3,
2026-09-04,GBU,OPT,GBUM8 C14800,2028-06-09,C,1.48,0.010200000,3,
2026-09-04,GBU,OPT,GBUM8 C14900,2028-06-09,C,1.49,0.009100000,3,
2026-09-04,GBU,OPT,GBUM8 C15000,2028-06-09,C,1.5,0.008200000,3,
2026-09-04,GBU,OPT,GBUM8 C15100,2028-06-09,C,1.51,0.007300000,3,
2026-09-04,GBU,OPT,GBUM8 C15200,2028-06-09,C,1.52,0.006600000,3,
2026-09-04,GBU,OPT,GBUM8 C15300,2028-06-09,C,1.53,0.005900000,3,
2026-09-04,GBU,OPT,GBUM8 C15400,2028-06-09,C,1.54,0.005300000,3,
2026-09-04,GBU,OPT,GBUM8 C15500,2028-06-09,C,1.55,0.004800000,3,
2026-09-04,GBU,OPT,GBUM8 C15600,2028-06-09,C,1.56,0.004300000,3,
2026-09-04,GBU,OPT,GBUM8 P11200,2028-06-09,P,1.12,0.006700000,3,
2026-09-04,GBU,OPT,GBUM8 P11300,2028-06-09,P,1.13,0.007300000,3,
2026-09-04,GBU,OPT,GBUM8 P11400,2028-06-09,P,1.14,0.008000000,3,
2026-09-04,GBU,OPT,GBUM8 P11500,2028-06-09,P,1.15,0.008600000,3,
2026-09-04,GBU,OPT,GBUM8 P11600,2028-06-09,P,1.16,0.009400000,3,
2026-09-04,GBU,OPT,GBUM8 P11700,2028-06-09,P,1.17,0.010200000,3,
2026-09-04,GBU,OPT,GBUM8 P11800,2028-06-09,P,1.18,0.011100000,3,
2026-09-04,GBU,OPT,GBUM8 P11900,2028-06-09,P,1.19,0.012100000,3,
2026-09-04,GBU,OPT,GBUM8 P12000,2028-06-09,P,1.2,0.013100000,3,
2026-09-04,GBU,OPT,GBUM8 P12100,2028-06-09,P,1.21,0.014200000,3,
2026-09-04,GBU,OPT,GBUM8 P12200,2028-06-09,P,1.22,0.015400000,3,
2026-09-04,GBU,OPT,GBUM8 P12300,2028-06-09,P,1.23,0.016700000,3,
2026-09-04,GBU,OPT,GBUM8 P12400,2028-06-09,P,1.24,0.018100000,3,
2026-09-04,GBU,OPT,GBUM8 P12500,2028-06-09,P,1.25,0.019700000,3,
2026-09-04,GBU,OPT,GBUM8 P12600,2028-06-09,P,1.26,0.021500000,3,
2026-09-04,GBU,OPT,GBUM8 P12650,2028-06-09,P,1.265,0.022500000,3,
2026-09-04,GBU,OPT,GBUM8 P12700,2028-06-09,P,1.27,0.023400000,3,
2026-09-04,GBU,OPT,GBUM8 P12750,2028-06-09,P,1.275,0.024500000,3,
2026-09-04,GBU,OPT,GBUM8 P12800,2028-06-09,P,1.28,0.025600000,3,
2026-09-04,GBU,OPT,GBUM8 P12850,2028-06-09,P,1.285,0.026700000,3,
2026-09-04,GBU,OPT,GBUM8 P12900,2028-06-09,P,1.29,0.027900000,3,
2026-09-04,GBU,OPT,GBUM8 P12950,2028-06-09,P,1.295,0.029200000,3,
2026-09-04,GBU,OPT,GBUM8 P13000,2028-06-09,P,1.3,0.030500000,3,
2026-09-04,GBU,OPT,GBUM8 P13050,2028-06-09,P,1.305,0.031800000,3,
2026-09-04,GBU,OPT,GBUM8 P13100,2028-06-09,P,1.31,0.033200000,3,
2026-09-04,GBU,OPT,GBUM8 P13150,2028-06-09,P,1.315,0.034700000,3,
2026-09-04,GBU,OPT,GBUM8 P13200,2028-06-09,P,1.32,0.036300000,3,
2026-09-04,GBU,OPT,GBUM8 P13250,2028-06-09,P,1.325,0.037900000,3,
2026-09-04,GBU,OPT,GBUM8 P13300,2028-06-09,P,1.33,0.039700000,3,
2026-09-04,GBU,OPT,GBUM8 P13350,2028-06-09,P,1.335,0.041500000,3,
2026-09-04,GBU,OPT,GBUM8 P13400,2028-06-09,P,1.34,0.043400000,3,
2026-09-04,GBU,OPT,GBUM8 P13450,2028-06-09,P,1.345,0.045400000,3,
2026-09-04,GBU,OPT,GBUM8 P13500,2028-06-09,P,1.35,0.047500000,3,
2026-09-04,GBU,OPT,GBUM8 P13550,2028-06-09,P,1.355,0.049700000,3,
2026-09-04,GBU,OPT,GBUM8 P13600,2028-06-09,P,1.36,0.051900000,3,
2026-09-04,GBU,OPT,GBUM8 P13650,2028-06-09,P,1.365,0.054300000,3,
2026-09-04,GBU,OPT,GBUM8 P13700,2028-06-09,P,1.37,0.056800000,3,
2026-09-04,GBU,OPT,GBUM8 P13750,2028-06-09,P,1.375,0.059400000,3,
2026-09-04,GBU,OPT,GBUM8 P13800,2028-06-09,P,1.38,0.062100000,3,
2026-09-04,GBU,OPT,GBUM8 P13850,2028-06-09,P,1.385,0.064900000,3,
2026-09-04,GBU,OPT,GBUM8 P13900,2028-06-09,P,1.39,0.067700000,3,
2026-09-04,GBU,OPT,GBUM8 P13950,2028-06-09,P,1.395,0.070700000,3,
2026-09-04,GBU,OPT,GBUM8 P14000,2028-06-09,P,1.4,0.073700000,3,
2026-09-04,GBU,OPT,GBUM8 P14050,2028-06-09,P,1.405,0.076900000,3,
2026-09-04,GBU,OPT,GBUM8 P14100,2028-06-09,P,1.41,0.080100000,3,
2026-09-04,GBU,OPT,GBUM8 P14200,2028-06-09,P,1.42,0.086700000,3,
2026-09-04,GBU,OPT,GBUM8 P14300,2028-06-09,P,1.43,0.093700000,3,
2026-09-04,GBU,OPT,GBUM8 P14400,2028-06-09,P,1.44,0.100900000,3,
2026-09-04,GBU,OPT,GBUM8 P14500,2028-06-09,P,1.45,0.108300000,3,
2026-09-04,GBU,OPT,GBUM8 P14600,2028-06-09,P,1.46,0.115900000,3,
2026-09-04,GBU,OPT,GBUM8 P14700,2028-06-09,P,1.47,0.123700000,3,
2026-09-04,GBU,OPT,GBUM8 P14800,2028-06-09,P,1.48,0.131700000,3,
2026-09-04,GBU,OPT,GBUM8 P14900,2028-06-09,P,1.49,0.139900000,3,
2026-09-04,GBU,OPT,GBUM8 P15000,2028-06-09,P,1.5,0.148200000,3,
2026-09-04,GBU,OPT,GBUM8 P15100,2028-06-09,P,1.51,0.156700000,3,
2026-09-04,GBU,OPT,GBUM8 P15200,2028-06-09,P,1.52,0.165200000,3,
2026-09-04,GBU,OPT,GBUM8 P15300,2028-06-09,P,1.53,0.173900000,3,
2026-09-04,GBU,OPT,GBUM8 P15400,2028-06-09,P,1.54,0.182600000,3,
2026-09-04,GBU,OPT,GBUM8 P15500,2028-06-09,P,1.55,0.191300000,3,
2026-09-04,GBU,OPT,GBUM8 P15600,2028-06-09,P,1.56,0.200200000,3,
2026-09-04,GBU,OPT,GBUU8 C11500,2028-09-08,C,1.15,0.000000000,1,
2026-09-04,GBU,OPT,GBUU8 C11600,2028-09-08,C,1.16,0.000000000,1,
2026-09-04,GBU,OPT,GBUU8 C11700,2028-09-08,C,1.17,0.000000000,1,
2026-09-04,GBU,OPT,GBUU8 C11800,2028-09-08,C,1.18,0.000000000,1,
2026-09-04,GBU,OPT,GBUU8 C11900,2028-09-08,C,1.19,0.000000000,1,
2026-09-04,GBU,OPT,GBUU8 C12000,2028-09-08,C,1.2,0.000000000,1,
2026-09-04,GBU,OPT,GBUU8 C12100,2028-09-08,C,1.21,0.000000000,1,
2026-09-04,GBU,OPT,GBUU8 C12200,2028-09-08,C,1.22,0.000000000,1,
2026-09-04,GBU,OPT,GBUU8 C12300,2028-09-08,C,1.23,0.000000000,1,
2026-09-04,GBU,OPT,GBUU8 C12400,2028-09-08,C,1.24,0.000000000,1,
2026-09-04,GBU,OPT,GBUU8 C12500,2028-09-08,C,1.25,0.000000000,1,
2026-09-04,GBU,OPT,GBUU8 C12600,2028-09-08,C,1.26,0.000000000,1,
2026-09-04,GBU,OPT,GBUU8 C12700,2028-09-08,C,1.27,0.000000000,1,
2026-09-04,GBU,OPT,GBUU8 C12800,2028-09-08,C,1.28,0.000000000,1,
2026-09-04,GBU,OPT,GBUU8 C12900,2028-09-08,C,1.29,0.000000000,1,
2026-09-04,GBU,OPT,GBUU8 C13000,2028-09-08,C,1.3,0.000000000,1,
2026-09-04,GBU,OPT,GBUU8 C13050,2028-09-08,C,1.305,0.000000000,1,
2026-09-04,GBU,OPT,GBUU8 C13100,2028-09-08,C,1.31,0.000000000,1,
2026-09-04,GBU,OPT,GBUU8 C13150,2028-09-08,C,1.315,0.000000000,1,
2026-09-04,GBU,OPT,GBUU8 C13200,2028-09-08,C,1.32,0.000000000,1,
2026-09-04,GBU,OPT,GBUU8 C13250,2028-09-08,C,1.325,0.000000000,1,
2026-09-04,GBU,OPT,GBUU8 C13300,2028-09-08,C,1.33,0.000000000,1,
2026-09-04,GBU,OPT,GBUU8 C13350,2028-09-08,C,1.335,0.000000000,1,
2026-09-04,GBU,OPT,GBUU8 C13400,2028-09-08,C,1.34,0.000000000,1,
2026-09-04,GBU,OPT,GBUU8 C13450,2028-09-08,C,1.345,0.000000000,1,
2026-09-04,GBU,OPT,GBUU8 C13500,2028-09-08,C,1.35,0.000000000,1,
2026-09-04,GBU,OPT,GBUU8 C13550,2028-09-08,C,1.355,0.000000000,1,
2026-09-04,GBU,OPT,GBUU8 C13600,2028-09-08,C,1.36,0.000000000,1,
2026-09-04,GBU,OPT,GBUU8 C13650,2028-09-08,C,1.365,0.000000000,1,
2026-09-04,GBU,OPT,GBUU8 C13700,2028-09-08,C,1.37,0.000000000,1,
2026-09-04,GBU,OPT,GBUU8 C13750,2028-09-08,C,1.375,0.000000000,1,
2026-09-04,GBU,OPT,GBUU8 C13800,2028-09-08,C,1.38,0.000000000,1,
2026-09-04,GBU,OPT,GBUU8 C13850,2028-09-08,C,1.385,0.000000000,1,
2026-09-04,GBU,OPT,GBUU8 C13900,2028-09-08,C,1.39,0.000000000,1,
2026-09-04,GBU,OPT,GBUU8 C13950,2028-09-08,C,1.395,0.000000000,1,
2026-09-04,GBU,OPT,GBUU8 C14000,2028-09-08,C,1.4,0.000000000,1,
2026-09-04,GBU,OPT,GBUU8 C14100,2028-09-08,C,1.41,0.000000000,1,
2026-09-04,GBU,OPT,GBUU8 C14200,2028-09-08,C,1.42,0.000000000,1,
2026-09-04,GBU,OPT,GBUU8 C14300,2028-09-08,C,1.43,0.000000000,1,
2026-09-04,GBU,OPT,GBUU8 C14400,2028-09-08,C,1.44,0.000000000,1,
2026-09-04,GBU,OPT,GBUU8 C14500,2028-09-08,C,1.45,0.000000000,1,
2026-09-04,GBU,OPT,GBUU8 C14600,2028-09-08,C,1.46,0.000000000,1,
2026-09-04,GBU,OPT,GBUU8 C14700,2028-09-08,C,1.47,0.000000000,1,
2026-09-04,GBU,OPT,GBUU8 C14800,2028-09-08,C,1.48,0.000000000,1,
2026-09-04,GBU,OPT,GBUU8 C14900,2028-09-08,C,1.49,0.000000000,1,
2026-09-04,GBU,OPT,GBUU8 C15000,2028-09-08,C,1.5,0.000000000,1,
2026-09-04,GBU,OPT,GBUU8 C15100,2028-09-08,C,1.51,0.000000000,1,
2026-09-04,GBU,OPT,GBUU8 C15200,2028-09-08,C,1.52,0.000000000,1,
2026-09-04,GBU,OPT,GBUU8 C15300,2028-09-08,C,1.53,0.000000000,1,
2026-09-04,GBU,OPT,GBUU8 C15400,2028-09-08,C,1.54,0.000000000,1,
2026-09-04,GBU,OPT,GBUU8 C15500,2028-09-08,C,1.55,0.000000000,1,
2026-09-04,GBU,OPT,GBUU8 P11500,2028-09-08,P,1.15,0.000000000,1,
2026-09-04,GBU,OPT,GBUU8 P11600,2028-09-08,P,1.16,0.000000000,1,
2026-09-04,GBU,OPT,GBUU8 P11700,2028-09-08,P,1.17,0.000000000,1,
2026-09-04,GBU,OPT,GBUU8 P11800,2028-09-08,P,1.18,0.000000000,1,
2026-09-04,GBU,OPT,GBUU8 P11900,2028-09-08,P,1.19,0.000000000,1,
2026-09-04,GBU,OPT,GBUU8 P12000,2028-09-08,P,1.2,0.000000000,1,
2026-09-04,GBU,OPT,GBUU8 P12100,2028-09-08,P,1.21,0.000000000,1,
2026-09-04,GBU,OPT,GBUU8 P12200,2028-09-08,P,1.22,0.000000000,1,
2026-09-04,GBU,OPT,GBUU8 P12300,2028-09-08,P,1.23,0.000000000,1,
2026-09-04,GBU,OPT,GBUU8 P12400,2028-09-08,P,1.24,0.000000000,1,
2026-09-04,GBU,OPT,GBUU8 P12500,2028-09-08,P,1.25,0.000000000,1,
2026-09-04,GBU,OPT,GBUU8 P12600,2028-09-08,P,1.26,0.000000000,1,
2026-09-04,GBU,OPT,GBUU8 P12700,2028-09-08,P,1.27,0.000000000,1,
2026-09-04,GBU,OPT,GBUU8 P12800,2028-09-08,P,1.28,0.000000000,1,
2026-09-04,GBU,OPT,GBUU8 P12900,2028-09-08,P,1.29,0.000000000,1,
2026-09-04,GBU,OPT,GBUU8 P13000,2028-09-08,P,1.3,0.000000000,1,
2026-09-04,GBU,OPT,GBUU8 P13050,2028-09-08,P,1.305,0.000000000,1,
2026-09-04,GBU,OPT,GBUU8 P13100,2028-09-08,P,1.31,0.000000000,1,
2026-09-04,GBU,OPT,GBUU8 P13150,2028-09-08,P,1.315,0.000000000,1,
2026-09-04,GBU,OPT,GBUU8 P13200,2028-09-08,P,1.32,0.000000000,1,
2026-09-04,GBU,OPT,GBUU8 P13250,2028-09-08,P,1.325,0.000000000,1,
2026-09-04,GBU,OPT,GBUU8 P13300,2028-09-08,P,1.33,0.000000000,1,
2026-09-04,GBU,OPT,GBUU8 P13350,2028-09-08,P,1.335,0.000000000,1,
2026-09-04,GBU,OPT,GBUU8 P13400,2028-09-08,P,1.34,0.000000000,1,
2026-09-04,GBU,OPT,GBUU8 P13450,2028-09-08,P,1.345,0.000000000,1,
2026-09-04,GBU,OPT,GBUU8 P13500,2028-09-08,P,1.35,0.000000000,1,
2026-09-04,GBU,OPT,GBUU8 P13550,2028-09-08,P,1.355,0.000000000,1,
2026-09-04,GBU,OPT,GBUU8 P13600,2028-09-08,P,1.36,0.000000000,1,
2026-09-04,GBU,OPT,GBUU8 P13650,2028-09-08,P,1.365,0.000000000,1,
2026-09-04,GBU,OPT,GBUU8 P13700,2028-09-08,P,1.37,0.000000000,1,
2026-09-04,GBU,OPT,GBUU8 P13750,2028-09-08,P,1.375,0.000000000,1,
2026-09-04,GBU,OPT,GBUU8 P13800,2028-09-08,P,1.38,0.000000000,1,
2026-09-04,GBU,OPT,GBUU8 P13850,2028-09-08,P,1.385,0.000000000,1,
2026-09-04,GBU,OPT,GBUU8 P13900,2028-09-08,P,1.39,0.000000000,1,
2026-09-04,GBU,OPT,GBUU8 P13950,2028-09-08,P,1.395,0.000000000,1,
2026-09-04,GBU,OPT,GBUU8 P14000,2028-09-08,P,1.4,0.000000000,1,
2026-09-04,GBU,OPT,GBUU8 P14100,2028-09-08,P,1.41,0.000000000,1,
2026-09-04,GBU,OPT,GBUU8 P14200,2028-09-08,P,1.42,0.000000000,1,
2026-09-04,GBU,OPT,GBUU8 P14300,2028-09-08,P,1.43,0.000000000,1,
2026-09-04,GBU,OPT,GBUU8 P14400,2028-09-08,P,1.44,0.000000000,1,
2026-09-04,GBU,OPT,GBUU8 P14500,2028-09-08,P,1.45,0.000000000,1,
2026-09-04,GBU,OPT,GBUU8 P14600,2028-09-08,P,1.46,0.000000000,1,
2026-09-04,GBU,OPT,GBUU8 P14700,2028-09-08,P,1.47,0.000000000,1,
2026-09-04,GBU,OPT,GBUU8 P14800,2028-09-08,P,1.48,0.000000000,1,
2026-09-04,GBU,OPT,GBUU8 P14900,2028-09-08,P,1.49,0.000000000,1,
2026-09-04,GBU,OPT,GBUU8 P15000,2028-09-08,P,1.5,0.000000000,1,
2026-09-04,GBU,OPT,GBUU8 P15100,2028-09-08,P,1.51,0.000000000,1,
2026-09-04,GBU,OPT,GBUU8 P15200,2028-09-08,P,1.52,0.000000000,1,
2026-09-04,GBU,OPT,GBUU8 P15300,2028-09-08,P,1.53,0.000000000,1,
2026-09-04,GBU,OPT,GBUU8 P15400,2028-09-08,P,1.54,0.000000000,1,
2026-09-04,GBU,OPT,GBUU8 P15500,2028-09-08,P,1.55,0.000000000,1,
