session,root,type,symbol,expiry,right,strike,settle,settle_flag,oi
2026-08-11,EUU,OPT,EUUU6 C0910,2026-09-04,C,0.91,0.245000000,3,
2026-08-11,EUU,OPT,EUUU6 C0920,2026-09-04,C,0.92,0.235000000,3,
2026-08-11,EUU,OPT,EUUU6 C0930,2026-09-04,C,0.93,0.225100000,3,
2026-08-11,EUU,OPT,EUUU6 C0940,2026-09-04,C,0.94,0.215100000,3,
2026-08-11,EUU,OPT,EUUU6 C0950,2026-09-04,C,0.95,0.205100000,3,
2026-08-11,EUU,OPT,EUUU6 C0960,2026-09-04,C,0.96,0.195100000,3,
2026-08-11,EUU,OPT,EUUU6 C0970,2026-09-04,C,0.97,0.185200000,3,
2026-08-11,EUU,OPT,EUUU6 C0980,2026-09-04,C,0.98,0.175200000,3,
2026-08-11,EUU,OPT,EUUU6 C0990,2026-09-04,C,0.99,0.165200000,3,
2026-08-11,EUU,OPT,EUUU6 C1000,2026-09-04,C,1,0.155200000,3,
2026-08-11,EUU,OPT,EUUU6 C1005,2026-09-04,C,1.005,0.150200000,3,
2026-08-11,EUU,OPT,EUUU6 C1010,2026-09-04,C,1.01,0.145300000,3,
2026-08-11,EUU,OPT,EUUU6 C1015,2026-09-04,C,1.015,0.140300000,3,
2026-08-11,EUU,OPT,EUUU6 C1020,2026-09-04,C,1.02,0.135300000,3,
2026-08-11,EUU,OPT,EUUU6 C1025,2026-09-04,C,1.025,0.130300000,3,
2026-08-11,EUU,OPT,EUUU6 C1030,2026-09-04,C,1.03,0.125300000,3,
2026-08-11,EUU,OPT,EUUU6 C1035,2026-09-04,C,1.035,0.120300000,3,
2026-08-11,EUU,OPT,EUUU6 C1040,2026-09-04,C,1.04,0.115300000,3,
2026-08-11,EUU,OPT,EUUU6 C1045,2026-09-04,C,1.045,0.110300000,3,
2026-08-11,EUU,OPT,EUUU6 C1050,2026-09-04,C,1.05,0.105300000,3,1
2026-08-11,EUU,OPT,EUUU6 C1055,2026-09-04,C,1.055,0.100400000,3,1
2026-08-11,EUU,OPT,EUUU6 C1060,2026-09-04,C,1.06,0.095400000,3,
2026-08-11,EUU,OPT,EUUU6 C1065,2026-09-04,C,1.065,0.090400000,3,
2026-08-11,EUU,OPT,EUUU6 C1070,2026-09-04,C,1.07,0.085400000,3,
2026-08-11,EUU,OPT,EUUU6 C1075,2026-09-04,C,1.075,0.080400000,3,
2026-08-11,EUU,OPT,EUUU6 C1080,2026-09-04,C,1.08,0.075500000,3,4
2026-08-11,EUU,OPT,EUUU6 C1085,2026-09-04,C,1.085,0.070500000,3,
2026-08-11,EUU,OPT,EUUU6 C1090,2026-09-04,C,1.09,0.065500000,3,3
2026-08-11,EUU,OPT,EUUU6 C1095,2026-09-04,C,1.095,0.060500000,3,2
2026-08-11,EUU,OPT,EUUU6 C1100,2026-09-04,C,1.1,0.055500000,3,1
2026-08-11,EUU,OPT,EUUU6 C1105,2026-09-04,C,1.105,0.050600000,3,
2026-08-11,EUU,OPT,EUUU6 C1110,2026-09-04,C,1.11,0.045600000,3,
2026-08-11,EUU,OPT,EUUU6 C1115,2026-09-04,C,1.115,0.040600000,3,
2026-08-11,EUU,OPT,EUUU6 C1120,2026-09-04,C,1.12,0.035700000,3,22
2026-08-11,EUU,OPT,EUUU6 C1125,2026-09-04,C,1.125,0.030800000,3,9
2026-08-11,EUU,OPT,EUUU6 C1130,2026-09-04,C,1.13,0.026000000,3,56
2026-08-11,EUU,OPT,EUUU6 C1135,2026-09-04,C,1.135,0.021300000,3,88
2026-08-11,EUU,OPT,EUUU6 C1137,2026-09-04,C,1.1375,0.019000000,3,
2026-08-11,EUU,OPT,EUUU6 C1140,2026-09-04,C,1.14,0.016800000,3,1058
2026-08-11,EUU,OPT,EUUU6 C1142,2026-09-04,C,1.1425,0.014700000,3,
2026-08-11,EUU,OPT,EUUU6 C1145,2026-09-04,C,1.145,0.012700000,3,1062
2026-08-11,EUU,OPT,EUUU6 C1147,2026-09-04,C,1.1475,0.010800000,3,
2026-08-11,EUU,OPT,EUUU6 C1150,2026-09-04,C,1.15,0.009000000,3,4559
2026-08-11,EUU,OPT,EUUU6 C1152,2026-09-04,C,1.1525,0.007400000,3,
2026-08-11,EUU,OPT,EUUU6 C1155,2026-09-04,C,1.155,0.006000000,3,1849
2026-08-11,EUU,OPT,EUUU6 C1157,2026-09-04,C,1.1575,0.004800000,3,18
2026-08-11,EUU,OPT,EUUU6 C1160,2026-09-04,C,1.16,0.003700000,3,7295
2026-08-11,EUU,OPT,EUUU6 C1162,2026-09-04,C,1.1625,0.002900000,3,28
2026-08-11,EUU,OPT,EUUU6 C1165,2026-09-04,C,1.165,0.002200000,3,6468
2026-08-11,EUU,OPT,EUUU6 C1167,2026-09-04,C,1.1675,0.001600000,3,15
2026-08-11,EUU,OPT,EUUU6 C1170,2026-09-04,C,1.17,0.001200000,3,5717
2026-08-11,EUU,OPT,EUUU6 C1172,2026-09-04,C,1.1725,0.000900000,3,502
2026-08-11,EUU,OPT,EUUU6 C1175,2026-09-04,C,1.175,0.000600000,3,2172
2026-08-11,EUU,OPT,EUUU6 C1177,2026-09-04,C,1.1775,0.000450000,3,3
2026-08-11,EUU,OPT,EUUU6 C1180,2026-09-04,C,1.18,0.000350000,3,20188
2026-08-11,EUU,OPT,EUUU6 C1185,2026-09-04,C,1.185,0.000200000,3,600
2026-08-11,EUU,OPT,EUUU6 C1190,2026-09-04,C,1.19,0.000150000,3,1544
2026-08-11,EUU,OPT,EUUU6 C1195,2026-09-04,C,1.195,0.000100000,3,1378
2026-08-11,EUU,OPT,EUUU6 C1200,2026-09-04,C,1.2,0.000050000,3,7906
2026-08-11,EUU,OPT,EUUU6 C1205,2026-09-04,C,1.205,0.000050000,3,617
2026-08-11,EUU,OPT,EUUU6 C1210,2026-09-04,C,1.21,0.000050000,3,652
2026-08-11,EUU,OPT,EUUU6 C1215,2026-09-04,C,1.215,0.000050000,3,261
2026-08-11,EUU,OPT,EUUU6 C1220,2026-09-04,C,1.22,0.000050000,3,1345
2026-08-11,EUU,OPT,EUUU6 C1225,2026-09-04,C,1.225,0.000050000,3,254
2026-08-11,EUU,OPT,EUUU6 C1230,2026-09-04,C,1.23,0.000050000,3,426
2026-08-11,EUU,OPT,EUUU6 C1235,2026-09-04,C,1.235,0.000050000,3,71
2026-08-11,EUU,OPT,EUUU6 C1240,2026-09-04,C,1.24,0.000050000,3,456
2026-08-11,EUU,OPT,EUUU6 C1245,2026-09-04,C,1.245,0.000050000,3,58
2026-08-11,EUU,OPT,EUUU6 C1250,2026-09-04,C,1.25,0.000050000,3,292
2026-08-11,EUU,OPT,EUUU6 C1255,2026-09-04,C,1.255,0.000050000,3,71
2026-08-11,EUU,OPT,EUUU6 C1260,2026-09-04,C,1.26,0.000050000,3,169
2026-08-11,EUU,OPT,EUUU6 C1270,2026-09-04,C,1.27,0.000050000,3,95
2026-08-11,EUU,OPT,EUUU6 C1280,2026-09-04,C,1.28,0.000050000,3,182
2026-08-11,EUU,OPT,EUUU6 C1290,2026-09-04,C,1.29,0.000050000,3,357
2026-08-11,EUU,OPT,EUUU6 C1300,2026-09-04,C,1.3,0.000050000,3,745
2026-08-11,EUU,OPT,EUUU6 C1310,2026-09-04,C,1.31,0.000050000,3,55
2026-08-11,EUU,OPT,EUUU6 C1320,2026-09-04,C,1.32,0.000050000,3,38
2026-08-11,EUU,OPT,EUUU6 C1330,2026-09-04,C,1.33,0.000050000,3,21
2026-08-11,EUU,OPT,EUUU6 C1340,2026-09-04,C,1.34,0.000050000,3,20
2026-08-11,EUU,OPT,EUUU6 C1350,2026-09-04,C,1.35,0.000050000,3,1026
2026-08-11,EUU,OPT,EUUU6 C1360,2026-09-04,C,1.36,0.000050000,3,244
2026-08-11,EUU,OPT,EUUU6 P0910,2026-09-04,P,0.91,0.000050000,3,5
2026-08-11,EUU,OPT,EUUU6 P0920,2026-09-04,P,0.92,0.000050000,3,
2026-08-11,EUU,OPT,EUUU6 P0930,2026-09-04,P,0.93,0.000050000,3,2
2026-08-11,EUU,OPT,EUUU6 P0940,2026-09-04,P,0.94,0.000050000,3,
2026-08-11,EUU,OPT,EUUU6 P0950,2026-09-04,P,0.95,0.000050000,3,267
2026-08-11,EUU,OPT,EUUU6 P0960,2026-09-04,P,0.96,0.000050000,3,
2026-08-11,EUU,OPT,EUUU6 P0970,2026-09-04,P,0.97,0.000050000,3,
2026-08-11,EUU,OPT,EUUU6 P0980,2026-09-04,P,0.98,0.000050000,3,
2026-08-11,EUU,OPT,EUUU6 P0990,2026-09-04,P,0.99,0.000050000,3,97
2026-08-11,EUU,OPT,EUUU6 P1000,2026-09-04,P,1,0.000050000,3,255
2026-08-11,EUU,OPT,EUUU6 P1005,2026-09-04,P,1.005,0.000050000,3,
2026-08-11,EUU,OPT,EUUU6 P1010,2026-09-04,P,1.01,0.000050000,3,187
2026-08-11,EUU,OPT,EUUU6 P1015,2026-09-04,P,1.015,0.000050000,3,1
2026-08-11,EUU,OPT,EUUU6 P1020,2026-09-04,P,1.02,0.000050000,3,76
2026-08-11,EUU,OPT,EUUU6 P1025,2026-09-04,P,1.025,0.000050000,3,21
2026-08-11,EUU,OPT,EUUU6 P1030,2026-09-04,P,1.03,0.000050000,3,26
2026-08-11,EUU,OPT,EUUU6 P1035,2026-09-04,P,1.035,0.000050000,3,18
2026-08-11,EUU,OPT,EUUU6 P1040,2026-09-04,P,1.04,0.000050000,3,164
2026-08-11,EUU,OPT,EUUU6 P1045,2026-09-04,P,1.045,0.000050000,3,55
2026-08-11,EUU,OPT,EUUU6 P1050,2026-09-04,P,1.05,0.000050000,3,217
2026-08-11,EUU,OPT,EUUU6 P1055,2026-09-04,P,1.055,0.000050000,3,84
2026-08-11,EUU,OPT,EUUU6 P1060,2026-09-04,P,1.06,0.000050000,3,119
2026-08-11,EUU,OPT,EUUU6 P1065,2026-09-04,P,1.065,0.000050000,3,171
2026-08-11,EUU,OPT,EUUU6 P1070,2026-09-04,P,1.07,0.000050000,3,196
2026-08-11,EUU,OPT,EUUU6 P1075,2026-09-04,P,1.075,0.000050000,3,125
2026-08-11,EUU,OPT,EUUU6 P1080,2026-09-04,P,1.08,0.000050000,3,469
2026-08-11,EUU,OPT,EUUU6 P1085,2026-09-04,P,1.085,0.000050000,3,27
2026-08-11,EUU,OPT,EUUU6 P1090,2026-09-04,P,1.09,0.000050000,3,343
2026-08-11,EUU,OPT,EUUU6 P1095,2026-09-04,P,1.095,0.000050000,3,72
2026-08-11,EUU,OPT,EUUU6 P1100,2026-09-04,P,1.1,0.000050000,3,2188
2026-08-11,EUU,OPT,EUUU6 P1105,2026-09-04,P,1.105,0.000100000,3,196
2026-08-11,EUU,OPT,EUUU6 P1110,2026-09-04,P,1.11,0.000100000,3,569
2026-08-11,EUU,OPT,EUUU6 P1115,2026-09-04,P,1.115,0.000150000,3,669
2026-08-11,EUU,OPT,EUUU6 P1120,2026-09-04,P,1.12,0.000200000,3,1741
2026-08-11,EUU,OPT,EUUU6 P1125,2026-09-04,P,1.125,0.000300000,3,4297
2026-08-11,EUU,OPT,EUUU6 P1130,2026-09-04,P,1.13,0.000450000,3,5457
2026-08-11,EUU,OPT,EUUU6 P1135,2026-09-04,P,1.135,0.000700000,3,3333
2026-08-11,EUU,OPT,EUUU6 P1137,2026-09-04,P,1.1375,0.001000000,3,24
2026-08-11,EUU,OPT,EUUU6 P1140,2026-09-04,P,1.14,0.001200000,3,5687
2026-08-11,EUU,OPT,EUUU6 P1142,2026-09-04,P,1.1425,0.001600000,3,429
2026-08-11,EUU,OPT,EUUU6 P1145,2026-09-04,P,1.145,0.002100000,3,2368
2026-08-11,EUU,OPT,EUUU6 P1147,2026-09-04,P,1.1475,0.002700000,3,356
2026-08-11,EUU,OPT,EUUU6 P1150,2026-09-04,P,1.15,0.003500000,3,3522
2026-08-11,EUU,OPT,EUUU6 P1152,2026-09-04,P,1.1525,0.004400000,3,53
2026-08-11,EUU,OPT,EUUU6 P1155,2026-09-04,P,1.155,0.005400000,3,1416
2026-08-11,EUU,OPT,EUUU6 P1157,2026-09-04,P,1.1575,0.006700000,3,1
2026-08-11,EUU,OPT,EUUU6 P1160,2026-09-04,P,1.16,0.008100000,3,1454
2026-08-11,EUU,OPT,EUUU6 P1162,2026-09-04,P,1.1625,0.009800000,3,
2026-08-11,EUU,OPT,EUUU6 P1165,2026-09-04,P,1.165,0.011600000,3,2009
2026-08-11,EUU,OPT,EUUU6 P1167,2026-09-04,P,1.1675,0.013500000,3,
2026-08-11,EUU,OPT,EUUU6 P1170,2026-09-04,P,1.17,0.015600000,3,2497
2026-08-11,EUU,OPT,EUUU6 P1172,2026-09-04,P,1.1725,0.017800000,3,
2026-08-11,EUU,OPT,EUUU6 P1175,2026-09-04,P,1.175,0.020000000,3,2304
2026-08-11,EUU,OPT,EUUU6 P1177,2026-09-04,P,1.1775,0.022300000,3,
2026-08-11,EUU,OPT,EUUU6 P1180,2026-09-04,P,1.18,0.024700000,3,127
2026-08-11,EUU,OPT,EUUU6 P1185,2026-09-04,P,1.185,0.029500000,3,246
2026-08-11,EUU,OPT,EUUU6 P1190,2026-09-04,P,1.19,0.034500000,3,32
2026-08-11,EUU,OPT,EUUU6 P1195,2026-09-04,P,1.195,0.039400000,3,79
2026-08-11,EUU,OPT,EUUU6 P1200,2026-09-04,P,1.2,0.044400000,3,9
2026-08-11,EUU,OPT,EUUU6 P1205,2026-09-04,P,1.205,0.049300000,3,14
2026-08-11,EUU,OPT,EUUU6 P1210,2026-09-04,P,1.21,0.054300000,3,2
2026-08-11,EUU,OPT,EUUU6 P1215,2026-09-04,P,1.215,0.059300000,3,
2026-08-11,EUU,OPT,EUUU6 P1220,2026-09-04,P,1.22,0.064200000,3,
2026-08-11,EUU,OPT,EUUU6 P1225,2026-09-04,P,1.225,0.069200000,3,
2026-08-11,EUU,OPT,EUUU6 P1230,2026-09-04,P,1.23,0.074200000,3,
2026-08-11,EUU,OPT,EUUU6 P1235,2026-09-04,P,1.235,0.079200000,3,
2026-08-11,EUU,OPT,EUUU6 P1240,2026-09-04,P,1.24,0.084200000,3,
2026-08-11,EUU,OPT,EUUU6 P1245,2026-09-04,P,1.245,0.089200000,3,
2026-08-11,EUU,OPT,EUUU6 P1250,2026-09-04,P,1.25,0.094200000,3,
2026-08-11,EUU,OPT,EUUU6 P1255,2026-09-04,P,1.255,0.099200000,3,
2026-08-11,EUU,OPT,EUUU6 P1260,2026-09-04,P,1.26,0.104200000,3,1
2026-08-11,EUU,OPT,EUUU6 P1270,2026-09-04,P,1.27,0.114100000,3,
2026-08-11,EUU,OPT,EUUU6 P1280,2026-09-04,P,1.28,0.124100000,3,
2026-08-11,EUU,OPT,EUUU6 P1290,2026-09-04,P,1.29,0.134100000,3,
2026-08-11,EUU,OPT,EUUU6 P1300,2026-09-04,P,1.3,0.144100000,3,
2026-08-11,EUU,OPT,EUUU6 P1310,2026-09-04,P,1.31,0.154000000,3,20
2026-08-11,EUU,OPT,EUUU6 P1320,2026-09-04,P,1.32,0.164000000,3,40
2026-08-11,EUU,OPT,EUUU6 P1330,2026-09-04,P,1.33,0.174000000,3,
2026-08-11,EUU,OPT,EUUU6 P1340,2026-09-04,P,1.34,0.184000000,3,
2026-08-11,EUU,OPT,EUUU6 P1350,2026-09-04,P,1.35,0.193900000,3,
2026-08-11,EUU,OPT,EUUU6 P1360,2026-09-04,P,1.36,0.203900000,3,
2026-08-11,EUU,OPT,EUUV6 C1000,2026-10-09,C,1,0.158700000,3,
2026-08-11,EUU,OPT,EUUV6 C1010,2026-10-09,C,1.01,0.148800000,3,
2026-08-11,EUU,OPT,EUUV6 C1020,2026-10-09,C,1.02,0.138800000,3,
2026-08-11,EUU,OPT,EUUV6 C1030,2026-10-09,C,1.03,0.128900000,3,
2026-08-11,EUU,OPT,EUUV6 C1040,2026-10-09,C,1.04,0.119000000,3,
2026-08-11,EUU,OPT,EUUV6 C1050,2026-10-09,C,1.05,0.109100000,3,
2026-08-11,EUU,OPT,EUUV6 C1060,2026-10-09,C,1.06,0.099100000,3,1
2026-08-11,EUU,OPT,EUUV6 C1070,2026-10-09,C,1.07,0.089200000,3,1
2026-08-11,EUU,OPT,EUUV6 C1080,2026-10-09,C,1.08,0.079400000,3,
2026-08-11,EUU,OPT,EUUV6 C1090,2026-10-09,C,1.09,0.069500000,3,
2026-08-11,EUU,OPT,EUUV6 C1095,2026-10-09,C,1.095,0.064600000,3,
2026-08-11,EUU,OPT,EUUV6 C1100,2026-10-09,C,1.1,0.059600000,3,
2026-08-11,EUU,OPT,EUUV6 C1105,2026-10-09,C,1.105,0.054800000,3,
2026-08-11,EUU,OPT,EUUV6 C1110,2026-10-09,C,1.11,0.049900000,3,
2026-08-11,EUU,OPT,EUUV6 C1115,2026-10-09,C,1.115,0.045100000,3,
2026-08-11,EUU,OPT,EUUV6 C1120,2026-10-09,C,1.12,0.040400000,3,
2026-08-11,EUU,OPT,EUUV6 C1125,2026-10-09,C,1.125,0.035700000,3,52
2026-08-11,EUU,OPT,EUUV6 C1130,2026-10-09,C,1.13,0.031200000,3,3
2026-08-11,EUU,OPT,EUUV6 C1135,2026-10-09,C,1.135,0.026800000,3,160
2026-08-11,EUU,OPT,EUUV6 C1140,2026-10-09,C,1.14,0.022600000,3,74
2026-08-11,EUU,OPT,EUUV6 C1145,2026-10-09,C,1.145,0.018700000,3,1548
2026-08-11,EUU,OPT,EUUV6 C1150,2026-10-09,C,1.15,0.015200000,3,2187
2026-08-11,EUU,OPT,EUUV6 C1155,2026-10-09,C,1.155,0.012000000,3,2028
2026-08-11,EUU,OPT,EUUV6 C1160,2026-10-09,C,1.16,0.009200000,3,1090
2026-08-11,EUU,OPT,EUUV6 C1165,2026-10-09,C,1.165,0.006900000,3,1076
2026-08-11,EUU,OPT,EUUV6 C1170,2026-10-09,C,1.17,0.005000000,3,2504
2026-08-11,EUU,OPT,EUUV6 C1175,2026-10-09,C,1.175,0.003600000,3,3751
2026-08-11,EUU,OPT,EUUV6 C1180,2026-10-09,C,1.18,0.002600000,3,525
2026-08-11,EUU,OPT,EUUV6 C1185,2026-10-09,C,1.185,0.001800000,3,778
2026-08-11,EUU,OPT,EUUV6 C1190,2026-10-09,C,1.19,0.001200000,3,1712
2026-08-11,EUU,OPT,EUUV6 C1195,2026-10-09,C,1.195,0.000900000,3,1370
2026-08-11,EUU,OPT,EUUV6 C1200,2026-10-09,C,1.2,0.000600000,3,688
2026-08-11,EUU,OPT,EUUV6 C1205,2026-10-09,C,1.205,0.000450000,3,560
2026-08-11,EUU,OPT,EUUV6 C1210,2026-10-09,C,1.21,0.000350000,3,293
2026-08-11,EUU,OPT,EUUV6 C1215,2026-10-09,C,1.215,0.000250000,3,315
2026-08-11,EUU,OPT,EUUV6 C1220,2026-10-09,C,1.22,0.000200000,3,284
2026-08-11,EUU,OPT,EUUV6 C1225,2026-10-09,C,1.225,0.000150000,3,152
2026-08-11,EUU,OPT,EUUV6 C1230,2026-10-09,C,1.23,0.000100000,3,54
2026-08-11,EUU,OPT,EUUV6 C1235,2026-10-09,C,1.235,0.000100000,3,1064
2026-08-11,EUU,OPT,EUUV6 C1240,2026-10-09,C,1.24,0.000100000,3,681
2026-08-11,EUU,OPT,EUUV6 C1245,2026-10-09,C,1.245,0.000050000,3,13
2026-08-11,EUU,OPT,EUUV6 C1250,2026-10-09,C,1.25,0.000050000,3,303
2026-08-11,EUU,OPT,EUUV6 C1255,2026-10-09,C,1.255,0.000050000,3,19
2026-08-11,EUU,OPT,EUUV6 C1260,2026-10-09,C,1.26,0.000050000,3,17
2026-08-11,EUU,OPT,EUUV6 C1265,2026-10-09,C,1.265,0.000050000,3,417
2026-08-11,EUU,OPT,EUUV6 C1270,2026-10-09,C,1.27,0.000050000,3,6
2026-08-11,EUU,OPT,EUUV6 C1280,2026-10-09,C,1.28,0.000050000,3,3
2026-08-11,EUU,OPT,EUUV6 C1290,2026-10-09,C,1.29,0.000050000,3,28
2026-08-11,EUU,OPT,EUUV6 C1300,2026-10-09,C,1.3,0.000050000,3,57
2026-08-11,EUU,OPT,EUUV6 C1310,2026-10-09,C,1.31,0.000050000,3,100
2026-08-11,EUU,OPT,EUUV6 C1320,2026-10-09,C,1.32,0.000050000,3,
2026-08-11,EUU,OPT,EUUV6 C1330,2026-10-09,C,1.33,0.000050000,3,7
2026-08-11,EUU,OPT,EUUV6 C1340,2026-10-09,C,1.34,0.000050000,3,1
2026-08-11,EUU,OPT,EUUV6 C1350,2026-10-09,C,1.35,0.000050000,3,23
2026-08-11,EUU,OPT,EUUV6 C1360,2026-10-09,C,1.36,0.000050000,3,5
2026-08-11,EUU,OPT,EUUV6 P1000,2026-10-09,P,1,0.000050000,3,
2026-08-11,EUU,OPT,EUUV6 P1010,2026-10-09,P,1.01,0.000050000,3,
2026-08-11,EUU,OPT,EUUV6 P1020,2026-10-09,P,1.02,0.000050000,3,59
2026-08-11,EUU,OPT,EUUV6 P1030,2026-10-09,P,1.03,0.000050000,3,3
2026-08-11,EUU,OPT,EUUV6 P1040,2026-10-09,P,1.04,0.000050000,3,28
2026-08-11,EUU,OPT,EUUV6 P1050,2026-10-09,P,1.05,0.000050000,3,20
2026-08-11,EUU,OPT,EUUV6 P1060,2026-10-09,P,1.06,0.000100000,3,92
2026-08-11,EUU,OPT,EUUV6 P1070,2026-10-09,P,1.07,0.000100000,3,104
2026-08-11,EUU,OPT,EUUV6 P1080,2026-10-09,P,1.08,0.000200000,3,63
2026-08-11,EUU,OPT,EUUV6 P1090,2026-10-09,P,1.09,0.000250000,3,44
2026-08-11,EUU,OPT,EUUV6 P1095,2026-10-09,P,1.095,0.000300000,3,22
2026-08-11,EUU,OPT,EUUV6 P1100,2026-10-09,P,1.1,0.000350000,3,694
2026-08-11,EUU,OPT,EUUV6 P1105,2026-10-09,P,1.105,0.000450000,3,1273
2026-08-11,EUU,OPT,EUUV6 P1110,2026-10-09,P,1.11,0.000600000,3,162
2026-08-11,EUU,OPT,EUUV6 P1115,2026-10-09,P,1.115,0.000700000,3,1575
2026-08-11,EUU,OPT,EUUV6 P1120,2026-10-09,P,1.12,0.001000000,3,1009
2026-08-11,EUU,OPT,EUUV6 P1125,2026-10-09,P,1.125,0.001300000,3,753
2026-08-11,EUU,OPT,EUUV6 P1130,2026-10-09,P,1.13,0.001700000,3,2942
2026-08-11,EUU,OPT,EUUV6 P1135,2026-10-09,P,1.135,0.002300000,3,1412
2026-08-11,EUU,OPT,EUUV6 P1140,2026-10-09,P,1.14,0.003100000,3,2709
2026-08-11,EUU,OPT,EUUV6 P1145,2026-10-09,P,1.145,0.004200000,3,2038
2026-08-11,EUU,OPT,EUUV6 P1150,2026-10-09,P,1.15,0.005600000,3,2246
2026-08-11,EUU,OPT,EUUV6 P1155,2026-10-09,P,1.155,0.007300000,3,1978
2026-08-11,EUU,OPT,EUUV6 P1160,2026-10-09,P,1.16,0.009500000,3,754
2026-08-11,EUU,OPT,EUUV6 P1165,2026-10-09,P,1.165,0.012200000,3,1599
2026-08-11,EUU,OPT,EUUV6 P1170,2026-10-09,P,1.17,0.015300000,3,1089
2026-08-11,EUU,OPT,EUUV6 P1175,2026-10-09,P,1.175,0.018900000,3,710
2026-08-11,EUU,OPT,EUUV6 P1180,2026-10-09,P,1.18,0.022800000,3,1459
2026-08-11,EUU,OPT,EUUV6 P1185,2026-10-09,P,1.185,0.027000000,3,167
2026-08-11,EUU,OPT,EUUV6 P1190,2026-10-09,P,1.19,0.031400000,3,768
2026-08-11,EUU,OPT,EUUV6 P1195,2026-10-09,P,1.195,0.036000000,3,284
2026-08-11,EUU,OPT,EUUV6 P1200,2026-10-09,P,1.2,0.040700000,3,1079
2026-08-11,EUU,OPT,EUUV6 P1205,2026-10-09,P,1.205,0.045500000,3,91
2026-08-11,EUU,OPT,EUUV6 P1210,2026-10-09,P,1.21,0.050400000,3,5
2026-08-11,EUU,OPT,EUUV6 P1215,2026-10-09,P,1.215,0.055300000,3,5
2026-08-11,EUU,OPT,EUUV6 P1220,2026-10-09,P,1.22,0.060200000,3,
2026-08-11,EUU,OPT,EUUV6 P1225,2026-10-09,P,1.225,0.065100000,3,
2026-08-11,EUU,OPT,EUUV6 P1230,2026-10-09,P,1.23,0.070000000,3,
2026-08-11,EUU,OPT,EUUV6 P1235,2026-10-09,P,1.235,0.075000000,3,
2026-08-11,EUU,OPT,EUUV6 P1240,2026-10-09,P,1.24,0.080000000,3,
2026-08-11,EUU,OPT,EUUV6 P1245,2026-10-09,P,1.245,0.084900000,3,
2026-08-11,EUU,OPT,EUUV6 P1250,2026-10-09,P,1.25,0.089900000,3,
2026-08-11,EUU,OPT,EUUV6 P1255,2026-10-09,P,1.255,0.094800000,3,
2026-08-11,EUU,OPT,EUUV6 P1260,2026-10-09,P,1.26,0.099800000,3,
2026-08-11,EUU,OPT,EUUV6 P1265,2026-10-09,P,1.265,0.104800000,3,
2026-08-11,EUU,OPT,EUUV6 P1270,2026-10-09,P,1.27,0.109700000,3,
2026-08-11,EUU,OPT,EUUV6 P1280,2026-10-09,P,1.28,0.119700000,3,
2026-08-11,EUU,OPT,EUUV6 P1290,2026-10-09,P,1.29,0.129600000,3,
2026-08-11,EUU,OPT,EUUV6 P1300,2026-10-09,P,1.3,0.139500000,3,
2026-08-11,EUU,OPT,EUUV6 P1310,2026-10-09,P,1.31,0.149500000,3,
2026-08-11,EUU,OPT,EUUV6 P1320,2026-10-09,P,1.32,0.159400000,3,
2026-08-11,EUU,OPT,EUUV6 P1330,2026-10-09,P,1.33,0.169300000,3,
2026-08-11,EUU,OPT,EUUV6 P1340,2026-10-09,P,1.34,0.179300000,3,
2026-08-11,EUU,OPT,EUUV6 P1350,2026-10-09,P,1.35,0.189200000,3,
2026-08-11,EUU,OPT,EUUV6 P1360,2026-10-09,P,1.36,0.199200000,3,
2026-08-11,EUU,OPT,EUUX6 C1000,2026-11-06,C,1,0.158200000,3,
2026-08-11,EUU,OPT,EUUX6 C1010,2026-11-06,C,1.01,0.148400000,3,
2026-08-11,EUU,OPT,EUUX6 C1020,2026-11-06,C,1.02,0.138500000,3,
2026-08-11,EUU,OPT,EUUX6 C1030,2026-11-06,C,1.03,0.128600000,3,
2026-08-11,EUU,OPT,EUUX6 C1040,2026-11-06,C,1.04,0.118700000,3,4
2026-08-11,EUU,OPT,EUUX6 C1050,2026-11-06,C,1.05,0.108800000,3,
2026-08-11,EUU,OPT,EUUX6 C1060,2026-11-06,C,1.06,0.099000000,3,
2026-08-11,EUU,OPT,EUUX6 C1070,2026-11-06,C,1.07,0.089100000,3,
2026-08-11,EUU,OPT,EUUX6 C1080,2026-11-06,C,1.08,0.079300000,3,4
2026-08-11,EUU,OPT,EUUX6 C1090,2026-11-06,C,1.09,0.069600000,3,
2026-08-11,EUU,OPT,EUUX6 C1095,2026-11-06,C,1.095,0.064800000,3,
2026-08-11,EUU,OPT,EUUX6 C1100,2026-11-06,C,1.1,0.060000000,3,
2026-08-11,EUU,OPT,EUUX6 C1105,2026-11-06,C,1.105,0.055200000,3,
2026-08-11,EUU,OPT,EUUX6 C1110,2026-11-06,C,1.11,0.050500000,3,
2026-08-11,EUU,OPT,EUUX6 C1115,2026-11-06,C,1.115,0.045900000,3,
2026-08-11,EUU,OPT,EUUX6 C1120,2026-11-06,C,1.12,0.041300000,3,
2026-08-11,EUU,OPT,EUUX6 C1125,2026-11-06,C,1.125,0.036900000,3,
2026-08-11,EUU,OPT,EUUX6 C1130,2026-11-06,C,1.13,0.032600000,3,10
2026-08-11,EUU,OPT,EUUX6 C1135,2026-11-06,C,1.135,0.028400000,3,37
2026-08-11,EUU,OPT,EUUX6 C1140,2026-11-06,C,1.14,0.024500000,3,57
2026-08-11,EUU,OPT,EUUX6 C1145,2026-11-06,C,1.145,0.020800000,3,142
2026-08-11,EUU,OPT,EUUX6 C1150,2026-11-06,C,1.15,0.017500000,3,307
2026-08-11,EUU,OPT,EUUX6 C1155,2026-11-06,C,1.155,0.014400000,3,195
2026-08-11,EUU,OPT,EUUX6 C1160,2026-11-06,C,1.16,0.011700000,3,96
2026-08-11,EUU,OPT,EUUX6 C1165,2026-11-06,C,1.165,0.009400000,3,654
2026-08-11,EUU,OPT,EUUX6 C1170,2026-11-06,C,1.17,0.007400000,3,1999
2026-08-11,EUU,OPT,EUUX6 C1175,2026-11-06,C,1.175,0.005800000,3,47
2026-08-11,EUU,OPT,EUUX6 C1180,2026-11-06,C,1.18,0.004400000,3,125
2026-08-11,EUU,OPT,EUUX6 C1185,2026-11-06,C,1.185,0.003400000,3,405
2026-08-11,EUU,OPT,EUUX6 C1190,2026-11-06,C,1.19,0.002600000,3,1017
2026-08-11,EUU,OPT,EUUX6 C1195,2026-11-06,C,1.195,0.002000000,3,1304
2026-08-11,EUU,OPT,EUUX6 C1200,2026-11-06,C,1.2,0.001500000,3,1069
2026-08-11,EUU,OPT,EUUX6 C1205,2026-11-06,C,1.205,0.001200000,3,838
2026-08-11,EUU,OPT,EUUX6 C1210,2026-11-06,C,1.21,0.000900000,3,20
2026-08-11,EUU,OPT,EUUX6 C1215,2026-11-06,C,1.215,0.000700000,3,14
2026-08-11,EUU,OPT,EUUX6 C1220,2026-11-06,C,1.22,0.000500000,3,25
2026-08-11,EUU,OPT,EUUX6 C1225,2026-11-06,C,1.225,0.000450000,3,505
2026-08-11,EUU,OPT,EUUX6 C1230,2026-11-06,C,1.23,0.000350000,3,26
2026-08-11,EUU,OPT,EUUX6 C1235,2026-11-06,C,1.235,0.000300000,3,441
2026-08-11,EUU,OPT,EUUX6 C1240,2026-11-06,C,1.24,0.000250000,3,16
2026-08-11,EUU,OPT,EUUX6 C1245,2026-11-06,C,1.245,0.000200000,3,700
2026-08-11,EUU,OPT,EUUX6 C1250,2026-11-06,C,1.25,0.000150000,3,182
2026-08-11,EUU,OPT,EUUX6 C1255,2026-11-06,C,1.255,0.000150000,3,
2026-08-11,EUU,OPT,EUUX6 C1260,2026-11-06,C,1.26,0.000100000,3,96
2026-08-11,EUU,OPT,EUUX6 C1265,2026-11-06,C,1.265,0.000100000,3,18
2026-08-11,EUU,OPT,EUUX6 C1270,2026-11-06,C,1.27,0.000100000,3,32
2026-08-11,EUU,OPT,EUUX6 C1280,2026-11-06,C,1.28,0.000100000,3,32
2026-08-11,EUU,OPT,EUUX6 C1290,2026-11-06,C,1.29,0.000050000,3,33
2026-08-11,EUU,OPT,EUUX6 C1300,2026-11-06,C,1.3,0.000050000,3,1602
2026-08-11,EUU,OPT,EUUX6 C1310,2026-11-06,C,1.31,0.000050000,3,17
2026-08-11,EUU,OPT,EUUX6 C1320,2026-11-06,C,1.32,0.000050000,3,23
2026-08-11,EUU,OPT,EUUX6 C1330,2026-11-06,C,1.33,0.000050000,3,624
2026-08-11,EUU,OPT,EUUX6 C1340,2026-11-06,C,1.34,0.000050000,3,23
2026-08-11,EUU,OPT,EUUX6 C1350,2026-11-06,C,1.35,0.000050000,3,
2026-08-11,EUU,OPT,EUUX6 C1360,2026-11-06,C,1.36,0.000050000,3,6
2026-08-11,EUU,OPT,EUUX6 P1000,2026-11-06,P,1,0.000050000,3,
2026-08-11,EUU,OPT,EUUX6 P1010,2026-11-06,P,1.01,0.000050000,3,
2026-08-11,EUU,OPT,EUUX6 P1020,2026-11-06,P,1.02,0.000050000,3,83
2026-08-11,EUU,OPT,EUUX6 P1030,2026-11-06,P,1.03,0.000100000,3,10
2026-08-11,EUU,OPT,EUUX6 P1040,2026-11-06,P,1.04,0.000100000,3,1
2026-08-11,EUU,OPT,EUUX6 P1050,2026-11-06,P,1.05,0.000150000,3,1
2026-08-11,EUU,OPT,EUUX6 P1060,2026-11-06,P,1.06,0.000200000,3,401
2026-08-11,EUU,OPT,EUUX6 P1070,2026-11-06,P,1.07,0.000300000,3,2040
2026-08-11,EUU,OPT,EUUX6 P1080,2026-11-06,P,1.08,0.000400000,3,58
2026-08-11,EUU,OPT,EUUX6 P1090,2026-11-06,P,1.09,0.000600000,3,133
2026-08-11,EUU,OPT,EUUX6 P1095,2026-11-06,P,1.095,0.000700000,3,31
2026-08-11,EUU,OPT,EUUX6 P1100,2026-11-06,P,1.1,0.000900000,3,42
2026-08-11,EUU,OPT,EUUX6 P1105,2026-11-06,P,1.105,0.001000000,3,1031
2026-08-11,EUU,OPT,EUUX6 P1110,2026-11-06,P,1.11,0.001300000,3,2405
2026-08-11,EUU,OPT,EUUX6 P1115,2026-11-06,P,1.115,0.001600000,3,371
2026-08-11,EUU,OPT,EUUX6 P1120,2026-11-06,P,1.12,0.002000000,3,1210
2026-08-11,EUU,OPT,EUUX6 P1125,2026-11-06,P,1.125,0.002500000,3,742
2026-08-11,EUU,OPT,EUUX6 P1130,2026-11-06,P,1.13,0.003200000,3,563
2026-08-11,EUU,OPT,EUUX6 P1135,2026-11-06,P,1.135,0.004000000,3,262
2026-08-11,EUU,OPT,EUUX6 P1140,2026-11-06,P,1.14,0.005000000,3,767
2026-08-11,EUU,OPT,EUUX6 P1145,2026-11-06,P,1.145,0.006300000,3,632
2026-08-11,EUU,OPT,EUUX6 P1150,2026-11-06,P,1.15,0.007900000,3,1691
2026-08-11,EUU,OPT,EUUX6 P1155,2026-11-06,P,1.155,0.009800000,3,527
2026-08-11,EUU,OPT,EUUX6 P1160,2026-11-06,P,1.16,0.012000000,3,191
2026-08-11,EUU,OPT,EUUX6 P1165,2026-11-06,P,1.165,0.014700000,3,38
2026-08-11,EUU,OPT,EUUX6 P1170,2026-11-06,P,1.17,0.017600000,3,1012
2026-08-11,EUU,OPT,EUUX6 P1175,2026-11-06,P,1.175,0.021000000,3,536
2026-08-11,EUU,OPT,EUUX6 P1180,2026-11-06,P,1.18,0.024600000,3,206
2026-08-11,EUU,OPT,EUUX6 P1185,2026-11-06,P,1.185,0.028500000,3,8
2026-08-11,EUU,OPT,EUUX6 P1190,2026-11-06,P,1.19,0.032700000,3,454
2026-08-11,EUU,OPT,EUUX6 P1195,2026-11-06,P,1.195,0.037000000,3,521
2026-08-11,EUU,OPT,EUUX6 P1200,2026-11-06,P,1.2,0.041500000,3,600
2026-08-11,EUU,OPT,EUUX6 P1205,2026-11-06,P,1.205,0.046100000,3,69
2026-08-11,EUU,OPT,EUUX6 P1210,2026-11-06,P,1.21,0.050800000,3,
2026-08-11,EUU,OPT,EUUX6 P1215,2026-11-06,P,1.215,0.055600000,3,92
2026-08-11,EUU,OPT,EUUX6 P1220,2026-11-06,P,1.22,0.060400000,3,
2026-08-11,EUU,OPT,EUUX6 P1225,2026-11-06,P,1.225,0.065200000,3,
2026-08-11,EUU,OPT,EUUX6 P1230,2026-11-06,P,1.23,0.070100000,3,
2026-08-11,EUU,OPT,EUUX6 P1235,2026-11-06,P,1.235,0.075000000,3,
2026-08-11,EUU,OPT,EUUX6 P1240,2026-11-06,P,1.24,0.079900000,3,1
2026-08-11,EUU,OPT,EUUX6 P1245,2026-11-06,P,1.245,0.084800000,3,
2026-08-11,EUU,OPT,EUUX6 P1250,2026-11-06,P,1.25,0.089700000,3,
2026-08-11,EUU,OPT,EUUX6 P1255,2026-11-06,P,1.255,0.094600000,3,
2026-08-11,EUU,OPT,EUUX6 P1260,2026-11-06,P,1.26,0.099600000,3,
2026-08-11,EUU,OPT,EUUX6 P1265,2026-11-06,P,1.265,0.104500000,3,
2026-08-11,EUU,OPT,EUUX6 P1270,2026-11-06,P,1.27,0.109500000,3,
2026-08-11,EUU,OPT,EUUX6 P1280,2026-11-06,P,1.28,0.119400000,3,
2026-08-11,EUU,OPT,EUUX6 P1290,2026-11-06,P,1.29,0.129300000,3,
2026-08-11,EUU,OPT,EUUX6 P1300,2026-11-06,P,1.3,0.139200000,3,
2026-08-11,EUU,OPT,EUUX6 P1310,2026-11-06,P,1.31,0.149100000,3,
2026-08-11,EUU,OPT,EUUX6 P1320,2026-11-06,P,1.32,0.158900000,3,
2026-08-11,EUU,OPT,EUUX6 P1330,2026-11-06,P,1.33,0.168900000,3,
2026-08-11,EUU,OPT,EUUX6 P1340,2026-11-06,P,1.34,0.178800000,3,
2026-08-11,EUU,OPT,EUUX6 P1350,2026-11-06,P,1.35,0.188700000,3,
2026-08-11,EUU,OPT,EUUX6 P1360,2026-11-06,P,1.36,0.198600000,3,
2026-08-11,EUU,OPT,EUUZ6 C0910,2026-12-04,C,0.91,0.246700000,3,
2026-08-11,EUU,OPT,EUUZ6 C0920,2026-12-04,C,0.92,0.236800000,3,
2026-08-11,EUU,OPT,EUUZ6 C0930,2026-12-04,C,0.93,0.226900000,3,
2026-08-11,EUU,OPT,EUUZ6 C0940,2026-12-04,C,0.94,0.217100000,3,
2026-08-11,EUU,OPT,EUUZ6 C0950,2026-12-04,C,0.95,0.207200000,3,
2026-08-11,EUU,OPT,EUUZ6 C0960,2026-12-04,C,0.96,0.197400000,3,
2026-08-11,EUU,OPT,EUUZ6 C0970,2026-12-04,C,0.97,0.187500000,3,
2026-08-11,EUU,OPT,EUUZ6 C0980,2026-12-04,C,0.98,0.177600000,3,
2026-08-11,EUU,OPT,EUUZ6 C0990,2026-12-04,C,0.99,0.167800000,3,
2026-08-11,EUU,OPT,EUUZ6 C1000,2026-12-04,C,1,0.157900000,3,
2026-08-11,EUU,OPT,EUUZ6 C1010,2026-12-04,C,1.01,0.148000000,3,
2026-08-11,EUU,OPT,EUUZ6 C1015,2026-12-04,C,1.015,0.143100000,3,
2026-08-11,EUU,OPT,EUUZ6 C1020,2026-12-04,C,1.02,0.138200000,3,
2026-08-11,EUU,OPT,EUUZ6 C1025,2026-12-04,C,1.025,0.133300000,3,
2026-08-11,EUU,OPT,EUUZ6 C1030,2026-12-04,C,1.03,0.128300000,3,
2026-08-11,EUU,OPT,EUUZ6 C1035,2026-12-04,C,1.035,0.123400000,3,
2026-08-11,EUU,OPT,EUUZ6 C1040,2026-12-04,C,1.04,0.118500000,3,
2026-08-11,EUU,OPT,EUUZ6 C1045,2026-12-04,C,1.045,0.113600000,3,
2026-08-11,EUU,OPT,EUUZ6 C1050,2026-12-04,C,1.05,0.108700000,3,4
2026-08-11,EUU,OPT,EUUZ6 C1055,2026-12-04,C,1.055,0.103800000,3,
2026-08-11,EUU,OPT,EUUZ6 C1060,2026-12-04,C,1.06,0.098900000,3,
2026-08-11,EUU,OPT,EUUZ6 C1065,2026-12-04,C,1.065,0.094000000,3,
2026-08-11,EUU,OPT,EUUZ6 C1070,2026-12-04,C,1.07,0.089100000,3,
2026-08-11,EUU,OPT,EUUZ6 C1075,2026-12-04,C,1.075,0.084200000,3,
2026-08-11,EUU,OPT,EUUZ6 C1080,2026-12-04,C,1.08,0.079400000,3,1
2026-08-11,EUU,OPT,EUUZ6 C1085,2026-12-04,C,1.085,0.074600000,3,
2026-08-11,EUU,OPT,EUUZ6 C1090,2026-12-04,C,1.09,0.069800000,3,4
2026-08-11,EUU,OPT,EUUZ6 C1095,2026-12-04,C,1.095,0.065000000,3,
2026-08-11,EUU,OPT,EUUZ6 C1100,2026-12-04,C,1.1,0.060300000,3,1
2026-08-11,EUU,OPT,EUUZ6 C1105,2026-12-04,C,1.105,0.055600000,3,
2026-08-11,EUU,OPT,EUUZ6 C1110,2026-12-04,C,1.11,0.051000000,3,
2026-08-11,EUU,OPT,EUUZ6 C1115,2026-12-04,C,1.115,0.046500000,3,
2026-08-11,EUU,OPT,EUUZ6 C1120,2026-12-04,C,1.12,0.042100000,3,4
2026-08-11,EUU,OPT,EUUZ6 C1125,2026-12-04,C,1.125,0.037800000,3,1
2026-08-11,EUU,OPT,EUUZ6 C1130,2026-12-04,C,1.13,0.033700000,3,18
2026-08-11,EUU,OPT,EUUZ6 C1135,2026-12-04,C,1.135,0.029800000,3,17
2026-08-11,EUU,OPT,EUUZ6 C1140,2026-12-04,C,1.14,0.026000000,3,116
2026-08-11,EUU,OPT,EUUZ6 C1145,2026-12-04,C,1.145,0.022500000,3,208
2026-08-11,EUU,OPT,EUUZ6 C1150,2026-12-04,C,1.15,0.019200000,3,106
2026-08-11,EUU,OPT,EUUZ6 C1155,2026-12-04,C,1.155,0.016200000,3,213
2026-08-11,EUU,OPT,EUUZ6 C1160,2026-12-04,C,1.16,0.013500000,3,779
2026-08-11,EUU,OPT,EUUZ6 C1165,2026-12-04,C,1.165,0.011100000,3,573
2026-08-11,EUU,OPT,EUUZ6 C1170,2026-12-04,C,1.17,0.009000000,3,6725
2026-08-11,EUU,OPT,EUUZ6 C1175,2026-12-04,C,1.175,0.007300000,3,257
2026-08-11,EUU,OPT,EUUZ6 C1180,2026-12-04,C,1.18,0.005900000,3,10060
2026-08-11,EUU,OPT,EUUZ6 C1185,2026-12-04,C,1.185,0.004700000,3,625
2026-08-11,EUU,OPT,EUUZ6 C1190,2026-12-04,C,1.19,0.003800000,3,683
2026-08-11,EUU,OPT,EUUZ6 C1195,2026-12-04,C,1.195,0.003100000,3,1106
2026-08-11,EUU,OPT,EUUZ6 C1200,2026-12-04,C,1.2,0.002400000,3,8497
2026-08-11,EUU,OPT,EUUZ6 C1205,2026-12-04,C,1.205,0.002000000,3,446
2026-08-11,EUU,OPT,EUUZ6 C1210,2026-12-04,C,1.21,0.001600000,3,297
2026-08-11,EUU,OPT,EUUZ6 C1215,2026-12-04,C,1.215,0.001300000,3,47
2026-08-11,EUU,OPT,EUUZ6 C1220,2026-12-04,C,1.22,0.001000000,3,208
2026-08-11,EUU,OPT,EUUZ6 C1225,2026-12-04,C,1.225,0.000800000,3,130
2026-08-11,EUU,OPT,EUUZ6 C1230,2026-12-04,C,1.23,0.000600000,3,52
2026-08-11,EUU,OPT,EUUZ6 C1235,2026-12-04,C,1.235,0.000500000,3,959
2026-08-11,EUU,OPT,EUUZ6 C1240,2026-12-04,C,1.24,0.000400000,3,535
2026-08-11,EUU,OPT,EUUZ6 C1245,2026-12-04,C,1.245,0.000350000,3,438
2026-08-11,EUU,OPT,EUUZ6 C1250,2026-12-04,C,1.25,0.000300000,3,1533
2026-08-11,EUU,OPT,EUUZ6 C1255,2026-12-04,C,1.255,0.000300000,3,17
2026-08-11,EUU,OPT,EUUZ6 C1260,2026-12-04,C,1.26,0.000250000,3,238
2026-08-11,EUU,OPT,EUUZ6 C1265,2026-12-04,C,1.265,0.000200000,3,116
2026-08-11,EUU,OPT,EUUZ6 C1270,2026-12-04,C,1.27,0.000150000,3,23
2026-08-11,EUU,OPT,EUUZ6 C1280,2026-12-04,C,1.28,0.000100000,3,165
2026-08-11,EUU,OPT,EUUZ6 C1290,2026-12-04,C,1.29,0.000100000,3,40
2026-08-11,EUU,OPT,EUUZ6 C1300,2026-12-04,C,1.3,0.000050000,3,792
2026-08-11,EUU,OPT,EUUZ6 C1310,2026-12-04,C,1.31,0.000050000,3,690
2026-08-11,EUU,OPT,EUUZ6 C1320,2026-12-04,C,1.32,0.000050000,3,10
2026-08-11,EUU,OPT,EUUZ6 C1330,2026-12-04,C,1.33,0.000050000,3,37
2026-08-11,EUU,OPT,EUUZ6 C1340,2026-12-04,C,1.34,0.000050000,3,11
2026-08-11,EUU,OPT,EUUZ6 C1350,2026-12-04,C,1.35,0.000050000,3,358
2026-08-11,EUU,OPT,EUUZ6 C1360,2026-12-04,C,1.36,0.000050000,3,11
2026-08-11,EUU,OPT,EUUZ6 P0910,2026-12-04,P,0.91,0.000050000,3,1
2026-08-11,EUU,OPT,EUUZ6 P0920,2026-12-04,P,0.92,0.000050000,3,
2026-08-11,EUU,OPT,EUUZ6 P0930,2026-12-04,P,0.93,0.000050000,3,8
2026-08-11,EUU,OPT,EUUZ6 P0940,2026-12-04,P,0.94,0.000050000,3,
2026-08-11,EUU,OPT,EUUZ6 P0950,2026-12-04,P,0.95,0.000050000,3,71
2026-08-11,EUU,OPT,EUUZ6 P0960,2026-12-04,P,0.96,0.000050000,3,
2026-08-11,EUU,OPT,EUUZ6 P0970,2026-12-04,P,0.97,0.000100000,3,1
2026-08-11,EUU,OPT,EUUZ6 P0980,2026-12-04,P,0.98,0.000100000,3,
2026-08-11,EUU,OPT,EUUZ6 P0990,2026-12-04,P,0.99,0.000100000,3,100
2026-08-11,EUU,OPT,EUUZ6 P1000,2026-12-04,P,1,0.000150000,3,204
2026-08-11,EUU,OPT,EUUZ6 P1010,2026-12-04,P,1.01,0.000150000,3,253
2026-08-11,EUU,OPT,EUUZ6 P1015,2026-12-04,P,1.015,0.000150000,3,
2026-08-11,EUU,OPT,EUUZ6 P1020,2026-12-04,P,1.02,0.000200000,3,82
2026-08-11,EUU,OPT,EUUZ6 P1025,2026-12-04,P,1.025,0.000200000,3,1
2026-08-11,EUU,OPT,EUUZ6 P1030,2026-12-04,P,1.03,0.000200000,3,182
2026-08-11,EUU,OPT,EUUZ6 P1035,2026-12-04,P,1.035,0.000250000,3,
2026-08-11,EUU,OPT,EUUZ6 P1040,2026-12-04,P,1.04,0.000250000,3,7
2026-08-11,EUU,OPT,EUUZ6 P1045,2026-12-04,P,1.045,0.000300000,3,506
2026-08-11,EUU,OPT,EUUZ6 P1050,2026-12-04,P,1.05,0.000300000,3,1938
2026-08-11,EUU,OPT,EUUZ6 P1055,2026-12-04,P,1.055,0.000350000,3,27
2026-08-11,EUU,OPT,EUUZ6 P1060,2026-12-04,P,1.06,0.000400000,3,59
2026-08-11,EUU,OPT,EUUZ6 P1065,2026-12-04,P,1.065,0.000450000,3,31
2026-08-11,EUU,OPT,EUUZ6 P1070,2026-12-04,P,1.07,0.000500000,3,24
2026-08-11,EUU,OPT,EUUZ6 P1075,2026-12-04,P,1.075,0.000600000,3,80
2026-08-11,EUU,OPT,EUUZ6 P1080,2026-12-04,P,1.08,0.000700000,3,1686
2026-08-11,EUU,OPT,EUUZ6 P1085,2026-12-04,P,1.085,0.000800000,3,16
2026-08-11,EUU,OPT,EUUZ6 P1090,2026-12-04,P,1.09,0.001000000,3,825
2026-08-11,EUU,OPT,EUUZ6 P1095,2026-12-04,P,1.095,0.001100000,3,94
2026-08-11,EUU,OPT,EUUZ6 P1100,2026-12-04,P,1.1,0.001400000,3,1283
2026-08-11,EUU,OPT,EUUZ6 P1105,2026-12-04,P,1.105,0.001600000,3,507
2026-08-11,EUU,OPT,EUUZ6 P1110,2026-12-04,P,1.11,0.002000000,3,977
2026-08-11,EUU,OPT,EUUZ6 P1115,2026-12-04,P,1.115,0.002400000,3,487
2026-08-11,EUU,OPT,EUUZ6 P1120,2026-12-04,P,1.12,0.002900000,3,1317
2026-08-11,EUU,OPT,EUUZ6 P1125,2026-12-04,P,1.125,0.003600000,3,400
2026-08-11,EUU,OPT,EUUZ6 P1130,2026-12-04,P,1.13,0.004400000,3,1874
2026-08-11,EUU,OPT,EUUZ6 P1135,2026-12-04,P,1.135,0.005400000,3,949
2026-08-11,EUU,OPT,EUUZ6 P1140,2026-12-04,P,1.14,0.006600000,3,1495
2026-08-11,EUU,OPT,EUUZ6 P1145,2026-12-04,P,1.145,0.008000000,3,1340
2026-08-11,EUU,OPT,EUUZ6 P1150,2026-12-04,P,1.15,0.009700000,3,2154
2026-08-11,EUU,OPT,EUUZ6 P1155,2026-12-04,P,1.155,0.011600000,3,238
2026-08-11,EUU,OPT,EUUZ6 P1160,2026-12-04,P,1.16,0.013800000,3,176
2026-08-11,EUU,OPT,EUUZ6 P1165,2026-12-04,P,1.165,0.016400000,3,419
2026-08-11,EUU,OPT,EUUZ6 P1170,2026-12-04,P,1.17,0.019300000,3,1325
2026-08-11,EUU,OPT,EUUZ6 P1175,2026-12-04,P,1.175,0.022500000,3,118
2026-08-11,EUU,OPT,EUUZ6 P1180,2026-12-04,P,1.18,0.026000000,3,157
2026-08-11,EUU,OPT,EUUZ6 P1185,2026-12-04,P,1.185,0.029800000,3,71
2026-08-11,EUU,OPT,EUUZ6 P1190,2026-12-04,P,1.19,0.033800000,3,834
2026-08-11,EUU,OPT,EUUZ6 P1195,2026-12-04,P,1.195,0.038000000,3,68
2026-08-11,EUU,OPT,EUUZ6 P1200,2026-12-04,P,1.2,0.042300000,3,24
2026-08-11,EUU,OPT,EUUZ6 P1205,2026-12-04,P,1.205,0.046800000,3,521
2026-08-11,EUU,OPT,EUUZ6 P1210,2026-12-04,P,1.21,0.051300000,3,1
2026-08-11,EUU,OPT,EUUZ6 P1215,2026-12-04,P,1.215,0.056000000,3,
2026-08-11,EUU,OPT,EUUZ6 P1220,2026-12-04,P,1.22,0.060600000,3,
2026-08-11,EUU,OPT,EUUZ6 P1225,2026-12-04,P,1.225,0.065400000,3,
2026-08-11,EUU,OPT,EUUZ6 P1230,2026-12-04,P,1.23,0.070200000,3,
2026-08-11,EUU,OPT,EUUZ6 P1235,2026-12-04,P,1.235,0.075000000,3,
2026-08-11,EUU,OPT,EUUZ6 P1240,2026-12-04,P,1.24,0.079800000,3,
2026-08-11,EUU,OPT,EUUZ6 P1245,2026-12-04,P,1.245,0.084700000,3,
2026-08-11,EUU,OPT,EUUZ6 P1250,2026-12-04,P,1.25,0.089600000,3,
2026-08-11,EUU,OPT,EUUZ6 P1255,2026-12-04,P,1.255,0.094500000,3,
2026-08-11,EUU,OPT,EUUZ6 P1260,2026-12-04,P,1.26,0.099400000,3,
2026-08-11,EUU,OPT,EUUZ6 P1265,2026-12-04,P,1.265,0.104300000,3,
2026-08-11,EUU,OPT,EUUZ6 P1270,2026-12-04,P,1.27,0.109200000,3,
2026-08-11,EUU,OPT,EUUZ6 P1280,2026-12-04,P,1.28,0.119000000,3,
2026-08-11,EUU,OPT,EUUZ6 P1290,2026-12-04,P,1.29,0.128900000,3,
2026-08-11,EUU,OPT,EUUZ6 P1300,2026-12-04,P,1.3,0.138800000,3,
2026-08-11,EUU,OPT,EUUZ6 P1310,2026-12-04,P,1.31,0.148600000,3,
2026-08-11,EUU,OPT,EUUZ6 P1320,2026-12-04,P,1.32,0.158500000,3,1000
2026-08-11,EUU,OPT,EUUZ6 P1330,2026-12-04,P,1.33,0.168400000,3,
2026-08-11,EUU,OPT,EUUZ6 P1340,2026-12-04,P,1.34,0.178200000,3,
2026-08-11,EUU,OPT,EUUZ6 P1350,2026-12-04,P,1.35,0.188100000,3,
2026-08-11,EUU,OPT,EUUZ6 P1360,2026-12-04,P,1.36,0.198000000,3,
2026-08-11,EUU,OPT,EUUF7 C1000,2027-01-08,C,1,0.161400000,3,
2026-08-11,EUU,OPT,EUUF7 C1010,2027-01-08,C,1.01,0.151600000,3,
2026-08-11,EUU,OPT,EUUF7 C1020,2027-01-08,C,1.02,0.141800000,3,
2026-08-11,EUU,OPT,EUUF7 C1030,2027-01-08,C,1.03,0.132000000,3,
2026-08-11,EUU,OPT,EUUF7 C1040,2027-01-08,C,1.04,0.122300000,3,
2026-08-11,EUU,OPT,EUUF7 C1050,2027-01-08,C,1.05,0.112500000,3,
2026-08-11,EUU,OPT,EUUF7 C1060,2027-01-08,C,1.06,0.102800000,3,
2026-08-11,EUU,OPT,EUUF7 C1070,2027-01-08,C,1.07,0.093100000,3,
2026-08-11,EUU,OPT,EUUF7 C1080,2027-01-08,C,1.08,0.083500000,3,
2026-08-11,EUU,OPT,EUUF7 C1090,2027-01-08,C,1.09,0.074000000,3,
2026-08-11,EUU,OPT,EUUF7 C1100,2027-01-08,C,1.1,0.064700000,3,6
2026-08-11,EUU,OPT,EUUF7 C1105,2027-01-08,C,1.105,0.060100000,3,
2026-08-11,EUU,OPT,EUUF7 C1110,2027-01-08,C,1.11,0.055600000,3,
2026-08-11,EUU,OPT,EUUF7 C1115,2027-01-08,C,1.115,0.051100000,3,
2026-08-11,EUU,OPT,EUUF7 C1120,2027-01-08,C,1.12,0.046800000,3,
2026-08-11,EUU,OPT,EUUF7 C1125,2027-01-08,C,1.125,0.042600000,3,
2026-08-11,EUU,OPT,EUUF7 C1130,2027-01-08,C,1.13,0.038500000,3,
2026-08-11,EUU,OPT,EUUF7 C1135,2027-01-08,C,1.135,0.034500000,3,
2026-08-11,EUU,OPT,EUUF7 C1140,2027-01-08,C,1.14,0.030700000,3,31
2026-08-11,EUU,OPT,EUUF7 C1145,2027-01-08,C,1.145,0.027100000,3,
2026-08-11,EUU,OPT,EUUF7 C1150,2027-01-08,C,1.15,0.023700000,3,2
2026-08-11,EUU,OPT,EUUF7 C1155,2027-01-08,C,1.155,0.020500000,3,106
2026-08-11,EUU,OPT,EUUF7 C1160,2027-01-08,C,1.16,0.017600000,3,
2026-08-11,EUU,OPT,EUUF7 C1165,2027-01-08,C,1.165,0.015000000,3,241
2026-08-11,EUU,OPT,EUUF7 C1170,2027-01-08,C,1.17,0.012700000,3,752
2026-08-11,EUU,OPT,EUUF7 C1175,2027-01-08,C,1.175,0.010700000,3,51
2026-08-11,EUU,OPT,EUUF7 C1180,2027-01-08,C,1.18,0.009000000,3,13
2026-08-11,EUU,OPT,EUUF7 C1185,2027-01-08,C,1.185,0.007500000,3,421
2026-08-11,EUU,OPT,EUUF7 C1190,2027-01-08,C,1.19,0.006200000,3,175
2026-08-11,EUU,OPT,EUUF7 C1195,2027-01-08,C,1.195,0.005100000,3,106
2026-08-11,EUU,OPT,EUUF7 C1200,2027-01-08,C,1.2,0.004200000,3,816
2026-08-11,EUU,OPT,EUUF7 C1205,2027-01-08,C,1.205,0.003500000,3,31
2026-08-11,EUU,OPT,EUUF7 C1210,2027-01-08,C,1.21,0.002800000,3,56
2026-08-11,EUU,OPT,EUUF7 C1215,2027-01-08,C,1.215,0.002300000,3,101
2026-08-11,EUU,OPT,EUUF7 C1220,2027-01-08,C,1.22,0.001900000,3,44
2026-08-11,EUU,OPT,EUUF7 C1225,2027-01-08,C,1.225,0.001600000,3,9
2026-08-11,EUU,OPT,EUUF7 C1230,2027-01-08,C,1.23,0.001400000,3,10
2026-08-11,EUU,OPT,EUUF7 C1235,2027-01-08,C,1.235,0.001100000,3,524
2026-08-11,EUU,OPT,EUUF7 C1240,2027-01-08,C,1.24,0.001000000,3,16
2026-08-11,EUU,OPT,EUUF7 C1245,2027-01-08,C,1.245,0.000800000,3,17
2026-08-11,EUU,OPT,EUUF7 C1250,2027-01-08,C,1.25,0.000700000,3,465
2026-08-11,EUU,OPT,EUUF7 C1255,2027-01-08,C,1.255,0.000600000,3,600
2026-08-11,EUU,OPT,EUUF7 C1260,2027-01-08,C,1.26,0.000600000,3,1
2026-08-11,EUU,OPT,EUUF7 C1265,2027-01-08,C,1.265,0.000500000,3,
2026-08-11,EUU,OPT,EUUF7 C1270,2027-01-08,C,1.27,0.000400000,3,3
2026-08-11,EUU,OPT,EUUF7 C1280,2027-01-08,C,1.28,0.000300000,3,2
2026-08-11,EUU,OPT,EUUF7 C1290,2027-01-08,C,1.29,0.000250000,3,
2026-08-11,EUU,OPT,EUUF7 C1300,2027-01-08,C,1.3,0.000200000,3,1
2026-08-11,EUU,OPT,EUUF7 C1310,2027-01-08,C,1.31,0.000150000,3,
2026-08-11,EUU,OPT,EUUF7 C1320,2027-01-08,C,1.32,0.000150000,3,15
2026-08-11,EUU,OPT,EUUF7 C1330,2027-01-08,C,1.33,0.000100000,3,
2026-08-11,EUU,OPT,EUUF7 C1340,2027-01-08,C,1.34,0.000100000,3,500
2026-08-11,EUU,OPT,EUUF7 C1350,2027-01-08,C,1.35,0.000050000,3,40
2026-08-11,EUU,OPT,EUUF7 C1360,2027-01-08,C,1.36,0.000050000,3,10
2026-08-11,EUU,OPT,EUUF7 C1370,2027-01-08,C,1.37,0.000050000,3,8
2026-08-11,EUU,OPT,EUUF7 P1000,2027-01-08,P,1,0.000100000,3,20
2026-08-11,EUU,OPT,EUUF7 P1010,2027-01-08,P,1.01,0.000150000,3,
2026-08-11,EUU,OPT,EUUF7 P1020,2027-01-08,P,1.02,0.000150000,3,21
2026-08-11,EUU,OPT,EUUF7 P1030,2027-01-08,P,1.03,0.000250000,3,7
2026-08-11,EUU,OPT,EUUF7 P1040,2027-01-08,P,1.04,0.000350000,3,115
2026-08-11,EUU,OPT,EUUF7 P1050,2027-01-08,P,1.05,0.000450000,3,11
2026-08-11,EUU,OPT,EUUF7 P1060,2027-01-08,P,1.06,0.000600000,3,
2026-08-11,EUU,OPT,EUUF7 P1070,2027-01-08,P,1.07,0.000700000,3,17
2026-08-11,EUU,OPT,EUUF7 P1080,2027-01-08,P,1.08,0.001000000,3,5
2026-08-11,EUU,OPT,EUUF7 P1090,2027-01-08,P,1.09,0.001300000,3,2
2026-08-11,EUU,OPT,EUUF7 P1100,2027-01-08,P,1.1,0.001800000,3,123
2026-08-11,EUU,OPT,EUUF7 P1105,2027-01-08,P,1.105,0.002200000,3,
2026-08-11,EUU,OPT,EUUF7 P1110,2027-01-08,P,1.11,0.002600000,3,700
2026-08-11,EUU,OPT,EUUF7 P1115,2027-01-08,P,1.115,0.003000000,3,
2026-08-11,EUU,OPT,EUUF7 P1120,2027-01-08,P,1.12,0.003600000,3,23
2026-08-11,EUU,OPT,EUUF7 P1125,2027-01-08,P,1.125,0.004300000,3,2
2026-08-11,EUU,OPT,EUUF7 P1130,2027-01-08,P,1.13,0.005100000,3,93
2026-08-11,EUU,OPT,EUUF7 P1135,2027-01-08,P,1.135,0.006100000,3,132
2026-08-11,EUU,OPT,EUUF7 P1140,2027-01-08,P,1.14,0.007200000,3,8
2026-08-11,EUU,OPT,EUUF7 P1145,2027-01-08,P,1.145,0.008500000,3,1297
2026-08-11,EUU,OPT,EUUF7 P1150,2027-01-08,P,1.15,0.010000000,3,747
2026-08-11,EUU,OPT,EUUF7 P1155,2027-01-08,P,1.155,0.011800000,3,1072
2026-08-11,EUU,OPT,EUUF7 P1160,2027-01-08,P,1.16,0.013800000,3,1544
2026-08-11,EUU,OPT,EUUF7 P1165,2027-01-08,P,1.165,0.016200000,3,249
2026-08-11,EUU,OPT,EUUF7 P1170,2027-01-08,P,1.17,0.018800000,3,281
2026-08-11,EUU,OPT,EUUF7 P1175,2027-01-08,P,1.175,0.021700000,3,351
2026-08-11,EUU,OPT,EUUF7 P1180,2027-01-08,P,1.18,0.024900000,3,99
2026-08-11,EUU,OPT,EUUF7 P1185,2027-01-08,P,1.185,0.028300000,3,63
2026-08-11,EUU,OPT,EUUF7 P1190,2027-01-08,P,1.19,0.031900000,3,129
2026-08-11,EUU,OPT,EUUF7 P1195,2027-01-08,P,1.195,0.035800000,3,97
2026-08-11,EUU,OPT,EUUF7 P1200,2027-01-08,P,1.2,0.039800000,3,60
2026-08-11,EUU,OPT,EUUF7 P1205,2027-01-08,P,1.205,0.044000000,3,29
2026-08-11,EUU,OPT,EUUF7 P1210,2027-01-08,P,1.21,0.048300000,3,
2026-08-11,EUU,OPT,EUUF7 P1215,2027-01-08,P,1.215,0.052700000,3,122
2026-08-11,EUU,OPT,EUUF7 P1220,2027-01-08,P,1.22,0.057200000,3,
2026-08-11,EUU,OPT,EUUF7 P1225,2027-01-08,P,1.225,0.061800000,3,
2026-08-11,EUU,OPT,EUUF7 P1230,2027-01-08,P,1.23,0.066500000,3,
2026-08-11,EUU,OPT,EUUF7 P1235,2027-01-08,P,1.235,0.071200000,3,
2026-08-11,EUU,OPT,EUUF7 P1240,2027-01-08,P,1.24,0.075900000,3,
2026-08-11,EUU,OPT,EUUF7 P1245,2027-01-08,P,1.245,0.080700000,3,
2026-08-11,EUU,OPT,EUUF7 P1250,2027-01-08,P,1.25,0.085500000,3,
2026-08-11,EUU,OPT,EUUF7 P1255,2027-01-08,P,1.255,0.090400000,3,
2026-08-11,EUU,OPT,EUUF7 P1260,2027-01-08,P,1.26,0.095200000,3,
2026-08-11,EUU,OPT,EUUF7 P1265,2027-01-08,P,1.265,0.100100000,3,
2026-08-11,EUU,OPT,EUUF7 P1270,2027-01-08,P,1.27,0.104900000,3,
2026-08-11,EUU,OPT,EUUF7 P1280,2027-01-08,P,1.28,0.114700000,3,
2026-08-11,EUU,OPT,EUUF7 P1290,2027-01-08,P,1.29,0.124500000,3,
2026-08-11,EUU,OPT,EUUF7 P1300,2027-01-08,P,1.3,0.134200000,3,
2026-08-11,EUU,OPT,EUUF7 P1310,2027-01-08,P,1.31,0.144100000,3,
2026-08-11,EUU,OPT,EUUF7 P1320,2027-01-08,P,1.32,0.153900000,3,
2026-08-11,EUU,OPT,EUUF7 P1330,2027-01-08,P,1.33,0.163700000,3,
2026-08-11,EUU,OPT,EUUF7 P1340,2027-01-08,P,1.34,0.173500000,3,
2026-08-11,EUU,OPT,EUUF7 P1350,2027-01-08,P,1.35,0.183300000,3,
2026-08-11,EUU,OPT,EUUF7 P1360,2027-01-08,P,1.36,0.193200000,3,
2026-08-11,EUU,OPT,EUUF7 P1370,2027-01-08,P,1.37,0.203000000,3,
2026-08-11,EUU,OPT,EUUG7 C1000,2027-02-05,C,1,0.161100000,3,
2026-08-11,EUU,OPT,EUUG7 C1010,2027-02-05,C,1.01,0.151300000,3,
2026-08-11,EUU,OPT,EUUG7 C1020,2027-02-05,C,1.02,0.141500000,3,
2026-08-11,EUU,OPT,EUUG7 C1030,2027-02-05,C,1.03,0.131800000,3,
2026-08-11,EUU,OPT,EUUG7 C1040,2027-02-05,C,1.04,0.122100000,3,
2026-08-11,EUU,OPT,EUUG7 C1050,2027-02-05,C,1.05,0.112400000,3,
2026-08-11,EUU,OPT,EUUG7 C1060,2027-02-05,C,1.06,0.102800000,3,
2026-08-11,EUU,OPT,EUUG7 C1070,2027-02-05,C,1.07,0.093200000,3,
2026-08-11,EUU,OPT,EUUG7 C1080,2027-02-05,C,1.08,0.083700000,3,
2026-08-11,EUU,OPT,EUUG7 C1090,2027-02-05,C,1.09,0.074400000,3,
2026-08-11,EUU,OPT,EUUG7 C1100,2027-02-05,C,1.1,0.065200000,3,
2026-08-11,EUU,OPT,EUUG7 C1105,2027-02-05,C,1.105,0.060700000,3,
2026-08-11,EUU,OPT,EUUG7 C1110,2027-02-05,C,1.11,0.056300000,3,
2026-08-11,EUU,OPT,EUUG7 C1115,2027-02-05,C,1.115,0.052000000,3,
2026-08-11,EUU,OPT,EUUG7 C1120,2027-02-05,C,1.12,0.047700000,3,
2026-08-11,EUU,OPT,EUUG7 C1125,2027-02-05,C,1.125,0.043600000,3,
2026-08-11,EUU,OPT,EUUG7 C1130,2027-02-05,C,1.13,0.039600000,3,
2026-08-11,EUU,OPT,EUUG7 C1135,2027-02-05,C,1.135,0.035800000,3,5
2026-08-11,EUU,OPT,EUUG7 C1140,2027-02-05,C,1.14,0.032000000,3,
2026-08-11,EUU,OPT,EUUG7 C1145,2027-02-05,C,1.145,0.028500000,3,
2026-08-11,EUU,OPT,EUUG7 C1150,2027-02-05,C,1.15,0.025100000,3,100
2026-08-11,EUU,OPT,EUUG7 C1155,2027-02-05,C,1.155,0.022000000,3,14
2026-08-11,EUU,OPT,EUUG7 C1160,2027-02-05,C,1.16,0.019200000,3,11
2026-08-11,EUU,OPT,EUUG7 C1165,2027-02-05,C,1.165,0.016700000,3,255
2026-08-11,EUU,OPT,EUUG7 C1170,2027-02-05,C,1.17,0.014400000,3,92
2026-08-11,EUU,OPT,EUUG7 C1175,2027-02-05,C,1.175,0.012400000,3,11
2026-08-11,EUU,OPT,EUUG7 C1180,2027-02-05,C,1.18,0.010600000,3,111
2026-08-11,EUU,OPT,EUUG7 C1185,2027-02-05,C,1.185,0.009000000,3,2
2026-08-11,EUU,OPT,EUUG7 C1190,2027-02-05,C,1.19,0.007600000,3,2
2026-08-11,EUU,OPT,EUUG7 C1195,2027-02-05,C,1.195,0.006400000,3,6
2026-08-11,EUU,OPT,EUUG7 C1200,2027-02-05,C,1.2,0.005400000,3,66
2026-08-11,EUU,OPT,EUUG7 C1205,2027-02-05,C,1.205,0.004500000,3,
2026-08-11,EUU,OPT,EUUG7 C1210,2027-02-05,C,1.21,0.003800000,3,200
2026-08-11,EUU,OPT,EUUG7 C1215,2027-02-05,C,1.215,0.003200000,3,
2026-08-11,EUU,OPT,EUUG7 C1220,2027-02-05,C,1.22,0.002700000,3,1
2026-08-11,EUU,OPT,EUUG7 C1225,2027-02-05,C,1.225,0.002300000,3,
2026-08-11,EUU,OPT,EUUG7 C1230,2027-02-05,C,1.23,0.001900000,3,8
2026-08-11,EUU,OPT,EUUG7 C1235,2027-02-05,C,1.235,0.001700000,3,51
2026-08-11,EUU,OPT,EUUG7 C1240,2027-02-05,C,1.24,0.001400000,3,13
2026-08-11,EUU,OPT,EUUG7 C1245,2027-02-05,C,1.245,0.001200000,3,103
2026-08-11,EUU,OPT,EUUG7 C1250,2027-02-05,C,1.25,0.001100000,3,1
2026-08-11,EUU,OPT,EUUG7 C1255,2027-02-05,C,1.255,0.000900000,3,
2026-08-11,EUU,OPT,EUUG7 C1260,2027-02-05,C,1.26,0.000800000,3,
2026-08-11,EUU,OPT,EUUG7 C1270,2027-02-05,C,1.27,0.000700000,3,
2026-08-11,EUU,OPT,EUUG7 C1280,2027-02-05,C,1.28,0.000500000,3,16
2026-08-11,EUU,OPT,EUUG7 C1290,2027-02-05,C,1.29,0.000400000,3,3
2026-08-11,EUU,OPT,EUUG7 C1300,2027-02-05,C,1.3,0.000300000,3,48
2026-08-11,EUU,OPT,EUUG7 C1310,2027-02-05,C,1.31,0.000250000,3,100
2026-08-11,EUU,OPT,EUUG7 C1320,2027-02-05,C,1.32,0.000200000,3,5
2026-08-11,EUU,OPT,EUUG7 C1330,2027-02-05,C,1.33,0.000150000,3,40
2026-08-11,EUU,OPT,EUUG7 C1340,2027-02-05,C,1.34,0.000150000,3,504
2026-08-11,EUU,OPT,EUUG7 C1350,2027-02-05,C,1.35,0.000100000,3,1
2026-08-11,EUU,OPT,EUUG7 C1360,2027-02-05,C,1.36,0.000100000,3,
2026-08-11,EUU,OPT,EUUG7 P1000,2027-02-05,P,1,0.000250000,3,
2026-08-11,EUU,OPT,EUUG7 P1010,2027-02-05,P,1.01,0.000300000,3,
2026-08-11,EUU,OPT,EUUG7 P1020,2027-02-05,P,1.02,0.000350000,3,
2026-08-11,EUU,OPT,EUUG7 P1030,2027-02-05,P,1.03,0.000450000,3,
2026-08-11,EUU,OPT,EUUG7 P1040,2027-02-05,P,1.04,0.000500000,3,
2026-08-11,EUU,OPT,EUUG7 P1050,2027-02-05,P,1.05,0.000700000,3,7
2026-08-11,EUU,OPT,EUUG7 P1060,2027-02-05,P,1.06,0.000800000,3,28
2026-08-11,EUU,OPT,EUUG7 P1070,2027-02-05,P,1.07,0.001100000,3,16
2026-08-11,EUU,OPT,EUUG7 P1080,2027-02-05,P,1.08,0.001400000,3,200
2026-08-11,EUU,OPT,EUUG7 P1090,2027-02-05,P,1.09,0.001900000,3,703
2026-08-11,EUU,OPT,EUUG7 P1100,2027-02-05,P,1.1,0.002500000,3,107
2026-08-11,EUU,OPT,EUUG7 P1105,2027-02-05,P,1.105,0.003000000,3,
2026-08-11,EUU,OPT,EUUG7 P1110,2027-02-05,P,1.11,0.003400000,3,23
2026-08-11,EUU,OPT,EUUG7 P1115,2027-02-05,P,1.115,0.004000000,3,100
2026-08-11,EUU,OPT,EUUG7 P1120,2027-02-05,P,1.12,0.004700000,3,21
2026-08-11,EUU,OPT,EUUG7 P1125,2027-02-05,P,1.125,0.005500000,3,
2026-08-11,EUU,OPT,EUUG7 P1130,2027-02-05,P,1.13,0.006400000,3,17
2026-08-11,EUU,OPT,EUUG7 P1135,2027-02-05,P,1.135,0.007500000,3,2
2026-08-11,EUU,OPT,EUUG7 P1140,2027-02-05,P,1.14,0.008600000,3,175
2026-08-11,EUU,OPT,EUUG7 P1145,2027-02-05,P,1.145,0.010000000,3,44
2026-08-11,EUU,OPT,EUUG7 P1150,2027-02-05,P,1.15,0.011600000,3,714
2026-08-11,EUU,OPT,EUUG7 P1155,2027-02-05,P,1.155,0.013400000,3,46
2026-08-11,EUU,OPT,EUUG7 P1160,2027-02-05,P,1.16,0.015400000,3,265
2026-08-11,EUU,OPT,EUUG7 P1165,2027-02-05,P,1.165,0.017800000,3,391
2026-08-11,EUU,OPT,EUUG7 P1170,2027-02-05,P,1.17,0.020500000,3,1311
2026-08-11,EUU,OPT,EUUG7 P1175,2027-02-05,P,1.175,0.023300000,3,1
2026-08-11,EUU,OPT,EUUG7 P1180,2027-02-05,P,1.18,0.026400000,3,8
2026-08-11,EUU,OPT,EUUG7 P1185,2027-02-05,P,1.185,0.029700000,3,
2026-08-11,EUU,OPT,EUUG7 P1190,2027-02-05,P,1.19,0.033200000,3,
2026-08-11,EUU,OPT,EUUG7 P1195,2027-02-05,P,1.195,0.036900000,3,
2026-08-11,EUU,OPT,EUUG7 P1200,2027-02-05,P,1.2,0.040800000,3,
2026-08-11,EUU,OPT,EUUG7 P1205,2027-02-05,P,1.205,0.044900000,3,
2026-08-11,EUU,OPT,EUUG7 P1210,2027-02-05,P,1.21,0.049100000,3,
2026-08-11,EUU,OPT,EUUG7 P1215,2027-02-05,P,1.215,0.053400000,3,
2026-08-11,EUU,OPT,EUUG7 P1220,2027-02-05,P,1.22,0.057800000,3,
2026-08-11,EUU,OPT,EUUG7 P1225,2027-02-05,P,1.225,0.062300000,3,
2026-08-11,EUU,OPT,EUUG7 P1230,2027-02-05,P,1.23,0.066900000,3,
2026-08-11,EUU,OPT,EUUG7 P1235,2027-02-05,P,1.235,0.071500000,3,
2026-08-11,EUU,OPT,EUUG7 P1240,2027-02-05,P,1.24,0.076200000,3,
2026-08-11,EUU,OPT,EUUG7 P1245,2027-02-05,P,1.245,0.080900000,3,
2026-08-11,EUU,OPT,EUUG7 P1250,2027-02-05,P,1.25,0.085600000,3,
2026-08-11,EUU,OPT,EUUG7 P1255,2027-02-05,P,1.255,0.090400000,3,
2026-08-11,EUU,OPT,EUUG7 P1260,2027-02-05,P,1.26,0.095200000,3,
2026-08-11,EUU,OPT,EUUG7 P1270,2027-02-05,P,1.27,0.104800000,3,
2026-08-11,EUU,OPT,EUUG7 P1280,2027-02-05,P,1.28,0.114500000,3,
2026-08-11,EUU,OPT,EUUG7 P1290,2027-02-05,P,1.29,0.124200000,3,
2026-08-11,EUU,OPT,EUUG7 P1300,2027-02-05,P,1.3,0.134000000,3,
2026-08-11,EUU,OPT,EUUG7 P1310,2027-02-05,P,1.31,0.143700000,3,
2026-08-11,EUU,OPT,EUUG7 P1320,2027-02-05,P,1.32,0.153400000,3,
2026-08-11,EUU,OPT,EUUG7 P1330,2027-02-05,P,1.33,0.163200000,3,
2026-08-11,EUU,OPT,EUUG7 P1340,2027-02-05,P,1.34,0.173000000,3,
2026-08-11,EUU,OPT,EUUG7 P1350,2027-02-05,P,1.35,0.182800000,3,
2026-08-11,EUU,OPT,EUUG7 P1360,2027-02-05,P,1.36,0.192600000,3,
2026-08-11,EUU,OPT,EUUH7 C0970,2027-03-05,C,0.97,0.189800000,3,
2026-08-11,EUU,OPT,EUUH7 C0980,2027-03-05,C,0.98,0.180100000,3,
2026-08-11,EUU,OPT,EUUH7 C0990,2027-03-05,C,0.99,0.170400000,3,
2026-08-11,EUU,OPT,EUUH7 C1000,2027-03-05,C,1,0.160600000,3,
2026-08-11,EUU,OPT,EUUH7 C1010,2027-03-05,C,1.01,0.150900000,3,
2026-08-11,EUU,OPT,EUUH7 C1020,2027-03-05,C,1.02,0.141200000,3,1
2026-08-11,EUU,OPT,EUUH7 C1030,2027-03-05,C,1.03,0.131400000,3,
2026-08-11,EUU,OPT,EUUH7 C1040,2027-03-05,C,1.04,0.121800000,3,
2026-08-11,EUU,OPT,EUUH7 C1050,2027-03-05,C,1.05,0.112300000,3,5
2026-08-11,EUU,OPT,EUUH7 C1060,2027-03-05,C,1.06,0.102700000,3,
2026-08-11,EUU,OPT,EUUH7 C1065,2027-03-05,C,1.065,0.098000000,3,
2026-08-11,EUU,OPT,EUUH7 C1070,2027-03-05,C,1.07,0.093300000,3,
2026-08-11,EUU,OPT,EUUH7 C1075,2027-03-05,C,1.075,0.088600000,3,5
2026-08-11,EUU,OPT,EUUH7 C1080,2027-03-05,C,1.08,0.083900000,3,
2026-08-11,EUU,OPT,EUUH7 C1085,2027-03-05,C,1.085,0.079300000,3,
2026-08-11,EUU,OPT,EUUH7 C1090,2027-03-05,C,1.09,0.074700000,3,
2026-08-11,EUU,OPT,EUUH7 C1095,2027-03-05,C,1.095,0.070200000,3,
2026-08-11,EUU,OPT,EUUH7 C1100,2027-03-05,C,1.1,0.065700000,3,
2026-08-11,EUU,OPT,EUUH7 C1105,2027-03-05,C,1.105,0.061300000,3,
2026-08-11,EUU,OPT,EUUH7 C1110,2027-03-05,C,1.11,0.057000000,3,
2026-08-11,EUU,OPT,EUUH7 C1115,2027-03-05,C,1.115,0.052700000,3,
2026-08-11,EUU,OPT,EUUH7 C1120,2027-03-05,C,1.12,0.048600000,3,
2026-08-11,EUU,OPT,EUUH7 C1125,2027-03-05,C,1.125,0.044600000,3,
2026-08-11,EUU,OPT,EUUH7 C1130,2027-03-05,C,1.13,0.040700000,3,
2026-08-11,EUU,OPT,EUUH7 C1135,2027-03-05,C,1.135,0.036900000,3,175
2026-08-11,EUU,OPT,EUUH7 C1140,2027-03-05,C,1.14,0.033300000,3,1
2026-08-11,EUU,OPT,EUUH7 C1145,2027-03-05,C,1.145,0.029800000,3,
2026-08-11,EUU,OPT,EUUH7 C1150,2027-03-05,C,1.15,0.026600000,3,28
2026-08-11,EUU,OPT,EUUH7 C1155,2027-03-05,C,1.155,0.023500000,3,16
2026-08-11,EUU,OPT,EUUH7 C1160,2027-03-05,C,1.16,0.020700000,3,7826
2026-08-11,EUU,OPT,EUUH7 C1165,2027-03-05,C,1.165,0.018100000,3,39
2026-08-11,EUU,OPT,EUUH7 C1170,2027-03-05,C,1.17,0.015800000,3,1217
2026-08-11,EUU,OPT,EUUH7 C1175,2027-03-05,C,1.175,0.013700000,3,427
2026-08-11,EUU,OPT,EUUH7 C1180,2027-03-05,C,1.18,0.011800000,3,2925
2026-08-11,EUU,OPT,EUUH7 C1185,2027-03-05,C,1.185,0.010200000,3,1
2026-08-11,EUU,OPT,EUUH7 C1190,2027-03-05,C,1.19,0.008700000,3,15
2026-08-11,EUU,OPT,EUUH7 C1195,2027-03-05,C,1.195,0.007500000,3,14
2026-08-11,EUU,OPT,EUUH7 C1200,2027-03-05,C,1.2,0.006400000,3,161
2026-08-11,EUU,OPT,EUUH7 C1205,2027-03-05,C,1.205,0.005500000,3,10
2026-08-11,EUU,OPT,EUUH7 C1210,2027-03-05,C,1.21,0.004700000,3,15
2026-08-11,EUU,OPT,EUUH7 C1215,2027-03-05,C,1.215,0.004000000,3,2
2026-08-11,EUU,OPT,EUUH7 C1220,2027-03-05,C,1.22,0.003500000,3,1212
2026-08-11,EUU,OPT,EUUH7 C1225,2027-03-05,C,1.225,0.003000000,3,4
2026-08-11,EUU,OPT,EUUH7 C1230,2027-03-05,C,1.23,0.002600000,3,13
2026-08-11,EUU,OPT,EUUH7 C1235,2027-03-05,C,1.235,0.002200000,3,53
2026-08-11,EUU,OPT,EUUH7 C1240,2027-03-05,C,1.24,0.002000000,3,13
2026-08-11,EUU,OPT,EUUH7 C1245,2027-03-05,C,1.245,0.001700000,3,70
2026-08-11,EUU,OPT,EUUH7 C1250,2027-03-05,C,1.25,0.001500000,3,28
2026-08-11,EUU,OPT,EUUH7 C1255,2027-03-05,C,1.255,0.001300000,3,
2026-08-11,EUU,OPT,EUUH7 C1260,2027-03-05,C,1.26,0.001200000,3,
2026-08-11,EUU,OPT,EUUH7 C1265,2027-03-05,C,1.265,0.001000000,3,1
2026-08-11,EUU,OPT,EUUH7 C1270,2027-03-05,C,1.27,0.000900000,3,1
2026-08-11,EUU,OPT,EUUH7 C1280,2027-03-05,C,1.28,0.000800000,3,
2026-08-11,EUU,OPT,EUUH7 C1290,2027-03-05,C,1.29,0.000600000,3,
2026-08-11,EUU,OPT,EUUH7 C1300,2027-03-05,C,1.3,0.000500000,3,3
2026-08-11,EUU,OPT,EUUH7 C1310,2027-03-05,C,1.31,0.000400000,3,
2026-08-11,EUU,OPT,EUUH7 C1320,2027-03-05,C,1.32,0.000300000,3,
2026-08-11,EUU,OPT,EUUH7 C1330,2027-03-05,C,1.33,0.000250000,3,
2026-08-11,EUU,OPT,EUUH7 C1340,2027-03-05,C,1.34,0.000200000,3,
2026-08-11,EUU,OPT,EUUH7 C1350,2027-03-05,C,1.35,0.000200000,3,53
2026-08-11,EUU,OPT,EUUH7 C1360,2027-03-05,C,1.36,0.000150000,3,
2026-08-11,EUU,OPT,EUUH7 C1370,2027-03-05,C,1.37,0.000150000,3,10
2026-08-11,EUU,OPT,EUUH7 P0970,2027-03-05,P,0.97,0.000150000,3,721
2026-08-11,EUU,OPT,EUUH7 P0980,2027-03-05,P,0.98,0.000200000,3,2
2026-08-11,EUU,OPT,EUUH7 P0990,2027-03-05,P,0.99,0.000250000,3,70
2026-08-11,EUU,OPT,EUUH7 P1000,2027-03-05,P,1,0.000300000,3,17
2026-08-11,EUU,OPT,EUUH7 P1010,2027-03-05,P,1.01,0.000400000,3,5531
2026-08-11,EUU,OPT,EUUH7 P1020,2027-03-05,P,1.02,0.000400000,3,70
2026-08-11,EUU,OPT,EUUH7 P1030,2027-03-05,P,1.03,0.000500000,3,6227
2026-08-11,EUU,OPT,EUUH7 P1040,2027-03-05,P,1.04,0.000600000,3,614
2026-08-11,EUU,OPT,EUUH7 P1050,2027-03-05,P,1.05,0.000900000,3,101
2026-08-11,EUU,OPT,EUUH7 P1060,2027-03-05,P,1.06,0.001100000,3,18
2026-08-11,EUU,OPT,EUUH7 P1065,2027-03-05,P,1.065,0.001300000,3,
2026-08-11,EUU,OPT,EUUH7 P1070,2027-03-05,P,1.07,0.001400000,3,3
2026-08-11,EUU,OPT,EUUH7 P1075,2027-03-05,P,1.075,0.001600000,3,3
2026-08-11,EUU,OPT,EUUH7 P1080,2027-03-05,P,1.08,0.001900000,3,308
2026-08-11,EUU,OPT,EUUH7 P1085,2027-03-05,P,1.085,0.002100000,3,1
2026-08-11,EUU,OPT,EUUH7 P1090,2027-03-05,P,1.09,0.002500000,3,21
2026-08-11,EUU,OPT,EUUH7 P1095,2027-03-05,P,1.095,0.002800000,3,70
2026-08-11,EUU,OPT,EUUH7 P1100,2027-03-05,P,1.1,0.003200000,3,43
2026-08-11,EUU,OPT,EUUH7 P1105,2027-03-05,P,1.105,0.003700000,3,300
2026-08-11,EUU,OPT,EUUH7 P1110,2027-03-05,P,1.11,0.004300000,3,134
2026-08-11,EUU,OPT,EUUH7 P1115,2027-03-05,P,1.115,0.004900000,3,80
2026-08-11,EUU,OPT,EUUH7 P1120,2027-03-05,P,1.12,0.005700000,3,6
2026-08-11,EUU,OPT,EUUH7 P1125,2027-03-05,P,1.125,0.006600000,3,363
2026-08-11,EUU,OPT,EUUH7 P1130,2027-03-05,P,1.13,0.007500000,3,
2026-08-11,EUU,OPT,EUUH7 P1135,2027-03-05,P,1.135,0.008600000,3,1
2026-08-11,EUU,OPT,EUUH7 P1140,2027-03-05,P,1.14,0.009900000,3,22
2026-08-11,EUU,OPT,EUUH7 P1145,2027-03-05,P,1.145,0.011400000,3,428
2026-08-11,EUU,OPT,EUUH7 P1150,2027-03-05,P,1.15,0.013000000,3,33
2026-08-11,EUU,OPT,EUUH7 P1155,2027-03-05,P,1.155,0.014900000,3,240
2026-08-11,EUU,OPT,EUUH7 P1160,2027-03-05,P,1.16,0.016900000,3,526
2026-08-11,EUU,OPT,EUUH7 P1165,2027-03-05,P,1.165,0.019200000,3,1
2026-08-11,EUU,OPT,EUUH7 P1170,2027-03-05,P,1.17,0.021800000,3,969
2026-08-11,EUU,OPT,EUUH7 P1175,2027-03-05,P,1.175,0.024600000,3,45
2026-08-11,EUU,OPT,EUUH7 P1180,2027-03-05,P,1.18,0.027600000,3,345
2026-08-11,EUU,OPT,EUUH7 P1185,2027-03-05,P,1.185,0.030900000,3,10
2026-08-11,EUU,OPT,EUUH7 P1190,2027-03-05,P,1.19,0.034300000,3,
2026-08-11,EUU,OPT,EUUH7 P1195,2027-03-05,P,1.195,0.038000000,3,
2026-08-11,EUU,OPT,EUUH7 P1200,2027-03-05,P,1.2,0.041800000,3,
2026-08-11,EUU,OPT,EUUH7 P1205,2027-03-05,P,1.205,0.045800000,3,3
2026-08-11,EUU,OPT,EUUH7 P1210,2027-03-05,P,1.21,0.049900000,3,
2026-08-11,EUU,OPT,EUUH7 P1215,2027-03-05,P,1.215,0.054100000,3,
2026-08-11,EUU,OPT,EUUH7 P1220,2027-03-05,P,1.22,0.058400000,3,1
2026-08-11,EUU,OPT,EUUH7 P1225,2027-03-05,P,1.225,0.062800000,3,
2026-08-11,EUU,OPT,EUUH7 P1230,2027-03-05,P,1.23,0.067300000,3,
2026-08-11,EUU,OPT,EUUH7 P1235,2027-03-05,P,1.235,0.071900000,3,
2026-08-11,EUU,OPT,EUUH7 P1240,2027-03-05,P,1.24,0.076500000,3,
2026-08-11,EUU,OPT,EUUH7 P1245,2027-03-05,P,1.245,0.081100000,3,
2026-08-11,EUU,OPT,EUUH7 P1250,2027-03-05,P,1.25,0.085800000,3,
2026-08-11,EUU,OPT,EUUH7 P1255,2027-03-05,P,1.255,0.090500000,3,
2026-08-11,EUU,OPT,EUUH7 P1260,2027-03-05,P,1.26,0.095300000,3,
2026-08-11,EUU,OPT,EUUH7 P1265,2027-03-05,P,1.265,0.100000000,3,
2026-08-11,EUU,OPT,EUUH7 P1270,2027-03-05,P,1.27,0.104800000,3,
2026-08-11,EUU,OPT,EUUH7 P1280,2027-03-05,P,1.28,0.114400000,3,
2026-08-11,EUU,OPT,EUUH7 P1290,2027-03-05,P,1.29,0.124000000,3,
2026-08-11,EUU,OPT,EUUH7 P1300,2027-03-05,P,1.3,0.133700000,3,
2026-08-11,EUU,OPT,EUUH7 P1310,2027-03-05,P,1.31,0.143400000,3,
2026-08-11,EUU,OPT,EUUH7 P1320,2027-03-05,P,1.32,0.153100000,3,
2026-08-11,EUU,OPT,EUUH7 P1330,2027-03-05,P,1.33,0.162800000,3,
2026-08-11,EUU,OPT,EUUH7 P1340,2027-03-05,P,1.34,0.172600000,3,
2026-08-11,EUU,OPT,EUUH7 P1350,2027-03-05,P,1.35,0.182300000,3,
2026-08-11,EUU,OPT,EUUH7 P1360,2027-03-05,P,1.36,0.192100000,3,
2026-08-11,EUU,OPT,EUUH7 P1370,2027-03-05,P,1.37,0.201900000,3,
2026-08-11,EUU,OPT,EUUJ7 C1000,2027-04-09,C,1,0.164100000,3,
2026-08-11,EUU,OPT,EUUJ7 C1010,2027-04-09,C,1.01,0.154400000,3,
2026-08-11,EUU,OPT,EUUJ7 C1020,2027-04-09,C,1.02,0.144800000,3,
2026-08-11,EUU,OPT,EUUJ7 C1030,2027-04-09,C,1.03,0.135200000,3,
2026-08-11,EUU,OPT,EUUJ7 C1040,2027-04-09,C,1.04,0.125600000,3,
2026-08-11,EUU,OPT,EUUJ7 C1050,2027-04-09,C,1.05,0.116100000,3,
2026-08-11,EUU,OPT,EUUJ7 C1060,2027-04-09,C,1.06,0.106600000,3,1
2026-08-11,EUU,OPT,EUUJ7 C1070,2027-04-09,C,1.07,0.097300000,3,
2026-08-11,EUU,OPT,EUUJ7 C1080,2027-04-09,C,1.08,0.088000000,3,
2026-08-11,EUU,OPT,EUUJ7 C1090,2027-04-09,C,1.09,0.078900000,3,
2026-08-11,EUU,OPT,EUUJ7 C1100,2027-04-09,C,1.1,0.070000000,3,
2026-08-11,EUU,OPT,EUUJ7 C1105,2027-04-09,C,1.105,0.065700000,3,
2026-08-11,EUU,OPT,EUUJ7 C1110,2027-04-09,C,1.11,0.061400000,3,
2026-08-11,EUU,OPT,EUUJ7 C1115,2027-04-09,C,1.115,0.057200000,3,
2026-08-11,EUU,OPT,EUUJ7 C1120,2027-04-09,C,1.12,0.053100000,3,
2026-08-11,EUU,OPT,EUUJ7 C1125,2027-04-09,C,1.125,0.049100000,3,
2026-08-11,EUU,OPT,EUUJ7 C1130,2027-04-09,C,1.13,0.045200000,3,
2026-08-11,EUU,OPT,EUUJ7 C1135,2027-04-09,C,1.135,0.041400000,3,
2026-08-11,EUU,OPT,EUUJ7 C1140,2027-04-09,C,1.14,0.037700000,3,
2026-08-11,EUU,OPT,EUUJ7 C1145,2027-04-09,C,1.145,0.034300000,3,1
2026-08-11,EUU,OPT,EUUJ7 C1150,2027-04-09,C,1.15,0.030900000,3,3
2026-08-11,EUU,OPT,EUUJ7 C1155,2027-04-09,C,1.155,0.027800000,3,
2026-08-11,EUU,OPT,EUUJ7 C1160,2027-04-09,C,1.16,0.024800000,3,5
2026-08-11,EUU,OPT,EUUJ7 C1165,2027-04-09,C,1.165,0.022100000,3,12
2026-08-11,EUU,OPT,EUUJ7 C1170,2027-04-09,C,1.17,0.019600000,3,10
2026-08-11,EUU,OPT,EUUJ7 C1175,2027-04-09,C,1.175,0.017300000,3,10
2026-08-11,EUU,OPT,EUUJ7 C1180,2027-04-09,C,1.18,0.015200000,3,15
2026-08-11,EUU,OPT,EUUJ7 C1185,2027-04-09,C,1.185,0.013300000,3,397
2026-08-11,EUU,OPT,EUUJ7 C1190,2027-04-09,C,1.19,0.011600000,3,
2026-08-11,EUU,OPT,EUUJ7 C1195,2027-04-09,C,1.195,0.010100000,3,6
2026-08-11,EUU,OPT,EUUJ7 C1200,2027-04-09,C,1.2,0.008800000,3,1
2026-08-11,EUU,OPT,EUUJ7 C1205,2027-04-09,C,1.205,0.007600000,3,
2026-08-11,EUU,OPT,EUUJ7 C1210,2027-04-09,C,1.21,0.006600000,3,
2026-08-11,EUU,OPT,EUUJ7 C1215,2027-04-09,C,1.215,0.005800000,3,
2026-08-11,EUU,OPT,EUUJ7 C1220,2027-04-09,C,1.22,0.005000000,3,
2026-08-11,EUU,OPT,EUUJ7 C1225,2027-04-09,C,1.225,0.004400000,3,
2026-08-11,EUU,OPT,EUUJ7 C1230,2027-04-09,C,1.23,0.003800000,3,
2026-08-11,EUU,OPT,EUUJ7 C1235,2027-04-09,C,1.235,0.003300000,3,163
2026-08-11,EUU,OPT,EUUJ7 C1240,2027-04-09,C,1.24,0.002900000,3,3
2026-08-11,EUU,OPT,EUUJ7 C1245,2027-04-09,C,1.245,0.002500000,3,
2026-08-11,EUU,OPT,EUUJ7 C1250,2027-04-09,C,1.25,0.002200000,3,161
2026-08-11,EUU,OPT,EUUJ7 C1260,2027-04-09,C,1.26,0.001700000,3,3
2026-08-11,EUU,OPT,EUUJ7 C1270,2027-04-09,C,1.27,0.001400000,3,
2026-08-11,EUU,OPT,EUUJ7 C1280,2027-04-09,C,1.28,0.001100000,3,
2026-08-11,EUU,OPT,EUUJ7 C1290,2027-04-09,C,1.29,0.000900000,3,
2026-08-11,EUU,OPT,EUUJ7 C1300,2027-04-09,C,1.3,0.000800000,3,
2026-08-11,EUU,OPT,EUUJ7 C1310,2027-04-09,C,1.31,0.000700000,3,
2026-08-11,EUU,OPT,EUUJ7 C1320,2027-04-09,C,1.32,0.000600000,3,
2026-08-11,EUU,OPT,EUUJ7 C1330,2027-04-09,C,1.33,0.000500000,3,
2026-08-11,EUU,OPT,EUUJ7 C1340,2027-04-09,C,1.34,0.000400000,3,
2026-08-11,EUU,OPT,EUUJ7 C1350,2027-04-09,C,1.35,0.000300000,3,
2026-08-11,EUU,OPT,EUUJ7 P1000,2027-04-09,P,1,0.000400000,3,
2026-08-11,EUU,OPT,EUUJ7 P1010,2027-04-09,P,1.01,0.000500000,3,4
2026-08-11,EUU,OPT,EUUJ7 P1020,2027-04-09,P,1.02,0.000600000,3,
2026-08-11,EUU,OPT,EUUJ7 P1030,2027-04-09,P,1.03,0.000700000,3,
2026-08-11,EUU,OPT,EUUJ7 P1040,2027-04-09,P,1.04,0.000900000,3,
2026-08-11,EUU,OPT,EUUJ7 P1050,2027-04-09,P,1.05,0.001100000,3,
2026-08-11,EUU,OPT,EUUJ7 P1060,2027-04-09,P,1.06,0.001400000,3,1
2026-08-11,EUU,OPT,EUUJ7 P1070,2027-04-09,P,1.07,0.001800000,3,
2026-08-11,EUU,OPT,EUUJ7 P1080,2027-04-09,P,1.08,0.002300000,3,38
2026-08-11,EUU,OPT,EUUJ7 P1090,2027-04-09,P,1.09,0.002900000,3,125
2026-08-11,EUU,OPT,EUUJ7 P1100,2027-04-09,P,1.1,0.003800000,3,39
2026-08-11,EUU,OPT,EUUJ7 P1105,2027-04-09,P,1.105,0.004300000,3,28
2026-08-11,EUU,OPT,EUUJ7 P1110,2027-04-09,P,1.11,0.004900000,3,15
2026-08-11,EUU,OPT,EUUJ7 P1115,2027-04-09,P,1.115,0.005600000,3,
2026-08-11,EUU,OPT,EUUJ7 P1120,2027-04-09,P,1.12,0.006300000,3,30
2026-08-11,EUU,OPT,EUUJ7 P1125,2027-04-09,P,1.125,0.007200000,3,6
2026-08-11,EUU,OPT,EUUJ7 P1130,2027-04-09,P,1.13,0.008200000,3,
2026-08-11,EUU,OPT,EUUJ7 P1135,2027-04-09,P,1.135,0.009300000,3,20
2026-08-11,EUU,OPT,EUUJ7 P1140,2027-04-09,P,1.14,0.010500000,3,60
2026-08-11,EUU,OPT,EUUJ7 P1145,2027-04-09,P,1.145,0.011900000,3,20
2026-08-11,EUU,OPT,EUUJ7 P1150,2027-04-09,P,1.15,0.013400000,3,365
2026-08-11,EUU,OPT,EUUJ7 P1155,2027-04-09,P,1.155,0.015200000,3,360
2026-08-11,EUU,OPT,EUUJ7 P1160,2027-04-09,P,1.16,0.017100000,3,241
2026-08-11,EUU,OPT,EUUJ7 P1165,2027-04-09,P,1.165,0.019200000,3,378
2026-08-11,EUU,OPT,EUUJ7 P1170,2027-04-09,P,1.17,0.021600000,3,283
2026-08-11,EUU,OPT,EUUJ7 P1175,2027-04-09,P,1.175,0.024100000,3,2380
2026-08-11,EUU,OPT,EUUJ7 P1180,2027-04-09,P,1.18,0.026900000,3,2886
2026-08-11,EUU,OPT,EUUJ7 P1185,2027-04-09,P,1.185,0.029900000,3,
2026-08-11,EUU,OPT,EUUJ7 P1190,2027-04-09,P,1.19,0.033100000,3,300
2026-08-11,EUU,OPT,EUUJ7 P1195,2027-04-09,P,1.195,0.036500000,3,
2026-08-11,EUU,OPT,EUUJ7 P1200,2027-04-09,P,1.2,0.040000000,3,
2026-08-11,EUU,OPT,EUUJ7 P1205,2027-04-09,P,1.205,0.043800000,3,
2026-08-11,EUU,OPT,EUUJ7 P1210,2027-04-09,P,1.21,0.047600000,3,
2026-08-11,EUU,OPT,EUUJ7 P1215,2027-04-09,P,1.215,0.051600000,3,
2026-08-11,EUU,OPT,EUUJ7 P1220,2027-04-09,P,1.22,0.055700000,3,
2026-08-11,EUU,OPT,EUUJ7 P1225,2027-04-09,P,1.225,0.060000000,3,
2026-08-11,EUU,OPT,EUUJ7 P1230,2027-04-09,P,1.23,0.064300000,3,
2026-08-11,EUU,OPT,EUUJ7 P1235,2027-04-09,P,1.235,0.068700000,3,
2026-08-11,EUU,OPT,EUUJ7 P1240,2027-04-09,P,1.24,0.073100000,3,
2026-08-11,EUU,OPT,EUUJ7 P1245,2027-04-09,P,1.245,0.077600000,3,
2026-08-11,EUU,OPT,EUUJ7 P1250,2027-04-09,P,1.25,0.082200000,3,
2026-08-11,EUU,OPT,EUUJ7 P1260,2027-04-09,P,1.26,0.091500000,3,
2026-08-11,EUU,OPT,EUUJ7 P1270,2027-04-09,P,1.27,0.100900000,3,
2026-08-11,EUU,OPT,EUUJ7 P1280,2027-04-09,P,1.28,0.110300000,3,
2026-08-11,EUU,OPT,EUUJ7 P1290,2027-04-09,P,1.29,0.119900000,3,
2026-08-11,EUU,OPT,EUUJ7 P1300,2027-04-09,P,1.3,0.129500000,3,
2026-08-11,EUU,OPT,EUUJ7 P1310,2027-04-09,P,1.31,0.139200000,3,
2026-08-11,EUU,OPT,EUUJ7 P1320,2027-04-09,P,1.32,0.148800000,3,
2026-08-11,EUU,OPT,EUUJ7 P1330,2027-04-09,P,1.33,0.158500000,3,
2026-08-11,EUU,OPT,EUUJ7 P1340,2027-04-09,P,1.34,0.168100000,3,
2026-08-11,EUU,OPT,EUUJ7 P1350,2027-04-09,P,1.35,0.177800000,3,
2026-08-11,EUU,OPT,EUUK7 C1000,2027-05-07,C,1,0.163900000,3,
2026-08-11,EUU,OPT,EUUK7 C1010,2027-05-07,C,1.01,0.154300000,3,
2026-08-11,EUU,OPT,EUUK7 C1020,2027-05-07,C,1.02,0.144800000,3,
2026-08-11,EUU,OPT,EUUK7 C1030,2027-05-07,C,1.03,0.135200000,3,
2026-08-11,EUU,OPT,EUUK7 C1040,2027-05-07,C,1.04,0.125700000,3,
2026-08-11,EUU,OPT,EUUK7 C1050,2027-05-07,C,1.05,0.116300000,3,
2026-08-11,EUU,OPT,EUUK7 C1060,2027-05-07,C,1.06,0.107000000,3,
2026-08-11,EUU,OPT,EUUK7 C1070,2027-05-07,C,1.07,0.097800000,3,
2026-08-11,EUU,OPT,EUUK7 C1080,2027-05-07,C,1.08,0.088700000,3,
2026-08-11,EUU,OPT,EUUK7 C1090,2027-05-07,C,1.09,0.079800000,3,
2026-08-11,EUU,OPT,EUUK7 C1100,2027-05-07,C,1.1,0.071100000,3,
2026-08-11,EUU,OPT,EUUK7 C1105,2027-05-07,C,1.105,0.066900000,3,
2026-08-11,EUU,OPT,EUUK7 C1110,2027-05-07,C,1.11,0.062700000,3,
2026-08-11,EUU,OPT,EUUK7 C1115,2027-05-07,C,1.115,0.058600000,3,
2026-08-11,EUU,OPT,EUUK7 C1120,2027-05-07,C,1.12,0.054600000,3,
2026-08-11,EUU,OPT,EUUK7 C1125,2027-05-07,C,1.125,0.050700000,3,
2026-08-11,EUU,OPT,EUUK7 C1130,2027-05-07,C,1.13,0.046900000,3,
2026-08-11,EUU,OPT,EUUK7 C1135,2027-05-07,C,1.135,0.043200000,3,
2026-08-11,EUU,OPT,EUUK7 C1140,2027-05-07,C,1.14,0.039700000,3,2
2026-08-11,EUU,OPT,EUUK7 C1145,2027-05-07,C,1.145,0.036300000,3,
2026-08-11,EUU,OPT,EUUK7 C1150,2027-05-07,C,1.15,0.033000000,3,3
2026-08-11,EUU,OPT,EUUK7 C1155,2027-05-07,C,1.155,0.030000000,3,149
2026-08-11,EUU,OPT,EUUK7 C1160,2027-05-07,C,1.16,0.027000000,3,100
2026-08-11,EUU,OPT,EUUK7 C1165,2027-05-07,C,1.165,0.024300000,3,301
2026-08-11,EUU,OPT,EUUK7 C1170,2027-05-07,C,1.17,0.021800000,3,3
2026-08-11,EUU,OPT,EUUK7 C1175,2027-05-07,C,1.175,0.019400000,3,21
2026-08-11,EUU,OPT,EUUK7 C1180,2027-05-07,C,1.18,0.017300000,3,3
2026-08-11,EUU,OPT,EUUK7 C1185,2027-05-07,C,1.185,0.015300000,3,640
2026-08-11,EUU,OPT,EUUK7 C1190,2027-05-07,C,1.19,0.013500000,3,5
2026-08-11,EUU,OPT,EUUK7 C1195,2027-05-07,C,1.195,0.011900000,3,1006
2026-08-11,EUU,OPT,EUUK7 C1200,2027-05-07,C,1.2,0.010500000,3,
2026-08-11,EUU,OPT,EUUK7 C1205,2027-05-07,C,1.205,0.009300000,3,
2026-08-11,EUU,OPT,EUUK7 C1210,2027-05-07,C,1.21,0.008200000,3,
2026-08-11,EUU,OPT,EUUK7 C1215,2027-05-07,C,1.215,0.007200000,3,
2026-08-11,EUU,OPT,EUUK7 C1220,2027-05-07,C,1.22,0.006400000,3,1
2026-08-11,EUU,OPT,EUUK7 C1225,2027-05-07,C,1.225,0.005700000,3,9
2026-08-11,EUU,OPT,EUUK7 C1230,2027-05-07,C,1.23,0.005100000,3,1
2026-08-11,EUU,OPT,EUUK7 C1235,2027-05-07,C,1.235,0.004500000,3,1000
2026-08-11,EUU,OPT,EUUK7 C1240,2027-05-07,C,1.24,0.004000000,3,3
2026-08-11,EUU,OPT,EUUK7 C1245,2027-05-07,C,1.245,0.003600000,3,
2026-08-11,EUU,OPT,EUUK7 C1250,2027-05-07,C,1.25,0.003200000,3,1000
2026-08-11,EUU,OPT,EUUK7 C1260,2027-05-07,C,1.26,0.002500000,3,
2026-08-11,EUU,OPT,EUUK7 C1270,2027-05-07,C,1.27,0.002000000,3,
2026-08-11,EUU,OPT,EUUK7 C1280,2027-05-07,C,1.28,0.001600000,3,50
2026-08-11,EUU,OPT,EUUK7 C1290,2027-05-07,C,1.29,0.001300000,3,
2026-08-11,EUU,OPT,EUUK7 C1300,2027-05-07,C,1.3,0.001100000,3,1
2026-08-11,EUU,OPT,EUUK7 C1310,2027-05-07,C,1.31,0.000900000,3,
2026-08-11,EUU,OPT,EUUK7 C1320,2027-05-07,C,1.32,0.000800000,3,
2026-08-11,EUU,OPT,EUUK7 C1330,2027-05-07,C,1.33,0.000700000,3,
2026-08-11,EUU,OPT,EUUK7 C1340,2027-05-07,C,1.34,0.000600000,3,
2026-08-11,EUU,OPT,EUUK7 P1000,2027-05-07,P,1,0.000700000,3,
2026-08-11,EUU,OPT,EUUK7 P1010,2027-05-07,P,1.01,0.000800000,3,9
2026-08-11,EUU,OPT,EUUK7 P1020,2027-05-07,P,1.02,0.001000000,3,
2026-08-11,EUU,OPT,EUUK7 P1030,2027-05-07,P,1.03,0.001200000,3,1
2026-08-11,EUU,OPT,EUUK7 P1040,2027-05-07,P,1.04,0.001400000,3,
2026-08-11,EUU,OPT,EUUK7 P1050,2027-05-07,P,1.05,0.001700000,3,10
2026-08-11,EUU,OPT,EUUK7 P1060,2027-05-07,P,1.06,0.002100000,3,
2026-08-11,EUU,OPT,EUUK7 P1070,2027-05-07,P,1.07,0.002600000,3,5
2026-08-11,EUU,OPT,EUUK7 P1080,2027-05-07,P,1.08,0.003300000,3,1
2026-08-11,EUU,OPT,EUUK7 P1090,2027-05-07,P,1.09,0.004100000,3,
2026-08-11,EUU,OPT,EUUK7 P1100,2027-05-07,P,1.1,0.005100000,3,6
2026-08-11,EUU,OPT,EUUK7 P1105,2027-05-07,P,1.105,0.005700000,3,
2026-08-11,EUU,OPT,EUUK7 P1110,2027-05-07,P,1.11,0.006400000,3,
2026-08-11,EUU,OPT,EUUK7 P1115,2027-05-07,P,1.115,0.007200000,3,
2026-08-11,EUU,OPT,EUUK7 P1120,2027-05-07,P,1.12,0.008000000,3,1600
2026-08-11,EUU,OPT,EUUK7 P1125,2027-05-07,P,1.125,0.009000000,3,2700
2026-08-11,EUU,OPT,EUUK7 P1130,2027-05-07,P,1.13,0.010000000,3,13
2026-08-11,EUU,OPT,EUUK7 P1135,2027-05-07,P,1.135,0.011200000,3,4
2026-08-11,EUU,OPT,EUUK7 P1140,2027-05-07,P,1.14,0.012500000,3,125
2026-08-11,EUU,OPT,EUUK7 P1145,2027-05-07,P,1.145,0.014000000,3,64
2026-08-11,EUU,OPT,EUUK7 P1150,2027-05-07,P,1.15,0.015600000,3,99
2026-08-11,EUU,OPT,EUUK7 P1155,2027-05-07,P,1.155,0.017400000,3,98
2026-08-11,EUU,OPT,EUUK7 P1160,2027-05-07,P,1.16,0.019300000,3,70
2026-08-11,EUU,OPT,EUUK7 P1165,2027-05-07,P,1.165,0.021500000,3,
2026-08-11,EUU,OPT,EUUK7 P1170,2027-05-07,P,1.17,0.023800000,3,223
2026-08-11,EUU,OPT,EUUK7 P1175,2027-05-07,P,1.175,0.026300000,3,12
2026-08-11,EUU,OPT,EUUK7 P1180,2027-05-07,P,1.18,0.029000000,3,2
2026-08-11,EUU,OPT,EUUK7 P1185,2027-05-07,P,1.185,0.031900000,3,
2026-08-11,EUU,OPT,EUUK7 P1190,2027-05-07,P,1.19,0.035000000,3,
2026-08-11,EUU,OPT,EUUK7 P1195,2027-05-07,P,1.195,0.038200000,3,
2026-08-11,EUU,OPT,EUUK7 P1200,2027-05-07,P,1.2,0.041700000,3,
2026-08-11,EUU,OPT,EUUK7 P1205,2027-05-07,P,1.205,0.045300000,3,
2026-08-11,EUU,OPT,EUUK7 P1210,2027-05-07,P,1.21,0.049100000,3,
2026-08-11,EUU,OPT,EUUK7 P1215,2027-05-07,P,1.215,0.053000000,3,
2026-08-11,EUU,OPT,EUUK7 P1220,2027-05-07,P,1.22,0.057000000,3,
2026-08-11,EUU,OPT,EUUK7 P1225,2027-05-07,P,1.225,0.061100000,3,
2026-08-11,EUU,OPT,EUUK7 P1230,2027-05-07,P,1.23,0.065300000,3,
2026-08-11,EUU,OPT,EUUK7 P1235,2027-05-07,P,1.235,0.069600000,3,
2026-08-11,EUU,OPT,EUUK7 P1240,2027-05-07,P,1.24,0.074000000,3,
2026-08-11,EUU,OPT,EUUK7 P1245,2027-05-07,P,1.245,0.078400000,3,
2026-08-11,EUU,OPT,EUUK7 P1250,2027-05-07,P,1.25,0.082900000,3,
2026-08-11,EUU,OPT,EUUK7 P1260,2027-05-07,P,1.26,0.092000000,3,
2026-08-11,EUU,OPT,EUUK7 P1270,2027-05-07,P,1.27,0.101200000,3,
2026-08-11,EUU,OPT,EUUK7 P1280,2027-05-07,P,1.28,0.110500000,3,
2026-08-11,EUU,OPT,EUUK7 P1290,2027-05-07,P,1.29,0.119900000,3,
2026-08-11,EUU,OPT,EUUK7 P1300,2027-05-07,P,1.3,0.129400000,3,
2026-08-11,EUU,OPT,EUUK7 P1310,2027-05-07,P,1.31,0.138900000,3,
2026-08-11,EUU,OPT,EUUK7 P1320,2027-05-07,P,1.32,0.148500000,3,
2026-08-11,EUU,OPT,EUUK7 P1330,2027-05-07,P,1.33,0.158100000,3,
2026-08-11,EUU,OPT,EUUK7 P1340,2027-05-07,P,1.34,0.167800000,3,
2026-08-11,EUU,OPT,EUUM7 C1000,2027-06-04,C,1,0.163500000,3,
2026-08-11,EUU,OPT,EUUM7 C1010,2027-06-04,C,1.01,0.154000000,3,
2026-08-11,EUU,OPT,EUUM7 C1020,2027-06-04,C,1.02,0.144500000,3,
2026-08-11,EUU,OPT,EUUM7 C1030,2027-06-04,C,1.03,0.135000000,3,
2026-08-11,EUU,OPT,EUUM7 C1040,2027-06-04,C,1.04,0.125600000,3,
2026-08-11,EUU,OPT,EUUM7 C1050,2027-06-04,C,1.05,0.116200000,3,
2026-08-11,EUU,OPT,EUUM7 C1060,2027-06-04,C,1.06,0.107000000,3,
2026-08-11,EUU,OPT,EUUM7 C1070,2027-06-04,C,1.07,0.098000000,3,
2026-08-11,EUU,OPT,EUUM7 C1080,2027-06-04,C,1.08,0.089000000,3,
2026-08-11,EUU,OPT,EUUM7 C1090,2027-06-04,C,1.09,0.080200000,3,
2026-08-11,EUU,OPT,EUUM7 C1100,2027-06-04,C,1.1,0.071700000,3,4
2026-08-11,EUU,OPT,EUUM7 C1105,2027-06-04,C,1.105,0.067500000,3,
2026-08-11,EUU,OPT,EUUM7 C1110,2027-06-04,C,1.11,0.063400000,3,
2026-08-11,EUU,OPT,EUUM7 C1115,2027-06-04,C,1.115,0.059300000,3,
2026-08-11,EUU,OPT,EUUM7 C1120,2027-06-04,C,1.12,0.055400000,3,
2026-08-11,EUU,OPT,EUUM7 C1125,2027-06-04,C,1.125,0.051500000,3,1
2026-08-11,EUU,OPT,EUUM7 C1130,2027-06-04,C,1.13,0.047800000,3,
2026-08-11,EUU,OPT,EUUM7 C1135,2027-06-04,C,1.135,0.044200000,3,
2026-08-11,EUU,OPT,EUUM7 C1140,2027-06-04,C,1.14,0.040700000,3,17300
2026-08-11,EUU,OPT,EUUM7 C1145,2027-06-04,C,1.145,0.037300000,3,1
2026-08-11,EUU,OPT,EUUM7 C1150,2027-06-04,C,1.15,0.034100000,3,2133
2026-08-11,EUU,OPT,EUUM7 C1155,2027-06-04,C,1.155,0.031100000,3,3
2026-08-11,EUU,OPT,EUUM7 C1160,2027-06-04,C,1.16,0.028200000,3,4670
2026-08-11,EUU,OPT,EUUM7 C1165,2027-06-04,C,1.165,0.025500000,3,
2026-08-11,EUU,OPT,EUUM7 C1170,2027-06-04,C,1.17,0.023000000,3,10
2026-08-11,EUU,OPT,EUUM7 C1175,2027-06-04,C,1.175,0.020600000,3,4
2026-08-11,EUU,OPT,EUUM7 C1180,2027-06-04,C,1.18,0.018500000,3,21
2026-08-11,EUU,OPT,EUUM7 C1185,2027-06-04,C,1.185,0.016500000,3,12
2026-08-11,EUU,OPT,EUUM7 C1190,2027-06-04,C,1.19,0.014700000,3,35
2026-08-11,EUU,OPT,EUUM7 C1195,2027-06-04,C,1.195,0.013100000,3,48
2026-08-11,EUU,OPT,EUUM7 C1200,2027-06-04,C,1.2,0.011700000,3,4
2026-08-11,EUU,OPT,EUUM7 C1205,2027-06-04,C,1.205,0.010400000,3,
2026-08-11,EUU,OPT,EUUM7 C1210,2027-06-04,C,1.21,0.009200000,3,1
2026-08-11,EUU,OPT,EUUM7 C1215,2027-06-04,C,1.215,0.008200000,3,40
2026-08-11,EUU,OPT,EUUM7 C1220,2027-06-04,C,1.22,0.007300000,3,
2026-08-11,EUU,OPT,EUUM7 C1225,2027-06-04,C,1.225,0.006500000,3,
2026-08-11,EUU,OPT,EUUM7 C1230,2027-06-04,C,1.23,0.005800000,3,
2026-08-11,EUU,OPT,EUUM7 C1235,2027-06-04,C,1.235,0.005200000,3,
2026-08-11,EUU,OPT,EUUM7 C1240,2027-06-04,C,1.24,0.004700000,3,24
2026-08-11,EUU,OPT,EUUM7 C1245,2027-06-04,C,1.245,0.004200000,3,
2026-08-11,EUU,OPT,EUUM7 C1250,2027-06-04,C,1.25,0.003800000,3,2
2026-08-11,EUU,OPT,EUUM7 C1255,2027-06-04,C,1.255,0.003400000,3,
2026-08-11,EUU,OPT,EUUM7 C1260,2027-06-04,C,1.26,0.003100000,3,
2026-08-11,EUU,OPT,EUUM7 C1265,2027-06-04,C,1.265,0.002800000,3,
2026-08-11,EUU,OPT,EUUM7 C1270,2027-06-04,C,1.27,0.002500000,3,39
2026-08-11,EUU,OPT,EUUM7 C1280,2027-06-04,C,1.28,0.002100000,3,
2026-08-11,EUU,OPT,EUUM7 C1290,2027-06-04,C,1.29,0.001700000,3,4
2026-08-11,EUU,OPT,EUUM7 C1300,2027-06-04,C,1.3,0.001400000,3,
2026-08-11,EUU,OPT,EUUM7 C1310,2027-06-04,C,1.31,0.001200000,3,2
2026-08-11,EUU,OPT,EUUM7 C1320,2027-06-04,C,1.32,0.001100000,3,1050
2026-08-11,EUU,OPT,EUUM7 C1330,2027-06-04,C,1.33,0.000900000,3,
2026-08-11,EUU,OPT,EUUM7 C1340,2027-06-04,C,1.34,0.000700000,3,1
2026-08-11,EUU,OPT,EUUM7 C1350,2027-06-04,C,1.35,0.000700000,3,
2026-08-11,EUU,OPT,EUUM7 C1360,2027-06-04,C,1.36,0.000600000,3,
2026-08-11,EUU,OPT,EUUM7 C1370,2027-06-04,C,1.37,0.000600000,3,6
2026-08-11,EUU,OPT,EUUM7 P1000,2027-06-04,P,1,0.000900000,3,1
2026-08-11,EUU,OPT,EUUM7 P1010,2027-06-04,P,1.01,0.001000000,3,
2026-08-11,EUU,OPT,EUUM7 P1020,2027-06-04,P,1.02,0.001200000,3,15
2026-08-11,EUU,OPT,EUUM7 P1030,2027-06-04,P,1.03,0.001400000,3,758
2026-08-11,EUU,OPT,EUUM7 P1040,2027-06-04,P,1.04,0.001700000,3,
2026-08-11,EUU,OPT,EUUM7 P1050,2027-06-04,P,1.05,0.002000000,3,2
2026-08-11,EUU,OPT,EUUM7 P1060,2027-06-04,P,1.06,0.002500000,3,
2026-08-11,EUU,OPT,EUUM7 P1070,2027-06-04,P,1.07,0.003100000,3,
2026-08-11,EUU,OPT,EUUM7 P1080,2027-06-04,P,1.08,0.003800000,3,32
2026-08-11,EUU,OPT,EUUM7 P1090,2027-06-04,P,1.09,0.004700000,3,51
2026-08-11,EUU,OPT,EUUM7 P1100,2027-06-04,P,1.1,0.005900000,3,746
2026-08-11,EUU,OPT,EUUM7 P1105,2027-06-04,P,1.105,0.006500000,3,13
2026-08-11,EUU,OPT,EUUM7 P1110,2027-06-04,P,1.11,0.007200000,3,17
2026-08-11,EUU,OPT,EUUM7 P1115,2027-06-04,P,1.115,0.008000000,3,
2026-08-11,EUU,OPT,EUUM7 P1120,2027-06-04,P,1.12,0.008900000,3,11
2026-08-11,EUU,OPT,EUUM7 P1125,2027-06-04,P,1.125,0.009900000,3,
2026-08-11,EUU,OPT,EUUM7 P1130,2027-06-04,P,1.13,0.011000000,3,13
2026-08-11,EUU,OPT,EUUM7 P1135,2027-06-04,P,1.135,0.012300000,3,3
2026-08-11,EUU,OPT,EUUM7 P1140,2027-06-04,P,1.14,0.013600000,3,14
2026-08-11,EUU,OPT,EUUM7 P1145,2027-06-04,P,1.145,0.015100000,3,6
2026-08-11,EUU,OPT,EUUM7 P1150,2027-06-04,P,1.15,0.016700000,3,68
2026-08-11,EUU,OPT,EUUM7 P1155,2027-06-04,P,1.155,0.018500000,3,15
2026-08-11,EUU,OPT,EUUM7 P1160,2027-06-04,P,1.16,0.020500000,3,15
2026-08-11,EUU,OPT,EUUM7 P1165,2027-06-04,P,1.165,0.022600000,3,
2026-08-11,EUU,OPT,EUUM7 P1170,2027-06-04,P,1.17,0.025000000,3,4
2026-08-11,EUU,OPT,EUUM7 P1175,2027-06-04,P,1.175,0.027500000,3,
2026-08-11,EUU,OPT,EUUM7 P1180,2027-06-04,P,1.18,0.030200000,3,25
2026-08-11,EUU,OPT,EUUM7 P1185,2027-06-04,P,1.185,0.033000000,3,
2026-08-11,EUU,OPT,EUUM7 P1190,2027-06-04,P,1.19,0.036100000,3,
2026-08-11,EUU,OPT,EUUM7 P1195,2027-06-04,P,1.195,0.039300000,3,
2026-08-11,EUU,OPT,EUUM7 P1200,2027-06-04,P,1.2,0.042700000,3,3
2026-08-11,EUU,OPT,EUUM7 P1205,2027-06-04,P,1.205,0.046300000,3,
2026-08-11,EUU,OPT,EUUM7 P1210,2027-06-04,P,1.21,0.050000000,3,1
2026-08-11,EUU,OPT,EUUM7 P1215,2027-06-04,P,1.215,0.053800000,3,
2026-08-11,EUU,OPT,EUUM7 P1220,2027-06-04,P,1.22,0.057700000,3,
2026-08-11,EUU,OPT,EUUM7 P1225,2027-06-04,P,1.225,0.061800000,3,
2026-08-11,EUU,OPT,EUUM7 P1230,2027-06-04,P,1.23,0.066000000,3,
2026-08-11,EUU,OPT,EUUM7 P1235,2027-06-04,P,1.235,0.070200000,3,
2026-08-11,EUU,OPT,EUUM7 P1240,2027-06-04,P,1.24,0.074500000,3,
2026-08-11,EUU,OPT,EUUM7 P1245,2027-06-04,P,1.245,0.078800000,3,
2026-08-11,EUU,OPT,EUUM7 P1250,2027-06-04,P,1.25,0.083300000,3,
2026-08-11,EUU,OPT,EUUM7 P1255,2027-06-04,P,1.255,0.087700000,3,
2026-08-11,EUU,OPT,EUUM7 P1260,2027-06-04,P,1.26,0.092200000,3,
2026-08-11,EUU,OPT,EUUM7 P1265,2027-06-04,P,1.265,0.096800000,3,
2026-08-11,EUU,OPT,EUUM7 P1270,2027-06-04,P,1.27,0.101400000,3,
2026-08-11,EUU,OPT,EUUM7 P1280,2027-06-04,P,1.28,0.110600000,3,
2026-08-11,EUU,OPT,EUUM7 P1290,2027-06-04,P,1.29,0.119900000,3,
2026-08-11,EUU,OPT,EUUM7 P1300,2027-06-04,P,1.3,0.129300000,3,
2026-08-11,EUU,OPT,EUUM7 P1310,2027-06-04,P,1.31,0.138800000,3,
2026-08-11,EUU,OPT,EUUM7 P1320,2027-06-04,P,1.32,0.148300000,3,
2026-08-11,EUU,OPT,EUUM7 P1330,2027-06-04,P,1.33,0.157800000,3,
2026-08-11,EUU,OPT,EUUM7 P1340,2027-06-04,P,1.34,0.167400000,3,
2026-08-11,EUU,OPT,EUUM7 P1350,2027-06-04,P,1.35,0.177000000,3,
2026-08-11,EUU,OPT,EUUM7 P1360,2027-06-04,P,1.36,0.186700000,3,
2026-08-11,EUU,OPT,EUUM7 P1370,2027-06-04,P,1.37,0.196300000,3,
2026-08-11,EUU,OPT,EUUN7 C1010,2027-07-09,C,1.01,0.157500000,3,
2026-08-11,EUU,OPT,EUUN7 C1020,2027-07-09,C,1.02,0.148000000,3,
2026-08-11,EUU,OPT,EUUN7 C1030,2027-07-09,C,1.03,0.138600000,3,
2026-08-11,EUU,OPT,EUUN7 C1040,2027-07-09,C,1.04,0.129200000,3,
2026-08-11,EUU,OPT,EUUN7 C1050,2027-07-09,C,1.05,0.120000000,3,
2026-08-11,EUU,OPT,EUUN7 C1060,2027-07-09,C,1.06,0.110900000,3,
2026-08-11,EUU,OPT,EUUN7 C1070,2027-07-09,C,1.07,0.102000000,3,
2026-08-11,EUU,OPT,EUUN7 C1080,2027-07-09,C,1.08,0.093100000,3,
2026-08-11,EUU,OPT,EUUN7 C1090,2027-07-09,C,1.09,0.084400000,3,
2026-08-11,EUU,OPT,EUUN7 C1100,2027-07-09,C,1.1,0.075900000,3,
2026-08-11,EUU,OPT,EUUN7 C1105,2027-07-09,C,1.105,0.071700000,3,
2026-08-11,EUU,OPT,EUUN7 C1110,2027-07-09,C,1.11,0.067600000,3,
2026-08-11,EUU,OPT,EUUN7 C1115,2027-07-09,C,1.115,0.063600000,3,
2026-08-11,EUU,OPT,EUUN7 C1120,2027-07-09,C,1.12,0.059700000,3,
2026-08-11,EUU,OPT,EUUN7 C1125,2027-07-09,C,1.125,0.055800000,3,
2026-08-11,EUU,OPT,EUUN7 C1130,2027-07-09,C,1.13,0.052100000,3,
2026-08-11,EUU,OPT,EUUN7 C1135,2027-07-09,C,1.135,0.048400000,3,
2026-08-11,EUU,OPT,EUUN7 C1140,2027-07-09,C,1.14,0.044900000,3,
2026-08-11,EUU,OPT,EUUN7 C1145,2027-07-09,C,1.145,0.041500000,3,
2026-08-11,EUU,OPT,EUUN7 C1150,2027-07-09,C,1.15,0.038300000,3,
2026-08-11,EUU,OPT,EUUN7 C1155,2027-07-09,C,1.155,0.035200000,3,
2026-08-11,EUU,OPT,EUUN7 C1160,2027-07-09,C,1.16,0.032200000,3,6
2026-08-11,EUU,OPT,EUUN7 C1165,2027-07-09,C,1.165,0.029400000,3,1
2026-08-11,EUU,OPT,EUUN7 C1170,2027-07-09,C,1.17,0.026800000,3,
2026-08-11,EUU,OPT,EUUN7 C1175,2027-07-09,C,1.175,0.024300000,3,
2026-08-11,EUU,OPT,EUUN7 C1180,2027-07-09,C,1.18,0.021900000,3,20
2026-08-11,EUU,OPT,EUUN7 C1185,2027-07-09,C,1.185,0.019800000,3,60
2026-08-11,EUU,OPT,EUUN7 C1190,2027-07-09,C,1.19,0.017800000,3,20
2026-08-11,EUU,OPT,EUUN7 C1195,2027-07-09,C,1.195,0.016000000,3,20
2026-08-11,EUU,OPT,EUUN7 C1200,2027-07-09,C,1.2,0.014400000,3,
2026-08-11,EUU,OPT,EUUN7 C1205,2027-07-09,C,1.205,0.012900000,3,
2026-08-11,EUU,OPT,EUUN7 C1210,2027-07-09,C,1.21,0.011600000,3,
2026-08-11,EUU,OPT,EUUN7 C1215,2027-07-09,C,1.215,0.010400000,3,
2026-08-11,EUU,OPT,EUUN7 C1220,2027-07-09,C,1.22,0.009400000,3,
2026-08-11,EUU,OPT,EUUN7 C1225,2027-07-09,C,1.225,0.008400000,3,
2026-08-11,EUU,OPT,EUUN7 C1230,2027-07-09,C,1.23,0.007600000,3,1
2026-08-11,EUU,OPT,EUUN7 C1240,2027-07-09,C,1.24,0.006200000,3,
2026-08-11,EUU,OPT,EUUN7 C1250,2027-07-09,C,1.25,0.005000000,3,
2026-08-11,EUU,OPT,EUUN7 C1260,2027-07-09,C,1.26,0.004100000,3,
2026-08-11,EUU,OPT,EUUN7 C1270,2027-07-09,C,1.27,0.003300000,3,
2026-08-11,EUU,OPT,EUUN7 C1280,2027-07-09,C,1.28,0.002700000,3,
2026-08-11,EUU,OPT,EUUN7 C1290,2027-07-09,C,1.29,0.002300000,3,
2026-08-11,EUU,OPT,EUUN7 C1300,2027-07-09,C,1.3,0.001900000,3,
2026-08-11,EUU,OPT,EUUN7 C1310,2027-07-09,C,1.31,0.001500000,3,
2026-08-11,EUU,OPT,EUUN7 C1320,2027-07-09,C,1.32,0.001200000,3,2
2026-08-11,EUU,OPT,EUUN7 P1010,2027-07-09,P,1.01,0.001200000,3,3
2026-08-11,EUU,OPT,EUUN7 P1020,2027-07-09,P,1.02,0.001300000,3,
2026-08-11,EUU,OPT,EUUN7 P1030,2027-07-09,P,1.03,0.001500000,3,
2026-08-11,EUU,OPT,EUUN7 P1040,2027-07-09,P,1.04,0.001800000,3,
2026-08-11,EUU,OPT,EUUN7 P1050,2027-07-09,P,1.05,0.002200000,3,10
2026-08-11,EUU,OPT,EUUN7 P1060,2027-07-09,P,1.06,0.002800000,3,
2026-08-11,EUU,OPT,EUUN7 P1070,2027-07-09,P,1.07,0.003500000,3,
2026-08-11,EUU,OPT,EUUN7 P1080,2027-07-09,P,1.08,0.004300000,3,
2026-08-11,EUU,OPT,EUUN7 P1090,2027-07-09,P,1.09,0.005300000,3,
2026-08-11,EUU,OPT,EUUN7 P1100,2027-07-09,P,1.1,0.006400000,3,2
2026-08-11,EUU,OPT,EUUN7 P1105,2027-07-09,P,1.105,0.007000000,3,
2026-08-11,EUU,OPT,EUUN7 P1110,2027-07-09,P,1.11,0.007800000,3,
2026-08-11,EUU,OPT,EUUN7 P1115,2027-07-09,P,1.115,0.008600000,3,
2026-08-11,EUU,OPT,EUUN7 P1120,2027-07-09,P,1.12,0.009400000,3,
2026-08-11,EUU,OPT,EUUN7 P1125,2027-07-09,P,1.125,0.010400000,3,
2026-08-11,EUU,OPT,EUUN7 P1130,2027-07-09,P,1.13,0.011500000,3,2
2026-08-11,EUU,OPT,EUUN7 P1135,2027-07-09,P,1.135,0.012700000,3,
2026-08-11,EUU,OPT,EUUN7 P1140,2027-07-09,P,1.14,0.014000000,3,1
2026-08-11,EUU,OPT,EUUN7 P1145,2027-07-09,P,1.145,0.015500000,3,100
2026-08-11,EUU,OPT,EUUN7 P1150,2027-07-09,P,1.15,0.017000000,3,19
2026-08-11,EUU,OPT,EUUN7 P1155,2027-07-09,P,1.155,0.018700000,3,13
2026-08-11,EUU,OPT,EUUN7 P1160,2027-07-09,P,1.16,0.020600000,3,20
2026-08-11,EUU,OPT,EUUN7 P1165,2027-07-09,P,1.165,0.022600000,3,58
2026-08-11,EUU,OPT,EUUN7 P1170,2027-07-09,P,1.17,0.024800000,3,70
2026-08-11,EUU,OPT,EUUN7 P1175,2027-07-09,P,1.175,0.027100000,3,
2026-08-11,EUU,OPT,EUUN7 P1180,2027-07-09,P,1.18,0.029600000,3,
2026-08-11,EUU,OPT,EUUN7 P1185,2027-07-09,P,1.185,0.032300000,3,
2026-08-11,EUU,OPT,EUUN7 P1190,2027-07-09,P,1.19,0.035100000,3,
2026-08-11,EUU,OPT,EUUN7 P1195,2027-07-09,P,1.195,0.038200000,3,
2026-08-11,EUU,OPT,EUUN7 P1200,2027-07-09,P,1.2,0.041300000,3,
2026-08-11,EUU,OPT,EUUN7 P1205,2027-07-09,P,1.205,0.044700000,3,
2026-08-11,EUU,OPT,EUUN7 P1210,2027-07-09,P,1.21,0.048200000,3,
2026-08-11,EUU,OPT,EUUN7 P1215,2027-07-09,P,1.215,0.051900000,3,
2026-08-11,EUU,OPT,EUUN7 P1220,2027-07-09,P,1.22,0.055600000,3,
2026-08-11,EUU,OPT,EUUN7 P1225,2027-07-09,P,1.225,0.059500000,3,
2026-08-11,EUU,OPT,EUUN7 P1230,2027-07-09,P,1.23,0.063500000,3,
2026-08-11,EUU,OPT,EUUN7 P1240,2027-07-09,P,1.24,0.071700000,3,
2026-08-11,EUU,OPT,EUUN7 P1250,2027-07-09,P,1.25,0.080200000,3,
2026-08-11,EUU,OPT,EUUN7 P1260,2027-07-09,P,1.26,0.088900000,3,
2026-08-11,EUU,OPT,EUUN7 P1270,2027-07-09,P,1.27,0.097800000,3,
2026-08-11,EUU,OPT,EUUN7 P1280,2027-07-09,P,1.28,0.106900000,3,
2026-08-11,EUU,OPT,EUUN7 P1290,2027-07-09,P,1.29,0.116100000,3,
2026-08-11,EUU,OPT,EUUN7 P1300,2027-07-09,P,1.3,0.125300000,3,
2026-08-11,EUU,OPT,EUUN7 P1310,2027-07-09,P,1.31,0.134600000,3,
2026-08-11,EUU,OPT,EUUN7 P1320,2027-07-09,P,1.32,0.143900000,3,
2026-08-11,EUU,OPT,EUUQ7 C1020,2027-08-06,C,1.02,0.147700000,3,
2026-08-11,EUU,OPT,EUUQ7 C1030,2027-08-06,C,1.03,0.138500000,3,
2026-08-11,EUU,OPT,EUUQ7 C1040,2027-08-06,C,1.04,0.129300000,3,
2026-08-11,EUU,OPT,EUUQ7 C1050,2027-08-06,C,1.05,0.120100000,3,
2026-08-11,EUU,OPT,EUUQ7 C1060,2027-08-06,C,1.06,0.111100000,3,
2026-08-11,EUU,OPT,EUUQ7 C1070,2027-08-06,C,1.07,0.102200000,3,
2026-08-11,EUU,OPT,EUUQ7 C1080,2027-08-06,C,1.08,0.093400000,3,
2026-08-11,EUU,OPT,EUUQ7 C1090,2027-08-06,C,1.09,0.084900000,3,
2026-08-11,EUU,OPT,EUUQ7 C1100,2027-08-06,C,1.1,0.076500000,3,
2026-08-11,EUU,OPT,EUUQ7 C1110,2027-08-06,C,1.11,0.068300000,3,
2026-08-11,EUU,OPT,EUUQ7 C1120,2027-08-06,C,1.12,0.060500000,3,
2026-08-11,EUU,OPT,EUUQ7 C1125,2027-08-06,C,1.125,0.056700000,3,
2026-08-11,EUU,OPT,EUUQ7 C1130,2027-08-06,C,1.13,0.053000000,3,
2026-08-11,EUU,OPT,EUUQ7 C1135,2027-08-06,C,1.135,0.049400000,3,
2026-08-11,EUU,OPT,EUUQ7 C1140,2027-08-06,C,1.14,0.046000000,3,
2026-08-11,EUU,OPT,EUUQ7 C1145,2027-08-06,C,1.145,0.042700000,3,
2026-08-11,EUU,OPT,EUUQ7 C1150,2027-08-06,C,1.15,0.039500000,3,
2026-08-11,EUU,OPT,EUUQ7 C1155,2027-08-06,C,1.155,0.036400000,3,
2026-08-11,EUU,OPT,EUUQ7 C1160,2027-08-06,C,1.16,0.033500000,3,
2026-08-11,EUU,OPT,EUUQ7 C1165,2027-08-06,C,1.165,0.030700000,3,
2026-08-11,EUU,OPT,EUUQ7 C1170,2027-08-06,C,1.17,0.028100000,3,
2026-08-11,EUU,OPT,EUUQ7 C1175,2027-08-06,C,1.175,0.025600000,3,
2026-08-11,EUU,OPT,EUUQ7 C1180,2027-08-06,C,1.18,0.023300000,3,
2026-08-11,EUU,OPT,EUUQ7 C1185,2027-08-06,C,1.185,0.021100000,3,
2026-08-11,EUU,OPT,EUUQ7 C1190,2027-08-06,C,1.19,0.019100000,3,
2026-08-11,EUU,OPT,EUUQ7 C1195,2027-08-06,C,1.195,0.017300000,3,
2026-08-11,EUU,OPT,EUUQ7 C1200,2027-08-06,C,1.2,0.015600000,3,
2026-08-11,EUU,OPT,EUUQ7 C1205,2027-08-06,C,1.205,0.014100000,3,
2026-08-11,EUU,OPT,EUUQ7 C1210,2027-08-06,C,1.21,0.012700000,3,
2026-08-11,EUU,OPT,EUUQ7 C1215,2027-08-06,C,1.215,0.011500000,3,
2026-08-11,EUU,OPT,EUUQ7 C1220,2027-08-06,C,1.22,0.010400000,3,
2026-08-11,EUU,OPT,EUUQ7 C1225,2027-08-06,C,1.225,0.009400000,3,
2026-08-11,EUU,OPT,EUUQ7 C1230,2027-08-06,C,1.23,0.008500000,3,
2026-08-11,EUU,OPT,EUUQ7 C1240,2027-08-06,C,1.24,0.007000000,3,
2026-08-11,EUU,OPT,EUUQ7 C1250,2027-08-06,C,1.25,0.005700000,3,
2026-08-11,EUU,OPT,EUUQ7 C1260,2027-08-06,C,1.26,0.004700000,3,
2026-08-11,EUU,OPT,EUUQ7 C1270,2027-08-06,C,1.27,0.003900000,3,
2026-08-11,EUU,OPT,EUUQ7 C1280,2027-08-06,C,1.28,0.003200000,3,
2026-08-11,EUU,OPT,EUUQ7 C1290,2027-08-06,C,1.29,0.002600000,3,
2026-08-11,EUU,OPT,EUUQ7 C1300,2027-08-06,C,1.3,0.002200000,3,
2026-08-11,EUU,OPT,EUUQ7 C1310,2027-08-06,C,1.31,0.001800000,3,
2026-08-11,EUU,OPT,EUUQ7 C1320,2027-08-06,C,1.32,0.001500000,3,
2026-08-11,EUU,OPT,EUUQ7 P1020,2027-08-06,P,1.02,0.001500000,3,
2026-08-11,EUU,OPT,EUUQ7 P1030,2027-08-06,P,1.03,0.001800000,3,
2026-08-11,EUU,OPT,EUUQ7 P1040,2027-08-06,P,1.04,0.002300000,3,
2026-08-11,EUU,OPT,EUUQ7 P1050,2027-08-06,P,1.05,0.002800000,3,
2026-08-11,EUU,OPT,EUUQ7 P1060,2027-08-06,P,1.06,0.003400000,3,
2026-08-11,EUU,OPT,EUUQ7 P1070,2027-08-06,P,1.07,0.004100000,3,
2026-08-11,EUU,OPT,EUUQ7 P1080,2027-08-06,P,1.08,0.004900000,3,
2026-08-11,EUU,OPT,EUUQ7 P1090,2027-08-06,P,1.09,0.005900000,3,
2026-08-11,EUU,OPT,EUUQ7 P1100,2027-08-06,P,1.1,0.007200000,3,
2026-08-11,EUU,OPT,EUUQ7 P1110,2027-08-06,P,1.11,0.008700000,3,
2026-08-11,EUU,OPT,EUUQ7 P1120,2027-08-06,P,1.12,0.010400000,3,
2026-08-11,EUU,OPT,EUUQ7 P1125,2027-08-06,P,1.125,0.011500000,3,
2026-08-11,EUU,OPT,EUUQ7 P1130,2027-08-06,P,1.13,0.012600000,3,
2026-08-11,EUU,OPT,EUUQ7 P1135,2027-08-06,P,1.135,0.013800000,3,
2026-08-11,EUU,OPT,EUUQ7 P1140,2027-08-06,P,1.14,0.015200000,3,
2026-08-11,EUU,OPT,EUUQ7 P1145,2027-08-06,P,1.145,0.016600000,3,
2026-08-11,EUU,OPT,EUUQ7 P1150,2027-08-06,P,1.15,0.018300000,3,
2026-08-11,EUU,OPT,EUUQ7 P1155,2027-08-06,P,1.155,0.020000000,3,
2026-08-11,EUU,OPT,EUUQ7 P1160,2027-08-06,P,1.16,0.021900000,3,
2026-08-11,EUU,OPT,EUUQ7 P1165,2027-08-06,P,1.165,0.023900000,3,
2026-08-11,EUU,OPT,EUUQ7 P1170,2027-08-06,P,1.17,0.026100000,3,
2026-08-11,EUU,OPT,EUUQ7 P1175,2027-08-06,P,1.175,0.028500000,3,
2026-08-11,EUU,OPT,EUUQ7 P1180,2027-08-06,P,1.18,0.030900000,3,
2026-08-11,EUU,OPT,EUUQ7 P1185,2027-08-06,P,1.185,0.033600000,3,
2026-08-11,EUU,OPT,EUUQ7 P1190,2027-08-06,P,1.19,0.036400000,3,
2026-08-11,EUU,OPT,EUUQ7 P1195,2027-08-06,P,1.195,0.039300000,3,
2026-08-11,EUU,OPT,EUUQ7 P1200,2027-08-06,P,1.2,0.042500000,3,
2026-08-11,EUU,OPT,EUUQ7 P1205,2027-08-06,P,1.205,0.045800000,3,
2026-08-11,EUU,OPT,EUUQ7 P1210,2027-08-06,P,1.21,0.049200000,3,
2026-08-11,EUU,OPT,EUUQ7 P1215,2027-08-06,P,1.215,0.052800000,3,
2026-08-11,EUU,OPT,EUUQ7 P1220,2027-08-06,P,1.22,0.056500000,3,
2026-08-11,EUU,OPT,EUUQ7 P1225,2027-08-06,P,1.225,0.060300000,3,
2026-08-11,EUU,OPT,EUUQ7 P1230,2027-08-06,P,1.23,0.064200000,3,
2026-08-11,EUU,OPT,EUUQ7 P1240,2027-08-06,P,1.24,0.072300000,3,
2026-08-11,EUU,OPT,EUUQ7 P1250,2027-08-06,P,1.25,0.080700000,3,
2026-08-11,EUU,OPT,EUUQ7 P1260,2027-08-06,P,1.26,0.089300000,3,
2026-08-11,EUU,OPT,EUUQ7 P1270,2027-08-06,P,1.27,0.098100000,3,
2026-08-11,EUU,OPT,EUUQ7 P1280,2027-08-06,P,1.28,0.107000000,3,
2026-08-11,EUU,OPT,EUUQ7 P1290,2027-08-06,P,1.29,0.116100000,3,
2026-08-11,EUU,OPT,EUUQ7 P1300,2027-08-06,P,1.3,0.125200000,3,
2026-08-11,EUU,OPT,EUUQ7 P1310,2027-08-06,P,1.31,0.134500000,3,
2026-08-11,EUU,OPT,EUUQ7 P1320,2027-08-06,P,1.32,0.143800000,3,
2026-08-11,EUU,OPT,EUUU7 C1010,2027-09-03,C,1.01,0.156900000,3,
2026-08-11,EUU,OPT,EUUU7 C1020,2027-09-03,C,1.02,0.147600000,3,
2026-08-11,EUU,OPT,EUUU7 C1030,2027-09-03,C,1.03,0.138400000,3,
2026-08-11,EUU,OPT,EUUU7 C1040,2027-09-03,C,1.04,0.129200000,3,
2026-08-11,EUU,OPT,EUUU7 C1050,2027-09-03,C,1.05,0.120200000,3,
2026-08-11,EUU,OPT,EUUU7 C1060,2027-09-03,C,1.06,0.111200000,3,
2026-08-11,EUU,OPT,EUUU7 C1070,2027-09-03,C,1.07,0.102400000,3,
2026-08-11,EUU,OPT,EUUU7 C1080,2027-09-03,C,1.08,0.093700000,3,
2026-08-11,EUU,OPT,EUUU7 C1090,2027-09-03,C,1.09,0.085200000,3,
2026-08-11,EUU,OPT,EUUU7 C1100,2027-09-03,C,1.1,0.077000000,3,
2026-08-11,EUU,OPT,EUUU7 C1105,2027-09-03,C,1.105,0.072900000,3,
2026-08-11,EUU,OPT,EUUU7 C1110,2027-09-03,C,1.11,0.068900000,3,
2026-08-11,EUU,OPT,EUUU7 C1115,2027-09-03,C,1.115,0.065000000,3,
2026-08-11,EUU,OPT,EUUU7 C1120,2027-09-03,C,1.12,0.061200000,3,
2026-08-11,EUU,OPT,EUUU7 C1125,2027-09-03,C,1.125,0.057500000,3,
2026-08-11,EUU,OPT,EUUU7 C1130,2027-09-03,C,1.13,0.053900000,3,
2026-08-11,EUU,OPT,EUUU7 C1135,2027-09-03,C,1.135,0.050400000,3,
2026-08-11,EUU,OPT,EUUU7 C1140,2027-09-03,C,1.14,0.046900000,3,
2026-08-11,EUU,OPT,EUUU7 C1145,2027-09-03,C,1.145,0.043700000,3,
2026-08-11,EUU,OPT,EUUU7 C1150,2027-09-03,C,1.15,0.040500000,3,
2026-08-11,EUU,OPT,EUUU7 C1155,2027-09-03,C,1.155,0.037500000,3,
2026-08-11,EUU,OPT,EUUU7 C1160,2027-09-03,C,1.16,0.034600000,3,
2026-08-11,EUU,OPT,EUUU7 C1165,2027-09-03,C,1.165,0.031800000,3,
2026-08-11,EUU,OPT,EUUU7 C1170,2027-09-03,C,1.17,0.029200000,3,
2026-08-11,EUU,OPT,EUUU7 C1175,2027-09-03,C,1.175,0.026800000,3,
2026-08-11,EUU,OPT,EUUU7 C1180,2027-09-03,C,1.18,0.024500000,3,
2026-08-11,EUU,OPT,EUUU7 C1185,2027-09-03,C,1.185,0.022300000,3,
2026-08-11,EUU,OPT,EUUU7 C1190,2027-09-03,C,1.19,0.020300000,3,
2026-08-11,EUU,OPT,EUUU7 C1195,2027-09-03,C,1.195,0.018400000,3,
2026-08-11,EUU,OPT,EUUU7 C1200,2027-09-03,C,1.2,0.016700000,3,
2026-08-11,EUU,OPT,EUUU7 C1205,2027-09-03,C,1.205,0.015200000,3,
2026-08-11,EUU,OPT,EUUU7 C1210,2027-09-03,C,1.21,0.013700000,3,
2026-08-11,EUU,OPT,EUUU7 C1215,2027-09-03,C,1.215,0.012500000,3,
2026-08-11,EUU,OPT,EUUU7 C1220,2027-09-03,C,1.22,0.011300000,3,
2026-08-11,EUU,OPT,EUUU7 C1225,2027-09-03,C,1.225,0.010300000,3,
2026-08-11,EUU,OPT,EUUU7 C1230,2027-09-03,C,1.23,0.009300000,3,
2026-08-11,EUU,OPT,EUUU7 C1235,2027-09-03,C,1.235,0.008500000,3,
2026-08-11,EUU,OPT,EUUU7 C1240,2027-09-03,C,1.24,0.007700000,3,
2026-08-11,EUU,OPT,EUUU7 C1245,2027-09-03,C,1.245,0.007100000,3,
2026-08-11,EUU,OPT,EUUU7 C1250,2027-09-03,C,1.25,0.006400000,3,
2026-08-11,EUU,OPT,EUUU7 C1255,2027-09-03,C,1.255,0.005900000,3,
2026-08-11,EUU,OPT,EUUU7 C1260,2027-09-03,C,1.26,0.005400000,3,
2026-08-11,EUU,OPT,EUUU7 C1265,2027-09-03,C,1.265,0.004900000,3,
2026-08-11,EUU,OPT,EUUU7 C1270,2027-09-03,C,1.27,0.004500000,3,
2026-08-11,EUU,OPT,EUUU7 C1275,2027-09-03,C,1.275,0.004100000,3,
2026-08-11,EUU,OPT,EUUU7 C1280,2027-09-03,C,1.28,0.003800000,3,
2026-08-11,EUU,OPT,EUUU7 C1290,2027-09-03,C,1.29,0.003100000,3,
2026-08-11,EUU,OPT,EUUU7 C1300,2027-09-03,C,1.3,0.002600000,3,
2026-08-11,EUU,OPT,EUUU7 C1310,2027-09-03,C,1.31,0.002200000,3,
2026-08-11,EUU,OPT,EUUU7 C1320,2027-09-03,C,1.32,0.001900000,3,
2026-08-11,EUU,OPT,EUUU7 C1330,2027-09-03,C,1.33,0.001600000,3,
2026-08-11,EUU,OPT,EUUU7 C1340,2027-09-03,C,1.34,0.001400000,3,
2026-08-11,EUU,OPT,EUUU7 C1350,2027-09-03,C,1.35,0.001200000,3,
2026-08-11,EUU,OPT,EUUU7 C1360,2027-09-03,C,1.36,0.001100000,3,
2026-08-11,EUU,OPT,EUUU7 C1370,2027-09-03,C,1.37,0.001000000,3,
2026-08-11,EUU,OPT,EUUU7 P1010,2027-09-03,P,1.01,0.001600000,3,189
2026-08-11,EUU,OPT,EUUU7 P1020,2027-09-03,P,1.02,0.001900000,3,5
2026-08-11,EUU,OPT,EUUU7 P1030,2027-09-03,P,1.03,0.002200000,3,50
2026-08-11,EUU,OPT,EUUU7 P1040,2027-09-03,P,1.04,0.002600000,3,180
2026-08-11,EUU,OPT,EUUU7 P1050,2027-09-03,P,1.05,0.003200000,3,109
2026-08-11,EUU,OPT,EUUU7 P1060,2027-09-03,P,1.06,0.003800000,3,1
2026-08-11,EUU,OPT,EUUU7 P1070,2027-09-03,P,1.07,0.004600000,3,
2026-08-11,EUU,OPT,EUUU7 P1080,2027-09-03,P,1.08,0.005500000,3,50
2026-08-11,EUU,OPT,EUUU7 P1090,2027-09-03,P,1.09,0.006600000,3,
2026-08-11,EUU,OPT,EUUU7 P1100,2027-09-03,P,1.1,0.007900000,3,15
2026-08-11,EUU,OPT,EUUU7 P1105,2027-09-03,P,1.105,0.008600000,3,
2026-08-11,EUU,OPT,EUUU7 P1110,2027-09-03,P,1.11,0.009500000,3,1
2026-08-11,EUU,OPT,EUUU7 P1115,2027-09-03,P,1.115,0.010400000,3,
2026-08-11,EUU,OPT,EUUU7 P1120,2027-09-03,P,1.12,0.011300000,3,
2026-08-11,EUU,OPT,EUUU7 P1125,2027-09-03,P,1.125,0.012400000,3,
2026-08-11,EUU,OPT,EUUU7 P1130,2027-09-03,P,1.13,0.013600000,3,
2026-08-11,EUU,OPT,EUUU7 P1135,2027-09-03,P,1.135,0.014800000,3,
2026-08-11,EUU,OPT,EUUU7 P1140,2027-09-03,P,1.14,0.016200000,3,
2026-08-11,EUU,OPT,EUUU7 P1145,2027-09-03,P,1.145,0.017700000,3,
2026-08-11,EUU,OPT,EUUU7 P1150,2027-09-03,P,1.15,0.019400000,3,41
2026-08-11,EUU,OPT,EUUU7 P1155,2027-09-03,P,1.155,0.021100000,3,
2026-08-11,EUU,OPT,EUUU7 P1160,2027-09-03,P,1.16,0.023000000,3,1
2026-08-11,EUU,OPT,EUUU7 P1165,2027-09-03,P,1.165,0.025100000,3,
2026-08-11,EUU,OPT,EUUU7 P1170,2027-09-03,P,1.17,0.027300000,3,
2026-08-11,EUU,OPT,EUUU7 P1175,2027-09-03,P,1.175,0.029600000,3,
2026-08-11,EUU,OPT,EUUU7 P1180,2027-09-03,P,1.18,0.032100000,3,
2026-08-11,EUU,OPT,EUUU7 P1185,2027-09-03,P,1.185,0.034700000,3,
2026-08-11,EUU,OPT,EUUU7 P1190,2027-09-03,P,1.19,0.037500000,3,
2026-08-11,EUU,OPT,EUUU7 P1195,2027-09-03,P,1.195,0.040400000,3,
2026-08-11,EUU,OPT,EUUU7 P1200,2027-09-03,P,1.2,0.043500000,3,
2026-08-11,EUU,OPT,EUUU7 P1205,2027-09-03,P,1.205,0.046700000,3,
2026-08-11,EUU,OPT,EUUU7 P1210,2027-09-03,P,1.21,0.050100000,3,
2026-08-11,EUU,OPT,EUUU7 P1215,2027-09-03,P,1.215,0.053600000,3,
2026-08-11,EUU,OPT,EUUU7 P1220,2027-09-03,P,1.22,0.057300000,3,
2026-08-11,EUU,OPT,EUUU7 P1225,2027-09-03,P,1.225,0.061000000,3,
2026-08-11,EUU,OPT,EUUU7 P1230,2027-09-03,P,1.23,0.064900000,3,
2026-08-11,EUU,OPT,EUUU7 P1235,2027-09-03,P,1.235,0.068800000,3,
2026-08-11,EUU,OPT,EUUU7 P1240,2027-09-03,P,1.24,0.072900000,3,
2026-08-11,EUU,OPT,EUUU7 P1245,2027-09-03,P,1.245,0.077000000,3,
2026-08-11,EUU,OPT,EUUU7 P1250,2027-09-03,P,1.25,0.081200000,3,
2026-08-11,EUU,OPT,EUUU7 P1255,2027-09-03,P,1.255,0.085400000,3,
2026-08-11,EUU,OPT,EUUU7 P1260,2027-09-03,P,1.26,0.089700000,3,
2026-08-11,EUU,OPT,EUUU7 P1265,2027-09-03,P,1.265,0.094000000,3,
2026-08-11,EUU,OPT,EUUU7 P1270,2027-09-03,P,1.27,0.098400000,3,
2026-08-11,EUU,OPT,EUUU7 P1275,2027-09-03,P,1.275,0.102800000,3,
2026-08-11,EUU,OPT,EUUU7 P1280,2027-09-03,P,1.28,0.107200000,3,
2026-08-11,EUU,OPT,EUUU7 P1290,2027-09-03,P,1.29,0.116200000,3,
2026-08-11,EUU,OPT,EUUU7 P1300,2027-09-03,P,1.3,0.125300000,3,
2026-08-11,EUU,OPT,EUUU7 P1310,2027-09-03,P,1.31,0.134500000,3,
2026-08-11,EUU,OPT,EUUU7 P1320,2027-09-03,P,1.32,0.143800000,3,
2026-08-11,EUU,OPT,EUUU7 P1330,2027-09-03,P,1.33,0.153100000,3,
2026-08-11,EUU,OPT,EUUU7 P1340,2027-09-03,P,1.34,0.162400000,3,
2026-08-11,EUU,OPT,EUUU7 P1350,2027-09-03,P,1.35,0.171900000,3,
2026-08-11,EUU,OPT,EUUU7 P1360,2027-09-03,P,1.36,0.181300000,3,
2026-08-11,EUU,OPT,EUUU7 P1370,2027-09-03,P,1.37,0.190700000,3,
2026-08-11,EUU,OPT,EUUZ7 C1010,2027-12-03,C,1.01,0.160700000,3,
2026-08-11,EUU,OPT,EUUZ7 C1020,2027-12-03,C,1.02,0.151500000,3,
2026-08-11,EUU,OPT,EUUZ7 C1030,2027-12-03,C,1.03,0.142500000,3,
2026-08-11,EUU,OPT,EUUZ7 C1040,2027-12-03,C,1.04,0.133400000,3,
2026-08-11,EUU,OPT,EUUZ7 C1050,2027-12-03,C,1.05,0.124400000,3,
2026-08-11,EUU,OPT,EUUZ7 C1060,2027-12-03,C,1.06,0.115600000,3,
2026-08-11,EUU,OPT,EUUZ7 C1070,2027-12-03,C,1.07,0.106800000,3,
2026-08-11,EUU,OPT,EUUZ7 C1080,2027-12-03,C,1.08,0.098200000,3,
2026-08-11,EUU,OPT,EUUZ7 C1090,2027-12-03,C,1.09,0.089800000,3,
2026-08-11,EUU,OPT,EUUZ7 C1100,2027-12-03,C,1.1,0.081600000,3,
2026-08-11,EUU,OPT,EUUZ7 C1110,2027-12-03,C,1.11,0.073600000,3,
2026-08-11,EUU,OPT,EUUZ7 C1115,2027-12-03,C,1.115,0.069800000,3,
2026-08-11,EUU,OPT,EUUZ7 C1120,2027-12-03,C,1.12,0.065900000,3,
2026-08-11,EUU,OPT,EUUZ7 C1125,2027-12-03,C,1.125,0.062200000,3,
2026-08-11,EUU,OPT,EUUZ7 C1130,2027-12-03,C,1.13,0.058600000,3,
2026-08-11,EUU,OPT,EUUZ7 C1135,2027-12-03,C,1.135,0.055100000,3,
2026-08-11,EUU,OPT,EUUZ7 C1140,2027-12-03,C,1.14,0.051700000,3,
2026-08-11,EUU,OPT,EUUZ7 C1145,2027-12-03,C,1.145,0.048400000,3,
2026-08-11,EUU,OPT,EUUZ7 C1150,2027-12-03,C,1.15,0.045300000,3,
2026-08-11,EUU,OPT,EUUZ7 C1155,2027-12-03,C,1.155,0.042200000,3,
2026-08-11,EUU,OPT,EUUZ7 C1160,2027-12-03,C,1.16,0.039300000,3,
2026-08-11,EUU,OPT,EUUZ7 C1165,2027-12-03,C,1.165,0.036600000,3,
2026-08-11,EUU,OPT,EUUZ7 C1170,2027-12-03,C,1.17,0.034000000,3,
2026-08-11,EUU,OPT,EUUZ7 C1175,2027-12-03,C,1.175,0.031500000,3,
2026-08-11,EUU,OPT,EUUZ7 C1180,2027-12-03,C,1.18,0.029200000,3,
2026-08-11,EUU,OPT,EUUZ7 C1185,2027-12-03,C,1.185,0.027000000,3,
2026-08-11,EUU,OPT,EUUZ7 C1190,2027-12-03,C,1.19,0.024900000,3,
2026-08-11,EUU,OPT,EUUZ7 C1195,2027-12-03,C,1.195,0.023000000,3,
2026-08-11,EUU,OPT,EUUZ7 C1200,2027-12-03,C,1.2,0.021300000,3,
2026-08-11,EUU,OPT,EUUZ7 C1205,2027-12-03,C,1.205,0.019600000,3,
2026-08-11,EUU,OPT,EUUZ7 C1210,2027-12-03,C,1.21,0.018100000,3,
2026-08-11,EUU,OPT,EUUZ7 C1215,2027-12-03,C,1.215,0.016700000,3,
2026-08-11,EUU,OPT,EUUZ7 C1220,2027-12-03,C,1.22,0.015400000,3,
2026-08-11,EUU,OPT,EUUZ7 C1225,2027-12-03,C,1.225,0.014300000,3,
2026-08-11,EUU,OPT,EUUZ7 C1230,2027-12-03,C,1.23,0.013200000,3,
2026-08-11,EUU,OPT,EUUZ7 C1235,2027-12-03,C,1.235,0.012200000,3,
2026-08-11,EUU,OPT,EUUZ7 C1240,2027-12-03,C,1.24,0.011300000,3,
2026-08-11,EUU,OPT,EUUZ7 C1245,2027-12-03,C,1.245,0.010500000,3,
2026-08-11,EUU,OPT,EUUZ7 C1250,2027-12-03,C,1.25,0.009700000,3,
2026-08-11,EUU,OPT,EUUZ7 C1255,2027-12-03,C,1.255,0.009000000,3,
2026-08-11,EUU,OPT,EUUZ7 C1260,2027-12-03,C,1.26,0.008400000,3,
2026-08-11,EUU,OPT,EUUZ7 C1265,2027-12-03,C,1.265,0.007800000,3,
2026-08-11,EUU,OPT,EUUZ7 C1270,2027-12-03,C,1.27,0.007300000,3,
2026-08-11,EUU,OPT,EUUZ7 C1275,2027-12-03,C,1.275,0.006800000,3,
2026-08-11,EUU,OPT,EUUZ7 C1280,2027-12-03,C,1.28,0.006300000,3,
2026-08-11,EUU,OPT,EUUZ7 C1290,2027-12-03,C,1.29,0.005500000,3,
2026-08-11,EUU,OPT,EUUZ7 C1300,2027-12-03,C,1.3,0.004900000,3,
2026-08-11,EUU,OPT,EUUZ7 C1310,2027-12-03,C,1.31,0.004300000,3,
2026-08-11,EUU,OPT,EUUZ7 C1320,2027-12-03,C,1.32,0.003800000,3,
2026-08-11,EUU,OPT,EUUZ7 C1330,2027-12-03,C,1.33,0.003500000,3,
2026-08-11,EUU,OPT,EUUZ7 C1340,2027-12-03,C,1.34,0.003100000,3,
2026-08-11,EUU,OPT,EUUZ7 C1350,2027-12-03,C,1.35,0.002900000,3,
2026-08-11,EUU,OPT,EUUZ7 C1360,2027-12-03,C,1.36,0.002600000,3,4
2026-08-11,EUU,OPT,EUUZ7 C1370,2027-12-03,C,1.37,0.002300000,3,
2026-08-11,EUU,OPT,EUUZ7 C1380,2027-12-03,C,1.38,0.002100000,3,
2026-08-11,EUU,OPT,EUUZ7 P1010,2027-12-03,P,1.01,0.003100000,3,
2026-08-11,EUU,OPT,EUUZ7 P1020,2027-12-03,P,1.02,0.003500000,3,
2026-08-11,EUU,OPT,EUUZ7 P1030,2027-12-03,P,1.03,0.003900000,3,
2026-08-11,EUU,OPT,EUUZ7 P1040,2027-12-03,P,1.04,0.004300000,3,4
2026-08-11,EUU,OPT,EUUZ7 P1050,2027-12-03,P,1.05,0.004800000,3,
2026-08-11,EUU,OPT,EUUZ7 P1060,2027-12-03,P,1.06,0.005400000,3,215
2026-08-11,EUU,OPT,EUUZ7 P1070,2027-12-03,P,1.07,0.006100000,3,
2026-08-11,EUU,OPT,EUUZ7 P1080,2027-12-03,P,1.08,0.007000000,3,
2026-08-11,EUU,OPT,EUUZ7 P1090,2027-12-03,P,1.09,0.008100000,3,
2026-08-11,EUU,OPT,EUUZ7 P1100,2027-12-03,P,1.1,0.009400000,3,
2026-08-11,EUU,OPT,EUUZ7 P1110,2027-12-03,P,1.11,0.011000000,3,
2026-08-11,EUU,OPT,EUUZ7 P1115,2027-12-03,P,1.115,0.011800000,3,
2026-08-11,EUU,OPT,EUUZ7 P1120,2027-12-03,P,1.12,0.012800000,3,
2026-08-11,EUU,OPT,EUUZ7 P1125,2027-12-03,P,1.125,0.013800000,3,
2026-08-11,EUU,OPT,EUUZ7 P1130,2027-12-03,P,1.13,0.014900000,3,
2026-08-11,EUU,OPT,EUUZ7 P1135,2027-12-03,P,1.135,0.016100000,3,
2026-08-11,EUU,OPT,EUUZ7 P1140,2027-12-03,P,1.14,0.017500000,3,
2026-08-11,EUU,OPT,EUUZ7 P1145,2027-12-03,P,1.145,0.019000000,3,
2026-08-11,EUU,OPT,EUUZ7 P1150,2027-12-03,P,1.15,0.020600000,3,21
2026-08-11,EUU,OPT,EUUZ7 P1155,2027-12-03,P,1.155,0.022300000,3,
2026-08-11,EUU,OPT,EUUZ7 P1160,2027-12-03,P,1.16,0.024100000,3,
2026-08-11,EUU,OPT,EUUZ7 P1165,2027-12-03,P,1.165,0.026100000,3,
2026-08-11,EUU,OPT,EUUZ7 P1170,2027-12-03,P,1.17,0.028200000,3,
2026-08-11,EUU,OPT,EUUZ7 P1175,2027-12-03,P,1.175,0.030500000,3,
2026-08-11,EUU,OPT,EUUZ7 P1180,2027-12-03,P,1.18,0.032900000,3,
2026-08-11,EUU,OPT,EUUZ7 P1185,2027-12-03,P,1.185,0.035500000,3,
2026-08-11,EUU,OPT,EUUZ7 P1190,2027-12-03,P,1.19,0.038200000,3,
2026-08-11,EUU,OPT,EUUZ7 P1195,2027-12-03,P,1.195,0.041000000,3,
2026-08-11,EUU,OPT,EUUZ7 P1200,2027-12-03,P,1.2,0.044000000,3,
2026-08-11,EUU,OPT,EUUZ7 P1205,2027-12-03,P,1.205,0.047100000,3,
2026-08-11,EUU,OPT,EUUZ7 P1210,2027-12-03,P,1.21,0.050300000,3,
2026-08-11,EUU,OPT,EUUZ7 P1215,2027-12-03,P,1.215,0.053700000,3,
2026-08-11,EUU,OPT,EUUZ7 P1220,2027-12-03,P,1.22,0.057100000,3,
2026-08-11,EUU,OPT,EUUZ7 P1225,2027-12-03,P,1.225,0.060700000,3,
2026-08-11,EUU,OPT,EUUZ7 P1230,2027-12-03,P,1.23,0.064400000,3,
2026-08-11,EUU,OPT,EUUZ7 P1235,2027-12-03,P,1.235,0.068100000,3,
2026-08-11,EUU,OPT,EUUZ7 P1240,2027-12-03,P,1.24,0.072000000,3,
2026-08-11,EUU,OPT,EUUZ7 P1245,2027-12-03,P,1.245,0.075900000,3,
2026-08-11,EUU,OPT,EUUZ7 P1250,2027-12-03,P,1.25,0.079900000,3,
2026-08-11,EUU,OPT,EUUZ7 P1255,2027-12-03,P,1.255,0.084000000,3,
2026-08-11,EUU,OPT,EUUZ7 P1260,2027-12-03,P,1.26,0.088100000,3,
2026-08-11,EUU,OPT,EUUZ7 P1265,2027-12-03,P,1.265,0.092200000,3,
2026-08-11,EUU,OPT,EUUZ7 P1270,2027-12-03,P,1.27,0.096400000,3,
2026-08-11,EUU,OPT,EUUZ7 P1275,2027-12-03,P,1.275,0.100700000,3,
2026-08-11,EUU,OPT,EUUZ7 P1280,2027-12-03,P,1.28,0.105000000,3,
2026-08-11,EUU,OPT,EUUZ7 P1290,2027-12-03,P,1.29,0.113700000,3,
2026-08-11,EUU,OPT,EUUZ7 P1300,2027-12-03,P,1.3,0.122500000,3,
2026-08-11,EUU,OPT,EUUZ7 P1310,2027-12-03,P,1.31,0.131400000,3,
2026-08-11,EUU,OPT,EUUZ7 P1320,2027-12-03,P,1.32,0.140400000,3,
2026-08-11,EUU,OPT,EUUZ7 P1330,2027-12-03,P,1.33,0.149600000,3,
2026-08-11,EUU,OPT,EUUZ7 P1340,2027-12-03,P,1.34,0.158700000,3,
2026-08-11,EUU,OPT,EUUZ7 P1350,2027-12-03,P,1.35,0.167900000,3,
2026-08-11,EUU,OPT,EUUZ7 P1360,2027-12-03,P,1.36,0.177100000,3,
2026-08-11,EUU,OPT,EUUZ7 P1370,2027-12-03,P,1.37,0.186400000,3,
2026-08-11,EUU,OPT,EUUZ7 P1380,2027-12-03,P,1.38,0.195700000,3,
2026-08-11,EUU,OPT,EUUH8 C1020,2028-03-03,C,1.02,0.153700000,3,
2026-08-11,EUU,OPT,EUUH8 C1030,2028-03-03,C,1.03,0.145000000,3,
2026-08-11,EUU,OPT,EUUH8 C1040,2028-03-03,C,1.04,0.136300000,3,
2026-08-11,EUU,OPT,EUUH8 C1050,2028-03-03,C,1.05,0.127800000,3,
2026-08-11,EUU,OPT,EUUH8 C1060,2028-03-03,C,1.06,0.119200000,3,
2026-08-11,EUU,OPT,EUUH8 C1070,2028-03-03,C,1.07,0.110800000,3,
2026-08-11,EUU,OPT,EUUH8 C1080,2028-03-03,C,1.08,0.102400000,3,
2026-08-11,EUU,OPT,EUUH8 C1090,2028-03-03,C,1.09,0.094200000,3,
2026-08-11,EUU,OPT,EUUH8 C1100,2028-03-03,C,1.1,0.086200000,3,
2026-08-11,EUU,OPT,EUUH8 C1110,2028-03-03,C,1.11,0.078400000,3,
2026-08-11,EUU,OPT,EUUH8 C1115,2028-03-03,C,1.115,0.074500000,3,
2026-08-11,EUU,OPT,EUUH8 C1120,2028-03-03,C,1.12,0.070800000,3,
2026-08-11,EUU,OPT,EUUH8 C1125,2028-03-03,C,1.125,0.067100000,3,
2026-08-11,EUU,OPT,EUUH8 C1130,2028-03-03,C,1.13,0.063500000,3,
2026-08-11,EUU,OPT,EUUH8 C1135,2028-03-03,C,1.135,0.060000000,3,
2026-08-11,EUU,OPT,EUUH8 C1140,2028-03-03,C,1.14,0.056500000,3,
2026-08-11,EUU,OPT,EUUH8 C1145,2028-03-03,C,1.145,0.053300000,3,
2026-08-11,EUU,OPT,EUUH8 C1150,2028-03-03,C,1.15,0.050100000,3,4
2026-08-11,EUU,OPT,EUUH8 C1155,2028-03-03,C,1.155,0.047000000,3,
2026-08-11,EUU,OPT,EUUH8 C1160,2028-03-03,C,1.16,0.044100000,3,
2026-08-11,EUU,OPT,EUUH8 C1165,2028-03-03,C,1.165,0.041300000,3,
2026-08-11,EUU,OPT,EUUH8 C1170,2028-03-03,C,1.17,0.038600000,3,
2026-08-11,EUU,OPT,EUUH8 C1175,2028-03-03,C,1.175,0.036100000,3,
2026-08-11,EUU,OPT,EUUH8 C1180,2028-03-03,C,1.18,0.033600000,3,
2026-08-11,EUU,OPT,EUUH8 C1185,2028-03-03,C,1.185,0.031300000,3,
2026-08-11,EUU,OPT,EUUH8 C1190,2028-03-03,C,1.19,0.029200000,3,
2026-08-11,EUU,OPT,EUUH8 C1195,2028-03-03,C,1.195,0.027200000,3,
2026-08-11,EUU,OPT,EUUH8 C1200,2028-03-03,C,1.2,0.025300000,3,
2026-08-11,EUU,OPT,EUUH8 C1205,2028-03-03,C,1.205,0.023500000,3,
2026-08-11,EUU,OPT,EUUH8 C1210,2028-03-03,C,1.21,0.021900000,3,
2026-08-11,EUU,OPT,EUUH8 C1215,2028-03-03,C,1.215,0.020300000,3,
2026-08-11,EUU,OPT,EUUH8 C1220,2028-03-03,C,1.22,0.018900000,3,
2026-08-11,EUU,OPT,EUUH8 C1225,2028-03-03,C,1.225,0.017600000,3,
2026-08-11,EUU,OPT,EUUH8 C1230,2028-03-03,C,1.23,0.016400000,3,
2026-08-11,EUU,OPT,EUUH8 C1235,2028-03-03,C,1.235,0.015300000,3,
2026-08-11,EUU,OPT,EUUH8 C1240,2028-03-03,C,1.24,0.014300000,3,
2026-08-11,EUU,OPT,EUUH8 C1245,2028-03-03,C,1.245,0.013400000,3,
2026-08-11,EUU,OPT,EUUH8 C1250,2028-03-03,C,1.25,0.012500000,3,
2026-08-11,EUU,OPT,EUUH8 C1255,2028-03-03,C,1.255,0.011800000,3,
2026-08-11,EUU,OPT,EUUH8 C1260,2028-03-03,C,1.26,0.011000000,3,
2026-08-11,EUU,OPT,EUUH8 C1270,2028-03-03,C,1.27,0.009700000,3,
2026-08-11,EUU,OPT,EUUH8 C1280,2028-03-03,C,1.28,0.008700000,3,
2026-08-11,EUU,OPT,EUUH8 C1290,2028-03-03,C,1.29,0.007700000,3,
2026-08-11,EUU,OPT,EUUH8 C1300,2028-03-03,C,1.3,0.006900000,3,
2026-08-11,EUU,OPT,EUUH8 C1310,2028-03-03,C,1.31,0.006100000,3,
2026-08-11,EUU,OPT,EUUH8 C1320,2028-03-03,C,1.32,0.005500000,3,
2026-08-11,EUU,OPT,EUUH8 C1330,2028-03-03,C,1.33,0.005000000,3,
2026-08-11,EUU,OPT,EUUH8 C1340,2028-03-03,C,1.34,0.004700000,3,
2026-08-11,EUU,OPT,EUUH8 C1350,2028-03-03,C,1.35,0.004400000,3,
2026-08-11,EUU,OPT,EUUH8 P1020,2028-03-03,P,1.02,0.003300000,3,
2026-08-11,EUU,OPT,EUUH8 P1030,2028-03-03,P,1.03,0.004000000,3,
2026-08-11,EUU,OPT,EUUH8 P1040,2028-03-03,P,1.04,0.004800000,3,
2026-08-11,EUU,OPT,EUUH8 P1050,2028-03-03,P,1.05,0.005700000,3,
2026-08-11,EUU,OPT,EUUH8 P1060,2028-03-03,P,1.06,0.006500000,3,
2026-08-11,EUU,OPT,EUUH8 P1070,2028-03-03,P,1.07,0.007400000,3,
2026-08-11,EUU,OPT,EUUH8 P1080,2028-03-03,P,1.08,0.008400000,3,
2026-08-11,EUU,OPT,EUUH8 P1090,2028-03-03,P,1.09,0.009600000,3,
2026-08-11,EUU,OPT,EUUH8 P1100,2028-03-03,P,1.1,0.011000000,3,
2026-08-11,EUU,OPT,EUUH8 P1110,2028-03-03,P,1.11,0.012600000,3,
2026-08-11,EUU,OPT,EUUH8 P1115,2028-03-03,P,1.115,0.013400000,3,
2026-08-11,EUU,OPT,EUUH8 P1120,2028-03-03,P,1.12,0.014400000,3,
2026-08-11,EUU,OPT,EUUH8 P1125,2028-03-03,P,1.125,0.015400000,3,
2026-08-11,EUU,OPT,EUUH8 P1130,2028-03-03,P,1.13,0.016500000,3,
2026-08-11,EUU,OPT,EUUH8 P1135,2028-03-03,P,1.135,0.017600000,3,
2026-08-11,EUU,OPT,EUUH8 P1140,2028-03-03,P,1.14,0.018900000,3,
2026-08-11,EUU,OPT,EUUH8 P1145,2028-03-03,P,1.145,0.020300000,3,
2026-08-11,EUU,OPT,EUUH8 P1150,2028-03-03,P,1.15,0.021900000,3,
2026-08-11,EUU,OPT,EUUH8 P1155,2028-03-03,P,1.155,0.023500000,3,
2026-08-11,EUU,OPT,EUUH8 P1160,2028-03-03,P,1.16,0.025300000,3,
2026-08-11,EUU,OPT,EUUH8 P1165,2028-03-03,P,1.165,0.027100000,3,
2026-08-11,EUU,OPT,EUUH8 P1170,2028-03-03,P,1.17,0.029200000,3,
2026-08-11,EUU,OPT,EUUH8 P1175,2028-03-03,P,1.175,0.031300000,3,
2026-08-11,EUU,OPT,EUUH8 P1180,2028-03-03,P,1.18,0.033600000,3,
2026-08-11,EUU,OPT,EUUH8 P1185,2028-03-03,P,1.185,0.036000000,3,
2026-08-11,EUU,OPT,EUUH8 P1190,2028-03-03,P,1.19,0.038500000,3,
2026-08-11,EUU,OPT,EUUH8 P1195,2028-03-03,P,1.195,0.041200000,3,
2026-08-11,EUU,OPT,EUUH8 P1200,2028-03-03,P,1.2,0.044000000,3,
2026-08-11,EUU,OPT,EUUH8 P1205,2028-03-03,P,1.205,0.046900000,3,
2026-08-11,EUU,OPT,EUUH8 P1210,2028-03-03,P,1.21,0.050000000,3,
2026-08-11,EUU,OPT,EUUH8 P1215,2028-03-03,P,1.215,0.053200000,3,
2026-08-11,EUU,OPT,EUUH8 P1220,2028-03-03,P,1.22,0.056500000,3,
2026-08-11,EUU,OPT,EUUH8 P1225,2028-03-03,P,1.225,0.059900000,3,
2026-08-11,EUU,OPT,EUUH8 P1230,2028-03-03,P,1.23,0.063400000,3,
2026-08-11,EUU,OPT,EUUH8 P1235,2028-03-03,P,1.235,0.067000000,3,
2026-08-11,EUU,OPT,EUUH8 P1240,2028-03-03,P,1.24,0.070600000,3,
2026-08-11,EUU,OPT,EUUH8 P1245,2028-03-03,P,1.245,0.074400000,3,
2026-08-11,EUU,OPT,EUUH8 P1250,2028-03-03,P,1.25,0.078300000,3,
2026-08-11,EUU,OPT,EUUH8 P1255,2028-03-03,P,1.255,0.082200000,3,
2026-08-11,EUU,OPT,EUUH8 P1260,2028-03-03,P,1.26,0.086100000,3,
2026-08-11,EUU,OPT,EUUH8 P1270,2028-03-03,P,1.27,0.094200000,3,
2026-08-11,EUU,OPT,EUUH8 P1280,2028-03-03,P,1.28,0.102600000,3,
2026-08-11,EUU,OPT,EUUH8 P1290,2028-03-03,P,1.29,0.111000000,3,
2026-08-11,EUU,OPT,EUUH8 P1300,2028-03-03,P,1.3,0.119500000,3,
2026-08-11,EUU,OPT,EUUH8 P1310,2028-03-03,P,1.31,0.128200000,3,
2026-08-11,EUU,OPT,EUUH8 P1320,2028-03-03,P,1.32,0.137000000,3,
2026-08-11,EUU,OPT,EUUH8 P1330,2028-03-03,P,1.33,0.145900000,3,
2026-08-11,EUU,OPT,EUUH8 P1340,2028-03-03,P,1.34,0.154900000,3,
2026-08-11,EUU,OPT,EUUH8 P1350,2028-03-03,P,1.35,0.164000000,3,
2026-08-11,EUU,OPT,EUUM8 C1020,2028-06-09,C,1.02,0.157100000,3,
2026-08-11,EUU,OPT,EUUM8 C1030,2028-06-09,C,1.03,0.148500000,3,
2026-08-11,EUU,OPT,EUUM8 C1040,2028-06-09,C,1.04,0.139900000,3,
2026-08-11,EUU,OPT,EUUM8 C1050,2028-06-09,C,1.05,0.131400000,3,
2026-08-11,EUU,OPT,EUUM8 C1060,2028-06-09,C,1.06,0.123100000,3,
2026-08-11,EUU,OPT,EUUM8 C1070,2028-06-09,C,1.07,0.114700000,3,
2026-08-11,EUU,OPT,EUUM8 C1080,2028-06-09,C,1.08,0.106500000,3,
2026-08-11,EUU,OPT,EUUM8 C1090,2028-06-09,C,1.09,0.098400000,3,
2026-08-11,EUU,OPT,EUUM8 C1100,2028-06-09,C,1.1,0.090500000,3,
2026-08-11,EUU,OPT,EUUM8 C1110,2028-06-09,C,1.11,0.082900000,3,
2026-08-11,EUU,OPT,EUUM8 C1120,2028-06-09,C,1.12,0.075500000,3,
2026-08-11,EUU,OPT,EUUM8 C1125,2028-06-09,C,1.125,0.071900000,3,
2026-08-11,EUU,OPT,EUUM8 C1130,2028-06-09,C,1.13,0.068300000,3,
2026-08-11,EUU,OPT,EUUM8 C1135,2028-06-09,C,1.135,0.064900000,3,
2026-08-11,EUU,OPT,EUUM8 C1140,2028-06-09,C,1.14,0.061500000,3,
2026-08-11,EUU,OPT,EUUM8 C1145,2028-06-09,C,1.145,0.058200000,3,
2026-08-11,EUU,OPT,EUUM8 C1150,2028-06-09,C,1.15,0.055000000,3,
2026-08-11,EUU,OPT,EUUM8 C1155,2028-06-09,C,1.155,0.051900000,3,
2026-08-11,EUU,OPT,EUUM8 C1160,2028-06-09,C,1.16,0.048900000,3,
2026-08-11,EUU,OPT,EUUM8 C1165,2028-06-09,C,1.165,0.046100000,3,
2026-08-11,EUU,OPT,EUUM8 C1170,2028-06-09,C,1.17,0.043300000,3,
2026-08-11,EUU,OPT,EUUM8 C1175,2028-06-09,C,1.175,0.040600000,3,
2026-08-11,EUU,OPT,EUUM8 C1180,2028-06-09,C,1.18,0.038100000,3,
2026-08-11,EUU,OPT,EUUM8 C1185,2028-06-09,C,1.185,0.035800000,3,
2026-08-11,EUU,OPT,EUUM8 C1190,2028-06-09,C,1.19,0.033500000,3,
2026-08-11,EUU,OPT,EUUM8 C1195,2028-06-09,C,1.195,0.031400000,3,
2026-08-11,EUU,OPT,EUUM8 C1200,2028-06-09,C,1.2,0.029400000,3,
2026-08-11,EUU,OPT,EUUM8 C1205,2028-06-09,C,1.205,0.027600000,3,
2026-08-11,EUU,OPT,EUUM8 C1210,2028-06-09,C,1.21,0.025800000,3,
2026-08-11,EUU,OPT,EUUM8 C1215,2028-06-09,C,1.215,0.024200000,3,
2026-08-11,EUU,OPT,EUUM8 C1220,2028-06-09,C,1.22,0.022700000,3,
2026-08-11,EUU,OPT,EUUM8 C1225,2028-06-09,C,1.225,0.021200000,3,
2026-08-11,EUU,OPT,EUUM8 C1230,2028-06-09,C,1.23,0.019900000,3,
2026-08-11,EUU,OPT,EUUM8 C1235,2028-06-09,C,1.235,0.018700000,3,
2026-08-11,EUU,OPT,EUUM8 C1240,2028-06-09,C,1.24,0.017500000,3,
2026-08-11,EUU,OPT,EUUM8 C1245,2028-06-09,C,1.245,0.016500000,3,
2026-08-11,EUU,OPT,EUUM8 C1250,2028-06-09,C,1.25,0.015500000,3,
2026-08-11,EUU,OPT,EUUM8 C1260,2028-06-09,C,1.26,0.013700000,3,
2026-08-11,EUU,OPT,EUUM8 C1270,2028-06-09,C,1.27,0.012300000,3,
2026-08-11,EUU,OPT,EUUM8 C1280,2028-06-09,C,1.28,0.011000000,3,
2026-08-11,EUU,OPT,EUUM8 C1290,2028-06-09,C,1.29,0.010000000,3,
2026-08-11,EUU,OPT,EUUM8 C1300,2028-06-09,C,1.3,0.009100000,3,
2026-08-11,EUU,OPT,EUUM8 C1310,2028-06-09,C,1.31,0.008300000,3,
2026-08-11,EUU,OPT,EUUM8 C1320,2028-06-09,C,1.32,0.007600000,3,
2026-08-11,EUU,OPT,EUUM8 C1330,2028-06-09,C,1.33,0.006700000,3,
2026-08-11,EUU,OPT,EUUM8 C1340,2028-06-09,C,1.34,0.005800000,3,
2026-08-11,EUU,OPT,EUUM8 P1020,2028-06-09,P,1.02,0.004500000,3,
2026-08-11,EUU,OPT,EUUM8 P1030,2028-06-09,P,1.03,0.005100000,3,
2026-08-11,EUU,OPT,EUUM8 P1040,2028-06-09,P,1.04,0.005800000,3,
2026-08-11,EUU,OPT,EUUM8 P1050,2028-06-09,P,1.05,0.006700000,3,
2026-08-11,EUU,OPT,EUUM8 P1060,2028-06-09,P,1.06,0.007600000,3,
2026-08-11,EUU,OPT,EUUM8 P1070,2028-06-09,P,1.07,0.008500000,3,
2026-08-11,EUU,OPT,EUUM8 P1080,2028-06-09,P,1.08,0.009600000,3,
2026-08-11,EUU,OPT,EUUM8 P1090,2028-06-09,P,1.09,0.010800000,3,
2026-08-11,EUU,OPT,EUUM8 P1100,2028-06-09,P,1.1,0.012200000,3,3
2026-08-11,EUU,OPT,EUUM8 P1110,2028-06-09,P,1.11,0.013900000,3,
2026-08-11,EUU,OPT,EUUM8 P1120,2028-06-09,P,1.12,0.015800000,3,
2026-08-11,EUU,OPT,EUUM8 P1125,2028-06-09,P,1.125,0.016800000,3,
2026-08-11,EUU,OPT,EUUM8 P1130,2028-06-09,P,1.13,0.017900000,3,
2026-08-11,EUU,OPT,EUUM8 P1135,2028-06-09,P,1.135,0.019100000,3,
2026-08-11,EUU,OPT,EUUM8 P1140,2028-06-09,P,1.14,0.020400000,3,
2026-08-11,EUU,OPT,EUUM8 P1145,2028-06-09,P,1.145,0.021700000,3,
2026-08-11,EUU,OPT,EUUM8 P1150,2028-06-09,P,1.15,0.023200000,3,
2026-08-11,EUU,OPT,EUUM8 P1155,2028-06-09,P,1.155,0.024800000,3,
2026-08-11,EUU,OPT,EUUM8 P1160,2028-06-09,P,1.16,0.026400000,3,
2026-08-11,EUU,OPT,EUUM8 P1165,2028-06-09,P,1.165,0.028200000,3,
2026-08-11,EUU,OPT,EUUM8 P1170,2028-06-09,P,1.17,0.030000000,3,
2026-08-11,EUU,OPT,EUUM8 P1175,2028-06-09,P,1.175,0.032000000,3,
2026-08-11,EUU,OPT,EUUM8 P1180,2028-06-09,P,1.18,0.034200000,3,
2026-08-11,EUU,OPT,EUUM8 P1185,2028-06-09,P,1.185,0.036500000,3,
2026-08-11,EUU,OPT,EUUM8 P1190,2028-06-09,P,1.19,0.038900000,3,
2026-08-11,EUU,OPT,EUUM8 P1195,2028-06-09,P,1.195,0.041400000,3,
2026-08-11,EUU,OPT,EUUM8 P1200,2028-06-09,P,1.2,0.044000000,3,
2026-08-11,EUU,OPT,EUUM8 P1205,2028-06-09,P,1.205,0.046800000,3,
2026-08-11,EUU,OPT,EUUM8 P1210,2028-06-09,P,1.21,0.049700000,3,
2026-08-11,EUU,OPT,EUUM8 P1215,2028-06-09,P,1.215,0.052800000,3,
2026-08-11,EUU,OPT,EUUM8 P1220,2028-06-09,P,1.22,0.055900000,3,
2026-08-11,EUU,OPT,EUUM8 P1225,2028-06-09,P,1.225,0.059100000,3,
2026-08-11,EUU,OPT,EUUM8 P1230,2028-06-09,P,1.23,0.062400000,3,
2026-08-11,EUU,OPT,EUUM8 P1235,2028-06-09,P,1.235,0.065800000,3,
2026-08-11,EUU,OPT,EUUM8 P1240,2028-06-09,P,1.24,0.069300000,3,
2026-08-11,EUU,OPT,EUUM8 P1245,2028-06-09,P,1.245,0.072900000,3,
2026-08-11,EUU,OPT,EUUM8 P1250,2028-06-09,P,1.25,0.076600000,3,
2026-08-11,EUU,OPT,EUUM8 P1260,2028-06-09,P,1.26,0.084100000,3,
2026-08-11,EUU,OPT,EUUM8 P1270,2028-06-09,P,1.27,0.091900000,3,
2026-08-11,EUU,OPT,EUUM8 P1280,2028-06-09,P,1.28,0.100000000,3,
2026-08-11,EUU,OPT,EUUM8 P1290,2028-06-09,P,1.29,0.108200000,3,
2026-08-11,EUU,OPT,EUUM8 P1300,2028-06-09,P,1.3,0.116600000,3,
2026-08-11,EUU,OPT,EUUM8 P1310,2028-06-09,P,1.31,0.125100000,3,
2026-08-11,EUU,OPT,EUUM8 P1320,2028-06-09,P,1.32,0.133800000,3,
2026-08-11,EUU,OPT,EUUM8 P1330,2028-06-09,P,1.33,0.142100000,3,
2026-08-11,EUU,OPT,EUUM8 P1340,2028-06-09,P,1.34,0.150600000,3,
