session,root,type,symbol,expiry,right,strike,settle,settle_flag,oi
2026-08-19,CAU,OPT,CAUU6 C5600,2026-09-04,C,0.56,0.164700000,3,
2026-08-19,CAU,OPT,CAUU6 C5700,2026-09-04,C,0.57,0.154700000,3,
2026-08-19,CAU,OPT,CAUU6 C5800,2026-09-04,C,0.58,0.144700000,3,
2026-08-19,CAU,OPT,CAUU6 C5900,2026-09-04,C,0.59,0.134700000,3,
2026-08-19,CAU,OPT,CAUU6 C6000,2026-09-04,C,0.6,0.124800000,3,
2026-08-19,CAU,OPT,CAUU6 C6100,2026-09-04,C,0.61,0.114800000,3,
2026-08-19,CAU,OPT,CAUU6 C6200,2026-09-04,C,0.62,0.104800000,3,
2026-08-19,CAU,OPT,CAUU6 C6300,2026-09-04,C,0.63,0.094800000,3,
2026-08-19,CAU,OPT,CAUU6 C6400,2026-09-04,C,0.64,0.084800000,3,
2026-08-19,CAU,OPT,CAUU6 C6500,2026-09-04,C,0.65,0.074800000,3,
2026-08-19,CAU,OPT,CAUU6 C6550,2026-09-04,C,0.655,0.069800000,3,
2026-08-19,CAU,OPT,CAUU6 C6600,2026-09-04,C,0.66,0.064800000,3,
2026-08-19,CAU,OPT,CAUU6 C6650,2026-09-04,C,0.665,0.059900000,3,
2026-08-19,CAU,OPT,CAUU6 C6700,2026-09-04,C,0.67,0.054900000,3,
2026-08-19,CAU,OPT,CAUU6 C6750,2026-09-04,C,0.675,0.049900000,3,
2026-08-19,CAU,OPT,CAUU6 C6800,2026-09-04,C,0.68,0.044900000,3,2500
2026-08-19,CAU,OPT,CAUU6 C6850,2026-09-04,C,0.685,0.039900000,3,
2026-08-19,CAU,OPT,CAUU6 C6900,2026-09-04,C,0.69,0.034900000,3,2500
2026-08-19,CAU,OPT,CAUU6 C6950,2026-09-04,C,0.695,0.029900000,3,
2026-08-19,CAU,OPT,CAUU6 C7000,2026-09-04,C,0.7,0.024900000,3,51
2026-08-19,CAU,OPT,CAUU6 C7050,2026-09-04,C,0.705,0.020000000,3,76
2026-08-19,CAU,OPT,CAUU6 C7080,2026-09-04,C,0.708,0.017000000,3,
2026-08-19,CAU,OPT,CAUU6 C7090,2026-09-04,C,0.709,0.016000000,3,
2026-08-19,CAU,OPT,CAUU6 C7100,2026-09-04,C,0.71,0.015000000,3,124
2026-08-19,CAU,OPT,CAUU6 C7110,2026-09-04,C,0.711,0.014100000,3,
2026-08-19,CAU,OPT,CAUU6 C7120,2026-09-04,C,0.712,0.013100000,3,
2026-08-19,CAU,OPT,CAUU6 C7130,2026-09-04,C,0.713,0.012100000,3,
2026-08-19,CAU,OPT,CAUU6 C7140,2026-09-04,C,0.714,0.011200000,3,
2026-08-19,CAU,OPT,CAUU6 C7150,2026-09-04,C,0.715,0.010200000,3,570
2026-08-19,CAU,OPT,CAUU6 C7160,2026-09-04,C,0.716,0.009300000,3,
2026-08-19,CAU,OPT,CAUU6 C7170,2026-09-04,C,0.717,0.008400000,3,
2026-08-19,CAU,OPT,CAUU6 C7180,2026-09-04,C,0.718,0.007500000,3,2
2026-08-19,CAU,OPT,CAUU6 C7190,2026-09-04,C,0.719,0.006700000,3,2
2026-08-19,CAU,OPT,CAUU6 C7200,2026-09-04,C,0.72,0.005900000,3,2858
2026-08-19,CAU,OPT,CAUU6 C7210,2026-09-04,C,0.721,0.005200000,3,245
2026-08-19,CAU,OPT,CAUU6 C7220,2026-09-04,C,0.722,0.004500000,3,275
2026-08-19,CAU,OPT,CAUU6 C7230,2026-09-04,C,0.723,0.003800000,3,115
2026-08-19,CAU,OPT,CAUU6 C7240,2026-09-04,C,0.724,0.003200000,3,101
2026-08-19,CAU,OPT,CAUU6 C7250,2026-09-04,C,0.725,0.002700000,3,1512
2026-08-19,CAU,OPT,CAUU6 C7260,2026-09-04,C,0.726,0.002200000,3,51
2026-08-19,CAU,OPT,CAUU6 C7270,2026-09-04,C,0.727,0.001800000,3,23
2026-08-19,CAU,OPT,CAUU6 C7280,2026-09-04,C,0.728,0.001500000,3,1010
2026-08-19,CAU,OPT,CAUU6 C7290,2026-09-04,C,0.729,0.001200000,3,15
2026-08-19,CAU,OPT,CAUU6 C7300,2026-09-04,C,0.73,0.001000000,3,2974
2026-08-19,CAU,OPT,CAUU6 C7310,2026-09-04,C,0.731,0.000800000,3,
2026-08-19,CAU,OPT,CAUU6 C7320,2026-09-04,C,0.732,0.000600000,3,
2026-08-19,CAU,OPT,CAUU6 C7330,2026-09-04,C,0.733,0.000000000,1,
2026-08-19,CAU,OPT,CAUU6 C7340,2026-09-04,C,0.734,0.000000000,1,
2026-08-19,CAU,OPT,CAUU6 C7350,2026-09-04,C,0.735,0.000350000,3,2798
2026-08-19,CAU,OPT,CAUU6 C7400,2026-09-04,C,0.74,0.000150000,3,259
2026-08-19,CAU,OPT,CAUU6 C7450,2026-09-04,C,0.745,0.000050000,3,344
2026-08-19,CAU,OPT,CAUU6 C7500,2026-09-04,C,0.75,0.000050000,3,123
2026-08-19,CAU,OPT,CAUU6 C7550,2026-09-04,C,0.755,0.000050000,3,244
2026-08-19,CAU,OPT,CAUU6 C7600,2026-09-04,C,0.76,0.000050000,3,279
2026-08-19,CAU,OPT,CAUU6 C7650,2026-09-04,C,0.765,0.000050000,3,96
2026-08-19,CAU,OPT,CAUU6 C7700,2026-09-04,C,0.77,0.000050000,3,27
2026-08-19,CAU,OPT,CAUU6 C7750,2026-09-04,C,0.775,0.000050000,3,
2026-08-19,CAU,OPT,CAUU6 C7800,2026-09-04,C,0.78,0.000050000,3,3
2026-08-19,CAU,OPT,CAUU6 C7850,2026-09-04,C,0.785,0.000050000,3,4
2026-08-19,CAU,OPT,CAUU6 C7900,2026-09-04,C,0.79,0.000050000,3,
2026-08-19,CAU,OPT,CAUU6 C7950,2026-09-04,C,0.795,0.000050000,3,
2026-08-19,CAU,OPT,CAUU6 C8000,2026-09-04,C,0.8,0.000050000,3,116
2026-08-19,CAU,OPT,CAUU6 C8050,2026-09-04,C,0.805,0.000050000,3,
2026-08-19,CAU,OPT,CAUU6 C8100,2026-09-04,C,0.81,0.000050000,3,
2026-08-19,CAU,OPT,CAUU6 C8200,2026-09-04,C,0.82,0.000050000,3,
2026-08-19,CAU,OPT,CAUU6 C8300,2026-09-04,C,0.83,0.000050000,3,
2026-08-19,CAU,OPT,CAUU6 C8400,2026-09-04,C,0.84,0.000050000,3,
2026-08-19,CAU,OPT,CAUU6 C8500,2026-09-04,C,0.85,0.000050000,3,
2026-08-19,CAU,OPT,CAUU6 C8600,2026-09-04,C,0.86,0.000050000,3,
2026-08-19,CAU,OPT,CAUU6 C8700,2026-09-04,C,0.87,0.000050000,3,
2026-08-19,CAU,OPT,CAUU6 C8800,2026-09-04,C,0.88,0.000050000,3,
2026-08-19,CAU,OPT,CAUU6 C8900,2026-09-04,C,0.89,0.000050000,3,
2026-08-19,CAU,OPT,CAUU6 C9000,2026-09-04,C,0.9,0.000050000,3,
2026-08-19,CAU,OPT,CAUU6 P5600,2026-09-04,P,0.56,0.000050000,3,
2026-08-19,CAU,OPT,CAUU6 P5700,2026-09-04,P,0.57,0.000050000,3,
2026-08-19,CAU,OPT,CAUU6 P5800,2026-09-04,P,0.58,0.000050000,3,
2026-08-19,CAU,OPT,CAUU6 P5900,2026-09-04,P,0.59,0.000050000,3,
2026-08-19,CAU,OPT,CAUU6 P6000,2026-09-04,P,0.6,0.000050000,3,
2026-08-19,CAU,OPT,CAUU6 P6100,2026-09-04,P,0.61,0.000050000,3,
2026-08-19,CAU,OPT,CAUU6 P6200,2026-09-04,P,0.62,0.000050000,3,
2026-08-19,CAU,OPT,CAUU6 P6300,2026-09-04,P,0.63,0.000050000,3,4
2026-08-19,CAU,OPT,CAUU6 P6400,2026-09-04,P,0.64,0.000050000,3,
2026-08-19,CAU,OPT,CAUU6 P6500,2026-09-04,P,0.65,0.000050000,3,
2026-08-19,CAU,OPT,CAUU6 P6550,2026-09-04,P,0.655,0.000050000,3,
2026-08-19,CAU,OPT,CAUU6 P6600,2026-09-04,P,0.66,0.000050000,3,
2026-08-19,CAU,OPT,CAUU6 P6650,2026-09-04,P,0.665,0.000050000,3,
2026-08-19,CAU,OPT,CAUU6 P6700,2026-09-04,P,0.67,0.000050000,3,1256
2026-08-19,CAU,OPT,CAUU6 P6750,2026-09-04,P,0.675,0.000050000,3,10
2026-08-19,CAU,OPT,CAUU6 P6800,2026-09-04,P,0.68,0.000050000,3,22
2026-08-19,CAU,OPT,CAUU6 P6850,2026-09-04,P,0.685,0.000050000,3,7
2026-08-19,CAU,OPT,CAUU6 P6900,2026-09-04,P,0.69,0.000050000,3,20
2026-08-19,CAU,OPT,CAUU6 P6950,2026-09-04,P,0.695,0.000050000,3,103
2026-08-19,CAU,OPT,CAUU6 P7000,2026-09-04,P,0.7,0.000050000,3,280
2026-08-19,CAU,OPT,CAUU6 P7050,2026-09-04,P,0.705,0.000050000,3,422
2026-08-19,CAU,OPT,CAUU6 P7080,2026-09-04,P,0.708,0.000050000,3,5
2026-08-19,CAU,OPT,CAUU6 P7090,2026-09-04,P,0.709,0.000100000,3,37
2026-08-19,CAU,OPT,CAUU6 P7100,2026-09-04,P,0.71,0.000100000,3,1338
2026-08-19,CAU,OPT,CAUU6 P7110,2026-09-04,P,0.711,0.000150000,3,13
2026-08-19,CAU,OPT,CAUU6 P7120,2026-09-04,P,0.712,0.000150000,3,38
2026-08-19,CAU,OPT,CAUU6 P7130,2026-09-04,P,0.713,0.000200000,3,53
2026-08-19,CAU,OPT,CAUU6 P7140,2026-09-04,P,0.714,0.000250000,3,75
2026-08-19,CAU,OPT,CAUU6 P7150,2026-09-04,P,0.715,0.000250000,3,730
2026-08-19,CAU,OPT,CAUU6 P7160,2026-09-04,P,0.716,0.000350000,3,313
2026-08-19,CAU,OPT,CAUU6 P7170,2026-09-04,P,0.717,0.000450000,3,188
2026-08-19,CAU,OPT,CAUU6 P7180,2026-09-04,P,0.718,0.000600000,3,24
2026-08-19,CAU,OPT,CAUU6 P7190,2026-09-04,P,0.719,0.000700000,3,4
2026-08-19,CAU,OPT,CAUU6 P7200,2026-09-04,P,0.72,0.001000000,3,1441
2026-08-19,CAU,OPT,CAUU6 P7210,2026-09-04,P,0.721,0.001200000,3,149
2026-08-19,CAU,OPT,CAUU6 P7220,2026-09-04,P,0.722,0.001500000,3,40
2026-08-19,CAU,OPT,CAUU6 P7230,2026-09-04,P,0.723,0.001900000,3,126
2026-08-19,CAU,OPT,CAUU6 P7240,2026-09-04,P,0.724,0.002300000,3,1
2026-08-19,CAU,OPT,CAUU6 P7250,2026-09-04,P,0.725,0.002700000,3,556
2026-08-19,CAU,OPT,CAUU6 P7260,2026-09-04,P,0.726,0.003300000,3,8
2026-08-19,CAU,OPT,CAUU6 P7270,2026-09-04,P,0.727,0.003900000,3,
2026-08-19,CAU,OPT,CAUU6 P7280,2026-09-04,P,0.728,0.004500000,3,
2026-08-19,CAU,OPT,CAUU6 P7290,2026-09-04,P,0.729,0.005200000,3,
2026-08-19,CAU,OPT,CAUU6 P7300,2026-09-04,P,0.73,0.006000000,3,412
2026-08-19,CAU,OPT,CAUU6 P7310,2026-09-04,P,0.731,0.006800000,3,
2026-08-19,CAU,OPT,CAUU6 P7320,2026-09-04,P,0.732,0.007600000,3,
2026-08-19,CAU,OPT,CAUU6 P7330,2026-09-04,P,0.733,0.000000000,1,
2026-08-19,CAU,OPT,CAUU6 P7340,2026-09-04,P,0.734,0.000000000,1,
2026-08-19,CAU,OPT,CAUU6 P7350,2026-09-04,P,0.735,0.010400000,3,88
2026-08-19,CAU,OPT,CAUU6 P7400,2026-09-04,P,0.74,0.015200000,3,92
2026-08-19,CAU,OPT,CAUU6 P7450,2026-09-04,P,0.745,0.020100000,3,
2026-08-19,CAU,OPT,CAUU6 P7500,2026-09-04,P,0.75,0.025000000,3,41
2026-08-19,CAU,OPT,CAUU6 P7550,2026-09-04,P,0.755,0.030000000,3,
2026-08-19,CAU,OPT,CAUU6 P7600,2026-09-04,P,0.76,0.035000000,3,
2026-08-19,CAU,OPT,CAUU6 P7650,2026-09-04,P,0.765,0.040000000,3,
2026-08-19,CAU,OPT,CAUU6 P7700,2026-09-04,P,0.77,0.045000000,3,
2026-08-19,CAU,OPT,CAUU6 P7750,2026-09-04,P,0.775,0.050000000,3,
2026-08-19,CAU,OPT,CAUU6 P7800,2026-09-04,P,0.78,0.055000000,3,
2026-08-19,CAU,OPT,CAUU6 P7850,2026-09-04,P,0.785,0.060000000,3,
2026-08-19,CAU,OPT,CAUU6 P7900,2026-09-04,P,0.79,0.064900000,3,
2026-08-19,CAU,OPT,CAUU6 P7950,2026-09-04,P,0.795,0.069900000,3,
2026-08-19,CAU,OPT,CAUU6 P8000,2026-09-04,P,0.8,0.074900000,3,
2026-08-19,CAU,OPT,CAUU6 P8050,2026-09-04,P,0.805,0.079900000,3,
2026-08-19,CAU,OPT,CAUU6 P8100,2026-09-04,P,0.81,0.084900000,3,
2026-08-19,CAU,OPT,CAUU6 P8200,2026-09-04,P,0.82,0.094900000,3,
2026-08-19,CAU,OPT,CAUU6 P8300,2026-09-04,P,0.83,0.104900000,3,
2026-08-19,CAU,OPT,CAUU6 P8400,2026-09-04,P,0.84,0.114900000,3,
2026-08-19,CAU,OPT,CAUU6 P8500,2026-09-04,P,0.85,0.124900000,3,
2026-08-19,CAU,OPT,CAUU6 P8600,2026-09-04,P,0.86,0.134800000,3,
2026-08-19,CAU,OPT,CAUU6 P8700,2026-09-04,P,0.87,0.144800000,3,
2026-08-19,CAU,OPT,CAUU6 P8800,2026-09-04,P,0.88,0.154800000,3,
2026-08-19,CAU,OPT,CAUU6 P8900,2026-09-04,P,0.89,0.164800000,3,
2026-08-19,CAU,OPT,CAUU6 P9000,2026-09-04,P,0.9,0.174800000,3,
2026-08-19,CAU,OPT,CAUV6 C5600,2026-10-09,C,0.56,0.167000000,3,
2026-08-19,CAU,OPT,CAUV6 C5700,2026-10-09,C,0.57,0.157100000,3,
2026-08-19,CAU,OPT,CAUV6 C5800,2026-10-09,C,0.58,0.147100000,3,
2026-08-19,CAU,OPT,CAUV6 C5900,2026-10-09,C,0.59,0.137200000,3,
2026-08-19,CAU,OPT,CAUV6 C6000,2026-10-09,C,0.6,0.127200000,3,
2026-08-19,CAU,OPT,CAUV6 C6100,2026-10-09,C,0.61,0.117300000,3,
2026-08-19,CAU,OPT,CAUV6 C6200,2026-10-09,C,0.62,0.107400000,3,
2026-08-19,CAU,OPT,CAUV6 C6300,2026-10-09,C,0.63,0.097400000,3,
2026-08-19,CAU,OPT,CAUV6 C6400,2026-10-09,C,0.64,0.087500000,3,
2026-08-19,CAU,OPT,CAUV6 C6500,2026-10-09,C,0.65,0.077500000,3,
2026-08-19,CAU,OPT,CAUV6 C6600,2026-10-09,C,0.66,0.067600000,3,
2026-08-19,CAU,OPT,CAUV6 C6650,2026-10-09,C,0.665,0.062600000,3,
2026-08-19,CAU,OPT,CAUV6 C6700,2026-10-09,C,0.67,0.057600000,3,
2026-08-19,CAU,OPT,CAUV6 C6750,2026-10-09,C,0.675,0.052700000,3,
2026-08-19,CAU,OPT,CAUV6 C6800,2026-10-09,C,0.68,0.047700000,3,
2026-08-19,CAU,OPT,CAUV6 C6850,2026-10-09,C,0.685,0.042700000,3,
2026-08-19,CAU,OPT,CAUV6 C6900,2026-10-09,C,0.69,0.037800000,3,
2026-08-19,CAU,OPT,CAUV6 C6950,2026-10-09,C,0.695,0.032800000,3,
2026-08-19,CAU,OPT,CAUV6 C7000,2026-10-09,C,0.7,0.027900000,3,
2026-08-19,CAU,OPT,CAUV6 C7050,2026-10-09,C,0.705,0.023000000,3,
2026-08-19,CAU,OPT,CAUV6 C7100,2026-10-09,C,0.71,0.018300000,3,280
2026-08-19,CAU,OPT,CAUV6 C7150,2026-10-09,C,0.715,0.013700000,3,744
2026-08-19,CAU,OPT,CAUV6 C7200,2026-10-09,C,0.72,0.009700000,3,43
2026-08-19,CAU,OPT,CAUV6 C7250,2026-10-09,C,0.725,0.006300000,3,171
2026-08-19,CAU,OPT,CAUV6 C7300,2026-10-09,C,0.73,0.003800000,3,57
2026-08-19,CAU,OPT,CAUV6 C7350,2026-10-09,C,0.735,0.002200000,3,419
2026-08-19,CAU,OPT,CAUV6 C7400,2026-10-09,C,0.74,0.001200000,3,95
2026-08-19,CAU,OPT,CAUV6 C7450,2026-10-09,C,0.745,0.000600000,3,48
2026-08-19,CAU,OPT,CAUV6 C7500,2026-10-09,C,0.75,0.000350000,3,7
2026-08-19,CAU,OPT,CAUV6 C7550,2026-10-09,C,0.755,0.000200000,3,20
2026-08-19,CAU,OPT,CAUV6 C7600,2026-10-09,C,0.76,0.000100000,3,820
2026-08-19,CAU,OPT,CAUV6 C7650,2026-10-09,C,0.765,0.000050000,3,
2026-08-19,CAU,OPT,CAUV6 C7700,2026-10-09,C,0.77,0.000050000,3,17
2026-08-19,CAU,OPT,CAUV6 C7750,2026-10-09,C,0.775,0.000050000,3,
2026-08-19,CAU,OPT,CAUV6 C7800,2026-10-09,C,0.78,0.000050000,3,
2026-08-19,CAU,OPT,CAUV6 C7850,2026-10-09,C,0.785,0.000050000,3,
2026-08-19,CAU,OPT,CAUV6 C7900,2026-10-09,C,0.79,0.000050000,3,273
2026-08-19,CAU,OPT,CAUV6 C7950,2026-10-09,C,0.795,0.000050000,3,
2026-08-19,CAU,OPT,CAUV6 C8000,2026-10-09,C,0.8,0.000050000,3,
2026-08-19,CAU,OPT,CAUV6 C8100,2026-10-09,C,0.81,0.000050000,3,
2026-08-19,CAU,OPT,CAUV6 C8200,2026-10-09,C,0.82,0.000050000,3,
2026-08-19,CAU,OPT,CAUV6 C8300,2026-10-09,C,0.83,0.000050000,3,
2026-08-19,CAU,OPT,CAUV6 C8400,2026-10-09,C,0.84,0.000050000,3,
2026-08-19,CAU,OPT,CAUV6 C8500,2026-10-09,C,0.85,0.000050000,3,
2026-08-19,CAU,OPT,CAUV6 C8600,2026-10-09,C,0.86,0.000050000,3,
2026-08-19,CAU,OPT,CAUV6 C8700,2026-10-09,C,0.87,0.000050000,3,
2026-08-19,CAU,OPT,CAUV6 C8800,2026-10-09,C,0.88,0.000050000,3,
2026-08-19,CAU,OPT,CAUV6 C8900,2026-10-09,C,0.89,0.000050000,3,
2026-08-19,CAU,OPT,CAUV6 C9000,2026-10-09,C,0.9,0.000050000,3,
2026-08-19,CAU,OPT,CAUV6 P5600,2026-10-09,P,0.56,0.000050000,3,
2026-08-19,CAU,OPT,CAUV6 P5700,2026-10-09,P,0.57,0.000050000,3,
2026-08-19,CAU,OPT,CAUV6 P5800,2026-10-09,P,0.58,0.000050000,3,
2026-08-19,CAU,OPT,CAUV6 P5900,2026-10-09,P,0.59,0.000050000,3,
2026-08-19,CAU,OPT,CAUV6 P6000,2026-10-09,P,0.6,0.000050000,3,
2026-08-19,CAU,OPT,CAUV6 P6100,2026-10-09,P,0.61,0.000050000,3,
2026-08-19,CAU,OPT,CAUV6 P6200,2026-10-09,P,0.62,0.000050000,3,
2026-08-19,CAU,OPT,CAUV6 P6300,2026-10-09,P,0.63,0.000050000,3,
2026-08-19,CAU,OPT,CAUV6 P6400,2026-10-09,P,0.64,0.000050000,3,
2026-08-19,CAU,OPT,CAUV6 P6500,2026-10-09,P,0.65,0.000050000,3,
2026-08-19,CAU,OPT,CAUV6 P6600,2026-10-09,P,0.66,0.000050000,3,
2026-08-19,CAU,OPT,CAUV6 P6650,2026-10-09,P,0.665,0.000050000,3,
2026-08-19,CAU,OPT,CAUV6 P6700,2026-10-09,P,0.67,0.000050000,3,4
2026-08-19,CAU,OPT,CAUV6 P6750,2026-10-09,P,0.675,0.000050000,3,207
2026-08-19,CAU,OPT,CAUV6 P6800,2026-10-09,P,0.68,0.000050000,3,9
2026-08-19,CAU,OPT,CAUV6 P6850,2026-10-09,P,0.685,0.000050000,3,1
2026-08-19,CAU,OPT,CAUV6 P6900,2026-10-09,P,0.69,0.000050000,3,328
2026-08-19,CAU,OPT,CAUV6 P6950,2026-10-09,P,0.695,0.000100000,3,46
2026-08-19,CAU,OPT,CAUV6 P7000,2026-10-09,P,0.7,0.000150000,3,254
2026-08-19,CAU,OPT,CAUV6 P7050,2026-10-09,P,0.705,0.000250000,3,199
2026-08-19,CAU,OPT,CAUV6 P7100,2026-10-09,P,0.71,0.000450000,3,730
2026-08-19,CAU,OPT,CAUV6 P7150,2026-10-09,P,0.715,0.000900000,3,212
2026-08-19,CAU,OPT,CAUV6 P7200,2026-10-09,P,0.72,0.001800000,3,339
2026-08-19,CAU,OPT,CAUV6 P7250,2026-10-09,P,0.725,0.003500000,3,42
2026-08-19,CAU,OPT,CAUV6 P7300,2026-10-09,P,0.73,0.005900000,3,23
2026-08-19,CAU,OPT,CAUV6 P7350,2026-10-09,P,0.735,0.009200000,3,
2026-08-19,CAU,OPT,CAUV6 P7400,2026-10-09,P,0.74,0.013200000,3,
2026-08-19,CAU,OPT,CAUV6 P7450,2026-10-09,P,0.745,0.017600000,3,160
2026-08-19,CAU,OPT,CAUV6 P7500,2026-10-09,P,0.75,0.022300000,3,
2026-08-19,CAU,OPT,CAUV6 P7550,2026-10-09,P,0.755,0.027100000,3,
2026-08-19,CAU,OPT,CAUV6 P7600,2026-10-09,P,0.76,0.032000000,3,
2026-08-19,CAU,OPT,CAUV6 P7650,2026-10-09,P,0.765,0.037000000,3,2
2026-08-19,CAU,OPT,CAUV6 P7700,2026-10-09,P,0.77,0.041900000,3,
2026-08-19,CAU,OPT,CAUV6 P7750,2026-10-09,P,0.775,0.046900000,3,
2026-08-19,CAU,OPT,CAUV6 P7800,2026-10-09,P,0.78,0.051800000,3,
2026-08-19,CAU,OPT,CAUV6 P7850,2026-10-09,P,0.785,0.056800000,3,
2026-08-19,CAU,OPT,CAUV6 P7900,2026-10-09,P,0.79,0.061800000,3,
2026-08-19,CAU,OPT,CAUV6 P7950,2026-10-09,P,0.795,0.066800000,3,
2026-08-19,CAU,OPT,CAUV6 P8000,2026-10-09,P,0.8,0.071700000,3,
2026-08-19,CAU,OPT,CAUV6 P8100,2026-10-09,P,0.81,0.081700000,3,
2026-08-19,CAU,OPT,CAUV6 P8200,2026-10-09,P,0.82,0.091600000,3,
2026-08-19,CAU,OPT,CAUV6 P8300,2026-10-09,P,0.83,0.101600000,3,
2026-08-19,CAU,OPT,CAUV6 P8400,2026-10-09,P,0.84,0.111500000,3,
2026-08-19,CAU,OPT,CAUV6 P8500,2026-10-09,P,0.85,0.121500000,3,
2026-08-19,CAU,OPT,CAUV6 P8600,2026-10-09,P,0.86,0.131400000,3,
2026-08-19,CAU,OPT,CAUV6 P8700,2026-10-09,P,0.87,0.141400000,3,
2026-08-19,CAU,OPT,CAUV6 P8800,2026-10-09,P,0.88,0.151300000,3,
2026-08-19,CAU,OPT,CAUV6 P8900,2026-10-09,P,0.89,0.161300000,3,
2026-08-19,CAU,OPT,CAUV6 P9000,2026-10-09,P,0.9,0.171200000,3,
2026-08-19,CAU,OPT,CAUX6 C5600,2026-11-06,C,0.56,0.166600000,3,
2026-08-19,CAU,OPT,CAUX6 C5700,2026-11-06,C,0.57,0.156600000,3,
2026-08-19,CAU,OPT,CAUX6 C5800,2026-11-06,C,0.58,0.146700000,3,
2026-08-19,CAU,OPT,CAUX6 C5900,2026-11-06,C,0.59,0.136800000,3,
2026-08-19,CAU,OPT,CAUX6 C6000,2026-11-06,C,0.6,0.126900000,3,
2026-08-19,CAU,OPT,CAUX6 C6100,2026-11-06,C,0.61,0.117000000,3,
2026-08-19,CAU,OPT,CAUX6 C6200,2026-11-06,C,0.62,0.107000000,3,
2026-08-19,CAU,OPT,CAUX6 C6300,2026-11-06,C,0.63,0.097100000,3,
2026-08-19,CAU,OPT,CAUX6 C6400,2026-11-06,C,0.64,0.087200000,3,
2026-08-19,CAU,OPT,CAUX6 C6500,2026-11-06,C,0.65,0.077300000,3,
2026-08-19,CAU,OPT,CAUX6 C6600,2026-11-06,C,0.66,0.067400000,3,
2026-08-19,CAU,OPT,CAUX6 C6650,2026-11-06,C,0.665,0.062400000,3,
2026-08-19,CAU,OPT,CAUX6 C6700,2026-11-06,C,0.67,0.057500000,3,
2026-08-19,CAU,OPT,CAUX6 C6750,2026-11-06,C,0.675,0.052600000,3,
2026-08-19,CAU,OPT,CAUX6 C6800,2026-11-06,C,0.68,0.047600000,3,
2026-08-19,CAU,OPT,CAUX6 C6850,2026-11-06,C,0.685,0.042700000,3,
2026-08-19,CAU,OPT,CAUX6 C6900,2026-11-06,C,0.69,0.037800000,3,
2026-08-19,CAU,OPT,CAUX6 C6950,2026-11-06,C,0.695,0.032900000,3,
2026-08-19,CAU,OPT,CAUX6 C7000,2026-11-06,C,0.7,0.028100000,3,1
2026-08-19,CAU,OPT,CAUX6 C7050,2026-11-06,C,0.705,0.023400000,3,
2026-08-19,CAU,OPT,CAUX6 C7100,2026-11-06,C,0.71,0.018800000,3,4
2026-08-19,CAU,OPT,CAUX6 C7150,2026-11-06,C,0.715,0.014600000,3,9
2026-08-19,CAU,OPT,CAUX6 C7200,2026-11-06,C,0.72,0.010800000,3,20
2026-08-19,CAU,OPT,CAUX6 C7250,2026-11-06,C,0.725,0.007600000,3,2
2026-08-19,CAU,OPT,CAUX6 C7300,2026-11-06,C,0.73,0.005100000,3,387
2026-08-19,CAU,OPT,CAUX6 C7350,2026-11-06,C,0.735,0.003300000,3,72
2026-08-19,CAU,OPT,CAUX6 C7400,2026-11-06,C,0.74,0.002100000,3,346
2026-08-19,CAU,OPT,CAUX6 C7450,2026-11-06,C,0.745,0.001300000,3,22
2026-08-19,CAU,OPT,CAUX6 C7500,2026-11-06,C,0.75,0.000800000,3,
2026-08-19,CAU,OPT,CAUX6 C7550,2026-11-06,C,0.755,0.000500000,3,77
2026-08-19,CAU,OPT,CAUX6 C7600,2026-11-06,C,0.76,0.000350000,3,16
2026-08-19,CAU,OPT,CAUX6 C7650,2026-11-06,C,0.765,0.000250000,3,16
2026-08-19,CAU,OPT,CAUX6 C7700,2026-11-06,C,0.77,0.000150000,3,16
2026-08-19,CAU,OPT,CAUX6 C7750,2026-11-06,C,0.775,0.000100000,3,16
2026-08-19,CAU,OPT,CAUX6 C7800,2026-11-06,C,0.78,0.000050000,3,
2026-08-19,CAU,OPT,CAUX6 C7850,2026-11-06,C,0.785,0.000050000,3,
2026-08-19,CAU,OPT,CAUX6 C7900,2026-11-06,C,0.79,0.000050000,3,1
2026-08-19,CAU,OPT,CAUX6 C7950,2026-11-06,C,0.795,0.000050000,3,
2026-08-19,CAU,OPT,CAUX6 C8000,2026-11-06,C,0.8,0.000050000,3,16
2026-08-19,CAU,OPT,CAUX6 C8100,2026-11-06,C,0.81,0.000050000,3,
2026-08-19,CAU,OPT,CAUX6 C8200,2026-11-06,C,0.82,0.000050000,3,
2026-08-19,CAU,OPT,CAUX6 C8300,2026-11-06,C,0.83,0.000050000,3,
2026-08-19,CAU,OPT,CAUX6 C8400,2026-11-06,C,0.84,0.000050000,3,
2026-08-19,CAU,OPT,CAUX6 C8500,2026-11-06,C,0.85,0.000050000,3,
2026-08-19,CAU,OPT,CAUX6 C8600,2026-11-06,C,0.86,0.000050000,3,
2026-08-19,CAU,OPT,CAUX6 C8700,2026-11-06,C,0.87,0.000050000,3,
2026-08-19,CAU,OPT,CAUX6 C8800,2026-11-06,C,0.88,0.000050000,3,
2026-08-19,CAU,OPT,CAUX6 C8900,2026-11-06,C,0.89,0.000050000,3,
2026-08-19,CAU,OPT,CAUX6 C9000,2026-11-06,C,0.9,0.000050000,3,
2026-08-19,CAU,OPT,CAUX6 P5600,2026-11-06,P,0.56,0.000050000,3,
2026-08-19,CAU,OPT,CAUX6 P5700,2026-11-06,P,0.57,0.000050000,3,
2026-08-19,CAU,OPT,CAUX6 P5800,2026-11-06,P,0.58,0.000050000,3,
2026-08-19,CAU,OPT,CAUX6 P5900,2026-11-06,P,0.59,0.000050000,3,
2026-08-19,CAU,OPT,CAUX6 P6000,2026-11-06,P,0.6,0.000050000,3,
2026-08-19,CAU,OPT,CAUX6 P6100,2026-11-06,P,0.61,0.000050000,3,
2026-08-19,CAU,OPT,CAUX6 P6200,2026-11-06,P,0.62,0.000050000,3,
2026-08-19,CAU,OPT,CAUX6 P6300,2026-11-06,P,0.63,0.000050000,3,
2026-08-19,CAU,OPT,CAUX6 P6400,2026-11-06,P,0.64,0.000050000,3,
2026-08-19,CAU,OPT,CAUX6 P6500,2026-11-06,P,0.65,0.000050000,3,
2026-08-19,CAU,OPT,CAUX6 P6600,2026-11-06,P,0.66,0.000050000,3,6
2026-08-19,CAU,OPT,CAUX6 P6650,2026-11-06,P,0.665,0.000050000,3,
2026-08-19,CAU,OPT,CAUX6 P6700,2026-11-06,P,0.67,0.000050000,3,
2026-08-19,CAU,OPT,CAUX6 P6750,2026-11-06,P,0.675,0.000100000,3,1
2026-08-19,CAU,OPT,CAUX6 P6800,2026-11-06,P,0.68,0.000100000,3,
2026-08-19,CAU,OPT,CAUX6 P6850,2026-11-06,P,0.685,0.000150000,3,17
2026-08-19,CAU,OPT,CAUX6 P6900,2026-11-06,P,0.69,0.000200000,3,2
2026-08-19,CAU,OPT,CAUX6 P6950,2026-11-06,P,0.695,0.000250000,3,16
2026-08-19,CAU,OPT,CAUX6 P7000,2026-11-06,P,0.7,0.000400000,3,34
2026-08-19,CAU,OPT,CAUX6 P7050,2026-11-06,P,0.705,0.000600000,3,10
2026-08-19,CAU,OPT,CAUX6 P7100,2026-11-06,P,0.71,0.001100000,3,39
2026-08-19,CAU,OPT,CAUX6 P7150,2026-11-06,P,0.715,0.001800000,3,12
2026-08-19,CAU,OPT,CAUX6 P7200,2026-11-06,P,0.72,0.002900000,3,109
2026-08-19,CAU,OPT,CAUX6 P7250,2026-11-06,P,0.725,0.004700000,3,25
2026-08-19,CAU,OPT,CAUX6 P7300,2026-11-06,P,0.73,0.007200000,3,62
2026-08-19,CAU,OPT,CAUX6 P7350,2026-11-06,P,0.735,0.010300000,3,
2026-08-19,CAU,OPT,CAUX6 P7400,2026-11-06,P,0.74,0.014100000,3,
2026-08-19,CAU,OPT,CAUX6 P7450,2026-11-06,P,0.745,0.018300000,3,40
2026-08-19,CAU,OPT,CAUX6 P7500,2026-11-06,P,0.75,0.022700000,3,
2026-08-19,CAU,OPT,CAUX6 P7550,2026-11-06,P,0.755,0.027400000,3,
2026-08-19,CAU,OPT,CAUX6 P7600,2026-11-06,P,0.76,0.032200000,3,
2026-08-19,CAU,OPT,CAUX6 P7650,2026-11-06,P,0.765,0.037000000,3,
2026-08-19,CAU,OPT,CAUX6 P7700,2026-11-06,P,0.77,0.041900000,3,
2026-08-19,CAU,OPT,CAUX6 P7750,2026-11-06,P,0.775,0.046800000,3,
2026-08-19,CAU,OPT,CAUX6 P7800,2026-11-06,P,0.78,0.051700000,3,
2026-08-19,CAU,OPT,CAUX6 P7850,2026-11-06,P,0.785,0.056700000,3,
2026-08-19,CAU,OPT,CAUX6 P7900,2026-11-06,P,0.79,0.061600000,3,
2026-08-19,CAU,OPT,CAUX6 P7950,2026-11-06,P,0.795,0.066600000,3,
2026-08-19,CAU,OPT,CAUX6 P8000,2026-11-06,P,0.8,0.071500000,3,
2026-08-19,CAU,OPT,CAUX6 P8100,2026-11-06,P,0.81,0.081400000,3,
2026-08-19,CAU,OPT,CAUX6 P8200,2026-11-06,P,0.82,0.091400000,3,
2026-08-19,CAU,OPT,CAUX6 P8300,2026-11-06,P,0.83,0.101300000,3,
2026-08-19,CAU,OPT,CAUX6 P8400,2026-11-06,P,0.84,0.111200000,3,
2026-08-19,CAU,OPT,CAUX6 P8500,2026-11-06,P,0.85,0.121100000,3,
2026-08-19,CAU,OPT,CAUX6 P8600,2026-11-06,P,0.86,0.131100000,3,
2026-08-19,CAU,OPT,CAUX6 P8700,2026-11-06,P,0.87,0.141000000,3,
2026-08-19,CAU,OPT,CAUX6 P8800,2026-11-06,P,0.88,0.150900000,3,
2026-08-19,CAU,OPT,CAUX6 P8900,2026-11-06,P,0.89,0.160800000,3,
2026-08-19,CAU,OPT,CAUX6 P9000,2026-11-06,P,0.9,0.170700000,3,
2026-08-19,CAU,OPT,CAUZ6 C5600,2026-12-04,C,0.56,0.166100000,3,
2026-08-19,CAU,OPT,CAUZ6 C5700,2026-12-04,C,0.57,0.156200000,3,
2026-08-19,CAU,OPT,CAUZ6 C5800,2026-12-04,C,0.58,0.146300000,3,
2026-08-19,CAU,OPT,CAUZ6 C5900,2026-12-04,C,0.59,0.136400000,3,
2026-08-19,CAU,OPT,CAUZ6 C6000,2026-12-04,C,0.6,0.126600000,3,
2026-08-19,CAU,OPT,CAUZ6 C6100,2026-12-04,C,0.61,0.116700000,3,
2026-08-19,CAU,OPT,CAUZ6 C6200,2026-12-04,C,0.62,0.106800000,3,
2026-08-19,CAU,OPT,CAUZ6 C6300,2026-12-04,C,0.63,0.096900000,3,
2026-08-19,CAU,OPT,CAUZ6 C6400,2026-12-04,C,0.64,0.087000000,3,
2026-08-19,CAU,OPT,CAUZ6 C6500,2026-12-04,C,0.65,0.077100000,3,
2026-08-19,CAU,OPT,CAUZ6 C6600,2026-12-04,C,0.66,0.067300000,3,
2026-08-19,CAU,OPT,CAUZ6 C6650,2026-12-04,C,0.665,0.062300000,3,
2026-08-19,CAU,OPT,CAUZ6 C6700,2026-12-04,C,0.67,0.057400000,3,
2026-08-19,CAU,OPT,CAUZ6 C6750,2026-12-04,C,0.675,0.052500000,3,
2026-08-19,CAU,OPT,CAUZ6 C6800,2026-12-04,C,0.68,0.047600000,3,
2026-08-19,CAU,OPT,CAUZ6 C6850,2026-12-04,C,0.685,0.042700000,3,
2026-08-19,CAU,OPT,CAUZ6 C6900,2026-12-04,C,0.69,0.037900000,3,
2026-08-19,CAU,OPT,CAUZ6 C6950,2026-12-04,C,0.695,0.033100000,3,
2026-08-19,CAU,OPT,CAUZ6 C7000,2026-12-04,C,0.7,0.028400000,3,5001
2026-08-19,CAU,OPT,CAUZ6 C7050,2026-12-04,C,0.705,0.023800000,3,25
2026-08-19,CAU,OPT,CAUZ6 C7100,2026-12-04,C,0.71,0.019400000,3,5004
2026-08-19,CAU,OPT,CAUZ6 C7150,2026-12-04,C,0.715,0.015300000,3,6
2026-08-19,CAU,OPT,CAUZ6 C7200,2026-12-04,C,0.72,0.011700000,3,233
2026-08-19,CAU,OPT,CAUZ6 C7250,2026-12-04,C,0.725,0.008600000,3,225
2026-08-19,CAU,OPT,CAUZ6 C7300,2026-12-04,C,0.73,0.006100000,3,300
2026-08-19,CAU,OPT,CAUZ6 C7350,2026-12-04,C,0.735,0.004200000,3,115
2026-08-19,CAU,OPT,CAUZ6 C7400,2026-12-04,C,0.74,0.002900000,3,504
2026-08-19,CAU,OPT,CAUZ6 C7450,2026-12-04,C,0.745,0.001900000,3,18
2026-08-19,CAU,OPT,CAUZ6 C7500,2026-12-04,C,0.75,0.001300000,3,106
2026-08-19,CAU,OPT,CAUZ6 C7550,2026-12-04,C,0.755,0.000900000,3,20
2026-08-19,CAU,OPT,CAUZ6 C7600,2026-12-04,C,0.76,0.000600000,3,1736
2026-08-19,CAU,OPT,CAUZ6 C7650,2026-12-04,C,0.765,0.000400000,3,18
2026-08-19,CAU,OPT,CAUZ6 C7700,2026-12-04,C,0.77,0.000300000,3,20
2026-08-19,CAU,OPT,CAUZ6 C7750,2026-12-04,C,0.775,0.000200000,3,96
2026-08-19,CAU,OPT,CAUZ6 C7800,2026-12-04,C,0.78,0.000150000,3,30
2026-08-19,CAU,OPT,CAUZ6 C7850,2026-12-04,C,0.785,0.000150000,3,
2026-08-19,CAU,OPT,CAUZ6 C7900,2026-12-04,C,0.79,0.000100000,3,20
2026-08-19,CAU,OPT,CAUZ6 C7950,2026-12-04,C,0.795,0.000100000,3,
2026-08-19,CAU,OPT,CAUZ6 C8000,2026-12-04,C,0.8,0.000100000,3,46
2026-08-19,CAU,OPT,CAUZ6 C8050,2026-12-04,C,0.805,0.000100000,3,
2026-08-19,CAU,OPT,CAUZ6 C8100,2026-12-04,C,0.81,0.000100000,3,
2026-08-19,CAU,OPT,CAUZ6 C8200,2026-12-04,C,0.82,0.000100000,3,
2026-08-19,CAU,OPT,CAUZ6 C8300,2026-12-04,C,0.83,0.000050000,3,
2026-08-19,CAU,OPT,CAUZ6 C8400,2026-12-04,C,0.84,0.000050000,3,
2026-08-19,CAU,OPT,CAUZ6 C8500,2026-12-04,C,0.85,0.000050000,3,
2026-08-19,CAU,OPT,CAUZ6 C8600,2026-12-04,C,0.86,0.000050000,3,
2026-08-19,CAU,OPT,CAUZ6 C8700,2026-12-04,C,0.87,0.000050000,3,
2026-08-19,CAU,OPT,CAUZ6 C8800,2026-12-04,C,0.88,0.000050000,3,
2026-08-19,CAU,OPT,CAUZ6 C8900,2026-12-04,C,0.89,0.000050000,3,
2026-08-19,CAU,OPT,CAUZ6 C9000,2026-12-04,C,0.9,0.000050000,3,
2026-08-19,CAU,OPT,CAUZ6 P5600,2026-12-04,P,0.56,0.000050000,3,
2026-08-19,CAU,OPT,CAUZ6 P5700,2026-12-04,P,0.57,0.000050000,3,
2026-08-19,CAU,OPT,CAUZ6 P5800,2026-12-04,P,0.58,0.000050000,3,
2026-08-19,CAU,OPT,CAUZ6 P5900,2026-12-04,P,0.59,0.000050000,3,
2026-08-19,CAU,OPT,CAUZ6 P6000,2026-12-04,P,0.6,0.000050000,3,
2026-08-19,CAU,OPT,CAUZ6 P6100,2026-12-04,P,0.61,0.000100000,3,
2026-08-19,CAU,OPT,CAUZ6 P6200,2026-12-04,P,0.62,0.000100000,3,
2026-08-19,CAU,OPT,CAUZ6 P6300,2026-12-04,P,0.63,0.000100000,3,51
2026-08-19,CAU,OPT,CAUZ6 P6400,2026-12-04,P,0.64,0.000100000,3,
2026-08-19,CAU,OPT,CAUZ6 P6500,2026-12-04,P,0.65,0.000100000,3,
2026-08-19,CAU,OPT,CAUZ6 P6600,2026-12-04,P,0.66,0.000100000,3,
2026-08-19,CAU,OPT,CAUZ6 P6650,2026-12-04,P,0.665,0.000150000,3,200
2026-08-19,CAU,OPT,CAUZ6 P6700,2026-12-04,P,0.67,0.000150000,3,8
2026-08-19,CAU,OPT,CAUZ6 P6750,2026-12-04,P,0.675,0.000200000,3,3
2026-08-19,CAU,OPT,CAUZ6 P6800,2026-12-04,P,0.68,0.000200000,3,3
2026-08-19,CAU,OPT,CAUZ6 P6850,2026-12-04,P,0.685,0.000300000,3,18
2026-08-19,CAU,OPT,CAUZ6 P6900,2026-12-04,P,0.69,0.000400000,3,36
2026-08-19,CAU,OPT,CAUZ6 P6950,2026-12-04,P,0.695,0.000500000,3,805
2026-08-19,CAU,OPT,CAUZ6 P7000,2026-12-04,P,0.7,0.000800000,3,68
2026-08-19,CAU,OPT,CAUZ6 P7050,2026-12-04,P,0.705,0.001100000,3,22
2026-08-19,CAU,OPT,CAUZ6 P7100,2026-12-04,P,0.71,0.001700000,3,66
2026-08-19,CAU,OPT,CAUZ6 P7150,2026-12-04,P,0.715,0.002600000,3,143
2026-08-19,CAU,OPT,CAUZ6 P7200,2026-12-04,P,0.72,0.003900000,3,303
2026-08-19,CAU,OPT,CAUZ6 P7250,2026-12-04,P,0.725,0.005700000,3,100
2026-08-19,CAU,OPT,CAUZ6 P7300,2026-12-04,P,0.73,0.008200000,3,270
2026-08-19,CAU,OPT,CAUZ6 P7350,2026-12-04,P,0.735,0.011300000,3,25
2026-08-19,CAU,OPT,CAUZ6 P7400,2026-12-04,P,0.74,0.014800000,3,1
2026-08-19,CAU,OPT,CAUZ6 P7450,2026-12-04,P,0.745,0.018800000,3,
2026-08-19,CAU,OPT,CAUZ6 P7500,2026-12-04,P,0.75,0.023100000,3,
2026-08-19,CAU,OPT,CAUZ6 P7550,2026-12-04,P,0.755,0.027700000,3,
2026-08-19,CAU,OPT,CAUZ6 P7600,2026-12-04,P,0.76,0.032300000,3,
2026-08-19,CAU,OPT,CAUZ6 P7650,2026-12-04,P,0.765,0.037100000,3,
2026-08-19,CAU,OPT,CAUZ6 P7700,2026-12-04,P,0.77,0.041900000,3,
2026-08-19,CAU,OPT,CAUZ6 P7750,2026-12-04,P,0.775,0.046800000,3,1
2026-08-19,CAU,OPT,CAUZ6 P7800,2026-12-04,P,0.78,0.051700000,3,
2026-08-19,CAU,OPT,CAUZ6 P7850,2026-12-04,P,0.785,0.056600000,3,
2026-08-19,CAU,OPT,CAUZ6 P7900,2026-12-04,P,0.79,0.061500000,3,
2026-08-19,CAU,OPT,CAUZ6 P7950,2026-12-04,P,0.795,0.066500000,3,
2026-08-19,CAU,OPT,CAUZ6 P8000,2026-12-04,P,0.8,0.071400000,3,
2026-08-19,CAU,OPT,CAUZ6 P8050,2026-12-04,P,0.805,0.076300000,3,
2026-08-19,CAU,OPT,CAUZ6 P8100,2026-12-04,P,0.81,0.081300000,3,
2026-08-19,CAU,OPT,CAUZ6 P8200,2026-12-04,P,0.82,0.091200000,3,
2026-08-19,CAU,OPT,CAUZ6 P8300,2026-12-04,P,0.83,0.101000000,3,
2026-08-19,CAU,OPT,CAUZ6 P8400,2026-12-04,P,0.84,0.110900000,3,
2026-08-19,CAU,OPT,CAUZ6 P8500,2026-12-04,P,0.85,0.120800000,3,
2026-08-19,CAU,OPT,CAUZ6 P8600,2026-12-04,P,0.86,0.130700000,3,
2026-08-19,CAU,OPT,CAUZ6 P8700,2026-12-04,P,0.87,0.140600000,3,
2026-08-19,CAU,OPT,CAUZ6 P8800,2026-12-04,P,0.88,0.150400000,3,
2026-08-19,CAU,OPT,CAUZ6 P8900,2026-12-04,P,0.89,0.160300000,3,
2026-08-19,CAU,OPT,CAUZ6 P9000,2026-12-04,P,0.9,0.170200000,3,
2026-08-19,CAU,OPT,CAUF7 C5600,2027-01-08,C,0.56,0.168300000,3,
2026-08-19,CAU,OPT,CAUF7 C5700,2027-01-08,C,0.57,0.158400000,3,
2026-08-19,CAU,OPT,CAUF7 C5800,2027-01-08,C,0.58,0.148600000,3,
2026-08-19,CAU,OPT,CAUF7 C5900,2027-01-08,C,0.59,0.138700000,3,
2026-08-19,CAU,OPT,CAUF7 C6000,2027-01-08,C,0.6,0.128900000,3,
2026-08-19,CAU,OPT,CAUF7 C6100,2027-01-08,C,0.61,0.119000000,3,
2026-08-19,CAU,OPT,CAUF7 C6200,2027-01-08,C,0.62,0.109200000,3,
2026-08-19,CAU,OPT,CAUF7 C6300,2027-01-08,C,0.63,0.099300000,3,
2026-08-19,CAU,OPT,CAUF7 C6400,2027-01-08,C,0.64,0.089500000,3,
2026-08-19,CAU,OPT,CAUF7 C6500,2027-01-08,C,0.65,0.079700000,3,
2026-08-19,CAU,OPT,CAUF7 C6600,2027-01-08,C,0.66,0.069900000,3,
2026-08-19,CAU,OPT,CAUF7 C6650,2027-01-08,C,0.665,0.065000000,3,
2026-08-19,CAU,OPT,CAUF7 C6700,2027-01-08,C,0.67,0.060100000,3,
2026-08-19,CAU,OPT,CAUF7 C6750,2027-01-08,C,0.675,0.055200000,3,
2026-08-19,CAU,OPT,CAUF7 C6800,2027-01-08,C,0.68,0.050300000,3,
2026-08-19,CAU,OPT,CAUF7 C6850,2027-01-08,C,0.685,0.045500000,3,
2026-08-19,CAU,OPT,CAUF7 C6900,2027-01-08,C,0.69,0.040700000,3,
2026-08-19,CAU,OPT,CAUF7 C6950,2027-01-08,C,0.695,0.035900000,3,
2026-08-19,CAU,OPT,CAUF7 C7000,2027-01-08,C,0.7,0.031300000,3,
2026-08-19,CAU,OPT,CAUF7 C7050,2027-01-08,C,0.705,0.026700000,3,
2026-08-19,CAU,OPT,CAUF7 C7100,2027-01-08,C,0.71,0.022300000,3,
2026-08-19,CAU,OPT,CAUF7 C7150,2027-01-08,C,0.715,0.018300000,3,
2026-08-19,CAU,OPT,CAUF7 C7200,2027-01-08,C,0.72,0.014500000,3,66
2026-08-19,CAU,OPT,CAUF7 C7250,2027-01-08,C,0.725,0.011300000,3,
2026-08-19,CAU,OPT,CAUF7 C7300,2027-01-08,C,0.73,0.008500000,3,1
2026-08-19,CAU,OPT,CAUF7 C7350,2027-01-08,C,0.735,0.006300000,3,
2026-08-19,CAU,OPT,CAUF7 C7400,2027-01-08,C,0.74,0.004600000,3,68
2026-08-19,CAU,OPT,CAUF7 C7450,2027-01-08,C,0.745,0.003300000,3,91
2026-08-19,CAU,OPT,CAUF7 C7500,2027-01-08,C,0.75,0.002400000,3,1
2026-08-19,CAU,OPT,CAUF7 C7550,2027-01-08,C,0.755,0.001700000,3,16
2026-08-19,CAU,OPT,CAUF7 C7600,2027-01-08,C,0.76,0.001200000,3,2
2026-08-19,CAU,OPT,CAUF7 C7650,2027-01-08,C,0.765,0.000800000,3,81
2026-08-19,CAU,OPT,CAUF7 C7700,2027-01-08,C,0.77,0.000600000,3,2
2026-08-19,CAU,OPT,CAUF7 C7750,2027-01-08,C,0.775,0.000400000,3,
2026-08-19,CAU,OPT,CAUF7 C7800,2027-01-08,C,0.78,0.000300000,3,1
2026-08-19,CAU,OPT,CAUF7 C7850,2027-01-08,C,0.785,0.000200000,3,10
2026-08-19,CAU,OPT,CAUF7 C7900,2027-01-08,C,0.79,0.000200000,3,2
2026-08-19,CAU,OPT,CAUF7 C7950,2027-01-08,C,0.795,0.000150000,3,
2026-08-19,CAU,OPT,CAUF7 C8000,2027-01-08,C,0.8,0.000100000,3,3010
2026-08-19,CAU,OPT,CAUF7 C8100,2027-01-08,C,0.81,0.000050000,3,
2026-08-19,CAU,OPT,CAUF7 C8200,2027-01-08,C,0.82,0.000050000,3,60
2026-08-19,CAU,OPT,CAUF7 C8300,2027-01-08,C,0.83,0.000050000,3,
2026-08-19,CAU,OPT,CAUF7 C8400,2027-01-08,C,0.84,0.000050000,3,
2026-08-19,CAU,OPT,CAUF7 C8500,2027-01-08,C,0.85,0.000050000,3,
2026-08-19,CAU,OPT,CAUF7 C8600,2027-01-08,C,0.86,0.000050000,3,
2026-08-19,CAU,OPT,CAUF7 C8700,2027-01-08,C,0.87,0.000050000,3,
2026-08-19,CAU,OPT,CAUF7 C8800,2027-01-08,C,0.88,0.000050000,3,
2026-08-19,CAU,OPT,CAUF7 C8900,2027-01-08,C,0.89,0.000050000,3,
2026-08-19,CAU,OPT,CAUF7 C9000,2027-01-08,C,0.9,0.000050000,3,
2026-08-19,CAU,OPT,CAUF7 P5600,2027-01-08,P,0.56,0.000050000,3,
2026-08-19,CAU,OPT,CAUF7 P5700,2027-01-08,P,0.57,0.000050000,3,
2026-08-19,CAU,OPT,CAUF7 P5800,2027-01-08,P,0.58,0.000050000,3,
2026-08-19,CAU,OPT,CAUF7 P5900,2027-01-08,P,0.59,0.000050000,3,
2026-08-19,CAU,OPT,CAUF7 P6000,2027-01-08,P,0.6,0.000050000,3,
2026-08-19,CAU,OPT,CAUF7 P6100,2027-01-08,P,0.61,0.000050000,3,
2026-08-19,CAU,OPT,CAUF7 P6200,2027-01-08,P,0.62,0.000050000,3,
2026-08-19,CAU,OPT,CAUF7 P6300,2027-01-08,P,0.63,0.000050000,3,
2026-08-19,CAU,OPT,CAUF7 P6400,2027-01-08,P,0.64,0.000100000,3,
2026-08-19,CAU,OPT,CAUF7 P6500,2027-01-08,P,0.65,0.000100000,3,
2026-08-19,CAU,OPT,CAUF7 P6600,2027-01-08,P,0.66,0.000150000,3,
2026-08-19,CAU,OPT,CAUF7 P6650,2027-01-08,P,0.665,0.000200000,3,
2026-08-19,CAU,OPT,CAUF7 P6700,2027-01-08,P,0.67,0.000250000,3,
2026-08-19,CAU,OPT,CAUF7 P6750,2027-01-08,P,0.675,0.000250000,3,16
2026-08-19,CAU,OPT,CAUF7 P6800,2027-01-08,P,0.68,0.000350000,3,
2026-08-19,CAU,OPT,CAUF7 P6850,2027-01-08,P,0.685,0.000400000,3,16
2026-08-19,CAU,OPT,CAUF7 P6900,2027-01-08,P,0.69,0.000500000,3,17
2026-08-19,CAU,OPT,CAUF7 P6950,2027-01-08,P,0.695,0.000700000,3,16
2026-08-19,CAU,OPT,CAUF7 P7000,2027-01-08,P,0.7,0.001000000,3,1
2026-08-19,CAU,OPT,CAUF7 P7050,2027-01-08,P,0.705,0.001300000,3,
2026-08-19,CAU,OPT,CAUF7 P7100,2027-01-08,P,0.71,0.001900000,3,20
2026-08-19,CAU,OPT,CAUF7 P7150,2027-01-08,P,0.715,0.002700000,3,10
2026-08-19,CAU,OPT,CAUF7 P7200,2027-01-08,P,0.72,0.004000000,3,174
2026-08-19,CAU,OPT,CAUF7 P7250,2027-01-08,P,0.725,0.005600000,3,
2026-08-19,CAU,OPT,CAUF7 P7300,2027-01-08,P,0.73,0.007800000,3,100
2026-08-19,CAU,OPT,CAUF7 P7350,2027-01-08,P,0.735,0.010500000,3,1
2026-08-19,CAU,OPT,CAUF7 P7400,2027-01-08,P,0.74,0.013700000,3,
2026-08-19,CAU,OPT,CAUF7 P7450,2027-01-08,P,0.745,0.017400000,3,
2026-08-19,CAU,OPT,CAUF7 P7500,2027-01-08,P,0.75,0.021300000,3,
2026-08-19,CAU,OPT,CAUF7 P7550,2027-01-08,P,0.755,0.025500000,3,
2026-08-19,CAU,OPT,CAUF7 P7600,2027-01-08,P,0.76,0.030000000,3,
2026-08-19,CAU,OPT,CAUF7 P7650,2027-01-08,P,0.765,0.034600000,3,1
2026-08-19,CAU,OPT,CAUF7 P7700,2027-01-08,P,0.77,0.039200000,3,
2026-08-19,CAU,OPT,CAUF7 P7750,2027-01-08,P,0.775,0.044000000,3,
2026-08-19,CAU,OPT,CAUF7 P7800,2027-01-08,P,0.78,0.048800000,3,
2026-08-19,CAU,OPT,CAUF7 P7850,2027-01-08,P,0.785,0.053700000,3,
2026-08-19,CAU,OPT,CAUF7 P7900,2027-01-08,P,0.79,0.058600000,3,
2026-08-19,CAU,OPT,CAUF7 P7950,2027-01-08,P,0.795,0.063500000,3,
2026-08-19,CAU,OPT,CAUF7 P8000,2027-01-08,P,0.8,0.068400000,3,
2026-08-19,CAU,OPT,CAUF7 P8100,2027-01-08,P,0.81,0.078200000,3,
2026-08-19,CAU,OPT,CAUF7 P8200,2027-01-08,P,0.82,0.088000000,3,
2026-08-19,CAU,OPT,CAUF7 P8300,2027-01-08,P,0.83,0.097800000,3,
2026-08-19,CAU,OPT,CAUF7 P8400,2027-01-08,P,0.84,0.107700000,3,
2026-08-19,CAU,OPT,CAUF7 P8500,2027-01-08,P,0.85,0.117500000,3,
2026-08-19,CAU,OPT,CAUF7 P8600,2027-01-08,P,0.86,0.127400000,3,
2026-08-19,CAU,OPT,CAUF7 P8700,2027-01-08,P,0.87,0.137200000,3,
2026-08-19,CAU,OPT,CAUF7 P8800,2027-01-08,P,0.88,0.147100000,3,
2026-08-19,CAU,OPT,CAUF7 P8900,2027-01-08,P,0.89,0.156900000,3,
2026-08-19,CAU,OPT,CAUF7 P9000,2027-01-08,P,0.9,0.166800000,3,
2026-08-19,CAU,OPT,CAUG7 C5600,2027-02-05,C,0.56,0.167800000,3,
2026-08-19,CAU,OPT,CAUG7 C5700,2027-02-05,C,0.57,0.157900000,3,
2026-08-19,CAU,OPT,CAUG7 C5800,2027-02-05,C,0.58,0.148100000,3,
2026-08-19,CAU,OPT,CAUG7 C5900,2027-02-05,C,0.59,0.138300000,3,
2026-08-19,CAU,OPT,CAUG7 C6000,2027-02-05,C,0.6,0.128500000,3,
2026-08-19,CAU,OPT,CAUG7 C6100,2027-02-05,C,0.61,0.118700000,3,
2026-08-19,CAU,OPT,CAUG7 C6200,2027-02-05,C,0.62,0.108900000,3,
2026-08-19,CAU,OPT,CAUG7 C6300,2027-02-05,C,0.63,0.099100000,3,
2026-08-19,CAU,OPT,CAUG7 C6400,2027-02-05,C,0.64,0.089300000,3,
2026-08-19,CAU,OPT,CAUG7 C6500,2027-02-05,C,0.65,0.079600000,3,
2026-08-19,CAU,OPT,CAUG7 C6600,2027-02-05,C,0.66,0.069800000,3,
2026-08-19,CAU,OPT,CAUG7 C6650,2027-02-05,C,0.665,0.064900000,3,
2026-08-19,CAU,OPT,CAUG7 C6700,2027-02-05,C,0.67,0.060000000,3,
2026-08-19,CAU,OPT,CAUG7 C6750,2027-02-05,C,0.675,0.055200000,3,
2026-08-19,CAU,OPT,CAUG7 C6800,2027-02-05,C,0.68,0.050400000,3,
2026-08-19,CAU,OPT,CAUG7 C6850,2027-02-05,C,0.685,0.045600000,3,
2026-08-19,CAU,OPT,CAUG7 C6900,2027-02-05,C,0.69,0.040800000,3,
2026-08-19,CAU,OPT,CAUG7 C6950,2027-02-05,C,0.695,0.036100000,3,
2026-08-19,CAU,OPT,CAUG7 C7000,2027-02-05,C,0.7,0.031500000,3,
2026-08-19,CAU,OPT,CAUG7 C7050,2027-02-05,C,0.705,0.027100000,3,
2026-08-19,CAU,OPT,CAUG7 C7100,2027-02-05,C,0.71,0.022900000,3,3
2026-08-19,CAU,OPT,CAUG7 C7150,2027-02-05,C,0.715,0.019000000,3,4
2026-08-19,CAU,OPT,CAUG7 C7200,2027-02-05,C,0.72,0.015400000,3,200
2026-08-19,CAU,OPT,CAUG7 C7250,2027-02-05,C,0.725,0.012200000,3,6
2026-08-19,CAU,OPT,CAUG7 C7300,2027-02-05,C,0.73,0.009500000,3,97
2026-08-19,CAU,OPT,CAUG7 C7350,2027-02-05,C,0.735,0.007200000,3,200
2026-08-19,CAU,OPT,CAUG7 C7400,2027-02-05,C,0.74,0.005400000,3,
2026-08-19,CAU,OPT,CAUG7 C7450,2027-02-05,C,0.745,0.004000000,3,40
2026-08-19,CAU,OPT,CAUG7 C7500,2027-02-05,C,0.75,0.003000000,3,
2026-08-19,CAU,OPT,CAUG7 C7550,2027-02-05,C,0.755,0.002200000,3,400
2026-08-19,CAU,OPT,CAUG7 C7600,2027-02-05,C,0.76,0.001600000,3,4
2026-08-19,CAU,OPT,CAUG7 C7650,2027-02-05,C,0.765,0.001200000,3,
2026-08-19,CAU,OPT,CAUG7 C7700,2027-02-05,C,0.77,0.000900000,3,18
2026-08-19,CAU,OPT,CAUG7 C7750,2027-02-05,C,0.775,0.000600000,3,
2026-08-19,CAU,OPT,CAUG7 C7800,2027-02-05,C,0.78,0.000500000,3,
2026-08-19,CAU,OPT,CAUG7 C7850,2027-02-05,C,0.785,0.000400000,3,
2026-08-19,CAU,OPT,CAUG7 C7900,2027-02-05,C,0.79,0.000300000,3,
2026-08-19,CAU,OPT,CAUG7 C7950,2027-02-05,C,0.795,0.000250000,3,
2026-08-19,CAU,OPT,CAUG7 C8000,2027-02-05,C,0.8,0.000200000,3,1
2026-08-19,CAU,OPT,CAUG7 C8100,2027-02-05,C,0.81,0.000100000,3,
2026-08-19,CAU,OPT,CAUG7 C8200,2027-02-05,C,0.82,0.000100000,3,
2026-08-19,CAU,OPT,CAUG7 C8300,2027-02-05,C,0.83,0.000050000,3,
2026-08-19,CAU,OPT,CAUG7 C8400,2027-02-05,C,0.84,0.000050000,3,
2026-08-19,CAU,OPT,CAUG7 C8500,2027-02-05,C,0.85,0.000050000,3,
2026-08-19,CAU,OPT,CAUG7 C8600,2027-02-05,C,0.86,0.000050000,3,
2026-08-19,CAU,OPT,CAUG7 C8700,2027-02-05,C,0.87,0.000050000,3,
2026-08-19,CAU,OPT,CAUG7 C8800,2027-02-05,C,0.88,0.000050000,3,
2026-08-19,CAU,OPT,CAUG7 C8900,2027-02-05,C,0.89,0.000050000,3,
2026-08-19,CAU,OPT,CAUG7 C9000,2027-02-05,C,0.9,0.000050000,3,
2026-08-19,CAU,OPT,CAUG7 P5600,2027-02-05,P,0.56,0.000050000,3,
2026-08-19,CAU,OPT,CAUG7 P5700,2027-02-05,P,0.57,0.000050000,3,
2026-08-19,CAU,OPT,CAUG7 P5800,2027-02-05,P,0.58,0.000050000,3,
2026-08-19,CAU,OPT,CAUG7 P5900,2027-02-05,P,0.59,0.000050000,3,
2026-08-19,CAU,OPT,CAUG7 P6000,2027-02-05,P,0.6,0.000050000,3,
2026-08-19,CAU,OPT,CAUG7 P6100,2027-02-05,P,0.61,0.000050000,3,
2026-08-19,CAU,OPT,CAUG7 P6200,2027-02-05,P,0.62,0.000050000,3,
2026-08-19,CAU,OPT,CAUG7 P6300,2027-02-05,P,0.63,0.000100000,3,
2026-08-19,CAU,OPT,CAUG7 P6400,2027-02-05,P,0.64,0.000150000,3,
2026-08-19,CAU,OPT,CAUG7 P6500,2027-02-05,P,0.65,0.000250000,3,
2026-08-19,CAU,OPT,CAUG7 P6600,2027-02-05,P,0.66,0.000250000,3,
2026-08-19,CAU,OPT,CAUG7 P6650,2027-02-05,P,0.665,0.000300000,3,
2026-08-19,CAU,OPT,CAUG7 P6700,2027-02-05,P,0.67,0.000350000,3,
2026-08-19,CAU,OPT,CAUG7 P6750,2027-02-05,P,0.675,0.000450000,3,
2026-08-19,CAU,OPT,CAUG7 P6800,2027-02-05,P,0.68,0.000500000,3,16
2026-08-19,CAU,OPT,CAUG7 P6850,2027-02-05,P,0.685,0.000600000,3,416
2026-08-19,CAU,OPT,CAUG7 P6900,2027-02-05,P,0.69,0.000700000,3,16
2026-08-19,CAU,OPT,CAUG7 P6950,2027-02-05,P,0.695,0.001000000,3,16
2026-08-19,CAU,OPT,CAUG7 P7000,2027-02-05,P,0.7,0.001300000,3,
2026-08-19,CAU,OPT,CAUG7 P7050,2027-02-05,P,0.705,0.001800000,3,200
2026-08-19,CAU,OPT,CAUG7 P7100,2027-02-05,P,0.71,0.002500000,3,1
2026-08-19,CAU,OPT,CAUG7 P7150,2027-02-05,P,0.715,0.003500000,3,
2026-08-19,CAU,OPT,CAUG7 P7200,2027-02-05,P,0.72,0.004800000,3,201
2026-08-19,CAU,OPT,CAUG7 P7250,2027-02-05,P,0.725,0.006600000,3,
2026-08-19,CAU,OPT,CAUG7 P7300,2027-02-05,P,0.73,0.008800000,3,5
2026-08-19,CAU,OPT,CAUG7 P7350,2027-02-05,P,0.735,0.011400000,3,13
2026-08-19,CAU,OPT,CAUG7 P7400,2027-02-05,P,0.74,0.014500000,3,2
2026-08-19,CAU,OPT,CAUG7 P7450,2027-02-05,P,0.745,0.018000000,3,
2026-08-19,CAU,OPT,CAUG7 P7500,2027-02-05,P,0.75,0.021900000,3,
2026-08-19,CAU,OPT,CAUG7 P7550,2027-02-05,P,0.755,0.026000000,3,
2026-08-19,CAU,OPT,CAUG7 P7600,2027-02-05,P,0.76,0.030300000,3,
2026-08-19,CAU,OPT,CAUG7 P7650,2027-02-05,P,0.765,0.034800000,3,
2026-08-19,CAU,OPT,CAUG7 P7700,2027-02-05,P,0.77,0.039400000,3,
2026-08-19,CAU,OPT,CAUG7 P7750,2027-02-05,P,0.775,0.044100000,3,
2026-08-19,CAU,OPT,CAUG7 P7800,2027-02-05,P,0.78,0.048900000,3,
2026-08-19,CAU,OPT,CAUG7 P7850,2027-02-05,P,0.785,0.053700000,3,
2026-08-19,CAU,OPT,CAUG7 P7900,2027-02-05,P,0.79,0.058500000,3,
2026-08-19,CAU,OPT,CAUG7 P7950,2027-02-05,P,0.795,0.063400000,3,
2026-08-19,CAU,OPT,CAUG7 P8000,2027-02-05,P,0.8,0.068200000,3,
2026-08-19,CAU,OPT,CAUG7 P8100,2027-02-05,P,0.81,0.078000000,3,
2026-08-19,CAU,OPT,CAUG7 P8200,2027-02-05,P,0.82,0.087800000,3,
2026-08-19,CAU,OPT,CAUG7 P8300,2027-02-05,P,0.83,0.097600000,3,
2026-08-19,CAU,OPT,CAUG7 P8400,2027-02-05,P,0.84,0.107400000,3,
2026-08-19,CAU,OPT,CAUG7 P8500,2027-02-05,P,0.85,0.117200000,3,
2026-08-19,CAU,OPT,CAUG7 P8600,2027-02-05,P,0.86,0.127000000,3,
2026-08-19,CAU,OPT,CAUG7 P8700,2027-02-05,P,0.87,0.136800000,3,
2026-08-19,CAU,OPT,CAUG7 P8800,2027-02-05,P,0.88,0.146600000,3,
2026-08-19,CAU,OPT,CAUG7 P8900,2027-02-05,P,0.89,0.156500000,3,
2026-08-19,CAU,OPT,CAUG7 P9000,2027-02-05,P,0.9,0.166300000,3,
2026-08-19,CAU,OPT,CAUH7 C5600,2027-03-05,C,0.56,0.167300000,3,
2026-08-19,CAU,OPT,CAUH7 C5700,2027-03-05,C,0.57,0.157500000,3,
2026-08-19,CAU,OPT,CAUH7 C5800,2027-03-05,C,0.58,0.147700000,3,
2026-08-19,CAU,OPT,CAUH7 C5900,2027-03-05,C,0.59,0.137900000,3,
2026-08-19,CAU,OPT,CAUH7 C6000,2027-03-05,C,0.6,0.128100000,3,
2026-08-19,CAU,OPT,CAUH7 C6100,2027-03-05,C,0.61,0.118400000,3,
2026-08-19,CAU,OPT,CAUH7 C6200,2027-03-05,C,0.62,0.108600000,3,
2026-08-19,CAU,OPT,CAUH7 C6300,2027-03-05,C,0.63,0.098800000,3,
2026-08-19,CAU,OPT,CAUH7 C6400,2027-03-05,C,0.64,0.089100000,3,
2026-08-19,CAU,OPT,CAUH7 C6500,2027-03-05,C,0.65,0.079400000,3,
2026-08-19,CAU,OPT,CAUH7 C6600,2027-03-05,C,0.66,0.069600000,3,
2026-08-19,CAU,OPT,CAUH7 C6650,2027-03-05,C,0.665,0.064800000,3,
2026-08-19,CAU,OPT,CAUH7 C6700,2027-03-05,C,0.67,0.060000000,3,
2026-08-19,CAU,OPT,CAUH7 C6750,2027-03-05,C,0.675,0.055100000,3,
2026-08-19,CAU,OPT,CAUH7 C6800,2027-03-05,C,0.68,0.050400000,3,
2026-08-19,CAU,OPT,CAUH7 C6850,2027-03-05,C,0.685,0.045600000,3,
2026-08-19,CAU,OPT,CAUH7 C6900,2027-03-05,C,0.69,0.040900000,3,
2026-08-19,CAU,OPT,CAUH7 C6950,2027-03-05,C,0.695,0.036300000,3,
2026-08-19,CAU,OPT,CAUH7 C7000,2027-03-05,C,0.7,0.031800000,3,
2026-08-19,CAU,OPT,CAUH7 C7050,2027-03-05,C,0.705,0.027500000,3,
2026-08-19,CAU,OPT,CAUH7 C7100,2027-03-05,C,0.71,0.023400000,3,32
2026-08-19,CAU,OPT,CAUH7 C7150,2027-03-05,C,0.715,0.019600000,3,10
2026-08-19,CAU,OPT,CAUH7 C7200,2027-03-05,C,0.72,0.016100000,3,4
2026-08-19,CAU,OPT,CAUH7 C7250,2027-03-05,C,0.725,0.013000000,3,98
2026-08-19,CAU,OPT,CAUH7 C7300,2027-03-05,C,0.73,0.010300000,3,195
2026-08-19,CAU,OPT,CAUH7 C7350,2027-03-05,C,0.735,0.008000000,3,12
2026-08-19,CAU,OPT,CAUH7 C7400,2027-03-05,C,0.74,0.006200000,3,6
2026-08-19,CAU,OPT,CAUH7 C7450,2027-03-05,C,0.745,0.004800000,3,25
2026-08-19,CAU,OPT,CAUH7 C7500,2027-03-05,C,0.75,0.003700000,3,51
2026-08-19,CAU,OPT,CAUH7 C7550,2027-03-05,C,0.755,0.002800000,3,
2026-08-19,CAU,OPT,CAUH7 C7600,2027-03-05,C,0.76,0.002100000,3,1
2026-08-19,CAU,OPT,CAUH7 C7650,2027-03-05,C,0.765,0.001600000,3,50
2026-08-19,CAU,OPT,CAUH7 C7700,2027-03-05,C,0.77,0.001200000,3,
2026-08-19,CAU,OPT,CAUH7 C7750,2027-03-05,C,0.775,0.000900000,3,
2026-08-19,CAU,OPT,CAUH7 C7800,2027-03-05,C,0.78,0.000700000,3,1
2026-08-19,CAU,OPT,CAUH7 C7850,2027-03-05,C,0.785,0.000500000,3,
2026-08-19,CAU,OPT,CAUH7 C7900,2027-03-05,C,0.79,0.000450000,3,
2026-08-19,CAU,OPT,CAUH7 C7950,2027-03-05,C,0.795,0.000350000,3,
2026-08-19,CAU,OPT,CAUH7 C8000,2027-03-05,C,0.8,0.000300000,3,
2026-08-19,CAU,OPT,CAUH7 C8050,2027-03-05,C,0.805,0.000250000,3,
2026-08-19,CAU,OPT,CAUH7 C8100,2027-03-05,C,0.81,0.000200000,3,
2026-08-19,CAU,OPT,CAUH7 C8200,2027-03-05,C,0.82,0.000150000,3,
2026-08-19,CAU,OPT,CAUH7 C8300,2027-03-05,C,0.83,0.000100000,3,
2026-08-19,CAU,OPT,CAUH7 C8400,2027-03-05,C,0.84,0.000100000,3,
2026-08-19,CAU,OPT,CAUH7 C8500,2027-03-05,C,0.85,0.000050000,3,
2026-08-19,CAU,OPT,CAUH7 C8600,2027-03-05,C,0.86,0.000050000,3,
2026-08-19,CAU,OPT,CAUH7 C8700,2027-03-05,C,0.87,0.000050000,3,
2026-08-19,CAU,OPT,CAUH7 C8800,2027-03-05,C,0.88,0.000050000,3,
2026-08-19,CAU,OPT,CAUH7 C8900,2027-03-05,C,0.89,0.000050000,3,
2026-08-19,CAU,OPT,CAUH7 C9000,2027-03-05,C,0.9,0.000050000,3,
2026-08-19,CAU,OPT,CAUH7 P5600,2027-03-05,P,0.56,0.000050000,3,
2026-08-19,CAU,OPT,CAUH7 P5700,2027-03-05,P,0.57,0.000050000,3,
2026-08-19,CAU,OPT,CAUH7 P5800,2027-03-05,P,0.58,0.000050000,3,
2026-08-19,CAU,OPT,CAUH7 P5900,2027-03-05,P,0.59,0.000050000,3,
2026-08-19,CAU,OPT,CAUH7 P6000,2027-03-05,P,0.6,0.000050000,3,
2026-08-19,CAU,OPT,CAUH7 P6100,2027-03-05,P,0.61,0.000100000,3,
2026-08-19,CAU,OPT,CAUH7 P6200,2027-03-05,P,0.62,0.000100000,3,
2026-08-19,CAU,OPT,CAUH7 P6300,2027-03-05,P,0.63,0.000150000,3,
2026-08-19,CAU,OPT,CAUH7 P6400,2027-03-05,P,0.64,0.000200000,3,
2026-08-19,CAU,OPT,CAUH7 P6500,2027-03-05,P,0.65,0.000250000,3,2
2026-08-19,CAU,OPT,CAUH7 P6600,2027-03-05,P,0.66,0.000350000,3,
2026-08-19,CAU,OPT,CAUH7 P6650,2027-03-05,P,0.665,0.000400000,3,
2026-08-19,CAU,OPT,CAUH7 P6700,2027-03-05,P,0.67,0.000450000,3,4
2026-08-19,CAU,OPT,CAUH7 P6750,2027-03-05,P,0.675,0.000500000,3,
2026-08-19,CAU,OPT,CAUH7 P6800,2027-03-05,P,0.68,0.000600000,3,1
2026-08-19,CAU,OPT,CAUH7 P6850,2027-03-05,P,0.685,0.000800000,3,17
2026-08-19,CAU,OPT,CAUH7 P6900,2027-03-05,P,0.69,0.001000000,3,10
2026-08-19,CAU,OPT,CAUH7 P6950,2027-03-05,P,0.695,0.001300000,3,
2026-08-19,CAU,OPT,CAUH7 P7000,2027-03-05,P,0.7,0.001700000,3,30
2026-08-19,CAU,OPT,CAUH7 P7050,2027-03-05,P,0.705,0.002300000,3,6
2026-08-19,CAU,OPT,CAUH7 P7100,2027-03-05,P,0.71,0.003100000,3,39
2026-08-19,CAU,OPT,CAUH7 P7150,2027-03-05,P,0.715,0.004200000,3,
2026-08-19,CAU,OPT,CAUH7 P7200,2027-03-05,P,0.72,0.005600000,3,
2026-08-19,CAU,OPT,CAUH7 P7250,2027-03-05,P,0.725,0.007400000,3,56
2026-08-19,CAU,OPT,CAUH7 P7300,2027-03-05,P,0.73,0.009500000,3,
2026-08-19,CAU,OPT,CAUH7 P7350,2027-03-05,P,0.735,0.012200000,3,7
2026-08-19,CAU,OPT,CAUH7 P7400,2027-03-05,P,0.74,0.015200000,3,
2026-08-19,CAU,OPT,CAUH7 P7450,2027-03-05,P,0.745,0.018700000,3,
2026-08-19,CAU,OPT,CAUH7 P7500,2027-03-05,P,0.75,0.022500000,3,
2026-08-19,CAU,OPT,CAUH7 P7550,2027-03-05,P,0.755,0.026600000,3,
2026-08-19,CAU,OPT,CAUH7 P7600,2027-03-05,P,0.76,0.030800000,3,
2026-08-19,CAU,OPT,CAUH7 P7650,2027-03-05,P,0.765,0.035100000,3,
2026-08-19,CAU,OPT,CAUH7 P7700,2027-03-05,P,0.77,0.039600000,3,
2026-08-19,CAU,OPT,CAUH7 P7750,2027-03-05,P,0.775,0.044200000,3,
2026-08-19,CAU,OPT,CAUH7 P7800,2027-03-05,P,0.78,0.048900000,3,
2026-08-19,CAU,OPT,CAUH7 P7850,2027-03-05,P,0.785,0.053700000,3,
2026-08-19,CAU,OPT,CAUH7 P7900,2027-03-05,P,0.79,0.058500000,3,
2026-08-19,CAU,OPT,CAUH7 P7950,2027-03-05,P,0.795,0.063300000,3,
2026-08-19,CAU,OPT,CAUH7 P8000,2027-03-05,P,0.8,0.068100000,3,
2026-08-19,CAU,OPT,CAUH7 P8050,2027-03-05,P,0.805,0.073000000,3,
2026-08-19,CAU,OPT,CAUH7 P8100,2027-03-05,P,0.81,0.077800000,3,
2026-08-19,CAU,OPT,CAUH7 P8200,2027-03-05,P,0.82,0.087600000,3,
2026-08-19,CAU,OPT,CAUH7 P8300,2027-03-05,P,0.83,0.097300000,3,
2026-08-19,CAU,OPT,CAUH7 P8400,2027-03-05,P,0.84,0.107100000,3,
2026-08-19,CAU,OPT,CAUH7 P8500,2027-03-05,P,0.85,0.116900000,3,
2026-08-19,CAU,OPT,CAUH7 P8600,2027-03-05,P,0.86,0.126600000,3,
2026-08-19,CAU,OPT,CAUH7 P8700,2027-03-05,P,0.87,0.136400000,3,
2026-08-19,CAU,OPT,CAUH7 P8800,2027-03-05,P,0.88,0.146200000,3,
2026-08-19,CAU,OPT,CAUH7 P8900,2027-03-05,P,0.89,0.156000000,3,
2026-08-19,CAU,OPT,CAUH7 P9000,2027-03-05,P,0.9,0.165800000,3,
2026-08-19,CAU,OPT,CAUJ7 C5700,2027-04-09,C,0.57,0.159400000,3,
2026-08-19,CAU,OPT,CAUJ7 C5800,2027-04-09,C,0.58,0.149600000,3,
2026-08-19,CAU,OPT,CAUJ7 C5900,2027-04-09,C,0.59,0.139900000,3,
2026-08-19,CAU,OPT,CAUJ7 C6000,2027-04-09,C,0.6,0.130100000,3,
2026-08-19,CAU,OPT,CAUJ7 C6100,2027-04-09,C,0.61,0.120400000,3,
2026-08-19,CAU,OPT,CAUJ7 C6200,2027-04-09,C,0.62,0.110700000,3,
2026-08-19,CAU,OPT,CAUJ7 C6300,2027-04-09,C,0.63,0.101000000,3,
2026-08-19,CAU,OPT,CAUJ7 C6400,2027-04-09,C,0.64,0.091300000,3,
2026-08-19,CAU,OPT,CAUJ7 C6500,2027-04-09,C,0.65,0.081600000,3,
2026-08-19,CAU,OPT,CAUJ7 C6600,2027-04-09,C,0.66,0.071900000,3,
2026-08-19,CAU,OPT,CAUJ7 C6650,2027-04-09,C,0.665,0.067100000,3,
2026-08-19,CAU,OPT,CAUJ7 C6700,2027-04-09,C,0.67,0.062300000,3,
2026-08-19,CAU,OPT,CAUJ7 C6750,2027-04-09,C,0.675,0.057500000,3,
2026-08-19,CAU,OPT,CAUJ7 C6800,2027-04-09,C,0.68,0.052800000,3,
2026-08-19,CAU,OPT,CAUJ7 C6850,2027-04-09,C,0.685,0.048100000,3,
2026-08-19,CAU,OPT,CAUJ7 C6900,2027-04-09,C,0.69,0.043500000,3,
2026-08-19,CAU,OPT,CAUJ7 C6950,2027-04-09,C,0.695,0.038900000,3,
2026-08-19,CAU,OPT,CAUJ7 C7000,2027-04-09,C,0.7,0.034500000,3,
2026-08-19,CAU,OPT,CAUJ7 C7050,2027-04-09,C,0.705,0.030200000,3,
2026-08-19,CAU,OPT,CAUJ7 C7100,2027-04-09,C,0.71,0.026100000,3,
2026-08-19,CAU,OPT,CAUJ7 C7150,2027-04-09,C,0.715,0.022300000,3,
2026-08-19,CAU,OPT,CAUJ7 C7200,2027-04-09,C,0.72,0.018700000,3,
2026-08-19,CAU,OPT,CAUJ7 C7250,2027-04-09,C,0.725,0.015400000,3,
2026-08-19,CAU,OPT,CAUJ7 C7300,2027-04-09,C,0.73,0.012600000,3,5
2026-08-19,CAU,OPT,CAUJ7 C7350,2027-04-09,C,0.735,0.010100000,3,
2026-08-19,CAU,OPT,CAUJ7 C7400,2027-04-09,C,0.74,0.008000000,3,8
2026-08-19,CAU,OPT,CAUJ7 C7450,2027-04-09,C,0.745,0.006300000,3,
2026-08-19,CAU,OPT,CAUJ7 C7500,2027-04-09,C,0.75,0.005000000,3,
2026-08-19,CAU,OPT,CAUJ7 C7550,2027-04-09,C,0.755,0.003900000,3,
2026-08-19,CAU,OPT,CAUJ7 C7600,2027-04-09,C,0.76,0.003100000,3,
2026-08-19,CAU,OPT,CAUJ7 C7650,2027-04-09,C,0.765,0.002400000,3,
2026-08-19,CAU,OPT,CAUJ7 C7700,2027-04-09,C,0.77,0.001900000,3,
2026-08-19,CAU,OPT,CAUJ7 C7750,2027-04-09,C,0.775,0.001500000,3,
2026-08-19,CAU,OPT,CAUJ7 C7800,2027-04-09,C,0.78,0.001200000,3,
2026-08-19,CAU,OPT,CAUJ7 C7850,2027-04-09,C,0.785,0.000900000,3,
2026-08-19,CAU,OPT,CAUJ7 C7900,2027-04-09,C,0.79,0.000800000,3,
2026-08-19,CAU,OPT,CAUJ7 C7950,2027-04-09,C,0.795,0.000600000,3,
2026-08-19,CAU,OPT,CAUJ7 C8000,2027-04-09,C,0.8,0.000500000,3,
2026-08-19,CAU,OPT,CAUJ7 C8100,2027-04-09,C,0.81,0.000350000,3,
2026-08-19,CAU,OPT,CAUJ7 C8200,2027-04-09,C,0.82,0.000250000,3,
2026-08-19,CAU,OPT,CAUJ7 C8300,2027-04-09,C,0.83,0.000200000,3,
2026-08-19,CAU,OPT,CAUJ7 C8400,2027-04-09,C,0.84,0.000150000,3,
2026-08-19,CAU,OPT,CAUJ7 C8500,2027-04-09,C,0.85,0.000100000,3,
2026-08-19,CAU,OPT,CAUJ7 C8600,2027-04-09,C,0.86,0.000050000,3,
2026-08-19,CAU,OPT,CAUJ7 C8700,2027-04-09,C,0.87,0.000050000,3,
2026-08-19,CAU,OPT,CAUJ7 C8800,2027-04-09,C,0.88,0.000050000,3,
2026-08-19,CAU,OPT,CAUJ7 C8900,2027-04-09,C,0.89,0.000050000,3,
2026-08-19,CAU,OPT,CAUJ7 P5700,2027-04-09,P,0.57,0.000050000,3,
2026-08-19,CAU,OPT,CAUJ7 P5800,2027-04-09,P,0.58,0.000050000,3,
2026-08-19,CAU,OPT,CAUJ7 P5900,2027-04-09,P,0.59,0.000050000,3,
2026-08-19,CAU,OPT,CAUJ7 P6000,2027-04-09,P,0.6,0.000050000,3,
2026-08-19,CAU,OPT,CAUJ7 P6100,2027-04-09,P,0.61,0.000050000,3,
2026-08-19,CAU,OPT,CAUJ7 P6200,2027-04-09,P,0.62,0.000100000,3,
2026-08-19,CAU,OPT,CAUJ7 P6300,2027-04-09,P,0.63,0.000150000,3,
2026-08-19,CAU,OPT,CAUJ7 P6400,2027-04-09,P,0.64,0.000200000,3,
2026-08-19,CAU,OPT,CAUJ7 P6500,2027-04-09,P,0.65,0.000300000,3,
2026-08-19,CAU,OPT,CAUJ7 P6600,2027-04-09,P,0.66,0.000400000,3,
2026-08-19,CAU,OPT,CAUJ7 P6650,2027-04-09,P,0.665,0.000450000,3,
2026-08-19,CAU,OPT,CAUJ7 P6700,2027-04-09,P,0.67,0.000500000,3,
2026-08-19,CAU,OPT,CAUJ7 P6750,2027-04-09,P,0.675,0.000600000,3,
2026-08-19,CAU,OPT,CAUJ7 P6800,2027-04-09,P,0.68,0.000800000,3,
2026-08-19,CAU,OPT,CAUJ7 P6850,2027-04-09,P,0.685,0.001000000,3,
2026-08-19,CAU,OPT,CAUJ7 P6900,2027-04-09,P,0.69,0.001200000,3,
2026-08-19,CAU,OPT,CAUJ7 P6950,2027-04-09,P,0.695,0.001500000,3,2
2026-08-19,CAU,OPT,CAUJ7 P7000,2027-04-09,P,0.7,0.002000000,3,
2026-08-19,CAU,OPT,CAUJ7 P7050,2027-04-09,P,0.705,0.002600000,3,
2026-08-19,CAU,OPT,CAUJ7 P7100,2027-04-09,P,0.71,0.003400000,3,
2026-08-19,CAU,OPT,CAUJ7 P7150,2027-04-09,P,0.715,0.004400000,3,
2026-08-19,CAU,OPT,CAUJ7 P7200,2027-04-09,P,0.72,0.005700000,3,
2026-08-19,CAU,OPT,CAUJ7 P7250,2027-04-09,P,0.725,0.007300000,3,
2026-08-19,CAU,OPT,CAUJ7 P7300,2027-04-09,P,0.73,0.009300000,3,4
2026-08-19,CAU,OPT,CAUJ7 P7350,2027-04-09,P,0.735,0.011700000,3,
2026-08-19,CAU,OPT,CAUJ7 P7400,2027-04-09,P,0.74,0.014500000,3,9
2026-08-19,CAU,OPT,CAUJ7 P7450,2027-04-09,P,0.745,0.017700000,3,
2026-08-19,CAU,OPT,CAUJ7 P7500,2027-04-09,P,0.75,0.021300000,3,
2026-08-19,CAU,OPT,CAUJ7 P7550,2027-04-09,P,0.755,0.025100000,3,
2026-08-19,CAU,OPT,CAUJ7 P7600,2027-04-09,P,0.76,0.029100000,3,
2026-08-19,CAU,OPT,CAUJ7 P7650,2027-04-09,P,0.765,0.033400000,3,
2026-08-19,CAU,OPT,CAUJ7 P7700,2027-04-09,P,0.77,0.037700000,3,
2026-08-19,CAU,OPT,CAUJ7 P7750,2027-04-09,P,0.775,0.042200000,3,
2026-08-19,CAU,OPT,CAUJ7 P7800,2027-04-09,P,0.78,0.046800000,3,
2026-08-19,CAU,OPT,CAUJ7 P7850,2027-04-09,P,0.785,0.051400000,3,
2026-08-19,CAU,OPT,CAUJ7 P7900,2027-04-09,P,0.79,0.056100000,3,
2026-08-19,CAU,OPT,CAUJ7 P7950,2027-04-09,P,0.795,0.060800000,3,
2026-08-19,CAU,OPT,CAUJ7 P8000,2027-04-09,P,0.8,0.065600000,3,
2026-08-19,CAU,OPT,CAUJ7 P8100,2027-04-09,P,0.81,0.075200000,3,
2026-08-19,CAU,OPT,CAUJ7 P8200,2027-04-09,P,0.82,0.084900000,3,
2026-08-19,CAU,OPT,CAUJ7 P8300,2027-04-09,P,0.83,0.094500000,3,
2026-08-19,CAU,OPT,CAUJ7 P8400,2027-04-09,P,0.84,0.104300000,3,
2026-08-19,CAU,OPT,CAUJ7 P8500,2027-04-09,P,0.85,0.114000000,3,
2026-08-19,CAU,OPT,CAUJ7 P8600,2027-04-09,P,0.86,0.123700000,3,
2026-08-19,CAU,OPT,CAUJ7 P8700,2027-04-09,P,0.87,0.133500000,3,
2026-08-19,CAU,OPT,CAUJ7 P8800,2027-04-09,P,0.88,0.143200000,3,
2026-08-19,CAU,OPT,CAUJ7 P8900,2027-04-09,P,0.89,0.152900000,3,
2026-08-19,CAU,OPT,CAUK7 C5700,2027-05-07,C,0.57,0.158900000,3,
2026-08-19,CAU,OPT,CAUK7 C5800,2027-05-07,C,0.58,0.149200000,3,
2026-08-19,CAU,OPT,CAUK7 C5900,2027-05-07,C,0.59,0.139500000,3,
2026-08-19,CAU,OPT,CAUK7 C6000,2027-05-07,C,0.6,0.129800000,3,
2026-08-19,CAU,OPT,CAUK7 C6100,2027-05-07,C,0.61,0.120100000,3,
2026-08-19,CAU,OPT,CAUK7 C6200,2027-05-07,C,0.62,0.110400000,3,
2026-08-19,CAU,OPT,CAUK7 C6300,2027-05-07,C,0.63,0.100700000,3,
2026-08-19,CAU,OPT,CAUK7 C6400,2027-05-07,C,0.64,0.091100000,3,
2026-08-19,CAU,OPT,CAUK7 C6500,2027-05-07,C,0.65,0.081400000,3,
2026-08-19,CAU,OPT,CAUK7 C6600,2027-05-07,C,0.66,0.071800000,3,
2026-08-19,CAU,OPT,CAUK7 C6650,2027-05-07,C,0.665,0.067000000,3,
2026-08-19,CAU,OPT,CAUK7 C6700,2027-05-07,C,0.67,0.062300000,3,
2026-08-19,CAU,OPT,CAUK7 C6750,2027-05-07,C,0.675,0.057500000,3,
2026-08-19,CAU,OPT,CAUK7 C6800,2027-05-07,C,0.68,0.052800000,3,
2026-08-19,CAU,OPT,CAUK7 C6850,2027-05-07,C,0.685,0.048200000,3,
2026-08-19,CAU,OPT,CAUK7 C6900,2027-05-07,C,0.69,0.043600000,3,
2026-08-19,CAU,OPT,CAUK7 C6950,2027-05-07,C,0.695,0.039100000,3,
2026-08-19,CAU,OPT,CAUK7 C7000,2027-05-07,C,0.7,0.034800000,3,
2026-08-19,CAU,OPT,CAUK7 C7050,2027-05-07,C,0.705,0.030600000,3,
2026-08-19,CAU,OPT,CAUK7 C7100,2027-05-07,C,0.71,0.026600000,3,6
2026-08-19,CAU,OPT,CAUK7 C7150,2027-05-07,C,0.715,0.022800000,3,
2026-08-19,CAU,OPT,CAUK7 C7200,2027-05-07,C,0.72,0.019300000,3,
2026-08-19,CAU,OPT,CAUK7 C7250,2027-05-07,C,0.725,0.016200000,3,
2026-08-19,CAU,OPT,CAUK7 C7300,2027-05-07,C,0.73,0.013300000,3,
2026-08-19,CAU,OPT,CAUK7 C7350,2027-05-07,C,0.735,0.010900000,3,
2026-08-19,CAU,OPT,CAUK7 C7400,2027-05-07,C,0.74,0.008800000,3,
2026-08-19,CAU,OPT,CAUK7 C7450,2027-05-07,C,0.745,0.007100000,3,
2026-08-19,CAU,OPT,CAUK7 C7500,2027-05-07,C,0.75,0.005700000,3,
2026-08-19,CAU,OPT,CAUK7 C7550,2027-05-07,C,0.755,0.004600000,3,
2026-08-19,CAU,OPT,CAUK7 C7600,2027-05-07,C,0.76,0.003700000,3,
2026-08-19,CAU,OPT,CAUK7 C7650,2027-05-07,C,0.765,0.002900000,3,
2026-08-19,CAU,OPT,CAUK7 C7700,2027-05-07,C,0.77,0.002400000,3,
2026-08-19,CAU,OPT,CAUK7 C7750,2027-05-07,C,0.775,0.001900000,3,
2026-08-19,CAU,OPT,CAUK7 C7800,2027-05-07,C,0.78,0.001500000,3,
2026-08-19,CAU,OPT,CAUK7 C7850,2027-05-07,C,0.785,0.001200000,3,
2026-08-19,CAU,OPT,CAUK7 C7900,2027-05-07,C,0.79,0.001000000,3,
2026-08-19,CAU,OPT,CAUK7 C8000,2027-05-07,C,0.8,0.000600000,3,
2026-08-19,CAU,OPT,CAUK7 C8100,2027-05-07,C,0.81,0.000450000,3,
2026-08-19,CAU,OPT,CAUK7 C8200,2027-05-07,C,0.82,0.000300000,3,
2026-08-19,CAU,OPT,CAUK7 C8300,2027-05-07,C,0.83,0.000250000,3,
2026-08-19,CAU,OPT,CAUK7 C8400,2027-05-07,C,0.84,0.000200000,3,
2026-08-19,CAU,OPT,CAUK7 C8500,2027-05-07,C,0.85,0.000150000,3,
2026-08-19,CAU,OPT,CAUK7 C8600,2027-05-07,C,0.86,0.000100000,3,
2026-08-19,CAU,OPT,CAUK7 C8700,2027-05-07,C,0.87,0.000100000,3,
2026-08-19,CAU,OPT,CAUK7 C8800,2027-05-07,C,0.88,0.000100000,3,
2026-08-19,CAU,OPT,CAUK7 C8900,2027-05-07,C,0.89,0.000050000,3,
2026-08-19,CAU,OPT,CAUK7 P5700,2027-05-07,P,0.57,0.000050000,3,
2026-08-19,CAU,OPT,CAUK7 P5800,2027-05-07,P,0.58,0.000050000,3,
2026-08-19,CAU,OPT,CAUK7 P5900,2027-05-07,P,0.59,0.000050000,3,
2026-08-19,CAU,OPT,CAUK7 P6000,2027-05-07,P,0.6,0.000100000,3,
2026-08-19,CAU,OPT,CAUK7 P6100,2027-05-07,P,0.61,0.000100000,3,
2026-08-19,CAU,OPT,CAUK7 P6200,2027-05-07,P,0.62,0.000150000,3,
2026-08-19,CAU,OPT,CAUK7 P6300,2027-05-07,P,0.63,0.000200000,3,
2026-08-19,CAU,OPT,CAUK7 P6400,2027-05-07,P,0.64,0.000300000,3,470
2026-08-19,CAU,OPT,CAUK7 P6500,2027-05-07,P,0.65,0.000400000,3,370
2026-08-19,CAU,OPT,CAUK7 P6600,2027-05-07,P,0.66,0.000500000,3,
2026-08-19,CAU,OPT,CAUK7 P6650,2027-05-07,P,0.665,0.000600000,3,2
2026-08-19,CAU,OPT,CAUK7 P6700,2027-05-07,P,0.67,0.000700000,3,
2026-08-19,CAU,OPT,CAUK7 P6750,2027-05-07,P,0.675,0.000800000,3,
2026-08-19,CAU,OPT,CAUK7 P6800,2027-05-07,P,0.68,0.001000000,3,
2026-08-19,CAU,OPT,CAUK7 P6850,2027-05-07,P,0.685,0.001200000,3,
2026-08-19,CAU,OPT,CAUK7 P6900,2027-05-07,P,0.69,0.001500000,3,
2026-08-19,CAU,OPT,CAUK7 P6950,2027-05-07,P,0.695,0.001900000,3,250
2026-08-19,CAU,OPT,CAUK7 P7000,2027-05-07,P,0.7,0.002400000,3,
2026-08-19,CAU,OPT,CAUK7 P7050,2027-05-07,P,0.705,0.003100000,3,
2026-08-19,CAU,OPT,CAUK7 P7100,2027-05-07,P,0.71,0.003900000,3,
2026-08-19,CAU,OPT,CAUK7 P7150,2027-05-07,P,0.715,0.005000000,3,
2026-08-19,CAU,OPT,CAUK7 P7200,2027-05-07,P,0.72,0.006400000,3,
2026-08-19,CAU,OPT,CAUK7 P7250,2027-05-07,P,0.725,0.008100000,3,
2026-08-19,CAU,OPT,CAUK7 P7300,2027-05-07,P,0.73,0.010100000,3,
2026-08-19,CAU,OPT,CAUK7 P7350,2027-05-07,P,0.735,0.012500000,3,
2026-08-19,CAU,OPT,CAUK7 P7400,2027-05-07,P,0.74,0.015300000,3,
2026-08-19,CAU,OPT,CAUK7 P7450,2027-05-07,P,0.745,0.018500000,3,
2026-08-19,CAU,OPT,CAUK7 P7500,2027-05-07,P,0.75,0.021900000,3,
2026-08-19,CAU,OPT,CAUK7 P7550,2027-05-07,P,0.755,0.025700000,3,
2026-08-19,CAU,OPT,CAUK7 P7600,2027-05-07,P,0.76,0.029600000,3,
2026-08-19,CAU,OPT,CAUK7 P7650,2027-05-07,P,0.765,0.033800000,3,
2026-08-19,CAU,OPT,CAUK7 P7700,2027-05-07,P,0.77,0.038100000,3,
2026-08-19,CAU,OPT,CAUK7 P7750,2027-05-07,P,0.775,0.042500000,3,
2026-08-19,CAU,OPT,CAUK7 P7800,2027-05-07,P,0.78,0.047000000,3,
2026-08-19,CAU,OPT,CAUK7 P7850,2027-05-07,P,0.785,0.051500000,3,
2026-08-19,CAU,OPT,CAUK7 P7900,2027-05-07,P,0.79,0.056100000,3,
2026-08-19,CAU,OPT,CAUK7 P8000,2027-05-07,P,0.8,0.065500000,3,
2026-08-19,CAU,OPT,CAUK7 P8100,2027-05-07,P,0.81,0.075100000,3,
2026-08-19,CAU,OPT,CAUK7 P8200,2027-05-07,P,0.82,0.084700000,3,
2026-08-19,CAU,OPT,CAUK7 P8300,2027-05-07,P,0.83,0.094300000,3,
2026-08-19,CAU,OPT,CAUK7 P8400,2027-05-07,P,0.84,0.104000000,3,
2026-08-19,CAU,OPT,CAUK7 P8500,2027-05-07,P,0.85,0.113700000,3,
2026-08-19,CAU,OPT,CAUK7 P8600,2027-05-07,P,0.86,0.123400000,3,
2026-08-19,CAU,OPT,CAUK7 P8700,2027-05-07,P,0.87,0.133100000,3,
2026-08-19,CAU,OPT,CAUK7 P8800,2027-05-07,P,0.88,0.142800000,3,
2026-08-19,CAU,OPT,CAUK7 P8900,2027-05-07,P,0.89,0.152500000,3,
2026-08-19,CAU,OPT,CAUM7 C5700,2027-06-04,C,0.57,0.158400000,3,
2026-08-19,CAU,OPT,CAUM7 C5800,2027-06-04,C,0.58,0.148700000,3,
2026-08-19,CAU,OPT,CAUM7 C5900,2027-06-04,C,0.59,0.139100000,3,
2026-08-19,CAU,OPT,CAUM7 C6000,2027-06-04,C,0.6,0.129400000,3,
2026-08-19,CAU,OPT,CAUM7 C6100,2027-06-04,C,0.61,0.119800000,3,
2026-08-19,CAU,OPT,CAUM7 C6200,2027-06-04,C,0.62,0.110200000,3,
2026-08-19,CAU,OPT,CAUM7 C6300,2027-06-04,C,0.63,0.100500000,3,
2026-08-19,CAU,OPT,CAUM7 C6400,2027-06-04,C,0.64,0.090900000,3,
2026-08-19,CAU,OPT,CAUM7 C6500,2027-06-04,C,0.65,0.081300000,3,
2026-08-19,CAU,OPT,CAUM7 C6600,2027-06-04,C,0.66,0.071800000,3,
2026-08-19,CAU,OPT,CAUM7 C6650,2027-06-04,C,0.665,0.067000000,3,
2026-08-19,CAU,OPT,CAUM7 C6700,2027-06-04,C,0.67,0.062300000,3,
2026-08-19,CAU,OPT,CAUM7 C6750,2027-06-04,C,0.675,0.057600000,3,
2026-08-19,CAU,OPT,CAUM7 C6800,2027-06-04,C,0.68,0.052900000,3,
2026-08-19,CAU,OPT,CAUM7 C6850,2027-06-04,C,0.685,0.048300000,3,
2026-08-19,CAU,OPT,CAUM7 C6900,2027-06-04,C,0.69,0.043800000,3,
2026-08-19,CAU,OPT,CAUM7 C6950,2027-06-04,C,0.695,0.039400000,3,
2026-08-19,CAU,OPT,CAUM7 C7000,2027-06-04,C,0.7,0.035100000,3,5
2026-08-19,CAU,OPT,CAUM7 C7050,2027-06-04,C,0.705,0.031000000,3,
2026-08-19,CAU,OPT,CAUM7 C7100,2027-06-04,C,0.71,0.027100000,3,
2026-08-19,CAU,OPT,CAUM7 C7150,2027-06-04,C,0.715,0.023400000,3,
2026-08-19,CAU,OPT,CAUM7 C7200,2027-06-04,C,0.72,0.020000000,3,2
2026-08-19,CAU,OPT,CAUM7 C7250,2027-06-04,C,0.725,0.016800000,3,
2026-08-19,CAU,OPT,CAUM7 C7300,2027-06-04,C,0.73,0.014000000,3,
2026-08-19,CAU,OPT,CAUM7 C7350,2027-06-04,C,0.735,0.011600000,3,
2026-08-19,CAU,OPT,CAUM7 C7400,2027-06-04,C,0.74,0.009500000,3,
2026-08-19,CAU,OPT,CAUM7 C7450,2027-06-04,C,0.745,0.007800000,3,
2026-08-19,CAU,OPT,CAUM7 C7500,2027-06-04,C,0.75,0.006400000,3,150
2026-08-19,CAU,OPT,CAUM7 C7550,2027-06-04,C,0.755,0.005200000,3,
2026-08-19,CAU,OPT,CAUM7 C7600,2027-06-04,C,0.76,0.004300000,3,
2026-08-19,CAU,OPT,CAUM7 C7650,2027-06-04,C,0.765,0.003500000,3,
2026-08-19,CAU,OPT,CAUM7 C7700,2027-06-04,C,0.77,0.002900000,3,
2026-08-19,CAU,OPT,CAUM7 C7750,2027-06-04,C,0.775,0.002400000,3,
2026-08-19,CAU,OPT,CAUM7 C7800,2027-06-04,C,0.78,0.002000000,3,
2026-08-19,CAU,OPT,CAUM7 C7850,2027-06-04,C,0.785,0.001600000,3,3
2026-08-19,CAU,OPT,CAUM7 C7900,2027-06-04,C,0.79,0.001300000,3,1
2026-08-19,CAU,OPT,CAUM7 C7950,2027-06-04,C,0.795,0.001100000,3,
2026-08-19,CAU,OPT,CAUM7 C8000,2027-06-04,C,0.8,0.000900000,3,
2026-08-19,CAU,OPT,CAUM7 C8050,2027-06-04,C,0.805,0.000700000,3,
2026-08-19,CAU,OPT,CAUM7 C8100,2027-06-04,C,0.81,0.000600000,3,
2026-08-19,CAU,OPT,CAUM7 C8200,2027-06-04,C,0.82,0.000450000,3,
2026-08-19,CAU,OPT,CAUM7 C8300,2027-06-04,C,0.83,0.000350000,3,
2026-08-19,CAU,OPT,CAUM7 C8400,2027-06-04,C,0.84,0.000250000,3,
2026-08-19,CAU,OPT,CAUM7 C8500,2027-06-04,C,0.85,0.000200000,3,
2026-08-19,CAU,OPT,CAUM7 C8600,2027-06-04,C,0.86,0.000150000,3,
2026-08-19,CAU,OPT,CAUM7 C8700,2027-06-04,C,0.87,0.000150000,3,
2026-08-19,CAU,OPT,CAUM7 C8800,2027-06-04,C,0.88,0.000100000,3,
2026-08-19,CAU,OPT,CAUM7 C8900,2027-06-04,C,0.89,0.000100000,3,
2026-08-19,CAU,OPT,CAUM7 C9000,2027-06-04,C,0.9,0.000050000,3,
2026-08-19,CAU,OPT,CAUM7 P5700,2027-06-04,P,0.57,0.000050000,3,
2026-08-19,CAU,OPT,CAUM7 P5800,2027-06-04,P,0.58,0.000050000,3,
2026-08-19,CAU,OPT,CAUM7 P5900,2027-06-04,P,0.59,0.000100000,3,
2026-08-19,CAU,OPT,CAUM7 P6000,2027-06-04,P,0.6,0.000150000,3,
2026-08-19,CAU,OPT,CAUM7 P6100,2027-06-04,P,0.61,0.000250000,3,
2026-08-19,CAU,OPT,CAUM7 P6200,2027-06-04,P,0.62,0.000300000,3,2
2026-08-19,CAU,OPT,CAUM7 P6300,2027-06-04,P,0.63,0.000350000,3,
2026-08-19,CAU,OPT,CAUM7 P6400,2027-06-04,P,0.64,0.000400000,3,
2026-08-19,CAU,OPT,CAUM7 P6500,2027-06-04,P,0.65,0.000500000,3,
2026-08-19,CAU,OPT,CAUM7 P6600,2027-06-04,P,0.66,0.000700000,3,3
2026-08-19,CAU,OPT,CAUM7 P6650,2027-06-04,P,0.665,0.000800000,3,2
2026-08-19,CAU,OPT,CAUM7 P6700,2027-06-04,P,0.67,0.000900000,3,12
2026-08-19,CAU,OPT,CAUM7 P6750,2027-06-04,P,0.675,0.001000000,3,
2026-08-19,CAU,OPT,CAUM7 P6800,2027-06-04,P,0.68,0.001200000,3,
2026-08-19,CAU,OPT,CAUM7 P6850,2027-06-04,P,0.685,0.001400000,3,1
2026-08-19,CAU,OPT,CAUM7 P6900,2027-06-04,P,0.69,0.001800000,3,2
2026-08-19,CAU,OPT,CAUM7 P6950,2027-06-04,P,0.695,0.002200000,3,2
2026-08-19,CAU,OPT,CAUM7 P7000,2027-06-04,P,0.7,0.002800000,3,
2026-08-19,CAU,OPT,CAUM7 P7050,2027-06-04,P,0.705,0.003500000,3,7
2026-08-19,CAU,OPT,CAUM7 P7100,2027-06-04,P,0.71,0.004500000,3,11
2026-08-19,CAU,OPT,CAUM7 P7150,2027-06-04,P,0.715,0.005600000,3,
2026-08-19,CAU,OPT,CAUM7 P7200,2027-06-04,P,0.72,0.007100000,3,5
2026-08-19,CAU,OPT,CAUM7 P7250,2027-06-04,P,0.725,0.008800000,3,25
2026-08-19,CAU,OPT,CAUM7 P7300,2027-06-04,P,0.73,0.010800000,3,
2026-08-19,CAU,OPT,CAUM7 P7350,2027-06-04,P,0.735,0.013200000,3,4
2026-08-19,CAU,OPT,CAUM7 P7400,2027-06-04,P,0.74,0.016000000,3,
2026-08-19,CAU,OPT,CAUM7 P7450,2027-06-04,P,0.745,0.019100000,3,
2026-08-19,CAU,OPT,CAUM7 P7500,2027-06-04,P,0.75,0.022600000,3,
2026-08-19,CAU,OPT,CAUM7 P7550,2027-06-04,P,0.755,0.026200000,3,
2026-08-19,CAU,OPT,CAUM7 P7600,2027-06-04,P,0.76,0.030200000,3,
2026-08-19,CAU,OPT,CAUM7 P7650,2027-06-04,P,0.765,0.034200000,3,
2026-08-19,CAU,OPT,CAUM7 P7700,2027-06-04,P,0.77,0.038500000,3,
2026-08-19,CAU,OPT,CAUM7 P7750,2027-06-04,P,0.775,0.042800000,3,
2026-08-19,CAU,OPT,CAUM7 P7800,2027-06-04,P,0.78,0.047200000,3,
2026-08-19,CAU,OPT,CAUM7 P7850,2027-06-04,P,0.785,0.051700000,3,
2026-08-19,CAU,OPT,CAUM7 P7900,2027-06-04,P,0.79,0.056300000,3,
2026-08-19,CAU,OPT,CAUM7 P7950,2027-06-04,P,0.795,0.060900000,3,
2026-08-19,CAU,OPT,CAUM7 P8000,2027-06-04,P,0.8,0.065600000,3,
2026-08-19,CAU,OPT,CAUM7 P8050,2027-06-04,P,0.805,0.070200000,3,
2026-08-19,CAU,OPT,CAUM7 P8100,2027-06-04,P,0.81,0.075000000,3,
2026-08-19,CAU,OPT,CAUM7 P8200,2027-06-04,P,0.82,0.084500000,3,
2026-08-19,CAU,OPT,CAUM7 P8300,2027-06-04,P,0.83,0.094100000,3,
2026-08-19,CAU,OPT,CAUM7 P8400,2027-06-04,P,0.84,0.103700000,3,
2026-08-19,CAU,OPT,CAUM7 P8500,2027-06-04,P,0.85,0.113400000,3,
2026-08-19,CAU,OPT,CAUM7 P8600,2027-06-04,P,0.86,0.123000000,3,
2026-08-19,CAU,OPT,CAUM7 P8700,2027-06-04,P,0.87,0.132700000,3,
2026-08-19,CAU,OPT,CAUM7 P8800,2027-06-04,P,0.88,0.142400000,3,
2026-08-19,CAU,OPT,CAUM7 P8900,2027-06-04,P,0.89,0.152100000,3,
2026-08-19,CAU,OPT,CAUM7 P9000,2027-06-04,P,0.9,0.161700000,3,
2026-08-19,CAU,OPT,CAUN7 C5700,2027-07-09,C,0.57,0.160100000,3,
2026-08-19,CAU,OPT,CAUN7 C5800,2027-07-09,C,0.58,0.150400000,3,
2026-08-19,CAU,OPT,CAUN7 C5900,2027-07-09,C,0.59,0.140800000,3,
2026-08-19,CAU,OPT,CAUN7 C6000,2027-07-09,C,0.6,0.131200000,3,
2026-08-19,CAU,OPT,CAUN7 C6100,2027-07-09,C,0.61,0.121500000,3,
2026-08-19,CAU,OPT,CAUN7 C6200,2027-07-09,C,0.62,0.111900000,3,
2026-08-19,CAU,OPT,CAUN7 C6300,2027-07-09,C,0.63,0.102300000,3,
2026-08-19,CAU,OPT,CAUN7 C6400,2027-07-09,C,0.64,0.092800000,3,
2026-08-19,CAU,OPT,CAUN7 C6500,2027-07-09,C,0.65,0.083200000,3,
2026-08-19,CAU,OPT,CAUN7 C6600,2027-07-09,C,0.66,0.073700000,3,
2026-08-19,CAU,OPT,CAUN7 C6650,2027-07-09,C,0.665,0.069000000,3,
2026-08-19,CAU,OPT,CAUN7 C6700,2027-07-09,C,0.67,0.064400000,3,
2026-08-19,CAU,OPT,CAUN7 C6750,2027-07-09,C,0.675,0.059700000,3,
2026-08-19,CAU,OPT,CAUN7 C6800,2027-07-09,C,0.68,0.055100000,3,
2026-08-19,CAU,OPT,CAUN7 C6850,2027-07-09,C,0.685,0.050600000,3,
2026-08-19,CAU,OPT,CAUN7 C6900,2027-07-09,C,0.69,0.046100000,3,
2026-08-19,CAU,OPT,CAUN7 C6950,2027-07-09,C,0.695,0.041700000,3,
2026-08-19,CAU,OPT,CAUN7 C7000,2027-07-09,C,0.7,0.037500000,3,
2026-08-19,CAU,OPT,CAUN7 C7050,2027-07-09,C,0.705,0.033400000,3,
2026-08-19,CAU,OPT,CAUN7 C7100,2027-07-09,C,0.71,0.029500000,3,
2026-08-19,CAU,OPT,CAUN7 C7150,2027-07-09,C,0.715,0.025800000,3,
2026-08-19,CAU,OPT,CAUN7 C7200,2027-07-09,C,0.72,0.022300000,3,
2026-08-19,CAU,OPT,CAUN7 C7250,2027-07-09,C,0.725,0.019100000,3,7
2026-08-19,CAU,OPT,CAUN7 C7300,2027-07-09,C,0.73,0.016300000,3,
2026-08-19,CAU,OPT,CAUN7 C7350,2027-07-09,C,0.735,0.013700000,3,
2026-08-19,CAU,OPT,CAUN7 C7400,2027-07-09,C,0.74,0.011400000,3,
2026-08-19,CAU,OPT,CAUN7 C7450,2027-07-09,C,0.745,0.009500000,3,
2026-08-19,CAU,OPT,CAUN7 C7500,2027-07-09,C,0.75,0.007800000,3,
2026-08-19,CAU,OPT,CAUN7 C7550,2027-07-09,C,0.755,0.006500000,3,
2026-08-19,CAU,OPT,CAUN7 C7600,2027-07-09,C,0.76,0.005400000,3,40
2026-08-19,CAU,OPT,CAUN7 C7650,2027-07-09,C,0.765,0.004500000,3,
2026-08-19,CAU,OPT,CAUN7 C7700,2027-07-09,C,0.77,0.003700000,3,
2026-08-19,CAU,OPT,CAUN7 C7750,2027-07-09,C,0.775,0.003200000,3,
2026-08-19,CAU,OPT,CAUN7 C7800,2027-07-09,C,0.78,0.002700000,3,
2026-08-19,CAU,OPT,CAUN7 C7850,2027-07-09,C,0.785,0.000000000,1,
2026-08-19,CAU,OPT,CAUN7 C7900,2027-07-09,C,0.79,0.001900000,3,46
2026-08-19,CAU,OPT,CAUN7 C8000,2027-07-09,C,0.8,0.001300000,3,
2026-08-19,CAU,OPT,CAUN7 C8100,2027-07-09,C,0.81,0.000900000,3,
2026-08-19,CAU,OPT,CAUN7 C8200,2027-07-09,C,0.82,0.000600000,3,
2026-08-19,CAU,OPT,CAUN7 C8300,2027-07-09,C,0.83,0.000450000,3,
2026-08-19,CAU,OPT,CAUN7 C8400,2027-07-09,C,0.84,0.000350000,3,
2026-08-19,CAU,OPT,CAUN7 C8500,2027-07-09,C,0.85,0.000250000,3,
2026-08-19,CAU,OPT,CAUN7 C8600,2027-07-09,C,0.86,0.000200000,3,
2026-08-19,CAU,OPT,CAUN7 C8700,2027-07-09,C,0.87,0.000150000,3,
2026-08-19,CAU,OPT,CAUN7 C8800,2027-07-09,C,0.88,0.000100000,3,
2026-08-19,CAU,OPT,CAUN7 P5700,2027-07-09,P,0.57,0.000050000,3,
2026-08-19,CAU,OPT,CAUN7 P5800,2027-07-09,P,0.58,0.000100000,3,
2026-08-19,CAU,OPT,CAUN7 P5900,2027-07-09,P,0.59,0.000100000,3,
2026-08-19,CAU,OPT,CAUN7 P6000,2027-07-09,P,0.6,0.000150000,3,
2026-08-19,CAU,OPT,CAUN7 P6100,2027-07-09,P,0.61,0.000200000,3,
2026-08-19,CAU,OPT,CAUN7 P6200,2027-07-09,P,0.62,0.000250000,3,
2026-08-19,CAU,OPT,CAUN7 P6300,2027-07-09,P,0.63,0.000300000,3,
2026-08-19,CAU,OPT,CAUN7 P6400,2027-07-09,P,0.64,0.000400000,3,
2026-08-19,CAU,OPT,CAUN7 P6500,2027-07-09,P,0.65,0.000500000,3,
2026-08-19,CAU,OPT,CAUN7 P6600,2027-07-09,P,0.66,0.000700000,3,3
2026-08-19,CAU,OPT,CAUN7 P6650,2027-07-09,P,0.665,0.000800000,3,
2026-08-19,CAU,OPT,CAUN7 P6700,2027-07-09,P,0.67,0.001000000,3,
2026-08-19,CAU,OPT,CAUN7 P6750,2027-07-09,P,0.675,0.001200000,3,7
2026-08-19,CAU,OPT,CAUN7 P6800,2027-07-09,P,0.68,0.001400000,3,
2026-08-19,CAU,OPT,CAUN7 P6850,2027-07-09,P,0.685,0.001700000,3,
2026-08-19,CAU,OPT,CAUN7 P6900,2027-07-09,P,0.69,0.002100000,3,
2026-08-19,CAU,OPT,CAUN7 P6950,2027-07-09,P,0.695,0.002500000,3,
2026-08-19,CAU,OPT,CAUN7 P7000,2027-07-09,P,0.7,0.003100000,3,
2026-08-19,CAU,OPT,CAUN7 P7050,2027-07-09,P,0.705,0.003800000,3,
2026-08-19,CAU,OPT,CAUN7 P7100,2027-07-09,P,0.71,0.004700000,3,
2026-08-19,CAU,OPT,CAUN7 P7150,2027-07-09,P,0.715,0.005900000,3,
2026-08-19,CAU,OPT,CAUN7 P7200,2027-07-09,P,0.72,0.007300000,3,6
2026-08-19,CAU,OPT,CAUN7 P7250,2027-07-09,P,0.725,0.008900000,3,7
2026-08-19,CAU,OPT,CAUN7 P7300,2027-07-09,P,0.73,0.010900000,3,
2026-08-19,CAU,OPT,CAUN7 P7350,2027-07-09,P,0.735,0.013100000,3,
2026-08-19,CAU,OPT,CAUN7 P7400,2027-07-09,P,0.74,0.015700000,3,
2026-08-19,CAU,OPT,CAUN7 P7450,2027-07-09,P,0.745,0.018600000,3,
2026-08-19,CAU,OPT,CAUN7 P7500,2027-07-09,P,0.75,0.021800000,3,
2026-08-19,CAU,OPT,CAUN7 P7550,2027-07-09,P,0.755,0.025200000,3,
2026-08-19,CAU,OPT,CAUN7 P7600,2027-07-09,P,0.76,0.028900000,3,
2026-08-19,CAU,OPT,CAUN7 P7650,2027-07-09,P,0.765,0.032900000,3,
2026-08-19,CAU,OPT,CAUN7 P7700,2027-07-09,P,0.77,0.037000000,3,
2026-08-19,CAU,OPT,CAUN7 P7750,2027-07-09,P,0.775,0.041200000,3,
2026-08-19,CAU,OPT,CAUN7 P7800,2027-07-09,P,0.78,0.045600000,3,
2026-08-19,CAU,OPT,CAUN7 P7850,2027-07-09,P,0.785,0.000000000,1,
2026-08-19,CAU,OPT,CAUN7 P7900,2027-07-09,P,0.79,0.054400000,3,
2026-08-19,CAU,OPT,CAUN7 P8000,2027-07-09,P,0.8,0.063500000,3,
2026-08-19,CAU,OPT,CAUN7 P8100,2027-07-09,P,0.81,0.072800000,3,
2026-08-19,CAU,OPT,CAUN7 P8200,2027-07-09,P,0.82,0.082200000,3,
2026-08-19,CAU,OPT,CAUN7 P8300,2027-07-09,P,0.83,0.091700000,3,
2026-08-19,CAU,OPT,CAUN7 P8400,2027-07-09,P,0.84,0.101200000,3,
2026-08-19,CAU,OPT,CAUN7 P8500,2027-07-09,P,0.85,0.110800000,3,
2026-08-19,CAU,OPT,CAUN7 P8600,2027-07-09,P,0.86,0.120400000,3,
2026-08-19,CAU,OPT,CAUN7 P8700,2027-07-09,P,0.87,0.130000000,3,
2026-08-19,CAU,OPT,CAUN7 P8800,2027-07-09,P,0.88,0.139600000,3,
2026-08-19,CAU,OPT,CAUQ7 C5800,2027-08-06,C,0.58,0.150000000,3,
2026-08-19,CAU,OPT,CAUQ7 C5900,2027-08-06,C,0.59,0.140400000,3,
2026-08-19,CAU,OPT,CAUQ7 C6000,2027-08-06,C,0.6,0.130800000,3,
2026-08-19,CAU,OPT,CAUQ7 C6100,2027-08-06,C,0.61,0.121200000,3,
2026-08-19,CAU,OPT,CAUQ7 C6200,2027-08-06,C,0.62,0.111600000,3,
2026-08-19,CAU,OPT,CAUQ7 C6300,2027-08-06,C,0.63,0.102100000,3,
2026-08-19,CAU,OPT,CAUQ7 C6400,2027-08-06,C,0.64,0.092600000,3,
2026-08-19,CAU,OPT,CAUQ7 C6500,2027-08-06,C,0.65,0.083100000,3,
2026-08-19,CAU,OPT,CAUQ7 C6600,2027-08-06,C,0.66,0.073700000,3,
2026-08-19,CAU,OPT,CAUQ7 C6700,2027-08-06,C,0.67,0.064300000,3,
2026-08-19,CAU,OPT,CAUQ7 C6800,2027-08-06,C,0.68,0.055200000,3,
2026-08-19,CAU,OPT,CAUQ7 C6850,2027-08-06,C,0.685,0.050700000,3,
2026-08-19,CAU,OPT,CAUQ7 C6900,2027-08-06,C,0.69,0.046300000,3,
2026-08-19,CAU,OPT,CAUQ7 C6950,2027-08-06,C,0.695,0.042000000,3,
2026-08-19,CAU,OPT,CAUQ7 C7000,2027-08-06,C,0.7,0.037800000,3,
2026-08-19,CAU,OPT,CAUQ7 C7050,2027-08-06,C,0.705,0.033800000,3,
2026-08-19,CAU,OPT,CAUQ7 C7100,2027-08-06,C,0.71,0.029900000,3,
2026-08-19,CAU,OPT,CAUQ7 C7150,2027-08-06,C,0.715,0.026300000,3,
2026-08-19,CAU,OPT,CAUQ7 C7200,2027-08-06,C,0.72,0.022900000,3,
2026-08-19,CAU,OPT,CAUQ7 C7250,2027-08-06,C,0.725,0.019800000,3,
2026-08-19,CAU,OPT,CAUQ7 C7300,2027-08-06,C,0.73,0.016900000,3,
2026-08-19,CAU,OPT,CAUQ7 C7350,2027-08-06,C,0.735,0.014400000,3,
2026-08-19,CAU,OPT,CAUQ7 C7400,2027-08-06,C,0.74,0.012100000,3,
2026-08-19,CAU,OPT,CAUQ7 C7450,2027-08-06,C,0.745,0.010200000,3,
2026-08-19,CAU,OPT,CAUQ7 C7500,2027-08-06,C,0.75,0.008500000,3,
2026-08-19,CAU,OPT,CAUQ7 C7550,2027-08-06,C,0.755,0.007100000,3,
2026-08-19,CAU,OPT,CAUQ7 C7600,2027-08-06,C,0.76,0.006000000,3,
2026-08-19,CAU,OPT,CAUQ7 C7650,2027-08-06,C,0.765,0.005000000,3,
2026-08-19,CAU,OPT,CAUQ7 C7700,2027-08-06,C,0.77,0.004200000,3,
2026-08-19,CAU,OPT,CAUQ7 C7750,2027-08-06,C,0.775,0.003500000,3,
2026-08-19,CAU,OPT,CAUQ7 C7800,2027-08-06,C,0.78,0.003000000,3,
2026-08-19,CAU,OPT,CAUQ7 C7850,2027-08-06,C,0.785,0.000000000,1,
2026-08-19,CAU,OPT,CAUQ7 C7900,2027-08-06,C,0.79,0.002200000,3,
2026-08-19,CAU,OPT,CAUQ7 C8000,2027-08-06,C,0.8,0.001600000,3,
2026-08-19,CAU,OPT,CAUQ7 C8100,2027-08-06,C,0.81,0.001100000,3,
2026-08-19,CAU,OPT,CAUQ7 C8200,2027-08-06,C,0.82,0.000800000,3,
2026-08-19,CAU,OPT,CAUQ7 C8300,2027-08-06,C,0.83,0.000600000,3,
2026-08-19,CAU,OPT,CAUQ7 C8400,2027-08-06,C,0.84,0.000450000,3,
2026-08-19,CAU,OPT,CAUQ7 C8500,2027-08-06,C,0.85,0.000350000,3,
2026-08-19,CAU,OPT,CAUQ7 C8600,2027-08-06,C,0.86,0.000250000,3,
2026-08-19,CAU,OPT,CAUQ7 C8700,2027-08-06,C,0.87,0.000200000,3,
2026-08-19,CAU,OPT,CAUQ7 C8800,2027-08-06,C,0.88,0.000150000,3,
2026-08-19,CAU,OPT,CAUQ7 P5800,2027-08-06,P,0.58,0.000100000,3,
2026-08-19,CAU,OPT,CAUQ7 P5900,2027-08-06,P,0.59,0.000150000,3,
2026-08-19,CAU,OPT,CAUQ7 P6000,2027-08-06,P,0.6,0.000200000,3,
2026-08-19,CAU,OPT,CAUQ7 P6100,2027-08-06,P,0.61,0.000200000,3,
2026-08-19,CAU,OPT,CAUQ7 P6200,2027-08-06,P,0.62,0.000300000,3,
2026-08-19,CAU,OPT,CAUQ7 P6300,2027-08-06,P,0.63,0.000350000,3,
2026-08-19,CAU,OPT,CAUQ7 P6400,2027-08-06,P,0.64,0.000450000,3,
2026-08-19,CAU,OPT,CAUQ7 P6500,2027-08-06,P,0.65,0.000600000,3,
2026-08-19,CAU,OPT,CAUQ7 P6600,2027-08-06,P,0.66,0.000800000,3,
2026-08-19,CAU,OPT,CAUQ7 P6700,2027-08-06,P,0.67,0.001100000,3,
2026-08-19,CAU,OPT,CAUQ7 P6800,2027-08-06,P,0.68,0.001600000,3,
2026-08-19,CAU,OPT,CAUQ7 P6850,2027-08-06,P,0.685,0.001900000,3,
2026-08-19,CAU,OPT,CAUQ7 P6900,2027-08-06,P,0.69,0.002400000,3,
2026-08-19,CAU,OPT,CAUQ7 P6950,2027-08-06,P,0.695,0.002900000,3,
2026-08-19,CAU,OPT,CAUQ7 P7000,2027-08-06,P,0.7,0.003500000,3,
2026-08-19,CAU,OPT,CAUQ7 P7050,2027-08-06,P,0.705,0.004300000,3,
2026-08-19,CAU,OPT,CAUQ7 P7100,2027-08-06,P,0.71,0.005300000,3,
2026-08-19,CAU,OPT,CAUQ7 P7150,2027-08-06,P,0.715,0.006500000,3,
2026-08-19,CAU,OPT,CAUQ7 P7200,2027-08-06,P,0.72,0.007900000,3,
2026-08-19,CAU,OPT,CAUQ7 P7250,2027-08-06,P,0.725,0.009600000,3,
2026-08-19,CAU,OPT,CAUQ7 P7300,2027-08-06,P,0.73,0.011500000,3,
2026-08-19,CAU,OPT,CAUQ7 P7350,2027-08-06,P,0.735,0.013800000,3,
2026-08-19,CAU,OPT,CAUQ7 P7400,2027-08-06,P,0.74,0.016400000,3,
2026-08-19,CAU,OPT,CAUQ7 P7450,2027-08-06,P,0.745,0.019200000,3,
2026-08-19,CAU,OPT,CAUQ7 P7500,2027-08-06,P,0.75,0.022400000,3,
2026-08-19,CAU,OPT,CAUQ7 P7550,2027-08-06,P,0.755,0.025800000,3,
2026-08-19,CAU,OPT,CAUQ7 P7600,2027-08-06,P,0.76,0.029500000,3,
2026-08-19,CAU,OPT,CAUQ7 P7650,2027-08-06,P,0.765,0.033300000,3,
2026-08-19,CAU,OPT,CAUQ7 P7700,2027-08-06,P,0.77,0.037300000,3,
2026-08-19,CAU,OPT,CAUQ7 P7750,2027-08-06,P,0.775,0.041500000,3,
2026-08-19,CAU,OPT,CAUQ7 P7800,2027-08-06,P,0.78,0.045800000,3,
2026-08-19,CAU,OPT,CAUQ7 P7850,2027-08-06,P,0.785,0.000000000,1,
2026-08-19,CAU,OPT,CAUQ7 P7900,2027-08-06,P,0.79,0.054600000,3,
2026-08-19,CAU,OPT,CAUQ7 P8000,2027-08-06,P,0.8,0.063600000,3,
2026-08-19,CAU,OPT,CAUQ7 P8100,2027-08-06,P,0.81,0.072800000,3,
2026-08-19,CAU,OPT,CAUQ7 P8200,2027-08-06,P,0.82,0.082100000,3,
2026-08-19,CAU,OPT,CAUQ7 P8300,2027-08-06,P,0.83,0.091500000,3,
2026-08-19,CAU,OPT,CAUQ7 P8400,2027-08-06,P,0.84,0.101000000,3,
2026-08-19,CAU,OPT,CAUQ7 P8500,2027-08-06,P,0.85,0.110500000,3,
2026-08-19,CAU,OPT,CAUQ7 P8600,2027-08-06,P,0.86,0.120100000,3,
2026-08-19,CAU,OPT,CAUQ7 P8700,2027-08-06,P,0.87,0.129600000,3,
2026-08-19,CAU,OPT,CAUQ7 P8800,2027-08-06,P,0.88,0.139200000,3,
2026-08-19,CAU,OPT,CAUU7 C5700,2027-09-03,C,0.57,0.159100000,3,
2026-08-19,CAU,OPT,CAUU7 C5800,2027-09-03,C,0.58,0.149500000,3,
2026-08-19,CAU,OPT,CAUU7 C5900,2027-09-03,C,0.59,0.139900000,3,
2026-08-19,CAU,OPT,CAUU7 C6000,2027-09-03,C,0.6,0.130300000,3,
2026-08-19,CAU,OPT,CAUU7 C6100,2027-09-03,C,0.61,0.120800000,3,
2026-08-19,CAU,OPT,CAUU7 C6200,2027-09-03,C,0.62,0.111300000,3,
2026-08-19,CAU,OPT,CAUU7 C6300,2027-09-03,C,0.63,0.101800000,3,
2026-08-19,CAU,OPT,CAUU7 C6400,2027-09-03,C,0.64,0.092300000,3,
2026-08-19,CAU,OPT,CAUU7 C6500,2027-09-03,C,0.65,0.082900000,3,
2026-08-19,CAU,OPT,CAUU7 C6600,2027-09-03,C,0.66,0.073500000,3,
2026-08-19,CAU,OPT,CAUU7 C6650,2027-09-03,C,0.665,0.068900000,3,
2026-08-19,CAU,OPT,CAUU7 C6700,2027-09-03,C,0.67,0.064300000,3,
2026-08-19,CAU,OPT,CAUU7 C6750,2027-09-03,C,0.675,0.059700000,3,
2026-08-19,CAU,OPT,CAUU7 C6800,2027-09-03,C,0.68,0.055200000,3,
2026-08-19,CAU,OPT,CAUU7 C6850,2027-09-03,C,0.685,0.050800000,3,
2026-08-19,CAU,OPT,CAUU7 C6900,2027-09-03,C,0.69,0.046400000,3,
2026-08-19,CAU,OPT,CAUU7 C6950,2027-09-03,C,0.695,0.042200000,3,
2026-08-19,CAU,OPT,CAUU7 C7000,2027-09-03,C,0.7,0.038100000,3,
2026-08-19,CAU,OPT,CAUU7 C7050,2027-09-03,C,0.705,0.034100000,3,
2026-08-19,CAU,OPT,CAUU7 C7100,2027-09-03,C,0.71,0.030300000,3,
2026-08-19,CAU,OPT,CAUU7 C7150,2027-09-03,C,0.715,0.026700000,3,
2026-08-19,CAU,OPT,CAUU7 C7200,2027-09-03,C,0.72,0.023400000,3,
2026-08-19,CAU,OPT,CAUU7 C7250,2027-09-03,C,0.725,0.020300000,3,
2026-08-19,CAU,OPT,CAUU7 C7300,2027-09-03,C,0.73,0.017500000,3,
2026-08-19,CAU,OPT,CAUU7 C7350,2027-09-03,C,0.735,0.015000000,3,
2026-08-19,CAU,OPT,CAUU7 C7400,2027-09-03,C,0.74,0.012700000,3,
2026-08-19,CAU,OPT,CAUU7 C7450,2027-09-03,C,0.745,0.010800000,3,
2026-08-19,CAU,OPT,CAUU7 C7500,2027-09-03,C,0.75,0.009100000,3,
2026-08-19,CAU,OPT,CAUU7 C7550,2027-09-03,C,0.755,0.007700000,3,
2026-08-19,CAU,OPT,CAUU7 C7600,2027-09-03,C,0.76,0.006500000,3,
2026-08-19,CAU,OPT,CAUU7 C7650,2027-09-03,C,0.765,0.005500000,3,
2026-08-19,CAU,OPT,CAUU7 C7700,2027-09-03,C,0.77,0.004600000,3,
2026-08-19,CAU,OPT,CAUU7 C7750,2027-09-03,C,0.775,0.003900000,3,
2026-08-19,CAU,OPT,CAUU7 C7800,2027-09-03,C,0.78,0.003300000,3,
2026-08-19,CAU,OPT,CAUU7 C7850,2027-09-03,C,0.785,0.002800000,3,
2026-08-19,CAU,OPT,CAUU7 C7900,2027-09-03,C,0.79,0.002400000,3,
2026-08-19,CAU,OPT,CAUU7 C7950,2027-09-03,C,0.795,0.002100000,3,
2026-08-19,CAU,OPT,CAUU7 C8000,2027-09-03,C,0.8,0.001800000,3,
2026-08-19,CAU,OPT,CAUU7 C8050,2027-09-03,C,0.805,0.001500000,3,
2026-08-19,CAU,OPT,CAUU7 C8100,2027-09-03,C,0.81,0.001300000,3,
2026-08-19,CAU,OPT,CAUU7 C8200,2027-09-03,C,0.82,0.000900000,3,
2026-08-19,CAU,OPT,CAUU7 C8300,2027-09-03,C,0.83,0.000700000,3,
2026-08-19,CAU,OPT,CAUU7 C8400,2027-09-03,C,0.84,0.000500000,3,
2026-08-19,CAU,OPT,CAUU7 C8500,2027-09-03,C,0.85,0.000350000,3,
2026-08-19,CAU,OPT,CAUU7 C8600,2027-09-03,C,0.86,0.000250000,3,
2026-08-19,CAU,OPT,CAUU7 C8700,2027-09-03,C,0.87,0.000150000,3,
2026-08-19,CAU,OPT,CAUU7 C8800,2027-09-03,C,0.88,0.000100000,3,
2026-08-19,CAU,OPT,CAUU7 C8900,2027-09-03,C,0.89,0.000100000,3,
2026-08-19,CAU,OPT,CAUU7 C9000,2027-09-03,C,0.9,0.000050000,3,
2026-08-19,CAU,OPT,CAUU7 P5700,2027-09-03,P,0.57,0.000050000,3,
2026-08-19,CAU,OPT,CAUU7 P5800,2027-09-03,P,0.58,0.000050000,3,
2026-08-19,CAU,OPT,CAUU7 P5900,2027-09-03,P,0.59,0.000100000,3,
2026-08-19,CAU,OPT,CAUU7 P6000,2027-09-03,P,0.6,0.000150000,3,
2026-08-19,CAU,OPT,CAUU7 P6100,2027-09-03,P,0.61,0.000200000,3,
2026-08-19,CAU,OPT,CAUU7 P6200,2027-09-03,P,0.62,0.000300000,3,
2026-08-19,CAU,OPT,CAUU7 P6300,2027-09-03,P,0.63,0.000450000,3,
2026-08-19,CAU,OPT,CAUU7 P6400,2027-09-03,P,0.64,0.000500000,3,
2026-08-19,CAU,OPT,CAUU7 P6500,2027-09-03,P,0.65,0.000700000,3,
2026-08-19,CAU,OPT,CAUU7 P6600,2027-09-03,P,0.66,0.000900000,3,
2026-08-19,CAU,OPT,CAUU7 P6650,2027-09-03,P,0.665,0.001100000,3,
2026-08-19,CAU,OPT,CAUU7 P6700,2027-09-03,P,0.67,0.001300000,3,
2026-08-19,CAU,OPT,CAUU7 P6750,2027-09-03,P,0.675,0.001500000,3,
2026-08-19,CAU,OPT,CAUU7 P6800,2027-09-03,P,0.68,0.001800000,3,
2026-08-19,CAU,OPT,CAUU7 P6850,2027-09-03,P,0.685,0.002200000,3,
2026-08-19,CAU,OPT,CAUU7 P6900,2027-09-03,P,0.69,0.002700000,3,
2026-08-19,CAU,OPT,CAUU7 P6950,2027-09-03,P,0.695,0.003200000,3,
2026-08-19,CAU,OPT,CAUU7 P7000,2027-09-03,P,0.7,0.003900000,3,
2026-08-19,CAU,OPT,CAUU7 P7050,2027-09-03,P,0.705,0.004700000,3,
2026-08-19,CAU,OPT,CAUU7 P7100,2027-09-03,P,0.71,0.005800000,3,
2026-08-19,CAU,OPT,CAUU7 P7150,2027-09-03,P,0.715,0.007000000,3,
2026-08-19,CAU,OPT,CAUU7 P7200,2027-09-03,P,0.72,0.008400000,3,1
2026-08-19,CAU,OPT,CAUU7 P7250,2027-09-03,P,0.725,0.010100000,3,
2026-08-19,CAU,OPT,CAUU7 P7300,2027-09-03,P,0.73,0.012100000,3,
2026-08-19,CAU,OPT,CAUU7 P7350,2027-09-03,P,0.735,0.014400000,3,
2026-08-19,CAU,OPT,CAUU7 P7400,2027-09-03,P,0.74,0.016900000,3,
2026-08-19,CAU,OPT,CAUU7 P7450,2027-09-03,P,0.745,0.019800000,3,
2026-08-19,CAU,OPT,CAUU7 P7500,2027-09-03,P,0.75,0.022900000,3,
2026-08-19,CAU,OPT,CAUU7 P7550,2027-09-03,P,0.755,0.026300000,3,
2026-08-19,CAU,OPT,CAUU7 P7600,2027-09-03,P,0.76,0.029900000,3,
2026-08-19,CAU,OPT,CAUU7 P7650,2027-09-03,P,0.765,0.033700000,3,
2026-08-19,CAU,OPT,CAUU7 P7700,2027-09-03,P,0.77,0.037600000,3,
2026-08-19,CAU,OPT,CAUU7 P7750,2027-09-03,P,0.775,0.041700000,3,
2026-08-19,CAU,OPT,CAUU7 P7800,2027-09-03,P,0.78,0.045900000,3,
2026-08-19,CAU,OPT,CAUU7 P7850,2027-09-03,P,0.785,0.050300000,3,
2026-08-19,CAU,OPT,CAUU7 P7900,2027-09-03,P,0.79,0.054600000,3,
2026-08-19,CAU,OPT,CAUU7 P7950,2027-09-03,P,0.795,0.059100000,3,
2026-08-19,CAU,OPT,CAUU7 P8000,2027-09-03,P,0.8,0.063600000,3,
2026-08-19,CAU,OPT,CAUU7 P8050,2027-09-03,P,0.805,0.068100000,3,
2026-08-19,CAU,OPT,CAUU7 P8100,2027-09-03,P,0.81,0.072700000,3,
2026-08-19,CAU,OPT,CAUU7 P8200,2027-09-03,P,0.82,0.082000000,3,
2026-08-19,CAU,OPT,CAUU7 P8300,2027-09-03,P,0.83,0.091300000,3,
2026-08-19,CAU,OPT,CAUU7 P8400,2027-09-03,P,0.84,0.100700000,3,
2026-08-19,CAU,OPT,CAUU7 P8500,2027-09-03,P,0.85,0.110200000,3,
2026-08-19,CAU,OPT,CAUU7 P8600,2027-09-03,P,0.86,0.119700000,3,
2026-08-19,CAU,OPT,CAUU7 P8700,2027-09-03,P,0.87,0.129200000,3,
2026-08-19,CAU,OPT,CAUU7 P8800,2027-09-03,P,0.88,0.138800000,3,
2026-08-19,CAU,OPT,CAUU7 P8900,2027-09-03,P,0.89,0.148300000,3,
2026-08-19,CAU,OPT,CAUU7 P9000,2027-09-03,P,0.9,0.157900000,3,
2026-08-19,CAU,OPT,CAUZ7 C5700,2027-12-03,C,0.57,0.159400000,3,
2026-08-19,CAU,OPT,CAUZ7 C5800,2027-12-03,C,0.58,0.150000000,3,
2026-08-19,CAU,OPT,CAUZ7 C5900,2027-12-03,C,0.59,0.140600000,3,
2026-08-19,CAU,OPT,CAUZ7 C6000,2027-12-03,C,0.6,0.131200000,3,
2026-08-19,CAU,OPT,CAUZ7 C6100,2027-12-03,C,0.61,0.121800000,3,
2026-08-19,CAU,OPT,CAUZ7 C6200,2027-12-03,C,0.62,0.112500000,3,
2026-08-19,CAU,OPT,CAUZ7 C6300,2027-12-03,C,0.63,0.103200000,3,
2026-08-19,CAU,OPT,CAUZ7 C6400,2027-12-03,C,0.64,0.094000000,3,
2026-08-19,CAU,OPT,CAUZ7 C6500,2027-12-03,C,0.65,0.085000000,3,
2026-08-19,CAU,OPT,CAUZ7 C6600,2027-12-03,C,0.66,0.076000000,3,
2026-08-19,CAU,OPT,CAUZ7 C6700,2027-12-03,C,0.67,0.067200000,3,
2026-08-19,CAU,OPT,CAUZ7 C6750,2027-12-03,C,0.675,0.062800000,3,
2026-08-19,CAU,OPT,CAUZ7 C6800,2027-12-03,C,0.68,0.058500000,3,
2026-08-19,CAU,OPT,CAUZ7 C6850,2027-12-03,C,0.685,0.054300000,3,
2026-08-19,CAU,OPT,CAUZ7 C6900,2027-12-03,C,0.69,0.050200000,3,
2026-08-19,CAU,OPT,CAUZ7 C6950,2027-12-03,C,0.695,0.046200000,3,
2026-08-19,CAU,OPT,CAUZ7 C7000,2027-12-03,C,0.7,0.042300000,3,
2026-08-19,CAU,OPT,CAUZ7 C7050,2027-12-03,C,0.705,0.038500000,3,
2026-08-19,CAU,OPT,CAUZ7 C7100,2027-12-03,C,0.71,0.034900000,3,
2026-08-19,CAU,OPT,CAUZ7 C7150,2027-12-03,C,0.715,0.031400000,3,
2026-08-19,CAU,OPT,CAUZ7 C7200,2027-12-03,C,0.72,0.028100000,3,
2026-08-19,CAU,OPT,CAUZ7 C7250,2027-12-03,C,0.725,0.025100000,3,
2026-08-19,CAU,OPT,CAUZ7 C7300,2027-12-03,C,0.73,0.022200000,3,
2026-08-19,CAU,OPT,CAUZ7 C7350,2027-12-03,C,0.735,0.019600000,3,
2026-08-19,CAU,OPT,CAUZ7 C7400,2027-12-03,C,0.74,0.017300000,3,
2026-08-19,CAU,OPT,CAUZ7 C7450,2027-12-03,C,0.745,0.015200000,3,
2026-08-19,CAU,OPT,CAUZ7 C7500,2027-12-03,C,0.75,0.013400000,3,
2026-08-19,CAU,OPT,CAUZ7 C7550,2027-12-03,C,0.755,0.011800000,3,
2026-08-19,CAU,OPT,CAUZ7 C7600,2027-12-03,C,0.76,0.010400000,3,
2026-08-19,CAU,OPT,CAUZ7 C7650,2027-12-03,C,0.765,0.009200000,3,
2026-08-19,CAU,OPT,CAUZ7 C7700,2027-12-03,C,0.77,0.008100000,3,
2026-08-19,CAU,OPT,CAUZ7 C7750,2027-12-03,C,0.775,0.007200000,3,
2026-08-19,CAU,OPT,CAUZ7 C7800,2027-12-03,C,0.78,0.006400000,3,
2026-08-19,CAU,OPT,CAUZ7 C7850,2027-12-03,C,0.785,0.005700000,3,
2026-08-19,CAU,OPT,CAUZ7 C7900,2027-12-03,C,0.79,0.005100000,3,
2026-08-19,CAU,OPT,CAUZ7 C7950,2027-12-03,C,0.795,0.004600000,3,
2026-08-19,CAU,OPT,CAUZ7 C8000,2027-12-03,C,0.8,0.004100000,3,
2026-08-19,CAU,OPT,CAUZ7 C8050,2027-12-03,C,0.805,0.003700000,3,
2026-08-19,CAU,OPT,CAUZ7 C8100,2027-12-03,C,0.81,0.003300000,3,
2026-08-19,CAU,OPT,CAUZ7 C8200,2027-12-03,C,0.82,0.002600000,3,
2026-08-19,CAU,OPT,CAUZ7 C8300,2027-12-03,C,0.83,0.002000000,3,
2026-08-19,CAU,OPT,CAUZ7 C8400,2027-12-03,C,0.84,0.001500000,3,
2026-08-19,CAU,OPT,CAUZ7 C8500,2027-12-03,C,0.85,0.001100000,3,
2026-08-19,CAU,OPT,CAUZ7 C8600,2027-12-03,C,0.86,0.000900000,3,
2026-08-19,CAU,OPT,CAUZ7 C8700,2027-12-03,C,0.87,0.000600000,3,
2026-08-19,CAU,OPT,CAUZ7 C8800,2027-12-03,C,0.88,0.000450000,3,
2026-08-19,CAU,OPT,CAUZ7 C8900,2027-12-03,C,0.89,0.000300000,3,
2026-08-19,CAU,OPT,CAUZ7 C9000,2027-12-03,C,0.9,0.000250000,3,
2026-08-19,CAU,OPT,CAUZ7 P5700,2027-12-03,P,0.57,0.000250000,3,
2026-08-19,CAU,OPT,CAUZ7 P5800,2027-12-03,P,0.58,0.000300000,3,
2026-08-19,CAU,OPT,CAUZ7 P5900,2027-12-03,P,0.59,0.000400000,3,
2026-08-19,CAU,OPT,CAUZ7 P6000,2027-12-03,P,0.6,0.000500000,3,
2026-08-19,CAU,OPT,CAUZ7 P6100,2027-12-03,P,0.61,0.000700000,3,
2026-08-19,CAU,OPT,CAUZ7 P6200,2027-12-03,P,0.62,0.000800000,3,
2026-08-19,CAU,OPT,CAUZ7 P6300,2027-12-03,P,0.63,0.001100000,3,
2026-08-19,CAU,OPT,CAUZ7 P6400,2027-12-03,P,0.64,0.001400000,3,
2026-08-19,CAU,OPT,CAUZ7 P6500,2027-12-03,P,0.65,0.001800000,3,
2026-08-19,CAU,OPT,CAUZ7 P6600,2027-12-03,P,0.66,0.002400000,3,
2026-08-19,CAU,OPT,CAUZ7 P6700,2027-12-03,P,0.67,0.003000000,3,
2026-08-19,CAU,OPT,CAUZ7 P6750,2027-12-03,P,0.675,0.003500000,3,
2026-08-19,CAU,OPT,CAUZ7 P6800,2027-12-03,P,0.68,0.003900000,3,
2026-08-19,CAU,OPT,CAUZ7 P6850,2027-12-03,P,0.685,0.004500000,3,
2026-08-19,CAU,OPT,CAUZ7 P6900,2027-12-03,P,0.69,0.005100000,3,
2026-08-19,CAU,OPT,CAUZ7 P6950,2027-12-03,P,0.695,0.005800000,3,
2026-08-19,CAU,OPT,CAUZ7 P7000,2027-12-03,P,0.7,0.006700000,3,
2026-08-19,CAU,OPT,CAUZ7 P7050,2027-12-03,P,0.705,0.007600000,3,
2026-08-19,CAU,OPT,CAUZ7 P7100,2027-12-03,P,0.71,0.008800000,3,
2026-08-19,CAU,OPT,CAUZ7 P7150,2027-12-03,P,0.715,0.010100000,3,
2026-08-19,CAU,OPT,CAUZ7 P7200,2027-12-03,P,0.72,0.011500000,3,
2026-08-19,CAU,OPT,CAUZ7 P7250,2027-12-03,P,0.725,0.013200000,3,
2026-08-19,CAU,OPT,CAUZ7 P7300,2027-12-03,P,0.73,0.015100000,3,
2026-08-19,CAU,OPT,CAUZ7 P7350,2027-12-03,P,0.735,0.017300000,3,
2026-08-19,CAU,OPT,CAUZ7 P7400,2027-12-03,P,0.74,0.019700000,3,
2026-08-19,CAU,OPT,CAUZ7 P7450,2027-12-03,P,0.745,0.022400000,3,
2026-08-19,CAU,OPT,CAUZ7 P7500,2027-12-03,P,0.75,0.025300000,3,
2026-08-19,CAU,OPT,CAUZ7 P7550,2027-12-03,P,0.755,0.028400000,3,
2026-08-19,CAU,OPT,CAUZ7 P7600,2027-12-03,P,0.76,0.031800000,3,
2026-08-19,CAU,OPT,CAUZ7 P7650,2027-12-03,P,0.765,0.035300000,3,
2026-08-19,CAU,OPT,CAUZ7 P7700,2027-12-03,P,0.77,0.039100000,3,
2026-08-19,CAU,OPT,CAUZ7 P7750,2027-12-03,P,0.775,0.042900000,3,
2026-08-19,CAU,OPT,CAUZ7 P7800,2027-12-03,P,0.78,0.046900000,3,
2026-08-19,CAU,OPT,CAUZ7 P7850,2027-12-03,P,0.785,0.050900000,3,
2026-08-19,CAU,OPT,CAUZ7 P7900,2027-12-03,P,0.79,0.055100000,3,
2026-08-19,CAU,OPT,CAUZ7 P7950,2027-12-03,P,0.795,0.059300000,3,
2026-08-19,CAU,OPT,CAUZ7 P8000,2027-12-03,P,0.8,0.063600000,3,
2026-08-19,CAU,OPT,CAUZ7 P8050,2027-12-03,P,0.805,0.067900000,3,
2026-08-19,CAU,OPT,CAUZ7 P8100,2027-12-03,P,0.81,0.072200000,3,
2026-08-19,CAU,OPT,CAUZ7 P8200,2027-12-03,P,0.82,0.081000000,3,
2026-08-19,CAU,OPT,CAUZ7 P8300,2027-12-03,P,0.83,0.090000000,3,
2026-08-19,CAU,OPT,CAUZ7 P8400,2027-12-03,P,0.84,0.099000000,3,
2026-08-19,CAU,OPT,CAUZ7 P8500,2027-12-03,P,0.85,0.108100000,3,
2026-08-19,CAU,OPT,CAUZ7 P8600,2027-12-03,P,0.86,0.117300000,3,
2026-08-19,CAU,OPT,CAUZ7 P8700,2027-12-03,P,0.87,0.126600000,3,
2026-08-19,CAU,OPT,CAUZ7 P8800,2027-12-03,P,0.88,0.136000000,3,
2026-08-19,CAU,OPT,CAUZ7 P8900,2027-12-03,P,0.89,0.145300000,3,
2026-08-19,CAU,OPT,CAUZ7 P9000,2027-12-03,P,0.9,0.154700000,3,
2026-08-19,CAU,OPT,CAUH8 C5700,2028-03-03,C,0.57,0.159600000,3,
2026-08-19,CAU,OPT,CAUH8 C5800,2028-03-03,C,0.58,0.150300000,3,
2026-08-19,CAU,OPT,CAUH8 C5900,2028-03-03,C,0.59,0.141000000,3,
2026-08-19,CAU,OPT,CAUH8 C6000,2028-03-03,C,0.6,0.131700000,3,
2026-08-19,CAU,OPT,CAUH8 C6100,2028-03-03,C,0.61,0.122500000,3,
2026-08-19,CAU,OPT,CAUH8 C6200,2028-03-03,C,0.62,0.113300000,3,
2026-08-19,CAU,OPT,CAUH8 C6300,2028-03-03,C,0.63,0.104200000,3,
2026-08-19,CAU,OPT,CAUH8 C6400,2028-03-03,C,0.64,0.095100000,3,
2026-08-19,CAU,OPT,CAUH8 C6500,2028-03-03,C,0.65,0.086200000,3,
2026-08-19,CAU,OPT,CAUH8 C6600,2028-03-03,C,0.66,0.077500000,3,
2026-08-19,CAU,OPT,CAUH8 C6700,2028-03-03,C,0.67,0.068800000,3,
2026-08-19,CAU,OPT,CAUH8 C6750,2028-03-03,C,0.675,0.064600000,3,
2026-08-19,CAU,OPT,CAUH8 C6800,2028-03-03,C,0.68,0.060500000,3,
2026-08-19,CAU,OPT,CAUH8 C6850,2028-03-03,C,0.685,0.056400000,3,
2026-08-19,CAU,OPT,CAUH8 C6900,2028-03-03,C,0.69,0.052400000,3,
2026-08-19,CAU,OPT,CAUH8 C6950,2028-03-03,C,0.695,0.048400000,3,
2026-08-19,CAU,OPT,CAUH8 C7000,2028-03-03,C,0.7,0.044600000,3,
2026-08-19,CAU,OPT,CAUH8 C7050,2028-03-03,C,0.705,0.040900000,3,
2026-08-19,CAU,OPT,CAUH8 C7100,2028-03-03,C,0.71,0.037300000,3,
2026-08-19,CAU,OPT,CAUH8 C7150,2028-03-03,C,0.715,0.033800000,3,
2026-08-19,CAU,OPT,CAUH8 C7200,2028-03-03,C,0.72,0.030600000,3,
2026-08-19,CAU,OPT,CAUH8 C7250,2028-03-03,C,0.725,0.027500000,3,
2026-08-19,CAU,OPT,CAUH8 C7300,2028-03-03,C,0.73,0.024700000,3,
2026-08-19,CAU,OPT,CAUH8 C7350,2028-03-03,C,0.735,0.022100000,3,
2026-08-19,CAU,OPT,CAUH8 C7400,2028-03-03,C,0.74,0.019700000,3,1
2026-08-19,CAU,OPT,CAUH8 C7450,2028-03-03,C,0.745,0.017500000,3,
2026-08-19,CAU,OPT,CAUH8 C7500,2028-03-03,C,0.75,0.015600000,3,
2026-08-19,CAU,OPT,CAUH8 C7550,2028-03-03,C,0.755,0.014000000,3,
2026-08-19,CAU,OPT,CAUH8 C7600,2028-03-03,C,0.76,0.012500000,3,
2026-08-19,CAU,OPT,CAUH8 C7650,2028-03-03,C,0.765,0.011200000,3,
2026-08-19,CAU,OPT,CAUH8 C7700,2028-03-03,C,0.77,0.010100000,3,
2026-08-19,CAU,OPT,CAUH8 C7750,2028-03-03,C,0.775,0.009100000,3,
2026-08-19,CAU,OPT,CAUH8 C7800,2028-03-03,C,0.78,0.008200000,3,
2026-08-19,CAU,OPT,CAUH8 C7850,2028-03-03,C,0.785,0.007400000,3,
2026-08-19,CAU,OPT,CAUH8 C7900,2028-03-03,C,0.79,0.006700000,3,
2026-08-19,CAU,OPT,CAUH8 C7950,2028-03-03,C,0.795,0.006000000,3,
2026-08-19,CAU,OPT,CAUH8 C8000,2028-03-03,C,0.8,0.005400000,3,
2026-08-19,CAU,OPT,CAUH8 C8100,2028-03-03,C,0.81,0.004400000,3,
2026-08-19,CAU,OPT,CAUH8 C8200,2028-03-03,C,0.82,0.003600000,3,
2026-08-19,CAU,OPT,CAUH8 C8300,2028-03-03,C,0.83,0.002900000,3,
2026-08-19,CAU,OPT,CAUH8 C8400,2028-03-03,C,0.84,0.002300000,3,
2026-08-19,CAU,OPT,CAUH8 C8500,2028-03-03,C,0.85,0.001800000,3,
2026-08-19,CAU,OPT,CAUH8 C8600,2028-03-03,C,0.86,0.001400000,3,
2026-08-19,CAU,OPT,CAUH8 C8700,2028-03-03,C,0.87,0.001100000,3,
2026-08-19,CAU,OPT,CAUH8 C8800,2028-03-03,C,0.88,0.000800000,3,
2026-08-19,CAU,OPT,CAUH8 C8900,2028-03-03,C,0.89,0.000600000,3,
2026-08-19,CAU,OPT,CAUH8 C9000,2028-03-03,C,0.9,0.000450000,3,
2026-08-19,CAU,OPT,CAUH8 P5700,2028-03-03,P,0.57,0.000250000,3,
2026-08-19,CAU,OPT,CAUH8 P5800,2028-03-03,P,0.58,0.000350000,3,
2026-08-19,CAU,OPT,CAUH8 P5900,2028-03-03,P,0.59,0.000450000,3,
2026-08-19,CAU,OPT,CAUH8 P6000,2028-03-03,P,0.6,0.000600000,3,
2026-08-19,CAU,OPT,CAUH8 P6100,2028-03-03,P,0.61,0.000800000,3,
2026-08-19,CAU,OPT,CAUH8 P6200,2028-03-03,P,0.62,0.001000000,3,
2026-08-19,CAU,OPT,CAUH8 P6300,2028-03-03,P,0.63,0.001300000,3,
2026-08-19,CAU,OPT,CAUH8 P6400,2028-03-03,P,0.64,0.001700000,3,
2026-08-19,CAU,OPT,CAUH8 P6500,2028-03-03,P,0.65,0.002200000,3,
2026-08-19,CAU,OPT,CAUH8 P6600,2028-03-03,P,0.66,0.002800000,3,
2026-08-19,CAU,OPT,CAUH8 P6700,2028-03-03,P,0.67,0.003600000,3,
2026-08-19,CAU,OPT,CAUH8 P6750,2028-03-03,P,0.675,0.004100000,3,
2026-08-19,CAU,OPT,CAUH8 P6800,2028-03-03,P,0.68,0.004700000,3,
2026-08-19,CAU,OPT,CAUH8 P6850,2028-03-03,P,0.685,0.005300000,3,
2026-08-19,CAU,OPT,CAUH8 P6900,2028-03-03,P,0.69,0.006000000,3,
2026-08-19,CAU,OPT,CAUH8 P6950,2028-03-03,P,0.695,0.006700000,3,
2026-08-19,CAU,OPT,CAUH8 P7000,2028-03-03,P,0.7,0.007600000,3,
2026-08-19,CAU,OPT,CAUH8 P7050,2028-03-03,P,0.705,0.008600000,3,
2026-08-19,CAU,OPT,CAUH8 P7100,2028-03-03,P,0.71,0.009700000,3,
2026-08-19,CAU,OPT,CAUH8 P7150,2028-03-03,P,0.715,0.011000000,3,
2026-08-19,CAU,OPT,CAUH8 P7200,2028-03-03,P,0.72,0.012400000,3,
2026-08-19,CAU,OPT,CAUH8 P7250,2028-03-03,P,0.725,0.014100000,3,
2026-08-19,CAU,OPT,CAUH8 P7300,2028-03-03,P,0.73,0.015900000,3,
2026-08-19,CAU,OPT,CAUH8 P7350,2028-03-03,P,0.735,0.018000000,3,
2026-08-19,CAU,OPT,CAUH8 P7400,2028-03-03,P,0.74,0.020300000,3,
2026-08-19,CAU,OPT,CAUH8 P7450,2028-03-03,P,0.745,0.022900000,3,
2026-08-19,CAU,OPT,CAUH8 P7500,2028-03-03,P,0.75,0.025700000,3,
2026-08-19,CAU,OPT,CAUH8 P7550,2028-03-03,P,0.755,0.028800000,3,
2026-08-19,CAU,OPT,CAUH8 P7600,2028-03-03,P,0.76,0.032000000,3,
2026-08-19,CAU,OPT,CAUH8 P7650,2028-03-03,P,0.765,0.035400000,3,
2026-08-19,CAU,OPT,CAUH8 P7700,2028-03-03,P,0.77,0.039000000,3,
2026-08-19,CAU,OPT,CAUH8 P7750,2028-03-03,P,0.775,0.042700000,3,
2026-08-19,CAU,OPT,CAUH8 P7800,2028-03-03,P,0.78,0.046500000,3,
2026-08-19,CAU,OPT,CAUH8 P7850,2028-03-03,P,0.785,0.050400000,3,
2026-08-19,CAU,OPT,CAUH8 P7900,2028-03-03,P,0.79,0.054400000,3,
2026-08-19,CAU,OPT,CAUH8 P7950,2028-03-03,P,0.795,0.058400000,3,
2026-08-19,CAU,OPT,CAUH8 P8000,2028-03-03,P,0.8,0.062500000,3,
2026-08-19,CAU,OPT,CAUH8 P8100,2028-03-03,P,0.81,0.070900000,3,
2026-08-19,CAU,OPT,CAUH8 P8200,2028-03-03,P,0.82,0.079500000,3,
2026-08-19,CAU,OPT,CAUH8 P8300,2028-03-03,P,0.83,0.088200000,3,
2026-08-19,CAU,OPT,CAUH8 P8400,2028-03-03,P,0.84,0.097100000,3,
2026-08-19,CAU,OPT,CAUH8 P8500,2028-03-03,P,0.85,0.106000000,3,
2026-08-19,CAU,OPT,CAUH8 P8600,2028-03-03,P,0.86,0.115000000,3,
2026-08-19,CAU,OPT,CAUH8 P8700,2028-03-03,P,0.87,0.124100000,3,
2026-08-19,CAU,OPT,CAUH8 P8800,2028-03-03,P,0.88,0.133300000,3,
2026-08-19,CAU,OPT,CAUH8 P8900,2028-03-03,P,0.89,0.142500000,3,
2026-08-19,CAU,OPT,CAUH8 P9000,2028-03-03,P,0.9,0.151700000,3,
2026-08-19,CAU,OPT,CAUM8 C5800,2028-06-09,C,0.58,0.150800000,3,
2026-08-19,CAU,OPT,CAUM8 C5900,2028-06-09,C,0.59,0.141600000,3,
2026-08-19,CAU,OPT,CAUM8 C6000,2028-06-09,C,0.6,0.132500000,3,
2026-08-19,CAU,OPT,CAUM8 C6100,2028-06-09,C,0.61,0.123400000,3,
2026-08-19,CAU,OPT,CAUM8 C6200,2028-06-09,C,0.62,0.114400000,3,
2026-08-19,CAU,OPT,CAUM8 C6300,2028-06-09,C,0.63,0.105500000,3,
2026-08-19,CAU,OPT,CAUM8 C6400,2028-06-09,C,0.64,0.096700000,3,
2026-08-19,CAU,OPT,CAUM8 C6500,2028-06-09,C,0.65,0.087900000,3,
2026-08-19,CAU,OPT,CAUM8 C6600,2028-06-09,C,0.66,0.079400000,3,
2026-08-19,CAU,OPT,CAUM8 C6700,2028-06-09,C,0.67,0.071000000,3,
2026-08-19,CAU,OPT,CAUM8 C6750,2028-06-09,C,0.675,0.066800000,3,
2026-08-19,CAU,OPT,CAUM8 C6800,2028-06-09,C,0.68,0.062800000,3,
2026-08-19,CAU,OPT,CAUM8 C6850,2028-06-09,C,0.685,0.058800000,3,
2026-08-19,CAU,OPT,CAUM8 C6900,2028-06-09,C,0.69,0.054800000,3,
2026-08-19,CAU,OPT,CAUM8 C6950,2028-06-09,C,0.695,0.051000000,3,
2026-08-19,CAU,OPT,CAUM8 C7000,2028-06-09,C,0.7,0.047200000,3,
2026-08-19,CAU,OPT,CAUM8 C7050,2028-06-09,C,0.705,0.043500000,3,
2026-08-19,CAU,OPT,CAUM8 C7100,2028-06-09,C,0.71,0.040000000,3,
2026-08-19,CAU,OPT,CAUM8 C7150,2028-06-09,C,0.715,0.036600000,3,
2026-08-19,CAU,OPT,CAUM8 C7200,2028-06-09,C,0.72,0.033300000,3,
2026-08-19,CAU,OPT,CAUM8 C7250,2028-06-09,C,0.725,0.030300000,3,
2026-08-19,CAU,OPT,CAUM8 C7300,2028-06-09,C,0.73,0.027400000,3,
2026-08-19,CAU,OPT,CAUM8 C7350,2028-06-09,C,0.735,0.024800000,3,
2026-08-19,CAU,OPT,CAUM8 C7400,2028-06-09,C,0.74,0.022400000,3,3
2026-08-19,CAU,OPT,CAUM8 C7450,2028-06-09,C,0.745,0.020200000,3,
2026-08-19,CAU,OPT,CAUM8 C7500,2028-06-09,C,0.75,0.018200000,3,11
2026-08-19,CAU,OPT,CAUM8 C7550,2028-06-09,C,0.755,0.016400000,3,1
2026-08-19,CAU,OPT,CAUM8 C7600,2028-06-09,C,0.76,0.014800000,3,2
2026-08-19,CAU,OPT,CAUM8 C7650,2028-06-09,C,0.765,0.013300000,3,3
2026-08-19,CAU,OPT,CAUM8 C7700,2028-06-09,C,0.77,0.012000000,3,
2026-08-19,CAU,OPT,CAUM8 C7750,2028-06-09,C,0.775,0.010900000,3,
2026-08-19,CAU,OPT,CAUM8 C7800,2028-06-09,C,0.78,0.009800000,3,
2026-08-19,CAU,OPT,CAUM8 C7850,2028-06-09,C,0.785,0.008900000,3,
2026-08-19,CAU,OPT,CAUM8 C7900,2028-06-09,C,0.79,0.008000000,3,
2026-08-19,CAU,OPT,CAUM8 C8000,2028-06-09,C,0.8,0.006500000,3,
2026-08-19,CAU,OPT,CAUM8 C8100,2028-06-09,C,0.81,0.005300000,3,
2026-08-19,CAU,OPT,CAUM8 C8200,2028-06-09,C,0.82,0.004300000,3,
2026-08-19,CAU,OPT,CAUM8 C8300,2028-06-09,C,0.83,0.003600000,3,
2026-08-19,CAU,OPT,CAUM8 C8400,2028-06-09,C,0.84,0.002900000,3,
2026-08-19,CAU,OPT,CAUM8 C8500,2028-06-09,C,0.85,0.002400000,3,
2026-08-19,CAU,OPT,CAUM8 C8600,2028-06-09,C,0.86,0.002000000,3,
2026-08-19,CAU,OPT,CAUM8 C8700,2028-06-09,C,0.87,0.001600000,3,
2026-08-19,CAU,OPT,CAUM8 C8800,2028-06-09,C,0.88,0.001400000,3,
2026-08-19,CAU,OPT,CAUM8 C8900,2028-06-09,C,0.89,0.001100000,3,
2026-08-19,CAU,OPT,CAUM8 P5800,2028-06-09,P,0.58,0.000600000,3,
2026-08-19,CAU,OPT,CAUM8 P5900,2028-06-09,P,0.59,0.000700000,3,
2026-08-19,CAU,OPT,CAUM8 P6000,2028-06-09,P,0.6,0.000900000,3,
2026-08-19,CAU,OPT,CAUM8 P6100,2028-06-09,P,0.61,0.001200000,3,
2026-08-19,CAU,OPT,CAUM8 P6200,2028-06-09,P,0.62,0.001500000,3,
2026-08-19,CAU,OPT,CAUM8 P6300,2028-06-09,P,0.63,0.001900000,3,
2026-08-19,CAU,OPT,CAUM8 P6400,2028-06-09,P,0.64,0.002300000,3,
2026-08-19,CAU,OPT,CAUM8 P6500,2028-06-09,P,0.65,0.002900000,3,
2026-08-19,CAU,OPT,CAUM8 P6600,2028-06-09,P,0.66,0.003700000,3,
2026-08-19,CAU,OPT,CAUM8 P6700,2028-06-09,P,0.67,0.004600000,3,
2026-08-19,CAU,OPT,CAUM8 P6750,2028-06-09,P,0.675,0.005100000,3,
2026-08-19,CAU,OPT,CAUM8 P6800,2028-06-09,P,0.68,0.005700000,3,
2026-08-19,CAU,OPT,CAUM8 P6850,2028-06-09,P,0.685,0.006300000,3,
2026-08-19,CAU,OPT,CAUM8 P6900,2028-06-09,P,0.69,0.007000000,3,
2026-08-19,CAU,OPT,CAUM8 P6950,2028-06-09,P,0.695,0.007800000,3,
2026-08-19,CAU,OPT,CAUM8 P7000,2028-06-09,P,0.7,0.008700000,3,
2026-08-19,CAU,OPT,CAUM8 P7050,2028-06-09,P,0.705,0.009700000,3,
2026-08-19,CAU,OPT,CAUM8 P7100,2028-06-09,P,0.71,0.010800000,3,
2026-08-19,CAU,OPT,CAUM8 P7150,2028-06-09,P,0.715,0.012100000,3,
2026-08-19,CAU,OPT,CAUM8 P7200,2028-06-09,P,0.72,0.013500000,3,
2026-08-19,CAU,OPT,CAUM8 P7250,2028-06-09,P,0.725,0.015100000,3,
2026-08-19,CAU,OPT,CAUM8 P7300,2028-06-09,P,0.73,0.016900000,3,
2026-08-19,CAU,OPT,CAUM8 P7350,2028-06-09,P,0.735,0.018900000,3,
2026-08-19,CAU,OPT,CAUM8 P7400,2028-06-09,P,0.74,0.021200000,3,
2026-08-19,CAU,OPT,CAUM8 P7450,2028-06-09,P,0.745,0.023600000,3,
2026-08-19,CAU,OPT,CAUM8 P7500,2028-06-09,P,0.75,0.026300000,3,
2026-08-19,CAU,OPT,CAUM8 P7550,2028-06-09,P,0.755,0.029200000,3,
2026-08-19,CAU,OPT,CAUM8 P7600,2028-06-09,P,0.76,0.032200000,3,
2026-08-19,CAU,OPT,CAUM8 P7650,2028-06-09,P,0.765,0.035400000,3,
2026-08-19,CAU,OPT,CAUM8 P7700,2028-06-09,P,0.77,0.038800000,3,
2026-08-19,CAU,OPT,CAUM8 P7750,2028-06-09,P,0.775,0.042300000,3,
2026-08-19,CAU,OPT,CAUM8 P7800,2028-06-09,P,0.78,0.045900000,3,
2026-08-19,CAU,OPT,CAUM8 P7850,2028-06-09,P,0.785,0.049600000,3,
2026-08-19,CAU,OPT,CAUM8 P7900,2028-06-09,P,0.79,0.053400000,3,
2026-08-19,CAU,OPT,CAUM8 P8000,2028-06-09,P,0.8,0.061200000,3,
2026-08-19,CAU,OPT,CAUM8 P8100,2028-06-09,P,0.81,0.069300000,3,
2026-08-19,CAU,OPT,CAUM8 P8200,2028-06-09,P,0.82,0.077600000,3,
2026-08-19,CAU,OPT,CAUM8 P8300,2028-06-09,P,0.83,0.086100000,3,
2026-08-19,CAU,OPT,CAUM8 P8400,2028-06-09,P,0.84,0.094800000,3,
2026-08-19,CAU,OPT,CAUM8 P8500,2028-06-09,P,0.85,0.103600000,3,
2026-08-19,CAU,OPT,CAUM8 P8600,2028-06-09,P,0.86,0.112500000,3,
2026-08-19,CAU,OPT,CAUM8 P8700,2028-06-09,P,0.87,0.121500000,3,
2026-08-19,CAU,OPT,CAUM8 P8800,2028-06-09,P,0.88,0.130500000,3,
2026-08-19,CAU,OPT,CAUM8 P8900,2028-06-09,P,0.89,0.139600000,3,
