session,root,type,symbol,expiry,right,strike,settle,settle_flag,oi
2026-08-20,GBU,OPT,GBUU6 C10200,2026-09-04,C,1.02,0.342300000,3,
2026-08-20,GBU,OPT,GBUU6 C10300,2026-09-04,C,1.03,0.332300000,3,
2026-08-20,GBU,OPT,GBUU6 C10400,2026-09-04,C,1.04,0.322300000,3,
2026-08-20,GBU,OPT,GBUU6 C10500,2026-09-04,C,1.05,0.312300000,3,
2026-08-20,GBU,OPT,GBUU6 C10600,2026-09-04,C,1.06,0.302300000,3,
2026-08-20,GBU,OPT,GBUU6 C10700,2026-09-04,C,1.07,0.292400000,3,
2026-08-20,GBU,OPT,GBUU6 C10800,2026-09-04,C,1.08,0.282400000,3,
2026-08-20,GBU,OPT,GBUU6 C10900,2026-09-04,C,1.09,0.272400000,3,
2026-08-20,GBU,OPT,GBUU6 C11000,2026-09-04,C,1.1,0.262400000,3,
2026-08-20,GBU,OPT,GBUU6 C11100,2026-09-04,C,1.11,0.252400000,3,
2026-08-20,GBU,OPT,GBUU6 C11200,2026-09-04,C,1.12,0.242400000,3,
2026-08-20,GBU,OPT,GBUU6 C11300,2026-09-04,C,1.13,0.232500000,3,
2026-08-20,GBU,OPT,GBUU6 C11400,2026-09-04,C,1.14,0.222500000,3,
2026-08-20,GBU,OPT,GBUU6 C11500,2026-09-04,C,1.15,0.212500000,3,
2026-08-20,GBU,OPT,GBUU6 C11600,2026-09-04,C,1.16,0.202500000,3,
2026-08-20,GBU,OPT,GBUU6 C11650,2026-09-04,C,1.165,0.197500000,3,
2026-08-20,GBU,OPT,GBUU6 C11700,2026-09-04,C,1.17,0.192500000,3,
2026-08-20,GBU,OPT,GBUU6 C11750,2026-09-04,C,1.175,0.187500000,3,
2026-08-20,GBU,OPT,GBUU6 C11800,2026-09-04,C,1.18,0.182500000,3,
2026-08-20,GBU,OPT,GBUU6 C11850,2026-09-04,C,1.185,0.177500000,3,
2026-08-20,GBU,OPT,GBUU6 C11900,2026-09-04,C,1.19,0.172500000,3,
2026-08-20,GBU,OPT,GBUU6 C11950,2026-09-04,C,1.195,0.167600000,3,
2026-08-20,GBU,OPT,GBUU6 C12000,2026-09-04,C,1.2,0.162600000,3,1
2026-08-20,GBU,OPT,GBUU6 C12050,2026-09-04,C,1.205,0.157600000,3,
2026-08-20,GBU,OPT,GBUU6 C12100,2026-09-04,C,1.21,0.152600000,3,1
2026-08-20,GBU,OPT,GBUU6 C12150,2026-09-04,C,1.215,0.147600000,3,
2026-08-20,GBU,OPT,GBUU6 C12200,2026-09-04,C,1.22,0.142600000,3,
2026-08-20,GBU,OPT,GBUU6 C12250,2026-09-04,C,1.225,0.137600000,3,
2026-08-20,GBU,OPT,GBUU6 C12300,2026-09-04,C,1.23,0.132600000,3,
2026-08-20,GBU,OPT,GBUU6 C12350,2026-09-04,C,1.235,0.127600000,3,
2026-08-20,GBU,OPT,GBUU6 C12400,2026-09-04,C,1.24,0.122600000,3,
2026-08-20,GBU,OPT,GBUU6 C12450,2026-09-04,C,1.245,0.117600000,3,
2026-08-20,GBU,OPT,GBUU6 C12500,2026-09-04,C,1.25,0.112600000,3,
2026-08-20,GBU,OPT,GBUU6 C12550,2026-09-04,C,1.255,0.107600000,3,
2026-08-20,GBU,OPT,GBUU6 C12600,2026-09-04,C,1.26,0.102600000,3,
2026-08-20,GBU,OPT,GBUU6 C12650,2026-09-04,C,1.265,0.097700000,3,
2026-08-20,GBU,OPT,GBUU6 C12700,2026-09-04,C,1.27,0.092700000,3,1
2026-08-20,GBU,OPT,GBUU6 C12750,2026-09-04,C,1.275,0.087700000,3,
2026-08-20,GBU,OPT,GBUU6 C12800,2026-09-04,C,1.28,0.082700000,3,5
2026-08-20,GBU,OPT,GBUU6 C12850,2026-09-04,C,1.285,0.077700000,3,
2026-08-20,GBU,OPT,GBUU6 C12900,2026-09-04,C,1.29,0.072700000,3,7
2026-08-20,GBU,OPT,GBUU6 C12950,2026-09-04,C,1.295,0.067700000,3,
2026-08-20,GBU,OPT,GBUU6 C13000,2026-09-04,C,1.3,0.062700000,3,
2026-08-20,GBU,OPT,GBUU6 C13050,2026-09-04,C,1.305,0.057700000,3,
2026-08-20,GBU,OPT,GBUU6 C13100,2026-09-04,C,1.31,0.052700000,3,4
2026-08-20,GBU,OPT,GBUU6 C13150,2026-09-04,C,1.315,0.047700000,3,1
2026-08-20,GBU,OPT,GBUU6 C13200,2026-09-04,C,1.32,0.042800000,3,13
2026-08-20,GBU,OPT,GBUU6 C13250,2026-09-04,C,1.325,0.037900000,3,3
2026-08-20,GBU,OPT,GBUU6 C13275,2026-09-04,C,1.3275,0.035400000,3,
2026-08-20,GBU,OPT,GBUU6 C13300,2026-09-04,C,1.33,0.032900000,3,20
2026-08-20,GBU,OPT,GBUU6 C13325,2026-09-04,C,1.3325,0.030500000,3,
2026-08-20,GBU,OPT,GBUU6 C13350,2026-09-04,C,1.335,0.028100000,3,7
2026-08-20,GBU,OPT,GBUU6 C13375,2026-09-04,C,1.3375,0.025700000,3,
2026-08-20,GBU,OPT,GBUU6 C13400,2026-09-04,C,1.34,0.023400000,3,277
2026-08-20,GBU,OPT,GBUU6 C13425,2026-09-04,C,1.3425,0.021100000,3,
2026-08-20,GBU,OPT,GBUU6 C13450,2026-09-04,C,1.345,0.018800000,3,826
2026-08-20,GBU,OPT,GBUU6 C13475,2026-09-04,C,1.3475,0.016600000,3,
2026-08-20,GBU,OPT,GBUU6 C13500,2026-09-04,C,1.35,0.014500000,3,391
2026-08-20,GBU,OPT,GBUU6 C13525,2026-09-04,C,1.3525,0.012500000,3,8
2026-08-20,GBU,OPT,GBUU6 C13550,2026-09-04,C,1.355,0.010700000,3,1559
2026-08-20,GBU,OPT,GBUU6 C13575,2026-09-04,C,1.3575,0.009000000,3,544
2026-08-20,GBU,OPT,GBUU6 C13600,2026-09-04,C,1.36,0.007500000,3,2395
2026-08-20,GBU,OPT,GBUU6 C13625,2026-09-04,C,1.3625,0.006100000,3,378
2026-08-20,GBU,OPT,GBUU6 C13650,2026-09-04,C,1.365,0.005000000,3,998
2026-08-20,GBU,OPT,GBUU6 C13675,2026-09-04,C,1.3675,0.004000000,3,17
2026-08-20,GBU,OPT,GBUU6 C13700,2026-09-04,C,1.37,0.003100000,3,86
2026-08-20,GBU,OPT,GBUU6 C13725,2026-09-04,C,1.3725,0.002500000,3,2
2026-08-20,GBU,OPT,GBUU6 C13750,2026-09-04,C,1.375,0.002000000,3,809
2026-08-20,GBU,OPT,GBUU6 C13775,2026-09-04,C,1.3775,0.001700000,3,110
2026-08-20,GBU,OPT,GBUU6 C13800,2026-09-04,C,1.38,0.001300000,3,129
2026-08-20,GBU,OPT,GBUU6 C13825,2026-09-04,C,1.3825,0.000000000,1,
2026-08-20,GBU,OPT,GBUU6 C13850,2026-09-04,C,1.385,0.000800000,3,301
2026-08-20,GBU,OPT,GBUU6 C13900,2026-09-04,C,1.39,0.000500000,3,218
2026-08-20,GBU,OPT,GBUU6 C13950,2026-09-04,C,1.395,0.000400000,3,6
2026-08-20,GBU,OPT,GBUU6 C14000,2026-09-04,C,1.4,0.000300000,3,375
2026-08-20,GBU,OPT,GBUU6 C14050,2026-09-04,C,1.405,0.000200000,3,269
2026-08-20,GBU,OPT,GBUU6 C14100,2026-09-04,C,1.41,0.000100000,3,497
2026-08-20,GBU,OPT,GBUU6 C14150,2026-09-04,C,1.415,0.000100000,3,135
2026-08-20,GBU,OPT,GBUU6 C14200,2026-09-04,C,1.42,0.000100000,3,177
2026-08-20,GBU,OPT,GBUU6 C14250,2026-09-04,C,1.425,0.000100000,3,253
2026-08-20,GBU,OPT,GBUU6 C14300,2026-09-04,C,1.43,0.000100000,3,70
2026-08-20,GBU,OPT,GBUU6 C14350,2026-09-04,C,1.435,0.000100000,3,
2026-08-20,GBU,OPT,GBUU6 C14400,2026-09-04,C,1.44,0.000100000,3,79
2026-08-20,GBU,OPT,GBUU6 C14450,2026-09-04,C,1.445,0.000100000,3,
2026-08-20,GBU,OPT,GBUU6 C14500,2026-09-04,C,1.45,0.000100000,3,90
2026-08-20,GBU,OPT,GBUU6 C14550,2026-09-04,C,1.455,0.000100000,3,
2026-08-20,GBU,OPT,GBUU6 C14600,2026-09-04,C,1.46,0.000100000,3,83
2026-08-20,GBU,OPT,GBUU6 C14700,2026-09-04,C,1.47,0.000100000,3,168
2026-08-20,GBU,OPT,GBUU6 C14800,2026-09-04,C,1.48,0.000100000,3,33
2026-08-20,GBU,OPT,GBUU6 C14900,2026-09-04,C,1.49,0.000100000,3,
2026-08-20,GBU,OPT,GBUU6 C15000,2026-09-04,C,1.5,0.000100000,3,
2026-08-20,GBU,OPT,GBUU6 C15100,2026-09-04,C,1.51,0.000100000,3,
2026-08-20,GBU,OPT,GBUU6 C15200,2026-09-04,C,1.52,0.000100000,3,
2026-08-20,GBU,OPT,GBUU6 C15300,2026-09-04,C,1.53,0.000100000,3,
2026-08-20,GBU,OPT,GBUU6 C15400,2026-09-04,C,1.54,0.000100000,3,4
2026-08-20,GBU,OPT,GBUU6 C15500,2026-09-04,C,1.55,0.000100000,3,
2026-08-20,GBU,OPT,GBUU6 C15600,2026-09-04,C,1.56,0.000100000,3,
2026-08-20,GBU,OPT,GBUU6 C15700,2026-09-04,C,1.57,0.000100000,3,
2026-08-20,GBU,OPT,GBUU6 C15800,2026-09-04,C,1.58,0.000100000,3,
2026-08-20,GBU,OPT,GBUU6 P10200,2026-09-04,P,1.02,0.000100000,3,4
2026-08-20,GBU,OPT,GBUU6 P10300,2026-09-04,P,1.03,0.000100000,3,
2026-08-20,GBU,OPT,GBUU6 P10400,2026-09-04,P,1.04,0.000100000,3,
2026-08-20,GBU,OPT,GBUU6 P10500,2026-09-04,P,1.05,0.000100000,3,
2026-08-20,GBU,OPT,GBUU6 P10600,2026-09-04,P,1.06,0.000100000,3,
2026-08-20,GBU,OPT,GBUU6 P10700,2026-09-04,P,1.07,0.000100000,3,
2026-08-20,GBU,OPT,GBUU6 P10800,2026-09-04,P,1.08,0.000100000,3,
2026-08-20,GBU,OPT,GBUU6 P10900,2026-09-04,P,1.09,0.000100000,3,
2026-08-20,GBU,OPT,GBUU6 P11000,2026-09-04,P,1.1,0.000100000,3,
2026-08-20,GBU,OPT,GBUU6 P11100,2026-09-04,P,1.11,0.000100000,3,
2026-08-20,GBU,OPT,GBUU6 P11200,2026-09-04,P,1.12,0.000100000,3,
2026-08-20,GBU,OPT,GBUU6 P11300,2026-09-04,P,1.13,0.000100000,3,
2026-08-20,GBU,OPT,GBUU6 P11400,2026-09-04,P,1.14,0.000100000,3,
2026-08-20,GBU,OPT,GBUU6 P11500,2026-09-04,P,1.15,0.000100000,3,20
2026-08-20,GBU,OPT,GBUU6 P11600,2026-09-04,P,1.16,0.000100000,3,19
2026-08-20,GBU,OPT,GBUU6 P11650,2026-09-04,P,1.165,0.000100000,3,
2026-08-20,GBU,OPT,GBUU6 P11700,2026-09-04,P,1.17,0.000100000,3,100
2026-08-20,GBU,OPT,GBUU6 P11750,2026-09-04,P,1.175,0.000100000,3,16
2026-08-20,GBU,OPT,GBUU6 P11800,2026-09-04,P,1.18,0.000100000,3,4
2026-08-20,GBU,OPT,GBUU6 P11850,2026-09-04,P,1.185,0.000100000,3,
2026-08-20,GBU,OPT,GBUU6 P11900,2026-09-04,P,1.19,0.000100000,3,24
2026-08-20,GBU,OPT,GBUU6 P11950,2026-09-04,P,1.195,0.000100000,3,
2026-08-20,GBU,OPT,GBUU6 P12000,2026-09-04,P,1.2,0.000100000,3,84
2026-08-20,GBU,OPT,GBUU6 P12050,2026-09-04,P,1.205,0.000100000,3,15
2026-08-20,GBU,OPT,GBUU6 P12100,2026-09-04,P,1.21,0.000100000,3,3
2026-08-20,GBU,OPT,GBUU6 P12150,2026-09-04,P,1.215,0.000100000,3,
2026-08-20,GBU,OPT,GBUU6 P12200,2026-09-04,P,1.22,0.000100000,3,4
2026-08-20,GBU,OPT,GBUU6 P12250,2026-09-04,P,1.225,0.000100000,3,4
2026-08-20,GBU,OPT,GBUU6 P12300,2026-09-04,P,1.23,0.000100000,3,38
2026-08-20,GBU,OPT,GBUU6 P12350,2026-09-04,P,1.235,0.000100000,3,54
2026-08-20,GBU,OPT,GBUU6 P12400,2026-09-04,P,1.24,0.000100000,3,17
2026-08-20,GBU,OPT,GBUU6 P12450,2026-09-04,P,1.245,0.000100000,3,36
2026-08-20,GBU,OPT,GBUU6 P12500,2026-09-04,P,1.25,0.000100000,3,247
2026-08-20,GBU,OPT,GBUU6 P12550,2026-09-04,P,1.255,0.000100000,3,56
2026-08-20,GBU,OPT,GBUU6 P12600,2026-09-04,P,1.26,0.000100000,3,112
2026-08-20,GBU,OPT,GBUU6 P12650,2026-09-04,P,1.265,0.000100000,3,12
2026-08-20,GBU,OPT,GBUU6 P12700,2026-09-04,P,1.27,0.000100000,3,242
2026-08-20,GBU,OPT,GBUU6 P12750,2026-09-04,P,1.275,0.000100000,3,112
2026-08-20,GBU,OPT,GBUU6 P12800,2026-09-04,P,1.28,0.000100000,3,144
2026-08-20,GBU,OPT,GBUU6 P12850,2026-09-04,P,1.285,0.000100000,3,642
2026-08-20,GBU,OPT,GBUU6 P12900,2026-09-04,P,1.29,0.000100000,3,396
2026-08-20,GBU,OPT,GBUU6 P12950,2026-09-04,P,1.295,0.000100000,3,48
2026-08-20,GBU,OPT,GBUU6 P13000,2026-09-04,P,1.3,0.000100000,3,443
2026-08-20,GBU,OPT,GBUU6 P13050,2026-09-04,P,1.305,0.000100000,3,76
2026-08-20,GBU,OPT,GBUU6 P13100,2026-09-04,P,1.31,0.000100000,3,101
2026-08-20,GBU,OPT,GBUU6 P13150,2026-09-04,P,1.315,0.000100000,3,1531
2026-08-20,GBU,OPT,GBUU6 P13200,2026-09-04,P,1.32,0.000100000,3,1098
2026-08-20,GBU,OPT,GBUU6 P13250,2026-09-04,P,1.325,0.000100000,3,443
2026-08-20,GBU,OPT,GBUU6 P13275,2026-09-04,P,1.3275,0.000200000,3,
2026-08-20,GBU,OPT,GBUU6 P13300,2026-09-04,P,1.33,0.000200000,3,1188
2026-08-20,GBU,OPT,GBUU6 P13325,2026-09-04,P,1.3325,0.000300000,3,27
2026-08-20,GBU,OPT,GBUU6 P13350,2026-09-04,P,1.335,0.000400000,3,1998
2026-08-20,GBU,OPT,GBUU6 P13375,2026-09-04,P,1.3375,0.000500000,3,507
2026-08-20,GBU,OPT,GBUU6 P13400,2026-09-04,P,1.34,0.000600000,3,3036
2026-08-20,GBU,OPT,GBUU6 P13425,2026-09-04,P,1.3425,0.000800000,3,281
2026-08-20,GBU,OPT,GBUU6 P13450,2026-09-04,P,1.345,0.001000000,3,545
2026-08-20,GBU,OPT,GBUU6 P13475,2026-09-04,P,1.3475,0.001300000,3,140
2026-08-20,GBU,OPT,GBUU6 P13500,2026-09-04,P,1.35,0.001700000,3,74
2026-08-20,GBU,OPT,GBUU6 P13525,2026-09-04,P,1.3525,0.002300000,3,219
2026-08-20,GBU,OPT,GBUU6 P13550,2026-09-04,P,1.355,0.002900000,3,69
2026-08-20,GBU,OPT,GBUU6 P13575,2026-09-04,P,1.3575,0.003700000,3,
2026-08-20,GBU,OPT,GBUU6 P13600,2026-09-04,P,1.36,0.004700000,3,658
2026-08-20,GBU,OPT,GBUU6 P13625,2026-09-04,P,1.3625,0.005900000,3,
2026-08-20,GBU,OPT,GBUU6 P13650,2026-09-04,P,1.365,0.007200000,3,5
2026-08-20,GBU,OPT,GBUU6 P13675,2026-09-04,P,1.3675,0.008700000,3,
2026-08-20,GBU,OPT,GBUU6 P13700,2026-09-04,P,1.37,0.010300000,3,7
2026-08-20,GBU,OPT,GBUU6 P13725,2026-09-04,P,1.3725,0.012200000,3,
2026-08-20,GBU,OPT,GBUU6 P13750,2026-09-04,P,1.375,0.014200000,3,1
2026-08-20,GBU,OPT,GBUU6 P13775,2026-09-04,P,1.3775,0.016300000,3,
2026-08-20,GBU,OPT,GBUU6 P13800,2026-09-04,P,1.38,0.018500000,3,6
2026-08-20,GBU,OPT,GBUU6 P13825,2026-09-04,P,1.3825,0.000000000,1,
2026-08-20,GBU,OPT,GBUU6 P13850,2026-09-04,P,1.385,0.023000000,3,
2026-08-20,GBU,OPT,GBUU6 P13900,2026-09-04,P,1.39,0.027700000,3,4
2026-08-20,GBU,OPT,GBUU6 P13950,2026-09-04,P,1.395,0.032500000,3,
2026-08-20,GBU,OPT,GBUU6 P14000,2026-09-04,P,1.4,0.037500000,3,1
2026-08-20,GBU,OPT,GBUU6 P14050,2026-09-04,P,1.405,0.042300000,3,1
2026-08-20,GBU,OPT,GBUU6 P14100,2026-09-04,P,1.41,0.047300000,3,
2026-08-20,GBU,OPT,GBUU6 P14150,2026-09-04,P,1.415,0.052200000,3,
2026-08-20,GBU,OPT,GBUU6 P14200,2026-09-04,P,1.42,0.057100000,3,
2026-08-20,GBU,OPT,GBUU6 P14250,2026-09-04,P,1.425,0.062100000,3,
2026-08-20,GBU,OPT,GBUU6 P14300,2026-09-04,P,1.43,0.067100000,3,
2026-08-20,GBU,OPT,GBUU6 P14350,2026-09-04,P,1.435,0.072100000,3,
2026-08-20,GBU,OPT,GBUU6 P14400,2026-09-04,P,1.44,0.077100000,3,
2026-08-20,GBU,OPT,GBUU6 P14450,2026-09-04,P,1.445,0.082100000,3,
2026-08-20,GBU,OPT,GBUU6 P14500,2026-09-04,P,1.45,0.087100000,3,
2026-08-20,GBU,OPT,GBUU6 P14550,2026-09-04,P,1.455,0.092100000,3,
2026-08-20,GBU,OPT,GBUU6 P14600,2026-09-04,P,1.46,0.097100000,3,1
2026-08-20,GBU,OPT,GBUU6 P14700,2026-09-04,P,1.47,0.107000000,3,1
2026-08-20,GBU,OPT,GBUU6 P14800,2026-09-04,P,1.48,0.117000000,3,
2026-08-20,GBU,OPT,GBUU6 P14900,2026-09-04,P,1.49,0.127000000,3,
2026-08-20,GBU,OPT,GBUU6 P15000,2026-09-04,P,1.5,0.137000000,3,560
2026-08-20,GBU,OPT,GBUU6 P15100,2026-09-04,P,1.51,0.147000000,3,
2026-08-20,GBU,OPT,GBUU6 P15200,2026-09-04,P,1.52,0.157000000,3,
2026-08-20,GBU,OPT,GBUU6 P15300,2026-09-04,P,1.53,0.167000000,3,
2026-08-20,GBU,OPT,GBUU6 P15400,2026-09-04,P,1.54,0.176900000,3,
2026-08-20,GBU,OPT,GBUU6 P15500,2026-09-04,P,1.55,0.186900000,3,
2026-08-20,GBU,OPT,GBUU6 P15600,2026-09-04,P,1.56,0.196900000,3,
2026-08-20,GBU,OPT,GBUU6 P15700,2026-09-04,P,1.57,0.206900000,3,
2026-08-20,GBU,OPT,GBUU6 P15800,2026-09-04,P,1.58,0.216900000,3,
2026-08-20,GBU,OPT,GBUV6 C11000,2026-10-09,C,1.1,0.261400000,3,
2026-08-20,GBU,OPT,GBUV6 C11100,2026-10-09,C,1.11,0.251400000,3,
2026-08-20,GBU,OPT,GBUV6 C11200,2026-10-09,C,1.12,0.241500000,3,
2026-08-20,GBU,OPT,GBUV6 C11300,2026-10-09,C,1.13,0.231500000,3,
2026-08-20,GBU,OPT,GBUV6 C11400,2026-10-09,C,1.14,0.221600000,3,
2026-08-20,GBU,OPT,GBUV6 C11500,2026-10-09,C,1.15,0.211600000,3,
2026-08-20,GBU,OPT,GBUV6 C11600,2026-10-09,C,1.16,0.201700000,3,
2026-08-20,GBU,OPT,GBUV6 C11700,2026-10-09,C,1.17,0.191700000,3,
2026-08-20,GBU,OPT,GBUV6 C11800,2026-10-09,C,1.18,0.181800000,3,
2026-08-20,GBU,OPT,GBUV6 C11900,2026-10-09,C,1.19,0.171800000,3,
2026-08-20,GBU,OPT,GBUV6 C12000,2026-10-09,C,1.2,0.161900000,3,
2026-08-20,GBU,OPT,GBUV6 C12100,2026-10-09,C,1.21,0.151900000,3,
2026-08-20,GBU,OPT,GBUV6 C12200,2026-10-09,C,1.22,0.142000000,3,
2026-08-20,GBU,OPT,GBUV6 C12300,2026-10-09,C,1.23,0.132000000,3,
2026-08-20,GBU,OPT,GBUV6 C12400,2026-10-09,C,1.24,0.122100000,3,1
2026-08-20,GBU,OPT,GBUV6 C12500,2026-10-09,C,1.25,0.112200000,3,1
2026-08-20,GBU,OPT,GBUV6 C12550,2026-10-09,C,1.255,0.107200000,3,
2026-08-20,GBU,OPT,GBUV6 C12600,2026-10-09,C,1.26,0.102300000,3,
2026-08-20,GBU,OPT,GBUV6 C12650,2026-10-09,C,1.265,0.097300000,3,
2026-08-20,GBU,OPT,GBUV6 C12700,2026-10-09,C,1.27,0.092400000,3,
2026-08-20,GBU,OPT,GBUV6 C12750,2026-10-09,C,1.275,0.087400000,3,
2026-08-20,GBU,OPT,GBUV6 C12800,2026-10-09,C,1.28,0.082500000,3,
2026-08-20,GBU,OPT,GBUV6 C12850,2026-10-09,C,1.285,0.077500000,3,
2026-08-20,GBU,OPT,GBUV6 C12900,2026-10-09,C,1.29,0.072600000,3,2
2026-08-20,GBU,OPT,GBUV6 C12950,2026-10-09,C,1.295,0.067700000,3,
2026-08-20,GBU,OPT,GBUV6 C13000,2026-10-09,C,1.3,0.062800000,3,1
2026-08-20,GBU,OPT,GBUV6 C13050,2026-10-09,C,1.305,0.058000000,3,3
2026-08-20,GBU,OPT,GBUV6 C13100,2026-10-09,C,1.31,0.053200000,3,42
2026-08-20,GBU,OPT,GBUV6 C13150,2026-10-09,C,1.315,0.048400000,3,1
2026-08-20,GBU,OPT,GBUV6 C13200,2026-10-09,C,1.32,0.043800000,3,501
2026-08-20,GBU,OPT,GBUV6 C13250,2026-10-09,C,1.325,0.039200000,3,1
2026-08-20,GBU,OPT,GBUV6 C13300,2026-10-09,C,1.33,0.034800000,3,3
2026-08-20,GBU,OPT,GBUV6 C13350,2026-10-09,C,1.335,0.030500000,3,54
2026-08-20,GBU,OPT,GBUV6 C13400,2026-10-09,C,1.34,0.026400000,3,803
2026-08-20,GBU,OPT,GBUV6 C13450,2026-10-09,C,1.345,0.022600000,3,62
2026-08-20,GBU,OPT,GBUV6 C13500,2026-10-09,C,1.35,0.019000000,3,1346
2026-08-20,GBU,OPT,GBUV6 C13550,2026-10-09,C,1.355,0.015700000,3,693
2026-08-20,GBU,OPT,GBUV6 C13600,2026-10-09,C,1.36,0.012800000,3,1802
2026-08-20,GBU,OPT,GBUV6 C13650,2026-10-09,C,1.365,0.010200000,3,1002
2026-08-20,GBU,OPT,GBUV6 C13700,2026-10-09,C,1.37,0.008100000,3,1470
2026-08-20,GBU,OPT,GBUV6 C13750,2026-10-09,C,1.375,0.006300000,3,545
2026-08-20,GBU,OPT,GBUV6 C13800,2026-10-09,C,1.38,0.004900000,3,160
2026-08-20,GBU,OPT,GBUV6 C13850,2026-10-09,C,1.385,0.003800000,3,64
2026-08-20,GBU,OPT,GBUV6 C13900,2026-10-09,C,1.39,0.002900000,3,63
2026-08-20,GBU,OPT,GBUV6 C13950,2026-10-09,C,1.395,0.002200000,3,20
2026-08-20,GBU,OPT,GBUV6 C14000,2026-10-09,C,1.4,0.001700000,3,47
2026-08-20,GBU,OPT,GBUV6 C14050,2026-10-09,C,1.405,0.001300000,3,15
2026-08-20,GBU,OPT,GBUV6 C14100,2026-10-09,C,1.41,0.001000000,3,10
2026-08-20,GBU,OPT,GBUV6 C14150,2026-10-09,C,1.415,0.000800000,3,3
2026-08-20,GBU,OPT,GBUV6 C14200,2026-10-09,C,1.42,0.000500000,3,4
2026-08-20,GBU,OPT,GBUV6 C14250,2026-10-09,C,1.425,0.000400000,3,3
2026-08-20,GBU,OPT,GBUV6 C14300,2026-10-09,C,1.43,0.000300000,3,4
2026-08-20,GBU,OPT,GBUV6 C14400,2026-10-09,C,1.44,0.000100000,3,80
2026-08-20,GBU,OPT,GBUV6 C14500,2026-10-09,C,1.45,0.000100000,3,12
2026-08-20,GBU,OPT,GBUV6 C14600,2026-10-09,C,1.46,0.000100000,3,2
2026-08-20,GBU,OPT,GBUV6 C14700,2026-10-09,C,1.47,0.000100000,3,1
2026-08-20,GBU,OPT,GBUV6 C14800,2026-10-09,C,1.48,0.000100000,3,
2026-08-20,GBU,OPT,GBUV6 C14900,2026-10-09,C,1.49,0.000100000,3,15
2026-08-20,GBU,OPT,GBUV6 C15000,2026-10-09,C,1.5,0.000100000,3,36
2026-08-20,GBU,OPT,GBUV6 C15100,2026-10-09,C,1.51,0.000100000,3,
2026-08-20,GBU,OPT,GBUV6 C15200,2026-10-09,C,1.52,0.000100000,3,
2026-08-20,GBU,OPT,GBUV6 C15300,2026-10-09,C,1.53,0.000100000,3,
2026-08-20,GBU,OPT,GBUV6 C15400,2026-10-09,C,1.54,0.000100000,3,
2026-08-20,GBU,OPT,GBUV6 C15500,2026-10-09,C,1.55,0.000100000,3,1
2026-08-20,GBU,OPT,GBUV6 C15600,2026-10-09,C,1.56,0.000100000,3,
2026-08-20,GBU,OPT,GBUV6 C15700,2026-10-09,C,1.57,0.000100000,3,
2026-08-20,GBU,OPT,GBUV6 C15800,2026-10-09,C,1.58,0.000100000,3,
2026-08-20,GBU,OPT,GBUV6 P11000,2026-10-09,P,1.1,0.000100000,3,
2026-08-20,GBU,OPT,GBUV6 P11100,2026-10-09,P,1.11,0.000100000,3,
2026-08-20,GBU,OPT,GBUV6 P11200,2026-10-09,P,1.12,0.000100000,3,15
2026-08-20,GBU,OPT,GBUV6 P11300,2026-10-09,P,1.13,0.000100000,3,1
2026-08-20,GBU,OPT,GBUV6 P11400,2026-10-09,P,1.14,0.000100000,3,27
2026-08-20,GBU,OPT,GBUV6 P11500,2026-10-09,P,1.15,0.000100000,3,17
2026-08-20,GBU,OPT,GBUV6 P11600,2026-10-09,P,1.16,0.000100000,3,15
2026-08-20,GBU,OPT,GBUV6 P11700,2026-10-09,P,1.17,0.000100000,3,15
2026-08-20,GBU,OPT,GBUV6 P11800,2026-10-09,P,1.18,0.000100000,3,15
2026-08-20,GBU,OPT,GBUV6 P11900,2026-10-09,P,1.19,0.000100000,3,15
2026-08-20,GBU,OPT,GBUV6 P12000,2026-10-09,P,1.2,0.000100000,3,16
2026-08-20,GBU,OPT,GBUV6 P12100,2026-10-09,P,1.21,0.000100000,3,
2026-08-20,GBU,OPT,GBUV6 P12200,2026-10-09,P,1.22,0.000100000,3,1
2026-08-20,GBU,OPT,GBUV6 P12300,2026-10-09,P,1.23,0.000100000,3,1
2026-08-20,GBU,OPT,GBUV6 P12400,2026-10-09,P,1.24,0.000100000,3,2
2026-08-20,GBU,OPT,GBUV6 P12500,2026-10-09,P,1.25,0.000100000,3,3
2026-08-20,GBU,OPT,GBUV6 P12550,2026-10-09,P,1.255,0.000100000,3,67
2026-08-20,GBU,OPT,GBUV6 P12600,2026-10-09,P,1.26,0.000100000,3,12
2026-08-20,GBU,OPT,GBUV6 P12650,2026-10-09,P,1.265,0.000100000,3,11
2026-08-20,GBU,OPT,GBUV6 P12700,2026-10-09,P,1.27,0.000100000,3,22
2026-08-20,GBU,OPT,GBUV6 P12750,2026-10-09,P,1.275,0.000100000,3,6
2026-08-20,GBU,OPT,GBUV6 P12800,2026-10-09,P,1.28,0.000200000,3,7
2026-08-20,GBU,OPT,GBUV6 P12850,2026-10-09,P,1.285,0.000200000,3,23
2026-08-20,GBU,OPT,GBUV6 P12900,2026-10-09,P,1.29,0.000300000,3,49
2026-08-20,GBU,OPT,GBUV6 P12950,2026-10-09,P,1.295,0.000400000,3,52
2026-08-20,GBU,OPT,GBUV6 P13000,2026-10-09,P,1.3,0.000400000,3,117
2026-08-20,GBU,OPT,GBUV6 P13050,2026-10-09,P,1.305,0.000600000,3,421
2026-08-20,GBU,OPT,GBUV6 P13100,2026-10-09,P,1.31,0.000800000,3,236
2026-08-20,GBU,OPT,GBUV6 P13150,2026-10-09,P,1.315,0.001000000,3,220
2026-08-20,GBU,OPT,GBUV6 P13200,2026-10-09,P,1.32,0.001300000,3,414
2026-08-20,GBU,OPT,GBUV6 P13250,2026-10-09,P,1.325,0.001700000,3,1349
2026-08-20,GBU,OPT,GBUV6 P13300,2026-10-09,P,1.33,0.002200000,3,1058
2026-08-20,GBU,OPT,GBUV6 P13350,2026-10-09,P,1.335,0.002900000,3,1313
2026-08-20,GBU,OPT,GBUV6 P13400,2026-10-09,P,1.34,0.003800000,3,2212
2026-08-20,GBU,OPT,GBUV6 P13450,2026-10-09,P,1.345,0.004900000,3,883
2026-08-20,GBU,OPT,GBUV6 P13500,2026-10-09,P,1.35,0.006300000,3,400
2026-08-20,GBU,OPT,GBUV6 P13550,2026-10-09,P,1.355,0.008000000,3,1888
2026-08-20,GBU,OPT,GBUV6 P13600,2026-10-09,P,1.36,0.010100000,3,1822
2026-08-20,GBU,OPT,GBUV6 P13650,2026-10-09,P,1.365,0.012500000,3,
2026-08-20,GBU,OPT,GBUV6 P13700,2026-10-09,P,1.37,0.015400000,3,1
2026-08-20,GBU,OPT,GBUV6 P13750,2026-10-09,P,1.375,0.018600000,3,
2026-08-20,GBU,OPT,GBUV6 P13800,2026-10-09,P,1.38,0.022100000,3,
2026-08-20,GBU,OPT,GBUV6 P13850,2026-10-09,P,1.385,0.026000000,3,
2026-08-20,GBU,OPT,GBUV6 P13900,2026-10-09,P,1.39,0.030100000,3,1
2026-08-20,GBU,OPT,GBUV6 P13950,2026-10-09,P,1.395,0.034400000,3,
2026-08-20,GBU,OPT,GBUV6 P14000,2026-10-09,P,1.4,0.038800000,3,
2026-08-20,GBU,OPT,GBUV6 P14050,2026-10-09,P,1.405,0.043400000,3,
2026-08-20,GBU,OPT,GBUV6 P14100,2026-10-09,P,1.41,0.048100000,3,1
2026-08-20,GBU,OPT,GBUV6 P14150,2026-10-09,P,1.415,0.052800000,3,
2026-08-20,GBU,OPT,GBUV6 P14200,2026-10-09,P,1.42,0.057600000,3,
2026-08-20,GBU,OPT,GBUV6 P14250,2026-10-09,P,1.425,0.062400000,3,
2026-08-20,GBU,OPT,GBUV6 P14300,2026-10-09,P,1.43,0.067200000,3,
2026-08-20,GBU,OPT,GBUV6 P14400,2026-10-09,P,1.44,0.077000000,3,
2026-08-20,GBU,OPT,GBUV6 P14500,2026-10-09,P,1.45,0.086900000,3,
2026-08-20,GBU,OPT,GBUV6 P14600,2026-10-09,P,1.46,0.096800000,3,
2026-08-20,GBU,OPT,GBUV6 P14700,2026-10-09,P,1.47,0.106800000,3,
2026-08-20,GBU,OPT,GBUV6 P14800,2026-10-09,P,1.48,0.116700000,3,
2026-08-20,GBU,OPT,GBUV6 P14900,2026-10-09,P,1.49,0.126700000,3,
2026-08-20,GBU,OPT,GBUV6 P15000,2026-10-09,P,1.5,0.136600000,3,
2026-08-20,GBU,OPT,GBUV6 P15100,2026-10-09,P,1.51,0.146600000,3,
2026-08-20,GBU,OPT,GBUV6 P15200,2026-10-09,P,1.52,0.156500000,3,
2026-08-20,GBU,OPT,GBUV6 P15300,2026-10-09,P,1.53,0.166500000,3,
2026-08-20,GBU,OPT,GBUV6 P15400,2026-10-09,P,1.54,0.176400000,3,
2026-08-20,GBU,OPT,GBUV6 P15500,2026-10-09,P,1.55,0.186400000,3,
2026-08-20,GBU,OPT,GBUV6 P15600,2026-10-09,P,1.56,0.196300000,3,
2026-08-20,GBU,OPT,GBUV6 P15700,2026-10-09,P,1.57,0.206300000,3,
2026-08-20,GBU,OPT,GBUV6 P15800,2026-10-09,P,1.58,0.216200000,3,
2026-08-20,GBU,OPT,GBUX6 C11100,2026-11-06,C,1.11,0.250700000,3,
2026-08-20,GBU,OPT,GBUX6 C11200,2026-11-06,C,1.12,0.240800000,3,
2026-08-20,GBU,OPT,GBUX6 C11300,2026-11-06,C,1.13,0.230900000,3,
2026-08-20,GBU,OPT,GBUX6 C11400,2026-11-06,C,1.14,0.221000000,3,
2026-08-20,GBU,OPT,GBUX6 C11500,2026-11-06,C,1.15,0.211100000,3,
2026-08-20,GBU,OPT,GBUX6 C11600,2026-11-06,C,1.16,0.201200000,3,
2026-08-20,GBU,OPT,GBUX6 C11700,2026-11-06,C,1.17,0.191300000,3,
2026-08-20,GBU,OPT,GBUX6 C11800,2026-11-06,C,1.18,0.181400000,3,
2026-08-20,GBU,OPT,GBUX6 C11900,2026-11-06,C,1.19,0.171400000,3,
2026-08-20,GBU,OPT,GBUX6 C12000,2026-11-06,C,1.2,0.161600000,3,
2026-08-20,GBU,OPT,GBUX6 C12100,2026-11-06,C,1.21,0.151700000,3,
2026-08-20,GBU,OPT,GBUX6 C12200,2026-11-06,C,1.22,0.141900000,3,
2026-08-20,GBU,OPT,GBUX6 C12300,2026-11-06,C,1.23,0.132000000,3,
2026-08-20,GBU,OPT,GBUX6 C12400,2026-11-06,C,1.24,0.122100000,3,
2026-08-20,GBU,OPT,GBUX6 C12500,2026-11-06,C,1.25,0.112200000,3,1
2026-08-20,GBU,OPT,GBUX6 C12550,2026-11-06,C,1.255,0.107300000,3,
2026-08-20,GBU,OPT,GBUX6 C12600,2026-11-06,C,1.26,0.102400000,3,
2026-08-20,GBU,OPT,GBUX6 C12650,2026-11-06,C,1.265,0.097500000,3,
2026-08-20,GBU,OPT,GBUX6 C12700,2026-11-06,C,1.27,0.092600000,3,
2026-08-20,GBU,OPT,GBUX6 C12750,2026-11-06,C,1.275,0.087700000,3,
2026-08-20,GBU,OPT,GBUX6 C12800,2026-11-06,C,1.28,0.082900000,3,
2026-08-20,GBU,OPT,GBUX6 C12850,2026-11-06,C,1.285,0.078000000,3,
2026-08-20,GBU,OPT,GBUX6 C12900,2026-11-06,C,1.29,0.073200000,3,
2026-08-20,GBU,OPT,GBUX6 C12950,2026-11-06,C,1.295,0.068500000,3,
2026-08-20,GBU,OPT,GBUX6 C13000,2026-11-06,C,1.3,0.063800000,3,6
2026-08-20,GBU,OPT,GBUX6 C13050,2026-11-06,C,1.305,0.059200000,3,
2026-08-20,GBU,OPT,GBUX6 C13100,2026-11-06,C,1.31,0.054600000,3,
2026-08-20,GBU,OPT,GBUX6 C13150,2026-11-06,C,1.315,0.050200000,3,
2026-08-20,GBU,OPT,GBUX6 C13200,2026-11-06,C,1.32,0.045800000,3,13
2026-08-20,GBU,OPT,GBUX6 C13250,2026-11-06,C,1.325,0.041500000,3,16
2026-08-20,GBU,OPT,GBUX6 C13300,2026-11-06,C,1.33,0.037400000,3,5
2026-08-20,GBU,OPT,GBUX6 C13350,2026-11-06,C,1.335,0.033400000,3,41
2026-08-20,GBU,OPT,GBUX6 C13400,2026-11-06,C,1.34,0.029500000,3,800
2026-08-20,GBU,OPT,GBUX6 C13450,2026-11-06,C,1.345,0.025900000,3,193
2026-08-20,GBU,OPT,GBUX6 C13500,2026-11-06,C,1.35,0.022600000,3,89
2026-08-20,GBU,OPT,GBUX6 C13550,2026-11-06,C,1.355,0.019400000,3,243
2026-08-20,GBU,OPT,GBUX6 C13600,2026-11-06,C,1.36,0.016600000,3,149
2026-08-20,GBU,OPT,GBUX6 C13650,2026-11-06,C,1.365,0.014000000,3,306
2026-08-20,GBU,OPT,GBUX6 C13700,2026-11-06,C,1.37,0.011800000,3,323
2026-08-20,GBU,OPT,GBUX6 C13750,2026-11-06,C,1.375,0.009800000,3,1
2026-08-20,GBU,OPT,GBUX6 C13800,2026-11-06,C,1.38,0.008100000,3,13
2026-08-20,GBU,OPT,GBUX6 C13850,2026-11-06,C,1.385,0.006700000,3,5
2026-08-20,GBU,OPT,GBUX6 C13900,2026-11-06,C,1.39,0.005500000,3,8
2026-08-20,GBU,OPT,GBUX6 C13950,2026-11-06,C,1.395,0.004500000,3,1
2026-08-20,GBU,OPT,GBUX6 C14000,2026-11-06,C,1.4,0.003600000,3,26
2026-08-20,GBU,OPT,GBUX6 C14050,2026-11-06,C,1.405,0.002900000,3,
2026-08-20,GBU,OPT,GBUX6 C14100,2026-11-06,C,1.41,0.002400000,3,16
2026-08-20,GBU,OPT,GBUX6 C14150,2026-11-06,C,1.415,0.001900000,3,23
2026-08-20,GBU,OPT,GBUX6 C14200,2026-11-06,C,1.42,0.001500000,3,19
2026-08-20,GBU,OPT,GBUX6 C14250,2026-11-06,C,1.425,0.001200000,3,16
2026-08-20,GBU,OPT,GBUX6 C14300,2026-11-06,C,1.43,0.001000000,3,1522
2026-08-20,GBU,OPT,GBUX6 C14400,2026-11-06,C,1.44,0.000700000,3,1
2026-08-20,GBU,OPT,GBUX6 C14500,2026-11-06,C,1.45,0.000500000,3,16
2026-08-20,GBU,OPT,GBUX6 C14600,2026-11-06,C,1.46,0.000300000,3,16
2026-08-20,GBU,OPT,GBUX6 C14700,2026-11-06,C,1.47,0.000200000,3,17
2026-08-20,GBU,OPT,GBUX6 C14800,2026-11-06,C,1.48,0.000100000,3,18
2026-08-20,GBU,OPT,GBUX6 C14900,2026-11-06,C,1.49,0.000100000,3,18
2026-08-20,GBU,OPT,GBUX6 C15000,2026-11-06,C,1.5,0.000100000,3,19
2026-08-20,GBU,OPT,GBUX6 C15100,2026-11-06,C,1.51,0.000100000,3,15
2026-08-20,GBU,OPT,GBUX6 C15200,2026-11-06,C,1.52,0.000100000,3,
2026-08-20,GBU,OPT,GBUX6 C15300,2026-11-06,C,1.53,0.000100000,3,
2026-08-20,GBU,OPT,GBUX6 C15400,2026-11-06,C,1.54,0.000100000,3,
2026-08-20,GBU,OPT,GBUX6 C15500,2026-11-06,C,1.55,0.000100000,3,
2026-08-20,GBU,OPT,GBUX6 C15600,2026-11-06,C,1.56,0.000100000,3,
2026-08-20,GBU,OPT,GBUX6 C15700,2026-11-06,C,1.57,0.000100000,3,
2026-08-20,GBU,OPT,GBUX6 C15800,2026-11-06,C,1.58,0.000100000,3,
2026-08-20,GBU,OPT,GBUX6 P11100,2026-11-06,P,1.11,0.000100000,3,
2026-08-20,GBU,OPT,GBUX6 P11200,2026-11-06,P,1.12,0.000100000,3,
2026-08-20,GBU,OPT,GBUX6 P11300,2026-11-06,P,1.13,0.000100000,3,1
2026-08-20,GBU,OPT,GBUX6 P11400,2026-11-06,P,1.14,0.000100000,3,1
2026-08-20,GBU,OPT,GBUX6 P11500,2026-11-06,P,1.15,0.000100000,3,
2026-08-20,GBU,OPT,GBUX6 P11600,2026-11-06,P,1.16,0.000100000,3,
2026-08-20,GBU,OPT,GBUX6 P11700,2026-11-06,P,1.17,0.000100000,3,
2026-08-20,GBU,OPT,GBUX6 P11800,2026-11-06,P,1.18,0.000100000,3,15
2026-08-20,GBU,OPT,GBUX6 P11900,2026-11-06,P,1.19,0.000100000,3,15
2026-08-20,GBU,OPT,GBUX6 P12000,2026-11-06,P,1.2,0.000100000,3,16
2026-08-20,GBU,OPT,GBUX6 P12100,2026-11-06,P,1.21,0.000200000,3,18
2026-08-20,GBU,OPT,GBUX6 P12200,2026-11-06,P,1.22,0.000300000,3,16
2026-08-20,GBU,OPT,GBUX6 P12300,2026-11-06,P,1.23,0.000300000,3,4
2026-08-20,GBU,OPT,GBUX6 P12400,2026-11-06,P,1.24,0.000400000,3,7
2026-08-20,GBU,OPT,GBUX6 P12500,2026-11-06,P,1.25,0.000400000,3,2
2026-08-20,GBU,OPT,GBUX6 P12550,2026-11-06,P,1.255,0.000400000,3,3
2026-08-20,GBU,OPT,GBUX6 P12600,2026-11-06,P,1.26,0.000500000,3,7
2026-08-20,GBU,OPT,GBUX6 P12650,2026-11-06,P,1.265,0.000500000,3,
2026-08-20,GBU,OPT,GBUX6 P12700,2026-11-06,P,1.27,0.000600000,3,10
2026-08-20,GBU,OPT,GBUX6 P12750,2026-11-06,P,1.275,0.000700000,3,8
2026-08-20,GBU,OPT,GBUX6 P12800,2026-11-06,P,1.28,0.000800000,3,22
2026-08-20,GBU,OPT,GBUX6 P12850,2026-11-06,P,1.285,0.000900000,3,27
2026-08-20,GBU,OPT,GBUX6 P12900,2026-11-06,P,1.29,0.001100000,3,3
2026-08-20,GBU,OPT,GBUX6 P12950,2026-11-06,P,1.295,0.001300000,3,650
2026-08-20,GBU,OPT,GBUX6 P13000,2026-11-06,P,1.3,0.001600000,3,23
2026-08-20,GBU,OPT,GBUX6 P13050,2026-11-06,P,1.305,0.001900000,3,7
2026-08-20,GBU,OPT,GBUX6 P13100,2026-11-06,P,1.31,0.002300000,3,17
2026-08-20,GBU,OPT,GBUX6 P13150,2026-11-06,P,1.315,0.002800000,3,9
2026-08-20,GBU,OPT,GBUX6 P13200,2026-11-06,P,1.32,0.003400000,3,22
2026-08-20,GBU,OPT,GBUX6 P13250,2026-11-06,P,1.325,0.004100000,3,52
2026-08-20,GBU,OPT,GBUX6 P13300,2026-11-06,P,1.33,0.004900000,3,6
2026-08-20,GBU,OPT,GBUX6 P13350,2026-11-06,P,1.335,0.005900000,3,43
2026-08-20,GBU,OPT,GBUX6 P13400,2026-11-06,P,1.34,0.007000000,3,70
2026-08-20,GBU,OPT,GBUX6 P13450,2026-11-06,P,1.345,0.008400000,3,6
2026-08-20,GBU,OPT,GBUX6 P13500,2026-11-06,P,1.35,0.010000000,3,108
2026-08-20,GBU,OPT,GBUX6 P13550,2026-11-06,P,1.355,0.011800000,3,3
2026-08-20,GBU,OPT,GBUX6 P13600,2026-11-06,P,1.36,0.013900000,3,152
2026-08-20,GBU,OPT,GBUX6 P13650,2026-11-06,P,1.365,0.016300000,3,422
2026-08-20,GBU,OPT,GBUX6 P13700,2026-11-06,P,1.37,0.019000000,3,66
2026-08-20,GBU,OPT,GBUX6 P13750,2026-11-06,P,1.375,0.022000000,3,
2026-08-20,GBU,OPT,GBUX6 P13800,2026-11-06,P,1.38,0.025300000,3,
2026-08-20,GBU,OPT,GBUX6 P13850,2026-11-06,P,1.385,0.028800000,3,
2026-08-20,GBU,OPT,GBUX6 P13900,2026-11-06,P,1.39,0.032600000,3,
2026-08-20,GBU,OPT,GBUX6 P13950,2026-11-06,P,1.395,0.036500000,3,
2026-08-20,GBU,OPT,GBUX6 P14000,2026-11-06,P,1.4,0.040600000,3,
2026-08-20,GBU,OPT,GBUX6 P14050,2026-11-06,P,1.405,0.044900000,3,
2026-08-20,GBU,OPT,GBUX6 P14100,2026-11-06,P,1.41,0.049300000,3,
2026-08-20,GBU,OPT,GBUX6 P14150,2026-11-06,P,1.415,0.053800000,3,
2026-08-20,GBU,OPT,GBUX6 P14200,2026-11-06,P,1.42,0.058400000,3,1
2026-08-20,GBU,OPT,GBUX6 P14250,2026-11-06,P,1.425,0.063000000,3,
2026-08-20,GBU,OPT,GBUX6 P14300,2026-11-06,P,1.43,0.067800000,3,
2026-08-20,GBU,OPT,GBUX6 P14400,2026-11-06,P,1.44,0.077400000,3,1
2026-08-20,GBU,OPT,GBUX6 P14500,2026-11-06,P,1.45,0.087100000,3,
2026-08-20,GBU,OPT,GBUX6 P14600,2026-11-06,P,1.46,0.096800000,3,
2026-08-20,GBU,OPT,GBUX6 P14700,2026-11-06,P,1.47,0.106600000,3,
2026-08-20,GBU,OPT,GBUX6 P14800,2026-11-06,P,1.48,0.116500000,3,
2026-08-20,GBU,OPT,GBUX6 P14900,2026-11-06,P,1.49,0.126300000,3,
2026-08-20,GBU,OPT,GBUX6 P15000,2026-11-06,P,1.5,0.136200000,3,
2026-08-20,GBU,OPT,GBUX6 P15100,2026-11-06,P,1.51,0.146100000,3,
2026-08-20,GBU,OPT,GBUX6 P15200,2026-11-06,P,1.52,0.156100000,3,
2026-08-20,GBU,OPT,GBUX6 P15300,2026-11-06,P,1.53,0.166000000,3,
2026-08-20,GBU,OPT,GBUX6 P15400,2026-11-06,P,1.54,0.175900000,3,
2026-08-20,GBU,OPT,GBUX6 P15500,2026-11-06,P,1.55,0.185800000,3,
2026-08-20,GBU,OPT,GBUX6 P15600,2026-11-06,P,1.56,0.195800000,3,
2026-08-20,GBU,OPT,GBUX6 P15700,2026-11-06,P,1.57,0.205700000,3,
2026-08-20,GBU,OPT,GBUX6 P15800,2026-11-06,P,1.58,0.215600000,3,
2026-08-20,GBU,OPT,GBUZ6 C10200,2026-12-04,C,1.02,0.339000000,3,
2026-08-20,GBU,OPT,GBUZ6 C10300,2026-12-04,C,1.03,0.329100000,3,
2026-08-20,GBU,OPT,GBUZ6 C10400,2026-12-04,C,1.04,0.319200000,3,
2026-08-20,GBU,OPT,GBUZ6 C10500,2026-12-04,C,1.05,0.309300000,3,
2026-08-20,GBU,OPT,GBUZ6 C10600,2026-12-04,C,1.06,0.299400000,3,
2026-08-20,GBU,OPT,GBUZ6 C10700,2026-12-04,C,1.07,0.289600000,3,
2026-08-20,GBU,OPT,GBUZ6 C10800,2026-12-04,C,1.08,0.279700000,3,
2026-08-20,GBU,OPT,GBUZ6 C10900,2026-12-04,C,1.09,0.269800000,3,
2026-08-20,GBU,OPT,GBUZ6 C11000,2026-12-04,C,1.1,0.259900000,3,
2026-08-20,GBU,OPT,GBUZ6 C11100,2026-12-04,C,1.11,0.250100000,3,
2026-08-20,GBU,OPT,GBUZ6 C11200,2026-12-04,C,1.12,0.240200000,3,
2026-08-20,GBU,OPT,GBUZ6 C11300,2026-12-04,C,1.13,0.230300000,3,
2026-08-20,GBU,OPT,GBUZ6 C11400,2026-12-04,C,1.14,0.220400000,3,
2026-08-20,GBU,OPT,GBUZ6 C11500,2026-12-04,C,1.15,0.210600000,3,
2026-08-20,GBU,OPT,GBUZ6 C11600,2026-12-04,C,1.16,0.200700000,3,
2026-08-20,GBU,OPT,GBUZ6 C11650,2026-12-04,C,1.165,0.195800000,3,
2026-08-20,GBU,OPT,GBUZ6 C11700,2026-12-04,C,1.17,0.190900000,3,
2026-08-20,GBU,OPT,GBUZ6 C11750,2026-12-04,C,1.175,0.185900000,3,
2026-08-20,GBU,OPT,GBUZ6 C11800,2026-12-04,C,1.18,0.181000000,3,
2026-08-20,GBU,OPT,GBUZ6 C11850,2026-12-04,C,1.185,0.176100000,3,
2026-08-20,GBU,OPT,GBUZ6 C11900,2026-12-04,C,1.19,0.171200000,3,
2026-08-20,GBU,OPT,GBUZ6 C11950,2026-12-04,C,1.195,0.166200000,3,
2026-08-20,GBU,OPT,GBUZ6 C12000,2026-12-04,C,1.2,0.161300000,3,
2026-08-20,GBU,OPT,GBUZ6 C12050,2026-12-04,C,1.205,0.156400000,3,
2026-08-20,GBU,OPT,GBUZ6 C12100,2026-12-04,C,1.21,0.151500000,3,
2026-08-20,GBU,OPT,GBUZ6 C12150,2026-12-04,C,1.215,0.146500000,3,
2026-08-20,GBU,OPT,GBUZ6 C12200,2026-12-04,C,1.22,0.141600000,3,
2026-08-20,GBU,OPT,GBUZ6 C12250,2026-12-04,C,1.225,0.136700000,3,
2026-08-20,GBU,OPT,GBUZ6 C12300,2026-12-04,C,1.23,0.131800000,3,
2026-08-20,GBU,OPT,GBUZ6 C12350,2026-12-04,C,1.235,0.126900000,3,
2026-08-20,GBU,OPT,GBUZ6 C12400,2026-12-04,C,1.24,0.122000000,3,1
2026-08-20,GBU,OPT,GBUZ6 C12450,2026-12-04,C,1.245,0.117100000,3,
2026-08-20,GBU,OPT,GBUZ6 C12500,2026-12-04,C,1.25,0.112200000,3,
2026-08-20,GBU,OPT,GBUZ6 C12550,2026-12-04,C,1.255,0.107300000,3,
2026-08-20,GBU,OPT,GBUZ6 C12600,2026-12-04,C,1.26,0.102500000,3,
2026-08-20,GBU,OPT,GBUZ6 C12650,2026-12-04,C,1.265,0.097600000,3,
2026-08-20,GBU,OPT,GBUZ6 C12700,2026-12-04,C,1.27,0.092800000,3,31
2026-08-20,GBU,OPT,GBUZ6 C12750,2026-12-04,C,1.275,0.088100000,3,
2026-08-20,GBU,OPT,GBUZ6 C12800,2026-12-04,C,1.28,0.083300000,3,
2026-08-20,GBU,OPT,GBUZ6 C12850,2026-12-04,C,1.285,0.078600000,3,
2026-08-20,GBU,OPT,GBUZ6 C12900,2026-12-04,C,1.29,0.074000000,3,6
2026-08-20,GBU,OPT,GBUZ6 C12950,2026-12-04,C,1.295,0.069400000,3,
2026-08-20,GBU,OPT,GBUZ6 C13000,2026-12-04,C,1.3,0.064800000,3,
2026-08-20,GBU,OPT,GBUZ6 C13050,2026-12-04,C,1.305,0.060300000,3,
2026-08-20,GBU,OPT,GBUZ6 C13100,2026-12-04,C,1.31,0.055900000,3,
2026-08-20,GBU,OPT,GBUZ6 C13150,2026-12-04,C,1.315,0.051600000,3,
2026-08-20,GBU,OPT,GBUZ6 C13200,2026-12-04,C,1.32,0.047400000,3,9
2026-08-20,GBU,OPT,GBUZ6 C13250,2026-12-04,C,1.325,0.043300000,3,16
2026-08-20,GBU,OPT,GBUZ6 C13300,2026-12-04,C,1.33,0.039400000,3,
2026-08-20,GBU,OPT,GBUZ6 C13350,2026-12-04,C,1.335,0.035600000,3,84
2026-08-20,GBU,OPT,GBUZ6 C13400,2026-12-04,C,1.34,0.031900000,3,41
2026-08-20,GBU,OPT,GBUZ6 C13450,2026-12-04,C,1.345,0.028500000,3,89
2026-08-20,GBU,OPT,GBUZ6 C13500,2026-12-04,C,1.35,0.025200000,3,37
2026-08-20,GBU,OPT,GBUZ6 C13550,2026-12-04,C,1.355,0.022200000,3,191
2026-08-20,GBU,OPT,GBUZ6 C13600,2026-12-04,C,1.36,0.019400000,3,451
2026-08-20,GBU,OPT,GBUZ6 C13650,2026-12-04,C,1.365,0.016800000,3,1077
2026-08-20,GBU,OPT,GBUZ6 C13700,2026-12-04,C,1.37,0.014500000,3,88
2026-08-20,GBU,OPT,GBUZ6 C13750,2026-12-04,C,1.375,0.012400000,3,714
2026-08-20,GBU,OPT,GBUZ6 C13800,2026-12-04,C,1.38,0.010600000,3,152
2026-08-20,GBU,OPT,GBUZ6 C13850,2026-12-04,C,1.385,0.008900000,3,124
2026-08-20,GBU,OPT,GBUZ6 C13900,2026-12-04,C,1.39,0.007500000,3,249
2026-08-20,GBU,OPT,GBUZ6 C13950,2026-12-04,C,1.395,0.006300000,3,349
2026-08-20,GBU,OPT,GBUZ6 C14000,2026-12-04,C,1.4,0.005300000,3,310
2026-08-20,GBU,OPT,GBUZ6 C14050,2026-12-04,C,1.405,0.004500000,3,240
2026-08-20,GBU,OPT,GBUZ6 C14100,2026-12-04,C,1.41,0.003700000,3,591
2026-08-20,GBU,OPT,GBUZ6 C14150,2026-12-04,C,1.415,0.003100000,3,296
2026-08-20,GBU,OPT,GBUZ6 C14200,2026-12-04,C,1.42,0.002600000,3,303
2026-08-20,GBU,OPT,GBUZ6 C14250,2026-12-04,C,1.425,0.002200000,3,145
2026-08-20,GBU,OPT,GBUZ6 C14300,2026-12-04,C,1.43,0.001900000,3,101
2026-08-20,GBU,OPT,GBUZ6 C14400,2026-12-04,C,1.44,0.001300000,3,17
2026-08-20,GBU,OPT,GBUZ6 C14500,2026-12-04,C,1.45,0.001000000,3,3
2026-08-20,GBU,OPT,GBUZ6 C14600,2026-12-04,C,1.46,0.000800000,3,
2026-08-20,GBU,OPT,GBUZ6 C14700,2026-12-04,C,1.47,0.000600000,3,
2026-08-20,GBU,OPT,GBUZ6 C14800,2026-12-04,C,1.48,0.000500000,3,40
2026-08-20,GBU,OPT,GBUZ6 C14900,2026-12-04,C,1.49,0.000400000,3,
2026-08-20,GBU,OPT,GBUZ6 C15000,2026-12-04,C,1.5,0.000300000,3,1
2026-08-20,GBU,OPT,GBUZ6 C15100,2026-12-04,C,1.51,0.000300000,3,2
2026-08-20,GBU,OPT,GBUZ6 C15200,2026-12-04,C,1.52,0.000300000,3,
2026-08-20,GBU,OPT,GBUZ6 C15300,2026-12-04,C,1.53,0.000200000,3,
2026-08-20,GBU,OPT,GBUZ6 C15400,2026-12-04,C,1.54,0.000200000,3,1
2026-08-20,GBU,OPT,GBUZ6 C15500,2026-12-04,C,1.55,0.000200000,3,
2026-08-20,GBU,OPT,GBUZ6 C15600,2026-12-04,C,1.56,0.000100000,3,
2026-08-20,GBU,OPT,GBUZ6 C15700,2026-12-04,C,1.57,0.000100000,3,10
2026-08-20,GBU,OPT,GBUZ6 C15800,2026-12-04,C,1.58,0.000100000,3,
2026-08-20,GBU,OPT,GBUZ6 P10200,2026-12-04,P,1.02,0.000100000,3,3
2026-08-20,GBU,OPT,GBUZ6 P10300,2026-12-04,P,1.03,0.000100000,3,
2026-08-20,GBU,OPT,GBUZ6 P10400,2026-12-04,P,1.04,0.000100000,3,
2026-08-20,GBU,OPT,GBUZ6 P10500,2026-12-04,P,1.05,0.000100000,3,
2026-08-20,GBU,OPT,GBUZ6 P10600,2026-12-04,P,1.06,0.000100000,3,
2026-08-20,GBU,OPT,GBUZ6 P10700,2026-12-04,P,1.07,0.000100000,3,1
2026-08-20,GBU,OPT,GBUZ6 P10800,2026-12-04,P,1.08,0.000100000,3,
2026-08-20,GBU,OPT,GBUZ6 P10900,2026-12-04,P,1.09,0.000100000,3,
2026-08-20,GBU,OPT,GBUZ6 P11000,2026-12-04,P,1.1,0.000100000,3,1
2026-08-20,GBU,OPT,GBUZ6 P11100,2026-12-04,P,1.11,0.000100000,3,1
2026-08-20,GBU,OPT,GBUZ6 P11200,2026-12-04,P,1.12,0.000100000,3,1
2026-08-20,GBU,OPT,GBUZ6 P11300,2026-12-04,P,1.13,0.000100000,3,1
2026-08-20,GBU,OPT,GBUZ6 P11400,2026-12-04,P,1.14,0.000100000,3,
2026-08-20,GBU,OPT,GBUZ6 P11500,2026-12-04,P,1.15,0.000200000,3,41
2026-08-20,GBU,OPT,GBUZ6 P11600,2026-12-04,P,1.16,0.000200000,3,
2026-08-20,GBU,OPT,GBUZ6 P11650,2026-12-04,P,1.165,0.000200000,3,
2026-08-20,GBU,OPT,GBUZ6 P11700,2026-12-04,P,1.17,0.000200000,3,
2026-08-20,GBU,OPT,GBUZ6 P11750,2026-12-04,P,1.175,0.000300000,3,
2026-08-20,GBU,OPT,GBUZ6 P11800,2026-12-04,P,1.18,0.000300000,3,
2026-08-20,GBU,OPT,GBUZ6 P11850,2026-12-04,P,1.185,0.000300000,3,
2026-08-20,GBU,OPT,GBUZ6 P11900,2026-12-04,P,1.19,0.000300000,3,
2026-08-20,GBU,OPT,GBUZ6 P11950,2026-12-04,P,1.195,0.000300000,3,
2026-08-20,GBU,OPT,GBUZ6 P12000,2026-12-04,P,1.2,0.000400000,3,12
2026-08-20,GBU,OPT,GBUZ6 P12050,2026-12-04,P,1.205,0.000400000,3,
2026-08-20,GBU,OPT,GBUZ6 P12100,2026-12-04,P,1.21,0.000400000,3,16
2026-08-20,GBU,OPT,GBUZ6 P12150,2026-12-04,P,1.215,0.000400000,3,2
2026-08-20,GBU,OPT,GBUZ6 P12200,2026-12-04,P,1.22,0.000500000,3,19
2026-08-20,GBU,OPT,GBUZ6 P12250,2026-12-04,P,1.225,0.000500000,3,1
2026-08-20,GBU,OPT,GBUZ6 P12300,2026-12-04,P,1.23,0.000500000,3,19
2026-08-20,GBU,OPT,GBUZ6 P12350,2026-12-04,P,1.235,0.000600000,3,19
2026-08-20,GBU,OPT,GBUZ6 P12400,2026-12-04,P,1.24,0.000600000,3,18
2026-08-20,GBU,OPT,GBUZ6 P12450,2026-12-04,P,1.245,0.000700000,3,16
2026-08-20,GBU,OPT,GBUZ6 P12500,2026-12-04,P,1.25,0.000700000,3,112
2026-08-20,GBU,OPT,GBUZ6 P12550,2026-12-04,P,1.255,0.000800000,3,21
2026-08-20,GBU,OPT,GBUZ6 P12600,2026-12-04,P,1.26,0.000900000,3,5
2026-08-20,GBU,OPT,GBUZ6 P12650,2026-12-04,P,1.265,0.001000000,3,2
2026-08-20,GBU,OPT,GBUZ6 P12700,2026-12-04,P,1.27,0.001100000,3,37
2026-08-20,GBU,OPT,GBUZ6 P12750,2026-12-04,P,1.275,0.001300000,3,4
2026-08-20,GBU,OPT,GBUZ6 P12800,2026-12-04,P,1.28,0.001500000,3,156
2026-08-20,GBU,OPT,GBUZ6 P12850,2026-12-04,P,1.285,0.001800000,3,125
2026-08-20,GBU,OPT,GBUZ6 P12900,2026-12-04,P,1.29,0.002000000,3,109
2026-08-20,GBU,OPT,GBUZ6 P12950,2026-12-04,P,1.295,0.002400000,3,1
2026-08-20,GBU,OPT,GBUZ6 P13000,2026-12-04,P,1.3,0.002800000,3,99
2026-08-20,GBU,OPT,GBUZ6 P13050,2026-12-04,P,1.305,0.003300000,3,91
2026-08-20,GBU,OPT,GBUZ6 P13100,2026-12-04,P,1.31,0.003800000,3,93
2026-08-20,GBU,OPT,GBUZ6 P13150,2026-12-04,P,1.315,0.004400000,3,63
2026-08-20,GBU,OPT,GBUZ6 P13200,2026-12-04,P,1.32,0.005200000,3,918
2026-08-20,GBU,OPT,GBUZ6 P13250,2026-12-04,P,1.325,0.006000000,3,40
2026-08-20,GBU,OPT,GBUZ6 P13300,2026-12-04,P,1.33,0.007000000,3,242
2026-08-20,GBU,OPT,GBUZ6 P13350,2026-12-04,P,1.335,0.008200000,3,62
2026-08-20,GBU,OPT,GBUZ6 P13400,2026-12-04,P,1.34,0.009500000,3,125
2026-08-20,GBU,OPT,GBUZ6 P13450,2026-12-04,P,1.345,0.011000000,3,112
2026-08-20,GBU,OPT,GBUZ6 P13500,2026-12-04,P,1.35,0.012600000,3,26
2026-08-20,GBU,OPT,GBUZ6 P13550,2026-12-04,P,1.355,0.014600000,3,35
2026-08-20,GBU,OPT,GBUZ6 P13600,2026-12-04,P,1.36,0.016700000,3,38
2026-08-20,GBU,OPT,GBUZ6 P13650,2026-12-04,P,1.365,0.019100000,3,
2026-08-20,GBU,OPT,GBUZ6 P13700,2026-12-04,P,1.37,0.021700000,3,199
2026-08-20,GBU,OPT,GBUZ6 P13750,2026-12-04,P,1.375,0.024600000,3,
2026-08-20,GBU,OPT,GBUZ6 P13800,2026-12-04,P,1.38,0.027700000,3,3
2026-08-20,GBU,OPT,GBUZ6 P13850,2026-12-04,P,1.385,0.031000000,3,
2026-08-20,GBU,OPT,GBUZ6 P13900,2026-12-04,P,1.39,0.034600000,3,3
2026-08-20,GBU,OPT,GBUZ6 P13950,2026-12-04,P,1.395,0.038300000,3,
2026-08-20,GBU,OPT,GBUZ6 P14000,2026-12-04,P,1.4,0.042200000,3,3
2026-08-20,GBU,OPT,GBUZ6 P14050,2026-12-04,P,1.405,0.046300000,3,1
2026-08-20,GBU,OPT,GBUZ6 P14100,2026-12-04,P,1.41,0.050500000,3,2
2026-08-20,GBU,OPT,GBUZ6 P14150,2026-12-04,P,1.415,0.054900000,3,
2026-08-20,GBU,OPT,GBUZ6 P14200,2026-12-04,P,1.42,0.059300000,3,
2026-08-20,GBU,OPT,GBUZ6 P14250,2026-12-04,P,1.425,0.063800000,3,
2026-08-20,GBU,OPT,GBUZ6 P14300,2026-12-04,P,1.43,0.068400000,3,1
2026-08-20,GBU,OPT,GBUZ6 P14400,2026-12-04,P,1.44,0.077800000,3,
2026-08-20,GBU,OPT,GBUZ6 P14500,2026-12-04,P,1.45,0.087400000,3,
2026-08-20,GBU,OPT,GBUZ6 P14600,2026-12-04,P,1.46,0.097000000,3,
2026-08-20,GBU,OPT,GBUZ6 P14700,2026-12-04,P,1.47,0.106700000,3,
2026-08-20,GBU,OPT,GBUZ6 P14800,2026-12-04,P,1.48,0.116500000,3,
2026-08-20,GBU,OPT,GBUZ6 P14900,2026-12-04,P,1.49,0.126300000,3,
2026-08-20,GBU,OPT,GBUZ6 P15000,2026-12-04,P,1.5,0.136200000,3,641
2026-08-20,GBU,OPT,GBUZ6 P15100,2026-12-04,P,1.51,0.146000000,3,
2026-08-20,GBU,OPT,GBUZ6 P15200,2026-12-04,P,1.52,0.155900000,3,
2026-08-20,GBU,OPT,GBUZ6 P15300,2026-12-04,P,1.53,0.165700000,3,
2026-08-20,GBU,OPT,GBUZ6 P15400,2026-12-04,P,1.54,0.175600000,3,
2026-08-20,GBU,OPT,GBUZ6 P15500,2026-12-04,P,1.55,0.185500000,3,
2026-08-20,GBU,OPT,GBUZ6 P15600,2026-12-04,P,1.56,0.195300000,3,
2026-08-20,GBU,OPT,GBUZ6 P15700,2026-12-04,P,1.57,0.205200000,3,
2026-08-20,GBU,OPT,GBUZ6 P15800,2026-12-04,P,1.58,0.215000000,3,
2026-08-20,GBU,OPT,GBUF7 C11200,2027-01-08,C,1.12,0.238900000,3,
2026-08-20,GBU,OPT,GBUF7 C11300,2027-01-08,C,1.13,0.229000000,3,
2026-08-20,GBU,OPT,GBUF7 C11400,2027-01-08,C,1.14,0.219200000,3,
2026-08-20,GBU,OPT,GBUF7 C11500,2027-01-08,C,1.15,0.209400000,3,
2026-08-20,GBU,OPT,GBUF7 C11600,2027-01-08,C,1.16,0.199600000,3,
2026-08-20,GBU,OPT,GBUF7 C11700,2027-01-08,C,1.17,0.189800000,3,
2026-08-20,GBU,OPT,GBUF7 C11800,2027-01-08,C,1.18,0.180000000,3,
2026-08-20,GBU,OPT,GBUF7 C11900,2027-01-08,C,1.19,0.170200000,3,
2026-08-20,GBU,OPT,GBUF7 C12000,2027-01-08,C,1.2,0.160400000,3,
2026-08-20,GBU,OPT,GBUF7 C12100,2027-01-08,C,1.21,0.150600000,3,
2026-08-20,GBU,OPT,GBUF7 C12200,2027-01-08,C,1.22,0.140900000,3,
2026-08-20,GBU,OPT,GBUF7 C12300,2027-01-08,C,1.23,0.131100000,3,
2026-08-20,GBU,OPT,GBUF7 C12400,2027-01-08,C,1.24,0.121400000,3,
2026-08-20,GBU,OPT,GBUF7 C12500,2027-01-08,C,1.25,0.111900000,3,
2026-08-20,GBU,OPT,GBUF7 C12600,2027-01-08,C,1.26,0.102400000,3,
2026-08-20,GBU,OPT,GBUF7 C12650,2027-01-08,C,1.265,0.097600000,3,
2026-08-20,GBU,OPT,GBUF7 C12700,2027-01-08,C,1.27,0.093000000,3,
2026-08-20,GBU,OPT,GBUF7 C12750,2027-01-08,C,1.275,0.088300000,3,
2026-08-20,GBU,OPT,GBUF7 C12800,2027-01-08,C,1.28,0.083700000,3,
2026-08-20,GBU,OPT,GBUF7 C12850,2027-01-08,C,1.285,0.079100000,3,
2026-08-20,GBU,OPT,GBUF7 C12900,2027-01-08,C,1.29,0.074600000,3,
2026-08-20,GBU,OPT,GBUF7 C12950,2027-01-08,C,1.295,0.070200000,3,
2026-08-20,GBU,OPT,GBUF7 C13000,2027-01-08,C,1.3,0.065800000,3,
2026-08-20,GBU,OPT,GBUF7 C13050,2027-01-08,C,1.305,0.061500000,3,
2026-08-20,GBU,OPT,GBUF7 C13100,2027-01-08,C,1.31,0.057300000,3,
2026-08-20,GBU,OPT,GBUF7 C13150,2027-01-08,C,1.315,0.053200000,3,
2026-08-20,GBU,OPT,GBUF7 C13200,2027-01-08,C,1.32,0.049100000,3,13
2026-08-20,GBU,OPT,GBUF7 C13250,2027-01-08,C,1.325,0.045200000,3,42
2026-08-20,GBU,OPT,GBUF7 C13300,2027-01-08,C,1.33,0.041400000,3,17
2026-08-20,GBU,OPT,GBUF7 C13350,2027-01-08,C,1.335,0.037800000,3,
2026-08-20,GBU,OPT,GBUF7 C13400,2027-01-08,C,1.34,0.034300000,3,12
2026-08-20,GBU,OPT,GBUF7 C13450,2027-01-08,C,1.345,0.031000000,3,800
2026-08-20,GBU,OPT,GBUF7 C13500,2027-01-08,C,1.35,0.027800000,3,45
2026-08-20,GBU,OPT,GBUF7 C13550,2027-01-08,C,1.355,0.024800000,3,
2026-08-20,GBU,OPT,GBUF7 C13600,2027-01-08,C,1.36,0.022100000,3,400
2026-08-20,GBU,OPT,GBUF7 C13650,2027-01-08,C,1.365,0.019500000,3,
2026-08-20,GBU,OPT,GBUF7 C13700,2027-01-08,C,1.37,0.017200000,3,1
2026-08-20,GBU,OPT,GBUF7 C13750,2027-01-08,C,1.375,0.015000000,3,
2026-08-20,GBU,OPT,GBUF7 C13800,2027-01-08,C,1.38,0.013100000,3,3
2026-08-20,GBU,OPT,GBUF7 C13850,2027-01-08,C,1.385,0.011400000,3,
2026-08-20,GBU,OPT,GBUF7 C13900,2027-01-08,C,1.39,0.009900000,3,2
2026-08-20,GBU,OPT,GBUF7 C13950,2027-01-08,C,1.395,0.008500000,3,1
2026-08-20,GBU,OPT,GBUF7 C14000,2027-01-08,C,1.4,0.007300000,3,2
2026-08-20,GBU,OPT,GBUF7 C14050,2027-01-08,C,1.405,0.006300000,3,
2026-08-20,GBU,OPT,GBUF7 C14100,2027-01-08,C,1.41,0.005400000,3,
2026-08-20,GBU,OPT,GBUF7 C14150,2027-01-08,C,1.415,0.004700000,3,0
2026-08-20,GBU,OPT,GBUF7 C14200,2027-01-08,C,1.42,0.004000000,3,5
2026-08-20,GBU,OPT,GBUF7 C14250,2027-01-08,C,1.425,0.003400000,3,0
2026-08-20,GBU,OPT,GBUF7 C14300,2027-01-08,C,1.43,0.002900000,3,
2026-08-20,GBU,OPT,GBUF7 C14400,2027-01-08,C,1.44,0.002100000,3,1
2026-08-20,GBU,OPT,GBUF7 C14500,2027-01-08,C,1.45,0.001500000,3,16
2026-08-20,GBU,OPT,GBUF7 C14600,2027-01-08,C,1.46,0.001100000,3,
2026-08-20,GBU,OPT,GBUF7 C14700,2027-01-08,C,1.47,0.000800000,3,2
2026-08-20,GBU,OPT,GBUF7 C14800,2027-01-08,C,1.48,0.000700000,3,1
2026-08-20,GBU,OPT,GBUF7 C14900,2027-01-08,C,1.49,0.000500000,3,
2026-08-20,GBU,OPT,GBUF7 C15000,2027-01-08,C,1.5,0.000400000,3,
2026-08-20,GBU,OPT,GBUF7 C15100,2027-01-08,C,1.51,0.000300000,3,1
2026-08-20,GBU,OPT,GBUF7 C15200,2027-01-08,C,1.52,0.000200000,3,1
2026-08-20,GBU,OPT,GBUF7 C15300,2027-01-08,C,1.53,0.000100000,3,
2026-08-20,GBU,OPT,GBUF7 C15400,2027-01-08,C,1.54,0.000100000,3,3
2026-08-20,GBU,OPT,GBUF7 C15500,2027-01-08,C,1.55,0.000100000,3,
2026-08-20,GBU,OPT,GBUF7 C15600,2027-01-08,C,1.56,0.000100000,3,
2026-08-20,GBU,OPT,GBUF7 C15700,2027-01-08,C,1.57,0.000100000,3,
2026-08-20,GBU,OPT,GBUF7 C15800,2027-01-08,C,1.58,0.000100000,3,
2026-08-20,GBU,OPT,GBUF7 P11200,2027-01-08,P,1.12,0.000200000,3,
2026-08-20,GBU,OPT,GBUF7 P11300,2027-01-08,P,1.13,0.000200000,3,
2026-08-20,GBU,OPT,GBUF7 P11400,2027-01-08,P,1.14,0.000200000,3,
2026-08-20,GBU,OPT,GBUF7 P11500,2027-01-08,P,1.15,0.000200000,3,
2026-08-20,GBU,OPT,GBUF7 P11600,2027-01-08,P,1.16,0.000300000,3,
2026-08-20,GBU,OPT,GBUF7 P11700,2027-01-08,P,1.17,0.000300000,3,
2026-08-20,GBU,OPT,GBUF7 P11800,2027-01-08,P,1.18,0.000400000,3,
2026-08-20,GBU,OPT,GBUF7 P11900,2027-01-08,P,1.19,0.000500000,3,
2026-08-20,GBU,OPT,GBUF7 P12000,2027-01-08,P,1.2,0.000500000,3,
2026-08-20,GBU,OPT,GBUF7 P12100,2027-01-08,P,1.21,0.000600000,3,16
2026-08-20,GBU,OPT,GBUF7 P12200,2027-01-08,P,1.22,0.000700000,3,19
2026-08-20,GBU,OPT,GBUF7 P12300,2027-01-08,P,1.23,0.000800000,3,19
2026-08-20,GBU,OPT,GBUF7 P12400,2027-01-08,P,1.24,0.001000000,3,20
2026-08-20,GBU,OPT,GBUF7 P12500,2027-01-08,P,1.25,0.001300000,3,16
2026-08-20,GBU,OPT,GBUF7 P12600,2027-01-08,P,1.26,0.001600000,3,2
2026-08-20,GBU,OPT,GBUF7 P12650,2027-01-08,P,1.265,0.001800000,3,
2026-08-20,GBU,OPT,GBUF7 P12700,2027-01-08,P,1.27,0.002100000,3,
2026-08-20,GBU,OPT,GBUF7 P12750,2027-01-08,P,1.275,0.002400000,3,
2026-08-20,GBU,OPT,GBUF7 P12800,2027-01-08,P,1.28,0.002700000,3,1
2026-08-20,GBU,OPT,GBUF7 P12850,2027-01-08,P,1.285,0.003100000,3,
2026-08-20,GBU,OPT,GBUF7 P12900,2027-01-08,P,1.29,0.003500000,3,
2026-08-20,GBU,OPT,GBUF7 P12950,2027-01-08,P,1.295,0.004000000,3,
2026-08-20,GBU,OPT,GBUF7 P13000,2027-01-08,P,1.3,0.004500000,3,2
2026-08-20,GBU,OPT,GBUF7 P13050,2027-01-08,P,1.305,0.005100000,3,2
2026-08-20,GBU,OPT,GBUF7 P13100,2027-01-08,P,1.31,0.005800000,3,3
2026-08-20,GBU,OPT,GBUF7 P13150,2027-01-08,P,1.315,0.006600000,3,
2026-08-20,GBU,OPT,GBUF7 P13200,2027-01-08,P,1.32,0.007600000,3,
2026-08-20,GBU,OPT,GBUF7 P13250,2027-01-08,P,1.325,0.008600000,3,560
2026-08-20,GBU,OPT,GBUF7 P13300,2027-01-08,P,1.33,0.009700000,3,2
2026-08-20,GBU,OPT,GBUF7 P13350,2027-01-08,P,1.335,0.011000000,3,2
2026-08-20,GBU,OPT,GBUF7 P13400,2027-01-08,P,1.34,0.012400000,3,644
2026-08-20,GBU,OPT,GBUF7 P13450,2027-01-08,P,1.345,0.014000000,3,67
2026-08-20,GBU,OPT,GBUF7 P13500,2027-01-08,P,1.35,0.015800000,3,2
2026-08-20,GBU,OPT,GBUF7 P13550,2027-01-08,P,1.355,0.017700000,3,240
2026-08-20,GBU,OPT,GBUF7 P13600,2027-01-08,P,1.36,0.019900000,3,
2026-08-20,GBU,OPT,GBUF7 P13650,2027-01-08,P,1.365,0.022300000,3,
2026-08-20,GBU,OPT,GBUF7 P13700,2027-01-08,P,1.37,0.024800000,3,2
2026-08-20,GBU,OPT,GBUF7 P13750,2027-01-08,P,1.375,0.027600000,3,
2026-08-20,GBU,OPT,GBUF7 P13800,2027-01-08,P,1.38,0.030600000,3,1
2026-08-20,GBU,OPT,GBUF7 P13850,2027-01-08,P,1.385,0.033800000,3,
2026-08-20,GBU,OPT,GBUF7 P13900,2027-01-08,P,1.39,0.037200000,3,
2026-08-20,GBU,OPT,GBUF7 P13950,2027-01-08,P,1.395,0.040800000,3,
2026-08-20,GBU,OPT,GBUF7 P14000,2027-01-08,P,1.4,0.044600000,3,
2026-08-20,GBU,OPT,GBUF7 P14050,2027-01-08,P,1.405,0.048500000,3,
2026-08-20,GBU,OPT,GBUF7 P14100,2027-01-08,P,1.41,0.052500000,3,
2026-08-20,GBU,OPT,GBUF7 P14150,2027-01-08,P,1.415,0.056700000,3,
2026-08-20,GBU,OPT,GBUF7 P14200,2027-01-08,P,1.42,0.061000000,3,
2026-08-20,GBU,OPT,GBUF7 P14250,2027-01-08,P,1.425,0.065300000,3,
2026-08-20,GBU,OPT,GBUF7 P14300,2027-01-08,P,1.43,0.069700000,3,
2026-08-20,GBU,OPT,GBUF7 P14400,2027-01-08,P,1.44,0.078800000,3,
2026-08-20,GBU,OPT,GBUF7 P14500,2027-01-08,P,1.45,0.088100000,3,
2026-08-20,GBU,OPT,GBUF7 P14600,2027-01-08,P,1.46,0.097500000,3,
2026-08-20,GBU,OPT,GBUF7 P14700,2027-01-08,P,1.47,0.107100000,3,
2026-08-20,GBU,OPT,GBUF7 P14800,2027-01-08,P,1.48,0.116800000,3,
2026-08-20,GBU,OPT,GBUF7 P14900,2027-01-08,P,1.49,0.126500000,3,
2026-08-20,GBU,OPT,GBUF7 P15000,2027-01-08,P,1.5,0.136200000,3,
2026-08-20,GBU,OPT,GBUF7 P15100,2027-01-08,P,1.51,0.145900000,3,
2026-08-20,GBU,OPT,GBUF7 P15200,2027-01-08,P,1.52,0.155700000,3,
2026-08-20,GBU,OPT,GBUF7 P15300,2027-01-08,P,1.53,0.165500000,3,
2026-08-20,GBU,OPT,GBUF7 P15400,2027-01-08,P,1.54,0.175300000,3,
2026-08-20,GBU,OPT,GBUF7 P15500,2027-01-08,P,1.55,0.185100000,3,
2026-08-20,GBU,OPT,GBUF7 P15600,2027-01-08,P,1.56,0.195000000,3,
2026-08-20,GBU,OPT,GBUF7 P15700,2027-01-08,P,1.57,0.204800000,3,
2026-08-20,GBU,OPT,GBUF7 P15800,2027-01-08,P,1.58,0.214700000,3,
2026-08-20,GBU,OPT,GBUG7 C11200,2027-02-05,C,1.12,0.238200000,3,
2026-08-20,GBU,OPT,GBUG7 C11300,2027-02-05,C,1.13,0.228500000,3,
2026-08-20,GBU,OPT,GBUG7 C11400,2027-02-05,C,1.14,0.218700000,3,
2026-08-20,GBU,OPT,GBUG7 C11500,2027-02-05,C,1.15,0.208900000,3,
2026-08-20,GBU,OPT,GBUG7 C11600,2027-02-05,C,1.16,0.199200000,3,
2026-08-20,GBU,OPT,GBUG7 C11700,2027-02-05,C,1.17,0.189400000,3,
2026-08-20,GBU,OPT,GBUG7 C11800,2027-02-05,C,1.18,0.179700000,3,
2026-08-20,GBU,OPT,GBUG7 C11900,2027-02-05,C,1.19,0.170000000,3,
2026-08-20,GBU,OPT,GBUG7 C12000,2027-02-05,C,1.2,0.160200000,3,
2026-08-20,GBU,OPT,GBUG7 C12100,2027-02-05,C,1.21,0.150600000,3,
2026-08-20,GBU,OPT,GBUG7 C12200,2027-02-05,C,1.22,0.140900000,3,
2026-08-20,GBU,OPT,GBUG7 C12300,2027-02-05,C,1.23,0.131300000,3,
2026-08-20,GBU,OPT,GBUG7 C12400,2027-02-05,C,1.24,0.121800000,3,
2026-08-20,GBU,OPT,GBUG7 C12500,2027-02-05,C,1.25,0.112300000,3,
2026-08-20,GBU,OPT,GBUG7 C12600,2027-02-05,C,1.26,0.103000000,3,
2026-08-20,GBU,OPT,GBUG7 C12650,2027-02-05,C,1.265,0.098300000,3,
2026-08-20,GBU,OPT,GBUG7 C12700,2027-02-05,C,1.27,0.093700000,3,
2026-08-20,GBU,OPT,GBUG7 C12750,2027-02-05,C,1.275,0.089200000,3,
2026-08-20,GBU,OPT,GBUG7 C12800,2027-02-05,C,1.28,0.084700000,3,
2026-08-20,GBU,OPT,GBUG7 C12850,2027-02-05,C,1.285,0.080200000,3,
2026-08-20,GBU,OPT,GBUG7 C12900,2027-02-05,C,1.29,0.075800000,3,
2026-08-20,GBU,OPT,GBUG7 C12950,2027-02-05,C,1.295,0.071500000,3,
2026-08-20,GBU,OPT,GBUG7 C13000,2027-02-05,C,1.3,0.067300000,3,
2026-08-20,GBU,OPT,GBUG7 C13050,2027-02-05,C,1.305,0.063100000,3,
2026-08-20,GBU,OPT,GBUG7 C13100,2027-02-05,C,1.31,0.059000000,3,
2026-08-20,GBU,OPT,GBUG7 C13150,2027-02-05,C,1.315,0.055000000,3,
2026-08-20,GBU,OPT,GBUG7 C13200,2027-02-05,C,1.32,0.051100000,3,2
2026-08-20,GBU,OPT,GBUG7 C13250,2027-02-05,C,1.325,0.047300000,3,
2026-08-20,GBU,OPT,GBUG7 C13300,2027-02-05,C,1.33,0.043600000,3,4
2026-08-20,GBU,OPT,GBUG7 C13350,2027-02-05,C,1.335,0.040000000,3,
2026-08-20,GBU,OPT,GBUG7 C13400,2027-02-05,C,1.34,0.036600000,3,
2026-08-20,GBU,OPT,GBUG7 C13450,2027-02-05,C,1.345,0.033300000,3,4
2026-08-20,GBU,OPT,GBUG7 C13500,2027-02-05,C,1.35,0.030200000,3,
2026-08-20,GBU,OPT,GBUG7 C13550,2027-02-05,C,1.355,0.027300000,3,
2026-08-20,GBU,OPT,GBUG7 C13600,2027-02-05,C,1.36,0.024600000,3,
2026-08-20,GBU,OPT,GBUG7 C13650,2027-02-05,C,1.365,0.022000000,3,247
2026-08-20,GBU,OPT,GBUG7 C13700,2027-02-05,C,1.37,0.019600000,3,1
2026-08-20,GBU,OPT,GBUG7 C13750,2027-02-05,C,1.375,0.017500000,3,
2026-08-20,GBU,OPT,GBUG7 C13800,2027-02-05,C,1.38,0.015500000,3,803
2026-08-20,GBU,OPT,GBUG7 C13850,2027-02-05,C,1.385,0.013700000,3,1
2026-08-20,GBU,OPT,GBUG7 C13900,2027-02-05,C,1.39,0.012100000,3,
2026-08-20,GBU,OPT,GBUG7 C13950,2027-02-05,C,1.395,0.010600000,3,
2026-08-20,GBU,OPT,GBUG7 C14000,2027-02-05,C,1.4,0.009300000,3,5
2026-08-20,GBU,OPT,GBUG7 C14050,2027-02-05,C,1.405,0.008200000,3,
2026-08-20,GBU,OPT,GBUG7 C14100,2027-02-05,C,1.41,0.007100000,3,
2026-08-20,GBU,OPT,GBUG7 C14150,2027-02-05,C,1.415,0.006200000,3,
2026-08-20,GBU,OPT,GBUG7 C14200,2027-02-05,C,1.42,0.005400000,3,44
2026-08-20,GBU,OPT,GBUG7 C14300,2027-02-05,C,1.43,0.004100000,3,2
2026-08-20,GBU,OPT,GBUG7 C14400,2027-02-05,C,1.44,0.003200000,3,
2026-08-20,GBU,OPT,GBUG7 C14500,2027-02-05,C,1.45,0.002400000,3,
2026-08-20,GBU,OPT,GBUG7 C14600,2027-02-05,C,1.46,0.001800000,3,
2026-08-20,GBU,OPT,GBUG7 C14700,2027-02-05,C,1.47,0.001400000,3,17
2026-08-20,GBU,OPT,GBUG7 C14800,2027-02-05,C,1.48,0.001100000,3,
2026-08-20,GBU,OPT,GBUG7 C14900,2027-02-05,C,1.49,0.000800000,3,
2026-08-20,GBU,OPT,GBUG7 C15000,2027-02-05,C,1.5,0.000600000,3,
2026-08-20,GBU,OPT,GBUG7 C15100,2027-02-05,C,1.51,0.000500000,3,
2026-08-20,GBU,OPT,GBUG7 C15200,2027-02-05,C,1.52,0.000400000,3,
2026-08-20,GBU,OPT,GBUG7 C15300,2027-02-05,C,1.53,0.000300000,3,
2026-08-20,GBU,OPT,GBUG7 C15400,2027-02-05,C,1.54,0.000200000,3,
2026-08-20,GBU,OPT,GBUG7 C15500,2027-02-05,C,1.55,0.000200000,3,
2026-08-20,GBU,OPT,GBUG7 C15600,2027-02-05,C,1.56,0.000200000,3,
2026-08-20,GBU,OPT,GBUG7 C15700,2027-02-05,C,1.57,0.000100000,3,
2026-08-20,GBU,OPT,GBUG7 P11200,2027-02-05,P,1.12,0.000200000,3,
2026-08-20,GBU,OPT,GBUG7 P11300,2027-02-05,P,1.13,0.000300000,3,
2026-08-20,GBU,OPT,GBUG7 P11400,2027-02-05,P,1.14,0.000300000,3,
2026-08-20,GBU,OPT,GBUG7 P11500,2027-02-05,P,1.15,0.000400000,3,
2026-08-20,GBU,OPT,GBUG7 P11600,2027-02-05,P,1.16,0.000500000,3,
2026-08-20,GBU,OPT,GBUG7 P11700,2027-02-05,P,1.17,0.000600000,3,1
2026-08-20,GBU,OPT,GBUG7 P11800,2027-02-05,P,1.18,0.000700000,3,
2026-08-20,GBU,OPT,GBUG7 P11900,2027-02-05,P,1.19,0.000800000,3,
2026-08-20,GBU,OPT,GBUG7 P12000,2027-02-05,P,1.2,0.000900000,3,16
2026-08-20,GBU,OPT,GBUG7 P12100,2027-02-05,P,1.21,0.001000000,3,17
2026-08-20,GBU,OPT,GBUG7 P12200,2027-02-05,P,1.22,0.001200000,3,17
2026-08-20,GBU,OPT,GBUG7 P12300,2027-02-05,P,1.23,0.001400000,3,17
2026-08-20,GBU,OPT,GBUG7 P12400,2027-02-05,P,1.24,0.001700000,3,16
2026-08-20,GBU,OPT,GBUG7 P12500,2027-02-05,P,1.25,0.002100000,3,17
2026-08-20,GBU,OPT,GBUG7 P12600,2027-02-05,P,1.26,0.002500000,3,
2026-08-20,GBU,OPT,GBUG7 P12650,2027-02-05,P,1.265,0.002800000,3,
2026-08-20,GBU,OPT,GBUG7 P12700,2027-02-05,P,1.27,0.003100000,3,
2026-08-20,GBU,OPT,GBUG7 P12750,2027-02-05,P,1.275,0.003500000,3,1
2026-08-20,GBU,OPT,GBUG7 P12800,2027-02-05,P,1.28,0.003900000,3,320
2026-08-20,GBU,OPT,GBUG7 P12850,2027-02-05,P,1.285,0.004400000,3,1
2026-08-20,GBU,OPT,GBUG7 P12900,2027-02-05,P,1.29,0.004900000,3,
2026-08-20,GBU,OPT,GBUG7 P12950,2027-02-05,P,1.295,0.005500000,3,100
2026-08-20,GBU,OPT,GBUG7 P13000,2027-02-05,P,1.3,0.006100000,3,2
2026-08-20,GBU,OPT,GBUG7 P13050,2027-02-05,P,1.305,0.006900000,3,
2026-08-20,GBU,OPT,GBUG7 P13100,2027-02-05,P,1.31,0.007700000,3,
2026-08-20,GBU,OPT,GBUG7 P13150,2027-02-05,P,1.315,0.008600000,3,
2026-08-20,GBU,OPT,GBUG7 P13200,2027-02-05,P,1.32,0.009600000,3,5
2026-08-20,GBU,OPT,GBUG7 P13250,2027-02-05,P,1.325,0.010700000,3,40
2026-08-20,GBU,OPT,GBUG7 P13300,2027-02-05,P,1.33,0.011900000,3,21
2026-08-20,GBU,OPT,GBUG7 P13350,2027-02-05,P,1.335,0.013300000,3,5
2026-08-20,GBU,OPT,GBUG7 P13400,2027-02-05,P,1.34,0.014800000,3,202
2026-08-20,GBU,OPT,GBUG7 P13450,2027-02-05,P,1.345,0.016400000,3,201
2026-08-20,GBU,OPT,GBUG7 P13500,2027-02-05,P,1.35,0.018300000,3,
2026-08-20,GBU,OPT,GBUG7 P13550,2027-02-05,P,1.355,0.020200000,3,
2026-08-20,GBU,OPT,GBUG7 P13600,2027-02-05,P,1.36,0.022400000,3,
2026-08-20,GBU,OPT,GBUG7 P13650,2027-02-05,P,1.365,0.024800000,3,
2026-08-20,GBU,OPT,GBUG7 P13700,2027-02-05,P,1.37,0.027300000,3,
2026-08-20,GBU,OPT,GBUG7 P13750,2027-02-05,P,1.375,0.030000000,3,
2026-08-20,GBU,OPT,GBUG7 P13800,2027-02-05,P,1.38,0.033000000,3,
2026-08-20,GBU,OPT,GBUG7 P13850,2027-02-05,P,1.385,0.036100000,3,
2026-08-20,GBU,OPT,GBUG7 P13900,2027-02-05,P,1.39,0.039400000,3,
2026-08-20,GBU,OPT,GBUG7 P13950,2027-02-05,P,1.395,0.042800000,3,
2026-08-20,GBU,OPT,GBUG7 P14000,2027-02-05,P,1.4,0.046400000,3,
2026-08-20,GBU,OPT,GBUG7 P14050,2027-02-05,P,1.405,0.050200000,3,
2026-08-20,GBU,OPT,GBUG7 P14100,2027-02-05,P,1.41,0.054100000,3,
2026-08-20,GBU,OPT,GBUG7 P14150,2027-02-05,P,1.415,0.058100000,3,
2026-08-20,GBU,OPT,GBUG7 P14200,2027-02-05,P,1.42,0.062200000,3,
2026-08-20,GBU,OPT,GBUG7 P14300,2027-02-05,P,1.43,0.070800000,3,
2026-08-20,GBU,OPT,GBUG7 P14400,2027-02-05,P,1.44,0.079600000,3,
2026-08-20,GBU,OPT,GBUG7 P14500,2027-02-05,P,1.45,0.088700000,3,
2026-08-20,GBU,OPT,GBUG7 P14600,2027-02-05,P,1.46,0.097900000,3,
2026-08-20,GBU,OPT,GBUG7 P14700,2027-02-05,P,1.47,0.107300000,3,
2026-08-20,GBU,OPT,GBUG7 P14800,2027-02-05,P,1.48,0.116800000,3,
2026-08-20,GBU,OPT,GBUG7 P14900,2027-02-05,P,1.49,0.126400000,3,
2026-08-20,GBU,OPT,GBUG7 P15000,2027-02-05,P,1.5,0.136000000,3,
2026-08-20,GBU,OPT,GBUG7 P15100,2027-02-05,P,1.51,0.145700000,3,
2026-08-20,GBU,OPT,GBUG7 P15200,2027-02-05,P,1.52,0.155400000,3,
2026-08-20,GBU,OPT,GBUG7 P15300,2027-02-05,P,1.53,0.165200000,3,
2026-08-20,GBU,OPT,GBUG7 P15400,2027-02-05,P,1.54,0.174900000,3,
2026-08-20,GBU,OPT,GBUG7 P15500,2027-02-05,P,1.55,0.184700000,3,
2026-08-20,GBU,OPT,GBUG7 P15600,2027-02-05,P,1.56,0.194500000,3,
2026-08-20,GBU,OPT,GBUG7 P15700,2027-02-05,P,1.57,0.204300000,3,
2026-08-20,GBU,OPT,GBUH7 C10700,2027-03-05,C,1.07,0.286500000,3,
2026-08-20,GBU,OPT,GBUH7 C10800,2027-03-05,C,1.08,0.276800000,3,
2026-08-20,GBU,OPT,GBUH7 C10900,2027-03-05,C,1.09,0.267000000,3,
2026-08-20,GBU,OPT,GBUH7 C11000,2027-03-05,C,1.1,0.257200000,3,
2026-08-20,GBU,OPT,GBUH7 C11100,2027-03-05,C,1.11,0.247500000,3,
2026-08-20,GBU,OPT,GBUH7 C11200,2027-03-05,C,1.12,0.237800000,3,
2026-08-20,GBU,OPT,GBUH7 C11300,2027-03-05,C,1.13,0.228000000,3,
2026-08-20,GBU,OPT,GBUH7 C11400,2027-03-05,C,1.14,0.218300000,3,
2026-08-20,GBU,OPT,GBUH7 C11500,2027-03-05,C,1.15,0.208500000,3,
2026-08-20,GBU,OPT,GBUH7 C11600,2027-03-05,C,1.16,0.198800000,3,
2026-08-20,GBU,OPT,GBUH7 C11700,2027-03-05,C,1.17,0.189100000,3,
2026-08-20,GBU,OPT,GBUH7 C11800,2027-03-05,C,1.18,0.179400000,3,
2026-08-20,GBU,OPT,GBUH7 C11900,2027-03-05,C,1.19,0.169700000,3,
2026-08-20,GBU,OPT,GBUH7 C12000,2027-03-05,C,1.2,0.160100000,3,
2026-08-20,GBU,OPT,GBUH7 C12100,2027-03-05,C,1.21,0.150500000,3,
2026-08-20,GBU,OPT,GBUH7 C12200,2027-03-05,C,1.22,0.140900000,3,
2026-08-20,GBU,OPT,GBUH7 C12250,2027-03-05,C,1.225,0.136100000,3,
2026-08-20,GBU,OPT,GBUH7 C12300,2027-03-05,C,1.23,0.131400000,3,
2026-08-20,GBU,OPT,GBUH7 C12350,2027-03-05,C,1.235,0.126700000,3,
2026-08-20,GBU,OPT,GBUH7 C12400,2027-03-05,C,1.24,0.122000000,3,
2026-08-20,GBU,OPT,GBUH7 C12450,2027-03-05,C,1.245,0.117300000,3,
2026-08-20,GBU,OPT,GBUH7 C12500,2027-03-05,C,1.25,0.112700000,3,
2026-08-20,GBU,OPT,GBUH7 C12550,2027-03-05,C,1.255,0.108100000,3,
2026-08-20,GBU,OPT,GBUH7 C12600,2027-03-05,C,1.26,0.103500000,3,
2026-08-20,GBU,OPT,GBUH7 C12650,2027-03-05,C,1.265,0.099000000,3,
2026-08-20,GBU,OPT,GBUH7 C12700,2027-03-05,C,1.27,0.094500000,3,
2026-08-20,GBU,OPT,GBUH7 C12750,2027-03-05,C,1.275,0.090100000,3,
2026-08-20,GBU,OPT,GBUH7 C12800,2027-03-05,C,1.28,0.085700000,3,
2026-08-20,GBU,OPT,GBUH7 C12850,2027-03-05,C,1.285,0.081400000,3,
2026-08-20,GBU,OPT,GBUH7 C12900,2027-03-05,C,1.29,0.077100000,3,
2026-08-20,GBU,OPT,GBUH7 C12950,2027-03-05,C,1.295,0.072800000,3,
2026-08-20,GBU,OPT,GBUH7 C13000,2027-03-05,C,1.3,0.068700000,3,
2026-08-20,GBU,OPT,GBUH7 C13050,2027-03-05,C,1.305,0.064600000,3,
2026-08-20,GBU,OPT,GBUH7 C13100,2027-03-05,C,1.31,0.060500000,3,
2026-08-20,GBU,OPT,GBUH7 C13150,2027-03-05,C,1.315,0.056600000,3,
2026-08-20,GBU,OPT,GBUH7 C13200,2027-03-05,C,1.32,0.052700000,3,
2026-08-20,GBU,OPT,GBUH7 C13250,2027-03-05,C,1.325,0.049000000,3,
2026-08-20,GBU,OPT,GBUH7 C13300,2027-03-05,C,1.33,0.045400000,3,12
2026-08-20,GBU,OPT,GBUH7 C13350,2027-03-05,C,1.335,0.041900000,3,
2026-08-20,GBU,OPT,GBUH7 C13400,2027-03-05,C,1.34,0.038600000,3,1
2026-08-20,GBU,OPT,GBUH7 C13450,2027-03-05,C,1.345,0.035400000,3,
2026-08-20,GBU,OPT,GBUH7 C13500,2027-03-05,C,1.35,0.032300000,3,3
2026-08-20,GBU,OPT,GBUH7 C13550,2027-03-05,C,1.355,0.029500000,3,
2026-08-20,GBU,OPT,GBUH7 C13600,2027-03-05,C,1.36,0.026800000,3,
2026-08-20,GBU,OPT,GBUH7 C13650,2027-03-05,C,1.365,0.024200000,3,32
2026-08-20,GBU,OPT,GBUH7 C13700,2027-03-05,C,1.37,0.021800000,3,2
2026-08-20,GBU,OPT,GBUH7 C13750,2027-03-05,C,1.375,0.019700000,3,4
2026-08-20,GBU,OPT,GBUH7 C13800,2027-03-05,C,1.38,0.017600000,3,1
2026-08-20,GBU,OPT,GBUH7 C13850,2027-03-05,C,1.385,0.015800000,3,
2026-08-20,GBU,OPT,GBUH7 C13900,2027-03-05,C,1.39,0.014100000,3,2
2026-08-20,GBU,OPT,GBUH7 C13950,2027-03-05,C,1.395,0.012500000,3,
2026-08-20,GBU,OPT,GBUH7 C14000,2027-03-05,C,1.4,0.011100000,3,2
2026-08-20,GBU,OPT,GBUH7 C14050,2027-03-05,C,1.405,0.009800000,3,1
2026-08-20,GBU,OPT,GBUH7 C14100,2027-03-05,C,1.41,0.008700000,3,
2026-08-20,GBU,OPT,GBUH7 C14150,2027-03-05,C,1.415,0.007700000,3,
2026-08-20,GBU,OPT,GBUH7 C14200,2027-03-05,C,1.42,0.006800000,3,1
2026-08-20,GBU,OPT,GBUH7 C14250,2027-03-05,C,1.425,0.006000000,3,
2026-08-20,GBU,OPT,GBUH7 C14300,2027-03-05,C,1.43,0.005300000,3,2
2026-08-20,GBU,OPT,GBUH7 C14400,2027-03-05,C,1.44,0.004100000,3,
2026-08-20,GBU,OPT,GBUH7 C14500,2027-03-05,C,1.45,0.003100000,3,
2026-08-20,GBU,OPT,GBUH7 C14600,2027-03-05,C,1.46,0.002400000,3,
2026-08-20,GBU,OPT,GBUH7 C14700,2027-03-05,C,1.47,0.001900000,3,
2026-08-20,GBU,OPT,GBUH7 C14800,2027-03-05,C,1.48,0.001500000,3,2
2026-08-20,GBU,OPT,GBUH7 C14900,2027-03-05,C,1.49,0.001200000,3,
2026-08-20,GBU,OPT,GBUH7 C15000,2027-03-05,C,1.5,0.001000000,3,
2026-08-20,GBU,OPT,GBUH7 C15100,2027-03-05,C,1.51,0.000800000,3,
2026-08-20,GBU,OPT,GBUH7 C15200,2027-03-05,C,1.52,0.000600000,3,
2026-08-20,GBU,OPT,GBUH7 C15300,2027-03-05,C,1.53,0.000500000,3,
2026-08-20,GBU,OPT,GBUH7 C15400,2027-03-05,C,1.54,0.000400000,3,
2026-08-20,GBU,OPT,GBUH7 C15500,2027-03-05,C,1.55,0.000300000,3,
2026-08-20,GBU,OPT,GBUH7 C15600,2027-03-05,C,1.56,0.000300000,3,
2026-08-20,GBU,OPT,GBUH7 C15700,2027-03-05,C,1.57,0.000200000,3,
2026-08-20,GBU,OPT,GBUH7 C15800,2027-03-05,C,1.58,0.000200000,3,
2026-08-20,GBU,OPT,GBUH7 P10700,2027-03-05,P,1.07,0.000300000,3,12
2026-08-20,GBU,OPT,GBUH7 P10800,2027-03-05,P,1.08,0.000300000,3,3
2026-08-20,GBU,OPT,GBUH7 P10900,2027-03-05,P,1.09,0.000300000,3,
2026-08-20,GBU,OPT,GBUH7 P11000,2027-03-05,P,1.1,0.000400000,3,1
2026-08-20,GBU,OPT,GBUH7 P11100,2027-03-05,P,1.11,0.000400000,3,
2026-08-20,GBU,OPT,GBUH7 P11200,2027-03-05,P,1.12,0.000500000,3,
2026-08-20,GBU,OPT,GBUH7 P11300,2027-03-05,P,1.13,0.000500000,3,
2026-08-20,GBU,OPT,GBUH7 P11400,2027-03-05,P,1.14,0.000600000,3,
2026-08-20,GBU,OPT,GBUH7 P11500,2027-03-05,P,1.15,0.000700000,3,1
2026-08-20,GBU,OPT,GBUH7 P11600,2027-03-05,P,1.16,0.000700000,3,
2026-08-20,GBU,OPT,GBUH7 P11700,2027-03-05,P,1.17,0.000800000,3,1
2026-08-20,GBU,OPT,GBUH7 P11800,2027-03-05,P,1.18,0.000900000,3,
2026-08-20,GBU,OPT,GBUH7 P11900,2027-03-05,P,1.19,0.001000000,3,
2026-08-20,GBU,OPT,GBUH7 P12000,2027-03-05,P,1.2,0.001200000,3,
2026-08-20,GBU,OPT,GBUH7 P12100,2027-03-05,P,1.21,0.001300000,3,4
2026-08-20,GBU,OPT,GBUH7 P12200,2027-03-05,P,1.22,0.001600000,3,
2026-08-20,GBU,OPT,GBUH7 P12250,2027-03-05,P,1.225,0.001700000,3,1
2026-08-20,GBU,OPT,GBUH7 P12300,2027-03-05,P,1.23,0.001900000,3,1
2026-08-20,GBU,OPT,GBUH7 P12350,2027-03-05,P,1.235,0.002000000,3,
2026-08-20,GBU,OPT,GBUH7 P12400,2027-03-05,P,1.24,0.002200000,3,
2026-08-20,GBU,OPT,GBUH7 P12450,2027-03-05,P,1.245,0.002500000,3,
2026-08-20,GBU,OPT,GBUH7 P12500,2027-03-05,P,1.25,0.002800000,3,
2026-08-20,GBU,OPT,GBUH7 P12550,2027-03-05,P,1.255,0.003100000,3,
2026-08-20,GBU,OPT,GBUH7 P12600,2027-03-05,P,1.26,0.003400000,3,2
2026-08-20,GBU,OPT,GBUH7 P12650,2027-03-05,P,1.265,0.003800000,3,
2026-08-20,GBU,OPT,GBUH7 P12700,2027-03-05,P,1.27,0.004200000,3,
2026-08-20,GBU,OPT,GBUH7 P12750,2027-03-05,P,1.275,0.004700000,3,
2026-08-20,GBU,OPT,GBUH7 P12800,2027-03-05,P,1.28,0.005200000,3,1
2026-08-20,GBU,OPT,GBUH7 P12850,2027-03-05,P,1.285,0.005800000,3,1
2026-08-20,GBU,OPT,GBUH7 P12900,2027-03-05,P,1.29,0.006400000,3,1
2026-08-20,GBU,OPT,GBUH7 P12950,2027-03-05,P,1.295,0.007000000,3,
2026-08-20,GBU,OPT,GBUH7 P13000,2027-03-05,P,1.3,0.007700000,3,4
2026-08-20,GBU,OPT,GBUH7 P13050,2027-03-05,P,1.305,0.008500000,3,4
2026-08-20,GBU,OPT,GBUH7 P13100,2027-03-05,P,1.31,0.009400000,3,
2026-08-20,GBU,OPT,GBUH7 P13150,2027-03-05,P,1.315,0.010300000,3,
2026-08-20,GBU,OPT,GBUH7 P13200,2027-03-05,P,1.32,0.011400000,3,
2026-08-20,GBU,OPT,GBUH7 P13250,2027-03-05,P,1.325,0.012600000,3,3
2026-08-20,GBU,OPT,GBUH7 P13300,2027-03-05,P,1.33,0.013900000,3,6
2026-08-20,GBU,OPT,GBUH7 P13350,2027-03-05,P,1.335,0.015300000,3,32
2026-08-20,GBU,OPT,GBUH7 P13400,2027-03-05,P,1.34,0.016800000,3,4
2026-08-20,GBU,OPT,GBUH7 P13450,2027-03-05,P,1.345,0.018500000,3,1
2026-08-20,GBU,OPT,GBUH7 P13500,2027-03-05,P,1.35,0.020400000,3,4
2026-08-20,GBU,OPT,GBUH7 P13550,2027-03-05,P,1.355,0.022400000,3,
2026-08-20,GBU,OPT,GBUH7 P13600,2027-03-05,P,1.36,0.024600000,3,1
2026-08-20,GBU,OPT,GBUH7 P13650,2027-03-05,P,1.365,0.027000000,3,
2026-08-20,GBU,OPT,GBUH7 P13700,2027-03-05,P,1.37,0.029500000,3,
2026-08-20,GBU,OPT,GBUH7 P13750,2027-03-05,P,1.375,0.032200000,3,
2026-08-20,GBU,OPT,GBUH7 P13800,2027-03-05,P,1.38,0.035100000,3,
2026-08-20,GBU,OPT,GBUH7 P13850,2027-03-05,P,1.385,0.038100000,3,
2026-08-20,GBU,OPT,GBUH7 P13900,2027-03-05,P,1.39,0.041300000,3,
2026-08-20,GBU,OPT,GBUH7 P13950,2027-03-05,P,1.395,0.044600000,3,
2026-08-20,GBU,OPT,GBUH7 P14000,2027-03-05,P,1.4,0.048100000,3,
2026-08-20,GBU,OPT,GBUH7 P14050,2027-03-05,P,1.405,0.051800000,3,
2026-08-20,GBU,OPT,GBUH7 P14100,2027-03-05,P,1.41,0.055500000,3,
2026-08-20,GBU,OPT,GBUH7 P14150,2027-03-05,P,1.415,0.059400000,3,
2026-08-20,GBU,OPT,GBUH7 P14200,2027-03-05,P,1.42,0.063400000,3,
2026-08-20,GBU,OPT,GBUH7 P14250,2027-03-05,P,1.425,0.067500000,3,
2026-08-20,GBU,OPT,GBUH7 P14300,2027-03-05,P,1.43,0.071700000,3,
2026-08-20,GBU,OPT,GBUH7 P14400,2027-03-05,P,1.44,0.080300000,3,
2026-08-20,GBU,OPT,GBUH7 P14500,2027-03-05,P,1.45,0.089200000,3,
2026-08-20,GBU,OPT,GBUH7 P14600,2027-03-05,P,1.46,0.098200000,3,
2026-08-20,GBU,OPT,GBUH7 P14700,2027-03-05,P,1.47,0.107500000,3,
2026-08-20,GBU,OPT,GBUH7 P14800,2027-03-05,P,1.48,0.116900000,3,
2026-08-20,GBU,OPT,GBUH7 P14900,2027-03-05,P,1.49,0.126400000,3,
2026-08-20,GBU,OPT,GBUH7 P15000,2027-03-05,P,1.5,0.136000000,3,
2026-08-20,GBU,OPT,GBUH7 P15100,2027-03-05,P,1.51,0.145600000,3,
2026-08-20,GBU,OPT,GBUH7 P15200,2027-03-05,P,1.52,0.155200000,3,
2026-08-20,GBU,OPT,GBUH7 P15300,2027-03-05,P,1.53,0.164900000,3,
2026-08-20,GBU,OPT,GBUH7 P15400,2027-03-05,P,1.54,0.174600000,3,
2026-08-20,GBU,OPT,GBUH7 P15500,2027-03-05,P,1.55,0.184300000,3,
2026-08-20,GBU,OPT,GBUH7 P15600,2027-03-05,P,1.56,0.194100000,3,
2026-08-20,GBU,OPT,GBUH7 P15700,2027-03-05,P,1.57,0.203800000,3,
2026-08-20,GBU,OPT,GBUH7 P15800,2027-03-05,P,1.58,0.213600000,3,
2026-08-20,GBU,OPT,GBUJ7 C11200,2027-04-09,C,1.12,0.236400000,3,
2026-08-20,GBU,OPT,GBUJ7 C11300,2027-04-09,C,1.13,0.226700000,3,
2026-08-20,GBU,OPT,GBUJ7 C11400,2027-04-09,C,1.14,0.217100000,3,
2026-08-20,GBU,OPT,GBUJ7 C11500,2027-04-09,C,1.15,0.207400000,3,
2026-08-20,GBU,OPT,GBUJ7 C11600,2027-04-09,C,1.16,0.197800000,3,
2026-08-20,GBU,OPT,GBUJ7 C11700,2027-04-09,C,1.17,0.188100000,3,
2026-08-20,GBU,OPT,GBUJ7 C11800,2027-04-09,C,1.18,0.178500000,3,
2026-08-20,GBU,OPT,GBUJ7 C11900,2027-04-09,C,1.19,0.169000000,3,
2026-08-20,GBU,OPT,GBUJ7 C12000,2027-04-09,C,1.2,0.159500000,3,
2026-08-20,GBU,OPT,GBUJ7 C12100,2027-04-09,C,1.21,0.150000000,3,
2026-08-20,GBU,OPT,GBUJ7 C12200,2027-04-09,C,1.22,0.140600000,3,
2026-08-20,GBU,OPT,GBUJ7 C12300,2027-04-09,C,1.23,0.131200000,3,
2026-08-20,GBU,OPT,GBUJ7 C12400,2027-04-09,C,1.24,0.122000000,3,
2026-08-20,GBU,OPT,GBUJ7 C12500,2027-04-09,C,1.25,0.112800000,3,
2026-08-20,GBU,OPT,GBUJ7 C12600,2027-04-09,C,1.26,0.103800000,3,
2026-08-20,GBU,OPT,GBUJ7 C12650,2027-04-09,C,1.265,0.099400000,3,
2026-08-20,GBU,OPT,GBUJ7 C12700,2027-04-09,C,1.27,0.095000000,3,
2026-08-20,GBU,OPT,GBUJ7 C12750,2027-04-09,C,1.275,0.090700000,3,
2026-08-20,GBU,OPT,GBUJ7 C12800,2027-04-09,C,1.28,0.086400000,3,
2026-08-20,GBU,OPT,GBUJ7 C12850,2027-04-09,C,1.285,0.082200000,3,
2026-08-20,GBU,OPT,GBUJ7 C12900,2027-04-09,C,1.29,0.078000000,3,
2026-08-20,GBU,OPT,GBUJ7 C12950,2027-04-09,C,1.295,0.073900000,3,
2026-08-20,GBU,OPT,GBUJ7 C13000,2027-04-09,C,1.3,0.069800000,3,
2026-08-20,GBU,OPT,GBUJ7 C13050,2027-04-09,C,1.305,0.065800000,3,
2026-08-20,GBU,OPT,GBUJ7 C13100,2027-04-09,C,1.31,0.061900000,3,
2026-08-20,GBU,OPT,GBUJ7 C13150,2027-04-09,C,1.315,0.058100000,3,
2026-08-20,GBU,OPT,GBUJ7 C13200,2027-04-09,C,1.32,0.054400000,3,
2026-08-20,GBU,OPT,GBUJ7 C13250,2027-04-09,C,1.325,0.050800000,3,
2026-08-20,GBU,OPT,GBUJ7 C13300,2027-04-09,C,1.33,0.047300000,3,
2026-08-20,GBU,OPT,GBUJ7 C13350,2027-04-09,C,1.335,0.044000000,3,3
2026-08-20,GBU,OPT,GBUJ7 C13400,2027-04-09,C,1.34,0.040700000,3,
2026-08-20,GBU,OPT,GBUJ7 C13450,2027-04-09,C,1.345,0.037600000,3,
2026-08-20,GBU,OPT,GBUJ7 C13500,2027-04-09,C,1.35,0.034700000,3,22
2026-08-20,GBU,OPT,GBUJ7 C13550,2027-04-09,C,1.355,0.031800000,3,
2026-08-20,GBU,OPT,GBUJ7 C13600,2027-04-09,C,1.36,0.029200000,3,
2026-08-20,GBU,OPT,GBUJ7 C13650,2027-04-09,C,1.365,0.026600000,3,1
2026-08-20,GBU,OPT,GBUJ7 C13700,2027-04-09,C,1.37,0.024300000,3,1
2026-08-20,GBU,OPT,GBUJ7 C13750,2027-04-09,C,1.375,0.022000000,3,
2026-08-20,GBU,OPT,GBUJ7 C13800,2027-04-09,C,1.38,0.020000000,3,
2026-08-20,GBU,OPT,GBUJ7 C13850,2027-04-09,C,1.385,0.018000000,3,
2026-08-20,GBU,OPT,GBUJ7 C13900,2027-04-09,C,1.39,0.016300000,3,
2026-08-20,GBU,OPT,GBUJ7 C13950,2027-04-09,C,1.395,0.014600000,3,
2026-08-20,GBU,OPT,GBUJ7 C14000,2027-04-09,C,1.4,0.013100000,3,22
2026-08-20,GBU,OPT,GBUJ7 C14050,2027-04-09,C,1.405,0.011800000,3,
2026-08-20,GBU,OPT,GBUJ7 C14100,2027-04-09,C,1.41,0.010500000,3,
2026-08-20,GBU,OPT,GBUJ7 C14200,2027-04-09,C,1.42,0.008400000,3,
2026-08-20,GBU,OPT,GBUJ7 C14300,2027-04-09,C,1.43,0.006700000,3,
2026-08-20,GBU,OPT,GBUJ7 C14400,2027-04-09,C,1.44,0.005300000,3,
2026-08-20,GBU,OPT,GBUJ7 C14500,2027-04-09,C,1.45,0.004200000,3,
2026-08-20,GBU,OPT,GBUJ7 C14600,2027-04-09,C,1.46,0.003400000,3,
2026-08-20,GBU,OPT,GBUJ7 C14700,2027-04-09,C,1.47,0.002700000,3,4
2026-08-20,GBU,OPT,GBUJ7 C14800,2027-04-09,C,1.48,0.002100000,3,
2026-08-20,GBU,OPT,GBUJ7 C14900,2027-04-09,C,1.49,0.001700000,3,
2026-08-20,GBU,OPT,GBUJ7 C15000,2027-04-09,C,1.5,0.001400000,3,
2026-08-20,GBU,OPT,GBUJ7 C15100,2027-04-09,C,1.51,0.001100000,3,
2026-08-20,GBU,OPT,GBUJ7 C15200,2027-04-09,C,1.52,0.000900000,3,
2026-08-20,GBU,OPT,GBUJ7 C15300,2027-04-09,C,1.53,0.000800000,3,
2026-08-20,GBU,OPT,GBUJ7 C15400,2027-04-09,C,1.54,0.000600000,3,
2026-08-20,GBU,OPT,GBUJ7 C15500,2027-04-09,C,1.55,0.000500000,3,
2026-08-20,GBU,OPT,GBUJ7 C15600,2027-04-09,C,1.56,0.000500000,3,
2026-08-20,GBU,OPT,GBUJ7 P11200,2027-04-09,P,1.12,0.000700000,3,
2026-08-20,GBU,OPT,GBUJ7 P11300,2027-04-09,P,1.13,0.000800000,3,
2026-08-20,GBU,OPT,GBUJ7 P11400,2027-04-09,P,1.14,0.000900000,3,
2026-08-20,GBU,OPT,GBUJ7 P11500,2027-04-09,P,1.15,0.001000000,3,
2026-08-20,GBU,OPT,GBUJ7 P11600,2027-04-09,P,1.16,0.001100000,3,
2026-08-20,GBU,OPT,GBUJ7 P11700,2027-04-09,P,1.17,0.001200000,3,
2026-08-20,GBU,OPT,GBUJ7 P11800,2027-04-09,P,1.18,0.001400000,3,90
2026-08-20,GBU,OPT,GBUJ7 P11900,2027-04-09,P,1.19,0.001600000,3,
2026-08-20,GBU,OPT,GBUJ7 P12000,2027-04-09,P,1.2,0.001800000,3,5
2026-08-20,GBU,OPT,GBUJ7 P12100,2027-04-09,P,1.21,0.002100000,3,
2026-08-20,GBU,OPT,GBUJ7 P12200,2027-04-09,P,1.22,0.002500000,3,
2026-08-20,GBU,OPT,GBUJ7 P12300,2027-04-09,P,1.23,0.002900000,3,
2026-08-20,GBU,OPT,GBUJ7 P12400,2027-04-09,P,1.24,0.003400000,3,
2026-08-20,GBU,OPT,GBUJ7 P12500,2027-04-09,P,1.25,0.004000000,3,10
2026-08-20,GBU,OPT,GBUJ7 P12600,2027-04-09,P,1.26,0.004800000,3,
2026-08-20,GBU,OPT,GBUJ7 P12650,2027-04-09,P,1.265,0.005200000,3,
2026-08-20,GBU,OPT,GBUJ7 P12700,2027-04-09,P,1.27,0.005700000,3,1
2026-08-20,GBU,OPT,GBUJ7 P12750,2027-04-09,P,1.275,0.006300000,3,
2026-08-20,GBU,OPT,GBUJ7 P12800,2027-04-09,P,1.28,0.006800000,3,23
2026-08-20,GBU,OPT,GBUJ7 P12850,2027-04-09,P,1.285,0.007500000,3,
2026-08-20,GBU,OPT,GBUJ7 P12900,2027-04-09,P,1.29,0.008200000,3,
2026-08-20,GBU,OPT,GBUJ7 P12950,2027-04-09,P,1.295,0.009000000,3,
2026-08-20,GBU,OPT,GBUJ7 P13000,2027-04-09,P,1.3,0.009800000,3,
2026-08-20,GBU,OPT,GBUJ7 P13050,2027-04-09,P,1.305,0.010700000,3,
2026-08-20,GBU,OPT,GBUJ7 P13100,2027-04-09,P,1.31,0.011700000,3,
2026-08-20,GBU,OPT,GBUJ7 P13150,2027-04-09,P,1.315,0.012800000,3,
2026-08-20,GBU,OPT,GBUJ7 P13200,2027-04-09,P,1.32,0.013900000,3,
2026-08-20,GBU,OPT,GBUJ7 P13250,2027-04-09,P,1.325,0.015200000,3,
2026-08-20,GBU,OPT,GBUJ7 P13300,2027-04-09,P,1.33,0.016600000,3,600
2026-08-20,GBU,OPT,GBUJ7 P13350,2027-04-09,P,1.335,0.018100000,3,
2026-08-20,GBU,OPT,GBUJ7 P13400,2027-04-09,P,1.34,0.019700000,3,50
2026-08-20,GBU,OPT,GBUJ7 P13450,2027-04-09,P,1.345,0.021500000,3,
2026-08-20,GBU,OPT,GBUJ7 P13500,2027-04-09,P,1.35,0.023400000,3,
2026-08-20,GBU,OPT,GBUJ7 P13550,2027-04-09,P,1.355,0.025500000,3,3
2026-08-20,GBU,OPT,GBUJ7 P13600,2027-04-09,P,1.36,0.027700000,3,50
2026-08-20,GBU,OPT,GBUJ7 P13650,2027-04-09,P,1.365,0.030100000,3,
2026-08-20,GBU,OPT,GBUJ7 P13700,2027-04-09,P,1.37,0.032600000,3,
2026-08-20,GBU,OPT,GBUJ7 P13750,2027-04-09,P,1.375,0.035200000,3,
2026-08-20,GBU,OPT,GBUJ7 P13800,2027-04-09,P,1.38,0.038000000,3,
2026-08-20,GBU,OPT,GBUJ7 P13850,2027-04-09,P,1.385,0.041000000,3,
2026-08-20,GBU,OPT,GBUJ7 P13900,2027-04-09,P,1.39,0.044100000,3,
2026-08-20,GBU,OPT,GBUJ7 P13950,2027-04-09,P,1.395,0.047300000,3,
2026-08-20,GBU,OPT,GBUJ7 P14000,2027-04-09,P,1.4,0.050700000,3,
2026-08-20,GBU,OPT,GBUJ7 P14050,2027-04-09,P,1.405,0.054200000,3,
2026-08-20,GBU,OPT,GBUJ7 P14100,2027-04-09,P,1.41,0.057900000,3,
2026-08-20,GBU,OPT,GBUJ7 P14200,2027-04-09,P,1.42,0.065500000,3,
2026-08-20,GBU,OPT,GBUJ7 P14300,2027-04-09,P,1.43,0.073600000,3,1
2026-08-20,GBU,OPT,GBUJ7 P14400,2027-04-09,P,1.44,0.082000000,3,1
2026-08-20,GBU,OPT,GBUJ7 P14500,2027-04-09,P,1.45,0.090600000,3,
2026-08-20,GBU,OPT,GBUJ7 P14600,2027-04-09,P,1.46,0.099500000,3,
2026-08-20,GBU,OPT,GBUJ7 P14700,2027-04-09,P,1.47,0.108600000,3,
2026-08-20,GBU,OPT,GBUJ7 P14800,2027-04-09,P,1.48,0.117800000,3,
2026-08-20,GBU,OPT,GBUJ7 P14900,2027-04-09,P,1.49,0.127100000,3,
2026-08-20,GBU,OPT,GBUJ7 P15000,2027-04-09,P,1.5,0.136500000,3,
2026-08-20,GBU,OPT,GBUJ7 P15100,2027-04-09,P,1.51,0.146000000,3,
2026-08-20,GBU,OPT,GBUJ7 P15200,2027-04-09,P,1.52,0.155600000,3,
2026-08-20,GBU,OPT,GBUJ7 P15300,2027-04-09,P,1.53,0.165200000,3,
2026-08-20,GBU,OPT,GBUJ7 P15400,2027-04-09,P,1.54,0.174900000,3,
2026-08-20,GBU,OPT,GBUJ7 P15500,2027-04-09,P,1.55,0.184500000,3,
2026-08-20,GBU,OPT,GBUJ7 P15600,2027-04-09,P,1.56,0.194200000,3,
2026-08-20,GBU,OPT,GBUK7 C11200,2027-05-07,C,1.12,0.235800000,3,
2026-08-20,GBU,OPT,GBUK7 C11300,2027-05-07,C,1.13,0.226200000,3,
2026-08-20,GBU,OPT,GBUK7 C11400,2027-05-07,C,1.14,0.216500000,3,
2026-08-20,GBU,OPT,GBUK7 C11500,2027-05-07,C,1.15,0.206900000,3,
2026-08-20,GBU,OPT,GBUK7 C11600,2027-05-07,C,1.16,0.197400000,3,
2026-08-20,GBU,OPT,GBUK7 C11700,2027-05-07,C,1.17,0.187800000,3,
2026-08-20,GBU,OPT,GBUK7 C11800,2027-05-07,C,1.18,0.178300000,3,
2026-08-20,GBU,OPT,GBUK7 C11900,2027-05-07,C,1.19,0.168800000,3,
2026-08-20,GBU,OPT,GBUK7 C12000,2027-05-07,C,1.2,0.159400000,3,
2026-08-20,GBU,OPT,GBUK7 C12100,2027-05-07,C,1.21,0.150100000,3,
2026-08-20,GBU,OPT,GBUK7 C12200,2027-05-07,C,1.22,0.140800000,3,
2026-08-20,GBU,OPT,GBUK7 C12300,2027-05-07,C,1.23,0.131600000,3,
2026-08-20,GBU,OPT,GBUK7 C12400,2027-05-07,C,1.24,0.122500000,3,
2026-08-20,GBU,OPT,GBUK7 C12500,2027-05-07,C,1.25,0.113600000,3,
2026-08-20,GBU,OPT,GBUK7 C12600,2027-05-07,C,1.26,0.104700000,3,
2026-08-20,GBU,OPT,GBUK7 C12650,2027-05-07,C,1.265,0.100400000,3,
2026-08-20,GBU,OPT,GBUK7 C12700,2027-05-07,C,1.27,0.096100000,3,
2026-08-20,GBU,OPT,GBUK7 C12750,2027-05-07,C,1.275,0.091800000,3,
2026-08-20,GBU,OPT,GBUK7 C12800,2027-05-07,C,1.28,0.087600000,3,
2026-08-20,GBU,OPT,GBUK7 C12850,2027-05-07,C,1.285,0.083400000,3,
2026-08-20,GBU,OPT,GBUK7 C12900,2027-05-07,C,1.29,0.079300000,3,
2026-08-20,GBU,OPT,GBUK7 C12950,2027-05-07,C,1.295,0.075300000,3,
2026-08-20,GBU,OPT,GBUK7 C13000,2027-05-07,C,1.3,0.071300000,3,
2026-08-20,GBU,OPT,GBUK7 C13050,2027-05-07,C,1.305,0.067400000,3,
2026-08-20,GBU,OPT,GBUK7 C13100,2027-05-07,C,1.31,0.063600000,3,
2026-08-20,GBU,OPT,GBUK7 C13150,2027-05-07,C,1.315,0.059900000,3,
2026-08-20,GBU,OPT,GBUK7 C13200,2027-05-07,C,1.32,0.056300000,3,4
2026-08-20,GBU,OPT,GBUK7 C13250,2027-05-07,C,1.325,0.052700000,3,
2026-08-20,GBU,OPT,GBUK7 C13300,2027-05-07,C,1.33,0.049300000,3,
2026-08-20,GBU,OPT,GBUK7 C13350,2027-05-07,C,1.335,0.046000000,3,
2026-08-20,GBU,OPT,GBUK7 C13400,2027-05-07,C,1.34,0.042800000,3,5
2026-08-20,GBU,OPT,GBUK7 C13450,2027-05-07,C,1.345,0.039700000,3,
2026-08-20,GBU,OPT,GBUK7 C13500,2027-05-07,C,1.35,0.036700000,3,
2026-08-20,GBU,OPT,GBUK7 C13550,2027-05-07,C,1.355,0.033900000,3,
2026-08-20,GBU,OPT,GBUK7 C13600,2027-05-07,C,1.36,0.031200000,3,
2026-08-20,GBU,OPT,GBUK7 C13650,2027-05-07,C,1.365,0.028700000,3,1
2026-08-20,GBU,OPT,GBUK7 C13700,2027-05-07,C,1.37,0.026200000,3,1
2026-08-20,GBU,OPT,GBUK7 C13750,2027-05-07,C,1.375,0.024000000,3,
2026-08-20,GBU,OPT,GBUK7 C13800,2027-05-07,C,1.38,0.021900000,3,
2026-08-20,GBU,OPT,GBUK7 C13850,2027-05-07,C,1.385,0.019900000,3,
2026-08-20,GBU,OPT,GBUK7 C13900,2027-05-07,C,1.39,0.018100000,3,
2026-08-20,GBU,OPT,GBUK7 C13950,2027-05-07,C,1.395,0.016400000,3,
2026-08-20,GBU,OPT,GBUK7 C14000,2027-05-07,C,1.4,0.014900000,3,
2026-08-20,GBU,OPT,GBUK7 C14050,2027-05-07,C,1.405,0.013500000,3,
2026-08-20,GBU,OPT,GBUK7 C14100,2027-05-07,C,1.41,0.012200000,3,
2026-08-20,GBU,OPT,GBUK7 C14200,2027-05-07,C,1.42,0.010000000,3,
2026-08-20,GBU,OPT,GBUK7 C14300,2027-05-07,C,1.43,0.008200000,3,
2026-08-20,GBU,OPT,GBUK7 C14400,2027-05-07,C,1.44,0.006700000,3,
2026-08-20,GBU,OPT,GBUK7 C14500,2027-05-07,C,1.45,0.005400000,3,
2026-08-20,GBU,OPT,GBUK7 C14600,2027-05-07,C,1.46,0.004400000,3,
2026-08-20,GBU,OPT,GBUK7 C14700,2027-05-07,C,1.47,0.003500000,3,
2026-08-20,GBU,OPT,GBUK7 C14800,2027-05-07,C,1.48,0.002900000,3,
2026-08-20,GBU,OPT,GBUK7 C14900,2027-05-07,C,1.49,0.002300000,3,
2026-08-20,GBU,OPT,GBUK7 C15000,2027-05-07,C,1.5,0.001900000,3,
2026-08-20,GBU,OPT,GBUK7 C15100,2027-05-07,C,1.51,0.001500000,3,
2026-08-20,GBU,OPT,GBUK7 C15200,2027-05-07,C,1.52,0.001200000,3,2
2026-08-20,GBU,OPT,GBUK7 C15300,2027-05-07,C,1.53,0.001000000,3,
2026-08-20,GBU,OPT,GBUK7 C15400,2027-05-07,C,1.54,0.000800000,3,
2026-08-20,GBU,OPT,GBUK7 C15500,2027-05-07,C,1.55,0.000600000,3,
2026-08-20,GBU,OPT,GBUK7 C15600,2027-05-07,C,1.56,0.000500000,3,
2026-08-20,GBU,OPT,GBUK7 P11200,2027-05-07,P,1.12,0.000800000,3,
2026-08-20,GBU,OPT,GBUK7 P11300,2027-05-07,P,1.13,0.000900000,3,2
2026-08-20,GBU,OPT,GBUK7 P11400,2027-05-07,P,1.14,0.001000000,3,
2026-08-20,GBU,OPT,GBUK7 P11500,2027-05-07,P,1.15,0.001200000,3,3
2026-08-20,GBU,OPT,GBUK7 P11600,2027-05-07,P,1.16,0.001300000,3,
2026-08-20,GBU,OPT,GBUK7 P11700,2027-05-07,P,1.17,0.001500000,3,
2026-08-20,GBU,OPT,GBUK7 P11800,2027-05-07,P,1.18,0.001700000,3,
2026-08-20,GBU,OPT,GBUK7 P11900,2027-05-07,P,1.19,0.001900000,3,
2026-08-20,GBU,OPT,GBUK7 P12000,2027-05-07,P,1.2,0.002300000,3,
2026-08-20,GBU,OPT,GBUK7 P12100,2027-05-07,P,1.21,0.002600000,3,
2026-08-20,GBU,OPT,GBUK7 P12200,2027-05-07,P,1.22,0.003100000,3,
2026-08-20,GBU,OPT,GBUK7 P12300,2027-05-07,P,1.23,0.003700000,3,
2026-08-20,GBU,OPT,GBUK7 P12400,2027-05-07,P,1.24,0.004300000,3,
2026-08-20,GBU,OPT,GBUK7 P12500,2027-05-07,P,1.25,0.005100000,3,
2026-08-20,GBU,OPT,GBUK7 P12600,2027-05-07,P,1.26,0.006000000,3,
2026-08-20,GBU,OPT,GBUK7 P12650,2027-05-07,P,1.265,0.006500000,3,
2026-08-20,GBU,OPT,GBUK7 P12700,2027-05-07,P,1.27,0.007100000,3,1
2026-08-20,GBU,OPT,GBUK7 P12750,2027-05-07,P,1.275,0.007600000,3,
2026-08-20,GBU,OPT,GBUK7 P12800,2027-05-07,P,1.28,0.008300000,3,1
2026-08-20,GBU,OPT,GBUK7 P12850,2027-05-07,P,1.285,0.009000000,3,
2026-08-20,GBU,OPT,GBUK7 P12900,2027-05-07,P,1.29,0.009800000,3,
2026-08-20,GBU,OPT,GBUK7 P12950,2027-05-07,P,1.295,0.010600000,3,
2026-08-20,GBU,OPT,GBUK7 P13000,2027-05-07,P,1.3,0.011500000,3,10
2026-08-20,GBU,OPT,GBUK7 P13050,2027-05-07,P,1.305,0.012500000,3,
2026-08-20,GBU,OPT,GBUK7 P13100,2027-05-07,P,1.31,0.013500000,3,
2026-08-20,GBU,OPT,GBUK7 P13150,2027-05-07,P,1.315,0.014600000,3,
2026-08-20,GBU,OPT,GBUK7 P13200,2027-05-07,P,1.32,0.015900000,3,50
2026-08-20,GBU,OPT,GBUK7 P13250,2027-05-07,P,1.325,0.017200000,3,
2026-08-20,GBU,OPT,GBUK7 P13300,2027-05-07,P,1.33,0.018600000,3,
2026-08-20,GBU,OPT,GBUK7 P13350,2027-05-07,P,1.335,0.020200000,3,
2026-08-20,GBU,OPT,GBUK7 P13400,2027-05-07,P,1.34,0.021800000,3,
2026-08-20,GBU,OPT,GBUK7 P13450,2027-05-07,P,1.345,0.023600000,3,
2026-08-20,GBU,OPT,GBUK7 P13500,2027-05-07,P,1.35,0.025500000,3,50
2026-08-20,GBU,OPT,GBUK7 P13550,2027-05-07,P,1.355,0.027600000,3,
2026-08-20,GBU,OPT,GBUK7 P13600,2027-05-07,P,1.36,0.029700000,3,
2026-08-20,GBU,OPT,GBUK7 P13650,2027-05-07,P,1.365,0.032100000,3,
2026-08-20,GBU,OPT,GBUK7 P13700,2027-05-07,P,1.37,0.034500000,3,
2026-08-20,GBU,OPT,GBUK7 P13750,2027-05-07,P,1.375,0.037100000,3,
2026-08-20,GBU,OPT,GBUK7 P13800,2027-05-07,P,1.38,0.039900000,3,
2026-08-20,GBU,OPT,GBUK7 P13850,2027-05-07,P,1.385,0.042800000,3,
2026-08-20,GBU,OPT,GBUK7 P13900,2027-05-07,P,1.39,0.045800000,3,
2026-08-20,GBU,OPT,GBUK7 P13950,2027-05-07,P,1.395,0.049000000,3,
2026-08-20,GBU,OPT,GBUK7 P14000,2027-05-07,P,1.4,0.052300000,3,
2026-08-20,GBU,OPT,GBUK7 P14050,2027-05-07,P,1.405,0.055800000,3,
2026-08-20,GBU,OPT,GBUK7 P14100,2027-05-07,P,1.41,0.059400000,3,
2026-08-20,GBU,OPT,GBUK7 P14200,2027-05-07,P,1.42,0.066900000,3,
2026-08-20,GBU,OPT,GBUK7 P14300,2027-05-07,P,1.43,0.074800000,3,
2026-08-20,GBU,OPT,GBUK7 P14400,2027-05-07,P,1.44,0.083000000,3,
2026-08-20,GBU,OPT,GBUK7 P14500,2027-05-07,P,1.45,0.091500000,3,
2026-08-20,GBU,OPT,GBUK7 P14600,2027-05-07,P,1.46,0.100200000,3,
2026-08-20,GBU,OPT,GBUK7 P14700,2027-05-07,P,1.47,0.109100000,3,
2026-08-20,GBU,OPT,GBUK7 P14800,2027-05-07,P,1.48,0.118200000,3,
2026-08-20,GBU,OPT,GBUK7 P14900,2027-05-07,P,1.49,0.127300000,3,
2026-08-20,GBU,OPT,GBUK7 P15000,2027-05-07,P,1.5,0.136600000,3,
2026-08-20,GBU,OPT,GBUK7 P15100,2027-05-07,P,1.51,0.146000000,3,
2026-08-20,GBU,OPT,GBUK7 P15200,2027-05-07,P,1.52,0.155400000,3,
2026-08-20,GBU,OPT,GBUK7 P15300,2027-05-07,P,1.53,0.164900000,3,
2026-08-20,GBU,OPT,GBUK7 P15400,2027-05-07,P,1.54,0.174500000,3,
2026-08-20,GBU,OPT,GBUK7 P15500,2027-05-07,P,1.55,0.184000000,3,
2026-08-20,GBU,OPT,GBUK7 P15600,2027-05-07,P,1.56,0.193600000,3,
2026-08-20,GBU,OPT,GBUM7 C11000,2027-06-04,C,1.1,0.254500000,3,
2026-08-20,GBU,OPT,GBUM7 C11100,2027-06-04,C,1.11,0.244900000,3,
2026-08-20,GBU,OPT,GBUM7 C11200,2027-06-04,C,1.12,0.235300000,3,
2026-08-20,GBU,OPT,GBUM7 C11300,2027-06-04,C,1.13,0.225700000,3,
2026-08-20,GBU,OPT,GBUM7 C11400,2027-06-04,C,1.14,0.216200000,3,
2026-08-20,GBU,OPT,GBUM7 C11500,2027-06-04,C,1.15,0.206600000,3,
2026-08-20,GBU,OPT,GBUM7 C11600,2027-06-04,C,1.16,0.197100000,3,
2026-08-20,GBU,OPT,GBUM7 C11700,2027-06-04,C,1.17,0.187600000,3,
2026-08-20,GBU,OPT,GBUM7 C11800,2027-06-04,C,1.18,0.178200000,3,
2026-08-20,GBU,OPT,GBUM7 C11900,2027-06-04,C,1.19,0.168800000,3,
2026-08-20,GBU,OPT,GBUM7 C12000,2027-06-04,C,1.2,0.159500000,3,
2026-08-20,GBU,OPT,GBUM7 C12100,2027-06-04,C,1.21,0.150300000,3,
2026-08-20,GBU,OPT,GBUM7 C12200,2027-06-04,C,1.22,0.141100000,3,
2026-08-20,GBU,OPT,GBUM7 C12300,2027-06-04,C,1.23,0.132100000,3,
2026-08-20,GBU,OPT,GBUM7 C12400,2027-06-04,C,1.24,0.123100000,3,
2026-08-20,GBU,OPT,GBUM7 C12500,2027-06-04,C,1.25,0.114300000,3,
2026-08-20,GBU,OPT,GBUM7 C12550,2027-06-04,C,1.255,0.109900000,3,
2026-08-20,GBU,OPT,GBUM7 C12600,2027-06-04,C,1.26,0.105600000,3,
2026-08-20,GBU,OPT,GBUM7 C12650,2027-06-04,C,1.265,0.101300000,3,
2026-08-20,GBU,OPT,GBUM7 C12700,2027-06-04,C,1.27,0.097100000,3,
2026-08-20,GBU,OPT,GBUM7 C12750,2027-06-04,C,1.275,0.092900000,3,
2026-08-20,GBU,OPT,GBUM7 C12800,2027-06-04,C,1.28,0.088700000,3,
2026-08-20,GBU,OPT,GBUM7 C12850,2027-06-04,C,1.285,0.084600000,3,
2026-08-20,GBU,OPT,GBUM7 C12900,2027-06-04,C,1.29,0.080600000,3,
2026-08-20,GBU,OPT,GBUM7 C12950,2027-06-04,C,1.295,0.076600000,3,
2026-08-20,GBU,OPT,GBUM7 C13000,2027-06-04,C,1.3,0.072700000,3,
2026-08-20,GBU,OPT,GBUM7 C13050,2027-06-04,C,1.305,0.068900000,3,
2026-08-20,GBU,OPT,GBUM7 C13100,2027-06-04,C,1.31,0.065100000,3,
2026-08-20,GBU,OPT,GBUM7 C13150,2027-06-04,C,1.315,0.061400000,3,
2026-08-20,GBU,OPT,GBUM7 C13200,2027-06-04,C,1.32,0.057900000,3,
2026-08-20,GBU,OPT,GBUM7 C13250,2027-06-04,C,1.325,0.054400000,3,
2026-08-20,GBU,OPT,GBUM7 C13300,2027-06-04,C,1.33,0.051100000,3,
2026-08-20,GBU,OPT,GBUM7 C13350,2027-06-04,C,1.335,0.047800000,3,
2026-08-20,GBU,OPT,GBUM7 C13400,2027-06-04,C,1.34,0.044600000,3,
2026-08-20,GBU,OPT,GBUM7 C13450,2027-06-04,C,1.345,0.041600000,3,
2026-08-20,GBU,OPT,GBUM7 C13500,2027-06-04,C,1.35,0.038700000,3,5
2026-08-20,GBU,OPT,GBUM7 C13550,2027-06-04,C,1.355,0.035900000,3,
2026-08-20,GBU,OPT,GBUM7 C13600,2027-06-04,C,1.36,0.033200000,3,
2026-08-20,GBU,OPT,GBUM7 C13650,2027-06-04,C,1.365,0.030600000,3,2
2026-08-20,GBU,OPT,GBUM7 C13700,2027-06-04,C,1.37,0.028200000,3,1
2026-08-20,GBU,OPT,GBUM7 C13750,2027-06-04,C,1.375,0.025900000,3,4
2026-08-20,GBU,OPT,GBUM7 C13800,2027-06-04,C,1.38,0.023800000,3,5
2026-08-20,GBU,OPT,GBUM7 C13850,2027-06-04,C,1.385,0.021700000,3,
2026-08-20,GBU,OPT,GBUM7 C13900,2027-06-04,C,1.39,0.019800000,3,
2026-08-20,GBU,OPT,GBUM7 C13950,2027-06-04,C,1.395,0.018100000,3,
2026-08-20,GBU,OPT,GBUM7 C14000,2027-06-04,C,1.4,0.016500000,3,8
2026-08-20,GBU,OPT,GBUM7 C14050,2027-06-04,C,1.405,0.015000000,3,
2026-08-20,GBU,OPT,GBUM7 C14100,2027-06-04,C,1.41,0.013700000,3,
2026-08-20,GBU,OPT,GBUM7 C14150,2027-06-04,C,1.415,0.012500000,3,
2026-08-20,GBU,OPT,GBUM7 C14200,2027-06-04,C,1.42,0.011400000,3,1
2026-08-20,GBU,OPT,GBUM7 C14250,2027-06-04,C,1.425,0.010400000,3,
2026-08-20,GBU,OPT,GBUM7 C14300,2027-06-04,C,1.43,0.009500000,3,
2026-08-20,GBU,OPT,GBUM7 C14400,2027-06-04,C,1.44,0.007900000,3,
2026-08-20,GBU,OPT,GBUM7 C14500,2027-06-04,C,1.45,0.006500000,3,5
2026-08-20,GBU,OPT,GBUM7 C14600,2027-06-04,C,1.46,0.005400000,3,
2026-08-20,GBU,OPT,GBUM7 C14700,2027-06-04,C,1.47,0.004400000,3,
2026-08-20,GBU,OPT,GBUM7 C14800,2027-06-04,C,1.48,0.003600000,3,1
2026-08-20,GBU,OPT,GBUM7 C14900,2027-06-04,C,1.49,0.003000000,3,
2026-08-20,GBU,OPT,GBUM7 C15000,2027-06-04,C,1.5,0.002400000,3,
2026-08-20,GBU,OPT,GBUM7 C15100,2027-06-04,C,1.51,0.002000000,3,
2026-08-20,GBU,OPT,GBUM7 C15200,2027-06-04,C,1.52,0.001700000,3,
2026-08-20,GBU,OPT,GBUM7 C15300,2027-06-04,C,1.53,0.001300000,3,
2026-08-20,GBU,OPT,GBUM7 C15400,2027-06-04,C,1.54,0.001100000,3,
2026-08-20,GBU,OPT,GBUM7 C15500,2027-06-04,C,1.55,0.000900000,3,5
2026-08-20,GBU,OPT,GBUM7 C15600,2027-06-04,C,1.56,0.000700000,3,
2026-08-20,GBU,OPT,GBUM7 C15700,2027-06-04,C,1.57,0.000500000,3,
2026-08-20,GBU,OPT,GBUM7 P11000,2027-06-04,P,1.1,0.000900000,3,2
2026-08-20,GBU,OPT,GBUM7 P11100,2027-06-04,P,1.11,0.001000000,3,
2026-08-20,GBU,OPT,GBUM7 P11200,2027-06-04,P,1.12,0.001100000,3,
2026-08-20,GBU,OPT,GBUM7 P11300,2027-06-04,P,1.13,0.001200000,3,
2026-08-20,GBU,OPT,GBUM7 P11400,2027-06-04,P,1.14,0.001300000,3,
2026-08-20,GBU,OPT,GBUM7 P11500,2027-06-04,P,1.15,0.001500000,3,5
2026-08-20,GBU,OPT,GBUM7 P11600,2027-06-04,P,1.16,0.001600000,3,
2026-08-20,GBU,OPT,GBUM7 P11700,2027-06-04,P,1.17,0.001900000,3,
2026-08-20,GBU,OPT,GBUM7 P11800,2027-06-04,P,1.18,0.002100000,3,
2026-08-20,GBU,OPT,GBUM7 P11900,2027-06-04,P,1.19,0.002400000,3,1
2026-08-20,GBU,OPT,GBUM7 P12000,2027-06-04,P,1.2,0.002900000,3,2
2026-08-20,GBU,OPT,GBUM7 P12100,2027-06-04,P,1.21,0.003300000,3,
2026-08-20,GBU,OPT,GBUM7 P12200,2027-06-04,P,1.22,0.003900000,3,
2026-08-20,GBU,OPT,GBUM7 P12300,2027-06-04,P,1.23,0.004500000,3,
2026-08-20,GBU,OPT,GBUM7 P12400,2027-06-04,P,1.24,0.005300000,3,4
2026-08-20,GBU,OPT,GBUM7 P12500,2027-06-04,P,1.25,0.006100000,3,
2026-08-20,GBU,OPT,GBUM7 P12550,2027-06-04,P,1.255,0.006600000,3,
2026-08-20,GBU,OPT,GBUM7 P12600,2027-06-04,P,1.26,0.007100000,3,
2026-08-20,GBU,OPT,GBUM7 P12650,2027-06-04,P,1.265,0.007700000,3,
2026-08-20,GBU,OPT,GBUM7 P12700,2027-06-04,P,1.27,0.008300000,3,1
2026-08-20,GBU,OPT,GBUM7 P12750,2027-06-04,P,1.275,0.008900000,3,
2026-08-20,GBU,OPT,GBUM7 P12800,2027-06-04,P,1.28,0.009600000,3,
2026-08-20,GBU,OPT,GBUM7 P12850,2027-06-04,P,1.285,0.010400000,3,
2026-08-20,GBU,OPT,GBUM7 P12900,2027-06-04,P,1.29,0.011200000,3,
2026-08-20,GBU,OPT,GBUM7 P12950,2027-06-04,P,1.295,0.012100000,3,
2026-08-20,GBU,OPT,GBUM7 P13000,2027-06-04,P,1.3,0.013000000,3,8
2026-08-20,GBU,OPT,GBUM7 P13050,2027-06-04,P,1.305,0.014000000,3,
2026-08-20,GBU,OPT,GBUM7 P13100,2027-06-04,P,1.31,0.015100000,3,
2026-08-20,GBU,OPT,GBUM7 P13150,2027-06-04,P,1.315,0.016300000,3,
2026-08-20,GBU,OPT,GBUM7 P13200,2027-06-04,P,1.32,0.017600000,3,100
2026-08-20,GBU,OPT,GBUM7 P13250,2027-06-04,P,1.325,0.019000000,3,
2026-08-20,GBU,OPT,GBUM7 P13300,2027-06-04,P,1.33,0.020500000,3,2
2026-08-20,GBU,OPT,GBUM7 P13350,2027-06-04,P,1.335,0.022100000,3,
2026-08-20,GBU,OPT,GBUM7 P13400,2027-06-04,P,1.34,0.023800000,3,
2026-08-20,GBU,OPT,GBUM7 P13450,2027-06-04,P,1.345,0.025600000,3,
2026-08-20,GBU,OPT,GBUM7 P13500,2027-06-04,P,1.35,0.027500000,3,100
2026-08-20,GBU,OPT,GBUM7 P13550,2027-06-04,P,1.355,0.029600000,3,
2026-08-20,GBU,OPT,GBUM7 P13600,2027-06-04,P,1.36,0.031800000,3,0
2026-08-20,GBU,OPT,GBUM7 P13650,2027-06-04,P,1.365,0.034000000,3,
2026-08-20,GBU,OPT,GBUM7 P13700,2027-06-04,P,1.37,0.036500000,3,3
2026-08-20,GBU,OPT,GBUM7 P13750,2027-06-04,P,1.375,0.039000000,3,
2026-08-20,GBU,OPT,GBUM7 P13800,2027-06-04,P,1.38,0.041700000,3,
2026-08-20,GBU,OPT,GBUM7 P13850,2027-06-04,P,1.385,0.044500000,3,
2026-08-20,GBU,OPT,GBUM7 P13900,2027-06-04,P,1.39,0.047500000,3,1
2026-08-20,GBU,OPT,GBUM7 P13950,2027-06-04,P,1.395,0.050600000,3,
2026-08-20,GBU,OPT,GBUM7 P14000,2027-06-04,P,1.4,0.053800000,3,
2026-08-20,GBU,OPT,GBUM7 P14050,2027-06-04,P,1.405,0.057200000,3,
2026-08-20,GBU,OPT,GBUM7 P14100,2027-06-04,P,1.41,0.060800000,3,
2026-08-20,GBU,OPT,GBUM7 P14150,2027-06-04,P,1.415,0.064400000,3,
2026-08-20,GBU,OPT,GBUM7 P14200,2027-06-04,P,1.42,0.068100000,3,
2026-08-20,GBU,OPT,GBUM7 P14250,2027-06-04,P,1.425,0.072000000,3,
2026-08-20,GBU,OPT,GBUM7 P14300,2027-06-04,P,1.43,0.075900000,3,
2026-08-20,GBU,OPT,GBUM7 P14400,2027-06-04,P,1.44,0.084000000,3,
2026-08-20,GBU,OPT,GBUM7 P14500,2027-06-04,P,1.45,0.092300000,3,
2026-08-20,GBU,OPT,GBUM7 P14600,2027-06-04,P,1.46,0.100900000,3,
2026-08-20,GBU,OPT,GBUM7 P14700,2027-06-04,P,1.47,0.109700000,3,
2026-08-20,GBU,OPT,GBUM7 P14800,2027-06-04,P,1.48,0.118600000,3,
2026-08-20,GBU,OPT,GBUM7 P14900,2027-06-04,P,1.49,0.127600000,3,
2026-08-20,GBU,OPT,GBUM7 P15000,2027-06-04,P,1.5,0.136800000,3,
2026-08-20,GBU,OPT,GBUM7 P15100,2027-06-04,P,1.51,0.146000000,3,
2026-08-20,GBU,OPT,GBUM7 P15200,2027-06-04,P,1.52,0.155400000,3,
2026-08-20,GBU,OPT,GBUM7 P15300,2027-06-04,P,1.53,0.164800000,3,
2026-08-20,GBU,OPT,GBUM7 P15400,2027-06-04,P,1.54,0.174200000,3,
2026-08-20,GBU,OPT,GBUM7 P15500,2027-06-04,P,1.55,0.183700000,3,
2026-08-20,GBU,OPT,GBUM7 P15600,2027-06-04,P,1.56,0.193200000,3,
2026-08-20,GBU,OPT,GBUM7 P15700,2027-06-04,P,1.57,0.202800000,3,
2026-08-20,GBU,OPT,GBUN7 C11300,2027-07-09,C,1.13,0.224100000,3,
2026-08-20,GBU,OPT,GBUN7 C11400,2027-07-09,C,1.14,0.214700000,3,
2026-08-20,GBU,OPT,GBUN7 C11500,2027-07-09,C,1.15,0.205200000,3,
2026-08-20,GBU,OPT,GBUN7 C11600,2027-07-09,C,1.16,0.195900000,3,
2026-08-20,GBU,OPT,GBUN7 C11700,2027-07-09,C,1.17,0.186500000,3,
2026-08-20,GBU,OPT,GBUN7 C11800,2027-07-09,C,1.18,0.177200000,3,
2026-08-20,GBU,OPT,GBUN7 C11900,2027-07-09,C,1.19,0.168000000,3,
2026-08-20,GBU,OPT,GBUN7 C12000,2027-07-09,C,1.2,0.158800000,3,
2026-08-20,GBU,OPT,GBUN7 C12100,2027-07-09,C,1.21,0.149700000,3,
2026-08-20,GBU,OPT,GBUN7 C12200,2027-07-09,C,1.22,0.140700000,3,
2026-08-20,GBU,OPT,GBUN7 C12300,2027-07-09,C,1.23,0.131800000,3,
2026-08-20,GBU,OPT,GBUN7 C12400,2027-07-09,C,1.24,0.123000000,3,
2026-08-20,GBU,OPT,GBUN7 C12500,2027-07-09,C,1.25,0.114400000,3,
2026-08-20,GBU,OPT,GBUN7 C12600,2027-07-09,C,1.26,0.105800000,3,
2026-08-20,GBU,OPT,GBUN7 C12700,2027-07-09,C,1.27,0.097500000,3,
2026-08-20,GBU,OPT,GBUN7 C12800,2027-07-09,C,1.28,0.089300000,3,
2026-08-20,GBU,OPT,GBUN7 C12850,2027-07-09,C,1.285,0.085300000,3,
2026-08-20,GBU,OPT,GBUN7 C12900,2027-07-09,C,1.29,0.081400000,3,
2026-08-20,GBU,OPT,GBUN7 C12950,2027-07-09,C,1.295,0.077500000,3,
2026-08-20,GBU,OPT,GBUN7 C13000,2027-07-09,C,1.3,0.073700000,3,
2026-08-20,GBU,OPT,GBUN7 C13050,2027-07-09,C,1.305,0.069900000,3,
2026-08-20,GBU,OPT,GBUN7 C13100,2027-07-09,C,1.31,0.066300000,3,
2026-08-20,GBU,OPT,GBUN7 C13150,2027-07-09,C,1.315,0.062700000,3,
2026-08-20,GBU,OPT,GBUN7 C13200,2027-07-09,C,1.32,0.059200000,3,
2026-08-20,GBU,OPT,GBUN7 C13250,2027-07-09,C,1.325,0.055800000,3,
2026-08-20,GBU,OPT,GBUN7 C13300,2027-07-09,C,1.33,0.052500000,3,
2026-08-20,GBU,OPT,GBUN7 C13350,2027-07-09,C,1.335,0.049300000,3,
2026-08-20,GBU,OPT,GBUN7 C13400,2027-07-09,C,1.34,0.046200000,3,
2026-08-20,GBU,OPT,GBUN7 C13450,2027-07-09,C,1.345,0.043200000,3,
2026-08-20,GBU,OPT,GBUN7 C13500,2027-07-09,C,1.35,0.040300000,3,3
2026-08-20,GBU,OPT,GBUN7 C13550,2027-07-09,C,1.355,0.037600000,3,
2026-08-20,GBU,OPT,GBUN7 C13600,2027-07-09,C,1.36,0.034900000,3,1
2026-08-20,GBU,OPT,GBUN7 C13650,2027-07-09,C,1.365,0.032400000,3,
2026-08-20,GBU,OPT,GBUN7 C13700,2027-07-09,C,1.37,0.030000000,3,1
2026-08-20,GBU,OPT,GBUN7 C13750,2027-07-09,C,1.375,0.027800000,3,
2026-08-20,GBU,OPT,GBUN7 C13800,2027-07-09,C,1.38,0.025600000,3,
2026-08-20,GBU,OPT,GBUN7 C13850,2027-07-09,C,1.385,0.023600000,3,
2026-08-20,GBU,OPT,GBUN7 C13900,2027-07-09,C,1.39,0.021700000,3,
2026-08-20,GBU,OPT,GBUN7 C13950,2027-07-09,C,1.395,0.020000000,3,
2026-08-20,GBU,OPT,GBUN7 C14000,2027-07-09,C,1.4,0.018400000,3,
2026-08-20,GBU,OPT,GBUN7 C14050,2027-07-09,C,1.405,0.016900000,3,
2026-08-20,GBU,OPT,GBUN7 C14100,2027-07-09,C,1.41,0.015500000,3,
2026-08-20,GBU,OPT,GBUN7 C14200,2027-07-09,C,1.42,0.013100000,3,
2026-08-20,GBU,OPT,GBUN7 C14300,2027-07-09,C,1.43,0.011000000,3,
2026-08-20,GBU,OPT,GBUN7 C14400,2027-07-09,C,1.44,0.009200000,3,1
2026-08-20,GBU,OPT,GBUN7 C14500,2027-07-09,C,1.45,0.007700000,3,
2026-08-20,GBU,OPT,GBUN7 C14600,2027-07-09,C,1.46,0.006400000,3,
2026-08-20,GBU,OPT,GBUN7 C14700,2027-07-09,C,1.47,0.005300000,3,6
2026-08-20,GBU,OPT,GBUN7 C14800,2027-07-09,C,1.48,0.004400000,3,3
2026-08-20,GBU,OPT,GBUN7 C14900,2027-07-09,C,1.49,0.003700000,3,
2026-08-20,GBU,OPT,GBUN7 C15000,2027-07-09,C,1.5,0.003000000,3,3
2026-08-20,GBU,OPT,GBUN7 C15100,2027-07-09,C,1.51,0.002500000,3,
2026-08-20,GBU,OPT,GBUN7 C15200,2027-07-09,C,1.52,0.002100000,3,3
2026-08-20,GBU,OPT,GBUN7 C15300,2027-07-09,C,1.53,0.001700000,3,
2026-08-20,GBU,OPT,GBUN7 C15400,2027-07-09,C,1.54,0.001400000,3,
2026-08-20,GBU,OPT,GBUN7 C15500,2027-07-09,C,1.55,0.001100000,3,
2026-08-20,GBU,OPT,GBUN7 C15600,2027-07-09,C,1.56,0.000900000,3,
2026-08-20,GBU,OPT,GBUN7 P11300,2027-07-09,P,1.13,0.001300000,3,
2026-08-20,GBU,OPT,GBUN7 P11400,2027-07-09,P,1.14,0.001500000,3,
2026-08-20,GBU,OPT,GBUN7 P11500,2027-07-09,P,1.15,0.001700000,3,2
2026-08-20,GBU,OPT,GBUN7 P11600,2027-07-09,P,1.16,0.002000000,3,
2026-08-20,GBU,OPT,GBUN7 P11700,2027-07-09,P,1.17,0.002300000,3,
2026-08-20,GBU,OPT,GBUN7 P11800,2027-07-09,P,1.18,0.002700000,3,1
2026-08-20,GBU,OPT,GBUN7 P11900,2027-07-09,P,1.19,0.003200000,3,1
2026-08-20,GBU,OPT,GBUN7 P12000,2027-07-09,P,1.2,0.003700000,3,
2026-08-20,GBU,OPT,GBUN7 P12100,2027-07-09,P,1.21,0.004200000,3,
2026-08-20,GBU,OPT,GBUN7 P12200,2027-07-09,P,1.22,0.004900000,3,
2026-08-20,GBU,OPT,GBUN7 P12300,2027-07-09,P,1.23,0.005600000,3,
2026-08-20,GBU,OPT,GBUN7 P12400,2027-07-09,P,1.24,0.006500000,3,
2026-08-20,GBU,OPT,GBUN7 P12500,2027-07-09,P,1.25,0.007500000,3,
2026-08-20,GBU,OPT,GBUN7 P12600,2027-07-09,P,1.26,0.008600000,3,
2026-08-20,GBU,OPT,GBUN7 P12700,2027-07-09,P,1.27,0.010000000,3,
2026-08-20,GBU,OPT,GBUN7 P12800,2027-07-09,P,1.28,0.011500000,3,2
2026-08-20,GBU,OPT,GBUN7 P12850,2027-07-09,P,1.285,0.012300000,3,2
2026-08-20,GBU,OPT,GBUN7 P12900,2027-07-09,P,1.29,0.013200000,3,1
2026-08-20,GBU,OPT,GBUN7 P12950,2027-07-09,P,1.295,0.014100000,3,
2026-08-20,GBU,OPT,GBUN7 P13000,2027-07-09,P,1.3,0.015100000,3,
2026-08-20,GBU,OPT,GBUN7 P13050,2027-07-09,P,1.305,0.016200000,3,
2026-08-20,GBU,OPT,GBUN7 P13100,2027-07-09,P,1.31,0.017400000,3,
2026-08-20,GBU,OPT,GBUN7 P13150,2027-07-09,P,1.315,0.018600000,3,
2026-08-20,GBU,OPT,GBUN7 P13200,2027-07-09,P,1.32,0.019900000,3,
2026-08-20,GBU,OPT,GBUN7 P13250,2027-07-09,P,1.325,0.021400000,3,
2026-08-20,GBU,OPT,GBUN7 P13300,2027-07-09,P,1.33,0.022900000,3,
2026-08-20,GBU,OPT,GBUN7 P13350,2027-07-09,P,1.335,0.024500000,3,
2026-08-20,GBU,OPT,GBUN7 P13400,2027-07-09,P,1.34,0.026300000,3,1
2026-08-20,GBU,OPT,GBUN7 P13450,2027-07-09,P,1.345,0.028100000,3,
2026-08-20,GBU,OPT,GBUN7 P13500,2027-07-09,P,1.35,0.030100000,3,6
2026-08-20,GBU,OPT,GBUN7 P13550,2027-07-09,P,1.355,0.032200000,3,
2026-08-20,GBU,OPT,GBUN7 P13600,2027-07-09,P,1.36,0.034400000,3,3
2026-08-20,GBU,OPT,GBUN7 P13650,2027-07-09,P,1.365,0.036700000,3,
2026-08-20,GBU,OPT,GBUN7 P13700,2027-07-09,P,1.37,0.039100000,3,
2026-08-20,GBU,OPT,GBUN7 P13750,2027-07-09,P,1.375,0.041700000,3,
2026-08-20,GBU,OPT,GBUN7 P13800,2027-07-09,P,1.38,0.044400000,3,
2026-08-20,GBU,OPT,GBUN7 P13850,2027-07-09,P,1.385,0.047200000,3,
2026-08-20,GBU,OPT,GBUN7 P13900,2027-07-09,P,1.39,0.050200000,3,
2026-08-20,GBU,OPT,GBUN7 P13950,2027-07-09,P,1.395,0.053200000,3,
2026-08-20,GBU,OPT,GBUN7 P14000,2027-07-09,P,1.4,0.056500000,3,
2026-08-20,GBU,OPT,GBUN7 P14050,2027-07-09,P,1.405,0.059800000,3,
2026-08-20,GBU,OPT,GBUN7 P14100,2027-07-09,P,1.41,0.063200000,3,
2026-08-20,GBU,OPT,GBUN7 P14200,2027-07-09,P,1.42,0.070400000,3,
2026-08-20,GBU,OPT,GBUN7 P14300,2027-07-09,P,1.43,0.078000000,3,
2026-08-20,GBU,OPT,GBUN7 P14400,2027-07-09,P,1.44,0.085900000,3,
2026-08-20,GBU,OPT,GBUN7 P14500,2027-07-09,P,1.45,0.094100000,3,
2026-08-20,GBU,OPT,GBUN7 P14600,2027-07-09,P,1.46,0.102500000,3,
2026-08-20,GBU,OPT,GBUN7 P14700,2027-07-09,P,1.47,0.111100000,3,
2026-08-20,GBU,OPT,GBUN7 P14800,2027-07-09,P,1.48,0.119800000,3,
2026-08-20,GBU,OPT,GBUN7 P14900,2027-07-09,P,1.49,0.128700000,3,
2026-08-20,GBU,OPT,GBUN7 P15000,2027-07-09,P,1.5,0.137700000,3,
2026-08-20,GBU,OPT,GBUN7 P15100,2027-07-09,P,1.51,0.146900000,3,
2026-08-20,GBU,OPT,GBUN7 P15200,2027-07-09,P,1.52,0.156100000,3,
2026-08-20,GBU,OPT,GBUN7 P15300,2027-07-09,P,1.53,0.165400000,3,
2026-08-20,GBU,OPT,GBUN7 P15400,2027-07-09,P,1.54,0.174700000,3,
2026-08-20,GBU,OPT,GBUN7 P15500,2027-07-09,P,1.55,0.184100000,3,
2026-08-20,GBU,OPT,GBUN7 P15600,2027-07-09,P,1.56,0.193600000,3,
2026-08-20,GBU,OPT,GBUQ7 C11500,2027-08-06,C,1.15,0.205000000,3,
2026-08-20,GBU,OPT,GBUQ7 C11600,2027-08-06,C,1.16,0.195700000,3,
2026-08-20,GBU,OPT,GBUQ7 C11700,2027-08-06,C,1.17,0.186500000,3,
2026-08-20,GBU,OPT,GBUQ7 C11800,2027-08-06,C,1.18,0.177300000,3,
2026-08-20,GBU,OPT,GBUQ7 C11900,2027-08-06,C,1.19,0.168100000,3,
2026-08-20,GBU,OPT,GBUQ7 C12000,2027-08-06,C,1.2,0.159100000,3,
2026-08-20,GBU,OPT,GBUQ7 C12100,2027-08-06,C,1.21,0.150100000,3,
2026-08-20,GBU,OPT,GBUQ7 C12200,2027-08-06,C,1.22,0.141200000,3,
2026-08-20,GBU,OPT,GBUQ7 C12300,2027-08-06,C,1.23,0.132400000,3,
2026-08-20,GBU,OPT,GBUQ7 C12400,2027-08-06,C,1.24,0.123700000,3,
2026-08-20,GBU,OPT,GBUQ7 C12500,2027-08-06,C,1.25,0.115200000,3,
2026-08-20,GBU,OPT,GBUQ7 C12600,2027-08-06,C,1.26,0.106800000,3,
2026-08-20,GBU,OPT,GBUQ7 C12700,2027-08-06,C,1.27,0.098500000,3,
2026-08-20,GBU,OPT,GBUQ7 C12800,2027-08-06,C,1.28,0.090500000,3,
2026-08-20,GBU,OPT,GBUQ7 C12900,2027-08-06,C,1.29,0.082700000,3,
2026-08-20,GBU,OPT,GBUQ7 C12950,2027-08-06,C,1.295,0.078800000,3,
2026-08-20,GBU,OPT,GBUQ7 C13000,2027-08-06,C,1.3,0.075100000,3,
2026-08-20,GBU,OPT,GBUQ7 C13050,2027-08-06,C,1.305,0.071400000,3,
2026-08-20,GBU,OPT,GBUQ7 C13100,2027-08-06,C,1.31,0.067800000,3,
2026-08-20,GBU,OPT,GBUQ7 C13150,2027-08-06,C,1.315,0.064300000,3,
2026-08-20,GBU,OPT,GBUQ7 C13200,2027-08-06,C,1.32,0.060800000,3,
2026-08-20,GBU,OPT,GBUQ7 C13250,2027-08-06,C,1.325,0.057500000,3,
2026-08-20,GBU,OPT,GBUQ7 C13300,2027-08-06,C,1.33,0.054200000,3,
2026-08-20,GBU,OPT,GBUQ7 C13350,2027-08-06,C,1.335,0.051000000,3,
2026-08-20,GBU,OPT,GBUQ7 C13400,2027-08-06,C,1.34,0.048000000,3,
2026-08-20,GBU,OPT,GBUQ7 C13450,2027-08-06,C,1.345,0.045000000,3,
2026-08-20,GBU,OPT,GBUQ7 C13500,2027-08-06,C,1.35,0.042200000,3,
2026-08-20,GBU,OPT,GBUQ7 C13550,2027-08-06,C,1.355,0.039500000,3,
2026-08-20,GBU,OPT,GBUQ7 C13600,2027-08-06,C,1.36,0.036800000,3,
2026-08-20,GBU,OPT,GBUQ7 C13650,2027-08-06,C,1.365,0.034300000,3,
2026-08-20,GBU,OPT,GBUQ7 C13700,2027-08-06,C,1.37,0.031900000,3,
2026-08-20,GBU,OPT,GBUQ7 C13750,2027-08-06,C,1.375,0.029600000,3,
2026-08-20,GBU,OPT,GBUQ7 C13800,2027-08-06,C,1.38,0.027500000,3,
2026-08-20,GBU,OPT,GBUQ7 C13850,2027-08-06,C,1.385,0.025400000,3,
2026-08-20,GBU,OPT,GBUQ7 C13900,2027-08-06,C,1.39,0.023500000,3,
2026-08-20,GBU,OPT,GBUQ7 C13950,2027-08-06,C,1.395,0.021700000,3,
2026-08-20,GBU,OPT,GBUQ7 C14000,2027-08-06,C,1.4,0.020000000,3,
2026-08-20,GBU,OPT,GBUQ7 C14050,2027-08-06,C,1.405,0.018500000,3,
2026-08-20,GBU,OPT,GBUQ7 C14100,2027-08-06,C,1.41,0.017000000,3,
2026-08-20,GBU,OPT,GBUQ7 C14200,2027-08-06,C,1.42,0.014400000,3,
2026-08-20,GBU,OPT,GBUQ7 C14300,2027-08-06,C,1.43,0.012200000,3,
2026-08-20,GBU,OPT,GBUQ7 C14400,2027-08-06,C,1.44,0.010400000,3,
2026-08-20,GBU,OPT,GBUQ7 C14500,2027-08-06,C,1.45,0.008800000,3,
2026-08-20,GBU,OPT,GBUQ7 C14600,2027-08-06,C,1.46,0.007400000,3,
2026-08-20,GBU,OPT,GBUQ7 C14700,2027-08-06,C,1.47,0.006300000,3,
2026-08-20,GBU,OPT,GBUQ7 C14800,2027-08-06,C,1.48,0.005300000,3,
2026-08-20,GBU,OPT,GBUQ7 C14900,2027-08-06,C,1.49,0.004500000,3,
2026-08-20,GBU,OPT,GBUQ7 C15000,2027-08-06,C,1.5,0.003900000,3,
2026-08-20,GBU,OPT,GBUQ7 C15100,2027-08-06,C,1.51,0.003200000,3,
2026-08-20,GBU,OPT,GBUQ7 C15200,2027-08-06,C,1.52,0.002700000,3,
2026-08-20,GBU,OPT,GBUQ7 C15300,2027-08-06,C,1.53,0.002200000,3,
2026-08-20,GBU,OPT,GBUQ7 C15400,2027-08-06,C,1.54,0.001800000,3,
2026-08-20,GBU,OPT,GBUQ7 C15500,2027-08-06,C,1.55,0.001500000,3,
2026-08-20,GBU,OPT,GBUQ7 C15600,2027-08-06,C,1.56,0.001300000,3,
2026-08-20,GBU,OPT,GBUQ7 P11500,2027-08-06,P,1.15,0.002100000,3,
2026-08-20,GBU,OPT,GBUQ7 P11600,2027-08-06,P,1.16,0.002500000,3,
2026-08-20,GBU,OPT,GBUQ7 P11700,2027-08-06,P,1.17,0.002900000,3,
2026-08-20,GBU,OPT,GBUQ7 P11800,2027-08-06,P,1.18,0.003300000,3,
2026-08-20,GBU,OPT,GBUQ7 P11900,2027-08-06,P,1.19,0.003800000,3,
2026-08-20,GBU,OPT,GBUQ7 P12000,2027-08-06,P,1.2,0.004400000,3,
2026-08-20,GBU,OPT,GBUQ7 P12100,2027-08-06,P,1.21,0.005000000,3,
2026-08-20,GBU,OPT,GBUQ7 P12200,2027-08-06,P,1.22,0.005700000,3,
2026-08-20,GBU,OPT,GBUQ7 P12300,2027-08-06,P,1.23,0.006600000,3,
2026-08-20,GBU,OPT,GBUQ7 P12400,2027-08-06,P,1.24,0.007500000,3,
2026-08-20,GBU,OPT,GBUQ7 P12500,2027-08-06,P,1.25,0.008600000,3,
2026-08-20,GBU,OPT,GBUQ7 P12600,2027-08-06,P,1.26,0.009900000,3,
2026-08-20,GBU,OPT,GBUQ7 P12700,2027-08-06,P,1.27,0.011300000,3,1
2026-08-20,GBU,OPT,GBUQ7 P12800,2027-08-06,P,1.28,0.012800000,3,2
2026-08-20,GBU,OPT,GBUQ7 P12900,2027-08-06,P,1.29,0.014700000,3,
2026-08-20,GBU,OPT,GBUQ7 P12950,2027-08-06,P,1.295,0.015600000,3,
2026-08-20,GBU,OPT,GBUQ7 P13000,2027-08-06,P,1.3,0.016700000,3,
2026-08-20,GBU,OPT,GBUQ7 P13050,2027-08-06,P,1.305,0.017800000,3,
2026-08-20,GBU,OPT,GBUQ7 P13100,2027-08-06,P,1.31,0.019000000,3,
2026-08-20,GBU,OPT,GBUQ7 P13150,2027-08-06,P,1.315,0.020300000,3,
2026-08-20,GBU,OPT,GBUQ7 P13200,2027-08-06,P,1.32,0.021700000,3,
2026-08-20,GBU,OPT,GBUQ7 P13250,2027-08-06,P,1.325,0.023200000,3,
2026-08-20,GBU,OPT,GBUQ7 P13300,2027-08-06,P,1.33,0.024700000,3,
2026-08-20,GBU,OPT,GBUQ7 P13350,2027-08-06,P,1.335,0.026400000,3,
2026-08-20,GBU,OPT,GBUQ7 P13400,2027-08-06,P,1.34,0.028100000,3,
2026-08-20,GBU,OPT,GBUQ7 P13450,2027-08-06,P,1.345,0.030000000,3,
2026-08-20,GBU,OPT,GBUQ7 P13500,2027-08-06,P,1.35,0.032000000,3,
2026-08-20,GBU,OPT,GBUQ7 P13550,2027-08-06,P,1.355,0.034100000,3,
2026-08-20,GBU,OPT,GBUQ7 P13600,2027-08-06,P,1.36,0.036200000,3,
2026-08-20,GBU,OPT,GBUQ7 P13650,2027-08-06,P,1.365,0.038600000,3,
2026-08-20,GBU,OPT,GBUQ7 P13700,2027-08-06,P,1.37,0.041000000,3,
2026-08-20,GBU,OPT,GBUQ7 P13750,2027-08-06,P,1.375,0.043500000,3,
2026-08-20,GBU,OPT,GBUQ7 P13800,2027-08-06,P,1.38,0.046200000,3,
2026-08-20,GBU,OPT,GBUQ7 P13850,2027-08-06,P,1.385,0.048900000,3,
2026-08-20,GBU,OPT,GBUQ7 P13900,2027-08-06,P,1.39,0.051800000,3,
2026-08-20,GBU,OPT,GBUQ7 P13950,2027-08-06,P,1.395,0.054800000,3,
2026-08-20,GBU,OPT,GBUQ7 P14000,2027-08-06,P,1.4,0.058000000,3,
2026-08-20,GBU,OPT,GBUQ7 P14050,2027-08-06,P,1.405,0.061200000,3,
2026-08-20,GBU,OPT,GBUQ7 P14100,2027-08-06,P,1.41,0.064600000,3,
2026-08-20,GBU,OPT,GBUQ7 P14200,2027-08-06,P,1.42,0.071600000,3,
2026-08-20,GBU,OPT,GBUQ7 P14300,2027-08-06,P,1.43,0.079100000,3,
2026-08-20,GBU,OPT,GBUQ7 P14400,2027-08-06,P,1.44,0.086800000,3,
2026-08-20,GBU,OPT,GBUQ7 P14500,2027-08-06,P,1.45,0.094900000,3,
2026-08-20,GBU,OPT,GBUQ7 P14600,2027-08-06,P,1.46,0.103200000,3,
2026-08-20,GBU,OPT,GBUQ7 P14700,2027-08-06,P,1.47,0.111700000,3,
2026-08-20,GBU,OPT,GBUQ7 P14800,2027-08-06,P,1.48,0.120400000,3,
2026-08-20,GBU,OPT,GBUQ7 P14900,2027-08-06,P,1.49,0.129200000,3,
2026-08-20,GBU,OPT,GBUQ7 P15000,2027-08-06,P,1.5,0.138100000,3,
2026-08-20,GBU,OPT,GBUQ7 P15100,2027-08-06,P,1.51,0.147100000,3,
2026-08-20,GBU,OPT,GBUQ7 P15200,2027-08-06,P,1.52,0.156200000,3,
2026-08-20,GBU,OPT,GBUQ7 P15300,2027-08-06,P,1.53,0.165400000,3,
2026-08-20,GBU,OPT,GBUQ7 P15400,2027-08-06,P,1.54,0.174700000,3,
2026-08-20,GBU,OPT,GBUQ7 P15500,2027-08-06,P,1.55,0.184000000,3,
2026-08-20,GBU,OPT,GBUQ7 P15600,2027-08-06,P,1.56,0.193300000,3,
2026-08-20,GBU,OPT,GBUU7 C11000,2027-09-03,C,1.1,0.251900000,3,
2026-08-20,GBU,OPT,GBUU7 C11100,2027-09-03,C,1.11,0.242500000,3,
2026-08-20,GBU,OPT,GBUU7 C11200,2027-09-03,C,1.12,0.233100000,3,
2026-08-20,GBU,OPT,GBUU7 C11300,2027-09-03,C,1.13,0.223700000,3,
2026-08-20,GBU,OPT,GBUU7 C11400,2027-09-03,C,1.14,0.214400000,3,
2026-08-20,GBU,OPT,GBUU7 C11500,2027-09-03,C,1.15,0.205000000,3,
2026-08-20,GBU,OPT,GBUU7 C11600,2027-09-03,C,1.16,0.195800000,3,
2026-08-20,GBU,OPT,GBUU7 C11700,2027-09-03,C,1.17,0.186500000,3,
2026-08-20,GBU,OPT,GBUU7 C11800,2027-09-03,C,1.18,0.177400000,3,
2026-08-20,GBU,OPT,GBUU7 C11900,2027-09-03,C,1.19,0.168300000,3,
2026-08-20,GBU,OPT,GBUU7 C12000,2027-09-03,C,1.2,0.159300000,3,
2026-08-20,GBU,OPT,GBUU7 C12100,2027-09-03,C,1.21,0.150400000,3,
2026-08-20,GBU,OPT,GBUU7 C12200,2027-09-03,C,1.22,0.141600000,3,
2026-08-20,GBU,OPT,GBUU7 C12300,2027-09-03,C,1.23,0.132900000,3,
2026-08-20,GBU,OPT,GBUU7 C12400,2027-09-03,C,1.24,0.124300000,3,
2026-08-20,GBU,OPT,GBUU7 C12450,2027-09-03,C,1.245,0.120100000,3,
2026-08-20,GBU,OPT,GBUU7 C12500,2027-09-03,C,1.25,0.115900000,3,
2026-08-20,GBU,OPT,GBUU7 C12550,2027-09-03,C,1.255,0.111800000,3,
2026-08-20,GBU,OPT,GBUU7 C12600,2027-09-03,C,1.26,0.107700000,3,
2026-08-20,GBU,OPT,GBUU7 C12650,2027-09-03,C,1.265,0.103600000,3,
2026-08-20,GBU,OPT,GBUU7 C12700,2027-09-03,C,1.27,0.099500000,3,
2026-08-20,GBU,OPT,GBUU7 C12750,2027-09-03,C,1.275,0.095600000,3,
2026-08-20,GBU,OPT,GBUU7 C12800,2027-09-03,C,1.28,0.091600000,3,
2026-08-20,GBU,OPT,GBUU7 C12850,2027-09-03,C,1.285,0.087700000,3,
2026-08-20,GBU,OPT,GBUU7 C12900,2027-09-03,C,1.29,0.083900000,3,
2026-08-20,GBU,OPT,GBUU7 C12950,2027-09-03,C,1.295,0.080100000,3,
2026-08-20,GBU,OPT,GBUU7 C13000,2027-09-03,C,1.3,0.076400000,3,
2026-08-20,GBU,OPT,GBUU7 C13050,2027-09-03,C,1.305,0.072800000,3,
2026-08-20,GBU,OPT,GBUU7 C13100,2027-09-03,C,1.31,0.069200000,3,
2026-08-20,GBU,OPT,GBUU7 C13150,2027-09-03,C,1.315,0.065700000,3,
2026-08-20,GBU,OPT,GBUU7 C13200,2027-09-03,C,1.32,0.062300000,3,
2026-08-20,GBU,OPT,GBUU7 C13250,2027-09-03,C,1.325,0.059000000,3,
2026-08-20,GBU,OPT,GBUU7 C13300,2027-09-03,C,1.33,0.055800000,3,
2026-08-20,GBU,OPT,GBUU7 C13350,2027-09-03,C,1.335,0.052600000,3,
2026-08-20,GBU,OPT,GBUU7 C13400,2027-09-03,C,1.34,0.049600000,3,
2026-08-20,GBU,OPT,GBUU7 C13450,2027-09-03,C,1.345,0.046700000,3,
2026-08-20,GBU,OPT,GBUU7 C13500,2027-09-03,C,1.35,0.043900000,3,
2026-08-20,GBU,OPT,GBUU7 C13550,2027-09-03,C,1.355,0.041100000,3,3
2026-08-20,GBU,OPT,GBUU7 C13600,2027-09-03,C,1.36,0.038500000,3,
2026-08-20,GBU,OPT,GBUU7 C13650,2027-09-03,C,1.365,0.036000000,3,
2026-08-20,GBU,OPT,GBUU7 C13700,2027-09-03,C,1.37,0.033600000,3,
2026-08-20,GBU,OPT,GBUU7 C13750,2027-09-03,C,1.375,0.031400000,3,
2026-08-20,GBU,OPT,GBUU7 C13800,2027-09-03,C,1.38,0.029200000,3,
2026-08-20,GBU,OPT,GBUU7 C13850,2027-09-03,C,1.385,0.027200000,3,
2026-08-20,GBU,OPT,GBUU7 C13900,2027-09-03,C,1.39,0.025300000,3,
2026-08-20,GBU,OPT,GBUU7 C13950,2027-09-03,C,1.395,0.023400000,3,
2026-08-20,GBU,OPT,GBUU7 C14000,2027-09-03,C,1.4,0.021700000,3,
2026-08-20,GBU,OPT,GBUU7 C14050,2027-09-03,C,1.405,0.020200000,3,
2026-08-20,GBU,OPT,GBUU7 C14100,2027-09-03,C,1.41,0.018700000,3,
2026-08-20,GBU,OPT,GBUU7 C14150,2027-09-03,C,1.415,0.017300000,3,
2026-08-20,GBU,OPT,GBUU7 C14200,2027-09-03,C,1.42,0.016000000,3,
2026-08-20,GBU,OPT,GBUU7 C14250,2027-09-03,C,1.425,0.014800000,3,
2026-08-20,GBU,OPT,GBUU7 C14300,2027-09-03,C,1.43,0.013700000,3,
2026-08-20,GBU,OPT,GBUU7 C14400,2027-09-03,C,1.44,0.011800000,3,
2026-08-20,GBU,OPT,GBUU7 C14500,2027-09-03,C,1.45,0.010000000,3,
2026-08-20,GBU,OPT,GBUU7 C14600,2027-09-03,C,1.46,0.008600000,3,
2026-08-20,GBU,OPT,GBUU7 C14700,2027-09-03,C,1.47,0.007300000,3,
2026-08-20,GBU,OPT,GBUU7 C14800,2027-09-03,C,1.48,0.006200000,3,
2026-08-20,GBU,OPT,GBUU7 C14900,2027-09-03,C,1.49,0.005300000,3,
2026-08-20,GBU,OPT,GBUU7 C15000,2027-09-03,C,1.5,0.004500000,3,
2026-08-20,GBU,OPT,GBUU7 C15100,2027-09-03,C,1.51,0.003900000,3,
2026-08-20,GBU,OPT,GBUU7 C15200,2027-09-03,C,1.52,0.003300000,3,
2026-08-20,GBU,OPT,GBUU7 C15300,2027-09-03,C,1.53,0.002800000,3,
2026-08-20,GBU,OPT,GBUU7 C15400,2027-09-03,C,1.54,0.002400000,3,2
2026-08-20,GBU,OPT,GBUU7 C15500,2027-09-03,C,1.55,0.002100000,3,
2026-08-20,GBU,OPT,GBUU7 C15600,2027-09-03,C,1.56,0.001800000,3,
2026-08-20,GBU,OPT,GBUU7 C15700,2027-09-03,C,1.57,0.001600000,3,4
2026-08-20,GBU,OPT,GBUU7 P11000,2027-09-03,P,1.1,0.001700000,3,10
2026-08-20,GBU,OPT,GBUU7 P11100,2027-09-03,P,1.11,0.001900000,3,
2026-08-20,GBU,OPT,GBUU7 P11200,2027-09-03,P,1.12,0.002000000,3,10
2026-08-20,GBU,OPT,GBUU7 P11300,2027-09-03,P,1.13,0.002300000,3,
2026-08-20,GBU,OPT,GBUU7 P11400,2027-09-03,P,1.14,0.002500000,3,
2026-08-20,GBU,OPT,GBUU7 P11500,2027-09-03,P,1.15,0.002800000,3,
2026-08-20,GBU,OPT,GBUU7 P11600,2027-09-03,P,1.16,0.003100000,3,
2026-08-20,GBU,OPT,GBUU7 P11700,2027-09-03,P,1.17,0.003500000,3,
2026-08-20,GBU,OPT,GBUU7 P11800,2027-09-03,P,1.18,0.003900000,3,
2026-08-20,GBU,OPT,GBUU7 P11900,2027-09-03,P,1.19,0.004500000,3,
2026-08-20,GBU,OPT,GBUU7 P12000,2027-09-03,P,1.2,0.005000000,3,
2026-08-20,GBU,OPT,GBUU7 P12100,2027-09-03,P,1.21,0.005700000,3,
2026-08-20,GBU,OPT,GBUU7 P12200,2027-09-03,P,1.22,0.006600000,3,
2026-08-20,GBU,OPT,GBUU7 P12300,2027-09-03,P,1.23,0.007500000,3,
2026-08-20,GBU,OPT,GBUU7 P12400,2027-09-03,P,1.24,0.008500000,3,
2026-08-20,GBU,OPT,GBUU7 P12450,2027-09-03,P,1.245,0.009100000,3,
2026-08-20,GBU,OPT,GBUU7 P12500,2027-09-03,P,1.25,0.009700000,3,
2026-08-20,GBU,OPT,GBUU7 P12550,2027-09-03,P,1.255,0.010400000,3,
2026-08-20,GBU,OPT,GBUU7 P12600,2027-09-03,P,1.26,0.011100000,3,
2026-08-20,GBU,OPT,GBUU7 P12650,2027-09-03,P,1.265,0.011800000,3,
2026-08-20,GBU,OPT,GBUU7 P12700,2027-09-03,P,1.27,0.012500000,3,1
2026-08-20,GBU,OPT,GBUU7 P12750,2027-09-03,P,1.275,0.013400000,3,1
2026-08-20,GBU,OPT,GBUU7 P12800,2027-09-03,P,1.28,0.014200000,3,2
2026-08-20,GBU,OPT,GBUU7 P12850,2027-09-03,P,1.285,0.015100000,3,1
2026-08-20,GBU,OPT,GBUU7 P12900,2027-09-03,P,1.29,0.016100000,3,
2026-08-20,GBU,OPT,GBUU7 P12950,2027-09-03,P,1.295,0.017100000,3,
2026-08-20,GBU,OPT,GBUU7 P13000,2027-09-03,P,1.3,0.018200000,3,
2026-08-20,GBU,OPT,GBUU7 P13050,2027-09-03,P,1.305,0.019400000,3,
2026-08-20,GBU,OPT,GBUU7 P13100,2027-09-03,P,1.31,0.020600000,3,
2026-08-20,GBU,OPT,GBUU7 P13150,2027-09-03,P,1.315,0.021900000,3,
2026-08-20,GBU,OPT,GBUU7 P13200,2027-09-03,P,1.32,0.023300000,3,
2026-08-20,GBU,OPT,GBUU7 P13250,2027-09-03,P,1.325,0.024800000,3,
2026-08-20,GBU,OPT,GBUU7 P13300,2027-09-03,P,1.33,0.026400000,3,
2026-08-20,GBU,OPT,GBUU7 P13350,2027-09-03,P,1.335,0.028100000,3,
2026-08-20,GBU,OPT,GBUU7 P13400,2027-09-03,P,1.34,0.029800000,3,
2026-08-20,GBU,OPT,GBUU7 P13450,2027-09-03,P,1.345,0.031700000,3,
2026-08-20,GBU,OPT,GBUU7 P13500,2027-09-03,P,1.35,0.033700000,3,
2026-08-20,GBU,OPT,GBUU7 P13550,2027-09-03,P,1.355,0.035800000,3,3
2026-08-20,GBU,OPT,GBUU7 P13600,2027-09-03,P,1.36,0.037900000,3,
2026-08-20,GBU,OPT,GBUU7 P13650,2027-09-03,P,1.365,0.040300000,3,
2026-08-20,GBU,OPT,GBUU7 P13700,2027-09-03,P,1.37,0.042700000,3,
2026-08-20,GBU,OPT,GBUU7 P13750,2027-09-03,P,1.375,0.045200000,3,
2026-08-20,GBU,OPT,GBUU7 P13800,2027-09-03,P,1.38,0.047800000,3,
2026-08-20,GBU,OPT,GBUU7 P13850,2027-09-03,P,1.385,0.050600000,3,
2026-08-20,GBU,OPT,GBUU7 P13900,2027-09-03,P,1.39,0.053500000,3,
2026-08-20,GBU,OPT,GBUU7 P13950,2027-09-03,P,1.395,0.056500000,3,
2026-08-20,GBU,OPT,GBUU7 P14000,2027-09-03,P,1.4,0.059600000,3,
2026-08-20,GBU,OPT,GBUU7 P14050,2027-09-03,P,1.405,0.062800000,3,
2026-08-20,GBU,OPT,GBUU7 P14100,2027-09-03,P,1.41,0.066100000,3,
2026-08-20,GBU,OPT,GBUU7 P14150,2027-09-03,P,1.415,0.069600000,3,
2026-08-20,GBU,OPT,GBUU7 P14200,2027-09-03,P,1.42,0.073100000,3,
2026-08-20,GBU,OPT,GBUU7 P14250,2027-09-03,P,1.425,0.076700000,3,
2026-08-20,GBU,OPT,GBUU7 P14300,2027-09-03,P,1.43,0.080400000,3,
2026-08-20,GBU,OPT,GBUU7 P14400,2027-09-03,P,1.44,0.088000000,3,
2026-08-20,GBU,OPT,GBUU7 P14500,2027-09-03,P,1.45,0.095900000,3,
2026-08-20,GBU,OPT,GBUU7 P14600,2027-09-03,P,1.46,0.104000000,3,
2026-08-20,GBU,OPT,GBUU7 P14700,2027-09-03,P,1.47,0.112400000,3,
2026-08-20,GBU,OPT,GBUU7 P14800,2027-09-03,P,1.48,0.120900000,3,
2026-08-20,GBU,OPT,GBUU7 P14900,2027-09-03,P,1.49,0.129600000,3,
2026-08-20,GBU,OPT,GBUU7 P15000,2027-09-03,P,1.5,0.138400000,3,
2026-08-20,GBU,OPT,GBUU7 P15100,2027-09-03,P,1.51,0.147300000,3,
2026-08-20,GBU,OPT,GBUU7 P15200,2027-09-03,P,1.52,0.156400000,3,
2026-08-20,GBU,OPT,GBUU7 P15300,2027-09-03,P,1.53,0.165500000,3,
2026-08-20,GBU,OPT,GBUU7 P15400,2027-09-03,P,1.54,0.174700000,3,
2026-08-20,GBU,OPT,GBUU7 P15500,2027-09-03,P,1.55,0.184000000,3,
2026-08-20,GBU,OPT,GBUU7 P15600,2027-09-03,P,1.56,0.193300000,3,
2026-08-20,GBU,OPT,GBUU7 P15700,2027-09-03,P,1.57,0.202700000,3,
2026-08-20,GBU,OPT,GBUZ7 C11100,2027-12-03,C,1.11,0.239900000,3,
2026-08-20,GBU,OPT,GBUZ7 C11200,2027-12-03,C,1.12,0.230800000,3,
2026-08-20,GBU,OPT,GBUZ7 C11300,2027-12-03,C,1.13,0.221600000,3,
2026-08-20,GBU,OPT,GBUZ7 C11400,2027-12-03,C,1.14,0.212500000,3,
2026-08-20,GBU,OPT,GBUZ7 C11500,2027-12-03,C,1.15,0.203500000,3,
2026-08-20,GBU,OPT,GBUZ7 C11600,2027-12-03,C,1.16,0.194500000,3,
2026-08-20,GBU,OPT,GBUZ7 C11700,2027-12-03,C,1.17,0.185600000,3,
2026-08-20,GBU,OPT,GBUZ7 C11800,2027-12-03,C,1.18,0.176700000,3,
2026-08-20,GBU,OPT,GBUZ7 C11900,2027-12-03,C,1.19,0.167800000,3,
2026-08-20,GBU,OPT,GBUZ7 C12000,2027-12-03,C,1.2,0.159000000,3,
2026-08-20,GBU,OPT,GBUZ7 C12100,2027-12-03,C,1.21,0.150300000,3,
2026-08-20,GBU,OPT,GBUZ7 C12200,2027-12-03,C,1.22,0.141700000,3,
2026-08-20,GBU,OPT,GBUZ7 C12300,2027-12-03,C,1.23,0.133200000,3,
2026-08-20,GBU,OPT,GBUZ7 C12400,2027-12-03,C,1.24,0.124800000,3,
2026-08-20,GBU,OPT,GBUZ7 C12500,2027-12-03,C,1.25,0.116500000,3,
2026-08-20,GBU,OPT,GBUZ7 C12550,2027-12-03,C,1.255,0.112500000,3,
2026-08-20,GBU,OPT,GBUZ7 C12600,2027-12-03,C,1.26,0.108500000,3,
2026-08-20,GBU,OPT,GBUZ7 C12650,2027-12-03,C,1.265,0.104500000,3,
2026-08-20,GBU,OPT,GBUZ7 C12700,2027-12-03,C,1.27,0.100500000,3,
2026-08-20,GBU,OPT,GBUZ7 C12750,2027-12-03,C,1.275,0.096700000,3,
2026-08-20,GBU,OPT,GBUZ7 C12800,2027-12-03,C,1.28,0.092800000,3,
2026-08-20,GBU,OPT,GBUZ7 C12850,2027-12-03,C,1.285,0.089000000,3,
2026-08-20,GBU,OPT,GBUZ7 C12900,2027-12-03,C,1.29,0.085300000,3,
2026-08-20,GBU,OPT,GBUZ7 C12950,2027-12-03,C,1.295,0.081600000,3,
2026-08-20,GBU,OPT,GBUZ7 C13000,2027-12-03,C,1.3,0.078000000,3,
2026-08-20,GBU,OPT,GBUZ7 C13050,2027-12-03,C,1.305,0.074500000,3,
2026-08-20,GBU,OPT,GBUZ7 C13100,2027-12-03,C,1.31,0.071000000,3,
2026-08-20,GBU,OPT,GBUZ7 C13150,2027-12-03,C,1.315,0.067600000,3,
2026-08-20,GBU,OPT,GBUZ7 C13200,2027-12-03,C,1.32,0.064200000,3,
2026-08-20,GBU,OPT,GBUZ7 C13250,2027-12-03,C,1.325,0.061000000,3,
2026-08-20,GBU,OPT,GBUZ7 C13300,2027-12-03,C,1.33,0.057800000,3,
2026-08-20,GBU,OPT,GBUZ7 C13350,2027-12-03,C,1.335,0.054700000,3,
2026-08-20,GBU,OPT,GBUZ7 C13400,2027-12-03,C,1.34,0.051800000,3,
2026-08-20,GBU,OPT,GBUZ7 C13450,2027-12-03,C,1.345,0.048900000,3,
2026-08-20,GBU,OPT,GBUZ7 C13500,2027-12-03,C,1.35,0.046100000,3,
2026-08-20,GBU,OPT,GBUZ7 C13550,2027-12-03,C,1.355,0.043500000,3,
2026-08-20,GBU,OPT,GBUZ7 C13600,2027-12-03,C,1.36,0.040900000,3,
2026-08-20,GBU,OPT,GBUZ7 C13650,2027-12-03,C,1.365,0.038500000,3,
2026-08-20,GBU,OPT,GBUZ7 C13700,2027-12-03,C,1.37,0.036100000,3,
2026-08-20,GBU,OPT,GBUZ7 C13750,2027-12-03,C,1.375,0.033900000,3,
2026-08-20,GBU,OPT,GBUZ7 C13800,2027-12-03,C,1.38,0.031800000,3,
2026-08-20,GBU,OPT,GBUZ7 C13850,2027-12-03,C,1.385,0.029800000,3,
2026-08-20,GBU,OPT,GBUZ7 C13900,2027-12-03,C,1.39,0.027900000,3,
2026-08-20,GBU,OPT,GBUZ7 C13950,2027-12-03,C,1.395,0.026100000,3,
2026-08-20,GBU,OPT,GBUZ7 C14000,2027-12-03,C,1.4,0.024400000,3,
2026-08-20,GBU,OPT,GBUZ7 C14050,2027-12-03,C,1.405,0.022800000,3,
2026-08-20,GBU,OPT,GBUZ7 C14100,2027-12-03,C,1.41,0.021300000,3,
2026-08-20,GBU,OPT,GBUZ7 C14150,2027-12-03,C,1.415,0.019900000,3,
2026-08-20,GBU,OPT,GBUZ7 C14200,2027-12-03,C,1.42,0.018500000,3,
2026-08-20,GBU,OPT,GBUZ7 C14250,2027-12-03,C,1.425,0.017300000,3,
2026-08-20,GBU,OPT,GBUZ7 C14300,2027-12-03,C,1.43,0.016100000,3,
2026-08-20,GBU,OPT,GBUZ7 C14400,2027-12-03,C,1.44,0.014000000,3,
2026-08-20,GBU,OPT,GBUZ7 C14500,2027-12-03,C,1.45,0.012100000,3,
2026-08-20,GBU,OPT,GBUZ7 C14600,2027-12-03,C,1.46,0.010500000,3,
2026-08-20,GBU,OPT,GBUZ7 C14700,2027-12-03,C,1.47,0.009000000,3,
2026-08-20,GBU,OPT,GBUZ7 C14800,2027-12-03,C,1.48,0.007800000,3,
2026-08-20,GBU,OPT,GBUZ7 C14900,2027-12-03,C,1.49,0.006700000,3,
2026-08-20,GBU,OPT,GBUZ7 C15000,2027-12-03,C,1.5,0.005900000,3,
2026-08-20,GBU,OPT,GBUZ7 C15100,2027-12-03,C,1.51,0.005200000,3,
2026-08-20,GBU,OPT,GBUZ7 C15200,2027-12-03,C,1.52,0.004500000,3,
2026-08-20,GBU,OPT,GBUZ7 C15300,2027-12-03,C,1.53,0.003800000,3,
2026-08-20,GBU,OPT,GBUZ7 C15400,2027-12-03,C,1.54,0.003200000,3,
2026-08-20,GBU,OPT,GBUZ7 C15500,2027-12-03,C,1.55,0.002600000,3,
2026-08-20,GBU,OPT,GBUZ7 C15600,2027-12-03,C,1.56,0.002200000,3,
2026-08-20,GBU,OPT,GBUZ7 C15700,2027-12-03,C,1.57,0.001800000,3,
2026-08-20,GBU,OPT,GBUZ7 P11100,2027-12-03,P,1.11,0.002600000,3,
2026-08-20,GBU,OPT,GBUZ7 P11200,2027-12-03,P,1.12,0.002900000,3,
2026-08-20,GBU,OPT,GBUZ7 P11300,2027-12-03,P,1.13,0.003300000,3,50
2026-08-20,GBU,OPT,GBUZ7 P11400,2027-12-03,P,1.14,0.003700000,3,
2026-08-20,GBU,OPT,GBUZ7 P11500,2027-12-03,P,1.15,0.004100000,3,
2026-08-20,GBU,OPT,GBUZ7 P11600,2027-12-03,P,1.16,0.004700000,3,
2026-08-20,GBU,OPT,GBUZ7 P11700,2027-12-03,P,1.17,0.005200000,3,
2026-08-20,GBU,OPT,GBUZ7 P11800,2027-12-03,P,1.18,0.005800000,3,
2026-08-20,GBU,OPT,GBUZ7 P11900,2027-12-03,P,1.19,0.006500000,3,
2026-08-20,GBU,OPT,GBUZ7 P12000,2027-12-03,P,1.2,0.007200000,3,
2026-08-20,GBU,OPT,GBUZ7 P12100,2027-12-03,P,1.21,0.008000000,3,
2026-08-20,GBU,OPT,GBUZ7 P12200,2027-12-03,P,1.22,0.008900000,3,
2026-08-20,GBU,OPT,GBUZ7 P12300,2027-12-03,P,1.23,0.009900000,3,
2026-08-20,GBU,OPT,GBUZ7 P12400,2027-12-03,P,1.24,0.011000000,3,
2026-08-20,GBU,OPT,GBUZ7 P12500,2027-12-03,P,1.25,0.012300000,3,
2026-08-20,GBU,OPT,GBUZ7 P12550,2027-12-03,P,1.255,0.012900000,3,
2026-08-20,GBU,OPT,GBUZ7 P12600,2027-12-03,P,1.26,0.013700000,3,
2026-08-20,GBU,OPT,GBUZ7 P12650,2027-12-03,P,1.265,0.014500000,3,
2026-08-20,GBU,OPT,GBUZ7 P12700,2027-12-03,P,1.27,0.015300000,3,
2026-08-20,GBU,OPT,GBUZ7 P12750,2027-12-03,P,1.275,0.016100000,3,
2026-08-20,GBU,OPT,GBUZ7 P12800,2027-12-03,P,1.28,0.017100000,3,
2026-08-20,GBU,OPT,GBUZ7 P12850,2027-12-03,P,1.285,0.018000000,3,
2026-08-20,GBU,OPT,GBUZ7 P12900,2027-12-03,P,1.29,0.019100000,3,
2026-08-20,GBU,OPT,GBUZ7 P12950,2027-12-03,P,1.295,0.020100000,3,
2026-08-20,GBU,OPT,GBUZ7 P13000,2027-12-03,P,1.3,0.021300000,3,
2026-08-20,GBU,OPT,GBUZ7 P13050,2027-12-03,P,1.305,0.022500000,3,
2026-08-20,GBU,OPT,GBUZ7 P13100,2027-12-03,P,1.31,0.023700000,3,
2026-08-20,GBU,OPT,GBUZ7 P13150,2027-12-03,P,1.315,0.025100000,3,
2026-08-20,GBU,OPT,GBUZ7 P13200,2027-12-03,P,1.32,0.026500000,3,
2026-08-20,GBU,OPT,GBUZ7 P13250,2027-12-03,P,1.325,0.028000000,3,
2026-08-20,GBU,OPT,GBUZ7 P13300,2027-12-03,P,1.33,0.029600000,3,
2026-08-20,GBU,OPT,GBUZ7 P13350,2027-12-03,P,1.335,0.031300000,3,
2026-08-20,GBU,OPT,GBUZ7 P13400,2027-12-03,P,1.34,0.033000000,3,
2026-08-20,GBU,OPT,GBUZ7 P13450,2027-12-03,P,1.345,0.034900000,3,
2026-08-20,GBU,OPT,GBUZ7 P13500,2027-12-03,P,1.35,0.036900000,3,
2026-08-20,GBU,OPT,GBUZ7 P13550,2027-12-03,P,1.355,0.039000000,3,
2026-08-20,GBU,OPT,GBUZ7 P13600,2027-12-03,P,1.36,0.041200000,3,
2026-08-20,GBU,OPT,GBUZ7 P13650,2027-12-03,P,1.365,0.043500000,3,
2026-08-20,GBU,OPT,GBUZ7 P13700,2027-12-03,P,1.37,0.045900000,3,
2026-08-20,GBU,OPT,GBUZ7 P13750,2027-12-03,P,1.375,0.048500000,3,
2026-08-20,GBU,OPT,GBUZ7 P13800,2027-12-03,P,1.38,0.051100000,3,
2026-08-20,GBU,OPT,GBUZ7 P13850,2027-12-03,P,1.385,0.053900000,3,
2026-08-20,GBU,OPT,GBUZ7 P13900,2027-12-03,P,1.39,0.056700000,3,
2026-08-20,GBU,OPT,GBUZ7 P13950,2027-12-03,P,1.395,0.059700000,3,
2026-08-20,GBU,OPT,GBUZ7 P14000,2027-12-03,P,1.4,0.062700000,3,
2026-08-20,GBU,OPT,GBUZ7 P14050,2027-12-03,P,1.405,0.065900000,3,
2026-08-20,GBU,OPT,GBUZ7 P14100,2027-12-03,P,1.41,0.069100000,3,
2026-08-20,GBU,OPT,GBUZ7 P14150,2027-12-03,P,1.415,0.072500000,3,
2026-08-20,GBU,OPT,GBUZ7 P14200,2027-12-03,P,1.42,0.075900000,3,
2026-08-20,GBU,OPT,GBUZ7 P14250,2027-12-03,P,1.425,0.079400000,3,
2026-08-20,GBU,OPT,GBUZ7 P14300,2027-12-03,P,1.43,0.082900000,3,
2026-08-20,GBU,OPT,GBUZ7 P14400,2027-12-03,P,1.44,0.090300000,3,
2026-08-20,GBU,OPT,GBUZ7 P14500,2027-12-03,P,1.45,0.098000000,3,
2026-08-20,GBU,OPT,GBUZ7 P14600,2027-12-03,P,1.46,0.105800000,3,
2026-08-20,GBU,OPT,GBUZ7 P14700,2027-12-03,P,1.47,0.113900000,3,
2026-08-20,GBU,OPT,GBUZ7 P14800,2027-12-03,P,1.48,0.122200000,3,
2026-08-20,GBU,OPT,GBUZ7 P14900,2027-12-03,P,1.49,0.130600000,3,
2026-08-20,GBU,OPT,GBUZ7 P15000,2027-12-03,P,1.5,0.139300000,3,
2026-08-20,GBU,OPT,GBUZ7 P15100,2027-12-03,P,1.51,0.148000000,3,
2026-08-20,GBU,OPT,GBUZ7 P15200,2027-12-03,P,1.52,0.156900000,3,
2026-08-20,GBU,OPT,GBUZ7 P15300,2027-12-03,P,1.53,0.165700000,3,
2026-08-20,GBU,OPT,GBUZ7 P15400,2027-12-03,P,1.54,0.174600000,3,
2026-08-20,GBU,OPT,GBUZ7 P15500,2027-12-03,P,1.55,0.183500000,3,
2026-08-20,GBU,OPT,GBUZ7 P15600,2027-12-03,P,1.56,0.192600000,3,
2026-08-20,GBU,OPT,GBUZ7 P15700,2027-12-03,P,1.57,0.201700000,3,
2026-08-20,GBU,OPT,GBUH8 C11100,2028-03-03,C,1.11,0.237900000,3,
2026-08-20,GBU,OPT,GBUH8 C11200,2028-03-03,C,1.12,0.229000000,3,
2026-08-20,GBU,OPT,GBUH8 C11300,2028-03-03,C,1.13,0.220000000,3,
2026-08-20,GBU,OPT,GBUH8 C11400,2028-03-03,C,1.14,0.211200000,3,
2026-08-20,GBU,OPT,GBUH8 C11500,2028-03-03,C,1.15,0.202400000,3,
2026-08-20,GBU,OPT,GBUH8 C11600,2028-03-03,C,1.16,0.193600000,3,
2026-08-20,GBU,OPT,GBUH8 C11700,2028-03-03,C,1.17,0.184900000,3,
2026-08-20,GBU,OPT,GBUH8 C11800,2028-03-03,C,1.18,0.176200000,3,
2026-08-20,GBU,OPT,GBUH8 C11900,2028-03-03,C,1.19,0.167600000,3,
2026-08-20,GBU,OPT,GBUH8 C12000,2028-03-03,C,1.2,0.159000000,3,
2026-08-20,GBU,OPT,GBUH8 C12100,2028-03-03,C,1.21,0.150500000,3,
2026-08-20,GBU,OPT,GBUH8 C12200,2028-03-03,C,1.22,0.142100000,3,
2026-08-20,GBU,OPT,GBUH8 C12300,2028-03-03,C,1.23,0.133900000,3,
2026-08-20,GBU,OPT,GBUH8 C12400,2028-03-03,C,1.24,0.125700000,3,
2026-08-20,GBU,OPT,GBUH8 C12500,2028-03-03,C,1.25,0.117700000,3,
2026-08-20,GBU,OPT,GBUH8 C12550,2028-03-03,C,1.255,0.113700000,3,
2026-08-20,GBU,OPT,GBUH8 C12600,2028-03-03,C,1.26,0.109800000,3,
2026-08-20,GBU,OPT,GBUH8 C12650,2028-03-03,C,1.265,0.105900000,3,
2026-08-20,GBU,OPT,GBUH8 C12700,2028-03-03,C,1.27,0.102100000,3,
2026-08-20,GBU,OPT,GBUH8 C12750,2028-03-03,C,1.275,0.098300000,3,
2026-08-20,GBU,OPT,GBUH8 C12800,2028-03-03,C,1.28,0.094600000,3,
2026-08-20,GBU,OPT,GBUH8 C12850,2028-03-03,C,1.285,0.090900000,3,
2026-08-20,GBU,OPT,GBUH8 C12900,2028-03-03,C,1.29,0.087300000,3,
2026-08-20,GBU,OPT,GBUH8 C12950,2028-03-03,C,1.295,0.083700000,3,
2026-08-20,GBU,OPT,GBUH8 C13000,2028-03-03,C,1.3,0.080200000,3,
2026-08-20,GBU,OPT,GBUH8 C13050,2028-03-03,C,1.305,0.076700000,3,
2026-08-20,GBU,OPT,GBUH8 C13100,2028-03-03,C,1.31,0.073300000,3,
2026-08-20,GBU,OPT,GBUH8 C13150,2028-03-03,C,1.315,0.069900000,3,
2026-08-20,GBU,OPT,GBUH8 C13200,2028-03-03,C,1.32,0.066700000,3,
2026-08-20,GBU,OPT,GBUH8 C13250,2028-03-03,C,1.325,0.063500000,3,
2026-08-20,GBU,OPT,GBUH8 C13300,2028-03-03,C,1.33,0.060400000,3,
2026-08-20,GBU,OPT,GBUH8 C13350,2028-03-03,C,1.335,0.057400000,3,
2026-08-20,GBU,OPT,GBUH8 C13400,2028-03-03,C,1.34,0.054500000,3,
2026-08-20,GBU,OPT,GBUH8 C13450,2028-03-03,C,1.345,0.051700000,3,
2026-08-20,GBU,OPT,GBUH8 C13500,2028-03-03,C,1.35,0.048900000,3,
2026-08-20,GBU,OPT,GBUH8 C13550,2028-03-03,C,1.355,0.046300000,3,
2026-08-20,GBU,OPT,GBUH8 C13600,2028-03-03,C,1.36,0.043800000,3,
2026-08-20,GBU,OPT,GBUH8 C13650,2028-03-03,C,1.365,0.041400000,3,
2026-08-20,GBU,OPT,GBUH8 C13700,2028-03-03,C,1.37,0.039100000,3,
2026-08-20,GBU,OPT,GBUH8 C13750,2028-03-03,C,1.375,0.036900000,3,
2026-08-20,GBU,OPT,GBUH8 C13800,2028-03-03,C,1.38,0.034700000,3,
2026-08-20,GBU,OPT,GBUH8 C13850,2028-03-03,C,1.385,0.032700000,3,
2026-08-20,GBU,OPT,GBUH8 C13900,2028-03-03,C,1.39,0.030800000,3,
2026-08-20,GBU,OPT,GBUH8 C13950,2028-03-03,C,1.395,0.029000000,3,
2026-08-20,GBU,OPT,GBUH8 C14000,2028-03-03,C,1.4,0.027300000,3,
2026-08-20,GBU,OPT,GBUH8 C14050,2028-03-03,C,1.405,0.025700000,3,
2026-08-20,GBU,OPT,GBUH8 C14100,2028-03-03,C,1.41,0.024100000,3,
2026-08-20,GBU,OPT,GBUH8 C14200,2028-03-03,C,1.42,0.021300000,3,
2026-08-20,GBU,OPT,GBUH8 C14300,2028-03-03,C,1.43,0.018800000,3,
2026-08-20,GBU,OPT,GBUH8 C14400,2028-03-03,C,1.44,0.016600000,3,
2026-08-20,GBU,OPT,GBUH8 C14500,2028-03-03,C,1.45,0.014600000,3,
2026-08-20,GBU,OPT,GBUH8 C14600,2028-03-03,C,1.46,0.012800000,3,
2026-08-20,GBU,OPT,GBUH8 C14700,2028-03-03,C,1.47,0.011200000,3,
2026-08-20,GBU,OPT,GBUH8 C14800,2028-03-03,C,1.48,0.009900000,3,
2026-08-20,GBU,OPT,GBUH8 C14900,2028-03-03,C,1.49,0.008700000,3,
2026-08-20,GBU,OPT,GBUH8 C15000,2028-03-03,C,1.5,0.007700000,3,
2026-08-20,GBU,OPT,GBUH8 C15100,2028-03-03,C,1.51,0.006900000,3,
2026-08-20,GBU,OPT,GBUH8 C15200,2028-03-03,C,1.52,0.006100000,3,
2026-08-20,GBU,OPT,GBUH8 C15300,2028-03-03,C,1.53,0.005500000,3,
2026-08-20,GBU,OPT,GBUH8 C15400,2028-03-03,C,1.54,0.004900000,3,
2026-08-20,GBU,OPT,GBUH8 C15500,2028-03-03,C,1.55,0.004300000,3,
2026-08-20,GBU,OPT,GBUH8 C15600,2028-03-03,C,1.56,0.000000000,1,
2026-08-20,GBU,OPT,GBUH8 P11100,2028-03-03,P,1.11,0.003900000,3,
2026-08-20,GBU,OPT,GBUH8 P11200,2028-03-03,P,1.12,0.004300000,3,
2026-08-20,GBU,OPT,GBUH8 P11300,2028-03-03,P,1.13,0.004800000,3,
2026-08-20,GBU,OPT,GBUH8 P11400,2028-03-03,P,1.14,0.005300000,3,
2026-08-20,GBU,OPT,GBUH8 P11500,2028-03-03,P,1.15,0.005900000,3,
2026-08-20,GBU,OPT,GBUH8 P11600,2028-03-03,P,1.16,0.006600000,3,
2026-08-20,GBU,OPT,GBUH8 P11700,2028-03-03,P,1.17,0.007300000,3,
2026-08-20,GBU,OPT,GBUH8 P11800,2028-03-03,P,1.18,0.008100000,3,
2026-08-20,GBU,OPT,GBUH8 P11900,2028-03-03,P,1.19,0.008800000,3,
2026-08-20,GBU,OPT,GBUH8 P12000,2028-03-03,P,1.2,0.009700000,3,
2026-08-20,GBU,OPT,GBUH8 P12100,2028-03-03,P,1.21,0.010600000,3,
2026-08-20,GBU,OPT,GBUH8 P12200,2028-03-03,P,1.22,0.011600000,3,
2026-08-20,GBU,OPT,GBUH8 P12300,2028-03-03,P,1.23,0.012700000,3,
2026-08-20,GBU,OPT,GBUH8 P12400,2028-03-03,P,1.24,0.014000000,3,
2026-08-20,GBU,OPT,GBUH8 P12500,2028-03-03,P,1.25,0.015300000,3,
2026-08-20,GBU,OPT,GBUH8 P12550,2028-03-03,P,1.255,0.016100000,3,
2026-08-20,GBU,OPT,GBUH8 P12600,2028-03-03,P,1.26,0.016900000,3,
2026-08-20,GBU,OPT,GBUH8 P12650,2028-03-03,P,1.265,0.017700000,3,
2026-08-20,GBU,OPT,GBUH8 P12700,2028-03-03,P,1.27,0.018600000,3,
2026-08-20,GBU,OPT,GBUH8 P12750,2028-03-03,P,1.275,0.019500000,3,
2026-08-20,GBU,OPT,GBUH8 P12800,2028-03-03,P,1.28,0.020500000,3,
2026-08-20,GBU,OPT,GBUH8 P12850,2028-03-03,P,1.285,0.021500000,3,
2026-08-20,GBU,OPT,GBUH8 P12900,2028-03-03,P,1.29,0.022600000,3,
2026-08-20,GBU,OPT,GBUH8 P12950,2028-03-03,P,1.295,0.023700000,3,
2026-08-20,GBU,OPT,GBUH8 P13000,2028-03-03,P,1.3,0.024900000,3,
2026-08-20,GBU,OPT,GBUH8 P13050,2028-03-03,P,1.305,0.026100000,3,
2026-08-20,GBU,OPT,GBUH8 P13100,2028-03-03,P,1.31,0.027400000,3,
2026-08-20,GBU,OPT,GBUH8 P13150,2028-03-03,P,1.315,0.028800000,3,
2026-08-20,GBU,OPT,GBUH8 P13200,2028-03-03,P,1.32,0.030300000,3,
2026-08-20,GBU,OPT,GBUH8 P13250,2028-03-03,P,1.325,0.031800000,3,
2026-08-20,GBU,OPT,GBUH8 P13300,2028-03-03,P,1.33,0.033400000,3,
2026-08-20,GBU,OPT,GBUH8 P13350,2028-03-03,P,1.335,0.035100000,3,
2026-08-20,GBU,OPT,GBUH8 P13400,2028-03-03,P,1.34,0.036900000,3,
2026-08-20,GBU,OPT,GBUH8 P13450,2028-03-03,P,1.345,0.038800000,3,
2026-08-20,GBU,OPT,GBUH8 P13500,2028-03-03,P,1.35,0.040700000,3,
2026-08-20,GBU,OPT,GBUH8 P13550,2028-03-03,P,1.355,0.042800000,3,
2026-08-20,GBU,OPT,GBUH8 P13600,2028-03-03,P,1.36,0.045000000,3,
2026-08-20,GBU,OPT,GBUH8 P13650,2028-03-03,P,1.365,0.047300000,3,
2026-08-20,GBU,OPT,GBUH8 P13700,2028-03-03,P,1.37,0.049700000,3,
2026-08-20,GBU,OPT,GBUH8 P13750,2028-03-03,P,1.375,0.052200000,3,
2026-08-20,GBU,OPT,GBUH8 P13800,2028-03-03,P,1.38,0.054800000,3,
2026-08-20,GBU,OPT,GBUH8 P13850,2028-03-03,P,1.385,0.057500000,3,
2026-08-20,GBU,OPT,GBUH8 P13900,2028-03-03,P,1.39,0.060300000,3,
2026-08-20,GBU,OPT,GBUH8 P13950,2028-03-03,P,1.395,0.063200000,3,
2026-08-20,GBU,OPT,GBUH8 P14000,2028-03-03,P,1.4,0.066200000,3,
2026-08-20,GBU,OPT,GBUH8 P14050,2028-03-03,P,1.405,0.069300000,3,
2026-08-20,GBU,OPT,GBUH8 P14100,2028-03-03,P,1.41,0.072400000,3,
2026-08-20,GBU,OPT,GBUH8 P14200,2028-03-03,P,1.42,0.079000000,3,
2026-08-20,GBU,OPT,GBUH8 P14300,2028-03-03,P,1.43,0.085900000,3,
2026-08-20,GBU,OPT,GBUH8 P14400,2028-03-03,P,1.44,0.093100000,3,
2026-08-20,GBU,OPT,GBUH8 P14500,2028-03-03,P,1.45,0.100500000,3,
2026-08-20,GBU,OPT,GBUH8 P14600,2028-03-03,P,1.46,0.108100000,3,
2026-08-20,GBU,OPT,GBUH8 P14700,2028-03-03,P,1.47,0.116000000,3,
2026-08-20,GBU,OPT,GBUH8 P14800,2028-03-03,P,1.48,0.124000000,3,
2026-08-20,GBU,OPT,GBUH8 P14900,2028-03-03,P,1.49,0.132300000,3,
2026-08-20,GBU,OPT,GBUH8 P15000,2028-03-03,P,1.5,0.140700000,3,
2026-08-20,GBU,OPT,GBUH8 P15100,2028-03-03,P,1.51,0.149300000,3,
2026-08-20,GBU,OPT,GBUH8 P15200,2028-03-03,P,1.52,0.157900000,3,
2026-08-20,GBU,OPT,GBUH8 P15300,2028-03-03,P,1.53,0.166700000,3,
2026-08-20,GBU,OPT,GBUH8 P15400,2028-03-03,P,1.54,0.175500000,3,
2026-08-20,GBU,OPT,GBUH8 P15500,2028-03-03,P,1.55,0.184400000,3,
2026-08-20,GBU,OPT,GBUH8 P15600,2028-03-03,P,1.56,0.000000000,1,
2026-08-20,GBU,OPT,GBUM8 C11200,2028-06-09,C,1.12,0.227900000,3,
2026-08-20,GBU,OPT,GBUM8 C11300,2028-06-09,C,1.13,0.219100000,3,
2026-08-20,GBU,OPT,GBUM8 C11400,2028-06-09,C,1.14,0.210400000,3,
2026-08-20,GBU,OPT,GBUM8 C11500,2028-06-09,C,1.15,0.201700000,3,
2026-08-20,GBU,OPT,GBUM8 C11600,2028-06-09,C,1.16,0.193100000,3,
2026-08-20,GBU,OPT,GBUM8 C11700,2028-06-09,C,1.17,0.184500000,3,
2026-08-20,GBU,OPT,GBUM8 C11800,2028-06-09,C,1.18,0.176100000,3,
2026-08-20,GBU,OPT,GBUM8 C11900,2028-06-09,C,1.19,0.167600000,3,
2026-08-20,GBU,OPT,GBUM8 C12000,2028-06-09,C,1.2,0.159300000,3,
2026-08-20,GBU,OPT,GBUM8 C12100,2028-06-09,C,1.21,0.151000000,3,
2026-08-20,GBU,OPT,GBUM8 C12200,2028-06-09,C,1.22,0.142800000,3,
2026-08-20,GBU,OPT,GBUM8 C12300,2028-06-09,C,1.23,0.134700000,3,
2026-08-20,GBU,OPT,GBUM8 C12400,2028-06-09,C,1.24,0.126700000,3,
2026-08-20,GBU,OPT,GBUM8 C12500,2028-06-09,C,1.25,0.118900000,3,
2026-08-20,GBU,OPT,GBUM8 C12600,2028-06-09,C,1.26,0.111200000,3,
2026-08-20,GBU,OPT,GBUM8 C12650,2028-06-09,C,1.265,0.107400000,3,
2026-08-20,GBU,OPT,GBUM8 C12700,2028-06-09,C,1.27,0.103700000,3,
2026-08-20,GBU,OPT,GBUM8 C12750,2028-06-09,C,1.275,0.100000000,3,
2026-08-20,GBU,OPT,GBUM8 C12800,2028-06-09,C,1.28,0.096400000,3,
2026-08-20,GBU,OPT,GBUM8 C12850,2028-06-09,C,1.285,0.092800000,3,
2026-08-20,GBU,OPT,GBUM8 C12900,2028-06-09,C,1.29,0.089200000,3,
2026-08-20,GBU,OPT,GBUM8 C12950,2028-06-09,C,1.295,0.085700000,3,
2026-08-20,GBU,OPT,GBUM8 C13000,2028-06-09,C,1.3,0.082300000,3,
2026-08-20,GBU,OPT,GBUM8 C13050,2028-06-09,C,1.305,0.078900000,3,
2026-08-20,GBU,OPT,GBUM8 C13100,2028-06-09,C,1.31,0.075600000,3,
2026-08-20,GBU,OPT,GBUM8 C13150,2028-06-09,C,1.315,0.072300000,3,
2026-08-20,GBU,OPT,GBUM8 C13200,2028-06-09,C,1.32,0.069100000,3,
2026-08-20,GBU,OPT,GBUM8 C13250,2028-06-09,C,1.325,0.066000000,3,
2026-08-20,GBU,OPT,GBUM8 C13300,2028-06-09,C,1.33,0.062900000,3,
2026-08-20,GBU,OPT,GBUM8 C13350,2028-06-09,C,1.335,0.060000000,3,
2026-08-20,GBU,OPT,GBUM8 C13400,2028-06-09,C,1.34,0.057100000,3,
2026-08-20,GBU,OPT,GBUM8 C13450,2028-06-09,C,1.345,0.054300000,3,
2026-08-20,GBU,OPT,GBUM8 C13500,2028-06-09,C,1.35,0.051700000,3,
2026-08-20,GBU,OPT,GBUM8 C13550,2028-06-09,C,1.355,0.049100000,3,
2026-08-20,GBU,OPT,GBUM8 C13600,2028-06-09,C,1.36,0.046600000,3,
2026-08-20,GBU,OPT,GBUM8 C13650,2028-06-09,C,1.365,0.044200000,3,
2026-08-20,GBU,OPT,GBUM8 C13700,2028-06-09,C,1.37,0.041900000,3,
2026-08-20,GBU,OPT,GBUM8 C13750,2028-06-09,C,1.375,0.039700000,3,
2026-08-20,GBU,OPT,GBUM8 C13800,2028-06-09,C,1.38,0.037600000,3,
2026-08-20,GBU,OPT,GBUM8 C13850,2028-06-09,C,1.385,0.035600000,3,
2026-08-20,GBU,OPT,GBUM8 C13900,2028-06-09,C,1.39,0.033700000,3,
2026-08-20,GBU,OPT,GBUM8 C13950,2028-06-09,C,1.395,0.031900000,3,
2026-08-20,GBU,OPT,GBUM8 C14000,2028-06-09,C,1.4,0.030100000,3,
2026-08-20,GBU,OPT,GBUM8 C14050,2028-06-09,C,1.405,0.028500000,3,
2026-08-20,GBU,OPT,GBUM8 C14100,2028-06-09,C,1.41,0.026900000,3,
2026-08-20,GBU,OPT,GBUM8 C14200,2028-06-09,C,1.42,0.024100000,3,
2026-08-20,GBU,OPT,GBUM8 C14300,2028-06-09,C,1.43,0.021500000,3,
2026-08-20,GBU,OPT,GBUM8 C14400,2028-06-09,C,1.44,0.019100000,3,
2026-08-20,GBU,OPT,GBUM8 C14500,2028-06-09,C,1.45,0.017100000,3,
2026-08-20,GBU,OPT,GBUM8 C14600,2028-06-09,C,1.46,0.015200000,3,
2026-08-20,GBU,OPT,GBUM8 C14700,2028-06-09,C,1.47,0.013500000,3,
2026-08-20,GBU,OPT,GBUM8 C14800,2028-06-09,C,1.48,0.012000000,3,
2026-08-20,GBU,OPT,GBUM8 C14900,2028-06-09,C,1.49,0.010700000,3,
2026-08-20,GBU,OPT,GBUM8 C15000,2028-06-09,C,1.5,0.009700000,3,
2026-08-20,GBU,OPT,GBUM8 C15100,2028-06-09,C,1.51,0.008700000,3,
2026-08-20,GBU,OPT,GBUM8 C15200,2028-06-09,C,1.52,0.007800000,3,
2026-08-20,GBU,OPT,GBUM8 C15300,2028-06-09,C,1.53,0.007100000,3,
2026-08-20,GBU,OPT,GBUM8 C15400,2028-06-09,C,1.54,0.006400000,3,
2026-08-20,GBU,OPT,GBUM8 C15500,2028-06-09,C,1.55,0.005700000,3,
2026-08-20,GBU,OPT,GBUM8 C15600,2028-06-09,C,1.56,0.000000000,1,
2026-08-20,GBU,OPT,GBUM8 P11200,2028-06-09,P,1.12,0.006400000,3,
2026-08-20,GBU,OPT,GBUM8 P11300,2028-06-09,P,1.13,0.007000000,3,
2026-08-20,GBU,OPT,GBUM8 P11400,2028-06-09,P,1.14,0.007600000,3,
2026-08-20,GBU,OPT,GBUM8 P11500,2028-06-09,P,1.15,0.008200000,3,
2026-08-20,GBU,OPT,GBUM8 P11600,2028-06-09,P,1.16,0.008900000,3,
2026-08-20,GBU,OPT,GBUM8 P11700,2028-06-09,P,1.17,0.009700000,3,
2026-08-20,GBU,OPT,GBUM8 P11800,2028-06-09,P,1.18,0.010500000,3,
2026-08-20,GBU,OPT,GBUM8 P11900,2028-06-09,P,1.19,0.011400000,3,
2026-08-20,GBU,OPT,GBUM8 P12000,2028-06-09,P,1.2,0.012300000,3,
2026-08-20,GBU,OPT,GBUM8 P12100,2028-06-09,P,1.21,0.013300000,3,
2026-08-20,GBU,OPT,GBUM8 P12200,2028-06-09,P,1.22,0.014500000,3,
2026-08-20,GBU,OPT,GBUM8 P12300,2028-06-09,P,1.23,0.015700000,3,
2026-08-20,GBU,OPT,GBUM8 P12400,2028-06-09,P,1.24,0.017000000,3,
2026-08-20,GBU,OPT,GBUM8 P12500,2028-06-09,P,1.25,0.018500000,3,
2026-08-20,GBU,OPT,GBUM8 P12600,2028-06-09,P,1.26,0.020100000,3,
2026-08-20,GBU,OPT,GBUM8 P12650,2028-06-09,P,1.265,0.021000000,3,
2026-08-20,GBU,OPT,GBUM8 P12700,2028-06-09,P,1.27,0.022000000,3,
2026-08-20,GBU,OPT,GBUM8 P12750,2028-06-09,P,1.275,0.022900000,3,
2026-08-20,GBU,OPT,GBUM8 P12800,2028-06-09,P,1.28,0.023900000,3,
2026-08-20,GBU,OPT,GBUM8 P12850,2028-06-09,P,1.285,0.025000000,3,
2026-08-20,GBU,OPT,GBUM8 P12900,2028-06-09,P,1.29,0.026100000,3,
2026-08-20,GBU,OPT,GBUM8 P12950,2028-06-09,P,1.295,0.027300000,3,
2026-08-20,GBU,OPT,GBUM8 P13000,2028-06-09,P,1.3,0.028500000,3,
2026-08-20,GBU,OPT,GBUM8 P13050,2028-06-09,P,1.305,0.029700000,3,
2026-08-20,GBU,OPT,GBUM8 P13100,2028-06-09,P,1.31,0.031100000,3,
2026-08-20,GBU,OPT,GBUM8 P13150,2028-06-09,P,1.315,0.032400000,3,
2026-08-20,GBU,OPT,GBUM8 P13200,2028-06-09,P,1.32,0.033900000,3,
2026-08-20,GBU,OPT,GBUM8 P13250,2028-06-09,P,1.325,0.035400000,3,
2026-08-20,GBU,OPT,GBUM8 P13300,2028-06-09,P,1.33,0.037000000,3,
2026-08-20,GBU,OPT,GBUM8 P13350,2028-06-09,P,1.335,0.038700000,3,
2026-08-20,GBU,OPT,GBUM8 P13400,2028-06-09,P,1.34,0.040500000,3,
2026-08-20,GBU,OPT,GBUM8 P13450,2028-06-09,P,1.345,0.042400000,3,
2026-08-20,GBU,OPT,GBUM8 P13500,2028-06-09,P,1.35,0.044400000,3,
2026-08-20,GBU,OPT,GBUM8 P13550,2028-06-09,P,1.355,0.046500000,3,
2026-08-20,GBU,OPT,GBUM8 P13600,2028-06-09,P,1.36,0.048600000,3,
2026-08-20,GBU,OPT,GBUM8 P13650,2028-06-09,P,1.365,0.050900000,3,
2026-08-20,GBU,OPT,GBUM8 P13700,2028-06-09,P,1.37,0.053200000,3,
2026-08-20,GBU,OPT,GBUM8 P13750,2028-06-09,P,1.375,0.055700000,3,
2026-08-20,GBU,OPT,GBUM8 P13800,2028-06-09,P,1.38,0.058300000,3,
2026-08-20,GBU,OPT,GBUM8 P13850,2028-06-09,P,1.385,0.060900000,3,
2026-08-20,GBU,OPT,GBUM8 P13900,2028-06-09,P,1.39,0.063700000,3,
2026-08-20,GBU,OPT,GBUM8 P13950,2028-06-09,P,1.395,0.066500000,3,
2026-08-20,GBU,OPT,GBUM8 P14000,2028-06-09,P,1.4,0.069400000,3,
2026-08-20,GBU,OPT,GBUM8 P14050,2028-06-09,P,1.405,0.072400000,3,
2026-08-20,GBU,OPT,GBUM8 P14100,2028-06-09,P,1.41,0.075500000,3,
2026-08-20,GBU,OPT,GBUM8 P14200,2028-06-09,P,1.42,0.082000000,3,
2026-08-20,GBU,OPT,GBUM8 P14300,2028-06-09,P,1.43,0.088700000,3,
2026-08-20,GBU,OPT,GBUM8 P14400,2028-06-09,P,1.44,0.095700000,3,
2026-08-20,GBU,OPT,GBUM8 P14500,2028-06-09,P,1.45,0.102900000,3,
2026-08-20,GBU,OPT,GBUM8 P14600,2028-06-09,P,1.46,0.110400000,3,
2026-08-20,GBU,OPT,GBUM8 P14700,2028-06-09,P,1.47,0.118000000,3,
2026-08-20,GBU,OPT,GBUM8 P14800,2028-06-09,P,1.48,0.125800000,3,
2026-08-20,GBU,OPT,GBUM8 P14900,2028-06-09,P,1.49,0.133800000,3,
2026-08-20,GBU,OPT,GBUM8 P15000,2028-06-09,P,1.5,0.142100000,3,
2026-08-20,GBU,OPT,GBUM8 P15100,2028-06-09,P,1.51,0.150400000,3,
2026-08-20,GBU,OPT,GBUM8 P15200,2028-06-09,P,1.52,0.158900000,3,
2026-08-20,GBU,OPT,GBUM8 P15300,2028-06-09,P,1.53,0.167400000,3,
2026-08-20,GBU,OPT,GBUM8 P15400,2028-06-09,P,1.54,0.176000000,3,
2026-08-20,GBU,OPT,GBUM8 P15500,2028-06-09,P,1.55,0.184700000,3,
2026-08-20,GBU,OPT,GBUM8 P15600,2028-06-09,P,1.56,0.000000000,1,
