session,root,type,symbol,expiry,right,strike,settle,settle_flag,oi
2026-09-29,GBU,OPT,GBUV6 C11000,2026-10-09,C,1.1,0.223100000,3,
2026-09-29,GBU,OPT,GBUV6 C11100,2026-10-09,C,1.11,0.213100000,3,
2026-09-29,GBU,OPT,GBUV6 C11200,2026-10-09,C,1.12,0.203100000,3,
2026-09-29,GBU,OPT,GBUV6 C11300,2026-10-09,C,1.13,0.193100000,3,
2026-09-29,GBU,OPT,GBUV6 C11400,2026-10-09,C,1.14,0.183100000,3,
2026-09-29,GBU,OPT,GBUV6 C11500,2026-10-09,C,1.15,0.173100000,3,
2026-09-29,GBU,OPT,GBUV6 C11600,2026-10-09,C,1.16,0.163100000,3,
2026-09-29,GBU,OPT,GBUV6 C11700,2026-10-09,C,1.17,0.153100000,3,
2026-09-29,GBU,OPT,GBUV6 C11800,2026-10-09,C,1.18,0.143100000,3,
2026-09-29,GBU,OPT,GBUV6 C11900,2026-10-09,C,1.19,0.133200000,3,
2026-09-29,GBU,OPT,GBUV6 C12000,2026-10-09,C,1.2,0.123200000,3,
2026-09-29,GBU,OPT,GBUV6 C12100,2026-10-09,C,1.21,0.113200000,3,
2026-09-29,GBU,OPT,GBUV6 C12200,2026-10-09,C,1.22,0.103200000,3,
2026-09-29,GBU,OPT,GBUV6 C12300,2026-10-09,C,1.23,0.093200000,3,
2026-09-29,GBU,OPT,GBUV6 C12350,2026-10-09,C,1.235,0.088200000,3,
2026-09-29,GBU,OPT,GBUV6 C12400,2026-10-09,C,1.24,0.083200000,3,1
2026-09-29,GBU,OPT,GBUV6 C12450,2026-10-09,C,1.245,0.078200000,3,
2026-09-29,GBU,OPT,GBUV6 C12500,2026-10-09,C,1.25,0.073200000,3,1
2026-09-29,GBU,OPT,GBUV6 C12550,2026-10-09,C,1.255,0.068200000,3,
2026-09-29,GBU,OPT,GBUV6 C12600,2026-10-09,C,1.26,0.063200000,3,
2026-09-29,GBU,OPT,GBUV6 C12650,2026-10-09,C,1.265,0.058200000,3,
2026-09-29,GBU,OPT,GBUV6 C12700,2026-10-09,C,1.27,0.053200000,3,
2026-09-29,GBU,OPT,GBUV6 C12750,2026-10-09,C,1.275,0.048300000,3,
2026-09-29,GBU,OPT,GBUV6 C12800,2026-10-09,C,1.28,0.043400000,3,
2026-09-29,GBU,OPT,GBUV6 C12850,2026-10-09,C,1.285,0.038500000,3,
2026-09-29,GBU,OPT,GBUV6 C12900,2026-10-09,C,1.29,0.033600000,3,1
2026-09-29,GBU,OPT,GBUV6 C12950,2026-10-09,C,1.295,0.028800000,3,
2026-09-29,GBU,OPT,GBUV6 C13000,2026-10-09,C,1.3,0.024100000,3,1
2026-09-29,GBU,OPT,GBUV6 C13025,2026-10-09,C,1.3025,0.021800000,3,
2026-09-29,GBU,OPT,GBUV6 C13050,2026-10-09,C,1.305,0.019500000,3,3
2026-09-29,GBU,OPT,GBUV6 C13075,2026-10-09,C,1.3075,0.017300000,3,
2026-09-29,GBU,OPT,GBUV6 C13100,2026-10-09,C,1.31,0.015200000,3,42
2026-09-29,GBU,OPT,GBUV6 C13125,2026-10-09,C,1.3125,0.013100000,3,
2026-09-29,GBU,OPT,GBUV6 C13150,2026-10-09,C,1.315,0.011100000,3,1
2026-09-29,GBU,OPT,GBUV6 C13175,2026-10-09,C,1.3175,0.009300000,3,
2026-09-29,GBU,OPT,GBUV6 C13200,2026-10-09,C,1.32,0.007600000,3,500
2026-09-29,GBU,OPT,GBUV6 C13225,2026-10-09,C,1.3225,0.006100000,3,1
2026-09-29,GBU,OPT,GBUV6 C13250,2026-10-09,C,1.325,0.004800000,3,56
2026-09-29,GBU,OPT,GBUV6 C13275,2026-10-09,C,1.3275,0.003600000,3,3
2026-09-29,GBU,OPT,GBUV6 C13300,2026-10-09,C,1.33,0.002700000,3,5
2026-09-29,GBU,OPT,GBUV6 C13325,2026-10-09,C,1.3325,0.002000000,3,1
2026-09-29,GBU,OPT,GBUV6 C13350,2026-10-09,C,1.335,0.001400000,3,53
2026-09-29,GBU,OPT,GBUV6 C13375,2026-10-09,C,1.3375,0.001000000,3,6
2026-09-29,GBU,OPT,GBUV6 C13400,2026-10-09,C,1.34,0.000600000,3,806
2026-09-29,GBU,OPT,GBUV6 C13425,2026-10-09,C,1.3425,0.000400000,3,24
2026-09-29,GBU,OPT,GBUV6 C13450,2026-10-09,C,1.345,0.000300000,3,85
2026-09-29,GBU,OPT,GBUV6 C13475,2026-10-09,C,1.3475,0.000200000,3,574
2026-09-29,GBU,OPT,GBUV6 C13500,2026-10-09,C,1.35,0.000100000,3,1509
2026-09-29,GBU,OPT,GBUV6 C13525,2026-10-09,C,1.3525,0.000100000,3,322
2026-09-29,GBU,OPT,GBUV6 C13550,2026-10-09,C,1.355,0.000100000,3,1344
2026-09-29,GBU,OPT,GBUV6 C13575,2026-10-09,C,1.3575,0.000100000,3,10
2026-09-29,GBU,OPT,GBUV6 C13600,2026-10-09,C,1.36,0.000100000,3,3718
2026-09-29,GBU,OPT,GBUV6 C13625,2026-10-09,C,1.3625,0.000100000,3,333
2026-09-29,GBU,OPT,GBUV6 C13650,2026-10-09,C,1.365,0.000100000,3,1509
2026-09-29,GBU,OPT,GBUV6 C13675,2026-10-09,C,1.3675,0.000100000,3,653
2026-09-29,GBU,OPT,GBUV6 C13700,2026-10-09,C,1.37,0.000100000,3,2829
2026-09-29,GBU,OPT,GBUV6 C13725,2026-10-09,C,1.3725,0.000100000,3,290
2026-09-29,GBU,OPT,GBUV6 C13750,2026-10-09,C,1.375,0.000100000,3,1831
2026-09-29,GBU,OPT,GBUV6 C13800,2026-10-09,C,1.38,0.000100000,3,225
2026-09-29,GBU,OPT,GBUV6 C13850,2026-10-09,C,1.385,0.000100000,3,182
2026-09-29,GBU,OPT,GBUV6 C13900,2026-10-09,C,1.39,0.000100000,3,24
2026-09-29,GBU,OPT,GBUV6 C13950,2026-10-09,C,1.395,0.000100000,3,178
2026-09-29,GBU,OPT,GBUV6 C14000,2026-10-09,C,1.4,0.000100000,3,40
2026-09-29,GBU,OPT,GBUV6 C14050,2026-10-09,C,1.405,0.000100000,3,3
2026-09-29,GBU,OPT,GBUV6 C14100,2026-10-09,C,1.41,0.000100000,3,10
2026-09-29,GBU,OPT,GBUV6 C14150,2026-10-09,C,1.415,0.000100000,3,3
2026-09-29,GBU,OPT,GBUV6 C14200,2026-10-09,C,1.42,0.000100000,3,3
2026-09-29,GBU,OPT,GBUV6 C14250,2026-10-09,C,1.425,0.000100000,3,3
2026-09-29,GBU,OPT,GBUV6 C14300,2026-10-09,C,1.43,0.000100000,3,4
2026-09-29,GBU,OPT,GBUV6 C14350,2026-10-09,C,1.435,0.000100000,3,
2026-09-29,GBU,OPT,GBUV6 C14400,2026-10-09,C,1.44,0.000100000,3,80
2026-09-29,GBU,OPT,GBUV6 C14450,2026-10-09,C,1.445,0.000100000,3,
2026-09-29,GBU,OPT,GBUV6 C14500,2026-10-09,C,1.45,0.000100000,3,12
2026-09-29,GBU,OPT,GBUV6 C14600,2026-10-09,C,1.46,0.000100000,3,2
2026-09-29,GBU,OPT,GBUV6 C14700,2026-10-09,C,1.47,0.000100000,3,1
2026-09-29,GBU,OPT,GBUV6 C14800,2026-10-09,C,1.48,0.000100000,3,
2026-09-29,GBU,OPT,GBUV6 C14900,2026-10-09,C,1.49,0.000100000,3,15
2026-09-29,GBU,OPT,GBUV6 C15000,2026-10-09,C,1.5,0.000100000,3,36
2026-09-29,GBU,OPT,GBUV6 C15100,2026-10-09,C,1.51,0.000100000,3,
2026-09-29,GBU,OPT,GBUV6 C15200,2026-10-09,C,1.52,0.000100000,3,
2026-09-29,GBU,OPT,GBUV6 C15300,2026-10-09,C,1.53,0.000100000,3,
2026-09-29,GBU,OPT,GBUV6 C15400,2026-10-09,C,1.54,0.000100000,3,
2026-09-29,GBU,OPT,GBUV6 C15500,2026-10-09,C,1.55,0.000100000,3,1
2026-09-29,GBU,OPT,GBUV6 C15600,2026-10-09,C,1.56,0.000100000,3,
2026-09-29,GBU,OPT,GBUV6 C15700,2026-10-09,C,1.57,0.000100000,3,
2026-09-29,GBU,OPT,GBUV6 C15800,2026-10-09,C,1.58,0.000100000,3,
2026-09-29,GBU,OPT,GBUV6 P11000,2026-10-09,P,1.1,0.000100000,3,
2026-09-29,GBU,OPT,GBUV6 P11100,2026-10-09,P,1.11,0.000100000,3,
2026-09-29,GBU,OPT,GBUV6 P11200,2026-10-09,P,1.12,0.000100000,3,15
2026-09-29,GBU,OPT,GBUV6 P11300,2026-10-09,P,1.13,0.000100000,3,1
2026-09-29,GBU,OPT,GBUV6 P11400,2026-10-09,P,1.14,0.000100000,3,27
2026-09-29,GBU,OPT,GBUV6 P11500,2026-10-09,P,1.15,0.000100000,3,17
2026-09-29,GBU,OPT,GBUV6 P11600,2026-10-09,P,1.16,0.000100000,3,15
2026-09-29,GBU,OPT,GBUV6 P11700,2026-10-09,P,1.17,0.000100000,3,15
2026-09-29,GBU,OPT,GBUV6 P11800,2026-10-09,P,1.18,0.000100000,3,15
2026-09-29,GBU,OPT,GBUV6 P11900,2026-10-09,P,1.19,0.000100000,3,15
2026-09-29,GBU,OPT,GBUV6 P12000,2026-10-09,P,1.2,0.000100000,3,16
2026-09-29,GBU,OPT,GBUV6 P12100,2026-10-09,P,1.21,0.000100000,3,
2026-09-29,GBU,OPT,GBUV6 P12200,2026-10-09,P,1.22,0.000100000,3,1
2026-09-29,GBU,OPT,GBUV6 P12300,2026-10-09,P,1.23,0.000100000,3,1
2026-09-29,GBU,OPT,GBUV6 P12350,2026-10-09,P,1.235,0.000100000,3,
2026-09-29,GBU,OPT,GBUV6 P12400,2026-10-09,P,1.24,0.000100000,3,2
2026-09-29,GBU,OPT,GBUV6 P12450,2026-10-09,P,1.245,0.000100000,3,
2026-09-29,GBU,OPT,GBUV6 P12500,2026-10-09,P,1.25,0.000100000,3,3
2026-09-29,GBU,OPT,GBUV6 P12550,2026-10-09,P,1.255,0.000100000,3,67
2026-09-29,GBU,OPT,GBUV6 P12600,2026-10-09,P,1.26,0.000100000,3,10
2026-09-29,GBU,OPT,GBUV6 P12650,2026-10-09,P,1.265,0.000100000,3,11
2026-09-29,GBU,OPT,GBUV6 P12700,2026-10-09,P,1.27,0.000100000,3,22
2026-09-29,GBU,OPT,GBUV6 P12750,2026-10-09,P,1.275,0.000100000,3,5
2026-09-29,GBU,OPT,GBUV6 P12800,2026-10-09,P,1.28,0.000100000,3,8
2026-09-29,GBU,OPT,GBUV6 P12850,2026-10-09,P,1.285,0.000200000,3,20
2026-09-29,GBU,OPT,GBUV6 P12900,2026-10-09,P,1.29,0.000300000,3,96
2026-09-29,GBU,OPT,GBUV6 P12950,2026-10-09,P,1.295,0.000500000,3,44
2026-09-29,GBU,OPT,GBUV6 P13000,2026-10-09,P,1.3,0.000800000,3,116
2026-09-29,GBU,OPT,GBUV6 P13025,2026-10-09,P,1.3025,0.001000000,3,
2026-09-29,GBU,OPT,GBUV6 P13050,2026-10-09,P,1.305,0.001200000,3,419
2026-09-29,GBU,OPT,GBUV6 P13075,2026-10-09,P,1.3075,0.001500000,3,
2026-09-29,GBU,OPT,GBUV6 P13100,2026-10-09,P,1.31,0.001900000,3,585
2026-09-29,GBU,OPT,GBUV6 P13125,2026-10-09,P,1.3125,0.002300000,3,2
2026-09-29,GBU,OPT,GBUV6 P13150,2026-10-09,P,1.315,0.002800000,3,414
2026-09-29,GBU,OPT,GBUV6 P13175,2026-10-09,P,1.3175,0.003500000,3,445
2026-09-29,GBU,OPT,GBUV6 P13200,2026-10-09,P,1.32,0.004300000,3,675
2026-09-29,GBU,OPT,GBUV6 P13225,2026-10-09,P,1.3225,0.005300000,3,1
2026-09-29,GBU,OPT,GBUV6 P13250,2026-10-09,P,1.325,0.006500000,3,2935
2026-09-29,GBU,OPT,GBUV6 P13275,2026-10-09,P,1.3275,0.007800000,3,4
2026-09-29,GBU,OPT,GBUV6 P13300,2026-10-09,P,1.33,0.009400000,3,2212
2026-09-29,GBU,OPT,GBUV6 P13325,2026-10-09,P,1.3325,0.011200000,3,556
2026-09-29,GBU,OPT,GBUV6 P13350,2026-10-09,P,1.335,0.013100000,3,2933
2026-09-29,GBU,OPT,GBUV6 P13375,2026-10-09,P,1.3375,0.015100000,3,320
2026-09-29,GBU,OPT,GBUV6 P13400,2026-10-09,P,1.34,0.017300000,3,4780
2026-09-29,GBU,OPT,GBUV6 P13425,2026-10-09,P,1.3425,0.019600000,3,337
2026-09-29,GBU,OPT,GBUV6 P13450,2026-10-09,P,1.345,0.022000000,3,2112
2026-09-29,GBU,OPT,GBUV6 P13475,2026-10-09,P,1.3475,0.024400000,3,248
2026-09-29,GBU,OPT,GBUV6 P13500,2026-10-09,P,1.35,0.026800000,3,760
2026-09-29,GBU,OPT,GBUV6 P13525,2026-10-09,P,1.3525,0.029300000,3,10
2026-09-29,GBU,OPT,GBUV6 P13550,2026-10-09,P,1.355,0.031700000,3,2168
2026-09-29,GBU,OPT,GBUV6 P13575,2026-10-09,P,1.3575,0.034200000,3,14
2026-09-29,GBU,OPT,GBUV6 P13600,2026-10-09,P,1.36,0.036700000,3,1895
2026-09-29,GBU,OPT,GBUV6 P13625,2026-10-09,P,1.3625,0.039200000,3,
2026-09-29,GBU,OPT,GBUV6 P13650,2026-10-09,P,1.365,0.041700000,3,
2026-09-29,GBU,OPT,GBUV6 P13675,2026-10-09,P,1.3675,0.044200000,3,2
2026-09-29,GBU,OPT,GBUV6 P13700,2026-10-09,P,1.37,0.046700000,3,3
2026-09-29,GBU,OPT,GBUV6 P13725,2026-10-09,P,1.3725,0.049100000,3,
2026-09-29,GBU,OPT,GBUV6 P13750,2026-10-09,P,1.375,0.051600000,3,
2026-09-29,GBU,OPT,GBUV6 P13800,2026-10-09,P,1.38,0.056600000,3,
2026-09-29,GBU,OPT,GBUV6 P13850,2026-10-09,P,1.385,0.061600000,3,
2026-09-29,GBU,OPT,GBUV6 P13900,2026-10-09,P,1.39,0.066600000,3,1
2026-09-29,GBU,OPT,GBUV6 P13950,2026-10-09,P,1.395,0.071600000,3,
2026-09-29,GBU,OPT,GBUV6 P14000,2026-10-09,P,1.4,0.076600000,3,
2026-09-29,GBU,OPT,GBUV6 P14050,2026-10-09,P,1.405,0.081600000,3,
2026-09-29,GBU,OPT,GBUV6 P14100,2026-10-09,P,1.41,0.086600000,3,1
2026-09-29,GBU,OPT,GBUV6 P14150,2026-10-09,P,1.415,0.091600000,3,
2026-09-29,GBU,OPT,GBUV6 P14200,2026-10-09,P,1.42,0.096600000,3,
2026-09-29,GBU,OPT,GBUV6 P14250,2026-10-09,P,1.425,0.101600000,3,
2026-09-29,GBU,OPT,GBUV6 P14300,2026-10-09,P,1.43,0.106600000,3,
2026-09-29,GBU,OPT,GBUV6 P14350,2026-10-09,P,1.435,0.111600000,3,
2026-09-29,GBU,OPT,GBUV6 P14400,2026-10-09,P,1.44,0.116600000,3,
2026-09-29,GBU,OPT,GBUV6 P14450,2026-10-09,P,1.445,0.121600000,3,
2026-09-29,GBU,OPT,GBUV6 P14500,2026-10-09,P,1.45,0.126600000,3,
2026-09-29,GBU,OPT,GBUV6 P14600,2026-10-09,P,1.46,0.136600000,3,1
2026-09-29,GBU,OPT,GBUV6 P14700,2026-10-09,P,1.47,0.146500000,3,1
2026-09-29,GBU,OPT,GBUV6 P14800,2026-10-09,P,1.48,0.156500000,3,
2026-09-29,GBU,OPT,GBUV6 P14900,2026-10-09,P,1.49,0.166500000,3,
2026-09-29,GBU,OPT,GBUV6 P15000,2026-10-09,P,1.5,0.176500000,3,
2026-09-29,GBU,OPT,GBUV6 P15100,2026-10-09,P,1.51,0.186500000,3,
2026-09-29,GBU,OPT,GBUV6 P15200,2026-10-09,P,1.52,0.196500000,3,
2026-09-29,GBU,OPT,GBUV6 P15300,2026-10-09,P,1.53,0.206500000,3,
2026-09-29,GBU,OPT,GBUV6 P15400,2026-10-09,P,1.54,0.216500000,3,
2026-09-29,GBU,OPT,GBUV6 P15500,2026-10-09,P,1.55,0.226500000,3,
2026-09-29,GBU,OPT,GBUV6 P15600,2026-10-09,P,1.56,0.236400000,3,
2026-09-29,GBU,OPT,GBUV6 P15700,2026-10-09,P,1.57,0.246400000,3,
2026-09-29,GBU,OPT,GBUV6 P15800,2026-10-09,P,1.58,0.256400000,3,
2026-09-29,GBU,OPT,GBUX6 C11100,2026-11-06,C,1.11,0.212400000,3,
2026-09-29,GBU,OPT,GBUX6 C11200,2026-11-06,C,1.12,0.202500000,3,
2026-09-29,GBU,OPT,GBUX6 C11300,2026-11-06,C,1.13,0.192500000,3,
2026-09-29,GBU,OPT,GBUX6 C11400,2026-11-06,C,1.14,0.182600000,3,
2026-09-29,GBU,OPT,GBUX6 C11500,2026-11-06,C,1.15,0.172600000,3,
2026-09-29,GBU,OPT,GBUX6 C11600,2026-11-06,C,1.16,0.162600000,3,
2026-09-29,GBU,OPT,GBUX6 C11700,2026-11-06,C,1.17,0.152700000,3,
2026-09-29,GBU,OPT,GBUX6 C11800,2026-11-06,C,1.18,0.142700000,3,
2026-09-29,GBU,OPT,GBUX6 C11900,2026-11-06,C,1.19,0.132800000,3,
2026-09-29,GBU,OPT,GBUX6 C12000,2026-11-06,C,1.2,0.122900000,3,1
2026-09-29,GBU,OPT,GBUX6 C12100,2026-11-06,C,1.21,0.113000000,3,1
2026-09-29,GBU,OPT,GBUX6 C12200,2026-11-06,C,1.22,0.103100000,3,
2026-09-29,GBU,OPT,GBUX6 C12300,2026-11-06,C,1.23,0.093200000,3,
2026-09-29,GBU,OPT,GBUX6 C12400,2026-11-06,C,1.24,0.083300000,3,
2026-09-29,GBU,OPT,GBUX6 C12500,2026-11-06,C,1.25,0.073500000,3,
2026-09-29,GBU,OPT,GBUX6 C12550,2026-11-06,C,1.255,0.068600000,3,
2026-09-29,GBU,OPT,GBUX6 C12600,2026-11-06,C,1.26,0.063800000,3,
2026-09-29,GBU,OPT,GBUX6 C12650,2026-11-06,C,1.265,0.058900000,3,
2026-09-29,GBU,OPT,GBUX6 C12700,2026-11-06,C,1.27,0.054100000,3,
2026-09-29,GBU,OPT,GBUX6 C12750,2026-11-06,C,1.275,0.049400000,3,
2026-09-29,GBU,OPT,GBUX6 C12800,2026-11-06,C,1.28,0.044800000,3,6
2026-09-29,GBU,OPT,GBUX6 C12850,2026-11-06,C,1.285,0.040200000,3,1
2026-09-29,GBU,OPT,GBUX6 C12900,2026-11-06,C,1.29,0.035800000,3,
2026-09-29,GBU,OPT,GBUX6 C12950,2026-11-06,C,1.295,0.031500000,3,1
2026-09-29,GBU,OPT,GBUX6 C13000,2026-11-06,C,1.3,0.027300000,3,6
2026-09-29,GBU,OPT,GBUX6 C13050,2026-11-06,C,1.305,0.023400000,3,1
2026-09-29,GBU,OPT,GBUX6 C13100,2026-11-06,C,1.31,0.019600000,3,
2026-09-29,GBU,OPT,GBUX6 C13150,2026-11-06,C,1.315,0.016200000,3,2
2026-09-29,GBU,OPT,GBUX6 C13200,2026-11-06,C,1.32,0.013100000,3,25
2026-09-29,GBU,OPT,GBUX6 C13250,2026-11-06,C,1.325,0.010300000,3,17
2026-09-29,GBU,OPT,GBUX6 C13300,2026-11-06,C,1.33,0.007900000,3,45
2026-09-29,GBU,OPT,GBUX6 C13350,2026-11-06,C,1.335,0.006000000,3,73
2026-09-29,GBU,OPT,GBUX6 C13400,2026-11-06,C,1.34,0.004400000,3,800
2026-09-29,GBU,OPT,GBUX6 C13450,2026-11-06,C,1.345,0.003200000,3,398
2026-09-29,GBU,OPT,GBUX6 C13500,2026-11-06,C,1.35,0.002300000,3,96
2026-09-29,GBU,OPT,GBUX6 C13550,2026-11-06,C,1.355,0.001600000,3,250
2026-09-29,GBU,OPT,GBUX6 C13600,2026-11-06,C,1.36,0.001100000,3,155
2026-09-29,GBU,OPT,GBUX6 C13650,2026-11-06,C,1.365,0.000800000,3,419
2026-09-29,GBU,OPT,GBUX6 C13700,2026-11-06,C,1.37,0.000500000,3,403
2026-09-29,GBU,OPT,GBUX6 C13750,2026-11-06,C,1.375,0.000400000,3,280
2026-09-29,GBU,OPT,GBUX6 C13800,2026-11-06,C,1.38,0.000300000,3,93
2026-09-29,GBU,OPT,GBUX6 C13850,2026-11-06,C,1.385,0.000300000,3,28
2026-09-29,GBU,OPT,GBUX6 C13900,2026-11-06,C,1.39,0.000200000,3,25
2026-09-29,GBU,OPT,GBUX6 C13950,2026-11-06,C,1.395,0.000200000,3,10
2026-09-29,GBU,OPT,GBUX6 C14000,2026-11-06,C,1.4,0.000100000,3,41
2026-09-29,GBU,OPT,GBUX6 C14050,2026-11-06,C,1.405,0.000100000,3,3
2026-09-29,GBU,OPT,GBUX6 C14100,2026-11-06,C,1.41,0.000100000,3,27
2026-09-29,GBU,OPT,GBUX6 C14150,2026-11-06,C,1.415,0.000100000,3,13
2026-09-29,GBU,OPT,GBUX6 C14200,2026-11-06,C,1.42,0.000100000,3,28
2026-09-29,GBU,OPT,GBUX6 C14250,2026-11-06,C,1.425,0.000100000,3,16
2026-09-29,GBU,OPT,GBUX6 C14300,2026-11-06,C,1.43,0.000100000,3,1520
2026-09-29,GBU,OPT,GBUX6 C14400,2026-11-06,C,1.44,0.000100000,3,1
2026-09-29,GBU,OPT,GBUX6 C14500,2026-11-06,C,1.45,0.000100000,3,16
2026-09-29,GBU,OPT,GBUX6 C14600,2026-11-06,C,1.46,0.000100000,3,16
2026-09-29,GBU,OPT,GBUX6 C14700,2026-11-06,C,1.47,0.000100000,3,17
2026-09-29,GBU,OPT,GBUX6 C14800,2026-11-06,C,1.48,0.000100000,3,18
2026-09-29,GBU,OPT,GBUX6 C14900,2026-11-06,C,1.49,0.000100000,3,18
2026-09-29,GBU,OPT,GBUX6 C15000,2026-11-06,C,1.5,0.000100000,3,19
2026-09-29,GBU,OPT,GBUX6 C15100,2026-11-06,C,1.51,0.000100000,3,15
2026-09-29,GBU,OPT,GBUX6 C15200,2026-11-06,C,1.52,0.000100000,3,
2026-09-29,GBU,OPT,GBUX6 C15300,2026-11-06,C,1.53,0.000100000,3,
2026-09-29,GBU,OPT,GBUX6 C15400,2026-11-06,C,1.54,0.000100000,3,
2026-09-29,GBU,OPT,GBUX6 C15500,2026-11-06,C,1.55,0.000100000,3,
2026-09-29,GBU,OPT,GBUX6 C15600,2026-11-06,C,1.56,0.000100000,3,
2026-09-29,GBU,OPT,GBUX6 C15700,2026-11-06,C,1.57,0.000100000,3,
2026-09-29,GBU,OPT,GBUX6 C15800,2026-11-06,C,1.58,0.000100000,3,
2026-09-29,GBU,OPT,GBUX6 P11100,2026-11-06,P,1.11,0.000100000,3,
2026-09-29,GBU,OPT,GBUX6 P11200,2026-11-06,P,1.12,0.000100000,3,
2026-09-29,GBU,OPT,GBUX6 P11300,2026-11-06,P,1.13,0.000100000,3,1
2026-09-29,GBU,OPT,GBUX6 P11400,2026-11-06,P,1.14,0.000100000,3,1
2026-09-29,GBU,OPT,GBUX6 P11500,2026-11-06,P,1.15,0.000100000,3,
2026-09-29,GBU,OPT,GBUX6 P11600,2026-11-06,P,1.16,0.000100000,3,
2026-09-29,GBU,OPT,GBUX6 P11700,2026-11-06,P,1.17,0.000100000,3,
2026-09-29,GBU,OPT,GBUX6 P11800,2026-11-06,P,1.18,0.000100000,3,
2026-09-29,GBU,OPT,GBUX6 P11900,2026-11-06,P,1.19,0.000100000,3,
2026-09-29,GBU,OPT,GBUX6 P12000,2026-11-06,P,1.2,0.000100000,3,
2026-09-29,GBU,OPT,GBUX6 P12100,2026-11-06,P,1.21,0.000100000,3,3
2026-09-29,GBU,OPT,GBUX6 P12200,2026-11-06,P,1.22,0.000200000,3,3
2026-09-29,GBU,OPT,GBUX6 P12300,2026-11-06,P,1.23,0.000300000,3,4
2026-09-29,GBU,OPT,GBUX6 P12400,2026-11-06,P,1.24,0.000400000,3,2
2026-09-29,GBU,OPT,GBUX6 P12500,2026-11-06,P,1.25,0.000500000,3,2
2026-09-29,GBU,OPT,GBUX6 P12550,2026-11-06,P,1.255,0.000600000,3,3
2026-09-29,GBU,OPT,GBUX6 P12600,2026-11-06,P,1.26,0.000700000,3,7
2026-09-29,GBU,OPT,GBUX6 P12650,2026-11-06,P,1.265,0.000900000,3,
2026-09-29,GBU,OPT,GBUX6 P12700,2026-11-06,P,1.27,0.001100000,3,10
2026-09-29,GBU,OPT,GBUX6 P12750,2026-11-06,P,1.275,0.001300000,3,8
2026-09-29,GBU,OPT,GBUX6 P12800,2026-11-06,P,1.28,0.001600000,3,34
2026-09-29,GBU,OPT,GBUX6 P12850,2026-11-06,P,1.285,0.002100000,3,30
2026-09-29,GBU,OPT,GBUX6 P12900,2026-11-06,P,1.29,0.002600000,3,15
2026-09-29,GBU,OPT,GBUX6 P12950,2026-11-06,P,1.295,0.003300000,3,655
2026-09-29,GBU,OPT,GBUX6 P13000,2026-11-06,P,1.3,0.004100000,3,55
2026-09-29,GBU,OPT,GBUX6 P13050,2026-11-06,P,1.305,0.005100000,3,62
2026-09-29,GBU,OPT,GBUX6 P13100,2026-11-06,P,1.31,0.006400000,3,269
2026-09-29,GBU,OPT,GBUX6 P13150,2026-11-06,P,1.315,0.007900000,3,1009
2026-09-29,GBU,OPT,GBUX6 P13200,2026-11-06,P,1.32,0.009800000,3,88
2026-09-29,GBU,OPT,GBUX6 P13250,2026-11-06,P,1.325,0.012000000,3,122
2026-09-29,GBU,OPT,GBUX6 P13300,2026-11-06,P,1.33,0.014600000,3,708
2026-09-29,GBU,OPT,GBUX6 P13350,2026-11-06,P,1.335,0.017600000,3,138
2026-09-29,GBU,OPT,GBUX6 P13400,2026-11-06,P,1.34,0.021000000,3,97
2026-09-29,GBU,OPT,GBUX6 P13450,2026-11-06,P,1.345,0.024800000,3,73
2026-09-29,GBU,OPT,GBUX6 P13500,2026-11-06,P,1.35,0.028900000,3,396
2026-09-29,GBU,OPT,GBUX6 P13550,2026-11-06,P,1.355,0.033200000,3,4
2026-09-29,GBU,OPT,GBUX6 P13600,2026-11-06,P,1.36,0.037700000,3,151
2026-09-29,GBU,OPT,GBUX6 P13650,2026-11-06,P,1.365,0.042300000,3,422
2026-09-29,GBU,OPT,GBUX6 P13700,2026-11-06,P,1.37,0.047100000,3,84
2026-09-29,GBU,OPT,GBUX6 P13750,2026-11-06,P,1.375,0.051900000,3,2
2026-09-29,GBU,OPT,GBUX6 P13800,2026-11-06,P,1.38,0.056800000,3,
2026-09-29,GBU,OPT,GBUX6 P13850,2026-11-06,P,1.385,0.061700000,3,
2026-09-29,GBU,OPT,GBUX6 P13900,2026-11-06,P,1.39,0.066600000,3,
2026-09-29,GBU,OPT,GBUX6 P13950,2026-11-06,P,1.395,0.071600000,3,
2026-09-29,GBU,OPT,GBUX6 P14000,2026-11-06,P,1.4,0.076500000,3,
2026-09-29,GBU,OPT,GBUX6 P14050,2026-11-06,P,1.405,0.081500000,3,
2026-09-29,GBU,OPT,GBUX6 P14100,2026-11-06,P,1.41,0.086400000,3,
2026-09-29,GBU,OPT,GBUX6 P14150,2026-11-06,P,1.415,0.091300000,3,
2026-09-29,GBU,OPT,GBUX6 P14200,2026-11-06,P,1.42,0.096300000,3,1
2026-09-29,GBU,OPT,GBUX6 P14250,2026-11-06,P,1.425,0.101300000,3,
2026-09-29,GBU,OPT,GBUX6 P14300,2026-11-06,P,1.43,0.106300000,3,
2026-09-29,GBU,OPT,GBUX6 P14400,2026-11-06,P,1.44,0.116200000,3,
2026-09-29,GBU,OPT,GBUX6 P14500,2026-11-06,P,1.45,0.126200000,3,
2026-09-29,GBU,OPT,GBUX6 P14600,2026-11-06,P,1.46,0.136100000,3,
2026-09-29,GBU,OPT,GBUX6 P14700,2026-11-06,P,1.47,0.146100000,3,
2026-09-29,GBU,OPT,GBUX6 P14800,2026-11-06,P,1.48,0.156100000,3,
2026-09-29,GBU,OPT,GBUX6 P14900,2026-11-06,P,1.49,0.166000000,3,
2026-09-29,GBU,OPT,GBUX6 P15000,2026-11-06,P,1.5,0.176000000,3,
2026-09-29,GBU,OPT,GBUX6 P15100,2026-11-06,P,1.51,0.185900000,3,
2026-09-29,GBU,OPT,GBUX6 P15200,2026-11-06,P,1.52,0.195900000,3,
2026-09-29,GBU,OPT,GBUX6 P15300,2026-11-06,P,1.53,0.205900000,3,
2026-09-29,GBU,OPT,GBUX6 P15400,2026-11-06,P,1.54,0.215800000,3,
2026-09-29,GBU,OPT,GBUX6 P15500,2026-11-06,P,1.55,0.225800000,3,
2026-09-29,GBU,OPT,GBUX6 P15600,2026-11-06,P,1.56,0.235700000,3,
2026-09-29,GBU,OPT,GBUX6 P15700,2026-11-06,P,1.57,0.245700000,3,
2026-09-29,GBU,OPT,GBUX6 P15800,2026-11-06,P,1.58,0.255700000,3,
2026-09-29,GBU,OPT,GBUZ6 C10200,2026-12-04,C,1.02,0.301100000,3,
2026-09-29,GBU,OPT,GBUZ6 C10300,2026-12-04,C,1.03,0.291200000,3,
2026-09-29,GBU,OPT,GBUZ6 C10400,2026-12-04,C,1.04,0.281300000,3,
2026-09-29,GBU,OPT,GBUZ6 C10500,2026-12-04,C,1.05,0.271300000,3,1
2026-09-29,GBU,OPT,GBUZ6 C10600,2026-12-04,C,1.06,0.261400000,3,
2026-09-29,GBU,OPT,GBUZ6 C10700,2026-12-04,C,1.07,0.251500000,3,
2026-09-29,GBU,OPT,GBUZ6 C10800,2026-12-04,C,1.08,0.241600000,3,
2026-09-29,GBU,OPT,GBUZ6 C10900,2026-12-04,C,1.09,0.231600000,3,
2026-09-29,GBU,OPT,GBUZ6 C11000,2026-12-04,C,1.1,0.221700000,3,1
2026-09-29,GBU,OPT,GBUZ6 C11100,2026-12-04,C,1.11,0.211800000,3,
2026-09-29,GBU,OPT,GBUZ6 C11200,2026-12-04,C,1.12,0.201800000,3,
2026-09-29,GBU,OPT,GBUZ6 C11300,2026-12-04,C,1.13,0.191900000,3,
2026-09-29,GBU,OPT,GBUZ6 C11400,2026-12-04,C,1.14,0.182000000,3,
2026-09-29,GBU,OPT,GBUZ6 C11500,2026-12-04,C,1.15,0.172100000,3,
2026-09-29,GBU,OPT,GBUZ6 C11600,2026-12-04,C,1.16,0.162200000,3,
2026-09-29,GBU,OPT,GBUZ6 C11650,2026-12-04,C,1.165,0.157300000,3,
2026-09-29,GBU,OPT,GBUZ6 C11700,2026-12-04,C,1.17,0.152400000,3,
2026-09-29,GBU,OPT,GBUZ6 C11750,2026-12-04,C,1.175,0.147400000,3,
2026-09-29,GBU,OPT,GBUZ6 C11800,2026-12-04,C,1.18,0.142500000,3,
2026-09-29,GBU,OPT,GBUZ6 C11850,2026-12-04,C,1.185,0.137500000,3,
2026-09-29,GBU,OPT,GBUZ6 C11900,2026-12-04,C,1.19,0.132600000,3,
2026-09-29,GBU,OPT,GBUZ6 C11950,2026-12-04,C,1.195,0.127700000,3,
2026-09-29,GBU,OPT,GBUZ6 C12000,2026-12-04,C,1.2,0.122800000,3,
2026-09-29,GBU,OPT,GBUZ6 C12050,2026-12-04,C,1.205,0.117900000,3,
2026-09-29,GBU,OPT,GBUZ6 C12100,2026-12-04,C,1.21,0.112900000,3,
2026-09-29,GBU,OPT,GBUZ6 C12150,2026-12-04,C,1.215,0.108000000,3,
2026-09-29,GBU,OPT,GBUZ6 C12200,2026-12-04,C,1.22,0.103100000,3,
2026-09-29,GBU,OPT,GBUZ6 C12250,2026-12-04,C,1.225,0.098200000,3,
2026-09-29,GBU,OPT,GBUZ6 C12300,2026-12-04,C,1.23,0.093300000,3,
2026-09-29,GBU,OPT,GBUZ6 C12350,2026-12-04,C,1.235,0.088500000,3,
2026-09-29,GBU,OPT,GBUZ6 C12400,2026-12-04,C,1.24,0.083600000,3,1
2026-09-29,GBU,OPT,GBUZ6 C12450,2026-12-04,C,1.245,0.078800000,3,
2026-09-29,GBU,OPT,GBUZ6 C12500,2026-12-04,C,1.25,0.074000000,3,
2026-09-29,GBU,OPT,GBUZ6 C12550,2026-12-04,C,1.255,0.069200000,3,
2026-09-29,GBU,OPT,GBUZ6 C12600,2026-12-04,C,1.26,0.064500000,3,
2026-09-29,GBU,OPT,GBUZ6 C12650,2026-12-04,C,1.265,0.059800000,3,
2026-09-29,GBU,OPT,GBUZ6 C12700,2026-12-04,C,1.27,0.055200000,3,30
2026-09-29,GBU,OPT,GBUZ6 C12750,2026-12-04,C,1.275,0.050700000,3,
2026-09-29,GBU,OPT,GBUZ6 C12800,2026-12-04,C,1.28,0.046200000,3,
2026-09-29,GBU,OPT,GBUZ6 C12850,2026-12-04,C,1.285,0.041900000,3,4
2026-09-29,GBU,OPT,GBUZ6 C12900,2026-12-04,C,1.29,0.037700000,3,6
2026-09-29,GBU,OPT,GBUZ6 C12950,2026-12-04,C,1.295,0.033600000,3,
2026-09-29,GBU,OPT,GBUZ6 C13000,2026-12-04,C,1.3,0.029700000,3,3
2026-09-29,GBU,OPT,GBUZ6 C13050,2026-12-04,C,1.305,0.026000000,3,
2026-09-29,GBU,OPT,GBUZ6 C13100,2026-12-04,C,1.31,0.022500000,3,5
2026-09-29,GBU,OPT,GBUZ6 C13150,2026-12-04,C,1.315,0.019200000,3,
2026-09-29,GBU,OPT,GBUZ6 C13200,2026-12-04,C,1.32,0.016100000,3,12
2026-09-29,GBU,OPT,GBUZ6 C13250,2026-12-04,C,1.325,0.013400000,3,11
2026-09-29,GBU,OPT,GBUZ6 C13300,2026-12-04,C,1.33,0.011000000,3,9
2026-09-29,GBU,OPT,GBUZ6 C13350,2026-12-04,C,1.335,0.008900000,3,208
2026-09-29,GBU,OPT,GBUZ6 C13400,2026-12-04,C,1.34,0.007100000,3,49
2026-09-29,GBU,OPT,GBUZ6 C13450,2026-12-04,C,1.345,0.005600000,3,328
2026-09-29,GBU,OPT,GBUZ6 C13500,2026-12-04,C,1.35,0.004400000,3,52
2026-09-29,GBU,OPT,GBUZ6 C13550,2026-12-04,C,1.355,0.003400000,3,313
2026-09-29,GBU,OPT,GBUZ6 C13600,2026-12-04,C,1.36,0.002600000,3,455
2026-09-29,GBU,OPT,GBUZ6 C13650,2026-12-04,C,1.365,0.002000000,3,1298
2026-09-29,GBU,OPT,GBUZ6 C13700,2026-12-04,C,1.37,0.001500000,3,154
2026-09-29,GBU,OPT,GBUZ6 C13750,2026-12-04,C,1.375,0.001200000,3,1063
2026-09-29,GBU,OPT,GBUZ6 C13800,2026-12-04,C,1.38,0.000900000,3,220
2026-09-29,GBU,OPT,GBUZ6 C13850,2026-12-04,C,1.385,0.000700000,3,128
2026-09-29,GBU,OPT,GBUZ6 C13900,2026-12-04,C,1.39,0.000500000,3,259
2026-09-29,GBU,OPT,GBUZ6 C13950,2026-12-04,C,1.395,0.000400000,3,231
2026-09-29,GBU,OPT,GBUZ6 C14000,2026-12-04,C,1.4,0.000300000,3,342
2026-09-29,GBU,OPT,GBUZ6 C14050,2026-12-04,C,1.405,0.000300000,3,241
2026-09-29,GBU,OPT,GBUZ6 C14100,2026-12-04,C,1.41,0.000200000,3,604
2026-09-29,GBU,OPT,GBUZ6 C14150,2026-12-04,C,1.415,0.000200000,3,311
2026-09-29,GBU,OPT,GBUZ6 C14200,2026-12-04,C,1.42,0.000200000,3,324
2026-09-29,GBU,OPT,GBUZ6 C14250,2026-12-04,C,1.425,0.000100000,3,346
2026-09-29,GBU,OPT,GBUZ6 C14300,2026-12-04,C,1.43,0.000100000,3,101
2026-09-29,GBU,OPT,GBUZ6 C14400,2026-12-04,C,1.44,0.000100000,3,17
2026-09-29,GBU,OPT,GBUZ6 C14500,2026-12-04,C,1.45,0.000100000,3,3
2026-09-29,GBU,OPT,GBUZ6 C14600,2026-12-04,C,1.46,0.000100000,3,
2026-09-29,GBU,OPT,GBUZ6 C14700,2026-12-04,C,1.47,0.000100000,3,30
2026-09-29,GBU,OPT,GBUZ6 C14800,2026-12-04,C,1.48,0.000100000,3,40
2026-09-29,GBU,OPT,GBUZ6 C14900,2026-12-04,C,1.49,0.000100000,3,
2026-09-29,GBU,OPT,GBUZ6 C15000,2026-12-04,C,1.5,0.000100000,3,1
2026-09-29,GBU,OPT,GBUZ6 C15100,2026-12-04,C,1.51,0.000100000,3,2
2026-09-29,GBU,OPT,GBUZ6 C15200,2026-12-04,C,1.52,0.000100000,3,
2026-09-29,GBU,OPT,GBUZ6 C15300,2026-12-04,C,1.53,0.000100000,3,
2026-09-29,GBU,OPT,GBUZ6 C15400,2026-12-04,C,1.54,0.000100000,3,1
2026-09-29,GBU,OPT,GBUZ6 C15500,2026-12-04,C,1.55,0.000100000,3,
2026-09-29,GBU,OPT,GBUZ6 C15600,2026-12-04,C,1.56,0.000100000,3,4
2026-09-29,GBU,OPT,GBUZ6 C15700,2026-12-04,C,1.57,0.000100000,3,10
2026-09-29,GBU,OPT,GBUZ6 C15800,2026-12-04,C,1.58,0.000100000,3,
2026-09-29,GBU,OPT,GBUZ6 P10200,2026-12-04,P,1.02,0.000100000,3,3
2026-09-29,GBU,OPT,GBUZ6 P10300,2026-12-04,P,1.03,0.000100000,3,
2026-09-29,GBU,OPT,GBUZ6 P10400,2026-12-04,P,1.04,0.000100000,3,
2026-09-29,GBU,OPT,GBUZ6 P10500,2026-12-04,P,1.05,0.000100000,3,
2026-09-29,GBU,OPT,GBUZ6 P10600,2026-12-04,P,1.06,0.000100000,3,
2026-09-29,GBU,OPT,GBUZ6 P10700,2026-12-04,P,1.07,0.000100000,3,1
2026-09-29,GBU,OPT,GBUZ6 P10800,2026-12-04,P,1.08,0.000100000,3,
2026-09-29,GBU,OPT,GBUZ6 P10900,2026-12-04,P,1.09,0.000100000,3,
2026-09-29,GBU,OPT,GBUZ6 P11000,2026-12-04,P,1.1,0.000100000,3,3
2026-09-29,GBU,OPT,GBUZ6 P11100,2026-12-04,P,1.11,0.000100000,3,1
2026-09-29,GBU,OPT,GBUZ6 P11200,2026-12-04,P,1.12,0.000100000,3,1
2026-09-29,GBU,OPT,GBUZ6 P11300,2026-12-04,P,1.13,0.000100000,3,1
2026-09-29,GBU,OPT,GBUZ6 P11400,2026-12-04,P,1.14,0.000100000,3,
2026-09-29,GBU,OPT,GBUZ6 P11500,2026-12-04,P,1.15,0.000100000,3,41
2026-09-29,GBU,OPT,GBUZ6 P11600,2026-12-04,P,1.16,0.000100000,3,
2026-09-29,GBU,OPT,GBUZ6 P11650,2026-12-04,P,1.165,0.000100000,3,
2026-09-29,GBU,OPT,GBUZ6 P11700,2026-12-04,P,1.17,0.000200000,3,
2026-09-29,GBU,OPT,GBUZ6 P11750,2026-12-04,P,1.175,0.000200000,3,
2026-09-29,GBU,OPT,GBUZ6 P11800,2026-12-04,P,1.18,0.000200000,3,
2026-09-29,GBU,OPT,GBUZ6 P11850,2026-12-04,P,1.185,0.000200000,3,
2026-09-29,GBU,OPT,GBUZ6 P11900,2026-12-04,P,1.19,0.000300000,3,
2026-09-29,GBU,OPT,GBUZ6 P11950,2026-12-04,P,1.195,0.000300000,3,
2026-09-29,GBU,OPT,GBUZ6 P12000,2026-12-04,P,1.2,0.000400000,3,12
2026-09-29,GBU,OPT,GBUZ6 P12050,2026-12-04,P,1.205,0.000400000,3,
2026-09-29,GBU,OPT,GBUZ6 P12100,2026-12-04,P,1.21,0.000500000,3,16
2026-09-29,GBU,OPT,GBUZ6 P12150,2026-12-04,P,1.215,0.000500000,3,2
2026-09-29,GBU,OPT,GBUZ6 P12200,2026-12-04,P,1.22,0.000600000,3,18
2026-09-29,GBU,OPT,GBUZ6 P12250,2026-12-04,P,1.225,0.000600000,3,1
2026-09-29,GBU,OPT,GBUZ6 P12300,2026-12-04,P,1.23,0.000700000,3,19
2026-09-29,GBU,OPT,GBUZ6 P12350,2026-12-04,P,1.235,0.000800000,3,19
2026-09-29,GBU,OPT,GBUZ6 P12400,2026-12-04,P,1.24,0.000900000,3,22
2026-09-29,GBU,OPT,GBUZ6 P12450,2026-12-04,P,1.245,0.001000000,3,16
2026-09-29,GBU,OPT,GBUZ6 P12500,2026-12-04,P,1.25,0.001200000,3,144
2026-09-29,GBU,OPT,GBUZ6 P12550,2026-12-04,P,1.255,0.001400000,3,21
2026-09-29,GBU,OPT,GBUZ6 P12600,2026-12-04,P,1.26,0.001600000,3,24
2026-09-29,GBU,OPT,GBUZ6 P12650,2026-12-04,P,1.265,0.001900000,3,17
2026-09-29,GBU,OPT,GBUZ6 P12700,2026-12-04,P,1.27,0.002300000,3,59
2026-09-29,GBU,OPT,GBUZ6 P12750,2026-12-04,P,1.275,0.002700000,3,337
2026-09-29,GBU,OPT,GBUZ6 P12800,2026-12-04,P,1.28,0.003200000,3,165
2026-09-29,GBU,OPT,GBUZ6 P12850,2026-12-04,P,1.285,0.003900000,3,116
2026-09-29,GBU,OPT,GBUZ6 P12900,2026-12-04,P,1.29,0.004600000,3,239
2026-09-29,GBU,OPT,GBUZ6 P12950,2026-12-04,P,1.295,0.005500000,3,4
2026-09-29,GBU,OPT,GBUZ6 P13000,2026-12-04,P,1.3,0.006600000,3,1255
2026-09-29,GBU,OPT,GBUZ6 P13050,2026-12-04,P,1.305,0.007800000,3,95
2026-09-29,GBU,OPT,GBUZ6 P13100,2026-12-04,P,1.31,0.009200000,3,101
2026-09-29,GBU,OPT,GBUZ6 P13150,2026-12-04,P,1.315,0.010900000,3,100
2026-09-29,GBU,OPT,GBUZ6 P13200,2026-12-04,P,1.32,0.012900000,3,610
2026-09-29,GBU,OPT,GBUZ6 P13250,2026-12-04,P,1.325,0.015100000,3,671
2026-09-29,GBU,OPT,GBUZ6 P13300,2026-12-04,P,1.33,0.017600000,3,296
2026-09-29,GBU,OPT,GBUZ6 P13350,2026-12-04,P,1.335,0.020500000,3,74
2026-09-29,GBU,OPT,GBUZ6 P13400,2026-12-04,P,1.34,0.023700000,3,129
2026-09-29,GBU,OPT,GBUZ6 P13450,2026-12-04,P,1.345,0.027100000,3,120
2026-09-29,GBU,OPT,GBUZ6 P13500,2026-12-04,P,1.35,0.030900000,3,38
2026-09-29,GBU,OPT,GBUZ6 P13550,2026-12-04,P,1.355,0.034900000,3,40
2026-09-29,GBU,OPT,GBUZ6 P13600,2026-12-04,P,1.36,0.039000000,3,67
2026-09-29,GBU,OPT,GBUZ6 P13650,2026-12-04,P,1.365,0.043400000,3,301
2026-09-29,GBU,OPT,GBUZ6 P13700,2026-12-04,P,1.37,0.047900000,3,201
2026-09-29,GBU,OPT,GBUZ6 P13750,2026-12-04,P,1.375,0.052500000,3,2
2026-09-29,GBU,OPT,GBUZ6 P13800,2026-12-04,P,1.38,0.057200000,3,3
2026-09-29,GBU,OPT,GBUZ6 P13850,2026-12-04,P,1.385,0.062000000,3,
2026-09-29,GBU,OPT,GBUZ6 P13900,2026-12-04,P,1.39,0.066800000,3,3
2026-09-29,GBU,OPT,GBUZ6 P13950,2026-12-04,P,1.395,0.071600000,3,
2026-09-29,GBU,OPT,GBUZ6 P14000,2026-12-04,P,1.4,0.076500000,3,3
2026-09-29,GBU,OPT,GBUZ6 P14050,2026-12-04,P,1.405,0.081400000,3,1
2026-09-29,GBU,OPT,GBUZ6 P14100,2026-12-04,P,1.41,0.086300000,3,1
2026-09-29,GBU,OPT,GBUZ6 P14150,2026-12-04,P,1.415,0.091200000,3,
2026-09-29,GBU,OPT,GBUZ6 P14200,2026-12-04,P,1.42,0.096200000,3,
2026-09-29,GBU,OPT,GBUZ6 P14250,2026-12-04,P,1.425,0.101100000,3,
2026-09-29,GBU,OPT,GBUZ6 P14300,2026-12-04,P,1.43,0.106100000,3,1
2026-09-29,GBU,OPT,GBUZ6 P14400,2026-12-04,P,1.44,0.116000000,3,
2026-09-29,GBU,OPT,GBUZ6 P14500,2026-12-04,P,1.45,0.125900000,3,
2026-09-29,GBU,OPT,GBUZ6 P14600,2026-12-04,P,1.46,0.135700000,3,
2026-09-29,GBU,OPT,GBUZ6 P14700,2026-12-04,P,1.47,0.145600000,3,
2026-09-29,GBU,OPT,GBUZ6 P14800,2026-12-04,P,1.48,0.155600000,3,
2026-09-29,GBU,OPT,GBUZ6 P14900,2026-12-04,P,1.49,0.165500000,3,
2026-09-29,GBU,OPT,GBUZ6 P15000,2026-12-04,P,1.5,0.175400000,3,641
2026-09-29,GBU,OPT,GBUZ6 P15100,2026-12-04,P,1.51,0.185400000,3,
2026-09-29,GBU,OPT,GBUZ6 P15200,2026-12-04,P,1.52,0.195300000,3,
2026-09-29,GBU,OPT,GBUZ6 P15300,2026-12-04,P,1.53,0.205200000,3,
2026-09-29,GBU,OPT,GBUZ6 P15400,2026-12-04,P,1.54,0.215100000,3,
2026-09-29,GBU,OPT,GBUZ6 P15500,2026-12-04,P,1.55,0.225100000,3,
2026-09-29,GBU,OPT,GBUZ6 P15600,2026-12-04,P,1.56,0.235000000,3,
2026-09-29,GBU,OPT,GBUZ6 P15700,2026-12-04,P,1.57,0.244900000,3,
2026-09-29,GBU,OPT,GBUZ6 P15800,2026-12-04,P,1.58,0.254900000,3,
2026-09-29,GBU,OPT,GBUF7 C11200,2027-01-08,C,1.12,0.201800000,3,
2026-09-29,GBU,OPT,GBUF7 C11300,2027-01-08,C,1.13,0.191900000,3,
2026-09-29,GBU,OPT,GBUF7 C11400,2027-01-08,C,1.14,0.182100000,3,
2026-09-29,GBU,OPT,GBUF7 C11500,2027-01-08,C,1.15,0.172200000,3,
2026-09-29,GBU,OPT,GBUF7 C11600,2027-01-08,C,1.16,0.162400000,3,
2026-09-29,GBU,OPT,GBUF7 C11700,2027-01-08,C,1.17,0.152600000,3,
2026-09-29,GBU,OPT,GBUF7 C11800,2027-01-08,C,1.18,0.142800000,3,
2026-09-29,GBU,OPT,GBUF7 C11900,2027-01-08,C,1.19,0.133100000,3,
2026-09-29,GBU,OPT,GBUF7 C12000,2027-01-08,C,1.2,0.123300000,3,
2026-09-29,GBU,OPT,GBUF7 C12100,2027-01-08,C,1.21,0.113600000,3,
2026-09-29,GBU,OPT,GBUF7 C12200,2027-01-08,C,1.22,0.103900000,3,
2026-09-29,GBU,OPT,GBUF7 C12300,2027-01-08,C,1.23,0.094300000,3,
2026-09-29,GBU,OPT,GBUF7 C12400,2027-01-08,C,1.24,0.084800000,3,
2026-09-29,GBU,OPT,GBUF7 C12500,2027-01-08,C,1.25,0.075400000,3,
2026-09-29,GBU,OPT,GBUF7 C12600,2027-01-08,C,1.26,0.066200000,3,
2026-09-29,GBU,OPT,GBUF7 C12650,2027-01-08,C,1.265,0.061800000,3,
2026-09-29,GBU,OPT,GBUF7 C12700,2027-01-08,C,1.27,0.057300000,3,
2026-09-29,GBU,OPT,GBUF7 C12750,2027-01-08,C,1.275,0.053000000,3,
2026-09-29,GBU,OPT,GBUF7 C12800,2027-01-08,C,1.28,0.048800000,3,
2026-09-29,GBU,OPT,GBUF7 C12850,2027-01-08,C,1.285,0.044700000,3,
2026-09-29,GBU,OPT,GBUF7 C12900,2027-01-08,C,1.29,0.040700000,3,
2026-09-29,GBU,OPT,GBUF7 C12950,2027-01-08,C,1.295,0.036800000,3,
2026-09-29,GBU,OPT,GBUF7 C13000,2027-01-08,C,1.3,0.033000000,3,
2026-09-29,GBU,OPT,GBUF7 C13050,2027-01-08,C,1.305,0.029400000,3,
2026-09-29,GBU,OPT,GBUF7 C13100,2027-01-08,C,1.31,0.026000000,3,
2026-09-29,GBU,OPT,GBUF7 C13150,2027-01-08,C,1.315,0.022800000,3,
2026-09-29,GBU,OPT,GBUF7 C13200,2027-01-08,C,1.32,0.019900000,3,13
2026-09-29,GBU,OPT,GBUF7 C13250,2027-01-08,C,1.325,0.017200000,3,42
2026-09-29,GBU,OPT,GBUF7 C13300,2027-01-08,C,1.33,0.014700000,3,18
2026-09-29,GBU,OPT,GBUF7 C13350,2027-01-08,C,1.335,0.012500000,3,
2026-09-29,GBU,OPT,GBUF7 C13400,2027-01-08,C,1.34,0.010500000,3,15
2026-09-29,GBU,OPT,GBUF7 C13450,2027-01-08,C,1.345,0.008800000,3,800
2026-09-29,GBU,OPT,GBUF7 C13500,2027-01-08,C,1.35,0.007200000,3,95
2026-09-29,GBU,OPT,GBUF7 C13550,2027-01-08,C,1.355,0.006000000,3,
2026-09-29,GBU,OPT,GBUF7 C13600,2027-01-08,C,1.36,0.004900000,3,400
2026-09-29,GBU,OPT,GBUF7 C13650,2027-01-08,C,1.365,0.003900000,3,41
2026-09-29,GBU,OPT,GBUF7 C13700,2027-01-08,C,1.37,0.003200000,3,42
2026-09-29,GBU,OPT,GBUF7 C13750,2027-01-08,C,1.375,0.002600000,3,1
2026-09-29,GBU,OPT,GBUF7 C13800,2027-01-08,C,1.38,0.002100000,3,6
2026-09-29,GBU,OPT,GBUF7 C13850,2027-01-08,C,1.385,0.001600000,3,1
2026-09-29,GBU,OPT,GBUF7 C13900,2027-01-08,C,1.39,0.001300000,3,6
2026-09-29,GBU,OPT,GBUF7 C13950,2027-01-08,C,1.395,0.001100000,3,4
2026-09-29,GBU,OPT,GBUF7 C14000,2027-01-08,C,1.4,0.000900000,3,20
2026-09-29,GBU,OPT,GBUF7 C14050,2027-01-08,C,1.405,0.000700000,3,2
2026-09-29,GBU,OPT,GBUF7 C14100,2027-01-08,C,1.41,0.000600000,3,1
2026-09-29,GBU,OPT,GBUF7 C14150,2027-01-08,C,1.415,0.000500000,3,16
2026-09-29,GBU,OPT,GBUF7 C14200,2027-01-08,C,1.42,0.000500000,3,15
2026-09-29,GBU,OPT,GBUF7 C14250,2027-01-08,C,1.425,0.000400000,3,
2026-09-29,GBU,OPT,GBUF7 C14300,2027-01-08,C,1.43,0.000300000,3,4
2026-09-29,GBU,OPT,GBUF7 C14400,2027-01-08,C,1.44,0.000200000,3,1
2026-09-29,GBU,OPT,GBUF7 C14500,2027-01-08,C,1.45,0.000100000,3,16
2026-09-29,GBU,OPT,GBUF7 C14600,2027-01-08,C,1.46,0.000100000,3,
2026-09-29,GBU,OPT,GBUF7 C14700,2027-01-08,C,1.47,0.000100000,3,2
2026-09-29,GBU,OPT,GBUF7 C14800,2027-01-08,C,1.48,0.000100000,3,1
2026-09-29,GBU,OPT,GBUF7 C14900,2027-01-08,C,1.49,0.000100000,3,
2026-09-29,GBU,OPT,GBUF7 C15000,2027-01-08,C,1.5,0.000100000,3,
2026-09-29,GBU,OPT,GBUF7 C15100,2027-01-08,C,1.51,0.000100000,3,1
2026-09-29,GBU,OPT,GBUF7 C15200,2027-01-08,C,1.52,0.000100000,3,1
2026-09-29,GBU,OPT,GBUF7 C15300,2027-01-08,C,1.53,0.000100000,3,
2026-09-29,GBU,OPT,GBUF7 C15400,2027-01-08,C,1.54,0.000100000,3,3
2026-09-29,GBU,OPT,GBUF7 C15500,2027-01-08,C,1.55,0.000100000,3,
2026-09-29,GBU,OPT,GBUF7 C15600,2027-01-08,C,1.56,0.000100000,3,
2026-09-29,GBU,OPT,GBUF7 C15700,2027-01-08,C,1.57,0.000100000,3,
2026-09-29,GBU,OPT,GBUF7 C15800,2027-01-08,C,1.58,0.000100000,3,
2026-09-29,GBU,OPT,GBUF7 P11200,2027-01-08,P,1.12,0.000100000,3,10
2026-09-29,GBU,OPT,GBUF7 P11300,2027-01-08,P,1.13,0.000200000,3,
2026-09-29,GBU,OPT,GBUF7 P11400,2027-01-08,P,1.14,0.000200000,3,
2026-09-29,GBU,OPT,GBUF7 P11500,2027-01-08,P,1.15,0.000300000,3,
2026-09-29,GBU,OPT,GBUF7 P11600,2027-01-08,P,1.16,0.000300000,3,
2026-09-29,GBU,OPT,GBUF7 P11700,2027-01-08,P,1.17,0.000400000,3,
2026-09-29,GBU,OPT,GBUF7 P11800,2027-01-08,P,1.18,0.000500000,3,
2026-09-29,GBU,OPT,GBUF7 P11900,2027-01-08,P,1.19,0.000600000,3,
2026-09-29,GBU,OPT,GBUF7 P12000,2027-01-08,P,1.2,0.000800000,3,
2026-09-29,GBU,OPT,GBUF7 P12100,2027-01-08,P,1.21,0.001000000,3,16
2026-09-29,GBU,OPT,GBUF7 P12200,2027-01-08,P,1.22,0.001200000,3,21
2026-09-29,GBU,OPT,GBUF7 P12300,2027-01-08,P,1.23,0.001400000,3,19
2026-09-29,GBU,OPT,GBUF7 P12400,2027-01-08,P,1.24,0.001800000,3,48
2026-09-29,GBU,OPT,GBUF7 P12500,2027-01-08,P,1.25,0.002300000,3,61
2026-09-29,GBU,OPT,GBUF7 P12600,2027-01-08,P,1.26,0.003100000,3,35
2026-09-29,GBU,OPT,GBUF7 P12650,2027-01-08,P,1.265,0.003500000,3,22
2026-09-29,GBU,OPT,GBUF7 P12700,2027-01-08,P,1.27,0.004000000,3,20
2026-09-29,GBU,OPT,GBUF7 P12750,2027-01-08,P,1.275,0.004700000,3,11
2026-09-29,GBU,OPT,GBUF7 P12800,2027-01-08,P,1.28,0.005400000,3,1
2026-09-29,GBU,OPT,GBUF7 P12850,2027-01-08,P,1.285,0.006200000,3,10
2026-09-29,GBU,OPT,GBUF7 P12900,2027-01-08,P,1.29,0.007100000,3,5
2026-09-29,GBU,OPT,GBUF7 P12950,2027-01-08,P,1.295,0.008200000,3,1237
2026-09-29,GBU,OPT,GBUF7 P13000,2027-01-08,P,1.3,0.009400000,3,17
2026-09-29,GBU,OPT,GBUF7 P13050,2027-01-08,P,1.305,0.010700000,3,172
2026-09-29,GBU,OPT,GBUF7 P13100,2027-01-08,P,1.31,0.012300000,3,9
2026-09-29,GBU,OPT,GBUF7 P13150,2027-01-08,P,1.315,0.014000000,3,1
2026-09-29,GBU,OPT,GBUF7 P13200,2027-01-08,P,1.32,0.016000000,3,18
2026-09-29,GBU,OPT,GBUF7 P13250,2027-01-08,P,1.325,0.018200000,3,561
2026-09-29,GBU,OPT,GBUF7 P13300,2027-01-08,P,1.33,0.020700000,3,7
2026-09-29,GBU,OPT,GBUF7 P13350,2027-01-08,P,1.335,0.023400000,3,2
2026-09-29,GBU,OPT,GBUF7 P13400,2027-01-08,P,1.34,0.026400000,3,645
2026-09-29,GBU,OPT,GBUF7 P13450,2027-01-08,P,1.345,0.029600000,3,67
2026-09-29,GBU,OPT,GBUF7 P13500,2027-01-08,P,1.35,0.033100000,3,2
2026-09-29,GBU,OPT,GBUF7 P13550,2027-01-08,P,1.355,0.036700000,3,240
2026-09-29,GBU,OPT,GBUF7 P13600,2027-01-08,P,1.36,0.040500000,3,
2026-09-29,GBU,OPT,GBUF7 P13650,2027-01-08,P,1.365,0.044600000,3,
2026-09-29,GBU,OPT,GBUF7 P13700,2027-01-08,P,1.37,0.048800000,3,2
2026-09-29,GBU,OPT,GBUF7 P13750,2027-01-08,P,1.375,0.053100000,3,
2026-09-29,GBU,OPT,GBUF7 P13800,2027-01-08,P,1.38,0.057500000,3,1
2026-09-29,GBU,OPT,GBUF7 P13850,2027-01-08,P,1.385,0.062100000,3,
2026-09-29,GBU,OPT,GBUF7 P13900,2027-01-08,P,1.39,0.066700000,3,
2026-09-29,GBU,OPT,GBUF7 P13950,2027-01-08,P,1.395,0.071400000,3,
2026-09-29,GBU,OPT,GBUF7 P14000,2027-01-08,P,1.4,0.076100000,3,
2026-09-29,GBU,OPT,GBUF7 P14050,2027-01-08,P,1.405,0.080900000,3,
2026-09-29,GBU,OPT,GBUF7 P14100,2027-01-08,P,1.41,0.085700000,3,
2026-09-29,GBU,OPT,GBUF7 P14150,2027-01-08,P,1.415,0.090600000,3,
2026-09-29,GBU,OPT,GBUF7 P14200,2027-01-08,P,1.42,0.095500000,3,
2026-09-29,GBU,OPT,GBUF7 P14250,2027-01-08,P,1.425,0.100400000,3,
2026-09-29,GBU,OPT,GBUF7 P14300,2027-01-08,P,1.43,0.105200000,3,
2026-09-29,GBU,OPT,GBUF7 P14400,2027-01-08,P,1.44,0.115000000,3,
2026-09-29,GBU,OPT,GBUF7 P14500,2027-01-08,P,1.45,0.124800000,3,
2026-09-29,GBU,OPT,GBUF7 P14600,2027-01-08,P,1.46,0.134700000,3,
2026-09-29,GBU,OPT,GBUF7 P14700,2027-01-08,P,1.47,0.144500000,3,
2026-09-29,GBU,OPT,GBUF7 P14800,2027-01-08,P,1.48,0.154400000,3,
2026-09-29,GBU,OPT,GBUF7 P14900,2027-01-08,P,1.49,0.164200000,3,
2026-09-29,GBU,OPT,GBUF7 P15000,2027-01-08,P,1.5,0.174100000,3,
2026-09-29,GBU,OPT,GBUF7 P15100,2027-01-08,P,1.51,0.184000000,3,
2026-09-29,GBU,OPT,GBUF7 P15200,2027-01-08,P,1.52,0.193900000,3,
2026-09-29,GBU,OPT,GBUF7 P15300,2027-01-08,P,1.53,0.203800000,3,
2026-09-29,GBU,OPT,GBUF7 P15400,2027-01-08,P,1.54,0.213700000,3,
2026-09-29,GBU,OPT,GBUF7 P15500,2027-01-08,P,1.55,0.223600000,3,
2026-09-29,GBU,OPT,GBUF7 P15600,2027-01-08,P,1.56,0.233500000,3,
2026-09-29,GBU,OPT,GBUF7 P15700,2027-01-08,P,1.57,0.243300000,3,
2026-09-29,GBU,OPT,GBUF7 P15800,2027-01-08,P,1.58,0.253200000,3,
2026-09-29,GBU,OPT,GBUG7 C11200,2027-02-05,C,1.12,0.201200000,3,
2026-09-29,GBU,OPT,GBUG7 C11300,2027-02-05,C,1.13,0.191400000,3,
2026-09-29,GBU,OPT,GBUG7 C11400,2027-02-05,C,1.14,0.181600000,3,
2026-09-29,GBU,OPT,GBUG7 C11500,2027-02-05,C,1.15,0.171900000,3,
2026-09-29,GBU,OPT,GBUG7 C11600,2027-02-05,C,1.16,0.162200000,3,
2026-09-29,GBU,OPT,GBUG7 C11700,2027-02-05,C,1.17,0.152400000,3,
2026-09-29,GBU,OPT,GBUG7 C11800,2027-02-05,C,1.18,0.142700000,3,
2026-09-29,GBU,OPT,GBUG7 C11900,2027-02-05,C,1.19,0.133000000,3,
2026-09-29,GBU,OPT,GBUG7 C12000,2027-02-05,C,1.2,0.123300000,3,
2026-09-29,GBU,OPT,GBUG7 C12100,2027-02-05,C,1.21,0.113700000,3,
2026-09-29,GBU,OPT,GBUG7 C12200,2027-02-05,C,1.22,0.104200000,3,
2026-09-29,GBU,OPT,GBUG7 C12300,2027-02-05,C,1.23,0.094800000,3,
2026-09-29,GBU,OPT,GBUG7 C12400,2027-02-05,C,1.24,0.085500000,3,
2026-09-29,GBU,OPT,GBUG7 C12500,2027-02-05,C,1.25,0.076500000,3,1
2026-09-29,GBU,OPT,GBUG7 C12600,2027-02-05,C,1.26,0.067600000,3,
2026-09-29,GBU,OPT,GBUG7 C12650,2027-02-05,C,1.265,0.063300000,3,
2026-09-29,GBU,OPT,GBUG7 C12700,2027-02-05,C,1.27,0.059000000,3,
2026-09-29,GBU,OPT,GBUG7 C12750,2027-02-05,C,1.275,0.054800000,3,
2026-09-29,GBU,OPT,GBUG7 C12800,2027-02-05,C,1.28,0.050700000,3,
2026-09-29,GBU,OPT,GBUG7 C12850,2027-02-05,C,1.285,0.046700000,3,
2026-09-29,GBU,OPT,GBUG7 C12900,2027-02-05,C,1.29,0.042900000,3,
2026-09-29,GBU,OPT,GBUG7 C12950,2027-02-05,C,1.295,0.039100000,3,
2026-09-29,GBU,OPT,GBUG7 C13000,2027-02-05,C,1.3,0.035500000,3,
2026-09-29,GBU,OPT,GBUG7 C13050,2027-02-05,C,1.305,0.032000000,3,
2026-09-29,GBU,OPT,GBUG7 C13100,2027-02-05,C,1.31,0.028700000,3,
2026-09-29,GBU,OPT,GBUG7 C13150,2027-02-05,C,1.315,0.025600000,3,6
2026-09-29,GBU,OPT,GBUG7 C13200,2027-02-05,C,1.32,0.022700000,3,2
2026-09-29,GBU,OPT,GBUG7 C13250,2027-02-05,C,1.325,0.020000000,3,243
2026-09-29,GBU,OPT,GBUG7 C13300,2027-02-05,C,1.33,0.017500000,3,4
2026-09-29,GBU,OPT,GBUG7 C13350,2027-02-05,C,1.335,0.015200000,3,
2026-09-29,GBU,OPT,GBUG7 C13400,2027-02-05,C,1.34,0.013200000,3,113
2026-09-29,GBU,OPT,GBUG7 C13450,2027-02-05,C,1.345,0.011300000,3,4
2026-09-29,GBU,OPT,GBUG7 C13500,2027-02-05,C,1.35,0.009700000,3,161
2026-09-29,GBU,OPT,GBUG7 C13550,2027-02-05,C,1.355,0.008300000,3,130
2026-09-29,GBU,OPT,GBUG7 C13600,2027-02-05,C,1.36,0.007000000,3,122
2026-09-29,GBU,OPT,GBUG7 C13650,2027-02-05,C,1.365,0.005900000,3,246
2026-09-29,GBU,OPT,GBUG7 C13700,2027-02-05,C,1.37,0.005000000,3,3
2026-09-29,GBU,OPT,GBUG7 C13750,2027-02-05,C,1.375,0.004200000,3,
2026-09-29,GBU,OPT,GBUG7 C13800,2027-02-05,C,1.38,0.003500000,3,803
2026-09-29,GBU,OPT,GBUG7 C13850,2027-02-05,C,1.385,0.002900000,3,1
2026-09-29,GBU,OPT,GBUG7 C13900,2027-02-05,C,1.39,0.002400000,3,1
2026-09-29,GBU,OPT,GBUG7 C13950,2027-02-05,C,1.395,0.002000000,3,
2026-09-29,GBU,OPT,GBUG7 C14000,2027-02-05,C,1.4,0.001600000,3,5
2026-09-29,GBU,OPT,GBUG7 C14050,2027-02-05,C,1.405,0.001300000,3,16
2026-09-29,GBU,OPT,GBUG7 C14100,2027-02-05,C,1.41,0.001100000,3,16
2026-09-29,GBU,OPT,GBUG7 C14150,2027-02-05,C,1.415,0.000900000,3,16
2026-09-29,GBU,OPT,GBUG7 C14200,2027-02-05,C,1.42,0.000800000,3,61
2026-09-29,GBU,OPT,GBUG7 C14300,2027-02-05,C,1.43,0.000600000,3,2
2026-09-29,GBU,OPT,GBUG7 C14400,2027-02-05,C,1.44,0.000400000,3,46
2026-09-29,GBU,OPT,GBUG7 C14500,2027-02-05,C,1.45,0.000300000,3,16
2026-09-29,GBU,OPT,GBUG7 C14600,2027-02-05,C,1.46,0.000300000,3,
2026-09-29,GBU,OPT,GBUG7 C14700,2027-02-05,C,1.47,0.000200000,3,17
2026-09-29,GBU,OPT,GBUG7 C14800,2027-02-05,C,1.48,0.000200000,3,
2026-09-29,GBU,OPT,GBUG7 C14900,2027-02-05,C,1.49,0.000100000,3,
2026-09-29,GBU,OPT,GBUG7 C15000,2027-02-05,C,1.5,0.000100000,3,
2026-09-29,GBU,OPT,GBUG7 C15100,2027-02-05,C,1.51,0.000100000,3,
2026-09-29,GBU,OPT,GBUG7 C15200,2027-02-05,C,1.52,0.000100000,3,
2026-09-29,GBU,OPT,GBUG7 C15300,2027-02-05,C,1.53,0.000100000,3,
2026-09-29,GBU,OPT,GBUG7 C15400,2027-02-05,C,1.54,0.000100000,3,
2026-09-29,GBU,OPT,GBUG7 C15500,2027-02-05,C,1.55,0.000100000,3,
2026-09-29,GBU,OPT,GBUG7 C15600,2027-02-05,C,1.56,0.000100000,3,
2026-09-29,GBU,OPT,GBUG7 C15700,2027-02-05,C,1.57,0.000100000,3,
2026-09-29,GBU,OPT,GBUG7 P11200,2027-02-05,P,1.12,0.000200000,3,
2026-09-29,GBU,OPT,GBUG7 P11300,2027-02-05,P,1.13,0.000300000,3,
2026-09-29,GBU,OPT,GBUG7 P11400,2027-02-05,P,1.14,0.000400000,3,
2026-09-29,GBU,OPT,GBUG7 P11500,2027-02-05,P,1.15,0.000500000,3,
2026-09-29,GBU,OPT,GBUG7 P11600,2027-02-05,P,1.16,0.000600000,3,
2026-09-29,GBU,OPT,GBUG7 P11700,2027-02-05,P,1.17,0.000800000,3,1
2026-09-29,GBU,OPT,GBUG7 P11800,2027-02-05,P,1.18,0.000900000,3,
2026-09-29,GBU,OPT,GBUG7 P11900,2027-02-05,P,1.19,0.001000000,3,
2026-09-29,GBU,OPT,GBUG7 P12000,2027-02-05,P,1.2,0.001200000,3,16
2026-09-29,GBU,OPT,GBUG7 P12100,2027-02-05,P,1.21,0.001500000,3,17
2026-09-29,GBU,OPT,GBUG7 P12200,2027-02-05,P,1.22,0.001800000,3,17
2026-09-29,GBU,OPT,GBUG7 P12300,2027-02-05,P,1.23,0.002300000,3,18
2026-09-29,GBU,OPT,GBUG7 P12400,2027-02-05,P,1.24,0.002900000,3,16
2026-09-29,GBU,OPT,GBUG7 P12500,2027-02-05,P,1.25,0.003700000,3,17
2026-09-29,GBU,OPT,GBUG7 P12600,2027-02-05,P,1.26,0.004600000,3,26
2026-09-29,GBU,OPT,GBUG7 P12650,2027-02-05,P,1.265,0.005200000,3,42
2026-09-29,GBU,OPT,GBUG7 P12700,2027-02-05,P,1.27,0.005900000,3,26
2026-09-29,GBU,OPT,GBUG7 P12750,2027-02-05,P,1.275,0.006600000,3,1
2026-09-29,GBU,OPT,GBUG7 P12800,2027-02-05,P,1.28,0.007500000,3,619
2026-09-29,GBU,OPT,GBUG7 P12850,2027-02-05,P,1.285,0.008400000,3,1
2026-09-29,GBU,OPT,GBUG7 P12900,2027-02-05,P,1.29,0.009500000,3,
2026-09-29,GBU,OPT,GBUG7 P12950,2027-02-05,P,1.295,0.010600000,3,100
2026-09-29,GBU,OPT,GBUG7 P13000,2027-02-05,P,1.3,0.011900000,3,2
2026-09-29,GBU,OPT,GBUG7 P13050,2027-02-05,P,1.305,0.013400000,3,4
2026-09-29,GBU,OPT,GBUG7 P13100,2027-02-05,P,1.31,0.015000000,3,42
2026-09-29,GBU,OPT,GBUG7 P13150,2027-02-05,P,1.315,0.016900000,3,190
2026-09-29,GBU,OPT,GBUG7 P13200,2027-02-05,P,1.32,0.018900000,3,41
2026-09-29,GBU,OPT,GBUG7 P13250,2027-02-05,P,1.325,0.021100000,3,40
2026-09-29,GBU,OPT,GBUG7 P13300,2027-02-05,P,1.33,0.023500000,3,400
2026-09-29,GBU,OPT,GBUG7 P13350,2027-02-05,P,1.335,0.026200000,3,5
2026-09-29,GBU,OPT,GBUG7 P13400,2027-02-05,P,1.34,0.029000000,3,243
2026-09-29,GBU,OPT,GBUG7 P13450,2027-02-05,P,1.345,0.032100000,3,281
2026-09-29,GBU,OPT,GBUG7 P13500,2027-02-05,P,1.35,0.035400000,3,340
2026-09-29,GBU,OPT,GBUG7 P13550,2027-02-05,P,1.355,0.038900000,3,
2026-09-29,GBU,OPT,GBUG7 P13600,2027-02-05,P,1.36,0.042600000,3,40
2026-09-29,GBU,OPT,GBUG7 P13650,2027-02-05,P,1.365,0.046400000,3,
2026-09-29,GBU,OPT,GBUG7 P13700,2027-02-05,P,1.37,0.050400000,3,
2026-09-29,GBU,OPT,GBUG7 P13750,2027-02-05,P,1.375,0.054500000,3,
2026-09-29,GBU,OPT,GBUG7 P13800,2027-02-05,P,1.38,0.058800000,3,
2026-09-29,GBU,OPT,GBUG7 P13850,2027-02-05,P,1.385,0.063100000,3,
2026-09-29,GBU,OPT,GBUG7 P13900,2027-02-05,P,1.39,0.067500000,3,
2026-09-29,GBU,OPT,GBUG7 P13950,2027-02-05,P,1.395,0.072000000,3,
2026-09-29,GBU,OPT,GBUG7 P14000,2027-02-05,P,1.4,0.076600000,3,
2026-09-29,GBU,OPT,GBUG7 P14050,2027-02-05,P,1.405,0.081300000,3,
2026-09-29,GBU,OPT,GBUG7 P14100,2027-02-05,P,1.41,0.086000000,3,
2026-09-29,GBU,OPT,GBUG7 P14150,2027-02-05,P,1.415,0.090700000,3,
2026-09-29,GBU,OPT,GBUG7 P14200,2027-02-05,P,1.42,0.095500000,3,
2026-09-29,GBU,OPT,GBUG7 P14300,2027-02-05,P,1.43,0.105200000,3,
2026-09-29,GBU,OPT,GBUG7 P14400,2027-02-05,P,1.44,0.114900000,3,1
2026-09-29,GBU,OPT,GBUG7 P14500,2027-02-05,P,1.45,0.124600000,3,
2026-09-29,GBU,OPT,GBUG7 P14600,2027-02-05,P,1.46,0.134400000,3,
2026-09-29,GBU,OPT,GBUG7 P14700,2027-02-05,P,1.47,0.144200000,3,
2026-09-29,GBU,OPT,GBUG7 P14800,2027-02-05,P,1.48,0.154000000,3,
2026-09-29,GBU,OPT,GBUG7 P14900,2027-02-05,P,1.49,0.163800000,3,
2026-09-29,GBU,OPT,GBUG7 P15000,2027-02-05,P,1.5,0.173600000,3,
2026-09-29,GBU,OPT,GBUG7 P15100,2027-02-05,P,1.51,0.183500000,3,
2026-09-29,GBU,OPT,GBUG7 P15200,2027-02-05,P,1.52,0.193300000,3,
2026-09-29,GBU,OPT,GBUG7 P15300,2027-02-05,P,1.53,0.203100000,3,
2026-09-29,GBU,OPT,GBUG7 P15400,2027-02-05,P,1.54,0.213000000,3,
2026-09-29,GBU,OPT,GBUG7 P15500,2027-02-05,P,1.55,0.222800000,3,
2026-09-29,GBU,OPT,GBUG7 P15600,2027-02-05,P,1.56,0.232700000,3,
2026-09-29,GBU,OPT,GBUG7 P15700,2027-02-05,P,1.57,0.242500000,3,
2026-09-29,GBU,OPT,GBUH7 C10700,2027-03-05,C,1.07,0.249600000,3,
2026-09-29,GBU,OPT,GBUH7 C10800,2027-03-05,C,1.08,0.239800000,3,
2026-09-29,GBU,OPT,GBUH7 C10900,2027-03-05,C,1.09,0.230000000,3,
2026-09-29,GBU,OPT,GBUH7 C11000,2027-03-05,C,1.1,0.220200000,3,
2026-09-29,GBU,OPT,GBUH7 C11100,2027-03-05,C,1.11,0.210500000,3,
2026-09-29,GBU,OPT,GBUH7 C11200,2027-03-05,C,1.12,0.200700000,3,
2026-09-29,GBU,OPT,GBUH7 C11300,2027-03-05,C,1.13,0.191000000,3,
2026-09-29,GBU,OPT,GBUH7 C11400,2027-03-05,C,1.14,0.181300000,3,
2026-09-29,GBU,OPT,GBUH7 C11500,2027-03-05,C,1.15,0.171600000,3,
2026-09-29,GBU,OPT,GBUH7 C11600,2027-03-05,C,1.16,0.161900000,3,
2026-09-29,GBU,OPT,GBUH7 C11700,2027-03-05,C,1.17,0.152300000,3,
2026-09-29,GBU,OPT,GBUH7 C11800,2027-03-05,C,1.18,0.142600000,3,
2026-09-29,GBU,OPT,GBUH7 C11900,2027-03-05,C,1.19,0.133000000,3,
2026-09-29,GBU,OPT,GBUH7 C12000,2027-03-05,C,1.2,0.123500000,3,
2026-09-29,GBU,OPT,GBUH7 C12100,2027-03-05,C,1.21,0.114000000,3,
2026-09-29,GBU,OPT,GBUH7 C12200,2027-03-05,C,1.22,0.104700000,3,
2026-09-29,GBU,OPT,GBUH7 C12250,2027-03-05,C,1.225,0.100000000,3,
2026-09-29,GBU,OPT,GBUH7 C12300,2027-03-05,C,1.23,0.095400000,3,
2026-09-29,GBU,OPT,GBUH7 C12350,2027-03-05,C,1.235,0.090900000,3,
2026-09-29,GBU,OPT,GBUH7 C12400,2027-03-05,C,1.24,0.086300000,3,
2026-09-29,GBU,OPT,GBUH7 C12450,2027-03-05,C,1.245,0.081900000,3,
2026-09-29,GBU,OPT,GBUH7 C12500,2027-03-05,C,1.25,0.077500000,3,
2026-09-29,GBU,OPT,GBUH7 C12550,2027-03-05,C,1.255,0.073100000,3,
2026-09-29,GBU,OPT,GBUH7 C12600,2027-03-05,C,1.26,0.068800000,3,1
2026-09-29,GBU,OPT,GBUH7 C12650,2027-03-05,C,1.265,0.064600000,3,
2026-09-29,GBU,OPT,GBUH7 C12700,2027-03-05,C,1.27,0.060500000,3,
2026-09-29,GBU,OPT,GBUH7 C12750,2027-03-05,C,1.275,0.056400000,3,
2026-09-29,GBU,OPT,GBUH7 C12800,2027-03-05,C,1.28,0.052500000,3,
2026-09-29,GBU,OPT,GBUH7 C12850,2027-03-05,C,1.285,0.048600000,3,
2026-09-29,GBU,OPT,GBUH7 C12900,2027-03-05,C,1.29,0.044800000,3,
2026-09-29,GBU,OPT,GBUH7 C12950,2027-03-05,C,1.295,0.041200000,3,
2026-09-29,GBU,OPT,GBUH7 C13000,2027-03-05,C,1.3,0.037700000,3,
2026-09-29,GBU,OPT,GBUH7 C13050,2027-03-05,C,1.305,0.034300000,3,
2026-09-29,GBU,OPT,GBUH7 C13100,2027-03-05,C,1.31,0.031100000,3,
2026-09-29,GBU,OPT,GBUH7 C13150,2027-03-05,C,1.315,0.028000000,3,
2026-09-29,GBU,OPT,GBUH7 C13200,2027-03-05,C,1.32,0.025100000,3,2
2026-09-29,GBU,OPT,GBUH7 C13250,2027-03-05,C,1.325,0.022500000,3,15
2026-09-29,GBU,OPT,GBUH7 C13300,2027-03-05,C,1.33,0.019900000,3,12
2026-09-29,GBU,OPT,GBUH7 C13350,2027-03-05,C,1.335,0.017600000,3,
2026-09-29,GBU,OPT,GBUH7 C13400,2027-03-05,C,1.34,0.015500000,3,1
2026-09-29,GBU,OPT,GBUH7 C13450,2027-03-05,C,1.345,0.013600000,3,
2026-09-29,GBU,OPT,GBUH7 C13500,2027-03-05,C,1.35,0.011900000,3,8
2026-09-29,GBU,OPT,GBUH7 C13550,2027-03-05,C,1.355,0.010300000,3,1
2026-09-29,GBU,OPT,GBUH7 C13600,2027-03-05,C,1.36,0.008900000,3,17
2026-09-29,GBU,OPT,GBUH7 C13650,2027-03-05,C,1.365,0.007700000,3,34
2026-09-29,GBU,OPT,GBUH7 C13700,2027-03-05,C,1.37,0.006700000,3,2
2026-09-29,GBU,OPT,GBUH7 C13750,2027-03-05,C,1.375,0.005700000,3,4
2026-09-29,GBU,OPT,GBUH7 C13800,2027-03-05,C,1.38,0.004900000,3,2
2026-09-29,GBU,OPT,GBUH7 C13850,2027-03-05,C,1.385,0.004200000,3,
2026-09-29,GBU,OPT,GBUH7 C13900,2027-03-05,C,1.39,0.003600000,3,2
2026-09-29,GBU,OPT,GBUH7 C13950,2027-03-05,C,1.395,0.003100000,3,
2026-09-29,GBU,OPT,GBUH7 C14000,2027-03-05,C,1.4,0.002600000,3,4
2026-09-29,GBU,OPT,GBUH7 C14050,2027-03-05,C,1.405,0.002200000,3,17
2026-09-29,GBU,OPT,GBUH7 C14100,2027-03-05,C,1.41,0.001800000,3,817
2026-09-29,GBU,OPT,GBUH7 C14150,2027-03-05,C,1.415,0.001600000,3,16
2026-09-29,GBU,OPT,GBUH7 C14200,2027-03-05,C,1.42,0.001300000,3,18
2026-09-29,GBU,OPT,GBUH7 C14250,2027-03-05,C,1.425,0.001100000,3,16
2026-09-29,GBU,OPT,GBUH7 C14300,2027-03-05,C,1.43,0.000900000,3,19
2026-09-29,GBU,OPT,GBUH7 C14400,2027-03-05,C,1.44,0.000700000,3,1
2026-09-29,GBU,OPT,GBUH7 C14500,2027-03-05,C,1.45,0.000500000,3,
2026-09-29,GBU,OPT,GBUH7 C14600,2027-03-05,C,1.46,0.000400000,3,
2026-09-29,GBU,OPT,GBUH7 C14700,2027-03-05,C,1.47,0.000300000,3,16
2026-09-29,GBU,OPT,GBUH7 C14800,2027-03-05,C,1.48,0.000200000,3,2
2026-09-29,GBU,OPT,GBUH7 C14900,2027-03-05,C,1.49,0.000200000,3,
2026-09-29,GBU,OPT,GBUH7 C15000,2027-03-05,C,1.5,0.000100000,3,1
2026-09-29,GBU,OPT,GBUH7 C15100,2027-03-05,C,1.51,0.000100000,3,
2026-09-29,GBU,OPT,GBUH7 C15200,2027-03-05,C,1.52,0.000100000,3,
2026-09-29,GBU,OPT,GBUH7 C15300,2027-03-05,C,1.53,0.000100000,3,
2026-09-29,GBU,OPT,GBUH7 C15400,2027-03-05,C,1.54,0.000100000,3,
2026-09-29,GBU,OPT,GBUH7 C15500,2027-03-05,C,1.55,0.000100000,3,
2026-09-29,GBU,OPT,GBUH7 C15600,2027-03-05,C,1.56,0.000100000,3,1
2026-09-29,GBU,OPT,GBUH7 C15700,2027-03-05,C,1.57,0.000100000,3,
2026-09-29,GBU,OPT,GBUH7 C15800,2027-03-05,C,1.58,0.000100000,3,
2026-09-29,GBU,OPT,GBUH7 P10700,2027-03-05,P,1.07,0.000200000,3,12
2026-09-29,GBU,OPT,GBUH7 P10800,2027-03-05,P,1.08,0.000200000,3,3
2026-09-29,GBU,OPT,GBUH7 P10900,2027-03-05,P,1.09,0.000300000,3,5
2026-09-29,GBU,OPT,GBUH7 P11000,2027-03-05,P,1.1,0.000300000,3,1
2026-09-29,GBU,OPT,GBUH7 P11100,2027-03-05,P,1.11,0.000400000,3,
2026-09-29,GBU,OPT,GBUH7 P11200,2027-03-05,P,1.12,0.000400000,3,
2026-09-29,GBU,OPT,GBUH7 P11300,2027-03-05,P,1.13,0.000500000,3,
2026-09-29,GBU,OPT,GBUH7 P11400,2027-03-05,P,1.14,0.000600000,3,
2026-09-29,GBU,OPT,GBUH7 P11500,2027-03-05,P,1.15,0.000800000,3,1
2026-09-29,GBU,OPT,GBUH7 P11600,2027-03-05,P,1.16,0.000900000,3,
2026-09-29,GBU,OPT,GBUH7 P11700,2027-03-05,P,1.17,0.001100000,3,1
2026-09-29,GBU,OPT,GBUH7 P11800,2027-03-05,P,1.18,0.001300000,3,16
2026-09-29,GBU,OPT,GBUH7 P11900,2027-03-05,P,1.19,0.001500000,3,
2026-09-29,GBU,OPT,GBUH7 P12000,2027-03-05,P,1.2,0.001800000,3,1
2026-09-29,GBU,OPT,GBUH7 P12100,2027-03-05,P,1.21,0.002200000,3,28
2026-09-29,GBU,OPT,GBUH7 P12200,2027-03-05,P,1.22,0.002600000,3,2
2026-09-29,GBU,OPT,GBUH7 P12250,2027-03-05,P,1.225,0.002900000,3,2
2026-09-29,GBU,OPT,GBUH7 P12300,2027-03-05,P,1.23,0.003200000,3,3
2026-09-29,GBU,OPT,GBUH7 P12350,2027-03-05,P,1.235,0.003600000,3,
2026-09-29,GBU,OPT,GBUH7 P12400,2027-03-05,P,1.24,0.003900000,3,2
2026-09-29,GBU,OPT,GBUH7 P12450,2027-03-05,P,1.245,0.004400000,3,
2026-09-29,GBU,OPT,GBUH7 P12500,2027-03-05,P,1.25,0.004900000,3,
2026-09-29,GBU,OPT,GBUH7 P12550,2027-03-05,P,1.255,0.005400000,3,206
2026-09-29,GBU,OPT,GBUH7 P12600,2027-03-05,P,1.26,0.006100000,3,104
2026-09-29,GBU,OPT,GBUH7 P12650,2027-03-05,P,1.265,0.006800000,3,5
2026-09-29,GBU,OPT,GBUH7 P12700,2027-03-05,P,1.27,0.007500000,3,
2026-09-29,GBU,OPT,GBUH7 P12750,2027-03-05,P,1.275,0.008400000,3,
2026-09-29,GBU,OPT,GBUH7 P12800,2027-03-05,P,1.28,0.009400000,3,1
2026-09-29,GBU,OPT,GBUH7 P12850,2027-03-05,P,1.285,0.010400000,3,1
2026-09-29,GBU,OPT,GBUH7 P12900,2027-03-05,P,1.29,0.011500000,3,2
2026-09-29,GBU,OPT,GBUH7 P12950,2027-03-05,P,1.295,0.012800000,3,
2026-09-29,GBU,OPT,GBUH7 P13000,2027-03-05,P,1.3,0.014200000,3,30
2026-09-29,GBU,OPT,GBUH7 P13050,2027-03-05,P,1.305,0.015700000,3,4
2026-09-29,GBU,OPT,GBUH7 P13100,2027-03-05,P,1.31,0.017400000,3,
2026-09-29,GBU,OPT,GBUH7 P13150,2027-03-05,P,1.315,0.019300000,3,
2026-09-29,GBU,OPT,GBUH7 P13200,2027-03-05,P,1.32,0.021300000,3,
2026-09-29,GBU,OPT,GBUH7 P13250,2027-03-05,P,1.325,0.023500000,3,8
2026-09-29,GBU,OPT,GBUH7 P13300,2027-03-05,P,1.33,0.025900000,3,8
2026-09-29,GBU,OPT,GBUH7 P13350,2027-03-05,P,1.335,0.028500000,3,32
2026-09-29,GBU,OPT,GBUH7 P13400,2027-03-05,P,1.34,0.031300000,3,2
2026-09-29,GBU,OPT,GBUH7 P13450,2027-03-05,P,1.345,0.034300000,3,
2026-09-29,GBU,OPT,GBUH7 P13500,2027-03-05,P,1.35,0.037500000,3,4
2026-09-29,GBU,OPT,GBUH7 P13550,2027-03-05,P,1.355,0.040900000,3,1
2026-09-29,GBU,OPT,GBUH7 P13600,2027-03-05,P,1.36,0.044400000,3,3
2026-09-29,GBU,OPT,GBUH7 P13650,2027-03-05,P,1.365,0.048100000,3,
2026-09-29,GBU,OPT,GBUH7 P13700,2027-03-05,P,1.37,0.052000000,3,
2026-09-29,GBU,OPT,GBUH7 P13750,2027-03-05,P,1.375,0.055900000,3,
2026-09-29,GBU,OPT,GBUH7 P13800,2027-03-05,P,1.38,0.060000000,3,
2026-09-29,GBU,OPT,GBUH7 P13850,2027-03-05,P,1.385,0.064200000,3,
2026-09-29,GBU,OPT,GBUH7 P13900,2027-03-05,P,1.39,0.068500000,3,
2026-09-29,GBU,OPT,GBUH7 P13950,2027-03-05,P,1.395,0.072900000,3,
2026-09-29,GBU,OPT,GBUH7 P14000,2027-03-05,P,1.4,0.077300000,3,
2026-09-29,GBU,OPT,GBUH7 P14050,2027-03-05,P,1.405,0.081900000,3,
2026-09-29,GBU,OPT,GBUH7 P14100,2027-03-05,P,1.41,0.086400000,3,1
2026-09-29,GBU,OPT,GBUH7 P14150,2027-03-05,P,1.415,0.091000000,3,
2026-09-29,GBU,OPT,GBUH7 P14200,2027-03-05,P,1.42,0.095700000,3,
2026-09-29,GBU,OPT,GBUH7 P14250,2027-03-05,P,1.425,0.100400000,3,
2026-09-29,GBU,OPT,GBUH7 P14300,2027-03-05,P,1.43,0.105100000,3,
2026-09-29,GBU,OPT,GBUH7 P14400,2027-03-05,P,1.44,0.114700000,3,
2026-09-29,GBU,OPT,GBUH7 P14500,2027-03-05,P,1.45,0.124400000,3,
2026-09-29,GBU,OPT,GBUH7 P14600,2027-03-05,P,1.46,0.134000000,3,
2026-09-29,GBU,OPT,GBUH7 P14700,2027-03-05,P,1.47,0.143800000,3,
2026-09-29,GBU,OPT,GBUH7 P14800,2027-03-05,P,1.48,0.153500000,3,
2026-09-29,GBU,OPT,GBUH7 P14900,2027-03-05,P,1.49,0.163300000,3,
2026-09-29,GBU,OPT,GBUH7 P15000,2027-03-05,P,1.5,0.173100000,3,560
2026-09-29,GBU,OPT,GBUH7 P15100,2027-03-05,P,1.51,0.182900000,3,
2026-09-29,GBU,OPT,GBUH7 P15200,2027-03-05,P,1.52,0.192700000,3,
2026-09-29,GBU,OPT,GBUH7 P15300,2027-03-05,P,1.53,0.202500000,3,
2026-09-29,GBU,OPT,GBUH7 P15400,2027-03-05,P,1.54,0.212300000,3,
2026-09-29,GBU,OPT,GBUH7 P15500,2027-03-05,P,1.55,0.222100000,3,
2026-09-29,GBU,OPT,GBUH7 P15600,2027-03-05,P,1.56,0.231900000,3,
2026-09-29,GBU,OPT,GBUH7 P15700,2027-03-05,P,1.57,0.241700000,3,
2026-09-29,GBU,OPT,GBUH7 P15800,2027-03-05,P,1.58,0.251500000,3,
2026-09-29,GBU,OPT,GBUJ7 C11200,2027-04-09,C,1.12,0.200700000,3,
2026-09-29,GBU,OPT,GBUJ7 C11300,2027-04-09,C,1.13,0.191000000,3,
2026-09-29,GBU,OPT,GBUJ7 C11400,2027-04-09,C,1.14,0.181300000,3,
2026-09-29,GBU,OPT,GBUJ7 C11500,2027-04-09,C,1.15,0.171700000,3,
2026-09-29,GBU,OPT,GBUJ7 C11600,2027-04-09,C,1.16,0.162000000,3,
2026-09-29,GBU,OPT,GBUJ7 C11700,2027-04-09,C,1.17,0.152500000,3,
2026-09-29,GBU,OPT,GBUJ7 C11800,2027-04-09,C,1.18,0.142900000,3,
2026-09-29,GBU,OPT,GBUJ7 C11900,2027-04-09,C,1.19,0.133500000,3,
2026-09-29,GBU,OPT,GBUJ7 C12000,2027-04-09,C,1.2,0.124100000,3,
2026-09-29,GBU,OPT,GBUJ7 C12100,2027-04-09,C,1.21,0.114800000,3,
2026-09-29,GBU,OPT,GBUJ7 C12200,2027-04-09,C,1.22,0.105700000,3,
2026-09-29,GBU,OPT,GBUJ7 C12300,2027-04-09,C,1.23,0.096700000,3,
2026-09-29,GBU,OPT,GBUJ7 C12400,2027-04-09,C,1.24,0.087900000,3,
2026-09-29,GBU,OPT,GBUJ7 C12500,2027-04-09,C,1.25,0.079300000,3,
2026-09-29,GBU,OPT,GBUJ7 C12600,2027-04-09,C,1.26,0.070900000,3,
2026-09-29,GBU,OPT,GBUJ7 C12650,2027-04-09,C,1.265,0.066800000,3,
2026-09-29,GBU,OPT,GBUJ7 C12700,2027-04-09,C,1.27,0.062800000,3,
2026-09-29,GBU,OPT,GBUJ7 C12750,2027-04-09,C,1.275,0.058800000,3,
2026-09-29,GBU,OPT,GBUJ7 C12800,2027-04-09,C,1.28,0.054900000,3,
2026-09-29,GBU,OPT,GBUJ7 C12850,2027-04-09,C,1.285,0.051200000,3,
2026-09-29,GBU,OPT,GBUJ7 C12900,2027-04-09,C,1.29,0.047500000,3,
2026-09-29,GBU,OPT,GBUJ7 C12950,2027-04-09,C,1.295,0.043900000,3,
2026-09-29,GBU,OPT,GBUJ7 C13000,2027-04-09,C,1.3,0.040500000,3,
2026-09-29,GBU,OPT,GBUJ7 C13050,2027-04-09,C,1.305,0.037200000,3,
2026-09-29,GBU,OPT,GBUJ7 C13100,2027-04-09,C,1.31,0.034000000,3,
2026-09-29,GBU,OPT,GBUJ7 C13150,2027-04-09,C,1.315,0.031000000,3,
2026-09-29,GBU,OPT,GBUJ7 C13200,2027-04-09,C,1.32,0.028200000,3,
2026-09-29,GBU,OPT,GBUJ7 C13250,2027-04-09,C,1.325,0.025500000,3,
2026-09-29,GBU,OPT,GBUJ7 C13300,2027-04-09,C,1.33,0.023000000,3,407
2026-09-29,GBU,OPT,GBUJ7 C13350,2027-04-09,C,1.335,0.020600000,3,3
2026-09-29,GBU,OPT,GBUJ7 C13400,2027-04-09,C,1.34,0.018500000,3,6
2026-09-29,GBU,OPT,GBUJ7 C13450,2027-04-09,C,1.345,0.016500000,3,
2026-09-29,GBU,OPT,GBUJ7 C13500,2027-04-09,C,1.35,0.014600000,3,24
2026-09-29,GBU,OPT,GBUJ7 C13550,2027-04-09,C,1.355,0.013000000,3,
2026-09-29,GBU,OPT,GBUJ7 C13600,2027-04-09,C,1.36,0.011500000,3,8
2026-09-29,GBU,OPT,GBUJ7 C13650,2027-04-09,C,1.365,0.010100000,3,
2026-09-29,GBU,OPT,GBUJ7 C13700,2027-04-09,C,1.37,0.008900000,3,1
2026-09-29,GBU,OPT,GBUJ7 C13750,2027-04-09,C,1.375,0.007800000,3,
2026-09-29,GBU,OPT,GBUJ7 C13800,2027-04-09,C,1.38,0.006900000,3,
2026-09-29,GBU,OPT,GBUJ7 C13850,2027-04-09,C,1.385,0.006000000,3,
2026-09-29,GBU,OPT,GBUJ7 C13900,2027-04-09,C,1.39,0.005300000,3,
2026-09-29,GBU,OPT,GBUJ7 C13950,2027-04-09,C,1.395,0.004600000,3,
2026-09-29,GBU,OPT,GBUJ7 C14000,2027-04-09,C,1.4,0.004000000,3,154
2026-09-29,GBU,OPT,GBUJ7 C14050,2027-04-09,C,1.405,0.003500000,3,
2026-09-29,GBU,OPT,GBUJ7 C14100,2027-04-09,C,1.41,0.003000000,3,
2026-09-29,GBU,OPT,GBUJ7 C14150,2027-04-09,C,1.415,0.002700000,3,
2026-09-29,GBU,OPT,GBUJ7 C14200,2027-04-09,C,1.42,0.002300000,3,
2026-09-29,GBU,OPT,GBUJ7 C14300,2027-04-09,C,1.43,0.001700000,3,
2026-09-29,GBU,OPT,GBUJ7 C14400,2027-04-09,C,1.44,0.001300000,3,
2026-09-29,GBU,OPT,GBUJ7 C14500,2027-04-09,C,1.45,0.001000000,3,
2026-09-29,GBU,OPT,GBUJ7 C14600,2027-04-09,C,1.46,0.000800000,3,
2026-09-29,GBU,OPT,GBUJ7 C14700,2027-04-09,C,1.47,0.000600000,3,4
2026-09-29,GBU,OPT,GBUJ7 C14800,2027-04-09,C,1.48,0.000400000,3,
2026-09-29,GBU,OPT,GBUJ7 C14900,2027-04-09,C,1.49,0.000300000,3,
2026-09-29,GBU,OPT,GBUJ7 C15000,2027-04-09,C,1.5,0.000200000,3,
2026-09-29,GBU,OPT,GBUJ7 C15100,2027-04-09,C,1.51,0.000200000,3,
2026-09-29,GBU,OPT,GBUJ7 C15200,2027-04-09,C,1.52,0.000200000,3,
2026-09-29,GBU,OPT,GBUJ7 C15300,2027-04-09,C,1.53,0.000100000,3,
2026-09-29,GBU,OPT,GBUJ7 C15400,2027-04-09,C,1.54,0.000100000,3,
2026-09-29,GBU,OPT,GBUJ7 C15500,2027-04-09,C,1.55,0.000100000,3,
2026-09-29,GBU,OPT,GBUJ7 C15600,2027-04-09,C,1.56,0.000100000,3,
2026-09-29,GBU,OPT,GBUJ7 P11200,2027-04-09,P,1.12,0.000900000,3,
2026-09-29,GBU,OPT,GBUJ7 P11300,2027-04-09,P,1.13,0.001000000,3,
2026-09-29,GBU,OPT,GBUJ7 P11400,2027-04-09,P,1.14,0.001100000,3,
2026-09-29,GBU,OPT,GBUJ7 P11500,2027-04-09,P,1.15,0.001200000,3,
2026-09-29,GBU,OPT,GBUJ7 P11600,2027-04-09,P,1.16,0.001400000,3,
2026-09-29,GBU,OPT,GBUJ7 P11700,2027-04-09,P,1.17,0.001600000,3,
2026-09-29,GBU,OPT,GBUJ7 P11800,2027-04-09,P,1.18,0.001800000,3,90
2026-09-29,GBU,OPT,GBUJ7 P11900,2027-04-09,P,1.19,0.002100000,3,2
2026-09-29,GBU,OPT,GBUJ7 P12000,2027-04-09,P,1.2,0.002500000,3,16
2026-09-29,GBU,OPT,GBUJ7 P12100,2027-04-09,P,1.21,0.003000000,3,1
2026-09-29,GBU,OPT,GBUJ7 P12200,2027-04-09,P,1.22,0.003700000,3,
2026-09-29,GBU,OPT,GBUJ7 P12300,2027-04-09,P,1.23,0.004500000,3,
2026-09-29,GBU,OPT,GBUJ7 P12400,2027-04-09,P,1.24,0.005500000,3,
2026-09-29,GBU,OPT,GBUJ7 P12500,2027-04-09,P,1.25,0.006600000,3,10
2026-09-29,GBU,OPT,GBUJ7 P12600,2027-04-09,P,1.26,0.008000000,3,2
2026-09-29,GBU,OPT,GBUJ7 P12650,2027-04-09,P,1.265,0.008800000,3,12
2026-09-29,GBU,OPT,GBUJ7 P12700,2027-04-09,P,1.27,0.009700000,3,2
2026-09-29,GBU,OPT,GBUJ7 P12750,2027-04-09,P,1.275,0.010600000,3,
2026-09-29,GBU,OPT,GBUJ7 P12800,2027-04-09,P,1.28,0.011600000,3,156
2026-09-29,GBU,OPT,GBUJ7 P12850,2027-04-09,P,1.285,0.012700000,3,
2026-09-29,GBU,OPT,GBUJ7 P12900,2027-04-09,P,1.29,0.013900000,3,
2026-09-29,GBU,OPT,GBUJ7 P12950,2027-04-09,P,1.295,0.015300000,3,
2026-09-29,GBU,OPT,GBUJ7 P13000,2027-04-09,P,1.3,0.016700000,3,
2026-09-29,GBU,OPT,GBUJ7 P13050,2027-04-09,P,1.305,0.018300000,3,
2026-09-29,GBU,OPT,GBUJ7 P13100,2027-04-09,P,1.31,0.020100000,3,
2026-09-29,GBU,OPT,GBUJ7 P13150,2027-04-09,P,1.315,0.021900000,3,
2026-09-29,GBU,OPT,GBUJ7 P13200,2027-04-09,P,1.32,0.024000000,3,800
2026-09-29,GBU,OPT,GBUJ7 P13250,2027-04-09,P,1.325,0.026200000,3,
2026-09-29,GBU,OPT,GBUJ7 P13300,2027-04-09,P,1.33,0.028600000,3,600
2026-09-29,GBU,OPT,GBUJ7 P13350,2027-04-09,P,1.335,0.031100000,3,
2026-09-29,GBU,OPT,GBUJ7 P13400,2027-04-09,P,1.34,0.033800000,3,50
2026-09-29,GBU,OPT,GBUJ7 P13450,2027-04-09,P,1.345,0.036700000,3,
2026-09-29,GBU,OPT,GBUJ7 P13500,2027-04-09,P,1.35,0.039800000,3,
2026-09-29,GBU,OPT,GBUJ7 P13550,2027-04-09,P,1.355,0.043000000,3,3
2026-09-29,GBU,OPT,GBUJ7 P13600,2027-04-09,P,1.36,0.046400000,3,50
2026-09-29,GBU,OPT,GBUJ7 P13650,2027-04-09,P,1.365,0.049900000,3,
2026-09-29,GBU,OPT,GBUJ7 P13700,2027-04-09,P,1.37,0.053600000,3,
2026-09-29,GBU,OPT,GBUJ7 P13750,2027-04-09,P,1.375,0.057400000,3,
2026-09-29,GBU,OPT,GBUJ7 P13800,2027-04-09,P,1.38,0.061300000,3,
2026-09-29,GBU,OPT,GBUJ7 P13850,2027-04-09,P,1.385,0.065400000,3,
2026-09-29,GBU,OPT,GBUJ7 P13900,2027-04-09,P,1.39,0.069500000,3,
2026-09-29,GBU,OPT,GBUJ7 P13950,2027-04-09,P,1.395,0.073700000,3,
2026-09-29,GBU,OPT,GBUJ7 P14000,2027-04-09,P,1.4,0.078000000,3,
2026-09-29,GBU,OPT,GBUJ7 P14050,2027-04-09,P,1.405,0.082400000,3,
2026-09-29,GBU,OPT,GBUJ7 P14100,2027-04-09,P,1.41,0.086900000,3,
2026-09-29,GBU,OPT,GBUJ7 P14150,2027-04-09,P,1.415,0.091400000,3,
2026-09-29,GBU,OPT,GBUJ7 P14200,2027-04-09,P,1.42,0.095900000,3,
2026-09-29,GBU,OPT,GBUJ7 P14300,2027-04-09,P,1.43,0.105100000,3,1
2026-09-29,GBU,OPT,GBUJ7 P14400,2027-04-09,P,1.44,0.114400000,3,1
2026-09-29,GBU,OPT,GBUJ7 P14500,2027-04-09,P,1.45,0.123900000,3,
2026-09-29,GBU,OPT,GBUJ7 P14600,2027-04-09,P,1.46,0.133500000,3,
2026-09-29,GBU,OPT,GBUJ7 P14700,2027-04-09,P,1.47,0.143100000,3,
2026-09-29,GBU,OPT,GBUJ7 P14800,2027-04-09,P,1.48,0.152700000,3,
2026-09-29,GBU,OPT,GBUJ7 P14900,2027-04-09,P,1.49,0.162400000,3,
2026-09-29,GBU,OPT,GBUJ7 P15000,2027-04-09,P,1.5,0.172100000,3,
2026-09-29,GBU,OPT,GBUJ7 P15100,2027-04-09,P,1.51,0.181800000,3,
2026-09-29,GBU,OPT,GBUJ7 P15200,2027-04-09,P,1.52,0.191500000,3,
2026-09-29,GBU,OPT,GBUJ7 P15300,2027-04-09,P,1.53,0.201300000,3,
2026-09-29,GBU,OPT,GBUJ7 P15400,2027-04-09,P,1.54,0.211100000,3,
2026-09-29,GBU,OPT,GBUJ7 P15500,2027-04-09,P,1.55,0.220800000,3,
2026-09-29,GBU,OPT,GBUJ7 P15600,2027-04-09,P,1.56,0.230600000,3,
2026-09-29,GBU,OPT,GBUK7 C11200,2027-05-07,C,1.12,0.200200000,3,
2026-09-29,GBU,OPT,GBUK7 C11300,2027-05-07,C,1.13,0.190600000,3,
2026-09-29,GBU,OPT,GBUK7 C11400,2027-05-07,C,1.14,0.181000000,3,
2026-09-29,GBU,OPT,GBUK7 C11500,2027-05-07,C,1.15,0.171500000,3,
2026-09-29,GBU,OPT,GBUK7 C11600,2027-05-07,C,1.16,0.162000000,3,
2026-09-29,GBU,OPT,GBUK7 C11700,2027-05-07,C,1.17,0.152500000,3,
2026-09-29,GBU,OPT,GBUK7 C11800,2027-05-07,C,1.18,0.143100000,3,
2026-09-29,GBU,OPT,GBUK7 C11900,2027-05-07,C,1.19,0.133700000,3,
2026-09-29,GBU,OPT,GBUK7 C12000,2027-05-07,C,1.2,0.124500000,3,
2026-09-29,GBU,OPT,GBUK7 C12100,2027-05-07,C,1.21,0.115400000,3,
2026-09-29,GBU,OPT,GBUK7 C12200,2027-05-07,C,1.22,0.106500000,3,
2026-09-29,GBU,OPT,GBUK7 C12300,2027-05-07,C,1.23,0.097700000,3,
2026-09-29,GBU,OPT,GBUK7 C12400,2027-05-07,C,1.24,0.089100000,3,
2026-09-29,GBU,OPT,GBUK7 C12500,2027-05-07,C,1.25,0.080700000,3,
2026-09-29,GBU,OPT,GBUK7 C12600,2027-05-07,C,1.26,0.072400000,3,
2026-09-29,GBU,OPT,GBUK7 C12650,2027-05-07,C,1.265,0.068400000,3,
2026-09-29,GBU,OPT,GBUK7 C12700,2027-05-07,C,1.27,0.064400000,3,
2026-09-29,GBU,OPT,GBUK7 C12750,2027-05-07,C,1.275,0.060500000,3,
2026-09-29,GBU,OPT,GBUK7 C12800,2027-05-07,C,1.28,0.056700000,3,
2026-09-29,GBU,OPT,GBUK7 C12850,2027-05-07,C,1.285,0.053000000,3,
2026-09-29,GBU,OPT,GBUK7 C12900,2027-05-07,C,1.29,0.049400000,3,
2026-09-29,GBU,OPT,GBUK7 C12950,2027-05-07,C,1.295,0.045900000,3,
2026-09-29,GBU,OPT,GBUK7 C13000,2027-05-07,C,1.3,0.042600000,3,
2026-09-29,GBU,OPT,GBUK7 C13050,2027-05-07,C,1.305,0.039300000,3,
2026-09-29,GBU,OPT,GBUK7 C13100,2027-05-07,C,1.31,0.036200000,3,
2026-09-29,GBU,OPT,GBUK7 C13150,2027-05-07,C,1.315,0.033300000,3,
2026-09-29,GBU,OPT,GBUK7 C13200,2027-05-07,C,1.32,0.030500000,3,4
2026-09-29,GBU,OPT,GBUK7 C13250,2027-05-07,C,1.325,0.027800000,3,
2026-09-29,GBU,OPT,GBUK7 C13300,2027-05-07,C,1.33,0.025300000,3,
2026-09-29,GBU,OPT,GBUK7 C13350,2027-05-07,C,1.335,0.023000000,3,
2026-09-29,GBU,OPT,GBUK7 C13400,2027-05-07,C,1.34,0.020800000,3,5
2026-09-29,GBU,OPT,GBUK7 C13450,2027-05-07,C,1.345,0.018700000,3,
2026-09-29,GBU,OPT,GBUK7 C13500,2027-05-07,C,1.35,0.016900000,3,
2026-09-29,GBU,OPT,GBUK7 C13550,2027-05-07,C,1.355,0.015100000,3,
2026-09-29,GBU,OPT,GBUK7 C13600,2027-05-07,C,1.36,0.013500000,3,
2026-09-29,GBU,OPT,GBUK7 C13650,2027-05-07,C,1.365,0.012100000,3,1
2026-09-29,GBU,OPT,GBUK7 C13700,2027-05-07,C,1.37,0.010800000,3,1
2026-09-29,GBU,OPT,GBUK7 C13750,2027-05-07,C,1.375,0.009600000,3,
2026-09-29,GBU,OPT,GBUK7 C13800,2027-05-07,C,1.38,0.008500000,3,
2026-09-29,GBU,OPT,GBUK7 C13850,2027-05-07,C,1.385,0.007600000,3,
2026-09-29,GBU,OPT,GBUK7 C13900,2027-05-07,C,1.39,0.006700000,3,
2026-09-29,GBU,OPT,GBUK7 C13950,2027-05-07,C,1.395,0.005900000,3,
2026-09-29,GBU,OPT,GBUK7 C14000,2027-05-07,C,1.4,0.005300000,3,3
2026-09-29,GBU,OPT,GBUK7 C14050,2027-05-07,C,1.405,0.004700000,3,
2026-09-29,GBU,OPT,GBUK7 C14100,2027-05-07,C,1.41,0.004100000,3,
2026-09-29,GBU,OPT,GBUK7 C14150,2027-05-07,C,1.415,0.003600000,3,
2026-09-29,GBU,OPT,GBUK7 C14200,2027-05-07,C,1.42,0.003200000,3,
2026-09-29,GBU,OPT,GBUK7 C14300,2027-05-07,C,1.43,0.002500000,3,
2026-09-29,GBU,OPT,GBUK7 C14400,2027-05-07,C,1.44,0.002000000,3,
2026-09-29,GBU,OPT,GBUK7 C14500,2027-05-07,C,1.45,0.001500000,3,
2026-09-29,GBU,OPT,GBUK7 C14600,2027-05-07,C,1.46,0.001200000,3,2
2026-09-29,GBU,OPT,GBUK7 C14700,2027-05-07,C,1.47,0.000900000,3,
2026-09-29,GBU,OPT,GBUK7 C14800,2027-05-07,C,1.48,0.000700000,3,
2026-09-29,GBU,OPT,GBUK7 C14900,2027-05-07,C,1.49,0.000600000,3,
2026-09-29,GBU,OPT,GBUK7 C15000,2027-05-07,C,1.5,0.000500000,3,
2026-09-29,GBU,OPT,GBUK7 C15100,2027-05-07,C,1.51,0.000400000,3,
2026-09-29,GBU,OPT,GBUK7 C15200,2027-05-07,C,1.52,0.000300000,3,2
2026-09-29,GBU,OPT,GBUK7 C15300,2027-05-07,C,1.53,0.000300000,3,
2026-09-29,GBU,OPT,GBUK7 C15400,2027-05-07,C,1.54,0.000200000,3,
2026-09-29,GBU,OPT,GBUK7 C15500,2027-05-07,C,1.55,0.000200000,3,
2026-09-29,GBU,OPT,GBUK7 C15600,2027-05-07,C,1.56,0.000100000,3,
2026-09-29,GBU,OPT,GBUK7 P11200,2027-05-07,P,1.12,0.001200000,3,
2026-09-29,GBU,OPT,GBUK7 P11300,2027-05-07,P,1.13,0.001300000,3,2
2026-09-29,GBU,OPT,GBUK7 P11400,2027-05-07,P,1.14,0.001500000,3,
2026-09-29,GBU,OPT,GBUK7 P11500,2027-05-07,P,1.15,0.001600000,3,3
2026-09-29,GBU,OPT,GBUK7 P11600,2027-05-07,P,1.16,0.001800000,3,
2026-09-29,GBU,OPT,GBUK7 P11700,2027-05-07,P,1.17,0.002100000,3,1
2026-09-29,GBU,OPT,GBUK7 P11800,2027-05-07,P,1.18,0.002500000,3,1
2026-09-29,GBU,OPT,GBUK7 P11900,2027-05-07,P,1.19,0.002900000,3,
2026-09-29,GBU,OPT,GBUK7 P12000,2027-05-07,P,1.2,0.003400000,3,
2026-09-29,GBU,OPT,GBUK7 P12100,2027-05-07,P,1.21,0.004100000,3,
2026-09-29,GBU,OPT,GBUK7 P12200,2027-05-07,P,1.22,0.004900000,3,
2026-09-29,GBU,OPT,GBUK7 P12300,2027-05-07,P,1.23,0.005800000,3,
2026-09-29,GBU,OPT,GBUK7 P12400,2027-05-07,P,1.24,0.006900000,3,
2026-09-29,GBU,OPT,GBUK7 P12500,2027-05-07,P,1.25,0.008300000,3,
2026-09-29,GBU,OPT,GBUK7 P12600,2027-05-07,P,1.26,0.009800000,3,
2026-09-29,GBU,OPT,GBUK7 P12650,2027-05-07,P,1.265,0.010600000,3,
2026-09-29,GBU,OPT,GBUK7 P12700,2027-05-07,P,1.27,0.011500000,3,1
2026-09-29,GBU,OPT,GBUK7 P12750,2027-05-07,P,1.275,0.012500000,3,
2026-09-29,GBU,OPT,GBUK7 P12800,2027-05-07,P,1.28,0.013600000,3,2
2026-09-29,GBU,OPT,GBUK7 P12850,2027-05-07,P,1.285,0.014700000,3,
2026-09-29,GBU,OPT,GBUK7 P12900,2027-05-07,P,1.29,0.016000000,3,4
2026-09-29,GBU,OPT,GBUK7 P12950,2027-05-07,P,1.295,0.017400000,3,
2026-09-29,GBU,OPT,GBUK7 P13000,2027-05-07,P,1.3,0.018900000,3,10
2026-09-29,GBU,OPT,GBUK7 P13050,2027-05-07,P,1.305,0.020500000,3,
2026-09-29,GBU,OPT,GBUK7 P13100,2027-05-07,P,1.31,0.022300000,3,
2026-09-29,GBU,OPT,GBUK7 P13150,2027-05-07,P,1.315,0.024200000,3,
2026-09-29,GBU,OPT,GBUK7 P13200,2027-05-07,P,1.32,0.026300000,3,52
2026-09-29,GBU,OPT,GBUK7 P13250,2027-05-07,P,1.325,0.028500000,3,
2026-09-29,GBU,OPT,GBUK7 P13300,2027-05-07,P,1.33,0.030900000,3,2
2026-09-29,GBU,OPT,GBUK7 P13350,2027-05-07,P,1.335,0.033400000,3,
2026-09-29,GBU,OPT,GBUK7 P13400,2027-05-07,P,1.34,0.036100000,3,
2026-09-29,GBU,OPT,GBUK7 P13450,2027-05-07,P,1.345,0.038900000,3,
2026-09-29,GBU,OPT,GBUK7 P13500,2027-05-07,P,1.35,0.041900000,3,52
2026-09-29,GBU,OPT,GBUK7 P13550,2027-05-07,P,1.355,0.045000000,3,
2026-09-29,GBU,OPT,GBUK7 P13600,2027-05-07,P,1.36,0.048300000,3,
2026-09-29,GBU,OPT,GBUK7 P13650,2027-05-07,P,1.365,0.051800000,3,
2026-09-29,GBU,OPT,GBUK7 P13700,2027-05-07,P,1.37,0.055300000,3,
2026-09-29,GBU,OPT,GBUK7 P13750,2027-05-07,P,1.375,0.059000000,3,
2026-09-29,GBU,OPT,GBUK7 P13800,2027-05-07,P,1.38,0.062800000,3,
2026-09-29,GBU,OPT,GBUK7 P13850,2027-05-07,P,1.385,0.066700000,3,
2026-09-29,GBU,OPT,GBUK7 P13900,2027-05-07,P,1.39,0.070700000,3,
2026-09-29,GBU,OPT,GBUK7 P13950,2027-05-07,P,1.395,0.074800000,3,
2026-09-29,GBU,OPT,GBUK7 P14000,2027-05-07,P,1.4,0.079000000,3,
2026-09-29,GBU,OPT,GBUK7 P14050,2027-05-07,P,1.405,0.083300000,3,
2026-09-29,GBU,OPT,GBUK7 P14100,2027-05-07,P,1.41,0.087600000,3,
2026-09-29,GBU,OPT,GBUK7 P14150,2027-05-07,P,1.415,0.092000000,3,
2026-09-29,GBU,OPT,GBUK7 P14200,2027-05-07,P,1.42,0.096500000,3,
2026-09-29,GBU,OPT,GBUK7 P14300,2027-05-07,P,1.43,0.105500000,3,
2026-09-29,GBU,OPT,GBUK7 P14400,2027-05-07,P,1.44,0.114700000,3,
2026-09-29,GBU,OPT,GBUK7 P14500,2027-05-07,P,1.45,0.124000000,3,
2026-09-29,GBU,OPT,GBUK7 P14600,2027-05-07,P,1.46,0.133400000,3,
2026-09-29,GBU,OPT,GBUK7 P14700,2027-05-07,P,1.47,0.142900000,3,
2026-09-29,GBU,OPT,GBUK7 P14800,2027-05-07,P,1.48,0.152500000,3,
2026-09-29,GBU,OPT,GBUK7 P14900,2027-05-07,P,1.49,0.162000000,3,
2026-09-29,GBU,OPT,GBUK7 P15000,2027-05-07,P,1.5,0.171700000,3,
2026-09-29,GBU,OPT,GBUK7 P15100,2027-05-07,P,1.51,0.181300000,3,
2026-09-29,GBU,OPT,GBUK7 P15200,2027-05-07,P,1.52,0.191000000,3,
2026-09-29,GBU,OPT,GBUK7 P15300,2027-05-07,P,1.53,0.200700000,3,
2026-09-29,GBU,OPT,GBUK7 P15400,2027-05-07,P,1.54,0.210400000,3,
2026-09-29,GBU,OPT,GBUK7 P15500,2027-05-07,P,1.55,0.220100000,3,
2026-09-29,GBU,OPT,GBUK7 P15600,2027-05-07,P,1.56,0.229800000,3,
2026-09-29,GBU,OPT,GBUM7 C11000,2027-06-04,C,1.1,0.219000000,3,
2026-09-29,GBU,OPT,GBUM7 C11100,2027-06-04,C,1.11,0.209400000,3,
2026-09-29,GBU,OPT,GBUM7 C11200,2027-06-04,C,1.12,0.199900000,3,
2026-09-29,GBU,OPT,GBUM7 C11300,2027-06-04,C,1.13,0.190300000,3,
2026-09-29,GBU,OPT,GBUM7 C11400,2027-06-04,C,1.14,0.180800000,3,
2026-09-29,GBU,OPT,GBUM7 C11500,2027-06-04,C,1.15,0.171300000,3,
2026-09-29,GBU,OPT,GBUM7 C11600,2027-06-04,C,1.16,0.161900000,3,
2026-09-29,GBU,OPT,GBUM7 C11700,2027-06-04,C,1.17,0.152500000,3,
2026-09-29,GBU,OPT,GBUM7 C11800,2027-06-04,C,1.18,0.143200000,3,
2026-09-29,GBU,OPT,GBUM7 C11900,2027-06-04,C,1.19,0.134000000,3,
2026-09-29,GBU,OPT,GBUM7 C12000,2027-06-04,C,1.2,0.125000000,3,
2026-09-29,GBU,OPT,GBUM7 C12100,2027-06-04,C,1.21,0.116000000,3,
2026-09-29,GBU,OPT,GBUM7 C12200,2027-06-04,C,1.22,0.107200000,3,
2026-09-29,GBU,OPT,GBUM7 C12300,2027-06-04,C,1.23,0.098600000,3,
2026-09-29,GBU,OPT,GBUM7 C12400,2027-06-04,C,1.24,0.090100000,3,
2026-09-29,GBU,OPT,GBUM7 C12500,2027-06-04,C,1.25,0.081800000,3,
2026-09-29,GBU,OPT,GBUM7 C12550,2027-06-04,C,1.255,0.077700000,3,
2026-09-29,GBU,OPT,GBUM7 C12600,2027-06-04,C,1.26,0.073700000,3,
2026-09-29,GBU,OPT,GBUM7 C12650,2027-06-04,C,1.265,0.069700000,3,
2026-09-29,GBU,OPT,GBUM7 C12700,2027-06-04,C,1.27,0.065900000,3,
2026-09-29,GBU,OPT,GBUM7 C12750,2027-06-04,C,1.275,0.062100000,3,
2026-09-29,GBU,OPT,GBUM7 C12800,2027-06-04,C,1.28,0.058300000,3,
2026-09-29,GBU,OPT,GBUM7 C12850,2027-06-04,C,1.285,0.054700000,3,
2026-09-29,GBU,OPT,GBUM7 C12900,2027-06-04,C,1.29,0.051200000,3,
2026-09-29,GBU,OPT,GBUM7 C12950,2027-06-04,C,1.295,0.047800000,3,
2026-09-29,GBU,OPT,GBUM7 C13000,2027-06-04,C,1.3,0.044500000,3,4
2026-09-29,GBU,OPT,GBUM7 C13050,2027-06-04,C,1.305,0.041300000,3,
2026-09-29,GBU,OPT,GBUM7 C13100,2027-06-04,C,1.31,0.038200000,3,3
2026-09-29,GBU,OPT,GBUM7 C13150,2027-06-04,C,1.315,0.035300000,3,
2026-09-29,GBU,OPT,GBUM7 C13200,2027-06-04,C,1.32,0.032500000,3,3
2026-09-29,GBU,OPT,GBUM7 C13250,2027-06-04,C,1.325,0.029900000,3,
2026-09-29,GBU,OPT,GBUM7 C13300,2027-06-04,C,1.33,0.027300000,3,
2026-09-29,GBU,OPT,GBUM7 C13350,2027-06-04,C,1.335,0.025000000,3,
2026-09-29,GBU,OPT,GBUM7 C13400,2027-06-04,C,1.34,0.022800000,3,
2026-09-29,GBU,OPT,GBUM7 C13450,2027-06-04,C,1.345,0.020700000,3,
2026-09-29,GBU,OPT,GBUM7 C13500,2027-06-04,C,1.35,0.018800000,3,
2026-09-29,GBU,OPT,GBUM7 C13550,2027-06-04,C,1.355,0.017000000,3,1
2026-09-29,GBU,OPT,GBUM7 C13600,2027-06-04,C,1.36,0.015400000,3,1
2026-09-29,GBU,OPT,GBUM7 C13650,2027-06-04,C,1.365,0.013900000,3,6
2026-09-29,GBU,OPT,GBUM7 C13700,2027-06-04,C,1.37,0.012500000,3,7
2026-09-29,GBU,OPT,GBUM7 C13750,2027-06-04,C,1.375,0.011200000,3,4
2026-09-29,GBU,OPT,GBUM7 C13800,2027-06-04,C,1.38,0.010100000,3,6
2026-09-29,GBU,OPT,GBUM7 C13850,2027-06-04,C,1.385,0.009100000,3,
2026-09-29,GBU,OPT,GBUM7 C13900,2027-06-04,C,1.39,0.008100000,3,
2026-09-29,GBU,OPT,GBUM7 C13950,2027-06-04,C,1.395,0.007300000,3,
2026-09-29,GBU,OPT,GBUM7 C14000,2027-06-04,C,1.4,0.006500000,3,6
2026-09-29,GBU,OPT,GBUM7 C14050,2027-06-04,C,1.405,0.005800000,3,3
2026-09-29,GBU,OPT,GBUM7 C14100,2027-06-04,C,1.41,0.005200000,3,1
2026-09-29,GBU,OPT,GBUM7 C14150,2027-06-04,C,1.415,0.004700000,3,
2026-09-29,GBU,OPT,GBUM7 C14200,2027-06-04,C,1.42,0.004200000,3,2
2026-09-29,GBU,OPT,GBUM7 C14250,2027-06-04,C,1.425,0.003700000,3,
2026-09-29,GBU,OPT,GBUM7 C14300,2027-06-04,C,1.43,0.003300000,3,
2026-09-29,GBU,OPT,GBUM7 C14400,2027-06-04,C,1.44,0.002600000,3,
2026-09-29,GBU,OPT,GBUM7 C14500,2027-06-04,C,1.45,0.002100000,3,5
2026-09-29,GBU,OPT,GBUM7 C14600,2027-06-04,C,1.46,0.001700000,3,
2026-09-29,GBU,OPT,GBUM7 C14700,2027-06-04,C,1.47,0.001400000,3,
2026-09-29,GBU,OPT,GBUM7 C14800,2027-06-04,C,1.48,0.001200000,3,2
2026-09-29,GBU,OPT,GBUM7 C14900,2027-06-04,C,1.49,0.001000000,3,
2026-09-29,GBU,OPT,GBUM7 C15000,2027-06-04,C,1.5,0.000800000,3,
2026-09-29,GBU,OPT,GBUM7 C15100,2027-06-04,C,1.51,0.000700000,3,
2026-09-29,GBU,OPT,GBUM7 C15200,2027-06-04,C,1.52,0.000700000,3,
2026-09-29,GBU,OPT,GBUM7 C15300,2027-06-04,C,1.53,0.000600000,3,
2026-09-29,GBU,OPT,GBUM7 C15400,2027-06-04,C,1.54,0.000500000,3,
2026-09-29,GBU,OPT,GBUM7 C15500,2027-06-04,C,1.55,0.000500000,3,5
2026-09-29,GBU,OPT,GBUM7 C15600,2027-06-04,C,1.56,0.000500000,3,
2026-09-29,GBU,OPT,GBUM7 C15700,2027-06-04,C,1.57,0.000500000,3,
2026-09-29,GBU,OPT,GBUM7 P11000,2027-06-04,P,1.1,0.001200000,3,2
2026-09-29,GBU,OPT,GBUM7 P11100,2027-06-04,P,1.11,0.001400000,3,
2026-09-29,GBU,OPT,GBUM7 P11200,2027-06-04,P,1.12,0.001500000,3,
2026-09-29,GBU,OPT,GBUM7 P11300,2027-06-04,P,1.13,0.001700000,3,
2026-09-29,GBU,OPT,GBUM7 P11400,2027-06-04,P,1.14,0.001900000,3,
2026-09-29,GBU,OPT,GBUM7 P11500,2027-06-04,P,1.15,0.002100000,3,5
2026-09-29,GBU,OPT,GBUM7 P11600,2027-06-04,P,1.16,0.002400000,3,1
2026-09-29,GBU,OPT,GBUM7 P11700,2027-06-04,P,1.17,0.002700000,3,2
2026-09-29,GBU,OPT,GBUM7 P11800,2027-06-04,P,1.18,0.003100000,3,
2026-09-29,GBU,OPT,GBUM7 P11900,2027-06-04,P,1.19,0.003600000,3,
2026-09-29,GBU,OPT,GBUM7 P12000,2027-06-04,P,1.2,0.004300000,3,2
2026-09-29,GBU,OPT,GBUM7 P12100,2027-06-04,P,1.21,0.005100000,3,
2026-09-29,GBU,OPT,GBUM7 P12200,2027-06-04,P,1.22,0.006000000,3,
2026-09-29,GBU,OPT,GBUM7 P12300,2027-06-04,P,1.23,0.007000000,3,
2026-09-29,GBU,OPT,GBUM7 P12400,2027-06-04,P,1.24,0.008200000,3,4
2026-09-29,GBU,OPT,GBUM7 P12500,2027-06-04,P,1.25,0.009700000,3,3
2026-09-29,GBU,OPT,GBUM7 P12550,2027-06-04,P,1.255,0.010400000,3,
2026-09-29,GBU,OPT,GBUM7 P12600,2027-06-04,P,1.26,0.011300000,3,
2026-09-29,GBU,OPT,GBUM7 P12650,2027-06-04,P,1.265,0.012200000,3,
2026-09-29,GBU,OPT,GBUM7 P12700,2027-06-04,P,1.27,0.013100000,3,1
2026-09-29,GBU,OPT,GBUM7 P12750,2027-06-04,P,1.275,0.014200000,3,
2026-09-29,GBU,OPT,GBUM7 P12800,2027-06-04,P,1.28,0.015300000,3,
2026-09-29,GBU,OPT,GBUM7 P12850,2027-06-04,P,1.285,0.016600000,3,
2026-09-29,GBU,OPT,GBUM7 P12900,2027-06-04,P,1.29,0.017900000,3,
2026-09-29,GBU,OPT,GBUM7 P12950,2027-06-04,P,1.295,0.019300000,3,
2026-09-29,GBU,OPT,GBUM7 P13000,2027-06-04,P,1.3,0.020900000,3,8
2026-09-29,GBU,OPT,GBUM7 P13050,2027-06-04,P,1.305,0.022500000,3,
2026-09-29,GBU,OPT,GBUM7 P13100,2027-06-04,P,1.31,0.024300000,3,
2026-09-29,GBU,OPT,GBUM7 P13150,2027-06-04,P,1.315,0.026300000,3,1
2026-09-29,GBU,OPT,GBUM7 P13200,2027-06-04,P,1.32,0.028300000,3,100
2026-09-29,GBU,OPT,GBUM7 P13250,2027-06-04,P,1.325,0.030500000,3,
2026-09-29,GBU,OPT,GBUM7 P13300,2027-06-04,P,1.33,0.032900000,3,2
2026-09-29,GBU,OPT,GBUM7 P13350,2027-06-04,P,1.335,0.035400000,3,
2026-09-29,GBU,OPT,GBUM7 P13400,2027-06-04,P,1.34,0.038000000,3,1
2026-09-29,GBU,OPT,GBUM7 P13450,2027-06-04,P,1.345,0.040800000,3,
2026-09-29,GBU,OPT,GBUM7 P13500,2027-06-04,P,1.35,0.043800000,3,100
2026-09-29,GBU,OPT,GBUM7 P13550,2027-06-04,P,1.355,0.046800000,3,
2026-09-29,GBU,OPT,GBUM7 P13600,2027-06-04,P,1.36,0.050000000,3,
2026-09-29,GBU,OPT,GBUM7 P13650,2027-06-04,P,1.365,0.053400000,3,
2026-09-29,GBU,OPT,GBUM7 P13700,2027-06-04,P,1.37,0.056900000,3,3
2026-09-29,GBU,OPT,GBUM7 P13750,2027-06-04,P,1.375,0.060500000,3,
2026-09-29,GBU,OPT,GBUM7 P13800,2027-06-04,P,1.38,0.064200000,3,
2026-09-29,GBU,OPT,GBUM7 P13850,2027-06-04,P,1.385,0.068000000,3,
2026-09-29,GBU,OPT,GBUM7 P13900,2027-06-04,P,1.39,0.071900000,3,1
2026-09-29,GBU,OPT,GBUM7 P13950,2027-06-04,P,1.395,0.075900000,3,
2026-09-29,GBU,OPT,GBUM7 P14000,2027-06-04,P,1.4,0.080000000,3,
2026-09-29,GBU,OPT,GBUM7 P14050,2027-06-04,P,1.405,0.084200000,3,
2026-09-29,GBU,OPT,GBUM7 P14100,2027-06-04,P,1.41,0.088400000,3,
2026-09-29,GBU,OPT,GBUM7 P14150,2027-06-04,P,1.415,0.092700000,3,
2026-09-29,GBU,OPT,GBUM7 P14200,2027-06-04,P,1.42,0.097100000,3,
2026-09-29,GBU,OPT,GBUM7 P14250,2027-06-04,P,1.425,0.101500000,3,
2026-09-29,GBU,OPT,GBUM7 P14300,2027-06-04,P,1.43,0.105900000,3,
2026-09-29,GBU,OPT,GBUM7 P14400,2027-06-04,P,1.44,0.115000000,3,
2026-09-29,GBU,OPT,GBUM7 P14500,2027-06-04,P,1.45,0.124200000,3,
2026-09-29,GBU,OPT,GBUM7 P14600,2027-06-04,P,1.46,0.133500000,3,
2026-09-29,GBU,OPT,GBUM7 P14700,2027-06-04,P,1.47,0.142900000,3,
2026-09-29,GBU,OPT,GBUM7 P14800,2027-06-04,P,1.48,0.152300000,3,
2026-09-29,GBU,OPT,GBUM7 P14900,2027-06-04,P,1.49,0.161900000,3,
2026-09-29,GBU,OPT,GBUM7 P15000,2027-06-04,P,1.5,0.171400000,3,
2026-09-29,GBU,OPT,GBUM7 P15100,2027-06-04,P,1.51,0.181000000,3,
2026-09-29,GBU,OPT,GBUM7 P15200,2027-06-04,P,1.52,0.190700000,3,
2026-09-29,GBU,OPT,GBUM7 P15300,2027-06-04,P,1.53,0.200300000,3,
2026-09-29,GBU,OPT,GBUM7 P15400,2027-06-04,P,1.54,0.210000000,3,
2026-09-29,GBU,OPT,GBUM7 P15500,2027-06-04,P,1.55,0.219700000,3,
2026-09-29,GBU,OPT,GBUM7 P15600,2027-06-04,P,1.56,0.229300000,3,
2026-09-29,GBU,OPT,GBUM7 P15700,2027-06-04,P,1.57,0.239000000,3,
2026-09-29,GBU,OPT,GBUN7 C11300,2027-07-09,C,1.13,0.190200000,3,
2026-09-29,GBU,OPT,GBUN7 C11400,2027-07-09,C,1.14,0.180900000,3,
2026-09-29,GBU,OPT,GBUN7 C11500,2027-07-09,C,1.15,0.171600000,3,
2026-09-29,GBU,OPT,GBUN7 C11600,2027-07-09,C,1.16,0.162300000,3,
2026-09-29,GBU,OPT,GBUN7 C11700,2027-07-09,C,1.17,0.153100000,3,
2026-09-29,GBU,OPT,GBUN7 C11800,2027-07-09,C,1.18,0.144000000,3,
2026-09-29,GBU,OPT,GBUN7 C11900,2027-07-09,C,1.19,0.134900000,3,
2026-09-29,GBU,OPT,GBUN7 C12000,2027-07-09,C,1.2,0.126000000,3,
2026-09-29,GBU,OPT,GBUN7 C12100,2027-07-09,C,1.21,0.117200000,3,
2026-09-29,GBU,OPT,GBUN7 C12200,2027-07-09,C,1.22,0.108500000,3,
2026-09-29,GBU,OPT,GBUN7 C12300,2027-07-09,C,1.23,0.100000000,3,
2026-09-29,GBU,OPT,GBUN7 C12400,2027-07-09,C,1.24,0.091700000,3,
2026-09-29,GBU,OPT,GBUN7 C12500,2027-07-09,C,1.25,0.083500000,3,
2026-09-29,GBU,OPT,GBUN7 C12600,2027-07-09,C,1.26,0.075600000,3,
2026-09-29,GBU,OPT,GBUN7 C12700,2027-07-09,C,1.27,0.068000000,3,
2026-09-29,GBU,OPT,GBUN7 C12750,2027-07-09,C,1.275,0.064300000,3,
2026-09-29,GBU,OPT,GBUN7 C12800,2027-07-09,C,1.28,0.060600000,3,
2026-09-29,GBU,OPT,GBUN7 C12850,2027-07-09,C,1.285,0.057100000,3,
2026-09-29,GBU,OPT,GBUN7 C12900,2027-07-09,C,1.29,0.053600000,3,
2026-09-29,GBU,OPT,GBUN7 C12950,2027-07-09,C,1.295,0.050300000,3,
2026-09-29,GBU,OPT,GBUN7 C13000,2027-07-09,C,1.3,0.047000000,3,
2026-09-29,GBU,OPT,GBUN7 C13050,2027-07-09,C,1.305,0.043900000,3,
2026-09-29,GBU,OPT,GBUN7 C13100,2027-07-09,C,1.31,0.040800000,3,
2026-09-29,GBU,OPT,GBUN7 C13150,2027-07-09,C,1.315,0.037900000,3,
2026-09-29,GBU,OPT,GBUN7 C13200,2027-07-09,C,1.32,0.035200000,3,
2026-09-29,GBU,OPT,GBUN7 C13250,2027-07-09,C,1.325,0.032500000,3,
2026-09-29,GBU,OPT,GBUN7 C13300,2027-07-09,C,1.33,0.030000000,3,
2026-09-29,GBU,OPT,GBUN7 C13350,2027-07-09,C,1.335,0.027600000,3,
2026-09-29,GBU,OPT,GBUN7 C13400,2027-07-09,C,1.34,0.025400000,3,
2026-09-29,GBU,OPT,GBUN7 C13450,2027-07-09,C,1.345,0.023300000,3,
2026-09-29,GBU,OPT,GBUN7 C13500,2027-07-09,C,1.35,0.021300000,3,
2026-09-29,GBU,OPT,GBUN7 C13550,2027-07-09,C,1.355,0.019500000,3,
2026-09-29,GBU,OPT,GBUN7 C13600,2027-07-09,C,1.36,0.017800000,3,1
2026-09-29,GBU,OPT,GBUN7 C13650,2027-07-09,C,1.365,0.016200000,3,1
2026-09-29,GBU,OPT,GBUN7 C13700,2027-07-09,C,1.37,0.014700000,3,1
2026-09-29,GBU,OPT,GBUN7 C13750,2027-07-09,C,1.375,0.013400000,3,
2026-09-29,GBU,OPT,GBUN7 C13800,2027-07-09,C,1.38,0.012200000,3,
2026-09-29,GBU,OPT,GBUN7 C13850,2027-07-09,C,1.385,0.011100000,3,
2026-09-29,GBU,OPT,GBUN7 C13900,2027-07-09,C,1.39,0.010100000,3,
2026-09-29,GBU,OPT,GBUN7 C13950,2027-07-09,C,1.395,0.009100000,3,
2026-09-29,GBU,OPT,GBUN7 C14000,2027-07-09,C,1.4,0.008300000,3,
2026-09-29,GBU,OPT,GBUN7 C14050,2027-07-09,C,1.405,0.007500000,3,
2026-09-29,GBU,OPT,GBUN7 C14100,2027-07-09,C,1.41,0.006800000,3,
2026-09-29,GBU,OPT,GBUN7 C14150,2027-07-09,C,1.415,0.006200000,3,
2026-09-29,GBU,OPT,GBUN7 C14200,2027-07-09,C,1.42,0.005600000,3,
2026-09-29,GBU,OPT,GBUN7 C14300,2027-07-09,C,1.43,0.004600000,3,
2026-09-29,GBU,OPT,GBUN7 C14400,2027-07-09,C,1.44,0.003800000,3,1
2026-09-29,GBU,OPT,GBUN7 C14500,2027-07-09,C,1.45,0.003100000,3,3
2026-09-29,GBU,OPT,GBUN7 C14600,2027-07-09,C,1.46,0.002500000,3,
2026-09-29,GBU,OPT,GBUN7 C14700,2027-07-09,C,1.47,0.002100000,3,6
2026-09-29,GBU,OPT,GBUN7 C14800,2027-07-09,C,1.48,0.001700000,3,3
2026-09-29,GBU,OPT,GBUN7 C14900,2027-07-09,C,1.49,0.001400000,3,
2026-09-29,GBU,OPT,GBUN7 C15000,2027-07-09,C,1.5,0.001100000,3,3
2026-09-29,GBU,OPT,GBUN7 C15100,2027-07-09,C,1.51,0.001000000,3,
2026-09-29,GBU,OPT,GBUN7 C15200,2027-07-09,C,1.52,0.000800000,3,3
2026-09-29,GBU,OPT,GBUN7 C15300,2027-07-09,C,1.53,0.000700000,3,
2026-09-29,GBU,OPT,GBUN7 C15400,2027-07-09,C,1.54,0.000600000,3,
2026-09-29,GBU,OPT,GBUN7 C15500,2027-07-09,C,1.55,0.000500000,3,
2026-09-29,GBU,OPT,GBUN7 C15600,2027-07-09,C,1.56,0.000400000,3,
2026-09-29,GBU,OPT,GBUN7 P11300,2027-07-09,P,1.13,0.002100000,3,1
2026-09-29,GBU,OPT,GBUN7 P11400,2027-07-09,P,1.14,0.002400000,3,
2026-09-29,GBU,OPT,GBUN7 P11500,2027-07-09,P,1.15,0.002700000,3,2
2026-09-29,GBU,OPT,GBUN7 P11600,2027-07-09,P,1.16,0.003100000,3,
2026-09-29,GBU,OPT,GBUN7 P11700,2027-07-09,P,1.17,0.003600000,3,
2026-09-29,GBU,OPT,GBUN7 P11800,2027-07-09,P,1.18,0.004100000,3,
2026-09-29,GBU,OPT,GBUN7 P11900,2027-07-09,P,1.19,0.004800000,3,1
2026-09-29,GBU,OPT,GBUN7 P12000,2027-07-09,P,1.2,0.005500000,3,
2026-09-29,GBU,OPT,GBUN7 P12100,2027-07-09,P,1.21,0.006400000,3,
2026-09-29,GBU,OPT,GBUN7 P12200,2027-07-09,P,1.22,0.007400000,3,
2026-09-29,GBU,OPT,GBUN7 P12300,2027-07-09,P,1.23,0.008500000,3,
2026-09-29,GBU,OPT,GBUN7 P12400,2027-07-09,P,1.24,0.009800000,3,
2026-09-29,GBU,OPT,GBUN7 P12500,2027-07-09,P,1.25,0.011400000,3,
2026-09-29,GBU,OPT,GBUN7 P12600,2027-07-09,P,1.26,0.013100000,3,
2026-09-29,GBU,OPT,GBUN7 P12700,2027-07-09,P,1.27,0.015100000,3,
2026-09-29,GBU,OPT,GBUN7 P12750,2027-07-09,P,1.275,0.016200000,3,
2026-09-29,GBU,OPT,GBUN7 P12800,2027-07-09,P,1.28,0.017400000,3,2
2026-09-29,GBU,OPT,GBUN7 P12850,2027-07-09,P,1.285,0.018700000,3,2
2026-09-29,GBU,OPT,GBUN7 P12900,2027-07-09,P,1.29,0.020100000,3,1
2026-09-29,GBU,OPT,GBUN7 P12950,2027-07-09,P,1.295,0.021600000,3,
2026-09-29,GBU,OPT,GBUN7 P13000,2027-07-09,P,1.3,0.023100000,3,
2026-09-29,GBU,OPT,GBUN7 P13050,2027-07-09,P,1.305,0.024800000,3,
2026-09-29,GBU,OPT,GBUN7 P13100,2027-07-09,P,1.31,0.026600000,3,
2026-09-29,GBU,OPT,GBUN7 P13150,2027-07-09,P,1.315,0.028600000,3,
2026-09-29,GBU,OPT,GBUN7 P13200,2027-07-09,P,1.32,0.030600000,3,
2026-09-29,GBU,OPT,GBUN7 P13250,2027-07-09,P,1.325,0.032800000,3,
2026-09-29,GBU,OPT,GBUN7 P13300,2027-07-09,P,1.33,0.035100000,3,
2026-09-29,GBU,OPT,GBUN7 P13350,2027-07-09,P,1.335,0.037600000,3,
2026-09-29,GBU,OPT,GBUN7 P13400,2027-07-09,P,1.34,0.040200000,3,1
2026-09-29,GBU,OPT,GBUN7 P13450,2027-07-09,P,1.345,0.042900000,3,
2026-09-29,GBU,OPT,GBUN7 P13500,2027-07-09,P,1.35,0.045800000,3,6
2026-09-29,GBU,OPT,GBUN7 P13550,2027-07-09,P,1.355,0.048800000,3,
2026-09-29,GBU,OPT,GBUN7 P13600,2027-07-09,P,1.36,0.051900000,3,3
2026-09-29,GBU,OPT,GBUN7 P13650,2027-07-09,P,1.365,0.055200000,3,
2026-09-29,GBU,OPT,GBUN7 P13700,2027-07-09,P,1.37,0.058500000,3,
2026-09-29,GBU,OPT,GBUN7 P13750,2027-07-09,P,1.375,0.062000000,3,
2026-09-29,GBU,OPT,GBUN7 P13800,2027-07-09,P,1.38,0.065600000,3,
2026-09-29,GBU,OPT,GBUN7 P13850,2027-07-09,P,1.385,0.069400000,3,
2026-09-29,GBU,OPT,GBUN7 P13900,2027-07-09,P,1.39,0.073200000,3,
2026-09-29,GBU,OPT,GBUN7 P13950,2027-07-09,P,1.395,0.077100000,3,
2026-09-29,GBU,OPT,GBUN7 P14000,2027-07-09,P,1.4,0.081100000,3,
2026-09-29,GBU,OPT,GBUN7 P14050,2027-07-09,P,1.405,0.085100000,3,
2026-09-29,GBU,OPT,GBUN7 P14100,2027-07-09,P,1.41,0.089200000,3,
2026-09-29,GBU,OPT,GBUN7 P14150,2027-07-09,P,1.415,0.093400000,3,
2026-09-29,GBU,OPT,GBUN7 P14200,2027-07-09,P,1.42,0.097700000,3,
2026-09-29,GBU,OPT,GBUN7 P14300,2027-07-09,P,1.43,0.106400000,3,
2026-09-29,GBU,OPT,GBUN7 P14400,2027-07-09,P,1.44,0.115200000,3,
2026-09-29,GBU,OPT,GBUN7 P14500,2027-07-09,P,1.45,0.124200000,3,
2026-09-29,GBU,OPT,GBUN7 P14600,2027-07-09,P,1.46,0.133300000,3,
2026-09-29,GBU,OPT,GBUN7 P14700,2027-07-09,P,1.47,0.142500000,3,
2026-09-29,GBU,OPT,GBUN7 P14800,2027-07-09,P,1.48,0.151800000,3,
2026-09-29,GBU,OPT,GBUN7 P14900,2027-07-09,P,1.49,0.161200000,3,
2026-09-29,GBU,OPT,GBUN7 P15000,2027-07-09,P,1.5,0.170600000,3,
2026-09-29,GBU,OPT,GBUN7 P15100,2027-07-09,P,1.51,0.180100000,3,
2026-09-29,GBU,OPT,GBUN7 P15200,2027-07-09,P,1.52,0.189600000,3,
2026-09-29,GBU,OPT,GBUN7 P15300,2027-07-09,P,1.53,0.199100000,3,
2026-09-29,GBU,OPT,GBUN7 P15400,2027-07-09,P,1.54,0.208700000,3,
2026-09-29,GBU,OPT,GBUN7 P15500,2027-07-09,P,1.55,0.218200000,3,
2026-09-29,GBU,OPT,GBUN7 P15600,2027-07-09,P,1.56,0.227800000,3,
2026-09-29,GBU,OPT,GBUQ7 C11300,2027-08-06,C,1.13,0.190000000,3,
2026-09-29,GBU,OPT,GBUQ7 C11400,2027-08-06,C,1.14,0.180700000,3,
2026-09-29,GBU,OPT,GBUQ7 C11500,2027-08-06,C,1.15,0.171600000,3,
2026-09-29,GBU,OPT,GBUQ7 C11600,2027-08-06,C,1.16,0.162500000,3,
2026-09-29,GBU,OPT,GBUQ7 C11700,2027-08-06,C,1.17,0.153400000,3,
2026-09-29,GBU,OPT,GBUQ7 C11800,2027-08-06,C,1.18,0.144400000,3,
2026-09-29,GBU,OPT,GBUQ7 C11900,2027-08-06,C,1.19,0.135500000,3,
2026-09-29,GBU,OPT,GBUQ7 C12000,2027-08-06,C,1.2,0.126700000,3,
2026-09-29,GBU,OPT,GBUQ7 C12100,2027-08-06,C,1.21,0.118000000,3,
2026-09-29,GBU,OPT,GBUQ7 C12200,2027-08-06,C,1.22,0.109500000,3,
2026-09-29,GBU,OPT,GBUQ7 C12300,2027-08-06,C,1.23,0.101100000,3,
2026-09-29,GBU,OPT,GBUQ7 C12400,2027-08-06,C,1.24,0.092900000,3,
2026-09-29,GBU,OPT,GBUQ7 C12500,2027-08-06,C,1.25,0.084800000,3,
2026-09-29,GBU,OPT,GBUQ7 C12600,2027-08-06,C,1.26,0.077000000,3,
2026-09-29,GBU,OPT,GBUQ7 C12700,2027-08-06,C,1.27,0.069500000,3,
2026-09-29,GBU,OPT,GBUQ7 C12750,2027-08-06,C,1.275,0.065800000,3,
2026-09-29,GBU,OPT,GBUQ7 C12800,2027-08-06,C,1.28,0.062300000,3,
2026-09-29,GBU,OPT,GBUQ7 C12850,2027-08-06,C,1.285,0.058800000,3,
2026-09-29,GBU,OPT,GBUQ7 C12900,2027-08-06,C,1.29,0.055400000,3,
2026-09-29,GBU,OPT,GBUQ7 C12950,2027-08-06,C,1.295,0.052100000,3,
2026-09-29,GBU,OPT,GBUQ7 C13000,2027-08-06,C,1.3,0.048900000,3,
2026-09-29,GBU,OPT,GBUQ7 C13050,2027-08-06,C,1.305,0.045800000,3,
2026-09-29,GBU,OPT,GBUQ7 C13100,2027-08-06,C,1.31,0.042800000,3,
2026-09-29,GBU,OPT,GBUQ7 C13150,2027-08-06,C,1.315,0.039900000,3,
2026-09-29,GBU,OPT,GBUQ7 C13200,2027-08-06,C,1.32,0.037200000,3,
2026-09-29,GBU,OPT,GBUQ7 C13250,2027-08-06,C,1.325,0.034500000,3,
2026-09-29,GBU,OPT,GBUQ7 C13300,2027-08-06,C,1.33,0.032100000,3,
2026-09-29,GBU,OPT,GBUQ7 C13350,2027-08-06,C,1.335,0.029700000,3,
2026-09-29,GBU,OPT,GBUQ7 C13400,2027-08-06,C,1.34,0.027400000,3,
2026-09-29,GBU,OPT,GBUQ7 C13450,2027-08-06,C,1.345,0.025300000,3,
2026-09-29,GBU,OPT,GBUQ7 C13500,2027-08-06,C,1.35,0.023300000,3,
2026-09-29,GBU,OPT,GBUQ7 C13550,2027-08-06,C,1.355,0.021500000,3,
2026-09-29,GBU,OPT,GBUQ7 C13600,2027-08-06,C,1.36,0.019700000,3,
2026-09-29,GBU,OPT,GBUQ7 C13650,2027-08-06,C,1.365,0.018100000,3,1
2026-09-29,GBU,OPT,GBUQ7 C13700,2027-08-06,C,1.37,0.016600000,3,2
2026-09-29,GBU,OPT,GBUQ7 C13750,2027-08-06,C,1.375,0.015200000,3,1
2026-09-29,GBU,OPT,GBUQ7 C13800,2027-08-06,C,1.38,0.013900000,3,
2026-09-29,GBU,OPT,GBUQ7 C13850,2027-08-06,C,1.385,0.012800000,3,
2026-09-29,GBU,OPT,GBUQ7 C13900,2027-08-06,C,1.39,0.011700000,3,
2026-09-29,GBU,OPT,GBUQ7 C13950,2027-08-06,C,1.395,0.010700000,3,1
2026-09-29,GBU,OPT,GBUQ7 C14000,2027-08-06,C,1.4,0.009800000,3,
2026-09-29,GBU,OPT,GBUQ7 C14050,2027-08-06,C,1.405,0.008900000,3,
2026-09-29,GBU,OPT,GBUQ7 C14100,2027-08-06,C,1.41,0.008200000,3,
2026-09-29,GBU,OPT,GBUQ7 C14150,2027-08-06,C,1.415,0.007400000,3,
2026-09-29,GBU,OPT,GBUQ7 C14200,2027-08-06,C,1.42,0.006800000,3,
2026-09-29,GBU,OPT,GBUQ7 C14300,2027-08-06,C,1.43,0.005700000,3,
2026-09-29,GBU,OPT,GBUQ7 C14400,2027-08-06,C,1.44,0.004700000,3,
2026-09-29,GBU,OPT,GBUQ7 C14500,2027-08-06,C,1.45,0.003900000,3,
2026-09-29,GBU,OPT,GBUQ7 C14600,2027-08-06,C,1.46,0.003300000,3,
2026-09-29,GBU,OPT,GBUQ7 C14700,2027-08-06,C,1.47,0.002700000,3,
2026-09-29,GBU,OPT,GBUQ7 C14800,2027-08-06,C,1.48,0.002300000,3,
2026-09-29,GBU,OPT,GBUQ7 C14900,2027-08-06,C,1.49,0.001900000,3,
2026-09-29,GBU,OPT,GBUQ7 C15000,2027-08-06,C,1.5,0.001600000,3,
2026-09-29,GBU,OPT,GBUQ7 C15100,2027-08-06,C,1.51,0.001300000,3,
2026-09-29,GBU,OPT,GBUQ7 C15200,2027-08-06,C,1.52,0.001100000,3,
2026-09-29,GBU,OPT,GBUQ7 C15300,2027-08-06,C,1.53,0.000900000,3,
2026-09-29,GBU,OPT,GBUQ7 C15400,2027-08-06,C,1.54,0.000800000,3,
2026-09-29,GBU,OPT,GBUQ7 C15500,2027-08-06,C,1.55,0.000700000,3,
2026-09-29,GBU,OPT,GBUQ7 C15600,2027-08-06,C,1.56,0.000600000,3,
2026-09-29,GBU,OPT,GBUQ7 P11300,2027-08-06,P,1.13,0.002500000,3,
2026-09-29,GBU,OPT,GBUQ7 P11400,2027-08-06,P,1.14,0.002900000,3,
2026-09-29,GBU,OPT,GBUQ7 P11500,2027-08-06,P,1.15,0.003300000,3,
2026-09-29,GBU,OPT,GBUQ7 P11600,2027-08-06,P,1.16,0.003900000,3,
2026-09-29,GBU,OPT,GBUQ7 P11700,2027-08-06,P,1.17,0.004400000,3,
2026-09-29,GBU,OPT,GBUQ7 P11800,2027-08-06,P,1.18,0.005000000,3,
2026-09-29,GBU,OPT,GBUQ7 P11900,2027-08-06,P,1.19,0.005800000,3,
2026-09-29,GBU,OPT,GBUQ7 P12000,2027-08-06,P,1.2,0.006600000,3,
2026-09-29,GBU,OPT,GBUQ7 P12100,2027-08-06,P,1.21,0.007500000,3,
2026-09-29,GBU,OPT,GBUQ7 P12200,2027-08-06,P,1.22,0.008600000,3,
2026-09-29,GBU,OPT,GBUQ7 P12300,2027-08-06,P,1.23,0.009900000,3,
2026-09-29,GBU,OPT,GBUQ7 P12400,2027-08-06,P,1.24,0.011300000,3,
2026-09-29,GBU,OPT,GBUQ7 P12500,2027-08-06,P,1.25,0.012900000,3,
2026-09-29,GBU,OPT,GBUQ7 P12600,2027-08-06,P,1.26,0.014700000,3,
2026-09-29,GBU,OPT,GBUQ7 P12700,2027-08-06,P,1.27,0.016800000,3,1
2026-09-29,GBU,OPT,GBUQ7 P12750,2027-08-06,P,1.275,0.018000000,3,
2026-09-29,GBU,OPT,GBUQ7 P12800,2027-08-06,P,1.28,0.019200000,3,2
2026-09-29,GBU,OPT,GBUQ7 P12850,2027-08-06,P,1.285,0.020500000,3,
2026-09-29,GBU,OPT,GBUQ7 P12900,2027-08-06,P,1.29,0.022000000,3,
2026-09-29,GBU,OPT,GBUQ7 P12950,2027-08-06,P,1.295,0.023500000,3,
2026-09-29,GBU,OPT,GBUQ7 P13000,2027-08-06,P,1.3,0.025100000,3,
2026-09-29,GBU,OPT,GBUQ7 P13050,2027-08-06,P,1.305,0.026800000,3,
2026-09-29,GBU,OPT,GBUQ7 P13100,2027-08-06,P,1.31,0.028600000,3,
2026-09-29,GBU,OPT,GBUQ7 P13150,2027-08-06,P,1.315,0.030600000,3,
2026-09-29,GBU,OPT,GBUQ7 P13200,2027-08-06,P,1.32,0.032600000,3,
2026-09-29,GBU,OPT,GBUQ7 P13250,2027-08-06,P,1.325,0.034800000,3,
2026-09-29,GBU,OPT,GBUQ7 P13300,2027-08-06,P,1.33,0.037200000,3,
2026-09-29,GBU,OPT,GBUQ7 P13350,2027-08-06,P,1.335,0.039600000,3,
2026-09-29,GBU,OPT,GBUQ7 P13400,2027-08-06,P,1.34,0.042200000,3,
2026-09-29,GBU,OPT,GBUQ7 P13450,2027-08-06,P,1.345,0.044900000,3,
2026-09-29,GBU,OPT,GBUQ7 P13500,2027-08-06,P,1.35,0.047700000,3,
2026-09-29,GBU,OPT,GBUQ7 P13550,2027-08-06,P,1.355,0.050600000,3,
2026-09-29,GBU,OPT,GBUQ7 P13600,2027-08-06,P,1.36,0.053700000,3,
2026-09-29,GBU,OPT,GBUQ7 P13650,2027-08-06,P,1.365,0.056900000,3,
2026-09-29,GBU,OPT,GBUQ7 P13700,2027-08-06,P,1.37,0.060200000,3,
2026-09-29,GBU,OPT,GBUQ7 P13750,2027-08-06,P,1.375,0.063600000,3,
2026-09-29,GBU,OPT,GBUQ7 P13800,2027-08-06,P,1.38,0.067200000,3,
2026-09-29,GBU,OPT,GBUQ7 P13850,2027-08-06,P,1.385,0.070800000,3,
2026-09-29,GBU,OPT,GBUQ7 P13900,2027-08-06,P,1.39,0.074600000,3,
2026-09-29,GBU,OPT,GBUQ7 P13950,2027-08-06,P,1.395,0.078400000,3,
2026-09-29,GBU,OPT,GBUQ7 P14000,2027-08-06,P,1.4,0.082300000,3,
2026-09-29,GBU,OPT,GBUQ7 P14050,2027-08-06,P,1.405,0.086200000,3,
2026-09-29,GBU,OPT,GBUQ7 P14100,2027-08-06,P,1.41,0.090300000,3,
2026-09-29,GBU,OPT,GBUQ7 P14150,2027-08-06,P,1.415,0.094400000,3,
2026-09-29,GBU,OPT,GBUQ7 P14200,2027-08-06,P,1.42,0.098600000,3,
2026-09-29,GBU,OPT,GBUQ7 P14300,2027-08-06,P,1.43,0.107100000,3,
2026-09-29,GBU,OPT,GBUQ7 P14400,2027-08-06,P,1.44,0.115700000,3,
2026-09-29,GBU,OPT,GBUQ7 P14500,2027-08-06,P,1.45,0.124600000,3,
2026-09-29,GBU,OPT,GBUQ7 P14600,2027-08-06,P,1.46,0.133500000,3,
2026-09-29,GBU,OPT,GBUQ7 P14700,2027-08-06,P,1.47,0.142600000,3,
2026-09-29,GBU,OPT,GBUQ7 P14800,2027-08-06,P,1.48,0.151800000,3,
2026-09-29,GBU,OPT,GBUQ7 P14900,2027-08-06,P,1.49,0.161000000,3,
2026-09-29,GBU,OPT,GBUQ7 P15000,2027-08-06,P,1.5,0.170400000,3,
2026-09-29,GBU,OPT,GBUQ7 P15100,2027-08-06,P,1.51,0.179700000,3,
2026-09-29,GBU,OPT,GBUQ7 P15200,2027-08-06,P,1.52,0.189100000,3,
2026-09-29,GBU,OPT,GBUQ7 P15300,2027-08-06,P,1.53,0.198600000,3,
2026-09-29,GBU,OPT,GBUQ7 P15400,2027-08-06,P,1.54,0.208100000,3,
2026-09-29,GBU,OPT,GBUQ7 P15500,2027-08-06,P,1.55,0.217600000,3,
2026-09-29,GBU,OPT,GBUQ7 P15600,2027-08-06,P,1.56,0.227100000,3,
2026-09-29,GBU,OPT,GBUU7 C11000,2027-09-03,C,1.1,0.217600000,3,
2026-09-29,GBU,OPT,GBUU7 C11100,2027-09-03,C,1.11,0.208300000,3,
2026-09-29,GBU,OPT,GBUU7 C11200,2027-09-03,C,1.12,0.199100000,3,
2026-09-29,GBU,OPT,GBUU7 C11300,2027-09-03,C,1.13,0.189900000,3,
2026-09-29,GBU,OPT,GBUU7 C11400,2027-09-03,C,1.14,0.180700000,3,
2026-09-29,GBU,OPT,GBUU7 C11500,2027-09-03,C,1.15,0.171600000,3,
2026-09-29,GBU,OPT,GBUU7 C11600,2027-09-03,C,1.16,0.162500000,3,
2026-09-29,GBU,OPT,GBUU7 C11700,2027-09-03,C,1.17,0.153600000,3,
2026-09-29,GBU,OPT,GBUU7 C11800,2027-09-03,C,1.18,0.144700000,3,
2026-09-29,GBU,OPT,GBUU7 C11900,2027-09-03,C,1.19,0.135900000,3,
2026-09-29,GBU,OPT,GBUU7 C12000,2027-09-03,C,1.2,0.127300000,3,
2026-09-29,GBU,OPT,GBUU7 C12100,2027-09-03,C,1.21,0.118700000,3,
2026-09-29,GBU,OPT,GBUU7 C12200,2027-09-03,C,1.22,0.110300000,3,
2026-09-29,GBU,OPT,GBUU7 C12300,2027-09-03,C,1.23,0.102100000,3,
2026-09-29,GBU,OPT,GBUU7 C12400,2027-09-03,C,1.24,0.094000000,3,
2026-09-29,GBU,OPT,GBUU7 C12450,2027-09-03,C,1.245,0.090000000,3,
2026-09-29,GBU,OPT,GBUU7 C12500,2027-09-03,C,1.25,0.086100000,3,
2026-09-29,GBU,OPT,GBUU7 C12550,2027-09-03,C,1.255,0.082200000,3,
2026-09-29,GBU,OPT,GBUU7 C12600,2027-09-03,C,1.26,0.078400000,3,
2026-09-29,GBU,OPT,GBUU7 C12650,2027-09-03,C,1.265,0.074700000,3,
2026-09-29,GBU,OPT,GBUU7 C12700,2027-09-03,C,1.27,0.071000000,3,
2026-09-29,GBU,OPT,GBUU7 C12750,2027-09-03,C,1.275,0.067400000,3,
2026-09-29,GBU,OPT,GBUU7 C12800,2027-09-03,C,1.28,0.063800000,3,
2026-09-29,GBU,OPT,GBUU7 C12850,2027-09-03,C,1.285,0.060400000,3,
2026-09-29,GBU,OPT,GBUU7 C12900,2027-09-03,C,1.29,0.057000000,3,2
2026-09-29,GBU,OPT,GBUU7 C12950,2027-09-03,C,1.295,0.053800000,3,
2026-09-29,GBU,OPT,GBUU7 C13000,2027-09-03,C,1.3,0.050600000,3,
2026-09-29,GBU,OPT,GBUU7 C13050,2027-09-03,C,1.305,0.047500000,3,
2026-09-29,GBU,OPT,GBUU7 C13100,2027-09-03,C,1.31,0.044600000,3,
2026-09-29,GBU,OPT,GBUU7 C13150,2027-09-03,C,1.315,0.041700000,3,
2026-09-29,GBU,OPT,GBUU7 C13200,2027-09-03,C,1.32,0.039000000,3,
2026-09-29,GBU,OPT,GBUU7 C13250,2027-09-03,C,1.325,0.036400000,3,
2026-09-29,GBU,OPT,GBUU7 C13300,2027-09-03,C,1.33,0.033900000,3,
2026-09-29,GBU,OPT,GBUU7 C13350,2027-09-03,C,1.335,0.031500000,3,
2026-09-29,GBU,OPT,GBUU7 C13400,2027-09-03,C,1.34,0.029300000,3,
2026-09-29,GBU,OPT,GBUU7 C13450,2027-09-03,C,1.345,0.027200000,3,
2026-09-29,GBU,OPT,GBUU7 C13500,2027-09-03,C,1.35,0.025200000,3,
2026-09-29,GBU,OPT,GBUU7 C13550,2027-09-03,C,1.355,0.023300000,3,
2026-09-29,GBU,OPT,GBUU7 C13600,2027-09-03,C,1.36,0.021500000,3,
2026-09-29,GBU,OPT,GBUU7 C13650,2027-09-03,C,1.365,0.019800000,3,6
2026-09-29,GBU,OPT,GBUU7 C13700,2027-09-03,C,1.37,0.018300000,3,1
2026-09-29,GBU,OPT,GBUU7 C13750,2027-09-03,C,1.375,0.016900000,3,
2026-09-29,GBU,OPT,GBUU7 C13800,2027-09-03,C,1.38,0.015500000,3,
2026-09-29,GBU,OPT,GBUU7 C13850,2027-09-03,C,1.385,0.014300000,3,
2026-09-29,GBU,OPT,GBUU7 C13900,2027-09-03,C,1.39,0.013200000,3,2
2026-09-29,GBU,OPT,GBUU7 C13950,2027-09-03,C,1.395,0.012100000,3,
2026-09-29,GBU,OPT,GBUU7 C14000,2027-09-03,C,1.4,0.011100000,3,
2026-09-29,GBU,OPT,GBUU7 C14050,2027-09-03,C,1.405,0.010200000,3,
2026-09-29,GBU,OPT,GBUU7 C14100,2027-09-03,C,1.41,0.009400000,3,
2026-09-29,GBU,OPT,GBUU7 C14150,2027-09-03,C,1.415,0.008700000,3,
2026-09-29,GBU,OPT,GBUU7 C14200,2027-09-03,C,1.42,0.007900000,3,
2026-09-29,GBU,OPT,GBUU7 C14250,2027-09-03,C,1.425,0.007300000,3,
2026-09-29,GBU,OPT,GBUU7 C14300,2027-09-03,C,1.43,0.006700000,3,
2026-09-29,GBU,OPT,GBUU7 C14400,2027-09-03,C,1.44,0.005600000,3,1
2026-09-29,GBU,OPT,GBUU7 C14500,2027-09-03,C,1.45,0.004700000,3,1
2026-09-29,GBU,OPT,GBUU7 C14600,2027-09-03,C,1.46,0.004000000,3,
2026-09-29,GBU,OPT,GBUU7 C14700,2027-09-03,C,1.47,0.003300000,3,
2026-09-29,GBU,OPT,GBUU7 C14800,2027-09-03,C,1.48,0.002800000,3,
2026-09-29,GBU,OPT,GBUU7 C14900,2027-09-03,C,1.49,0.002300000,3,
2026-09-29,GBU,OPT,GBUU7 C15000,2027-09-03,C,1.5,0.002000000,3,
2026-09-29,GBU,OPT,GBUU7 C15100,2027-09-03,C,1.51,0.001700000,3,
2026-09-29,GBU,OPT,GBUU7 C15200,2027-09-03,C,1.52,0.001500000,3,
2026-09-29,GBU,OPT,GBUU7 C15300,2027-09-03,C,1.53,0.001300000,3,
2026-09-29,GBU,OPT,GBUU7 C15400,2027-09-03,C,1.54,0.001200000,3,2
2026-09-29,GBU,OPT,GBUU7 C15500,2027-09-03,C,1.55,0.001000000,3,
2026-09-29,GBU,OPT,GBUU7 C15600,2027-09-03,C,1.56,0.000900000,3,
2026-09-29,GBU,OPT,GBUU7 C15700,2027-09-03,C,1.57,0.000800000,3,4
2026-09-29,GBU,OPT,GBUU7 P11000,2027-09-03,P,1.1,0.002000000,3,10
2026-09-29,GBU,OPT,GBUU7 P11100,2027-09-03,P,1.11,0.002300000,3,5
2026-09-29,GBU,OPT,GBUU7 P11200,2027-09-03,P,1.12,0.002700000,3,10
2026-09-29,GBU,OPT,GBUU7 P11300,2027-09-03,P,1.13,0.003100000,3,3
2026-09-29,GBU,OPT,GBUU7 P11400,2027-09-03,P,1.14,0.003500000,3,
2026-09-29,GBU,OPT,GBUU7 P11500,2027-09-03,P,1.15,0.004000000,3,2
2026-09-29,GBU,OPT,GBUU7 P11600,2027-09-03,P,1.16,0.004500000,3,
2026-09-29,GBU,OPT,GBUU7 P11700,2027-09-03,P,1.17,0.005200000,3,
2026-09-29,GBU,OPT,GBUU7 P11800,2027-09-03,P,1.18,0.005900000,3,
2026-09-29,GBU,OPT,GBUU7 P11900,2027-09-03,P,1.19,0.006700000,3,
2026-09-29,GBU,OPT,GBUU7 P12000,2027-09-03,P,1.2,0.007600000,3,
2026-09-29,GBU,OPT,GBUU7 P12100,2027-09-03,P,1.21,0.008700000,3,
2026-09-29,GBU,OPT,GBUU7 P12200,2027-09-03,P,1.22,0.009900000,3,
2026-09-29,GBU,OPT,GBUU7 P12300,2027-09-03,P,1.23,0.011200000,3,
2026-09-29,GBU,OPT,GBUU7 P12400,2027-09-03,P,1.24,0.012700000,3,1
2026-09-29,GBU,OPT,GBUU7 P12450,2027-09-03,P,1.245,0.013600000,3,
2026-09-29,GBU,OPT,GBUU7 P12500,2027-09-03,P,1.25,0.014400000,3,3
2026-09-29,GBU,OPT,GBUU7 P12550,2027-09-03,P,1.255,0.015400000,3,
2026-09-29,GBU,OPT,GBUU7 P12600,2027-09-03,P,1.26,0.016300000,3,
2026-09-29,GBU,OPT,GBUU7 P12650,2027-09-03,P,1.265,0.017400000,3,
2026-09-29,GBU,OPT,GBUU7 P12700,2027-09-03,P,1.27,0.018500000,3,1
2026-09-29,GBU,OPT,GBUU7 P12750,2027-09-03,P,1.275,0.019700000,3,5
2026-09-29,GBU,OPT,GBUU7 P12800,2027-09-03,P,1.28,0.021000000,3,2
2026-09-29,GBU,OPT,GBUU7 P12850,2027-09-03,P,1.285,0.022300000,3,1
2026-09-29,GBU,OPT,GBUU7 P12900,2027-09-03,P,1.29,0.023700000,3,6
2026-09-29,GBU,OPT,GBUU7 P12950,2027-09-03,P,1.295,0.025300000,3,
2026-09-29,GBU,OPT,GBUU7 P13000,2027-09-03,P,1.3,0.026900000,3,5
2026-09-29,GBU,OPT,GBUU7 P13050,2027-09-03,P,1.305,0.028600000,3,
2026-09-29,GBU,OPT,GBUU7 P13100,2027-09-03,P,1.31,0.030500000,3,
2026-09-29,GBU,OPT,GBUU7 P13150,2027-09-03,P,1.315,0.032400000,3,
2026-09-29,GBU,OPT,GBUU7 P13200,2027-09-03,P,1.32,0.034500000,3,
2026-09-29,GBU,OPT,GBUU7 P13250,2027-09-03,P,1.325,0.036700000,3,
2026-09-29,GBU,OPT,GBUU7 P13300,2027-09-03,P,1.33,0.039000000,3,
2026-09-29,GBU,OPT,GBUU7 P13350,2027-09-03,P,1.335,0.041400000,3,2
2026-09-29,GBU,OPT,GBUU7 P13400,2027-09-03,P,1.34,0.044000000,3,1
2026-09-29,GBU,OPT,GBUU7 P13450,2027-09-03,P,1.345,0.046600000,3,
2026-09-29,GBU,OPT,GBUU7 P13500,2027-09-03,P,1.35,0.049400000,3,1
2026-09-29,GBU,OPT,GBUU7 P13550,2027-09-03,P,1.355,0.052300000,3,3
2026-09-29,GBU,OPT,GBUU7 P13600,2027-09-03,P,1.36,0.055400000,3,
2026-09-29,GBU,OPT,GBUU7 P13650,2027-09-03,P,1.365,0.058500000,3,
2026-09-29,GBU,OPT,GBUU7 P13700,2027-09-03,P,1.37,0.061800000,3,
2026-09-29,GBU,OPT,GBUU7 P13750,2027-09-03,P,1.375,0.065100000,3,
2026-09-29,GBU,OPT,GBUU7 P13800,2027-09-03,P,1.38,0.068600000,3,
2026-09-29,GBU,OPT,GBUU7 P13850,2027-09-03,P,1.385,0.072200000,3,
2026-09-29,GBU,OPT,GBUU7 P13900,2027-09-03,P,1.39,0.075800000,3,
2026-09-29,GBU,OPT,GBUU7 P13950,2027-09-03,P,1.395,0.079600000,3,
2026-09-29,GBU,OPT,GBUU7 P14000,2027-09-03,P,1.4,0.083400000,3,
2026-09-29,GBU,OPT,GBUU7 P14050,2027-09-03,P,1.405,0.087300000,3,
2026-09-29,GBU,OPT,GBUU7 P14100,2027-09-03,P,1.41,0.091300000,3,
2026-09-29,GBU,OPT,GBUU7 P14150,2027-09-03,P,1.415,0.095300000,3,
2026-09-29,GBU,OPT,GBUU7 P14200,2027-09-03,P,1.42,0.099400000,3,
2026-09-29,GBU,OPT,GBUU7 P14250,2027-09-03,P,1.425,0.103500000,3,
2026-09-29,GBU,OPT,GBUU7 P14300,2027-09-03,P,1.43,0.107700000,3,
2026-09-29,GBU,OPT,GBUU7 P14400,2027-09-03,P,1.44,0.116300000,3,
2026-09-29,GBU,OPT,GBUU7 P14500,2027-09-03,P,1.45,0.124900000,3,
2026-09-29,GBU,OPT,GBUU7 P14600,2027-09-03,P,1.46,0.133800000,3,
2026-09-29,GBU,OPT,GBUU7 P14700,2027-09-03,P,1.47,0.142700000,3,
2026-09-29,GBU,OPT,GBUU7 P14800,2027-09-03,P,1.48,0.151800000,3,
2026-09-29,GBU,OPT,GBUU7 P14900,2027-09-03,P,1.49,0.160900000,3,
2026-09-29,GBU,OPT,GBUU7 P15000,2027-09-03,P,1.5,0.170200000,3,
2026-09-29,GBU,OPT,GBUU7 P15100,2027-09-03,P,1.51,0.179500000,3,
2026-09-29,GBU,OPT,GBUU7 P15200,2027-09-03,P,1.52,0.188900000,3,
2026-09-29,GBU,OPT,GBUU7 P15300,2027-09-03,P,1.53,0.198300000,3,
2026-09-29,GBU,OPT,GBUU7 P15400,2027-09-03,P,1.54,0.207700000,3,
2026-09-29,GBU,OPT,GBUU7 P15500,2027-09-03,P,1.55,0.217200000,3,
2026-09-29,GBU,OPT,GBUU7 P15600,2027-09-03,P,1.56,0.226600000,3,
2026-09-29,GBU,OPT,GBUU7 P15700,2027-09-03,P,1.57,0.236100000,3,
2026-09-29,GBU,OPT,GBUZ7 C11100,2027-12-03,C,1.11,0.207200000,3,
2026-09-29,GBU,OPT,GBUZ7 C11200,2027-12-03,C,1.12,0.198200000,3,
2026-09-29,GBU,OPT,GBUZ7 C11300,2027-12-03,C,1.13,0.189200000,3,
2026-09-29,GBU,OPT,GBUZ7 C11400,2027-12-03,C,1.14,0.180400000,3,
2026-09-29,GBU,OPT,GBUZ7 C11500,2027-12-03,C,1.15,0.171500000,3,
2026-09-29,GBU,OPT,GBUZ7 C11600,2027-12-03,C,1.16,0.162800000,3,
2026-09-29,GBU,OPT,GBUZ7 C11700,2027-12-03,C,1.17,0.154200000,3,
2026-09-29,GBU,OPT,GBUZ7 C11800,2027-12-03,C,1.18,0.145600000,3,
2026-09-29,GBU,OPT,GBUZ7 C11900,2027-12-03,C,1.19,0.137100000,3,
2026-09-29,GBU,OPT,GBUZ7 C12000,2027-12-03,C,1.2,0.128600000,3,
2026-09-29,GBU,OPT,GBUZ7 C12100,2027-12-03,C,1.21,0.120300000,3,
2026-09-29,GBU,OPT,GBUZ7 C12200,2027-12-03,C,1.22,0.112200000,3,
2026-09-29,GBU,OPT,GBUZ7 C12300,2027-12-03,C,1.23,0.104100000,3,
2026-09-29,GBU,OPT,GBUZ7 C12400,2027-12-03,C,1.24,0.096300000,3,
2026-09-29,GBU,OPT,GBUZ7 C12500,2027-12-03,C,1.25,0.088700000,3,
2026-09-29,GBU,OPT,GBUZ7 C12550,2027-12-03,C,1.255,0.085000000,3,
2026-09-29,GBU,OPT,GBUZ7 C12600,2027-12-03,C,1.26,0.081300000,3,
2026-09-29,GBU,OPT,GBUZ7 C12650,2027-12-03,C,1.265,0.077700000,3,
2026-09-29,GBU,OPT,GBUZ7 C12700,2027-12-03,C,1.27,0.074100000,3,
2026-09-29,GBU,OPT,GBUZ7 C12750,2027-12-03,C,1.275,0.070600000,3,
2026-09-29,GBU,OPT,GBUZ7 C12800,2027-12-03,C,1.28,0.067200000,3,
2026-09-29,GBU,OPT,GBUZ7 C12850,2027-12-03,C,1.285,0.063900000,3,
2026-09-29,GBU,OPT,GBUZ7 C12900,2027-12-03,C,1.29,0.060600000,3,
2026-09-29,GBU,OPT,GBUZ7 C12950,2027-12-03,C,1.295,0.057400000,3,
2026-09-29,GBU,OPT,GBUZ7 C13000,2027-12-03,C,1.3,0.054300000,3,
2026-09-29,GBU,OPT,GBUZ7 C13050,2027-12-03,C,1.305,0.051200000,3,
2026-09-29,GBU,OPT,GBUZ7 C13100,2027-12-03,C,1.31,0.048300000,3,
2026-09-29,GBU,OPT,GBUZ7 C13150,2027-12-03,C,1.315,0.045400000,3,
2026-09-29,GBU,OPT,GBUZ7 C13200,2027-12-03,C,1.32,0.042600000,3,
2026-09-29,GBU,OPT,GBUZ7 C13250,2027-12-03,C,1.325,0.040000000,3,
2026-09-29,GBU,OPT,GBUZ7 C13300,2027-12-03,C,1.33,0.037400000,3,
2026-09-29,GBU,OPT,GBUZ7 C13350,2027-12-03,C,1.335,0.034900000,3,
2026-09-29,GBU,OPT,GBUZ7 C13400,2027-12-03,C,1.34,0.032600000,3,
2026-09-29,GBU,OPT,GBUZ7 C13450,2027-12-03,C,1.345,0.030400000,3,
2026-09-29,GBU,OPT,GBUZ7 C13500,2027-12-03,C,1.35,0.028200000,3,
2026-09-29,GBU,OPT,GBUZ7 C13550,2027-12-03,C,1.355,0.026200000,3,
2026-09-29,GBU,OPT,GBUZ7 C13600,2027-12-03,C,1.36,0.024300000,3,
2026-09-29,GBU,OPT,GBUZ7 C13650,2027-12-03,C,1.365,0.022500000,3,
2026-09-29,GBU,OPT,GBUZ7 C13700,2027-12-03,C,1.37,0.020800000,3,
2026-09-29,GBU,OPT,GBUZ7 C13750,2027-12-03,C,1.375,0.019300000,3,
2026-09-29,GBU,OPT,GBUZ7 C13800,2027-12-03,C,1.38,0.017800000,3,
2026-09-29,GBU,OPT,GBUZ7 C13850,2027-12-03,C,1.385,0.016400000,3,
2026-09-29,GBU,OPT,GBUZ7 C13900,2027-12-03,C,1.39,0.015100000,3,
2026-09-29,GBU,OPT,GBUZ7 C13950,2027-12-03,C,1.395,0.013900000,3,
2026-09-29,GBU,OPT,GBUZ7 C14000,2027-12-03,C,1.4,0.012800000,3,
2026-09-29,GBU,OPT,GBUZ7 C14050,2027-12-03,C,1.405,0.011800000,3,
2026-09-29,GBU,OPT,GBUZ7 C14100,2027-12-03,C,1.41,0.010900000,3,
2026-09-29,GBU,OPT,GBUZ7 C14150,2027-12-03,C,1.415,0.010000000,3,
2026-09-29,GBU,OPT,GBUZ7 C14200,2027-12-03,C,1.42,0.009200000,3,
2026-09-29,GBU,OPT,GBUZ7 C14250,2027-12-03,C,1.425,0.008400000,3,
2026-09-29,GBU,OPT,GBUZ7 C14300,2027-12-03,C,1.43,0.007700000,3,
2026-09-29,GBU,OPT,GBUZ7 C14400,2027-12-03,C,1.44,0.006500000,3,
2026-09-29,GBU,OPT,GBUZ7 C14500,2027-12-03,C,1.45,0.005500000,3,
2026-09-29,GBU,OPT,GBUZ7 C14600,2027-12-03,C,1.46,0.004600000,3,
2026-09-29,GBU,OPT,GBUZ7 C14700,2027-12-03,C,1.47,0.003900000,3,
2026-09-29,GBU,OPT,GBUZ7 C14800,2027-12-03,C,1.48,0.003200000,3,
2026-09-29,GBU,OPT,GBUZ7 C14900,2027-12-03,C,1.49,0.002700000,3,
2026-09-29,GBU,OPT,GBUZ7 C15000,2027-12-03,C,1.5,0.002300000,3,
2026-09-29,GBU,OPT,GBUZ7 C15100,2027-12-03,C,1.51,0.002000000,3,
2026-09-29,GBU,OPT,GBUZ7 C15200,2027-12-03,C,1.52,0.001700000,3,
2026-09-29,GBU,OPT,GBUZ7 C15300,2027-12-03,C,1.53,0.001400000,3,
2026-09-29,GBU,OPT,GBUZ7 C15400,2027-12-03,C,1.54,0.001100000,3,
2026-09-29,GBU,OPT,GBUZ7 C15500,2027-12-03,C,1.55,0.000900000,3,
2026-09-29,GBU,OPT,GBUZ7 C15600,2027-12-03,C,1.56,0.000700000,3,
2026-09-29,GBU,OPT,GBUZ7 C15700,2027-12-03,C,1.57,0.000600000,3,
2026-09-29,GBU,OPT,GBUZ7 P11100,2027-12-03,P,1.11,0.003400000,3,
2026-09-29,GBU,OPT,GBUZ7 P11200,2027-12-03,P,1.12,0.003900000,3,
2026-09-29,GBU,OPT,GBUZ7 P11300,2027-12-03,P,1.13,0.004400000,3,50
2026-09-29,GBU,OPT,GBUZ7 P11400,2027-12-03,P,1.14,0.005000000,3,
2026-09-29,GBU,OPT,GBUZ7 P11500,2027-12-03,P,1.15,0.005700000,3,
2026-09-29,GBU,OPT,GBUZ7 P11600,2027-12-03,P,1.16,0.006400000,3,
2026-09-29,GBU,OPT,GBUZ7 P11700,2027-12-03,P,1.17,0.007300000,3,
2026-09-29,GBU,OPT,GBUZ7 P11800,2027-12-03,P,1.18,0.008100000,3,
2026-09-29,GBU,OPT,GBUZ7 P11900,2027-12-03,P,1.19,0.009100000,3,
2026-09-29,GBU,OPT,GBUZ7 P12000,2027-12-03,P,1.2,0.010200000,3,
2026-09-29,GBU,OPT,GBUZ7 P12100,2027-12-03,P,1.21,0.011300000,3,
2026-09-29,GBU,OPT,GBUZ7 P12200,2027-12-03,P,1.22,0.012600000,3,
2026-09-29,GBU,OPT,GBUZ7 P12300,2027-12-03,P,1.23,0.014100000,3,
2026-09-29,GBU,OPT,GBUZ7 P12400,2027-12-03,P,1.24,0.015800000,3,
2026-09-29,GBU,OPT,GBUZ7 P12500,2027-12-03,P,1.25,0.017600000,3,
2026-09-29,GBU,OPT,GBUZ7 P12550,2027-12-03,P,1.255,0.018600000,3,
2026-09-29,GBU,OPT,GBUZ7 P12600,2027-12-03,P,1.26,0.019700000,3,
2026-09-29,GBU,OPT,GBUZ7 P12650,2027-12-03,P,1.265,0.020800000,3,
2026-09-29,GBU,OPT,GBUZ7 P12700,2027-12-03,P,1.27,0.022000000,3,
2026-09-29,GBU,OPT,GBUZ7 P12750,2027-12-03,P,1.275,0.023300000,3,
2026-09-29,GBU,OPT,GBUZ7 P12800,2027-12-03,P,1.28,0.024600000,3,
2026-09-29,GBU,OPT,GBUZ7 P12850,2027-12-03,P,1.285,0.026000000,3,
2026-09-29,GBU,OPT,GBUZ7 P12900,2027-12-03,P,1.29,0.027400000,3,
2026-09-29,GBU,OPT,GBUZ7 P12950,2027-12-03,P,1.295,0.029000000,3,
2026-09-29,GBU,OPT,GBUZ7 P13000,2027-12-03,P,1.3,0.030600000,3,
2026-09-29,GBU,OPT,GBUZ7 P13050,2027-12-03,P,1.305,0.032300000,3,
2026-09-29,GBU,OPT,GBUZ7 P13100,2027-12-03,P,1.31,0.034100000,3,
2026-09-29,GBU,OPT,GBUZ7 P13150,2027-12-03,P,1.315,0.035900000,3,
2026-09-29,GBU,OPT,GBUZ7 P13200,2027-12-03,P,1.32,0.037900000,3,
2026-09-29,GBU,OPT,GBUZ7 P13250,2027-12-03,P,1.325,0.040000000,3,
2026-09-29,GBU,OPT,GBUZ7 P13300,2027-12-03,P,1.33,0.042100000,3,
2026-09-29,GBU,OPT,GBUZ7 P13350,2027-12-03,P,1.335,0.044400000,3,
2026-09-29,GBU,OPT,GBUZ7 P13400,2027-12-03,P,1.34,0.046800000,3,
2026-09-29,GBU,OPT,GBUZ7 P13450,2027-12-03,P,1.345,0.049300000,3,
2026-09-29,GBU,OPT,GBUZ7 P13500,2027-12-03,P,1.35,0.051900000,3,
2026-09-29,GBU,OPT,GBUZ7 P13550,2027-12-03,P,1.355,0.054700000,3,
2026-09-29,GBU,OPT,GBUZ7 P13600,2027-12-03,P,1.36,0.057500000,3,
2026-09-29,GBU,OPT,GBUZ7 P13650,2027-12-03,P,1.365,0.060400000,3,
2026-09-29,GBU,OPT,GBUZ7 P13700,2027-12-03,P,1.37,0.063500000,3,
2026-09-29,GBU,OPT,GBUZ7 P13750,2027-12-03,P,1.375,0.066700000,3,
2026-09-29,GBU,OPT,GBUZ7 P13800,2027-12-03,P,1.38,0.069900000,3,
2026-09-29,GBU,OPT,GBUZ7 P13850,2027-12-03,P,1.385,0.073300000,3,
2026-09-29,GBU,OPT,GBUZ7 P13900,2027-12-03,P,1.39,0.076700000,3,
2026-09-29,GBU,OPT,GBUZ7 P13950,2027-12-03,P,1.395,0.080300000,3,
2026-09-29,GBU,OPT,GBUZ7 P14000,2027-12-03,P,1.4,0.083900000,3,
2026-09-29,GBU,OPT,GBUZ7 P14050,2027-12-03,P,1.405,0.087600000,3,
2026-09-29,GBU,OPT,GBUZ7 P14100,2027-12-03,P,1.41,0.091400000,3,
2026-09-29,GBU,OPT,GBUZ7 P14150,2027-12-03,P,1.415,0.095300000,3,
2026-09-29,GBU,OPT,GBUZ7 P14200,2027-12-03,P,1.42,0.099200000,3,
2026-09-29,GBU,OPT,GBUZ7 P14250,2027-12-03,P,1.425,0.103200000,3,
2026-09-29,GBU,OPT,GBUZ7 P14300,2027-12-03,P,1.43,0.107300000,3,
2026-09-29,GBU,OPT,GBUZ7 P14400,2027-12-03,P,1.44,0.115500000,3,
2026-09-29,GBU,OPT,GBUZ7 P14500,2027-12-03,P,1.45,0.124000000,3,
2026-09-29,GBU,OPT,GBUZ7 P14600,2027-12-03,P,1.46,0.132600000,3,
2026-09-29,GBU,OPT,GBUZ7 P14700,2027-12-03,P,1.47,0.141300000,3,
2026-09-29,GBU,OPT,GBUZ7 P14800,2027-12-03,P,1.48,0.150100000,3,
2026-09-29,GBU,OPT,GBUZ7 P14900,2027-12-03,P,1.49,0.159100000,3,
2026-09-29,GBU,OPT,GBUZ7 P15000,2027-12-03,P,1.5,0.168200000,3,
2026-09-29,GBU,OPT,GBUZ7 P15100,2027-12-03,P,1.51,0.177300000,3,
2026-09-29,GBU,OPT,GBUZ7 P15200,2027-12-03,P,1.52,0.186500000,3,
2026-09-29,GBU,OPT,GBUZ7 P15300,2027-12-03,P,1.53,0.195700000,3,
2026-09-29,GBU,OPT,GBUZ7 P15400,2027-12-03,P,1.54,0.204900000,3,
2026-09-29,GBU,OPT,GBUZ7 P15500,2027-12-03,P,1.55,0.214200000,3,
2026-09-29,GBU,OPT,GBUZ7 P15600,2027-12-03,P,1.56,0.223500000,3,
2026-09-29,GBU,OPT,GBUZ7 P15700,2027-12-03,P,1.57,0.232800000,3,
2026-09-29,GBU,OPT,GBUH8 C11100,2028-03-03,C,1.11,0.206500000,3,
2026-09-29,GBU,OPT,GBUH8 C11200,2028-03-03,C,1.12,0.197800000,3,
2026-09-29,GBU,OPT,GBUH8 C11300,2028-03-03,C,1.13,0.189100000,3,
2026-09-29,GBU,OPT,GBUH8 C11400,2028-03-03,C,1.14,0.180500000,3,
2026-09-29,GBU,OPT,GBUH8 C11500,2028-03-03,C,1.15,0.171900000,3,
2026-09-29,GBU,OPT,GBUH8 C11600,2028-03-03,C,1.16,0.163500000,3,
2026-09-29,GBU,OPT,GBUH8 C11700,2028-03-03,C,1.17,0.155100000,3,
2026-09-29,GBU,OPT,GBUH8 C11800,2028-03-03,C,1.18,0.146700000,3,
2026-09-29,GBU,OPT,GBUH8 C11900,2028-03-03,C,1.19,0.138500000,3,
2026-09-29,GBU,OPT,GBUH8 C12000,2028-03-03,C,1.2,0.130300000,3,
2026-09-29,GBU,OPT,GBUH8 C12100,2028-03-03,C,1.21,0.122200000,3,
2026-09-29,GBU,OPT,GBUH8 C12200,2028-03-03,C,1.22,0.114300000,3,
2026-09-29,GBU,OPT,GBUH8 C12300,2028-03-03,C,1.23,0.106500000,3,
2026-09-29,GBU,OPT,GBUH8 C12400,2028-03-03,C,1.24,0.098900000,3,
2026-09-29,GBU,OPT,GBUH8 C12500,2028-03-03,C,1.25,0.091400000,3,
2026-09-29,GBU,OPT,GBUH8 C12550,2028-03-03,C,1.255,0.087800000,3,
2026-09-29,GBU,OPT,GBUH8 C12600,2028-03-03,C,1.26,0.084200000,3,
2026-09-29,GBU,OPT,GBUH8 C12650,2028-03-03,C,1.265,0.080700000,3,
2026-09-29,GBU,OPT,GBUH8 C12700,2028-03-03,C,1.27,0.077200000,3,
2026-09-29,GBU,OPT,GBUH8 C12750,2028-03-03,C,1.275,0.073800000,3,
2026-09-29,GBU,OPT,GBUH8 C12800,2028-03-03,C,1.28,0.070500000,3,
2026-09-29,GBU,OPT,GBUH8 C12850,2028-03-03,C,1.285,0.067200000,3,
2026-09-29,GBU,OPT,GBUH8 C12900,2028-03-03,C,1.29,0.064000000,3,
2026-09-29,GBU,OPT,GBUH8 C12950,2028-03-03,C,1.295,0.060800000,3,
2026-09-29,GBU,OPT,GBUH8 C13000,2028-03-03,C,1.3,0.057800000,3,
2026-09-29,GBU,OPT,GBUH8 C13050,2028-03-03,C,1.305,0.054800000,3,
2026-09-29,GBU,OPT,GBUH8 C13100,2028-03-03,C,1.31,0.051800000,3,
2026-09-29,GBU,OPT,GBUH8 C13150,2028-03-03,C,1.315,0.049000000,3,
2026-09-29,GBU,OPT,GBUH8 C13200,2028-03-03,C,1.32,0.046200000,3,
2026-09-29,GBU,OPT,GBUH8 C13250,2028-03-03,C,1.325,0.043600000,3,
2026-09-29,GBU,OPT,GBUH8 C13300,2028-03-03,C,1.33,0.041000000,3,
2026-09-29,GBU,OPT,GBUH8 C13350,2028-03-03,C,1.335,0.038500000,3,
2026-09-29,GBU,OPT,GBUH8 C13400,2028-03-03,C,1.34,0.036200000,3,
2026-09-29,GBU,OPT,GBUH8 C13450,2028-03-03,C,1.345,0.033900000,3,
2026-09-29,GBU,OPT,GBUH8 C13500,2028-03-03,C,1.35,0.031700000,3,
2026-09-29,GBU,OPT,GBUH8 C13550,2028-03-03,C,1.355,0.029700000,3,
2026-09-29,GBU,OPT,GBUH8 C13600,2028-03-03,C,1.36,0.027700000,3,
2026-09-29,GBU,OPT,GBUH8 C13650,2028-03-03,C,1.365,0.025900000,3,
2026-09-29,GBU,OPT,GBUH8 C13700,2028-03-03,C,1.37,0.024200000,3,
2026-09-29,GBU,OPT,GBUH8 C13750,2028-03-03,C,1.375,0.022500000,3,
2026-09-29,GBU,OPT,GBUH8 C13800,2028-03-03,C,1.38,0.021000000,3,
2026-09-29,GBU,OPT,GBUH8 C13850,2028-03-03,C,1.385,0.019500000,3,
2026-09-29,GBU,OPT,GBUH8 C13900,2028-03-03,C,1.39,0.018200000,3,
2026-09-29,GBU,OPT,GBUH8 C13950,2028-03-03,C,1.395,0.016900000,3,
2026-09-29,GBU,OPT,GBUH8 C14000,2028-03-03,C,1.4,0.015700000,3,
2026-09-29,GBU,OPT,GBUH8 C14050,2028-03-03,C,1.405,0.014600000,3,
2026-09-29,GBU,OPT,GBUH8 C14100,2028-03-03,C,1.41,0.013600000,3,
2026-09-29,GBU,OPT,GBUH8 C14200,2028-03-03,C,1.42,0.011700000,3,
2026-09-29,GBU,OPT,GBUH8 C14300,2028-03-03,C,1.43,0.010100000,3,
2026-09-29,GBU,OPT,GBUH8 C14400,2028-03-03,C,1.44,0.008700000,3,
2026-09-29,GBU,OPT,GBUH8 C14500,2028-03-03,C,1.45,0.007500000,3,
2026-09-29,GBU,OPT,GBUH8 C14600,2028-03-03,C,1.46,0.006400000,3,
2026-09-29,GBU,OPT,GBUH8 C14700,2028-03-03,C,1.47,0.005500000,3,
2026-09-29,GBU,OPT,GBUH8 C14800,2028-03-03,C,1.48,0.004700000,3,
2026-09-29,GBU,OPT,GBUH8 C14900,2028-03-03,C,1.49,0.004100000,3,
2026-09-29,GBU,OPT,GBUH8 C15000,2028-03-03,C,1.5,0.003600000,3,
2026-09-29,GBU,OPT,GBUH8 C15100,2028-03-03,C,1.51,0.003100000,3,
2026-09-29,GBU,OPT,GBUH8 C15200,2028-03-03,C,1.52,0.002800000,3,
2026-09-29,GBU,OPT,GBUH8 C15300,2028-03-03,C,1.53,0.002400000,3,
2026-09-29,GBU,OPT,GBUH8 C15400,2028-03-03,C,1.54,0.002100000,3,
2026-09-29,GBU,OPT,GBUH8 C15500,2028-03-03,C,1.55,0.001900000,3,
2026-09-29,GBU,OPT,GBUH8 C15600,2028-03-03,C,1.56,0.001600000,3,
2026-09-29,GBU,OPT,GBUH8 P11100,2028-03-03,P,1.11,0.005000000,3,
2026-09-29,GBU,OPT,GBUH8 P11200,2028-03-03,P,1.12,0.005600000,3,
2026-09-29,GBU,OPT,GBUH8 P11300,2028-03-03,P,1.13,0.006300000,3,
2026-09-29,GBU,OPT,GBUH8 P11400,2028-03-03,P,1.14,0.007000000,3,
2026-09-29,GBU,OPT,GBUH8 P11500,2028-03-03,P,1.15,0.007900000,3,
2026-09-29,GBU,OPT,GBUH8 P11600,2028-03-03,P,1.16,0.008800000,3,
2026-09-29,GBU,OPT,GBUH8 P11700,2028-03-03,P,1.17,0.009800000,3,
2026-09-29,GBU,OPT,GBUH8 P11800,2028-03-03,P,1.18,0.010800000,3,
2026-09-29,GBU,OPT,GBUH8 P11900,2028-03-03,P,1.19,0.011900000,3,
2026-09-29,GBU,OPT,GBUH8 P12000,2028-03-03,P,1.2,0.013000000,3,
2026-09-29,GBU,OPT,GBUH8 P12100,2028-03-03,P,1.21,0.014300000,3,
2026-09-29,GBU,OPT,GBUH8 P12200,2028-03-03,P,1.22,0.015800000,3,
2026-09-29,GBU,OPT,GBUH8 P12300,2028-03-03,P,1.23,0.017300000,3,
2026-09-29,GBU,OPT,GBUH8 P12400,2028-03-03,P,1.24,0.019100000,3,
2026-09-29,GBU,OPT,GBUH8 P12500,2028-03-03,P,1.25,0.021000000,3,
2026-09-29,GBU,OPT,GBUH8 P12550,2028-03-03,P,1.255,0.022100000,3,
2026-09-29,GBU,OPT,GBUH8 P12600,2028-03-03,P,1.26,0.023200000,3,
2026-09-29,GBU,OPT,GBUH8 P12650,2028-03-03,P,1.265,0.024300000,3,
2026-09-29,GBU,OPT,GBUH8 P12700,2028-03-03,P,1.27,0.025500000,3,
2026-09-29,GBU,OPT,GBUH8 P12750,2028-03-03,P,1.275,0.026800000,3,
2026-09-29,GBU,OPT,GBUH8 P12800,2028-03-03,P,1.28,0.028200000,3,
2026-09-29,GBU,OPT,GBUH8 P12850,2028-03-03,P,1.285,0.029600000,3,
2026-09-29,GBU,OPT,GBUH8 P12900,2028-03-03,P,1.29,0.031000000,3,
2026-09-29,GBU,OPT,GBUH8 P12950,2028-03-03,P,1.295,0.032600000,3,
2026-09-29,GBU,OPT,GBUH8 P13000,2028-03-03,P,1.3,0.034200000,3,
2026-09-29,GBU,OPT,GBUH8 P13050,2028-03-03,P,1.305,0.035800000,3,
2026-09-29,GBU,OPT,GBUH8 P13100,2028-03-03,P,1.31,0.037600000,3,
2026-09-29,GBU,OPT,GBUH8 P13150,2028-03-03,P,1.315,0.039400000,3,
2026-09-29,GBU,OPT,GBUH8 P13200,2028-03-03,P,1.32,0.041400000,3,
2026-09-29,GBU,OPT,GBUH8 P13250,2028-03-03,P,1.325,0.043400000,3,
2026-09-29,GBU,OPT,GBUH8 P13300,2028-03-03,P,1.33,0.045500000,3,
2026-09-29,GBU,OPT,GBUH8 P13350,2028-03-03,P,1.335,0.047700000,3,
2026-09-29,GBU,OPT,GBUH8 P13400,2028-03-03,P,1.34,0.050000000,3,
2026-09-29,GBU,OPT,GBUH8 P13450,2028-03-03,P,1.345,0.052400000,3,
2026-09-29,GBU,OPT,GBUH8 P13500,2028-03-03,P,1.35,0.055000000,3,
2026-09-29,GBU,OPT,GBUH8 P13550,2028-03-03,P,1.355,0.057600000,3,
2026-09-29,GBU,OPT,GBUH8 P13600,2028-03-03,P,1.36,0.060300000,3,
2026-09-29,GBU,OPT,GBUH8 P13650,2028-03-03,P,1.365,0.063200000,3,
2026-09-29,GBU,OPT,GBUH8 P13700,2028-03-03,P,1.37,0.066100000,3,
2026-09-29,GBU,OPT,GBUH8 P13750,2028-03-03,P,1.375,0.069200000,3,
2026-09-29,GBU,OPT,GBUH8 P13800,2028-03-03,P,1.38,0.072300000,3,
2026-09-29,GBU,OPT,GBUH8 P13850,2028-03-03,P,1.385,0.075500000,3,
2026-09-29,GBU,OPT,GBUH8 P13900,2028-03-03,P,1.39,0.078800000,3,
2026-09-29,GBU,OPT,GBUH8 P13950,2028-03-03,P,1.395,0.082300000,3,
2026-09-29,GBU,OPT,GBUH8 P14000,2028-03-03,P,1.4,0.085800000,3,
2026-09-29,GBU,OPT,GBUH8 P14050,2028-03-03,P,1.405,0.089300000,3,
2026-09-29,GBU,OPT,GBUH8 P14100,2028-03-03,P,1.41,0.093000000,3,
2026-09-29,GBU,OPT,GBUH8 P14200,2028-03-03,P,1.42,0.100500000,3,
2026-09-29,GBU,OPT,GBUH8 P14300,2028-03-03,P,1.43,0.108200000,3,
2026-09-29,GBU,OPT,GBUH8 P14400,2028-03-03,P,1.44,0.116200000,3,
2026-09-29,GBU,OPT,GBUH8 P14500,2028-03-03,P,1.45,0.124300000,3,
2026-09-29,GBU,OPT,GBUH8 P14600,2028-03-03,P,1.46,0.132600000,3,
2026-09-29,GBU,OPT,GBUH8 P14700,2028-03-03,P,1.47,0.141100000,3,
2026-09-29,GBU,OPT,GBUH8 P14800,2028-03-03,P,1.48,0.149700000,3,
2026-09-29,GBU,OPT,GBUH8 P14900,2028-03-03,P,1.49,0.158400000,3,
2026-09-29,GBU,OPT,GBUH8 P15000,2028-03-03,P,1.5,0.167300000,3,
2026-09-29,GBU,OPT,GBUH8 P15100,2028-03-03,P,1.51,0.176200000,3,
2026-09-29,GBU,OPT,GBUH8 P15200,2028-03-03,P,1.52,0.185200000,3,
2026-09-29,GBU,OPT,GBUH8 P15300,2028-03-03,P,1.53,0.194200000,3,
2026-09-29,GBU,OPT,GBUH8 P15400,2028-03-03,P,1.54,0.203300000,3,
2026-09-29,GBU,OPT,GBUH8 P15500,2028-03-03,P,1.55,0.212400000,3,
2026-09-29,GBU,OPT,GBUH8 P15600,2028-03-03,P,1.56,0.221500000,3,
2026-09-29,GBU,OPT,GBUM8 C11200,2028-06-09,C,1.12,0.198000000,3,
2026-09-29,GBU,OPT,GBUM8 C11300,2028-06-09,C,1.13,0.189500000,3,
2026-09-29,GBU,OPT,GBUM8 C11400,2028-06-09,C,1.14,0.181100000,3,
2026-09-29,GBU,OPT,GBUM8 C11500,2028-06-09,C,1.15,0.172700000,3,
2026-09-29,GBU,OPT,GBUM8 C11600,2028-06-09,C,1.16,0.164400000,3,
2026-09-29,GBU,OPT,GBUM8 C11700,2028-06-09,C,1.17,0.156200000,3,
2026-09-29,GBU,OPT,GBUM8 C11800,2028-06-09,C,1.18,0.148000000,3,
2026-09-29,GBU,OPT,GBUM8 C11900,2028-06-09,C,1.19,0.140000000,3,
2026-09-29,GBU,OPT,GBUM8 C12000,2028-06-09,C,1.2,0.132000000,3,
2026-09-29,GBU,OPT,GBUM8 C12100,2028-06-09,C,1.21,0.124100000,3,
2026-09-29,GBU,OPT,GBUM8 C12200,2028-06-09,C,1.22,0.116400000,3,
2026-09-29,GBU,OPT,GBUM8 C12300,2028-06-09,C,1.23,0.108800000,3,
2026-09-29,GBU,OPT,GBUM8 C12400,2028-06-09,C,1.24,0.101400000,3,
2026-09-29,GBU,OPT,GBUM8 C12500,2028-06-09,C,1.25,0.094100000,3,
2026-09-29,GBU,OPT,GBUM8 C12600,2028-06-09,C,1.26,0.087100000,3,
2026-09-29,GBU,OPT,GBUM8 C12650,2028-06-09,C,1.265,0.083600000,3,
2026-09-29,GBU,OPT,GBUM8 C12700,2028-06-09,C,1.27,0.080200000,3,
2026-09-29,GBU,OPT,GBUM8 C12750,2028-06-09,C,1.275,0.076900000,3,
2026-09-29,GBU,OPT,GBUM8 C12800,2028-06-09,C,1.28,0.073600000,3,
2026-09-29,GBU,OPT,GBUM8 C12850,2028-06-09,C,1.285,0.070400000,3,
2026-09-29,GBU,OPT,GBUM8 C12900,2028-06-09,C,1.29,0.067200000,3,
2026-09-29,GBU,OPT,GBUM8 C12950,2028-06-09,C,1.295,0.064100000,3,
2026-09-29,GBU,OPT,GBUM8 C13000,2028-06-09,C,1.3,0.061100000,3,
2026-09-29,GBU,OPT,GBUM8 C13050,2028-06-09,C,1.305,0.058100000,3,
2026-09-29,GBU,OPT,GBUM8 C13100,2028-06-09,C,1.31,0.055200000,3,
2026-09-29,GBU,OPT,GBUM8 C13150,2028-06-09,C,1.315,0.052400000,3,
2026-09-29,GBU,OPT,GBUM8 C13200,2028-06-09,C,1.32,0.049700000,3,
2026-09-29,GBU,OPT,GBUM8 C13250,2028-06-09,C,1.325,0.047000000,3,
2026-09-29,GBU,OPT,GBUM8 C13300,2028-06-09,C,1.33,0.044400000,3,
2026-09-29,GBU,OPT,GBUM8 C13350,2028-06-09,C,1.335,0.042000000,3,
2026-09-29,GBU,OPT,GBUM8 C13400,2028-06-09,C,1.34,0.039600000,3,
2026-09-29,GBU,OPT,GBUM8 C13450,2028-06-09,C,1.345,0.037300000,3,
2026-09-29,GBU,OPT,GBUM8 C13500,2028-06-09,C,1.35,0.035100000,3,
2026-09-29,GBU,OPT,GBUM8 C13550,2028-06-09,C,1.355,0.033100000,3,
2026-09-29,GBU,OPT,GBUM8 C13600,2028-06-09,C,1.36,0.031100000,3,
2026-09-29,GBU,OPT,GBUM8 C13650,2028-06-09,C,1.365,0.029200000,3,
2026-09-29,GBU,OPT,GBUM8 C13700,2028-06-09,C,1.37,0.027400000,3,
2026-09-29,GBU,OPT,GBUM8 C13750,2028-06-09,C,1.375,0.025700000,3,
2026-09-29,GBU,OPT,GBUM8 C13800,2028-06-09,C,1.38,0.024100000,3,
2026-09-29,GBU,OPT,GBUM8 C13850,2028-06-09,C,1.385,0.022600000,3,
2026-09-29,GBU,OPT,GBUM8 C13900,2028-06-09,C,1.39,0.021200000,3,
2026-09-29,GBU,OPT,GBUM8 C13950,2028-06-09,C,1.395,0.019900000,3,
2026-09-29,GBU,OPT,GBUM8 C14000,2028-06-09,C,1.4,0.018600000,3,
2026-09-29,GBU,OPT,GBUM8 C14050,2028-06-09,C,1.405,0.017400000,3,
2026-09-29,GBU,OPT,GBUM8 C14100,2028-06-09,C,1.41,0.016300000,3,
2026-09-29,GBU,OPT,GBUM8 C14200,2028-06-09,C,1.42,0.014300000,3,
2026-09-29,GBU,OPT,GBUM8 C14300,2028-06-09,C,1.43,0.012500000,3,
2026-09-29,GBU,OPT,GBUM8 C14400,2028-06-09,C,1.44,0.011000000,3,
2026-09-29,GBU,OPT,GBUM8 C14500,2028-06-09,C,1.45,0.009600000,3,
2026-09-29,GBU,OPT,GBUM8 C14600,2028-06-09,C,1.46,0.008400000,3,
2026-09-29,GBU,OPT,GBUM8 C14700,2028-06-09,C,1.47,0.007400000,3,
2026-09-29,GBU,OPT,GBUM8 C14800,2028-06-09,C,1.48,0.006400000,3,
2026-09-29,GBU,OPT,GBUM8 C14900,2028-06-09,C,1.49,0.005700000,3,
2026-09-29,GBU,OPT,GBUM8 C15000,2028-06-09,C,1.5,0.005000000,3,
2026-09-29,GBU,OPT,GBUM8 C15100,2028-06-09,C,1.51,0.004500000,3,
2026-09-29,GBU,OPT,GBUM8 C15200,2028-06-09,C,1.52,0.004000000,3,
2026-09-29,GBU,OPT,GBUM8 C15300,2028-06-09,C,1.53,0.003500000,3,
2026-09-29,GBU,OPT,GBUM8 C15400,2028-06-09,C,1.54,0.003200000,3,
2026-09-29,GBU,OPT,GBUM8 C15500,2028-06-09,C,1.55,0.002800000,3,
2026-09-29,GBU,OPT,GBUM8 C15600,2028-06-09,C,1.56,0.002500000,3,
2026-09-29,GBU,OPT,GBUM8 P11200,2028-06-09,P,1.12,0.008100000,3,
2026-09-29,GBU,OPT,GBUM8 P11300,2028-06-09,P,1.13,0.008800000,3,
2026-09-29,GBU,OPT,GBUM8 P11400,2028-06-09,P,1.14,0.009600000,3,
2026-09-29,GBU,OPT,GBUM8 P11500,2028-06-09,P,1.15,0.010500000,3,
2026-09-29,GBU,OPT,GBUM8 P11600,2028-06-09,P,1.16,0.011400000,3,
2026-09-29,GBU,OPT,GBUM8 P11700,2028-06-09,P,1.17,0.012400000,3,
2026-09-29,GBU,OPT,GBUM8 P11800,2028-06-09,P,1.18,0.013500000,3,
2026-09-29,GBU,OPT,GBUM8 P11900,2028-06-09,P,1.19,0.014700000,3,
2026-09-29,GBU,OPT,GBUM8 P12000,2028-06-09,P,1.2,0.016000000,3,
2026-09-29,GBU,OPT,GBUM8 P12100,2028-06-09,P,1.21,0.017400000,3,
2026-09-29,GBU,OPT,GBUM8 P12200,2028-06-09,P,1.22,0.018900000,3,
2026-09-29,GBU,OPT,GBUM8 P12300,2028-06-09,P,1.23,0.020500000,3,
2026-09-29,GBU,OPT,GBUM8 P12400,2028-06-09,P,1.24,0.022300000,3,
2026-09-29,GBU,OPT,GBUM8 P12500,2028-06-09,P,1.25,0.024300000,3,
2026-09-29,GBU,OPT,GBUM8 P12600,2028-06-09,P,1.26,0.026500000,3,
2026-09-29,GBU,OPT,GBUM8 P12650,2028-06-09,P,1.265,0.027700000,3,
2026-09-29,GBU,OPT,GBUM8 P12700,2028-06-09,P,1.27,0.028900000,3,
2026-09-29,GBU,OPT,GBUM8 P12750,2028-06-09,P,1.275,0.030200000,3,
2026-09-29,GBU,OPT,GBUM8 P12800,2028-06-09,P,1.28,0.031600000,3,
2026-09-29,GBU,OPT,GBUM8 P12850,2028-06-09,P,1.285,0.033000000,3,
2026-09-29,GBU,OPT,GBUM8 P12900,2028-06-09,P,1.29,0.034400000,3,
2026-09-29,GBU,OPT,GBUM8 P12950,2028-06-09,P,1.295,0.035900000,3,
2026-09-29,GBU,OPT,GBUM8 P13000,2028-06-09,P,1.3,0.037500000,3,
2026-09-29,GBU,OPT,GBUM8 P13050,2028-06-09,P,1.305,0.039200000,3,
2026-09-29,GBU,OPT,GBUM8 P13100,2028-06-09,P,1.31,0.040900000,3,
2026-09-29,GBU,OPT,GBUM8 P13150,2028-06-09,P,1.315,0.042700000,3,
2026-09-29,GBU,OPT,GBUM8 P13200,2028-06-09,P,1.32,0.044600000,3,
2026-09-29,GBU,OPT,GBUM8 P13250,2028-06-09,P,1.325,0.046500000,3,
2026-09-29,GBU,OPT,GBUM8 P13300,2028-06-09,P,1.33,0.048600000,3,
2026-09-29,GBU,OPT,GBUM8 P13350,2028-06-09,P,1.335,0.050700000,3,
2026-09-29,GBU,OPT,GBUM8 P13400,2028-06-09,P,1.34,0.053000000,3,
2026-09-29,GBU,OPT,GBUM8 P13450,2028-06-09,P,1.345,0.055300000,3,
2026-09-29,GBU,OPT,GBUM8 P13500,2028-06-09,P,1.35,0.057800000,3,
2026-09-29,GBU,OPT,GBUM8 P13550,2028-06-09,P,1.355,0.060300000,3,
2026-09-29,GBU,OPT,GBUM8 P13600,2028-06-09,P,1.36,0.063000000,3,
2026-09-29,GBU,OPT,GBUM8 P13650,2028-06-09,P,1.365,0.065700000,3,
2026-09-29,GBU,OPT,GBUM8 P13700,2028-06-09,P,1.37,0.068500000,3,
2026-09-29,GBU,OPT,GBUM8 P13750,2028-06-09,P,1.375,0.071500000,3,
2026-09-29,GBU,OPT,GBUM8 P13800,2028-06-09,P,1.38,0.074500000,3,
2026-09-29,GBU,OPT,GBUM8 P13850,2028-06-09,P,1.385,0.077600000,3,
2026-09-29,GBU,OPT,GBUM8 P13900,2028-06-09,P,1.39,0.080800000,3,
2026-09-29,GBU,OPT,GBUM8 P13950,2028-06-09,P,1.395,0.084100000,3,
2026-09-29,GBU,OPT,GBUM8 P14000,2028-06-09,P,1.4,0.087500000,3,
2026-09-29,GBU,OPT,GBUM8 P14050,2028-06-09,P,1.405,0.090900000,3,
2026-09-29,GBU,OPT,GBUM8 P14100,2028-06-09,P,1.41,0.094400000,3,
2026-09-29,GBU,OPT,GBUM8 P14200,2028-06-09,P,1.42,0.101600000,3,
2026-09-29,GBU,OPT,GBUM8 P14300,2028-06-09,P,1.43,0.109100000,3,
2026-09-29,GBU,OPT,GBUM8 P14400,2028-06-09,P,1.44,0.116800000,3,
2026-09-29,GBU,OPT,GBUM8 P14500,2028-06-09,P,1.45,0.124700000,3,
2026-09-29,GBU,OPT,GBUM8 P14600,2028-06-09,P,1.46,0.132700000,3,
2026-09-29,GBU,OPT,GBUM8 P14700,2028-06-09,P,1.47,0.140900000,3,
2026-09-29,GBU,OPT,GBUM8 P14800,2028-06-09,P,1.48,0.149200000,3,
2026-09-29,GBU,OPT,GBUM8 P14900,2028-06-09,P,1.49,0.157700000,3,
2026-09-29,GBU,OPT,GBUM8 P15000,2028-06-09,P,1.5,0.166300000,3,
2026-09-29,GBU,OPT,GBUM8 P15100,2028-06-09,P,1.51,0.175000000,3,
2026-09-29,GBU,OPT,GBUM8 P15200,2028-06-09,P,1.52,0.183800000,3,
2026-09-29,GBU,OPT,GBUM8 P15300,2028-06-09,P,1.53,0.192600000,3,
2026-09-29,GBU,OPT,GBUM8 P15400,2028-06-09,P,1.54,0.201400000,3,
2026-09-29,GBU,OPT,GBUM8 P15500,2028-06-09,P,1.55,0.210300000,3,
2026-09-29,GBU,OPT,GBUM8 P15600,2028-06-09,P,1.56,0.219300000,3,
