session,root,type,symbol,expiry,right,strike,settle,settle_flag,oi
2026-09-01,CHU,OPT,CHUU6 C1070,2026-09-04,C,1.07,0.163500000,3,
2026-09-01,CHU,OPT,CHUU6 C1080,2026-09-04,C,1.08,0.153500000,3,
2026-09-01,CHU,OPT,CHUU6 C1090,2026-09-04,C,1.09,0.143500000,3,
2026-09-01,CHU,OPT,CHUU6 C1100,2026-09-04,C,1.1,0.133500000,3,
2026-09-01,CHU,OPT,CHUU6 C1110,2026-09-04,C,1.11,0.123500000,3,
2026-09-01,CHU,OPT,CHUU6 C1115,2026-09-04,C,1.115,0.118500000,3,
2026-09-01,CHU,OPT,CHUU6 C1120,2026-09-04,C,1.12,0.113500000,3,
2026-09-01,CHU,OPT,CHUU6 C1125,2026-09-04,C,1.125,0.108500000,3,
2026-09-01,CHU,OPT,CHUU6 C1130,2026-09-04,C,1.13,0.103500000,3,
2026-09-01,CHU,OPT,CHUU6 C1135,2026-09-04,C,1.135,0.098500000,3,
2026-09-01,CHU,OPT,CHUU6 C1140,2026-09-04,C,1.14,0.093500000,3,
2026-09-01,CHU,OPT,CHUU6 C1145,2026-09-04,C,1.145,0.088500000,3,
2026-09-01,CHU,OPT,CHUU6 C1150,2026-09-04,C,1.15,0.083500000,3,
2026-09-01,CHU,OPT,CHUU6 C1155,2026-09-04,C,1.155,0.078500000,3,
2026-09-01,CHU,OPT,CHUU6 C1160,2026-09-04,C,1.16,0.073500000,3,
2026-09-01,CHU,OPT,CHUU6 C1165,2026-09-04,C,1.165,0.068500000,3,
2026-09-01,CHU,OPT,CHUU6 C1170,2026-09-04,C,1.17,0.063500000,3,
2026-09-01,CHU,OPT,CHUU6 C1175,2026-09-04,C,1.175,0.058500000,3,
2026-09-01,CHU,OPT,CHUU6 C1180,2026-09-04,C,1.18,0.053500000,3,
2026-09-01,CHU,OPT,CHUU6 C1185,2026-09-04,C,1.185,0.048500000,3,
2026-09-01,CHU,OPT,CHUU6 C1190,2026-09-04,C,1.19,0.043500000,3,
2026-09-01,CHU,OPT,CHUU6 C1195,2026-09-04,C,1.195,0.038500000,3,
2026-09-01,CHU,OPT,CHUU6 C1200,2026-09-04,C,1.2,0.033500000,3,
2026-09-01,CHU,OPT,CHUU6 C1205,2026-09-04,C,1.205,0.028500000,3,
2026-09-01,CHU,OPT,CHUU6 C1210,2026-09-04,C,1.21,0.023500000,3,
2026-09-01,CHU,OPT,CHUU6 C1215,2026-09-04,C,1.215,0.018600000,3,
2026-09-01,CHU,OPT,CHUU6 C1220,2026-09-04,C,1.22,0.013700000,3,
2026-09-01,CHU,OPT,CHUU6 C1225,2026-09-04,C,1.225,0.009100000,3,
2026-09-01,CHU,OPT,CHUU6 C1230,2026-09-04,C,1.23,0.005200000,3,81
2026-09-01,CHU,OPT,CHUU6 C1235,2026-09-04,C,1.235,0.002500000,3,94
2026-09-01,CHU,OPT,CHUU6 C1240,2026-09-04,C,1.24,0.001100000,3,1569
2026-09-01,CHU,OPT,CHUU6 C1245,2026-09-04,C,1.245,0.000500000,3,667
2026-09-01,CHU,OPT,CHUU6 C1250,2026-09-04,C,1.25,0.000250000,3,2444
2026-09-01,CHU,OPT,CHUU6 C1255,2026-09-04,C,1.255,0.000100000,3,3869
2026-09-01,CHU,OPT,CHUU6 C1260,2026-09-04,C,1.26,0.000050000,3,88
2026-09-01,CHU,OPT,CHUU6 C1265,2026-09-04,C,1.265,0.000050000,3,12
2026-09-01,CHU,OPT,CHUU6 C1270,2026-09-04,C,1.27,0.000050000,3,456
2026-09-01,CHU,OPT,CHUU6 C1275,2026-09-04,C,1.275,0.000050000,3,1021
2026-09-01,CHU,OPT,CHUU6 C1280,2026-09-04,C,1.28,0.000050000,3,80
2026-09-01,CHU,OPT,CHUU6 C1285,2026-09-04,C,1.285,0.000050000,3,511
2026-09-01,CHU,OPT,CHUU6 C1290,2026-09-04,C,1.29,0.000050000,3,78
2026-09-01,CHU,OPT,CHUU6 C1295,2026-09-04,C,1.295,0.000050000,3,70
2026-09-01,CHU,OPT,CHUU6 C1300,2026-09-04,C,1.3,0.000050000,3,28
2026-09-01,CHU,OPT,CHUU6 C1305,2026-09-04,C,1.305,0.000050000,3,29
2026-09-01,CHU,OPT,CHUU6 C1310,2026-09-04,C,1.31,0.000050000,3,45
2026-09-01,CHU,OPT,CHUU6 C1315,2026-09-04,C,1.315,0.000050000,3,33
2026-09-01,CHU,OPT,CHUU6 C1320,2026-09-04,C,1.32,0.000050000,3,45
2026-09-01,CHU,OPT,CHUU6 C1325,2026-09-04,C,1.325,0.000050000,3,48
2026-09-01,CHU,OPT,CHUU6 C1330,2026-09-04,C,1.33,0.000050000,3,2
2026-09-01,CHU,OPT,CHUU6 C1335,2026-09-04,C,1.335,0.000050000,3,
2026-09-01,CHU,OPT,CHUU6 C1340,2026-09-04,C,1.34,0.000050000,3,
2026-09-01,CHU,OPT,CHUU6 C1345,2026-09-04,C,1.345,0.000050000,3,4
2026-09-01,CHU,OPT,CHUU6 C1350,2026-09-04,C,1.35,0.000050000,3,3
2026-09-01,CHU,OPT,CHUU6 C1355,2026-09-04,C,1.355,0.000050000,3,5
2026-09-01,CHU,OPT,CHUU6 C1360,2026-09-04,C,1.36,0.000050000,3,1
2026-09-01,CHU,OPT,CHUU6 C1365,2026-09-04,C,1.365,0.000050000,3,
2026-09-01,CHU,OPT,CHUU6 C1370,2026-09-04,C,1.37,0.000050000,3,1
2026-09-01,CHU,OPT,CHUU6 C1375,2026-09-04,C,1.375,0.000050000,3,1
2026-09-01,CHU,OPT,CHUU6 C1380,2026-09-04,C,1.38,0.000050000,3,1
2026-09-01,CHU,OPT,CHUU6 C1385,2026-09-04,C,1.385,0.000050000,3,
2026-09-01,CHU,OPT,CHUU6 C1390,2026-09-04,C,1.39,0.000050000,3,1
2026-09-01,CHU,OPT,CHUU6 C1400,2026-09-04,C,1.4,0.000050000,3,2
2026-09-01,CHU,OPT,CHUU6 C1410,2026-09-04,C,1.41,0.000050000,3,1
2026-09-01,CHU,OPT,CHUU6 C1420,2026-09-04,C,1.42,0.000050000,3,2
2026-09-01,CHU,OPT,CHUU6 C1430,2026-09-04,C,1.43,0.000050000,3,6
2026-09-01,CHU,OPT,CHUU6 P1070,2026-09-04,P,1.07,0.000050000,3,
2026-09-01,CHU,OPT,CHUU6 P1080,2026-09-04,P,1.08,0.000050000,3,
2026-09-01,CHU,OPT,CHUU6 P1090,2026-09-04,P,1.09,0.000050000,3,
2026-09-01,CHU,OPT,CHUU6 P1100,2026-09-04,P,1.1,0.000050000,3,
2026-09-01,CHU,OPT,CHUU6 P1110,2026-09-04,P,1.11,0.000050000,3,
2026-09-01,CHU,OPT,CHUU6 P1115,2026-09-04,P,1.115,0.000050000,3,
2026-09-01,CHU,OPT,CHUU6 P1120,2026-09-04,P,1.12,0.000050000,3,
2026-09-01,CHU,OPT,CHUU6 P1125,2026-09-04,P,1.125,0.000050000,3,
2026-09-01,CHU,OPT,CHUU6 P1130,2026-09-04,P,1.13,0.000050000,3,
2026-09-01,CHU,OPT,CHUU6 P1135,2026-09-04,P,1.135,0.000050000,3,5
2026-09-01,CHU,OPT,CHUU6 P1140,2026-09-04,P,1.14,0.000050000,3,1
2026-09-01,CHU,OPT,CHUU6 P1145,2026-09-04,P,1.145,0.000050000,3,
2026-09-01,CHU,OPT,CHUU6 P1150,2026-09-04,P,1.15,0.000050000,3,2
2026-09-01,CHU,OPT,CHUU6 P1155,2026-09-04,P,1.155,0.000050000,3,1
2026-09-01,CHU,OPT,CHUU6 P1160,2026-09-04,P,1.16,0.000050000,3,
2026-09-01,CHU,OPT,CHUU6 P1165,2026-09-04,P,1.165,0.000050000,3,
2026-09-01,CHU,OPT,CHUU6 P1170,2026-09-04,P,1.17,0.000050000,3,5
2026-09-01,CHU,OPT,CHUU6 P1175,2026-09-04,P,1.175,0.000050000,3,
2026-09-01,CHU,OPT,CHUU6 P1180,2026-09-04,P,1.18,0.000050000,3,9
2026-09-01,CHU,OPT,CHUU6 P1185,2026-09-04,P,1.185,0.000050000,3,
2026-09-01,CHU,OPT,CHUU6 P1190,2026-09-04,P,1.19,0.000050000,3,
2026-09-01,CHU,OPT,CHUU6 P1195,2026-09-04,P,1.195,0.000050000,3,2
2026-09-01,CHU,OPT,CHUU6 P1200,2026-09-04,P,1.2,0.000050000,3,20
2026-09-01,CHU,OPT,CHUU6 P1205,2026-09-04,P,1.205,0.000050000,3,1
2026-09-01,CHU,OPT,CHUU6 P1210,2026-09-04,P,1.21,0.000050000,3,5
2026-09-01,CHU,OPT,CHUU6 P1215,2026-09-04,P,1.215,0.000050000,3,22
2026-09-01,CHU,OPT,CHUU6 P1220,2026-09-04,P,1.22,0.000150000,3,24
2026-09-01,CHU,OPT,CHUU6 P1225,2026-09-04,P,1.225,0.000600000,3,107
2026-09-01,CHU,OPT,CHUU6 P1230,2026-09-04,P,1.23,0.001600000,3,220
2026-09-01,CHU,OPT,CHUU6 P1235,2026-09-04,P,1.235,0.003900000,3,355
2026-09-01,CHU,OPT,CHUU6 P1240,2026-09-04,P,1.24,0.007500000,3,666
2026-09-01,CHU,OPT,CHUU6 P1245,2026-09-04,P,1.245,0.011900000,3,173
2026-09-01,CHU,OPT,CHUU6 P1250,2026-09-04,P,1.25,0.016700000,3,202
2026-09-01,CHU,OPT,CHUU6 P1255,2026-09-04,P,1.255,0.021500000,3,192
2026-09-01,CHU,OPT,CHUU6 P1260,2026-09-04,P,1.26,0.026500000,3,156
2026-09-01,CHU,OPT,CHUU6 P1265,2026-09-04,P,1.265,0.031400000,3,37
2026-09-01,CHU,OPT,CHUU6 P1270,2026-09-04,P,1.27,0.036400000,3,12
2026-09-01,CHU,OPT,CHUU6 P1275,2026-09-04,P,1.275,0.041400000,3,5
2026-09-01,CHU,OPT,CHUU6 P1280,2026-09-04,P,1.28,0.046400000,3,673
2026-09-01,CHU,OPT,CHUU6 P1285,2026-09-04,P,1.285,0.051400000,3,39
2026-09-01,CHU,OPT,CHUU6 P1290,2026-09-04,P,1.29,0.056400000,3,35
2026-09-01,CHU,OPT,CHUU6 P1295,2026-09-04,P,1.295,0.061400000,3,22
2026-09-01,CHU,OPT,CHUU6 P1300,2026-09-04,P,1.3,0.066400000,3,55
2026-09-01,CHU,OPT,CHUU6 P1305,2026-09-04,P,1.305,0.071400000,3,
2026-09-01,CHU,OPT,CHUU6 P1310,2026-09-04,P,1.31,0.076400000,3,
2026-09-01,CHU,OPT,CHUU6 P1315,2026-09-04,P,1.315,0.081400000,3,
2026-09-01,CHU,OPT,CHUU6 P1320,2026-09-04,P,1.32,0.086400000,3,
2026-09-01,CHU,OPT,CHUU6 P1325,2026-09-04,P,1.325,0.091400000,3,
2026-09-01,CHU,OPT,CHUU6 P1330,2026-09-04,P,1.33,0.096400000,3,
2026-09-01,CHU,OPT,CHUU6 P1335,2026-09-04,P,1.335,0.101400000,3,
2026-09-01,CHU,OPT,CHUU6 P1340,2026-09-04,P,1.34,0.106400000,3,
2026-09-01,CHU,OPT,CHUU6 P1345,2026-09-04,P,1.345,0.111400000,3,
2026-09-01,CHU,OPT,CHUU6 P1350,2026-09-04,P,1.35,0.116400000,3,
2026-09-01,CHU,OPT,CHUU6 P1355,2026-09-04,P,1.355,0.121400000,3,
2026-09-01,CHU,OPT,CHUU6 P1360,2026-09-04,P,1.36,0.126400000,3,
2026-09-01,CHU,OPT,CHUU6 P1365,2026-09-04,P,1.365,0.131400000,3,
2026-09-01,CHU,OPT,CHUU6 P1370,2026-09-04,P,1.37,0.136400000,3,
2026-09-01,CHU,OPT,CHUU6 P1375,2026-09-04,P,1.375,0.141400000,3,
2026-09-01,CHU,OPT,CHUU6 P1380,2026-09-04,P,1.38,0.146400000,3,
2026-09-01,CHU,OPT,CHUU6 P1385,2026-09-04,P,1.385,0.151400000,3,
2026-09-01,CHU,OPT,CHUU6 P1390,2026-09-04,P,1.39,0.156400000,3,
2026-09-01,CHU,OPT,CHUU6 P1400,2026-09-04,P,1.4,0.166400000,3,
2026-09-01,CHU,OPT,CHUU6 P1410,2026-09-04,P,1.41,0.176400000,3,1
2026-09-01,CHU,OPT,CHUU6 P1420,2026-09-04,P,1.42,0.186400000,3,
2026-09-01,CHU,OPT,CHUU6 P1430,2026-09-04,P,1.43,0.196400000,3,
2026-09-01,CHU,OPT,CHUV6 C1140,2026-10-09,C,1.14,0.106000000,3,
2026-09-01,CHU,OPT,CHUV6 C1150,2026-10-09,C,1.15,0.096100000,3,
2026-09-01,CHU,OPT,CHUV6 C1160,2026-10-09,C,1.16,0.086200000,3,
2026-09-01,CHU,OPT,CHUV6 C1170,2026-10-09,C,1.17,0.076200000,3,
2026-09-01,CHU,OPT,CHUV6 C1180,2026-10-09,C,1.18,0.066300000,3,
2026-09-01,CHU,OPT,CHUV6 C1190,2026-10-09,C,1.19,0.056500000,3,
2026-09-01,CHU,OPT,CHUV6 C1195,2026-10-09,C,1.195,0.051700000,3,
2026-09-01,CHU,OPT,CHUV6 C1200,2026-10-09,C,1.2,0.046900000,3,
2026-09-01,CHU,OPT,CHUV6 C1205,2026-10-09,C,1.205,0.042100000,3,
2026-09-01,CHU,OPT,CHUV6 C1210,2026-10-09,C,1.21,0.037500000,3,
2026-09-01,CHU,OPT,CHUV6 C1215,2026-10-09,C,1.215,0.033000000,3,
2026-09-01,CHU,OPT,CHUV6 C1220,2026-10-09,C,1.22,0.028700000,3,
2026-09-01,CHU,OPT,CHUV6 C1225,2026-10-09,C,1.225,0.024700000,3,1
2026-09-01,CHU,OPT,CHUV6 C1230,2026-10-09,C,1.23,0.020900000,3,
2026-09-01,CHU,OPT,CHUV6 C1235,2026-10-09,C,1.235,0.017400000,3,
2026-09-01,CHU,OPT,CHUV6 C1240,2026-10-09,C,1.24,0.014300000,3,
2026-09-01,CHU,OPT,CHUV6 C1245,2026-10-09,C,1.245,0.011500000,3,47
2026-09-01,CHU,OPT,CHUV6 C1250,2026-10-09,C,1.25,0.009100000,3,183
2026-09-01,CHU,OPT,CHUV6 C1255,2026-10-09,C,1.255,0.007100000,3,1102
2026-09-01,CHU,OPT,CHUV6 C1260,2026-10-09,C,1.26,0.005500000,3,35
2026-09-01,CHU,OPT,CHUV6 C1265,2026-10-09,C,1.265,0.004300000,3,45
2026-09-01,CHU,OPT,CHUV6 C1270,2026-10-09,C,1.27,0.003400000,3,2
2026-09-01,CHU,OPT,CHUV6 C1275,2026-10-09,C,1.275,0.002600000,3,42
2026-09-01,CHU,OPT,CHUV6 C1280,2026-10-09,C,1.28,0.002000000,3,2
2026-09-01,CHU,OPT,CHUV6 C1285,2026-10-09,C,1.285,0.001500000,3,3
2026-09-01,CHU,OPT,CHUV6 C1290,2026-10-09,C,1.29,0.001200000,3,211
2026-09-01,CHU,OPT,CHUV6 C1295,2026-10-09,C,1.295,0.000900000,3,18
2026-09-01,CHU,OPT,CHUV6 C1300,2026-10-09,C,1.3,0.000700000,3,11
2026-09-01,CHU,OPT,CHUV6 C1305,2026-10-09,C,1.305,0.000500000,3,16
2026-09-01,CHU,OPT,CHUV6 C1310,2026-10-09,C,1.31,0.000400000,3,2
2026-09-01,CHU,OPT,CHUV6 C1315,2026-10-09,C,1.315,0.000300000,3,11
2026-09-01,CHU,OPT,CHUV6 C1320,2026-10-09,C,1.32,0.000250000,3,13
2026-09-01,CHU,OPT,CHUV6 C1325,2026-10-09,C,1.325,0.000200000,3,11
2026-09-01,CHU,OPT,CHUV6 C1330,2026-10-09,C,1.33,0.000150000,3,1
2026-09-01,CHU,OPT,CHUV6 C1335,2026-10-09,C,1.335,0.000150000,3,
2026-09-01,CHU,OPT,CHUV6 C1340,2026-10-09,C,1.34,0.000100000,3,
2026-09-01,CHU,OPT,CHUV6 C1345,2026-10-09,C,1.345,0.000100000,3,
2026-09-01,CHU,OPT,CHUV6 C1350,2026-10-09,C,1.35,0.000100000,3,
2026-09-01,CHU,OPT,CHUV6 C1355,2026-10-09,C,1.355,0.000100000,3,
2026-09-01,CHU,OPT,CHUV6 C1360,2026-10-09,C,1.36,0.000050000,3,2
2026-09-01,CHU,OPT,CHUV6 C1365,2026-10-09,C,1.365,0.000050000,3,
2026-09-01,CHU,OPT,CHUV6 C1370,2026-10-09,C,1.37,0.000050000,3,
2026-09-01,CHU,OPT,CHUV6 C1375,2026-10-09,C,1.375,0.000050000,3,
2026-09-01,CHU,OPT,CHUV6 C1380,2026-10-09,C,1.38,0.000050000,3,245
2026-09-01,CHU,OPT,CHUV6 C1385,2026-10-09,C,1.385,0.000050000,3,
2026-09-01,CHU,OPT,CHUV6 C1390,2026-10-09,C,1.39,0.000050000,3,
2026-09-01,CHU,OPT,CHUV6 C1395,2026-10-09,C,1.395,0.000050000,3,
2026-09-01,CHU,OPT,CHUV6 C1400,2026-10-09,C,1.4,0.000050000,3,1
2026-09-01,CHU,OPT,CHUV6 C1410,2026-10-09,C,1.41,0.000050000,3,
2026-09-01,CHU,OPT,CHUV6 C1420,2026-10-09,C,1.42,0.000050000,3,
2026-09-01,CHU,OPT,CHUV6 C1430,2026-10-09,C,1.43,0.000050000,3,
2026-09-01,CHU,OPT,CHUV6 C1440,2026-10-09,C,1.44,0.000050000,3,
2026-09-01,CHU,OPT,CHUV6 C1450,2026-10-09,C,1.45,0.000050000,3,1
2026-09-01,CHU,OPT,CHUV6 P1140,2026-10-09,P,1.14,0.000050000,3,
2026-09-01,CHU,OPT,CHUV6 P1150,2026-10-09,P,1.15,0.000050000,3,
2026-09-01,CHU,OPT,CHUV6 P1160,2026-10-09,P,1.16,0.000100000,3,1
2026-09-01,CHU,OPT,CHUV6 P1170,2026-10-09,P,1.17,0.000100000,3,1
2026-09-01,CHU,OPT,CHUV6 P1180,2026-10-09,P,1.18,0.000200000,3,17
2026-09-01,CHU,OPT,CHUV6 P1190,2026-10-09,P,1.19,0.000350000,3,2
2026-09-01,CHU,OPT,CHUV6 P1195,2026-10-09,P,1.195,0.000500000,3,1
2026-09-01,CHU,OPT,CHUV6 P1200,2026-10-09,P,1.2,0.000700000,3,255
2026-09-01,CHU,OPT,CHUV6 P1205,2026-10-09,P,1.205,0.000900000,3,2
2026-09-01,CHU,OPT,CHUV6 P1210,2026-10-09,P,1.21,0.001200000,3,1
2026-09-01,CHU,OPT,CHUV6 P1215,2026-10-09,P,1.215,0.001700000,3,3
2026-09-01,CHU,OPT,CHUV6 P1220,2026-10-09,P,1.22,0.002400000,3,251
2026-09-01,CHU,OPT,CHUV6 P1225,2026-10-09,P,1.225,0.003400000,3,10
2026-09-01,CHU,OPT,CHUV6 P1230,2026-10-09,P,1.23,0.004600000,3,206
2026-09-01,CHU,OPT,CHUV6 P1235,2026-10-09,P,1.235,0.006100000,3,3
2026-09-01,CHU,OPT,CHUV6 P1240,2026-10-09,P,1.24,0.007900000,3,15
2026-09-01,CHU,OPT,CHUV6 P1245,2026-10-09,P,1.245,0.010100000,3,201
2026-09-01,CHU,OPT,CHUV6 P1250,2026-10-09,P,1.25,0.012700000,3,89
2026-09-01,CHU,OPT,CHUV6 P1255,2026-10-09,P,1.255,0.015700000,3,1141
2026-09-01,CHU,OPT,CHUV6 P1260,2026-10-09,P,1.26,0.019100000,3,91
2026-09-01,CHU,OPT,CHUV6 P1265,2026-10-09,P,1.265,0.022800000,3,119
2026-09-01,CHU,OPT,CHUV6 P1270,2026-10-09,P,1.27,0.026900000,3,190
2026-09-01,CHU,OPT,CHUV6 P1275,2026-10-09,P,1.275,0.031100000,3,67
2026-09-01,CHU,OPT,CHUV6 P1280,2026-10-09,P,1.28,0.035500000,3,190
2026-09-01,CHU,OPT,CHUV6 P1285,2026-10-09,P,1.285,0.040000000,3,50
2026-09-01,CHU,OPT,CHUV6 P1290,2026-10-09,P,1.29,0.044600000,3,22
2026-09-01,CHU,OPT,CHUV6 P1295,2026-10-09,P,1.295,0.049300000,3,152
2026-09-01,CHU,OPT,CHUV6 P1300,2026-10-09,P,1.3,0.054100000,3,
2026-09-01,CHU,OPT,CHUV6 P1305,2026-10-09,P,1.305,0.058900000,3,1
2026-09-01,CHU,OPT,CHUV6 P1310,2026-10-09,P,1.31,0.063800000,3,
2026-09-01,CHU,OPT,CHUV6 P1315,2026-10-09,P,1.315,0.068600000,3,
2026-09-01,CHU,OPT,CHUV6 P1320,2026-10-09,P,1.32,0.073600000,3,
2026-09-01,CHU,OPT,CHUV6 P1325,2026-10-09,P,1.325,0.078500000,3,
2026-09-01,CHU,OPT,CHUV6 P1330,2026-10-09,P,1.33,0.083400000,3,
2026-09-01,CHU,OPT,CHUV6 P1335,2026-10-09,P,1.335,0.088400000,3,
2026-09-01,CHU,OPT,CHUV6 P1340,2026-10-09,P,1.34,0.093400000,3,10
2026-09-01,CHU,OPT,CHUV6 P1345,2026-10-09,P,1.345,0.098300000,3,
2026-09-01,CHU,OPT,CHUV6 P1350,2026-10-09,P,1.35,0.103300000,3,
2026-09-01,CHU,OPT,CHUV6 P1355,2026-10-09,P,1.355,0.108300000,3,
2026-09-01,CHU,OPT,CHUV6 P1360,2026-10-09,P,1.36,0.113200000,3,
2026-09-01,CHU,OPT,CHUV6 P1365,2026-10-09,P,1.365,0.118200000,3,
2026-09-01,CHU,OPT,CHUV6 P1370,2026-10-09,P,1.37,0.123200000,3,
2026-09-01,CHU,OPT,CHUV6 P1375,2026-10-09,P,1.375,0.128100000,3,
2026-09-01,CHU,OPT,CHUV6 P1380,2026-10-09,P,1.38,0.133100000,3,
2026-09-01,CHU,OPT,CHUV6 P1385,2026-10-09,P,1.385,0.138100000,3,1
2026-09-01,CHU,OPT,CHUV6 P1390,2026-10-09,P,1.39,0.143100000,3,
2026-09-01,CHU,OPT,CHUV6 P1395,2026-10-09,P,1.395,0.148000000,3,
2026-09-01,CHU,OPT,CHUV6 P1400,2026-10-09,P,1.4,0.153000000,3,
2026-09-01,CHU,OPT,CHUV6 P1410,2026-10-09,P,1.41,0.163000000,3,
2026-09-01,CHU,OPT,CHUV6 P1420,2026-10-09,P,1.42,0.172900000,3,
2026-09-01,CHU,OPT,CHUV6 P1430,2026-10-09,P,1.43,0.182900000,3,
2026-09-01,CHU,OPT,CHUV6 P1440,2026-10-09,P,1.44,0.192800000,3,
2026-09-01,CHU,OPT,CHUV6 P1450,2026-10-09,P,1.45,0.202800000,3,
2026-09-01,CHU,OPT,CHUX6 C1140,2026-11-06,C,1.14,0.105700000,3,
2026-09-01,CHU,OPT,CHUX6 C1150,2026-11-06,C,1.15,0.095900000,3,
2026-09-01,CHU,OPT,CHUX6 C1160,2026-11-06,C,1.16,0.086000000,3,
2026-09-01,CHU,OPT,CHUX6 C1170,2026-11-06,C,1.17,0.076300000,3,
2026-09-01,CHU,OPT,CHUX6 C1180,2026-11-06,C,1.18,0.066600000,3,
2026-09-01,CHU,OPT,CHUX6 C1190,2026-11-06,C,1.19,0.057200000,3,
2026-09-01,CHU,OPT,CHUX6 C1195,2026-11-06,C,1.195,0.052600000,3,
2026-09-01,CHU,OPT,CHUX6 C1200,2026-11-06,C,1.2,0.048100000,3,
2026-09-01,CHU,OPT,CHUX6 C1205,2026-11-06,C,1.205,0.043700000,3,
2026-09-01,CHU,OPT,CHUX6 C1210,2026-11-06,C,1.21,0.039400000,3,
2026-09-01,CHU,OPT,CHUX6 C1215,2026-11-06,C,1.215,0.035300000,3,
2026-09-01,CHU,OPT,CHUX6 C1220,2026-11-06,C,1.22,0.031400000,3,1
2026-09-01,CHU,OPT,CHUX6 C1225,2026-11-06,C,1.225,0.027700000,3,
2026-09-01,CHU,OPT,CHUX6 C1230,2026-11-06,C,1.23,0.024200000,3,
2026-09-01,CHU,OPT,CHUX6 C1235,2026-11-06,C,1.235,0.021000000,3,
2026-09-01,CHU,OPT,CHUX6 C1240,2026-11-06,C,1.24,0.018000000,3,
2026-09-01,CHU,OPT,CHUX6 C1245,2026-11-06,C,1.245,0.015300000,3,
2026-09-01,CHU,OPT,CHUX6 C1250,2026-11-06,C,1.25,0.013000000,3,1
2026-09-01,CHU,OPT,CHUX6 C1255,2026-11-06,C,1.255,0.010900000,3,
2026-09-01,CHU,OPT,CHUX6 C1260,2026-11-06,C,1.26,0.009200000,3,
2026-09-01,CHU,OPT,CHUX6 C1265,2026-11-06,C,1.265,0.007700000,3,2
2026-09-01,CHU,OPT,CHUX6 C1270,2026-11-06,C,1.27,0.006400000,3,2
2026-09-01,CHU,OPT,CHUX6 C1275,2026-11-06,C,1.275,0.005400000,3,
2026-09-01,CHU,OPT,CHUX6 C1280,2026-11-06,C,1.28,0.004500000,3,1
2026-09-01,CHU,OPT,CHUX6 C1285,2026-11-06,C,1.285,0.003700000,3,4
2026-09-01,CHU,OPT,CHUX6 C1290,2026-11-06,C,1.29,0.003100000,3,500
2026-09-01,CHU,OPT,CHUX6 C1295,2026-11-06,C,1.295,0.002600000,3,1
2026-09-01,CHU,OPT,CHUX6 C1300,2026-11-06,C,1.3,0.002200000,3,
2026-09-01,CHU,OPT,CHUX6 C1305,2026-11-06,C,1.305,0.001800000,3,
2026-09-01,CHU,OPT,CHUX6 C1310,2026-11-06,C,1.31,0.001500000,3,11
2026-09-01,CHU,OPT,CHUX6 C1315,2026-11-06,C,1.315,0.001200000,3,
2026-09-01,CHU,OPT,CHUX6 C1320,2026-11-06,C,1.32,0.001000000,3,10
2026-09-01,CHU,OPT,CHUX6 C1325,2026-11-06,C,1.325,0.000800000,3,1
2026-09-01,CHU,OPT,CHUX6 C1330,2026-11-06,C,1.33,0.000700000,3,
2026-09-01,CHU,OPT,CHUX6 C1335,2026-11-06,C,1.335,0.000600000,3,
2026-09-01,CHU,OPT,CHUX6 C1340,2026-11-06,C,1.34,0.000500000,3,
2026-09-01,CHU,OPT,CHUX6 C1345,2026-11-06,C,1.345,0.000450000,3,
2026-09-01,CHU,OPT,CHUX6 C1350,2026-11-06,C,1.35,0.000400000,3,4
2026-09-01,CHU,OPT,CHUX6 C1355,2026-11-06,C,1.355,0.000400000,3,
2026-09-01,CHU,OPT,CHUX6 C1360,2026-11-06,C,1.36,0.000350000,3,
2026-09-01,CHU,OPT,CHUX6 C1365,2026-11-06,C,1.365,0.000300000,3,
2026-09-01,CHU,OPT,CHUX6 C1370,2026-11-06,C,1.37,0.000300000,3,4
2026-09-01,CHU,OPT,CHUX6 C1375,2026-11-06,C,1.375,0.000250000,3,12
2026-09-01,CHU,OPT,CHUX6 C1380,2026-11-06,C,1.38,0.000250000,3,
2026-09-01,CHU,OPT,CHUX6 C1385,2026-11-06,C,1.385,0.000200000,3,
2026-09-01,CHU,OPT,CHUX6 C1390,2026-11-06,C,1.39,0.000200000,3,1
2026-09-01,CHU,OPT,CHUX6 C1395,2026-11-06,C,1.395,0.000150000,3,
2026-09-01,CHU,OPT,CHUX6 C1400,2026-11-06,C,1.4,0.000150000,3,1
2026-09-01,CHU,OPT,CHUX6 C1410,2026-11-06,C,1.41,0.000100000,3,
2026-09-01,CHU,OPT,CHUX6 C1420,2026-11-06,C,1.42,0.000100000,3,
2026-09-01,CHU,OPT,CHUX6 C1430,2026-11-06,C,1.43,0.000050000,3,
2026-09-01,CHU,OPT,CHUX6 C1440,2026-11-06,C,1.44,0.000050000,3,
2026-09-01,CHU,OPT,CHUX6 C1450,2026-11-06,C,1.45,0.000050000,3,2
2026-09-01,CHU,OPT,CHUX6 P1140,2026-11-06,P,1.14,0.000050000,3,2
2026-09-01,CHU,OPT,CHUX6 P1150,2026-11-06,P,1.15,0.000100000,3,
2026-09-01,CHU,OPT,CHUX6 P1160,2026-11-06,P,1.16,0.000200000,3,
2026-09-01,CHU,OPT,CHUX6 P1170,2026-11-06,P,1.17,0.000400000,3,
2026-09-01,CHU,OPT,CHUX6 P1180,2026-11-06,P,1.18,0.000700000,3,3
2026-09-01,CHU,OPT,CHUX6 P1190,2026-11-06,P,1.19,0.001200000,3,
2026-09-01,CHU,OPT,CHUX6 P1195,2026-11-06,P,1.195,0.001500000,3,1
2026-09-01,CHU,OPT,CHUX6 P1200,2026-11-06,P,1.2,0.002000000,3,4
2026-09-01,CHU,OPT,CHUX6 P1205,2026-11-06,P,1.205,0.002600000,3,
2026-09-01,CHU,OPT,CHUX6 P1210,2026-11-06,P,1.21,0.003300000,3,100
2026-09-01,CHU,OPT,CHUX6 P1215,2026-11-06,P,1.215,0.004200000,3,
2026-09-01,CHU,OPT,CHUX6 P1220,2026-11-06,P,1.22,0.005200000,3,
2026-09-01,CHU,OPT,CHUX6 P1225,2026-11-06,P,1.225,0.006400000,3,2
2026-09-01,CHU,OPT,CHUX6 P1230,2026-11-06,P,1.23,0.007900000,3,30
2026-09-01,CHU,OPT,CHUX6 P1235,2026-11-06,P,1.235,0.009600000,3,
2026-09-01,CHU,OPT,CHUX6 P1240,2026-11-06,P,1.24,0.011600000,3,
2026-09-01,CHU,OPT,CHUX6 P1245,2026-11-06,P,1.245,0.014000000,3,1
2026-09-01,CHU,OPT,CHUX6 P1250,2026-11-06,P,1.25,0.016600000,3,4
2026-09-01,CHU,OPT,CHUX6 P1255,2026-11-06,P,1.255,0.019500000,3,
2026-09-01,CHU,OPT,CHUX6 P1260,2026-11-06,P,1.26,0.022700000,3,
2026-09-01,CHU,OPT,CHUX6 P1265,2026-11-06,P,1.265,0.026100000,3,8
2026-09-01,CHU,OPT,CHUX6 P1270,2026-11-06,P,1.27,0.029800000,3,2
2026-09-01,CHU,OPT,CHUX6 P1275,2026-11-06,P,1.275,0.033800000,3,
2026-09-01,CHU,OPT,CHUX6 P1280,2026-11-06,P,1.28,0.037800000,3,
2026-09-01,CHU,OPT,CHUX6 P1285,2026-11-06,P,1.285,0.042100000,3,
2026-09-01,CHU,OPT,CHUX6 P1290,2026-11-06,P,1.29,0.046400000,3,
2026-09-01,CHU,OPT,CHUX6 P1295,2026-11-06,P,1.295,0.050900000,3,
2026-09-01,CHU,OPT,CHUX6 P1300,2026-11-06,P,1.3,0.055400000,3,122
2026-09-01,CHU,OPT,CHUX6 P1305,2026-11-06,P,1.305,0.060000000,3,
2026-09-01,CHU,OPT,CHUX6 P1310,2026-11-06,P,1.31,0.064700000,3,
2026-09-01,CHU,OPT,CHUX6 P1315,2026-11-06,P,1.315,0.069400000,3,
2026-09-01,CHU,OPT,CHUX6 P1320,2026-11-06,P,1.32,0.074100000,3,
2026-09-01,CHU,OPT,CHUX6 P1325,2026-11-06,P,1.325,0.078900000,3,
2026-09-01,CHU,OPT,CHUX6 P1330,2026-11-06,P,1.33,0.083700000,3,
2026-09-01,CHU,OPT,CHUX6 P1335,2026-11-06,P,1.335,0.088600000,3,
2026-09-01,CHU,OPT,CHUX6 P1340,2026-11-06,P,1.34,0.093500000,3,
2026-09-01,CHU,OPT,CHUX6 P1345,2026-11-06,P,1.345,0.098400000,3,
2026-09-01,CHU,OPT,CHUX6 P1350,2026-11-06,P,1.35,0.103300000,3,
2026-09-01,CHU,OPT,CHUX6 P1355,2026-11-06,P,1.355,0.108200000,3,
2026-09-01,CHU,OPT,CHUX6 P1360,2026-11-06,P,1.36,0.113200000,3,
2026-09-01,CHU,OPT,CHUX6 P1365,2026-11-06,P,1.365,0.118100000,3,
2026-09-01,CHU,OPT,CHUX6 P1370,2026-11-06,P,1.37,0.123000000,3,
2026-09-01,CHU,OPT,CHUX6 P1375,2026-11-06,P,1.375,0.128000000,3,
2026-09-01,CHU,OPT,CHUX6 P1380,2026-11-06,P,1.38,0.132900000,3,
2026-09-01,CHU,OPT,CHUX6 P1385,2026-11-06,P,1.385,0.137900000,3,
2026-09-01,CHU,OPT,CHUX6 P1390,2026-11-06,P,1.39,0.142800000,3,
2026-09-01,CHU,OPT,CHUX6 P1395,2026-11-06,P,1.395,0.147800000,3,
2026-09-01,CHU,OPT,CHUX6 P1400,2026-11-06,P,1.4,0.152700000,3,
2026-09-01,CHU,OPT,CHUX6 P1410,2026-11-06,P,1.41,0.162600000,3,
2026-09-01,CHU,OPT,CHUX6 P1420,2026-11-06,P,1.42,0.172500000,3,
2026-09-01,CHU,OPT,CHUX6 P1430,2026-11-06,P,1.43,0.182400000,3,
2026-09-01,CHU,OPT,CHUX6 P1440,2026-11-06,P,1.44,0.192300000,3,
2026-09-01,CHU,OPT,CHUX6 P1450,2026-11-06,P,1.45,0.202200000,3,
2026-09-01,CHU,OPT,CHUZ6 C1080,2026-12-04,C,1.08,0.164800000,3,
2026-09-01,CHU,OPT,CHUZ6 C1090,2026-12-04,C,1.09,0.154900000,3,
2026-09-01,CHU,OPT,CHUZ6 C1100,2026-12-04,C,1.1,0.145000000,3,
2026-09-01,CHU,OPT,CHUZ6 C1110,2026-12-04,C,1.11,0.135200000,3,
2026-09-01,CHU,OPT,CHUZ6 C1120,2026-12-04,C,1.12,0.125300000,3,
2026-09-01,CHU,OPT,CHUZ6 C1130,2026-12-04,C,1.13,0.115500000,3,
2026-09-01,CHU,OPT,CHUZ6 C1135,2026-12-04,C,1.135,0.110600000,3,
2026-09-01,CHU,OPT,CHUZ6 C1140,2026-12-04,C,1.14,0.105700000,3,
2026-09-01,CHU,OPT,CHUZ6 C1145,2026-12-04,C,1.145,0.100800000,3,
2026-09-01,CHU,OPT,CHUZ6 C1150,2026-12-04,C,1.15,0.096000000,3,
2026-09-01,CHU,OPT,CHUZ6 C1155,2026-12-04,C,1.155,0.091100000,3,
2026-09-01,CHU,OPT,CHUZ6 C1160,2026-12-04,C,1.16,0.086300000,3,
2026-09-01,CHU,OPT,CHUZ6 C1165,2026-12-04,C,1.165,0.081400000,3,
2026-09-01,CHU,OPT,CHUZ6 C1170,2026-12-04,C,1.17,0.076600000,3,
2026-09-01,CHU,OPT,CHUZ6 C1175,2026-12-04,C,1.175,0.071900000,3,
2026-09-01,CHU,OPT,CHUZ6 C1180,2026-12-04,C,1.18,0.067200000,3,
2026-09-01,CHU,OPT,CHUZ6 C1185,2026-12-04,C,1.185,0.062500000,3,
2026-09-01,CHU,OPT,CHUZ6 C1190,2026-12-04,C,1.19,0.058000000,3,
2026-09-01,CHU,OPT,CHUZ6 C1195,2026-12-04,C,1.195,0.053600000,3,
2026-09-01,CHU,OPT,CHUZ6 C1200,2026-12-04,C,1.2,0.049300000,3,
2026-09-01,CHU,OPT,CHUZ6 C1205,2026-12-04,C,1.205,0.045100000,3,4000
2026-09-01,CHU,OPT,CHUZ6 C1210,2026-12-04,C,1.21,0.041100000,3,4001
2026-09-01,CHU,OPT,CHUZ6 C1215,2026-12-04,C,1.215,0.037300000,3,
2026-09-01,CHU,OPT,CHUZ6 C1220,2026-12-04,C,1.22,0.033600000,3,
2026-09-01,CHU,OPT,CHUZ6 C1225,2026-12-04,C,1.225,0.030200000,3,
2026-09-01,CHU,OPT,CHUZ6 C1230,2026-12-04,C,1.23,0.026900000,3,
2026-09-01,CHU,OPT,CHUZ6 C1235,2026-12-04,C,1.235,0.023800000,3,
2026-09-01,CHU,OPT,CHUZ6 C1240,2026-12-04,C,1.24,0.020900000,3,
2026-09-01,CHU,OPT,CHUZ6 C1245,2026-12-04,C,1.245,0.018200000,3,1
2026-09-01,CHU,OPT,CHUZ6 C1250,2026-12-04,C,1.25,0.015800000,3,2
2026-09-01,CHU,OPT,CHUZ6 C1255,2026-12-04,C,1.255,0.013700000,3,
2026-09-01,CHU,OPT,CHUZ6 C1260,2026-12-04,C,1.26,0.011800000,3,47
2026-09-01,CHU,OPT,CHUZ6 C1265,2026-12-04,C,1.265,0.010200000,3,16
2026-09-01,CHU,OPT,CHUZ6 C1270,2026-12-04,C,1.27,0.008800000,3,1
2026-09-01,CHU,OPT,CHUZ6 C1275,2026-12-04,C,1.275,0.007600000,3,1
2026-09-01,CHU,OPT,CHUZ6 C1280,2026-12-04,C,1.28,0.006600000,3,4
2026-09-01,CHU,OPT,CHUZ6 C1285,2026-12-04,C,1.285,0.005700000,3,
2026-09-01,CHU,OPT,CHUZ6 C1290,2026-12-04,C,1.29,0.004900000,3,8
2026-09-01,CHU,OPT,CHUZ6 C1295,2026-12-04,C,1.295,0.004200000,3,1
2026-09-01,CHU,OPT,CHUZ6 C1300,2026-12-04,C,1.3,0.003600000,3,20
2026-09-01,CHU,OPT,CHUZ6 C1305,2026-12-04,C,1.305,0.003100000,3,11
2026-09-01,CHU,OPT,CHUZ6 C1310,2026-12-04,C,1.31,0.002600000,3,16
2026-09-01,CHU,OPT,CHUZ6 C1315,2026-12-04,C,1.315,0.002300000,3,2
2026-09-01,CHU,OPT,CHUZ6 C1320,2026-12-04,C,1.32,0.001900000,3,24
2026-09-01,CHU,OPT,CHUZ6 C1325,2026-12-04,C,1.325,0.001700000,3,2
2026-09-01,CHU,OPT,CHUZ6 C1330,2026-12-04,C,1.33,0.001500000,3,14
2026-09-01,CHU,OPT,CHUZ6 C1335,2026-12-04,C,1.335,0.001300000,3,5
2026-09-01,CHU,OPT,CHUZ6 C1340,2026-12-04,C,1.34,0.001100000,3,12
2026-09-01,CHU,OPT,CHUZ6 C1345,2026-12-04,C,1.345,0.001000000,3,
2026-09-01,CHU,OPT,CHUZ6 C1350,2026-12-04,C,1.35,0.000900000,3,13
2026-09-01,CHU,OPT,CHUZ6 C1355,2026-12-04,C,1.355,0.000800000,3,1
2026-09-01,CHU,OPT,CHUZ6 C1360,2026-12-04,C,1.36,0.000700000,3,
2026-09-01,CHU,OPT,CHUZ6 C1365,2026-12-04,C,1.365,0.000700000,3,2
2026-09-01,CHU,OPT,CHUZ6 C1370,2026-12-04,C,1.37,0.000600000,3,1
2026-09-01,CHU,OPT,CHUZ6 C1375,2026-12-04,C,1.375,0.000500000,3,1
2026-09-01,CHU,OPT,CHUZ6 C1380,2026-12-04,C,1.38,0.000500000,3,9
2026-09-01,CHU,OPT,CHUZ6 C1385,2026-12-04,C,1.385,0.000450000,3,
2026-09-01,CHU,OPT,CHUZ6 C1390,2026-12-04,C,1.39,0.000400000,3,1
2026-09-01,CHU,OPT,CHUZ6 C1395,2026-12-04,C,1.395,0.000350000,3,
2026-09-01,CHU,OPT,CHUZ6 C1400,2026-12-04,C,1.4,0.000300000,3,30
2026-09-01,CHU,OPT,CHUZ6 C1410,2026-12-04,C,1.41,0.000250000,3,1
2026-09-01,CHU,OPT,CHUZ6 C1420,2026-12-04,C,1.42,0.000150000,3,
2026-09-01,CHU,OPT,CHUZ6 C1430,2026-12-04,C,1.43,0.000150000,3,1
2026-09-01,CHU,OPT,CHUZ6 C1440,2026-12-04,C,1.44,0.000100000,3,6
2026-09-01,CHU,OPT,CHUZ6 C1450,2026-12-04,C,1.45,0.000050000,3,15
2026-09-01,CHU,OPT,CHUZ6 P1080,2026-12-04,P,1.08,0.000050000,3,2
2026-09-01,CHU,OPT,CHUZ6 P1090,2026-12-04,P,1.09,0.000050000,3,
2026-09-01,CHU,OPT,CHUZ6 P1100,2026-12-04,P,1.1,0.000050000,3,
2026-09-01,CHU,OPT,CHUZ6 P1110,2026-12-04,P,1.11,0.000100000,3,
2026-09-01,CHU,OPT,CHUZ6 P1120,2026-12-04,P,1.12,0.000150000,3,
2026-09-01,CHU,OPT,CHUZ6 P1130,2026-12-04,P,1.13,0.000250000,3,1
2026-09-01,CHU,OPT,CHUZ6 P1135,2026-12-04,P,1.135,0.000300000,3,
2026-09-01,CHU,OPT,CHUZ6 P1140,2026-12-04,P,1.14,0.000350000,3,
2026-09-01,CHU,OPT,CHUZ6 P1145,2026-12-04,P,1.145,0.000450000,3,
2026-09-01,CHU,OPT,CHUZ6 P1150,2026-12-04,P,1.15,0.000500000,3,10
2026-09-01,CHU,OPT,CHUZ6 P1155,2026-12-04,P,1.155,0.000600000,3,2
2026-09-01,CHU,OPT,CHUZ6 P1160,2026-12-04,P,1.16,0.000700000,3,
2026-09-01,CHU,OPT,CHUZ6 P1165,2026-12-04,P,1.165,0.000800000,3,
2026-09-01,CHU,OPT,CHUZ6 P1170,2026-12-04,P,1.17,0.001000000,3,
2026-09-01,CHU,OPT,CHUZ6 P1175,2026-12-04,P,1.175,0.001200000,3,
2026-09-01,CHU,OPT,CHUZ6 P1180,2026-12-04,P,1.18,0.001400000,3,52
2026-09-01,CHU,OPT,CHUZ6 P1185,2026-12-04,P,1.185,0.001700000,3,
2026-09-01,CHU,OPT,CHUZ6 P1190,2026-12-04,P,1.19,0.002100000,3,2
2026-09-01,CHU,OPT,CHUZ6 P1195,2026-12-04,P,1.195,0.002700000,3,10
2026-09-01,CHU,OPT,CHUZ6 P1200,2026-12-04,P,1.2,0.003300000,3,22
2026-09-01,CHU,OPT,CHUZ6 P1205,2026-12-04,P,1.205,0.004100000,3,
2026-09-01,CHU,OPT,CHUZ6 P1210,2026-12-04,P,1.21,0.005100000,3,13
2026-09-01,CHU,OPT,CHUZ6 P1215,2026-12-04,P,1.215,0.006200000,3,1
2026-09-01,CHU,OPT,CHUZ6 P1220,2026-12-04,P,1.22,0.007500000,3,4
2026-09-01,CHU,OPT,CHUZ6 P1225,2026-12-04,P,1.225,0.009000000,3,51
2026-09-01,CHU,OPT,CHUZ6 P1230,2026-12-04,P,1.23,0.010600000,3,36
2026-09-01,CHU,OPT,CHUZ6 P1235,2026-12-04,P,1.235,0.012500000,3,3
2026-09-01,CHU,OPT,CHUZ6 P1240,2026-12-04,P,1.24,0.014600000,3,402
2026-09-01,CHU,OPT,CHUZ6 P1245,2026-12-04,P,1.245,0.016900000,3,7
2026-09-01,CHU,OPT,CHUZ6 P1250,2026-12-04,P,1.25,0.019400000,3,4
2026-09-01,CHU,OPT,CHUZ6 P1255,2026-12-04,P,1.255,0.022200000,3,8
2026-09-01,CHU,OPT,CHUZ6 P1260,2026-12-04,P,1.26,0.025300000,3,31
2026-09-01,CHU,OPT,CHUZ6 P1265,2026-12-04,P,1.265,0.028600000,3,3
2026-09-01,CHU,OPT,CHUZ6 P1270,2026-12-04,P,1.27,0.032200000,3,16
2026-09-01,CHU,OPT,CHUZ6 P1275,2026-12-04,P,1.275,0.035900000,3,1
2026-09-01,CHU,OPT,CHUZ6 P1280,2026-12-04,P,1.28,0.039800000,3,
2026-09-01,CHU,OPT,CHUZ6 P1285,2026-12-04,P,1.285,0.043900000,3,
2026-09-01,CHU,OPT,CHUZ6 P1290,2026-12-04,P,1.29,0.048100000,3,20
2026-09-01,CHU,OPT,CHUZ6 P1295,2026-12-04,P,1.295,0.052300000,3,
2026-09-01,CHU,OPT,CHUZ6 P1300,2026-12-04,P,1.3,0.056700000,3,2
2026-09-01,CHU,OPT,CHUZ6 P1305,2026-12-04,P,1.305,0.061100000,3,
2026-09-01,CHU,OPT,CHUZ6 P1310,2026-12-04,P,1.31,0.065600000,3,1
2026-09-01,CHU,OPT,CHUZ6 P1315,2026-12-04,P,1.315,0.070200000,3,
2026-09-01,CHU,OPT,CHUZ6 P1320,2026-12-04,P,1.32,0.074800000,3,1
2026-09-01,CHU,OPT,CHUZ6 P1325,2026-12-04,P,1.325,0.079500000,3,
2026-09-01,CHU,OPT,CHUZ6 P1330,2026-12-04,P,1.33,0.084200000,3,
2026-09-01,CHU,OPT,CHUZ6 P1335,2026-12-04,P,1.335,0.089000000,3,
2026-09-01,CHU,OPT,CHUZ6 P1340,2026-12-04,P,1.34,0.093800000,3,
2026-09-01,CHU,OPT,CHUZ6 P1345,2026-12-04,P,1.345,0.098600000,3,
2026-09-01,CHU,OPT,CHUZ6 P1350,2026-12-04,P,1.35,0.103500000,3,
2026-09-01,CHU,OPT,CHUZ6 P1355,2026-12-04,P,1.355,0.108300000,3,
2026-09-01,CHU,OPT,CHUZ6 P1360,2026-12-04,P,1.36,0.113200000,3,
2026-09-01,CHU,OPT,CHUZ6 P1365,2026-12-04,P,1.365,0.118100000,3,
2026-09-01,CHU,OPT,CHUZ6 P1370,2026-12-04,P,1.37,0.123000000,3,
2026-09-01,CHU,OPT,CHUZ6 P1375,2026-12-04,P,1.375,0.127900000,3,
2026-09-01,CHU,OPT,CHUZ6 P1380,2026-12-04,P,1.38,0.132800000,3,
2026-09-01,CHU,OPT,CHUZ6 P1385,2026-12-04,P,1.385,0.137700000,3,
2026-09-01,CHU,OPT,CHUZ6 P1390,2026-12-04,P,1.39,0.142600000,3,
2026-09-01,CHU,OPT,CHUZ6 P1395,2026-12-04,P,1.395,0.147500000,3,
2026-09-01,CHU,OPT,CHUZ6 P1400,2026-12-04,P,1.4,0.152400000,3,
2026-09-01,CHU,OPT,CHUZ6 P1410,2026-12-04,P,1.41,0.162200000,3,
2026-09-01,CHU,OPT,CHUZ6 P1420,2026-12-04,P,1.42,0.172100000,3,
2026-09-01,CHU,OPT,CHUZ6 P1430,2026-12-04,P,1.43,0.181900000,3,
2026-09-01,CHU,OPT,CHUZ6 P1440,2026-12-04,P,1.44,0.191800000,3,
2026-09-01,CHU,OPT,CHUZ6 P1450,2026-12-04,P,1.45,0.201700000,3,
2026-09-01,CHU,OPT,CHUF7 C1160,2027-01-08,C,1.16,0.099400000,3,
2026-09-01,CHU,OPT,CHUF7 C1170,2027-01-08,C,1.17,0.089900000,3,
2026-09-01,CHU,OPT,CHUF7 C1180,2027-01-08,C,1.18,0.080500000,3,
2026-09-01,CHU,OPT,CHUF7 C1190,2027-01-08,C,1.19,0.071400000,3,
2026-09-01,CHU,OPT,CHUF7 C1200,2027-01-08,C,1.2,0.062500000,3,
2026-09-01,CHU,OPT,CHUF7 C1205,2027-01-08,C,1.205,0.058200000,3,
2026-09-01,CHU,OPT,CHUF7 C1210,2027-01-08,C,1.21,0.054000000,3,
2026-09-01,CHU,OPT,CHUF7 C1215,2027-01-08,C,1.215,0.050000000,3,
2026-09-01,CHU,OPT,CHUF7 C1220,2027-01-08,C,1.22,0.046000000,3,
2026-09-01,CHU,OPT,CHUF7 C1225,2027-01-08,C,1.225,0.042200000,3,
2026-09-01,CHU,OPT,CHUF7 C1230,2027-01-08,C,1.23,0.038600000,3,
2026-09-01,CHU,OPT,CHUF7 C1235,2027-01-08,C,1.235,0.035100000,3,
2026-09-01,CHU,OPT,CHUF7 C1240,2027-01-08,C,1.24,0.031800000,3,
2026-09-01,CHU,OPT,CHUF7 C1245,2027-01-08,C,1.245,0.028700000,3,
2026-09-01,CHU,OPT,CHUF7 C1250,2027-01-08,C,1.25,0.025800000,3,
2026-09-01,CHU,OPT,CHUF7 C1255,2027-01-08,C,1.255,0.023200000,3,
2026-09-01,CHU,OPT,CHUF7 C1260,2027-01-08,C,1.26,0.020700000,3,
2026-09-01,CHU,OPT,CHUF7 C1265,2027-01-08,C,1.265,0.018400000,3,
2026-09-01,CHU,OPT,CHUF7 C1270,2027-01-08,C,1.27,0.016400000,3,
2026-09-01,CHU,OPT,CHUF7 C1275,2027-01-08,C,1.275,0.014500000,3,
2026-09-01,CHU,OPT,CHUF7 C1280,2027-01-08,C,1.28,0.012900000,3,
2026-09-01,CHU,OPT,CHUF7 C1285,2027-01-08,C,1.285,0.011400000,3,32
2026-09-01,CHU,OPT,CHUF7 C1290,2027-01-08,C,1.29,0.010000000,3,
2026-09-01,CHU,OPT,CHUF7 C1295,2027-01-08,C,1.295,0.008900000,3,
2026-09-01,CHU,OPT,CHUF7 C1300,2027-01-08,C,1.3,0.007800000,3,2
2026-09-01,CHU,OPT,CHUF7 C1305,2027-01-08,C,1.305,0.006900000,3,
2026-09-01,CHU,OPT,CHUF7 C1310,2027-01-08,C,1.31,0.006100000,3,76
2026-09-01,CHU,OPT,CHUF7 C1315,2027-01-08,C,1.315,0.005400000,3,
2026-09-01,CHU,OPT,CHUF7 C1320,2027-01-08,C,1.32,0.004800000,3,
2026-09-01,CHU,OPT,CHUF7 C1325,2027-01-08,C,1.325,0.004200000,3,2
2026-09-01,CHU,OPT,CHUF7 C1330,2027-01-08,C,1.33,0.003700000,3,
2026-09-01,CHU,OPT,CHUF7 C1335,2027-01-08,C,1.335,0.003300000,3,
2026-09-01,CHU,OPT,CHUF7 C1340,2027-01-08,C,1.34,0.002900000,3,
2026-09-01,CHU,OPT,CHUF7 C1345,2027-01-08,C,1.345,0.002600000,3,
2026-09-01,CHU,OPT,CHUF7 C1350,2027-01-08,C,1.35,0.002200000,3,3
2026-09-01,CHU,OPT,CHUF7 C1355,2027-01-08,C,1.355,0.002000000,3,
2026-09-01,CHU,OPT,CHUF7 C1360,2027-01-08,C,1.36,0.001800000,3,
2026-09-01,CHU,OPT,CHUF7 C1365,2027-01-08,C,1.365,0.001600000,3,
2026-09-01,CHU,OPT,CHUF7 C1370,2027-01-08,C,1.37,0.001400000,3,
2026-09-01,CHU,OPT,CHUF7 C1375,2027-01-08,C,1.375,0.001300000,3,
2026-09-01,CHU,OPT,CHUF7 C1380,2027-01-08,C,1.38,0.001100000,3,6
2026-09-01,CHU,OPT,CHUF7 C1385,2027-01-08,C,1.385,0.001000000,3,2
2026-09-01,CHU,OPT,CHUF7 C1390,2027-01-08,C,1.39,0.001000000,3,
2026-09-01,CHU,OPT,CHUF7 C1395,2027-01-08,C,1.395,0.000900000,3,
2026-09-01,CHU,OPT,CHUF7 C1400,2027-01-08,C,1.4,0.000800000,3,2
2026-09-01,CHU,OPT,CHUF7 C1405,2027-01-08,C,1.405,0.000800000,3,
2026-09-01,CHU,OPT,CHUF7 C1410,2027-01-08,C,1.41,0.000700000,3,2
2026-09-01,CHU,OPT,CHUF7 C1420,2027-01-08,C,1.42,0.000500000,3,
2026-09-01,CHU,OPT,CHUF7 C1430,2027-01-08,C,1.43,0.000450000,3,
2026-09-01,CHU,OPT,CHUF7 C1440,2027-01-08,C,1.44,0.000350000,3,
2026-09-01,CHU,OPT,CHUF7 C1450,2027-01-08,C,1.45,0.000300000,3,
2026-09-01,CHU,OPT,CHUF7 C1460,2027-01-08,C,1.46,0.000250000,3,1
2026-09-01,CHU,OPT,CHUF7 P1160,2027-01-08,P,1.16,0.000800000,3,
2026-09-01,CHU,OPT,CHUF7 P1170,2027-01-08,P,1.17,0.001200000,3,
2026-09-01,CHU,OPT,CHUF7 P1180,2027-01-08,P,1.18,0.001700000,3,
2026-09-01,CHU,OPT,CHUF7 P1190,2027-01-08,P,1.19,0.002400000,3,
2026-09-01,CHU,OPT,CHUF7 P1200,2027-01-08,P,1.2,0.003400000,3,
2026-09-01,CHU,OPT,CHUF7 P1205,2027-01-08,P,1.205,0.004000000,3,
2026-09-01,CHU,OPT,CHUF7 P1210,2027-01-08,P,1.21,0.004800000,3,
2026-09-01,CHU,OPT,CHUF7 P1215,2027-01-08,P,1.215,0.005600000,3,
2026-09-01,CHU,OPT,CHUF7 P1220,2027-01-08,P,1.22,0.006600000,3,10
2026-09-01,CHU,OPT,CHUF7 P1225,2027-01-08,P,1.225,0.007700000,3,
2026-09-01,CHU,OPT,CHUF7 P1230,2027-01-08,P,1.23,0.009000000,3,
2026-09-01,CHU,OPT,CHUF7 P1235,2027-01-08,P,1.235,0.010500000,3,
2026-09-01,CHU,OPT,CHUF7 P1240,2027-01-08,P,1.24,0.012100000,3,
2026-09-01,CHU,OPT,CHUF7 P1245,2027-01-08,P,1.245,0.014000000,3,
2026-09-01,CHU,OPT,CHUF7 P1250,2027-01-08,P,1.25,0.016000000,3,
2026-09-01,CHU,OPT,CHUF7 P1255,2027-01-08,P,1.255,0.018300000,3,110
2026-09-01,CHU,OPT,CHUF7 P1260,2027-01-08,P,1.26,0.020700000,3,110
2026-09-01,CHU,OPT,CHUF7 P1265,2027-01-08,P,1.265,0.023400000,3,118
2026-09-01,CHU,OPT,CHUF7 P1270,2027-01-08,P,1.27,0.026300000,3,
2026-09-01,CHU,OPT,CHUF7 P1275,2027-01-08,P,1.275,0.029400000,3,
2026-09-01,CHU,OPT,CHUF7 P1280,2027-01-08,P,1.28,0.032600000,3,2
2026-09-01,CHU,OPT,CHUF7 P1285,2027-01-08,P,1.285,0.036100000,3,
2026-09-01,CHU,OPT,CHUF7 P1290,2027-01-08,P,1.29,0.039700000,3,
2026-09-01,CHU,OPT,CHUF7 P1295,2027-01-08,P,1.295,0.043400000,3,
2026-09-01,CHU,OPT,CHUF7 P1300,2027-01-08,P,1.3,0.047300000,3,1
2026-09-01,CHU,OPT,CHUF7 P1305,2027-01-08,P,1.305,0.051400000,3,
2026-09-01,CHU,OPT,CHUF7 P1310,2027-01-08,P,1.31,0.055500000,3,
2026-09-01,CHU,OPT,CHUF7 P1315,2027-01-08,P,1.315,0.059700000,3,
2026-09-01,CHU,OPT,CHUF7 P1320,2027-01-08,P,1.32,0.064000000,3,16
2026-09-01,CHU,OPT,CHUF7 P1325,2027-01-08,P,1.325,0.068400000,3,
2026-09-01,CHU,OPT,CHUF7 P1330,2027-01-08,P,1.33,0.072800000,3,
2026-09-01,CHU,OPT,CHUF7 P1335,2027-01-08,P,1.335,0.077300000,3,
2026-09-01,CHU,OPT,CHUF7 P1340,2027-01-08,P,1.34,0.081900000,3,
2026-09-01,CHU,OPT,CHUF7 P1345,2027-01-08,P,1.345,0.086500000,3,
2026-09-01,CHU,OPT,CHUF7 P1350,2027-01-08,P,1.35,0.091100000,3,
2026-09-01,CHU,OPT,CHUF7 P1355,2027-01-08,P,1.355,0.095700000,3,99
2026-09-01,CHU,OPT,CHUF7 P1360,2027-01-08,P,1.36,0.100500000,3,
2026-09-01,CHU,OPT,CHUF7 P1365,2027-01-08,P,1.365,0.105200000,3,
2026-09-01,CHU,OPT,CHUF7 P1370,2027-01-08,P,1.37,0.110000000,3,
2026-09-01,CHU,OPT,CHUF7 P1375,2027-01-08,P,1.375,0.114800000,3,
2026-09-01,CHU,OPT,CHUF7 P1380,2027-01-08,P,1.38,0.119600000,3,
2026-09-01,CHU,OPT,CHUF7 P1385,2027-01-08,P,1.385,0.124400000,3,
2026-09-01,CHU,OPT,CHUF7 P1390,2027-01-08,P,1.39,0.129300000,3,
2026-09-01,CHU,OPT,CHUF7 P1395,2027-01-08,P,1.395,0.134100000,3,
2026-09-01,CHU,OPT,CHUF7 P1400,2027-01-08,P,1.4,0.139000000,3,
2026-09-01,CHU,OPT,CHUF7 P1405,2027-01-08,P,1.405,0.143900000,3,
2026-09-01,CHU,OPT,CHUF7 P1410,2027-01-08,P,1.41,0.148700000,3,
2026-09-01,CHU,OPT,CHUF7 P1420,2027-01-08,P,1.42,0.158400000,3,
2026-09-01,CHU,OPT,CHUF7 P1430,2027-01-08,P,1.43,0.168200000,3,
2026-09-01,CHU,OPT,CHUF7 P1440,2027-01-08,P,1.44,0.178000000,3,
2026-09-01,CHU,OPT,CHUF7 P1450,2027-01-08,P,1.45,0.187800000,3,
2026-09-01,CHU,OPT,CHUF7 P1460,2027-01-08,P,1.46,0.197600000,3,
2026-09-01,CHU,OPT,CHUG7 C1160,2027-02-05,C,1.16,0.099700000,3,
2026-09-01,CHU,OPT,CHUG7 C1170,2027-02-05,C,1.17,0.090300000,3,
2026-09-01,CHU,OPT,CHUG7 C1180,2027-02-05,C,1.18,0.081200000,3,
2026-09-01,CHU,OPT,CHUG7 C1190,2027-02-05,C,1.19,0.072200000,3,
2026-09-01,CHU,OPT,CHUG7 C1200,2027-02-05,C,1.2,0.063600000,3,
2026-09-01,CHU,OPT,CHUG7 C1205,2027-02-05,C,1.205,0.059400000,3,
2026-09-01,CHU,OPT,CHUG7 C1210,2027-02-05,C,1.21,0.055400000,3,
2026-09-01,CHU,OPT,CHUG7 C1215,2027-02-05,C,1.215,0.051400000,3,
2026-09-01,CHU,OPT,CHUG7 C1220,2027-02-05,C,1.22,0.047700000,3,
2026-09-01,CHU,OPT,CHUG7 C1225,2027-02-05,C,1.225,0.044000000,3,
2026-09-01,CHU,OPT,CHUG7 C1230,2027-02-05,C,1.23,0.040500000,3,
2026-09-01,CHU,OPT,CHUG7 C1235,2027-02-05,C,1.235,0.037100000,3,
2026-09-01,CHU,OPT,CHUG7 C1240,2027-02-05,C,1.24,0.033900000,3,
2026-09-01,CHU,OPT,CHUG7 C1245,2027-02-05,C,1.245,0.030900000,3,
2026-09-01,CHU,OPT,CHUG7 C1250,2027-02-05,C,1.25,0.028100000,3,
2026-09-01,CHU,OPT,CHUG7 C1255,2027-02-05,C,1.255,0.025500000,3,80
2026-09-01,CHU,OPT,CHUG7 C1260,2027-02-05,C,1.26,0.023000000,3,
2026-09-01,CHU,OPT,CHUG7 C1265,2027-02-05,C,1.265,0.020800000,3,
2026-09-01,CHU,OPT,CHUG7 C1270,2027-02-05,C,1.27,0.018700000,3,
2026-09-01,CHU,OPT,CHUG7 C1275,2027-02-05,C,1.275,0.016900000,3,
2026-09-01,CHU,OPT,CHUG7 C1280,2027-02-05,C,1.28,0.015200000,3,
2026-09-01,CHU,OPT,CHUG7 C1285,2027-02-05,C,1.285,0.013600000,3,
2026-09-01,CHU,OPT,CHUG7 C1290,2027-02-05,C,1.29,0.012200000,3,
2026-09-01,CHU,OPT,CHUG7 C1295,2027-02-05,C,1.295,0.011000000,3,
2026-09-01,CHU,OPT,CHUG7 C1300,2027-02-05,C,1.3,0.009900000,3,2
2026-09-01,CHU,OPT,CHUG7 C1305,2027-02-05,C,1.305,0.008900000,3,
2026-09-01,CHU,OPT,CHUG7 C1310,2027-02-05,C,1.31,0.008000000,3,
2026-09-01,CHU,OPT,CHUG7 C1315,2027-02-05,C,1.315,0.007200000,3,
2026-09-01,CHU,OPT,CHUG7 C1320,2027-02-05,C,1.32,0.006500000,3,
2026-09-01,CHU,OPT,CHUG7 C1325,2027-02-05,C,1.325,0.005800000,3,6
2026-09-01,CHU,OPT,CHUG7 C1330,2027-02-05,C,1.33,0.005200000,3,
2026-09-01,CHU,OPT,CHUG7 C1335,2027-02-05,C,1.335,0.004700000,3,
2026-09-01,CHU,OPT,CHUG7 C1340,2027-02-05,C,1.34,0.004200000,3,
2026-09-01,CHU,OPT,CHUG7 C1345,2027-02-05,C,1.345,0.003800000,3,
2026-09-01,CHU,OPT,CHUG7 C1350,2027-02-05,C,1.35,0.003400000,3,
2026-09-01,CHU,OPT,CHUG7 C1355,2027-02-05,C,1.355,0.003000000,3,
2026-09-01,CHU,OPT,CHUG7 C1360,2027-02-05,C,1.36,0.002700000,3,
2026-09-01,CHU,OPT,CHUG7 C1365,2027-02-05,C,1.365,0.002400000,3,
2026-09-01,CHU,OPT,CHUG7 C1370,2027-02-05,C,1.37,0.002200000,3,
2026-09-01,CHU,OPT,CHUG7 C1375,2027-02-05,C,1.375,0.002000000,3,
2026-09-01,CHU,OPT,CHUG7 C1380,2027-02-05,C,1.38,0.001800000,3,
2026-09-01,CHU,OPT,CHUG7 C1385,2027-02-05,C,1.385,0.001600000,3,
2026-09-01,CHU,OPT,CHUG7 C1390,2027-02-05,C,1.39,0.001500000,3,
2026-09-01,CHU,OPT,CHUG7 C1395,2027-02-05,C,1.395,0.001400000,3,
2026-09-01,CHU,OPT,CHUG7 C1400,2027-02-05,C,1.4,0.001200000,3,
2026-09-01,CHU,OPT,CHUG7 C1405,2027-02-05,C,1.405,0.001100000,3,
2026-09-01,CHU,OPT,CHUG7 C1410,2027-02-05,C,1.41,0.001000000,3,
2026-09-01,CHU,OPT,CHUG7 C1420,2027-02-05,C,1.42,0.000800000,3,
2026-09-01,CHU,OPT,CHUG7 C1430,2027-02-05,C,1.43,0.000700000,3,
2026-09-01,CHU,OPT,CHUG7 C1440,2027-02-05,C,1.44,0.000600000,3,1
2026-09-01,CHU,OPT,CHUG7 C1450,2027-02-05,C,1.45,0.000450000,3,
2026-09-01,CHU,OPT,CHUG7 C1460,2027-02-05,C,1.46,0.000400000,3,
2026-09-01,CHU,OPT,CHUG7 P1160,2027-02-05,P,1.16,0.001400000,3,
2026-09-01,CHU,OPT,CHUG7 P1170,2027-02-05,P,1.17,0.001900000,3,
2026-09-01,CHU,OPT,CHUG7 P1180,2027-02-05,P,1.18,0.002500000,3,
2026-09-01,CHU,OPT,CHUG7 P1190,2027-02-05,P,1.19,0.003400000,3,
2026-09-01,CHU,OPT,CHUG7 P1200,2027-02-05,P,1.2,0.004600000,3,
2026-09-01,CHU,OPT,CHUG7 P1205,2027-02-05,P,1.205,0.005400000,3,
2026-09-01,CHU,OPT,CHUG7 P1210,2027-02-05,P,1.21,0.006200000,3,
2026-09-01,CHU,OPT,CHUG7 P1215,2027-02-05,P,1.215,0.007200000,3,
2026-09-01,CHU,OPT,CHUG7 P1220,2027-02-05,P,1.22,0.008400000,3,1
2026-09-01,CHU,OPT,CHUG7 P1225,2027-02-05,P,1.225,0.009600000,3,
2026-09-01,CHU,OPT,CHUG7 P1230,2027-02-05,P,1.23,0.011000000,3,
2026-09-01,CHU,OPT,CHUG7 P1235,2027-02-05,P,1.235,0.012600000,3,5
2026-09-01,CHU,OPT,CHUG7 P1240,2027-02-05,P,1.24,0.014300000,3,
2026-09-01,CHU,OPT,CHUG7 P1245,2027-02-05,P,1.245,0.016200000,3,
2026-09-01,CHU,OPT,CHUG7 P1250,2027-02-05,P,1.25,0.018300000,3,
2026-09-01,CHU,OPT,CHUG7 P1255,2027-02-05,P,1.255,0.020600000,3,
2026-09-01,CHU,OPT,CHUG7 P1260,2027-02-05,P,1.26,0.023100000,3,200
2026-09-01,CHU,OPT,CHUG7 P1265,2027-02-05,P,1.265,0.025800000,3,
2026-09-01,CHU,OPT,CHUG7 P1270,2027-02-05,P,1.27,0.028600000,3,
2026-09-01,CHU,OPT,CHUG7 P1275,2027-02-05,P,1.275,0.031700000,3,
2026-09-01,CHU,OPT,CHUG7 P1280,2027-02-05,P,1.28,0.034900000,3,
2026-09-01,CHU,OPT,CHUG7 P1285,2027-02-05,P,1.285,0.038300000,3,
2026-09-01,CHU,OPT,CHUG7 P1290,2027-02-05,P,1.29,0.041800000,3,80
2026-09-01,CHU,OPT,CHUG7 P1295,2027-02-05,P,1.295,0.045500000,3,
2026-09-01,CHU,OPT,CHUG7 P1300,2027-02-05,P,1.3,0.049300000,3,
2026-09-01,CHU,OPT,CHUG7 P1305,2027-02-05,P,1.305,0.053200000,3,
2026-09-01,CHU,OPT,CHUG7 P1310,2027-02-05,P,1.31,0.057200000,3,
2026-09-01,CHU,OPT,CHUG7 P1315,2027-02-05,P,1.315,0.061300000,3,
2026-09-01,CHU,OPT,CHUG7 P1320,2027-02-05,P,1.32,0.065500000,3,
2026-09-01,CHU,OPT,CHUG7 P1325,2027-02-05,P,1.325,0.069800000,3,
2026-09-01,CHU,OPT,CHUG7 P1330,2027-02-05,P,1.33,0.074100000,3,
2026-09-01,CHU,OPT,CHUG7 P1335,2027-02-05,P,1.335,0.078500000,3,
2026-09-01,CHU,OPT,CHUG7 P1340,2027-02-05,P,1.34,0.082900000,3,
2026-09-01,CHU,OPT,CHUG7 P1345,2027-02-05,P,1.345,0.087400000,3,
2026-09-01,CHU,OPT,CHUG7 P1350,2027-02-05,P,1.35,0.091900000,3,
2026-09-01,CHU,OPT,CHUG7 P1355,2027-02-05,P,1.355,0.096500000,3,
2026-09-01,CHU,OPT,CHUG7 P1360,2027-02-05,P,1.36,0.101100000,3,
2026-09-01,CHU,OPT,CHUG7 P1365,2027-02-05,P,1.365,0.105700000,3,
2026-09-01,CHU,OPT,CHUG7 P1370,2027-02-05,P,1.37,0.110400000,3,
2026-09-01,CHU,OPT,CHUG7 P1375,2027-02-05,P,1.375,0.115100000,3,
2026-09-01,CHU,OPT,CHUG7 P1380,2027-02-05,P,1.38,0.119900000,3,
2026-09-01,CHU,OPT,CHUG7 P1385,2027-02-05,P,1.385,0.124600000,3,
2026-09-01,CHU,OPT,CHUG7 P1390,2027-02-05,P,1.39,0.129400000,3,
2026-09-01,CHU,OPT,CHUG7 P1395,2027-02-05,P,1.395,0.134200000,3,
2026-09-01,CHU,OPT,CHUG7 P1400,2027-02-05,P,1.4,0.139000000,3,
2026-09-01,CHU,OPT,CHUG7 P1405,2027-02-05,P,1.405,0.143800000,3,
2026-09-01,CHU,OPT,CHUG7 P1410,2027-02-05,P,1.41,0.148600000,3,
2026-09-01,CHU,OPT,CHUG7 P1420,2027-02-05,P,1.42,0.158200000,3,
2026-09-01,CHU,OPT,CHUG7 P1430,2027-02-05,P,1.43,0.167900000,3,
2026-09-01,CHU,OPT,CHUG7 P1440,2027-02-05,P,1.44,0.177600000,3,
2026-09-01,CHU,OPT,CHUG7 P1450,2027-02-05,P,1.45,0.187400000,3,
2026-09-01,CHU,OPT,CHUG7 P1460,2027-02-05,P,1.46,0.197100000,3,
2026-09-01,CHU,OPT,CHUH7 C1120,2027-03-05,C,1.12,0.137800000,3,
2026-09-01,CHU,OPT,CHUH7 C1130,2027-03-05,C,1.13,0.128300000,3,
2026-09-01,CHU,OPT,CHUH7 C1140,2027-03-05,C,1.14,0.118700000,3,1
2026-09-01,CHU,OPT,CHUH7 C1150,2027-03-05,C,1.15,0.109200000,3,
2026-09-01,CHU,OPT,CHUH7 C1160,2027-03-05,C,1.16,0.099900000,3,
2026-09-01,CHU,OPT,CHUH7 C1165,2027-03-05,C,1.165,0.095300000,3,
2026-09-01,CHU,OPT,CHUH7 C1170,2027-03-05,C,1.17,0.090700000,3,1
2026-09-01,CHU,OPT,CHUH7 C1175,2027-03-05,C,1.175,0.086100000,3,
2026-09-01,CHU,OPT,CHUH7 C1180,2027-03-05,C,1.18,0.081700000,3,
2026-09-01,CHU,OPT,CHUH7 C1185,2027-03-05,C,1.185,0.077300000,3,
2026-09-01,CHU,OPT,CHUH7 C1190,2027-03-05,C,1.19,0.073000000,3,
2026-09-01,CHU,OPT,CHUH7 C1195,2027-03-05,C,1.195,0.068700000,3,
2026-09-01,CHU,OPT,CHUH7 C1200,2027-03-05,C,1.2,0.064600000,3,
2026-09-01,CHU,OPT,CHUH7 C1205,2027-03-05,C,1.205,0.060500000,3,
2026-09-01,CHU,OPT,CHUH7 C1210,2027-03-05,C,1.21,0.056600000,3,
2026-09-01,CHU,OPT,CHUH7 C1215,2027-03-05,C,1.215,0.052700000,3,1
2026-09-01,CHU,OPT,CHUH7 C1220,2027-03-05,C,1.22,0.049000000,3,
2026-09-01,CHU,OPT,CHUH7 C1225,2027-03-05,C,1.225,0.045500000,3,4
2026-09-01,CHU,OPT,CHUH7 C1230,2027-03-05,C,1.23,0.042100000,3,1
2026-09-01,CHU,OPT,CHUH7 C1235,2027-03-05,C,1.235,0.038800000,3,
2026-09-01,CHU,OPT,CHUH7 C1240,2027-03-05,C,1.24,0.035700000,3,
2026-09-01,CHU,OPT,CHUH7 C1245,2027-03-05,C,1.245,0.032800000,3,
2026-09-01,CHU,OPT,CHUH7 C1250,2027-03-05,C,1.25,0.030000000,3,
2026-09-01,CHU,OPT,CHUH7 C1255,2027-03-05,C,1.255,0.027400000,3,
2026-09-01,CHU,OPT,CHUH7 C1260,2027-03-05,C,1.26,0.025000000,3,
2026-09-01,CHU,OPT,CHUH7 C1265,2027-03-05,C,1.265,0.022800000,3,
2026-09-01,CHU,OPT,CHUH7 C1270,2027-03-05,C,1.27,0.020800000,3,1
2026-09-01,CHU,OPT,CHUH7 C1275,2027-03-05,C,1.275,0.018900000,3,
2026-09-01,CHU,OPT,CHUH7 C1280,2027-03-05,C,1.28,0.017200000,3,
2026-09-01,CHU,OPT,CHUH7 C1285,2027-03-05,C,1.285,0.015600000,3,
2026-09-01,CHU,OPT,CHUH7 C1290,2027-03-05,C,1.29,0.014200000,3,1
2026-09-01,CHU,OPT,CHUH7 C1295,2027-03-05,C,1.295,0.012900000,3,1
2026-09-01,CHU,OPT,CHUH7 C1300,2027-03-05,C,1.3,0.011700000,3,90
2026-09-01,CHU,OPT,CHUH7 C1305,2027-03-05,C,1.305,0.010600000,3,5
2026-09-01,CHU,OPT,CHUH7 C1310,2027-03-05,C,1.31,0.009600000,3,
2026-09-01,CHU,OPT,CHUH7 C1315,2027-03-05,C,1.315,0.008800000,3,
2026-09-01,CHU,OPT,CHUH7 C1320,2027-03-05,C,1.32,0.008000000,3,155
2026-09-01,CHU,OPT,CHUH7 C1325,2027-03-05,C,1.325,0.007200000,3,
2026-09-01,CHU,OPT,CHUH7 C1330,2027-03-05,C,1.33,0.006600000,3,
2026-09-01,CHU,OPT,CHUH7 C1335,2027-03-05,C,1.335,0.006000000,3,10
2026-09-01,CHU,OPT,CHUH7 C1340,2027-03-05,C,1.34,0.005400000,3,5
2026-09-01,CHU,OPT,CHUH7 C1345,2027-03-05,C,1.345,0.004900000,3,
2026-09-01,CHU,OPT,CHUH7 C1350,2027-03-05,C,1.35,0.004500000,3,
2026-09-01,CHU,OPT,CHUH7 C1355,2027-03-05,C,1.355,0.004100000,3,
2026-09-01,CHU,OPT,CHUH7 C1360,2027-03-05,C,1.36,0.003700000,3,2
2026-09-01,CHU,OPT,CHUH7 C1365,2027-03-05,C,1.365,0.003300000,3,
2026-09-01,CHU,OPT,CHUH7 C1370,2027-03-05,C,1.37,0.003000000,3,10
2026-09-01,CHU,OPT,CHUH7 C1375,2027-03-05,C,1.375,0.002800000,3,
2026-09-01,CHU,OPT,CHUH7 C1380,2027-03-05,C,1.38,0.002500000,3,
2026-09-01,CHU,OPT,CHUH7 C1385,2027-03-05,C,1.385,0.002300000,3,
2026-09-01,CHU,OPT,CHUH7 C1390,2027-03-05,C,1.39,0.002100000,3,
2026-09-01,CHU,OPT,CHUH7 C1395,2027-03-05,C,1.395,0.001900000,3,
2026-09-01,CHU,OPT,CHUH7 C1400,2027-03-05,C,1.4,0.001800000,3,
2026-09-01,CHU,OPT,CHUH7 C1405,2027-03-05,C,1.405,0.001600000,3,
2026-09-01,CHU,OPT,CHUH7 C1410,2027-03-05,C,1.41,0.001500000,3,
2026-09-01,CHU,OPT,CHUH7 C1420,2027-03-05,C,1.42,0.001300000,3,1
2026-09-01,CHU,OPT,CHUH7 C1430,2027-03-05,C,1.43,0.001100000,3,1
2026-09-01,CHU,OPT,CHUH7 C1440,2027-03-05,C,1.44,0.000900000,3,
2026-09-01,CHU,OPT,CHUH7 C1450,2027-03-05,C,1.45,0.000800000,3,1
2026-09-01,CHU,OPT,CHUH7 C1460,2027-03-05,C,1.46,0.000700000,3,
2026-09-01,CHU,OPT,CHUH7 P1120,2027-03-05,P,1.12,0.000600000,3,
2026-09-01,CHU,OPT,CHUH7 P1130,2027-03-05,P,1.13,0.000900000,3,
2026-09-01,CHU,OPT,CHUH7 P1140,2027-03-05,P,1.14,0.001100000,3,
2026-09-01,CHU,OPT,CHUH7 P1150,2027-03-05,P,1.15,0.001500000,3,
2026-09-01,CHU,OPT,CHUH7 P1160,2027-03-05,P,1.16,0.001900000,3,
2026-09-01,CHU,OPT,CHUH7 P1165,2027-03-05,P,1.165,0.002200000,3,
2026-09-01,CHU,OPT,CHUH7 P1170,2027-03-05,P,1.17,0.002500000,3,
2026-09-01,CHU,OPT,CHUH7 P1175,2027-03-05,P,1.175,0.002900000,3,
2026-09-01,CHU,OPT,CHUH7 P1180,2027-03-05,P,1.18,0.003300000,3,
2026-09-01,CHU,OPT,CHUH7 P1185,2027-03-05,P,1.185,0.003800000,3,
2026-09-01,CHU,OPT,CHUH7 P1190,2027-03-05,P,1.19,0.004400000,3,10
2026-09-01,CHU,OPT,CHUH7 P1195,2027-03-05,P,1.195,0.005100000,3,
2026-09-01,CHU,OPT,CHUH7 P1200,2027-03-05,P,1.2,0.005800000,3,
2026-09-01,CHU,OPT,CHUH7 P1205,2027-03-05,P,1.205,0.006700000,3,
2026-09-01,CHU,OPT,CHUH7 P1210,2027-03-05,P,1.21,0.007600000,3,
2026-09-01,CHU,OPT,CHUH7 P1215,2027-03-05,P,1.215,0.008700000,3,
2026-09-01,CHU,OPT,CHUH7 P1220,2027-03-05,P,1.22,0.009900000,3,
2026-09-01,CHU,OPT,CHUH7 P1225,2027-03-05,P,1.225,0.011200000,3,
2026-09-01,CHU,OPT,CHUH7 P1230,2027-03-05,P,1.23,0.012700000,3,90
2026-09-01,CHU,OPT,CHUH7 P1235,2027-03-05,P,1.235,0.014300000,3,
2026-09-01,CHU,OPT,CHUH7 P1240,2027-03-05,P,1.24,0.016100000,3,
2026-09-01,CHU,OPT,CHUH7 P1245,2027-03-05,P,1.245,0.018100000,3,90
2026-09-01,CHU,OPT,CHUH7 P1250,2027-03-05,P,1.25,0.020300000,3,30
2026-09-01,CHU,OPT,CHUH7 P1255,2027-03-05,P,1.255,0.022600000,3,20
2026-09-01,CHU,OPT,CHUH7 P1260,2027-03-05,P,1.26,0.025100000,3,
2026-09-01,CHU,OPT,CHUH7 P1265,2027-03-05,P,1.265,0.027800000,3,
2026-09-01,CHU,OPT,CHUH7 P1270,2027-03-05,P,1.27,0.030600000,3,10
2026-09-01,CHU,OPT,CHUH7 P1275,2027-03-05,P,1.275,0.033600000,3,
2026-09-01,CHU,OPT,CHUH7 P1280,2027-03-05,P,1.28,0.036800000,3,
2026-09-01,CHU,OPT,CHUH7 P1285,2027-03-05,P,1.285,0.040100000,3,
2026-09-01,CHU,OPT,CHUH7 P1290,2027-03-05,P,1.29,0.043600000,3,
2026-09-01,CHU,OPT,CHUH7 P1295,2027-03-05,P,1.295,0.047200000,3,
2026-09-01,CHU,OPT,CHUH7 P1300,2027-03-05,P,1.3,0.050900000,3,
2026-09-01,CHU,OPT,CHUH7 P1305,2027-03-05,P,1.305,0.054800000,3,
2026-09-01,CHU,OPT,CHUH7 P1310,2027-03-05,P,1.31,0.058700000,3,
2026-09-01,CHU,OPT,CHUH7 P1315,2027-03-05,P,1.315,0.062700000,3,
2026-09-01,CHU,OPT,CHUH7 P1320,2027-03-05,P,1.32,0.066800000,3,
2026-09-01,CHU,OPT,CHUH7 P1325,2027-03-05,P,1.325,0.071000000,3,
2026-09-01,CHU,OPT,CHUH7 P1330,2027-03-05,P,1.33,0.075300000,3,
2026-09-01,CHU,OPT,CHUH7 P1335,2027-03-05,P,1.335,0.079600000,3,
2026-09-01,CHU,OPT,CHUH7 P1340,2027-03-05,P,1.34,0.083900000,3,10
2026-09-01,CHU,OPT,CHUH7 P1345,2027-03-05,P,1.345,0.088300000,3,
2026-09-01,CHU,OPT,CHUH7 P1350,2027-03-05,P,1.35,0.092800000,3,
2026-09-01,CHU,OPT,CHUH7 P1355,2027-03-05,P,1.355,0.097200000,3,
2026-09-01,CHU,OPT,CHUH7 P1360,2027-03-05,P,1.36,0.101800000,3,
2026-09-01,CHU,OPT,CHUH7 P1365,2027-03-05,P,1.365,0.106300000,3,
2026-09-01,CHU,OPT,CHUH7 P1370,2027-03-05,P,1.37,0.110900000,3,
2026-09-01,CHU,OPT,CHUH7 P1375,2027-03-05,P,1.375,0.115600000,3,
2026-09-01,CHU,OPT,CHUH7 P1380,2027-03-05,P,1.38,0.120200000,3,
2026-09-01,CHU,OPT,CHUH7 P1385,2027-03-05,P,1.385,0.124900000,3,
2026-09-01,CHU,OPT,CHUH7 P1390,2027-03-05,P,1.39,0.129600000,3,
2026-09-01,CHU,OPT,CHUH7 P1395,2027-03-05,P,1.395,0.134300000,3,
2026-09-01,CHU,OPT,CHUH7 P1400,2027-03-05,P,1.4,0.139100000,3,
2026-09-01,CHU,OPT,CHUH7 P1405,2027-03-05,P,1.405,0.143800000,3,
2026-09-01,CHU,OPT,CHUH7 P1410,2027-03-05,P,1.41,0.148600000,3,
2026-09-01,CHU,OPT,CHUH7 P1420,2027-03-05,P,1.42,0.158200000,3,
2026-09-01,CHU,OPT,CHUH7 P1430,2027-03-05,P,1.43,0.167800000,3,
2026-09-01,CHU,OPT,CHUH7 P1440,2027-03-05,P,1.44,0.177400000,3,
2026-09-01,CHU,OPT,CHUH7 P1450,2027-03-05,P,1.45,0.187100000,3,
2026-09-01,CHU,OPT,CHUH7 P1460,2027-03-05,P,1.46,0.196800000,3,
2026-09-01,CHU,OPT,CHUJ7 C1170,2027-04-09,C,1.17,0.103500000,3,
2026-09-01,CHU,OPT,CHUJ7 C1180,2027-04-09,C,1.18,0.094600000,3,
2026-09-01,CHU,OPT,CHUJ7 C1190,2027-04-09,C,1.19,0.085800000,3,
2026-09-01,CHU,OPT,CHUJ7 C1200,2027-04-09,C,1.2,0.077300000,3,
2026-09-01,CHU,OPT,CHUJ7 C1210,2027-04-09,C,1.21,0.069000000,3,
2026-09-01,CHU,OPT,CHUJ7 C1215,2027-04-09,C,1.215,0.065100000,3,
2026-09-01,CHU,OPT,CHUJ7 C1220,2027-04-09,C,1.22,0.061200000,3,
2026-09-01,CHU,OPT,CHUJ7 C1225,2027-04-09,C,1.225,0.057400000,3,
2026-09-01,CHU,OPT,CHUJ7 C1230,2027-04-09,C,1.23,0.053800000,3,
2026-09-01,CHU,OPT,CHUJ7 C1235,2027-04-09,C,1.235,0.050200000,3,
2026-09-01,CHU,OPT,CHUJ7 C1240,2027-04-09,C,1.24,0.046800000,3,
2026-09-01,CHU,OPT,CHUJ7 C1245,2027-04-09,C,1.245,0.043600000,3,
2026-09-01,CHU,OPT,CHUJ7 C1250,2027-04-09,C,1.25,0.040400000,3,
2026-09-01,CHU,OPT,CHUJ7 C1255,2027-04-09,C,1.255,0.037500000,3,
2026-09-01,CHU,OPT,CHUJ7 C1260,2027-04-09,C,1.26,0.034700000,3,
2026-09-01,CHU,OPT,CHUJ7 C1265,2027-04-09,C,1.265,0.032000000,3,1
2026-09-01,CHU,OPT,CHUJ7 C1270,2027-04-09,C,1.27,0.029500000,3,
2026-09-01,CHU,OPT,CHUJ7 C1275,2027-04-09,C,1.275,0.027100000,3,
2026-09-01,CHU,OPT,CHUJ7 C1280,2027-04-09,C,1.28,0.025000000,3,
2026-09-01,CHU,OPT,CHUJ7 C1285,2027-04-09,C,1.285,0.022900000,3,
2026-09-01,CHU,OPT,CHUJ7 C1290,2027-04-09,C,1.29,0.021100000,3,
2026-09-01,CHU,OPT,CHUJ7 C1295,2027-04-09,C,1.295,0.019400000,3,
2026-09-01,CHU,OPT,CHUJ7 C1300,2027-04-09,C,1.3,0.017800000,3,
2026-09-01,CHU,OPT,CHUJ7 C1305,2027-04-09,C,1.305,0.016300000,3,
2026-09-01,CHU,OPT,CHUJ7 C1310,2027-04-09,C,1.31,0.015000000,3,
2026-09-01,CHU,OPT,CHUJ7 C1315,2027-04-09,C,1.315,0.013700000,3,
2026-09-01,CHU,OPT,CHUJ7 C1320,2027-04-09,C,1.32,0.012600000,3,
2026-09-01,CHU,OPT,CHUJ7 C1325,2027-04-09,C,1.325,0.011600000,3,
2026-09-01,CHU,OPT,CHUJ7 C1330,2027-04-09,C,1.33,0.010600000,3,
2026-09-01,CHU,OPT,CHUJ7 C1335,2027-04-09,C,1.335,0.009800000,3,
2026-09-01,CHU,OPT,CHUJ7 C1340,2027-04-09,C,1.34,0.009000000,3,
2026-09-01,CHU,OPT,CHUJ7 C1345,2027-04-09,C,1.345,0.008200000,3,
2026-09-01,CHU,OPT,CHUJ7 C1350,2027-04-09,C,1.35,0.007500000,3,
2026-09-01,CHU,OPT,CHUJ7 C1355,2027-04-09,C,1.355,0.006900000,3,
2026-09-01,CHU,OPT,CHUJ7 C1360,2027-04-09,C,1.36,0.006300000,3,1
2026-09-01,CHU,OPT,CHUJ7 C1365,2027-04-09,C,1.365,0.005800000,3,
2026-09-01,CHU,OPT,CHUJ7 C1370,2027-04-09,C,1.37,0.005300000,3,1
2026-09-01,CHU,OPT,CHUJ7 C1375,2027-04-09,C,1.375,0.004900000,3,
2026-09-01,CHU,OPT,CHUJ7 C1380,2027-04-09,C,1.38,0.004500000,3,
2026-09-01,CHU,OPT,CHUJ7 C1385,2027-04-09,C,1.385,0.004100000,3,
2026-09-01,CHU,OPT,CHUJ7 C1390,2027-04-09,C,1.39,0.003800000,3,
2026-09-01,CHU,OPT,CHUJ7 C1400,2027-04-09,C,1.4,0.003200000,3,1
2026-09-01,CHU,OPT,CHUJ7 C1410,2027-04-09,C,1.41,0.002700000,3,
2026-09-01,CHU,OPT,CHUJ7 C1420,2027-04-09,C,1.42,0.002200000,3,
2026-09-01,CHU,OPT,CHUJ7 C1430,2027-04-09,C,1.43,0.001900000,3,
2026-09-01,CHU,OPT,CHUJ7 C1440,2027-04-09,C,1.44,0.001600000,3,
2026-09-01,CHU,OPT,CHUJ7 P1170,2027-04-09,P,1.17,0.002300000,3,
2026-09-01,CHU,OPT,CHUJ7 P1180,2027-04-09,P,1.18,0.003100000,3,
2026-09-01,CHU,OPT,CHUJ7 P1190,2027-04-09,P,1.19,0.004100000,3,
2026-09-01,CHU,OPT,CHUJ7 P1200,2027-04-09,P,1.2,0.005400000,3,
2026-09-01,CHU,OPT,CHUJ7 P1210,2027-04-09,P,1.21,0.006900000,3,
2026-09-01,CHU,OPT,CHUJ7 P1215,2027-04-09,P,1.215,0.007800000,3,
2026-09-01,CHU,OPT,CHUJ7 P1220,2027-04-09,P,1.22,0.008800000,3,
2026-09-01,CHU,OPT,CHUJ7 P1225,2027-04-09,P,1.225,0.009900000,3,
2026-09-01,CHU,OPT,CHUJ7 P1230,2027-04-09,P,1.23,0.011200000,3,
2026-09-01,CHU,OPT,CHUJ7 P1235,2027-04-09,P,1.235,0.012500000,3,
2026-09-01,CHU,OPT,CHUJ7 P1240,2027-04-09,P,1.24,0.014000000,3,
2026-09-01,CHU,OPT,CHUJ7 P1245,2027-04-09,P,1.245,0.015600000,3,
2026-09-01,CHU,OPT,CHUJ7 P1250,2027-04-09,P,1.25,0.017400000,3,
2026-09-01,CHU,OPT,CHUJ7 P1255,2027-04-09,P,1.255,0.019300000,3,
2026-09-01,CHU,OPT,CHUJ7 P1260,2027-04-09,P,1.26,0.021300000,3,1
2026-09-01,CHU,OPT,CHUJ7 P1265,2027-04-09,P,1.265,0.023500000,3,1
2026-09-01,CHU,OPT,CHUJ7 P1270,2027-04-09,P,1.27,0.025900000,3,
2026-09-01,CHU,OPT,CHUJ7 P1275,2027-04-09,P,1.275,0.028500000,3,
2026-09-01,CHU,OPT,CHUJ7 P1280,2027-04-09,P,1.28,0.031200000,3,
2026-09-01,CHU,OPT,CHUJ7 P1285,2027-04-09,P,1.285,0.034000000,3,
2026-09-01,CHU,OPT,CHUJ7 P1290,2027-04-09,P,1.29,0.037000000,3,
2026-09-01,CHU,OPT,CHUJ7 P1295,2027-04-09,P,1.295,0.040200000,3,
2026-09-01,CHU,OPT,CHUJ7 P1300,2027-04-09,P,1.3,0.043500000,3,
2026-09-01,CHU,OPT,CHUJ7 P1305,2027-04-09,P,1.305,0.046900000,3,
2026-09-01,CHU,OPT,CHUJ7 P1310,2027-04-09,P,1.31,0.050500000,3,
2026-09-01,CHU,OPT,CHUJ7 P1315,2027-04-09,P,1.315,0.054100000,3,
2026-09-01,CHU,OPT,CHUJ7 P1320,2027-04-09,P,1.32,0.057900000,3,
2026-09-01,CHU,OPT,CHUJ7 P1325,2027-04-09,P,1.325,0.061700000,3,
2026-09-01,CHU,OPT,CHUJ7 P1330,2027-04-09,P,1.33,0.065600000,3,
2026-09-01,CHU,OPT,CHUJ7 P1335,2027-04-09,P,1.335,0.069700000,3,
2026-09-01,CHU,OPT,CHUJ7 P1340,2027-04-09,P,1.34,0.073700000,3,
2026-09-01,CHU,OPT,CHUJ7 P1345,2027-04-09,P,1.345,0.077900000,3,
2026-09-01,CHU,OPT,CHUJ7 P1350,2027-04-09,P,1.35,0.082100000,3,
2026-09-01,CHU,OPT,CHUJ7 P1355,2027-04-09,P,1.355,0.086400000,3,
2026-09-01,CHU,OPT,CHUJ7 P1360,2027-04-09,P,1.36,0.090700000,3,
2026-09-01,CHU,OPT,CHUJ7 P1365,2027-04-09,P,1.365,0.095000000,3,
2026-09-01,CHU,OPT,CHUJ7 P1370,2027-04-09,P,1.37,0.099400000,3,
2026-09-01,CHU,OPT,CHUJ7 P1375,2027-04-09,P,1.375,0.103900000,3,
2026-09-01,CHU,OPT,CHUJ7 P1380,2027-04-09,P,1.38,0.108400000,3,
2026-09-01,CHU,OPT,CHUJ7 P1385,2027-04-09,P,1.385,0.112900000,3,
2026-09-01,CHU,OPT,CHUJ7 P1390,2027-04-09,P,1.39,0.117400000,3,
2026-09-01,CHU,OPT,CHUJ7 P1400,2027-04-09,P,1.4,0.126600000,3,
2026-09-01,CHU,OPT,CHUJ7 P1410,2027-04-09,P,1.41,0.135800000,3,
2026-09-01,CHU,OPT,CHUJ7 P1420,2027-04-09,P,1.42,0.145100000,3,
2026-09-01,CHU,OPT,CHUJ7 P1430,2027-04-09,P,1.43,0.154600000,3,
2026-09-01,CHU,OPT,CHUJ7 P1440,2027-04-09,P,1.44,0.164000000,3,
2026-09-01,CHU,OPT,CHUK7 C1170,2027-05-07,C,1.17,0.104200000,3,
2026-09-01,CHU,OPT,CHUK7 C1180,2027-05-07,C,1.18,0.095300000,3,
2026-09-01,CHU,OPT,CHUK7 C1190,2027-05-07,C,1.19,0.086700000,3,
2026-09-01,CHU,OPT,CHUK7 C1200,2027-05-07,C,1.2,0.078300000,3,
2026-09-01,CHU,OPT,CHUK7 C1210,2027-05-07,C,1.21,0.070100000,3,
2026-09-01,CHU,OPT,CHUK7 C1215,2027-05-07,C,1.215,0.066200000,3,
2026-09-01,CHU,OPT,CHUK7 C1220,2027-05-07,C,1.22,0.062400000,3,
2026-09-01,CHU,OPT,CHUK7 C1225,2027-05-07,C,1.225,0.058700000,3,
2026-09-01,CHU,OPT,CHUK7 C1230,2027-05-07,C,1.23,0.055200000,3,
2026-09-01,CHU,OPT,CHUK7 C1235,2027-05-07,C,1.235,0.051700000,3,
2026-09-01,CHU,OPT,CHUK7 C1240,2027-05-07,C,1.24,0.048300000,3,
2026-09-01,CHU,OPT,CHUK7 C1245,2027-05-07,C,1.245,0.045100000,3,
2026-09-01,CHU,OPT,CHUK7 C1250,2027-05-07,C,1.25,0.042100000,3,
2026-09-01,CHU,OPT,CHUK7 C1255,2027-05-07,C,1.255,0.039200000,3,
2026-09-01,CHU,OPT,CHUK7 C1260,2027-05-07,C,1.26,0.036400000,3,
2026-09-01,CHU,OPT,CHUK7 C1265,2027-05-07,C,1.265,0.033800000,3,
2026-09-01,CHU,OPT,CHUK7 C1270,2027-05-07,C,1.27,0.031300000,3,
2026-09-01,CHU,OPT,CHUK7 C1275,2027-05-07,C,1.275,0.029000000,3,
2026-09-01,CHU,OPT,CHUK7 C1280,2027-05-07,C,1.28,0.026800000,3,
2026-09-01,CHU,OPT,CHUK7 C1285,2027-05-07,C,1.285,0.024800000,3,
2026-09-01,CHU,OPT,CHUK7 C1290,2027-05-07,C,1.29,0.022900000,3,
2026-09-01,CHU,OPT,CHUK7 C1295,2027-05-07,C,1.295,0.021200000,3,
2026-09-01,CHU,OPT,CHUK7 C1300,2027-05-07,C,1.3,0.019600000,3,
2026-09-01,CHU,OPT,CHUK7 C1305,2027-05-07,C,1.305,0.018100000,3,
2026-09-01,CHU,OPT,CHUK7 C1310,2027-05-07,C,1.31,0.016700000,3,
2026-09-01,CHU,OPT,CHUK7 C1315,2027-05-07,C,1.315,0.015500000,3,
2026-09-01,CHU,OPT,CHUK7 C1320,2027-05-07,C,1.32,0.014300000,3,
2026-09-01,CHU,OPT,CHUK7 C1325,2027-05-07,C,1.325,0.013200000,3,1
2026-09-01,CHU,OPT,CHUK7 C1330,2027-05-07,C,1.33,0.012200000,3,
2026-09-01,CHU,OPT,CHUK7 C1335,2027-05-07,C,1.335,0.011300000,3,
2026-09-01,CHU,OPT,CHUK7 C1340,2027-05-07,C,1.34,0.010500000,3,7
2026-09-01,CHU,OPT,CHUK7 C1345,2027-05-07,C,1.345,0.009700000,3,
2026-09-01,CHU,OPT,CHUK7 C1350,2027-05-07,C,1.35,0.008900000,3,
2026-09-01,CHU,OPT,CHUK7 C1355,2027-05-07,C,1.355,0.008300000,3,
2026-09-01,CHU,OPT,CHUK7 C1360,2027-05-07,C,1.36,0.007600000,3,
2026-09-01,CHU,OPT,CHUK7 C1365,2027-05-07,C,1.365,0.007100000,3,
2026-09-01,CHU,OPT,CHUK7 C1370,2027-05-07,C,1.37,0.006500000,3,
2026-09-01,CHU,OPT,CHUK7 C1375,2027-05-07,C,1.375,0.006100000,3,
2026-09-01,CHU,OPT,CHUK7 C1380,2027-05-07,C,1.38,0.005600000,3,
2026-09-01,CHU,OPT,CHUK7 C1385,2027-05-07,C,1.385,0.005200000,3,
2026-09-01,CHU,OPT,CHUK7 C1390,2027-05-07,C,1.39,0.004800000,3,
2026-09-01,CHU,OPT,CHUK7 C1400,2027-05-07,C,1.4,0.004100000,3,
2026-09-01,CHU,OPT,CHUK7 C1410,2027-05-07,C,1.41,0.003500000,3,
2026-09-01,CHU,OPT,CHUK7 C1420,2027-05-07,C,1.42,0.003000000,3,
2026-09-01,CHU,OPT,CHUK7 C1430,2027-05-07,C,1.43,0.002600000,3,
2026-09-01,CHU,OPT,CHUK7 C1440,2027-05-07,C,1.44,0.002200000,3,1
2026-09-01,CHU,OPT,CHUK7 P1170,2027-05-07,P,1.17,0.003300000,3,
2026-09-01,CHU,OPT,CHUK7 P1180,2027-05-07,P,1.18,0.004200000,3,
2026-09-01,CHU,OPT,CHUK7 P1190,2027-05-07,P,1.19,0.005300000,3,
2026-09-01,CHU,OPT,CHUK7 P1200,2027-05-07,P,1.2,0.006600000,3,1
2026-09-01,CHU,OPT,CHUK7 P1210,2027-05-07,P,1.21,0.008200000,3,
2026-09-01,CHU,OPT,CHUK7 P1215,2027-05-07,P,1.215,0.009200000,3,
2026-09-01,CHU,OPT,CHUK7 P1220,2027-05-07,P,1.22,0.010200000,3,
2026-09-01,CHU,OPT,CHUK7 P1225,2027-05-07,P,1.225,0.011400000,3,
2026-09-01,CHU,OPT,CHUK7 P1230,2027-05-07,P,1.23,0.012700000,3,
2026-09-01,CHU,OPT,CHUK7 P1235,2027-05-07,P,1.235,0.014100000,3,
2026-09-01,CHU,OPT,CHUK7 P1240,2027-05-07,P,1.24,0.015600000,3,
2026-09-01,CHU,OPT,CHUK7 P1245,2027-05-07,P,1.245,0.017300000,3,
2026-09-01,CHU,OPT,CHUK7 P1250,2027-05-07,P,1.25,0.019100000,3,
2026-09-01,CHU,OPT,CHUK7 P1255,2027-05-07,P,1.255,0.021000000,3,
2026-09-01,CHU,OPT,CHUK7 P1260,2027-05-07,P,1.26,0.023100000,3,
2026-09-01,CHU,OPT,CHUK7 P1265,2027-05-07,P,1.265,0.025400000,3,
2026-09-01,CHU,OPT,CHUK7 P1270,2027-05-07,P,1.27,0.027800000,3,
2026-09-01,CHU,OPT,CHUK7 P1275,2027-05-07,P,1.275,0.030300000,3,
2026-09-01,CHU,OPT,CHUK7 P1280,2027-05-07,P,1.28,0.033000000,3,
2026-09-01,CHU,OPT,CHUK7 P1285,2027-05-07,P,1.285,0.035900000,3,
2026-09-01,CHU,OPT,CHUK7 P1290,2027-05-07,P,1.29,0.038900000,3,
2026-09-01,CHU,OPT,CHUK7 P1295,2027-05-07,P,1.295,0.042000000,3,
2026-09-01,CHU,OPT,CHUK7 P1300,2027-05-07,P,1.3,0.045200000,3,
2026-09-01,CHU,OPT,CHUK7 P1305,2027-05-07,P,1.305,0.048600000,3,
2026-09-01,CHU,OPT,CHUK7 P1310,2027-05-07,P,1.31,0.052100000,3,
2026-09-01,CHU,OPT,CHUK7 P1315,2027-05-07,P,1.315,0.055700000,3,
2026-09-01,CHU,OPT,CHUK7 P1320,2027-05-07,P,1.32,0.059400000,3,
2026-09-01,CHU,OPT,CHUK7 P1325,2027-05-07,P,1.325,0.063200000,3,
2026-09-01,CHU,OPT,CHUK7 P1330,2027-05-07,P,1.33,0.067100000,3,
2026-09-01,CHU,OPT,CHUK7 P1335,2027-05-07,P,1.335,0.071000000,3,
2026-09-01,CHU,OPT,CHUK7 P1340,2027-05-07,P,1.34,0.075000000,3,
2026-09-01,CHU,OPT,CHUK7 P1345,2027-05-07,P,1.345,0.079100000,3,
2026-09-01,CHU,OPT,CHUK7 P1350,2027-05-07,P,1.35,0.083300000,3,
2026-09-01,CHU,OPT,CHUK7 P1355,2027-05-07,P,1.355,0.087400000,3,
2026-09-01,CHU,OPT,CHUK7 P1360,2027-05-07,P,1.36,0.091700000,3,
2026-09-01,CHU,OPT,CHUK7 P1365,2027-05-07,P,1.365,0.096000000,3,
2026-09-01,CHU,OPT,CHUK7 P1370,2027-05-07,P,1.37,0.100300000,3,
2026-09-01,CHU,OPT,CHUK7 P1375,2027-05-07,P,1.375,0.104700000,3,
2026-09-01,CHU,OPT,CHUK7 P1380,2027-05-07,P,1.38,0.109100000,3,
2026-09-01,CHU,OPT,CHUK7 P1385,2027-05-07,P,1.385,0.113600000,3,
2026-09-01,CHU,OPT,CHUK7 P1390,2027-05-07,P,1.39,0.118000000,3,
2026-09-01,CHU,OPT,CHUK7 P1400,2027-05-07,P,1.4,0.127100000,3,
2026-09-01,CHU,OPT,CHUK7 P1410,2027-05-07,P,1.41,0.136200000,3,
2026-09-01,CHU,OPT,CHUK7 P1420,2027-05-07,P,1.42,0.145400000,3,
2026-09-01,CHU,OPT,CHUK7 P1430,2027-05-07,P,1.43,0.154700000,3,
2026-09-01,CHU,OPT,CHUK7 P1440,2027-05-07,P,1.44,0.164100000,3,
2026-09-01,CHU,OPT,CHUM7 C1170,2027-06-04,C,1.17,0.104700000,3,
2026-09-01,CHU,OPT,CHUM7 C1180,2027-06-04,C,1.18,0.096000000,3,1
2026-09-01,CHU,OPT,CHUM7 C1190,2027-06-04,C,1.19,0.087400000,3,
2026-09-01,CHU,OPT,CHUM7 C1200,2027-06-04,C,1.2,0.079200000,3,
2026-09-01,CHU,OPT,CHUM7 C1210,2027-06-04,C,1.21,0.071200000,3,
2026-09-01,CHU,OPT,CHUM7 C1215,2027-06-04,C,1.215,0.067400000,3,
2026-09-01,CHU,OPT,CHUM7 C1220,2027-06-04,C,1.22,0.063600000,3,1
2026-09-01,CHU,OPT,CHUM7 C1225,2027-06-04,C,1.225,0.060000000,3,
2026-09-01,CHU,OPT,CHUM7 C1230,2027-06-04,C,1.23,0.056500000,3,
2026-09-01,CHU,OPT,CHUM7 C1235,2027-06-04,C,1.235,0.053100000,3,
2026-09-01,CHU,OPT,CHUM7 C1240,2027-06-04,C,1.24,0.049800000,3,
2026-09-01,CHU,OPT,CHUM7 C1245,2027-06-04,C,1.245,0.046600000,3,
2026-09-01,CHU,OPT,CHUM7 C1250,2027-06-04,C,1.25,0.043600000,3,
2026-09-01,CHU,OPT,CHUM7 C1255,2027-06-04,C,1.255,0.040800000,3,
2026-09-01,CHU,OPT,CHUM7 C1260,2027-06-04,C,1.26,0.038000000,3,
2026-09-01,CHU,OPT,CHUM7 C1265,2027-06-04,C,1.265,0.035400000,3,
2026-09-01,CHU,OPT,CHUM7 C1270,2027-06-04,C,1.27,0.033000000,3,
2026-09-01,CHU,OPT,CHUM7 C1275,2027-06-04,C,1.275,0.030700000,3,
2026-09-01,CHU,OPT,CHUM7 C1280,2027-06-04,C,1.28,0.028500000,3,
2026-09-01,CHU,OPT,CHUM7 C1285,2027-06-04,C,1.285,0.026500000,3,
2026-09-01,CHU,OPT,CHUM7 C1290,2027-06-04,C,1.29,0.024600000,3,
2026-09-01,CHU,OPT,CHUM7 C1295,2027-06-04,C,1.295,0.022900000,3,
2026-09-01,CHU,OPT,CHUM7 C1300,2027-06-04,C,1.3,0.021300000,3,
2026-09-01,CHU,OPT,CHUM7 C1305,2027-06-04,C,1.305,0.019800000,3,
2026-09-01,CHU,OPT,CHUM7 C1310,2027-06-04,C,1.31,0.018400000,3,
2026-09-01,CHU,OPT,CHUM7 C1315,2027-06-04,C,1.315,0.017000000,3,
2026-09-01,CHU,OPT,CHUM7 C1320,2027-06-04,C,1.32,0.015800000,3,
2026-09-01,CHU,OPT,CHUM7 C1325,2027-06-04,C,1.325,0.014700000,3,
2026-09-01,CHU,OPT,CHUM7 C1330,2027-06-04,C,1.33,0.013700000,3,
2026-09-01,CHU,OPT,CHUM7 C1335,2027-06-04,C,1.335,0.012700000,3,
2026-09-01,CHU,OPT,CHUM7 C1340,2027-06-04,C,1.34,0.011900000,3,
2026-09-01,CHU,OPT,CHUM7 C1345,2027-06-04,C,1.345,0.011100000,3,
2026-09-01,CHU,OPT,CHUM7 C1350,2027-06-04,C,1.35,0.010300000,3,
2026-09-01,CHU,OPT,CHUM7 C1355,2027-06-04,C,1.355,0.009600000,3,
2026-09-01,CHU,OPT,CHUM7 C1360,2027-06-04,C,1.36,0.008900000,3,2
2026-09-01,CHU,OPT,CHUM7 C1365,2027-06-04,C,1.365,0.008300000,3,10
2026-09-01,CHU,OPT,CHUM7 C1370,2027-06-04,C,1.37,0.007800000,3,
2026-09-01,CHU,OPT,CHUM7 C1375,2027-06-04,C,1.375,0.007200000,3,
2026-09-01,CHU,OPT,CHUM7 C1380,2027-06-04,C,1.38,0.006800000,3,
2026-09-01,CHU,OPT,CHUM7 C1385,2027-06-04,C,1.385,0.006300000,3,
2026-09-01,CHU,OPT,CHUM7 C1390,2027-06-04,C,1.39,0.005900000,3,
2026-09-01,CHU,OPT,CHUM7 C1395,2027-06-04,C,1.395,0.005500000,3,
2026-09-01,CHU,OPT,CHUM7 C1400,2027-06-04,C,1.4,0.005100000,3,
2026-09-01,CHU,OPT,CHUM7 C1405,2027-06-04,C,1.405,0.004700000,3,
2026-09-01,CHU,OPT,CHUM7 C1410,2027-06-04,C,1.41,0.004400000,3,
2026-09-01,CHU,OPT,CHUM7 C1415,2027-06-04,C,1.415,0.004100000,3,
2026-09-01,CHU,OPT,CHUM7 C1420,2027-06-04,C,1.42,0.003800000,3,10
2026-09-01,CHU,OPT,CHUM7 C1430,2027-06-04,C,1.43,0.003300000,3,1
2026-09-01,CHU,OPT,CHUM7 C1440,2027-06-04,C,1.44,0.002900000,3,
2026-09-01,CHU,OPT,CHUM7 C1450,2027-06-04,C,1.45,0.002500000,3,
2026-09-01,CHU,OPT,CHUM7 C1460,2027-06-04,C,1.46,0.002200000,3,
2026-09-01,CHU,OPT,CHUM7 C1470,2027-06-04,C,1.47,0.002000000,3,
2026-09-01,CHU,OPT,CHUM7 P1170,2027-06-04,P,1.17,0.004100000,3,
2026-09-01,CHU,OPT,CHUM7 P1180,2027-06-04,P,1.18,0.005100000,3,
2026-09-01,CHU,OPT,CHUM7 P1190,2027-06-04,P,1.19,0.006300000,3,
2026-09-01,CHU,OPT,CHUM7 P1200,2027-06-04,P,1.2,0.007700000,3,10
2026-09-01,CHU,OPT,CHUM7 P1210,2027-06-04,P,1.21,0.009400000,3,
2026-09-01,CHU,OPT,CHUM7 P1215,2027-06-04,P,1.215,0.010500000,3,
2026-09-01,CHU,OPT,CHUM7 P1220,2027-06-04,P,1.22,0.011600000,3,
2026-09-01,CHU,OPT,CHUM7 P1225,2027-06-04,P,1.225,0.012800000,3,
2026-09-01,CHU,OPT,CHUM7 P1230,2027-06-04,P,1.23,0.014100000,3,
2026-09-01,CHU,OPT,CHUM7 P1235,2027-06-04,P,1.235,0.015600000,3,
2026-09-01,CHU,OPT,CHUM7 P1240,2027-06-04,P,1.24,0.017200000,3,
2026-09-01,CHU,OPT,CHUM7 P1245,2027-06-04,P,1.245,0.018900000,3,10
2026-09-01,CHU,OPT,CHUM7 P1250,2027-06-04,P,1.25,0.020700000,3,
2026-09-01,CHU,OPT,CHUM7 P1255,2027-06-04,P,1.255,0.022700000,3,
2026-09-01,CHU,OPT,CHUM7 P1260,2027-06-04,P,1.26,0.024800000,3,
2026-09-01,CHU,OPT,CHUM7 P1265,2027-06-04,P,1.265,0.027000000,3,
2026-09-01,CHU,OPT,CHUM7 P1270,2027-06-04,P,1.27,0.029500000,3,
2026-09-01,CHU,OPT,CHUM7 P1275,2027-06-04,P,1.275,0.032000000,3,
2026-09-01,CHU,OPT,CHUM7 P1280,2027-06-04,P,1.28,0.034700000,3,
2026-09-01,CHU,OPT,CHUM7 P1285,2027-06-04,P,1.285,0.037500000,3,10
2026-09-01,CHU,OPT,CHUM7 P1290,2027-06-04,P,1.29,0.040500000,3,
2026-09-01,CHU,OPT,CHUM7 P1295,2027-06-04,P,1.295,0.043600000,3,
2026-09-01,CHU,OPT,CHUM7 P1300,2027-06-04,P,1.3,0.046800000,3,
2026-09-01,CHU,OPT,CHUM7 P1305,2027-06-04,P,1.305,0.050200000,3,
2026-09-01,CHU,OPT,CHUM7 P1310,2027-06-04,P,1.31,0.053600000,3,
2026-09-01,CHU,OPT,CHUM7 P1315,2027-06-04,P,1.315,0.057200000,3,
2026-09-01,CHU,OPT,CHUM7 P1320,2027-06-04,P,1.32,0.060800000,3,
2026-09-01,CHU,OPT,CHUM7 P1325,2027-06-04,P,1.325,0.064600000,3,
2026-09-01,CHU,OPT,CHUM7 P1330,2027-06-04,P,1.33,0.068400000,3,
2026-09-01,CHU,OPT,CHUM7 P1335,2027-06-04,P,1.335,0.072300000,3,
2026-09-01,CHU,OPT,CHUM7 P1340,2027-06-04,P,1.34,0.076200000,3,
2026-09-01,CHU,OPT,CHUM7 P1345,2027-06-04,P,1.345,0.080300000,3,
2026-09-01,CHU,OPT,CHUM7 P1350,2027-06-04,P,1.35,0.084400000,3,
2026-09-01,CHU,OPT,CHUM7 P1355,2027-06-04,P,1.355,0.088500000,3,
2026-09-01,CHU,OPT,CHUM7 P1360,2027-06-04,P,1.36,0.092700000,3,
2026-09-01,CHU,OPT,CHUM7 P1365,2027-06-04,P,1.365,0.097000000,3,
2026-09-01,CHU,OPT,CHUM7 P1370,2027-06-04,P,1.37,0.101200000,3,
2026-09-01,CHU,OPT,CHUM7 P1375,2027-06-04,P,1.375,0.105600000,3,
2026-09-01,CHU,OPT,CHUM7 P1380,2027-06-04,P,1.38,0.109900000,3,
2026-09-01,CHU,OPT,CHUM7 P1385,2027-06-04,P,1.385,0.114300000,3,
2026-09-01,CHU,OPT,CHUM7 P1390,2027-06-04,P,1.39,0.118700000,3,
2026-09-01,CHU,OPT,CHUM7 P1395,2027-06-04,P,1.395,0.123200000,3,
2026-09-01,CHU,OPT,CHUM7 P1400,2027-06-04,P,1.4,0.127700000,3,
2026-09-01,CHU,OPT,CHUM7 P1405,2027-06-04,P,1.405,0.132200000,3,
2026-09-01,CHU,OPT,CHUM7 P1410,2027-06-04,P,1.41,0.136700000,3,
2026-09-01,CHU,OPT,CHUM7 P1415,2027-06-04,P,1.415,0.141200000,3,
2026-09-01,CHU,OPT,CHUM7 P1420,2027-06-04,P,1.42,0.145800000,3,
2026-09-01,CHU,OPT,CHUM7 P1430,2027-06-04,P,1.43,0.155000000,3,
2026-09-01,CHU,OPT,CHUM7 P1440,2027-06-04,P,1.44,0.164300000,3,
2026-09-01,CHU,OPT,CHUM7 P1450,2027-06-04,P,1.45,0.173600000,3,
2026-09-01,CHU,OPT,CHUM7 P1460,2027-06-04,P,1.46,0.183000000,3,
2026-09-01,CHU,OPT,CHUM7 P1470,2027-06-04,P,1.47,0.192400000,3,
2026-09-01,CHU,OPT,CHUN7 C1180,2027-07-09,C,1.18,0.108200000,3,
2026-09-01,CHU,OPT,CHUN7 C1190,2027-07-09,C,1.19,0.099700000,3,
2026-09-01,CHU,OPT,CHUN7 C1200,2027-07-09,C,1.2,0.091300000,3,
2026-09-01,CHU,OPT,CHUN7 C1210,2027-07-09,C,1.21,0.083200000,3,
2026-09-01,CHU,OPT,CHUN7 C1220,2027-07-09,C,1.22,0.075400000,3,
2026-09-01,CHU,OPT,CHUN7 C1230,2027-07-09,C,1.23,0.067900000,3,1
2026-09-01,CHU,OPT,CHUN7 C1235,2027-07-09,C,1.235,0.064300000,3,
2026-09-01,CHU,OPT,CHUN7 C1240,2027-07-09,C,1.24,0.060800000,3,
2026-09-01,CHU,OPT,CHUN7 C1245,2027-07-09,C,1.245,0.057400000,3,
2026-09-01,CHU,OPT,CHUN7 C1250,2027-07-09,C,1.25,0.054100000,3,
2026-09-01,CHU,OPT,CHUN7 C1255,2027-07-09,C,1.255,0.050900000,3,
2026-09-01,CHU,OPT,CHUN7 C1260,2027-07-09,C,1.26,0.047800000,3,
2026-09-01,CHU,OPT,CHUN7 C1265,2027-07-09,C,1.265,0.044900000,3,
2026-09-01,CHU,OPT,CHUN7 C1270,2027-07-09,C,1.27,0.042100000,3,
2026-09-01,CHU,OPT,CHUN7 C1275,2027-07-09,C,1.275,0.039400000,3,
2026-09-01,CHU,OPT,CHUN7 C1280,2027-07-09,C,1.28,0.036900000,3,
2026-09-01,CHU,OPT,CHUN7 C1285,2027-07-09,C,1.285,0.034500000,3,
2026-09-01,CHU,OPT,CHUN7 C1290,2027-07-09,C,1.29,0.032300000,3,
2026-09-01,CHU,OPT,CHUN7 C1295,2027-07-09,C,1.295,0.030200000,3,
2026-09-01,CHU,OPT,CHUN7 C1300,2027-07-09,C,1.3,0.028300000,3,
2026-09-01,CHU,OPT,CHUN7 C1305,2027-07-09,C,1.305,0.026500000,3,
2026-09-01,CHU,OPT,CHUN7 C1310,2027-07-09,C,1.31,0.024800000,3,
2026-09-01,CHU,OPT,CHUN7 C1315,2027-07-09,C,1.315,0.023200000,3,
2026-09-01,CHU,OPT,CHUN7 C1320,2027-07-09,C,1.32,0.021700000,3,
2026-09-01,CHU,OPT,CHUN7 C1325,2027-07-09,C,1.325,0.020300000,3,
2026-09-01,CHU,OPT,CHUN7 C1330,2027-07-09,C,1.33,0.019000000,3,
2026-09-01,CHU,OPT,CHUN7 C1335,2027-07-09,C,1.335,0.017700000,3,
2026-09-01,CHU,OPT,CHUN7 C1340,2027-07-09,C,1.34,0.016600000,3,
2026-09-01,CHU,OPT,CHUN7 C1345,2027-07-09,C,1.345,0.015500000,3,
2026-09-01,CHU,OPT,CHUN7 C1350,2027-07-09,C,1.35,0.014500000,3,
2026-09-01,CHU,OPT,CHUN7 C1355,2027-07-09,C,1.355,0.013600000,3,
2026-09-01,CHU,OPT,CHUN7 C1360,2027-07-09,C,1.36,0.012700000,3,1
2026-09-01,CHU,OPT,CHUN7 C1370,2027-07-09,C,1.37,0.011200000,3,
2026-09-01,CHU,OPT,CHUN7 C1380,2027-07-09,C,1.38,0.009800000,3,
2026-09-01,CHU,OPT,CHUN7 C1390,2027-07-09,C,1.39,0.008500000,3,
2026-09-01,CHU,OPT,CHUN7 C1400,2027-07-09,C,1.4,0.007400000,3,8
2026-09-01,CHU,OPT,CHUN7 C1410,2027-07-09,C,1.41,0.006400000,3,
2026-09-01,CHU,OPT,CHUN7 P1180,2027-07-09,P,1.18,0.004500000,3,
2026-09-01,CHU,OPT,CHUN7 P1190,2027-07-09,P,1.19,0.005600000,3,
2026-09-01,CHU,OPT,CHUN7 P1200,2027-07-09,P,1.2,0.007000000,3,
2026-09-01,CHU,OPT,CHUN7 P1210,2027-07-09,P,1.21,0.008500000,3,
2026-09-01,CHU,OPT,CHUN7 P1220,2027-07-09,P,1.22,0.010400000,3,
2026-09-01,CHU,OPT,CHUN7 P1230,2027-07-09,P,1.23,0.012500000,3,
2026-09-01,CHU,OPT,CHUN7 P1235,2027-07-09,P,1.235,0.013800000,3,
2026-09-01,CHU,OPT,CHUN7 P1240,2027-07-09,P,1.24,0.015100000,3,
2026-09-01,CHU,OPT,CHUN7 P1245,2027-07-09,P,1.245,0.016500000,3,
2026-09-01,CHU,OPT,CHUN7 P1250,2027-07-09,P,1.25,0.018000000,3,
2026-09-01,CHU,OPT,CHUN7 P1255,2027-07-09,P,1.255,0.019700000,3,
2026-09-01,CHU,OPT,CHUN7 P1260,2027-07-09,P,1.26,0.021500000,3,
2026-09-01,CHU,OPT,CHUN7 P1265,2027-07-09,P,1.265,0.023400000,3,
2026-09-01,CHU,OPT,CHUN7 P1270,2027-07-09,P,1.27,0.025400000,3,
2026-09-01,CHU,OPT,CHUN7 P1275,2027-07-09,P,1.275,0.027500000,3,
2026-09-01,CHU,OPT,CHUN7 P1280,2027-07-09,P,1.28,0.029800000,3,
2026-09-01,CHU,OPT,CHUN7 P1285,2027-07-09,P,1.285,0.032300000,3,
2026-09-01,CHU,OPT,CHUN7 P1290,2027-07-09,P,1.29,0.034900000,3,
2026-09-01,CHU,OPT,CHUN7 P1295,2027-07-09,P,1.295,0.037700000,3,
2026-09-01,CHU,OPT,CHUN7 P1300,2027-07-09,P,1.3,0.040600000,3,
2026-09-01,CHU,OPT,CHUN7 P1305,2027-07-09,P,1.305,0.043600000,3,
2026-09-01,CHU,OPT,CHUN7 P1310,2027-07-09,P,1.31,0.046700000,3,
2026-09-01,CHU,OPT,CHUN7 P1315,2027-07-09,P,1.315,0.050000000,3,
2026-09-01,CHU,OPT,CHUN7 P1320,2027-07-09,P,1.32,0.053300000,3,
2026-09-01,CHU,OPT,CHUN7 P1325,2027-07-09,P,1.325,0.056700000,3,
2026-09-01,CHU,OPT,CHUN7 P1330,2027-07-09,P,1.33,0.060200000,3,
2026-09-01,CHU,OPT,CHUN7 P1335,2027-07-09,P,1.335,0.063800000,3,
2026-09-01,CHU,OPT,CHUN7 P1340,2027-07-09,P,1.34,0.067500000,3,
2026-09-01,CHU,OPT,CHUN7 P1345,2027-07-09,P,1.345,0.071300000,3,
2026-09-01,CHU,OPT,CHUN7 P1350,2027-07-09,P,1.35,0.075100000,3,
2026-09-01,CHU,OPT,CHUN7 P1355,2027-07-09,P,1.355,0.079000000,3,
2026-09-01,CHU,OPT,CHUN7 P1360,2027-07-09,P,1.36,0.083000000,3,
2026-09-01,CHU,OPT,CHUN7 P1370,2027-07-09,P,1.37,0.091100000,3,
2026-09-01,CHU,OPT,CHUN7 P1380,2027-07-09,P,1.38,0.099400000,3,
2026-09-01,CHU,OPT,CHUN7 P1390,2027-07-09,P,1.39,0.107700000,3,
2026-09-01,CHU,OPT,CHUN7 P1400,2027-07-09,P,1.4,0.116300000,3,
2026-09-01,CHU,OPT,CHUN7 P1410,2027-07-09,P,1.41,0.124900000,3,
2026-09-01,CHU,OPT,CHUQ7 C1190,2027-08-06,C,1.19,0.100200000,3,
2026-09-01,CHU,OPT,CHUQ7 C1200,2027-08-06,C,1.2,0.092000000,3,
2026-09-01,CHU,OPT,CHUQ7 C1210,2027-08-06,C,1.21,0.084100000,3,
2026-09-01,CHU,OPT,CHUQ7 C1220,2027-08-06,C,1.22,0.076400000,3,
2026-09-01,CHU,OPT,CHUQ7 C1230,2027-08-06,C,1.23,0.069000000,3,
2026-09-01,CHU,OPT,CHUQ7 C1235,2027-08-06,C,1.235,0.065500000,3,
2026-09-01,CHU,OPT,CHUQ7 C1240,2027-08-06,C,1.24,0.062000000,3,
2026-09-01,CHU,OPT,CHUQ7 C1245,2027-08-06,C,1.245,0.058700000,3,
2026-09-01,CHU,OPT,CHUQ7 C1250,2027-08-06,C,1.25,0.055500000,3,
2026-09-01,CHU,OPT,CHUQ7 C1255,2027-08-06,C,1.255,0.052400000,3,
2026-09-01,CHU,OPT,CHUQ7 C1260,2027-08-06,C,1.26,0.049400000,3,
2026-09-01,CHU,OPT,CHUQ7 C1265,2027-08-06,C,1.265,0.046500000,3,
2026-09-01,CHU,OPT,CHUQ7 C1270,2027-08-06,C,1.27,0.043700000,3,
2026-09-01,CHU,OPT,CHUQ7 C1275,2027-08-06,C,1.275,0.041100000,3,
2026-09-01,CHU,OPT,CHUQ7 C1280,2027-08-06,C,1.28,0.038600000,3,
2026-09-01,CHU,OPT,CHUQ7 C1285,2027-08-06,C,1.285,0.036200000,3,
2026-09-01,CHU,OPT,CHUQ7 C1290,2027-08-06,C,1.29,0.034000000,3,
2026-09-01,CHU,OPT,CHUQ7 C1295,2027-08-06,C,1.295,0.031900000,3,
2026-09-01,CHU,OPT,CHUQ7 C1300,2027-08-06,C,1.3,0.030000000,3,
2026-09-01,CHU,OPT,CHUQ7 C1305,2027-08-06,C,1.305,0.028200000,3,
2026-09-01,CHU,OPT,CHUQ7 C1310,2027-08-06,C,1.31,0.026500000,3,
2026-09-01,CHU,OPT,CHUQ7 C1315,2027-08-06,C,1.315,0.024900000,3,
2026-09-01,CHU,OPT,CHUQ7 C1320,2027-08-06,C,1.32,0.023400000,3,
2026-09-01,CHU,OPT,CHUQ7 C1325,2027-08-06,C,1.325,0.021900000,3,
2026-09-01,CHU,OPT,CHUQ7 C1330,2027-08-06,C,1.33,0.020600000,3,
2026-09-01,CHU,OPT,CHUQ7 C1335,2027-08-06,C,1.335,0.019300000,3,
2026-09-01,CHU,OPT,CHUQ7 C1340,2027-08-06,C,1.34,0.018100000,3,
2026-09-01,CHU,OPT,CHUQ7 C1345,2027-08-06,C,1.345,0.017000000,3,
2026-09-01,CHU,OPT,CHUQ7 C1350,2027-08-06,C,1.35,0.016000000,3,
2026-09-01,CHU,OPT,CHUQ7 C1355,2027-08-06,C,1.355,0.015000000,3,
2026-09-01,CHU,OPT,CHUQ7 C1360,2027-08-06,C,1.36,0.014100000,3,
2026-09-01,CHU,OPT,CHUQ7 C1370,2027-08-06,C,1.37,0.012500000,3,
2026-09-01,CHU,OPT,CHUQ7 C1380,2027-08-06,C,1.38,0.011000000,3,
2026-09-01,CHU,OPT,CHUQ7 C1390,2027-08-06,C,1.39,0.009700000,3,
2026-09-01,CHU,OPT,CHUQ7 C1400,2027-08-06,C,1.4,0.008500000,3,
2026-09-01,CHU,OPT,CHUQ7 C1410,2027-08-06,C,1.41,0.007500000,3,
2026-09-01,CHU,OPT,CHUQ7 P1190,2027-08-06,P,1.19,0.006500000,3,
2026-09-01,CHU,OPT,CHUQ7 P1200,2027-08-06,P,1.2,0.007900000,3,
2026-09-01,CHU,OPT,CHUQ7 P1210,2027-08-06,P,1.21,0.009600000,3,
2026-09-01,CHU,OPT,CHUQ7 P1220,2027-08-06,P,1.22,0.011600000,3,
2026-09-01,CHU,OPT,CHUQ7 P1230,2027-08-06,P,1.23,0.013900000,3,
2026-09-01,CHU,OPT,CHUQ7 P1235,2027-08-06,P,1.235,0.015100000,3,
2026-09-01,CHU,OPT,CHUQ7 P1240,2027-08-06,P,1.24,0.016500000,3,
2026-09-01,CHU,OPT,CHUQ7 P1245,2027-08-06,P,1.245,0.018000000,3,
2026-09-01,CHU,OPT,CHUQ7 P1250,2027-08-06,P,1.25,0.019600000,3,
2026-09-01,CHU,OPT,CHUQ7 P1255,2027-08-06,P,1.255,0.021300000,3,
2026-09-01,CHU,OPT,CHUQ7 P1260,2027-08-06,P,1.26,0.023100000,3,
2026-09-01,CHU,OPT,CHUQ7 P1265,2027-08-06,P,1.265,0.025000000,3,
2026-09-01,CHU,OPT,CHUQ7 P1270,2027-08-06,P,1.27,0.027100000,3,
2026-09-01,CHU,OPT,CHUQ7 P1275,2027-08-06,P,1.275,0.029200000,3,
2026-09-01,CHU,OPT,CHUQ7 P1280,2027-08-06,P,1.28,0.031500000,3,
2026-09-01,CHU,OPT,CHUQ7 P1285,2027-08-06,P,1.285,0.034000000,3,
2026-09-01,CHU,OPT,CHUQ7 P1290,2027-08-06,P,1.29,0.036600000,3,
2026-09-01,CHU,OPT,CHUQ7 P1295,2027-08-06,P,1.295,0.039400000,3,
2026-09-01,CHU,OPT,CHUQ7 P1300,2027-08-06,P,1.3,0.042200000,3,
2026-09-01,CHU,OPT,CHUQ7 P1305,2027-08-06,P,1.305,0.045200000,3,
2026-09-01,CHU,OPT,CHUQ7 P1310,2027-08-06,P,1.31,0.048400000,3,
2026-09-01,CHU,OPT,CHUQ7 P1315,2027-08-06,P,1.315,0.051600000,3,
2026-09-01,CHU,OPT,CHUQ7 P1320,2027-08-06,P,1.32,0.054900000,3,
2026-09-01,CHU,OPT,CHUQ7 P1325,2027-08-06,P,1.325,0.058200000,3,
2026-09-01,CHU,OPT,CHUQ7 P1330,2027-08-06,P,1.33,0.061700000,3,
2026-09-01,CHU,OPT,CHUQ7 P1335,2027-08-06,P,1.335,0.065300000,3,
2026-09-01,CHU,OPT,CHUQ7 P1340,2027-08-06,P,1.34,0.068900000,3,
2026-09-01,CHU,OPT,CHUQ7 P1345,2027-08-06,P,1.345,0.072600000,3,
2026-09-01,CHU,OPT,CHUQ7 P1350,2027-08-06,P,1.35,0.076400000,3,
2026-09-01,CHU,OPT,CHUQ7 P1355,2027-08-06,P,1.355,0.080200000,3,
2026-09-01,CHU,OPT,CHUQ7 P1360,2027-08-06,P,1.36,0.084100000,3,
2026-09-01,CHU,OPT,CHUQ7 P1370,2027-08-06,P,1.37,0.092100000,3,
2026-09-01,CHU,OPT,CHUQ7 P1380,2027-08-06,P,1.38,0.100300000,3,
2026-09-01,CHU,OPT,CHUQ7 P1390,2027-08-06,P,1.39,0.108600000,3,
2026-09-01,CHU,OPT,CHUQ7 P1400,2027-08-06,P,1.4,0.117100000,3,
2026-09-01,CHU,OPT,CHUQ7 P1410,2027-08-06,P,1.41,0.125700000,3,
2026-09-01,CHU,OPT,CHUU7 C1180,2027-09-03,C,1.18,0.109300000,3,
2026-09-01,CHU,OPT,CHUU7 C1190,2027-09-03,C,1.19,0.101000000,3,
2026-09-01,CHU,OPT,CHUU7 C1200,2027-09-03,C,1.2,0.092900000,3,
2026-09-01,CHU,OPT,CHUU7 C1210,2027-09-03,C,1.21,0.085000000,3,
2026-09-01,CHU,OPT,CHUU7 C1220,2027-09-03,C,1.22,0.077500000,3,
2026-09-01,CHU,OPT,CHUU7 C1230,2027-09-03,C,1.23,0.070200000,3,
2026-09-01,CHU,OPT,CHUU7 C1235,2027-09-03,C,1.235,0.066700000,3,10
2026-09-01,CHU,OPT,CHUU7 C1240,2027-09-03,C,1.24,0.063300000,3,
2026-09-01,CHU,OPT,CHUU7 C1245,2027-09-03,C,1.245,0.060000000,3,
2026-09-01,CHU,OPT,CHUU7 C1250,2027-09-03,C,1.25,0.056800000,3,
2026-09-01,CHU,OPT,CHUU7 C1255,2027-09-03,C,1.255,0.053700000,3,
2026-09-01,CHU,OPT,CHUU7 C1260,2027-09-03,C,1.26,0.050800000,3,
2026-09-01,CHU,OPT,CHUU7 C1265,2027-09-03,C,1.265,0.047900000,3,
2026-09-01,CHU,OPT,CHUU7 C1270,2027-09-03,C,1.27,0.045200000,3,
2026-09-01,CHU,OPT,CHUU7 C1275,2027-09-03,C,1.275,0.042600000,3,
2026-09-01,CHU,OPT,CHUU7 C1280,2027-09-03,C,1.28,0.040100000,3,
2026-09-01,CHU,OPT,CHUU7 C1285,2027-09-03,C,1.285,0.037800000,3,
2026-09-01,CHU,OPT,CHUU7 C1290,2027-09-03,C,1.29,0.035600000,3,
2026-09-01,CHU,OPT,CHUU7 C1295,2027-09-03,C,1.295,0.033500000,3,
2026-09-01,CHU,OPT,CHUU7 C1300,2027-09-03,C,1.3,0.031500000,3,
2026-09-01,CHU,OPT,CHUU7 C1305,2027-09-03,C,1.305,0.029700000,3,
2026-09-01,CHU,OPT,CHUU7 C1310,2027-09-03,C,1.31,0.028000000,3,
2026-09-01,CHU,OPT,CHUU7 C1315,2027-09-03,C,1.315,0.026300000,3,
2026-09-01,CHU,OPT,CHUU7 C1320,2027-09-03,C,1.32,0.024800000,3,11
2026-09-01,CHU,OPT,CHUU7 C1325,2027-09-03,C,1.325,0.023400000,3,
2026-09-01,CHU,OPT,CHUU7 C1330,2027-09-03,C,1.33,0.022000000,3,
2026-09-01,CHU,OPT,CHUU7 C1335,2027-09-03,C,1.335,0.020800000,3,
2026-09-01,CHU,OPT,CHUU7 C1340,2027-09-03,C,1.34,0.019600000,3,
2026-09-01,CHU,OPT,CHUU7 C1345,2027-09-03,C,1.345,0.018400000,3,
2026-09-01,CHU,OPT,CHUU7 C1350,2027-09-03,C,1.35,0.017400000,3,
2026-09-01,CHU,OPT,CHUU7 C1355,2027-09-03,C,1.355,0.016400000,3,
2026-09-01,CHU,OPT,CHUU7 C1360,2027-09-03,C,1.36,0.015400000,3,
2026-09-01,CHU,OPT,CHUU7 C1365,2027-09-03,C,1.365,0.014500000,3,426
2026-09-01,CHU,OPT,CHUU7 C1370,2027-09-03,C,1.37,0.013700000,3,
2026-09-01,CHU,OPT,CHUU7 C1375,2027-09-03,C,1.375,0.013000000,3,
2026-09-01,CHU,OPT,CHUU7 C1380,2027-09-03,C,1.38,0.012200000,3,
2026-09-01,CHU,OPT,CHUU7 C1385,2027-09-03,C,1.385,0.011600000,3,
2026-09-01,CHU,OPT,CHUU7 C1390,2027-09-03,C,1.39,0.010900000,3,
2026-09-01,CHU,OPT,CHUU7 C1395,2027-09-03,C,1.395,0.010300000,3,
2026-09-01,CHU,OPT,CHUU7 C1400,2027-09-03,C,1.4,0.009800000,3,
2026-09-01,CHU,OPT,CHUU7 C1405,2027-09-03,C,1.405,0.009200000,3,
2026-09-01,CHU,OPT,CHUU7 C1410,2027-09-03,C,1.41,0.008700000,3,
2026-09-01,CHU,OPT,CHUU7 C1415,2027-09-03,C,1.415,0.008300000,3,
2026-09-01,CHU,OPT,CHUU7 C1420,2027-09-03,C,1.42,0.007800000,3,
2026-09-01,CHU,OPT,CHUU7 C1425,2027-09-03,C,1.425,0.007400000,3,
2026-09-01,CHU,OPT,CHUU7 C1430,2027-09-03,C,1.43,0.007000000,3,
2026-09-01,CHU,OPT,CHUU7 C1435,2027-09-03,C,1.435,0.006600000,3,
2026-09-01,CHU,OPT,CHUU7 C1440,2027-09-03,C,1.44,0.006300000,3,
2026-09-01,CHU,OPT,CHUU7 C1450,2027-09-03,C,1.45,0.005600000,3,
2026-09-01,CHU,OPT,CHUU7 C1460,2027-09-03,C,1.46,0.005000000,3,
2026-09-01,CHU,OPT,CHUU7 C1470,2027-09-03,C,1.47,0.004500000,3,
2026-09-01,CHU,OPT,CHUU7 C1480,2027-09-03,C,1.48,0.004000000,3,
2026-09-01,CHU,OPT,CHUU7 P1180,2027-09-03,P,1.18,0.006300000,3,
2026-09-01,CHU,OPT,CHUU7 P1190,2027-09-03,P,1.19,0.007600000,3,
2026-09-01,CHU,OPT,CHUU7 P1200,2027-09-03,P,1.2,0.009100000,3,
2026-09-01,CHU,OPT,CHUU7 P1210,2027-09-03,P,1.21,0.010800000,3,
2026-09-01,CHU,OPT,CHUU7 P1220,2027-09-03,P,1.22,0.012900000,3,9
2026-09-01,CHU,OPT,CHUU7 P1230,2027-09-03,P,1.23,0.015200000,3,
2026-09-01,CHU,OPT,CHUU7 P1235,2027-09-03,P,1.235,0.016500000,3,
2026-09-01,CHU,OPT,CHUU7 P1240,2027-09-03,P,1.24,0.017900000,3,
2026-09-01,CHU,OPT,CHUU7 P1245,2027-09-03,P,1.245,0.019400000,3,
2026-09-01,CHU,OPT,CHUU7 P1250,2027-09-03,P,1.25,0.021000000,3,
2026-09-01,CHU,OPT,CHUU7 P1255,2027-09-03,P,1.255,0.022700000,3,
2026-09-01,CHU,OPT,CHUU7 P1260,2027-09-03,P,1.26,0.024500000,3,
2026-09-01,CHU,OPT,CHUU7 P1265,2027-09-03,P,1.265,0.026500000,3,
2026-09-01,CHU,OPT,CHUU7 P1270,2027-09-03,P,1.27,0.028600000,3,
2026-09-01,CHU,OPT,CHUU7 P1275,2027-09-03,P,1.275,0.030800000,3,
2026-09-01,CHU,OPT,CHUU7 P1280,2027-09-03,P,1.28,0.033100000,3,
2026-09-01,CHU,OPT,CHUU7 P1285,2027-09-03,P,1.285,0.035600000,3,1
2026-09-01,CHU,OPT,CHUU7 P1290,2027-09-03,P,1.29,0.038200000,3,
2026-09-01,CHU,OPT,CHUU7 P1295,2027-09-03,P,1.295,0.040900000,3,
2026-09-01,CHU,OPT,CHUU7 P1300,2027-09-03,P,1.3,0.043700000,3,
2026-09-01,CHU,OPT,CHUU7 P1305,2027-09-03,P,1.305,0.046700000,3,
2026-09-01,CHU,OPT,CHUU7 P1310,2027-09-03,P,1.31,0.049800000,3,
2026-09-01,CHU,OPT,CHUU7 P1315,2027-09-03,P,1.315,0.052900000,3,
2026-09-01,CHU,OPT,CHUU7 P1320,2027-09-03,P,1.32,0.056200000,3,6
2026-09-01,CHU,OPT,CHUU7 P1325,2027-09-03,P,1.325,0.059600000,3,
2026-09-01,CHU,OPT,CHUU7 P1330,2027-09-03,P,1.33,0.063000000,3,
2026-09-01,CHU,OPT,CHUU7 P1335,2027-09-03,P,1.335,0.066500000,3,
2026-09-01,CHU,OPT,CHUU7 P1340,2027-09-03,P,1.34,0.070100000,3,
2026-09-01,CHU,OPT,CHUU7 P1345,2027-09-03,P,1.345,0.073800000,3,
2026-09-01,CHU,OPT,CHUU7 P1350,2027-09-03,P,1.35,0.077500000,3,
2026-09-01,CHU,OPT,CHUU7 P1355,2027-09-03,P,1.355,0.081300000,3,
2026-09-01,CHU,OPT,CHUU7 P1360,2027-09-03,P,1.36,0.085200000,3,
2026-09-01,CHU,OPT,CHUU7 P1365,2027-09-03,P,1.365,0.089100000,3,
2026-09-01,CHU,OPT,CHUU7 P1370,2027-09-03,P,1.37,0.093100000,3,
2026-09-01,CHU,OPT,CHUU7 P1375,2027-09-03,P,1.375,0.097100000,3,
2026-09-01,CHU,OPT,CHUU7 P1380,2027-09-03,P,1.38,0.101200000,3,
2026-09-01,CHU,OPT,CHUU7 P1385,2027-09-03,P,1.385,0.105300000,3,
2026-09-01,CHU,OPT,CHUU7 P1390,2027-09-03,P,1.39,0.109500000,3,
2026-09-01,CHU,OPT,CHUU7 P1395,2027-09-03,P,1.395,0.113700000,3,
2026-09-01,CHU,OPT,CHUU7 P1400,2027-09-03,P,1.4,0.117900000,3,
2026-09-01,CHU,OPT,CHUU7 P1405,2027-09-03,P,1.405,0.122200000,3,
2026-09-01,CHU,OPT,CHUU7 P1410,2027-09-03,P,1.41,0.126500000,3,
2026-09-01,CHU,OPT,CHUU7 P1415,2027-09-03,P,1.415,0.130800000,3,
2026-09-01,CHU,OPT,CHUU7 P1420,2027-09-03,P,1.42,0.135200000,3,
2026-09-01,CHU,OPT,CHUU7 P1425,2027-09-03,P,1.425,0.139600000,3,
2026-09-01,CHU,OPT,CHUU7 P1430,2027-09-03,P,1.43,0.144000000,3,
2026-09-01,CHU,OPT,CHUU7 P1435,2027-09-03,P,1.435,0.148400000,3,
2026-09-01,CHU,OPT,CHUU7 P1440,2027-09-03,P,1.44,0.152900000,3,
2026-09-01,CHU,OPT,CHUU7 P1450,2027-09-03,P,1.45,0.161800000,3,
2026-09-01,CHU,OPT,CHUU7 P1460,2027-09-03,P,1.46,0.170800000,3,
2026-09-01,CHU,OPT,CHUU7 P1470,2027-09-03,P,1.47,0.179900000,3,
2026-09-01,CHU,OPT,CHUU7 P1480,2027-09-03,P,1.48,0.189000000,3,
2026-09-01,CHU,OPT,CHUZ7 C1190,2027-12-03,C,1.19,0.111200000,3,
2026-09-01,CHU,OPT,CHUZ7 C1200,2027-12-03,C,1.2,0.103300000,3,
2026-09-01,CHU,OPT,CHUZ7 C1210,2027-12-03,C,1.21,0.095600000,3,
2026-09-01,CHU,OPT,CHUZ7 C1220,2027-12-03,C,1.22,0.088200000,3,
2026-09-01,CHU,OPT,CHUZ7 C1230,2027-12-03,C,1.23,0.081200000,3,
2026-09-01,CHU,OPT,CHUZ7 C1240,2027-12-03,C,1.24,0.074400000,3,
2026-09-01,CHU,OPT,CHUZ7 C1245,2027-12-03,C,1.245,0.071200000,3,
2026-09-01,CHU,OPT,CHUZ7 C1250,2027-12-03,C,1.25,0.067800000,3,
2026-09-01,CHU,OPT,CHUZ7 C1255,2027-12-03,C,1.255,0.064600000,3,
2026-09-01,CHU,OPT,CHUZ7 C1260,2027-12-03,C,1.26,0.061400000,3,
2026-09-01,CHU,OPT,CHUZ7 C1265,2027-12-03,C,1.265,0.058300000,3,
2026-09-01,CHU,OPT,CHUZ7 C1270,2027-12-03,C,1.27,0.055300000,3,
2026-09-01,CHU,OPT,CHUZ7 C1275,2027-12-03,C,1.275,0.052400000,3,
2026-09-01,CHU,OPT,CHUZ7 C1280,2027-12-03,C,1.28,0.049600000,3,
2026-09-01,CHU,OPT,CHUZ7 C1285,2027-12-03,C,1.285,0.047000000,3,
2026-09-01,CHU,OPT,CHUZ7 C1290,2027-12-03,C,1.29,0.044400000,3,
2026-09-01,CHU,OPT,CHUZ7 C1295,2027-12-03,C,1.295,0.042000000,3,
2026-09-01,CHU,OPT,CHUZ7 C1300,2027-12-03,C,1.3,0.039700000,3,
2026-09-01,CHU,OPT,CHUZ7 C1305,2027-12-03,C,1.305,0.037500000,3,
2026-09-01,CHU,OPT,CHUZ7 C1310,2027-12-03,C,1.31,0.035400000,3,
2026-09-01,CHU,OPT,CHUZ7 C1315,2027-12-03,C,1.315,0.033400000,3,
2026-09-01,CHU,OPT,CHUZ7 C1320,2027-12-03,C,1.32,0.031600000,3,
2026-09-01,CHU,OPT,CHUZ7 C1325,2027-12-03,C,1.325,0.029800000,3,
2026-09-01,CHU,OPT,CHUZ7 C1330,2027-12-03,C,1.33,0.028200000,3,
2026-09-01,CHU,OPT,CHUZ7 C1335,2027-12-03,C,1.335,0.026600000,3,
2026-09-01,CHU,OPT,CHUZ7 C1340,2027-12-03,C,1.34,0.025200000,3,
2026-09-01,CHU,OPT,CHUZ7 C1345,2027-12-03,C,1.345,0.023800000,3,
2026-09-01,CHU,OPT,CHUZ7 C1350,2027-12-03,C,1.35,0.022500000,3,
2026-09-01,CHU,OPT,CHUZ7 C1355,2027-12-03,C,1.355,0.021200000,3,
2026-09-01,CHU,OPT,CHUZ7 C1360,2027-12-03,C,1.36,0.020100000,3,
2026-09-01,CHU,OPT,CHUZ7 C1365,2027-12-03,C,1.365,0.019000000,3,
2026-09-01,CHU,OPT,CHUZ7 C1370,2027-12-03,C,1.37,0.017900000,3,
2026-09-01,CHU,OPT,CHUZ7 C1375,2027-12-03,C,1.375,0.017000000,3,
2026-09-01,CHU,OPT,CHUZ7 C1380,2027-12-03,C,1.38,0.016100000,3,
2026-09-01,CHU,OPT,CHUZ7 C1385,2027-12-03,C,1.385,0.015200000,3,
2026-09-01,CHU,OPT,CHUZ7 C1390,2027-12-03,C,1.39,0.014400000,3,
2026-09-01,CHU,OPT,CHUZ7 C1395,2027-12-03,C,1.395,0.013700000,3,
2026-09-01,CHU,OPT,CHUZ7 C1400,2027-12-03,C,1.4,0.013000000,3,4
2026-09-01,CHU,OPT,CHUZ7 C1405,2027-12-03,C,1.405,0.012300000,3,
2026-09-01,CHU,OPT,CHUZ7 C1410,2027-12-03,C,1.41,0.011700000,3,
2026-09-01,CHU,OPT,CHUZ7 C1415,2027-12-03,C,1.415,0.011100000,3,
2026-09-01,CHU,OPT,CHUZ7 C1420,2027-12-03,C,1.42,0.010500000,3,
2026-09-01,CHU,OPT,CHUZ7 C1425,2027-12-03,C,1.425,0.010000000,3,
2026-09-01,CHU,OPT,CHUZ7 C1430,2027-12-03,C,1.43,0.009500000,3,
2026-09-01,CHU,OPT,CHUZ7 C1435,2027-12-03,C,1.435,0.009000000,3,
2026-09-01,CHU,OPT,CHUZ7 C1440,2027-12-03,C,1.44,0.008600000,3,
2026-09-01,CHU,OPT,CHUZ7 C1445,2027-12-03,C,1.445,0.008200000,3,
2026-09-01,CHU,OPT,CHUZ7 C1450,2027-12-03,C,1.45,0.007800000,3,
2026-09-01,CHU,OPT,CHUZ7 C1460,2027-12-03,C,1.46,0.007200000,3,
2026-09-01,CHU,OPT,CHUZ7 C1470,2027-12-03,C,1.47,0.006600000,3,
2026-09-01,CHU,OPT,CHUZ7 C1480,2027-12-03,C,1.48,0.006100000,3,
2026-09-01,CHU,OPT,CHUZ7 C1490,2027-12-03,C,1.49,0.005600000,3,
2026-09-01,CHU,OPT,CHUZ7 P1190,2027-12-03,P,1.19,0.006400000,3,
2026-09-01,CHU,OPT,CHUZ7 P1200,2027-12-03,P,1.2,0.008000000,3,
2026-09-01,CHU,OPT,CHUZ7 P1210,2027-12-03,P,1.21,0.009800000,3,
2026-09-01,CHU,OPT,CHUZ7 P1220,2027-12-03,P,1.22,0.012000000,3,
2026-09-01,CHU,OPT,CHUZ7 P1230,2027-12-03,P,1.23,0.014400000,3,
2026-09-01,CHU,OPT,CHUZ7 P1240,2027-12-03,P,1.24,0.017200000,3,
2026-09-01,CHU,OPT,CHUZ7 P1245,2027-12-03,P,1.245,0.018700000,3,
2026-09-01,CHU,OPT,CHUZ7 P1250,2027-12-03,P,1.25,0.020100000,3,
2026-09-01,CHU,OPT,CHUZ7 P1255,2027-12-03,P,1.255,0.021500000,3,
2026-09-01,CHU,OPT,CHUZ7 P1260,2027-12-03,P,1.26,0.023100000,3,
2026-09-01,CHU,OPT,CHUZ7 P1265,2027-12-03,P,1.265,0.024800000,3,
2026-09-01,CHU,OPT,CHUZ7 P1270,2027-12-03,P,1.27,0.026500000,3,
2026-09-01,CHU,OPT,CHUZ7 P1275,2027-12-03,P,1.275,0.028400000,3,
2026-09-01,CHU,OPT,CHUZ7 P1280,2027-12-03,P,1.28,0.030300000,3,
2026-09-01,CHU,OPT,CHUZ7 P1285,2027-12-03,P,1.285,0.032400000,3,
2026-09-01,CHU,OPT,CHUZ7 P1290,2027-12-03,P,1.29,0.034600000,3,
2026-09-01,CHU,OPT,CHUZ7 P1295,2027-12-03,P,1.295,0.037000000,3,
2026-09-01,CHU,OPT,CHUZ7 P1300,2027-12-03,P,1.3,0.039400000,3,
2026-09-01,CHU,OPT,CHUZ7 P1305,2027-12-03,P,1.305,0.041900000,3,
2026-09-01,CHU,OPT,CHUZ7 P1310,2027-12-03,P,1.31,0.044600000,3,
2026-09-01,CHU,OPT,CHUZ7 P1315,2027-12-03,P,1.315,0.047400000,3,
2026-09-01,CHU,OPT,CHUZ7 P1320,2027-12-03,P,1.32,0.050300000,3,
2026-09-01,CHU,OPT,CHUZ7 P1325,2027-12-03,P,1.325,0.053300000,3,
2026-09-01,CHU,OPT,CHUZ7 P1330,2027-12-03,P,1.33,0.056400000,3,
2026-09-01,CHU,OPT,CHUZ7 P1335,2027-12-03,P,1.335,0.059600000,3,
2026-09-01,CHU,OPT,CHUZ7 P1340,2027-12-03,P,1.34,0.062900000,3,
2026-09-01,CHU,OPT,CHUZ7 P1345,2027-12-03,P,1.345,0.066200000,3,
2026-09-01,CHU,OPT,CHUZ7 P1350,2027-12-03,P,1.35,0.069700000,3,
2026-09-01,CHU,OPT,CHUZ7 P1355,2027-12-03,P,1.355,0.073200000,3,
2026-09-01,CHU,OPT,CHUZ7 P1360,2027-12-03,P,1.36,0.076800000,3,
2026-09-01,CHU,OPT,CHUZ7 P1365,2027-12-03,P,1.365,0.080400000,3,
2026-09-01,CHU,OPT,CHUZ7 P1370,2027-12-03,P,1.37,0.084100000,3,
2026-09-01,CHU,OPT,CHUZ7 P1375,2027-12-03,P,1.375,0.087900000,3,
2026-09-01,CHU,OPT,CHUZ7 P1380,2027-12-03,P,1.38,0.091800000,3,
2026-09-01,CHU,OPT,CHUZ7 P1385,2027-12-03,P,1.385,0.095700000,3,
2026-09-01,CHU,OPT,CHUZ7 P1390,2027-12-03,P,1.39,0.099600000,3,
2026-09-01,CHU,OPT,CHUZ7 P1395,2027-12-03,P,1.395,0.103600000,3,
2026-09-01,CHU,OPT,CHUZ7 P1400,2027-12-03,P,1.4,0.107700000,3,
2026-09-01,CHU,OPT,CHUZ7 P1405,2027-12-03,P,1.405,0.111800000,3,
2026-09-01,CHU,OPT,CHUZ7 P1410,2027-12-03,P,1.41,0.115900000,3,
2026-09-01,CHU,OPT,CHUZ7 P1415,2027-12-03,P,1.415,0.120000000,3,
2026-09-01,CHU,OPT,CHUZ7 P1420,2027-12-03,P,1.42,0.124200000,3,
2026-09-01,CHU,OPT,CHUZ7 P1425,2027-12-03,P,1.425,0.128500000,3,
2026-09-01,CHU,OPT,CHUZ7 P1430,2027-12-03,P,1.43,0.132700000,3,
2026-09-01,CHU,OPT,CHUZ7 P1435,2027-12-03,P,1.435,0.137000000,3,
2026-09-01,CHU,OPT,CHUZ7 P1440,2027-12-03,P,1.44,0.141300000,3,
2026-09-01,CHU,OPT,CHUZ7 P1445,2027-12-03,P,1.445,0.145600000,3,
2026-09-01,CHU,OPT,CHUZ7 P1450,2027-12-03,P,1.45,0.150000000,3,
2026-09-01,CHU,OPT,CHUZ7 P1460,2027-12-03,P,1.46,0.158900000,3,
2026-09-01,CHU,OPT,CHUZ7 P1470,2027-12-03,P,1.47,0.167800000,3,
2026-09-01,CHU,OPT,CHUZ7 P1480,2027-12-03,P,1.48,0.176800000,3,
2026-09-01,CHU,OPT,CHUZ7 P1490,2027-12-03,P,1.49,0.185800000,3,
2026-09-01,CHU,OPT,CHUH8 C1210,2028-03-03,C,1.21,0.107000000,3,
2026-09-01,CHU,OPT,CHUH8 C1220,2028-03-03,C,1.22,0.099600000,3,
2026-09-01,CHU,OPT,CHUH8 C1230,2028-03-03,C,1.23,0.092500000,3,
2026-09-01,CHU,OPT,CHUH8 C1240,2028-03-03,C,1.24,0.085800000,3,
2026-09-01,CHU,OPT,CHUH8 C1250,2028-03-03,C,1.25,0.079300000,3,
2026-09-01,CHU,OPT,CHUH8 C1255,2028-03-03,C,1.255,0.076200000,3,
2026-09-01,CHU,OPT,CHUH8 C1260,2028-03-03,C,1.26,0.072900000,3,
2026-09-01,CHU,OPT,CHUH8 C1265,2028-03-03,C,1.265,0.069700000,3,
2026-09-01,CHU,OPT,CHUH8 C1270,2028-03-03,C,1.27,0.066500000,3,
2026-09-01,CHU,OPT,CHUH8 C1275,2028-03-03,C,1.275,0.063500000,3,
2026-09-01,CHU,OPT,CHUH8 C1280,2028-03-03,C,1.28,0.060500000,3,
2026-09-01,CHU,OPT,CHUH8 C1285,2028-03-03,C,1.285,0.057600000,3,
2026-09-01,CHU,OPT,CHUH8 C1290,2028-03-03,C,1.29,0.054900000,3,
2026-09-01,CHU,OPT,CHUH8 C1295,2028-03-03,C,1.295,0.052200000,3,
2026-09-01,CHU,OPT,CHUH8 C1300,2028-03-03,C,1.3,0.049700000,3,
2026-09-01,CHU,OPT,CHUH8 C1305,2028-03-03,C,1.305,0.047200000,3,
2026-09-01,CHU,OPT,CHUH8 C1310,2028-03-03,C,1.31,0.044900000,3,
2026-09-01,CHU,OPT,CHUH8 C1315,2028-03-03,C,1.315,0.042700000,3,
2026-09-01,CHU,OPT,CHUH8 C1320,2028-03-03,C,1.32,0.040600000,3,
2026-09-01,CHU,OPT,CHUH8 C1325,2028-03-03,C,1.325,0.038600000,3,
2026-09-01,CHU,OPT,CHUH8 C1330,2028-03-03,C,1.33,0.036700000,3,
2026-09-01,CHU,OPT,CHUH8 C1335,2028-03-03,C,1.335,0.034900000,3,
2026-09-01,CHU,OPT,CHUH8 C1340,2028-03-03,C,1.34,0.033200000,3,
2026-09-01,CHU,OPT,CHUH8 C1345,2028-03-03,C,1.345,0.031600000,3,
2026-09-01,CHU,OPT,CHUH8 C1350,2028-03-03,C,1.35,0.030100000,3,
2026-09-01,CHU,OPT,CHUH8 C1355,2028-03-03,C,1.355,0.028600000,3,
2026-09-01,CHU,OPT,CHUH8 C1360,2028-03-03,C,1.36,0.027200000,3,
2026-09-01,CHU,OPT,CHUH8 C1365,2028-03-03,C,1.365,0.025900000,3,
2026-09-01,CHU,OPT,CHUH8 C1370,2028-03-03,C,1.37,0.024700000,3,
2026-09-01,CHU,OPT,CHUH8 C1375,2028-03-03,C,1.375,0.023500000,3,
2026-09-01,CHU,OPT,CHUH8 C1380,2028-03-03,C,1.38,0.022400000,3,
2026-09-01,CHU,OPT,CHUH8 C1385,2028-03-03,C,1.385,0.021400000,3,
2026-09-01,CHU,OPT,CHUH8 C1390,2028-03-03,C,1.39,0.020400000,3,
2026-09-01,CHU,OPT,CHUH8 C1395,2028-03-03,C,1.395,0.019400000,3,
2026-09-01,CHU,OPT,CHUH8 C1400,2028-03-03,C,1.4,0.018600000,3,
2026-09-01,CHU,OPT,CHUH8 C1405,2028-03-03,C,1.405,0.017700000,3,
2026-09-01,CHU,OPT,CHUH8 C1410,2028-03-03,C,1.41,0.017000000,3,
2026-09-01,CHU,OPT,CHUH8 C1415,2028-03-03,C,1.415,0.016200000,3,
2026-09-01,CHU,OPT,CHUH8 C1420,2028-03-03,C,1.42,0.015500000,3,
2026-09-01,CHU,OPT,CHUH8 C1425,2028-03-03,C,1.425,0.014900000,3,
2026-09-01,CHU,OPT,CHUH8 C1430,2028-03-03,C,1.43,0.014300000,3,
2026-09-01,CHU,OPT,CHUH8 C1440,2028-03-03,C,1.44,0.013300000,3,
2026-09-01,CHU,OPT,CHUH8 C1450,2028-03-03,C,1.45,0.012400000,3,
2026-09-01,CHU,OPT,CHUH8 C1460,2028-03-03,C,1.46,0.011500000,3,
2026-09-01,CHU,OPT,CHUH8 C1470,2028-03-03,C,1.47,0.010700000,3,
2026-09-01,CHU,OPT,CHUH8 C1480,2028-03-03,C,1.48,0.010000000,3,
2026-09-01,CHU,OPT,CHUH8 P1210,2028-03-03,P,1.21,0.009600000,3,
2026-09-01,CHU,OPT,CHUH8 P1220,2028-03-03,P,1.22,0.011700000,3,
2026-09-01,CHU,OPT,CHUH8 P1230,2028-03-03,P,1.23,0.014000000,3,
2026-09-01,CHU,OPT,CHUH8 P1240,2028-03-03,P,1.24,0.016600000,3,
2026-09-01,CHU,OPT,CHUH8 P1250,2028-03-03,P,1.25,0.019600000,3,
2026-09-01,CHU,OPT,CHUH8 P1255,2028-03-03,P,1.255,0.021100000,3,
2026-09-01,CHU,OPT,CHUH8 P1260,2028-03-03,P,1.26,0.022500000,3,
2026-09-01,CHU,OPT,CHUH8 P1265,2028-03-03,P,1.265,0.024000000,3,
2026-09-01,CHU,OPT,CHUH8 P1270,2028-03-03,P,1.27,0.025600000,3,
2026-09-01,CHU,OPT,CHUH8 P1275,2028-03-03,P,1.275,0.027200000,3,
2026-09-01,CHU,OPT,CHUH8 P1280,2028-03-03,P,1.28,0.029000000,3,
2026-09-01,CHU,OPT,CHUH8 P1285,2028-03-03,P,1.285,0.030800000,3,
2026-09-01,CHU,OPT,CHUH8 P1290,2028-03-03,P,1.29,0.032700000,3,
2026-09-01,CHU,OPT,CHUH8 P1295,2028-03-03,P,1.295,0.034800000,3,
2026-09-01,CHU,OPT,CHUH8 P1300,2028-03-03,P,1.3,0.036900000,3,
2026-09-01,CHU,OPT,CHUH8 P1305,2028-03-03,P,1.305,0.039200000,3,
2026-09-01,CHU,OPT,CHUH8 P1310,2028-03-03,P,1.31,0.041600000,3,
2026-09-01,CHU,OPT,CHUH8 P1315,2028-03-03,P,1.315,0.044000000,3,
2026-09-01,CHU,OPT,CHUH8 P1320,2028-03-03,P,1.32,0.046600000,3,
2026-09-01,CHU,OPT,CHUH8 P1325,2028-03-03,P,1.325,0.049400000,3,
2026-09-01,CHU,OPT,CHUH8 P1330,2028-03-03,P,1.33,0.052200000,3,
2026-09-01,CHU,OPT,CHUH8 P1335,2028-03-03,P,1.335,0.055100000,3,
2026-09-01,CHU,OPT,CHUH8 P1340,2028-03-03,P,1.34,0.058100000,3,
2026-09-01,CHU,OPT,CHUH8 P1345,2028-03-03,P,1.345,0.061200000,3,
2026-09-01,CHU,OPT,CHUH8 P1350,2028-03-03,P,1.35,0.064300000,3,
2026-09-01,CHU,OPT,CHUH8 P1355,2028-03-03,P,1.355,0.067600000,3,
2026-09-01,CHU,OPT,CHUH8 P1360,2028-03-03,P,1.36,0.070900000,3,
2026-09-01,CHU,OPT,CHUH8 P1365,2028-03-03,P,1.365,0.074300000,3,
2026-09-01,CHU,OPT,CHUH8 P1370,2028-03-03,P,1.37,0.077700000,3,
2026-09-01,CHU,OPT,CHUH8 P1375,2028-03-03,P,1.375,0.081300000,3,
2026-09-01,CHU,OPT,CHUH8 P1380,2028-03-03,P,1.38,0.084900000,3,
2026-09-01,CHU,OPT,CHUH8 P1385,2028-03-03,P,1.385,0.088500000,3,
2026-09-01,CHU,OPT,CHUH8 P1390,2028-03-03,P,1.39,0.092200000,3,
2026-09-01,CHU,OPT,CHUH8 P1395,2028-03-03,P,1.395,0.096000000,3,
2026-09-01,CHU,OPT,CHUH8 P1400,2028-03-03,P,1.4,0.099800000,3,
2026-09-01,CHU,OPT,CHUH8 P1405,2028-03-03,P,1.405,0.103700000,3,
2026-09-01,CHU,OPT,CHUH8 P1410,2028-03-03,P,1.41,0.107600000,3,
2026-09-01,CHU,OPT,CHUH8 P1415,2028-03-03,P,1.415,0.111600000,3,
2026-09-01,CHU,OPT,CHUH8 P1420,2028-03-03,P,1.42,0.115600000,3,
2026-09-01,CHU,OPT,CHUH8 P1425,2028-03-03,P,1.425,0.119700000,3,
2026-09-01,CHU,OPT,CHUH8 P1430,2028-03-03,P,1.43,0.123800000,3,
2026-09-01,CHU,OPT,CHUH8 P1440,2028-03-03,P,1.44,0.132100000,3,
2026-09-01,CHU,OPT,CHUH8 P1450,2028-03-03,P,1.45,0.140600000,3,
2026-09-01,CHU,OPT,CHUH8 P1460,2028-03-03,P,1.46,0.149100000,3,
2026-09-01,CHU,OPT,CHUH8 P1470,2028-03-03,P,1.47,0.157700000,3,
2026-09-01,CHU,OPT,CHUH8 P1480,2028-03-03,P,1.48,0.166400000,3,
2026-09-01,CHU,OPT,CHUM8 C1220,2028-06-09,C,1.22,0.112300000,3,
2026-09-01,CHU,OPT,CHUM8 C1230,2028-06-09,C,1.23,0.105000000,3,
2026-09-01,CHU,OPT,CHUM8 C1240,2028-06-09,C,1.24,0.098000000,3,
2026-09-01,CHU,OPT,CHUM8 C1250,2028-06-09,C,1.25,0.091300000,3,
2026-09-01,CHU,OPT,CHUM8 C1260,2028-06-09,C,1.26,0.084700000,3,
2026-09-01,CHU,OPT,CHUM8 C1270,2028-06-09,C,1.27,0.078500000,3,
2026-09-01,CHU,OPT,CHUM8 C1275,2028-06-09,C,1.275,0.075300000,3,
2026-09-01,CHU,OPT,CHUM8 C1280,2028-06-09,C,1.28,0.072200000,3,
2026-09-01,CHU,OPT,CHUM8 C1285,2028-06-09,C,1.285,0.069200000,3,
2026-09-01,CHU,OPT,CHUM8 C1290,2028-06-09,C,1.29,0.066200000,3,
2026-09-01,CHU,OPT,CHUM8 C1295,2028-06-09,C,1.295,0.063300000,3,
2026-09-01,CHU,OPT,CHUM8 C1300,2028-06-09,C,1.3,0.060500000,3,
2026-09-01,CHU,OPT,CHUM8 C1305,2028-06-09,C,1.305,0.057900000,3,
2026-09-01,CHU,OPT,CHUM8 C1310,2028-06-09,C,1.31,0.055300000,3,
2026-09-01,CHU,OPT,CHUM8 C1315,2028-06-09,C,1.315,0.052800000,3,
2026-09-01,CHU,OPT,CHUM8 C1320,2028-06-09,C,1.32,0.050400000,3,
2026-09-01,CHU,OPT,CHUM8 C1325,2028-06-09,C,1.325,0.048200000,3,
2026-09-01,CHU,OPT,CHUM8 C1330,2028-06-09,C,1.33,0.046000000,3,
2026-09-01,CHU,OPT,CHUM8 C1335,2028-06-09,C,1.335,0.043900000,3,
2026-09-01,CHU,OPT,CHUM8 C1340,2028-06-09,C,1.34,0.042000000,3,
2026-09-01,CHU,OPT,CHUM8 C1345,2028-06-09,C,1.345,0.040100000,3,
2026-09-01,CHU,OPT,CHUM8 C1350,2028-06-09,C,1.35,0.038400000,3,
2026-09-01,CHU,OPT,CHUM8 C1355,2028-06-09,C,1.355,0.036700000,3,
2026-09-01,CHU,OPT,CHUM8 C1360,2028-06-09,C,1.36,0.035100000,3,
2026-09-01,CHU,OPT,CHUM8 C1365,2028-06-09,C,1.365,0.033600000,3,
2026-09-01,CHU,OPT,CHUM8 C1370,2028-06-09,C,1.37,0.032200000,3,
2026-09-01,CHU,OPT,CHUM8 C1375,2028-06-09,C,1.375,0.030800000,3,
2026-09-01,CHU,OPT,CHUM8 C1380,2028-06-09,C,1.38,0.029500000,3,
2026-09-01,CHU,OPT,CHUM8 C1385,2028-06-09,C,1.385,0.028200000,3,
2026-09-01,CHU,OPT,CHUM8 C1390,2028-06-09,C,1.39,0.027100000,3,
2026-09-01,CHU,OPT,CHUM8 C1395,2028-06-09,C,1.395,0.025900000,3,
2026-09-01,CHU,OPT,CHUM8 C1400,2028-06-09,C,1.4,0.024800000,3,
2026-09-01,CHU,OPT,CHUM8 C1405,2028-06-09,C,1.405,0.023900000,3,
2026-09-01,CHU,OPT,CHUM8 C1410,2028-06-09,C,1.41,0.023000000,3,
2026-09-01,CHU,OPT,CHUM8 C1415,2028-06-09,C,1.415,0.022200000,3,
2026-09-01,CHU,OPT,CHUM8 C1420,2028-06-09,C,1.42,0.021400000,3,
2026-09-01,CHU,OPT,CHUM8 C1430,2028-06-09,C,1.43,0.019900000,3,
2026-09-01,CHU,OPT,CHUM8 C1440,2028-06-09,C,1.44,0.018500000,3,
2026-09-01,CHU,OPT,CHUM8 C1450,2028-06-09,C,1.45,0.017300000,3,
2026-09-01,CHU,OPT,CHUM8 C1460,2028-06-09,C,1.46,0.016200000,3,
2026-09-01,CHU,OPT,CHUM8 P1220,2028-06-09,P,1.22,0.012200000,3,
2026-09-01,CHU,OPT,CHUM8 P1230,2028-06-09,P,1.23,0.014200000,3,
2026-09-01,CHU,OPT,CHUM8 P1240,2028-06-09,P,1.24,0.016500000,3,
2026-09-01,CHU,OPT,CHUM8 P1250,2028-06-09,P,1.25,0.019000000,3,
2026-09-01,CHU,OPT,CHUM8 P1260,2028-06-09,P,1.26,0.021800000,3,
2026-09-01,CHU,OPT,CHUM8 P1270,2028-06-09,P,1.27,0.024900000,3,
2026-09-01,CHU,OPT,CHUM8 P1275,2028-06-09,P,1.275,0.026300000,3,
2026-09-01,CHU,OPT,CHUM8 P1280,2028-06-09,P,1.28,0.027900000,3,
2026-09-01,CHU,OPT,CHUM8 P1285,2028-06-09,P,1.285,0.029500000,3,
2026-09-01,CHU,OPT,CHUM8 P1290,2028-06-09,P,1.29,0.031200000,3,
2026-09-01,CHU,OPT,CHUM8 P1295,2028-06-09,P,1.295,0.032900000,3,
2026-09-01,CHU,OPT,CHUM8 P1300,2028-06-09,P,1.3,0.034800000,3,
2026-09-01,CHU,OPT,CHUM8 P1305,2028-06-09,P,1.305,0.036800000,3,
2026-09-01,CHU,OPT,CHUM8 P1310,2028-06-09,P,1.31,0.038800000,3,
2026-09-01,CHU,OPT,CHUM8 P1315,2028-06-09,P,1.315,0.041000000,3,
2026-09-01,CHU,OPT,CHUM8 P1320,2028-06-09,P,1.32,0.043300000,3,
2026-09-01,CHU,OPT,CHUM8 P1325,2028-06-09,P,1.325,0.045700000,3,
2026-09-01,CHU,OPT,CHUM8 P1330,2028-06-09,P,1.33,0.048100000,3,
2026-09-01,CHU,OPT,CHUM8 P1335,2028-06-09,P,1.335,0.050700000,3,
2026-09-01,CHU,OPT,CHUM8 P1340,2028-06-09,P,1.34,0.053400000,3,
2026-09-01,CHU,OPT,CHUM8 P1345,2028-06-09,P,1.345,0.056200000,3,
2026-09-01,CHU,OPT,CHUM8 P1350,2028-06-09,P,1.35,0.059100000,3,
2026-09-01,CHU,OPT,CHUM8 P1355,2028-06-09,P,1.355,0.062100000,3,
2026-09-01,CHU,OPT,CHUM8 P1360,2028-06-09,P,1.36,0.065100000,3,
2026-09-01,CHU,OPT,CHUM8 P1365,2028-06-09,P,1.365,0.068300000,3,
2026-09-01,CHU,OPT,CHUM8 P1370,2028-06-09,P,1.37,0.071500000,3,
2026-09-01,CHU,OPT,CHUM8 P1375,2028-06-09,P,1.375,0.074700000,3,
2026-09-01,CHU,OPT,CHUM8 P1380,2028-06-09,P,1.38,0.078100000,3,
2026-09-01,CHU,OPT,CHUM8 P1385,2028-06-09,P,1.385,0.081500000,3,
2026-09-01,CHU,OPT,CHUM8 P1390,2028-06-09,P,1.39,0.085000000,3,
2026-09-01,CHU,OPT,CHUM8 P1395,2028-06-09,P,1.395,0.088500000,3,
2026-09-01,CHU,OPT,CHUM8 P1400,2028-06-09,P,1.4,0.092000000,3,
2026-09-01,CHU,OPT,CHUM8 P1405,2028-06-09,P,1.405,0.095800000,3,
2026-09-01,CHU,OPT,CHUM8 P1410,2028-06-09,P,1.41,0.099500000,3,
2026-09-01,CHU,OPT,CHUM8 P1415,2028-06-09,P,1.415,0.103300000,3,
2026-09-01,CHU,OPT,CHUM8 P1420,2028-06-09,P,1.42,0.107200000,3,
2026-09-01,CHU,OPT,CHUM8 P1430,2028-06-09,P,1.43,0.115000000,3,
2026-09-01,CHU,OPT,CHUM8 P1440,2028-06-09,P,1.44,0.122900000,3,
2026-09-01,CHU,OPT,CHUM8 P1450,2028-06-09,P,1.45,0.131000000,3,
2026-09-01,CHU,OPT,CHUM8 P1460,2028-06-09,P,1.46,0.139100000,3,
