session,root,type,symbol,expiry,right,strike,settle,settle_flag,oi
2026-09-01,EUU,OPT,EUUU6 C0910,2026-09-04,C,0.91,0.249600000,3,
2026-09-01,EUU,OPT,EUUU6 C0920,2026-09-04,C,0.92,0.239600000,3,
2026-09-01,EUU,OPT,EUUU6 C0930,2026-09-04,C,0.93,0.229600000,3,
2026-09-01,EUU,OPT,EUUU6 C0940,2026-09-04,C,0.94,0.219600000,3,
2026-09-01,EUU,OPT,EUUU6 C0950,2026-09-04,C,0.95,0.209600000,3,
2026-09-01,EUU,OPT,EUUU6 C0960,2026-09-04,C,0.96,0.199600000,3,
2026-09-01,EUU,OPT,EUUU6 C0970,2026-09-04,C,0.97,0.189600000,3,
2026-09-01,EUU,OPT,EUUU6 C0980,2026-09-04,C,0.98,0.179600000,3,
2026-09-01,EUU,OPT,EUUU6 C0990,2026-09-04,C,0.99,0.169600000,3,
2026-09-01,EUU,OPT,EUUU6 C1000,2026-09-04,C,1,0.159600000,3,
2026-09-01,EUU,OPT,EUUU6 C1005,2026-09-04,C,1.005,0.154600000,3,
2026-09-01,EUU,OPT,EUUU6 C1010,2026-09-04,C,1.01,0.149600000,3,
2026-09-01,EUU,OPT,EUUU6 C1015,2026-09-04,C,1.015,0.144600000,3,
2026-09-01,EUU,OPT,EUUU6 C1020,2026-09-04,C,1.02,0.139600000,3,
2026-09-01,EUU,OPT,EUUU6 C1025,2026-09-04,C,1.025,0.134600000,3,
2026-09-01,EUU,OPT,EUUU6 C1030,2026-09-04,C,1.03,0.129600000,3,
2026-09-01,EUU,OPT,EUUU6 C1035,2026-09-04,C,1.035,0.124600000,3,
2026-09-01,EUU,OPT,EUUU6 C1040,2026-09-04,C,1.04,0.119600000,3,
2026-09-01,EUU,OPT,EUUU6 C1045,2026-09-04,C,1.045,0.114600000,3,
2026-09-01,EUU,OPT,EUUU6 C1050,2026-09-04,C,1.05,0.109600000,3,
2026-09-01,EUU,OPT,EUUU6 C1055,2026-09-04,C,1.055,0.104600000,3,
2026-09-01,EUU,OPT,EUUU6 C1060,2026-09-04,C,1.06,0.099600000,3,
2026-09-01,EUU,OPT,EUUU6 C1065,2026-09-04,C,1.065,0.094600000,3,
2026-09-01,EUU,OPT,EUUU6 C1070,2026-09-04,C,1.07,0.089600000,3,
2026-09-01,EUU,OPT,EUUU6 C1075,2026-09-04,C,1.075,0.084600000,3,
2026-09-01,EUU,OPT,EUUU6 C1080,2026-09-04,C,1.08,0.079600000,3,4
2026-09-01,EUU,OPT,EUUU6 C1085,2026-09-04,C,1.085,0.074600000,3,
2026-09-01,EUU,OPT,EUUU6 C1090,2026-09-04,C,1.09,0.069600000,3,3
2026-09-01,EUU,OPT,EUUU6 C1095,2026-09-04,C,1.095,0.064600000,3,1
2026-09-01,EUU,OPT,EUUU6 C1100,2026-09-04,C,1.1,0.059600000,3,
2026-09-01,EUU,OPT,EUUU6 C1105,2026-09-04,C,1.105,0.054600000,3,
2026-09-01,EUU,OPT,EUUU6 C1110,2026-09-04,C,1.11,0.049600000,3,
2026-09-01,EUU,OPT,EUUU6 C1115,2026-09-04,C,1.115,0.044600000,3,
2026-09-01,EUU,OPT,EUUU6 C1120,2026-09-04,C,1.12,0.039600000,3,22
2026-09-01,EUU,OPT,EUUU6 C1125,2026-09-04,C,1.125,0.034600000,3,2
2026-09-01,EUU,OPT,EUUU6 C1130,2026-09-04,C,1.13,0.029600000,3,51
2026-09-01,EUU,OPT,EUUU6 C1132,2026-09-04,C,1.1325,0.027100000,3,
2026-09-01,EUU,OPT,EUUU6 C1135,2026-09-04,C,1.135,0.024600000,3,86
2026-09-01,EUU,OPT,EUUU6 C1137,2026-09-04,C,1.1375,0.022100000,3,
2026-09-01,EUU,OPT,EUUU6 C1140,2026-09-04,C,1.14,0.019600000,3,1318
2026-09-01,EUU,OPT,EUUU6 C1142,2026-09-04,C,1.1425,0.017200000,3,
2026-09-01,EUU,OPT,EUUU6 C1145,2026-09-04,C,1.145,0.014700000,3,1055
2026-09-01,EUU,OPT,EUUU6 C1147,2026-09-04,C,1.1475,0.012300000,3,
2026-09-01,EUU,OPT,EUUU6 C1150,2026-09-04,C,1.15,0.009900000,3,4665
2026-09-01,EUU,OPT,EUUU6 C1152,2026-09-04,C,1.1525,0.007600000,3,13
2026-09-01,EUU,OPT,EUUU6 C1155,2026-09-04,C,1.155,0.005500000,3,1789
2026-09-01,EUU,OPT,EUUU6 C1157,2026-09-04,C,1.1575,0.003700000,3,115
2026-09-01,EUU,OPT,EUUU6 C1160,2026-09-04,C,1.16,0.002200000,3,3711
2026-09-01,EUU,OPT,EUUU6 C1162,2026-09-04,C,1.1625,0.001100000,3,156
2026-09-01,EUU,OPT,EUUU6 C1165,2026-09-04,C,1.165,0.000500000,3,8494
2026-09-01,EUU,OPT,EUUU6 C1167,2026-09-04,C,1.1675,0.000250000,3,562
2026-09-01,EUU,OPT,EUUU6 C1170,2026-09-04,C,1.17,0.000150000,3,5817
2026-09-01,EUU,OPT,EUUU6 C1172,2026-09-04,C,1.1725,0.000100000,3,1381
2026-09-01,EUU,OPT,EUUU6 C1175,2026-09-04,C,1.175,0.000050000,3,3934
2026-09-01,EUU,OPT,EUUU6 C1177,2026-09-04,C,1.1775,0.000050000,3,396
2026-09-01,EUU,OPT,EUUU6 C1180,2026-09-04,C,1.18,0.000050000,3,19900
2026-09-01,EUU,OPT,EUUU6 C1182,2026-09-04,C,1.1825,0.000050000,3,432
2026-09-01,EUU,OPT,EUUU6 C1185,2026-09-04,C,1.185,0.000050000,3,3423
2026-09-01,EUU,OPT,EUUU6 C1187,2026-09-04,C,1.1875,0.000050000,3,144
2026-09-01,EUU,OPT,EUUU6 C1190,2026-09-04,C,1.19,0.000050000,3,2001
2026-09-01,EUU,OPT,EUUU6 C1195,2026-09-04,C,1.195,0.000050000,3,1512
2026-09-01,EUU,OPT,EUUU6 C1200,2026-09-04,C,1.2,0.000050000,3,7911
2026-09-01,EUU,OPT,EUUU6 C1205,2026-09-04,C,1.205,0.000050000,3,614
2026-09-01,EUU,OPT,EUUU6 C1210,2026-09-04,C,1.21,0.000050000,3,650
2026-09-01,EUU,OPT,EUUU6 C1215,2026-09-04,C,1.215,0.000050000,3,261
2026-09-01,EUU,OPT,EUUU6 C1220,2026-09-04,C,1.22,0.000050000,3,1344
2026-09-01,EUU,OPT,EUUU6 C1225,2026-09-04,C,1.225,0.000050000,3,254
2026-09-01,EUU,OPT,EUUU6 C1230,2026-09-04,C,1.23,0.000050000,3,426
2026-09-01,EUU,OPT,EUUU6 C1235,2026-09-04,C,1.235,0.000050000,3,71
2026-09-01,EUU,OPT,EUUU6 C1240,2026-09-04,C,1.24,0.000050000,3,456
2026-09-01,EUU,OPT,EUUU6 C1245,2026-09-04,C,1.245,0.000050000,3,58
2026-09-01,EUU,OPT,EUUU6 C1250,2026-09-04,C,1.25,0.000050000,3,292
2026-09-01,EUU,OPT,EUUU6 C1255,2026-09-04,C,1.255,0.000050000,3,71
2026-09-01,EUU,OPT,EUUU6 C1260,2026-09-04,C,1.26,0.000050000,3,169
2026-09-01,EUU,OPT,EUUU6 C1270,2026-09-04,C,1.27,0.000050000,3,95
2026-09-01,EUU,OPT,EUUU6 C1280,2026-09-04,C,1.28,0.000050000,3,182
2026-09-01,EUU,OPT,EUUU6 C1290,2026-09-04,C,1.29,0.000050000,3,356
2026-09-01,EUU,OPT,EUUU6 C1300,2026-09-04,C,1.3,0.000050000,3,745
2026-09-01,EUU,OPT,EUUU6 C1310,2026-09-04,C,1.31,0.000050000,3,55
2026-09-01,EUU,OPT,EUUU6 C1320,2026-09-04,C,1.32,0.000050000,3,38
2026-09-01,EUU,OPT,EUUU6 C1330,2026-09-04,C,1.33,0.000050000,3,21
2026-09-01,EUU,OPT,EUUU6 C1340,2026-09-04,C,1.34,0.000050000,3,20
2026-09-01,EUU,OPT,EUUU6 C1350,2026-09-04,C,1.35,0.000050000,3,1026
2026-09-01,EUU,OPT,EUUU6 C1360,2026-09-04,C,1.36,0.000050000,3,244
2026-09-01,EUU,OPT,EUUU6 P0910,2026-09-04,P,0.91,0.000050000,3,5
2026-09-01,EUU,OPT,EUUU6 P0920,2026-09-04,P,0.92,0.000050000,3,
2026-09-01,EUU,OPT,EUUU6 P0930,2026-09-04,P,0.93,0.000050000,3,2
2026-09-01,EUU,OPT,EUUU6 P0940,2026-09-04,P,0.94,0.000050000,3,
2026-09-01,EUU,OPT,EUUU6 P0950,2026-09-04,P,0.95,0.000050000,3,267
2026-09-01,EUU,OPT,EUUU6 P0960,2026-09-04,P,0.96,0.000050000,3,
2026-09-01,EUU,OPT,EUUU6 P0970,2026-09-04,P,0.97,0.000050000,3,
2026-09-01,EUU,OPT,EUUU6 P0980,2026-09-04,P,0.98,0.000050000,3,
2026-09-01,EUU,OPT,EUUU6 P0990,2026-09-04,P,0.99,0.000050000,3,97
2026-09-01,EUU,OPT,EUUU6 P1000,2026-09-04,P,1,0.000050000,3,255
2026-09-01,EUU,OPT,EUUU6 P1005,2026-09-04,P,1.005,0.000050000,3,
2026-09-01,EUU,OPT,EUUU6 P1010,2026-09-04,P,1.01,0.000050000,3,187
2026-09-01,EUU,OPT,EUUU6 P1015,2026-09-04,P,1.015,0.000050000,3,1
2026-09-01,EUU,OPT,EUUU6 P1020,2026-09-04,P,1.02,0.000050000,3,76
2026-09-01,EUU,OPT,EUUU6 P1025,2026-09-04,P,1.025,0.000050000,3,21
2026-09-01,EUU,OPT,EUUU6 P1030,2026-09-04,P,1.03,0.000050000,3,26
2026-09-01,EUU,OPT,EUUU6 P1035,2026-09-04,P,1.035,0.000050000,3,18
2026-09-01,EUU,OPT,EUUU6 P1040,2026-09-04,P,1.04,0.000050000,3,164
2026-09-01,EUU,OPT,EUUU6 P1045,2026-09-04,P,1.045,0.000050000,3,55
2026-09-01,EUU,OPT,EUUU6 P1050,2026-09-04,P,1.05,0.000050000,3,217
2026-09-01,EUU,OPT,EUUU6 P1055,2026-09-04,P,1.055,0.000050000,3,84
2026-09-01,EUU,OPT,EUUU6 P1060,2026-09-04,P,1.06,0.000050000,3,117
2026-09-01,EUU,OPT,EUUU6 P1065,2026-09-04,P,1.065,0.000050000,3,171
2026-09-01,EUU,OPT,EUUU6 P1070,2026-09-04,P,1.07,0.000050000,3,196
2026-09-01,EUU,OPT,EUUU6 P1075,2026-09-04,P,1.075,0.000050000,3,125
2026-09-01,EUU,OPT,EUUU6 P1080,2026-09-04,P,1.08,0.000050000,3,469
2026-09-01,EUU,OPT,EUUU6 P1085,2026-09-04,P,1.085,0.000050000,3,27
2026-09-01,EUU,OPT,EUUU6 P1090,2026-09-04,P,1.09,0.000050000,3,341
2026-09-01,EUU,OPT,EUUU6 P1095,2026-09-04,P,1.095,0.000050000,3,72
2026-09-01,EUU,OPT,EUUU6 P1100,2026-09-04,P,1.1,0.000050000,3,2171
2026-09-01,EUU,OPT,EUUU6 P1105,2026-09-04,P,1.105,0.000050000,3,196
2026-09-01,EUU,OPT,EUUU6 P1110,2026-09-04,P,1.11,0.000050000,3,551
2026-09-01,EUU,OPT,EUUU6 P1115,2026-09-04,P,1.115,0.000050000,3,658
2026-09-01,EUU,OPT,EUUU6 P1120,2026-09-04,P,1.12,0.000050000,3,1671
2026-09-01,EUU,OPT,EUUU6 P1125,2026-09-04,P,1.125,0.000050000,3,4303
2026-09-01,EUU,OPT,EUUU6 P1130,2026-09-04,P,1.13,0.000050000,3,5044
2026-09-01,EUU,OPT,EUUU6 P1132,2026-09-04,P,1.1325,0.000050000,3,352
2026-09-01,EUU,OPT,EUUU6 P1135,2026-09-04,P,1.135,0.000050000,3,3246
2026-09-01,EUU,OPT,EUUU6 P1137,2026-09-04,P,1.1375,0.000050000,3,56
2026-09-01,EUU,OPT,EUUU6 P1140,2026-09-04,P,1.14,0.000050000,3,5645
2026-09-01,EUU,OPT,EUUU6 P1142,2026-09-04,P,1.1425,0.000050000,3,618
2026-09-01,EUU,OPT,EUUU6 P1145,2026-09-04,P,1.145,0.000050000,3,3388
2026-09-01,EUU,OPT,EUUU6 P1147,2026-09-04,P,1.1475,0.000100000,3,971
2026-09-01,EUU,OPT,EUUU6 P1150,2026-09-04,P,1.15,0.000250000,3,5575
2026-09-01,EUU,OPT,EUUU6 P1152,2026-09-04,P,1.1525,0.000500000,3,833
2026-09-01,EUU,OPT,EUUU6 P1155,2026-09-04,P,1.155,0.000900000,3,4117
2026-09-01,EUU,OPT,EUUU6 P1157,2026-09-04,P,1.1575,0.001500000,3,1236
2026-09-01,EUU,OPT,EUUU6 P1160,2026-09-04,P,1.16,0.002600000,3,2232
2026-09-01,EUU,OPT,EUUU6 P1162,2026-09-04,P,1.1625,0.004000000,3,1068
2026-09-01,EUU,OPT,EUUU6 P1165,2026-09-04,P,1.165,0.005900000,3,3058
2026-09-01,EUU,OPT,EUUU6 P1167,2026-09-04,P,1.1675,0.008100000,3,375
2026-09-01,EUU,OPT,EUUU6 P1170,2026-09-04,P,1.17,0.010500000,3,6443
2026-09-01,EUU,OPT,EUUU6 P1172,2026-09-04,P,1.1725,0.012900000,3,3
2026-09-01,EUU,OPT,EUUU6 P1175,2026-09-04,P,1.175,0.015400000,3,3754
2026-09-01,EUU,OPT,EUUU6 P1177,2026-09-04,P,1.1775,0.017800000,3,
2026-09-01,EUU,OPT,EUUU6 P1180,2026-09-04,P,1.18,0.020300000,3,1060
2026-09-01,EUU,OPT,EUUU6 P1182,2026-09-04,P,1.1825,0.022800000,3,
2026-09-01,EUU,OPT,EUUU6 P1185,2026-09-04,P,1.185,0.025300000,3,315
2026-09-01,EUU,OPT,EUUU6 P1187,2026-09-04,P,1.1875,0.027800000,3,
2026-09-01,EUU,OPT,EUUU6 P1190,2026-09-04,P,1.19,0.030300000,3,31
2026-09-01,EUU,OPT,EUUU6 P1195,2026-09-04,P,1.195,0.035300000,3,79
2026-09-01,EUU,OPT,EUUU6 P1200,2026-09-04,P,1.2,0.040300000,3,7
2026-09-01,EUU,OPT,EUUU6 P1205,2026-09-04,P,1.205,0.045300000,3,14
2026-09-01,EUU,OPT,EUUU6 P1210,2026-09-04,P,1.21,0.050300000,3,2
2026-09-01,EUU,OPT,EUUU6 P1215,2026-09-04,P,1.215,0.055300000,3,
2026-09-01,EUU,OPT,EUUU6 P1220,2026-09-04,P,1.22,0.060300000,3,
2026-09-01,EUU,OPT,EUUU6 P1225,2026-09-04,P,1.225,0.065300000,3,
2026-09-01,EUU,OPT,EUUU6 P1230,2026-09-04,P,1.23,0.070300000,3,
2026-09-01,EUU,OPT,EUUU6 P1235,2026-09-04,P,1.235,0.075300000,3,
2026-09-01,EUU,OPT,EUUU6 P1240,2026-09-04,P,1.24,0.080300000,3,
2026-09-01,EUU,OPT,EUUU6 P1245,2026-09-04,P,1.245,0.085300000,3,
2026-09-01,EUU,OPT,EUUU6 P1250,2026-09-04,P,1.25,0.090300000,3,
2026-09-01,EUU,OPT,EUUU6 P1255,2026-09-04,P,1.255,0.095300000,3,
2026-09-01,EUU,OPT,EUUU6 P1260,2026-09-04,P,1.26,0.100300000,3,1
2026-09-01,EUU,OPT,EUUU6 P1270,2026-09-04,P,1.27,0.110300000,3,
2026-09-01,EUU,OPT,EUUU6 P1280,2026-09-04,P,1.28,0.120300000,3,
2026-09-01,EUU,OPT,EUUU6 P1290,2026-09-04,P,1.29,0.130300000,3,
2026-09-01,EUU,OPT,EUUU6 P1300,2026-09-04,P,1.3,0.140300000,3,
2026-09-01,EUU,OPT,EUUU6 P1310,2026-09-04,P,1.31,0.150300000,3,20
2026-09-01,EUU,OPT,EUUU6 P1320,2026-09-04,P,1.32,0.160300000,3,40
2026-09-01,EUU,OPT,EUUU6 P1330,2026-09-04,P,1.33,0.170300000,3,
2026-09-01,EUU,OPT,EUUU6 P1340,2026-09-04,P,1.34,0.180300000,3,
2026-09-01,EUU,OPT,EUUU6 P1350,2026-09-04,P,1.35,0.190300000,3,
2026-09-01,EUU,OPT,EUUU6 P1360,2026-09-04,P,1.36,0.200300000,3,
2026-09-01,EUU,OPT,EUUV6 C1000,2026-10-09,C,1,0.163100000,3,
2026-09-01,EUU,OPT,EUUV6 C1010,2026-10-09,C,1.01,0.153200000,3,
2026-09-01,EUU,OPT,EUUV6 C1020,2026-10-09,C,1.02,0.143200000,3,
2026-09-01,EUU,OPT,EUUV6 C1030,2026-10-09,C,1.03,0.133200000,3,
2026-09-01,EUU,OPT,EUUV6 C1040,2026-10-09,C,1.04,0.123300000,3,
2026-09-01,EUU,OPT,EUUV6 C1050,2026-10-09,C,1.05,0.113300000,3,
2026-09-01,EUU,OPT,EUUV6 C1060,2026-10-09,C,1.06,0.103300000,3,1
2026-09-01,EUU,OPT,EUUV6 C1070,2026-10-09,C,1.07,0.093400000,3,1
2026-09-01,EUU,OPT,EUUV6 C1080,2026-10-09,C,1.08,0.083500000,3,
2026-09-01,EUU,OPT,EUUV6 C1090,2026-10-09,C,1.09,0.073600000,3,
2026-09-01,EUU,OPT,EUUV6 C1095,2026-10-09,C,1.095,0.068600000,3,
2026-09-01,EUU,OPT,EUUV6 C1100,2026-10-09,C,1.1,0.063700000,3,
2026-09-01,EUU,OPT,EUUV6 C1105,2026-10-09,C,1.105,0.058800000,3,
2026-09-01,EUU,OPT,EUUV6 C1110,2026-10-09,C,1.11,0.053900000,3,
2026-09-01,EUU,OPT,EUUV6 C1115,2026-10-09,C,1.115,0.049000000,3,
2026-09-01,EUU,OPT,EUUV6 C1120,2026-10-09,C,1.12,0.044100000,3,
2026-09-01,EUU,OPT,EUUV6 C1125,2026-10-09,C,1.125,0.039300000,3,52
2026-09-01,EUU,OPT,EUUV6 C1130,2026-10-09,C,1.13,0.034600000,3,3
2026-09-01,EUU,OPT,EUUV6 C1135,2026-10-09,C,1.135,0.029900000,3,160
2026-09-01,EUU,OPT,EUUV6 C1140,2026-10-09,C,1.14,0.025400000,3,73
2026-09-01,EUU,OPT,EUUV6 C1145,2026-10-09,C,1.145,0.021100000,3,1548
2026-09-01,EUU,OPT,EUUV6 C1150,2026-10-09,C,1.15,0.017000000,3,2184
2026-09-01,EUU,OPT,EUUV6 C1155,2026-10-09,C,1.155,0.013300000,3,2022
2026-09-01,EUU,OPT,EUUV6 C1160,2026-10-09,C,1.16,0.010100000,3,1139
2026-09-01,EUU,OPT,EUUV6 C1165,2026-10-09,C,1.165,0.007400000,3,854
2026-09-01,EUU,OPT,EUUV6 C1170,2026-10-09,C,1.17,0.005300000,3,1917
2026-09-01,EUU,OPT,EUUV6 C1175,2026-10-09,C,1.175,0.003700000,3,3206
2026-09-01,EUU,OPT,EUUV6 C1180,2026-10-09,C,1.18,0.002500000,3,1779
2026-09-01,EUU,OPT,EUUV6 C1185,2026-10-09,C,1.185,0.001700000,3,1425
2026-09-01,EUU,OPT,EUUV6 C1190,2026-10-09,C,1.19,0.001100000,3,2042
2026-09-01,EUU,OPT,EUUV6 C1195,2026-10-09,C,1.195,0.000800000,3,1721
2026-09-01,EUU,OPT,EUUV6 C1200,2026-10-09,C,1.2,0.000500000,3,2567
2026-09-01,EUU,OPT,EUUV6 C1205,2026-10-09,C,1.205,0.000350000,3,641
2026-09-01,EUU,OPT,EUUV6 C1210,2026-10-09,C,1.21,0.000300000,3,296
2026-09-01,EUU,OPT,EUUV6 C1215,2026-10-09,C,1.215,0.000200000,3,333
2026-09-01,EUU,OPT,EUUV6 C1220,2026-10-09,C,1.22,0.000150000,3,309
2026-09-01,EUU,OPT,EUUV6 C1225,2026-10-09,C,1.225,0.000100000,3,153
2026-09-01,EUU,OPT,EUUV6 C1230,2026-10-09,C,1.23,0.000100000,3,64
2026-09-01,EUU,OPT,EUUV6 C1235,2026-10-09,C,1.235,0.000050000,3,1064
2026-09-01,EUU,OPT,EUUV6 C1240,2026-10-09,C,1.24,0.000050000,3,686
2026-09-01,EUU,OPT,EUUV6 C1245,2026-10-09,C,1.245,0.000050000,3,14
2026-09-01,EUU,OPT,EUUV6 C1250,2026-10-09,C,1.25,0.000050000,3,303
2026-09-01,EUU,OPT,EUUV6 C1255,2026-10-09,C,1.255,0.000050000,3,19
2026-09-01,EUU,OPT,EUUV6 C1260,2026-10-09,C,1.26,0.000050000,3,17
2026-09-01,EUU,OPT,EUUV6 C1265,2026-10-09,C,1.265,0.000050000,3,417
2026-09-01,EUU,OPT,EUUV6 C1270,2026-10-09,C,1.27,0.000050000,3,6
2026-09-01,EUU,OPT,EUUV6 C1280,2026-10-09,C,1.28,0.000050000,3,3
2026-09-01,EUU,OPT,EUUV6 C1290,2026-10-09,C,1.29,0.000050000,3,28
2026-09-01,EUU,OPT,EUUV6 C1300,2026-10-09,C,1.3,0.000050000,3,57
2026-09-01,EUU,OPT,EUUV6 C1310,2026-10-09,C,1.31,0.000050000,3,100
2026-09-01,EUU,OPT,EUUV6 C1320,2026-10-09,C,1.32,0.000050000,3,
2026-09-01,EUU,OPT,EUUV6 C1330,2026-10-09,C,1.33,0.000050000,3,7
2026-09-01,EUU,OPT,EUUV6 C1340,2026-10-09,C,1.34,0.000050000,3,1
2026-09-01,EUU,OPT,EUUV6 C1350,2026-10-09,C,1.35,0.000050000,3,23
2026-09-01,EUU,OPT,EUUV6 C1360,2026-10-09,C,1.36,0.000050000,3,47
2026-09-01,EUU,OPT,EUUV6 P1000,2026-10-09,P,1,0.000050000,3,
2026-09-01,EUU,OPT,EUUV6 P1010,2026-10-09,P,1.01,0.000050000,3,
2026-09-01,EUU,OPT,EUUV6 P1020,2026-10-09,P,1.02,0.000050000,3,59
2026-09-01,EUU,OPT,EUUV6 P1030,2026-10-09,P,1.03,0.000050000,3,3
2026-09-01,EUU,OPT,EUUV6 P1040,2026-10-09,P,1.04,0.000050000,3,28
2026-09-01,EUU,OPT,EUUV6 P1050,2026-10-09,P,1.05,0.000050000,3,20
2026-09-01,EUU,OPT,EUUV6 P1060,2026-10-09,P,1.06,0.000050000,3,92
2026-09-01,EUU,OPT,EUUV6 P1070,2026-10-09,P,1.07,0.000050000,3,104
2026-09-01,EUU,OPT,EUUV6 P1080,2026-10-09,P,1.08,0.000100000,3,61
2026-09-01,EUU,OPT,EUUV6 P1090,2026-10-09,P,1.09,0.000150000,3,47
2026-09-01,EUU,OPT,EUUV6 P1095,2026-10-09,P,1.095,0.000150000,3,22
2026-09-01,EUU,OPT,EUUV6 P1100,2026-10-09,P,1.1,0.000200000,3,730
2026-09-01,EUU,OPT,EUUV6 P1105,2026-10-09,P,1.105,0.000250000,3,1273
2026-09-01,EUU,OPT,EUUV6 P1110,2026-10-09,P,1.11,0.000300000,3,609
2026-09-01,EUU,OPT,EUUV6 P1115,2026-10-09,P,1.115,0.000400000,3,1599
2026-09-01,EUU,OPT,EUUV6 P1120,2026-10-09,P,1.12,0.000500000,3,985
2026-09-01,EUU,OPT,EUUV6 P1125,2026-10-09,P,1.125,0.000700000,3,773
2026-09-01,EUU,OPT,EUUV6 P1130,2026-10-09,P,1.13,0.000900000,3,2979
2026-09-01,EUU,OPT,EUUV6 P1135,2026-10-09,P,1.135,0.001300000,3,1437
2026-09-01,EUU,OPT,EUUV6 P1140,2026-10-09,P,1.14,0.001700000,3,4446
2026-09-01,EUU,OPT,EUUV6 P1145,2026-10-09,P,1.145,0.002400000,3,5982
2026-09-01,EUU,OPT,EUUV6 P1150,2026-10-09,P,1.15,0.003300000,3,5460
2026-09-01,EUU,OPT,EUUV6 P1155,2026-10-09,P,1.155,0.004600000,3,2810
2026-09-01,EUU,OPT,EUUV6 P1160,2026-10-09,P,1.16,0.006400000,3,1893
2026-09-01,EUU,OPT,EUUV6 P1165,2026-10-09,P,1.165,0.008600000,3,1644
2026-09-01,EUU,OPT,EUUV6 P1170,2026-10-09,P,1.17,0.011500000,3,2243
2026-09-01,EUU,OPT,EUUV6 P1175,2026-10-09,P,1.175,0.014900000,3,754
2026-09-01,EUU,OPT,EUUV6 P1180,2026-10-09,P,1.18,0.018700000,3,1467
2026-09-01,EUU,OPT,EUUV6 P1185,2026-10-09,P,1.185,0.022800000,3,167
2026-09-01,EUU,OPT,EUUV6 P1190,2026-10-09,P,1.19,0.027300000,3,768
2026-09-01,EUU,OPT,EUUV6 P1195,2026-10-09,P,1.195,0.031900000,3,284
2026-09-01,EUU,OPT,EUUV6 P1200,2026-10-09,P,1.2,0.036600000,3,1079
2026-09-01,EUU,OPT,EUUV6 P1205,2026-10-09,P,1.205,0.041500000,3,91
2026-09-01,EUU,OPT,EUUV6 P1210,2026-10-09,P,1.21,0.046300000,3,5
2026-09-01,EUU,OPT,EUUV6 P1215,2026-10-09,P,1.215,0.051200000,3,5
2026-09-01,EUU,OPT,EUUV6 P1220,2026-10-09,P,1.22,0.056200000,3,
2026-09-01,EUU,OPT,EUUV6 P1225,2026-10-09,P,1.225,0.061100000,3,
2026-09-01,EUU,OPT,EUUV6 P1230,2026-10-09,P,1.23,0.066100000,3,
2026-09-01,EUU,OPT,EUUV6 P1235,2026-10-09,P,1.235,0.071000000,3,
2026-09-01,EUU,OPT,EUUV6 P1240,2026-10-09,P,1.24,0.076000000,3,
2026-09-01,EUU,OPT,EUUV6 P1245,2026-10-09,P,1.245,0.081000000,3,
2026-09-01,EUU,OPT,EUUV6 P1250,2026-10-09,P,1.25,0.086000000,3,
2026-09-01,EUU,OPT,EUUV6 P1255,2026-10-09,P,1.255,0.090900000,3,
2026-09-01,EUU,OPT,EUUV6 P1260,2026-10-09,P,1.26,0.095900000,3,
2026-09-01,EUU,OPT,EUUV6 P1265,2026-10-09,P,1.265,0.100900000,3,
2026-09-01,EUU,OPT,EUUV6 P1270,2026-10-09,P,1.27,0.105800000,3,
2026-09-01,EUU,OPT,EUUV6 P1280,2026-10-09,P,1.28,0.115800000,3,
2026-09-01,EUU,OPT,EUUV6 P1290,2026-10-09,P,1.29,0.125800000,3,
2026-09-01,EUU,OPT,EUUV6 P1300,2026-10-09,P,1.3,0.135700000,3,
2026-09-01,EUU,OPT,EUUV6 P1310,2026-10-09,P,1.31,0.145700000,3,
2026-09-01,EUU,OPT,EUUV6 P1320,2026-10-09,P,1.32,0.155600000,3,
2026-09-01,EUU,OPT,EUUV6 P1330,2026-10-09,P,1.33,0.165600000,3,
2026-09-01,EUU,OPT,EUUV6 P1340,2026-10-09,P,1.34,0.175600000,3,
2026-09-01,EUU,OPT,EUUV6 P1350,2026-10-09,P,1.35,0.185500000,3,
2026-09-01,EUU,OPT,EUUV6 P1360,2026-10-09,P,1.36,0.195500000,3,
2026-09-01,EUU,OPT,EUUX6 C1000,2026-11-06,C,1,0.162600000,3,
2026-09-01,EUU,OPT,EUUX6 C1010,2026-11-06,C,1.01,0.152700000,3,
2026-09-01,EUU,OPT,EUUX6 C1020,2026-11-06,C,1.02,0.142800000,3,
2026-09-01,EUU,OPT,EUUX6 C1030,2026-11-06,C,1.03,0.132900000,3,
2026-09-01,EUU,OPT,EUUX6 C1040,2026-11-06,C,1.04,0.123000000,3,4
2026-09-01,EUU,OPT,EUUX6 C1050,2026-11-06,C,1.05,0.113100000,3,
2026-09-01,EUU,OPT,EUUX6 C1060,2026-11-06,C,1.06,0.103200000,3,
2026-09-01,EUU,OPT,EUUX6 C1070,2026-11-06,C,1.07,0.093400000,3,
2026-09-01,EUU,OPT,EUUX6 C1080,2026-11-06,C,1.08,0.083500000,3,4
2026-09-01,EUU,OPT,EUUX6 C1090,2026-11-06,C,1.09,0.073600000,3,
2026-09-01,EUU,OPT,EUUX6 C1095,2026-11-06,C,1.095,0.068800000,3,
2026-09-01,EUU,OPT,EUUX6 C1100,2026-11-06,C,1.1,0.063900000,3,1
2026-09-01,EUU,OPT,EUUX6 C1105,2026-11-06,C,1.105,0.059100000,3,
2026-09-01,EUU,OPT,EUUX6 C1110,2026-11-06,C,1.11,0.054300000,3,
2026-09-01,EUU,OPT,EUUX6 C1115,2026-11-06,C,1.115,0.049500000,3,
2026-09-01,EUU,OPT,EUUX6 C1120,2026-11-06,C,1.12,0.044800000,3,
2026-09-01,EUU,OPT,EUUX6 C1125,2026-11-06,C,1.125,0.040200000,3,
2026-09-01,EUU,OPT,EUUX6 C1130,2026-11-06,C,1.13,0.035800000,3,10
2026-09-01,EUU,OPT,EUUX6 C1135,2026-11-06,C,1.135,0.031500000,3,37
2026-09-01,EUU,OPT,EUUX6 C1140,2026-11-06,C,1.14,0.027300000,3,71
2026-09-01,EUU,OPT,EUUX6 C1145,2026-11-06,C,1.145,0.023300000,3,138
2026-09-01,EUU,OPT,EUUX6 C1150,2026-11-06,C,1.15,0.019600000,3,307
2026-09-01,EUU,OPT,EUUX6 C1155,2026-11-06,C,1.155,0.016200000,3,194
2026-09-01,EUU,OPT,EUUX6 C1160,2026-11-06,C,1.16,0.013100000,3,211
2026-09-01,EUU,OPT,EUUX6 C1165,2026-11-06,C,1.165,0.010500000,3,712
2026-09-01,EUU,OPT,EUUX6 C1170,2026-11-06,C,1.17,0.008300000,3,2167
2026-09-01,EUU,OPT,EUUX6 C1175,2026-11-06,C,1.175,0.006400000,3,386
2026-09-01,EUU,OPT,EUUX6 C1180,2026-11-06,C,1.18,0.004900000,3,275
2026-09-01,EUU,OPT,EUUX6 C1185,2026-11-06,C,1.185,0.003800000,3,439
2026-09-01,EUU,OPT,EUUX6 C1190,2026-11-06,C,1.19,0.002900000,3,1283
2026-09-01,EUU,OPT,EUUX6 C1195,2026-11-06,C,1.195,0.002200000,3,1414
2026-09-01,EUU,OPT,EUUX6 C1200,2026-11-06,C,1.2,0.001700000,3,1077
2026-09-01,EUU,OPT,EUUX6 C1205,2026-11-06,C,1.205,0.001300000,3,886
2026-09-01,EUU,OPT,EUUX6 C1210,2026-11-06,C,1.21,0.001000000,3,42
2026-09-01,EUU,OPT,EUUX6 C1215,2026-11-06,C,1.215,0.000800000,3,57
2026-09-01,EUU,OPT,EUUX6 C1220,2026-11-06,C,1.22,0.000600000,3,47
2026-09-01,EUU,OPT,EUUX6 C1225,2026-11-06,C,1.225,0.000500000,3,564
2026-09-01,EUU,OPT,EUUX6 C1230,2026-11-06,C,1.23,0.000450000,3,47
2026-09-01,EUU,OPT,EUUX6 C1235,2026-11-06,C,1.235,0.000350000,3,502
2026-09-01,EUU,OPT,EUUX6 C1240,2026-11-06,C,1.24,0.000250000,3,62
2026-09-01,EUU,OPT,EUUX6 C1245,2026-11-06,C,1.245,0.000200000,3,715
2026-09-01,EUU,OPT,EUUX6 C1250,2026-11-06,C,1.25,0.000200000,3,202
2026-09-01,EUU,OPT,EUUX6 C1255,2026-11-06,C,1.255,0.000150000,3,9
2026-09-01,EUU,OPT,EUUX6 C1260,2026-11-06,C,1.26,0.000100000,3,100
2026-09-01,EUU,OPT,EUUX6 C1265,2026-11-06,C,1.265,0.000100000,3,18
2026-09-01,EUU,OPT,EUUX6 C1270,2026-11-06,C,1.27,0.000100000,3,32
2026-09-01,EUU,OPT,EUUX6 C1280,2026-11-06,C,1.28,0.000050000,3,32
2026-09-01,EUU,OPT,EUUX6 C1290,2026-11-06,C,1.29,0.000050000,3,33
2026-09-01,EUU,OPT,EUUX6 C1300,2026-11-06,C,1.3,0.000050000,3,2402
2026-09-01,EUU,OPT,EUUX6 C1310,2026-11-06,C,1.31,0.000050000,3,17
2026-09-01,EUU,OPT,EUUX6 C1320,2026-11-06,C,1.32,0.000050000,3,23
2026-09-01,EUU,OPT,EUUX6 C1330,2026-11-06,C,1.33,0.000050000,3,624
2026-09-01,EUU,OPT,EUUX6 C1340,2026-11-06,C,1.34,0.000050000,3,23
2026-09-01,EUU,OPT,EUUX6 C1350,2026-11-06,C,1.35,0.000050000,3,
2026-09-01,EUU,OPT,EUUX6 C1360,2026-11-06,C,1.36,0.000050000,3,6
2026-09-01,EUU,OPT,EUUX6 P1000,2026-11-06,P,1,0.000050000,3,
2026-09-01,EUU,OPT,EUUX6 P1010,2026-11-06,P,1.01,0.000050000,3,
2026-09-01,EUU,OPT,EUUX6 P1020,2026-11-06,P,1.02,0.000050000,3,82
2026-09-01,EUU,OPT,EUUX6 P1030,2026-11-06,P,1.03,0.000050000,3,10
2026-09-01,EUU,OPT,EUUX6 P1040,2026-11-06,P,1.04,0.000100000,3,1
2026-09-01,EUU,OPT,EUUX6 P1050,2026-11-06,P,1.05,0.000100000,3,1
2026-09-01,EUU,OPT,EUUX6 P1060,2026-11-06,P,1.06,0.000200000,3,438
2026-09-01,EUU,OPT,EUUX6 P1070,2026-11-06,P,1.07,0.000250000,3,2028
2026-09-01,EUU,OPT,EUUX6 P1080,2026-11-06,P,1.08,0.000300000,3,61
2026-09-01,EUU,OPT,EUUX6 P1090,2026-11-06,P,1.09,0.000400000,3,133
2026-09-01,EUU,OPT,EUUX6 P1095,2026-11-06,P,1.095,0.000500000,3,69
2026-09-01,EUU,OPT,EUUX6 P1100,2026-11-06,P,1.1,0.000600000,3,248
2026-09-01,EUU,OPT,EUUX6 P1105,2026-11-06,P,1.105,0.000700000,3,1084
2026-09-01,EUU,OPT,EUUX6 P1110,2026-11-06,P,1.11,0.000900000,3,2418
2026-09-01,EUU,OPT,EUUX6 P1115,2026-11-06,P,1.115,0.001100000,3,376
2026-09-01,EUU,OPT,EUUX6 P1120,2026-11-06,P,1.12,0.001400000,3,1449
2026-09-01,EUU,OPT,EUUX6 P1125,2026-11-06,P,1.125,0.001800000,3,733
2026-09-01,EUU,OPT,EUUX6 P1130,2026-11-06,P,1.13,0.002300000,3,634
2026-09-01,EUU,OPT,EUUX6 P1135,2026-11-06,P,1.135,0.002900000,3,320
2026-09-01,EUU,OPT,EUUX6 P1140,2026-11-06,P,1.14,0.003700000,3,1458
2026-09-01,EUU,OPT,EUUX6 P1145,2026-11-06,P,1.145,0.004700000,3,742
2026-09-01,EUU,OPT,EUUX6 P1150,2026-11-06,P,1.15,0.005900000,3,1639
2026-09-01,EUU,OPT,EUUX6 P1155,2026-11-06,P,1.155,0.007500000,3,1974
2026-09-01,EUU,OPT,EUUX6 P1160,2026-11-06,P,1.16,0.009400000,3,1209
2026-09-01,EUU,OPT,EUUX6 P1165,2026-11-06,P,1.165,0.011700000,3,633
2026-09-01,EUU,OPT,EUUX6 P1170,2026-11-06,P,1.17,0.014500000,3,1047
2026-09-01,EUU,OPT,EUUX6 P1175,2026-11-06,P,1.175,0.017600000,3,571
2026-09-01,EUU,OPT,EUUX6 P1180,2026-11-06,P,1.18,0.021100000,3,211
2026-09-01,EUU,OPT,EUUX6 P1185,2026-11-06,P,1.185,0.024900000,3,13
2026-09-01,EUU,OPT,EUUX6 P1190,2026-11-06,P,1.19,0.028900000,3,455
2026-09-01,EUU,OPT,EUUX6 P1195,2026-11-06,P,1.195,0.033200000,3,521
2026-09-01,EUU,OPT,EUUX6 P1200,2026-11-06,P,1.2,0.037700000,3,600
2026-09-01,EUU,OPT,EUUX6 P1205,2026-11-06,P,1.205,0.042300000,3,69
2026-09-01,EUU,OPT,EUUX6 P1210,2026-11-06,P,1.21,0.046900000,3,
2026-09-01,EUU,OPT,EUUX6 P1215,2026-11-06,P,1.215,0.051700000,3,92
2026-09-01,EUU,OPT,EUUX6 P1220,2026-11-06,P,1.22,0.056500000,3,
2026-09-01,EUU,OPT,EUUX6 P1225,2026-11-06,P,1.225,0.061400000,3,
2026-09-01,EUU,OPT,EUUX6 P1230,2026-11-06,P,1.23,0.066200000,3,
2026-09-01,EUU,OPT,EUUX6 P1235,2026-11-06,P,1.235,0.071100000,3,
2026-09-01,EUU,OPT,EUUX6 P1240,2026-11-06,P,1.24,0.076000000,3,1
2026-09-01,EUU,OPT,EUUX6 P1245,2026-11-06,P,1.245,0.080900000,3,
2026-09-01,EUU,OPT,EUUX6 P1250,2026-11-06,P,1.25,0.085800000,3,
2026-09-01,EUU,OPT,EUUX6 P1255,2026-11-06,P,1.255,0.090800000,3,
2026-09-01,EUU,OPT,EUUX6 P1260,2026-11-06,P,1.26,0.095700000,3,
2026-09-01,EUU,OPT,EUUX6 P1265,2026-11-06,P,1.265,0.100700000,3,
2026-09-01,EUU,OPT,EUUX6 P1270,2026-11-06,P,1.27,0.105600000,3,
2026-09-01,EUU,OPT,EUUX6 P1280,2026-11-06,P,1.28,0.115500000,3,
2026-09-01,EUU,OPT,EUUX6 P1290,2026-11-06,P,1.29,0.125400000,3,
2026-09-01,EUU,OPT,EUUX6 P1300,2026-11-06,P,1.3,0.135400000,3,
2026-09-01,EUU,OPT,EUUX6 P1310,2026-11-06,P,1.31,0.145300000,3,
2026-09-01,EUU,OPT,EUUX6 P1320,2026-11-06,P,1.32,0.155200000,3,
2026-09-01,EUU,OPT,EUUX6 P1330,2026-11-06,P,1.33,0.165100000,3,
2026-09-01,EUU,OPT,EUUX6 P1340,2026-11-06,P,1.34,0.175100000,3,
2026-09-01,EUU,OPT,EUUX6 P1350,2026-11-06,P,1.35,0.185000000,3,
2026-09-01,EUU,OPT,EUUX6 P1360,2026-11-06,P,1.36,0.194900000,3,
2026-09-01,EUU,OPT,EUUZ6 C0910,2026-12-04,C,0.91,0.251300000,3,
2026-09-01,EUU,OPT,EUUZ6 C0920,2026-12-04,C,0.92,0.241400000,3,
2026-09-01,EUU,OPT,EUUZ6 C0930,2026-12-04,C,0.93,0.231500000,3,
2026-09-01,EUU,OPT,EUUZ6 C0940,2026-12-04,C,0.94,0.221600000,3,
2026-09-01,EUU,OPT,EUUZ6 C0950,2026-12-04,C,0.95,0.211700000,3,
2026-09-01,EUU,OPT,EUUZ6 C0960,2026-12-04,C,0.96,0.201800000,3,
2026-09-01,EUU,OPT,EUUZ6 C0970,2026-12-04,C,0.97,0.191900000,3,
2026-09-01,EUU,OPT,EUUZ6 C0980,2026-12-04,C,0.98,0.182000000,3,
2026-09-01,EUU,OPT,EUUZ6 C0990,2026-12-04,C,0.99,0.172100000,3,
2026-09-01,EUU,OPT,EUUZ6 C1000,2026-12-04,C,1,0.162200000,3,
2026-09-01,EUU,OPT,EUUZ6 C1010,2026-12-04,C,1.01,0.152300000,3,
2026-09-01,EUU,OPT,EUUZ6 C1015,2026-12-04,C,1.015,0.147400000,3,
2026-09-01,EUU,OPT,EUUZ6 C1020,2026-12-04,C,1.02,0.142500000,3,
2026-09-01,EUU,OPT,EUUZ6 C1025,2026-12-04,C,1.025,0.137500000,3,
2026-09-01,EUU,OPT,EUUZ6 C1030,2026-12-04,C,1.03,0.132600000,3,
2026-09-01,EUU,OPT,EUUZ6 C1035,2026-12-04,C,1.035,0.127700000,3,
2026-09-01,EUU,OPT,EUUZ6 C1040,2026-12-04,C,1.04,0.122800000,3,
2026-09-01,EUU,OPT,EUUZ6 C1045,2026-12-04,C,1.045,0.117800000,3,
2026-09-01,EUU,OPT,EUUZ6 C1050,2026-12-04,C,1.05,0.112900000,3,4
2026-09-01,EUU,OPT,EUUZ6 C1055,2026-12-04,C,1.055,0.108000000,3,
2026-09-01,EUU,OPT,EUUZ6 C1060,2026-12-04,C,1.06,0.103100000,3,2
2026-09-01,EUU,OPT,EUUZ6 C1065,2026-12-04,C,1.065,0.098200000,3,
2026-09-01,EUU,OPT,EUUZ6 C1070,2026-12-04,C,1.07,0.093300000,3,
2026-09-01,EUU,OPT,EUUZ6 C1075,2026-12-04,C,1.075,0.088400000,3,
2026-09-01,EUU,OPT,EUUZ6 C1080,2026-12-04,C,1.08,0.083500000,3,1
2026-09-01,EUU,OPT,EUUZ6 C1085,2026-12-04,C,1.085,0.078700000,3,
2026-09-01,EUU,OPT,EUUZ6 C1090,2026-12-04,C,1.09,0.073800000,3,4
2026-09-01,EUU,OPT,EUUZ6 C1095,2026-12-04,C,1.095,0.069000000,3,
2026-09-01,EUU,OPT,EUUZ6 C1100,2026-12-04,C,1.1,0.064200000,3,1
2026-09-01,EUU,OPT,EUUZ6 C1105,2026-12-04,C,1.105,0.059500000,3,
2026-09-01,EUU,OPT,EUUZ6 C1110,2026-12-04,C,1.11,0.054800000,3,
2026-09-01,EUU,OPT,EUUZ6 C1115,2026-12-04,C,1.115,0.050200000,3,
2026-09-01,EUU,OPT,EUUZ6 C1120,2026-12-04,C,1.12,0.045700000,3,5
2026-09-01,EUU,OPT,EUUZ6 C1125,2026-12-04,C,1.125,0.041300000,3,1
2026-09-01,EUU,OPT,EUUZ6 C1130,2026-12-04,C,1.13,0.037000000,3,19
2026-09-01,EUU,OPT,EUUZ6 C1135,2026-12-04,C,1.135,0.032800000,3,25
2026-09-01,EUU,OPT,EUUZ6 C1140,2026-12-04,C,1.14,0.028800000,3,117
2026-09-01,EUU,OPT,EUUZ6 C1145,2026-12-04,C,1.145,0.025000000,3,208
2026-09-01,EUU,OPT,EUUZ6 C1150,2026-12-04,C,1.15,0.021500000,3,106
2026-09-01,EUU,OPT,EUUZ6 C1155,2026-12-04,C,1.155,0.018200000,3,269
2026-09-01,EUU,OPT,EUUZ6 C1160,2026-12-04,C,1.16,0.015200000,3,1032
2026-09-01,EUU,OPT,EUUZ6 C1165,2026-12-04,C,1.165,0.012600000,3,644
2026-09-01,EUU,OPT,EUUZ6 C1170,2026-12-04,C,1.17,0.010300000,3,6616
2026-09-01,EUU,OPT,EUUZ6 C1175,2026-12-04,C,1.175,0.008300000,3,323
2026-09-01,EUU,OPT,EUUZ6 C1180,2026-12-04,C,1.18,0.006700000,3,11358
2026-09-01,EUU,OPT,EUUZ6 C1185,2026-12-04,C,1.185,0.005300000,3,748
2026-09-01,EUU,OPT,EUUZ6 C1190,2026-12-04,C,1.19,0.004300000,3,2199
2026-09-01,EUU,OPT,EUUZ6 C1195,2026-12-04,C,1.195,0.003500000,3,1131
2026-09-01,EUU,OPT,EUUZ6 C1200,2026-12-04,C,1.2,0.002800000,3,8574
2026-09-01,EUU,OPT,EUUZ6 C1205,2026-12-04,C,1.205,0.002300000,3,445
2026-09-01,EUU,OPT,EUUZ6 C1210,2026-12-04,C,1.21,0.001800000,3,506
2026-09-01,EUU,OPT,EUUZ6 C1215,2026-12-04,C,1.215,0.001500000,3,106
2026-09-01,EUU,OPT,EUUZ6 C1220,2026-12-04,C,1.22,0.001200000,3,222
2026-09-01,EUU,OPT,EUUZ6 C1225,2026-12-04,C,1.225,0.001000000,3,129
2026-09-01,EUU,OPT,EUUZ6 C1230,2026-12-04,C,1.23,0.000800000,3,61
2026-09-01,EUU,OPT,EUUZ6 C1235,2026-12-04,C,1.235,0.000700000,3,758
2026-09-01,EUU,OPT,EUUZ6 C1240,2026-12-04,C,1.24,0.000600000,3,569
2026-09-01,EUU,OPT,EUUZ6 C1245,2026-12-04,C,1.245,0.000500000,3,452
2026-09-01,EUU,OPT,EUUZ6 C1250,2026-12-04,C,1.25,0.000400000,3,2247
2026-09-01,EUU,OPT,EUUZ6 C1255,2026-12-04,C,1.255,0.000350000,3,41
2026-09-01,EUU,OPT,EUUZ6 C1260,2026-12-04,C,1.26,0.000300000,3,285
2026-09-01,EUU,OPT,EUUZ6 C1265,2026-12-04,C,1.265,0.000250000,3,130
2026-09-01,EUU,OPT,EUUZ6 C1270,2026-12-04,C,1.27,0.000250000,3,864
2026-09-01,EUU,OPT,EUUZ6 C1280,2026-12-04,C,1.28,0.000200000,3,165
2026-09-01,EUU,OPT,EUUZ6 C1290,2026-12-04,C,1.29,0.000150000,3,88
2026-09-01,EUU,OPT,EUUZ6 C1300,2026-12-04,C,1.3,0.000100000,3,766
2026-09-01,EUU,OPT,EUUZ6 C1310,2026-12-04,C,1.31,0.000100000,3,690
2026-09-01,EUU,OPT,EUUZ6 C1320,2026-12-04,C,1.32,0.000100000,3,10
2026-09-01,EUU,OPT,EUUZ6 C1330,2026-12-04,C,1.33,0.000050000,3,37
2026-09-01,EUU,OPT,EUUZ6 C1340,2026-12-04,C,1.34,0.000050000,3,11
2026-09-01,EUU,OPT,EUUZ6 C1350,2026-12-04,C,1.35,0.000050000,3,359
2026-09-01,EUU,OPT,EUUZ6 C1360,2026-12-04,C,1.36,0.000050000,3,11
2026-09-01,EUU,OPT,EUUZ6 P0910,2026-12-04,P,0.91,0.000050000,3,1
2026-09-01,EUU,OPT,EUUZ6 P0920,2026-12-04,P,0.92,0.000050000,3,
2026-09-01,EUU,OPT,EUUZ6 P0930,2026-12-04,P,0.93,0.000050000,3,8
2026-09-01,EUU,OPT,EUUZ6 P0940,2026-12-04,P,0.94,0.000050000,3,
2026-09-01,EUU,OPT,EUUZ6 P0950,2026-12-04,P,0.95,0.000050000,3,72
2026-09-01,EUU,OPT,EUUZ6 P0960,2026-12-04,P,0.96,0.000050000,3,
2026-09-01,EUU,OPT,EUUZ6 P0970,2026-12-04,P,0.97,0.000050000,3,1
2026-09-01,EUU,OPT,EUUZ6 P0980,2026-12-04,P,0.98,0.000050000,3,
2026-09-01,EUU,OPT,EUUZ6 P0990,2026-12-04,P,0.99,0.000100000,3,100
2026-09-01,EUU,OPT,EUUZ6 P1000,2026-12-04,P,1,0.000100000,3,204
2026-09-01,EUU,OPT,EUUZ6 P1010,2026-12-04,P,1.01,0.000100000,3,253
2026-09-01,EUU,OPT,EUUZ6 P1015,2026-12-04,P,1.015,0.000100000,3,
2026-09-01,EUU,OPT,EUUZ6 P1020,2026-12-04,P,1.02,0.000100000,3,82
2026-09-01,EUU,OPT,EUUZ6 P1025,2026-12-04,P,1.025,0.000150000,3,1
2026-09-01,EUU,OPT,EUUZ6 P1030,2026-12-04,P,1.03,0.000150000,3,182
2026-09-01,EUU,OPT,EUUZ6 P1035,2026-12-04,P,1.035,0.000200000,3,
2026-09-01,EUU,OPT,EUUZ6 P1040,2026-12-04,P,1.04,0.000200000,3,7
2026-09-01,EUU,OPT,EUUZ6 P1045,2026-12-04,P,1.045,0.000250000,3,506
2026-09-01,EUU,OPT,EUUZ6 P1050,2026-12-04,P,1.05,0.000300000,3,1937
2026-09-01,EUU,OPT,EUUZ6 P1055,2026-12-04,P,1.055,0.000350000,3,27
2026-09-01,EUU,OPT,EUUZ6 P1060,2026-12-04,P,1.06,0.000350000,3,55
2026-09-01,EUU,OPT,EUUZ6 P1065,2026-12-04,P,1.065,0.000400000,3,31
2026-09-01,EUU,OPT,EUUZ6 P1070,2026-12-04,P,1.07,0.000450000,3,24
2026-09-01,EUU,OPT,EUUZ6 P1075,2026-12-04,P,1.075,0.000500000,3,96
2026-09-01,EUU,OPT,EUUZ6 P1080,2026-12-04,P,1.08,0.000600000,3,1700
2026-09-01,EUU,OPT,EUUZ6 P1085,2026-12-04,P,1.085,0.000700000,3,17
2026-09-01,EUU,OPT,EUUZ6 P1090,2026-12-04,P,1.09,0.000800000,3,860
2026-09-01,EUU,OPT,EUUZ6 P1095,2026-12-04,P,1.095,0.000900000,3,73
2026-09-01,EUU,OPT,EUUZ6 P1100,2026-12-04,P,1.1,0.001100000,3,1210
2026-09-01,EUU,OPT,EUUZ6 P1105,2026-12-04,P,1.105,0.001300000,3,515
2026-09-01,EUU,OPT,EUUZ6 P1110,2026-12-04,P,1.11,0.001600000,3,985
2026-09-01,EUU,OPT,EUUZ6 P1115,2026-12-04,P,1.115,0.002000000,3,489
2026-09-01,EUU,OPT,EUUZ6 P1120,2026-12-04,P,1.12,0.002400000,3,1418
2026-09-01,EUU,OPT,EUUZ6 P1125,2026-12-04,P,1.125,0.002900000,3,421
2026-09-01,EUU,OPT,EUUZ6 P1130,2026-12-04,P,1.13,0.003500000,3,1854
2026-09-01,EUU,OPT,EUUZ6 P1135,2026-12-04,P,1.135,0.004300000,3,956
2026-09-01,EUU,OPT,EUUZ6 P1140,2026-12-04,P,1.14,0.005300000,3,1399
2026-09-01,EUU,OPT,EUUZ6 P1145,2026-12-04,P,1.145,0.006400000,3,1371
2026-09-01,EUU,OPT,EUUZ6 P1150,2026-12-04,P,1.15,0.007900000,3,3002
2026-09-01,EUU,OPT,EUUZ6 P1155,2026-12-04,P,1.155,0.009500000,3,918
2026-09-01,EUU,OPT,EUUZ6 P1160,2026-12-04,P,1.16,0.011500000,3,1487
2026-09-01,EUU,OPT,EUUZ6 P1165,2026-12-04,P,1.165,0.013800000,3,429
2026-09-01,EUU,OPT,EUUZ6 P1170,2026-12-04,P,1.17,0.016500000,3,1430
2026-09-01,EUU,OPT,EUUZ6 P1175,2026-12-04,P,1.175,0.019500000,3,568
2026-09-01,EUU,OPT,EUUZ6 P1180,2026-12-04,P,1.18,0.022800000,3,175
2026-09-01,EUU,OPT,EUUZ6 P1185,2026-12-04,P,1.185,0.026400000,3,77
2026-09-01,EUU,OPT,EUUZ6 P1190,2026-12-04,P,1.19,0.030300000,3,836
2026-09-01,EUU,OPT,EUUZ6 P1195,2026-12-04,P,1.195,0.034400000,3,68
2026-09-01,EUU,OPT,EUUZ6 P1200,2026-12-04,P,1.2,0.038700000,3,25
2026-09-01,EUU,OPT,EUUZ6 P1205,2026-12-04,P,1.205,0.043100000,3,521
2026-09-01,EUU,OPT,EUUZ6 P1210,2026-12-04,P,1.21,0.047600000,3,1
2026-09-01,EUU,OPT,EUUZ6 P1215,2026-12-04,P,1.215,0.052200000,3,
2026-09-01,EUU,OPT,EUUZ6 P1220,2026-12-04,P,1.22,0.056900000,3,
2026-09-01,EUU,OPT,EUUZ6 P1225,2026-12-04,P,1.225,0.061600000,3,
2026-09-01,EUU,OPT,EUUZ6 P1230,2026-12-04,P,1.23,0.066400000,3,
2026-09-01,EUU,OPT,EUUZ6 P1235,2026-12-04,P,1.235,0.071200000,3,
2026-09-01,EUU,OPT,EUUZ6 P1240,2026-12-04,P,1.24,0.076100000,3,
2026-09-01,EUU,OPT,EUUZ6 P1245,2026-12-04,P,1.245,0.080900000,3,27
2026-09-01,EUU,OPT,EUUZ6 P1250,2026-12-04,P,1.25,0.085800000,3,101
2026-09-01,EUU,OPT,EUUZ6 P1255,2026-12-04,P,1.255,0.090700000,3,142
2026-09-01,EUU,OPT,EUUZ6 P1260,2026-12-04,P,1.26,0.095600000,3,118
2026-09-01,EUU,OPT,EUUZ6 P1265,2026-12-04,P,1.265,0.100500000,3,504
2026-09-01,EUU,OPT,EUUZ6 P1270,2026-12-04,P,1.27,0.105400000,3,652
2026-09-01,EUU,OPT,EUUZ6 P1280,2026-12-04,P,1.28,0.115300000,3,273
2026-09-01,EUU,OPT,EUUZ6 P1290,2026-12-04,P,1.29,0.125200000,3,64
2026-09-01,EUU,OPT,EUUZ6 P1300,2026-12-04,P,1.3,0.135000000,3,79
2026-09-01,EUU,OPT,EUUZ6 P1310,2026-12-04,P,1.31,0.144900000,3,
2026-09-01,EUU,OPT,EUUZ6 P1320,2026-12-04,P,1.32,0.154800000,3,1000
2026-09-01,EUU,OPT,EUUZ6 P1330,2026-12-04,P,1.33,0.164700000,3,
2026-09-01,EUU,OPT,EUUZ6 P1340,2026-12-04,P,1.34,0.174600000,3,
2026-09-01,EUU,OPT,EUUZ6 P1350,2026-12-04,P,1.35,0.184400000,3,
2026-09-01,EUU,OPT,EUUZ6 P1360,2026-12-04,P,1.36,0.194300000,3,
2026-09-01,EUU,OPT,EUUF7 C1000,2027-01-08,C,1,0.165800000,3,
2026-09-01,EUU,OPT,EUUF7 C1010,2027-01-08,C,1.01,0.156000000,3,
2026-09-01,EUU,OPT,EUUF7 C1020,2027-01-08,C,1.02,0.146100000,3,
2026-09-01,EUU,OPT,EUUF7 C1030,2027-01-08,C,1.03,0.136300000,3,
2026-09-01,EUU,OPT,EUUF7 C1040,2027-01-08,C,1.04,0.126600000,3,
2026-09-01,EUU,OPT,EUUF7 C1050,2027-01-08,C,1.05,0.116800000,3,
2026-09-01,EUU,OPT,EUUF7 C1060,2027-01-08,C,1.06,0.107100000,3,
2026-09-01,EUU,OPT,EUUF7 C1070,2027-01-08,C,1.07,0.097400000,3,
2026-09-01,EUU,OPT,EUUF7 C1080,2027-01-08,C,1.08,0.087700000,3,
2026-09-01,EUU,OPT,EUUF7 C1090,2027-01-08,C,1.09,0.078200000,3,
2026-09-01,EUU,OPT,EUUF7 C1100,2027-01-08,C,1.1,0.068700000,3,6
2026-09-01,EUU,OPT,EUUF7 C1105,2027-01-08,C,1.105,0.064100000,3,
2026-09-01,EUU,OPT,EUUF7 C1110,2027-01-08,C,1.11,0.059500000,3,
2026-09-01,EUU,OPT,EUUF7 C1115,2027-01-08,C,1.115,0.055000000,3,
2026-09-01,EUU,OPT,EUUF7 C1120,2027-01-08,C,1.12,0.050600000,3,1
2026-09-01,EUU,OPT,EUUF7 C1125,2027-01-08,C,1.125,0.046200000,3,
2026-09-01,EUU,OPT,EUUF7 C1130,2027-01-08,C,1.13,0.042000000,3,
2026-09-01,EUU,OPT,EUUF7 C1135,2027-01-08,C,1.135,0.037900000,3,
2026-09-01,EUU,OPT,EUUF7 C1140,2027-01-08,C,1.14,0.033900000,3,31
2026-09-01,EUU,OPT,EUUF7 C1145,2027-01-08,C,1.145,0.030000000,3,
2026-09-01,EUU,OPT,EUUF7 C1150,2027-01-08,C,1.15,0.026300000,3,9
2026-09-01,EUU,OPT,EUUF7 C1155,2027-01-08,C,1.155,0.023000000,3,106
2026-09-01,EUU,OPT,EUUF7 C1160,2027-01-08,C,1.16,0.020000000,3,1
2026-09-01,EUU,OPT,EUUF7 C1165,2027-01-08,C,1.165,0.017200000,3,241
2026-09-01,EUU,OPT,EUUF7 C1170,2027-01-08,C,1.17,0.014700000,3,1208
2026-09-01,EUU,OPT,EUUF7 C1175,2027-01-08,C,1.175,0.012400000,3,55
2026-09-01,EUU,OPT,EUUF7 C1180,2027-01-08,C,1.18,0.010500000,3,13
2026-09-01,EUU,OPT,EUUF7 C1185,2027-01-08,C,1.185,0.008800000,3,461
2026-09-01,EUU,OPT,EUUF7 C1190,2027-01-08,C,1.19,0.007300000,3,356
2026-09-01,EUU,OPT,EUUF7 C1195,2027-01-08,C,1.195,0.006100000,3,106
2026-09-01,EUU,OPT,EUUF7 C1200,2027-01-08,C,1.2,0.005100000,3,822
2026-09-01,EUU,OPT,EUUF7 C1205,2027-01-08,C,1.205,0.004200000,3,1414
2026-09-01,EUU,OPT,EUUF7 C1210,2027-01-08,C,1.21,0.003500000,3,57
2026-09-01,EUU,OPT,EUUF7 C1215,2027-01-08,C,1.215,0.002900000,3,101
2026-09-01,EUU,OPT,EUUF7 C1220,2027-01-08,C,1.22,0.002500000,3,45
2026-09-01,EUU,OPT,EUUF7 C1225,2027-01-08,C,1.225,0.002100000,3,9
2026-09-01,EUU,OPT,EUUF7 C1230,2027-01-08,C,1.23,0.001800000,3,10
2026-09-01,EUU,OPT,EUUF7 C1235,2027-01-08,C,1.235,0.001500000,3,871
2026-09-01,EUU,OPT,EUUF7 C1240,2027-01-08,C,1.24,0.001300000,3,16
2026-09-01,EUU,OPT,EUUF7 C1245,2027-01-08,C,1.245,0.001100000,3,17
2026-09-01,EUU,OPT,EUUF7 C1250,2027-01-08,C,1.25,0.000900000,3,504
2026-09-01,EUU,OPT,EUUF7 C1255,2027-01-08,C,1.255,0.000800000,3,600
2026-09-01,EUU,OPT,EUUF7 C1260,2027-01-08,C,1.26,0.000700000,3,1
2026-09-01,EUU,OPT,EUUF7 C1265,2027-01-08,C,1.265,0.000600000,3,
2026-09-01,EUU,OPT,EUUF7 C1270,2027-01-08,C,1.27,0.000500000,3,3
2026-09-01,EUU,OPT,EUUF7 C1280,2027-01-08,C,1.28,0.000400000,3,3
2026-09-01,EUU,OPT,EUUF7 C1290,2027-01-08,C,1.29,0.000300000,3,
2026-09-01,EUU,OPT,EUUF7 C1300,2027-01-08,C,1.3,0.000250000,3,1
2026-09-01,EUU,OPT,EUUF7 C1310,2027-01-08,C,1.31,0.000200000,3,
2026-09-01,EUU,OPT,EUUF7 C1320,2027-01-08,C,1.32,0.000150000,3,15
2026-09-01,EUU,OPT,EUUF7 C1330,2027-01-08,C,1.33,0.000100000,3,
2026-09-01,EUU,OPT,EUUF7 C1340,2027-01-08,C,1.34,0.000100000,3,500
2026-09-01,EUU,OPT,EUUF7 C1350,2027-01-08,C,1.35,0.000050000,3,40
2026-09-01,EUU,OPT,EUUF7 C1360,2027-01-08,C,1.36,0.000050000,3,10
2026-09-01,EUU,OPT,EUUF7 C1370,2027-01-08,C,1.37,0.000050000,3,8
2026-09-01,EUU,OPT,EUUF7 P1000,2027-01-08,P,1,0.000100000,3,20
2026-09-01,EUU,OPT,EUUF7 P1010,2027-01-08,P,1.01,0.000150000,3,
2026-09-01,EUU,OPT,EUUF7 P1020,2027-01-08,P,1.02,0.000200000,3,21
2026-09-01,EUU,OPT,EUUF7 P1030,2027-01-08,P,1.03,0.000250000,3,7
2026-09-01,EUU,OPT,EUUF7 P1040,2027-01-08,P,1.04,0.000350000,3,127
2026-09-01,EUU,OPT,EUUF7 P1050,2027-01-08,P,1.05,0.000450000,3,511
2026-09-01,EUU,OPT,EUUF7 P1060,2027-01-08,P,1.06,0.000600000,3,2
2026-09-01,EUU,OPT,EUUF7 P1070,2027-01-08,P,1.07,0.000700000,3,18
2026-09-01,EUU,OPT,EUUF7 P1080,2027-01-08,P,1.08,0.001000000,3,23
2026-09-01,EUU,OPT,EUUF7 P1090,2027-01-08,P,1.09,0.001300000,3,26
2026-09-01,EUU,OPT,EUUF7 P1100,2027-01-08,P,1.1,0.001700000,3,129
2026-09-01,EUU,OPT,EUUF7 P1105,2027-01-08,P,1.105,0.002000000,3,
2026-09-01,EUU,OPT,EUUF7 P1110,2027-01-08,P,1.11,0.002300000,3,702
2026-09-01,EUU,OPT,EUUF7 P1115,2027-01-08,P,1.115,0.002800000,3,
2026-09-01,EUU,OPT,EUUF7 P1120,2027-01-08,P,1.12,0.003300000,3,23
2026-09-01,EUU,OPT,EUUF7 P1125,2027-01-08,P,1.125,0.003900000,3,68
2026-09-01,EUU,OPT,EUUF7 P1130,2027-01-08,P,1.13,0.004600000,3,93
2026-09-01,EUU,OPT,EUUF7 P1135,2027-01-08,P,1.135,0.005400000,3,719
2026-09-01,EUU,OPT,EUUF7 P1140,2027-01-08,P,1.14,0.006300000,3,308
2026-09-01,EUU,OPT,EUUF7 P1145,2027-01-08,P,1.145,0.007400000,3,1809
2026-09-01,EUU,OPT,EUUF7 P1150,2027-01-08,P,1.15,0.008600000,3,1248
2026-09-01,EUU,OPT,EUUF7 P1155,2027-01-08,P,1.155,0.010200000,3,1074
2026-09-01,EUU,OPT,EUUF7 P1160,2027-01-08,P,1.16,0.012200000,3,1801
2026-09-01,EUU,OPT,EUUF7 P1165,2027-01-08,P,1.165,0.014300000,3,249
2026-09-01,EUU,OPT,EUUF7 P1170,2027-01-08,P,1.17,0.016700000,3,566
2026-09-01,EUU,OPT,EUUF7 P1175,2027-01-08,P,1.175,0.019400000,3,351
2026-09-01,EUU,OPT,EUUF7 P1180,2027-01-08,P,1.18,0.022300000,3,99
2026-09-01,EUU,OPT,EUUF7 P1185,2027-01-08,P,1.185,0.025600000,3,65
2026-09-01,EUU,OPT,EUUF7 P1190,2027-01-08,P,1.19,0.029100000,3,129
2026-09-01,EUU,OPT,EUUF7 P1195,2027-01-08,P,1.195,0.032800000,3,97
2026-09-01,EUU,OPT,EUUF7 P1200,2027-01-08,P,1.2,0.036700000,3,60
2026-09-01,EUU,OPT,EUUF7 P1205,2027-01-08,P,1.205,0.040800000,3,29
2026-09-01,EUU,OPT,EUUF7 P1210,2027-01-08,P,1.21,0.045000000,3,
2026-09-01,EUU,OPT,EUUF7 P1215,2027-01-08,P,1.215,0.049400000,3,122
2026-09-01,EUU,OPT,EUUF7 P1220,2027-01-08,P,1.22,0.053800000,3,
2026-09-01,EUU,OPT,EUUF7 P1225,2027-01-08,P,1.225,0.058400000,3,
2026-09-01,EUU,OPT,EUUF7 P1230,2027-01-08,P,1.23,0.063000000,3,
2026-09-01,EUU,OPT,EUUF7 P1235,2027-01-08,P,1.235,0.067600000,3,
2026-09-01,EUU,OPT,EUUF7 P1240,2027-01-08,P,1.24,0.072400000,3,
2026-09-01,EUU,OPT,EUUF7 P1245,2027-01-08,P,1.245,0.077100000,3,
2026-09-01,EUU,OPT,EUUF7 P1250,2027-01-08,P,1.25,0.081900000,3,
2026-09-01,EUU,OPT,EUUF7 P1255,2027-01-08,P,1.255,0.086700000,3,
2026-09-01,EUU,OPT,EUUF7 P1260,2027-01-08,P,1.26,0.091500000,3,
2026-09-01,EUU,OPT,EUUF7 P1265,2027-01-08,P,1.265,0.096300000,3,
2026-09-01,EUU,OPT,EUUF7 P1270,2027-01-08,P,1.27,0.101200000,3,
2026-09-01,EUU,OPT,EUUF7 P1280,2027-01-08,P,1.28,0.110900000,3,
2026-09-01,EUU,OPT,EUUF7 P1290,2027-01-08,P,1.29,0.120700000,3,
2026-09-01,EUU,OPT,EUUF7 P1300,2027-01-08,P,1.3,0.130500000,3,
2026-09-01,EUU,OPT,EUUF7 P1310,2027-01-08,P,1.31,0.140300000,3,
2026-09-01,EUU,OPT,EUUF7 P1320,2027-01-08,P,1.32,0.150100000,3,
2026-09-01,EUU,OPT,EUUF7 P1330,2027-01-08,P,1.33,0.160000000,3,
2026-09-01,EUU,OPT,EUUF7 P1340,2027-01-08,P,1.34,0.169800000,3,
2026-09-01,EUU,OPT,EUUF7 P1350,2027-01-08,P,1.35,0.179700000,3,
2026-09-01,EUU,OPT,EUUF7 P1360,2027-01-08,P,1.36,0.189500000,3,
2026-09-01,EUU,OPT,EUUF7 P1370,2027-01-08,P,1.37,0.199400000,3,
2026-09-01,EUU,OPT,EUUG7 C1000,2027-02-05,C,1,0.165400000,3,
2026-09-01,EUU,OPT,EUUG7 C1010,2027-02-05,C,1.01,0.155700000,3,
2026-09-01,EUU,OPT,EUUG7 C1020,2027-02-05,C,1.02,0.145800000,3,
2026-09-01,EUU,OPT,EUUG7 C1030,2027-02-05,C,1.03,0.136000000,3,
2026-09-01,EUU,OPT,EUUG7 C1040,2027-02-05,C,1.04,0.126300000,3,
2026-09-01,EUU,OPT,EUUG7 C1050,2027-02-05,C,1.05,0.116700000,3,
2026-09-01,EUU,OPT,EUUG7 C1060,2027-02-05,C,1.06,0.107000000,3,
2026-09-01,EUU,OPT,EUUG7 C1070,2027-02-05,C,1.07,0.097400000,3,
2026-09-01,EUU,OPT,EUUG7 C1080,2027-02-05,C,1.08,0.087900000,3,
2026-09-01,EUU,OPT,EUUG7 C1090,2027-02-05,C,1.09,0.078500000,3,
2026-09-01,EUU,OPT,EUUG7 C1100,2027-02-05,C,1.1,0.069300000,3,
2026-09-01,EUU,OPT,EUUG7 C1105,2027-02-05,C,1.105,0.064700000,3,
2026-09-01,EUU,OPT,EUUG7 C1110,2027-02-05,C,1.11,0.060200000,3,
2026-09-01,EUU,OPT,EUUG7 C1115,2027-02-05,C,1.115,0.055800000,3,
2026-09-01,EUU,OPT,EUUG7 C1120,2027-02-05,C,1.12,0.051500000,3,
2026-09-01,EUU,OPT,EUUG7 C1125,2027-02-05,C,1.125,0.047200000,3,
2026-09-01,EUU,OPT,EUUG7 C1130,2027-02-05,C,1.13,0.043100000,3,
2026-09-01,EUU,OPT,EUUG7 C1135,2027-02-05,C,1.135,0.039100000,3,5
2026-09-01,EUU,OPT,EUUG7 C1140,2027-02-05,C,1.14,0.035200000,3,
2026-09-01,EUU,OPT,EUUG7 C1145,2027-02-05,C,1.145,0.031600000,3,
2026-09-01,EUU,OPT,EUUG7 C1150,2027-02-05,C,1.15,0.028100000,3,120
2026-09-01,EUU,OPT,EUUG7 C1155,2027-02-05,C,1.155,0.024800000,3,14
2026-09-01,EUU,OPT,EUUG7 C1160,2027-02-05,C,1.16,0.021800000,3,11
2026-09-01,EUU,OPT,EUUG7 C1165,2027-02-05,C,1.165,0.019000000,3,255
2026-09-01,EUU,OPT,EUUG7 C1170,2027-02-05,C,1.17,0.016500000,3,328
2026-09-01,EUU,OPT,EUUG7 C1175,2027-02-05,C,1.175,0.014300000,3,110
2026-09-01,EUU,OPT,EUUG7 C1180,2027-02-05,C,1.18,0.012300000,3,161
2026-09-01,EUU,OPT,EUUG7 C1185,2027-02-05,C,1.185,0.010500000,3,2
2026-09-01,EUU,OPT,EUUG7 C1190,2027-02-05,C,1.19,0.008900000,3,3
2026-09-01,EUU,OPT,EUUG7 C1195,2027-02-05,C,1.195,0.007600000,3,6
2026-09-01,EUU,OPT,EUUG7 C1200,2027-02-05,C,1.2,0.006500000,3,66
2026-09-01,EUU,OPT,EUUG7 C1205,2027-02-05,C,1.205,0.005500000,3,
2026-09-01,EUU,OPT,EUUG7 C1210,2027-02-05,C,1.21,0.004700000,3,200
2026-09-01,EUU,OPT,EUUG7 C1215,2027-02-05,C,1.215,0.004000000,3,1500
2026-09-01,EUU,OPT,EUUG7 C1220,2027-02-05,C,1.22,0.003400000,3,1
2026-09-01,EUU,OPT,EUUG7 C1225,2027-02-05,C,1.225,0.003000000,3,
2026-09-01,EUU,OPT,EUUG7 C1230,2027-02-05,C,1.23,0.002500000,3,8
2026-09-01,EUU,OPT,EUUG7 C1235,2027-02-05,C,1.235,0.002200000,3,51
2026-09-01,EUU,OPT,EUUG7 C1240,2027-02-05,C,1.24,0.001900000,3,1523
2026-09-01,EUU,OPT,EUUG7 C1245,2027-02-05,C,1.245,0.001700000,3,103
2026-09-01,EUU,OPT,EUUG7 C1250,2027-02-05,C,1.25,0.001400000,3,8
2026-09-01,EUU,OPT,EUUG7 C1255,2027-02-05,C,1.255,0.001300000,3,
2026-09-01,EUU,OPT,EUUG7 C1260,2027-02-05,C,1.26,0.001100000,3,5
2026-09-01,EUU,OPT,EUUG7 C1270,2027-02-05,C,1.27,0.000800000,3,
2026-09-01,EUU,OPT,EUUG7 C1280,2027-02-05,C,1.28,0.000700000,3,16
2026-09-01,EUU,OPT,EUUG7 C1290,2027-02-05,C,1.29,0.000500000,3,1
2026-09-01,EUU,OPT,EUUG7 C1300,2027-02-05,C,1.3,0.000400000,3,37
2026-09-01,EUU,OPT,EUUG7 C1310,2027-02-05,C,1.31,0.000300000,3,100
2026-09-01,EUU,OPT,EUUG7 C1320,2027-02-05,C,1.32,0.000250000,3,5
2026-09-01,EUU,OPT,EUUG7 C1330,2027-02-05,C,1.33,0.000200000,3,40
2026-09-01,EUU,OPT,EUUG7 C1340,2027-02-05,C,1.34,0.000150000,3,504
2026-09-01,EUU,OPT,EUUG7 C1350,2027-02-05,C,1.35,0.000150000,3,1
2026-09-01,EUU,OPT,EUUG7 C1360,2027-02-05,C,1.36,0.000100000,3,
2026-09-01,EUU,OPT,EUUG7 P1000,2027-02-05,P,1,0.000250000,3,
2026-09-01,EUU,OPT,EUUG7 P1010,2027-02-05,P,1.01,0.000300000,3,
2026-09-01,EUU,OPT,EUUG7 P1020,2027-02-05,P,1.02,0.000350000,3,
2026-09-01,EUU,OPT,EUUG7 P1030,2027-02-05,P,1.03,0.000400000,3,
2026-09-01,EUU,OPT,EUUG7 P1040,2027-02-05,P,1.04,0.000500000,3,
2026-09-01,EUU,OPT,EUUG7 P1050,2027-02-05,P,1.05,0.000700000,3,7
2026-09-01,EUU,OPT,EUUG7 P1060,2027-02-05,P,1.06,0.000900000,3,27
2026-09-01,EUU,OPT,EUUG7 P1070,2027-02-05,P,1.07,0.001100000,3,19
2026-09-01,EUU,OPT,EUUG7 P1080,2027-02-05,P,1.08,0.001400000,3,216
2026-09-01,EUU,OPT,EUUG7 P1090,2027-02-05,P,1.09,0.001900000,3,717
2026-09-01,EUU,OPT,EUUG7 P1100,2027-02-05,P,1.1,0.002400000,3,129
2026-09-01,EUU,OPT,EUUG7 P1105,2027-02-05,P,1.105,0.002800000,3,
2026-09-01,EUU,OPT,EUUG7 P1110,2027-02-05,P,1.11,0.003200000,3,23
2026-09-01,EUU,OPT,EUUG7 P1115,2027-02-05,P,1.115,0.003700000,3,100
2026-09-01,EUU,OPT,EUUG7 P1120,2027-02-05,P,1.12,0.004300000,3,15
2026-09-01,EUU,OPT,EUUG7 P1125,2027-02-05,P,1.125,0.005000000,3,
2026-09-01,EUU,OPT,EUUG7 P1130,2027-02-05,P,1.13,0.005800000,3,392
2026-09-01,EUU,OPT,EUUG7 P1135,2027-02-05,P,1.135,0.006700000,3,
2026-09-01,EUU,OPT,EUUG7 P1140,2027-02-05,P,1.14,0.007800000,3,827
2026-09-01,EUU,OPT,EUUG7 P1145,2027-02-05,P,1.145,0.009000000,3,177
2026-09-01,EUU,OPT,EUUG7 P1150,2027-02-05,P,1.15,0.010400000,3,724
2026-09-01,EUU,OPT,EUUG7 P1155,2027-02-05,P,1.155,0.012100000,3,109
2026-09-01,EUU,OPT,EUUG7 P1160,2027-02-05,P,1.16,0.014000000,3,455
2026-09-01,EUU,OPT,EUUG7 P1165,2027-02-05,P,1.165,0.016100000,3,551
2026-09-01,EUU,OPT,EUUG7 P1170,2027-02-05,P,1.17,0.018500000,3,1446
2026-09-01,EUU,OPT,EUUG7 P1175,2027-02-05,P,1.175,0.021200000,3,721
2026-09-01,EUU,OPT,EUUG7 P1180,2027-02-05,P,1.18,0.024100000,3,15
2026-09-01,EUU,OPT,EUUG7 P1185,2027-02-05,P,1.185,0.027300000,3,
2026-09-01,EUU,OPT,EUUG7 P1190,2027-02-05,P,1.19,0.030600000,3,
2026-09-01,EUU,OPT,EUUG7 P1195,2027-02-05,P,1.195,0.034200000,3,
2026-09-01,EUU,OPT,EUUG7 P1200,2027-02-05,P,1.2,0.038000000,3,
2026-09-01,EUU,OPT,EUUG7 P1205,2027-02-05,P,1.205,0.041900000,3,
2026-09-01,EUU,OPT,EUUG7 P1210,2027-02-05,P,1.21,0.046000000,3,
2026-09-01,EUU,OPT,EUUG7 P1215,2027-02-05,P,1.215,0.050300000,3,
2026-09-01,EUU,OPT,EUUG7 P1220,2027-02-05,P,1.22,0.054600000,3,
2026-09-01,EUU,OPT,EUUG7 P1225,2027-02-05,P,1.225,0.059100000,3,
2026-09-01,EUU,OPT,EUUG7 P1230,2027-02-05,P,1.23,0.063600000,3,
2026-09-01,EUU,OPT,EUUG7 P1235,2027-02-05,P,1.235,0.068100000,3,
2026-09-01,EUU,OPT,EUUG7 P1240,2027-02-05,P,1.24,0.072800000,3,
2026-09-01,EUU,OPT,EUUG7 P1245,2027-02-05,P,1.245,0.077400000,3,
2026-09-01,EUU,OPT,EUUG7 P1250,2027-02-05,P,1.25,0.082100000,3,
2026-09-01,EUU,OPT,EUUG7 P1255,2027-02-05,P,1.255,0.086900000,3,
2026-09-01,EUU,OPT,EUUG7 P1260,2027-02-05,P,1.26,0.091600000,3,
2026-09-01,EUU,OPT,EUUG7 P1270,2027-02-05,P,1.27,0.101200000,3,
2026-09-01,EUU,OPT,EUUG7 P1280,2027-02-05,P,1.28,0.110800000,3,
2026-09-01,EUU,OPT,EUUG7 P1290,2027-02-05,P,1.29,0.120500000,3,
2026-09-01,EUU,OPT,EUUG7 P1300,2027-02-05,P,1.3,0.130300000,3,
2026-09-01,EUU,OPT,EUUG7 P1310,2027-02-05,P,1.31,0.140000000,3,
2026-09-01,EUU,OPT,EUUG7 P1320,2027-02-05,P,1.32,0.149800000,3,
2026-09-01,EUU,OPT,EUUG7 P1330,2027-02-05,P,1.33,0.159600000,3,
2026-09-01,EUU,OPT,EUUG7 P1340,2027-02-05,P,1.34,0.169300000,3,
2026-09-01,EUU,OPT,EUUG7 P1350,2027-02-05,P,1.35,0.179200000,3,
2026-09-01,EUU,OPT,EUUG7 P1360,2027-02-05,P,1.36,0.189000000,3,
2026-09-01,EUU,OPT,EUUH7 C0970,2027-03-05,C,0.97,0.194200000,3,
2026-09-01,EUU,OPT,EUUH7 C0980,2027-03-05,C,0.98,0.184500000,3,
2026-09-01,EUU,OPT,EUUH7 C0990,2027-03-05,C,0.99,0.174800000,3,
2026-09-01,EUU,OPT,EUUH7 C1000,2027-03-05,C,1,0.165000000,3,
2026-09-01,EUU,OPT,EUUH7 C1010,2027-03-05,C,1.01,0.155300000,3,
2026-09-01,EUU,OPT,EUUH7 C1020,2027-03-05,C,1.02,0.145500000,3,0
2026-09-01,EUU,OPT,EUUH7 C1030,2027-03-05,C,1.03,0.135800000,3,
2026-09-01,EUU,OPT,EUUH7 C1040,2027-03-05,C,1.04,0.126200000,3,
2026-09-01,EUU,OPT,EUUH7 C1050,2027-03-05,C,1.05,0.116600000,3,5
2026-09-01,EUU,OPT,EUUH7 C1060,2027-03-05,C,1.06,0.107000000,3,
2026-09-01,EUU,OPT,EUUH7 C1065,2027-03-05,C,1.065,0.102200000,3,
2026-09-01,EUU,OPT,EUUH7 C1070,2027-03-05,C,1.07,0.097500000,3,
2026-09-01,EUU,OPT,EUUH7 C1075,2027-03-05,C,1.075,0.092800000,3,5
2026-09-01,EUU,OPT,EUUH7 C1080,2027-03-05,C,1.08,0.088100000,3,
2026-09-01,EUU,OPT,EUUH7 C1085,2027-03-05,C,1.085,0.083400000,3,
2026-09-01,EUU,OPT,EUUH7 C1090,2027-03-05,C,1.09,0.078800000,3,
2026-09-01,EUU,OPT,EUUH7 C1095,2027-03-05,C,1.095,0.074200000,3,
2026-09-01,EUU,OPT,EUUH7 C1100,2027-03-05,C,1.1,0.069700000,3,
2026-09-01,EUU,OPT,EUUH7 C1105,2027-03-05,C,1.105,0.065200000,3,
2026-09-01,EUU,OPT,EUUH7 C1110,2027-03-05,C,1.11,0.060800000,3,
2026-09-01,EUU,OPT,EUUH7 C1115,2027-03-05,C,1.115,0.056500000,3,
2026-09-01,EUU,OPT,EUUH7 C1120,2027-03-05,C,1.12,0.052300000,3,
2026-09-01,EUU,OPT,EUUH7 C1125,2027-03-05,C,1.125,0.048100000,3,
2026-09-01,EUU,OPT,EUUH7 C1130,2027-03-05,C,1.13,0.044100000,3,
2026-09-01,EUU,OPT,EUUH7 C1135,2027-03-05,C,1.135,0.040200000,3,121
2026-09-01,EUU,OPT,EUUH7 C1140,2027-03-05,C,1.14,0.036400000,3,1
2026-09-01,EUU,OPT,EUUH7 C1145,2027-03-05,C,1.145,0.032900000,3,
2026-09-01,EUU,OPT,EUUH7 C1150,2027-03-05,C,1.15,0.029500000,3,29
2026-09-01,EUU,OPT,EUUH7 C1155,2027-03-05,C,1.155,0.026300000,3,16
2026-09-01,EUU,OPT,EUUH7 C1160,2027-03-05,C,1.16,0.023300000,3,5593
2026-09-01,EUU,OPT,EUUH7 C1165,2027-03-05,C,1.165,0.020600000,3,39
2026-09-01,EUU,OPT,EUUH7 C1170,2027-03-05,C,1.17,0.018100000,3,1218
2026-09-01,EUU,OPT,EUUH7 C1175,2027-03-05,C,1.175,0.015800000,3,429
2026-09-01,EUU,OPT,EUUH7 C1180,2027-03-05,C,1.18,0.013800000,3,2923
2026-09-01,EUU,OPT,EUUH7 C1185,2027-03-05,C,1.185,0.012000000,3,9
2026-09-01,EUU,OPT,EUUH7 C1190,2027-03-05,C,1.19,0.010400000,3,20
2026-09-01,EUU,OPT,EUUH7 C1195,2027-03-05,C,1.195,0.009000000,3,15
2026-09-01,EUU,OPT,EUUH7 C1200,2027-03-05,C,1.2,0.007800000,3,170
2026-09-01,EUU,OPT,EUUH7 C1205,2027-03-05,C,1.205,0.006800000,3,10
2026-09-01,EUU,OPT,EUUH7 C1210,2027-03-05,C,1.21,0.005900000,3,1515
2026-09-01,EUU,OPT,EUUH7 C1215,2027-03-05,C,1.215,0.005100000,3,2
2026-09-01,EUU,OPT,EUUH7 C1220,2027-03-05,C,1.22,0.004400000,3,1305
2026-09-01,EUU,OPT,EUUH7 C1225,2027-03-05,C,1.225,0.003800000,3,4
2026-09-01,EUU,OPT,EUUH7 C1230,2027-03-05,C,1.23,0.003400000,3,12
2026-09-01,EUU,OPT,EUUH7 C1235,2027-03-05,C,1.235,0.002900000,3,53
2026-09-01,EUU,OPT,EUUH7 C1240,2027-03-05,C,1.24,0.002600000,3,55
2026-09-01,EUU,OPT,EUUH7 C1245,2027-03-05,C,1.245,0.002300000,3,71
2026-09-01,EUU,OPT,EUUH7 C1250,2027-03-05,C,1.25,0.002000000,3,53
2026-09-01,EUU,OPT,EUUH7 C1255,2027-03-05,C,1.255,0.001800000,3,
2026-09-01,EUU,OPT,EUUH7 C1260,2027-03-05,C,1.26,0.001600000,3,
2026-09-01,EUU,OPT,EUUH7 C1265,2027-03-05,C,1.265,0.001400000,3,1
2026-09-01,EUU,OPT,EUUH7 C1270,2027-03-05,C,1.27,0.001200000,3,4
2026-09-01,EUU,OPT,EUUH7 C1280,2027-03-05,C,1.28,0.001000000,3,30
2026-09-01,EUU,OPT,EUUH7 C1290,2027-03-05,C,1.29,0.000800000,3,
2026-09-01,EUU,OPT,EUUH7 C1300,2027-03-05,C,1.3,0.000700000,3,3
2026-09-01,EUU,OPT,EUUH7 C1310,2027-03-05,C,1.31,0.000500000,3,
2026-09-01,EUU,OPT,EUUH7 C1320,2027-03-05,C,1.32,0.000450000,3,
2026-09-01,EUU,OPT,EUUH7 C1330,2027-03-05,C,1.33,0.000400000,3,
2026-09-01,EUU,OPT,EUUH7 C1340,2027-03-05,C,1.34,0.000350000,3,
2026-09-01,EUU,OPT,EUUH7 C1350,2027-03-05,C,1.35,0.000300000,3,13
2026-09-01,EUU,OPT,EUUH7 C1360,2027-03-05,C,1.36,0.000250000,3,
2026-09-01,EUU,OPT,EUUH7 C1370,2027-03-05,C,1.37,0.000200000,3,10
2026-09-01,EUU,OPT,EUUH7 P0970,2027-03-05,P,0.97,0.000150000,3,721
2026-09-01,EUU,OPT,EUUH7 P0980,2027-03-05,P,0.98,0.000250000,3,2
2026-09-01,EUU,OPT,EUUH7 P0990,2027-03-05,P,0.99,0.000300000,3,70
2026-09-01,EUU,OPT,EUUH7 P1000,2027-03-05,P,1,0.000350000,3,16
2026-09-01,EUU,OPT,EUUH7 P1010,2027-03-05,P,1.01,0.000450000,3,5531
2026-09-01,EUU,OPT,EUUH7 P1020,2027-03-05,P,1.02,0.000450000,3,70
2026-09-01,EUU,OPT,EUUH7 P1030,2027-03-05,P,1.03,0.000600000,3,6522
2026-09-01,EUU,OPT,EUUH7 P1040,2027-03-05,P,1.04,0.000700000,3,614
2026-09-01,EUU,OPT,EUUH7 P1050,2027-03-05,P,1.05,0.000900000,3,111
2026-09-01,EUU,OPT,EUUH7 P1060,2027-03-05,P,1.06,0.001200000,3,18
2026-09-01,EUU,OPT,EUUH7 P1065,2027-03-05,P,1.065,0.001300000,3,
2026-09-01,EUU,OPT,EUUH7 P1070,2027-03-05,P,1.07,0.001500000,3,3
2026-09-01,EUU,OPT,EUUH7 P1075,2027-03-05,P,1.075,0.001700000,3,3
2026-09-01,EUU,OPT,EUUH7 P1080,2027-03-05,P,1.08,0.001900000,3,488
2026-09-01,EUU,OPT,EUUH7 P1085,2027-03-05,P,1.085,0.002100000,3,1
2026-09-01,EUU,OPT,EUUH7 P1090,2027-03-05,P,1.09,0.002400000,3,21
2026-09-01,EUU,OPT,EUUH7 P1095,2027-03-05,P,1.095,0.002700000,3,70
2026-09-01,EUU,OPT,EUUH7 P1100,2027-03-05,P,1.1,0.003100000,3,228
2026-09-01,EUU,OPT,EUUH7 P1105,2027-03-05,P,1.105,0.003500000,3,300
2026-09-01,EUU,OPT,EUUH7 P1110,2027-03-05,P,1.11,0.004000000,3,130
2026-09-01,EUU,OPT,EUUH7 P1115,2027-03-05,P,1.115,0.004600000,3,80
2026-09-01,EUU,OPT,EUUH7 P1120,2027-03-05,P,1.12,0.005300000,3,6
2026-09-01,EUU,OPT,EUUH7 P1125,2027-03-05,P,1.125,0.006000000,3,343
2026-09-01,EUU,OPT,EUUH7 P1130,2027-03-05,P,1.13,0.006900000,3,801
2026-09-01,EUU,OPT,EUUH7 P1135,2027-03-05,P,1.135,0.007900000,3,36
2026-09-01,EUU,OPT,EUUH7 P1140,2027-03-05,P,1.14,0.009000000,3,1198
2026-09-01,EUU,OPT,EUUH7 P1145,2027-03-05,P,1.145,0.010400000,3,709
2026-09-01,EUU,OPT,EUUH7 P1150,2027-03-05,P,1.15,0.011900000,3,33
2026-09-01,EUU,OPT,EUUH7 P1155,2027-03-05,P,1.155,0.013600000,3,240
2026-09-01,EUU,OPT,EUUH7 P1160,2027-03-05,P,1.16,0.015500000,3,526
2026-09-01,EUU,OPT,EUUH7 P1165,2027-03-05,P,1.165,0.017700000,3,32
2026-09-01,EUU,OPT,EUUH7 P1170,2027-03-05,P,1.17,0.020100000,3,1224
2026-09-01,EUU,OPT,EUUH7 P1175,2027-03-05,P,1.175,0.022700000,3,45
2026-09-01,EUU,OPT,EUUH7 P1180,2027-03-05,P,1.18,0.025600000,3,345
2026-09-01,EUU,OPT,EUUH7 P1185,2027-03-05,P,1.185,0.028700000,3,13
2026-09-01,EUU,OPT,EUUH7 P1190,2027-03-05,P,1.19,0.032000000,3,
2026-09-01,EUU,OPT,EUUH7 P1195,2027-03-05,P,1.195,0.035500000,3,
2026-09-01,EUU,OPT,EUUH7 P1200,2027-03-05,P,1.2,0.039200000,3,
2026-09-01,EUU,OPT,EUUH7 P1205,2027-03-05,P,1.205,0.043100000,3,3
2026-09-01,EUU,OPT,EUUH7 P1210,2027-03-05,P,1.21,0.047100000,3,
2026-09-01,EUU,OPT,EUUH7 P1215,2027-03-05,P,1.215,0.051200000,3,
2026-09-01,EUU,OPT,EUUH7 P1220,2027-03-05,P,1.22,0.055400000,3,1
2026-09-01,EUU,OPT,EUUH7 P1225,2027-03-05,P,1.225,0.059800000,3,
2026-09-01,EUU,OPT,EUUH7 P1230,2027-03-05,P,1.23,0.064200000,3,
2026-09-01,EUU,OPT,EUUH7 P1235,2027-03-05,P,1.235,0.068700000,3,
2026-09-01,EUU,OPT,EUUH7 P1240,2027-03-05,P,1.24,0.073200000,3,
2026-09-01,EUU,OPT,EUUH7 P1245,2027-03-05,P,1.245,0.077800000,3,
2026-09-01,EUU,OPT,EUUH7 P1250,2027-03-05,P,1.25,0.082400000,3,
2026-09-01,EUU,OPT,EUUH7 P1255,2027-03-05,P,1.255,0.087100000,3,
2026-09-01,EUU,OPT,EUUH7 P1260,2027-03-05,P,1.26,0.091800000,3,
2026-09-01,EUU,OPT,EUUH7 P1265,2027-03-05,P,1.265,0.096500000,3,
2026-09-01,EUU,OPT,EUUH7 P1270,2027-03-05,P,1.27,0.101300000,3,
2026-09-01,EUU,OPT,EUUH7 P1280,2027-03-05,P,1.28,0.110800000,3,
2026-09-01,EUU,OPT,EUUH7 P1290,2027-03-05,P,1.29,0.120500000,3,
2026-09-01,EUU,OPT,EUUH7 P1300,2027-03-05,P,1.3,0.130100000,3,
2026-09-01,EUU,OPT,EUUH7 P1310,2027-03-05,P,1.31,0.139800000,3,
2026-09-01,EUU,OPT,EUUH7 P1320,2027-03-05,P,1.32,0.149500000,3,
2026-09-01,EUU,OPT,EUUH7 P1330,2027-03-05,P,1.33,0.159300000,3,
2026-09-01,EUU,OPT,EUUH7 P1340,2027-03-05,P,1.34,0.169000000,3,
2026-09-01,EUU,OPT,EUUH7 P1350,2027-03-05,P,1.35,0.178800000,3,
2026-09-01,EUU,OPT,EUUH7 P1360,2027-03-05,P,1.36,0.188500000,3,
2026-09-01,EUU,OPT,EUUH7 P1370,2027-03-05,P,1.37,0.198300000,3,
2026-09-01,EUU,OPT,EUUJ7 C1000,2027-04-09,C,1,0.168400000,3,
2026-09-01,EUU,OPT,EUUJ7 C1010,2027-04-09,C,1.01,0.158700000,3,
2026-09-01,EUU,OPT,EUUJ7 C1020,2027-04-09,C,1.02,0.149000000,3,
2026-09-01,EUU,OPT,EUUJ7 C1030,2027-04-09,C,1.03,0.139400000,3,
2026-09-01,EUU,OPT,EUUJ7 C1040,2027-04-09,C,1.04,0.129800000,3,
2026-09-01,EUU,OPT,EUUJ7 C1050,2027-04-09,C,1.05,0.120200000,3,
2026-09-01,EUU,OPT,EUUJ7 C1060,2027-04-09,C,1.06,0.110700000,3,1
2026-09-01,EUU,OPT,EUUJ7 C1070,2027-04-09,C,1.07,0.101300000,3,
2026-09-01,EUU,OPT,EUUJ7 C1080,2027-04-09,C,1.08,0.092000000,3,
2026-09-01,EUU,OPT,EUUJ7 C1090,2027-04-09,C,1.09,0.082900000,3,
2026-09-01,EUU,OPT,EUUJ7 C1100,2027-04-09,C,1.1,0.073900000,3,
2026-09-01,EUU,OPT,EUUJ7 C1105,2027-04-09,C,1.105,0.069500000,3,
2026-09-01,EUU,OPT,EUUJ7 C1110,2027-04-09,C,1.11,0.065100000,3,
2026-09-01,EUU,OPT,EUUJ7 C1115,2027-04-09,C,1.115,0.060800000,3,
2026-09-01,EUU,OPT,EUUJ7 C1120,2027-04-09,C,1.12,0.056600000,3,
2026-09-01,EUU,OPT,EUUJ7 C1125,2027-04-09,C,1.125,0.052500000,3,
2026-09-01,EUU,OPT,EUUJ7 C1130,2027-04-09,C,1.13,0.048500000,3,
2026-09-01,EUU,OPT,EUUJ7 C1135,2027-04-09,C,1.135,0.044600000,3,
2026-09-01,EUU,OPT,EUUJ7 C1140,2027-04-09,C,1.14,0.040900000,3,
2026-09-01,EUU,OPT,EUUJ7 C1145,2027-04-09,C,1.145,0.037300000,3,1
2026-09-01,EUU,OPT,EUUJ7 C1150,2027-04-09,C,1.15,0.033800000,3,3
2026-09-01,EUU,OPT,EUUJ7 C1155,2027-04-09,C,1.155,0.030600000,3,
2026-09-01,EUU,OPT,EUUJ7 C1160,2027-04-09,C,1.16,0.027500000,3,5
2026-09-01,EUU,OPT,EUUJ7 C1165,2027-04-09,C,1.165,0.024700000,3,12
2026-09-01,EUU,OPT,EUUJ7 C1170,2027-04-09,C,1.17,0.022000000,3,10
2026-09-01,EUU,OPT,EUUJ7 C1175,2027-04-09,C,1.175,0.019600000,3,10
2026-09-01,EUU,OPT,EUUJ7 C1180,2027-04-09,C,1.18,0.017300000,3,25
2026-09-01,EUU,OPT,EUUJ7 C1185,2027-04-09,C,1.185,0.015300000,3,379
2026-09-01,EUU,OPT,EUUJ7 C1190,2027-04-09,C,1.19,0.013500000,3,
2026-09-01,EUU,OPT,EUUJ7 C1195,2027-04-09,C,1.195,0.011900000,3,6
2026-09-01,EUU,OPT,EUUJ7 C1200,2027-04-09,C,1.2,0.010500000,3,1
2026-09-01,EUU,OPT,EUUJ7 C1205,2027-04-09,C,1.205,0.009200000,3,
2026-09-01,EUU,OPT,EUUJ7 C1210,2027-04-09,C,1.21,0.008100000,3,
2026-09-01,EUU,OPT,EUUJ7 C1215,2027-04-09,C,1.215,0.007100000,3,
2026-09-01,EUU,OPT,EUUJ7 C1220,2027-04-09,C,1.22,0.006200000,3,
2026-09-01,EUU,OPT,EUUJ7 C1225,2027-04-09,C,1.225,0.005500000,3,
2026-09-01,EUU,OPT,EUUJ7 C1230,2027-04-09,C,1.23,0.004900000,3,
2026-09-01,EUU,OPT,EUUJ7 C1235,2027-04-09,C,1.235,0.004300000,3,163
2026-09-01,EUU,OPT,EUUJ7 C1240,2027-04-09,C,1.24,0.003800000,3,3
2026-09-01,EUU,OPT,EUUJ7 C1245,2027-04-09,C,1.245,0.003400000,3,
2026-09-01,EUU,OPT,EUUJ7 C1250,2027-04-09,C,1.25,0.003000000,3,161
2026-09-01,EUU,OPT,EUUJ7 C1260,2027-04-09,C,1.26,0.002400000,3,3
2026-09-01,EUU,OPT,EUUJ7 C1270,2027-04-09,C,1.27,0.001900000,3,
2026-09-01,EUU,OPT,EUUJ7 C1280,2027-04-09,C,1.28,0.001600000,3,1049
2026-09-01,EUU,OPT,EUUJ7 C1290,2027-04-09,C,1.29,0.001300000,3,
2026-09-01,EUU,OPT,EUUJ7 C1300,2027-04-09,C,1.3,0.001100000,3,
2026-09-01,EUU,OPT,EUUJ7 C1310,2027-04-09,C,1.31,0.000900000,3,
2026-09-01,EUU,OPT,EUUJ7 C1320,2027-04-09,C,1.32,0.000800000,3,
2026-09-01,EUU,OPT,EUUJ7 C1330,2027-04-09,C,1.33,0.000700000,3,
2026-09-01,EUU,OPT,EUUJ7 C1340,2027-04-09,C,1.34,0.000600000,3,
2026-09-01,EUU,OPT,EUUJ7 C1350,2027-04-09,C,1.35,0.000450000,3,
2026-09-01,EUU,OPT,EUUJ7 P1000,2027-04-09,P,1,0.000500000,3,
2026-09-01,EUU,OPT,EUUJ7 P1010,2027-04-09,P,1.01,0.000600000,3,4
2026-09-01,EUU,OPT,EUUJ7 P1020,2027-04-09,P,1.02,0.000700000,3,
2026-09-01,EUU,OPT,EUUJ7 P1030,2027-04-09,P,1.03,0.000800000,3,
2026-09-01,EUU,OPT,EUUJ7 P1040,2027-04-09,P,1.04,0.001000000,3,
2026-09-01,EUU,OPT,EUUJ7 P1050,2027-04-09,P,1.05,0.001200000,3,
2026-09-01,EUU,OPT,EUUJ7 P1060,2027-04-09,P,1.06,0.001400000,3,1
2026-09-01,EUU,OPT,EUUJ7 P1070,2027-04-09,P,1.07,0.001800000,3,
2026-09-01,EUU,OPT,EUUJ7 P1080,2027-04-09,P,1.08,0.002300000,3,38
2026-09-01,EUU,OPT,EUUJ7 P1090,2027-04-09,P,1.09,0.002900000,3,125
2026-09-01,EUU,OPT,EUUJ7 P1100,2027-04-09,P,1.1,0.003700000,3,39
2026-09-01,EUU,OPT,EUUJ7 P1105,2027-04-09,P,1.105,0.004100000,3,28
2026-09-01,EUU,OPT,EUUJ7 P1110,2027-04-09,P,1.11,0.004700000,3,15
2026-09-01,EUU,OPT,EUUJ7 P1115,2027-04-09,P,1.115,0.005300000,3,1
2026-09-01,EUU,OPT,EUUJ7 P1120,2027-04-09,P,1.12,0.006000000,3,10
2026-09-01,EUU,OPT,EUUJ7 P1125,2027-04-09,P,1.125,0.006700000,3,4
2026-09-01,EUU,OPT,EUUJ7 P1130,2027-04-09,P,1.13,0.007600000,3,5
2026-09-01,EUU,OPT,EUUJ7 P1135,2027-04-09,P,1.135,0.008600000,3,20
2026-09-01,EUU,OPT,EUUJ7 P1140,2027-04-09,P,1.14,0.009700000,3,80
2026-09-01,EUU,OPT,EUUJ7 P1145,2027-04-09,P,1.145,0.011000000,3,20
2026-09-01,EUU,OPT,EUUJ7 P1150,2027-04-09,P,1.15,0.012500000,3,366
2026-09-01,EUU,OPT,EUUJ7 P1155,2027-04-09,P,1.155,0.014100000,3,360
2026-09-01,EUU,OPT,EUUJ7 P1160,2027-04-09,P,1.16,0.015900000,3,241
2026-09-01,EUU,OPT,EUUJ7 P1165,2027-04-09,P,1.165,0.017900000,3,388
2026-09-01,EUU,OPT,EUUJ7 P1170,2027-04-09,P,1.17,0.020200000,3,290
2026-09-01,EUU,OPT,EUUJ7 P1175,2027-04-09,P,1.175,0.022600000,3,2384
2026-09-01,EUU,OPT,EUUJ7 P1180,2027-04-09,P,1.18,0.025300000,3,2888
2026-09-01,EUU,OPT,EUUJ7 P1185,2027-04-09,P,1.185,0.028100000,3,
2026-09-01,EUU,OPT,EUUJ7 P1190,2027-04-09,P,1.19,0.031200000,3,300
2026-09-01,EUU,OPT,EUUJ7 P1195,2027-04-09,P,1.195,0.034500000,3,
2026-09-01,EUU,OPT,EUUJ7 P1200,2027-04-09,P,1.2,0.037900000,3,
2026-09-01,EUU,OPT,EUUJ7 P1205,2027-04-09,P,1.205,0.041500000,3,
2026-09-01,EUU,OPT,EUUJ7 P1210,2027-04-09,P,1.21,0.045300000,3,
2026-09-01,EUU,OPT,EUUJ7 P1215,2027-04-09,P,1.215,0.049200000,3,
2026-09-01,EUU,OPT,EUUJ7 P1220,2027-04-09,P,1.22,0.053200000,3,
2026-09-01,EUU,OPT,EUUJ7 P1225,2027-04-09,P,1.225,0.057400000,3,
2026-09-01,EUU,OPT,EUUJ7 P1230,2027-04-09,P,1.23,0.061600000,3,
2026-09-01,EUU,OPT,EUUJ7 P1235,2027-04-09,P,1.235,0.065900000,3,
2026-09-01,EUU,OPT,EUUJ7 P1240,2027-04-09,P,1.24,0.070300000,3,
2026-09-01,EUU,OPT,EUUJ7 P1245,2027-04-09,P,1.245,0.074800000,3,
2026-09-01,EUU,OPT,EUUJ7 P1250,2027-04-09,P,1.25,0.079300000,3,
2026-09-01,EUU,OPT,EUUJ7 P1260,2027-04-09,P,1.26,0.088400000,3,
2026-09-01,EUU,OPT,EUUJ7 P1270,2027-04-09,P,1.27,0.097700000,3,
2026-09-01,EUU,OPT,EUUJ7 P1280,2027-04-09,P,1.28,0.107100000,3,
2026-09-01,EUU,OPT,EUUJ7 P1290,2027-04-09,P,1.29,0.116600000,3,
2026-09-01,EUU,OPT,EUUJ7 P1300,2027-04-09,P,1.3,0.126100000,3,
2026-09-01,EUU,OPT,EUUJ7 P1310,2027-04-09,P,1.31,0.135700000,3,
2026-09-01,EUU,OPT,EUUJ7 P1320,2027-04-09,P,1.32,0.145400000,3,
2026-09-01,EUU,OPT,EUUJ7 P1330,2027-04-09,P,1.33,0.155100000,3,
2026-09-01,EUU,OPT,EUUJ7 P1340,2027-04-09,P,1.34,0.164700000,3,
2026-09-01,EUU,OPT,EUUJ7 P1350,2027-04-09,P,1.35,0.174400000,3,
2026-09-01,EUU,OPT,EUUK7 C1000,2027-05-07,C,1,0.168000000,3,
2026-09-01,EUU,OPT,EUUK7 C1010,2027-05-07,C,1.01,0.158400000,3,
2026-09-01,EUU,OPT,EUUK7 C1020,2027-05-07,C,1.02,0.148900000,3,
2026-09-01,EUU,OPT,EUUK7 C1030,2027-05-07,C,1.03,0.139300000,3,
2026-09-01,EUU,OPT,EUUK7 C1040,2027-05-07,C,1.04,0.129800000,3,
2026-09-01,EUU,OPT,EUUK7 C1050,2027-05-07,C,1.05,0.120400000,3,
2026-09-01,EUU,OPT,EUUK7 C1060,2027-05-07,C,1.06,0.111100000,3,
2026-09-01,EUU,OPT,EUUK7 C1070,2027-05-07,C,1.07,0.101800000,3,
2026-09-01,EUU,OPT,EUUK7 C1080,2027-05-07,C,1.08,0.092700000,3,
2026-09-01,EUU,OPT,EUUK7 C1090,2027-05-07,C,1.09,0.083700000,3,
2026-09-01,EUU,OPT,EUUK7 C1100,2027-05-07,C,1.1,0.074900000,3,
2026-09-01,EUU,OPT,EUUK7 C1105,2027-05-07,C,1.105,0.070600000,3,
2026-09-01,EUU,OPT,EUUK7 C1110,2027-05-07,C,1.11,0.066400000,3,
2026-09-01,EUU,OPT,EUUK7 C1115,2027-05-07,C,1.115,0.062200000,3,
2026-09-01,EUU,OPT,EUUK7 C1120,2027-05-07,C,1.12,0.058100000,3,
2026-09-01,EUU,OPT,EUUK7 C1125,2027-05-07,C,1.125,0.054000000,3,
2026-09-01,EUU,OPT,EUUK7 C1130,2027-05-07,C,1.13,0.050100000,3,
2026-09-01,EUU,OPT,EUUK7 C1135,2027-05-07,C,1.135,0.046400000,3,
2026-09-01,EUU,OPT,EUUK7 C1140,2027-05-07,C,1.14,0.042700000,3,2
2026-09-01,EUU,OPT,EUUK7 C1145,2027-05-07,C,1.145,0.039200000,3,
2026-09-01,EUU,OPT,EUUK7 C1150,2027-05-07,C,1.15,0.035900000,3,3
2026-09-01,EUU,OPT,EUUK7 C1155,2027-05-07,C,1.155,0.032700000,3,149
2026-09-01,EUU,OPT,EUUK7 C1160,2027-05-07,C,1.16,0.029700000,3,100
2026-09-01,EUU,OPT,EUUK7 C1165,2027-05-07,C,1.165,0.026900000,3,300
2026-09-01,EUU,OPT,EUUK7 C1170,2027-05-07,C,1.17,0.024300000,3,3
2026-09-01,EUU,OPT,EUUK7 C1175,2027-05-07,C,1.175,0.021900000,3,21
2026-09-01,EUU,OPT,EUUK7 C1180,2027-05-07,C,1.18,0.019600000,3,3
2026-09-01,EUU,OPT,EUUK7 C1185,2027-05-07,C,1.185,0.017500000,3,517
2026-09-01,EUU,OPT,EUUK7 C1190,2027-05-07,C,1.19,0.015600000,3,5
2026-09-01,EUU,OPT,EUUK7 C1195,2027-05-07,C,1.195,0.013900000,3,1006
2026-09-01,EUU,OPT,EUUK7 C1200,2027-05-07,C,1.2,0.012400000,3,
2026-09-01,EUU,OPT,EUUK7 C1205,2027-05-07,C,1.205,0.011100000,3,
2026-09-01,EUU,OPT,EUUK7 C1210,2027-05-07,C,1.21,0.009800000,3,800
2026-09-01,EUU,OPT,EUUK7 C1215,2027-05-07,C,1.215,0.008800000,3,143
2026-09-01,EUU,OPT,EUUK7 C1220,2027-05-07,C,1.22,0.007800000,3,1
2026-09-01,EUU,OPT,EUUK7 C1225,2027-05-07,C,1.225,0.007000000,3,9
2026-09-01,EUU,OPT,EUUK7 C1230,2027-05-07,C,1.23,0.006300000,3,1
2026-09-01,EUU,OPT,EUUK7 C1235,2027-05-07,C,1.235,0.005600000,3,1000
2026-09-01,EUU,OPT,EUUK7 C1240,2027-05-07,C,1.24,0.005000000,3,3
2026-09-01,EUU,OPT,EUUK7 C1245,2027-05-07,C,1.245,0.004500000,3,
2026-09-01,EUU,OPT,EUUK7 C1250,2027-05-07,C,1.25,0.004100000,3,1000
2026-09-01,EUU,OPT,EUUK7 C1260,2027-05-07,C,1.26,0.003300000,3,
2026-09-01,EUU,OPT,EUUK7 C1270,2027-05-07,C,1.27,0.002700000,3,
2026-09-01,EUU,OPT,EUUK7 C1280,2027-05-07,C,1.28,0.002200000,3,50
2026-09-01,EUU,OPT,EUUK7 C1290,2027-05-07,C,1.29,0.001800000,3,
2026-09-01,EUU,OPT,EUUK7 C1300,2027-05-07,C,1.3,0.001500000,3,1
2026-09-01,EUU,OPT,EUUK7 C1310,2027-05-07,C,1.31,0.001300000,3,1
2026-09-01,EUU,OPT,EUUK7 C1320,2027-05-07,C,1.32,0.001100000,3,
2026-09-01,EUU,OPT,EUUK7 C1330,2027-05-07,C,1.33,0.000900000,3,
2026-09-01,EUU,OPT,EUUK7 C1340,2027-05-07,C,1.34,0.000800000,3,
2026-09-01,EUU,OPT,EUUK7 P1000,2027-05-07,P,1,0.000700000,3,6
2026-09-01,EUU,OPT,EUUK7 P1010,2027-05-07,P,1.01,0.000800000,3,9
2026-09-01,EUU,OPT,EUUK7 P1020,2027-05-07,P,1.02,0.001000000,3,
2026-09-01,EUU,OPT,EUUK7 P1030,2027-05-07,P,1.03,0.001200000,3,2
2026-09-01,EUU,OPT,EUUK7 P1040,2027-05-07,P,1.04,0.001400000,3,
2026-09-01,EUU,OPT,EUUK7 P1050,2027-05-07,P,1.05,0.001800000,3,10
2026-09-01,EUU,OPT,EUUK7 P1060,2027-05-07,P,1.06,0.002200000,3,
2026-09-01,EUU,OPT,EUUK7 P1070,2027-05-07,P,1.07,0.002600000,3,5
2026-09-01,EUU,OPT,EUUK7 P1080,2027-05-07,P,1.08,0.003300000,3,1
2026-09-01,EUU,OPT,EUUK7 P1090,2027-05-07,P,1.09,0.004000000,3,
2026-09-01,EUU,OPT,EUUK7 P1100,2027-05-07,P,1.1,0.005000000,3,6
2026-09-01,EUU,OPT,EUUK7 P1105,2027-05-07,P,1.105,0.005500000,3,
2026-09-01,EUU,OPT,EUUK7 P1110,2027-05-07,P,1.11,0.006100000,3,1
2026-09-01,EUU,OPT,EUUK7 P1115,2027-05-07,P,1.115,0.006800000,3,
2026-09-01,EUU,OPT,EUUK7 P1120,2027-05-07,P,1.12,0.007500000,3,1604
2026-09-01,EUU,OPT,EUUK7 P1125,2027-05-07,P,1.125,0.008400000,3,2700
2026-09-01,EUU,OPT,EUUK7 P1130,2027-05-07,P,1.13,0.009400000,3,13
2026-09-01,EUU,OPT,EUUK7 P1135,2027-05-07,P,1.135,0.010500000,3,4
2026-09-01,EUU,OPT,EUUK7 P1140,2027-05-07,P,1.14,0.011700000,3,125
2026-09-01,EUU,OPT,EUUK7 P1145,2027-05-07,P,1.145,0.013000000,3,64
2026-09-01,EUU,OPT,EUUK7 P1150,2027-05-07,P,1.15,0.014600000,3,98
2026-09-01,EUU,OPT,EUUK7 P1155,2027-05-07,P,1.155,0.016300000,3,98
2026-09-01,EUU,OPT,EUUK7 P1160,2027-05-07,P,1.16,0.018200000,3,70
2026-09-01,EUU,OPT,EUUK7 P1165,2027-05-07,P,1.165,0.020200000,3,1
2026-09-01,EUU,OPT,EUUK7 P1170,2027-05-07,P,1.17,0.022500000,3,223
2026-09-01,EUU,OPT,EUUK7 P1175,2027-05-07,P,1.175,0.024900000,3,12
2026-09-01,EUU,OPT,EUUK7 P1180,2027-05-07,P,1.18,0.027500000,3,5
2026-09-01,EUU,OPT,EUUK7 P1185,2027-05-07,P,1.185,0.030300000,3,469
2026-09-01,EUU,OPT,EUUK7 P1190,2027-05-07,P,1.19,0.033300000,3,444
2026-09-01,EUU,OPT,EUUK7 P1195,2027-05-07,P,1.195,0.036400000,3,
2026-09-01,EUU,OPT,EUUK7 P1200,2027-05-07,P,1.2,0.039800000,3,
2026-09-01,EUU,OPT,EUUK7 P1205,2027-05-07,P,1.205,0.043300000,3,
2026-09-01,EUU,OPT,EUUK7 P1210,2027-05-07,P,1.21,0.046900000,3,
2026-09-01,EUU,OPT,EUUK7 P1215,2027-05-07,P,1.215,0.050700000,3,
2026-09-01,EUU,OPT,EUUK7 P1220,2027-05-07,P,1.22,0.054600000,3,
2026-09-01,EUU,OPT,EUUK7 P1225,2027-05-07,P,1.225,0.058700000,3,
2026-09-01,EUU,OPT,EUUK7 P1230,2027-05-07,P,1.23,0.062800000,3,
2026-09-01,EUU,OPT,EUUK7 P1235,2027-05-07,P,1.235,0.067000000,3,
2026-09-01,EUU,OPT,EUUK7 P1240,2027-05-07,P,1.24,0.071300000,3,
2026-09-01,EUU,OPT,EUUK7 P1245,2027-05-07,P,1.245,0.075700000,3,
2026-09-01,EUU,OPT,EUUK7 P1250,2027-05-07,P,1.25,0.080100000,3,
2026-09-01,EUU,OPT,EUUK7 P1260,2027-05-07,P,1.26,0.089000000,3,
2026-09-01,EUU,OPT,EUUK7 P1270,2027-05-07,P,1.27,0.098200000,3,
2026-09-01,EUU,OPT,EUUK7 P1280,2027-05-07,P,1.28,0.107400000,3,
2026-09-01,EUU,OPT,EUUK7 P1290,2027-05-07,P,1.29,0.116800000,3,
2026-09-01,EUU,OPT,EUUK7 P1300,2027-05-07,P,1.3,0.126200000,3,
2026-09-01,EUU,OPT,EUUK7 P1310,2027-05-07,P,1.31,0.135700000,3,
2026-09-01,EUU,OPT,EUUK7 P1320,2027-05-07,P,1.32,0.145200000,3,
2026-09-01,EUU,OPT,EUUK7 P1330,2027-05-07,P,1.33,0.154800000,3,
2026-09-01,EUU,OPT,EUUK7 P1340,2027-05-07,P,1.34,0.164400000,3,
2026-09-01,EUU,OPT,EUUM7 C1000,2027-06-04,C,1,0.167700000,3,
2026-09-01,EUU,OPT,EUUM7 C1010,2027-06-04,C,1.01,0.158100000,3,
2026-09-01,EUU,OPT,EUUM7 C1020,2027-06-04,C,1.02,0.148500000,3,
2026-09-01,EUU,OPT,EUUM7 C1030,2027-06-04,C,1.03,0.139000000,3,
2026-09-01,EUU,OPT,EUUM7 C1040,2027-06-04,C,1.04,0.129600000,3,
2026-09-01,EUU,OPT,EUUM7 C1050,2027-06-04,C,1.05,0.120300000,3,
2026-09-01,EUU,OPT,EUUM7 C1060,2027-06-04,C,1.06,0.111000000,3,
2026-09-01,EUU,OPT,EUUM7 C1070,2027-06-04,C,1.07,0.101900000,3,
2026-09-01,EUU,OPT,EUUM7 C1080,2027-06-04,C,1.08,0.092900000,3,
2026-09-01,EUU,OPT,EUUM7 C1090,2027-06-04,C,1.09,0.084100000,3,
2026-09-01,EUU,OPT,EUUM7 C1100,2027-06-04,C,1.1,0.075400000,3,4
2026-09-01,EUU,OPT,EUUM7 C1105,2027-06-04,C,1.105,0.071200000,3,
2026-09-01,EUU,OPT,EUUM7 C1110,2027-06-04,C,1.11,0.067000000,3,
2026-09-01,EUU,OPT,EUUM7 C1115,2027-06-04,C,1.115,0.062900000,3,
2026-09-01,EUU,OPT,EUUM7 C1120,2027-06-04,C,1.12,0.058800000,3,
2026-09-01,EUU,OPT,EUUM7 C1125,2027-06-04,C,1.125,0.054900000,3,0
2026-09-01,EUU,OPT,EUUM7 C1130,2027-06-04,C,1.13,0.051100000,3,
2026-09-01,EUU,OPT,EUUM7 C1135,2027-06-04,C,1.135,0.047300000,3,
2026-09-01,EUU,OPT,EUUM7 C1140,2027-06-04,C,1.14,0.043800000,3,6030
2026-09-01,EUU,OPT,EUUM7 C1145,2027-06-04,C,1.145,0.040300000,3,1
2026-09-01,EUU,OPT,EUUM7 C1150,2027-06-04,C,1.15,0.037100000,3,1042
2026-09-01,EUU,OPT,EUUM7 C1155,2027-06-04,C,1.155,0.033900000,3,3
2026-09-01,EUU,OPT,EUUM7 C1160,2027-06-04,C,1.16,0.031000000,3,6861
2026-09-01,EUU,OPT,EUUM7 C1165,2027-06-04,C,1.165,0.028200000,3,
2026-09-01,EUU,OPT,EUUM7 C1170,2027-06-04,C,1.17,0.025600000,3,11
2026-09-01,EUU,OPT,EUUM7 C1175,2027-06-04,C,1.175,0.023200000,3,488
2026-09-01,EUU,OPT,EUUM7 C1180,2027-06-04,C,1.18,0.020900000,3,14762
2026-09-01,EUU,OPT,EUUM7 C1185,2027-06-04,C,1.185,0.018900000,3,12
2026-09-01,EUU,OPT,EUUM7 C1190,2027-06-04,C,1.19,0.017000000,3,38
2026-09-01,EUU,OPT,EUUM7 C1195,2027-06-04,C,1.195,0.015200000,3,48
2026-09-01,EUU,OPT,EUUM7 C1200,2027-06-04,C,1.2,0.013700000,3,6505
2026-09-01,EUU,OPT,EUUM7 C1205,2027-06-04,C,1.205,0.012300000,3,
2026-09-01,EUU,OPT,EUUM7 C1210,2027-06-04,C,1.21,0.011000000,3,1
2026-09-01,EUU,OPT,EUUM7 C1215,2027-06-04,C,1.215,0.009900000,3,52
2026-09-01,EUU,OPT,EUUM7 C1220,2027-06-04,C,1.22,0.008900000,3,7
2026-09-01,EUU,OPT,EUUM7 C1225,2027-06-04,C,1.225,0.008000000,3,976
2026-09-01,EUU,OPT,EUUM7 C1230,2027-06-04,C,1.23,0.007200000,3,
2026-09-01,EUU,OPT,EUUM7 C1235,2027-06-04,C,1.235,0.006500000,3,
2026-09-01,EUU,OPT,EUUM7 C1240,2027-06-04,C,1.24,0.005900000,3,74
2026-09-01,EUU,OPT,EUUM7 C1245,2027-06-04,C,1.245,0.005300000,3,
2026-09-01,EUU,OPT,EUUM7 C1250,2027-06-04,C,1.25,0.004800000,3,72
2026-09-01,EUU,OPT,EUUM7 C1255,2027-06-04,C,1.255,0.004400000,3,
2026-09-01,EUU,OPT,EUUM7 C1260,2027-06-04,C,1.26,0.004000000,3,2
2026-09-01,EUU,OPT,EUUM7 C1265,2027-06-04,C,1.265,0.003600000,3,
2026-09-01,EUU,OPT,EUUM7 C1270,2027-06-04,C,1.27,0.003300000,3,39
2026-09-01,EUU,OPT,EUUM7 C1280,2027-06-04,C,1.28,0.002700000,3,2
2026-09-01,EUU,OPT,EUUM7 C1290,2027-06-04,C,1.29,0.002300000,3,4
2026-09-01,EUU,OPT,EUUM7 C1300,2027-06-04,C,1.3,0.001900000,3,
2026-09-01,EUU,OPT,EUUM7 C1310,2027-06-04,C,1.31,0.001600000,3,2
2026-09-01,EUU,OPT,EUUM7 C1320,2027-06-04,C,1.32,0.001400000,3,1060
2026-09-01,EUU,OPT,EUUM7 C1330,2027-06-04,C,1.33,0.001100000,3,1
2026-09-01,EUU,OPT,EUUM7 C1340,2027-06-04,C,1.34,0.001000000,3,4
2026-09-01,EUU,OPT,EUUM7 C1350,2027-06-04,C,1.35,0.000900000,3,
2026-09-01,EUU,OPT,EUUM7 C1360,2027-06-04,C,1.36,0.000800000,3,
2026-09-01,EUU,OPT,EUUM7 C1370,2027-06-04,C,1.37,0.000700000,3,16
2026-09-01,EUU,OPT,EUUM7 P1000,2027-06-04,P,1,0.000900000,3,71
2026-09-01,EUU,OPT,EUUM7 P1010,2027-06-04,P,1.01,0.001000000,3,250
2026-09-01,EUU,OPT,EUUM7 P1020,2027-06-04,P,1.02,0.001200000,3,16
2026-09-01,EUU,OPT,EUUM7 P1030,2027-06-04,P,1.03,0.001400000,3,763
2026-09-01,EUU,OPT,EUUM7 P1040,2027-06-04,P,1.04,0.001600000,3,
2026-09-01,EUU,OPT,EUUM7 P1050,2027-06-04,P,1.05,0.002000000,3,2
2026-09-01,EUU,OPT,EUUM7 P1060,2027-06-04,P,1.06,0.002500000,3,
2026-09-01,EUU,OPT,EUUM7 P1070,2027-06-04,P,1.07,0.003000000,3,
2026-09-01,EUU,OPT,EUUM7 P1080,2027-06-04,P,1.08,0.003700000,3,32
2026-09-01,EUU,OPT,EUUM7 P1090,2027-06-04,P,1.09,0.004600000,3,52
2026-09-01,EUU,OPT,EUUM7 P1100,2027-06-04,P,1.1,0.005600000,3,758
2026-09-01,EUU,OPT,EUUM7 P1105,2027-06-04,P,1.105,0.006200000,3,38
2026-09-01,EUU,OPT,EUUM7 P1110,2027-06-04,P,1.11,0.006900000,3,30
2026-09-01,EUU,OPT,EUUM7 P1115,2027-06-04,P,1.115,0.007700000,3,1
2026-09-01,EUU,OPT,EUUM7 P1120,2027-06-04,P,1.12,0.008500000,3,23
2026-09-01,EUU,OPT,EUUM7 P1125,2027-06-04,P,1.125,0.009400000,3,
2026-09-01,EUU,OPT,EUUM7 P1130,2027-06-04,P,1.13,0.010400000,3,13
2026-09-01,EUU,OPT,EUUM7 P1135,2027-06-04,P,1.135,0.011500000,3,15
2026-09-01,EUU,OPT,EUUM7 P1140,2027-06-04,P,1.14,0.012800000,3,14
2026-09-01,EUU,OPT,EUUM7 P1145,2027-06-04,P,1.145,0.014200000,3,23
2026-09-01,EUU,OPT,EUUM7 P1150,2027-06-04,P,1.15,0.015800000,3,87
2026-09-01,EUU,OPT,EUUM7 P1155,2027-06-04,P,1.155,0.017500000,3,81
2026-09-01,EUU,OPT,EUUM7 P1160,2027-06-04,P,1.16,0.019400000,3,15
2026-09-01,EUU,OPT,EUUM7 P1165,2027-06-04,P,1.165,0.021500000,3,
2026-09-01,EUU,OPT,EUUM7 P1170,2027-06-04,P,1.17,0.023800000,3,106
2026-09-01,EUU,OPT,EUUM7 P1175,2027-06-04,P,1.175,0.026200000,3,373
2026-09-01,EUU,OPT,EUUM7 P1180,2027-06-04,P,1.18,0.028800000,3,25
2026-09-01,EUU,OPT,EUUM7 P1185,2027-06-04,P,1.185,0.031600000,3,
2026-09-01,EUU,OPT,EUUM7 P1190,2027-06-04,P,1.19,0.034500000,3,
2026-09-01,EUU,OPT,EUUM7 P1195,2027-06-04,P,1.195,0.037600000,3,
2026-09-01,EUU,OPT,EUUM7 P1200,2027-06-04,P,1.2,0.040900000,3,3
2026-09-01,EUU,OPT,EUUM7 P1205,2027-06-04,P,1.205,0.044400000,3,
2026-09-01,EUU,OPT,EUUM7 P1210,2027-06-04,P,1.21,0.048000000,3,1
2026-09-01,EUU,OPT,EUUM7 P1215,2027-06-04,P,1.215,0.051700000,3,
2026-09-01,EUU,OPT,EUUM7 P1220,2027-06-04,P,1.22,0.055500000,3,
2026-09-01,EUU,OPT,EUUM7 P1225,2027-06-04,P,1.225,0.059500000,3,
2026-09-01,EUU,OPT,EUUM7 P1230,2027-06-04,P,1.23,0.063600000,3,
2026-09-01,EUU,OPT,EUUM7 P1235,2027-06-04,P,1.235,0.067700000,3,
2026-09-01,EUU,OPT,EUUM7 P1240,2027-06-04,P,1.24,0.071900000,3,
2026-09-01,EUU,OPT,EUUM7 P1245,2027-06-04,P,1.245,0.076200000,3,
2026-09-01,EUU,OPT,EUUM7 P1250,2027-06-04,P,1.25,0.080600000,3,
2026-09-01,EUU,OPT,EUUM7 P1255,2027-06-04,P,1.255,0.085000000,3,
2026-09-01,EUU,OPT,EUUM7 P1260,2027-06-04,P,1.26,0.089400000,3,
2026-09-01,EUU,OPT,EUUM7 P1265,2027-06-04,P,1.265,0.093900000,3,
2026-09-01,EUU,OPT,EUUM7 P1270,2027-06-04,P,1.27,0.098400000,3,
2026-09-01,EUU,OPT,EUUM7 P1280,2027-06-04,P,1.28,0.107600000,3,
2026-09-01,EUU,OPT,EUUM7 P1290,2027-06-04,P,1.29,0.116800000,3,
2026-09-01,EUU,OPT,EUUM7 P1300,2027-06-04,P,1.3,0.126200000,3,
2026-09-01,EUU,OPT,EUUM7 P1310,2027-06-04,P,1.31,0.135600000,3,
2026-09-01,EUU,OPT,EUUM7 P1320,2027-06-04,P,1.32,0.145100000,3,
2026-09-01,EUU,OPT,EUUM7 P1330,2027-06-04,P,1.33,0.154500000,3,
2026-09-01,EUU,OPT,EUUM7 P1340,2027-06-04,P,1.34,0.164000000,3,
2026-09-01,EUU,OPT,EUUM7 P1350,2027-06-04,P,1.35,0.173700000,3,
2026-09-01,EUU,OPT,EUUM7 P1360,2027-06-04,P,1.36,0.183300000,3,
2026-09-01,EUU,OPT,EUUM7 P1370,2027-06-04,P,1.37,0.192900000,3,
2026-09-01,EUU,OPT,EUUN7 C1010,2027-07-09,C,1.01,0.161500000,3,
2026-09-01,EUU,OPT,EUUN7 C1020,2027-07-09,C,1.02,0.152000000,3,
2026-09-01,EUU,OPT,EUUN7 C1030,2027-07-09,C,1.03,0.142600000,3,
2026-09-01,EUU,OPT,EUUN7 C1040,2027-07-09,C,1.04,0.133200000,3,
2026-09-01,EUU,OPT,EUUN7 C1050,2027-07-09,C,1.05,0.123900000,3,
2026-09-01,EUU,OPT,EUUN7 C1060,2027-07-09,C,1.06,0.114700000,3,
2026-09-01,EUU,OPT,EUUN7 C1070,2027-07-09,C,1.07,0.105700000,3,
2026-09-01,EUU,OPT,EUUN7 C1080,2027-07-09,C,1.08,0.096700000,3,
2026-09-01,EUU,OPT,EUUN7 C1090,2027-07-09,C,1.09,0.087900000,3,
2026-09-01,EUU,OPT,EUUN7 C1100,2027-07-09,C,1.1,0.079300000,3,
2026-09-01,EUU,OPT,EUUN7 C1105,2027-07-09,C,1.105,0.075100000,3,
2026-09-01,EUU,OPT,EUUN7 C1110,2027-07-09,C,1.11,0.071000000,3,
2026-09-01,EUU,OPT,EUUN7 C1115,2027-07-09,C,1.115,0.066900000,3,
2026-09-01,EUU,OPT,EUUN7 C1120,2027-07-09,C,1.12,0.062900000,3,
2026-09-01,EUU,OPT,EUUN7 C1125,2027-07-09,C,1.125,0.058900000,3,
2026-09-01,EUU,OPT,EUUN7 C1130,2027-07-09,C,1.13,0.055100000,3,
2026-09-01,EUU,OPT,EUUN7 C1135,2027-07-09,C,1.135,0.051400000,3,
2026-09-01,EUU,OPT,EUUN7 C1140,2027-07-09,C,1.14,0.047800000,3,
2026-09-01,EUU,OPT,EUUN7 C1145,2027-07-09,C,1.145,0.044300000,3,
2026-09-01,EUU,OPT,EUUN7 C1150,2027-07-09,C,1.15,0.041000000,3,
2026-09-01,EUU,OPT,EUUN7 C1155,2027-07-09,C,1.155,0.037800000,3,
2026-09-01,EUU,OPT,EUUN7 C1160,2027-07-09,C,1.16,0.034800000,3,6
2026-09-01,EUU,OPT,EUUN7 C1165,2027-07-09,C,1.165,0.031900000,3,1
2026-09-01,EUU,OPT,EUUN7 C1170,2027-07-09,C,1.17,0.029200000,3,
2026-09-01,EUU,OPT,EUUN7 C1175,2027-07-09,C,1.175,0.026700000,3,
2026-09-01,EUU,OPT,EUUN7 C1180,2027-07-09,C,1.18,0.024300000,3,20
2026-09-01,EUU,OPT,EUUN7 C1185,2027-07-09,C,1.185,0.022100000,3,60
2026-09-01,EUU,OPT,EUUN7 C1190,2027-07-09,C,1.19,0.020100000,3,20
2026-09-01,EUU,OPT,EUUN7 C1195,2027-07-09,C,1.195,0.018200000,3,20
2026-09-01,EUU,OPT,EUUN7 C1200,2027-07-09,C,1.2,0.016500000,3,
2026-09-01,EUU,OPT,EUUN7 C1205,2027-07-09,C,1.205,0.014900000,3,
2026-09-01,EUU,OPT,EUUN7 C1210,2027-07-09,C,1.21,0.013500000,3,
2026-09-01,EUU,OPT,EUUN7 C1215,2027-07-09,C,1.215,0.012200000,3,
2026-09-01,EUU,OPT,EUUN7 C1220,2027-07-09,C,1.22,0.011100000,3,
2026-09-01,EUU,OPT,EUUN7 C1225,2027-07-09,C,1.225,0.010100000,3,
2026-09-01,EUU,OPT,EUUN7 C1230,2027-07-09,C,1.23,0.009100000,3,1
2026-09-01,EUU,OPT,EUUN7 C1235,2027-07-09,C,1.235,0.008300000,3,
2026-09-01,EUU,OPT,EUUN7 C1240,2027-07-09,C,1.24,0.007600000,3,
2026-09-01,EUU,OPT,EUUN7 C1250,2027-07-09,C,1.25,0.006300000,3,
2026-09-01,EUU,OPT,EUUN7 C1260,2027-07-09,C,1.26,0.005200000,3,
2026-09-01,EUU,OPT,EUUN7 C1270,2027-07-09,C,1.27,0.004400000,3,
2026-09-01,EUU,OPT,EUUN7 C1280,2027-07-09,C,1.28,0.003700000,3,
2026-09-01,EUU,OPT,EUUN7 C1290,2027-07-09,C,1.29,0.003100000,3,
2026-09-01,EUU,OPT,EUUN7 C1300,2027-07-09,C,1.3,0.002600000,3,
2026-09-01,EUU,OPT,EUUN7 C1310,2027-07-09,C,1.31,0.002200000,3,
2026-09-01,EUU,OPT,EUUN7 C1320,2027-07-09,C,1.32,0.001900000,3,2
2026-09-01,EUU,OPT,EUUN7 C1330,2027-07-09,C,1.33,0.001500000,3,
2026-09-01,EUU,OPT,EUUN7 P1010,2027-07-09,P,1.01,0.001200000,3,11
2026-09-01,EUU,OPT,EUUN7 P1020,2027-07-09,P,1.02,0.001400000,3,
2026-09-01,EUU,OPT,EUUN7 P1030,2027-07-09,P,1.03,0.001700000,3,
2026-09-01,EUU,OPT,EUUN7 P1040,2027-07-09,P,1.04,0.002000000,3,
2026-09-01,EUU,OPT,EUUN7 P1050,2027-07-09,P,1.05,0.002300000,3,15
2026-09-01,EUU,OPT,EUUN7 P1060,2027-07-09,P,1.06,0.002800000,3,
2026-09-01,EUU,OPT,EUUN7 P1070,2027-07-09,P,1.07,0.003400000,3,
2026-09-01,EUU,OPT,EUUN7 P1080,2027-07-09,P,1.08,0.004100000,3,
2026-09-01,EUU,OPT,EUUN7 P1090,2027-07-09,P,1.09,0.005000000,3,
2026-09-01,EUU,OPT,EUUN7 P1100,2027-07-09,P,1.1,0.006100000,3,2
2026-09-01,EUU,OPT,EUUN7 P1105,2027-07-09,P,1.105,0.006700000,3,
2026-09-01,EUU,OPT,EUUN7 P1110,2027-07-09,P,1.11,0.007300000,3,
2026-09-01,EUU,OPT,EUUN7 P1115,2027-07-09,P,1.115,0.008100000,3,
2026-09-01,EUU,OPT,EUUN7 P1120,2027-07-09,P,1.12,0.008900000,3,
2026-09-01,EUU,OPT,EUUN7 P1125,2027-07-09,P,1.125,0.009800000,3,
2026-09-01,EUU,OPT,EUUN7 P1130,2027-07-09,P,1.13,0.010800000,3,2
2026-09-01,EUU,OPT,EUUN7 P1135,2027-07-09,P,1.135,0.011900000,3,
2026-09-01,EUU,OPT,EUUN7 P1140,2027-07-09,P,1.14,0.013100000,3,1
2026-09-01,EUU,OPT,EUUN7 P1145,2027-07-09,P,1.145,0.014500000,3,100
2026-09-01,EUU,OPT,EUUN7 P1150,2027-07-09,P,1.15,0.016000000,3,19
2026-09-01,EUU,OPT,EUUN7 P1155,2027-07-09,P,1.155,0.017700000,3,13
2026-09-01,EUU,OPT,EUUN7 P1160,2027-07-09,P,1.16,0.019500000,3,20
2026-09-01,EUU,OPT,EUUN7 P1165,2027-07-09,P,1.165,0.021400000,3,58
2026-09-01,EUU,OPT,EUUN7 P1170,2027-07-09,P,1.17,0.023600000,3,70
2026-09-01,EUU,OPT,EUUN7 P1175,2027-07-09,P,1.175,0.025900000,3,
2026-09-01,EUU,OPT,EUUN7 P1180,2027-07-09,P,1.18,0.028300000,3,
2026-09-01,EUU,OPT,EUUN7 P1185,2027-07-09,P,1.185,0.031000000,3,
2026-09-01,EUU,OPT,EUUN7 P1190,2027-07-09,P,1.19,0.033700000,3,
2026-09-01,EUU,OPT,EUUN7 P1195,2027-07-09,P,1.195,0.036700000,3,
2026-09-01,EUU,OPT,EUUN7 P1200,2027-07-09,P,1.2,0.039800000,3,
2026-09-01,EUU,OPT,EUUN7 P1205,2027-07-09,P,1.205,0.043100000,3,
2026-09-01,EUU,OPT,EUUN7 P1210,2027-07-09,P,1.21,0.046500000,3,
2026-09-01,EUU,OPT,EUUN7 P1215,2027-07-09,P,1.215,0.050100000,3,
2026-09-01,EUU,OPT,EUUN7 P1220,2027-07-09,P,1.22,0.053800000,3,
2026-09-01,EUU,OPT,EUUN7 P1225,2027-07-09,P,1.225,0.057600000,3,
2026-09-01,EUU,OPT,EUUN7 P1230,2027-07-09,P,1.23,0.061500000,3,
2026-09-01,EUU,OPT,EUUN7 P1235,2027-07-09,P,1.235,0.065500000,3,
2026-09-01,EUU,OPT,EUUN7 P1240,2027-07-09,P,1.24,0.069500000,3,
2026-09-01,EUU,OPT,EUUN7 P1250,2027-07-09,P,1.25,0.077900000,3,
2026-09-01,EUU,OPT,EUUN7 P1260,2027-07-09,P,1.26,0.086500000,3,
2026-09-01,EUU,OPT,EUUN7 P1270,2027-07-09,P,1.27,0.095300000,3,
2026-09-01,EUU,OPT,EUUN7 P1280,2027-07-09,P,1.28,0.104300000,3,
2026-09-01,EUU,OPT,EUUN7 P1290,2027-07-09,P,1.29,0.113400000,3,
2026-09-01,EUU,OPT,EUUN7 P1300,2027-07-09,P,1.3,0.122600000,3,
2026-09-01,EUU,OPT,EUUN7 P1310,2027-07-09,P,1.31,0.131800000,3,
2026-09-01,EUU,OPT,EUUN7 P1320,2027-07-09,P,1.32,0.141100000,3,
2026-09-01,EUU,OPT,EUUN7 P1330,2027-07-09,P,1.33,0.150400000,3,
2026-09-01,EUU,OPT,EUUQ7 C1020,2027-08-06,C,1.02,0.151600000,3,
2026-09-01,EUU,OPT,EUUQ7 C1030,2027-08-06,C,1.03,0.142300000,3,
2026-09-01,EUU,OPT,EUUQ7 C1040,2027-08-06,C,1.04,0.133000000,3,
2026-09-01,EUU,OPT,EUUQ7 C1050,2027-08-06,C,1.05,0.123900000,3,
2026-09-01,EUU,OPT,EUUQ7 C1060,2027-08-06,C,1.06,0.114800000,3,
2026-09-01,EUU,OPT,EUUQ7 C1070,2027-08-06,C,1.07,0.105900000,3,
2026-09-01,EUU,OPT,EUUQ7 C1080,2027-08-06,C,1.08,0.097100000,3,
2026-09-01,EUU,OPT,EUUQ7 C1090,2027-08-06,C,1.09,0.088400000,3,
2026-09-01,EUU,OPT,EUUQ7 C1100,2027-08-06,C,1.1,0.079900000,3,
2026-09-01,EUU,OPT,EUUQ7 C1110,2027-08-06,C,1.11,0.071700000,3,
2026-09-01,EUU,OPT,EUUQ7 C1120,2027-08-06,C,1.12,0.063700000,3,
2026-09-01,EUU,OPT,EUUQ7 C1125,2027-08-06,C,1.125,0.059900000,3,
2026-09-01,EUU,OPT,EUUQ7 C1130,2027-08-06,C,1.13,0.056100000,3,
2026-09-01,EUU,OPT,EUUQ7 C1135,2027-08-06,C,1.135,0.052500000,3,
2026-09-01,EUU,OPT,EUUQ7 C1140,2027-08-06,C,1.14,0.048900000,3,
2026-09-01,EUU,OPT,EUUQ7 C1145,2027-08-06,C,1.145,0.045500000,3,
2026-09-01,EUU,OPT,EUUQ7 C1150,2027-08-06,C,1.15,0.042200000,3,
2026-09-01,EUU,OPT,EUUQ7 C1155,2027-08-06,C,1.155,0.039100000,3,
2026-09-01,EUU,OPT,EUUQ7 C1160,2027-08-06,C,1.16,0.036100000,3,
2026-09-01,EUU,OPT,EUUQ7 C1165,2027-08-06,C,1.165,0.033200000,3,
2026-09-01,EUU,OPT,EUUQ7 C1170,2027-08-06,C,1.17,0.030500000,3,
2026-09-01,EUU,OPT,EUUQ7 C1175,2027-08-06,C,1.175,0.028000000,3,
2026-09-01,EUU,OPT,EUUQ7 C1180,2027-08-06,C,1.18,0.025600000,3,
2026-09-01,EUU,OPT,EUUQ7 C1185,2027-08-06,C,1.185,0.023400000,3,
2026-09-01,EUU,OPT,EUUQ7 C1190,2027-08-06,C,1.19,0.021400000,3,
2026-09-01,EUU,OPT,EUUQ7 C1195,2027-08-06,C,1.195,0.019500000,3,
2026-09-01,EUU,OPT,EUUQ7 C1200,2027-08-06,C,1.2,0.017800000,3,
2026-09-01,EUU,OPT,EUUQ7 C1205,2027-08-06,C,1.205,0.016200000,3,
2026-09-01,EUU,OPT,EUUQ7 C1210,2027-08-06,C,1.21,0.014700000,3,
2026-09-01,EUU,OPT,EUUQ7 C1215,2027-08-06,C,1.215,0.013400000,3,
2026-09-01,EUU,OPT,EUUQ7 C1220,2027-08-06,C,1.22,0.012200000,3,
2026-09-01,EUU,OPT,EUUQ7 C1225,2027-08-06,C,1.225,0.011100000,3,
2026-09-01,EUU,OPT,EUUQ7 C1230,2027-08-06,C,1.23,0.010200000,3,
2026-09-01,EUU,OPT,EUUQ7 C1235,2027-08-06,C,1.235,0.009300000,3,
2026-09-01,EUU,OPT,EUUQ7 C1240,2027-08-06,C,1.24,0.008500000,3,
2026-09-01,EUU,OPT,EUUQ7 C1250,2027-08-06,C,1.25,0.007100000,3,25
2026-09-01,EUU,OPT,EUUQ7 C1260,2027-08-06,C,1.26,0.006000000,3,
2026-09-01,EUU,OPT,EUUQ7 C1270,2027-08-06,C,1.27,0.005100000,3,
2026-09-01,EUU,OPT,EUUQ7 C1280,2027-08-06,C,1.28,0.004300000,3,
2026-09-01,EUU,OPT,EUUQ7 C1290,2027-08-06,C,1.29,0.003700000,3,
2026-09-01,EUU,OPT,EUUQ7 C1300,2027-08-06,C,1.3,0.003100000,3,
2026-09-01,EUU,OPT,EUUQ7 C1310,2027-08-06,C,1.31,0.002700000,3,
2026-09-01,EUU,OPT,EUUQ7 C1320,2027-08-06,C,1.32,0.002300000,3,
2026-09-01,EUU,OPT,EUUQ7 C1330,2027-08-06,C,1.33,0.002000000,3,
2026-09-01,EUU,OPT,EUUQ7 C1340,2027-08-06,C,1.34,0.001700000,3,
2026-09-01,EUU,OPT,EUUQ7 C1350,2027-08-06,C,1.35,0.001500000,3,
2026-09-01,EUU,OPT,EUUQ7 C1360,2027-08-06,C,1.36,0.001400000,3,
2026-09-01,EUU,OPT,EUUQ7 C1370,2027-08-06,C,1.37,0.001200000,3,
2026-09-01,EUU,OPT,EUUQ7 C1400,2027-08-06,C,1.4,0.000900000,3,
2026-09-01,EUU,OPT,EUUQ7 C1450,2027-08-06,C,1.45,0.000600000,3,
2026-09-01,EUU,OPT,EUUQ7 C1500,2027-08-06,C,1.5,0.000400000,3,
2026-09-01,EUU,OPT,EUUQ7 P1020,2027-08-06,P,1.02,0.001500000,3,10
2026-09-01,EUU,OPT,EUUQ7 P1030,2027-08-06,P,1.03,0.001800000,3,
2026-09-01,EUU,OPT,EUUQ7 P1040,2027-08-06,P,1.04,0.002200000,3,
2026-09-01,EUU,OPT,EUUQ7 P1050,2027-08-06,P,1.05,0.002700000,3,1
2026-09-01,EUU,OPT,EUUQ7 P1060,2027-08-06,P,1.06,0.003300000,3,1
2026-09-01,EUU,OPT,EUUQ7 P1070,2027-08-06,P,1.07,0.003900000,3,1
2026-09-01,EUU,OPT,EUUQ7 P1080,2027-08-06,P,1.08,0.004700000,3,
2026-09-01,EUU,OPT,EUUQ7 P1090,2027-08-06,P,1.09,0.005700000,3,
2026-09-01,EUU,OPT,EUUQ7 P1100,2027-08-06,P,1.1,0.006900000,3,
2026-09-01,EUU,OPT,EUUQ7 P1110,2027-08-06,P,1.11,0.008300000,3,
2026-09-01,EUU,OPT,EUUQ7 P1120,2027-08-06,P,1.12,0.009900000,3,
2026-09-01,EUU,OPT,EUUQ7 P1125,2027-08-06,P,1.125,0.010900000,3,
2026-09-01,EUU,OPT,EUUQ7 P1130,2027-08-06,P,1.13,0.012000000,3,
2026-09-01,EUU,OPT,EUUQ7 P1135,2027-08-06,P,1.135,0.013100000,3,
2026-09-01,EUU,OPT,EUUQ7 P1140,2027-08-06,P,1.14,0.014400000,3,
2026-09-01,EUU,OPT,EUUQ7 P1145,2027-08-06,P,1.145,0.015800000,3,
2026-09-01,EUU,OPT,EUUQ7 P1150,2027-08-06,P,1.15,0.017300000,3,
2026-09-01,EUU,OPT,EUUQ7 P1155,2027-08-06,P,1.155,0.019000000,3,
2026-09-01,EUU,OPT,EUUQ7 P1160,2027-08-06,P,1.16,0.020800000,3,
2026-09-01,EUU,OPT,EUUQ7 P1165,2027-08-06,P,1.165,0.022800000,3,
2026-09-01,EUU,OPT,EUUQ7 P1170,2027-08-06,P,1.17,0.024900000,3,
2026-09-01,EUU,OPT,EUUQ7 P1175,2027-08-06,P,1.175,0.027200000,3,
2026-09-01,EUU,OPT,EUUQ7 P1180,2027-08-06,P,1.18,0.029600000,3,
2026-09-01,EUU,OPT,EUUQ7 P1185,2027-08-06,P,1.185,0.032200000,3,
2026-09-01,EUU,OPT,EUUQ7 P1190,2027-08-06,P,1.19,0.035000000,3,
2026-09-01,EUU,OPT,EUUQ7 P1195,2027-08-06,P,1.195,0.037900000,3,
2026-09-01,EUU,OPT,EUUQ7 P1200,2027-08-06,P,1.2,0.041000000,3,
2026-09-01,EUU,OPT,EUUQ7 P1205,2027-08-06,P,1.205,0.044300000,3,
2026-09-01,EUU,OPT,EUUQ7 P1210,2027-08-06,P,1.21,0.047600000,3,
2026-09-01,EUU,OPT,EUUQ7 P1215,2027-08-06,P,1.215,0.051100000,3,
2026-09-01,EUU,OPT,EUUQ7 P1220,2027-08-06,P,1.22,0.054700000,3,
2026-09-01,EUU,OPT,EUUQ7 P1225,2027-08-06,P,1.225,0.058500000,3,
2026-09-01,EUU,OPT,EUUQ7 P1230,2027-08-06,P,1.23,0.062300000,3,
2026-09-01,EUU,OPT,EUUQ7 P1235,2027-08-06,P,1.235,0.066300000,3,
2026-09-01,EUU,OPT,EUUQ7 P1240,2027-08-06,P,1.24,0.070300000,3,
2026-09-01,EUU,OPT,EUUQ7 P1250,2027-08-06,P,1.25,0.078500000,3,
2026-09-01,EUU,OPT,EUUQ7 P1260,2027-08-06,P,1.26,0.087100000,3,
2026-09-01,EUU,OPT,EUUQ7 P1270,2027-08-06,P,1.27,0.095700000,3,
2026-09-01,EUU,OPT,EUUQ7 P1280,2027-08-06,P,1.28,0.104600000,3,
2026-09-01,EUU,OPT,EUUQ7 P1290,2027-08-06,P,1.29,0.113600000,3,
2026-09-01,EUU,OPT,EUUQ7 P1300,2027-08-06,P,1.3,0.122700000,3,
2026-09-01,EUU,OPT,EUUQ7 P1310,2027-08-06,P,1.31,0.131900000,3,
2026-09-01,EUU,OPT,EUUQ7 P1320,2027-08-06,P,1.32,0.141100000,3,
2026-09-01,EUU,OPT,EUUQ7 P1330,2027-08-06,P,1.33,0.150500000,3,
2026-09-01,EUU,OPT,EUUQ7 P1340,2027-08-06,P,1.34,0.159800000,3,
2026-09-01,EUU,OPT,EUUQ7 P1350,2027-08-06,P,1.35,0.169300000,3,
2026-09-01,EUU,OPT,EUUQ7 P1360,2027-08-06,P,1.36,0.178700000,3,
2026-09-01,EUU,OPT,EUUQ7 P1370,2027-08-06,P,1.37,0.188200000,3,
2026-09-01,EUU,OPT,EUUQ7 P1400,2027-08-06,P,1.4,0.216700000,3,
2026-09-01,EUU,OPT,EUUQ7 P1450,2027-08-06,P,1.45,0.264600000,3,
2026-09-01,EUU,OPT,EUUQ7 P1500,2027-08-06,P,1.5,0.312600000,3,
2026-09-01,EUU,OPT,EUUU7 C1010,2027-09-03,C,1.01,0.160700000,3,
2026-09-01,EUU,OPT,EUUU7 C1020,2027-09-03,C,1.02,0.151400000,3,
2026-09-01,EUU,OPT,EUUU7 C1030,2027-09-03,C,1.03,0.142200000,3,
2026-09-01,EUU,OPT,EUUU7 C1040,2027-09-03,C,1.04,0.133000000,3,
2026-09-01,EUU,OPT,EUUU7 C1050,2027-09-03,C,1.05,0.123900000,3,
2026-09-01,EUU,OPT,EUUU7 C1060,2027-09-03,C,1.06,0.115000000,3,
2026-09-01,EUU,OPT,EUUU7 C1070,2027-09-03,C,1.07,0.106100000,3,
2026-09-01,EUU,OPT,EUUU7 C1080,2027-09-03,C,1.08,0.097400000,3,
2026-09-01,EUU,OPT,EUUU7 C1090,2027-09-03,C,1.09,0.088800000,3,
2026-09-01,EUU,OPT,EUUU7 C1100,2027-09-03,C,1.1,0.080400000,3,
2026-09-01,EUU,OPT,EUUU7 C1105,2027-09-03,C,1.105,0.076300000,3,
2026-09-01,EUU,OPT,EUUU7 C1110,2027-09-03,C,1.11,0.072300000,3,
2026-09-01,EUU,OPT,EUUU7 C1115,2027-09-03,C,1.115,0.068400000,3,
2026-09-01,EUU,OPT,EUUU7 C1120,2027-09-03,C,1.12,0.064500000,3,
2026-09-01,EUU,OPT,EUUU7 C1125,2027-09-03,C,1.125,0.060700000,3,
2026-09-01,EUU,OPT,EUUU7 C1130,2027-09-03,C,1.13,0.057000000,3,
2026-09-01,EUU,OPT,EUUU7 C1135,2027-09-03,C,1.135,0.053400000,3,
2026-09-01,EUU,OPT,EUUU7 C1140,2027-09-03,C,1.14,0.049900000,3,
2026-09-01,EUU,OPT,EUUU7 C1145,2027-09-03,C,1.145,0.046600000,3,
2026-09-01,EUU,OPT,EUUU7 C1150,2027-09-03,C,1.15,0.043300000,3,
2026-09-01,EUU,OPT,EUUU7 C1155,2027-09-03,C,1.155,0.040200000,3,
2026-09-01,EUU,OPT,EUUU7 C1160,2027-09-03,C,1.16,0.037200000,3,
2026-09-01,EUU,OPT,EUUU7 C1165,2027-09-03,C,1.165,0.034400000,3,220
2026-09-01,EUU,OPT,EUUU7 C1170,2027-09-03,C,1.17,0.031700000,3,1
2026-09-01,EUU,OPT,EUUU7 C1175,2027-09-03,C,1.175,0.029200000,3,
2026-09-01,EUU,OPT,EUUU7 C1180,2027-09-03,C,1.18,0.026800000,3,
2026-09-01,EUU,OPT,EUUU7 C1185,2027-09-03,C,1.185,0.024600000,3,
2026-09-01,EUU,OPT,EUUU7 C1190,2027-09-03,C,1.19,0.022600000,3,
2026-09-01,EUU,OPT,EUUU7 C1195,2027-09-03,C,1.195,0.020600000,3,
2026-09-01,EUU,OPT,EUUU7 C1200,2027-09-03,C,1.2,0.018900000,3,3
2026-09-01,EUU,OPT,EUUU7 C1205,2027-09-03,C,1.205,0.017300000,3,
2026-09-01,EUU,OPT,EUUU7 C1210,2027-09-03,C,1.21,0.015800000,3,
2026-09-01,EUU,OPT,EUUU7 C1215,2027-09-03,C,1.215,0.014500000,3,
2026-09-01,EUU,OPT,EUUU7 C1220,2027-09-03,C,1.22,0.013200000,3,
2026-09-01,EUU,OPT,EUUU7 C1225,2027-09-03,C,1.225,0.012100000,3,
2026-09-01,EUU,OPT,EUUU7 C1230,2027-09-03,C,1.23,0.011100000,3,
2026-09-01,EUU,OPT,EUUU7 C1235,2027-09-03,C,1.235,0.010200000,3,
2026-09-01,EUU,OPT,EUUU7 C1240,2027-09-03,C,1.24,0.009400000,3,
2026-09-01,EUU,OPT,EUUU7 C1245,2027-09-03,C,1.245,0.008700000,3,
2026-09-01,EUU,OPT,EUUU7 C1250,2027-09-03,C,1.25,0.008000000,3,4
2026-09-01,EUU,OPT,EUUU7 C1255,2027-09-03,C,1.255,0.007300000,3,
2026-09-01,EUU,OPT,EUUU7 C1260,2027-09-03,C,1.26,0.006700000,3,
2026-09-01,EUU,OPT,EUUU7 C1265,2027-09-03,C,1.265,0.006200000,3,
2026-09-01,EUU,OPT,EUUU7 C1270,2027-09-03,C,1.27,0.005700000,3,
2026-09-01,EUU,OPT,EUUU7 C1275,2027-09-03,C,1.275,0.005300000,3,
2026-09-01,EUU,OPT,EUUU7 C1280,2027-09-03,C,1.28,0.004900000,3,
2026-09-01,EUU,OPT,EUUU7 C1290,2027-09-03,C,1.29,0.004200000,3,
2026-09-01,EUU,OPT,EUUU7 C1300,2027-09-03,C,1.3,0.003600000,3,
2026-09-01,EUU,OPT,EUUU7 C1310,2027-09-03,C,1.31,0.003100000,3,
2026-09-01,EUU,OPT,EUUU7 C1320,2027-09-03,C,1.32,0.002700000,3,
2026-09-01,EUU,OPT,EUUU7 C1330,2027-09-03,C,1.33,0.002300000,3,
2026-09-01,EUU,OPT,EUUU7 C1340,2027-09-03,C,1.34,0.002100000,3,
2026-09-01,EUU,OPT,EUUU7 C1350,2027-09-03,C,1.35,0.001800000,3,4
2026-09-01,EUU,OPT,EUUU7 C1360,2027-09-03,C,1.36,0.001600000,3,
2026-09-01,EUU,OPT,EUUU7 C1370,2027-09-03,C,1.37,0.001400000,3,
2026-09-01,EUU,OPT,EUUU7 C1380,2027-09-03,C,1.38,0.001300000,3,2
2026-09-01,EUU,OPT,EUUU7 C1390,2027-09-03,C,1.39,0.001100000,3,
2026-09-01,EUU,OPT,EUUU7 C1400,2027-09-03,C,1.4,0.001000000,3,
2026-09-01,EUU,OPT,EUUU7 C1450,2027-09-03,C,1.45,0.000600000,3,
2026-09-01,EUU,OPT,EUUU7 C1500,2027-09-03,C,1.5,0.000450000,3,
2026-09-01,EUU,OPT,EUUU7 C1600,2027-09-03,C,1.6,0.000250000,3,
2026-09-01,EUU,OPT,EUUU7 P1010,2027-09-03,P,1.01,0.001500000,3,199
2026-09-01,EUU,OPT,EUUU7 P1020,2027-09-03,P,1.02,0.001800000,3,5
2026-09-01,EUU,OPT,EUUU7 P1030,2027-09-03,P,1.03,0.002200000,3,50
2026-09-01,EUU,OPT,EUUU7 P1040,2027-09-03,P,1.04,0.002600000,3,180
2026-09-01,EUU,OPT,EUUU7 P1050,2027-09-03,P,1.05,0.003100000,3,110
2026-09-01,EUU,OPT,EUUU7 P1060,2027-09-03,P,1.06,0.003700000,3,1
2026-09-01,EUU,OPT,EUUU7 P1070,2027-09-03,P,1.07,0.004500000,3,
2026-09-01,EUU,OPT,EUUU7 P1080,2027-09-03,P,1.08,0.005300000,3,50
2026-09-01,EUU,OPT,EUUU7 P1090,2027-09-03,P,1.09,0.006400000,3,
2026-09-01,EUU,OPT,EUUU7 P1100,2027-09-03,P,1.1,0.007600000,3,15
2026-09-01,EUU,OPT,EUUU7 P1105,2027-09-03,P,1.105,0.008300000,3,1
2026-09-01,EUU,OPT,EUUU7 P1110,2027-09-03,P,1.11,0.009100000,3,1
2026-09-01,EUU,OPT,EUUU7 P1115,2027-09-03,P,1.115,0.009900000,3,
2026-09-01,EUU,OPT,EUUU7 P1120,2027-09-03,P,1.12,0.010900000,3,
2026-09-01,EUU,OPT,EUUU7 P1125,2027-09-03,P,1.125,0.011900000,3,
2026-09-01,EUU,OPT,EUUU7 P1130,2027-09-03,P,1.13,0.013000000,3,
2026-09-01,EUU,OPT,EUUU7 P1135,2027-09-03,P,1.135,0.014200000,3,
2026-09-01,EUU,OPT,EUUU7 P1140,2027-09-03,P,1.14,0.015500000,3,
2026-09-01,EUU,OPT,EUUU7 P1145,2027-09-03,P,1.145,0.016900000,3,
2026-09-01,EUU,OPT,EUUU7 P1150,2027-09-03,P,1.15,0.018500000,3,41
2026-09-01,EUU,OPT,EUUU7 P1155,2027-09-03,P,1.155,0.020200000,3,
2026-09-01,EUU,OPT,EUUU7 P1160,2027-09-03,P,1.16,0.022000000,3,3
2026-09-01,EUU,OPT,EUUU7 P1165,2027-09-03,P,1.165,0.024000000,3,
2026-09-01,EUU,OPT,EUUU7 P1170,2027-09-03,P,1.17,0.026100000,3,1
2026-09-01,EUU,OPT,EUUU7 P1175,2027-09-03,P,1.175,0.028400000,3,
2026-09-01,EUU,OPT,EUUU7 P1180,2027-09-03,P,1.18,0.030800000,3,
2026-09-01,EUU,OPT,EUUU7 P1185,2027-09-03,P,1.185,0.033400000,3,
2026-09-01,EUU,OPT,EUUU7 P1190,2027-09-03,P,1.19,0.036100000,3,
2026-09-01,EUU,OPT,EUUU7 P1195,2027-09-03,P,1.195,0.039000000,3,
2026-09-01,EUU,OPT,EUUU7 P1200,2027-09-03,P,1.2,0.042100000,3,2
2026-09-01,EUU,OPT,EUUU7 P1205,2027-09-03,P,1.205,0.045300000,3,
2026-09-01,EUU,OPT,EUUU7 P1210,2027-09-03,P,1.21,0.048600000,3,
2026-09-01,EUU,OPT,EUUU7 P1215,2027-09-03,P,1.215,0.052000000,3,
2026-09-01,EUU,OPT,EUUU7 P1220,2027-09-03,P,1.22,0.055600000,3,
2026-09-01,EUU,OPT,EUUU7 P1225,2027-09-03,P,1.225,0.059300000,3,
2026-09-01,EUU,OPT,EUUU7 P1230,2027-09-03,P,1.23,0.063100000,3,
2026-09-01,EUU,OPT,EUUU7 P1235,2027-09-03,P,1.235,0.067000000,3,
2026-09-01,EUU,OPT,EUUU7 P1240,2027-09-03,P,1.24,0.071000000,3,
2026-09-01,EUU,OPT,EUUU7 P1245,2027-09-03,P,1.245,0.075000000,3,
2026-09-01,EUU,OPT,EUUU7 P1250,2027-09-03,P,1.25,0.079100000,3,
2026-09-01,EUU,OPT,EUUU7 P1255,2027-09-03,P,1.255,0.083300000,3,
2026-09-01,EUU,OPT,EUUU7 P1260,2027-09-03,P,1.26,0.087500000,3,
2026-09-01,EUU,OPT,EUUU7 P1265,2027-09-03,P,1.265,0.091800000,3,
2026-09-01,EUU,OPT,EUUU7 P1270,2027-09-03,P,1.27,0.096100000,3,
2026-09-01,EUU,OPT,EUUU7 P1275,2027-09-03,P,1.275,0.100500000,3,
2026-09-01,EUU,OPT,EUUU7 P1280,2027-09-03,P,1.28,0.104800000,3,
2026-09-01,EUU,OPT,EUUU7 P1290,2027-09-03,P,1.29,0.113700000,3,
2026-09-01,EUU,OPT,EUUU7 P1300,2027-09-03,P,1.3,0.122700000,3,
2026-09-01,EUU,OPT,EUUU7 P1310,2027-09-03,P,1.31,0.131900000,3,
2026-09-01,EUU,OPT,EUUU7 P1320,2027-09-03,P,1.32,0.141100000,3,
2026-09-01,EUU,OPT,EUUU7 P1330,2027-09-03,P,1.33,0.150300000,3,
2026-09-01,EUU,OPT,EUUU7 P1340,2027-09-03,P,1.34,0.159600000,3,
2026-09-01,EUU,OPT,EUUU7 P1350,2027-09-03,P,1.35,0.169000000,3,
2026-09-01,EUU,OPT,EUUU7 P1360,2027-09-03,P,1.36,0.178400000,3,
2026-09-01,EUU,OPT,EUUU7 P1370,2027-09-03,P,1.37,0.187800000,3,
2026-09-01,EUU,OPT,EUUU7 P1380,2027-09-03,P,1.38,0.197200000,3,
2026-09-01,EUU,OPT,EUUU7 P1390,2027-09-03,P,1.39,0.206700000,3,
2026-09-01,EUU,OPT,EUUU7 P1400,2027-09-03,P,1.4,0.216200000,3,
2026-09-01,EUU,OPT,EUUU7 P1450,2027-09-03,P,1.45,0.263800000,3,
2026-09-01,EUU,OPT,EUUU7 P1500,2027-09-03,P,1.5,0.311600000,3,
2026-09-01,EUU,OPT,EUUU7 P1600,2027-09-03,P,1.6,0.407400000,3,
2026-09-01,EUU,OPT,EUUZ7 C1010,2027-12-03,C,1.01,0.164700000,3,
2026-09-01,EUU,OPT,EUUZ7 C1020,2027-12-03,C,1.02,0.155600000,3,
2026-09-01,EUU,OPT,EUUZ7 C1030,2027-12-03,C,1.03,0.146500000,3,
2026-09-01,EUU,OPT,EUUZ7 C1040,2027-12-03,C,1.04,0.137500000,3,
2026-09-01,EUU,OPT,EUUZ7 C1050,2027-12-03,C,1.05,0.128600000,3,
2026-09-01,EUU,OPT,EUUZ7 C1060,2027-12-03,C,1.06,0.119700000,3,
2026-09-01,EUU,OPT,EUUZ7 C1070,2027-12-03,C,1.07,0.111000000,3,
2026-09-01,EUU,OPT,EUUZ7 C1080,2027-12-03,C,1.08,0.102400000,3,
2026-09-01,EUU,OPT,EUUZ7 C1090,2027-12-03,C,1.09,0.094100000,3,
2026-09-01,EUU,OPT,EUUZ7 C1100,2027-12-03,C,1.1,0.086000000,3,
2026-09-01,EUU,OPT,EUUZ7 C1110,2027-12-03,C,1.11,0.078000000,3,
2026-09-01,EUU,OPT,EUUZ7 C1115,2027-12-03,C,1.115,0.074200000,3,
2026-09-01,EUU,OPT,EUUZ7 C1120,2027-12-03,C,1.12,0.070400000,3,
2026-09-01,EUU,OPT,EUUZ7 C1125,2027-12-03,C,1.125,0.066600000,3,
2026-09-01,EUU,OPT,EUUZ7 C1130,2027-12-03,C,1.13,0.063000000,3,
2026-09-01,EUU,OPT,EUUZ7 C1135,2027-12-03,C,1.135,0.059500000,3,
2026-09-01,EUU,OPT,EUUZ7 C1140,2027-12-03,C,1.14,0.056100000,3,
2026-09-01,EUU,OPT,EUUZ7 C1145,2027-12-03,C,1.145,0.052800000,3,
2026-09-01,EUU,OPT,EUUZ7 C1150,2027-12-03,C,1.15,0.049700000,3,
2026-09-01,EUU,OPT,EUUZ7 C1155,2027-12-03,C,1.155,0.046600000,3,
2026-09-01,EUU,OPT,EUUZ7 C1160,2027-12-03,C,1.16,0.043700000,3,
2026-09-01,EUU,OPT,EUUZ7 C1165,2027-12-03,C,1.165,0.040800000,3,
2026-09-01,EUU,OPT,EUUZ7 C1170,2027-12-03,C,1.17,0.038200000,3,
2026-09-01,EUU,OPT,EUUZ7 C1175,2027-12-03,C,1.175,0.035600000,3,
2026-09-01,EUU,OPT,EUUZ7 C1180,2027-12-03,C,1.18,0.033200000,3,
2026-09-01,EUU,OPT,EUUZ7 C1185,2027-12-03,C,1.185,0.031000000,3,
2026-09-01,EUU,OPT,EUUZ7 C1190,2027-12-03,C,1.19,0.028800000,3,
2026-09-01,EUU,OPT,EUUZ7 C1195,2027-12-03,C,1.195,0.026800000,3,
2026-09-01,EUU,OPT,EUUZ7 C1200,2027-12-03,C,1.2,0.024900000,3,
2026-09-01,EUU,OPT,EUUZ7 C1205,2027-12-03,C,1.205,0.023200000,3,
2026-09-01,EUU,OPT,EUUZ7 C1210,2027-12-03,C,1.21,0.021600000,3,
2026-09-01,EUU,OPT,EUUZ7 C1215,2027-12-03,C,1.215,0.020000000,3,
2026-09-01,EUU,OPT,EUUZ7 C1220,2027-12-03,C,1.22,0.018600000,3,
2026-09-01,EUU,OPT,EUUZ7 C1225,2027-12-03,C,1.225,0.017400000,3,
2026-09-01,EUU,OPT,EUUZ7 C1230,2027-12-03,C,1.23,0.016200000,3,
2026-09-01,EUU,OPT,EUUZ7 C1235,2027-12-03,C,1.235,0.015100000,3,
2026-09-01,EUU,OPT,EUUZ7 C1240,2027-12-03,C,1.24,0.014100000,3,
2026-09-01,EUU,OPT,EUUZ7 C1245,2027-12-03,C,1.245,0.013100000,3,
2026-09-01,EUU,OPT,EUUZ7 C1250,2027-12-03,C,1.25,0.012300000,3,
2026-09-01,EUU,OPT,EUUZ7 C1255,2027-12-03,C,1.255,0.011500000,3,
2026-09-01,EUU,OPT,EUUZ7 C1260,2027-12-03,C,1.26,0.010700000,3,
2026-09-01,EUU,OPT,EUUZ7 C1265,2027-12-03,C,1.265,0.010000000,3,
2026-09-01,EUU,OPT,EUUZ7 C1270,2027-12-03,C,1.27,0.009400000,3,
2026-09-01,EUU,OPT,EUUZ7 C1275,2027-12-03,C,1.275,0.008800000,3,
2026-09-01,EUU,OPT,EUUZ7 C1280,2027-12-03,C,1.28,0.008200000,3,
2026-09-01,EUU,OPT,EUUZ7 C1290,2027-12-03,C,1.29,0.007300000,3,
2026-09-01,EUU,OPT,EUUZ7 C1300,2027-12-03,C,1.3,0.006500000,3,
2026-09-01,EUU,OPT,EUUZ7 C1310,2027-12-03,C,1.31,0.005700000,3,
2026-09-01,EUU,OPT,EUUZ7 C1320,2027-12-03,C,1.32,0.005100000,3,
2026-09-01,EUU,OPT,EUUZ7 C1330,2027-12-03,C,1.33,0.004700000,3,
2026-09-01,EUU,OPT,EUUZ7 C1340,2027-12-03,C,1.34,0.004200000,3,
2026-09-01,EUU,OPT,EUUZ7 C1350,2027-12-03,C,1.35,0.003900000,3,
2026-09-01,EUU,OPT,EUUZ7 C1360,2027-12-03,C,1.36,0.003500000,3,4
2026-09-01,EUU,OPT,EUUZ7 C1370,2027-12-03,C,1.37,0.003200000,3,
2026-09-01,EUU,OPT,EUUZ7 C1380,2027-12-03,C,1.38,0.002900000,3,
2026-09-01,EUU,OPT,EUUZ7 P1010,2027-12-03,P,1.01,0.003500000,3,
2026-09-01,EUU,OPT,EUUZ7 P1020,2027-12-03,P,1.02,0.003900000,3,
2026-09-01,EUU,OPT,EUUZ7 P1030,2027-12-03,P,1.03,0.004400000,3,
2026-09-01,EUU,OPT,EUUZ7 P1040,2027-12-03,P,1.04,0.004900000,3,4
2026-09-01,EUU,OPT,EUUZ7 P1050,2027-12-03,P,1.05,0.005400000,3,
2026-09-01,EUU,OPT,EUUZ7 P1060,2027-12-03,P,1.06,0.006100000,3,215
2026-09-01,EUU,OPT,EUUZ7 P1070,2027-12-03,P,1.07,0.006800000,3,
2026-09-01,EUU,OPT,EUUZ7 P1080,2027-12-03,P,1.08,0.007800000,3,
2026-09-01,EUU,OPT,EUUZ7 P1090,2027-12-03,P,1.09,0.008900000,3,
2026-09-01,EUU,OPT,EUUZ7 P1100,2027-12-03,P,1.1,0.010300000,3,
2026-09-01,EUU,OPT,EUUZ7 P1110,2027-12-03,P,1.11,0.011900000,3,
2026-09-01,EUU,OPT,EUUZ7 P1115,2027-12-03,P,1.115,0.012800000,3,
2026-09-01,EUU,OPT,EUUZ7 P1120,2027-12-03,P,1.12,0.013700000,3,
2026-09-01,EUU,OPT,EUUZ7 P1125,2027-12-03,P,1.125,0.014700000,3,
2026-09-01,EUU,OPT,EUUZ7 P1130,2027-12-03,P,1.13,0.015800000,3,
2026-09-01,EUU,OPT,EUUZ7 P1135,2027-12-03,P,1.135,0.017100000,3,
2026-09-01,EUU,OPT,EUUZ7 P1140,2027-12-03,P,1.14,0.018500000,3,1
2026-09-01,EUU,OPT,EUUZ7 P1145,2027-12-03,P,1.145,0.019900000,3,
2026-09-01,EUU,OPT,EUUZ7 P1150,2027-12-03,P,1.15,0.021500000,3,21
2026-09-01,EUU,OPT,EUUZ7 P1155,2027-12-03,P,1.155,0.023200000,3,
2026-09-01,EUU,OPT,EUUZ7 P1160,2027-12-03,P,1.16,0.025000000,3,
2026-09-01,EUU,OPT,EUUZ7 P1165,2027-12-03,P,1.165,0.026900000,3,
2026-09-01,EUU,OPT,EUUZ7 P1170,2027-12-03,P,1.17,0.029000000,3,
2026-09-01,EUU,OPT,EUUZ7 P1175,2027-12-03,P,1.175,0.031200000,3,
2026-09-01,EUU,OPT,EUUZ7 P1180,2027-12-03,P,1.18,0.033600000,3,
2026-09-01,EUU,OPT,EUUZ7 P1185,2027-12-03,P,1.185,0.036000000,3,
2026-09-01,EUU,OPT,EUUZ7 P1190,2027-12-03,P,1.19,0.038700000,3,
2026-09-01,EUU,OPT,EUUZ7 P1195,2027-12-03,P,1.195,0.041400000,3,
2026-09-01,EUU,OPT,EUUZ7 P1200,2027-12-03,P,1.2,0.044300000,3,
2026-09-01,EUU,OPT,EUUZ7 P1205,2027-12-03,P,1.205,0.047300000,3,
2026-09-01,EUU,OPT,EUUZ7 P1210,2027-12-03,P,1.21,0.050400000,3,
2026-09-01,EUU,OPT,EUUZ7 P1215,2027-12-03,P,1.215,0.053600000,3,
2026-09-01,EUU,OPT,EUUZ7 P1220,2027-12-03,P,1.22,0.057000000,3,
2026-09-01,EUU,OPT,EUUZ7 P1225,2027-12-03,P,1.225,0.060400000,3,
2026-09-01,EUU,OPT,EUUZ7 P1230,2027-12-03,P,1.23,0.064000000,3,
2026-09-01,EUU,OPT,EUUZ7 P1235,2027-12-03,P,1.235,0.067600000,3,
2026-09-01,EUU,OPT,EUUZ7 P1240,2027-12-03,P,1.24,0.071400000,3,
2026-09-01,EUU,OPT,EUUZ7 P1245,2027-12-03,P,1.245,0.075200000,3,
2026-09-01,EUU,OPT,EUUZ7 P1250,2027-12-03,P,1.25,0.079100000,3,
2026-09-01,EUU,OPT,EUUZ7 P1255,2027-12-03,P,1.255,0.083000000,3,
2026-09-01,EUU,OPT,EUUZ7 P1260,2027-12-03,P,1.26,0.087000000,3,
2026-09-01,EUU,OPT,EUUZ7 P1265,2027-12-03,P,1.265,0.091100000,3,
2026-09-01,EUU,OPT,EUUZ7 P1270,2027-12-03,P,1.27,0.095200000,3,
2026-09-01,EUU,OPT,EUUZ7 P1275,2027-12-03,P,1.275,0.099400000,3,
2026-09-01,EUU,OPT,EUUZ7 P1280,2027-12-03,P,1.28,0.103600000,3,
2026-09-01,EUU,OPT,EUUZ7 P1290,2027-12-03,P,1.29,0.112100000,3,
2026-09-01,EUU,OPT,EUUZ7 P1300,2027-12-03,P,1.3,0.120800000,3,
2026-09-01,EUU,OPT,EUUZ7 P1310,2027-12-03,P,1.31,0.129600000,3,
2026-09-01,EUU,OPT,EUUZ7 P1320,2027-12-03,P,1.32,0.138400000,3,
2026-09-01,EUU,OPT,EUUZ7 P1330,2027-12-03,P,1.33,0.147500000,3,
2026-09-01,EUU,OPT,EUUZ7 P1340,2027-12-03,P,1.34,0.156600000,3,
2026-09-01,EUU,OPT,EUUZ7 P1350,2027-12-03,P,1.35,0.165700000,3,
2026-09-01,EUU,OPT,EUUZ7 P1360,2027-12-03,P,1.36,0.174800000,3,
2026-09-01,EUU,OPT,EUUZ7 P1370,2027-12-03,P,1.37,0.184000000,3,
2026-09-01,EUU,OPT,EUUZ7 P1380,2027-12-03,P,1.38,0.193200000,3,
2026-09-01,EUU,OPT,EUUH8 C1020,2028-03-03,C,1.02,0.156600000,3,
2026-09-01,EUU,OPT,EUUH8 C1030,2028-03-03,C,1.03,0.147800000,3,
2026-09-01,EUU,OPT,EUUH8 C1040,2028-03-03,C,1.04,0.139100000,3,
2026-09-01,EUU,OPT,EUUH8 C1050,2028-03-03,C,1.05,0.130500000,3,
2026-09-01,EUU,OPT,EUUH8 C1060,2028-03-03,C,1.06,0.121800000,3,
2026-09-01,EUU,OPT,EUUH8 C1070,2028-03-03,C,1.07,0.113200000,3,
2026-09-01,EUU,OPT,EUUH8 C1080,2028-03-03,C,1.08,0.104800000,3,
2026-09-01,EUU,OPT,EUUH8 C1090,2028-03-03,C,1.09,0.096500000,3,
2026-09-01,EUU,OPT,EUUH8 C1100,2028-03-03,C,1.1,0.088400000,3,
2026-09-01,EUU,OPT,EUUH8 C1110,2028-03-03,C,1.11,0.080500000,3,
2026-09-01,EUU,OPT,EUUH8 C1115,2028-03-03,C,1.115,0.076600000,3,
2026-09-01,EUU,OPT,EUUH8 C1120,2028-03-03,C,1.12,0.072700000,3,
2026-09-01,EUU,OPT,EUUH8 C1125,2028-03-03,C,1.125,0.069000000,3,
2026-09-01,EUU,OPT,EUUH8 C1130,2028-03-03,C,1.13,0.065300000,3,
2026-09-01,EUU,OPT,EUUH8 C1135,2028-03-03,C,1.135,0.061700000,3,
2026-09-01,EUU,OPT,EUUH8 C1140,2028-03-03,C,1.14,0.058200000,3,
2026-09-01,EUU,OPT,EUUH8 C1145,2028-03-03,C,1.145,0.054900000,3,
2026-09-01,EUU,OPT,EUUH8 C1150,2028-03-03,C,1.15,0.051600000,3,4
2026-09-01,EUU,OPT,EUUH8 C1155,2028-03-03,C,1.155,0.048500000,3,
2026-09-01,EUU,OPT,EUUH8 C1160,2028-03-03,C,1.16,0.045500000,3,
2026-09-01,EUU,OPT,EUUH8 C1165,2028-03-03,C,1.165,0.042600000,3,
2026-09-01,EUU,OPT,EUUH8 C1170,2028-03-03,C,1.17,0.039800000,3,
2026-09-01,EUU,OPT,EUUH8 C1175,2028-03-03,C,1.175,0.037200000,3,
2026-09-01,EUU,OPT,EUUH8 C1180,2028-03-03,C,1.18,0.034700000,3,
2026-09-01,EUU,OPT,EUUH8 C1185,2028-03-03,C,1.185,0.032400000,3,
2026-09-01,EUU,OPT,EUUH8 C1190,2028-03-03,C,1.19,0.030100000,3,
2026-09-01,EUU,OPT,EUUH8 C1195,2028-03-03,C,1.195,0.028000000,3,
2026-09-01,EUU,OPT,EUUH8 C1200,2028-03-03,C,1.2,0.026100000,3,
2026-09-01,EUU,OPT,EUUH8 C1205,2028-03-03,C,1.205,0.024200000,3,
2026-09-01,EUU,OPT,EUUH8 C1210,2028-03-03,C,1.21,0.022500000,3,
2026-09-01,EUU,OPT,EUUH8 C1215,2028-03-03,C,1.215,0.021000000,3,
2026-09-01,EUU,OPT,EUUH8 C1220,2028-03-03,C,1.22,0.019500000,3,
2026-09-01,EUU,OPT,EUUH8 C1225,2028-03-03,C,1.225,0.018100000,3,
2026-09-01,EUU,OPT,EUUH8 C1230,2028-03-03,C,1.23,0.016900000,3,
2026-09-01,EUU,OPT,EUUH8 C1235,2028-03-03,C,1.235,0.015800000,3,
2026-09-01,EUU,OPT,EUUH8 C1240,2028-03-03,C,1.24,0.014700000,3,
2026-09-01,EUU,OPT,EUUH8 C1245,2028-03-03,C,1.245,0.013700000,3,
2026-09-01,EUU,OPT,EUUH8 C1250,2028-03-03,C,1.25,0.012800000,3,
2026-09-01,EUU,OPT,EUUH8 C1255,2028-03-03,C,1.255,0.012000000,3,
2026-09-01,EUU,OPT,EUUH8 C1260,2028-03-03,C,1.26,0.011300000,3,
2026-09-01,EUU,OPT,EUUH8 C1270,2028-03-03,C,1.27,0.009900000,3,
2026-09-01,EUU,OPT,EUUH8 C1280,2028-03-03,C,1.28,0.008800000,3,
2026-09-01,EUU,OPT,EUUH8 C1290,2028-03-03,C,1.29,0.007800000,3,
2026-09-01,EUU,OPT,EUUH8 C1300,2028-03-03,C,1.3,0.006900000,3,
2026-09-01,EUU,OPT,EUUH8 C1310,2028-03-03,C,1.31,0.006100000,3,
2026-09-01,EUU,OPT,EUUH8 C1320,2028-03-03,C,1.32,0.005500000,3,
2026-09-01,EUU,OPT,EUUH8 C1330,2028-03-03,C,1.33,0.005000000,3,
2026-09-01,EUU,OPT,EUUH8 C1340,2028-03-03,C,1.34,0.004600000,3,
2026-09-01,EUU,OPT,EUUH8 C1350,2028-03-03,C,1.35,0.004300000,3,
2026-09-01,EUU,OPT,EUUH8 P1020,2028-03-03,P,1.02,0.002900000,3,
2026-09-01,EUU,OPT,EUUH8 P1030,2028-03-03,P,1.03,0.003500000,3,
2026-09-01,EUU,OPT,EUUH8 P1040,2028-03-03,P,1.04,0.004200000,3,
2026-09-01,EUU,OPT,EUUH8 P1050,2028-03-03,P,1.05,0.005000000,3,
2026-09-01,EUU,OPT,EUUH8 P1060,2028-03-03,P,1.06,0.005700000,3,
2026-09-01,EUU,OPT,EUUH8 P1070,2028-03-03,P,1.07,0.006600000,3,
2026-09-01,EUU,OPT,EUUH8 P1080,2028-03-03,P,1.08,0.007500000,3,
2026-09-01,EUU,OPT,EUUH8 P1090,2028-03-03,P,1.09,0.008600000,3,
2026-09-01,EUU,OPT,EUUH8 P1100,2028-03-03,P,1.1,0.009900000,3,
2026-09-01,EUU,OPT,EUUH8 P1110,2028-03-03,P,1.11,0.011400000,3,
2026-09-01,EUU,OPT,EUUH8 P1115,2028-03-03,P,1.115,0.012200000,3,
2026-09-01,EUU,OPT,EUUH8 P1120,2028-03-03,P,1.12,0.013000000,3,
2026-09-01,EUU,OPT,EUUH8 P1125,2028-03-03,P,1.125,0.014000000,3,
2026-09-01,EUU,OPT,EUUH8 P1130,2028-03-03,P,1.13,0.015000000,3,
2026-09-01,EUU,OPT,EUUH8 P1135,2028-03-03,P,1.135,0.016100000,3,
2026-09-01,EUU,OPT,EUUH8 P1140,2028-03-03,P,1.14,0.017400000,3,
2026-09-01,EUU,OPT,EUUH8 P1145,2028-03-03,P,1.145,0.018700000,3,
2026-09-01,EUU,OPT,EUUH8 P1150,2028-03-03,P,1.15,0.020100000,3,1
2026-09-01,EUU,OPT,EUUH8 P1155,2028-03-03,P,1.155,0.021700000,3,
2026-09-01,EUU,OPT,EUUH8 P1160,2028-03-03,P,1.16,0.023400000,3,1
2026-09-01,EUU,OPT,EUUH8 P1165,2028-03-03,P,1.165,0.025200000,3,
2026-09-01,EUU,OPT,EUUH8 P1170,2028-03-03,P,1.17,0.027200000,3,
2026-09-01,EUU,OPT,EUUH8 P1175,2028-03-03,P,1.175,0.029200000,3,
2026-09-01,EUU,OPT,EUUH8 P1180,2028-03-03,P,1.18,0.031400000,3,
2026-09-01,EUU,OPT,EUUH8 P1185,2028-03-03,P,1.185,0.033800000,3,
2026-09-01,EUU,OPT,EUUH8 P1190,2028-03-03,P,1.19,0.036200000,3,
2026-09-01,EUU,OPT,EUUH8 P1195,2028-03-03,P,1.195,0.038900000,3,
2026-09-01,EUU,OPT,EUUH8 P1200,2028-03-03,P,1.2,0.041600000,3,
2026-09-01,EUU,OPT,EUUH8 P1205,2028-03-03,P,1.205,0.044500000,3,
2026-09-01,EUU,OPT,EUUH8 P1210,2028-03-03,P,1.21,0.047500000,3,
2026-09-01,EUU,OPT,EUUH8 P1215,2028-03-03,P,1.215,0.050600000,3,
2026-09-01,EUU,OPT,EUUH8 P1220,2028-03-03,P,1.22,0.053800000,3,
2026-09-01,EUU,OPT,EUUH8 P1225,2028-03-03,P,1.225,0.057200000,3,
2026-09-01,EUU,OPT,EUUH8 P1230,2028-03-03,P,1.23,0.060600000,3,
2026-09-01,EUU,OPT,EUUH8 P1235,2028-03-03,P,1.235,0.064200000,3,
2026-09-01,EUU,OPT,EUUH8 P1240,2028-03-03,P,1.24,0.067800000,3,
2026-09-01,EUU,OPT,EUUH8 P1245,2028-03-03,P,1.245,0.071500000,3,
2026-09-01,EUU,OPT,EUUH8 P1250,2028-03-03,P,1.25,0.075300000,3,
2026-09-01,EUU,OPT,EUUH8 P1255,2028-03-03,P,1.255,0.079200000,3,
2026-09-01,EUU,OPT,EUUH8 P1260,2028-03-03,P,1.26,0.083200000,3,
2026-09-01,EUU,OPT,EUUH8 P1270,2028-03-03,P,1.27,0.091200000,3,
2026-09-01,EUU,OPT,EUUH8 P1280,2028-03-03,P,1.28,0.099500000,3,
2026-09-01,EUU,OPT,EUUH8 P1290,2028-03-03,P,1.29,0.107900000,3,
2026-09-01,EUU,OPT,EUUH8 P1300,2028-03-03,P,1.3,0.116400000,3,
2026-09-01,EUU,OPT,EUUH8 P1310,2028-03-03,P,1.31,0.125000000,3,
2026-09-01,EUU,OPT,EUUH8 P1320,2028-03-03,P,1.32,0.133800000,3,
2026-09-01,EUU,OPT,EUUH8 P1330,2028-03-03,P,1.33,0.142700000,3,
2026-09-01,EUU,OPT,EUUH8 P1340,2028-03-03,P,1.34,0.151700000,3,
2026-09-01,EUU,OPT,EUUH8 P1350,2028-03-03,P,1.35,0.160800000,3,
2026-09-01,EUU,OPT,EUUM8 C1020,2028-06-09,C,1.02,0.160400000,3,
2026-09-01,EUU,OPT,EUUM8 C1030,2028-06-09,C,1.03,0.151700000,3,
2026-09-01,EUU,OPT,EUUM8 C1040,2028-06-09,C,1.04,0.143200000,3,
2026-09-01,EUU,OPT,EUUM8 C1050,2028-06-09,C,1.05,0.134700000,3,
2026-09-01,EUU,OPT,EUUM8 C1060,2028-06-09,C,1.06,0.126400000,3,
2026-09-01,EUU,OPT,EUUM8 C1070,2028-06-09,C,1.07,0.118000000,3,
2026-09-01,EUU,OPT,EUUM8 C1080,2028-06-09,C,1.08,0.109800000,3,
2026-09-01,EUU,OPT,EUUM8 C1090,2028-06-09,C,1.09,0.101800000,3,
2026-09-01,EUU,OPT,EUUM8 C1100,2028-06-09,C,1.1,0.093900000,3,
2026-09-01,EUU,OPT,EUUM8 C1110,2028-06-09,C,1.11,0.086300000,3,
2026-09-01,EUU,OPT,EUUM8 C1120,2028-06-09,C,1.12,0.078800000,3,
2026-09-01,EUU,OPT,EUUM8 C1125,2028-06-09,C,1.125,0.075200000,3,
2026-09-01,EUU,OPT,EUUM8 C1130,2028-06-09,C,1.13,0.071700000,3,
2026-09-01,EUU,OPT,EUUM8 C1135,2028-06-09,C,1.135,0.068200000,3,
2026-09-01,EUU,OPT,EUUM8 C1140,2028-06-09,C,1.14,0.064800000,3,
2026-09-01,EUU,OPT,EUUM8 C1145,2028-06-09,C,1.145,0.061500000,3,
2026-09-01,EUU,OPT,EUUM8 C1150,2028-06-09,C,1.15,0.058300000,3,
2026-09-01,EUU,OPT,EUUM8 C1155,2028-06-09,C,1.155,0.055200000,3,
2026-09-01,EUU,OPT,EUUM8 C1160,2028-06-09,C,1.16,0.052200000,3,
2026-09-01,EUU,OPT,EUUM8 C1165,2028-06-09,C,1.165,0.049300000,3,
2026-09-01,EUU,OPT,EUUM8 C1170,2028-06-09,C,1.17,0.046500000,3,
2026-09-01,EUU,OPT,EUUM8 C1175,2028-06-09,C,1.175,0.043800000,3,
2026-09-01,EUU,OPT,EUUM8 C1180,2028-06-09,C,1.18,0.041200000,3,
2026-09-01,EUU,OPT,EUUM8 C1185,2028-06-09,C,1.185,0.038800000,3,
2026-09-01,EUU,OPT,EUUM8 C1190,2028-06-09,C,1.19,0.036500000,3,
2026-09-01,EUU,OPT,EUUM8 C1195,2028-06-09,C,1.195,0.034300000,3,
2026-09-01,EUU,OPT,EUUM8 C1200,2028-06-09,C,1.2,0.032300000,3,
2026-09-01,EUU,OPT,EUUM8 C1205,2028-06-09,C,1.205,0.030300000,3,
2026-09-01,EUU,OPT,EUUM8 C1210,2028-06-09,C,1.21,0.028500000,3,
2026-09-01,EUU,OPT,EUUM8 C1215,2028-06-09,C,1.215,0.026800000,3,
2026-09-01,EUU,OPT,EUUM8 C1220,2028-06-09,C,1.22,0.025200000,3,
2026-09-01,EUU,OPT,EUUM8 C1225,2028-06-09,C,1.225,0.023700000,3,
2026-09-01,EUU,OPT,EUUM8 C1230,2028-06-09,C,1.23,0.022300000,3,
2026-09-01,EUU,OPT,EUUM8 C1235,2028-06-09,C,1.235,0.021000000,3,
2026-09-01,EUU,OPT,EUUM8 C1240,2028-06-09,C,1.24,0.019800000,3,
2026-09-01,EUU,OPT,EUUM8 C1245,2028-06-09,C,1.245,0.018600000,3,
2026-09-01,EUU,OPT,EUUM8 C1250,2028-06-09,C,1.25,0.017600000,3,
2026-09-01,EUU,OPT,EUUM8 C1260,2028-06-09,C,1.26,0.015700000,3,
2026-09-01,EUU,OPT,EUUM8 C1270,2028-06-09,C,1.27,0.014100000,3,
2026-09-01,EUU,OPT,EUUM8 C1280,2028-06-09,C,1.28,0.012700000,3,
2026-09-01,EUU,OPT,EUUM8 C1290,2028-06-09,C,1.29,0.011500000,3,
2026-09-01,EUU,OPT,EUUM8 C1300,2028-06-09,C,1.3,0.010500000,3,
2026-09-01,EUU,OPT,EUUM8 C1310,2028-06-09,C,1.31,0.009600000,3,
2026-09-01,EUU,OPT,EUUM8 C1320,2028-06-09,C,1.32,0.008900000,3,
2026-09-01,EUU,OPT,EUUM8 C1330,2028-06-09,C,1.33,0.007800000,3,
2026-09-01,EUU,OPT,EUUM8 C1340,2028-06-09,C,1.34,0.006900000,3,
2026-09-01,EUU,OPT,EUUM8 P1020,2028-06-09,P,1.02,0.004700000,3,
2026-09-01,EUU,OPT,EUUM8 P1030,2028-06-09,P,1.03,0.005400000,3,
2026-09-01,EUU,OPT,EUUM8 P1040,2028-06-09,P,1.04,0.006100000,3,
2026-09-01,EUU,OPT,EUUM8 P1050,2028-06-09,P,1.05,0.007000000,3,
2026-09-01,EUU,OPT,EUUM8 P1060,2028-06-09,P,1.06,0.007900000,3,
2026-09-01,EUU,OPT,EUUM8 P1070,2028-06-09,P,1.07,0.008900000,3,
2026-09-01,EUU,OPT,EUUM8 P1080,2028-06-09,P,1.08,0.010000000,3,
2026-09-01,EUU,OPT,EUUM8 P1090,2028-06-09,P,1.09,0.011200000,3,
2026-09-01,EUU,OPT,EUUM8 P1100,2028-06-09,P,1.1,0.012600000,3,3
2026-09-01,EUU,OPT,EUUM8 P1110,2028-06-09,P,1.11,0.014300000,3,
2026-09-01,EUU,OPT,EUUM8 P1120,2028-06-09,P,1.12,0.016200000,3,
2026-09-01,EUU,OPT,EUUM8 P1125,2028-06-09,P,1.125,0.017200000,3,
2026-09-01,EUU,OPT,EUUM8 P1130,2028-06-09,P,1.13,0.018300000,3,
2026-09-01,EUU,OPT,EUUM8 P1135,2028-06-09,P,1.135,0.019500000,3,
2026-09-01,EUU,OPT,EUUM8 P1140,2028-06-09,P,1.14,0.020700000,3,
2026-09-01,EUU,OPT,EUUM8 P1145,2028-06-09,P,1.145,0.022100000,3,
2026-09-01,EUU,OPT,EUUM8 P1150,2028-06-09,P,1.15,0.023500000,3,
2026-09-01,EUU,OPT,EUUM8 P1155,2028-06-09,P,1.155,0.025000000,3,
2026-09-01,EUU,OPT,EUUM8 P1160,2028-06-09,P,1.16,0.026700000,3,
2026-09-01,EUU,OPT,EUUM8 P1165,2028-06-09,P,1.165,0.028400000,3,
2026-09-01,EUU,OPT,EUUM8 P1170,2028-06-09,P,1.17,0.030200000,3,
2026-09-01,EUU,OPT,EUUM8 P1175,2028-06-09,P,1.175,0.032200000,3,
2026-09-01,EUU,OPT,EUUM8 P1180,2028-06-09,P,1.18,0.034300000,3,
2026-09-01,EUU,OPT,EUUM8 P1185,2028-06-09,P,1.185,0.036500000,3,
2026-09-01,EUU,OPT,EUUM8 P1190,2028-06-09,P,1.19,0.038800000,3,
2026-09-01,EUU,OPT,EUUM8 P1195,2028-06-09,P,1.195,0.041300000,3,
2026-09-01,EUU,OPT,EUUM8 P1200,2028-06-09,P,1.2,0.043900000,3,
2026-09-01,EUU,OPT,EUUM8 P1205,2028-06-09,P,1.205,0.046600000,3,
2026-09-01,EUU,OPT,EUUM8 P1210,2028-06-09,P,1.21,0.049500000,3,
2026-09-01,EUU,OPT,EUUM8 P1215,2028-06-09,P,1.215,0.052400000,3,
2026-09-01,EUU,OPT,EUUM8 P1220,2028-06-09,P,1.22,0.055500000,3,
2026-09-01,EUU,OPT,EUUM8 P1225,2028-06-09,P,1.225,0.058600000,3,
2026-09-01,EUU,OPT,EUUM8 P1230,2028-06-09,P,1.23,0.061800000,3,
2026-09-01,EUU,OPT,EUUM8 P1235,2028-06-09,P,1.235,0.065200000,3,
2026-09-01,EUU,OPT,EUUM8 P1240,2028-06-09,P,1.24,0.068600000,3,
2026-09-01,EUU,OPT,EUUM8 P1245,2028-06-09,P,1.245,0.072100000,3,
2026-09-01,EUU,OPT,EUUM8 P1250,2028-06-09,P,1.25,0.075700000,3,
2026-09-01,EUU,OPT,EUUM8 P1260,2028-06-09,P,1.26,0.083100000,3,
2026-09-01,EUU,OPT,EUUM8 P1270,2028-06-09,P,1.27,0.090800000,3,
2026-09-01,EUU,OPT,EUUM8 P1280,2028-06-09,P,1.28,0.098700000,3,
2026-09-01,EUU,OPT,EUUM8 P1290,2028-06-09,P,1.29,0.106800000,3,
2026-09-01,EUU,OPT,EUUM8 P1300,2028-06-09,P,1.3,0.115100000,3,
2026-09-01,EUU,OPT,EUUM8 P1310,2028-06-09,P,1.31,0.123500000,3,
2026-09-01,EUU,OPT,EUUM8 P1320,2028-06-09,P,1.32,0.132100000,3,
2026-09-01,EUU,OPT,EUUM8 P1330,2028-06-09,P,1.33,0.140300000,3,
2026-09-01,EUU,OPT,EUUM8 P1340,2028-06-09,P,1.34,0.148700000,3,
