session,root,type,symbol,expiry,right,strike,settle,settle_flag,oi
2026-09-01,JPU,OPT,JPUU6 C0470,2026-09-04,C,0.0047,0.001548000,3,
2026-09-01,JPU,OPT,JPUU6 C0480,2026-09-04,C,0.0048,0.001448000,3,
2026-09-01,JPU,OPT,JPUU6 C0490,2026-09-04,C,0.0049,0.001348000,3,
2026-09-01,JPU,OPT,JPUU6 C0500,2026-09-04,C,0.005,0.001248000,3,
2026-09-01,JPU,OPT,JPUU6 C0510,2026-09-04,C,0.0051,0.001148000,3,
2026-09-01,JPU,OPT,JPUU6 C0520,2026-09-04,C,0.0052,0.001048000,3,2
2026-09-01,JPU,OPT,JPUU6 C0530,2026-09-04,C,0.0053,0.000948000,3,
2026-09-01,JPU,OPT,JPUU6 C0540,2026-09-04,C,0.0054,0.000848000,3,
2026-09-01,JPU,OPT,JPUU6 C0550,2026-09-04,C,0.0055,0.000748000,3,
2026-09-01,JPU,OPT,JPUU6 C0555,2026-09-04,C,0.00555,0.000698000,3,
2026-09-01,JPU,OPT,JPUU6 C0560,2026-09-04,C,0.0056,0.000648000,3,
2026-09-01,JPU,OPT,JPUU6 C0565,2026-09-04,C,0.00565,0.000598000,3,
2026-09-01,JPU,OPT,JPUU6 C0570,2026-09-04,C,0.0057,0.000548000,3,8
2026-09-01,JPU,OPT,JPUU6 C0575,2026-09-04,C,0.00575,0.000498000,3,
2026-09-01,JPU,OPT,JPUU6 C0580,2026-09-04,C,0.0058,0.000448000,3,
2026-09-01,JPU,OPT,JPUU6 C0585,2026-09-04,C,0.00585,0.000398000,3,
2026-09-01,JPU,OPT,JPUU6 C0590,2026-09-04,C,0.0059,0.000348000,3,
2026-09-01,JPU,OPT,JPUU6 C0595,2026-09-04,C,0.00595,0.000298000,3,
2026-09-01,JPU,OPT,JPUU6 C0600,2026-09-04,C,0.006,0.000248000,3,
2026-09-01,JPU,OPT,JPUU6 C0605,2026-09-04,C,0.00605,0.000198000,3,2
2026-09-01,JPU,OPT,JPUU6 C0607,2026-09-04,C,0.006075,0.000174000,3,
2026-09-01,JPU,OPT,JPUU6 C0610,2026-09-04,C,0.0061,0.000149000,3,48
2026-09-01,JPU,OPT,JPUU6 C0612,2026-09-04,C,0.006125,0.000124000,3,
2026-09-01,JPU,OPT,JPUU6 C0615,2026-09-04,C,0.00615,0.000099000,3,577
2026-09-01,JPU,OPT,JPUU6 C0617,2026-09-04,C,0.006175,0.000074000,3,57
2026-09-01,JPU,OPT,JPUU6 C0620,2026-09-04,C,0.0062,0.000050000,3,721
2026-09-01,JPU,OPT,JPUU6 C0622,2026-09-04,C,0.006225,0.000029000,3,1
2026-09-01,JPU,OPT,JPUU6 C0625,2026-09-04,C,0.00625,0.000014000,3,1189
2026-09-01,JPU,OPT,JPUU6 C0627,2026-09-04,C,0.006275,0.000007000,3,2057
2026-09-01,JPU,OPT,JPUU6 C0630,2026-09-04,C,0.0063,0.000003500,3,1958
2026-09-01,JPU,OPT,JPUU6 C0632,2026-09-04,C,0.006325,0.000002000,3,704
2026-09-01,JPU,OPT,JPUU6 C0635,2026-09-04,C,0.00635,0.000001500,3,3646
2026-09-01,JPU,OPT,JPUU6 C0637,2026-09-04,C,0.006375,0.000001000,3,476
2026-09-01,JPU,OPT,JPUU6 C0640,2026-09-04,C,0.0064,0.000000500,3,4227
2026-09-01,JPU,OPT,JPUU6 C0642,2026-09-04,C,0.006425,0.000000500,3,167
2026-09-01,JPU,OPT,JPUU6 C0645,2026-09-04,C,0.00645,0.000000500,3,2701
2026-09-01,JPU,OPT,JPUU6 C0647,2026-09-04,C,0.006475,0.000000500,3,409
2026-09-01,JPU,OPT,JPUU6 C0650,2026-09-04,C,0.0065,0.000000500,3,3284
2026-09-01,JPU,OPT,JPUU6 C0652,2026-09-04,C,0.006525,0.000000500,3,7
2026-09-01,JPU,OPT,JPUU6 C0655,2026-09-04,C,0.00655,0.000000500,3,3299
2026-09-01,JPU,OPT,JPUU6 C0657,2026-09-04,C,0.006575,0.000000500,3,4
2026-09-01,JPU,OPT,JPUU6 C0660,2026-09-04,C,0.0066,0.000000500,3,1512
2026-09-01,JPU,OPT,JPUU6 C0665,2026-09-04,C,0.00665,0.000000500,3,1608
2026-09-01,JPU,OPT,JPUU6 C0670,2026-09-04,C,0.0067,0.000000500,3,1162
2026-09-01,JPU,OPT,JPUU6 C0675,2026-09-04,C,0.00675,0.000000500,3,2588
2026-09-01,JPU,OPT,JPUU6 C0680,2026-09-04,C,0.0068,0.000000500,3,1489
2026-09-01,JPU,OPT,JPUU6 C0685,2026-09-04,C,0.00685,0.000000500,3,1033
2026-09-01,JPU,OPT,JPUU6 C0690,2026-09-04,C,0.0069,0.000000500,3,97
2026-09-01,JPU,OPT,JPUU6 C0695,2026-09-04,C,0.00695,0.000000500,3,536
2026-09-01,JPU,OPT,JPUU6 C0700,2026-09-04,C,0.007,0.000000500,3,728
2026-09-01,JPU,OPT,JPUU6 C0705,2026-09-04,C,0.00705,0.000000500,3,9
2026-09-01,JPU,OPT,JPUU6 C0710,2026-09-04,C,0.0071,0.000000500,3,157
2026-09-01,JPU,OPT,JPUU6 C0715,2026-09-04,C,0.00715,0.000000500,3,19
2026-09-01,JPU,OPT,JPUU6 C0720,2026-09-04,C,0.0072,0.000000500,3,40
2026-09-01,JPU,OPT,JPUU6 C0725,2026-09-04,C,0.00725,0.000000500,3,2
2026-09-01,JPU,OPT,JPUU6 C0730,2026-09-04,C,0.0073,0.000000500,3,5
2026-09-01,JPU,OPT,JPUU6 C0735,2026-09-04,C,0.00735,0.000000500,3,16
2026-09-01,JPU,OPT,JPUU6 C0740,2026-09-04,C,0.0074,0.000000500,3,211
2026-09-01,JPU,OPT,JPUU6 C0745,2026-09-04,C,0.00745,0.000000500,3,
2026-09-01,JPU,OPT,JPUU6 C0750,2026-09-04,C,0.0075,0.000000500,3,17
2026-09-01,JPU,OPT,JPUU6 C0755,2026-09-04,C,0.00755,0.000000500,3,4
2026-09-01,JPU,OPT,JPUU6 C0760,2026-09-04,C,0.0076,0.000000500,3,30
2026-09-01,JPU,OPT,JPUU6 C0765,2026-09-04,C,0.00765,0.000000500,3,
2026-09-01,JPU,OPT,JPUU6 C0770,2026-09-04,C,0.0077,0.000000500,3,46
2026-09-01,JPU,OPT,JPUU6 C0775,2026-09-04,C,0.00775,0.000000500,3,
2026-09-01,JPU,OPT,JPUU6 C0780,2026-09-04,C,0.0078,0.000000500,3,41
2026-09-01,JPU,OPT,JPUU6 C0785,2026-09-04,C,0.00785,0.000000500,3,11
2026-09-01,JPU,OPT,JPUU6 C0790,2026-09-04,C,0.0079,0.000000500,3,
2026-09-01,JPU,OPT,JPUU6 C0795,2026-09-04,C,0.00795,0.000000500,3,
2026-09-01,JPU,OPT,JPUU6 C0800,2026-09-04,C,0.008,0.000000500,3,4
2026-09-01,JPU,OPT,JPUU6 C0805,2026-09-04,C,0.00805,0.000000500,3,
2026-09-01,JPU,OPT,JPUU6 C0810,2026-09-04,C,0.0081,0.000000500,3,15
2026-09-01,JPU,OPT,JPUU6 C0820,2026-09-04,C,0.0082,0.000000500,3,40
2026-09-01,JPU,OPT,JPUU6 C0830,2026-09-04,C,0.0083,0.000000500,3,15
2026-09-01,JPU,OPT,JPUU6 C0840,2026-09-04,C,0.0084,0.000000500,3,10
2026-09-01,JPU,OPT,JPUU6 C0850,2026-09-04,C,0.0085,0.000000500,3,
2026-09-01,JPU,OPT,JPUU6 C0860,2026-09-04,C,0.0086,0.000000500,3,
2026-09-01,JPU,OPT,JPUU6 C0870,2026-09-04,C,0.0087,0.000000500,3,25
2026-09-01,JPU,OPT,JPUU6 C0880,2026-09-04,C,0.0088,0.000000500,3,
2026-09-01,JPU,OPT,JPUU6 C0890,2026-09-04,C,0.0089,0.000000500,3,
2026-09-01,JPU,OPT,JPUU6 C0900,2026-09-04,C,0.009,0.000000500,3,
2026-09-01,JPU,OPT,JPUU6 C0910,2026-09-04,C,0.0091,0.000000500,3,2
2026-09-01,JPU,OPT,JPUU6 P0470,2026-09-04,P,0.0047,0.000000500,3,
2026-09-01,JPU,OPT,JPUU6 P0480,2026-09-04,P,0.0048,0.000000500,3,
2026-09-01,JPU,OPT,JPUU6 P0490,2026-09-04,P,0.0049,0.000000500,3,280
2026-09-01,JPU,OPT,JPUU6 P0500,2026-09-04,P,0.005,0.000000500,3,40
2026-09-01,JPU,OPT,JPUU6 P0510,2026-09-04,P,0.0051,0.000000500,3,242
2026-09-01,JPU,OPT,JPUU6 P0520,2026-09-04,P,0.0052,0.000000500,3,159
2026-09-01,JPU,OPT,JPUU6 P0530,2026-09-04,P,0.0053,0.000000500,3,102
2026-09-01,JPU,OPT,JPUU6 P0540,2026-09-04,P,0.0054,0.000000500,3,
2026-09-01,JPU,OPT,JPUU6 P0550,2026-09-04,P,0.0055,0.000000500,3,20
2026-09-01,JPU,OPT,JPUU6 P0555,2026-09-04,P,0.00555,0.000000500,3,
2026-09-01,JPU,OPT,JPUU6 P0560,2026-09-04,P,0.0056,0.000000500,3,11
2026-09-01,JPU,OPT,JPUU6 P0565,2026-09-04,P,0.00565,0.000000500,3,
2026-09-01,JPU,OPT,JPUU6 P0570,2026-09-04,P,0.0057,0.000000500,3,36
2026-09-01,JPU,OPT,JPUU6 P0575,2026-09-04,P,0.00575,0.000000500,3,5
2026-09-01,JPU,OPT,JPUU6 P0580,2026-09-04,P,0.0058,0.000000500,3,817
2026-09-01,JPU,OPT,JPUU6 P0585,2026-09-04,P,0.00585,0.000000500,3,2613
2026-09-01,JPU,OPT,JPUU6 P0590,2026-09-04,P,0.0059,0.000000500,3,200
2026-09-01,JPU,OPT,JPUU6 P0595,2026-09-04,P,0.00595,0.000000500,3,666
2026-09-01,JPU,OPT,JPUU6 P0600,2026-09-04,P,0.006,0.000000500,3,3267
2026-09-01,JPU,OPT,JPUU6 P0605,2026-09-04,P,0.00605,0.000000500,3,2782
2026-09-01,JPU,OPT,JPUU6 P0607,2026-09-04,P,0.006075,0.000000500,3,
2026-09-01,JPU,OPT,JPUU6 P0610,2026-09-04,P,0.0061,0.000000500,3,3556
2026-09-01,JPU,OPT,JPUU6 P0612,2026-09-04,P,0.006125,0.000000500,3,
2026-09-01,JPU,OPT,JPUU6 P0615,2026-09-04,P,0.00615,0.000000500,3,2425
2026-09-01,JPU,OPT,JPUU6 P0617,2026-09-04,P,0.006175,0.000000500,3,3316
2026-09-01,JPU,OPT,JPUU6 P0620,2026-09-04,P,0.0062,0.000001500,3,2672
2026-09-01,JPU,OPT,JPUU6 P0622,2026-09-04,P,0.006225,0.000005000,3,909
2026-09-01,JPU,OPT,JPUU6 P0625,2026-09-04,P,0.00625,0.000015000,3,6404
2026-09-01,JPU,OPT,JPUU6 P0627,2026-09-04,P,0.006275,0.000033000,3,3095
2026-09-01,JPU,OPT,JPUU6 P0630,2026-09-04,P,0.0063,0.000055000,3,5265
2026-09-01,JPU,OPT,JPUU6 P0632,2026-09-04,P,0.006325,0.000078000,3,39
2026-09-01,JPU,OPT,JPUU6 P0635,2026-09-04,P,0.00635,0.000103000,3,1450
2026-09-01,JPU,OPT,JPUU6 P0637,2026-09-04,P,0.006375,0.000127000,3,
2026-09-01,JPU,OPT,JPUU6 P0640,2026-09-04,P,0.0064,0.000152000,3,519
2026-09-01,JPU,OPT,JPUU6 P0642,2026-09-04,P,0.006425,0.000177000,3,
2026-09-01,JPU,OPT,JPUU6 P0645,2026-09-04,P,0.00645,0.000201000,3,168
2026-09-01,JPU,OPT,JPUU6 P0647,2026-09-04,P,0.006475,0.000226000,3,
2026-09-01,JPU,OPT,JPUU6 P0650,2026-09-04,P,0.0065,0.000251000,3,7
2026-09-01,JPU,OPT,JPUU6 P0652,2026-09-04,P,0.006525,0.000276000,3,
2026-09-01,JPU,OPT,JPUU6 P0655,2026-09-04,P,0.00655,0.000301000,3,47
2026-09-01,JPU,OPT,JPUU6 P0657,2026-09-04,P,0.006575,0.000326000,3,
2026-09-01,JPU,OPT,JPUU6 P0660,2026-09-04,P,0.0066,0.000351000,3,45
2026-09-01,JPU,OPT,JPUU6 P0665,2026-09-04,P,0.00665,0.000401000,3,13
2026-09-01,JPU,OPT,JPUU6 P0670,2026-09-04,P,0.0067,0.000451000,3,1
2026-09-01,JPU,OPT,JPUU6 P0675,2026-09-04,P,0.00675,0.000501000,3,11
2026-09-01,JPU,OPT,JPUU6 P0680,2026-09-04,P,0.0068,0.000551000,3,4
2026-09-01,JPU,OPT,JPUU6 P0685,2026-09-04,P,0.00685,0.000601000,3,10
2026-09-01,JPU,OPT,JPUU6 P0690,2026-09-04,P,0.0069,0.000651000,3,1
2026-09-01,JPU,OPT,JPUU6 P0695,2026-09-04,P,0.00695,0.000701000,3,5
2026-09-01,JPU,OPT,JPUU6 P0700,2026-09-04,P,0.007,0.000751000,3,1
2026-09-01,JPU,OPT,JPUU6 P0705,2026-09-04,P,0.00705,0.000801000,3,
2026-09-01,JPU,OPT,JPUU6 P0710,2026-09-04,P,0.0071,0.000851000,3,
2026-09-01,JPU,OPT,JPUU6 P0715,2026-09-04,P,0.00715,0.000901000,3,
2026-09-01,JPU,OPT,JPUU6 P0720,2026-09-04,P,0.0072,0.000951000,3,
2026-09-01,JPU,OPT,JPUU6 P0725,2026-09-04,P,0.00725,0.001001000,3,
2026-09-01,JPU,OPT,JPUU6 P0730,2026-09-04,P,0.0073,0.001051000,3,
2026-09-01,JPU,OPT,JPUU6 P0735,2026-09-04,P,0.00735,0.001101000,3,
2026-09-01,JPU,OPT,JPUU6 P0740,2026-09-04,P,0.0074,0.001151000,3,
2026-09-01,JPU,OPT,JPUU6 P0745,2026-09-04,P,0.00745,0.001201000,3,
2026-09-01,JPU,OPT,JPUU6 P0750,2026-09-04,P,0.0075,0.001251000,3,
2026-09-01,JPU,OPT,JPUU6 P0755,2026-09-04,P,0.00755,0.001301000,3,
2026-09-01,JPU,OPT,JPUU6 P0760,2026-09-04,P,0.0076,0.001351000,3,
2026-09-01,JPU,OPT,JPUU6 P0765,2026-09-04,P,0.00765,0.001401000,3,
2026-09-01,JPU,OPT,JPUU6 P0770,2026-09-04,P,0.0077,0.001451000,3,
2026-09-01,JPU,OPT,JPUU6 P0775,2026-09-04,P,0.00775,0.001501000,3,
2026-09-01,JPU,OPT,JPUU6 P0780,2026-09-04,P,0.0078,0.001551000,3,
2026-09-01,JPU,OPT,JPUU6 P0785,2026-09-04,P,0.00785,0.001601000,3,
2026-09-01,JPU,OPT,JPUU6 P0790,2026-09-04,P,0.0079,0.001651000,3,
2026-09-01,JPU,OPT,JPUU6 P0795,2026-09-04,P,0.00795,0.001701000,3,
2026-09-01,JPU,OPT,JPUU6 P0800,2026-09-04,P,0.008,0.001751000,3,
2026-09-01,JPU,OPT,JPUU6 P0805,2026-09-04,P,0.00805,0.001801000,3,
2026-09-01,JPU,OPT,JPUU6 P0810,2026-09-04,P,0.0081,0.001851000,3,
2026-09-01,JPU,OPT,JPUU6 P0820,2026-09-04,P,0.0082,0.001951000,3,
2026-09-01,JPU,OPT,JPUU6 P0830,2026-09-04,P,0.0083,0.002051000,3,
2026-09-01,JPU,OPT,JPUU6 P0840,2026-09-04,P,0.0084,0.002151000,3,
2026-09-01,JPU,OPT,JPUU6 P0850,2026-09-04,P,0.0085,0.002251000,3,
2026-09-01,JPU,OPT,JPUU6 P0860,2026-09-04,P,0.0086,0.002351000,3,
2026-09-01,JPU,OPT,JPUU6 P0870,2026-09-04,P,0.0087,0.002451000,3,
2026-09-01,JPU,OPT,JPUU6 P0880,2026-09-04,P,0.0088,0.002551000,3,
2026-09-01,JPU,OPT,JPUU6 P0890,2026-09-04,P,0.0089,0.002651000,3,
2026-09-01,JPU,OPT,JPUU6 P0900,2026-09-04,P,0.009,0.002751000,3,
2026-09-01,JPU,OPT,JPUU6 P0910,2026-09-04,P,0.0091,0.002851000,3,
2026-09-01,JPU,OPT,JPUV6 C0470,2026-10-09,C,0.0047,0.001587000,3,
2026-09-01,JPU,OPT,JPUV6 C0480,2026-10-09,C,0.0048,0.001487000,3,
2026-09-01,JPU,OPT,JPUV6 C0490,2026-10-09,C,0.0049,0.001388000,3,
2026-09-01,JPU,OPT,JPUV6 C0500,2026-10-09,C,0.005,0.001288000,3,
2026-09-01,JPU,OPT,JPUV6 C0510,2026-10-09,C,0.0051,0.001188000,3,
2026-09-01,JPU,OPT,JPUV6 C0520,2026-10-09,C,0.0052,0.001089000,3,
2026-09-01,JPU,OPT,JPUV6 C0530,2026-10-09,C,0.0053,0.000989000,3,
2026-09-01,JPU,OPT,JPUV6 C0540,2026-10-09,C,0.0054,0.000890000,3,
2026-09-01,JPU,OPT,JPUV6 C0550,2026-10-09,C,0.0055,0.000790000,3,
2026-09-01,JPU,OPT,JPUV6 C0560,2026-10-09,C,0.0056,0.000690000,3,
2026-09-01,JPU,OPT,JPUV6 C0565,2026-10-09,C,0.00565,0.000641000,3,
2026-09-01,JPU,OPT,JPUV6 C0570,2026-10-09,C,0.0057,0.000591000,3,
2026-09-01,JPU,OPT,JPUV6 C0575,2026-10-09,C,0.00575,0.000541000,3,
2026-09-01,JPU,OPT,JPUV6 C0580,2026-10-09,C,0.0058,0.000491000,3,
2026-09-01,JPU,OPT,JPUV6 C0585,2026-10-09,C,0.00585,0.000441000,3,
2026-09-01,JPU,OPT,JPUV6 C0590,2026-10-09,C,0.0059,0.000392000,3,
2026-09-01,JPU,OPT,JPUV6 C0595,2026-10-09,C,0.00595,0.000342000,3,0
2026-09-01,JPU,OPT,JPUV6 C0600,2026-10-09,C,0.006,0.000293000,3,
2026-09-01,JPU,OPT,JPUV6 C0605,2026-10-09,C,0.00605,0.000244000,3,
2026-09-01,JPU,OPT,JPUV6 C0610,2026-10-09,C,0.0061,0.000196000,3,
2026-09-01,JPU,OPT,JPUV6 C0615,2026-10-09,C,0.00615,0.000150000,3,16
2026-09-01,JPU,OPT,JPUV6 C0620,2026-10-09,C,0.0062,0.000111000,3,3099
2026-09-01,JPU,OPT,JPUV6 C0625,2026-10-09,C,0.00625,0.000078000,3,206
2026-09-01,JPU,OPT,JPUV6 C0630,2026-10-09,C,0.0063,0.000054000,3,1590
2026-09-01,JPU,OPT,JPUV6 C0635,2026-10-09,C,0.00635,0.000037000,3,369
2026-09-01,JPU,OPT,JPUV6 C0640,2026-10-09,C,0.0064,0.000026000,3,1629
2026-09-01,JPU,OPT,JPUV6 C0645,2026-10-09,C,0.00645,0.000019000,3,982
2026-09-01,JPU,OPT,JPUV6 C0650,2026-10-09,C,0.0065,0.000013000,3,2159
2026-09-01,JPU,OPT,JPUV6 C0655,2026-10-09,C,0.00655,0.000010000,3,941
2026-09-01,JPU,OPT,JPUV6 C0660,2026-10-09,C,0.0066,0.000007000,3,353
2026-09-01,JPU,OPT,JPUV6 C0665,2026-10-09,C,0.00665,0.000005000,3,1277
2026-09-01,JPU,OPT,JPUV6 C0670,2026-10-09,C,0.0067,0.000003500,3,380
2026-09-01,JPU,OPT,JPUV6 C0675,2026-10-09,C,0.00675,0.000003000,3,80
2026-09-01,JPU,OPT,JPUV6 C0680,2026-10-09,C,0.0068,0.000002500,3,262
2026-09-01,JPU,OPT,JPUV6 C0685,2026-10-09,C,0.00685,0.000002000,3,136
2026-09-01,JPU,OPT,JPUV6 C0690,2026-10-09,C,0.0069,0.000001500,3,232
2026-09-01,JPU,OPT,JPUV6 C0695,2026-10-09,C,0.00695,0.000001000,3,60
2026-09-01,JPU,OPT,JPUV6 C0700,2026-10-09,C,0.007,0.000000500,3,133
2026-09-01,JPU,OPT,JPUV6 C0705,2026-10-09,C,0.00705,0.000000500,3,2
2026-09-01,JPU,OPT,JPUV6 C0710,2026-10-09,C,0.0071,0.000000500,3,12
2026-09-01,JPU,OPT,JPUV6 C0715,2026-10-09,C,0.00715,0.000000500,3,
2026-09-01,JPU,OPT,JPUV6 C0720,2026-10-09,C,0.0072,0.000000500,3,55
2026-09-01,JPU,OPT,JPUV6 C0725,2026-10-09,C,0.00725,0.000000500,3,10
2026-09-01,JPU,OPT,JPUV6 C0730,2026-10-09,C,0.0073,0.000000500,3,
2026-09-01,JPU,OPT,JPUV6 C0735,2026-10-09,C,0.00735,0.000000500,3,
2026-09-01,JPU,OPT,JPUV6 C0740,2026-10-09,C,0.0074,0.000000500,3,15
2026-09-01,JPU,OPT,JPUV6 C0745,2026-10-09,C,0.00745,0.000000500,3,16
2026-09-01,JPU,OPT,JPUV6 C0750,2026-10-09,C,0.0075,0.000000500,3,14
2026-09-01,JPU,OPT,JPUV6 C0760,2026-10-09,C,0.0076,0.000000500,3,52
2026-09-01,JPU,OPT,JPUV6 C0770,2026-10-09,C,0.0077,0.000000500,3,
2026-09-01,JPU,OPT,JPUV6 C0780,2026-10-09,C,0.0078,0.000000500,3,
2026-09-01,JPU,OPT,JPUV6 C0790,2026-10-09,C,0.0079,0.000000500,3,
2026-09-01,JPU,OPT,JPUV6 C0800,2026-10-09,C,0.008,0.000000500,3,3
2026-09-01,JPU,OPT,JPUV6 C0810,2026-10-09,C,0.0081,0.000000500,3,
2026-09-01,JPU,OPT,JPUV6 C0820,2026-10-09,C,0.0082,0.000000500,3,
2026-09-01,JPU,OPT,JPUV6 C0830,2026-10-09,C,0.0083,0.000000500,3,53
2026-09-01,JPU,OPT,JPUV6 C0840,2026-10-09,C,0.0084,0.000000500,3,
2026-09-01,JPU,OPT,JPUV6 C0850,2026-10-09,C,0.0085,0.000000500,3,2
2026-09-01,JPU,OPT,JPUV6 P0470,2026-10-09,P,0.0047,0.000000500,3,1
2026-09-01,JPU,OPT,JPUV6 P0480,2026-10-09,P,0.0048,0.000000500,3,
2026-09-01,JPU,OPT,JPUV6 P0490,2026-10-09,P,0.0049,0.000000500,3,1
2026-09-01,JPU,OPT,JPUV6 P0500,2026-10-09,P,0.005,0.000000500,3,
2026-09-01,JPU,OPT,JPUV6 P0510,2026-10-09,P,0.0051,0.000000500,3,
2026-09-01,JPU,OPT,JPUV6 P0520,2026-10-09,P,0.0052,0.000000500,3,
2026-09-01,JPU,OPT,JPUV6 P0530,2026-10-09,P,0.0053,0.000000500,3,
2026-09-01,JPU,OPT,JPUV6 P0540,2026-10-09,P,0.0054,0.000000500,3,
2026-09-01,JPU,OPT,JPUV6 P0550,2026-10-09,P,0.0055,0.000000500,3,3
2026-09-01,JPU,OPT,JPUV6 P0560,2026-10-09,P,0.0056,0.000000500,3,17
2026-09-01,JPU,OPT,JPUV6 P0565,2026-10-09,P,0.00565,0.000000500,3,
2026-09-01,JPU,OPT,JPUV6 P0570,2026-10-09,P,0.0057,0.000000500,3,1
2026-09-01,JPU,OPT,JPUV6 P0575,2026-10-09,P,0.00575,0.000000500,3,2
2026-09-01,JPU,OPT,JPUV6 P0580,2026-10-09,P,0.0058,0.000000500,3,53
2026-09-01,JPU,OPT,JPUV6 P0585,2026-10-09,P,0.00585,0.000000500,3,174
2026-09-01,JPU,OPT,JPUV6 P0590,2026-10-09,P,0.0059,0.000000500,3,111
2026-09-01,JPU,OPT,JPUV6 P0595,2026-10-09,P,0.00595,0.000000500,3,39
2026-09-01,JPU,OPT,JPUV6 P0600,2026-10-09,P,0.006,0.000001500,3,184
2026-09-01,JPU,OPT,JPUV6 P0605,2026-10-09,P,0.00605,0.000002000,3,259
2026-09-01,JPU,OPT,JPUV6 P0610,2026-10-09,P,0.0061,0.000003500,3,3369
2026-09-01,JPU,OPT,JPUV6 P0615,2026-10-09,P,0.00615,0.000008000,3,1480
2026-09-01,JPU,OPT,JPUV6 P0620,2026-10-09,P,0.0062,0.000018000,3,2461
2026-09-01,JPU,OPT,JPUV6 P0625,2026-10-09,P,0.00625,0.000035000,3,1508
2026-09-01,JPU,OPT,JPUV6 P0630,2026-10-09,P,0.0063,0.000061000,3,3113
2026-09-01,JPU,OPT,JPUV6 P0635,2026-10-09,P,0.00635,0.000094000,3,707
2026-09-01,JPU,OPT,JPUV6 P0640,2026-10-09,P,0.0064,0.000133000,3,1956
2026-09-01,JPU,OPT,JPUV6 P0645,2026-10-09,P,0.00645,0.000175000,3,742
2026-09-01,JPU,OPT,JPUV6 P0650,2026-10-09,P,0.0065,0.000220000,3,32
2026-09-01,JPU,OPT,JPUV6 P0655,2026-10-09,P,0.00655,0.000266000,3,1602
2026-09-01,JPU,OPT,JPUV6 P0660,2026-10-09,P,0.0066,0.000312000,3,52
2026-09-01,JPU,OPT,JPUV6 P0665,2026-10-09,P,0.00665,0.000360000,3,1
2026-09-01,JPU,OPT,JPUV6 P0670,2026-10-09,P,0.0067,0.000409000,3,
2026-09-01,JPU,OPT,JPUV6 P0675,2026-10-09,P,0.00675,0.000458000,3,9
2026-09-01,JPU,OPT,JPUV6 P0680,2026-10-09,P,0.0068,0.000507000,3,83
2026-09-01,JPU,OPT,JPUV6 P0685,2026-10-09,P,0.00685,0.000557000,3,
2026-09-01,JPU,OPT,JPUV6 P0690,2026-10-09,P,0.0069,0.000606000,3,1
2026-09-01,JPU,OPT,JPUV6 P0695,2026-10-09,P,0.00695,0.000655000,3,
2026-09-01,JPU,OPT,JPUV6 P0700,2026-10-09,P,0.007,0.000705000,3,1
2026-09-01,JPU,OPT,JPUV6 P0705,2026-10-09,P,0.00705,0.000755000,3,1
2026-09-01,JPU,OPT,JPUV6 P0710,2026-10-09,P,0.0071,0.000804000,3,
2026-09-01,JPU,OPT,JPUV6 P0715,2026-10-09,P,0.00715,0.000854000,3,
2026-09-01,JPU,OPT,JPUV6 P0720,2026-10-09,P,0.0072,0.000904000,3,
2026-09-01,JPU,OPT,JPUV6 P0725,2026-10-09,P,0.00725,0.000954000,3,
2026-09-01,JPU,OPT,JPUV6 P0730,2026-10-09,P,0.0073,0.001003000,3,
2026-09-01,JPU,OPT,JPUV6 P0735,2026-10-09,P,0.00735,0.001053000,3,
2026-09-01,JPU,OPT,JPUV6 P0740,2026-10-09,P,0.0074,0.001103000,3,
2026-09-01,JPU,OPT,JPUV6 P0745,2026-10-09,P,0.00745,0.001153000,3,
2026-09-01,JPU,OPT,JPUV6 P0750,2026-10-09,P,0.0075,0.001202000,3,
2026-09-01,JPU,OPT,JPUV6 P0760,2026-10-09,P,0.0076,0.001302000,3,
2026-09-01,JPU,OPT,JPUV6 P0770,2026-10-09,P,0.0077,0.001402000,3,
2026-09-01,JPU,OPT,JPUV6 P0780,2026-10-09,P,0.0078,0.001501000,3,
2026-09-01,JPU,OPT,JPUV6 P0790,2026-10-09,P,0.0079,0.001601000,3,
2026-09-01,JPU,OPT,JPUV6 P0800,2026-10-09,P,0.008,0.001700000,3,
2026-09-01,JPU,OPT,JPUV6 P0810,2026-10-09,P,0.0081,0.001800000,3,
2026-09-01,JPU,OPT,JPUV6 P0820,2026-10-09,P,0.0082,0.001900000,3,
2026-09-01,JPU,OPT,JPUV6 P0830,2026-10-09,P,0.0083,0.001999000,3,
2026-09-01,JPU,OPT,JPUV6 P0840,2026-10-09,P,0.0084,0.002099000,3,
2026-09-01,JPU,OPT,JPUV6 P0850,2026-10-09,P,0.0085,0.002199000,3,
2026-09-01,JPU,OPT,JPUX6 C0470,2026-11-06,C,0.0047,0.001582000,3,
2026-09-01,JPU,OPT,JPUX6 C0480,2026-11-06,C,0.0048,0.001483000,3,
2026-09-01,JPU,OPT,JPUX6 C0490,2026-11-06,C,0.0049,0.001384000,3,
2026-09-01,JPU,OPT,JPUX6 C0500,2026-11-06,C,0.005,0.001284000,3,
2026-09-01,JPU,OPT,JPUX6 C0510,2026-11-06,C,0.0051,0.001185000,3,
2026-09-01,JPU,OPT,JPUX6 C0520,2026-11-06,C,0.0052,0.001086000,3,
2026-09-01,JPU,OPT,JPUX6 C0530,2026-11-06,C,0.0053,0.000986000,3,
2026-09-01,JPU,OPT,JPUX6 C0540,2026-11-06,C,0.0054,0.000887000,3,
2026-09-01,JPU,OPT,JPUX6 C0550,2026-11-06,C,0.0055,0.000788000,3,
2026-09-01,JPU,OPT,JPUX6 C0560,2026-11-06,C,0.0056,0.000689000,3,
2026-09-01,JPU,OPT,JPUX6 C0565,2026-11-06,C,0.00565,0.000639000,3,
2026-09-01,JPU,OPT,JPUX6 C0570,2026-11-06,C,0.0057,0.000590000,3,
2026-09-01,JPU,OPT,JPUX6 C0575,2026-11-06,C,0.00575,0.000540000,3,
2026-09-01,JPU,OPT,JPUX6 C0580,2026-11-06,C,0.0058,0.000491000,3,
2026-09-01,JPU,OPT,JPUX6 C0585,2026-11-06,C,0.00585,0.000441000,3,
2026-09-01,JPU,OPT,JPUX6 C0590,2026-11-06,C,0.0059,0.000392000,3,
2026-09-01,JPU,OPT,JPUX6 C0595,2026-11-06,C,0.00595,0.000343000,3,
2026-09-01,JPU,OPT,JPUX6 C0600,2026-11-06,C,0.006,0.000295000,3,
2026-09-01,JPU,OPT,JPUX6 C0605,2026-11-06,C,0.00605,0.000249000,3,
2026-09-01,JPU,OPT,JPUX6 C0610,2026-11-06,C,0.0061,0.000205000,3,
2026-09-01,JPU,OPT,JPUX6 C0615,2026-11-06,C,0.00615,0.000165000,3,1
2026-09-01,JPU,OPT,JPUX6 C0620,2026-11-06,C,0.0062,0.000129000,3,477
2026-09-01,JPU,OPT,JPUX6 C0625,2026-11-06,C,0.00625,0.000100000,3,27
2026-09-01,JPU,OPT,JPUX6 C0630,2026-11-06,C,0.0063,0.000076000,3,191
2026-09-01,JPU,OPT,JPUX6 C0635,2026-11-06,C,0.00635,0.000058000,3,2207
2026-09-01,JPU,OPT,JPUX6 C0640,2026-11-06,C,0.0064,0.000044000,3,2166
2026-09-01,JPU,OPT,JPUX6 C0645,2026-11-06,C,0.00645,0.000034000,3,750
2026-09-01,JPU,OPT,JPUX6 C0650,2026-11-06,C,0.0065,0.000027000,3,134
2026-09-01,JPU,OPT,JPUX6 C0655,2026-11-06,C,0.00655,0.000021000,3,95
2026-09-01,JPU,OPT,JPUX6 C0660,2026-11-06,C,0.0066,0.000016000,3,143
2026-09-01,JPU,OPT,JPUX6 C0665,2026-11-06,C,0.00665,0.000013000,3,269
2026-09-01,JPU,OPT,JPUX6 C0670,2026-11-06,C,0.0067,0.000010000,3,908
2026-09-01,JPU,OPT,JPUX6 C0675,2026-11-06,C,0.00675,0.000008000,3,3
2026-09-01,JPU,OPT,JPUX6 C0680,2026-11-06,C,0.0068,0.000006000,3,47
2026-09-01,JPU,OPT,JPUX6 C0685,2026-11-06,C,0.00685,0.000005000,3,10
2026-09-01,JPU,OPT,JPUX6 C0690,2026-11-06,C,0.0069,0.000004000,3,7
2026-09-01,JPU,OPT,JPUX6 C0695,2026-11-06,C,0.00695,0.000003500,3,7
2026-09-01,JPU,OPT,JPUX6 C0700,2026-11-06,C,0.007,0.000003000,3,163
2026-09-01,JPU,OPT,JPUX6 C0705,2026-11-06,C,0.00705,0.000002500,3,
2026-09-01,JPU,OPT,JPUX6 C0710,2026-11-06,C,0.0071,0.000002000,3,4
2026-09-01,JPU,OPT,JPUX6 C0715,2026-11-06,C,0.00715,0.000001500,3,26
2026-09-01,JPU,OPT,JPUX6 C0720,2026-11-06,C,0.0072,0.000001500,3,12
2026-09-01,JPU,OPT,JPUX6 C0725,2026-11-06,C,0.00725,0.000001000,3,18
2026-09-01,JPU,OPT,JPUX6 C0730,2026-11-06,C,0.0073,0.000001000,3,21
2026-09-01,JPU,OPT,JPUX6 C0740,2026-11-06,C,0.0074,0.000000500,3,
2026-09-01,JPU,OPT,JPUX6 C0750,2026-11-06,C,0.0075,0.000000500,3,
2026-09-01,JPU,OPT,JPUX6 C0760,2026-11-06,C,0.0076,0.000000500,3,
2026-09-01,JPU,OPT,JPUX6 C0770,2026-11-06,C,0.0077,0.000000500,3,
2026-09-01,JPU,OPT,JPUX6 C0780,2026-11-06,C,0.0078,0.000000500,3,
2026-09-01,JPU,OPT,JPUX6 C0790,2026-11-06,C,0.0079,0.000000500,3,
2026-09-01,JPU,OPT,JPUX6 C0800,2026-11-06,C,0.008,0.000000500,3,45
2026-09-01,JPU,OPT,JPUX6 C0810,2026-11-06,C,0.0081,0.000000500,3,
2026-09-01,JPU,OPT,JPUX6 C0820,2026-11-06,C,0.0082,0.000000500,3,
2026-09-01,JPU,OPT,JPUX6 P0470,2026-11-06,P,0.0047,0.000000500,3,
2026-09-01,JPU,OPT,JPUX6 P0480,2026-11-06,P,0.0048,0.000000500,3,
2026-09-01,JPU,OPT,JPUX6 P0490,2026-11-06,P,0.0049,0.000000500,3,
2026-09-01,JPU,OPT,JPUX6 P0500,2026-11-06,P,0.005,0.000000500,3,200
2026-09-01,JPU,OPT,JPUX6 P0510,2026-11-06,P,0.0051,0.000000500,3,10
2026-09-01,JPU,OPT,JPUX6 P0520,2026-11-06,P,0.0052,0.000000500,3,
2026-09-01,JPU,OPT,JPUX6 P0530,2026-11-06,P,0.0053,0.000000500,3,
2026-09-01,JPU,OPT,JPUX6 P0540,2026-11-06,P,0.0054,0.000000500,3,
2026-09-01,JPU,OPT,JPUX6 P0550,2026-11-06,P,0.0055,0.000000500,3,
2026-09-01,JPU,OPT,JPUX6 P0560,2026-11-06,P,0.0056,0.000000500,3,2
2026-09-01,JPU,OPT,JPUX6 P0565,2026-11-06,P,0.00565,0.000000500,3,
2026-09-01,JPU,OPT,JPUX6 P0570,2026-11-06,P,0.0057,0.000000500,3,2
2026-09-01,JPU,OPT,JPUX6 P0575,2026-11-06,P,0.00575,0.000001000,3,1
2026-09-01,JPU,OPT,JPUX6 P0580,2026-11-06,P,0.0058,0.000001000,3,12
2026-09-01,JPU,OPT,JPUX6 P0585,2026-11-06,P,0.00585,0.000001500,3,2
2026-09-01,JPU,OPT,JPUX6 P0590,2026-11-06,P,0.0059,0.000002000,3,38
2026-09-01,JPU,OPT,JPUX6 P0595,2026-11-06,P,0.00595,0.000002500,3,6
2026-09-01,JPU,OPT,JPUX6 P0600,2026-11-06,P,0.006,0.000004500,3,1053
2026-09-01,JPU,OPT,JPUX6 P0605,2026-11-06,P,0.00605,0.000008000,3,201
2026-09-01,JPU,OPT,JPUX6 P0610,2026-11-06,P,0.0061,0.000013000,3,144
2026-09-01,JPU,OPT,JPUX6 P0615,2026-11-06,P,0.00615,0.000023000,3,401
2026-09-01,JPU,OPT,JPUX6 P0620,2026-11-06,P,0.0062,0.000037000,3,1190
2026-09-01,JPU,OPT,JPUX6 P0625,2026-11-06,P,0.00625,0.000057000,3,962
2026-09-01,JPU,OPT,JPUX6 P0630,2026-11-06,P,0.0063,0.000083000,3,1853
2026-09-01,JPU,OPT,JPUX6 P0635,2026-11-06,P,0.00635,0.000115000,3,60
2026-09-01,JPU,OPT,JPUX6 P0640,2026-11-06,P,0.0064,0.000151000,3,1
2026-09-01,JPU,OPT,JPUX6 P0645,2026-11-06,P,0.00645,0.000190000,3,46
2026-09-01,JPU,OPT,JPUX6 P0650,2026-11-06,P,0.0065,0.000232000,3,
2026-09-01,JPU,OPT,JPUX6 P0655,2026-11-06,P,0.00655,0.000276000,3,
2026-09-01,JPU,OPT,JPUX6 P0660,2026-11-06,P,0.0066,0.000321000,3,
2026-09-01,JPU,OPT,JPUX6 P0665,2026-11-06,P,0.00665,0.000367000,3,
2026-09-01,JPU,OPT,JPUX6 P0670,2026-11-06,P,0.0067,0.000414000,3,
2026-09-01,JPU,OPT,JPUX6 P0675,2026-11-06,P,0.00675,0.000462000,3,
2026-09-01,JPU,OPT,JPUX6 P0680,2026-11-06,P,0.0068,0.000510000,3,2
2026-09-01,JPU,OPT,JPUX6 P0685,2026-11-06,P,0.00685,0.000558000,3,
2026-09-01,JPU,OPT,JPUX6 P0690,2026-11-06,P,0.0069,0.000607000,3,1
2026-09-01,JPU,OPT,JPUX6 P0695,2026-11-06,P,0.00695,0.000656000,3,
2026-09-01,JPU,OPT,JPUX6 P0700,2026-11-06,P,0.007,0.000705000,3,12
2026-09-01,JPU,OPT,JPUX6 P0705,2026-11-06,P,0.00705,0.000754000,3,
2026-09-01,JPU,OPT,JPUX6 P0710,2026-11-06,P,0.0071,0.000803000,3,
2026-09-01,JPU,OPT,JPUX6 P0715,2026-11-06,P,0.00715,0.000853000,3,
2026-09-01,JPU,OPT,JPUX6 P0720,2026-11-06,P,0.0072,0.000902000,3,
2026-09-01,JPU,OPT,JPUX6 P0725,2026-11-06,P,0.00725,0.000952000,3,
2026-09-01,JPU,OPT,JPUX6 P0730,2026-11-06,P,0.0073,0.001001000,3,
2026-09-01,JPU,OPT,JPUX6 P0740,2026-11-06,P,0.0074,0.001100000,3,
2026-09-01,JPU,OPT,JPUX6 P0750,2026-11-06,P,0.0075,0.001199000,3,
2026-09-01,JPU,OPT,JPUX6 P0760,2026-11-06,P,0.0076,0.001298000,3,
2026-09-01,JPU,OPT,JPUX6 P0770,2026-11-06,P,0.0077,0.001397000,3,
2026-09-01,JPU,OPT,JPUX6 P0780,2026-11-06,P,0.0078,0.001497000,3,
2026-09-01,JPU,OPT,JPUX6 P0790,2026-11-06,P,0.0079,0.001596000,3,
2026-09-01,JPU,OPT,JPUX6 P0800,2026-11-06,P,0.008,0.001695000,3,
2026-09-01,JPU,OPT,JPUX6 P0810,2026-11-06,P,0.0081,0.001795000,3,
2026-09-01,JPU,OPT,JPUX6 P0820,2026-11-06,P,0.0082,0.001894000,3,
2026-09-01,JPU,OPT,JPUZ6 C0470,2026-12-04,C,0.0047,0.001578000,3,
2026-09-01,JPU,OPT,JPUZ6 C0480,2026-12-04,C,0.0048,0.001478000,3,
2026-09-01,JPU,OPT,JPUZ6 C0490,2026-12-04,C,0.0049,0.001379000,3,
2026-09-01,JPU,OPT,JPUZ6 C0500,2026-12-04,C,0.005,0.001280000,3,
2026-09-01,JPU,OPT,JPUZ6 C0510,2026-12-04,C,0.0051,0.001182000,3,
2026-09-01,JPU,OPT,JPUZ6 C0520,2026-12-04,C,0.0052,0.001083000,3,
2026-09-01,JPU,OPT,JPUZ6 C0530,2026-12-04,C,0.0053,0.000984000,3,
2026-09-01,JPU,OPT,JPUZ6 C0540,2026-12-04,C,0.0054,0.000885000,3,
2026-09-01,JPU,OPT,JPUZ6 C0550,2026-12-04,C,0.0055,0.000786000,3,
2026-09-01,JPU,OPT,JPUZ6 C0560,2026-12-04,C,0.0056,0.000687000,3,
2026-09-01,JPU,OPT,JPUZ6 C0565,2026-12-04,C,0.00565,0.000638000,3,
2026-09-01,JPU,OPT,JPUZ6 C0570,2026-12-04,C,0.0057,0.000589000,3,
2026-09-01,JPU,OPT,JPUZ6 C0575,2026-12-04,C,0.00575,0.000539000,3,
2026-09-01,JPU,OPT,JPUZ6 C0580,2026-12-04,C,0.0058,0.000490000,3,
2026-09-01,JPU,OPT,JPUZ6 C0585,2026-12-04,C,0.00585,0.000442000,3,
2026-09-01,JPU,OPT,JPUZ6 C0590,2026-12-04,C,0.0059,0.000393000,3,
2026-09-01,JPU,OPT,JPUZ6 C0595,2026-12-04,C,0.00595,0.000346000,3,
2026-09-01,JPU,OPT,JPUZ6 C0600,2026-12-04,C,0.006,0.000300000,3,
2026-09-01,JPU,OPT,JPUZ6 C0605,2026-12-04,C,0.00605,0.000256000,3,21
2026-09-01,JPU,OPT,JPUZ6 C0610,2026-12-04,C,0.0061,0.000215000,3,11
2026-09-01,JPU,OPT,JPUZ6 C0615,2026-12-04,C,0.00615,0.000178000,3,4
2026-09-01,JPU,OPT,JPUZ6 C0620,2026-12-04,C,0.0062,0.000144000,3,36
2026-09-01,JPU,OPT,JPUZ6 C0625,2026-12-04,C,0.00625,0.000116000,3,33
2026-09-01,JPU,OPT,JPUZ6 C0630,2026-12-04,C,0.0063,0.000092000,3,243
2026-09-01,JPU,OPT,JPUZ6 C0635,2026-12-04,C,0.00635,0.000073000,3,325
2026-09-01,JPU,OPT,JPUZ6 C0640,2026-12-04,C,0.0064,0.000059000,3,854
2026-09-01,JPU,OPT,JPUZ6 C0645,2026-12-04,C,0.00645,0.000047000,3,546
2026-09-01,JPU,OPT,JPUZ6 C0650,2026-12-04,C,0.0065,0.000038000,3,2380
2026-09-01,JPU,OPT,JPUZ6 C0655,2026-12-04,C,0.00655,0.000030000,3,76
2026-09-01,JPU,OPT,JPUZ6 C0660,2026-12-04,C,0.0066,0.000025000,3,367
2026-09-01,JPU,OPT,JPUZ6 C0665,2026-12-04,C,0.00665,0.000020000,3,366
2026-09-01,JPU,OPT,JPUZ6 C0670,2026-12-04,C,0.0067,0.000016000,3,1639
2026-09-01,JPU,OPT,JPUZ6 C0675,2026-12-04,C,0.00675,0.000013000,3,69
2026-09-01,JPU,OPT,JPUZ6 C0680,2026-12-04,C,0.0068,0.000011000,3,825
2026-09-01,JPU,OPT,JPUZ6 C0685,2026-12-04,C,0.00685,0.000009000,3,529
2026-09-01,JPU,OPT,JPUZ6 C0690,2026-12-04,C,0.0069,0.000007000,3,3139
2026-09-01,JPU,OPT,JPUZ6 C0695,2026-12-04,C,0.00695,0.000006000,3,58
2026-09-01,JPU,OPT,JPUZ6 C0700,2026-12-04,C,0.007,0.000005000,3,1528
2026-09-01,JPU,OPT,JPUZ6 C0705,2026-12-04,C,0.00705,0.000004500,3,49
2026-09-01,JPU,OPT,JPUZ6 C0710,2026-12-04,C,0.0071,0.000004000,3,361
2026-09-01,JPU,OPT,JPUZ6 C0715,2026-12-04,C,0.00715,0.000003000,3,65
2026-09-01,JPU,OPT,JPUZ6 C0720,2026-12-04,C,0.0072,0.000003000,3,58
2026-09-01,JPU,OPT,JPUZ6 C0725,2026-12-04,C,0.00725,0.000002500,3,36
2026-09-01,JPU,OPT,JPUZ6 C0730,2026-12-04,C,0.0073,0.000002000,3,4
2026-09-01,JPU,OPT,JPUZ6 C0735,2026-12-04,C,0.00735,0.000002000,3,
2026-09-01,JPU,OPT,JPUZ6 C0740,2026-12-04,C,0.0074,0.000001500,3,18
2026-09-01,JPU,OPT,JPUZ6 C0745,2026-12-04,C,0.00745,0.000001500,3,
2026-09-01,JPU,OPT,JPUZ6 C0750,2026-12-04,C,0.0075,0.000001500,3,22
2026-09-01,JPU,OPT,JPUZ6 C0755,2026-12-04,C,0.00755,0.000001000,3,21
2026-09-01,JPU,OPT,JPUZ6 C0760,2026-12-04,C,0.0076,0.000001000,3,10
2026-09-01,JPU,OPT,JPUZ6 C0765,2026-12-04,C,0.00765,0.000001000,3,
2026-09-01,JPU,OPT,JPUZ6 C0770,2026-12-04,C,0.0077,0.000001000,3,66
2026-09-01,JPU,OPT,JPUZ6 C0775,2026-12-04,C,0.00775,0.000000500,3,
2026-09-01,JPU,OPT,JPUZ6 C0780,2026-12-04,C,0.0078,0.000000500,3,20
2026-09-01,JPU,OPT,JPUZ6 C0785,2026-12-04,C,0.00785,0.000000500,3,
2026-09-01,JPU,OPT,JPUZ6 C0790,2026-12-04,C,0.0079,0.000000500,3,380
2026-09-01,JPU,OPT,JPUZ6 C0795,2026-12-04,C,0.00795,0.000000500,3,
2026-09-01,JPU,OPT,JPUZ6 C0800,2026-12-04,C,0.008,0.000000500,3,6048
2026-09-01,JPU,OPT,JPUZ6 C0810,2026-12-04,C,0.0081,0.000000500,3,100
2026-09-01,JPU,OPT,JPUZ6 C0820,2026-12-04,C,0.0082,0.000000500,3,
2026-09-01,JPU,OPT,JPUZ6 C0830,2026-12-04,C,0.0083,0.000000500,3,11
2026-09-01,JPU,OPT,JPUZ6 C0840,2026-12-04,C,0.0084,0.000000500,3,10
2026-09-01,JPU,OPT,JPUZ6 C0850,2026-12-04,C,0.0085,0.000000500,3,50
2026-09-01,JPU,OPT,JPUZ6 C0860,2026-12-04,C,0.0086,0.000000500,3,
2026-09-01,JPU,OPT,JPUZ6 C0870,2026-12-04,C,0.0087,0.000000500,3,10
2026-09-01,JPU,OPT,JPUZ6 C0880,2026-12-04,C,0.0088,0.000000500,3,
2026-09-01,JPU,OPT,JPUZ6 C0890,2026-12-04,C,0.0089,0.000000500,3,
2026-09-01,JPU,OPT,JPUZ6 C0900,2026-12-04,C,0.009,0.000000500,3,10
2026-09-01,JPU,OPT,JPUZ6 P0470,2026-12-04,P,0.0047,0.000000500,3,1
2026-09-01,JPU,OPT,JPUZ6 P0480,2026-12-04,P,0.0048,0.000000500,3,100
2026-09-01,JPU,OPT,JPUZ6 P0490,2026-12-04,P,0.0049,0.000000500,3,
2026-09-01,JPU,OPT,JPUZ6 P0500,2026-12-04,P,0.005,0.000000500,3,26
2026-09-01,JPU,OPT,JPUZ6 P0510,2026-12-04,P,0.0051,0.000000500,3,
2026-09-01,JPU,OPT,JPUZ6 P0520,2026-12-04,P,0.0052,0.000001000,3,
2026-09-01,JPU,OPT,JPUZ6 P0530,2026-12-04,P,0.0053,0.000001000,3,
2026-09-01,JPU,OPT,JPUZ6 P0540,2026-12-04,P,0.0054,0.000001000,3,
2026-09-01,JPU,OPT,JPUZ6 P0550,2026-12-04,P,0.0055,0.000001000,3,32
2026-09-01,JPU,OPT,JPUZ6 P0560,2026-12-04,P,0.0056,0.000001000,3,99
2026-09-01,JPU,OPT,JPUZ6 P0565,2026-12-04,P,0.00565,0.000001500,3,
2026-09-01,JPU,OPT,JPUZ6 P0570,2026-12-04,P,0.0057,0.000001500,3,3913
2026-09-01,JPU,OPT,JPUZ6 P0575,2026-12-04,P,0.00575,0.000002000,3,6
2026-09-01,JPU,OPT,JPUZ6 P0580,2026-12-04,P,0.0058,0.000002000,3,975
2026-09-01,JPU,OPT,JPUZ6 P0585,2026-12-04,P,0.00585,0.000003000,3,1616
2026-09-01,JPU,OPT,JPUZ6 P0590,2026-12-04,P,0.0059,0.000004000,3,157
2026-09-01,JPU,OPT,JPUZ6 P0595,2026-12-04,P,0.00595,0.000006000,3,43
2026-09-01,JPU,OPT,JPUZ6 P0600,2026-12-04,P,0.006,0.000010000,3,1798
2026-09-01,JPU,OPT,JPUZ6 P0605,2026-12-04,P,0.00605,0.000015000,3,100
2026-09-01,JPU,OPT,JPUZ6 P0610,2026-12-04,P,0.0061,0.000024000,3,1914
2026-09-01,JPU,OPT,JPUZ6 P0615,2026-12-04,P,0.00615,0.000036000,3,1133
2026-09-01,JPU,OPT,JPUZ6 P0620,2026-12-04,P,0.0062,0.000052000,3,1408
2026-09-01,JPU,OPT,JPUZ6 P0625,2026-12-04,P,0.00625,0.000073000,3,56
2026-09-01,JPU,OPT,JPUZ6 P0630,2026-12-04,P,0.0063,0.000099000,3,1405
2026-09-01,JPU,OPT,JPUZ6 P0635,2026-12-04,P,0.00635,0.000130000,3,649
2026-09-01,JPU,OPT,JPUZ6 P0640,2026-12-04,P,0.0064,0.000165000,3,110
2026-09-01,JPU,OPT,JPUZ6 P0645,2026-12-04,P,0.00645,0.000203000,3,5
2026-09-01,JPU,OPT,JPUZ6 P0650,2026-12-04,P,0.0065,0.000243000,3,803
2026-09-01,JPU,OPT,JPUZ6 P0655,2026-12-04,P,0.00655,0.000285000,3,1
2026-09-01,JPU,OPT,JPUZ6 P0660,2026-12-04,P,0.0066,0.000329000,3,1
2026-09-01,JPU,OPT,JPUZ6 P0665,2026-12-04,P,0.00665,0.000373000,3,
2026-09-01,JPU,OPT,JPUZ6 P0670,2026-12-04,P,0.0067,0.000419000,3,
2026-09-01,JPU,OPT,JPUZ6 P0675,2026-12-04,P,0.00675,0.000466000,3,26
2026-09-01,JPU,OPT,JPUZ6 P0680,2026-12-04,P,0.0068,0.000513000,3,
2026-09-01,JPU,OPT,JPUZ6 P0685,2026-12-04,P,0.00685,0.000561000,3,3
2026-09-01,JPU,OPT,JPUZ6 P0690,2026-12-04,P,0.0069,0.000609000,3,3
2026-09-01,JPU,OPT,JPUZ6 P0695,2026-12-04,P,0.00695,0.000657000,3,
2026-09-01,JPU,OPT,JPUZ6 P0700,2026-12-04,P,0.007,0.000705000,3,2
2026-09-01,JPU,OPT,JPUZ6 P0705,2026-12-04,P,0.00705,0.000754000,3,
2026-09-01,JPU,OPT,JPUZ6 P0710,2026-12-04,P,0.0071,0.000803000,3,
2026-09-01,JPU,OPT,JPUZ6 P0715,2026-12-04,P,0.00715,0.000852000,3,
2026-09-01,JPU,OPT,JPUZ6 P0720,2026-12-04,P,0.0072,0.000901000,3,
2026-09-01,JPU,OPT,JPUZ6 P0725,2026-12-04,P,0.00725,0.000950000,3,
2026-09-01,JPU,OPT,JPUZ6 P0730,2026-12-04,P,0.0073,0.000999000,3,
2026-09-01,JPU,OPT,JPUZ6 P0735,2026-12-04,P,0.00735,0.001049000,3,
2026-09-01,JPU,OPT,JPUZ6 P0740,2026-12-04,P,0.0074,0.001098000,3,
2026-09-01,JPU,OPT,JPUZ6 P0745,2026-12-04,P,0.00745,0.001147000,3,
2026-09-01,JPU,OPT,JPUZ6 P0750,2026-12-04,P,0.0075,0.001196000,3,
2026-09-01,JPU,OPT,JPUZ6 P0755,2026-12-04,P,0.00755,0.001246000,3,
2026-09-01,JPU,OPT,JPUZ6 P0760,2026-12-04,P,0.0076,0.001295000,3,
2026-09-01,JPU,OPT,JPUZ6 P0765,2026-12-04,P,0.00765,0.001345000,3,
2026-09-01,JPU,OPT,JPUZ6 P0770,2026-12-04,P,0.0077,0.001394000,3,
2026-09-01,JPU,OPT,JPUZ6 P0775,2026-12-04,P,0.00775,0.001443000,3,
2026-09-01,JPU,OPT,JPUZ6 P0780,2026-12-04,P,0.0078,0.001493000,3,
2026-09-01,JPU,OPT,JPUZ6 P0785,2026-12-04,P,0.00785,0.001542000,3,
2026-09-01,JPU,OPT,JPUZ6 P0790,2026-12-04,P,0.0079,0.001592000,3,
2026-09-01,JPU,OPT,JPUZ6 P0795,2026-12-04,P,0.00795,0.001641000,3,
2026-09-01,JPU,OPT,JPUZ6 P0800,2026-12-04,P,0.008,0.001691000,3,
2026-09-01,JPU,OPT,JPUZ6 P0810,2026-12-04,P,0.0081,0.001790000,3,
2026-09-01,JPU,OPT,JPUZ6 P0820,2026-12-04,P,0.0082,0.001888000,3,
2026-09-01,JPU,OPT,JPUZ6 P0830,2026-12-04,P,0.0083,0.001987000,3,
2026-09-01,JPU,OPT,JPUZ6 P0840,2026-12-04,P,0.0084,0.002087000,3,
2026-09-01,JPU,OPT,JPUZ6 P0850,2026-12-04,P,0.0085,0.002186000,3,
2026-09-01,JPU,OPT,JPUZ6 P0860,2026-12-04,P,0.0086,0.002285000,3,
2026-09-01,JPU,OPT,JPUZ6 P0870,2026-12-04,P,0.0087,0.002384000,3,
2026-09-01,JPU,OPT,JPUZ6 P0880,2026-12-04,P,0.0088,0.002483000,3,
2026-09-01,JPU,OPT,JPUZ6 P0890,2026-12-04,P,0.0089,0.002582000,3,
2026-09-01,JPU,OPT,JPUZ6 P0900,2026-12-04,P,0.009,0.002681000,3,
2026-09-01,JPU,OPT,JPUF7 C0470,2027-01-08,C,0.0047,0.001617000,3,
2026-09-01,JPU,OPT,JPUF7 C0480,2027-01-08,C,0.0048,0.001519000,3,
2026-09-01,JPU,OPT,JPUF7 C0490,2027-01-08,C,0.0049,0.001420000,3,
2026-09-01,JPU,OPT,JPUF7 C0500,2027-01-08,C,0.005,0.001321000,3,
2026-09-01,JPU,OPT,JPUF7 C0510,2027-01-08,C,0.0051,0.001223000,3,
2026-09-01,JPU,OPT,JPUF7 C0520,2027-01-08,C,0.0052,0.001124000,3,
2026-09-01,JPU,OPT,JPUF7 C0530,2027-01-08,C,0.0053,0.001026000,3,
2026-09-01,JPU,OPT,JPUF7 C0540,2027-01-08,C,0.0054,0.000927000,3,
2026-09-01,JPU,OPT,JPUF7 C0550,2027-01-08,C,0.0055,0.000829000,3,
2026-09-01,JPU,OPT,JPUF7 C0560,2027-01-08,C,0.0056,0.000731000,3,
2026-09-01,JPU,OPT,JPUF7 C0570,2027-01-08,C,0.0057,0.000633000,3,
2026-09-01,JPU,OPT,JPUF7 C0575,2027-01-08,C,0.00575,0.000584000,3,
2026-09-01,JPU,OPT,JPUF7 C0580,2027-01-08,C,0.0058,0.000536000,3,
2026-09-01,JPU,OPT,JPUF7 C0585,2027-01-08,C,0.00585,0.000488000,3,
2026-09-01,JPU,OPT,JPUF7 C0590,2027-01-08,C,0.0059,0.000441000,3,
2026-09-01,JPU,OPT,JPUF7 C0595,2027-01-08,C,0.00595,0.000394000,3,
2026-09-01,JPU,OPT,JPUF7 C0600,2027-01-08,C,0.006,0.000349000,3,
2026-09-01,JPU,OPT,JPUF7 C0605,2027-01-08,C,0.00605,0.000306000,3,
2026-09-01,JPU,OPT,JPUF7 C0610,2027-01-08,C,0.0061,0.000264000,3,
2026-09-01,JPU,OPT,JPUF7 C0615,2027-01-08,C,0.00615,0.000226000,3,
2026-09-01,JPU,OPT,JPUF7 C0620,2027-01-08,C,0.0062,0.000190000,3,
2026-09-01,JPU,OPT,JPUF7 C0625,2027-01-08,C,0.00625,0.000159000,3,142
2026-09-01,JPU,OPT,JPUF7 C0630,2027-01-08,C,0.0063,0.000131000,3,96
2026-09-01,JPU,OPT,JPUF7 C0635,2027-01-08,C,0.00635,0.000108000,3,16
2026-09-01,JPU,OPT,JPUF7 C0640,2027-01-08,C,0.0064,0.000089000,3,47
2026-09-01,JPU,OPT,JPUF7 C0645,2027-01-08,C,0.00645,0.000073000,3,5
2026-09-01,JPU,OPT,JPUF7 C0650,2027-01-08,C,0.0065,0.000060000,3,574
2026-09-01,JPU,OPT,JPUF7 C0655,2027-01-08,C,0.00655,0.000050000,3,12
2026-09-01,JPU,OPT,JPUF7 C0660,2027-01-08,C,0.0066,0.000042000,3,548
2026-09-01,JPU,OPT,JPUF7 C0665,2027-01-08,C,0.00665,0.000035000,3,1
2026-09-01,JPU,OPT,JPUF7 C0670,2027-01-08,C,0.0067,0.000029000,3,2
2026-09-01,JPU,OPT,JPUF7 C0675,2027-01-08,C,0.00675,0.000024000,3,20
2026-09-01,JPU,OPT,JPUF7 C0680,2027-01-08,C,0.0068,0.000019000,3,222
2026-09-01,JPU,OPT,JPUF7 C0685,2027-01-08,C,0.00685,0.000016000,3,7
2026-09-01,JPU,OPT,JPUF7 C0690,2027-01-08,C,0.0069,0.000013000,3,14
2026-09-01,JPU,OPT,JPUF7 C0695,2027-01-08,C,0.00695,0.000011000,3,80
2026-09-01,JPU,OPT,JPUF7 C0700,2027-01-08,C,0.007,0.000010000,3,106
2026-09-01,JPU,OPT,JPUF7 C0705,2027-01-08,C,0.00705,0.000009000,3,
2026-09-01,JPU,OPT,JPUF7 C0710,2027-01-08,C,0.0071,0.000007000,3,12
2026-09-01,JPU,OPT,JPUF7 C0715,2027-01-08,C,0.00715,0.000007000,3,
2026-09-01,JPU,OPT,JPUF7 C0720,2027-01-08,C,0.0072,0.000006000,3,26
2026-09-01,JPU,OPT,JPUF7 C0725,2027-01-08,C,0.00725,0.000005000,3,1
2026-09-01,JPU,OPT,JPUF7 C0730,2027-01-08,C,0.0073,0.000004500,3,
2026-09-01,JPU,OPT,JPUF7 C0740,2027-01-08,C,0.0074,0.000004000,3,
2026-09-01,JPU,OPT,JPUF7 C0750,2027-01-08,C,0.0075,0.000003000,3,1
2026-09-01,JPU,OPT,JPUF7 C0760,2027-01-08,C,0.0076,0.000002000,3,
2026-09-01,JPU,OPT,JPUF7 C0770,2027-01-08,C,0.0077,0.000001000,3,
2026-09-01,JPU,OPT,JPUF7 C0780,2027-01-08,C,0.0078,0.000001000,3,
2026-09-01,JPU,OPT,JPUF7 C0790,2027-01-08,C,0.0079,0.000000500,3,
2026-09-01,JPU,OPT,JPUF7 C0800,2027-01-08,C,0.008,0.000000500,3,
2026-09-01,JPU,OPT,JPUF7 C0810,2027-01-08,C,0.0081,0.000000500,3,
2026-09-01,JPU,OPT,JPUF7 C0820,2027-01-08,C,0.0082,0.000000500,3,
2026-09-01,JPU,OPT,JPUF7 P0470,2027-01-08,P,0.0047,0.000000500,3,11
2026-09-01,JPU,OPT,JPUF7 P0480,2027-01-08,P,0.0048,0.000000500,3,
2026-09-01,JPU,OPT,JPUF7 P0490,2027-01-08,P,0.0049,0.000000500,3,
2026-09-01,JPU,OPT,JPUF7 P0500,2027-01-08,P,0.005,0.000000500,3,
2026-09-01,JPU,OPT,JPUF7 P0510,2027-01-08,P,0.0051,0.000000500,3,159
2026-09-01,JPU,OPT,JPUF7 P0520,2027-01-08,P,0.0052,0.000000500,3,
2026-09-01,JPU,OPT,JPUF7 P0530,2027-01-08,P,0.0053,0.000000500,3,32
2026-09-01,JPU,OPT,JPUF7 P0540,2027-01-08,P,0.0054,0.000000500,3,
2026-09-01,JPU,OPT,JPUF7 P0550,2027-01-08,P,0.0055,0.000000500,3,10
2026-09-01,JPU,OPT,JPUF7 P0560,2027-01-08,P,0.0056,0.000001000,3,
2026-09-01,JPU,OPT,JPUF7 P0570,2027-01-08,P,0.0057,0.000002000,3,10
2026-09-01,JPU,OPT,JPUF7 P0575,2027-01-08,P,0.00575,0.000002500,3,
2026-09-01,JPU,OPT,JPUF7 P0580,2027-01-08,P,0.0058,0.000004000,3,
2026-09-01,JPU,OPT,JPUF7 P0585,2027-01-08,P,0.00585,0.000005000,3,
2026-09-01,JPU,OPT,JPUF7 P0590,2027-01-08,P,0.0059,0.000007000,3,3
2026-09-01,JPU,OPT,JPUF7 P0595,2027-01-08,P,0.00595,0.000010000,3,
2026-09-01,JPU,OPT,JPUF7 P0600,2027-01-08,P,0.006,0.000014000,3,21
2026-09-01,JPU,OPT,JPUF7 P0605,2027-01-08,P,0.00605,0.000020000,3,19
2026-09-01,JPU,OPT,JPUF7 P0610,2027-01-08,P,0.0061,0.000028000,3,2
2026-09-01,JPU,OPT,JPUF7 P0615,2027-01-08,P,0.00615,0.000039000,3,5
2026-09-01,JPU,OPT,JPUF7 P0620,2027-01-08,P,0.0062,0.000053000,3,3
2026-09-01,JPU,OPT,JPUF7 P0625,2027-01-08,P,0.00625,0.000070000,3,25
2026-09-01,JPU,OPT,JPUF7 P0630,2027-01-08,P,0.0063,0.000092000,3,5
2026-09-01,JPU,OPT,JPUF7 P0635,2027-01-08,P,0.00635,0.000118000,3,39
2026-09-01,JPU,OPT,JPUF7 P0640,2027-01-08,P,0.0064,0.000149000,3,10
2026-09-01,JPU,OPT,JPUF7 P0645,2027-01-08,P,0.00645,0.000182000,3,105
2026-09-01,JPU,OPT,JPUF7 P0650,2027-01-08,P,0.0065,0.000219000,3,22
2026-09-01,JPU,OPT,JPUF7 P0655,2027-01-08,P,0.00655,0.000258000,3,
2026-09-01,JPU,OPT,JPUF7 P0660,2027-01-08,P,0.0066,0.000298000,3,
2026-09-01,JPU,OPT,JPUF7 P0665,2027-01-08,P,0.00665,0.000341000,3,6
2026-09-01,JPU,OPT,JPUF7 P0670,2027-01-08,P,0.0067,0.000384000,3,1
2026-09-01,JPU,OPT,JPUF7 P0675,2027-01-08,P,0.00675,0.000429000,3,
2026-09-01,JPU,OPT,JPUF7 P0680,2027-01-08,P,0.0068,0.000473000,3,
2026-09-01,JPU,OPT,JPUF7 P0685,2027-01-08,P,0.00685,0.000519000,3,
2026-09-01,JPU,OPT,JPUF7 P0690,2027-01-08,P,0.0069,0.000566000,3,
2026-09-01,JPU,OPT,JPUF7 P0695,2027-01-08,P,0.00695,0.000613000,3,
2026-09-01,JPU,OPT,JPUF7 P0700,2027-01-08,P,0.007,0.000661000,3,
2026-09-01,JPU,OPT,JPUF7 P0705,2027-01-08,P,0.00705,0.000709000,3,
2026-09-01,JPU,OPT,JPUF7 P0710,2027-01-08,P,0.0071,0.000758000,3,
2026-09-01,JPU,OPT,JPUF7 P0715,2027-01-08,P,0.00715,0.000806000,3,
2026-09-01,JPU,OPT,JPUF7 P0720,2027-01-08,P,0.0072,0.000855000,3,
2026-09-01,JPU,OPT,JPUF7 P0725,2027-01-08,P,0.00725,0.000903000,3,
2026-09-01,JPU,OPT,JPUF7 P0730,2027-01-08,P,0.0073,0.000952000,3,
2026-09-01,JPU,OPT,JPUF7 P0740,2027-01-08,P,0.0074,0.001050000,3,
2026-09-01,JPU,OPT,JPUF7 P0750,2027-01-08,P,0.0075,0.001148000,3,
2026-09-01,JPU,OPT,JPUF7 P0760,2027-01-08,P,0.0076,0.001245000,3,
2026-09-01,JPU,OPT,JPUF7 P0770,2027-01-08,P,0.0077,0.001343000,3,
2026-09-01,JPU,OPT,JPUF7 P0780,2027-01-08,P,0.0078,0.001442000,3,
2026-09-01,JPU,OPT,JPUF7 P0790,2027-01-08,P,0.0079,0.001540000,3,
2026-09-01,JPU,OPT,JPUF7 P0800,2027-01-08,P,0.008,0.001639000,3,
2026-09-01,JPU,OPT,JPUF7 P0810,2027-01-08,P,0.0081,0.001737000,3,
2026-09-01,JPU,OPT,JPUF7 P0820,2027-01-08,P,0.0082,0.001836000,3,
2026-09-01,JPU,OPT,JPUG7 C0470,2027-02-05,C,0.0047,0.001612000,3,
2026-09-01,JPU,OPT,JPUG7 C0480,2027-02-05,C,0.0048,0.001514000,3,
2026-09-01,JPU,OPT,JPUG7 C0490,2027-02-05,C,0.0049,0.001416000,3,
2026-09-01,JPU,OPT,JPUG7 C0500,2027-02-05,C,0.005,0.001317000,3,
2026-09-01,JPU,OPT,JPUG7 C0510,2027-02-05,C,0.0051,0.001219000,3,
2026-09-01,JPU,OPT,JPUG7 C0520,2027-02-05,C,0.0052,0.001121000,3,
2026-09-01,JPU,OPT,JPUG7 C0530,2027-02-05,C,0.0053,0.001023000,3,
2026-09-01,JPU,OPT,JPUG7 C0540,2027-02-05,C,0.0054,0.000925000,3,
2026-09-01,JPU,OPT,JPUG7 C0550,2027-02-05,C,0.0055,0.000827000,3,
2026-09-01,JPU,OPT,JPUG7 C0560,2027-02-05,C,0.0056,0.000730000,3,
2026-09-01,JPU,OPT,JPUG7 C0570,2027-02-05,C,0.0057,0.000633000,3,
2026-09-01,JPU,OPT,JPUG7 C0575,2027-02-05,C,0.00575,0.000585000,3,
2026-09-01,JPU,OPT,JPUG7 C0580,2027-02-05,C,0.0058,0.000538000,3,
2026-09-01,JPU,OPT,JPUG7 C0585,2027-02-05,C,0.00585,0.000491000,3,
2026-09-01,JPU,OPT,JPUG7 C0590,2027-02-05,C,0.0059,0.000445000,3,
2026-09-01,JPU,OPT,JPUG7 C0595,2027-02-05,C,0.00595,0.000400000,3,
2026-09-01,JPU,OPT,JPUG7 C0600,2027-02-05,C,0.006,0.000357000,3,
2026-09-01,JPU,OPT,JPUG7 C0605,2027-02-05,C,0.00605,0.000315000,3,
2026-09-01,JPU,OPT,JPUG7 C0610,2027-02-05,C,0.0061,0.000275000,3,
2026-09-01,JPU,OPT,JPUG7 C0615,2027-02-05,C,0.00615,0.000238000,3,1
2026-09-01,JPU,OPT,JPUG7 C0620,2027-02-05,C,0.0062,0.000203000,3,
2026-09-01,JPU,OPT,JPUG7 C0625,2027-02-05,C,0.00625,0.000173000,3,215
2026-09-01,JPU,OPT,JPUG7 C0630,2027-02-05,C,0.0063,0.000145000,3,216
2026-09-01,JPU,OPT,JPUG7 C0635,2027-02-05,C,0.00635,0.000122000,3,324
2026-09-01,JPU,OPT,JPUG7 C0640,2027-02-05,C,0.0064,0.000102000,3,33
2026-09-01,JPU,OPT,JPUG7 C0645,2027-02-05,C,0.00645,0.000086000,3,197
2026-09-01,JPU,OPT,JPUG7 C0650,2027-02-05,C,0.0065,0.000072000,3,5
2026-09-01,JPU,OPT,JPUG7 C0655,2027-02-05,C,0.00655,0.000061000,3,12
2026-09-01,JPU,OPT,JPUG7 C0660,2027-02-05,C,0.0066,0.000051000,3,2
2026-09-01,JPU,OPT,JPUG7 C0665,2027-02-05,C,0.00665,0.000043000,3,1
2026-09-01,JPU,OPT,JPUG7 C0670,2027-02-05,C,0.0067,0.000036000,3,
2026-09-01,JPU,OPT,JPUG7 C0675,2027-02-05,C,0.00675,0.000030000,3,90
2026-09-01,JPU,OPT,JPUG7 C0680,2027-02-05,C,0.0068,0.000026000,3,113
2026-09-01,JPU,OPT,JPUG7 C0685,2027-02-05,C,0.00685,0.000022000,3,3
2026-09-01,JPU,OPT,JPUG7 C0690,2027-02-05,C,0.0069,0.000019000,3,
2026-09-01,JPU,OPT,JPUG7 C0695,2027-02-05,C,0.00695,0.000016000,3,16
2026-09-01,JPU,OPT,JPUG7 C0700,2027-02-05,C,0.007,0.000014000,3,6
2026-09-01,JPU,OPT,JPUG7 C0705,2027-02-05,C,0.00705,0.000012000,3,
2026-09-01,JPU,OPT,JPUG7 C0710,2027-02-05,C,0.0071,0.000010000,3,80
2026-09-01,JPU,OPT,JPUG7 C0715,2027-02-05,C,0.00715,0.000009000,3,
2026-09-01,JPU,OPT,JPUG7 C0720,2027-02-05,C,0.0072,0.000007000,3,
2026-09-01,JPU,OPT,JPUG7 C0725,2027-02-05,C,0.00725,0.000006000,3,
2026-09-01,JPU,OPT,JPUG7 C0730,2027-02-05,C,0.0073,0.000006000,3,
2026-09-01,JPU,OPT,JPUG7 C0740,2027-02-05,C,0.0074,0.000006000,3,
2026-09-01,JPU,OPT,JPUG7 C0750,2027-02-05,C,0.0075,0.000006000,3,41
2026-09-01,JPU,OPT,JPUG7 C0760,2027-02-05,C,0.0076,0.000004000,3,
2026-09-01,JPU,OPT,JPUG7 C0770,2027-02-05,C,0.0077,0.000002500,3,
2026-09-01,JPU,OPT,JPUG7 C0780,2027-02-05,C,0.0078,0.000002000,3,
2026-09-01,JPU,OPT,JPUG7 C0790,2027-02-05,C,0.0079,0.000001500,3,
2026-09-01,JPU,OPT,JPUG7 C0800,2027-02-05,C,0.008,0.000001000,3,
2026-09-01,JPU,OPT,JPUG7 C0810,2027-02-05,C,0.0081,0.000001000,3,
2026-09-01,JPU,OPT,JPUG7 C0820,2027-02-05,C,0.0082,0.000000500,3,
2026-09-01,JPU,OPT,JPUG7 P0470,2027-02-05,P,0.0047,0.000000500,3,1
2026-09-01,JPU,OPT,JPUG7 P0480,2027-02-05,P,0.0048,0.000000500,3,
2026-09-01,JPU,OPT,JPUG7 P0490,2027-02-05,P,0.0049,0.000000500,3,262
2026-09-01,JPU,OPT,JPUG7 P0500,2027-02-05,P,0.005,0.000000500,3,
2026-09-01,JPU,OPT,JPUG7 P0510,2027-02-05,P,0.0051,0.000000500,3,
2026-09-01,JPU,OPT,JPUG7 P0520,2027-02-05,P,0.0052,0.000000500,3,
2026-09-01,JPU,OPT,JPUG7 P0530,2027-02-05,P,0.0053,0.000001000,3,
2026-09-01,JPU,OPT,JPUG7 P0540,2027-02-05,P,0.0054,0.000001500,3,10
2026-09-01,JPU,OPT,JPUG7 P0550,2027-02-05,P,0.0055,0.000002000,3,
2026-09-01,JPU,OPT,JPUG7 P0560,2027-02-05,P,0.0056,0.000003000,3,
2026-09-01,JPU,OPT,JPUG7 P0570,2027-02-05,P,0.0057,0.000004500,3,15
2026-09-01,JPU,OPT,JPUG7 P0575,2027-02-05,P,0.00575,0.000006000,3,
2026-09-01,JPU,OPT,JPUG7 P0580,2027-02-05,P,0.0058,0.000007000,3,
2026-09-01,JPU,OPT,JPUG7 P0585,2027-02-05,P,0.00585,0.000010000,3,16
2026-09-01,JPU,OPT,JPUG7 P0590,2027-02-05,P,0.0059,0.000013000,3,10
2026-09-01,JPU,OPT,JPUG7 P0595,2027-02-05,P,0.00595,0.000017000,3,
2026-09-01,JPU,OPT,JPUG7 P0600,2027-02-05,P,0.006,0.000023000,3,2
2026-09-01,JPU,OPT,JPUG7 P0605,2027-02-05,P,0.00605,0.000030000,3,20
2026-09-01,JPU,OPT,JPUG7 P0610,2027-02-05,P,0.0061,0.000039000,3,
2026-09-01,JPU,OPT,JPUG7 P0615,2027-02-05,P,0.00615,0.000051000,3,
2026-09-01,JPU,OPT,JPUG7 P0620,2027-02-05,P,0.0062,0.000066000,3,1
2026-09-01,JPU,OPT,JPUG7 P0625,2027-02-05,P,0.00625,0.000084000,3,1
2026-09-01,JPU,OPT,JPUG7 P0630,2027-02-05,P,0.0063,0.000107000,3,282
2026-09-01,JPU,OPT,JPUG7 P0635,2027-02-05,P,0.00635,0.000132000,3,109
2026-09-01,JPU,OPT,JPUG7 P0640,2027-02-05,P,0.0064,0.000162000,3,9
2026-09-01,JPU,OPT,JPUG7 P0645,2027-02-05,P,0.00645,0.000194000,3,29
2026-09-01,JPU,OPT,JPUG7 P0650,2027-02-05,P,0.0065,0.000230000,3,
2026-09-01,JPU,OPT,JPUG7 P0655,2027-02-05,P,0.00655,0.000268000,3,1
2026-09-01,JPU,OPT,JPUG7 P0660,2027-02-05,P,0.0066,0.000307000,3,
2026-09-01,JPU,OPT,JPUG7 P0665,2027-02-05,P,0.00665,0.000348000,3,
2026-09-01,JPU,OPT,JPUG7 P0670,2027-02-05,P,0.0067,0.000391000,3,
2026-09-01,JPU,OPT,JPUG7 P0675,2027-02-05,P,0.00675,0.000434000,3,
2026-09-01,JPU,OPT,JPUG7 P0680,2027-02-05,P,0.0068,0.000479000,3,
2026-09-01,JPU,OPT,JPUG7 P0685,2027-02-05,P,0.00685,0.000524000,3,
2026-09-01,JPU,OPT,JPUG7 P0690,2027-02-05,P,0.0069,0.000570000,3,
2026-09-01,JPU,OPT,JPUG7 P0695,2027-02-05,P,0.00695,0.000617000,3,
2026-09-01,JPU,OPT,JPUG7 P0700,2027-02-05,P,0.007,0.000664000,3,
2026-09-01,JPU,OPT,JPUG7 P0705,2027-02-05,P,0.00705,0.000711000,3,
2026-09-01,JPU,OPT,JPUG7 P0710,2027-02-05,P,0.0071,0.000758000,3,
2026-09-01,JPU,OPT,JPUG7 P0715,2027-02-05,P,0.00715,0.000806000,3,
2026-09-01,JPU,OPT,JPUG7 P0720,2027-02-05,P,0.0072,0.000854000,3,
2026-09-01,JPU,OPT,JPUG7 P0725,2027-02-05,P,0.00725,0.000902000,3,
2026-09-01,JPU,OPT,JPUG7 P0730,2027-02-05,P,0.0073,0.000951000,3,
2026-09-01,JPU,OPT,JPUG7 P0740,2027-02-05,P,0.0074,0.001049000,3,
2026-09-01,JPU,OPT,JPUG7 P0750,2027-02-05,P,0.0075,0.001147000,3,
2026-09-01,JPU,OPT,JPUG7 P0760,2027-02-05,P,0.0076,0.001244000,3,
2026-09-01,JPU,OPT,JPUG7 P0770,2027-02-05,P,0.0077,0.001341000,3,
2026-09-01,JPU,OPT,JPUG7 P0780,2027-02-05,P,0.0078,0.001438000,3,
2026-09-01,JPU,OPT,JPUG7 P0790,2027-02-05,P,0.0079,0.001536000,3,
2026-09-01,JPU,OPT,JPUG7 P0800,2027-02-05,P,0.008,0.001634000,3,
2026-09-01,JPU,OPT,JPUG7 P0810,2027-02-05,P,0.0081,0.001732000,3,
2026-09-01,JPU,OPT,JPUG7 P0820,2027-02-05,P,0.0082,0.001830000,3,
2026-09-01,JPU,OPT,JPUH7 C0470,2027-03-05,C,0.0047,0.001607000,3,
2026-09-01,JPU,OPT,JPUH7 C0480,2027-03-05,C,0.0048,0.001509000,3,
2026-09-01,JPU,OPT,JPUH7 C0490,2027-03-05,C,0.0049,0.001411000,3,
2026-09-01,JPU,OPT,JPUH7 C0500,2027-03-05,C,0.005,0.001314000,3,
2026-09-01,JPU,OPT,JPUH7 C0510,2027-03-05,C,0.0051,0.001216000,3,
2026-09-01,JPU,OPT,JPUH7 C0520,2027-03-05,C,0.0052,0.001118000,3,
2026-09-01,JPU,OPT,JPUH7 C0530,2027-03-05,C,0.0053,0.001021000,3,
2026-09-01,JPU,OPT,JPUH7 C0540,2027-03-05,C,0.0054,0.000923000,3,
2026-09-01,JPU,OPT,JPUH7 C0550,2027-03-05,C,0.0055,0.000826000,3,
2026-09-01,JPU,OPT,JPUH7 C0560,2027-03-05,C,0.0056,0.000730000,3,
2026-09-01,JPU,OPT,JPUH7 C0570,2027-03-05,C,0.0057,0.000634000,3,
2026-09-01,JPU,OPT,JPUH7 C0575,2027-03-05,C,0.00575,0.000586000,3,
2026-09-01,JPU,OPT,JPUH7 C0580,2027-03-05,C,0.0058,0.000539000,3,
2026-09-01,JPU,OPT,JPUH7 C0585,2027-03-05,C,0.00585,0.000493000,3,
2026-09-01,JPU,OPT,JPUH7 C0590,2027-03-05,C,0.0059,0.000448000,3,
2026-09-01,JPU,OPT,JPUH7 C0595,2027-03-05,C,0.00595,0.000404000,3,
2026-09-01,JPU,OPT,JPUH7 C0600,2027-03-05,C,0.006,0.000362000,3,
2026-09-01,JPU,OPT,JPUH7 C0605,2027-03-05,C,0.00605,0.000322000,3,
2026-09-01,JPU,OPT,JPUH7 C0610,2027-03-05,C,0.0061,0.000284000,3,
2026-09-01,JPU,OPT,JPUH7 C0615,2027-03-05,C,0.00615,0.000248000,3,5
2026-09-01,JPU,OPT,JPUH7 C0620,2027-03-05,C,0.0062,0.000215000,3,1
2026-09-01,JPU,OPT,JPUH7 C0625,2027-03-05,C,0.00625,0.000185000,3,2
2026-09-01,JPU,OPT,JPUH7 C0630,2027-03-05,C,0.0063,0.000158000,3,2
2026-09-01,JPU,OPT,JPUH7 C0635,2027-03-05,C,0.00635,0.000134000,3,19
2026-09-01,JPU,OPT,JPUH7 C0640,2027-03-05,C,0.0064,0.000114000,3,12
2026-09-01,JPU,OPT,JPUH7 C0645,2027-03-05,C,0.00645,0.000097000,3,378
2026-09-01,JPU,OPT,JPUH7 C0650,2027-03-05,C,0.0065,0.000082000,3,883
2026-09-01,JPU,OPT,JPUH7 C0655,2027-03-05,C,0.00655,0.000070000,3,3
2026-09-01,JPU,OPT,JPUH7 C0660,2027-03-05,C,0.0066,0.000060000,3,307
2026-09-01,JPU,OPT,JPUH7 C0665,2027-03-05,C,0.00665,0.000051000,3,19
2026-09-01,JPU,OPT,JPUH7 C0670,2027-03-05,C,0.0067,0.000044000,3,332
2026-09-01,JPU,OPT,JPUH7 C0675,2027-03-05,C,0.00675,0.000037000,3,9
2026-09-01,JPU,OPT,JPUH7 C0680,2027-03-05,C,0.0068,0.000032000,3,1
2026-09-01,JPU,OPT,JPUH7 C0685,2027-03-05,C,0.00685,0.000027000,3,2
2026-09-01,JPU,OPT,JPUH7 C0690,2027-03-05,C,0.0069,0.000023000,3,32
2026-09-01,JPU,OPT,JPUH7 C0695,2027-03-05,C,0.00695,0.000020000,3,6
2026-09-01,JPU,OPT,JPUH7 C0700,2027-03-05,C,0.007,0.000017000,3,38
2026-09-01,JPU,OPT,JPUH7 C0705,2027-03-05,C,0.00705,0.000015000,3,1
2026-09-01,JPU,OPT,JPUH7 C0710,2027-03-05,C,0.0071,0.000013000,3,31
2026-09-01,JPU,OPT,JPUH7 C0715,2027-03-05,C,0.00715,0.000011000,3,8
2026-09-01,JPU,OPT,JPUH7 C0720,2027-03-05,C,0.0072,0.000010000,3,190
2026-09-01,JPU,OPT,JPUH7 C0725,2027-03-05,C,0.00725,0.000009000,3,
2026-09-01,JPU,OPT,JPUH7 C0730,2027-03-05,C,0.0073,0.000008000,3,2
2026-09-01,JPU,OPT,JPUH7 C0735,2027-03-05,C,0.00735,0.000007000,3,1
2026-09-01,JPU,OPT,JPUH7 C0740,2027-03-05,C,0.0074,0.000007000,3,
2026-09-01,JPU,OPT,JPUH7 C0745,2027-03-05,C,0.00745,0.000006000,3,
2026-09-01,JPU,OPT,JPUH7 C0750,2027-03-05,C,0.0075,0.000006000,3,10
2026-09-01,JPU,OPT,JPUH7 C0755,2027-03-05,C,0.00755,0.000005000,3,1
2026-09-01,JPU,OPT,JPUH7 C0760,2027-03-05,C,0.0076,0.000005000,3,
2026-09-01,JPU,OPT,JPUH7 C0765,2027-03-05,C,0.00765,0.000004500,3,
2026-09-01,JPU,OPT,JPUH7 C0770,2027-03-05,C,0.0077,0.000004500,3,
2026-09-01,JPU,OPT,JPUH7 C0775,2027-03-05,C,0.00775,0.000004500,3,
2026-09-01,JPU,OPT,JPUH7 C0780,2027-03-05,C,0.0078,0.000004000,3,
2026-09-01,JPU,OPT,JPUH7 C0785,2027-03-05,C,0.00785,0.000003500,3,
2026-09-01,JPU,OPT,JPUH7 C0790,2027-03-05,C,0.0079,0.000003000,3,
2026-09-01,JPU,OPT,JPUH7 C0795,2027-03-05,C,0.00795,0.000002500,3,
2026-09-01,JPU,OPT,JPUH7 C0800,2027-03-05,C,0.008,0.000002500,3,8
2026-09-01,JPU,OPT,JPUH7 C0805,2027-03-05,C,0.00805,0.000002000,3,
2026-09-01,JPU,OPT,JPUH7 C0810,2027-03-05,C,0.0081,0.000002000,3,
2026-09-01,JPU,OPT,JPUH7 C0820,2027-03-05,C,0.0082,0.000001500,3,
2026-09-01,JPU,OPT,JPUH7 C0830,2027-03-05,C,0.0083,0.000001000,3,
2026-09-01,JPU,OPT,JPUH7 C0840,2027-03-05,C,0.0084,0.000001000,3,
2026-09-01,JPU,OPT,JPUH7 C0850,2027-03-05,C,0.0085,0.000000500,3,
2026-09-01,JPU,OPT,JPUH7 C0860,2027-03-05,C,0.0086,0.000000500,3,
2026-09-01,JPU,OPT,JPUH7 C0870,2027-03-05,C,0.0087,0.000000500,3,
2026-09-01,JPU,OPT,JPUH7 C0880,2027-03-05,C,0.0088,0.000000500,3,
2026-09-01,JPU,OPT,JPUH7 C0890,2027-03-05,C,0.0089,0.000000500,3,
2026-09-01,JPU,OPT,JPUH7 C0900,2027-03-05,C,0.009,0.000000500,3,20
2026-09-01,JPU,OPT,JPUH7 P0470,2027-03-05,P,0.0047,0.000000500,3,20
2026-09-01,JPU,OPT,JPUH7 P0480,2027-03-05,P,0.0048,0.000000500,3,
2026-09-01,JPU,OPT,JPUH7 P0490,2027-03-05,P,0.0049,0.000000500,3,
2026-09-01,JPU,OPT,JPUH7 P0500,2027-03-05,P,0.005,0.000000500,3,
2026-09-01,JPU,OPT,JPUH7 P0510,2027-03-05,P,0.0051,0.000000500,3,10
2026-09-01,JPU,OPT,JPUH7 P0520,2027-03-05,P,0.0052,0.000001000,3,10
2026-09-01,JPU,OPT,JPUH7 P0530,2027-03-05,P,0.0053,0.000001500,3,
2026-09-01,JPU,OPT,JPUH7 P0540,2027-03-05,P,0.0054,0.000002000,3,4
2026-09-01,JPU,OPT,JPUH7 P0550,2027-03-05,P,0.0055,0.000003500,3,5
2026-09-01,JPU,OPT,JPUH7 P0560,2027-03-05,P,0.0056,0.000005000,3,
2026-09-01,JPU,OPT,JPUH7 P0570,2027-03-05,P,0.0057,0.000007000,3,4
2026-09-01,JPU,OPT,JPUH7 P0575,2027-03-05,P,0.00575,0.000009000,3,2
2026-09-01,JPU,OPT,JPUH7 P0580,2027-03-05,P,0.0058,0.000011000,3,2
2026-09-01,JPU,OPT,JPUH7 P0585,2027-03-05,P,0.00585,0.000013000,3,1
2026-09-01,JPU,OPT,JPUH7 P0590,2027-03-05,P,0.0059,0.000017000,3,
2026-09-01,JPU,OPT,JPUH7 P0595,2027-03-05,P,0.00595,0.000023000,3,11
2026-09-01,JPU,OPT,JPUH7 P0600,2027-03-05,P,0.006,0.000030000,3,10
2026-09-01,JPU,OPT,JPUH7 P0605,2027-03-05,P,0.00605,0.000039000,3,
2026-09-01,JPU,OPT,JPUH7 P0610,2027-03-05,P,0.0061,0.000049000,3,7
2026-09-01,JPU,OPT,JPUH7 P0615,2027-03-05,P,0.00615,0.000063000,3,283
2026-09-01,JPU,OPT,JPUH7 P0620,2027-03-05,P,0.0062,0.000079000,3,256
2026-09-01,JPU,OPT,JPUH7 P0625,2027-03-05,P,0.00625,0.000098000,3,337
2026-09-01,JPU,OPT,JPUH7 P0630,2027-03-05,P,0.0063,0.000120000,3,222
2026-09-01,JPU,OPT,JPUH7 P0635,2027-03-05,P,0.00635,0.000145000,3,55
2026-09-01,JPU,OPT,JPUH7 P0640,2027-03-05,P,0.0064,0.000173000,3,1
2026-09-01,JPU,OPT,JPUH7 P0645,2027-03-05,P,0.00645,0.000205000,3,
2026-09-01,JPU,OPT,JPUH7 P0650,2027-03-05,P,0.0065,0.000239000,3,
2026-09-01,JPU,OPT,JPUH7 P0655,2027-03-05,P,0.00655,0.000276000,3,1
2026-09-01,JPU,OPT,JPUH7 P0660,2027-03-05,P,0.0066,0.000315000,3,
2026-09-01,JPU,OPT,JPUH7 P0665,2027-03-05,P,0.00665,0.000355000,3,
2026-09-01,JPU,OPT,JPUH7 P0670,2027-03-05,P,0.0067,0.000397000,3,
2026-09-01,JPU,OPT,JPUH7 P0675,2027-03-05,P,0.00675,0.000440000,3,1
2026-09-01,JPU,OPT,JPUH7 P0680,2027-03-05,P,0.0068,0.000483000,3,
2026-09-01,JPU,OPT,JPUH7 P0685,2027-03-05,P,0.00685,0.000527000,3,
2026-09-01,JPU,OPT,JPUH7 P0690,2027-03-05,P,0.0069,0.000573000,3,
2026-09-01,JPU,OPT,JPUH7 P0695,2027-03-05,P,0.00695,0.000618000,3,
2026-09-01,JPU,OPT,JPUH7 P0700,2027-03-05,P,0.007,0.000665000,3,
2026-09-01,JPU,OPT,JPUH7 P0705,2027-03-05,P,0.00705,0.000711000,3,
2026-09-01,JPU,OPT,JPUH7 P0710,2027-03-05,P,0.0071,0.000758000,3,
2026-09-01,JPU,OPT,JPUH7 P0715,2027-03-05,P,0.00715,0.000806000,3,
2026-09-01,JPU,OPT,JPUH7 P0720,2027-03-05,P,0.0072,0.000854000,3,
2026-09-01,JPU,OPT,JPUH7 P0725,2027-03-05,P,0.00725,0.000901000,3,
2026-09-01,JPU,OPT,JPUH7 P0730,2027-03-05,P,0.0073,0.000950000,3,
2026-09-01,JPU,OPT,JPUH7 P0735,2027-03-05,P,0.00735,0.000998000,3,
2026-09-01,JPU,OPT,JPUH7 P0740,2027-03-05,P,0.0074,0.001046000,3,
2026-09-01,JPU,OPT,JPUH7 P0745,2027-03-05,P,0.00745,0.001095000,3,
2026-09-01,JPU,OPT,JPUH7 P0750,2027-03-05,P,0.0075,0.001143000,3,
2026-09-01,JPU,OPT,JPUH7 P0755,2027-03-05,P,0.00755,0.001192000,3,
2026-09-01,JPU,OPT,JPUH7 P0760,2027-03-05,P,0.0076,0.001240000,3,
2026-09-01,JPU,OPT,JPUH7 P0765,2027-03-05,P,0.00765,0.001289000,3,
2026-09-01,JPU,OPT,JPUH7 P0770,2027-03-05,P,0.0077,0.001338000,3,
2026-09-01,JPU,OPT,JPUH7 P0775,2027-03-05,P,0.00775,0.001387000,3,
2026-09-01,JPU,OPT,JPUH7 P0780,2027-03-05,P,0.0078,0.001436000,3,
2026-09-01,JPU,OPT,JPUH7 P0785,2027-03-05,P,0.00785,0.001484000,3,
2026-09-01,JPU,OPT,JPUH7 P0790,2027-03-05,P,0.0079,0.001533000,3,
2026-09-01,JPU,OPT,JPUH7 P0795,2027-03-05,P,0.00795,0.001581000,3,
2026-09-01,JPU,OPT,JPUH7 P0800,2027-03-05,P,0.008,0.001630000,3,
2026-09-01,JPU,OPT,JPUH7 P0805,2027-03-05,P,0.00805,0.001679000,3,
2026-09-01,JPU,OPT,JPUH7 P0810,2027-03-05,P,0.0081,0.001728000,3,
2026-09-01,JPU,OPT,JPUH7 P0820,2027-03-05,P,0.0082,0.001825000,3,
2026-09-01,JPU,OPT,JPUH7 P0830,2027-03-05,P,0.0083,0.001923000,3,
2026-09-01,JPU,OPT,JPUH7 P0840,2027-03-05,P,0.0084,0.002021000,3,
2026-09-01,JPU,OPT,JPUH7 P0850,2027-03-05,P,0.0085,0.002119000,3,
2026-09-01,JPU,OPT,JPUH7 P0860,2027-03-05,P,0.0086,0.002216000,3,
2026-09-01,JPU,OPT,JPUH7 P0870,2027-03-05,P,0.0087,0.002314000,3,
2026-09-01,JPU,OPT,JPUH7 P0880,2027-03-05,P,0.0088,0.002412000,3,
2026-09-01,JPU,OPT,JPUH7 P0890,2027-03-05,P,0.0089,0.002510000,3,
2026-09-01,JPU,OPT,JPUH7 P0900,2027-03-05,P,0.009,0.002608000,3,
2026-09-01,JPU,OPT,JPUJ7 C0480,2027-04-09,C,0.0048,0.001546000,3,
2026-09-01,JPU,OPT,JPUJ7 C0490,2027-04-09,C,0.0049,0.001449000,3,
2026-09-01,JPU,OPT,JPUJ7 C0500,2027-04-09,C,0.005,0.001351000,3,
2026-09-01,JPU,OPT,JPUJ7 C0510,2027-04-09,C,0.0051,0.001254000,3,
2026-09-01,JPU,OPT,JPUJ7 C0520,2027-04-09,C,0.0052,0.001157000,3,
2026-09-01,JPU,OPT,JPUJ7 C0530,2027-04-09,C,0.0053,0.001060000,3,
2026-09-01,JPU,OPT,JPUJ7 C0540,2027-04-09,C,0.0054,0.000963000,3,
2026-09-01,JPU,OPT,JPUJ7 C0550,2027-04-09,C,0.0055,0.000867000,3,
2026-09-01,JPU,OPT,JPUJ7 C0560,2027-04-09,C,0.0056,0.000771000,3,
2026-09-01,JPU,OPT,JPUJ7 C0570,2027-04-09,C,0.0057,0.000676000,3,
2026-09-01,JPU,OPT,JPUJ7 C0575,2027-04-09,C,0.00575,0.000630000,3,
2026-09-01,JPU,OPT,JPUJ7 C0580,2027-04-09,C,0.0058,0.000584000,3,
2026-09-01,JPU,OPT,JPUJ7 C0585,2027-04-09,C,0.00585,0.000539000,3,
2026-09-01,JPU,OPT,JPUJ7 C0590,2027-04-09,C,0.0059,0.000494000,3,
2026-09-01,JPU,OPT,JPUJ7 C0595,2027-04-09,C,0.00595,0.000451000,3,
2026-09-01,JPU,OPT,JPUJ7 C0600,2027-04-09,C,0.006,0.000409000,3,
2026-09-01,JPU,OPT,JPUJ7 C0605,2027-04-09,C,0.00605,0.000368000,3,
2026-09-01,JPU,OPT,JPUJ7 C0610,2027-04-09,C,0.0061,0.000329000,3,
2026-09-01,JPU,OPT,JPUJ7 C0615,2027-04-09,C,0.00615,0.000292000,3,
2026-09-01,JPU,OPT,JPUJ7 C0620,2027-04-09,C,0.0062,0.000258000,3,
2026-09-01,JPU,OPT,JPUJ7 C0625,2027-04-09,C,0.00625,0.000226000,3,1
2026-09-01,JPU,OPT,JPUJ7 C0630,2027-04-09,C,0.0063,0.000197000,3,
2026-09-01,JPU,OPT,JPUJ7 C0635,2027-04-09,C,0.00635,0.000171000,3,
2026-09-01,JPU,OPT,JPUJ7 C0640,2027-04-09,C,0.0064,0.000148000,3,3
2026-09-01,JPU,OPT,JPUJ7 C0645,2027-04-09,C,0.00645,0.000127000,3,4
2026-09-01,JPU,OPT,JPUJ7 C0650,2027-04-09,C,0.0065,0.000109000,3,3
2026-09-01,JPU,OPT,JPUJ7 C0655,2027-04-09,C,0.00655,0.000094000,3,24
2026-09-01,JPU,OPT,JPUJ7 C0660,2027-04-09,C,0.0066,0.000081000,3,
2026-09-01,JPU,OPT,JPUJ7 C0665,2027-04-09,C,0.00665,0.000070000,3,
2026-09-01,JPU,OPT,JPUJ7 C0670,2027-04-09,C,0.0067,0.000060000,3,
2026-09-01,JPU,OPT,JPUJ7 C0675,2027-04-09,C,0.00675,0.000052000,3,
2026-09-01,JPU,OPT,JPUJ7 C0680,2027-04-09,C,0.0068,0.000045000,3,
2026-09-01,JPU,OPT,JPUJ7 C0685,2027-04-09,C,0.00685,0.000039000,3,
2026-09-01,JPU,OPT,JPUJ7 C0690,2027-04-09,C,0.0069,0.000034000,3,2
2026-09-01,JPU,OPT,JPUJ7 C0695,2027-04-09,C,0.00695,0.000029000,3,
2026-09-01,JPU,OPT,JPUJ7 C0700,2027-04-09,C,0.007,0.000026000,3,
2026-09-01,JPU,OPT,JPUJ7 C0705,2027-04-09,C,0.00705,0.000023000,3,
2026-09-01,JPU,OPT,JPUJ7 C0710,2027-04-09,C,0.0071,0.000020000,3,
2026-09-01,JPU,OPT,JPUJ7 C0720,2027-04-09,C,0.0072,0.000015000,3,
2026-09-01,JPU,OPT,JPUJ7 C0730,2027-04-09,C,0.0073,0.000012000,3,
2026-09-01,JPU,OPT,JPUJ7 C0740,2027-04-09,C,0.0074,0.000010000,3,
2026-09-01,JPU,OPT,JPUJ7 C0750,2027-04-09,C,0.0075,0.000008000,3,
2026-09-01,JPU,OPT,JPUJ7 C0760,2027-04-09,C,0.0076,0.000007000,3,3
2026-09-01,JPU,OPT,JPUJ7 C0770,2027-04-09,C,0.0077,0.000005000,3,
2026-09-01,JPU,OPT,JPUJ7 C0780,2027-04-09,C,0.0078,0.000004500,3,
2026-09-01,JPU,OPT,JPUJ7 C0790,2027-04-09,C,0.0079,0.000003500,3,
2026-09-01,JPU,OPT,JPUJ7 C0800,2027-04-09,C,0.008,0.000002500,3,
2026-09-01,JPU,OPT,JPUJ7 C0810,2027-04-09,C,0.0081,0.000002000,3,
2026-09-01,JPU,OPT,JPUJ7 P0480,2027-04-09,P,0.0048,0.000000500,3,
2026-09-01,JPU,OPT,JPUJ7 P0490,2027-04-09,P,0.0049,0.000000500,3,
2026-09-01,JPU,OPT,JPUJ7 P0500,2027-04-09,P,0.005,0.000000500,3,
2026-09-01,JPU,OPT,JPUJ7 P0510,2027-04-09,P,0.0051,0.000000500,3,
2026-09-01,JPU,OPT,JPUJ7 P0520,2027-04-09,P,0.0052,0.000001000,3,
2026-09-01,JPU,OPT,JPUJ7 P0530,2027-04-09,P,0.0053,0.000001500,3,
2026-09-01,JPU,OPT,JPUJ7 P0540,2027-04-09,P,0.0054,0.000002500,3,
2026-09-01,JPU,OPT,JPUJ7 P0550,2027-04-09,P,0.0055,0.000004000,3,
2026-09-01,JPU,OPT,JPUJ7 P0560,2027-04-09,P,0.0056,0.000006000,3,
2026-09-01,JPU,OPT,JPUJ7 P0570,2027-04-09,P,0.0057,0.000009000,3,
2026-09-01,JPU,OPT,JPUJ7 P0575,2027-04-09,P,0.00575,0.000011000,3,
2026-09-01,JPU,OPT,JPUJ7 P0580,2027-04-09,P,0.0058,0.000014000,3,
2026-09-01,JPU,OPT,JPUJ7 P0585,2027-04-09,P,0.00585,0.000018000,3,
2026-09-01,JPU,OPT,JPUJ7 P0590,2027-04-09,P,0.0059,0.000022000,3,
2026-09-01,JPU,OPT,JPUJ7 P0595,2027-04-09,P,0.00595,0.000027000,3,
2026-09-01,JPU,OPT,JPUJ7 P0600,2027-04-09,P,0.006,0.000034000,3,
2026-09-01,JPU,OPT,JPUJ7 P0605,2027-04-09,P,0.00605,0.000042000,3,1
2026-09-01,JPU,OPT,JPUJ7 P0610,2027-04-09,P,0.0061,0.000052000,3,1
2026-09-01,JPU,OPT,JPUJ7 P0615,2027-04-09,P,0.00615,0.000065000,3,
2026-09-01,JPU,OPT,JPUJ7 P0620,2027-04-09,P,0.0062,0.000079000,3,
2026-09-01,JPU,OPT,JPUJ7 P0625,2027-04-09,P,0.00625,0.000096000,3,3
2026-09-01,JPU,OPT,JPUJ7 P0630,2027-04-09,P,0.0063,0.000116000,3,
2026-09-01,JPU,OPT,JPUJ7 P0635,2027-04-09,P,0.00635,0.000138000,3,2
2026-09-01,JPU,OPT,JPUJ7 P0640,2027-04-09,P,0.0064,0.000164000,3,3
2026-09-01,JPU,OPT,JPUJ7 P0645,2027-04-09,P,0.00645,0.000192000,3,
2026-09-01,JPU,OPT,JPUJ7 P0650,2027-04-09,P,0.0065,0.000223000,3,5
2026-09-01,JPU,OPT,JPUJ7 P0655,2027-04-09,P,0.00655,0.000257000,3,4
2026-09-01,JPU,OPT,JPUJ7 P0660,2027-04-09,P,0.0066,0.000292000,3,
2026-09-01,JPU,OPT,JPUJ7 P0665,2027-04-09,P,0.00665,0.000330000,3,
2026-09-01,JPU,OPT,JPUJ7 P0670,2027-04-09,P,0.0067,0.000369000,3,
2026-09-01,JPU,OPT,JPUJ7 P0675,2027-04-09,P,0.00675,0.000410000,3,
2026-09-01,JPU,OPT,JPUJ7 P0680,2027-04-09,P,0.0068,0.000452000,3,
2026-09-01,JPU,OPT,JPUJ7 P0685,2027-04-09,P,0.00685,0.000494000,3,
2026-09-01,JPU,OPT,JPUJ7 P0690,2027-04-09,P,0.0069,0.000538000,3,
2026-09-01,JPU,OPT,JPUJ7 P0695,2027-04-09,P,0.00695,0.000583000,3,
2026-09-01,JPU,OPT,JPUJ7 P0700,2027-04-09,P,0.007,0.000628000,3,
2026-09-01,JPU,OPT,JPUJ7 P0705,2027-04-09,P,0.00705,0.000673000,3,
2026-09-01,JPU,OPT,JPUJ7 P0710,2027-04-09,P,0.0071,0.000719000,3,
2026-09-01,JPU,OPT,JPUJ7 P0720,2027-04-09,P,0.0072,0.000813000,3,
2026-09-01,JPU,OPT,JPUJ7 P0730,2027-04-09,P,0.0073,0.000907000,3,
2026-09-01,JPU,OPT,JPUJ7 P0740,2027-04-09,P,0.0074,0.001002000,3,
2026-09-01,JPU,OPT,JPUJ7 P0750,2027-04-09,P,0.0075,0.001098000,3,
2026-09-01,JPU,OPT,JPUJ7 P0760,2027-04-09,P,0.0076,0.001195000,3,
2026-09-01,JPU,OPT,JPUJ7 P0770,2027-04-09,P,0.0077,0.001291000,3,
2026-09-01,JPU,OPT,JPUJ7 P0780,2027-04-09,P,0.0078,0.001387000,3,
2026-09-01,JPU,OPT,JPUJ7 P0790,2027-04-09,P,0.0079,0.001484000,3,
2026-09-01,JPU,OPT,JPUJ7 P0800,2027-04-09,P,0.008,0.001581000,3,
2026-09-01,JPU,OPT,JPUJ7 P0810,2027-04-09,P,0.0081,0.001678000,3,
2026-09-01,JPU,OPT,JPUK7 C0480,2027-05-07,C,0.0048,0.001542000,3,
2026-09-01,JPU,OPT,JPUK7 C0490,2027-05-07,C,0.0049,0.001445000,3,
2026-09-01,JPU,OPT,JPUK7 C0500,2027-05-07,C,0.005,0.001348000,3,
2026-09-01,JPU,OPT,JPUK7 C0510,2027-05-07,C,0.0051,0.001251000,3,
2026-09-01,JPU,OPT,JPUK7 C0520,2027-05-07,C,0.0052,0.001154000,3,
2026-09-01,JPU,OPT,JPUK7 C0530,2027-05-07,C,0.0053,0.001058000,3,
2026-09-01,JPU,OPT,JPUK7 C0540,2027-05-07,C,0.0054,0.000962000,3,
2026-09-01,JPU,OPT,JPUK7 C0550,2027-05-07,C,0.0055,0.000866000,3,
2026-09-01,JPU,OPT,JPUK7 C0560,2027-05-07,C,0.0056,0.000772000,3,
2026-09-01,JPU,OPT,JPUK7 C0570,2027-05-07,C,0.0057,0.000678000,3,
2026-09-01,JPU,OPT,JPUK7 C0575,2027-05-07,C,0.00575,0.000632000,3,
2026-09-01,JPU,OPT,JPUK7 C0580,2027-05-07,C,0.0058,0.000587000,3,
2026-09-01,JPU,OPT,JPUK7 C0585,2027-05-07,C,0.00585,0.000542000,3,
2026-09-01,JPU,OPT,JPUK7 C0590,2027-05-07,C,0.0059,0.000499000,3,
2026-09-01,JPU,OPT,JPUK7 C0595,2027-05-07,C,0.00595,0.000456000,3,
2026-09-01,JPU,OPT,JPUK7 C0600,2027-05-07,C,0.006,0.000415000,3,
2026-09-01,JPU,OPT,JPUK7 C0605,2027-05-07,C,0.00605,0.000376000,3,
2026-09-01,JPU,OPT,JPUK7 C0610,2027-05-07,C,0.0061,0.000338000,3,
2026-09-01,JPU,OPT,JPUK7 C0615,2027-05-07,C,0.00615,0.000302000,3,
2026-09-01,JPU,OPT,JPUK7 C0620,2027-05-07,C,0.0062,0.000269000,3,
2026-09-01,JPU,OPT,JPUK7 C0625,2027-05-07,C,0.00625,0.000237000,3,
2026-09-01,JPU,OPT,JPUK7 C0630,2027-05-07,C,0.0063,0.000208000,3,4
2026-09-01,JPU,OPT,JPUK7 C0635,2027-05-07,C,0.00635,0.000182000,3,11
2026-09-01,JPU,OPT,JPUK7 C0640,2027-05-07,C,0.0064,0.000159000,3,
2026-09-01,JPU,OPT,JPUK7 C0645,2027-05-07,C,0.00645,0.000138000,3,
2026-09-01,JPU,OPT,JPUK7 C0650,2027-05-07,C,0.0065,0.000120000,3,10
2026-09-01,JPU,OPT,JPUK7 C0655,2027-05-07,C,0.00655,0.000104000,3,
2026-09-01,JPU,OPT,JPUK7 C0660,2027-05-07,C,0.0066,0.000091000,3,1
2026-09-01,JPU,OPT,JPUK7 C0665,2027-05-07,C,0.00665,0.000079000,3,
2026-09-01,JPU,OPT,JPUK7 C0670,2027-05-07,C,0.0067,0.000069000,3,
2026-09-01,JPU,OPT,JPUK7 C0675,2027-05-07,C,0.00675,0.000060000,3,
2026-09-01,JPU,OPT,JPUK7 C0680,2027-05-07,C,0.0068,0.000052000,3,
2026-09-01,JPU,OPT,JPUK7 C0685,2027-05-07,C,0.00685,0.000046000,3,1950
2026-09-01,JPU,OPT,JPUK7 C0690,2027-05-07,C,0.0069,0.000040000,3,1
2026-09-01,JPU,OPT,JPUK7 C0695,2027-05-07,C,0.00695,0.000035000,3,
2026-09-01,JPU,OPT,JPUK7 C0700,2027-05-07,C,0.007,0.000031000,3,1
2026-09-01,JPU,OPT,JPUK7 C0705,2027-05-07,C,0.00705,0.000027000,3,
2026-09-01,JPU,OPT,JPUK7 C0710,2027-05-07,C,0.0071,0.000024000,3,
2026-09-01,JPU,OPT,JPUK7 C0720,2027-05-07,C,0.0072,0.000019000,3,
2026-09-01,JPU,OPT,JPUK7 C0730,2027-05-07,C,0.0073,0.000015000,3,
2026-09-01,JPU,OPT,JPUK7 C0740,2027-05-07,C,0.0074,0.000012000,3,
2026-09-01,JPU,OPT,JPUK7 C0750,2027-05-07,C,0.0075,0.000010000,3,
2026-09-01,JPU,OPT,JPUK7 C0760,2027-05-07,C,0.0076,0.000009000,3,
2026-09-01,JPU,OPT,JPUK7 C0770,2027-05-07,C,0.0077,0.000007000,3,
2026-09-01,JPU,OPT,JPUK7 C0780,2027-05-07,C,0.0078,0.000006000,3,
2026-09-01,JPU,OPT,JPUK7 C0790,2027-05-07,C,0.0079,0.000004500,3,
2026-09-01,JPU,OPT,JPUK7 C0800,2027-05-07,C,0.008,0.000004000,3,
2026-09-01,JPU,OPT,JPUK7 C0810,2027-05-07,C,0.0081,0.000003000,3,
2026-09-01,JPU,OPT,JPUK7 P0480,2027-05-07,P,0.0048,0.000000500,3,
2026-09-01,JPU,OPT,JPUK7 P0490,2027-05-07,P,0.0049,0.000001000,3,
2026-09-01,JPU,OPT,JPUK7 P0500,2027-05-07,P,0.005,0.000001000,3,
2026-09-01,JPU,OPT,JPUK7 P0510,2027-05-07,P,0.0051,0.000001500,3,
2026-09-01,JPU,OPT,JPUK7 P0520,2027-05-07,P,0.0052,0.000002500,3,
2026-09-01,JPU,OPT,JPUK7 P0530,2027-05-07,P,0.0053,0.000003500,3,
2026-09-01,JPU,OPT,JPUK7 P0540,2027-05-07,P,0.0054,0.000004500,3,
2026-09-01,JPU,OPT,JPUK7 P0550,2027-05-07,P,0.0055,0.000006000,3,
2026-09-01,JPU,OPT,JPUK7 P0560,2027-05-07,P,0.0056,0.000009000,3,1
2026-09-01,JPU,OPT,JPUK7 P0570,2027-05-07,P,0.0057,0.000013000,3,1
2026-09-01,JPU,OPT,JPUK7 P0575,2027-05-07,P,0.00575,0.000016000,3,
2026-09-01,JPU,OPT,JPUK7 P0580,2027-05-07,P,0.0058,0.000019000,3,
2026-09-01,JPU,OPT,JPUK7 P0585,2027-05-07,P,0.00585,0.000023000,3,
2026-09-01,JPU,OPT,JPUK7 P0590,2027-05-07,P,0.0059,0.000028000,3,
2026-09-01,JPU,OPT,JPUK7 P0595,2027-05-07,P,0.00595,0.000034000,3,
2026-09-01,JPU,OPT,JPUK7 P0600,2027-05-07,P,0.006,0.000042000,3,
2026-09-01,JPU,OPT,JPUK7 P0605,2027-05-07,P,0.00605,0.000051000,3,
2026-09-01,JPU,OPT,JPUK7 P0610,2027-05-07,P,0.0061,0.000062000,3,
2026-09-01,JPU,OPT,JPUK7 P0615,2027-05-07,P,0.00615,0.000075000,3,
2026-09-01,JPU,OPT,JPUK7 P0620,2027-05-07,P,0.0062,0.000090000,3,
2026-09-01,JPU,OPT,JPUK7 P0625,2027-05-07,P,0.00625,0.000107000,3,1
2026-09-01,JPU,OPT,JPUK7 P0630,2027-05-07,P,0.0063,0.000127000,3,
2026-09-01,JPU,OPT,JPUK7 P0635,2027-05-07,P,0.00635,0.000149000,3,
2026-09-01,JPU,OPT,JPUK7 P0640,2027-05-07,P,0.0064,0.000175000,3,
2026-09-01,JPU,OPT,JPUK7 P0645,2027-05-07,P,0.00645,0.000203000,3,
2026-09-01,JPU,OPT,JPUK7 P0650,2027-05-07,P,0.0065,0.000233000,3,
2026-09-01,JPU,OPT,JPUK7 P0655,2027-05-07,P,0.00655,0.000266000,3,
2026-09-01,JPU,OPT,JPUK7 P0660,2027-05-07,P,0.0066,0.000301000,3,
2026-09-01,JPU,OPT,JPUK7 P0665,2027-05-07,P,0.00665,0.000338000,3,
2026-09-01,JPU,OPT,JPUK7 P0670,2027-05-07,P,0.0067,0.000377000,3,
2026-09-01,JPU,OPT,JPUK7 P0675,2027-05-07,P,0.00675,0.000417000,3,
2026-09-01,JPU,OPT,JPUK7 P0680,2027-05-07,P,0.0068,0.000458000,3,
2026-09-01,JPU,OPT,JPUK7 P0685,2027-05-07,P,0.00685,0.000500000,3,
2026-09-01,JPU,OPT,JPUK7 P0690,2027-05-07,P,0.0069,0.000543000,3,
2026-09-01,JPU,OPT,JPUK7 P0695,2027-05-07,P,0.00695,0.000586000,3,
2026-09-01,JPU,OPT,JPUK7 P0700,2027-05-07,P,0.007,0.000631000,3,
2026-09-01,JPU,OPT,JPUK7 P0705,2027-05-07,P,0.00705,0.000676000,3,
2026-09-01,JPU,OPT,JPUK7 P0710,2027-05-07,P,0.0071,0.000721000,3,
2026-09-01,JPU,OPT,JPUK7 P0720,2027-05-07,P,0.0072,0.000814000,3,
2026-09-01,JPU,OPT,JPUK7 P0730,2027-05-07,P,0.0073,0.000907000,3,
2026-09-01,JPU,OPT,JPUK7 P0740,2027-05-07,P,0.0074,0.001002000,3,
2026-09-01,JPU,OPT,JPUK7 P0750,2027-05-07,P,0.0075,0.001097000,3,
2026-09-01,JPU,OPT,JPUK7 P0760,2027-05-07,P,0.0076,0.001193000,3,
2026-09-01,JPU,OPT,JPUK7 P0770,2027-05-07,P,0.0077,0.001288000,3,
2026-09-01,JPU,OPT,JPUK7 P0780,2027-05-07,P,0.0078,0.001384000,3,
2026-09-01,JPU,OPT,JPUK7 P0790,2027-05-07,P,0.0079,0.001481000,3,
2026-09-01,JPU,OPT,JPUK7 P0800,2027-05-07,P,0.008,0.001577000,3,
2026-09-01,JPU,OPT,JPUK7 P0810,2027-05-07,P,0.0081,0.001674000,3,
2026-09-01,JPU,OPT,JPUM7 C0480,2027-06-04,C,0.0048,0.001537000,3,
2026-09-01,JPU,OPT,JPUM7 C0490,2027-06-04,C,0.0049,0.001440000,3,
2026-09-01,JPU,OPT,JPUM7 C0500,2027-06-04,C,0.005,0.001344000,3,
2026-09-01,JPU,OPT,JPUM7 C0510,2027-06-04,C,0.0051,0.001247000,3,
2026-09-01,JPU,OPT,JPUM7 C0520,2027-06-04,C,0.0052,0.001151000,3,
2026-09-01,JPU,OPT,JPUM7 C0530,2027-06-04,C,0.0053,0.001055000,3,
2026-09-01,JPU,OPT,JPUM7 C0540,2027-06-04,C,0.0054,0.000959000,3,
2026-09-01,JPU,OPT,JPUM7 C0550,2027-06-04,C,0.0055,0.000864000,3,
2026-09-01,JPU,OPT,JPUM7 C0560,2027-06-04,C,0.0056,0.000771000,3,
2026-09-01,JPU,OPT,JPUM7 C0570,2027-06-04,C,0.0057,0.000679000,3,
2026-09-01,JPU,OPT,JPUM7 C0575,2027-06-04,C,0.00575,0.000634000,3,
2026-09-01,JPU,OPT,JPUM7 C0580,2027-06-04,C,0.0058,0.000590000,3,
2026-09-01,JPU,OPT,JPUM7 C0585,2027-06-04,C,0.00585,0.000546000,3,
2026-09-01,JPU,OPT,JPUM7 C0590,2027-06-04,C,0.0059,0.000504000,3,
2026-09-01,JPU,OPT,JPUM7 C0595,2027-06-04,C,0.00595,0.000462000,3,
2026-09-01,JPU,OPT,JPUM7 C0600,2027-06-04,C,0.006,0.000422000,3,
2026-09-01,JPU,OPT,JPUM7 C0605,2027-06-04,C,0.00605,0.000383000,3,
2026-09-01,JPU,OPT,JPUM7 C0610,2027-06-04,C,0.0061,0.000346000,3,
2026-09-01,JPU,OPT,JPUM7 C0615,2027-06-04,C,0.00615,0.000311000,3,
2026-09-01,JPU,OPT,JPUM7 C0620,2027-06-04,C,0.0062,0.000277000,3,
2026-09-01,JPU,OPT,JPUM7 C0625,2027-06-04,C,0.00625,0.000246000,3,
2026-09-01,JPU,OPT,JPUM7 C0630,2027-06-04,C,0.0063,0.000218000,3,1
2026-09-01,JPU,OPT,JPUM7 C0635,2027-06-04,C,0.00635,0.000192000,3,2
2026-09-01,JPU,OPT,JPUM7 C0640,2027-06-04,C,0.0064,0.000169000,3,1
2026-09-01,JPU,OPT,JPUM7 C0645,2027-06-04,C,0.00645,0.000148000,3,3
2026-09-01,JPU,OPT,JPUM7 C0650,2027-06-04,C,0.0065,0.000129000,3,7
2026-09-01,JPU,OPT,JPUM7 C0655,2027-06-04,C,0.00655,0.000113000,3,1
2026-09-01,JPU,OPT,JPUM7 C0660,2027-06-04,C,0.0066,0.000099000,3,2
2026-09-01,JPU,OPT,JPUM7 C0665,2027-06-04,C,0.00665,0.000087000,3,20
2026-09-01,JPU,OPT,JPUM7 C0670,2027-06-04,C,0.0067,0.000076000,3,23
2026-09-01,JPU,OPT,JPUM7 C0675,2027-06-04,C,0.00675,0.000067000,3,13
2026-09-01,JPU,OPT,JPUM7 C0680,2027-06-04,C,0.0068,0.000059000,3,
2026-09-01,JPU,OPT,JPUM7 C0685,2027-06-04,C,0.00685,0.000052000,3,23
2026-09-01,JPU,OPT,JPUM7 C0690,2027-06-04,C,0.0069,0.000046000,3,4
2026-09-01,JPU,OPT,JPUM7 C0695,2027-06-04,C,0.00695,0.000040000,3,
2026-09-01,JPU,OPT,JPUM7 C0700,2027-06-04,C,0.007,0.000036000,3,5
2026-09-01,JPU,OPT,JPUM7 C0705,2027-06-04,C,0.00705,0.000032000,3,
2026-09-01,JPU,OPT,JPUM7 C0710,2027-06-04,C,0.0071,0.000028000,3,2
2026-09-01,JPU,OPT,JPUM7 C0715,2027-06-04,C,0.00715,0.000025000,3,37
2026-09-01,JPU,OPT,JPUM7 C0720,2027-06-04,C,0.0072,0.000022000,3,
2026-09-01,JPU,OPT,JPUM7 C0725,2027-06-04,C,0.00725,0.000020000,3,10
2026-09-01,JPU,OPT,JPUM7 C0730,2027-06-04,C,0.0073,0.000018000,3,
2026-09-01,JPU,OPT,JPUM7 C0735,2027-06-04,C,0.00735,0.000016000,3,
2026-09-01,JPU,OPT,JPUM7 C0740,2027-06-04,C,0.0074,0.000015000,3,
2026-09-01,JPU,OPT,JPUM7 C0745,2027-06-04,C,0.00745,0.000013000,3,1
2026-09-01,JPU,OPT,JPUM7 C0750,2027-06-04,C,0.0075,0.000012000,3,2
2026-09-01,JPU,OPT,JPUM7 C0755,2027-06-04,C,0.00755,0.000011000,3,20
2026-09-01,JPU,OPT,JPUM7 C0760,2027-06-04,C,0.0076,0.000010000,3,1
2026-09-01,JPU,OPT,JPUM7 C0765,2027-06-04,C,0.00765,0.000009000,3,1
2026-09-01,JPU,OPT,JPUM7 C0770,2027-06-04,C,0.0077,0.000009000,3,1
2026-09-01,JPU,OPT,JPUM7 C0775,2027-06-04,C,0.00775,0.000008000,3,1
2026-09-01,JPU,OPT,JPUM7 C0780,2027-06-04,C,0.0078,0.000007000,3,
2026-09-01,JPU,OPT,JPUM7 C0785,2027-06-04,C,0.00785,0.000007000,3,
2026-09-01,JPU,OPT,JPUM7 C0790,2027-06-04,C,0.0079,0.000006000,3,
2026-09-01,JPU,OPT,JPUM7 C0795,2027-06-04,C,0.00795,0.000006000,3,
2026-09-01,JPU,OPT,JPUM7 C0800,2027-06-04,C,0.008,0.000006000,3,
2026-09-01,JPU,OPT,JPUM7 C0810,2027-06-04,C,0.0081,0.000005000,3,
2026-09-01,JPU,OPT,JPUM7 C0820,2027-06-04,C,0.0082,0.000004500,3,
2026-09-01,JPU,OPT,JPUM7 C0830,2027-06-04,C,0.0083,0.000004000,3,
2026-09-01,JPU,OPT,JPUM7 C0840,2027-06-04,C,0.0084,0.000003000,3,
2026-09-01,JPU,OPT,JPUM7 C0850,2027-06-04,C,0.0085,0.000002500,3,
2026-09-01,JPU,OPT,JPUM7 C0860,2027-06-04,C,0.0086,0.000002500,3,
2026-09-01,JPU,OPT,JPUM7 C0870,2027-06-04,C,0.0087,0.000002000,3,
2026-09-01,JPU,OPT,JPUM7 C0880,2027-06-04,C,0.0088,0.000002000,3,
2026-09-01,JPU,OPT,JPUM7 C0890,2027-06-04,C,0.0089,0.000001500,3,
2026-09-01,JPU,OPT,JPUM7 P0480,2027-06-04,P,0.0048,0.000000500,3,12
2026-09-01,JPU,OPT,JPUM7 P0490,2027-06-04,P,0.0049,0.000001000,3,
2026-09-01,JPU,OPT,JPUM7 P0500,2027-06-04,P,0.005,0.000001500,3,
2026-09-01,JPU,OPT,JPUM7 P0510,2027-06-04,P,0.0051,0.000002000,3,
2026-09-01,JPU,OPT,JPUM7 P0520,2027-06-04,P,0.0052,0.000002500,3,
2026-09-01,JPU,OPT,JPUM7 P0530,2027-06-04,P,0.0053,0.000003500,3,
2026-09-01,JPU,OPT,JPUM7 P0540,2027-06-04,P,0.0054,0.000005000,3,
2026-09-01,JPU,OPT,JPUM7 P0550,2027-06-04,P,0.0055,0.000007000,3,
2026-09-01,JPU,OPT,JPUM7 P0560,2027-06-04,P,0.0056,0.000011000,3,2
2026-09-01,JPU,OPT,JPUM7 P0570,2027-06-04,P,0.0057,0.000016000,3,2
2026-09-01,JPU,OPT,JPUM7 P0575,2027-06-04,P,0.00575,0.000019000,3,
2026-09-01,JPU,OPT,JPUM7 P0580,2027-06-04,P,0.0058,0.000024000,3,3
2026-09-01,JPU,OPT,JPUM7 P0585,2027-06-04,P,0.00585,0.000029000,3,
2026-09-01,JPU,OPT,JPUM7 P0590,2027-06-04,P,0.0059,0.000035000,3,46
2026-09-01,JPU,OPT,JPUM7 P0595,2027-06-04,P,0.00595,0.000042000,3,
2026-09-01,JPU,OPT,JPUM7 P0600,2027-06-04,P,0.006,0.000050000,3,11
2026-09-01,JPU,OPT,JPUM7 P0605,2027-06-04,P,0.00605,0.000059000,3,
2026-09-01,JPU,OPT,JPUM7 P0610,2027-06-04,P,0.0061,0.000071000,3,193
2026-09-01,JPU,OPT,JPUM7 P0615,2027-06-04,P,0.00615,0.000084000,3,
2026-09-01,JPU,OPT,JPUM7 P0620,2027-06-04,P,0.0062,0.000099000,3,427
2026-09-01,JPU,OPT,JPUM7 P0625,2027-06-04,P,0.00625,0.000117000,3,
2026-09-01,JPU,OPT,JPUM7 P0630,2027-06-04,P,0.0063,0.000137000,3,100
2026-09-01,JPU,OPT,JPUM7 P0635,2027-06-04,P,0.00635,0.000159000,3,5
2026-09-01,JPU,OPT,JPUM7 P0640,2027-06-04,P,0.0064,0.000185000,3,100
2026-09-01,JPU,OPT,JPUM7 P0645,2027-06-04,P,0.00645,0.000212000,3,
2026-09-01,JPU,OPT,JPUM7 P0650,2027-06-04,P,0.0065,0.000242000,3,2
2026-09-01,JPU,OPT,JPUM7 P0655,2027-06-04,P,0.00655,0.000275000,3,
2026-09-01,JPU,OPT,JPUM7 P0660,2027-06-04,P,0.0066,0.000309000,3,
2026-09-01,JPU,OPT,JPUM7 P0665,2027-06-04,P,0.00665,0.000345000,3,
2026-09-01,JPU,OPT,JPUM7 P0670,2027-06-04,P,0.0067,0.000383000,3,
2026-09-01,JPU,OPT,JPUM7 P0675,2027-06-04,P,0.00675,0.000423000,3,
2026-09-01,JPU,OPT,JPUM7 P0680,2027-06-04,P,0.0068,0.000463000,3,
2026-09-01,JPU,OPT,JPUM7 P0685,2027-06-04,P,0.00685,0.000505000,3,
2026-09-01,JPU,OPT,JPUM7 P0690,2027-06-04,P,0.0069,0.000547000,3,
2026-09-01,JPU,OPT,JPUM7 P0695,2027-06-04,P,0.00695,0.000590000,3,
2026-09-01,JPU,OPT,JPUM7 P0700,2027-06-04,P,0.007,0.000634000,3,
2026-09-01,JPU,OPT,JPUM7 P0705,2027-06-04,P,0.00705,0.000678000,3,
2026-09-01,JPU,OPT,JPUM7 P0710,2027-06-04,P,0.0071,0.000723000,3,
2026-09-01,JPU,OPT,JPUM7 P0715,2027-06-04,P,0.00715,0.000769000,3,
2026-09-01,JPU,OPT,JPUM7 P0720,2027-06-04,P,0.0072,0.000814000,3,
2026-09-01,JPU,OPT,JPUM7 P0725,2027-06-04,P,0.00725,0.000861000,3,
2026-09-01,JPU,OPT,JPUM7 P0730,2027-06-04,P,0.0073,0.000907000,3,
2026-09-01,JPU,OPT,JPUM7 P0735,2027-06-04,P,0.00735,0.000954000,3,
2026-09-01,JPU,OPT,JPUM7 P0740,2027-06-04,P,0.0074,0.001001000,3,
2026-09-01,JPU,OPT,JPUM7 P0745,2027-06-04,P,0.00745,0.001048000,3,
2026-09-01,JPU,OPT,JPUM7 P0750,2027-06-04,P,0.0075,0.001095000,3,
2026-09-01,JPU,OPT,JPUM7 P0755,2027-06-04,P,0.00755,0.001143000,3,
2026-09-01,JPU,OPT,JPUM7 P0760,2027-06-04,P,0.0076,0.001190000,3,
2026-09-01,JPU,OPT,JPUM7 P0765,2027-06-04,P,0.00765,0.001238000,3,
2026-09-01,JPU,OPT,JPUM7 P0770,2027-06-04,P,0.0077,0.001286000,3,
2026-09-01,JPU,OPT,JPUM7 P0775,2027-06-04,P,0.00775,0.001334000,3,
2026-09-01,JPU,OPT,JPUM7 P0780,2027-06-04,P,0.0078,0.001382000,3,
2026-09-01,JPU,OPT,JPUM7 P0785,2027-06-04,P,0.00785,0.001430000,3,
2026-09-01,JPU,OPT,JPUM7 P0790,2027-06-04,P,0.0079,0.001478000,3,
2026-09-01,JPU,OPT,JPUM7 P0795,2027-06-04,P,0.00795,0.001526000,3,
2026-09-01,JPU,OPT,JPUM7 P0800,2027-06-04,P,0.008,0.001574000,3,
2026-09-01,JPU,OPT,JPUM7 P0810,2027-06-04,P,0.0081,0.001671000,3,
2026-09-01,JPU,OPT,JPUM7 P0820,2027-06-04,P,0.0082,0.001767000,3,
2026-09-01,JPU,OPT,JPUM7 P0830,2027-06-04,P,0.0083,0.001863000,3,
2026-09-01,JPU,OPT,JPUM7 P0840,2027-06-04,P,0.0084,0.001960000,3,
2026-09-01,JPU,OPT,JPUM7 P0850,2027-06-04,P,0.0085,0.002056000,3,
2026-09-01,JPU,OPT,JPUM7 P0860,2027-06-04,P,0.0086,0.002153000,3,
2026-09-01,JPU,OPT,JPUM7 P0870,2027-06-04,P,0.0087,0.002250000,3,
2026-09-01,JPU,OPT,JPUM7 P0880,2027-06-04,P,0.0088,0.002346000,3,
2026-09-01,JPU,OPT,JPUM7 P0890,2027-06-04,P,0.0089,0.002443000,3,
2026-09-01,JPU,OPT,JPUN7 C0480,2027-07-09,C,0.0048,0.001572000,3,
2026-09-01,JPU,OPT,JPUN7 C0490,2027-07-09,C,0.0049,0.001476000,3,
2026-09-01,JPU,OPT,JPUN7 C0500,2027-07-09,C,0.005,0.001380000,3,
2026-09-01,JPU,OPT,JPUN7 C0510,2027-07-09,C,0.0051,0.001284000,3,
2026-09-01,JPU,OPT,JPUN7 C0520,2027-07-09,C,0.0052,0.001189000,3,
2026-09-01,JPU,OPT,JPUN7 C0530,2027-07-09,C,0.0053,0.001094000,3,
2026-09-01,JPU,OPT,JPUN7 C0540,2027-07-09,C,0.0054,0.000999000,3,
2026-09-01,JPU,OPT,JPUN7 C0550,2027-07-09,C,0.0055,0.000905000,3,
2026-09-01,JPU,OPT,JPUN7 C0560,2027-07-09,C,0.0056,0.000812000,3,
2026-09-01,JPU,OPT,JPUN7 C0570,2027-07-09,C,0.0057,0.000721000,3,
2026-09-01,JPU,OPT,JPUN7 C0580,2027-07-09,C,0.0058,0.000631000,3,
2026-09-01,JPU,OPT,JPUN7 C0585,2027-07-09,C,0.00585,0.000588000,3,
2026-09-01,JPU,OPT,JPUN7 C0590,2027-07-09,C,0.0059,0.000545000,3,
2026-09-01,JPU,OPT,JPUN7 C0595,2027-07-09,C,0.00595,0.000504000,3,
2026-09-01,JPU,OPT,JPUN7 C0600,2027-07-09,C,0.006,0.000464000,3,
2026-09-01,JPU,OPT,JPUN7 C0605,2027-07-09,C,0.00605,0.000425000,3,
2026-09-01,JPU,OPT,JPUN7 C0610,2027-07-09,C,0.0061,0.000387000,3,
2026-09-01,JPU,OPT,JPUN7 C0615,2027-07-09,C,0.00615,0.000351000,3,
2026-09-01,JPU,OPT,JPUN7 C0620,2027-07-09,C,0.0062,0.000317000,3,
2026-09-01,JPU,OPT,JPUN7 C0625,2027-07-09,C,0.00625,0.000285000,3,
2026-09-01,JPU,OPT,JPUN7 C0630,2027-07-09,C,0.0063,0.000255000,3,
2026-09-01,JPU,OPT,JPUN7 C0635,2027-07-09,C,0.00635,0.000227000,3,
2026-09-01,JPU,OPT,JPUN7 C0640,2027-07-09,C,0.0064,0.000202000,3,
2026-09-01,JPU,OPT,JPUN7 C0645,2027-07-09,C,0.00645,0.000179000,3,41
2026-09-01,JPU,OPT,JPUN7 C0650,2027-07-09,C,0.0065,0.000158000,3,
2026-09-01,JPU,OPT,JPUN7 C0655,2027-07-09,C,0.00655,0.000139000,3,
2026-09-01,JPU,OPT,JPUN7 C0660,2027-07-09,C,0.0066,0.000123000,3,
2026-09-01,JPU,OPT,JPUN7 C0665,2027-07-09,C,0.00665,0.000108000,3,10
2026-09-01,JPU,OPT,JPUN7 C0670,2027-07-09,C,0.0067,0.000096000,3,
2026-09-01,JPU,OPT,JPUN7 C0675,2027-07-09,C,0.00675,0.000084000,3,
2026-09-01,JPU,OPT,JPUN7 C0680,2027-07-09,C,0.0068,0.000075000,3,2
2026-09-01,JPU,OPT,JPUN7 C0685,2027-07-09,C,0.00685,0.000066000,3,
2026-09-01,JPU,OPT,JPUN7 C0690,2027-07-09,C,0.0069,0.000058000,3,
2026-09-01,JPU,OPT,JPUN7 C0695,2027-07-09,C,0.00695,0.000052000,3,
2026-09-01,JPU,OPT,JPUN7 C0700,2027-07-09,C,0.007,0.000046000,3,6
2026-09-01,JPU,OPT,JPUN7 C0705,2027-07-09,C,0.00705,0.000041000,3,
2026-09-01,JPU,OPT,JPUN7 C0710,2027-07-09,C,0.0071,0.000037000,3,
2026-09-01,JPU,OPT,JPUN7 C0720,2027-07-09,C,0.0072,0.000029000,3,1
2026-09-01,JPU,OPT,JPUN7 C0730,2027-07-09,C,0.0073,0.000024000,3,
2026-09-01,JPU,OPT,JPUN7 C0740,2027-07-09,C,0.0074,0.000020000,3,
2026-09-01,JPU,OPT,JPUN7 C0750,2027-07-09,C,0.0075,0.000016000,3,
2026-09-01,JPU,OPT,JPUN7 C0760,2027-07-09,C,0.0076,0.000014000,3,
2026-09-01,JPU,OPT,JPUN7 C0770,2027-07-09,C,0.0077,0.000011000,3,16
2026-09-01,JPU,OPT,JPUN7 C0780,2027-07-09,C,0.0078,0.000009000,3,29
2026-09-01,JPU,OPT,JPUN7 C0790,2027-07-09,C,0.0079,0.000008000,3,
2026-09-01,JPU,OPT,JPUN7 C0800,2027-07-09,C,0.008,0.000007000,3,
2026-09-01,JPU,OPT,JPUN7 C0810,2027-07-09,C,0.0081,0.000006000,3,
2026-09-01,JPU,OPT,JPUN7 P0480,2027-07-09,P,0.0048,0.000001000,3,14
2026-09-01,JPU,OPT,JPUN7 P0490,2027-07-09,P,0.0049,0.000001500,3,
2026-09-01,JPU,OPT,JPUN7 P0500,2027-07-09,P,0.005,0.000002000,3,
2026-09-01,JPU,OPT,JPUN7 P0510,2027-07-09,P,0.0051,0.000003000,3,
2026-09-01,JPU,OPT,JPUN7 P0520,2027-07-09,P,0.0052,0.000004000,3,
2026-09-01,JPU,OPT,JPUN7 P0530,2027-07-09,P,0.0053,0.000006000,3,
2026-09-01,JPU,OPT,JPUN7 P0540,2027-07-09,P,0.0054,0.000007000,3,20
2026-09-01,JPU,OPT,JPUN7 P0550,2027-07-09,P,0.0055,0.000010000,3,
2026-09-01,JPU,OPT,JPUN7 P0560,2027-07-09,P,0.0056,0.000014000,3,
2026-09-01,JPU,OPT,JPUN7 P0570,2027-07-09,P,0.0057,0.000019000,3,
2026-09-01,JPU,OPT,JPUN7 P0580,2027-07-09,P,0.0058,0.000027000,3,1
2026-09-01,JPU,OPT,JPUN7 P0585,2027-07-09,P,0.00585,0.000031000,3,
2026-09-01,JPU,OPT,JPUN7 P0590,2027-07-09,P,0.0059,0.000037000,3,1
2026-09-01,JPU,OPT,JPUN7 P0595,2027-07-09,P,0.00595,0.000044000,3,1
2026-09-01,JPU,OPT,JPUN7 P0600,2027-07-09,P,0.006,0.000052000,3,1
2026-09-01,JPU,OPT,JPUN7 P0605,2027-07-09,P,0.00605,0.000061000,3,
2026-09-01,JPU,OPT,JPUN7 P0610,2027-07-09,P,0.0061,0.000072000,3,
2026-09-01,JPU,OPT,JPUN7 P0615,2027-07-09,P,0.00615,0.000085000,3,
2026-09-01,JPU,OPT,JPUN7 P0620,2027-07-09,P,0.0062,0.000099000,3,
2026-09-01,JPU,OPT,JPUN7 P0625,2027-07-09,P,0.00625,0.000115000,3,1
2026-09-01,JPU,OPT,JPUN7 P0630,2027-07-09,P,0.0063,0.000134000,3,
2026-09-01,JPU,OPT,JPUN7 P0635,2027-07-09,P,0.00635,0.000154000,3,
2026-09-01,JPU,OPT,JPUN7 P0640,2027-07-09,P,0.0064,0.000177000,3,
2026-09-01,JPU,OPT,JPUN7 P0645,2027-07-09,P,0.00645,0.000202000,3,
2026-09-01,JPU,OPT,JPUN7 P0650,2027-07-09,P,0.0065,0.000229000,3,
2026-09-01,JPU,OPT,JPUN7 P0655,2027-07-09,P,0.00655,0.000259000,3,
2026-09-01,JPU,OPT,JPUN7 P0660,2027-07-09,P,0.0066,0.000291000,3,
2026-09-01,JPU,OPT,JPUN7 P0665,2027-07-09,P,0.00665,0.000325000,3,
2026-09-01,JPU,OPT,JPUN7 P0670,2027-07-09,P,0.0067,0.000360000,3,
2026-09-01,JPU,OPT,JPUN7 P0675,2027-07-09,P,0.00675,0.000397000,3,
2026-09-01,JPU,OPT,JPUN7 P0680,2027-07-09,P,0.0068,0.000436000,3,
2026-09-01,JPU,OPT,JPUN7 P0685,2027-07-09,P,0.00685,0.000476000,3,
2026-09-01,JPU,OPT,JPUN7 P0690,2027-07-09,P,0.0069,0.000516000,3,
2026-09-01,JPU,OPT,JPUN7 P0695,2027-07-09,P,0.00695,0.000558000,3,
2026-09-01,JPU,OPT,JPUN7 P0700,2027-07-09,P,0.007,0.000601000,3,
2026-09-01,JPU,OPT,JPUN7 P0705,2027-07-09,P,0.00705,0.000644000,3,
2026-09-01,JPU,OPT,JPUN7 P0710,2027-07-09,P,0.0071,0.000688000,3,
2026-09-01,JPU,OPT,JPUN7 P0720,2027-07-09,P,0.0072,0.000777000,3,
2026-09-01,JPU,OPT,JPUN7 P0730,2027-07-09,P,0.0073,0.000868000,3,
2026-09-01,JPU,OPT,JPUN7 P0740,2027-07-09,P,0.0074,0.000961000,3,
2026-09-01,JPU,OPT,JPUN7 P0750,2027-07-09,P,0.0075,0.001054000,3,
2026-09-01,JPU,OPT,JPUN7 P0760,2027-07-09,P,0.0076,0.001148000,3,
2026-09-01,JPU,OPT,JPUN7 P0770,2027-07-09,P,0.0077,0.001242000,3,
2026-09-01,JPU,OPT,JPUN7 P0780,2027-07-09,P,0.0078,0.001337000,3,
2026-09-01,JPU,OPT,JPUN7 P0790,2027-07-09,P,0.0079,0.001432000,3,
2026-09-01,JPU,OPT,JPUN7 P0800,2027-07-09,P,0.008,0.001528000,3,
2026-09-01,JPU,OPT,JPUN7 P0810,2027-07-09,P,0.0081,0.001624000,3,
2026-09-01,JPU,OPT,JPUQ7 C0500,2027-08-06,C,0.005,0.001376000,3,
2026-09-01,JPU,OPT,JPUQ7 C0510,2027-08-06,C,0.0051,0.001280000,3,
2026-09-01,JPU,OPT,JPUQ7 C0520,2027-08-06,C,0.0052,0.001185000,3,
2026-09-01,JPU,OPT,JPUQ7 C0530,2027-08-06,C,0.0053,0.001091000,3,
2026-09-01,JPU,OPT,JPUQ7 C0540,2027-08-06,C,0.0054,0.000997000,3,
2026-09-01,JPU,OPT,JPUQ7 C0550,2027-08-06,C,0.0055,0.000904000,3,
2026-09-01,JPU,OPT,JPUQ7 C0560,2027-08-06,C,0.0056,0.000812000,3,
2026-09-01,JPU,OPT,JPUQ7 C0570,2027-08-06,C,0.0057,0.000722000,3,
2026-09-01,JPU,OPT,JPUQ7 C0580,2027-08-06,C,0.0058,0.000634000,3,
2026-09-01,JPU,OPT,JPUQ7 C0590,2027-08-06,C,0.0059,0.000550000,3,
2026-09-01,JPU,OPT,JPUQ7 C0595,2027-08-06,C,0.00595,0.000509000,3,
2026-09-01,JPU,OPT,JPUQ7 C0600,2027-08-06,C,0.006,0.000469000,3,
2026-09-01,JPU,OPT,JPUQ7 C0605,2027-08-06,C,0.00605,0.000431000,3,
2026-09-01,JPU,OPT,JPUQ7 C0610,2027-08-06,C,0.0061,0.000395000,3,
2026-09-01,JPU,OPT,JPUQ7 C0615,2027-08-06,C,0.00615,0.000359000,3,
2026-09-01,JPU,OPT,JPUQ7 C0620,2027-08-06,C,0.0062,0.000326000,3,
2026-09-01,JPU,OPT,JPUQ7 C0625,2027-08-06,C,0.00625,0.000295000,3,
2026-09-01,JPU,OPT,JPUQ7 C0630,2027-08-06,C,0.0063,0.000265000,3,
2026-09-01,JPU,OPT,JPUQ7 C0635,2027-08-06,C,0.00635,0.000237000,3,18
2026-09-01,JPU,OPT,JPUQ7 C0640,2027-08-06,C,0.0064,0.000212000,3,
2026-09-01,JPU,OPT,JPUQ7 C0645,2027-08-06,C,0.00645,0.000189000,3,
2026-09-01,JPU,OPT,JPUQ7 C0650,2027-08-06,C,0.0065,0.000168000,3,
2026-09-01,JPU,OPT,JPUQ7 C0655,2027-08-06,C,0.00655,0.000149000,3,
2026-09-01,JPU,OPT,JPUQ7 C0660,2027-08-06,C,0.0066,0.000132000,3,
2026-09-01,JPU,OPT,JPUQ7 C0665,2027-08-06,C,0.00665,0.000117000,3,
2026-09-01,JPU,OPT,JPUQ7 C0670,2027-08-06,C,0.0067,0.000104000,3,
2026-09-01,JPU,OPT,JPUQ7 C0675,2027-08-06,C,0.00675,0.000092000,3,10
2026-09-01,JPU,OPT,JPUQ7 C0680,2027-08-06,C,0.0068,0.000082000,3,
2026-09-01,JPU,OPT,JPUQ7 C0685,2027-08-06,C,0.00685,0.000073000,3,
2026-09-01,JPU,OPT,JPUQ7 C0690,2027-08-06,C,0.0069,0.000065000,3,
2026-09-01,JPU,OPT,JPUQ7 C0695,2027-08-06,C,0.00695,0.000058000,3,
2026-09-01,JPU,OPT,JPUQ7 C0700,2027-08-06,C,0.007,0.000052000,3,
2026-09-01,JPU,OPT,JPUQ7 C0705,2027-08-06,C,0.00705,0.000046000,3,
2026-09-01,JPU,OPT,JPUQ7 C0710,2027-08-06,C,0.0071,0.000042000,3,
2026-09-01,JPU,OPT,JPUQ7 C0720,2027-08-06,C,0.0072,0.000034000,3,
2026-09-01,JPU,OPT,JPUQ7 C0730,2027-08-06,C,0.0073,0.000027000,3,2
2026-09-01,JPU,OPT,JPUQ7 C0740,2027-08-06,C,0.0074,0.000022000,3,
2026-09-01,JPU,OPT,JPUQ7 C0750,2027-08-06,C,0.0075,0.000018000,3,
2026-09-01,JPU,OPT,JPUQ7 C0760,2027-08-06,C,0.0076,0.000015000,3,
2026-09-01,JPU,OPT,JPUQ7 C0770,2027-08-06,C,0.0077,0.000012000,3,
2026-09-01,JPU,OPT,JPUQ7 C0780,2027-08-06,C,0.0078,0.000010000,3,
2026-09-01,JPU,OPT,JPUQ7 C0790,2027-08-06,C,0.0079,0.000009000,3,
2026-09-01,JPU,OPT,JPUQ7 C0800,2027-08-06,C,0.008,0.000007000,3,
2026-09-01,JPU,OPT,JPUQ7 P0500,2027-08-06,P,0.005,0.000002000,3,
2026-09-01,JPU,OPT,JPUQ7 P0510,2027-08-06,P,0.0051,0.000003000,3,
2026-09-01,JPU,OPT,JPUQ7 P0520,2027-08-06,P,0.0052,0.000004500,3,
2026-09-01,JPU,OPT,JPUQ7 P0530,2027-08-06,P,0.0053,0.000006000,3,
2026-09-01,JPU,OPT,JPUQ7 P0540,2027-08-06,P,0.0054,0.000009000,3,
2026-09-01,JPU,OPT,JPUQ7 P0550,2027-08-06,P,0.0055,0.000012000,3,
2026-09-01,JPU,OPT,JPUQ7 P0560,2027-08-06,P,0.0056,0.000017000,3,
2026-09-01,JPU,OPT,JPUQ7 P0570,2027-08-06,P,0.0057,0.000023000,3,
2026-09-01,JPU,OPT,JPUQ7 P0580,2027-08-06,P,0.0058,0.000031000,3,
2026-09-01,JPU,OPT,JPUQ7 P0590,2027-08-06,P,0.0059,0.000043000,3,
2026-09-01,JPU,OPT,JPUQ7 P0595,2027-08-06,P,0.00595,0.000051000,3,
2026-09-01,JPU,OPT,JPUQ7 P0600,2027-08-06,P,0.006,0.000059000,3,
2026-09-01,JPU,OPT,JPUQ7 P0605,2027-08-06,P,0.00605,0.000069000,3,
2026-09-01,JPU,OPT,JPUQ7 P0610,2027-08-06,P,0.0061,0.000081000,3,
2026-09-01,JPU,OPT,JPUQ7 P0615,2027-08-06,P,0.00615,0.000094000,3,
2026-09-01,JPU,OPT,JPUQ7 P0620,2027-08-06,P,0.0062,0.000108000,3,
2026-09-01,JPU,OPT,JPUQ7 P0625,2027-08-06,P,0.00625,0.000125000,3,
2026-09-01,JPU,OPT,JPUQ7 P0630,2027-08-06,P,0.0063,0.000144000,3,
2026-09-01,JPU,OPT,JPUQ7 P0635,2027-08-06,P,0.00635,0.000164000,3,
2026-09-01,JPU,OPT,JPUQ7 P0640,2027-08-06,P,0.0064,0.000187000,3,
2026-09-01,JPU,OPT,JPUQ7 P0645,2027-08-06,P,0.00645,0.000212000,3,
2026-09-01,JPU,OPT,JPUQ7 P0650,2027-08-06,P,0.0065,0.000239000,3,
2026-09-01,JPU,OPT,JPUQ7 P0655,2027-08-06,P,0.00655,0.000268000,3,
2026-09-01,JPU,OPT,JPUQ7 P0660,2027-08-06,P,0.0066,0.000300000,3,
2026-09-01,JPU,OPT,JPUQ7 P0665,2027-08-06,P,0.00665,0.000333000,3,
2026-09-01,JPU,OPT,JPUQ7 P0670,2027-08-06,P,0.0067,0.000368000,3,
2026-09-01,JPU,OPT,JPUQ7 P0675,2027-08-06,P,0.00675,0.000404000,3,
2026-09-01,JPU,OPT,JPUQ7 P0680,2027-08-06,P,0.0068,0.000442000,3,
2026-09-01,JPU,OPT,JPUQ7 P0685,2027-08-06,P,0.00685,0.000481000,3,
2026-09-01,JPU,OPT,JPUQ7 P0690,2027-08-06,P,0.0069,0.000522000,3,
2026-09-01,JPU,OPT,JPUQ7 P0695,2027-08-06,P,0.00695,0.000563000,3,
2026-09-01,JPU,OPT,JPUQ7 P0700,2027-08-06,P,0.007,0.000605000,3,
2026-09-01,JPU,OPT,JPUQ7 P0705,2027-08-06,P,0.00705,0.000647000,3,
2026-09-01,JPU,OPT,JPUQ7 P0710,2027-08-06,P,0.0071,0.000691000,3,
2026-09-01,JPU,OPT,JPUQ7 P0720,2027-08-06,P,0.0072,0.000779000,3,
2026-09-01,JPU,OPT,JPUQ7 P0730,2027-08-06,P,0.0073,0.000869000,3,
2026-09-01,JPU,OPT,JPUQ7 P0740,2027-08-06,P,0.0074,0.000960000,3,
2026-09-01,JPU,OPT,JPUQ7 P0750,2027-08-06,P,0.0075,0.001053000,3,
2026-09-01,JPU,OPT,JPUQ7 P0760,2027-08-06,P,0.0076,0.001146000,3,
2026-09-01,JPU,OPT,JPUQ7 P0770,2027-08-06,P,0.0077,0.001239000,3,
2026-09-01,JPU,OPT,JPUQ7 P0780,2027-08-06,P,0.0078,0.001334000,3,
2026-09-01,JPU,OPT,JPUQ7 P0790,2027-08-06,P,0.0079,0.001428000,3,
2026-09-01,JPU,OPT,JPUQ7 P0800,2027-08-06,P,0.008,0.001523000,3,
2026-09-01,JPU,OPT,JPUU7 C0480,2027-09-03,C,0.0048,0.001563000,3,
2026-09-01,JPU,OPT,JPUU7 C0490,2027-09-03,C,0.0049,0.001468000,3,
2026-09-01,JPU,OPT,JPUU7 C0500,2027-09-03,C,0.005,0.001373000,3,
2026-09-01,JPU,OPT,JPUU7 C0510,2027-09-03,C,0.0051,0.001278000,3,
2026-09-01,JPU,OPT,JPUU7 C0520,2027-09-03,C,0.0052,0.001183000,3,
2026-09-01,JPU,OPT,JPUU7 C0530,2027-09-03,C,0.0053,0.001089000,3,
2026-09-01,JPU,OPT,JPUU7 C0540,2027-09-03,C,0.0054,0.000996000,3,
2026-09-01,JPU,OPT,JPUU7 C0550,2027-09-03,C,0.0055,0.000903000,3,
2026-09-01,JPU,OPT,JPUU7 C0560,2027-09-03,C,0.0056,0.000813000,3,
2026-09-01,JPU,OPT,JPUU7 C0570,2027-09-03,C,0.0057,0.000724000,3,
2026-09-01,JPU,OPT,JPUU7 C0580,2027-09-03,C,0.0058,0.000637000,3,
2026-09-01,JPU,OPT,JPUU7 C0585,2027-09-03,C,0.00585,0.000595000,3,
2026-09-01,JPU,OPT,JPUU7 C0590,2027-09-03,C,0.0059,0.000554000,3,
2026-09-01,JPU,OPT,JPUU7 C0595,2027-09-03,C,0.00595,0.000514000,3,
2026-09-01,JPU,OPT,JPUU7 C0600,2027-09-03,C,0.006,0.000475000,3,
2026-09-01,JPU,OPT,JPUU7 C0605,2027-09-03,C,0.00605,0.000437000,3,
2026-09-01,JPU,OPT,JPUU7 C0610,2027-09-03,C,0.0061,0.000401000,3,
2026-09-01,JPU,OPT,JPUU7 C0615,2027-09-03,C,0.00615,0.000366000,3,
2026-09-01,JPU,OPT,JPUU7 C0620,2027-09-03,C,0.0062,0.000333000,3,
2026-09-01,JPU,OPT,JPUU7 C0625,2027-09-03,C,0.00625,0.000301000,3,
2026-09-01,JPU,OPT,JPUU7 C0630,2027-09-03,C,0.0063,0.000272000,3,
2026-09-01,JPU,OPT,JPUU7 C0635,2027-09-03,C,0.00635,0.000245000,3,
2026-09-01,JPU,OPT,JPUU7 C0640,2027-09-03,C,0.0064,0.000219000,3,10
2026-09-01,JPU,OPT,JPUU7 C0645,2027-09-03,C,0.00645,0.000196000,3,32
2026-09-01,JPU,OPT,JPUU7 C0650,2027-09-03,C,0.0065,0.000175000,3,
2026-09-01,JPU,OPT,JPUU7 C0655,2027-09-03,C,0.00655,0.000156000,3,
2026-09-01,JPU,OPT,JPUU7 C0660,2027-09-03,C,0.0066,0.000139000,3,
2026-09-01,JPU,OPT,JPUU7 C0665,2027-09-03,C,0.00665,0.000124000,3,32
2026-09-01,JPU,OPT,JPUU7 C0670,2027-09-03,C,0.0067,0.000111000,3,
2026-09-01,JPU,OPT,JPUU7 C0675,2027-09-03,C,0.00675,0.000099000,3,10
2026-09-01,JPU,OPT,JPUU7 C0680,2027-09-03,C,0.0068,0.000088000,3,
2026-09-01,JPU,OPT,JPUU7 C0685,2027-09-03,C,0.00685,0.000079000,3,
2026-09-01,JPU,OPT,JPUU7 C0690,2027-09-03,C,0.0069,0.000071000,3,
2026-09-01,JPU,OPT,JPUU7 C0695,2027-09-03,C,0.00695,0.000063000,3,
2026-09-01,JPU,OPT,JPUU7 C0700,2027-09-03,C,0.007,0.000057000,3,2
2026-09-01,JPU,OPT,JPUU7 C0705,2027-09-03,C,0.00705,0.000051000,3,
2026-09-01,JPU,OPT,JPUU7 C0710,2027-09-03,C,0.0071,0.000046000,3,2
2026-09-01,JPU,OPT,JPUU7 C0715,2027-09-03,C,0.00715,0.000042000,3,
2026-09-01,JPU,OPT,JPUU7 C0720,2027-09-03,C,0.0072,0.000038000,3,2
2026-09-01,JPU,OPT,JPUU7 C0725,2027-09-03,C,0.00725,0.000034000,3,
2026-09-01,JPU,OPT,JPUU7 C0730,2027-09-03,C,0.0073,0.000031000,3,2
2026-09-01,JPU,OPT,JPUU7 C0735,2027-09-03,C,0.00735,0.000028000,3,
2026-09-01,JPU,OPT,JPUU7 C0740,2027-09-03,C,0.0074,0.000026000,3,
2026-09-01,JPU,OPT,JPUU7 C0745,2027-09-03,C,0.00745,0.000023000,3,
2026-09-01,JPU,OPT,JPUU7 C0750,2027-09-03,C,0.0075,0.000021000,3,1
2026-09-01,JPU,OPT,JPUU7 C0755,2027-09-03,C,0.00755,0.000019000,3,
2026-09-01,JPU,OPT,JPUU7 C0760,2027-09-03,C,0.0076,0.000018000,3,
2026-09-01,JPU,OPT,JPUU7 C0765,2027-09-03,C,0.00765,0.000016000,3,
2026-09-01,JPU,OPT,JPUU7 C0770,2027-09-03,C,0.0077,0.000015000,3,
2026-09-01,JPU,OPT,JPUU7 C0780,2027-09-03,C,0.0078,0.000013000,3,
2026-09-01,JPU,OPT,JPUU7 C0790,2027-09-03,C,0.0079,0.000011000,3,
2026-09-01,JPU,OPT,JPUU7 C0800,2027-09-03,C,0.008,0.000010000,3,11
2026-09-01,JPU,OPT,JPUU7 C0810,2027-09-03,C,0.0081,0.000008000,3,
2026-09-01,JPU,OPT,JPUU7 C0820,2027-09-03,C,0.0082,0.000007000,3,
2026-09-01,JPU,OPT,JPUU7 C0830,2027-09-03,C,0.0083,0.000007000,3,
2026-09-01,JPU,OPT,JPUU7 C0840,2027-09-03,C,0.0084,0.000006000,3,
2026-09-01,JPU,OPT,JPUU7 C0850,2027-09-03,C,0.0085,0.000005000,3,
2026-09-01,JPU,OPT,JPUU7 C0860,2027-09-03,C,0.0086,0.000005000,3,
2026-09-01,JPU,OPT,JPUU7 C0870,2027-09-03,C,0.0087,0.000004000,3,7
2026-09-01,JPU,OPT,JPUU7 P0480,2027-09-03,P,0.0048,0.000002000,3,
2026-09-01,JPU,OPT,JPUU7 P0490,2027-09-03,P,0.0049,0.000003500,3,
2026-09-01,JPU,OPT,JPUU7 P0500,2027-09-03,P,0.005,0.000004000,3,
2026-09-01,JPU,OPT,JPUU7 P0510,2027-09-03,P,0.0051,0.000005000,3,
2026-09-01,JPU,OPT,JPUU7 P0520,2027-09-03,P,0.0052,0.000007000,3,
2026-09-01,JPU,OPT,JPUU7 P0530,2027-09-03,P,0.0053,0.000008000,3,
2026-09-01,JPU,OPT,JPUU7 P0540,2027-09-03,P,0.0054,0.000011000,3,
2026-09-01,JPU,OPT,JPUU7 P0550,2027-09-03,P,0.0055,0.000015000,3,
2026-09-01,JPU,OPT,JPUU7 P0560,2027-09-03,P,0.0056,0.000020000,3,
2026-09-01,JPU,OPT,JPUU7 P0570,2027-09-03,P,0.0057,0.000027000,3,1
2026-09-01,JPU,OPT,JPUU7 P0580,2027-09-03,P,0.0058,0.000037000,3,
2026-09-01,JPU,OPT,JPUU7 P0585,2027-09-03,P,0.00585,0.000042000,3,
2026-09-01,JPU,OPT,JPUU7 P0590,2027-09-03,P,0.0059,0.000049000,3,10
2026-09-01,JPU,OPT,JPUU7 P0595,2027-09-03,P,0.00595,0.000057000,3,
2026-09-01,JPU,OPT,JPUU7 P0600,2027-09-03,P,0.006,0.000066000,3,2
2026-09-01,JPU,OPT,JPUU7 P0605,2027-09-03,P,0.00605,0.000076000,3,
2026-09-01,JPU,OPT,JPUU7 P0610,2027-09-03,P,0.0061,0.000088000,3,250
2026-09-01,JPU,OPT,JPUU7 P0615,2027-09-03,P,0.00615,0.000101000,3,
2026-09-01,JPU,OPT,JPUU7 P0620,2027-09-03,P,0.0062,0.000116000,3,1
2026-09-01,JPU,OPT,JPUU7 P0625,2027-09-03,P,0.00625,0.000132000,3,
2026-09-01,JPU,OPT,JPUU7 P0630,2027-09-03,P,0.0063,0.000151000,3,
2026-09-01,JPU,OPT,JPUU7 P0635,2027-09-03,P,0.00635,0.000172000,3,
2026-09-01,JPU,OPT,JPUU7 P0640,2027-09-03,P,0.0064,0.000194000,3,
2026-09-01,JPU,OPT,JPUU7 P0645,2027-09-03,P,0.00645,0.000219000,3,8
2026-09-01,JPU,OPT,JPUU7 P0650,2027-09-03,P,0.0065,0.000246000,3,2
2026-09-01,JPU,OPT,JPUU7 P0655,2027-09-03,P,0.00655,0.000275000,3,
2026-09-01,JPU,OPT,JPUU7 P0660,2027-09-03,P,0.0066,0.000306000,3,
2026-09-01,JPU,OPT,JPUU7 P0665,2027-09-03,P,0.00665,0.000339000,3,
2026-09-01,JPU,OPT,JPUU7 P0670,2027-09-03,P,0.0067,0.000374000,3,
2026-09-01,JPU,OPT,JPUU7 P0675,2027-09-03,P,0.00675,0.000410000,3,
2026-09-01,JPU,OPT,JPUU7 P0680,2027-09-03,P,0.0068,0.000447000,3,
2026-09-01,JPU,OPT,JPUU7 P0685,2027-09-03,P,0.00685,0.000486000,3,
2026-09-01,JPU,OPT,JPUU7 P0690,2027-09-03,P,0.0069,0.000526000,3,
2026-09-01,JPU,OPT,JPUU7 P0695,2027-09-03,P,0.00695,0.000566000,3,
2026-09-01,JPU,OPT,JPUU7 P0700,2027-09-03,P,0.007,0.000608000,3,
2026-09-01,JPU,OPT,JPUU7 P0705,2027-09-03,P,0.00705,0.000650000,3,
2026-09-01,JPU,OPT,JPUU7 P0710,2027-09-03,P,0.0071,0.000693000,3,
2026-09-01,JPU,OPT,JPUU7 P0715,2027-09-03,P,0.00715,0.000737000,3,
2026-09-01,JPU,OPT,JPUU7 P0720,2027-09-03,P,0.0072,0.000781000,3,
2026-09-01,JPU,OPT,JPUU7 P0725,2027-09-03,P,0.00725,0.000825000,3,
2026-09-01,JPU,OPT,JPUU7 P0730,2027-09-03,P,0.0073,0.000870000,3,
2026-09-01,JPU,OPT,JPUU7 P0735,2027-09-03,P,0.00735,0.000915000,3,
2026-09-01,JPU,OPT,JPUU7 P0740,2027-09-03,P,0.0074,0.000961000,3,
2026-09-01,JPU,OPT,JPUU7 P0745,2027-09-03,P,0.00745,0.001006000,3,
2026-09-01,JPU,OPT,JPUU7 P0750,2027-09-03,P,0.0075,0.001052000,3,
2026-09-01,JPU,OPT,JPUU7 P0755,2027-09-03,P,0.00755,0.001098000,3,
2026-09-01,JPU,OPT,JPUU7 P0760,2027-09-03,P,0.0076,0.001145000,3,
2026-09-01,JPU,OPT,JPUU7 P0765,2027-09-03,P,0.00765,0.001191000,3,
2026-09-01,JPU,OPT,JPUU7 P0770,2027-09-03,P,0.0077,0.001238000,3,
2026-09-01,JPU,OPT,JPUU7 P0780,2027-09-03,P,0.0078,0.001332000,3,
2026-09-01,JPU,OPT,JPUU7 P0790,2027-09-03,P,0.0079,0.001426000,3,
2026-09-01,JPU,OPT,JPUU7 P0800,2027-09-03,P,0.008,0.001521000,3,
2026-09-01,JPU,OPT,JPUU7 P0810,2027-09-03,P,0.0081,0.001615000,3,
2026-09-01,JPU,OPT,JPUU7 P0820,2027-09-03,P,0.0082,0.001710000,3,
2026-09-01,JPU,OPT,JPUU7 P0830,2027-09-03,P,0.0083,0.001806000,3,
2026-09-01,JPU,OPT,JPUU7 P0840,2027-09-03,P,0.0084,0.001901000,3,
2026-09-01,JPU,OPT,JPUU7 P0850,2027-09-03,P,0.0085,0.001996000,3,
2026-09-01,JPU,OPT,JPUU7 P0860,2027-09-03,P,0.0086,0.002092000,3,
2026-09-01,JPU,OPT,JPUU7 P0870,2027-09-03,P,0.0087,0.002187000,3,
2026-09-01,JPU,OPT,JPUZ7 C0490,2027-12-03,C,0.0049,0.001493000,3,
2026-09-01,JPU,OPT,JPUZ7 C0500,2027-12-03,C,0.005,0.001400000,3,
2026-09-01,JPU,OPT,JPUZ7 C0510,2027-12-03,C,0.0051,0.001309000,3,
2026-09-01,JPU,OPT,JPUZ7 C0520,2027-12-03,C,0.0052,0.001218000,3,
2026-09-01,JPU,OPT,JPUZ7 C0530,2027-12-03,C,0.0053,0.001128000,3,
2026-09-01,JPU,OPT,JPUZ7 C0540,2027-12-03,C,0.0054,0.001040000,3,
2026-09-01,JPU,OPT,JPUZ7 C0550,2027-12-03,C,0.0055,0.000951000,3,
2026-09-01,JPU,OPT,JPUZ7 C0560,2027-12-03,C,0.0056,0.000864000,3,
2026-09-01,JPU,OPT,JPUZ7 C0570,2027-12-03,C,0.0057,0.000780000,3,
2026-09-01,JPU,OPT,JPUZ7 C0580,2027-12-03,C,0.0058,0.000697000,3,
2026-09-01,JPU,OPT,JPUZ7 C0585,2027-12-03,C,0.00585,0.000657000,3,
2026-09-01,JPU,OPT,JPUZ7 C0590,2027-12-03,C,0.0059,0.000617000,3,
2026-09-01,JPU,OPT,JPUZ7 C0595,2027-12-03,C,0.00595,0.000579000,3,
2026-09-01,JPU,OPT,JPUZ7 C0600,2027-12-03,C,0.006,0.000541000,3,
2026-09-01,JPU,OPT,JPUZ7 C0605,2027-12-03,C,0.00605,0.000504000,3,
2026-09-01,JPU,OPT,JPUZ7 C0610,2027-12-03,C,0.0061,0.000469000,3,
2026-09-01,JPU,OPT,JPUZ7 C0615,2027-12-03,C,0.00615,0.000435000,3,
2026-09-01,JPU,OPT,JPUZ7 C0620,2027-12-03,C,0.0062,0.000402000,3,
2026-09-01,JPU,OPT,JPUZ7 C0625,2027-12-03,C,0.00625,0.000370000,3,
2026-09-01,JPU,OPT,JPUZ7 C0630,2027-12-03,C,0.0063,0.000339000,3,
2026-09-01,JPU,OPT,JPUZ7 C0635,2027-12-03,C,0.00635,0.000311000,3,
2026-09-01,JPU,OPT,JPUZ7 C0640,2027-12-03,C,0.0064,0.000283000,3,
2026-09-01,JPU,OPT,JPUZ7 C0645,2027-12-03,C,0.00645,0.000257000,3,
2026-09-01,JPU,OPT,JPUZ7 C0650,2027-12-03,C,0.0065,0.000233000,3,
2026-09-01,JPU,OPT,JPUZ7 C0655,2027-12-03,C,0.00655,0.000210000,3,
2026-09-01,JPU,OPT,JPUZ7 C0660,2027-12-03,C,0.0066,0.000190000,3,
2026-09-01,JPU,OPT,JPUZ7 C0665,2027-12-03,C,0.00665,0.000171000,3,
2026-09-01,JPU,OPT,JPUZ7 C0670,2027-12-03,C,0.0067,0.000154000,3,
2026-09-01,JPU,OPT,JPUZ7 C0675,2027-12-03,C,0.00675,0.000139000,3,
2026-09-01,JPU,OPT,JPUZ7 C0680,2027-12-03,C,0.0068,0.000125000,3,
2026-09-01,JPU,OPT,JPUZ7 C0685,2027-12-03,C,0.00685,0.000113000,3,
2026-09-01,JPU,OPT,JPUZ7 C0690,2027-12-03,C,0.0069,0.000102000,3,
2026-09-01,JPU,OPT,JPUZ7 C0695,2027-12-03,C,0.00695,0.000092000,3,
2026-09-01,JPU,OPT,JPUZ7 C0700,2027-12-03,C,0.007,0.000083000,3,
2026-09-01,JPU,OPT,JPUZ7 C0705,2027-12-03,C,0.00705,0.000075000,3,
2026-09-01,JPU,OPT,JPUZ7 C0710,2027-12-03,C,0.0071,0.000067000,3,
2026-09-01,JPU,OPT,JPUZ7 C0715,2027-12-03,C,0.00715,0.000061000,3,
2026-09-01,JPU,OPT,JPUZ7 C0720,2027-12-03,C,0.0072,0.000055000,3,
2026-09-01,JPU,OPT,JPUZ7 C0725,2027-12-03,C,0.00725,0.000050000,3,
2026-09-01,JPU,OPT,JPUZ7 C0730,2027-12-03,C,0.0073,0.000046000,3,
2026-09-01,JPU,OPT,JPUZ7 C0735,2027-12-03,C,0.00735,0.000042000,3,
2026-09-01,JPU,OPT,JPUZ7 C0740,2027-12-03,C,0.0074,0.000039000,3,
2026-09-01,JPU,OPT,JPUZ7 C0750,2027-12-03,C,0.0075,0.000033000,3,
2026-09-01,JPU,OPT,JPUZ7 C0760,2027-12-03,C,0.0076,0.000028000,3,
2026-09-01,JPU,OPT,JPUZ7 C0770,2027-12-03,C,0.0077,0.000025000,3,
2026-09-01,JPU,OPT,JPUZ7 C0780,2027-12-03,C,0.0078,0.000022000,3,
2026-09-01,JPU,OPT,JPUZ7 C0790,2027-12-03,C,0.0079,0.000019000,3,
2026-09-01,JPU,OPT,JPUZ7 C0800,2027-12-03,C,0.008,0.000017000,3,8
2026-09-01,JPU,OPT,JPUZ7 C0810,2027-12-03,C,0.0081,0.000015000,3,
2026-09-01,JPU,OPT,JPUZ7 C0820,2027-12-03,C,0.0082,0.000013000,3,
2026-09-01,JPU,OPT,JPUZ7 C0830,2027-12-03,C,0.0083,0.000011000,3,
2026-09-01,JPU,OPT,JPUZ7 P0490,2027-12-03,P,0.0049,0.000007000,3,
2026-09-01,JPU,OPT,JPUZ7 P0500,2027-12-03,P,0.005,0.000009000,3,
2026-09-01,JPU,OPT,JPUZ7 P0510,2027-12-03,P,0.0051,0.000013000,3,
2026-09-01,JPU,OPT,JPUZ7 P0520,2027-12-03,P,0.0052,0.000017000,3,393
2026-09-01,JPU,OPT,JPUZ7 P0530,2027-12-03,P,0.0053,0.000022000,3,17
2026-09-01,JPU,OPT,JPUZ7 P0540,2027-12-03,P,0.0054,0.000029000,3,
2026-09-01,JPU,OPT,JPUZ7 P0550,2027-12-03,P,0.0055,0.000035000,3,1
2026-09-01,JPU,OPT,JPUZ7 P0560,2027-12-03,P,0.0056,0.000043000,3,
2026-09-01,JPU,OPT,JPUZ7 P0570,2027-12-03,P,0.0057,0.000053000,3,5
2026-09-01,JPU,OPT,JPUZ7 P0580,2027-12-03,P,0.0058,0.000066000,3,
2026-09-01,JPU,OPT,JPUZ7 P0585,2027-12-03,P,0.00585,0.000073000,3,
2026-09-01,JPU,OPT,JPUZ7 P0590,2027-12-03,P,0.0059,0.000081000,3,
2026-09-01,JPU,OPT,JPUZ7 P0595,2027-12-03,P,0.00595,0.000090000,3,
2026-09-01,JPU,OPT,JPUZ7 P0600,2027-12-03,P,0.006,0.000100000,3,20
2026-09-01,JPU,OPT,JPUZ7 P0605,2027-12-03,P,0.00605,0.000111000,3,
2026-09-01,JPU,OPT,JPUZ7 P0610,2027-12-03,P,0.0061,0.000123000,3,
2026-09-01,JPU,OPT,JPUZ7 P0615,2027-12-03,P,0.00615,0.000136000,3,
2026-09-01,JPU,OPT,JPUZ7 P0620,2027-12-03,P,0.0062,0.000150000,3,
2026-09-01,JPU,OPT,JPUZ7 P0625,2027-12-03,P,0.00625,0.000166000,3,
2026-09-01,JPU,OPT,JPUZ7 P0630,2027-12-03,P,0.0063,0.000183000,3,
2026-09-01,JPU,OPT,JPUZ7 P0635,2027-12-03,P,0.00635,0.000202000,3,
2026-09-01,JPU,OPT,JPUZ7 P0640,2027-12-03,P,0.0064,0.000222000,3,
2026-09-01,JPU,OPT,JPUZ7 P0645,2027-12-03,P,0.00645,0.000243000,3,
2026-09-01,JPU,OPT,JPUZ7 P0650,2027-12-03,P,0.0065,0.000267000,3,
2026-09-01,JPU,OPT,JPUZ7 P0655,2027-12-03,P,0.00655,0.000292000,3,
2026-09-01,JPU,OPT,JPUZ7 P0660,2027-12-03,P,0.0066,0.000318000,3,
2026-09-01,JPU,OPT,JPUZ7 P0665,2027-12-03,P,0.00665,0.000347000,3,
2026-09-01,JPU,OPT,JPUZ7 P0670,2027-12-03,P,0.0067,0.000378000,3,
2026-09-01,JPU,OPT,JPUZ7 P0675,2027-12-03,P,0.00675,0.000410000,3,
2026-09-01,JPU,OPT,JPUZ7 P0680,2027-12-03,P,0.0068,0.000444000,3,
2026-09-01,JPU,OPT,JPUZ7 P0685,2027-12-03,P,0.00685,0.000479000,3,
2026-09-01,JPU,OPT,JPUZ7 P0690,2027-12-03,P,0.0069,0.000515000,3,
2026-09-01,JPU,OPT,JPUZ7 P0695,2027-12-03,P,0.00695,0.000553000,3,
2026-09-01,JPU,OPT,JPUZ7 P0700,2027-12-03,P,0.007,0.000591000,3,
2026-09-01,JPU,OPT,JPUZ7 P0705,2027-12-03,P,0.00705,0.000631000,3,
2026-09-01,JPU,OPT,JPUZ7 P0710,2027-12-03,P,0.0071,0.000671000,3,
2026-09-01,JPU,OPT,JPUZ7 P0715,2027-12-03,P,0.00715,0.000712000,3,
2026-09-01,JPU,OPT,JPUZ7 P0720,2027-12-03,P,0.0072,0.000754000,3,
2026-09-01,JPU,OPT,JPUZ7 P0725,2027-12-03,P,0.00725,0.000797000,3,
2026-09-01,JPU,OPT,JPUZ7 P0730,2027-12-03,P,0.0073,0.000840000,3,
2026-09-01,JPU,OPT,JPUZ7 P0735,2027-12-03,P,0.00735,0.000883000,3,
2026-09-01,JPU,OPT,JPUZ7 P0740,2027-12-03,P,0.0074,0.000927000,3,
2026-09-01,JPU,OPT,JPUZ7 P0750,2027-12-03,P,0.0075,0.001016000,3,
2026-09-01,JPU,OPT,JPUZ7 P0760,2027-12-03,P,0.0076,0.001107000,3,
2026-09-01,JPU,OPT,JPUZ7 P0770,2027-12-03,P,0.0077,0.001198000,3,
2026-09-01,JPU,OPT,JPUZ7 P0780,2027-12-03,P,0.0078,0.001290000,3,
2026-09-01,JPU,OPT,JPUZ7 P0790,2027-12-03,P,0.0079,0.001383000,3,
2026-09-01,JPU,OPT,JPUZ7 P0800,2027-12-03,P,0.008,0.001476000,3,
2026-09-01,JPU,OPT,JPUZ7 P0810,2027-12-03,P,0.0081,0.001568000,3,
2026-09-01,JPU,OPT,JPUZ7 P0820,2027-12-03,P,0.0082,0.001661000,3,
2026-09-01,JPU,OPT,JPUZ7 P0830,2027-12-03,P,0.0083,0.001754000,3,
2026-09-01,JPU,OPT,JPUH8 C0490,2028-03-03,C,0.0049,0.001515000,3,
2026-09-01,JPU,OPT,JPUH8 C0500,2028-03-03,C,0.005,0.001423000,3,
2026-09-01,JPU,OPT,JPUH8 C0510,2028-03-03,C,0.0051,0.001332000,3,
2026-09-01,JPU,OPT,JPUH8 C0520,2028-03-03,C,0.0052,0.001243000,3,
2026-09-01,JPU,OPT,JPUH8 C0530,2028-03-03,C,0.0053,0.001154000,3,
2026-09-01,JPU,OPT,JPUH8 C0540,2028-03-03,C,0.0054,0.001067000,3,
2026-09-01,JPU,OPT,JPUH8 C0550,2028-03-03,C,0.0055,0.000981000,3,
2026-09-01,JPU,OPT,JPUH8 C0560,2028-03-03,C,0.0056,0.000897000,3,
2026-09-01,JPU,OPT,JPUH8 C0570,2028-03-03,C,0.0057,0.000815000,3,
2026-09-01,JPU,OPT,JPUH8 C0580,2028-03-03,C,0.0058,0.000736000,3,
2026-09-01,JPU,OPT,JPUH8 C0590,2028-03-03,C,0.0059,0.000660000,3,
2026-09-01,JPU,OPT,JPUH8 C0595,2028-03-03,C,0.00595,0.000623000,3,
2026-09-01,JPU,OPT,JPUH8 C0600,2028-03-03,C,0.006,0.000587000,3,
2026-09-01,JPU,OPT,JPUH8 C0605,2028-03-03,C,0.00605,0.000552000,3,
2026-09-01,JPU,OPT,JPUH8 C0610,2028-03-03,C,0.0061,0.000518000,3,
2026-09-01,JPU,OPT,JPUH8 C0615,2028-03-03,C,0.00615,0.000484000,3,
2026-09-01,JPU,OPT,JPUH8 C0620,2028-03-03,C,0.0062,0.000452000,3,
2026-09-01,JPU,OPT,JPUH8 C0625,2028-03-03,C,0.00625,0.000421000,3,
2026-09-01,JPU,OPT,JPUH8 C0630,2028-03-03,C,0.0063,0.000391000,3,
2026-09-01,JPU,OPT,JPUH8 C0635,2028-03-03,C,0.00635,0.000362000,3,
2026-09-01,JPU,OPT,JPUH8 C0640,2028-03-03,C,0.0064,0.000334000,3,
2026-09-01,JPU,OPT,JPUH8 C0645,2028-03-03,C,0.00645,0.000307000,3,
2026-09-01,JPU,OPT,JPUH8 C0650,2028-03-03,C,0.0065,0.000282000,3,
2026-09-01,JPU,OPT,JPUH8 C0655,2028-03-03,C,0.00655,0.000258000,3,
2026-09-01,JPU,OPT,JPUH8 C0660,2028-03-03,C,0.0066,0.000236000,3,
2026-09-01,JPU,OPT,JPUH8 C0665,2028-03-03,C,0.00665,0.000215000,3,
2026-09-01,JPU,OPT,JPUH8 C0670,2028-03-03,C,0.0067,0.000197000,3,
2026-09-01,JPU,OPT,JPUH8 C0675,2028-03-03,C,0.00675,0.000179000,3,
2026-09-01,JPU,OPT,JPUH8 C0680,2028-03-03,C,0.0068,0.000164000,3,
2026-09-01,JPU,OPT,JPUH8 C0685,2028-03-03,C,0.00685,0.000150000,3,
2026-09-01,JPU,OPT,JPUH8 C0690,2028-03-03,C,0.0069,0.000137000,3,
2026-09-01,JPU,OPT,JPUH8 C0695,2028-03-03,C,0.00695,0.000125000,3,
2026-09-01,JPU,OPT,JPUH8 C0700,2028-03-03,C,0.007,0.000115000,3,
2026-09-01,JPU,OPT,JPUH8 C0705,2028-03-03,C,0.00705,0.000106000,3,
2026-09-01,JPU,OPT,JPUH8 C0710,2028-03-03,C,0.0071,0.000097000,3,
2026-09-01,JPU,OPT,JPUH8 C0715,2028-03-03,C,0.00715,0.000089000,3,
2026-09-01,JPU,OPT,JPUH8 C0720,2028-03-03,C,0.0072,0.000082000,3,
2026-09-01,JPU,OPT,JPUH8 C0730,2028-03-03,C,0.0073,0.000070000,3,
2026-09-01,JPU,OPT,JPUH8 C0740,2028-03-03,C,0.0074,0.000060000,3,
2026-09-01,JPU,OPT,JPUH8 C0750,2028-03-03,C,0.0075,0.000051000,3,
2026-09-01,JPU,OPT,JPUH8 C0760,2028-03-03,C,0.0076,0.000044000,3,
2026-09-01,JPU,OPT,JPUH8 C0770,2028-03-03,C,0.0077,0.000038000,3,
2026-09-01,JPU,OPT,JPUH8 C0780,2028-03-03,C,0.0078,0.000032000,3,
2026-09-01,JPU,OPT,JPUH8 C0790,2028-03-03,C,0.0079,0.000028000,3,
2026-09-01,JPU,OPT,JPUH8 C0800,2028-03-03,C,0.008,0.000024000,3,
2026-09-01,JPU,OPT,JPUH8 C0810,2028-03-03,C,0.0081,0.000021000,3,
2026-09-01,JPU,OPT,JPUH8 C0820,2028-03-03,C,0.0082,0.000018000,3,
2026-09-01,JPU,OPT,JPUH8 P0490,2028-03-03,P,0.0049,0.000007000,3,
2026-09-01,JPU,OPT,JPUH8 P0500,2028-03-03,P,0.005,0.000010000,3,
2026-09-01,JPU,OPT,JPUH8 P0510,2028-03-03,P,0.0051,0.000013000,3,
2026-09-01,JPU,OPT,JPUH8 P0520,2028-03-03,P,0.0052,0.000017000,3,
2026-09-01,JPU,OPT,JPUH8 P0530,2028-03-03,P,0.0053,0.000023000,3,
2026-09-01,JPU,OPT,JPUH8 P0540,2028-03-03,P,0.0054,0.000029000,3,
2026-09-01,JPU,OPT,JPUH8 P0550,2028-03-03,P,0.0055,0.000038000,3,
2026-09-01,JPU,OPT,JPUH8 P0560,2028-03-03,P,0.0056,0.000048000,3,
2026-09-01,JPU,OPT,JPUH8 P0570,2028-03-03,P,0.0057,0.000060000,3,
2026-09-01,JPU,OPT,JPUH8 P0580,2028-03-03,P,0.0058,0.000075000,3,
2026-09-01,JPU,OPT,JPUH8 P0590,2028-03-03,P,0.0059,0.000093000,3,
2026-09-01,JPU,OPT,JPUH8 P0595,2028-03-03,P,0.00595,0.000103000,3,
2026-09-01,JPU,OPT,JPUH8 P0600,2028-03-03,P,0.006,0.000114000,3,
2026-09-01,JPU,OPT,JPUH8 P0605,2028-03-03,P,0.00605,0.000126000,3,
2026-09-01,JPU,OPT,JPUH8 P0610,2028-03-03,P,0.0061,0.000138000,3,
2026-09-01,JPU,OPT,JPUH8 P0615,2028-03-03,P,0.00615,0.000152000,3,
2026-09-01,JPU,OPT,JPUH8 P0620,2028-03-03,P,0.0062,0.000167000,3,
2026-09-01,JPU,OPT,JPUH8 P0625,2028-03-03,P,0.00625,0.000183000,3,
2026-09-01,JPU,OPT,JPUH8 P0630,2028-03-03,P,0.0063,0.000199000,3,
2026-09-01,JPU,OPT,JPUH8 P0635,2028-03-03,P,0.00635,0.000217000,3,
2026-09-01,JPU,OPT,JPUH8 P0640,2028-03-03,P,0.0064,0.000237000,3,
2026-09-01,JPU,OPT,JPUH8 P0645,2028-03-03,P,0.00645,0.000257000,3,
2026-09-01,JPU,OPT,JPUH8 P0650,2028-03-03,P,0.0065,0.000279000,3,
2026-09-01,JPU,OPT,JPUH8 P0655,2028-03-03,P,0.00655,0.000302000,3,
2026-09-01,JPU,OPT,JPUH8 P0660,2028-03-03,P,0.0066,0.000327000,3,
2026-09-01,JPU,OPT,JPUH8 P0665,2028-03-03,P,0.00665,0.000353000,3,
2026-09-01,JPU,OPT,JPUH8 P0670,2028-03-03,P,0.0067,0.000381000,3,
2026-09-01,JPU,OPT,JPUH8 P0675,2028-03-03,P,0.00675,0.000411000,3,
2026-09-01,JPU,OPT,JPUH8 P0680,2028-03-03,P,0.0068,0.000443000,3,
2026-09-01,JPU,OPT,JPUH8 P0685,2028-03-03,P,0.00685,0.000475000,3,
2026-09-01,JPU,OPT,JPUH8 P0690,2028-03-03,P,0.0069,0.000510000,3,
2026-09-01,JPU,OPT,JPUH8 P0695,2028-03-03,P,0.00695,0.000545000,3,
2026-09-01,JPU,OPT,JPUH8 P0700,2028-03-03,P,0.007,0.000582000,3,
2026-09-01,JPU,OPT,JPUH8 P0705,2028-03-03,P,0.00705,0.000619000,3,
2026-09-01,JPU,OPT,JPUH8 P0710,2028-03-03,P,0.0071,0.000658000,3,
2026-09-01,JPU,OPT,JPUH8 P0715,2028-03-03,P,0.00715,0.000697000,3,
2026-09-01,JPU,OPT,JPUH8 P0720,2028-03-03,P,0.0072,0.000737000,3,
2026-09-01,JPU,OPT,JPUH8 P0730,2028-03-03,P,0.0073,0.000819000,3,
2026-09-01,JPU,OPT,JPUH8 P0740,2028-03-03,P,0.0074,0.000902000,3,
2026-09-01,JPU,OPT,JPUH8 P0750,2028-03-03,P,0.0075,0.000988000,3,
2026-09-01,JPU,OPT,JPUH8 P0760,2028-03-03,P,0.0076,0.001074000,3,
2026-09-01,JPU,OPT,JPUH8 P0770,2028-03-03,P,0.0077,0.001162000,3,
2026-09-01,JPU,OPT,JPUH8 P0780,2028-03-03,P,0.0078,0.001251000,3,
2026-09-01,JPU,OPT,JPUH8 P0790,2028-03-03,P,0.0079,0.001341000,3,
2026-09-01,JPU,OPT,JPUH8 P0800,2028-03-03,P,0.008,0.001431000,3,
2026-09-01,JPU,OPT,JPUH8 P0810,2028-03-03,P,0.0081,0.001522000,3,
2026-09-01,JPU,OPT,JPUH8 P0820,2028-03-03,P,0.0082,0.001613000,3,
2026-09-01,JPU,OPT,JPUM8 C0500,2028-06-09,C,0.005,0.001451000,3,
2026-09-01,JPU,OPT,JPUM8 C0510,2028-06-09,C,0.0051,0.001362000,3,
2026-09-01,JPU,OPT,JPUM8 C0520,2028-06-09,C,0.0052,0.001274000,3,
2026-09-01,JPU,OPT,JPUM8 C0530,2028-06-09,C,0.0053,0.001187000,3,
2026-09-01,JPU,OPT,JPUM8 C0540,2028-06-09,C,0.0054,0.001102000,3,
2026-09-01,JPU,OPT,JPUM8 C0550,2028-06-09,C,0.0055,0.001018000,3,
2026-09-01,JPU,OPT,JPUM8 C0560,2028-06-09,C,0.0056,0.000937000,3,
2026-09-01,JPU,OPT,JPUM8 C0570,2028-06-09,C,0.0057,0.000857000,3,
2026-09-01,JPU,OPT,JPUM8 C0580,2028-06-09,C,0.0058,0.000779000,3,
2026-09-01,JPU,OPT,JPUM8 C0590,2028-06-09,C,0.0059,0.000704000,3,
2026-09-01,JPU,OPT,JPUM8 C0595,2028-06-09,C,0.00595,0.000668000,3,
2026-09-01,JPU,OPT,JPUM8 C0600,2028-06-09,C,0.006,0.000632000,3,
2026-09-01,JPU,OPT,JPUM8 C0605,2028-06-09,C,0.00605,0.000597000,3,
2026-09-01,JPU,OPT,JPUM8 C0610,2028-06-09,C,0.0061,0.000563000,3,
2026-09-01,JPU,OPT,JPUM8 C0615,2028-06-09,C,0.00615,0.000530000,3,
2026-09-01,JPU,OPT,JPUM8 C0620,2028-06-09,C,0.0062,0.000498000,3,
2026-09-01,JPU,OPT,JPUM8 C0625,2028-06-09,C,0.00625,0.000467000,3,
2026-09-01,JPU,OPT,JPUM8 C0630,2028-06-09,C,0.0063,0.000436000,3,
2026-09-01,JPU,OPT,JPUM8 C0635,2028-06-09,C,0.00635,0.000407000,3,
2026-09-01,JPU,OPT,JPUM8 C0640,2028-06-09,C,0.0064,0.000379000,3,
2026-09-01,JPU,OPT,JPUM8 C0645,2028-06-09,C,0.00645,0.000352000,3,
2026-09-01,JPU,OPT,JPUM8 C0650,2028-06-09,C,0.0065,0.000326000,3,
2026-09-01,JPU,OPT,JPUM8 C0655,2028-06-09,C,0.00655,0.000301000,3,
2026-09-01,JPU,OPT,JPUM8 C0660,2028-06-09,C,0.0066,0.000277000,3,
2026-09-01,JPU,OPT,JPUM8 C0665,2028-06-09,C,0.00665,0.000255000,3,
2026-09-01,JPU,OPT,JPUM8 C0670,2028-06-09,C,0.0067,0.000235000,3,
2026-09-01,JPU,OPT,JPUM8 C0675,2028-06-09,C,0.00675,0.000216000,3,
2026-09-01,JPU,OPT,JPUM8 C0680,2028-06-09,C,0.0068,0.000199000,3,
2026-09-01,JPU,OPT,JPUM8 C0685,2028-06-09,C,0.00685,0.000184000,3,
2026-09-01,JPU,OPT,JPUM8 C0690,2028-06-09,C,0.0069,0.000170000,3,
2026-09-01,JPU,OPT,JPUM8 C0695,2028-06-09,C,0.00695,0.000156000,3,
2026-09-01,JPU,OPT,JPUM8 C0700,2028-06-09,C,0.007,0.000144000,3,
2026-09-01,JPU,OPT,JPUM8 C0705,2028-06-09,C,0.00705,0.000133000,3,
2026-09-01,JPU,OPT,JPUM8 C0710,2028-06-09,C,0.0071,0.000123000,3,
2026-09-01,JPU,OPT,JPUM8 C0715,2028-06-09,C,0.00715,0.000113000,3,
2026-09-01,JPU,OPT,JPUM8 C0720,2028-06-09,C,0.0072,0.000104000,3,
2026-09-01,JPU,OPT,JPUM8 C0730,2028-06-09,C,0.0073,0.000088000,3,
2026-09-01,JPU,OPT,JPUM8 C0740,2028-06-09,C,0.0074,0.000074000,3,
2026-09-01,JPU,OPT,JPUM8 C0750,2028-06-09,C,0.0075,0.000063000,3,
2026-09-01,JPU,OPT,JPUM8 C0760,2028-06-09,C,0.0076,0.000053000,3,
2026-09-01,JPU,OPT,JPUM8 C0770,2028-06-09,C,0.0077,0.000044000,3,
2026-09-01,JPU,OPT,JPUM8 C0780,2028-06-09,C,0.0078,0.000037000,3,
2026-09-01,JPU,OPT,JPUM8 C0790,2028-06-09,C,0.0079,0.000031000,3,
2026-09-01,JPU,OPT,JPUM8 C0800,2028-06-09,C,0.008,0.000026000,3,
2026-09-01,JPU,OPT,JPUM8 C0810,2028-06-09,C,0.0081,0.000022000,3,
2026-09-01,JPU,OPT,JPUM8 C0820,2028-06-09,C,0.0082,0.000018000,3,
2026-09-01,JPU,OPT,JPUM8 P0500,2028-06-09,P,0.005,0.000015000,3,
2026-09-01,JPU,OPT,JPUM8 P0510,2028-06-09,P,0.0051,0.000019000,3,
2026-09-01,JPU,OPT,JPUM8 P0520,2028-06-09,P,0.0052,0.000024000,3,
2026-09-01,JPU,OPT,JPUM8 P0530,2028-06-09,P,0.0053,0.000030000,3,
2026-09-01,JPU,OPT,JPUM8 P0540,2028-06-09,P,0.0054,0.000038000,3,
2026-09-01,JPU,OPT,JPUM8 P0550,2028-06-09,P,0.0055,0.000047000,3,
2026-09-01,JPU,OPT,JPUM8 P0560,2028-06-09,P,0.0056,0.000058000,3,
2026-09-01,JPU,OPT,JPUM8 P0570,2028-06-09,P,0.0057,0.000071000,3,
2026-09-01,JPU,OPT,JPUM8 P0580,2028-06-09,P,0.0058,0.000087000,3,
2026-09-01,JPU,OPT,JPUM8 P0590,2028-06-09,P,0.0059,0.000105000,3,
2026-09-01,JPU,OPT,JPUM8 P0595,2028-06-09,P,0.00595,0.000115000,3,
2026-09-01,JPU,OPT,JPUM8 P0600,2028-06-09,P,0.006,0.000126000,3,
2026-09-01,JPU,OPT,JPUM8 P0605,2028-06-09,P,0.00605,0.000137000,3,
2026-09-01,JPU,OPT,JPUM8 P0610,2028-06-09,P,0.0061,0.000150000,3,
2026-09-01,JPU,OPT,JPUM8 P0615,2028-06-09,P,0.00615,0.000163000,3,
2026-09-01,JPU,OPT,JPUM8 P0620,2028-06-09,P,0.0062,0.000177000,3,
2026-09-01,JPU,OPT,JPUM8 P0625,2028-06-09,P,0.00625,0.000193000,3,
2026-09-01,JPU,OPT,JPUM8 P0630,2028-06-09,P,0.0063,0.000209000,3,
2026-09-01,JPU,OPT,JPUM8 P0635,2028-06-09,P,0.00635,0.000226000,3,
2026-09-01,JPU,OPT,JPUM8 P0640,2028-06-09,P,0.0064,0.000244000,3,
2026-09-01,JPU,OPT,JPUM8 P0645,2028-06-09,P,0.00645,0.000263000,3,
2026-09-01,JPU,OPT,JPUM8 P0650,2028-06-09,P,0.0065,0.000284000,3,
2026-09-01,JPU,OPT,JPUM8 P0655,2028-06-09,P,0.00655,0.000305000,3,
2026-09-01,JPU,OPT,JPUM8 P0660,2028-06-09,P,0.0066,0.000328000,3,
2026-09-01,JPU,OPT,JPUM8 P0665,2028-06-09,P,0.00665,0.000353000,3,
2026-09-01,JPU,OPT,JPUM8 P0670,2028-06-09,P,0.0067,0.000379000,3,
2026-09-01,JPU,OPT,JPUM8 P0675,2028-06-09,P,0.00675,0.000407000,3,
2026-09-01,JPU,OPT,JPUM8 P0680,2028-06-09,P,0.0068,0.000436000,3,
2026-09-01,JPU,OPT,JPUM8 P0685,2028-06-09,P,0.00685,0.000467000,3,
2026-09-01,JPU,OPT,JPUM8 P0690,2028-06-09,P,0.0069,0.000499000,3,
2026-09-01,JPU,OPT,JPUM8 P0695,2028-06-09,P,0.00695,0.000533000,3,
2026-09-01,JPU,OPT,JPUM8 P0700,2028-06-09,P,0.007,0.000567000,3,
2026-09-01,JPU,OPT,JPUM8 P0705,2028-06-09,P,0.00705,0.000603000,3,
2026-09-01,JPU,OPT,JPUM8 P0710,2028-06-09,P,0.0071,0.000639000,3,
2026-09-01,JPU,OPT,JPUM8 P0715,2028-06-09,P,0.00715,0.000675000,3,
2026-09-01,JPU,OPT,JPUM8 P0720,2028-06-09,P,0.0072,0.000713000,3,
2026-09-01,JPU,OPT,JPUM8 P0730,2028-06-09,P,0.0073,0.000790000,3,
2026-09-01,JPU,OPT,JPUM8 P0740,2028-06-09,P,0.0074,0.000869000,3,
2026-09-01,JPU,OPT,JPUM8 P0750,2028-06-09,P,0.0075,0.000950000,3,
2026-09-01,JPU,OPT,JPUM8 P0760,2028-06-09,P,0.0076,0.001033000,3,
2026-09-01,JPU,OPT,JPUM8 P0770,2028-06-09,P,0.0077,0.001118000,3,
2026-09-01,JPU,OPT,JPUM8 P0780,2028-06-09,P,0.0078,0.001204000,3,
2026-09-01,JPU,OPT,JPUM8 P0790,2028-06-09,P,0.0079,0.001291000,3,
2026-09-01,JPU,OPT,JPUM8 P0800,2028-06-09,P,0.008,0.001379000,3,
2026-09-01,JPU,OPT,JPUM8 P0810,2028-06-09,P,0.0081,0.001467000,3,
2026-09-01,JPU,OPT,JPUM8 P0820,2028-06-09,P,0.0082,0.001557000,3,
