session,root,type,symbol,expiry,right,strike,settle,settle_flag,oi
2026-08-13,ADU,OPT,ADUU6 C0450,2026-09-04,C,0.45,0.254800000,3,
2026-08-13,ADU,OPT,ADUU6 C0460,2026-09-04,C,0.46,0.244900000,3,
2026-08-13,ADU,OPT,ADUU6 C0470,2026-09-04,C,0.47,0.234900000,3,
2026-08-13,ADU,OPT,ADUU6 C0480,2026-09-04,C,0.48,0.224900000,3,
2026-08-13,ADU,OPT,ADUU6 C0490,2026-09-04,C,0.49,0.214900000,3,
2026-08-13,ADU,OPT,ADUU6 C0500,2026-09-04,C,0.5,0.205000000,3,
2026-08-13,ADU,OPT,ADUU6 C0510,2026-09-04,C,0.51,0.195000000,3,
2026-08-13,ADU,OPT,ADUU6 C0520,2026-09-04,C,0.52,0.185000000,3,
2026-08-13,ADU,OPT,ADUU6 C0530,2026-09-04,C,0.53,0.175000000,3,
2026-08-13,ADU,OPT,ADUU6 C0540,2026-09-04,C,0.54,0.165000000,3,
2026-08-13,ADU,OPT,ADUU6 C0550,2026-09-04,C,0.55,0.155100000,3,
2026-08-13,ADU,OPT,ADUU6 C0555,2026-09-04,C,0.555,0.150100000,3,
2026-08-13,ADU,OPT,ADUU6 C0560,2026-09-04,C,0.56,0.145100000,3,
2026-08-13,ADU,OPT,ADUU6 C0565,2026-09-04,C,0.565,0.140100000,3,
2026-08-13,ADU,OPT,ADUU6 C0570,2026-09-04,C,0.57,0.135100000,3,
2026-08-13,ADU,OPT,ADUU6 C0575,2026-09-04,C,0.575,0.130100000,3,
2026-08-13,ADU,OPT,ADUU6 C0580,2026-09-04,C,0.58,0.125100000,3,
2026-08-13,ADU,OPT,ADUU6 C0585,2026-09-04,C,0.585,0.120100000,3,
2026-08-13,ADU,OPT,ADUU6 C0590,2026-09-04,C,0.59,0.115100000,3,
2026-08-13,ADU,OPT,ADUU6 C0595,2026-09-04,C,0.595,0.110200000,3,
2026-08-13,ADU,OPT,ADUU6 C0600,2026-09-04,C,0.6,0.105200000,3,
2026-08-13,ADU,OPT,ADUU6 C0605,2026-09-04,C,0.605,0.100200000,3,
2026-08-13,ADU,OPT,ADUU6 C0610,2026-09-04,C,0.61,0.095200000,3,
2026-08-13,ADU,OPT,ADUU6 C0615,2026-09-04,C,0.615,0.090200000,3,
2026-08-13,ADU,OPT,ADUU6 C0620,2026-09-04,C,0.62,0.085200000,3,
2026-08-13,ADU,OPT,ADUU6 C0625,2026-09-04,C,0.625,0.080200000,3,
2026-08-13,ADU,OPT,ADUU6 C0630,2026-09-04,C,0.63,0.075200000,3,1
2026-08-13,ADU,OPT,ADUU6 C0635,2026-09-04,C,0.635,0.070200000,3,1
2026-08-13,ADU,OPT,ADUU6 C0640,2026-09-04,C,0.64,0.065300000,3,
2026-08-13,ADU,OPT,ADUU6 C0645,2026-09-04,C,0.645,0.060300000,3,
2026-08-13,ADU,OPT,ADUU6 C0650,2026-09-04,C,0.65,0.055300000,3,4
2026-08-13,ADU,OPT,ADUU6 C0655,2026-09-04,C,0.655,0.050300000,3,
2026-08-13,ADU,OPT,ADUU6 C0660,2026-09-04,C,0.66,0.045300000,3,
2026-08-13,ADU,OPT,ADUU6 C0665,2026-09-04,C,0.665,0.040300000,3,1
2026-08-13,ADU,OPT,ADUU6 C0670,2026-09-04,C,0.67,0.035400000,3,34
2026-08-13,ADU,OPT,ADUU6 C0675,2026-09-04,C,0.675,0.030400000,3,2
2026-08-13,ADU,OPT,ADUU6 C0680,2026-09-04,C,0.68,0.025500000,3,3
2026-08-13,ADU,OPT,ADUU6 C0685,2026-09-04,C,0.685,0.020700000,3,37
2026-08-13,ADU,OPT,ADUU6 C0687,2026-09-04,C,0.6875,0.018300000,3,
2026-08-13,ADU,OPT,ADUU6 C0690,2026-09-04,C,0.69,0.016000000,3,155
2026-08-13,ADU,OPT,ADUU6 C0692,2026-09-04,C,0.6925,0.013700000,3,
2026-08-13,ADU,OPT,ADUU6 C0695,2026-09-04,C,0.695,0.011500000,3,109
2026-08-13,ADU,OPT,ADUU6 C0697,2026-09-04,C,0.6975,0.009500000,3,
2026-08-13,ADU,OPT,ADUU6 C0700,2026-09-04,C,0.7,0.007600000,3,1299
2026-08-13,ADU,OPT,ADUU6 C0702,2026-09-04,C,0.7025,0.005900000,3,
2026-08-13,ADU,OPT,ADUU6 C0705,2026-09-04,C,0.705,0.004500000,3,2725
2026-08-13,ADU,OPT,ADUU6 C0707,2026-09-04,C,0.7075,0.003300000,3,
2026-08-13,ADU,OPT,ADUU6 C0710,2026-09-04,C,0.71,0.002300000,3,1051
2026-08-13,ADU,OPT,ADUU6 C0712,2026-09-04,C,0.7125,0.001600000,3,240
2026-08-13,ADU,OPT,ADUU6 C0715,2026-09-04,C,0.715,0.001100000,3,343
2026-08-13,ADU,OPT,ADUU6 C0717,2026-09-04,C,0.7175,0.000700000,3,36
2026-08-13,ADU,OPT,ADUU6 C0720,2026-09-04,C,0.72,0.000450000,3,1082
2026-08-13,ADU,OPT,ADUU6 C0722,2026-09-04,C,0.7225,0.000300000,3,8
2026-08-13,ADU,OPT,ADUU6 C0725,2026-09-04,C,0.725,0.000150000,3,339
2026-08-13,ADU,OPT,ADUU6 C0727,2026-09-04,C,0.7275,0.000100000,3,
2026-08-13,ADU,OPT,ADUU6 C0730,2026-09-04,C,0.73,0.000050000,3,1027
2026-08-13,ADU,OPT,ADUU6 C0735,2026-09-04,C,0.735,0.000050000,3,37
2026-08-13,ADU,OPT,ADUU6 C0740,2026-09-04,C,0.74,0.000050000,3,151
2026-08-13,ADU,OPT,ADUU6 C0745,2026-09-04,C,0.745,0.000050000,3,44
2026-08-13,ADU,OPT,ADUU6 C0750,2026-09-04,C,0.75,0.000050000,3,935
2026-08-13,ADU,OPT,ADUU6 C0755,2026-09-04,C,0.755,0.000050000,3,135
2026-08-13,ADU,OPT,ADUU6 C0760,2026-09-04,C,0.76,0.000050000,3,44
2026-08-13,ADU,OPT,ADUU6 C0765,2026-09-04,C,0.765,0.000050000,3,11
2026-08-13,ADU,OPT,ADUU6 C0770,2026-09-04,C,0.77,0.000050000,3,29
2026-08-13,ADU,OPT,ADUU6 C0775,2026-09-04,C,0.775,0.000050000,3,
2026-08-13,ADU,OPT,ADUU6 C0780,2026-09-04,C,0.78,0.000050000,3,32
2026-08-13,ADU,OPT,ADUU6 C0790,2026-09-04,C,0.79,0.000050000,3,15
2026-08-13,ADU,OPT,ADUU6 C0800,2026-09-04,C,0.8,0.000050000,3,7
2026-08-13,ADU,OPT,ADUU6 C0810,2026-09-04,C,0.81,0.000050000,3,3
2026-08-13,ADU,OPT,ADUU6 C0820,2026-09-04,C,0.82,0.000050000,3,204
2026-08-13,ADU,OPT,ADUU6 C0830,2026-09-04,C,0.83,0.000050000,3,
2026-08-13,ADU,OPT,ADUU6 C0840,2026-09-04,C,0.84,0.000050000,3,1
2026-08-13,ADU,OPT,ADUU6 C0850,2026-09-04,C,0.85,0.000050000,3,
2026-08-13,ADU,OPT,ADUU6 C0860,2026-09-04,C,0.86,0.000050000,3,
2026-08-13,ADU,OPT,ADUU6 C0870,2026-09-04,C,0.87,0.000050000,3,
2026-08-13,ADU,OPT,ADUU6 P0450,2026-09-04,P,0.45,0.000050000,3,
2026-08-13,ADU,OPT,ADUU6 P0460,2026-09-04,P,0.46,0.000050000,3,
2026-08-13,ADU,OPT,ADUU6 P0470,2026-09-04,P,0.47,0.000050000,3,
2026-08-13,ADU,OPT,ADUU6 P0480,2026-09-04,P,0.48,0.000050000,3,2
2026-08-13,ADU,OPT,ADUU6 P0490,2026-09-04,P,0.49,0.000050000,3,
2026-08-13,ADU,OPT,ADUU6 P0500,2026-09-04,P,0.5,0.000050000,3,
2026-08-13,ADU,OPT,ADUU6 P0510,2026-09-04,P,0.51,0.000050000,3,
2026-08-13,ADU,OPT,ADUU6 P0520,2026-09-04,P,0.52,0.000050000,3,5
2026-08-13,ADU,OPT,ADUU6 P0530,2026-09-04,P,0.53,0.000050000,3,3
2026-08-13,ADU,OPT,ADUU6 P0540,2026-09-04,P,0.54,0.000050000,3,
2026-08-13,ADU,OPT,ADUU6 P0550,2026-09-04,P,0.55,0.000050000,3,50
2026-08-13,ADU,OPT,ADUU6 P0555,2026-09-04,P,0.555,0.000050000,3,5
2026-08-13,ADU,OPT,ADUU6 P0560,2026-09-04,P,0.56,0.000050000,3,6
2026-08-13,ADU,OPT,ADUU6 P0565,2026-09-04,P,0.565,0.000050000,3,3
2026-08-13,ADU,OPT,ADUU6 P0570,2026-09-04,P,0.57,0.000050000,3,16
2026-08-13,ADU,OPT,ADUU6 P0575,2026-09-04,P,0.575,0.000050000,3,15
2026-08-13,ADU,OPT,ADUU6 P0580,2026-09-04,P,0.58,0.000050000,3,15
2026-08-13,ADU,OPT,ADUU6 P0585,2026-09-04,P,0.585,0.000050000,3,16
2026-08-13,ADU,OPT,ADUU6 P0590,2026-09-04,P,0.59,0.000050000,3,20
2026-08-13,ADU,OPT,ADUU6 P0595,2026-09-04,P,0.595,0.000050000,3,15
2026-08-13,ADU,OPT,ADUU6 P0600,2026-09-04,P,0.6,0.000050000,3,22
2026-08-13,ADU,OPT,ADUU6 P0605,2026-09-04,P,0.605,0.000050000,3,30
2026-08-13,ADU,OPT,ADUU6 P0610,2026-09-04,P,0.61,0.000050000,3,21
2026-08-13,ADU,OPT,ADUU6 P0615,2026-09-04,P,0.615,0.000050000,3,18
2026-08-13,ADU,OPT,ADUU6 P0620,2026-09-04,P,0.62,0.000050000,3,18
2026-08-13,ADU,OPT,ADUU6 P0625,2026-09-04,P,0.625,0.000050000,3,21
2026-08-13,ADU,OPT,ADUU6 P0630,2026-09-04,P,0.63,0.000050000,3,86
2026-08-13,ADU,OPT,ADUU6 P0635,2026-09-04,P,0.635,0.000050000,3,32
2026-08-13,ADU,OPT,ADUU6 P0640,2026-09-04,P,0.64,0.000050000,3,12
2026-08-13,ADU,OPT,ADUU6 P0645,2026-09-04,P,0.645,0.000050000,3,11
2026-08-13,ADU,OPT,ADUU6 P0650,2026-09-04,P,0.65,0.000050000,3,427
2026-08-13,ADU,OPT,ADUU6 P0655,2026-09-04,P,0.655,0.000050000,3,144
2026-08-13,ADU,OPT,ADUU6 P0660,2026-09-04,P,0.66,0.000050000,3,130
2026-08-13,ADU,OPT,ADUU6 P0665,2026-09-04,P,0.665,0.000050000,3,96
2026-08-13,ADU,OPT,ADUU6 P0670,2026-09-04,P,0.67,0.000050000,3,191
2026-08-13,ADU,OPT,ADUU6 P0675,2026-09-04,P,0.675,0.000100000,3,220
2026-08-13,ADU,OPT,ADUU6 P0680,2026-09-04,P,0.68,0.000200000,3,377
2026-08-13,ADU,OPT,ADUU6 P0685,2026-09-04,P,0.685,0.000350000,3,229
2026-08-13,ADU,OPT,ADUU6 P0687,2026-09-04,P,0.6875,0.000450000,3,5
2026-08-13,ADU,OPT,ADUU6 P0690,2026-09-04,P,0.69,0.000600000,3,459
2026-08-13,ADU,OPT,ADUU6 P0692,2026-09-04,P,0.6925,0.000800000,3,34
2026-08-13,ADU,OPT,ADUU6 P0695,2026-09-04,P,0.695,0.001100000,3,518
2026-08-13,ADU,OPT,ADUU6 P0697,2026-09-04,P,0.6975,0.001600000,3,123
2026-08-13,ADU,OPT,ADUU6 P0700,2026-09-04,P,0.7,0.002200000,3,1097
2026-08-13,ADU,OPT,ADUU6 P0702,2026-09-04,P,0.7025,0.003000000,3,244
2026-08-13,ADU,OPT,ADUU6 P0705,2026-09-04,P,0.705,0.004100000,3,1168
2026-08-13,ADU,OPT,ADUU6 P0707,2026-09-04,P,0.7075,0.005400000,3,3
2026-08-13,ADU,OPT,ADUU6 P0710,2026-09-04,P,0.71,0.006900000,3,62
2026-08-13,ADU,OPT,ADUU6 P0712,2026-09-04,P,0.7125,0.008700000,3,
2026-08-13,ADU,OPT,ADUU6 P0715,2026-09-04,P,0.715,0.010700000,3,118
2026-08-13,ADU,OPT,ADUU6 P0717,2026-09-04,P,0.7175,0.012800000,3,
2026-08-13,ADU,OPT,ADUU6 P0720,2026-09-04,P,0.72,0.015000000,3,20
2026-08-13,ADU,OPT,ADUU6 P0722,2026-09-04,P,0.7225,0.017300000,3,
2026-08-13,ADU,OPT,ADUU6 P0725,2026-09-04,P,0.725,0.019700000,3,25
2026-08-13,ADU,OPT,ADUU6 P0727,2026-09-04,P,0.7275,0.022200000,3,
2026-08-13,ADU,OPT,ADUU6 P0730,2026-09-04,P,0.73,0.024600000,3,
2026-08-13,ADU,OPT,ADUU6 P0735,2026-09-04,P,0.735,0.029500000,3,
2026-08-13,ADU,OPT,ADUU6 P0740,2026-09-04,P,0.74,0.034500000,3,10
2026-08-13,ADU,OPT,ADUU6 P0745,2026-09-04,P,0.745,0.039500000,3,
2026-08-13,ADU,OPT,ADUU6 P0750,2026-09-04,P,0.75,0.044500000,3,5
2026-08-13,ADU,OPT,ADUU6 P0755,2026-09-04,P,0.755,0.049500000,3,
2026-08-13,ADU,OPT,ADUU6 P0760,2026-09-04,P,0.76,0.054500000,3,1
2026-08-13,ADU,OPT,ADUU6 P0765,2026-09-04,P,0.765,0.059500000,3,
2026-08-13,ADU,OPT,ADUU6 P0770,2026-09-04,P,0.77,0.064500000,3,
2026-08-13,ADU,OPT,ADUU6 P0775,2026-09-04,P,0.775,0.069400000,3,
2026-08-13,ADU,OPT,ADUU6 P0780,2026-09-04,P,0.78,0.074400000,3,
2026-08-13,ADU,OPT,ADUU6 P0790,2026-09-04,P,0.79,0.084400000,3,
2026-08-13,ADU,OPT,ADUU6 P0800,2026-09-04,P,0.8,0.094400000,3,
2026-08-13,ADU,OPT,ADUU6 P0810,2026-09-04,P,0.81,0.104400000,3,
2026-08-13,ADU,OPT,ADUU6 P0820,2026-09-04,P,0.82,0.114300000,3,
2026-08-13,ADU,OPT,ADUU6 P0830,2026-09-04,P,0.83,0.124300000,3,
2026-08-13,ADU,OPT,ADUU6 P0840,2026-09-04,P,0.84,0.134300000,3,
2026-08-13,ADU,OPT,ADUU6 P0850,2026-09-04,P,0.85,0.144300000,3,
2026-08-13,ADU,OPT,ADUU6 P0860,2026-09-04,P,0.86,0.154300000,3,
2026-08-13,ADU,OPT,ADUU6 P0870,2026-09-04,P,0.87,0.164200000,3,
2026-08-13,ADU,OPT,ADUV6 C0500,2026-10-09,C,0.5,0.203100000,3,
2026-08-13,ADU,OPT,ADUV6 C0510,2026-10-09,C,0.51,0.193200000,3,
2026-08-13,ADU,OPT,ADUV6 C0520,2026-10-09,C,0.52,0.183300000,3,
2026-08-13,ADU,OPT,ADUV6 C0530,2026-10-09,C,0.53,0.173300000,3,
2026-08-13,ADU,OPT,ADUV6 C0540,2026-10-09,C,0.54,0.163400000,3,
2026-08-13,ADU,OPT,ADUV6 C0550,2026-10-09,C,0.55,0.153400000,3,
2026-08-13,ADU,OPT,ADUV6 C0560,2026-10-09,C,0.56,0.143500000,3,
2026-08-13,ADU,OPT,ADUV6 C0570,2026-10-09,C,0.57,0.133500000,3,179
2026-08-13,ADU,OPT,ADUV6 C0580,2026-10-09,C,0.58,0.123600000,3,80
2026-08-13,ADU,OPT,ADUV6 C0590,2026-10-09,C,0.59,0.113600000,3,
2026-08-13,ADU,OPT,ADUV6 C0595,2026-10-09,C,0.595,0.108700000,3,
2026-08-13,ADU,OPT,ADUV6 C0600,2026-10-09,C,0.6,0.103700000,3,
2026-08-13,ADU,OPT,ADUV6 C0605,2026-10-09,C,0.605,0.098700000,3,
2026-08-13,ADU,OPT,ADUV6 C0610,2026-10-09,C,0.61,0.093800000,3,
2026-08-13,ADU,OPT,ADUV6 C0615,2026-10-09,C,0.615,0.088800000,3,
2026-08-13,ADU,OPT,ADUV6 C0620,2026-10-09,C,0.62,0.083900000,3,
2026-08-13,ADU,OPT,ADUV6 C0625,2026-10-09,C,0.625,0.078900000,3,
2026-08-13,ADU,OPT,ADUV6 C0630,2026-10-09,C,0.63,0.073900000,3,
2026-08-13,ADU,OPT,ADUV6 C0635,2026-10-09,C,0.635,0.069000000,3,
2026-08-13,ADU,OPT,ADUV6 C0640,2026-10-09,C,0.64,0.064000000,3,
2026-08-13,ADU,OPT,ADUV6 C0645,2026-10-09,C,0.645,0.059100000,3,
2026-08-13,ADU,OPT,ADUV6 C0650,2026-10-09,C,0.65,0.054200000,3,
2026-08-13,ADU,OPT,ADUV6 C0655,2026-10-09,C,0.655,0.049300000,3,
2026-08-13,ADU,OPT,ADUV6 C0660,2026-10-09,C,0.66,0.044400000,3,
2026-08-13,ADU,OPT,ADUV6 C0665,2026-10-09,C,0.665,0.039600000,3,
2026-08-13,ADU,OPT,ADUV6 C0670,2026-10-09,C,0.67,0.034800000,3,
2026-08-13,ADU,OPT,ADUV6 C0675,2026-10-09,C,0.675,0.030100000,3,
2026-08-13,ADU,OPT,ADUV6 C0680,2026-10-09,C,0.68,0.025500000,3,5
2026-08-13,ADU,OPT,ADUV6 C0685,2026-10-09,C,0.685,0.021100000,3,
2026-08-13,ADU,OPT,ADUV6 C0690,2026-10-09,C,0.69,0.016900000,3,7
2026-08-13,ADU,OPT,ADUV6 C0695,2026-10-09,C,0.695,0.013200000,3,241
2026-08-13,ADU,OPT,ADUV6 C0700,2026-10-09,C,0.7,0.009800000,3,11
2026-08-13,ADU,OPT,ADUV6 C0705,2026-10-09,C,0.705,0.007000000,3,228
2026-08-13,ADU,OPT,ADUV6 C0710,2026-10-09,C,0.71,0.004800000,3,155
2026-08-13,ADU,OPT,ADUV6 C0715,2026-10-09,C,0.715,0.003200000,3,1241
2026-08-13,ADU,OPT,ADUV6 C0720,2026-10-09,C,0.72,0.002000000,3,147
2026-08-13,ADU,OPT,ADUV6 C0725,2026-10-09,C,0.725,0.001200000,3,129
2026-08-13,ADU,OPT,ADUV6 C0730,2026-10-09,C,0.73,0.000800000,3,91
2026-08-13,ADU,OPT,ADUV6 C0735,2026-10-09,C,0.735,0.000450000,3,41
2026-08-13,ADU,OPT,ADUV6 C0740,2026-10-09,C,0.74,0.000300000,3,15
2026-08-13,ADU,OPT,ADUV6 C0745,2026-10-09,C,0.745,0.000200000,3,7
2026-08-13,ADU,OPT,ADUV6 C0750,2026-10-09,C,0.75,0.000150000,3,5
2026-08-13,ADU,OPT,ADUV6 C0755,2026-10-09,C,0.755,0.000100000,3,1
2026-08-13,ADU,OPT,ADUV6 C0760,2026-10-09,C,0.76,0.000100000,3,8
2026-08-13,ADU,OPT,ADUV6 C0765,2026-10-09,C,0.765,0.000100000,3,4
2026-08-13,ADU,OPT,ADUV6 C0770,2026-10-09,C,0.77,0.000050000,3,15
2026-08-13,ADU,OPT,ADUV6 C0780,2026-10-09,C,0.78,0.000050000,3,21
2026-08-13,ADU,OPT,ADUV6 C0790,2026-10-09,C,0.79,0.000050000,3,3
2026-08-13,ADU,OPT,ADUV6 C0800,2026-10-09,C,0.8,0.000050000,3,2
2026-08-13,ADU,OPT,ADUV6 C0810,2026-10-09,C,0.81,0.000050000,3,
2026-08-13,ADU,OPT,ADUV6 C0820,2026-10-09,C,0.82,0.000050000,3,1
2026-08-13,ADU,OPT,ADUV6 C0830,2026-10-09,C,0.83,0.000050000,3,
2026-08-13,ADU,OPT,ADUV6 C0840,2026-10-09,C,0.84,0.000050000,3,
2026-08-13,ADU,OPT,ADUV6 C0850,2026-10-09,C,0.85,0.000050000,3,
2026-08-13,ADU,OPT,ADUV6 C0860,2026-10-09,C,0.86,0.000050000,3,
2026-08-13,ADU,OPT,ADUV6 C0870,2026-10-09,C,0.87,0.000050000,3,
2026-08-13,ADU,OPT,ADUV6 P0500,2026-10-09,P,0.5,0.000050000,3,3
2026-08-13,ADU,OPT,ADUV6 P0510,2026-10-09,P,0.51,0.000050000,3,
2026-08-13,ADU,OPT,ADUV6 P0520,2026-10-09,P,0.52,0.000050000,3,6
2026-08-13,ADU,OPT,ADUV6 P0530,2026-10-09,P,0.53,0.000050000,3,3
2026-08-13,ADU,OPT,ADUV6 P0540,2026-10-09,P,0.54,0.000050000,3,
2026-08-13,ADU,OPT,ADUV6 P0550,2026-10-09,P,0.55,0.000050000,3,15
2026-08-13,ADU,OPT,ADUV6 P0560,2026-10-09,P,0.56,0.000050000,3,15
2026-08-13,ADU,OPT,ADUV6 P0570,2026-10-09,P,0.57,0.000050000,3,15
2026-08-13,ADU,OPT,ADUV6 P0580,2026-10-09,P,0.58,0.000050000,3,15
2026-08-13,ADU,OPT,ADUV6 P0590,2026-10-09,P,0.59,0.000050000,3,15
2026-08-13,ADU,OPT,ADUV6 P0595,2026-10-09,P,0.595,0.000050000,3,15
2026-08-13,ADU,OPT,ADUV6 P0600,2026-10-09,P,0.6,0.000050000,3,17
2026-08-13,ADU,OPT,ADUV6 P0605,2026-10-09,P,0.605,0.000050000,3,15
2026-08-13,ADU,OPT,ADUV6 P0610,2026-10-09,P,0.61,0.000050000,3,19
2026-08-13,ADU,OPT,ADUV6 P0615,2026-10-09,P,0.615,0.000050000,3,21
2026-08-13,ADU,OPT,ADUV6 P0620,2026-10-09,P,0.62,0.000050000,3,15
2026-08-13,ADU,OPT,ADUV6 P0625,2026-10-09,P,0.625,0.000050000,3,36
2026-08-13,ADU,OPT,ADUV6 P0630,2026-10-09,P,0.63,0.000050000,3,18
2026-08-13,ADU,OPT,ADUV6 P0635,2026-10-09,P,0.635,0.000100000,3,6
2026-08-13,ADU,OPT,ADUV6 P0640,2026-10-09,P,0.64,0.000100000,3,9
2026-08-13,ADU,OPT,ADUV6 P0645,2026-10-09,P,0.645,0.000150000,3,40
2026-08-13,ADU,OPT,ADUV6 P0650,2026-10-09,P,0.65,0.000200000,3,250
2026-08-13,ADU,OPT,ADUV6 P0655,2026-10-09,P,0.655,0.000300000,3,34
2026-08-13,ADU,OPT,ADUV6 P0660,2026-10-09,P,0.66,0.000350000,3,23
2026-08-13,ADU,OPT,ADUV6 P0665,2026-10-09,P,0.665,0.000500000,3,79
2026-08-13,ADU,OPT,ADUV6 P0670,2026-10-09,P,0.67,0.000700000,3,38
2026-08-13,ADU,OPT,ADUV6 P0675,2026-10-09,P,0.675,0.001000000,3,118
2026-08-13,ADU,OPT,ADUV6 P0680,2026-10-09,P,0.68,0.001300000,3,485
2026-08-13,ADU,OPT,ADUV6 P0685,2026-10-09,P,0.685,0.001900000,3,122
2026-08-13,ADU,OPT,ADUV6 P0690,2026-10-09,P,0.69,0.002700000,3,369
2026-08-13,ADU,OPT,ADUV6 P0695,2026-10-09,P,0.695,0.003900000,3,824
2026-08-13,ADU,OPT,ADUV6 P0700,2026-10-09,P,0.7,0.005600000,3,484
2026-08-13,ADU,OPT,ADUV6 P0705,2026-10-09,P,0.705,0.007700000,3,118
2026-08-13,ADU,OPT,ADUV6 P0710,2026-10-09,P,0.71,0.010500000,3,101
2026-08-13,ADU,OPT,ADUV6 P0715,2026-10-09,P,0.715,0.013800000,3,300
2026-08-13,ADU,OPT,ADUV6 P0720,2026-10-09,P,0.72,0.017600000,3,2
2026-08-13,ADU,OPT,ADUV6 P0725,2026-10-09,P,0.725,0.021800000,3,
2026-08-13,ADU,OPT,ADUV6 P0730,2026-10-09,P,0.73,0.026300000,3,
2026-08-13,ADU,OPT,ADUV6 P0735,2026-10-09,P,0.735,0.031000000,3,
2026-08-13,ADU,OPT,ADUV6 P0740,2026-10-09,P,0.74,0.035800000,3,
2026-08-13,ADU,OPT,ADUV6 P0745,2026-10-09,P,0.745,0.040700000,3,
2026-08-13,ADU,OPT,ADUV6 P0750,2026-10-09,P,0.75,0.045600000,3,
2026-08-13,ADU,OPT,ADUV6 P0755,2026-10-09,P,0.755,0.050500000,3,
2026-08-13,ADU,OPT,ADUV6 P0760,2026-10-09,P,0.76,0.055500000,3,
2026-08-13,ADU,OPT,ADUV6 P0765,2026-10-09,P,0.765,0.060400000,3,
2026-08-13,ADU,OPT,ADUV6 P0770,2026-10-09,P,0.77,0.065400000,3,
2026-08-13,ADU,OPT,ADUV6 P0780,2026-10-09,P,0.78,0.075300000,3,
2026-08-13,ADU,OPT,ADUV6 P0790,2026-10-09,P,0.79,0.085200000,3,
2026-08-13,ADU,OPT,ADUV6 P0800,2026-10-09,P,0.8,0.095200000,3,
2026-08-13,ADU,OPT,ADUV6 P0810,2026-10-09,P,0.81,0.105100000,3,
2026-08-13,ADU,OPT,ADUV6 P0820,2026-10-09,P,0.82,0.115000000,3,
2026-08-13,ADU,OPT,ADUV6 P0830,2026-10-09,P,0.83,0.125000000,3,
2026-08-13,ADU,OPT,ADUV6 P0840,2026-10-09,P,0.84,0.134900000,3,
2026-08-13,ADU,OPT,ADUV6 P0850,2026-10-09,P,0.85,0.144900000,3,
2026-08-13,ADU,OPT,ADUV6 P0860,2026-10-09,P,0.86,0.154800000,3,
2026-08-13,ADU,OPT,ADUV6 P0870,2026-10-09,P,0.87,0.164800000,3,
2026-08-13,ADU,OPT,ADUX6 C0500,2026-11-06,C,0.5,0.202500000,3,
2026-08-13,ADU,OPT,ADUX6 C0510,2026-11-06,C,0.51,0.192600000,3,
2026-08-13,ADU,OPT,ADUX6 C0520,2026-11-06,C,0.52,0.182700000,3,
2026-08-13,ADU,OPT,ADUX6 C0530,2026-11-06,C,0.53,0.172800000,3,
2026-08-13,ADU,OPT,ADUX6 C0540,2026-11-06,C,0.54,0.162900000,3,
2026-08-13,ADU,OPT,ADUX6 C0550,2026-11-06,C,0.55,0.153000000,3,
2026-08-13,ADU,OPT,ADUX6 C0560,2026-11-06,C,0.56,0.143100000,3,
2026-08-13,ADU,OPT,ADUX6 C0570,2026-11-06,C,0.57,0.133200000,3,
2026-08-13,ADU,OPT,ADUX6 C0580,2026-11-06,C,0.58,0.123300000,3,
2026-08-13,ADU,OPT,ADUX6 C0590,2026-11-06,C,0.59,0.113400000,3,
2026-08-13,ADU,OPT,ADUX6 C0595,2026-11-06,C,0.595,0.108500000,3,
2026-08-13,ADU,OPT,ADUX6 C0600,2026-11-06,C,0.6,0.103500000,3,
2026-08-13,ADU,OPT,ADUX6 C0605,2026-11-06,C,0.605,0.098600000,3,
2026-08-13,ADU,OPT,ADUX6 C0610,2026-11-06,C,0.61,0.093700000,3,
2026-08-13,ADU,OPT,ADUX6 C0615,2026-11-06,C,0.615,0.088700000,3,
2026-08-13,ADU,OPT,ADUX6 C0620,2026-11-06,C,0.62,0.083800000,3,
2026-08-13,ADU,OPT,ADUX6 C0625,2026-11-06,C,0.625,0.078800000,3,
2026-08-13,ADU,OPT,ADUX6 C0630,2026-11-06,C,0.63,0.073900000,3,
2026-08-13,ADU,OPT,ADUX6 C0635,2026-11-06,C,0.635,0.069000000,3,
2026-08-13,ADU,OPT,ADUX6 C0640,2026-11-06,C,0.64,0.064100000,3,
2026-08-13,ADU,OPT,ADUX6 C0645,2026-11-06,C,0.645,0.059200000,3,
2026-08-13,ADU,OPT,ADUX6 C0650,2026-11-06,C,0.65,0.054400000,3,
2026-08-13,ADU,OPT,ADUX6 C0655,2026-11-06,C,0.655,0.049500000,3,
2026-08-13,ADU,OPT,ADUX6 C0660,2026-11-06,C,0.66,0.044800000,3,
2026-08-13,ADU,OPT,ADUX6 C0665,2026-11-06,C,0.665,0.040100000,3,
2026-08-13,ADU,OPT,ADUX6 C0670,2026-11-06,C,0.67,0.035500000,3,
2026-08-13,ADU,OPT,ADUX6 C0675,2026-11-06,C,0.675,0.031000000,3,
2026-08-13,ADU,OPT,ADUX6 C0680,2026-11-06,C,0.68,0.026700000,3,
2026-08-13,ADU,OPT,ADUX6 C0685,2026-11-06,C,0.685,0.022500000,3,1
2026-08-13,ADU,OPT,ADUX6 C0690,2026-11-06,C,0.69,0.018700000,3,48
2026-08-13,ADU,OPT,ADUX6 C0695,2026-11-06,C,0.695,0.015100000,3,46
2026-08-13,ADU,OPT,ADUX6 C0700,2026-11-06,C,0.7,0.011900000,3,22
2026-08-13,ADU,OPT,ADUX6 C0705,2026-11-06,C,0.705,0.009200000,3,19
2026-08-13,ADU,OPT,ADUX6 C0710,2026-11-06,C,0.71,0.006900000,3,3
2026-08-13,ADU,OPT,ADUX6 C0715,2026-11-06,C,0.715,0.005000000,3,27
2026-08-13,ADU,OPT,ADUX6 C0720,2026-11-06,C,0.72,0.003600000,3,61
2026-08-13,ADU,OPT,ADUX6 C0725,2026-11-06,C,0.725,0.002500000,3,412
2026-08-13,ADU,OPT,ADUX6 C0730,2026-11-06,C,0.73,0.001700000,3,69
2026-08-13,ADU,OPT,ADUX6 C0735,2026-11-06,C,0.735,0.001200000,3,23
2026-08-13,ADU,OPT,ADUX6 C0740,2026-11-06,C,0.74,0.000800000,3,8
2026-08-13,ADU,OPT,ADUX6 C0745,2026-11-06,C,0.745,0.000500000,3,11
2026-08-13,ADU,OPT,ADUX6 C0750,2026-11-06,C,0.75,0.000350000,3,14
2026-08-13,ADU,OPT,ADUX6 C0755,2026-11-06,C,0.755,0.000250000,3,3
2026-08-13,ADU,OPT,ADUX6 C0760,2026-11-06,C,0.76,0.000200000,3,9
2026-08-13,ADU,OPT,ADUX6 C0765,2026-11-06,C,0.765,0.000150000,3,16
2026-08-13,ADU,OPT,ADUX6 C0770,2026-11-06,C,0.77,0.000100000,3,21
2026-08-13,ADU,OPT,ADUX6 C0780,2026-11-06,C,0.78,0.000050000,3,501
2026-08-13,ADU,OPT,ADUX6 C0790,2026-11-06,C,0.79,0.000050000,3,16
2026-08-13,ADU,OPT,ADUX6 C0800,2026-11-06,C,0.8,0.000050000,3,16
2026-08-13,ADU,OPT,ADUX6 C0810,2026-11-06,C,0.81,0.000050000,3,2
2026-08-13,ADU,OPT,ADUX6 C0820,2026-11-06,C,0.82,0.000050000,3,
2026-08-13,ADU,OPT,ADUX6 C0830,2026-11-06,C,0.83,0.000050000,3,
2026-08-13,ADU,OPT,ADUX6 C0840,2026-11-06,C,0.84,0.000050000,3,
2026-08-13,ADU,OPT,ADUX6 C0850,2026-11-06,C,0.85,0.000050000,3,3
2026-08-13,ADU,OPT,ADUX6 C0860,2026-11-06,C,0.86,0.000050000,3,
2026-08-13,ADU,OPT,ADUX6 C0870,2026-11-06,C,0.87,0.000050000,3,
2026-08-13,ADU,OPT,ADUX6 P0500,2026-11-06,P,0.5,0.000050000,3,
2026-08-13,ADU,OPT,ADUX6 P0510,2026-11-06,P,0.51,0.000050000,3,
2026-08-13,ADU,OPT,ADUX6 P0520,2026-11-06,P,0.52,0.000050000,3,
2026-08-13,ADU,OPT,ADUX6 P0530,2026-11-06,P,0.53,0.000050000,3,5
2026-08-13,ADU,OPT,ADUX6 P0540,2026-11-06,P,0.54,0.000050000,3,
2026-08-13,ADU,OPT,ADUX6 P0550,2026-11-06,P,0.55,0.000050000,3,
2026-08-13,ADU,OPT,ADUX6 P0560,2026-11-06,P,0.56,0.000050000,3,3
2026-08-13,ADU,OPT,ADUX6 P0570,2026-11-06,P,0.57,0.000050000,3,
2026-08-13,ADU,OPT,ADUX6 P0580,2026-11-06,P,0.58,0.000050000,3,
2026-08-13,ADU,OPT,ADUX6 P0590,2026-11-06,P,0.59,0.000100000,3,
2026-08-13,ADU,OPT,ADUX6 P0595,2026-11-06,P,0.595,0.000100000,3,15
2026-08-13,ADU,OPT,ADUX6 P0600,2026-11-06,P,0.6,0.000100000,3,17
2026-08-13,ADU,OPT,ADUX6 P0605,2026-11-06,P,0.605,0.000150000,3,
2026-08-13,ADU,OPT,ADUX6 P0610,2026-11-06,P,0.61,0.000150000,3,11
2026-08-13,ADU,OPT,ADUX6 P0615,2026-11-06,P,0.615,0.000200000,3,1
2026-08-13,ADU,OPT,ADUX6 P0620,2026-11-06,P,0.62,0.000200000,3,
2026-08-13,ADU,OPT,ADUX6 P0625,2026-11-06,P,0.625,0.000200000,3,300
2026-08-13,ADU,OPT,ADUX6 P0630,2026-11-06,P,0.63,0.000250000,3,1
2026-08-13,ADU,OPT,ADUX6 P0635,2026-11-06,P,0.635,0.000300000,3,3
2026-08-13,ADU,OPT,ADUX6 P0640,2026-11-06,P,0.64,0.000350000,3,1
2026-08-13,ADU,OPT,ADUX6 P0645,2026-11-06,P,0.645,0.000450000,3,53
2026-08-13,ADU,OPT,ADUX6 P0650,2026-11-06,P,0.65,0.000500000,3,15
2026-08-13,ADU,OPT,ADUX6 P0655,2026-11-06,P,0.655,0.000700000,3,11
2026-08-13,ADU,OPT,ADUX6 P0660,2026-11-06,P,0.66,0.000900000,3,24
2026-08-13,ADU,OPT,ADUX6 P0665,2026-11-06,P,0.665,0.001100000,3,6
2026-08-13,ADU,OPT,ADUX6 P0670,2026-11-06,P,0.67,0.001500000,3,17
2026-08-13,ADU,OPT,ADUX6 P0675,2026-11-06,P,0.675,0.002000000,3,14
2026-08-13,ADU,OPT,ADUX6 P0680,2026-11-06,P,0.68,0.002600000,3,86
2026-08-13,ADU,OPT,ADUX6 P0685,2026-11-06,P,0.685,0.003400000,3,5
2026-08-13,ADU,OPT,ADUX6 P0690,2026-11-06,P,0.69,0.004500000,3,62
2026-08-13,ADU,OPT,ADUX6 P0695,2026-11-06,P,0.695,0.005900000,3,143
2026-08-13,ADU,OPT,ADUX6 P0700,2026-11-06,P,0.7,0.007700000,3,64
2026-08-13,ADU,OPT,ADUX6 P0705,2026-11-06,P,0.705,0.009900000,3,2
2026-08-13,ADU,OPT,ADUX6 P0710,2026-11-06,P,0.71,0.012500000,3,
2026-08-13,ADU,OPT,ADUX6 P0715,2026-11-06,P,0.715,0.015600000,3,
2026-08-13,ADU,OPT,ADUX6 P0720,2026-11-06,P,0.72,0.019100000,3,100
2026-08-13,ADU,OPT,ADUX6 P0725,2026-11-06,P,0.725,0.023000000,3,2
2026-08-13,ADU,OPT,ADUX6 P0730,2026-11-06,P,0.73,0.027200000,3,1
2026-08-13,ADU,OPT,ADUX6 P0735,2026-11-06,P,0.735,0.031600000,3,
2026-08-13,ADU,OPT,ADUX6 P0740,2026-11-06,P,0.74,0.036200000,3,
2026-08-13,ADU,OPT,ADUX6 P0745,2026-11-06,P,0.745,0.040900000,3,
2026-08-13,ADU,OPT,ADUX6 P0750,2026-11-06,P,0.75,0.045700000,3,
2026-08-13,ADU,OPT,ADUX6 P0755,2026-11-06,P,0.755,0.050500000,3,
2026-08-13,ADU,OPT,ADUX6 P0760,2026-11-06,P,0.76,0.055400000,3,
2026-08-13,ADU,OPT,ADUX6 P0765,2026-11-06,P,0.765,0.060300000,3,
2026-08-13,ADU,OPT,ADUX6 P0770,2026-11-06,P,0.77,0.065300000,3,
2026-08-13,ADU,OPT,ADUX6 P0780,2026-11-06,P,0.78,0.075100000,3,
2026-08-13,ADU,OPT,ADUX6 P0790,2026-11-06,P,0.79,0.085000000,3,
2026-08-13,ADU,OPT,ADUX6 P0800,2026-11-06,P,0.8,0.094900000,3,
2026-08-13,ADU,OPT,ADUX6 P0810,2026-11-06,P,0.81,0.104800000,3,
2026-08-13,ADU,OPT,ADUX6 P0820,2026-11-06,P,0.82,0.114700000,3,
2026-08-13,ADU,OPT,ADUX6 P0830,2026-11-06,P,0.83,0.124600000,3,
2026-08-13,ADU,OPT,ADUX6 P0840,2026-11-06,P,0.84,0.134500000,3,
2026-08-13,ADU,OPT,ADUX6 P0850,2026-11-06,P,0.85,0.144500000,3,
2026-08-13,ADU,OPT,ADUX6 P0860,2026-11-06,P,0.86,0.154400000,3,
2026-08-13,ADU,OPT,ADUX6 P0870,2026-11-06,P,0.87,0.164300000,3,
2026-08-13,ADU,OPT,ADUZ6 C0450,2026-12-04,C,0.45,0.251400000,3,
2026-08-13,ADU,OPT,ADUZ6 C0460,2026-12-04,C,0.46,0.241500000,3,
2026-08-13,ADU,OPT,ADUZ6 C0470,2026-12-04,C,0.47,0.231600000,3,
2026-08-13,ADU,OPT,ADUZ6 C0480,2026-12-04,C,0.48,0.221700000,3,
2026-08-13,ADU,OPT,ADUZ6 C0490,2026-12-04,C,0.49,0.211800000,3,
2026-08-13,ADU,OPT,ADUZ6 C0500,2026-12-04,C,0.5,0.202000000,3,
2026-08-13,ADU,OPT,ADUZ6 C0510,2026-12-04,C,0.51,0.192100000,3,
2026-08-13,ADU,OPT,ADUZ6 C0520,2026-12-04,C,0.52,0.182200000,3,
2026-08-13,ADU,OPT,ADUZ6 C0530,2026-12-04,C,0.53,0.172300000,3,
2026-08-13,ADU,OPT,ADUZ6 C0540,2026-12-04,C,0.54,0.162400000,3,
2026-08-13,ADU,OPT,ADUZ6 C0550,2026-12-04,C,0.55,0.152600000,3,
2026-08-13,ADU,OPT,ADUZ6 C0555,2026-12-04,C,0.555,0.147600000,3,
2026-08-13,ADU,OPT,ADUZ6 C0560,2026-12-04,C,0.56,0.142700000,3,
2026-08-13,ADU,OPT,ADUZ6 C0565,2026-12-04,C,0.565,0.137800000,3,
2026-08-13,ADU,OPT,ADUZ6 C0570,2026-12-04,C,0.57,0.132800000,3,
2026-08-13,ADU,OPT,ADUZ6 C0575,2026-12-04,C,0.575,0.127900000,3,
2026-08-13,ADU,OPT,ADUZ6 C0580,2026-12-04,C,0.58,0.123000000,3,
2026-08-13,ADU,OPT,ADUZ6 C0585,2026-12-04,C,0.585,0.118100000,3,
2026-08-13,ADU,OPT,ADUZ6 C0590,2026-12-04,C,0.59,0.113100000,3,
2026-08-13,ADU,OPT,ADUZ6 C0595,2026-12-04,C,0.595,0.108200000,3,
2026-08-13,ADU,OPT,ADUZ6 C0600,2026-12-04,C,0.6,0.103300000,3,
2026-08-13,ADU,OPT,ADUZ6 C0605,2026-12-04,C,0.605,0.098400000,3,
2026-08-13,ADU,OPT,ADUZ6 C0610,2026-12-04,C,0.61,0.093500000,3,
2026-08-13,ADU,OPT,ADUZ6 C0615,2026-12-04,C,0.615,0.088600000,3,
2026-08-13,ADU,OPT,ADUZ6 C0620,2026-12-04,C,0.62,0.083700000,3,
2026-08-13,ADU,OPT,ADUZ6 C0625,2026-12-04,C,0.625,0.078800000,3,
2026-08-13,ADU,OPT,ADUZ6 C0630,2026-12-04,C,0.63,0.073900000,3,
2026-08-13,ADU,OPT,ADUZ6 C0635,2026-12-04,C,0.635,0.069000000,3,
2026-08-13,ADU,OPT,ADUZ6 C0640,2026-12-04,C,0.64,0.064200000,3,
2026-08-13,ADU,OPT,ADUZ6 C0645,2026-12-04,C,0.645,0.059400000,3,
2026-08-13,ADU,OPT,ADUZ6 C0650,2026-12-04,C,0.65,0.054600000,3,
2026-08-13,ADU,OPT,ADUZ6 C0655,2026-12-04,C,0.655,0.049900000,3,
2026-08-13,ADU,OPT,ADUZ6 C0660,2026-12-04,C,0.66,0.045300000,3,
2026-08-13,ADU,OPT,ADUZ6 C0665,2026-12-04,C,0.665,0.040700000,3,11
2026-08-13,ADU,OPT,ADUZ6 C0670,2026-12-04,C,0.67,0.036200000,3,
2026-08-13,ADU,OPT,ADUZ6 C0675,2026-12-04,C,0.675,0.031900000,3,11
2026-08-13,ADU,OPT,ADUZ6 C0680,2026-12-04,C,0.68,0.027700000,3,5
2026-08-13,ADU,OPT,ADUZ6 C0685,2026-12-04,C,0.685,0.023700000,3,18
2026-08-13,ADU,OPT,ADUZ6 C0690,2026-12-04,C,0.69,0.020000000,3,40
2026-08-13,ADU,OPT,ADUZ6 C0695,2026-12-04,C,0.695,0.016600000,3,166
2026-08-13,ADU,OPT,ADUZ6 C0700,2026-12-04,C,0.7,0.013600000,3,487
2026-08-13,ADU,OPT,ADUZ6 C0705,2026-12-04,C,0.705,0.010800000,3,7
2026-08-13,ADU,OPT,ADUZ6 C0710,2026-12-04,C,0.71,0.008500000,3,26
2026-08-13,ADU,OPT,ADUZ6 C0715,2026-12-04,C,0.715,0.006600000,3,269
2026-08-13,ADU,OPT,ADUZ6 C0720,2026-12-04,C,0.72,0.005000000,3,14
2026-08-13,ADU,OPT,ADUZ6 C0725,2026-12-04,C,0.725,0.003800000,3,11
2026-08-13,ADU,OPT,ADUZ6 C0730,2026-12-04,C,0.73,0.002800000,3,285
2026-08-13,ADU,OPT,ADUZ6 C0735,2026-12-04,C,0.735,0.002100000,3,3
2026-08-13,ADU,OPT,ADUZ6 C0740,2026-12-04,C,0.74,0.001500000,3,36
2026-08-13,ADU,OPT,ADUZ6 C0745,2026-12-04,C,0.745,0.001100000,3,6
2026-08-13,ADU,OPT,ADUZ6 C0750,2026-12-04,C,0.75,0.000800000,3,215
2026-08-13,ADU,OPT,ADUZ6 C0755,2026-12-04,C,0.755,0.000600000,3,17
2026-08-13,ADU,OPT,ADUZ6 C0760,2026-12-04,C,0.76,0.000450000,3,32
2026-08-13,ADU,OPT,ADUZ6 C0765,2026-12-04,C,0.765,0.000350000,3,18
2026-08-13,ADU,OPT,ADUZ6 C0770,2026-12-04,C,0.77,0.000300000,3,18
2026-08-13,ADU,OPT,ADUZ6 C0780,2026-12-04,C,0.78,0.000200000,3,87
2026-08-13,ADU,OPT,ADUZ6 C0790,2026-12-04,C,0.79,0.000150000,3,3
2026-08-13,ADU,OPT,ADUZ6 C0800,2026-12-04,C,0.8,0.000100000,3,107
2026-08-13,ADU,OPT,ADUZ6 C0810,2026-12-04,C,0.81,0.000050000,3,1
2026-08-13,ADU,OPT,ADUZ6 C0820,2026-12-04,C,0.82,0.000050000,3,
2026-08-13,ADU,OPT,ADUZ6 C0830,2026-12-04,C,0.83,0.000050000,3,
2026-08-13,ADU,OPT,ADUZ6 C0840,2026-12-04,C,0.84,0.000050000,3,10
2026-08-13,ADU,OPT,ADUZ6 C0850,2026-12-04,C,0.85,0.000050000,3,
2026-08-13,ADU,OPT,ADUZ6 C0860,2026-12-04,C,0.86,0.000050000,3,
2026-08-13,ADU,OPT,ADUZ6 C0870,2026-12-04,C,0.87,0.000050000,3,
2026-08-13,ADU,OPT,ADUZ6 P0450,2026-12-04,P,0.45,0.000050000,3,10
2026-08-13,ADU,OPT,ADUZ6 P0460,2026-12-04,P,0.46,0.000050000,3,
2026-08-13,ADU,OPT,ADUZ6 P0470,2026-12-04,P,0.47,0.000050000,3,
2026-08-13,ADU,OPT,ADUZ6 P0480,2026-12-04,P,0.48,0.000050000,3,
2026-08-13,ADU,OPT,ADUZ6 P0490,2026-12-04,P,0.49,0.000050000,3,
2026-08-13,ADU,OPT,ADUZ6 P0500,2026-12-04,P,0.5,0.000050000,3,
2026-08-13,ADU,OPT,ADUZ6 P0510,2026-12-04,P,0.51,0.000050000,3,
2026-08-13,ADU,OPT,ADUZ6 P0520,2026-12-04,P,0.52,0.000050000,3,
2026-08-13,ADU,OPT,ADUZ6 P0530,2026-12-04,P,0.53,0.000050000,3,8
2026-08-13,ADU,OPT,ADUZ6 P0540,2026-12-04,P,0.54,0.000050000,3,6
2026-08-13,ADU,OPT,ADUZ6 P0550,2026-12-04,P,0.55,0.000050000,3,1
2026-08-13,ADU,OPT,ADUZ6 P0555,2026-12-04,P,0.555,0.000050000,3,
2026-08-13,ADU,OPT,ADUZ6 P0560,2026-12-04,P,0.56,0.000050000,3,
2026-08-13,ADU,OPT,ADUZ6 P0565,2026-12-04,P,0.565,0.000050000,3,8
2026-08-13,ADU,OPT,ADUZ6 P0570,2026-12-04,P,0.57,0.000100000,3,
2026-08-13,ADU,OPT,ADUZ6 P0575,2026-12-04,P,0.575,0.000100000,3,2
2026-08-13,ADU,OPT,ADUZ6 P0580,2026-12-04,P,0.58,0.000100000,3,1
2026-08-13,ADU,OPT,ADUZ6 P0585,2026-12-04,P,0.585,0.000150000,3,5
2026-08-13,ADU,OPT,ADUZ6 P0590,2026-12-04,P,0.59,0.000150000,3,14
2026-08-13,ADU,OPT,ADUZ6 P0595,2026-12-04,P,0.595,0.000200000,3,
2026-08-13,ADU,OPT,ADUZ6 P0600,2026-12-04,P,0.6,0.000200000,3,28
2026-08-13,ADU,OPT,ADUZ6 P0605,2026-12-04,P,0.605,0.000250000,3,1
2026-08-13,ADU,OPT,ADUZ6 P0610,2026-12-04,P,0.61,0.000250000,3,1
2026-08-13,ADU,OPT,ADUZ6 P0615,2026-12-04,P,0.615,0.000300000,3,1
2026-08-13,ADU,OPT,ADUZ6 P0620,2026-12-04,P,0.62,0.000350000,3,19
2026-08-13,ADU,OPT,ADUZ6 P0625,2026-12-04,P,0.625,0.000400000,3,16
2026-08-13,ADU,OPT,ADUZ6 P0630,2026-12-04,P,0.63,0.000450000,3,418
2026-08-13,ADU,OPT,ADUZ6 P0635,2026-12-04,P,0.635,0.000500000,3,4
2026-08-13,ADU,OPT,ADUZ6 P0640,2026-12-04,P,0.64,0.000600000,3,18
2026-08-13,ADU,OPT,ADUZ6 P0645,2026-12-04,P,0.645,0.000800000,3,
2026-08-13,ADU,OPT,ADUZ6 P0650,2026-12-04,P,0.65,0.001000000,3,481
2026-08-13,ADU,OPT,ADUZ6 P0655,2026-12-04,P,0.655,0.001200000,3,47
2026-08-13,ADU,OPT,ADUZ6 P0660,2026-12-04,P,0.66,0.001500000,3,105
2026-08-13,ADU,OPT,ADUZ6 P0665,2026-12-04,P,0.665,0.001900000,3,8
2026-08-13,ADU,OPT,ADUZ6 P0670,2026-12-04,P,0.67,0.002300000,3,1
2026-08-13,ADU,OPT,ADUZ6 P0675,2026-12-04,P,0.675,0.002900000,3,1
2026-08-13,ADU,OPT,ADUZ6 P0680,2026-12-04,P,0.68,0.003700000,3,259
2026-08-13,ADU,OPT,ADUZ6 P0685,2026-12-04,P,0.685,0.004700000,3,63
2026-08-13,ADU,OPT,ADUZ6 P0690,2026-12-04,P,0.69,0.005900000,3,17
2026-08-13,ADU,OPT,ADUZ6 P0695,2026-12-04,P,0.695,0.007400000,3,9
2026-08-13,ADU,OPT,ADUZ6 P0700,2026-12-04,P,0.7,0.009300000,3,66
2026-08-13,ADU,OPT,ADUZ6 P0705,2026-12-04,P,0.705,0.011500000,3,9
2026-08-13,ADU,OPT,ADUZ6 P0710,2026-12-04,P,0.71,0.014200000,3,13
2026-08-13,ADU,OPT,ADUZ6 P0715,2026-12-04,P,0.715,0.017200000,3,5
2026-08-13,ADU,OPT,ADUZ6 P0720,2026-12-04,P,0.72,0.020500000,3,102
2026-08-13,ADU,OPT,ADUZ6 P0725,2026-12-04,P,0.725,0.024200000,3,1
2026-08-13,ADU,OPT,ADUZ6 P0730,2026-12-04,P,0.73,0.028200000,3,1
2026-08-13,ADU,OPT,ADUZ6 P0735,2026-12-04,P,0.735,0.032400000,3,
2026-08-13,ADU,OPT,ADUZ6 P0740,2026-12-04,P,0.74,0.036800000,3,6
2026-08-13,ADU,OPT,ADUZ6 P0745,2026-12-04,P,0.745,0.041300000,3,
2026-08-13,ADU,OPT,ADUZ6 P0750,2026-12-04,P,0.75,0.046000000,3,
2026-08-13,ADU,OPT,ADUZ6 P0755,2026-12-04,P,0.755,0.050700000,3,
2026-08-13,ADU,OPT,ADUZ6 P0760,2026-12-04,P,0.76,0.055500000,3,
2026-08-13,ADU,OPT,ADUZ6 P0765,2026-12-04,P,0.765,0.060400000,3,
2026-08-13,ADU,OPT,ADUZ6 P0770,2026-12-04,P,0.77,0.065200000,3,
2026-08-13,ADU,OPT,ADUZ6 P0780,2026-12-04,P,0.78,0.075000000,3,
2026-08-13,ADU,OPT,ADUZ6 P0790,2026-12-04,P,0.79,0.084800000,3,
2026-08-13,ADU,OPT,ADUZ6 P0800,2026-12-04,P,0.8,0.094700000,3,
2026-08-13,ADU,OPT,ADUZ6 P0810,2026-12-04,P,0.81,0.104500000,3,
2026-08-13,ADU,OPT,ADUZ6 P0820,2026-12-04,P,0.82,0.114400000,3,
2026-08-13,ADU,OPT,ADUZ6 P0830,2026-12-04,P,0.83,0.124300000,3,
2026-08-13,ADU,OPT,ADUZ6 P0840,2026-12-04,P,0.84,0.134100000,3,
2026-08-13,ADU,OPT,ADUZ6 P0850,2026-12-04,P,0.85,0.144000000,3,
2026-08-13,ADU,OPT,ADUZ6 P0860,2026-12-04,P,0.86,0.153900000,3,
2026-08-13,ADU,OPT,ADUZ6 P0870,2026-12-04,P,0.87,0.163800000,3,
2026-08-13,ADU,OPT,ADUF7 C0520,2027-01-08,C,0.52,0.180500000,3,
2026-08-13,ADU,OPT,ADUF7 C0530,2027-01-08,C,0.53,0.170700000,3,
2026-08-13,ADU,OPT,ADUF7 C0540,2027-01-08,C,0.54,0.160900000,3,
2026-08-13,ADU,OPT,ADUF7 C0550,2027-01-08,C,0.55,0.151000000,3,
2026-08-13,ADU,OPT,ADUF7 C0560,2027-01-08,C,0.56,0.141200000,3,
2026-08-13,ADU,OPT,ADUF7 C0570,2027-01-08,C,0.57,0.131400000,3,
2026-08-13,ADU,OPT,ADUF7 C0580,2027-01-08,C,0.58,0.121600000,3,
2026-08-13,ADU,OPT,ADUF7 C0590,2027-01-08,C,0.59,0.111800000,3,
2026-08-13,ADU,OPT,ADUF7 C0600,2027-01-08,C,0.6,0.102000000,3,
2026-08-13,ADU,OPT,ADUF7 C0610,2027-01-08,C,0.61,0.092300000,3,
2026-08-13,ADU,OPT,ADUF7 C0615,2027-01-08,C,0.615,0.087400000,3,
2026-08-13,ADU,OPT,ADUF7 C0620,2027-01-08,C,0.62,0.082600000,3,
2026-08-13,ADU,OPT,ADUF7 C0625,2027-01-08,C,0.625,0.077800000,3,
2026-08-13,ADU,OPT,ADUF7 C0630,2027-01-08,C,0.63,0.072900000,3,
2026-08-13,ADU,OPT,ADUF7 C0635,2027-01-08,C,0.635,0.068200000,3,
2026-08-13,ADU,OPT,ADUF7 C0640,2027-01-08,C,0.64,0.063400000,3,
2026-08-13,ADU,OPT,ADUF7 C0645,2027-01-08,C,0.645,0.058700000,3,1
2026-08-13,ADU,OPT,ADUF7 C0650,2027-01-08,C,0.65,0.054100000,3,
2026-08-13,ADU,OPT,ADUF7 C0655,2027-01-08,C,0.655,0.049500000,3,
2026-08-13,ADU,OPT,ADUF7 C0660,2027-01-08,C,0.66,0.045000000,3,
2026-08-13,ADU,OPT,ADUF7 C0665,2027-01-08,C,0.665,0.040600000,3,
2026-08-13,ADU,OPT,ADUF7 C0670,2027-01-08,C,0.67,0.036300000,3,
2026-08-13,ADU,OPT,ADUF7 C0675,2027-01-08,C,0.675,0.032200000,3,
2026-08-13,ADU,OPT,ADUF7 C0680,2027-01-08,C,0.68,0.028200000,3,
2026-08-13,ADU,OPT,ADUF7 C0685,2027-01-08,C,0.685,0.024500000,3,132
2026-08-13,ADU,OPT,ADUF7 C0690,2027-01-08,C,0.69,0.021000000,3,1503
2026-08-13,ADU,OPT,ADUF7 C0695,2027-01-08,C,0.695,0.017700000,3,276
2026-08-13,ADU,OPT,ADUF7 C0700,2027-01-08,C,0.7,0.014800000,3,292
2026-08-13,ADU,OPT,ADUF7 C0705,2027-01-08,C,0.705,0.012100000,3,200
2026-08-13,ADU,OPT,ADUF7 C0710,2027-01-08,C,0.71,0.009900000,3,8
2026-08-13,ADU,OPT,ADUF7 C0715,2027-01-08,C,0.715,0.007900000,3,5
2026-08-13,ADU,OPT,ADUF7 C0720,2027-01-08,C,0.72,0.006300000,3,102
2026-08-13,ADU,OPT,ADUF7 C0725,2027-01-08,C,0.725,0.004900000,3,125
2026-08-13,ADU,OPT,ADUF7 C0730,2027-01-08,C,0.73,0.003800000,3,
2026-08-13,ADU,OPT,ADUF7 C0735,2027-01-08,C,0.735,0.002900000,3,
2026-08-13,ADU,OPT,ADUF7 C0740,2027-01-08,C,0.74,0.002200000,3,
2026-08-13,ADU,OPT,ADUF7 C0745,2027-01-08,C,0.745,0.001700000,3,
2026-08-13,ADU,OPT,ADUF7 C0750,2027-01-08,C,0.75,0.001300000,3,650
2026-08-13,ADU,OPT,ADUF7 C0755,2027-01-08,C,0.755,0.001000000,3,3
2026-08-13,ADU,OPT,ADUF7 C0760,2027-01-08,C,0.76,0.000700000,3,626
2026-08-13,ADU,OPT,ADUF7 C0765,2027-01-08,C,0.765,0.000600000,3,16
2026-08-13,ADU,OPT,ADUF7 C0770,2027-01-08,C,0.77,0.000500000,3,17
2026-08-13,ADU,OPT,ADUF7 C0780,2027-01-08,C,0.78,0.000350000,3,75
2026-08-13,ADU,OPT,ADUF7 C0790,2027-01-08,C,0.79,0.000200000,3,1
2026-08-13,ADU,OPT,ADUF7 C0800,2027-01-08,C,0.8,0.000150000,3,99
2026-08-13,ADU,OPT,ADUF7 C0810,2027-01-08,C,0.81,0.000100000,3,
2026-08-13,ADU,OPT,ADUF7 C0820,2027-01-08,C,0.82,0.000050000,3,
2026-08-13,ADU,OPT,ADUF7 C0830,2027-01-08,C,0.83,0.000050000,3,2
2026-08-13,ADU,OPT,ADUF7 C0840,2027-01-08,C,0.84,0.000050000,3,8
2026-08-13,ADU,OPT,ADUF7 C0850,2027-01-08,C,0.85,0.000050000,3,
2026-08-13,ADU,OPT,ADUF7 C0860,2027-01-08,C,0.86,0.000050000,3,
2026-08-13,ADU,OPT,ADUF7 C0870,2027-01-08,C,0.87,0.000050000,3,
2026-08-13,ADU,OPT,ADUF7 P0520,2027-01-08,P,0.52,0.000050000,3,
2026-08-13,ADU,OPT,ADUF7 P0530,2027-01-08,P,0.53,0.000050000,3,
2026-08-13,ADU,OPT,ADUF7 P0540,2027-01-08,P,0.54,0.000050000,3,
2026-08-13,ADU,OPT,ADUF7 P0550,2027-01-08,P,0.55,0.000050000,3,
2026-08-13,ADU,OPT,ADUF7 P0560,2027-01-08,P,0.56,0.000100000,3,
2026-08-13,ADU,OPT,ADUF7 P0570,2027-01-08,P,0.57,0.000150000,3,
2026-08-13,ADU,OPT,ADUF7 P0580,2027-01-08,P,0.58,0.000150000,3,1
2026-08-13,ADU,OPT,ADUF7 P0590,2027-01-08,P,0.59,0.000250000,3,
2026-08-13,ADU,OPT,ADUF7 P0600,2027-01-08,P,0.6,0.000300000,3,32
2026-08-13,ADU,OPT,ADUF7 P0610,2027-01-08,P,0.61,0.000400000,3,16
2026-08-13,ADU,OPT,ADUF7 P0615,2027-01-08,P,0.615,0.000500000,3,20
2026-08-13,ADU,OPT,ADUF7 P0620,2027-01-08,P,0.62,0.000600000,3,18
2026-08-13,ADU,OPT,ADUF7 P0625,2027-01-08,P,0.625,0.000600000,3,18
2026-08-13,ADU,OPT,ADUF7 P0630,2027-01-08,P,0.63,0.000800000,3,23
2026-08-13,ADU,OPT,ADUF7 P0635,2027-01-08,P,0.635,0.000900000,3,1
2026-08-13,ADU,OPT,ADUF7 P0640,2027-01-08,P,0.64,0.001100000,3,
2026-08-13,ADU,OPT,ADUF7 P0645,2027-01-08,P,0.645,0.001300000,3,4
2026-08-13,ADU,OPT,ADUF7 P0650,2027-01-08,P,0.65,0.001600000,3,125
2026-08-13,ADU,OPT,ADUF7 P0655,2027-01-08,P,0.655,0.001900000,3,
2026-08-13,ADU,OPT,ADUF7 P0660,2027-01-08,P,0.66,0.002300000,3,126
2026-08-13,ADU,OPT,ADUF7 P0665,2027-01-08,P,0.665,0.002900000,3,100
2026-08-13,ADU,OPT,ADUF7 P0670,2027-01-08,P,0.67,0.003500000,3,2
2026-08-13,ADU,OPT,ADUF7 P0675,2027-01-08,P,0.675,0.004300000,3,5
2026-08-13,ADU,OPT,ADUF7 P0680,2027-01-08,P,0.68,0.005300000,3,
2026-08-13,ADU,OPT,ADUF7 P0685,2027-01-08,P,0.685,0.006500000,3,
2026-08-13,ADU,OPT,ADUF7 P0690,2027-01-08,P,0.69,0.007900000,3,135
2026-08-13,ADU,OPT,ADUF7 P0695,2027-01-08,P,0.695,0.009600000,3,306
2026-08-13,ADU,OPT,ADUF7 P0700,2027-01-08,P,0.7,0.011500000,3,29
2026-08-13,ADU,OPT,ADUF7 P0705,2027-01-08,P,0.705,0.013800000,3,248
2026-08-13,ADU,OPT,ADUF7 P0710,2027-01-08,P,0.71,0.016400000,3,1274
2026-08-13,ADU,OPT,ADUF7 P0715,2027-01-08,P,0.715,0.019400000,3,
2026-08-13,ADU,OPT,ADUF7 P0720,2027-01-08,P,0.72,0.022700000,3,2561
2026-08-13,ADU,OPT,ADUF7 P0725,2027-01-08,P,0.725,0.026300000,3,
2026-08-13,ADU,OPT,ADUF7 P0730,2027-01-08,P,0.73,0.030100000,3,
2026-08-13,ADU,OPT,ADUF7 P0735,2027-01-08,P,0.735,0.034200000,3,
2026-08-13,ADU,OPT,ADUF7 P0740,2027-01-08,P,0.74,0.038400000,3,
2026-08-13,ADU,OPT,ADUF7 P0745,2027-01-08,P,0.745,0.042800000,3,
2026-08-13,ADU,OPT,ADUF7 P0750,2027-01-08,P,0.75,0.047300000,3,6
2026-08-13,ADU,OPT,ADUF7 P0755,2027-01-08,P,0.755,0.051900000,3,
2026-08-13,ADU,OPT,ADUF7 P0760,2027-01-08,P,0.76,0.056600000,3,
2026-08-13,ADU,OPT,ADUF7 P0765,2027-01-08,P,0.765,0.061400000,3,
2026-08-13,ADU,OPT,ADUF7 P0770,2027-01-08,P,0.77,0.066200000,3,1
2026-08-13,ADU,OPT,ADUF7 P0780,2027-01-08,P,0.78,0.075900000,3,
2026-08-13,ADU,OPT,ADUF7 P0790,2027-01-08,P,0.79,0.085600000,3,
2026-08-13,ADU,OPT,ADUF7 P0800,2027-01-08,P,0.8,0.095400000,3,
2026-08-13,ADU,OPT,ADUF7 P0810,2027-01-08,P,0.81,0.105200000,3,
2026-08-13,ADU,OPT,ADUF7 P0820,2027-01-08,P,0.82,0.115000000,3,
2026-08-13,ADU,OPT,ADUF7 P0830,2027-01-08,P,0.83,0.124800000,3,
2026-08-13,ADU,OPT,ADUF7 P0840,2027-01-08,P,0.84,0.134600000,3,
2026-08-13,ADU,OPT,ADUF7 P0850,2027-01-08,P,0.85,0.144500000,3,
2026-08-13,ADU,OPT,ADUF7 P0860,2027-01-08,P,0.86,0.154300000,3,
2026-08-13,ADU,OPT,ADUF7 P0870,2027-01-08,P,0.87,0.164200000,3,
2026-08-13,ADU,OPT,ADUG7 C0530,2027-02-05,C,0.53,0.170300000,3,
2026-08-13,ADU,OPT,ADUG7 C0540,2027-02-05,C,0.54,0.160500000,3,
2026-08-13,ADU,OPT,ADUG7 C0550,2027-02-05,C,0.55,0.150700000,3,
2026-08-13,ADU,OPT,ADUG7 C0560,2027-02-05,C,0.56,0.140900000,3,
2026-08-13,ADU,OPT,ADUG7 C0570,2027-02-05,C,0.57,0.131100000,3,
2026-08-13,ADU,OPT,ADUG7 C0580,2027-02-05,C,0.58,0.121400000,3,
2026-08-13,ADU,OPT,ADUG7 C0590,2027-02-05,C,0.59,0.111600000,3,
2026-08-13,ADU,OPT,ADUG7 C0600,2027-02-05,C,0.6,0.101900000,3,
2026-08-13,ADU,OPT,ADUG7 C0610,2027-02-05,C,0.61,0.092300000,3,
2026-08-13,ADU,OPT,ADUG7 C0620,2027-02-05,C,0.62,0.082600000,3,
2026-08-13,ADU,OPT,ADUG7 C0630,2027-02-05,C,0.63,0.073100000,3,
2026-08-13,ADU,OPT,ADUG7 C0635,2027-02-05,C,0.635,0.068400000,3,
2026-08-13,ADU,OPT,ADUG7 C0640,2027-02-05,C,0.64,0.063700000,3,
2026-08-13,ADU,OPT,ADUG7 C0645,2027-02-05,C,0.645,0.059100000,3,
2026-08-13,ADU,OPT,ADUG7 C0650,2027-02-05,C,0.65,0.054500000,3,
2026-08-13,ADU,OPT,ADUG7 C0655,2027-02-05,C,0.655,0.050100000,3,
2026-08-13,ADU,OPT,ADUG7 C0660,2027-02-05,C,0.66,0.045700000,3,
2026-08-13,ADU,OPT,ADUG7 C0665,2027-02-05,C,0.665,0.041400000,3,
2026-08-13,ADU,OPT,ADUG7 C0670,2027-02-05,C,0.67,0.037200000,3,
2026-08-13,ADU,OPT,ADUG7 C0675,2027-02-05,C,0.675,0.033200000,3,
2026-08-13,ADU,OPT,ADUG7 C0680,2027-02-05,C,0.68,0.029400000,3,
2026-08-13,ADU,OPT,ADUG7 C0685,2027-02-05,C,0.685,0.025700000,3,
2026-08-13,ADU,OPT,ADUG7 C0690,2027-02-05,C,0.69,0.022300000,3,
2026-08-13,ADU,OPT,ADUG7 C0695,2027-02-05,C,0.695,0.019100000,3,15
2026-08-13,ADU,OPT,ADUG7 C0700,2027-02-05,C,0.7,0.016200000,3,2
2026-08-13,ADU,OPT,ADUG7 C0705,2027-02-05,C,0.705,0.013600000,3,2
2026-08-13,ADU,OPT,ADUG7 C0710,2027-02-05,C,0.71,0.011300000,3,27
2026-08-13,ADU,OPT,ADUG7 C0715,2027-02-05,C,0.715,0.009300000,3,13
2026-08-13,ADU,OPT,ADUG7 C0720,2027-02-05,C,0.72,0.007600000,3,
2026-08-13,ADU,OPT,ADUG7 C0725,2027-02-05,C,0.725,0.006200000,3,15
2026-08-13,ADU,OPT,ADUG7 C0730,2027-02-05,C,0.73,0.004900000,3,
2026-08-13,ADU,OPT,ADUG7 C0735,2027-02-05,C,0.735,0.004000000,3,
2026-08-13,ADU,OPT,ADUG7 C0740,2027-02-05,C,0.74,0.003100000,3,
2026-08-13,ADU,OPT,ADUG7 C0745,2027-02-05,C,0.745,0.002500000,3,1
2026-08-13,ADU,OPT,ADUG7 C0750,2027-02-05,C,0.75,0.001900000,3,
2026-08-13,ADU,OPT,ADUG7 C0755,2027-02-05,C,0.755,0.001500000,3,
2026-08-13,ADU,OPT,ADUG7 C0760,2027-02-05,C,0.76,0.001200000,3,
2026-08-13,ADU,OPT,ADUG7 C0765,2027-02-05,C,0.765,0.001000000,3,
2026-08-13,ADU,OPT,ADUG7 C0770,2027-02-05,C,0.77,0.000800000,3,16
2026-08-13,ADU,OPT,ADUG7 C0780,2027-02-05,C,0.78,0.000500000,3,20
2026-08-13,ADU,OPT,ADUG7 C0790,2027-02-05,C,0.79,0.000300000,3,
2026-08-13,ADU,OPT,ADUG7 C0800,2027-02-05,C,0.8,0.000200000,3,
2026-08-13,ADU,OPT,ADUG7 C0810,2027-02-05,C,0.81,0.000100000,3,
2026-08-13,ADU,OPT,ADUG7 C0820,2027-02-05,C,0.82,0.000050000,3,
2026-08-13,ADU,OPT,ADUG7 C0830,2027-02-05,C,0.83,0.000050000,3,
2026-08-13,ADU,OPT,ADUG7 C0840,2027-02-05,C,0.84,0.000050000,3,
2026-08-13,ADU,OPT,ADUG7 C0850,2027-02-05,C,0.85,0.000050000,3,1
2026-08-13,ADU,OPT,ADUG7 C0860,2027-02-05,C,0.86,0.000050000,3,
2026-08-13,ADU,OPT,ADUG7 C0870,2027-02-05,C,0.87,0.000050000,3,
2026-08-13,ADU,OPT,ADUG7 P0530,2027-02-05,P,0.53,0.000100000,3,
2026-08-13,ADU,OPT,ADUG7 P0540,2027-02-05,P,0.54,0.000150000,3,
2026-08-13,ADU,OPT,ADUG7 P0550,2027-02-05,P,0.55,0.000150000,3,
2026-08-13,ADU,OPT,ADUG7 P0560,2027-02-05,P,0.56,0.000200000,3,
2026-08-13,ADU,OPT,ADUG7 P0570,2027-02-05,P,0.57,0.000250000,3,
2026-08-13,ADU,OPT,ADUG7 P0580,2027-02-05,P,0.58,0.000300000,3,
2026-08-13,ADU,OPT,ADUG7 P0590,2027-02-05,P,0.59,0.000350000,3,
2026-08-13,ADU,OPT,ADUG7 P0600,2027-02-05,P,0.6,0.000500000,3,
2026-08-13,ADU,OPT,ADUG7 P0610,2027-02-05,P,0.61,0.000600000,3,
2026-08-13,ADU,OPT,ADUG7 P0620,2027-02-05,P,0.62,0.000900000,3,4
2026-08-13,ADU,OPT,ADUG7 P0630,2027-02-05,P,0.63,0.001100000,3,16
2026-08-13,ADU,OPT,ADUG7 P0635,2027-02-05,P,0.635,0.001300000,3,17
2026-08-13,ADU,OPT,ADUG7 P0640,2027-02-05,P,0.64,0.001600000,3,
2026-08-13,ADU,OPT,ADUG7 P0645,2027-02-05,P,0.645,0.001900000,3,
2026-08-13,ADU,OPT,ADUG7 P0650,2027-02-05,P,0.65,0.002200000,3,4
2026-08-13,ADU,OPT,ADUG7 P0655,2027-02-05,P,0.655,0.002600000,3,
2026-08-13,ADU,OPT,ADUG7 P0660,2027-02-05,P,0.66,0.003200000,3,
2026-08-13,ADU,OPT,ADUG7 P0665,2027-02-05,P,0.665,0.003800000,3,25
2026-08-13,ADU,OPT,ADUG7 P0670,2027-02-05,P,0.67,0.004500000,3,
2026-08-13,ADU,OPT,ADUG7 P0675,2027-02-05,P,0.675,0.005500000,3,
2026-08-13,ADU,OPT,ADUG7 P0680,2027-02-05,P,0.68,0.006500000,3,1
2026-08-13,ADU,OPT,ADUG7 P0685,2027-02-05,P,0.685,0.007800000,3,
2026-08-13,ADU,OPT,ADUG7 P0690,2027-02-05,P,0.69,0.009200000,3,1
2026-08-13,ADU,OPT,ADUG7 P0695,2027-02-05,P,0.695,0.011000000,3,
2026-08-13,ADU,OPT,ADUG7 P0700,2027-02-05,P,0.7,0.013000000,3,
2026-08-13,ADU,OPT,ADUG7 P0705,2027-02-05,P,0.705,0.015300000,3,3
2026-08-13,ADU,OPT,ADUG7 P0710,2027-02-05,P,0.71,0.017900000,3,114
2026-08-13,ADU,OPT,ADUG7 P0715,2027-02-05,P,0.715,0.020800000,3,
2026-08-13,ADU,OPT,ADUG7 P0720,2027-02-05,P,0.72,0.024000000,3,
2026-08-13,ADU,OPT,ADUG7 P0725,2027-02-05,P,0.725,0.027500000,3,
2026-08-13,ADU,OPT,ADUG7 P0730,2027-02-05,P,0.73,0.031200000,3,
2026-08-13,ADU,OPT,ADUG7 P0735,2027-02-05,P,0.735,0.035100000,3,
2026-08-13,ADU,OPT,ADUG7 P0740,2027-02-05,P,0.74,0.039200000,3,
2026-08-13,ADU,OPT,ADUG7 P0745,2027-02-05,P,0.745,0.043400000,3,
2026-08-13,ADU,OPT,ADUG7 P0750,2027-02-05,P,0.75,0.047800000,3,
2026-08-13,ADU,OPT,ADUG7 P0755,2027-02-05,P,0.755,0.052300000,3,
2026-08-13,ADU,OPT,ADUG7 P0760,2027-02-05,P,0.76,0.056900000,3,
2026-08-13,ADU,OPT,ADUG7 P0765,2027-02-05,P,0.765,0.061500000,3,
2026-08-13,ADU,OPT,ADUG7 P0770,2027-02-05,P,0.77,0.066200000,3,
2026-08-13,ADU,OPT,ADUG7 P0780,2027-02-05,P,0.78,0.075800000,3,
2026-08-13,ADU,OPT,ADUG7 P0790,2027-02-05,P,0.79,0.085400000,3,
2026-08-13,ADU,OPT,ADUG7 P0800,2027-02-05,P,0.8,0.095100000,3,
2026-08-13,ADU,OPT,ADUG7 P0810,2027-02-05,P,0.81,0.104900000,3,
2026-08-13,ADU,OPT,ADUG7 P0820,2027-02-05,P,0.82,0.114700000,3,
2026-08-13,ADU,OPT,ADUG7 P0830,2027-02-05,P,0.83,0.124400000,3,
2026-08-13,ADU,OPT,ADUG7 P0840,2027-02-05,P,0.84,0.134200000,3,
2026-08-13,ADU,OPT,ADUG7 P0850,2027-02-05,P,0.85,0.144000000,3,
2026-08-13,ADU,OPT,ADUG7 P0860,2027-02-05,P,0.86,0.153900000,3,
2026-08-13,ADU,OPT,ADUG7 P0870,2027-02-05,P,0.87,0.163700000,3,
2026-08-13,ADU,OPT,ADUH7 C0450,2027-03-05,C,0.45,0.247900000,3,
2026-08-13,ADU,OPT,ADUH7 C0460,2027-03-05,C,0.46,0.238200000,3,
2026-08-13,ADU,OPT,ADUH7 C0470,2027-03-05,C,0.47,0.228400000,3,
2026-08-13,ADU,OPT,ADUH7 C0480,2027-03-05,C,0.48,0.218600000,3,
2026-08-13,ADU,OPT,ADUH7 C0490,2027-03-05,C,0.49,0.208900000,3,
2026-08-13,ADU,OPT,ADUH7 C0500,2027-03-05,C,0.5,0.199100000,3,
2026-08-13,ADU,OPT,ADUH7 C0510,2027-03-05,C,0.51,0.189300000,3,
2026-08-13,ADU,OPT,ADUH7 C0520,2027-03-05,C,0.52,0.179600000,3,
2026-08-13,ADU,OPT,ADUH7 C0530,2027-03-05,C,0.53,0.169800000,3,
2026-08-13,ADU,OPT,ADUH7 C0540,2027-03-05,C,0.54,0.160100000,3,
2026-08-13,ADU,OPT,ADUH7 C0550,2027-03-05,C,0.55,0.150400000,3,
2026-08-13,ADU,OPT,ADUH7 C0555,2027-03-05,C,0.555,0.145500000,3,
2026-08-13,ADU,OPT,ADUH7 C0560,2027-03-05,C,0.56,0.140600000,3,
2026-08-13,ADU,OPT,ADUH7 C0565,2027-03-05,C,0.565,0.135800000,3,
2026-08-13,ADU,OPT,ADUH7 C0570,2027-03-05,C,0.57,0.130900000,3,
2026-08-13,ADU,OPT,ADUH7 C0575,2027-03-05,C,0.575,0.126100000,3,
2026-08-13,ADU,OPT,ADUH7 C0580,2027-03-05,C,0.58,0.121200000,3,
2026-08-13,ADU,OPT,ADUH7 C0585,2027-03-05,C,0.585,0.116300000,3,
2026-08-13,ADU,OPT,ADUH7 C0590,2027-03-05,C,0.59,0.111500000,3,
2026-08-13,ADU,OPT,ADUH7 C0595,2027-03-05,C,0.595,0.106600000,3,
2026-08-13,ADU,OPT,ADUH7 C0600,2027-03-05,C,0.6,0.101800000,3,
2026-08-13,ADU,OPT,ADUH7 C0605,2027-03-05,C,0.605,0.097000000,3,
2026-08-13,ADU,OPT,ADUH7 C0610,2027-03-05,C,0.61,0.092200000,3,
2026-08-13,ADU,OPT,ADUH7 C0615,2027-03-05,C,0.615,0.087400000,3,
2026-08-13,ADU,OPT,ADUH7 C0620,2027-03-05,C,0.62,0.082700000,3,
2026-08-13,ADU,OPT,ADUH7 C0625,2027-03-05,C,0.625,0.077900000,3,
2026-08-13,ADU,OPT,ADUH7 C0630,2027-03-05,C,0.63,0.073300000,3,
2026-08-13,ADU,OPT,ADUH7 C0635,2027-03-05,C,0.635,0.068600000,3,
2026-08-13,ADU,OPT,ADUH7 C0640,2027-03-05,C,0.64,0.064100000,3,
2026-08-13,ADU,OPT,ADUH7 C0645,2027-03-05,C,0.645,0.059500000,3,
2026-08-13,ADU,OPT,ADUH7 C0650,2027-03-05,C,0.65,0.055100000,3,
2026-08-13,ADU,OPT,ADUH7 C0655,2027-03-05,C,0.655,0.050700000,3,
2026-08-13,ADU,OPT,ADUH7 C0660,2027-03-05,C,0.66,0.046400000,3,
2026-08-13,ADU,OPT,ADUH7 C0665,2027-03-05,C,0.665,0.042300000,3,
2026-08-13,ADU,OPT,ADUH7 C0670,2027-03-05,C,0.67,0.038200000,3,
2026-08-13,ADU,OPT,ADUH7 C0675,2027-03-05,C,0.675,0.034300000,3,
2026-08-13,ADU,OPT,ADUH7 C0680,2027-03-05,C,0.68,0.030500000,3,1
2026-08-13,ADU,OPT,ADUH7 C0685,2027-03-05,C,0.685,0.027000000,3,
2026-08-13,ADU,OPT,ADUH7 C0690,2027-03-05,C,0.69,0.023600000,3,
2026-08-13,ADU,OPT,ADUH7 C0695,2027-03-05,C,0.695,0.020500000,3,
2026-08-13,ADU,OPT,ADUH7 C0700,2027-03-05,C,0.7,0.017600000,3,5
2026-08-13,ADU,OPT,ADUH7 C0705,2027-03-05,C,0.705,0.015000000,3,
2026-08-13,ADU,OPT,ADUH7 C0710,2027-03-05,C,0.71,0.012700000,3,
2026-08-13,ADU,OPT,ADUH7 C0715,2027-03-05,C,0.715,0.010600000,3,
2026-08-13,ADU,OPT,ADUH7 C0720,2027-03-05,C,0.72,0.008900000,3,
2026-08-13,ADU,OPT,ADUH7 C0725,2027-03-05,C,0.725,0.007300000,3,
2026-08-13,ADU,OPT,ADUH7 C0730,2027-03-05,C,0.73,0.006000000,3,
2026-08-13,ADU,OPT,ADUH7 C0735,2027-03-05,C,0.735,0.005000000,3,
2026-08-13,ADU,OPT,ADUH7 C0740,2027-03-05,C,0.74,0.004000000,3,1
2026-08-13,ADU,OPT,ADUH7 C0745,2027-03-05,C,0.745,0.003300000,3,
2026-08-13,ADU,OPT,ADUH7 C0750,2027-03-05,C,0.75,0.002600000,3,5
2026-08-13,ADU,OPT,ADUH7 C0755,2027-03-05,C,0.755,0.002100000,3,
2026-08-13,ADU,OPT,ADUH7 C0760,2027-03-05,C,0.76,0.001700000,3,2
2026-08-13,ADU,OPT,ADUH7 C0765,2027-03-05,C,0.765,0.001400000,3,
2026-08-13,ADU,OPT,ADUH7 C0770,2027-03-05,C,0.77,0.001100000,3,
2026-08-13,ADU,OPT,ADUH7 C0780,2027-03-05,C,0.78,0.000700000,3,
2026-08-13,ADU,OPT,ADUH7 C0790,2027-03-05,C,0.79,0.000500000,3,
2026-08-13,ADU,OPT,ADUH7 C0800,2027-03-05,C,0.8,0.000350000,3,
2026-08-13,ADU,OPT,ADUH7 C0810,2027-03-05,C,0.81,0.000250000,3,
2026-08-13,ADU,OPT,ADUH7 C0820,2027-03-05,C,0.82,0.000150000,3,
2026-08-13,ADU,OPT,ADUH7 C0830,2027-03-05,C,0.83,0.000100000,3,
2026-08-13,ADU,OPT,ADUH7 C0840,2027-03-05,C,0.84,0.000100000,3,2
2026-08-13,ADU,OPT,ADUH7 C0850,2027-03-05,C,0.85,0.000050000,3,
2026-08-13,ADU,OPT,ADUH7 C0860,2027-03-05,C,0.86,0.000050000,3,
2026-08-13,ADU,OPT,ADUH7 C0870,2027-03-05,C,0.87,0.000050000,3,
2026-08-13,ADU,OPT,ADUH7 P0450,2027-03-05,P,0.45,0.000050000,3,
2026-08-13,ADU,OPT,ADUH7 P0460,2027-03-05,P,0.46,0.000050000,3,
2026-08-13,ADU,OPT,ADUH7 P0470,2027-03-05,P,0.47,0.000050000,3,
2026-08-13,ADU,OPT,ADUH7 P0480,2027-03-05,P,0.48,0.000050000,3,
2026-08-13,ADU,OPT,ADUH7 P0490,2027-03-05,P,0.49,0.000100000,3,
2026-08-13,ADU,OPT,ADUH7 P0500,2027-03-05,P,0.5,0.000100000,3,
2026-08-13,ADU,OPT,ADUH7 P0510,2027-03-05,P,0.51,0.000150000,3,
2026-08-13,ADU,OPT,ADUH7 P0520,2027-03-05,P,0.52,0.000150000,3,1
2026-08-13,ADU,OPT,ADUH7 P0530,2027-03-05,P,0.53,0.000200000,3,
2026-08-13,ADU,OPT,ADUH7 P0540,2027-03-05,P,0.54,0.000250000,3,
2026-08-13,ADU,OPT,ADUH7 P0550,2027-03-05,P,0.55,0.000300000,3,
2026-08-13,ADU,OPT,ADUH7 P0555,2027-03-05,P,0.555,0.000300000,3,
2026-08-13,ADU,OPT,ADUH7 P0560,2027-03-05,P,0.56,0.000350000,3,
2026-08-13,ADU,OPT,ADUH7 P0565,2027-03-05,P,0.565,0.000400000,3,
2026-08-13,ADU,OPT,ADUH7 P0570,2027-03-05,P,0.57,0.000450000,3,
2026-08-13,ADU,OPT,ADUH7 P0575,2027-03-05,P,0.575,0.000450000,3,
2026-08-13,ADU,OPT,ADUH7 P0580,2027-03-05,P,0.58,0.000500000,3,
2026-08-13,ADU,OPT,ADUH7 P0585,2027-03-05,P,0.585,0.000500000,3,
2026-08-13,ADU,OPT,ADUH7 P0590,2027-03-05,P,0.59,0.000600000,3,
2026-08-13,ADU,OPT,ADUH7 P0595,2027-03-05,P,0.595,0.000600000,3,
2026-08-13,ADU,OPT,ADUH7 P0600,2027-03-05,P,0.6,0.000700000,3,
2026-08-13,ADU,OPT,ADUH7 P0605,2027-03-05,P,0.605,0.000800000,3,
2026-08-13,ADU,OPT,ADUH7 P0610,2027-03-05,P,0.61,0.000900000,3,1
2026-08-13,ADU,OPT,ADUH7 P0615,2027-03-05,P,0.615,0.001000000,3,1
2026-08-13,ADU,OPT,ADUH7 P0620,2027-03-05,P,0.62,0.001100000,3,
2026-08-13,ADU,OPT,ADUH7 P0625,2027-03-05,P,0.625,0.001300000,3,
2026-08-13,ADU,OPT,ADUH7 P0630,2027-03-05,P,0.63,0.001500000,3,
2026-08-13,ADU,OPT,ADUH7 P0635,2027-03-05,P,0.635,0.001800000,3,
2026-08-13,ADU,OPT,ADUH7 P0640,2027-03-05,P,0.64,0.002100000,3,2
2026-08-13,ADU,OPT,ADUH7 P0645,2027-03-05,P,0.645,0.002500000,3,
2026-08-13,ADU,OPT,ADUH7 P0650,2027-03-05,P,0.65,0.002900000,3,4
2026-08-13,ADU,OPT,ADUH7 P0655,2027-03-05,P,0.655,0.003400000,3,
2026-08-13,ADU,OPT,ADUH7 P0660,2027-03-05,P,0.66,0.004000000,3,2
2026-08-13,ADU,OPT,ADUH7 P0665,2027-03-05,P,0.665,0.004800000,3,
2026-08-13,ADU,OPT,ADUH7 P0670,2027-03-05,P,0.67,0.005600000,3,
2026-08-13,ADU,OPT,ADUH7 P0675,2027-03-05,P,0.675,0.006600000,3,
2026-08-13,ADU,OPT,ADUH7 P0680,2027-03-05,P,0.68,0.007700000,3,
2026-08-13,ADU,OPT,ADUH7 P0685,2027-03-05,P,0.685,0.009000000,3,
2026-08-13,ADU,OPT,ADUH7 P0690,2027-03-05,P,0.69,0.010600000,3,
2026-08-13,ADU,OPT,ADUH7 P0695,2027-03-05,P,0.695,0.012300000,3,
2026-08-13,ADU,OPT,ADUH7 P0700,2027-03-05,P,0.7,0.014400000,3,1
2026-08-13,ADU,OPT,ADUH7 P0705,2027-03-05,P,0.705,0.016700000,3,1
2026-08-13,ADU,OPT,ADUH7 P0710,2027-03-05,P,0.71,0.019200000,3,
2026-08-13,ADU,OPT,ADUH7 P0715,2027-03-05,P,0.715,0.022100000,3,
2026-08-13,ADU,OPT,ADUH7 P0720,2027-03-05,P,0.72,0.025200000,3,1
2026-08-13,ADU,OPT,ADUH7 P0725,2027-03-05,P,0.725,0.028600000,3,
2026-08-13,ADU,OPT,ADUH7 P0730,2027-03-05,P,0.73,0.032200000,3,
2026-08-13,ADU,OPT,ADUH7 P0735,2027-03-05,P,0.735,0.036000000,3,
2026-08-13,ADU,OPT,ADUH7 P0740,2027-03-05,P,0.74,0.040000000,3,
2026-08-13,ADU,OPT,ADUH7 P0745,2027-03-05,P,0.745,0.044100000,3,
2026-08-13,ADU,OPT,ADUH7 P0750,2027-03-05,P,0.75,0.048300000,3,
2026-08-13,ADU,OPT,ADUH7 P0755,2027-03-05,P,0.755,0.052700000,3,
2026-08-13,ADU,OPT,ADUH7 P0760,2027-03-05,P,0.76,0.057200000,3,
2026-08-13,ADU,OPT,ADUH7 P0765,2027-03-05,P,0.765,0.061700000,3,
2026-08-13,ADU,OPT,ADUH7 P0770,2027-03-05,P,0.77,0.066400000,3,
2026-08-13,ADU,OPT,ADUH7 P0780,2027-03-05,P,0.78,0.075800000,3,
2026-08-13,ADU,OPT,ADUH7 P0790,2027-03-05,P,0.79,0.085400000,3,
2026-08-13,ADU,OPT,ADUH7 P0800,2027-03-05,P,0.8,0.095000000,3,
2026-08-13,ADU,OPT,ADUH7 P0810,2027-03-05,P,0.81,0.104700000,3,
2026-08-13,ADU,OPT,ADUH7 P0820,2027-03-05,P,0.82,0.114400000,3,
2026-08-13,ADU,OPT,ADUH7 P0830,2027-03-05,P,0.83,0.124100000,3,
2026-08-13,ADU,OPT,ADUH7 P0840,2027-03-05,P,0.84,0.133900000,3,
2026-08-13,ADU,OPT,ADUH7 P0850,2027-03-05,P,0.85,0.143700000,3,
2026-08-13,ADU,OPT,ADUH7 P0860,2027-03-05,P,0.86,0.153400000,3,
2026-08-13,ADU,OPT,ADUH7 P0870,2027-03-05,P,0.87,0.163200000,3,
2026-08-13,ADU,OPT,ADUJ7 C0530,2027-04-09,C,0.53,0.168400000,3,
2026-08-13,ADU,OPT,ADUJ7 C0540,2027-04-09,C,0.54,0.158700000,3,
2026-08-13,ADU,OPT,ADUJ7 C0550,2027-04-09,C,0.55,0.149000000,3,
2026-08-13,ADU,OPT,ADUJ7 C0560,2027-04-09,C,0.56,0.139300000,3,
2026-08-13,ADU,OPT,ADUJ7 C0570,2027-04-09,C,0.57,0.129700000,3,
2026-08-13,ADU,OPT,ADUJ7 C0580,2027-04-09,C,0.58,0.120000000,3,
2026-08-13,ADU,OPT,ADUJ7 C0590,2027-04-09,C,0.59,0.110400000,3,
2026-08-13,ADU,OPT,ADUJ7 C0600,2027-04-09,C,0.6,0.100900000,3,
2026-08-13,ADU,OPT,ADUJ7 C0610,2027-04-09,C,0.61,0.091400000,3,
2026-08-13,ADU,OPT,ADUJ7 C0620,2027-04-09,C,0.62,0.082000000,3,
2026-08-13,ADU,OPT,ADUJ7 C0630,2027-04-09,C,0.63,0.072800000,3,
2026-08-13,ADU,OPT,ADUJ7 C0635,2027-04-09,C,0.635,0.068200000,3,
2026-08-13,ADU,OPT,ADUJ7 C0640,2027-04-09,C,0.64,0.063700000,3,
2026-08-13,ADU,OPT,ADUJ7 C0645,2027-04-09,C,0.645,0.059300000,3,
2026-08-13,ADU,OPT,ADUJ7 C0650,2027-04-09,C,0.65,0.055000000,3,
2026-08-13,ADU,OPT,ADUJ7 C0655,2027-04-09,C,0.655,0.050700000,3,
2026-08-13,ADU,OPT,ADUJ7 C0660,2027-04-09,C,0.66,0.046600000,3,
2026-08-13,ADU,OPT,ADUJ7 C0665,2027-04-09,C,0.665,0.042500000,3,
2026-08-13,ADU,OPT,ADUJ7 C0670,2027-04-09,C,0.67,0.038600000,3,
2026-08-13,ADU,OPT,ADUJ7 C0675,2027-04-09,C,0.675,0.034800000,3,
2026-08-13,ADU,OPT,ADUJ7 C0680,2027-04-09,C,0.68,0.031200000,3,
2026-08-13,ADU,OPT,ADUJ7 C0685,2027-04-09,C,0.685,0.027800000,3,
2026-08-13,ADU,OPT,ADUJ7 C0690,2027-04-09,C,0.69,0.024500000,3,25
2026-08-13,ADU,OPT,ADUJ7 C0695,2027-04-09,C,0.695,0.021500000,3,
2026-08-13,ADU,OPT,ADUJ7 C0700,2027-04-09,C,0.7,0.018700000,3,
2026-08-13,ADU,OPT,ADUJ7 C0705,2027-04-09,C,0.705,0.016200000,3,
2026-08-13,ADU,OPT,ADUJ7 C0710,2027-04-09,C,0.71,0.013900000,3,
2026-08-13,ADU,OPT,ADUJ7 C0715,2027-04-09,C,0.715,0.011900000,3,
2026-08-13,ADU,OPT,ADUJ7 C0720,2027-04-09,C,0.72,0.010100000,3,
2026-08-13,ADU,OPT,ADUJ7 C0725,2027-04-09,C,0.725,0.008500000,3,
2026-08-13,ADU,OPT,ADUJ7 C0730,2027-04-09,C,0.73,0.007200000,3,2
2026-08-13,ADU,OPT,ADUJ7 C0735,2027-04-09,C,0.735,0.006000000,3,
2026-08-13,ADU,OPT,ADUJ7 C0740,2027-04-09,C,0.74,0.005000000,3,2
2026-08-13,ADU,OPT,ADUJ7 C0745,2027-04-09,C,0.745,0.004200000,3,
2026-08-13,ADU,OPT,ADUJ7 C0750,2027-04-09,C,0.75,0.003500000,3,
2026-08-13,ADU,OPT,ADUJ7 C0755,2027-04-09,C,0.755,0.002900000,3,
2026-08-13,ADU,OPT,ADUJ7 C0760,2027-04-09,C,0.76,0.002400000,3,100
2026-08-13,ADU,OPT,ADUJ7 C0765,2027-04-09,C,0.765,0.002000000,3,
2026-08-13,ADU,OPT,ADUJ7 C0770,2027-04-09,C,0.77,0.001600000,3,
2026-08-13,ADU,OPT,ADUJ7 C0780,2027-04-09,C,0.78,0.001100000,3,1
2026-08-13,ADU,OPT,ADUJ7 C0790,2027-04-09,C,0.79,0.000800000,3,
2026-08-13,ADU,OPT,ADUJ7 C0800,2027-04-09,C,0.8,0.000500000,3,
2026-08-13,ADU,OPT,ADUJ7 C0810,2027-04-09,C,0.81,0.000350000,3,
2026-08-13,ADU,OPT,ADUJ7 C0820,2027-04-09,C,0.82,0.000250000,3,
2026-08-13,ADU,OPT,ADUJ7 C0830,2027-04-09,C,0.83,0.000150000,3,
2026-08-13,ADU,OPT,ADUJ7 C0840,2027-04-09,C,0.84,0.000100000,3,
2026-08-13,ADU,OPT,ADUJ7 C0850,2027-04-09,C,0.85,0.000050000,3,
2026-08-13,ADU,OPT,ADUJ7 C0860,2027-04-09,C,0.86,0.000050000,3,
2026-08-13,ADU,OPT,ADUJ7 C0870,2027-04-09,C,0.87,0.000050000,3,
2026-08-13,ADU,OPT,ADUJ7 P0530,2027-04-09,P,0.53,0.000350000,3,
2026-08-13,ADU,OPT,ADUJ7 P0540,2027-04-09,P,0.54,0.000400000,3,
2026-08-13,ADU,OPT,ADUJ7 P0550,2027-04-09,P,0.55,0.000500000,3,3
2026-08-13,ADU,OPT,ADUJ7 P0560,2027-04-09,P,0.56,0.000500000,3,
2026-08-13,ADU,OPT,ADUJ7 P0570,2027-04-09,P,0.57,0.000600000,3,2
2026-08-13,ADU,OPT,ADUJ7 P0580,2027-04-09,P,0.58,0.000700000,3,3
2026-08-13,ADU,OPT,ADUJ7 P0590,2027-04-09,P,0.59,0.000900000,3,
2026-08-13,ADU,OPT,ADUJ7 P0600,2027-04-09,P,0.6,0.001100000,3,
2026-08-13,ADU,OPT,ADUJ7 P0610,2027-04-09,P,0.61,0.001300000,3,
2026-08-13,ADU,OPT,ADUJ7 P0620,2027-04-09,P,0.62,0.001700000,3,6
2026-08-13,ADU,OPT,ADUJ7 P0630,2027-04-09,P,0.63,0.002200000,3,
2026-08-13,ADU,OPT,ADUJ7 P0635,2027-04-09,P,0.635,0.002600000,3,8
2026-08-13,ADU,OPT,ADUJ7 P0640,2027-04-09,P,0.64,0.002900000,3,
2026-08-13,ADU,OPT,ADUJ7 P0645,2027-04-09,P,0.645,0.003400000,3,
2026-08-13,ADU,OPT,ADUJ7 P0650,2027-04-09,P,0.65,0.003900000,3,
2026-08-13,ADU,OPT,ADUJ7 P0655,2027-04-09,P,0.655,0.004500000,3,
2026-08-13,ADU,OPT,ADUJ7 P0660,2027-04-09,P,0.66,0.005300000,3,
2026-08-13,ADU,OPT,ADUJ7 P0665,2027-04-09,P,0.665,0.006100000,3,
2026-08-13,ADU,OPT,ADUJ7 P0670,2027-04-09,P,0.67,0.007100000,3,
2026-08-13,ADU,OPT,ADUJ7 P0675,2027-04-09,P,0.675,0.008200000,3,301
2026-08-13,ADU,OPT,ADUJ7 P0680,2027-04-09,P,0.68,0.009400000,3,
2026-08-13,ADU,OPT,ADUJ7 P0685,2027-04-09,P,0.685,0.010800000,3,
2026-08-13,ADU,OPT,ADUJ7 P0690,2027-04-09,P,0.69,0.012500000,3,175
2026-08-13,ADU,OPT,ADUJ7 P0695,2027-04-09,P,0.695,0.014400000,3,
2026-08-13,ADU,OPT,ADUJ7 P0700,2027-04-09,P,0.7,0.016400000,3,
2026-08-13,ADU,OPT,ADUJ7 P0705,2027-04-09,P,0.705,0.018800000,3,
2026-08-13,ADU,OPT,ADUJ7 P0710,2027-04-09,P,0.71,0.021400000,3,400
2026-08-13,ADU,OPT,ADUJ7 P0715,2027-04-09,P,0.715,0.024200000,3,
2026-08-13,ADU,OPT,ADUJ7 P0720,2027-04-09,P,0.72,0.027300000,3,
2026-08-13,ADU,OPT,ADUJ7 P0725,2027-04-09,P,0.725,0.030600000,3,
2026-08-13,ADU,OPT,ADUJ7 P0730,2027-04-09,P,0.73,0.034100000,3,
2026-08-13,ADU,OPT,ADUJ7 P0735,2027-04-09,P,0.735,0.037800000,3,
2026-08-13,ADU,OPT,ADUJ7 P0740,2027-04-09,P,0.74,0.041700000,3,
2026-08-13,ADU,OPT,ADUJ7 P0745,2027-04-09,P,0.745,0.045700000,3,
2026-08-13,ADU,OPT,ADUJ7 P0750,2027-04-09,P,0.75,0.049900000,3,
2026-08-13,ADU,OPT,ADUJ7 P0755,2027-04-09,P,0.755,0.054200000,3,
2026-08-13,ADU,OPT,ADUJ7 P0760,2027-04-09,P,0.76,0.058600000,3,
2026-08-13,ADU,OPT,ADUJ7 P0765,2027-04-09,P,0.765,0.063000000,3,
2026-08-13,ADU,OPT,ADUJ7 P0770,2027-04-09,P,0.77,0.067600000,3,
2026-08-13,ADU,OPT,ADUJ7 P0780,2027-04-09,P,0.78,0.076800000,3,
2026-08-13,ADU,OPT,ADUJ7 P0790,2027-04-09,P,0.79,0.086200000,3,
2026-08-13,ADU,OPT,ADUJ7 P0800,2027-04-09,P,0.8,0.095700000,3,
2026-08-13,ADU,OPT,ADUJ7 P0810,2027-04-09,P,0.81,0.105300000,3,
2026-08-13,ADU,OPT,ADUJ7 P0820,2027-04-09,P,0.82,0.115000000,3,
2026-08-13,ADU,OPT,ADUJ7 P0830,2027-04-09,P,0.83,0.124600000,3,
2026-08-13,ADU,OPT,ADUJ7 P0840,2027-04-09,P,0.84,0.134300000,3,
2026-08-13,ADU,OPT,ADUJ7 P0850,2027-04-09,P,0.85,0.144000000,3,
2026-08-13,ADU,OPT,ADUJ7 P0860,2027-04-09,P,0.86,0.153800000,3,
2026-08-13,ADU,OPT,ADUJ7 P0870,2027-04-09,P,0.87,0.163500000,3,
2026-08-13,ADU,OPT,ADUK7 C0540,2027-05-07,C,0.54,0.158300000,3,
2026-08-13,ADU,OPT,ADUK7 C0550,2027-05-07,C,0.55,0.148600000,3,
2026-08-13,ADU,OPT,ADUK7 C0560,2027-05-07,C,0.56,0.139000000,3,
2026-08-13,ADU,OPT,ADUK7 C0570,2027-05-07,C,0.57,0.129400000,3,
2026-08-13,ADU,OPT,ADUK7 C0580,2027-05-07,C,0.58,0.119800000,3,
2026-08-13,ADU,OPT,ADUK7 C0590,2027-05-07,C,0.59,0.110300000,3,
2026-08-13,ADU,OPT,ADUK7 C0600,2027-05-07,C,0.6,0.100800000,3,
2026-08-13,ADU,OPT,ADUK7 C0610,2027-05-07,C,0.61,0.091400000,3,
2026-08-13,ADU,OPT,ADUK7 C0620,2027-05-07,C,0.62,0.082200000,3,
2026-08-13,ADU,OPT,ADUK7 C0630,2027-05-07,C,0.63,0.073100000,3,
2026-08-13,ADU,OPT,ADUK7 C0635,2027-05-07,C,0.635,0.068600000,3,
2026-08-13,ADU,OPT,ADUK7 C0640,2027-05-07,C,0.64,0.064200000,3,
2026-08-13,ADU,OPT,ADUK7 C0645,2027-05-07,C,0.645,0.059800000,3,
2026-08-13,ADU,OPT,ADUK7 C0650,2027-05-07,C,0.65,0.055600000,3,
2026-08-13,ADU,OPT,ADUK7 C0655,2027-05-07,C,0.655,0.051400000,3,
2026-08-13,ADU,OPT,ADUK7 C0660,2027-05-07,C,0.66,0.047300000,3,
2026-08-13,ADU,OPT,ADUK7 C0665,2027-05-07,C,0.665,0.043400000,3,
2026-08-13,ADU,OPT,ADUK7 C0670,2027-05-07,C,0.67,0.039500000,3,
2026-08-13,ADU,OPT,ADUK7 C0675,2027-05-07,C,0.675,0.035900000,3,
2026-08-13,ADU,OPT,ADUK7 C0680,2027-05-07,C,0.68,0.032300000,3,4
2026-08-13,ADU,OPT,ADUK7 C0685,2027-05-07,C,0.685,0.029000000,3,
2026-08-13,ADU,OPT,ADUK7 C0690,2027-05-07,C,0.69,0.025800000,3,
2026-08-13,ADU,OPT,ADUK7 C0695,2027-05-07,C,0.695,0.022800000,3,
2026-08-13,ADU,OPT,ADUK7 C0700,2027-05-07,C,0.7,0.020000000,3,3
2026-08-13,ADU,OPT,ADUK7 C0705,2027-05-07,C,0.705,0.017500000,3,
2026-08-13,ADU,OPT,ADUK7 C0710,2027-05-07,C,0.71,0.015200000,3,
2026-08-13,ADU,OPT,ADUK7 C0715,2027-05-07,C,0.715,0.013100000,3,
2026-08-13,ADU,OPT,ADUK7 C0720,2027-05-07,C,0.72,0.011300000,3,
2026-08-13,ADU,OPT,ADUK7 C0725,2027-05-07,C,0.725,0.009700000,3,
2026-08-13,ADU,OPT,ADUK7 C0730,2027-05-07,C,0.73,0.008300000,3,
2026-08-13,ADU,OPT,ADUK7 C0735,2027-05-07,C,0.735,0.007000000,3,
2026-08-13,ADU,OPT,ADUK7 C0740,2027-05-07,C,0.74,0.005900000,3,
2026-08-13,ADU,OPT,ADUK7 C0745,2027-05-07,C,0.745,0.005000000,3,
2026-08-13,ADU,OPT,ADUK7 C0750,2027-05-07,C,0.75,0.004200000,3,
2026-08-13,ADU,OPT,ADUK7 C0755,2027-05-07,C,0.755,0.003600000,3,
2026-08-13,ADU,OPT,ADUK7 C0760,2027-05-07,C,0.76,0.003000000,3,
2026-08-13,ADU,OPT,ADUK7 C0765,2027-05-07,C,0.765,0.002500000,3,
2026-08-13,ADU,OPT,ADUK7 C0770,2027-05-07,C,0.77,0.002100000,3,
2026-08-13,ADU,OPT,ADUK7 C0780,2027-05-07,C,0.78,0.001500000,3,
2026-08-13,ADU,OPT,ADUK7 C0790,2027-05-07,C,0.79,0.001100000,3,
2026-08-13,ADU,OPT,ADUK7 C0800,2027-05-07,C,0.8,0.000800000,3,
2026-08-13,ADU,OPT,ADUK7 C0810,2027-05-07,C,0.81,0.000500000,3,
2026-08-13,ADU,OPT,ADUK7 C0820,2027-05-07,C,0.82,0.000400000,3,
2026-08-13,ADU,OPT,ADUK7 C0830,2027-05-07,C,0.83,0.000250000,3,
2026-08-13,ADU,OPT,ADUK7 C0840,2027-05-07,C,0.84,0.000200000,3,
2026-08-13,ADU,OPT,ADUK7 C0850,2027-05-07,C,0.85,0.000100000,3,
2026-08-13,ADU,OPT,ADUK7 C0860,2027-05-07,C,0.86,0.000100000,3,
2026-08-13,ADU,OPT,ADUK7 C0870,2027-05-07,C,0.87,0.000050000,3,
2026-08-13,ADU,OPT,ADUK7 P0540,2027-05-07,P,0.54,0.000450000,3,
2026-08-13,ADU,OPT,ADUK7 P0550,2027-05-07,P,0.55,0.000500000,3,
2026-08-13,ADU,OPT,ADUK7 P0560,2027-05-07,P,0.56,0.000600000,3,
2026-08-13,ADU,OPT,ADUK7 P0570,2027-05-07,P,0.57,0.000700000,3,
2026-08-13,ADU,OPT,ADUK7 P0580,2027-05-07,P,0.58,0.000800000,3,
2026-08-13,ADU,OPT,ADUK7 P0590,2027-05-07,P,0.59,0.001100000,3,
2026-08-13,ADU,OPT,ADUK7 P0600,2027-05-07,P,0.6,0.001300000,3,
2026-08-13,ADU,OPT,ADUK7 P0610,2027-05-07,P,0.61,0.001700000,3,
2026-08-13,ADU,OPT,ADUK7 P0620,2027-05-07,P,0.62,0.002100000,3,
2026-08-13,ADU,OPT,ADUK7 P0630,2027-05-07,P,0.63,0.002700000,3,
2026-08-13,ADU,OPT,ADUK7 P0635,2027-05-07,P,0.635,0.003100000,3,
2026-08-13,ADU,OPT,ADUK7 P0640,2027-05-07,P,0.64,0.003500000,3,
2026-08-13,ADU,OPT,ADUK7 P0645,2027-05-07,P,0.645,0.004100000,3,
2026-08-13,ADU,OPT,ADUK7 P0650,2027-05-07,P,0.65,0.004700000,3,
2026-08-13,ADU,OPT,ADUK7 P0655,2027-05-07,P,0.655,0.005400000,3,
2026-08-13,ADU,OPT,ADUK7 P0660,2027-05-07,P,0.66,0.006200000,3,
2026-08-13,ADU,OPT,ADUK7 P0665,2027-05-07,P,0.665,0.007100000,3,
2026-08-13,ADU,OPT,ADUK7 P0670,2027-05-07,P,0.67,0.008100000,3,
2026-08-13,ADU,OPT,ADUK7 P0675,2027-05-07,P,0.675,0.009300000,3,1
2026-08-13,ADU,OPT,ADUK7 P0680,2027-05-07,P,0.68,0.010600000,3,
2026-08-13,ADU,OPT,ADUK7 P0685,2027-05-07,P,0.685,0.012100000,3,
2026-08-13,ADU,OPT,ADUK7 P0690,2027-05-07,P,0.69,0.013800000,3,
2026-08-13,ADU,OPT,ADUK7 P0695,2027-05-07,P,0.695,0.015600000,3,14
2026-08-13,ADU,OPT,ADUK7 P0700,2027-05-07,P,0.7,0.017700000,3,
2026-08-13,ADU,OPT,ADUK7 P0705,2027-05-07,P,0.705,0.020100000,3,
2026-08-13,ADU,OPT,ADUK7 P0710,2027-05-07,P,0.71,0.022600000,3,
2026-08-13,ADU,OPT,ADUK7 P0715,2027-05-07,P,0.715,0.025400000,3,
2026-08-13,ADU,OPT,ADUK7 P0720,2027-05-07,P,0.72,0.028500000,3,
2026-08-13,ADU,OPT,ADUK7 P0725,2027-05-07,P,0.725,0.031700000,3,
2026-08-13,ADU,OPT,ADUK7 P0730,2027-05-07,P,0.73,0.035100000,3,
2026-08-13,ADU,OPT,ADUK7 P0735,2027-05-07,P,0.735,0.038700000,3,
2026-08-13,ADU,OPT,ADUK7 P0740,2027-05-07,P,0.74,0.042500000,3,
2026-08-13,ADU,OPT,ADUK7 P0745,2027-05-07,P,0.745,0.046500000,3,
2026-08-13,ADU,OPT,ADUK7 P0750,2027-05-07,P,0.75,0.050500000,3,
2026-08-13,ADU,OPT,ADUK7 P0755,2027-05-07,P,0.755,0.054700000,3,
2026-08-13,ADU,OPT,ADUK7 P0760,2027-05-07,P,0.76,0.059000000,3,
2026-08-13,ADU,OPT,ADUK7 P0765,2027-05-07,P,0.765,0.063400000,3,
2026-08-13,ADU,OPT,ADUK7 P0770,2027-05-07,P,0.77,0.067900000,3,
2026-08-13,ADU,OPT,ADUK7 P0780,2027-05-07,P,0.78,0.077000000,3,
2026-08-13,ADU,OPT,ADUK7 P0790,2027-05-07,P,0.79,0.086300000,3,
2026-08-13,ADU,OPT,ADUK7 P0800,2027-05-07,P,0.8,0.095700000,3,
2026-08-13,ADU,OPT,ADUK7 P0810,2027-05-07,P,0.81,0.105200000,3,
2026-08-13,ADU,OPT,ADUK7 P0820,2027-05-07,P,0.82,0.114700000,3,
2026-08-13,ADU,OPT,ADUK7 P0830,2027-05-07,P,0.83,0.124300000,3,
2026-08-13,ADU,OPT,ADUK7 P0840,2027-05-07,P,0.84,0.134000000,3,
2026-08-13,ADU,OPT,ADUK7 P0850,2027-05-07,P,0.85,0.143600000,3,
2026-08-13,ADU,OPT,ADUK7 P0860,2027-05-07,P,0.86,0.153300000,3,
2026-08-13,ADU,OPT,ADUK7 P0870,2027-05-07,P,0.87,0.163000000,3,
2026-08-13,ADU,OPT,ADUM7 C0500,2027-06-04,C,0.5,0.196400000,3,
2026-08-13,ADU,OPT,ADUM7 C0510,2027-06-04,C,0.51,0.186700000,3,
2026-08-13,ADU,OPT,ADUM7 C0520,2027-06-04,C,0.52,0.177100000,3,
2026-08-13,ADU,OPT,ADUM7 C0530,2027-06-04,C,0.53,0.167500000,3,
2026-08-13,ADU,OPT,ADUM7 C0540,2027-06-04,C,0.54,0.157800000,3,
2026-08-13,ADU,OPT,ADUM7 C0550,2027-06-04,C,0.55,0.148300000,3,
2026-08-13,ADU,OPT,ADUM7 C0560,2027-06-04,C,0.56,0.138700000,3,
2026-08-13,ADU,OPT,ADUM7 C0570,2027-06-04,C,0.57,0.129200000,3,
2026-08-13,ADU,OPT,ADUM7 C0580,2027-06-04,C,0.58,0.119600000,3,
2026-08-13,ADU,OPT,ADUM7 C0590,2027-06-04,C,0.59,0.110200000,3,
2026-08-13,ADU,OPT,ADUM7 C0595,2027-06-04,C,0.595,0.105500000,3,
2026-08-13,ADU,OPT,ADUM7 C0600,2027-06-04,C,0.6,0.100800000,3,
2026-08-13,ADU,OPT,ADUM7 C0605,2027-06-04,C,0.605,0.096100000,3,
2026-08-13,ADU,OPT,ADUM7 C0610,2027-06-04,C,0.61,0.091500000,3,
2026-08-13,ADU,OPT,ADUM7 C0615,2027-06-04,C,0.615,0.086900000,3,
2026-08-13,ADU,OPT,ADUM7 C0620,2027-06-04,C,0.62,0.082400000,3,
2026-08-13,ADU,OPT,ADUM7 C0625,2027-06-04,C,0.625,0.077900000,3,
2026-08-13,ADU,OPT,ADUM7 C0630,2027-06-04,C,0.63,0.073400000,3,
2026-08-13,ADU,OPT,ADUM7 C0635,2027-06-04,C,0.635,0.069000000,3,
2026-08-13,ADU,OPT,ADUM7 C0640,2027-06-04,C,0.64,0.064700000,3,
2026-08-13,ADU,OPT,ADUM7 C0645,2027-06-04,C,0.645,0.060400000,3,
2026-08-13,ADU,OPT,ADUM7 C0650,2027-06-04,C,0.65,0.056200000,3,
2026-08-13,ADU,OPT,ADUM7 C0655,2027-06-04,C,0.655,0.052100000,3,
2026-08-13,ADU,OPT,ADUM7 C0660,2027-06-04,C,0.66,0.048100000,3,
2026-08-13,ADU,OPT,ADUM7 C0665,2027-06-04,C,0.665,0.044200000,3,
2026-08-13,ADU,OPT,ADUM7 C0670,2027-06-04,C,0.67,0.040400000,3,
2026-08-13,ADU,OPT,ADUM7 C0675,2027-06-04,C,0.675,0.036800000,3,
2026-08-13,ADU,OPT,ADUM7 C0680,2027-06-04,C,0.68,0.033300000,3,
2026-08-13,ADU,OPT,ADUM7 C0685,2027-06-04,C,0.685,0.030000000,3,
2026-08-13,ADU,OPT,ADUM7 C0690,2027-06-04,C,0.69,0.026800000,3,10
2026-08-13,ADU,OPT,ADUM7 C0695,2027-06-04,C,0.695,0.023900000,3,
2026-08-13,ADU,OPT,ADUM7 C0700,2027-06-04,C,0.7,0.021200000,3,3
2026-08-13,ADU,OPT,ADUM7 C0705,2027-06-04,C,0.705,0.018700000,3,
2026-08-13,ADU,OPT,ADUM7 C0710,2027-06-04,C,0.71,0.016400000,3,5
2026-08-13,ADU,OPT,ADUM7 C0715,2027-06-04,C,0.715,0.014300000,3,
2026-08-13,ADU,OPT,ADUM7 C0720,2027-06-04,C,0.72,0.012500000,3,
2026-08-13,ADU,OPT,ADUM7 C0725,2027-06-04,C,0.725,0.010800000,3,
2026-08-13,ADU,OPT,ADUM7 C0730,2027-06-04,C,0.73,0.009300000,3,
2026-08-13,ADU,OPT,ADUM7 C0735,2027-06-04,C,0.735,0.008000000,3,
2026-08-13,ADU,OPT,ADUM7 C0740,2027-06-04,C,0.74,0.006900000,3,
2026-08-13,ADU,OPT,ADUM7 C0745,2027-06-04,C,0.745,0.005900000,3,
2026-08-13,ADU,OPT,ADUM7 C0750,2027-06-04,C,0.75,0.005100000,3,2
2026-08-13,ADU,OPT,ADUM7 C0755,2027-06-04,C,0.755,0.004300000,3,
2026-08-13,ADU,OPT,ADUM7 C0760,2027-06-04,C,0.76,0.003700000,3,
2026-08-13,ADU,OPT,ADUM7 C0765,2027-06-04,C,0.765,0.003100000,3,
2026-08-13,ADU,OPT,ADUM7 C0770,2027-06-04,C,0.77,0.002700000,3,
2026-08-13,ADU,OPT,ADUM7 C0780,2027-06-04,C,0.78,0.001900000,3,
2026-08-13,ADU,OPT,ADUM7 C0790,2027-06-04,C,0.79,0.001400000,3,
2026-08-13,ADU,OPT,ADUM7 C0800,2027-06-04,C,0.8,0.001000000,3,
2026-08-13,ADU,OPT,ADUM7 C0810,2027-06-04,C,0.81,0.000700000,3,
2026-08-13,ADU,OPT,ADUM7 C0820,2027-06-04,C,0.82,0.000500000,3,
2026-08-13,ADU,OPT,ADUM7 C0830,2027-06-04,C,0.83,0.000400000,3,
2026-08-13,ADU,OPT,ADUM7 C0840,2027-06-04,C,0.84,0.000300000,3,
2026-08-13,ADU,OPT,ADUM7 C0850,2027-06-04,C,0.85,0.000250000,3,
2026-08-13,ADU,OPT,ADUM7 C0860,2027-06-04,C,0.86,0.000200000,3,
2026-08-13,ADU,OPT,ADUM7 C0870,2027-06-04,C,0.87,0.000150000,3,
2026-08-13,ADU,OPT,ADUM7 P0500,2027-06-04,P,0.5,0.000300000,3,
2026-08-13,ADU,OPT,ADUM7 P0510,2027-06-04,P,0.51,0.000300000,3,
2026-08-13,ADU,OPT,ADUM7 P0520,2027-06-04,P,0.52,0.000400000,3,
2026-08-13,ADU,OPT,ADUM7 P0530,2027-06-04,P,0.53,0.000450000,3,
2026-08-13,ADU,OPT,ADUM7 P0540,2027-06-04,P,0.54,0.000500000,3,1
2026-08-13,ADU,OPT,ADUM7 P0550,2027-06-04,P,0.55,0.000600000,3,
2026-08-13,ADU,OPT,ADUM7 P0560,2027-06-04,P,0.56,0.000800000,3,
2026-08-13,ADU,OPT,ADUM7 P0570,2027-06-04,P,0.57,0.000900000,3,2
2026-08-13,ADU,OPT,ADUM7 P0580,2027-06-04,P,0.58,0.001100000,3,2
2026-08-13,ADU,OPT,ADUM7 P0590,2027-06-04,P,0.59,0.001300000,3,
2026-08-13,ADU,OPT,ADUM7 P0595,2027-06-04,P,0.595,0.001400000,3,
2026-08-13,ADU,OPT,ADUM7 P0600,2027-06-04,P,0.6,0.001600000,3,10
2026-08-13,ADU,OPT,ADUM7 P0605,2027-06-04,P,0.605,0.001800000,3,
2026-08-13,ADU,OPT,ADUM7 P0610,2027-06-04,P,0.61,0.002000000,3,
2026-08-13,ADU,OPT,ADUM7 P0615,2027-06-04,P,0.615,0.002300000,3,
2026-08-13,ADU,OPT,ADUM7 P0620,2027-06-04,P,0.62,0.002600000,3,1
2026-08-13,ADU,OPT,ADUM7 P0625,2027-06-04,P,0.625,0.002900000,3,
2026-08-13,ADU,OPT,ADUM7 P0630,2027-06-04,P,0.63,0.003300000,3,
2026-08-13,ADU,OPT,ADUM7 P0635,2027-06-04,P,0.635,0.003700000,3,
2026-08-13,ADU,OPT,ADUM7 P0640,2027-06-04,P,0.64,0.004300000,3,
2026-08-13,ADU,OPT,ADUM7 P0645,2027-06-04,P,0.645,0.004800000,3,
2026-08-13,ADU,OPT,ADUM7 P0650,2027-06-04,P,0.65,0.005500000,3,4
2026-08-13,ADU,OPT,ADUM7 P0655,2027-06-04,P,0.655,0.006200000,3,
2026-08-13,ADU,OPT,ADUM7 P0660,2027-06-04,P,0.66,0.007100000,3,1
2026-08-13,ADU,OPT,ADUM7 P0665,2027-06-04,P,0.665,0.008000000,3,8
2026-08-13,ADU,OPT,ADUM7 P0670,2027-06-04,P,0.67,0.009100000,3,10
2026-08-13,ADU,OPT,ADUM7 P0675,2027-06-04,P,0.675,0.010300000,3,8
2026-08-13,ADU,OPT,ADUM7 P0680,2027-06-04,P,0.68,0.011600000,3,2
2026-08-13,ADU,OPT,ADUM7 P0685,2027-06-04,P,0.685,0.013200000,3,13
2026-08-13,ADU,OPT,ADUM7 P0690,2027-06-04,P,0.69,0.014900000,3,3
2026-08-13,ADU,OPT,ADUM7 P0695,2027-06-04,P,0.695,0.016800000,3,
2026-08-13,ADU,OPT,ADUM7 P0700,2027-06-04,P,0.7,0.018900000,3,1
2026-08-13,ADU,OPT,ADUM7 P0705,2027-06-04,P,0.705,0.021200000,3,
2026-08-13,ADU,OPT,ADUM7 P0710,2027-06-04,P,0.71,0.023800000,3,5
2026-08-13,ADU,OPT,ADUM7 P0715,2027-06-04,P,0.715,0.026600000,3,
2026-08-13,ADU,OPT,ADUM7 P0720,2027-06-04,P,0.72,0.029600000,3,
2026-08-13,ADU,OPT,ADUM7 P0725,2027-06-04,P,0.725,0.032700000,3,
2026-08-13,ADU,OPT,ADUM7 P0730,2027-06-04,P,0.73,0.036100000,3,
2026-08-13,ADU,OPT,ADUM7 P0735,2027-06-04,P,0.735,0.039700000,3,
2026-08-13,ADU,OPT,ADUM7 P0740,2027-06-04,P,0.74,0.043400000,3,
2026-08-13,ADU,OPT,ADUM7 P0745,2027-06-04,P,0.745,0.047200000,3,
2026-08-13,ADU,OPT,ADUM7 P0750,2027-06-04,P,0.75,0.051200000,3,
2026-08-13,ADU,OPT,ADUM7 P0755,2027-06-04,P,0.755,0.055300000,3,
2026-08-13,ADU,OPT,ADUM7 P0760,2027-06-04,P,0.76,0.059500000,3,
2026-08-13,ADU,OPT,ADUM7 P0765,2027-06-04,P,0.765,0.063800000,3,
2026-08-13,ADU,OPT,ADUM7 P0770,2027-06-04,P,0.77,0.068200000,3,
2026-08-13,ADU,OPT,ADUM7 P0780,2027-06-04,P,0.78,0.077100000,3,
2026-08-13,ADU,OPT,ADUM7 P0790,2027-06-04,P,0.79,0.086300000,3,
2026-08-13,ADU,OPT,ADUM7 P0800,2027-06-04,P,0.8,0.095600000,3,
2026-08-13,ADU,OPT,ADUM7 P0810,2027-06-04,P,0.81,0.105100000,3,
2026-08-13,ADU,OPT,ADUM7 P0820,2027-06-04,P,0.82,0.114500000,3,
2026-08-13,ADU,OPT,ADUM7 P0830,2027-06-04,P,0.83,0.124100000,3,
2026-08-13,ADU,OPT,ADUM7 P0840,2027-06-04,P,0.84,0.133700000,3,
2026-08-13,ADU,OPT,ADUM7 P0850,2027-06-04,P,0.85,0.143300000,3,
2026-08-13,ADU,OPT,ADUM7 P0860,2027-06-04,P,0.86,0.153000000,3,
2026-08-13,ADU,OPT,ADUM7 P0870,2027-06-04,P,0.87,0.162600000,3,
2026-08-13,ADU,OPT,ADUN7 C0540,2027-07-09,C,0.54,0.156700000,3,
2026-08-13,ADU,OPT,ADUN7 C0550,2027-07-09,C,0.55,0.147100000,3,
2026-08-13,ADU,OPT,ADUN7 C0560,2027-07-09,C,0.56,0.137600000,3,
2026-08-13,ADU,OPT,ADUN7 C0570,2027-07-09,C,0.57,0.128100000,3,
2026-08-13,ADU,OPT,ADUN7 C0580,2027-07-09,C,0.58,0.118700000,3,
2026-08-13,ADU,OPT,ADUN7 C0590,2027-07-09,C,0.59,0.109300000,3,
2026-08-13,ADU,OPT,ADUN7 C0600,2027-07-09,C,0.6,0.100000000,3,
2026-08-13,ADU,OPT,ADUN7 C0610,2027-07-09,C,0.61,0.090900000,3,
2026-08-13,ADU,OPT,ADUN7 C0620,2027-07-09,C,0.62,0.081900000,3,
2026-08-13,ADU,OPT,ADUN7 C0630,2027-07-09,C,0.63,0.073100000,3,
2026-08-13,ADU,OPT,ADUN7 C0640,2027-07-09,C,0.64,0.064500000,3,
2026-08-13,ADU,OPT,ADUN7 C0645,2027-07-09,C,0.645,0.060300000,3,
2026-08-13,ADU,OPT,ADUN7 C0650,2027-07-09,C,0.65,0.056200000,3,
2026-08-13,ADU,OPT,ADUN7 C0655,2027-07-09,C,0.655,0.052200000,3,
2026-08-13,ADU,OPT,ADUN7 C0660,2027-07-09,C,0.66,0.048300000,3,
2026-08-13,ADU,OPT,ADUN7 C0665,2027-07-09,C,0.665,0.044600000,3,
2026-08-13,ADU,OPT,ADUN7 C0670,2027-07-09,C,0.67,0.040900000,3,
2026-08-13,ADU,OPT,ADUN7 C0675,2027-07-09,C,0.675,0.037400000,3,
2026-08-13,ADU,OPT,ADUN7 C0680,2027-07-09,C,0.68,0.034000000,3,
2026-08-13,ADU,OPT,ADUN7 C0685,2027-07-09,C,0.685,0.030700000,3,
2026-08-13,ADU,OPT,ADUN7 C0690,2027-07-09,C,0.69,0.027700000,3,
2026-08-13,ADU,OPT,ADUN7 C0695,2027-07-09,C,0.695,0.024800000,3,
2026-08-13,ADU,OPT,ADUN7 C0700,2027-07-09,C,0.7,0.022100000,3,
2026-08-13,ADU,OPT,ADUN7 C0705,2027-07-09,C,0.705,0.019700000,3,
2026-08-13,ADU,OPT,ADUN7 C0710,2027-07-09,C,0.71,0.017400000,3,
2026-08-13,ADU,OPT,ADUN7 C0715,2027-07-09,C,0.715,0.015300000,3,
2026-08-13,ADU,OPT,ADUN7 C0720,2027-07-09,C,0.72,0.013500000,3,
2026-08-13,ADU,OPT,ADUN7 C0725,2027-07-09,C,0.725,0.011800000,3,
2026-08-13,ADU,OPT,ADUN7 C0730,2027-07-09,C,0.73,0.010300000,3,
2026-08-13,ADU,OPT,ADUN7 C0735,2027-07-09,C,0.735,0.009000000,3,
2026-08-13,ADU,OPT,ADUN7 C0740,2027-07-09,C,0.74,0.007800000,3,1
2026-08-13,ADU,OPT,ADUN7 C0745,2027-07-09,C,0.745,0.006800000,3,
2026-08-13,ADU,OPT,ADUN7 C0750,2027-07-09,C,0.75,0.005900000,3,3
2026-08-13,ADU,OPT,ADUN7 C0755,2027-07-09,C,0.755,0.005100000,3,
2026-08-13,ADU,OPT,ADUN7 C0760,2027-07-09,C,0.76,0.004400000,3,
2026-08-13,ADU,OPT,ADUN7 C0770,2027-07-09,C,0.77,0.003300000,3,
2026-08-13,ADU,OPT,ADUN7 C0780,2027-07-09,C,0.78,0.002500000,3,
2026-08-13,ADU,OPT,ADUN7 C0790,2027-07-09,C,0.79,0.001800000,3,
2026-08-13,ADU,OPT,ADUN7 C0800,2027-07-09,C,0.8,0.001400000,3,
2026-08-13,ADU,OPT,ADUN7 C0810,2027-07-09,C,0.81,0.001000000,3,
2026-08-13,ADU,OPT,ADUN7 C0820,2027-07-09,C,0.82,0.000900000,3,
2026-08-13,ADU,OPT,ADUN7 C0830,2027-07-09,C,0.83,0.000700000,3,
2026-08-13,ADU,OPT,ADUN7 C0840,2027-07-09,C,0.84,0.000600000,3,
2026-08-13,ADU,OPT,ADUN7 C0850,2027-07-09,C,0.85,0.000400000,3,
2026-08-13,ADU,OPT,ADUN7 P0540,2027-07-09,P,0.54,0.000800000,3,
2026-08-13,ADU,OPT,ADUN7 P0550,2027-07-09,P,0.55,0.000900000,3,
2026-08-13,ADU,OPT,ADUN7 P0560,2027-07-09,P,0.56,0.001000000,3,
2026-08-13,ADU,OPT,ADUN7 P0570,2027-07-09,P,0.57,0.001200000,3,
2026-08-13,ADU,OPT,ADUN7 P0580,2027-07-09,P,0.58,0.001400000,3,
2026-08-13,ADU,OPT,ADUN7 P0590,2027-07-09,P,0.59,0.001600000,3,
2026-08-13,ADU,OPT,ADUN7 P0600,2027-07-09,P,0.6,0.002100000,3,
2026-08-13,ADU,OPT,ADUN7 P0610,2027-07-09,P,0.61,0.002600000,3,
2026-08-13,ADU,OPT,ADUN7 P0620,2027-07-09,P,0.62,0.003200000,3,9
2026-08-13,ADU,OPT,ADUN7 P0630,2027-07-09,P,0.63,0.004100000,3,
2026-08-13,ADU,OPT,ADUN7 P0640,2027-07-09,P,0.64,0.005100000,3,
2026-08-13,ADU,OPT,ADUN7 P0645,2027-07-09,P,0.645,0.005800000,3,
2026-08-13,ADU,OPT,ADUN7 P0650,2027-07-09,P,0.65,0.006500000,3,1
2026-08-13,ADU,OPT,ADUN7 P0655,2027-07-09,P,0.655,0.007400000,3,
2026-08-13,ADU,OPT,ADUN7 P0660,2027-07-09,P,0.66,0.008300000,3,
2026-08-13,ADU,OPT,ADUN7 P0665,2027-07-09,P,0.665,0.009300000,3,
2026-08-13,ADU,OPT,ADUN7 P0670,2027-07-09,P,0.67,0.010500000,3,2
2026-08-13,ADU,OPT,ADUN7 P0675,2027-07-09,P,0.675,0.011800000,3,
2026-08-13,ADU,OPT,ADUN7 P0680,2027-07-09,P,0.68,0.013200000,3,
2026-08-13,ADU,OPT,ADUN7 P0685,2027-07-09,P,0.685,0.014800000,3,
2026-08-13,ADU,OPT,ADUN7 P0690,2027-07-09,P,0.69,0.016600000,3,
2026-08-13,ADU,OPT,ADUN7 P0695,2027-07-09,P,0.695,0.018500000,3,
2026-08-13,ADU,OPT,ADUN7 P0700,2027-07-09,P,0.7,0.020700000,3,
2026-08-13,ADU,OPT,ADUN7 P0705,2027-07-09,P,0.705,0.023000000,3,
2026-08-13,ADU,OPT,ADUN7 P0710,2027-07-09,P,0.71,0.025600000,3,
2026-08-13,ADU,OPT,ADUN7 P0715,2027-07-09,P,0.715,0.028400000,3,
2026-08-13,ADU,OPT,ADUN7 P0720,2027-07-09,P,0.72,0.031300000,3,
2026-08-13,ADU,OPT,ADUN7 P0725,2027-07-09,P,0.725,0.034500000,3,
2026-08-13,ADU,OPT,ADUN7 P0730,2027-07-09,P,0.73,0.037800000,3,
2026-08-13,ADU,OPT,ADUN7 P0735,2027-07-09,P,0.735,0.041300000,3,
2026-08-13,ADU,OPT,ADUN7 P0740,2027-07-09,P,0.74,0.045000000,3,
2026-08-13,ADU,OPT,ADUN7 P0745,2027-07-09,P,0.745,0.048800000,3,
2026-08-13,ADU,OPT,ADUN7 P0750,2027-07-09,P,0.75,0.052700000,3,
2026-08-13,ADU,OPT,ADUN7 P0755,2027-07-09,P,0.755,0.056800000,3,
2026-08-13,ADU,OPT,ADUN7 P0760,2027-07-09,P,0.76,0.060900000,3,
2026-08-13,ADU,OPT,ADUN7 P0770,2027-07-09,P,0.77,0.069400000,3,
2026-08-13,ADU,OPT,ADUN7 P0780,2027-07-09,P,0.78,0.078200000,3,
2026-08-13,ADU,OPT,ADUN7 P0790,2027-07-09,P,0.79,0.087300000,3,
2026-08-13,ADU,OPT,ADUN7 P0800,2027-07-09,P,0.8,0.096400000,3,
2026-08-13,ADU,OPT,ADUN7 P0810,2027-07-09,P,0.81,0.105700000,3,
2026-08-13,ADU,OPT,ADUN7 P0820,2027-07-09,P,0.82,0.115300000,3,
2026-08-13,ADU,OPT,ADUN7 P0830,2027-07-09,P,0.83,0.124800000,3,
2026-08-13,ADU,OPT,ADUN7 P0840,2027-07-09,P,0.84,0.134300000,3,
2026-08-13,ADU,OPT,ADUN7 P0850,2027-07-09,P,0.85,0.143800000,3,
2026-08-13,ADU,OPT,ADUQ7 C0550,2027-08-06,C,0.55,0.146600000,3,
2026-08-13,ADU,OPT,ADUQ7 C0560,2027-08-06,C,0.56,0.137100000,3,
2026-08-13,ADU,OPT,ADUQ7 C0570,2027-08-06,C,0.57,0.127800000,3,
2026-08-13,ADU,OPT,ADUQ7 C0580,2027-08-06,C,0.58,0.118500000,3,
2026-08-13,ADU,OPT,ADUQ7 C0590,2027-08-06,C,0.59,0.109200000,3,
2026-08-13,ADU,OPT,ADUQ7 C0600,2027-08-06,C,0.6,0.100100000,3,
2026-08-13,ADU,OPT,ADUQ7 C0610,2027-08-06,C,0.61,0.091100000,3,
2026-08-13,ADU,OPT,ADUQ7 C0620,2027-08-06,C,0.62,0.082200000,3,
2026-08-13,ADU,OPT,ADUQ7 C0630,2027-08-06,C,0.63,0.073500000,3,
2026-08-13,ADU,OPT,ADUQ7 C0640,2027-08-06,C,0.64,0.065100000,3,
2026-08-13,ADU,OPT,ADUQ7 C0650,2027-08-06,C,0.65,0.056900000,3,
2026-08-13,ADU,OPT,ADUQ7 C0655,2027-08-06,C,0.655,0.053000000,3,
2026-08-13,ADU,OPT,ADUQ7 C0660,2027-08-06,C,0.66,0.049200000,3,
2026-08-13,ADU,OPT,ADUQ7 C0665,2027-08-06,C,0.665,0.045500000,3,
2026-08-13,ADU,OPT,ADUQ7 C0670,2027-08-06,C,0.67,0.041800000,3,
2026-08-13,ADU,OPT,ADUQ7 C0675,2027-08-06,C,0.675,0.038400000,3,
2026-08-13,ADU,OPT,ADUQ7 C0680,2027-08-06,C,0.68,0.035000000,3,
2026-08-13,ADU,OPT,ADUQ7 C0685,2027-08-06,C,0.685,0.031800000,3,
2026-08-13,ADU,OPT,ADUQ7 C0690,2027-08-06,C,0.69,0.028800000,3,
2026-08-13,ADU,OPT,ADUQ7 C0695,2027-08-06,C,0.695,0.025900000,3,
2026-08-13,ADU,OPT,ADUQ7 C0700,2027-08-06,C,0.7,0.023300000,3,
2026-08-13,ADU,OPT,ADUQ7 C0705,2027-08-06,C,0.705,0.020800000,3,
2026-08-13,ADU,OPT,ADUQ7 C0710,2027-08-06,C,0.71,0.018600000,3,
2026-08-13,ADU,OPT,ADUQ7 C0715,2027-08-06,C,0.715,0.016500000,3,
2026-08-13,ADU,OPT,ADUQ7 C0720,2027-08-06,C,0.72,0.014600000,3,
2026-08-13,ADU,OPT,ADUQ7 C0725,2027-08-06,C,0.725,0.012900000,3,
2026-08-13,ADU,OPT,ADUQ7 C0730,2027-08-06,C,0.73,0.011400000,3,
2026-08-13,ADU,OPT,ADUQ7 C0735,2027-08-06,C,0.735,0.010000000,3,
2026-08-13,ADU,OPT,ADUQ7 C0740,2027-08-06,C,0.74,0.008800000,3,
2026-08-13,ADU,OPT,ADUQ7 C0745,2027-08-06,C,0.745,0.007700000,3,
2026-08-13,ADU,OPT,ADUQ7 C0750,2027-08-06,C,0.75,0.006800000,3,10
2026-08-13,ADU,OPT,ADUQ7 C0755,2027-08-06,C,0.755,0.005900000,3,
2026-08-13,ADU,OPT,ADUQ7 C0760,2027-08-06,C,0.76,0.005200000,3,
2026-08-13,ADU,OPT,ADUQ7 C0770,2027-08-06,C,0.77,0.003900000,3,
2026-08-13,ADU,OPT,ADUQ7 C0780,2027-08-06,C,0.78,0.002900000,3,
2026-08-13,ADU,OPT,ADUQ7 C0790,2027-08-06,C,0.79,0.002200000,3,
2026-08-13,ADU,OPT,ADUQ7 C0800,2027-08-06,C,0.8,0.001700000,3,
2026-08-13,ADU,OPT,ADUQ7 C0810,2027-08-06,C,0.81,0.001200000,3,
2026-08-13,ADU,OPT,ADUQ7 C0820,2027-08-06,C,0.82,0.000900000,3,
2026-08-13,ADU,OPT,ADUQ7 C0830,2027-08-06,C,0.83,0.000700000,3,
2026-08-13,ADU,OPT,ADUQ7 C0840,2027-08-06,C,0.84,0.000500000,3,
2026-08-13,ADU,OPT,ADUQ7 C0850,2027-08-06,C,0.85,0.000400000,3,
2026-08-13,ADU,OPT,ADUQ7 P0550,2027-08-06,P,0.55,0.000800000,3,
2026-08-13,ADU,OPT,ADUQ7 P0560,2027-08-06,P,0.56,0.001000000,3,
2026-08-13,ADU,OPT,ADUQ7 P0570,2027-08-06,P,0.57,0.001200000,3,
2026-08-13,ADU,OPT,ADUQ7 P0580,2027-08-06,P,0.58,0.001500000,3,
2026-08-13,ADU,OPT,ADUQ7 P0590,2027-08-06,P,0.59,0.001900000,3,
2026-08-13,ADU,OPT,ADUQ7 P0600,2027-08-06,P,0.6,0.002400000,3,
2026-08-13,ADU,OPT,ADUQ7 P0610,2027-08-06,P,0.61,0.003000000,3,
2026-08-13,ADU,OPT,ADUQ7 P0620,2027-08-06,P,0.62,0.003800000,3,
2026-08-13,ADU,OPT,ADUQ7 P0630,2027-08-06,P,0.63,0.004700000,3,
2026-08-13,ADU,OPT,ADUQ7 P0640,2027-08-06,P,0.64,0.005900000,3,
2026-08-13,ADU,OPT,ADUQ7 P0650,2027-08-06,P,0.65,0.007400000,3,
2026-08-13,ADU,OPT,ADUQ7 P0655,2027-08-06,P,0.655,0.008300000,3,
2026-08-13,ADU,OPT,ADUQ7 P0660,2027-08-06,P,0.66,0.009200000,3,
2026-08-13,ADU,OPT,ADUQ7 P0665,2027-08-06,P,0.665,0.010300000,3,
2026-08-13,ADU,OPT,ADUQ7 P0670,2027-08-06,P,0.67,0.011500000,3,
2026-08-13,ADU,OPT,ADUQ7 P0675,2027-08-06,P,0.675,0.012900000,3,
2026-08-13,ADU,OPT,ADUQ7 P0680,2027-08-06,P,0.68,0.014300000,3,
2026-08-13,ADU,OPT,ADUQ7 P0685,2027-08-06,P,0.685,0.015900000,3,
2026-08-13,ADU,OPT,ADUQ7 P0690,2027-08-06,P,0.69,0.017700000,3,
2026-08-13,ADU,OPT,ADUQ7 P0695,2027-08-06,P,0.695,0.019700000,3,
2026-08-13,ADU,OPT,ADUQ7 P0700,2027-08-06,P,0.7,0.021800000,3,
2026-08-13,ADU,OPT,ADUQ7 P0705,2027-08-06,P,0.705,0.024200000,3,
2026-08-13,ADU,OPT,ADUQ7 P0710,2027-08-06,P,0.71,0.026700000,3,
2026-08-13,ADU,OPT,ADUQ7 P0715,2027-08-06,P,0.715,0.029500000,3,
2026-08-13,ADU,OPT,ADUQ7 P0720,2027-08-06,P,0.72,0.032400000,3,
2026-08-13,ADU,OPT,ADUQ7 P0725,2027-08-06,P,0.725,0.035600000,3,
2026-08-13,ADU,OPT,ADUQ7 P0730,2027-08-06,P,0.73,0.038800000,3,
2026-08-13,ADU,OPT,ADUQ7 P0735,2027-08-06,P,0.735,0.042300000,3,
2026-08-13,ADU,OPT,ADUQ7 P0740,2027-08-06,P,0.74,0.045900000,3,
2026-08-13,ADU,OPT,ADUQ7 P0745,2027-08-06,P,0.745,0.049600000,3,
2026-08-13,ADU,OPT,ADUQ7 P0750,2027-08-06,P,0.75,0.053400000,3,
2026-08-13,ADU,OPT,ADUQ7 P0755,2027-08-06,P,0.755,0.057400000,3,
2026-08-13,ADU,OPT,ADUQ7 P0760,2027-08-06,P,0.76,0.061400000,3,
2026-08-13,ADU,OPT,ADUQ7 P0770,2027-08-06,P,0.77,0.069800000,3,
2026-08-13,ADU,OPT,ADUQ7 P0780,2027-08-06,P,0.78,0.078500000,3,
2026-08-13,ADU,OPT,ADUQ7 P0790,2027-08-06,P,0.79,0.087400000,3,
2026-08-13,ADU,OPT,ADUQ7 P0800,2027-08-06,P,0.8,0.096400000,3,
2026-08-13,ADU,OPT,ADUQ7 P0810,2027-08-06,P,0.81,0.105700000,3,
2026-08-13,ADU,OPT,ADUQ7 P0820,2027-08-06,P,0.82,0.115000000,3,
2026-08-13,ADU,OPT,ADUQ7 P0830,2027-08-06,P,0.83,0.124400000,3,
2026-08-13,ADU,OPT,ADUQ7 P0840,2027-08-06,P,0.84,0.133800000,3,
2026-08-13,ADU,OPT,ADUQ7 P0850,2027-08-06,P,0.85,0.143300000,3,
2026-08-13,ADU,OPT,ADUU7 C0490,2027-09-03,C,0.49,0.203200000,3,
2026-08-13,ADU,OPT,ADUU7 C0500,2027-09-03,C,0.5,0.193700000,3,
2026-08-13,ADU,OPT,ADUU7 C0510,2027-09-03,C,0.51,0.184200000,3,
2026-08-13,ADU,OPT,ADUU7 C0520,2027-09-03,C,0.52,0.174700000,3,
2026-08-13,ADU,OPT,ADUU7 C0530,2027-09-03,C,0.53,0.165300000,3,
2026-08-13,ADU,OPT,ADUU7 C0540,2027-09-03,C,0.54,0.155900000,3,
2026-08-13,ADU,OPT,ADUU7 C0550,2027-09-03,C,0.55,0.146500000,3,
2026-08-13,ADU,OPT,ADUU7 C0560,2027-09-03,C,0.56,0.137100000,3,
2026-08-13,ADU,OPT,ADUU7 C0570,2027-09-03,C,0.57,0.127800000,3,
2026-08-13,ADU,OPT,ADUU7 C0580,2027-09-03,C,0.58,0.118500000,3,
2026-08-13,ADU,OPT,ADUU7 C0590,2027-09-03,C,0.59,0.109300000,3,
2026-08-13,ADU,OPT,ADUU7 C0595,2027-09-03,C,0.595,0.104700000,3,
2026-08-13,ADU,OPT,ADUU7 C0600,2027-09-03,C,0.6,0.100200000,3,
2026-08-13,ADU,OPT,ADUU7 C0605,2027-09-03,C,0.605,0.095700000,3,
2026-08-13,ADU,OPT,ADUU7 C0610,2027-09-03,C,0.61,0.091200000,3,
2026-08-13,ADU,OPT,ADUU7 C0615,2027-09-03,C,0.615,0.086800000,3,
2026-08-13,ADU,OPT,ADUU7 C0620,2027-09-03,C,0.62,0.082500000,3,
2026-08-13,ADU,OPT,ADUU7 C0625,2027-09-03,C,0.625,0.078100000,3,
2026-08-13,ADU,OPT,ADUU7 C0630,2027-09-03,C,0.63,0.073900000,3,
2026-08-13,ADU,OPT,ADUU7 C0635,2027-09-03,C,0.635,0.069700000,3,
2026-08-13,ADU,OPT,ADUU7 C0640,2027-09-03,C,0.64,0.065600000,3,
2026-08-13,ADU,OPT,ADUU7 C0645,2027-09-03,C,0.645,0.061500000,3,
2026-08-13,ADU,OPT,ADUU7 C0650,2027-09-03,C,0.65,0.057600000,3,
2026-08-13,ADU,OPT,ADUU7 C0655,2027-09-03,C,0.655,0.053700000,3,
2026-08-13,ADU,OPT,ADUU7 C0660,2027-09-03,C,0.66,0.049900000,3,
2026-08-13,ADU,OPT,ADUU7 C0665,2027-09-03,C,0.665,0.046200000,3,
2026-08-13,ADU,OPT,ADUU7 C0670,2027-09-03,C,0.67,0.042700000,3,
2026-08-13,ADU,OPT,ADUU7 C0675,2027-09-03,C,0.675,0.039300000,3,
2026-08-13,ADU,OPT,ADUU7 C0680,2027-09-03,C,0.68,0.036000000,3,
2026-08-13,ADU,OPT,ADUU7 C0685,2027-09-03,C,0.685,0.032800000,3,
2026-08-13,ADU,OPT,ADUU7 C0690,2027-09-03,C,0.69,0.029800000,3,
2026-08-13,ADU,OPT,ADUU7 C0695,2027-09-03,C,0.695,0.027000000,3,
2026-08-13,ADU,OPT,ADUU7 C0700,2027-09-03,C,0.7,0.024400000,3,
2026-08-13,ADU,OPT,ADUU7 C0705,2027-09-03,C,0.705,0.021900000,3,
2026-08-13,ADU,OPT,ADUU7 C0710,2027-09-03,C,0.71,0.019600000,3,
2026-08-13,ADU,OPT,ADUU7 C0715,2027-09-03,C,0.715,0.017500000,3,
2026-08-13,ADU,OPT,ADUU7 C0720,2027-09-03,C,0.72,0.015600000,3,
2026-08-13,ADU,OPT,ADUU7 C0725,2027-09-03,C,0.725,0.013900000,3,
2026-08-13,ADU,OPT,ADUU7 C0730,2027-09-03,C,0.73,0.012300000,3,
2026-08-13,ADU,OPT,ADUU7 C0735,2027-09-03,C,0.735,0.010900000,3,
2026-08-13,ADU,OPT,ADUU7 C0740,2027-09-03,C,0.74,0.009600000,3,
2026-08-13,ADU,OPT,ADUU7 C0745,2027-09-03,C,0.745,0.008500000,3,
2026-08-13,ADU,OPT,ADUU7 C0750,2027-09-03,C,0.75,0.007500000,3,
2026-08-13,ADU,OPT,ADUU7 C0755,2027-09-03,C,0.755,0.006600000,3,
2026-08-13,ADU,OPT,ADUU7 C0760,2027-09-03,C,0.76,0.005800000,3,1
2026-08-13,ADU,OPT,ADUU7 C0765,2027-09-03,C,0.765,0.005100000,3,
2026-08-13,ADU,OPT,ADUU7 C0770,2027-09-03,C,0.77,0.004500000,3,
2026-08-13,ADU,OPT,ADUU7 C0780,2027-09-03,C,0.78,0.003400000,3,1
2026-08-13,ADU,OPT,ADUU7 C0790,2027-09-03,C,0.79,0.002600000,3,
2026-08-13,ADU,OPT,ADUU7 C0800,2027-09-03,C,0.8,0.002000000,3,
2026-08-13,ADU,OPT,ADUU7 C0810,2027-09-03,C,0.81,0.001600000,3,1
2026-08-13,ADU,OPT,ADUU7 C0820,2027-09-03,C,0.82,0.001200000,3,
2026-08-13,ADU,OPT,ADUU7 C0830,2027-09-03,C,0.83,0.000900000,3,
2026-08-13,ADU,OPT,ADUU7 C0840,2027-09-03,C,0.84,0.000700000,3,
2026-08-13,ADU,OPT,ADUU7 C0850,2027-09-03,C,0.85,0.000600000,3,
2026-08-13,ADU,OPT,ADUU7 C0860,2027-09-03,C,0.86,0.000450000,3,
2026-08-13,ADU,OPT,ADUU7 P0490,2027-09-03,P,0.49,0.000350000,3,
2026-08-13,ADU,OPT,ADUU7 P0500,2027-09-03,P,0.5,0.000400000,3,
2026-08-13,ADU,OPT,ADUU7 P0510,2027-09-03,P,0.51,0.000500000,3,
2026-08-13,ADU,OPT,ADUU7 P0520,2027-09-03,P,0.52,0.000600000,3,
2026-08-13,ADU,OPT,ADUU7 P0530,2027-09-03,P,0.53,0.000800000,3,
2026-08-13,ADU,OPT,ADUU7 P0540,2027-09-03,P,0.54,0.000900000,3,
2026-08-13,ADU,OPT,ADUU7 P0550,2027-09-03,P,0.55,0.001100000,3,
2026-08-13,ADU,OPT,ADUU7 P0560,2027-09-03,P,0.56,0.001300000,3,
2026-08-13,ADU,OPT,ADUU7 P0570,2027-09-03,P,0.57,0.001600000,3,
2026-08-13,ADU,OPT,ADUU7 P0580,2027-09-03,P,0.58,0.001900000,3,1
2026-08-13,ADU,OPT,ADUU7 P0590,2027-09-03,P,0.59,0.002300000,3,
2026-08-13,ADU,OPT,ADUU7 P0595,2027-09-03,P,0.595,0.002600000,3,
2026-08-13,ADU,OPT,ADUU7 P0600,2027-09-03,P,0.6,0.002800000,3,
2026-08-13,ADU,OPT,ADUU7 P0605,2027-09-03,P,0.605,0.003100000,3,
2026-08-13,ADU,OPT,ADUU7 P0610,2027-09-03,P,0.61,0.003500000,3,
2026-08-13,ADU,OPT,ADUU7 P0615,2027-09-03,P,0.615,0.003800000,3,1
2026-08-13,ADU,OPT,ADUU7 P0620,2027-09-03,P,0.62,0.004300000,3,
2026-08-13,ADU,OPT,ADUU7 P0625,2027-09-03,P,0.625,0.004800000,3,
2026-08-13,ADU,OPT,ADUU7 P0630,2027-09-03,P,0.63,0.005300000,3,
2026-08-13,ADU,OPT,ADUU7 P0635,2027-09-03,P,0.635,0.005900000,3,
2026-08-13,ADU,OPT,ADUU7 P0640,2027-09-03,P,0.64,0.006600000,3,1
2026-08-13,ADU,OPT,ADUU7 P0645,2027-09-03,P,0.645,0.007300000,3,
2026-08-13,ADU,OPT,ADUU7 P0650,2027-09-03,P,0.65,0.008200000,3,4
2026-08-13,ADU,OPT,ADUU7 P0655,2027-09-03,P,0.655,0.009100000,3,
2026-08-13,ADU,OPT,ADUU7 P0660,2027-09-03,P,0.66,0.010100000,3,
2026-08-13,ADU,OPT,ADUU7 P0665,2027-09-03,P,0.665,0.011200000,3,
2026-08-13,ADU,OPT,ADUU7 P0670,2027-09-03,P,0.67,0.012500000,3,
2026-08-13,ADU,OPT,ADUU7 P0675,2027-09-03,P,0.675,0.013800000,3,
2026-08-13,ADU,OPT,ADUU7 P0680,2027-09-03,P,0.68,0.015300000,3,
2026-08-13,ADU,OPT,ADUU7 P0685,2027-09-03,P,0.685,0.017000000,3,
2026-08-13,ADU,OPT,ADUU7 P0690,2027-09-03,P,0.69,0.018800000,3,
2026-08-13,ADU,OPT,ADUU7 P0695,2027-09-03,P,0.695,0.020800000,3,
2026-08-13,ADU,OPT,ADUU7 P0700,2027-09-03,P,0.7,0.022900000,3,
2026-08-13,ADU,OPT,ADUU7 P0705,2027-09-03,P,0.705,0.025300000,3,
2026-08-13,ADU,OPT,ADUU7 P0710,2027-09-03,P,0.71,0.027800000,3,
2026-08-13,ADU,OPT,ADUU7 P0715,2027-09-03,P,0.715,0.030500000,3,
2026-08-13,ADU,OPT,ADUU7 P0720,2027-09-03,P,0.72,0.033400000,3,
2026-08-13,ADU,OPT,ADUU7 P0725,2027-09-03,P,0.725,0.036400000,3,
2026-08-13,ADU,OPT,ADUU7 P0730,2027-09-03,P,0.73,0.039700000,3,
2026-08-13,ADU,OPT,ADUU7 P0735,2027-09-03,P,0.735,0.043000000,3,
2026-08-13,ADU,OPT,ADUU7 P0740,2027-09-03,P,0.74,0.046600000,3,
2026-08-13,ADU,OPT,ADUU7 P0745,2027-09-03,P,0.745,0.050200000,3,
2026-08-13,ADU,OPT,ADUU7 P0750,2027-09-03,P,0.75,0.054000000,3,
2026-08-13,ADU,OPT,ADUU7 P0755,2027-09-03,P,0.755,0.057900000,3,
2026-08-13,ADU,OPT,ADUU7 P0760,2027-09-03,P,0.76,0.061900000,3,
2026-08-13,ADU,OPT,ADUU7 P0765,2027-09-03,P,0.765,0.066000000,3,
2026-08-13,ADU,OPT,ADUU7 P0770,2027-09-03,P,0.77,0.070200000,3,
2026-08-13,ADU,OPT,ADUU7 P0780,2027-09-03,P,0.78,0.078800000,3,
2026-08-13,ADU,OPT,ADUU7 P0790,2027-09-03,P,0.79,0.087500000,3,
2026-08-13,ADU,OPT,ADUU7 P0800,2027-09-03,P,0.8,0.096500000,3,
2026-08-13,ADU,OPT,ADUU7 P0810,2027-09-03,P,0.81,0.105600000,3,
2026-08-13,ADU,OPT,ADUU7 P0820,2027-09-03,P,0.82,0.114900000,3,
2026-08-13,ADU,OPT,ADUU7 P0830,2027-09-03,P,0.83,0.124200000,3,
2026-08-13,ADU,OPT,ADUU7 P0840,2027-09-03,P,0.84,0.133600000,3,
2026-08-13,ADU,OPT,ADUU7 P0850,2027-09-03,P,0.85,0.143000000,3,
2026-08-13,ADU,OPT,ADUU7 P0860,2027-09-03,P,0.86,0.152500000,3,
2026-08-13,ADU,OPT,ADUZ7 C0500,2027-12-03,C,0.5,0.191300000,3,
2026-08-13,ADU,OPT,ADUZ7 C0510,2027-12-03,C,0.51,0.182000000,3,
2026-08-13,ADU,OPT,ADUZ7 C0520,2027-12-03,C,0.52,0.172600000,3,
2026-08-13,ADU,OPT,ADUZ7 C0530,2027-12-03,C,0.53,0.163300000,3,
2026-08-13,ADU,OPT,ADUZ7 C0540,2027-12-03,C,0.54,0.154100000,3,
2026-08-13,ADU,OPT,ADUZ7 C0550,2027-12-03,C,0.55,0.144800000,3,
2026-08-13,ADU,OPT,ADUZ7 C0560,2027-12-03,C,0.56,0.135700000,3,
2026-08-13,ADU,OPT,ADUZ7 C0570,2027-12-03,C,0.57,0.126600000,3,
2026-08-13,ADU,OPT,ADUZ7 C0580,2027-12-03,C,0.58,0.117600000,3,
2026-08-13,ADU,OPT,ADUZ7 C0590,2027-12-03,C,0.59,0.108700000,3,
2026-08-13,ADU,OPT,ADUZ7 C0600,2027-12-03,C,0.6,0.100000000,3,
2026-08-13,ADU,OPT,ADUZ7 C0605,2027-12-03,C,0.605,0.095600000,3,
2026-08-13,ADU,OPT,ADUZ7 C0610,2027-12-03,C,0.61,0.091400000,3,
2026-08-13,ADU,OPT,ADUZ7 C0615,2027-12-03,C,0.615,0.087200000,3,
2026-08-13,ADU,OPT,ADUZ7 C0620,2027-12-03,C,0.62,0.083000000,3,
2026-08-13,ADU,OPT,ADUZ7 C0625,2027-12-03,C,0.625,0.078900000,3,
2026-08-13,ADU,OPT,ADUZ7 C0630,2027-12-03,C,0.63,0.074900000,3,
2026-08-13,ADU,OPT,ADUZ7 C0635,2027-12-03,C,0.635,0.071000000,3,
2026-08-13,ADU,OPT,ADUZ7 C0640,2027-12-03,C,0.64,0.067100000,3,
2026-08-13,ADU,OPT,ADUZ7 C0645,2027-12-03,C,0.645,0.063400000,3,
2026-08-13,ADU,OPT,ADUZ7 C0650,2027-12-03,C,0.65,0.059700000,3,
2026-08-13,ADU,OPT,ADUZ7 C0655,2027-12-03,C,0.655,0.056200000,3,
2026-08-13,ADU,OPT,ADUZ7 C0660,2027-12-03,C,0.66,0.052800000,3,
2026-08-13,ADU,OPT,ADUZ7 C0665,2027-12-03,C,0.665,0.049500000,3,
2026-08-13,ADU,OPT,ADUZ7 C0670,2027-12-03,C,0.67,0.046300000,3,
2026-08-13,ADU,OPT,ADUZ7 C0675,2027-12-03,C,0.675,0.043300000,3,
2026-08-13,ADU,OPT,ADUZ7 C0680,2027-12-03,C,0.68,0.040400000,3,
2026-08-13,ADU,OPT,ADUZ7 C0685,2027-12-03,C,0.685,0.037700000,3,
2026-08-13,ADU,OPT,ADUZ7 C0690,2027-12-03,C,0.69,0.035100000,3,
2026-08-13,ADU,OPT,ADUZ7 C0695,2027-12-03,C,0.695,0.032600000,3,
2026-08-13,ADU,OPT,ADUZ7 C0700,2027-12-03,C,0.7,0.030300000,3,
2026-08-13,ADU,OPT,ADUZ7 C0705,2027-12-03,C,0.705,0.028100000,3,
2026-08-13,ADU,OPT,ADUZ7 C0710,2027-12-03,C,0.71,0.026100000,3,
2026-08-13,ADU,OPT,ADUZ7 C0715,2027-12-03,C,0.715,0.024100000,3,
2026-08-13,ADU,OPT,ADUZ7 C0720,2027-12-03,C,0.72,0.022300000,3,
2026-08-13,ADU,OPT,ADUZ7 C0725,2027-12-03,C,0.725,0.020700000,3,
2026-08-13,ADU,OPT,ADUZ7 C0730,2027-12-03,C,0.73,0.019100000,3,
2026-08-13,ADU,OPT,ADUZ7 C0735,2027-12-03,C,0.735,0.017700000,3,
2026-08-13,ADU,OPT,ADUZ7 C0740,2027-12-03,C,0.74,0.016300000,3,
2026-08-13,ADU,OPT,ADUZ7 C0745,2027-12-03,C,0.745,0.015100000,3,
2026-08-13,ADU,OPT,ADUZ7 C0750,2027-12-03,C,0.75,0.014000000,3,
2026-08-13,ADU,OPT,ADUZ7 C0755,2027-12-03,C,0.755,0.012900000,3,
2026-08-13,ADU,OPT,ADUZ7 C0760,2027-12-03,C,0.76,0.011900000,3,
2026-08-13,ADU,OPT,ADUZ7 C0765,2027-12-03,C,0.765,0.011000000,3,
2026-08-13,ADU,OPT,ADUZ7 C0770,2027-12-03,C,0.77,0.010200000,3,
2026-08-13,ADU,OPT,ADUZ7 C0780,2027-12-03,C,0.78,0.008700000,3,
2026-08-13,ADU,OPT,ADUZ7 C0790,2027-12-03,C,0.79,0.007400000,3,
2026-08-13,ADU,OPT,ADUZ7 C0800,2027-12-03,C,0.8,0.006300000,3,
2026-08-13,ADU,OPT,ADUZ7 C0810,2027-12-03,C,0.81,0.005400000,3,
2026-08-13,ADU,OPT,ADUZ7 C0820,2027-12-03,C,0.82,0.004600000,3,
2026-08-13,ADU,OPT,ADUZ7 C0830,2027-12-03,C,0.83,0.003900000,3,
2026-08-13,ADU,OPT,ADUZ7 C0840,2027-12-03,C,0.84,0.003400000,3,
2026-08-13,ADU,OPT,ADUZ7 C0850,2027-12-03,C,0.85,0.002900000,3,
2026-08-13,ADU,OPT,ADUZ7 C0860,2027-12-03,C,0.86,0.002500000,3,
2026-08-13,ADU,OPT,ADUZ7 P0500,2027-12-03,P,0.5,0.000700000,3,
2026-08-13,ADU,OPT,ADUZ7 P0510,2027-12-03,P,0.51,0.000800000,3,
2026-08-13,ADU,OPT,ADUZ7 P0520,2027-12-03,P,0.52,0.001000000,3,
2026-08-13,ADU,OPT,ADUZ7 P0530,2027-12-03,P,0.53,0.001200000,3,
2026-08-13,ADU,OPT,ADUZ7 P0540,2027-12-03,P,0.54,0.001400000,3,
2026-08-13,ADU,OPT,ADUZ7 P0550,2027-12-03,P,0.55,0.001700000,3,
2026-08-13,ADU,OPT,ADUZ7 P0560,2027-12-03,P,0.56,0.002000000,3,
2026-08-13,ADU,OPT,ADUZ7 P0570,2027-12-03,P,0.57,0.002400000,3,
2026-08-13,ADU,OPT,ADUZ7 P0580,2027-12-03,P,0.58,0.002900000,3,
2026-08-13,ADU,OPT,ADUZ7 P0590,2027-12-03,P,0.59,0.003500000,3,
2026-08-13,ADU,OPT,ADUZ7 P0600,2027-12-03,P,0.6,0.004300000,3,
2026-08-13,ADU,OPT,ADUZ7 P0605,2027-12-03,P,0.605,0.004700000,3,
2026-08-13,ADU,OPT,ADUZ7 P0610,2027-12-03,P,0.61,0.005200000,3,
2026-08-13,ADU,OPT,ADUZ7 P0615,2027-12-03,P,0.615,0.005700000,3,
2026-08-13,ADU,OPT,ADUZ7 P0620,2027-12-03,P,0.62,0.006300000,3,
2026-08-13,ADU,OPT,ADUZ7 P0625,2027-12-03,P,0.625,0.007000000,3,
2026-08-13,ADU,OPT,ADUZ7 P0630,2027-12-03,P,0.63,0.007700000,3,
2026-08-13,ADU,OPT,ADUZ7 P0635,2027-12-03,P,0.635,0.008500000,3,
2026-08-13,ADU,OPT,ADUZ7 P0640,2027-12-03,P,0.64,0.009400000,3,
2026-08-13,ADU,OPT,ADUZ7 P0645,2027-12-03,P,0.645,0.010400000,3,
2026-08-13,ADU,OPT,ADUZ7 P0650,2027-12-03,P,0.65,0.011500000,3,
2026-08-13,ADU,OPT,ADUZ7 P0655,2027-12-03,P,0.655,0.012700000,3,
2026-08-13,ADU,OPT,ADUZ7 P0660,2027-12-03,P,0.66,0.014100000,3,
2026-08-13,ADU,OPT,ADUZ7 P0665,2027-12-03,P,0.665,0.015500000,3,
2026-08-13,ADU,OPT,ADUZ7 P0670,2027-12-03,P,0.67,0.017100000,3,
2026-08-13,ADU,OPT,ADUZ7 P0675,2027-12-03,P,0.675,0.018900000,3,
2026-08-13,ADU,OPT,ADUZ7 P0680,2027-12-03,P,0.68,0.020700000,3,
2026-08-13,ADU,OPT,ADUZ7 P0685,2027-12-03,P,0.685,0.022700000,3,
2026-08-13,ADU,OPT,ADUZ7 P0690,2027-12-03,P,0.69,0.024900000,3,
2026-08-13,ADU,OPT,ADUZ7 P0695,2027-12-03,P,0.695,0.027100000,3,
2026-08-13,ADU,OPT,ADUZ7 P0700,2027-12-03,P,0.7,0.029600000,3,
2026-08-13,ADU,OPT,ADUZ7 P0705,2027-12-03,P,0.705,0.032100000,3,
2026-08-13,ADU,OPT,ADUZ7 P0710,2027-12-03,P,0.71,0.034800000,3,
2026-08-13,ADU,OPT,ADUZ7 P0715,2027-12-03,P,0.715,0.037700000,3,
2026-08-13,ADU,OPT,ADUZ7 P0720,2027-12-03,P,0.72,0.040600000,3,
2026-08-13,ADU,OPT,ADUZ7 P0725,2027-12-03,P,0.725,0.043700000,3,
2026-08-13,ADU,OPT,ADUZ7 P0730,2027-12-03,P,0.73,0.046900000,3,
2026-08-13,ADU,OPT,ADUZ7 P0735,2027-12-03,P,0.735,0.050200000,3,
2026-08-13,ADU,OPT,ADUZ7 P0740,2027-12-03,P,0.74,0.053600000,3,
2026-08-13,ADU,OPT,ADUZ7 P0745,2027-12-03,P,0.745,0.057100000,3,
2026-08-13,ADU,OPT,ADUZ7 P0750,2027-12-03,P,0.75,0.060700000,3,
2026-08-13,ADU,OPT,ADUZ7 P0755,2027-12-03,P,0.755,0.064400000,3,
2026-08-13,ADU,OPT,ADUZ7 P0760,2027-12-03,P,0.76,0.068200000,3,
2026-08-13,ADU,OPT,ADUZ7 P0765,2027-12-03,P,0.765,0.072000000,3,
2026-08-13,ADU,OPT,ADUZ7 P0770,2027-12-03,P,0.77,0.075900000,3,
2026-08-13,ADU,OPT,ADUZ7 P0780,2027-12-03,P,0.78,0.083900000,3,
2026-08-13,ADU,OPT,ADUZ7 P0790,2027-12-03,P,0.79,0.092200000,3,
2026-08-13,ADU,OPT,ADUZ7 P0800,2027-12-03,P,0.8,0.100600000,3,
2026-08-13,ADU,OPT,ADUZ7 P0810,2027-12-03,P,0.81,0.109100000,3,
2026-08-13,ADU,OPT,ADUZ7 P0820,2027-12-03,P,0.82,0.117800000,3,
2026-08-13,ADU,OPT,ADUZ7 P0830,2027-12-03,P,0.83,0.126700000,3,
2026-08-13,ADU,OPT,ADUZ7 P0840,2027-12-03,P,0.84,0.135600000,3,
2026-08-13,ADU,OPT,ADUZ7 P0850,2027-12-03,P,0.85,0.144600000,3,
2026-08-13,ADU,OPT,ADUZ7 P0860,2027-12-03,P,0.86,0.153700000,3,
2026-08-13,ADU,OPT,ADUH8 C0520,2028-03-03,C,0.52,0.169600000,3,
2026-08-13,ADU,OPT,ADUH8 C0530,2028-03-03,C,0.53,0.160400000,3,
2026-08-13,ADU,OPT,ADUH8 C0540,2028-03-03,C,0.54,0.151200000,3,
2026-08-13,ADU,OPT,ADUH8 C0550,2028-03-03,C,0.55,0.142200000,3,
2026-08-13,ADU,OPT,ADUH8 C0560,2028-03-03,C,0.56,0.133200000,3,
2026-08-13,ADU,OPT,ADUH8 C0570,2028-03-03,C,0.57,0.124300000,3,
2026-08-13,ADU,OPT,ADUH8 C0580,2028-03-03,C,0.58,0.115600000,3,
2026-08-13,ADU,OPT,ADUH8 C0590,2028-03-03,C,0.59,0.107000000,3,
2026-08-13,ADU,OPT,ADUH8 C0600,2028-03-03,C,0.6,0.098600000,3,
2026-08-13,ADU,OPT,ADUH8 C0610,2028-03-03,C,0.61,0.090500000,3,
2026-08-13,ADU,OPT,ADUH8 C0620,2028-03-03,C,0.62,0.082600000,3,
2026-08-13,ADU,OPT,ADUH8 C0625,2028-03-03,C,0.625,0.078700000,3,
2026-08-13,ADU,OPT,ADUH8 C0630,2028-03-03,C,0.63,0.075000000,3,
2026-08-13,ADU,OPT,ADUH8 C0635,2028-03-03,C,0.635,0.071300000,3,
2026-08-13,ADU,OPT,ADUH8 C0640,2028-03-03,C,0.64,0.067700000,3,
2026-08-13,ADU,OPT,ADUH8 C0645,2028-03-03,C,0.645,0.064100000,3,
2026-08-13,ADU,OPT,ADUH8 C0650,2028-03-03,C,0.65,0.060700000,3,
2026-08-13,ADU,OPT,ADUH8 C0655,2028-03-03,C,0.655,0.057400000,3,
2026-08-13,ADU,OPT,ADUH8 C0660,2028-03-03,C,0.66,0.054100000,3,
2026-08-13,ADU,OPT,ADUH8 C0665,2028-03-03,C,0.665,0.051000000,3,
2026-08-13,ADU,OPT,ADUH8 C0670,2028-03-03,C,0.67,0.047900000,3,
2026-08-13,ADU,OPT,ADUH8 C0675,2028-03-03,C,0.675,0.045000000,3,
2026-08-13,ADU,OPT,ADUH8 C0680,2028-03-03,C,0.68,0.042200000,3,
2026-08-13,ADU,OPT,ADUH8 C0685,2028-03-03,C,0.685,0.039500000,3,
2026-08-13,ADU,OPT,ADUH8 C0690,2028-03-03,C,0.69,0.036900000,3,
2026-08-13,ADU,OPT,ADUH8 C0695,2028-03-03,C,0.695,0.034500000,3,
2026-08-13,ADU,OPT,ADUH8 C0700,2028-03-03,C,0.7,0.032200000,3,
2026-08-13,ADU,OPT,ADUH8 C0705,2028-03-03,C,0.705,0.030100000,3,
2026-08-13,ADU,OPT,ADUH8 C0710,2028-03-03,C,0.71,0.028100000,3,
2026-08-13,ADU,OPT,ADUH8 C0715,2028-03-03,C,0.715,0.026200000,3,
2026-08-13,ADU,OPT,ADUH8 C0720,2028-03-03,C,0.72,0.024400000,3,
2026-08-13,ADU,OPT,ADUH8 C0725,2028-03-03,C,0.725,0.022700000,3,
2026-08-13,ADU,OPT,ADUH8 C0730,2028-03-03,C,0.73,0.021200000,3,
2026-08-13,ADU,OPT,ADUH8 C0735,2028-03-03,C,0.735,0.019700000,3,
2026-08-13,ADU,OPT,ADUH8 C0740,2028-03-03,C,0.74,0.018400000,3,
2026-08-13,ADU,OPT,ADUH8 C0745,2028-03-03,C,0.745,0.017100000,3,
2026-08-13,ADU,OPT,ADUH8 C0750,2028-03-03,C,0.75,0.016000000,3,
2026-08-13,ADU,OPT,ADUH8 C0755,2028-03-03,C,0.755,0.014900000,3,
2026-08-13,ADU,OPT,ADUH8 C0760,2028-03-03,C,0.76,0.013900000,3,
2026-08-13,ADU,OPT,ADUH8 C0765,2028-03-03,C,0.765,0.013000000,3,
2026-08-13,ADU,OPT,ADUH8 C0770,2028-03-03,C,0.77,0.012100000,3,
2026-08-13,ADU,OPT,ADUH8 C0780,2028-03-03,C,0.78,0.010500000,3,
2026-08-13,ADU,OPT,ADUH8 C0790,2028-03-03,C,0.79,0.009200000,3,
2026-08-13,ADU,OPT,ADUH8 C0800,2028-03-03,C,0.8,0.008000000,3,
2026-08-13,ADU,OPT,ADUH8 C0810,2028-03-03,C,0.81,0.007000000,3,
2026-08-13,ADU,OPT,ADUH8 C0820,2028-03-03,C,0.82,0.006100000,3,
2026-08-13,ADU,OPT,ADUH8 C0830,2028-03-03,C,0.83,0.005300000,3,
2026-08-13,ADU,OPT,ADUH8 C0840,2028-03-03,C,0.84,0.004700000,3,
2026-08-13,ADU,OPT,ADUH8 C0850,2028-03-03,C,0.85,0.004100000,3,
2026-08-13,ADU,OPT,ADUH8 C0860,2028-03-03,C,0.86,0.003600000,3,
2026-08-13,ADU,OPT,ADUH8 P0520,2028-03-03,P,0.52,0.000450000,3,
2026-08-13,ADU,OPT,ADUH8 P0530,2028-03-03,P,0.53,0.000600000,3,
2026-08-13,ADU,OPT,ADUH8 P0540,2028-03-03,P,0.54,0.000900000,3,
2026-08-13,ADU,OPT,ADUH8 P0550,2028-03-03,P,0.55,0.001200000,3,
2026-08-13,ADU,OPT,ADUH8 P0560,2028-03-03,P,0.56,0.001600000,3,
2026-08-13,ADU,OPT,ADUH8 P0570,2028-03-03,P,0.57,0.002100000,3,
2026-08-13,ADU,OPT,ADUH8 P0580,2028-03-03,P,0.58,0.002800000,3,
2026-08-13,ADU,OPT,ADUH8 P0590,2028-03-03,P,0.59,0.003600000,3,
2026-08-13,ADU,OPT,ADUH8 P0600,2028-03-03,P,0.6,0.004700000,3,
2026-08-13,ADU,OPT,ADUH8 P0610,2028-03-03,P,0.61,0.005900000,3,
2026-08-13,ADU,OPT,ADUH8 P0620,2028-03-03,P,0.62,0.007400000,3,
2026-08-13,ADU,OPT,ADUH8 P0625,2028-03-03,P,0.625,0.008300000,3,
2026-08-13,ADU,OPT,ADUH8 P0630,2028-03-03,P,0.63,0.009200000,3,
2026-08-13,ADU,OPT,ADUH8 P0635,2028-03-03,P,0.635,0.010200000,3,
2026-08-13,ADU,OPT,ADUH8 P0640,2028-03-03,P,0.64,0.011300000,3,
2026-08-13,ADU,OPT,ADUH8 P0645,2028-03-03,P,0.645,0.012500000,3,
2026-08-13,ADU,OPT,ADUH8 P0650,2028-03-03,P,0.65,0.013700000,3,
2026-08-13,ADU,OPT,ADUH8 P0655,2028-03-03,P,0.655,0.015100000,3,
2026-08-13,ADU,OPT,ADUH8 P0660,2028-03-03,P,0.66,0.016600000,3,
2026-08-13,ADU,OPT,ADUH8 P0665,2028-03-03,P,0.665,0.018100000,3,
2026-08-13,ADU,OPT,ADUH8 P0670,2028-03-03,P,0.67,0.019800000,3,
2026-08-13,ADU,OPT,ADUH8 P0675,2028-03-03,P,0.675,0.021500000,3,
2026-08-13,ADU,OPT,ADUH8 P0680,2028-03-03,P,0.68,0.023400000,3,
2026-08-13,ADU,OPT,ADUH8 P0685,2028-03-03,P,0.685,0.025400000,3,
2026-08-13,ADU,OPT,ADUH8 P0690,2028-03-03,P,0.69,0.027600000,3,
2026-08-13,ADU,OPT,ADUH8 P0695,2028-03-03,P,0.695,0.029900000,3,
2026-08-13,ADU,OPT,ADUH8 P0700,2028-03-03,P,0.7,0.032300000,3,
2026-08-13,ADU,OPT,ADUH8 P0705,2028-03-03,P,0.705,0.034800000,3,
2026-08-13,ADU,OPT,ADUH8 P0710,2028-03-03,P,0.71,0.037500000,3,
2026-08-13,ADU,OPT,ADUH8 P0715,2028-03-03,P,0.715,0.040300000,3,
2026-08-13,ADU,OPT,ADUH8 P0720,2028-03-03,P,0.72,0.043200000,3,
2026-08-13,ADU,OPT,ADUH8 P0725,2028-03-03,P,0.725,0.046300000,3,
2026-08-13,ADU,OPT,ADUH8 P0730,2028-03-03,P,0.73,0.049400000,3,
2026-08-13,ADU,OPT,ADUH8 P0735,2028-03-03,P,0.735,0.052700000,3,
2026-08-13,ADU,OPT,ADUH8 P0740,2028-03-03,P,0.74,0.056100000,3,
2026-08-13,ADU,OPT,ADUH8 P0745,2028-03-03,P,0.745,0.059500000,3,
2026-08-13,ADU,OPT,ADUH8 P0750,2028-03-03,P,0.75,0.063000000,3,
2026-08-13,ADU,OPT,ADUH8 P0755,2028-03-03,P,0.755,0.066700000,3,
2026-08-13,ADU,OPT,ADUH8 P0760,2028-03-03,P,0.76,0.070400000,3,
2026-08-13,ADU,OPT,ADUH8 P0765,2028-03-03,P,0.765,0.074100000,3,
2026-08-13,ADU,OPT,ADUH8 P0770,2028-03-03,P,0.77,0.078000000,3,
2026-08-13,ADU,OPT,ADUH8 P0780,2028-03-03,P,0.78,0.085800000,3,
2026-08-13,ADU,OPT,ADUH8 P0790,2028-03-03,P,0.79,0.093800000,3,
2026-08-13,ADU,OPT,ADUH8 P0800,2028-03-03,P,0.8,0.102100000,3,
2026-08-13,ADU,OPT,ADUH8 P0810,2028-03-03,P,0.81,0.110400000,3,
2026-08-13,ADU,OPT,ADUH8 P0820,2028-03-03,P,0.82,0.119000000,3,
2026-08-13,ADU,OPT,ADUH8 P0830,2028-03-03,P,0.83,0.127600000,3,
2026-08-13,ADU,OPT,ADUH8 P0840,2028-03-03,P,0.84,0.136300000,3,
2026-08-13,ADU,OPT,ADUH8 P0850,2028-03-03,P,0.85,0.145200000,3,
2026-08-13,ADU,OPT,ADUH8 P0860,2028-03-03,P,0.86,0.154100000,3,
2026-08-13,ADU,OPT,ADUM8 C0530,2028-06-09,C,0.53,0.158300000,3,
2026-08-13,ADU,OPT,ADUM8 C0540,2028-06-09,C,0.54,0.149400000,3,
2026-08-13,ADU,OPT,ADUM8 C0550,2028-06-09,C,0.55,0.140500000,3,
2026-08-13,ADU,OPT,ADUM8 C0560,2028-06-09,C,0.56,0.131800000,3,
2026-08-13,ADU,OPT,ADUM8 C0570,2028-06-09,C,0.57,0.123200000,3,
2026-08-13,ADU,OPT,ADUM8 C0580,2028-06-09,C,0.58,0.114700000,3,
2026-08-13,ADU,OPT,ADUM8 C0590,2028-06-09,C,0.59,0.106400000,3,
2026-08-13,ADU,OPT,ADUM8 C0600,2028-06-09,C,0.6,0.098300000,3,
2026-08-13,ADU,OPT,ADUM8 C0610,2028-06-09,C,0.61,0.090400000,3,
2026-08-13,ADU,OPT,ADUM8 C0620,2028-06-09,C,0.62,0.082800000,3,
2026-08-13,ADU,OPT,ADUM8 C0630,2028-06-09,C,0.63,0.075500000,3,
2026-08-13,ADU,OPT,ADUM8 C0635,2028-06-09,C,0.635,0.071900000,3,
2026-08-13,ADU,OPT,ADUM8 C0640,2028-06-09,C,0.64,0.068400000,3,
2026-08-13,ADU,OPT,ADUM8 C0645,2028-06-09,C,0.645,0.065100000,3,
2026-08-13,ADU,OPT,ADUM8 C0650,2028-06-09,C,0.65,0.061700000,3,
2026-08-13,ADU,OPT,ADUM8 C0655,2028-06-09,C,0.655,0.058500000,3,
2026-08-13,ADU,OPT,ADUM8 C0660,2028-06-09,C,0.66,0.055400000,3,
2026-08-13,ADU,OPT,ADUM8 C0665,2028-06-09,C,0.665,0.052300000,3,
2026-08-13,ADU,OPT,ADUM8 C0670,2028-06-09,C,0.67,0.049400000,3,
2026-08-13,ADU,OPT,ADUM8 C0675,2028-06-09,C,0.675,0.046500000,3,
2026-08-13,ADU,OPT,ADUM8 C0680,2028-06-09,C,0.68,0.043800000,3,
2026-08-13,ADU,OPT,ADUM8 C0685,2028-06-09,C,0.685,0.041200000,3,
2026-08-13,ADU,OPT,ADUM8 C0690,2028-06-09,C,0.69,0.038700000,3,
2026-08-13,ADU,OPT,ADUM8 C0695,2028-06-09,C,0.695,0.036400000,3,
2026-08-13,ADU,OPT,ADUM8 C0700,2028-06-09,C,0.7,0.034100000,3,
2026-08-13,ADU,OPT,ADUM8 C0705,2028-06-09,C,0.705,0.032000000,3,
2026-08-13,ADU,OPT,ADUM8 C0710,2028-06-09,C,0.71,0.030100000,3,
2026-08-13,ADU,OPT,ADUM8 C0715,2028-06-09,C,0.715,0.028200000,3,
2026-08-13,ADU,OPT,ADUM8 C0720,2028-06-09,C,0.72,0.026400000,3,
2026-08-13,ADU,OPT,ADUM8 C0725,2028-06-09,C,0.725,0.024800000,3,
2026-08-13,ADU,OPT,ADUM8 C0730,2028-06-09,C,0.73,0.023300000,3,
2026-08-13,ADU,OPT,ADUM8 C0735,2028-06-09,C,0.735,0.021800000,3,
2026-08-13,ADU,OPT,ADUM8 C0740,2028-06-09,C,0.74,0.020500000,3,
2026-08-13,ADU,OPT,ADUM8 C0745,2028-06-09,C,0.745,0.019200000,3,
2026-08-13,ADU,OPT,ADUM8 C0750,2028-06-09,C,0.75,0.018000000,3,
2026-08-13,ADU,OPT,ADUM8 C0760,2028-06-09,C,0.76,0.015900000,3,
2026-08-13,ADU,OPT,ADUM8 C0770,2028-06-09,C,0.77,0.014100000,3,
2026-08-13,ADU,OPT,ADUM8 C0780,2028-06-09,C,0.78,0.012400000,3,
2026-08-13,ADU,OPT,ADUM8 C0790,2028-06-09,C,0.79,0.011000000,3,
2026-08-13,ADU,OPT,ADUM8 C0800,2028-06-09,C,0.8,0.009700000,3,
2026-08-13,ADU,OPT,ADUM8 C0810,2028-06-09,C,0.81,0.008600000,3,
2026-08-13,ADU,OPT,ADUM8 C0820,2028-06-09,C,0.82,0.007600000,3,
2026-08-13,ADU,OPT,ADUM8 C0830,2028-06-09,C,0.83,0.006800000,3,
2026-08-13,ADU,OPT,ADUM8 C0840,2028-06-09,C,0.84,0.006000000,3,
2026-08-13,ADU,OPT,ADUM8 C0850,2028-06-09,C,0.85,0.005400000,3,
2026-08-13,ADU,OPT,ADUM8 P0530,2028-06-09,P,0.53,0.001000000,3,
2026-08-13,ADU,OPT,ADUM8 P0540,2028-06-09,P,0.54,0.001400000,3,
2026-08-13,ADU,OPT,ADUM8 P0550,2028-06-09,P,0.55,0.001800000,3,
2026-08-13,ADU,OPT,ADUM8 P0560,2028-06-09,P,0.56,0.002400000,3,
2026-08-13,ADU,OPT,ADUM8 P0570,2028-06-09,P,0.57,0.003000000,3,
2026-08-13,ADU,OPT,ADUM8 P0580,2028-06-09,P,0.58,0.003900000,3,
2026-08-13,ADU,OPT,ADUM8 P0590,2028-06-09,P,0.59,0.004900000,3,
2026-08-13,ADU,OPT,ADUM8 P0600,2028-06-09,P,0.6,0.006100000,3,
2026-08-13,ADU,OPT,ADUM8 P0610,2028-06-09,P,0.61,0.007500000,3,
2026-08-13,ADU,OPT,ADUM8 P0620,2028-06-09,P,0.62,0.009200000,3,
2026-08-13,ADU,OPT,ADUM8 P0630,2028-06-09,P,0.63,0.011200000,3,
2026-08-13,ADU,OPT,ADUM8 P0635,2028-06-09,P,0.635,0.012300000,3,
2026-08-13,ADU,OPT,ADUM8 P0640,2028-06-09,P,0.64,0.013400000,3,
2026-08-13,ADU,OPT,ADUM8 P0645,2028-06-09,P,0.645,0.014700000,3,
2026-08-13,ADU,OPT,ADUM8 P0650,2028-06-09,P,0.65,0.016000000,3,
2026-08-13,ADU,OPT,ADUM8 P0655,2028-06-09,P,0.655,0.017400000,3,
2026-08-13,ADU,OPT,ADUM8 P0660,2028-06-09,P,0.66,0.019000000,3,
2026-08-13,ADU,OPT,ADUM8 P0665,2028-06-09,P,0.665,0.020600000,3,
2026-08-13,ADU,OPT,ADUM8 P0670,2028-06-09,P,0.67,0.022300000,3,
2026-08-13,ADU,OPT,ADUM8 P0675,2028-06-09,P,0.675,0.024100000,3,
2026-08-13,ADU,OPT,ADUM8 P0680,2028-06-09,P,0.68,0.026000000,3,
2026-08-13,ADU,OPT,ADUM8 P0685,2028-06-09,P,0.685,0.028100000,3,
2026-08-13,ADU,OPT,ADUM8 P0690,2028-06-09,P,0.69,0.030200000,3,
2026-08-13,ADU,OPT,ADUM8 P0695,2028-06-09,P,0.695,0.032500000,3,
2026-08-13,ADU,OPT,ADUM8 P0700,2028-06-09,P,0.7,0.034900000,3,
2026-08-13,ADU,OPT,ADUM8 P0705,2028-06-09,P,0.705,0.037500000,3,
2026-08-13,ADU,OPT,ADUM8 P0710,2028-06-09,P,0.71,0.040200000,3,
2026-08-13,ADU,OPT,ADUM8 P0715,2028-06-09,P,0.715,0.042900000,3,
2026-08-13,ADU,OPT,ADUM8 P0720,2028-06-09,P,0.72,0.045800000,3,
2026-08-13,ADU,OPT,ADUM8 P0725,2028-06-09,P,0.725,0.048800000,3,
2026-08-13,ADU,OPT,ADUM8 P0730,2028-06-09,P,0.73,0.051900000,3,
2026-08-13,ADU,OPT,ADUM8 P0735,2028-06-09,P,0.735,0.055200000,3,
2026-08-13,ADU,OPT,ADUM8 P0740,2028-06-09,P,0.74,0.058500000,3,
2026-08-13,ADU,OPT,ADUM8 P0745,2028-06-09,P,0.745,0.061900000,3,
2026-08-13,ADU,OPT,ADUM8 P0750,2028-06-09,P,0.75,0.065300000,3,
2026-08-13,ADU,OPT,ADUM8 P0760,2028-06-09,P,0.76,0.072500000,3,
2026-08-13,ADU,OPT,ADUM8 P0770,2028-06-09,P,0.77,0.079900000,3,
2026-08-13,ADU,OPT,ADUM8 P0780,2028-06-09,P,0.78,0.087600000,3,
2026-08-13,ADU,OPT,ADUM8 P0790,2028-06-09,P,0.79,0.095500000,3,
2026-08-13,ADU,OPT,ADUM8 P0800,2028-06-09,P,0.8,0.103500000,3,
2026-08-13,ADU,OPT,ADUM8 P0810,2028-06-09,P,0.81,0.111700000,3,
2026-08-13,ADU,OPT,ADUM8 P0820,2028-06-09,P,0.82,0.120000000,3,
2026-08-13,ADU,OPT,ADUM8 P0830,2028-06-09,P,0.83,0.128500000,3,
2026-08-13,ADU,OPT,ADUM8 P0840,2028-06-09,P,0.84,0.137000000,3,
2026-08-13,ADU,OPT,ADUM8 P0850,2028-06-09,P,0.85,0.145700000,3,
