session,root,type,symbol,expiry,right,strike,settle,settle_flag,oi
2026-08-13,CHU,OPT,CHUU6 C1070,2026-09-04,C,1.07,0.162200000,3,
2026-08-13,CHU,OPT,CHUU6 C1080,2026-09-04,C,1.08,0.152300000,3,
2026-08-13,CHU,OPT,CHUU6 C1090,2026-09-04,C,1.09,0.142300000,3,
2026-08-13,CHU,OPT,CHUU6 C1100,2026-09-04,C,1.1,0.132300000,3,
2026-08-13,CHU,OPT,CHUU6 C1110,2026-09-04,C,1.11,0.122300000,3,
2026-08-13,CHU,OPT,CHUU6 C1115,2026-09-04,C,1.115,0.117300000,3,
2026-08-13,CHU,OPT,CHUU6 C1120,2026-09-04,C,1.12,0.112400000,3,
2026-08-13,CHU,OPT,CHUU6 C1125,2026-09-04,C,1.125,0.107400000,3,
2026-08-13,CHU,OPT,CHUU6 C1130,2026-09-04,C,1.13,0.102400000,3,
2026-08-13,CHU,OPT,CHUU6 C1135,2026-09-04,C,1.135,0.097400000,3,
2026-08-13,CHU,OPT,CHUU6 C1140,2026-09-04,C,1.14,0.092400000,3,
2026-08-13,CHU,OPT,CHUU6 C1145,2026-09-04,C,1.145,0.087400000,3,
2026-08-13,CHU,OPT,CHUU6 C1150,2026-09-04,C,1.15,0.082400000,3,
2026-08-13,CHU,OPT,CHUU6 C1155,2026-09-04,C,1.155,0.077400000,3,
2026-08-13,CHU,OPT,CHUU6 C1160,2026-09-04,C,1.16,0.072400000,3,
2026-08-13,CHU,OPT,CHUU6 C1165,2026-09-04,C,1.165,0.067500000,3,
2026-08-13,CHU,OPT,CHUU6 C1170,2026-09-04,C,1.17,0.062500000,3,
2026-08-13,CHU,OPT,CHUU6 C1175,2026-09-04,C,1.175,0.057500000,3,
2026-08-13,CHU,OPT,CHUU6 C1180,2026-09-04,C,1.18,0.052500000,3,
2026-08-13,CHU,OPT,CHUU6 C1185,2026-09-04,C,1.185,0.047600000,3,
2026-08-13,CHU,OPT,CHUU6 C1190,2026-09-04,C,1.19,0.042600000,3,
2026-08-13,CHU,OPT,CHUU6 C1195,2026-09-04,C,1.195,0.037700000,3,
2026-08-13,CHU,OPT,CHUU6 C1200,2026-09-04,C,1.2,0.032900000,3,
2026-08-13,CHU,OPT,CHUU6 C1205,2026-09-04,C,1.205,0.028100000,3,
2026-08-13,CHU,OPT,CHUU6 C1210,2026-09-04,C,1.21,0.023500000,3,
2026-08-13,CHU,OPT,CHUU6 C1215,2026-09-04,C,1.215,0.019100000,3,
2026-08-13,CHU,OPT,CHUU6 C1220,2026-09-04,C,1.22,0.015000000,3,
2026-08-13,CHU,OPT,CHUU6 C1225,2026-09-04,C,1.225,0.011400000,3,
2026-08-13,CHU,OPT,CHUU6 C1230,2026-09-04,C,1.23,0.008300000,3,81
2026-08-13,CHU,OPT,CHUU6 C1235,2026-09-04,C,1.235,0.005800000,3,94
2026-08-13,CHU,OPT,CHUU6 C1240,2026-09-04,C,1.24,0.003900000,3,1478
2026-08-13,CHU,OPT,CHUU6 C1245,2026-09-04,C,1.245,0.002500000,3,201
2026-08-13,CHU,OPT,CHUU6 C1250,2026-09-04,C,1.25,0.001600000,3,2438
2026-08-13,CHU,OPT,CHUU6 C1255,2026-09-04,C,1.255,0.001100000,3,3809
2026-08-13,CHU,OPT,CHUU6 C1260,2026-09-04,C,1.26,0.000700000,3,51
2026-08-13,CHU,OPT,CHUU6 C1265,2026-09-04,C,1.265,0.000450000,3,14
2026-08-13,CHU,OPT,CHUU6 C1270,2026-09-04,C,1.27,0.000250000,3,461
2026-08-13,CHU,OPT,CHUU6 C1275,2026-09-04,C,1.275,0.000150000,3,215
2026-08-13,CHU,OPT,CHUU6 C1280,2026-09-04,C,1.28,0.000100000,3,80
2026-08-13,CHU,OPT,CHUU6 C1285,2026-09-04,C,1.285,0.000050000,3,9
2026-08-13,CHU,OPT,CHUU6 C1290,2026-09-04,C,1.29,0.000050000,3,78
2026-08-13,CHU,OPT,CHUU6 C1295,2026-09-04,C,1.295,0.000050000,3,77
2026-08-13,CHU,OPT,CHUU6 C1300,2026-09-04,C,1.3,0.000050000,3,28
2026-08-13,CHU,OPT,CHUU6 C1305,2026-09-04,C,1.305,0.000050000,3,29
2026-08-13,CHU,OPT,CHUU6 C1310,2026-09-04,C,1.31,0.000050000,3,45
2026-08-13,CHU,OPT,CHUU6 C1315,2026-09-04,C,1.315,0.000050000,3,33
2026-08-13,CHU,OPT,CHUU6 C1320,2026-09-04,C,1.32,0.000050000,3,45
2026-08-13,CHU,OPT,CHUU6 C1325,2026-09-04,C,1.325,0.000050000,3,48
2026-08-13,CHU,OPT,CHUU6 C1330,2026-09-04,C,1.33,0.000050000,3,2
2026-08-13,CHU,OPT,CHUU6 C1335,2026-09-04,C,1.335,0.000050000,3,
2026-08-13,CHU,OPT,CHUU6 C1340,2026-09-04,C,1.34,0.000050000,3,
2026-08-13,CHU,OPT,CHUU6 C1345,2026-09-04,C,1.345,0.000050000,3,4
2026-08-13,CHU,OPT,CHUU6 C1350,2026-09-04,C,1.35,0.000050000,3,3
2026-08-13,CHU,OPT,CHUU6 C1355,2026-09-04,C,1.355,0.000050000,3,5
2026-08-13,CHU,OPT,CHUU6 C1360,2026-09-04,C,1.36,0.000050000,3,1
2026-08-13,CHU,OPT,CHUU6 C1365,2026-09-04,C,1.365,0.000050000,3,
2026-08-13,CHU,OPT,CHUU6 C1370,2026-09-04,C,1.37,0.000050000,3,1
2026-08-13,CHU,OPT,CHUU6 C1375,2026-09-04,C,1.375,0.000050000,3,1
2026-08-13,CHU,OPT,CHUU6 C1380,2026-09-04,C,1.38,0.000050000,3,1
2026-08-13,CHU,OPT,CHUU6 C1385,2026-09-04,C,1.385,0.000050000,3,
2026-08-13,CHU,OPT,CHUU6 C1390,2026-09-04,C,1.39,0.000050000,3,1
2026-08-13,CHU,OPT,CHUU6 C1400,2026-09-04,C,1.4,0.000050000,3,2
2026-08-13,CHU,OPT,CHUU6 C1410,2026-09-04,C,1.41,0.000050000,3,1
2026-08-13,CHU,OPT,CHUU6 C1420,2026-09-04,C,1.42,0.000050000,3,2
2026-08-13,CHU,OPT,CHUU6 C1430,2026-09-04,C,1.43,0.000050000,3,6
2026-08-13,CHU,OPT,CHUU6 P1070,2026-09-04,P,1.07,0.000050000,3,
2026-08-13,CHU,OPT,CHUU6 P1080,2026-09-04,P,1.08,0.000050000,3,
2026-08-13,CHU,OPT,CHUU6 P1090,2026-09-04,P,1.09,0.000050000,3,
2026-08-13,CHU,OPT,CHUU6 P1100,2026-09-04,P,1.1,0.000050000,3,
2026-08-13,CHU,OPT,CHUU6 P1110,2026-09-04,P,1.11,0.000050000,3,
2026-08-13,CHU,OPT,CHUU6 P1115,2026-09-04,P,1.115,0.000050000,3,
2026-08-13,CHU,OPT,CHUU6 P1120,2026-09-04,P,1.12,0.000050000,3,
2026-08-13,CHU,OPT,CHUU6 P1125,2026-09-04,P,1.125,0.000050000,3,
2026-08-13,CHU,OPT,CHUU6 P1130,2026-09-04,P,1.13,0.000050000,3,
2026-08-13,CHU,OPT,CHUU6 P1135,2026-09-04,P,1.135,0.000050000,3,5
2026-08-13,CHU,OPT,CHUU6 P1140,2026-09-04,P,1.14,0.000050000,3,1
2026-08-13,CHU,OPT,CHUU6 P1145,2026-09-04,P,1.145,0.000050000,3,
2026-08-13,CHU,OPT,CHUU6 P1150,2026-09-04,P,1.15,0.000050000,3,2
2026-08-13,CHU,OPT,CHUU6 P1155,2026-09-04,P,1.155,0.000050000,3,1
2026-08-13,CHU,OPT,CHUU6 P1160,2026-09-04,P,1.16,0.000050000,3,
2026-08-13,CHU,OPT,CHUU6 P1165,2026-09-04,P,1.165,0.000050000,3,
2026-08-13,CHU,OPT,CHUU6 P1170,2026-09-04,P,1.17,0.000050000,3,5
2026-08-13,CHU,OPT,CHUU6 P1175,2026-09-04,P,1.175,0.000050000,3,
2026-08-13,CHU,OPT,CHUU6 P1180,2026-09-04,P,1.18,0.000050000,3,9
2026-08-13,CHU,OPT,CHUU6 P1185,2026-09-04,P,1.185,0.000050000,3,
2026-08-13,CHU,OPT,CHUU6 P1190,2026-09-04,P,1.19,0.000150000,3,
2026-08-13,CHU,OPT,CHUU6 P1195,2026-09-04,P,1.195,0.000200000,3,2
2026-08-13,CHU,OPT,CHUU6 P1200,2026-09-04,P,1.2,0.000350000,3,20
2026-08-13,CHU,OPT,CHUU6 P1205,2026-09-04,P,1.205,0.000600000,3,1
2026-08-13,CHU,OPT,CHUU6 P1210,2026-09-04,P,1.21,0.001000000,3,5
2026-08-13,CHU,OPT,CHUU6 P1215,2026-09-04,P,1.215,0.001600000,3,15
2026-08-13,CHU,OPT,CHUU6 P1220,2026-09-04,P,1.22,0.002500000,3,12
2026-08-13,CHU,OPT,CHUU6 P1225,2026-09-04,P,1.225,0.003800000,3,19
2026-08-13,CHU,OPT,CHUU6 P1230,2026-09-04,P,1.23,0.005700000,3,86
2026-08-13,CHU,OPT,CHUU6 P1235,2026-09-04,P,1.235,0.008200000,3,341
2026-08-13,CHU,OPT,CHUU6 P1240,2026-09-04,P,1.24,0.011300000,3,596
2026-08-13,CHU,OPT,CHUU6 P1245,2026-09-04,P,1.245,0.014900000,3,172
2026-08-13,CHU,OPT,CHUU6 P1250,2026-09-04,P,1.25,0.019000000,3,204
2026-08-13,CHU,OPT,CHUU6 P1255,2026-09-04,P,1.255,0.023400000,3,192
2026-08-13,CHU,OPT,CHUU6 P1260,2026-09-04,P,1.26,0.028000000,3,157
2026-08-13,CHU,OPT,CHUU6 P1265,2026-09-04,P,1.265,0.032800000,3,39
2026-08-13,CHU,OPT,CHUU6 P1270,2026-09-04,P,1.27,0.037600000,3,12
2026-08-13,CHU,OPT,CHUU6 P1275,2026-09-04,P,1.275,0.042500000,3,7
2026-08-13,CHU,OPT,CHUU6 P1280,2026-09-04,P,1.28,0.047400000,3,676
2026-08-13,CHU,OPT,CHUU6 P1285,2026-09-04,P,1.285,0.052300000,3,39
2026-08-13,CHU,OPT,CHUU6 P1290,2026-09-04,P,1.29,0.057300000,3,36
2026-08-13,CHU,OPT,CHUU6 P1295,2026-09-04,P,1.295,0.062300000,3,22
2026-08-13,CHU,OPT,CHUU6 P1300,2026-09-04,P,1.3,0.067300000,3,55
2026-08-13,CHU,OPT,CHUU6 P1305,2026-09-04,P,1.305,0.072200000,3,
2026-08-13,CHU,OPT,CHUU6 P1310,2026-09-04,P,1.31,0.077200000,3,
2026-08-13,CHU,OPT,CHUU6 P1315,2026-09-04,P,1.315,0.082200000,3,
2026-08-13,CHU,OPT,CHUU6 P1320,2026-09-04,P,1.32,0.087200000,3,
2026-08-13,CHU,OPT,CHUU6 P1325,2026-09-04,P,1.325,0.092200000,3,
2026-08-13,CHU,OPT,CHUU6 P1330,2026-09-04,P,1.33,0.097200000,3,
2026-08-13,CHU,OPT,CHUU6 P1335,2026-09-04,P,1.335,0.102200000,3,
2026-08-13,CHU,OPT,CHUU6 P1340,2026-09-04,P,1.34,0.107200000,3,
2026-08-13,CHU,OPT,CHUU6 P1345,2026-09-04,P,1.345,0.112200000,3,
2026-08-13,CHU,OPT,CHUU6 P1350,2026-09-04,P,1.35,0.117100000,3,
2026-08-13,CHU,OPT,CHUU6 P1355,2026-09-04,P,1.355,0.122100000,3,
2026-08-13,CHU,OPT,CHUU6 P1360,2026-09-04,P,1.36,0.127100000,3,
2026-08-13,CHU,OPT,CHUU6 P1365,2026-09-04,P,1.365,0.132100000,3,
2026-08-13,CHU,OPT,CHUU6 P1370,2026-09-04,P,1.37,0.137100000,3,
2026-08-13,CHU,OPT,CHUU6 P1375,2026-09-04,P,1.375,0.142100000,3,
2026-08-13,CHU,OPT,CHUU6 P1380,2026-09-04,P,1.38,0.147100000,3,
2026-08-13,CHU,OPT,CHUU6 P1385,2026-09-04,P,1.385,0.152100000,3,
2026-08-13,CHU,OPT,CHUU6 P1390,2026-09-04,P,1.39,0.157100000,3,
2026-08-13,CHU,OPT,CHUU6 P1400,2026-09-04,P,1.4,0.167000000,3,
2026-08-13,CHU,OPT,CHUU6 P1410,2026-09-04,P,1.41,0.177000000,3,1
2026-08-13,CHU,OPT,CHUU6 P1420,2026-09-04,P,1.42,0.187000000,3,
2026-08-13,CHU,OPT,CHUU6 P1430,2026-09-04,P,1.43,0.197000000,3,
2026-08-13,CHU,OPT,CHUV6 C1140,2026-10-09,C,1.14,0.104600000,3,
2026-08-13,CHU,OPT,CHUV6 C1150,2026-10-09,C,1.15,0.094700000,3,
2026-08-13,CHU,OPT,CHUV6 C1160,2026-10-09,C,1.16,0.084800000,3,
2026-08-13,CHU,OPT,CHUV6 C1170,2026-10-09,C,1.17,0.074900000,3,
2026-08-13,CHU,OPT,CHUV6 C1180,2026-10-09,C,1.18,0.065000000,3,
2026-08-13,CHU,OPT,CHUV6 C1190,2026-10-09,C,1.19,0.055300000,3,
2026-08-13,CHU,OPT,CHUV6 C1195,2026-10-09,C,1.195,0.050500000,3,
2026-08-13,CHU,OPT,CHUV6 C1200,2026-10-09,C,1.2,0.045900000,3,
2026-08-13,CHU,OPT,CHUV6 C1205,2026-10-09,C,1.205,0.041400000,3,
2026-08-13,CHU,OPT,CHUV6 C1210,2026-10-09,C,1.21,0.037000000,3,
2026-08-13,CHU,OPT,CHUV6 C1215,2026-10-09,C,1.215,0.032700000,3,
2026-08-13,CHU,OPT,CHUV6 C1220,2026-10-09,C,1.22,0.028600000,3,
2026-08-13,CHU,OPT,CHUV6 C1225,2026-10-09,C,1.225,0.024700000,3,
2026-08-13,CHU,OPT,CHUV6 C1230,2026-10-09,C,1.23,0.021100000,3,
2026-08-13,CHU,OPT,CHUV6 C1235,2026-10-09,C,1.235,0.017700000,3,
2026-08-13,CHU,OPT,CHUV6 C1240,2026-10-09,C,1.24,0.014700000,3,
2026-08-13,CHU,OPT,CHUV6 C1245,2026-10-09,C,1.245,0.012100000,3,47
2026-08-13,CHU,OPT,CHUV6 C1250,2026-10-09,C,1.25,0.009800000,3,183
2026-08-13,CHU,OPT,CHUV6 C1255,2026-10-09,C,1.255,0.007900000,3,1097
2026-08-13,CHU,OPT,CHUV6 C1260,2026-10-09,C,1.26,0.006300000,3,35
2026-08-13,CHU,OPT,CHUV6 C1265,2026-10-09,C,1.265,0.005000000,3,1
2026-08-13,CHU,OPT,CHUV6 C1270,2026-10-09,C,1.27,0.004000000,3,
2026-08-13,CHU,OPT,CHUV6 C1275,2026-10-09,C,1.275,0.003100000,3,1
2026-08-13,CHU,OPT,CHUV6 C1280,2026-10-09,C,1.28,0.002400000,3,1
2026-08-13,CHU,OPT,CHUV6 C1285,2026-10-09,C,1.285,0.001900000,3,2
2026-08-13,CHU,OPT,CHUV6 C1290,2026-10-09,C,1.29,0.001500000,3,3
2026-08-13,CHU,OPT,CHUV6 C1295,2026-10-09,C,1.295,0.001200000,3,4
2026-08-13,CHU,OPT,CHUV6 C1300,2026-10-09,C,1.3,0.000900000,3,10
2026-08-13,CHU,OPT,CHUV6 C1305,2026-10-09,C,1.305,0.000700000,3,1
2026-08-13,CHU,OPT,CHUV6 C1310,2026-10-09,C,1.31,0.000600000,3,
2026-08-13,CHU,OPT,CHUV6 C1315,2026-10-09,C,1.315,0.000500000,3,11
2026-08-13,CHU,OPT,CHUV6 C1320,2026-10-09,C,1.32,0.000450000,3,13
2026-08-13,CHU,OPT,CHUV6 C1325,2026-10-09,C,1.325,0.000350000,3,11
2026-08-13,CHU,OPT,CHUV6 C1330,2026-10-09,C,1.33,0.000300000,3,1
2026-08-13,CHU,OPT,CHUV6 C1335,2026-10-09,C,1.335,0.000300000,3,
2026-08-13,CHU,OPT,CHUV6 C1340,2026-10-09,C,1.34,0.000250000,3,
2026-08-13,CHU,OPT,CHUV6 C1345,2026-10-09,C,1.345,0.000200000,3,
2026-08-13,CHU,OPT,CHUV6 C1350,2026-10-09,C,1.35,0.000200000,3,
2026-08-13,CHU,OPT,CHUV6 C1355,2026-10-09,C,1.355,0.000150000,3,
2026-08-13,CHU,OPT,CHUV6 C1360,2026-10-09,C,1.36,0.000150000,3,2
2026-08-13,CHU,OPT,CHUV6 C1365,2026-10-09,C,1.365,0.000100000,3,
2026-08-13,CHU,OPT,CHUV6 C1370,2026-10-09,C,1.37,0.000100000,3,
2026-08-13,CHU,OPT,CHUV6 C1375,2026-10-09,C,1.375,0.000100000,3,
2026-08-13,CHU,OPT,CHUV6 C1380,2026-10-09,C,1.38,0.000100000,3,245
2026-08-13,CHU,OPT,CHUV6 C1385,2026-10-09,C,1.385,0.000100000,3,
2026-08-13,CHU,OPT,CHUV6 C1390,2026-10-09,C,1.39,0.000050000,3,
2026-08-13,CHU,OPT,CHUV6 C1395,2026-10-09,C,1.395,0.000050000,3,
2026-08-13,CHU,OPT,CHUV6 C1400,2026-10-09,C,1.4,0.000050000,3,1
2026-08-13,CHU,OPT,CHUV6 C1410,2026-10-09,C,1.41,0.000050000,3,
2026-08-13,CHU,OPT,CHUV6 C1420,2026-10-09,C,1.42,0.000050000,3,
2026-08-13,CHU,OPT,CHUV6 C1430,2026-10-09,C,1.43,0.000050000,3,
2026-08-13,CHU,OPT,CHUV6 C1440,2026-10-09,C,1.44,0.000050000,3,
2026-08-13,CHU,OPT,CHUV6 C1450,2026-10-09,C,1.45,0.000050000,3,1
2026-08-13,CHU,OPT,CHUV6 P1140,2026-10-09,P,1.14,0.000050000,3,
2026-08-13,CHU,OPT,CHUV6 P1150,2026-10-09,P,1.15,0.000100000,3,
2026-08-13,CHU,OPT,CHUV6 P1160,2026-10-09,P,1.16,0.000200000,3,1
2026-08-13,CHU,OPT,CHUV6 P1170,2026-10-09,P,1.17,0.000200000,3,1
2026-08-13,CHU,OPT,CHUV6 P1180,2026-10-09,P,1.18,0.000250000,3,17
2026-08-13,CHU,OPT,CHUV6 P1190,2026-10-09,P,1.19,0.000500000,3,2
2026-08-13,CHU,OPT,CHUV6 P1195,2026-10-09,P,1.195,0.000700000,3,1
2026-08-13,CHU,OPT,CHUV6 P1200,2026-10-09,P,1.2,0.001100000,3,255
2026-08-13,CHU,OPT,CHUV6 P1205,2026-10-09,P,1.205,0.001500000,3,
2026-08-13,CHU,OPT,CHUV6 P1210,2026-10-09,P,1.21,0.002100000,3,
2026-08-13,CHU,OPT,CHUV6 P1215,2026-10-09,P,1.215,0.002800000,3,3
2026-08-13,CHU,OPT,CHUV6 P1220,2026-10-09,P,1.22,0.003600000,3,251
2026-08-13,CHU,OPT,CHUV6 P1225,2026-10-09,P,1.225,0.004700000,3,10
2026-08-13,CHU,OPT,CHUV6 P1230,2026-10-09,P,1.23,0.006000000,3,12
2026-08-13,CHU,OPT,CHUV6 P1235,2026-10-09,P,1.235,0.007700000,3,1
2026-08-13,CHU,OPT,CHUV6 P1240,2026-10-09,P,1.24,0.009700000,3,7
2026-08-13,CHU,OPT,CHUV6 P1245,2026-10-09,P,1.245,0.012000000,3,1
2026-08-13,CHU,OPT,CHUV6 P1250,2026-10-09,P,1.25,0.014700000,3,88
2026-08-13,CHU,OPT,CHUV6 P1255,2026-10-09,P,1.255,0.017800000,3,1141
2026-08-13,CHU,OPT,CHUV6 P1260,2026-10-09,P,1.26,0.021100000,3,72
2026-08-13,CHU,OPT,CHUV6 P1265,2026-10-09,P,1.265,0.024800000,3,116
2026-08-13,CHU,OPT,CHUV6 P1270,2026-10-09,P,1.27,0.028700000,3,190
2026-08-13,CHU,OPT,CHUV6 P1275,2026-10-09,P,1.275,0.032800000,3,66
2026-08-13,CHU,OPT,CHUV6 P1280,2026-10-09,P,1.28,0.037100000,3,187
2026-08-13,CHU,OPT,CHUV6 P1285,2026-10-09,P,1.285,0.041500000,3,48
2026-08-13,CHU,OPT,CHUV6 P1290,2026-10-09,P,1.29,0.046100000,3,22
2026-08-13,CHU,OPT,CHUV6 P1295,2026-10-09,P,1.295,0.050800000,3,152
2026-08-13,CHU,OPT,CHUV6 P1300,2026-10-09,P,1.3,0.055500000,3,
2026-08-13,CHU,OPT,CHUV6 P1305,2026-10-09,P,1.305,0.060300000,3,1
2026-08-13,CHU,OPT,CHUV6 P1310,2026-10-09,P,1.31,0.065100000,3,
2026-08-13,CHU,OPT,CHUV6 P1315,2026-10-09,P,1.315,0.070000000,3,
2026-08-13,CHU,OPT,CHUV6 P1320,2026-10-09,P,1.32,0.074900000,3,
2026-08-13,CHU,OPT,CHUV6 P1325,2026-10-09,P,1.325,0.079800000,3,
2026-08-13,CHU,OPT,CHUV6 P1330,2026-10-09,P,1.33,0.084700000,3,
2026-08-13,CHU,OPT,CHUV6 P1335,2026-10-09,P,1.335,0.089700000,3,
2026-08-13,CHU,OPT,CHUV6 P1340,2026-10-09,P,1.34,0.094600000,3,10
2026-08-13,CHU,OPT,CHUV6 P1345,2026-10-09,P,1.345,0.099500000,3,
2026-08-13,CHU,OPT,CHUV6 P1350,2026-10-09,P,1.35,0.104500000,3,
2026-08-13,CHU,OPT,CHUV6 P1355,2026-10-09,P,1.355,0.109400000,3,
2026-08-13,CHU,OPT,CHUV6 P1360,2026-10-09,P,1.36,0.114400000,3,
2026-08-13,CHU,OPT,CHUV6 P1365,2026-10-09,P,1.365,0.119300000,3,
2026-08-13,CHU,OPT,CHUV6 P1370,2026-10-09,P,1.37,0.124300000,3,
2026-08-13,CHU,OPT,CHUV6 P1375,2026-10-09,P,1.375,0.129300000,3,
2026-08-13,CHU,OPT,CHUV6 P1380,2026-10-09,P,1.38,0.134200000,3,
2026-08-13,CHU,OPT,CHUV6 P1385,2026-10-09,P,1.385,0.139200000,3,1
2026-08-13,CHU,OPT,CHUV6 P1390,2026-10-09,P,1.39,0.144100000,3,
2026-08-13,CHU,OPT,CHUV6 P1395,2026-10-09,P,1.395,0.149100000,3,
2026-08-13,CHU,OPT,CHUV6 P1400,2026-10-09,P,1.4,0.154100000,3,
2026-08-13,CHU,OPT,CHUV6 P1410,2026-10-09,P,1.41,0.164000000,3,
2026-08-13,CHU,OPT,CHUV6 P1420,2026-10-09,P,1.42,0.173900000,3,
2026-08-13,CHU,OPT,CHUV6 P1430,2026-10-09,P,1.43,0.183800000,3,
2026-08-13,CHU,OPT,CHUV6 P1440,2026-10-09,P,1.44,0.193800000,3,
2026-08-13,CHU,OPT,CHUV6 P1450,2026-10-09,P,1.45,0.203700000,3,
2026-08-13,CHU,OPT,CHUX6 C1140,2026-11-06,C,1.14,0.104300000,3,
2026-08-13,CHU,OPT,CHUX6 C1150,2026-11-06,C,1.15,0.094500000,3,
2026-08-13,CHU,OPT,CHUX6 C1160,2026-11-06,C,1.16,0.084700000,3,
2026-08-13,CHU,OPT,CHUX6 C1170,2026-11-06,C,1.17,0.075100000,3,
2026-08-13,CHU,OPT,CHUX6 C1180,2026-11-06,C,1.18,0.065500000,3,
2026-08-13,CHU,OPT,CHUX6 C1190,2026-11-06,C,1.19,0.056200000,3,
2026-08-13,CHU,OPT,CHUX6 C1195,2026-11-06,C,1.195,0.051700000,3,
2026-08-13,CHU,OPT,CHUX6 C1200,2026-11-06,C,1.2,0.047300000,3,
2026-08-13,CHU,OPT,CHUX6 C1205,2026-11-06,C,1.205,0.043000000,3,
2026-08-13,CHU,OPT,CHUX6 C1210,2026-11-06,C,1.21,0.038800000,3,
2026-08-13,CHU,OPT,CHUX6 C1215,2026-11-06,C,1.215,0.034800000,3,
2026-08-13,CHU,OPT,CHUX6 C1220,2026-11-06,C,1.22,0.031000000,3,
2026-08-13,CHU,OPT,CHUX6 C1225,2026-11-06,C,1.225,0.027400000,3,
2026-08-13,CHU,OPT,CHUX6 C1230,2026-11-06,C,1.23,0.024000000,3,
2026-08-13,CHU,OPT,CHUX6 C1235,2026-11-06,C,1.235,0.020900000,3,
2026-08-13,CHU,OPT,CHUX6 C1240,2026-11-06,C,1.24,0.018000000,3,
2026-08-13,CHU,OPT,CHUX6 C1245,2026-11-06,C,1.245,0.015400000,3,
2026-08-13,CHU,OPT,CHUX6 C1250,2026-11-06,C,1.25,0.013100000,3,1
2026-08-13,CHU,OPT,CHUX6 C1255,2026-11-06,C,1.255,0.011100000,3,
2026-08-13,CHU,OPT,CHUX6 C1260,2026-11-06,C,1.26,0.009400000,3,
2026-08-13,CHU,OPT,CHUX6 C1265,2026-11-06,C,1.265,0.007900000,3,2
2026-08-13,CHU,OPT,CHUX6 C1270,2026-11-06,C,1.27,0.006600000,3,
2026-08-13,CHU,OPT,CHUX6 C1275,2026-11-06,C,1.275,0.005500000,3,
2026-08-13,CHU,OPT,CHUX6 C1280,2026-11-06,C,1.28,0.004600000,3,3
2026-08-13,CHU,OPT,CHUX6 C1285,2026-11-06,C,1.285,0.003800000,3,2
2026-08-13,CHU,OPT,CHUX6 C1290,2026-11-06,C,1.29,0.003200000,3,1
2026-08-13,CHU,OPT,CHUX6 C1295,2026-11-06,C,1.295,0.002600000,3,
2026-08-13,CHU,OPT,CHUX6 C1300,2026-11-06,C,1.3,0.002200000,3,
2026-08-13,CHU,OPT,CHUX6 C1305,2026-11-06,C,1.305,0.001800000,3,
2026-08-13,CHU,OPT,CHUX6 C1310,2026-11-06,C,1.31,0.001500000,3,1
2026-08-13,CHU,OPT,CHUX6 C1315,2026-11-06,C,1.315,0.001300000,3,
2026-08-13,CHU,OPT,CHUX6 C1320,2026-11-06,C,1.32,0.001000000,3,
2026-08-13,CHU,OPT,CHUX6 C1325,2026-11-06,C,1.325,0.000900000,3,1
2026-08-13,CHU,OPT,CHUX6 C1330,2026-11-06,C,1.33,0.000800000,3,
2026-08-13,CHU,OPT,CHUX6 C1335,2026-11-06,C,1.335,0.000600000,3,
2026-08-13,CHU,OPT,CHUX6 C1340,2026-11-06,C,1.34,0.000600000,3,
2026-08-13,CHU,OPT,CHUX6 C1345,2026-11-06,C,1.345,0.000500000,3,
2026-08-13,CHU,OPT,CHUX6 C1350,2026-11-06,C,1.35,0.000450000,3,
2026-08-13,CHU,OPT,CHUX6 C1355,2026-11-06,C,1.355,0.000400000,3,
2026-08-13,CHU,OPT,CHUX6 C1360,2026-11-06,C,1.36,0.000350000,3,
2026-08-13,CHU,OPT,CHUX6 C1365,2026-11-06,C,1.365,0.000300000,3,2
2026-08-13,CHU,OPT,CHUX6 C1370,2026-11-06,C,1.37,0.000300000,3,4
2026-08-13,CHU,OPT,CHUX6 C1375,2026-11-06,C,1.375,0.000250000,3,12
2026-08-13,CHU,OPT,CHUX6 C1380,2026-11-06,C,1.38,0.000250000,3,
2026-08-13,CHU,OPT,CHUX6 C1385,2026-11-06,C,1.385,0.000200000,3,
2026-08-13,CHU,OPT,CHUX6 C1390,2026-11-06,C,1.39,0.000200000,3,1
2026-08-13,CHU,OPT,CHUX6 C1395,2026-11-06,C,1.395,0.000200000,3,
2026-08-13,CHU,OPT,CHUX6 C1400,2026-11-06,C,1.4,0.000150000,3,1
2026-08-13,CHU,OPT,CHUX6 C1410,2026-11-06,C,1.41,0.000100000,3,
2026-08-13,CHU,OPT,CHUX6 C1420,2026-11-06,C,1.42,0.000100000,3,
2026-08-13,CHU,OPT,CHUX6 C1430,2026-11-06,C,1.43,0.000050000,3,
2026-08-13,CHU,OPT,CHUX6 C1440,2026-11-06,C,1.44,0.000050000,3,
2026-08-13,CHU,OPT,CHUX6 C1450,2026-11-06,C,1.45,0.000050000,3,2
2026-08-13,CHU,OPT,CHUX6 P1140,2026-11-06,P,1.14,0.000150000,3,2
2026-08-13,CHU,OPT,CHUX6 P1150,2026-11-06,P,1.15,0.000200000,3,
2026-08-13,CHU,OPT,CHUX6 P1160,2026-11-06,P,1.16,0.000350000,3,
2026-08-13,CHU,OPT,CHUX6 P1170,2026-11-06,P,1.17,0.000600000,3,
2026-08-13,CHU,OPT,CHUX6 P1180,2026-11-06,P,1.18,0.001000000,3,3
2026-08-13,CHU,OPT,CHUX6 P1190,2026-11-06,P,1.19,0.001600000,3,
2026-08-13,CHU,OPT,CHUX6 P1195,2026-11-06,P,1.195,0.002000000,3,
2026-08-13,CHU,OPT,CHUX6 P1200,2026-11-06,P,1.2,0.002600000,3,
2026-08-13,CHU,OPT,CHUX6 P1205,2026-11-06,P,1.205,0.003200000,3,
2026-08-13,CHU,OPT,CHUX6 P1210,2026-11-06,P,1.21,0.004000000,3,100
2026-08-13,CHU,OPT,CHUX6 P1215,2026-11-06,P,1.215,0.005000000,3,
2026-08-13,CHU,OPT,CHUX6 P1220,2026-11-06,P,1.22,0.006100000,3,1
2026-08-13,CHU,OPT,CHUX6 P1225,2026-11-06,P,1.225,0.007500000,3,1
2026-08-13,CHU,OPT,CHUX6 P1230,2026-11-06,P,1.23,0.009000000,3,16
2026-08-13,CHU,OPT,CHUX6 P1235,2026-11-06,P,1.235,0.010800000,3,
2026-08-13,CHU,OPT,CHUX6 P1240,2026-11-06,P,1.24,0.012900000,3,
2026-08-13,CHU,OPT,CHUX6 P1245,2026-11-06,P,1.245,0.015300000,3,
2026-08-13,CHU,OPT,CHUX6 P1250,2026-11-06,P,1.25,0.018000000,3,1
2026-08-13,CHU,OPT,CHUX6 P1255,2026-11-06,P,1.255,0.020900000,3,
2026-08-13,CHU,OPT,CHUX6 P1260,2026-11-06,P,1.26,0.024100000,3,
2026-08-13,CHU,OPT,CHUX6 P1265,2026-11-06,P,1.265,0.027600000,3,
2026-08-13,CHU,OPT,CHUX6 P1270,2026-11-06,P,1.27,0.031300000,3,
2026-08-13,CHU,OPT,CHUX6 P1275,2026-11-06,P,1.275,0.035100000,3,
2026-08-13,CHU,OPT,CHUX6 P1280,2026-11-06,P,1.28,0.039200000,3,
2026-08-13,CHU,OPT,CHUX6 P1285,2026-11-06,P,1.285,0.043400000,3,
2026-08-13,CHU,OPT,CHUX6 P1290,2026-11-06,P,1.29,0.047700000,3,
2026-08-13,CHU,OPT,CHUX6 P1295,2026-11-06,P,1.295,0.052100000,3,
2026-08-13,CHU,OPT,CHUX6 P1300,2026-11-06,P,1.3,0.056600000,3,120
2026-08-13,CHU,OPT,CHUX6 P1305,2026-11-06,P,1.305,0.061200000,3,
2026-08-13,CHU,OPT,CHUX6 P1310,2026-11-06,P,1.31,0.065900000,3,
2026-08-13,CHU,OPT,CHUX6 P1315,2026-11-06,P,1.315,0.070600000,3,
2026-08-13,CHU,OPT,CHUX6 P1320,2026-11-06,P,1.32,0.075300000,3,
2026-08-13,CHU,OPT,CHUX6 P1325,2026-11-06,P,1.325,0.080100000,3,
2026-08-13,CHU,OPT,CHUX6 P1330,2026-11-06,P,1.33,0.084900000,3,
2026-08-13,CHU,OPT,CHUX6 P1335,2026-11-06,P,1.335,0.089800000,3,
2026-08-13,CHU,OPT,CHUX6 P1340,2026-11-06,P,1.34,0.094700000,3,
2026-08-13,CHU,OPT,CHUX6 P1345,2026-11-06,P,1.345,0.099500000,3,
2026-08-13,CHU,OPT,CHUX6 P1350,2026-11-06,P,1.35,0.104400000,3,
2026-08-13,CHU,OPT,CHUX6 P1355,2026-11-06,P,1.355,0.109400000,3,
2026-08-13,CHU,OPT,CHUX6 P1360,2026-11-06,P,1.36,0.114300000,3,
2026-08-13,CHU,OPT,CHUX6 P1365,2026-11-06,P,1.365,0.119200000,3,
2026-08-13,CHU,OPT,CHUX6 P1370,2026-11-06,P,1.37,0.124100000,3,
2026-08-13,CHU,OPT,CHUX6 P1375,2026-11-06,P,1.375,0.129000000,3,
2026-08-13,CHU,OPT,CHUX6 P1380,2026-11-06,P,1.38,0.134000000,3,
2026-08-13,CHU,OPT,CHUX6 P1385,2026-11-06,P,1.385,0.138900000,3,
2026-08-13,CHU,OPT,CHUX6 P1390,2026-11-06,P,1.39,0.143900000,3,
2026-08-13,CHU,OPT,CHUX6 P1395,2026-11-06,P,1.395,0.148800000,3,
2026-08-13,CHU,OPT,CHUX6 P1400,2026-11-06,P,1.4,0.153700000,3,
2026-08-13,CHU,OPT,CHUX6 P1410,2026-11-06,P,1.41,0.163600000,3,
2026-08-13,CHU,OPT,CHUX6 P1420,2026-11-06,P,1.42,0.173500000,3,
2026-08-13,CHU,OPT,CHUX6 P1430,2026-11-06,P,1.43,0.183400000,3,
2026-08-13,CHU,OPT,CHUX6 P1440,2026-11-06,P,1.44,0.193300000,3,
2026-08-13,CHU,OPT,CHUX6 P1450,2026-11-06,P,1.45,0.203200000,3,
2026-08-13,CHU,OPT,CHUZ6 C1080,2026-12-04,C,1.08,0.163200000,3,
2026-08-13,CHU,OPT,CHUZ6 C1090,2026-12-04,C,1.09,0.153400000,3,
2026-08-13,CHU,OPT,CHUZ6 C1100,2026-12-04,C,1.1,0.143500000,3,
2026-08-13,CHU,OPT,CHUZ6 C1110,2026-12-04,C,1.11,0.133700000,3,
2026-08-13,CHU,OPT,CHUZ6 C1120,2026-12-04,C,1.12,0.123900000,3,
2026-08-13,CHU,OPT,CHUZ6 C1130,2026-12-04,C,1.13,0.114100000,3,
2026-08-13,CHU,OPT,CHUZ6 C1135,2026-12-04,C,1.135,0.109200000,3,
2026-08-13,CHU,OPT,CHUZ6 C1140,2026-12-04,C,1.14,0.104300000,3,
2026-08-13,CHU,OPT,CHUZ6 C1145,2026-12-04,C,1.145,0.099500000,3,
2026-08-13,CHU,OPT,CHUZ6 C1150,2026-12-04,C,1.15,0.094600000,3,
2026-08-13,CHU,OPT,CHUZ6 C1155,2026-12-04,C,1.155,0.089800000,3,
2026-08-13,CHU,OPT,CHUZ6 C1160,2026-12-04,C,1.16,0.085000000,3,
2026-08-13,CHU,OPT,CHUZ6 C1165,2026-12-04,C,1.165,0.080200000,3,
2026-08-13,CHU,OPT,CHUZ6 C1170,2026-12-04,C,1.17,0.075500000,3,
2026-08-13,CHU,OPT,CHUZ6 C1175,2026-12-04,C,1.175,0.070800000,3,
2026-08-13,CHU,OPT,CHUZ6 C1180,2026-12-04,C,1.18,0.066200000,3,
2026-08-13,CHU,OPT,CHUZ6 C1185,2026-12-04,C,1.185,0.061600000,3,
2026-08-13,CHU,OPT,CHUZ6 C1190,2026-12-04,C,1.19,0.057100000,3,
2026-08-13,CHU,OPT,CHUZ6 C1195,2026-12-04,C,1.195,0.052800000,3,
2026-08-13,CHU,OPT,CHUZ6 C1200,2026-12-04,C,1.2,0.048500000,3,
2026-08-13,CHU,OPT,CHUZ6 C1205,2026-12-04,C,1.205,0.044400000,3,4000
2026-08-13,CHU,OPT,CHUZ6 C1210,2026-12-04,C,1.21,0.040400000,3,4001
2026-08-13,CHU,OPT,CHUZ6 C1215,2026-12-04,C,1.215,0.036600000,3,
2026-08-13,CHU,OPT,CHUZ6 C1220,2026-12-04,C,1.22,0.032900000,3,
2026-08-13,CHU,OPT,CHUZ6 C1225,2026-12-04,C,1.225,0.029400000,3,
2026-08-13,CHU,OPT,CHUZ6 C1230,2026-12-04,C,1.23,0.026100000,3,
2026-08-13,CHU,OPT,CHUZ6 C1235,2026-12-04,C,1.235,0.023100000,3,
2026-08-13,CHU,OPT,CHUZ6 C1240,2026-12-04,C,1.24,0.020300000,3,
2026-08-13,CHU,OPT,CHUZ6 C1245,2026-12-04,C,1.245,0.017800000,3,1
2026-08-13,CHU,OPT,CHUZ6 C1250,2026-12-04,C,1.25,0.015600000,3,1
2026-08-13,CHU,OPT,CHUZ6 C1255,2026-12-04,C,1.255,0.013600000,3,
2026-08-13,CHU,OPT,CHUZ6 C1260,2026-12-04,C,1.26,0.011800000,3,41
2026-08-13,CHU,OPT,CHUZ6 C1265,2026-12-04,C,1.265,0.010200000,3,14
2026-08-13,CHU,OPT,CHUZ6 C1270,2026-12-04,C,1.27,0.008800000,3,1
2026-08-13,CHU,OPT,CHUZ6 C1275,2026-12-04,C,1.275,0.007600000,3,1
2026-08-13,CHU,OPT,CHUZ6 C1280,2026-12-04,C,1.28,0.006500000,3,2
2026-08-13,CHU,OPT,CHUZ6 C1285,2026-12-04,C,1.285,0.005600000,3,
2026-08-13,CHU,OPT,CHUZ6 C1290,2026-12-04,C,1.29,0.004800000,3,8
2026-08-13,CHU,OPT,CHUZ6 C1295,2026-12-04,C,1.295,0.004100000,3,1
2026-08-13,CHU,OPT,CHUZ6 C1300,2026-12-04,C,1.3,0.003500000,3,22
2026-08-13,CHU,OPT,CHUZ6 C1305,2026-12-04,C,1.305,0.003000000,3,11
2026-08-13,CHU,OPT,CHUZ6 C1310,2026-12-04,C,1.31,0.002600000,3,6
2026-08-13,CHU,OPT,CHUZ6 C1315,2026-12-04,C,1.315,0.002200000,3,2
2026-08-13,CHU,OPT,CHUZ6 C1320,2026-12-04,C,1.32,0.001900000,3,24
2026-08-13,CHU,OPT,CHUZ6 C1325,2026-12-04,C,1.325,0.001700000,3,2
2026-08-13,CHU,OPT,CHUZ6 C1330,2026-12-04,C,1.33,0.001400000,3,16
2026-08-13,CHU,OPT,CHUZ6 C1335,2026-12-04,C,1.335,0.001300000,3,2
2026-08-13,CHU,OPT,CHUZ6 C1340,2026-12-04,C,1.34,0.001100000,3,2
2026-08-13,CHU,OPT,CHUZ6 C1345,2026-12-04,C,1.345,0.001000000,3,
2026-08-13,CHU,OPT,CHUZ6 C1350,2026-12-04,C,1.35,0.000900000,3,1
2026-08-13,CHU,OPT,CHUZ6 C1355,2026-12-04,C,1.355,0.000800000,3,1
2026-08-13,CHU,OPT,CHUZ6 C1360,2026-12-04,C,1.36,0.000700000,3,
2026-08-13,CHU,OPT,CHUZ6 C1365,2026-12-04,C,1.365,0.000600000,3,2
2026-08-13,CHU,OPT,CHUZ6 C1370,2026-12-04,C,1.37,0.000500000,3,1
2026-08-13,CHU,OPT,CHUZ6 C1375,2026-12-04,C,1.375,0.000500000,3,1
2026-08-13,CHU,OPT,CHUZ6 C1380,2026-12-04,C,1.38,0.000450000,3,9
2026-08-13,CHU,OPT,CHUZ6 C1385,2026-12-04,C,1.385,0.000400000,3,
2026-08-13,CHU,OPT,CHUZ6 C1390,2026-12-04,C,1.39,0.000350000,3,1
2026-08-13,CHU,OPT,CHUZ6 C1395,2026-12-04,C,1.395,0.000300000,3,
2026-08-13,CHU,OPT,CHUZ6 C1400,2026-12-04,C,1.4,0.000250000,3,12
2026-08-13,CHU,OPT,CHUZ6 C1410,2026-12-04,C,1.41,0.000200000,3,1
2026-08-13,CHU,OPT,CHUZ6 C1420,2026-12-04,C,1.42,0.000150000,3,
2026-08-13,CHU,OPT,CHUZ6 C1430,2026-12-04,C,1.43,0.000100000,3,1
2026-08-13,CHU,OPT,CHUZ6 C1440,2026-12-04,C,1.44,0.000100000,3,6
2026-08-13,CHU,OPT,CHUZ6 C1450,2026-12-04,C,1.45,0.000050000,3,15
2026-08-13,CHU,OPT,CHUZ6 P1080,2026-12-04,P,1.08,0.000050000,3,
2026-08-13,CHU,OPT,CHUZ6 P1090,2026-12-04,P,1.09,0.000050000,3,
2026-08-13,CHU,OPT,CHUZ6 P1100,2026-12-04,P,1.1,0.000100000,3,
2026-08-13,CHU,OPT,CHUZ6 P1110,2026-12-04,P,1.11,0.000150000,3,
2026-08-13,CHU,OPT,CHUZ6 P1120,2026-12-04,P,1.12,0.000200000,3,
2026-08-13,CHU,OPT,CHUZ6 P1130,2026-12-04,P,1.13,0.000300000,3,1
2026-08-13,CHU,OPT,CHUZ6 P1135,2026-12-04,P,1.135,0.000350000,3,
2026-08-13,CHU,OPT,CHUZ6 P1140,2026-12-04,P,1.14,0.000450000,3,
2026-08-13,CHU,OPT,CHUZ6 P1145,2026-12-04,P,1.145,0.000500000,3,
2026-08-13,CHU,OPT,CHUZ6 P1150,2026-12-04,P,1.15,0.000600000,3,8
2026-08-13,CHU,OPT,CHUZ6 P1155,2026-12-04,P,1.155,0.000700000,3,2
2026-08-13,CHU,OPT,CHUZ6 P1160,2026-12-04,P,1.16,0.000900000,3,
2026-08-13,CHU,OPT,CHUZ6 P1165,2026-12-04,P,1.165,0.001000000,3,
2026-08-13,CHU,OPT,CHUZ6 P1170,2026-12-04,P,1.17,0.001200000,3,
2026-08-13,CHU,OPT,CHUZ6 P1175,2026-12-04,P,1.175,0.001500000,3,
2026-08-13,CHU,OPT,CHUZ6 P1180,2026-12-04,P,1.18,0.001800000,3,52
2026-08-13,CHU,OPT,CHUZ6 P1185,2026-12-04,P,1.185,0.002200000,3,
2026-08-13,CHU,OPT,CHUZ6 P1190,2026-12-04,P,1.19,0.002700000,3,2
2026-08-13,CHU,OPT,CHUZ6 P1195,2026-12-04,P,1.195,0.003200000,3,10
2026-08-13,CHU,OPT,CHUZ6 P1200,2026-12-04,P,1.2,0.003900000,3,22
2026-08-13,CHU,OPT,CHUZ6 P1205,2026-12-04,P,1.205,0.004700000,3,
2026-08-13,CHU,OPT,CHUZ6 P1210,2026-12-04,P,1.21,0.005700000,3,10
2026-08-13,CHU,OPT,CHUZ6 P1215,2026-12-04,P,1.215,0.006800000,3,1
2026-08-13,CHU,OPT,CHUZ6 P1220,2026-12-04,P,1.22,0.008100000,3,
2026-08-13,CHU,OPT,CHUZ6 P1225,2026-12-04,P,1.225,0.009500000,3,51
2026-08-13,CHU,OPT,CHUZ6 P1230,2026-12-04,P,1.23,0.011200000,3,35
2026-08-13,CHU,OPT,CHUZ6 P1235,2026-12-04,P,1.235,0.013100000,3,3
2026-08-13,CHU,OPT,CHUZ6 P1240,2026-12-04,P,1.24,0.015300000,3,402
2026-08-13,CHU,OPT,CHUZ6 P1245,2026-12-04,P,1.245,0.017800000,3,1
2026-08-13,CHU,OPT,CHUZ6 P1250,2026-12-04,P,1.25,0.020400000,3,1
2026-08-13,CHU,OPT,CHUZ6 P1255,2026-12-04,P,1.255,0.023400000,3,4
2026-08-13,CHU,OPT,CHUZ6 P1260,2026-12-04,P,1.26,0.026500000,3,31
2026-08-13,CHU,OPT,CHUZ6 P1265,2026-12-04,P,1.265,0.029900000,3,3
2026-08-13,CHU,OPT,CHUZ6 P1270,2026-12-04,P,1.27,0.033400000,3,9
2026-08-13,CHU,OPT,CHUZ6 P1275,2026-12-04,P,1.275,0.037100000,3,1
2026-08-13,CHU,OPT,CHUZ6 P1280,2026-12-04,P,1.28,0.041000000,3,
2026-08-13,CHU,OPT,CHUZ6 P1285,2026-12-04,P,1.285,0.045000000,3,
2026-08-13,CHU,OPT,CHUZ6 P1290,2026-12-04,P,1.29,0.049200000,3,20
2026-08-13,CHU,OPT,CHUZ6 P1295,2026-12-04,P,1.295,0.053400000,3,
2026-08-13,CHU,OPT,CHUZ6 P1300,2026-12-04,P,1.3,0.057800000,3,2
2026-08-13,CHU,OPT,CHUZ6 P1305,2026-12-04,P,1.305,0.062200000,3,
2026-08-13,CHU,OPT,CHUZ6 P1310,2026-12-04,P,1.31,0.066800000,3,1
2026-08-13,CHU,OPT,CHUZ6 P1315,2026-12-04,P,1.315,0.071300000,3,
2026-08-13,CHU,OPT,CHUZ6 P1320,2026-12-04,P,1.32,0.076000000,3,1
2026-08-13,CHU,OPT,CHUZ6 P1325,2026-12-04,P,1.325,0.080700000,3,
2026-08-13,CHU,OPT,CHUZ6 P1330,2026-12-04,P,1.33,0.085400000,3,
2026-08-13,CHU,OPT,CHUZ6 P1335,2026-12-04,P,1.335,0.090100000,3,
2026-08-13,CHU,OPT,CHUZ6 P1340,2026-12-04,P,1.34,0.094900000,3,
2026-08-13,CHU,OPT,CHUZ6 P1345,2026-12-04,P,1.345,0.099700000,3,
2026-08-13,CHU,OPT,CHUZ6 P1350,2026-12-04,P,1.35,0.104500000,3,
2026-08-13,CHU,OPT,CHUZ6 P1355,2026-12-04,P,1.355,0.109400000,3,
2026-08-13,CHU,OPT,CHUZ6 P1360,2026-12-04,P,1.36,0.114200000,3,
2026-08-13,CHU,OPT,CHUZ6 P1365,2026-12-04,P,1.365,0.119100000,3,
2026-08-13,CHU,OPT,CHUZ6 P1370,2026-12-04,P,1.37,0.124000000,3,
2026-08-13,CHU,OPT,CHUZ6 P1375,2026-12-04,P,1.375,0.128900000,3,
2026-08-13,CHU,OPT,CHUZ6 P1380,2026-12-04,P,1.38,0.133800000,3,
2026-08-13,CHU,OPT,CHUZ6 P1385,2026-12-04,P,1.385,0.138700000,3,
2026-08-13,CHU,OPT,CHUZ6 P1390,2026-12-04,P,1.39,0.143600000,3,
2026-08-13,CHU,OPT,CHUZ6 P1395,2026-12-04,P,1.395,0.148500000,3,
2026-08-13,CHU,OPT,CHUZ6 P1400,2026-12-04,P,1.4,0.153400000,3,
2026-08-13,CHU,OPT,CHUZ6 P1410,2026-12-04,P,1.41,0.163200000,3,
2026-08-13,CHU,OPT,CHUZ6 P1420,2026-12-04,P,1.42,0.173000000,3,
2026-08-13,CHU,OPT,CHUZ6 P1430,2026-12-04,P,1.43,0.182900000,3,
2026-08-13,CHU,OPT,CHUZ6 P1440,2026-12-04,P,1.44,0.192800000,3,
2026-08-13,CHU,OPT,CHUZ6 P1450,2026-12-04,P,1.45,0.202600000,3,
2026-08-13,CHU,OPT,CHUF7 C1160,2027-01-08,C,1.16,0.097500000,3,
2026-08-13,CHU,OPT,CHUF7 C1170,2027-01-08,C,1.17,0.088100000,3,
2026-08-13,CHU,OPT,CHUF7 C1180,2027-01-08,C,1.18,0.078800000,3,
2026-08-13,CHU,OPT,CHUF7 C1190,2027-01-08,C,1.19,0.069700000,3,
2026-08-13,CHU,OPT,CHUF7 C1200,2027-01-08,C,1.2,0.060900000,3,
2026-08-13,CHU,OPT,CHUF7 C1205,2027-01-08,C,1.205,0.056700000,3,
2026-08-13,CHU,OPT,CHUF7 C1210,2027-01-08,C,1.21,0.052500000,3,
2026-08-13,CHU,OPT,CHUF7 C1215,2027-01-08,C,1.215,0.048500000,3,
2026-08-13,CHU,OPT,CHUF7 C1220,2027-01-08,C,1.22,0.044600000,3,
2026-08-13,CHU,OPT,CHUF7 C1225,2027-01-08,C,1.225,0.040800000,3,
2026-08-13,CHU,OPT,CHUF7 C1230,2027-01-08,C,1.23,0.037200000,3,
2026-08-13,CHU,OPT,CHUF7 C1235,2027-01-08,C,1.235,0.033800000,3,
2026-08-13,CHU,OPT,CHUF7 C1240,2027-01-08,C,1.24,0.030600000,3,
2026-08-13,CHU,OPT,CHUF7 C1245,2027-01-08,C,1.245,0.027500000,3,
2026-08-13,CHU,OPT,CHUF7 C1250,2027-01-08,C,1.25,0.024700000,3,
2026-08-13,CHU,OPT,CHUF7 C1255,2027-01-08,C,1.255,0.022100000,3,
2026-08-13,CHU,OPT,CHUF7 C1260,2027-01-08,C,1.26,0.019700000,3,
2026-08-13,CHU,OPT,CHUF7 C1265,2027-01-08,C,1.265,0.017500000,3,
2026-08-13,CHU,OPT,CHUF7 C1270,2027-01-08,C,1.27,0.015500000,3,
2026-08-13,CHU,OPT,CHUF7 C1275,2027-01-08,C,1.275,0.013700000,3,
2026-08-13,CHU,OPT,CHUF7 C1280,2027-01-08,C,1.28,0.012100000,3,
2026-08-13,CHU,OPT,CHUF7 C1285,2027-01-08,C,1.285,0.010700000,3,32
2026-08-13,CHU,OPT,CHUF7 C1290,2027-01-08,C,1.29,0.009400000,3,
2026-08-13,CHU,OPT,CHUF7 C1295,2027-01-08,C,1.295,0.008300000,3,
2026-08-13,CHU,OPT,CHUF7 C1300,2027-01-08,C,1.3,0.007300000,3,2
2026-08-13,CHU,OPT,CHUF7 C1305,2027-01-08,C,1.305,0.006400000,3,
2026-08-13,CHU,OPT,CHUF7 C1310,2027-01-08,C,1.31,0.005700000,3,76
2026-08-13,CHU,OPT,CHUF7 C1315,2027-01-08,C,1.315,0.005000000,3,
2026-08-13,CHU,OPT,CHUF7 C1320,2027-01-08,C,1.32,0.004500000,3,
2026-08-13,CHU,OPT,CHUF7 C1325,2027-01-08,C,1.325,0.004000000,3,2
2026-08-13,CHU,OPT,CHUF7 C1330,2027-01-08,C,1.33,0.003500000,3,
2026-08-13,CHU,OPT,CHUF7 C1335,2027-01-08,C,1.335,0.003100000,3,
2026-08-13,CHU,OPT,CHUF7 C1340,2027-01-08,C,1.34,0.002700000,3,
2026-08-13,CHU,OPT,CHUF7 C1345,2027-01-08,C,1.345,0.002400000,3,
2026-08-13,CHU,OPT,CHUF7 C1350,2027-01-08,C,1.35,0.002100000,3,3
2026-08-13,CHU,OPT,CHUF7 C1355,2027-01-08,C,1.355,0.001900000,3,
2026-08-13,CHU,OPT,CHUF7 C1360,2027-01-08,C,1.36,0.001600000,3,
2026-08-13,CHU,OPT,CHUF7 C1365,2027-01-08,C,1.365,0.001500000,3,
2026-08-13,CHU,OPT,CHUF7 C1370,2027-01-08,C,1.37,0.001300000,3,
2026-08-13,CHU,OPT,CHUF7 C1375,2027-01-08,C,1.375,0.001200000,3,
2026-08-13,CHU,OPT,CHUF7 C1380,2027-01-08,C,1.38,0.001100000,3,6
2026-08-13,CHU,OPT,CHUF7 C1385,2027-01-08,C,1.385,0.001000000,3,2
2026-08-13,CHU,OPT,CHUF7 C1390,2027-01-08,C,1.39,0.000900000,3,
2026-08-13,CHU,OPT,CHUF7 C1395,2027-01-08,C,1.395,0.000800000,3,
2026-08-13,CHU,OPT,CHUF7 C1400,2027-01-08,C,1.4,0.000700000,3,2
2026-08-13,CHU,OPT,CHUF7 C1405,2027-01-08,C,1.405,0.000700000,3,
2026-08-13,CHU,OPT,CHUF7 C1410,2027-01-08,C,1.41,0.000600000,3,2
2026-08-13,CHU,OPT,CHUF7 C1420,2027-01-08,C,1.42,0.000450000,3,
2026-08-13,CHU,OPT,CHUF7 C1430,2027-01-08,C,1.43,0.000400000,3,
2026-08-13,CHU,OPT,CHUF7 C1440,2027-01-08,C,1.44,0.000300000,3,
2026-08-13,CHU,OPT,CHUF7 C1450,2027-01-08,C,1.45,0.000250000,3,
2026-08-13,CHU,OPT,CHUF7 C1460,2027-01-08,C,1.46,0.000200000,3,1
2026-08-13,CHU,OPT,CHUF7 P1160,2027-01-08,P,1.16,0.000900000,3,
2026-08-13,CHU,OPT,CHUF7 P1170,2027-01-08,P,1.17,0.001300000,3,
2026-08-13,CHU,OPT,CHUF7 P1180,2027-01-08,P,1.18,0.001900000,3,
2026-08-13,CHU,OPT,CHUF7 P1190,2027-01-08,P,1.19,0.002700000,3,
2026-08-13,CHU,OPT,CHUF7 P1200,2027-01-08,P,1.2,0.003700000,3,
2026-08-13,CHU,OPT,CHUF7 P1205,2027-01-08,P,1.205,0.004400000,3,
2026-08-13,CHU,OPT,CHUF7 P1210,2027-01-08,P,1.21,0.005200000,3,
2026-08-13,CHU,OPT,CHUF7 P1215,2027-01-08,P,1.215,0.006100000,3,
2026-08-13,CHU,OPT,CHUF7 P1220,2027-01-08,P,1.22,0.007100000,3,10
2026-08-13,CHU,OPT,CHUF7 P1225,2027-01-08,P,1.225,0.008200000,3,
2026-08-13,CHU,OPT,CHUF7 P1230,2027-01-08,P,1.23,0.009600000,3,
2026-08-13,CHU,OPT,CHUF7 P1235,2027-01-08,P,1.235,0.011100000,3,
2026-08-13,CHU,OPT,CHUF7 P1240,2027-01-08,P,1.24,0.012700000,3,
2026-08-13,CHU,OPT,CHUF7 P1245,2027-01-08,P,1.245,0.014600000,3,
2026-08-13,CHU,OPT,CHUF7 P1250,2027-01-08,P,1.25,0.016700000,3,
2026-08-13,CHU,OPT,CHUF7 P1255,2027-01-08,P,1.255,0.019100000,3,110
2026-08-13,CHU,OPT,CHUF7 P1260,2027-01-08,P,1.26,0.021600000,3,110
2026-08-13,CHU,OPT,CHUF7 P1265,2027-01-08,P,1.265,0.024300000,3,118
2026-08-13,CHU,OPT,CHUF7 P1270,2027-01-08,P,1.27,0.027200000,3,
2026-08-13,CHU,OPT,CHUF7 P1275,2027-01-08,P,1.275,0.030400000,3,
2026-08-13,CHU,OPT,CHUF7 P1280,2027-01-08,P,1.28,0.033700000,3,
2026-08-13,CHU,OPT,CHUF7 P1285,2027-01-08,P,1.285,0.037200000,3,
2026-08-13,CHU,OPT,CHUF7 P1290,2027-01-08,P,1.29,0.040800000,3,
2026-08-13,CHU,OPT,CHUF7 P1295,2027-01-08,P,1.295,0.044600000,3,
2026-08-13,CHU,OPT,CHUF7 P1300,2027-01-08,P,1.3,0.048600000,3,1
2026-08-13,CHU,OPT,CHUF7 P1305,2027-01-08,P,1.305,0.052600000,3,
2026-08-13,CHU,OPT,CHUF7 P1310,2027-01-08,P,1.31,0.056800000,3,
2026-08-13,CHU,OPT,CHUF7 P1315,2027-01-08,P,1.315,0.061100000,3,
2026-08-13,CHU,OPT,CHUF7 P1320,2027-01-08,P,1.32,0.065400000,3,16
2026-08-13,CHU,OPT,CHUF7 P1325,2027-01-08,P,1.325,0.069800000,3,
2026-08-13,CHU,OPT,CHUF7 P1330,2027-01-08,P,1.33,0.074300000,3,
2026-08-13,CHU,OPT,CHUF7 P1335,2027-01-08,P,1.335,0.078800000,3,
2026-08-13,CHU,OPT,CHUF7 P1340,2027-01-08,P,1.34,0.083400000,3,
2026-08-13,CHU,OPT,CHUF7 P1345,2027-01-08,P,1.345,0.088000000,3,
2026-08-13,CHU,OPT,CHUF7 P1350,2027-01-08,P,1.35,0.092600000,3,
2026-08-13,CHU,OPT,CHUF7 P1355,2027-01-08,P,1.355,0.097300000,3,99
2026-08-13,CHU,OPT,CHUF7 P1360,2027-01-08,P,1.36,0.102000000,3,
2026-08-13,CHU,OPT,CHUF7 P1365,2027-01-08,P,1.365,0.106700000,3,
2026-08-13,CHU,OPT,CHUF7 P1370,2027-01-08,P,1.37,0.111500000,3,
2026-08-13,CHU,OPT,CHUF7 P1375,2027-01-08,P,1.375,0.116300000,3,
2026-08-13,CHU,OPT,CHUF7 P1380,2027-01-08,P,1.38,0.121100000,3,
2026-08-13,CHU,OPT,CHUF7 P1385,2027-01-08,P,1.385,0.125900000,3,
2026-08-13,CHU,OPT,CHUF7 P1390,2027-01-08,P,1.39,0.130800000,3,
2026-08-13,CHU,OPT,CHUF7 P1395,2027-01-08,P,1.395,0.135600000,3,
2026-08-13,CHU,OPT,CHUF7 P1400,2027-01-08,P,1.4,0.140500000,3,
2026-08-13,CHU,OPT,CHUF7 P1405,2027-01-08,P,1.405,0.145300000,3,
2026-08-13,CHU,OPT,CHUF7 P1410,2027-01-08,P,1.41,0.150200000,3,
2026-08-13,CHU,OPT,CHUF7 P1420,2027-01-08,P,1.42,0.159900000,3,
2026-08-13,CHU,OPT,CHUF7 P1430,2027-01-08,P,1.43,0.169700000,3,
2026-08-13,CHU,OPT,CHUF7 P1440,2027-01-08,P,1.44,0.179500000,3,
2026-08-13,CHU,OPT,CHUF7 P1450,2027-01-08,P,1.45,0.189200000,3,
2026-08-13,CHU,OPT,CHUF7 P1460,2027-01-08,P,1.46,0.199000000,3,
2026-08-13,CHU,OPT,CHUG7 C1160,2027-02-05,C,1.16,0.097800000,3,
2026-08-13,CHU,OPT,CHUG7 C1170,2027-02-05,C,1.17,0.088500000,3,
2026-08-13,CHU,OPT,CHUG7 C1180,2027-02-05,C,1.18,0.079400000,3,
2026-08-13,CHU,OPT,CHUG7 C1190,2027-02-05,C,1.19,0.070500000,3,
2026-08-13,CHU,OPT,CHUG7 C1200,2027-02-05,C,1.2,0.061900000,3,
2026-08-13,CHU,OPT,CHUG7 C1205,2027-02-05,C,1.205,0.057800000,3,
2026-08-13,CHU,OPT,CHUG7 C1210,2027-02-05,C,1.21,0.053800000,3,
2026-08-13,CHU,OPT,CHUG7 C1215,2027-02-05,C,1.215,0.049900000,3,
2026-08-13,CHU,OPT,CHUG7 C1220,2027-02-05,C,1.22,0.046100000,3,
2026-08-13,CHU,OPT,CHUG7 C1225,2027-02-05,C,1.225,0.042500000,3,
2026-08-13,CHU,OPT,CHUG7 C1230,2027-02-05,C,1.23,0.039000000,3,
2026-08-13,CHU,OPT,CHUG7 C1235,2027-02-05,C,1.235,0.035700000,3,
2026-08-13,CHU,OPT,CHUG7 C1240,2027-02-05,C,1.24,0.032500000,3,
2026-08-13,CHU,OPT,CHUG7 C1245,2027-02-05,C,1.245,0.029600000,3,
2026-08-13,CHU,OPT,CHUG7 C1250,2027-02-05,C,1.25,0.026800000,3,
2026-08-13,CHU,OPT,CHUG7 C1255,2027-02-05,C,1.255,0.024200000,3,80
2026-08-13,CHU,OPT,CHUG7 C1260,2027-02-05,C,1.26,0.021900000,3,
2026-08-13,CHU,OPT,CHUG7 C1265,2027-02-05,C,1.265,0.019700000,3,
2026-08-13,CHU,OPT,CHUG7 C1270,2027-02-05,C,1.27,0.017600000,3,
2026-08-13,CHU,OPT,CHUG7 C1275,2027-02-05,C,1.275,0.015800000,3,
2026-08-13,CHU,OPT,CHUG7 C1280,2027-02-05,C,1.28,0.014100000,3,
2026-08-13,CHU,OPT,CHUG7 C1285,2027-02-05,C,1.285,0.012600000,3,
2026-08-13,CHU,OPT,CHUG7 C1290,2027-02-05,C,1.29,0.011300000,3,
2026-08-13,CHU,OPT,CHUG7 C1295,2027-02-05,C,1.295,0.010100000,3,
2026-08-13,CHU,OPT,CHUG7 C1300,2027-02-05,C,1.3,0.009100000,3,2
2026-08-13,CHU,OPT,CHUG7 C1305,2027-02-05,C,1.305,0.008100000,3,
2026-08-13,CHU,OPT,CHUG7 C1310,2027-02-05,C,1.31,0.007300000,3,
2026-08-13,CHU,OPT,CHUG7 C1315,2027-02-05,C,1.315,0.006500000,3,
2026-08-13,CHU,OPT,CHUG7 C1320,2027-02-05,C,1.32,0.005900000,3,
2026-08-13,CHU,OPT,CHUG7 C1325,2027-02-05,C,1.325,0.005300000,3,6
2026-08-13,CHU,OPT,CHUG7 C1330,2027-02-05,C,1.33,0.004700000,3,
2026-08-13,CHU,OPT,CHUG7 C1335,2027-02-05,C,1.335,0.004200000,3,
2026-08-13,CHU,OPT,CHUG7 C1340,2027-02-05,C,1.34,0.003800000,3,
2026-08-13,CHU,OPT,CHUG7 C1345,2027-02-05,C,1.345,0.003400000,3,
2026-08-13,CHU,OPT,CHUG7 C1350,2027-02-05,C,1.35,0.003000000,3,
2026-08-13,CHU,OPT,CHUG7 C1355,2027-02-05,C,1.355,0.002700000,3,
2026-08-13,CHU,OPT,CHUG7 C1360,2027-02-05,C,1.36,0.002400000,3,
2026-08-13,CHU,OPT,CHUG7 C1365,2027-02-05,C,1.365,0.002200000,3,
2026-08-13,CHU,OPT,CHUG7 C1370,2027-02-05,C,1.37,0.001900000,3,
2026-08-13,CHU,OPT,CHUG7 C1375,2027-02-05,C,1.375,0.001800000,3,
2026-08-13,CHU,OPT,CHUG7 C1380,2027-02-05,C,1.38,0.001600000,3,
2026-08-13,CHU,OPT,CHUG7 C1385,2027-02-05,C,1.385,0.001500000,3,
2026-08-13,CHU,OPT,CHUG7 C1390,2027-02-05,C,1.39,0.001300000,3,
2026-08-13,CHU,OPT,CHUG7 C1395,2027-02-05,C,1.395,0.001200000,3,
2026-08-13,CHU,OPT,CHUG7 C1400,2027-02-05,C,1.4,0.001100000,3,
2026-08-13,CHU,OPT,CHUG7 C1405,2027-02-05,C,1.405,0.001100000,3,
2026-08-13,CHU,OPT,CHUG7 C1410,2027-02-05,C,1.41,0.000900000,3,
2026-08-13,CHU,OPT,CHUG7 C1420,2027-02-05,C,1.42,0.000800000,3,
2026-08-13,CHU,OPT,CHUG7 C1430,2027-02-05,C,1.43,0.000600000,3,
2026-08-13,CHU,OPT,CHUG7 C1440,2027-02-05,C,1.44,0.000500000,3,1
2026-08-13,CHU,OPT,CHUG7 C1450,2027-02-05,C,1.45,0.000450000,3,
2026-08-13,CHU,OPT,CHUG7 C1460,2027-02-05,C,1.46,0.000350000,3,
2026-08-13,CHU,OPT,CHUG7 P1160,2027-02-05,P,1.16,0.001500000,3,
2026-08-13,CHU,OPT,CHUG7 P1170,2027-02-05,P,1.17,0.002000000,3,
2026-08-13,CHU,OPT,CHUG7 P1180,2027-02-05,P,1.18,0.002700000,3,
2026-08-13,CHU,OPT,CHUG7 P1190,2027-02-05,P,1.19,0.003600000,3,
2026-08-13,CHU,OPT,CHUG7 P1200,2027-02-05,P,1.2,0.004900000,3,
2026-08-13,CHU,OPT,CHUG7 P1205,2027-02-05,P,1.205,0.005700000,3,
2026-08-13,CHU,OPT,CHUG7 P1210,2027-02-05,P,1.21,0.006500000,3,
2026-08-13,CHU,OPT,CHUG7 P1215,2027-02-05,P,1.215,0.007600000,3,
2026-08-13,CHU,OPT,CHUG7 P1220,2027-02-05,P,1.22,0.008700000,3,
2026-08-13,CHU,OPT,CHUG7 P1225,2027-02-05,P,1.225,0.010000000,3,
2026-08-13,CHU,OPT,CHUG7 P1230,2027-02-05,P,1.23,0.011400000,3,
2026-08-13,CHU,OPT,CHUG7 P1235,2027-02-05,P,1.235,0.013000000,3,
2026-08-13,CHU,OPT,CHUG7 P1240,2027-02-05,P,1.24,0.014800000,3,
2026-08-13,CHU,OPT,CHUG7 P1245,2027-02-05,P,1.245,0.016700000,3,
2026-08-13,CHU,OPT,CHUG7 P1250,2027-02-05,P,1.25,0.018900000,3,
2026-08-13,CHU,OPT,CHUG7 P1255,2027-02-05,P,1.255,0.021200000,3,
2026-08-13,CHU,OPT,CHUG7 P1260,2027-02-05,P,1.26,0.023700000,3,200
2026-08-13,CHU,OPT,CHUG7 P1265,2027-02-05,P,1.265,0.026400000,3,
2026-08-13,CHU,OPT,CHUG7 P1270,2027-02-05,P,1.27,0.029300000,3,
2026-08-13,CHU,OPT,CHUG7 P1275,2027-02-05,P,1.275,0.032400000,3,
2026-08-13,CHU,OPT,CHUG7 P1280,2027-02-05,P,1.28,0.035600000,3,
2026-08-13,CHU,OPT,CHUG7 P1285,2027-02-05,P,1.285,0.039100000,3,
2026-08-13,CHU,OPT,CHUG7 P1290,2027-02-05,P,1.29,0.042600000,3,80
2026-08-13,CHU,OPT,CHUG7 P1295,2027-02-05,P,1.295,0.046300000,3,
2026-08-13,CHU,OPT,CHUG7 P1300,2027-02-05,P,1.3,0.050200000,3,
2026-08-13,CHU,OPT,CHUG7 P1305,2027-02-05,P,1.305,0.054200000,3,
2026-08-13,CHU,OPT,CHUG7 P1310,2027-02-05,P,1.31,0.058200000,3,
2026-08-13,CHU,OPT,CHUG7 P1315,2027-02-05,P,1.315,0.062400000,3,
2026-08-13,CHU,OPT,CHUG7 P1320,2027-02-05,P,1.32,0.066600000,3,
2026-08-13,CHU,OPT,CHUG7 P1325,2027-02-05,P,1.325,0.071000000,3,
2026-08-13,CHU,OPT,CHUG7 P1330,2027-02-05,P,1.33,0.075300000,3,
2026-08-13,CHU,OPT,CHUG7 P1335,2027-02-05,P,1.335,0.079800000,3,
2026-08-13,CHU,OPT,CHUG7 P1340,2027-02-05,P,1.34,0.084200000,3,
2026-08-13,CHU,OPT,CHUG7 P1345,2027-02-05,P,1.345,0.088700000,3,
2026-08-13,CHU,OPT,CHUG7 P1350,2027-02-05,P,1.35,0.093300000,3,
2026-08-13,CHU,OPT,CHUG7 P1355,2027-02-05,P,1.355,0.097800000,3,
2026-08-13,CHU,OPT,CHUG7 P1360,2027-02-05,P,1.36,0.102500000,3,
2026-08-13,CHU,OPT,CHUG7 P1365,2027-02-05,P,1.365,0.107100000,3,
2026-08-13,CHU,OPT,CHUG7 P1370,2027-02-05,P,1.37,0.111800000,3,
2026-08-13,CHU,OPT,CHUG7 P1375,2027-02-05,P,1.375,0.116500000,3,
2026-08-13,CHU,OPT,CHUG7 P1380,2027-02-05,P,1.38,0.121300000,3,
2026-08-13,CHU,OPT,CHUG7 P1385,2027-02-05,P,1.385,0.126100000,3,
2026-08-13,CHU,OPT,CHUG7 P1390,2027-02-05,P,1.39,0.130800000,3,
2026-08-13,CHU,OPT,CHUG7 P1395,2027-02-05,P,1.395,0.135600000,3,
2026-08-13,CHU,OPT,CHUG7 P1400,2027-02-05,P,1.4,0.140500000,3,
2026-08-13,CHU,OPT,CHUG7 P1405,2027-02-05,P,1.405,0.145300000,3,
2026-08-13,CHU,OPT,CHUG7 P1410,2027-02-05,P,1.41,0.150100000,3,
2026-08-13,CHU,OPT,CHUG7 P1420,2027-02-05,P,1.42,0.159700000,3,
2026-08-13,CHU,OPT,CHUG7 P1430,2027-02-05,P,1.43,0.169400000,3,
2026-08-13,CHU,OPT,CHUG7 P1440,2027-02-05,P,1.44,0.179100000,3,
2026-08-13,CHU,OPT,CHUG7 P1450,2027-02-05,P,1.45,0.188800000,3,
2026-08-13,CHU,OPT,CHUG7 P1460,2027-02-05,P,1.46,0.198600000,3,
2026-08-13,CHU,OPT,CHUH7 C1120,2027-03-05,C,1.12,0.135800000,3,
2026-08-13,CHU,OPT,CHUH7 C1130,2027-03-05,C,1.13,0.126300000,3,
2026-08-13,CHU,OPT,CHUH7 C1140,2027-03-05,C,1.14,0.116800000,3,1
2026-08-13,CHU,OPT,CHUH7 C1150,2027-03-05,C,1.15,0.107400000,3,
2026-08-13,CHU,OPT,CHUH7 C1160,2027-03-05,C,1.16,0.098100000,3,
2026-08-13,CHU,OPT,CHUH7 C1165,2027-03-05,C,1.165,0.093500000,3,
2026-08-13,CHU,OPT,CHUH7 C1170,2027-03-05,C,1.17,0.088900000,3,1
2026-08-13,CHU,OPT,CHUH7 C1175,2027-03-05,C,1.175,0.084400000,3,
2026-08-13,CHU,OPT,CHUH7 C1180,2027-03-05,C,1.18,0.080000000,3,
2026-08-13,CHU,OPT,CHUH7 C1185,2027-03-05,C,1.185,0.075600000,3,
2026-08-13,CHU,OPT,CHUH7 C1190,2027-03-05,C,1.19,0.071300000,3,
2026-08-13,CHU,OPT,CHUH7 C1195,2027-03-05,C,1.195,0.067100000,3,
2026-08-13,CHU,OPT,CHUH7 C1200,2027-03-05,C,1.2,0.063000000,3,
2026-08-13,CHU,OPT,CHUH7 C1205,2027-03-05,C,1.205,0.058900000,3,
2026-08-13,CHU,OPT,CHUH7 C1210,2027-03-05,C,1.21,0.055000000,3,
2026-08-13,CHU,OPT,CHUH7 C1215,2027-03-05,C,1.215,0.051200000,3,1
2026-08-13,CHU,OPT,CHUH7 C1220,2027-03-05,C,1.22,0.047500000,3,
2026-08-13,CHU,OPT,CHUH7 C1225,2027-03-05,C,1.225,0.044000000,3,4
2026-08-13,CHU,OPT,CHUH7 C1230,2027-03-05,C,1.23,0.040600000,3,1
2026-08-13,CHU,OPT,CHUH7 C1235,2027-03-05,C,1.235,0.037300000,3,
2026-08-13,CHU,OPT,CHUH7 C1240,2027-03-05,C,1.24,0.034300000,3,
2026-08-13,CHU,OPT,CHUH7 C1245,2027-03-05,C,1.245,0.031300000,3,
2026-08-13,CHU,OPT,CHUH7 C1250,2027-03-05,C,1.25,0.028600000,3,
2026-08-13,CHU,OPT,CHUH7 C1255,2027-03-05,C,1.255,0.026100000,3,
2026-08-13,CHU,OPT,CHUH7 C1260,2027-03-05,C,1.26,0.023700000,3,
2026-08-13,CHU,OPT,CHUH7 C1265,2027-03-05,C,1.265,0.021500000,3,
2026-08-13,CHU,OPT,CHUH7 C1270,2027-03-05,C,1.27,0.019500000,3,1
2026-08-13,CHU,OPT,CHUH7 C1275,2027-03-05,C,1.275,0.017700000,3,
2026-08-13,CHU,OPT,CHUH7 C1280,2027-03-05,C,1.28,0.016000000,3,
2026-08-13,CHU,OPT,CHUH7 C1285,2027-03-05,C,1.285,0.014500000,3,
2026-08-13,CHU,OPT,CHUH7 C1290,2027-03-05,C,1.29,0.013100000,3,1
2026-08-13,CHU,OPT,CHUH7 C1295,2027-03-05,C,1.295,0.011800000,3,1
2026-08-13,CHU,OPT,CHUH7 C1300,2027-03-05,C,1.3,0.010700000,3,10
2026-08-13,CHU,OPT,CHUH7 C1305,2027-03-05,C,1.305,0.009700000,3,5
2026-08-13,CHU,OPT,CHUH7 C1310,2027-03-05,C,1.31,0.008800000,3,
2026-08-13,CHU,OPT,CHUH7 C1315,2027-03-05,C,1.315,0.007900000,3,
2026-08-13,CHU,OPT,CHUH7 C1320,2027-03-05,C,1.32,0.007200000,3,372
2026-08-13,CHU,OPT,CHUH7 C1325,2027-03-05,C,1.325,0.006500000,3,
2026-08-13,CHU,OPT,CHUH7 C1330,2027-03-05,C,1.33,0.005900000,3,
2026-08-13,CHU,OPT,CHUH7 C1335,2027-03-05,C,1.335,0.005400000,3,
2026-08-13,CHU,OPT,CHUH7 C1340,2027-03-05,C,1.34,0.004800000,3,5
2026-08-13,CHU,OPT,CHUH7 C1345,2027-03-05,C,1.345,0.004400000,3,
2026-08-13,CHU,OPT,CHUH7 C1350,2027-03-05,C,1.35,0.003900000,3,
2026-08-13,CHU,OPT,CHUH7 C1355,2027-03-05,C,1.355,0.003600000,3,
2026-08-13,CHU,OPT,CHUH7 C1360,2027-03-05,C,1.36,0.003200000,3,
2026-08-13,CHU,OPT,CHUH7 C1365,2027-03-05,C,1.365,0.002900000,3,
2026-08-13,CHU,OPT,CHUH7 C1370,2027-03-05,C,1.37,0.002700000,3,
2026-08-13,CHU,OPT,CHUH7 C1375,2027-03-05,C,1.375,0.002400000,3,
2026-08-13,CHU,OPT,CHUH7 C1380,2027-03-05,C,1.38,0.002200000,3,
2026-08-13,CHU,OPT,CHUH7 C1385,2027-03-05,C,1.385,0.002000000,3,
2026-08-13,CHU,OPT,CHUH7 C1390,2027-03-05,C,1.39,0.001900000,3,
2026-08-13,CHU,OPT,CHUH7 C1395,2027-03-05,C,1.395,0.001700000,3,
2026-08-13,CHU,OPT,CHUH7 C1400,2027-03-05,C,1.4,0.001600000,3,
2026-08-13,CHU,OPT,CHUH7 C1405,2027-03-05,C,1.405,0.001500000,3,
2026-08-13,CHU,OPT,CHUH7 C1410,2027-03-05,C,1.41,0.001300000,3,
2026-08-13,CHU,OPT,CHUH7 C1420,2027-03-05,C,1.42,0.001100000,3,1
2026-08-13,CHU,OPT,CHUH7 C1430,2027-03-05,C,1.43,0.000900000,3,1
2026-08-13,CHU,OPT,CHUH7 C1440,2027-03-05,C,1.44,0.000800000,3,
2026-08-13,CHU,OPT,CHUH7 C1450,2027-03-05,C,1.45,0.000700000,3,1
2026-08-13,CHU,OPT,CHUH7 C1460,2027-03-05,C,1.46,0.000600000,3,
2026-08-13,CHU,OPT,CHUH7 P1120,2027-03-05,P,1.12,0.000700000,3,
2026-08-13,CHU,OPT,CHUH7 P1130,2027-03-05,P,1.13,0.000900000,3,
2026-08-13,CHU,OPT,CHUH7 P1140,2027-03-05,P,1.14,0.001200000,3,
2026-08-13,CHU,OPT,CHUH7 P1150,2027-03-05,P,1.15,0.001600000,3,
2026-08-13,CHU,OPT,CHUH7 P1160,2027-03-05,P,1.16,0.002000000,3,
2026-08-13,CHU,OPT,CHUH7 P1165,2027-03-05,P,1.165,0.002300000,3,
2026-08-13,CHU,OPT,CHUH7 P1170,2027-03-05,P,1.17,0.002600000,3,
2026-08-13,CHU,OPT,CHUH7 P1175,2027-03-05,P,1.175,0.003100000,3,
2026-08-13,CHU,OPT,CHUH7 P1180,2027-03-05,P,1.18,0.003500000,3,
2026-08-13,CHU,OPT,CHUH7 P1185,2027-03-05,P,1.185,0.004000000,3,
2026-08-13,CHU,OPT,CHUH7 P1190,2027-03-05,P,1.19,0.004600000,3,
2026-08-13,CHU,OPT,CHUH7 P1195,2027-03-05,P,1.195,0.005300000,3,
2026-08-13,CHU,OPT,CHUH7 P1200,2027-03-05,P,1.2,0.006100000,3,
2026-08-13,CHU,OPT,CHUH7 P1205,2027-03-05,P,1.205,0.006900000,3,
2026-08-13,CHU,OPT,CHUH7 P1210,2027-03-05,P,1.21,0.007900000,3,
2026-08-13,CHU,OPT,CHUH7 P1215,2027-03-05,P,1.215,0.009000000,3,
2026-08-13,CHU,OPT,CHUH7 P1220,2027-03-05,P,1.22,0.010200000,3,
2026-08-13,CHU,OPT,CHUH7 P1225,2027-03-05,P,1.225,0.011600000,3,
2026-08-13,CHU,OPT,CHUH7 P1230,2027-03-05,P,1.23,0.013100000,3,80
2026-08-13,CHU,OPT,CHUH7 P1235,2027-03-05,P,1.235,0.014700000,3,
2026-08-13,CHU,OPT,CHUH7 P1240,2027-03-05,P,1.24,0.016500000,3,
2026-08-13,CHU,OPT,CHUH7 P1245,2027-03-05,P,1.245,0.018500000,3,
2026-08-13,CHU,OPT,CHUH7 P1250,2027-03-05,P,1.25,0.020700000,3,
2026-08-13,CHU,OPT,CHUH7 P1255,2027-03-05,P,1.255,0.023000000,3,
2026-08-13,CHU,OPT,CHUH7 P1260,2027-03-05,P,1.26,0.025600000,3,
2026-08-13,CHU,OPT,CHUH7 P1265,2027-03-05,P,1.265,0.028300000,3,
2026-08-13,CHU,OPT,CHUH7 P1270,2027-03-05,P,1.27,0.031200000,3,
2026-08-13,CHU,OPT,CHUH7 P1275,2027-03-05,P,1.275,0.034200000,3,
2026-08-13,CHU,OPT,CHUH7 P1280,2027-03-05,P,1.28,0.037400000,3,
2026-08-13,CHU,OPT,CHUH7 P1285,2027-03-05,P,1.285,0.040800000,3,
2026-08-13,CHU,OPT,CHUH7 P1290,2027-03-05,P,1.29,0.044300000,3,
2026-08-13,CHU,OPT,CHUH7 P1295,2027-03-05,P,1.295,0.047900000,3,
2026-08-13,CHU,OPT,CHUH7 P1300,2027-03-05,P,1.3,0.051700000,3,
2026-08-13,CHU,OPT,CHUH7 P1305,2027-03-05,P,1.305,0.055600000,3,
2026-08-13,CHU,OPT,CHUH7 P1310,2027-03-05,P,1.31,0.059600000,3,
2026-08-13,CHU,OPT,CHUH7 P1315,2027-03-05,P,1.315,0.063600000,3,
2026-08-13,CHU,OPT,CHUH7 P1320,2027-03-05,P,1.32,0.067800000,3,
2026-08-13,CHU,OPT,CHUH7 P1325,2027-03-05,P,1.325,0.072000000,3,
2026-08-13,CHU,OPT,CHUH7 P1330,2027-03-05,P,1.33,0.076300000,3,
2026-08-13,CHU,OPT,CHUH7 P1335,2027-03-05,P,1.335,0.080600000,3,
2026-08-13,CHU,OPT,CHUH7 P1340,2027-03-05,P,1.34,0.085000000,3,10
2026-08-13,CHU,OPT,CHUH7 P1345,2027-03-05,P,1.345,0.089400000,3,
2026-08-13,CHU,OPT,CHUH7 P1350,2027-03-05,P,1.35,0.093900000,3,
2026-08-13,CHU,OPT,CHUH7 P1355,2027-03-05,P,1.355,0.098400000,3,
2026-08-13,CHU,OPT,CHUH7 P1360,2027-03-05,P,1.36,0.103000000,3,
2026-08-13,CHU,OPT,CHUH7 P1365,2027-03-05,P,1.365,0.107600000,3,
2026-08-13,CHU,OPT,CHUH7 P1370,2027-03-05,P,1.37,0.112200000,3,
2026-08-13,CHU,OPT,CHUH7 P1375,2027-03-05,P,1.375,0.116800000,3,
2026-08-13,CHU,OPT,CHUH7 P1380,2027-03-05,P,1.38,0.121500000,3,
2026-08-13,CHU,OPT,CHUH7 P1385,2027-03-05,P,1.385,0.126200000,3,
2026-08-13,CHU,OPT,CHUH7 P1390,2027-03-05,P,1.39,0.131000000,3,
2026-08-13,CHU,OPT,CHUH7 P1395,2027-03-05,P,1.395,0.135700000,3,
2026-08-13,CHU,OPT,CHUH7 P1400,2027-03-05,P,1.4,0.140500000,3,
2026-08-13,CHU,OPT,CHUH7 P1405,2027-03-05,P,1.405,0.145200000,3,
2026-08-13,CHU,OPT,CHUH7 P1410,2027-03-05,P,1.41,0.150000000,3,
2026-08-13,CHU,OPT,CHUH7 P1420,2027-03-05,P,1.42,0.159600000,3,
2026-08-13,CHU,OPT,CHUH7 P1430,2027-03-05,P,1.43,0.169200000,3,
2026-08-13,CHU,OPT,CHUH7 P1440,2027-03-05,P,1.44,0.178900000,3,
2026-08-13,CHU,OPT,CHUH7 P1450,2027-03-05,P,1.45,0.188500000,3,
2026-08-13,CHU,OPT,CHUH7 P1460,2027-03-05,P,1.46,0.198200000,3,
2026-08-13,CHU,OPT,CHUJ7 C1170,2027-04-09,C,1.17,0.101000000,3,
2026-08-13,CHU,OPT,CHUJ7 C1180,2027-04-09,C,1.18,0.092000000,3,
2026-08-13,CHU,OPT,CHUJ7 C1190,2027-04-09,C,1.19,0.083300000,3,
2026-08-13,CHU,OPT,CHUJ7 C1200,2027-04-09,C,1.2,0.074900000,3,
2026-08-13,CHU,OPT,CHUJ7 C1210,2027-04-09,C,1.21,0.066700000,3,
2026-08-13,CHU,OPT,CHUJ7 C1215,2027-04-09,C,1.215,0.062800000,3,
2026-08-13,CHU,OPT,CHUJ7 C1220,2027-04-09,C,1.22,0.058900000,3,
2026-08-13,CHU,OPT,CHUJ7 C1225,2027-04-09,C,1.225,0.055100000,3,
2026-08-13,CHU,OPT,CHUJ7 C1230,2027-04-09,C,1.23,0.051500000,3,
2026-08-13,CHU,OPT,CHUJ7 C1235,2027-04-09,C,1.235,0.047900000,3,
2026-08-13,CHU,OPT,CHUJ7 C1240,2027-04-09,C,1.24,0.044500000,3,
2026-08-13,CHU,OPT,CHUJ7 C1245,2027-04-09,C,1.245,0.041300000,3,
2026-08-13,CHU,OPT,CHUJ7 C1250,2027-04-09,C,1.25,0.038200000,3,
2026-08-13,CHU,OPT,CHUJ7 C1255,2027-04-09,C,1.255,0.035300000,3,
2026-08-13,CHU,OPT,CHUJ7 C1260,2027-04-09,C,1.26,0.032500000,3,
2026-08-13,CHU,OPT,CHUJ7 C1265,2027-04-09,C,1.265,0.029900000,3,
2026-08-13,CHU,OPT,CHUJ7 C1270,2027-04-09,C,1.27,0.027500000,3,
2026-08-13,CHU,OPT,CHUJ7 C1275,2027-04-09,C,1.275,0.025200000,3,
2026-08-13,CHU,OPT,CHUJ7 C1280,2027-04-09,C,1.28,0.023100000,3,
2026-08-13,CHU,OPT,CHUJ7 C1285,2027-04-09,C,1.285,0.021100000,3,
2026-08-13,CHU,OPT,CHUJ7 C1290,2027-04-09,C,1.29,0.019300000,3,
2026-08-13,CHU,OPT,CHUJ7 C1295,2027-04-09,C,1.295,0.017700000,3,
2026-08-13,CHU,OPT,CHUJ7 C1300,2027-04-09,C,1.3,0.016100000,3,
2026-08-13,CHU,OPT,CHUJ7 C1305,2027-04-09,C,1.305,0.014700000,3,
2026-08-13,CHU,OPT,CHUJ7 C1310,2027-04-09,C,1.31,0.013500000,3,
2026-08-13,CHU,OPT,CHUJ7 C1315,2027-04-09,C,1.315,0.012300000,3,
2026-08-13,CHU,OPT,CHUJ7 C1320,2027-04-09,C,1.32,0.011300000,3,
2026-08-13,CHU,OPT,CHUJ7 C1325,2027-04-09,C,1.325,0.010300000,3,
2026-08-13,CHU,OPT,CHUJ7 C1330,2027-04-09,C,1.33,0.009400000,3,
2026-08-13,CHU,OPT,CHUJ7 C1335,2027-04-09,C,1.335,0.008600000,3,
2026-08-13,CHU,OPT,CHUJ7 C1340,2027-04-09,C,1.34,0.007900000,3,
2026-08-13,CHU,OPT,CHUJ7 C1345,2027-04-09,C,1.345,0.007300000,3,
2026-08-13,CHU,OPT,CHUJ7 C1350,2027-04-09,C,1.35,0.006700000,3,
2026-08-13,CHU,OPT,CHUJ7 C1355,2027-04-09,C,1.355,0.006100000,3,
2026-08-13,CHU,OPT,CHUJ7 C1360,2027-04-09,C,1.36,0.005600000,3,1
2026-08-13,CHU,OPT,CHUJ7 C1365,2027-04-09,C,1.365,0.005100000,3,
2026-08-13,CHU,OPT,CHUJ7 C1370,2027-04-09,C,1.37,0.004700000,3,1
2026-08-13,CHU,OPT,CHUJ7 C1375,2027-04-09,C,1.375,0.004300000,3,
2026-08-13,CHU,OPT,CHUJ7 C1380,2027-04-09,C,1.38,0.003900000,3,
2026-08-13,CHU,OPT,CHUJ7 C1385,2027-04-09,C,1.385,0.003600000,3,
2026-08-13,CHU,OPT,CHUJ7 C1390,2027-04-09,C,1.39,0.003300000,3,
2026-08-13,CHU,OPT,CHUJ7 C1400,2027-04-09,C,1.4,0.002800000,3,1
2026-08-13,CHU,OPT,CHUJ7 C1410,2027-04-09,C,1.41,0.002300000,3,
2026-08-13,CHU,OPT,CHUJ7 C1420,2027-04-09,C,1.42,0.001900000,3,
2026-08-13,CHU,OPT,CHUJ7 C1430,2027-04-09,C,1.43,0.001600000,3,
2026-08-13,CHU,OPT,CHUJ7 C1440,2027-04-09,C,1.44,0.001400000,3,
2026-08-13,CHU,OPT,CHUJ7 P1170,2027-04-09,P,1.17,0.002500000,3,
2026-08-13,CHU,OPT,CHUJ7 P1180,2027-04-09,P,1.18,0.003300000,3,
2026-08-13,CHU,OPT,CHUJ7 P1190,2027-04-09,P,1.19,0.004300000,3,
2026-08-13,CHU,OPT,CHUJ7 P1200,2027-04-09,P,1.2,0.005600000,3,
2026-08-13,CHU,OPT,CHUJ7 P1210,2027-04-09,P,1.21,0.007300000,3,
2026-08-13,CHU,OPT,CHUJ7 P1215,2027-04-09,P,1.215,0.008200000,3,
2026-08-13,CHU,OPT,CHUJ7 P1220,2027-04-09,P,1.22,0.009200000,3,
2026-08-13,CHU,OPT,CHUJ7 P1225,2027-04-09,P,1.225,0.010300000,3,
2026-08-13,CHU,OPT,CHUJ7 P1230,2027-04-09,P,1.23,0.011500000,3,
2026-08-13,CHU,OPT,CHUJ7 P1235,2027-04-09,P,1.235,0.012800000,3,
2026-08-13,CHU,OPT,CHUJ7 P1240,2027-04-09,P,1.24,0.014300000,3,
2026-08-13,CHU,OPT,CHUJ7 P1245,2027-04-09,P,1.245,0.016000000,3,
2026-08-13,CHU,OPT,CHUJ7 P1250,2027-04-09,P,1.25,0.017700000,3,
2026-08-13,CHU,OPT,CHUJ7 P1255,2027-04-09,P,1.255,0.019700000,3,
2026-08-13,CHU,OPT,CHUJ7 P1260,2027-04-09,P,1.26,0.021800000,3,1
2026-08-13,CHU,OPT,CHUJ7 P1265,2027-04-09,P,1.265,0.024100000,3,1
2026-08-13,CHU,OPT,CHUJ7 P1270,2027-04-09,P,1.27,0.026500000,3,
2026-08-13,CHU,OPT,CHUJ7 P1275,2027-04-09,P,1.275,0.029100000,3,
2026-08-13,CHU,OPT,CHUJ7 P1280,2027-04-09,P,1.28,0.031900000,3,
2026-08-13,CHU,OPT,CHUJ7 P1285,2027-04-09,P,1.285,0.034800000,3,
2026-08-13,CHU,OPT,CHUJ7 P1290,2027-04-09,P,1.29,0.037900000,3,
2026-08-13,CHU,OPT,CHUJ7 P1295,2027-04-09,P,1.295,0.041100000,3,
2026-08-13,CHU,OPT,CHUJ7 P1300,2027-04-09,P,1.3,0.044400000,3,
2026-08-13,CHU,OPT,CHUJ7 P1305,2027-04-09,P,1.305,0.047900000,3,
2026-08-13,CHU,OPT,CHUJ7 P1310,2027-04-09,P,1.31,0.051500000,3,
2026-08-13,CHU,OPT,CHUJ7 P1315,2027-04-09,P,1.315,0.055200000,3,
2026-08-13,CHU,OPT,CHUJ7 P1320,2027-04-09,P,1.32,0.059000000,3,
2026-08-13,CHU,OPT,CHUJ7 P1325,2027-04-09,P,1.325,0.063000000,3,
2026-08-13,CHU,OPT,CHUJ7 P1330,2027-04-09,P,1.33,0.067000000,3,
2026-08-13,CHU,OPT,CHUJ7 P1335,2027-04-09,P,1.335,0.071100000,3,
2026-08-13,CHU,OPT,CHUJ7 P1340,2027-04-09,P,1.34,0.075200000,3,
2026-08-13,CHU,OPT,CHUJ7 P1345,2027-04-09,P,1.345,0.079400000,3,
2026-08-13,CHU,OPT,CHUJ7 P1350,2027-04-09,P,1.35,0.083700000,3,
2026-08-13,CHU,OPT,CHUJ7 P1355,2027-04-09,P,1.355,0.088000000,3,
2026-08-13,CHU,OPT,CHUJ7 P1360,2027-04-09,P,1.36,0.092400000,3,
2026-08-13,CHU,OPT,CHUJ7 P1365,2027-04-09,P,1.365,0.096800000,3,
2026-08-13,CHU,OPT,CHUJ7 P1370,2027-04-09,P,1.37,0.101200000,3,
2026-08-13,CHU,OPT,CHUJ7 P1375,2027-04-09,P,1.375,0.105700000,3,
2026-08-13,CHU,OPT,CHUJ7 P1380,2027-04-09,P,1.38,0.110200000,3,
2026-08-13,CHU,OPT,CHUJ7 P1385,2027-04-09,P,1.385,0.114800000,3,
2026-08-13,CHU,OPT,CHUJ7 P1390,2027-04-09,P,1.39,0.119300000,3,
2026-08-13,CHU,OPT,CHUJ7 P1400,2027-04-09,P,1.4,0.128500000,3,
2026-08-13,CHU,OPT,CHUJ7 P1410,2027-04-09,P,1.41,0.137800000,3,
2026-08-13,CHU,OPT,CHUJ7 P1420,2027-04-09,P,1.42,0.147200000,3,
2026-08-13,CHU,OPT,CHUJ7 P1430,2027-04-09,P,1.43,0.156700000,3,
2026-08-13,CHU,OPT,CHUJ7 P1440,2027-04-09,P,1.44,0.166200000,3,
2026-08-13,CHU,OPT,CHUK7 C1170,2027-05-07,C,1.17,0.101700000,3,
2026-08-13,CHU,OPT,CHUK7 C1180,2027-05-07,C,1.18,0.092800000,3,
2026-08-13,CHU,OPT,CHUK7 C1190,2027-05-07,C,1.19,0.084200000,3,
2026-08-13,CHU,OPT,CHUK7 C1200,2027-05-07,C,1.2,0.075900000,3,
2026-08-13,CHU,OPT,CHUK7 C1210,2027-05-07,C,1.21,0.067800000,3,
2026-08-13,CHU,OPT,CHUK7 C1215,2027-05-07,C,1.215,0.063900000,3,
2026-08-13,CHU,OPT,CHUK7 C1220,2027-05-07,C,1.22,0.060100000,3,
2026-08-13,CHU,OPT,CHUK7 C1225,2027-05-07,C,1.225,0.056400000,3,
2026-08-13,CHU,OPT,CHUK7 C1230,2027-05-07,C,1.23,0.052900000,3,
2026-08-13,CHU,OPT,CHUK7 C1235,2027-05-07,C,1.235,0.049400000,3,
2026-08-13,CHU,OPT,CHUK7 C1240,2027-05-07,C,1.24,0.046100000,3,
2026-08-13,CHU,OPT,CHUK7 C1245,2027-05-07,C,1.245,0.042900000,3,
2026-08-13,CHU,OPT,CHUK7 C1250,2027-05-07,C,1.25,0.039900000,3,
2026-08-13,CHU,OPT,CHUK7 C1255,2027-05-07,C,1.255,0.037000000,3,
2026-08-13,CHU,OPT,CHUK7 C1260,2027-05-07,C,1.26,0.034300000,3,
2026-08-13,CHU,OPT,CHUK7 C1265,2027-05-07,C,1.265,0.031700000,3,
2026-08-13,CHU,OPT,CHUK7 C1270,2027-05-07,C,1.27,0.029300000,3,
2026-08-13,CHU,OPT,CHUK7 C1275,2027-05-07,C,1.275,0.027000000,3,
2026-08-13,CHU,OPT,CHUK7 C1280,2027-05-07,C,1.28,0.024900000,3,
2026-08-13,CHU,OPT,CHUK7 C1285,2027-05-07,C,1.285,0.023000000,3,
2026-08-13,CHU,OPT,CHUK7 C1290,2027-05-07,C,1.29,0.021200000,3,
2026-08-13,CHU,OPT,CHUK7 C1295,2027-05-07,C,1.295,0.019500000,3,
2026-08-13,CHU,OPT,CHUK7 C1300,2027-05-07,C,1.3,0.017900000,3,
2026-08-13,CHU,OPT,CHUK7 C1305,2027-05-07,C,1.305,0.016500000,3,
2026-08-13,CHU,OPT,CHUK7 C1310,2027-05-07,C,1.31,0.015200000,3,
2026-08-13,CHU,OPT,CHUK7 C1315,2027-05-07,C,1.315,0.014000000,3,
2026-08-13,CHU,OPT,CHUK7 C1320,2027-05-07,C,1.32,0.012800000,3,
2026-08-13,CHU,OPT,CHUK7 C1325,2027-05-07,C,1.325,0.011800000,3,1
2026-08-13,CHU,OPT,CHUK7 C1330,2027-05-07,C,1.33,0.010900000,3,
2026-08-13,CHU,OPT,CHUK7 C1335,2027-05-07,C,1.335,0.010000000,3,
2026-08-13,CHU,OPT,CHUK7 C1340,2027-05-07,C,1.34,0.009300000,3,
2026-08-13,CHU,OPT,CHUK7 C1345,2027-05-07,C,1.345,0.008600000,3,
2026-08-13,CHU,OPT,CHUK7 C1350,2027-05-07,C,1.35,0.007900000,3,
2026-08-13,CHU,OPT,CHUK7 C1355,2027-05-07,C,1.355,0.007300000,3,
2026-08-13,CHU,OPT,CHUK7 C1360,2027-05-07,C,1.36,0.006700000,3,
2026-08-13,CHU,OPT,CHUK7 C1365,2027-05-07,C,1.365,0.006200000,3,
2026-08-13,CHU,OPT,CHUK7 C1370,2027-05-07,C,1.37,0.005700000,3,
2026-08-13,CHU,OPT,CHUK7 C1375,2027-05-07,C,1.375,0.005300000,3,
2026-08-13,CHU,OPT,CHUK7 C1380,2027-05-07,C,1.38,0.004800000,3,
2026-08-13,CHU,OPT,CHUK7 C1385,2027-05-07,C,1.385,0.004500000,3,
2026-08-13,CHU,OPT,CHUK7 C1390,2027-05-07,C,1.39,0.004100000,3,
2026-08-13,CHU,OPT,CHUK7 C1400,2027-05-07,C,1.4,0.003500000,3,
2026-08-13,CHU,OPT,CHUK7 C1410,2027-05-07,C,1.41,0.003000000,3,
2026-08-13,CHU,OPT,CHUK7 C1420,2027-05-07,C,1.42,0.002500000,3,
2026-08-13,CHU,OPT,CHUK7 C1430,2027-05-07,C,1.43,0.002100000,3,
2026-08-13,CHU,OPT,CHUK7 C1440,2027-05-07,C,1.44,0.001800000,3,1
2026-08-13,CHU,OPT,CHUK7 P1170,2027-05-07,P,1.17,0.003500000,3,
2026-08-13,CHU,OPT,CHUK7 P1180,2027-05-07,P,1.18,0.004400000,3,
2026-08-13,CHU,OPT,CHUK7 P1190,2027-05-07,P,1.19,0.005500000,3,
2026-08-13,CHU,OPT,CHUK7 P1200,2027-05-07,P,1.2,0.006800000,3,1
2026-08-13,CHU,OPT,CHUK7 P1210,2027-05-07,P,1.21,0.008500000,3,
2026-08-13,CHU,OPT,CHUK7 P1215,2027-05-07,P,1.215,0.009500000,3,
2026-08-13,CHU,OPT,CHUK7 P1220,2027-05-07,P,1.22,0.010500000,3,
2026-08-13,CHU,OPT,CHUK7 P1225,2027-05-07,P,1.225,0.011700000,3,
2026-08-13,CHU,OPT,CHUK7 P1230,2027-05-07,P,1.23,0.013000000,3,
2026-08-13,CHU,OPT,CHUK7 P1235,2027-05-07,P,1.235,0.014400000,3,
2026-08-13,CHU,OPT,CHUK7 P1240,2027-05-07,P,1.24,0.016000000,3,
2026-08-13,CHU,OPT,CHUK7 P1245,2027-05-07,P,1.245,0.017600000,3,
2026-08-13,CHU,OPT,CHUK7 P1250,2027-05-07,P,1.25,0.019500000,3,
2026-08-13,CHU,OPT,CHUK7 P1255,2027-05-07,P,1.255,0.021500000,3,
2026-08-13,CHU,OPT,CHUK7 P1260,2027-05-07,P,1.26,0.023600000,3,
2026-08-13,CHU,OPT,CHUK7 P1265,2027-05-07,P,1.265,0.025900000,3,
2026-08-13,CHU,OPT,CHUK7 P1270,2027-05-07,P,1.27,0.028300000,3,
2026-08-13,CHU,OPT,CHUK7 P1275,2027-05-07,P,1.275,0.030900000,3,
2026-08-13,CHU,OPT,CHUK7 P1280,2027-05-07,P,1.28,0.033700000,3,
2026-08-13,CHU,OPT,CHUK7 P1285,2027-05-07,P,1.285,0.036600000,3,
2026-08-13,CHU,OPT,CHUK7 P1290,2027-05-07,P,1.29,0.039600000,3,
2026-08-13,CHU,OPT,CHUK7 P1295,2027-05-07,P,1.295,0.042800000,3,
2026-08-13,CHU,OPT,CHUK7 P1300,2027-05-07,P,1.3,0.046100000,3,
2026-08-13,CHU,OPT,CHUK7 P1305,2027-05-07,P,1.305,0.049500000,3,
2026-08-13,CHU,OPT,CHUK7 P1310,2027-05-07,P,1.31,0.053100000,3,
2026-08-13,CHU,OPT,CHUK7 P1315,2027-05-07,P,1.315,0.056700000,3,
2026-08-13,CHU,OPT,CHUK7 P1320,2027-05-07,P,1.32,0.060500000,3,
2026-08-13,CHU,OPT,CHUK7 P1325,2027-05-07,P,1.325,0.064300000,3,
2026-08-13,CHU,OPT,CHUK7 P1330,2027-05-07,P,1.33,0.068200000,3,
2026-08-13,CHU,OPT,CHUK7 P1335,2027-05-07,P,1.335,0.072300000,3,
2026-08-13,CHU,OPT,CHUK7 P1340,2027-05-07,P,1.34,0.076300000,3,
2026-08-13,CHU,OPT,CHUK7 P1345,2027-05-07,P,1.345,0.080500000,3,
2026-08-13,CHU,OPT,CHUK7 P1350,2027-05-07,P,1.35,0.084700000,3,
2026-08-13,CHU,OPT,CHUK7 P1355,2027-05-07,P,1.355,0.089000000,3,
2026-08-13,CHU,OPT,CHUK7 P1360,2027-05-07,P,1.36,0.093300000,3,
2026-08-13,CHU,OPT,CHUK7 P1365,2027-05-07,P,1.365,0.097600000,3,
2026-08-13,CHU,OPT,CHUK7 P1370,2027-05-07,P,1.37,0.102000000,3,
2026-08-13,CHU,OPT,CHUK7 P1375,2027-05-07,P,1.375,0.106400000,3,
2026-08-13,CHU,OPT,CHUK7 P1380,2027-05-07,P,1.38,0.110800000,3,
2026-08-13,CHU,OPT,CHUK7 P1385,2027-05-07,P,1.385,0.115300000,3,
2026-08-13,CHU,OPT,CHUK7 P1390,2027-05-07,P,1.39,0.119800000,3,
2026-08-13,CHU,OPT,CHUK7 P1400,2027-05-07,P,1.4,0.128900000,3,
2026-08-13,CHU,OPT,CHUK7 P1410,2027-05-07,P,1.41,0.138100000,3,
2026-08-13,CHU,OPT,CHUK7 P1420,2027-05-07,P,1.42,0.147400000,3,
2026-08-13,CHU,OPT,CHUK7 P1430,2027-05-07,P,1.43,0.156700000,3,
2026-08-13,CHU,OPT,CHUK7 P1440,2027-05-07,P,1.44,0.166100000,3,
2026-08-13,CHU,OPT,CHUM7 C1170,2027-06-04,C,1.17,0.102100000,3,
2026-08-13,CHU,OPT,CHUM7 C1180,2027-06-04,C,1.18,0.093400000,3,1
2026-08-13,CHU,OPT,CHUM7 C1190,2027-06-04,C,1.19,0.084900000,3,
2026-08-13,CHU,OPT,CHUM7 C1200,2027-06-04,C,1.2,0.076700000,3,
2026-08-13,CHU,OPT,CHUM7 C1210,2027-06-04,C,1.21,0.068700000,3,
2026-08-13,CHU,OPT,CHUM7 C1215,2027-06-04,C,1.215,0.064900000,3,
2026-08-13,CHU,OPT,CHUM7 C1220,2027-06-04,C,1.22,0.061200000,3,1
2026-08-13,CHU,OPT,CHUM7 C1225,2027-06-04,C,1.225,0.057600000,3,
2026-08-13,CHU,OPT,CHUM7 C1230,2027-06-04,C,1.23,0.054100000,3,
2026-08-13,CHU,OPT,CHUM7 C1235,2027-06-04,C,1.235,0.050800000,3,
2026-08-13,CHU,OPT,CHUM7 C1240,2027-06-04,C,1.24,0.047500000,3,
2026-08-13,CHU,OPT,CHUM7 C1245,2027-06-04,C,1.245,0.044400000,3,
2026-08-13,CHU,OPT,CHUM7 C1250,2027-06-04,C,1.25,0.041400000,3,
2026-08-13,CHU,OPT,CHUM7 C1255,2027-06-04,C,1.255,0.038600000,3,
2026-08-13,CHU,OPT,CHUM7 C1260,2027-06-04,C,1.26,0.035900000,3,
2026-08-13,CHU,OPT,CHUM7 C1265,2027-06-04,C,1.265,0.033400000,3,
2026-08-13,CHU,OPT,CHUM7 C1270,2027-06-04,C,1.27,0.031000000,3,
2026-08-13,CHU,OPT,CHUM7 C1275,2027-06-04,C,1.275,0.028700000,3,
2026-08-13,CHU,OPT,CHUM7 C1280,2027-06-04,C,1.28,0.026600000,3,
2026-08-13,CHU,OPT,CHUM7 C1285,2027-06-04,C,1.285,0.024700000,3,
2026-08-13,CHU,OPT,CHUM7 C1290,2027-06-04,C,1.29,0.022900000,3,
2026-08-13,CHU,OPT,CHUM7 C1295,2027-06-04,C,1.295,0.021200000,3,
2026-08-13,CHU,OPT,CHUM7 C1300,2027-06-04,C,1.3,0.019600000,3,
2026-08-13,CHU,OPT,CHUM7 C1305,2027-06-04,C,1.305,0.018100000,3,
2026-08-13,CHU,OPT,CHUM7 C1310,2027-06-04,C,1.31,0.016800000,3,
2026-08-13,CHU,OPT,CHUM7 C1315,2027-06-04,C,1.315,0.015500000,3,
2026-08-13,CHU,OPT,CHUM7 C1320,2027-06-04,C,1.32,0.014400000,3,
2026-08-13,CHU,OPT,CHUM7 C1325,2027-06-04,C,1.325,0.013300000,3,
2026-08-13,CHU,OPT,CHUM7 C1330,2027-06-04,C,1.33,0.012400000,3,
2026-08-13,CHU,OPT,CHUM7 C1335,2027-06-04,C,1.335,0.011500000,3,
2026-08-13,CHU,OPT,CHUM7 C1340,2027-06-04,C,1.34,0.010700000,3,
2026-08-13,CHU,OPT,CHUM7 C1345,2027-06-04,C,1.345,0.009900000,3,
2026-08-13,CHU,OPT,CHUM7 C1350,2027-06-04,C,1.35,0.009200000,3,
2026-08-13,CHU,OPT,CHUM7 C1355,2027-06-04,C,1.355,0.008500000,3,
2026-08-13,CHU,OPT,CHUM7 C1360,2027-06-04,C,1.36,0.007900000,3,2
2026-08-13,CHU,OPT,CHUM7 C1365,2027-06-04,C,1.365,0.007400000,3,
2026-08-13,CHU,OPT,CHUM7 C1370,2027-06-04,C,1.37,0.006800000,3,
2026-08-13,CHU,OPT,CHUM7 C1375,2027-06-04,C,1.375,0.006300000,3,
2026-08-13,CHU,OPT,CHUM7 C1380,2027-06-04,C,1.38,0.005900000,3,
2026-08-13,CHU,OPT,CHUM7 C1385,2027-06-04,C,1.385,0.005500000,3,
2026-08-13,CHU,OPT,CHUM7 C1390,2027-06-04,C,1.39,0.005100000,3,
2026-08-13,CHU,OPT,CHUM7 C1395,2027-06-04,C,1.395,0.004700000,3,
2026-08-13,CHU,OPT,CHUM7 C1400,2027-06-04,C,1.4,0.004400000,3,
2026-08-13,CHU,OPT,CHUM7 C1405,2027-06-04,C,1.405,0.004100000,3,
2026-08-13,CHU,OPT,CHUM7 C1410,2027-06-04,C,1.41,0.003800000,3,
2026-08-13,CHU,OPT,CHUM7 C1415,2027-06-04,C,1.415,0.003500000,3,
2026-08-13,CHU,OPT,CHUM7 C1420,2027-06-04,C,1.42,0.003300000,3,
2026-08-13,CHU,OPT,CHUM7 C1430,2027-06-04,C,1.43,0.002800000,3,
2026-08-13,CHU,OPT,CHUM7 C1440,2027-06-04,C,1.44,0.002500000,3,
2026-08-13,CHU,OPT,CHUM7 C1450,2027-06-04,C,1.45,0.002200000,3,
2026-08-13,CHU,OPT,CHUM7 C1460,2027-06-04,C,1.46,0.001900000,3,
2026-08-13,CHU,OPT,CHUM7 C1470,2027-06-04,C,1.47,0.001700000,3,
2026-08-13,CHU,OPT,CHUM7 P1170,2027-06-04,P,1.17,0.004200000,3,
2026-08-13,CHU,OPT,CHUM7 P1180,2027-06-04,P,1.18,0.005200000,3,
2026-08-13,CHU,OPT,CHUM7 P1190,2027-06-04,P,1.19,0.006400000,3,
2026-08-13,CHU,OPT,CHUM7 P1200,2027-06-04,P,1.2,0.007800000,3,
2026-08-13,CHU,OPT,CHUM7 P1210,2027-06-04,P,1.21,0.009600000,3,
2026-08-13,CHU,OPT,CHUM7 P1215,2027-06-04,P,1.215,0.010700000,3,
2026-08-13,CHU,OPT,CHUM7 P1220,2027-06-04,P,1.22,0.011800000,3,
2026-08-13,CHU,OPT,CHUM7 P1225,2027-06-04,P,1.225,0.013000000,3,
2026-08-13,CHU,OPT,CHUM7 P1230,2027-06-04,P,1.23,0.014400000,3,
2026-08-13,CHU,OPT,CHUM7 P1235,2027-06-04,P,1.235,0.015900000,3,
2026-08-13,CHU,OPT,CHUM7 P1240,2027-06-04,P,1.24,0.017500000,3,
2026-08-13,CHU,OPT,CHUM7 P1245,2027-06-04,P,1.245,0.019200000,3,
2026-08-13,CHU,OPT,CHUM7 P1250,2027-06-04,P,1.25,0.021100000,3,
2026-08-13,CHU,OPT,CHUM7 P1255,2027-06-04,P,1.255,0.023100000,3,
2026-08-13,CHU,OPT,CHUM7 P1260,2027-06-04,P,1.26,0.025300000,3,
2026-08-13,CHU,OPT,CHUM7 P1265,2027-06-04,P,1.265,0.027600000,3,
2026-08-13,CHU,OPT,CHUM7 P1270,2027-06-04,P,1.27,0.030000000,3,
2026-08-13,CHU,OPT,CHUM7 P1275,2027-06-04,P,1.275,0.032600000,3,
2026-08-13,CHU,OPT,CHUM7 P1280,2027-06-04,P,1.28,0.035400000,3,
2026-08-13,CHU,OPT,CHUM7 P1285,2027-06-04,P,1.285,0.038300000,3,
2026-08-13,CHU,OPT,CHUM7 P1290,2027-06-04,P,1.29,0.041300000,3,
2026-08-13,CHU,OPT,CHUM7 P1295,2027-06-04,P,1.295,0.044400000,3,
2026-08-13,CHU,OPT,CHUM7 P1300,2027-06-04,P,1.3,0.047700000,3,
2026-08-13,CHU,OPT,CHUM7 P1305,2027-06-04,P,1.305,0.051100000,3,
2026-08-13,CHU,OPT,CHUM7 P1310,2027-06-04,P,1.31,0.054600000,3,
2026-08-13,CHU,OPT,CHUM7 P1315,2027-06-04,P,1.315,0.058200000,3,
2026-08-13,CHU,OPT,CHUM7 P1320,2027-06-04,P,1.32,0.061900000,3,
2026-08-13,CHU,OPT,CHUM7 P1325,2027-06-04,P,1.325,0.065700000,3,
2026-08-13,CHU,OPT,CHUM7 P1330,2027-06-04,P,1.33,0.069600000,3,
2026-08-13,CHU,OPT,CHUM7 P1335,2027-06-04,P,1.335,0.073500000,3,
2026-08-13,CHU,OPT,CHUM7 P1340,2027-06-04,P,1.34,0.077500000,3,
2026-08-13,CHU,OPT,CHUM7 P1345,2027-06-04,P,1.345,0.081600000,3,
2026-08-13,CHU,OPT,CHUM7 P1350,2027-06-04,P,1.35,0.085700000,3,
2026-08-13,CHU,OPT,CHUM7 P1355,2027-06-04,P,1.355,0.089900000,3,
2026-08-13,CHU,OPT,CHUM7 P1360,2027-06-04,P,1.36,0.094200000,3,
2026-08-13,CHU,OPT,CHUM7 P1365,2027-06-04,P,1.365,0.098400000,3,
2026-08-13,CHU,OPT,CHUM7 P1370,2027-06-04,P,1.37,0.102800000,3,
2026-08-13,CHU,OPT,CHUM7 P1375,2027-06-04,P,1.375,0.107100000,3,
2026-08-13,CHU,OPT,CHUM7 P1380,2027-06-04,P,1.38,0.111500000,3,
2026-08-13,CHU,OPT,CHUM7 P1385,2027-06-04,P,1.385,0.116000000,3,
2026-08-13,CHU,OPT,CHUM7 P1390,2027-06-04,P,1.39,0.120400000,3,
2026-08-13,CHU,OPT,CHUM7 P1395,2027-06-04,P,1.395,0.124900000,3,
2026-08-13,CHU,OPT,CHUM7 P1400,2027-06-04,P,1.4,0.129400000,3,
2026-08-13,CHU,OPT,CHUM7 P1405,2027-06-04,P,1.405,0.134000000,3,
2026-08-13,CHU,OPT,CHUM7 P1410,2027-06-04,P,1.41,0.138500000,3,
2026-08-13,CHU,OPT,CHUM7 P1415,2027-06-04,P,1.415,0.143100000,3,
2026-08-13,CHU,OPT,CHUM7 P1420,2027-06-04,P,1.42,0.147700000,3,
2026-08-13,CHU,OPT,CHUM7 P1430,2027-06-04,P,1.43,0.156900000,3,
2026-08-13,CHU,OPT,CHUM7 P1440,2027-06-04,P,1.44,0.166300000,3,
2026-08-13,CHU,OPT,CHUM7 P1450,2027-06-04,P,1.45,0.175600000,3,
2026-08-13,CHU,OPT,CHUM7 P1460,2027-06-04,P,1.46,0.185100000,3,
2026-08-13,CHU,OPT,CHUM7 P1470,2027-06-04,P,1.47,0.194500000,3,
2026-08-13,CHU,OPT,CHUN7 C1180,2027-07-09,C,1.18,0.104900000,3,
2026-08-13,CHU,OPT,CHUN7 C1190,2027-07-09,C,1.19,0.096400000,3,
2026-08-13,CHU,OPT,CHUN7 C1200,2027-07-09,C,1.2,0.088200000,3,
2026-08-13,CHU,OPT,CHUN7 C1210,2027-07-09,C,1.21,0.080100000,3,
2026-08-13,CHU,OPT,CHUN7 C1220,2027-07-09,C,1.22,0.072400000,3,
2026-08-13,CHU,OPT,CHUN7 C1230,2027-07-09,C,1.23,0.064900000,3,1
2026-08-13,CHU,OPT,CHUN7 C1235,2027-07-09,C,1.235,0.061400000,3,
2026-08-13,CHU,OPT,CHUN7 C1240,2027-07-09,C,1.24,0.057900000,3,
2026-08-13,CHU,OPT,CHUN7 C1245,2027-07-09,C,1.245,0.054500000,3,
2026-08-13,CHU,OPT,CHUN7 C1250,2027-07-09,C,1.25,0.051300000,3,
2026-08-13,CHU,OPT,CHUN7 C1255,2027-07-09,C,1.255,0.048200000,3,
2026-08-13,CHU,OPT,CHUN7 C1260,2027-07-09,C,1.26,0.045200000,3,
2026-08-13,CHU,OPT,CHUN7 C1265,2027-07-09,C,1.265,0.042300000,3,
2026-08-13,CHU,OPT,CHUN7 C1270,2027-07-09,C,1.27,0.039600000,3,
2026-08-13,CHU,OPT,CHUN7 C1275,2027-07-09,C,1.275,0.037000000,3,
2026-08-13,CHU,OPT,CHUN7 C1280,2027-07-09,C,1.28,0.034600000,3,
2026-08-13,CHU,OPT,CHUN7 C1285,2027-07-09,C,1.285,0.032300000,3,
2026-08-13,CHU,OPT,CHUN7 C1290,2027-07-09,C,1.29,0.030100000,3,
2026-08-13,CHU,OPT,CHUN7 C1295,2027-07-09,C,1.295,0.028100000,3,
2026-08-13,CHU,OPT,CHUN7 C1300,2027-07-09,C,1.3,0.026100000,3,
2026-08-13,CHU,OPT,CHUN7 C1305,2027-07-09,C,1.305,0.024400000,3,
2026-08-13,CHU,OPT,CHUN7 C1310,2027-07-09,C,1.31,0.022700000,3,
2026-08-13,CHU,OPT,CHUN7 C1315,2027-07-09,C,1.315,0.021100000,3,
2026-08-13,CHU,OPT,CHUN7 C1320,2027-07-09,C,1.32,0.019700000,3,
2026-08-13,CHU,OPT,CHUN7 C1325,2027-07-09,C,1.325,0.018300000,3,
2026-08-13,CHU,OPT,CHUN7 C1330,2027-07-09,C,1.33,0.017100000,3,
2026-08-13,CHU,OPT,CHUN7 C1335,2027-07-09,C,1.335,0.016000000,3,
2026-08-13,CHU,OPT,CHUN7 C1340,2027-07-09,C,1.34,0.014900000,3,
2026-08-13,CHU,OPT,CHUN7 C1345,2027-07-09,C,1.345,0.013900000,3,
2026-08-13,CHU,OPT,CHUN7 C1350,2027-07-09,C,1.35,0.013000000,3,
2026-08-13,CHU,OPT,CHUN7 C1355,2027-07-09,C,1.355,0.012100000,3,
2026-08-13,CHU,OPT,CHUN7 C1360,2027-07-09,C,1.36,0.011300000,3,1
2026-08-13,CHU,OPT,CHUN7 C1370,2027-07-09,C,1.37,0.009800000,3,
2026-08-13,CHU,OPT,CHUN7 C1380,2027-07-09,C,1.38,0.008500000,3,
2026-08-13,CHU,OPT,CHUN7 C1390,2027-07-09,C,1.39,0.007300000,3,
2026-08-13,CHU,OPT,CHUN7 C1400,2027-07-09,C,1.4,0.006300000,3,7
2026-08-13,CHU,OPT,CHUN7 P1180,2027-07-09,P,1.18,0.004700000,3,
2026-08-13,CHU,OPT,CHUN7 P1190,2027-07-09,P,1.19,0.005900000,3,
2026-08-13,CHU,OPT,CHUN7 P1200,2027-07-09,P,1.2,0.007300000,3,1
2026-08-13,CHU,OPT,CHUN7 P1210,2027-07-09,P,1.21,0.008900000,3,
2026-08-13,CHU,OPT,CHUN7 P1220,2027-07-09,P,1.22,0.010800000,3,
2026-08-13,CHU,OPT,CHUN7 P1230,2027-07-09,P,1.23,0.013000000,3,
2026-08-13,CHU,OPT,CHUN7 P1235,2027-07-09,P,1.235,0.014300000,3,
2026-08-13,CHU,OPT,CHUN7 P1240,2027-07-09,P,1.24,0.015600000,3,
2026-08-13,CHU,OPT,CHUN7 P1245,2027-07-09,P,1.245,0.017100000,3,
2026-08-13,CHU,OPT,CHUN7 P1250,2027-07-09,P,1.25,0.018700000,3,
2026-08-13,CHU,OPT,CHUN7 P1255,2027-07-09,P,1.255,0.020400000,3,
2026-08-13,CHU,OPT,CHUN7 P1260,2027-07-09,P,1.26,0.022200000,3,
2026-08-13,CHU,OPT,CHUN7 P1265,2027-07-09,P,1.265,0.024200000,3,
2026-08-13,CHU,OPT,CHUN7 P1270,2027-07-09,P,1.27,0.026300000,3,
2026-08-13,CHU,OPT,CHUN7 P1275,2027-07-09,P,1.275,0.028500000,3,
2026-08-13,CHU,OPT,CHUN7 P1280,2027-07-09,P,1.28,0.030900000,3,
2026-08-13,CHU,OPT,CHUN7 P1285,2027-07-09,P,1.285,0.033400000,3,
2026-08-13,CHU,OPT,CHUN7 P1290,2027-07-09,P,1.29,0.036100000,3,
2026-08-13,CHU,OPT,CHUN7 P1295,2027-07-09,P,1.295,0.038900000,3,
2026-08-13,CHU,OPT,CHUN7 P1300,2027-07-09,P,1.3,0.041800000,3,
2026-08-13,CHU,OPT,CHUN7 P1305,2027-07-09,P,1.305,0.044800000,3,
2026-08-13,CHU,OPT,CHUN7 P1310,2027-07-09,P,1.31,0.048000000,3,
2026-08-13,CHU,OPT,CHUN7 P1315,2027-07-09,P,1.315,0.051200000,3,
2026-08-13,CHU,OPT,CHUN7 P1320,2027-07-09,P,1.32,0.054600000,3,
2026-08-13,CHU,OPT,CHUN7 P1325,2027-07-09,P,1.325,0.058100000,3,
2026-08-13,CHU,OPT,CHUN7 P1330,2027-07-09,P,1.33,0.061700000,3,
2026-08-13,CHU,OPT,CHUN7 P1335,2027-07-09,P,1.335,0.065400000,3,
2026-08-13,CHU,OPT,CHUN7 P1340,2027-07-09,P,1.34,0.069100000,3,
2026-08-13,CHU,OPT,CHUN7 P1345,2027-07-09,P,1.345,0.073000000,3,
2026-08-13,CHU,OPT,CHUN7 P1350,2027-07-09,P,1.35,0.076900000,3,
2026-08-13,CHU,OPT,CHUN7 P1355,2027-07-09,P,1.355,0.080900000,3,
2026-08-13,CHU,OPT,CHUN7 P1360,2027-07-09,P,1.36,0.084900000,3,
2026-08-13,CHU,OPT,CHUN7 P1370,2027-07-09,P,1.37,0.093000000,3,
2026-08-13,CHU,OPT,CHUN7 P1380,2027-07-09,P,1.38,0.101300000,3,
2026-08-13,CHU,OPT,CHUN7 P1390,2027-07-09,P,1.39,0.109800000,3,
2026-08-13,CHU,OPT,CHUN7 P1400,2027-07-09,P,1.4,0.118500000,3,
2026-08-13,CHU,OPT,CHUQ7 C1190,2027-08-06,C,1.19,0.097000000,3,
2026-08-13,CHU,OPT,CHUQ7 C1200,2027-08-06,C,1.2,0.088800000,3,
2026-08-13,CHU,OPT,CHUQ7 C1210,2027-08-06,C,1.21,0.081000000,3,
2026-08-13,CHU,OPT,CHUQ7 C1220,2027-08-06,C,1.22,0.073400000,3,
2026-08-13,CHU,OPT,CHUQ7 C1230,2027-08-06,C,1.23,0.066100000,3,
2026-08-13,CHU,OPT,CHUQ7 C1235,2027-08-06,C,1.235,0.062600000,3,
2026-08-13,CHU,OPT,CHUQ7 C1240,2027-08-06,C,1.24,0.059200000,3,
2026-08-13,CHU,OPT,CHUQ7 C1245,2027-08-06,C,1.245,0.055900000,3,
2026-08-13,CHU,OPT,CHUQ7 C1250,2027-08-06,C,1.25,0.052700000,3,
2026-08-13,CHU,OPT,CHUQ7 C1255,2027-08-06,C,1.255,0.049600000,3,
2026-08-13,CHU,OPT,CHUQ7 C1260,2027-08-06,C,1.26,0.046700000,3,
2026-08-13,CHU,OPT,CHUQ7 C1265,2027-08-06,C,1.265,0.043900000,3,
2026-08-13,CHU,OPT,CHUQ7 C1270,2027-08-06,C,1.27,0.041200000,3,
2026-08-13,CHU,OPT,CHUQ7 C1275,2027-08-06,C,1.275,0.038700000,3,
2026-08-13,CHU,OPT,CHUQ7 C1280,2027-08-06,C,1.28,0.036300000,3,
2026-08-13,CHU,OPT,CHUQ7 C1285,2027-08-06,C,1.285,0.034000000,3,
2026-08-13,CHU,OPT,CHUQ7 C1290,2027-08-06,C,1.29,0.031800000,3,
2026-08-13,CHU,OPT,CHUQ7 C1295,2027-08-06,C,1.295,0.029700000,3,
2026-08-13,CHU,OPT,CHUQ7 C1300,2027-08-06,C,1.3,0.027800000,3,
2026-08-13,CHU,OPT,CHUQ7 C1305,2027-08-06,C,1.305,0.026000000,3,
2026-08-13,CHU,OPT,CHUQ7 C1310,2027-08-06,C,1.31,0.024300000,3,
2026-08-13,CHU,OPT,CHUQ7 C1315,2027-08-06,C,1.315,0.022700000,3,
2026-08-13,CHU,OPT,CHUQ7 C1320,2027-08-06,C,1.32,0.021300000,3,
2026-08-13,CHU,OPT,CHUQ7 C1325,2027-08-06,C,1.325,0.019900000,3,
2026-08-13,CHU,OPT,CHUQ7 C1330,2027-08-06,C,1.33,0.018700000,3,
2026-08-13,CHU,OPT,CHUQ7 C1335,2027-08-06,C,1.335,0.017500000,3,
2026-08-13,CHU,OPT,CHUQ7 C1340,2027-08-06,C,1.34,0.016400000,3,
2026-08-13,CHU,OPT,CHUQ7 C1345,2027-08-06,C,1.345,0.015300000,3,
2026-08-13,CHU,OPT,CHUQ7 C1350,2027-08-06,C,1.35,0.014300000,3,
2026-08-13,CHU,OPT,CHUQ7 C1360,2027-08-06,C,1.36,0.012500000,3,
2026-08-13,CHU,OPT,CHUQ7 C1370,2027-08-06,C,1.37,0.010900000,3,
2026-08-13,CHU,OPT,CHUQ7 C1380,2027-08-06,C,1.38,0.009600000,3,
2026-08-13,CHU,OPT,CHUQ7 C1390,2027-08-06,C,1.39,0.008400000,3,
2026-08-13,CHU,OPT,CHUQ7 P1190,2027-08-06,P,1.19,0.006700000,3,
2026-08-13,CHU,OPT,CHUQ7 P1200,2027-08-06,P,1.2,0.008200000,3,
2026-08-13,CHU,OPT,CHUQ7 P1210,2027-08-06,P,1.21,0.009900000,3,
2026-08-13,CHU,OPT,CHUQ7 P1220,2027-08-06,P,1.22,0.012000000,3,
2026-08-13,CHU,OPT,CHUQ7 P1230,2027-08-06,P,1.23,0.014300000,3,
2026-08-13,CHU,OPT,CHUQ7 P1235,2027-08-06,P,1.235,0.015600000,3,
2026-08-13,CHU,OPT,CHUQ7 P1240,2027-08-06,P,1.24,0.017100000,3,
2026-08-13,CHU,OPT,CHUQ7 P1245,2027-08-06,P,1.245,0.018600000,3,
2026-08-13,CHU,OPT,CHUQ7 P1250,2027-08-06,P,1.25,0.020200000,3,
2026-08-13,CHU,OPT,CHUQ7 P1255,2027-08-06,P,1.255,0.021900000,3,
2026-08-13,CHU,OPT,CHUQ7 P1260,2027-08-06,P,1.26,0.023800000,3,
2026-08-13,CHU,OPT,CHUQ7 P1265,2027-08-06,P,1.265,0.025800000,3,
2026-08-13,CHU,OPT,CHUQ7 P1270,2027-08-06,P,1.27,0.027900000,3,
2026-08-13,CHU,OPT,CHUQ7 P1275,2027-08-06,P,1.275,0.030200000,3,
2026-08-13,CHU,OPT,CHUQ7 P1280,2027-08-06,P,1.28,0.032600000,3,
2026-08-13,CHU,OPT,CHUQ7 P1285,2027-08-06,P,1.285,0.035100000,3,
2026-08-13,CHU,OPT,CHUQ7 P1290,2027-08-06,P,1.29,0.037800000,3,
2026-08-13,CHU,OPT,CHUQ7 P1295,2027-08-06,P,1.295,0.040500000,3,
2026-08-13,CHU,OPT,CHUQ7 P1300,2027-08-06,P,1.3,0.043400000,3,
2026-08-13,CHU,OPT,CHUQ7 P1305,2027-08-06,P,1.305,0.046400000,3,
2026-08-13,CHU,OPT,CHUQ7 P1310,2027-08-06,P,1.31,0.049500000,3,
2026-08-13,CHU,OPT,CHUQ7 P1315,2027-08-06,P,1.315,0.052700000,3,
2026-08-13,CHU,OPT,CHUQ7 P1320,2027-08-06,P,1.32,0.056100000,3,
2026-08-13,CHU,OPT,CHUQ7 P1325,2027-08-06,P,1.325,0.059600000,3,
2026-08-13,CHU,OPT,CHUQ7 P1330,2027-08-06,P,1.33,0.063100000,3,
2026-08-13,CHU,OPT,CHUQ7 P1335,2027-08-06,P,1.335,0.066800000,3,
2026-08-13,CHU,OPT,CHUQ7 P1340,2027-08-06,P,1.34,0.070400000,3,
2026-08-13,CHU,OPT,CHUQ7 P1345,2027-08-06,P,1.345,0.074200000,3,
2026-08-13,CHU,OPT,CHUQ7 P1350,2027-08-06,P,1.35,0.078000000,3,
2026-08-13,CHU,OPT,CHUQ7 P1360,2027-08-06,P,1.36,0.085800000,3,
2026-08-13,CHU,OPT,CHUQ7 P1370,2027-08-06,P,1.37,0.093900000,3,
2026-08-13,CHU,OPT,CHUQ7 P1380,2027-08-06,P,1.38,0.102100000,3,
2026-08-13,CHU,OPT,CHUQ7 P1390,2027-08-06,P,1.39,0.110600000,3,
2026-08-13,CHU,OPT,CHUU7 C1180,2027-09-03,C,1.18,0.106100000,3,
2026-08-13,CHU,OPT,CHUU7 C1190,2027-09-03,C,1.19,0.097800000,3,
2026-08-13,CHU,OPT,CHUU7 C1200,2027-09-03,C,1.2,0.089700000,3,
2026-08-13,CHU,OPT,CHUU7 C1210,2027-09-03,C,1.21,0.081900000,3,
2026-08-13,CHU,OPT,CHUU7 C1220,2027-09-03,C,1.22,0.074400000,3,
2026-08-13,CHU,OPT,CHUU7 C1230,2027-09-03,C,1.23,0.067200000,3,
2026-08-13,CHU,OPT,CHUU7 C1235,2027-09-03,C,1.235,0.063800000,3,
2026-08-13,CHU,OPT,CHUU7 C1240,2027-09-03,C,1.24,0.060500000,3,
2026-08-13,CHU,OPT,CHUU7 C1245,2027-09-03,C,1.245,0.057200000,3,
2026-08-13,CHU,OPT,CHUU7 C1250,2027-09-03,C,1.25,0.054100000,3,
2026-08-13,CHU,OPT,CHUU7 C1255,2027-09-03,C,1.255,0.051100000,3,
2026-08-13,CHU,OPT,CHUU7 C1260,2027-09-03,C,1.26,0.048200000,3,
2026-08-13,CHU,OPT,CHUU7 C1265,2027-09-03,C,1.265,0.045400000,3,
2026-08-13,CHU,OPT,CHUU7 C1270,2027-09-03,C,1.27,0.042700000,3,
2026-08-13,CHU,OPT,CHUU7 C1275,2027-09-03,C,1.275,0.040200000,3,
2026-08-13,CHU,OPT,CHUU7 C1280,2027-09-03,C,1.28,0.037800000,3,
2026-08-13,CHU,OPT,CHUU7 C1285,2027-09-03,C,1.285,0.035500000,3,
2026-08-13,CHU,OPT,CHUU7 C1290,2027-09-03,C,1.29,0.033300000,3,
2026-08-13,CHU,OPT,CHUU7 C1295,2027-09-03,C,1.295,0.031300000,3,
2026-08-13,CHU,OPT,CHUU7 C1300,2027-09-03,C,1.3,0.029400000,3,
2026-08-13,CHU,OPT,CHUU7 C1305,2027-09-03,C,1.305,0.027600000,3,
2026-08-13,CHU,OPT,CHUU7 C1310,2027-09-03,C,1.31,0.025900000,3,
2026-08-13,CHU,OPT,CHUU7 C1315,2027-09-03,C,1.315,0.024300000,3,
2026-08-13,CHU,OPT,CHUU7 C1320,2027-09-03,C,1.32,0.022800000,3,
2026-08-13,CHU,OPT,CHUU7 C1325,2027-09-03,C,1.325,0.021400000,3,
2026-08-13,CHU,OPT,CHUU7 C1330,2027-09-03,C,1.33,0.020100000,3,
2026-08-13,CHU,OPT,CHUU7 C1335,2027-09-03,C,1.335,0.018900000,3,
2026-08-13,CHU,OPT,CHUU7 C1340,2027-09-03,C,1.34,0.017800000,3,
2026-08-13,CHU,OPT,CHUU7 C1345,2027-09-03,C,1.345,0.016700000,3,
2026-08-13,CHU,OPT,CHUU7 C1350,2027-09-03,C,1.35,0.015700000,3,
2026-08-13,CHU,OPT,CHUU7 C1355,2027-09-03,C,1.355,0.014800000,3,
2026-08-13,CHU,OPT,CHUU7 C1360,2027-09-03,C,1.36,0.013900000,3,
2026-08-13,CHU,OPT,CHUU7 C1365,2027-09-03,C,1.365,0.013100000,3,
2026-08-13,CHU,OPT,CHUU7 C1370,2027-09-03,C,1.37,0.012300000,3,
2026-08-13,CHU,OPT,CHUU7 C1375,2027-09-03,C,1.375,0.011600000,3,
2026-08-13,CHU,OPT,CHUU7 C1380,2027-09-03,C,1.38,0.011000000,3,
2026-08-13,CHU,OPT,CHUU7 C1385,2027-09-03,C,1.385,0.010300000,3,
2026-08-13,CHU,OPT,CHUU7 C1390,2027-09-03,C,1.39,0.009700000,3,
2026-08-13,CHU,OPT,CHUU7 C1395,2027-09-03,C,1.395,0.009200000,3,
2026-08-13,CHU,OPT,CHUU7 C1400,2027-09-03,C,1.4,0.008700000,3,
2026-08-13,CHU,OPT,CHUU7 C1405,2027-09-03,C,1.405,0.008200000,3,
2026-08-13,CHU,OPT,CHUU7 C1410,2027-09-03,C,1.41,0.007700000,3,
2026-08-13,CHU,OPT,CHUU7 C1415,2027-09-03,C,1.415,0.007200000,3,
2026-08-13,CHU,OPT,CHUU7 C1420,2027-09-03,C,1.42,0.006800000,3,
2026-08-13,CHU,OPT,CHUU7 C1425,2027-09-03,C,1.425,0.006400000,3,
2026-08-13,CHU,OPT,CHUU7 C1430,2027-09-03,C,1.43,0.006000000,3,
2026-08-13,CHU,OPT,CHUU7 C1435,2027-09-03,C,1.435,0.005700000,3,
2026-08-13,CHU,OPT,CHUU7 C1440,2027-09-03,C,1.44,0.005400000,3,
2026-08-13,CHU,OPT,CHUU7 C1450,2027-09-03,C,1.45,0.004800000,3,
2026-08-13,CHU,OPT,CHUU7 C1460,2027-09-03,C,1.46,0.004300000,3,
2026-08-13,CHU,OPT,CHUU7 C1470,2027-09-03,C,1.47,0.003800000,3,
2026-08-13,CHU,OPT,CHUU7 C1480,2027-09-03,C,1.48,0.003400000,3,
2026-08-13,CHU,OPT,CHUU7 P1180,2027-09-03,P,1.18,0.006500000,3,
2026-08-13,CHU,OPT,CHUU7 P1190,2027-09-03,P,1.19,0.007800000,3,
2026-08-13,CHU,OPT,CHUU7 P1200,2027-09-03,P,1.2,0.009400000,3,
2026-08-13,CHU,OPT,CHUU7 P1210,2027-09-03,P,1.21,0.011100000,3,
2026-08-13,CHU,OPT,CHUU7 P1220,2027-09-03,P,1.22,0.013200000,3,
2026-08-13,CHU,OPT,CHUU7 P1230,2027-09-03,P,1.23,0.015600000,3,
2026-08-13,CHU,OPT,CHUU7 P1235,2027-09-03,P,1.235,0.017000000,3,
2026-08-13,CHU,OPT,CHUU7 P1240,2027-09-03,P,1.24,0.018500000,3,
2026-08-13,CHU,OPT,CHUU7 P1245,2027-09-03,P,1.245,0.020000000,3,
2026-08-13,CHU,OPT,CHUU7 P1250,2027-09-03,P,1.25,0.021700000,3,
2026-08-13,CHU,OPT,CHUU7 P1255,2027-09-03,P,1.255,0.023500000,3,
2026-08-13,CHU,OPT,CHUU7 P1260,2027-09-03,P,1.26,0.025400000,3,
2026-08-13,CHU,OPT,CHUU7 P1265,2027-09-03,P,1.265,0.027400000,3,
2026-08-13,CHU,OPT,CHUU7 P1270,2027-09-03,P,1.27,0.029500000,3,
2026-08-13,CHU,OPT,CHUU7 P1275,2027-09-03,P,1.275,0.031700000,3,
2026-08-13,CHU,OPT,CHUU7 P1280,2027-09-03,P,1.28,0.034100000,3,
2026-08-13,CHU,OPT,CHUU7 P1285,2027-09-03,P,1.285,0.036600000,3,1
2026-08-13,CHU,OPT,CHUU7 P1290,2027-09-03,P,1.29,0.039300000,3,
2026-08-13,CHU,OPT,CHUU7 P1295,2027-09-03,P,1.295,0.042000000,3,
2026-08-13,CHU,OPT,CHUU7 P1300,2027-09-03,P,1.3,0.044900000,3,
2026-08-13,CHU,OPT,CHUU7 P1305,2027-09-03,P,1.305,0.047900000,3,
2026-08-13,CHU,OPT,CHUU7 P1310,2027-09-03,P,1.31,0.051000000,3,
2026-08-13,CHU,OPT,CHUU7 P1315,2027-09-03,P,1.315,0.054200000,3,
2026-08-13,CHU,OPT,CHUU7 P1320,2027-09-03,P,1.32,0.057600000,3,
2026-08-13,CHU,OPT,CHUU7 P1325,2027-09-03,P,1.325,0.061000000,3,
2026-08-13,CHU,OPT,CHUU7 P1330,2027-09-03,P,1.33,0.064400000,3,
2026-08-13,CHU,OPT,CHUU7 P1335,2027-09-03,P,1.335,0.068000000,3,
2026-08-13,CHU,OPT,CHUU7 P1340,2027-09-03,P,1.34,0.071700000,3,
2026-08-13,CHU,OPT,CHUU7 P1345,2027-09-03,P,1.345,0.075400000,3,
2026-08-13,CHU,OPT,CHUU7 P1350,2027-09-03,P,1.35,0.079200000,3,
2026-08-13,CHU,OPT,CHUU7 P1355,2027-09-03,P,1.355,0.083100000,3,
2026-08-13,CHU,OPT,CHUU7 P1360,2027-09-03,P,1.36,0.087000000,3,
2026-08-13,CHU,OPT,CHUU7 P1365,2027-09-03,P,1.365,0.091000000,3,
2026-08-13,CHU,OPT,CHUU7 P1370,2027-09-03,P,1.37,0.095000000,3,
2026-08-13,CHU,OPT,CHUU7 P1375,2027-09-03,P,1.375,0.099100000,3,
2026-08-13,CHU,OPT,CHUU7 P1380,2027-09-03,P,1.38,0.103200000,3,
2026-08-13,CHU,OPT,CHUU7 P1385,2027-09-03,P,1.385,0.107400000,3,
2026-08-13,CHU,OPT,CHUU7 P1390,2027-09-03,P,1.39,0.111600000,3,
2026-08-13,CHU,OPT,CHUU7 P1395,2027-09-03,P,1.395,0.115900000,3,
2026-08-13,CHU,OPT,CHUU7 P1400,2027-09-03,P,1.4,0.120100000,3,
2026-08-13,CHU,OPT,CHUU7 P1405,2027-09-03,P,1.405,0.124400000,3,
2026-08-13,CHU,OPT,CHUU7 P1410,2027-09-03,P,1.41,0.128800000,3,
2026-08-13,CHU,OPT,CHUU7 P1415,2027-09-03,P,1.415,0.133100000,3,
2026-08-13,CHU,OPT,CHUU7 P1420,2027-09-03,P,1.42,0.137500000,3,
2026-08-13,CHU,OPT,CHUU7 P1425,2027-09-03,P,1.425,0.141900000,3,
2026-08-13,CHU,OPT,CHUU7 P1430,2027-09-03,P,1.43,0.146300000,3,
2026-08-13,CHU,OPT,CHUU7 P1435,2027-09-03,P,1.435,0.150700000,3,
2026-08-13,CHU,OPT,CHUU7 P1440,2027-09-03,P,1.44,0.155200000,3,
2026-08-13,CHU,OPT,CHUU7 P1450,2027-09-03,P,1.45,0.164200000,3,
2026-08-13,CHU,OPT,CHUU7 P1460,2027-09-03,P,1.46,0.173300000,3,
2026-08-13,CHU,OPT,CHUU7 P1470,2027-09-03,P,1.47,0.182400000,3,
2026-08-13,CHU,OPT,CHUU7 P1480,2027-09-03,P,1.48,0.191600000,3,
2026-08-13,CHU,OPT,CHUZ7 C1190,2027-12-03,C,1.19,0.108200000,3,
2026-08-13,CHU,OPT,CHUZ7 C1200,2027-12-03,C,1.2,0.100400000,3,
2026-08-13,CHU,OPT,CHUZ7 C1210,2027-12-03,C,1.21,0.092900000,3,
2026-08-13,CHU,OPT,CHUZ7 C1220,2027-12-03,C,1.22,0.085700000,3,
2026-08-13,CHU,OPT,CHUZ7 C1230,2027-12-03,C,1.23,0.078800000,3,
2026-08-13,CHU,OPT,CHUZ7 C1240,2027-12-03,C,1.24,0.072300000,3,
2026-08-13,CHU,OPT,CHUZ7 C1245,2027-12-03,C,1.245,0.069100000,3,
2026-08-13,CHU,OPT,CHUZ7 C1250,2027-12-03,C,1.25,0.065800000,3,
2026-08-13,CHU,OPT,CHUZ7 C1255,2027-12-03,C,1.255,0.062600000,3,
2026-08-13,CHU,OPT,CHUZ7 C1260,2027-12-03,C,1.26,0.059500000,3,
2026-08-13,CHU,OPT,CHUZ7 C1265,2027-12-03,C,1.265,0.056500000,3,
2026-08-13,CHU,OPT,CHUZ7 C1270,2027-12-03,C,1.27,0.053600000,3,
2026-08-13,CHU,OPT,CHUZ7 C1275,2027-12-03,C,1.275,0.050800000,3,
2026-08-13,CHU,OPT,CHUZ7 C1280,2027-12-03,C,1.28,0.048100000,3,
2026-08-13,CHU,OPT,CHUZ7 C1285,2027-12-03,C,1.285,0.045500000,3,
2026-08-13,CHU,OPT,CHUZ7 C1290,2027-12-03,C,1.29,0.043100000,3,
2026-08-13,CHU,OPT,CHUZ7 C1295,2027-12-03,C,1.295,0.040700000,3,
2026-08-13,CHU,OPT,CHUZ7 C1300,2027-12-03,C,1.3,0.038500000,3,
2026-08-13,CHU,OPT,CHUZ7 C1305,2027-12-03,C,1.305,0.036300000,3,
2026-08-13,CHU,OPT,CHUZ7 C1310,2027-12-03,C,1.31,0.034300000,3,
2026-08-13,CHU,OPT,CHUZ7 C1315,2027-12-03,C,1.315,0.032500000,3,
2026-08-13,CHU,OPT,CHUZ7 C1320,2027-12-03,C,1.32,0.030700000,3,
2026-08-13,CHU,OPT,CHUZ7 C1325,2027-12-03,C,1.325,0.029000000,3,
2026-08-13,CHU,OPT,CHUZ7 C1330,2027-12-03,C,1.33,0.027400000,3,
2026-08-13,CHU,OPT,CHUZ7 C1335,2027-12-03,C,1.335,0.025900000,3,
2026-08-13,CHU,OPT,CHUZ7 C1340,2027-12-03,C,1.34,0.024500000,3,
2026-08-13,CHU,OPT,CHUZ7 C1345,2027-12-03,C,1.345,0.023200000,3,
2026-08-13,CHU,OPT,CHUZ7 C1350,2027-12-03,C,1.35,0.021900000,3,
2026-08-13,CHU,OPT,CHUZ7 C1355,2027-12-03,C,1.355,0.020700000,3,
2026-08-13,CHU,OPT,CHUZ7 C1360,2027-12-03,C,1.36,0.019600000,3,
2026-08-13,CHU,OPT,CHUZ7 C1365,2027-12-03,C,1.365,0.018500000,3,
2026-08-13,CHU,OPT,CHUZ7 C1370,2027-12-03,C,1.37,0.017500000,3,
2026-08-13,CHU,OPT,CHUZ7 C1375,2027-12-03,C,1.375,0.016600000,3,
2026-08-13,CHU,OPT,CHUZ7 C1380,2027-12-03,C,1.38,0.015700000,3,
2026-08-13,CHU,OPT,CHUZ7 C1385,2027-12-03,C,1.385,0.014900000,3,
2026-08-13,CHU,OPT,CHUZ7 C1390,2027-12-03,C,1.39,0.014200000,3,
2026-08-13,CHU,OPT,CHUZ7 C1395,2027-12-03,C,1.395,0.013400000,3,
2026-08-13,CHU,OPT,CHUZ7 C1400,2027-12-03,C,1.4,0.012800000,3,4
2026-08-13,CHU,OPT,CHUZ7 C1405,2027-12-03,C,1.405,0.012100000,3,
2026-08-13,CHU,OPT,CHUZ7 C1410,2027-12-03,C,1.41,0.011500000,3,
2026-08-13,CHU,OPT,CHUZ7 C1415,2027-12-03,C,1.415,0.011000000,3,
2026-08-13,CHU,OPT,CHUZ7 C1420,2027-12-03,C,1.42,0.010400000,3,
2026-08-13,CHU,OPT,CHUZ7 C1425,2027-12-03,C,1.425,0.009900000,3,
2026-08-13,CHU,OPT,CHUZ7 C1430,2027-12-03,C,1.43,0.009400000,3,
2026-08-13,CHU,OPT,CHUZ7 C1435,2027-12-03,C,1.435,0.009000000,3,
2026-08-13,CHU,OPT,CHUZ7 C1440,2027-12-03,C,1.44,0.008600000,3,
2026-08-13,CHU,OPT,CHUZ7 C1445,2027-12-03,C,1.445,0.008200000,3,
2026-08-13,CHU,OPT,CHUZ7 C1450,2027-12-03,C,1.45,0.007800000,3,
2026-08-13,CHU,OPT,CHUZ7 C1460,2027-12-03,C,1.46,0.007200000,3,
2026-08-13,CHU,OPT,CHUZ7 C1470,2027-12-03,C,1.47,0.006600000,3,
2026-08-13,CHU,OPT,CHUZ7 C1480,2027-12-03,C,1.48,0.006100000,3,
2026-08-13,CHU,OPT,CHUZ7 C1490,2027-12-03,C,1.49,0.005700000,3,
2026-08-13,CHU,OPT,CHUZ7 P1190,2027-12-03,P,1.19,0.007400000,3,
2026-08-13,CHU,OPT,CHUZ7 P1200,2027-12-03,P,1.2,0.009100000,3,
2026-08-13,CHU,OPT,CHUZ7 P1210,2027-12-03,P,1.21,0.011100000,3,
2026-08-13,CHU,OPT,CHUZ7 P1220,2027-12-03,P,1.22,0.013400000,3,
2026-08-13,CHU,OPT,CHUZ7 P1230,2027-12-03,P,1.23,0.016000000,3,
2026-08-13,CHU,OPT,CHUZ7 P1240,2027-12-03,P,1.24,0.018900000,3,
2026-08-13,CHU,OPT,CHUZ7 P1245,2027-12-03,P,1.245,0.020500000,3,
2026-08-13,CHU,OPT,CHUZ7 P1250,2027-12-03,P,1.25,0.022000000,3,
2026-08-13,CHU,OPT,CHUZ7 P1255,2027-12-03,P,1.255,0.023600000,3,
2026-08-13,CHU,OPT,CHUZ7 P1260,2027-12-03,P,1.26,0.025200000,3,
2026-08-13,CHU,OPT,CHUZ7 P1265,2027-12-03,P,1.265,0.026900000,3,
2026-08-13,CHU,OPT,CHUZ7 P1270,2027-12-03,P,1.27,0.028800000,3,
2026-08-13,CHU,OPT,CHUZ7 P1275,2027-12-03,P,1.275,0.030700000,3,
2026-08-13,CHU,OPT,CHUZ7 P1280,2027-12-03,P,1.28,0.032800000,3,
2026-08-13,CHU,OPT,CHUZ7 P1285,2027-12-03,P,1.285,0.034900000,3,
2026-08-13,CHU,OPT,CHUZ7 P1290,2027-12-03,P,1.29,0.037200000,3,
2026-08-13,CHU,OPT,CHUZ7 P1295,2027-12-03,P,1.295,0.039600000,3,
2026-08-13,CHU,OPT,CHUZ7 P1300,2027-12-03,P,1.3,0.042100000,3,
2026-08-13,CHU,OPT,CHUZ7 P1305,2027-12-03,P,1.305,0.044800000,3,
2026-08-13,CHU,OPT,CHUZ7 P1310,2027-12-03,P,1.31,0.047500000,3,
2026-08-13,CHU,OPT,CHUZ7 P1315,2027-12-03,P,1.315,0.050400000,3,
2026-08-13,CHU,OPT,CHUZ7 P1320,2027-12-03,P,1.32,0.053300000,3,
2026-08-13,CHU,OPT,CHUZ7 P1325,2027-12-03,P,1.325,0.056400000,3,
2026-08-13,CHU,OPT,CHUZ7 P1330,2027-12-03,P,1.33,0.059500000,3,
2026-08-13,CHU,OPT,CHUZ7 P1335,2027-12-03,P,1.335,0.062800000,3,
2026-08-13,CHU,OPT,CHUZ7 P1340,2027-12-03,P,1.34,0.066100000,3,
2026-08-13,CHU,OPT,CHUZ7 P1345,2027-12-03,P,1.345,0.069500000,3,
2026-08-13,CHU,OPT,CHUZ7 P1350,2027-12-03,P,1.35,0.073000000,3,
2026-08-13,CHU,OPT,CHUZ7 P1355,2027-12-03,P,1.355,0.076600000,3,
2026-08-13,CHU,OPT,CHUZ7 P1360,2027-12-03,P,1.36,0.080200000,3,
2026-08-13,CHU,OPT,CHUZ7 P1365,2027-12-03,P,1.365,0.083900000,3,
2026-08-13,CHU,OPT,CHUZ7 P1370,2027-12-03,P,1.37,0.087700000,3,
2026-08-13,CHU,OPT,CHUZ7 P1375,2027-12-03,P,1.375,0.091500000,3,
2026-08-13,CHU,OPT,CHUZ7 P1380,2027-12-03,P,1.38,0.095400000,3,
2026-08-13,CHU,OPT,CHUZ7 P1385,2027-12-03,P,1.385,0.099300000,3,
2026-08-13,CHU,OPT,CHUZ7 P1390,2027-12-03,P,1.39,0.103300000,3,
2026-08-13,CHU,OPT,CHUZ7 P1395,2027-12-03,P,1.395,0.107300000,3,
2026-08-13,CHU,OPT,CHUZ7 P1400,2027-12-03,P,1.4,0.111400000,3,
2026-08-13,CHU,OPT,CHUZ7 P1405,2027-12-03,P,1.405,0.115500000,3,
2026-08-13,CHU,OPT,CHUZ7 P1410,2027-12-03,P,1.41,0.119600000,3,
2026-08-13,CHU,OPT,CHUZ7 P1415,2027-12-03,P,1.415,0.123800000,3,
2026-08-13,CHU,OPT,CHUZ7 P1420,2027-12-03,P,1.42,0.128000000,3,
2026-08-13,CHU,OPT,CHUZ7 P1425,2027-12-03,P,1.425,0.132300000,3,
2026-08-13,CHU,OPT,CHUZ7 P1430,2027-12-03,P,1.43,0.136600000,3,
2026-08-13,CHU,OPT,CHUZ7 P1435,2027-12-03,P,1.435,0.140800000,3,
2026-08-13,CHU,OPT,CHUZ7 P1440,2027-12-03,P,1.44,0.145200000,3,
2026-08-13,CHU,OPT,CHUZ7 P1445,2027-12-03,P,1.445,0.149500000,3,
2026-08-13,CHU,OPT,CHUZ7 P1450,2027-12-03,P,1.45,0.153900000,3,
2026-08-13,CHU,OPT,CHUZ7 P1460,2027-12-03,P,1.46,0.162800000,3,
2026-08-13,CHU,OPT,CHUZ7 P1470,2027-12-03,P,1.47,0.171700000,3,
2026-08-13,CHU,OPT,CHUZ7 P1480,2027-12-03,P,1.48,0.180700000,3,
2026-08-13,CHU,OPT,CHUZ7 P1490,2027-12-03,P,1.49,0.189800000,3,
2026-08-13,CHU,OPT,CHUH8 C1210,2028-03-03,C,1.21,0.103800000,3,
2026-08-13,CHU,OPT,CHUH8 C1220,2028-03-03,C,1.22,0.096600000,3,
2026-08-13,CHU,OPT,CHUH8 C1230,2028-03-03,C,1.23,0.089600000,3,
2026-08-13,CHU,OPT,CHUH8 C1240,2028-03-03,C,1.24,0.083000000,3,
2026-08-13,CHU,OPT,CHUH8 C1250,2028-03-03,C,1.25,0.076700000,3,
2026-08-13,CHU,OPT,CHUH8 C1255,2028-03-03,C,1.255,0.073700000,3,
2026-08-13,CHU,OPT,CHUH8 C1260,2028-03-03,C,1.26,0.070500000,3,
2026-08-13,CHU,OPT,CHUH8 C1265,2028-03-03,C,1.265,0.067400000,3,
2026-08-13,CHU,OPT,CHUH8 C1270,2028-03-03,C,1.27,0.064300000,3,
2026-08-13,CHU,OPT,CHUH8 C1275,2028-03-03,C,1.275,0.061300000,3,
2026-08-13,CHU,OPT,CHUH8 C1280,2028-03-03,C,1.28,0.058400000,3,
2026-08-13,CHU,OPT,CHUH8 C1285,2028-03-03,C,1.285,0.055600000,3,
2026-08-13,CHU,OPT,CHUH8 C1290,2028-03-03,C,1.29,0.053000000,3,
2026-08-13,CHU,OPT,CHUH8 C1295,2028-03-03,C,1.295,0.050400000,3,
2026-08-13,CHU,OPT,CHUH8 C1300,2028-03-03,C,1.3,0.047900000,3,
2026-08-13,CHU,OPT,CHUH8 C1305,2028-03-03,C,1.305,0.045600000,3,
2026-08-13,CHU,OPT,CHUH8 C1310,2028-03-03,C,1.31,0.043300000,3,
2026-08-13,CHU,OPT,CHUH8 C1315,2028-03-03,C,1.315,0.041200000,3,
2026-08-13,CHU,OPT,CHUH8 C1320,2028-03-03,C,1.32,0.039200000,3,
2026-08-13,CHU,OPT,CHUH8 C1325,2028-03-03,C,1.325,0.037200000,3,
2026-08-13,CHU,OPT,CHUH8 C1330,2028-03-03,C,1.33,0.035400000,3,
2026-08-13,CHU,OPT,CHUH8 C1335,2028-03-03,C,1.335,0.033700000,3,
2026-08-13,CHU,OPT,CHUH8 C1340,2028-03-03,C,1.34,0.032100000,3,
2026-08-13,CHU,OPT,CHUH8 C1345,2028-03-03,C,1.345,0.030500000,3,
2026-08-13,CHU,OPT,CHUH8 C1350,2028-03-03,C,1.35,0.029100000,3,
2026-08-13,CHU,OPT,CHUH8 C1355,2028-03-03,C,1.355,0.027700000,3,
2026-08-13,CHU,OPT,CHUH8 C1360,2028-03-03,C,1.36,0.026300000,3,
2026-08-13,CHU,OPT,CHUH8 C1365,2028-03-03,C,1.365,0.025100000,3,
2026-08-13,CHU,OPT,CHUH8 C1370,2028-03-03,C,1.37,0.023900000,3,
2026-08-13,CHU,OPT,CHUH8 C1375,2028-03-03,C,1.375,0.022800000,3,
2026-08-13,CHU,OPT,CHUH8 C1380,2028-03-03,C,1.38,0.021700000,3,
2026-08-13,CHU,OPT,CHUH8 C1385,2028-03-03,C,1.385,0.020700000,3,
2026-08-13,CHU,OPT,CHUH8 C1390,2028-03-03,C,1.39,0.019800000,3,
2026-08-13,CHU,OPT,CHUH8 C1395,2028-03-03,C,1.395,0.018900000,3,
2026-08-13,CHU,OPT,CHUH8 C1400,2028-03-03,C,1.4,0.018100000,3,
2026-08-13,CHU,OPT,CHUH8 C1405,2028-03-03,C,1.405,0.017300000,3,
2026-08-13,CHU,OPT,CHUH8 C1410,2028-03-03,C,1.41,0.016500000,3,
2026-08-13,CHU,OPT,CHUH8 C1415,2028-03-03,C,1.415,0.015800000,3,
2026-08-13,CHU,OPT,CHUH8 C1420,2028-03-03,C,1.42,0.015100000,3,
2026-08-13,CHU,OPT,CHUH8 C1425,2028-03-03,C,1.425,0.014600000,3,
2026-08-13,CHU,OPT,CHUH8 C1430,2028-03-03,C,1.43,0.014000000,3,
2026-08-13,CHU,OPT,CHUH8 C1440,2028-03-03,C,1.44,0.013000000,3,
2026-08-13,CHU,OPT,CHUH8 C1450,2028-03-03,C,1.45,0.012100000,3,
2026-08-13,CHU,OPT,CHUH8 C1460,2028-03-03,C,1.46,0.011300000,3,
2026-08-13,CHU,OPT,CHUH8 C1470,2028-03-03,C,1.47,0.010500000,3,
2026-08-13,CHU,OPT,CHUH8 C1480,2028-03-03,C,1.48,0.009900000,3,
2026-08-13,CHU,OPT,CHUH8 P1210,2028-03-03,P,1.21,0.010900000,3,
2026-08-13,CHU,OPT,CHUH8 P1220,2028-03-03,P,1.22,0.013100000,3,
2026-08-13,CHU,OPT,CHUH8 P1230,2028-03-03,P,1.23,0.015600000,3,
2026-08-13,CHU,OPT,CHUH8 P1240,2028-03-03,P,1.24,0.018400000,3,
2026-08-13,CHU,OPT,CHUH8 P1250,2028-03-03,P,1.25,0.021500000,3,
2026-08-13,CHU,OPT,CHUH8 P1255,2028-03-03,P,1.255,0.023100000,3,
2026-08-13,CHU,OPT,CHUH8 P1260,2028-03-03,P,1.26,0.024600000,3,
2026-08-13,CHU,OPT,CHUH8 P1265,2028-03-03,P,1.265,0.026200000,3,
2026-08-13,CHU,OPT,CHUH8 P1270,2028-03-03,P,1.27,0.027800000,3,
2026-08-13,CHU,OPT,CHUH8 P1275,2028-03-03,P,1.275,0.029500000,3,
2026-08-13,CHU,OPT,CHUH8 P1280,2028-03-03,P,1.28,0.031400000,3,
2026-08-13,CHU,OPT,CHUH8 P1285,2028-03-03,P,1.285,0.033300000,3,
2026-08-13,CHU,OPT,CHUH8 P1290,2028-03-03,P,1.29,0.035300000,3,
2026-08-13,CHU,OPT,CHUH8 P1295,2028-03-03,P,1.295,0.037400000,3,
2026-08-13,CHU,OPT,CHUH8 P1300,2028-03-03,P,1.3,0.039600000,3,
2026-08-13,CHU,OPT,CHUH8 P1305,2028-03-03,P,1.305,0.042000000,3,
2026-08-13,CHU,OPT,CHUH8 P1310,2028-03-03,P,1.31,0.044400000,3,
2026-08-13,CHU,OPT,CHUH8 P1315,2028-03-03,P,1.315,0.047000000,3,
2026-08-13,CHU,OPT,CHUH8 P1320,2028-03-03,P,1.32,0.049700000,3,
2026-08-13,CHU,OPT,CHUH8 P1325,2028-03-03,P,1.325,0.052500000,3,
2026-08-13,CHU,OPT,CHUH8 P1330,2028-03-03,P,1.33,0.055400000,3,
2026-08-13,CHU,OPT,CHUH8 P1335,2028-03-03,P,1.335,0.058300000,3,
2026-08-13,CHU,OPT,CHUH8 P1340,2028-03-03,P,1.34,0.061400000,3,
2026-08-13,CHU,OPT,CHUH8 P1345,2028-03-03,P,1.345,0.064600000,3,
2026-08-13,CHU,OPT,CHUH8 P1350,2028-03-03,P,1.35,0.067800000,3,
2026-08-13,CHU,OPT,CHUH8 P1355,2028-03-03,P,1.355,0.071100000,3,
2026-08-13,CHU,OPT,CHUH8 P1360,2028-03-03,P,1.36,0.074500000,3,
2026-08-13,CHU,OPT,CHUH8 P1365,2028-03-03,P,1.365,0.077900000,3,
2026-08-13,CHU,OPT,CHUH8 P1370,2028-03-03,P,1.37,0.081400000,3,
2026-08-13,CHU,OPT,CHUH8 P1375,2028-03-03,P,1.375,0.085000000,3,
2026-08-13,CHU,OPT,CHUH8 P1380,2028-03-03,P,1.38,0.088700000,3,
2026-08-13,CHU,OPT,CHUH8 P1385,2028-03-03,P,1.385,0.092400000,3,
2026-08-13,CHU,OPT,CHUH8 P1390,2028-03-03,P,1.39,0.096100000,3,
2026-08-13,CHU,OPT,CHUH8 P1395,2028-03-03,P,1.395,0.099900000,3,
2026-08-13,CHU,OPT,CHUH8 P1400,2028-03-03,P,1.4,0.103800000,3,
2026-08-13,CHU,OPT,CHUH8 P1405,2028-03-03,P,1.405,0.107700000,3,
2026-08-13,CHU,OPT,CHUH8 P1410,2028-03-03,P,1.41,0.111700000,3,
2026-08-13,CHU,OPT,CHUH8 P1415,2028-03-03,P,1.415,0.115600000,3,
2026-08-13,CHU,OPT,CHUH8 P1420,2028-03-03,P,1.42,0.119700000,3,
2026-08-13,CHU,OPT,CHUH8 P1425,2028-03-03,P,1.425,0.123800000,3,
2026-08-13,CHU,OPT,CHUH8 P1430,2028-03-03,P,1.43,0.128000000,3,
2026-08-13,CHU,OPT,CHUH8 P1440,2028-03-03,P,1.44,0.136400000,3,
2026-08-13,CHU,OPT,CHUH8 P1450,2028-03-03,P,1.45,0.144900000,3,
2026-08-13,CHU,OPT,CHUH8 P1460,2028-03-03,P,1.46,0.153400000,3,
2026-08-13,CHU,OPT,CHUH8 P1470,2028-03-03,P,1.47,0.162100000,3,
2026-08-13,CHU,OPT,CHUH8 P1480,2028-03-03,P,1.48,0.170800000,3,
2026-08-13,CHU,OPT,CHUM8 C1220,2028-06-09,C,1.22,0.108700000,3,
2026-08-13,CHU,OPT,CHUM8 C1230,2028-06-09,C,1.23,0.101600000,3,
2026-08-13,CHU,OPT,CHUM8 C1240,2028-06-09,C,1.24,0.094700000,3,
2026-08-13,CHU,OPT,CHUM8 C1250,2028-06-09,C,1.25,0.088100000,3,
2026-08-13,CHU,OPT,CHUM8 C1260,2028-06-09,C,1.26,0.081800000,3,
2026-08-13,CHU,OPT,CHUM8 C1270,2028-06-09,C,1.27,0.075700000,3,
2026-08-13,CHU,OPT,CHUM8 C1275,2028-06-09,C,1.275,0.072600000,3,
2026-08-13,CHU,OPT,CHUM8 C1280,2028-06-09,C,1.28,0.069500000,3,
2026-08-13,CHU,OPT,CHUM8 C1285,2028-06-09,C,1.285,0.066600000,3,
2026-08-13,CHU,OPT,CHUM8 C1290,2028-06-09,C,1.29,0.063700000,3,
2026-08-13,CHU,OPT,CHUM8 C1295,2028-06-09,C,1.295,0.060900000,3,
2026-08-13,CHU,OPT,CHUM8 C1300,2028-06-09,C,1.3,0.058200000,3,
2026-08-13,CHU,OPT,CHUM8 C1305,2028-06-09,C,1.305,0.055600000,3,
2026-08-13,CHU,OPT,CHUM8 C1310,2028-06-09,C,1.31,0.053100000,3,
2026-08-13,CHU,OPT,CHUM8 C1315,2028-06-09,C,1.315,0.050700000,3,
2026-08-13,CHU,OPT,CHUM8 C1320,2028-06-09,C,1.32,0.048400000,3,
2026-08-13,CHU,OPT,CHUM8 C1325,2028-06-09,C,1.325,0.046200000,3,
2026-08-13,CHU,OPT,CHUM8 C1330,2028-06-09,C,1.33,0.044100000,3,
2026-08-13,CHU,OPT,CHUM8 C1335,2028-06-09,C,1.335,0.042200000,3,
2026-08-13,CHU,OPT,CHUM8 C1340,2028-06-09,C,1.34,0.040300000,3,
2026-08-13,CHU,OPT,CHUM8 C1345,2028-06-09,C,1.345,0.038500000,3,
2026-08-13,CHU,OPT,CHUM8 C1350,2028-06-09,C,1.35,0.036800000,3,
2026-08-13,CHU,OPT,CHUM8 C1355,2028-06-09,C,1.355,0.035200000,3,
2026-08-13,CHU,OPT,CHUM8 C1360,2028-06-09,C,1.36,0.033700000,3,
2026-08-13,CHU,OPT,CHUM8 C1365,2028-06-09,C,1.365,0.032200000,3,
2026-08-13,CHU,OPT,CHUM8 C1370,2028-06-09,C,1.37,0.030900000,3,
2026-08-13,CHU,OPT,CHUM8 C1375,2028-06-09,C,1.375,0.029600000,3,
2026-08-13,CHU,OPT,CHUM8 C1380,2028-06-09,C,1.38,0.028300000,3,
2026-08-13,CHU,OPT,CHUM8 C1385,2028-06-09,C,1.385,0.027100000,3,
2026-08-13,CHU,OPT,CHUM8 C1390,2028-06-09,C,1.39,0.026000000,3,
2026-08-13,CHU,OPT,CHUM8 C1395,2028-06-09,C,1.395,0.024900000,3,
2026-08-13,CHU,OPT,CHUM8 C1400,2028-06-09,C,1.4,0.023900000,3,
2026-08-13,CHU,OPT,CHUM8 C1405,2028-06-09,C,1.405,0.023000000,3,
2026-08-13,CHU,OPT,CHUM8 C1410,2028-06-09,C,1.41,0.022200000,3,
2026-08-13,CHU,OPT,CHUM8 C1415,2028-06-09,C,1.415,0.021400000,3,
2026-08-13,CHU,OPT,CHUM8 C1420,2028-06-09,C,1.42,0.020600000,3,
2026-08-13,CHU,OPT,CHUM8 C1430,2028-06-09,C,1.43,0.019200000,3,
2026-08-13,CHU,OPT,CHUM8 C1440,2028-06-09,C,1.44,0.017900000,3,
2026-08-13,CHU,OPT,CHUM8 C1450,2028-06-09,C,1.45,0.016700000,3,
2026-08-13,CHU,OPT,CHUM8 C1460,2028-06-09,C,1.46,0.015700000,3,
2026-08-13,CHU,OPT,CHUM8 P1220,2028-06-09,P,1.22,0.013600000,3,
2026-08-13,CHU,OPT,CHUM8 P1230,2028-06-09,P,1.23,0.015800000,3,
2026-08-13,CHU,OPT,CHUM8 P1240,2028-06-09,P,1.24,0.018300000,3,
2026-08-13,CHU,OPT,CHUM8 P1250,2028-06-09,P,1.25,0.020900000,3,
2026-08-13,CHU,OPT,CHUM8 P1260,2028-06-09,P,1.26,0.023900000,3,
2026-08-13,CHU,OPT,CHUM8 P1270,2028-06-09,P,1.27,0.027100000,3,
2026-08-13,CHU,OPT,CHUM8 P1275,2028-06-09,P,1.275,0.028700000,3,
2026-08-13,CHU,OPT,CHUM8 P1280,2028-06-09,P,1.28,0.030300000,3,
2026-08-13,CHU,OPT,CHUM8 P1285,2028-06-09,P,1.285,0.032000000,3,
2026-08-13,CHU,OPT,CHUM8 P1290,2028-06-09,P,1.29,0.033700000,3,
2026-08-13,CHU,OPT,CHUM8 P1295,2028-06-09,P,1.295,0.035600000,3,
2026-08-13,CHU,OPT,CHUM8 P1300,2028-06-09,P,1.3,0.037600000,3,
2026-08-13,CHU,OPT,CHUM8 P1305,2028-06-09,P,1.305,0.039600000,3,
2026-08-13,CHU,OPT,CHUM8 P1310,2028-06-09,P,1.31,0.041800000,3,
2026-08-13,CHU,OPT,CHUM8 P1315,2028-06-09,P,1.315,0.044000000,3,
2026-08-13,CHU,OPT,CHUM8 P1320,2028-06-09,P,1.32,0.046400000,3,
2026-08-13,CHU,OPT,CHUM8 P1325,2028-06-09,P,1.325,0.048800000,3,
2026-08-13,CHU,OPT,CHUM8 P1330,2028-06-09,P,1.33,0.051400000,3,
2026-08-13,CHU,OPT,CHUM8 P1335,2028-06-09,P,1.335,0.054100000,3,
2026-08-13,CHU,OPT,CHUM8 P1340,2028-06-09,P,1.34,0.056800000,3,
2026-08-13,CHU,OPT,CHUM8 P1345,2028-06-09,P,1.345,0.059700000,3,
2026-08-13,CHU,OPT,CHUM8 P1350,2028-06-09,P,1.35,0.062700000,3,
2026-08-13,CHU,OPT,CHUM8 P1355,2028-06-09,P,1.355,0.065700000,3,
2026-08-13,CHU,OPT,CHUM8 P1360,2028-06-09,P,1.36,0.068800000,3,
2026-08-13,CHU,OPT,CHUM8 P1365,2028-06-09,P,1.365,0.072100000,3,
2026-08-13,CHU,OPT,CHUM8 P1370,2028-06-09,P,1.37,0.075300000,3,
2026-08-13,CHU,OPT,CHUM8 P1375,2028-06-09,P,1.375,0.078700000,3,
2026-08-13,CHU,OPT,CHUM8 P1380,2028-06-09,P,1.38,0.082100000,3,
2026-08-13,CHU,OPT,CHUM8 P1385,2028-06-09,P,1.385,0.085500000,3,
2026-08-13,CHU,OPT,CHUM8 P1390,2028-06-09,P,1.39,0.089100000,3,
2026-08-13,CHU,OPT,CHUM8 P1395,2028-06-09,P,1.395,0.092600000,3,
2026-08-13,CHU,OPT,CHUM8 P1400,2028-06-09,P,1.4,0.096300000,3,
2026-08-13,CHU,OPT,CHUM8 P1405,2028-06-09,P,1.405,0.100000000,3,
2026-08-13,CHU,OPT,CHUM8 P1410,2028-06-09,P,1.41,0.103800000,3,
2026-08-13,CHU,OPT,CHUM8 P1415,2028-06-09,P,1.415,0.107700000,3,
2026-08-13,CHU,OPT,CHUM8 P1420,2028-06-09,P,1.42,0.111600000,3,
2026-08-13,CHU,OPT,CHUM8 P1430,2028-06-09,P,1.43,0.119500000,3,
2026-08-13,CHU,OPT,CHUM8 P1440,2028-06-09,P,1.44,0.127500000,3,
2026-08-13,CHU,OPT,CHUM8 P1450,2028-06-09,P,1.45,0.135600000,3,
2026-08-13,CHU,OPT,CHUM8 P1460,2028-06-09,P,1.46,0.143800000,3,
