session,root,type,symbol,expiry,right,strike,settle,settle_flag,oi
2026-08-13,GBU,OPT,GBUU6 C10200,2026-09-04,C,1.02,0.327700000,3,
2026-08-13,GBU,OPT,GBUU6 C10300,2026-09-04,C,1.03,0.317700000,3,
2026-08-13,GBU,OPT,GBUU6 C10400,2026-09-04,C,1.04,0.307700000,3,
2026-08-13,GBU,OPT,GBUU6 C10500,2026-09-04,C,1.05,0.297700000,3,
2026-08-13,GBU,OPT,GBUU6 C10600,2026-09-04,C,1.06,0.287800000,3,
2026-08-13,GBU,OPT,GBUU6 C10700,2026-09-04,C,1.07,0.277800000,3,
2026-08-13,GBU,OPT,GBUU6 C10800,2026-09-04,C,1.08,0.267800000,3,
2026-08-13,GBU,OPT,GBUU6 C10900,2026-09-04,C,1.09,0.257800000,3,
2026-08-13,GBU,OPT,GBUU6 C11000,2026-09-04,C,1.1,0.247900000,3,
2026-08-13,GBU,OPT,GBUU6 C11100,2026-09-04,C,1.11,0.237900000,3,
2026-08-13,GBU,OPT,GBUU6 C11200,2026-09-04,C,1.12,0.227900000,3,
2026-08-13,GBU,OPT,GBUU6 C11300,2026-09-04,C,1.13,0.217900000,3,
2026-08-13,GBU,OPT,GBUU6 C11400,2026-09-04,C,1.14,0.207900000,3,
2026-08-13,GBU,OPT,GBUU6 C11500,2026-09-04,C,1.15,0.198000000,3,
2026-08-13,GBU,OPT,GBUU6 C11600,2026-09-04,C,1.16,0.188000000,3,
2026-08-13,GBU,OPT,GBUU6 C11650,2026-09-04,C,1.165,0.183000000,3,
2026-08-13,GBU,OPT,GBUU6 C11700,2026-09-04,C,1.17,0.178000000,3,
2026-08-13,GBU,OPT,GBUU6 C11750,2026-09-04,C,1.175,0.173000000,3,
2026-08-13,GBU,OPT,GBUU6 C11800,2026-09-04,C,1.18,0.168000000,3,
2026-08-13,GBU,OPT,GBUU6 C11850,2026-09-04,C,1.185,0.163000000,3,
2026-08-13,GBU,OPT,GBUU6 C11900,2026-09-04,C,1.19,0.158100000,3,
2026-08-13,GBU,OPT,GBUU6 C11950,2026-09-04,C,1.195,0.153100000,3,
2026-08-13,GBU,OPT,GBUU6 C12000,2026-09-04,C,1.2,0.148100000,3,1
2026-08-13,GBU,OPT,GBUU6 C12050,2026-09-04,C,1.205,0.143100000,3,
2026-08-13,GBU,OPT,GBUU6 C12100,2026-09-04,C,1.21,0.138100000,3,1
2026-08-13,GBU,OPT,GBUU6 C12150,2026-09-04,C,1.215,0.133100000,3,
2026-08-13,GBU,OPT,GBUU6 C12200,2026-09-04,C,1.22,0.128100000,3,
2026-08-13,GBU,OPT,GBUU6 C12250,2026-09-04,C,1.225,0.123100000,3,
2026-08-13,GBU,OPT,GBUU6 C12300,2026-09-04,C,1.23,0.118100000,3,
2026-08-13,GBU,OPT,GBUU6 C12350,2026-09-04,C,1.235,0.113200000,3,
2026-08-13,GBU,OPT,GBUU6 C12400,2026-09-04,C,1.24,0.108200000,3,
2026-08-13,GBU,OPT,GBUU6 C12450,2026-09-04,C,1.245,0.103200000,3,
2026-08-13,GBU,OPT,GBUU6 C12500,2026-09-04,C,1.25,0.098200000,3,
2026-08-13,GBU,OPT,GBUU6 C12550,2026-09-04,C,1.255,0.093200000,3,
2026-08-13,GBU,OPT,GBUU6 C12600,2026-09-04,C,1.26,0.088200000,3,
2026-08-13,GBU,OPT,GBUU6 C12650,2026-09-04,C,1.265,0.083200000,3,
2026-08-13,GBU,OPT,GBUU6 C12700,2026-09-04,C,1.27,0.078200000,3,1
2026-08-13,GBU,OPT,GBUU6 C12750,2026-09-04,C,1.275,0.073200000,3,
2026-08-13,GBU,OPT,GBUU6 C12800,2026-09-04,C,1.28,0.068300000,3,5
2026-08-13,GBU,OPT,GBUU6 C12850,2026-09-04,C,1.285,0.063300000,3,
2026-08-13,GBU,OPT,GBUU6 C12900,2026-09-04,C,1.29,0.058300000,3,7
2026-08-13,GBU,OPT,GBUU6 C12950,2026-09-04,C,1.295,0.053400000,3,
2026-08-13,GBU,OPT,GBUU6 C13000,2026-09-04,C,1.3,0.048400000,3,
2026-08-13,GBU,OPT,GBUU6 C13050,2026-09-04,C,1.305,0.043500000,3,
2026-08-13,GBU,OPT,GBUU6 C13100,2026-09-04,C,1.31,0.038500000,3,4
2026-08-13,GBU,OPT,GBUU6 C13150,2026-09-04,C,1.315,0.033600000,3,1
2026-08-13,GBU,OPT,GBUU6 C13200,2026-09-04,C,1.32,0.028800000,3,13
2026-08-13,GBU,OPT,GBUU6 C13250,2026-09-04,C,1.325,0.024200000,3,3
2026-08-13,GBU,OPT,GBUU6 C13275,2026-09-04,C,1.3275,0.000000000,1,
2026-08-13,GBU,OPT,GBUU6 C13300,2026-09-04,C,1.33,0.019600000,3,20
2026-08-13,GBU,OPT,GBUU6 C13325,2026-09-04,C,1.3325,0.017500000,3,
2026-08-13,GBU,OPT,GBUU6 C13350,2026-09-04,C,1.335,0.015400000,3,7
2026-08-13,GBU,OPT,GBUU6 C13375,2026-09-04,C,1.3375,0.013400000,3,
2026-08-13,GBU,OPT,GBUU6 C13400,2026-09-04,C,1.34,0.011500000,3,278
2026-08-13,GBU,OPT,GBUU6 C13425,2026-09-04,C,1.3425,0.009700000,3,
2026-08-13,GBU,OPT,GBUU6 C13450,2026-09-04,C,1.345,0.008100000,3,831
2026-08-13,GBU,OPT,GBUU6 C13475,2026-09-04,C,1.3475,0.006700000,3,
2026-08-13,GBU,OPT,GBUU6 C13500,2026-09-04,C,1.35,0.005400000,3,394
2026-08-13,GBU,OPT,GBUU6 C13525,2026-09-04,C,1.3525,0.004300000,3,9
2026-08-13,GBU,OPT,GBUU6 C13550,2026-09-04,C,1.355,0.003300000,3,1561
2026-08-13,GBU,OPT,GBUU6 C13575,2026-09-04,C,1.3575,0.002600000,3,544
2026-08-13,GBU,OPT,GBUU6 C13600,2026-09-04,C,1.36,0.001900000,3,2480
2026-08-13,GBU,OPT,GBUU6 C13625,2026-09-04,C,1.3625,0.001500000,3,376
2026-08-13,GBU,OPT,GBUU6 C13650,2026-09-04,C,1.365,0.001100000,3,899
2026-08-13,GBU,OPT,GBUU6 C13675,2026-09-04,C,1.3675,0.000800000,3,17
2026-08-13,GBU,OPT,GBUU6 C13700,2026-09-04,C,1.37,0.000600000,3,121
2026-08-13,GBU,OPT,GBUU6 C13750,2026-09-04,C,1.375,0.000400000,3,70
2026-08-13,GBU,OPT,GBUU6 C13800,2026-09-04,C,1.38,0.000300000,3,125
2026-08-13,GBU,OPT,GBUU6 C13850,2026-09-04,C,1.385,0.000200000,3,318
2026-08-13,GBU,OPT,GBUU6 C13900,2026-09-04,C,1.39,0.000200000,3,218
2026-08-13,GBU,OPT,GBUU6 C13950,2026-09-04,C,1.395,0.000200000,3,6
2026-08-13,GBU,OPT,GBUU6 C14000,2026-09-04,C,1.4,0.000200000,3,375
2026-08-13,GBU,OPT,GBUU6 C14050,2026-09-04,C,1.405,0.000100000,3,269
2026-08-13,GBU,OPT,GBUU6 C14100,2026-09-04,C,1.41,0.000100000,3,497
2026-08-13,GBU,OPT,GBUU6 C14150,2026-09-04,C,1.415,0.000100000,3,135
2026-08-13,GBU,OPT,GBUU6 C14200,2026-09-04,C,1.42,0.000100000,3,177
2026-08-13,GBU,OPT,GBUU6 C14250,2026-09-04,C,1.425,0.000100000,3,253
2026-08-13,GBU,OPT,GBUU6 C14300,2026-09-04,C,1.43,0.000100000,3,70
2026-08-13,GBU,OPT,GBUU6 C14350,2026-09-04,C,1.435,0.000100000,3,
2026-08-13,GBU,OPT,GBUU6 C14400,2026-09-04,C,1.44,0.000100000,3,79
2026-08-13,GBU,OPT,GBUU6 C14450,2026-09-04,C,1.445,0.000100000,3,
2026-08-13,GBU,OPT,GBUU6 C14500,2026-09-04,C,1.45,0.000100000,3,90
2026-08-13,GBU,OPT,GBUU6 C14600,2026-09-04,C,1.46,0.000100000,3,83
2026-08-13,GBU,OPT,GBUU6 C14700,2026-09-04,C,1.47,0.000100000,3,168
2026-08-13,GBU,OPT,GBUU6 C14800,2026-09-04,C,1.48,0.000100000,3,33
2026-08-13,GBU,OPT,GBUU6 C14900,2026-09-04,C,1.49,0.000100000,3,
2026-08-13,GBU,OPT,GBUU6 C15000,2026-09-04,C,1.5,0.000100000,3,
2026-08-13,GBU,OPT,GBUU6 C15100,2026-09-04,C,1.51,0.000100000,3,
2026-08-13,GBU,OPT,GBUU6 C15200,2026-09-04,C,1.52,0.000100000,3,
2026-08-13,GBU,OPT,GBUU6 C15300,2026-09-04,C,1.53,0.000100000,3,
2026-08-13,GBU,OPT,GBUU6 C15400,2026-09-04,C,1.54,0.000100000,3,4
2026-08-13,GBU,OPT,GBUU6 C15500,2026-09-04,C,1.55,0.000100000,3,
2026-08-13,GBU,OPT,GBUU6 C15600,2026-09-04,C,1.56,0.000100000,3,
2026-08-13,GBU,OPT,GBUU6 C15700,2026-09-04,C,1.57,0.000100000,3,
2026-08-13,GBU,OPT,GBUU6 C15800,2026-09-04,C,1.58,0.000100000,3,
2026-08-13,GBU,OPT,GBUU6 P10200,2026-09-04,P,1.02,0.000100000,3,4
2026-08-13,GBU,OPT,GBUU6 P10300,2026-09-04,P,1.03,0.000100000,3,
2026-08-13,GBU,OPT,GBUU6 P10400,2026-09-04,P,1.04,0.000100000,3,
2026-08-13,GBU,OPT,GBUU6 P10500,2026-09-04,P,1.05,0.000100000,3,
2026-08-13,GBU,OPT,GBUU6 P10600,2026-09-04,P,1.06,0.000100000,3,
2026-08-13,GBU,OPT,GBUU6 P10700,2026-09-04,P,1.07,0.000100000,3,
2026-08-13,GBU,OPT,GBUU6 P10800,2026-09-04,P,1.08,0.000100000,3,
2026-08-13,GBU,OPT,GBUU6 P10900,2026-09-04,P,1.09,0.000100000,3,
2026-08-13,GBU,OPT,GBUU6 P11000,2026-09-04,P,1.1,0.000100000,3,
2026-08-13,GBU,OPT,GBUU6 P11100,2026-09-04,P,1.11,0.000100000,3,
2026-08-13,GBU,OPT,GBUU6 P11200,2026-09-04,P,1.12,0.000100000,3,
2026-08-13,GBU,OPT,GBUU6 P11300,2026-09-04,P,1.13,0.000100000,3,
2026-08-13,GBU,OPT,GBUU6 P11400,2026-09-04,P,1.14,0.000100000,3,
2026-08-13,GBU,OPT,GBUU6 P11500,2026-09-04,P,1.15,0.000100000,3,20
2026-08-13,GBU,OPT,GBUU6 P11600,2026-09-04,P,1.16,0.000100000,3,19
2026-08-13,GBU,OPT,GBUU6 P11650,2026-09-04,P,1.165,0.000100000,3,
2026-08-13,GBU,OPT,GBUU6 P11700,2026-09-04,P,1.17,0.000100000,3,100
2026-08-13,GBU,OPT,GBUU6 P11750,2026-09-04,P,1.175,0.000100000,3,16
2026-08-13,GBU,OPT,GBUU6 P11800,2026-09-04,P,1.18,0.000100000,3,4
2026-08-13,GBU,OPT,GBUU6 P11850,2026-09-04,P,1.185,0.000100000,3,
2026-08-13,GBU,OPT,GBUU6 P11900,2026-09-04,P,1.19,0.000100000,3,24
2026-08-13,GBU,OPT,GBUU6 P11950,2026-09-04,P,1.195,0.000100000,3,
2026-08-13,GBU,OPT,GBUU6 P12000,2026-09-04,P,1.2,0.000100000,3,84
2026-08-13,GBU,OPT,GBUU6 P12050,2026-09-04,P,1.205,0.000100000,3,15
2026-08-13,GBU,OPT,GBUU6 P12100,2026-09-04,P,1.21,0.000100000,3,3
2026-08-13,GBU,OPT,GBUU6 P12150,2026-09-04,P,1.215,0.000100000,3,
2026-08-13,GBU,OPT,GBUU6 P12200,2026-09-04,P,1.22,0.000100000,3,4
2026-08-13,GBU,OPT,GBUU6 P12250,2026-09-04,P,1.225,0.000100000,3,4
2026-08-13,GBU,OPT,GBUU6 P12300,2026-09-04,P,1.23,0.000100000,3,38
2026-08-13,GBU,OPT,GBUU6 P12350,2026-09-04,P,1.235,0.000100000,3,54
2026-08-13,GBU,OPT,GBUU6 P12400,2026-09-04,P,1.24,0.000100000,3,17
2026-08-13,GBU,OPT,GBUU6 P12450,2026-09-04,P,1.245,0.000100000,3,36
2026-08-13,GBU,OPT,GBUU6 P12500,2026-09-04,P,1.25,0.000100000,3,247
2026-08-13,GBU,OPT,GBUU6 P12550,2026-09-04,P,1.255,0.000100000,3,56
2026-08-13,GBU,OPT,GBUU6 P12600,2026-09-04,P,1.26,0.000100000,3,112
2026-08-13,GBU,OPT,GBUU6 P12650,2026-09-04,P,1.265,0.000100000,3,12
2026-08-13,GBU,OPT,GBUU6 P12700,2026-09-04,P,1.27,0.000100000,3,242
2026-08-13,GBU,OPT,GBUU6 P12750,2026-09-04,P,1.275,0.000100000,3,112
2026-08-13,GBU,OPT,GBUU6 P12800,2026-09-04,P,1.28,0.000100000,3,144
2026-08-13,GBU,OPT,GBUU6 P12850,2026-09-04,P,1.285,0.000100000,3,642
2026-08-13,GBU,OPT,GBUU6 P12900,2026-09-04,P,1.29,0.000100000,3,398
2026-08-13,GBU,OPT,GBUU6 P12950,2026-09-04,P,1.295,0.000100000,3,48
2026-08-13,GBU,OPT,GBUU6 P13000,2026-09-04,P,1.3,0.000100000,3,443
2026-08-13,GBU,OPT,GBUU6 P13050,2026-09-04,P,1.305,0.000200000,3,91
2026-08-13,GBU,OPT,GBUU6 P13100,2026-09-04,P,1.31,0.000200000,3,105
2026-08-13,GBU,OPT,GBUU6 P13150,2026-09-04,P,1.315,0.000300000,3,1538
2026-08-13,GBU,OPT,GBUU6 P13200,2026-09-04,P,1.32,0.000500000,3,1098
2026-08-13,GBU,OPT,GBUU6 P13250,2026-09-04,P,1.325,0.000800000,3,447
2026-08-13,GBU,OPT,GBUU6 P13275,2026-09-04,P,1.3275,0.000000000,1,
2026-08-13,GBU,OPT,GBUU6 P13300,2026-09-04,P,1.33,0.001300000,3,1261
2026-08-13,GBU,OPT,GBUU6 P13325,2026-09-04,P,1.3325,0.001600000,3,27
2026-08-13,GBU,OPT,GBUU6 P13350,2026-09-04,P,1.335,0.002000000,3,1999
2026-08-13,GBU,OPT,GBUU6 P13375,2026-09-04,P,1.3375,0.002500000,3,509
2026-08-13,GBU,OPT,GBUU6 P13400,2026-09-04,P,1.34,0.003100000,3,3037
2026-08-13,GBU,OPT,GBUU6 P13425,2026-09-04,P,1.3425,0.003800000,3,231
2026-08-13,GBU,OPT,GBUU6 P13450,2026-09-04,P,1.345,0.004700000,3,533
2026-08-13,GBU,OPT,GBUU6 P13475,2026-09-04,P,1.3475,0.005800000,3,139
2026-08-13,GBU,OPT,GBUU6 P13500,2026-09-04,P,1.35,0.007000000,3,73
2026-08-13,GBU,OPT,GBUU6 P13525,2026-09-04,P,1.3525,0.008400000,3,12
2026-08-13,GBU,OPT,GBUU6 P13550,2026-09-04,P,1.355,0.009900000,3,62
2026-08-13,GBU,OPT,GBUU6 P13575,2026-09-04,P,1.3575,0.011600000,3,
2026-08-13,GBU,OPT,GBUU6 P13600,2026-09-04,P,1.36,0.013500000,3,45
2026-08-13,GBU,OPT,GBUU6 P13625,2026-09-04,P,1.3625,0.015500000,3,
2026-08-13,GBU,OPT,GBUU6 P13650,2026-09-04,P,1.365,0.017700000,3,
2026-08-13,GBU,OPT,GBUU6 P13675,2026-09-04,P,1.3675,0.019900000,3,
2026-08-13,GBU,OPT,GBUU6 P13700,2026-09-04,P,1.37,0.022200000,3,8
2026-08-13,GBU,OPT,GBUU6 P13750,2026-09-04,P,1.375,0.026900000,3,
2026-08-13,GBU,OPT,GBUU6 P13800,2026-09-04,P,1.38,0.031800000,3,6
2026-08-13,GBU,OPT,GBUU6 P13850,2026-09-04,P,1.385,0.036700000,3,
2026-08-13,GBU,OPT,GBUU6 P13900,2026-09-04,P,1.39,0.041700000,3,4
2026-08-13,GBU,OPT,GBUU6 P13950,2026-09-04,P,1.395,0.046700000,3,
2026-08-13,GBU,OPT,GBUU6 P14000,2026-09-04,P,1.4,0.051600000,3,1
2026-08-13,GBU,OPT,GBUU6 P14050,2026-09-04,P,1.405,0.056600000,3,1
2026-08-13,GBU,OPT,GBUU6 P14100,2026-09-04,P,1.41,0.061500000,3,
2026-08-13,GBU,OPT,GBUU6 P14150,2026-09-04,P,1.415,0.066500000,3,
2026-08-13,GBU,OPT,GBUU6 P14200,2026-09-04,P,1.42,0.071400000,3,
2026-08-13,GBU,OPT,GBUU6 P14250,2026-09-04,P,1.425,0.076400000,3,
2026-08-13,GBU,OPT,GBUU6 P14300,2026-09-04,P,1.43,0.081400000,3,
2026-08-13,GBU,OPT,GBUU6 P14350,2026-09-04,P,1.435,0.086400000,3,
2026-08-13,GBU,OPT,GBUU6 P14400,2026-09-04,P,1.44,0.091400000,3,
2026-08-13,GBU,OPT,GBUU6 P14450,2026-09-04,P,1.445,0.096400000,3,
2026-08-13,GBU,OPT,GBUU6 P14500,2026-09-04,P,1.45,0.101400000,3,
2026-08-13,GBU,OPT,GBUU6 P14600,2026-09-04,P,1.46,0.111400000,3,1
2026-08-13,GBU,OPT,GBUU6 P14700,2026-09-04,P,1.47,0.121300000,3,1
2026-08-13,GBU,OPT,GBUU6 P14800,2026-09-04,P,1.48,0.131300000,3,
2026-08-13,GBU,OPT,GBUU6 P14900,2026-09-04,P,1.49,0.141300000,3,
2026-08-13,GBU,OPT,GBUU6 P15000,2026-09-04,P,1.5,0.151300000,3,560
2026-08-13,GBU,OPT,GBUU6 P15100,2026-09-04,P,1.51,0.161200000,3,
2026-08-13,GBU,OPT,GBUU6 P15200,2026-09-04,P,1.52,0.171200000,3,
2026-08-13,GBU,OPT,GBUU6 P15300,2026-09-04,P,1.53,0.181200000,3,
2026-08-13,GBU,OPT,GBUU6 P15400,2026-09-04,P,1.54,0.191200000,3,
2026-08-13,GBU,OPT,GBUU6 P15500,2026-09-04,P,1.55,0.201200000,3,
2026-08-13,GBU,OPT,GBUU6 P15600,2026-09-04,P,1.56,0.211100000,3,
2026-08-13,GBU,OPT,GBUU6 P15700,2026-09-04,P,1.57,0.221100000,3,
2026-08-13,GBU,OPT,GBUU6 P15800,2026-09-04,P,1.58,0.231100000,3,
2026-08-13,GBU,OPT,GBUV6 C11000,2026-10-09,C,1.1,0.246900000,3,
2026-08-13,GBU,OPT,GBUV6 C11100,2026-10-09,C,1.11,0.236900000,3,
2026-08-13,GBU,OPT,GBUV6 C11200,2026-10-09,C,1.12,0.227000000,3,
2026-08-13,GBU,OPT,GBUV6 C11300,2026-10-09,C,1.13,0.217100000,3,
2026-08-13,GBU,OPT,GBUV6 C11400,2026-10-09,C,1.14,0.207100000,3,
2026-08-13,GBU,OPT,GBUV6 C11500,2026-10-09,C,1.15,0.197200000,3,
2026-08-13,GBU,OPT,GBUV6 C11600,2026-10-09,C,1.16,0.187200000,3,
2026-08-13,GBU,OPT,GBUV6 C11700,2026-10-09,C,1.17,0.177300000,3,
2026-08-13,GBU,OPT,GBUV6 C11800,2026-10-09,C,1.18,0.167300000,3,
2026-08-13,GBU,OPT,GBUV6 C11900,2026-10-09,C,1.19,0.157400000,3,
2026-08-13,GBU,OPT,GBUV6 C12000,2026-10-09,C,1.2,0.147500000,3,
2026-08-13,GBU,OPT,GBUV6 C12100,2026-10-09,C,1.21,0.137500000,3,
2026-08-13,GBU,OPT,GBUV6 C12200,2026-10-09,C,1.22,0.127600000,3,
2026-08-13,GBU,OPT,GBUV6 C12300,2026-10-09,C,1.23,0.117700000,3,
2026-08-13,GBU,OPT,GBUV6 C12400,2026-10-09,C,1.24,0.107800000,3,1
2026-08-13,GBU,OPT,GBUV6 C12500,2026-10-09,C,1.25,0.097900000,3,1
2026-08-13,GBU,OPT,GBUV6 C12550,2026-10-09,C,1.255,0.092900000,3,
2026-08-13,GBU,OPT,GBUV6 C12600,2026-10-09,C,1.26,0.088000000,3,
2026-08-13,GBU,OPT,GBUV6 C12650,2026-10-09,C,1.265,0.083100000,3,
2026-08-13,GBU,OPT,GBUV6 C12700,2026-10-09,C,1.27,0.078200000,3,
2026-08-13,GBU,OPT,GBUV6 C12750,2026-10-09,C,1.275,0.073200000,3,
2026-08-13,GBU,OPT,GBUV6 C12800,2026-10-09,C,1.28,0.068400000,3,
2026-08-13,GBU,OPT,GBUV6 C12850,2026-10-09,C,1.285,0.063500000,3,
2026-08-13,GBU,OPT,GBUV6 C12900,2026-10-09,C,1.29,0.058700000,3,2
2026-08-13,GBU,OPT,GBUV6 C12950,2026-10-09,C,1.295,0.053900000,3,
2026-08-13,GBU,OPT,GBUV6 C13000,2026-10-09,C,1.3,0.049200000,3,1
2026-08-13,GBU,OPT,GBUV6 C13050,2026-10-09,C,1.305,0.044500000,3,3
2026-08-13,GBU,OPT,GBUV6 C13100,2026-10-09,C,1.31,0.040000000,3,42
2026-08-13,GBU,OPT,GBUV6 C13150,2026-10-09,C,1.315,0.035500000,3,1
2026-08-13,GBU,OPT,GBUV6 C13200,2026-10-09,C,1.32,0.031200000,3,501
2026-08-13,GBU,OPT,GBUV6 C13250,2026-10-09,C,1.325,0.027000000,3,1
2026-08-13,GBU,OPT,GBUV6 C13300,2026-10-09,C,1.33,0.023100000,3,3
2026-08-13,GBU,OPT,GBUV6 C13350,2026-10-09,C,1.335,0.019400000,3,54
2026-08-13,GBU,OPT,GBUV6 C13400,2026-10-09,C,1.34,0.016000000,3,803
2026-08-13,GBU,OPT,GBUV6 C13450,2026-10-09,C,1.345,0.013000000,3,62
2026-08-13,GBU,OPT,GBUV6 C13500,2026-10-09,C,1.35,0.010400000,3,1344
2026-08-13,GBU,OPT,GBUV6 C13550,2026-10-09,C,1.355,0.008100000,3,691
2026-08-13,GBU,OPT,GBUV6 C13600,2026-10-09,C,1.36,0.006200000,3,1748
2026-08-13,GBU,OPT,GBUV6 C13650,2026-10-09,C,1.365,0.004700000,3,1003
2026-08-13,GBU,OPT,GBUV6 C13700,2026-10-09,C,1.37,0.003400000,3,1471
2026-08-13,GBU,OPT,GBUV6 C13750,2026-10-09,C,1.375,0.002500000,3,493
2026-08-13,GBU,OPT,GBUV6 C13800,2026-10-09,C,1.38,0.001800000,3,108
2026-08-13,GBU,OPT,GBUV6 C13850,2026-10-09,C,1.385,0.001300000,3,44
2026-08-13,GBU,OPT,GBUV6 C13900,2026-10-09,C,1.39,0.001000000,3,51
2026-08-13,GBU,OPT,GBUV6 C13950,2026-10-09,C,1.395,0.000700000,3,20
2026-08-13,GBU,OPT,GBUV6 C14000,2026-10-09,C,1.4,0.000500000,3,28
2026-08-13,GBU,OPT,GBUV6 C14050,2026-10-09,C,1.405,0.000400000,3,4
2026-08-13,GBU,OPT,GBUV6 C14100,2026-10-09,C,1.41,0.000200000,3,8
2026-08-13,GBU,OPT,GBUV6 C14150,2026-10-09,C,1.415,0.000200000,3,
2026-08-13,GBU,OPT,GBUV6 C14200,2026-10-09,C,1.42,0.000100000,3,4
2026-08-13,GBU,OPT,GBUV6 C14250,2026-10-09,C,1.425,0.000100000,3,3
2026-08-13,GBU,OPT,GBUV6 C14300,2026-10-09,C,1.43,0.000100000,3,4
2026-08-13,GBU,OPT,GBUV6 C14400,2026-10-09,C,1.44,0.000100000,3,80
2026-08-13,GBU,OPT,GBUV6 C14500,2026-10-09,C,1.45,0.000100000,3,12
2026-08-13,GBU,OPT,GBUV6 C14600,2026-10-09,C,1.46,0.000100000,3,2
2026-08-13,GBU,OPT,GBUV6 C14700,2026-10-09,C,1.47,0.000100000,3,1
2026-08-13,GBU,OPT,GBUV6 C14800,2026-10-09,C,1.48,0.000100000,3,
2026-08-13,GBU,OPT,GBUV6 C14900,2026-10-09,C,1.49,0.000100000,3,15
2026-08-13,GBU,OPT,GBUV6 C15000,2026-10-09,C,1.5,0.000100000,3,36
2026-08-13,GBU,OPT,GBUV6 C15100,2026-10-09,C,1.51,0.000100000,3,
2026-08-13,GBU,OPT,GBUV6 C15200,2026-10-09,C,1.52,0.000100000,3,
2026-08-13,GBU,OPT,GBUV6 C15300,2026-10-09,C,1.53,0.000100000,3,
2026-08-13,GBU,OPT,GBUV6 C15400,2026-10-09,C,1.54,0.000100000,3,
2026-08-13,GBU,OPT,GBUV6 C15500,2026-10-09,C,1.55,0.000100000,3,1
2026-08-13,GBU,OPT,GBUV6 C15600,2026-10-09,C,1.56,0.000100000,3,
2026-08-13,GBU,OPT,GBUV6 C15700,2026-10-09,C,1.57,0.000100000,3,
2026-08-13,GBU,OPT,GBUV6 C15800,2026-10-09,C,1.58,0.000100000,3,
2026-08-13,GBU,OPT,GBUV6 P11000,2026-10-09,P,1.1,0.000100000,3,
2026-08-13,GBU,OPT,GBUV6 P11100,2026-10-09,P,1.11,0.000100000,3,
2026-08-13,GBU,OPT,GBUV6 P11200,2026-10-09,P,1.12,0.000100000,3,15
2026-08-13,GBU,OPT,GBUV6 P11300,2026-10-09,P,1.13,0.000100000,3,1
2026-08-13,GBU,OPT,GBUV6 P11400,2026-10-09,P,1.14,0.000100000,3,27
2026-08-13,GBU,OPT,GBUV6 P11500,2026-10-09,P,1.15,0.000100000,3,17
2026-08-13,GBU,OPT,GBUV6 P11600,2026-10-09,P,1.16,0.000100000,3,15
2026-08-13,GBU,OPT,GBUV6 P11700,2026-10-09,P,1.17,0.000100000,3,15
2026-08-13,GBU,OPT,GBUV6 P11800,2026-10-09,P,1.18,0.000100000,3,15
2026-08-13,GBU,OPT,GBUV6 P11900,2026-10-09,P,1.19,0.000100000,3,15
2026-08-13,GBU,OPT,GBUV6 P12000,2026-10-09,P,1.2,0.000100000,3,16
2026-08-13,GBU,OPT,GBUV6 P12100,2026-10-09,P,1.21,0.000100000,3,
2026-08-13,GBU,OPT,GBUV6 P12200,2026-10-09,P,1.22,0.000100000,3,1
2026-08-13,GBU,OPT,GBUV6 P12300,2026-10-09,P,1.23,0.000100000,3,1
2026-08-13,GBU,OPT,GBUV6 P12400,2026-10-09,P,1.24,0.000100000,3,2
2026-08-13,GBU,OPT,GBUV6 P12500,2026-10-09,P,1.25,0.000100000,3,3
2026-08-13,GBU,OPT,GBUV6 P12550,2026-10-09,P,1.255,0.000200000,3,67
2026-08-13,GBU,OPT,GBUV6 P12600,2026-10-09,P,1.26,0.000200000,3,12
2026-08-13,GBU,OPT,GBUV6 P12650,2026-10-09,P,1.265,0.000300000,3,11
2026-08-13,GBU,OPT,GBUV6 P12700,2026-10-09,P,1.27,0.000300000,3,22
2026-08-13,GBU,OPT,GBUV6 P12750,2026-10-09,P,1.275,0.000400000,3,6
2026-08-13,GBU,OPT,GBUV6 P12800,2026-10-09,P,1.28,0.000400000,3,7
2026-08-13,GBU,OPT,GBUV6 P12850,2026-10-09,P,1.285,0.000600000,3,23
2026-08-13,GBU,OPT,GBUV6 P12900,2026-10-09,P,1.29,0.000700000,3,54
2026-08-13,GBU,OPT,GBUV6 P12950,2026-10-09,P,1.295,0.000900000,3,52
2026-08-13,GBU,OPT,GBUV6 P13000,2026-10-09,P,1.3,0.001100000,3,122
2026-08-13,GBU,OPT,GBUV6 P13050,2026-10-09,P,1.305,0.001500000,3,421
2026-08-13,GBU,OPT,GBUV6 P13100,2026-10-09,P,1.31,0.001900000,3,125
2026-08-13,GBU,OPT,GBUV6 P13150,2026-10-09,P,1.315,0.002400000,3,127
2026-08-13,GBU,OPT,GBUV6 P13200,2026-10-09,P,1.32,0.003000000,3,415
2026-08-13,GBU,OPT,GBUV6 P13250,2026-10-09,P,1.325,0.003800000,3,1336
2026-08-13,GBU,OPT,GBUV6 P13300,2026-10-09,P,1.33,0.004900000,3,1042
2026-08-13,GBU,OPT,GBUV6 P13350,2026-10-09,P,1.335,0.006200000,3,65
2026-08-13,GBU,OPT,GBUV6 P13400,2026-10-09,P,1.34,0.007800000,3,403
2026-08-13,GBU,OPT,GBUV6 P13450,2026-10-09,P,1.345,0.009800000,3,880
2026-08-13,GBU,OPT,GBUV6 P13500,2026-10-09,P,1.35,0.012100000,3,395
2026-08-13,GBU,OPT,GBUV6 P13550,2026-10-09,P,1.355,0.014800000,3,1887
2026-08-13,GBU,OPT,GBUV6 P13600,2026-10-09,P,1.36,0.017800000,3,1821
2026-08-13,GBU,OPT,GBUV6 P13650,2026-10-09,P,1.365,0.021300000,3,
2026-08-13,GBU,OPT,GBUV6 P13700,2026-10-09,P,1.37,0.025000000,3,
2026-08-13,GBU,OPT,GBUV6 P13750,2026-10-09,P,1.375,0.029100000,3,
2026-08-13,GBU,OPT,GBUV6 P13800,2026-10-09,P,1.38,0.033400000,3,
2026-08-13,GBU,OPT,GBUV6 P13850,2026-10-09,P,1.385,0.037800000,3,
2026-08-13,GBU,OPT,GBUV6 P13900,2026-10-09,P,1.39,0.042400000,3,1
2026-08-13,GBU,OPT,GBUV6 P13950,2026-10-09,P,1.395,0.047100000,3,
2026-08-13,GBU,OPT,GBUV6 P14000,2026-10-09,P,1.4,0.051900000,3,
2026-08-13,GBU,OPT,GBUV6 P14050,2026-10-09,P,1.405,0.056700000,3,
2026-08-13,GBU,OPT,GBUV6 P14100,2026-10-09,P,1.41,0.061600000,3,1
2026-08-13,GBU,OPT,GBUV6 P14150,2026-10-09,P,1.415,0.066500000,3,
2026-08-13,GBU,OPT,GBUV6 P14200,2026-10-09,P,1.42,0.071400000,3,
2026-08-13,GBU,OPT,GBUV6 P14250,2026-10-09,P,1.425,0.076300000,3,
2026-08-13,GBU,OPT,GBUV6 P14300,2026-10-09,P,1.43,0.081300000,3,
2026-08-13,GBU,OPT,GBUV6 P14400,2026-10-09,P,1.44,0.091200000,3,
2026-08-13,GBU,OPT,GBUV6 P14500,2026-10-09,P,1.45,0.101100000,3,
2026-08-13,GBU,OPT,GBUV6 P14600,2026-10-09,P,1.46,0.111100000,3,
2026-08-13,GBU,OPT,GBUV6 P14700,2026-10-09,P,1.47,0.121000000,3,
2026-08-13,GBU,OPT,GBUV6 P14800,2026-10-09,P,1.48,0.130900000,3,
2026-08-13,GBU,OPT,GBUV6 P14900,2026-10-09,P,1.49,0.140900000,3,
2026-08-13,GBU,OPT,GBUV6 P15000,2026-10-09,P,1.5,0.150800000,3,
2026-08-13,GBU,OPT,GBUV6 P15100,2026-10-09,P,1.51,0.160800000,3,
2026-08-13,GBU,OPT,GBUV6 P15200,2026-10-09,P,1.52,0.170700000,3,
2026-08-13,GBU,OPT,GBUV6 P15300,2026-10-09,P,1.53,0.180700000,3,
2026-08-13,GBU,OPT,GBUV6 P15400,2026-10-09,P,1.54,0.190600000,3,
2026-08-13,GBU,OPT,GBUV6 P15500,2026-10-09,P,1.55,0.200600000,3,
2026-08-13,GBU,OPT,GBUV6 P15600,2026-10-09,P,1.56,0.210500000,3,
2026-08-13,GBU,OPT,GBUV6 P15700,2026-10-09,P,1.57,0.220400000,3,
2026-08-13,GBU,OPT,GBUV6 P15800,2026-10-09,P,1.58,0.230400000,3,
2026-08-13,GBU,OPT,GBUX6 C11100,2026-11-06,C,1.11,0.236300000,3,
2026-08-13,GBU,OPT,GBUX6 C11200,2026-11-06,C,1.12,0.226300000,3,
2026-08-13,GBU,OPT,GBUX6 C11300,2026-11-06,C,1.13,0.216500000,3,
2026-08-13,GBU,OPT,GBUX6 C11400,2026-11-06,C,1.14,0.206600000,3,
2026-08-13,GBU,OPT,GBUX6 C11500,2026-11-06,C,1.15,0.196700000,3,
2026-08-13,GBU,OPT,GBUX6 C11600,2026-11-06,C,1.16,0.186800000,3,
2026-08-13,GBU,OPT,GBUX6 C11700,2026-11-06,C,1.17,0.176900000,3,
2026-08-13,GBU,OPT,GBUX6 C11800,2026-11-06,C,1.18,0.167000000,3,
2026-08-13,GBU,OPT,GBUX6 C11900,2026-11-06,C,1.19,0.157100000,3,
2026-08-13,GBU,OPT,GBUX6 C12000,2026-11-06,C,1.2,0.147300000,3,
2026-08-13,GBU,OPT,GBUX6 C12100,2026-11-06,C,1.21,0.137500000,3,
2026-08-13,GBU,OPT,GBUX6 C12200,2026-11-06,C,1.22,0.127700000,3,
2026-08-13,GBU,OPT,GBUX6 C12300,2026-11-06,C,1.23,0.117900000,3,
2026-08-13,GBU,OPT,GBUX6 C12400,2026-11-06,C,1.24,0.108000000,3,
2026-08-13,GBU,OPT,GBUX6 C12500,2026-11-06,C,1.25,0.098100000,3,1
2026-08-13,GBU,OPT,GBUX6 C12550,2026-11-06,C,1.255,0.093200000,3,
2026-08-13,GBU,OPT,GBUX6 C12600,2026-11-06,C,1.26,0.088300000,3,
2026-08-13,GBU,OPT,GBUX6 C12650,2026-11-06,C,1.265,0.083500000,3,
2026-08-13,GBU,OPT,GBUX6 C12700,2026-11-06,C,1.27,0.078600000,3,
2026-08-13,GBU,OPT,GBUX6 C12750,2026-11-06,C,1.275,0.073900000,3,
2026-08-13,GBU,OPT,GBUX6 C12800,2026-11-06,C,1.28,0.069100000,3,
2026-08-13,GBU,OPT,GBUX6 C12850,2026-11-06,C,1.285,0.064400000,3,
2026-08-13,GBU,OPT,GBUX6 C12900,2026-11-06,C,1.29,0.059800000,3,
2026-08-13,GBU,OPT,GBUX6 C12950,2026-11-06,C,1.295,0.055300000,3,
2026-08-13,GBU,OPT,GBUX6 C13000,2026-11-06,C,1.3,0.050800000,3,6
2026-08-13,GBU,OPT,GBUX6 C13050,2026-11-06,C,1.305,0.046400000,3,
2026-08-13,GBU,OPT,GBUX6 C13100,2026-11-06,C,1.31,0.042100000,3,
2026-08-13,GBU,OPT,GBUX6 C13150,2026-11-06,C,1.315,0.037900000,3,
2026-08-13,GBU,OPT,GBUX6 C13200,2026-11-06,C,1.32,0.033800000,3,13
2026-08-13,GBU,OPT,GBUX6 C13250,2026-11-06,C,1.325,0.030000000,3,16
2026-08-13,GBU,OPT,GBUX6 C13300,2026-11-06,C,1.33,0.026300000,3,5
2026-08-13,GBU,OPT,GBUX6 C13350,2026-11-06,C,1.335,0.022900000,3,41
2026-08-13,GBU,OPT,GBUX6 C13400,2026-11-06,C,1.34,0.019700000,3,800
2026-08-13,GBU,OPT,GBUX6 C13450,2026-11-06,C,1.345,0.016800000,3,193
2026-08-13,GBU,OPT,GBUX6 C13500,2026-11-06,C,1.35,0.014100000,3,89
2026-08-13,GBU,OPT,GBUX6 C13550,2026-11-06,C,1.355,0.011700000,3,242
2026-08-13,GBU,OPT,GBUX6 C13600,2026-11-06,C,1.36,0.009600000,3,32
2026-08-13,GBU,OPT,GBUX6 C13650,2026-11-06,C,1.365,0.007800000,3,306
2026-08-13,GBU,OPT,GBUX6 C13700,2026-11-06,C,1.37,0.006300000,3,323
2026-08-13,GBU,OPT,GBUX6 C13750,2026-11-06,C,1.375,0.005000000,3,1
2026-08-13,GBU,OPT,GBUX6 C13800,2026-11-06,C,1.38,0.004000000,3,14
2026-08-13,GBU,OPT,GBUX6 C13850,2026-11-06,C,1.385,0.003100000,3,5
2026-08-13,GBU,OPT,GBUX6 C13900,2026-11-06,C,1.39,0.002500000,3,9
2026-08-13,GBU,OPT,GBUX6 C13950,2026-11-06,C,1.395,0.002000000,3,1
2026-08-13,GBU,OPT,GBUX6 C14000,2026-11-06,C,1.4,0.001500000,3,25
2026-08-13,GBU,OPT,GBUX6 C14050,2026-11-06,C,1.405,0.001200000,3,
2026-08-13,GBU,OPT,GBUX6 C14100,2026-11-06,C,1.41,0.000900000,3,15
2026-08-13,GBU,OPT,GBUX6 C14150,2026-11-06,C,1.415,0.000700000,3,23
2026-08-13,GBU,OPT,GBUX6 C14200,2026-11-06,C,1.42,0.000600000,3,19
2026-08-13,GBU,OPT,GBUX6 C14250,2026-11-06,C,1.425,0.000400000,3,16
2026-08-13,GBU,OPT,GBUX6 C14300,2026-11-06,C,1.43,0.000300000,3,1518
2026-08-13,GBU,OPT,GBUX6 C14400,2026-11-06,C,1.44,0.000200000,3,1
2026-08-13,GBU,OPT,GBUX6 C14500,2026-11-06,C,1.45,0.000100000,3,16
2026-08-13,GBU,OPT,GBUX6 C14600,2026-11-06,C,1.46,0.000100000,3,16
2026-08-13,GBU,OPT,GBUX6 C14700,2026-11-06,C,1.47,0.000100000,3,17
2026-08-13,GBU,OPT,GBUX6 C14800,2026-11-06,C,1.48,0.000100000,3,18
2026-08-13,GBU,OPT,GBUX6 C14900,2026-11-06,C,1.49,0.000100000,3,18
2026-08-13,GBU,OPT,GBUX6 C15000,2026-11-06,C,1.5,0.000100000,3,19
2026-08-13,GBU,OPT,GBUX6 C15100,2026-11-06,C,1.51,0.000100000,3,15
2026-08-13,GBU,OPT,GBUX6 C15200,2026-11-06,C,1.52,0.000100000,3,
2026-08-13,GBU,OPT,GBUX6 C15300,2026-11-06,C,1.53,0.000100000,3,
2026-08-13,GBU,OPT,GBUX6 C15400,2026-11-06,C,1.54,0.000100000,3,
2026-08-13,GBU,OPT,GBUX6 C15500,2026-11-06,C,1.55,0.000100000,3,
2026-08-13,GBU,OPT,GBUX6 C15600,2026-11-06,C,1.56,0.000100000,3,
2026-08-13,GBU,OPT,GBUX6 C15700,2026-11-06,C,1.57,0.000100000,3,
2026-08-13,GBU,OPT,GBUX6 C15800,2026-11-06,C,1.58,0.000100000,3,
2026-08-13,GBU,OPT,GBUX6 P11100,2026-11-06,P,1.11,0.000100000,3,
2026-08-13,GBU,OPT,GBUX6 P11200,2026-11-06,P,1.12,0.000100000,3,
2026-08-13,GBU,OPT,GBUX6 P11300,2026-11-06,P,1.13,0.000100000,3,1
2026-08-13,GBU,OPT,GBUX6 P11400,2026-11-06,P,1.14,0.000100000,3,1
2026-08-13,GBU,OPT,GBUX6 P11500,2026-11-06,P,1.15,0.000100000,3,
2026-08-13,GBU,OPT,GBUX6 P11600,2026-11-06,P,1.16,0.000100000,3,
2026-08-13,GBU,OPT,GBUX6 P11700,2026-11-06,P,1.17,0.000200000,3,
2026-08-13,GBU,OPT,GBUX6 P11800,2026-11-06,P,1.18,0.000200000,3,15
2026-08-13,GBU,OPT,GBUX6 P11900,2026-11-06,P,1.19,0.000200000,3,15
2026-08-13,GBU,OPT,GBUX6 P12000,2026-11-06,P,1.2,0.000200000,3,16
2026-08-13,GBU,OPT,GBUX6 P12100,2026-11-06,P,1.21,0.000400000,3,18
2026-08-13,GBU,OPT,GBUX6 P12200,2026-11-06,P,1.22,0.000500000,3,16
2026-08-13,GBU,OPT,GBUX6 P12300,2026-11-06,P,1.23,0.000600000,3,4
2026-08-13,GBU,OPT,GBUX6 P12400,2026-11-06,P,1.24,0.000600000,3,7
2026-08-13,GBU,OPT,GBUX6 P12500,2026-11-06,P,1.25,0.000600000,3,2
2026-08-13,GBU,OPT,GBUX6 P12550,2026-11-06,P,1.255,0.000700000,3,3
2026-08-13,GBU,OPT,GBUX6 P12600,2026-11-06,P,1.26,0.000800000,3,7
2026-08-13,GBU,OPT,GBUX6 P12650,2026-11-06,P,1.265,0.000900000,3,0
2026-08-13,GBU,OPT,GBUX6 P12700,2026-11-06,P,1.27,0.001000000,3,9
2026-08-13,GBU,OPT,GBUX6 P12750,2026-11-06,P,1.275,0.001200000,3,8
2026-08-13,GBU,OPT,GBUX6 P12800,2026-11-06,P,1.28,0.001400000,3,22
2026-08-13,GBU,OPT,GBUX6 P12850,2026-11-06,P,1.285,0.001700000,3,23
2026-08-13,GBU,OPT,GBUX6 P12900,2026-11-06,P,1.29,0.002000000,3,2
2026-08-13,GBU,OPT,GBUX6 P12950,2026-11-06,P,1.295,0.002400000,3,650
2026-08-13,GBU,OPT,GBUX6 P13000,2026-11-06,P,1.3,0.002900000,3,23
2026-08-13,GBU,OPT,GBUX6 P13050,2026-11-06,P,1.305,0.003400000,3,3
2026-08-13,GBU,OPT,GBUX6 P13100,2026-11-06,P,1.31,0.004100000,3,17
2026-08-13,GBU,OPT,GBUX6 P13150,2026-11-06,P,1.315,0.004900000,3,4
2026-08-13,GBU,OPT,GBUX6 P13200,2026-11-06,P,1.32,0.005800000,3,21
2026-08-13,GBU,OPT,GBUX6 P13250,2026-11-06,P,1.325,0.006900000,3,47
2026-08-13,GBU,OPT,GBUX6 P13300,2026-11-06,P,1.33,0.008200000,3,6
2026-08-13,GBU,OPT,GBUX6 P13350,2026-11-06,P,1.335,0.009700000,3,43
2026-08-13,GBU,OPT,GBUX6 P13400,2026-11-06,P,1.34,0.011500000,3,5
2026-08-13,GBU,OPT,GBUX6 P13450,2026-11-06,P,1.345,0.013500000,3,1
2026-08-13,GBU,OPT,GBUX6 P13500,2026-11-06,P,1.35,0.015800000,3,73
2026-08-13,GBU,OPT,GBUX6 P13550,2026-11-06,P,1.355,0.018400000,3,
2026-08-13,GBU,OPT,GBUX6 P13600,2026-11-06,P,1.36,0.021200000,3,152
2026-08-13,GBU,OPT,GBUX6 P13650,2026-11-06,P,1.365,0.024400000,3,222
2026-08-13,GBU,OPT,GBUX6 P13700,2026-11-06,P,1.37,0.027800000,3,66
2026-08-13,GBU,OPT,GBUX6 P13750,2026-11-06,P,1.375,0.031500000,3,
2026-08-13,GBU,OPT,GBUX6 P13800,2026-11-06,P,1.38,0.035400000,3,
2026-08-13,GBU,OPT,GBUX6 P13850,2026-11-06,P,1.385,0.039500000,3,
2026-08-13,GBU,OPT,GBUX6 P13900,2026-11-06,P,1.39,0.043800000,3,
2026-08-13,GBU,OPT,GBUX6 P13950,2026-11-06,P,1.395,0.048300000,3,
2026-08-13,GBU,OPT,GBUX6 P14000,2026-11-06,P,1.4,0.052800000,3,
2026-08-13,GBU,OPT,GBUX6 P14050,2026-11-06,P,1.405,0.057400000,3,
2026-08-13,GBU,OPT,GBUX6 P14100,2026-11-06,P,1.41,0.062100000,3,
2026-08-13,GBU,OPT,GBUX6 P14150,2026-11-06,P,1.415,0.066900000,3,
2026-08-13,GBU,OPT,GBUX6 P14200,2026-11-06,P,1.42,0.071700000,3,1
2026-08-13,GBU,OPT,GBUX6 P14250,2026-11-06,P,1.425,0.076500000,3,
2026-08-13,GBU,OPT,GBUX6 P14300,2026-11-06,P,1.43,0.081300000,3,
2026-08-13,GBU,OPT,GBUX6 P14400,2026-11-06,P,1.44,0.091100000,3,1
2026-08-13,GBU,OPT,GBUX6 P14500,2026-11-06,P,1.45,0.101000000,3,
2026-08-13,GBU,OPT,GBUX6 P14600,2026-11-06,P,1.46,0.110800000,3,
2026-08-13,GBU,OPT,GBUX6 P14700,2026-11-06,P,1.47,0.120700000,3,
2026-08-13,GBU,OPT,GBUX6 P14800,2026-11-06,P,1.48,0.130600000,3,
2026-08-13,GBU,OPT,GBUX6 P14900,2026-11-06,P,1.49,0.140500000,3,
2026-08-13,GBU,OPT,GBUX6 P15000,2026-11-06,P,1.5,0.150400000,3,
2026-08-13,GBU,OPT,GBUX6 P15100,2026-11-06,P,1.51,0.160300000,3,
2026-08-13,GBU,OPT,GBUX6 P15200,2026-11-06,P,1.52,0.170200000,3,
2026-08-13,GBU,OPT,GBUX6 P15300,2026-11-06,P,1.53,0.180100000,3,
2026-08-13,GBU,OPT,GBUX6 P15400,2026-11-06,P,1.54,0.190100000,3,
2026-08-13,GBU,OPT,GBUX6 P15500,2026-11-06,P,1.55,0.200000000,3,
2026-08-13,GBU,OPT,GBUX6 P15600,2026-11-06,P,1.56,0.209900000,3,
2026-08-13,GBU,OPT,GBUX6 P15700,2026-11-06,P,1.57,0.219800000,3,
2026-08-13,GBU,OPT,GBUX6 P15800,2026-11-06,P,1.58,0.229700000,3,
2026-08-13,GBU,OPT,GBUZ6 C10200,2026-12-04,C,1.02,0.324500000,3,
2026-08-13,GBU,OPT,GBUZ6 C10300,2026-12-04,C,1.03,0.314600000,3,
2026-08-13,GBU,OPT,GBUZ6 C10400,2026-12-04,C,1.04,0.304800000,3,
2026-08-13,GBU,OPT,GBUZ6 C10500,2026-12-04,C,1.05,0.294900000,3,
2026-08-13,GBU,OPT,GBUZ6 C10600,2026-12-04,C,1.06,0.285000000,3,
2026-08-13,GBU,OPT,GBUZ6 C10700,2026-12-04,C,1.07,0.275200000,3,
2026-08-13,GBU,OPT,GBUZ6 C10800,2026-12-04,C,1.08,0.265300000,3,
2026-08-13,GBU,OPT,GBUZ6 C10900,2026-12-04,C,1.09,0.255400000,3,
2026-08-13,GBU,OPT,GBUZ6 C11000,2026-12-04,C,1.1,0.245500000,3,
2026-08-13,GBU,OPT,GBUZ6 C11100,2026-12-04,C,1.11,0.235700000,3,
2026-08-13,GBU,OPT,GBUZ6 C11200,2026-12-04,C,1.12,0.225800000,3,
2026-08-13,GBU,OPT,GBUZ6 C11300,2026-12-04,C,1.13,0.215900000,3,
2026-08-13,GBU,OPT,GBUZ6 C11400,2026-12-04,C,1.14,0.206100000,3,
2026-08-13,GBU,OPT,GBUZ6 C11500,2026-12-04,C,1.15,0.196200000,3,
2026-08-13,GBU,OPT,GBUZ6 C11600,2026-12-04,C,1.16,0.186400000,3,
2026-08-13,GBU,OPT,GBUZ6 C11650,2026-12-04,C,1.165,0.181500000,3,
2026-08-13,GBU,OPT,GBUZ6 C11700,2026-12-04,C,1.17,0.176600000,3,
2026-08-13,GBU,OPT,GBUZ6 C11750,2026-12-04,C,1.175,0.171600000,3,
2026-08-13,GBU,OPT,GBUZ6 C11800,2026-12-04,C,1.18,0.166700000,3,
2026-08-13,GBU,OPT,GBUZ6 C11850,2026-12-04,C,1.185,0.161800000,3,
2026-08-13,GBU,OPT,GBUZ6 C11900,2026-12-04,C,1.19,0.156900000,3,
2026-08-13,GBU,OPT,GBUZ6 C11950,2026-12-04,C,1.195,0.152000000,3,
2026-08-13,GBU,OPT,GBUZ6 C12000,2026-12-04,C,1.2,0.147100000,3,
2026-08-13,GBU,OPT,GBUZ6 C12050,2026-12-04,C,1.205,0.142200000,3,
2026-08-13,GBU,OPT,GBUZ6 C12100,2026-12-04,C,1.21,0.137200000,3,
2026-08-13,GBU,OPT,GBUZ6 C12150,2026-12-04,C,1.215,0.132300000,3,
2026-08-13,GBU,OPT,GBUZ6 C12200,2026-12-04,C,1.22,0.127400000,3,
2026-08-13,GBU,OPT,GBUZ6 C12250,2026-12-04,C,1.225,0.122500000,3,
2026-08-13,GBU,OPT,GBUZ6 C12300,2026-12-04,C,1.23,0.117600000,3,
2026-08-13,GBU,OPT,GBUZ6 C12350,2026-12-04,C,1.235,0.112800000,3,
2026-08-13,GBU,OPT,GBUZ6 C12400,2026-12-04,C,1.24,0.107900000,3,1
2026-08-13,GBU,OPT,GBUZ6 C12450,2026-12-04,C,1.245,0.103100000,3,
2026-08-13,GBU,OPT,GBUZ6 C12500,2026-12-04,C,1.25,0.098200000,3,
2026-08-13,GBU,OPT,GBUZ6 C12550,2026-12-04,C,1.255,0.093500000,3,
2026-08-13,GBU,OPT,GBUZ6 C12600,2026-12-04,C,1.26,0.088700000,3,
2026-08-13,GBU,OPT,GBUZ6 C12650,2026-12-04,C,1.265,0.084000000,3,
2026-08-13,GBU,OPT,GBUZ6 C12700,2026-12-04,C,1.27,0.079300000,3,31
2026-08-13,GBU,OPT,GBUZ6 C12750,2026-12-04,C,1.275,0.074600000,3,
2026-08-13,GBU,OPT,GBUZ6 C12800,2026-12-04,C,1.28,0.070100000,3,
2026-08-13,GBU,OPT,GBUZ6 C12850,2026-12-04,C,1.285,0.065500000,3,
2026-08-13,GBU,OPT,GBUZ6 C12900,2026-12-04,C,1.29,0.061000000,3,6
2026-08-13,GBU,OPT,GBUZ6 C12950,2026-12-04,C,1.295,0.056600000,3,
2026-08-13,GBU,OPT,GBUZ6 C13000,2026-12-04,C,1.3,0.052300000,3,
2026-08-13,GBU,OPT,GBUZ6 C13050,2026-12-04,C,1.305,0.048000000,3,
2026-08-13,GBU,OPT,GBUZ6 C13100,2026-12-04,C,1.31,0.043900000,3,
2026-08-13,GBU,OPT,GBUZ6 C13150,2026-12-04,C,1.315,0.039900000,3,
2026-08-13,GBU,OPT,GBUZ6 C13200,2026-12-04,C,1.32,0.036000000,3,9
2026-08-13,GBU,OPT,GBUZ6 C13250,2026-12-04,C,1.325,0.032200000,3,16
2026-08-13,GBU,OPT,GBUZ6 C13300,2026-12-04,C,1.33,0.028700000,3,
2026-08-13,GBU,OPT,GBUZ6 C13350,2026-12-04,C,1.335,0.025300000,3,84
2026-08-13,GBU,OPT,GBUZ6 C13400,2026-12-04,C,1.34,0.022200000,3,43
2026-08-13,GBU,OPT,GBUZ6 C13450,2026-12-04,C,1.345,0.019400000,3,90
2026-08-13,GBU,OPT,GBUZ6 C13500,2026-12-04,C,1.35,0.016700000,3,37
2026-08-13,GBU,OPT,GBUZ6 C13550,2026-12-04,C,1.355,0.014400000,3,192
2026-08-13,GBU,OPT,GBUZ6 C13600,2026-12-04,C,1.36,0.012200000,3,452
2026-08-13,GBU,OPT,GBUZ6 C13650,2026-12-04,C,1.365,0.010300000,3,1082
2026-08-13,GBU,OPT,GBUZ6 C13700,2026-12-04,C,1.37,0.008600000,3,87
2026-08-13,GBU,OPT,GBUZ6 C13750,2026-12-04,C,1.375,0.007100000,3,713
2026-08-13,GBU,OPT,GBUZ6 C13800,2026-12-04,C,1.38,0.005900000,3,158
2026-08-13,GBU,OPT,GBUZ6 C13850,2026-12-04,C,1.385,0.004800000,3,124
2026-08-13,GBU,OPT,GBUZ6 C13900,2026-12-04,C,1.39,0.003900000,3,248
2026-08-13,GBU,OPT,GBUZ6 C13950,2026-12-04,C,1.395,0.003200000,3,318
2026-08-13,GBU,OPT,GBUZ6 C14000,2026-12-04,C,1.4,0.002600000,3,308
2026-08-13,GBU,OPT,GBUZ6 C14050,2026-12-04,C,1.405,0.002100000,3,240
2026-08-13,GBU,OPT,GBUZ6 C14100,2026-12-04,C,1.41,0.001700000,3,594
2026-08-13,GBU,OPT,GBUZ6 C14150,2026-12-04,C,1.415,0.001400000,3,296
2026-08-13,GBU,OPT,GBUZ6 C14200,2026-12-04,C,1.42,0.001200000,3,303
2026-08-13,GBU,OPT,GBUZ6 C14250,2026-12-04,C,1.425,0.001000000,3,145
2026-08-13,GBU,OPT,GBUZ6 C14300,2026-12-04,C,1.43,0.000800000,3,100
2026-08-13,GBU,OPT,GBUZ6 C14400,2026-12-04,C,1.44,0.000600000,3,16
2026-08-13,GBU,OPT,GBUZ6 C14500,2026-12-04,C,1.45,0.000400000,3,2
2026-08-13,GBU,OPT,GBUZ6 C14600,2026-12-04,C,1.46,0.000300000,3,
2026-08-13,GBU,OPT,GBUZ6 C14700,2026-12-04,C,1.47,0.000300000,3,
2026-08-13,GBU,OPT,GBUZ6 C14800,2026-12-04,C,1.48,0.000200000,3,40
2026-08-13,GBU,OPT,GBUZ6 C14900,2026-12-04,C,1.49,0.000200000,3,
2026-08-13,GBU,OPT,GBUZ6 C15000,2026-12-04,C,1.5,0.000200000,3,1
2026-08-13,GBU,OPT,GBUZ6 C15100,2026-12-04,C,1.51,0.000200000,3,2
2026-08-13,GBU,OPT,GBUZ6 C15200,2026-12-04,C,1.52,0.000200000,3,
2026-08-13,GBU,OPT,GBUZ6 C15300,2026-12-04,C,1.53,0.000200000,3,
2026-08-13,GBU,OPT,GBUZ6 C15400,2026-12-04,C,1.54,0.000200000,3,1
2026-08-13,GBU,OPT,GBUZ6 C15500,2026-12-04,C,1.55,0.000200000,3,
2026-08-13,GBU,OPT,GBUZ6 C15600,2026-12-04,C,1.56,0.000100000,3,
2026-08-13,GBU,OPT,GBUZ6 C15700,2026-12-04,C,1.57,0.000100000,3,10
2026-08-13,GBU,OPT,GBUZ6 C15800,2026-12-04,C,1.58,0.000100000,3,
2026-08-13,GBU,OPT,GBUZ6 P10200,2026-12-04,P,1.02,0.000100000,3,3
2026-08-13,GBU,OPT,GBUZ6 P10300,2026-12-04,P,1.03,0.000100000,3,
2026-08-13,GBU,OPT,GBUZ6 P10400,2026-12-04,P,1.04,0.000100000,3,
2026-08-13,GBU,OPT,GBUZ6 P10500,2026-12-04,P,1.05,0.000100000,3,
2026-08-13,GBU,OPT,GBUZ6 P10600,2026-12-04,P,1.06,0.000100000,3,
2026-08-13,GBU,OPT,GBUZ6 P10700,2026-12-04,P,1.07,0.000100000,3,1
2026-08-13,GBU,OPT,GBUZ6 P10800,2026-12-04,P,1.08,0.000100000,3,
2026-08-13,GBU,OPT,GBUZ6 P10900,2026-12-04,P,1.09,0.000100000,3,
2026-08-13,GBU,OPT,GBUZ6 P11000,2026-12-04,P,1.1,0.000100000,3,1
2026-08-13,GBU,OPT,GBUZ6 P11100,2026-12-04,P,1.11,0.000100000,3,1
2026-08-13,GBU,OPT,GBUZ6 P11200,2026-12-04,P,1.12,0.000100000,3,1
2026-08-13,GBU,OPT,GBUZ6 P11300,2026-12-04,P,1.13,0.000100000,3,1
2026-08-13,GBU,OPT,GBUZ6 P11400,2026-12-04,P,1.14,0.000200000,3,
2026-08-13,GBU,OPT,GBUZ6 P11500,2026-12-04,P,1.15,0.000200000,3,41
2026-08-13,GBU,OPT,GBUZ6 P11600,2026-12-04,P,1.16,0.000300000,3,
2026-08-13,GBU,OPT,GBUZ6 P11650,2026-12-04,P,1.165,0.000300000,3,
2026-08-13,GBU,OPT,GBUZ6 P11700,2026-12-04,P,1.17,0.000300000,3,
2026-08-13,GBU,OPT,GBUZ6 P11750,2026-12-04,P,1.175,0.000300000,3,
2026-08-13,GBU,OPT,GBUZ6 P11800,2026-12-04,P,1.18,0.000400000,3,
2026-08-13,GBU,OPT,GBUZ6 P11850,2026-12-04,P,1.185,0.000400000,3,
2026-08-13,GBU,OPT,GBUZ6 P11900,2026-12-04,P,1.19,0.000400000,3,
2026-08-13,GBU,OPT,GBUZ6 P11950,2026-12-04,P,1.195,0.000400000,3,
2026-08-13,GBU,OPT,GBUZ6 P12000,2026-12-04,P,1.2,0.000500000,3,12
2026-08-13,GBU,OPT,GBUZ6 P12050,2026-12-04,P,1.205,0.000500000,3,
2026-08-13,GBU,OPT,GBUZ6 P12100,2026-12-04,P,1.21,0.000500000,3,16
2026-08-13,GBU,OPT,GBUZ6 P12150,2026-12-04,P,1.215,0.000600000,3,2
2026-08-13,GBU,OPT,GBUZ6 P12200,2026-12-04,P,1.22,0.000600000,3,19
2026-08-13,GBU,OPT,GBUZ6 P12250,2026-12-04,P,1.225,0.000600000,3,1
2026-08-13,GBU,OPT,GBUZ6 P12300,2026-12-04,P,1.23,0.000700000,3,19
2026-08-13,GBU,OPT,GBUZ6 P12350,2026-12-04,P,1.235,0.000800000,3,19
2026-08-13,GBU,OPT,GBUZ6 P12400,2026-12-04,P,1.24,0.000800000,3,18
2026-08-13,GBU,OPT,GBUZ6 P12450,2026-12-04,P,1.245,0.000900000,3,
2026-08-13,GBU,OPT,GBUZ6 P12500,2026-12-04,P,1.25,0.001100000,3,98
2026-08-13,GBU,OPT,GBUZ6 P12550,2026-12-04,P,1.255,0.001200000,3,21
2026-08-13,GBU,OPT,GBUZ6 P12600,2026-12-04,P,1.26,0.001400000,3,5
2026-08-13,GBU,OPT,GBUZ6 P12650,2026-12-04,P,1.265,0.001600000,3,2
2026-08-13,GBU,OPT,GBUZ6 P12700,2026-12-04,P,1.27,0.001900000,3,37
2026-08-13,GBU,OPT,GBUZ6 P12750,2026-12-04,P,1.275,0.002200000,3,4
2026-08-13,GBU,OPT,GBUZ6 P12800,2026-12-04,P,1.28,0.002500000,3,205
2026-08-13,GBU,OPT,GBUZ6 P12850,2026-12-04,P,1.285,0.002900000,3,122
2026-08-13,GBU,OPT,GBUZ6 P12900,2026-12-04,P,1.29,0.003400000,3,112
2026-08-13,GBU,OPT,GBUZ6 P12950,2026-12-04,P,1.295,0.003900000,3,1
2026-08-13,GBU,OPT,GBUZ6 P13000,2026-12-04,P,1.3,0.004500000,3,99
2026-08-13,GBU,OPT,GBUZ6 P13050,2026-12-04,P,1.305,0.005200000,3,91
2026-08-13,GBU,OPT,GBUZ6 P13100,2026-12-04,P,1.31,0.006000000,3,95
2026-08-13,GBU,OPT,GBUZ6 P13150,2026-12-04,P,1.315,0.006900000,3,63
2026-08-13,GBU,OPT,GBUZ6 P13200,2026-12-04,P,1.32,0.008000000,3,547
2026-08-13,GBU,OPT,GBUZ6 P13250,2026-12-04,P,1.325,0.009200000,3,35
2026-08-13,GBU,OPT,GBUZ6 P13300,2026-12-04,P,1.33,0.010600000,3,362
2026-08-13,GBU,OPT,GBUZ6 P13350,2026-12-04,P,1.335,0.012200000,3,53
2026-08-13,GBU,OPT,GBUZ6 P13400,2026-12-04,P,1.34,0.014000000,3,120
2026-08-13,GBU,OPT,GBUZ6 P13450,2026-12-04,P,1.345,0.016100000,3,112
2026-08-13,GBU,OPT,GBUZ6 P13500,2026-12-04,P,1.35,0.018400000,3,26
2026-08-13,GBU,OPT,GBUZ6 P13550,2026-12-04,P,1.355,0.021000000,3,30
2026-08-13,GBU,OPT,GBUZ6 P13600,2026-12-04,P,1.36,0.023800000,3,33
2026-08-13,GBU,OPT,GBUZ6 P13650,2026-12-04,P,1.365,0.026800000,3,
2026-08-13,GBU,OPT,GBUZ6 P13700,2026-12-04,P,1.37,0.030100000,3,191
2026-08-13,GBU,OPT,GBUZ6 P13750,2026-12-04,P,1.375,0.033500000,3,
2026-08-13,GBU,OPT,GBUZ6 P13800,2026-12-04,P,1.38,0.037200000,3,3
2026-08-13,GBU,OPT,GBUZ6 P13850,2026-12-04,P,1.385,0.041100000,3,
2026-08-13,GBU,OPT,GBUZ6 P13900,2026-12-04,P,1.39,0.045200000,3,
2026-08-13,GBU,OPT,GBUZ6 P13950,2026-12-04,P,1.395,0.049400000,3,
2026-08-13,GBU,OPT,GBUZ6 P14000,2026-12-04,P,1.4,0.053700000,3,3
2026-08-13,GBU,OPT,GBUZ6 P14050,2026-12-04,P,1.405,0.058200000,3,1
2026-08-13,GBU,OPT,GBUZ6 P14100,2026-12-04,P,1.41,0.062700000,3,2
2026-08-13,GBU,OPT,GBUZ6 P14150,2026-12-04,P,1.415,0.067300000,3,
2026-08-13,GBU,OPT,GBUZ6 P14200,2026-12-04,P,1.42,0.072000000,3,
2026-08-13,GBU,OPT,GBUZ6 P14250,2026-12-04,P,1.425,0.076800000,3,
2026-08-13,GBU,OPT,GBUZ6 P14300,2026-12-04,P,1.43,0.081600000,3,1
2026-08-13,GBU,OPT,GBUZ6 P14400,2026-12-04,P,1.44,0.091200000,3,
2026-08-13,GBU,OPT,GBUZ6 P14500,2026-12-04,P,1.45,0.101000000,3,
2026-08-13,GBU,OPT,GBUZ6 P14600,2026-12-04,P,1.46,0.110800000,3,
2026-08-13,GBU,OPT,GBUZ6 P14700,2026-12-04,P,1.47,0.120600000,3,
2026-08-13,GBU,OPT,GBUZ6 P14800,2026-12-04,P,1.48,0.130400000,3,
2026-08-13,GBU,OPT,GBUZ6 P14900,2026-12-04,P,1.49,0.140300000,3,
2026-08-13,GBU,OPT,GBUZ6 P15000,2026-12-04,P,1.5,0.150100000,3,641
2026-08-13,GBU,OPT,GBUZ6 P15100,2026-12-04,P,1.51,0.160000000,3,
2026-08-13,GBU,OPT,GBUZ6 P15200,2026-12-04,P,1.52,0.169900000,3,
2026-08-13,GBU,OPT,GBUZ6 P15300,2026-12-04,P,1.53,0.179800000,3,
2026-08-13,GBU,OPT,GBUZ6 P15400,2026-12-04,P,1.54,0.189600000,3,
2026-08-13,GBU,OPT,GBUZ6 P15500,2026-12-04,P,1.55,0.199500000,3,
2026-08-13,GBU,OPT,GBUZ6 P15600,2026-12-04,P,1.56,0.209400000,3,
2026-08-13,GBU,OPT,GBUZ6 P15700,2026-12-04,P,1.57,0.219200000,3,
2026-08-13,GBU,OPT,GBUZ6 P15800,2026-12-04,P,1.58,0.229000000,3,
2026-08-13,GBU,OPT,GBUF7 C11200,2027-01-08,C,1.12,0.224800000,3,
2026-08-13,GBU,OPT,GBUF7 C11300,2027-01-08,C,1.13,0.214900000,3,
2026-08-13,GBU,OPT,GBUF7 C11400,2027-01-08,C,1.14,0.205100000,3,
2026-08-13,GBU,OPT,GBUF7 C11500,2027-01-08,C,1.15,0.195300000,3,
2026-08-13,GBU,OPT,GBUF7 C11600,2027-01-08,C,1.16,0.185600000,3,
2026-08-13,GBU,OPT,GBUF7 C11700,2027-01-08,C,1.17,0.175800000,3,
2026-08-13,GBU,OPT,GBUF7 C11800,2027-01-08,C,1.18,0.166000000,3,
2026-08-13,GBU,OPT,GBUF7 C11900,2027-01-08,C,1.19,0.156200000,3,
2026-08-13,GBU,OPT,GBUF7 C12000,2027-01-08,C,1.2,0.146500000,3,
2026-08-13,GBU,OPT,GBUF7 C12100,2027-01-08,C,1.21,0.136800000,3,
2026-08-13,GBU,OPT,GBUF7 C12200,2027-01-08,C,1.22,0.127100000,3,
2026-08-13,GBU,OPT,GBUF7 C12300,2027-01-08,C,1.23,0.117400000,3,
2026-08-13,GBU,OPT,GBUF7 C12400,2027-01-08,C,1.24,0.107800000,3,
2026-08-13,GBU,OPT,GBUF7 C12500,2027-01-08,C,1.25,0.098400000,3,
2026-08-13,GBU,OPT,GBUF7 C12600,2027-01-08,C,1.26,0.089000000,3,
2026-08-13,GBU,OPT,GBUF7 C12650,2027-01-08,C,1.265,0.084400000,3,
2026-08-13,GBU,OPT,GBUF7 C12700,2027-01-08,C,1.27,0.079900000,3,
2026-08-13,GBU,OPT,GBUF7 C12750,2027-01-08,C,1.275,0.075400000,3,
2026-08-13,GBU,OPT,GBUF7 C12800,2027-01-08,C,1.28,0.071000000,3,
2026-08-13,GBU,OPT,GBUF7 C12850,2027-01-08,C,1.285,0.066600000,3,
2026-08-13,GBU,OPT,GBUF7 C12900,2027-01-08,C,1.29,0.062300000,3,
2026-08-13,GBU,OPT,GBUF7 C12950,2027-01-08,C,1.295,0.058000000,3,
2026-08-13,GBU,OPT,GBUF7 C13000,2027-01-08,C,1.3,0.053800000,3,
2026-08-13,GBU,OPT,GBUF7 C13050,2027-01-08,C,1.305,0.049800000,3,
2026-08-13,GBU,OPT,GBUF7 C13100,2027-01-08,C,1.31,0.045800000,3,
2026-08-13,GBU,OPT,GBUF7 C13150,2027-01-08,C,1.315,0.041900000,3,
2026-08-13,GBU,OPT,GBUF7 C13200,2027-01-08,C,1.32,0.038200000,3,13
2026-08-13,GBU,OPT,GBUF7 C13250,2027-01-08,C,1.325,0.034600000,3,42
2026-08-13,GBU,OPT,GBUF7 C13300,2027-01-08,C,1.33,0.031200000,3,17
2026-08-13,GBU,OPT,GBUF7 C13350,2027-01-08,C,1.335,0.028000000,3,
2026-08-13,GBU,OPT,GBUF7 C13400,2027-01-08,C,1.34,0.025000000,3,12
2026-08-13,GBU,OPT,GBUF7 C13450,2027-01-08,C,1.345,0.022100000,3,800
2026-08-13,GBU,OPT,GBUF7 C13500,2027-01-08,C,1.35,0.019500000,3,45
2026-08-13,GBU,OPT,GBUF7 C13550,2027-01-08,C,1.355,0.017100000,3,
2026-08-13,GBU,OPT,GBUF7 C13600,2027-01-08,C,1.36,0.014900000,3,400
2026-08-13,GBU,OPT,GBUF7 C13650,2027-01-08,C,1.365,0.012900000,3,
2026-08-13,GBU,OPT,GBUF7 C13700,2027-01-08,C,1.37,0.011100000,3,1
2026-08-13,GBU,OPT,GBUF7 C13750,2027-01-08,C,1.375,0.009500000,3,
2026-08-13,GBU,OPT,GBUF7 C13800,2027-01-08,C,1.38,0.008100000,3,3
2026-08-13,GBU,OPT,GBUF7 C13850,2027-01-08,C,1.385,0.006900000,3,
2026-08-13,GBU,OPT,GBUF7 C13900,2027-01-08,C,1.39,0.005800000,3,1
2026-08-13,GBU,OPT,GBUF7 C13950,2027-01-08,C,1.395,0.004900000,3,1
2026-08-13,GBU,OPT,GBUF7 C14000,2027-01-08,C,1.4,0.004100000,3,2
2026-08-13,GBU,OPT,GBUF7 C14050,2027-01-08,C,1.405,0.003500000,3,
2026-08-13,GBU,OPT,GBUF7 C14100,2027-01-08,C,1.41,0.002900000,3,
2026-08-13,GBU,OPT,GBUF7 C14150,2027-01-08,C,1.415,0.002400000,3,1
2026-08-13,GBU,OPT,GBUF7 C14200,2027-01-08,C,1.42,0.002000000,3,5
2026-08-13,GBU,OPT,GBUF7 C14250,2027-01-08,C,1.425,0.001700000,3,
2026-08-13,GBU,OPT,GBUF7 C14300,2027-01-08,C,1.43,0.001400000,3,
2026-08-13,GBU,OPT,GBUF7 C14400,2027-01-08,C,1.44,0.001000000,3,
2026-08-13,GBU,OPT,GBUF7 C14500,2027-01-08,C,1.45,0.000800000,3,16
2026-08-13,GBU,OPT,GBUF7 C14600,2027-01-08,C,1.46,0.000600000,3,
2026-08-13,GBU,OPT,GBUF7 C14700,2027-01-08,C,1.47,0.000500000,3,2
2026-08-13,GBU,OPT,GBUF7 C14800,2027-01-08,C,1.48,0.000400000,3,1
2026-08-13,GBU,OPT,GBUF7 C14900,2027-01-08,C,1.49,0.000300000,3,
2026-08-13,GBU,OPT,GBUF7 C15000,2027-01-08,C,1.5,0.000200000,3,
2026-08-13,GBU,OPT,GBUF7 C15100,2027-01-08,C,1.51,0.000100000,3,1
2026-08-13,GBU,OPT,GBUF7 C15200,2027-01-08,C,1.52,0.000100000,3,1
2026-08-13,GBU,OPT,GBUF7 C15300,2027-01-08,C,1.53,0.000100000,3,
2026-08-13,GBU,OPT,GBUF7 C15400,2027-01-08,C,1.54,0.000100000,3,3
2026-08-13,GBU,OPT,GBUF7 C15500,2027-01-08,C,1.55,0.000100000,3,
2026-08-13,GBU,OPT,GBUF7 C15600,2027-01-08,C,1.56,0.000100000,3,
2026-08-13,GBU,OPT,GBUF7 C15700,2027-01-08,C,1.57,0.000100000,3,
2026-08-13,GBU,OPT,GBUF7 C15800,2027-01-08,C,1.58,0.000100000,3,
2026-08-13,GBU,OPT,GBUF7 P11200,2027-01-08,P,1.12,0.000200000,3,
2026-08-13,GBU,OPT,GBUF7 P11300,2027-01-08,P,1.13,0.000300000,3,
2026-08-13,GBU,OPT,GBUF7 P11400,2027-01-08,P,1.14,0.000300000,3,
2026-08-13,GBU,OPT,GBUF7 P11500,2027-01-08,P,1.15,0.000400000,3,
2026-08-13,GBU,OPT,GBUF7 P11600,2027-01-08,P,1.16,0.000400000,3,
2026-08-13,GBU,OPT,GBUF7 P11700,2027-01-08,P,1.17,0.000500000,3,
2026-08-13,GBU,OPT,GBUF7 P11800,2027-01-08,P,1.18,0.000600000,3,
2026-08-13,GBU,OPT,GBUF7 P11900,2027-01-08,P,1.19,0.000600000,3,
2026-08-13,GBU,OPT,GBUF7 P12000,2027-01-08,P,1.2,0.000800000,3,
2026-08-13,GBU,OPT,GBUF7 P12100,2027-01-08,P,1.21,0.000900000,3,16
2026-08-13,GBU,OPT,GBUF7 P12200,2027-01-08,P,1.22,0.001000000,3,19
2026-08-13,GBU,OPT,GBUF7 P12300,2027-01-08,P,1.23,0.001200000,3,19
2026-08-13,GBU,OPT,GBUF7 P12400,2027-01-08,P,1.24,0.001500000,3,20
2026-08-13,GBU,OPT,GBUF7 P12500,2027-01-08,P,1.25,0.001800000,3,
2026-08-13,GBU,OPT,GBUF7 P12600,2027-01-08,P,1.26,0.002400000,3,1
2026-08-13,GBU,OPT,GBUF7 P12650,2027-01-08,P,1.265,0.002700000,3,
2026-08-13,GBU,OPT,GBUF7 P12700,2027-01-08,P,1.27,0.003100000,3,
2026-08-13,GBU,OPT,GBUF7 P12750,2027-01-08,P,1.275,0.003500000,3,
2026-08-13,GBU,OPT,GBUF7 P12800,2027-01-08,P,1.28,0.004000000,3,1
2026-08-13,GBU,OPT,GBUF7 P12850,2027-01-08,P,1.285,0.004500000,3,
2026-08-13,GBU,OPT,GBUF7 P12900,2027-01-08,P,1.29,0.005100000,3,
2026-08-13,GBU,OPT,GBUF7 P12950,2027-01-08,P,1.295,0.005800000,3,
2026-08-13,GBU,OPT,GBUF7 P13000,2027-01-08,P,1.3,0.006600000,3,2
2026-08-13,GBU,OPT,GBUF7 P13050,2027-01-08,P,1.305,0.007400000,3,2
2026-08-13,GBU,OPT,GBUF7 P13100,2027-01-08,P,1.31,0.008400000,3,3
2026-08-13,GBU,OPT,GBUF7 P13150,2027-01-08,P,1.315,0.009400000,3,
2026-08-13,GBU,OPT,GBUF7 P13200,2027-01-08,P,1.32,0.010600000,3,
2026-08-13,GBU,OPT,GBUF7 P13250,2027-01-08,P,1.325,0.012000000,3,560
2026-08-13,GBU,OPT,GBUF7 P13300,2027-01-08,P,1.33,0.013500000,3,2
2026-08-13,GBU,OPT,GBUF7 P13350,2027-01-08,P,1.335,0.015200000,3,2
2026-08-13,GBU,OPT,GBUF7 P13400,2027-01-08,P,1.34,0.017100000,3,644
2026-08-13,GBU,OPT,GBUF7 P13450,2027-01-08,P,1.345,0.019200000,3,67
2026-08-13,GBU,OPT,GBUF7 P13500,2027-01-08,P,1.35,0.021500000,3,2
2026-08-13,GBU,OPT,GBUF7 P13550,2027-01-08,P,1.355,0.024000000,3,240
2026-08-13,GBU,OPT,GBUF7 P13600,2027-01-08,P,1.36,0.026700000,3,
2026-08-13,GBU,OPT,GBUF7 P13650,2027-01-08,P,1.365,0.029600000,3,
2026-08-13,GBU,OPT,GBUF7 P13700,2027-01-08,P,1.37,0.032800000,3,2
2026-08-13,GBU,OPT,GBUF7 P13750,2027-01-08,P,1.375,0.036100000,3,
2026-08-13,GBU,OPT,GBUF7 P13800,2027-01-08,P,1.38,0.039600000,3,1
2026-08-13,GBU,OPT,GBUF7 P13850,2027-01-08,P,1.385,0.043300000,3,
2026-08-13,GBU,OPT,GBUF7 P13900,2027-01-08,P,1.39,0.047200000,3,
2026-08-13,GBU,OPT,GBUF7 P13950,2027-01-08,P,1.395,0.051200000,3,
2026-08-13,GBU,OPT,GBUF7 P14000,2027-01-08,P,1.4,0.055300000,3,
2026-08-13,GBU,OPT,GBUF7 P14050,2027-01-08,P,1.405,0.059600000,3,
2026-08-13,GBU,OPT,GBUF7 P14100,2027-01-08,P,1.41,0.063900000,3,
2026-08-13,GBU,OPT,GBUF7 P14150,2027-01-08,P,1.415,0.068400000,3,
2026-08-13,GBU,OPT,GBUF7 P14200,2027-01-08,P,1.42,0.072900000,3,
2026-08-13,GBU,OPT,GBUF7 P14250,2027-01-08,P,1.425,0.077500000,3,
2026-08-13,GBU,OPT,GBUF7 P14300,2027-01-08,P,1.43,0.082200000,3,
2026-08-13,GBU,OPT,GBUF7 P14400,2027-01-08,P,1.44,0.091600000,3,
2026-08-13,GBU,OPT,GBUF7 P14500,2027-01-08,P,1.45,0.101200000,3,
2026-08-13,GBU,OPT,GBUF7 P14600,2027-01-08,P,1.46,0.110900000,3,
2026-08-13,GBU,OPT,GBUF7 P14700,2027-01-08,P,1.47,0.120600000,3,
2026-08-13,GBU,OPT,GBUF7 P14800,2027-01-08,P,1.48,0.130300000,3,
2026-08-13,GBU,OPT,GBUF7 P14900,2027-01-08,P,1.49,0.140100000,3,
2026-08-13,GBU,OPT,GBUF7 P15000,2027-01-08,P,1.5,0.149900000,3,
2026-08-13,GBU,OPT,GBUF7 P15100,2027-01-08,P,1.51,0.159700000,3,
2026-08-13,GBU,OPT,GBUF7 P15200,2027-01-08,P,1.52,0.169500000,3,
2026-08-13,GBU,OPT,GBUF7 P15300,2027-01-08,P,1.53,0.179300000,3,
2026-08-13,GBU,OPT,GBUF7 P15400,2027-01-08,P,1.54,0.189100000,3,
2026-08-13,GBU,OPT,GBUF7 P15500,2027-01-08,P,1.55,0.198900000,3,
2026-08-13,GBU,OPT,GBUF7 P15600,2027-01-08,P,1.56,0.208800000,3,
2026-08-13,GBU,OPT,GBUF7 P15700,2027-01-08,P,1.57,0.218600000,3,
2026-08-13,GBU,OPT,GBUF7 P15800,2027-01-08,P,1.58,0.228500000,3,
2026-08-13,GBU,OPT,GBUG7 C11200,2027-02-05,C,1.12,0.224200000,3,
2026-08-13,GBU,OPT,GBUG7 C11300,2027-02-05,C,1.13,0.214400000,3,
2026-08-13,GBU,OPT,GBUG7 C11400,2027-02-05,C,1.14,0.204700000,3,
2026-08-13,GBU,OPT,GBUG7 C11500,2027-02-05,C,1.15,0.194900000,3,
2026-08-13,GBU,OPT,GBUG7 C11600,2027-02-05,C,1.16,0.185200000,3,
2026-08-13,GBU,OPT,GBUG7 C11700,2027-02-05,C,1.17,0.175500000,3,
2026-08-13,GBU,OPT,GBUG7 C11800,2027-02-05,C,1.18,0.165800000,3,
2026-08-13,GBU,OPT,GBUG7 C11900,2027-02-05,C,1.19,0.156100000,3,
2026-08-13,GBU,OPT,GBUG7 C12000,2027-02-05,C,1.2,0.146400000,3,
2026-08-13,GBU,OPT,GBUG7 C12100,2027-02-05,C,1.21,0.136800000,3,
2026-08-13,GBU,OPT,GBUG7 C12200,2027-02-05,C,1.22,0.127200000,3,
2026-08-13,GBU,OPT,GBUG7 C12300,2027-02-05,C,1.23,0.117700000,3,
2026-08-13,GBU,OPT,GBUG7 C12400,2027-02-05,C,1.24,0.108300000,3,
2026-08-13,GBU,OPT,GBUG7 C12500,2027-02-05,C,1.25,0.099000000,3,
2026-08-13,GBU,OPT,GBUG7 C12600,2027-02-05,C,1.26,0.089900000,3,
2026-08-13,GBU,OPT,GBUG7 C12650,2027-02-05,C,1.265,0.085400000,3,
2026-08-13,GBU,OPT,GBUG7 C12700,2027-02-05,C,1.27,0.081000000,3,
2026-08-13,GBU,OPT,GBUG7 C12750,2027-02-05,C,1.275,0.076600000,3,
2026-08-13,GBU,OPT,GBUG7 C12800,2027-02-05,C,1.28,0.072300000,3,
2026-08-13,GBU,OPT,GBUG7 C12850,2027-02-05,C,1.285,0.068000000,3,
2026-08-13,GBU,OPT,GBUG7 C12900,2027-02-05,C,1.29,0.063800000,3,
2026-08-13,GBU,OPT,GBUG7 C12950,2027-02-05,C,1.295,0.059600000,3,
2026-08-13,GBU,OPT,GBUG7 C13000,2027-02-05,C,1.3,0.055600000,3,
2026-08-13,GBU,OPT,GBUG7 C13050,2027-02-05,C,1.305,0.051600000,3,
2026-08-13,GBU,OPT,GBUG7 C13100,2027-02-05,C,1.31,0.047800000,3,
2026-08-13,GBU,OPT,GBUG7 C13150,2027-02-05,C,1.315,0.044000000,3,
2026-08-13,GBU,OPT,GBUG7 C13200,2027-02-05,C,1.32,0.040400000,3,2
2026-08-13,GBU,OPT,GBUG7 C13250,2027-02-05,C,1.325,0.036900000,3,
2026-08-13,GBU,OPT,GBUG7 C13300,2027-02-05,C,1.33,0.033600000,3,4
2026-08-13,GBU,OPT,GBUG7 C13350,2027-02-05,C,1.335,0.030400000,3,
2026-08-13,GBU,OPT,GBUG7 C13400,2027-02-05,C,1.34,0.027400000,3,
2026-08-13,GBU,OPT,GBUG7 C13450,2027-02-05,C,1.345,0.024500000,3,4
2026-08-13,GBU,OPT,GBUG7 C13500,2027-02-05,C,1.35,0.021900000,3,
2026-08-13,GBU,OPT,GBUG7 C13550,2027-02-05,C,1.355,0.019500000,3,
2026-08-13,GBU,OPT,GBUG7 C13600,2027-02-05,C,1.36,0.017200000,3,
2026-08-13,GBU,OPT,GBUG7 C13650,2027-02-05,C,1.365,0.015200000,3,247
2026-08-13,GBU,OPT,GBUG7 C13700,2027-02-05,C,1.37,0.013300000,3,1
2026-08-13,GBU,OPT,GBUG7 C13750,2027-02-05,C,1.375,0.011600000,3,
2026-08-13,GBU,OPT,GBUG7 C13800,2027-02-05,C,1.38,0.010100000,3,403
2026-08-13,GBU,OPT,GBUG7 C13850,2027-02-05,C,1.385,0.008800000,3,
2026-08-13,GBU,OPT,GBUG7 C13900,2027-02-05,C,1.39,0.007600000,3,
2026-08-13,GBU,OPT,GBUG7 C13950,2027-02-05,C,1.395,0.006600000,3,
2026-08-13,GBU,OPT,GBUG7 C14000,2027-02-05,C,1.4,0.005700000,3,5
2026-08-13,GBU,OPT,GBUG7 C14050,2027-02-05,C,1.405,0.004900000,3,
2026-08-13,GBU,OPT,GBUG7 C14100,2027-02-05,C,1.41,0.004200000,3,
2026-08-13,GBU,OPT,GBUG7 C14150,2027-02-05,C,1.415,0.003600000,3,
2026-08-13,GBU,OPT,GBUG7 C14200,2027-02-05,C,1.42,0.003100000,3,44
2026-08-13,GBU,OPT,GBUG7 C14300,2027-02-05,C,1.43,0.002200000,3,1
2026-08-13,GBU,OPT,GBUG7 C14400,2027-02-05,C,1.44,0.001600000,3,
2026-08-13,GBU,OPT,GBUG7 C14500,2027-02-05,C,1.45,0.001200000,3,
2026-08-13,GBU,OPT,GBUG7 C14600,2027-02-05,C,1.46,0.000800000,3,
2026-08-13,GBU,OPT,GBUG7 C14700,2027-02-05,C,1.47,0.000600000,3,17
2026-08-13,GBU,OPT,GBUG7 C14800,2027-02-05,C,1.48,0.000500000,3,
2026-08-13,GBU,OPT,GBUG7 C14900,2027-02-05,C,1.49,0.000400000,3,
2026-08-13,GBU,OPT,GBUG7 C15000,2027-02-05,C,1.5,0.000300000,3,
2026-08-13,GBU,OPT,GBUG7 C15100,2027-02-05,C,1.51,0.000200000,3,
2026-08-13,GBU,OPT,GBUG7 C15200,2027-02-05,C,1.52,0.000200000,3,
2026-08-13,GBU,OPT,GBUG7 C15300,2027-02-05,C,1.53,0.000100000,3,
2026-08-13,GBU,OPT,GBUG7 C15400,2027-02-05,C,1.54,0.000100000,3,
2026-08-13,GBU,OPT,GBUG7 C15500,2027-02-05,C,1.55,0.000100000,3,
2026-08-13,GBU,OPT,GBUG7 C15600,2027-02-05,C,1.56,0.000100000,3,
2026-08-13,GBU,OPT,GBUG7 C15700,2027-02-05,C,1.57,0.000100000,3,
2026-08-13,GBU,OPT,GBUG7 P11200,2027-02-05,P,1.12,0.000300000,3,
2026-08-13,GBU,OPT,GBUG7 P11300,2027-02-05,P,1.13,0.000400000,3,
2026-08-13,GBU,OPT,GBUG7 P11400,2027-02-05,P,1.14,0.000500000,3,
2026-08-13,GBU,OPT,GBUG7 P11500,2027-02-05,P,1.15,0.000500000,3,
2026-08-13,GBU,OPT,GBUG7 P11600,2027-02-05,P,1.16,0.000600000,3,
2026-08-13,GBU,OPT,GBUG7 P11700,2027-02-05,P,1.17,0.000700000,3,1
2026-08-13,GBU,OPT,GBUG7 P11800,2027-02-05,P,1.18,0.000800000,3,
2026-08-13,GBU,OPT,GBUG7 P11900,2027-02-05,P,1.19,0.001000000,3,
2026-08-13,GBU,OPT,GBUG7 P12000,2027-02-05,P,1.2,0.001100000,3,16
2026-08-13,GBU,OPT,GBUG7 P12100,2027-02-05,P,1.21,0.001300000,3,17
2026-08-13,GBU,OPT,GBUG7 P12200,2027-02-05,P,1.22,0.001600000,3,17
2026-08-13,GBU,OPT,GBUG7 P12300,2027-02-05,P,1.23,0.001900000,3,17
2026-08-13,GBU,OPT,GBUG7 P12400,2027-02-05,P,1.24,0.002300000,3,
2026-08-13,GBU,OPT,GBUG7 P12500,2027-02-05,P,1.25,0.002800000,3,
2026-08-13,GBU,OPT,GBUG7 P12600,2027-02-05,P,1.26,0.003500000,3,
2026-08-13,GBU,OPT,GBUG7 P12650,2027-02-05,P,1.265,0.003900000,3,
2026-08-13,GBU,OPT,GBUG7 P12700,2027-02-05,P,1.27,0.004400000,3,
2026-08-13,GBU,OPT,GBUG7 P12750,2027-02-05,P,1.275,0.004900000,3,1
2026-08-13,GBU,OPT,GBUG7 P12800,2027-02-05,P,1.28,0.005500000,3,320
2026-08-13,GBU,OPT,GBUG7 P12850,2027-02-05,P,1.285,0.006100000,3,1
2026-08-13,GBU,OPT,GBUG7 P12900,2027-02-05,P,1.29,0.006800000,3,
2026-08-13,GBU,OPT,GBUG7 P12950,2027-02-05,P,1.295,0.007600000,3,100
2026-08-13,GBU,OPT,GBUG7 P13000,2027-02-05,P,1.3,0.008500000,3,2
2026-08-13,GBU,OPT,GBUG7 P13050,2027-02-05,P,1.305,0.009400000,3,
2026-08-13,GBU,OPT,GBUG7 P13100,2027-02-05,P,1.31,0.010500000,3,
2026-08-13,GBU,OPT,GBUG7 P13150,2027-02-05,P,1.315,0.011600000,3,
2026-08-13,GBU,OPT,GBUG7 P13200,2027-02-05,P,1.32,0.012900000,3,5
2026-08-13,GBU,OPT,GBUG7 P13250,2027-02-05,P,1.325,0.014300000,3,40
2026-08-13,GBU,OPT,GBUG7 P13300,2027-02-05,P,1.33,0.015900000,3,21
2026-08-13,GBU,OPT,GBUG7 P13350,2027-02-05,P,1.335,0.017600000,3,5
2026-08-13,GBU,OPT,GBUG7 P13400,2027-02-05,P,1.34,0.019500000,3,202
2026-08-13,GBU,OPT,GBUG7 P13450,2027-02-05,P,1.345,0.021600000,3,200
2026-08-13,GBU,OPT,GBUG7 P13500,2027-02-05,P,1.35,0.023900000,3,
2026-08-13,GBU,OPT,GBUG7 P13550,2027-02-05,P,1.355,0.026300000,3,
2026-08-13,GBU,OPT,GBUG7 P13600,2027-02-05,P,1.36,0.029000000,3,
2026-08-13,GBU,OPT,GBUG7 P13650,2027-02-05,P,1.365,0.031900000,3,
2026-08-13,GBU,OPT,GBUG7 P13700,2027-02-05,P,1.37,0.034900000,3,
2026-08-13,GBU,OPT,GBUG7 P13750,2027-02-05,P,1.375,0.038100000,3,
2026-08-13,GBU,OPT,GBUG7 P13800,2027-02-05,P,1.38,0.041600000,3,
2026-08-13,GBU,OPT,GBUG7 P13850,2027-02-05,P,1.385,0.045100000,3,
2026-08-13,GBU,OPT,GBUG7 P13900,2027-02-05,P,1.39,0.048900000,3,
2026-08-13,GBU,OPT,GBUG7 P13950,2027-02-05,P,1.395,0.052700000,3,
2026-08-13,GBU,OPT,GBUG7 P14000,2027-02-05,P,1.4,0.056700000,3,
2026-08-13,GBU,OPT,GBUG7 P14050,2027-02-05,P,1.405,0.060800000,3,
2026-08-13,GBU,OPT,GBUG7 P14100,2027-02-05,P,1.41,0.065100000,3,
2026-08-13,GBU,OPT,GBUG7 P14150,2027-02-05,P,1.415,0.069400000,3,
2026-08-13,GBU,OPT,GBUG7 P14200,2027-02-05,P,1.42,0.073700000,3,
2026-08-13,GBU,OPT,GBUG7 P14300,2027-02-05,P,1.43,0.082700000,3,
2026-08-13,GBU,OPT,GBUG7 P14400,2027-02-05,P,1.44,0.091900000,3,
2026-08-13,GBU,OPT,GBUG7 P14500,2027-02-05,P,1.45,0.101300000,3,
2026-08-13,GBU,OPT,GBUG7 P14600,2027-02-05,P,1.46,0.110800000,3,
2026-08-13,GBU,OPT,GBUG7 P14700,2027-02-05,P,1.47,0.120400000,3,
2026-08-13,GBU,OPT,GBUG7 P14800,2027-02-05,P,1.48,0.130100000,3,
2026-08-13,GBU,OPT,GBUG7 P14900,2027-02-05,P,1.49,0.139800000,3,
2026-08-13,GBU,OPT,GBUG7 P15000,2027-02-05,P,1.5,0.149500000,3,
2026-08-13,GBU,OPT,GBUG7 P15100,2027-02-05,P,1.51,0.159300000,3,
2026-08-13,GBU,OPT,GBUG7 P15200,2027-02-05,P,1.52,0.169000000,3,
2026-08-13,GBU,OPT,GBUG7 P15300,2027-02-05,P,1.53,0.178800000,3,
2026-08-13,GBU,OPT,GBUG7 P15400,2027-02-05,P,1.54,0.188600000,3,
2026-08-13,GBU,OPT,GBUG7 P15500,2027-02-05,P,1.55,0.198400000,3,
2026-08-13,GBU,OPT,GBUG7 P15600,2027-02-05,P,1.56,0.208200000,3,
2026-08-13,GBU,OPT,GBUG7 P15700,2027-02-05,P,1.57,0.218000000,3,
2026-08-13,GBU,OPT,GBUH7 C10700,2027-03-05,C,1.07,0.272500000,3,
2026-08-13,GBU,OPT,GBUH7 C10800,2027-03-05,C,1.08,0.262700000,3,
2026-08-13,GBU,OPT,GBUH7 C10900,2027-03-05,C,1.09,0.253000000,3,
2026-08-13,GBU,OPT,GBUH7 C11000,2027-03-05,C,1.1,0.243200000,3,
2026-08-13,GBU,OPT,GBUH7 C11100,2027-03-05,C,1.11,0.233500000,3,
2026-08-13,GBU,OPT,GBUH7 C11200,2027-03-05,C,1.12,0.223800000,3,
2026-08-13,GBU,OPT,GBUH7 C11300,2027-03-05,C,1.13,0.214100000,3,
2026-08-13,GBU,OPT,GBUH7 C11400,2027-03-05,C,1.14,0.204400000,3,
2026-08-13,GBU,OPT,GBUH7 C11500,2027-03-05,C,1.15,0.194700000,3,
2026-08-13,GBU,OPT,GBUH7 C11600,2027-03-05,C,1.16,0.185000000,3,
2026-08-13,GBU,OPT,GBUH7 C11700,2027-03-05,C,1.17,0.175300000,3,
2026-08-13,GBU,OPT,GBUH7 C11800,2027-03-05,C,1.18,0.165600000,3,
2026-08-13,GBU,OPT,GBUH7 C11900,2027-03-05,C,1.19,0.156000000,3,
2026-08-13,GBU,OPT,GBUH7 C12000,2027-03-05,C,1.2,0.146400000,3,
2026-08-13,GBU,OPT,GBUH7 C12100,2027-03-05,C,1.21,0.136900000,3,
2026-08-13,GBU,OPT,GBUH7 C12200,2027-03-05,C,1.22,0.127400000,3,
2026-08-13,GBU,OPT,GBUH7 C12250,2027-03-05,C,1.225,0.122700000,3,
2026-08-13,GBU,OPT,GBUH7 C12300,2027-03-05,C,1.23,0.118100000,3,
2026-08-13,GBU,OPT,GBUH7 C12350,2027-03-05,C,1.235,0.113400000,3,
2026-08-13,GBU,OPT,GBUH7 C12400,2027-03-05,C,1.24,0.108800000,3,
2026-08-13,GBU,OPT,GBUH7 C12450,2027-03-05,C,1.245,0.104300000,3,
2026-08-13,GBU,OPT,GBUH7 C12500,2027-03-05,C,1.25,0.099800000,3,
2026-08-13,GBU,OPT,GBUH7 C12550,2027-03-05,C,1.255,0.095300000,3,
2026-08-13,GBU,OPT,GBUH7 C12600,2027-03-05,C,1.26,0.090800000,3,
2026-08-13,GBU,OPT,GBUH7 C12650,2027-03-05,C,1.265,0.086400000,3,
2026-08-13,GBU,OPT,GBUH7 C12700,2027-03-05,C,1.27,0.082100000,3,
2026-08-13,GBU,OPT,GBUH7 C12750,2027-03-05,C,1.275,0.077800000,3,
2026-08-13,GBU,OPT,GBUH7 C12800,2027-03-05,C,1.28,0.073500000,3,
2026-08-13,GBU,OPT,GBUH7 C12850,2027-03-05,C,1.285,0.069300000,3,
2026-08-13,GBU,OPT,GBUH7 C12900,2027-03-05,C,1.29,0.065200000,3,
2026-08-13,GBU,OPT,GBUH7 C12950,2027-03-05,C,1.295,0.061200000,3,
2026-08-13,GBU,OPT,GBUH7 C13000,2027-03-05,C,1.3,0.057200000,3,
2026-08-13,GBU,OPT,GBUH7 C13050,2027-03-05,C,1.305,0.053300000,3,
2026-08-13,GBU,OPT,GBUH7 C13100,2027-03-05,C,1.31,0.049500000,3,
2026-08-13,GBU,OPT,GBUH7 C13150,2027-03-05,C,1.315,0.045900000,3,
2026-08-13,GBU,OPT,GBUH7 C13200,2027-03-05,C,1.32,0.042400000,3,
2026-08-13,GBU,OPT,GBUH7 C13250,2027-03-05,C,1.325,0.038900000,3,
2026-08-13,GBU,OPT,GBUH7 C13300,2027-03-05,C,1.33,0.035700000,3,12
2026-08-13,GBU,OPT,GBUH7 C13350,2027-03-05,C,1.335,0.032600000,3,
2026-08-13,GBU,OPT,GBUH7 C13400,2027-03-05,C,1.34,0.029600000,3,1
2026-08-13,GBU,OPT,GBUH7 C13450,2027-03-05,C,1.345,0.026800000,3,
2026-08-13,GBU,OPT,GBUH7 C13500,2027-03-05,C,1.35,0.024200000,3,3
2026-08-13,GBU,OPT,GBUH7 C13550,2027-03-05,C,1.355,0.021800000,3,
2026-08-13,GBU,OPT,GBUH7 C13600,2027-03-05,C,1.36,0.019500000,3,0
2026-08-13,GBU,OPT,GBUH7 C13650,2027-03-05,C,1.365,0.017400000,3,32
2026-08-13,GBU,OPT,GBUH7 C13700,2027-03-05,C,1.37,0.015500000,3,2
2026-08-13,GBU,OPT,GBUH7 C13750,2027-03-05,C,1.375,0.013700000,3,4
2026-08-13,GBU,OPT,GBUH7 C13800,2027-03-05,C,1.38,0.012100000,3,1
2026-08-13,GBU,OPT,GBUH7 C13850,2027-03-05,C,1.385,0.010700000,3,
2026-08-13,GBU,OPT,GBUH7 C13900,2027-03-05,C,1.39,0.009400000,3,2
2026-08-13,GBU,OPT,GBUH7 C13950,2027-03-05,C,1.395,0.008200000,3,
2026-08-13,GBU,OPT,GBUH7 C14000,2027-03-05,C,1.4,0.007200000,3,2
2026-08-13,GBU,OPT,GBUH7 C14050,2027-03-05,C,1.405,0.006300000,3,
2026-08-13,GBU,OPT,GBUH7 C14100,2027-03-05,C,1.41,0.005500000,3,
2026-08-13,GBU,OPT,GBUH7 C14150,2027-03-05,C,1.415,0.004800000,3,
2026-08-13,GBU,OPT,GBUH7 C14200,2027-03-05,C,1.42,0.004100000,3,1
2026-08-13,GBU,OPT,GBUH7 C14250,2027-03-05,C,1.425,0.003600000,3,
2026-08-13,GBU,OPT,GBUH7 C14300,2027-03-05,C,1.43,0.003100000,3,2
2026-08-13,GBU,OPT,GBUH7 C14400,2027-03-05,C,1.44,0.002300000,3,
2026-08-13,GBU,OPT,GBUH7 C14500,2027-03-05,C,1.45,0.001700000,3,
2026-08-13,GBU,OPT,GBUH7 C14600,2027-03-05,C,1.46,0.001300000,3,
2026-08-13,GBU,OPT,GBUH7 C14700,2027-03-05,C,1.47,0.001000000,3,
2026-08-13,GBU,OPT,GBUH7 C14800,2027-03-05,C,1.48,0.000800000,3,2
2026-08-13,GBU,OPT,GBUH7 C14900,2027-03-05,C,1.49,0.000600000,3,
2026-08-13,GBU,OPT,GBUH7 C15000,2027-03-05,C,1.5,0.000500000,3,
2026-08-13,GBU,OPT,GBUH7 C15100,2027-03-05,C,1.51,0.000400000,3,
2026-08-13,GBU,OPT,GBUH7 C15200,2027-03-05,C,1.52,0.000300000,3,
2026-08-13,GBU,OPT,GBUH7 C15300,2027-03-05,C,1.53,0.000300000,3,
2026-08-13,GBU,OPT,GBUH7 C15400,2027-03-05,C,1.54,0.000200000,3,
2026-08-13,GBU,OPT,GBUH7 C15500,2027-03-05,C,1.55,0.000200000,3,
2026-08-13,GBU,OPT,GBUH7 C15600,2027-03-05,C,1.56,0.000100000,3,
2026-08-13,GBU,OPT,GBUH7 C15700,2027-03-05,C,1.57,0.000100000,3,
2026-08-13,GBU,OPT,GBUH7 C15800,2027-03-05,C,1.58,0.000100000,3,
2026-08-13,GBU,OPT,GBUH7 P10700,2027-03-05,P,1.07,0.000300000,3,12
2026-08-13,GBU,OPT,GBUH7 P10800,2027-03-05,P,1.08,0.000400000,3,3
2026-08-13,GBU,OPT,GBUH7 P10900,2027-03-05,P,1.09,0.000400000,3,
2026-08-13,GBU,OPT,GBUH7 P11000,2027-03-05,P,1.1,0.000500000,3,1
2026-08-13,GBU,OPT,GBUH7 P11100,2027-03-05,P,1.11,0.000500000,3,
2026-08-13,GBU,OPT,GBUH7 P11200,2027-03-05,P,1.12,0.000600000,3,
2026-08-13,GBU,OPT,GBUH7 P11300,2027-03-05,P,1.13,0.000700000,3,
2026-08-13,GBU,OPT,GBUH7 P11400,2027-03-05,P,1.14,0.000800000,3,
2026-08-13,GBU,OPT,GBUH7 P11500,2027-03-05,P,1.15,0.000800000,3,1
2026-08-13,GBU,OPT,GBUH7 P11600,2027-03-05,P,1.16,0.000900000,3,
2026-08-13,GBU,OPT,GBUH7 P11700,2027-03-05,P,1.17,0.001100000,3,1
2026-08-13,GBU,OPT,GBUH7 P11800,2027-03-05,P,1.18,0.001200000,3,
2026-08-13,GBU,OPT,GBUH7 P11900,2027-03-05,P,1.19,0.001300000,3,
2026-08-13,GBU,OPT,GBUH7 P12000,2027-03-05,P,1.2,0.001600000,3,
2026-08-13,GBU,OPT,GBUH7 P12100,2027-03-05,P,1.21,0.001800000,3,4
2026-08-13,GBU,OPT,GBUH7 P12200,2027-03-05,P,1.22,0.002100000,3,
2026-08-13,GBU,OPT,GBUH7 P12250,2027-03-05,P,1.225,0.002300000,3,1
2026-08-13,GBU,OPT,GBUH7 P12300,2027-03-05,P,1.23,0.002600000,3,1
2026-08-13,GBU,OPT,GBUH7 P12350,2027-03-05,P,1.235,0.002800000,3,
2026-08-13,GBU,OPT,GBUH7 P12400,2027-03-05,P,1.24,0.003100000,3,
2026-08-13,GBU,OPT,GBUH7 P12450,2027-03-05,P,1.245,0.003500000,3,
2026-08-13,GBU,OPT,GBUH7 P12500,2027-03-05,P,1.25,0.003800000,3,
2026-08-13,GBU,OPT,GBUH7 P12550,2027-03-05,P,1.255,0.004200000,3,
2026-08-13,GBU,OPT,GBUH7 P12600,2027-03-05,P,1.26,0.004700000,3,2
2026-08-13,GBU,OPT,GBUH7 P12650,2027-03-05,P,1.265,0.005200000,3,
2026-08-13,GBU,OPT,GBUH7 P12700,2027-03-05,P,1.27,0.005700000,3,
2026-08-13,GBU,OPT,GBUH7 P12750,2027-03-05,P,1.275,0.006300000,3,
2026-08-13,GBU,OPT,GBUH7 P12800,2027-03-05,P,1.28,0.007000000,3,1
2026-08-13,GBU,OPT,GBUH7 P12850,2027-03-05,P,1.285,0.007700000,3,1
2026-08-13,GBU,OPT,GBUH7 P12900,2027-03-05,P,1.29,0.008400000,3,1
2026-08-13,GBU,OPT,GBUH7 P12950,2027-03-05,P,1.295,0.009300000,3,
2026-08-13,GBU,OPT,GBUH7 P13000,2027-03-05,P,1.3,0.010200000,3,4
2026-08-13,GBU,OPT,GBUH7 P13050,2027-03-05,P,1.305,0.011200000,3,4
2026-08-13,GBU,OPT,GBUH7 P13100,2027-03-05,P,1.31,0.012300000,3,
2026-08-13,GBU,OPT,GBUH7 P13150,2027-03-05,P,1.315,0.013600000,3,
2026-08-13,GBU,OPT,GBUH7 P13200,2027-03-05,P,1.32,0.014900000,3,
2026-08-13,GBU,OPT,GBUH7 P13250,2027-03-05,P,1.325,0.016400000,3,3
2026-08-13,GBU,OPT,GBUH7 P13300,2027-03-05,P,1.33,0.018100000,3,8
2026-08-13,GBU,OPT,GBUH7 P13350,2027-03-05,P,1.335,0.019800000,3,32
2026-08-13,GBU,OPT,GBUH7 P13400,2027-03-05,P,1.34,0.021800000,3,4
2026-08-13,GBU,OPT,GBUH7 P13450,2027-03-05,P,1.345,0.023900000,3,
2026-08-13,GBU,OPT,GBUH7 P13500,2027-03-05,P,1.35,0.026200000,3,2
2026-08-13,GBU,OPT,GBUH7 P13550,2027-03-05,P,1.355,0.028600000,3,
2026-08-13,GBU,OPT,GBUH7 P13600,2027-03-05,P,1.36,0.031200000,3,
2026-08-13,GBU,OPT,GBUH7 P13650,2027-03-05,P,1.365,0.034000000,3,
2026-08-13,GBU,OPT,GBUH7 P13700,2027-03-05,P,1.37,0.037000000,3,
2026-08-13,GBU,OPT,GBUH7 P13750,2027-03-05,P,1.375,0.040100000,3,
2026-08-13,GBU,OPT,GBUH7 P13800,2027-03-05,P,1.38,0.043400000,3,
2026-08-13,GBU,OPT,GBUH7 P13850,2027-03-05,P,1.385,0.046900000,3,
2026-08-13,GBU,OPT,GBUH7 P13900,2027-03-05,P,1.39,0.050500000,3,
2026-08-13,GBU,OPT,GBUH7 P13950,2027-03-05,P,1.395,0.054200000,3,
2026-08-13,GBU,OPT,GBUH7 P14000,2027-03-05,P,1.4,0.058100000,3,
2026-08-13,GBU,OPT,GBUH7 P14050,2027-03-05,P,1.405,0.062100000,3,
2026-08-13,GBU,OPT,GBUH7 P14100,2027-03-05,P,1.41,0.066200000,3,
2026-08-13,GBU,OPT,GBUH7 P14150,2027-03-05,P,1.415,0.070300000,3,
2026-08-13,GBU,OPT,GBUH7 P14200,2027-03-05,P,1.42,0.074600000,3,
2026-08-13,GBU,OPT,GBUH7 P14250,2027-03-05,P,1.425,0.079000000,3,
2026-08-13,GBU,OPT,GBUH7 P14300,2027-03-05,P,1.43,0.083400000,3,
2026-08-13,GBU,OPT,GBUH7 P14400,2027-03-05,P,1.44,0.092400000,3,
2026-08-13,GBU,OPT,GBUH7 P14500,2027-03-05,P,1.45,0.101600000,3,
2026-08-13,GBU,OPT,GBUH7 P14600,2027-03-05,P,1.46,0.110900000,3,
2026-08-13,GBU,OPT,GBUH7 P14700,2027-03-05,P,1.47,0.120400000,3,
2026-08-13,GBU,OPT,GBUH7 P14800,2027-03-05,P,1.48,0.130000000,3,
2026-08-13,GBU,OPT,GBUH7 P14900,2027-03-05,P,1.49,0.139600000,3,
2026-08-13,GBU,OPT,GBUH7 P15000,2027-03-05,P,1.5,0.149300000,3,
2026-08-13,GBU,OPT,GBUH7 P15100,2027-03-05,P,1.51,0.159000000,3,
2026-08-13,GBU,OPT,GBUH7 P15200,2027-03-05,P,1.52,0.168700000,3,
2026-08-13,GBU,OPT,GBUH7 P15300,2027-03-05,P,1.53,0.178400000,3,
2026-08-13,GBU,OPT,GBUH7 P15400,2027-03-05,P,1.54,0.188100000,3,
2026-08-13,GBU,OPT,GBUH7 P15500,2027-03-05,P,1.55,0.197900000,3,
2026-08-13,GBU,OPT,GBUH7 P15600,2027-03-05,P,1.56,0.207700000,3,
2026-08-13,GBU,OPT,GBUH7 P15700,2027-03-05,P,1.57,0.217400000,3,
2026-08-13,GBU,OPT,GBUH7 P15800,2027-03-05,P,1.58,0.227200000,3,
2026-08-13,GBU,OPT,GBUJ7 C11200,2027-04-09,C,1.12,0.222600000,3,
2026-08-13,GBU,OPT,GBUJ7 C11300,2027-04-09,C,1.13,0.212900000,3,
2026-08-13,GBU,OPT,GBUJ7 C11400,2027-04-09,C,1.14,0.203300000,3,
2026-08-13,GBU,OPT,GBUJ7 C11500,2027-04-09,C,1.15,0.193600000,3,
2026-08-13,GBU,OPT,GBUJ7 C11600,2027-04-09,C,1.16,0.184000000,3,
2026-08-13,GBU,OPT,GBUJ7 C11700,2027-04-09,C,1.17,0.174400000,3,
2026-08-13,GBU,OPT,GBUJ7 C11800,2027-04-09,C,1.18,0.164900000,3,
2026-08-13,GBU,OPT,GBUJ7 C11900,2027-04-09,C,1.19,0.155400000,3,
2026-08-13,GBU,OPT,GBUJ7 C12000,2027-04-09,C,1.2,0.146000000,3,
2026-08-13,GBU,OPT,GBUJ7 C12100,2027-04-09,C,1.21,0.136600000,3,
2026-08-13,GBU,OPT,GBUJ7 C12200,2027-04-09,C,1.22,0.127300000,3,
2026-08-13,GBU,OPT,GBUJ7 C12300,2027-04-09,C,1.23,0.118200000,3,
2026-08-13,GBU,OPT,GBUJ7 C12400,2027-04-09,C,1.24,0.109200000,3,
2026-08-13,GBU,OPT,GBUJ7 C12500,2027-04-09,C,1.25,0.100300000,3,
2026-08-13,GBU,OPT,GBUJ7 C12600,2027-04-09,C,1.26,0.091600000,3,
2026-08-13,GBU,OPT,GBUJ7 C12650,2027-04-09,C,1.265,0.087200000,3,
2026-08-13,GBU,OPT,GBUJ7 C12700,2027-04-09,C,1.27,0.083000000,3,
2026-08-13,GBU,OPT,GBUJ7 C12750,2027-04-09,C,1.275,0.078800000,3,
2026-08-13,GBU,OPT,GBUJ7 C12800,2027-04-09,C,1.28,0.074600000,3,
2026-08-13,GBU,OPT,GBUJ7 C12850,2027-04-09,C,1.285,0.070500000,3,
2026-08-13,GBU,OPT,GBUJ7 C12900,2027-04-09,C,1.29,0.066500000,3,
2026-08-13,GBU,OPT,GBUJ7 C12950,2027-04-09,C,1.295,0.062600000,3,
2026-08-13,GBU,OPT,GBUJ7 C13000,2027-04-09,C,1.3,0.058700000,3,
2026-08-13,GBU,OPT,GBUJ7 C13050,2027-04-09,C,1.305,0.054900000,3,
2026-08-13,GBU,OPT,GBUJ7 C13100,2027-04-09,C,1.31,0.051300000,3,
2026-08-13,GBU,OPT,GBUJ7 C13150,2027-04-09,C,1.315,0.047800000,3,
2026-08-13,GBU,OPT,GBUJ7 C13200,2027-04-09,C,1.32,0.044300000,3,
2026-08-13,GBU,OPT,GBUJ7 C13250,2027-04-09,C,1.325,0.041000000,3,
2026-08-13,GBU,OPT,GBUJ7 C13300,2027-04-09,C,1.33,0.037900000,3,
2026-08-13,GBU,OPT,GBUJ7 C13350,2027-04-09,C,1.335,0.034800000,3,3
2026-08-13,GBU,OPT,GBUJ7 C13400,2027-04-09,C,1.34,0.031900000,3,
2026-08-13,GBU,OPT,GBUJ7 C13450,2027-04-09,C,1.345,0.029200000,3,
2026-08-13,GBU,OPT,GBUJ7 C13500,2027-04-09,C,1.35,0.026600000,3,22
2026-08-13,GBU,OPT,GBUJ7 C13550,2027-04-09,C,1.355,0.024100000,3,
2026-08-13,GBU,OPT,GBUJ7 C13600,2027-04-09,C,1.36,0.021800000,3,
2026-08-13,GBU,OPT,GBUJ7 C13650,2027-04-09,C,1.365,0.019600000,3,1
2026-08-13,GBU,OPT,GBUJ7 C13700,2027-04-09,C,1.37,0.017600000,3,1
2026-08-13,GBU,OPT,GBUJ7 C13750,2027-04-09,C,1.375,0.015800000,3,
2026-08-13,GBU,OPT,GBUJ7 C13800,2027-04-09,C,1.38,0.014100000,3,
2026-08-13,GBU,OPT,GBUJ7 C13850,2027-04-09,C,1.385,0.012600000,3,
2026-08-13,GBU,OPT,GBUJ7 C13900,2027-04-09,C,1.39,0.011200000,3,
2026-08-13,GBU,OPT,GBUJ7 C13950,2027-04-09,C,1.395,0.010000000,3,
2026-08-13,GBU,OPT,GBUJ7 C14000,2027-04-09,C,1.4,0.008800000,3,22
2026-08-13,GBU,OPT,GBUJ7 C14050,2027-04-09,C,1.405,0.007800000,3,
2026-08-13,GBU,OPT,GBUJ7 C14100,2027-04-09,C,1.41,0.007000000,3,
2026-08-13,GBU,OPT,GBUJ7 C14200,2027-04-09,C,1.42,0.005500000,3,
2026-08-13,GBU,OPT,GBUJ7 C14300,2027-04-09,C,1.43,0.004300000,3,
2026-08-13,GBU,OPT,GBUJ7 C14400,2027-04-09,C,1.44,0.003300000,3,
2026-08-13,GBU,OPT,GBUJ7 C14500,2027-04-09,C,1.45,0.002600000,3,
2026-08-13,GBU,OPT,GBUJ7 C14600,2027-04-09,C,1.46,0.002000000,3,
2026-08-13,GBU,OPT,GBUJ7 C14700,2027-04-09,C,1.47,0.001600000,3,4
2026-08-13,GBU,OPT,GBUJ7 C14800,2027-04-09,C,1.48,0.001200000,3,
2026-08-13,GBU,OPT,GBUJ7 C14900,2027-04-09,C,1.49,0.000900000,3,
2026-08-13,GBU,OPT,GBUJ7 C15000,2027-04-09,C,1.5,0.000700000,3,
2026-08-13,GBU,OPT,GBUJ7 C15100,2027-04-09,C,1.51,0.000600000,3,
2026-08-13,GBU,OPT,GBUJ7 C15200,2027-04-09,C,1.52,0.000500000,3,
2026-08-13,GBU,OPT,GBUJ7 C15300,2027-04-09,C,1.53,0.000400000,3,
2026-08-13,GBU,OPT,GBUJ7 C15400,2027-04-09,C,1.54,0.000300000,3,
2026-08-13,GBU,OPT,GBUJ7 C15500,2027-04-09,C,1.55,0.000300000,3,
2026-08-13,GBU,OPT,GBUJ7 P11200,2027-04-09,P,1.12,0.000900000,3,
2026-08-13,GBU,OPT,GBUJ7 P11300,2027-04-09,P,1.13,0.000900000,3,
2026-08-13,GBU,OPT,GBUJ7 P11400,2027-04-09,P,1.14,0.001000000,3,
2026-08-13,GBU,OPT,GBUJ7 P11500,2027-04-09,P,1.15,0.001100000,3,
2026-08-13,GBU,OPT,GBUJ7 P11600,2027-04-09,P,1.16,0.001300000,3,
2026-08-13,GBU,OPT,GBUJ7 P11700,2027-04-09,P,1.17,0.001400000,3,
2026-08-13,GBU,OPT,GBUJ7 P11800,2027-04-09,P,1.18,0.001600000,3,90
2026-08-13,GBU,OPT,GBUJ7 P11900,2027-04-09,P,1.19,0.001900000,3,
2026-08-13,GBU,OPT,GBUJ7 P12000,2027-04-09,P,1.2,0.002200000,3,5
2026-08-13,GBU,OPT,GBUJ7 P12100,2027-04-09,P,1.21,0.002600000,3,
2026-08-13,GBU,OPT,GBUJ7 P12200,2027-04-09,P,1.22,0.003100000,3,
2026-08-13,GBU,OPT,GBUJ7 P12300,2027-04-09,P,1.23,0.003700000,3,
2026-08-13,GBU,OPT,GBUJ7 P12400,2027-04-09,P,1.24,0.004400000,3,
2026-08-13,GBU,OPT,GBUJ7 P12500,2027-04-09,P,1.25,0.005300000,3,10
2026-08-13,GBU,OPT,GBUJ7 P12600,2027-04-09,P,1.26,0.006300000,3,
2026-08-13,GBU,OPT,GBUJ7 P12650,2027-04-09,P,1.265,0.006900000,3,
2026-08-13,GBU,OPT,GBUJ7 P12700,2027-04-09,P,1.27,0.007500000,3,1
2026-08-13,GBU,OPT,GBUJ7 P12750,2027-04-09,P,1.275,0.008200000,3,
2026-08-13,GBU,OPT,GBUJ7 P12800,2027-04-09,P,1.28,0.008900000,3,23
2026-08-13,GBU,OPT,GBUJ7 P12850,2027-04-09,P,1.285,0.009700000,3,
2026-08-13,GBU,OPT,GBUJ7 P12900,2027-04-09,P,1.29,0.010500000,3,
2026-08-13,GBU,OPT,GBUJ7 P12950,2027-04-09,P,1.295,0.011500000,3,
2026-08-13,GBU,OPT,GBUJ7 P13000,2027-04-09,P,1.3,0.012500000,3,
2026-08-13,GBU,OPT,GBUJ7 P13050,2027-04-09,P,1.305,0.013600000,3,
2026-08-13,GBU,OPT,GBUJ7 P13100,2027-04-09,P,1.31,0.014800000,3,
2026-08-13,GBU,OPT,GBUJ7 P13150,2027-04-09,P,1.315,0.016200000,3,
2026-08-13,GBU,OPT,GBUJ7 P13200,2027-04-09,P,1.32,0.017600000,3,
2026-08-13,GBU,OPT,GBUJ7 P13250,2027-04-09,P,1.325,0.019200000,3,
2026-08-13,GBU,OPT,GBUJ7 P13300,2027-04-09,P,1.33,0.020900000,3,600
2026-08-13,GBU,OPT,GBUJ7 P13350,2027-04-09,P,1.335,0.022800000,3,
2026-08-13,GBU,OPT,GBUJ7 P13400,2027-04-09,P,1.34,0.024700000,3,50
2026-08-13,GBU,OPT,GBUJ7 P13450,2027-04-09,P,1.345,0.026800000,3,
2026-08-13,GBU,OPT,GBUJ7 P13500,2027-04-09,P,1.35,0.029100000,3,
2026-08-13,GBU,OPT,GBUJ7 P13550,2027-04-09,P,1.355,0.031500000,3,3
2026-08-13,GBU,OPT,GBUJ7 P13600,2027-04-09,P,1.36,0.034100000,3,50
2026-08-13,GBU,OPT,GBUJ7 P13650,2027-04-09,P,1.365,0.036800000,3,
2026-08-13,GBU,OPT,GBUJ7 P13700,2027-04-09,P,1.37,0.039700000,3,
2026-08-13,GBU,OPT,GBUJ7 P13750,2027-04-09,P,1.375,0.042700000,3,
2026-08-13,GBU,OPT,GBUJ7 P13800,2027-04-09,P,1.38,0.045900000,3,
2026-08-13,GBU,OPT,GBUJ7 P13850,2027-04-09,P,1.385,0.049200000,3,
2026-08-13,GBU,OPT,GBUJ7 P13900,2027-04-09,P,1.39,0.052700000,3,
2026-08-13,GBU,OPT,GBUJ7 P13950,2027-04-09,P,1.395,0.056400000,3,
2026-08-13,GBU,OPT,GBUJ7 P14000,2027-04-09,P,1.4,0.060100000,3,
2026-08-13,GBU,OPT,GBUJ7 P14050,2027-04-09,P,1.405,0.064000000,3,
2026-08-13,GBU,OPT,GBUJ7 P14100,2027-04-09,P,1.41,0.068000000,3,
2026-08-13,GBU,OPT,GBUJ7 P14200,2027-04-09,P,1.42,0.076200000,3,
2026-08-13,GBU,OPT,GBUJ7 P14300,2027-04-09,P,1.43,0.084800000,3,1
2026-08-13,GBU,OPT,GBUJ7 P14400,2027-04-09,P,1.44,0.093600000,3,1
2026-08-13,GBU,OPT,GBUJ7 P14500,2027-04-09,P,1.45,0.102600000,3,
2026-08-13,GBU,OPT,GBUJ7 P14600,2027-04-09,P,1.46,0.111800000,3,
2026-08-13,GBU,OPT,GBUJ7 P14700,2027-04-09,P,1.47,0.121100000,3,
2026-08-13,GBU,OPT,GBUJ7 P14800,2027-04-09,P,1.48,0.130500000,3,
2026-08-13,GBU,OPT,GBUJ7 P14900,2027-04-09,P,1.49,0.140000000,3,
2026-08-13,GBU,OPT,GBUJ7 P15000,2027-04-09,P,1.5,0.149500000,3,
2026-08-13,GBU,OPT,GBUJ7 P15100,2027-04-09,P,1.51,0.159100000,3,
2026-08-13,GBU,OPT,GBUJ7 P15200,2027-04-09,P,1.52,0.168800000,3,
2026-08-13,GBU,OPT,GBUJ7 P15300,2027-04-09,P,1.53,0.178500000,3,
2026-08-13,GBU,OPT,GBUJ7 P15400,2027-04-09,P,1.54,0.188100000,3,
2026-08-13,GBU,OPT,GBUJ7 P15500,2027-04-09,P,1.55,0.197800000,3,
2026-08-13,GBU,OPT,GBUK7 C11200,2027-05-07,C,1.12,0.222200000,3,
2026-08-13,GBU,OPT,GBUK7 C11300,2027-05-07,C,1.13,0.212600000,3,
2026-08-13,GBU,OPT,GBUK7 C11400,2027-05-07,C,1.14,0.203000000,3,
2026-08-13,GBU,OPT,GBUK7 C11500,2027-05-07,C,1.15,0.193400000,3,
2026-08-13,GBU,OPT,GBUK7 C11600,2027-05-07,C,1.16,0.183900000,3,
2026-08-13,GBU,OPT,GBUK7 C11700,2027-05-07,C,1.17,0.174400000,3,
2026-08-13,GBU,OPT,GBUK7 C11800,2027-05-07,C,1.18,0.164900000,3,
2026-08-13,GBU,OPT,GBUK7 C11900,2027-05-07,C,1.19,0.155500000,3,
2026-08-13,GBU,OPT,GBUK7 C12000,2027-05-07,C,1.2,0.146200000,3,
2026-08-13,GBU,OPT,GBUK7 C12100,2027-05-07,C,1.21,0.137000000,3,
2026-08-13,GBU,OPT,GBUK7 C12200,2027-05-07,C,1.22,0.127900000,3,
2026-08-13,GBU,OPT,GBUK7 C12300,2027-05-07,C,1.23,0.118800000,3,
2026-08-13,GBU,OPT,GBUK7 C12400,2027-05-07,C,1.24,0.109900000,3,
2026-08-13,GBU,OPT,GBUK7 C12500,2027-05-07,C,1.25,0.101200000,3,
2026-08-13,GBU,OPT,GBUK7 C12600,2027-05-07,C,1.26,0.092600000,3,
2026-08-13,GBU,OPT,GBUK7 C12650,2027-05-07,C,1.265,0.088400000,3,
2026-08-13,GBU,OPT,GBUK7 C12700,2027-05-07,C,1.27,0.084200000,3,
2026-08-13,GBU,OPT,GBUK7 C12750,2027-05-07,C,1.275,0.080000000,3,
2026-08-13,GBU,OPT,GBUK7 C12800,2027-05-07,C,1.28,0.076000000,3,
2026-08-13,GBU,OPT,GBUK7 C12850,2027-05-07,C,1.285,0.072000000,3,
2026-08-13,GBU,OPT,GBUK7 C12900,2027-05-07,C,1.29,0.068100000,3,
2026-08-13,GBU,OPT,GBUK7 C12950,2027-05-07,C,1.295,0.064200000,3,
2026-08-13,GBU,OPT,GBUK7 C13000,2027-05-07,C,1.3,0.060400000,3,
2026-08-13,GBU,OPT,GBUK7 C13050,2027-05-07,C,1.305,0.056800000,3,
2026-08-13,GBU,OPT,GBUK7 C13100,2027-05-07,C,1.31,0.053200000,3,
2026-08-13,GBU,OPT,GBUK7 C13150,2027-05-07,C,1.315,0.049700000,3,
2026-08-13,GBU,OPT,GBUK7 C13200,2027-05-07,C,1.32,0.046300000,3,4
2026-08-13,GBU,OPT,GBUK7 C13250,2027-05-07,C,1.325,0.043100000,3,
2026-08-13,GBU,OPT,GBUK7 C13300,2027-05-07,C,1.33,0.039900000,3,
2026-08-13,GBU,OPT,GBUK7 C13350,2027-05-07,C,1.335,0.036900000,3,
2026-08-13,GBU,OPT,GBUK7 C13400,2027-05-07,C,1.34,0.034000000,3,5
2026-08-13,GBU,OPT,GBUK7 C13450,2027-05-07,C,1.345,0.031200000,3,
2026-08-13,GBU,OPT,GBUK7 C13500,2027-05-07,C,1.35,0.028600000,3,
2026-08-13,GBU,OPT,GBUK7 C13550,2027-05-07,C,1.355,0.026100000,3,
2026-08-13,GBU,OPT,GBUK7 C13600,2027-05-07,C,1.36,0.023800000,3,
2026-08-13,GBU,OPT,GBUK7 C13650,2027-05-07,C,1.365,0.021600000,3,1
2026-08-13,GBU,OPT,GBUK7 C13700,2027-05-07,C,1.37,0.019600000,3,1
2026-08-13,GBU,OPT,GBUK7 C13750,2027-05-07,C,1.375,0.017700000,3,
2026-08-13,GBU,OPT,GBUK7 C13800,2027-05-07,C,1.38,0.016000000,3,
2026-08-13,GBU,OPT,GBUK7 C13850,2027-05-07,C,1.385,0.014400000,3,
2026-08-13,GBU,OPT,GBUK7 C13900,2027-05-07,C,1.39,0.013000000,3,
2026-08-13,GBU,OPT,GBUK7 C13950,2027-05-07,C,1.395,0.011700000,3,
2026-08-13,GBU,OPT,GBUK7 C14000,2027-05-07,C,1.4,0.010500000,3,
2026-08-13,GBU,OPT,GBUK7 C14050,2027-05-07,C,1.405,0.009400000,3,
2026-08-13,GBU,OPT,GBUK7 C14100,2027-05-07,C,1.41,0.008400000,3,
2026-08-13,GBU,OPT,GBUK7 C14200,2027-05-07,C,1.42,0.006700000,3,
2026-08-13,GBU,OPT,GBUK7 C14300,2027-05-07,C,1.43,0.005400000,3,
2026-08-13,GBU,OPT,GBUK7 C14400,2027-05-07,C,1.44,0.004300000,3,
2026-08-13,GBU,OPT,GBUK7 C14500,2027-05-07,C,1.45,0.003400000,3,
2026-08-13,GBU,OPT,GBUK7 C14600,2027-05-07,C,1.46,0.002700000,3,
2026-08-13,GBU,OPT,GBUK7 C14700,2027-05-07,C,1.47,0.002200000,3,
2026-08-13,GBU,OPT,GBUK7 C14800,2027-05-07,C,1.48,0.001700000,3,
2026-08-13,GBU,OPT,GBUK7 C14900,2027-05-07,C,1.49,0.001400000,3,
2026-08-13,GBU,OPT,GBUK7 C15000,2027-05-07,C,1.5,0.001100000,3,
2026-08-13,GBU,OPT,GBUK7 C15100,2027-05-07,C,1.51,0.000900000,3,
2026-08-13,GBU,OPT,GBUK7 C15200,2027-05-07,C,1.52,0.000700000,3,2
2026-08-13,GBU,OPT,GBUK7 C15300,2027-05-07,C,1.53,0.000500000,3,
2026-08-13,GBU,OPT,GBUK7 C15400,2027-05-07,C,1.54,0.000400000,3,
2026-08-13,GBU,OPT,GBUK7 C15500,2027-05-07,C,1.55,0.000300000,3,
2026-08-13,GBU,OPT,GBUK7 P11200,2027-05-07,P,1.12,0.001100000,3,
2026-08-13,GBU,OPT,GBUK7 P11300,2027-05-07,P,1.13,0.001200000,3,2
2026-08-13,GBU,OPT,GBUK7 P11400,2027-05-07,P,1.14,0.001400000,3,
2026-08-13,GBU,OPT,GBUK7 P11500,2027-05-07,P,1.15,0.001500000,3,3
2026-08-13,GBU,OPT,GBUK7 P11600,2027-05-07,P,1.16,0.001700000,3,
2026-08-13,GBU,OPT,GBUK7 P11700,2027-05-07,P,1.17,0.001900000,3,
2026-08-13,GBU,OPT,GBUK7 P11800,2027-05-07,P,1.18,0.002200000,3,
2026-08-13,GBU,OPT,GBUK7 P11900,2027-05-07,P,1.19,0.002500000,3,
2026-08-13,GBU,OPT,GBUK7 P12000,2027-05-07,P,1.2,0.002900000,3,
2026-08-13,GBU,OPT,GBUK7 P12100,2027-05-07,P,1.21,0.003400000,3,
2026-08-13,GBU,OPT,GBUK7 P12200,2027-05-07,P,1.22,0.004000000,3,
2026-08-13,GBU,OPT,GBUK7 P12300,2027-05-07,P,1.23,0.004700000,3,
2026-08-13,GBU,OPT,GBUK7 P12400,2027-05-07,P,1.24,0.005500000,3,
2026-08-13,GBU,OPT,GBUK7 P12500,2027-05-07,P,1.25,0.006500000,3,
2026-08-13,GBU,OPT,GBUK7 P12600,2027-05-07,P,1.26,0.007600000,3,
2026-08-13,GBU,OPT,GBUK7 P12650,2027-05-07,P,1.265,0.008200000,3,
2026-08-13,GBU,OPT,GBUK7 P12700,2027-05-07,P,1.27,0.008900000,3,1
2026-08-13,GBU,OPT,GBUK7 P12750,2027-05-07,P,1.275,0.009700000,3,
2026-08-13,GBU,OPT,GBUK7 P12800,2027-05-07,P,1.28,0.010500000,3,1
2026-08-13,GBU,OPT,GBUK7 P12850,2027-05-07,P,1.285,0.011300000,3,
2026-08-13,GBU,OPT,GBUK7 P12900,2027-05-07,P,1.29,0.012300000,3,
2026-08-13,GBU,OPT,GBUK7 P12950,2027-05-07,P,1.295,0.013300000,3,
2026-08-13,GBU,OPT,GBUK7 P13000,2027-05-07,P,1.3,0.014400000,3,10
2026-08-13,GBU,OPT,GBUK7 P13050,2027-05-07,P,1.305,0.015600000,3,
2026-08-13,GBU,OPT,GBUK7 P13100,2027-05-07,P,1.31,0.016800000,3,
2026-08-13,GBU,OPT,GBUK7 P13150,2027-05-07,P,1.315,0.018200000,3,
2026-08-13,GBU,OPT,GBUK7 P13200,2027-05-07,P,1.32,0.019700000,3,50
2026-08-13,GBU,OPT,GBUK7 P13250,2027-05-07,P,1.325,0.021300000,3,
2026-08-13,GBU,OPT,GBUK7 P13300,2027-05-07,P,1.33,0.023000000,3,
2026-08-13,GBU,OPT,GBUK7 P13350,2027-05-07,P,1.335,0.024800000,3,
2026-08-13,GBU,OPT,GBUK7 P13400,2027-05-07,P,1.34,0.026800000,3,
2026-08-13,GBU,OPT,GBUK7 P13450,2027-05-07,P,1.345,0.028900000,3,
2026-08-13,GBU,OPT,GBUK7 P13500,2027-05-07,P,1.35,0.031100000,3,50
2026-08-13,GBU,OPT,GBUK7 P13550,2027-05-07,P,1.355,0.033500000,3,
2026-08-13,GBU,OPT,GBUK7 P13600,2027-05-07,P,1.36,0.036100000,3,
2026-08-13,GBU,OPT,GBUK7 P13650,2027-05-07,P,1.365,0.038700000,3,
2026-08-13,GBU,OPT,GBUK7 P13700,2027-05-07,P,1.37,0.041600000,3,
2026-08-13,GBU,OPT,GBUK7 P13750,2027-05-07,P,1.375,0.044600000,3,
2026-08-13,GBU,OPT,GBUK7 P13800,2027-05-07,P,1.38,0.047700000,3,
2026-08-13,GBU,OPT,GBUK7 P13850,2027-05-07,P,1.385,0.051000000,3,
2026-08-13,GBU,OPT,GBUK7 P13900,2027-05-07,P,1.39,0.054400000,3,
2026-08-13,GBU,OPT,GBUK7 P13950,2027-05-07,P,1.395,0.057900000,3,
2026-08-13,GBU,OPT,GBUK7 P14000,2027-05-07,P,1.4,0.061600000,3,
2026-08-13,GBU,OPT,GBUK7 P14050,2027-05-07,P,1.405,0.065400000,3,
2026-08-13,GBU,OPT,GBUK7 P14100,2027-05-07,P,1.41,0.069300000,3,
2026-08-13,GBU,OPT,GBUK7 P14200,2027-05-07,P,1.42,0.077300000,3,
2026-08-13,GBU,OPT,GBUK7 P14300,2027-05-07,P,1.43,0.085700000,3,
2026-08-13,GBU,OPT,GBUK7 P14400,2027-05-07,P,1.44,0.094300000,3,
2026-08-13,GBU,OPT,GBUK7 P14500,2027-05-07,P,1.45,0.103200000,3,
2026-08-13,GBU,OPT,GBUK7 P14600,2027-05-07,P,1.46,0.112200000,3,
2026-08-13,GBU,OPT,GBUK7 P14700,2027-05-07,P,1.47,0.121300000,3,
2026-08-13,GBU,OPT,GBUK7 P14800,2027-05-07,P,1.48,0.130600000,3,
2026-08-13,GBU,OPT,GBUK7 P14900,2027-05-07,P,1.49,0.140000000,3,
2026-08-13,GBU,OPT,GBUK7 P15000,2027-05-07,P,1.5,0.149400000,3,
2026-08-13,GBU,OPT,GBUK7 P15100,2027-05-07,P,1.51,0.158900000,3,
2026-08-13,GBU,OPT,GBUK7 P15200,2027-05-07,P,1.52,0.168500000,3,
2026-08-13,GBU,OPT,GBUK7 P15300,2027-05-07,P,1.53,0.178000000,3,
2026-08-13,GBU,OPT,GBUK7 P15400,2027-05-07,P,1.54,0.187700000,3,
2026-08-13,GBU,OPT,GBUK7 P15500,2027-05-07,P,1.55,0.197300000,3,
2026-08-13,GBU,OPT,GBUM7 C11000,2027-06-04,C,1.1,0.240900000,3,
2026-08-13,GBU,OPT,GBUM7 C11100,2027-06-04,C,1.11,0.231300000,3,
2026-08-13,GBU,OPT,GBUM7 C11200,2027-06-04,C,1.12,0.221700000,3,
2026-08-13,GBU,OPT,GBUM7 C11300,2027-06-04,C,1.13,0.212200000,3,
2026-08-13,GBU,OPT,GBUM7 C11400,2027-06-04,C,1.14,0.202600000,3,
2026-08-13,GBU,OPT,GBUM7 C11500,2027-06-04,C,1.15,0.193200000,3,
2026-08-13,GBU,OPT,GBUM7 C11600,2027-06-04,C,1.16,0.183700000,3,
2026-08-13,GBU,OPT,GBUM7 C11700,2027-06-04,C,1.17,0.174300000,3,
2026-08-13,GBU,OPT,GBUM7 C11800,2027-06-04,C,1.18,0.164900000,3,
2026-08-13,GBU,OPT,GBUM7 C11900,2027-06-04,C,1.19,0.155700000,3,
2026-08-13,GBU,OPT,GBUM7 C12000,2027-06-04,C,1.2,0.146500000,3,
2026-08-13,GBU,OPT,GBUM7 C12100,2027-06-04,C,1.21,0.137400000,3,
2026-08-13,GBU,OPT,GBUM7 C12200,2027-06-04,C,1.22,0.128400000,3,
2026-08-13,GBU,OPT,GBUM7 C12300,2027-06-04,C,1.23,0.119500000,3,
2026-08-13,GBU,OPT,GBUM7 C12400,2027-06-04,C,1.24,0.110700000,3,
2026-08-13,GBU,OPT,GBUM7 C12500,2027-06-04,C,1.25,0.102000000,3,
2026-08-13,GBU,OPT,GBUM7 C12550,2027-06-04,C,1.255,0.097800000,3,
2026-08-13,GBU,OPT,GBUM7 C12600,2027-06-04,C,1.26,0.093600000,3,
2026-08-13,GBU,OPT,GBUM7 C12650,2027-06-04,C,1.265,0.089400000,3,
2026-08-13,GBU,OPT,GBUM7 C12700,2027-06-04,C,1.27,0.085300000,3,
2026-08-13,GBU,OPT,GBUM7 C12750,2027-06-04,C,1.275,0.081300000,3,
2026-08-13,GBU,OPT,GBUM7 C12800,2027-06-04,C,1.28,0.077300000,3,
2026-08-13,GBU,OPT,GBUM7 C12850,2027-06-04,C,1.285,0.073400000,3,
2026-08-13,GBU,OPT,GBUM7 C12900,2027-06-04,C,1.29,0.069500000,3,
2026-08-13,GBU,OPT,GBUM7 C12950,2027-06-04,C,1.295,0.065700000,3,
2026-08-13,GBU,OPT,GBUM7 C13000,2027-06-04,C,1.3,0.062000000,3,
2026-08-13,GBU,OPT,GBUM7 C13050,2027-06-04,C,1.305,0.058400000,3,
2026-08-13,GBU,OPT,GBUM7 C13100,2027-06-04,C,1.31,0.054900000,3,
2026-08-13,GBU,OPT,GBUM7 C13150,2027-06-04,C,1.315,0.051500000,3,
2026-08-13,GBU,OPT,GBUM7 C13200,2027-06-04,C,1.32,0.048100000,3,
2026-08-13,GBU,OPT,GBUM7 C13250,2027-06-04,C,1.325,0.044900000,3,
2026-08-13,GBU,OPT,GBUM7 C13300,2027-06-04,C,1.33,0.041800000,3,
2026-08-13,GBU,OPT,GBUM7 C13350,2027-06-04,C,1.335,0.038800000,3,
2026-08-13,GBU,OPT,GBUM7 C13400,2027-06-04,C,1.34,0.035900000,3,
2026-08-13,GBU,OPT,GBUM7 C13450,2027-06-04,C,1.345,0.033200000,3,
2026-08-13,GBU,OPT,GBUM7 C13500,2027-06-04,C,1.35,0.030600000,3,5
2026-08-13,GBU,OPT,GBUM7 C13550,2027-06-04,C,1.355,0.028100000,3,
2026-08-13,GBU,OPT,GBUM7 C13600,2027-06-04,C,1.36,0.025800000,3,
2026-08-13,GBU,OPT,GBUM7 C13650,2027-06-04,C,1.365,0.023600000,3,2
2026-08-13,GBU,OPT,GBUM7 C13700,2027-06-04,C,1.37,0.021500000,3,1
2026-08-13,GBU,OPT,GBUM7 C13750,2027-06-04,C,1.375,0.019600000,3,4
2026-08-13,GBU,OPT,GBUM7 C13800,2027-06-04,C,1.38,0.017800000,3,5
2026-08-13,GBU,OPT,GBUM7 C13850,2027-06-04,C,1.385,0.016200000,3,
2026-08-13,GBU,OPT,GBUM7 C13900,2027-06-04,C,1.39,0.014600000,3,
2026-08-13,GBU,OPT,GBUM7 C13950,2027-06-04,C,1.395,0.013200000,3,
2026-08-13,GBU,OPT,GBUM7 C14000,2027-06-04,C,1.4,0.012000000,3,8
2026-08-13,GBU,OPT,GBUM7 C14050,2027-06-04,C,1.405,0.010800000,3,
2026-08-13,GBU,OPT,GBUM7 C14100,2027-06-04,C,1.41,0.009800000,3,
2026-08-13,GBU,OPT,GBUM7 C14150,2027-06-04,C,1.415,0.008800000,3,
2026-08-13,GBU,OPT,GBUM7 C14200,2027-06-04,C,1.42,0.007900000,3,1
2026-08-13,GBU,OPT,GBUM7 C14250,2027-06-04,C,1.425,0.007100000,3,
2026-08-13,GBU,OPT,GBUM7 C14300,2027-06-04,C,1.43,0.006400000,3,
2026-08-13,GBU,OPT,GBUM7 C14400,2027-06-04,C,1.44,0.005200000,3,
2026-08-13,GBU,OPT,GBUM7 C14500,2027-06-04,C,1.45,0.004200000,3,5
2026-08-13,GBU,OPT,GBUM7 C14600,2027-06-04,C,1.46,0.003400000,3,
2026-08-13,GBU,OPT,GBUM7 C14700,2027-06-04,C,1.47,0.002800000,3,
2026-08-13,GBU,OPT,GBUM7 C14800,2027-06-04,C,1.48,0.002300000,3,1
2026-08-13,GBU,OPT,GBUM7 C14900,2027-06-04,C,1.49,0.001800000,3,
2026-08-13,GBU,OPT,GBUM7 C15000,2027-06-04,C,1.5,0.001500000,3,
2026-08-13,GBU,OPT,GBUM7 C15100,2027-06-04,C,1.51,0.001200000,3,
2026-08-13,GBU,OPT,GBUM7 C15200,2027-06-04,C,1.52,0.001000000,3,
2026-08-13,GBU,OPT,GBUM7 C15300,2027-06-04,C,1.53,0.000800000,3,
2026-08-13,GBU,OPT,GBUM7 C15400,2027-06-04,C,1.54,0.000600000,3,
2026-08-13,GBU,OPT,GBUM7 C15500,2027-06-04,C,1.55,0.000500000,3,5
2026-08-13,GBU,OPT,GBUM7 C15600,2027-06-04,C,1.56,0.000400000,3,
2026-08-13,GBU,OPT,GBUM7 C15700,2027-06-04,C,1.57,0.000300000,3,
2026-08-13,GBU,OPT,GBUM7 P11000,2027-06-04,P,1.1,0.001100000,3,2
2026-08-13,GBU,OPT,GBUM7 P11100,2027-06-04,P,1.11,0.001200000,3,
2026-08-13,GBU,OPT,GBUM7 P11200,2027-06-04,P,1.12,0.001300000,3,
2026-08-13,GBU,OPT,GBUM7 P11300,2027-06-04,P,1.13,0.001500000,3,
2026-08-13,GBU,OPT,GBUM7 P11400,2027-06-04,P,1.14,0.001700000,3,
2026-08-13,GBU,OPT,GBUM7 P11500,2027-06-04,P,1.15,0.001900000,3,5
2026-08-13,GBU,OPT,GBUM7 P11600,2027-06-04,P,1.16,0.002100000,3,
2026-08-13,GBU,OPT,GBUM7 P11700,2027-06-04,P,1.17,0.002400000,3,
2026-08-13,GBU,OPT,GBUM7 P11800,2027-06-04,P,1.18,0.002700000,3,
2026-08-13,GBU,OPT,GBUM7 P11900,2027-06-04,P,1.19,0.003100000,3,1
2026-08-13,GBU,OPT,GBUM7 P12000,2027-06-04,P,1.2,0.003600000,3,2
2026-08-13,GBU,OPT,GBUM7 P12100,2027-06-04,P,1.21,0.004200000,3,
2026-08-13,GBU,OPT,GBUM7 P12200,2027-06-04,P,1.22,0.004900000,3,
2026-08-13,GBU,OPT,GBUM7 P12300,2027-06-04,P,1.23,0.005700000,3,
2026-08-13,GBU,OPT,GBUM7 P12400,2027-06-04,P,1.24,0.006600000,3,4
2026-08-13,GBU,OPT,GBUM7 P12500,2027-06-04,P,1.25,0.007700000,3,
2026-08-13,GBU,OPT,GBUM7 P12550,2027-06-04,P,1.255,0.008300000,3,
2026-08-13,GBU,OPT,GBUM7 P12600,2027-06-04,P,1.26,0.008900000,3,
2026-08-13,GBU,OPT,GBUM7 P12650,2027-06-04,P,1.265,0.009600000,3,
2026-08-13,GBU,OPT,GBUM7 P12700,2027-06-04,P,1.27,0.010300000,3,1
2026-08-13,GBU,OPT,GBUM7 P12750,2027-06-04,P,1.275,0.011100000,3,
2026-08-13,GBU,OPT,GBUM7 P12800,2027-06-04,P,1.28,0.012000000,3,
2026-08-13,GBU,OPT,GBUM7 P12850,2027-06-04,P,1.285,0.012900000,3,
2026-08-13,GBU,OPT,GBUM7 P12900,2027-06-04,P,1.29,0.013900000,3,
2026-08-13,GBU,OPT,GBUM7 P12950,2027-06-04,P,1.295,0.015000000,3,
2026-08-13,GBU,OPT,GBUM7 P13000,2027-06-04,P,1.3,0.016100000,3,8
2026-08-13,GBU,OPT,GBUM7 P13050,2027-06-04,P,1.305,0.017300000,3,
2026-08-13,GBU,OPT,GBUM7 P13100,2027-06-04,P,1.31,0.018600000,3,
2026-08-13,GBU,OPT,GBUM7 P13150,2027-06-04,P,1.315,0.020100000,3,
2026-08-13,GBU,OPT,GBUM7 P13200,2027-06-04,P,1.32,0.021600000,3,100
2026-08-13,GBU,OPT,GBUM7 P13250,2027-06-04,P,1.325,0.023200000,3,
2026-08-13,GBU,OPT,GBUM7 P13300,2027-06-04,P,1.33,0.024900000,3,2
2026-08-13,GBU,OPT,GBUM7 P13350,2027-06-04,P,1.335,0.026800000,3,
2026-08-13,GBU,OPT,GBUM7 P13400,2027-06-04,P,1.34,0.028700000,3,
2026-08-13,GBU,OPT,GBUM7 P13450,2027-06-04,P,1.345,0.030900000,3,
2026-08-13,GBU,OPT,GBUM7 P13500,2027-06-04,P,1.35,0.033100000,3,100
2026-08-13,GBU,OPT,GBUM7 P13550,2027-06-04,P,1.355,0.035500000,3,
2026-08-13,GBU,OPT,GBUM7 P13600,2027-06-04,P,1.36,0.038000000,3,2
2026-08-13,GBU,OPT,GBUM7 P13650,2027-06-04,P,1.365,0.040600000,3,
2026-08-13,GBU,OPT,GBUM7 P13700,2027-06-04,P,1.37,0.043400000,3,
2026-08-13,GBU,OPT,GBUM7 P13750,2027-06-04,P,1.375,0.046300000,3,
2026-08-13,GBU,OPT,GBUM7 P13800,2027-06-04,P,1.38,0.049400000,3,
2026-08-13,GBU,OPT,GBUM7 P13850,2027-06-04,P,1.385,0.052600000,3,
2026-08-13,GBU,OPT,GBUM7 P13900,2027-06-04,P,1.39,0.055900000,3,1
2026-08-13,GBU,OPT,GBUM7 P13950,2027-06-04,P,1.395,0.059400000,3,
2026-08-13,GBU,OPT,GBUM7 P14000,2027-06-04,P,1.4,0.062900000,3,
2026-08-13,GBU,OPT,GBUM7 P14050,2027-06-04,P,1.405,0.066600000,3,
2026-08-13,GBU,OPT,GBUM7 P14100,2027-06-04,P,1.41,0.070400000,3,
2026-08-13,GBU,OPT,GBUM7 P14150,2027-06-04,P,1.415,0.074300000,3,
2026-08-13,GBU,OPT,GBUM7 P14200,2027-06-04,P,1.42,0.078300000,3,
2026-08-13,GBU,OPT,GBUM7 P14250,2027-06-04,P,1.425,0.082400000,3,
2026-08-13,GBU,OPT,GBUM7 P14300,2027-06-04,P,1.43,0.086500000,3,
2026-08-13,GBU,OPT,GBUM7 P14400,2027-06-04,P,1.44,0.095000000,3,
2026-08-13,GBU,OPT,GBUM7 P14500,2027-06-04,P,1.45,0.103700000,3,
2026-08-13,GBU,OPT,GBUM7 P14600,2027-06-04,P,1.46,0.112600000,3,
2026-08-13,GBU,OPT,GBUM7 P14700,2027-06-04,P,1.47,0.121600000,3,
2026-08-13,GBU,OPT,GBUM7 P14800,2027-06-04,P,1.48,0.130800000,3,
2026-08-13,GBU,OPT,GBUM7 P14900,2027-06-04,P,1.49,0.140000000,3,
2026-08-13,GBU,OPT,GBUM7 P15000,2027-06-04,P,1.5,0.149400000,3,
2026-08-13,GBU,OPT,GBUM7 P15100,2027-06-04,P,1.51,0.158800000,3,
2026-08-13,GBU,OPT,GBUM7 P15200,2027-06-04,P,1.52,0.168300000,3,
2026-08-13,GBU,OPT,GBUM7 P15300,2027-06-04,P,1.53,0.177800000,3,
2026-08-13,GBU,OPT,GBUM7 P15400,2027-06-04,P,1.54,0.187300000,3,
2026-08-13,GBU,OPT,GBUM7 P15500,2027-06-04,P,1.55,0.196800000,3,
2026-08-13,GBU,OPT,GBUM7 P15600,2027-06-04,P,1.56,0.206400000,3,
2026-08-13,GBU,OPT,GBUM7 P15700,2027-06-04,P,1.57,0.216000000,3,
2026-08-13,GBU,OPT,GBUN7 C11300,2027-07-09,C,1.13,0.210800000,3,
2026-08-13,GBU,OPT,GBUN7 C11400,2027-07-09,C,1.14,0.201400000,3,
2026-08-13,GBU,OPT,GBUN7 C11500,2027-07-09,C,1.15,0.192100000,3,
2026-08-13,GBU,OPT,GBUN7 C11600,2027-07-09,C,1.16,0.182800000,3,
2026-08-13,GBU,OPT,GBUN7 C11700,2027-07-09,C,1.17,0.173500000,3,
2026-08-13,GBU,OPT,GBUN7 C11800,2027-07-09,C,1.18,0.164300000,3,
2026-08-13,GBU,OPT,GBUN7 C11900,2027-07-09,C,1.19,0.155200000,3,
2026-08-13,GBU,OPT,GBUN7 C12000,2027-07-09,C,1.2,0.146200000,3,
2026-08-13,GBU,OPT,GBUN7 C12100,2027-07-09,C,1.21,0.137200000,3,
2026-08-13,GBU,OPT,GBUN7 C12200,2027-07-09,C,1.22,0.128400000,3,
2026-08-13,GBU,OPT,GBUN7 C12300,2027-07-09,C,1.23,0.119600000,3,
2026-08-13,GBU,OPT,GBUN7 C12400,2027-07-09,C,1.24,0.111000000,3,
2026-08-13,GBU,OPT,GBUN7 C12500,2027-07-09,C,1.25,0.102600000,3,
2026-08-13,GBU,OPT,GBUN7 C12600,2027-07-09,C,1.26,0.094300000,3,
2026-08-13,GBU,OPT,GBUN7 C12700,2027-07-09,C,1.27,0.086200000,3,
2026-08-13,GBU,OPT,GBUN7 C12800,2027-07-09,C,1.28,0.078300000,3,
2026-08-13,GBU,OPT,GBUN7 C12850,2027-07-09,C,1.285,0.074400000,3,
2026-08-13,GBU,OPT,GBUN7 C12900,2027-07-09,C,1.29,0.070600000,3,
2026-08-13,GBU,OPT,GBUN7 C12950,2027-07-09,C,1.295,0.066900000,3,
2026-08-13,GBU,OPT,GBUN7 C13000,2027-07-09,C,1.3,0.063300000,3,
2026-08-13,GBU,OPT,GBUN7 C13050,2027-07-09,C,1.305,0.059800000,3,
2026-08-13,GBU,OPT,GBUN7 C13100,2027-07-09,C,1.31,0.056300000,3,
2026-08-13,GBU,OPT,GBUN7 C13150,2027-07-09,C,1.315,0.053000000,3,
2026-08-13,GBU,OPT,GBUN7 C13200,2027-07-09,C,1.32,0.049700000,3,
2026-08-13,GBU,OPT,GBUN7 C13250,2027-07-09,C,1.325,0.046600000,3,
2026-08-13,GBU,OPT,GBUN7 C13300,2027-07-09,C,1.33,0.043500000,3,
2026-08-13,GBU,OPT,GBUN7 C13350,2027-07-09,C,1.335,0.040600000,3,
2026-08-13,GBU,OPT,GBUN7 C13400,2027-07-09,C,1.34,0.037800000,3,
2026-08-13,GBU,OPT,GBUN7 C13450,2027-07-09,C,1.345,0.035000000,3,
2026-08-13,GBU,OPT,GBUN7 C13500,2027-07-09,C,1.35,0.032400000,3,3
2026-08-13,GBU,OPT,GBUN7 C13550,2027-07-09,C,1.355,0.030000000,3,
2026-08-13,GBU,OPT,GBUN7 C13600,2027-07-09,C,1.36,0.027600000,3,1
2026-08-13,GBU,OPT,GBUN7 C13650,2027-07-09,C,1.365,0.025400000,3,
2026-08-13,GBU,OPT,GBUN7 C13700,2027-07-09,C,1.37,0.023300000,3,1
2026-08-13,GBU,OPT,GBUN7 C13750,2027-07-09,C,1.375,0.021300000,3,
2026-08-13,GBU,OPT,GBUN7 C13800,2027-07-09,C,1.38,0.019500000,3,
2026-08-13,GBU,OPT,GBUN7 C13850,2027-07-09,C,1.385,0.017800000,3,
2026-08-13,GBU,OPT,GBUN7 C13900,2027-07-09,C,1.39,0.016300000,3,
2026-08-13,GBU,OPT,GBUN7 C13950,2027-07-09,C,1.395,0.014800000,3,
2026-08-13,GBU,OPT,GBUN7 C14000,2027-07-09,C,1.4,0.013500000,3,
2026-08-13,GBU,OPT,GBUN7 C14100,2027-07-09,C,1.41,0.011200000,3,
2026-08-13,GBU,OPT,GBUN7 C14200,2027-07-09,C,1.42,0.009300000,3,
2026-08-13,GBU,OPT,GBUN7 C14300,2027-07-09,C,1.43,0.007700000,3,
2026-08-13,GBU,OPT,GBUN7 C14400,2027-07-09,C,1.44,0.006400000,3,1
2026-08-13,GBU,OPT,GBUN7 C14500,2027-07-09,C,1.45,0.005200000,3,
2026-08-13,GBU,OPT,GBUN7 C14600,2027-07-09,C,1.46,0.004300000,3,
2026-08-13,GBU,OPT,GBUN7 C14700,2027-07-09,C,1.47,0.003500000,3,6
2026-08-13,GBU,OPT,GBUN7 C14800,2027-07-09,C,1.48,0.002900000,3,3
2026-08-13,GBU,OPT,GBUN7 C14900,2027-07-09,C,1.49,0.002300000,3,
2026-08-13,GBU,OPT,GBUN7 C15000,2027-07-09,C,1.5,0.001900000,3,3
2026-08-13,GBU,OPT,GBUN7 C15100,2027-07-09,C,1.51,0.001500000,3,
2026-08-13,GBU,OPT,GBUN7 C15200,2027-07-09,C,1.52,0.001200000,3,3
2026-08-13,GBU,OPT,GBUN7 C15300,2027-07-09,C,1.53,0.001000000,3,
2026-08-13,GBU,OPT,GBUN7 C15400,2027-07-09,C,1.54,0.000800000,3,
2026-08-13,GBU,OPT,GBUN7 C15500,2027-07-09,C,1.55,0.000600000,3,
2026-08-13,GBU,OPT,GBUN7 P11300,2027-07-09,P,1.13,0.001600000,3,
2026-08-13,GBU,OPT,GBUN7 P11400,2027-07-09,P,1.14,0.001900000,3,
2026-08-13,GBU,OPT,GBUN7 P11500,2027-07-09,P,1.15,0.002200000,3,2
2026-08-13,GBU,OPT,GBUN7 P11600,2027-07-09,P,1.16,0.002500000,3,
2026-08-13,GBU,OPT,GBUN7 P11700,2027-07-09,P,1.17,0.002900000,3,
2026-08-13,GBU,OPT,GBUN7 P11800,2027-07-09,P,1.18,0.003400000,3,1
2026-08-13,GBU,OPT,GBUN7 P11900,2027-07-09,P,1.19,0.004000000,3,1
2026-08-13,GBU,OPT,GBUN7 P12000,2027-07-09,P,1.2,0.004600000,3,
2026-08-13,GBU,OPT,GBUN7 P12100,2027-07-09,P,1.21,0.005300000,3,
2026-08-13,GBU,OPT,GBUN7 P12200,2027-07-09,P,1.22,0.006100000,3,
2026-08-13,GBU,OPT,GBUN7 P12300,2027-07-09,P,1.23,0.007000000,3,
2026-08-13,GBU,OPT,GBUN7 P12400,2027-07-09,P,1.24,0.008000000,3,
2026-08-13,GBU,OPT,GBUN7 P12500,2027-07-09,P,1.25,0.009200000,3,
2026-08-13,GBU,OPT,GBUN7 P12600,2027-07-09,P,1.26,0.010600000,3,
2026-08-13,GBU,OPT,GBUN7 P12700,2027-07-09,P,1.27,0.012100000,3,2
2026-08-13,GBU,OPT,GBUN7 P12800,2027-07-09,P,1.28,0.013900000,3,2
2026-08-13,GBU,OPT,GBUN7 P12850,2027-07-09,P,1.285,0.014900000,3,2
2026-08-13,GBU,OPT,GBUN7 P12900,2027-07-09,P,1.29,0.015900000,3,1
2026-08-13,GBU,OPT,GBUN7 P12950,2027-07-09,P,1.295,0.017000000,3,
2026-08-13,GBU,OPT,GBUN7 P13000,2027-07-09,P,1.3,0.018200000,3,
2026-08-13,GBU,OPT,GBUN7 P13050,2027-07-09,P,1.305,0.019500000,3,
2026-08-13,GBU,OPT,GBUN7 P13100,2027-07-09,P,1.31,0.020900000,3,
2026-08-13,GBU,OPT,GBUN7 P13150,2027-07-09,P,1.315,0.022400000,3,
2026-08-13,GBU,OPT,GBUN7 P13200,2027-07-09,P,1.32,0.023900000,3,
2026-08-13,GBU,OPT,GBUN7 P13250,2027-07-09,P,1.325,0.025600000,3,
2026-08-13,GBU,OPT,GBUN7 P13300,2027-07-09,P,1.33,0.027400000,3,
2026-08-13,GBU,OPT,GBUN7 P13350,2027-07-09,P,1.335,0.029300000,3,
2026-08-13,GBU,OPT,GBUN7 P13400,2027-07-09,P,1.34,0.031300000,3,1
2026-08-13,GBU,OPT,GBUN7 P13450,2027-07-09,P,1.345,0.033400000,3,
2026-08-13,GBU,OPT,GBUN7 P13500,2027-07-09,P,1.35,0.035600000,3,6
2026-08-13,GBU,OPT,GBUN7 P13550,2027-07-09,P,1.355,0.038000000,3,
2026-08-13,GBU,OPT,GBUN7 P13600,2027-07-09,P,1.36,0.040400000,3,3
2026-08-13,GBU,OPT,GBUN7 P13650,2027-07-09,P,1.365,0.043000000,3,
2026-08-13,GBU,OPT,GBUN7 P13700,2027-07-09,P,1.37,0.045800000,3,
2026-08-13,GBU,OPT,GBUN7 P13750,2027-07-09,P,1.375,0.048600000,3,
2026-08-13,GBU,OPT,GBUN7 P13800,2027-07-09,P,1.38,0.051600000,3,
2026-08-13,GBU,OPT,GBUN7 P13850,2027-07-09,P,1.385,0.054800000,3,
2026-08-13,GBU,OPT,GBUN7 P13900,2027-07-09,P,1.39,0.058100000,3,
2026-08-13,GBU,OPT,GBUN7 P13950,2027-07-09,P,1.395,0.061500000,3,
2026-08-13,GBU,OPT,GBUN7 P14000,2027-07-09,P,1.4,0.065000000,3,
2026-08-13,GBU,OPT,GBUN7 P14100,2027-07-09,P,1.41,0.072300000,3,
2026-08-13,GBU,OPT,GBUN7 P14200,2027-07-09,P,1.42,0.080100000,3,
2026-08-13,GBU,OPT,GBUN7 P14300,2027-07-09,P,1.43,0.088100000,3,
2026-08-13,GBU,OPT,GBUN7 P14400,2027-07-09,P,1.44,0.096400000,3,
2026-08-13,GBU,OPT,GBUN7 P14500,2027-07-09,P,1.45,0.104900000,3,
2026-08-13,GBU,OPT,GBUN7 P14600,2027-07-09,P,1.46,0.113700000,3,
2026-08-13,GBU,OPT,GBUN7 P14700,2027-07-09,P,1.47,0.122500000,3,
2026-08-13,GBU,OPT,GBUN7 P14800,2027-07-09,P,1.48,0.131600000,3,
2026-08-13,GBU,OPT,GBUN7 P14900,2027-07-09,P,1.49,0.140700000,3,
2026-08-13,GBU,OPT,GBUN7 P15000,2027-07-09,P,1.5,0.149900000,3,
2026-08-13,GBU,OPT,GBUN7 P15100,2027-07-09,P,1.51,0.159200000,3,
2026-08-13,GBU,OPT,GBUN7 P15200,2027-07-09,P,1.52,0.168500000,3,
2026-08-13,GBU,OPT,GBUN7 P15300,2027-07-09,P,1.53,0.177900000,3,
2026-08-13,GBU,OPT,GBUN7 P15400,2027-07-09,P,1.54,0.187400000,3,
2026-08-13,GBU,OPT,GBUN7 P15500,2027-07-09,P,1.55,0.196900000,3,
2026-08-13,GBU,OPT,GBUQ7 C11500,2027-08-06,C,1.15,0.192000000,3,
2026-08-13,GBU,OPT,GBUQ7 C11600,2027-08-06,C,1.16,0.182800000,3,
2026-08-13,GBU,OPT,GBUQ7 C11700,2027-08-06,C,1.17,0.173600000,3,
2026-08-13,GBU,OPT,GBUQ7 C11800,2027-08-06,C,1.18,0.164500000,3,
2026-08-13,GBU,OPT,GBUQ7 C11900,2027-08-06,C,1.19,0.155500000,3,
2026-08-13,GBU,OPT,GBUQ7 C12000,2027-08-06,C,1.2,0.146600000,3,
2026-08-13,GBU,OPT,GBUQ7 C12100,2027-08-06,C,1.21,0.137700000,3,
2026-08-13,GBU,OPT,GBUQ7 C12200,2027-08-06,C,1.22,0.129000000,3,
2026-08-13,GBU,OPT,GBUQ7 C12300,2027-08-06,C,1.23,0.120400000,3,
2026-08-13,GBU,OPT,GBUQ7 C12400,2027-08-06,C,1.24,0.111900000,3,
2026-08-13,GBU,OPT,GBUQ7 C12500,2027-08-06,C,1.25,0.103500000,3,
2026-08-13,GBU,OPT,GBUQ7 C12600,2027-08-06,C,1.26,0.095400000,3,
2026-08-13,GBU,OPT,GBUQ7 C12700,2027-08-06,C,1.27,0.087400000,3,
2026-08-13,GBU,OPT,GBUQ7 C12800,2027-08-06,C,1.28,0.079700000,3,
2026-08-13,GBU,OPT,GBUQ7 C12900,2027-08-06,C,1.29,0.072200000,3,
2026-08-13,GBU,OPT,GBUQ7 C12950,2027-08-06,C,1.295,0.068500000,3,
2026-08-13,GBU,OPT,GBUQ7 C13000,2027-08-06,C,1.3,0.065000000,3,
2026-08-13,GBU,OPT,GBUQ7 C13050,2027-08-06,C,1.305,0.061500000,3,
2026-08-13,GBU,OPT,GBUQ7 C13100,2027-08-06,C,1.31,0.058100000,3,
2026-08-13,GBU,OPT,GBUQ7 C13150,2027-08-06,C,1.315,0.054800000,3,
2026-08-13,GBU,OPT,GBUQ7 C13200,2027-08-06,C,1.32,0.051500000,3,
2026-08-13,GBU,OPT,GBUQ7 C13250,2027-08-06,C,1.325,0.048400000,3,
2026-08-13,GBU,OPT,GBUQ7 C13300,2027-08-06,C,1.33,0.045400000,3,
2026-08-13,GBU,OPT,GBUQ7 C13350,2027-08-06,C,1.335,0.042500000,3,
2026-08-13,GBU,OPT,GBUQ7 C13400,2027-08-06,C,1.34,0.039700000,3,
2026-08-13,GBU,OPT,GBUQ7 C13450,2027-08-06,C,1.345,0.037000000,3,
2026-08-13,GBU,OPT,GBUQ7 C13500,2027-08-06,C,1.35,0.034400000,3,
2026-08-13,GBU,OPT,GBUQ7 C13550,2027-08-06,C,1.355,0.031900000,3,
2026-08-13,GBU,OPT,GBUQ7 C13600,2027-08-06,C,1.36,0.029600000,3,
2026-08-13,GBU,OPT,GBUQ7 C13650,2027-08-06,C,1.365,0.027300000,3,
2026-08-13,GBU,OPT,GBUQ7 C13700,2027-08-06,C,1.37,0.025200000,3,
2026-08-13,GBU,OPT,GBUQ7 C13750,2027-08-06,C,1.375,0.023200000,3,
2026-08-13,GBU,OPT,GBUQ7 C13800,2027-08-06,C,1.38,0.021400000,3,
2026-08-13,GBU,OPT,GBUQ7 C13850,2027-08-06,C,1.385,0.019700000,3,
2026-08-13,GBU,OPT,GBUQ7 C13900,2027-08-06,C,1.39,0.018100000,3,
2026-08-13,GBU,OPT,GBUQ7 C13950,2027-08-06,C,1.395,0.016600000,3,
2026-08-13,GBU,OPT,GBUQ7 C14000,2027-08-06,C,1.4,0.015300000,3,
2026-08-13,GBU,OPT,GBUQ7 C14100,2027-08-06,C,1.41,0.012800000,3,
2026-08-13,GBU,OPT,GBUQ7 C14200,2027-08-06,C,1.42,0.010800000,3,
2026-08-13,GBU,OPT,GBUQ7 C14300,2027-08-06,C,1.43,0.009100000,3,
2026-08-13,GBU,OPT,GBUQ7 C14400,2027-08-06,C,1.44,0.007600000,3,
2026-08-13,GBU,OPT,GBUQ7 C14500,2027-08-06,C,1.45,0.006300000,3,
2026-08-13,GBU,OPT,GBUQ7 C14600,2027-08-06,C,1.46,0.005300000,3,
2026-08-13,GBU,OPT,GBUQ7 C14700,2027-08-06,C,1.47,0.004400000,3,
2026-08-13,GBU,OPT,GBUQ7 C14800,2027-08-06,C,1.48,0.003600000,3,
2026-08-13,GBU,OPT,GBUQ7 C14900,2027-08-06,C,1.49,0.003000000,3,
2026-08-13,GBU,OPT,GBUQ7 C15000,2027-08-06,C,1.5,0.002500000,3,
2026-08-13,GBU,OPT,GBUQ7 C15100,2027-08-06,C,1.51,0.002000000,3,
2026-08-13,GBU,OPT,GBUQ7 C15200,2027-08-06,C,1.52,0.001700000,3,
2026-08-13,GBU,OPT,GBUQ7 C15300,2027-08-06,C,1.53,0.001400000,3,
2026-08-13,GBU,OPT,GBUQ7 C15400,2027-08-06,C,1.54,0.001100000,3,
2026-08-13,GBU,OPT,GBUQ7 C15500,2027-08-06,C,1.55,0.000900000,3,
2026-08-13,GBU,OPT,GBUQ7 P11500,2027-08-06,P,1.15,0.002700000,3,
2026-08-13,GBU,OPT,GBUQ7 P11600,2027-08-06,P,1.16,0.003100000,3,
2026-08-13,GBU,OPT,GBUQ7 P11700,2027-08-06,P,1.17,0.003600000,3,
2026-08-13,GBU,OPT,GBUQ7 P11800,2027-08-06,P,1.18,0.004100000,3,
2026-08-13,GBU,OPT,GBUQ7 P11900,2027-08-06,P,1.19,0.004700000,3,
2026-08-13,GBU,OPT,GBUQ7 P12000,2027-08-06,P,1.2,0.005400000,3,
2026-08-13,GBU,OPT,GBUQ7 P12100,2027-08-06,P,1.21,0.006200000,3,
2026-08-13,GBU,OPT,GBUQ7 P12200,2027-08-06,P,1.22,0.007100000,3,
2026-08-13,GBU,OPT,GBUQ7 P12300,2027-08-06,P,1.23,0.008100000,3,
2026-08-13,GBU,OPT,GBUQ7 P12400,2027-08-06,P,1.24,0.009200000,3,
2026-08-13,GBU,OPT,GBUQ7 P12500,2027-08-06,P,1.25,0.010500000,3,
2026-08-13,GBU,OPT,GBUQ7 P12600,2027-08-06,P,1.26,0.011900000,3,
2026-08-13,GBU,OPT,GBUQ7 P12700,2027-08-06,P,1.27,0.013600000,3,1
2026-08-13,GBU,OPT,GBUQ7 P12800,2027-08-06,P,1.28,0.015500000,3,2
2026-08-13,GBU,OPT,GBUQ7 P12900,2027-08-06,P,1.29,0.017600000,3,
2026-08-13,GBU,OPT,GBUQ7 P12950,2027-08-06,P,1.295,0.018800000,3,
2026-08-13,GBU,OPT,GBUQ7 P13000,2027-08-06,P,1.3,0.020000000,3,
2026-08-13,GBU,OPT,GBUQ7 P13050,2027-08-06,P,1.305,0.021300000,3,
2026-08-13,GBU,OPT,GBUQ7 P13100,2027-08-06,P,1.31,0.022800000,3,
2026-08-13,GBU,OPT,GBUQ7 P13150,2027-08-06,P,1.315,0.024300000,3,
2026-08-13,GBU,OPT,GBUQ7 P13200,2027-08-06,P,1.32,0.025800000,3,
2026-08-13,GBU,OPT,GBUQ7 P13250,2027-08-06,P,1.325,0.027500000,3,
2026-08-13,GBU,OPT,GBUQ7 P13300,2027-08-06,P,1.33,0.029300000,3,
2026-08-13,GBU,OPT,GBUQ7 P13350,2027-08-06,P,1.335,0.031200000,3,
2026-08-13,GBU,OPT,GBUQ7 P13400,2027-08-06,P,1.34,0.033200000,3,
2026-08-13,GBU,OPT,GBUQ7 P13450,2027-08-06,P,1.345,0.035400000,3,
2026-08-13,GBU,OPT,GBUQ7 P13500,2027-08-06,P,1.35,0.037600000,3,
2026-08-13,GBU,OPT,GBUQ7 P13550,2027-08-06,P,1.355,0.039900000,3,
2026-08-13,GBU,OPT,GBUQ7 P13600,2027-08-06,P,1.36,0.042400000,3,
2026-08-13,GBU,OPT,GBUQ7 P13650,2027-08-06,P,1.365,0.044900000,3,
2026-08-13,GBU,OPT,GBUQ7 P13700,2027-08-06,P,1.37,0.047600000,3,
2026-08-13,GBU,OPT,GBUQ7 P13750,2027-08-06,P,1.375,0.050500000,3,
2026-08-13,GBU,OPT,GBUQ7 P13800,2027-08-06,P,1.38,0.053400000,3,
2026-08-13,GBU,OPT,GBUQ7 P13850,2027-08-06,P,1.385,0.056500000,3,
2026-08-13,GBU,OPT,GBUQ7 P13900,2027-08-06,P,1.39,0.059800000,3,
2026-08-13,GBU,OPT,GBUQ7 P13950,2027-08-06,P,1.395,0.063100000,3,
2026-08-13,GBU,OPT,GBUQ7 P14000,2027-08-06,P,1.4,0.066500000,3,
2026-08-13,GBU,OPT,GBUQ7 P14100,2027-08-06,P,1.41,0.073800000,3,
2026-08-13,GBU,OPT,GBUQ7 P14200,2027-08-06,P,1.42,0.081300000,3,
2026-08-13,GBU,OPT,GBUQ7 P14300,2027-08-06,P,1.43,0.089200000,3,
2026-08-13,GBU,OPT,GBUQ7 P14400,2027-08-06,P,1.44,0.097400000,3,
2026-08-13,GBU,OPT,GBUQ7 P14500,2027-08-06,P,1.45,0.105700000,3,
2026-08-13,GBU,OPT,GBUQ7 P14600,2027-08-06,P,1.46,0.114300000,3,
2026-08-13,GBU,OPT,GBUQ7 P14700,2027-08-06,P,1.47,0.123000000,3,
2026-08-13,GBU,OPT,GBUQ7 P14800,2027-08-06,P,1.48,0.131900000,3,
2026-08-13,GBU,OPT,GBUQ7 P14900,2027-08-06,P,1.49,0.140900000,3,
2026-08-13,GBU,OPT,GBUQ7 P15000,2027-08-06,P,1.5,0.150000000,3,
2026-08-13,GBU,OPT,GBUQ7 P15100,2027-08-06,P,1.51,0.159200000,3,
2026-08-13,GBU,OPT,GBUQ7 P15200,2027-08-06,P,1.52,0.168400000,3,
2026-08-13,GBU,OPT,GBUQ7 P15300,2027-08-06,P,1.53,0.177800000,3,
2026-08-13,GBU,OPT,GBUQ7 P15400,2027-08-06,P,1.54,0.187100000,3,
2026-08-13,GBU,OPT,GBUQ7 P15500,2027-08-06,P,1.55,0.196500000,3,
2026-08-13,GBU,OPT,GBUU7 C11000,2027-09-03,C,1.1,0.238300000,3,
2026-08-13,GBU,OPT,GBUU7 C11100,2027-09-03,C,1.11,0.229000000,3,
2026-08-13,GBU,OPT,GBUU7 C11200,2027-09-03,C,1.12,0.219700000,3,
2026-08-13,GBU,OPT,GBUU7 C11300,2027-09-03,C,1.13,0.210500000,3,
2026-08-13,GBU,OPT,GBUU7 C11400,2027-09-03,C,1.14,0.201300000,3,
2026-08-13,GBU,OPT,GBUU7 C11500,2027-09-03,C,1.15,0.192000000,3,
2026-08-13,GBU,OPT,GBUU7 C11600,2027-09-03,C,1.16,0.182800000,3,
2026-08-13,GBU,OPT,GBUU7 C11700,2027-09-03,C,1.17,0.173700000,3,
2026-08-13,GBU,OPT,GBUU7 C11800,2027-09-03,C,1.18,0.164700000,3,
2026-08-13,GBU,OPT,GBUU7 C11900,2027-09-03,C,1.19,0.155700000,3,
2026-08-13,GBU,OPT,GBUU7 C12000,2027-09-03,C,1.2,0.146900000,3,
2026-08-13,GBU,OPT,GBUU7 C12100,2027-09-03,C,1.21,0.138100000,3,
2026-08-13,GBU,OPT,GBUU7 C12200,2027-09-03,C,1.22,0.129500000,3,
2026-08-13,GBU,OPT,GBUU7 C12300,2027-09-03,C,1.23,0.121000000,3,
2026-08-13,GBU,OPT,GBUU7 C12400,2027-09-03,C,1.24,0.112600000,3,
2026-08-13,GBU,OPT,GBUU7 C12450,2027-09-03,C,1.245,0.108500000,3,
2026-08-13,GBU,OPT,GBUU7 C12500,2027-09-03,C,1.25,0.104400000,3,
2026-08-13,GBU,OPT,GBUU7 C12550,2027-09-03,C,1.255,0.100300000,3,
2026-08-13,GBU,OPT,GBUU7 C12600,2027-09-03,C,1.26,0.096300000,3,
2026-08-13,GBU,OPT,GBUU7 C12650,2027-09-03,C,1.265,0.092400000,3,
2026-08-13,GBU,OPT,GBUU7 C12700,2027-09-03,C,1.27,0.088400000,3,
2026-08-13,GBU,OPT,GBUU7 C12750,2027-09-03,C,1.275,0.084600000,3,
2026-08-13,GBU,OPT,GBUU7 C12800,2027-09-03,C,1.28,0.080800000,3,
2026-08-13,GBU,OPT,GBUU7 C12850,2027-09-03,C,1.285,0.077100000,3,
2026-08-13,GBU,OPT,GBUU7 C12900,2027-09-03,C,1.29,0.073400000,3,
2026-08-13,GBU,OPT,GBUU7 C12950,2027-09-03,C,1.295,0.069800000,3,
2026-08-13,GBU,OPT,GBUU7 C13000,2027-09-03,C,1.3,0.066300000,3,
2026-08-13,GBU,OPT,GBUU7 C13050,2027-09-03,C,1.305,0.062900000,3,
2026-08-13,GBU,OPT,GBUU7 C13100,2027-09-03,C,1.31,0.059500000,3,
2026-08-13,GBU,OPT,GBUU7 C13150,2027-09-03,C,1.315,0.056200000,3,
2026-08-13,GBU,OPT,GBUU7 C13200,2027-09-03,C,1.32,0.053000000,3,
2026-08-13,GBU,OPT,GBUU7 C13250,2027-09-03,C,1.325,0.050000000,3,
2026-08-13,GBU,OPT,GBUU7 C13300,2027-09-03,C,1.33,0.047000000,3,
2026-08-13,GBU,OPT,GBUU7 C13350,2027-09-03,C,1.335,0.044100000,3,
2026-08-13,GBU,OPT,GBUU7 C13400,2027-09-03,C,1.34,0.041300000,3,
2026-08-13,GBU,OPT,GBUU7 C13450,2027-09-03,C,1.345,0.038600000,3,
2026-08-13,GBU,OPT,GBUU7 C13500,2027-09-03,C,1.35,0.036100000,3,
2026-08-13,GBU,OPT,GBUU7 C13550,2027-09-03,C,1.355,0.033600000,3,
2026-08-13,GBU,OPT,GBUU7 C13600,2027-09-03,C,1.36,0.031300000,3,
2026-08-13,GBU,OPT,GBUU7 C13650,2027-09-03,C,1.365,0.029100000,3,
2026-08-13,GBU,OPT,GBUU7 C13700,2027-09-03,C,1.37,0.027000000,3,
2026-08-13,GBU,OPT,GBUU7 C13750,2027-09-03,C,1.375,0.025000000,3,
2026-08-13,GBU,OPT,GBUU7 C13800,2027-09-03,C,1.38,0.023100000,3,
2026-08-13,GBU,OPT,GBUU7 C13850,2027-09-03,C,1.385,0.021300000,3,
2026-08-13,GBU,OPT,GBUU7 C13900,2027-09-03,C,1.39,0.019700000,3,
2026-08-13,GBU,OPT,GBUU7 C13950,2027-09-03,C,1.395,0.018200000,3,
2026-08-13,GBU,OPT,GBUU7 C14000,2027-09-03,C,1.4,0.016800000,3,
2026-08-13,GBU,OPT,GBUU7 C14050,2027-09-03,C,1.405,0.015500000,3,
2026-08-13,GBU,OPT,GBUU7 C14100,2027-09-03,C,1.41,0.014200000,3,
2026-08-13,GBU,OPT,GBUU7 C14150,2027-09-03,C,1.415,0.013100000,3,
2026-08-13,GBU,OPT,GBUU7 C14200,2027-09-03,C,1.42,0.012100000,3,
2026-08-13,GBU,OPT,GBUU7 C14250,2027-09-03,C,1.425,0.011100000,3,
2026-08-13,GBU,OPT,GBUU7 C14300,2027-09-03,C,1.43,0.010200000,3,
2026-08-13,GBU,OPT,GBUU7 C14400,2027-09-03,C,1.44,0.008600000,3,
2026-08-13,GBU,OPT,GBUU7 C14500,2027-09-03,C,1.45,0.007300000,3,
2026-08-13,GBU,OPT,GBUU7 C14600,2027-09-03,C,1.46,0.006100000,3,
2026-08-13,GBU,OPT,GBUU7 C14700,2027-09-03,C,1.47,0.005100000,3,
2026-08-13,GBU,OPT,GBUU7 C14800,2027-09-03,C,1.48,0.004300000,3,
2026-08-13,GBU,OPT,GBUU7 C14900,2027-09-03,C,1.49,0.003600000,3,
2026-08-13,GBU,OPT,GBUU7 C15000,2027-09-03,C,1.5,0.003100000,3,
2026-08-13,GBU,OPT,GBUU7 C15100,2027-09-03,C,1.51,0.002600000,3,
2026-08-13,GBU,OPT,GBUU7 C15200,2027-09-03,C,1.52,0.002200000,3,
2026-08-13,GBU,OPT,GBUU7 C15300,2027-09-03,C,1.53,0.001900000,3,
2026-08-13,GBU,OPT,GBUU7 C15400,2027-09-03,C,1.54,0.001700000,3,
2026-08-13,GBU,OPT,GBUU7 C15500,2027-09-03,C,1.55,0.001500000,3,
2026-08-13,GBU,OPT,GBUU7 C15600,2027-09-03,C,1.56,0.001300000,3,
2026-08-13,GBU,OPT,GBUU7 C15700,2027-09-03,C,1.57,0.001100000,3,
2026-08-13,GBU,OPT,GBUU7 P11000,2027-09-03,P,1.1,0.001600000,3,10
2026-08-13,GBU,OPT,GBUU7 P11100,2027-09-03,P,1.11,0.001900000,3,
2026-08-13,GBU,OPT,GBUU7 P11200,2027-09-03,P,1.12,0.002200000,3,10
2026-08-13,GBU,OPT,GBUU7 P11300,2027-09-03,P,1.13,0.002600000,3,
2026-08-13,GBU,OPT,GBUU7 P11400,2027-09-03,P,1.14,0.003000000,3,
2026-08-13,GBU,OPT,GBUU7 P11500,2027-09-03,P,1.15,0.003300000,3,
2026-08-13,GBU,OPT,GBUU7 P11600,2027-09-03,P,1.16,0.003700000,3,
2026-08-13,GBU,OPT,GBUU7 P11700,2027-09-03,P,1.17,0.004200000,3,
2026-08-13,GBU,OPT,GBUU7 P11800,2027-09-03,P,1.18,0.004800000,3,
2026-08-13,GBU,OPT,GBUU7 P11900,2027-09-03,P,1.19,0.005400000,3,
2026-08-13,GBU,OPT,GBUU7 P12000,2027-09-03,P,1.2,0.006200000,3,
2026-08-13,GBU,OPT,GBUU7 P12100,2027-09-03,P,1.21,0.007000000,3,
2026-08-13,GBU,OPT,GBUU7 P12200,2027-09-03,P,1.22,0.007900000,3,
2026-08-13,GBU,OPT,GBUU7 P12300,2027-09-03,P,1.23,0.009000000,3,
2026-08-13,GBU,OPT,GBUU7 P12400,2027-09-03,P,1.24,0.010200000,3,
2026-08-13,GBU,OPT,GBUU7 P12450,2027-09-03,P,1.245,0.010900000,3,
2026-08-13,GBU,OPT,GBUU7 P12500,2027-09-03,P,1.25,0.011600000,3,
2026-08-13,GBU,OPT,GBUU7 P12550,2027-09-03,P,1.255,0.012400000,3,
2026-08-13,GBU,OPT,GBUU7 P12600,2027-09-03,P,1.26,0.013100000,3,
2026-08-13,GBU,OPT,GBUU7 P12650,2027-09-03,P,1.265,0.014000000,3,
2026-08-13,GBU,OPT,GBUU7 P12700,2027-09-03,P,1.27,0.014900000,3,
2026-08-13,GBU,OPT,GBUU7 P12750,2027-09-03,P,1.275,0.015800000,3,
2026-08-13,GBU,OPT,GBUU7 P12800,2027-09-03,P,1.28,0.016800000,3,
2026-08-13,GBU,OPT,GBUU7 P12850,2027-09-03,P,1.285,0.017900000,3,
2026-08-13,GBU,OPT,GBUU7 P12900,2027-09-03,P,1.29,0.019000000,3,
2026-08-13,GBU,OPT,GBUU7 P12950,2027-09-03,P,1.295,0.020200000,3,
2026-08-13,GBU,OPT,GBUU7 P13000,2027-09-03,P,1.3,0.021500000,3,
2026-08-13,GBU,OPT,GBUU7 P13050,2027-09-03,P,1.305,0.022900000,3,
2026-08-13,GBU,OPT,GBUU7 P13100,2027-09-03,P,1.31,0.024300000,3,
2026-08-13,GBU,OPT,GBUU7 P13150,2027-09-03,P,1.315,0.025800000,3,
2026-08-13,GBU,OPT,GBUU7 P13200,2027-09-03,P,1.32,0.027400000,3,
2026-08-13,GBU,OPT,GBUU7 P13250,2027-09-03,P,1.325,0.029100000,3,
2026-08-13,GBU,OPT,GBUU7 P13300,2027-09-03,P,1.33,0.031000000,3,
2026-08-13,GBU,OPT,GBUU7 P13350,2027-09-03,P,1.335,0.032900000,3,
2026-08-13,GBU,OPT,GBUU7 P13400,2027-09-03,P,1.34,0.034900000,3,
2026-08-13,GBU,OPT,GBUU7 P13450,2027-09-03,P,1.345,0.037000000,3,
2026-08-13,GBU,OPT,GBUU7 P13500,2027-09-03,P,1.35,0.039200000,3,
2026-08-13,GBU,OPT,GBUU7 P13550,2027-09-03,P,1.355,0.041600000,3,
2026-08-13,GBU,OPT,GBUU7 P13600,2027-09-03,P,1.36,0.044000000,3,
2026-08-13,GBU,OPT,GBUU7 P13650,2027-09-03,P,1.365,0.046600000,3,
2026-08-13,GBU,OPT,GBUU7 P13700,2027-09-03,P,1.37,0.049300000,3,
2026-08-13,GBU,OPT,GBUU7 P13750,2027-09-03,P,1.375,0.052100000,3,
2026-08-13,GBU,OPT,GBUU7 P13800,2027-09-03,P,1.38,0.055000000,3,
2026-08-13,GBU,OPT,GBUU7 P13850,2027-09-03,P,1.385,0.058100000,3,
2026-08-13,GBU,OPT,GBUU7 P13900,2027-09-03,P,1.39,0.061300000,3,
2026-08-13,GBU,OPT,GBUU7 P13950,2027-09-03,P,1.395,0.064500000,3,
2026-08-13,GBU,OPT,GBUU7 P14000,2027-09-03,P,1.4,0.067900000,3,
2026-08-13,GBU,OPT,GBUU7 P14050,2027-09-03,P,1.405,0.071400000,3,
2026-08-13,GBU,OPT,GBUU7 P14100,2027-09-03,P,1.41,0.075000000,3,
2026-08-13,GBU,OPT,GBUU7 P14150,2027-09-03,P,1.415,0.078600000,3,
2026-08-13,GBU,OPT,GBUU7 P14200,2027-09-03,P,1.42,0.082400000,3,
2026-08-13,GBU,OPT,GBUU7 P14250,2027-09-03,P,1.425,0.086200000,3,
2026-08-13,GBU,OPT,GBUU7 P14300,2027-09-03,P,1.43,0.090100000,3,
2026-08-13,GBU,OPT,GBUU7 P14400,2027-09-03,P,1.44,0.098100000,3,
2026-08-13,GBU,OPT,GBUU7 P14500,2027-09-03,P,1.45,0.106400000,3,
2026-08-13,GBU,OPT,GBUU7 P14600,2027-09-03,P,1.46,0.114800000,3,
2026-08-13,GBU,OPT,GBUU7 P14700,2027-09-03,P,1.47,0.123400000,3,
2026-08-13,GBU,OPT,GBUU7 P14800,2027-09-03,P,1.48,0.132200000,3,
2026-08-13,GBU,OPT,GBUU7 P14900,2027-09-03,P,1.49,0.141100000,3,
2026-08-13,GBU,OPT,GBUU7 P15000,2027-09-03,P,1.5,0.150100000,3,
2026-08-13,GBU,OPT,GBUU7 P15100,2027-09-03,P,1.51,0.159200000,3,
2026-08-13,GBU,OPT,GBUU7 P15200,2027-09-03,P,1.52,0.168500000,3,
2026-08-13,GBU,OPT,GBUU7 P15300,2027-09-03,P,1.53,0.177700000,3,
2026-08-13,GBU,OPT,GBUU7 P15400,2027-09-03,P,1.54,0.187100000,3,
2026-08-13,GBU,OPT,GBUU7 P15500,2027-09-03,P,1.55,0.196500000,3,
2026-08-13,GBU,OPT,GBUU7 P15600,2027-09-03,P,1.56,0.205900000,3,
2026-08-13,GBU,OPT,GBUU7 P15700,2027-09-03,P,1.57,0.215300000,3,
2026-08-13,GBU,OPT,GBUZ7 C11100,2027-12-03,C,1.11,0.227200000,3,
2026-08-13,GBU,OPT,GBUZ7 C11200,2027-12-03,C,1.12,0.218200000,3,
2026-08-13,GBU,OPT,GBUZ7 C11300,2027-12-03,C,1.13,0.209100000,3,
2026-08-13,GBU,OPT,GBUZ7 C11400,2027-12-03,C,1.14,0.200100000,3,
2026-08-13,GBU,OPT,GBUZ7 C11500,2027-12-03,C,1.15,0.191200000,3,
2026-08-13,GBU,OPT,GBUZ7 C11600,2027-12-03,C,1.16,0.182300000,3,
2026-08-13,GBU,OPT,GBUZ7 C11700,2027-12-03,C,1.17,0.173600000,3,
2026-08-13,GBU,OPT,GBUZ7 C11800,2027-12-03,C,1.18,0.164800000,3,
2026-08-13,GBU,OPT,GBUZ7 C11900,2027-12-03,C,1.19,0.156100000,3,
2026-08-13,GBU,OPT,GBUZ7 C12000,2027-12-03,C,1.2,0.147500000,3,
2026-08-13,GBU,OPT,GBUZ7 C12100,2027-12-03,C,1.21,0.138900000,3,
2026-08-13,GBU,OPT,GBUZ7 C12200,2027-12-03,C,1.22,0.130500000,3,
2026-08-13,GBU,OPT,GBUZ7 C12300,2027-12-03,C,1.23,0.122200000,3,
2026-08-13,GBU,OPT,GBUZ7 C12400,2027-12-03,C,1.24,0.114100000,3,
2026-08-13,GBU,OPT,GBUZ7 C12500,2027-12-03,C,1.25,0.106100000,3,
2026-08-13,GBU,OPT,GBUZ7 C12550,2027-12-03,C,1.255,0.102100000,3,
2026-08-13,GBU,OPT,GBUZ7 C12600,2027-12-03,C,1.26,0.098300000,3,
2026-08-13,GBU,OPT,GBUZ7 C12650,2027-12-03,C,1.265,0.094400000,3,
2026-08-13,GBU,OPT,GBUZ7 C12700,2027-12-03,C,1.27,0.090700000,3,
2026-08-13,GBU,OPT,GBUZ7 C12750,2027-12-03,C,1.275,0.086900000,3,
2026-08-13,GBU,OPT,GBUZ7 C12800,2027-12-03,C,1.28,0.083300000,3,
2026-08-13,GBU,OPT,GBUZ7 C12850,2027-12-03,C,1.285,0.079600000,3,
2026-08-13,GBU,OPT,GBUZ7 C12900,2027-12-03,C,1.29,0.076100000,3,
2026-08-13,GBU,OPT,GBUZ7 C12950,2027-12-03,C,1.295,0.072600000,3,
2026-08-13,GBU,OPT,GBUZ7 C13000,2027-12-03,C,1.3,0.069200000,3,
2026-08-13,GBU,OPT,GBUZ7 C13050,2027-12-03,C,1.305,0.065800000,3,
2026-08-13,GBU,OPT,GBUZ7 C13100,2027-12-03,C,1.31,0.062500000,3,
2026-08-13,GBU,OPT,GBUZ7 C13150,2027-12-03,C,1.315,0.059300000,3,
2026-08-13,GBU,OPT,GBUZ7 C13200,2027-12-03,C,1.32,0.056200000,3,
2026-08-13,GBU,OPT,GBUZ7 C13250,2027-12-03,C,1.325,0.053200000,3,
2026-08-13,GBU,OPT,GBUZ7 C13300,2027-12-03,C,1.33,0.050200000,3,
2026-08-13,GBU,OPT,GBUZ7 C13350,2027-12-03,C,1.335,0.047400000,3,
2026-08-13,GBU,OPT,GBUZ7 C13400,2027-12-03,C,1.34,0.044700000,3,
2026-08-13,GBU,OPT,GBUZ7 C13450,2027-12-03,C,1.345,0.042000000,3,
2026-08-13,GBU,OPT,GBUZ7 C13500,2027-12-03,C,1.35,0.039500000,3,
2026-08-13,GBU,OPT,GBUZ7 C13550,2027-12-03,C,1.355,0.037100000,3,
2026-08-13,GBU,OPT,GBUZ7 C13600,2027-12-03,C,1.36,0.034800000,3,
2026-08-13,GBU,OPT,GBUZ7 C13650,2027-12-03,C,1.365,0.032600000,3,
2026-08-13,GBU,OPT,GBUZ7 C13700,2027-12-03,C,1.37,0.030500000,3,
2026-08-13,GBU,OPT,GBUZ7 C13750,2027-12-03,C,1.375,0.028500000,3,
2026-08-13,GBU,OPT,GBUZ7 C13800,2027-12-03,C,1.38,0.026600000,3,
2026-08-13,GBU,OPT,GBUZ7 C13850,2027-12-03,C,1.385,0.024900000,3,
2026-08-13,GBU,OPT,GBUZ7 C13900,2027-12-03,C,1.39,0.023200000,3,
2026-08-13,GBU,OPT,GBUZ7 C13950,2027-12-03,C,1.395,0.021600000,3,
2026-08-13,GBU,OPT,GBUZ7 C14000,2027-12-03,C,1.4,0.020100000,3,
2026-08-13,GBU,OPT,GBUZ7 C14050,2027-12-03,C,1.405,0.018800000,3,
2026-08-13,GBU,OPT,GBUZ7 C14100,2027-12-03,C,1.41,0.017500000,3,
2026-08-13,GBU,OPT,GBUZ7 C14150,2027-12-03,C,1.415,0.016200000,3,
2026-08-13,GBU,OPT,GBUZ7 C14200,2027-12-03,C,1.42,0.015100000,3,
2026-08-13,GBU,OPT,GBUZ7 C14250,2027-12-03,C,1.425,0.014000000,3,
2026-08-13,GBU,OPT,GBUZ7 C14300,2027-12-03,C,1.43,0.013000000,3,
2026-08-13,GBU,OPT,GBUZ7 C14400,2027-12-03,C,1.44,0.011200000,3,
2026-08-13,GBU,OPT,GBUZ7 C14500,2027-12-03,C,1.45,0.009700000,3,
2026-08-13,GBU,OPT,GBUZ7 C14600,2027-12-03,C,1.46,0.008300000,3,
2026-08-13,GBU,OPT,GBUZ7 C14700,2027-12-03,C,1.47,0.007200000,3,
2026-08-13,GBU,OPT,GBUZ7 C14800,2027-12-03,C,1.48,0.006100000,3,
2026-08-13,GBU,OPT,GBUZ7 C14900,2027-12-03,C,1.49,0.005300000,3,
2026-08-13,GBU,OPT,GBUZ7 C15000,2027-12-03,C,1.5,0.004600000,3,
2026-08-13,GBU,OPT,GBUZ7 C15100,2027-12-03,C,1.51,0.004000000,3,
2026-08-13,GBU,OPT,GBUZ7 C15200,2027-12-03,C,1.52,0.003500000,3,
2026-08-13,GBU,OPT,GBUZ7 C15300,2027-12-03,C,1.53,0.002900000,3,
2026-08-13,GBU,OPT,GBUZ7 C15400,2027-12-03,C,1.54,0.002400000,3,
2026-08-13,GBU,OPT,GBUZ7 C15500,2027-12-03,C,1.55,0.002000000,3,
2026-08-13,GBU,OPT,GBUZ7 C15600,2027-12-03,C,1.56,0.001700000,3,
2026-08-13,GBU,OPT,GBUZ7 C15700,2027-12-03,C,1.57,0.001400000,3,
2026-08-13,GBU,OPT,GBUZ7 P11100,2027-12-03,P,1.11,0.003200000,3,
2026-08-13,GBU,OPT,GBUZ7 P11200,2027-12-03,P,1.12,0.003600000,3,
2026-08-13,GBU,OPT,GBUZ7 P11300,2027-12-03,P,1.13,0.004100000,3,50
2026-08-13,GBU,OPT,GBUZ7 P11400,2027-12-03,P,1.14,0.004600000,3,
2026-08-13,GBU,OPT,GBUZ7 P11500,2027-12-03,P,1.15,0.005200000,3,
2026-08-13,GBU,OPT,GBUZ7 P11600,2027-12-03,P,1.16,0.005800000,3,
2026-08-13,GBU,OPT,GBUZ7 P11700,2027-12-03,P,1.17,0.006500000,3,
2026-08-13,GBU,OPT,GBUZ7 P11800,2027-12-03,P,1.18,0.007300000,3,
2026-08-13,GBU,OPT,GBUZ7 P11900,2027-12-03,P,1.19,0.008100000,3,
2026-08-13,GBU,OPT,GBUZ7 P12000,2027-12-03,P,1.2,0.008900000,3,
2026-08-13,GBU,OPT,GBUZ7 P12100,2027-12-03,P,1.21,0.009900000,3,
2026-08-13,GBU,OPT,GBUZ7 P12200,2027-12-03,P,1.22,0.011000000,3,
2026-08-13,GBU,OPT,GBUZ7 P12300,2027-12-03,P,1.23,0.012200000,3,
2026-08-13,GBU,OPT,GBUZ7 P12400,2027-12-03,P,1.24,0.013500000,3,
2026-08-13,GBU,OPT,GBUZ7 P12500,2027-12-03,P,1.25,0.015000000,3,
2026-08-13,GBU,OPT,GBUZ7 P12550,2027-12-03,P,1.255,0.015800000,3,
2026-08-13,GBU,OPT,GBUZ7 P12600,2027-12-03,P,1.26,0.016700000,3,
2026-08-13,GBU,OPT,GBUZ7 P12650,2027-12-03,P,1.265,0.017600000,3,
2026-08-13,GBU,OPT,GBUZ7 P12700,2027-12-03,P,1.27,0.018600000,3,
2026-08-13,GBU,OPT,GBUZ7 P12750,2027-12-03,P,1.275,0.019600000,3,
2026-08-13,GBU,OPT,GBUZ7 P12800,2027-12-03,P,1.28,0.020700000,3,
2026-08-13,GBU,OPT,GBUZ7 P12850,2027-12-03,P,1.285,0.021800000,3,
2026-08-13,GBU,OPT,GBUZ7 P12900,2027-12-03,P,1.29,0.023000000,3,
2026-08-13,GBU,OPT,GBUZ7 P12950,2027-12-03,P,1.295,0.024300000,3,
2026-08-13,GBU,OPT,GBUZ7 P13000,2027-12-03,P,1.3,0.025600000,3,
2026-08-13,GBU,OPT,GBUZ7 P13050,2027-12-03,P,1.305,0.027000000,3,
2026-08-13,GBU,OPT,GBUZ7 P13100,2027-12-03,P,1.31,0.028400000,3,
2026-08-13,GBU,OPT,GBUZ7 P13150,2027-12-03,P,1.315,0.030000000,3,
2026-08-13,GBU,OPT,GBUZ7 P13200,2027-12-03,P,1.32,0.031600000,3,
2026-08-13,GBU,OPT,GBUZ7 P13250,2027-12-03,P,1.325,0.033300000,3,
2026-08-13,GBU,OPT,GBUZ7 P13300,2027-12-03,P,1.33,0.035100000,3,
2026-08-13,GBU,OPT,GBUZ7 P13350,2027-12-03,P,1.335,0.037000000,3,
2026-08-13,GBU,OPT,GBUZ7 P13400,2027-12-03,P,1.34,0.039000000,3,
2026-08-13,GBU,OPT,GBUZ7 P13450,2027-12-03,P,1.345,0.041200000,3,
2026-08-13,GBU,OPT,GBUZ7 P13500,2027-12-03,P,1.35,0.043400000,3,
2026-08-13,GBU,OPT,GBUZ7 P13550,2027-12-03,P,1.355,0.045700000,3,
2026-08-13,GBU,OPT,GBUZ7 P13600,2027-12-03,P,1.36,0.048200000,3,
2026-08-13,GBU,OPT,GBUZ7 P13650,2027-12-03,P,1.365,0.050700000,3,
2026-08-13,GBU,OPT,GBUZ7 P13700,2027-12-03,P,1.37,0.053400000,3,
2026-08-13,GBU,OPT,GBUZ7 P13750,2027-12-03,P,1.375,0.056100000,3,
2026-08-13,GBU,OPT,GBUZ7 P13800,2027-12-03,P,1.38,0.059000000,3,
2026-08-13,GBU,OPT,GBUZ7 P13850,2027-12-03,P,1.385,0.062000000,3,
2026-08-13,GBU,OPT,GBUZ7 P13900,2027-12-03,P,1.39,0.065100000,3,
2026-08-13,GBU,OPT,GBUZ7 P13950,2027-12-03,P,1.395,0.068200000,3,
2026-08-13,GBU,OPT,GBUZ7 P14000,2027-12-03,P,1.4,0.071500000,3,
2026-08-13,GBU,OPT,GBUZ7 P14050,2027-12-03,P,1.405,0.074900000,3,
2026-08-13,GBU,OPT,GBUZ7 P14100,2027-12-03,P,1.41,0.078300000,3,
2026-08-13,GBU,OPT,GBUZ7 P14150,2027-12-03,P,1.415,0.081900000,3,
2026-08-13,GBU,OPT,GBUZ7 P14200,2027-12-03,P,1.42,0.085500000,3,
2026-08-13,GBU,OPT,GBUZ7 P14250,2027-12-03,P,1.425,0.089100000,3,
2026-08-13,GBU,OPT,GBUZ7 P14300,2027-12-03,P,1.43,0.092900000,3,
2026-08-13,GBU,OPT,GBUZ7 P14400,2027-12-03,P,1.44,0.100600000,3,
2026-08-13,GBU,OPT,GBUZ7 P14500,2027-12-03,P,1.45,0.108500000,3,
2026-08-13,GBU,OPT,GBUZ7 P14600,2027-12-03,P,1.46,0.116700000,3,
2026-08-13,GBU,OPT,GBUZ7 P14700,2027-12-03,P,1.47,0.125000000,3,
2026-08-13,GBU,OPT,GBUZ7 P14800,2027-12-03,P,1.48,0.133500000,3,
2026-08-13,GBU,OPT,GBUZ7 P14900,2027-12-03,P,1.49,0.142100000,3,
2026-08-13,GBU,OPT,GBUZ7 P15000,2027-12-03,P,1.5,0.150900000,3,
2026-08-13,GBU,OPT,GBUZ7 P15100,2027-12-03,P,1.51,0.159900000,3,
2026-08-13,GBU,OPT,GBUZ7 P15200,2027-12-03,P,1.52,0.168800000,3,
2026-08-13,GBU,OPT,GBUZ7 P15300,2027-12-03,P,1.53,0.177800000,3,
2026-08-13,GBU,OPT,GBUZ7 P15400,2027-12-03,P,1.54,0.186800000,3,
2026-08-13,GBU,OPT,GBUZ7 P15500,2027-12-03,P,1.55,0.195800000,3,
2026-08-13,GBU,OPT,GBUZ7 P15600,2027-12-03,P,1.56,0.205000000,3,
2026-08-13,GBU,OPT,GBUZ7 P15700,2027-12-03,P,1.57,0.214200000,3,
2026-08-13,GBU,OPT,GBUH8 C11100,2028-03-03,C,1.11,0.225700000,3,
2026-08-13,GBU,OPT,GBUH8 C11200,2028-03-03,C,1.12,0.216900000,3,
2026-08-13,GBU,OPT,GBUH8 C11300,2028-03-03,C,1.13,0.208000000,3,
2026-08-13,GBU,OPT,GBUH8 C11400,2028-03-03,C,1.14,0.199300000,3,
2026-08-13,GBU,OPT,GBUH8 C11500,2028-03-03,C,1.15,0.190600000,3,
2026-08-13,GBU,OPT,GBUH8 C11600,2028-03-03,C,1.16,0.182000000,3,
2026-08-13,GBU,OPT,GBUH8 C11700,2028-03-03,C,1.17,0.173500000,3,
2026-08-13,GBU,OPT,GBUH8 C11800,2028-03-03,C,1.18,0.164900000,3,
2026-08-13,GBU,OPT,GBUH8 C11900,2028-03-03,C,1.19,0.156400000,3,
2026-08-13,GBU,OPT,GBUH8 C12000,2028-03-03,C,1.2,0.148000000,3,
2026-08-13,GBU,OPT,GBUH8 C12100,2028-03-03,C,1.21,0.139700000,3,
2026-08-13,GBU,OPT,GBUH8 C12200,2028-03-03,C,1.22,0.131500000,3,
2026-08-13,GBU,OPT,GBUH8 C12300,2028-03-03,C,1.23,0.123400000,3,
2026-08-13,GBU,OPT,GBUH8 C12400,2028-03-03,C,1.24,0.115500000,3,
2026-08-13,GBU,OPT,GBUH8 C12500,2028-03-03,C,1.25,0.107700000,3,
2026-08-13,GBU,OPT,GBUH8 C12550,2028-03-03,C,1.255,0.103800000,3,
2026-08-13,GBU,OPT,GBUH8 C12600,2028-03-03,C,1.26,0.100100000,3,
2026-08-13,GBU,OPT,GBUH8 C12650,2028-03-03,C,1.265,0.096300000,3,
2026-08-13,GBU,OPT,GBUH8 C12700,2028-03-03,C,1.27,0.092700000,3,
2026-08-13,GBU,OPT,GBUH8 C12750,2028-03-03,C,1.275,0.089000000,3,
2026-08-13,GBU,OPT,GBUH8 C12800,2028-03-03,C,1.28,0.085400000,3,
2026-08-13,GBU,OPT,GBUH8 C12850,2028-03-03,C,1.285,0.081900000,3,
2026-08-13,GBU,OPT,GBUH8 C12900,2028-03-03,C,1.29,0.078400000,3,
2026-08-13,GBU,OPT,GBUH8 C12950,2028-03-03,C,1.295,0.075000000,3,
2026-08-13,GBU,OPT,GBUH8 C13000,2028-03-03,C,1.3,0.071700000,3,
2026-08-13,GBU,OPT,GBUH8 C13050,2028-03-03,C,1.305,0.068400000,3,
2026-08-13,GBU,OPT,GBUH8 C13100,2028-03-03,C,1.31,0.065200000,3,
2026-08-13,GBU,OPT,GBUH8 C13150,2028-03-03,C,1.315,0.062000000,3,
2026-08-13,GBU,OPT,GBUH8 C13200,2028-03-03,C,1.32,0.059000000,3,
2026-08-13,GBU,OPT,GBUH8 C13250,2028-03-03,C,1.325,0.056000000,3,
2026-08-13,GBU,OPT,GBUH8 C13300,2028-03-03,C,1.33,0.053100000,3,
2026-08-13,GBU,OPT,GBUH8 C13350,2028-03-03,C,1.335,0.050300000,3,
2026-08-13,GBU,OPT,GBUH8 C13400,2028-03-03,C,1.34,0.047600000,3,
2026-08-13,GBU,OPT,GBUH8 C13450,2028-03-03,C,1.345,0.045000000,3,
2026-08-13,GBU,OPT,GBUH8 C13500,2028-03-03,C,1.35,0.042500000,3,
2026-08-13,GBU,OPT,GBUH8 C13550,2028-03-03,C,1.355,0.040100000,3,
2026-08-13,GBU,OPT,GBUH8 C13600,2028-03-03,C,1.36,0.037700000,3,
2026-08-13,GBU,OPT,GBUH8 C13650,2028-03-03,C,1.365,0.035500000,3,
2026-08-13,GBU,OPT,GBUH8 C13700,2028-03-03,C,1.37,0.033500000,3,
2026-08-13,GBU,OPT,GBUH8 C13750,2028-03-03,C,1.375,0.031500000,3,
2026-08-13,GBU,OPT,GBUH8 C13800,2028-03-03,C,1.38,0.029600000,3,
2026-08-13,GBU,OPT,GBUH8 C13850,2028-03-03,C,1.385,0.027800000,3,
2026-08-13,GBU,OPT,GBUH8 C13900,2028-03-03,C,1.39,0.026100000,3,
2026-08-13,GBU,OPT,GBUH8 C13950,2028-03-03,C,1.395,0.024500000,3,
2026-08-13,GBU,OPT,GBUH8 C14000,2028-03-03,C,1.4,0.023000000,3,
2026-08-13,GBU,OPT,GBUH8 C14100,2028-03-03,C,1.41,0.020200000,3,
2026-08-13,GBU,OPT,GBUH8 C14200,2028-03-03,C,1.42,0.017700000,3,
2026-08-13,GBU,OPT,GBUH8 C14300,2028-03-03,C,1.43,0.015600000,3,
2026-08-13,GBU,OPT,GBUH8 C14400,2028-03-03,C,1.44,0.013600000,3,
2026-08-13,GBU,OPT,GBUH8 C14500,2028-03-03,C,1.45,0.011900000,3,
2026-08-13,GBU,OPT,GBUH8 C14600,2028-03-03,C,1.46,0.010500000,3,
2026-08-13,GBU,OPT,GBUH8 C14700,2028-03-03,C,1.47,0.009100000,3,
2026-08-13,GBU,OPT,GBUH8 C14800,2028-03-03,C,1.48,0.008000000,3,
2026-08-13,GBU,OPT,GBUH8 C14900,2028-03-03,C,1.49,0.007000000,3,
2026-08-13,GBU,OPT,GBUH8 C15000,2028-03-03,C,1.5,0.006200000,3,
2026-08-13,GBU,OPT,GBUH8 C15100,2028-03-03,C,1.51,0.005500000,3,
2026-08-13,GBU,OPT,GBUH8 C15200,2028-03-03,C,1.52,0.004900000,3,
2026-08-13,GBU,OPT,GBUH8 C15300,2028-03-03,C,1.53,0.004400000,3,
2026-08-13,GBU,OPT,GBUH8 C15400,2028-03-03,C,1.54,0.003900000,3,
2026-08-13,GBU,OPT,GBUH8 C15500,2028-03-03,C,1.55,0.003500000,3,
2026-08-13,GBU,OPT,GBUH8 P11100,2028-03-03,P,1.11,0.004700000,3,
2026-08-13,GBU,OPT,GBUH8 P11200,2028-03-03,P,1.12,0.005200000,3,
2026-08-13,GBU,OPT,GBUH8 P11300,2028-03-03,P,1.13,0.005800000,3,
2026-08-13,GBU,OPT,GBUH8 P11400,2028-03-03,P,1.14,0.006500000,3,
2026-08-13,GBU,OPT,GBUH8 P11500,2028-03-03,P,1.15,0.007200000,3,
2026-08-13,GBU,OPT,GBUH8 P11600,2028-03-03,P,1.16,0.008000000,3,
2026-08-13,GBU,OPT,GBUH8 P11700,2028-03-03,P,1.17,0.008800000,3,
2026-08-13,GBU,OPT,GBUH8 P11800,2028-03-03,P,1.18,0.009700000,3,
2026-08-13,GBU,OPT,GBUH8 P11900,2028-03-03,P,1.19,0.010600000,3,
2026-08-13,GBU,OPT,GBUH8 P12000,2028-03-03,P,1.2,0.011600000,3,
2026-08-13,GBU,OPT,GBUH8 P12100,2028-03-03,P,1.21,0.012700000,3,
2026-08-13,GBU,OPT,GBUH8 P12200,2028-03-03,P,1.22,0.013900000,3,
2026-08-13,GBU,OPT,GBUH8 P12300,2028-03-03,P,1.23,0.015200000,3,
2026-08-13,GBU,OPT,GBUH8 P12400,2028-03-03,P,1.24,0.016700000,3,
2026-08-13,GBU,OPT,GBUH8 P12500,2028-03-03,P,1.25,0.018300000,3,
2026-08-13,GBU,OPT,GBUH8 P12550,2028-03-03,P,1.255,0.019100000,3,
2026-08-13,GBU,OPT,GBUH8 P12600,2028-03-03,P,1.26,0.020100000,3,
2026-08-13,GBU,OPT,GBUH8 P12650,2028-03-03,P,1.265,0.021000000,3,
2026-08-13,GBU,OPT,GBUH8 P12700,2028-03-03,P,1.27,0.022100000,3,
2026-08-13,GBU,OPT,GBUH8 P12750,2028-03-03,P,1.275,0.023100000,3,
2026-08-13,GBU,OPT,GBUH8 P12800,2028-03-03,P,1.28,0.024200000,3,
2026-08-13,GBU,OPT,GBUH8 P12850,2028-03-03,P,1.285,0.025400000,3,
2026-08-13,GBU,OPT,GBUH8 P12900,2028-03-03,P,1.29,0.026600000,3,
2026-08-13,GBU,OPT,GBUH8 P12950,2028-03-03,P,1.295,0.027900000,3,
2026-08-13,GBU,OPT,GBUH8 P13000,2028-03-03,P,1.3,0.029300000,3,
2026-08-13,GBU,OPT,GBUH8 P13050,2028-03-03,P,1.305,0.030700000,3,
2026-08-13,GBU,OPT,GBUH8 P13100,2028-03-03,P,1.31,0.032200000,3,
2026-08-13,GBU,OPT,GBUH8 P13150,2028-03-03,P,1.315,0.033700000,3,
2026-08-13,GBU,OPT,GBUH8 P13200,2028-03-03,P,1.32,0.035400000,3,
2026-08-13,GBU,OPT,GBUH8 P13250,2028-03-03,P,1.325,0.037100000,3,
2026-08-13,GBU,OPT,GBUH8 P13300,2028-03-03,P,1.33,0.038900000,3,
2026-08-13,GBU,OPT,GBUH8 P13350,2028-03-03,P,1.335,0.040800000,3,
2026-08-13,GBU,OPT,GBUH8 P13400,2028-03-03,P,1.34,0.042800000,3,
2026-08-13,GBU,OPT,GBUH8 P13450,2028-03-03,P,1.345,0.044900000,3,
2026-08-13,GBU,OPT,GBUH8 P13500,2028-03-03,P,1.35,0.047100000,3,
2026-08-13,GBU,OPT,GBUH8 P13550,2028-03-03,P,1.355,0.049400000,3,
2026-08-13,GBU,OPT,GBUH8 P13600,2028-03-03,P,1.36,0.051800000,3,
2026-08-13,GBU,OPT,GBUH8 P13650,2028-03-03,P,1.365,0.054300000,3,
2026-08-13,GBU,OPT,GBUH8 P13700,2028-03-03,P,1.37,0.056900000,3,
2026-08-13,GBU,OPT,GBUH8 P13750,2028-03-03,P,1.375,0.059600000,3,
2026-08-13,GBU,OPT,GBUH8 P13800,2028-03-03,P,1.38,0.062400000,3,
2026-08-13,GBU,OPT,GBUH8 P13850,2028-03-03,P,1.385,0.065300000,3,
2026-08-13,GBU,OPT,GBUH8 P13900,2028-03-03,P,1.39,0.068300000,3,
2026-08-13,GBU,OPT,GBUH8 P13950,2028-03-03,P,1.395,0.071400000,3,
2026-08-13,GBU,OPT,GBUH8 P14000,2028-03-03,P,1.4,0.074600000,3,
2026-08-13,GBU,OPT,GBUH8 P14100,2028-03-03,P,1.41,0.081200000,3,
2026-08-13,GBU,OPT,GBUH8 P14200,2028-03-03,P,1.42,0.088100000,3,
2026-08-13,GBU,OPT,GBUH8 P14300,2028-03-03,P,1.43,0.095400000,3,
2026-08-13,GBU,OPT,GBUH8 P14400,2028-03-03,P,1.44,0.102800000,3,
2026-08-13,GBU,OPT,GBUH8 P14500,2028-03-03,P,1.45,0.110600000,3,
2026-08-13,GBU,OPT,GBUH8 P14600,2028-03-03,P,1.46,0.118500000,3,
2026-08-13,GBU,OPT,GBUH8 P14700,2028-03-03,P,1.47,0.126600000,3,
2026-08-13,GBU,OPT,GBUH8 P14800,2028-03-03,P,1.48,0.134800000,3,
2026-08-13,GBU,OPT,GBUH8 P14900,2028-03-03,P,1.49,0.143200000,3,
2026-08-13,GBU,OPT,GBUH8 P15000,2028-03-03,P,1.5,0.151800000,3,
2026-08-13,GBU,OPT,GBUH8 P15100,2028-03-03,P,1.51,0.160500000,3,
2026-08-13,GBU,OPT,GBUH8 P15200,2028-03-03,P,1.52,0.169300000,3,
2026-08-13,GBU,OPT,GBUH8 P15300,2028-03-03,P,1.53,0.178200000,3,
2026-08-13,GBU,OPT,GBUH8 P15400,2028-03-03,P,1.54,0.187100000,3,
2026-08-13,GBU,OPT,GBUH8 P15500,2028-03-03,P,1.55,0.196100000,3,
2026-08-13,GBU,OPT,GBUM8 C11200,2028-06-09,C,1.12,0.216200000,3,
2026-08-13,GBU,OPT,GBUM8 C11300,2028-06-09,C,1.13,0.207500000,3,
2026-08-13,GBU,OPT,GBUM8 C11400,2028-06-09,C,1.14,0.198900000,3,
2026-08-13,GBU,OPT,GBUM8 C11500,2028-06-09,C,1.15,0.190400000,3,
2026-08-13,GBU,OPT,GBUM8 C11600,2028-06-09,C,1.16,0.181900000,3,
2026-08-13,GBU,OPT,GBUM8 C11700,2028-06-09,C,1.17,0.173500000,3,
2026-08-13,GBU,OPT,GBUM8 C11800,2028-06-09,C,1.18,0.165100000,3,
2026-08-13,GBU,OPT,GBUM8 C11900,2028-06-09,C,1.19,0.156900000,3,
2026-08-13,GBU,OPT,GBUM8 C12000,2028-06-09,C,1.2,0.148700000,3,
2026-08-13,GBU,OPT,GBUM8 C12100,2028-06-09,C,1.21,0.140500000,3,
2026-08-13,GBU,OPT,GBUM8 C12200,2028-06-09,C,1.22,0.132500000,3,
2026-08-13,GBU,OPT,GBUM8 C12300,2028-06-09,C,1.23,0.124600000,3,
2026-08-13,GBU,OPT,GBUM8 C12400,2028-06-09,C,1.24,0.116900000,3,
2026-08-13,GBU,OPT,GBUM8 C12500,2028-06-09,C,1.25,0.109300000,3,
2026-08-13,GBU,OPT,GBUM8 C12600,2028-06-09,C,1.26,0.101900000,3,
2026-08-13,GBU,OPT,GBUM8 C12650,2028-06-09,C,1.265,0.098200000,3,
2026-08-13,GBU,OPT,GBUM8 C12700,2028-06-09,C,1.27,0.094600000,3,
2026-08-13,GBU,OPT,GBUM8 C12750,2028-06-09,C,1.275,0.091100000,3,
2026-08-13,GBU,OPT,GBUM8 C12800,2028-06-09,C,1.28,0.087600000,3,
2026-08-13,GBU,OPT,GBUM8 C12850,2028-06-09,C,1.285,0.084100000,3,
2026-08-13,GBU,OPT,GBUM8 C12900,2028-06-09,C,1.29,0.080700000,3,
2026-08-13,GBU,OPT,GBUM8 C12950,2028-06-09,C,1.295,0.077400000,3,
2026-08-13,GBU,OPT,GBUM8 C13000,2028-06-09,C,1.3,0.074100000,3,
2026-08-13,GBU,OPT,GBUM8 C13050,2028-06-09,C,1.305,0.070900000,3,
2026-08-13,GBU,OPT,GBUM8 C13100,2028-06-09,C,1.31,0.067700000,3,
2026-08-13,GBU,OPT,GBUM8 C13150,2028-06-09,C,1.315,0.064600000,3,
2026-08-13,GBU,OPT,GBUM8 C13200,2028-06-09,C,1.32,0.061600000,3,
2026-08-13,GBU,OPT,GBUM8 C13250,2028-06-09,C,1.325,0.058700000,3,
2026-08-13,GBU,OPT,GBUM8 C13300,2028-06-09,C,1.33,0.055800000,3,
2026-08-13,GBU,OPT,GBUM8 C13350,2028-06-09,C,1.335,0.053000000,3,
2026-08-13,GBU,OPT,GBUM8 C13400,2028-06-09,C,1.34,0.050400000,3,
2026-08-13,GBU,OPT,GBUM8 C13450,2028-06-09,C,1.345,0.047800000,3,
2026-08-13,GBU,OPT,GBUM8 C13500,2028-06-09,C,1.35,0.045300000,3,
2026-08-13,GBU,OPT,GBUM8 C13550,2028-06-09,C,1.355,0.042900000,3,
2026-08-13,GBU,OPT,GBUM8 C13600,2028-06-09,C,1.36,0.040600000,3,
2026-08-13,GBU,OPT,GBUM8 C13650,2028-06-09,C,1.365,0.038400000,3,
2026-08-13,GBU,OPT,GBUM8 C13700,2028-06-09,C,1.37,0.036300000,3,
2026-08-13,GBU,OPT,GBUM8 C13750,2028-06-09,C,1.375,0.034300000,3,
2026-08-13,GBU,OPT,GBUM8 C13800,2028-06-09,C,1.38,0.032400000,3,
2026-08-13,GBU,OPT,GBUM8 C13850,2028-06-09,C,1.385,0.030600000,3,
2026-08-13,GBU,OPT,GBUM8 C13900,2028-06-09,C,1.39,0.028900000,3,
2026-08-13,GBU,OPT,GBUM8 C13950,2028-06-09,C,1.395,0.027300000,3,
2026-08-13,GBU,OPT,GBUM8 C14000,2028-06-09,C,1.4,0.025700000,3,
2026-08-13,GBU,OPT,GBUM8 C14100,2028-06-09,C,1.41,0.022900000,3,
2026-08-13,GBU,OPT,GBUM8 C14200,2028-06-09,C,1.42,0.020300000,3,
2026-08-13,GBU,OPT,GBUM8 C14300,2028-06-09,C,1.43,0.018100000,3,
2026-08-13,GBU,OPT,GBUM8 C14400,2028-06-09,C,1.44,0.016000000,3,
2026-08-13,GBU,OPT,GBUM8 C14500,2028-06-09,C,1.45,0.014200000,3,
2026-08-13,GBU,OPT,GBUM8 C14600,2028-06-09,C,1.46,0.012600000,3,
2026-08-13,GBU,OPT,GBUM8 C14700,2028-06-09,C,1.47,0.011200000,3,
2026-08-13,GBU,OPT,GBUM8 C14800,2028-06-09,C,1.48,0.009900000,3,
2026-08-13,GBU,OPT,GBUM8 C14900,2028-06-09,C,1.49,0.008800000,3,
2026-08-13,GBU,OPT,GBUM8 C15000,2028-06-09,C,1.5,0.007900000,3,
2026-08-13,GBU,OPT,GBUM8 C15100,2028-06-09,C,1.51,0.007100000,3,
2026-08-13,GBU,OPT,GBUM8 C15200,2028-06-09,C,1.52,0.006400000,3,
2026-08-13,GBU,OPT,GBUM8 C15300,2028-06-09,C,1.53,0.005800000,3,
2026-08-13,GBU,OPT,GBUM8 C15400,2028-06-09,C,1.54,0.005200000,3,
2026-08-13,GBU,OPT,GBUM8 C15500,2028-06-09,C,1.55,0.004700000,3,
2026-08-13,GBU,OPT,GBUM8 P11200,2028-06-09,P,1.12,0.007600000,3,
2026-08-13,GBU,OPT,GBUM8 P11300,2028-06-09,P,1.13,0.008200000,3,
2026-08-13,GBU,OPT,GBUM8 P11400,2028-06-09,P,1.14,0.008900000,3,
2026-08-13,GBU,OPT,GBUM8 P11500,2028-06-09,P,1.15,0.009700000,3,
2026-08-13,GBU,OPT,GBUM8 P11600,2028-06-09,P,1.16,0.010500000,3,
2026-08-13,GBU,OPT,GBUM8 P11700,2028-06-09,P,1.17,0.011400000,3,
2026-08-13,GBU,OPT,GBUM8 P11800,2028-06-09,P,1.18,0.012300000,3,
2026-08-13,GBU,OPT,GBUM8 P11900,2028-06-09,P,1.19,0.013400000,3,
2026-08-13,GBU,OPT,GBUM8 P12000,2028-06-09,P,1.2,0.014500000,3,
2026-08-13,GBU,OPT,GBUM8 P12100,2028-06-09,P,1.21,0.015600000,3,
2026-08-13,GBU,OPT,GBUM8 P12200,2028-06-09,P,1.22,0.016900000,3,
2026-08-13,GBU,OPT,GBUM8 P12300,2028-06-09,P,1.23,0.018300000,3,
2026-08-13,GBU,OPT,GBUM8 P12400,2028-06-09,P,1.24,0.019900000,3,
2026-08-13,GBU,OPT,GBUM8 P12500,2028-06-09,P,1.25,0.021600000,3,
2026-08-13,GBU,OPT,GBUM8 P12600,2028-06-09,P,1.26,0.023500000,3,
2026-08-13,GBU,OPT,GBUM8 P12650,2028-06-09,P,1.265,0.024500000,3,
2026-08-13,GBU,OPT,GBUM8 P12700,2028-06-09,P,1.27,0.025500000,3,
2026-08-13,GBU,OPT,GBUM8 P12750,2028-06-09,P,1.275,0.026600000,3,
2026-08-13,GBU,OPT,GBUM8 P12800,2028-06-09,P,1.28,0.027800000,3,
2026-08-13,GBU,OPT,GBUM8 P12850,2028-06-09,P,1.285,0.029000000,3,
2026-08-13,GBU,OPT,GBUM8 P12900,2028-06-09,P,1.29,0.030200000,3,
2026-08-13,GBU,OPT,GBUM8 P12950,2028-06-09,P,1.295,0.031500000,3,
2026-08-13,GBU,OPT,GBUM8 P13000,2028-06-09,P,1.3,0.032900000,3,
2026-08-13,GBU,OPT,GBUM8 P13050,2028-06-09,P,1.305,0.034300000,3,
2026-08-13,GBU,OPT,GBUM8 P13100,2028-06-09,P,1.31,0.035800000,3,
2026-08-13,GBU,OPT,GBUM8 P13150,2028-06-09,P,1.315,0.037400000,3,
2026-08-13,GBU,OPT,GBUM8 P13200,2028-06-09,P,1.32,0.039000000,3,
2026-08-13,GBU,OPT,GBUM8 P13250,2028-06-09,P,1.325,0.040700000,3,
2026-08-13,GBU,OPT,GBUM8 P13300,2028-06-09,P,1.33,0.042500000,3,
2026-08-13,GBU,OPT,GBUM8 P13350,2028-06-09,P,1.335,0.044400000,3,
2026-08-13,GBU,OPT,GBUM8 P13400,2028-06-09,P,1.34,0.046400000,3,
2026-08-13,GBU,OPT,GBUM8 P13450,2028-06-09,P,1.345,0.048400000,3,
2026-08-13,GBU,OPT,GBUM8 P13500,2028-06-09,P,1.35,0.050600000,3,
2026-08-13,GBU,OPT,GBUM8 P13550,2028-06-09,P,1.355,0.052800000,3,
2026-08-13,GBU,OPT,GBUM8 P13600,2028-06-09,P,1.36,0.055200000,3,
2026-08-13,GBU,OPT,GBUM8 P13650,2028-06-09,P,1.365,0.057700000,3,
2026-08-13,GBU,OPT,GBUM8 P13700,2028-06-09,P,1.37,0.060200000,3,
2026-08-13,GBU,OPT,GBUM8 P13750,2028-06-09,P,1.375,0.062900000,3,
2026-08-13,GBU,OPT,GBUM8 P13800,2028-06-09,P,1.38,0.065600000,3,
2026-08-13,GBU,OPT,GBUM8 P13850,2028-06-09,P,1.385,0.068500000,3,
2026-08-13,GBU,OPT,GBUM8 P13900,2028-06-09,P,1.39,0.071400000,3,
2026-08-13,GBU,OPT,GBUM8 P13950,2028-06-09,P,1.395,0.074400000,3,
2026-08-13,GBU,OPT,GBUM8 P14000,2028-06-09,P,1.4,0.077500000,3,
2026-08-13,GBU,OPT,GBUM8 P14100,2028-06-09,P,1.41,0.084000000,3,
2026-08-13,GBU,OPT,GBUM8 P14200,2028-06-09,P,1.42,0.090700000,3,
2026-08-13,GBU,OPT,GBUM8 P14300,2028-06-09,P,1.43,0.097800000,3,
2026-08-13,GBU,OPT,GBUM8 P14400,2028-06-09,P,1.44,0.105100000,3,
2026-08-13,GBU,OPT,GBUM8 P14500,2028-06-09,P,1.45,0.112600000,3,
2026-08-13,GBU,OPT,GBUM8 P14600,2028-06-09,P,1.46,0.120300000,3,
2026-08-13,GBU,OPT,GBUM8 P14700,2028-06-09,P,1.47,0.128100000,3,
2026-08-13,GBU,OPT,GBUM8 P14800,2028-06-09,P,1.48,0.136200000,3,
2026-08-13,GBU,OPT,GBUM8 P14900,2028-06-09,P,1.49,0.144400000,3,
2026-08-13,GBU,OPT,GBUM8 P15000,2028-06-09,P,1.5,0.152800000,3,
2026-08-13,GBU,OPT,GBUM8 P15100,2028-06-09,P,1.51,0.161300000,3,
2026-08-13,GBU,OPT,GBUM8 P15200,2028-06-09,P,1.52,0.169800000,3,
2026-08-13,GBU,OPT,GBUM8 P15300,2028-06-09,P,1.53,0.178500000,3,
2026-08-13,GBU,OPT,GBUM8 P15400,2028-06-09,P,1.54,0.187200000,3,
2026-08-13,GBU,OPT,GBUM8 P15500,2028-06-09,P,1.55,0.196000000,3,
