session,root,type,symbol,expiry,right,strike,settle,settle_flag,oi
2026-07-23,GBU,OPT,GBUQ6 C11000,2026-08-07,C,1.1,0.231300000,3,
2026-07-23,GBU,OPT,GBUQ6 C11100,2026-08-07,C,1.11,0.221300000,3,
2026-07-23,GBU,OPT,GBUQ6 C11200,2026-08-07,C,1.12,0.211300000,3,
2026-07-23,GBU,OPT,GBUQ6 C11300,2026-08-07,C,1.13,0.201300000,3,
2026-07-23,GBU,OPT,GBUQ6 C11400,2026-08-07,C,1.14,0.191300000,3,
2026-07-23,GBU,OPT,GBUQ6 C11500,2026-08-07,C,1.15,0.181300000,3,
2026-07-23,GBU,OPT,GBUQ6 C11600,2026-08-07,C,1.16,0.171300000,3,
2026-07-23,GBU,OPT,GBUQ6 C11700,2026-08-07,C,1.17,0.161400000,3,
2026-07-23,GBU,OPT,GBUQ6 C11800,2026-08-07,C,1.18,0.151400000,3,
2026-07-23,GBU,OPT,GBUQ6 C11900,2026-08-07,C,1.19,0.141400000,3,
2026-07-23,GBU,OPT,GBUQ6 C12000,2026-08-07,C,1.2,0.131400000,3,
2026-07-23,GBU,OPT,GBUQ6 C12100,2026-08-07,C,1.21,0.121400000,3,
2026-07-23,GBU,OPT,GBUQ6 C12200,2026-08-07,C,1.22,0.111400000,3,
2026-07-23,GBU,OPT,GBUQ6 C12300,2026-08-07,C,1.23,0.101400000,3,
2026-07-23,GBU,OPT,GBUQ6 C12400,2026-08-07,C,1.24,0.091500000,3,1
2026-07-23,GBU,OPT,GBUQ6 C12450,2026-08-07,C,1.245,0.086500000,3,
2026-07-23,GBU,OPT,GBUQ6 C12500,2026-08-07,C,1.25,0.081500000,3,1
2026-07-23,GBU,OPT,GBUQ6 C12550,2026-08-07,C,1.255,0.076500000,3,
2026-07-23,GBU,OPT,GBUQ6 C12600,2026-08-07,C,1.26,0.071500000,3,
2026-07-23,GBU,OPT,GBUQ6 C12650,2026-08-07,C,1.265,0.066500000,3,
2026-07-23,GBU,OPT,GBUQ6 C12700,2026-08-07,C,1.27,0.061600000,3,
2026-07-23,GBU,OPT,GBUQ6 C12750,2026-08-07,C,1.275,0.056600000,3,
2026-07-23,GBU,OPT,GBUQ6 C12800,2026-08-07,C,1.28,0.051700000,3,5
2026-07-23,GBU,OPT,GBUQ6 C12850,2026-08-07,C,1.285,0.046800000,3,
2026-07-23,GBU,OPT,GBUQ6 C12900,2026-08-07,C,1.29,0.041900000,3,1
2026-07-23,GBU,OPT,GBUQ6 C12950,2026-08-07,C,1.295,0.037000000,3,
2026-07-23,GBU,OPT,GBUQ6 C13000,2026-08-07,C,1.3,0.032200000,3,9
2026-07-23,GBU,OPT,GBUQ6 C13050,2026-08-07,C,1.305,0.027500000,3,
2026-07-23,GBU,OPT,GBUQ6 C13100,2026-08-07,C,1.31,0.022900000,3,6
2026-07-23,GBU,OPT,GBUQ6 C13150,2026-08-07,C,1.315,0.018600000,3,1
2026-07-23,GBU,OPT,GBUQ6 C13175,2026-08-07,C,1.3175,0.016500000,3,
2026-07-23,GBU,OPT,GBUQ6 C13200,2026-08-07,C,1.32,0.014600000,3,16
2026-07-23,GBU,OPT,GBUQ6 C13225,2026-08-07,C,1.3225,0.012700000,3,
2026-07-23,GBU,OPT,GBUQ6 C13250,2026-08-07,C,1.325,0.010900000,3,2
2026-07-23,GBU,OPT,GBUQ6 C13275,2026-08-07,C,1.3275,0.009200000,3,
2026-07-23,GBU,OPT,GBUQ6 C13300,2026-08-07,C,1.33,0.007700000,3,141
2026-07-23,GBU,OPT,GBUQ6 C13325,2026-08-07,C,1.3325,0.006300000,3,1
2026-07-23,GBU,OPT,GBUQ6 C13350,2026-08-07,C,1.335,0.005100000,3,304
2026-07-23,GBU,OPT,GBUQ6 C13375,2026-08-07,C,1.3375,0.004100000,3,98
2026-07-23,GBU,OPT,GBUQ6 C13400,2026-08-07,C,1.34,0.003200000,3,470
2026-07-23,GBU,OPT,GBUQ6 C13425,2026-08-07,C,1.3425,0.002500000,3,453
2026-07-23,GBU,OPT,GBUQ6 C13450,2026-08-07,C,1.345,0.001900000,3,801
2026-07-23,GBU,OPT,GBUQ6 C13475,2026-08-07,C,1.3475,0.001500000,3,420
2026-07-23,GBU,OPT,GBUQ6 C13500,2026-08-07,C,1.35,0.001100000,3,567
2026-07-23,GBU,OPT,GBUQ6 C13525,2026-08-07,C,1.3525,0.000800000,3,397
2026-07-23,GBU,OPT,GBUQ6 C13550,2026-08-07,C,1.355,0.000600000,3,902
2026-07-23,GBU,OPT,GBUQ6 C13575,2026-08-07,C,1.3575,0.000400000,3,282
2026-07-23,GBU,OPT,GBUQ6 C13600,2026-08-07,C,1.36,0.000300000,3,224
2026-07-23,GBU,OPT,GBUQ6 C13625,2026-08-07,C,1.3625,0.000200000,3,281
2026-07-23,GBU,OPT,GBUQ6 C13650,2026-08-07,C,1.365,0.000200000,3,857
2026-07-23,GBU,OPT,GBUQ6 C13675,2026-08-07,C,1.3675,0.000200000,3,6
2026-07-23,GBU,OPT,GBUQ6 C13700,2026-08-07,C,1.37,0.000100000,3,761
2026-07-23,GBU,OPT,GBUQ6 C13725,2026-08-07,C,1.3725,0.000100000,3,
2026-07-23,GBU,OPT,GBUQ6 C13750,2026-08-07,C,1.375,0.000100000,3,351
2026-07-23,GBU,OPT,GBUQ6 C13800,2026-08-07,C,1.38,0.000100000,3,53
2026-07-23,GBU,OPT,GBUQ6 C13850,2026-08-07,C,1.385,0.000100000,3,63
2026-07-23,GBU,OPT,GBUQ6 C13900,2026-08-07,C,1.39,0.000100000,3,414
2026-07-23,GBU,OPT,GBUQ6 C13950,2026-08-07,C,1.395,0.000100000,3,68
2026-07-23,GBU,OPT,GBUQ6 C14000,2026-08-07,C,1.4,0.000100000,3,7
2026-07-23,GBU,OPT,GBUQ6 C14050,2026-08-07,C,1.405,0.000100000,3,2
2026-07-23,GBU,OPT,GBUQ6 C14100,2026-08-07,C,1.41,0.000100000,3,114
2026-07-23,GBU,OPT,GBUQ6 C14150,2026-08-07,C,1.415,0.000100000,3,96
2026-07-23,GBU,OPT,GBUQ6 C14200,2026-08-07,C,1.42,0.000100000,3,38
2026-07-23,GBU,OPT,GBUQ6 C14250,2026-08-07,C,1.425,0.000100000,3,2
2026-07-23,GBU,OPT,GBUQ6 C14300,2026-08-07,C,1.43,0.000100000,3,60
2026-07-23,GBU,OPT,GBUQ6 C14350,2026-08-07,C,1.435,0.000100000,3,
2026-07-23,GBU,OPT,GBUQ6 C14400,2026-08-07,C,1.44,0.000100000,3,6
2026-07-23,GBU,OPT,GBUQ6 C14450,2026-08-07,C,1.445,0.000100000,3,
2026-07-23,GBU,OPT,GBUQ6 C14500,2026-08-07,C,1.45,0.000100000,3,18
2026-07-23,GBU,OPT,GBUQ6 C14600,2026-08-07,C,1.46,0.000100000,3,82
2026-07-23,GBU,OPT,GBUQ6 C14700,2026-08-07,C,1.47,0.000100000,3,15
2026-07-23,GBU,OPT,GBUQ6 C14800,2026-08-07,C,1.48,0.000100000,3,2
2026-07-23,GBU,OPT,GBUQ6 C14900,2026-08-07,C,1.49,0.000100000,3,
2026-07-23,GBU,OPT,GBUQ6 C15000,2026-08-07,C,1.5,0.000100000,3,5
2026-07-23,GBU,OPT,GBUQ6 C15100,2026-08-07,C,1.51,0.000100000,3,
2026-07-23,GBU,OPT,GBUQ6 C15200,2026-08-07,C,1.52,0.000100000,3,1
2026-07-23,GBU,OPT,GBUQ6 C15300,2026-08-07,C,1.53,0.000100000,3,
2026-07-23,GBU,OPT,GBUQ6 C15400,2026-08-07,C,1.54,0.000100000,3,
2026-07-23,GBU,OPT,GBUQ6 C15500,2026-08-07,C,1.55,0.000100000,3,1
2026-07-23,GBU,OPT,GBUQ6 C15600,2026-08-07,C,1.56,0.000100000,3,
2026-07-23,GBU,OPT,GBUQ6 C15700,2026-08-07,C,1.57,0.000100000,3,
2026-07-23,GBU,OPT,GBUQ6 C15800,2026-08-07,C,1.58,0.000100000,3,53
2026-07-23,GBU,OPT,GBUQ6 P11000,2026-08-07,P,1.1,0.000100000,3,
2026-07-23,GBU,OPT,GBUQ6 P11100,2026-08-07,P,1.11,0.000100000,3,
2026-07-23,GBU,OPT,GBUQ6 P11200,2026-08-07,P,1.12,0.000100000,3,
2026-07-23,GBU,OPT,GBUQ6 P11300,2026-08-07,P,1.13,0.000100000,3,1
2026-07-23,GBU,OPT,GBUQ6 P11400,2026-08-07,P,1.14,0.000100000,3,
2026-07-23,GBU,OPT,GBUQ6 P11500,2026-08-07,P,1.15,0.000100000,3,
2026-07-23,GBU,OPT,GBUQ6 P11600,2026-08-07,P,1.16,0.000100000,3,
2026-07-23,GBU,OPT,GBUQ6 P11700,2026-08-07,P,1.17,0.000100000,3,
2026-07-23,GBU,OPT,GBUQ6 P11800,2026-08-07,P,1.18,0.000100000,3,
2026-07-23,GBU,OPT,GBUQ6 P11900,2026-08-07,P,1.19,0.000100000,3,1
2026-07-23,GBU,OPT,GBUQ6 P12000,2026-08-07,P,1.2,0.000100000,3,18
2026-07-23,GBU,OPT,GBUQ6 P12100,2026-08-07,P,1.21,0.000100000,3,8
2026-07-23,GBU,OPT,GBUQ6 P12200,2026-08-07,P,1.22,0.000100000,3,188
2026-07-23,GBU,OPT,GBUQ6 P12300,2026-08-07,P,1.23,0.000100000,3,3
2026-07-23,GBU,OPT,GBUQ6 P12400,2026-08-07,P,1.24,0.000100000,3,17
2026-07-23,GBU,OPT,GBUQ6 P12450,2026-08-07,P,1.245,0.000100000,3,
2026-07-23,GBU,OPT,GBUQ6 P12500,2026-08-07,P,1.25,0.000100000,3,6
2026-07-23,GBU,OPT,GBUQ6 P12550,2026-08-07,P,1.255,0.000100000,3,45
2026-07-23,GBU,OPT,GBUQ6 P12600,2026-08-07,P,1.26,0.000100000,3,13
2026-07-23,GBU,OPT,GBUQ6 P12650,2026-08-07,P,1.265,0.000100000,3,1370
2026-07-23,GBU,OPT,GBUQ6 P12700,2026-08-07,P,1.27,0.000100000,3,289
2026-07-23,GBU,OPT,GBUQ6 P12750,2026-08-07,P,1.275,0.000100000,3,36
2026-07-23,GBU,OPT,GBUQ6 P12800,2026-08-07,P,1.28,0.000200000,3,276
2026-07-23,GBU,OPT,GBUQ6 P12850,2026-08-07,P,1.285,0.000200000,3,195
2026-07-23,GBU,OPT,GBUQ6 P12900,2026-08-07,P,1.29,0.000300000,3,427
2026-07-23,GBU,OPT,GBUQ6 P12950,2026-08-07,P,1.295,0.000400000,3,281
2026-07-23,GBU,OPT,GBUQ6 P13000,2026-08-07,P,1.3,0.000600000,3,507
2026-07-23,GBU,OPT,GBUQ6 P13050,2026-08-07,P,1.305,0.000900000,3,287
2026-07-23,GBU,OPT,GBUQ6 P13100,2026-08-07,P,1.31,0.001400000,3,569
2026-07-23,GBU,OPT,GBUQ6 P13150,2026-08-07,P,1.315,0.002000000,3,252
2026-07-23,GBU,OPT,GBUQ6 P13175,2026-08-07,P,1.3175,0.002500000,3,370
2026-07-23,GBU,OPT,GBUQ6 P13200,2026-08-07,P,1.32,0.003000000,3,528
2026-07-23,GBU,OPT,GBUQ6 P13225,2026-08-07,P,1.3225,0.003600000,3,577
2026-07-23,GBU,OPT,GBUQ6 P13250,2026-08-07,P,1.325,0.004300000,3,513
2026-07-23,GBU,OPT,GBUQ6 P13275,2026-08-07,P,1.3275,0.005100000,3,470
2026-07-23,GBU,OPT,GBUQ6 P13300,2026-08-07,P,1.33,0.006100000,3,586
2026-07-23,GBU,OPT,GBUQ6 P13325,2026-08-07,P,1.3325,0.007200000,3,330
2026-07-23,GBU,OPT,GBUQ6 P13350,2026-08-07,P,1.335,0.008500000,3,151
2026-07-23,GBU,OPT,GBUQ6 P13375,2026-08-07,P,1.3375,0.009900000,3,82
2026-07-23,GBU,OPT,GBUQ6 P13400,2026-08-07,P,1.34,0.011600000,3,217
2026-07-23,GBU,OPT,GBUQ6 P13425,2026-08-07,P,1.3425,0.013400000,3,52
2026-07-23,GBU,OPT,GBUQ6 P13450,2026-08-07,P,1.345,0.015300000,3,1004
2026-07-23,GBU,OPT,GBUQ6 P13475,2026-08-07,P,1.3475,0.017300000,3,26
2026-07-23,GBU,OPT,GBUQ6 P13500,2026-08-07,P,1.35,0.019500000,3,48
2026-07-23,GBU,OPT,GBUQ6 P13525,2026-08-07,P,1.3525,0.021700000,3,6
2026-07-23,GBU,OPT,GBUQ6 P13550,2026-08-07,P,1.355,0.023900000,3,745
2026-07-23,GBU,OPT,GBUQ6 P13575,2026-08-07,P,1.3575,0.026300000,3,
2026-07-23,GBU,OPT,GBUQ6 P13600,2026-08-07,P,1.36,0.028700000,3,7
2026-07-23,GBU,OPT,GBUQ6 P13625,2026-08-07,P,1.3625,0.031100000,3,
2026-07-23,GBU,OPT,GBUQ6 P13650,2026-08-07,P,1.365,0.033500000,3,164
2026-07-23,GBU,OPT,GBUQ6 P13675,2026-08-07,P,1.3675,0.036000000,3,
2026-07-23,GBU,OPT,GBUQ6 P13700,2026-08-07,P,1.37,0.038500000,3,59
2026-07-23,GBU,OPT,GBUQ6 P13725,2026-08-07,P,1.3725,0.040900000,3,
2026-07-23,GBU,OPT,GBUQ6 P13750,2026-08-07,P,1.375,0.043400000,3,
2026-07-23,GBU,OPT,GBUQ6 P13800,2026-08-07,P,1.38,0.048300000,3,
2026-07-23,GBU,OPT,GBUQ6 P13850,2026-08-07,P,1.385,0.053300000,3,
2026-07-23,GBU,OPT,GBUQ6 P13900,2026-08-07,P,1.39,0.058300000,3,1
2026-07-23,GBU,OPT,GBUQ6 P13950,2026-08-07,P,1.395,0.063300000,3,
2026-07-23,GBU,OPT,GBUQ6 P14000,2026-08-07,P,1.4,0.068300000,3,
2026-07-23,GBU,OPT,GBUQ6 P14050,2026-08-07,P,1.405,0.073300000,3,
2026-07-23,GBU,OPT,GBUQ6 P14100,2026-08-07,P,1.41,0.078300000,3,
2026-07-23,GBU,OPT,GBUQ6 P14150,2026-08-07,P,1.415,0.083300000,3,
2026-07-23,GBU,OPT,GBUQ6 P14200,2026-08-07,P,1.42,0.088300000,3,
2026-07-23,GBU,OPT,GBUQ6 P14250,2026-08-07,P,1.425,0.093300000,3,
2026-07-23,GBU,OPT,GBUQ6 P14300,2026-08-07,P,1.43,0.098300000,3,
2026-07-23,GBU,OPT,GBUQ6 P14350,2026-08-07,P,1.435,0.103200000,3,
2026-07-23,GBU,OPT,GBUQ6 P14400,2026-08-07,P,1.44,0.108200000,3,
2026-07-23,GBU,OPT,GBUQ6 P14450,2026-08-07,P,1.445,0.113200000,3,
2026-07-23,GBU,OPT,GBUQ6 P14500,2026-08-07,P,1.45,0.118200000,3,
2026-07-23,GBU,OPT,GBUQ6 P14600,2026-08-07,P,1.46,0.128200000,3,
2026-07-23,GBU,OPT,GBUQ6 P14700,2026-08-07,P,1.47,0.138200000,3,
2026-07-23,GBU,OPT,GBUQ6 P14800,2026-08-07,P,1.48,0.148200000,3,
2026-07-23,GBU,OPT,GBUQ6 P14900,2026-08-07,P,1.49,0.158200000,3,
2026-07-23,GBU,OPT,GBUQ6 P15000,2026-08-07,P,1.5,0.168100000,3,
2026-07-23,GBU,OPT,GBUQ6 P15100,2026-08-07,P,1.51,0.178100000,3,
2026-07-23,GBU,OPT,GBUQ6 P15200,2026-08-07,P,1.52,0.188100000,3,
2026-07-23,GBU,OPT,GBUQ6 P15300,2026-08-07,P,1.53,0.198100000,3,
2026-07-23,GBU,OPT,GBUQ6 P15400,2026-08-07,P,1.54,0.208100000,3,
2026-07-23,GBU,OPT,GBUQ6 P15500,2026-08-07,P,1.55,0.218100000,3,
2026-07-23,GBU,OPT,GBUQ6 P15600,2026-08-07,P,1.56,0.228100000,3,
2026-07-23,GBU,OPT,GBUQ6 P15700,2026-08-07,P,1.57,0.238000000,3,
2026-07-23,GBU,OPT,GBUQ6 P15800,2026-08-07,P,1.58,0.248000000,3,
2026-07-23,GBU,OPT,GBUU6 C10200,2026-09-04,C,1.02,0.310200000,3,
2026-07-23,GBU,OPT,GBUU6 C10300,2026-09-04,C,1.03,0.300300000,3,
2026-07-23,GBU,OPT,GBUU6 C10400,2026-09-04,C,1.04,0.290300000,3,
2026-07-23,GBU,OPT,GBUU6 C10500,2026-09-04,C,1.05,0.280400000,3,
2026-07-23,GBU,OPT,GBUU6 C10600,2026-09-04,C,1.06,0.270400000,3,
2026-07-23,GBU,OPT,GBUU6 C10700,2026-09-04,C,1.07,0.260500000,3,
2026-07-23,GBU,OPT,GBUU6 C10800,2026-09-04,C,1.08,0.250500000,3,
2026-07-23,GBU,OPT,GBUU6 C10900,2026-09-04,C,1.09,0.240500000,3,
2026-07-23,GBU,OPT,GBUU6 C11000,2026-09-04,C,1.1,0.230600000,3,
2026-07-23,GBU,OPT,GBUU6 C11100,2026-09-04,C,1.11,0.220600000,3,
2026-07-23,GBU,OPT,GBUU6 C11200,2026-09-04,C,1.12,0.210700000,3,
2026-07-23,GBU,OPT,GBUU6 C11300,2026-09-04,C,1.13,0.200700000,3,
2026-07-23,GBU,OPT,GBUU6 C11400,2026-09-04,C,1.14,0.190800000,3,
2026-07-23,GBU,OPT,GBUU6 C11500,2026-09-04,C,1.15,0.180800000,3,
2026-07-23,GBU,OPT,GBUU6 C11600,2026-09-04,C,1.16,0.170900000,3,
2026-07-23,GBU,OPT,GBUU6 C11650,2026-09-04,C,1.165,0.165900000,3,
2026-07-23,GBU,OPT,GBUU6 C11700,2026-09-04,C,1.17,0.160900000,3,
2026-07-23,GBU,OPT,GBUU6 C11750,2026-09-04,C,1.175,0.156000000,3,
2026-07-23,GBU,OPT,GBUU6 C11800,2026-09-04,C,1.18,0.151000000,3,
2026-07-23,GBU,OPT,GBUU6 C11850,2026-09-04,C,1.185,0.146000000,3,
2026-07-23,GBU,OPT,GBUU6 C11900,2026-09-04,C,1.19,0.141100000,3,
2026-07-23,GBU,OPT,GBUU6 C11950,2026-09-04,C,1.195,0.136100000,3,
2026-07-23,GBU,OPT,GBUU6 C12000,2026-09-04,C,1.2,0.131100000,3,1
2026-07-23,GBU,OPT,GBUU6 C12050,2026-09-04,C,1.205,0.126200000,3,
2026-07-23,GBU,OPT,GBUU6 C12100,2026-09-04,C,1.21,0.121200000,3,1
2026-07-23,GBU,OPT,GBUU6 C12150,2026-09-04,C,1.215,0.116300000,3,
2026-07-23,GBU,OPT,GBUU6 C12200,2026-09-04,C,1.22,0.111300000,3,
2026-07-23,GBU,OPT,GBUU6 C12250,2026-09-04,C,1.225,0.106400000,3,
2026-07-23,GBU,OPT,GBUU6 C12300,2026-09-04,C,1.23,0.101500000,3,
2026-07-23,GBU,OPT,GBUU6 C12350,2026-09-04,C,1.235,0.096400000,3,
2026-07-23,GBU,OPT,GBUU6 C12400,2026-09-04,C,1.24,0.091500000,3,
2026-07-23,GBU,OPT,GBUU6 C12450,2026-09-04,C,1.245,0.086500000,3,
2026-07-23,GBU,OPT,GBUU6 C12500,2026-09-04,C,1.25,0.081500000,3,
2026-07-23,GBU,OPT,GBUU6 C12550,2026-09-04,C,1.255,0.076700000,3,
2026-07-23,GBU,OPT,GBUU6 C12600,2026-09-04,C,1.26,0.071700000,3,
2026-07-23,GBU,OPT,GBUU6 C12650,2026-09-04,C,1.265,0.066800000,3,
2026-07-23,GBU,OPT,GBUU6 C12700,2026-09-04,C,1.27,0.062000000,3,1
2026-07-23,GBU,OPT,GBUU6 C12750,2026-09-04,C,1.275,0.057200000,3,
2026-07-23,GBU,OPT,GBUU6 C12800,2026-09-04,C,1.28,0.052400000,3,
2026-07-23,GBU,OPT,GBUU6 C12850,2026-09-04,C,1.285,0.047700000,3,
2026-07-23,GBU,OPT,GBUU6 C12900,2026-09-04,C,1.29,0.043100000,3,9
2026-07-23,GBU,OPT,GBUU6 C12950,2026-09-04,C,1.295,0.038600000,3,
2026-07-23,GBU,OPT,GBUU6 C13000,2026-09-04,C,1.3,0.034200000,3,
2026-07-23,GBU,OPT,GBUU6 C13050,2026-09-04,C,1.305,0.029900000,3,
2026-07-23,GBU,OPT,GBUU6 C13100,2026-09-04,C,1.31,0.025800000,3,4
2026-07-23,GBU,OPT,GBUU6 C13150,2026-09-04,C,1.315,0.022000000,3,1
2026-07-23,GBU,OPT,GBUU6 C13200,2026-09-04,C,1.32,0.018400000,3,25
2026-07-23,GBU,OPT,GBUU6 C13250,2026-09-04,C,1.325,0.015100000,3,1
2026-07-23,GBU,OPT,GBUU6 C13300,2026-09-04,C,1.33,0.012100000,3,24
2026-07-23,GBU,OPT,GBUU6 C13350,2026-09-04,C,1.335,0.009500000,3,7
2026-07-23,GBU,OPT,GBUU6 C13400,2026-09-04,C,1.34,0.007200000,3,271
2026-07-23,GBU,OPT,GBUU6 C13450,2026-09-04,C,1.345,0.005400000,3,719
2026-07-23,GBU,OPT,GBUU6 C13500,2026-09-04,C,1.35,0.004000000,3,315
2026-07-23,GBU,OPT,GBUU6 C13550,2026-09-04,C,1.355,0.002800000,3,1151
2026-07-23,GBU,OPT,GBUU6 C13600,2026-09-04,C,1.36,0.002000000,3,1930
2026-07-23,GBU,OPT,GBUU6 C13650,2026-09-04,C,1.365,0.001400000,3,510
2026-07-23,GBU,OPT,GBUU6 C13700,2026-09-04,C,1.37,0.000900000,3,82
2026-07-23,GBU,OPT,GBUU6 C13750,2026-09-04,C,1.375,0.000600000,3,72
2026-07-23,GBU,OPT,GBUU6 C13800,2026-09-04,C,1.38,0.000400000,3,115
2026-07-23,GBU,OPT,GBUU6 C13850,2026-09-04,C,1.385,0.000300000,3,306
2026-07-23,GBU,OPT,GBUU6 C13900,2026-09-04,C,1.39,0.000200000,3,233
2026-07-23,GBU,OPT,GBUU6 C13950,2026-09-04,C,1.395,0.000200000,3,6
2026-07-23,GBU,OPT,GBUU6 C14000,2026-09-04,C,1.4,0.000200000,3,375
2026-07-23,GBU,OPT,GBUU6 C14050,2026-09-04,C,1.405,0.000200000,3,269
2026-07-23,GBU,OPT,GBUU6 C14100,2026-09-04,C,1.41,0.000200000,3,497
2026-07-23,GBU,OPT,GBUU6 C14150,2026-09-04,C,1.415,0.000100000,3,135
2026-07-23,GBU,OPT,GBUU6 C14200,2026-09-04,C,1.42,0.000100000,3,177
2026-07-23,GBU,OPT,GBUU6 C14250,2026-09-04,C,1.425,0.000100000,3,253
2026-07-23,GBU,OPT,GBUU6 C14300,2026-09-04,C,1.43,0.000100000,3,70
2026-07-23,GBU,OPT,GBUU6 C14400,2026-09-04,C,1.44,0.000100000,3,79
2026-07-23,GBU,OPT,GBUU6 C14500,2026-09-04,C,1.45,0.000100000,3,90
2026-07-23,GBU,OPT,GBUU6 C14600,2026-09-04,C,1.46,0.000100000,3,83
2026-07-23,GBU,OPT,GBUU6 C14700,2026-09-04,C,1.47,0.000100000,3,168
2026-07-23,GBU,OPT,GBUU6 C14800,2026-09-04,C,1.48,0.000100000,3,33
2026-07-23,GBU,OPT,GBUU6 C14900,2026-09-04,C,1.49,0.000100000,3,
2026-07-23,GBU,OPT,GBUU6 C15000,2026-09-04,C,1.5,0.000100000,3,
2026-07-23,GBU,OPT,GBUU6 C15100,2026-09-04,C,1.51,0.000100000,3,
2026-07-23,GBU,OPT,GBUU6 C15200,2026-09-04,C,1.52,0.000100000,3,
2026-07-23,GBU,OPT,GBUU6 C15300,2026-09-04,C,1.53,0.000100000,3,
2026-07-23,GBU,OPT,GBUU6 C15400,2026-09-04,C,1.54,0.000100000,3,4
2026-07-23,GBU,OPT,GBUU6 C15500,2026-09-04,C,1.55,0.000100000,3,
2026-07-23,GBU,OPT,GBUU6 C15600,2026-09-04,C,1.56,0.000100000,3,
2026-07-23,GBU,OPT,GBUU6 C15700,2026-09-04,C,1.57,0.000100000,3,
2026-07-23,GBU,OPT,GBUU6 C15800,2026-09-04,C,1.58,0.000100000,3,
2026-07-23,GBU,OPT,GBUU6 P10200,2026-09-04,P,1.02,0.000100000,3,4
2026-07-23,GBU,OPT,GBUU6 P10300,2026-09-04,P,1.03,0.000100000,3,
2026-07-23,GBU,OPT,GBUU6 P10400,2026-09-04,P,1.04,0.000100000,3,
2026-07-23,GBU,OPT,GBUU6 P10500,2026-09-04,P,1.05,0.000100000,3,
2026-07-23,GBU,OPT,GBUU6 P10600,2026-09-04,P,1.06,0.000100000,3,
2026-07-23,GBU,OPT,GBUU6 P10700,2026-09-04,P,1.07,0.000100000,3,
2026-07-23,GBU,OPT,GBUU6 P10800,2026-09-04,P,1.08,0.000100000,3,
2026-07-23,GBU,OPT,GBUU6 P10900,2026-09-04,P,1.09,0.000100000,3,
2026-07-23,GBU,OPT,GBUU6 P11000,2026-09-04,P,1.1,0.000100000,3,
2026-07-23,GBU,OPT,GBUU6 P11100,2026-09-04,P,1.11,0.000100000,3,
2026-07-23,GBU,OPT,GBUU6 P11200,2026-09-04,P,1.12,0.000100000,3,
2026-07-23,GBU,OPT,GBUU6 P11300,2026-09-04,P,1.13,0.000100000,3,
2026-07-23,GBU,OPT,GBUU6 P11400,2026-09-04,P,1.14,0.000100000,3,
2026-07-23,GBU,OPT,GBUU6 P11500,2026-09-04,P,1.15,0.000100000,3,20
2026-07-23,GBU,OPT,GBUU6 P11600,2026-09-04,P,1.16,0.000100000,3,19
2026-07-23,GBU,OPT,GBUU6 P11650,2026-09-04,P,1.165,0.000100000,3,
2026-07-23,GBU,OPT,GBUU6 P11700,2026-09-04,P,1.17,0.000100000,3,100
2026-07-23,GBU,OPT,GBUU6 P11750,2026-09-04,P,1.175,0.000100000,3,16
2026-07-23,GBU,OPT,GBUU6 P11800,2026-09-04,P,1.18,0.000100000,3,4
2026-07-23,GBU,OPT,GBUU6 P11850,2026-09-04,P,1.185,0.000100000,3,
2026-07-23,GBU,OPT,GBUU6 P11900,2026-09-04,P,1.19,0.000100000,3,24
2026-07-23,GBU,OPT,GBUU6 P11950,2026-09-04,P,1.195,0.000100000,3,
2026-07-23,GBU,OPT,GBUU6 P12000,2026-09-04,P,1.2,0.000100000,3,84
2026-07-23,GBU,OPT,GBUU6 P12050,2026-09-04,P,1.205,0.000100000,3,15
2026-07-23,GBU,OPT,GBUU6 P12100,2026-09-04,P,1.21,0.000100000,3,3
2026-07-23,GBU,OPT,GBUU6 P12150,2026-09-04,P,1.215,0.000200000,3,
2026-07-23,GBU,OPT,GBUU6 P12200,2026-09-04,P,1.22,0.000200000,3,4
2026-07-23,GBU,OPT,GBUU6 P12250,2026-09-04,P,1.225,0.000200000,3,4
2026-07-23,GBU,OPT,GBUU6 P12300,2026-09-04,P,1.23,0.000300000,3,49
2026-07-23,GBU,OPT,GBUU6 P12350,2026-09-04,P,1.235,0.000300000,3,54
2026-07-23,GBU,OPT,GBUU6 P12400,2026-09-04,P,1.24,0.000300000,3,17
2026-07-23,GBU,OPT,GBUU6 P12450,2026-09-04,P,1.245,0.000300000,3,36
2026-07-23,GBU,OPT,GBUU6 P12500,2026-09-04,P,1.25,0.000300000,3,247
2026-07-23,GBU,OPT,GBUU6 P12550,2026-09-04,P,1.255,0.000400000,3,56
2026-07-23,GBU,OPT,GBUU6 P12600,2026-09-04,P,1.26,0.000400000,3,112
2026-07-23,GBU,OPT,GBUU6 P12650,2026-09-04,P,1.265,0.000500000,3,12
2026-07-23,GBU,OPT,GBUU6 P12700,2026-09-04,P,1.27,0.000700000,3,240
2026-07-23,GBU,OPT,GBUU6 P12750,2026-09-04,P,1.275,0.000800000,3,113
2026-07-23,GBU,OPT,GBUU6 P12800,2026-09-04,P,1.28,0.001000000,3,144
2026-07-23,GBU,OPT,GBUU6 P12850,2026-09-04,P,1.285,0.001300000,3,640
2026-07-23,GBU,OPT,GBUU6 P12900,2026-09-04,P,1.29,0.001700000,3,416
2026-07-23,GBU,OPT,GBUU6 P12950,2026-09-04,P,1.295,0.002100000,3,15
2026-07-23,GBU,OPT,GBUU6 P13000,2026-09-04,P,1.3,0.002700000,3,497
2026-07-23,GBU,OPT,GBUU6 P13050,2026-09-04,P,1.305,0.003400000,3,88
2026-07-23,GBU,OPT,GBUU6 P13100,2026-09-04,P,1.31,0.004300000,3,100
2026-07-23,GBU,OPT,GBUU6 P13150,2026-09-04,P,1.315,0.005500000,3,1409
2026-07-23,GBU,OPT,GBUU6 P13200,2026-09-04,P,1.32,0.006800000,3,613
2026-07-23,GBU,OPT,GBUU6 P13250,2026-09-04,P,1.325,0.008500000,3,286
2026-07-23,GBU,OPT,GBUU6 P13300,2026-09-04,P,1.33,0.010500000,3,617
2026-07-23,GBU,OPT,GBUU6 P13350,2026-09-04,P,1.335,0.012800000,3,255
2026-07-23,GBU,OPT,GBUU6 P13400,2026-09-04,P,1.34,0.015600000,3,1030
2026-07-23,GBU,OPT,GBUU6 P13450,2026-09-04,P,1.345,0.018800000,3,43
2026-07-23,GBU,OPT,GBUU6 P13500,2026-09-04,P,1.35,0.022300000,3,50
2026-07-23,GBU,OPT,GBUU6 P13550,2026-09-04,P,1.355,0.026100000,3,41
2026-07-23,GBU,OPT,GBUU6 P13600,2026-09-04,P,1.36,0.030300000,3,44
2026-07-23,GBU,OPT,GBUU6 P13650,2026-09-04,P,1.365,0.034600000,3,
2026-07-23,GBU,OPT,GBUU6 P13700,2026-09-04,P,1.37,0.039200000,3,7
2026-07-23,GBU,OPT,GBUU6 P13750,2026-09-04,P,1.375,0.043900000,3,
2026-07-23,GBU,OPT,GBUU6 P13800,2026-09-04,P,1.38,0.048600000,3,4
2026-07-23,GBU,OPT,GBUU6 P13850,2026-09-04,P,1.385,0.053500000,3,
2026-07-23,GBU,OPT,GBUU6 P13900,2026-09-04,P,1.39,0.058300000,3,4
2026-07-23,GBU,OPT,GBUU6 P13950,2026-09-04,P,1.395,0.063300000,3,
2026-07-23,GBU,OPT,GBUU6 P14000,2026-09-04,P,1.4,0.068400000,3,3
2026-07-23,GBU,OPT,GBUU6 P14050,2026-09-04,P,1.405,0.073300000,3,1
2026-07-23,GBU,OPT,GBUU6 P14100,2026-09-04,P,1.41,0.078200000,3,
2026-07-23,GBU,OPT,GBUU6 P14150,2026-09-04,P,1.415,0.083200000,3,
2026-07-23,GBU,OPT,GBUU6 P14200,2026-09-04,P,1.42,0.088100000,3,
2026-07-23,GBU,OPT,GBUU6 P14250,2026-09-04,P,1.425,0.093100000,3,
2026-07-23,GBU,OPT,GBUU6 P14300,2026-09-04,P,1.43,0.098100000,3,
2026-07-23,GBU,OPT,GBUU6 P14400,2026-09-04,P,1.44,0.108000000,3,
2026-07-23,GBU,OPT,GBUU6 P14500,2026-09-04,P,1.45,0.117900000,3,
2026-07-23,GBU,OPT,GBUU6 P14600,2026-09-04,P,1.46,0.127800000,3,1
2026-07-23,GBU,OPT,GBUU6 P14700,2026-09-04,P,1.47,0.137800000,3,1
2026-07-23,GBU,OPT,GBUU6 P14800,2026-09-04,P,1.48,0.147800000,3,
2026-07-23,GBU,OPT,GBUU6 P14900,2026-09-04,P,1.49,0.157700000,3,
2026-07-23,GBU,OPT,GBUU6 P15000,2026-09-04,P,1.5,0.167700000,3,560
2026-07-23,GBU,OPT,GBUU6 P15100,2026-09-04,P,1.51,0.177600000,3,
2026-07-23,GBU,OPT,GBUU6 P15200,2026-09-04,P,1.52,0.187600000,3,
2026-07-23,GBU,OPT,GBUU6 P15300,2026-09-04,P,1.53,0.197500000,3,
2026-07-23,GBU,OPT,GBUU6 P15400,2026-09-04,P,1.54,0.207500000,3,
2026-07-23,GBU,OPT,GBUU6 P15500,2026-09-04,P,1.55,0.217500000,3,
2026-07-23,GBU,OPT,GBUU6 P15600,2026-09-04,P,1.56,0.227400000,3,
2026-07-23,GBU,OPT,GBUU6 P15700,2026-09-04,P,1.57,0.237400000,3,
2026-07-23,GBU,OPT,GBUU6 P15800,2026-09-04,P,1.58,0.247300000,3,
2026-07-23,GBU,OPT,GBUV6 C11000,2026-10-09,C,1.1,0.229800000,3,
2026-07-23,GBU,OPT,GBUV6 C11100,2026-10-09,C,1.11,0.219800000,3,
2026-07-23,GBU,OPT,GBUV6 C11200,2026-10-09,C,1.12,0.209900000,3,
2026-07-23,GBU,OPT,GBUV6 C11300,2026-10-09,C,1.13,0.200000000,3,
2026-07-23,GBU,OPT,GBUV6 C11400,2026-10-09,C,1.14,0.190100000,3,
2026-07-23,GBU,OPT,GBUV6 C11500,2026-10-09,C,1.15,0.180200000,3,
2026-07-23,GBU,OPT,GBUV6 C11600,2026-10-09,C,1.16,0.170300000,3,
2026-07-23,GBU,OPT,GBUV6 C11700,2026-10-09,C,1.17,0.160400000,3,
2026-07-23,GBU,OPT,GBUV6 C11800,2026-10-09,C,1.18,0.150500000,3,
2026-07-23,GBU,OPT,GBUV6 C11900,2026-10-09,C,1.19,0.140600000,3,
2026-07-23,GBU,OPT,GBUV6 C12000,2026-10-09,C,1.2,0.130800000,3,
2026-07-23,GBU,OPT,GBUV6 C12100,2026-10-09,C,1.21,0.120900000,3,
2026-07-23,GBU,OPT,GBUV6 C12200,2026-10-09,C,1.22,0.111100000,3,
2026-07-23,GBU,OPT,GBUV6 C12300,2026-10-09,C,1.23,0.101400000,3,
2026-07-23,GBU,OPT,GBUV6 C12400,2026-10-09,C,1.24,0.091700000,3,
2026-07-23,GBU,OPT,GBUV6 C12500,2026-10-09,C,1.25,0.082000000,3,
2026-07-23,GBU,OPT,GBUV6 C12550,2026-10-09,C,1.255,0.077200000,3,
2026-07-23,GBU,OPT,GBUV6 C12600,2026-10-09,C,1.26,0.072500000,3,
2026-07-23,GBU,OPT,GBUV6 C12650,2026-10-09,C,1.265,0.067800000,3,
2026-07-23,GBU,OPT,GBUV6 C12700,2026-10-09,C,1.27,0.063100000,3,
2026-07-23,GBU,OPT,GBUV6 C12750,2026-10-09,C,1.275,0.058500000,3,
2026-07-23,GBU,OPT,GBUV6 C12800,2026-10-09,C,1.28,0.054000000,3,
2026-07-23,GBU,OPT,GBUV6 C12850,2026-10-09,C,1.285,0.049600000,3,
2026-07-23,GBU,OPT,GBUV6 C12900,2026-10-09,C,1.29,0.045300000,3,
2026-07-23,GBU,OPT,GBUV6 C12950,2026-10-09,C,1.295,0.041100000,3,
2026-07-23,GBU,OPT,GBUV6 C13000,2026-10-09,C,1.3,0.037000000,3,1
2026-07-23,GBU,OPT,GBUV6 C13050,2026-10-09,C,1.305,0.033100000,3,3
2026-07-23,GBU,OPT,GBUV6 C13100,2026-10-09,C,1.31,0.029300000,3,36
2026-07-23,GBU,OPT,GBUV6 C13150,2026-10-09,C,1.315,0.025700000,3,1
2026-07-23,GBU,OPT,GBUV6 C13200,2026-10-09,C,1.32,0.022300000,3,501
2026-07-23,GBU,OPT,GBUV6 C13250,2026-10-09,C,1.325,0.019200000,3,1
2026-07-23,GBU,OPT,GBUV6 C13300,2026-10-09,C,1.33,0.016300000,3,1
2026-07-23,GBU,OPT,GBUV6 C13350,2026-10-09,C,1.335,0.013700000,3,54
2026-07-23,GBU,OPT,GBUV6 C13400,2026-10-09,C,1.34,0.011300000,3,805
2026-07-23,GBU,OPT,GBUV6 C13450,2026-10-09,C,1.345,0.009300000,3,60
2026-07-23,GBU,OPT,GBUV6 C13500,2026-10-09,C,1.35,0.007500000,3,1344
2026-07-23,GBU,OPT,GBUV6 C13550,2026-10-09,C,1.355,0.006000000,3,676
2026-07-23,GBU,OPT,GBUV6 C13600,2026-10-09,C,1.36,0.004700000,3,1470
2026-07-23,GBU,OPT,GBUV6 C13650,2026-10-09,C,1.365,0.003700000,3,463
2026-07-23,GBU,OPT,GBUV6 C13700,2026-10-09,C,1.37,0.002900000,3,1323
2026-07-23,GBU,OPT,GBUV6 C13750,2026-10-09,C,1.375,0.002200000,3,246
2026-07-23,GBU,OPT,GBUV6 C13800,2026-10-09,C,1.38,0.001700000,3,9
2026-07-23,GBU,OPT,GBUV6 C13850,2026-10-09,C,1.385,0.001300000,3,15
2026-07-23,GBU,OPT,GBUV6 C13900,2026-10-09,C,1.39,0.000900000,3,26
2026-07-23,GBU,OPT,GBUV6 C13950,2026-10-09,C,1.395,0.000700000,3,20
2026-07-23,GBU,OPT,GBUV6 C14000,2026-10-09,C,1.4,0.000500000,3,23
2026-07-23,GBU,OPT,GBUV6 C14050,2026-10-09,C,1.405,0.000400000,3,3
2026-07-23,GBU,OPT,GBUV6 C14100,2026-10-09,C,1.41,0.000300000,3,8
2026-07-23,GBU,OPT,GBUV6 C14150,2026-10-09,C,1.415,0.000200000,3,
2026-07-23,GBU,OPT,GBUV6 C14200,2026-10-09,C,1.42,0.000100000,3,3
2026-07-23,GBU,OPT,GBUV6 C14250,2026-10-09,C,1.425,0.000100000,3,3
2026-07-23,GBU,OPT,GBUV6 C14300,2026-10-09,C,1.43,0.000100000,3,4
2026-07-23,GBU,OPT,GBUV6 C14400,2026-10-09,C,1.44,0.000100000,3,80
2026-07-23,GBU,OPT,GBUV6 C14500,2026-10-09,C,1.45,0.000100000,3,11
2026-07-23,GBU,OPT,GBUV6 C14600,2026-10-09,C,1.46,0.000100000,3,2
2026-07-23,GBU,OPT,GBUV6 C14700,2026-10-09,C,1.47,0.000100000,3,1
2026-07-23,GBU,OPT,GBUV6 C14800,2026-10-09,C,1.48,0.000100000,3,
2026-07-23,GBU,OPT,GBUV6 C14900,2026-10-09,C,1.49,0.000100000,3,15
2026-07-23,GBU,OPT,GBUV6 C15000,2026-10-09,C,1.5,0.000100000,3,36
2026-07-23,GBU,OPT,GBUV6 C15100,2026-10-09,C,1.51,0.000100000,3,
2026-07-23,GBU,OPT,GBUV6 C15200,2026-10-09,C,1.52,0.000100000,3,
2026-07-23,GBU,OPT,GBUV6 C15300,2026-10-09,C,1.53,0.000100000,3,
2026-07-23,GBU,OPT,GBUV6 C15400,2026-10-09,C,1.54,0.000100000,3,
2026-07-23,GBU,OPT,GBUV6 C15500,2026-10-09,C,1.55,0.000100000,3,1
2026-07-23,GBU,OPT,GBUV6 C15600,2026-10-09,C,1.56,0.000100000,3,
2026-07-23,GBU,OPT,GBUV6 C15700,2026-10-09,C,1.57,0.000100000,3,
2026-07-23,GBU,OPT,GBUV6 C15800,2026-10-09,C,1.58,0.000100000,3,
2026-07-23,GBU,OPT,GBUV6 P11000,2026-10-09,P,1.1,0.000100000,3,
2026-07-23,GBU,OPT,GBUV6 P11100,2026-10-09,P,1.11,0.000100000,3,
2026-07-23,GBU,OPT,GBUV6 P11200,2026-10-09,P,1.12,0.000100000,3,15
2026-07-23,GBU,OPT,GBUV6 P11300,2026-10-09,P,1.13,0.000100000,3,1
2026-07-23,GBU,OPT,GBUV6 P11400,2026-10-09,P,1.14,0.000100000,3,27
2026-07-23,GBU,OPT,GBUV6 P11500,2026-10-09,P,1.15,0.000100000,3,17
2026-07-23,GBU,OPT,GBUV6 P11600,2026-10-09,P,1.16,0.000100000,3,15
2026-07-23,GBU,OPT,GBUV6 P11700,2026-10-09,P,1.17,0.000100000,3,15
2026-07-23,GBU,OPT,GBUV6 P11800,2026-10-09,P,1.18,0.000100000,3,15
2026-07-23,GBU,OPT,GBUV6 P11900,2026-10-09,P,1.19,0.000200000,3,15
2026-07-23,GBU,OPT,GBUV6 P12000,2026-10-09,P,1.2,0.000200000,3,16
2026-07-23,GBU,OPT,GBUV6 P12100,2026-10-09,P,1.21,0.000300000,3,
2026-07-23,GBU,OPT,GBUV6 P12200,2026-10-09,P,1.22,0.000400000,3,1
2026-07-23,GBU,OPT,GBUV6 P12300,2026-10-09,P,1.23,0.000600000,3,1
2026-07-23,GBU,OPT,GBUV6 P12400,2026-10-09,P,1.24,0.000800000,3,2
2026-07-23,GBU,OPT,GBUV6 P12500,2026-10-09,P,1.25,0.001100000,3,3
2026-07-23,GBU,OPT,GBUV6 P12550,2026-10-09,P,1.255,0.001200000,3,69
2026-07-23,GBU,OPT,GBUV6 P12600,2026-10-09,P,1.26,0.001500000,3,15
2026-07-23,GBU,OPT,GBUV6 P12650,2026-10-09,P,1.265,0.001700000,3,12
2026-07-23,GBU,OPT,GBUV6 P12700,2026-10-09,P,1.27,0.002000000,3,22
2026-07-23,GBU,OPT,GBUV6 P12750,2026-10-09,P,1.275,0.002400000,3,5
2026-07-23,GBU,OPT,GBUV6 P12800,2026-10-09,P,1.28,0.002800000,3,5
2026-07-23,GBU,OPT,GBUV6 P12850,2026-10-09,P,1.285,0.003400000,3,11
2026-07-23,GBU,OPT,GBUV6 P12900,2026-10-09,P,1.29,0.004000000,3,13
2026-07-23,GBU,OPT,GBUV6 P12950,2026-10-09,P,1.295,0.004800000,3,9
2026-07-23,GBU,OPT,GBUV6 P13000,2026-10-09,P,1.3,0.005700000,3,190
2026-07-23,GBU,OPT,GBUV6 P13050,2026-10-09,P,1.305,0.006700000,3,334
2026-07-23,GBU,OPT,GBUV6 P13100,2026-10-09,P,1.31,0.007900000,3,4
2026-07-23,GBU,OPT,GBUV6 P13150,2026-10-09,P,1.315,0.009300000,3,24
2026-07-23,GBU,OPT,GBUV6 P13200,2026-10-09,P,1.32,0.010800000,3,306
2026-07-23,GBU,OPT,GBUV6 P13250,2026-10-09,P,1.325,0.012600000,3,1278
2026-07-23,GBU,OPT,GBUV6 P13300,2026-10-09,P,1.33,0.014700000,3,1039
2026-07-23,GBU,OPT,GBUV6 P13350,2026-10-09,P,1.335,0.017000000,3,64
2026-07-23,GBU,OPT,GBUV6 P13400,2026-10-09,P,1.34,0.019600000,3,399
2026-07-23,GBU,OPT,GBUV6 P13450,2026-10-09,P,1.345,0.022500000,3,620
2026-07-23,GBU,OPT,GBUV6 P13500,2026-10-09,P,1.35,0.025700000,3,389
2026-07-23,GBU,OPT,GBUV6 P13550,2026-10-09,P,1.355,0.029200000,3,1851
2026-07-23,GBU,OPT,GBUV6 P13600,2026-10-09,P,1.36,0.032900000,3,1821
2026-07-23,GBU,OPT,GBUV6 P13650,2026-10-09,P,1.365,0.036800000,3,
2026-07-23,GBU,OPT,GBUV6 P13700,2026-10-09,P,1.37,0.040900000,3,
2026-07-23,GBU,OPT,GBUV6 P13750,2026-10-09,P,1.375,0.045200000,3,
2026-07-23,GBU,OPT,GBUV6 P13800,2026-10-09,P,1.38,0.049700000,3,
2026-07-23,GBU,OPT,GBUV6 P13850,2026-10-09,P,1.385,0.054200000,3,
2026-07-23,GBU,OPT,GBUV6 P13900,2026-10-09,P,1.39,0.058900000,3,
2026-07-23,GBU,OPT,GBUV6 P13950,2026-10-09,P,1.395,0.063600000,3,
2026-07-23,GBU,OPT,GBUV6 P14000,2026-10-09,P,1.4,0.068400000,3,
2026-07-23,GBU,OPT,GBUV6 P14050,2026-10-09,P,1.405,0.073200000,3,
2026-07-23,GBU,OPT,GBUV6 P14100,2026-10-09,P,1.41,0.078100000,3,
2026-07-23,GBU,OPT,GBUV6 P14150,2026-10-09,P,1.415,0.082900000,3,
2026-07-23,GBU,OPT,GBUV6 P14200,2026-10-09,P,1.42,0.087800000,3,
2026-07-23,GBU,OPT,GBUV6 P14250,2026-10-09,P,1.425,0.092800000,3,
2026-07-23,GBU,OPT,GBUV6 P14300,2026-10-09,P,1.43,0.097700000,3,
2026-07-23,GBU,OPT,GBUV6 P14400,2026-10-09,P,1.44,0.107600000,3,
2026-07-23,GBU,OPT,GBUV6 P14500,2026-10-09,P,1.45,0.117500000,3,
2026-07-23,GBU,OPT,GBUV6 P14600,2026-10-09,P,1.46,0.127400000,3,
2026-07-23,GBU,OPT,GBUV6 P14700,2026-10-09,P,1.47,0.137300000,3,
2026-07-23,GBU,OPT,GBUV6 P14800,2026-10-09,P,1.48,0.147200000,3,
2026-07-23,GBU,OPT,GBUV6 P14900,2026-10-09,P,1.49,0.157100000,3,
2026-07-23,GBU,OPT,GBUV6 P15000,2026-10-09,P,1.5,0.167100000,3,
2026-07-23,GBU,OPT,GBUV6 P15100,2026-10-09,P,1.51,0.177000000,3,
2026-07-23,GBU,OPT,GBUV6 P15200,2026-10-09,P,1.52,0.186900000,3,
2026-07-23,GBU,OPT,GBUV6 P15300,2026-10-09,P,1.53,0.196800000,3,
2026-07-23,GBU,OPT,GBUV6 P15400,2026-10-09,P,1.54,0.206700000,3,
2026-07-23,GBU,OPT,GBUV6 P15500,2026-10-09,P,1.55,0.216700000,3,
2026-07-23,GBU,OPT,GBUV6 P15600,2026-10-09,P,1.56,0.226600000,3,
2026-07-23,GBU,OPT,GBUV6 P15700,2026-10-09,P,1.57,0.236500000,3,
2026-07-23,GBU,OPT,GBUV6 P15800,2026-10-09,P,1.58,0.246400000,3,
2026-07-23,GBU,OPT,GBUX6 C11100,2026-11-06,C,1.11,0.219300000,3,
2026-07-23,GBU,OPT,GBUX6 C11200,2026-11-06,C,1.12,0.209400000,3,
2026-07-23,GBU,OPT,GBUX6 C11300,2026-11-06,C,1.13,0.199600000,3,
2026-07-23,GBU,OPT,GBUX6 C11400,2026-11-06,C,1.14,0.189700000,3,
2026-07-23,GBU,OPT,GBUX6 C11500,2026-11-06,C,1.15,0.179900000,3,
2026-07-23,GBU,OPT,GBUX6 C11600,2026-11-06,C,1.16,0.170100000,3,
2026-07-23,GBU,OPT,GBUX6 C11700,2026-11-06,C,1.17,0.160200000,3,
2026-07-23,GBU,OPT,GBUX6 C11800,2026-11-06,C,1.18,0.150400000,3,
2026-07-23,GBU,OPT,GBUX6 C11900,2026-11-06,C,1.19,0.140500000,3,
2026-07-23,GBU,OPT,GBUX6 C12000,2026-11-06,C,1.2,0.130700000,3,
2026-07-23,GBU,OPT,GBUX6 C12100,2026-11-06,C,1.21,0.121000000,3,
2026-07-23,GBU,OPT,GBUX6 C12200,2026-11-06,C,1.22,0.111300000,3,
2026-07-23,GBU,OPT,GBUX6 C12300,2026-11-06,C,1.23,0.101700000,3,
2026-07-23,GBU,OPT,GBUX6 C12400,2026-11-06,C,1.24,0.092200000,3,
2026-07-23,GBU,OPT,GBUX6 C12500,2026-11-06,C,1.25,0.082800000,3,1
2026-07-23,GBU,OPT,GBUX6 C12550,2026-11-06,C,1.255,0.078200000,3,
2026-07-23,GBU,OPT,GBUX6 C12600,2026-11-06,C,1.26,0.073600000,3,
2026-07-23,GBU,OPT,GBUX6 C12650,2026-11-06,C,1.265,0.069100000,3,
2026-07-23,GBU,OPT,GBUX6 C12700,2026-11-06,C,1.27,0.064600000,3,
2026-07-23,GBU,OPT,GBUX6 C12750,2026-11-06,C,1.275,0.060200000,3,
2026-07-23,GBU,OPT,GBUX6 C12800,2026-11-06,C,1.28,0.055900000,3,
2026-07-23,GBU,OPT,GBUX6 C12850,2026-11-06,C,1.285,0.051600000,3,
2026-07-23,GBU,OPT,GBUX6 C12900,2026-11-06,C,1.29,0.047500000,3,
2026-07-23,GBU,OPT,GBUX6 C12950,2026-11-06,C,1.295,0.043500000,3,
2026-07-23,GBU,OPT,GBUX6 C13000,2026-11-06,C,1.3,0.039600000,3,6
2026-07-23,GBU,OPT,GBUX6 C13050,2026-11-06,C,1.305,0.035800000,3,
2026-07-23,GBU,OPT,GBUX6 C13100,2026-11-06,C,1.31,0.032200000,3,
2026-07-23,GBU,OPT,GBUX6 C13150,2026-11-06,C,1.315,0.028700000,3,
2026-07-23,GBU,OPT,GBUX6 C13200,2026-11-06,C,1.32,0.025400000,3,6
2026-07-23,GBU,OPT,GBUX6 C13250,2026-11-06,C,1.325,0.022300000,3,16
2026-07-23,GBU,OPT,GBUX6 C13300,2026-11-06,C,1.33,0.019500000,3,4
2026-07-23,GBU,OPT,GBUX6 C13350,2026-11-06,C,1.335,0.016800000,3,29
2026-07-23,GBU,OPT,GBUX6 C13400,2026-11-06,C,1.34,0.014400000,3,502
2026-07-23,GBU,OPT,GBUX6 C13450,2026-11-06,C,1.345,0.012300000,3,192
2026-07-23,GBU,OPT,GBUX6 C13500,2026-11-06,C,1.35,0.010300000,3,82
2026-07-23,GBU,OPT,GBUX6 C13550,2026-11-06,C,1.355,0.008700000,3,4
2026-07-23,GBU,OPT,GBUX6 C13600,2026-11-06,C,1.36,0.007200000,3,8
2026-07-23,GBU,OPT,GBUX6 C13650,2026-11-06,C,1.365,0.005900000,3,302
2026-07-23,GBU,OPT,GBUX6 C13700,2026-11-06,C,1.37,0.004800000,3,323
2026-07-23,GBU,OPT,GBUX6 C13750,2026-11-06,C,1.375,0.003900000,3,2
2026-07-23,GBU,OPT,GBUX6 C13800,2026-11-06,C,1.38,0.003200000,3,5
2026-07-23,GBU,OPT,GBUX6 C13850,2026-11-06,C,1.385,0.002500000,3,
2026-07-23,GBU,OPT,GBUX6 C13900,2026-11-06,C,1.39,0.002000000,3,4
2026-07-23,GBU,OPT,GBUX6 C13950,2026-11-06,C,1.395,0.001600000,3,1
2026-07-23,GBU,OPT,GBUX6 C14000,2026-11-06,C,1.4,0.001300000,3,14
2026-07-23,GBU,OPT,GBUX6 C14050,2026-11-06,C,1.405,0.001000000,3,
2026-07-23,GBU,OPT,GBUX6 C14100,2026-11-06,C,1.41,0.000800000,3,7
2026-07-23,GBU,OPT,GBUX6 C14150,2026-11-06,C,1.415,0.000600000,3,22
2026-07-23,GBU,OPT,GBUX6 C14200,2026-11-06,C,1.42,0.000500000,3,19
2026-07-23,GBU,OPT,GBUX6 C14250,2026-11-06,C,1.425,0.000400000,3,16
2026-07-23,GBU,OPT,GBUX6 C14300,2026-11-06,C,1.43,0.000300000,3,1518
2026-07-23,GBU,OPT,GBUX6 C14400,2026-11-06,C,1.44,0.000200000,3,1
2026-07-23,GBU,OPT,GBUX6 C14500,2026-11-06,C,1.45,0.000200000,3,16
2026-07-23,GBU,OPT,GBUX6 C14600,2026-11-06,C,1.46,0.000100000,3,16
2026-07-23,GBU,OPT,GBUX6 C14700,2026-11-06,C,1.47,0.000100000,3,17
2026-07-23,GBU,OPT,GBUX6 C14800,2026-11-06,C,1.48,0.000100000,3,18
2026-07-23,GBU,OPT,GBUX6 C14900,2026-11-06,C,1.49,0.000100000,3,18
2026-07-23,GBU,OPT,GBUX6 C15000,2026-11-06,C,1.5,0.000100000,3,19
2026-07-23,GBU,OPT,GBUX6 C15100,2026-11-06,C,1.51,0.000100000,3,15
2026-07-23,GBU,OPT,GBUX6 C15200,2026-11-06,C,1.52,0.000100000,3,
2026-07-23,GBU,OPT,GBUX6 C15300,2026-11-06,C,1.53,0.000100000,3,
2026-07-23,GBU,OPT,GBUX6 C15400,2026-11-06,C,1.54,0.000100000,3,
2026-07-23,GBU,OPT,GBUX6 C15500,2026-11-06,C,1.55,0.000100000,3,
2026-07-23,GBU,OPT,GBUX6 C15600,2026-11-06,C,1.56,0.000100000,3,
2026-07-23,GBU,OPT,GBUX6 C15700,2026-11-06,C,1.57,0.000100000,3,
2026-07-23,GBU,OPT,GBUX6 C15800,2026-11-06,C,1.58,0.000100000,3,
2026-07-23,GBU,OPT,GBUX6 P11100,2026-11-06,P,1.11,0.000100000,3,
2026-07-23,GBU,OPT,GBUX6 P11200,2026-11-06,P,1.12,0.000100000,3,
2026-07-23,GBU,OPT,GBUX6 P11300,2026-11-06,P,1.13,0.000200000,3,1
2026-07-23,GBU,OPT,GBUX6 P11400,2026-11-06,P,1.14,0.000200000,3,1
2026-07-23,GBU,OPT,GBUX6 P11500,2026-11-06,P,1.15,0.000300000,3,
2026-07-23,GBU,OPT,GBUX6 P11600,2026-11-06,P,1.16,0.000300000,3,
2026-07-23,GBU,OPT,GBUX6 P11700,2026-11-06,P,1.17,0.000400000,3,
2026-07-23,GBU,OPT,GBUX6 P11800,2026-11-06,P,1.18,0.000400000,3,15
2026-07-23,GBU,OPT,GBUX6 P11900,2026-11-06,P,1.19,0.000500000,3,15
2026-07-23,GBU,OPT,GBUX6 P12000,2026-11-06,P,1.2,0.000600000,3,16
2026-07-23,GBU,OPT,GBUX6 P12100,2026-11-06,P,1.21,0.000800000,3,18
2026-07-23,GBU,OPT,GBUX6 P12200,2026-11-06,P,1.22,0.001000000,3,17
2026-07-23,GBU,OPT,GBUX6 P12300,2026-11-06,P,1.23,0.001300000,3,4
2026-07-23,GBU,OPT,GBUX6 P12400,2026-11-06,P,1.24,0.001600000,3,8
2026-07-23,GBU,OPT,GBUX6 P12500,2026-11-06,P,1.25,0.002100000,3,3
2026-07-23,GBU,OPT,GBUX6 P12550,2026-11-06,P,1.255,0.002500000,3,
2026-07-23,GBU,OPT,GBUX6 P12600,2026-11-06,P,1.26,0.002800000,3,7
2026-07-23,GBU,OPT,GBUX6 P12650,2026-11-06,P,1.265,0.003200000,3,
2026-07-23,GBU,OPT,GBUX6 P12700,2026-11-06,P,1.27,0.003700000,3,1
2026-07-23,GBU,OPT,GBUX6 P12750,2026-11-06,P,1.275,0.004200000,3,1
2026-07-23,GBU,OPT,GBUX6 P12800,2026-11-06,P,1.28,0.004900000,3,
2026-07-23,GBU,OPT,GBUX6 P12850,2026-11-06,P,1.285,0.005600000,3,15
2026-07-23,GBU,OPT,GBUX6 P12900,2026-11-06,P,1.29,0.006400000,3,2
2026-07-23,GBU,OPT,GBUX6 P12950,2026-11-06,P,1.295,0.007300000,3,650
2026-07-23,GBU,OPT,GBUX6 P13000,2026-11-06,P,1.3,0.008300000,3,20
2026-07-23,GBU,OPT,GBUX6 P13050,2026-11-06,P,1.305,0.009500000,3,1
2026-07-23,GBU,OPT,GBUX6 P13100,2026-11-06,P,1.31,0.010800000,3,
2026-07-23,GBU,OPT,GBUX6 P13150,2026-11-06,P,1.315,0.012300000,3,4
2026-07-23,GBU,OPT,GBUX6 P13200,2026-11-06,P,1.32,0.013900000,3,1
2026-07-23,GBU,OPT,GBUX6 P13250,2026-11-06,P,1.325,0.015800000,3,
2026-07-23,GBU,OPT,GBUX6 P13300,2026-11-06,P,1.33,0.017900000,3,4
2026-07-23,GBU,OPT,GBUX6 P13350,2026-11-06,P,1.335,0.020200000,3,40
2026-07-23,GBU,OPT,GBUX6 P13400,2026-11-06,P,1.34,0.022800000,3,5
2026-07-23,GBU,OPT,GBUX6 P13450,2026-11-06,P,1.345,0.025500000,3,
2026-07-23,GBU,OPT,GBUX6 P13500,2026-11-06,P,1.35,0.028500000,3,52
2026-07-23,GBU,OPT,GBUX6 P13550,2026-11-06,P,1.355,0.031800000,3,
2026-07-23,GBU,OPT,GBUX6 P13600,2026-11-06,P,1.36,0.035300000,3,151
2026-07-23,GBU,OPT,GBUX6 P13650,2026-11-06,P,1.365,0.038900000,3,222
2026-07-23,GBU,OPT,GBUX6 P13700,2026-11-06,P,1.37,0.042800000,3,66
2026-07-23,GBU,OPT,GBUX6 P13750,2026-11-06,P,1.375,0.046800000,3,
2026-07-23,GBU,OPT,GBUX6 P13800,2026-11-06,P,1.38,0.051000000,3,
2026-07-23,GBU,OPT,GBUX6 P13850,2026-11-06,P,1.385,0.055400000,3,
2026-07-23,GBU,OPT,GBUX6 P13900,2026-11-06,P,1.39,0.059800000,3,
2026-07-23,GBU,OPT,GBUX6 P13950,2026-11-06,P,1.395,0.064300000,3,
2026-07-23,GBU,OPT,GBUX6 P14000,2026-11-06,P,1.4,0.068900000,3,
2026-07-23,GBU,OPT,GBUX6 P14050,2026-11-06,P,1.405,0.073600000,3,
2026-07-23,GBU,OPT,GBUX6 P14100,2026-11-06,P,1.41,0.078300000,3,
2026-07-23,GBU,OPT,GBUX6 P14150,2026-11-06,P,1.415,0.083100000,3,
2026-07-23,GBU,OPT,GBUX6 P14200,2026-11-06,P,1.42,0.087900000,3,1
2026-07-23,GBU,OPT,GBUX6 P14250,2026-11-06,P,1.425,0.092800000,3,
2026-07-23,GBU,OPT,GBUX6 P14300,2026-11-06,P,1.43,0.097700000,3,
2026-07-23,GBU,OPT,GBUX6 P14400,2026-11-06,P,1.44,0.107500000,3,1
2026-07-23,GBU,OPT,GBUX6 P14500,2026-11-06,P,1.45,0.117300000,3,
2026-07-23,GBU,OPT,GBUX6 P14600,2026-11-06,P,1.46,0.127100000,3,
2026-07-23,GBU,OPT,GBUX6 P14700,2026-11-06,P,1.47,0.137000000,3,
2026-07-23,GBU,OPT,GBUX6 P14800,2026-11-06,P,1.48,0.146800000,3,
2026-07-23,GBU,OPT,GBUX6 P14900,2026-11-06,P,1.49,0.156700000,3,
2026-07-23,GBU,OPT,GBUX6 P15000,2026-11-06,P,1.5,0.166600000,3,
2026-07-23,GBU,OPT,GBUX6 P15100,2026-11-06,P,1.51,0.176400000,3,
2026-07-23,GBU,OPT,GBUX6 P15200,2026-11-06,P,1.52,0.186300000,3,
2026-07-23,GBU,OPT,GBUX6 P15300,2026-11-06,P,1.53,0.196200000,3,
2026-07-23,GBU,OPT,GBUX6 P15400,2026-11-06,P,1.54,0.206100000,3,
2026-07-23,GBU,OPT,GBUX6 P15500,2026-11-06,P,1.55,0.216000000,3,
2026-07-23,GBU,OPT,GBUX6 P15600,2026-11-06,P,1.56,0.225900000,3,
2026-07-23,GBU,OPT,GBUX6 P15700,2026-11-06,P,1.57,0.235800000,3,
2026-07-23,GBU,OPT,GBUX6 P15800,2026-11-06,P,1.58,0.245700000,3,
2026-07-23,GBU,OPT,GBUZ6 C10200,2026-12-04,C,1.02,0.307300000,3,
2026-07-23,GBU,OPT,GBUZ6 C10300,2026-12-04,C,1.03,0.297500000,3,
2026-07-23,GBU,OPT,GBUZ6 C10400,2026-12-04,C,1.04,0.287600000,3,
2026-07-23,GBU,OPT,GBUZ6 C10500,2026-12-04,C,1.05,0.277800000,3,
2026-07-23,GBU,OPT,GBUZ6 C10600,2026-12-04,C,1.06,0.267900000,3,
2026-07-23,GBU,OPT,GBUZ6 C10700,2026-12-04,C,1.07,0.258100000,3,
2026-07-23,GBU,OPT,GBUZ6 C10800,2026-12-04,C,1.08,0.248200000,3,
2026-07-23,GBU,OPT,GBUZ6 C10900,2026-12-04,C,1.09,0.238400000,3,
2026-07-23,GBU,OPT,GBUZ6 C11000,2026-12-04,C,1.1,0.228600000,3,
2026-07-23,GBU,OPT,GBUZ6 C11100,2026-12-04,C,1.11,0.218800000,3,
2026-07-23,GBU,OPT,GBUZ6 C11200,2026-12-04,C,1.12,0.209000000,3,
2026-07-23,GBU,OPT,GBUZ6 C11300,2026-12-04,C,1.13,0.199100000,3,
2026-07-23,GBU,OPT,GBUZ6 C11400,2026-12-04,C,1.14,0.189300000,3,
2026-07-23,GBU,OPT,GBUZ6 C11500,2026-12-04,C,1.15,0.179600000,3,
2026-07-23,GBU,OPT,GBUZ6 C11600,2026-12-04,C,1.16,0.169800000,3,
2026-07-23,GBU,OPT,GBUZ6 C11650,2026-12-04,C,1.165,0.164900000,3,
2026-07-23,GBU,OPT,GBUZ6 C11700,2026-12-04,C,1.17,0.160000000,3,
2026-07-23,GBU,OPT,GBUZ6 C11750,2026-12-04,C,1.175,0.155200000,3,
2026-07-23,GBU,OPT,GBUZ6 C11800,2026-12-04,C,1.18,0.150300000,3,
2026-07-23,GBU,OPT,GBUZ6 C11850,2026-12-04,C,1.185,0.145400000,3,
2026-07-23,GBU,OPT,GBUZ6 C11900,2026-12-04,C,1.19,0.140500000,3,
2026-07-23,GBU,OPT,GBUZ6 C11950,2026-12-04,C,1.195,0.135700000,3,
2026-07-23,GBU,OPT,GBUZ6 C12000,2026-12-04,C,1.2,0.130800000,3,
2026-07-23,GBU,OPT,GBUZ6 C12050,2026-12-04,C,1.205,0.126000000,3,
2026-07-23,GBU,OPT,GBUZ6 C12100,2026-12-04,C,1.21,0.121200000,3,
2026-07-23,GBU,OPT,GBUZ6 C12150,2026-12-04,C,1.215,0.116400000,3,
2026-07-23,GBU,OPT,GBUZ6 C12200,2026-12-04,C,1.22,0.111600000,3,
2026-07-23,GBU,OPT,GBUZ6 C12250,2026-12-04,C,1.225,0.106900000,3,
2026-07-23,GBU,OPT,GBUZ6 C12300,2026-12-04,C,1.23,0.102100000,3,
2026-07-23,GBU,OPT,GBUZ6 C12350,2026-12-04,C,1.235,0.097500000,3,
2026-07-23,GBU,OPT,GBUZ6 C12400,2026-12-04,C,1.24,0.092800000,3,1
2026-07-23,GBU,OPT,GBUZ6 C12450,2026-12-04,C,1.245,0.088200000,3,
2026-07-23,GBU,OPT,GBUZ6 C12500,2026-12-04,C,1.25,0.083700000,3,
2026-07-23,GBU,OPT,GBUZ6 C12550,2026-12-04,C,1.255,0.079200000,3,
2026-07-23,GBU,OPT,GBUZ6 C12600,2026-12-04,C,1.26,0.074700000,3,
2026-07-23,GBU,OPT,GBUZ6 C12650,2026-12-04,C,1.265,0.070300000,3,
2026-07-23,GBU,OPT,GBUZ6 C12700,2026-12-04,C,1.27,0.065900000,3,30
2026-07-23,GBU,OPT,GBUZ6 C12750,2026-12-04,C,1.275,0.061700000,3,
2026-07-23,GBU,OPT,GBUZ6 C12800,2026-12-04,C,1.28,0.057500000,3,
2026-07-23,GBU,OPT,GBUZ6 C12850,2026-12-04,C,1.285,0.053400000,3,
2026-07-23,GBU,OPT,GBUZ6 C12900,2026-12-04,C,1.29,0.049300000,3,
2026-07-23,GBU,OPT,GBUZ6 C12950,2026-12-04,C,1.295,0.045400000,3,
2026-07-23,GBU,OPT,GBUZ6 C13000,2026-12-04,C,1.3,0.041600000,3,
2026-07-23,GBU,OPT,GBUZ6 C13050,2026-12-04,C,1.305,0.038000000,3,
2026-07-23,GBU,OPT,GBUZ6 C13100,2026-12-04,C,1.31,0.034500000,3,
2026-07-23,GBU,OPT,GBUZ6 C13150,2026-12-04,C,1.315,0.031100000,3,
2026-07-23,GBU,OPT,GBUZ6 C13200,2026-12-04,C,1.32,0.027900000,3,9
2026-07-23,GBU,OPT,GBUZ6 C13250,2026-12-04,C,1.325,0.024900000,3,15
2026-07-23,GBU,OPT,GBUZ6 C13300,2026-12-04,C,1.33,0.022100000,3,
2026-07-23,GBU,OPT,GBUZ6 C13350,2026-12-04,C,1.335,0.019500000,3,36
2026-07-23,GBU,OPT,GBUZ6 C13400,2026-12-04,C,1.34,0.017000000,3,18
2026-07-23,GBU,OPT,GBUZ6 C13450,2026-12-04,C,1.345,0.014800000,3,10
2026-07-23,GBU,OPT,GBUZ6 C13500,2026-12-04,C,1.35,0.012800000,3,37
2026-07-23,GBU,OPT,GBUZ6 C13550,2026-12-04,C,1.355,0.011000000,3,27
2026-07-23,GBU,OPT,GBUZ6 C13600,2026-12-04,C,1.36,0.009400000,3,452
2026-07-23,GBU,OPT,GBUZ6 C13650,2026-12-04,C,1.365,0.008000000,3,66
2026-07-23,GBU,OPT,GBUZ6 C13700,2026-12-04,C,1.37,0.006700000,3,87
2026-07-23,GBU,OPT,GBUZ6 C13750,2026-12-04,C,1.375,0.005600000,3,694
2026-07-23,GBU,OPT,GBUZ6 C13800,2026-12-04,C,1.38,0.004700000,3,154
2026-07-23,GBU,OPT,GBUZ6 C13850,2026-12-04,C,1.385,0.003900000,3,121
2026-07-23,GBU,OPT,GBUZ6 C13900,2026-12-04,C,1.39,0.003200000,3,230
2026-07-23,GBU,OPT,GBUZ6 C13950,2026-12-04,C,1.395,0.002700000,3,318
2026-07-23,GBU,OPT,GBUZ6 C14000,2026-12-04,C,1.4,0.002200000,3,309
2026-07-23,GBU,OPT,GBUZ6 C14050,2026-12-04,C,1.405,0.001900000,3,240
2026-07-23,GBU,OPT,GBUZ6 C14100,2026-12-04,C,1.41,0.001500000,3,591
2026-07-23,GBU,OPT,GBUZ6 C14150,2026-12-04,C,1.415,0.001300000,3,296
2026-07-23,GBU,OPT,GBUZ6 C14200,2026-12-04,C,1.42,0.001100000,3,303
2026-07-23,GBU,OPT,GBUZ6 C14250,2026-12-04,C,1.425,0.000900000,3,145
2026-07-23,GBU,OPT,GBUZ6 C14300,2026-12-04,C,1.43,0.000800000,3,98
2026-07-23,GBU,OPT,GBUZ6 C14400,2026-12-04,C,1.44,0.000600000,3,16
2026-07-23,GBU,OPT,GBUZ6 C14500,2026-12-04,C,1.45,0.000400000,3,2
2026-07-23,GBU,OPT,GBUZ6 C14600,2026-12-04,C,1.46,0.000300000,3,
2026-07-23,GBU,OPT,GBUZ6 C14700,2026-12-04,C,1.47,0.000200000,3,
2026-07-23,GBU,OPT,GBUZ6 C14800,2026-12-04,C,1.48,0.000200000,3,40
2026-07-23,GBU,OPT,GBUZ6 C14900,2026-12-04,C,1.49,0.000100000,3,
2026-07-23,GBU,OPT,GBUZ6 C15000,2026-12-04,C,1.5,0.000100000,3,1
2026-07-23,GBU,OPT,GBUZ6 C15100,2026-12-04,C,1.51,0.000100000,3,2
2026-07-23,GBU,OPT,GBUZ6 C15200,2026-12-04,C,1.52,0.000100000,3,
2026-07-23,GBU,OPT,GBUZ6 C15300,2026-12-04,C,1.53,0.000100000,3,
2026-07-23,GBU,OPT,GBUZ6 C15400,2026-12-04,C,1.54,0.000100000,3,1
2026-07-23,GBU,OPT,GBUZ6 C15500,2026-12-04,C,1.55,0.000100000,3,
2026-07-23,GBU,OPT,GBUZ6 C15600,2026-12-04,C,1.56,0.000100000,3,
2026-07-23,GBU,OPT,GBUZ6 C15700,2026-12-04,C,1.57,0.000100000,3,10
2026-07-23,GBU,OPT,GBUZ6 C15800,2026-12-04,C,1.58,0.000100000,3,
2026-07-23,GBU,OPT,GBUZ6 P10200,2026-12-04,P,1.02,0.000100000,3,3
2026-07-23,GBU,OPT,GBUZ6 P10300,2026-12-04,P,1.03,0.000100000,3,
2026-07-23,GBU,OPT,GBUZ6 P10400,2026-12-04,P,1.04,0.000100000,3,
2026-07-23,GBU,OPT,GBUZ6 P10500,2026-12-04,P,1.05,0.000100000,3,
2026-07-23,GBU,OPT,GBUZ6 P10600,2026-12-04,P,1.06,0.000100000,3,
2026-07-23,GBU,OPT,GBUZ6 P10700,2026-12-04,P,1.07,0.000100000,3,1
2026-07-23,GBU,OPT,GBUZ6 P10800,2026-12-04,P,1.08,0.000200000,3,
2026-07-23,GBU,OPT,GBUZ6 P10900,2026-12-04,P,1.09,0.000200000,3,
2026-07-23,GBU,OPT,GBUZ6 P11000,2026-12-04,P,1.1,0.000200000,3,1
2026-07-23,GBU,OPT,GBUZ6 P11100,2026-12-04,P,1.11,0.000300000,3,1
2026-07-23,GBU,OPT,GBUZ6 P11200,2026-12-04,P,1.12,0.000300000,3,1
2026-07-23,GBU,OPT,GBUZ6 P11300,2026-12-04,P,1.13,0.000400000,3,1
2026-07-23,GBU,OPT,GBUZ6 P11400,2026-12-04,P,1.14,0.000400000,3,
2026-07-23,GBU,OPT,GBUZ6 P11500,2026-12-04,P,1.15,0.000500000,3,41
2026-07-23,GBU,OPT,GBUZ6 P11600,2026-12-04,P,1.16,0.000600000,3,
2026-07-23,GBU,OPT,GBUZ6 P11650,2026-12-04,P,1.165,0.000600000,3,
2026-07-23,GBU,OPT,GBUZ6 P11700,2026-12-04,P,1.17,0.000700000,3,
2026-07-23,GBU,OPT,GBUZ6 P11750,2026-12-04,P,1.175,0.000800000,3,
2026-07-23,GBU,OPT,GBUZ6 P11800,2026-12-04,P,1.18,0.000800000,3,
2026-07-23,GBU,OPT,GBUZ6 P11850,2026-12-04,P,1.185,0.000900000,3,
2026-07-23,GBU,OPT,GBUZ6 P11900,2026-12-04,P,1.19,0.000900000,3,
2026-07-23,GBU,OPT,GBUZ6 P11950,2026-12-04,P,1.195,0.001000000,3,
2026-07-23,GBU,OPT,GBUZ6 P12000,2026-12-04,P,1.2,0.001100000,3,12
2026-07-23,GBU,OPT,GBUZ6 P12050,2026-12-04,P,1.205,0.001200000,3,
2026-07-23,GBU,OPT,GBUZ6 P12100,2026-12-04,P,1.21,0.001300000,3,1
2026-07-23,GBU,OPT,GBUZ6 P12150,2026-12-04,P,1.215,0.001400000,3,2
2026-07-23,GBU,OPT,GBUZ6 P12200,2026-12-04,P,1.22,0.001600000,3,3
2026-07-23,GBU,OPT,GBUZ6 P12250,2026-12-04,P,1.225,0.001700000,3,1
2026-07-23,GBU,OPT,GBUZ6 P12300,2026-12-04,P,1.23,0.002000000,3,3
2026-07-23,GBU,OPT,GBUZ6 P12350,2026-12-04,P,1.235,0.002200000,3,3
2026-07-23,GBU,OPT,GBUZ6 P12400,2026-12-04,P,1.24,0.002500000,3,3
2026-07-23,GBU,OPT,GBUZ6 P12450,2026-12-04,P,1.245,0.002800000,3,
2026-07-23,GBU,OPT,GBUZ6 P12500,2026-12-04,P,1.25,0.003200000,3,60
2026-07-23,GBU,OPT,GBUZ6 P12550,2026-12-04,P,1.255,0.003600000,3,21
2026-07-23,GBU,OPT,GBUZ6 P12600,2026-12-04,P,1.26,0.004100000,3,5
2026-07-23,GBU,OPT,GBUZ6 P12650,2026-12-04,P,1.265,0.004600000,3,2
2026-07-23,GBU,OPT,GBUZ6 P12700,2026-12-04,P,1.27,0.005200000,3,36
2026-07-23,GBU,OPT,GBUZ6 P12750,2026-12-04,P,1.275,0.005900000,3,5
2026-07-23,GBU,OPT,GBUZ6 P12800,2026-12-04,P,1.28,0.006600000,3,84
2026-07-23,GBU,OPT,GBUZ6 P12850,2026-12-04,P,1.285,0.007400000,3,120
2026-07-23,GBU,OPT,GBUZ6 P12900,2026-12-04,P,1.29,0.008300000,3,108
2026-07-23,GBU,OPT,GBUZ6 P12950,2026-12-04,P,1.295,0.009300000,3,1
2026-07-23,GBU,OPT,GBUZ6 P13000,2026-12-04,P,1.3,0.010500000,3,99
2026-07-23,GBU,OPT,GBUZ6 P13050,2026-12-04,P,1.305,0.011800000,3,89
2026-07-23,GBU,OPT,GBUZ6 P13100,2026-12-04,P,1.31,0.013200000,3,88
2026-07-23,GBU,OPT,GBUZ6 P13150,2026-12-04,P,1.315,0.014700000,3,23
2026-07-23,GBU,OPT,GBUZ6 P13200,2026-12-04,P,1.32,0.016500000,3,547
2026-07-23,GBU,OPT,GBUZ6 P13250,2026-12-04,P,1.325,0.018400000,3,35
2026-07-23,GBU,OPT,GBUZ6 P13300,2026-12-04,P,1.33,0.020500000,3,242
2026-07-23,GBU,OPT,GBUZ6 P13350,2026-12-04,P,1.335,0.022800000,3,51
2026-07-23,GBU,OPT,GBUZ6 P13400,2026-12-04,P,1.34,0.025300000,3,85
2026-07-23,GBU,OPT,GBUZ6 P13450,2026-12-04,P,1.345,0.028000000,3,72
2026-07-23,GBU,OPT,GBUZ6 P13500,2026-12-04,P,1.35,0.031000000,3,26
2026-07-23,GBU,OPT,GBUZ6 P13550,2026-12-04,P,1.355,0.034100000,3,30
2026-07-23,GBU,OPT,GBUZ6 P13600,2026-12-04,P,1.36,0.037400000,3,33
2026-07-23,GBU,OPT,GBUZ6 P13650,2026-12-04,P,1.365,0.040900000,3,
2026-07-23,GBU,OPT,GBUZ6 P13700,2026-12-04,P,1.37,0.044600000,3,191
2026-07-23,GBU,OPT,GBUZ6 P13750,2026-12-04,P,1.375,0.048400000,3,
2026-07-23,GBU,OPT,GBUZ6 P13800,2026-12-04,P,1.38,0.052400000,3,3
2026-07-23,GBU,OPT,GBUZ6 P13850,2026-12-04,P,1.385,0.056600000,3,
2026-07-23,GBU,OPT,GBUZ6 P13900,2026-12-04,P,1.39,0.060800000,3,
2026-07-23,GBU,OPT,GBUZ6 P13950,2026-12-04,P,1.395,0.065200000,3,
2026-07-23,GBU,OPT,GBUZ6 P14000,2026-12-04,P,1.4,0.069700000,3,3
2026-07-23,GBU,OPT,GBUZ6 P14050,2026-12-04,P,1.405,0.074200000,3,1
2026-07-23,GBU,OPT,GBUZ6 P14100,2026-12-04,P,1.41,0.078800000,3,1
2026-07-23,GBU,OPT,GBUZ6 P14150,2026-12-04,P,1.415,0.083500000,3,
2026-07-23,GBU,OPT,GBUZ6 P14200,2026-12-04,P,1.42,0.088300000,3,
2026-07-23,GBU,OPT,GBUZ6 P14250,2026-12-04,P,1.425,0.093000000,3,
2026-07-23,GBU,OPT,GBUZ6 P14300,2026-12-04,P,1.43,0.097800000,3,1
2026-07-23,GBU,OPT,GBUZ6 P14400,2026-12-04,P,1.44,0.107500000,3,
2026-07-23,GBU,OPT,GBUZ6 P14500,2026-12-04,P,1.45,0.117200000,3,
2026-07-23,GBU,OPT,GBUZ6 P14600,2026-12-04,P,1.46,0.126900000,3,
2026-07-23,GBU,OPT,GBUZ6 P14700,2026-12-04,P,1.47,0.136700000,3,
2026-07-23,GBU,OPT,GBUZ6 P14800,2026-12-04,P,1.48,0.146500000,3,
2026-07-23,GBU,OPT,GBUZ6 P14900,2026-12-04,P,1.49,0.156300000,3,
2026-07-23,GBU,OPT,GBUZ6 P15000,2026-12-04,P,1.5,0.166200000,3,641
2026-07-23,GBU,OPT,GBUZ6 P15100,2026-12-04,P,1.51,0.176000000,3,
2026-07-23,GBU,OPT,GBUZ6 P15200,2026-12-04,P,1.52,0.185900000,3,
2026-07-23,GBU,OPT,GBUZ6 P15300,2026-12-04,P,1.53,0.195700000,3,
2026-07-23,GBU,OPT,GBUZ6 P15400,2026-12-04,P,1.54,0.205600000,3,
2026-07-23,GBU,OPT,GBUZ6 P15500,2026-12-04,P,1.55,0.215300000,3,
2026-07-23,GBU,OPT,GBUZ6 P15600,2026-12-04,P,1.56,0.225200000,3,
2026-07-23,GBU,OPT,GBUZ6 P15700,2026-12-04,P,1.57,0.235100000,3,
2026-07-23,GBU,OPT,GBUZ6 P15800,2026-12-04,P,1.58,0.244900000,3,
2026-07-23,GBU,OPT,GBUF7 C11200,2027-01-08,C,1.12,0.208000000,3,
2026-07-23,GBU,OPT,GBUF7 C11300,2027-01-08,C,1.13,0.198300000,3,
2026-07-23,GBU,OPT,GBUF7 C11400,2027-01-08,C,1.14,0.188500000,3,
2026-07-23,GBU,OPT,GBUF7 C11500,2027-01-08,C,1.15,0.178800000,3,
2026-07-23,GBU,OPT,GBUF7 C11600,2027-01-08,C,1.16,0.169100000,3,
2026-07-23,GBU,OPT,GBUF7 C11700,2027-01-08,C,1.17,0.159400000,3,
2026-07-23,GBU,OPT,GBUF7 C11800,2027-01-08,C,1.18,0.149800000,3,
2026-07-23,GBU,OPT,GBUF7 C11900,2027-01-08,C,1.19,0.140200000,3,
2026-07-23,GBU,OPT,GBUF7 C12000,2027-01-08,C,1.2,0.130600000,3,
2026-07-23,GBU,OPT,GBUF7 C12100,2027-01-08,C,1.21,0.121200000,3,
2026-07-23,GBU,OPT,GBUF7 C12200,2027-01-08,C,1.22,0.111800000,3,
2026-07-23,GBU,OPT,GBUF7 C12300,2027-01-08,C,1.23,0.102500000,3,
2026-07-23,GBU,OPT,GBUF7 C12400,2027-01-08,C,1.24,0.093400000,3,
2026-07-23,GBU,OPT,GBUF7 C12500,2027-01-08,C,1.25,0.084400000,3,
2026-07-23,GBU,OPT,GBUF7 C12600,2027-01-08,C,1.26,0.075700000,3,
2026-07-23,GBU,OPT,GBUF7 C12650,2027-01-08,C,1.265,0.071400000,3,
2026-07-23,GBU,OPT,GBUF7 C12700,2027-01-08,C,1.27,0.067200000,3,
2026-07-23,GBU,OPT,GBUF7 C12750,2027-01-08,C,1.275,0.063000000,3,
2026-07-23,GBU,OPT,GBUF7 C12800,2027-01-08,C,1.28,0.059000000,3,
2026-07-23,GBU,OPT,GBUF7 C12850,2027-01-08,C,1.285,0.055000000,3,
2026-07-23,GBU,OPT,GBUF7 C12900,2027-01-08,C,1.29,0.051100000,3,
2026-07-23,GBU,OPT,GBUF7 C12950,2027-01-08,C,1.295,0.047400000,3,
2026-07-23,GBU,OPT,GBUF7 C13000,2027-01-08,C,1.3,0.043700000,3,
2026-07-23,GBU,OPT,GBUF7 C13050,2027-01-08,C,1.305,0.040200000,3,
2026-07-23,GBU,OPT,GBUF7 C13100,2027-01-08,C,1.31,0.036800000,3,
2026-07-23,GBU,OPT,GBUF7 C13150,2027-01-08,C,1.315,0.033500000,3,
2026-07-23,GBU,OPT,GBUF7 C13200,2027-01-08,C,1.32,0.030400000,3,
2026-07-23,GBU,OPT,GBUF7 C13250,2027-01-08,C,1.325,0.027400000,3,
2026-07-23,GBU,OPT,GBUF7 C13300,2027-01-08,C,1.33,0.024600000,3,
2026-07-23,GBU,OPT,GBUF7 C13350,2027-01-08,C,1.335,0.021900000,3,
2026-07-23,GBU,OPT,GBUF7 C13400,2027-01-08,C,1.34,0.019500000,3,12
2026-07-23,GBU,OPT,GBUF7 C13450,2027-01-08,C,1.345,0.017200000,3,800
2026-07-23,GBU,OPT,GBUF7 C13500,2027-01-08,C,1.35,0.015100000,3,45
2026-07-23,GBU,OPT,GBUF7 C13550,2027-01-08,C,1.355,0.013200000,3,
2026-07-23,GBU,OPT,GBUF7 C13600,2027-01-08,C,1.36,0.011500000,3,
2026-07-23,GBU,OPT,GBUF7 C13650,2027-01-08,C,1.365,0.009900000,3,
2026-07-23,GBU,OPT,GBUF7 C13700,2027-01-08,C,1.37,0.008600000,3,1
2026-07-23,GBU,OPT,GBUF7 C13750,2027-01-08,C,1.375,0.007400000,3,
2026-07-23,GBU,OPT,GBUF7 C13800,2027-01-08,C,1.38,0.006400000,3,3
2026-07-23,GBU,OPT,GBUF7 C13850,2027-01-08,C,1.385,0.005500000,3,
2026-07-23,GBU,OPT,GBUF7 C13900,2027-01-08,C,1.39,0.004700000,3,1
2026-07-23,GBU,OPT,GBUF7 C13950,2027-01-08,C,1.395,0.004000000,3,1
2026-07-23,GBU,OPT,GBUF7 C14000,2027-01-08,C,1.4,0.003400000,3,2
2026-07-23,GBU,OPT,GBUF7 C14050,2027-01-08,C,1.405,0.002900000,3,
2026-07-23,GBU,OPT,GBUF7 C14100,2027-01-08,C,1.41,0.002400000,3,
2026-07-23,GBU,OPT,GBUF7 C14150,2027-01-08,C,1.415,0.002100000,3,
2026-07-23,GBU,OPT,GBUF7 C14200,2027-01-08,C,1.42,0.001700000,3,5
2026-07-23,GBU,OPT,GBUF7 C14250,2027-01-08,C,1.425,0.001400000,3,
2026-07-23,GBU,OPT,GBUF7 C14300,2027-01-08,C,1.43,0.001200000,3,
2026-07-23,GBU,OPT,GBUF7 C14400,2027-01-08,C,1.44,0.000900000,3,
2026-07-23,GBU,OPT,GBUF7 C14500,2027-01-08,C,1.45,0.000600000,3,1
2026-07-23,GBU,OPT,GBUF7 C14600,2027-01-08,C,1.46,0.000400000,3,
2026-07-23,GBU,OPT,GBUF7 C14700,2027-01-08,C,1.47,0.000300000,3,2
2026-07-23,GBU,OPT,GBUF7 C14800,2027-01-08,C,1.48,0.000200000,3,1
2026-07-23,GBU,OPT,GBUF7 C14900,2027-01-08,C,1.49,0.000200000,3,
2026-07-23,GBU,OPT,GBUF7 C15000,2027-01-08,C,1.5,0.000100000,3,
2026-07-23,GBU,OPT,GBUF7 C15100,2027-01-08,C,1.51,0.000100000,3,1
2026-07-23,GBU,OPT,GBUF7 C15200,2027-01-08,C,1.52,0.000100000,3,1
2026-07-23,GBU,OPT,GBUF7 C15300,2027-01-08,C,1.53,0.000100000,3,
2026-07-23,GBU,OPT,GBUF7 C15400,2027-01-08,C,1.54,0.000100000,3,3
2026-07-23,GBU,OPT,GBUF7 C15500,2027-01-08,C,1.55,0.000100000,3,
2026-07-23,GBU,OPT,GBUF7 C15600,2027-01-08,C,1.56,0.000100000,3,
2026-07-23,GBU,OPT,GBUF7 C15700,2027-01-08,C,1.57,0.000100000,3,
2026-07-23,GBU,OPT,GBUF7 C15800,2027-01-08,C,1.58,0.000100000,3,
2026-07-23,GBU,OPT,GBUF7 P11200,2027-01-08,P,1.12,0.000500000,3,
2026-07-23,GBU,OPT,GBUF7 P11300,2027-01-08,P,1.13,0.000600000,3,
2026-07-23,GBU,OPT,GBUF7 P11400,2027-01-08,P,1.14,0.000600000,3,
2026-07-23,GBU,OPT,GBUF7 P11500,2027-01-08,P,1.15,0.000700000,3,
2026-07-23,GBU,OPT,GBUF7 P11600,2027-01-08,P,1.16,0.000800000,3,
2026-07-23,GBU,OPT,GBUF7 P11700,2027-01-08,P,1.17,0.001000000,3,
2026-07-23,GBU,OPT,GBUF7 P11800,2027-01-08,P,1.18,0.001200000,3,
2026-07-23,GBU,OPT,GBUF7 P11900,2027-01-08,P,1.19,0.001400000,3,
2026-07-23,GBU,OPT,GBUF7 P12000,2027-01-08,P,1.2,0.001700000,3,
2026-07-23,GBU,OPT,GBUF7 P12100,2027-01-08,P,1.21,0.002000000,3,
2026-07-23,GBU,OPT,GBUF7 P12200,2027-01-08,P,1.22,0.002500000,3,1
2026-07-23,GBU,OPT,GBUF7 P12300,2027-01-08,P,1.23,0.003000000,3,3
2026-07-23,GBU,OPT,GBUF7 P12400,2027-01-08,P,1.24,0.003700000,3,3
2026-07-23,GBU,OPT,GBUF7 P12500,2027-01-08,P,1.25,0.004600000,3,
2026-07-23,GBU,OPT,GBUF7 P12600,2027-01-08,P,1.26,0.005600000,3,1
2026-07-23,GBU,OPT,GBUF7 P12650,2027-01-08,P,1.265,0.006300000,3,
2026-07-23,GBU,OPT,GBUF7 P12700,2027-01-08,P,1.27,0.007000000,3,
2026-07-23,GBU,OPT,GBUF7 P12750,2027-01-08,P,1.275,0.007700000,3,
2026-07-23,GBU,OPT,GBUF7 P12800,2027-01-08,P,1.28,0.008600000,3,1
2026-07-23,GBU,OPT,GBUF7 P12850,2027-01-08,P,1.285,0.009500000,3,
2026-07-23,GBU,OPT,GBUF7 P12900,2027-01-08,P,1.29,0.010600000,3,
2026-07-23,GBU,OPT,GBUF7 P12950,2027-01-08,P,1.295,0.011700000,3,
2026-07-23,GBU,OPT,GBUF7 P13000,2027-01-08,P,1.3,0.013000000,3,
2026-07-23,GBU,OPT,GBUF7 P13050,2027-01-08,P,1.305,0.014300000,3,2
2026-07-23,GBU,OPT,GBUF7 P13100,2027-01-08,P,1.31,0.015800000,3,2
2026-07-23,GBU,OPT,GBUF7 P13150,2027-01-08,P,1.315,0.017500000,3,
2026-07-23,GBU,OPT,GBUF7 P13200,2027-01-08,P,1.32,0.019300000,3,
2026-07-23,GBU,OPT,GBUF7 P13250,2027-01-08,P,1.325,0.021200000,3,
2026-07-23,GBU,OPT,GBUF7 P13300,2027-01-08,P,1.33,0.023300000,3,2
2026-07-23,GBU,OPT,GBUF7 P13350,2027-01-08,P,1.335,0.025600000,3,2
2026-07-23,GBU,OPT,GBUF7 P13400,2027-01-08,P,1.34,0.028000000,3,643
2026-07-23,GBU,OPT,GBUF7 P13450,2027-01-08,P,1.345,0.030600000,3,67
2026-07-23,GBU,OPT,GBUF7 P13500,2027-01-08,P,1.35,0.033400000,3,2
2026-07-23,GBU,OPT,GBUF7 P13550,2027-01-08,P,1.355,0.036400000,3,240
2026-07-23,GBU,OPT,GBUF7 P13600,2027-01-08,P,1.36,0.039600000,3,
2026-07-23,GBU,OPT,GBUF7 P13650,2027-01-08,P,1.365,0.043000000,3,
2026-07-23,GBU,OPT,GBUF7 P13700,2027-01-08,P,1.37,0.046600000,3,2
2026-07-23,GBU,OPT,GBUF7 P13750,2027-01-08,P,1.375,0.050300000,3,
2026-07-23,GBU,OPT,GBUF7 P13800,2027-01-08,P,1.38,0.054200000,3,1
2026-07-23,GBU,OPT,GBUF7 P13850,2027-01-08,P,1.385,0.058200000,3,
2026-07-23,GBU,OPT,GBUF7 P13900,2027-01-08,P,1.39,0.062300000,3,
2026-07-23,GBU,OPT,GBUF7 P13950,2027-01-08,P,1.395,0.066600000,3,
2026-07-23,GBU,OPT,GBUF7 P14000,2027-01-08,P,1.4,0.070900000,3,
2026-07-23,GBU,OPT,GBUF7 P14050,2027-01-08,P,1.405,0.075300000,3,
2026-07-23,GBU,OPT,GBUF7 P14100,2027-01-08,P,1.41,0.079700000,3,
2026-07-23,GBU,OPT,GBUF7 P14150,2027-01-08,P,1.415,0.084300000,3,
2026-07-23,GBU,OPT,GBUF7 P14200,2027-01-08,P,1.42,0.088800000,3,
2026-07-23,GBU,OPT,GBUF7 P14250,2027-01-08,P,1.425,0.093500000,3,
2026-07-23,GBU,OPT,GBUF7 P14300,2027-01-08,P,1.43,0.098200000,3,
2026-07-23,GBU,OPT,GBUF7 P14400,2027-01-08,P,1.44,0.107600000,3,
2026-07-23,GBU,OPT,GBUF7 P14500,2027-01-08,P,1.45,0.117200000,3,
2026-07-23,GBU,OPT,GBUF7 P14600,2027-01-08,P,1.46,0.126900000,3,
2026-07-23,GBU,OPT,GBUF7 P14700,2027-01-08,P,1.47,0.136600000,3,
2026-07-23,GBU,OPT,GBUF7 P14800,2027-01-08,P,1.48,0.146300000,3,
2026-07-23,GBU,OPT,GBUF7 P14900,2027-01-08,P,1.49,0.156100000,3,
2026-07-23,GBU,OPT,GBUF7 P15000,2027-01-08,P,1.5,0.165800000,3,
2026-07-23,GBU,OPT,GBUF7 P15100,2027-01-08,P,1.51,0.175600000,3,
2026-07-23,GBU,OPT,GBUF7 P15200,2027-01-08,P,1.52,0.185400000,3,
2026-07-23,GBU,OPT,GBUF7 P15300,2027-01-08,P,1.53,0.195200000,3,
2026-07-23,GBU,OPT,GBUF7 P15400,2027-01-08,P,1.54,0.205000000,3,
2026-07-23,GBU,OPT,GBUF7 P15500,2027-01-08,P,1.55,0.214800000,3,
2026-07-23,GBU,OPT,GBUF7 P15600,2027-01-08,P,1.56,0.224600000,3,
2026-07-23,GBU,OPT,GBUF7 P15700,2027-01-08,P,1.57,0.234400000,3,
2026-07-23,GBU,OPT,GBUF7 P15800,2027-01-08,P,1.58,0.244300000,3,
2026-07-23,GBU,OPT,GBUG7 C11200,2027-02-05,C,1.12,0.207700000,3,
2026-07-23,GBU,OPT,GBUG7 C11300,2027-02-05,C,1.13,0.198000000,3,
2026-07-23,GBU,OPT,GBUG7 C11400,2027-02-05,C,1.14,0.188300000,3,
2026-07-23,GBU,OPT,GBUG7 C11500,2027-02-05,C,1.15,0.178700000,3,
2026-07-23,GBU,OPT,GBUG7 C11600,2027-02-05,C,1.16,0.169000000,3,
2026-07-23,GBU,OPT,GBUG7 C11700,2027-02-05,C,1.17,0.159400000,3,
2026-07-23,GBU,OPT,GBUG7 C11800,2027-02-05,C,1.18,0.149800000,3,
2026-07-23,GBU,OPT,GBUG7 C11900,2027-02-05,C,1.19,0.140300000,3,
2026-07-23,GBU,OPT,GBUG7 C12000,2027-02-05,C,1.2,0.130900000,3,
2026-07-23,GBU,OPT,GBUG7 C12100,2027-02-05,C,1.21,0.121600000,3,
2026-07-23,GBU,OPT,GBUG7 C12200,2027-02-05,C,1.22,0.112400000,3,
2026-07-23,GBU,OPT,GBUG7 C12300,2027-02-05,C,1.23,0.103300000,3,
2026-07-23,GBU,OPT,GBUG7 C12400,2027-02-05,C,1.24,0.094300000,3,
2026-07-23,GBU,OPT,GBUG7 C12500,2027-02-05,C,1.25,0.085600000,3,
2026-07-23,GBU,OPT,GBUG7 C12600,2027-02-05,C,1.26,0.077000000,3,
2026-07-23,GBU,OPT,GBUG7 C12650,2027-02-05,C,1.265,0.072800000,3,
2026-07-23,GBU,OPT,GBUG7 C12700,2027-02-05,C,1.27,0.068700000,3,
2026-07-23,GBU,OPT,GBUG7 C12750,2027-02-05,C,1.275,0.064600000,3,
2026-07-23,GBU,OPT,GBUG7 C12800,2027-02-05,C,1.28,0.060600000,3,
2026-07-23,GBU,OPT,GBUG7 C12850,2027-02-05,C,1.285,0.056800000,3,
2026-07-23,GBU,OPT,GBUG7 C12900,2027-02-05,C,1.29,0.053000000,3,
2026-07-23,GBU,OPT,GBUG7 C12950,2027-02-05,C,1.295,0.049300000,3,
2026-07-23,GBU,OPT,GBUG7 C13000,2027-02-05,C,1.3,0.045700000,3,
2026-07-23,GBU,OPT,GBUG7 C13050,2027-02-05,C,1.305,0.042200000,3,
2026-07-23,GBU,OPT,GBUG7 C13100,2027-02-05,C,1.31,0.038900000,3,
2026-07-23,GBU,OPT,GBUG7 C13150,2027-02-05,C,1.315,0.035700000,3,
2026-07-23,GBU,OPT,GBUG7 C13200,2027-02-05,C,1.32,0.032600000,3,2
2026-07-23,GBU,OPT,GBUG7 C13250,2027-02-05,C,1.325,0.029700000,3,
2026-07-23,GBU,OPT,GBUG7 C13300,2027-02-05,C,1.33,0.026900000,3,4
2026-07-23,GBU,OPT,GBUG7 C13350,2027-02-05,C,1.335,0.024200000,3,
2026-07-23,GBU,OPT,GBUG7 C13400,2027-02-05,C,1.34,0.021800000,3,
2026-07-23,GBU,OPT,GBUG7 C13450,2027-02-05,C,1.345,0.019500000,3,4
2026-07-23,GBU,OPT,GBUG7 C13500,2027-02-05,C,1.35,0.017300000,3,
2026-07-23,GBU,OPT,GBUG7 C13550,2027-02-05,C,1.355,0.015300000,3,
2026-07-23,GBU,OPT,GBUG7 C13600,2027-02-05,C,1.36,0.013600000,3,
2026-07-23,GBU,OPT,GBUG7 C13650,2027-02-05,C,1.365,0.011900000,3,1
2026-07-23,GBU,OPT,GBUG7 C13700,2027-02-05,C,1.37,0.010500000,3,1
2026-07-23,GBU,OPT,GBUG7 C13750,2027-02-05,C,1.375,0.009100000,3,
2026-07-23,GBU,OPT,GBUG7 C13800,2027-02-05,C,1.38,0.008000000,3,402
2026-07-23,GBU,OPT,GBUG7 C13850,2027-02-05,C,1.385,0.006900000,3,
2026-07-23,GBU,OPT,GBUG7 C13900,2027-02-05,C,1.39,0.006000000,3,
2026-07-23,GBU,OPT,GBUG7 C13950,2027-02-05,C,1.395,0.005200000,3,
2026-07-23,GBU,OPT,GBUG7 C14000,2027-02-05,C,1.4,0.004500000,3,5
2026-07-23,GBU,OPT,GBUG7 C14050,2027-02-05,C,1.405,0.003900000,3,
2026-07-23,GBU,OPT,GBUG7 C14100,2027-02-05,C,1.41,0.003400000,3,
2026-07-23,GBU,OPT,GBUG7 C14150,2027-02-05,C,1.415,0.002900000,3,
2026-07-23,GBU,OPT,GBUG7 C14200,2027-02-05,C,1.42,0.002500000,3,43
2026-07-23,GBU,OPT,GBUG7 C14300,2027-02-05,C,1.43,0.001900000,3,
2026-07-23,GBU,OPT,GBUG7 C14400,2027-02-05,C,1.44,0.001400000,3,
2026-07-23,GBU,OPT,GBUG7 C14500,2027-02-05,C,1.45,0.001000000,3,
2026-07-23,GBU,OPT,GBUG7 C14600,2027-02-05,C,1.46,0.000800000,3,
2026-07-23,GBU,OPT,GBUG7 C14700,2027-02-05,C,1.47,0.000600000,3,1
2026-07-23,GBU,OPT,GBUG7 C14800,2027-02-05,C,1.48,0.000400000,3,
2026-07-23,GBU,OPT,GBUG7 C14900,2027-02-05,C,1.49,0.000300000,3,
2026-07-23,GBU,OPT,GBUG7 C15000,2027-02-05,C,1.5,0.000200000,3,
2026-07-23,GBU,OPT,GBUG7 C15100,2027-02-05,C,1.51,0.000200000,3,
2026-07-23,GBU,OPT,GBUG7 C15200,2027-02-05,C,1.52,0.000100000,3,
2026-07-23,GBU,OPT,GBUG7 C15300,2027-02-05,C,1.53,0.000100000,3,
2026-07-23,GBU,OPT,GBUG7 C15400,2027-02-05,C,1.54,0.000100000,3,
2026-07-23,GBU,OPT,GBUG7 C15500,2027-02-05,C,1.55,0.000100000,3,
2026-07-23,GBU,OPT,GBUG7 C15600,2027-02-05,C,1.56,0.000100000,3,
2026-07-23,GBU,OPT,GBUG7 C15700,2027-02-05,C,1.57,0.000100000,3,
2026-07-23,GBU,OPT,GBUG7 P11200,2027-02-05,P,1.12,0.000800000,3,
2026-07-23,GBU,OPT,GBUG7 P11300,2027-02-05,P,1.13,0.000900000,3,
2026-07-23,GBU,OPT,GBUG7 P11400,2027-02-05,P,1.14,0.001000000,3,
2026-07-23,GBU,OPT,GBUG7 P11500,2027-02-05,P,1.15,0.001200000,3,
2026-07-23,GBU,OPT,GBUG7 P11600,2027-02-05,P,1.16,0.001300000,3,
2026-07-23,GBU,OPT,GBUG7 P11700,2027-02-05,P,1.17,0.001500000,3,1
2026-07-23,GBU,OPT,GBUG7 P11800,2027-02-05,P,1.18,0.001700000,3,
2026-07-23,GBU,OPT,GBUG7 P11900,2027-02-05,P,1.19,0.002000000,3,
2026-07-23,GBU,OPT,GBUG7 P12000,2027-02-05,P,1.2,0.002400000,3,2
2026-07-23,GBU,OPT,GBUG7 P12100,2027-02-05,P,1.21,0.002900000,3,1
2026-07-23,GBU,OPT,GBUG7 P12200,2027-02-05,P,1.22,0.003400000,3,1
2026-07-23,GBU,OPT,GBUG7 P12300,2027-02-05,P,1.23,0.004100000,3,
2026-07-23,GBU,OPT,GBUG7 P12400,2027-02-05,P,1.24,0.005000000,3,
2026-07-23,GBU,OPT,GBUG7 P12500,2027-02-05,P,1.25,0.006000000,3,
2026-07-23,GBU,OPT,GBUG7 P12600,2027-02-05,P,1.26,0.007200000,3,
2026-07-23,GBU,OPT,GBUG7 P12650,2027-02-05,P,1.265,0.007900000,3,
2026-07-23,GBU,OPT,GBUG7 P12700,2027-02-05,P,1.27,0.008600000,3,
2026-07-23,GBU,OPT,GBUG7 P12750,2027-02-05,P,1.275,0.009500000,3,1
2026-07-23,GBU,OPT,GBUG7 P12800,2027-02-05,P,1.28,0.010400000,3,320
2026-07-23,GBU,OPT,GBUG7 P12850,2027-02-05,P,1.285,0.011400000,3,1
2026-07-23,GBU,OPT,GBUG7 P12900,2027-02-05,P,1.29,0.012500000,3,
2026-07-23,GBU,OPT,GBUG7 P12950,2027-02-05,P,1.295,0.013700000,3,100
2026-07-23,GBU,OPT,GBUG7 P13000,2027-02-05,P,1.3,0.015000000,3,2
2026-07-23,GBU,OPT,GBUG7 P13050,2027-02-05,P,1.305,0.016500000,3,
2026-07-23,GBU,OPT,GBUG7 P13100,2027-02-05,P,1.31,0.018000000,3,
2026-07-23,GBU,OPT,GBUG7 P13150,2027-02-05,P,1.315,0.019700000,3,
2026-07-23,GBU,OPT,GBUG7 P13200,2027-02-05,P,1.32,0.021500000,3,3
2026-07-23,GBU,OPT,GBUG7 P13250,2027-02-05,P,1.325,0.023500000,3,9
2026-07-23,GBU,OPT,GBUG7 P13300,2027-02-05,P,1.33,0.025600000,3,
2026-07-23,GBU,OPT,GBUG7 P13350,2027-02-05,P,1.335,0.027900000,3,
2026-07-23,GBU,OPT,GBUG7 P13400,2027-02-05,P,1.34,0.030300000,3,200
2026-07-23,GBU,OPT,GBUG7 P13450,2027-02-05,P,1.345,0.032900000,3,200
2026-07-23,GBU,OPT,GBUG7 P13500,2027-02-05,P,1.35,0.035600000,3,
2026-07-23,GBU,OPT,GBUG7 P13550,2027-02-05,P,1.355,0.038600000,3,
2026-07-23,GBU,OPT,GBUG7 P13600,2027-02-05,P,1.36,0.041700000,3,
2026-07-23,GBU,OPT,GBUG7 P13650,2027-02-05,P,1.365,0.044900000,3,
2026-07-23,GBU,OPT,GBUG7 P13700,2027-02-05,P,1.37,0.048300000,3,
2026-07-23,GBU,OPT,GBUG7 P13750,2027-02-05,P,1.375,0.051900000,3,
2026-07-23,GBU,OPT,GBUG7 P13800,2027-02-05,P,1.38,0.055700000,3,
2026-07-23,GBU,OPT,GBUG7 P13850,2027-02-05,P,1.385,0.059500000,3,
2026-07-23,GBU,OPT,GBUG7 P13900,2027-02-05,P,1.39,0.063500000,3,
2026-07-23,GBU,OPT,GBUG7 P13950,2027-02-05,P,1.395,0.067600000,3,
2026-07-23,GBU,OPT,GBUG7 P14000,2027-02-05,P,1.4,0.071800000,3,
2026-07-23,GBU,OPT,GBUG7 P14050,2027-02-05,P,1.405,0.076100000,3,
2026-07-23,GBU,OPT,GBUG7 P14100,2027-02-05,P,1.41,0.080500000,3,
2026-07-23,GBU,OPT,GBUG7 P14150,2027-02-05,P,1.415,0.084900000,3,
2026-07-23,GBU,OPT,GBUG7 P14200,2027-02-05,P,1.42,0.089400000,3,
2026-07-23,GBU,OPT,GBUG7 P14300,2027-02-05,P,1.43,0.098500000,3,
2026-07-23,GBU,OPT,GBUG7 P14400,2027-02-05,P,1.44,0.107800000,3,
2026-07-23,GBU,OPT,GBUG7 P14500,2027-02-05,P,1.45,0.117300000,3,
2026-07-23,GBU,OPT,GBUG7 P14600,2027-02-05,P,1.46,0.126800000,3,
2026-07-23,GBU,OPT,GBUG7 P14700,2027-02-05,P,1.47,0.136400000,3,
2026-07-23,GBU,OPT,GBUG7 P14800,2027-02-05,P,1.48,0.146000000,3,
2026-07-23,GBU,OPT,GBUG7 P14900,2027-02-05,P,1.49,0.155700000,3,
2026-07-23,GBU,OPT,GBUG7 P15000,2027-02-05,P,1.5,0.165400000,3,
2026-07-23,GBU,OPT,GBUG7 P15100,2027-02-05,P,1.51,0.175100000,3,
2026-07-23,GBU,OPT,GBUG7 P15200,2027-02-05,P,1.52,0.184900000,3,
2026-07-23,GBU,OPT,GBUG7 P15300,2027-02-05,P,1.53,0.194700000,3,
2026-07-23,GBU,OPT,GBUG7 P15400,2027-02-05,P,1.54,0.204400000,3,
2026-07-23,GBU,OPT,GBUG7 P15500,2027-02-05,P,1.55,0.214200000,3,
2026-07-23,GBU,OPT,GBUG7 P15600,2027-02-05,P,1.56,0.224000000,3,
2026-07-23,GBU,OPT,GBUG7 P15700,2027-02-05,P,1.57,0.233800000,3,
2026-07-23,GBU,OPT,GBUH7 C10700,2027-03-05,C,1.07,0.255600000,3,
2026-07-23,GBU,OPT,GBUH7 C10800,2027-03-05,C,1.08,0.245900000,3,
2026-07-23,GBU,OPT,GBUH7 C10900,2027-03-05,C,1.09,0.236300000,3,
2026-07-23,GBU,OPT,GBUH7 C11000,2027-03-05,C,1.1,0.226600000,3,
2026-07-23,GBU,OPT,GBUH7 C11100,2027-03-05,C,1.11,0.216900000,3,
2026-07-23,GBU,OPT,GBUH7 C11200,2027-03-05,C,1.12,0.207300000,3,
2026-07-23,GBU,OPT,GBUH7 C11300,2027-03-05,C,1.13,0.197600000,3,
2026-07-23,GBU,OPT,GBUH7 C11400,2027-03-05,C,1.14,0.188000000,3,
2026-07-23,GBU,OPT,GBUH7 C11500,2027-03-05,C,1.15,0.178400000,3,
2026-07-23,GBU,OPT,GBUH7 C11600,2027-03-05,C,1.16,0.168800000,3,
2026-07-23,GBU,OPT,GBUH7 C11700,2027-03-05,C,1.17,0.159300000,3,
2026-07-23,GBU,OPT,GBUH7 C11800,2027-03-05,C,1.18,0.149800000,3,
2026-07-23,GBU,OPT,GBUH7 C11900,2027-03-05,C,1.19,0.140400000,3,
2026-07-23,GBU,OPT,GBUH7 C12000,2027-03-05,C,1.2,0.131100000,3,
2026-07-23,GBU,OPT,GBUH7 C12100,2027-03-05,C,1.21,0.121900000,3,
2026-07-23,GBU,OPT,GBUH7 C12200,2027-03-05,C,1.22,0.112900000,3,
2026-07-23,GBU,OPT,GBUH7 C12250,2027-03-05,C,1.225,0.108400000,3,
2026-07-23,GBU,OPT,GBUH7 C12300,2027-03-05,C,1.23,0.104000000,3,
2026-07-23,GBU,OPT,GBUH7 C12350,2027-03-05,C,1.235,0.099600000,3,
2026-07-23,GBU,OPT,GBUH7 C12400,2027-03-05,C,1.24,0.095200000,3,
2026-07-23,GBU,OPT,GBUH7 C12450,2027-03-05,C,1.245,0.090900000,3,
2026-07-23,GBU,OPT,GBUH7 C12500,2027-03-05,C,1.25,0.086600000,3,
2026-07-23,GBU,OPT,GBUH7 C12550,2027-03-05,C,1.255,0.082400000,3,
2026-07-23,GBU,OPT,GBUH7 C12600,2027-03-05,C,1.26,0.078200000,3,
2026-07-23,GBU,OPT,GBUH7 C12650,2027-03-05,C,1.265,0.074100000,3,
2026-07-23,GBU,OPT,GBUH7 C12700,2027-03-05,C,1.27,0.070100000,3,
2026-07-23,GBU,OPT,GBUH7 C12750,2027-03-05,C,1.275,0.066100000,3,
2026-07-23,GBU,OPT,GBUH7 C12800,2027-03-05,C,1.28,0.062200000,3,
2026-07-23,GBU,OPT,GBUH7 C12850,2027-03-05,C,1.285,0.058400000,3,
2026-07-23,GBU,OPT,GBUH7 C12900,2027-03-05,C,1.29,0.054700000,3,
2026-07-23,GBU,OPT,GBUH7 C12950,2027-03-05,C,1.295,0.051000000,3,
2026-07-23,GBU,OPT,GBUH7 C13000,2027-03-05,C,1.3,0.047500000,3,
2026-07-23,GBU,OPT,GBUH7 C13050,2027-03-05,C,1.305,0.044100000,3,
2026-07-23,GBU,OPT,GBUH7 C13100,2027-03-05,C,1.31,0.040800000,3,
2026-07-23,GBU,OPT,GBUH7 C13150,2027-03-05,C,1.315,0.037600000,3,
2026-07-23,GBU,OPT,GBUH7 C13200,2027-03-05,C,1.32,0.034600000,3,
2026-07-23,GBU,OPT,GBUH7 C13250,2027-03-05,C,1.325,0.031600000,3,
2026-07-23,GBU,OPT,GBUH7 C13300,2027-03-05,C,1.33,0.028900000,3,12
2026-07-23,GBU,OPT,GBUH7 C13350,2027-03-05,C,1.335,0.026200000,3,
2026-07-23,GBU,OPT,GBUH7 C13400,2027-03-05,C,1.34,0.023700000,3,
2026-07-23,GBU,OPT,GBUH7 C13450,2027-03-05,C,1.345,0.021400000,3,
2026-07-23,GBU,OPT,GBUH7 C13500,2027-03-05,C,1.35,0.019200000,3,3
2026-07-23,GBU,OPT,GBUH7 C13550,2027-03-05,C,1.355,0.017200000,3,
2026-07-23,GBU,OPT,GBUH7 C13600,2027-03-05,C,1.36,0.015400000,3,2
2026-07-23,GBU,OPT,GBUH7 C13650,2027-03-05,C,1.365,0.013700000,3,
2026-07-23,GBU,OPT,GBUH7 C13700,2027-03-05,C,1.37,0.012100000,3,2
2026-07-23,GBU,OPT,GBUH7 C13750,2027-03-05,C,1.375,0.010700000,3,4
2026-07-23,GBU,OPT,GBUH7 C13800,2027-03-05,C,1.38,0.009500000,3,1
2026-07-23,GBU,OPT,GBUH7 C13850,2027-03-05,C,1.385,0.008400000,3,
2026-07-23,GBU,OPT,GBUH7 C13900,2027-03-05,C,1.39,0.007400000,3,2
2026-07-23,GBU,OPT,GBUH7 C13950,2027-03-05,C,1.395,0.006500000,3,
2026-07-23,GBU,OPT,GBUH7 C14000,2027-03-05,C,1.4,0.005700000,3,
2026-07-23,GBU,OPT,GBUH7 C14050,2027-03-05,C,1.405,0.005000000,3,
2026-07-23,GBU,OPT,GBUH7 C14100,2027-03-05,C,1.41,0.004400000,3,
2026-07-23,GBU,OPT,GBUH7 C14150,2027-03-05,C,1.415,0.003800000,3,
2026-07-23,GBU,OPT,GBUH7 C14200,2027-03-05,C,1.42,0.003300000,3,2
2026-07-23,GBU,OPT,GBUH7 C14250,2027-03-05,C,1.425,0.002900000,3,
2026-07-23,GBU,OPT,GBUH7 C14300,2027-03-05,C,1.43,0.002500000,3,
2026-07-23,GBU,OPT,GBUH7 C14400,2027-03-05,C,1.44,0.001900000,3,
2026-07-23,GBU,OPT,GBUH7 C14500,2027-03-05,C,1.45,0.001400000,3,
2026-07-23,GBU,OPT,GBUH7 C14600,2027-03-05,C,1.46,0.001100000,3,
2026-07-23,GBU,OPT,GBUH7 C14700,2027-03-05,C,1.47,0.000800000,3,
2026-07-23,GBU,OPT,GBUH7 C14800,2027-03-05,C,1.48,0.000700000,3,2
2026-07-23,GBU,OPT,GBUH7 C14900,2027-03-05,C,1.49,0.000500000,3,
2026-07-23,GBU,OPT,GBUH7 C15000,2027-03-05,C,1.5,0.000500000,3,
2026-07-23,GBU,OPT,GBUH7 C15100,2027-03-05,C,1.51,0.000400000,3,
2026-07-23,GBU,OPT,GBUH7 C15200,2027-03-05,C,1.52,0.000300000,3,
2026-07-23,GBU,OPT,GBUH7 C15300,2027-03-05,C,1.53,0.000300000,3,
2026-07-23,GBU,OPT,GBUH7 C15400,2027-03-05,C,1.54,0.000200000,3,
2026-07-23,GBU,OPT,GBUH7 C15500,2027-03-05,C,1.55,0.000200000,3,
2026-07-23,GBU,OPT,GBUH7 C15600,2027-03-05,C,1.56,0.000100000,3,
2026-07-23,GBU,OPT,GBUH7 C15700,2027-03-05,C,1.57,0.000100000,3,
2026-07-23,GBU,OPT,GBUH7 C15800,2027-03-05,C,1.58,0.000100000,3,
2026-07-23,GBU,OPT,GBUH7 P10700,2027-03-05,P,1.07,0.000600000,3,12
2026-07-23,GBU,OPT,GBUH7 P10800,2027-03-05,P,1.08,0.000700000,3,3
2026-07-23,GBU,OPT,GBUH7 P10900,2027-03-05,P,1.09,0.000700000,3,
2026-07-23,GBU,OPT,GBUH7 P11000,2027-03-05,P,1.1,0.000800000,3,1
2026-07-23,GBU,OPT,GBUH7 P11100,2027-03-05,P,1.11,0.000900000,3,
2026-07-23,GBU,OPT,GBUH7 P11200,2027-03-05,P,1.12,0.001000000,3,
2026-07-23,GBU,OPT,GBUH7 P11300,2027-03-05,P,1.13,0.001200000,3,
2026-07-23,GBU,OPT,GBUH7 P11400,2027-03-05,P,1.14,0.001300000,3,
2026-07-23,GBU,OPT,GBUH7 P11500,2027-03-05,P,1.15,0.001400000,3,1
2026-07-23,GBU,OPT,GBUH7 P11600,2027-03-05,P,1.16,0.001600000,3,
2026-07-23,GBU,OPT,GBUH7 P11700,2027-03-05,P,1.17,0.001800000,3,
2026-07-23,GBU,OPT,GBUH7 P11800,2027-03-05,P,1.18,0.002100000,3,
2026-07-23,GBU,OPT,GBUH7 P11900,2027-03-05,P,1.19,0.002500000,3,
2026-07-23,GBU,OPT,GBUH7 P12000,2027-03-05,P,1.2,0.003000000,3,
2026-07-23,GBU,OPT,GBUH7 P12100,2027-03-05,P,1.21,0.003600000,3,4
2026-07-23,GBU,OPT,GBUH7 P12200,2027-03-05,P,1.22,0.004300000,3,
2026-07-23,GBU,OPT,GBUH7 P12250,2027-03-05,P,1.225,0.004700000,3,1
2026-07-23,GBU,OPT,GBUH7 P12300,2027-03-05,P,1.23,0.005100000,3,1
2026-07-23,GBU,OPT,GBUH7 P12350,2027-03-05,P,1.235,0.005600000,3,
2026-07-23,GBU,OPT,GBUH7 P12400,2027-03-05,P,1.24,0.006100000,3,
2026-07-23,GBU,OPT,GBUH7 P12450,2027-03-05,P,1.245,0.006600000,3,
2026-07-23,GBU,OPT,GBUH7 P12500,2027-03-05,P,1.25,0.007200000,3,
2026-07-23,GBU,OPT,GBUH7 P12550,2027-03-05,P,1.255,0.007900000,3,
2026-07-23,GBU,OPT,GBUH7 P12600,2027-03-05,P,1.26,0.008600000,3,
2026-07-23,GBU,OPT,GBUH7 P12650,2027-03-05,P,1.265,0.009400000,3,
2026-07-23,GBU,OPT,GBUH7 P12700,2027-03-05,P,1.27,0.010200000,3,
2026-07-23,GBU,OPT,GBUH7 P12750,2027-03-05,P,1.275,0.011100000,3,1
2026-07-23,GBU,OPT,GBUH7 P12800,2027-03-05,P,1.28,0.012100000,3,1
2026-07-23,GBU,OPT,GBUH7 P12850,2027-03-05,P,1.285,0.013200000,3,1
2026-07-23,GBU,OPT,GBUH7 P12900,2027-03-05,P,1.29,0.014400000,3,1
2026-07-23,GBU,OPT,GBUH7 P12950,2027-03-05,P,1.295,0.015600000,3,
2026-07-23,GBU,OPT,GBUH7 P13000,2027-03-05,P,1.3,0.017000000,3,4
2026-07-23,GBU,OPT,GBUH7 P13050,2027-03-05,P,1.305,0.018400000,3,4
2026-07-23,GBU,OPT,GBUH7 P13100,2027-03-05,P,1.31,0.020000000,3,
2026-07-23,GBU,OPT,GBUH7 P13150,2027-03-05,P,1.315,0.021700000,3,
2026-07-23,GBU,OPT,GBUH7 P13200,2027-03-05,P,1.32,0.023500000,3,4
2026-07-23,GBU,OPT,GBUH7 P13250,2027-03-05,P,1.325,0.025500000,3,
2026-07-23,GBU,OPT,GBUH7 P13300,2027-03-05,P,1.33,0.027600000,3,1
2026-07-23,GBU,OPT,GBUH7 P13350,2027-03-05,P,1.335,0.029800000,3,
2026-07-23,GBU,OPT,GBUH7 P13400,2027-03-05,P,1.34,0.032200000,3,1
2026-07-23,GBU,OPT,GBUH7 P13450,2027-03-05,P,1.345,0.034800000,3,
2026-07-23,GBU,OPT,GBUH7 P13500,2027-03-05,P,1.35,0.037500000,3,1
2026-07-23,GBU,OPT,GBUH7 P13550,2027-03-05,P,1.355,0.040300000,3,
2026-07-23,GBU,OPT,GBUH7 P13600,2027-03-05,P,1.36,0.043400000,3,
2026-07-23,GBU,OPT,GBUH7 P13650,2027-03-05,P,1.365,0.046600000,3,
2026-07-23,GBU,OPT,GBUH7 P13700,2027-03-05,P,1.37,0.049900000,3,
2026-07-23,GBU,OPT,GBUH7 P13750,2027-03-05,P,1.375,0.053400000,3,
2026-07-23,GBU,OPT,GBUH7 P13800,2027-03-05,P,1.38,0.057000000,3,
2026-07-23,GBU,OPT,GBUH7 P13850,2027-03-05,P,1.385,0.060800000,3,
2026-07-23,GBU,OPT,GBUH7 P13900,2027-03-05,P,1.39,0.064700000,3,
2026-07-23,GBU,OPT,GBUH7 P13950,2027-03-05,P,1.395,0.068600000,3,
2026-07-23,GBU,OPT,GBUH7 P14000,2027-03-05,P,1.4,0.072700000,3,
2026-07-23,GBU,OPT,GBUH7 P14050,2027-03-05,P,1.405,0.076900000,3,
2026-07-23,GBU,OPT,GBUH7 P14100,2027-03-05,P,1.41,0.081200000,3,
2026-07-23,GBU,OPT,GBUH7 P14150,2027-03-05,P,1.415,0.085500000,3,
2026-07-23,GBU,OPT,GBUH7 P14200,2027-03-05,P,1.42,0.089900000,3,
2026-07-23,GBU,OPT,GBUH7 P14250,2027-03-05,P,1.425,0.094400000,3,
2026-07-23,GBU,OPT,GBUH7 P14300,2027-03-05,P,1.43,0.098900000,3,
2026-07-23,GBU,OPT,GBUH7 P14400,2027-03-05,P,1.44,0.108000000,3,
2026-07-23,GBU,OPT,GBUH7 P14500,2027-03-05,P,1.45,0.117300000,3,
2026-07-23,GBU,OPT,GBUH7 P14600,2027-03-05,P,1.46,0.126700000,3,
2026-07-23,GBU,OPT,GBUH7 P14700,2027-03-05,P,1.47,0.136200000,3,
2026-07-23,GBU,OPT,GBUH7 P14800,2027-03-05,P,1.48,0.145800000,3,
2026-07-23,GBU,OPT,GBUH7 P14900,2027-03-05,P,1.49,0.155400000,3,
2026-07-23,GBU,OPT,GBUH7 P15000,2027-03-05,P,1.5,0.165100000,3,
2026-07-23,GBU,OPT,GBUH7 P15100,2027-03-05,P,1.51,0.174800000,3,
2026-07-23,GBU,OPT,GBUH7 P15200,2027-03-05,P,1.52,0.184500000,3,
2026-07-23,GBU,OPT,GBUH7 P15300,2027-03-05,P,1.53,0.194200000,3,
2026-07-23,GBU,OPT,GBUH7 P15400,2027-03-05,P,1.54,0.203900000,3,
2026-07-23,GBU,OPT,GBUH7 P15500,2027-03-05,P,1.55,0.213600000,3,
2026-07-23,GBU,OPT,GBUH7 P15600,2027-03-05,P,1.56,0.223400000,3,
2026-07-23,GBU,OPT,GBUH7 P15700,2027-03-05,P,1.57,0.233100000,3,
2026-07-23,GBU,OPT,GBUH7 P15800,2027-03-05,P,1.58,0.242800000,3,
2026-07-23,GBU,OPT,GBUJ7 C11200,2027-04-09,C,1.12,0.206200000,3,
2026-07-23,GBU,OPT,GBUJ7 C11300,2027-04-09,C,1.13,0.196700000,3,
2026-07-23,GBU,OPT,GBUJ7 C11400,2027-04-09,C,1.14,0.187100000,3,
2026-07-23,GBU,OPT,GBUJ7 C11500,2027-04-09,C,1.15,0.177600000,3,
2026-07-23,GBU,OPT,GBUJ7 C11600,2027-04-09,C,1.16,0.168200000,3,
2026-07-23,GBU,OPT,GBUJ7 C11700,2027-04-09,C,1.17,0.158700000,3,
2026-07-23,GBU,OPT,GBUJ7 C11800,2027-04-09,C,1.18,0.149400000,3,
2026-07-23,GBU,OPT,GBUJ7 C11900,2027-04-09,C,1.19,0.140200000,3,
2026-07-23,GBU,OPT,GBUJ7 C12000,2027-04-09,C,1.2,0.131000000,3,
2026-07-23,GBU,OPT,GBUJ7 C12100,2027-04-09,C,1.21,0.122000000,3,
2026-07-23,GBU,OPT,GBUJ7 C12200,2027-04-09,C,1.22,0.113100000,3,
2026-07-23,GBU,OPT,GBUJ7 C12300,2027-04-09,C,1.23,0.104300000,3,
2026-07-23,GBU,OPT,GBUJ7 C12400,2027-04-09,C,1.24,0.095700000,3,
2026-07-23,GBU,OPT,GBUJ7 C12500,2027-04-09,C,1.25,0.087300000,3,
2026-07-23,GBU,OPT,GBUJ7 C12600,2027-04-09,C,1.26,0.079100000,3,
2026-07-23,GBU,OPT,GBUJ7 C12650,2027-04-09,C,1.265,0.075100000,3,
2026-07-23,GBU,OPT,GBUJ7 C12700,2027-04-09,C,1.27,0.071100000,3,
2026-07-23,GBU,OPT,GBUJ7 C12750,2027-04-09,C,1.275,0.067300000,3,
2026-07-23,GBU,OPT,GBUJ7 C12800,2027-04-09,C,1.28,0.063500000,3,
2026-07-23,GBU,OPT,GBUJ7 C12850,2027-04-09,C,1.285,0.059800000,3,
2026-07-23,GBU,OPT,GBUJ7 C12900,2027-04-09,C,1.29,0.056100000,3,
2026-07-23,GBU,OPT,GBUJ7 C12950,2027-04-09,C,1.295,0.052600000,3,
2026-07-23,GBU,OPT,GBUJ7 C13000,2027-04-09,C,1.3,0.049200000,3,
2026-07-23,GBU,OPT,GBUJ7 C13050,2027-04-09,C,1.305,0.045800000,3,
2026-07-23,GBU,OPT,GBUJ7 C13100,2027-04-09,C,1.31,0.042600000,3,
2026-07-23,GBU,OPT,GBUJ7 C13150,2027-04-09,C,1.315,0.039500000,3,
2026-07-23,GBU,OPT,GBUJ7 C13200,2027-04-09,C,1.32,0.036500000,3,
2026-07-23,GBU,OPT,GBUJ7 C13250,2027-04-09,C,1.325,0.033700000,3,
2026-07-23,GBU,OPT,GBUJ7 C13300,2027-04-09,C,1.33,0.030900000,3,
2026-07-23,GBU,OPT,GBUJ7 C13350,2027-04-09,C,1.335,0.028300000,3,3
2026-07-23,GBU,OPT,GBUJ7 C13400,2027-04-09,C,1.34,0.025900000,3,
2026-07-23,GBU,OPT,GBUJ7 C13450,2027-04-09,C,1.345,0.023600000,3,
2026-07-23,GBU,OPT,GBUJ7 C13500,2027-04-09,C,1.35,0.021400000,3,22
2026-07-23,GBU,OPT,GBUJ7 C13550,2027-04-09,C,1.355,0.019400000,3,
2026-07-23,GBU,OPT,GBUJ7 C13600,2027-04-09,C,1.36,0.017500000,3,
2026-07-23,GBU,OPT,GBUJ7 C13650,2027-04-09,C,1.365,0.015800000,3,1
2026-07-23,GBU,OPT,GBUJ7 C13700,2027-04-09,C,1.37,0.014200000,3,1
2026-07-23,GBU,OPT,GBUJ7 C13750,2027-04-09,C,1.375,0.012700000,3,
2026-07-23,GBU,OPT,GBUJ7 C13800,2027-04-09,C,1.38,0.011400000,3,
2026-07-23,GBU,OPT,GBUJ7 C13850,2027-04-09,C,1.385,0.010200000,3,
2026-07-23,GBU,OPT,GBUJ7 C13900,2027-04-09,C,1.39,0.009100000,3,
2026-07-23,GBU,OPT,GBUJ7 C13950,2027-04-09,C,1.395,0.008100000,3,
2026-07-23,GBU,OPT,GBUJ7 C14000,2027-04-09,C,1.4,0.007200000,3,22
2026-07-23,GBU,OPT,GBUJ7 C14050,2027-04-09,C,1.405,0.006400000,3,
2026-07-23,GBU,OPT,GBUJ7 C14100,2027-04-09,C,1.41,0.005700000,3,
2026-07-23,GBU,OPT,GBUJ7 C14200,2027-04-09,C,1.42,0.004500000,3,
2026-07-23,GBU,OPT,GBUJ7 C14300,2027-04-09,C,1.43,0.003500000,3,
2026-07-23,GBU,OPT,GBUJ7 C14400,2027-04-09,C,1.44,0.002700000,3,
2026-07-23,GBU,OPT,GBUJ7 C14500,2027-04-09,C,1.45,0.002100000,3,
2026-07-23,GBU,OPT,GBUJ7 C14600,2027-04-09,C,1.46,0.001700000,3,
2026-07-23,GBU,OPT,GBUJ7 C14700,2027-04-09,C,1.47,0.001300000,3,4
2026-07-23,GBU,OPT,GBUJ7 C14800,2027-04-09,C,1.48,0.001000000,3,
2026-07-23,GBU,OPT,GBUJ7 C14900,2027-04-09,C,1.49,0.000800000,3,
2026-07-23,GBU,OPT,GBUJ7 C15000,2027-04-09,C,1.5,0.000700000,3,
2026-07-23,GBU,OPT,GBUJ7 C15100,2027-04-09,C,1.51,0.000500000,3,
2026-07-23,GBU,OPT,GBUJ7 C15200,2027-04-09,C,1.52,0.000400000,3,
2026-07-23,GBU,OPT,GBUJ7 C15300,2027-04-09,C,1.53,0.000400000,3,
2026-07-23,GBU,OPT,GBUJ7 C15400,2027-04-09,C,1.54,0.000300000,3,
2026-07-23,GBU,OPT,GBUJ7 C15500,2027-04-09,C,1.55,0.000300000,3,
2026-07-23,GBU,OPT,GBUJ7 P11200,2027-04-09,P,1.12,0.001400000,3,
2026-07-23,GBU,OPT,GBUJ7 P11300,2027-04-09,P,1.13,0.001600000,3,
2026-07-23,GBU,OPT,GBUJ7 P11400,2027-04-09,P,1.14,0.001700000,3,
2026-07-23,GBU,OPT,GBUJ7 P11500,2027-04-09,P,1.15,0.002000000,3,
2026-07-23,GBU,OPT,GBUJ7 P11600,2027-04-09,P,1.16,0.002200000,3,
2026-07-23,GBU,OPT,GBUJ7 P11700,2027-04-09,P,1.17,0.002500000,3,
2026-07-23,GBU,OPT,GBUJ7 P11800,2027-04-09,P,1.18,0.002900000,3,90
2026-07-23,GBU,OPT,GBUJ7 P11900,2027-04-09,P,1.19,0.003400000,3,
2026-07-23,GBU,OPT,GBUJ7 P12000,2027-04-09,P,1.2,0.004000000,3,5
2026-07-23,GBU,OPT,GBUJ7 P12100,2027-04-09,P,1.21,0.004700000,3,
2026-07-23,GBU,OPT,GBUJ7 P12200,2027-04-09,P,1.22,0.005500000,3,
2026-07-23,GBU,OPT,GBUJ7 P12300,2027-04-09,P,1.23,0.006400000,3,
2026-07-23,GBU,OPT,GBUJ7 P12400,2027-04-09,P,1.24,0.007500000,3,
2026-07-23,GBU,OPT,GBUJ7 P12500,2027-04-09,P,1.25,0.008800000,3,10
2026-07-23,GBU,OPT,GBUJ7 P12600,2027-04-09,P,1.26,0.010300000,3,
2026-07-23,GBU,OPT,GBUJ7 P12650,2027-04-09,P,1.265,0.011200000,3,
2026-07-23,GBU,OPT,GBUJ7 P12700,2027-04-09,P,1.27,0.012100000,3,1
2026-07-23,GBU,OPT,GBUJ7 P12750,2027-04-09,P,1.275,0.013100000,3,1
2026-07-23,GBU,OPT,GBUJ7 P12800,2027-04-09,P,1.28,0.014200000,3,23
2026-07-23,GBU,OPT,GBUJ7 P12850,2027-04-09,P,1.285,0.015300000,3,
2026-07-23,GBU,OPT,GBUJ7 P12900,2027-04-09,P,1.29,0.016600000,3,
2026-07-23,GBU,OPT,GBUJ7 P12950,2027-04-09,P,1.295,0.017900000,3,
2026-07-23,GBU,OPT,GBUJ7 P13000,2027-04-09,P,1.3,0.019300000,3,
2026-07-23,GBU,OPT,GBUJ7 P13050,2027-04-09,P,1.305,0.020900000,3,
2026-07-23,GBU,OPT,GBUJ7 P13100,2027-04-09,P,1.31,0.022500000,3,
2026-07-23,GBU,OPT,GBUJ7 P13150,2027-04-09,P,1.315,0.024200000,3,
2026-07-23,GBU,OPT,GBUJ7 P13200,2027-04-09,P,1.32,0.026100000,3,
2026-07-23,GBU,OPT,GBUJ7 P13250,2027-04-09,P,1.325,0.028100000,3,
2026-07-23,GBU,OPT,GBUJ7 P13300,2027-04-09,P,1.33,0.030200000,3,600
2026-07-23,GBU,OPT,GBUJ7 P13350,2027-04-09,P,1.335,0.032500000,3,
2026-07-23,GBU,OPT,GBUJ7 P13400,2027-04-09,P,1.34,0.034900000,3,50
2026-07-23,GBU,OPT,GBUJ7 P13450,2027-04-09,P,1.345,0.037500000,3,
2026-07-23,GBU,OPT,GBUJ7 P13500,2027-04-09,P,1.35,0.040200000,3,
2026-07-23,GBU,OPT,GBUJ7 P13550,2027-04-09,P,1.355,0.043000000,3,3
2026-07-23,GBU,OPT,GBUJ7 P13600,2027-04-09,P,1.36,0.046000000,3,50
2026-07-23,GBU,OPT,GBUJ7 P13650,2027-04-09,P,1.365,0.049100000,3,
2026-07-23,GBU,OPT,GBUJ7 P13700,2027-04-09,P,1.37,0.052400000,3,
2026-07-23,GBU,OPT,GBUJ7 P13750,2027-04-09,P,1.375,0.055800000,3,
2026-07-23,GBU,OPT,GBUJ7 P13800,2027-04-09,P,1.38,0.059300000,3,
2026-07-23,GBU,OPT,GBUJ7 P13850,2027-04-09,P,1.385,0.062900000,3,
2026-07-23,GBU,OPT,GBUJ7 P13900,2027-04-09,P,1.39,0.066700000,3,
2026-07-23,GBU,OPT,GBUJ7 P13950,2027-04-09,P,1.395,0.070600000,3,
2026-07-23,GBU,OPT,GBUJ7 P14000,2027-04-09,P,1.4,0.074600000,3,
2026-07-23,GBU,OPT,GBUJ7 P14050,2027-04-09,P,1.405,0.078600000,3,
2026-07-23,GBU,OPT,GBUJ7 P14100,2027-04-09,P,1.41,0.082800000,3,
2026-07-23,GBU,OPT,GBUJ7 P14200,2027-04-09,P,1.42,0.091300000,3,
2026-07-23,GBU,OPT,GBUJ7 P14300,2027-04-09,P,1.43,0.100000000,3,1
2026-07-23,GBU,OPT,GBUJ7 P14400,2027-04-09,P,1.44,0.109000000,3,1
2026-07-23,GBU,OPT,GBUJ7 P14500,2027-04-09,P,1.45,0.118100000,3,
2026-07-23,GBU,OPT,GBUJ7 P14600,2027-04-09,P,1.46,0.127400000,3,
2026-07-23,GBU,OPT,GBUJ7 P14700,2027-04-09,P,1.47,0.136700000,3,
2026-07-23,GBU,OPT,GBUJ7 P14800,2027-04-09,P,1.48,0.146200000,3,
2026-07-23,GBU,OPT,GBUJ7 P14900,2027-04-09,P,1.49,0.155700000,3,
2026-07-23,GBU,OPT,GBUJ7 P15000,2027-04-09,P,1.5,0.165200000,3,
2026-07-23,GBU,OPT,GBUJ7 P15100,2027-04-09,P,1.51,0.174800000,3,
2026-07-23,GBU,OPT,GBUJ7 P15200,2027-04-09,P,1.52,0.184500000,3,
2026-07-23,GBU,OPT,GBUJ7 P15300,2027-04-09,P,1.53,0.194100000,3,
2026-07-23,GBU,OPT,GBUJ7 P15400,2027-04-09,P,1.54,0.203800000,3,
2026-07-23,GBU,OPT,GBUJ7 P15500,2027-04-09,P,1.55,0.213500000,3,
2026-07-23,GBU,OPT,GBUK7 C11200,2027-05-07,C,1.12,0.205900000,3,
2026-07-23,GBU,OPT,GBUK7 C11300,2027-05-07,C,1.13,0.196400000,3,
2026-07-23,GBU,OPT,GBUK7 C11400,2027-05-07,C,1.14,0.187000000,3,
2026-07-23,GBU,OPT,GBUK7 C11500,2027-05-07,C,1.15,0.177500000,3,
2026-07-23,GBU,OPT,GBUK7 C11600,2027-05-07,C,1.16,0.168200000,3,
2026-07-23,GBU,OPT,GBUK7 C11700,2027-05-07,C,1.17,0.158900000,3,
2026-07-23,GBU,OPT,GBUK7 C11800,2027-05-07,C,1.18,0.149600000,3,
2026-07-23,GBU,OPT,GBUK7 C11900,2027-05-07,C,1.19,0.140500000,3,
2026-07-23,GBU,OPT,GBUK7 C12000,2027-05-07,C,1.2,0.131500000,3,
2026-07-23,GBU,OPT,GBUK7 C12100,2027-05-07,C,1.21,0.122600000,3,
2026-07-23,GBU,OPT,GBUK7 C12200,2027-05-07,C,1.22,0.113800000,3,
2026-07-23,GBU,OPT,GBUK7 C12300,2027-05-07,C,1.23,0.105100000,3,
2026-07-23,GBU,OPT,GBUK7 C12400,2027-05-07,C,1.24,0.096700000,3,
2026-07-23,GBU,OPT,GBUK7 C12500,2027-05-07,C,1.25,0.088400000,3,
2026-07-23,GBU,OPT,GBUK7 C12600,2027-05-07,C,1.26,0.080300000,3,
2026-07-23,GBU,OPT,GBUK7 C12650,2027-05-07,C,1.265,0.076300000,3,
2026-07-23,GBU,OPT,GBUK7 C12700,2027-05-07,C,1.27,0.072500000,3,
2026-07-23,GBU,OPT,GBUK7 C12750,2027-05-07,C,1.275,0.068700000,3,
2026-07-23,GBU,OPT,GBUK7 C12800,2027-05-07,C,1.28,0.064900000,3,
2026-07-23,GBU,OPT,GBUK7 C12850,2027-05-07,C,1.285,0.061300000,3,
2026-07-23,GBU,OPT,GBUK7 C12900,2027-05-07,C,1.29,0.057700000,3,
2026-07-23,GBU,OPT,GBUK7 C12950,2027-05-07,C,1.295,0.054200000,3,
2026-07-23,GBU,OPT,GBUK7 C13000,2027-05-07,C,1.3,0.050900000,3,
2026-07-23,GBU,OPT,GBUK7 C13050,2027-05-07,C,1.305,0.047600000,3,
2026-07-23,GBU,OPT,GBUK7 C13100,2027-05-07,C,1.31,0.044400000,3,
2026-07-23,GBU,OPT,GBUK7 C13150,2027-05-07,C,1.315,0.041300000,3,
2026-07-23,GBU,OPT,GBUK7 C13200,2027-05-07,C,1.32,0.038400000,3,4
2026-07-23,GBU,OPT,GBUK7 C13250,2027-05-07,C,1.325,0.035500000,3,
2026-07-23,GBU,OPT,GBUK7 C13300,2027-05-07,C,1.33,0.032800000,3,
2026-07-23,GBU,OPT,GBUK7 C13350,2027-05-07,C,1.335,0.030200000,3,
2026-07-23,GBU,OPT,GBUK7 C13400,2027-05-07,C,1.34,0.027800000,3,5
2026-07-23,GBU,OPT,GBUK7 C13450,2027-05-07,C,1.345,0.025400000,3,
2026-07-23,GBU,OPT,GBUK7 C13500,2027-05-07,C,1.35,0.023200000,3,
2026-07-23,GBU,OPT,GBUK7 C13550,2027-05-07,C,1.355,0.021100000,3,
2026-07-23,GBU,OPT,GBUK7 C13600,2027-05-07,C,1.36,0.019200000,3,
2026-07-23,GBU,OPT,GBUK7 C13650,2027-05-07,C,1.365,0.017400000,3,1
2026-07-23,GBU,OPT,GBUK7 C13700,2027-05-07,C,1.37,0.015800000,3,1
2026-07-23,GBU,OPT,GBUK7 C13750,2027-05-07,C,1.375,0.014300000,3,
2026-07-23,GBU,OPT,GBUK7 C13800,2027-05-07,C,1.38,0.012900000,3,
2026-07-23,GBU,OPT,GBUK7 C13850,2027-05-07,C,1.385,0.011600000,3,
2026-07-23,GBU,OPT,GBUK7 C13900,2027-05-07,C,1.39,0.010500000,3,
2026-07-23,GBU,OPT,GBUK7 C13950,2027-05-07,C,1.395,0.009400000,3,
2026-07-23,GBU,OPT,GBUK7 C14000,2027-05-07,C,1.4,0.008500000,3,
2026-07-23,GBU,OPT,GBUK7 C14050,2027-05-07,C,1.405,0.007600000,3,
2026-07-23,GBU,OPT,GBUK7 C14100,2027-05-07,C,1.41,0.006800000,3,
2026-07-23,GBU,OPT,GBUK7 C14200,2027-05-07,C,1.42,0.005500000,3,
2026-07-23,GBU,OPT,GBUK7 C14300,2027-05-07,C,1.43,0.004400000,3,
2026-07-23,GBU,OPT,GBUK7 C14400,2027-05-07,C,1.44,0.003500000,3,
2026-07-23,GBU,OPT,GBUK7 C14500,2027-05-07,C,1.45,0.002800000,3,
2026-07-23,GBU,OPT,GBUK7 C14600,2027-05-07,C,1.46,0.002200000,3,
2026-07-23,GBU,OPT,GBUK7 C14700,2027-05-07,C,1.47,0.001800000,3,
2026-07-23,GBU,OPT,GBUK7 C14800,2027-05-07,C,1.48,0.001400000,3,
2026-07-23,GBU,OPT,GBUK7 C14900,2027-05-07,C,1.49,0.001100000,3,
2026-07-23,GBU,OPT,GBUK7 C15000,2027-05-07,C,1.5,0.000900000,3,
2026-07-23,GBU,OPT,GBUK7 C15100,2027-05-07,C,1.51,0.000700000,3,
2026-07-23,GBU,OPT,GBUK7 C15200,2027-05-07,C,1.52,0.000600000,3,2
2026-07-23,GBU,OPT,GBUK7 C15300,2027-05-07,C,1.53,0.000500000,3,
2026-07-23,GBU,OPT,GBUK7 C15400,2027-05-07,C,1.54,0.000400000,3,
2026-07-23,GBU,OPT,GBUK7 C15500,2027-05-07,C,1.55,0.000300000,3,
2026-07-23,GBU,OPT,GBUK7 P11200,2027-05-07,P,1.12,0.001700000,3,
2026-07-23,GBU,OPT,GBUK7 P11300,2027-05-07,P,1.13,0.001900000,3,2
2026-07-23,GBU,OPT,GBUK7 P11400,2027-05-07,P,1.14,0.002200000,3,
2026-07-23,GBU,OPT,GBUK7 P11500,2027-05-07,P,1.15,0.002500000,3,3
2026-07-23,GBU,OPT,GBUK7 P11600,2027-05-07,P,1.16,0.002800000,3,
2026-07-23,GBU,OPT,GBUK7 P11700,2027-05-07,P,1.17,0.003200000,3,
2026-07-23,GBU,OPT,GBUK7 P11800,2027-05-07,P,1.18,0.003600000,3,
2026-07-23,GBU,OPT,GBUK7 P11900,2027-05-07,P,1.19,0.004200000,3,
2026-07-23,GBU,OPT,GBUK7 P12000,2027-05-07,P,1.2,0.004900000,3,
2026-07-23,GBU,OPT,GBUK7 P12100,2027-05-07,P,1.21,0.005600000,3,
2026-07-23,GBU,OPT,GBUK7 P12200,2027-05-07,P,1.22,0.006500000,3,
2026-07-23,GBU,OPT,GBUK7 P12300,2027-05-07,P,1.23,0.007600000,3,
2026-07-23,GBU,OPT,GBUK7 P12400,2027-05-07,P,1.24,0.008800000,3,
2026-07-23,GBU,OPT,GBUK7 P12500,2027-05-07,P,1.25,0.010200000,3,
2026-07-23,GBU,OPT,GBUK7 P12600,2027-05-07,P,1.26,0.011800000,3,1
2026-07-23,GBU,OPT,GBUK7 P12650,2027-05-07,P,1.265,0.012700000,3,
2026-07-23,GBU,OPT,GBUK7 P12700,2027-05-07,P,1.27,0.013700000,3,1
2026-07-23,GBU,OPT,GBUK7 P12750,2027-05-07,P,1.275,0.014700000,3,
2026-07-23,GBU,OPT,GBUK7 P12800,2027-05-07,P,1.28,0.015800000,3,1
2026-07-23,GBU,OPT,GBUK7 P12850,2027-05-07,P,1.285,0.017000000,3,
2026-07-23,GBU,OPT,GBUK7 P12900,2027-05-07,P,1.29,0.018300000,3,
2026-07-23,GBU,OPT,GBUK7 P12950,2027-05-07,P,1.295,0.019700000,3,
2026-07-23,GBU,OPT,GBUK7 P13000,2027-05-07,P,1.3,0.021100000,3,10
2026-07-23,GBU,OPT,GBUK7 P13050,2027-05-07,P,1.305,0.022700000,3,
2026-07-23,GBU,OPT,GBUK7 P13100,2027-05-07,P,1.31,0.024400000,3,
2026-07-23,GBU,OPT,GBUK7 P13150,2027-05-07,P,1.315,0.026100000,3,
2026-07-23,GBU,OPT,GBUK7 P13200,2027-05-07,P,1.32,0.028000000,3,50
2026-07-23,GBU,OPT,GBUK7 P13250,2027-05-07,P,1.325,0.030000000,3,
2026-07-23,GBU,OPT,GBUK7 P13300,2027-05-07,P,1.33,0.032100000,3,
2026-07-23,GBU,OPT,GBUK7 P13350,2027-05-07,P,1.335,0.034400000,3,
2026-07-23,GBU,OPT,GBUK7 P13400,2027-05-07,P,1.34,0.036800000,3,
2026-07-23,GBU,OPT,GBUK7 P13450,2027-05-07,P,1.345,0.039300000,3,
2026-07-23,GBU,OPT,GBUK7 P13500,2027-05-07,P,1.35,0.041900000,3,50
2026-07-23,GBU,OPT,GBUK7 P13550,2027-05-07,P,1.355,0.044700000,3,
2026-07-23,GBU,OPT,GBUK7 P13600,2027-05-07,P,1.36,0.047600000,3,
2026-07-23,GBU,OPT,GBUK7 P13650,2027-05-07,P,1.365,0.050700000,3,
2026-07-23,GBU,OPT,GBUK7 P13700,2027-05-07,P,1.37,0.053900000,3,
2026-07-23,GBU,OPT,GBUK7 P13750,2027-05-07,P,1.375,0.057200000,3,
2026-07-23,GBU,OPT,GBUK7 P13800,2027-05-07,P,1.38,0.060600000,3,
2026-07-23,GBU,OPT,GBUK7 P13850,2027-05-07,P,1.385,0.064200000,3,
2026-07-23,GBU,OPT,GBUK7 P13900,2027-05-07,P,1.39,0.067900000,3,
2026-07-23,GBU,OPT,GBUK7 P13950,2027-05-07,P,1.395,0.071700000,3,
2026-07-23,GBU,OPT,GBUK7 P14000,2027-05-07,P,1.4,0.075600000,3,
2026-07-23,GBU,OPT,GBUK7 P14050,2027-05-07,P,1.405,0.079600000,3,
2026-07-23,GBU,OPT,GBUK7 P14100,2027-05-07,P,1.41,0.083700000,3,
2026-07-23,GBU,OPT,GBUK7 P14200,2027-05-07,P,1.42,0.092000000,3,
2026-07-23,GBU,OPT,GBUK7 P14300,2027-05-07,P,1.43,0.100600000,3,
2026-07-23,GBU,OPT,GBUK7 P14400,2027-05-07,P,1.44,0.109400000,3,
2026-07-23,GBU,OPT,GBUK7 P14500,2027-05-07,P,1.45,0.118400000,3,
2026-07-23,GBU,OPT,GBUK7 P14600,2027-05-07,P,1.46,0.127500000,3,
2026-07-23,GBU,OPT,GBUK7 P14700,2027-05-07,P,1.47,0.136700000,3,
2026-07-23,GBU,OPT,GBUK7 P14800,2027-05-07,P,1.48,0.146100000,3,
2026-07-23,GBU,OPT,GBUK7 P14900,2027-05-07,P,1.49,0.155500000,3,
2026-07-23,GBU,OPT,GBUK7 P15000,2027-05-07,P,1.5,0.164900000,3,
2026-07-23,GBU,OPT,GBUK7 P15100,2027-05-07,P,1.51,0.174500000,3,
2026-07-23,GBU,OPT,GBUK7 P15200,2027-05-07,P,1.52,0.184000000,3,
2026-07-23,GBU,OPT,GBUK7 P15300,2027-05-07,P,1.53,0.193600000,3,
2026-07-23,GBU,OPT,GBUK7 P15400,2027-05-07,P,1.54,0.203200000,3,
2026-07-23,GBU,OPT,GBUK7 P15500,2027-05-07,P,1.55,0.212800000,3,
2026-07-23,GBU,OPT,GBUM7 C11000,2027-06-04,C,1.1,0.224500000,3,
2026-07-23,GBU,OPT,GBUM7 C11100,2027-06-04,C,1.11,0.215100000,3,
2026-07-23,GBU,OPT,GBUM7 C11200,2027-06-04,C,1.12,0.205600000,3,
2026-07-23,GBU,OPT,GBUM7 C11300,2027-06-04,C,1.13,0.196200000,3,
2026-07-23,GBU,OPT,GBUM7 C11400,2027-06-04,C,1.14,0.186800000,3,
2026-07-23,GBU,OPT,GBUM7 C11500,2027-06-04,C,1.15,0.177400000,3,
2026-07-23,GBU,OPT,GBUM7 C11600,2027-06-04,C,1.16,0.168100000,3,
2026-07-23,GBU,OPT,GBUM7 C11700,2027-06-04,C,1.17,0.158900000,3,
2026-07-23,GBU,OPT,GBUM7 C11800,2027-06-04,C,1.18,0.149800000,3,
2026-07-23,GBU,OPT,GBUM7 C11900,2027-06-04,C,1.19,0.140800000,3,
2026-07-23,GBU,OPT,GBUM7 C12000,2027-06-04,C,1.2,0.131900000,3,
2026-07-23,GBU,OPT,GBUM7 C12100,2027-06-04,C,1.21,0.123100000,3,
2026-07-23,GBU,OPT,GBUM7 C12200,2027-06-04,C,1.22,0.114400000,3,
2026-07-23,GBU,OPT,GBUM7 C12300,2027-06-04,C,1.23,0.105900000,3,
2026-07-23,GBU,OPT,GBUM7 C12400,2027-06-04,C,1.24,0.097600000,3,
2026-07-23,GBU,OPT,GBUM7 C12500,2027-06-04,C,1.25,0.089400000,3,
2026-07-23,GBU,OPT,GBUM7 C12550,2027-06-04,C,1.255,0.085400000,3,
2026-07-23,GBU,OPT,GBUM7 C12600,2027-06-04,C,1.26,0.081500000,3,
2026-07-23,GBU,OPT,GBUM7 C12650,2027-06-04,C,1.265,0.077600000,3,
2026-07-23,GBU,OPT,GBUM7 C12700,2027-06-04,C,1.27,0.073800000,3,
2026-07-23,GBU,OPT,GBUM7 C12750,2027-06-04,C,1.275,0.070100000,3,
2026-07-23,GBU,OPT,GBUM7 C12800,2027-06-04,C,1.28,0.066400000,3,
2026-07-23,GBU,OPT,GBUM7 C12850,2027-06-04,C,1.285,0.062900000,3,
2026-07-23,GBU,OPT,GBUM7 C12900,2027-06-04,C,1.29,0.059300000,3,
2026-07-23,GBU,OPT,GBUM7 C12950,2027-06-04,C,1.295,0.055900000,3,
2026-07-23,GBU,OPT,GBUM7 C13000,2027-06-04,C,1.3,0.052600000,3,
2026-07-23,GBU,OPT,GBUM7 C13050,2027-06-04,C,1.305,0.049300000,3,
2026-07-23,GBU,OPT,GBUM7 C13100,2027-06-04,C,1.31,0.046100000,3,
2026-07-23,GBU,OPT,GBUM7 C13150,2027-06-04,C,1.315,0.043100000,3,
2026-07-23,GBU,OPT,GBUM7 C13200,2027-06-04,C,1.32,0.040100000,3,
2026-07-23,GBU,OPT,GBUM7 C13250,2027-06-04,C,1.325,0.037300000,3,
2026-07-23,GBU,OPT,GBUM7 C13300,2027-06-04,C,1.33,0.034600000,3,
2026-07-23,GBU,OPT,GBUM7 C13350,2027-06-04,C,1.335,0.032000000,3,
2026-07-23,GBU,OPT,GBUM7 C13400,2027-06-04,C,1.34,0.029500000,3,
2026-07-23,GBU,OPT,GBUM7 C13450,2027-06-04,C,1.345,0.027100000,3,
2026-07-23,GBU,OPT,GBUM7 C13500,2027-06-04,C,1.35,0.024900000,3,5
2026-07-23,GBU,OPT,GBUM7 C13550,2027-06-04,C,1.355,0.022800000,3,
2026-07-23,GBU,OPT,GBUM7 C13600,2027-06-04,C,1.36,0.020900000,3,
2026-07-23,GBU,OPT,GBUM7 C13650,2027-06-04,C,1.365,0.019000000,3,2
2026-07-23,GBU,OPT,GBUM7 C13700,2027-06-04,C,1.37,0.017300000,3,1
2026-07-23,GBU,OPT,GBUM7 C13750,2027-06-04,C,1.375,0.015800000,3,4
2026-07-23,GBU,OPT,GBUM7 C13800,2027-06-04,C,1.38,0.014300000,3,5
2026-07-23,GBU,OPT,GBUM7 C13850,2027-06-04,C,1.385,0.013000000,3,
2026-07-23,GBU,OPT,GBUM7 C13900,2027-06-04,C,1.39,0.011800000,3,
2026-07-23,GBU,OPT,GBUM7 C13950,2027-06-04,C,1.395,0.010700000,3,
2026-07-23,GBU,OPT,GBUM7 C14000,2027-06-04,C,1.4,0.009700000,3,8
2026-07-23,GBU,OPT,GBUM7 C14050,2027-06-04,C,1.405,0.008700000,3,
2026-07-23,GBU,OPT,GBUM7 C14100,2027-06-04,C,1.41,0.007900000,3,
2026-07-23,GBU,OPT,GBUM7 C14150,2027-06-04,C,1.415,0.007100000,3,
2026-07-23,GBU,OPT,GBUM7 C14200,2027-06-04,C,1.42,0.006400000,3,1
2026-07-23,GBU,OPT,GBUM7 C14250,2027-06-04,C,1.425,0.005800000,3,
2026-07-23,GBU,OPT,GBUM7 C14300,2027-06-04,C,1.43,0.005200000,3,
2026-07-23,GBU,OPT,GBUM7 C14400,2027-06-04,C,1.44,0.004300000,3,1
2026-07-23,GBU,OPT,GBUM7 C14500,2027-06-04,C,1.45,0.003500000,3,
2026-07-23,GBU,OPT,GBUM7 C14600,2027-06-04,C,1.46,0.002800000,3,
2026-07-23,GBU,OPT,GBUM7 C14700,2027-06-04,C,1.47,0.002300000,3,
2026-07-23,GBU,OPT,GBUM7 C14800,2027-06-04,C,1.48,0.001800000,3,
2026-07-23,GBU,OPT,GBUM7 C14900,2027-06-04,C,1.49,0.001500000,3,
2026-07-23,GBU,OPT,GBUM7 C15000,2027-06-04,C,1.5,0.001200000,3,
2026-07-23,GBU,OPT,GBUM7 C15100,2027-06-04,C,1.51,0.001000000,3,
2026-07-23,GBU,OPT,GBUM7 C15200,2027-06-04,C,1.52,0.000800000,3,
2026-07-23,GBU,OPT,GBUM7 C15300,2027-06-04,C,1.53,0.000700000,3,
2026-07-23,GBU,OPT,GBUM7 C15400,2027-06-04,C,1.54,0.000500000,3,
2026-07-23,GBU,OPT,GBUM7 C15500,2027-06-04,C,1.55,0.000400000,3,
2026-07-23,GBU,OPT,GBUM7 C15600,2027-06-04,C,1.56,0.000300000,3,
2026-07-23,GBU,OPT,GBUM7 C15700,2027-06-04,C,1.57,0.000300000,3,
2026-07-23,GBU,OPT,GBUM7 P11000,2027-06-04,P,1.1,0.001700000,3,2
2026-07-23,GBU,OPT,GBUM7 P11100,2027-06-04,P,1.11,0.001900000,3,
2026-07-23,GBU,OPT,GBUM7 P11200,2027-06-04,P,1.12,0.002100000,3,
2026-07-23,GBU,OPT,GBUM7 P11300,2027-06-04,P,1.13,0.002300000,3,
2026-07-23,GBU,OPT,GBUM7 P11400,2027-06-04,P,1.14,0.002600000,3,
2026-07-23,GBU,OPT,GBUM7 P11500,2027-06-04,P,1.15,0.002900000,3,5
2026-07-23,GBU,OPT,GBUM7 P11600,2027-06-04,P,1.16,0.003300000,3,
2026-07-23,GBU,OPT,GBUM7 P11700,2027-06-04,P,1.17,0.003700000,3,
2026-07-23,GBU,OPT,GBUM7 P11800,2027-06-04,P,1.18,0.004300000,3,
2026-07-23,GBU,OPT,GBUM7 P11900,2027-06-04,P,1.19,0.004900000,3,1
2026-07-23,GBU,OPT,GBUM7 P12000,2027-06-04,P,1.2,0.005700000,3,2
2026-07-23,GBU,OPT,GBUM7 P12100,2027-06-04,P,1.21,0.006500000,3,
2026-07-23,GBU,OPT,GBUM7 P12200,2027-06-04,P,1.22,0.007500000,3,
2026-07-23,GBU,OPT,GBUM7 P12300,2027-06-04,P,1.23,0.008600000,3,
2026-07-23,GBU,OPT,GBUM7 P12400,2027-06-04,P,1.24,0.010000000,3,4
2026-07-23,GBU,OPT,GBUM7 P12500,2027-06-04,P,1.25,0.011500000,3,
2026-07-23,GBU,OPT,GBUM7 P12550,2027-06-04,P,1.255,0.012300000,3,
2026-07-23,GBU,OPT,GBUM7 P12600,2027-06-04,P,1.26,0.013200000,3,
2026-07-23,GBU,OPT,GBUM7 P12650,2027-06-04,P,1.265,0.014200000,3,
2026-07-23,GBU,OPT,GBUM7 P12700,2027-06-04,P,1.27,0.015200000,3,1
2026-07-23,GBU,OPT,GBUM7 P12750,2027-06-04,P,1.275,0.016300000,3,
2026-07-23,GBU,OPT,GBUM7 P12800,2027-06-04,P,1.28,0.017500000,3,
2026-07-23,GBU,OPT,GBUM7 P12850,2027-06-04,P,1.285,0.018700000,3,
2026-07-23,GBU,OPT,GBUM7 P12900,2027-06-04,P,1.29,0.020000000,3,
2026-07-23,GBU,OPT,GBUM7 P12950,2027-06-04,P,1.295,0.021400000,3,
2026-07-23,GBU,OPT,GBUM7 P13000,2027-06-04,P,1.3,0.022900000,3,8
2026-07-23,GBU,OPT,GBUM7 P13050,2027-06-04,P,1.305,0.024500000,3,
2026-07-23,GBU,OPT,GBUM7 P13100,2027-06-04,P,1.31,0.026200000,3,
2026-07-23,GBU,OPT,GBUM7 P13150,2027-06-04,P,1.315,0.027900000,3,
2026-07-23,GBU,OPT,GBUM7 P13200,2027-06-04,P,1.32,0.029800000,3,100
2026-07-23,GBU,OPT,GBUM7 P13250,2027-06-04,P,1.325,0.031800000,3,
2026-07-23,GBU,OPT,GBUM7 P13300,2027-06-04,P,1.33,0.033900000,3,2
2026-07-23,GBU,OPT,GBUM7 P13350,2027-06-04,P,1.335,0.036100000,3,
2026-07-23,GBU,OPT,GBUM7 P13400,2027-06-04,P,1.34,0.038500000,3,
2026-07-23,GBU,OPT,GBUM7 P13450,2027-06-04,P,1.345,0.041000000,3,
2026-07-23,GBU,OPT,GBUM7 P13500,2027-06-04,P,1.35,0.043600000,3,100
2026-07-23,GBU,OPT,GBUM7 P13550,2027-06-04,P,1.355,0.046300000,3,
2026-07-23,GBU,OPT,GBUM7 P13600,2027-06-04,P,1.36,0.049200000,3,2
2026-07-23,GBU,OPT,GBUM7 P13650,2027-06-04,P,1.365,0.052200000,3,
2026-07-23,GBU,OPT,GBUM7 P13700,2027-06-04,P,1.37,0.055300000,3,
2026-07-23,GBU,OPT,GBUM7 P13750,2027-06-04,P,1.375,0.058600000,3,
2026-07-23,GBU,OPT,GBUM7 P13800,2027-06-04,P,1.38,0.061900000,3,
2026-07-23,GBU,OPT,GBUM7 P13850,2027-06-04,P,1.385,0.065400000,3,
2026-07-23,GBU,OPT,GBUM7 P13900,2027-06-04,P,1.39,0.069100000,3,1
2026-07-23,GBU,OPT,GBUM7 P13950,2027-06-04,P,1.395,0.072800000,3,
2026-07-23,GBU,OPT,GBUM7 P14000,2027-06-04,P,1.4,0.076600000,3,
2026-07-23,GBU,OPT,GBUM7 P14050,2027-06-04,P,1.405,0.080500000,3,
2026-07-23,GBU,OPT,GBUM7 P14100,2027-06-04,P,1.41,0.084500000,3,
2026-07-23,GBU,OPT,GBUM7 P14150,2027-06-04,P,1.415,0.088500000,3,
2026-07-23,GBU,OPT,GBUM7 P14200,2027-06-04,P,1.42,0.092700000,3,
2026-07-23,GBU,OPT,GBUM7 P14250,2027-06-04,P,1.425,0.096900000,3,
2026-07-23,GBU,OPT,GBUM7 P14300,2027-06-04,P,1.43,0.101100000,3,
2026-07-23,GBU,OPT,GBUM7 P14400,2027-06-04,P,1.44,0.109800000,3,
2026-07-23,GBU,OPT,GBUM7 P14500,2027-06-04,P,1.45,0.118700000,3,
2026-07-23,GBU,OPT,GBUM7 P14600,2027-06-04,P,1.46,0.127700000,3,
2026-07-23,GBU,OPT,GBUM7 P14700,2027-06-04,P,1.47,0.136800000,3,
2026-07-23,GBU,OPT,GBUM7 P14800,2027-06-04,P,1.48,0.146100000,3,
2026-07-23,GBU,OPT,GBUM7 P14900,2027-06-04,P,1.49,0.155400000,3,
2026-07-23,GBU,OPT,GBUM7 P15000,2027-06-04,P,1.5,0.164700000,3,
2026-07-23,GBU,OPT,GBUM7 P15100,2027-06-04,P,1.51,0.174200000,3,
2026-07-23,GBU,OPT,GBUM7 P15200,2027-06-04,P,1.52,0.183700000,3,
2026-07-23,GBU,OPT,GBUM7 P15300,2027-06-04,P,1.53,0.193200000,3,
2026-07-23,GBU,OPT,GBUM7 P15400,2027-06-04,P,1.54,0.202700000,3,
2026-07-23,GBU,OPT,GBUM7 P15500,2027-06-04,P,1.55,0.212200000,3,
2026-07-23,GBU,OPT,GBUM7 P15600,2027-06-04,P,1.56,0.221800000,3,
2026-07-23,GBU,OPT,GBUM7 P15700,2027-06-04,P,1.57,0.231400000,3,
2026-07-23,GBU,OPT,GBUN7 C11400,2027-07-09,C,1.14,0.185700000,3,
2026-07-23,GBU,OPT,GBUN7 C11500,2027-07-09,C,1.15,0.176500000,3,
2026-07-23,GBU,OPT,GBUN7 C11600,2027-07-09,C,1.16,0.167400000,3,
2026-07-23,GBU,OPT,GBUN7 C11700,2027-07-09,C,1.17,0.158400000,3,
2026-07-23,GBU,OPT,GBUN7 C11800,2027-07-09,C,1.18,0.149400000,3,
2026-07-23,GBU,OPT,GBUN7 C11900,2027-07-09,C,1.19,0.140500000,3,
2026-07-23,GBU,OPT,GBUN7 C12000,2027-07-09,C,1.2,0.131800000,3,
2026-07-23,GBU,OPT,GBUN7 C12100,2027-07-09,C,1.21,0.123100000,3,
2026-07-23,GBU,OPT,GBUN7 C12200,2027-07-09,C,1.22,0.114600000,3,
2026-07-23,GBU,OPT,GBUN7 C12300,2027-07-09,C,1.23,0.106200000,3,
2026-07-23,GBU,OPT,GBUN7 C12400,2027-07-09,C,1.24,0.098000000,3,
2026-07-23,GBU,OPT,GBUN7 C12500,2027-07-09,C,1.25,0.090000000,3,
2026-07-23,GBU,OPT,GBUN7 C12600,2027-07-09,C,1.26,0.082200000,3,
2026-07-23,GBU,OPT,GBUN7 C12700,2027-07-09,C,1.27,0.074600000,3,
2026-07-23,GBU,OPT,GBUN7 C12800,2027-07-09,C,1.28,0.067400000,3,
2026-07-23,GBU,OPT,GBUN7 C12850,2027-07-09,C,1.285,0.063800000,3,
2026-07-23,GBU,OPT,GBUN7 C12900,2027-07-09,C,1.29,0.060400000,3,
2026-07-23,GBU,OPT,GBUN7 C12950,2027-07-09,C,1.295,0.057000000,3,
2026-07-23,GBU,OPT,GBUN7 C13000,2027-07-09,C,1.3,0.053700000,3,
2026-07-23,GBU,OPT,GBUN7 C13050,2027-07-09,C,1.305,0.050500000,3,
2026-07-23,GBU,OPT,GBUN7 C13100,2027-07-09,C,1.31,0.047400000,3,
2026-07-23,GBU,OPT,GBUN7 C13150,2027-07-09,C,1.315,0.044400000,3,
2026-07-23,GBU,OPT,GBUN7 C13200,2027-07-09,C,1.32,0.041500000,3,
2026-07-23,GBU,OPT,GBUN7 C13250,2027-07-09,C,1.325,0.038700000,3,
2026-07-23,GBU,OPT,GBUN7 C13300,2027-07-09,C,1.33,0.036100000,3,
2026-07-23,GBU,OPT,GBUN7 C13350,2027-07-09,C,1.335,0.033500000,3,
2026-07-23,GBU,OPT,GBUN7 C13400,2027-07-09,C,1.34,0.031100000,3,
2026-07-23,GBU,OPT,GBUN7 C13450,2027-07-09,C,1.345,0.028800000,3,
2026-07-23,GBU,OPT,GBUN7 C13500,2027-07-09,C,1.35,0.026600000,3,3
2026-07-23,GBU,OPT,GBUN7 C13550,2027-07-09,C,1.355,0.024500000,3,
2026-07-23,GBU,OPT,GBUN7 C13600,2027-07-09,C,1.36,0.022600000,3,
2026-07-23,GBU,OPT,GBUN7 C13650,2027-07-09,C,1.365,0.020800000,3,
2026-07-23,GBU,OPT,GBUN7 C13700,2027-07-09,C,1.37,0.019100000,3,1
2026-07-23,GBU,OPT,GBUN7 C13750,2027-07-09,C,1.375,0.017500000,3,
2026-07-23,GBU,OPT,GBUN7 C13800,2027-07-09,C,1.38,0.016000000,3,
2026-07-23,GBU,OPT,GBUN7 C13850,2027-07-09,C,1.385,0.014600000,3,
2026-07-23,GBU,OPT,GBUN7 C13900,2027-07-09,C,1.39,0.013400000,3,
2026-07-23,GBU,OPT,GBUN7 C13950,2027-07-09,C,1.395,0.012200000,3,
2026-07-23,GBU,OPT,GBUN7 C14000,2027-07-09,C,1.4,0.011100000,3,
2026-07-23,GBU,OPT,GBUN7 C14100,2027-07-09,C,1.41,0.009200000,3,
2026-07-23,GBU,OPT,GBUN7 C14200,2027-07-09,C,1.42,0.007600000,3,
2026-07-23,GBU,OPT,GBUN7 C14300,2027-07-09,C,1.43,0.006300000,3,
2026-07-23,GBU,OPT,GBUN7 C14400,2027-07-09,C,1.44,0.005200000,3,
2026-07-23,GBU,OPT,GBUN7 C14500,2027-07-09,C,1.45,0.004200000,3,
2026-07-23,GBU,OPT,GBUN7 C14600,2027-07-09,C,1.46,0.003500000,3,
2026-07-23,GBU,OPT,GBUN7 C14700,2027-07-09,C,1.47,0.002800000,3,
2026-07-23,GBU,OPT,GBUN7 C14800,2027-07-09,C,1.48,0.002300000,3,
2026-07-23,GBU,OPT,GBUN7 C14900,2027-07-09,C,1.49,0.001900000,3,
2026-07-23,GBU,OPT,GBUN7 C15000,2027-07-09,C,1.5,0.001500000,3,2
2026-07-23,GBU,OPT,GBUN7 C15100,2027-07-09,C,1.51,0.001200000,3,
2026-07-23,GBU,OPT,GBUN7 C15200,2027-07-09,C,1.52,0.001000000,3,
2026-07-23,GBU,OPT,GBUN7 C15300,2027-07-09,C,1.53,0.000800000,3,
2026-07-23,GBU,OPT,GBUN7 C15400,2027-07-09,C,1.54,0.000700000,3,
2026-07-23,GBU,OPT,GBUN7 C15500,2027-07-09,C,1.55,0.000500000,3,
2026-07-23,GBU,OPT,GBUN7 P11400,2027-07-09,P,1.14,0.003000000,3,
2026-07-23,GBU,OPT,GBUN7 P11500,2027-07-09,P,1.15,0.003400000,3,2
2026-07-23,GBU,OPT,GBUN7 P11600,2027-07-09,P,1.16,0.003900000,3,
2026-07-23,GBU,OPT,GBUN7 P11700,2027-07-09,P,1.17,0.004500000,3,
2026-07-23,GBU,OPT,GBUN7 P11800,2027-07-09,P,1.18,0.005200000,3,
2026-07-23,GBU,OPT,GBUN7 P11900,2027-07-09,P,1.19,0.006000000,3,1
2026-07-23,GBU,OPT,GBUN7 P12000,2027-07-09,P,1.2,0.006800000,3,
2026-07-23,GBU,OPT,GBUN7 P12100,2027-07-09,P,1.21,0.007800000,3,
2026-07-23,GBU,OPT,GBUN7 P12200,2027-07-09,P,1.22,0.008900000,3,
2026-07-23,GBU,OPT,GBUN7 P12300,2027-07-09,P,1.23,0.010100000,3,
2026-07-23,GBU,OPT,GBUN7 P12400,2027-07-09,P,1.24,0.011500000,3,
2026-07-23,GBU,OPT,GBUN7 P12500,2027-07-09,P,1.25,0.013100000,3,
2026-07-23,GBU,OPT,GBUN7 P12600,2027-07-09,P,1.26,0.014900000,3,
2026-07-23,GBU,OPT,GBUN7 P12700,2027-07-09,P,1.27,0.017000000,3,2
2026-07-23,GBU,OPT,GBUN7 P12800,2027-07-09,P,1.28,0.019400000,3,2
2026-07-23,GBU,OPT,GBUN7 P12850,2027-07-09,P,1.285,0.020600000,3,1
2026-07-23,GBU,OPT,GBUN7 P12900,2027-07-09,P,1.29,0.022000000,3,
2026-07-23,GBU,OPT,GBUN7 P12950,2027-07-09,P,1.295,0.023400000,3,
2026-07-23,GBU,OPT,GBUN7 P13000,2027-07-09,P,1.3,0.025000000,3,
2026-07-23,GBU,OPT,GBUN7 P13050,2027-07-09,P,1.305,0.026600000,3,
2026-07-23,GBU,OPT,GBUN7 P13100,2027-07-09,P,1.31,0.028300000,3,
2026-07-23,GBU,OPT,GBUN7 P13150,2027-07-09,P,1.315,0.030100000,3,
2026-07-23,GBU,OPT,GBUN7 P13200,2027-07-09,P,1.32,0.032000000,3,
2026-07-23,GBU,OPT,GBUN7 P13250,2027-07-09,P,1.325,0.034000000,3,
2026-07-23,GBU,OPT,GBUN7 P13300,2027-07-09,P,1.33,0.036100000,3,
2026-07-23,GBU,OPT,GBUN7 P13350,2027-07-09,P,1.335,0.038400000,3,
2026-07-23,GBU,OPT,GBUN7 P13400,2027-07-09,P,1.34,0.040800000,3,1
2026-07-23,GBU,OPT,GBUN7 P13450,2027-07-09,P,1.345,0.043300000,3,
2026-07-23,GBU,OPT,GBUN7 P13500,2027-07-09,P,1.35,0.045900000,3,3
2026-07-23,GBU,OPT,GBUN7 P13550,2027-07-09,P,1.355,0.048700000,3,
2026-07-23,GBU,OPT,GBUN7 P13600,2027-07-09,P,1.36,0.051500000,3,
2026-07-23,GBU,OPT,GBUN7 P13650,2027-07-09,P,1.365,0.054500000,3,
2026-07-23,GBU,OPT,GBUN7 P13700,2027-07-09,P,1.37,0.057600000,3,
2026-07-23,GBU,OPT,GBUN7 P13750,2027-07-09,P,1.375,0.060900000,3,
2026-07-23,GBU,OPT,GBUN7 P13800,2027-07-09,P,1.38,0.064200000,3,
2026-07-23,GBU,OPT,GBUN7 P13850,2027-07-09,P,1.385,0.067600000,3,
2026-07-23,GBU,OPT,GBUN7 P13900,2027-07-09,P,1.39,0.071200000,3,
2026-07-23,GBU,OPT,GBUN7 P13950,2027-07-09,P,1.395,0.074800000,3,
2026-07-23,GBU,OPT,GBUN7 P14000,2027-07-09,P,1.4,0.078600000,3,
2026-07-23,GBU,OPT,GBUN7 P14100,2027-07-09,P,1.41,0.086300000,3,
2026-07-23,GBU,OPT,GBUN7 P14200,2027-07-09,P,1.42,0.094300000,3,
2026-07-23,GBU,OPT,GBUN7 P14300,2027-07-09,P,1.43,0.102600000,3,
2026-07-23,GBU,OPT,GBUN7 P14400,2027-07-09,P,1.44,0.111100000,3,
2026-07-23,GBU,OPT,GBUN7 P14500,2027-07-09,P,1.45,0.119800000,3,
2026-07-23,GBU,OPT,GBUN7 P14600,2027-07-09,P,1.46,0.128600000,3,
2026-07-23,GBU,OPT,GBUN7 P14700,2027-07-09,P,1.47,0.137600000,3,
2026-07-23,GBU,OPT,GBUN7 P14800,2027-07-09,P,1.48,0.146700000,3,
2026-07-23,GBU,OPT,GBUN7 P14900,2027-07-09,P,1.49,0.155900000,3,
2026-07-23,GBU,OPT,GBUN7 P15000,2027-07-09,P,1.5,0.165200000,3,
2026-07-23,GBU,OPT,GBUN7 P15100,2027-07-09,P,1.51,0.174500000,3,
2026-07-23,GBU,OPT,GBUN7 P15200,2027-07-09,P,1.52,0.183900000,3,
2026-07-23,GBU,OPT,GBUN7 P15300,2027-07-09,P,1.53,0.193300000,3,
2026-07-23,GBU,OPT,GBUN7 P15400,2027-07-09,P,1.54,0.202800000,3,
2026-07-23,GBU,OPT,GBUN7 P15500,2027-07-09,P,1.55,0.212300000,3,
2026-07-23,GBU,OPT,GBUU7 C11000,2027-09-03,C,1.1,0.222200000,3,
2026-07-23,GBU,OPT,GBUU7 C11100,2027-09-03,C,1.11,0.213000000,3,
2026-07-23,GBU,OPT,GBUU7 C11200,2027-09-03,C,1.12,0.203900000,3,
2026-07-23,GBU,OPT,GBUU7 C11300,2027-09-03,C,1.13,0.194800000,3,
2026-07-23,GBU,OPT,GBUU7 C11400,2027-09-03,C,1.14,0.185800000,3,
2026-07-23,GBU,OPT,GBUU7 C11500,2027-09-03,C,1.15,0.176700000,3,
2026-07-23,GBU,OPT,GBUU7 C11600,2027-09-03,C,1.16,0.167700000,3,
2026-07-23,GBU,OPT,GBUU7 C11700,2027-09-03,C,1.17,0.158700000,3,
2026-07-23,GBU,OPT,GBUU7 C11800,2027-09-03,C,1.18,0.149900000,3,
2026-07-23,GBU,OPT,GBUU7 C11900,2027-09-03,C,1.19,0.141200000,3,
2026-07-23,GBU,OPT,GBUU7 C12000,2027-09-03,C,1.2,0.132600000,3,
2026-07-23,GBU,OPT,GBUU7 C12100,2027-09-03,C,1.21,0.124200000,3,
2026-07-23,GBU,OPT,GBUU7 C12200,2027-09-03,C,1.22,0.115800000,3,
2026-07-23,GBU,OPT,GBUU7 C12300,2027-09-03,C,1.23,0.107600000,3,
2026-07-23,GBU,OPT,GBUU7 C12400,2027-09-03,C,1.24,0.099600000,3,
2026-07-23,GBU,OPT,GBUU7 C12450,2027-09-03,C,1.245,0.095700000,3,
2026-07-23,GBU,OPT,GBUU7 C12500,2027-09-03,C,1.25,0.091800000,3,
2026-07-23,GBU,OPT,GBUU7 C12550,2027-09-03,C,1.255,0.087900000,3,
2026-07-23,GBU,OPT,GBUU7 C12600,2027-09-03,C,1.26,0.084100000,3,
2026-07-23,GBU,OPT,GBUU7 C12650,2027-09-03,C,1.265,0.080300000,3,
2026-07-23,GBU,OPT,GBUU7 C12700,2027-09-03,C,1.27,0.076600000,3,
2026-07-23,GBU,OPT,GBUU7 C12750,2027-09-03,C,1.275,0.073000000,3,
2026-07-23,GBU,OPT,GBUU7 C12800,2027-09-03,C,1.28,0.069400000,3,
2026-07-23,GBU,OPT,GBUU7 C12850,2027-09-03,C,1.285,0.065900000,3,
2026-07-23,GBU,OPT,GBUU7 C12900,2027-09-03,C,1.29,0.062500000,3,
2026-07-23,GBU,OPT,GBUU7 C12950,2027-09-03,C,1.295,0.059200000,3,
2026-07-23,GBU,OPT,GBUU7 C13000,2027-09-03,C,1.3,0.055900000,3,
2026-07-23,GBU,OPT,GBUU7 C13050,2027-09-03,C,1.305,0.052700000,3,
2026-07-23,GBU,OPT,GBUU7 C13100,2027-09-03,C,1.31,0.049600000,3,
2026-07-23,GBU,OPT,GBUU7 C13150,2027-09-03,C,1.315,0.046700000,3,
2026-07-23,GBU,OPT,GBUU7 C13200,2027-09-03,C,1.32,0.043800000,3,
2026-07-23,GBU,OPT,GBUU7 C13250,2027-09-03,C,1.325,0.041000000,3,
2026-07-23,GBU,OPT,GBUU7 C13300,2027-09-03,C,1.33,0.038300000,3,
2026-07-23,GBU,OPT,GBUU7 C13350,2027-09-03,C,1.335,0.035700000,3,
2026-07-23,GBU,OPT,GBUU7 C13400,2027-09-03,C,1.34,0.033300000,3,
2026-07-23,GBU,OPT,GBUU7 C13450,2027-09-03,C,1.345,0.030900000,3,
2026-07-23,GBU,OPT,GBUU7 C13500,2027-09-03,C,1.35,0.028700000,3,
2026-07-23,GBU,OPT,GBUU7 C13550,2027-09-03,C,1.355,0.026600000,3,
2026-07-23,GBU,OPT,GBUU7 C13600,2027-09-03,C,1.36,0.024600000,3,
2026-07-23,GBU,OPT,GBUU7 C13650,2027-09-03,C,1.365,0.022800000,3,
2026-07-23,GBU,OPT,GBUU7 C13700,2027-09-03,C,1.37,0.021000000,3,
2026-07-23,GBU,OPT,GBUU7 C13750,2027-09-03,C,1.375,0.019400000,3,
2026-07-23,GBU,OPT,GBUU7 C13800,2027-09-03,C,1.38,0.017800000,3,
2026-07-23,GBU,OPT,GBUU7 C13850,2027-09-03,C,1.385,0.016400000,3,
2026-07-23,GBU,OPT,GBUU7 C13900,2027-09-03,C,1.39,0.015000000,3,
2026-07-23,GBU,OPT,GBUU7 C13950,2027-09-03,C,1.395,0.013800000,3,
2026-07-23,GBU,OPT,GBUU7 C14000,2027-09-03,C,1.4,0.012700000,3,
2026-07-23,GBU,OPT,GBUU7 C14050,2027-09-03,C,1.405,0.011600000,3,
2026-07-23,GBU,OPT,GBUU7 C14100,2027-09-03,C,1.41,0.010600000,3,
2026-07-23,GBU,OPT,GBUU7 C14150,2027-09-03,C,1.415,0.009700000,3,
2026-07-23,GBU,OPT,GBUU7 C14200,2027-09-03,C,1.42,0.008900000,3,
2026-07-23,GBU,OPT,GBUU7 C14250,2027-09-03,C,1.425,0.008100000,3,
2026-07-23,GBU,OPT,GBUU7 C14300,2027-09-03,C,1.43,0.007400000,3,
2026-07-23,GBU,OPT,GBUU7 C14400,2027-09-03,C,1.44,0.006200000,3,
2026-07-23,GBU,OPT,GBUU7 C14500,2027-09-03,C,1.45,0.005200000,3,
2026-07-23,GBU,OPT,GBUU7 C14600,2027-09-03,C,1.46,0.004300000,3,
2026-07-23,GBU,OPT,GBUU7 C14700,2027-09-03,C,1.47,0.003600000,3,
2026-07-23,GBU,OPT,GBUU7 C14800,2027-09-03,C,1.48,0.003000000,3,
2026-07-23,GBU,OPT,GBUU7 C14900,2027-09-03,C,1.49,0.002500000,3,
2026-07-23,GBU,OPT,GBUU7 C15000,2027-09-03,C,1.5,0.002200000,3,
2026-07-23,GBU,OPT,GBUU7 C15100,2027-09-03,C,1.51,0.001900000,3,
2026-07-23,GBU,OPT,GBUU7 C15200,2027-09-03,C,1.52,0.001600000,3,
2026-07-23,GBU,OPT,GBUU7 C15300,2027-09-03,C,1.53,0.001300000,3,
2026-07-23,GBU,OPT,GBUU7 C15400,2027-09-03,C,1.54,0.001000000,3,
2026-07-23,GBU,OPT,GBUU7 C15500,2027-09-03,C,1.55,0.000800000,3,
2026-07-23,GBU,OPT,GBUU7 C15600,2027-09-03,C,1.56,0.000600000,3,
2026-07-23,GBU,OPT,GBUU7 C15700,2027-09-03,C,1.57,0.000500000,3,
2026-07-23,GBU,OPT,GBUU7 P11000,2027-09-03,P,1.1,0.002400000,3,10
2026-07-23,GBU,OPT,GBUU7 P11100,2027-09-03,P,1.11,0.002800000,3,
2026-07-23,GBU,OPT,GBUU7 P11200,2027-09-03,P,1.12,0.003200000,3,10
2026-07-23,GBU,OPT,GBUU7 P11300,2027-09-03,P,1.13,0.003700000,3,
2026-07-23,GBU,OPT,GBUU7 P11400,2027-09-03,P,1.14,0.004300000,3,
2026-07-23,GBU,OPT,GBUU7 P11500,2027-09-03,P,1.15,0.004800000,3,
2026-07-23,GBU,OPT,GBUU7 P11600,2027-09-03,P,1.16,0.005300000,3,
2026-07-23,GBU,OPT,GBUU7 P11700,2027-09-03,P,1.17,0.005900000,3,
2026-07-23,GBU,OPT,GBUU7 P11800,2027-09-03,P,1.18,0.006700000,3,
2026-07-23,GBU,OPT,GBUU7 P11900,2027-09-03,P,1.19,0.007500000,3,
2026-07-23,GBU,OPT,GBUU7 P12000,2027-09-03,P,1.2,0.008500000,3,
2026-07-23,GBU,OPT,GBUU7 P12100,2027-09-03,P,1.21,0.009600000,3,
2026-07-23,GBU,OPT,GBUU7 P12200,2027-09-03,P,1.22,0.010800000,3,
2026-07-23,GBU,OPT,GBUU7 P12300,2027-09-03,P,1.23,0.012200000,3,
2026-07-23,GBU,OPT,GBUU7 P12400,2027-09-03,P,1.24,0.013700000,3,
2026-07-23,GBU,OPT,GBUU7 P12450,2027-09-03,P,1.245,0.014500000,3,
2026-07-23,GBU,OPT,GBUU7 P12500,2027-09-03,P,1.25,0.015400000,3,
2026-07-23,GBU,OPT,GBUU7 P12550,2027-09-03,P,1.255,0.016300000,3,
2026-07-23,GBU,OPT,GBUU7 P12600,2027-09-03,P,1.26,0.017300000,3,
2026-07-23,GBU,OPT,GBUU7 P12650,2027-09-03,P,1.265,0.018300000,3,
2026-07-23,GBU,OPT,GBUU7 P12700,2027-09-03,P,1.27,0.019400000,3,
2026-07-23,GBU,OPT,GBUU7 P12750,2027-09-03,P,1.275,0.020500000,3,
2026-07-23,GBU,OPT,GBUU7 P12800,2027-09-03,P,1.28,0.021700000,3,
2026-07-23,GBU,OPT,GBUU7 P12850,2027-09-03,P,1.285,0.023000000,3,
2026-07-23,GBU,OPT,GBUU7 P12900,2027-09-03,P,1.29,0.024400000,3,
2026-07-23,GBU,OPT,GBUU7 P12950,2027-09-03,P,1.295,0.025800000,3,
2026-07-23,GBU,OPT,GBUU7 P13000,2027-09-03,P,1.3,0.027300000,3,
2026-07-23,GBU,OPT,GBUU7 P13050,2027-09-03,P,1.305,0.028900000,3,
2026-07-23,GBU,OPT,GBUU7 P13100,2027-09-03,P,1.31,0.030600000,3,
2026-07-23,GBU,OPT,GBUU7 P13150,2027-09-03,P,1.315,0.032400000,3,
2026-07-23,GBU,OPT,GBUU7 P13200,2027-09-03,P,1.32,0.034300000,3,
2026-07-23,GBU,OPT,GBUU7 P13250,2027-09-03,P,1.325,0.036300000,3,
2026-07-23,GBU,OPT,GBUU7 P13300,2027-09-03,P,1.33,0.038400000,3,
2026-07-23,GBU,OPT,GBUU7 P13350,2027-09-03,P,1.335,0.040600000,3,
2026-07-23,GBU,OPT,GBUU7 P13400,2027-09-03,P,1.34,0.042900000,3,
2026-07-23,GBU,OPT,GBUU7 P13450,2027-09-03,P,1.345,0.045400000,3,
2026-07-23,GBU,OPT,GBUU7 P13500,2027-09-03,P,1.35,0.047900000,3,
2026-07-23,GBU,OPT,GBUU7 P13550,2027-09-03,P,1.355,0.050600000,3,
2026-07-23,GBU,OPT,GBUU7 P13600,2027-09-03,P,1.36,0.053400000,3,
2026-07-23,GBU,OPT,GBUU7 P13650,2027-09-03,P,1.365,0.056300000,3,
2026-07-23,GBU,OPT,GBUU7 P13700,2027-09-03,P,1.37,0.059300000,3,
2026-07-23,GBU,OPT,GBUU7 P13750,2027-09-03,P,1.375,0.062500000,3,
2026-07-23,GBU,OPT,GBUU7 P13800,2027-09-03,P,1.38,0.065700000,3,
2026-07-23,GBU,OPT,GBUU7 P13850,2027-09-03,P,1.385,0.069000000,3,
2026-07-23,GBU,OPT,GBUU7 P13900,2027-09-03,P,1.39,0.072500000,3,
2026-07-23,GBU,OPT,GBUU7 P13950,2027-09-03,P,1.395,0.076000000,3,
2026-07-23,GBU,OPT,GBUU7 P14000,2027-09-03,P,1.4,0.079700000,3,
2026-07-23,GBU,OPT,GBUU7 P14050,2027-09-03,P,1.405,0.083400000,3,
2026-07-23,GBU,OPT,GBUU7 P14100,2027-09-03,P,1.41,0.087200000,3,
2026-07-23,GBU,OPT,GBUU7 P14150,2027-09-03,P,1.415,0.091000000,3,
2026-07-23,GBU,OPT,GBUU7 P14200,2027-09-03,P,1.42,0.095000000,3,
2026-07-23,GBU,OPT,GBUU7 P14250,2027-09-03,P,1.425,0.099000000,3,
2026-07-23,GBU,OPT,GBUU7 P14300,2027-09-03,P,1.43,0.103100000,3,
2026-07-23,GBU,OPT,GBUU7 P14400,2027-09-03,P,1.44,0.111400000,3,
2026-07-23,GBU,OPT,GBUU7 P14500,2027-09-03,P,1.45,0.120000000,3,
2026-07-23,GBU,OPT,GBUU7 P14600,2027-09-03,P,1.46,0.128700000,3,
2026-07-23,GBU,OPT,GBUU7 P14700,2027-09-03,P,1.47,0.137500000,3,
2026-07-23,GBU,OPT,GBUU7 P14800,2027-09-03,P,1.48,0.146500000,3,
2026-07-23,GBU,OPT,GBUU7 P14900,2027-09-03,P,1.49,0.155500000,3,
2026-07-23,GBU,OPT,GBUU7 P15000,2027-09-03,P,1.5,0.164700000,3,
2026-07-23,GBU,OPT,GBUU7 P15100,2027-09-03,P,1.51,0.174000000,3,
2026-07-23,GBU,OPT,GBUU7 P15200,2027-09-03,P,1.52,0.183300000,3,
2026-07-23,GBU,OPT,GBUU7 P15300,2027-09-03,P,1.53,0.192500000,3,
2026-07-23,GBU,OPT,GBUU7 P15400,2027-09-03,P,1.54,0.201800000,3,
2026-07-23,GBU,OPT,GBUU7 P15500,2027-09-03,P,1.55,0.211200000,3,
2026-07-23,GBU,OPT,GBUU7 P15600,2027-09-03,P,1.56,0.220600000,3,
2026-07-23,GBU,OPT,GBUU7 P15700,2027-09-03,P,1.57,0.230000000,3,
2026-07-23,GBU,OPT,GBUZ7 C11100,2027-12-03,C,1.11,0.211500000,3,
2026-07-23,GBU,OPT,GBUZ7 C11200,2027-12-03,C,1.12,0.202600000,3,
2026-07-23,GBU,OPT,GBUZ7 C11300,2027-12-03,C,1.13,0.193700000,3,
2026-07-23,GBU,OPT,GBUZ7 C11400,2027-12-03,C,1.14,0.184900000,3,
2026-07-23,GBU,OPT,GBUZ7 C11500,2027-12-03,C,1.15,0.176100000,3,
2026-07-23,GBU,OPT,GBUZ7 C11600,2027-12-03,C,1.16,0.167500000,3,
2026-07-23,GBU,OPT,GBUZ7 C11700,2027-12-03,C,1.17,0.158900000,3,
2026-07-23,GBU,OPT,GBUZ7 C11800,2027-12-03,C,1.18,0.150300000,3,
2026-07-23,GBU,OPT,GBUZ7 C11900,2027-12-03,C,1.19,0.141900000,3,
2026-07-23,GBU,OPT,GBUZ7 C12000,2027-12-03,C,1.2,0.133500000,3,
2026-07-23,GBU,OPT,GBUZ7 C12100,2027-12-03,C,1.21,0.125300000,3,
2026-07-23,GBU,OPT,GBUZ7 C12200,2027-12-03,C,1.22,0.117200000,3,
2026-07-23,GBU,OPT,GBUZ7 C12300,2027-12-03,C,1.23,0.109300000,3,
2026-07-23,GBU,OPT,GBUZ7 C12400,2027-12-03,C,1.24,0.101500000,3,
2026-07-23,GBU,OPT,GBUZ7 C12500,2027-12-03,C,1.25,0.093900000,3,
2026-07-23,GBU,OPT,GBUZ7 C12550,2027-12-03,C,1.255,0.090100000,3,
2026-07-23,GBU,OPT,GBUZ7 C12600,2027-12-03,C,1.26,0.086400000,3,
2026-07-23,GBU,OPT,GBUZ7 C12650,2027-12-03,C,1.265,0.082800000,3,
2026-07-23,GBU,OPT,GBUZ7 C12700,2027-12-03,C,1.27,0.079200000,3,
2026-07-23,GBU,OPT,GBUZ7 C12750,2027-12-03,C,1.275,0.075600000,3,
2026-07-23,GBU,OPT,GBUZ7 C12800,2027-12-03,C,1.28,0.072200000,3,
2026-07-23,GBU,OPT,GBUZ7 C12850,2027-12-03,C,1.285,0.068700000,3,
2026-07-23,GBU,OPT,GBUZ7 C12900,2027-12-03,C,1.29,0.065400000,3,
2026-07-23,GBU,OPT,GBUZ7 C12950,2027-12-03,C,1.295,0.062100000,3,
2026-07-23,GBU,OPT,GBUZ7 C13000,2027-12-03,C,1.3,0.058900000,3,
2026-07-23,GBU,OPT,GBUZ7 C13050,2027-12-03,C,1.305,0.055800000,3,
2026-07-23,GBU,OPT,GBUZ7 C13100,2027-12-03,C,1.31,0.052800000,3,
2026-07-23,GBU,OPT,GBUZ7 C13150,2027-12-03,C,1.315,0.049800000,3,
2026-07-23,GBU,OPT,GBUZ7 C13200,2027-12-03,C,1.32,0.047000000,3,
2026-07-23,GBU,OPT,GBUZ7 C13250,2027-12-03,C,1.325,0.044200000,3,
2026-07-23,GBU,OPT,GBUZ7 C13300,2027-12-03,C,1.33,0.041500000,3,
2026-07-23,GBU,OPT,GBUZ7 C13350,2027-12-03,C,1.335,0.039000000,3,
2026-07-23,GBU,OPT,GBUZ7 C13400,2027-12-03,C,1.34,0.036500000,3,
2026-07-23,GBU,OPT,GBUZ7 C13450,2027-12-03,C,1.345,0.034200000,3,
2026-07-23,GBU,OPT,GBUZ7 C13500,2027-12-03,C,1.35,0.032000000,3,
2026-07-23,GBU,OPT,GBUZ7 C13550,2027-12-03,C,1.355,0.029800000,3,
2026-07-23,GBU,OPT,GBUZ7 C13600,2027-12-03,C,1.36,0.027800000,3,
2026-07-23,GBU,OPT,GBUZ7 C13650,2027-12-03,C,1.365,0.025900000,3,
2026-07-23,GBU,OPT,GBUZ7 C13700,2027-12-03,C,1.37,0.024100000,3,
2026-07-23,GBU,OPT,GBUZ7 C13750,2027-12-03,C,1.375,0.022400000,3,
2026-07-23,GBU,OPT,GBUZ7 C13800,2027-12-03,C,1.38,0.020800000,3,
2026-07-23,GBU,OPT,GBUZ7 C13850,2027-12-03,C,1.385,0.019300000,3,
2026-07-23,GBU,OPT,GBUZ7 C13900,2027-12-03,C,1.39,0.017900000,3,
2026-07-23,GBU,OPT,GBUZ7 C13950,2027-12-03,C,1.395,0.016600000,3,
2026-07-23,GBU,OPT,GBUZ7 C14000,2027-12-03,C,1.4,0.015400000,3,
2026-07-23,GBU,OPT,GBUZ7 C14050,2027-12-03,C,1.405,0.014200000,3,
2026-07-23,GBU,OPT,GBUZ7 C14100,2027-12-03,C,1.41,0.013200000,3,
2026-07-23,GBU,OPT,GBUZ7 C14150,2027-12-03,C,1.415,0.012200000,3,
2026-07-23,GBU,OPT,GBUZ7 C14200,2027-12-03,C,1.42,0.011300000,3,
2026-07-23,GBU,OPT,GBUZ7 C14250,2027-12-03,C,1.425,0.010400000,3,
2026-07-23,GBU,OPT,GBUZ7 C14300,2027-12-03,C,1.43,0.009600000,3,
2026-07-23,GBU,OPT,GBUZ7 C14400,2027-12-03,C,1.44,0.008300000,3,
2026-07-23,GBU,OPT,GBUZ7 C14500,2027-12-03,C,1.45,0.007100000,3,
2026-07-23,GBU,OPT,GBUZ7 C14600,2027-12-03,C,1.46,0.006000000,3,
2026-07-23,GBU,OPT,GBUZ7 C14700,2027-12-03,C,1.47,0.005200000,3,
2026-07-23,GBU,OPT,GBUZ7 C14800,2027-12-03,C,1.48,0.004400000,3,
2026-07-23,GBU,OPT,GBUZ7 C14900,2027-12-03,C,1.49,0.003800000,3,
2026-07-23,GBU,OPT,GBUZ7 C15000,2027-12-03,C,1.5,0.003300000,3,
2026-07-23,GBU,OPT,GBUZ7 C15100,2027-12-03,C,1.51,0.002900000,3,
2026-07-23,GBU,OPT,GBUZ7 C15200,2027-12-03,C,1.52,0.002500000,3,
2026-07-23,GBU,OPT,GBUZ7 C15300,2027-12-03,C,1.53,0.002100000,3,
2026-07-23,GBU,OPT,GBUZ7 C15400,2027-12-03,C,1.54,0.001700000,3,
2026-07-23,GBU,OPT,GBUZ7 C15500,2027-12-03,C,1.55,0.001400000,3,
2026-07-23,GBU,OPT,GBUZ7 C15600,2027-12-03,C,1.56,0.001100000,3,
2026-07-23,GBU,OPT,GBUZ7 C15700,2027-12-03,C,1.57,0.000900000,3,
2026-07-23,GBU,OPT,GBUZ7 P11100,2027-12-03,P,1.11,0.004300000,3,
2026-07-23,GBU,OPT,GBUZ7 P11200,2027-12-03,P,1.12,0.004800000,3,
2026-07-23,GBU,OPT,GBUZ7 P11300,2027-12-03,P,1.13,0.005400000,3,50
2026-07-23,GBU,OPT,GBUZ7 P11400,2027-12-03,P,1.14,0.006000000,3,
2026-07-23,GBU,OPT,GBUZ7 P11500,2027-12-03,P,1.15,0.006700000,3,
2026-07-23,GBU,OPT,GBUZ7 P11600,2027-12-03,P,1.16,0.007500000,3,
2026-07-23,GBU,OPT,GBUZ7 P11700,2027-12-03,P,1.17,0.008400000,3,
2026-07-23,GBU,OPT,GBUZ7 P11800,2027-12-03,P,1.18,0.009300000,3,
2026-07-23,GBU,OPT,GBUZ7 P11900,2027-12-03,P,1.19,0.010300000,3,
2026-07-23,GBU,OPT,GBUZ7 P12000,2027-12-03,P,1.2,0.011400000,3,
2026-07-23,GBU,OPT,GBUZ7 P12100,2027-12-03,P,1.21,0.012700000,3,
2026-07-23,GBU,OPT,GBUZ7 P12200,2027-12-03,P,1.22,0.014000000,3,
2026-07-23,GBU,OPT,GBUZ7 P12300,2027-12-03,P,1.23,0.015500000,3,
2026-07-23,GBU,OPT,GBUZ7 P12400,2027-12-03,P,1.24,0.017200000,3,
2026-07-23,GBU,OPT,GBUZ7 P12500,2027-12-03,P,1.25,0.019000000,3,
2026-07-23,GBU,OPT,GBUZ7 P12550,2027-12-03,P,1.255,0.020000000,3,
2026-07-23,GBU,OPT,GBUZ7 P12600,2027-12-03,P,1.26,0.021100000,3,
2026-07-23,GBU,OPT,GBUZ7 P12650,2027-12-03,P,1.265,0.022100000,3,
2026-07-23,GBU,OPT,GBUZ7 P12700,2027-12-03,P,1.27,0.023300000,3,
2026-07-23,GBU,OPT,GBUZ7 P12750,2027-12-03,P,1.275,0.024500000,3,
2026-07-23,GBU,OPT,GBUZ7 P12800,2027-12-03,P,1.28,0.025700000,3,
2026-07-23,GBU,OPT,GBUZ7 P12850,2027-12-03,P,1.285,0.027000000,3,
2026-07-23,GBU,OPT,GBUZ7 P12900,2027-12-03,P,1.29,0.028400000,3,
2026-07-23,GBU,OPT,GBUZ7 P12950,2027-12-03,P,1.295,0.029900000,3,
2026-07-23,GBU,OPT,GBUZ7 P13000,2027-12-03,P,1.3,0.031400000,3,
2026-07-23,GBU,OPT,GBUZ7 P13050,2027-12-03,P,1.305,0.033000000,3,
2026-07-23,GBU,OPT,GBUZ7 P13100,2027-12-03,P,1.31,0.034700000,3,
2026-07-23,GBU,OPT,GBUZ7 P13150,2027-12-03,P,1.315,0.036500000,3,
2026-07-23,GBU,OPT,GBUZ7 P13200,2027-12-03,P,1.32,0.038300000,3,
2026-07-23,GBU,OPT,GBUZ7 P13250,2027-12-03,P,1.325,0.040300000,3,
2026-07-23,GBU,OPT,GBUZ7 P13300,2027-12-03,P,1.33,0.042400000,3,
2026-07-23,GBU,OPT,GBUZ7 P13350,2027-12-03,P,1.335,0.044600000,3,
2026-07-23,GBU,OPT,GBUZ7 P13400,2027-12-03,P,1.34,0.046900000,3,
2026-07-23,GBU,OPT,GBUZ7 P13450,2027-12-03,P,1.345,0.049200000,3,
2026-07-23,GBU,OPT,GBUZ7 P13500,2027-12-03,P,1.35,0.051700000,3,
2026-07-23,GBU,OPT,GBUZ7 P13550,2027-12-03,P,1.355,0.054300000,3,
2026-07-23,GBU,OPT,GBUZ7 P13600,2027-12-03,P,1.36,0.057100000,3,
2026-07-23,GBU,OPT,GBUZ7 P13650,2027-12-03,P,1.365,0.059900000,3,
2026-07-23,GBU,OPT,GBUZ7 P13700,2027-12-03,P,1.37,0.062800000,3,
2026-07-23,GBU,OPT,GBUZ7 P13750,2027-12-03,P,1.375,0.065800000,3,
2026-07-23,GBU,OPT,GBUZ7 P13800,2027-12-03,P,1.38,0.069000000,3,
2026-07-23,GBU,OPT,GBUZ7 P13850,2027-12-03,P,1.385,0.072200000,3,
2026-07-23,GBU,OPT,GBUZ7 P13900,2027-12-03,P,1.39,0.075500000,3,
2026-07-23,GBU,OPT,GBUZ7 P13950,2027-12-03,P,1.395,0.078900000,3,
2026-07-23,GBU,OPT,GBUZ7 P14000,2027-12-03,P,1.4,0.082400000,3,
2026-07-23,GBU,OPT,GBUZ7 P14050,2027-12-03,P,1.405,0.086000000,3,
2026-07-23,GBU,OPT,GBUZ7 P14100,2027-12-03,P,1.41,0.089700000,3,
2026-07-23,GBU,OPT,GBUZ7 P14150,2027-12-03,P,1.415,0.093400000,3,
2026-07-23,GBU,OPT,GBUZ7 P14200,2027-12-03,P,1.42,0.097300000,3,
2026-07-23,GBU,OPT,GBUZ7 P14250,2027-12-03,P,1.425,0.101100000,3,
2026-07-23,GBU,OPT,GBUZ7 P14300,2027-12-03,P,1.43,0.105100000,3,
2026-07-23,GBU,OPT,GBUZ7 P14400,2027-12-03,P,1.44,0.113200000,3,
2026-07-23,GBU,OPT,GBUZ7 P14500,2027-12-03,P,1.45,0.121400000,3,
2026-07-23,GBU,OPT,GBUZ7 P14600,2027-12-03,P,1.46,0.129900000,3,
2026-07-23,GBU,OPT,GBUZ7 P14700,2027-12-03,P,1.47,0.138500000,3,
2026-07-23,GBU,OPT,GBUZ7 P14800,2027-12-03,P,1.48,0.147200000,3,
2026-07-23,GBU,OPT,GBUZ7 P14900,2027-12-03,P,1.49,0.156000000,3,
2026-07-23,GBU,OPT,GBUZ7 P15000,2027-12-03,P,1.5,0.165000000,3,
2026-07-23,GBU,OPT,GBUZ7 P15100,2027-12-03,P,1.51,0.174000000,3,
2026-07-23,GBU,OPT,GBUZ7 P15200,2027-12-03,P,1.52,0.183100000,3,
2026-07-23,GBU,OPT,GBUZ7 P15300,2027-12-03,P,1.53,0.192100000,3,
2026-07-23,GBU,OPT,GBUZ7 P15400,2027-12-03,P,1.54,0.201200000,3,
2026-07-23,GBU,OPT,GBUZ7 P15500,2027-12-03,P,1.55,0.210400000,3,
2026-07-23,GBU,OPT,GBUZ7 P15600,2027-12-03,P,1.56,0.219600000,3,
2026-07-23,GBU,OPT,GBUZ7 P15700,2027-12-03,P,1.57,0.228800000,3,
2026-07-23,GBU,OPT,GBUH8 C11100,2028-03-03,C,1.11,0.210200000,3,
2026-07-23,GBU,OPT,GBUH8 C11200,2028-03-03,C,1.12,0.201500000,3,
2026-07-23,GBU,OPT,GBUH8 C11300,2028-03-03,C,1.13,0.192900000,3,
2026-07-23,GBU,OPT,GBUH8 C11400,2028-03-03,C,1.14,0.184300000,3,
2026-07-23,GBU,OPT,GBUH8 C11500,2028-03-03,C,1.15,0.175800000,3,
2026-07-23,GBU,OPT,GBUH8 C11600,2028-03-03,C,1.16,0.167400000,3,
2026-07-23,GBU,OPT,GBUH8 C11700,2028-03-03,C,1.17,0.159100000,3,
2026-07-23,GBU,OPT,GBUH8 C11800,2028-03-03,C,1.18,0.150700000,3,
2026-07-23,GBU,OPT,GBUH8 C11900,2028-03-03,C,1.19,0.142500000,3,
2026-07-23,GBU,OPT,GBUH8 C12000,2028-03-03,C,1.2,0.134400000,3,
2026-07-23,GBU,OPT,GBUH8 C12100,2028-03-03,C,1.21,0.126400000,3,
2026-07-23,GBU,OPT,GBUH8 C12200,2028-03-03,C,1.22,0.118500000,3,
2026-07-23,GBU,OPT,GBUH8 C12300,2028-03-03,C,1.23,0.110700000,3,
2026-07-23,GBU,OPT,GBUH8 C12400,2028-03-03,C,1.24,0.103100000,3,
2026-07-23,GBU,OPT,GBUH8 C12500,2028-03-03,C,1.25,0.095700000,3,
2026-07-23,GBU,OPT,GBUH8 C12550,2028-03-03,C,1.255,0.092100000,3,
2026-07-23,GBU,OPT,GBUH8 C12600,2028-03-03,C,1.26,0.088400000,3,
2026-07-23,GBU,OPT,GBUH8 C12650,2028-03-03,C,1.265,0.084900000,3,
2026-07-23,GBU,OPT,GBUH8 C12700,2028-03-03,C,1.27,0.081400000,3,
2026-07-23,GBU,OPT,GBUH8 C12750,2028-03-03,C,1.275,0.077900000,3,
2026-07-23,GBU,OPT,GBUH8 C12800,2028-03-03,C,1.28,0.074500000,3,
2026-07-23,GBU,OPT,GBUH8 C12850,2028-03-03,C,1.285,0.071100000,3,
2026-07-23,GBU,OPT,GBUH8 C12900,2028-03-03,C,1.29,0.067800000,3,
2026-07-23,GBU,OPT,GBUH8 C12950,2028-03-03,C,1.295,0.064600000,3,
2026-07-23,GBU,OPT,GBUH8 C13000,2028-03-03,C,1.3,0.061500000,3,
2026-07-23,GBU,OPT,GBUH8 C13050,2028-03-03,C,1.305,0.058400000,3,
2026-07-23,GBU,OPT,GBUH8 C13100,2028-03-03,C,1.31,0.055400000,3,
2026-07-23,GBU,OPT,GBUH8 C13150,2028-03-03,C,1.315,0.052500000,3,
2026-07-23,GBU,OPT,GBUH8 C13200,2028-03-03,C,1.32,0.049700000,3,
2026-07-23,GBU,OPT,GBUH8 C13250,2028-03-03,C,1.325,0.047000000,3,
2026-07-23,GBU,OPT,GBUH8 C13300,2028-03-03,C,1.33,0.044300000,3,
2026-07-23,GBU,OPT,GBUH8 C13350,2028-03-03,C,1.335,0.041800000,3,
2026-07-23,GBU,OPT,GBUH8 C13400,2028-03-03,C,1.34,0.039300000,3,
2026-07-23,GBU,OPT,GBUH8 C13450,2028-03-03,C,1.345,0.037000000,3,
2026-07-23,GBU,OPT,GBUH8 C13500,2028-03-03,C,1.35,0.034800000,3,
2026-07-23,GBU,OPT,GBUH8 C13550,2028-03-03,C,1.355,0.032600000,3,
2026-07-23,GBU,OPT,GBUH8 C13600,2028-03-03,C,1.36,0.030600000,3,
2026-07-23,GBU,OPT,GBUH8 C13650,2028-03-03,C,1.365,0.028700000,3,
2026-07-23,GBU,OPT,GBUH8 C13700,2028-03-03,C,1.37,0.026800000,3,
2026-07-23,GBU,OPT,GBUH8 C13750,2028-03-03,C,1.375,0.025100000,3,
2026-07-23,GBU,OPT,GBUH8 C13800,2028-03-03,C,1.38,0.023500000,3,
2026-07-23,GBU,OPT,GBUH8 C13850,2028-03-03,C,1.385,0.021900000,3,
2026-07-23,GBU,OPT,GBUH8 C13900,2028-03-03,C,1.39,0.020500000,3,
2026-07-23,GBU,OPT,GBUH8 C13950,2028-03-03,C,1.395,0.019100000,3,
2026-07-23,GBU,OPT,GBUH8 C14000,2028-03-03,C,1.4,0.017800000,3,
2026-07-23,GBU,OPT,GBUH8 C14100,2028-03-03,C,1.41,0.015500000,3,
2026-07-23,GBU,OPT,GBUH8 C14200,2028-03-03,C,1.42,0.013500000,3,
2026-07-23,GBU,OPT,GBUH8 C14300,2028-03-03,C,1.43,0.011700000,3,
2026-07-23,GBU,OPT,GBUH8 C14400,2028-03-03,C,1.44,0.010200000,3,
2026-07-23,GBU,OPT,GBUH8 C14500,2028-03-03,C,1.45,0.008900000,3,
2026-07-23,GBU,OPT,GBUH8 C14600,2028-03-03,C,1.46,0.007800000,3,
2026-07-23,GBU,OPT,GBUH8 C14700,2028-03-03,C,1.47,0.006800000,3,
2026-07-23,GBU,OPT,GBUH8 C14800,2028-03-03,C,1.48,0.005900000,3,
2026-07-23,GBU,OPT,GBUH8 C14900,2028-03-03,C,1.49,0.005100000,3,
2026-07-23,GBU,OPT,GBUH8 C15000,2028-03-03,C,1.5,0.004500000,3,
2026-07-23,GBU,OPT,GBUH8 C15100,2028-03-03,C,1.51,0.004000000,3,
2026-07-23,GBU,OPT,GBUH8 C15200,2028-03-03,C,1.52,0.003600000,3,
2026-07-23,GBU,OPT,GBUH8 C15300,2028-03-03,C,1.53,0.003200000,3,
2026-07-23,GBU,OPT,GBUH8 C15400,2028-03-03,C,1.54,0.002800000,3,
2026-07-23,GBU,OPT,GBUH8 C15500,2028-03-03,C,1.55,0.002500000,3,
2026-07-23,GBU,OPT,GBUH8 P11100,2028-03-03,P,1.11,0.005900000,3,
2026-07-23,GBU,OPT,GBUH8 P11200,2028-03-03,P,1.12,0.006600000,3,
2026-07-23,GBU,OPT,GBUH8 P11300,2028-03-03,P,1.13,0.007300000,3,
2026-07-23,GBU,OPT,GBUH8 P11400,2028-03-03,P,1.14,0.008100000,3,
2026-07-23,GBU,OPT,GBUH8 P11500,2028-03-03,P,1.15,0.008900000,3,
2026-07-23,GBU,OPT,GBUH8 P11600,2028-03-03,P,1.16,0.009900000,3,
2026-07-23,GBU,OPT,GBUH8 P11700,2028-03-03,P,1.17,0.010900000,3,
2026-07-23,GBU,OPT,GBUH8 P11800,2028-03-03,P,1.18,0.012000000,3,
2026-07-23,GBU,OPT,GBUH8 P11900,2028-03-03,P,1.19,0.013100000,3,
2026-07-23,GBU,OPT,GBUH8 P12000,2028-03-03,P,1.2,0.014300000,3,
2026-07-23,GBU,OPT,GBUH8 P12100,2028-03-03,P,1.21,0.015700000,3,
2026-07-23,GBU,OPT,GBUH8 P12200,2028-03-03,P,1.22,0.017200000,3,
2026-07-23,GBU,OPT,GBUH8 P12300,2028-03-03,P,1.23,0.018800000,3,
2026-07-23,GBU,OPT,GBUH8 P12400,2028-03-03,P,1.24,0.020600000,3,
2026-07-23,GBU,OPT,GBUH8 P12500,2028-03-03,P,1.25,0.022500000,3,
2026-07-23,GBU,OPT,GBUH8 P12550,2028-03-03,P,1.255,0.023500000,3,
2026-07-23,GBU,OPT,GBUH8 P12600,2028-03-03,P,1.26,0.024600000,3,
2026-07-23,GBU,OPT,GBUH8 P12650,2028-03-03,P,1.265,0.025700000,3,
2026-07-23,GBU,OPT,GBUH8 P12700,2028-03-03,P,1.27,0.026900000,3,
2026-07-23,GBU,OPT,GBUH8 P12750,2028-03-03,P,1.275,0.028100000,3,
2026-07-23,GBU,OPT,GBUH8 P12800,2028-03-03,P,1.28,0.029400000,3,
2026-07-23,GBU,OPT,GBUH8 P12850,2028-03-03,P,1.285,0.030700000,3,
2026-07-23,GBU,OPT,GBUH8 P12900,2028-03-03,P,1.29,0.032100000,3,
2026-07-23,GBU,OPT,GBUH8 P12950,2028-03-03,P,1.295,0.033500000,3,
2026-07-23,GBU,OPT,GBUH8 P13000,2028-03-03,P,1.3,0.035100000,3,
2026-07-23,GBU,OPT,GBUH8 P13050,2028-03-03,P,1.305,0.036700000,3,
2026-07-23,GBU,OPT,GBUH8 P13100,2028-03-03,P,1.31,0.038400000,3,
2026-07-23,GBU,OPT,GBUH8 P13150,2028-03-03,P,1.315,0.040100000,3,
2026-07-23,GBU,OPT,GBUH8 P13200,2028-03-03,P,1.32,0.042000000,3,
2026-07-23,GBU,OPT,GBUH8 P13250,2028-03-03,P,1.325,0.044000000,3,
2026-07-23,GBU,OPT,GBUH8 P13300,2028-03-03,P,1.33,0.046000000,3,
2026-07-23,GBU,OPT,GBUH8 P13350,2028-03-03,P,1.335,0.048200000,3,
2026-07-23,GBU,OPT,GBUH8 P13400,2028-03-03,P,1.34,0.050400000,3,
2026-07-23,GBU,OPT,GBUH8 P13450,2028-03-03,P,1.345,0.052700000,3,
2026-07-23,GBU,OPT,GBUH8 P13500,2028-03-03,P,1.35,0.055200000,3,
2026-07-23,GBU,OPT,GBUH8 P13550,2028-03-03,P,1.355,0.057700000,3,
2026-07-23,GBU,OPT,GBUH8 P13600,2028-03-03,P,1.36,0.060400000,3,
2026-07-23,GBU,OPT,GBUH8 P13650,2028-03-03,P,1.365,0.063100000,3,
2026-07-23,GBU,OPT,GBUH8 P13700,2028-03-03,P,1.37,0.066000000,3,
2026-07-23,GBU,OPT,GBUH8 P13750,2028-03-03,P,1.375,0.068900000,3,
2026-07-23,GBU,OPT,GBUH8 P13800,2028-03-03,P,1.38,0.072000000,3,
2026-07-23,GBU,OPT,GBUH8 P13850,2028-03-03,P,1.385,0.075100000,3,
2026-07-23,GBU,OPT,GBUH8 P13900,2028-03-03,P,1.39,0.078300000,3,
2026-07-23,GBU,OPT,GBUH8 P13950,2028-03-03,P,1.395,0.081700000,3,
2026-07-23,GBU,OPT,GBUH8 P14000,2028-03-03,P,1.4,0.085100000,3,
2026-07-23,GBU,OPT,GBUH8 P14100,2028-03-03,P,1.41,0.092100000,3,
2026-07-23,GBU,OPT,GBUH8 P14200,2028-03-03,P,1.42,0.099500000,3,
2026-07-23,GBU,OPT,GBUH8 P14300,2028-03-03,P,1.43,0.107100000,3,
2026-07-23,GBU,OPT,GBUH8 P14400,2028-03-03,P,1.44,0.114900000,3,
2026-07-23,GBU,OPT,GBUH8 P14500,2028-03-03,P,1.45,0.122900000,3,
2026-07-23,GBU,OPT,GBUH8 P14600,2028-03-03,P,1.46,0.131200000,3,
2026-07-23,GBU,OPT,GBUH8 P14700,2028-03-03,P,1.47,0.139500000,3,
2026-07-23,GBU,OPT,GBUH8 P14800,2028-03-03,P,1.48,0.148000000,3,
2026-07-23,GBU,OPT,GBUH8 P14900,2028-03-03,P,1.49,0.156600000,3,
2026-07-23,GBU,OPT,GBUH8 P15000,2028-03-03,P,1.5,0.165400000,3,
2026-07-23,GBU,OPT,GBUH8 P15100,2028-03-03,P,1.51,0.174300000,3,
2026-07-23,GBU,OPT,GBUH8 P15200,2028-03-03,P,1.52,0.183200000,3,
2026-07-23,GBU,OPT,GBUH8 P15300,2028-03-03,P,1.53,0.192100000,3,
2026-07-23,GBU,OPT,GBUH8 P15400,2028-03-03,P,1.54,0.201100000,3,
2026-07-23,GBU,OPT,GBUH8 P15500,2028-03-03,P,1.55,0.210200000,3,
2026-07-23,GBU,OPT,GBUM8 C11200,2028-06-09,C,1.12,0.201200000,3,
2026-07-23,GBU,OPT,GBUM8 C11300,2028-06-09,C,1.13,0.192700000,3,
2026-07-23,GBU,OPT,GBUM8 C11400,2028-06-09,C,1.14,0.184200000,3,
2026-07-23,GBU,OPT,GBUM8 C11500,2028-06-09,C,1.15,0.175900000,3,
2026-07-23,GBU,OPT,GBUM8 C11600,2028-06-09,C,1.16,0.167600000,3,
2026-07-23,GBU,OPT,GBUM8 C11700,2028-06-09,C,1.17,0.159400000,3,
2026-07-23,GBU,OPT,GBUM8 C11800,2028-06-09,C,1.18,0.151200000,3,
2026-07-23,GBU,OPT,GBUM8 C11900,2028-06-09,C,1.19,0.143200000,3,
2026-07-23,GBU,OPT,GBUM8 C12000,2028-06-09,C,1.2,0.135200000,3,
2026-07-23,GBU,OPT,GBUM8 C12100,2028-06-09,C,1.21,0.127400000,3,
2026-07-23,GBU,OPT,GBUM8 C12200,2028-06-09,C,1.22,0.119800000,3,
2026-07-23,GBU,OPT,GBUM8 C12300,2028-06-09,C,1.23,0.112200000,3,
2026-07-23,GBU,OPT,GBUM8 C12400,2028-06-09,C,1.24,0.104800000,3,
2026-07-23,GBU,OPT,GBUM8 C12500,2028-06-09,C,1.25,0.097500000,3,
2026-07-23,GBU,OPT,GBUM8 C12600,2028-06-09,C,1.26,0.090400000,3,
2026-07-23,GBU,OPT,GBUM8 C12650,2028-06-09,C,1.265,0.086900000,3,
2026-07-23,GBU,OPT,GBUM8 C12700,2028-06-09,C,1.27,0.083500000,3,
2026-07-23,GBU,OPT,GBUM8 C12750,2028-06-09,C,1.275,0.080100000,3,
2026-07-23,GBU,OPT,GBUM8 C12800,2028-06-09,C,1.28,0.076700000,3,
2026-07-23,GBU,OPT,GBUM8 C12850,2028-06-09,C,1.285,0.073500000,3,
2026-07-23,GBU,OPT,GBUM8 C12900,2028-06-09,C,1.29,0.070200000,3,
2026-07-23,GBU,OPT,GBUM8 C12950,2028-06-09,C,1.295,0.067100000,3,
2026-07-23,GBU,OPT,GBUM8 C13000,2028-06-09,C,1.3,0.064000000,3,
2026-07-23,GBU,OPT,GBUM8 C13050,2028-06-09,C,1.305,0.060900000,3,
2026-07-23,GBU,OPT,GBUM8 C13100,2028-06-09,C,1.31,0.058000000,3,
2026-07-23,GBU,OPT,GBUM8 C13150,2028-06-09,C,1.315,0.055100000,3,
2026-07-23,GBU,OPT,GBUM8 C13200,2028-06-09,C,1.32,0.052300000,3,
2026-07-23,GBU,OPT,GBUM8 C13250,2028-06-09,C,1.325,0.049600000,3,
2026-07-23,GBU,OPT,GBUM8 C13300,2028-06-09,C,1.33,0.047000000,3,
2026-07-23,GBU,OPT,GBUM8 C13350,2028-06-09,C,1.335,0.044500000,3,
2026-07-23,GBU,OPT,GBUM8 C13400,2028-06-09,C,1.34,0.042000000,3,
2026-07-23,GBU,OPT,GBUM8 C13450,2028-06-09,C,1.345,0.039700000,3,
2026-07-23,GBU,OPT,GBUM8 C13500,2028-06-09,C,1.35,0.037500000,3,
2026-07-23,GBU,OPT,GBUM8 C13550,2028-06-09,C,1.355,0.035300000,3,
2026-07-23,GBU,OPT,GBUM8 C13600,2028-06-09,C,1.36,0.033300000,3,
2026-07-23,GBU,OPT,GBUM8 C13650,2028-06-09,C,1.365,0.031300000,3,
2026-07-23,GBU,OPT,GBUM8 C13700,2028-06-09,C,1.37,0.029500000,3,
2026-07-23,GBU,OPT,GBUM8 C13750,2028-06-09,C,1.375,0.027700000,3,
2026-07-23,GBU,OPT,GBUM8 C13800,2028-06-09,C,1.38,0.026000000,3,
2026-07-23,GBU,OPT,GBUM8 C13850,2028-06-09,C,1.385,0.024500000,3,
2026-07-23,GBU,OPT,GBUM8 C13900,2028-06-09,C,1.39,0.023000000,3,
2026-07-23,GBU,OPT,GBUM8 C13950,2028-06-09,C,1.395,0.021600000,3,
2026-07-23,GBU,OPT,GBUM8 C14000,2028-06-09,C,1.4,0.020300000,3,
2026-07-23,GBU,OPT,GBUM8 C14100,2028-06-09,C,1.41,0.017900000,3,
2026-07-23,GBU,OPT,GBUM8 C14200,2028-06-09,C,1.42,0.015700000,3,
2026-07-23,GBU,OPT,GBUM8 C14300,2028-06-09,C,1.43,0.013900000,3,
2026-07-23,GBU,OPT,GBUM8 C14400,2028-06-09,C,1.44,0.012200000,3,
2026-07-23,GBU,OPT,GBUM8 C14500,2028-06-09,C,1.45,0.010800000,3,
2026-07-23,GBU,OPT,GBUM8 C14600,2028-06-09,C,1.46,0.009600000,3,
2026-07-23,GBU,OPT,GBUM8 C14700,2028-06-09,C,1.47,0.008500000,3,
2026-07-23,GBU,OPT,GBUM8 C14800,2028-06-09,C,1.48,0.007500000,3,
2026-07-23,GBU,OPT,GBUM8 C14900,2028-06-09,C,1.49,0.006600000,3,
2026-07-23,GBU,OPT,GBUM8 C15000,2028-06-09,C,1.5,0.005900000,3,
2026-07-23,GBU,OPT,GBUM8 C15100,2028-06-09,C,1.51,0.005300000,3,
2026-07-23,GBU,OPT,GBUM8 C15200,2028-06-09,C,1.52,0.004800000,3,
2026-07-23,GBU,OPT,GBUM8 C15300,2028-06-09,C,1.53,0.004300000,3,
2026-07-23,GBU,OPT,GBUM8 C15400,2028-06-09,C,1.54,0.003800000,3,
2026-07-23,GBU,OPT,GBUM8 C15500,2028-06-09,C,1.55,0.003500000,3,
2026-07-23,GBU,OPT,GBUM8 P11200,2028-06-09,P,1.12,0.009200000,3,
2026-07-23,GBU,OPT,GBUM8 P11300,2028-06-09,P,1.13,0.009900000,3,
2026-07-23,GBU,OPT,GBUM8 P11400,2028-06-09,P,1.14,0.010800000,3,
2026-07-23,GBU,OPT,GBUM8 P11500,2028-06-09,P,1.15,0.011600000,3,
2026-07-23,GBU,OPT,GBUM8 P11600,2028-06-09,P,1.16,0.012600000,3,
2026-07-23,GBU,OPT,GBUM8 P11700,2028-06-09,P,1.17,0.013700000,3,
2026-07-23,GBU,OPT,GBUM8 P11800,2028-06-09,P,1.18,0.014800000,3,
2026-07-23,GBU,OPT,GBUM8 P11900,2028-06-09,P,1.19,0.016000000,3,
2026-07-23,GBU,OPT,GBUM8 P12000,2028-06-09,P,1.2,0.017300000,3,
2026-07-23,GBU,OPT,GBUM8 P12100,2028-06-09,P,1.21,0.018800000,3,
2026-07-23,GBU,OPT,GBUM8 P12200,2028-06-09,P,1.22,0.020400000,3,
2026-07-23,GBU,OPT,GBUM8 P12300,2028-06-09,P,1.23,0.022100000,3,
2026-07-23,GBU,OPT,GBUM8 P12400,2028-06-09,P,1.24,0.023900000,3,
2026-07-23,GBU,OPT,GBUM8 P12500,2028-06-09,P,1.25,0.025900000,3,
2026-07-23,GBU,OPT,GBUM8 P12600,2028-06-09,P,1.26,0.028100000,3,
2026-07-23,GBU,OPT,GBUM8 P12650,2028-06-09,P,1.265,0.029200000,3,
2026-07-23,GBU,OPT,GBUM8 P12700,2028-06-09,P,1.27,0.030400000,3,
2026-07-23,GBU,OPT,GBUM8 P12750,2028-06-09,P,1.275,0.031600000,3,
2026-07-23,GBU,OPT,GBUM8 P12800,2028-06-09,P,1.28,0.032900000,3,
2026-07-23,GBU,OPT,GBUM8 P12850,2028-06-09,P,1.285,0.034300000,3,
2026-07-23,GBU,OPT,GBUM8 P12900,2028-06-09,P,1.29,0.035700000,3,
2026-07-23,GBU,OPT,GBUM8 P12950,2028-06-09,P,1.295,0.037100000,3,
2026-07-23,GBU,OPT,GBUM8 P13000,2028-06-09,P,1.3,0.038700000,3,
2026-07-23,GBU,OPT,GBUM8 P13050,2028-06-09,P,1.305,0.040300000,3,
2026-07-23,GBU,OPT,GBUM8 P13100,2028-06-09,P,1.31,0.042000000,3,
2026-07-23,GBU,OPT,GBUM8 P13150,2028-06-09,P,1.315,0.043700000,3,
2026-07-23,GBU,OPT,GBUM8 P13200,2028-06-09,P,1.32,0.045500000,3,
2026-07-23,GBU,OPT,GBUM8 P13250,2028-06-09,P,1.325,0.047500000,3,
2026-07-23,GBU,OPT,GBUM8 P13300,2028-06-09,P,1.33,0.049500000,3,
2026-07-23,GBU,OPT,GBUM8 P13350,2028-06-09,P,1.335,0.051600000,3,
2026-07-23,GBU,OPT,GBUM8 P13400,2028-06-09,P,1.34,0.053800000,3,
2026-07-23,GBU,OPT,GBUM8 P13450,2028-06-09,P,1.345,0.056100000,3,
2026-07-23,GBU,OPT,GBUM8 P13500,2028-06-09,P,1.35,0.058500000,3,
2026-07-23,GBU,OPT,GBUM8 P13550,2028-06-09,P,1.355,0.061000000,3,
2026-07-23,GBU,OPT,GBUM8 P13600,2028-06-09,P,1.36,0.063600000,3,
2026-07-23,GBU,OPT,GBUM8 P13650,2028-06-09,P,1.365,0.066200000,3,
2026-07-23,GBU,OPT,GBUM8 P13700,2028-06-09,P,1.37,0.069000000,3,
2026-07-23,GBU,OPT,GBUM8 P13750,2028-06-09,P,1.375,0.071900000,3,
2026-07-23,GBU,OPT,GBUM8 P13800,2028-06-09,P,1.38,0.074900000,3,
2026-07-23,GBU,OPT,GBUM8 P13850,2028-06-09,P,1.385,0.077900000,3,
2026-07-23,GBU,OPT,GBUM8 P13900,2028-06-09,P,1.39,0.081100000,3,
2026-07-23,GBU,OPT,GBUM8 P13950,2028-06-09,P,1.395,0.084300000,3,
2026-07-23,GBU,OPT,GBUM8 P14000,2028-06-09,P,1.4,0.087600000,3,
2026-07-23,GBU,OPT,GBUM8 P14100,2028-06-09,P,1.41,0.094500000,3,
2026-07-23,GBU,OPT,GBUM8 P14200,2028-06-09,P,1.42,0.101600000,3,
2026-07-23,GBU,OPT,GBUM8 P14300,2028-06-09,P,1.43,0.109000000,3,
2026-07-23,GBU,OPT,GBUM8 P14400,2028-06-09,P,1.44,0.116600000,3,
2026-07-23,GBU,OPT,GBUM8 P14500,2028-06-09,P,1.45,0.124500000,3,
2026-07-23,GBU,OPT,GBUM8 P14600,2028-06-09,P,1.46,0.132500000,3,
2026-07-23,GBU,OPT,GBUM8 P14700,2028-06-09,P,1.47,0.140600000,3,
2026-07-23,GBU,OPT,GBUM8 P14800,2028-06-09,P,1.48,0.148900000,3,
2026-07-23,GBU,OPT,GBUM8 P14900,2028-06-09,P,1.49,0.157300000,3,
2026-07-23,GBU,OPT,GBUM8 P15000,2028-06-09,P,1.5,0.165900000,3,
2026-07-23,GBU,OPT,GBUM8 P15100,2028-06-09,P,1.51,0.174500000,3,
2026-07-23,GBU,OPT,GBUM8 P15200,2028-06-09,P,1.52,0.183300000,3,
2026-07-23,GBU,OPT,GBUM8 P15300,2028-06-09,P,1.53,0.192000000,3,
2026-07-23,GBU,OPT,GBUM8 P15400,2028-06-09,P,1.54,0.200900000,3,
2026-07-23,GBU,OPT,GBUM8 P15500,2028-06-09,P,1.55,0.209700000,3,
