session,root,type,symbol,expiry,right,strike,settle,settle_flag,oi
2026-08-10,GBU,OPT,GBUU6 C10200,2026-09-04,C,1.02,0.330100000,3,
2026-08-10,GBU,OPT,GBUU6 C10300,2026-09-04,C,1.03,0.320100000,3,
2026-08-10,GBU,OPT,GBUU6 C10400,2026-09-04,C,1.04,0.310100000,3,
2026-08-10,GBU,OPT,GBUU6 C10500,2026-09-04,C,1.05,0.300200000,3,
2026-08-10,GBU,OPT,GBUU6 C10600,2026-09-04,C,1.06,0.290200000,3,
2026-08-10,GBU,OPT,GBUU6 C10700,2026-09-04,C,1.07,0.280200000,3,
2026-08-10,GBU,OPT,GBUU6 C10800,2026-09-04,C,1.08,0.270200000,3,
2026-08-10,GBU,OPT,GBUU6 C10900,2026-09-04,C,1.09,0.260300000,3,
2026-08-10,GBU,OPT,GBUU6 C11000,2026-09-04,C,1.1,0.250300000,3,
2026-08-10,GBU,OPT,GBUU6 C11100,2026-09-04,C,1.11,0.240300000,3,
2026-08-10,GBU,OPT,GBUU6 C11200,2026-09-04,C,1.12,0.230300000,3,
2026-08-10,GBU,OPT,GBUU6 C11300,2026-09-04,C,1.13,0.220400000,3,
2026-08-10,GBU,OPT,GBUU6 C11400,2026-09-04,C,1.14,0.210400000,3,
2026-08-10,GBU,OPT,GBUU6 C11500,2026-09-04,C,1.15,0.200400000,3,
2026-08-10,GBU,OPT,GBUU6 C11600,2026-09-04,C,1.16,0.190400000,3,
2026-08-10,GBU,OPT,GBUU6 C11650,2026-09-04,C,1.165,0.185400000,3,
2026-08-10,GBU,OPT,GBUU6 C11700,2026-09-04,C,1.17,0.180500000,3,
2026-08-10,GBU,OPT,GBUU6 C11750,2026-09-04,C,1.175,0.175500000,3,
2026-08-10,GBU,OPT,GBUU6 C11800,2026-09-04,C,1.18,0.170500000,3,
2026-08-10,GBU,OPT,GBUU6 C11850,2026-09-04,C,1.185,0.165500000,3,
2026-08-10,GBU,OPT,GBUU6 C11900,2026-09-04,C,1.19,0.160500000,3,
2026-08-10,GBU,OPT,GBUU6 C11950,2026-09-04,C,1.195,0.155500000,3,
2026-08-10,GBU,OPT,GBUU6 C12000,2026-09-04,C,1.2,0.150500000,3,1
2026-08-10,GBU,OPT,GBUU6 C12050,2026-09-04,C,1.205,0.145500000,3,
2026-08-10,GBU,OPT,GBUU6 C12100,2026-09-04,C,1.21,0.140600000,3,1
2026-08-10,GBU,OPT,GBUU6 C12150,2026-09-04,C,1.215,0.135600000,3,
2026-08-10,GBU,OPT,GBUU6 C12200,2026-09-04,C,1.22,0.130600000,3,
2026-08-10,GBU,OPT,GBUU6 C12250,2026-09-04,C,1.225,0.125600000,3,
2026-08-10,GBU,OPT,GBUU6 C12300,2026-09-04,C,1.23,0.120600000,3,
2026-08-10,GBU,OPT,GBUU6 C12350,2026-09-04,C,1.235,0.115600000,3,
2026-08-10,GBU,OPT,GBUU6 C12400,2026-09-04,C,1.24,0.110600000,3,
2026-08-10,GBU,OPT,GBUU6 C12450,2026-09-04,C,1.245,0.105600000,3,
2026-08-10,GBU,OPT,GBUU6 C12500,2026-09-04,C,1.25,0.100600000,3,
2026-08-10,GBU,OPT,GBUU6 C12550,2026-09-04,C,1.255,0.095700000,3,
2026-08-10,GBU,OPT,GBUU6 C12600,2026-09-04,C,1.26,0.090700000,3,
2026-08-10,GBU,OPT,GBUU6 C12650,2026-09-04,C,1.265,0.085700000,3,
2026-08-10,GBU,OPT,GBUU6 C12700,2026-09-04,C,1.27,0.080700000,3,1
2026-08-10,GBU,OPT,GBUU6 C12750,2026-09-04,C,1.275,0.075700000,3,
2026-08-10,GBU,OPT,GBUU6 C12800,2026-09-04,C,1.28,0.070700000,3,5
2026-08-10,GBU,OPT,GBUU6 C12850,2026-09-04,C,1.285,0.065800000,3,
2026-08-10,GBU,OPT,GBUU6 C12900,2026-09-04,C,1.29,0.060800000,3,9
2026-08-10,GBU,OPT,GBUU6 C12950,2026-09-04,C,1.295,0.055900000,3,
2026-08-10,GBU,OPT,GBUU6 C13000,2026-09-04,C,1.3,0.050900000,3,
2026-08-10,GBU,OPT,GBUU6 C13050,2026-09-04,C,1.305,0.046000000,3,
2026-08-10,GBU,OPT,GBUU6 C13100,2026-09-04,C,1.31,0.041100000,3,4
2026-08-10,GBU,OPT,GBUU6 C13150,2026-09-04,C,1.315,0.036300000,3,1
2026-08-10,GBU,OPT,GBUU6 C13200,2026-09-04,C,1.32,0.031500000,3,13
2026-08-10,GBU,OPT,GBUU6 C13250,2026-09-04,C,1.325,0.026800000,3,3
2026-08-10,GBU,OPT,GBUU6 C13300,2026-09-04,C,1.33,0.022400000,3,20
2026-08-10,GBU,OPT,GBUU6 C13325,2026-09-04,C,1.3325,0.020200000,3,
2026-08-10,GBU,OPT,GBUU6 C13350,2026-09-04,C,1.335,0.018100000,3,7
2026-08-10,GBU,OPT,GBUU6 C13375,2026-09-04,C,1.3375,0.016100000,3,
2026-08-10,GBU,OPT,GBUU6 C13400,2026-09-04,C,1.34,0.014200000,3,278
2026-08-10,GBU,OPT,GBUU6 C13425,2026-09-04,C,1.3425,0.012400000,3,
2026-08-10,GBU,OPT,GBUU6 C13450,2026-09-04,C,1.345,0.010700000,3,832
2026-08-10,GBU,OPT,GBUU6 C13475,2026-09-04,C,1.3475,0.009100000,3,
2026-08-10,GBU,OPT,GBUU6 C13500,2026-09-04,C,1.35,0.007700000,3,394
2026-08-10,GBU,OPT,GBUU6 C13525,2026-09-04,C,1.3525,0.006400000,3,
2026-08-10,GBU,OPT,GBUU6 C13550,2026-09-04,C,1.355,0.005300000,3,1405
2026-08-10,GBU,OPT,GBUU6 C13575,2026-09-04,C,1.3575,0.004300000,3,130
2026-08-10,GBU,OPT,GBUU6 C13600,2026-09-04,C,1.36,0.003400000,3,2299
2026-08-10,GBU,OPT,GBUU6 C13625,2026-09-04,C,1.3625,0.002700000,3,39
2026-08-10,GBU,OPT,GBUU6 C13650,2026-09-04,C,1.365,0.002100000,3,914
2026-08-10,GBU,OPT,GBUU6 C13675,2026-09-04,C,1.3675,0.001700000,3,14
2026-08-10,GBU,OPT,GBUU6 C13700,2026-09-04,C,1.37,0.001300000,3,121
2026-08-10,GBU,OPT,GBUU6 C13750,2026-09-04,C,1.375,0.000800000,3,70
2026-08-10,GBU,OPT,GBUU6 C13800,2026-09-04,C,1.38,0.000500000,3,125
2026-08-10,GBU,OPT,GBUU6 C13850,2026-09-04,C,1.385,0.000300000,3,321
2026-08-10,GBU,OPT,GBUU6 C13900,2026-09-04,C,1.39,0.000200000,3,236
2026-08-10,GBU,OPT,GBUU6 C13950,2026-09-04,C,1.395,0.000200000,3,6
2026-08-10,GBU,OPT,GBUU6 C14000,2026-09-04,C,1.4,0.000100000,3,375
2026-08-10,GBU,OPT,GBUU6 C14050,2026-09-04,C,1.405,0.000100000,3,269
2026-08-10,GBU,OPT,GBUU6 C14100,2026-09-04,C,1.41,0.000100000,3,497
2026-08-10,GBU,OPT,GBUU6 C14150,2026-09-04,C,1.415,0.000100000,3,135
2026-08-10,GBU,OPT,GBUU6 C14200,2026-09-04,C,1.42,0.000100000,3,177
2026-08-10,GBU,OPT,GBUU6 C14250,2026-09-04,C,1.425,0.000100000,3,253
2026-08-10,GBU,OPT,GBUU6 C14300,2026-09-04,C,1.43,0.000100000,3,70
2026-08-10,GBU,OPT,GBUU6 C14350,2026-09-04,C,1.435,0.000100000,3,
2026-08-10,GBU,OPT,GBUU6 C14400,2026-09-04,C,1.44,0.000100000,3,79
2026-08-10,GBU,OPT,GBUU6 C14450,2026-09-04,C,1.445,0.000100000,3,
2026-08-10,GBU,OPT,GBUU6 C14500,2026-09-04,C,1.45,0.000100000,3,90
2026-08-10,GBU,OPT,GBUU6 C14600,2026-09-04,C,1.46,0.000100000,3,83
2026-08-10,GBU,OPT,GBUU6 C14700,2026-09-04,C,1.47,0.000100000,3,168
2026-08-10,GBU,OPT,GBUU6 C14800,2026-09-04,C,1.48,0.000100000,3,33
2026-08-10,GBU,OPT,GBUU6 C14900,2026-09-04,C,1.49,0.000100000,3,
2026-08-10,GBU,OPT,GBUU6 C15000,2026-09-04,C,1.5,0.000100000,3,
2026-08-10,GBU,OPT,GBUU6 C15100,2026-09-04,C,1.51,0.000100000,3,
2026-08-10,GBU,OPT,GBUU6 C15200,2026-09-04,C,1.52,0.000100000,3,
2026-08-10,GBU,OPT,GBUU6 C15300,2026-09-04,C,1.53,0.000100000,3,
2026-08-10,GBU,OPT,GBUU6 C15400,2026-09-04,C,1.54,0.000100000,3,4
2026-08-10,GBU,OPT,GBUU6 C15500,2026-09-04,C,1.55,0.000100000,3,
2026-08-10,GBU,OPT,GBUU6 C15600,2026-09-04,C,1.56,0.000100000,3,
2026-08-10,GBU,OPT,GBUU6 C15700,2026-09-04,C,1.57,0.000100000,3,
2026-08-10,GBU,OPT,GBUU6 C15800,2026-09-04,C,1.58,0.000100000,3,
2026-08-10,GBU,OPT,GBUU6 P10200,2026-09-04,P,1.02,0.000100000,3,4
2026-08-10,GBU,OPT,GBUU6 P10300,2026-09-04,P,1.03,0.000100000,3,
2026-08-10,GBU,OPT,GBUU6 P10400,2026-09-04,P,1.04,0.000100000,3,
2026-08-10,GBU,OPT,GBUU6 P10500,2026-09-04,P,1.05,0.000100000,3,
2026-08-10,GBU,OPT,GBUU6 P10600,2026-09-04,P,1.06,0.000100000,3,
2026-08-10,GBU,OPT,GBUU6 P10700,2026-09-04,P,1.07,0.000100000,3,
2026-08-10,GBU,OPT,GBUU6 P10800,2026-09-04,P,1.08,0.000100000,3,
2026-08-10,GBU,OPT,GBUU6 P10900,2026-09-04,P,1.09,0.000100000,3,
2026-08-10,GBU,OPT,GBUU6 P11000,2026-09-04,P,1.1,0.000100000,3,
2026-08-10,GBU,OPT,GBUU6 P11100,2026-09-04,P,1.11,0.000100000,3,
2026-08-10,GBU,OPT,GBUU6 P11200,2026-09-04,P,1.12,0.000100000,3,
2026-08-10,GBU,OPT,GBUU6 P11300,2026-09-04,P,1.13,0.000100000,3,
2026-08-10,GBU,OPT,GBUU6 P11400,2026-09-04,P,1.14,0.000100000,3,
2026-08-10,GBU,OPT,GBUU6 P11500,2026-09-04,P,1.15,0.000100000,3,20
2026-08-10,GBU,OPT,GBUU6 P11600,2026-09-04,P,1.16,0.000100000,3,19
2026-08-10,GBU,OPT,GBUU6 P11650,2026-09-04,P,1.165,0.000100000,3,
2026-08-10,GBU,OPT,GBUU6 P11700,2026-09-04,P,1.17,0.000100000,3,100
2026-08-10,GBU,OPT,GBUU6 P11750,2026-09-04,P,1.175,0.000100000,3,16
2026-08-10,GBU,OPT,GBUU6 P11800,2026-09-04,P,1.18,0.000100000,3,4
2026-08-10,GBU,OPT,GBUU6 P11850,2026-09-04,P,1.185,0.000100000,3,
2026-08-10,GBU,OPT,GBUU6 P11900,2026-09-04,P,1.19,0.000100000,3,24
2026-08-10,GBU,OPT,GBUU6 P11950,2026-09-04,P,1.195,0.000100000,3,
2026-08-10,GBU,OPT,GBUU6 P12000,2026-09-04,P,1.2,0.000100000,3,84
2026-08-10,GBU,OPT,GBUU6 P12050,2026-09-04,P,1.205,0.000100000,3,15
2026-08-10,GBU,OPT,GBUU6 P12100,2026-09-04,P,1.21,0.000100000,3,3
2026-08-10,GBU,OPT,GBUU6 P12150,2026-09-04,P,1.215,0.000100000,3,
2026-08-10,GBU,OPT,GBUU6 P12200,2026-09-04,P,1.22,0.000100000,3,4
2026-08-10,GBU,OPT,GBUU6 P12250,2026-09-04,P,1.225,0.000100000,3,4
2026-08-10,GBU,OPT,GBUU6 P12300,2026-09-04,P,1.23,0.000100000,3,38
2026-08-10,GBU,OPT,GBUU6 P12350,2026-09-04,P,1.235,0.000100000,3,54
2026-08-10,GBU,OPT,GBUU6 P12400,2026-09-04,P,1.24,0.000100000,3,17
2026-08-10,GBU,OPT,GBUU6 P12450,2026-09-04,P,1.245,0.000100000,3,36
2026-08-10,GBU,OPT,GBUU6 P12500,2026-09-04,P,1.25,0.000100000,3,247
2026-08-10,GBU,OPT,GBUU6 P12550,2026-09-04,P,1.255,0.000100000,3,56
2026-08-10,GBU,OPT,GBUU6 P12600,2026-09-04,P,1.26,0.000100000,3,112
2026-08-10,GBU,OPT,GBUU6 P12650,2026-09-04,P,1.265,0.000100000,3,12
2026-08-10,GBU,OPT,GBUU6 P12700,2026-09-04,P,1.27,0.000100000,3,240
2026-08-10,GBU,OPT,GBUU6 P12750,2026-09-04,P,1.275,0.000100000,3,112
2026-08-10,GBU,OPT,GBUU6 P12800,2026-09-04,P,1.28,0.000100000,3,144
2026-08-10,GBU,OPT,GBUU6 P12850,2026-09-04,P,1.285,0.000100000,3,642
2026-08-10,GBU,OPT,GBUU6 P12900,2026-09-04,P,1.29,0.000100000,3,416
2026-08-10,GBU,OPT,GBUU6 P12950,2026-09-04,P,1.295,0.000100000,3,49
2026-08-10,GBU,OPT,GBUU6 P13000,2026-09-04,P,1.3,0.000200000,3,443
2026-08-10,GBU,OPT,GBUU6 P13050,2026-09-04,P,1.305,0.000200000,3,101
2026-08-10,GBU,OPT,GBUU6 P13100,2026-09-04,P,1.31,0.000300000,3,106
2026-08-10,GBU,OPT,GBUU6 P13150,2026-09-04,P,1.315,0.000500000,3,1531
2026-08-10,GBU,OPT,GBUU6 P13200,2026-09-04,P,1.32,0.000700000,3,1099
2026-08-10,GBU,OPT,GBUU6 P13250,2026-09-04,P,1.325,0.001000000,3,453
2026-08-10,GBU,OPT,GBUU6 P13300,2026-09-04,P,1.33,0.001500000,3,1262
2026-08-10,GBU,OPT,GBUU6 P13325,2026-09-04,P,1.3325,0.001900000,3,5
2026-08-10,GBU,OPT,GBUU6 P13350,2026-09-04,P,1.335,0.002300000,3,2000
2026-08-10,GBU,OPT,GBUU6 P13375,2026-09-04,P,1.3375,0.002700000,3,400
2026-08-10,GBU,OPT,GBUU6 P13400,2026-09-04,P,1.34,0.003300000,3,1468
2026-08-10,GBU,OPT,GBUU6 P13425,2026-09-04,P,1.3425,0.004000000,3,50
2026-08-10,GBU,OPT,GBUU6 P13450,2026-09-04,P,1.345,0.004800000,3,344
2026-08-10,GBU,OPT,GBUU6 P13475,2026-09-04,P,1.3475,0.005700000,3,75
2026-08-10,GBU,OPT,GBUU6 P13500,2026-09-04,P,1.35,0.006800000,3,65
2026-08-10,GBU,OPT,GBUU6 P13525,2026-09-04,P,1.3525,0.008000000,3,10
2026-08-10,GBU,OPT,GBUU6 P13550,2026-09-04,P,1.355,0.009300000,3,46
2026-08-10,GBU,OPT,GBUU6 P13575,2026-09-04,P,1.3575,0.010800000,3,
2026-08-10,GBU,OPT,GBUU6 P13600,2026-09-04,P,1.36,0.012500000,3,45
2026-08-10,GBU,OPT,GBUU6 P13625,2026-09-04,P,1.3625,0.014300000,3,
2026-08-10,GBU,OPT,GBUU6 P13650,2026-09-04,P,1.365,0.016200000,3,
2026-08-10,GBU,OPT,GBUU6 P13675,2026-09-04,P,1.3675,0.018200000,3,
2026-08-10,GBU,OPT,GBUU6 P13700,2026-09-04,P,1.37,0.020400000,3,7
2026-08-10,GBU,OPT,GBUU6 P13750,2026-09-04,P,1.375,0.024800000,3,
2026-08-10,GBU,OPT,GBUU6 P13800,2026-09-04,P,1.38,0.029500000,3,6
2026-08-10,GBU,OPT,GBUU6 P13850,2026-09-04,P,1.385,0.034300000,3,
2026-08-10,GBU,OPT,GBUU6 P13900,2026-09-04,P,1.39,0.039200000,3,4
2026-08-10,GBU,OPT,GBUU6 P13950,2026-09-04,P,1.395,0.044200000,3,
2026-08-10,GBU,OPT,GBUU6 P14000,2026-09-04,P,1.4,0.049100000,3,3
2026-08-10,GBU,OPT,GBUU6 P14050,2026-09-04,P,1.405,0.054100000,3,1
2026-08-10,GBU,OPT,GBUU6 P14100,2026-09-04,P,1.41,0.059000000,3,
2026-08-10,GBU,OPT,GBUU6 P14150,2026-09-04,P,1.415,0.063900000,3,
2026-08-10,GBU,OPT,GBUU6 P14200,2026-09-04,P,1.42,0.068900000,3,
2026-08-10,GBU,OPT,GBUU6 P14250,2026-09-04,P,1.425,0.073900000,3,
2026-08-10,GBU,OPT,GBUU6 P14300,2026-09-04,P,1.43,0.078900000,3,
2026-08-10,GBU,OPT,GBUU6 P14350,2026-09-04,P,1.435,0.083900000,3,
2026-08-10,GBU,OPT,GBUU6 P14400,2026-09-04,P,1.44,0.088900000,3,
2026-08-10,GBU,OPT,GBUU6 P14450,2026-09-04,P,1.445,0.093900000,3,
2026-08-10,GBU,OPT,GBUU6 P14500,2026-09-04,P,1.45,0.098900000,3,
2026-08-10,GBU,OPT,GBUU6 P14600,2026-09-04,P,1.46,0.108800000,3,1
2026-08-10,GBU,OPT,GBUU6 P14700,2026-09-04,P,1.47,0.118800000,3,1
2026-08-10,GBU,OPT,GBUU6 P14800,2026-09-04,P,1.48,0.128800000,3,
2026-08-10,GBU,OPT,GBUU6 P14900,2026-09-04,P,1.49,0.138800000,3,
2026-08-10,GBU,OPT,GBUU6 P15000,2026-09-04,P,1.5,0.148700000,3,560
2026-08-10,GBU,OPT,GBUU6 P15100,2026-09-04,P,1.51,0.158700000,3,
2026-08-10,GBU,OPT,GBUU6 P15200,2026-09-04,P,1.52,0.168700000,3,
2026-08-10,GBU,OPT,GBUU6 P15300,2026-09-04,P,1.53,0.178700000,3,
2026-08-10,GBU,OPT,GBUU6 P15400,2026-09-04,P,1.54,0.188600000,3,
2026-08-10,GBU,OPT,GBUU6 P15500,2026-09-04,P,1.55,0.198600000,3,
2026-08-10,GBU,OPT,GBUU6 P15600,2026-09-04,P,1.56,0.208600000,3,
2026-08-10,GBU,OPT,GBUU6 P15700,2026-09-04,P,1.57,0.218600000,3,
2026-08-10,GBU,OPT,GBUU6 P15800,2026-09-04,P,1.58,0.228500000,3,
2026-08-10,GBU,OPT,GBUV6 C11000,2026-10-09,C,1.1,0.249400000,3,
2026-08-10,GBU,OPT,GBUV6 C11100,2026-10-09,C,1.11,0.239500000,3,
2026-08-10,GBU,OPT,GBUV6 C11200,2026-10-09,C,1.12,0.229500000,3,
2026-08-10,GBU,OPT,GBUV6 C11300,2026-10-09,C,1.13,0.219600000,3,
2026-08-10,GBU,OPT,GBUV6 C11400,2026-10-09,C,1.14,0.209600000,3,
2026-08-10,GBU,OPT,GBUV6 C11500,2026-10-09,C,1.15,0.199700000,3,
2026-08-10,GBU,OPT,GBUV6 C11600,2026-10-09,C,1.16,0.189800000,3,
2026-08-10,GBU,OPT,GBUV6 C11700,2026-10-09,C,1.17,0.179800000,3,
2026-08-10,GBU,OPT,GBUV6 C11800,2026-10-09,C,1.18,0.169900000,3,
2026-08-10,GBU,OPT,GBUV6 C11900,2026-10-09,C,1.19,0.159900000,3,
2026-08-10,GBU,OPT,GBUV6 C12000,2026-10-09,C,1.2,0.150100000,3,
2026-08-10,GBU,OPT,GBUV6 C12100,2026-10-09,C,1.21,0.140100000,3,
2026-08-10,GBU,OPT,GBUV6 C12200,2026-10-09,C,1.22,0.130200000,3,
2026-08-10,GBU,OPT,GBUV6 C12300,2026-10-09,C,1.23,0.120300000,3,
2026-08-10,GBU,OPT,GBUV6 C12400,2026-10-09,C,1.24,0.110400000,3,1
2026-08-10,GBU,OPT,GBUV6 C12500,2026-10-09,C,1.25,0.100500000,3,1
2026-08-10,GBU,OPT,GBUV6 C12550,2026-10-09,C,1.255,0.095600000,3,
2026-08-10,GBU,OPT,GBUV6 C12600,2026-10-09,C,1.26,0.090700000,3,
2026-08-10,GBU,OPT,GBUV6 C12650,2026-10-09,C,1.265,0.085800000,3,
2026-08-10,GBU,OPT,GBUV6 C12700,2026-10-09,C,1.27,0.080900000,3,
2026-08-10,GBU,OPT,GBUV6 C12750,2026-10-09,C,1.275,0.076000000,3,
2026-08-10,GBU,OPT,GBUV6 C12800,2026-10-09,C,1.28,0.071100000,3,
2026-08-10,GBU,OPT,GBUV6 C12850,2026-10-09,C,1.285,0.066200000,3,
2026-08-10,GBU,OPT,GBUV6 C12900,2026-10-09,C,1.29,0.061400000,3,2
2026-08-10,GBU,OPT,GBUV6 C12950,2026-10-09,C,1.295,0.056600000,3,
2026-08-10,GBU,OPT,GBUV6 C13000,2026-10-09,C,1.3,0.052000000,3,1
2026-08-10,GBU,OPT,GBUV6 C13050,2026-10-09,C,1.305,0.047300000,3,3
2026-08-10,GBU,OPT,GBUV6 C13100,2026-10-09,C,1.31,0.042800000,3,42
2026-08-10,GBU,OPT,GBUV6 C13150,2026-10-09,C,1.315,0.038300000,3,1
2026-08-10,GBU,OPT,GBUV6 C13200,2026-10-09,C,1.32,0.033900000,3,501
2026-08-10,GBU,OPT,GBUV6 C13250,2026-10-09,C,1.325,0.029700000,3,1
2026-08-10,GBU,OPT,GBUV6 C13300,2026-10-09,C,1.33,0.025700000,3,3
2026-08-10,GBU,OPT,GBUV6 C13350,2026-10-09,C,1.335,0.022000000,3,54
2026-08-10,GBU,OPT,GBUV6 C13400,2026-10-09,C,1.34,0.018500000,3,803
2026-08-10,GBU,OPT,GBUV6 C13450,2026-10-09,C,1.345,0.015300000,3,62
2026-08-10,GBU,OPT,GBUV6 C13500,2026-10-09,C,1.35,0.012500000,3,1344
2026-08-10,GBU,OPT,GBUV6 C13550,2026-10-09,C,1.355,0.010000000,3,691
2026-08-10,GBU,OPT,GBUV6 C13600,2026-10-09,C,1.36,0.007800000,3,1747
2026-08-10,GBU,OPT,GBUV6 C13650,2026-10-09,C,1.365,0.006000000,3,963
2026-08-10,GBU,OPT,GBUV6 C13700,2026-10-09,C,1.37,0.004600000,3,1410
2026-08-10,GBU,OPT,GBUV6 C13750,2026-10-09,C,1.375,0.003400000,3,437
2026-08-10,GBU,OPT,GBUV6 C13800,2026-10-09,C,1.38,0.002500000,3,44
2026-08-10,GBU,OPT,GBUV6 C13850,2026-10-09,C,1.385,0.001900000,3,38
2026-08-10,GBU,OPT,GBUV6 C13900,2026-10-09,C,1.39,0.001400000,3,39
2026-08-10,GBU,OPT,GBUV6 C13950,2026-10-09,C,1.395,0.001100000,3,19
2026-08-10,GBU,OPT,GBUV6 C14000,2026-10-09,C,1.4,0.000800000,3,25
2026-08-10,GBU,OPT,GBUV6 C14050,2026-10-09,C,1.405,0.000600000,3,4
2026-08-10,GBU,OPT,GBUV6 C14100,2026-10-09,C,1.41,0.000400000,3,8
2026-08-10,GBU,OPT,GBUV6 C14150,2026-10-09,C,1.415,0.000300000,3,
2026-08-10,GBU,OPT,GBUV6 C14200,2026-10-09,C,1.42,0.000200000,3,4
2026-08-10,GBU,OPT,GBUV6 C14250,2026-10-09,C,1.425,0.000100000,3,3
2026-08-10,GBU,OPT,GBUV6 C14300,2026-10-09,C,1.43,0.000100000,3,4
2026-08-10,GBU,OPT,GBUV6 C14400,2026-10-09,C,1.44,0.000100000,3,80
2026-08-10,GBU,OPT,GBUV6 C14500,2026-10-09,C,1.45,0.000100000,3,12
2026-08-10,GBU,OPT,GBUV6 C14600,2026-10-09,C,1.46,0.000100000,3,2
2026-08-10,GBU,OPT,GBUV6 C14700,2026-10-09,C,1.47,0.000100000,3,1
2026-08-10,GBU,OPT,GBUV6 C14800,2026-10-09,C,1.48,0.000100000,3,
2026-08-10,GBU,OPT,GBUV6 C14900,2026-10-09,C,1.49,0.000100000,3,15
2026-08-10,GBU,OPT,GBUV6 C15000,2026-10-09,C,1.5,0.000100000,3,36
2026-08-10,GBU,OPT,GBUV6 C15100,2026-10-09,C,1.51,0.000100000,3,
2026-08-10,GBU,OPT,GBUV6 C15200,2026-10-09,C,1.52,0.000100000,3,
2026-08-10,GBU,OPT,GBUV6 C15300,2026-10-09,C,1.53,0.000100000,3,
2026-08-10,GBU,OPT,GBUV6 C15400,2026-10-09,C,1.54,0.000100000,3,
2026-08-10,GBU,OPT,GBUV6 C15500,2026-10-09,C,1.55,0.000100000,3,1
2026-08-10,GBU,OPT,GBUV6 C15600,2026-10-09,C,1.56,0.000100000,3,
2026-08-10,GBU,OPT,GBUV6 C15700,2026-10-09,C,1.57,0.000100000,3,
2026-08-10,GBU,OPT,GBUV6 C15800,2026-10-09,C,1.58,0.000100000,3,
2026-08-10,GBU,OPT,GBUV6 P11000,2026-10-09,P,1.1,0.000100000,3,
2026-08-10,GBU,OPT,GBUV6 P11100,2026-10-09,P,1.11,0.000100000,3,
2026-08-10,GBU,OPT,GBUV6 P11200,2026-10-09,P,1.12,0.000100000,3,15
2026-08-10,GBU,OPT,GBUV6 P11300,2026-10-09,P,1.13,0.000100000,3,1
2026-08-10,GBU,OPT,GBUV6 P11400,2026-10-09,P,1.14,0.000100000,3,27
2026-08-10,GBU,OPT,GBUV6 P11500,2026-10-09,P,1.15,0.000100000,3,17
2026-08-10,GBU,OPT,GBUV6 P11600,2026-10-09,P,1.16,0.000100000,3,15
2026-08-10,GBU,OPT,GBUV6 P11700,2026-10-09,P,1.17,0.000100000,3,15
2026-08-10,GBU,OPT,GBUV6 P11800,2026-10-09,P,1.18,0.000100000,3,15
2026-08-10,GBU,OPT,GBUV6 P11900,2026-10-09,P,1.19,0.000100000,3,15
2026-08-10,GBU,OPT,GBUV6 P12000,2026-10-09,P,1.2,0.000100000,3,16
2026-08-10,GBU,OPT,GBUV6 P12100,2026-10-09,P,1.21,0.000100000,3,
2026-08-10,GBU,OPT,GBUV6 P12200,2026-10-09,P,1.22,0.000100000,3,1
2026-08-10,GBU,OPT,GBUV6 P12300,2026-10-09,P,1.23,0.000200000,3,1
2026-08-10,GBU,OPT,GBUV6 P12400,2026-10-09,P,1.24,0.000200000,3,2
2026-08-10,GBU,OPT,GBUV6 P12500,2026-10-09,P,1.25,0.000200000,3,3
2026-08-10,GBU,OPT,GBUV6 P12550,2026-10-09,P,1.255,0.000300000,3,67
2026-08-10,GBU,OPT,GBUV6 P12600,2026-10-09,P,1.26,0.000400000,3,12
2026-08-10,GBU,OPT,GBUV6 P12650,2026-10-09,P,1.265,0.000400000,3,11
2026-08-10,GBU,OPT,GBUV6 P12700,2026-10-09,P,1.27,0.000400000,3,22
2026-08-10,GBU,OPT,GBUV6 P12750,2026-10-09,P,1.275,0.000500000,3,6
2026-08-10,GBU,OPT,GBUV6 P12800,2026-10-09,P,1.28,0.000600000,3,5
2026-08-10,GBU,OPT,GBUV6 P12850,2026-10-09,P,1.285,0.000700000,3,23
2026-08-10,GBU,OPT,GBUV6 P12900,2026-10-09,P,1.29,0.000900000,3,24
2026-08-10,GBU,OPT,GBUV6 P12950,2026-10-09,P,1.295,0.001100000,3,13
2026-08-10,GBU,OPT,GBUV6 P13000,2026-10-09,P,1.3,0.001400000,3,154
2026-08-10,GBU,OPT,GBUV6 P13050,2026-10-09,P,1.305,0.001700000,3,421
2026-08-10,GBU,OPT,GBUV6 P13100,2026-10-09,P,1.31,0.002100000,3,68
2026-08-10,GBU,OPT,GBUV6 P13150,2026-10-09,P,1.315,0.002600000,3,52
2026-08-10,GBU,OPT,GBUV6 P13200,2026-10-09,P,1.32,0.003200000,3,352
2026-08-10,GBU,OPT,GBUV6 P13250,2026-10-09,P,1.325,0.004000000,3,1319
2026-08-10,GBU,OPT,GBUV6 P13300,2026-10-09,P,1.33,0.005000000,3,1039
2026-08-10,GBU,OPT,GBUV6 P13350,2026-10-09,P,1.335,0.006200000,3,65
2026-08-10,GBU,OPT,GBUV6 P13400,2026-10-09,P,1.34,0.007700000,3,401
2026-08-10,GBU,OPT,GBUV6 P13450,2026-10-09,P,1.345,0.009500000,3,880
2026-08-10,GBU,OPT,GBUV6 P13500,2026-10-09,P,1.35,0.011600000,3,394
2026-08-10,GBU,OPT,GBUV6 P13550,2026-10-09,P,1.355,0.014100000,3,1887
2026-08-10,GBU,OPT,GBUV6 P13600,2026-10-09,P,1.36,0.016900000,3,1821
2026-08-10,GBU,OPT,GBUV6 P13650,2026-10-09,P,1.365,0.020000000,3,
2026-08-10,GBU,OPT,GBUV6 P13700,2026-10-09,P,1.37,0.023500000,3,
2026-08-10,GBU,OPT,GBUV6 P13750,2026-10-09,P,1.375,0.027400000,3,
2026-08-10,GBU,OPT,GBUV6 P13800,2026-10-09,P,1.38,0.031500000,3,
2026-08-10,GBU,OPT,GBUV6 P13850,2026-10-09,P,1.385,0.035800000,3,
2026-08-10,GBU,OPT,GBUV6 P13900,2026-10-09,P,1.39,0.040300000,3,1
2026-08-10,GBU,OPT,GBUV6 P13950,2026-10-09,P,1.395,0.044900000,3,
2026-08-10,GBU,OPT,GBUV6 P14000,2026-10-09,P,1.4,0.049600000,3,
2026-08-10,GBU,OPT,GBUV6 P14050,2026-10-09,P,1.405,0.054400000,3,
2026-08-10,GBU,OPT,GBUV6 P14100,2026-10-09,P,1.41,0.059200000,3,1
2026-08-10,GBU,OPT,GBUV6 P14150,2026-10-09,P,1.415,0.064000000,3,
2026-08-10,GBU,OPT,GBUV6 P14200,2026-10-09,P,1.42,0.068900000,3,
2026-08-10,GBU,OPT,GBUV6 P14250,2026-10-09,P,1.425,0.073800000,3,
2026-08-10,GBU,OPT,GBUV6 P14300,2026-10-09,P,1.43,0.078700000,3,
2026-08-10,GBU,OPT,GBUV6 P14400,2026-10-09,P,1.44,0.088600000,3,
2026-08-10,GBU,OPT,GBUV6 P14500,2026-10-09,P,1.45,0.098500000,3,
2026-08-10,GBU,OPT,GBUV6 P14600,2026-10-09,P,1.46,0.108400000,3,
2026-08-10,GBU,OPT,GBUV6 P14700,2026-10-09,P,1.47,0.118400000,3,
2026-08-10,GBU,OPT,GBUV6 P14800,2026-10-09,P,1.48,0.128300000,3,
2026-08-10,GBU,OPT,GBUV6 P14900,2026-10-09,P,1.49,0.138300000,3,
2026-08-10,GBU,OPT,GBUV6 P15000,2026-10-09,P,1.5,0.148200000,3,
2026-08-10,GBU,OPT,GBUV6 P15100,2026-10-09,P,1.51,0.158100000,3,
2026-08-10,GBU,OPT,GBUV6 P15200,2026-10-09,P,1.52,0.168100000,3,
2026-08-10,GBU,OPT,GBUV6 P15300,2026-10-09,P,1.53,0.178000000,3,
2026-08-10,GBU,OPT,GBUV6 P15400,2026-10-09,P,1.54,0.188000000,3,
2026-08-10,GBU,OPT,GBUV6 P15500,2026-10-09,P,1.55,0.197900000,3,
2026-08-10,GBU,OPT,GBUV6 P15600,2026-10-09,P,1.56,0.207900000,3,
2026-08-10,GBU,OPT,GBUV6 P15700,2026-10-09,P,1.57,0.217800000,3,
2026-08-10,GBU,OPT,GBUV6 P15800,2026-10-09,P,1.58,0.227700000,3,
2026-08-10,GBU,OPT,GBUX6 C11100,2026-11-06,C,1.11,0.238800000,3,
2026-08-10,GBU,OPT,GBUX6 C11200,2026-11-06,C,1.12,0.228900000,3,
2026-08-10,GBU,OPT,GBUX6 C11300,2026-11-06,C,1.13,0.218900000,3,
2026-08-10,GBU,OPT,GBUX6 C11400,2026-11-06,C,1.14,0.209100000,3,
2026-08-10,GBU,OPT,GBUX6 C11500,2026-11-06,C,1.15,0.199200000,3,
2026-08-10,GBU,OPT,GBUX6 C11600,2026-11-06,C,1.16,0.189300000,3,
2026-08-10,GBU,OPT,GBUX6 C11700,2026-11-06,C,1.17,0.179400000,3,
2026-08-10,GBU,OPT,GBUX6 C11800,2026-11-06,C,1.18,0.169500000,3,
2026-08-10,GBU,OPT,GBUX6 C11900,2026-11-06,C,1.19,0.159600000,3,
2026-08-10,GBU,OPT,GBUX6 C12000,2026-11-06,C,1.2,0.149700000,3,
2026-08-10,GBU,OPT,GBUX6 C12100,2026-11-06,C,1.21,0.139900000,3,
2026-08-10,GBU,OPT,GBUX6 C12200,2026-11-06,C,1.22,0.130100000,3,
2026-08-10,GBU,OPT,GBUX6 C12300,2026-11-06,C,1.23,0.120200000,3,
2026-08-10,GBU,OPT,GBUX6 C12400,2026-11-06,C,1.24,0.110400000,3,
2026-08-10,GBU,OPT,GBUX6 C12500,2026-11-06,C,1.25,0.100700000,3,1
2026-08-10,GBU,OPT,GBUX6 C12550,2026-11-06,C,1.255,0.095800000,3,
2026-08-10,GBU,OPT,GBUX6 C12600,2026-11-06,C,1.26,0.090900000,3,
2026-08-10,GBU,OPT,GBUX6 C12650,2026-11-06,C,1.265,0.086100000,3,
2026-08-10,GBU,OPT,GBUX6 C12700,2026-11-06,C,1.27,0.081300000,3,
2026-08-10,GBU,OPT,GBUX6 C12750,2026-11-06,C,1.275,0.076500000,3,
2026-08-10,GBU,OPT,GBUX6 C12800,2026-11-06,C,1.28,0.071800000,3,
2026-08-10,GBU,OPT,GBUX6 C12850,2026-11-06,C,1.285,0.067100000,3,
2026-08-10,GBU,OPT,GBUX6 C12900,2026-11-06,C,1.29,0.062500000,3,
2026-08-10,GBU,OPT,GBUX6 C12950,2026-11-06,C,1.295,0.057900000,3,
2026-08-10,GBU,OPT,GBUX6 C13000,2026-11-06,C,1.3,0.053400000,3,6
2026-08-10,GBU,OPT,GBUX6 C13050,2026-11-06,C,1.305,0.049000000,3,
2026-08-10,GBU,OPT,GBUX6 C13100,2026-11-06,C,1.31,0.044700000,3,
2026-08-10,GBU,OPT,GBUX6 C13150,2026-11-06,C,1.315,0.040500000,3,
2026-08-10,GBU,OPT,GBUX6 C13200,2026-11-06,C,1.32,0.036500000,3,13
2026-08-10,GBU,OPT,GBUX6 C13250,2026-11-06,C,1.325,0.032600000,3,16
2026-08-10,GBU,OPT,GBUX6 C13300,2026-11-06,C,1.33,0.028800000,3,5
2026-08-10,GBU,OPT,GBUX6 C13350,2026-11-06,C,1.335,0.025300000,3,41
2026-08-10,GBU,OPT,GBUX6 C13400,2026-11-06,C,1.34,0.022000000,3,800
2026-08-10,GBU,OPT,GBUX6 C13450,2026-11-06,C,1.345,0.019000000,3,193
2026-08-10,GBU,OPT,GBUX6 C13500,2026-11-06,C,1.35,0.016100000,3,89
2026-08-10,GBU,OPT,GBUX6 C13550,2026-11-06,C,1.355,0.013600000,3,242
2026-08-10,GBU,OPT,GBUX6 C13600,2026-11-06,C,1.36,0.011300000,3,32
2026-08-10,GBU,OPT,GBUX6 C13650,2026-11-06,C,1.365,0.009300000,3,306
2026-08-10,GBU,OPT,GBUX6 C13700,2026-11-06,C,1.37,0.007600000,3,323
2026-08-10,GBU,OPT,GBUX6 C13750,2026-11-06,C,1.375,0.006100000,3,1
2026-08-10,GBU,OPT,GBUX6 C13800,2026-11-06,C,1.38,0.004900000,3,14
2026-08-10,GBU,OPT,GBUX6 C13850,2026-11-06,C,1.385,0.003800000,3,5
2026-08-10,GBU,OPT,GBUX6 C13900,2026-11-06,C,1.39,0.003000000,3,9
2026-08-10,GBU,OPT,GBUX6 C13950,2026-11-06,C,1.395,0.002400000,3,1
2026-08-10,GBU,OPT,GBUX6 C14000,2026-11-06,C,1.4,0.001900000,3,25
2026-08-10,GBU,OPT,GBUX6 C14050,2026-11-06,C,1.405,0.001500000,3,
2026-08-10,GBU,OPT,GBUX6 C14100,2026-11-06,C,1.41,0.001200000,3,7
2026-08-10,GBU,OPT,GBUX6 C14150,2026-11-06,C,1.415,0.001000000,3,24
2026-08-10,GBU,OPT,GBUX6 C14200,2026-11-06,C,1.42,0.000800000,3,19
2026-08-10,GBU,OPT,GBUX6 C14250,2026-11-06,C,1.425,0.000500000,3,16
2026-08-10,GBU,OPT,GBUX6 C14300,2026-11-06,C,1.43,0.000400000,3,1518
2026-08-10,GBU,OPT,GBUX6 C14400,2026-11-06,C,1.44,0.000300000,3,1
2026-08-10,GBU,OPT,GBUX6 C14500,2026-11-06,C,1.45,0.000200000,3,16
2026-08-10,GBU,OPT,GBUX6 C14600,2026-11-06,C,1.46,0.000100000,3,16
2026-08-10,GBU,OPT,GBUX6 C14700,2026-11-06,C,1.47,0.000100000,3,17
2026-08-10,GBU,OPT,GBUX6 C14800,2026-11-06,C,1.48,0.000100000,3,18
2026-08-10,GBU,OPT,GBUX6 C14900,2026-11-06,C,1.49,0.000100000,3,18
2026-08-10,GBU,OPT,GBUX6 C15000,2026-11-06,C,1.5,0.000100000,3,19
2026-08-10,GBU,OPT,GBUX6 C15100,2026-11-06,C,1.51,0.000100000,3,15
2026-08-10,GBU,OPT,GBUX6 C15200,2026-11-06,C,1.52,0.000100000,3,
2026-08-10,GBU,OPT,GBUX6 C15300,2026-11-06,C,1.53,0.000100000,3,
2026-08-10,GBU,OPT,GBUX6 C15400,2026-11-06,C,1.54,0.000100000,3,
2026-08-10,GBU,OPT,GBUX6 C15500,2026-11-06,C,1.55,0.000100000,3,
2026-08-10,GBU,OPT,GBUX6 C15600,2026-11-06,C,1.56,0.000100000,3,
2026-08-10,GBU,OPT,GBUX6 C15700,2026-11-06,C,1.57,0.000100000,3,
2026-08-10,GBU,OPT,GBUX6 C15800,2026-11-06,C,1.58,0.000100000,3,
2026-08-10,GBU,OPT,GBUX6 P11100,2026-11-06,P,1.11,0.000100000,3,
2026-08-10,GBU,OPT,GBUX6 P11200,2026-11-06,P,1.12,0.000100000,3,
2026-08-10,GBU,OPT,GBUX6 P11300,2026-11-06,P,1.13,0.000100000,3,1
2026-08-10,GBU,OPT,GBUX6 P11400,2026-11-06,P,1.14,0.000100000,3,1
2026-08-10,GBU,OPT,GBUX6 P11500,2026-11-06,P,1.15,0.000100000,3,
2026-08-10,GBU,OPT,GBUX6 P11600,2026-11-06,P,1.16,0.000100000,3,
2026-08-10,GBU,OPT,GBUX6 P11700,2026-11-06,P,1.17,0.000100000,3,
2026-08-10,GBU,OPT,GBUX6 P11800,2026-11-06,P,1.18,0.000100000,3,15
2026-08-10,GBU,OPT,GBUX6 P11900,2026-11-06,P,1.19,0.000100000,3,15
2026-08-10,GBU,OPT,GBUX6 P12000,2026-11-06,P,1.2,0.000200000,3,16
2026-08-10,GBU,OPT,GBUX6 P12100,2026-11-06,P,1.21,0.000200000,3,18
2026-08-10,GBU,OPT,GBUX6 P12200,2026-11-06,P,1.22,0.000300000,3,16
2026-08-10,GBU,OPT,GBUX6 P12300,2026-11-06,P,1.23,0.000400000,3,4
2026-08-10,GBU,OPT,GBUX6 P12400,2026-11-06,P,1.24,0.000500000,3,7
2026-08-10,GBU,OPT,GBUX6 P12500,2026-11-06,P,1.25,0.000700000,3,3
2026-08-10,GBU,OPT,GBUX6 P12550,2026-11-06,P,1.255,0.000700000,3,2
2026-08-10,GBU,OPT,GBUX6 P12600,2026-11-06,P,1.26,0.000800000,3,7
2026-08-10,GBU,OPT,GBUX6 P12650,2026-11-06,P,1.265,0.001000000,3,1
2026-08-10,GBU,OPT,GBUX6 P12700,2026-11-06,P,1.27,0.001100000,3,2
2026-08-10,GBU,OPT,GBUX6 P12750,2026-11-06,P,1.275,0.001300000,3,8
2026-08-10,GBU,OPT,GBUX6 P12800,2026-11-06,P,1.28,0.001500000,3,23
2026-08-10,GBU,OPT,GBUX6 P12850,2026-11-06,P,1.285,0.001800000,3,23
2026-08-10,GBU,OPT,GBUX6 P12900,2026-11-06,P,1.29,0.002100000,3,2
2026-08-10,GBU,OPT,GBUX6 P12950,2026-11-06,P,1.295,0.002500000,3,650
2026-08-10,GBU,OPT,GBUX6 P13000,2026-11-06,P,1.3,0.003000000,3,23
2026-08-10,GBU,OPT,GBUX6 P13050,2026-11-06,P,1.305,0.003600000,3,3
2026-08-10,GBU,OPT,GBUX6 P13100,2026-11-06,P,1.31,0.004200000,3,17
2026-08-10,GBU,OPT,GBUX6 P13150,2026-11-06,P,1.315,0.005000000,3,4
2026-08-10,GBU,OPT,GBUX6 P13200,2026-11-06,P,1.32,0.005800000,3,21
2026-08-10,GBU,OPT,GBUX6 P13250,2026-11-06,P,1.325,0.006900000,3,47
2026-08-10,GBU,OPT,GBUX6 P13300,2026-11-06,P,1.33,0.008100000,3,4
2026-08-10,GBU,OPT,GBUX6 P13350,2026-11-06,P,1.335,0.009600000,3,43
2026-08-10,GBU,OPT,GBUX6 P13400,2026-11-06,P,1.34,0.011200000,3,5
2026-08-10,GBU,OPT,GBUX6 P13450,2026-11-06,P,1.345,0.013100000,3,1
2026-08-10,GBU,OPT,GBUX6 P13500,2026-11-06,P,1.35,0.015200000,3,53
2026-08-10,GBU,OPT,GBUX6 P13550,2026-11-06,P,1.355,0.017600000,3,
2026-08-10,GBU,OPT,GBUX6 P13600,2026-11-06,P,1.36,0.020300000,3,151
2026-08-10,GBU,OPT,GBUX6 P13650,2026-11-06,P,1.365,0.023300000,3,222
2026-08-10,GBU,OPT,GBUX6 P13700,2026-11-06,P,1.37,0.026500000,3,66
2026-08-10,GBU,OPT,GBUX6 P13750,2026-11-06,P,1.375,0.030000000,3,
2026-08-10,GBU,OPT,GBUX6 P13800,2026-11-06,P,1.38,0.033700000,3,
2026-08-10,GBU,OPT,GBUX6 P13850,2026-11-06,P,1.385,0.037600000,3,
2026-08-10,GBU,OPT,GBUX6 P13900,2026-11-06,P,1.39,0.041800000,3,
2026-08-10,GBU,OPT,GBUX6 P13950,2026-11-06,P,1.395,0.046100000,3,
2026-08-10,GBU,OPT,GBUX6 P14000,2026-11-06,P,1.4,0.050500000,3,
2026-08-10,GBU,OPT,GBUX6 P14050,2026-11-06,P,1.405,0.055100000,3,
2026-08-10,GBU,OPT,GBUX6 P14100,2026-11-06,P,1.41,0.059800000,3,
2026-08-10,GBU,OPT,GBUX6 P14150,2026-11-06,P,1.415,0.064500000,3,
2026-08-10,GBU,OPT,GBUX6 P14200,2026-11-06,P,1.42,0.069300000,3,1
2026-08-10,GBU,OPT,GBUX6 P14250,2026-11-06,P,1.425,0.074000000,3,
2026-08-10,GBU,OPT,GBUX6 P14300,2026-11-06,P,1.43,0.078800000,3,
2026-08-10,GBU,OPT,GBUX6 P14400,2026-11-06,P,1.44,0.088600000,3,1
2026-08-10,GBU,OPT,GBUX6 P14500,2026-11-06,P,1.45,0.098400000,3,
2026-08-10,GBU,OPT,GBUX6 P14600,2026-11-06,P,1.46,0.108200000,3,
2026-08-10,GBU,OPT,GBUX6 P14700,2026-11-06,P,1.47,0.118100000,3,
2026-08-10,GBU,OPT,GBUX6 P14800,2026-11-06,P,1.48,0.128000000,3,
2026-08-10,GBU,OPT,GBUX6 P14900,2026-11-06,P,1.49,0.137900000,3,
2026-08-10,GBU,OPT,GBUX6 P15000,2026-11-06,P,1.5,0.147800000,3,
2026-08-10,GBU,OPT,GBUX6 P15100,2026-11-06,P,1.51,0.157700000,3,
2026-08-10,GBU,OPT,GBUX6 P15200,2026-11-06,P,1.52,0.167600000,3,
2026-08-10,GBU,OPT,GBUX6 P15300,2026-11-06,P,1.53,0.177500000,3,
2026-08-10,GBU,OPT,GBUX6 P15400,2026-11-06,P,1.54,0.187400000,3,
2026-08-10,GBU,OPT,GBUX6 P15500,2026-11-06,P,1.55,0.197300000,3,
2026-08-10,GBU,OPT,GBUX6 P15600,2026-11-06,P,1.56,0.207200000,3,
2026-08-10,GBU,OPT,GBUX6 P15700,2026-11-06,P,1.57,0.217200000,3,
2026-08-10,GBU,OPT,GBUX6 P15800,2026-11-06,P,1.58,0.227100000,3,
2026-08-10,GBU,OPT,GBUZ6 C10200,2026-12-04,C,1.02,0.327000000,3,
2026-08-10,GBU,OPT,GBUZ6 C10300,2026-12-04,C,1.03,0.317100000,3,
2026-08-10,GBU,OPT,GBUZ6 C10400,2026-12-04,C,1.04,0.307200000,3,
2026-08-10,GBU,OPT,GBUZ6 C10500,2026-12-04,C,1.05,0.297400000,3,
2026-08-10,GBU,OPT,GBUZ6 C10600,2026-12-04,C,1.06,0.287500000,3,
2026-08-10,GBU,OPT,GBUZ6 C10700,2026-12-04,C,1.07,0.277600000,3,
2026-08-10,GBU,OPT,GBUZ6 C10800,2026-12-04,C,1.08,0.267800000,3,
2026-08-10,GBU,OPT,GBUZ6 C10900,2026-12-04,C,1.09,0.257900000,3,
2026-08-10,GBU,OPT,GBUZ6 C11000,2026-12-04,C,1.1,0.248000000,3,
2026-08-10,GBU,OPT,GBUZ6 C11100,2026-12-04,C,1.11,0.238200000,3,
2026-08-10,GBU,OPT,GBUZ6 C11200,2026-12-04,C,1.12,0.228300000,3,
2026-08-10,GBU,OPT,GBUZ6 C11300,2026-12-04,C,1.13,0.218500000,3,
2026-08-10,GBU,OPT,GBUZ6 C11400,2026-12-04,C,1.14,0.208600000,3,
2026-08-10,GBU,OPT,GBUZ6 C11500,2026-12-04,C,1.15,0.198800000,3,
2026-08-10,GBU,OPT,GBUZ6 C11600,2026-12-04,C,1.16,0.188900000,3,
2026-08-10,GBU,OPT,GBUZ6 C11650,2026-12-04,C,1.165,0.184000000,3,
2026-08-10,GBU,OPT,GBUZ6 C11700,2026-12-04,C,1.17,0.179100000,3,
2026-08-10,GBU,OPT,GBUZ6 C11750,2026-12-04,C,1.175,0.174200000,3,
2026-08-10,GBU,OPT,GBUZ6 C11800,2026-12-04,C,1.18,0.169300000,3,
2026-08-10,GBU,OPT,GBUZ6 C11850,2026-12-04,C,1.185,0.164400000,3,
2026-08-10,GBU,OPT,GBUZ6 C11900,2026-12-04,C,1.19,0.159500000,3,
2026-08-10,GBU,OPT,GBUZ6 C11950,2026-12-04,C,1.195,0.154600000,3,
2026-08-10,GBU,OPT,GBUZ6 C12000,2026-12-04,C,1.2,0.149600000,3,
2026-08-10,GBU,OPT,GBUZ6 C12050,2026-12-04,C,1.205,0.144700000,3,
2026-08-10,GBU,OPT,GBUZ6 C12100,2026-12-04,C,1.21,0.139800000,3,
2026-08-10,GBU,OPT,GBUZ6 C12150,2026-12-04,C,1.215,0.134900000,3,
2026-08-10,GBU,OPT,GBUZ6 C12200,2026-12-04,C,1.22,0.130000000,3,
2026-08-10,GBU,OPT,GBUZ6 C12250,2026-12-04,C,1.225,0.125100000,3,
2026-08-10,GBU,OPT,GBUZ6 C12300,2026-12-04,C,1.23,0.120200000,3,
2026-08-10,GBU,OPT,GBUZ6 C12350,2026-12-04,C,1.235,0.115300000,3,
2026-08-10,GBU,OPT,GBUZ6 C12400,2026-12-04,C,1.24,0.110500000,3,1
2026-08-10,GBU,OPT,GBUZ6 C12450,2026-12-04,C,1.245,0.105700000,3,
2026-08-10,GBU,OPT,GBUZ6 C12500,2026-12-04,C,1.25,0.100900000,3,
2026-08-10,GBU,OPT,GBUZ6 C12550,2026-12-04,C,1.255,0.096100000,3,
2026-08-10,GBU,OPT,GBUZ6 C12600,2026-12-04,C,1.26,0.091300000,3,
2026-08-10,GBU,OPT,GBUZ6 C12650,2026-12-04,C,1.265,0.086600000,3,
2026-08-10,GBU,OPT,GBUZ6 C12700,2026-12-04,C,1.27,0.081900000,3,31
2026-08-10,GBU,OPT,GBUZ6 C12750,2026-12-04,C,1.275,0.077300000,3,
2026-08-10,GBU,OPT,GBUZ6 C12800,2026-12-04,C,1.28,0.072700000,3,
2026-08-10,GBU,OPT,GBUZ6 C12850,2026-12-04,C,1.285,0.068200000,3,
2026-08-10,GBU,OPT,GBUZ6 C12900,2026-12-04,C,1.29,0.063700000,3,
2026-08-10,GBU,OPT,GBUZ6 C12950,2026-12-04,C,1.295,0.059200000,3,
2026-08-10,GBU,OPT,GBUZ6 C13000,2026-12-04,C,1.3,0.054900000,3,
2026-08-10,GBU,OPT,GBUZ6 C13050,2026-12-04,C,1.305,0.050600000,3,
2026-08-10,GBU,OPT,GBUZ6 C13100,2026-12-04,C,1.31,0.046400000,3,
2026-08-10,GBU,OPT,GBUZ6 C13150,2026-12-04,C,1.315,0.042400000,3,
2026-08-10,GBU,OPT,GBUZ6 C13200,2026-12-04,C,1.32,0.038500000,3,9
2026-08-10,GBU,OPT,GBUZ6 C13250,2026-12-04,C,1.325,0.034700000,3,16
2026-08-10,GBU,OPT,GBUZ6 C13300,2026-12-04,C,1.33,0.031100000,3,
2026-08-10,GBU,OPT,GBUZ6 C13350,2026-12-04,C,1.335,0.027700000,3,84
2026-08-10,GBU,OPT,GBUZ6 C13400,2026-12-04,C,1.34,0.024500000,3,43
2026-08-10,GBU,OPT,GBUZ6 C13450,2026-12-04,C,1.345,0.021500000,3,90
2026-08-10,GBU,OPT,GBUZ6 C13500,2026-12-04,C,1.35,0.018700000,3,37
2026-08-10,GBU,OPT,GBUZ6 C13550,2026-12-04,C,1.355,0.016100000,3,192
2026-08-10,GBU,OPT,GBUZ6 C13600,2026-12-04,C,1.36,0.013800000,3,452
2026-08-10,GBU,OPT,GBUZ6 C13650,2026-12-04,C,1.365,0.011700000,3,66
2026-08-10,GBU,OPT,GBUZ6 C13700,2026-12-04,C,1.37,0.009900000,3,87
2026-08-10,GBU,OPT,GBUZ6 C13750,2026-12-04,C,1.375,0.008300000,3,713
2026-08-10,GBU,OPT,GBUZ6 C13800,2026-12-04,C,1.38,0.006900000,3,155
2026-08-10,GBU,OPT,GBUZ6 C13850,2026-12-04,C,1.385,0.005700000,3,121
2026-08-10,GBU,OPT,GBUZ6 C13900,2026-12-04,C,1.39,0.004700000,3,247
2026-08-10,GBU,OPT,GBUZ6 C13950,2026-12-04,C,1.395,0.003900000,3,318
2026-08-10,GBU,OPT,GBUZ6 C14000,2026-12-04,C,1.4,0.003200000,3,308
2026-08-10,GBU,OPT,GBUZ6 C14050,2026-12-04,C,1.405,0.002600000,3,240
2026-08-10,GBU,OPT,GBUZ6 C14100,2026-12-04,C,1.41,0.002100000,3,591
2026-08-10,GBU,OPT,GBUZ6 C14150,2026-12-04,C,1.415,0.001800000,3,296
2026-08-10,GBU,OPT,GBUZ6 C14200,2026-12-04,C,1.42,0.001500000,3,303
2026-08-10,GBU,OPT,GBUZ6 C14250,2026-12-04,C,1.425,0.001200000,3,145
2026-08-10,GBU,OPT,GBUZ6 C14300,2026-12-04,C,1.43,0.001000000,3,98
2026-08-10,GBU,OPT,GBUZ6 C14400,2026-12-04,C,1.44,0.000700000,3,16
2026-08-10,GBU,OPT,GBUZ6 C14500,2026-12-04,C,1.45,0.000600000,3,2
2026-08-10,GBU,OPT,GBUZ6 C14600,2026-12-04,C,1.46,0.000400000,3,
2026-08-10,GBU,OPT,GBUZ6 C14700,2026-12-04,C,1.47,0.000400000,3,
2026-08-10,GBU,OPT,GBUZ6 C14800,2026-12-04,C,1.48,0.000300000,3,40
2026-08-10,GBU,OPT,GBUZ6 C14900,2026-12-04,C,1.49,0.000300000,3,
2026-08-10,GBU,OPT,GBUZ6 C15000,2026-12-04,C,1.5,0.000200000,3,1
2026-08-10,GBU,OPT,GBUZ6 C15100,2026-12-04,C,1.51,0.000200000,3,2
2026-08-10,GBU,OPT,GBUZ6 C15200,2026-12-04,C,1.52,0.000200000,3,
2026-08-10,GBU,OPT,GBUZ6 C15300,2026-12-04,C,1.53,0.000200000,3,
2026-08-10,GBU,OPT,GBUZ6 C15400,2026-12-04,C,1.54,0.000200000,3,1
2026-08-10,GBU,OPT,GBUZ6 C15500,2026-12-04,C,1.55,0.000200000,3,
2026-08-10,GBU,OPT,GBUZ6 C15600,2026-12-04,C,1.56,0.000100000,3,
2026-08-10,GBU,OPT,GBUZ6 C15700,2026-12-04,C,1.57,0.000100000,3,10
2026-08-10,GBU,OPT,GBUZ6 C15800,2026-12-04,C,1.58,0.000100000,3,
2026-08-10,GBU,OPT,GBUZ6 P10200,2026-12-04,P,1.02,0.000100000,3,3
2026-08-10,GBU,OPT,GBUZ6 P10300,2026-12-04,P,1.03,0.000100000,3,
2026-08-10,GBU,OPT,GBUZ6 P10400,2026-12-04,P,1.04,0.000100000,3,
2026-08-10,GBU,OPT,GBUZ6 P10500,2026-12-04,P,1.05,0.000100000,3,
2026-08-10,GBU,OPT,GBUZ6 P10600,2026-12-04,P,1.06,0.000100000,3,
2026-08-10,GBU,OPT,GBUZ6 P10700,2026-12-04,P,1.07,0.000100000,3,1
2026-08-10,GBU,OPT,GBUZ6 P10800,2026-12-04,P,1.08,0.000100000,3,
2026-08-10,GBU,OPT,GBUZ6 P10900,2026-12-04,P,1.09,0.000100000,3,
2026-08-10,GBU,OPT,GBUZ6 P11000,2026-12-04,P,1.1,0.000100000,3,1
2026-08-10,GBU,OPT,GBUZ6 P11100,2026-12-04,P,1.11,0.000100000,3,1
2026-08-10,GBU,OPT,GBUZ6 P11200,2026-12-04,P,1.12,0.000100000,3,1
2026-08-10,GBU,OPT,GBUZ6 P11300,2026-12-04,P,1.13,0.000200000,3,1
2026-08-10,GBU,OPT,GBUZ6 P11400,2026-12-04,P,1.14,0.000200000,3,
2026-08-10,GBU,OPT,GBUZ6 P11500,2026-12-04,P,1.15,0.000200000,3,41
2026-08-10,GBU,OPT,GBUZ6 P11600,2026-12-04,P,1.16,0.000300000,3,
2026-08-10,GBU,OPT,GBUZ6 P11650,2026-12-04,P,1.165,0.000300000,3,
2026-08-10,GBU,OPT,GBUZ6 P11700,2026-12-04,P,1.17,0.000300000,3,
2026-08-10,GBU,OPT,GBUZ6 P11750,2026-12-04,P,1.175,0.000400000,3,
2026-08-10,GBU,OPT,GBUZ6 P11800,2026-12-04,P,1.18,0.000400000,3,
2026-08-10,GBU,OPT,GBUZ6 P11850,2026-12-04,P,1.185,0.000400000,3,
2026-08-10,GBU,OPT,GBUZ6 P11900,2026-12-04,P,1.19,0.000500000,3,
2026-08-10,GBU,OPT,GBUZ6 P11950,2026-12-04,P,1.195,0.000500000,3,
2026-08-10,GBU,OPT,GBUZ6 P12000,2026-12-04,P,1.2,0.000500000,3,12
2026-08-10,GBU,OPT,GBUZ6 P12050,2026-12-04,P,1.205,0.000500000,3,
2026-08-10,GBU,OPT,GBUZ6 P12100,2026-12-04,P,1.21,0.000600000,3,16
2026-08-10,GBU,OPT,GBUZ6 P12150,2026-12-04,P,1.215,0.000600000,3,2
2026-08-10,GBU,OPT,GBUZ6 P12200,2026-12-04,P,1.22,0.000600000,3,19
2026-08-10,GBU,OPT,GBUZ6 P12250,2026-12-04,P,1.225,0.000700000,3,1
2026-08-10,GBU,OPT,GBUZ6 P12300,2026-12-04,P,1.23,0.000700000,3,19
2026-08-10,GBU,OPT,GBUZ6 P12350,2026-12-04,P,1.235,0.000800000,3,3
2026-08-10,GBU,OPT,GBUZ6 P12400,2026-12-04,P,1.24,0.000900000,3,3
2026-08-10,GBU,OPT,GBUZ6 P12450,2026-12-04,P,1.245,0.001000000,3,
2026-08-10,GBU,OPT,GBUZ6 P12500,2026-12-04,P,1.25,0.001100000,3,96
2026-08-10,GBU,OPT,GBUZ6 P12550,2026-12-04,P,1.255,0.001300000,3,21
2026-08-10,GBU,OPT,GBUZ6 P12600,2026-12-04,P,1.26,0.001500000,3,5
2026-08-10,GBU,OPT,GBUZ6 P12650,2026-12-04,P,1.265,0.001700000,3,2
2026-08-10,GBU,OPT,GBUZ6 P12700,2026-12-04,P,1.27,0.002000000,3,37
2026-08-10,GBU,OPT,GBUZ6 P12750,2026-12-04,P,1.275,0.002300000,3,4
2026-08-10,GBU,OPT,GBUZ6 P12800,2026-12-04,P,1.28,0.002600000,3,205
2026-08-10,GBU,OPT,GBUZ6 P12850,2026-12-04,P,1.285,0.003000000,3,122
2026-08-10,GBU,OPT,GBUZ6 P12900,2026-12-04,P,1.29,0.003500000,3,109
2026-08-10,GBU,OPT,GBUZ6 P12950,2026-12-04,P,1.295,0.004000000,3,1
2026-08-10,GBU,OPT,GBUZ6 P13000,2026-12-04,P,1.3,0.004600000,3,99
2026-08-10,GBU,OPT,GBUZ6 P13050,2026-12-04,P,1.305,0.005200000,3,91
2026-08-10,GBU,OPT,GBUZ6 P13100,2026-12-04,P,1.31,0.006000000,3,93
2026-08-10,GBU,OPT,GBUZ6 P13150,2026-12-04,P,1.315,0.006900000,3,63
2026-08-10,GBU,OPT,GBUZ6 P13200,2026-12-04,P,1.32,0.007900000,3,547
2026-08-10,GBU,OPT,GBUZ6 P13250,2026-12-04,P,1.325,0.009100000,3,35
2026-08-10,GBU,OPT,GBUZ6 P13300,2026-12-04,P,1.33,0.010400000,3,362
2026-08-10,GBU,OPT,GBUZ6 P13350,2026-12-04,P,1.335,0.012000000,3,53
2026-08-10,GBU,OPT,GBUZ6 P13400,2026-12-04,P,1.34,0.013700000,3,120
2026-08-10,GBU,OPT,GBUZ6 P13450,2026-12-04,P,1.345,0.015600000,3,112
2026-08-10,GBU,OPT,GBUZ6 P13500,2026-12-04,P,1.35,0.017800000,3,26
2026-08-10,GBU,OPT,GBUZ6 P13550,2026-12-04,P,1.355,0.020200000,3,30
2026-08-10,GBU,OPT,GBUZ6 P13600,2026-12-04,P,1.36,0.022800000,3,33
2026-08-10,GBU,OPT,GBUZ6 P13650,2026-12-04,P,1.365,0.025700000,3,
2026-08-10,GBU,OPT,GBUZ6 P13700,2026-12-04,P,1.37,0.028800000,3,191
2026-08-10,GBU,OPT,GBUZ6 P13750,2026-12-04,P,1.375,0.032100000,3,
2026-08-10,GBU,OPT,GBUZ6 P13800,2026-12-04,P,1.38,0.035600000,3,3
2026-08-10,GBU,OPT,GBUZ6 P13850,2026-12-04,P,1.385,0.039400000,3,
2026-08-10,GBU,OPT,GBUZ6 P13900,2026-12-04,P,1.39,0.043300000,3,
2026-08-10,GBU,OPT,GBUZ6 P13950,2026-12-04,P,1.395,0.047400000,3,
2026-08-10,GBU,OPT,GBUZ6 P14000,2026-12-04,P,1.4,0.051700000,3,3
2026-08-10,GBU,OPT,GBUZ6 P14050,2026-12-04,P,1.405,0.056100000,3,1
2026-08-10,GBU,OPT,GBUZ6 P14100,2026-12-04,P,1.41,0.060500000,3,2
2026-08-10,GBU,OPT,GBUZ6 P14150,2026-12-04,P,1.415,0.065100000,3,
2026-08-10,GBU,OPT,GBUZ6 P14200,2026-12-04,P,1.42,0.069700000,3,
2026-08-10,GBU,OPT,GBUZ6 P14250,2026-12-04,P,1.425,0.074400000,3,
2026-08-10,GBU,OPT,GBUZ6 P14300,2026-12-04,P,1.43,0.079200000,3,1
2026-08-10,GBU,OPT,GBUZ6 P14400,2026-12-04,P,1.44,0.088800000,3,
2026-08-10,GBU,OPT,GBUZ6 P14500,2026-12-04,P,1.45,0.098500000,3,
2026-08-10,GBU,OPT,GBUZ6 P14600,2026-12-04,P,1.46,0.108200000,3,
2026-08-10,GBU,OPT,GBUZ6 P14700,2026-12-04,P,1.47,0.118100000,3,
2026-08-10,GBU,OPT,GBUZ6 P14800,2026-12-04,P,1.48,0.127900000,3,
2026-08-10,GBU,OPT,GBUZ6 P14900,2026-12-04,P,1.49,0.137700000,3,
2026-08-10,GBU,OPT,GBUZ6 P15000,2026-12-04,P,1.5,0.147600000,3,641
2026-08-10,GBU,OPT,GBUZ6 P15100,2026-12-04,P,1.51,0.157400000,3,
2026-08-10,GBU,OPT,GBUZ6 P15200,2026-12-04,P,1.52,0.167300000,3,
2026-08-10,GBU,OPT,GBUZ6 P15300,2026-12-04,P,1.53,0.177200000,3,
2026-08-10,GBU,OPT,GBUZ6 P15400,2026-12-04,P,1.54,0.187100000,3,
2026-08-10,GBU,OPT,GBUZ6 P15500,2026-12-04,P,1.55,0.197000000,3,
2026-08-10,GBU,OPT,GBUZ6 P15600,2026-12-04,P,1.56,0.206800000,3,
2026-08-10,GBU,OPT,GBUZ6 P15700,2026-12-04,P,1.57,0.216600000,3,
2026-08-10,GBU,OPT,GBUZ6 P15800,2026-12-04,P,1.58,0.226500000,3,
2026-08-10,GBU,OPT,GBUF7 C11200,2027-01-08,C,1.12,0.227400000,3,
2026-08-10,GBU,OPT,GBUF7 C11300,2027-01-08,C,1.13,0.217600000,3,
2026-08-10,GBU,OPT,GBUF7 C11400,2027-01-08,C,1.14,0.207800000,3,
2026-08-10,GBU,OPT,GBUF7 C11500,2027-01-08,C,1.15,0.198000000,3,
2026-08-10,GBU,OPT,GBUF7 C11600,2027-01-08,C,1.16,0.188200000,3,
2026-08-10,GBU,OPT,GBUF7 C11700,2027-01-08,C,1.17,0.178400000,3,
2026-08-10,GBU,OPT,GBUF7 C11800,2027-01-08,C,1.18,0.168600000,3,
2026-08-10,GBU,OPT,GBUF7 C11900,2027-01-08,C,1.19,0.158900000,3,
2026-08-10,GBU,OPT,GBUF7 C12000,2027-01-08,C,1.2,0.149100000,3,
2026-08-10,GBU,OPT,GBUF7 C12100,2027-01-08,C,1.21,0.139400000,3,
2026-08-10,GBU,OPT,GBUF7 C12200,2027-01-08,C,1.22,0.129700000,3,
2026-08-10,GBU,OPT,GBUF7 C12300,2027-01-08,C,1.23,0.120100000,3,
2026-08-10,GBU,OPT,GBUF7 C12400,2027-01-08,C,1.24,0.110600000,3,
2026-08-10,GBU,OPT,GBUF7 C12500,2027-01-08,C,1.25,0.101200000,3,
2026-08-10,GBU,OPT,GBUF7 C12600,2027-01-08,C,1.26,0.091900000,3,
2026-08-10,GBU,OPT,GBUF7 C12650,2027-01-08,C,1.265,0.087300000,3,
2026-08-10,GBU,OPT,GBUF7 C12700,2027-01-08,C,1.27,0.082700000,3,
2026-08-10,GBU,OPT,GBUF7 C12750,2027-01-08,C,1.275,0.078200000,3,
2026-08-10,GBU,OPT,GBUF7 C12800,2027-01-08,C,1.28,0.073700000,3,
2026-08-10,GBU,OPT,GBUF7 C12850,2027-01-08,C,1.285,0.069300000,3,
2026-08-10,GBU,OPT,GBUF7 C12900,2027-01-08,C,1.29,0.065000000,3,
2026-08-10,GBU,OPT,GBUF7 C12950,2027-01-08,C,1.295,0.060700000,3,
2026-08-10,GBU,OPT,GBUF7 C13000,2027-01-08,C,1.3,0.056600000,3,
2026-08-10,GBU,OPT,GBUF7 C13050,2027-01-08,C,1.305,0.052500000,3,
2026-08-10,GBU,OPT,GBUF7 C13100,2027-01-08,C,1.31,0.048500000,3,
2026-08-10,GBU,OPT,GBUF7 C13150,2027-01-08,C,1.315,0.044600000,3,
2026-08-10,GBU,OPT,GBUF7 C13200,2027-01-08,C,1.32,0.040900000,3,13
2026-08-10,GBU,OPT,GBUF7 C13250,2027-01-08,C,1.325,0.037300000,3,42
2026-08-10,GBU,OPT,GBUF7 C13300,2027-01-08,C,1.33,0.033800000,3,17
2026-08-10,GBU,OPT,GBUF7 C13350,2027-01-08,C,1.335,0.030500000,3,
2026-08-10,GBU,OPT,GBUF7 C13400,2027-01-08,C,1.34,0.027300000,3,12
2026-08-10,GBU,OPT,GBUF7 C13450,2027-01-08,C,1.345,0.024400000,3,800
2026-08-10,GBU,OPT,GBUF7 C13500,2027-01-08,C,1.35,0.021600000,3,45
2026-08-10,GBU,OPT,GBUF7 C13550,2027-01-08,C,1.355,0.019000000,3,
2026-08-10,GBU,OPT,GBUF7 C13600,2027-01-08,C,1.36,0.016600000,3,400
2026-08-10,GBU,OPT,GBUF7 C13650,2027-01-08,C,1.365,0.014500000,3,
2026-08-10,GBU,OPT,GBUF7 C13700,2027-01-08,C,1.37,0.012500000,3,1
2026-08-10,GBU,OPT,GBUF7 C13750,2027-01-08,C,1.375,0.010800000,3,
2026-08-10,GBU,OPT,GBUF7 C13800,2027-01-08,C,1.38,0.009200000,3,3
2026-08-10,GBU,OPT,GBUF7 C13850,2027-01-08,C,1.385,0.007900000,3,
2026-08-10,GBU,OPT,GBUF7 C13900,2027-01-08,C,1.39,0.006700000,3,1
2026-08-10,GBU,OPT,GBUF7 C13950,2027-01-08,C,1.395,0.005700000,3,1
2026-08-10,GBU,OPT,GBUF7 C14000,2027-01-08,C,1.4,0.004800000,3,2
2026-08-10,GBU,OPT,GBUF7 C14050,2027-01-08,C,1.405,0.004100000,3,
2026-08-10,GBU,OPT,GBUF7 C14100,2027-01-08,C,1.41,0.003400000,3,
2026-08-10,GBU,OPT,GBUF7 C14150,2027-01-08,C,1.415,0.002900000,3,
2026-08-10,GBU,OPT,GBUF7 C14200,2027-01-08,C,1.42,0.002400000,3,5
2026-08-10,GBU,OPT,GBUF7 C14250,2027-01-08,C,1.425,0.002000000,3,
2026-08-10,GBU,OPT,GBUF7 C14300,2027-01-08,C,1.43,0.001700000,3,
2026-08-10,GBU,OPT,GBUF7 C14400,2027-01-08,C,1.44,0.001200000,3,
2026-08-10,GBU,OPT,GBUF7 C14500,2027-01-08,C,1.45,0.000800000,3,16
2026-08-10,GBU,OPT,GBUF7 C14600,2027-01-08,C,1.46,0.000600000,3,
2026-08-10,GBU,OPT,GBUF7 C14700,2027-01-08,C,1.47,0.000400000,3,2
2026-08-10,GBU,OPT,GBUF7 C14800,2027-01-08,C,1.48,0.000300000,3,1
2026-08-10,GBU,OPT,GBUF7 C14900,2027-01-08,C,1.49,0.000200000,3,
2026-08-10,GBU,OPT,GBUF7 C15000,2027-01-08,C,1.5,0.000200000,3,
2026-08-10,GBU,OPT,GBUF7 C15100,2027-01-08,C,1.51,0.000100000,3,1
2026-08-10,GBU,OPT,GBUF7 C15200,2027-01-08,C,1.52,0.000100000,3,1
2026-08-10,GBU,OPT,GBUF7 C15300,2027-01-08,C,1.53,0.000100000,3,
2026-08-10,GBU,OPT,GBUF7 C15400,2027-01-08,C,1.54,0.000100000,3,3
2026-08-10,GBU,OPT,GBUF7 C15500,2027-01-08,C,1.55,0.000100000,3,
2026-08-10,GBU,OPT,GBUF7 C15600,2027-01-08,C,1.56,0.000100000,3,
2026-08-10,GBU,OPT,GBUF7 C15700,2027-01-08,C,1.57,0.000100000,3,
2026-08-10,GBU,OPT,GBUF7 C15800,2027-01-08,C,1.58,0.000100000,3,
2026-08-10,GBU,OPT,GBUF7 P11200,2027-01-08,P,1.12,0.000300000,3,
2026-08-10,GBU,OPT,GBUF7 P11300,2027-01-08,P,1.13,0.000300000,3,
2026-08-10,GBU,OPT,GBUF7 P11400,2027-01-08,P,1.14,0.000300000,3,
2026-08-10,GBU,OPT,GBUF7 P11500,2027-01-08,P,1.15,0.000400000,3,
2026-08-10,GBU,OPT,GBUF7 P11600,2027-01-08,P,1.16,0.000400000,3,
2026-08-10,GBU,OPT,GBUF7 P11700,2027-01-08,P,1.17,0.000500000,3,
2026-08-10,GBU,OPT,GBUF7 P11800,2027-01-08,P,1.18,0.000600000,3,
2026-08-10,GBU,OPT,GBUF7 P11900,2027-01-08,P,1.19,0.000700000,3,
2026-08-10,GBU,OPT,GBUF7 P12000,2027-01-08,P,1.2,0.000800000,3,
2026-08-10,GBU,OPT,GBUF7 P12100,2027-01-08,P,1.21,0.000900000,3,
2026-08-10,GBU,OPT,GBUF7 P12200,2027-01-08,P,1.22,0.001100000,3,3
2026-08-10,GBU,OPT,GBUF7 P12300,2027-01-08,P,1.23,0.001300000,3,19
2026-08-10,GBU,OPT,GBUF7 P12400,2027-01-08,P,1.24,0.001600000,3,4
2026-08-10,GBU,OPT,GBUF7 P12500,2027-01-08,P,1.25,0.002100000,3,
2026-08-10,GBU,OPT,GBUF7 P12600,2027-01-08,P,1.26,0.002600000,3,1
2026-08-10,GBU,OPT,GBUF7 P12650,2027-01-08,P,1.265,0.002900000,3,
2026-08-10,GBU,OPT,GBUF7 P12700,2027-01-08,P,1.27,0.003300000,3,
2026-08-10,GBU,OPT,GBUF7 P12750,2027-01-08,P,1.275,0.003700000,3,
2026-08-10,GBU,OPT,GBUF7 P12800,2027-01-08,P,1.28,0.004100000,3,1
2026-08-10,GBU,OPT,GBUF7 P12850,2027-01-08,P,1.285,0.004600000,3,
2026-08-10,GBU,OPT,GBUF7 P12900,2027-01-08,P,1.29,0.005200000,3,
2026-08-10,GBU,OPT,GBUF7 P12950,2027-01-08,P,1.295,0.005900000,3,
2026-08-10,GBU,OPT,GBUF7 P13000,2027-01-08,P,1.3,0.006600000,3,2
2026-08-10,GBU,OPT,GBUF7 P13050,2027-01-08,P,1.305,0.007500000,3,2
2026-08-10,GBU,OPT,GBUF7 P13100,2027-01-08,P,1.31,0.008400000,3,2
2026-08-10,GBU,OPT,GBUF7 P13150,2027-01-08,P,1.315,0.009500000,3,
2026-08-10,GBU,OPT,GBUF7 P13200,2027-01-08,P,1.32,0.010600000,3,
2026-08-10,GBU,OPT,GBUF7 P13250,2027-01-08,P,1.325,0.012000000,3,560
2026-08-10,GBU,OPT,GBUF7 P13300,2027-01-08,P,1.33,0.013400000,3,2
2026-08-10,GBU,OPT,GBUF7 P13350,2027-01-08,P,1.335,0.015000000,3,2
2026-08-10,GBU,OPT,GBUF7 P13400,2027-01-08,P,1.34,0.016800000,3,643
2026-08-10,GBU,OPT,GBUF7 P13450,2027-01-08,P,1.345,0.018800000,3,67
2026-08-10,GBU,OPT,GBUF7 P13500,2027-01-08,P,1.35,0.020900000,3,2
2026-08-10,GBU,OPT,GBUF7 P13550,2027-01-08,P,1.355,0.023200000,3,240
2026-08-10,GBU,OPT,GBUF7 P13600,2027-01-08,P,1.36,0.025800000,3,
2026-08-10,GBU,OPT,GBUF7 P13650,2027-01-08,P,1.365,0.028500000,3,
2026-08-10,GBU,OPT,GBUF7 P13700,2027-01-08,P,1.37,0.031500000,3,2
2026-08-10,GBU,OPT,GBUF7 P13750,2027-01-08,P,1.375,0.034700000,3,
2026-08-10,GBU,OPT,GBUF7 P13800,2027-01-08,P,1.38,0.038100000,3,1
2026-08-10,GBU,OPT,GBUF7 P13850,2027-01-08,P,1.385,0.041600000,3,
2026-08-10,GBU,OPT,GBUF7 P13900,2027-01-08,P,1.39,0.045400000,3,
2026-08-10,GBU,OPT,GBUF7 P13950,2027-01-08,P,1.395,0.049300000,3,
2026-08-10,GBU,OPT,GBUF7 P14000,2027-01-08,P,1.4,0.053400000,3,
2026-08-10,GBU,OPT,GBUF7 P14050,2027-01-08,P,1.405,0.057500000,3,
2026-08-10,GBU,OPT,GBUF7 P14100,2027-01-08,P,1.41,0.061800000,3,
2026-08-10,GBU,OPT,GBUF7 P14150,2027-01-08,P,1.415,0.066200000,3,
2026-08-10,GBU,OPT,GBUF7 P14200,2027-01-08,P,1.42,0.070700000,3,
2026-08-10,GBU,OPT,GBUF7 P14250,2027-01-08,P,1.425,0.075200000,3,
2026-08-10,GBU,OPT,GBUF7 P14300,2027-01-08,P,1.43,0.079800000,3,
2026-08-10,GBU,OPT,GBUF7 P14400,2027-01-08,P,1.44,0.089100000,3,
2026-08-10,GBU,OPT,GBUF7 P14500,2027-01-08,P,1.45,0.098600000,3,
2026-08-10,GBU,OPT,GBUF7 P14600,2027-01-08,P,1.46,0.108200000,3,
2026-08-10,GBU,OPT,GBUF7 P14700,2027-01-08,P,1.47,0.117900000,3,
2026-08-10,GBU,OPT,GBUF7 P14800,2027-01-08,P,1.48,0.127600000,3,
2026-08-10,GBU,OPT,GBUF7 P14900,2027-01-08,P,1.49,0.137400000,3,
2026-08-10,GBU,OPT,GBUF7 P15000,2027-01-08,P,1.5,0.147100000,3,
2026-08-10,GBU,OPT,GBUF7 P15100,2027-01-08,P,1.51,0.157000000,3,
2026-08-10,GBU,OPT,GBUF7 P15200,2027-01-08,P,1.52,0.166800000,3,
2026-08-10,GBU,OPT,GBUF7 P15300,2027-01-08,P,1.53,0.176600000,3,
2026-08-10,GBU,OPT,GBUF7 P15400,2027-01-08,P,1.54,0.186400000,3,
2026-08-10,GBU,OPT,GBUF7 P15500,2027-01-08,P,1.55,0.196200000,3,
2026-08-10,GBU,OPT,GBUF7 P15600,2027-01-08,P,1.56,0.206100000,3,
2026-08-10,GBU,OPT,GBUF7 P15700,2027-01-08,P,1.57,0.215900000,3,
2026-08-10,GBU,OPT,GBUF7 P15800,2027-01-08,P,1.58,0.225800000,3,
2026-08-10,GBU,OPT,GBUG7 C11200,2027-02-05,C,1.12,0.226900000,3,
2026-08-10,GBU,OPT,GBUG7 C11300,2027-02-05,C,1.13,0.217100000,3,
2026-08-10,GBU,OPT,GBUG7 C11400,2027-02-05,C,1.14,0.207400000,3,
2026-08-10,GBU,OPT,GBUG7 C11500,2027-02-05,C,1.15,0.197600000,3,
2026-08-10,GBU,OPT,GBUG7 C11600,2027-02-05,C,1.16,0.187900000,3,
2026-08-10,GBU,OPT,GBUG7 C11700,2027-02-05,C,1.17,0.178200000,3,
2026-08-10,GBU,OPT,GBUG7 C11800,2027-02-05,C,1.18,0.168500000,3,
2026-08-10,GBU,OPT,GBUG7 C11900,2027-02-05,C,1.19,0.158800000,3,
2026-08-10,GBU,OPT,GBUG7 C12000,2027-02-05,C,1.2,0.149100000,3,
2026-08-10,GBU,OPT,GBUG7 C12100,2027-02-05,C,1.21,0.139500000,3,
2026-08-10,GBU,OPT,GBUG7 C12200,2027-02-05,C,1.22,0.129900000,3,
2026-08-10,GBU,OPT,GBUG7 C12300,2027-02-05,C,1.23,0.120400000,3,
2026-08-10,GBU,OPT,GBUG7 C12400,2027-02-05,C,1.24,0.111000000,3,
2026-08-10,GBU,OPT,GBUG7 C12500,2027-02-05,C,1.25,0.101700000,3,
2026-08-10,GBU,OPT,GBUG7 C12600,2027-02-05,C,1.26,0.092600000,3,
2026-08-10,GBU,OPT,GBUG7 C12650,2027-02-05,C,1.265,0.088100000,3,
2026-08-10,GBU,OPT,GBUG7 C12700,2027-02-05,C,1.27,0.083700000,3,
2026-08-10,GBU,OPT,GBUG7 C12750,2027-02-05,C,1.275,0.079300000,3,
2026-08-10,GBU,OPT,GBUG7 C12800,2027-02-05,C,1.28,0.074900000,3,
2026-08-10,GBU,OPT,GBUG7 C12850,2027-02-05,C,1.285,0.070700000,3,
2026-08-10,GBU,OPT,GBUG7 C12900,2027-02-05,C,1.29,0.066400000,3,
2026-08-10,GBU,OPT,GBUG7 C12950,2027-02-05,C,1.295,0.062300000,3,
2026-08-10,GBU,OPT,GBUG7 C13000,2027-02-05,C,1.3,0.058200000,3,
2026-08-10,GBU,OPT,GBUG7 C13050,2027-02-05,C,1.305,0.054200000,3,
2026-08-10,GBU,OPT,GBUG7 C13100,2027-02-05,C,1.31,0.050300000,3,
2026-08-10,GBU,OPT,GBUG7 C13150,2027-02-05,C,1.315,0.046600000,3,
2026-08-10,GBU,OPT,GBUG7 C13200,2027-02-05,C,1.32,0.042900000,3,2
2026-08-10,GBU,OPT,GBUG7 C13250,2027-02-05,C,1.325,0.039400000,3,
2026-08-10,GBU,OPT,GBUG7 C13300,2027-02-05,C,1.33,0.036000000,3,4
2026-08-10,GBU,OPT,GBUG7 C13350,2027-02-05,C,1.335,0.032800000,3,
2026-08-10,GBU,OPT,GBUG7 C13400,2027-02-05,C,1.34,0.029700000,3,
2026-08-10,GBU,OPT,GBUG7 C13450,2027-02-05,C,1.345,0.026800000,3,4
2026-08-10,GBU,OPT,GBUG7 C13500,2027-02-05,C,1.35,0.024000000,3,
2026-08-10,GBU,OPT,GBUG7 C13550,2027-02-05,C,1.355,0.021500000,3,
2026-08-10,GBU,OPT,GBUG7 C13600,2027-02-05,C,1.36,0.019100000,3,
2026-08-10,GBU,OPT,GBUG7 C13650,2027-02-05,C,1.365,0.016900000,3,1
2026-08-10,GBU,OPT,GBUG7 C13700,2027-02-05,C,1.37,0.014900000,3,1
2026-08-10,GBU,OPT,GBUG7 C13750,2027-02-05,C,1.375,0.013100000,3,
2026-08-10,GBU,OPT,GBUG7 C13800,2027-02-05,C,1.38,0.011400000,3,403
2026-08-10,GBU,OPT,GBUG7 C13850,2027-02-05,C,1.385,0.009900000,3,
2026-08-10,GBU,OPT,GBUG7 C13900,2027-02-05,C,1.39,0.008600000,3,
2026-08-10,GBU,OPT,GBUG7 C13950,2027-02-05,C,1.395,0.007500000,3,
2026-08-10,GBU,OPT,GBUG7 C14000,2027-02-05,C,1.4,0.006400000,3,5
2026-08-10,GBU,OPT,GBUG7 C14050,2027-02-05,C,1.405,0.005500000,3,
2026-08-10,GBU,OPT,GBUG7 C14100,2027-02-05,C,1.41,0.004800000,3,
2026-08-10,GBU,OPT,GBUG7 C14150,2027-02-05,C,1.415,0.004100000,3,
2026-08-10,GBU,OPT,GBUG7 C14200,2027-02-05,C,1.42,0.003500000,3,44
2026-08-10,GBU,OPT,GBUG7 C14300,2027-02-05,C,1.43,0.002600000,3,1
2026-08-10,GBU,OPT,GBUG7 C14400,2027-02-05,C,1.44,0.001900000,3,
2026-08-10,GBU,OPT,GBUG7 C14500,2027-02-05,C,1.45,0.001400000,3,
2026-08-10,GBU,OPT,GBUG7 C14600,2027-02-05,C,1.46,0.001100000,3,
2026-08-10,GBU,OPT,GBUG7 C14700,2027-02-05,C,1.47,0.000800000,3,17
2026-08-10,GBU,OPT,GBUG7 C14800,2027-02-05,C,1.48,0.000600000,3,
2026-08-10,GBU,OPT,GBUG7 C14900,2027-02-05,C,1.49,0.000500000,3,
2026-08-10,GBU,OPT,GBUG7 C15000,2027-02-05,C,1.5,0.000400000,3,
2026-08-10,GBU,OPT,GBUG7 C15100,2027-02-05,C,1.51,0.000300000,3,
2026-08-10,GBU,OPT,GBUG7 C15200,2027-02-05,C,1.52,0.000200000,3,
2026-08-10,GBU,OPT,GBUG7 C15300,2027-02-05,C,1.53,0.000200000,3,
2026-08-10,GBU,OPT,GBUG7 C15400,2027-02-05,C,1.54,0.000100000,3,
2026-08-10,GBU,OPT,GBUG7 C15500,2027-02-05,C,1.55,0.000100000,3,
2026-08-10,GBU,OPT,GBUG7 C15600,2027-02-05,C,1.56,0.000100000,3,
2026-08-10,GBU,OPT,GBUG7 C15700,2027-02-05,C,1.57,0.000100000,3,
2026-08-10,GBU,OPT,GBUG7 P11200,2027-02-05,P,1.12,0.000400000,3,
2026-08-10,GBU,OPT,GBUG7 P11300,2027-02-05,P,1.13,0.000500000,3,
2026-08-10,GBU,OPT,GBUG7 P11400,2027-02-05,P,1.14,0.000600000,3,
2026-08-10,GBU,OPT,GBUG7 P11500,2027-02-05,P,1.15,0.000600000,3,
2026-08-10,GBU,OPT,GBUG7 P11600,2027-02-05,P,1.16,0.000700000,3,
2026-08-10,GBU,OPT,GBUG7 P11700,2027-02-05,P,1.17,0.000800000,3,1
2026-08-10,GBU,OPT,GBUG7 P11800,2027-02-05,P,1.18,0.000900000,3,
2026-08-10,GBU,OPT,GBUG7 P11900,2027-02-05,P,1.19,0.001000000,3,
2026-08-10,GBU,OPT,GBUG7 P12000,2027-02-05,P,1.2,0.001200000,3,1
2026-08-10,GBU,OPT,GBUG7 P12100,2027-02-05,P,1.21,0.001400000,3,1
2026-08-10,GBU,OPT,GBUG7 P12200,2027-02-05,P,1.22,0.001600000,3,17
2026-08-10,GBU,OPT,GBUG7 P12300,2027-02-05,P,1.23,0.001900000,3,17
2026-08-10,GBU,OPT,GBUG7 P12400,2027-02-05,P,1.24,0.002400000,3,
2026-08-10,GBU,OPT,GBUG7 P12500,2027-02-05,P,1.25,0.002900000,3,
2026-08-10,GBU,OPT,GBUG7 P12600,2027-02-05,P,1.26,0.003600000,3,
2026-08-10,GBU,OPT,GBUG7 P12650,2027-02-05,P,1.265,0.004000000,3,
2026-08-10,GBU,OPT,GBUG7 P12700,2027-02-05,P,1.27,0.004500000,3,
2026-08-10,GBU,OPT,GBUG7 P12750,2027-02-05,P,1.275,0.005000000,3,1
2026-08-10,GBU,OPT,GBUG7 P12800,2027-02-05,P,1.28,0.005500000,3,320
2026-08-10,GBU,OPT,GBUG7 P12850,2027-02-05,P,1.285,0.006200000,3,1
2026-08-10,GBU,OPT,GBUG7 P12900,2027-02-05,P,1.29,0.006900000,3,
2026-08-10,GBU,OPT,GBUG7 P12950,2027-02-05,P,1.295,0.007600000,3,100
2026-08-10,GBU,OPT,GBUG7 P13000,2027-02-05,P,1.3,0.008500000,3,2
2026-08-10,GBU,OPT,GBUG7 P13050,2027-02-05,P,1.305,0.009400000,3,
2026-08-10,GBU,OPT,GBUG7 P13100,2027-02-05,P,1.31,0.010400000,3,
2026-08-10,GBU,OPT,GBUG7 P13150,2027-02-05,P,1.315,0.011500000,3,
2026-08-10,GBU,OPT,GBUG7 P13200,2027-02-05,P,1.32,0.012800000,3,5
2026-08-10,GBU,OPT,GBUG7 P13250,2027-02-05,P,1.325,0.014200000,3,40
2026-08-10,GBU,OPT,GBUG7 P13300,2027-02-05,P,1.33,0.015700000,3,21
2026-08-10,GBU,OPT,GBUG7 P13350,2027-02-05,P,1.335,0.017400000,3,5
2026-08-10,GBU,OPT,GBUG7 P13400,2027-02-05,P,1.34,0.019200000,3,202
2026-08-10,GBU,OPT,GBUG7 P13450,2027-02-05,P,1.345,0.021200000,3,200
2026-08-10,GBU,OPT,GBUG7 P13500,2027-02-05,P,1.35,0.023300000,3,
2026-08-10,GBU,OPT,GBUG7 P13550,2027-02-05,P,1.355,0.025700000,3,
2026-08-10,GBU,OPT,GBUG7 P13600,2027-02-05,P,1.36,0.028200000,3,
2026-08-10,GBU,OPT,GBUG7 P13650,2027-02-05,P,1.365,0.030900000,3,
2026-08-10,GBU,OPT,GBUG7 P13700,2027-02-05,P,1.37,0.033800000,3,
2026-08-10,GBU,OPT,GBUG7 P13750,2027-02-05,P,1.375,0.036900000,3,
2026-08-10,GBU,OPT,GBUG7 P13800,2027-02-05,P,1.38,0.040200000,3,
2026-08-10,GBU,OPT,GBUG7 P13850,2027-02-05,P,1.385,0.043600000,3,
2026-08-10,GBU,OPT,GBUG7 P13900,2027-02-05,P,1.39,0.047200000,3,
2026-08-10,GBU,OPT,GBUG7 P13950,2027-02-05,P,1.395,0.050900000,3,
2026-08-10,GBU,OPT,GBUG7 P14000,2027-02-05,P,1.4,0.054800000,3,
2026-08-10,GBU,OPT,GBUG7 P14050,2027-02-05,P,1.405,0.058800000,3,
2026-08-10,GBU,OPT,GBUG7 P14100,2027-02-05,P,1.41,0.063000000,3,
2026-08-10,GBU,OPT,GBUG7 P14150,2027-02-05,P,1.415,0.067200000,3,
2026-08-10,GBU,OPT,GBUG7 P14200,2027-02-05,P,1.42,0.071500000,3,
2026-08-10,GBU,OPT,GBUG7 P14300,2027-02-05,P,1.43,0.080400000,3,
2026-08-10,GBU,OPT,GBUG7 P14400,2027-02-05,P,1.44,0.089600000,3,
2026-08-10,GBU,OPT,GBUG7 P14500,2027-02-05,P,1.45,0.098900000,3,
2026-08-10,GBU,OPT,GBUG7 P14600,2027-02-05,P,1.46,0.108400000,3,
2026-08-10,GBU,OPT,GBUG7 P14700,2027-02-05,P,1.47,0.117900000,3,
2026-08-10,GBU,OPT,GBUG7 P14800,2027-02-05,P,1.48,0.127600000,3,
2026-08-10,GBU,OPT,GBUG7 P14900,2027-02-05,P,1.49,0.137200000,3,
2026-08-10,GBU,OPT,GBUG7 P15000,2027-02-05,P,1.5,0.146900000,3,
2026-08-10,GBU,OPT,GBUG7 P15100,2027-02-05,P,1.51,0.156600000,3,
2026-08-10,GBU,OPT,GBUG7 P15200,2027-02-05,P,1.52,0.166400000,3,
2026-08-10,GBU,OPT,GBUG7 P15300,2027-02-05,P,1.53,0.176200000,3,
2026-08-10,GBU,OPT,GBUG7 P15400,2027-02-05,P,1.54,0.185900000,3,
2026-08-10,GBU,OPT,GBUG7 P15500,2027-02-05,P,1.55,0.195700000,3,
2026-08-10,GBU,OPT,GBUG7 P15600,2027-02-05,P,1.56,0.205500000,3,
2026-08-10,GBU,OPT,GBUG7 P15700,2027-02-05,P,1.57,0.215300000,3,
2026-08-10,GBU,OPT,GBUH7 C10700,2027-03-05,C,1.07,0.275000000,3,
2026-08-10,GBU,OPT,GBUH7 C10800,2027-03-05,C,1.08,0.265300000,3,
2026-08-10,GBU,OPT,GBUH7 C10900,2027-03-05,C,1.09,0.255500000,3,
2026-08-10,GBU,OPT,GBUH7 C11000,2027-03-05,C,1.1,0.245800000,3,
2026-08-10,GBU,OPT,GBUH7 C11100,2027-03-05,C,1.11,0.236000000,3,
2026-08-10,GBU,OPT,GBUH7 C11200,2027-03-05,C,1.12,0.226300000,3,
2026-08-10,GBU,OPT,GBUH7 C11300,2027-03-05,C,1.13,0.216600000,3,
2026-08-10,GBU,OPT,GBUH7 C11400,2027-03-05,C,1.14,0.206900000,3,
2026-08-10,GBU,OPT,GBUH7 C11500,2027-03-05,C,1.15,0.197200000,3,
2026-08-10,GBU,OPT,GBUH7 C11600,2027-03-05,C,1.16,0.187500000,3,
2026-08-10,GBU,OPT,GBUH7 C11700,2027-03-05,C,1.17,0.177900000,3,
2026-08-10,GBU,OPT,GBUH7 C11800,2027-03-05,C,1.18,0.168200000,3,
2026-08-10,GBU,OPT,GBUH7 C11900,2027-03-05,C,1.19,0.158600000,3,
2026-08-10,GBU,OPT,GBUH7 C12000,2027-03-05,C,1.2,0.149100000,3,
2026-08-10,GBU,OPT,GBUH7 C12100,2027-03-05,C,1.21,0.139600000,3,
2026-08-10,GBU,OPT,GBUH7 C12200,2027-03-05,C,1.22,0.130200000,3,
2026-08-10,GBU,OPT,GBUH7 C12250,2027-03-05,C,1.225,0.125500000,3,
2026-08-10,GBU,OPT,GBUH7 C12300,2027-03-05,C,1.23,0.120800000,3,
2026-08-10,GBU,OPT,GBUH7 C12350,2027-03-05,C,1.235,0.116200000,3,
2026-08-10,GBU,OPT,GBUH7 C12400,2027-03-05,C,1.24,0.111600000,3,
2026-08-10,GBU,OPT,GBUH7 C12450,2027-03-05,C,1.245,0.107000000,3,
2026-08-10,GBU,OPT,GBUH7 C12500,2027-03-05,C,1.25,0.102500000,3,
2026-08-10,GBU,OPT,GBUH7 C12550,2027-03-05,C,1.255,0.098000000,3,
2026-08-10,GBU,OPT,GBUH7 C12600,2027-03-05,C,1.26,0.093500000,3,
2026-08-10,GBU,OPT,GBUH7 C12650,2027-03-05,C,1.265,0.089100000,3,
2026-08-10,GBU,OPT,GBUH7 C12700,2027-03-05,C,1.27,0.084700000,3,
2026-08-10,GBU,OPT,GBUH7 C12750,2027-03-05,C,1.275,0.080400000,3,
2026-08-10,GBU,OPT,GBUH7 C12800,2027-03-05,C,1.28,0.076100000,3,
2026-08-10,GBU,OPT,GBUH7 C12850,2027-03-05,C,1.285,0.071900000,3,
2026-08-10,GBU,OPT,GBUH7 C12900,2027-03-05,C,1.29,0.067800000,3,
2026-08-10,GBU,OPT,GBUH7 C12950,2027-03-05,C,1.295,0.063700000,3,
2026-08-10,GBU,OPT,GBUH7 C13000,2027-03-05,C,1.3,0.059700000,3,
2026-08-10,GBU,OPT,GBUH7 C13050,2027-03-05,C,1.305,0.055900000,3,
2026-08-10,GBU,OPT,GBUH7 C13100,2027-03-05,C,1.31,0.052100000,3,
2026-08-10,GBU,OPT,GBUH7 C13150,2027-03-05,C,1.315,0.048400000,3,
2026-08-10,GBU,OPT,GBUH7 C13200,2027-03-05,C,1.32,0.044800000,3,
2026-08-10,GBU,OPT,GBUH7 C13250,2027-03-05,C,1.325,0.041300000,3,
2026-08-10,GBU,OPT,GBUH7 C13300,2027-03-05,C,1.33,0.038000000,3,12
2026-08-10,GBU,OPT,GBUH7 C13350,2027-03-05,C,1.335,0.034800000,3,
2026-08-10,GBU,OPT,GBUH7 C13400,2027-03-05,C,1.34,0.031800000,3,1
2026-08-10,GBU,OPT,GBUH7 C13450,2027-03-05,C,1.345,0.028900000,3,
2026-08-10,GBU,OPT,GBUH7 C13500,2027-03-05,C,1.35,0.026200000,3,3
2026-08-10,GBU,OPT,GBUH7 C13550,2027-03-05,C,1.355,0.023600000,3,
2026-08-10,GBU,OPT,GBUH7 C13600,2027-03-05,C,1.36,0.021200000,3,1
2026-08-10,GBU,OPT,GBUH7 C13650,2027-03-05,C,1.365,0.019000000,3,
2026-08-10,GBU,OPT,GBUH7 C13700,2027-03-05,C,1.37,0.016900000,3,2
2026-08-10,GBU,OPT,GBUH7 C13750,2027-03-05,C,1.375,0.015000000,3,4
2026-08-10,GBU,OPT,GBUH7 C13800,2027-03-05,C,1.38,0.013300000,3,1
2026-08-10,GBU,OPT,GBUH7 C13850,2027-03-05,C,1.385,0.011800000,3,
2026-08-10,GBU,OPT,GBUH7 C13900,2027-03-05,C,1.39,0.010300000,3,2
2026-08-10,GBU,OPT,GBUH7 C13950,2027-03-05,C,1.395,0.009100000,3,
2026-08-10,GBU,OPT,GBUH7 C14000,2027-03-05,C,1.4,0.007900000,3,2
2026-08-10,GBU,OPT,GBUH7 C14050,2027-03-05,C,1.405,0.006900000,3,
2026-08-10,GBU,OPT,GBUH7 C14100,2027-03-05,C,1.41,0.006100000,3,
2026-08-10,GBU,OPT,GBUH7 C14150,2027-03-05,C,1.415,0.005300000,3,
2026-08-10,GBU,OPT,GBUH7 C14200,2027-03-05,C,1.42,0.004600000,3,1
2026-08-10,GBU,OPT,GBUH7 C14250,2027-03-05,C,1.425,0.004000000,3,
2026-08-10,GBU,OPT,GBUH7 C14300,2027-03-05,C,1.43,0.003500000,3,
2026-08-10,GBU,OPT,GBUH7 C14400,2027-03-05,C,1.44,0.002600000,3,
2026-08-10,GBU,OPT,GBUH7 C14500,2027-03-05,C,1.45,0.001900000,3,
2026-08-10,GBU,OPT,GBUH7 C14600,2027-03-05,C,1.46,0.001500000,3,
2026-08-10,GBU,OPT,GBUH7 C14700,2027-03-05,C,1.47,0.001100000,3,
2026-08-10,GBU,OPT,GBUH7 C14800,2027-03-05,C,1.48,0.000900000,3,2
2026-08-10,GBU,OPT,GBUH7 C14900,2027-03-05,C,1.49,0.000700000,3,
2026-08-10,GBU,OPT,GBUH7 C15000,2027-03-05,C,1.5,0.000600000,3,
2026-08-10,GBU,OPT,GBUH7 C15100,2027-03-05,C,1.51,0.000500000,3,
2026-08-10,GBU,OPT,GBUH7 C15200,2027-03-05,C,1.52,0.000400000,3,
2026-08-10,GBU,OPT,GBUH7 C15300,2027-03-05,C,1.53,0.000300000,3,
2026-08-10,GBU,OPT,GBUH7 C15400,2027-03-05,C,1.54,0.000200000,3,
2026-08-10,GBU,OPT,GBUH7 C15500,2027-03-05,C,1.55,0.000200000,3,
2026-08-10,GBU,OPT,GBUH7 C15600,2027-03-05,C,1.56,0.000200000,3,
2026-08-10,GBU,OPT,GBUH7 C15700,2027-03-05,C,1.57,0.000100000,3,
2026-08-10,GBU,OPT,GBUH7 C15800,2027-03-05,C,1.58,0.000100000,3,
2026-08-10,GBU,OPT,GBUH7 P10700,2027-03-05,P,1.07,0.000300000,3,12
2026-08-10,GBU,OPT,GBUH7 P10800,2027-03-05,P,1.08,0.000400000,3,3
2026-08-10,GBU,OPT,GBUH7 P10900,2027-03-05,P,1.09,0.000400000,3,
2026-08-10,GBU,OPT,GBUH7 P11000,2027-03-05,P,1.1,0.000500000,3,1
2026-08-10,GBU,OPT,GBUH7 P11100,2027-03-05,P,1.11,0.000500000,3,
2026-08-10,GBU,OPT,GBUH7 P11200,2027-03-05,P,1.12,0.000600000,3,
2026-08-10,GBU,OPT,GBUH7 P11300,2027-03-05,P,1.13,0.000600000,3,
2026-08-10,GBU,OPT,GBUH7 P11400,2027-03-05,P,1.14,0.000700000,3,
2026-08-10,GBU,OPT,GBUH7 P11500,2027-03-05,P,1.15,0.000800000,3,1
2026-08-10,GBU,OPT,GBUH7 P11600,2027-03-05,P,1.16,0.000900000,3,
2026-08-10,GBU,OPT,GBUH7 P11700,2027-03-05,P,1.17,0.001000000,3,1
2026-08-10,GBU,OPT,GBUH7 P11800,2027-03-05,P,1.18,0.001200000,3,
2026-08-10,GBU,OPT,GBUH7 P11900,2027-03-05,P,1.19,0.001400000,3,
2026-08-10,GBU,OPT,GBUH7 P12000,2027-03-05,P,1.2,0.001600000,3,
2026-08-10,GBU,OPT,GBUH7 P12100,2027-03-05,P,1.21,0.001900000,3,4
2026-08-10,GBU,OPT,GBUH7 P12200,2027-03-05,P,1.22,0.002300000,3,
2026-08-10,GBU,OPT,GBUH7 P12250,2027-03-05,P,1.225,0.002500000,3,1
2026-08-10,GBU,OPT,GBUH7 P12300,2027-03-05,P,1.23,0.002700000,3,1
2026-08-10,GBU,OPT,GBUH7 P12350,2027-03-05,P,1.235,0.003000000,3,
2026-08-10,GBU,OPT,GBUH7 P12400,2027-03-05,P,1.24,0.003300000,3,
2026-08-10,GBU,OPT,GBUH7 P12450,2027-03-05,P,1.245,0.003600000,3,
2026-08-10,GBU,OPT,GBUH7 P12500,2027-03-05,P,1.25,0.003900000,3,
2026-08-10,GBU,OPT,GBUH7 P12550,2027-03-05,P,1.255,0.004300000,3,
2026-08-10,GBU,OPT,GBUH7 P12600,2027-03-05,P,1.26,0.004800000,3,
2026-08-10,GBU,OPT,GBUH7 P12650,2027-03-05,P,1.265,0.005200000,3,
2026-08-10,GBU,OPT,GBUH7 P12700,2027-03-05,P,1.27,0.005800000,3,
2026-08-10,GBU,OPT,GBUH7 P12750,2027-03-05,P,1.275,0.006300000,3,
2026-08-10,GBU,OPT,GBUH7 P12800,2027-03-05,P,1.28,0.007000000,3,1
2026-08-10,GBU,OPT,GBUH7 P12850,2027-03-05,P,1.285,0.007600000,3,1
2026-08-10,GBU,OPT,GBUH7 P12900,2027-03-05,P,1.29,0.008400000,3,1
2026-08-10,GBU,OPT,GBUH7 P12950,2027-03-05,P,1.295,0.009200000,3,
2026-08-10,GBU,OPT,GBUH7 P13000,2027-03-05,P,1.3,0.010100000,3,4
2026-08-10,GBU,OPT,GBUH7 P13050,2027-03-05,P,1.305,0.011100000,3,4
2026-08-10,GBU,OPT,GBUH7 P13100,2027-03-05,P,1.31,0.012200000,3,
2026-08-10,GBU,OPT,GBUH7 P13150,2027-03-05,P,1.315,0.013400000,3,
2026-08-10,GBU,OPT,GBUH7 P13200,2027-03-05,P,1.32,0.014700000,3,
2026-08-10,GBU,OPT,GBUH7 P13250,2027-03-05,P,1.325,0.016200000,3,3
2026-08-10,GBU,OPT,GBUH7 P13300,2027-03-05,P,1.33,0.017800000,3,9
2026-08-10,GBU,OPT,GBUH7 P13350,2027-03-05,P,1.335,0.019500000,3,
2026-08-10,GBU,OPT,GBUH7 P13400,2027-03-05,P,1.34,0.021300000,3,4
2026-08-10,GBU,OPT,GBUH7 P13450,2027-03-05,P,1.345,0.023300000,3,
2026-08-10,GBU,OPT,GBUH7 P13500,2027-03-05,P,1.35,0.025500000,3,2
2026-08-10,GBU,OPT,GBUH7 P13550,2027-03-05,P,1.355,0.027800000,3,
2026-08-10,GBU,OPT,GBUH7 P13600,2027-03-05,P,1.36,0.030300000,3,
2026-08-10,GBU,OPT,GBUH7 P13650,2027-03-05,P,1.365,0.033000000,3,
2026-08-10,GBU,OPT,GBUH7 P13700,2027-03-05,P,1.37,0.035800000,3,
2026-08-10,GBU,OPT,GBUH7 P13750,2027-03-05,P,1.375,0.038800000,3,
2026-08-10,GBU,OPT,GBUH7 P13800,2027-03-05,P,1.38,0.042000000,3,
2026-08-10,GBU,OPT,GBUH7 P13850,2027-03-05,P,1.385,0.045300000,3,
2026-08-10,GBU,OPT,GBUH7 P13900,2027-03-05,P,1.39,0.048800000,3,
2026-08-10,GBU,OPT,GBUH7 P13950,2027-03-05,P,1.395,0.052400000,3,
2026-08-10,GBU,OPT,GBUH7 P14000,2027-03-05,P,1.4,0.056200000,3,
2026-08-10,GBU,OPT,GBUH7 P14050,2027-03-05,P,1.405,0.060100000,3,
2026-08-10,GBU,OPT,GBUH7 P14100,2027-03-05,P,1.41,0.064100000,3,
2026-08-10,GBU,OPT,GBUH7 P14150,2027-03-05,P,1.415,0.068200000,3,
2026-08-10,GBU,OPT,GBUH7 P14200,2027-03-05,P,1.42,0.072400000,3,
2026-08-10,GBU,OPT,GBUH7 P14250,2027-03-05,P,1.425,0.076700000,3,
2026-08-10,GBU,OPT,GBUH7 P14300,2027-03-05,P,1.43,0.081100000,3,
2026-08-10,GBU,OPT,GBUH7 P14400,2027-03-05,P,1.44,0.090000000,3,
2026-08-10,GBU,OPT,GBUH7 P14500,2027-03-05,P,1.45,0.099100000,3,
2026-08-10,GBU,OPT,GBUH7 P14600,2027-03-05,P,1.46,0.108400000,3,
2026-08-10,GBU,OPT,GBUH7 P14700,2027-03-05,P,1.47,0.117800000,3,
2026-08-10,GBU,OPT,GBUH7 P14800,2027-03-05,P,1.48,0.127400000,3,
2026-08-10,GBU,OPT,GBUH7 P14900,2027-03-05,P,1.49,0.137000000,3,
2026-08-10,GBU,OPT,GBUH7 P15000,2027-03-05,P,1.5,0.146700000,3,
2026-08-10,GBU,OPT,GBUH7 P15100,2027-03-05,P,1.51,0.156300000,3,
2026-08-10,GBU,OPT,GBUH7 P15200,2027-03-05,P,1.52,0.166000000,3,
2026-08-10,GBU,OPT,GBUH7 P15300,2027-03-05,P,1.53,0.175700000,3,
2026-08-10,GBU,OPT,GBUH7 P15400,2027-03-05,P,1.54,0.185500000,3,
2026-08-10,GBU,OPT,GBUH7 P15500,2027-03-05,P,1.55,0.195200000,3,
2026-08-10,GBU,OPT,GBUH7 P15600,2027-03-05,P,1.56,0.205000000,3,
2026-08-10,GBU,OPT,GBUH7 P15700,2027-03-05,P,1.57,0.214700000,3,
2026-08-10,GBU,OPT,GBUH7 P15800,2027-03-05,P,1.58,0.224500000,3,
2026-08-10,GBU,OPT,GBUJ7 C11200,2027-04-09,C,1.12,0.225400000,3,
2026-08-10,GBU,OPT,GBUJ7 C11300,2027-04-09,C,1.13,0.215700000,3,
2026-08-10,GBU,OPT,GBUJ7 C11400,2027-04-09,C,1.14,0.206100000,3,
2026-08-10,GBU,OPT,GBUJ7 C11500,2027-04-09,C,1.15,0.196500000,3,
2026-08-10,GBU,OPT,GBUJ7 C11600,2027-04-09,C,1.16,0.186900000,3,
2026-08-10,GBU,OPT,GBUJ7 C11700,2027-04-09,C,1.17,0.177300000,3,
2026-08-10,GBU,OPT,GBUJ7 C11800,2027-04-09,C,1.18,0.167700000,3,
2026-08-10,GBU,OPT,GBUJ7 C11900,2027-04-09,C,1.19,0.158300000,3,
2026-08-10,GBU,OPT,GBUJ7 C12000,2027-04-09,C,1.2,0.148900000,3,
2026-08-10,GBU,OPT,GBUJ7 C12100,2027-04-09,C,1.21,0.139500000,3,
2026-08-10,GBU,OPT,GBUJ7 C12200,2027-04-09,C,1.22,0.130300000,3,
2026-08-10,GBU,OPT,GBUJ7 C12300,2027-04-09,C,1.23,0.121100000,3,
2026-08-10,GBU,OPT,GBUJ7 C12400,2027-04-09,C,1.24,0.112000000,3,
2026-08-10,GBU,OPT,GBUJ7 C12500,2027-04-09,C,1.25,0.103100000,3,
2026-08-10,GBU,OPT,GBUJ7 C12600,2027-04-09,C,1.26,0.094300000,3,
2026-08-10,GBU,OPT,GBUJ7 C12650,2027-04-09,C,1.265,0.090000000,3,
2026-08-10,GBU,OPT,GBUJ7 C12700,2027-04-09,C,1.27,0.085700000,3,
2026-08-10,GBU,OPT,GBUJ7 C12750,2027-04-09,C,1.275,0.081500000,3,
2026-08-10,GBU,OPT,GBUJ7 C12800,2027-04-09,C,1.28,0.077300000,3,
2026-08-10,GBU,OPT,GBUJ7 C12850,2027-04-09,C,1.285,0.073200000,3,
2026-08-10,GBU,OPT,GBUJ7 C12900,2027-04-09,C,1.29,0.069200000,3,
2026-08-10,GBU,OPT,GBUJ7 C12950,2027-04-09,C,1.295,0.065300000,3,
2026-08-10,GBU,OPT,GBUJ7 C13000,2027-04-09,C,1.3,0.061400000,3,
2026-08-10,GBU,OPT,GBUJ7 C13050,2027-04-09,C,1.305,0.057600000,3,
2026-08-10,GBU,OPT,GBUJ7 C13100,2027-04-09,C,1.31,0.053900000,3,
2026-08-10,GBU,OPT,GBUJ7 C13150,2027-04-09,C,1.315,0.050300000,3,
2026-08-10,GBU,OPT,GBUJ7 C13200,2027-04-09,C,1.32,0.046800000,3,
2026-08-10,GBU,OPT,GBUJ7 C13250,2027-04-09,C,1.325,0.043500000,3,
2026-08-10,GBU,OPT,GBUJ7 C13300,2027-04-09,C,1.33,0.040200000,3,
2026-08-10,GBU,OPT,GBUJ7 C13350,2027-04-09,C,1.335,0.037100000,3,3
2026-08-10,GBU,OPT,GBUJ7 C13400,2027-04-09,C,1.34,0.034100000,3,
2026-08-10,GBU,OPT,GBUJ7 C13450,2027-04-09,C,1.345,0.031200000,3,
2026-08-10,GBU,OPT,GBUJ7 C13500,2027-04-09,C,1.35,0.028500000,3,22
2026-08-10,GBU,OPT,GBUJ7 C13550,2027-04-09,C,1.355,0.026000000,3,
2026-08-10,GBU,OPT,GBUJ7 C13600,2027-04-09,C,1.36,0.023600000,3,
2026-08-10,GBU,OPT,GBUJ7 C13650,2027-04-09,C,1.365,0.021300000,3,1
2026-08-10,GBU,OPT,GBUJ7 C13700,2027-04-09,C,1.37,0.019200000,3,1
2026-08-10,GBU,OPT,GBUJ7 C13750,2027-04-09,C,1.375,0.017300000,3,
2026-08-10,GBU,OPT,GBUJ7 C13800,2027-04-09,C,1.38,0.015500000,3,
2026-08-10,GBU,OPT,GBUJ7 C13850,2027-04-09,C,1.385,0.013900000,3,
2026-08-10,GBU,OPT,GBUJ7 C13900,2027-04-09,C,1.39,0.012400000,3,
2026-08-10,GBU,OPT,GBUJ7 C13950,2027-04-09,C,1.395,0.011000000,3,
2026-08-10,GBU,OPT,GBUJ7 C14000,2027-04-09,C,1.4,0.009800000,3,22
2026-08-10,GBU,OPT,GBUJ7 C14050,2027-04-09,C,1.405,0.008700000,3,
2026-08-10,GBU,OPT,GBUJ7 C14100,2027-04-09,C,1.41,0.007700000,3,
2026-08-10,GBU,OPT,GBUJ7 C14200,2027-04-09,C,1.42,0.006000000,3,
2026-08-10,GBU,OPT,GBUJ7 C14300,2027-04-09,C,1.43,0.004700000,3,
2026-08-10,GBU,OPT,GBUJ7 C14400,2027-04-09,C,1.44,0.003600000,3,
2026-08-10,GBU,OPT,GBUJ7 C14500,2027-04-09,C,1.45,0.002800000,3,
2026-08-10,GBU,OPT,GBUJ7 C14600,2027-04-09,C,1.46,0.002200000,3,
2026-08-10,GBU,OPT,GBUJ7 C14700,2027-04-09,C,1.47,0.001700000,3,4
2026-08-10,GBU,OPT,GBUJ7 C14800,2027-04-09,C,1.48,0.001400000,3,
2026-08-10,GBU,OPT,GBUJ7 C14900,2027-04-09,C,1.49,0.001000000,3,
2026-08-10,GBU,OPT,GBUJ7 C15000,2027-04-09,C,1.5,0.000800000,3,
2026-08-10,GBU,OPT,GBUJ7 C15100,2027-04-09,C,1.51,0.000700000,3,
2026-08-10,GBU,OPT,GBUJ7 C15200,2027-04-09,C,1.52,0.000600000,3,
2026-08-10,GBU,OPT,GBUJ7 C15300,2027-04-09,C,1.53,0.000500000,3,
2026-08-10,GBU,OPT,GBUJ7 C15400,2027-04-09,C,1.54,0.000400000,3,
2026-08-10,GBU,OPT,GBUJ7 C15500,2027-04-09,C,1.55,0.000300000,3,
2026-08-10,GBU,OPT,GBUJ7 P11200,2027-04-09,P,1.12,0.000800000,3,
2026-08-10,GBU,OPT,GBUJ7 P11300,2027-04-09,P,1.13,0.000900000,3,
2026-08-10,GBU,OPT,GBUJ7 P11400,2027-04-09,P,1.14,0.001000000,3,
2026-08-10,GBU,OPT,GBUJ7 P11500,2027-04-09,P,1.15,0.001100000,3,
2026-08-10,GBU,OPT,GBUJ7 P11600,2027-04-09,P,1.16,0.001300000,3,
2026-08-10,GBU,OPT,GBUJ7 P11700,2027-04-09,P,1.17,0.001400000,3,
2026-08-10,GBU,OPT,GBUJ7 P11800,2027-04-09,P,1.18,0.001600000,3,90
2026-08-10,GBU,OPT,GBUJ7 P11900,2027-04-09,P,1.19,0.001900000,3,
2026-08-10,GBU,OPT,GBUJ7 P12000,2027-04-09,P,1.2,0.002200000,3,5
2026-08-10,GBU,OPT,GBUJ7 P12100,2027-04-09,P,1.21,0.002700000,3,
2026-08-10,GBU,OPT,GBUJ7 P12200,2027-04-09,P,1.22,0.003100000,3,
2026-08-10,GBU,OPT,GBUJ7 P12300,2027-04-09,P,1.23,0.003700000,3,
2026-08-10,GBU,OPT,GBUJ7 P12400,2027-04-09,P,1.24,0.004400000,3,
2026-08-10,GBU,OPT,GBUJ7 P12500,2027-04-09,P,1.25,0.005200000,3,10
2026-08-10,GBU,OPT,GBUJ7 P12600,2027-04-09,P,1.26,0.006200000,3,
2026-08-10,GBU,OPT,GBUJ7 P12650,2027-04-09,P,1.265,0.006800000,3,
2026-08-10,GBU,OPT,GBUJ7 P12700,2027-04-09,P,1.27,0.007400000,3,1
2026-08-10,GBU,OPT,GBUJ7 P12750,2027-04-09,P,1.275,0.008000000,3,1
2026-08-10,GBU,OPT,GBUJ7 P12800,2027-04-09,P,1.28,0.008700000,3,23
2026-08-10,GBU,OPT,GBUJ7 P12850,2027-04-09,P,1.285,0.009500000,3,
2026-08-10,GBU,OPT,GBUJ7 P12900,2027-04-09,P,1.29,0.010300000,3,
2026-08-10,GBU,OPT,GBUJ7 P12950,2027-04-09,P,1.295,0.011300000,3,
2026-08-10,GBU,OPT,GBUJ7 P13000,2027-04-09,P,1.3,0.012300000,3,
2026-08-10,GBU,OPT,GBUJ7 P13050,2027-04-09,P,1.305,0.013400000,3,
2026-08-10,GBU,OPT,GBUJ7 P13100,2027-04-09,P,1.31,0.014500000,3,
2026-08-10,GBU,OPT,GBUJ7 P13150,2027-04-09,P,1.315,0.015800000,3,
2026-08-10,GBU,OPT,GBUJ7 P13200,2027-04-09,P,1.32,0.017200000,3,
2026-08-10,GBU,OPT,GBUJ7 P13250,2027-04-09,P,1.325,0.018700000,3,
2026-08-10,GBU,OPT,GBUJ7 P13300,2027-04-09,P,1.33,0.020300000,3,600
2026-08-10,GBU,OPT,GBUJ7 P13350,2027-04-09,P,1.335,0.022100000,3,
2026-08-10,GBU,OPT,GBUJ7 P13400,2027-04-09,P,1.34,0.024000000,3,50
2026-08-10,GBU,OPT,GBUJ7 P13450,2027-04-09,P,1.345,0.026000000,3,
2026-08-10,GBU,OPT,GBUJ7 P13500,2027-04-09,P,1.35,0.028100000,3,
2026-08-10,GBU,OPT,GBUJ7 P13550,2027-04-09,P,1.355,0.030500000,3,3
2026-08-10,GBU,OPT,GBUJ7 P13600,2027-04-09,P,1.36,0.032900000,3,50
2026-08-10,GBU,OPT,GBUJ7 P13650,2027-04-09,P,1.365,0.035600000,3,
2026-08-10,GBU,OPT,GBUJ7 P13700,2027-04-09,P,1.37,0.038300000,3,
2026-08-10,GBU,OPT,GBUJ7 P13750,2027-04-09,P,1.375,0.041300000,3,
2026-08-10,GBU,OPT,GBUJ7 P13800,2027-04-09,P,1.38,0.044300000,3,
2026-08-10,GBU,OPT,GBUJ7 P13850,2027-04-09,P,1.385,0.047600000,3,
2026-08-10,GBU,OPT,GBUJ7 P13900,2027-04-09,P,1.39,0.051000000,3,
2026-08-10,GBU,OPT,GBUJ7 P13950,2027-04-09,P,1.395,0.054500000,3,
2026-08-10,GBU,OPT,GBUJ7 P14000,2027-04-09,P,1.4,0.058100000,3,
2026-08-10,GBU,OPT,GBUJ7 P14050,2027-04-09,P,1.405,0.061900000,3,
2026-08-10,GBU,OPT,GBUJ7 P14100,2027-04-09,P,1.41,0.065800000,3,
2026-08-10,GBU,OPT,GBUJ7 P14200,2027-04-09,P,1.42,0.073800000,3,
2026-08-10,GBU,OPT,GBUJ7 P14300,2027-04-09,P,1.43,0.082300000,3,1
2026-08-10,GBU,OPT,GBUJ7 P14400,2027-04-09,P,1.44,0.091000000,3,1
2026-08-10,GBU,OPT,GBUJ7 P14500,2027-04-09,P,1.45,0.099900000,3,
2026-08-10,GBU,OPT,GBUJ7 P14600,2027-04-09,P,1.46,0.109100000,3,
2026-08-10,GBU,OPT,GBUJ7 P14700,2027-04-09,P,1.47,0.118300000,3,
2026-08-10,GBU,OPT,GBUJ7 P14800,2027-04-09,P,1.48,0.127700000,3,
2026-08-10,GBU,OPT,GBUJ7 P14900,2027-04-09,P,1.49,0.137100000,3,
2026-08-10,GBU,OPT,GBUJ7 P15000,2027-04-09,P,1.5,0.146700000,3,
2026-08-10,GBU,OPT,GBUJ7 P15100,2027-04-09,P,1.51,0.156200000,3,
2026-08-10,GBU,OPT,GBUJ7 P15200,2027-04-09,P,1.52,0.165900000,3,
2026-08-10,GBU,OPT,GBUJ7 P15300,2027-04-09,P,1.53,0.175500000,3,
2026-08-10,GBU,OPT,GBUJ7 P15400,2027-04-09,P,1.54,0.185200000,3,
2026-08-10,GBU,OPT,GBUJ7 P15500,2027-04-09,P,1.55,0.194900000,3,
2026-08-10,GBU,OPT,GBUK7 C11200,2027-05-07,C,1.12,0.225000000,3,
2026-08-10,GBU,OPT,GBUK7 C11300,2027-05-07,C,1.13,0.215400000,3,
2026-08-10,GBU,OPT,GBUK7 C11400,2027-05-07,C,1.14,0.205800000,3,
2026-08-10,GBU,OPT,GBUK7 C11500,2027-05-07,C,1.15,0.196200000,3,
2026-08-10,GBU,OPT,GBUK7 C11600,2027-05-07,C,1.16,0.186700000,3,
2026-08-10,GBU,OPT,GBUK7 C11700,2027-05-07,C,1.17,0.177200000,3,
2026-08-10,GBU,OPT,GBUK7 C11800,2027-05-07,C,1.18,0.167700000,3,
2026-08-10,GBU,OPT,GBUK7 C11900,2027-05-07,C,1.19,0.158300000,3,
2026-08-10,GBU,OPT,GBUK7 C12000,2027-05-07,C,1.2,0.149000000,3,
2026-08-10,GBU,OPT,GBUK7 C12100,2027-05-07,C,1.21,0.139800000,3,
2026-08-10,GBU,OPT,GBUK7 C12200,2027-05-07,C,1.22,0.130600000,3,
2026-08-10,GBU,OPT,GBUK7 C12300,2027-05-07,C,1.23,0.121600000,3,
2026-08-10,GBU,OPT,GBUK7 C12400,2027-05-07,C,1.24,0.112700000,3,
2026-08-10,GBU,OPT,GBUK7 C12500,2027-05-07,C,1.25,0.104000000,3,
2026-08-10,GBU,OPT,GBUK7 C12600,2027-05-07,C,1.26,0.095400000,3,
2026-08-10,GBU,OPT,GBUK7 C12650,2027-05-07,C,1.265,0.091100000,3,
2026-08-10,GBU,OPT,GBUK7 C12700,2027-05-07,C,1.27,0.087000000,3,
2026-08-10,GBU,OPT,GBUK7 C12750,2027-05-07,C,1.275,0.082800000,3,
2026-08-10,GBU,OPT,GBUK7 C12800,2027-05-07,C,1.28,0.078700000,3,
2026-08-10,GBU,OPT,GBUK7 C12850,2027-05-07,C,1.285,0.074700000,3,
2026-08-10,GBU,OPT,GBUK7 C12900,2027-05-07,C,1.29,0.070700000,3,
2026-08-10,GBU,OPT,GBUK7 C12950,2027-05-07,C,1.295,0.066900000,3,
2026-08-10,GBU,OPT,GBUK7 C13000,2027-05-07,C,1.3,0.063000000,3,
2026-08-10,GBU,OPT,GBUK7 C13050,2027-05-07,C,1.305,0.059300000,3,
2026-08-10,GBU,OPT,GBUK7 C13100,2027-05-07,C,1.31,0.055700000,3,
2026-08-10,GBU,OPT,GBUK7 C13150,2027-05-07,C,1.315,0.052200000,3,
2026-08-10,GBU,OPT,GBUK7 C13200,2027-05-07,C,1.32,0.048700000,3,4
2026-08-10,GBU,OPT,GBUK7 C13250,2027-05-07,C,1.325,0.045400000,3,
2026-08-10,GBU,OPT,GBUK7 C13300,2027-05-07,C,1.33,0.042200000,3,
2026-08-10,GBU,OPT,GBUK7 C13350,2027-05-07,C,1.335,0.039100000,3,
2026-08-10,GBU,OPT,GBUK7 C13400,2027-05-07,C,1.34,0.036200000,3,5
2026-08-10,GBU,OPT,GBUK7 C13450,2027-05-07,C,1.345,0.033300000,3,
2026-08-10,GBU,OPT,GBUK7 C13500,2027-05-07,C,1.35,0.030600000,3,
2026-08-10,GBU,OPT,GBUK7 C13550,2027-05-07,C,1.355,0.028100000,3,
2026-08-10,GBU,OPT,GBUK7 C13600,2027-05-07,C,1.36,0.025700000,3,
2026-08-10,GBU,OPT,GBUK7 C13650,2027-05-07,C,1.365,0.023400000,3,1
2026-08-10,GBU,OPT,GBUK7 C13700,2027-05-07,C,1.37,0.021300000,3,1
2026-08-10,GBU,OPT,GBUK7 C13750,2027-05-07,C,1.375,0.019300000,3,
2026-08-10,GBU,OPT,GBUK7 C13800,2027-05-07,C,1.38,0.017400000,3,
2026-08-10,GBU,OPT,GBUK7 C13850,2027-05-07,C,1.385,0.015800000,3,
2026-08-10,GBU,OPT,GBUK7 C13900,2027-05-07,C,1.39,0.014200000,3,
2026-08-10,GBU,OPT,GBUK7 C13950,2027-05-07,C,1.395,0.012800000,3,
2026-08-10,GBU,OPT,GBUK7 C14000,2027-05-07,C,1.4,0.011500000,3,
2026-08-10,GBU,OPT,GBUK7 C14050,2027-05-07,C,1.405,0.010300000,3,
2026-08-10,GBU,OPT,GBUK7 C14100,2027-05-07,C,1.41,0.009200000,3,
2026-08-10,GBU,OPT,GBUK7 C14200,2027-05-07,C,1.42,0.007400000,3,
2026-08-10,GBU,OPT,GBUK7 C14300,2027-05-07,C,1.43,0.005900000,3,
2026-08-10,GBU,OPT,GBUK7 C14400,2027-05-07,C,1.44,0.004700000,3,
2026-08-10,GBU,OPT,GBUK7 C14500,2027-05-07,C,1.45,0.003700000,3,
2026-08-10,GBU,OPT,GBUK7 C14600,2027-05-07,C,1.46,0.003000000,3,
2026-08-10,GBU,OPT,GBUK7 C14700,2027-05-07,C,1.47,0.002400000,3,
2026-08-10,GBU,OPT,GBUK7 C14800,2027-05-07,C,1.48,0.001900000,3,
2026-08-10,GBU,OPT,GBUK7 C14900,2027-05-07,C,1.49,0.001500000,3,
2026-08-10,GBU,OPT,GBUK7 C15000,2027-05-07,C,1.5,0.001200000,3,
2026-08-10,GBU,OPT,GBUK7 C15100,2027-05-07,C,1.51,0.001000000,3,
2026-08-10,GBU,OPT,GBUK7 C15200,2027-05-07,C,1.52,0.000800000,3,2
2026-08-10,GBU,OPT,GBUK7 C15300,2027-05-07,C,1.53,0.000600000,3,
2026-08-10,GBU,OPT,GBUK7 C15400,2027-05-07,C,1.54,0.000500000,3,
2026-08-10,GBU,OPT,GBUK7 C15500,2027-05-07,C,1.55,0.000400000,3,
2026-08-10,GBU,OPT,GBUK7 P11200,2027-05-07,P,1.12,0.001100000,3,
2026-08-10,GBU,OPT,GBUK7 P11300,2027-05-07,P,1.13,0.001200000,3,2
2026-08-10,GBU,OPT,GBUK7 P11400,2027-05-07,P,1.14,0.001300000,3,
2026-08-10,GBU,OPT,GBUK7 P11500,2027-05-07,P,1.15,0.001500000,3,3
2026-08-10,GBU,OPT,GBUK7 P11600,2027-05-07,P,1.16,0.001700000,3,
2026-08-10,GBU,OPT,GBUK7 P11700,2027-05-07,P,1.17,0.001900000,3,
2026-08-10,GBU,OPT,GBUK7 P11800,2027-05-07,P,1.18,0.002100000,3,
2026-08-10,GBU,OPT,GBUK7 P11900,2027-05-07,P,1.19,0.002400000,3,
2026-08-10,GBU,OPT,GBUK7 P12000,2027-05-07,P,1.2,0.002800000,3,
2026-08-10,GBU,OPT,GBUK7 P12100,2027-05-07,P,1.21,0.003300000,3,
2026-08-10,GBU,OPT,GBUK7 P12200,2027-05-07,P,1.22,0.003900000,3,
2026-08-10,GBU,OPT,GBUK7 P12300,2027-05-07,P,1.23,0.004600000,3,
2026-08-10,GBU,OPT,GBUK7 P12400,2027-05-07,P,1.24,0.005400000,3,
2026-08-10,GBU,OPT,GBUK7 P12500,2027-05-07,P,1.25,0.006400000,3,
2026-08-10,GBU,OPT,GBUK7 P12600,2027-05-07,P,1.26,0.007500000,3,1
2026-08-10,GBU,OPT,GBUK7 P12650,2027-05-07,P,1.265,0.008100000,3,
2026-08-10,GBU,OPT,GBUK7 P12700,2027-05-07,P,1.27,0.008800000,3,1
2026-08-10,GBU,OPT,GBUK7 P12750,2027-05-07,P,1.275,0.009500000,3,
2026-08-10,GBU,OPT,GBUK7 P12800,2027-05-07,P,1.28,0.010300000,3,1
2026-08-10,GBU,OPT,GBUK7 P12850,2027-05-07,P,1.285,0.011200000,3,
2026-08-10,GBU,OPT,GBUK7 P12900,2027-05-07,P,1.29,0.012000000,3,
2026-08-10,GBU,OPT,GBUK7 P12950,2027-05-07,P,1.295,0.013000000,3,
2026-08-10,GBU,OPT,GBUK7 P13000,2027-05-07,P,1.3,0.014100000,3,10
2026-08-10,GBU,OPT,GBUK7 P13050,2027-05-07,P,1.305,0.015200000,3,
2026-08-10,GBU,OPT,GBUK7 P13100,2027-05-07,P,1.31,0.016400000,3,
2026-08-10,GBU,OPT,GBUK7 P13150,2027-05-07,P,1.315,0.017800000,3,
2026-08-10,GBU,OPT,GBUK7 P13200,2027-05-07,P,1.32,0.019200000,3,50
2026-08-10,GBU,OPT,GBUK7 P13250,2027-05-07,P,1.325,0.020700000,3,
2026-08-10,GBU,OPT,GBUK7 P13300,2027-05-07,P,1.33,0.022400000,3,
2026-08-10,GBU,OPT,GBUK7 P13350,2027-05-07,P,1.335,0.024100000,3,
2026-08-10,GBU,OPT,GBUK7 P13400,2027-05-07,P,1.34,0.026100000,3,
2026-08-10,GBU,OPT,GBUK7 P13450,2027-05-07,P,1.345,0.028100000,3,
2026-08-10,GBU,OPT,GBUK7 P13500,2027-05-07,P,1.35,0.030200000,3,50
2026-08-10,GBU,OPT,GBUK7 P13550,2027-05-07,P,1.355,0.032600000,3,
2026-08-10,GBU,OPT,GBUK7 P13600,2027-05-07,P,1.36,0.035000000,3,
2026-08-10,GBU,OPT,GBUK7 P13650,2027-05-07,P,1.365,0.037600000,3,
2026-08-10,GBU,OPT,GBUK7 P13700,2027-05-07,P,1.37,0.040300000,3,
2026-08-10,GBU,OPT,GBUK7 P13750,2027-05-07,P,1.375,0.043200000,3,
2026-08-10,GBU,OPT,GBUK7 P13800,2027-05-07,P,1.38,0.046200000,3,
2026-08-10,GBU,OPT,GBUK7 P13850,2027-05-07,P,1.385,0.049400000,3,
2026-08-10,GBU,OPT,GBUK7 P13900,2027-05-07,P,1.39,0.052700000,3,
2026-08-10,GBU,OPT,GBUK7 P13950,2027-05-07,P,1.395,0.056100000,3,
2026-08-10,GBU,OPT,GBUK7 P14000,2027-05-07,P,1.4,0.059700000,3,
2026-08-10,GBU,OPT,GBUK7 P14050,2027-05-07,P,1.405,0.063300000,3,
2026-08-10,GBU,OPT,GBUK7 P14100,2027-05-07,P,1.41,0.067100000,3,
2026-08-10,GBU,OPT,GBUK7 P14200,2027-05-07,P,1.42,0.075000000,3,
2026-08-10,GBU,OPT,GBUK7 P14300,2027-05-07,P,1.43,0.083300000,3,
2026-08-10,GBU,OPT,GBUK7 P14400,2027-05-07,P,1.44,0.091800000,3,
2026-08-10,GBU,OPT,GBUK7 P14500,2027-05-07,P,1.45,0.100500000,3,
2026-08-10,GBU,OPT,GBUK7 P14600,2027-05-07,P,1.46,0.109500000,3,
2026-08-10,GBU,OPT,GBUK7 P14700,2027-05-07,P,1.47,0.118600000,3,
2026-08-10,GBU,OPT,GBUK7 P14800,2027-05-07,P,1.48,0.127800000,3,
2026-08-10,GBU,OPT,GBUK7 P14900,2027-05-07,P,1.49,0.137200000,3,
2026-08-10,GBU,OPT,GBUK7 P15000,2027-05-07,P,1.5,0.146600000,3,
2026-08-10,GBU,OPT,GBUK7 P15100,2027-05-07,P,1.51,0.156000000,3,
2026-08-10,GBU,OPT,GBUK7 P15200,2027-05-07,P,1.52,0.165600000,3,
2026-08-10,GBU,OPT,GBUK7 P15300,2027-05-07,P,1.53,0.175100000,3,
2026-08-10,GBU,OPT,GBUK7 P15400,2027-05-07,P,1.54,0.184700000,3,
2026-08-10,GBU,OPT,GBUK7 P15500,2027-05-07,P,1.55,0.194300000,3,
2026-08-10,GBU,OPT,GBUM7 C11000,2027-06-04,C,1.1,0.243700000,3,
2026-08-10,GBU,OPT,GBUM7 C11100,2027-06-04,C,1.11,0.234100000,3,
2026-08-10,GBU,OPT,GBUM7 C11200,2027-06-04,C,1.12,0.224500000,3,
2026-08-10,GBU,OPT,GBUM7 C11300,2027-06-04,C,1.13,0.215000000,3,
2026-08-10,GBU,OPT,GBUM7 C11400,2027-06-04,C,1.14,0.205500000,3,
2026-08-10,GBU,OPT,GBUM7 C11500,2027-06-04,C,1.15,0.196000000,3,
2026-08-10,GBU,OPT,GBUM7 C11600,2027-06-04,C,1.16,0.186500000,3,
2026-08-10,GBU,OPT,GBUM7 C11700,2027-06-04,C,1.17,0.177100000,3,
2026-08-10,GBU,OPT,GBUM7 C11800,2027-06-04,C,1.18,0.167700000,3,
2026-08-10,GBU,OPT,GBUM7 C11900,2027-06-04,C,1.19,0.158400000,3,
2026-08-10,GBU,OPT,GBUM7 C12000,2027-06-04,C,1.2,0.149200000,3,
2026-08-10,GBU,OPT,GBUM7 C12100,2027-06-04,C,1.21,0.140100000,3,
2026-08-10,GBU,OPT,GBUM7 C12200,2027-06-04,C,1.22,0.131100000,3,
2026-08-10,GBU,OPT,GBUM7 C12300,2027-06-04,C,1.23,0.122200000,3,
2026-08-10,GBU,OPT,GBUM7 C12400,2027-06-04,C,1.24,0.113400000,3,
2026-08-10,GBU,OPT,GBUM7 C12500,2027-06-04,C,1.25,0.104800000,3,
2026-08-10,GBU,OPT,GBUM7 C12550,2027-06-04,C,1.255,0.100500000,3,
2026-08-10,GBU,OPT,GBUM7 C12600,2027-06-04,C,1.26,0.096300000,3,
2026-08-10,GBU,OPT,GBUM7 C12650,2027-06-04,C,1.265,0.092200000,3,
2026-08-10,GBU,OPT,GBUM7 C12700,2027-06-04,C,1.27,0.088000000,3,
2026-08-10,GBU,OPT,GBUM7 C12750,2027-06-04,C,1.275,0.084000000,3,
2026-08-10,GBU,OPT,GBUM7 C12800,2027-06-04,C,1.28,0.079900000,3,
2026-08-10,GBU,OPT,GBUM7 C12850,2027-06-04,C,1.285,0.076000000,3,
2026-08-10,GBU,OPT,GBUM7 C12900,2027-06-04,C,1.29,0.072100000,3,
2026-08-10,GBU,OPT,GBUM7 C12950,2027-06-04,C,1.295,0.068300000,3,
2026-08-10,GBU,OPT,GBUM7 C13000,2027-06-04,C,1.3,0.064500000,3,
2026-08-10,GBU,OPT,GBUM7 C13050,2027-06-04,C,1.305,0.060900000,3,
2026-08-10,GBU,OPT,GBUM7 C13100,2027-06-04,C,1.31,0.057300000,3,
2026-08-10,GBU,OPT,GBUM7 C13150,2027-06-04,C,1.315,0.053800000,3,
2026-08-10,GBU,OPT,GBUM7 C13200,2027-06-04,C,1.32,0.050500000,3,
2026-08-10,GBU,OPT,GBUM7 C13250,2027-06-04,C,1.325,0.047200000,3,
2026-08-10,GBU,OPT,GBUM7 C13300,2027-06-04,C,1.33,0.044000000,3,
2026-08-10,GBU,OPT,GBUM7 C13350,2027-06-04,C,1.335,0.041000000,3,
2026-08-10,GBU,OPT,GBUM7 C13400,2027-06-04,C,1.34,0.038000000,3,
2026-08-10,GBU,OPT,GBUM7 C13450,2027-06-04,C,1.345,0.035200000,3,
2026-08-10,GBU,OPT,GBUM7 C13500,2027-06-04,C,1.35,0.032500000,3,5
2026-08-10,GBU,OPT,GBUM7 C13550,2027-06-04,C,1.355,0.030000000,3,
2026-08-10,GBU,OPT,GBUM7 C13600,2027-06-04,C,1.36,0.027600000,3,
2026-08-10,GBU,OPT,GBUM7 C13650,2027-06-04,C,1.365,0.025300000,3,2
2026-08-10,GBU,OPT,GBUM7 C13700,2027-06-04,C,1.37,0.023100000,3,1
2026-08-10,GBU,OPT,GBUM7 C13750,2027-06-04,C,1.375,0.021100000,3,4
2026-08-10,GBU,OPT,GBUM7 C13800,2027-06-04,C,1.38,0.019200000,3,5
2026-08-10,GBU,OPT,GBUM7 C13850,2027-06-04,C,1.385,0.017500000,3,
2026-08-10,GBU,OPT,GBUM7 C13900,2027-06-04,C,1.39,0.015900000,3,
2026-08-10,GBU,OPT,GBUM7 C13950,2027-06-04,C,1.395,0.014400000,3,
2026-08-10,GBU,OPT,GBUM7 C14000,2027-06-04,C,1.4,0.013000000,3,8
2026-08-10,GBU,OPT,GBUM7 C14050,2027-06-04,C,1.405,0.011800000,3,
2026-08-10,GBU,OPT,GBUM7 C14100,2027-06-04,C,1.41,0.010600000,3,
2026-08-10,GBU,OPT,GBUM7 C14150,2027-06-04,C,1.415,0.009600000,3,
2026-08-10,GBU,OPT,GBUM7 C14200,2027-06-04,C,1.42,0.008700000,3,1
2026-08-10,GBU,OPT,GBUM7 C14250,2027-06-04,C,1.425,0.007800000,3,
2026-08-10,GBU,OPT,GBUM7 C14300,2027-06-04,C,1.43,0.007100000,3,
2026-08-10,GBU,OPT,GBUM7 C14400,2027-06-04,C,1.44,0.005700000,3,
2026-08-10,GBU,OPT,GBUM7 C14500,2027-06-04,C,1.45,0.004600000,3,5
2026-08-10,GBU,OPT,GBUM7 C14600,2027-06-04,C,1.46,0.003800000,3,
2026-08-10,GBU,OPT,GBUM7 C14700,2027-06-04,C,1.47,0.003000000,3,
2026-08-10,GBU,OPT,GBUM7 C14800,2027-06-04,C,1.48,0.002500000,3,1
2026-08-10,GBU,OPT,GBUM7 C14900,2027-06-04,C,1.49,0.002000000,3,
2026-08-10,GBU,OPT,GBUM7 C15000,2027-06-04,C,1.5,0.001600000,3,
2026-08-10,GBU,OPT,GBUM7 C15100,2027-06-04,C,1.51,0.001300000,3,
2026-08-10,GBU,OPT,GBUM7 C15200,2027-06-04,C,1.52,0.001100000,3,
2026-08-10,GBU,OPT,GBUM7 C15300,2027-06-04,C,1.53,0.000900000,3,
2026-08-10,GBU,OPT,GBUM7 C15400,2027-06-04,C,1.54,0.000700000,3,
2026-08-10,GBU,OPT,GBUM7 C15500,2027-06-04,C,1.55,0.000500000,3,5
2026-08-10,GBU,OPT,GBUM7 C15600,2027-06-04,C,1.56,0.000400000,3,
2026-08-10,GBU,OPT,GBUM7 C15700,2027-06-04,C,1.57,0.000300000,3,
2026-08-10,GBU,OPT,GBUM7 P11000,2027-06-04,P,1.1,0.001100000,3,2
2026-08-10,GBU,OPT,GBUM7 P11100,2027-06-04,P,1.11,0.001200000,3,
2026-08-10,GBU,OPT,GBUM7 P11200,2027-06-04,P,1.12,0.001300000,3,
2026-08-10,GBU,OPT,GBUM7 P11300,2027-06-04,P,1.13,0.001500000,3,
2026-08-10,GBU,OPT,GBUM7 P11400,2027-06-04,P,1.14,0.001600000,3,
2026-08-10,GBU,OPT,GBUM7 P11500,2027-06-04,P,1.15,0.001800000,3,5
2026-08-10,GBU,OPT,GBUM7 P11600,2027-06-04,P,1.16,0.002100000,3,
2026-08-10,GBU,OPT,GBUM7 P11700,2027-06-04,P,1.17,0.002300000,3,
2026-08-10,GBU,OPT,GBUM7 P11800,2027-06-04,P,1.18,0.002600000,3,
2026-08-10,GBU,OPT,GBUM7 P11900,2027-06-04,P,1.19,0.003000000,3,1
2026-08-10,GBU,OPT,GBUM7 P12000,2027-06-04,P,1.2,0.003500000,3,2
2026-08-10,GBU,OPT,GBUM7 P12100,2027-06-04,P,1.21,0.004100000,3,
2026-08-10,GBU,OPT,GBUM7 P12200,2027-06-04,P,1.22,0.004800000,3,
2026-08-10,GBU,OPT,GBUM7 P12300,2027-06-04,P,1.23,0.005500000,3,
2026-08-10,GBU,OPT,GBUM7 P12400,2027-06-04,P,1.24,0.006500000,3,4
2026-08-10,GBU,OPT,GBUM7 P12500,2027-06-04,P,1.25,0.007500000,3,
2026-08-10,GBU,OPT,GBUM7 P12550,2027-06-04,P,1.255,0.008100000,3,
2026-08-10,GBU,OPT,GBUM7 P12600,2027-06-04,P,1.26,0.008700000,3,
2026-08-10,GBU,OPT,GBUM7 P12650,2027-06-04,P,1.265,0.009400000,3,
2026-08-10,GBU,OPT,GBUM7 P12700,2027-06-04,P,1.27,0.010100000,3,1
2026-08-10,GBU,OPT,GBUM7 P12750,2027-06-04,P,1.275,0.010900000,3,
2026-08-10,GBU,OPT,GBUM7 P12800,2027-06-04,P,1.28,0.011700000,3,
2026-08-10,GBU,OPT,GBUM7 P12850,2027-06-04,P,1.285,0.012600000,3,
2026-08-10,GBU,OPT,GBUM7 P12900,2027-06-04,P,1.29,0.013600000,3,
2026-08-10,GBU,OPT,GBUM7 P12950,2027-06-04,P,1.295,0.014600000,3,
2026-08-10,GBU,OPT,GBUM7 P13000,2027-06-04,P,1.3,0.015700000,3,8
2026-08-10,GBU,OPT,GBUM7 P13050,2027-06-04,P,1.305,0.016900000,3,
2026-08-10,GBU,OPT,GBUM7 P13100,2027-06-04,P,1.31,0.018200000,3,
2026-08-10,GBU,OPT,GBUM7 P13150,2027-06-04,P,1.315,0.019500000,3,
2026-08-10,GBU,OPT,GBUM7 P13200,2027-06-04,P,1.32,0.021000000,3,100
2026-08-10,GBU,OPT,GBUM7 P13250,2027-06-04,P,1.325,0.022600000,3,
2026-08-10,GBU,OPT,GBUM7 P13300,2027-06-04,P,1.33,0.024300000,3,2
2026-08-10,GBU,OPT,GBUM7 P13350,2027-06-04,P,1.335,0.026000000,3,
2026-08-10,GBU,OPT,GBUM7 P13400,2027-06-04,P,1.34,0.028000000,3,
2026-08-10,GBU,OPT,GBUM7 P13450,2027-06-04,P,1.345,0.030000000,3,
2026-08-10,GBU,OPT,GBUM7 P13500,2027-06-04,P,1.35,0.032100000,3,100
2026-08-10,GBU,OPT,GBUM7 P13550,2027-06-04,P,1.355,0.034400000,3,
2026-08-10,GBU,OPT,GBUM7 P13600,2027-06-04,P,1.36,0.036900000,3,2
2026-08-10,GBU,OPT,GBUM7 P13650,2027-06-04,P,1.365,0.039400000,3,
2026-08-10,GBU,OPT,GBUM7 P13700,2027-06-04,P,1.37,0.042100000,3,
2026-08-10,GBU,OPT,GBUM7 P13750,2027-06-04,P,1.375,0.044900000,3,
2026-08-10,GBU,OPT,GBUM7 P13800,2027-06-04,P,1.38,0.047900000,3,
2026-08-10,GBU,OPT,GBUM7 P13850,2027-06-04,P,1.385,0.051000000,3,
2026-08-10,GBU,OPT,GBUM7 P13900,2027-06-04,P,1.39,0.054200000,3,1
2026-08-10,GBU,OPT,GBUM7 P13950,2027-06-04,P,1.395,0.057600000,3,
2026-08-10,GBU,OPT,GBUM7 P14000,2027-06-04,P,1.4,0.061100000,3,
2026-08-10,GBU,OPT,GBUM7 P14050,2027-06-04,P,1.405,0.064700000,3,
2026-08-10,GBU,OPT,GBUM7 P14100,2027-06-04,P,1.41,0.068400000,3,
2026-08-10,GBU,OPT,GBUM7 P14150,2027-06-04,P,1.415,0.072200000,3,
2026-08-10,GBU,OPT,GBUM7 P14200,2027-06-04,P,1.42,0.076100000,3,
2026-08-10,GBU,OPT,GBUM7 P14250,2027-06-04,P,1.425,0.080100000,3,
2026-08-10,GBU,OPT,GBUM7 P14300,2027-06-04,P,1.43,0.084200000,3,
2026-08-10,GBU,OPT,GBUM7 P14400,2027-06-04,P,1.44,0.092500000,3,
2026-08-10,GBU,OPT,GBUM7 P14500,2027-06-04,P,1.45,0.101100000,3,
2026-08-10,GBU,OPT,GBUM7 P14600,2027-06-04,P,1.46,0.109900000,3,
2026-08-10,GBU,OPT,GBUM7 P14700,2027-06-04,P,1.47,0.118900000,3,
2026-08-10,GBU,OPT,GBUM7 P14800,2027-06-04,P,1.48,0.128000000,3,
2026-08-10,GBU,OPT,GBUM7 P14900,2027-06-04,P,1.49,0.137200000,3,
2026-08-10,GBU,OPT,GBUM7 P15000,2027-06-04,P,1.5,0.146500000,3,
2026-08-10,GBU,OPT,GBUM7 P15100,2027-06-04,P,1.51,0.155900000,3,
2026-08-10,GBU,OPT,GBUM7 P15200,2027-06-04,P,1.52,0.165400000,3,
2026-08-10,GBU,OPT,GBUM7 P15300,2027-06-04,P,1.53,0.174900000,3,
2026-08-10,GBU,OPT,GBUM7 P15400,2027-06-04,P,1.54,0.184400000,3,
2026-08-10,GBU,OPT,GBUM7 P15500,2027-06-04,P,1.55,0.193900000,3,
2026-08-10,GBU,OPT,GBUM7 P15600,2027-06-04,P,1.56,0.203500000,3,
2026-08-10,GBU,OPT,GBUM7 P15700,2027-06-04,P,1.57,0.213100000,3,
2026-08-10,GBU,OPT,GBUN7 C11300,2027-07-09,C,1.13,0.213800000,3,
2026-08-10,GBU,OPT,GBUN7 C11400,2027-07-09,C,1.14,0.204400000,3,
2026-08-10,GBU,OPT,GBUN7 C11500,2027-07-09,C,1.15,0.195000000,3,
2026-08-10,GBU,OPT,GBUN7 C11600,2027-07-09,C,1.16,0.185700000,3,
2026-08-10,GBU,OPT,GBUN7 C11700,2027-07-09,C,1.17,0.176500000,3,
2026-08-10,GBU,OPT,GBUN7 C11800,2027-07-09,C,1.18,0.167300000,3,
2026-08-10,GBU,OPT,GBUN7 C11900,2027-07-09,C,1.19,0.158100000,3,
2026-08-10,GBU,OPT,GBUN7 C12000,2027-07-09,C,1.2,0.149100000,3,
2026-08-10,GBU,OPT,GBUN7 C12100,2027-07-09,C,1.21,0.140100000,3,
2026-08-10,GBU,OPT,GBUN7 C12200,2027-07-09,C,1.22,0.131200000,3,
2026-08-10,GBU,OPT,GBUN7 C12300,2027-07-09,C,1.23,0.122500000,3,
2026-08-10,GBU,OPT,GBUN7 C12400,2027-07-09,C,1.24,0.113800000,3,
2026-08-10,GBU,OPT,GBUN7 C12500,2027-07-09,C,1.25,0.105300000,3,
2026-08-10,GBU,OPT,GBUN7 C12600,2027-07-09,C,1.26,0.097000000,3,
2026-08-10,GBU,OPT,GBUN7 C12700,2027-07-09,C,1.27,0.088900000,3,
2026-08-10,GBU,OPT,GBUN7 C12800,2027-07-09,C,1.28,0.081000000,3,
2026-08-10,GBU,OPT,GBUN7 C12850,2027-07-09,C,1.285,0.077100000,3,
2026-08-10,GBU,OPT,GBUN7 C12900,2027-07-09,C,1.29,0.073300000,3,
2026-08-10,GBU,OPT,GBUN7 C12950,2027-07-09,C,1.295,0.069500000,3,
2026-08-10,GBU,OPT,GBUN7 C13000,2027-07-09,C,1.3,0.065900000,3,
2026-08-10,GBU,OPT,GBUN7 C13050,2027-07-09,C,1.305,0.062300000,3,
2026-08-10,GBU,OPT,GBUN7 C13100,2027-07-09,C,1.31,0.058800000,3,
2026-08-10,GBU,OPT,GBUN7 C13150,2027-07-09,C,1.315,0.055400000,3,
2026-08-10,GBU,OPT,GBUN7 C13200,2027-07-09,C,1.32,0.052000000,3,
2026-08-10,GBU,OPT,GBUN7 C13250,2027-07-09,C,1.325,0.048800000,3,
2026-08-10,GBU,OPT,GBUN7 C13300,2027-07-09,C,1.33,0.045700000,3,
2026-08-10,GBU,OPT,GBUN7 C13350,2027-07-09,C,1.335,0.042700000,3,
2026-08-10,GBU,OPT,GBUN7 C13400,2027-07-09,C,1.34,0.039800000,3,
2026-08-10,GBU,OPT,GBUN7 C13450,2027-07-09,C,1.345,0.037100000,3,
2026-08-10,GBU,OPT,GBUN7 C13500,2027-07-09,C,1.35,0.034400000,3,3
2026-08-10,GBU,OPT,GBUN7 C13550,2027-07-09,C,1.355,0.031900000,3,
2026-08-10,GBU,OPT,GBUN7 C13600,2027-07-09,C,1.36,0.029400000,3,1
2026-08-10,GBU,OPT,GBUN7 C13650,2027-07-09,C,1.365,0.027200000,3,
2026-08-10,GBU,OPT,GBUN7 C13700,2027-07-09,C,1.37,0.025000000,3,1
2026-08-10,GBU,OPT,GBUN7 C13750,2027-07-09,C,1.375,0.023000000,3,
2026-08-10,GBU,OPT,GBUN7 C13800,2027-07-09,C,1.38,0.021100000,3,
2026-08-10,GBU,OPT,GBUN7 C13850,2027-07-09,C,1.385,0.019300000,3,
2026-08-10,GBU,OPT,GBUN7 C13900,2027-07-09,C,1.39,0.017600000,3,
2026-08-10,GBU,OPT,GBUN7 C13950,2027-07-09,C,1.395,0.016100000,3,
2026-08-10,GBU,OPT,GBUN7 C14000,2027-07-09,C,1.4,0.014700000,3,
2026-08-10,GBU,OPT,GBUN7 C14100,2027-07-09,C,1.41,0.012200000,3,
2026-08-10,GBU,OPT,GBUN7 C14200,2027-07-09,C,1.42,0.010100000,3,
2026-08-10,GBU,OPT,GBUN7 C14300,2027-07-09,C,1.43,0.008300000,3,
2026-08-10,GBU,OPT,GBUN7 C14400,2027-07-09,C,1.44,0.006900000,3,1
2026-08-10,GBU,OPT,GBUN7 C14500,2027-07-09,C,1.45,0.005600000,3,
2026-08-10,GBU,OPT,GBUN7 C14600,2027-07-09,C,1.46,0.004600000,3,
2026-08-10,GBU,OPT,GBUN7 C14700,2027-07-09,C,1.47,0.003800000,3,6
2026-08-10,GBU,OPT,GBUN7 C14800,2027-07-09,C,1.48,0.003100000,3,3
2026-08-10,GBU,OPT,GBUN7 C14900,2027-07-09,C,1.49,0.002600000,3,
2026-08-10,GBU,OPT,GBUN7 C15000,2027-07-09,C,1.5,0.002100000,3,3
2026-08-10,GBU,OPT,GBUN7 C15100,2027-07-09,C,1.51,0.001700000,3,
2026-08-10,GBU,OPT,GBUN7 C15200,2027-07-09,C,1.52,0.001400000,3,3
2026-08-10,GBU,OPT,GBUN7 C15300,2027-07-09,C,1.53,0.001100000,3,
2026-08-10,GBU,OPT,GBUN7 C15400,2027-07-09,C,1.54,0.000900000,3,
2026-08-10,GBU,OPT,GBUN7 C15500,2027-07-09,C,1.55,0.000700000,3,
2026-08-10,GBU,OPT,GBUN7 P11300,2027-07-09,P,1.13,0.001600000,3,
2026-08-10,GBU,OPT,GBUN7 P11400,2027-07-09,P,1.14,0.001900000,3,
2026-08-10,GBU,OPT,GBUN7 P11500,2027-07-09,P,1.15,0.002100000,3,2
2026-08-10,GBU,OPT,GBUN7 P11600,2027-07-09,P,1.16,0.002500000,3,
2026-08-10,GBU,OPT,GBUN7 P11700,2027-07-09,P,1.17,0.002900000,3,
2026-08-10,GBU,OPT,GBUN7 P11800,2027-07-09,P,1.18,0.003300000,3,1
2026-08-10,GBU,OPT,GBUN7 P11900,2027-07-09,P,1.19,0.003800000,3,1
2026-08-10,GBU,OPT,GBUN7 P12000,2027-07-09,P,1.2,0.004400000,3,
2026-08-10,GBU,OPT,GBUN7 P12100,2027-07-09,P,1.21,0.005100000,3,
2026-08-10,GBU,OPT,GBUN7 P12200,2027-07-09,P,1.22,0.005900000,3,
2026-08-10,GBU,OPT,GBUN7 P12300,2027-07-09,P,1.23,0.006800000,3,
2026-08-10,GBU,OPT,GBUN7 P12400,2027-07-09,P,1.24,0.007800000,3,
2026-08-10,GBU,OPT,GBUN7 P12500,2027-07-09,P,1.25,0.008900000,3,
2026-08-10,GBU,OPT,GBUN7 P12600,2027-07-09,P,1.26,0.010300000,3,
2026-08-10,GBU,OPT,GBUN7 P12700,2027-07-09,P,1.27,0.011800000,3,2
2026-08-10,GBU,OPT,GBUN7 P12800,2027-07-09,P,1.28,0.013500000,3,2
2026-08-10,GBU,OPT,GBUN7 P12850,2027-07-09,P,1.285,0.014400000,3,2
2026-08-10,GBU,OPT,GBUN7 P12900,2027-07-09,P,1.29,0.015500000,3,1
2026-08-10,GBU,OPT,GBUN7 P12950,2027-07-09,P,1.295,0.016500000,3,
2026-08-10,GBU,OPT,GBUN7 P13000,2027-07-09,P,1.3,0.017700000,3,
2026-08-10,GBU,OPT,GBUN7 P13050,2027-07-09,P,1.305,0.018900000,3,
2026-08-10,GBU,OPT,GBUN7 P13100,2027-07-09,P,1.31,0.020300000,3,
2026-08-10,GBU,OPT,GBUN7 P13150,2027-07-09,P,1.315,0.021700000,3,
2026-08-10,GBU,OPT,GBUN7 P13200,2027-07-09,P,1.32,0.023200000,3,
2026-08-10,GBU,OPT,GBUN7 P13250,2027-07-09,P,1.325,0.024800000,3,
2026-08-10,GBU,OPT,GBUN7 P13300,2027-07-09,P,1.33,0.026500000,3,
2026-08-10,GBU,OPT,GBUN7 P13350,2027-07-09,P,1.335,0.028300000,3,
2026-08-10,GBU,OPT,GBUN7 P13400,2027-07-09,P,1.34,0.030300000,3,1
2026-08-10,GBU,OPT,GBUN7 P13450,2027-07-09,P,1.345,0.032300000,3,
2026-08-10,GBU,OPT,GBUN7 P13500,2027-07-09,P,1.35,0.034500000,3,6
2026-08-10,GBU,OPT,GBUN7 P13550,2027-07-09,P,1.355,0.036800000,3,
2026-08-10,GBU,OPT,GBUN7 P13600,2027-07-09,P,1.36,0.039200000,3,3
2026-08-10,GBU,OPT,GBUN7 P13650,2027-07-09,P,1.365,0.041700000,3,
2026-08-10,GBU,OPT,GBUN7 P13700,2027-07-09,P,1.37,0.044400000,3,
2026-08-10,GBU,OPT,GBUN7 P13750,2027-07-09,P,1.375,0.047200000,3,
2026-08-10,GBU,OPT,GBUN7 P13800,2027-07-09,P,1.38,0.050100000,3,
2026-08-10,GBU,OPT,GBUN7 P13850,2027-07-09,P,1.385,0.053200000,3,
2026-08-10,GBU,OPT,GBUN7 P13900,2027-07-09,P,1.39,0.056300000,3,
2026-08-10,GBU,OPT,GBUN7 P13950,2027-07-09,P,1.395,0.059600000,3,
2026-08-10,GBU,OPT,GBUN7 P14000,2027-07-09,P,1.4,0.063000000,3,
2026-08-10,GBU,OPT,GBUN7 P14100,2027-07-09,P,1.41,0.070200000,3,
2026-08-10,GBU,OPT,GBUN7 P14200,2027-07-09,P,1.42,0.077700000,3,
2026-08-10,GBU,OPT,GBUN7 P14300,2027-07-09,P,1.43,0.085600000,3,
2026-08-10,GBU,OPT,GBUN7 P14400,2027-07-09,P,1.44,0.093800000,3,
2026-08-10,GBU,OPT,GBUN7 P14500,2027-07-09,P,1.45,0.102200000,3,
2026-08-10,GBU,OPT,GBUN7 P14600,2027-07-09,P,1.46,0.110900000,3,
2026-08-10,GBU,OPT,GBUN7 P14700,2027-07-09,P,1.47,0.119700000,3,
2026-08-10,GBU,OPT,GBUN7 P14800,2027-07-09,P,1.48,0.128700000,3,
2026-08-10,GBU,OPT,GBUN7 P14900,2027-07-09,P,1.49,0.137700000,3,
2026-08-10,GBU,OPT,GBUN7 P15000,2027-07-09,P,1.5,0.146900000,3,
2026-08-10,GBU,OPT,GBUN7 P15100,2027-07-09,P,1.51,0.156200000,3,
2026-08-10,GBU,OPT,GBUN7 P15200,2027-07-09,P,1.52,0.165500000,3,
2026-08-10,GBU,OPT,GBUN7 P15300,2027-07-09,P,1.53,0.174900000,3,
2026-08-10,GBU,OPT,GBUN7 P15400,2027-07-09,P,1.54,0.184300000,3,
2026-08-10,GBU,OPT,GBUN7 P15500,2027-07-09,P,1.55,0.193800000,3,
2026-08-10,GBU,OPT,GBUQ7 C11500,2027-08-06,C,1.15,0.194900000,3,
2026-08-10,GBU,OPT,GBUQ7 C11600,2027-08-06,C,1.16,0.185600000,3,
2026-08-10,GBU,OPT,GBUQ7 C11700,2027-08-06,C,1.17,0.176500000,3,
2026-08-10,GBU,OPT,GBUQ7 C11800,2027-08-06,C,1.18,0.167400000,3,
2026-08-10,GBU,OPT,GBUQ7 C11900,2027-08-06,C,1.19,0.158300000,3,
2026-08-10,GBU,OPT,GBUQ7 C12000,2027-08-06,C,1.2,0.149400000,3,
2026-08-10,GBU,OPT,GBUQ7 C12100,2027-08-06,C,1.21,0.140500000,3,
2026-08-10,GBU,OPT,GBUQ7 C12200,2027-08-06,C,1.22,0.131800000,3,
2026-08-10,GBU,OPT,GBUQ7 C12300,2027-08-06,C,1.23,0.123100000,3,
2026-08-10,GBU,OPT,GBUQ7 C12400,2027-08-06,C,1.24,0.114600000,3,
2026-08-10,GBU,OPT,GBUQ7 C12500,2027-08-06,C,1.25,0.106300000,3,
2026-08-10,GBU,OPT,GBUQ7 C12600,2027-08-06,C,1.26,0.098100000,3,
2026-08-10,GBU,OPT,GBUQ7 C12700,2027-08-06,C,1.27,0.090100000,3,
2026-08-10,GBU,OPT,GBUQ7 C12800,2027-08-06,C,1.28,0.082300000,3,
2026-08-10,GBU,OPT,GBUQ7 C12900,2027-08-06,C,1.29,0.074700000,3,
2026-08-10,GBU,OPT,GBUQ7 C13000,2027-08-06,C,1.3,0.067400000,3,
2026-08-10,GBU,OPT,GBUQ7 C13050,2027-08-06,C,1.305,0.063900000,3,
2026-08-10,GBU,OPT,GBUQ7 C13100,2027-08-06,C,1.31,0.060400000,3,
2026-08-10,GBU,OPT,GBUQ7 C13150,2027-08-06,C,1.315,0.057000000,3,
2026-08-10,GBU,OPT,GBUQ7 C13200,2027-08-06,C,1.32,0.053800000,3,
2026-08-10,GBU,OPT,GBUQ7 C13250,2027-08-06,C,1.325,0.050600000,3,
2026-08-10,GBU,OPT,GBUQ7 C13300,2027-08-06,C,1.33,0.047500000,3,
2026-08-10,GBU,OPT,GBUQ7 C13350,2027-08-06,C,1.335,0.044500000,3,
2026-08-10,GBU,OPT,GBUQ7 C13400,2027-08-06,C,1.34,0.041600000,3,
2026-08-10,GBU,OPT,GBUQ7 C13450,2027-08-06,C,1.345,0.038800000,3,
2026-08-10,GBU,OPT,GBUQ7 C13500,2027-08-06,C,1.35,0.036200000,3,
2026-08-10,GBU,OPT,GBUQ7 C13550,2027-08-06,C,1.355,0.033700000,3,
2026-08-10,GBU,OPT,GBUQ7 C13600,2027-08-06,C,1.36,0.031300000,3,
2026-08-10,GBU,OPT,GBUQ7 C13650,2027-08-06,C,1.365,0.029000000,3,
2026-08-10,GBU,OPT,GBUQ7 C13700,2027-08-06,C,1.37,0.026800000,3,
2026-08-10,GBU,OPT,GBUQ7 C13750,2027-08-06,C,1.375,0.024800000,3,
2026-08-10,GBU,OPT,GBUQ7 C13800,2027-08-06,C,1.38,0.022800000,3,
2026-08-10,GBU,OPT,GBUQ7 C13850,2027-08-06,C,1.385,0.021000000,3,
2026-08-10,GBU,OPT,GBUQ7 C13900,2027-08-06,C,1.39,0.019400000,3,
2026-08-10,GBU,OPT,GBUQ7 C13950,2027-08-06,C,1.395,0.017800000,3,
2026-08-10,GBU,OPT,GBUQ7 C14000,2027-08-06,C,1.4,0.016300000,3,
2026-08-10,GBU,OPT,GBUQ7 C14100,2027-08-06,C,1.41,0.013700000,3,
2026-08-10,GBU,OPT,GBUQ7 C14200,2027-08-06,C,1.42,0.011500000,3,
2026-08-10,GBU,OPT,GBUQ7 C14300,2027-08-06,C,1.43,0.009600000,3,
2026-08-10,GBU,OPT,GBUQ7 C14400,2027-08-06,C,1.44,0.008000000,3,
2026-08-10,GBU,OPT,GBUQ7 C14500,2027-08-06,C,1.45,0.006700000,3,
2026-08-10,GBU,OPT,GBUQ7 C14600,2027-08-06,C,1.46,0.005600000,3,
2026-08-10,GBU,OPT,GBUQ7 C14700,2027-08-06,C,1.47,0.004600000,3,
2026-08-10,GBU,OPT,GBUQ7 C14800,2027-08-06,C,1.48,0.003800000,3,
2026-08-10,GBU,OPT,GBUQ7 C14900,2027-08-06,C,1.49,0.003200000,3,
2026-08-10,GBU,OPT,GBUQ7 C15000,2027-08-06,C,1.5,0.002600000,3,
2026-08-10,GBU,OPT,GBUQ7 C15100,2027-08-06,C,1.51,0.002100000,3,
2026-08-10,GBU,OPT,GBUQ7 C15200,2027-08-06,C,1.52,0.001800000,3,
2026-08-10,GBU,OPT,GBUQ7 C15300,2027-08-06,C,1.53,0.001400000,3,
2026-08-10,GBU,OPT,GBUQ7 C15400,2027-08-06,C,1.54,0.001200000,3,
2026-08-10,GBU,OPT,GBUQ7 C15500,2027-08-06,C,1.55,0.001000000,3,
2026-08-10,GBU,OPT,GBUQ7 P11500,2027-08-06,P,1.15,0.002600000,3,
2026-08-10,GBU,OPT,GBUQ7 P11600,2027-08-06,P,1.16,0.003000000,3,
2026-08-10,GBU,OPT,GBUQ7 P11700,2027-08-06,P,1.17,0.003400000,3,
2026-08-10,GBU,OPT,GBUQ7 P11800,2027-08-06,P,1.18,0.003900000,3,
2026-08-10,GBU,OPT,GBUQ7 P11900,2027-08-06,P,1.19,0.004500000,3,
2026-08-10,GBU,OPT,GBUQ7 P12000,2027-08-06,P,1.2,0.005200000,3,
2026-08-10,GBU,OPT,GBUQ7 P12100,2027-08-06,P,1.21,0.005900000,3,
2026-08-10,GBU,OPT,GBUQ7 P12200,2027-08-06,P,1.22,0.006800000,3,
2026-08-10,GBU,OPT,GBUQ7 P12300,2027-08-06,P,1.23,0.007800000,3,
2026-08-10,GBU,OPT,GBUQ7 P12400,2027-08-06,P,1.24,0.008900000,3,
2026-08-10,GBU,OPT,GBUQ7 P12500,2027-08-06,P,1.25,0.010200000,3,
2026-08-10,GBU,OPT,GBUQ7 P12600,2027-08-06,P,1.26,0.011600000,3,
2026-08-10,GBU,OPT,GBUQ7 P12700,2027-08-06,P,1.27,0.013200000,3,
2026-08-10,GBU,OPT,GBUQ7 P12800,2027-08-06,P,1.28,0.015000000,3,
2026-08-10,GBU,OPT,GBUQ7 P12900,2027-08-06,P,1.29,0.017100000,3,
2026-08-10,GBU,OPT,GBUQ7 P13000,2027-08-06,P,1.3,0.019400000,3,
2026-08-10,GBU,OPT,GBUQ7 P13050,2027-08-06,P,1.305,0.020700000,3,
2026-08-10,GBU,OPT,GBUQ7 P13100,2027-08-06,P,1.31,0.022000000,3,
2026-08-10,GBU,OPT,GBUQ7 P13150,2027-08-06,P,1.315,0.023500000,3,
2026-08-10,GBU,OPT,GBUQ7 P13200,2027-08-06,P,1.32,0.025000000,3,
2026-08-10,GBU,OPT,GBUQ7 P13250,2027-08-06,P,1.325,0.026600000,3,
2026-08-10,GBU,OPT,GBUQ7 P13300,2027-08-06,P,1.33,0.028300000,3,
2026-08-10,GBU,OPT,GBUQ7 P13350,2027-08-06,P,1.335,0.030200000,3,
2026-08-10,GBU,OPT,GBUQ7 P13400,2027-08-06,P,1.34,0.032100000,3,
2026-08-10,GBU,OPT,GBUQ7 P13450,2027-08-06,P,1.345,0.034100000,3,
2026-08-10,GBU,OPT,GBUQ7 P13500,2027-08-06,P,1.35,0.036300000,3,
2026-08-10,GBU,OPT,GBUQ7 P13550,2027-08-06,P,1.355,0.038600000,3,
2026-08-10,GBU,OPT,GBUQ7 P13600,2027-08-06,P,1.36,0.041000000,3,
2026-08-10,GBU,OPT,GBUQ7 P13650,2027-08-06,P,1.365,0.043500000,3,
2026-08-10,GBU,OPT,GBUQ7 P13700,2027-08-06,P,1.37,0.046100000,3,
2026-08-10,GBU,OPT,GBUQ7 P13750,2027-08-06,P,1.375,0.048900000,3,
2026-08-10,GBU,OPT,GBUQ7 P13800,2027-08-06,P,1.38,0.051800000,3,
2026-08-10,GBU,OPT,GBUQ7 P13850,2027-08-06,P,1.385,0.054800000,3,
2026-08-10,GBU,OPT,GBUQ7 P13900,2027-08-06,P,1.39,0.057900000,3,
2026-08-10,GBU,OPT,GBUQ7 P13950,2027-08-06,P,1.395,0.061200000,3,
2026-08-10,GBU,OPT,GBUQ7 P14000,2027-08-06,P,1.4,0.064500000,3,
2026-08-10,GBU,OPT,GBUQ7 P14100,2027-08-06,P,1.41,0.071500000,3,
2026-08-10,GBU,OPT,GBUQ7 P14200,2027-08-06,P,1.42,0.078900000,3,
2026-08-10,GBU,OPT,GBUQ7 P14300,2027-08-06,P,1.43,0.086700000,3,
2026-08-10,GBU,OPT,GBUQ7 P14400,2027-08-06,P,1.44,0.094700000,3,
2026-08-10,GBU,OPT,GBUQ7 P14500,2027-08-06,P,1.45,0.103000000,3,
2026-08-10,GBU,OPT,GBUQ7 P14600,2027-08-06,P,1.46,0.111500000,3,
2026-08-10,GBU,OPT,GBUQ7 P14700,2027-08-06,P,1.47,0.120100000,3,
2026-08-10,GBU,OPT,GBUQ7 P14800,2027-08-06,P,1.48,0.129000000,3,
2026-08-10,GBU,OPT,GBUQ7 P14900,2027-08-06,P,1.49,0.137900000,3,
2026-08-10,GBU,OPT,GBUQ7 P15000,2027-08-06,P,1.5,0.147000000,3,
2026-08-10,GBU,OPT,GBUQ7 P15100,2027-08-06,P,1.51,0.156100000,3,
2026-08-10,GBU,OPT,GBUQ7 P15200,2027-08-06,P,1.52,0.165400000,3,
2026-08-10,GBU,OPT,GBUQ7 P15300,2027-08-06,P,1.53,0.174700000,3,
2026-08-10,GBU,OPT,GBUQ7 P15400,2027-08-06,P,1.54,0.184000000,3,
2026-08-10,GBU,OPT,GBUQ7 P15500,2027-08-06,P,1.55,0.193400000,3,
2026-08-10,GBU,OPT,GBUU7 C11000,2027-09-03,C,1.1,0.241200000,3,
2026-08-10,GBU,OPT,GBUU7 C11100,2027-09-03,C,1.11,0.231900000,3,
2026-08-10,GBU,OPT,GBUU7 C11200,2027-09-03,C,1.12,0.222600000,3,
2026-08-10,GBU,OPT,GBUU7 C11300,2027-09-03,C,1.13,0.213400000,3,
2026-08-10,GBU,OPT,GBUU7 C11400,2027-09-03,C,1.14,0.204200000,3,
2026-08-10,GBU,OPT,GBUU7 C11500,2027-09-03,C,1.15,0.195000000,3,
2026-08-10,GBU,OPT,GBUU7 C11600,2027-09-03,C,1.16,0.185800000,3,
2026-08-10,GBU,OPT,GBUU7 C11700,2027-09-03,C,1.17,0.176600000,3,
2026-08-10,GBU,OPT,GBUU7 C11800,2027-09-03,C,1.18,0.167600000,3,
2026-08-10,GBU,OPT,GBUU7 C11900,2027-09-03,C,1.19,0.158600000,3,
2026-08-10,GBU,OPT,GBUU7 C12000,2027-09-03,C,1.2,0.149800000,3,
2026-08-10,GBU,OPT,GBUU7 C12100,2027-09-03,C,1.21,0.141000000,3,
2026-08-10,GBU,OPT,GBUU7 C12200,2027-09-03,C,1.22,0.132300000,3,
2026-08-10,GBU,OPT,GBUU7 C12300,2027-09-03,C,1.23,0.123800000,3,
2026-08-10,GBU,OPT,GBUU7 C12400,2027-09-03,C,1.24,0.115400000,3,
2026-08-10,GBU,OPT,GBUU7 C12450,2027-09-03,C,1.245,0.111200000,3,
2026-08-10,GBU,OPT,GBUU7 C12500,2027-09-03,C,1.25,0.107100000,3,
2026-08-10,GBU,OPT,GBUU7 C12550,2027-09-03,C,1.255,0.103000000,3,
2026-08-10,GBU,OPT,GBUU7 C12600,2027-09-03,C,1.26,0.099000000,3,
2026-08-10,GBU,OPT,GBUU7 C12650,2027-09-03,C,1.265,0.095000000,3,
2026-08-10,GBU,OPT,GBUU7 C12700,2027-09-03,C,1.27,0.091100000,3,
2026-08-10,GBU,OPT,GBUU7 C12750,2027-09-03,C,1.275,0.087200000,3,
2026-08-10,GBU,OPT,GBUU7 C12800,2027-09-03,C,1.28,0.083400000,3,
2026-08-10,GBU,OPT,GBUU7 C12850,2027-09-03,C,1.285,0.079600000,3,
2026-08-10,GBU,OPT,GBUU7 C12900,2027-09-03,C,1.29,0.075900000,3,
2026-08-10,GBU,OPT,GBUU7 C12950,2027-09-03,C,1.295,0.072300000,3,
2026-08-10,GBU,OPT,GBUU7 C13000,2027-09-03,C,1.3,0.068700000,3,
2026-08-10,GBU,OPT,GBUU7 C13050,2027-09-03,C,1.305,0.065200000,3,
2026-08-10,GBU,OPT,GBUU7 C13100,2027-09-03,C,1.31,0.061800000,3,
2026-08-10,GBU,OPT,GBUU7 C13150,2027-09-03,C,1.315,0.058500000,3,
2026-08-10,GBU,OPT,GBUU7 C13200,2027-09-03,C,1.32,0.055300000,3,
2026-08-10,GBU,OPT,GBUU7 C13250,2027-09-03,C,1.325,0.052100000,3,
2026-08-10,GBU,OPT,GBUU7 C13300,2027-09-03,C,1.33,0.049100000,3,
2026-08-10,GBU,OPT,GBUU7 C13350,2027-09-03,C,1.335,0.046100000,3,
2026-08-10,GBU,OPT,GBUU7 C13400,2027-09-03,C,1.34,0.043300000,3,
2026-08-10,GBU,OPT,GBUU7 C13450,2027-09-03,C,1.345,0.040500000,3,
2026-08-10,GBU,OPT,GBUU7 C13500,2027-09-03,C,1.35,0.037900000,3,
2026-08-10,GBU,OPT,GBUU7 C13550,2027-09-03,C,1.355,0.035400000,3,
2026-08-10,GBU,OPT,GBUU7 C13600,2027-09-03,C,1.36,0.033000000,3,
2026-08-10,GBU,OPT,GBUU7 C13650,2027-09-03,C,1.365,0.030700000,3,
2026-08-10,GBU,OPT,GBUU7 C13700,2027-09-03,C,1.37,0.028500000,3,
2026-08-10,GBU,OPT,GBUU7 C13750,2027-09-03,C,1.375,0.026400000,3,
2026-08-10,GBU,OPT,GBUU7 C13800,2027-09-03,C,1.38,0.024400000,3,
2026-08-10,GBU,OPT,GBUU7 C13850,2027-09-03,C,1.385,0.022600000,3,
2026-08-10,GBU,OPT,GBUU7 C13900,2027-09-03,C,1.39,0.020900000,3,
2026-08-10,GBU,OPT,GBUU7 C13950,2027-09-03,C,1.395,0.019300000,3,
2026-08-10,GBU,OPT,GBUU7 C14000,2027-09-03,C,1.4,0.017800000,3,
2026-08-10,GBU,OPT,GBUU7 C14050,2027-09-03,C,1.405,0.016400000,3,
2026-08-10,GBU,OPT,GBUU7 C14100,2027-09-03,C,1.41,0.015100000,3,
2026-08-10,GBU,OPT,GBUU7 C14150,2027-09-03,C,1.415,0.013900000,3,
2026-08-10,GBU,OPT,GBUU7 C14200,2027-09-03,C,1.42,0.012800000,3,
2026-08-10,GBU,OPT,GBUU7 C14250,2027-09-03,C,1.425,0.011800000,3,
2026-08-10,GBU,OPT,GBUU7 C14300,2027-09-03,C,1.43,0.010800000,3,
2026-08-10,GBU,OPT,GBUU7 C14400,2027-09-03,C,1.44,0.009100000,3,
2026-08-10,GBU,OPT,GBUU7 C14500,2027-09-03,C,1.45,0.007700000,3,
2026-08-10,GBU,OPT,GBUU7 C14600,2027-09-03,C,1.46,0.006500000,3,
2026-08-10,GBU,OPT,GBUU7 C14700,2027-09-03,C,1.47,0.005400000,3,
2026-08-10,GBU,OPT,GBUU7 C14800,2027-09-03,C,1.48,0.004600000,3,
2026-08-10,GBU,OPT,GBUU7 C14900,2027-09-03,C,1.49,0.003800000,3,
2026-08-10,GBU,OPT,GBUU7 C15000,2027-09-03,C,1.5,0.003200000,3,
2026-08-10,GBU,OPT,GBUU7 C15100,2027-09-03,C,1.51,0.002700000,3,
2026-08-10,GBU,OPT,GBUU7 C15200,2027-09-03,C,1.52,0.002300000,3,
2026-08-10,GBU,OPT,GBUU7 C15300,2027-09-03,C,1.53,0.002000000,3,
2026-08-10,GBU,OPT,GBUU7 C15400,2027-09-03,C,1.54,0.001700000,3,
2026-08-10,GBU,OPT,GBUU7 C15500,2027-09-03,C,1.55,0.001500000,3,
2026-08-10,GBU,OPT,GBUU7 C15600,2027-09-03,C,1.56,0.001300000,3,
2026-08-10,GBU,OPT,GBUU7 C15700,2027-09-03,C,1.57,0.001200000,3,
2026-08-10,GBU,OPT,GBUU7 P11000,2027-09-03,P,1.1,0.001600000,3,10
2026-08-10,GBU,OPT,GBUU7 P11100,2027-09-03,P,1.11,0.001900000,3,
2026-08-10,GBU,OPT,GBUU7 P11200,2027-09-03,P,1.12,0.002200000,3,10
2026-08-10,GBU,OPT,GBUU7 P11300,2027-09-03,P,1.13,0.002500000,3,
2026-08-10,GBU,OPT,GBUU7 P11400,2027-09-03,P,1.14,0.002900000,3,
2026-08-10,GBU,OPT,GBUU7 P11500,2027-09-03,P,1.15,0.003300000,3,
2026-08-10,GBU,OPT,GBUU7 P11600,2027-09-03,P,1.16,0.003700000,3,
2026-08-10,GBU,OPT,GBUU7 P11700,2027-09-03,P,1.17,0.004100000,3,
2026-08-10,GBU,OPT,GBUU7 P11800,2027-09-03,P,1.18,0.004600000,3,
2026-08-10,GBU,OPT,GBUU7 P11900,2027-09-03,P,1.19,0.005300000,3,
2026-08-10,GBU,OPT,GBUU7 P12000,2027-09-03,P,1.2,0.006000000,3,
2026-08-10,GBU,OPT,GBUU7 P12100,2027-09-03,P,1.21,0.006800000,3,
2026-08-10,GBU,OPT,GBUU7 P12200,2027-09-03,P,1.22,0.007800000,3,
2026-08-10,GBU,OPT,GBUU7 P12300,2027-09-03,P,1.23,0.008800000,3,
2026-08-10,GBU,OPT,GBUU7 P12400,2027-09-03,P,1.24,0.010000000,3,
2026-08-10,GBU,OPT,GBUU7 P12450,2027-09-03,P,1.245,0.010600000,3,
2026-08-10,GBU,OPT,GBUU7 P12500,2027-09-03,P,1.25,0.011300000,3,
2026-08-10,GBU,OPT,GBUU7 P12550,2027-09-03,P,1.255,0.012000000,3,
2026-08-10,GBU,OPT,GBUU7 P12600,2027-09-03,P,1.26,0.012800000,3,
2026-08-10,GBU,OPT,GBUU7 P12650,2027-09-03,P,1.265,0.013600000,3,
2026-08-10,GBU,OPT,GBUU7 P12700,2027-09-03,P,1.27,0.014500000,3,
2026-08-10,GBU,OPT,GBUU7 P12750,2027-09-03,P,1.275,0.015400000,3,
2026-08-10,GBU,OPT,GBUU7 P12800,2027-09-03,P,1.28,0.016400000,3,
2026-08-10,GBU,OPT,GBUU7 P12850,2027-09-03,P,1.285,0.017400000,3,
2026-08-10,GBU,OPT,GBUU7 P12900,2027-09-03,P,1.29,0.018500000,3,
2026-08-10,GBU,OPT,GBUU7 P12950,2027-09-03,P,1.295,0.019600000,3,
2026-08-10,GBU,OPT,GBUU7 P13000,2027-09-03,P,1.3,0.020900000,3,
2026-08-10,GBU,OPT,GBUU7 P13050,2027-09-03,P,1.305,0.022200000,3,
2026-08-10,GBU,OPT,GBUU7 P13100,2027-09-03,P,1.31,0.023600000,3,
2026-08-10,GBU,OPT,GBUU7 P13150,2027-09-03,P,1.315,0.025000000,3,
2026-08-10,GBU,OPT,GBUU7 P13200,2027-09-03,P,1.32,0.026600000,3,
2026-08-10,GBU,OPT,GBUU7 P13250,2027-09-03,P,1.325,0.028300000,3,
2026-08-10,GBU,OPT,GBUU7 P13300,2027-09-03,P,1.33,0.030000000,3,
2026-08-10,GBU,OPT,GBUU7 P13350,2027-09-03,P,1.335,0.031800000,3,
2026-08-10,GBU,OPT,GBUU7 P13400,2027-09-03,P,1.34,0.033800000,3,
2026-08-10,GBU,OPT,GBUU7 P13450,2027-09-03,P,1.345,0.035800000,3,
2026-08-10,GBU,OPT,GBUU7 P13500,2027-09-03,P,1.35,0.038000000,3,
2026-08-10,GBU,OPT,GBUU7 P13550,2027-09-03,P,1.355,0.040300000,3,
2026-08-10,GBU,OPT,GBUU7 P13600,2027-09-03,P,1.36,0.042600000,3,
2026-08-10,GBU,OPT,GBUU7 P13650,2027-09-03,P,1.365,0.045100000,3,
2026-08-10,GBU,OPT,GBUU7 P13700,2027-09-03,P,1.37,0.047700000,3,
2026-08-10,GBU,OPT,GBUU7 P13750,2027-09-03,P,1.375,0.050500000,3,
2026-08-10,GBU,OPT,GBUU7 P13800,2027-09-03,P,1.38,0.053300000,3,
2026-08-10,GBU,OPT,GBUU7 P13850,2027-09-03,P,1.385,0.056300000,3,
2026-08-10,GBU,OPT,GBUU7 P13900,2027-09-03,P,1.39,0.059300000,3,
2026-08-10,GBU,OPT,GBUU7 P13950,2027-09-03,P,1.395,0.062500000,3,
2026-08-10,GBU,OPT,GBUU7 P14000,2027-09-03,P,1.4,0.065800000,3,
2026-08-10,GBU,OPT,GBUU7 P14050,2027-09-03,P,1.405,0.069200000,3,
2026-08-10,GBU,OPT,GBUU7 P14100,2027-09-03,P,1.41,0.072700000,3,
2026-08-10,GBU,OPT,GBUU7 P14150,2027-09-03,P,1.415,0.076300000,3,
2026-08-10,GBU,OPT,GBUU7 P14200,2027-09-03,P,1.42,0.080000000,3,
2026-08-10,GBU,OPT,GBUU7 P14250,2027-09-03,P,1.425,0.083800000,3,
2026-08-10,GBU,OPT,GBUU7 P14300,2027-09-03,P,1.43,0.087600000,3,
2026-08-10,GBU,OPT,GBUU7 P14400,2027-09-03,P,1.44,0.095500000,3,
2026-08-10,GBU,OPT,GBUU7 P14500,2027-09-03,P,1.45,0.103700000,3,
2026-08-10,GBU,OPT,GBUU7 P14600,2027-09-03,P,1.46,0.112100000,3,
2026-08-10,GBU,OPT,GBUU7 P14700,2027-09-03,P,1.47,0.120600000,3,
2026-08-10,GBU,OPT,GBUU7 P14800,2027-09-03,P,1.48,0.129300000,3,
2026-08-10,GBU,OPT,GBUU7 P14900,2027-09-03,P,1.49,0.138200000,3,
2026-08-10,GBU,OPT,GBUU7 P15000,2027-09-03,P,1.5,0.147100000,3,
2026-08-10,GBU,OPT,GBUU7 P15100,2027-09-03,P,1.51,0.156200000,3,
2026-08-10,GBU,OPT,GBUU7 P15200,2027-09-03,P,1.52,0.165400000,3,
2026-08-10,GBU,OPT,GBUU7 P15300,2027-09-03,P,1.53,0.174700000,3,
2026-08-10,GBU,OPT,GBUU7 P15400,2027-09-03,P,1.54,0.184000000,3,
2026-08-10,GBU,OPT,GBUU7 P15500,2027-09-03,P,1.55,0.193400000,3,
2026-08-10,GBU,OPT,GBUU7 P15600,2027-09-03,P,1.56,0.202800000,3,
2026-08-10,GBU,OPT,GBUU7 P15700,2027-09-03,P,1.57,0.212300000,3,
2026-08-10,GBU,OPT,GBUZ7 C11100,2027-12-03,C,1.11,0.230200000,3,
2026-08-10,GBU,OPT,GBUZ7 C11200,2027-12-03,C,1.12,0.221100000,3,
2026-08-10,GBU,OPT,GBUZ7 C11300,2027-12-03,C,1.13,0.212000000,3,
2026-08-10,GBU,OPT,GBUZ7 C11400,2027-12-03,C,1.14,0.203000000,3,
2026-08-10,GBU,OPT,GBUZ7 C11500,2027-12-03,C,1.15,0.194100000,3,
2026-08-10,GBU,OPT,GBUZ7 C11600,2027-12-03,C,1.16,0.185200000,3,
2026-08-10,GBU,OPT,GBUZ7 C11700,2027-12-03,C,1.17,0.176400000,3,
2026-08-10,GBU,OPT,GBUZ7 C11800,2027-12-03,C,1.18,0.167600000,3,
2026-08-10,GBU,OPT,GBUZ7 C11900,2027-12-03,C,1.19,0.158900000,3,
2026-08-10,GBU,OPT,GBUZ7 C12000,2027-12-03,C,1.2,0.150200000,3,
2026-08-10,GBU,OPT,GBUZ7 C12100,2027-12-03,C,1.21,0.141700000,3,
2026-08-10,GBU,OPT,GBUZ7 C12200,2027-12-03,C,1.22,0.133200000,3,
2026-08-10,GBU,OPT,GBUZ7 C12300,2027-12-03,C,1.23,0.124900000,3,
2026-08-10,GBU,OPT,GBUZ7 C12400,2027-12-03,C,1.24,0.116700000,3,
2026-08-10,GBU,OPT,GBUZ7 C12500,2027-12-03,C,1.25,0.108600000,3,
2026-08-10,GBU,OPT,GBUZ7 C12550,2027-12-03,C,1.255,0.104700000,3,
2026-08-10,GBU,OPT,GBUZ7 C12600,2027-12-03,C,1.26,0.100800000,3,
2026-08-10,GBU,OPT,GBUZ7 C12650,2027-12-03,C,1.265,0.096900000,3,
2026-08-10,GBU,OPT,GBUZ7 C12700,2027-12-03,C,1.27,0.093100000,3,
2026-08-10,GBU,OPT,GBUZ7 C12750,2027-12-03,C,1.275,0.089300000,3,
2026-08-10,GBU,OPT,GBUZ7 C12800,2027-12-03,C,1.28,0.085600000,3,
2026-08-10,GBU,OPT,GBUZ7 C12850,2027-12-03,C,1.285,0.082000000,3,
2026-08-10,GBU,OPT,GBUZ7 C12900,2027-12-03,C,1.29,0.078400000,3,
2026-08-10,GBU,OPT,GBUZ7 C12950,2027-12-03,C,1.295,0.074900000,3,
2026-08-10,GBU,OPT,GBUZ7 C13000,2027-12-03,C,1.3,0.071400000,3,
2026-08-10,GBU,OPT,GBUZ7 C13050,2027-12-03,C,1.305,0.068000000,3,
2026-08-10,GBU,OPT,GBUZ7 C13100,2027-12-03,C,1.31,0.064700000,3,
2026-08-10,GBU,OPT,GBUZ7 C13150,2027-12-03,C,1.315,0.061400000,3,
2026-08-10,GBU,OPT,GBUZ7 C13200,2027-12-03,C,1.32,0.058200000,3,
2026-08-10,GBU,OPT,GBUZ7 C13250,2027-12-03,C,1.325,0.055100000,3,
2026-08-10,GBU,OPT,GBUZ7 C13300,2027-12-03,C,1.33,0.052200000,3,
2026-08-10,GBU,OPT,GBUZ7 C13350,2027-12-03,C,1.335,0.049300000,3,
2026-08-10,GBU,OPT,GBUZ7 C13400,2027-12-03,C,1.34,0.046500000,3,
2026-08-10,GBU,OPT,GBUZ7 C13450,2027-12-03,C,1.345,0.043800000,3,
2026-08-10,GBU,OPT,GBUZ7 C13500,2027-12-03,C,1.35,0.041200000,3,
2026-08-10,GBU,OPT,GBUZ7 C13550,2027-12-03,C,1.355,0.038700000,3,
2026-08-10,GBU,OPT,GBUZ7 C13600,2027-12-03,C,1.36,0.036400000,3,
2026-08-10,GBU,OPT,GBUZ7 C13650,2027-12-03,C,1.365,0.034100000,3,
2026-08-10,GBU,OPT,GBUZ7 C13700,2027-12-03,C,1.37,0.031900000,3,
2026-08-10,GBU,OPT,GBUZ7 C13750,2027-12-03,C,1.375,0.029900000,3,
2026-08-10,GBU,OPT,GBUZ7 C13800,2027-12-03,C,1.38,0.028000000,3,
2026-08-10,GBU,OPT,GBUZ7 C13850,2027-12-03,C,1.385,0.026200000,3,
2026-08-10,GBU,OPT,GBUZ7 C13900,2027-12-03,C,1.39,0.024400000,3,
2026-08-10,GBU,OPT,GBUZ7 C13950,2027-12-03,C,1.395,0.022800000,3,
2026-08-10,GBU,OPT,GBUZ7 C14000,2027-12-03,C,1.4,0.021300000,3,
2026-08-10,GBU,OPT,GBUZ7 C14050,2027-12-03,C,1.405,0.019800000,3,
2026-08-10,GBU,OPT,GBUZ7 C14100,2027-12-03,C,1.41,0.018500000,3,
2026-08-10,GBU,OPT,GBUZ7 C14150,2027-12-03,C,1.415,0.017200000,3,
2026-08-10,GBU,OPT,GBUZ7 C14200,2027-12-03,C,1.42,0.016000000,3,
2026-08-10,GBU,OPT,GBUZ7 C14250,2027-12-03,C,1.425,0.014900000,3,
2026-08-10,GBU,OPT,GBUZ7 C14300,2027-12-03,C,1.43,0.013900000,3,
2026-08-10,GBU,OPT,GBUZ7 C14400,2027-12-03,C,1.44,0.012000000,3,
2026-08-10,GBU,OPT,GBUZ7 C14500,2027-12-03,C,1.45,0.010400000,3,
2026-08-10,GBU,OPT,GBUZ7 C14600,2027-12-03,C,1.46,0.008900000,3,
2026-08-10,GBU,OPT,GBUZ7 C14700,2027-12-03,C,1.47,0.007700000,3,
2026-08-10,GBU,OPT,GBUZ7 C14800,2027-12-03,C,1.48,0.006600000,3,
2026-08-10,GBU,OPT,GBUZ7 C14900,2027-12-03,C,1.49,0.005700000,3,
2026-08-10,GBU,OPT,GBUZ7 C15000,2027-12-03,C,1.5,0.005000000,3,
2026-08-10,GBU,OPT,GBUZ7 C15100,2027-12-03,C,1.51,0.004400000,3,
2026-08-10,GBU,OPT,GBUZ7 C15200,2027-12-03,C,1.52,0.003800000,3,
2026-08-10,GBU,OPT,GBUZ7 C15300,2027-12-03,C,1.53,0.003200000,3,
2026-08-10,GBU,OPT,GBUZ7 C15400,2027-12-03,C,1.54,0.002700000,3,
2026-08-10,GBU,OPT,GBUZ7 C15500,2027-12-03,C,1.55,0.002200000,3,
2026-08-10,GBU,OPT,GBUZ7 C15600,2027-12-03,C,1.56,0.001800000,3,
2026-08-10,GBU,OPT,GBUZ7 C15700,2027-12-03,C,1.57,0.001500000,3,
2026-08-10,GBU,OPT,GBUZ7 P11100,2027-12-03,P,1.11,0.003100000,3,
2026-08-10,GBU,OPT,GBUZ7 P11200,2027-12-03,P,1.12,0.003500000,3,
2026-08-10,GBU,OPT,GBUZ7 P11300,2027-12-03,P,1.13,0.004000000,3,50
2026-08-10,GBU,OPT,GBUZ7 P11400,2027-12-03,P,1.14,0.004500000,3,
2026-08-10,GBU,OPT,GBUZ7 P11500,2027-12-03,P,1.15,0.005000000,3,
2026-08-10,GBU,OPT,GBUZ7 P11600,2027-12-03,P,1.16,0.005600000,3,
2026-08-10,GBU,OPT,GBUZ7 P11700,2027-12-03,P,1.17,0.006300000,3,
2026-08-10,GBU,OPT,GBUZ7 P11800,2027-12-03,P,1.18,0.007000000,3,
2026-08-10,GBU,OPT,GBUZ7 P11900,2027-12-03,P,1.19,0.007800000,3,
2026-08-10,GBU,OPT,GBUZ7 P12000,2027-12-03,P,1.2,0.008600000,3,
2026-08-10,GBU,OPT,GBUZ7 P12100,2027-12-03,P,1.21,0.009500000,3,
2026-08-10,GBU,OPT,GBUZ7 P12200,2027-12-03,P,1.22,0.010600000,3,
2026-08-10,GBU,OPT,GBUZ7 P12300,2027-12-03,P,1.23,0.011700000,3,
2026-08-10,GBU,OPT,GBUZ7 P12400,2027-12-03,P,1.24,0.013000000,3,
2026-08-10,GBU,OPT,GBUZ7 P12500,2027-12-03,P,1.25,0.014500000,3,
2026-08-10,GBU,OPT,GBUZ7 P12550,2027-12-03,P,1.255,0.015300000,3,
2026-08-10,GBU,OPT,GBUZ7 P12600,2027-12-03,P,1.26,0.016100000,3,
2026-08-10,GBU,OPT,GBUZ7 P12650,2027-12-03,P,1.265,0.017000000,3,
2026-08-10,GBU,OPT,GBUZ7 P12700,2027-12-03,P,1.27,0.017900000,3,
2026-08-10,GBU,OPT,GBUZ7 P12750,2027-12-03,P,1.275,0.018900000,3,
2026-08-10,GBU,OPT,GBUZ7 P12800,2027-12-03,P,1.28,0.019900000,3,
2026-08-10,GBU,OPT,GBUZ7 P12850,2027-12-03,P,1.285,0.021000000,3,
2026-08-10,GBU,OPT,GBUZ7 P12900,2027-12-03,P,1.29,0.022200000,3,
2026-08-10,GBU,OPT,GBUZ7 P12950,2027-12-03,P,1.295,0.023400000,3,
2026-08-10,GBU,OPT,GBUZ7 P13000,2027-12-03,P,1.3,0.024700000,3,
2026-08-10,GBU,OPT,GBUZ7 P13050,2027-12-03,P,1.305,0.026000000,3,
2026-08-10,GBU,OPT,GBUZ7 P13100,2027-12-03,P,1.31,0.027400000,3,
2026-08-10,GBU,OPT,GBUZ7 P13150,2027-12-03,P,1.315,0.028900000,3,
2026-08-10,GBU,OPT,GBUZ7 P13200,2027-12-03,P,1.32,0.030500000,3,
2026-08-10,GBU,OPT,GBUZ7 P13250,2027-12-03,P,1.325,0.032200000,3,
2026-08-10,GBU,OPT,GBUZ7 P13300,2027-12-03,P,1.33,0.033900000,3,
2026-08-10,GBU,OPT,GBUZ7 P13350,2027-12-03,P,1.335,0.035800000,3,
2026-08-10,GBU,OPT,GBUZ7 P13400,2027-12-03,P,1.34,0.037700000,3,
2026-08-10,GBU,OPT,GBUZ7 P13450,2027-12-03,P,1.345,0.039800000,3,
2026-08-10,GBU,OPT,GBUZ7 P13500,2027-12-03,P,1.35,0.042000000,3,
2026-08-10,GBU,OPT,GBUZ7 P13550,2027-12-03,P,1.355,0.044200000,3,
2026-08-10,GBU,OPT,GBUZ7 P13600,2027-12-03,P,1.36,0.046600000,3,
2026-08-10,GBU,OPT,GBUZ7 P13650,2027-12-03,P,1.365,0.049100000,3,
2026-08-10,GBU,OPT,GBUZ7 P13700,2027-12-03,P,1.37,0.051700000,3,
2026-08-10,GBU,OPT,GBUZ7 P13750,2027-12-03,P,1.375,0.054400000,3,
2026-08-10,GBU,OPT,GBUZ7 P13800,2027-12-03,P,1.38,0.057200000,3,
2026-08-10,GBU,OPT,GBUZ7 P13850,2027-12-03,P,1.385,0.060100000,3,
2026-08-10,GBU,OPT,GBUZ7 P13900,2027-12-03,P,1.39,0.063200000,3,
2026-08-10,GBU,OPT,GBUZ7 P13950,2027-12-03,P,1.395,0.066300000,3,
2026-08-10,GBU,OPT,GBUZ7 P14000,2027-12-03,P,1.4,0.069500000,3,
2026-08-10,GBU,OPT,GBUZ7 P14050,2027-12-03,P,1.405,0.072800000,3,
2026-08-10,GBU,OPT,GBUZ7 P14100,2027-12-03,P,1.41,0.076200000,3,
2026-08-10,GBU,OPT,GBUZ7 P14150,2027-12-03,P,1.415,0.079700000,3,
2026-08-10,GBU,OPT,GBUZ7 P14200,2027-12-03,P,1.42,0.083200000,3,
2026-08-10,GBU,OPT,GBUZ7 P14250,2027-12-03,P,1.425,0.086900000,3,
2026-08-10,GBU,OPT,GBUZ7 P14300,2027-12-03,P,1.43,0.090600000,3,
2026-08-10,GBU,OPT,GBUZ7 P14400,2027-12-03,P,1.44,0.098200000,3,
2026-08-10,GBU,OPT,GBUZ7 P14500,2027-12-03,P,1.45,0.106000000,3,
2026-08-10,GBU,OPT,GBUZ7 P14600,2027-12-03,P,1.46,0.114100000,3,
2026-08-10,GBU,OPT,GBUZ7 P14700,2027-12-03,P,1.47,0.122400000,3,
2026-08-10,GBU,OPT,GBUZ7 P14800,2027-12-03,P,1.48,0.130800000,3,
2026-08-10,GBU,OPT,GBUZ7 P14900,2027-12-03,P,1.49,0.139400000,3,
2026-08-10,GBU,OPT,GBUZ7 P15000,2027-12-03,P,1.5,0.148100000,3,
2026-08-10,GBU,OPT,GBUZ7 P15100,2027-12-03,P,1.51,0.157000000,3,
2026-08-10,GBU,OPT,GBUZ7 P15200,2027-12-03,P,1.52,0.165900000,3,
2026-08-10,GBU,OPT,GBUZ7 P15300,2027-12-03,P,1.53,0.174800000,3,
2026-08-10,GBU,OPT,GBUZ7 P15400,2027-12-03,P,1.54,0.183800000,3,
2026-08-10,GBU,OPT,GBUZ7 P15500,2027-12-03,P,1.55,0.192800000,3,
2026-08-10,GBU,OPT,GBUZ7 P15600,2027-12-03,P,1.56,0.201900000,3,
2026-08-10,GBU,OPT,GBUZ7 P15700,2027-12-03,P,1.57,0.211100000,3,
2026-08-10,GBU,OPT,GBUH8 C11100,2028-03-03,C,1.11,0.228700000,3,
2026-08-10,GBU,OPT,GBUH8 C11200,2028-03-03,C,1.12,0.219800000,3,
2026-08-10,GBU,OPT,GBUH8 C11300,2028-03-03,C,1.13,0.211000000,3,
2026-08-10,GBU,OPT,GBUH8 C11400,2028-03-03,C,1.14,0.202200000,3,
2026-08-10,GBU,OPT,GBUH8 C11500,2028-03-03,C,1.15,0.193500000,3,
2026-08-10,GBU,OPT,GBUH8 C11600,2028-03-03,C,1.16,0.184900000,3,
2026-08-10,GBU,OPT,GBUH8 C11700,2028-03-03,C,1.17,0.176300000,3,
2026-08-10,GBU,OPT,GBUH8 C11800,2028-03-03,C,1.18,0.167700000,3,
2026-08-10,GBU,OPT,GBUH8 C11900,2028-03-03,C,1.19,0.159200000,3,
2026-08-10,GBU,OPT,GBUH8 C12000,2028-03-03,C,1.2,0.150800000,3,
2026-08-10,GBU,OPT,GBUH8 C12100,2028-03-03,C,1.21,0.142400000,3,
2026-08-10,GBU,OPT,GBUH8 C12200,2028-03-03,C,1.22,0.134200000,3,
2026-08-10,GBU,OPT,GBUH8 C12300,2028-03-03,C,1.23,0.126100000,3,
2026-08-10,GBU,OPT,GBUH8 C12400,2028-03-03,C,1.24,0.118100000,3,
2026-08-10,GBU,OPT,GBUH8 C12500,2028-03-03,C,1.25,0.110200000,3,
2026-08-10,GBU,OPT,GBUH8 C12550,2028-03-03,C,1.255,0.106400000,3,
2026-08-10,GBU,OPT,GBUH8 C12600,2028-03-03,C,1.26,0.102600000,3,
2026-08-10,GBU,OPT,GBUH8 C12650,2028-03-03,C,1.265,0.098800000,3,
2026-08-10,GBU,OPT,GBUH8 C12700,2028-03-03,C,1.27,0.095100000,3,
2026-08-10,GBU,OPT,GBUH8 C12750,2028-03-03,C,1.275,0.091400000,3,
2026-08-10,GBU,OPT,GBUH8 C12800,2028-03-03,C,1.28,0.087800000,3,
2026-08-10,GBU,OPT,GBUH8 C12850,2028-03-03,C,1.285,0.084200000,3,
2026-08-10,GBU,OPT,GBUH8 C12900,2028-03-03,C,1.29,0.080700000,3,
2026-08-10,GBU,OPT,GBUH8 C12950,2028-03-03,C,1.295,0.077300000,3,
2026-08-10,GBU,OPT,GBUH8 C13000,2028-03-03,C,1.3,0.073900000,3,
2026-08-10,GBU,OPT,GBUH8 C13050,2028-03-03,C,1.305,0.070600000,3,
2026-08-10,GBU,OPT,GBUH8 C13100,2028-03-03,C,1.31,0.067300000,3,
2026-08-10,GBU,OPT,GBUH8 C13150,2028-03-03,C,1.315,0.064100000,3,
2026-08-10,GBU,OPT,GBUH8 C13200,2028-03-03,C,1.32,0.061000000,3,
2026-08-10,GBU,OPT,GBUH8 C13250,2028-03-03,C,1.325,0.058000000,3,
2026-08-10,GBU,OPT,GBUH8 C13300,2028-03-03,C,1.33,0.055000000,3,
2026-08-10,GBU,OPT,GBUH8 C13350,2028-03-03,C,1.335,0.052200000,3,
2026-08-10,GBU,OPT,GBUH8 C13400,2028-03-03,C,1.34,0.049400000,3,
2026-08-10,GBU,OPT,GBUH8 C13450,2028-03-03,C,1.345,0.046700000,3,
2026-08-10,GBU,OPT,GBUH8 C13500,2028-03-03,C,1.35,0.044200000,3,
2026-08-10,GBU,OPT,GBUH8 C13550,2028-03-03,C,1.355,0.041700000,3,
2026-08-10,GBU,OPT,GBUH8 C13600,2028-03-03,C,1.36,0.039400000,3,
2026-08-10,GBU,OPT,GBUH8 C13650,2028-03-03,C,1.365,0.037100000,3,
2026-08-10,GBU,OPT,GBUH8 C13700,2028-03-03,C,1.37,0.035000000,3,
2026-08-10,GBU,OPT,GBUH8 C13750,2028-03-03,C,1.375,0.032900000,3,
2026-08-10,GBU,OPT,GBUH8 C13800,2028-03-03,C,1.38,0.031000000,3,
2026-08-10,GBU,OPT,GBUH8 C13850,2028-03-03,C,1.385,0.029100000,3,
2026-08-10,GBU,OPT,GBUH8 C13900,2028-03-03,C,1.39,0.027400000,3,
2026-08-10,GBU,OPT,GBUH8 C13950,2028-03-03,C,1.395,0.025700000,3,
2026-08-10,GBU,OPT,GBUH8 C14000,2028-03-03,C,1.4,0.024200000,3,
2026-08-10,GBU,OPT,GBUH8 C14100,2028-03-03,C,1.41,0.021300000,3,
2026-08-10,GBU,OPT,GBUH8 C14200,2028-03-03,C,1.42,0.018700000,3,
2026-08-10,GBU,OPT,GBUH8 C14300,2028-03-03,C,1.43,0.016500000,3,
2026-08-10,GBU,OPT,GBUH8 C14400,2028-03-03,C,1.44,0.014500000,3,
2026-08-10,GBU,OPT,GBUH8 C14500,2028-03-03,C,1.45,0.012700000,3,
2026-08-10,GBU,OPT,GBUH8 C14600,2028-03-03,C,1.46,0.011100000,3,
2026-08-10,GBU,OPT,GBUH8 C14700,2028-03-03,C,1.47,0.009700000,3,
2026-08-10,GBU,OPT,GBUH8 C14800,2028-03-03,C,1.48,0.008500000,3,
2026-08-10,GBU,OPT,GBUH8 C14900,2028-03-03,C,1.49,0.007500000,3,
2026-08-10,GBU,OPT,GBUH8 C15000,2028-03-03,C,1.5,0.006700000,3,
2026-08-10,GBU,OPT,GBUH8 C15100,2028-03-03,C,1.51,0.005900000,3,
2026-08-10,GBU,OPT,GBUH8 C15200,2028-03-03,C,1.52,0.005300000,3,
2026-08-10,GBU,OPT,GBUH8 C15300,2028-03-03,C,1.53,0.004700000,3,
2026-08-10,GBU,OPT,GBUH8 C15400,2028-03-03,C,1.54,0.004200000,3,
2026-08-10,GBU,OPT,GBUH8 C15500,2028-03-03,C,1.55,0.003700000,3,
2026-08-10,GBU,OPT,GBUH8 P11100,2028-03-03,P,1.11,0.004600000,3,
2026-08-10,GBU,OPT,GBUH8 P11200,2028-03-03,P,1.12,0.005100000,3,
2026-08-10,GBU,OPT,GBUH8 P11300,2028-03-03,P,1.13,0.005600000,3,
2026-08-10,GBU,OPT,GBUH8 P11400,2028-03-03,P,1.14,0.006300000,3,
2026-08-10,GBU,OPT,GBUH8 P11500,2028-03-03,P,1.15,0.007000000,3,
2026-08-10,GBU,OPT,GBUH8 P11600,2028-03-03,P,1.16,0.007700000,3,
2026-08-10,GBU,OPT,GBUH8 P11700,2028-03-03,P,1.17,0.008600000,3,
2026-08-10,GBU,OPT,GBUH8 P11800,2028-03-03,P,1.18,0.009400000,3,
2026-08-10,GBU,OPT,GBUH8 P11900,2028-03-03,P,1.19,0.010300000,3,
2026-08-10,GBU,OPT,GBUH8 P12000,2028-03-03,P,1.2,0.011200000,3,
2026-08-10,GBU,OPT,GBUH8 P12100,2028-03-03,P,1.21,0.012300000,3,
2026-08-10,GBU,OPT,GBUH8 P12200,2028-03-03,P,1.22,0.013400000,3,
2026-08-10,GBU,OPT,GBUH8 P12300,2028-03-03,P,1.23,0.014700000,3,
2026-08-10,GBU,OPT,GBUH8 P12400,2028-03-03,P,1.24,0.016100000,3,
2026-08-10,GBU,OPT,GBUH8 P12500,2028-03-03,P,1.25,0.017700000,3,
2026-08-10,GBU,OPT,GBUH8 P12550,2028-03-03,P,1.255,0.018500000,3,
2026-08-10,GBU,OPT,GBUH8 P12600,2028-03-03,P,1.26,0.019400000,3,
2026-08-10,GBU,OPT,GBUH8 P12650,2028-03-03,P,1.265,0.020300000,3,
2026-08-10,GBU,OPT,GBUH8 P12700,2028-03-03,P,1.27,0.021300000,3,
2026-08-10,GBU,OPT,GBUH8 P12750,2028-03-03,P,1.275,0.022300000,3,
2026-08-10,GBU,OPT,GBUH8 P12800,2028-03-03,P,1.28,0.023400000,3,
2026-08-10,GBU,OPT,GBUH8 P12850,2028-03-03,P,1.285,0.024600000,3,
2026-08-10,GBU,OPT,GBUH8 P12900,2028-03-03,P,1.29,0.025800000,3,
2026-08-10,GBU,OPT,GBUH8 P12950,2028-03-03,P,1.295,0.027000000,3,
2026-08-10,GBU,OPT,GBUH8 P13000,2028-03-03,P,1.3,0.028300000,3,
2026-08-10,GBU,OPT,GBUH8 P13050,2028-03-03,P,1.305,0.029700000,3,
2026-08-10,GBU,OPT,GBUH8 P13100,2028-03-03,P,1.31,0.031100000,3,
2026-08-10,GBU,OPT,GBUH8 P13150,2028-03-03,P,1.315,0.032600000,3,
2026-08-10,GBU,OPT,GBUH8 P13200,2028-03-03,P,1.32,0.034200000,3,
2026-08-10,GBU,OPT,GBUH8 P13250,2028-03-03,P,1.325,0.035900000,3,
2026-08-10,GBU,OPT,GBUH8 P13300,2028-03-03,P,1.33,0.037600000,3,
2026-08-10,GBU,OPT,GBUH8 P13350,2028-03-03,P,1.335,0.039500000,3,
2026-08-10,GBU,OPT,GBUH8 P13400,2028-03-03,P,1.34,0.041400000,3,
2026-08-10,GBU,OPT,GBUH8 P13450,2028-03-03,P,1.345,0.043400000,3,
2026-08-10,GBU,OPT,GBUH8 P13500,2028-03-03,P,1.35,0.045600000,3,
2026-08-10,GBU,OPT,GBUH8 P13550,2028-03-03,P,1.355,0.047800000,3,
2026-08-10,GBU,OPT,GBUH8 P13600,2028-03-03,P,1.36,0.050200000,3,
2026-08-10,GBU,OPT,GBUH8 P13650,2028-03-03,P,1.365,0.052600000,3,
2026-08-10,GBU,OPT,GBUH8 P13700,2028-03-03,P,1.37,0.055200000,3,
2026-08-10,GBU,OPT,GBUH8 P13750,2028-03-03,P,1.375,0.057800000,3,
2026-08-10,GBU,OPT,GBUH8 P13800,2028-03-03,P,1.38,0.060600000,3,
2026-08-10,GBU,OPT,GBUH8 P13850,2028-03-03,P,1.385,0.063400000,3,
2026-08-10,GBU,OPT,GBUH8 P13900,2028-03-03,P,1.39,0.066400000,3,
2026-08-10,GBU,OPT,GBUH8 P13950,2028-03-03,P,1.395,0.069400000,3,
2026-08-10,GBU,OPT,GBUH8 P14000,2028-03-03,P,1.4,0.072600000,3,
2026-08-10,GBU,OPT,GBUH8 P14100,2028-03-03,P,1.41,0.079100000,3,
2026-08-10,GBU,OPT,GBUH8 P14200,2028-03-03,P,1.42,0.085900000,3,
2026-08-10,GBU,OPT,GBUH8 P14300,2028-03-03,P,1.43,0.093000000,3,
2026-08-10,GBU,OPT,GBUH8 P14400,2028-03-03,P,1.44,0.100400000,3,
2026-08-10,GBU,OPT,GBUH8 P14500,2028-03-03,P,1.45,0.108100000,3,
2026-08-10,GBU,OPT,GBUH8 P14600,2028-03-03,P,1.46,0.115900000,3,
2026-08-10,GBU,OPT,GBUH8 P14700,2028-03-03,P,1.47,0.123900000,3,
2026-08-10,GBU,OPT,GBUH8 P14800,2028-03-03,P,1.48,0.132100000,3,
2026-08-10,GBU,OPT,GBUH8 P14900,2028-03-03,P,1.49,0.140500000,3,
2026-08-10,GBU,OPT,GBUH8 P15000,2028-03-03,P,1.5,0.149000000,3,
2026-08-10,GBU,OPT,GBUH8 P15100,2028-03-03,P,1.51,0.157700000,3,
2026-08-10,GBU,OPT,GBUH8 P15200,2028-03-03,P,1.52,0.166400000,3,
2026-08-10,GBU,OPT,GBUH8 P15300,2028-03-03,P,1.53,0.175300000,3,
2026-08-10,GBU,OPT,GBUH8 P15400,2028-03-03,P,1.54,0.184200000,3,
2026-08-10,GBU,OPT,GBUH8 P15500,2028-03-03,P,1.55,0.193100000,3,
2026-08-10,GBU,OPT,GBUM8 C11200,2028-06-09,C,1.12,0.219200000,3,
2026-08-10,GBU,OPT,GBUM8 C11300,2028-06-09,C,1.13,0.210500000,3,
2026-08-10,GBU,OPT,GBUM8 C11400,2028-06-09,C,1.14,0.201900000,3,
2026-08-10,GBU,OPT,GBUM8 C11500,2028-06-09,C,1.15,0.193300000,3,
2026-08-10,GBU,OPT,GBUM8 C11600,2028-06-09,C,1.16,0.184800000,3,
2026-08-10,GBU,OPT,GBUM8 C11700,2028-06-09,C,1.17,0.176300000,3,
2026-08-10,GBU,OPT,GBUM8 C11800,2028-06-09,C,1.18,0.168000000,3,
2026-08-10,GBU,OPT,GBUM8 C11900,2028-06-09,C,1.19,0.159700000,3,
2026-08-10,GBU,OPT,GBUM8 C12000,2028-06-09,C,1.2,0.151400000,3,
2026-08-10,GBU,OPT,GBUM8 C12100,2028-06-09,C,1.21,0.143300000,3,
2026-08-10,GBU,OPT,GBUM8 C12200,2028-06-09,C,1.22,0.135200000,3,
2026-08-10,GBU,OPT,GBUM8 C12300,2028-06-09,C,1.23,0.127300000,3,
2026-08-10,GBU,OPT,GBUM8 C12400,2028-06-09,C,1.24,0.119500000,3,
2026-08-10,GBU,OPT,GBUM8 C12500,2028-06-09,C,1.25,0.111800000,3,
2026-08-10,GBU,OPT,GBUM8 C12600,2028-06-09,C,1.26,0.104300000,3,
2026-08-10,GBU,OPT,GBUM8 C12650,2028-06-09,C,1.265,0.100700000,3,
2026-08-10,GBU,OPT,GBUM8 C12700,2028-06-09,C,1.27,0.097000000,3,
2026-08-10,GBU,OPT,GBUM8 C12750,2028-06-09,C,1.275,0.093500000,3,
2026-08-10,GBU,OPT,GBUM8 C12800,2028-06-09,C,1.28,0.089900000,3,
2026-08-10,GBU,OPT,GBUM8 C12850,2028-06-09,C,1.285,0.086400000,3,
2026-08-10,GBU,OPT,GBUM8 C12900,2028-06-09,C,1.29,0.083000000,3,
2026-08-10,GBU,OPT,GBUM8 C12950,2028-06-09,C,1.295,0.079600000,3,
2026-08-10,GBU,OPT,GBUM8 C13000,2028-06-09,C,1.3,0.076300000,3,
2026-08-10,GBU,OPT,GBUM8 C13050,2028-06-09,C,1.305,0.073000000,3,
2026-08-10,GBU,OPT,GBUM8 C13100,2028-06-09,C,1.31,0.069800000,3,
2026-08-10,GBU,OPT,GBUM8 C13150,2028-06-09,C,1.315,0.066700000,3,
2026-08-10,GBU,OPT,GBUM8 C13200,2028-06-09,C,1.32,0.063600000,3,
2026-08-10,GBU,OPT,GBUM8 C13250,2028-06-09,C,1.325,0.060600000,3,
2026-08-10,GBU,OPT,GBUM8 C13300,2028-06-09,C,1.33,0.057700000,3,
2026-08-10,GBU,OPT,GBUM8 C13350,2028-06-09,C,1.335,0.054900000,3,
2026-08-10,GBU,OPT,GBUM8 C13400,2028-06-09,C,1.34,0.052200000,3,
2026-08-10,GBU,OPT,GBUM8 C13450,2028-06-09,C,1.345,0.049600000,3,
2026-08-10,GBU,OPT,GBUM8 C13500,2028-06-09,C,1.35,0.047000000,3,
2026-08-10,GBU,OPT,GBUM8 C13550,2028-06-09,C,1.355,0.044600000,3,
2026-08-10,GBU,OPT,GBUM8 C13600,2028-06-09,C,1.36,0.042200000,3,
2026-08-10,GBU,OPT,GBUM8 C13650,2028-06-09,C,1.365,0.040000000,3,
2026-08-10,GBU,OPT,GBUM8 C13700,2028-06-09,C,1.37,0.037900000,3,
2026-08-10,GBU,OPT,GBUM8 C13750,2028-06-09,C,1.375,0.035800000,3,
2026-08-10,GBU,OPT,GBUM8 C13800,2028-06-09,C,1.38,0.033900000,3,
2026-08-10,GBU,OPT,GBUM8 C13850,2028-06-09,C,1.385,0.032000000,3,
2026-08-10,GBU,OPT,GBUM8 C13900,2028-06-09,C,1.39,0.030200000,3,
2026-08-10,GBU,OPT,GBUM8 C13950,2028-06-09,C,1.395,0.028500000,3,
2026-08-10,GBU,OPT,GBUM8 C14000,2028-06-09,C,1.4,0.027000000,3,
2026-08-10,GBU,OPT,GBUM8 C14100,2028-06-09,C,1.41,0.024000000,3,
2026-08-10,GBU,OPT,GBUM8 C14200,2028-06-09,C,1.42,0.021400000,3,
2026-08-10,GBU,OPT,GBUM8 C14300,2028-06-09,C,1.43,0.019000000,3,
2026-08-10,GBU,OPT,GBUM8 C14400,2028-06-09,C,1.44,0.016900000,3,
2026-08-10,GBU,OPT,GBUM8 C14500,2028-06-09,C,1.45,0.015100000,3,
2026-08-10,GBU,OPT,GBUM8 C14600,2028-06-09,C,1.46,0.013400000,3,
2026-08-10,GBU,OPT,GBUM8 C14700,2028-06-09,C,1.47,0.011900000,3,
2026-08-10,GBU,OPT,GBUM8 C14800,2028-06-09,C,1.48,0.010600000,3,
2026-08-10,GBU,OPT,GBUM8 C14900,2028-06-09,C,1.49,0.009400000,3,
2026-08-10,GBU,OPT,GBUM8 C15000,2028-06-09,C,1.5,0.008500000,3,
2026-08-10,GBU,OPT,GBUM8 C15100,2028-06-09,C,1.51,0.007600000,3,
2026-08-10,GBU,OPT,GBUM8 C15200,2028-06-09,C,1.52,0.006800000,3,
2026-08-10,GBU,OPT,GBUM8 C15300,2028-06-09,C,1.53,0.006200000,3,
2026-08-10,GBU,OPT,GBUM8 C15400,2028-06-09,C,1.54,0.005600000,3,
2026-08-10,GBU,OPT,GBUM8 C15500,2028-06-09,C,1.55,0.005000000,3,
2026-08-10,GBU,OPT,GBUM8 P11200,2028-06-09,P,1.12,0.007400000,3,
2026-08-10,GBU,OPT,GBUM8 P11300,2028-06-09,P,1.13,0.008000000,3,
2026-08-10,GBU,OPT,GBUM8 P11400,2028-06-09,P,1.14,0.008700000,3,
2026-08-10,GBU,OPT,GBUM8 P11500,2028-06-09,P,1.15,0.009400000,3,
2026-08-10,GBU,OPT,GBUM8 P11600,2028-06-09,P,1.16,0.010200000,3,
2026-08-10,GBU,OPT,GBUM8 P11700,2028-06-09,P,1.17,0.011000000,3,
2026-08-10,GBU,OPT,GBUM8 P11800,2028-06-09,P,1.18,0.012000000,3,
2026-08-10,GBU,OPT,GBUM8 P11900,2028-06-09,P,1.19,0.013000000,3,
2026-08-10,GBU,OPT,GBUM8 P12000,2028-06-09,P,1.2,0.014000000,3,
2026-08-10,GBU,OPT,GBUM8 P12100,2028-06-09,P,1.21,0.015100000,3,
2026-08-10,GBU,OPT,GBUM8 P12200,2028-06-09,P,1.22,0.016400000,3,
2026-08-10,GBU,OPT,GBUM8 P12300,2028-06-09,P,1.23,0.017800000,3,
2026-08-10,GBU,OPT,GBUM8 P12400,2028-06-09,P,1.24,0.019200000,3,
2026-08-10,GBU,OPT,GBUM8 P12500,2028-06-09,P,1.25,0.020900000,3,
2026-08-10,GBU,OPT,GBUM8 P12600,2028-06-09,P,1.26,0.022700000,3,
2026-08-10,GBU,OPT,GBUM8 P12650,2028-06-09,P,1.265,0.023700000,3,
2026-08-10,GBU,OPT,GBUM8 P12700,2028-06-09,P,1.27,0.024700000,3,
2026-08-10,GBU,OPT,GBUM8 P12750,2028-06-09,P,1.275,0.025800000,3,
2026-08-10,GBU,OPT,GBUM8 P12800,2028-06-09,P,1.28,0.026900000,3,
2026-08-10,GBU,OPT,GBUM8 P12850,2028-06-09,P,1.285,0.028100000,3,
2026-08-10,GBU,OPT,GBUM8 P12900,2028-06-09,P,1.29,0.029300000,3,
2026-08-10,GBU,OPT,GBUM8 P12950,2028-06-09,P,1.295,0.030500000,3,
2026-08-10,GBU,OPT,GBUM8 P13000,2028-06-09,P,1.3,0.031900000,3,
2026-08-10,GBU,OPT,GBUM8 P13050,2028-06-09,P,1.305,0.033200000,3,
2026-08-10,GBU,OPT,GBUM8 P13100,2028-06-09,P,1.31,0.034700000,3,
2026-08-10,GBU,OPT,GBUM8 P13150,2028-06-09,P,1.315,0.036200000,3,
2026-08-10,GBU,OPT,GBUM8 P13200,2028-06-09,P,1.32,0.037800000,3,
2026-08-10,GBU,OPT,GBUM8 P13250,2028-06-09,P,1.325,0.039400000,3,
2026-08-10,GBU,OPT,GBUM8 P13300,2028-06-09,P,1.33,0.041200000,3,
2026-08-10,GBU,OPT,GBUM8 P13350,2028-06-09,P,1.335,0.043000000,3,
2026-08-10,GBU,OPT,GBUM8 P13400,2028-06-09,P,1.34,0.044900000,3,
2026-08-10,GBU,OPT,GBUM8 P13450,2028-06-09,P,1.345,0.047000000,3,
2026-08-10,GBU,OPT,GBUM8 P13500,2028-06-09,P,1.35,0.049100000,3,
2026-08-10,GBU,OPT,GBUM8 P13550,2028-06-09,P,1.355,0.051300000,3,
2026-08-10,GBU,OPT,GBUM8 P13600,2028-06-09,P,1.36,0.053600000,3,
2026-08-10,GBU,OPT,GBUM8 P13650,2028-06-09,P,1.365,0.056000000,3,
2026-08-10,GBU,OPT,GBUM8 P13700,2028-06-09,P,1.37,0.058500000,3,
2026-08-10,GBU,OPT,GBUM8 P13750,2028-06-09,P,1.375,0.061100000,3,
2026-08-10,GBU,OPT,GBUM8 P13800,2028-06-09,P,1.38,0.063800000,3,
2026-08-10,GBU,OPT,GBUM8 P13850,2028-06-09,P,1.385,0.066600000,3,
2026-08-10,GBU,OPT,GBUM8 P13900,2028-06-09,P,1.39,0.069500000,3,
2026-08-10,GBU,OPT,GBUM8 P13950,2028-06-09,P,1.395,0.072400000,3,
2026-08-10,GBU,OPT,GBUM8 P14000,2028-06-09,P,1.4,0.075500000,3,
2026-08-10,GBU,OPT,GBUM8 P14100,2028-06-09,P,1.41,0.081900000,3,
2026-08-10,GBU,OPT,GBUM8 P14200,2028-06-09,P,1.42,0.088500000,3,
2026-08-10,GBU,OPT,GBUM8 P14300,2028-06-09,P,1.43,0.095500000,3,
2026-08-10,GBU,OPT,GBUM8 P14400,2028-06-09,P,1.44,0.102700000,3,
2026-08-10,GBU,OPT,GBUM8 P14500,2028-06-09,P,1.45,0.110100000,3,
2026-08-10,GBU,OPT,GBUM8 P14600,2028-06-09,P,1.46,0.117700000,3,
2026-08-10,GBU,OPT,GBUM8 P14700,2028-06-09,P,1.47,0.125500000,3,
2026-08-10,GBU,OPT,GBUM8 P14800,2028-06-09,P,1.48,0.133500000,3,
2026-08-10,GBU,OPT,GBUM8 P14900,2028-06-09,P,1.49,0.141600000,3,
2026-08-10,GBU,OPT,GBUM8 P15000,2028-06-09,P,1.5,0.150000000,3,
2026-08-10,GBU,OPT,GBUM8 P15100,2028-06-09,P,1.51,0.158400000,3,
2026-08-10,GBU,OPT,GBUM8 P15200,2028-06-09,P,1.52,0.167000000,3,
2026-08-10,GBU,OPT,GBUM8 P15300,2028-06-09,P,1.53,0.175600000,3,
2026-08-10,GBU,OPT,GBUM8 P15400,2028-06-09,P,1.54,0.184300000,3,
2026-08-10,GBU,OPT,GBUM8 P15500,2028-06-09,P,1.55,0.193000000,3,
