session,root,type,symbol,expiry,right,strike,settle,settle_flag,oi
2026-08-24,CHU,OPT,CHUU6 C1070,2026-09-04,C,1.07,0.178700000,3,
2026-08-24,CHU,OPT,CHUU6 C1080,2026-09-04,C,1.08,0.168700000,3,
2026-08-24,CHU,OPT,CHUU6 C1090,2026-09-04,C,1.09,0.158700000,3,
2026-08-24,CHU,OPT,CHUU6 C1100,2026-09-04,C,1.1,0.148700000,3,
2026-08-24,CHU,OPT,CHUU6 C1110,2026-09-04,C,1.11,0.138700000,3,
2026-08-24,CHU,OPT,CHUU6 C1115,2026-09-04,C,1.115,0.133700000,3,
2026-08-24,CHU,OPT,CHUU6 C1120,2026-09-04,C,1.12,0.128700000,3,
2026-08-24,CHU,OPT,CHUU6 C1125,2026-09-04,C,1.125,0.123700000,3,
2026-08-24,CHU,OPT,CHUU6 C1130,2026-09-04,C,1.13,0.118700000,3,
2026-08-24,CHU,OPT,CHUU6 C1135,2026-09-04,C,1.135,0.113700000,3,
2026-08-24,CHU,OPT,CHUU6 C1140,2026-09-04,C,1.14,0.108700000,3,
2026-08-24,CHU,OPT,CHUU6 C1145,2026-09-04,C,1.145,0.103700000,3,
2026-08-24,CHU,OPT,CHUU6 C1150,2026-09-04,C,1.15,0.098700000,3,
2026-08-24,CHU,OPT,CHUU6 C1155,2026-09-04,C,1.155,0.093700000,3,
2026-08-24,CHU,OPT,CHUU6 C1160,2026-09-04,C,1.16,0.088800000,3,
2026-08-24,CHU,OPT,CHUU6 C1165,2026-09-04,C,1.165,0.083800000,3,
2026-08-24,CHU,OPT,CHUU6 C1170,2026-09-04,C,1.17,0.078800000,3,
2026-08-24,CHU,OPT,CHUU6 C1175,2026-09-04,C,1.175,0.073800000,3,
2026-08-24,CHU,OPT,CHUU6 C1180,2026-09-04,C,1.18,0.068800000,3,
2026-08-24,CHU,OPT,CHUU6 C1185,2026-09-04,C,1.185,0.063800000,3,
2026-08-24,CHU,OPT,CHUU6 C1190,2026-09-04,C,1.19,0.058800000,3,
2026-08-24,CHU,OPT,CHUU6 C1195,2026-09-04,C,1.195,0.053800000,3,
2026-08-24,CHU,OPT,CHUU6 C1200,2026-09-04,C,1.2,0.048800000,3,
2026-08-24,CHU,OPT,CHUU6 C1205,2026-09-04,C,1.205,0.043900000,3,
2026-08-24,CHU,OPT,CHUU6 C1210,2026-09-04,C,1.21,0.038900000,3,
2026-08-24,CHU,OPT,CHUU6 C1215,2026-09-04,C,1.215,0.034000000,3,
2026-08-24,CHU,OPT,CHUU6 C1220,2026-09-04,C,1.22,0.029100000,3,
2026-08-24,CHU,OPT,CHUU6 C1225,2026-09-04,C,1.225,0.024200000,3,
2026-08-24,CHU,OPT,CHUU6 C1230,2026-09-04,C,1.23,0.019500000,3,81
2026-08-24,CHU,OPT,CHUU6 C1235,2026-09-04,C,1.235,0.015300000,3,94
2026-08-24,CHU,OPT,CHUU6 C1240,2026-09-04,C,1.24,0.011500000,3,1479
2026-08-24,CHU,OPT,CHUU6 C1245,2026-09-04,C,1.245,0.008300000,3,217
2026-08-24,CHU,OPT,CHUU6 C1250,2026-09-04,C,1.25,0.005700000,3,2438
2026-08-24,CHU,OPT,CHUU6 C1255,2026-09-04,C,1.255,0.003800000,3,3820
2026-08-24,CHU,OPT,CHUU6 C1260,2026-09-04,C,1.26,0.002500000,3,89
2026-08-24,CHU,OPT,CHUU6 C1265,2026-09-04,C,1.265,0.001700000,3,14
2026-08-24,CHU,OPT,CHUU6 C1270,2026-09-04,C,1.27,0.001100000,3,456
2026-08-24,CHU,OPT,CHUU6 C1275,2026-09-04,C,1.275,0.000800000,3,1020
2026-08-24,CHU,OPT,CHUU6 C1280,2026-09-04,C,1.28,0.000500000,3,80
2026-08-24,CHU,OPT,CHUU6 C1285,2026-09-04,C,1.285,0.000300000,3,510
2026-08-24,CHU,OPT,CHUU6 C1290,2026-09-04,C,1.29,0.000200000,3,78
2026-08-24,CHU,OPT,CHUU6 C1295,2026-09-04,C,1.295,0.000150000,3,70
2026-08-24,CHU,OPT,CHUU6 C1300,2026-09-04,C,1.3,0.000100000,3,28
2026-08-24,CHU,OPT,CHUU6 C1305,2026-09-04,C,1.305,0.000050000,3,29
2026-08-24,CHU,OPT,CHUU6 C1310,2026-09-04,C,1.31,0.000050000,3,45
2026-08-24,CHU,OPT,CHUU6 C1315,2026-09-04,C,1.315,0.000050000,3,33
2026-08-24,CHU,OPT,CHUU6 C1320,2026-09-04,C,1.32,0.000050000,3,45
2026-08-24,CHU,OPT,CHUU6 C1325,2026-09-04,C,1.325,0.000050000,3,48
2026-08-24,CHU,OPT,CHUU6 C1330,2026-09-04,C,1.33,0.000050000,3,2
2026-08-24,CHU,OPT,CHUU6 C1335,2026-09-04,C,1.335,0.000050000,3,
2026-08-24,CHU,OPT,CHUU6 C1340,2026-09-04,C,1.34,0.000050000,3,
2026-08-24,CHU,OPT,CHUU6 C1345,2026-09-04,C,1.345,0.000050000,3,4
2026-08-24,CHU,OPT,CHUU6 C1350,2026-09-04,C,1.35,0.000050000,3,3
2026-08-24,CHU,OPT,CHUU6 C1355,2026-09-04,C,1.355,0.000050000,3,5
2026-08-24,CHU,OPT,CHUU6 C1360,2026-09-04,C,1.36,0.000050000,3,1
2026-08-24,CHU,OPT,CHUU6 C1365,2026-09-04,C,1.365,0.000050000,3,
2026-08-24,CHU,OPT,CHUU6 C1370,2026-09-04,C,1.37,0.000050000,3,1
2026-08-24,CHU,OPT,CHUU6 C1375,2026-09-04,C,1.375,0.000050000,3,1
2026-08-24,CHU,OPT,CHUU6 C1380,2026-09-04,C,1.38,0.000050000,3,1
2026-08-24,CHU,OPT,CHUU6 C1385,2026-09-04,C,1.385,0.000050000,3,
2026-08-24,CHU,OPT,CHUU6 C1390,2026-09-04,C,1.39,0.000050000,3,1
2026-08-24,CHU,OPT,CHUU6 C1400,2026-09-04,C,1.4,0.000050000,3,2
2026-08-24,CHU,OPT,CHUU6 C1410,2026-09-04,C,1.41,0.000050000,3,1
2026-08-24,CHU,OPT,CHUU6 C1420,2026-09-04,C,1.42,0.000050000,3,2
2026-08-24,CHU,OPT,CHUU6 C1430,2026-09-04,C,1.43,0.000050000,3,6
2026-08-24,CHU,OPT,CHUU6 P1070,2026-09-04,P,1.07,0.000050000,3,
2026-08-24,CHU,OPT,CHUU6 P1080,2026-09-04,P,1.08,0.000050000,3,
2026-08-24,CHU,OPT,CHUU6 P1090,2026-09-04,P,1.09,0.000050000,3,
2026-08-24,CHU,OPT,CHUU6 P1100,2026-09-04,P,1.1,0.000050000,3,
2026-08-24,CHU,OPT,CHUU6 P1110,2026-09-04,P,1.11,0.000050000,3,
2026-08-24,CHU,OPT,CHUU6 P1115,2026-09-04,P,1.115,0.000050000,3,
2026-08-24,CHU,OPT,CHUU6 P1120,2026-09-04,P,1.12,0.000050000,3,
2026-08-24,CHU,OPT,CHUU6 P1125,2026-09-04,P,1.125,0.000050000,3,
2026-08-24,CHU,OPT,CHUU6 P1130,2026-09-04,P,1.13,0.000050000,3,
2026-08-24,CHU,OPT,CHUU6 P1135,2026-09-04,P,1.135,0.000050000,3,5
2026-08-24,CHU,OPT,CHUU6 P1140,2026-09-04,P,1.14,0.000050000,3,1
2026-08-24,CHU,OPT,CHUU6 P1145,2026-09-04,P,1.145,0.000050000,3,
2026-08-24,CHU,OPT,CHUU6 P1150,2026-09-04,P,1.15,0.000050000,3,2
2026-08-24,CHU,OPT,CHUU6 P1155,2026-09-04,P,1.155,0.000050000,3,1
2026-08-24,CHU,OPT,CHUU6 P1160,2026-09-04,P,1.16,0.000050000,3,
2026-08-24,CHU,OPT,CHUU6 P1165,2026-09-04,P,1.165,0.000050000,3,
2026-08-24,CHU,OPT,CHUU6 P1170,2026-09-04,P,1.17,0.000050000,3,5
2026-08-24,CHU,OPT,CHUU6 P1175,2026-09-04,P,1.175,0.000050000,3,
2026-08-24,CHU,OPT,CHUU6 P1180,2026-09-04,P,1.18,0.000050000,3,9
2026-08-24,CHU,OPT,CHUU6 P1185,2026-09-04,P,1.185,0.000050000,3,
2026-08-24,CHU,OPT,CHUU6 P1190,2026-09-04,P,1.19,0.000050000,3,
2026-08-24,CHU,OPT,CHUU6 P1195,2026-09-04,P,1.195,0.000050000,3,2
2026-08-24,CHU,OPT,CHUU6 P1200,2026-09-04,P,1.2,0.000050000,3,20
2026-08-24,CHU,OPT,CHUU6 P1205,2026-09-04,P,1.205,0.000050000,3,1
2026-08-24,CHU,OPT,CHUU6 P1210,2026-09-04,P,1.21,0.000100000,3,5
2026-08-24,CHU,OPT,CHUU6 P1215,2026-09-04,P,1.215,0.000150000,3,23
2026-08-24,CHU,OPT,CHUU6 P1220,2026-09-04,P,1.22,0.000250000,3,11
2026-08-24,CHU,OPT,CHUU6 P1225,2026-09-04,P,1.225,0.000400000,3,16
2026-08-24,CHU,OPT,CHUU6 P1230,2026-09-04,P,1.23,0.000700000,3,97
2026-08-24,CHU,OPT,CHUU6 P1235,2026-09-04,P,1.235,0.001400000,3,341
2026-08-24,CHU,OPT,CHUU6 P1240,2026-09-04,P,1.24,0.002600000,3,602
2026-08-24,CHU,OPT,CHUU6 P1245,2026-09-04,P,1.245,0.004400000,3,172
2026-08-24,CHU,OPT,CHUU6 P1250,2026-09-04,P,1.25,0.006800000,3,197
2026-08-24,CHU,OPT,CHUU6 P1255,2026-09-04,P,1.255,0.009900000,3,192
2026-08-24,CHU,OPT,CHUU6 P1260,2026-09-04,P,1.26,0.013600000,3,156
2026-08-24,CHU,OPT,CHUU6 P1265,2026-09-04,P,1.265,0.017800000,3,37
2026-08-24,CHU,OPT,CHUU6 P1270,2026-09-04,P,1.27,0.022200000,3,12
2026-08-24,CHU,OPT,CHUU6 P1275,2026-09-04,P,1.275,0.026900000,3,4
2026-08-24,CHU,OPT,CHUU6 P1280,2026-09-04,P,1.28,0.031600000,3,676
2026-08-24,CHU,OPT,CHUU6 P1285,2026-09-04,P,1.285,0.036400000,3,39
2026-08-24,CHU,OPT,CHUU6 P1290,2026-09-04,P,1.29,0.041300000,3,35
2026-08-24,CHU,OPT,CHUU6 P1295,2026-09-04,P,1.295,0.046200000,3,22
2026-08-24,CHU,OPT,CHUU6 P1300,2026-09-04,P,1.3,0.051200000,3,55
2026-08-24,CHU,OPT,CHUU6 P1305,2026-09-04,P,1.305,0.056100000,3,
2026-08-24,CHU,OPT,CHUU6 P1310,2026-09-04,P,1.31,0.061100000,3,
2026-08-24,CHU,OPT,CHUU6 P1315,2026-09-04,P,1.315,0.066100000,3,
2026-08-24,CHU,OPT,CHUU6 P1320,2026-09-04,P,1.32,0.071100000,3,
2026-08-24,CHU,OPT,CHUU6 P1325,2026-09-04,P,1.325,0.076100000,3,
2026-08-24,CHU,OPT,CHUU6 P1330,2026-09-04,P,1.33,0.081100000,3,
2026-08-24,CHU,OPT,CHUU6 P1335,2026-09-04,P,1.335,0.086100000,3,
2026-08-24,CHU,OPT,CHUU6 P1340,2026-09-04,P,1.34,0.091100000,3,
2026-08-24,CHU,OPT,CHUU6 P1345,2026-09-04,P,1.345,0.096000000,3,
2026-08-24,CHU,OPT,CHUU6 P1350,2026-09-04,P,1.35,0.101000000,3,
2026-08-24,CHU,OPT,CHUU6 P1355,2026-09-04,P,1.355,0.106000000,3,
2026-08-24,CHU,OPT,CHUU6 P1360,2026-09-04,P,1.36,0.111000000,3,
2026-08-24,CHU,OPT,CHUU6 P1365,2026-09-04,P,1.365,0.116000000,3,
2026-08-24,CHU,OPT,CHUU6 P1370,2026-09-04,P,1.37,0.121000000,3,
2026-08-24,CHU,OPT,CHUU6 P1375,2026-09-04,P,1.375,0.126000000,3,
2026-08-24,CHU,OPT,CHUU6 P1380,2026-09-04,P,1.38,0.131000000,3,
2026-08-24,CHU,OPT,CHUU6 P1385,2026-09-04,P,1.385,0.136000000,3,
2026-08-24,CHU,OPT,CHUU6 P1390,2026-09-04,P,1.39,0.141000000,3,
2026-08-24,CHU,OPT,CHUU6 P1400,2026-09-04,P,1.4,0.151000000,3,
2026-08-24,CHU,OPT,CHUU6 P1410,2026-09-04,P,1.41,0.161000000,3,1
2026-08-24,CHU,OPT,CHUU6 P1420,2026-09-04,P,1.42,0.171000000,3,
2026-08-24,CHU,OPT,CHUU6 P1430,2026-09-04,P,1.43,0.181000000,3,
2026-08-24,CHU,OPT,CHUV6 C1140,2026-10-09,C,1.14,0.121000000,3,
2026-08-24,CHU,OPT,CHUV6 C1150,2026-10-09,C,1.15,0.111100000,3,
2026-08-24,CHU,OPT,CHUV6 C1160,2026-10-09,C,1.16,0.101200000,3,
2026-08-24,CHU,OPT,CHUV6 C1170,2026-10-09,C,1.17,0.091200000,3,
2026-08-24,CHU,OPT,CHUV6 C1180,2026-10-09,C,1.18,0.081300000,3,
2026-08-24,CHU,OPT,CHUV6 C1190,2026-10-09,C,1.19,0.071400000,3,
2026-08-24,CHU,OPT,CHUV6 C1195,2026-10-09,C,1.195,0.066500000,3,
2026-08-24,CHU,OPT,CHUV6 C1200,2026-10-09,C,1.2,0.061600000,3,
2026-08-24,CHU,OPT,CHUV6 C1205,2026-10-09,C,1.205,0.056800000,3,
2026-08-24,CHU,OPT,CHUV6 C1210,2026-10-09,C,1.21,0.052000000,3,
2026-08-24,CHU,OPT,CHUV6 C1215,2026-10-09,C,1.215,0.047300000,3,
2026-08-24,CHU,OPT,CHUV6 C1220,2026-10-09,C,1.22,0.042700000,3,
2026-08-24,CHU,OPT,CHUV6 C1225,2026-10-09,C,1.225,0.038100000,3,
2026-08-24,CHU,OPT,CHUV6 C1230,2026-10-09,C,1.23,0.033800000,3,
2026-08-24,CHU,OPT,CHUV6 C1235,2026-10-09,C,1.235,0.029600000,3,
2026-08-24,CHU,OPT,CHUV6 C1240,2026-10-09,C,1.24,0.025700000,3,
2026-08-24,CHU,OPT,CHUV6 C1245,2026-10-09,C,1.245,0.022100000,3,47
2026-08-24,CHU,OPT,CHUV6 C1250,2026-10-09,C,1.25,0.018700000,3,183
2026-08-24,CHU,OPT,CHUV6 C1255,2026-10-09,C,1.255,0.015800000,3,1101
2026-08-24,CHU,OPT,CHUV6 C1260,2026-10-09,C,1.26,0.013200000,3,36
2026-08-24,CHU,OPT,CHUV6 C1265,2026-10-09,C,1.265,0.010900000,3,40
2026-08-24,CHU,OPT,CHUV6 C1270,2026-10-09,C,1.27,0.009000000,3,2
2026-08-24,CHU,OPT,CHUV6 C1275,2026-10-09,C,1.275,0.007400000,3,43
2026-08-24,CHU,OPT,CHUV6 C1280,2026-10-09,C,1.28,0.006100000,3,2
2026-08-24,CHU,OPT,CHUV6 C1285,2026-10-09,C,1.285,0.005000000,3,3
2026-08-24,CHU,OPT,CHUV6 C1290,2026-10-09,C,1.29,0.004100000,3,203
2026-08-24,CHU,OPT,CHUV6 C1295,2026-10-09,C,1.295,0.003400000,3,19
2026-08-24,CHU,OPT,CHUV6 C1300,2026-10-09,C,1.3,0.002800000,3,10
2026-08-24,CHU,OPT,CHUV6 C1305,2026-10-09,C,1.305,0.002300000,3,16
2026-08-24,CHU,OPT,CHUV6 C1310,2026-10-09,C,1.31,0.001800000,3,2
2026-08-24,CHU,OPT,CHUV6 C1315,2026-10-09,C,1.315,0.001500000,3,11
2026-08-24,CHU,OPT,CHUV6 C1320,2026-10-09,C,1.32,0.001200000,3,13
2026-08-24,CHU,OPT,CHUV6 C1325,2026-10-09,C,1.325,0.001000000,3,11
2026-08-24,CHU,OPT,CHUV6 C1330,2026-10-09,C,1.33,0.000800000,3,1
2026-08-24,CHU,OPT,CHUV6 C1335,2026-10-09,C,1.335,0.000700000,3,
2026-08-24,CHU,OPT,CHUV6 C1340,2026-10-09,C,1.34,0.000600000,3,
2026-08-24,CHU,OPT,CHUV6 C1345,2026-10-09,C,1.345,0.000500000,3,
2026-08-24,CHU,OPT,CHUV6 C1350,2026-10-09,C,1.35,0.000450000,3,
2026-08-24,CHU,OPT,CHUV6 C1355,2026-10-09,C,1.355,0.000400000,3,
2026-08-24,CHU,OPT,CHUV6 C1360,2026-10-09,C,1.36,0.000350000,3,2
2026-08-24,CHU,OPT,CHUV6 C1365,2026-10-09,C,1.365,0.000300000,3,
2026-08-24,CHU,OPT,CHUV6 C1370,2026-10-09,C,1.37,0.000250000,3,
2026-08-24,CHU,OPT,CHUV6 C1375,2026-10-09,C,1.375,0.000200000,3,
2026-08-24,CHU,OPT,CHUV6 C1380,2026-10-09,C,1.38,0.000200000,3,245
2026-08-24,CHU,OPT,CHUV6 C1385,2026-10-09,C,1.385,0.000150000,3,
2026-08-24,CHU,OPT,CHUV6 C1390,2026-10-09,C,1.39,0.000150000,3,
2026-08-24,CHU,OPT,CHUV6 C1395,2026-10-09,C,1.395,0.000100000,3,
2026-08-24,CHU,OPT,CHUV6 C1400,2026-10-09,C,1.4,0.000100000,3,1
2026-08-24,CHU,OPT,CHUV6 C1410,2026-10-09,C,1.41,0.000050000,3,
2026-08-24,CHU,OPT,CHUV6 C1420,2026-10-09,C,1.42,0.000050000,3,
2026-08-24,CHU,OPT,CHUV6 C1430,2026-10-09,C,1.43,0.000050000,3,
2026-08-24,CHU,OPT,CHUV6 C1440,2026-10-09,C,1.44,0.000050000,3,
2026-08-24,CHU,OPT,CHUV6 C1450,2026-10-09,C,1.45,0.000050000,3,1
2026-08-24,CHU,OPT,CHUV6 P1140,2026-10-09,P,1.14,0.000050000,3,
2026-08-24,CHU,OPT,CHUV6 P1150,2026-10-09,P,1.15,0.000050000,3,
2026-08-24,CHU,OPT,CHUV6 P1160,2026-10-09,P,1.16,0.000050000,3,1
2026-08-24,CHU,OPT,CHUV6 P1170,2026-10-09,P,1.17,0.000050000,3,1
2026-08-24,CHU,OPT,CHUV6 P1180,2026-10-09,P,1.18,0.000100000,3,17
2026-08-24,CHU,OPT,CHUV6 P1190,2026-10-09,P,1.19,0.000200000,3,2
2026-08-24,CHU,OPT,CHUV6 P1195,2026-10-09,P,1.195,0.000250000,3,1
2026-08-24,CHU,OPT,CHUV6 P1200,2026-10-09,P,1.2,0.000300000,3,255
2026-08-24,CHU,OPT,CHUV6 P1205,2026-10-09,P,1.205,0.000450000,3,2
2026-08-24,CHU,OPT,CHUV6 P1210,2026-10-09,P,1.21,0.000600000,3,1
2026-08-24,CHU,OPT,CHUV6 P1215,2026-10-09,P,1.215,0.000900000,3,3
2026-08-24,CHU,OPT,CHUV6 P1220,2026-10-09,P,1.22,0.001200000,3,251
2026-08-24,CHU,OPT,CHUV6 P1225,2026-10-09,P,1.225,0.001700000,3,10
2026-08-24,CHU,OPT,CHUV6 P1230,2026-10-09,P,1.23,0.002300000,3,213
2026-08-24,CHU,OPT,CHUV6 P1235,2026-10-09,P,1.235,0.003100000,3,2
2026-08-24,CHU,OPT,CHUV6 P1240,2026-10-09,P,1.24,0.004200000,3,8
2026-08-24,CHU,OPT,CHUV6 P1245,2026-10-09,P,1.245,0.005500000,3,201
2026-08-24,CHU,OPT,CHUV6 P1250,2026-10-09,P,1.25,0.007200000,3,88
2026-08-24,CHU,OPT,CHUV6 P1255,2026-10-09,P,1.255,0.009200000,3,1141
2026-08-24,CHU,OPT,CHUV6 P1260,2026-10-09,P,1.26,0.011600000,3,90
2026-08-24,CHU,OPT,CHUV6 P1265,2026-10-09,P,1.265,0.014300000,3,119
2026-08-24,CHU,OPT,CHUV6 P1270,2026-10-09,P,1.27,0.017400000,3,190
2026-08-24,CHU,OPT,CHUV6 P1275,2026-10-09,P,1.275,0.020800000,3,67
2026-08-24,CHU,OPT,CHUV6 P1280,2026-10-09,P,1.28,0.024400000,3,187
2026-08-24,CHU,OPT,CHUV6 P1285,2026-10-09,P,1.285,0.028300000,3,50
2026-08-24,CHU,OPT,CHUV6 P1290,2026-10-09,P,1.29,0.032400000,3,22
2026-08-24,CHU,OPT,CHUV6 P1295,2026-10-09,P,1.295,0.036600000,3,152
2026-08-24,CHU,OPT,CHUV6 P1300,2026-10-09,P,1.3,0.041000000,3,
2026-08-24,CHU,OPT,CHUV6 P1305,2026-10-09,P,1.305,0.045500000,3,1
2026-08-24,CHU,OPT,CHUV6 P1310,2026-10-09,P,1.31,0.050000000,3,
2026-08-24,CHU,OPT,CHUV6 P1315,2026-10-09,P,1.315,0.054700000,3,
2026-08-24,CHU,OPT,CHUV6 P1320,2026-10-09,P,1.32,0.059400000,3,
2026-08-24,CHU,OPT,CHUV6 P1325,2026-10-09,P,1.325,0.064100000,3,
2026-08-24,CHU,OPT,CHUV6 P1330,2026-10-09,P,1.33,0.068900000,3,
2026-08-24,CHU,OPT,CHUV6 P1335,2026-10-09,P,1.335,0.073700000,3,
2026-08-24,CHU,OPT,CHUV6 P1340,2026-10-09,P,1.34,0.078600000,3,10
2026-08-24,CHU,OPT,CHUV6 P1345,2026-10-09,P,1.345,0.083500000,3,
2026-08-24,CHU,OPT,CHUV6 P1350,2026-10-09,P,1.35,0.088400000,3,
2026-08-24,CHU,OPT,CHUV6 P1355,2026-10-09,P,1.355,0.093300000,3,
2026-08-24,CHU,OPT,CHUV6 P1360,2026-10-09,P,1.36,0.098300000,3,
2026-08-24,CHU,OPT,CHUV6 P1365,2026-10-09,P,1.365,0.103200000,3,
2026-08-24,CHU,OPT,CHUV6 P1370,2026-10-09,P,1.37,0.108200000,3,
2026-08-24,CHU,OPT,CHUV6 P1375,2026-10-09,P,1.375,0.113100000,3,
2026-08-24,CHU,OPT,CHUV6 P1380,2026-10-09,P,1.38,0.118000000,3,
2026-08-24,CHU,OPT,CHUV6 P1385,2026-10-09,P,1.385,0.123000000,3,1
2026-08-24,CHU,OPT,CHUV6 P1390,2026-10-09,P,1.39,0.128000000,3,
2026-08-24,CHU,OPT,CHUV6 P1395,2026-10-09,P,1.395,0.132900000,3,
2026-08-24,CHU,OPT,CHUV6 P1400,2026-10-09,P,1.4,0.137900000,3,
2026-08-24,CHU,OPT,CHUV6 P1410,2026-10-09,P,1.41,0.147800000,3,
2026-08-24,CHU,OPT,CHUV6 P1420,2026-10-09,P,1.42,0.157700000,3,
2026-08-24,CHU,OPT,CHUV6 P1430,2026-10-09,P,1.43,0.167600000,3,
2026-08-24,CHU,OPT,CHUV6 P1440,2026-10-09,P,1.44,0.177600000,3,
2026-08-24,CHU,OPT,CHUV6 P1450,2026-10-09,P,1.45,0.187500000,3,
2026-08-24,CHU,OPT,CHUX6 C1140,2026-11-06,C,1.14,0.120700000,3,
2026-08-24,CHU,OPT,CHUX6 C1150,2026-11-06,C,1.15,0.110800000,3,
2026-08-24,CHU,OPT,CHUX6 C1160,2026-11-06,C,1.16,0.101000000,3,
2026-08-24,CHU,OPT,CHUX6 C1170,2026-11-06,C,1.17,0.091100000,3,
2026-08-24,CHU,OPT,CHUX6 C1180,2026-11-06,C,1.18,0.081400000,3,
2026-08-24,CHU,OPT,CHUX6 C1190,2026-11-06,C,1.19,0.071700000,3,
2026-08-24,CHU,OPT,CHUX6 C1195,2026-11-06,C,1.195,0.066900000,3,
2026-08-24,CHU,OPT,CHUX6 C1200,2026-11-06,C,1.2,0.062200000,3,
2026-08-24,CHU,OPT,CHUX6 C1205,2026-11-06,C,1.205,0.057600000,3,
2026-08-24,CHU,OPT,CHUX6 C1210,2026-11-06,C,1.21,0.053000000,3,
2026-08-24,CHU,OPT,CHUX6 C1215,2026-11-06,C,1.215,0.048500000,3,
2026-08-24,CHU,OPT,CHUX6 C1220,2026-11-06,C,1.22,0.044200000,3,
2026-08-24,CHU,OPT,CHUX6 C1225,2026-11-06,C,1.225,0.040000000,3,
2026-08-24,CHU,OPT,CHUX6 C1230,2026-11-06,C,1.23,0.036000000,3,
2026-08-24,CHU,OPT,CHUX6 C1235,2026-11-06,C,1.235,0.032100000,3,
2026-08-24,CHU,OPT,CHUX6 C1240,2026-11-06,C,1.24,0.028500000,3,
2026-08-24,CHU,OPT,CHUX6 C1245,2026-11-06,C,1.245,0.025100000,3,
2026-08-24,CHU,OPT,CHUX6 C1250,2026-11-06,C,1.25,0.022100000,3,1
2026-08-24,CHU,OPT,CHUX6 C1255,2026-11-06,C,1.255,0.019200000,3,
2026-08-24,CHU,OPT,CHUX6 C1260,2026-11-06,C,1.26,0.016700000,3,
2026-08-24,CHU,OPT,CHUX6 C1265,2026-11-06,C,1.265,0.014500000,3,2
2026-08-24,CHU,OPT,CHUX6 C1270,2026-11-06,C,1.27,0.012500000,3,
2026-08-24,CHU,OPT,CHUX6 C1275,2026-11-06,C,1.275,0.010800000,3,
2026-08-24,CHU,OPT,CHUX6 C1280,2026-11-06,C,1.28,0.009300000,3,1
2026-08-24,CHU,OPT,CHUX6 C1285,2026-11-06,C,1.285,0.008000000,3,4
2026-08-24,CHU,OPT,CHUX6 C1290,2026-11-06,C,1.29,0.006800000,3,1
2026-08-24,CHU,OPT,CHUX6 C1295,2026-11-06,C,1.295,0.005900000,3,1
2026-08-24,CHU,OPT,CHUX6 C1300,2026-11-06,C,1.3,0.005000000,3,
2026-08-24,CHU,OPT,CHUX6 C1305,2026-11-06,C,1.305,0.004300000,3,
2026-08-24,CHU,OPT,CHUX6 C1310,2026-11-06,C,1.31,0.003700000,3,1
2026-08-24,CHU,OPT,CHUX6 C1315,2026-11-06,C,1.315,0.003200000,3,
2026-08-24,CHU,OPT,CHUX6 C1320,2026-11-06,C,1.32,0.002700000,3,10
2026-08-24,CHU,OPT,CHUX6 C1325,2026-11-06,C,1.325,0.002300000,3,1
2026-08-24,CHU,OPT,CHUX6 C1330,2026-11-06,C,1.33,0.002000000,3,
2026-08-24,CHU,OPT,CHUX6 C1335,2026-11-06,C,1.335,0.001700000,3,
2026-08-24,CHU,OPT,CHUX6 C1340,2026-11-06,C,1.34,0.001400000,3,
2026-08-24,CHU,OPT,CHUX6 C1345,2026-11-06,C,1.345,0.001300000,3,
2026-08-24,CHU,OPT,CHUX6 C1350,2026-11-06,C,1.35,0.001100000,3,4
2026-08-24,CHU,OPT,CHUX6 C1355,2026-11-06,C,1.355,0.001000000,3,
2026-08-24,CHU,OPT,CHUX6 C1360,2026-11-06,C,1.36,0.000800000,3,
2026-08-24,CHU,OPT,CHUX6 C1365,2026-11-06,C,1.365,0.000800000,3,
2026-08-24,CHU,OPT,CHUX6 C1370,2026-11-06,C,1.37,0.000700000,3,4
2026-08-24,CHU,OPT,CHUX6 C1375,2026-11-06,C,1.375,0.000600000,3,12
2026-08-24,CHU,OPT,CHUX6 C1380,2026-11-06,C,1.38,0.000600000,3,
2026-08-24,CHU,OPT,CHUX6 C1385,2026-11-06,C,1.385,0.000500000,3,
2026-08-24,CHU,OPT,CHUX6 C1390,2026-11-06,C,1.39,0.000450000,3,1
2026-08-24,CHU,OPT,CHUX6 C1395,2026-11-06,C,1.395,0.000450000,3,
2026-08-24,CHU,OPT,CHUX6 C1400,2026-11-06,C,1.4,0.000350000,3,1
2026-08-24,CHU,OPT,CHUX6 C1410,2026-11-06,C,1.41,0.000300000,3,
2026-08-24,CHU,OPT,CHUX6 C1420,2026-11-06,C,1.42,0.000200000,3,
2026-08-24,CHU,OPT,CHUX6 C1430,2026-11-06,C,1.43,0.000150000,3,
2026-08-24,CHU,OPT,CHUX6 C1440,2026-11-06,C,1.44,0.000100000,3,
2026-08-24,CHU,OPT,CHUX6 C1450,2026-11-06,C,1.45,0.000100000,3,2
2026-08-24,CHU,OPT,CHUX6 P1140,2026-11-06,P,1.14,0.000050000,3,2
2026-08-24,CHU,OPT,CHUX6 P1150,2026-11-06,P,1.15,0.000050000,3,
2026-08-24,CHU,OPT,CHUX6 P1160,2026-11-06,P,1.16,0.000100000,3,
2026-08-24,CHU,OPT,CHUX6 P1170,2026-11-06,P,1.17,0.000200000,3,
2026-08-24,CHU,OPT,CHUX6 P1180,2026-11-06,P,1.18,0.000350000,3,3
2026-08-24,CHU,OPT,CHUX6 P1190,2026-11-06,P,1.19,0.000600000,3,
2026-08-24,CHU,OPT,CHUX6 P1195,2026-11-06,P,1.195,0.000800000,3,1
2026-08-24,CHU,OPT,CHUX6 P1200,2026-11-06,P,1.2,0.001100000,3,4
2026-08-24,CHU,OPT,CHUX6 P1205,2026-11-06,P,1.205,0.001400000,3,
2026-08-24,CHU,OPT,CHUX6 P1210,2026-11-06,P,1.21,0.001800000,3,100
2026-08-24,CHU,OPT,CHUX6 P1215,2026-11-06,P,1.215,0.002300000,3,
2026-08-24,CHU,OPT,CHUX6 P1220,2026-11-06,P,1.22,0.002900000,3,1
2026-08-24,CHU,OPT,CHUX6 P1225,2026-11-06,P,1.225,0.003700000,3,1
2026-08-24,CHU,OPT,CHUX6 P1230,2026-11-06,P,1.23,0.004600000,3,30
2026-08-24,CHU,OPT,CHUX6 P1235,2026-11-06,P,1.235,0.005700000,3,
2026-08-24,CHU,OPT,CHUX6 P1240,2026-11-06,P,1.24,0.007100000,3,
2026-08-24,CHU,OPT,CHUX6 P1245,2026-11-06,P,1.245,0.008700000,3,1
2026-08-24,CHU,OPT,CHUX6 P1250,2026-11-06,P,1.25,0.010500000,3,4
2026-08-24,CHU,OPT,CHUX6 P1255,2026-11-06,P,1.255,0.012700000,3,
2026-08-24,CHU,OPT,CHUX6 P1260,2026-11-06,P,1.26,0.015100000,3,
2026-08-24,CHU,OPT,CHUX6 P1265,2026-11-06,P,1.265,0.017800000,3,3
2026-08-24,CHU,OPT,CHUX6 P1270,2026-11-06,P,1.27,0.020800000,3,2
2026-08-24,CHU,OPT,CHUX6 P1275,2026-11-06,P,1.275,0.024100000,3,
2026-08-24,CHU,OPT,CHUX6 P1280,2026-11-06,P,1.28,0.027500000,3,
2026-08-24,CHU,OPT,CHUX6 P1285,2026-11-06,P,1.285,0.031200000,3,
2026-08-24,CHU,OPT,CHUX6 P1290,2026-11-06,P,1.29,0.035000000,3,
2026-08-24,CHU,OPT,CHUX6 P1295,2026-11-06,P,1.295,0.039000000,3,
2026-08-24,CHU,OPT,CHUX6 P1300,2026-11-06,P,1.3,0.043100000,3,122
2026-08-24,CHU,OPT,CHUX6 P1305,2026-11-06,P,1.305,0.047400000,3,
2026-08-24,CHU,OPT,CHUX6 P1310,2026-11-06,P,1.31,0.051700000,3,
2026-08-24,CHU,OPT,CHUX6 P1315,2026-11-06,P,1.315,0.056200000,3,
2026-08-24,CHU,OPT,CHUX6 P1320,2026-11-06,P,1.32,0.060700000,3,
2026-08-24,CHU,OPT,CHUX6 P1325,2026-11-06,P,1.325,0.065200000,3,
2026-08-24,CHU,OPT,CHUX6 P1330,2026-11-06,P,1.33,0.069900000,3,
2026-08-24,CHU,OPT,CHUX6 P1335,2026-11-06,P,1.335,0.074500000,3,
2026-08-24,CHU,OPT,CHUX6 P1340,2026-11-06,P,1.34,0.079300000,3,
2026-08-24,CHU,OPT,CHUX6 P1345,2026-11-06,P,1.345,0.084000000,3,
2026-08-24,CHU,OPT,CHUX6 P1350,2026-11-06,P,1.35,0.088800000,3,
2026-08-24,CHU,OPT,CHUX6 P1355,2026-11-06,P,1.355,0.093700000,3,
2026-08-24,CHU,OPT,CHUX6 P1360,2026-11-06,P,1.36,0.098500000,3,
2026-08-24,CHU,OPT,CHUX6 P1365,2026-11-06,P,1.365,0.103400000,3,
2026-08-24,CHU,OPT,CHUX6 P1370,2026-11-06,P,1.37,0.108300000,3,
2026-08-24,CHU,OPT,CHUX6 P1375,2026-11-06,P,1.375,0.113200000,3,
2026-08-24,CHU,OPT,CHUX6 P1380,2026-11-06,P,1.38,0.118100000,3,
2026-08-24,CHU,OPT,CHUX6 P1385,2026-11-06,P,1.385,0.123000000,3,
2026-08-24,CHU,OPT,CHUX6 P1390,2026-11-06,P,1.39,0.127900000,3,
2026-08-24,CHU,OPT,CHUX6 P1395,2026-11-06,P,1.395,0.132800000,3,
2026-08-24,CHU,OPT,CHUX6 P1400,2026-11-06,P,1.4,0.137700000,3,
2026-08-24,CHU,OPT,CHUX6 P1410,2026-11-06,P,1.41,0.147600000,3,
2026-08-24,CHU,OPT,CHUX6 P1420,2026-11-06,P,1.42,0.157400000,3,
2026-08-24,CHU,OPT,CHUX6 P1430,2026-11-06,P,1.43,0.167300000,3,
2026-08-24,CHU,OPT,CHUX6 P1440,2026-11-06,P,1.44,0.177200000,3,
2026-08-24,CHU,OPT,CHUX6 P1450,2026-11-06,P,1.45,0.187100000,3,
2026-08-24,CHU,OPT,CHUZ6 C1080,2026-12-04,C,1.08,0.179700000,3,
2026-08-24,CHU,OPT,CHUZ6 C1090,2026-12-04,C,1.09,0.169800000,3,
2026-08-24,CHU,OPT,CHUZ6 C1100,2026-12-04,C,1.1,0.160000000,3,
2026-08-24,CHU,OPT,CHUZ6 C1110,2026-12-04,C,1.11,0.150100000,3,
2026-08-24,CHU,OPT,CHUZ6 C1120,2026-12-04,C,1.12,0.140200000,3,
2026-08-24,CHU,OPT,CHUZ6 C1130,2026-12-04,C,1.13,0.130400000,3,
2026-08-24,CHU,OPT,CHUZ6 C1135,2026-12-04,C,1.135,0.125500000,3,
2026-08-24,CHU,OPT,CHUZ6 C1140,2026-12-04,C,1.14,0.120600000,3,
2026-08-24,CHU,OPT,CHUZ6 C1145,2026-12-04,C,1.145,0.115700000,3,
2026-08-24,CHU,OPT,CHUZ6 C1150,2026-12-04,C,1.15,0.110800000,3,
2026-08-24,CHU,OPT,CHUZ6 C1155,2026-12-04,C,1.155,0.105900000,3,
2026-08-24,CHU,OPT,CHUZ6 C1160,2026-12-04,C,1.16,0.101000000,3,
2026-08-24,CHU,OPT,CHUZ6 C1165,2026-12-04,C,1.165,0.096200000,3,
2026-08-24,CHU,OPT,CHUZ6 C1170,2026-12-04,C,1.17,0.091300000,3,
2026-08-24,CHU,OPT,CHUZ6 C1175,2026-12-04,C,1.175,0.086500000,3,
2026-08-24,CHU,OPT,CHUZ6 C1180,2026-12-04,C,1.18,0.081700000,3,
2026-08-24,CHU,OPT,CHUZ6 C1185,2026-12-04,C,1.185,0.076900000,3,
2026-08-24,CHU,OPT,CHUZ6 C1190,2026-12-04,C,1.19,0.072200000,3,
2026-08-24,CHU,OPT,CHUZ6 C1195,2026-12-04,C,1.195,0.067500000,3,
2026-08-24,CHU,OPT,CHUZ6 C1200,2026-12-04,C,1.2,0.062900000,3,
2026-08-24,CHU,OPT,CHUZ6 C1205,2026-12-04,C,1.205,0.058400000,3,4000
2026-08-24,CHU,OPT,CHUZ6 C1210,2026-12-04,C,1.21,0.054000000,3,4001
2026-08-24,CHU,OPT,CHUZ6 C1215,2026-12-04,C,1.215,0.049800000,3,
2026-08-24,CHU,OPT,CHUZ6 C1220,2026-12-04,C,1.22,0.045600000,3,
2026-08-24,CHU,OPT,CHUZ6 C1225,2026-12-04,C,1.225,0.041700000,3,
2026-08-24,CHU,OPT,CHUZ6 C1230,2026-12-04,C,1.23,0.037900000,3,
2026-08-24,CHU,OPT,CHUZ6 C1235,2026-12-04,C,1.235,0.034200000,3,
2026-08-24,CHU,OPT,CHUZ6 C1240,2026-12-04,C,1.24,0.030800000,3,
2026-08-24,CHU,OPT,CHUZ6 C1245,2026-12-04,C,1.245,0.027600000,3,1
2026-08-24,CHU,OPT,CHUZ6 C1250,2026-12-04,C,1.25,0.024600000,3,2
2026-08-24,CHU,OPT,CHUZ6 C1255,2026-12-04,C,1.255,0.021900000,3,
2026-08-24,CHU,OPT,CHUZ6 C1260,2026-12-04,C,1.26,0.019400000,3,41
2026-08-24,CHU,OPT,CHUZ6 C1265,2026-12-04,C,1.265,0.017200000,3,15
2026-08-24,CHU,OPT,CHUZ6 C1270,2026-12-04,C,1.27,0.015100000,3,1
2026-08-24,CHU,OPT,CHUZ6 C1275,2026-12-04,C,1.275,0.013300000,3,1
2026-08-24,CHU,OPT,CHUZ6 C1280,2026-12-04,C,1.28,0.011700000,3,3
2026-08-24,CHU,OPT,CHUZ6 C1285,2026-12-04,C,1.285,0.010300000,3,
2026-08-24,CHU,OPT,CHUZ6 C1290,2026-12-04,C,1.29,0.009100000,3,8
2026-08-24,CHU,OPT,CHUZ6 C1295,2026-12-04,C,1.295,0.008000000,3,1
2026-08-24,CHU,OPT,CHUZ6 C1300,2026-12-04,C,1.3,0.007000000,3,20
2026-08-24,CHU,OPT,CHUZ6 C1305,2026-12-04,C,1.305,0.006200000,3,11
2026-08-24,CHU,OPT,CHUZ6 C1310,2026-12-04,C,1.31,0.005400000,3,12
2026-08-24,CHU,OPT,CHUZ6 C1315,2026-12-04,C,1.315,0.004800000,3,2
2026-08-24,CHU,OPT,CHUZ6 C1320,2026-12-04,C,1.32,0.004200000,3,24
2026-08-24,CHU,OPT,CHUZ6 C1325,2026-12-04,C,1.325,0.003700000,3,2
2026-08-24,CHU,OPT,CHUZ6 C1330,2026-12-04,C,1.33,0.003200000,3,14
2026-08-24,CHU,OPT,CHUZ6 C1335,2026-12-04,C,1.335,0.002800000,3,5
2026-08-24,CHU,OPT,CHUZ6 C1340,2026-12-04,C,1.34,0.002500000,3,2
2026-08-24,CHU,OPT,CHUZ6 C1345,2026-12-04,C,1.345,0.002200000,3,
2026-08-24,CHU,OPT,CHUZ6 C1350,2026-12-04,C,1.35,0.001900000,3,3
2026-08-24,CHU,OPT,CHUZ6 C1355,2026-12-04,C,1.355,0.001700000,3,1
2026-08-24,CHU,OPT,CHUZ6 C1360,2026-12-04,C,1.36,0.001500000,3,
2026-08-24,CHU,OPT,CHUZ6 C1365,2026-12-04,C,1.365,0.001400000,3,2
2026-08-24,CHU,OPT,CHUZ6 C1370,2026-12-04,C,1.37,0.001200000,3,1
2026-08-24,CHU,OPT,CHUZ6 C1375,2026-12-04,C,1.375,0.001100000,3,1
2026-08-24,CHU,OPT,CHUZ6 C1380,2026-12-04,C,1.38,0.001000000,3,9
2026-08-24,CHU,OPT,CHUZ6 C1385,2026-12-04,C,1.385,0.000900000,3,
2026-08-24,CHU,OPT,CHUZ6 C1390,2026-12-04,C,1.39,0.000800000,3,1
2026-08-24,CHU,OPT,CHUZ6 C1395,2026-12-04,C,1.395,0.000700000,3,
2026-08-24,CHU,OPT,CHUZ6 C1400,2026-12-04,C,1.4,0.000600000,3,15
2026-08-24,CHU,OPT,CHUZ6 C1410,2026-12-04,C,1.41,0.000450000,3,1
2026-08-24,CHU,OPT,CHUZ6 C1420,2026-12-04,C,1.42,0.000350000,3,
2026-08-24,CHU,OPT,CHUZ6 C1430,2026-12-04,C,1.43,0.000300000,3,1
2026-08-24,CHU,OPT,CHUZ6 C1440,2026-12-04,C,1.44,0.000200000,3,6
2026-08-24,CHU,OPT,CHUZ6 C1450,2026-12-04,C,1.45,0.000150000,3,15
2026-08-24,CHU,OPT,CHUZ6 P1080,2026-12-04,P,1.08,0.000050000,3,
2026-08-24,CHU,OPT,CHUZ6 P1090,2026-12-04,P,1.09,0.000050000,3,
2026-08-24,CHU,OPT,CHUZ6 P1100,2026-12-04,P,1.1,0.000050000,3,
2026-08-24,CHU,OPT,CHUZ6 P1110,2026-12-04,P,1.11,0.000100000,3,
2026-08-24,CHU,OPT,CHUZ6 P1120,2026-12-04,P,1.12,0.000100000,3,
2026-08-24,CHU,OPT,CHUZ6 P1130,2026-12-04,P,1.13,0.000200000,3,1
2026-08-24,CHU,OPT,CHUZ6 P1135,2026-12-04,P,1.135,0.000200000,3,
2026-08-24,CHU,OPT,CHUZ6 P1140,2026-12-04,P,1.14,0.000250000,3,
2026-08-24,CHU,OPT,CHUZ6 P1145,2026-12-04,P,1.145,0.000300000,3,
2026-08-24,CHU,OPT,CHUZ6 P1150,2026-12-04,P,1.15,0.000400000,3,8
2026-08-24,CHU,OPT,CHUZ6 P1155,2026-12-04,P,1.155,0.000450000,3,2
2026-08-24,CHU,OPT,CHUZ6 P1160,2026-12-04,P,1.16,0.000500000,3,
2026-08-24,CHU,OPT,CHUZ6 P1165,2026-12-04,P,1.165,0.000600000,3,
2026-08-24,CHU,OPT,CHUZ6 P1170,2026-12-04,P,1.17,0.000700000,3,
2026-08-24,CHU,OPT,CHUZ6 P1175,2026-12-04,P,1.175,0.000800000,3,
2026-08-24,CHU,OPT,CHUZ6 P1180,2026-12-04,P,1.18,0.000900000,3,52
2026-08-24,CHU,OPT,CHUZ6 P1185,2026-12-04,P,1.185,0.001100000,3,
2026-08-24,CHU,OPT,CHUZ6 P1190,2026-12-04,P,1.19,0.001300000,3,2
2026-08-24,CHU,OPT,CHUZ6 P1195,2026-12-04,P,1.195,0.001600000,3,10
2026-08-24,CHU,OPT,CHUZ6 P1200,2026-12-04,P,1.2,0.002000000,3,22
2026-08-24,CHU,OPT,CHUZ6 P1205,2026-12-04,P,1.205,0.002400000,3,
2026-08-24,CHU,OPT,CHUZ6 P1210,2026-12-04,P,1.21,0.003000000,3,11
2026-08-24,CHU,OPT,CHUZ6 P1215,2026-12-04,P,1.215,0.003600000,3,1
2026-08-24,CHU,OPT,CHUZ6 P1220,2026-12-04,P,1.22,0.004500000,3,
2026-08-24,CHU,OPT,CHUZ6 P1225,2026-12-04,P,1.225,0.005400000,3,54
2026-08-24,CHU,OPT,CHUZ6 P1230,2026-12-04,P,1.23,0.006600000,3,35
2026-08-24,CHU,OPT,CHUZ6 P1235,2026-12-04,P,1.235,0.007900000,3,3
2026-08-24,CHU,OPT,CHUZ6 P1240,2026-12-04,P,1.24,0.009400000,3,402
2026-08-24,CHU,OPT,CHUZ6 P1245,2026-12-04,P,1.245,0.011200000,3,3
2026-08-24,CHU,OPT,CHUZ6 P1250,2026-12-04,P,1.25,0.013200000,3,1
2026-08-24,CHU,OPT,CHUZ6 P1255,2026-12-04,P,1.255,0.015400000,3,4
2026-08-24,CHU,OPT,CHUZ6 P1260,2026-12-04,P,1.26,0.017800000,3,31
2026-08-24,CHU,OPT,CHUZ6 P1265,2026-12-04,P,1.265,0.020500000,3,3
2026-08-24,CHU,OPT,CHUZ6 P1270,2026-12-04,P,1.27,0.023400000,3,13
2026-08-24,CHU,OPT,CHUZ6 P1275,2026-12-04,P,1.275,0.026600000,3,1
2026-08-24,CHU,OPT,CHUZ6 P1280,2026-12-04,P,1.28,0.029900000,3,
2026-08-24,CHU,OPT,CHUZ6 P1285,2026-12-04,P,1.285,0.033500000,3,
2026-08-24,CHU,OPT,CHUZ6 P1290,2026-12-04,P,1.29,0.037200000,3,20
2026-08-24,CHU,OPT,CHUZ6 P1295,2026-12-04,P,1.295,0.041000000,3,
2026-08-24,CHU,OPT,CHUZ6 P1300,2026-12-04,P,1.3,0.045000000,3,2
2026-08-24,CHU,OPT,CHUZ6 P1305,2026-12-04,P,1.305,0.049100000,3,
2026-08-24,CHU,OPT,CHUZ6 P1310,2026-12-04,P,1.31,0.053300000,3,1
2026-08-24,CHU,OPT,CHUZ6 P1315,2026-12-04,P,1.315,0.057600000,3,
2026-08-24,CHU,OPT,CHUZ6 P1320,2026-12-04,P,1.32,0.062000000,3,1
2026-08-24,CHU,OPT,CHUZ6 P1325,2026-12-04,P,1.325,0.066400000,3,
2026-08-24,CHU,OPT,CHUZ6 P1330,2026-12-04,P,1.33,0.070900000,3,
2026-08-24,CHU,OPT,CHUZ6 P1335,2026-12-04,P,1.335,0.075500000,3,
2026-08-24,CHU,OPT,CHUZ6 P1340,2026-12-04,P,1.34,0.080100000,3,
2026-08-24,CHU,OPT,CHUZ6 P1345,2026-12-04,P,1.345,0.084700000,3,
2026-08-24,CHU,OPT,CHUZ6 P1350,2026-12-04,P,1.35,0.089400000,3,
2026-08-24,CHU,OPT,CHUZ6 P1355,2026-12-04,P,1.355,0.094200000,3,
2026-08-24,CHU,OPT,CHUZ6 P1360,2026-12-04,P,1.36,0.098900000,3,
2026-08-24,CHU,OPT,CHUZ6 P1365,2026-12-04,P,1.365,0.103700000,3,
2026-08-24,CHU,OPT,CHUZ6 P1370,2026-12-04,P,1.37,0.108500000,3,
2026-08-24,CHU,OPT,CHUZ6 P1375,2026-12-04,P,1.375,0.113300000,3,
2026-08-24,CHU,OPT,CHUZ6 P1380,2026-12-04,P,1.38,0.118100000,3,
2026-08-24,CHU,OPT,CHUZ6 P1385,2026-12-04,P,1.385,0.123000000,3,
2026-08-24,CHU,OPT,CHUZ6 P1390,2026-12-04,P,1.39,0.127800000,3,
2026-08-24,CHU,OPT,CHUZ6 P1395,2026-12-04,P,1.395,0.132700000,3,
2026-08-24,CHU,OPT,CHUZ6 P1400,2026-12-04,P,1.4,0.137600000,3,
2026-08-24,CHU,OPT,CHUZ6 P1410,2026-12-04,P,1.41,0.147300000,3,
2026-08-24,CHU,OPT,CHUZ6 P1420,2026-12-04,P,1.42,0.157100000,3,
2026-08-24,CHU,OPT,CHUZ6 P1430,2026-12-04,P,1.43,0.166900000,3,
2026-08-24,CHU,OPT,CHUZ6 P1440,2026-12-04,P,1.44,0.176800000,3,
2026-08-24,CHU,OPT,CHUZ6 P1450,2026-12-04,P,1.45,0.186600000,3,
2026-08-24,CHU,OPT,CHUF7 C1160,2027-01-08,C,1.16,0.113800000,3,
2026-08-24,CHU,OPT,CHUF7 C1170,2027-01-08,C,1.17,0.104100000,3,
2026-08-24,CHU,OPT,CHUF7 C1180,2027-01-08,C,1.18,0.094600000,3,
2026-08-24,CHU,OPT,CHUF7 C1190,2027-01-08,C,1.19,0.085200000,3,
2026-08-24,CHU,OPT,CHUF7 C1200,2027-01-08,C,1.2,0.075900000,3,
2026-08-24,CHU,OPT,CHUF7 C1205,2027-01-08,C,1.205,0.071400000,3,
2026-08-24,CHU,OPT,CHUF7 C1210,2027-01-08,C,1.21,0.067000000,3,
2026-08-24,CHU,OPT,CHUF7 C1215,2027-01-08,C,1.215,0.062600000,3,
2026-08-24,CHU,OPT,CHUF7 C1220,2027-01-08,C,1.22,0.058400000,3,
2026-08-24,CHU,OPT,CHUF7 C1225,2027-01-08,C,1.225,0.054200000,3,
2026-08-24,CHU,OPT,CHUF7 C1230,2027-01-08,C,1.23,0.050200000,3,
2026-08-24,CHU,OPT,CHUF7 C1235,2027-01-08,C,1.235,0.046300000,3,
2026-08-24,CHU,OPT,CHUF7 C1240,2027-01-08,C,1.24,0.042500000,3,
2026-08-24,CHU,OPT,CHUF7 C1245,2027-01-08,C,1.245,0.039000000,3,
2026-08-24,CHU,OPT,CHUF7 C1250,2027-01-08,C,1.25,0.035600000,3,
2026-08-24,CHU,OPT,CHUF7 C1255,2027-01-08,C,1.255,0.032400000,3,
2026-08-24,CHU,OPT,CHUF7 C1260,2027-01-08,C,1.26,0.029400000,3,
2026-08-24,CHU,OPT,CHUF7 C1265,2027-01-08,C,1.265,0.026600000,3,
2026-08-24,CHU,OPT,CHUF7 C1270,2027-01-08,C,1.27,0.024000000,3,
2026-08-24,CHU,OPT,CHUF7 C1275,2027-01-08,C,1.275,0.021600000,3,
2026-08-24,CHU,OPT,CHUF7 C1280,2027-01-08,C,1.28,0.019500000,3,
2026-08-24,CHU,OPT,CHUF7 C1285,2027-01-08,C,1.285,0.017500000,3,32
2026-08-24,CHU,OPT,CHUF7 C1290,2027-01-08,C,1.29,0.015700000,3,
2026-08-24,CHU,OPT,CHUF7 C1295,2027-01-08,C,1.295,0.014100000,3,
2026-08-24,CHU,OPT,CHUF7 C1300,2027-01-08,C,1.3,0.012600000,3,2
2026-08-24,CHU,OPT,CHUF7 C1305,2027-01-08,C,1.305,0.011300000,3,
2026-08-24,CHU,OPT,CHUF7 C1310,2027-01-08,C,1.31,0.010200000,3,76
2026-08-24,CHU,OPT,CHUF7 C1315,2027-01-08,C,1.315,0.009100000,3,
2026-08-24,CHU,OPT,CHUF7 C1320,2027-01-08,C,1.32,0.008200000,3,
2026-08-24,CHU,OPT,CHUF7 C1325,2027-01-08,C,1.325,0.007400000,3,2
2026-08-24,CHU,OPT,CHUF7 C1330,2027-01-08,C,1.33,0.006700000,3,
2026-08-24,CHU,OPT,CHUF7 C1335,2027-01-08,C,1.335,0.006000000,3,
2026-08-24,CHU,OPT,CHUF7 C1340,2027-01-08,C,1.34,0.005400000,3,
2026-08-24,CHU,OPT,CHUF7 C1345,2027-01-08,C,1.345,0.004800000,3,
2026-08-24,CHU,OPT,CHUF7 C1350,2027-01-08,C,1.35,0.004300000,3,3
2026-08-24,CHU,OPT,CHUF7 C1355,2027-01-08,C,1.355,0.003900000,3,
2026-08-24,CHU,OPT,CHUF7 C1360,2027-01-08,C,1.36,0.003500000,3,
2026-08-24,CHU,OPT,CHUF7 C1365,2027-01-08,C,1.365,0.003100000,3,
2026-08-24,CHU,OPT,CHUF7 C1370,2027-01-08,C,1.37,0.002800000,3,
2026-08-24,CHU,OPT,CHUF7 C1375,2027-01-08,C,1.375,0.002500000,3,
2026-08-24,CHU,OPT,CHUF7 C1380,2027-01-08,C,1.38,0.002200000,3,6
2026-08-24,CHU,OPT,CHUF7 C1385,2027-01-08,C,1.385,0.002000000,3,2
2026-08-24,CHU,OPT,CHUF7 C1390,2027-01-08,C,1.39,0.001800000,3,
2026-08-24,CHU,OPT,CHUF7 C1395,2027-01-08,C,1.395,0.001700000,3,
2026-08-24,CHU,OPT,CHUF7 C1400,2027-01-08,C,1.4,0.001500000,3,2
2026-08-24,CHU,OPT,CHUF7 C1405,2027-01-08,C,1.405,0.001400000,3,
2026-08-24,CHU,OPT,CHUF7 C1410,2027-01-08,C,1.41,0.001300000,3,2
2026-08-24,CHU,OPT,CHUF7 C1420,2027-01-08,C,1.42,0.001000000,3,
2026-08-24,CHU,OPT,CHUF7 C1430,2027-01-08,C,1.43,0.000800000,3,
2026-08-24,CHU,OPT,CHUF7 C1440,2027-01-08,C,1.44,0.000700000,3,
2026-08-24,CHU,OPT,CHUF7 C1450,2027-01-08,C,1.45,0.000600000,3,
2026-08-24,CHU,OPT,CHUF7 C1460,2027-01-08,C,1.46,0.000450000,3,1
2026-08-24,CHU,OPT,CHUF7 P1160,2027-01-08,P,1.16,0.000450000,3,
2026-08-24,CHU,OPT,CHUF7 P1170,2027-01-08,P,1.17,0.000700000,3,
2026-08-24,CHU,OPT,CHUF7 P1180,2027-01-08,P,1.18,0.001000000,3,
2026-08-24,CHU,OPT,CHUF7 P1190,2027-01-08,P,1.19,0.001500000,3,
2026-08-24,CHU,OPT,CHUF7 P1200,2027-01-08,P,1.2,0.002100000,3,
2026-08-24,CHU,OPT,CHUF7 P1205,2027-01-08,P,1.205,0.002500000,3,
2026-08-24,CHU,OPT,CHUF7 P1210,2027-01-08,P,1.21,0.003000000,3,
2026-08-24,CHU,OPT,CHUF7 P1215,2027-01-08,P,1.215,0.003600000,3,
2026-08-24,CHU,OPT,CHUF7 P1220,2027-01-08,P,1.22,0.004200000,3,10
2026-08-24,CHU,OPT,CHUF7 P1225,2027-01-08,P,1.225,0.005000000,3,
2026-08-24,CHU,OPT,CHUF7 P1230,2027-01-08,P,1.23,0.005900000,3,
2026-08-24,CHU,OPT,CHUF7 P1235,2027-01-08,P,1.235,0.006900000,3,
2026-08-24,CHU,OPT,CHUF7 P1240,2027-01-08,P,1.24,0.008100000,3,
2026-08-24,CHU,OPT,CHUF7 P1245,2027-01-08,P,1.245,0.009500000,3,
2026-08-24,CHU,OPT,CHUF7 P1250,2027-01-08,P,1.25,0.011000000,3,
2026-08-24,CHU,OPT,CHUF7 P1255,2027-01-08,P,1.255,0.012800000,3,110
2026-08-24,CHU,OPT,CHUF7 P1260,2027-01-08,P,1.26,0.014700000,3,110
2026-08-24,CHU,OPT,CHUF7 P1265,2027-01-08,P,1.265,0.016800000,3,118
2026-08-24,CHU,OPT,CHUF7 P1270,2027-01-08,P,1.27,0.019200000,3,
2026-08-24,CHU,OPT,CHUF7 P1275,2027-01-08,P,1.275,0.021700000,3,
2026-08-24,CHU,OPT,CHUF7 P1280,2027-01-08,P,1.28,0.024500000,3,2
2026-08-24,CHU,OPT,CHUF7 P1285,2027-01-08,P,1.285,0.027500000,3,
2026-08-24,CHU,OPT,CHUF7 P1290,2027-01-08,P,1.29,0.030600000,3,
2026-08-24,CHU,OPT,CHUF7 P1295,2027-01-08,P,1.295,0.033900000,3,
2026-08-24,CHU,OPT,CHUF7 P1300,2027-01-08,P,1.3,0.037400000,3,1
2026-08-24,CHU,OPT,CHUF7 P1305,2027-01-08,P,1.305,0.041000000,3,
2026-08-24,CHU,OPT,CHUF7 P1310,2027-01-08,P,1.31,0.044800000,3,
2026-08-24,CHU,OPT,CHUF7 P1315,2027-01-08,P,1.315,0.048700000,3,
2026-08-24,CHU,OPT,CHUF7 P1320,2027-01-08,P,1.32,0.052700000,3,16
2026-08-24,CHU,OPT,CHUF7 P1325,2027-01-08,P,1.325,0.056800000,3,
2026-08-24,CHU,OPT,CHUF7 P1330,2027-01-08,P,1.33,0.061000000,3,
2026-08-24,CHU,OPT,CHUF7 P1335,2027-01-08,P,1.335,0.065200000,3,
2026-08-24,CHU,OPT,CHUF7 P1340,2027-01-08,P,1.34,0.069600000,3,
2026-08-24,CHU,OPT,CHUF7 P1345,2027-01-08,P,1.345,0.073900000,3,
2026-08-24,CHU,OPT,CHUF7 P1350,2027-01-08,P,1.35,0.078400000,3,
2026-08-24,CHU,OPT,CHUF7 P1355,2027-01-08,P,1.355,0.082800000,3,99
2026-08-24,CHU,OPT,CHUF7 P1360,2027-01-08,P,1.36,0.087400000,3,
2026-08-24,CHU,OPT,CHUF7 P1365,2027-01-08,P,1.365,0.091900000,3,
2026-08-24,CHU,OPT,CHUF7 P1370,2027-01-08,P,1.37,0.096500000,3,
2026-08-24,CHU,OPT,CHUF7 P1375,2027-01-08,P,1.375,0.101200000,3,
2026-08-24,CHU,OPT,CHUF7 P1380,2027-01-08,P,1.38,0.105900000,3,
2026-08-24,CHU,OPT,CHUF7 P1385,2027-01-08,P,1.385,0.110600000,3,
2026-08-24,CHU,OPT,CHUF7 P1390,2027-01-08,P,1.39,0.115300000,3,
2026-08-24,CHU,OPT,CHUF7 P1395,2027-01-08,P,1.395,0.120100000,3,
2026-08-24,CHU,OPT,CHUF7 P1400,2027-01-08,P,1.4,0.124900000,3,
2026-08-24,CHU,OPT,CHUF7 P1405,2027-01-08,P,1.405,0.129700000,3,
2026-08-24,CHU,OPT,CHUF7 P1410,2027-01-08,P,1.41,0.134500000,3,
2026-08-24,CHU,OPT,CHUF7 P1420,2027-01-08,P,1.42,0.144100000,3,
2026-08-24,CHU,OPT,CHUF7 P1430,2027-01-08,P,1.43,0.153700000,3,
2026-08-24,CHU,OPT,CHUF7 P1440,2027-01-08,P,1.44,0.163500000,3,
2026-08-24,CHU,OPT,CHUF7 P1450,2027-01-08,P,1.45,0.173200000,3,
2026-08-24,CHU,OPT,CHUF7 P1460,2027-01-08,P,1.46,0.183000000,3,
2026-08-24,CHU,OPT,CHUG7 C1160,2027-02-05,C,1.16,0.113800000,3,
2026-08-24,CHU,OPT,CHUG7 C1170,2027-02-05,C,1.17,0.104300000,3,
2026-08-24,CHU,OPT,CHUG7 C1180,2027-02-05,C,1.18,0.094900000,3,
2026-08-24,CHU,OPT,CHUG7 C1190,2027-02-05,C,1.19,0.085700000,3,
2026-08-24,CHU,OPT,CHUG7 C1200,2027-02-05,C,1.2,0.076700000,3,
2026-08-24,CHU,OPT,CHUG7 C1205,2027-02-05,C,1.205,0.072300000,3,
2026-08-24,CHU,OPT,CHUG7 C1210,2027-02-05,C,1.21,0.068000000,3,
2026-08-24,CHU,OPT,CHUG7 C1215,2027-02-05,C,1.215,0.063700000,3,
2026-08-24,CHU,OPT,CHUG7 C1220,2027-02-05,C,1.22,0.059600000,3,
2026-08-24,CHU,OPT,CHUG7 C1225,2027-02-05,C,1.225,0.055600000,3,
2026-08-24,CHU,OPT,CHUG7 C1230,2027-02-05,C,1.23,0.051700000,3,
2026-08-24,CHU,OPT,CHUG7 C1235,2027-02-05,C,1.235,0.047900000,3,
2026-08-24,CHU,OPT,CHUG7 C1240,2027-02-05,C,1.24,0.044300000,3,
2026-08-24,CHU,OPT,CHUG7 C1245,2027-02-05,C,1.245,0.040900000,3,
2026-08-24,CHU,OPT,CHUG7 C1250,2027-02-05,C,1.25,0.037600000,3,
2026-08-24,CHU,OPT,CHUG7 C1255,2027-02-05,C,1.255,0.034500000,3,80
2026-08-24,CHU,OPT,CHUG7 C1260,2027-02-05,C,1.26,0.031600000,3,
2026-08-24,CHU,OPT,CHUG7 C1265,2027-02-05,C,1.265,0.028900000,3,
2026-08-24,CHU,OPT,CHUG7 C1270,2027-02-05,C,1.27,0.026300000,3,
2026-08-24,CHU,OPT,CHUG7 C1275,2027-02-05,C,1.275,0.023900000,3,
2026-08-24,CHU,OPT,CHUG7 C1280,2027-02-05,C,1.28,0.021800000,3,
2026-08-24,CHU,OPT,CHUG7 C1285,2027-02-05,C,1.285,0.019800000,3,
2026-08-24,CHU,OPT,CHUG7 C1290,2027-02-05,C,1.29,0.017900000,3,
2026-08-24,CHU,OPT,CHUG7 C1295,2027-02-05,C,1.295,0.016300000,3,
2026-08-24,CHU,OPT,CHUG7 C1300,2027-02-05,C,1.3,0.014800000,3,2
2026-08-24,CHU,OPT,CHUG7 C1305,2027-02-05,C,1.305,0.013400000,3,
2026-08-24,CHU,OPT,CHUG7 C1310,2027-02-05,C,1.31,0.012200000,3,
2026-08-24,CHU,OPT,CHUG7 C1315,2027-02-05,C,1.315,0.011100000,3,
2026-08-24,CHU,OPT,CHUG7 C1320,2027-02-05,C,1.32,0.010100000,3,
2026-08-24,CHU,OPT,CHUG7 C1325,2027-02-05,C,1.325,0.009200000,3,6
2026-08-24,CHU,OPT,CHUG7 C1330,2027-02-05,C,1.33,0.008400000,3,
2026-08-24,CHU,OPT,CHUG7 C1335,2027-02-05,C,1.335,0.007600000,3,
2026-08-24,CHU,OPT,CHUG7 C1340,2027-02-05,C,1.34,0.006900000,3,
2026-08-24,CHU,OPT,CHUG7 C1345,2027-02-05,C,1.345,0.006300000,3,
2026-08-24,CHU,OPT,CHUG7 C1350,2027-02-05,C,1.35,0.005700000,3,
2026-08-24,CHU,OPT,CHUG7 C1355,2027-02-05,C,1.355,0.005200000,3,
2026-08-24,CHU,OPT,CHUG7 C1360,2027-02-05,C,1.36,0.004700000,3,
2026-08-24,CHU,OPT,CHUG7 C1365,2027-02-05,C,1.365,0.004300000,3,
2026-08-24,CHU,OPT,CHUG7 C1370,2027-02-05,C,1.37,0.003900000,3,
2026-08-24,CHU,OPT,CHUG7 C1375,2027-02-05,C,1.375,0.003500000,3,
2026-08-24,CHU,OPT,CHUG7 C1380,2027-02-05,C,1.38,0.003200000,3,
2026-08-24,CHU,OPT,CHUG7 C1385,2027-02-05,C,1.385,0.002900000,3,
2026-08-24,CHU,OPT,CHUG7 C1390,2027-02-05,C,1.39,0.002700000,3,
2026-08-24,CHU,OPT,CHUG7 C1395,2027-02-05,C,1.395,0.002400000,3,
2026-08-24,CHU,OPT,CHUG7 C1400,2027-02-05,C,1.4,0.002200000,3,
2026-08-24,CHU,OPT,CHUG7 C1405,2027-02-05,C,1.405,0.002000000,3,
2026-08-24,CHU,OPT,CHUG7 C1410,2027-02-05,C,1.41,0.001900000,3,
2026-08-24,CHU,OPT,CHUG7 C1420,2027-02-05,C,1.42,0.001500000,3,
2026-08-24,CHU,OPT,CHUG7 C1430,2027-02-05,C,1.43,0.001300000,3,
2026-08-24,CHU,OPT,CHUG7 C1440,2027-02-05,C,1.44,0.001100000,3,1
2026-08-24,CHU,OPT,CHUG7 C1450,2027-02-05,C,1.45,0.000900000,3,
2026-08-24,CHU,OPT,CHUG7 C1460,2027-02-05,C,1.46,0.000700000,3,
2026-08-24,CHU,OPT,CHUG7 P1160,2027-02-05,P,1.16,0.000900000,3,
2026-08-24,CHU,OPT,CHUG7 P1170,2027-02-05,P,1.17,0.001200000,3,
2026-08-24,CHU,OPT,CHUG7 P1180,2027-02-05,P,1.18,0.001600000,3,
2026-08-24,CHU,OPT,CHUG7 P1190,2027-02-05,P,1.19,0.002200000,3,
2026-08-24,CHU,OPT,CHUG7 P1200,2027-02-05,P,1.2,0.003000000,3,
2026-08-24,CHU,OPT,CHUG7 P1205,2027-02-05,P,1.205,0.003600000,3,
2026-08-24,CHU,OPT,CHUG7 P1210,2027-02-05,P,1.21,0.004200000,3,
2026-08-24,CHU,OPT,CHUG7 P1215,2027-02-05,P,1.215,0.004900000,3,
2026-08-24,CHU,OPT,CHUG7 P1220,2027-02-05,P,1.22,0.005600000,3,
2026-08-24,CHU,OPT,CHUG7 P1225,2027-02-05,P,1.225,0.006500000,3,
2026-08-24,CHU,OPT,CHUG7 P1230,2027-02-05,P,1.23,0.007600000,3,
2026-08-24,CHU,OPT,CHUG7 P1235,2027-02-05,P,1.235,0.008700000,3,
2026-08-24,CHU,OPT,CHUG7 P1240,2027-02-05,P,1.24,0.010000000,3,
2026-08-24,CHU,OPT,CHUG7 P1245,2027-02-05,P,1.245,0.011500000,3,
2026-08-24,CHU,OPT,CHUG7 P1250,2027-02-05,P,1.25,0.013100000,3,
2026-08-24,CHU,OPT,CHUG7 P1255,2027-02-05,P,1.255,0.014900000,3,
2026-08-24,CHU,OPT,CHUG7 P1260,2027-02-05,P,1.26,0.016900000,3,200
2026-08-24,CHU,OPT,CHUG7 P1265,2027-02-05,P,1.265,0.019100000,3,
2026-08-24,CHU,OPT,CHUG7 P1270,2027-02-05,P,1.27,0.021500000,3,
2026-08-24,CHU,OPT,CHUG7 P1275,2027-02-05,P,1.275,0.024000000,3,
2026-08-24,CHU,OPT,CHUG7 P1280,2027-02-05,P,1.28,0.026800000,3,
2026-08-24,CHU,OPT,CHUG7 P1285,2027-02-05,P,1.285,0.029700000,3,
2026-08-24,CHU,OPT,CHUG7 P1290,2027-02-05,P,1.29,0.032800000,3,80
2026-08-24,CHU,OPT,CHUG7 P1295,2027-02-05,P,1.295,0.036000000,3,
2026-08-24,CHU,OPT,CHUG7 P1300,2027-02-05,P,1.3,0.039400000,3,
2026-08-24,CHU,OPT,CHUG7 P1305,2027-02-05,P,1.305,0.043000000,3,
2026-08-24,CHU,OPT,CHUG7 P1310,2027-02-05,P,1.31,0.046700000,3,
2026-08-24,CHU,OPT,CHUG7 P1315,2027-02-05,P,1.315,0.050500000,3,
2026-08-24,CHU,OPT,CHUG7 P1320,2027-02-05,P,1.32,0.054400000,3,
2026-08-24,CHU,OPT,CHUG7 P1325,2027-02-05,P,1.325,0.058400000,3,
2026-08-24,CHU,OPT,CHUG7 P1330,2027-02-05,P,1.33,0.062500000,3,
2026-08-24,CHU,OPT,CHUG7 P1335,2027-02-05,P,1.335,0.066700000,3,
2026-08-24,CHU,OPT,CHUG7 P1340,2027-02-05,P,1.34,0.070900000,3,
2026-08-24,CHU,OPT,CHUG7 P1345,2027-02-05,P,1.345,0.075200000,3,
2026-08-24,CHU,OPT,CHUG7 P1350,2027-02-05,P,1.35,0.079600000,3,
2026-08-24,CHU,OPT,CHUG7 P1355,2027-02-05,P,1.355,0.083900000,3,
2026-08-24,CHU,OPT,CHUG7 P1360,2027-02-05,P,1.36,0.088400000,3,
2026-08-24,CHU,OPT,CHUG7 P1365,2027-02-05,P,1.365,0.092900000,3,
2026-08-24,CHU,OPT,CHUG7 P1370,2027-02-05,P,1.37,0.097400000,3,
2026-08-24,CHU,OPT,CHUG7 P1375,2027-02-05,P,1.375,0.101900000,3,
2026-08-24,CHU,OPT,CHUG7 P1380,2027-02-05,P,1.38,0.106500000,3,
2026-08-24,CHU,OPT,CHUG7 P1385,2027-02-05,P,1.385,0.111200000,3,
2026-08-24,CHU,OPT,CHUG7 P1390,2027-02-05,P,1.39,0.115800000,3,
2026-08-24,CHU,OPT,CHUG7 P1395,2027-02-05,P,1.395,0.120500000,3,
2026-08-24,CHU,OPT,CHUG7 P1400,2027-02-05,P,1.4,0.125200000,3,
2026-08-24,CHU,OPT,CHUG7 P1405,2027-02-05,P,1.405,0.129900000,3,
2026-08-24,CHU,OPT,CHUG7 P1410,2027-02-05,P,1.41,0.134700000,3,
2026-08-24,CHU,OPT,CHUG7 P1420,2027-02-05,P,1.42,0.144200000,3,
2026-08-24,CHU,OPT,CHUG7 P1430,2027-02-05,P,1.43,0.153700000,3,
2026-08-24,CHU,OPT,CHUG7 P1440,2027-02-05,P,1.44,0.163300000,3,
2026-08-24,CHU,OPT,CHUG7 P1450,2027-02-05,P,1.45,0.173000000,3,
2026-08-24,CHU,OPT,CHUG7 P1460,2027-02-05,P,1.46,0.182700000,3,
2026-08-24,CHU,OPT,CHUH7 C1120,2027-03-05,C,1.12,0.152200000,3,
2026-08-24,CHU,OPT,CHUH7 C1130,2027-03-05,C,1.13,0.142600000,3,
2026-08-24,CHU,OPT,CHUH7 C1140,2027-03-05,C,1.14,0.133000000,3,1
2026-08-24,CHU,OPT,CHUH7 C1150,2027-03-05,C,1.15,0.123400000,3,
2026-08-24,CHU,OPT,CHUH7 C1160,2027-03-05,C,1.16,0.113900000,3,
2026-08-24,CHU,OPT,CHUH7 C1165,2027-03-05,C,1.165,0.109200000,3,
2026-08-24,CHU,OPT,CHUH7 C1170,2027-03-05,C,1.17,0.104600000,3,1
2026-08-24,CHU,OPT,CHUH7 C1175,2027-03-05,C,1.175,0.099900000,3,
2026-08-24,CHU,OPT,CHUH7 C1180,2027-03-05,C,1.18,0.095300000,3,
2026-08-24,CHU,OPT,CHUH7 C1185,2027-03-05,C,1.185,0.090800000,3,
2026-08-24,CHU,OPT,CHUH7 C1190,2027-03-05,C,1.19,0.086300000,3,
2026-08-24,CHU,OPT,CHUH7 C1195,2027-03-05,C,1.195,0.081800000,3,
2026-08-24,CHU,OPT,CHUH7 C1200,2027-03-05,C,1.2,0.077400000,3,
2026-08-24,CHU,OPT,CHUH7 C1205,2027-03-05,C,1.205,0.073100000,3,
2026-08-24,CHU,OPT,CHUH7 C1210,2027-03-05,C,1.21,0.068900000,3,
2026-08-24,CHU,OPT,CHUH7 C1215,2027-03-05,C,1.215,0.064800000,3,1
2026-08-24,CHU,OPT,CHUH7 C1220,2027-03-05,C,1.22,0.060800000,3,
2026-08-24,CHU,OPT,CHUH7 C1225,2027-03-05,C,1.225,0.056800000,3,4
2026-08-24,CHU,OPT,CHUH7 C1230,2027-03-05,C,1.23,0.053100000,3,1
2026-08-24,CHU,OPT,CHUH7 C1235,2027-03-05,C,1.235,0.049400000,3,
2026-08-24,CHU,OPT,CHUH7 C1240,2027-03-05,C,1.24,0.045900000,3,
2026-08-24,CHU,OPT,CHUH7 C1245,2027-03-05,C,1.245,0.042600000,3,
2026-08-24,CHU,OPT,CHUH7 C1250,2027-03-05,C,1.25,0.039400000,3,
2026-08-24,CHU,OPT,CHUH7 C1255,2027-03-05,C,1.255,0.036400000,3,
2026-08-24,CHU,OPT,CHUH7 C1260,2027-03-05,C,1.26,0.033500000,3,
2026-08-24,CHU,OPT,CHUH7 C1265,2027-03-05,C,1.265,0.030800000,3,
2026-08-24,CHU,OPT,CHUH7 C1270,2027-03-05,C,1.27,0.028300000,3,1
2026-08-24,CHU,OPT,CHUH7 C1275,2027-03-05,C,1.275,0.026000000,3,
2026-08-24,CHU,OPT,CHUH7 C1280,2027-03-05,C,1.28,0.023800000,3,
2026-08-24,CHU,OPT,CHUH7 C1285,2027-03-05,C,1.285,0.021800000,3,
2026-08-24,CHU,OPT,CHUH7 C1290,2027-03-05,C,1.29,0.019900000,3,1
2026-08-24,CHU,OPT,CHUH7 C1295,2027-03-05,C,1.295,0.018200000,3,1
2026-08-24,CHU,OPT,CHUH7 C1300,2027-03-05,C,1.3,0.016700000,3,50
2026-08-24,CHU,OPT,CHUH7 C1305,2027-03-05,C,1.305,0.015300000,3,5
2026-08-24,CHU,OPT,CHUH7 C1310,2027-03-05,C,1.31,0.014000000,3,
2026-08-24,CHU,OPT,CHUH7 C1315,2027-03-05,C,1.315,0.012800000,3,
2026-08-24,CHU,OPT,CHUH7 C1320,2027-03-05,C,1.32,0.011700000,3,157
2026-08-24,CHU,OPT,CHUH7 C1325,2027-03-05,C,1.325,0.010700000,3,
2026-08-24,CHU,OPT,CHUH7 C1330,2027-03-05,C,1.33,0.009900000,3,
2026-08-24,CHU,OPT,CHUH7 C1335,2027-03-05,C,1.335,0.009000000,3,
2026-08-24,CHU,OPT,CHUH7 C1340,2027-03-05,C,1.34,0.008300000,3,5
2026-08-24,CHU,OPT,CHUH7 C1345,2027-03-05,C,1.345,0.007600000,3,
2026-08-24,CHU,OPT,CHUH7 C1350,2027-03-05,C,1.35,0.007000000,3,
2026-08-24,CHU,OPT,CHUH7 C1355,2027-03-05,C,1.355,0.006500000,3,
2026-08-24,CHU,OPT,CHUH7 C1360,2027-03-05,C,1.36,0.005900000,3,2
2026-08-24,CHU,OPT,CHUH7 C1365,2027-03-05,C,1.365,0.005500000,3,
2026-08-24,CHU,OPT,CHUH7 C1370,2027-03-05,C,1.37,0.005000000,3,
2026-08-24,CHU,OPT,CHUH7 C1375,2027-03-05,C,1.375,0.004600000,3,
2026-08-24,CHU,OPT,CHUH7 C1380,2027-03-05,C,1.38,0.004200000,3,
2026-08-24,CHU,OPT,CHUH7 C1385,2027-03-05,C,1.385,0.003900000,3,
2026-08-24,CHU,OPT,CHUH7 C1390,2027-03-05,C,1.39,0.003600000,3,
2026-08-24,CHU,OPT,CHUH7 C1395,2027-03-05,C,1.395,0.003300000,3,
2026-08-24,CHU,OPT,CHUH7 C1400,2027-03-05,C,1.4,0.003000000,3,
2026-08-24,CHU,OPT,CHUH7 C1405,2027-03-05,C,1.405,0.002800000,3,
2026-08-24,CHU,OPT,CHUH7 C1410,2027-03-05,C,1.41,0.002600000,3,
2026-08-24,CHU,OPT,CHUH7 C1420,2027-03-05,C,1.42,0.002200000,3,1
2026-08-24,CHU,OPT,CHUH7 C1430,2027-03-05,C,1.43,0.001900000,3,1
2026-08-24,CHU,OPT,CHUH7 C1440,2027-03-05,C,1.44,0.001600000,3,
2026-08-24,CHU,OPT,CHUH7 C1450,2027-03-05,C,1.45,0.001400000,3,1
2026-08-24,CHU,OPT,CHUH7 C1460,2027-03-05,C,1.46,0.001200000,3,
2026-08-24,CHU,OPT,CHUH7 P1120,2027-03-05,P,1.12,0.000450000,3,
2026-08-24,CHU,OPT,CHUH7 P1130,2027-03-05,P,1.13,0.000600000,3,
2026-08-24,CHU,OPT,CHUH7 P1140,2027-03-05,P,1.14,0.000800000,3,
2026-08-24,CHU,OPT,CHUH7 P1150,2027-03-05,P,1.15,0.001000000,3,
2026-08-24,CHU,OPT,CHUH7 P1160,2027-03-05,P,1.16,0.001300000,3,
2026-08-24,CHU,OPT,CHUH7 P1165,2027-03-05,P,1.165,0.001500000,3,
2026-08-24,CHU,OPT,CHUH7 P1170,2027-03-05,P,1.17,0.001800000,3,
2026-08-24,CHU,OPT,CHUH7 P1175,2027-03-05,P,1.175,0.002000000,3,
2026-08-24,CHU,OPT,CHUH7 P1180,2027-03-05,P,1.18,0.002300000,3,
2026-08-24,CHU,OPT,CHUH7 P1185,2027-03-05,P,1.185,0.002700000,3,
2026-08-24,CHU,OPT,CHUH7 P1190,2027-03-05,P,1.19,0.003100000,3,
2026-08-24,CHU,OPT,CHUH7 P1195,2027-03-05,P,1.195,0.003500000,3,
2026-08-24,CHU,OPT,CHUH7 P1200,2027-03-05,P,1.2,0.004000000,3,
2026-08-24,CHU,OPT,CHUH7 P1205,2027-03-05,P,1.205,0.004600000,3,
2026-08-24,CHU,OPT,CHUH7 P1210,2027-03-05,P,1.21,0.005300000,3,
2026-08-24,CHU,OPT,CHUH7 P1215,2027-03-05,P,1.215,0.006100000,3,
2026-08-24,CHU,OPT,CHUH7 P1220,2027-03-05,P,1.22,0.007000000,3,
2026-08-24,CHU,OPT,CHUH7 P1225,2027-03-05,P,1.225,0.007900000,3,
2026-08-24,CHU,OPT,CHUH7 P1230,2027-03-05,P,1.23,0.009100000,3,80
2026-08-24,CHU,OPT,CHUH7 P1235,2027-03-05,P,1.235,0.010300000,3,
2026-08-24,CHU,OPT,CHUH7 P1240,2027-03-05,P,1.24,0.011700000,3,
2026-08-24,CHU,OPT,CHUH7 P1245,2027-03-05,P,1.245,0.013300000,3,
2026-08-24,CHU,OPT,CHUH7 P1250,2027-03-05,P,1.25,0.015000000,3,
2026-08-24,CHU,OPT,CHUH7 P1255,2027-03-05,P,1.255,0.016900000,3,
2026-08-24,CHU,OPT,CHUH7 P1260,2027-03-05,P,1.26,0.018900000,3,
2026-08-24,CHU,OPT,CHUH7 P1265,2027-03-05,P,1.265,0.021100000,3,
2026-08-24,CHU,OPT,CHUH7 P1270,2027-03-05,P,1.27,0.023500000,3,
2026-08-24,CHU,OPT,CHUH7 P1275,2027-03-05,P,1.275,0.026000000,3,
2026-08-24,CHU,OPT,CHUH7 P1280,2027-03-05,P,1.28,0.028800000,3,
2026-08-24,CHU,OPT,CHUH7 P1285,2027-03-05,P,1.285,0.031700000,3,
2026-08-24,CHU,OPT,CHUH7 P1290,2027-03-05,P,1.29,0.034700000,3,
2026-08-24,CHU,OPT,CHUH7 P1295,2027-03-05,P,1.295,0.037900000,3,
2026-08-24,CHU,OPT,CHUH7 P1300,2027-03-05,P,1.3,0.041300000,3,
2026-08-24,CHU,OPT,CHUH7 P1305,2027-03-05,P,1.305,0.044800000,3,
2026-08-24,CHU,OPT,CHUH7 P1310,2027-03-05,P,1.31,0.048400000,3,
2026-08-24,CHU,OPT,CHUH7 P1315,2027-03-05,P,1.315,0.052100000,3,
2026-08-24,CHU,OPT,CHUH7 P1320,2027-03-05,P,1.32,0.055900000,3,
2026-08-24,CHU,OPT,CHUH7 P1325,2027-03-05,P,1.325,0.059800000,3,
2026-08-24,CHU,OPT,CHUH7 P1330,2027-03-05,P,1.33,0.063900000,3,
2026-08-24,CHU,OPT,CHUH7 P1335,2027-03-05,P,1.335,0.067900000,3,
2026-08-24,CHU,OPT,CHUH7 P1340,2027-03-05,P,1.34,0.072100000,3,10
2026-08-24,CHU,OPT,CHUH7 P1345,2027-03-05,P,1.345,0.076300000,3,
2026-08-24,CHU,OPT,CHUH7 P1350,2027-03-05,P,1.35,0.080600000,3,
2026-08-24,CHU,OPT,CHUH7 P1355,2027-03-05,P,1.355,0.085000000,3,
2026-08-24,CHU,OPT,CHUH7 P1360,2027-03-05,P,1.36,0.089300000,3,
2026-08-24,CHU,OPT,CHUH7 P1365,2027-03-05,P,1.365,0.093800000,3,
2026-08-24,CHU,OPT,CHUH7 P1370,2027-03-05,P,1.37,0.098200000,3,
2026-08-24,CHU,OPT,CHUH7 P1375,2027-03-05,P,1.375,0.102700000,3,
2026-08-24,CHU,OPT,CHUH7 P1380,2027-03-05,P,1.38,0.107200000,3,
2026-08-24,CHU,OPT,CHUH7 P1385,2027-03-05,P,1.385,0.111800000,3,
2026-08-24,CHU,OPT,CHUH7 P1390,2027-03-05,P,1.39,0.116400000,3,
2026-08-24,CHU,OPT,CHUH7 P1395,2027-03-05,P,1.395,0.121000000,3,
2026-08-24,CHU,OPT,CHUH7 P1400,2027-03-05,P,1.4,0.125600000,3,
2026-08-24,CHU,OPT,CHUH7 P1405,2027-03-05,P,1.405,0.130300000,3,
2026-08-24,CHU,OPT,CHUH7 P1410,2027-03-05,P,1.41,0.135000000,3,
2026-08-24,CHU,OPT,CHUH7 P1420,2027-03-05,P,1.42,0.144400000,3,
2026-08-24,CHU,OPT,CHUH7 P1430,2027-03-05,P,1.43,0.153900000,3,
2026-08-24,CHU,OPT,CHUH7 P1440,2027-03-05,P,1.44,0.163400000,3,
2026-08-24,CHU,OPT,CHUH7 P1450,2027-03-05,P,1.45,0.173000000,3,
2026-08-24,CHU,OPT,CHUH7 P1460,2027-03-05,P,1.46,0.182600000,3,
2026-08-24,CHU,OPT,CHUJ7 C1170,2027-04-09,C,1.17,0.117200000,3,
2026-08-24,CHU,OPT,CHUJ7 C1180,2027-04-09,C,1.18,0.108000000,3,
2026-08-24,CHU,OPT,CHUJ7 C1190,2027-04-09,C,1.19,0.098900000,3,
2026-08-24,CHU,OPT,CHUJ7 C1200,2027-04-09,C,1.2,0.090100000,3,
2026-08-24,CHU,OPT,CHUJ7 C1210,2027-04-09,C,1.21,0.081500000,3,
2026-08-24,CHU,OPT,CHUJ7 C1215,2027-04-09,C,1.215,0.077300000,3,
2026-08-24,CHU,OPT,CHUJ7 C1220,2027-04-09,C,1.22,0.073100000,3,
2026-08-24,CHU,OPT,CHUJ7 C1225,2027-04-09,C,1.225,0.069100000,3,
2026-08-24,CHU,OPT,CHUJ7 C1230,2027-04-09,C,1.23,0.065100000,3,
2026-08-24,CHU,OPT,CHUJ7 C1235,2027-04-09,C,1.235,0.061300000,3,
2026-08-24,CHU,OPT,CHUJ7 C1240,2027-04-09,C,1.24,0.057500000,3,
2026-08-24,CHU,OPT,CHUJ7 C1245,2027-04-09,C,1.245,0.053900000,3,
2026-08-24,CHU,OPT,CHUJ7 C1250,2027-04-09,C,1.25,0.050400000,3,
2026-08-24,CHU,OPT,CHUJ7 C1255,2027-04-09,C,1.255,0.047000000,3,
2026-08-24,CHU,OPT,CHUJ7 C1260,2027-04-09,C,1.26,0.043800000,3,
2026-08-24,CHU,OPT,CHUJ7 C1265,2027-04-09,C,1.265,0.040800000,3,1
2026-08-24,CHU,OPT,CHUJ7 C1270,2027-04-09,C,1.27,0.037800000,3,
2026-08-24,CHU,OPT,CHUJ7 C1275,2027-04-09,C,1.275,0.035100000,3,
2026-08-24,CHU,OPT,CHUJ7 C1280,2027-04-09,C,1.28,0.032500000,3,
2026-08-24,CHU,OPT,CHUJ7 C1285,2027-04-09,C,1.285,0.030000000,3,
2026-08-24,CHU,OPT,CHUJ7 C1290,2027-04-09,C,1.29,0.027800000,3,
2026-08-24,CHU,OPT,CHUJ7 C1295,2027-04-09,C,1.295,0.025700000,3,
2026-08-24,CHU,OPT,CHUJ7 C1300,2027-04-09,C,1.3,0.023700000,3,
2026-08-24,CHU,OPT,CHUJ7 C1305,2027-04-09,C,1.305,0.021900000,3,
2026-08-24,CHU,OPT,CHUJ7 C1310,2027-04-09,C,1.31,0.020200000,3,
2026-08-24,CHU,OPT,CHUJ7 C1315,2027-04-09,C,1.315,0.018700000,3,
2026-08-24,CHU,OPT,CHUJ7 C1320,2027-04-09,C,1.32,0.017300000,3,
2026-08-24,CHU,OPT,CHUJ7 C1325,2027-04-09,C,1.325,0.016000000,3,
2026-08-24,CHU,OPT,CHUJ7 C1330,2027-04-09,C,1.33,0.014700000,3,
2026-08-24,CHU,OPT,CHUJ7 C1335,2027-04-09,C,1.335,0.013600000,3,
2026-08-24,CHU,OPT,CHUJ7 C1340,2027-04-09,C,1.34,0.012600000,3,
2026-08-24,CHU,OPT,CHUJ7 C1345,2027-04-09,C,1.345,0.011600000,3,
2026-08-24,CHU,OPT,CHUJ7 C1350,2027-04-09,C,1.35,0.010800000,3,
2026-08-24,CHU,OPT,CHUJ7 C1355,2027-04-09,C,1.355,0.010000000,3,
2026-08-24,CHU,OPT,CHUJ7 C1360,2027-04-09,C,1.36,0.009200000,3,1
2026-08-24,CHU,OPT,CHUJ7 C1365,2027-04-09,C,1.365,0.008500000,3,
2026-08-24,CHU,OPT,CHUJ7 C1370,2027-04-09,C,1.37,0.007900000,3,1
2026-08-24,CHU,OPT,CHUJ7 C1375,2027-04-09,C,1.375,0.007300000,3,
2026-08-24,CHU,OPT,CHUJ7 C1380,2027-04-09,C,1.38,0.006800000,3,
2026-08-24,CHU,OPT,CHUJ7 C1385,2027-04-09,C,1.385,0.006300000,3,
2026-08-24,CHU,OPT,CHUJ7 C1390,2027-04-09,C,1.39,0.005800000,3,
2026-08-24,CHU,OPT,CHUJ7 C1400,2027-04-09,C,1.4,0.004900000,3,1
2026-08-24,CHU,OPT,CHUJ7 C1410,2027-04-09,C,1.41,0.004200000,3,
2026-08-24,CHU,OPT,CHUJ7 C1420,2027-04-09,C,1.42,0.003500000,3,
2026-08-24,CHU,OPT,CHUJ7 C1430,2027-04-09,C,1.43,0.003000000,3,
2026-08-24,CHU,OPT,CHUJ7 C1440,2027-04-09,C,1.44,0.002600000,3,
2026-08-24,CHU,OPT,CHUJ7 P1170,2027-04-09,P,1.17,0.001600000,3,
2026-08-24,CHU,OPT,CHUJ7 P1180,2027-04-09,P,1.18,0.002200000,3,
2026-08-24,CHU,OPT,CHUJ7 P1190,2027-04-09,P,1.19,0.002900000,3,
2026-08-24,CHU,OPT,CHUJ7 P1200,2027-04-09,P,1.2,0.003900000,3,
2026-08-24,CHU,OPT,CHUJ7 P1210,2027-04-09,P,1.21,0.005000000,3,
2026-08-24,CHU,OPT,CHUJ7 P1215,2027-04-09,P,1.215,0.005700000,3,
2026-08-24,CHU,OPT,CHUJ7 P1220,2027-04-09,P,1.22,0.006400000,3,
2026-08-24,CHU,OPT,CHUJ7 P1225,2027-04-09,P,1.225,0.007200000,3,
2026-08-24,CHU,OPT,CHUJ7 P1230,2027-04-09,P,1.23,0.008200000,3,
2026-08-24,CHU,OPT,CHUJ7 P1235,2027-04-09,P,1.235,0.009200000,3,
2026-08-24,CHU,OPT,CHUJ7 P1240,2027-04-09,P,1.24,0.010300000,3,
2026-08-24,CHU,OPT,CHUJ7 P1245,2027-04-09,P,1.245,0.011600000,3,
2026-08-24,CHU,OPT,CHUJ7 P1250,2027-04-09,P,1.25,0.013000000,3,
2026-08-24,CHU,OPT,CHUJ7 P1255,2027-04-09,P,1.255,0.014500000,3,
2026-08-24,CHU,OPT,CHUJ7 P1260,2027-04-09,P,1.26,0.016100000,3,1
2026-08-24,CHU,OPT,CHUJ7 P1265,2027-04-09,P,1.265,0.018000000,3,1
2026-08-24,CHU,OPT,CHUJ7 P1270,2027-04-09,P,1.27,0.019900000,3,
2026-08-24,CHU,OPT,CHUJ7 P1275,2027-04-09,P,1.275,0.022100000,3,
2026-08-24,CHU,OPT,CHUJ7 P1280,2027-04-09,P,1.28,0.024300000,3,
2026-08-24,CHU,OPT,CHUJ7 P1285,2027-04-09,P,1.285,0.026800000,3,
2026-08-24,CHU,OPT,CHUJ7 P1290,2027-04-09,P,1.29,0.029400000,3,
2026-08-24,CHU,OPT,CHUJ7 P1295,2027-04-09,P,1.295,0.032200000,3,
2026-08-24,CHU,OPT,CHUJ7 P1300,2027-04-09,P,1.3,0.035100000,3,
2026-08-24,CHU,OPT,CHUJ7 P1305,2027-04-09,P,1.305,0.038200000,3,
2026-08-24,CHU,OPT,CHUJ7 P1310,2027-04-09,P,1.31,0.041400000,3,
2026-08-24,CHU,OPT,CHUJ7 P1315,2027-04-09,P,1.315,0.044700000,3,
2026-08-24,CHU,OPT,CHUJ7 P1320,2027-04-09,P,1.32,0.048200000,3,
2026-08-24,CHU,OPT,CHUJ7 P1325,2027-04-09,P,1.325,0.051700000,3,
2026-08-24,CHU,OPT,CHUJ7 P1330,2027-04-09,P,1.33,0.055400000,3,
2026-08-24,CHU,OPT,CHUJ7 P1335,2027-04-09,P,1.335,0.059200000,3,
2026-08-24,CHU,OPT,CHUJ7 P1340,2027-04-09,P,1.34,0.063000000,3,
2026-08-24,CHU,OPT,CHUJ7 P1345,2027-04-09,P,1.345,0.067000000,3,
2026-08-24,CHU,OPT,CHUJ7 P1350,2027-04-09,P,1.35,0.071000000,3,
2026-08-24,CHU,OPT,CHUJ7 P1355,2027-04-09,P,1.355,0.075000000,3,
2026-08-24,CHU,OPT,CHUJ7 P1360,2027-04-09,P,1.36,0.079200000,3,
2026-08-24,CHU,OPT,CHUJ7 P1365,2027-04-09,P,1.365,0.083400000,3,
2026-08-24,CHU,OPT,CHUJ7 P1370,2027-04-09,P,1.37,0.087600000,3,
2026-08-24,CHU,OPT,CHUJ7 P1375,2027-04-09,P,1.375,0.091900000,3,
2026-08-24,CHU,OPT,CHUJ7 P1380,2027-04-09,P,1.38,0.096200000,3,
2026-08-24,CHU,OPT,CHUJ7 P1385,2027-04-09,P,1.385,0.100600000,3,
2026-08-24,CHU,OPT,CHUJ7 P1390,2027-04-09,P,1.39,0.105000000,3,
2026-08-24,CHU,OPT,CHUJ7 P1400,2027-04-09,P,1.4,0.113900000,3,
2026-08-24,CHU,OPT,CHUJ7 P1410,2027-04-09,P,1.41,0.122900000,3,
2026-08-24,CHU,OPT,CHUJ7 P1420,2027-04-09,P,1.42,0.132100000,3,
2026-08-24,CHU,OPT,CHUJ7 P1430,2027-04-09,P,1.43,0.141300000,3,
2026-08-24,CHU,OPT,CHUJ7 P1440,2027-04-09,P,1.44,0.150600000,3,
2026-08-24,CHU,OPT,CHUK7 C1170,2027-05-07,C,1.17,0.117600000,3,
2026-08-24,CHU,OPT,CHUK7 C1180,2027-05-07,C,1.18,0.108500000,3,
2026-08-24,CHU,OPT,CHUK7 C1190,2027-05-07,C,1.19,0.099500000,3,
2026-08-24,CHU,OPT,CHUK7 C1200,2027-05-07,C,1.2,0.090800000,3,
2026-08-24,CHU,OPT,CHUK7 C1210,2027-05-07,C,1.21,0.082300000,3,
2026-08-24,CHU,OPT,CHUK7 C1215,2027-05-07,C,1.215,0.078100000,3,
2026-08-24,CHU,OPT,CHUK7 C1220,2027-05-07,C,1.22,0.074100000,3,
2026-08-24,CHU,OPT,CHUK7 C1225,2027-05-07,C,1.225,0.070100000,3,
2026-08-24,CHU,OPT,CHUK7 C1230,2027-05-07,C,1.23,0.066300000,3,
2026-08-24,CHU,OPT,CHUK7 C1235,2027-05-07,C,1.235,0.062500000,3,
2026-08-24,CHU,OPT,CHUK7 C1240,2027-05-07,C,1.24,0.058900000,3,
2026-08-24,CHU,OPT,CHUK7 C1245,2027-05-07,C,1.245,0.055300000,3,
2026-08-24,CHU,OPT,CHUK7 C1250,2027-05-07,C,1.25,0.051900000,3,
2026-08-24,CHU,OPT,CHUK7 C1255,2027-05-07,C,1.255,0.048600000,3,
2026-08-24,CHU,OPT,CHUK7 C1260,2027-05-07,C,1.26,0.045500000,3,
2026-08-24,CHU,OPT,CHUK7 C1265,2027-05-07,C,1.265,0.042500000,3,
2026-08-24,CHU,OPT,CHUK7 C1270,2027-05-07,C,1.27,0.039600000,3,
2026-08-24,CHU,OPT,CHUK7 C1275,2027-05-07,C,1.275,0.036900000,3,
2026-08-24,CHU,OPT,CHUK7 C1280,2027-05-07,C,1.28,0.034300000,3,
2026-08-24,CHU,OPT,CHUK7 C1285,2027-05-07,C,1.285,0.031900000,3,
2026-08-24,CHU,OPT,CHUK7 C1290,2027-05-07,C,1.29,0.029700000,3,
2026-08-24,CHU,OPT,CHUK7 C1295,2027-05-07,C,1.295,0.027600000,3,
2026-08-24,CHU,OPT,CHUK7 C1300,2027-05-07,C,1.3,0.025600000,3,
2026-08-24,CHU,OPT,CHUK7 C1305,2027-05-07,C,1.305,0.023800000,3,
2026-08-24,CHU,OPT,CHUK7 C1310,2027-05-07,C,1.31,0.022100000,3,
2026-08-24,CHU,OPT,CHUK7 C1315,2027-05-07,C,1.315,0.020500000,3,
2026-08-24,CHU,OPT,CHUK7 C1320,2027-05-07,C,1.32,0.019100000,3,
2026-08-24,CHU,OPT,CHUK7 C1325,2027-05-07,C,1.325,0.017700000,3,1
2026-08-24,CHU,OPT,CHUK7 C1330,2027-05-07,C,1.33,0.016400000,3,
2026-08-24,CHU,OPT,CHUK7 C1335,2027-05-07,C,1.335,0.015300000,3,
2026-08-24,CHU,OPT,CHUK7 C1340,2027-05-07,C,1.34,0.014200000,3,7
2026-08-24,CHU,OPT,CHUK7 C1345,2027-05-07,C,1.345,0.013200000,3,
2026-08-24,CHU,OPT,CHUK7 C1350,2027-05-07,C,1.35,0.012300000,3,
2026-08-24,CHU,OPT,CHUK7 C1355,2027-05-07,C,1.355,0.011400000,3,
2026-08-24,CHU,OPT,CHUK7 C1360,2027-05-07,C,1.36,0.010600000,3,
2026-08-24,CHU,OPT,CHUK7 C1365,2027-05-07,C,1.365,0.009900000,3,
2026-08-24,CHU,OPT,CHUK7 C1370,2027-05-07,C,1.37,0.009200000,3,
2026-08-24,CHU,OPT,CHUK7 C1375,2027-05-07,C,1.375,0.008600000,3,
2026-08-24,CHU,OPT,CHUK7 C1380,2027-05-07,C,1.38,0.008000000,3,
2026-08-24,CHU,OPT,CHUK7 C1385,2027-05-07,C,1.385,0.007500000,3,
2026-08-24,CHU,OPT,CHUK7 C1390,2027-05-07,C,1.39,0.007000000,3,
2026-08-24,CHU,OPT,CHUK7 C1400,2027-05-07,C,1.4,0.006000000,3,
2026-08-24,CHU,OPT,CHUK7 C1410,2027-05-07,C,1.41,0.005200000,3,
2026-08-24,CHU,OPT,CHUK7 C1420,2027-05-07,C,1.42,0.004400000,3,
2026-08-24,CHU,OPT,CHUK7 C1430,2027-05-07,C,1.43,0.003800000,3,
2026-08-24,CHU,OPT,CHUK7 C1440,2027-05-07,C,1.44,0.003300000,3,1
2026-08-24,CHU,OPT,CHUK7 P1170,2027-05-07,P,1.17,0.002400000,3,
2026-08-24,CHU,OPT,CHUK7 P1180,2027-05-07,P,1.18,0.003000000,3,
2026-08-24,CHU,OPT,CHUK7 P1190,2027-05-07,P,1.19,0.003800000,3,
2026-08-24,CHU,OPT,CHUK7 P1200,2027-05-07,P,1.2,0.004800000,3,1
2026-08-24,CHU,OPT,CHUK7 P1210,2027-05-07,P,1.21,0.006000000,3,
2026-08-24,CHU,OPT,CHUK7 P1215,2027-05-07,P,1.215,0.006800000,3,
2026-08-24,CHU,OPT,CHUK7 P1220,2027-05-07,P,1.22,0.007600000,3,
2026-08-24,CHU,OPT,CHUK7 P1225,2027-05-07,P,1.225,0.008500000,3,
2026-08-24,CHU,OPT,CHUK7 P1230,2027-05-07,P,1.23,0.009500000,3,
2026-08-24,CHU,OPT,CHUK7 P1235,2027-05-07,P,1.235,0.010600000,3,
2026-08-24,CHU,OPT,CHUK7 P1240,2027-05-07,P,1.24,0.011800000,3,
2026-08-24,CHU,OPT,CHUK7 P1245,2027-05-07,P,1.245,0.013100000,3,
2026-08-24,CHU,OPT,CHUK7 P1250,2027-05-07,P,1.25,0.014600000,3,
2026-08-24,CHU,OPT,CHUK7 P1255,2027-05-07,P,1.255,0.016200000,3,
2026-08-24,CHU,OPT,CHUK7 P1260,2027-05-07,P,1.26,0.017900000,3,
2026-08-24,CHU,OPT,CHUK7 P1265,2027-05-07,P,1.265,0.019800000,3,
2026-08-24,CHU,OPT,CHUK7 P1270,2027-05-07,P,1.27,0.021800000,3,
2026-08-24,CHU,OPT,CHUK7 P1275,2027-05-07,P,1.275,0.023900000,3,
2026-08-24,CHU,OPT,CHUK7 P1280,2027-05-07,P,1.28,0.026200000,3,
2026-08-24,CHU,OPT,CHUK7 P1285,2027-05-07,P,1.285,0.028700000,3,
2026-08-24,CHU,OPT,CHUK7 P1290,2027-05-07,P,1.29,0.031300000,3,
2026-08-24,CHU,OPT,CHUK7 P1295,2027-05-07,P,1.295,0.034000000,3,
2026-08-24,CHU,OPT,CHUK7 P1300,2027-05-07,P,1.3,0.036900000,3,
2026-08-24,CHU,OPT,CHUK7 P1305,2027-05-07,P,1.305,0.040000000,3,
2026-08-24,CHU,OPT,CHUK7 P1310,2027-05-07,P,1.31,0.043200000,3,
2026-08-24,CHU,OPT,CHUK7 P1315,2027-05-07,P,1.315,0.046400000,3,
2026-08-24,CHU,OPT,CHUK7 P1320,2027-05-07,P,1.32,0.049900000,3,
2026-08-24,CHU,OPT,CHUK7 P1325,2027-05-07,P,1.325,0.053400000,3,
2026-08-24,CHU,OPT,CHUK7 P1330,2027-05-07,P,1.33,0.057000000,3,
2026-08-24,CHU,OPT,CHUK7 P1335,2027-05-07,P,1.335,0.060700000,3,
2026-08-24,CHU,OPT,CHUK7 P1340,2027-05-07,P,1.34,0.064500000,3,
2026-08-24,CHU,OPT,CHUK7 P1345,2027-05-07,P,1.345,0.068300000,3,
2026-08-24,CHU,OPT,CHUK7 P1350,2027-05-07,P,1.35,0.072300000,3,
2026-08-24,CHU,OPT,CHUK7 P1355,2027-05-07,P,1.355,0.076300000,3,
2026-08-24,CHU,OPT,CHUK7 P1360,2027-05-07,P,1.36,0.080400000,3,
2026-08-24,CHU,OPT,CHUK7 P1365,2027-05-07,P,1.365,0.084500000,3,
2026-08-24,CHU,OPT,CHUK7 P1370,2027-05-07,P,1.37,0.088700000,3,
2026-08-24,CHU,OPT,CHUK7 P1375,2027-05-07,P,1.375,0.092900000,3,
2026-08-24,CHU,OPT,CHUK7 P1380,2027-05-07,P,1.38,0.097200000,3,
2026-08-24,CHU,OPT,CHUK7 P1385,2027-05-07,P,1.385,0.101500000,3,
2026-08-24,CHU,OPT,CHUK7 P1390,2027-05-07,P,1.39,0.105900000,3,
2026-08-24,CHU,OPT,CHUK7 P1400,2027-05-07,P,1.4,0.114600000,3,
2026-08-24,CHU,OPT,CHUK7 P1410,2027-05-07,P,1.41,0.123500000,3,
2026-08-24,CHU,OPT,CHUK7 P1420,2027-05-07,P,1.42,0.132600000,3,
2026-08-24,CHU,OPT,CHUK7 P1430,2027-05-07,P,1.43,0.141700000,3,
2026-08-24,CHU,OPT,CHUK7 P1440,2027-05-07,P,1.44,0.150900000,3,
2026-08-24,CHU,OPT,CHUM7 C1170,2027-06-04,C,1.17,0.117900000,3,
2026-08-24,CHU,OPT,CHUM7 C1180,2027-06-04,C,1.18,0.108900000,3,1
2026-08-24,CHU,OPT,CHUM7 C1190,2027-06-04,C,1.19,0.100100000,3,
2026-08-24,CHU,OPT,CHUM7 C1200,2027-06-04,C,1.2,0.091500000,3,
2026-08-24,CHU,OPT,CHUM7 C1210,2027-06-04,C,1.21,0.083100000,3,
2026-08-24,CHU,OPT,CHUM7 C1215,2027-06-04,C,1.215,0.079000000,3,
2026-08-24,CHU,OPT,CHUM7 C1220,2027-06-04,C,1.22,0.075100000,3,1
2026-08-24,CHU,OPT,CHUM7 C1225,2027-06-04,C,1.225,0.071200000,3,
2026-08-24,CHU,OPT,CHUM7 C1230,2027-06-04,C,1.23,0.067500000,3,
2026-08-24,CHU,OPT,CHUM7 C1235,2027-06-04,C,1.235,0.063800000,3,
2026-08-24,CHU,OPT,CHUM7 C1240,2027-06-04,C,1.24,0.060200000,3,
2026-08-24,CHU,OPT,CHUM7 C1245,2027-06-04,C,1.245,0.056700000,3,
2026-08-24,CHU,OPT,CHUM7 C1250,2027-06-04,C,1.25,0.053400000,3,
2026-08-24,CHU,OPT,CHUM7 C1255,2027-06-04,C,1.255,0.050200000,3,
2026-08-24,CHU,OPT,CHUM7 C1260,2027-06-04,C,1.26,0.047100000,3,
2026-08-24,CHU,OPT,CHUM7 C1265,2027-06-04,C,1.265,0.044100000,3,
2026-08-24,CHU,OPT,CHUM7 C1270,2027-06-04,C,1.27,0.041300000,3,
2026-08-24,CHU,OPT,CHUM7 C1275,2027-06-04,C,1.275,0.038600000,3,
2026-08-24,CHU,OPT,CHUM7 C1280,2027-06-04,C,1.28,0.036100000,3,
2026-08-24,CHU,OPT,CHUM7 C1285,2027-06-04,C,1.285,0.033700000,3,
2026-08-24,CHU,OPT,CHUM7 C1290,2027-06-04,C,1.29,0.031400000,3,
2026-08-24,CHU,OPT,CHUM7 C1295,2027-06-04,C,1.295,0.029300000,3,
2026-08-24,CHU,OPT,CHUM7 C1300,2027-06-04,C,1.3,0.027400000,3,
2026-08-24,CHU,OPT,CHUM7 C1305,2027-06-04,C,1.305,0.025500000,3,
2026-08-24,CHU,OPT,CHUM7 C1310,2027-06-04,C,1.31,0.023800000,3,
2026-08-24,CHU,OPT,CHUM7 C1315,2027-06-04,C,1.315,0.022200000,3,
2026-08-24,CHU,OPT,CHUM7 C1320,2027-06-04,C,1.32,0.020700000,3,
2026-08-24,CHU,OPT,CHUM7 C1325,2027-06-04,C,1.325,0.019300000,3,
2026-08-24,CHU,OPT,CHUM7 C1330,2027-06-04,C,1.33,0.018100000,3,
2026-08-24,CHU,OPT,CHUM7 C1335,2027-06-04,C,1.335,0.016900000,3,
2026-08-24,CHU,OPT,CHUM7 C1340,2027-06-04,C,1.34,0.015800000,3,
2026-08-24,CHU,OPT,CHUM7 C1345,2027-06-04,C,1.345,0.014700000,3,
2026-08-24,CHU,OPT,CHUM7 C1350,2027-06-04,C,1.35,0.013800000,3,
2026-08-24,CHU,OPT,CHUM7 C1355,2027-06-04,C,1.355,0.012900000,3,
2026-08-24,CHU,OPT,CHUM7 C1360,2027-06-04,C,1.36,0.012000000,3,2
2026-08-24,CHU,OPT,CHUM7 C1365,2027-06-04,C,1.365,0.011200000,3,
2026-08-24,CHU,OPT,CHUM7 C1370,2027-06-04,C,1.37,0.010500000,3,
2026-08-24,CHU,OPT,CHUM7 C1375,2027-06-04,C,1.375,0.009800000,3,
2026-08-24,CHU,OPT,CHUM7 C1380,2027-06-04,C,1.38,0.009200000,3,
2026-08-24,CHU,OPT,CHUM7 C1385,2027-06-04,C,1.385,0.008600000,3,
2026-08-24,CHU,OPT,CHUM7 C1390,2027-06-04,C,1.39,0.008100000,3,
2026-08-24,CHU,OPT,CHUM7 C1395,2027-06-04,C,1.395,0.007600000,3,
2026-08-24,CHU,OPT,CHUM7 C1400,2027-06-04,C,1.4,0.007100000,3,
2026-08-24,CHU,OPT,CHUM7 C1405,2027-06-04,C,1.405,0.006600000,3,
2026-08-24,CHU,OPT,CHUM7 C1410,2027-06-04,C,1.41,0.006200000,3,
2026-08-24,CHU,OPT,CHUM7 C1415,2027-06-04,C,1.415,0.005800000,3,
2026-08-24,CHU,OPT,CHUM7 C1420,2027-06-04,C,1.42,0.005500000,3,
2026-08-24,CHU,OPT,CHUM7 C1430,2027-06-04,C,1.43,0.004800000,3,
2026-08-24,CHU,OPT,CHUM7 C1440,2027-06-04,C,1.44,0.004200000,3,
2026-08-24,CHU,OPT,CHUM7 C1450,2027-06-04,C,1.45,0.003700000,3,
2026-08-24,CHU,OPT,CHUM7 C1460,2027-06-04,C,1.46,0.003200000,3,
2026-08-24,CHU,OPT,CHUM7 C1470,2027-06-04,C,1.47,0.002900000,3,
2026-08-24,CHU,OPT,CHUM7 P1170,2027-06-04,P,1.17,0.003000000,3,
2026-08-24,CHU,OPT,CHUM7 P1180,2027-06-04,P,1.18,0.003800000,3,
2026-08-24,CHU,OPT,CHUM7 P1190,2027-06-04,P,1.19,0.004700000,3,
2026-08-24,CHU,OPT,CHUM7 P1200,2027-06-04,P,1.2,0.005700000,3,
2026-08-24,CHU,OPT,CHUM7 P1210,2027-06-04,P,1.21,0.007100000,3,
2026-08-24,CHU,OPT,CHUM7 P1215,2027-06-04,P,1.215,0.007900000,3,
2026-08-24,CHU,OPT,CHUM7 P1220,2027-06-04,P,1.22,0.008800000,3,
2026-08-24,CHU,OPT,CHUM7 P1225,2027-06-04,P,1.225,0.009800000,3,
2026-08-24,CHU,OPT,CHUM7 P1230,2027-06-04,P,1.23,0.010800000,3,
2026-08-24,CHU,OPT,CHUM7 P1235,2027-06-04,P,1.235,0.012000000,3,
2026-08-24,CHU,OPT,CHUM7 P1240,2027-06-04,P,1.24,0.013300000,3,
2026-08-24,CHU,OPT,CHUM7 P1245,2027-06-04,P,1.245,0.014700000,3,
2026-08-24,CHU,OPT,CHUM7 P1250,2027-06-04,P,1.25,0.016200000,3,
2026-08-24,CHU,OPT,CHUM7 P1255,2027-06-04,P,1.255,0.017800000,3,
2026-08-24,CHU,OPT,CHUM7 P1260,2027-06-04,P,1.26,0.019600000,3,
2026-08-24,CHU,OPT,CHUM7 P1265,2027-06-04,P,1.265,0.021400000,3,
2026-08-24,CHU,OPT,CHUM7 P1270,2027-06-04,P,1.27,0.023500000,3,
2026-08-24,CHU,OPT,CHUM7 P1275,2027-06-04,P,1.275,0.025600000,3,
2026-08-24,CHU,OPT,CHUM7 P1280,2027-06-04,P,1.28,0.028000000,3,
2026-08-24,CHU,OPT,CHUM7 P1285,2027-06-04,P,1.285,0.030400000,3,
2026-08-24,CHU,OPT,CHUM7 P1290,2027-06-04,P,1.29,0.033000000,3,
2026-08-24,CHU,OPT,CHUM7 P1295,2027-06-04,P,1.295,0.035800000,3,
2026-08-24,CHU,OPT,CHUM7 P1300,2027-06-04,P,1.3,0.038700000,3,
2026-08-24,CHU,OPT,CHUM7 P1305,2027-06-04,P,1.305,0.041700000,3,
2026-08-24,CHU,OPT,CHUM7 P1310,2027-06-04,P,1.31,0.044800000,3,
2026-08-24,CHU,OPT,CHUM7 P1315,2027-06-04,P,1.315,0.048100000,3,
2026-08-24,CHU,OPT,CHUM7 P1320,2027-06-04,P,1.32,0.051400000,3,
2026-08-24,CHU,OPT,CHUM7 P1325,2027-06-04,P,1.325,0.054900000,3,
2026-08-24,CHU,OPT,CHUM7 P1330,2027-06-04,P,1.33,0.058500000,3,
2026-08-24,CHU,OPT,CHUM7 P1335,2027-06-04,P,1.335,0.062100000,3,
2026-08-24,CHU,OPT,CHUM7 P1340,2027-06-04,P,1.34,0.065900000,3,
2026-08-24,CHU,OPT,CHUM7 P1345,2027-06-04,P,1.345,0.069700000,3,
2026-08-24,CHU,OPT,CHUM7 P1350,2027-06-04,P,1.35,0.073600000,3,
2026-08-24,CHU,OPT,CHUM7 P1355,2027-06-04,P,1.355,0.077500000,3,
2026-08-24,CHU,OPT,CHUM7 P1360,2027-06-04,P,1.36,0.081500000,3,
2026-08-24,CHU,OPT,CHUM7 P1365,2027-06-04,P,1.365,0.085600000,3,
2026-08-24,CHU,OPT,CHUM7 P1370,2027-06-04,P,1.37,0.089700000,3,
2026-08-24,CHU,OPT,CHUM7 P1375,2027-06-04,P,1.375,0.093900000,3,
2026-08-24,CHU,OPT,CHUM7 P1380,2027-06-04,P,1.38,0.098100000,3,
2026-08-24,CHU,OPT,CHUM7 P1385,2027-06-04,P,1.385,0.102400000,3,
2026-08-24,CHU,OPT,CHUM7 P1390,2027-06-04,P,1.39,0.106700000,3,
2026-08-24,CHU,OPT,CHUM7 P1395,2027-06-04,P,1.395,0.111000000,3,
2026-08-24,CHU,OPT,CHUM7 P1400,2027-06-04,P,1.4,0.115400000,3,
2026-08-24,CHU,OPT,CHUM7 P1405,2027-06-04,P,1.405,0.119800000,3,
2026-08-24,CHU,OPT,CHUM7 P1410,2027-06-04,P,1.41,0.124200000,3,
2026-08-24,CHU,OPT,CHUM7 P1415,2027-06-04,P,1.415,0.128700000,3,
2026-08-24,CHU,OPT,CHUM7 P1420,2027-06-04,P,1.42,0.133200000,3,
2026-08-24,CHU,OPT,CHUM7 P1430,2027-06-04,P,1.43,0.142200000,3,
2026-08-24,CHU,OPT,CHUM7 P1440,2027-06-04,P,1.44,0.151300000,3,
2026-08-24,CHU,OPT,CHUM7 P1450,2027-06-04,P,1.45,0.160500000,3,
2026-08-24,CHU,OPT,CHUM7 P1460,2027-06-04,P,1.46,0.169800000,3,
2026-08-24,CHU,OPT,CHUM7 P1470,2027-06-04,P,1.47,0.179100000,3,
2026-08-24,CHU,OPT,CHUN7 C1180,2027-07-09,C,1.18,0.121100000,3,
2026-08-24,CHU,OPT,CHUN7 C1190,2027-07-09,C,1.19,0.112300000,3,
2026-08-24,CHU,OPT,CHUN7 C1200,2027-07-09,C,1.2,0.103700000,3,
2026-08-24,CHU,OPT,CHUN7 C1210,2027-07-09,C,1.21,0.095200000,3,
2026-08-24,CHU,OPT,CHUN7 C1220,2027-07-09,C,1.22,0.087000000,3,
2026-08-24,CHU,OPT,CHUN7 C1230,2027-07-09,C,1.23,0.079100000,3,1
2026-08-24,CHU,OPT,CHUN7 C1235,2027-07-09,C,1.235,0.075200000,3,
2026-08-24,CHU,OPT,CHUN7 C1240,2027-07-09,C,1.24,0.071500000,3,
2026-08-24,CHU,OPT,CHUN7 C1245,2027-07-09,C,1.245,0.067800000,3,
2026-08-24,CHU,OPT,CHUN7 C1250,2027-07-09,C,1.25,0.064200000,3,
2026-08-24,CHU,OPT,CHUN7 C1255,2027-07-09,C,1.255,0.060800000,3,
2026-08-24,CHU,OPT,CHUN7 C1260,2027-07-09,C,1.26,0.057400000,3,
2026-08-24,CHU,OPT,CHUN7 C1265,2027-07-09,C,1.265,0.054200000,3,
2026-08-24,CHU,OPT,CHUN7 C1270,2027-07-09,C,1.27,0.051100000,3,
2026-08-24,CHU,OPT,CHUN7 C1275,2027-07-09,C,1.275,0.048100000,3,
2026-08-24,CHU,OPT,CHUN7 C1280,2027-07-09,C,1.28,0.045300000,3,
2026-08-24,CHU,OPT,CHUN7 C1285,2027-07-09,C,1.285,0.042600000,3,
2026-08-24,CHU,OPT,CHUN7 C1290,2027-07-09,C,1.29,0.040000000,3,
2026-08-24,CHU,OPT,CHUN7 C1295,2027-07-09,C,1.295,0.037500000,3,
2026-08-24,CHU,OPT,CHUN7 C1300,2027-07-09,C,1.3,0.035200000,3,
2026-08-24,CHU,OPT,CHUN7 C1305,2027-07-09,C,1.305,0.033000000,3,
2026-08-24,CHU,OPT,CHUN7 C1310,2027-07-09,C,1.31,0.031000000,3,
2026-08-24,CHU,OPT,CHUN7 C1315,2027-07-09,C,1.315,0.029100000,3,
2026-08-24,CHU,OPT,CHUN7 C1320,2027-07-09,C,1.32,0.027300000,3,
2026-08-24,CHU,OPT,CHUN7 C1325,2027-07-09,C,1.325,0.025600000,3,
2026-08-24,CHU,OPT,CHUN7 C1330,2027-07-09,C,1.33,0.024000000,3,
2026-08-24,CHU,OPT,CHUN7 C1335,2027-07-09,C,1.335,0.022600000,3,
2026-08-24,CHU,OPT,CHUN7 C1340,2027-07-09,C,1.34,0.021200000,3,
2026-08-24,CHU,OPT,CHUN7 C1345,2027-07-09,C,1.345,0.019900000,3,
2026-08-24,CHU,OPT,CHUN7 C1350,2027-07-09,C,1.35,0.018700000,3,
2026-08-24,CHU,OPT,CHUN7 C1355,2027-07-09,C,1.355,0.017500000,3,
2026-08-24,CHU,OPT,CHUN7 C1360,2027-07-09,C,1.36,0.016500000,3,1
2026-08-24,CHU,OPT,CHUN7 C1370,2027-07-09,C,1.37,0.014500000,3,
2026-08-24,CHU,OPT,CHUN7 C1380,2027-07-09,C,1.38,0.012800000,3,
2026-08-24,CHU,OPT,CHUN7 C1390,2027-07-09,C,1.39,0.011200000,3,
2026-08-24,CHU,OPT,CHUN7 C1400,2027-07-09,C,1.4,0.009800000,3,8
2026-08-24,CHU,OPT,CHUN7 C1410,2027-07-09,C,1.41,0.008500000,3,
2026-08-24,CHU,OPT,CHUN7 P1180,2027-07-09,P,1.18,0.003500000,3,
2026-08-24,CHU,OPT,CHUN7 P1190,2027-07-09,P,1.19,0.004300000,3,
2026-08-24,CHU,OPT,CHUN7 P1200,2027-07-09,P,1.2,0.005400000,3,
2026-08-24,CHU,OPT,CHUN7 P1210,2027-07-09,P,1.21,0.006600000,3,
2026-08-24,CHU,OPT,CHUN7 P1220,2027-07-09,P,1.22,0.008100000,3,
2026-08-24,CHU,OPT,CHUN7 P1230,2027-07-09,P,1.23,0.009800000,3,
2026-08-24,CHU,OPT,CHUN7 P1235,2027-07-09,P,1.235,0.010800000,3,
2026-08-24,CHU,OPT,CHUN7 P1240,2027-07-09,P,1.24,0.011800000,3,
2026-08-24,CHU,OPT,CHUN7 P1245,2027-07-09,P,1.245,0.013000000,3,
2026-08-24,CHU,OPT,CHUN7 P1250,2027-07-09,P,1.25,0.014300000,3,
2026-08-24,CHU,OPT,CHUN7 P1255,2027-07-09,P,1.255,0.015700000,3,
2026-08-24,CHU,OPT,CHUN7 P1260,2027-07-09,P,1.26,0.017100000,3,
2026-08-24,CHU,OPT,CHUN7 P1265,2027-07-09,P,1.265,0.018800000,3,
2026-08-24,CHU,OPT,CHUN7 P1270,2027-07-09,P,1.27,0.020500000,3,
2026-08-24,CHU,OPT,CHUN7 P1275,2027-07-09,P,1.275,0.022300000,3,
2026-08-24,CHU,OPT,CHUN7 P1280,2027-07-09,P,1.28,0.024300000,3,
2026-08-24,CHU,OPT,CHUN7 P1285,2027-07-09,P,1.285,0.026400000,3,
2026-08-24,CHU,OPT,CHUN7 P1290,2027-07-09,P,1.29,0.028700000,3,
2026-08-24,CHU,OPT,CHUN7 P1295,2027-07-09,P,1.295,0.031000000,3,
2026-08-24,CHU,OPT,CHUN7 P1300,2027-07-09,P,1.3,0.033500000,3,
2026-08-24,CHU,OPT,CHUN7 P1305,2027-07-09,P,1.305,0.036200000,3,
2026-08-24,CHU,OPT,CHUN7 P1310,2027-07-09,P,1.31,0.039000000,3,
2026-08-24,CHU,OPT,CHUN7 P1315,2027-07-09,P,1.315,0.041900000,3,
2026-08-24,CHU,OPT,CHUN7 P1320,2027-07-09,P,1.32,0.045000000,3,
2026-08-24,CHU,OPT,CHUN7 P1325,2027-07-09,P,1.325,0.048100000,3,
2026-08-24,CHU,OPT,CHUN7 P1330,2027-07-09,P,1.33,0.051400000,3,
2026-08-24,CHU,OPT,CHUN7 P1335,2027-07-09,P,1.335,0.054700000,3,
2026-08-24,CHU,OPT,CHUN7 P1340,2027-07-09,P,1.34,0.058200000,3,
2026-08-24,CHU,OPT,CHUN7 P1345,2027-07-09,P,1.345,0.061700000,3,
2026-08-24,CHU,OPT,CHUN7 P1350,2027-07-09,P,1.35,0.065300000,3,
2026-08-24,CHU,OPT,CHUN7 P1355,2027-07-09,P,1.355,0.069000000,3,
2026-08-24,CHU,OPT,CHUN7 P1360,2027-07-09,P,1.36,0.072800000,3,
2026-08-24,CHU,OPT,CHUN7 P1370,2027-07-09,P,1.37,0.080500000,3,
2026-08-24,CHU,OPT,CHUN7 P1380,2027-07-09,P,1.38,0.088500000,3,
2026-08-24,CHU,OPT,CHUN7 P1390,2027-07-09,P,1.39,0.096500000,3,
2026-08-24,CHU,OPT,CHUN7 P1400,2027-07-09,P,1.4,0.104800000,3,
2026-08-24,CHU,OPT,CHUN7 P1410,2027-07-09,P,1.41,0.113200000,3,
2026-08-24,CHU,OPT,CHUQ7 C1190,2027-08-06,C,1.19,0.112700000,3,
2026-08-24,CHU,OPT,CHUQ7 C1200,2027-08-06,C,1.2,0.104200000,3,
2026-08-24,CHU,OPT,CHUQ7 C1210,2027-08-06,C,1.21,0.095900000,3,
2026-08-24,CHU,OPT,CHUQ7 C1220,2027-08-06,C,1.22,0.087900000,3,
2026-08-24,CHU,OPT,CHUQ7 C1230,2027-08-06,C,1.23,0.080000000,3,
2026-08-24,CHU,OPT,CHUQ7 C1235,2027-08-06,C,1.235,0.076300000,3,
2026-08-24,CHU,OPT,CHUQ7 C1240,2027-08-06,C,1.24,0.072600000,3,
2026-08-24,CHU,OPT,CHUQ7 C1245,2027-08-06,C,1.245,0.069000000,3,
2026-08-24,CHU,OPT,CHUQ7 C1250,2027-08-06,C,1.25,0.065500000,3,
2026-08-24,CHU,OPT,CHUQ7 C1255,2027-08-06,C,1.255,0.062100000,3,
2026-08-24,CHU,OPT,CHUQ7 C1260,2027-08-06,C,1.26,0.058900000,3,
2026-08-24,CHU,OPT,CHUQ7 C1265,2027-08-06,C,1.265,0.055700000,3,
2026-08-24,CHU,OPT,CHUQ7 C1270,2027-08-06,C,1.27,0.052600000,3,
2026-08-24,CHU,OPT,CHUQ7 C1275,2027-08-06,C,1.275,0.049700000,3,
2026-08-24,CHU,OPT,CHUQ7 C1280,2027-08-06,C,1.28,0.046900000,3,
2026-08-24,CHU,OPT,CHUQ7 C1285,2027-08-06,C,1.285,0.044200000,3,
2026-08-24,CHU,OPT,CHUQ7 C1290,2027-08-06,C,1.29,0.041600000,3,
2026-08-24,CHU,OPT,CHUQ7 C1295,2027-08-06,C,1.295,0.039200000,3,
2026-08-24,CHU,OPT,CHUQ7 C1300,2027-08-06,C,1.3,0.036900000,3,
2026-08-24,CHU,OPT,CHUQ7 C1305,2027-08-06,C,1.305,0.034700000,3,
2026-08-24,CHU,OPT,CHUQ7 C1310,2027-08-06,C,1.31,0.032700000,3,
2026-08-24,CHU,OPT,CHUQ7 C1315,2027-08-06,C,1.315,0.030800000,3,
2026-08-24,CHU,OPT,CHUQ7 C1320,2027-08-06,C,1.32,0.029000000,3,
2026-08-24,CHU,OPT,CHUQ7 C1325,2027-08-06,C,1.325,0.027300000,3,
2026-08-24,CHU,OPT,CHUQ7 C1330,2027-08-06,C,1.33,0.025700000,3,
2026-08-24,CHU,OPT,CHUQ7 C1335,2027-08-06,C,1.335,0.024100000,3,
2026-08-24,CHU,OPT,CHUQ7 C1340,2027-08-06,C,1.34,0.022700000,3,
2026-08-24,CHU,OPT,CHUQ7 C1345,2027-08-06,C,1.345,0.021300000,3,
2026-08-24,CHU,OPT,CHUQ7 C1350,2027-08-06,C,1.35,0.020100000,3,
2026-08-24,CHU,OPT,CHUQ7 C1355,2027-08-06,C,1.355,0.018900000,3,
2026-08-24,CHU,OPT,CHUQ7 C1360,2027-08-06,C,1.36,0.017800000,3,
2026-08-24,CHU,OPT,CHUQ7 C1370,2027-08-06,C,1.37,0.015900000,3,
2026-08-24,CHU,OPT,CHUQ7 C1380,2027-08-06,C,1.38,0.014100000,3,
2026-08-24,CHU,OPT,CHUQ7 C1390,2027-08-06,C,1.39,0.012500000,3,
2026-08-24,CHU,OPT,CHUQ7 C1400,2027-08-06,C,1.4,0.011000000,3,
2026-08-24,CHU,OPT,CHUQ7 C1410,2027-08-06,C,1.41,0.009700000,3,
2026-08-24,CHU,OPT,CHUQ7 P1190,2027-08-06,P,1.19,0.005100000,3,
2026-08-24,CHU,OPT,CHUQ7 P1200,2027-08-06,P,1.2,0.006200000,3,
2026-08-24,CHU,OPT,CHUQ7 P1210,2027-08-06,P,1.21,0.007600000,3,
2026-08-24,CHU,OPT,CHUQ7 P1220,2027-08-06,P,1.22,0.009200000,3,
2026-08-24,CHU,OPT,CHUQ7 P1230,2027-08-06,P,1.23,0.011000000,3,
2026-08-24,CHU,OPT,CHUQ7 P1235,2027-08-06,P,1.235,0.012000000,3,
2026-08-24,CHU,OPT,CHUQ7 P1240,2027-08-06,P,1.24,0.013200000,3,
2026-08-24,CHU,OPT,CHUQ7 P1245,2027-08-06,P,1.245,0.014400000,3,
2026-08-24,CHU,OPT,CHUQ7 P1250,2027-08-06,P,1.25,0.015700000,3,
2026-08-24,CHU,OPT,CHUQ7 P1255,2027-08-06,P,1.255,0.017200000,3,
2026-08-24,CHU,OPT,CHUQ7 P1260,2027-08-06,P,1.26,0.018700000,3,
2026-08-24,CHU,OPT,CHUQ7 P1265,2027-08-06,P,1.265,0.020300000,3,
2026-08-24,CHU,OPT,CHUQ7 P1270,2027-08-06,P,1.27,0.022100000,3,
2026-08-24,CHU,OPT,CHUQ7 P1275,2027-08-06,P,1.275,0.024000000,3,
2026-08-24,CHU,OPT,CHUQ7 P1280,2027-08-06,P,1.28,0.026000000,3,
2026-08-24,CHU,OPT,CHUQ7 P1285,2027-08-06,P,1.285,0.028100000,3,
2026-08-24,CHU,OPT,CHUQ7 P1290,2027-08-06,P,1.29,0.030300000,3,
2026-08-24,CHU,OPT,CHUQ7 P1295,2027-08-06,P,1.295,0.032700000,3,
2026-08-24,CHU,OPT,CHUQ7 P1300,2027-08-06,P,1.3,0.035200000,3,
2026-08-24,CHU,OPT,CHUQ7 P1305,2027-08-06,P,1.305,0.037900000,3,
2026-08-24,CHU,OPT,CHUQ7 P1310,2027-08-06,P,1.31,0.040700000,3,
2026-08-24,CHU,OPT,CHUQ7 P1315,2027-08-06,P,1.315,0.043600000,3,
2026-08-24,CHU,OPT,CHUQ7 P1320,2027-08-06,P,1.32,0.046600000,3,
2026-08-24,CHU,OPT,CHUQ7 P1325,2027-08-06,P,1.325,0.049800000,3,
2026-08-24,CHU,OPT,CHUQ7 P1330,2027-08-06,P,1.33,0.052900000,3,
2026-08-24,CHU,OPT,CHUQ7 P1335,2027-08-06,P,1.335,0.056200000,3,
2026-08-24,CHU,OPT,CHUQ7 P1340,2027-08-06,P,1.34,0.059600000,3,
2026-08-24,CHU,OPT,CHUQ7 P1345,2027-08-06,P,1.345,0.063000000,3,
2026-08-24,CHU,OPT,CHUQ7 P1350,2027-08-06,P,1.35,0.066600000,3,
2026-08-24,CHU,OPT,CHUQ7 P1355,2027-08-06,P,1.355,0.070200000,3,
2026-08-24,CHU,OPT,CHUQ7 P1360,2027-08-06,P,1.36,0.074000000,3,
2026-08-24,CHU,OPT,CHUQ7 P1370,2027-08-06,P,1.37,0.081700000,3,
2026-08-24,CHU,OPT,CHUQ7 P1380,2027-08-06,P,1.38,0.089500000,3,
2026-08-24,CHU,OPT,CHUQ7 P1390,2027-08-06,P,1.39,0.097500000,3,
2026-08-24,CHU,OPT,CHUQ7 P1400,2027-08-06,P,1.4,0.105700000,3,
2026-08-24,CHU,OPT,CHUQ7 P1410,2027-08-06,P,1.41,0.114100000,3,
2026-08-24,CHU,OPT,CHUU7 C1180,2027-09-03,C,1.18,0.121800000,3,
2026-08-24,CHU,OPT,CHUU7 C1190,2027-09-03,C,1.19,0.113200000,3,
2026-08-24,CHU,OPT,CHUU7 C1200,2027-09-03,C,1.2,0.104800000,3,
2026-08-24,CHU,OPT,CHUU7 C1210,2027-09-03,C,1.21,0.096600000,3,
2026-08-24,CHU,OPT,CHUU7 C1220,2027-09-03,C,1.22,0.088600000,3,
2026-08-24,CHU,OPT,CHUU7 C1230,2027-09-03,C,1.23,0.081000000,3,
2026-08-24,CHU,OPT,CHUU7 C1235,2027-09-03,C,1.235,0.077300000,3,10
2026-08-24,CHU,OPT,CHUU7 C1240,2027-09-03,C,1.24,0.073700000,3,
2026-08-24,CHU,OPT,CHUU7 C1245,2027-09-03,C,1.245,0.070200000,3,
2026-08-24,CHU,OPT,CHUU7 C1250,2027-09-03,C,1.25,0.066700000,3,
2026-08-24,CHU,OPT,CHUU7 C1255,2027-09-03,C,1.255,0.063400000,3,
2026-08-24,CHU,OPT,CHUU7 C1260,2027-09-03,C,1.26,0.060200000,3,
2026-08-24,CHU,OPT,CHUU7 C1265,2027-09-03,C,1.265,0.057000000,3,
2026-08-24,CHU,OPT,CHUU7 C1270,2027-09-03,C,1.27,0.054000000,3,
2026-08-24,CHU,OPT,CHUU7 C1275,2027-09-03,C,1.275,0.051100000,3,
2026-08-24,CHU,OPT,CHUU7 C1280,2027-09-03,C,1.28,0.048300000,3,
2026-08-24,CHU,OPT,CHUU7 C1285,2027-09-03,C,1.285,0.045600000,3,
2026-08-24,CHU,OPT,CHUU7 C1290,2027-09-03,C,1.29,0.043100000,3,
2026-08-24,CHU,OPT,CHUU7 C1295,2027-09-03,C,1.295,0.040700000,3,
2026-08-24,CHU,OPT,CHUU7 C1300,2027-09-03,C,1.3,0.038400000,3,0
2026-08-24,CHU,OPT,CHUU7 C1305,2027-09-03,C,1.305,0.036200000,3,
2026-08-24,CHU,OPT,CHUU7 C1310,2027-09-03,C,1.31,0.034200000,3,
2026-08-24,CHU,OPT,CHUU7 C1315,2027-09-03,C,1.315,0.032300000,3,
2026-08-24,CHU,OPT,CHUU7 C1320,2027-09-03,C,1.32,0.030500000,3,11
2026-08-24,CHU,OPT,CHUU7 C1325,2027-09-03,C,1.325,0.028800000,3,
2026-08-24,CHU,OPT,CHUU7 C1330,2027-09-03,C,1.33,0.027200000,3,
2026-08-24,CHU,OPT,CHUU7 C1335,2027-09-03,C,1.335,0.025700000,3,
2026-08-24,CHU,OPT,CHUU7 C1340,2027-09-03,C,1.34,0.024200000,3,
2026-08-24,CHU,OPT,CHUU7 C1345,2027-09-03,C,1.345,0.022900000,3,
2026-08-24,CHU,OPT,CHUU7 C1350,2027-09-03,C,1.35,0.021600000,3,
2026-08-24,CHU,OPT,CHUU7 C1355,2027-09-03,C,1.355,0.020400000,3,
2026-08-24,CHU,OPT,CHUU7 C1360,2027-09-03,C,1.36,0.019300000,3,
2026-08-24,CHU,OPT,CHUU7 C1365,2027-09-03,C,1.365,0.018300000,3,369
2026-08-24,CHU,OPT,CHUU7 C1370,2027-09-03,C,1.37,0.017300000,3,
2026-08-24,CHU,OPT,CHUU7 C1375,2027-09-03,C,1.375,0.016300000,3,
2026-08-24,CHU,OPT,CHUU7 C1380,2027-09-03,C,1.38,0.015500000,3,
2026-08-24,CHU,OPT,CHUU7 C1385,2027-09-03,C,1.385,0.014600000,3,
2026-08-24,CHU,OPT,CHUU7 C1390,2027-09-03,C,1.39,0.013900000,3,
2026-08-24,CHU,OPT,CHUU7 C1395,2027-09-03,C,1.395,0.013100000,3,
2026-08-24,CHU,OPT,CHUU7 C1400,2027-09-03,C,1.4,0.012400000,3,
2026-08-24,CHU,OPT,CHUU7 C1405,2027-09-03,C,1.405,0.011800000,3,
2026-08-24,CHU,OPT,CHUU7 C1410,2027-09-03,C,1.41,0.011200000,3,
2026-08-24,CHU,OPT,CHUU7 C1415,2027-09-03,C,1.415,0.010600000,3,
2026-08-24,CHU,OPT,CHUU7 C1420,2027-09-03,C,1.42,0.010100000,3,
2026-08-24,CHU,OPT,CHUU7 C1425,2027-09-03,C,1.425,0.009600000,3,
2026-08-24,CHU,OPT,CHUU7 C1430,2027-09-03,C,1.43,0.009100000,3,
2026-08-24,CHU,OPT,CHUU7 C1435,2027-09-03,C,1.435,0.008600000,3,
2026-08-24,CHU,OPT,CHUU7 C1440,2027-09-03,C,1.44,0.008200000,3,
2026-08-24,CHU,OPT,CHUU7 C1450,2027-09-03,C,1.45,0.007300000,3,
2026-08-24,CHU,OPT,CHUU7 C1460,2027-09-03,C,1.46,0.006500000,3,
2026-08-24,CHU,OPT,CHUU7 C1470,2027-09-03,C,1.47,0.005900000,3,
2026-08-24,CHU,OPT,CHUU7 C1480,2027-09-03,C,1.48,0.005300000,3,
2026-08-24,CHU,OPT,CHUU7 P1180,2027-09-03,P,1.18,0.004900000,3,
2026-08-24,CHU,OPT,CHUU7 P1190,2027-09-03,P,1.19,0.005900000,3,
2026-08-24,CHU,OPT,CHUU7 P1200,2027-09-03,P,1.2,0.007100000,3,
2026-08-24,CHU,OPT,CHUU7 P1210,2027-09-03,P,1.21,0.008500000,3,
2026-08-24,CHU,OPT,CHUU7 P1220,2027-09-03,P,1.22,0.010200000,3,9
2026-08-24,CHU,OPT,CHUU7 P1230,2027-09-03,P,1.23,0.012100000,3,
2026-08-24,CHU,OPT,CHUU7 P1235,2027-09-03,P,1.235,0.013200000,3,
2026-08-24,CHU,OPT,CHUU7 P1240,2027-09-03,P,1.24,0.014400000,3,
2026-08-24,CHU,OPT,CHUU7 P1245,2027-09-03,P,1.245,0.015700000,3,
2026-08-24,CHU,OPT,CHUU7 P1250,2027-09-03,P,1.25,0.017100000,3,
2026-08-24,CHU,OPT,CHUU7 P1255,2027-09-03,P,1.255,0.018500000,3,
2026-08-24,CHU,OPT,CHUU7 P1260,2027-09-03,P,1.26,0.020100000,3,
2026-08-24,CHU,OPT,CHUU7 P1265,2027-09-03,P,1.265,0.021800000,3,
2026-08-24,CHU,OPT,CHUU7 P1270,2027-09-03,P,1.27,0.023600000,3,
2026-08-24,CHU,OPT,CHUU7 P1275,2027-09-03,P,1.275,0.025500000,3,
2026-08-24,CHU,OPT,CHUU7 P1280,2027-09-03,P,1.28,0.027500000,3,
2026-08-24,CHU,OPT,CHUU7 P1285,2027-09-03,P,1.285,0.029600000,3,1
2026-08-24,CHU,OPT,CHUU7 P1290,2027-09-03,P,1.29,0.031900000,3,
2026-08-24,CHU,OPT,CHUU7 P1295,2027-09-03,P,1.295,0.034200000,3,
2026-08-24,CHU,OPT,CHUU7 P1300,2027-09-03,P,1.3,0.036700000,3,0
2026-08-24,CHU,OPT,CHUU7 P1305,2027-09-03,P,1.305,0.039400000,3,
2026-08-24,CHU,OPT,CHUU7 P1310,2027-09-03,P,1.31,0.042200000,3,
2026-08-24,CHU,OPT,CHUU7 P1315,2027-09-03,P,1.315,0.045000000,3,
2026-08-24,CHU,OPT,CHUU7 P1320,2027-09-03,P,1.32,0.048000000,3,6
2026-08-24,CHU,OPT,CHUU7 P1325,2027-09-03,P,1.325,0.051100000,3,
2026-08-24,CHU,OPT,CHUU7 P1330,2027-09-03,P,1.33,0.054300000,3,
2026-08-24,CHU,OPT,CHUU7 P1335,2027-09-03,P,1.335,0.057600000,3,
2026-08-24,CHU,OPT,CHUU7 P1340,2027-09-03,P,1.34,0.061000000,3,
2026-08-24,CHU,OPT,CHUU7 P1345,2027-09-03,P,1.345,0.064500000,3,
2026-08-24,CHU,OPT,CHUU7 P1350,2027-09-03,P,1.35,0.068000000,3,
2026-08-24,CHU,OPT,CHUU7 P1355,2027-09-03,P,1.355,0.071600000,3,
2026-08-24,CHU,OPT,CHUU7 P1360,2027-09-03,P,1.36,0.075300000,3,
2026-08-24,CHU,OPT,CHUU7 P1365,2027-09-03,P,1.365,0.079100000,3,
2026-08-24,CHU,OPT,CHUU7 P1370,2027-09-03,P,1.37,0.082900000,3,
2026-08-24,CHU,OPT,CHUU7 P1375,2027-09-03,P,1.375,0.086700000,3,
2026-08-24,CHU,OPT,CHUU7 P1380,2027-09-03,P,1.38,0.090700000,3,
2026-08-24,CHU,OPT,CHUU7 P1385,2027-09-03,P,1.385,0.094600000,3,
2026-08-24,CHU,OPT,CHUU7 P1390,2027-09-03,P,1.39,0.098700000,3,
2026-08-24,CHU,OPT,CHUU7 P1395,2027-09-03,P,1.395,0.102700000,3,
2026-08-24,CHU,OPT,CHUU7 P1400,2027-09-03,P,1.4,0.106800000,3,
2026-08-24,CHU,OPT,CHUU7 P1405,2027-09-03,P,1.405,0.111000000,3,
2026-08-24,CHU,OPT,CHUU7 P1410,2027-09-03,P,1.41,0.115200000,3,
2026-08-24,CHU,OPT,CHUU7 P1415,2027-09-03,P,1.415,0.119400000,3,
2026-08-24,CHU,OPT,CHUU7 P1420,2027-09-03,P,1.42,0.123700000,3,
2026-08-24,CHU,OPT,CHUU7 P1425,2027-09-03,P,1.425,0.128000000,3,
2026-08-24,CHU,OPT,CHUU7 P1430,2027-09-03,P,1.43,0.132300000,3,
2026-08-24,CHU,OPT,CHUU7 P1435,2027-09-03,P,1.435,0.136600000,3,
2026-08-24,CHU,OPT,CHUU7 P1440,2027-09-03,P,1.44,0.141000000,3,
2026-08-24,CHU,OPT,CHUU7 P1450,2027-09-03,P,1.45,0.149700000,3,
2026-08-24,CHU,OPT,CHUU7 P1460,2027-09-03,P,1.46,0.158600000,3,
2026-08-24,CHU,OPT,CHUU7 P1470,2027-09-03,P,1.47,0.167500000,3,
2026-08-24,CHU,OPT,CHUU7 P1480,2027-09-03,P,1.48,0.176500000,3,
2026-08-24,CHU,OPT,CHUZ7 C1190,2027-12-03,C,1.19,0.123300000,3,
2026-08-24,CHU,OPT,CHUZ7 C1200,2027-12-03,C,1.2,0.115100000,3,
2026-08-24,CHU,OPT,CHUZ7 C1210,2027-12-03,C,1.21,0.107200000,3,
2026-08-24,CHU,OPT,CHUZ7 C1220,2027-12-03,C,1.22,0.099400000,3,
2026-08-24,CHU,OPT,CHUZ7 C1230,2027-12-03,C,1.23,0.092000000,3,
2026-08-24,CHU,OPT,CHUZ7 C1240,2027-12-03,C,1.24,0.084900000,3,
2026-08-24,CHU,OPT,CHUZ7 C1245,2027-12-03,C,1.245,0.081400000,3,
2026-08-24,CHU,OPT,CHUZ7 C1250,2027-12-03,C,1.25,0.077900000,3,
2026-08-24,CHU,OPT,CHUZ7 C1255,2027-12-03,C,1.255,0.074400000,3,
2026-08-24,CHU,OPT,CHUZ7 C1260,2027-12-03,C,1.26,0.071000000,3,
2026-08-24,CHU,OPT,CHUZ7 C1265,2027-12-03,C,1.265,0.067700000,3,
2026-08-24,CHU,OPT,CHUZ7 C1270,2027-12-03,C,1.27,0.064400000,3,
2026-08-24,CHU,OPT,CHUZ7 C1275,2027-12-03,C,1.275,0.061300000,3,
2026-08-24,CHU,OPT,CHUZ7 C1280,2027-12-03,C,1.28,0.058300000,3,
2026-08-24,CHU,OPT,CHUZ7 C1285,2027-12-03,C,1.285,0.055400000,3,
2026-08-24,CHU,OPT,CHUZ7 C1290,2027-12-03,C,1.29,0.052600000,3,
2026-08-24,CHU,OPT,CHUZ7 C1295,2027-12-03,C,1.295,0.049900000,3,
2026-08-24,CHU,OPT,CHUZ7 C1300,2027-12-03,C,1.3,0.047300000,3,
2026-08-24,CHU,OPT,CHUZ7 C1305,2027-12-03,C,1.305,0.044900000,3,
2026-08-24,CHU,OPT,CHUZ7 C1310,2027-12-03,C,1.31,0.042600000,3,
2026-08-24,CHU,OPT,CHUZ7 C1315,2027-12-03,C,1.315,0.040400000,3,
2026-08-24,CHU,OPT,CHUZ7 C1320,2027-12-03,C,1.32,0.038300000,3,
2026-08-24,CHU,OPT,CHUZ7 C1325,2027-12-03,C,1.325,0.036300000,3,
2026-08-24,CHU,OPT,CHUZ7 C1330,2027-12-03,C,1.33,0.034400000,3,
2026-08-24,CHU,OPT,CHUZ7 C1335,2027-12-03,C,1.335,0.032600000,3,
2026-08-24,CHU,OPT,CHUZ7 C1340,2027-12-03,C,1.34,0.030900000,3,
2026-08-24,CHU,OPT,CHUZ7 C1345,2027-12-03,C,1.345,0.029300000,3,
2026-08-24,CHU,OPT,CHUZ7 C1350,2027-12-03,C,1.35,0.027700000,3,
2026-08-24,CHU,OPT,CHUZ7 C1355,2027-12-03,C,1.355,0.026300000,3,
2026-08-24,CHU,OPT,CHUZ7 C1360,2027-12-03,C,1.36,0.024900000,3,
2026-08-24,CHU,OPT,CHUZ7 C1365,2027-12-03,C,1.365,0.023600000,3,
2026-08-24,CHU,OPT,CHUZ7 C1370,2027-12-03,C,1.37,0.022400000,3,
2026-08-24,CHU,OPT,CHUZ7 C1375,2027-12-03,C,1.375,0.021200000,3,
2026-08-24,CHU,OPT,CHUZ7 C1380,2027-12-03,C,1.38,0.020200000,3,
2026-08-24,CHU,OPT,CHUZ7 C1385,2027-12-03,C,1.385,0.019100000,3,
2026-08-24,CHU,OPT,CHUZ7 C1390,2027-12-03,C,1.39,0.018200000,3,
2026-08-24,CHU,OPT,CHUZ7 C1395,2027-12-03,C,1.395,0.017300000,3,
2026-08-24,CHU,OPT,CHUZ7 C1400,2027-12-03,C,1.4,0.016400000,3,4
2026-08-24,CHU,OPT,CHUZ7 C1405,2027-12-03,C,1.405,0.015600000,3,
2026-08-24,CHU,OPT,CHUZ7 C1410,2027-12-03,C,1.41,0.014900000,3,
2026-08-24,CHU,OPT,CHUZ7 C1415,2027-12-03,C,1.415,0.014100000,3,
2026-08-24,CHU,OPT,CHUZ7 C1420,2027-12-03,C,1.42,0.013500000,3,
2026-08-24,CHU,OPT,CHUZ7 C1425,2027-12-03,C,1.425,0.012800000,3,
2026-08-24,CHU,OPT,CHUZ7 C1430,2027-12-03,C,1.43,0.012200000,3,
2026-08-24,CHU,OPT,CHUZ7 C1435,2027-12-03,C,1.435,0.011600000,3,
2026-08-24,CHU,OPT,CHUZ7 C1440,2027-12-03,C,1.44,0.011100000,3,
2026-08-24,CHU,OPT,CHUZ7 C1445,2027-12-03,C,1.445,0.010500000,3,
2026-08-24,CHU,OPT,CHUZ7 C1450,2027-12-03,C,1.45,0.010100000,3,
2026-08-24,CHU,OPT,CHUZ7 C1460,2027-12-03,C,1.46,0.009300000,3,
2026-08-24,CHU,OPT,CHUZ7 C1470,2027-12-03,C,1.47,0.008600000,3,
2026-08-24,CHU,OPT,CHUZ7 C1480,2027-12-03,C,1.48,0.007900000,3,
2026-08-24,CHU,OPT,CHUZ7 C1490,2027-12-03,C,1.49,0.007300000,3,
2026-08-24,CHU,OPT,CHUZ7 P1190,2027-12-03,P,1.19,0.005100000,3,
2026-08-24,CHU,OPT,CHUZ7 P1200,2027-12-03,P,1.2,0.006400000,3,
2026-08-24,CHU,OPT,CHUZ7 P1210,2027-12-03,P,1.21,0.007900000,3,
2026-08-24,CHU,OPT,CHUZ7 P1220,2027-12-03,P,1.22,0.009700000,3,
2026-08-24,CHU,OPT,CHUZ7 P1230,2027-12-03,P,1.23,0.011800000,3,
2026-08-24,CHU,OPT,CHUZ7 P1240,2027-12-03,P,1.24,0.014200000,3,
2026-08-24,CHU,OPT,CHUZ7 P1245,2027-12-03,P,1.245,0.015500000,3,
2026-08-24,CHU,OPT,CHUZ7 P1250,2027-12-03,P,1.25,0.016700000,3,
2026-08-24,CHU,OPT,CHUZ7 P1255,2027-12-03,P,1.255,0.017900000,3,
2026-08-24,CHU,OPT,CHUZ7 P1260,2027-12-03,P,1.26,0.019300000,3,
2026-08-24,CHU,OPT,CHUZ7 P1265,2027-12-03,P,1.265,0.020700000,3,
2026-08-24,CHU,OPT,CHUZ7 P1270,2027-12-03,P,1.27,0.022200000,3,
2026-08-24,CHU,OPT,CHUZ7 P1275,2027-12-03,P,1.275,0.023900000,3,
2026-08-24,CHU,OPT,CHUZ7 P1280,2027-12-03,P,1.28,0.025600000,3,
2026-08-24,CHU,OPT,CHUZ7 P1285,2027-12-03,P,1.285,0.027400000,3,
2026-08-24,CHU,OPT,CHUZ7 P1290,2027-12-03,P,1.29,0.029400000,3,
2026-08-24,CHU,OPT,CHUZ7 P1295,2027-12-03,P,1.295,0.031500000,3,
2026-08-24,CHU,OPT,CHUZ7 P1300,2027-12-03,P,1.3,0.033700000,3,
2026-08-24,CHU,OPT,CHUZ7 P1305,2027-12-03,P,1.305,0.036000000,3,
2026-08-24,CHU,OPT,CHUZ7 P1310,2027-12-03,P,1.31,0.038400000,3,
2026-08-24,CHU,OPT,CHUZ7 P1315,2027-12-03,P,1.315,0.040900000,3,
2026-08-24,CHU,OPT,CHUZ7 P1320,2027-12-03,P,1.32,0.043600000,3,
2026-08-24,CHU,OPT,CHUZ7 P1325,2027-12-03,P,1.325,0.046300000,3,
2026-08-24,CHU,OPT,CHUZ7 P1330,2027-12-03,P,1.33,0.049200000,3,
2026-08-24,CHU,OPT,CHUZ7 P1335,2027-12-03,P,1.335,0.052200000,3,
2026-08-24,CHU,OPT,CHUZ7 P1340,2027-12-03,P,1.34,0.055200000,3,
2026-08-24,CHU,OPT,CHUZ7 P1345,2027-12-03,P,1.345,0.058300000,3,
2026-08-24,CHU,OPT,CHUZ7 P1350,2027-12-03,P,1.35,0.061600000,3,
2026-08-24,CHU,OPT,CHUZ7 P1355,2027-12-03,P,1.355,0.064900000,3,
2026-08-24,CHU,OPT,CHUZ7 P1360,2027-12-03,P,1.36,0.068300000,3,
2026-08-24,CHU,OPT,CHUZ7 P1365,2027-12-03,P,1.365,0.071700000,3,
2026-08-24,CHU,OPT,CHUZ7 P1370,2027-12-03,P,1.37,0.075200000,3,
2026-08-24,CHU,OPT,CHUZ7 P1375,2027-12-03,P,1.375,0.078800000,3,
2026-08-24,CHU,OPT,CHUZ7 P1380,2027-12-03,P,1.38,0.082500000,3,
2026-08-24,CHU,OPT,CHUZ7 P1385,2027-12-03,P,1.385,0.086300000,3,
2026-08-24,CHU,OPT,CHUZ7 P1390,2027-12-03,P,1.39,0.090000000,3,
2026-08-24,CHU,OPT,CHUZ7 P1395,2027-12-03,P,1.395,0.093900000,3,
2026-08-24,CHU,OPT,CHUZ7 P1400,2027-12-03,P,1.4,0.097800000,3,
2026-08-24,CHU,OPT,CHUZ7 P1405,2027-12-03,P,1.405,0.101700000,3,
2026-08-24,CHU,OPT,CHUZ7 P1410,2027-12-03,P,1.41,0.105700000,3,
2026-08-24,CHU,OPT,CHUZ7 P1415,2027-12-03,P,1.415,0.109800000,3,
2026-08-24,CHU,OPT,CHUZ7 P1420,2027-12-03,P,1.42,0.113800000,3,
2026-08-24,CHU,OPT,CHUZ7 P1425,2027-12-03,P,1.425,0.117900000,3,
2026-08-24,CHU,OPT,CHUZ7 P1430,2027-12-03,P,1.43,0.122100000,3,
2026-08-24,CHU,OPT,CHUZ7 P1435,2027-12-03,P,1.435,0.126300000,3,
2026-08-24,CHU,OPT,CHUZ7 P1440,2027-12-03,P,1.44,0.130500000,3,
2026-08-24,CHU,OPT,CHUZ7 P1445,2027-12-03,P,1.445,0.134700000,3,
2026-08-24,CHU,OPT,CHUZ7 P1450,2027-12-03,P,1.45,0.139000000,3,
2026-08-24,CHU,OPT,CHUZ7 P1460,2027-12-03,P,1.46,0.147700000,3,
2026-08-24,CHU,OPT,CHUZ7 P1470,2027-12-03,P,1.47,0.156500000,3,
2026-08-24,CHU,OPT,CHUZ7 P1480,2027-12-03,P,1.48,0.165300000,3,
2026-08-24,CHU,OPT,CHUZ7 P1490,2027-12-03,P,1.49,0.174200000,3,
2026-08-24,CHU,OPT,CHUH8 C1210,2028-03-03,C,1.21,0.118400000,3,
2026-08-24,CHU,OPT,CHUH8 C1220,2028-03-03,C,1.22,0.110700000,3,
2026-08-24,CHU,OPT,CHUH8 C1230,2028-03-03,C,1.23,0.103300000,3,
2026-08-24,CHU,OPT,CHUH8 C1240,2028-03-03,C,1.24,0.096200000,3,
2026-08-24,CHU,OPT,CHUH8 C1250,2028-03-03,C,1.25,0.089300000,3,
2026-08-24,CHU,OPT,CHUH8 C1255,2028-03-03,C,1.255,0.086000000,3,
2026-08-24,CHU,OPT,CHUH8 C1260,2028-03-03,C,1.26,0.082500000,3,
2026-08-24,CHU,OPT,CHUH8 C1265,2028-03-03,C,1.265,0.079100000,3,
2026-08-24,CHU,OPT,CHUH8 C1270,2028-03-03,C,1.27,0.075800000,3,
2026-08-24,CHU,OPT,CHUH8 C1275,2028-03-03,C,1.275,0.072500000,3,
2026-08-24,CHU,OPT,CHUH8 C1280,2028-03-03,C,1.28,0.069400000,3,
2026-08-24,CHU,OPT,CHUH8 C1285,2028-03-03,C,1.285,0.066300000,3,
2026-08-24,CHU,OPT,CHUH8 C1290,2028-03-03,C,1.29,0.063300000,3,
2026-08-24,CHU,OPT,CHUH8 C1295,2028-03-03,C,1.295,0.060500000,3,
2026-08-24,CHU,OPT,CHUH8 C1300,2028-03-03,C,1.3,0.057700000,3,
2026-08-24,CHU,OPT,CHUH8 C1305,2028-03-03,C,1.305,0.055000000,3,
2026-08-24,CHU,OPT,CHUH8 C1310,2028-03-03,C,1.31,0.052500000,3,
2026-08-24,CHU,OPT,CHUH8 C1315,2028-03-03,C,1.315,0.050000000,3,
2026-08-24,CHU,OPT,CHUH8 C1320,2028-03-03,C,1.32,0.047700000,3,
2026-08-24,CHU,OPT,CHUH8 C1325,2028-03-03,C,1.325,0.045500000,3,
2026-08-24,CHU,OPT,CHUH8 C1330,2028-03-03,C,1.33,0.043400000,3,
2026-08-24,CHU,OPT,CHUH8 C1335,2028-03-03,C,1.335,0.041400000,3,
2026-08-24,CHU,OPT,CHUH8 C1340,2028-03-03,C,1.34,0.039500000,3,
2026-08-24,CHU,OPT,CHUH8 C1345,2028-03-03,C,1.345,0.037600000,3,
2026-08-24,CHU,OPT,CHUH8 C1350,2028-03-03,C,1.35,0.035900000,3,
2026-08-24,CHU,OPT,CHUH8 C1355,2028-03-03,C,1.355,0.034300000,3,
2026-08-24,CHU,OPT,CHUH8 C1360,2028-03-03,C,1.36,0.032700000,3,
2026-08-24,CHU,OPT,CHUH8 C1365,2028-03-03,C,1.365,0.031200000,3,
2026-08-24,CHU,OPT,CHUH8 C1370,2028-03-03,C,1.37,0.029800000,3,
2026-08-24,CHU,OPT,CHUH8 C1375,2028-03-03,C,1.375,0.028400000,3,
2026-08-24,CHU,OPT,CHUH8 C1380,2028-03-03,C,1.38,0.027100000,3,
2026-08-24,CHU,OPT,CHUH8 C1385,2028-03-03,C,1.385,0.025900000,3,
2026-08-24,CHU,OPT,CHUH8 C1390,2028-03-03,C,1.39,0.024800000,3,
2026-08-24,CHU,OPT,CHUH8 C1395,2028-03-03,C,1.395,0.023700000,3,
2026-08-24,CHU,OPT,CHUH8 C1400,2028-03-03,C,1.4,0.022600000,3,
2026-08-24,CHU,OPT,CHUH8 C1405,2028-03-03,C,1.405,0.021700000,3,
2026-08-24,CHU,OPT,CHUH8 C1410,2028-03-03,C,1.41,0.020700000,3,
2026-08-24,CHU,OPT,CHUH8 C1415,2028-03-03,C,1.415,0.019900000,3,
2026-08-24,CHU,OPT,CHUH8 C1420,2028-03-03,C,1.42,0.019000000,3,
2026-08-24,CHU,OPT,CHUH8 C1425,2028-03-03,C,1.425,0.018300000,3,
2026-08-24,CHU,OPT,CHUH8 C1430,2028-03-03,C,1.43,0.017600000,3,
2026-08-24,CHU,OPT,CHUH8 C1440,2028-03-03,C,1.44,0.016400000,3,
2026-08-24,CHU,OPT,CHUH8 C1450,2028-03-03,C,1.45,0.015200000,3,
2026-08-24,CHU,OPT,CHUH8 C1460,2028-03-03,C,1.46,0.014200000,3,
2026-08-24,CHU,OPT,CHUH8 C1470,2028-03-03,C,1.47,0.013200000,3,
2026-08-24,CHU,OPT,CHUH8 C1480,2028-03-03,C,1.48,0.012300000,3,
2026-08-24,CHU,OPT,CHUH8 P1210,2028-03-03,P,1.21,0.007900000,3,
2026-08-24,CHU,OPT,CHUH8 P1220,2028-03-03,P,1.22,0.009600000,3,
2026-08-24,CHU,OPT,CHUH8 P1230,2028-03-03,P,1.23,0.011600000,3,
2026-08-24,CHU,OPT,CHUH8 P1240,2028-03-03,P,1.24,0.013900000,3,
2026-08-24,CHU,OPT,CHUH8 P1250,2028-03-03,P,1.25,0.016500000,3,
2026-08-24,CHU,OPT,CHUH8 P1255,2028-03-03,P,1.255,0.017900000,3,
2026-08-24,CHU,OPT,CHUH8 P1260,2028-03-03,P,1.26,0.019100000,3,
2026-08-24,CHU,OPT,CHUH8 P1265,2028-03-03,P,1.265,0.020400000,3,
2026-08-24,CHU,OPT,CHUH8 P1270,2028-03-03,P,1.27,0.021800000,3,
2026-08-24,CHU,OPT,CHUH8 P1275,2028-03-03,P,1.275,0.023200000,3,
2026-08-24,CHU,OPT,CHUH8 P1280,2028-03-03,P,1.28,0.024800000,3,
2026-08-24,CHU,OPT,CHUH8 P1285,2028-03-03,P,1.285,0.026400000,3,
2026-08-24,CHU,OPT,CHUH8 P1290,2028-03-03,P,1.29,0.028100000,3,
2026-08-24,CHU,OPT,CHUH8 P1295,2028-03-03,P,1.295,0.030000000,3,
2026-08-24,CHU,OPT,CHUH8 P1300,2028-03-03,P,1.3,0.031900000,3,
2026-08-24,CHU,OPT,CHUH8 P1305,2028-03-03,P,1.305,0.033900000,3,
2026-08-24,CHU,OPT,CHUH8 P1310,2028-03-03,P,1.31,0.036100000,3,
2026-08-24,CHU,OPT,CHUH8 P1315,2028-03-03,P,1.315,0.038400000,3,
2026-08-24,CHU,OPT,CHUH8 P1320,2028-03-03,P,1.32,0.040800000,3,
2026-08-24,CHU,OPT,CHUH8 P1325,2028-03-03,P,1.325,0.043200000,3,
2026-08-24,CHU,OPT,CHUH8 P1330,2028-03-03,P,1.33,0.045800000,3,
2026-08-24,CHU,OPT,CHUH8 P1335,2028-03-03,P,1.335,0.048500000,3,
2026-08-24,CHU,OPT,CHUH8 P1340,2028-03-03,P,1.34,0.051300000,3,
2026-08-24,CHU,OPT,CHUH8 P1345,2028-03-03,P,1.345,0.054200000,3,
2026-08-24,CHU,OPT,CHUH8 P1350,2028-03-03,P,1.35,0.057200000,3,
2026-08-24,CHU,OPT,CHUH8 P1355,2028-03-03,P,1.355,0.060200000,3,
2026-08-24,CHU,OPT,CHUH8 P1360,2028-03-03,P,1.36,0.063400000,3,
2026-08-24,CHU,OPT,CHUH8 P1365,2028-03-03,P,1.365,0.066600000,3,
2026-08-24,CHU,OPT,CHUH8 P1370,2028-03-03,P,1.37,0.069800000,3,
2026-08-24,CHU,OPT,CHUH8 P1375,2028-03-03,P,1.375,0.073200000,3,
2026-08-24,CHU,OPT,CHUH8 P1380,2028-03-03,P,1.38,0.076600000,3,
2026-08-24,CHU,OPT,CHUH8 P1385,2028-03-03,P,1.385,0.080100000,3,
2026-08-24,CHU,OPT,CHUH8 P1390,2028-03-03,P,1.39,0.083700000,3,
2026-08-24,CHU,OPT,CHUH8 P1395,2028-03-03,P,1.395,0.087300000,3,
2026-08-24,CHU,OPT,CHUH8 P1400,2028-03-03,P,1.4,0.091000000,3,
2026-08-24,CHU,OPT,CHUH8 P1405,2028-03-03,P,1.405,0.094700000,3,
2026-08-24,CHU,OPT,CHUH8 P1410,2028-03-03,P,1.41,0.098500000,3,
2026-08-24,CHU,OPT,CHUH8 P1415,2028-03-03,P,1.415,0.102300000,3,
2026-08-24,CHU,OPT,CHUH8 P1420,2028-03-03,P,1.42,0.106200000,3,
2026-08-24,CHU,OPT,CHUH8 P1425,2028-03-03,P,1.425,0.110100000,3,
2026-08-24,CHU,OPT,CHUH8 P1430,2028-03-03,P,1.43,0.114200000,3,
2026-08-24,CHU,OPT,CHUH8 P1440,2028-03-03,P,1.44,0.122300000,3,
2026-08-24,CHU,OPT,CHUH8 P1450,2028-03-03,P,1.45,0.130600000,3,
2026-08-24,CHU,OPT,CHUH8 P1460,2028-03-03,P,1.46,0.139000000,3,
2026-08-24,CHU,OPT,CHUH8 P1470,2028-03-03,P,1.47,0.147400000,3,
2026-08-24,CHU,OPT,CHUH8 P1480,2028-03-03,P,1.48,0.155900000,3,
2026-08-24,CHU,OPT,CHUM8 C1220,2028-06-09,C,1.22,0.123200000,3,
2026-08-24,CHU,OPT,CHUM8 C1230,2028-06-09,C,1.23,0.115600000,3,
2026-08-24,CHU,OPT,CHUM8 C1240,2028-06-09,C,1.24,0.108300000,3,
2026-08-24,CHU,OPT,CHUM8 C1250,2028-06-09,C,1.25,0.101200000,3,
2026-08-24,CHU,OPT,CHUM8 C1260,2028-06-09,C,1.26,0.094400000,3,
2026-08-24,CHU,OPT,CHUM8 C1270,2028-06-09,C,1.27,0.087800000,3,
2026-08-24,CHU,OPT,CHUM8 C1275,2028-06-09,C,1.275,0.084500000,3,
2026-08-24,CHU,OPT,CHUM8 C1280,2028-06-09,C,1.28,0.081200000,3,
2026-08-24,CHU,OPT,CHUM8 C1285,2028-06-09,C,1.285,0.078000000,3,
2026-08-24,CHU,OPT,CHUM8 C1290,2028-06-09,C,1.29,0.074800000,3,
2026-08-24,CHU,OPT,CHUM8 C1295,2028-06-09,C,1.295,0.071800000,3,
2026-08-24,CHU,OPT,CHUM8 C1300,2028-06-09,C,1.3,0.068800000,3,
2026-08-24,CHU,OPT,CHUM8 C1305,2028-06-09,C,1.305,0.065900000,3,
2026-08-24,CHU,OPT,CHUM8 C1310,2028-06-09,C,1.31,0.063200000,3,
2026-08-24,CHU,OPT,CHUM8 C1315,2028-06-09,C,1.315,0.060500000,3,
2026-08-24,CHU,OPT,CHUM8 C1320,2028-06-09,C,1.32,0.057900000,3,
2026-08-24,CHU,OPT,CHUM8 C1325,2028-06-09,C,1.325,0.055400000,3,
2026-08-24,CHU,OPT,CHUM8 C1330,2028-06-09,C,1.33,0.053100000,3,
2026-08-24,CHU,OPT,CHUM8 C1335,2028-06-09,C,1.335,0.050800000,3,
2026-08-24,CHU,OPT,CHUM8 C1340,2028-06-09,C,1.34,0.048700000,3,
2026-08-24,CHU,OPT,CHUM8 C1345,2028-06-09,C,1.345,0.046600000,3,
2026-08-24,CHU,OPT,CHUM8 C1350,2028-06-09,C,1.35,0.044700000,3,
2026-08-24,CHU,OPT,CHUM8 C1355,2028-06-09,C,1.355,0.042800000,3,
2026-08-24,CHU,OPT,CHUM8 C1360,2028-06-09,C,1.36,0.041000000,3,
2026-08-24,CHU,OPT,CHUM8 C1365,2028-06-09,C,1.365,0.039300000,3,
2026-08-24,CHU,OPT,CHUM8 C1370,2028-06-09,C,1.37,0.037700000,3,
2026-08-24,CHU,OPT,CHUM8 C1375,2028-06-09,C,1.375,0.036200000,3,
2026-08-24,CHU,OPT,CHUM8 C1380,2028-06-09,C,1.38,0.034700000,3,
2026-08-24,CHU,OPT,CHUM8 C1385,2028-06-09,C,1.385,0.033300000,3,
2026-08-24,CHU,OPT,CHUM8 C1390,2028-06-09,C,1.39,0.032000000,3,
2026-08-24,CHU,OPT,CHUM8 C1395,2028-06-09,C,1.395,0.030700000,3,
2026-08-24,CHU,OPT,CHUM8 C1400,2028-06-09,C,1.4,0.029400000,3,
2026-08-24,CHU,OPT,CHUM8 C1405,2028-06-09,C,1.405,0.028400000,3,
2026-08-24,CHU,OPT,CHUM8 C1410,2028-06-09,C,1.41,0.027300000,3,
2026-08-24,CHU,OPT,CHUM8 C1415,2028-06-09,C,1.415,0.026400000,3,
2026-08-24,CHU,OPT,CHUM8 C1420,2028-06-09,C,1.42,0.025400000,3,
2026-08-24,CHU,OPT,CHUM8 C1430,2028-06-09,C,1.43,0.023700000,3,
2026-08-24,CHU,OPT,CHUM8 C1440,2028-06-09,C,1.44,0.022100000,3,
2026-08-24,CHU,OPT,CHUM8 C1450,2028-06-09,C,1.45,0.020700000,3,
2026-08-24,CHU,OPT,CHUM8 C1460,2028-06-09,C,1.46,0.019300000,3,
2026-08-24,CHU,OPT,CHUM8 P1220,2028-06-09,P,1.22,0.010300000,3,
2026-08-24,CHU,OPT,CHUM8 P1230,2028-06-09,P,1.23,0.012100000,3,
2026-08-24,CHU,OPT,CHUM8 P1240,2028-06-09,P,1.24,0.014100000,3,
2026-08-24,CHU,OPT,CHUM8 P1250,2028-06-09,P,1.25,0.016300000,3,
2026-08-24,CHU,OPT,CHUM8 P1260,2028-06-09,P,1.26,0.018800000,3,
2026-08-24,CHU,OPT,CHUM8 P1270,2028-06-09,P,1.27,0.021500000,3,
2026-08-24,CHU,OPT,CHUM8 P1275,2028-06-09,P,1.275,0.022800000,3,
2026-08-24,CHU,OPT,CHUM8 P1280,2028-06-09,P,1.28,0.024200000,3,
2026-08-24,CHU,OPT,CHUM8 P1285,2028-06-09,P,1.285,0.025600000,3,
2026-08-24,CHU,OPT,CHUM8 P1290,2028-06-09,P,1.29,0.027100000,3,
2026-08-24,CHU,OPT,CHUM8 P1295,2028-06-09,P,1.295,0.028700000,3,
2026-08-24,CHU,OPT,CHUM8 P1300,2028-06-09,P,1.3,0.030400000,3,
2026-08-24,CHU,OPT,CHUM8 P1305,2028-06-09,P,1.305,0.032200000,3,
2026-08-24,CHU,OPT,CHUM8 P1310,2028-06-09,P,1.31,0.034100000,3,
2026-08-24,CHU,OPT,CHUM8 P1315,2028-06-09,P,1.315,0.036000000,3,
2026-08-24,CHU,OPT,CHUM8 P1320,2028-06-09,P,1.32,0.038100000,3,
2026-08-24,CHU,OPT,CHUM8 P1325,2028-06-09,P,1.325,0.040300000,3,
2026-08-24,CHU,OPT,CHUM8 P1330,2028-06-09,P,1.33,0.042600000,3,
2026-08-24,CHU,OPT,CHUM8 P1335,2028-06-09,P,1.335,0.045000000,3,
2026-08-24,CHU,OPT,CHUM8 P1340,2028-06-09,P,1.34,0.047500000,3,
2026-08-24,CHU,OPT,CHUM8 P1345,2028-06-09,P,1.345,0.050100000,3,
2026-08-24,CHU,OPT,CHUM8 P1350,2028-06-09,P,1.35,0.052800000,3,
2026-08-24,CHU,OPT,CHUM8 P1355,2028-06-09,P,1.355,0.055600000,3,
2026-08-24,CHU,OPT,CHUM8 P1360,2028-06-09,P,1.36,0.058500000,3,
2026-08-24,CHU,OPT,CHUM8 P1365,2028-06-09,P,1.365,0.061400000,3,
2026-08-24,CHU,OPT,CHUM8 P1370,2028-06-09,P,1.37,0.064500000,3,
2026-08-24,CHU,OPT,CHUM8 P1375,2028-06-09,P,1.375,0.067600000,3,
2026-08-24,CHU,OPT,CHUM8 P1380,2028-06-09,P,1.38,0.070800000,3,
2026-08-24,CHU,OPT,CHUM8 P1385,2028-06-09,P,1.385,0.074000000,3,
2026-08-24,CHU,OPT,CHUM8 P1390,2028-06-09,P,1.39,0.077300000,3,
2026-08-24,CHU,OPT,CHUM8 P1395,2028-06-09,P,1.395,0.080700000,3,
2026-08-24,CHU,OPT,CHUM8 P1400,2028-06-09,P,1.4,0.084100000,3,
2026-08-24,CHU,OPT,CHUM8 P1405,2028-06-09,P,1.405,0.087700000,3,
2026-08-24,CHU,OPT,CHUM8 P1410,2028-06-09,P,1.41,0.091300000,3,
2026-08-24,CHU,OPT,CHUM8 P1415,2028-06-09,P,1.415,0.095000000,3,
2026-08-24,CHU,OPT,CHUM8 P1420,2028-06-09,P,1.42,0.098700000,3,
2026-08-24,CHU,OPT,CHUM8 P1430,2028-06-09,P,1.43,0.106300000,3,
2026-08-24,CHU,OPT,CHUM8 P1440,2028-06-09,P,1.44,0.114000000,3,
2026-08-24,CHU,OPT,CHUM8 P1450,2028-06-09,P,1.45,0.121900000,3,
2026-08-24,CHU,OPT,CHUM8 P1460,2028-06-09,P,1.46,0.129900000,3,
