session,root,type,symbol,expiry,right,strike,settle,settle_flag,oi
2026-08-04,EUU,OPT,EUUQ6 C0990,2026-08-07,C,0.99,0.165100000,3,
2026-08-04,EUU,OPT,EUUQ6 C1000,2026-08-07,C,1,0.155100000,3,
2026-08-04,EUU,OPT,EUUQ6 C1010,2026-08-07,C,1.01,0.145100000,3,
2026-08-04,EUU,OPT,EUUQ6 C1020,2026-08-07,C,1.02,0.135100000,3,
2026-08-04,EUU,OPT,EUUQ6 C1030,2026-08-07,C,1.03,0.125100000,3,
2026-08-04,EUU,OPT,EUUQ6 C1040,2026-08-07,C,1.04,0.115100000,3,
2026-08-04,EUU,OPT,EUUQ6 C1050,2026-08-07,C,1.05,0.105100000,3,
2026-08-04,EUU,OPT,EUUQ6 C1060,2026-08-07,C,1.06,0.095100000,3,
2026-08-04,EUU,OPT,EUUQ6 C1070,2026-08-07,C,1.07,0.085100000,3,
2026-08-04,EUU,OPT,EUUQ6 C1075,2026-08-07,C,1.075,0.080100000,3,
2026-08-04,EUU,OPT,EUUQ6 C1080,2026-08-07,C,1.08,0.075100000,3,
2026-08-04,EUU,OPT,EUUQ6 C1085,2026-08-07,C,1.085,0.070100000,3,
2026-08-04,EUU,OPT,EUUQ6 C1090,2026-08-07,C,1.09,0.065100000,3,
2026-08-04,EUU,OPT,EUUQ6 C1095,2026-08-07,C,1.095,0.060100000,3,
2026-08-04,EUU,OPT,EUUQ6 C1100,2026-08-07,C,1.1,0.055100000,3,
2026-08-04,EUU,OPT,EUUQ6 C1105,2026-08-07,C,1.105,0.050100000,3,
2026-08-04,EUU,OPT,EUUQ6 C1110,2026-08-07,C,1.11,0.045100000,3,
2026-08-04,EUU,OPT,EUUQ6 C1115,2026-08-07,C,1.115,0.040100000,3,
2026-08-04,EUU,OPT,EUUQ6 C1120,2026-08-07,C,1.12,0.035100000,3,
2026-08-04,EUU,OPT,EUUQ6 C1122,2026-08-07,C,1.1225,0.032600000,3,
2026-08-04,EUU,OPT,EUUQ6 C1125,2026-08-07,C,1.125,0.030100000,3,
2026-08-04,EUU,OPT,EUUQ6 C1127,2026-08-07,C,1.1275,0.027600000,3,
2026-08-04,EUU,OPT,EUUQ6 C1130,2026-08-07,C,1.13,0.025100000,3,6
2026-08-04,EUU,OPT,EUUQ6 C1132,2026-08-07,C,1.1325,0.022600000,3,1
2026-08-04,EUU,OPT,EUUQ6 C1135,2026-08-07,C,1.135,0.020100000,3,101
2026-08-04,EUU,OPT,EUUQ6 C1137,2026-08-07,C,1.1375,0.017600000,3,22
2026-08-04,EUU,OPT,EUUQ6 C1140,2026-08-07,C,1.14,0.015200000,3,763
2026-08-04,EUU,OPT,EUUQ6 C1142,2026-08-07,C,1.1425,0.012700000,3,524
2026-08-04,EUU,OPT,EUUQ6 C1145,2026-08-07,C,1.145,0.010300000,3,1793
2026-08-04,EUU,OPT,EUUQ6 C1147,2026-08-07,C,1.1475,0.008000000,3,593
2026-08-04,EUU,OPT,EUUQ6 C1150,2026-08-07,C,1.15,0.005900000,3,4808
2026-08-04,EUU,OPT,EUUQ6 C1152,2026-08-07,C,1.1525,0.004000000,3,1197
2026-08-04,EUU,OPT,EUUQ6 C1155,2026-08-07,C,1.155,0.002500000,3,2424
2026-08-04,EUU,OPT,EUUQ6 C1157,2026-08-07,C,1.1575,0.001300000,3,434
2026-08-04,EUU,OPT,EUUQ6 C1160,2026-08-07,C,1.16,0.000600000,3,7058
2026-08-04,EUU,OPT,EUUQ6 C1162,2026-08-07,C,1.1625,0.000300000,3,501
2026-08-04,EUU,OPT,EUUQ6 C1165,2026-08-07,C,1.165,0.000150000,3,3048
2026-08-04,EUU,OPT,EUUQ6 C1167,2026-08-07,C,1.1675,0.000100000,3,1595
2026-08-04,EUU,OPT,EUUQ6 C1170,2026-08-07,C,1.17,0.000050000,3,1755
2026-08-04,EUU,OPT,EUUQ6 C1172,2026-08-07,C,1.1725,0.000050000,3,36
2026-08-04,EUU,OPT,EUUQ6 C1175,2026-08-07,C,1.175,0.000050000,3,1055
2026-08-04,EUU,OPT,EUUQ6 C1180,2026-08-07,C,1.18,0.000050000,3,1392
2026-08-04,EUU,OPT,EUUQ6 C1185,2026-08-07,C,1.185,0.000050000,3,503
2026-08-04,EUU,OPT,EUUQ6 C1190,2026-08-07,C,1.19,0.000050000,3,810
2026-08-04,EUU,OPT,EUUQ6 C1195,2026-08-07,C,1.195,0.000050000,3,336
2026-08-04,EUU,OPT,EUUQ6 C1200,2026-08-07,C,1.2,0.000050000,3,620
2026-08-04,EUU,OPT,EUUQ6 C1205,2026-08-07,C,1.205,0.000050000,3,303
2026-08-04,EUU,OPT,EUUQ6 C1210,2026-08-07,C,1.21,0.000050000,3,1248
2026-08-04,EUU,OPT,EUUQ6 C1215,2026-08-07,C,1.215,0.000050000,3,316
2026-08-04,EUU,OPT,EUUQ6 C1220,2026-08-07,C,1.22,0.000050000,3,115
2026-08-04,EUU,OPT,EUUQ6 C1225,2026-08-07,C,1.225,0.000050000,3,1484
2026-08-04,EUU,OPT,EUUQ6 C1230,2026-08-07,C,1.23,0.000050000,3,1112
2026-08-04,EUU,OPT,EUUQ6 C1235,2026-08-07,C,1.235,0.000050000,3,1315
2026-08-04,EUU,OPT,EUUQ6 C1240,2026-08-07,C,1.24,0.000050000,3,18
2026-08-04,EUU,OPT,EUUQ6 C1245,2026-08-07,C,1.245,0.000050000,3,1808
2026-08-04,EUU,OPT,EUUQ6 C1250,2026-08-07,C,1.25,0.000050000,3,221
2026-08-04,EUU,OPT,EUUQ6 C1255,2026-08-07,C,1.255,0.000050000,3,453
2026-08-04,EUU,OPT,EUUQ6 C1260,2026-08-07,C,1.26,0.000050000,3,1009
2026-08-04,EUU,OPT,EUUQ6 C1270,2026-08-07,C,1.27,0.000050000,3,169
2026-08-04,EUU,OPT,EUUQ6 C1280,2026-08-07,C,1.28,0.000050000,3,14
2026-08-04,EUU,OPT,EUUQ6 C1290,2026-08-07,C,1.29,0.000050000,3,72
2026-08-04,EUU,OPT,EUUQ6 C1300,2026-08-07,C,1.3,0.000050000,3,127
2026-08-04,EUU,OPT,EUUQ6 C1310,2026-08-07,C,1.31,0.000050000,3,9
2026-08-04,EUU,OPT,EUUQ6 C1320,2026-08-07,C,1.32,0.000050000,3,8
2026-08-04,EUU,OPT,EUUQ6 C1330,2026-08-07,C,1.33,0.000050000,3,41
2026-08-04,EUU,OPT,EUUQ6 C1340,2026-08-07,C,1.34,0.000050000,3,15
2026-08-04,EUU,OPT,EUUQ6 C1350,2026-08-07,C,1.35,0.000050000,3,1
2026-08-04,EUU,OPT,EUUQ6 C1360,2026-08-07,C,1.36,0.000050000,3,5
2026-08-04,EUU,OPT,EUUQ6 P0990,2026-08-07,P,0.99,0.000050000,3,
2026-08-04,EUU,OPT,EUUQ6 P1000,2026-08-07,P,1,0.000050000,3,
2026-08-04,EUU,OPT,EUUQ6 P1010,2026-08-07,P,1.01,0.000050000,3,6
2026-08-04,EUU,OPT,EUUQ6 P1020,2026-08-07,P,1.02,0.000050000,3,26
2026-08-04,EUU,OPT,EUUQ6 P1030,2026-08-07,P,1.03,0.000050000,3,102
2026-08-04,EUU,OPT,EUUQ6 P1040,2026-08-07,P,1.04,0.000050000,3,109
2026-08-04,EUU,OPT,EUUQ6 P1050,2026-08-07,P,1.05,0.000050000,3,855
2026-08-04,EUU,OPT,EUUQ6 P1060,2026-08-07,P,1.06,0.000050000,3,24
2026-08-04,EUU,OPT,EUUQ6 P1070,2026-08-07,P,1.07,0.000050000,3,89
2026-08-04,EUU,OPT,EUUQ6 P1075,2026-08-07,P,1.075,0.000050000,3,
2026-08-04,EUU,OPT,EUUQ6 P1080,2026-08-07,P,1.08,0.000050000,3,608
2026-08-04,EUU,OPT,EUUQ6 P1085,2026-08-07,P,1.085,0.000050000,3,10
2026-08-04,EUU,OPT,EUUQ6 P1090,2026-08-07,P,1.09,0.000050000,3,75
2026-08-04,EUU,OPT,EUUQ6 P1095,2026-08-07,P,1.095,0.000050000,3,37
2026-08-04,EUU,OPT,EUUQ6 P1100,2026-08-07,P,1.1,0.000050000,3,1643
2026-08-04,EUU,OPT,EUUQ6 P1105,2026-08-07,P,1.105,0.000050000,3,2622
2026-08-04,EUU,OPT,EUUQ6 P1110,2026-08-07,P,1.11,0.000050000,3,459
2026-08-04,EUU,OPT,EUUQ6 P1115,2026-08-07,P,1.115,0.000050000,3,3766
2026-08-04,EUU,OPT,EUUQ6 P1120,2026-08-07,P,1.12,0.000050000,3,2088
2026-08-04,EUU,OPT,EUUQ6 P1122,2026-08-07,P,1.1225,0.000050000,3,1274
2026-08-04,EUU,OPT,EUUQ6 P1125,2026-08-07,P,1.125,0.000050000,3,3477
2026-08-04,EUU,OPT,EUUQ6 P1127,2026-08-07,P,1.1275,0.000050000,3,2265
2026-08-04,EUU,OPT,EUUQ6 P1130,2026-08-07,P,1.13,0.000050000,3,8314
2026-08-04,EUU,OPT,EUUQ6 P1132,2026-08-07,P,1.1325,0.000050000,3,2158
2026-08-04,EUU,OPT,EUUQ6 P1135,2026-08-07,P,1.135,0.000050000,3,3052
2026-08-04,EUU,OPT,EUUQ6 P1137,2026-08-07,P,1.1375,0.000050000,3,1229
2026-08-04,EUU,OPT,EUUQ6 P1140,2026-08-07,P,1.14,0.000100000,3,12994
2026-08-04,EUU,OPT,EUUQ6 P1142,2026-08-07,P,1.1425,0.000150000,3,902
2026-08-04,EUU,OPT,EUUQ6 P1145,2026-08-07,P,1.145,0.000250000,3,7102
2026-08-04,EUU,OPT,EUUQ6 P1147,2026-08-07,P,1.1475,0.000400000,3,164
2026-08-04,EUU,OPT,EUUQ6 P1150,2026-08-07,P,1.15,0.000800000,3,3478
2026-08-04,EUU,OPT,EUUQ6 P1152,2026-08-07,P,1.1525,0.001400000,3,220
2026-08-04,EUU,OPT,EUUQ6 P1155,2026-08-07,P,1.155,0.002400000,3,1677
2026-08-04,EUU,OPT,EUUQ6 P1157,2026-08-07,P,1.1575,0.003700000,3,24
2026-08-04,EUU,OPT,EUUQ6 P1160,2026-08-07,P,1.16,0.005500000,3,915
2026-08-04,EUU,OPT,EUUQ6 P1162,2026-08-07,P,1.1625,0.007700000,3,1
2026-08-04,EUU,OPT,EUUQ6 P1165,2026-08-07,P,1.165,0.010100000,3,1664
2026-08-04,EUU,OPT,EUUQ6 P1167,2026-08-07,P,1.1675,0.012500000,3,
2026-08-04,EUU,OPT,EUUQ6 P1170,2026-08-07,P,1.17,0.014900000,3,2716
2026-08-04,EUU,OPT,EUUQ6 P1172,2026-08-07,P,1.1725,0.017400000,3,
2026-08-04,EUU,OPT,EUUQ6 P1175,2026-08-07,P,1.175,0.019900000,3,1004
2026-08-04,EUU,OPT,EUUQ6 P1180,2026-08-07,P,1.18,0.024900000,3,1254
2026-08-04,EUU,OPT,EUUQ6 P1185,2026-08-07,P,1.185,0.029900000,3,317
2026-08-04,EUU,OPT,EUUQ6 P1190,2026-08-07,P,1.19,0.034900000,3,684
2026-08-04,EUU,OPT,EUUQ6 P1195,2026-08-07,P,1.195,0.039900000,3,158
2026-08-04,EUU,OPT,EUUQ6 P1200,2026-08-07,P,1.2,0.044900000,3,1169
2026-08-04,EUU,OPT,EUUQ6 P1205,2026-08-07,P,1.205,0.049900000,3,1
2026-08-04,EUU,OPT,EUUQ6 P1210,2026-08-07,P,1.21,0.054900000,3,7
2026-08-04,EUU,OPT,EUUQ6 P1215,2026-08-07,P,1.215,0.059900000,3,
2026-08-04,EUU,OPT,EUUQ6 P1220,2026-08-07,P,1.22,0.064900000,3,1
2026-08-04,EUU,OPT,EUUQ6 P1225,2026-08-07,P,1.225,0.069900000,3,
2026-08-04,EUU,OPT,EUUQ6 P1230,2026-08-07,P,1.23,0.074900000,3,3
2026-08-04,EUU,OPT,EUUQ6 P1235,2026-08-07,P,1.235,0.079900000,3,
2026-08-04,EUU,OPT,EUUQ6 P1240,2026-08-07,P,1.24,0.084900000,3,
2026-08-04,EUU,OPT,EUUQ6 P1245,2026-08-07,P,1.245,0.089900000,3,
2026-08-04,EUU,OPT,EUUQ6 P1250,2026-08-07,P,1.25,0.094900000,3,
2026-08-04,EUU,OPT,EUUQ6 P1255,2026-08-07,P,1.255,0.099900000,3,
2026-08-04,EUU,OPT,EUUQ6 P1260,2026-08-07,P,1.26,0.104900000,3,
2026-08-04,EUU,OPT,EUUQ6 P1270,2026-08-07,P,1.27,0.114900000,3,
2026-08-04,EUU,OPT,EUUQ6 P1280,2026-08-07,P,1.28,0.124900000,3,
2026-08-04,EUU,OPT,EUUQ6 P1290,2026-08-07,P,1.29,0.134900000,3,
2026-08-04,EUU,OPT,EUUQ6 P1300,2026-08-07,P,1.3,0.144900000,3,
2026-08-04,EUU,OPT,EUUQ6 P1310,2026-08-07,P,1.31,0.154900000,3,
2026-08-04,EUU,OPT,EUUQ6 P1320,2026-08-07,P,1.32,0.164900000,3,
2026-08-04,EUU,OPT,EUUQ6 P1330,2026-08-07,P,1.33,0.174800000,3,
2026-08-04,EUU,OPT,EUUQ6 P1340,2026-08-07,P,1.34,0.184800000,3,
2026-08-04,EUU,OPT,EUUQ6 P1350,2026-08-07,P,1.35,0.194800000,3,
2026-08-04,EUU,OPT,EUUQ6 P1360,2026-08-07,P,1.36,0.204800000,3,
2026-08-04,EUU,OPT,EUUU6 C0910,2026-09-04,C,0.91,0.244300000,3,
2026-08-04,EUU,OPT,EUUU6 C0920,2026-09-04,C,0.92,0.234400000,3,
2026-08-04,EUU,OPT,EUUU6 C0930,2026-09-04,C,0.93,0.224400000,3,
2026-08-04,EUU,OPT,EUUU6 C0940,2026-09-04,C,0.94,0.214400000,3,
2026-08-04,EUU,OPT,EUUU6 C0950,2026-09-04,C,0.95,0.204500000,3,
2026-08-04,EUU,OPT,EUUU6 C0960,2026-09-04,C,0.96,0.194500000,3,
2026-08-04,EUU,OPT,EUUU6 C0970,2026-09-04,C,0.97,0.184500000,3,
2026-08-04,EUU,OPT,EUUU6 C0980,2026-09-04,C,0.98,0.174600000,3,
2026-08-04,EUU,OPT,EUUU6 C0990,2026-09-04,C,0.99,0.164600000,3,
2026-08-04,EUU,OPT,EUUU6 C1000,2026-09-04,C,1,0.154600000,3,
2026-08-04,EUU,OPT,EUUU6 C1005,2026-09-04,C,1.005,0.149600000,3,
2026-08-04,EUU,OPT,EUUU6 C1010,2026-09-04,C,1.01,0.144700000,3,
2026-08-04,EUU,OPT,EUUU6 C1015,2026-09-04,C,1.015,0.139700000,3,
2026-08-04,EUU,OPT,EUUU6 C1020,2026-09-04,C,1.02,0.134700000,3,
2026-08-04,EUU,OPT,EUUU6 C1025,2026-09-04,C,1.025,0.129700000,3,
2026-08-04,EUU,OPT,EUUU6 C1030,2026-09-04,C,1.03,0.124700000,3,
2026-08-04,EUU,OPT,EUUU6 C1035,2026-09-04,C,1.035,0.119700000,3,
2026-08-04,EUU,OPT,EUUU6 C1040,2026-09-04,C,1.04,0.114700000,3,
2026-08-04,EUU,OPT,EUUU6 C1045,2026-09-04,C,1.045,0.109800000,3,
2026-08-04,EUU,OPT,EUUU6 C1050,2026-09-04,C,1.05,0.104800000,3,1
2026-08-04,EUU,OPT,EUUU6 C1055,2026-09-04,C,1.055,0.099800000,3,1
2026-08-04,EUU,OPT,EUUU6 C1060,2026-09-04,C,1.06,0.094800000,3,
2026-08-04,EUU,OPT,EUUU6 C1065,2026-09-04,C,1.065,0.089800000,3,
2026-08-04,EUU,OPT,EUUU6 C1070,2026-09-04,C,1.07,0.084900000,3,
2026-08-04,EUU,OPT,EUUU6 C1075,2026-09-04,C,1.075,0.079900000,3,
2026-08-04,EUU,OPT,EUUU6 C1080,2026-09-04,C,1.08,0.074900000,3,4
2026-08-04,EUU,OPT,EUUU6 C1085,2026-09-04,C,1.085,0.070000000,3,
2026-08-04,EUU,OPT,EUUU6 C1090,2026-09-04,C,1.09,0.065000000,3,3
2026-08-04,EUU,OPT,EUUU6 C1095,2026-09-04,C,1.095,0.060000000,3,2
2026-08-04,EUU,OPT,EUUU6 C1100,2026-09-04,C,1.1,0.055000000,3,1
2026-08-04,EUU,OPT,EUUU6 C1105,2026-09-04,C,1.105,0.050100000,3,
2026-08-04,EUU,OPT,EUUU6 C1110,2026-09-04,C,1.11,0.045200000,3,
2026-08-04,EUU,OPT,EUUU6 C1115,2026-09-04,C,1.115,0.040300000,3,
2026-08-04,EUU,OPT,EUUU6 C1120,2026-09-04,C,1.12,0.035400000,3,22
2026-08-04,EUU,OPT,EUUU6 C1125,2026-09-04,C,1.125,0.030600000,3,9
2026-08-04,EUU,OPT,EUUU6 C1130,2026-09-04,C,1.13,0.025900000,3,59
2026-08-04,EUU,OPT,EUUU6 C1135,2026-09-04,C,1.135,0.021400000,3,88
2026-08-04,EUU,OPT,EUUU6 C1140,2026-09-04,C,1.14,0.017000000,3,1061
2026-08-04,EUU,OPT,EUUU6 C1145,2026-09-04,C,1.145,0.013100000,3,1062
2026-08-04,EUU,OPT,EUUU6 C1150,2026-09-04,C,1.15,0.009600000,3,4548
2026-08-04,EUU,OPT,EUUU6 C1155,2026-09-04,C,1.155,0.006600000,3,1888
2026-08-04,EUU,OPT,EUUU6 C1160,2026-09-04,C,1.16,0.004400000,3,8615
2026-08-04,EUU,OPT,EUUU6 C1165,2026-09-04,C,1.165,0.002700000,3,6317
2026-08-04,EUU,OPT,EUUU6 C1170,2026-09-04,C,1.17,0.001600000,3,5562
2026-08-04,EUU,OPT,EUUU6 C1175,2026-09-04,C,1.175,0.000900000,3,1301
2026-08-04,EUU,OPT,EUUU6 C1180,2026-09-04,C,1.18,0.000500000,3,20094
2026-08-04,EUU,OPT,EUUU6 C1185,2026-09-04,C,1.185,0.000350000,3,605
2026-08-04,EUU,OPT,EUUU6 C1190,2026-09-04,C,1.19,0.000250000,3,1552
2026-08-04,EUU,OPT,EUUU6 C1195,2026-09-04,C,1.195,0.000150000,3,1401
2026-08-04,EUU,OPT,EUUU6 C1200,2026-09-04,C,1.2,0.000100000,3,7905
2026-08-04,EUU,OPT,EUUU6 C1205,2026-09-04,C,1.205,0.000050000,3,617
2026-08-04,EUU,OPT,EUUU6 C1210,2026-09-04,C,1.21,0.000050000,3,654
2026-08-04,EUU,OPT,EUUU6 C1215,2026-09-04,C,1.215,0.000050000,3,261
2026-08-04,EUU,OPT,EUUU6 C1220,2026-09-04,C,1.22,0.000050000,3,1345
2026-08-04,EUU,OPT,EUUU6 C1225,2026-09-04,C,1.225,0.000050000,3,254
2026-08-04,EUU,OPT,EUUU6 C1230,2026-09-04,C,1.23,0.000050000,3,426
2026-08-04,EUU,OPT,EUUU6 C1235,2026-09-04,C,1.235,0.000050000,3,71
2026-08-04,EUU,OPT,EUUU6 C1240,2026-09-04,C,1.24,0.000050000,3,456
2026-08-04,EUU,OPT,EUUU6 C1245,2026-09-04,C,1.245,0.000050000,3,58
2026-08-04,EUU,OPT,EUUU6 C1250,2026-09-04,C,1.25,0.000050000,3,292
2026-08-04,EUU,OPT,EUUU6 C1255,2026-09-04,C,1.255,0.000050000,3,71
2026-08-04,EUU,OPT,EUUU6 C1260,2026-09-04,C,1.26,0.000050000,3,172
2026-08-04,EUU,OPT,EUUU6 C1270,2026-09-04,C,1.27,0.000050000,3,95
2026-08-04,EUU,OPT,EUUU6 C1280,2026-09-04,C,1.28,0.000050000,3,182
2026-08-04,EUU,OPT,EUUU6 C1290,2026-09-04,C,1.29,0.000050000,3,377
2026-08-04,EUU,OPT,EUUU6 C1300,2026-09-04,C,1.3,0.000050000,3,745
2026-08-04,EUU,OPT,EUUU6 C1310,2026-09-04,C,1.31,0.000050000,3,55
2026-08-04,EUU,OPT,EUUU6 C1320,2026-09-04,C,1.32,0.000050000,3,38
2026-08-04,EUU,OPT,EUUU6 C1330,2026-09-04,C,1.33,0.000050000,3,21
2026-08-04,EUU,OPT,EUUU6 C1340,2026-09-04,C,1.34,0.000050000,3,20
2026-08-04,EUU,OPT,EUUU6 C1350,2026-09-04,C,1.35,0.000050000,3,1026
2026-08-04,EUU,OPT,EUUU6 C1360,2026-09-04,C,1.36,0.000050000,3,244
2026-08-04,EUU,OPT,EUUU6 P0910,2026-09-04,P,0.91,0.000050000,3,5
2026-08-04,EUU,OPT,EUUU6 P0920,2026-09-04,P,0.92,0.000050000,3,
2026-08-04,EUU,OPT,EUUU6 P0930,2026-09-04,P,0.93,0.000050000,3,2
2026-08-04,EUU,OPT,EUUU6 P0940,2026-09-04,P,0.94,0.000050000,3,
2026-08-04,EUU,OPT,EUUU6 P0950,2026-09-04,P,0.95,0.000050000,3,267
2026-08-04,EUU,OPT,EUUU6 P0960,2026-09-04,P,0.96,0.000050000,3,
2026-08-04,EUU,OPT,EUUU6 P0970,2026-09-04,P,0.97,0.000050000,3,
2026-08-04,EUU,OPT,EUUU6 P0980,2026-09-04,P,0.98,0.000050000,3,
2026-08-04,EUU,OPT,EUUU6 P0990,2026-09-04,P,0.99,0.000050000,3,97
2026-08-04,EUU,OPT,EUUU6 P1000,2026-09-04,P,1,0.000050000,3,255
2026-08-04,EUU,OPT,EUUU6 P1005,2026-09-04,P,1.005,0.000050000,3,
2026-08-04,EUU,OPT,EUUU6 P1010,2026-09-04,P,1.01,0.000050000,3,187
2026-08-04,EUU,OPT,EUUU6 P1015,2026-09-04,P,1.015,0.000050000,3,1
2026-08-04,EUU,OPT,EUUU6 P1020,2026-09-04,P,1.02,0.000050000,3,76
2026-08-04,EUU,OPT,EUUU6 P1025,2026-09-04,P,1.025,0.000050000,3,21
2026-08-04,EUU,OPT,EUUU6 P1030,2026-09-04,P,1.03,0.000050000,3,26
2026-08-04,EUU,OPT,EUUU6 P1035,2026-09-04,P,1.035,0.000050000,3,18
2026-08-04,EUU,OPT,EUUU6 P1040,2026-09-04,P,1.04,0.000050000,3,164
2026-08-04,EUU,OPT,EUUU6 P1045,2026-09-04,P,1.045,0.000050000,3,55
2026-08-04,EUU,OPT,EUUU6 P1050,2026-09-04,P,1.05,0.000050000,3,217
2026-08-04,EUU,OPT,EUUU6 P1055,2026-09-04,P,1.055,0.000050000,3,84
2026-08-04,EUU,OPT,EUUU6 P1060,2026-09-04,P,1.06,0.000050000,3,119
2026-08-04,EUU,OPT,EUUU6 P1065,2026-09-04,P,1.065,0.000050000,3,171
2026-08-04,EUU,OPT,EUUU6 P1070,2026-09-04,P,1.07,0.000050000,3,196
2026-08-04,EUU,OPT,EUUU6 P1075,2026-09-04,P,1.075,0.000050000,3,125
2026-08-04,EUU,OPT,EUUU6 P1080,2026-09-04,P,1.08,0.000100000,3,470
2026-08-04,EUU,OPT,EUUU6 P1085,2026-09-04,P,1.085,0.000100000,3,21
2026-08-04,EUU,OPT,EUUU6 P1090,2026-09-04,P,1.09,0.000100000,3,350
2026-08-04,EUU,OPT,EUUU6 P1095,2026-09-04,P,1.095,0.000100000,3,72
2026-08-04,EUU,OPT,EUUU6 P1100,2026-09-04,P,1.1,0.000100000,3,2197
2026-08-04,EUU,OPT,EUUU6 P1105,2026-09-04,P,1.105,0.000150000,3,196
2026-08-04,EUU,OPT,EUUU6 P1110,2026-09-04,P,1.11,0.000250000,3,777
2026-08-04,EUU,OPT,EUUU6 P1115,2026-09-04,P,1.115,0.000300000,3,681
2026-08-04,EUU,OPT,EUUU6 P1120,2026-09-04,P,1.12,0.000400000,3,1751
2026-08-04,EUU,OPT,EUUU6 P1125,2026-09-04,P,1.125,0.000600000,3,4247
2026-08-04,EUU,OPT,EUUU6 P1130,2026-09-04,P,1.13,0.000900000,3,5395
2026-08-04,EUU,OPT,EUUU6 P1135,2026-09-04,P,1.135,0.001300000,3,3206
2026-08-04,EUU,OPT,EUUU6 P1140,2026-09-04,P,1.14,0.002000000,3,3396
2026-08-04,EUU,OPT,EUUU6 P1145,2026-09-04,P,1.145,0.003000000,3,1100
2026-08-04,EUU,OPT,EUUU6 P1150,2026-09-04,P,1.15,0.004500000,3,3586
2026-08-04,EUU,OPT,EUUU6 P1155,2026-09-04,P,1.155,0.006500000,3,1393
2026-08-04,EUU,OPT,EUUU6 P1160,2026-09-04,P,1.16,0.009200000,3,1336
2026-08-04,EUU,OPT,EUUU6 P1165,2026-09-04,P,1.165,0.012600000,3,2011
2026-08-04,EUU,OPT,EUUU6 P1170,2026-09-04,P,1.17,0.016400000,3,2499
2026-08-04,EUU,OPT,EUUU6 P1175,2026-09-04,P,1.175,0.020800000,3,2304
2026-08-04,EUU,OPT,EUUU6 P1180,2026-09-04,P,1.18,0.025400000,3,127
2026-08-04,EUU,OPT,EUUU6 P1185,2026-09-04,P,1.185,0.030200000,3,246
2026-08-04,EUU,OPT,EUUU6 P1190,2026-09-04,P,1.19,0.035000000,3,32
2026-08-04,EUU,OPT,EUUU6 P1195,2026-09-04,P,1.195,0.039900000,3,79
2026-08-04,EUU,OPT,EUUU6 P1200,2026-09-04,P,1.2,0.044900000,3,9
2026-08-04,EUU,OPT,EUUU6 P1205,2026-09-04,P,1.205,0.049800000,3,14
2026-08-04,EUU,OPT,EUUU6 P1210,2026-09-04,P,1.21,0.054800000,3,2
2026-08-04,EUU,OPT,EUUU6 P1215,2026-09-04,P,1.215,0.059800000,3,
2026-08-04,EUU,OPT,EUUU6 P1220,2026-09-04,P,1.22,0.064700000,3,
2026-08-04,EUU,OPT,EUUU6 P1225,2026-09-04,P,1.225,0.069700000,3,
2026-08-04,EUU,OPT,EUUU6 P1230,2026-09-04,P,1.23,0.074700000,3,
2026-08-04,EUU,OPT,EUUU6 P1235,2026-09-04,P,1.235,0.079700000,3,
2026-08-04,EUU,OPT,EUUU6 P1240,2026-09-04,P,1.24,0.084600000,3,
2026-08-04,EUU,OPT,EUUU6 P1245,2026-09-04,P,1.245,0.089600000,3,
2026-08-04,EUU,OPT,EUUU6 P1250,2026-09-04,P,1.25,0.094600000,3,
2026-08-04,EUU,OPT,EUUU6 P1255,2026-09-04,P,1.255,0.099600000,3,
2026-08-04,EUU,OPT,EUUU6 P1260,2026-09-04,P,1.26,0.104600000,3,1
2026-08-04,EUU,OPT,EUUU6 P1270,2026-09-04,P,1.27,0.114500000,3,
2026-08-04,EUU,OPT,EUUU6 P1280,2026-09-04,P,1.28,0.124500000,3,
2026-08-04,EUU,OPT,EUUU6 P1290,2026-09-04,P,1.29,0.134500000,3,
2026-08-04,EUU,OPT,EUUU6 P1300,2026-09-04,P,1.3,0.144500000,3,
2026-08-04,EUU,OPT,EUUU6 P1310,2026-09-04,P,1.31,0.154400000,3,20
2026-08-04,EUU,OPT,EUUU6 P1320,2026-09-04,P,1.32,0.164400000,3,40
2026-08-04,EUU,OPT,EUUU6 P1330,2026-09-04,P,1.33,0.174400000,3,
2026-08-04,EUU,OPT,EUUU6 P1340,2026-09-04,P,1.34,0.184300000,3,
2026-08-04,EUU,OPT,EUUU6 P1350,2026-09-04,P,1.35,0.194300000,3,
2026-08-04,EUU,OPT,EUUU6 P1360,2026-09-04,P,1.36,0.204300000,3,
2026-08-04,EUU,OPT,EUUV6 C1000,2026-10-09,C,1,0.158200000,3,
2026-08-04,EUU,OPT,EUUV6 C1010,2026-10-09,C,1.01,0.148300000,3,
2026-08-04,EUU,OPT,EUUV6 C1020,2026-10-09,C,1.02,0.138300000,3,
2026-08-04,EUU,OPT,EUUV6 C1030,2026-10-09,C,1.03,0.128400000,3,
2026-08-04,EUU,OPT,EUUV6 C1040,2026-10-09,C,1.04,0.118500000,3,
2026-08-04,EUU,OPT,EUUV6 C1050,2026-10-09,C,1.05,0.108600000,3,
2026-08-04,EUU,OPT,EUUV6 C1060,2026-10-09,C,1.06,0.098700000,3,1
2026-08-04,EUU,OPT,EUUV6 C1070,2026-10-09,C,1.07,0.088800000,3,1
2026-08-04,EUU,OPT,EUUV6 C1080,2026-10-09,C,1.08,0.078900000,3,
2026-08-04,EUU,OPT,EUUV6 C1090,2026-10-09,C,1.09,0.069100000,3,
2026-08-04,EUU,OPT,EUUV6 C1095,2026-10-09,C,1.095,0.064200000,3,
2026-08-04,EUU,OPT,EUUV6 C1100,2026-10-09,C,1.1,0.059300000,3,
2026-08-04,EUU,OPT,EUUV6 C1105,2026-10-09,C,1.105,0.054500000,3,
2026-08-04,EUU,OPT,EUUV6 C1110,2026-10-09,C,1.11,0.049700000,3,
2026-08-04,EUU,OPT,EUUV6 C1115,2026-10-09,C,1.115,0.044900000,3,
2026-08-04,EUU,OPT,EUUV6 C1120,2026-10-09,C,1.12,0.040200000,3,
2026-08-04,EUU,OPT,EUUV6 C1125,2026-10-09,C,1.125,0.035700000,3,51
2026-08-04,EUU,OPT,EUUV6 C1130,2026-10-09,C,1.13,0.031200000,3,
2026-08-04,EUU,OPT,EUUV6 C1135,2026-10-09,C,1.135,0.026900000,3,160
2026-08-04,EUU,OPT,EUUV6 C1140,2026-10-09,C,1.14,0.022800000,3,73
2026-08-04,EUU,OPT,EUUV6 C1145,2026-10-09,C,1.145,0.018900000,3,1831
2026-08-04,EUU,OPT,EUUV6 C1150,2026-10-09,C,1.15,0.015400000,3,2191
2026-08-04,EUU,OPT,EUUV6 C1155,2026-10-09,C,1.155,0.012300000,3,2025
2026-08-04,EUU,OPT,EUUV6 C1160,2026-10-09,C,1.16,0.009600000,3,1080
2026-08-04,EUU,OPT,EUUV6 C1165,2026-10-09,C,1.165,0.007200000,3,1020
2026-08-04,EUU,OPT,EUUV6 C1170,2026-10-09,C,1.17,0.005400000,3,2356
2026-08-04,EUU,OPT,EUUV6 C1175,2026-10-09,C,1.175,0.003900000,3,3577
2026-08-04,EUU,OPT,EUUV6 C1180,2026-10-09,C,1.18,0.002800000,3,494
2026-08-04,EUU,OPT,EUUV6 C1185,2026-10-09,C,1.185,0.002000000,3,767
2026-08-04,EUU,OPT,EUUV6 C1190,2026-10-09,C,1.19,0.001400000,3,1669
2026-08-04,EUU,OPT,EUUV6 C1195,2026-10-09,C,1.195,0.001000000,3,1319
2026-08-04,EUU,OPT,EUUV6 C1200,2026-10-09,C,1.2,0.000700000,3,667
2026-08-04,EUU,OPT,EUUV6 C1205,2026-10-09,C,1.205,0.000600000,3,570
2026-08-04,EUU,OPT,EUUV6 C1210,2026-10-09,C,1.21,0.000400000,3,186
2026-08-04,EUU,OPT,EUUV6 C1215,2026-10-09,C,1.215,0.000300000,3,314
2026-08-04,EUU,OPT,EUUV6 C1220,2026-10-09,C,1.22,0.000250000,3,284
2026-08-04,EUU,OPT,EUUV6 C1225,2026-10-09,C,1.225,0.000200000,3,152
2026-08-04,EUU,OPT,EUUV6 C1230,2026-10-09,C,1.23,0.000150000,3,51
2026-08-04,EUU,OPT,EUUV6 C1235,2026-10-09,C,1.235,0.000100000,3,1064
2026-08-04,EUU,OPT,EUUV6 C1240,2026-10-09,C,1.24,0.000100000,3,681
2026-08-04,EUU,OPT,EUUV6 C1245,2026-10-09,C,1.245,0.000100000,3,13
2026-08-04,EUU,OPT,EUUV6 C1250,2026-10-09,C,1.25,0.000050000,3,303
2026-08-04,EUU,OPT,EUUV6 C1255,2026-10-09,C,1.255,0.000050000,3,19
2026-08-04,EUU,OPT,EUUV6 C1260,2026-10-09,C,1.26,0.000050000,3,17
2026-08-04,EUU,OPT,EUUV6 C1265,2026-10-09,C,1.265,0.000050000,3,417
2026-08-04,EUU,OPT,EUUV6 C1270,2026-10-09,C,1.27,0.000050000,3,6
2026-08-04,EUU,OPT,EUUV6 C1280,2026-10-09,C,1.28,0.000050000,3,3
2026-08-04,EUU,OPT,EUUV6 C1290,2026-10-09,C,1.29,0.000050000,3,28
2026-08-04,EUU,OPT,EUUV6 C1300,2026-10-09,C,1.3,0.000050000,3,57
2026-08-04,EUU,OPT,EUUV6 C1310,2026-10-09,C,1.31,0.000050000,3,100
2026-08-04,EUU,OPT,EUUV6 C1320,2026-10-09,C,1.32,0.000050000,3,
2026-08-04,EUU,OPT,EUUV6 C1330,2026-10-09,C,1.33,0.000050000,3,7
2026-08-04,EUU,OPT,EUUV6 C1340,2026-10-09,C,1.34,0.000050000,3,1
2026-08-04,EUU,OPT,EUUV6 C1350,2026-10-09,C,1.35,0.000050000,3,23
2026-08-04,EUU,OPT,EUUV6 C1360,2026-10-09,C,1.36,0.000050000,3,3
2026-08-04,EUU,OPT,EUUV6 P1000,2026-10-09,P,1,0.000050000,3,
2026-08-04,EUU,OPT,EUUV6 P1010,2026-10-09,P,1.01,0.000050000,3,
2026-08-04,EUU,OPT,EUUV6 P1020,2026-10-09,P,1.02,0.000050000,3,59
2026-08-04,EUU,OPT,EUUV6 P1030,2026-10-09,P,1.03,0.000050000,3,3
2026-08-04,EUU,OPT,EUUV6 P1040,2026-10-09,P,1.04,0.000050000,3,28
2026-08-04,EUU,OPT,EUUV6 P1050,2026-10-09,P,1.05,0.000050000,3,20
2026-08-04,EUU,OPT,EUUV6 P1060,2026-10-09,P,1.06,0.000100000,3,92
2026-08-04,EUU,OPT,EUUV6 P1070,2026-10-09,P,1.07,0.000150000,3,104
2026-08-04,EUU,OPT,EUUV6 P1080,2026-10-09,P,1.08,0.000200000,3,63
2026-08-04,EUU,OPT,EUUV6 P1090,2026-10-09,P,1.09,0.000250000,3,44
2026-08-04,EUU,OPT,EUUV6 P1095,2026-10-09,P,1.095,0.000350000,3,22
2026-08-04,EUU,OPT,EUUV6 P1100,2026-10-09,P,1.1,0.000450000,3,672
2026-08-04,EUU,OPT,EUUV6 P1105,2026-10-09,P,1.105,0.000600000,3,1276
2026-08-04,EUU,OPT,EUUV6 P1110,2026-10-09,P,1.11,0.000700000,3,159
2026-08-04,EUU,OPT,EUUV6 P1115,2026-10-09,P,1.115,0.001000000,3,1457
2026-08-04,EUU,OPT,EUUV6 P1120,2026-10-09,P,1.12,0.001300000,3,651
2026-08-04,EUU,OPT,EUUV6 P1125,2026-10-09,P,1.125,0.001600000,3,756
2026-08-04,EUU,OPT,EUUV6 P1130,2026-10-09,P,1.13,0.002200000,3,2941
2026-08-04,EUU,OPT,EUUV6 P1135,2026-10-09,P,1.135,0.002800000,3,1407
2026-08-04,EUU,OPT,EUUV6 P1140,2026-10-09,P,1.14,0.003700000,3,1734
2026-08-04,EUU,OPT,EUUV6 P1145,2026-10-09,P,1.145,0.004800000,3,1744
2026-08-04,EUU,OPT,EUUV6 P1150,2026-10-09,P,1.15,0.006200000,3,1505
2026-08-04,EUU,OPT,EUUV6 P1155,2026-10-09,P,1.155,0.008100000,3,1831
2026-08-04,EUU,OPT,EUUV6 P1160,2026-10-09,P,1.16,0.010300000,3,665
2026-08-04,EUU,OPT,EUUV6 P1165,2026-10-09,P,1.165,0.013000000,3,1598
2026-08-04,EUU,OPT,EUUV6 P1170,2026-10-09,P,1.17,0.016000000,3,1102
2026-08-04,EUU,OPT,EUUV6 P1175,2026-10-09,P,1.175,0.019500000,3,709
2026-08-04,EUU,OPT,EUUV6 P1180,2026-10-09,P,1.18,0.023400000,3,1457
2026-08-04,EUU,OPT,EUUV6 P1185,2026-10-09,P,1.185,0.027600000,3,164
2026-08-04,EUU,OPT,EUUV6 P1190,2026-10-09,P,1.19,0.032000000,3,768
2026-08-04,EUU,OPT,EUUV6 P1195,2026-10-09,P,1.195,0.036500000,3,284
2026-08-04,EUU,OPT,EUUV6 P1200,2026-10-09,P,1.2,0.041200000,3,1079
2026-08-04,EUU,OPT,EUUV6 P1205,2026-10-09,P,1.205,0.046000000,3,91
2026-08-04,EUU,OPT,EUUV6 P1210,2026-10-09,P,1.21,0.050800000,3,5
2026-08-04,EUU,OPT,EUUV6 P1215,2026-10-09,P,1.215,0.055700000,3,5
2026-08-04,EUU,OPT,EUUV6 P1220,2026-10-09,P,1.22,0.060600000,3,
2026-08-04,EUU,OPT,EUUV6 P1225,2026-10-09,P,1.225,0.065500000,3,
2026-08-04,EUU,OPT,EUUV6 P1230,2026-10-09,P,1.23,0.070400000,3,
2026-08-04,EUU,OPT,EUUV6 P1235,2026-10-09,P,1.235,0.075400000,3,
2026-08-04,EUU,OPT,EUUV6 P1240,2026-10-09,P,1.24,0.080300000,3,
2026-08-04,EUU,OPT,EUUV6 P1245,2026-10-09,P,1.245,0.085300000,3,
2026-08-04,EUU,OPT,EUUV6 P1250,2026-10-09,P,1.25,0.090200000,3,
2026-08-04,EUU,OPT,EUUV6 P1255,2026-10-09,P,1.255,0.095200000,3,
2026-08-04,EUU,OPT,EUUV6 P1260,2026-10-09,P,1.26,0.100100000,3,
2026-08-04,EUU,OPT,EUUV6 P1265,2026-10-09,P,1.265,0.105100000,3,
2026-08-04,EUU,OPT,EUUV6 P1270,2026-10-09,P,1.27,0.110100000,3,
2026-08-04,EUU,OPT,EUUV6 P1280,2026-10-09,P,1.28,0.120000000,3,
2026-08-04,EUU,OPT,EUUV6 P1290,2026-10-09,P,1.29,0.129900000,3,
2026-08-04,EUU,OPT,EUUV6 P1300,2026-10-09,P,1.3,0.139900000,3,
2026-08-04,EUU,OPT,EUUV6 P1310,2026-10-09,P,1.31,0.149800000,3,
2026-08-04,EUU,OPT,EUUV6 P1320,2026-10-09,P,1.32,0.159700000,3,
2026-08-04,EUU,OPT,EUUV6 P1330,2026-10-09,P,1.33,0.169600000,3,
2026-08-04,EUU,OPT,EUUV6 P1340,2026-10-09,P,1.34,0.179600000,3,
2026-08-04,EUU,OPT,EUUV6 P1350,2026-10-09,P,1.35,0.189500000,3,
2026-08-04,EUU,OPT,EUUV6 P1360,2026-10-09,P,1.36,0.199400000,3,
2026-08-04,EUU,OPT,EUUX6 C1000,2026-11-06,C,1,0.157700000,3,
2026-08-04,EUU,OPT,EUUX6 C1010,2026-11-06,C,1.01,0.147900000,3,
2026-08-04,EUU,OPT,EUUX6 C1020,2026-11-06,C,1.02,0.138000000,3,
2026-08-04,EUU,OPT,EUUX6 C1030,2026-11-06,C,1.03,0.128100000,3,
2026-08-04,EUU,OPT,EUUX6 C1040,2026-11-06,C,1.04,0.118200000,3,4
2026-08-04,EUU,OPT,EUUX6 C1050,2026-11-06,C,1.05,0.108400000,3,
2026-08-04,EUU,OPT,EUUX6 C1060,2026-11-06,C,1.06,0.098500000,3,
2026-08-04,EUU,OPT,EUUX6 C1070,2026-11-06,C,1.07,0.088700000,3,
2026-08-04,EUU,OPT,EUUX6 C1080,2026-11-06,C,1.08,0.078900000,3,4
2026-08-04,EUU,OPT,EUUX6 C1090,2026-11-06,C,1.09,0.069200000,3,
2026-08-04,EUU,OPT,EUUX6 C1095,2026-11-06,C,1.095,0.064400000,3,
2026-08-04,EUU,OPT,EUUX6 C1100,2026-11-06,C,1.1,0.059700000,3,
2026-08-04,EUU,OPT,EUUX6 C1105,2026-11-06,C,1.105,0.055000000,3,
2026-08-04,EUU,OPT,EUUX6 C1110,2026-11-06,C,1.11,0.050300000,3,
2026-08-04,EUU,OPT,EUUX6 C1115,2026-11-06,C,1.115,0.045700000,3,
2026-08-04,EUU,OPT,EUUX6 C1120,2026-11-06,C,1.12,0.041200000,3,
2026-08-04,EUU,OPT,EUUX6 C1125,2026-11-06,C,1.125,0.036800000,3,
2026-08-04,EUU,OPT,EUUX6 C1130,2026-11-06,C,1.13,0.032500000,3,10
2026-08-04,EUU,OPT,EUUX6 C1135,2026-11-06,C,1.135,0.028400000,3,37
2026-08-04,EUU,OPT,EUUX6 C1140,2026-11-06,C,1.14,0.024600000,3,57
2026-08-04,EUU,OPT,EUUX6 C1145,2026-11-06,C,1.145,0.020900000,3,142
2026-08-04,EUU,OPT,EUUX6 C1150,2026-11-06,C,1.15,0.017600000,3,307
2026-08-04,EUU,OPT,EUUX6 C1155,2026-11-06,C,1.155,0.014500000,3,195
2026-08-04,EUU,OPT,EUUX6 C1160,2026-11-06,C,1.16,0.011900000,3,96
2026-08-04,EUU,OPT,EUUX6 C1165,2026-11-06,C,1.165,0.009500000,3,654
2026-08-04,EUU,OPT,EUUX6 C1170,2026-11-06,C,1.17,0.007500000,3,2000
2026-08-04,EUU,OPT,EUUX6 C1175,2026-11-06,C,1.175,0.005900000,3,47
2026-08-04,EUU,OPT,EUUX6 C1180,2026-11-06,C,1.18,0.004500000,3,122
2026-08-04,EUU,OPT,EUUX6 C1185,2026-11-06,C,1.185,0.003500000,3,405
2026-08-04,EUU,OPT,EUUX6 C1190,2026-11-06,C,1.19,0.002700000,3,1012
2026-08-04,EUU,OPT,EUUX6 C1195,2026-11-06,C,1.195,0.002000000,3,1305
2026-08-04,EUU,OPT,EUUX6 C1200,2026-11-06,C,1.2,0.001600000,3,1048
2026-08-04,EUU,OPT,EUUX6 C1205,2026-11-06,C,1.205,0.001200000,3,801
2026-08-04,EUU,OPT,EUUX6 C1210,2026-11-06,C,1.21,0.000900000,3,17
2026-08-04,EUU,OPT,EUUX6 C1215,2026-11-06,C,1.215,0.000800000,3,12
2026-08-04,EUU,OPT,EUUX6 C1220,2026-11-06,C,1.22,0.000600000,3,25
2026-08-04,EUU,OPT,EUUX6 C1225,2026-11-06,C,1.225,0.000500000,3,505
2026-08-04,EUU,OPT,EUUX6 C1230,2026-11-06,C,1.23,0.000400000,3,26
2026-08-04,EUU,OPT,EUUX6 C1235,2026-11-06,C,1.235,0.000350000,3,441
2026-08-04,EUU,OPT,EUUX6 C1240,2026-11-06,C,1.24,0.000300000,3,16
2026-08-04,EUU,OPT,EUUX6 C1245,2026-11-06,C,1.245,0.000250000,3,699
2026-08-04,EUU,OPT,EUUX6 C1250,2026-11-06,C,1.25,0.000200000,3,182
2026-08-04,EUU,OPT,EUUX6 C1255,2026-11-06,C,1.255,0.000150000,3,
2026-08-04,EUU,OPT,EUUX6 C1260,2026-11-06,C,1.26,0.000100000,3,96
2026-08-04,EUU,OPT,EUUX6 C1265,2026-11-06,C,1.265,0.000100000,3,18
2026-08-04,EUU,OPT,EUUX6 C1270,2026-11-06,C,1.27,0.000100000,3,32
2026-08-04,EUU,OPT,EUUX6 C1280,2026-11-06,C,1.28,0.000100000,3,32
2026-08-04,EUU,OPT,EUUX6 C1290,2026-11-06,C,1.29,0.000050000,3,33
2026-08-04,EUU,OPT,EUUX6 C1300,2026-11-06,C,1.3,0.000050000,3,1602
2026-08-04,EUU,OPT,EUUX6 C1310,2026-11-06,C,1.31,0.000050000,3,17
2026-08-04,EUU,OPT,EUUX6 C1320,2026-11-06,C,1.32,0.000050000,3,23
2026-08-04,EUU,OPT,EUUX6 C1330,2026-11-06,C,1.33,0.000050000,3,624
2026-08-04,EUU,OPT,EUUX6 C1340,2026-11-06,C,1.34,0.000050000,3,23
2026-08-04,EUU,OPT,EUUX6 C1350,2026-11-06,C,1.35,0.000050000,3,
2026-08-04,EUU,OPT,EUUX6 C1360,2026-11-06,C,1.36,0.000050000,3,6
2026-08-04,EUU,OPT,EUUX6 P1000,2026-11-06,P,1,0.000050000,3,
2026-08-04,EUU,OPT,EUUX6 P1010,2026-11-06,P,1.01,0.000050000,3,
2026-08-04,EUU,OPT,EUUX6 P1020,2026-11-06,P,1.02,0.000050000,3,83
2026-08-04,EUU,OPT,EUUX6 P1030,2026-11-06,P,1.03,0.000100000,3,10
2026-08-04,EUU,OPT,EUUX6 P1040,2026-11-06,P,1.04,0.000100000,3,1
2026-08-04,EUU,OPT,EUUX6 P1050,2026-11-06,P,1.05,0.000150000,3,1
2026-08-04,EUU,OPT,EUUX6 P1060,2026-11-06,P,1.06,0.000200000,3,400
2026-08-04,EUU,OPT,EUUX6 P1070,2026-11-06,P,1.07,0.000300000,3,1540
2026-08-04,EUU,OPT,EUUX6 P1080,2026-11-06,P,1.08,0.000450000,3,59
2026-08-04,EUU,OPT,EUUX6 P1090,2026-11-06,P,1.09,0.000700000,3,133
2026-08-04,EUU,OPT,EUUX6 P1095,2026-11-06,P,1.095,0.000800000,3,29
2026-08-04,EUU,OPT,EUUX6 P1100,2026-11-06,P,1.1,0.001000000,3,41
2026-08-04,EUU,OPT,EUUX6 P1105,2026-11-06,P,1.105,0.001200000,3,1025
2026-08-04,EUU,OPT,EUUX6 P1110,2026-11-06,P,1.11,0.001500000,3,2400
2026-08-04,EUU,OPT,EUUX6 P1115,2026-11-06,P,1.115,0.001900000,3,370
2026-08-04,EUU,OPT,EUUX6 P1120,2026-11-06,P,1.12,0.002300000,3,1211
2026-08-04,EUU,OPT,EUUX6 P1125,2026-11-06,P,1.125,0.002900000,3,247
2026-08-04,EUU,OPT,EUUX6 P1130,2026-11-06,P,1.13,0.003600000,3,560
2026-08-04,EUU,OPT,EUUX6 P1135,2026-11-06,P,1.135,0.004400000,3,261
2026-08-04,EUU,OPT,EUUX6 P1140,2026-11-06,P,1.14,0.005500000,3,760
2026-08-04,EUU,OPT,EUUX6 P1145,2026-11-06,P,1.145,0.006800000,3,626
2026-08-04,EUU,OPT,EUUX6 P1150,2026-11-06,P,1.15,0.008400000,3,1629
2026-08-04,EUU,OPT,EUUX6 P1155,2026-11-06,P,1.155,0.010300000,3,533
2026-08-04,EUU,OPT,EUUX6 P1160,2026-11-06,P,1.16,0.012600000,3,191
2026-08-04,EUU,OPT,EUUX6 P1165,2026-11-06,P,1.165,0.015200000,3,38
2026-08-04,EUU,OPT,EUUX6 P1170,2026-11-06,P,1.17,0.018200000,3,1012
2026-08-04,EUU,OPT,EUUX6 P1175,2026-11-06,P,1.175,0.021500000,3,530
2026-08-04,EUU,OPT,EUUX6 P1180,2026-11-06,P,1.18,0.025100000,3,206
2026-08-04,EUU,OPT,EUUX6 P1185,2026-11-06,P,1.185,0.029000000,3,8
2026-08-04,EUU,OPT,EUUX6 P1190,2026-11-06,P,1.19,0.033100000,3,454
2026-08-04,EUU,OPT,EUUX6 P1195,2026-11-06,P,1.195,0.037400000,3,521
2026-08-04,EUU,OPT,EUUX6 P1200,2026-11-06,P,1.2,0.041900000,3,600
2026-08-04,EUU,OPT,EUUX6 P1205,2026-11-06,P,1.205,0.046500000,3,69
2026-08-04,EUU,OPT,EUUX6 P1210,2026-11-06,P,1.21,0.051200000,3,
2026-08-04,EUU,OPT,EUUX6 P1215,2026-11-06,P,1.215,0.056000000,3,92
2026-08-04,EUU,OPT,EUUX6 P1220,2026-11-06,P,1.22,0.060800000,3,
2026-08-04,EUU,OPT,EUUX6 P1225,2026-11-06,P,1.225,0.065600000,3,
2026-08-04,EUU,OPT,EUUX6 P1230,2026-11-06,P,1.23,0.070500000,3,
2026-08-04,EUU,OPT,EUUX6 P1235,2026-11-06,P,1.235,0.075400000,3,
2026-08-04,EUU,OPT,EUUX6 P1240,2026-11-06,P,1.24,0.080300000,3,1
2026-08-04,EUU,OPT,EUUX6 P1245,2026-11-06,P,1.245,0.085200000,3,
2026-08-04,EUU,OPT,EUUX6 P1250,2026-11-06,P,1.25,0.090100000,3,
2026-08-04,EUU,OPT,EUUX6 P1255,2026-11-06,P,1.255,0.095000000,3,
2026-08-04,EUU,OPT,EUUX6 P1260,2026-11-06,P,1.26,0.099900000,3,
2026-08-04,EUU,OPT,EUUX6 P1265,2026-11-06,P,1.265,0.104800000,3,
2026-08-04,EUU,OPT,EUUX6 P1270,2026-11-06,P,1.27,0.109800000,3,
2026-08-04,EUU,OPT,EUUX6 P1280,2026-11-06,P,1.28,0.119700000,3,
2026-08-04,EUU,OPT,EUUX6 P1290,2026-11-06,P,1.29,0.129600000,3,
2026-08-04,EUU,OPT,EUUX6 P1300,2026-11-06,P,1.3,0.139500000,3,
2026-08-04,EUU,OPT,EUUX6 P1310,2026-11-06,P,1.31,0.149300000,3,
2026-08-04,EUU,OPT,EUUX6 P1320,2026-11-06,P,1.32,0.159200000,3,
2026-08-04,EUU,OPT,EUUX6 P1330,2026-11-06,P,1.33,0.169100000,3,
2026-08-04,EUU,OPT,EUUX6 P1340,2026-11-06,P,1.34,0.179000000,3,
2026-08-04,EUU,OPT,EUUX6 P1350,2026-11-06,P,1.35,0.188900000,3,
2026-08-04,EUU,OPT,EUUX6 P1360,2026-11-06,P,1.36,0.198800000,3,
2026-08-04,EUU,OPT,EUUZ6 C0910,2026-12-04,C,0.91,0.246100000,3,
2026-08-04,EUU,OPT,EUUZ6 C0920,2026-12-04,C,0.92,0.236300000,3,
2026-08-04,EUU,OPT,EUUZ6 C0930,2026-12-04,C,0.93,0.226400000,3,
2026-08-04,EUU,OPT,EUUZ6 C0940,2026-12-04,C,0.94,0.216500000,3,
2026-08-04,EUU,OPT,EUUZ6 C0950,2026-12-04,C,0.95,0.206600000,3,
2026-08-04,EUU,OPT,EUUZ6 C0960,2026-12-04,C,0.96,0.196800000,3,
2026-08-04,EUU,OPT,EUUZ6 C0970,2026-12-04,C,0.97,0.186900000,3,
2026-08-04,EUU,OPT,EUUZ6 C0980,2026-12-04,C,0.98,0.177100000,3,
2026-08-04,EUU,OPT,EUUZ6 C0990,2026-12-04,C,0.99,0.167200000,3,
2026-08-04,EUU,OPT,EUUZ6 C1000,2026-12-04,C,1,0.157300000,3,
2026-08-04,EUU,OPT,EUUZ6 C1010,2026-12-04,C,1.01,0.147500000,3,
2026-08-04,EUU,OPT,EUUZ6 C1015,2026-12-04,C,1.015,0.142600000,3,
2026-08-04,EUU,OPT,EUUZ6 C1020,2026-12-04,C,1.02,0.137600000,3,
2026-08-04,EUU,OPT,EUUZ6 C1025,2026-12-04,C,1.025,0.132700000,3,
2026-08-04,EUU,OPT,EUUZ6 C1030,2026-12-04,C,1.03,0.127800000,3,
2026-08-04,EUU,OPT,EUUZ6 C1035,2026-12-04,C,1.035,0.122900000,3,
2026-08-04,EUU,OPT,EUUZ6 C1040,2026-12-04,C,1.04,0.118000000,3,
2026-08-04,EUU,OPT,EUUZ6 C1045,2026-12-04,C,1.045,0.113100000,3,
2026-08-04,EUU,OPT,EUUZ6 C1050,2026-12-04,C,1.05,0.108200000,3,4
2026-08-04,EUU,OPT,EUUZ6 C1055,2026-12-04,C,1.055,0.103300000,3,
2026-08-04,EUU,OPT,EUUZ6 C1060,2026-12-04,C,1.06,0.098400000,3,
2026-08-04,EUU,OPT,EUUZ6 C1065,2026-12-04,C,1.065,0.093600000,3,
2026-08-04,EUU,OPT,EUUZ6 C1070,2026-12-04,C,1.07,0.088700000,3,
2026-08-04,EUU,OPT,EUUZ6 C1075,2026-12-04,C,1.075,0.083900000,3,
2026-08-04,EUU,OPT,EUUZ6 C1080,2026-12-04,C,1.08,0.079000000,3,
2026-08-04,EUU,OPT,EUUZ6 C1085,2026-12-04,C,1.085,0.074200000,3,
2026-08-04,EUU,OPT,EUUZ6 C1090,2026-12-04,C,1.09,0.069400000,3,4
2026-08-04,EUU,OPT,EUUZ6 C1095,2026-12-04,C,1.095,0.064700000,3,
2026-08-04,EUU,OPT,EUUZ6 C1100,2026-12-04,C,1.1,0.060000000,3,1
2026-08-04,EUU,OPT,EUUZ6 C1105,2026-12-04,C,1.105,0.055400000,3,
2026-08-04,EUU,OPT,EUUZ6 C1110,2026-12-04,C,1.11,0.050800000,3,
2026-08-04,EUU,OPT,EUUZ6 C1115,2026-12-04,C,1.115,0.046300000,3,
2026-08-04,EUU,OPT,EUUZ6 C1120,2026-12-04,C,1.12,0.042000000,3,3
2026-08-04,EUU,OPT,EUUZ6 C1125,2026-12-04,C,1.125,0.037700000,3,1
2026-08-04,EUU,OPT,EUUZ6 C1130,2026-12-04,C,1.13,0.033700000,3,18
2026-08-04,EUU,OPT,EUUZ6 C1135,2026-12-04,C,1.135,0.029800000,3,17
2026-08-04,EUU,OPT,EUUZ6 C1140,2026-12-04,C,1.14,0.026000000,3,116
2026-08-04,EUU,OPT,EUUZ6 C1145,2026-12-04,C,1.145,0.022500000,3,208
2026-08-04,EUU,OPT,EUUZ6 C1150,2026-12-04,C,1.15,0.019300000,3,108
2026-08-04,EUU,OPT,EUUZ6 C1155,2026-12-04,C,1.155,0.016300000,3,209
2026-08-04,EUU,OPT,EUUZ6 C1160,2026-12-04,C,1.16,0.013600000,3,756
2026-08-04,EUU,OPT,EUUZ6 C1165,2026-12-04,C,1.165,0.011200000,3,498
2026-08-04,EUU,OPT,EUUZ6 C1170,2026-12-04,C,1.17,0.009100000,3,6722
2026-08-04,EUU,OPT,EUUZ6 C1175,2026-12-04,C,1.175,0.007400000,3,245
2026-08-04,EUU,OPT,EUUZ6 C1180,2026-12-04,C,1.18,0.005900000,3,9009
2026-08-04,EUU,OPT,EUUZ6 C1185,2026-12-04,C,1.185,0.004700000,3,546
2026-08-04,EUU,OPT,EUUZ6 C1190,2026-12-04,C,1.19,0.003800000,3,683
2026-08-04,EUU,OPT,EUUZ6 C1195,2026-12-04,C,1.195,0.003000000,3,1107
2026-08-04,EUU,OPT,EUUZ6 C1200,2026-12-04,C,1.2,0.002400000,3,14425
2026-08-04,EUU,OPT,EUUZ6 C1205,2026-12-04,C,1.205,0.001900000,3,446
2026-08-04,EUU,OPT,EUUZ6 C1210,2026-12-04,C,1.21,0.001500000,3,296
2026-08-04,EUU,OPT,EUUZ6 C1215,2026-12-04,C,1.215,0.001200000,3,47
2026-08-04,EUU,OPT,EUUZ6 C1220,2026-12-04,C,1.22,0.001000000,3,208
2026-08-04,EUU,OPT,EUUZ6 C1225,2026-12-04,C,1.225,0.000800000,3,122
2026-08-04,EUU,OPT,EUUZ6 C1230,2026-12-04,C,1.23,0.000700000,3,44
2026-08-04,EUU,OPT,EUUZ6 C1235,2026-12-04,C,1.235,0.000600000,3,959
2026-08-04,EUU,OPT,EUUZ6 C1240,2026-12-04,C,1.24,0.000450000,3,535
2026-08-04,EUU,OPT,EUUZ6 C1245,2026-12-04,C,1.245,0.000400000,3,445
2026-08-04,EUU,OPT,EUUZ6 C1250,2026-12-04,C,1.25,0.000350000,3,1535
2026-08-04,EUU,OPT,EUUZ6 C1255,2026-12-04,C,1.255,0.000300000,3,17
2026-08-04,EUU,OPT,EUUZ6 C1260,2026-12-04,C,1.26,0.000250000,3,238
2026-08-04,EUU,OPT,EUUZ6 C1265,2026-12-04,C,1.265,0.000200000,3,116
2026-08-04,EUU,OPT,EUUZ6 C1270,2026-12-04,C,1.27,0.000200000,3,23
2026-08-04,EUU,OPT,EUUZ6 C1280,2026-12-04,C,1.28,0.000150000,3,165
2026-08-04,EUU,OPT,EUUZ6 C1290,2026-12-04,C,1.29,0.000100000,3,40
2026-08-04,EUU,OPT,EUUZ6 C1300,2026-12-04,C,1.3,0.000100000,3,792
2026-08-04,EUU,OPT,EUUZ6 C1310,2026-12-04,C,1.31,0.000050000,3,690
2026-08-04,EUU,OPT,EUUZ6 C1320,2026-12-04,C,1.32,0.000050000,3,10
2026-08-04,EUU,OPT,EUUZ6 C1330,2026-12-04,C,1.33,0.000050000,3,37
2026-08-04,EUU,OPT,EUUZ6 C1340,2026-12-04,C,1.34,0.000050000,3,11
2026-08-04,EUU,OPT,EUUZ6 C1350,2026-12-04,C,1.35,0.000050000,3,358
2026-08-04,EUU,OPT,EUUZ6 C1360,2026-12-04,C,1.36,0.000050000,3,11
2026-08-04,EUU,OPT,EUUZ6 P0910,2026-12-04,P,0.91,0.000050000,3,1
2026-08-04,EUU,OPT,EUUZ6 P0920,2026-12-04,P,0.92,0.000050000,3,
2026-08-04,EUU,OPT,EUUZ6 P0930,2026-12-04,P,0.93,0.000050000,3,8
2026-08-04,EUU,OPT,EUUZ6 P0940,2026-12-04,P,0.94,0.000050000,3,
2026-08-04,EUU,OPT,EUUZ6 P0950,2026-12-04,P,0.95,0.000050000,3,71
2026-08-04,EUU,OPT,EUUZ6 P0960,2026-12-04,P,0.96,0.000050000,3,
2026-08-04,EUU,OPT,EUUZ6 P0970,2026-12-04,P,0.97,0.000050000,3,1
2026-08-04,EUU,OPT,EUUZ6 P0980,2026-12-04,P,0.98,0.000050000,3,
2026-08-04,EUU,OPT,EUUZ6 P0990,2026-12-04,P,0.99,0.000050000,3,100
2026-08-04,EUU,OPT,EUUZ6 P1000,2026-12-04,P,1,0.000100000,3,204
2026-08-04,EUU,OPT,EUUZ6 P1010,2026-12-04,P,1.01,0.000100000,3,253
2026-08-04,EUU,OPT,EUUZ6 P1015,2026-12-04,P,1.015,0.000100000,3,
2026-08-04,EUU,OPT,EUUZ6 P1020,2026-12-04,P,1.02,0.000150000,3,82
2026-08-04,EUU,OPT,EUUZ6 P1025,2026-12-04,P,1.025,0.000150000,3,1
2026-08-04,EUU,OPT,EUUZ6 P1030,2026-12-04,P,1.03,0.000200000,3,182
2026-08-04,EUU,OPT,EUUZ6 P1035,2026-12-04,P,1.035,0.000200000,3,
2026-08-04,EUU,OPT,EUUZ6 P1040,2026-12-04,P,1.04,0.000250000,3,7
2026-08-04,EUU,OPT,EUUZ6 P1045,2026-12-04,P,1.045,0.000300000,3,506
2026-08-04,EUU,OPT,EUUZ6 P1050,2026-12-04,P,1.05,0.000350000,3,1938
2026-08-04,EUU,OPT,EUUZ6 P1055,2026-12-04,P,1.055,0.000350000,3,27
2026-08-04,EUU,OPT,EUUZ6 P1060,2026-12-04,P,1.06,0.000450000,3,59
2026-08-04,EUU,OPT,EUUZ6 P1065,2026-12-04,P,1.065,0.000500000,3,31
2026-08-04,EUU,OPT,EUUZ6 P1070,2026-12-04,P,1.07,0.000600000,3,24
2026-08-04,EUU,OPT,EUUZ6 P1075,2026-12-04,P,1.075,0.000700000,3,80
2026-08-04,EUU,OPT,EUUZ6 P1080,2026-12-04,P,1.08,0.000800000,3,1688
2026-08-04,EUU,OPT,EUUZ6 P1085,2026-12-04,P,1.085,0.000900000,3,16
2026-08-04,EUU,OPT,EUUZ6 P1090,2026-12-04,P,1.09,0.001100000,3,825
2026-08-04,EUU,OPT,EUUZ6 P1095,2026-12-04,P,1.095,0.001300000,3,94
2026-08-04,EUU,OPT,EUUZ6 P1100,2026-12-04,P,1.1,0.001500000,3,1247
2026-08-04,EUU,OPT,EUUZ6 P1105,2026-12-04,P,1.105,0.001800000,3,7
2026-08-04,EUU,OPT,EUUZ6 P1110,2026-12-04,P,1.11,0.002200000,3,576
2026-08-04,EUU,OPT,EUUZ6 P1115,2026-12-04,P,1.115,0.002600000,3,326
2026-08-04,EUU,OPT,EUUZ6 P1120,2026-12-04,P,1.12,0.003200000,3,888
2026-08-04,EUU,OPT,EUUZ6 P1125,2026-12-04,P,1.125,0.003900000,3,399
2026-08-04,EUU,OPT,EUUZ6 P1130,2026-12-04,P,1.13,0.004800000,3,1860
2026-08-04,EUU,OPT,EUUZ6 P1135,2026-12-04,P,1.135,0.005800000,3,950
2026-08-04,EUU,OPT,EUUZ6 P1140,2026-12-04,P,1.14,0.007000000,3,1325
2026-08-04,EUU,OPT,EUUZ6 P1145,2026-12-04,P,1.145,0.008500000,3,1304
2026-08-04,EUU,OPT,EUUZ6 P1150,2026-12-04,P,1.15,0.010100000,3,2145
2026-08-04,EUU,OPT,EUUZ6 P1155,2026-12-04,P,1.155,0.012100000,3,238
2026-08-04,EUU,OPT,EUUZ6 P1160,2026-12-04,P,1.16,0.014300000,3,166
2026-08-04,EUU,OPT,EUUZ6 P1165,2026-12-04,P,1.165,0.016800000,3,419
2026-08-04,EUU,OPT,EUUZ6 P1170,2026-12-04,P,1.17,0.019700000,3,1325
2026-08-04,EUU,OPT,EUUZ6 P1175,2026-12-04,P,1.175,0.022900000,3,118
2026-08-04,EUU,OPT,EUUZ6 P1180,2026-12-04,P,1.18,0.026400000,3,157
2026-08-04,EUU,OPT,EUUZ6 P1185,2026-12-04,P,1.185,0.030100000,3,71
2026-08-04,EUU,OPT,EUUZ6 P1190,2026-12-04,P,1.19,0.034100000,3,834
2026-08-04,EUU,OPT,EUUZ6 P1195,2026-12-04,P,1.195,0.038300000,3,68
2026-08-04,EUU,OPT,EUUZ6 P1200,2026-12-04,P,1.2,0.042600000,3,24
2026-08-04,EUU,OPT,EUUZ6 P1205,2026-12-04,P,1.205,0.047100000,3,521
2026-08-04,EUU,OPT,EUUZ6 P1210,2026-12-04,P,1.21,0.051600000,3,1
2026-08-04,EUU,OPT,EUUZ6 P1215,2026-12-04,P,1.215,0.056300000,3,
2026-08-04,EUU,OPT,EUUZ6 P1220,2026-12-04,P,1.22,0.061000000,3,
2026-08-04,EUU,OPT,EUUZ6 P1225,2026-12-04,P,1.225,0.065700000,3,
2026-08-04,EUU,OPT,EUUZ6 P1230,2026-12-04,P,1.23,0.070500000,3,
2026-08-04,EUU,OPT,EUUZ6 P1235,2026-12-04,P,1.235,0.075400000,3,
2026-08-04,EUU,OPT,EUUZ6 P1240,2026-12-04,P,1.24,0.080200000,3,
2026-08-04,EUU,OPT,EUUZ6 P1245,2026-12-04,P,1.245,0.085100000,3,
2026-08-04,EUU,OPT,EUUZ6 P1250,2026-12-04,P,1.25,0.090000000,3,
2026-08-04,EUU,OPT,EUUZ6 P1255,2026-12-04,P,1.255,0.094800000,3,
2026-08-04,EUU,OPT,EUUZ6 P1260,2026-12-04,P,1.26,0.099700000,3,
2026-08-04,EUU,OPT,EUUZ6 P1265,2026-12-04,P,1.265,0.104600000,3,
2026-08-04,EUU,OPT,EUUZ6 P1270,2026-12-04,P,1.27,0.109600000,3,
2026-08-04,EUU,OPT,EUUZ6 P1280,2026-12-04,P,1.28,0.119400000,3,
2026-08-04,EUU,OPT,EUUZ6 P1290,2026-12-04,P,1.29,0.129200000,3,
2026-08-04,EUU,OPT,EUUZ6 P1300,2026-12-04,P,1.3,0.139100000,3,
2026-08-04,EUU,OPT,EUUZ6 P1310,2026-12-04,P,1.31,0.148900000,3,
2026-08-04,EUU,OPT,EUUZ6 P1320,2026-12-04,P,1.32,0.158800000,3,1000
2026-08-04,EUU,OPT,EUUZ6 P1330,2026-12-04,P,1.33,0.168600000,3,
2026-08-04,EUU,OPT,EUUZ6 P1340,2026-12-04,P,1.34,0.178500000,3,
2026-08-04,EUU,OPT,EUUZ6 P1350,2026-12-04,P,1.35,0.188400000,3,
2026-08-04,EUU,OPT,EUUZ6 P1360,2026-12-04,P,1.36,0.198200000,3,
2026-08-04,EUU,OPT,EUUF7 C1000,2027-01-08,C,1,0.161100000,3,
2026-08-04,EUU,OPT,EUUF7 C1010,2027-01-08,C,1.01,0.151300000,3,
2026-08-04,EUU,OPT,EUUF7 C1020,2027-01-08,C,1.02,0.141500000,3,
2026-08-04,EUU,OPT,EUUF7 C1030,2027-01-08,C,1.03,0.131800000,3,
2026-08-04,EUU,OPT,EUUF7 C1040,2027-01-08,C,1.04,0.122000000,3,
2026-08-04,EUU,OPT,EUUF7 C1050,2027-01-08,C,1.05,0.112300000,3,
2026-08-04,EUU,OPT,EUUF7 C1060,2027-01-08,C,1.06,0.102600000,3,
2026-08-04,EUU,OPT,EUUF7 C1070,2027-01-08,C,1.07,0.092900000,3,
2026-08-04,EUU,OPT,EUUF7 C1080,2027-01-08,C,1.08,0.083400000,3,
2026-08-04,EUU,OPT,EUUF7 C1090,2027-01-08,C,1.09,0.073900000,3,
2026-08-04,EUU,OPT,EUUF7 C1100,2027-01-08,C,1.1,0.064600000,3,6
2026-08-04,EUU,OPT,EUUF7 C1105,2027-01-08,C,1.105,0.060000000,3,
2026-08-04,EUU,OPT,EUUF7 C1110,2027-01-08,C,1.11,0.055600000,3,
2026-08-04,EUU,OPT,EUUF7 C1115,2027-01-08,C,1.115,0.051200000,3,
2026-08-04,EUU,OPT,EUUF7 C1120,2027-01-08,C,1.12,0.046900000,3,
2026-08-04,EUU,OPT,EUUF7 C1125,2027-01-08,C,1.125,0.042700000,3,
2026-08-04,EUU,OPT,EUUF7 C1130,2027-01-08,C,1.13,0.038600000,3,
2026-08-04,EUU,OPT,EUUF7 C1135,2027-01-08,C,1.135,0.034600000,3,
2026-08-04,EUU,OPT,EUUF7 C1140,2027-01-08,C,1.14,0.030900000,3,31
2026-08-04,EUU,OPT,EUUF7 C1145,2027-01-08,C,1.145,0.027200000,3,
2026-08-04,EUU,OPT,EUUF7 C1150,2027-01-08,C,1.15,0.023800000,3,2
2026-08-04,EUU,OPT,EUUF7 C1155,2027-01-08,C,1.155,0.020700000,3,106
2026-08-04,EUU,OPT,EUUF7 C1160,2027-01-08,C,1.16,0.017800000,3,
2026-08-04,EUU,OPT,EUUF7 C1165,2027-01-08,C,1.165,0.015200000,3,2
2026-08-04,EUU,OPT,EUUF7 C1170,2027-01-08,C,1.17,0.012900000,3,752
2026-08-04,EUU,OPT,EUUF7 C1175,2027-01-08,C,1.175,0.010900000,3,51
2026-08-04,EUU,OPT,EUUF7 C1180,2027-01-08,C,1.18,0.009100000,3,13
2026-08-04,EUU,OPT,EUUF7 C1185,2027-01-08,C,1.185,0.007500000,3,421
2026-08-04,EUU,OPT,EUUF7 C1190,2027-01-08,C,1.19,0.006200000,3,175
2026-08-04,EUU,OPT,EUUF7 C1195,2027-01-08,C,1.195,0.005100000,3,106
2026-08-04,EUU,OPT,EUUF7 C1200,2027-01-08,C,1.2,0.004200000,3,816
2026-08-04,EUU,OPT,EUUF7 C1205,2027-01-08,C,1.205,0.003400000,3,31
2026-08-04,EUU,OPT,EUUF7 C1210,2027-01-08,C,1.21,0.002800000,3,56
2026-08-04,EUU,OPT,EUUF7 C1215,2027-01-08,C,1.215,0.002300000,3,101
2026-08-04,EUU,OPT,EUUF7 C1220,2027-01-08,C,1.22,0.001900000,3,44
2026-08-04,EUU,OPT,EUUF7 C1225,2027-01-08,C,1.225,0.001600000,3,9
2026-08-04,EUU,OPT,EUUF7 C1230,2027-01-08,C,1.23,0.001300000,3,10
2026-08-04,EUU,OPT,EUUF7 C1235,2027-01-08,C,1.235,0.001100000,3,538
2026-08-04,EUU,OPT,EUUF7 C1240,2027-01-08,C,1.24,0.000900000,3,16
2026-08-04,EUU,OPT,EUUF7 C1245,2027-01-08,C,1.245,0.000800000,3,17
2026-08-04,EUU,OPT,EUUF7 C1250,2027-01-08,C,1.25,0.000700000,3,479
2026-08-04,EUU,OPT,EUUF7 C1255,2027-01-08,C,1.255,0.000600000,3,600
2026-08-04,EUU,OPT,EUUF7 C1260,2027-01-08,C,1.26,0.000500000,3,1
2026-08-04,EUU,OPT,EUUF7 C1265,2027-01-08,C,1.265,0.000450000,3,
2026-08-04,EUU,OPT,EUUF7 C1270,2027-01-08,C,1.27,0.000400000,3,3
2026-08-04,EUU,OPT,EUUF7 C1280,2027-01-08,C,1.28,0.000300000,3,2
2026-08-04,EUU,OPT,EUUF7 C1290,2027-01-08,C,1.29,0.000250000,3,
2026-08-04,EUU,OPT,EUUF7 C1300,2027-01-08,C,1.3,0.000200000,3,1
2026-08-04,EUU,OPT,EUUF7 C1310,2027-01-08,C,1.31,0.000150000,3,
2026-08-04,EUU,OPT,EUUF7 C1320,2027-01-08,C,1.32,0.000150000,3,15
2026-08-04,EUU,OPT,EUUF7 C1330,2027-01-08,C,1.33,0.000100000,3,
2026-08-04,EUU,OPT,EUUF7 C1340,2027-01-08,C,1.34,0.000100000,3,500
2026-08-04,EUU,OPT,EUUF7 C1350,2027-01-08,C,1.35,0.000050000,3,40
2026-08-04,EUU,OPT,EUUF7 C1360,2027-01-08,C,1.36,0.000050000,3,10
2026-08-04,EUU,OPT,EUUF7 C1370,2027-01-08,C,1.37,0.000050000,3,8
2026-08-04,EUU,OPT,EUUF7 P1000,2027-01-08,P,1,0.000100000,3,
2026-08-04,EUU,OPT,EUUF7 P1010,2027-01-08,P,1.01,0.000150000,3,
2026-08-04,EUU,OPT,EUUF7 P1020,2027-01-08,P,1.02,0.000150000,3,21
2026-08-04,EUU,OPT,EUUF7 P1030,2027-01-08,P,1.03,0.000250000,3,7
2026-08-04,EUU,OPT,EUUF7 P1040,2027-01-08,P,1.04,0.000350000,3,115
2026-08-04,EUU,OPT,EUUF7 P1050,2027-01-08,P,1.05,0.000450000,3,11
2026-08-04,EUU,OPT,EUUF7 P1060,2027-01-08,P,1.06,0.000600000,3,
2026-08-04,EUU,OPT,EUUF7 P1070,2027-01-08,P,1.07,0.000800000,3,1
2026-08-04,EUU,OPT,EUUF7 P1080,2027-01-08,P,1.08,0.001000000,3,5
2026-08-04,EUU,OPT,EUUF7 P1090,2027-01-08,P,1.09,0.001400000,3,2
2026-08-04,EUU,OPT,EUUF7 P1100,2027-01-08,P,1.1,0.001900000,3,123
2026-08-04,EUU,OPT,EUUF7 P1105,2027-01-08,P,1.105,0.002300000,3,
2026-08-04,EUU,OPT,EUUF7 P1110,2027-01-08,P,1.11,0.002700000,3,700
2026-08-04,EUU,OPT,EUUF7 P1115,2027-01-08,P,1.115,0.003300000,3,
2026-08-04,EUU,OPT,EUUF7 P1120,2027-01-08,P,1.12,0.003900000,3,23
2026-08-04,EUU,OPT,EUUF7 P1125,2027-01-08,P,1.125,0.004600000,3,2
2026-08-04,EUU,OPT,EUUF7 P1130,2027-01-08,P,1.13,0.005400000,3,93
2026-08-04,EUU,OPT,EUUF7 P1135,2027-01-08,P,1.135,0.006400000,3,132
2026-08-04,EUU,OPT,EUUF7 P1140,2027-01-08,P,1.14,0.007500000,3,8
2026-08-04,EUU,OPT,EUUF7 P1145,2027-01-08,P,1.145,0.008800000,3,1297
2026-08-04,EUU,OPT,EUUF7 P1150,2027-01-08,P,1.15,0.010400000,3,747
2026-08-04,EUU,OPT,EUUF7 P1155,2027-01-08,P,1.155,0.012100000,3,1072
2026-08-04,EUU,OPT,EUUF7 P1160,2027-01-08,P,1.16,0.014200000,3,1226
2026-08-04,EUU,OPT,EUUF7 P1165,2027-01-08,P,1.165,0.016500000,3,249
2026-08-04,EUU,OPT,EUUF7 P1170,2027-01-08,P,1.17,0.019100000,3,281
2026-08-04,EUU,OPT,EUUF7 P1175,2027-01-08,P,1.175,0.022000000,3,351
2026-08-04,EUU,OPT,EUUF7 P1180,2027-01-08,P,1.18,0.025100000,3,99
2026-08-04,EUU,OPT,EUUF7 P1185,2027-01-08,P,1.185,0.028500000,3,63
2026-08-04,EUU,OPT,EUUF7 P1190,2027-01-08,P,1.19,0.032100000,3,129
2026-08-04,EUU,OPT,EUUF7 P1195,2027-01-08,P,1.195,0.035900000,3,97
2026-08-04,EUU,OPT,EUUF7 P1200,2027-01-08,P,1.2,0.039900000,3,60
2026-08-04,EUU,OPT,EUUF7 P1205,2027-01-08,P,1.205,0.044100000,3,29
2026-08-04,EUU,OPT,EUUF7 P1210,2027-01-08,P,1.21,0.048300000,3,
2026-08-04,EUU,OPT,EUUF7 P1215,2027-01-08,P,1.215,0.052800000,3,122
2026-08-04,EUU,OPT,EUUF7 P1220,2027-01-08,P,1.22,0.057300000,3,
2026-08-04,EUU,OPT,EUUF7 P1225,2027-01-08,P,1.225,0.061900000,3,
2026-08-04,EUU,OPT,EUUF7 P1230,2027-01-08,P,1.23,0.066500000,3,
2026-08-04,EUU,OPT,EUUF7 P1235,2027-01-08,P,1.235,0.071200000,3,
2026-08-04,EUU,OPT,EUUF7 P1240,2027-01-08,P,1.24,0.076000000,3,
2026-08-04,EUU,OPT,EUUF7 P1245,2027-01-08,P,1.245,0.080800000,3,
2026-08-04,EUU,OPT,EUUF7 P1250,2027-01-08,P,1.25,0.085600000,3,
2026-08-04,EUU,OPT,EUUF7 P1255,2027-01-08,P,1.255,0.090400000,3,
2026-08-04,EUU,OPT,EUUF7 P1260,2027-01-08,P,1.26,0.095300000,3,
2026-08-04,EUU,OPT,EUUF7 P1265,2027-01-08,P,1.265,0.100100000,3,
2026-08-04,EUU,OPT,EUUF7 P1270,2027-01-08,P,1.27,0.105000000,3,
2026-08-04,EUU,OPT,EUUF7 P1280,2027-01-08,P,1.28,0.114700000,3,
2026-08-04,EUU,OPT,EUUF7 P1290,2027-01-08,P,1.29,0.124500000,3,
2026-08-04,EUU,OPT,EUUF7 P1300,2027-01-08,P,1.3,0.134300000,3,
2026-08-04,EUU,OPT,EUUF7 P1310,2027-01-08,P,1.31,0.144100000,3,
2026-08-04,EUU,OPT,EUUF7 P1320,2027-01-08,P,1.32,0.153900000,3,
2026-08-04,EUU,OPT,EUUF7 P1330,2027-01-08,P,1.33,0.163700000,3,
2026-08-04,EUU,OPT,EUUF7 P1340,2027-01-08,P,1.34,0.173500000,3,
2026-08-04,EUU,OPT,EUUF7 P1350,2027-01-08,P,1.35,0.183300000,3,
2026-08-04,EUU,OPT,EUUF7 P1360,2027-01-08,P,1.36,0.193200000,3,
2026-08-04,EUU,OPT,EUUF7 P1370,2027-01-08,P,1.37,0.203000000,3,
2026-08-04,EUU,OPT,EUUG7 C1000,2027-02-05,C,1,0.160800000,3,
2026-08-04,EUU,OPT,EUUG7 C1010,2027-02-05,C,1.01,0.151000000,3,
2026-08-04,EUU,OPT,EUUG7 C1020,2027-02-05,C,1.02,0.141300000,3,
2026-08-04,EUU,OPT,EUUG7 C1030,2027-02-05,C,1.03,0.131600000,3,
2026-08-04,EUU,OPT,EUUG7 C1040,2027-02-05,C,1.04,0.121900000,3,
2026-08-04,EUU,OPT,EUUG7 C1050,2027-02-05,C,1.05,0.112200000,3,
2026-08-04,EUU,OPT,EUUG7 C1060,2027-02-05,C,1.06,0.102600000,3,
2026-08-04,EUU,OPT,EUUG7 C1070,2027-02-05,C,1.07,0.093100000,3,
2026-08-04,EUU,OPT,EUUG7 C1080,2027-02-05,C,1.08,0.083600000,3,
2026-08-04,EUU,OPT,EUUG7 C1090,2027-02-05,C,1.09,0.074300000,3,
2026-08-04,EUU,OPT,EUUG7 C1100,2027-02-05,C,1.1,0.065100000,3,
2026-08-04,EUU,OPT,EUUG7 C1105,2027-02-05,C,1.105,0.060700000,3,
2026-08-04,EUU,OPT,EUUG7 C1110,2027-02-05,C,1.11,0.056300000,3,
2026-08-04,EUU,OPT,EUUG7 C1115,2027-02-05,C,1.115,0.052000000,3,
2026-08-04,EUU,OPT,EUUG7 C1120,2027-02-05,C,1.12,0.047800000,3,
2026-08-04,EUU,OPT,EUUG7 C1125,2027-02-05,C,1.125,0.043700000,3,
2026-08-04,EUU,OPT,EUUG7 C1130,2027-02-05,C,1.13,0.039700000,3,
2026-08-04,EUU,OPT,EUUG7 C1135,2027-02-05,C,1.135,0.035900000,3,5
2026-08-04,EUU,OPT,EUUG7 C1140,2027-02-05,C,1.14,0.032200000,3,
2026-08-04,EUU,OPT,EUUG7 C1145,2027-02-05,C,1.145,0.028700000,3,
2026-08-04,EUU,OPT,EUUG7 C1150,2027-02-05,C,1.15,0.025300000,3,100
2026-08-04,EUU,OPT,EUUG7 C1155,2027-02-05,C,1.155,0.022300000,3,14
2026-08-04,EUU,OPT,EUUG7 C1160,2027-02-05,C,1.16,0.019400000,3,11
2026-08-04,EUU,OPT,EUUG7 C1165,2027-02-05,C,1.165,0.016800000,3,15
2026-08-04,EUU,OPT,EUUG7 C1170,2027-02-05,C,1.17,0.014500000,3,91
2026-08-04,EUU,OPT,EUUG7 C1175,2027-02-05,C,1.175,0.012400000,3,11
2026-08-04,EUU,OPT,EUUG7 C1180,2027-02-05,C,1.18,0.010500000,3,111
2026-08-04,EUU,OPT,EUUG7 C1185,2027-02-05,C,1.185,0.008900000,3,2
2026-08-04,EUU,OPT,EUUG7 C1190,2027-02-05,C,1.19,0.007500000,3,2
2026-08-04,EUU,OPT,EUUG7 C1195,2027-02-05,C,1.195,0.006300000,3,6
2026-08-04,EUU,OPT,EUUG7 C1200,2027-02-05,C,1.2,0.005300000,3,66
2026-08-04,EUU,OPT,EUUG7 C1205,2027-02-05,C,1.205,0.004400000,3,
2026-08-04,EUU,OPT,EUUG7 C1210,2027-02-05,C,1.21,0.003700000,3,200
2026-08-04,EUU,OPT,EUUG7 C1215,2027-02-05,C,1.215,0.003100000,3,
2026-08-04,EUU,OPT,EUUG7 C1220,2027-02-05,C,1.22,0.002700000,3,1
2026-08-04,EUU,OPT,EUUG7 C1225,2027-02-05,C,1.225,0.002200000,3,
2026-08-04,EUU,OPT,EUUG7 C1230,2027-02-05,C,1.23,0.001900000,3,8
2026-08-04,EUU,OPT,EUUG7 C1235,2027-02-05,C,1.235,0.001600000,3,51
2026-08-04,EUU,OPT,EUUG7 C1240,2027-02-05,C,1.24,0.001400000,3,13
2026-08-04,EUU,OPT,EUUG7 C1245,2027-02-05,C,1.245,0.001200000,3,103
2026-08-04,EUU,OPT,EUUG7 C1250,2027-02-05,C,1.25,0.001000000,3,
2026-08-04,EUU,OPT,EUUG7 C1255,2027-02-05,C,1.255,0.000900000,3,
2026-08-04,EUU,OPT,EUUG7 C1260,2027-02-05,C,1.26,0.000800000,3,
2026-08-04,EUU,OPT,EUUG7 C1270,2027-02-05,C,1.27,0.000700000,3,
2026-08-04,EUU,OPT,EUUG7 C1280,2027-02-05,C,1.28,0.000600000,3,
2026-08-04,EUU,OPT,EUUG7 C1290,2027-02-05,C,1.29,0.000500000,3,3
2026-08-04,EUU,OPT,EUUG7 C1300,2027-02-05,C,1.3,0.000400000,3,48
2026-08-04,EUU,OPT,EUUG7 C1310,2027-02-05,C,1.31,0.000300000,3,100
2026-08-04,EUU,OPT,EUUG7 C1320,2027-02-05,C,1.32,0.000200000,3,5
2026-08-04,EUU,OPT,EUUG7 C1330,2027-02-05,C,1.33,0.000150000,3,40
2026-08-04,EUU,OPT,EUUG7 C1340,2027-02-05,C,1.34,0.000150000,3,504
2026-08-04,EUU,OPT,EUUG7 C1350,2027-02-05,C,1.35,0.000150000,3,1
2026-08-04,EUU,OPT,EUUG7 C1360,2027-02-05,C,1.36,0.000100000,3,
2026-08-04,EUU,OPT,EUUG7 P1000,2027-02-05,P,1,0.000250000,3,
2026-08-04,EUU,OPT,EUUG7 P1010,2027-02-05,P,1.01,0.000300000,3,
2026-08-04,EUU,OPT,EUUG7 P1020,2027-02-05,P,1.02,0.000350000,3,
2026-08-04,EUU,OPT,EUUG7 P1030,2027-02-05,P,1.03,0.000450000,3,
2026-08-04,EUU,OPT,EUUG7 P1040,2027-02-05,P,1.04,0.000500000,3,
2026-08-04,EUU,OPT,EUUG7 P1050,2027-02-05,P,1.05,0.000700000,3,
2026-08-04,EUU,OPT,EUUG7 P1060,2027-02-05,P,1.06,0.000900000,3,28
2026-08-04,EUU,OPT,EUUG7 P1070,2027-02-05,P,1.07,0.001200000,3,
2026-08-04,EUU,OPT,EUUG7 P1080,2027-02-05,P,1.08,0.001500000,3,200
2026-08-04,EUU,OPT,EUUG7 P1090,2027-02-05,P,1.09,0.002000000,3,702
2026-08-04,EUU,OPT,EUUG7 P1100,2027-02-05,P,1.1,0.002700000,3,107
2026-08-04,EUU,OPT,EUUG7 P1105,2027-02-05,P,1.105,0.003100000,3,
2026-08-04,EUU,OPT,EUUG7 P1110,2027-02-05,P,1.11,0.003600000,3,23
2026-08-04,EUU,OPT,EUUG7 P1115,2027-02-05,P,1.115,0.004200000,3,100
2026-08-04,EUU,OPT,EUUG7 P1120,2027-02-05,P,1.12,0.004900000,3,21
2026-08-04,EUU,OPT,EUUG7 P1125,2027-02-05,P,1.125,0.005700000,3,
2026-08-04,EUU,OPT,EUUG7 P1130,2027-02-05,P,1.13,0.006600000,3,17
2026-08-04,EUU,OPT,EUUG7 P1135,2027-02-05,P,1.135,0.007700000,3,
2026-08-04,EUU,OPT,EUUG7 P1140,2027-02-05,P,1.14,0.008900000,3,175
2026-08-04,EUU,OPT,EUUG7 P1145,2027-02-05,P,1.145,0.010300000,3,40
2026-08-04,EUU,OPT,EUUG7 P1150,2027-02-05,P,1.15,0.011900000,3,713
2026-08-04,EUU,OPT,EUUG7 P1155,2027-02-05,P,1.155,0.013700000,3,46
2026-08-04,EUU,OPT,EUUG7 P1160,2027-02-05,P,1.16,0.015800000,3,265
2026-08-04,EUU,OPT,EUUG7 P1165,2027-02-05,P,1.165,0.018100000,3,391
2026-08-04,EUU,OPT,EUUG7 P1170,2027-02-05,P,1.17,0.020700000,3,1311
2026-08-04,EUU,OPT,EUUG7 P1175,2027-02-05,P,1.175,0.023500000,3,1
2026-08-04,EUU,OPT,EUUG7 P1180,2027-02-05,P,1.18,0.026500000,3,8
2026-08-04,EUU,OPT,EUUG7 P1185,2027-02-05,P,1.185,0.029800000,3,
2026-08-04,EUU,OPT,EUUG7 P1190,2027-02-05,P,1.19,0.033300000,3,
2026-08-04,EUU,OPT,EUUG7 P1195,2027-02-05,P,1.195,0.037000000,3,
2026-08-04,EUU,OPT,EUUG7 P1200,2027-02-05,P,1.2,0.040900000,3,
2026-08-04,EUU,OPT,EUUG7 P1205,2027-02-05,P,1.205,0.044900000,3,
2026-08-04,EUU,OPT,EUUG7 P1210,2027-02-05,P,1.21,0.049100000,3,
2026-08-04,EUU,OPT,EUUG7 P1215,2027-02-05,P,1.215,0.053500000,3,
2026-08-04,EUU,OPT,EUUG7 P1220,2027-02-05,P,1.22,0.057900000,3,
2026-08-04,EUU,OPT,EUUG7 P1225,2027-02-05,P,1.225,0.062400000,3,
2026-08-04,EUU,OPT,EUUG7 P1230,2027-02-05,P,1.23,0.066900000,3,
2026-08-04,EUU,OPT,EUUG7 P1235,2027-02-05,P,1.235,0.071500000,3,
2026-08-04,EUU,OPT,EUUG7 P1240,2027-02-05,P,1.24,0.076200000,3,
2026-08-04,EUU,OPT,EUUG7 P1245,2027-02-05,P,1.245,0.080900000,3,
2026-08-04,EUU,OPT,EUUG7 P1250,2027-02-05,P,1.25,0.085600000,3,
2026-08-04,EUU,OPT,EUUG7 P1255,2027-02-05,P,1.255,0.090400000,3,
2026-08-04,EUU,OPT,EUUG7 P1260,2027-02-05,P,1.26,0.095200000,3,
2026-08-04,EUU,OPT,EUUG7 P1270,2027-02-05,P,1.27,0.104900000,3,
2026-08-04,EUU,OPT,EUUG7 P1280,2027-02-05,P,1.28,0.114600000,3,
2026-08-04,EUU,OPT,EUUG7 P1290,2027-02-05,P,1.29,0.124400000,3,
2026-08-04,EUU,OPT,EUUG7 P1300,2027-02-05,P,1.3,0.134100000,3,
2026-08-04,EUU,OPT,EUUG7 P1310,2027-02-05,P,1.31,0.143800000,3,
2026-08-04,EUU,OPT,EUUG7 P1320,2027-02-05,P,1.32,0.153500000,3,
2026-08-04,EUU,OPT,EUUG7 P1330,2027-02-05,P,1.33,0.163300000,3,
2026-08-04,EUU,OPT,EUUG7 P1340,2027-02-05,P,1.34,0.173000000,3,
2026-08-04,EUU,OPT,EUUG7 P1350,2027-02-05,P,1.35,0.182800000,3,
2026-08-04,EUU,OPT,EUUG7 P1360,2027-02-05,P,1.36,0.192600000,3,
2026-08-04,EUU,OPT,EUUH7 C0970,2027-03-05,C,0.97,0.189500000,3,
2026-08-04,EUU,OPT,EUUH7 C0980,2027-03-05,C,0.98,0.179800000,3,
2026-08-04,EUU,OPT,EUUH7 C0990,2027-03-05,C,0.99,0.170100000,3,
2026-08-04,EUU,OPT,EUUH7 C1000,2027-03-05,C,1,0.160300000,3,
2026-08-04,EUU,OPT,EUUH7 C1010,2027-03-05,C,1.01,0.150600000,3,
2026-08-04,EUU,OPT,EUUH7 C1020,2027-03-05,C,1.02,0.140900000,3,1
2026-08-04,EUU,OPT,EUUH7 C1030,2027-03-05,C,1.03,0.131300000,3,
2026-08-04,EUU,OPT,EUUH7 C1040,2027-03-05,C,1.04,0.121700000,3,
2026-08-04,EUU,OPT,EUUH7 C1050,2027-03-05,C,1.05,0.112100000,3,5
2026-08-04,EUU,OPT,EUUH7 C1060,2027-03-05,C,1.06,0.102500000,3,
2026-08-04,EUU,OPT,EUUH7 C1065,2027-03-05,C,1.065,0.097800000,3,
2026-08-04,EUU,OPT,EUUH7 C1070,2027-03-05,C,1.07,0.093100000,3,
2026-08-04,EUU,OPT,EUUH7 C1075,2027-03-05,C,1.075,0.088400000,3,5
2026-08-04,EUU,OPT,EUUH7 C1080,2027-03-05,C,1.08,0.083700000,3,
2026-08-04,EUU,OPT,EUUH7 C1085,2027-03-05,C,1.085,0.079100000,3,
2026-08-04,EUU,OPT,EUUH7 C1090,2027-03-05,C,1.09,0.074600000,3,
2026-08-04,EUU,OPT,EUUH7 C1095,2027-03-05,C,1.095,0.070000000,3,
2026-08-04,EUU,OPT,EUUH7 C1100,2027-03-05,C,1.1,0.065600000,3,
2026-08-04,EUU,OPT,EUUH7 C1105,2027-03-05,C,1.105,0.061200000,3,
2026-08-04,EUU,OPT,EUUH7 C1110,2027-03-05,C,1.11,0.056900000,3,
2026-08-04,EUU,OPT,EUUH7 C1115,2027-03-05,C,1.115,0.052700000,3,
2026-08-04,EUU,OPT,EUUH7 C1120,2027-03-05,C,1.12,0.048600000,3,
2026-08-04,EUU,OPT,EUUH7 C1125,2027-03-05,C,1.125,0.044600000,3,
2026-08-04,EUU,OPT,EUUH7 C1130,2027-03-05,C,1.13,0.040700000,3,
2026-08-04,EUU,OPT,EUUH7 C1135,2027-03-05,C,1.135,0.037000000,3,175
2026-08-04,EUU,OPT,EUUH7 C1140,2027-03-05,C,1.14,0.033300000,3,1
2026-08-04,EUU,OPT,EUUH7 C1145,2027-03-05,C,1.145,0.029900000,3,
2026-08-04,EUU,OPT,EUUH7 C1150,2027-03-05,C,1.15,0.026700000,3,28
2026-08-04,EUU,OPT,EUUH7 C1155,2027-03-05,C,1.155,0.023600000,3,16
2026-08-04,EUU,OPT,EUUH7 C1160,2027-03-05,C,1.16,0.020800000,3,7826
2026-08-04,EUU,OPT,EUUH7 C1165,2027-03-05,C,1.165,0.018200000,3,39
2026-08-04,EUU,OPT,EUUH7 C1170,2027-03-05,C,1.17,0.015900000,3,1217
2026-08-04,EUU,OPT,EUUH7 C1175,2027-03-05,C,1.175,0.013800000,3,427
2026-08-04,EUU,OPT,EUUH7 C1180,2027-03-05,C,1.18,0.011900000,3,2930
2026-08-04,EUU,OPT,EUUH7 C1185,2027-03-05,C,1.185,0.010200000,3,1
2026-08-04,EUU,OPT,EUUH7 C1190,2027-03-05,C,1.19,0.008700000,3,15
2026-08-04,EUU,OPT,EUUH7 C1195,2027-03-05,C,1.195,0.007400000,3,14
2026-08-04,EUU,OPT,EUUH7 C1200,2027-03-05,C,1.2,0.006300000,3,132
2026-08-04,EUU,OPT,EUUH7 C1205,2027-03-05,C,1.205,0.005400000,3,10
2026-08-04,EUU,OPT,EUUH7 C1210,2027-03-05,C,1.21,0.004600000,3,15
2026-08-04,EUU,OPT,EUUH7 C1215,2027-03-05,C,1.215,0.003900000,3,2
2026-08-04,EUU,OPT,EUUH7 C1220,2027-03-05,C,1.22,0.003300000,3,1261
2026-08-04,EUU,OPT,EUUH7 C1225,2027-03-05,C,1.225,0.002800000,3,4
2026-08-04,EUU,OPT,EUUH7 C1230,2027-03-05,C,1.23,0.002400000,3,13
2026-08-04,EUU,OPT,EUUH7 C1235,2027-03-05,C,1.235,0.002100000,3,53
2026-08-04,EUU,OPT,EUUH7 C1240,2027-03-05,C,1.24,0.001800000,3,13
2026-08-04,EUU,OPT,EUUH7 C1245,2027-03-05,C,1.245,0.001600000,3,70
2026-08-04,EUU,OPT,EUUH7 C1250,2027-03-05,C,1.25,0.001400000,3,28
2026-08-04,EUU,OPT,EUUH7 C1255,2027-03-05,C,1.255,0.001200000,3,
2026-08-04,EUU,OPT,EUUH7 C1260,2027-03-05,C,1.26,0.001000000,3,
2026-08-04,EUU,OPT,EUUH7 C1265,2027-03-05,C,1.265,0.000900000,3,1
2026-08-04,EUU,OPT,EUUH7 C1270,2027-03-05,C,1.27,0.000800000,3,1
2026-08-04,EUU,OPT,EUUH7 C1280,2027-03-05,C,1.28,0.000600000,3,
2026-08-04,EUU,OPT,EUUH7 C1290,2027-03-05,C,1.29,0.000500000,3,
2026-08-04,EUU,OPT,EUUH7 C1300,2027-03-05,C,1.3,0.000400000,3,3
2026-08-04,EUU,OPT,EUUH7 C1310,2027-03-05,C,1.31,0.000350000,3,
2026-08-04,EUU,OPT,EUUH7 C1320,2027-03-05,C,1.32,0.000300000,3,
2026-08-04,EUU,OPT,EUUH7 C1330,2027-03-05,C,1.33,0.000250000,3,
2026-08-04,EUU,OPT,EUUH7 C1340,2027-03-05,C,1.34,0.000200000,3,
2026-08-04,EUU,OPT,EUUH7 C1350,2027-03-05,C,1.35,0.000150000,3,53
2026-08-04,EUU,OPT,EUUH7 C1360,2027-03-05,C,1.36,0.000150000,3,
2026-08-04,EUU,OPT,EUUH7 C1370,2027-03-05,C,1.37,0.000150000,3,10
2026-08-04,EUU,OPT,EUUH7 P0970,2027-03-05,P,0.97,0.000150000,3,721
2026-08-04,EUU,OPT,EUUH7 P0980,2027-03-05,P,0.98,0.000200000,3,2
2026-08-04,EUU,OPT,EUUH7 P0990,2027-03-05,P,0.99,0.000250000,3,70
2026-08-04,EUU,OPT,EUUH7 P1000,2027-03-05,P,1,0.000300000,3,17
2026-08-04,EUU,OPT,EUUH7 P1010,2027-03-05,P,1.01,0.000350000,3,6101
2026-08-04,EUU,OPT,EUUH7 P1020,2027-03-05,P,1.02,0.000450000,3,70
2026-08-04,EUU,OPT,EUUH7 P1030,2027-03-05,P,1.03,0.000600000,3,6227
2026-08-04,EUU,OPT,EUUH7 P1040,2027-03-05,P,1.04,0.000700000,3,614
2026-08-04,EUU,OPT,EUUH7 P1050,2027-03-05,P,1.05,0.000900000,3,101
2026-08-04,EUU,OPT,EUUH7 P1060,2027-03-05,P,1.06,0.001100000,3,18
2026-08-04,EUU,OPT,EUUH7 P1065,2027-03-05,P,1.065,0.001300000,3,
2026-08-04,EUU,OPT,EUUH7 P1070,2027-03-05,P,1.07,0.001500000,3,3
2026-08-04,EUU,OPT,EUUH7 P1075,2027-03-05,P,1.075,0.001700000,3,3
2026-08-04,EUU,OPT,EUUH7 P1080,2027-03-05,P,1.08,0.001900000,3,53
2026-08-04,EUU,OPT,EUUH7 P1085,2027-03-05,P,1.085,0.002200000,3,1
2026-08-04,EUU,OPT,EUUH7 P1090,2027-03-05,P,1.09,0.002500000,3,21
2026-08-04,EUU,OPT,EUUH7 P1095,2027-03-05,P,1.095,0.002900000,3,70
2026-08-04,EUU,OPT,EUUH7 P1100,2027-03-05,P,1.1,0.003300000,3,43
2026-08-04,EUU,OPT,EUUH7 P1105,2027-03-05,P,1.105,0.003800000,3,302
2026-08-04,EUU,OPT,EUUH7 P1110,2027-03-05,P,1.11,0.004400000,3,134
2026-08-04,EUU,OPT,EUUH7 P1115,2027-03-05,P,1.115,0.005100000,3,34
2026-08-04,EUU,OPT,EUUH7 P1120,2027-03-05,P,1.12,0.005900000,3,5
2026-08-04,EUU,OPT,EUUH7 P1125,2027-03-05,P,1.125,0.006800000,3,361
2026-08-04,EUU,OPT,EUUH7 P1130,2027-03-05,P,1.13,0.007800000,3,
2026-08-04,EUU,OPT,EUUH7 P1135,2027-03-05,P,1.135,0.008900000,3,1
2026-08-04,EUU,OPT,EUUH7 P1140,2027-03-05,P,1.14,0.010200000,3,21
2026-08-04,EUU,OPT,EUUH7 P1145,2027-03-05,P,1.145,0.011600000,3,428
2026-08-04,EUU,OPT,EUUH7 P1150,2027-03-05,P,1.15,0.013300000,3,33
2026-08-04,EUU,OPT,EUUH7 P1155,2027-03-05,P,1.155,0.015100000,3,240
2026-08-04,EUU,OPT,EUUH7 P1160,2027-03-05,P,1.16,0.017200000,3,526
2026-08-04,EUU,OPT,EUUH7 P1165,2027-03-05,P,1.165,0.019500000,3,1
2026-08-04,EUU,OPT,EUUH7 P1170,2027-03-05,P,1.17,0.022000000,3,969
2026-08-04,EUU,OPT,EUUH7 P1175,2027-03-05,P,1.175,0.024800000,3,45
2026-08-04,EUU,OPT,EUUH7 P1180,2027-03-05,P,1.18,0.027800000,3,345
2026-08-04,EUU,OPT,EUUH7 P1185,2027-03-05,P,1.185,0.031000000,3,10
2026-08-04,EUU,OPT,EUUH7 P1190,2027-03-05,P,1.19,0.034400000,3,
2026-08-04,EUU,OPT,EUUH7 P1195,2027-03-05,P,1.195,0.038000000,3,
2026-08-04,EUU,OPT,EUUH7 P1200,2027-03-05,P,1.2,0.041800000,3,
2026-08-04,EUU,OPT,EUUH7 P1205,2027-03-05,P,1.205,0.045800000,3,3
2026-08-04,EUU,OPT,EUUH7 P1210,2027-03-05,P,1.21,0.049800000,3,
2026-08-04,EUU,OPT,EUUH7 P1215,2027-03-05,P,1.215,0.054000000,3,
2026-08-04,EUU,OPT,EUUH7 P1220,2027-03-05,P,1.22,0.058400000,3,1
2026-08-04,EUU,OPT,EUUH7 P1225,2027-03-05,P,1.225,0.062800000,3,
2026-08-04,EUU,OPT,EUUH7 P1230,2027-03-05,P,1.23,0.067200000,3,
2026-08-04,EUU,OPT,EUUH7 P1235,2027-03-05,P,1.235,0.071800000,3,
2026-08-04,EUU,OPT,EUUH7 P1240,2027-03-05,P,1.24,0.076400000,3,
2026-08-04,EUU,OPT,EUUH7 P1245,2027-03-05,P,1.245,0.081000000,3,
2026-08-04,EUU,OPT,EUUH7 P1250,2027-03-05,P,1.25,0.085700000,3,
2026-08-04,EUU,OPT,EUUH7 P1255,2027-03-05,P,1.255,0.090400000,3,
2026-08-04,EUU,OPT,EUUH7 P1260,2027-03-05,P,1.26,0.095200000,3,
2026-08-04,EUU,OPT,EUUH7 P1265,2027-03-05,P,1.265,0.100000000,3,
2026-08-04,EUU,OPT,EUUH7 P1270,2027-03-05,P,1.27,0.104700000,3,
2026-08-04,EUU,OPT,EUUH7 P1280,2027-03-05,P,1.28,0.114300000,3,
2026-08-04,EUU,OPT,EUUH7 P1290,2027-03-05,P,1.29,0.124000000,3,
2026-08-04,EUU,OPT,EUUH7 P1300,2027-03-05,P,1.3,0.133700000,3,
2026-08-04,EUU,OPT,EUUH7 P1310,2027-03-05,P,1.31,0.143400000,3,
2026-08-04,EUU,OPT,EUUH7 P1320,2027-03-05,P,1.32,0.153100000,3,
2026-08-04,EUU,OPT,EUUH7 P1330,2027-03-05,P,1.33,0.162800000,3,
2026-08-04,EUU,OPT,EUUH7 P1340,2027-03-05,P,1.34,0.172500000,3,
2026-08-04,EUU,OPT,EUUH7 P1350,2027-03-05,P,1.35,0.182300000,3,
2026-08-04,EUU,OPT,EUUH7 P1360,2027-03-05,P,1.36,0.192000000,3,
2026-08-04,EUU,OPT,EUUH7 P1370,2027-03-05,P,1.37,0.201800000,3,
2026-08-04,EUU,OPT,EUUJ7 C1000,2027-04-09,C,1,0.164000000,3,
2026-08-04,EUU,OPT,EUUJ7 C1010,2027-04-09,C,1.01,0.154400000,3,
2026-08-04,EUU,OPT,EUUJ7 C1020,2027-04-09,C,1.02,0.144700000,3,
2026-08-04,EUU,OPT,EUUJ7 C1030,2027-04-09,C,1.03,0.135100000,3,
2026-08-04,EUU,OPT,EUUJ7 C1040,2027-04-09,C,1.04,0.125500000,3,
2026-08-04,EUU,OPT,EUUJ7 C1050,2027-04-09,C,1.05,0.116000000,3,
2026-08-04,EUU,OPT,EUUJ7 C1060,2027-04-09,C,1.06,0.106600000,3,1
2026-08-04,EUU,OPT,EUUJ7 C1070,2027-04-09,C,1.07,0.097200000,3,
2026-08-04,EUU,OPT,EUUJ7 C1080,2027-04-09,C,1.08,0.088000000,3,
2026-08-04,EUU,OPT,EUUJ7 C1090,2027-04-09,C,1.09,0.078900000,3,
2026-08-04,EUU,OPT,EUUJ7 C1100,2027-04-09,C,1.1,0.070000000,3,
2026-08-04,EUU,OPT,EUUJ7 C1105,2027-04-09,C,1.105,0.065700000,3,
2026-08-04,EUU,OPT,EUUJ7 C1110,2027-04-09,C,1.11,0.061400000,3,
2026-08-04,EUU,OPT,EUUJ7 C1115,2027-04-09,C,1.115,0.057200000,3,
2026-08-04,EUU,OPT,EUUJ7 C1120,2027-04-09,C,1.12,0.053100000,3,
2026-08-04,EUU,OPT,EUUJ7 C1125,2027-04-09,C,1.125,0.049200000,3,
2026-08-04,EUU,OPT,EUUJ7 C1130,2027-04-09,C,1.13,0.045300000,3,
2026-08-04,EUU,OPT,EUUJ7 C1135,2027-04-09,C,1.135,0.041500000,3,
2026-08-04,EUU,OPT,EUUJ7 C1140,2027-04-09,C,1.14,0.037900000,3,
2026-08-04,EUU,OPT,EUUJ7 C1145,2027-04-09,C,1.145,0.034300000,3,1
2026-08-04,EUU,OPT,EUUJ7 C1150,2027-04-09,C,1.15,0.031000000,3,3
2026-08-04,EUU,OPT,EUUJ7 C1155,2027-04-09,C,1.155,0.027800000,3,
2026-08-04,EUU,OPT,EUUJ7 C1160,2027-04-09,C,1.16,0.024800000,3,5
2026-08-04,EUU,OPT,EUUJ7 C1165,2027-04-09,C,1.165,0.022000000,3,12
2026-08-04,EUU,OPT,EUUJ7 C1170,2027-04-09,C,1.17,0.019500000,3,10
2026-08-04,EUU,OPT,EUUJ7 C1175,2027-04-09,C,1.175,0.017200000,3,10
2026-08-04,EUU,OPT,EUUJ7 C1180,2027-04-09,C,1.18,0.015100000,3,15
2026-08-04,EUU,OPT,EUUJ7 C1185,2027-04-09,C,1.185,0.013200000,3,397
2026-08-04,EUU,OPT,EUUJ7 C1190,2027-04-09,C,1.19,0.011500000,3,
2026-08-04,EUU,OPT,EUUJ7 C1195,2027-04-09,C,1.195,0.010000000,3,6
2026-08-04,EUU,OPT,EUUJ7 C1200,2027-04-09,C,1.2,0.008700000,3,1
2026-08-04,EUU,OPT,EUUJ7 C1205,2027-04-09,C,1.205,0.007500000,3,
2026-08-04,EUU,OPT,EUUJ7 C1210,2027-04-09,C,1.21,0.006500000,3,
2026-08-04,EUU,OPT,EUUJ7 C1215,2027-04-09,C,1.215,0.005600000,3,
2026-08-04,EUU,OPT,EUUJ7 C1220,2027-04-09,C,1.22,0.004900000,3,
2026-08-04,EUU,OPT,EUUJ7 C1225,2027-04-09,C,1.225,0.004200000,3,
2026-08-04,EUU,OPT,EUUJ7 C1230,2027-04-09,C,1.23,0.003700000,3,
2026-08-04,EUU,OPT,EUUJ7 C1235,2027-04-09,C,1.235,0.003200000,3,163
2026-08-04,EUU,OPT,EUUJ7 C1240,2027-04-09,C,1.24,0.002800000,3,3
2026-08-04,EUU,OPT,EUUJ7 C1245,2027-04-09,C,1.245,0.002400000,3,
2026-08-04,EUU,OPT,EUUJ7 C1250,2027-04-09,C,1.25,0.002100000,3,161
2026-08-04,EUU,OPT,EUUJ7 C1260,2027-04-09,C,1.26,0.001600000,3,3
2026-08-04,EUU,OPT,EUUJ7 C1270,2027-04-09,C,1.27,0.001300000,3,
2026-08-04,EUU,OPT,EUUJ7 C1280,2027-04-09,C,1.28,0.001000000,3,
2026-08-04,EUU,OPT,EUUJ7 C1290,2027-04-09,C,1.29,0.000800000,3,
2026-08-04,EUU,OPT,EUUJ7 C1300,2027-04-09,C,1.3,0.000700000,3,
2026-08-04,EUU,OPT,EUUJ7 C1310,2027-04-09,C,1.31,0.000600000,3,
2026-08-04,EUU,OPT,EUUJ7 C1320,2027-04-09,C,1.32,0.000450000,3,
2026-08-04,EUU,OPT,EUUJ7 C1330,2027-04-09,C,1.33,0.000400000,3,
2026-08-04,EUU,OPT,EUUJ7 C1340,2027-04-09,C,1.34,0.000350000,3,
2026-08-04,EUU,OPT,EUUJ7 C1350,2027-04-09,C,1.35,0.000300000,3,
2026-08-04,EUU,OPT,EUUJ7 P1000,2027-04-09,P,1,0.000400000,3,
2026-08-04,EUU,OPT,EUUJ7 P1010,2027-04-09,P,1.01,0.000500000,3,4
2026-08-04,EUU,OPT,EUUJ7 P1020,2027-04-09,P,1.02,0.000600000,3,
2026-08-04,EUU,OPT,EUUJ7 P1030,2027-04-09,P,1.03,0.000700000,3,
2026-08-04,EUU,OPT,EUUJ7 P1040,2027-04-09,P,1.04,0.000900000,3,
2026-08-04,EUU,OPT,EUUJ7 P1050,2027-04-09,P,1.05,0.001100000,3,
2026-08-04,EUU,OPT,EUUJ7 P1060,2027-04-09,P,1.06,0.001400000,3,1
2026-08-04,EUU,OPT,EUUJ7 P1070,2027-04-09,P,1.07,0.001800000,3,
2026-08-04,EUU,OPT,EUUJ7 P1080,2027-04-09,P,1.08,0.002300000,3,38
2026-08-04,EUU,OPT,EUUJ7 P1090,2027-04-09,P,1.09,0.002900000,3,125
2026-08-04,EUU,OPT,EUUJ7 P1100,2027-04-09,P,1.1,0.003800000,3,39
2026-08-04,EUU,OPT,EUUJ7 P1105,2027-04-09,P,1.105,0.004300000,3,
2026-08-04,EUU,OPT,EUUJ7 P1110,2027-04-09,P,1.11,0.004900000,3,
2026-08-04,EUU,OPT,EUUJ7 P1115,2027-04-09,P,1.115,0.005600000,3,
2026-08-04,EUU,OPT,EUUJ7 P1120,2027-04-09,P,1.12,0.006400000,3,30
2026-08-04,EUU,OPT,EUUJ7 P1125,2027-04-09,P,1.125,0.007300000,3,6
2026-08-04,EUU,OPT,EUUJ7 P1130,2027-04-09,P,1.13,0.008300000,3,
2026-08-04,EUU,OPT,EUUJ7 P1135,2027-04-09,P,1.135,0.009400000,3,20
2026-08-04,EUU,OPT,EUUJ7 P1140,2027-04-09,P,1.14,0.010600000,3,60
2026-08-04,EUU,OPT,EUUJ7 P1145,2027-04-09,P,1.145,0.011900000,3,20
2026-08-04,EUU,OPT,EUUJ7 P1150,2027-04-09,P,1.15,0.013500000,3,365
2026-08-04,EUU,OPT,EUUJ7 P1155,2027-04-09,P,1.155,0.015100000,3,360
2026-08-04,EUU,OPT,EUUJ7 P1160,2027-04-09,P,1.16,0.017000000,3,241
2026-08-04,EUU,OPT,EUUJ7 P1165,2027-04-09,P,1.165,0.019100000,3,378
2026-08-04,EUU,OPT,EUUJ7 P1170,2027-04-09,P,1.17,0.021400000,3,283
2026-08-04,EUU,OPT,EUUJ7 P1175,2027-04-09,P,1.175,0.024000000,3,2380
2026-08-04,EUU,OPT,EUUJ7 P1180,2027-04-09,P,1.18,0.026800000,3,2886
2026-08-04,EUU,OPT,EUUJ7 P1185,2027-04-09,P,1.185,0.029800000,3,
2026-08-04,EUU,OPT,EUUJ7 P1190,2027-04-09,P,1.19,0.033000000,3,300
2026-08-04,EUU,OPT,EUUJ7 P1195,2027-04-09,P,1.195,0.036300000,3,
2026-08-04,EUU,OPT,EUUJ7 P1200,2027-04-09,P,1.2,0.039900000,3,
2026-08-04,EUU,OPT,EUUJ7 P1205,2027-04-09,P,1.205,0.043600000,3,
2026-08-04,EUU,OPT,EUUJ7 P1210,2027-04-09,P,1.21,0.047400000,3,
2026-08-04,EUU,OPT,EUUJ7 P1215,2027-04-09,P,1.215,0.051400000,3,
2026-08-04,EUU,OPT,EUUJ7 P1220,2027-04-09,P,1.22,0.055500000,3,
2026-08-04,EUU,OPT,EUUJ7 P1225,2027-04-09,P,1.225,0.059700000,3,
2026-08-04,EUU,OPT,EUUJ7 P1230,2027-04-09,P,1.23,0.064100000,3,
2026-08-04,EUU,OPT,EUUJ7 P1235,2027-04-09,P,1.235,0.068400000,3,
2026-08-04,EUU,OPT,EUUJ7 P1240,2027-04-09,P,1.24,0.072900000,3,
2026-08-04,EUU,OPT,EUUJ7 P1245,2027-04-09,P,1.245,0.077400000,3,
2026-08-04,EUU,OPT,EUUJ7 P1250,2027-04-09,P,1.25,0.082000000,3,
2026-08-04,EUU,OPT,EUUJ7 P1260,2027-04-09,P,1.26,0.091200000,3,
2026-08-04,EUU,OPT,EUUJ7 P1270,2027-04-09,P,1.27,0.100600000,3,
2026-08-04,EUU,OPT,EUUJ7 P1280,2027-04-09,P,1.28,0.110100000,3,
2026-08-04,EUU,OPT,EUUJ7 P1290,2027-04-09,P,1.29,0.119600000,3,
2026-08-04,EUU,OPT,EUUJ7 P1300,2027-04-09,P,1.3,0.129200000,3,
2026-08-04,EUU,OPT,EUUJ7 P1310,2027-04-09,P,1.31,0.138800000,3,
2026-08-04,EUU,OPT,EUUJ7 P1320,2027-04-09,P,1.32,0.148500000,3,
2026-08-04,EUU,OPT,EUUJ7 P1330,2027-04-09,P,1.33,0.158200000,3,
2026-08-04,EUU,OPT,EUUJ7 P1340,2027-04-09,P,1.34,0.167800000,3,
2026-08-04,EUU,OPT,EUUJ7 P1350,2027-04-09,P,1.35,0.177500000,3,
2026-08-04,EUU,OPT,EUUK7 C1000,2027-05-07,C,1,0.163800000,3,
2026-08-04,EUU,OPT,EUUK7 C1010,2027-05-07,C,1.01,0.154200000,3,
2026-08-04,EUU,OPT,EUUK7 C1020,2027-05-07,C,1.02,0.144700000,3,
2026-08-04,EUU,OPT,EUUK7 C1030,2027-05-07,C,1.03,0.135100000,3,
2026-08-04,EUU,OPT,EUUK7 C1040,2027-05-07,C,1.04,0.125700000,3,
2026-08-04,EUU,OPT,EUUK7 C1050,2027-05-07,C,1.05,0.116200000,3,
2026-08-04,EUU,OPT,EUUK7 C1060,2027-05-07,C,1.06,0.106900000,3,
2026-08-04,EUU,OPT,EUUK7 C1070,2027-05-07,C,1.07,0.097700000,3,
2026-08-04,EUU,OPT,EUUK7 C1080,2027-05-07,C,1.08,0.088700000,3,
2026-08-04,EUU,OPT,EUUK7 C1090,2027-05-07,C,1.09,0.079800000,3,
2026-08-04,EUU,OPT,EUUK7 C1100,2027-05-07,C,1.1,0.071100000,3,
2026-08-04,EUU,OPT,EUUK7 C1105,2027-05-07,C,1.105,0.066900000,3,
2026-08-04,EUU,OPT,EUUK7 C1110,2027-05-07,C,1.11,0.062800000,3,
2026-08-04,EUU,OPT,EUUK7 C1115,2027-05-07,C,1.115,0.058700000,3,
2026-08-04,EUU,OPT,EUUK7 C1120,2027-05-07,C,1.12,0.054700000,3,
2026-08-04,EUU,OPT,EUUK7 C1125,2027-05-07,C,1.125,0.050800000,3,
2026-08-04,EUU,OPT,EUUK7 C1130,2027-05-07,C,1.13,0.047000000,3,
2026-08-04,EUU,OPT,EUUK7 C1135,2027-05-07,C,1.135,0.043300000,3,
2026-08-04,EUU,OPT,EUUK7 C1140,2027-05-07,C,1.14,0.039800000,3,2
2026-08-04,EUU,OPT,EUUK7 C1145,2027-05-07,C,1.145,0.036300000,3,
2026-08-04,EUU,OPT,EUUK7 C1150,2027-05-07,C,1.15,0.033100000,3,3
2026-08-04,EUU,OPT,EUUK7 C1155,2027-05-07,C,1.155,0.029900000,3,149
2026-08-04,EUU,OPT,EUUK7 C1160,2027-05-07,C,1.16,0.027000000,3,100
2026-08-04,EUU,OPT,EUUK7 C1165,2027-05-07,C,1.165,0.024300000,3,301
2026-08-04,EUU,OPT,EUUK7 C1170,2027-05-07,C,1.17,0.021700000,3,3
2026-08-04,EUU,OPT,EUUK7 C1175,2027-05-07,C,1.175,0.019300000,3,21
2026-08-04,EUU,OPT,EUUK7 C1180,2027-05-07,C,1.18,0.017200000,3,3
2026-08-04,EUU,OPT,EUUK7 C1185,2027-05-07,C,1.185,0.015200000,3,640
2026-08-04,EUU,OPT,EUUK7 C1190,2027-05-07,C,1.19,0.013500000,3,
2026-08-04,EUU,OPT,EUUK7 C1195,2027-05-07,C,1.195,0.011900000,3,1006
2026-08-04,EUU,OPT,EUUK7 C1200,2027-05-07,C,1.2,0.010500000,3,
2026-08-04,EUU,OPT,EUUK7 C1205,2027-05-07,C,1.205,0.009200000,3,
2026-08-04,EUU,OPT,EUUK7 C1210,2027-05-07,C,1.21,0.008100000,3,
2026-08-04,EUU,OPT,EUUK7 C1215,2027-05-07,C,1.215,0.007100000,3,
2026-08-04,EUU,OPT,EUUK7 C1220,2027-05-07,C,1.22,0.006300000,3,1
2026-08-04,EUU,OPT,EUUK7 C1225,2027-05-07,C,1.225,0.005500000,3,9
2026-08-04,EUU,OPT,EUUK7 C1230,2027-05-07,C,1.23,0.004900000,3,
2026-08-04,EUU,OPT,EUUK7 C1235,2027-05-07,C,1.235,0.004300000,3,1000
2026-08-04,EUU,OPT,EUUK7 C1240,2027-05-07,C,1.24,0.003800000,3,3
2026-08-04,EUU,OPT,EUUK7 C1245,2027-05-07,C,1.245,0.003300000,3,
2026-08-04,EUU,OPT,EUUK7 C1250,2027-05-07,C,1.25,0.003000000,3,1000
2026-08-04,EUU,OPT,EUUK7 C1260,2027-05-07,C,1.26,0.002300000,3,
2026-08-04,EUU,OPT,EUUK7 C1270,2027-05-07,C,1.27,0.001900000,3,
2026-08-04,EUU,OPT,EUUK7 C1280,2027-05-07,C,1.28,0.001500000,3,
2026-08-04,EUU,OPT,EUUK7 C1290,2027-05-07,C,1.29,0.001200000,3,
2026-08-04,EUU,OPT,EUUK7 C1300,2027-05-07,C,1.3,0.001000000,3,1
2026-08-04,EUU,OPT,EUUK7 C1310,2027-05-07,C,1.31,0.000900000,3,
2026-08-04,EUU,OPT,EUUK7 C1320,2027-05-07,C,1.32,0.000800000,3,
2026-08-04,EUU,OPT,EUUK7 C1330,2027-05-07,C,1.33,0.000600000,3,
2026-08-04,EUU,OPT,EUUK7 C1340,2027-05-07,C,1.34,0.000600000,3,
2026-08-04,EUU,OPT,EUUK7 P1000,2027-05-07,P,1,0.000700000,3,
2026-08-04,EUU,OPT,EUUK7 P1010,2027-05-07,P,1.01,0.000800000,3,9
2026-08-04,EUU,OPT,EUUK7 P1020,2027-05-07,P,1.02,0.001000000,3,
2026-08-04,EUU,OPT,EUUK7 P1030,2027-05-07,P,1.03,0.001200000,3,1
2026-08-04,EUU,OPT,EUUK7 P1040,2027-05-07,P,1.04,0.001400000,3,
2026-08-04,EUU,OPT,EUUK7 P1050,2027-05-07,P,1.05,0.001700000,3,10
2026-08-04,EUU,OPT,EUUK7 P1060,2027-05-07,P,1.06,0.002100000,3,
2026-08-04,EUU,OPT,EUUK7 P1070,2027-05-07,P,1.07,0.002600000,3,5
2026-08-04,EUU,OPT,EUUK7 P1080,2027-05-07,P,1.08,0.003200000,3,1
2026-08-04,EUU,OPT,EUUK7 P1090,2027-05-07,P,1.09,0.004100000,3,
2026-08-04,EUU,OPT,EUUK7 P1100,2027-05-07,P,1.1,0.005100000,3,6
2026-08-04,EUU,OPT,EUUK7 P1105,2027-05-07,P,1.105,0.005800000,3,
2026-08-04,EUU,OPT,EUUK7 P1110,2027-05-07,P,1.11,0.006500000,3,
2026-08-04,EUU,OPT,EUUK7 P1115,2027-05-07,P,1.115,0.007200000,3,
2026-08-04,EUU,OPT,EUUK7 P1120,2027-05-07,P,1.12,0.008100000,3,1600
2026-08-04,EUU,OPT,EUUK7 P1125,2027-05-07,P,1.125,0.009000000,3,2700
2026-08-04,EUU,OPT,EUUK7 P1130,2027-05-07,P,1.13,0.010100000,3,12
2026-08-04,EUU,OPT,EUUK7 P1135,2027-05-07,P,1.135,0.011300000,3,4
2026-08-04,EUU,OPT,EUUK7 P1140,2027-05-07,P,1.14,0.012600000,3,125
2026-08-04,EUU,OPT,EUUK7 P1145,2027-05-07,P,1.145,0.014000000,3,64
2026-08-04,EUU,OPT,EUUK7 P1150,2027-05-07,P,1.15,0.015600000,3,99
2026-08-04,EUU,OPT,EUUK7 P1155,2027-05-07,P,1.155,0.017300000,3,98
2026-08-04,EUU,OPT,EUUK7 P1160,2027-05-07,P,1.16,0.019200000,3,70
2026-08-04,EUU,OPT,EUUK7 P1165,2027-05-07,P,1.165,0.021300000,3,
2026-08-04,EUU,OPT,EUUK7 P1170,2027-05-07,P,1.17,0.023600000,3,223
2026-08-04,EUU,OPT,EUUK7 P1175,2027-05-07,P,1.175,0.026100000,3,12
2026-08-04,EUU,OPT,EUUK7 P1180,2027-05-07,P,1.18,0.028800000,3,2
2026-08-04,EUU,OPT,EUUK7 P1185,2027-05-07,P,1.185,0.031700000,3,
2026-08-04,EUU,OPT,EUUK7 P1190,2027-05-07,P,1.19,0.034800000,3,
2026-08-04,EUU,OPT,EUUK7 P1195,2027-05-07,P,1.195,0.038100000,3,
2026-08-04,EUU,OPT,EUUK7 P1200,2027-05-07,P,1.2,0.041500000,3,
2026-08-04,EUU,OPT,EUUK7 P1205,2027-05-07,P,1.205,0.045100000,3,
2026-08-04,EUU,OPT,EUUK7 P1210,2027-05-07,P,1.21,0.048900000,3,
2026-08-04,EUU,OPT,EUUK7 P1215,2027-05-07,P,1.215,0.052800000,3,
2026-08-04,EUU,OPT,EUUK7 P1220,2027-05-07,P,1.22,0.056700000,3,
2026-08-04,EUU,OPT,EUUK7 P1225,2027-05-07,P,1.225,0.060800000,3,
2026-08-04,EUU,OPT,EUUK7 P1230,2027-05-07,P,1.23,0.065000000,3,
2026-08-04,EUU,OPT,EUUK7 P1235,2027-05-07,P,1.235,0.069300000,3,
2026-08-04,EUU,OPT,EUUK7 P1240,2027-05-07,P,1.24,0.073700000,3,
2026-08-04,EUU,OPT,EUUK7 P1245,2027-05-07,P,1.245,0.078100000,3,
2026-08-04,EUU,OPT,EUUK7 P1250,2027-05-07,P,1.25,0.082600000,3,
2026-08-04,EUU,OPT,EUUK7 P1260,2027-05-07,P,1.26,0.091700000,3,
2026-08-04,EUU,OPT,EUUK7 P1270,2027-05-07,P,1.27,0.100900000,3,
2026-08-04,EUU,OPT,EUUK7 P1280,2027-05-07,P,1.28,0.110200000,3,
2026-08-04,EUU,OPT,EUUK7 P1290,2027-05-07,P,1.29,0.119700000,3,
2026-08-04,EUU,OPT,EUUK7 P1300,2027-05-07,P,1.3,0.129200000,3,
2026-08-04,EUU,OPT,EUUK7 P1310,2027-05-07,P,1.31,0.138700000,3,
2026-08-04,EUU,OPT,EUUK7 P1320,2027-05-07,P,1.32,0.148300000,3,
2026-08-04,EUU,OPT,EUUK7 P1330,2027-05-07,P,1.33,0.157900000,3,
2026-08-04,EUU,OPT,EUUK7 P1340,2027-05-07,P,1.34,0.167500000,3,
2026-08-04,EUU,OPT,EUUM7 C1000,2027-06-04,C,1,0.163400000,3,
2026-08-04,EUU,OPT,EUUM7 C1010,2027-06-04,C,1.01,0.153900000,3,
2026-08-04,EUU,OPT,EUUM7 C1020,2027-06-04,C,1.02,0.144400000,3,
2026-08-04,EUU,OPT,EUUM7 C1030,2027-06-04,C,1.03,0.134900000,3,
2026-08-04,EUU,OPT,EUUM7 C1040,2027-06-04,C,1.04,0.125500000,3,
2026-08-04,EUU,OPT,EUUM7 C1050,2027-06-04,C,1.05,0.116200000,3,
2026-08-04,EUU,OPT,EUUM7 C1060,2027-06-04,C,1.06,0.107000000,3,
2026-08-04,EUU,OPT,EUUM7 C1070,2027-06-04,C,1.07,0.097900000,3,
2026-08-04,EUU,OPT,EUUM7 C1080,2027-06-04,C,1.08,0.088900000,3,
2026-08-04,EUU,OPT,EUUM7 C1090,2027-06-04,C,1.09,0.080200000,3,
2026-08-04,EUU,OPT,EUUM7 C1100,2027-06-04,C,1.1,0.071600000,3,4
2026-08-04,EUU,OPT,EUUM7 C1105,2027-06-04,C,1.105,0.067500000,3,
2026-08-04,EUU,OPT,EUUM7 C1110,2027-06-04,C,1.11,0.063400000,3,
2026-08-04,EUU,OPT,EUUM7 C1115,2027-06-04,C,1.115,0.059400000,3,
2026-08-04,EUU,OPT,EUUM7 C1120,2027-06-04,C,1.12,0.055500000,3,
2026-08-04,EUU,OPT,EUUM7 C1125,2027-06-04,C,1.125,0.051600000,3,1
2026-08-04,EUU,OPT,EUUM7 C1130,2027-06-04,C,1.13,0.047900000,3,
2026-08-04,EUU,OPT,EUUM7 C1135,2027-06-04,C,1.135,0.044300000,3,
2026-08-04,EUU,OPT,EUUM7 C1140,2027-06-04,C,1.14,0.040800000,3,19560
2026-08-04,EUU,OPT,EUUM7 C1145,2027-06-04,C,1.145,0.037500000,3,1
2026-08-04,EUU,OPT,EUUM7 C1150,2027-06-04,C,1.15,0.034200000,3,2133
2026-08-04,EUU,OPT,EUUM7 C1155,2027-06-04,C,1.155,0.031200000,3,3
2026-08-04,EUU,OPT,EUUM7 C1160,2027-06-04,C,1.16,0.028200000,3,2300
2026-08-04,EUU,OPT,EUUM7 C1165,2027-06-04,C,1.165,0.025500000,3,
2026-08-04,EUU,OPT,EUUM7 C1170,2027-06-04,C,1.17,0.023000000,3,20
2026-08-04,EUU,OPT,EUUM7 C1175,2027-06-04,C,1.175,0.020600000,3,4
2026-08-04,EUU,OPT,EUUM7 C1180,2027-06-04,C,1.18,0.018400000,3,31
2026-08-04,EUU,OPT,EUUM7 C1185,2027-06-04,C,1.185,0.016400000,3,12
2026-08-04,EUU,OPT,EUUM7 C1190,2027-06-04,C,1.19,0.014600000,3,45
2026-08-04,EUU,OPT,EUUM7 C1195,2027-06-04,C,1.195,0.013000000,3,48
2026-08-04,EUU,OPT,EUUM7 C1200,2027-06-04,C,1.2,0.011600000,3,4
2026-08-04,EUU,OPT,EUUM7 C1205,2027-06-04,C,1.205,0.010300000,3,
2026-08-04,EUU,OPT,EUUM7 C1210,2027-06-04,C,1.21,0.009100000,3,1
2026-08-04,EUU,OPT,EUUM7 C1215,2027-06-04,C,1.215,0.008100000,3,40
2026-08-04,EUU,OPT,EUUM7 C1220,2027-06-04,C,1.22,0.007200000,3,
2026-08-04,EUU,OPT,EUUM7 C1225,2027-06-04,C,1.225,0.006400000,3,
2026-08-04,EUU,OPT,EUUM7 C1230,2027-06-04,C,1.23,0.005700000,3,
2026-08-04,EUU,OPT,EUUM7 C1235,2027-06-04,C,1.235,0.005100000,3,
2026-08-04,EUU,OPT,EUUM7 C1240,2027-06-04,C,1.24,0.004500000,3,24
2026-08-04,EUU,OPT,EUUM7 C1245,2027-06-04,C,1.245,0.004000000,3,
2026-08-04,EUU,OPT,EUUM7 C1250,2027-06-04,C,1.25,0.003600000,3,2
2026-08-04,EUU,OPT,EUUM7 C1255,2027-06-04,C,1.255,0.003200000,3,
2026-08-04,EUU,OPT,EUUM7 C1260,2027-06-04,C,1.26,0.002900000,3,
2026-08-04,EUU,OPT,EUUM7 C1265,2027-06-04,C,1.265,0.002600000,3,
2026-08-04,EUU,OPT,EUUM7 C1270,2027-06-04,C,1.27,0.002300000,3,39
2026-08-04,EUU,OPT,EUUM7 C1280,2027-06-04,C,1.28,0.001900000,3,
2026-08-04,EUU,OPT,EUUM7 C1290,2027-06-04,C,1.29,0.001600000,3,1
2026-08-04,EUU,OPT,EUUM7 C1300,2027-06-04,C,1.3,0.001300000,3,
2026-08-04,EUU,OPT,EUUM7 C1310,2027-06-04,C,1.31,0.001100000,3,2
2026-08-04,EUU,OPT,EUUM7 C1320,2027-06-04,C,1.32,0.000900000,3,1050
2026-08-04,EUU,OPT,EUUM7 C1330,2027-06-04,C,1.33,0.000800000,3,
2026-08-04,EUU,OPT,EUUM7 C1340,2027-06-04,C,1.34,0.000700000,3,1
2026-08-04,EUU,OPT,EUUM7 C1350,2027-06-04,C,1.35,0.000600000,3,
2026-08-04,EUU,OPT,EUUM7 C1360,2027-06-04,C,1.36,0.000500000,3,
2026-08-04,EUU,OPT,EUUM7 C1370,2027-06-04,C,1.37,0.000500000,3,6
2026-08-04,EUU,OPT,EUUM7 P1000,2027-06-04,P,1,0.000900000,3,1
2026-08-04,EUU,OPT,EUUM7 P1010,2027-06-04,P,1.01,0.001000000,3,
2026-08-04,EUU,OPT,EUUM7 P1020,2027-06-04,P,1.02,0.001200000,3,15
2026-08-04,EUU,OPT,EUUM7 P1030,2027-06-04,P,1.03,0.001400000,3,722
2026-08-04,EUU,OPT,EUUM7 P1040,2027-06-04,P,1.04,0.001700000,3,
2026-08-04,EUU,OPT,EUUM7 P1050,2027-06-04,P,1.05,0.002000000,3,2
2026-08-04,EUU,OPT,EUUM7 P1060,2027-06-04,P,1.06,0.002500000,3,
2026-08-04,EUU,OPT,EUUM7 P1070,2027-06-04,P,1.07,0.003000000,3,
2026-08-04,EUU,OPT,EUUM7 P1080,2027-06-04,P,1.08,0.003800000,3,32
2026-08-04,EUU,OPT,EUUM7 P1090,2027-06-04,P,1.09,0.004700000,3,51
2026-08-04,EUU,OPT,EUUM7 P1100,2027-06-04,P,1.1,0.005800000,3,711
2026-08-04,EUU,OPT,EUUM7 P1105,2027-06-04,P,1.105,0.006500000,3,13
2026-08-04,EUU,OPT,EUUM7 P1110,2027-06-04,P,1.11,0.007300000,3,16
2026-08-04,EUU,OPT,EUUM7 P1115,2027-06-04,P,1.115,0.008100000,3,
2026-08-04,EUU,OPT,EUUM7 P1120,2027-06-04,P,1.12,0.009000000,3,21
2026-08-04,EUU,OPT,EUUM7 P1125,2027-06-04,P,1.125,0.010000000,3,
2026-08-04,EUU,OPT,EUUM7 P1130,2027-06-04,P,1.13,0.011200000,3,23
2026-08-04,EUU,OPT,EUUM7 P1135,2027-06-04,P,1.135,0.012400000,3,3
2026-08-04,EUU,OPT,EUUM7 P1140,2027-06-04,P,1.14,0.013700000,3,24
2026-08-04,EUU,OPT,EUUM7 P1145,2027-06-04,P,1.145,0.015200000,3,6
2026-08-04,EUU,OPT,EUUM7 P1150,2027-06-04,P,1.15,0.016800000,3,74
2026-08-04,EUU,OPT,EUUM7 P1155,2027-06-04,P,1.155,0.018600000,3,15
2026-08-04,EUU,OPT,EUUM7 P1160,2027-06-04,P,1.16,0.020500000,3,25
2026-08-04,EUU,OPT,EUUM7 P1165,2027-06-04,P,1.165,0.022600000,3,
2026-08-04,EUU,OPT,EUUM7 P1170,2027-06-04,P,1.17,0.024900000,3,4
2026-08-04,EUU,OPT,EUUM7 P1175,2027-06-04,P,1.175,0.027400000,3,
2026-08-04,EUU,OPT,EUUM7 P1180,2027-06-04,P,1.18,0.030000000,3,25
2026-08-04,EUU,OPT,EUUM7 P1185,2027-06-04,P,1.185,0.032900000,3,
2026-08-04,EUU,OPT,EUUM7 P1190,2027-06-04,P,1.19,0.035900000,3,
2026-08-04,EUU,OPT,EUUM7 P1195,2027-06-04,P,1.195,0.039100000,3,
2026-08-04,EUU,OPT,EUUM7 P1200,2027-06-04,P,1.2,0.042500000,3,3
2026-08-04,EUU,OPT,EUUM7 P1205,2027-06-04,P,1.205,0.046100000,3,
2026-08-04,EUU,OPT,EUUM7 P1210,2027-06-04,P,1.21,0.049800000,3,1
2026-08-04,EUU,OPT,EUUM7 P1215,2027-06-04,P,1.215,0.053600000,3,
2026-08-04,EUU,OPT,EUUM7 P1220,2027-06-04,P,1.22,0.057500000,3,
2026-08-04,EUU,OPT,EUUM7 P1225,2027-06-04,P,1.225,0.061500000,3,
2026-08-04,EUU,OPT,EUUM7 P1230,2027-06-04,P,1.23,0.065700000,3,
2026-08-04,EUU,OPT,EUUM7 P1235,2027-06-04,P,1.235,0.069900000,3,
2026-08-04,EUU,OPT,EUUM7 P1240,2027-06-04,P,1.24,0.074200000,3,
2026-08-04,EUU,OPT,EUUM7 P1245,2027-06-04,P,1.245,0.078500000,3,
2026-08-04,EUU,OPT,EUUM7 P1250,2027-06-04,P,1.25,0.082900000,3,
2026-08-04,EUU,OPT,EUUM7 P1255,2027-06-04,P,1.255,0.087400000,3,
2026-08-04,EUU,OPT,EUUM7 P1260,2027-06-04,P,1.26,0.091900000,3,
2026-08-04,EUU,OPT,EUUM7 P1265,2027-06-04,P,1.265,0.096500000,3,
2026-08-04,EUU,OPT,EUUM7 P1270,2027-06-04,P,1.27,0.101000000,3,
2026-08-04,EUU,OPT,EUUM7 P1280,2027-06-04,P,1.28,0.110300000,3,
2026-08-04,EUU,OPT,EUUM7 P1290,2027-06-04,P,1.29,0.119600000,3,
2026-08-04,EUU,OPT,EUUM7 P1300,2027-06-04,P,1.3,0.129000000,3,
2026-08-04,EUU,OPT,EUUM7 P1310,2027-06-04,P,1.31,0.138500000,3,
2026-08-04,EUU,OPT,EUUM7 P1320,2027-06-04,P,1.32,0.148000000,3,
2026-08-04,EUU,OPT,EUUM7 P1330,2027-06-04,P,1.33,0.157600000,3,
2026-08-04,EUU,OPT,EUUM7 P1340,2027-06-04,P,1.34,0.167100000,3,
2026-08-04,EUU,OPT,EUUM7 P1350,2027-06-04,P,1.35,0.176700000,3,
2026-08-04,EUU,OPT,EUUM7 P1360,2027-06-04,P,1.36,0.186300000,3,
2026-08-04,EUU,OPT,EUUM7 P1370,2027-06-04,P,1.37,0.195900000,3,
2026-08-04,EUU,OPT,EUUN7 C1010,2027-07-09,C,1.01,0.157400000,3,
2026-08-04,EUU,OPT,EUUN7 C1020,2027-07-09,C,1.02,0.148000000,3,
2026-08-04,EUU,OPT,EUUN7 C1030,2027-07-09,C,1.03,0.138600000,3,
2026-08-04,EUU,OPT,EUUN7 C1040,2027-07-09,C,1.04,0.129300000,3,
2026-08-04,EUU,OPT,EUUN7 C1050,2027-07-09,C,1.05,0.120100000,3,
2026-08-04,EUU,OPT,EUUN7 C1060,2027-07-09,C,1.06,0.111000000,3,
2026-08-04,EUU,OPT,EUUN7 C1070,2027-07-09,C,1.07,0.102000000,3,
2026-08-04,EUU,OPT,EUUN7 C1080,2027-07-09,C,1.08,0.093100000,3,
2026-08-04,EUU,OPT,EUUN7 C1090,2027-07-09,C,1.09,0.084400000,3,
2026-08-04,EUU,OPT,EUUN7 C1100,2027-07-09,C,1.1,0.075900000,3,
2026-08-04,EUU,OPT,EUUN7 C1105,2027-07-09,C,1.105,0.071700000,3,
2026-08-04,EUU,OPT,EUUN7 C1110,2027-07-09,C,1.11,0.067700000,3,
2026-08-04,EUU,OPT,EUUN7 C1115,2027-07-09,C,1.115,0.063600000,3,
2026-08-04,EUU,OPT,EUUN7 C1120,2027-07-09,C,1.12,0.059700000,3,
2026-08-04,EUU,OPT,EUUN7 C1125,2027-07-09,C,1.125,0.055800000,3,
2026-08-04,EUU,OPT,EUUN7 C1130,2027-07-09,C,1.13,0.052100000,3,
2026-08-04,EUU,OPT,EUUN7 C1135,2027-07-09,C,1.135,0.048400000,3,
2026-08-04,EUU,OPT,EUUN7 C1140,2027-07-09,C,1.14,0.044900000,3,
2026-08-04,EUU,OPT,EUUN7 C1145,2027-07-09,C,1.145,0.041500000,3,
2026-08-04,EUU,OPT,EUUN7 C1150,2027-07-09,C,1.15,0.038200000,3,
2026-08-04,EUU,OPT,EUUN7 C1155,2027-07-09,C,1.155,0.035100000,3,
2026-08-04,EUU,OPT,EUUN7 C1160,2027-07-09,C,1.16,0.032100000,3,6
2026-08-04,EUU,OPT,EUUN7 C1165,2027-07-09,C,1.165,0.029300000,3,1
2026-08-04,EUU,OPT,EUUN7 C1170,2027-07-09,C,1.17,0.026600000,3,
2026-08-04,EUU,OPT,EUUN7 C1175,2027-07-09,C,1.175,0.024100000,3,
2026-08-04,EUU,OPT,EUUN7 C1180,2027-07-09,C,1.18,0.021800000,3,20
2026-08-04,EUU,OPT,EUUN7 C1185,2027-07-09,C,1.185,0.019700000,3,60
2026-08-04,EUU,OPT,EUUN7 C1190,2027-07-09,C,1.19,0.017700000,3,20
2026-08-04,EUU,OPT,EUUN7 C1195,2027-07-09,C,1.195,0.015900000,3,20
2026-08-04,EUU,OPT,EUUN7 C1200,2027-07-09,C,1.2,0.014200000,3,
2026-08-04,EUU,OPT,EUUN7 C1205,2027-07-09,C,1.205,0.012700000,3,
2026-08-04,EUU,OPT,EUUN7 C1210,2027-07-09,C,1.21,0.011400000,3,
2026-08-04,EUU,OPT,EUUN7 C1215,2027-07-09,C,1.215,0.010200000,3,
2026-08-04,EUU,OPT,EUUN7 C1220,2027-07-09,C,1.22,0.009100000,3,
2026-08-04,EUU,OPT,EUUN7 C1230,2027-07-09,C,1.23,0.007300000,3,
2026-08-04,EUU,OPT,EUUN7 C1240,2027-07-09,C,1.24,0.005900000,3,
2026-08-04,EUU,OPT,EUUN7 C1250,2027-07-09,C,1.25,0.004800000,3,
2026-08-04,EUU,OPT,EUUN7 C1260,2027-07-09,C,1.26,0.003900000,3,
2026-08-04,EUU,OPT,EUUN7 C1270,2027-07-09,C,1.27,0.003200000,3,
2026-08-04,EUU,OPT,EUUN7 C1280,2027-07-09,C,1.28,0.002600000,3,
2026-08-04,EUU,OPT,EUUN7 C1290,2027-07-09,C,1.29,0.002100000,3,
2026-08-04,EUU,OPT,EUUN7 C1300,2027-07-09,C,1.3,0.001700000,3,
2026-08-04,EUU,OPT,EUUN7 C1310,2027-07-09,C,1.31,0.001400000,3,
2026-08-04,EUU,OPT,EUUN7 C1320,2027-07-09,C,1.32,0.001100000,3,
2026-08-04,EUU,OPT,EUUN7 P1010,2027-07-09,P,1.01,0.001000000,3,
2026-08-04,EUU,OPT,EUUN7 P1020,2027-07-09,P,1.02,0.001200000,3,
2026-08-04,EUU,OPT,EUUN7 P1030,2027-07-09,P,1.03,0.001500000,3,
2026-08-04,EUU,OPT,EUUN7 P1040,2027-07-09,P,1.04,0.001900000,3,
2026-08-04,EUU,OPT,EUUN7 P1050,2027-07-09,P,1.05,0.002300000,3,
2026-08-04,EUU,OPT,EUUN7 P1060,2027-07-09,P,1.06,0.002800000,3,
2026-08-04,EUU,OPT,EUUN7 P1070,2027-07-09,P,1.07,0.003400000,3,
2026-08-04,EUU,OPT,EUUN7 P1080,2027-07-09,P,1.08,0.004200000,3,
2026-08-04,EUU,OPT,EUUN7 P1090,2027-07-09,P,1.09,0.005100000,3,
2026-08-04,EUU,OPT,EUUN7 P1100,2027-07-09,P,1.1,0.006300000,3,12
2026-08-04,EUU,OPT,EUUN7 P1105,2027-07-09,P,1.105,0.006900000,3,
2026-08-04,EUU,OPT,EUUN7 P1110,2027-07-09,P,1.11,0.007700000,3,
2026-08-04,EUU,OPT,EUUN7 P1115,2027-07-09,P,1.115,0.008500000,3,
2026-08-04,EUU,OPT,EUUN7 P1120,2027-07-09,P,1.12,0.009300000,3,
2026-08-04,EUU,OPT,EUUN7 P1125,2027-07-09,P,1.125,0.010300000,3,
2026-08-04,EUU,OPT,EUUN7 P1130,2027-07-09,P,1.13,0.011400000,3,2
2026-08-04,EUU,OPT,EUUN7 P1135,2027-07-09,P,1.135,0.012500000,3,
2026-08-04,EUU,OPT,EUUN7 P1140,2027-07-09,P,1.14,0.013800000,3,1
2026-08-04,EUU,OPT,EUUN7 P1145,2027-07-09,P,1.145,0.015200000,3,
2026-08-04,EUU,OPT,EUUN7 P1150,2027-07-09,P,1.15,0.016800000,3,19
2026-08-04,EUU,OPT,EUUN7 P1155,2027-07-09,P,1.155,0.018500000,3,13
2026-08-04,EUU,OPT,EUUN7 P1160,2027-07-09,P,1.16,0.020300000,3,20
2026-08-04,EUU,OPT,EUUN7 P1165,2027-07-09,P,1.165,0.022300000,3,58
2026-08-04,EUU,OPT,EUUN7 P1170,2027-07-09,P,1.17,0.024500000,3,70
2026-08-04,EUU,OPT,EUUN7 P1175,2027-07-09,P,1.175,0.026800000,3,
2026-08-04,EUU,OPT,EUUN7 P1180,2027-07-09,P,1.18,0.029300000,3,
2026-08-04,EUU,OPT,EUUN7 P1185,2027-07-09,P,1.185,0.032000000,3,
2026-08-04,EUU,OPT,EUUN7 P1190,2027-07-09,P,1.19,0.034800000,3,
2026-08-04,EUU,OPT,EUUN7 P1195,2027-07-09,P,1.195,0.037800000,3,
2026-08-04,EUU,OPT,EUUN7 P1200,2027-07-09,P,1.2,0.041000000,3,
2026-08-04,EUU,OPT,EUUN7 P1205,2027-07-09,P,1.205,0.044300000,3,
2026-08-04,EUU,OPT,EUUN7 P1210,2027-07-09,P,1.21,0.047800000,3,
2026-08-04,EUU,OPT,EUUN7 P1215,2027-07-09,P,1.215,0.051400000,3,
2026-08-04,EUU,OPT,EUUN7 P1220,2027-07-09,P,1.22,0.055200000,3,
2026-08-04,EUU,OPT,EUUN7 P1230,2027-07-09,P,1.23,0.063000000,3,
2026-08-04,EUU,OPT,EUUN7 P1240,2027-07-09,P,1.24,0.071200000,3,
2026-08-04,EUU,OPT,EUUN7 P1250,2027-07-09,P,1.25,0.079700000,3,
2026-08-04,EUU,OPT,EUUN7 P1260,2027-07-09,P,1.26,0.088500000,3,
2026-08-04,EUU,OPT,EUUN7 P1270,2027-07-09,P,1.27,0.097400000,3,
2026-08-04,EUU,OPT,EUUN7 P1280,2027-07-09,P,1.28,0.106400000,3,
2026-08-04,EUU,OPT,EUUN7 P1290,2027-07-09,P,1.29,0.115600000,3,
2026-08-04,EUU,OPT,EUUN7 P1300,2027-07-09,P,1.3,0.124800000,3,
2026-08-04,EUU,OPT,EUUN7 P1310,2027-07-09,P,1.31,0.134100000,3,
2026-08-04,EUU,OPT,EUUN7 P1320,2027-07-09,P,1.32,0.143500000,3,
2026-08-04,EUU,OPT,EUUU7 C1010,2027-09-03,C,1.01,0.156900000,3,
2026-08-04,EUU,OPT,EUUU7 C1020,2027-09-03,C,1.02,0.147600000,3,
2026-08-04,EUU,OPT,EUUU7 C1030,2027-09-03,C,1.03,0.138400000,3,
2026-08-04,EUU,OPT,EUUU7 C1040,2027-09-03,C,1.04,0.129300000,3,
2026-08-04,EUU,OPT,EUUU7 C1050,2027-09-03,C,1.05,0.120200000,3,
2026-08-04,EUU,OPT,EUUU7 C1060,2027-09-03,C,1.06,0.111200000,3,
2026-08-04,EUU,OPT,EUUU7 C1070,2027-09-03,C,1.07,0.102400000,3,
2026-08-04,EUU,OPT,EUUU7 C1080,2027-09-03,C,1.08,0.093700000,3,
2026-08-04,EUU,OPT,EUUU7 C1090,2027-09-03,C,1.09,0.085200000,3,
2026-08-04,EUU,OPT,EUUU7 C1100,2027-09-03,C,1.1,0.076900000,3,
2026-08-04,EUU,OPT,EUUU7 C1105,2027-09-03,C,1.105,0.072800000,3,
2026-08-04,EUU,OPT,EUUU7 C1110,2027-09-03,C,1.11,0.068800000,3,
2026-08-04,EUU,OPT,EUUU7 C1115,2027-09-03,C,1.115,0.064900000,3,
2026-08-04,EUU,OPT,EUUU7 C1120,2027-09-03,C,1.12,0.061000000,3,
2026-08-04,EUU,OPT,EUUU7 C1125,2027-09-03,C,1.125,0.057300000,3,
2026-08-04,EUU,OPT,EUUU7 C1130,2027-09-03,C,1.13,0.053700000,3,
2026-08-04,EUU,OPT,EUUU7 C1135,2027-09-03,C,1.135,0.050200000,3,
2026-08-04,EUU,OPT,EUUU7 C1140,2027-09-03,C,1.14,0.046800000,3,
2026-08-04,EUU,OPT,EUUU7 C1145,2027-09-03,C,1.145,0.043500000,3,
2026-08-04,EUU,OPT,EUUU7 C1150,2027-09-03,C,1.15,0.040400000,3,
2026-08-04,EUU,OPT,EUUU7 C1155,2027-09-03,C,1.155,0.037400000,3,
2026-08-04,EUU,OPT,EUUU7 C1160,2027-09-03,C,1.16,0.034600000,3,
2026-08-04,EUU,OPT,EUUU7 C1165,2027-09-03,C,1.165,0.031900000,3,
2026-08-04,EUU,OPT,EUUU7 C1170,2027-09-03,C,1.17,0.029400000,3,
2026-08-04,EUU,OPT,EUUU7 C1175,2027-09-03,C,1.175,0.027000000,3,
2026-08-04,EUU,OPT,EUUU7 C1180,2027-09-03,C,1.18,0.024800000,3,
2026-08-04,EUU,OPT,EUUU7 C1185,2027-09-03,C,1.185,0.022700000,3,
2026-08-04,EUU,OPT,EUUU7 C1190,2027-09-03,C,1.19,0.020800000,3,
2026-08-04,EUU,OPT,EUUU7 C1195,2027-09-03,C,1.195,0.019000000,3,
2026-08-04,EUU,OPT,EUUU7 C1200,2027-09-03,C,1.2,0.017400000,3,
2026-08-04,EUU,OPT,EUUU7 C1205,2027-09-03,C,1.205,0.015900000,3,
2026-08-04,EUU,OPT,EUUU7 C1210,2027-09-03,C,1.21,0.014500000,3,
2026-08-04,EUU,OPT,EUUU7 C1215,2027-09-03,C,1.215,0.013200000,3,
2026-08-04,EUU,OPT,EUUU7 C1220,2027-09-03,C,1.22,0.012100000,3,
2026-08-04,EUU,OPT,EUUU7 C1225,2027-09-03,C,1.225,0.011100000,3,
2026-08-04,EUU,OPT,EUUU7 C1230,2027-09-03,C,1.23,0.010100000,3,
2026-08-04,EUU,OPT,EUUU7 C1235,2027-09-03,C,1.235,0.009300000,3,
2026-08-04,EUU,OPT,EUUU7 C1240,2027-09-03,C,1.24,0.008500000,3,
2026-08-04,EUU,OPT,EUUU7 C1245,2027-09-03,C,1.245,0.007800000,3,
2026-08-04,EUU,OPT,EUUU7 C1250,2027-09-03,C,1.25,0.007200000,3,
2026-08-04,EUU,OPT,EUUU7 C1255,2027-09-03,C,1.255,0.006600000,3,
2026-08-04,EUU,OPT,EUUU7 C1260,2027-09-03,C,1.26,0.006100000,3,
2026-08-04,EUU,OPT,EUUU7 C1265,2027-09-03,C,1.265,0.005600000,3,
2026-08-04,EUU,OPT,EUUU7 C1270,2027-09-03,C,1.27,0.005100000,3,
2026-08-04,EUU,OPT,EUUU7 C1275,2027-09-03,C,1.275,0.004800000,3,
2026-08-04,EUU,OPT,EUUU7 C1280,2027-09-03,C,1.28,0.004400000,3,
2026-08-04,EUU,OPT,EUUU7 C1290,2027-09-03,C,1.29,0.003800000,3,
2026-08-04,EUU,OPT,EUUU7 C1300,2027-09-03,C,1.3,0.003300000,3,
2026-08-04,EUU,OPT,EUUU7 C1310,2027-09-03,C,1.31,0.002900000,3,
2026-08-04,EUU,OPT,EUUU7 C1320,2027-09-03,C,1.32,0.002500000,3,
2026-08-04,EUU,OPT,EUUU7 C1330,2027-09-03,C,1.33,0.002300000,3,
2026-08-04,EUU,OPT,EUUU7 C1340,2027-09-03,C,1.34,0.002100000,3,
2026-08-04,EUU,OPT,EUUU7 C1350,2027-09-03,C,1.35,0.001700000,3,
2026-08-04,EUU,OPT,EUUU7 C1360,2027-09-03,C,1.36,0.001300000,3,
2026-08-04,EUU,OPT,EUUU7 C1370,2027-09-03,C,1.37,0.001100000,3,
2026-08-04,EUU,OPT,EUUU7 P1010,2027-09-03,P,1.01,0.001500000,3,180
2026-08-04,EUU,OPT,EUUU7 P1020,2027-09-03,P,1.02,0.001800000,3,5
2026-08-04,EUU,OPT,EUUU7 P1030,2027-09-03,P,1.03,0.002200000,3,50
2026-08-04,EUU,OPT,EUUU7 P1040,2027-09-03,P,1.04,0.002600000,3,180
2026-08-04,EUU,OPT,EUUU7 P1050,2027-09-03,P,1.05,0.003100000,3,109
2026-08-04,EUU,OPT,EUUU7 P1060,2027-09-03,P,1.06,0.003800000,3,1
2026-08-04,EUU,OPT,EUUU7 P1070,2027-09-03,P,1.07,0.004500000,3,
2026-08-04,EUU,OPT,EUUU7 P1080,2027-09-03,P,1.08,0.005400000,3,50
2026-08-04,EUU,OPT,EUUU7 P1090,2027-09-03,P,1.09,0.006500000,3,
2026-08-04,EUU,OPT,EUUU7 P1100,2027-09-03,P,1.1,0.007700000,3,8
2026-08-04,EUU,OPT,EUUU7 P1105,2027-09-03,P,1.105,0.008400000,3,
2026-08-04,EUU,OPT,EUUU7 P1110,2027-09-03,P,1.11,0.009200000,3,
2026-08-04,EUU,OPT,EUUU7 P1115,2027-09-03,P,1.115,0.010100000,3,
2026-08-04,EUU,OPT,EUUU7 P1120,2027-09-03,P,1.12,0.011000000,3,
2026-08-04,EUU,OPT,EUUU7 P1125,2027-09-03,P,1.125,0.012100000,3,
2026-08-04,EUU,OPT,EUUU7 P1130,2027-09-03,P,1.13,0.013200000,3,
2026-08-04,EUU,OPT,EUUU7 P1135,2027-09-03,P,1.135,0.014500000,3,
2026-08-04,EUU,OPT,EUUU7 P1140,2027-09-03,P,1.14,0.015900000,3,
2026-08-04,EUU,OPT,EUUU7 P1145,2027-09-03,P,1.145,0.017400000,3,
2026-08-04,EUU,OPT,EUUU7 P1150,2027-09-03,P,1.15,0.019100000,3,41
2026-08-04,EUU,OPT,EUUU7 P1155,2027-09-03,P,1.155,0.020900000,3,
2026-08-04,EUU,OPT,EUUU7 P1160,2027-09-03,P,1.16,0.022900000,3,1
2026-08-04,EUU,OPT,EUUU7 P1165,2027-09-03,P,1.165,0.025000000,3,
2026-08-04,EUU,OPT,EUUU7 P1170,2027-09-03,P,1.17,0.027200000,3,
2026-08-04,EUU,OPT,EUUU7 P1175,2027-09-03,P,1.175,0.029700000,3,
2026-08-04,EUU,OPT,EUUU7 P1180,2027-09-03,P,1.18,0.032200000,3,
2026-08-04,EUU,OPT,EUUU7 P1185,2027-09-03,P,1.185,0.034900000,3,
2026-08-04,EUU,OPT,EUUU7 P1190,2027-09-03,P,1.19,0.037800000,3,
2026-08-04,EUU,OPT,EUUU7 P1195,2027-09-03,P,1.195,0.040800000,3,
2026-08-04,EUU,OPT,EUUU7 P1200,2027-09-03,P,1.2,0.043900000,3,
2026-08-04,EUU,OPT,EUUU7 P1205,2027-09-03,P,1.205,0.047200000,3,
2026-08-04,EUU,OPT,EUUU7 P1210,2027-09-03,P,1.21,0.050600000,3,
2026-08-04,EUU,OPT,EUUU7 P1215,2027-09-03,P,1.215,0.054200000,3,
2026-08-04,EUU,OPT,EUUU7 P1220,2027-09-03,P,1.22,0.057800000,3,
2026-08-04,EUU,OPT,EUUU7 P1225,2027-09-03,P,1.225,0.061600000,3,
2026-08-04,EUU,OPT,EUUU7 P1230,2027-09-03,P,1.23,0.065400000,3,
2026-08-04,EUU,OPT,EUUU7 P1235,2027-09-03,P,1.235,0.069400000,3,
2026-08-04,EUU,OPT,EUUU7 P1240,2027-09-03,P,1.24,0.073400000,3,
2026-08-04,EUU,OPT,EUUU7 P1245,2027-09-03,P,1.245,0.077500000,3,
2026-08-04,EUU,OPT,EUUU7 P1250,2027-09-03,P,1.25,0.081600000,3,
2026-08-04,EUU,OPT,EUUU7 P1255,2027-09-03,P,1.255,0.085800000,3,
2026-08-04,EUU,OPT,EUUU7 P1260,2027-09-03,P,1.26,0.090100000,3,
2026-08-04,EUU,OPT,EUUU7 P1265,2027-09-03,P,1.265,0.094400000,3,
2026-08-04,EUU,OPT,EUUU7 P1270,2027-09-03,P,1.27,0.098800000,3,
2026-08-04,EUU,OPT,EUUU7 P1275,2027-09-03,P,1.275,0.103100000,3,
2026-08-04,EUU,OPT,EUUU7 P1280,2027-09-03,P,1.28,0.107600000,3,
2026-08-04,EUU,OPT,EUUU7 P1290,2027-09-03,P,1.29,0.116600000,3,
2026-08-04,EUU,OPT,EUUU7 P1300,2027-09-03,P,1.3,0.125600000,3,
2026-08-04,EUU,OPT,EUUU7 P1310,2027-09-03,P,1.31,0.134800000,3,
2026-08-04,EUU,OPT,EUUU7 P1320,2027-09-03,P,1.32,0.144000000,3,
2026-08-04,EUU,OPT,EUUU7 P1330,2027-09-03,P,1.33,0.153300000,3,
2026-08-04,EUU,OPT,EUUU7 P1340,2027-09-03,P,1.34,0.162700000,3,
2026-08-04,EUU,OPT,EUUU7 P1350,2027-09-03,P,1.35,0.171900000,3,
2026-08-04,EUU,OPT,EUUU7 P1360,2027-09-03,P,1.36,0.181100000,3,
2026-08-04,EUU,OPT,EUUU7 P1370,2027-09-03,P,1.37,0.190400000,3,
2026-08-04,EUU,OPT,EUUZ7 C1010,2027-12-03,C,1.01,0.160900000,3,
2026-08-04,EUU,OPT,EUUZ7 C1020,2027-12-03,C,1.02,0.151700000,3,
2026-08-04,EUU,OPT,EUUZ7 C1030,2027-12-03,C,1.03,0.142700000,3,
2026-08-04,EUU,OPT,EUUZ7 C1040,2027-12-03,C,1.04,0.133600000,3,
2026-08-04,EUU,OPT,EUUZ7 C1050,2027-12-03,C,1.05,0.124700000,3,
2026-08-04,EUU,OPT,EUUZ7 C1060,2027-12-03,C,1.06,0.115800000,3,
2026-08-04,EUU,OPT,EUUZ7 C1070,2027-12-03,C,1.07,0.107100000,3,
2026-08-04,EUU,OPT,EUUZ7 C1080,2027-12-03,C,1.08,0.098400000,3,
2026-08-04,EUU,OPT,EUUZ7 C1090,2027-12-03,C,1.09,0.090100000,3,
2026-08-04,EUU,OPT,EUUZ7 C1100,2027-12-03,C,1.1,0.081900000,3,
2026-08-04,EUU,OPT,EUUZ7 C1110,2027-12-03,C,1.11,0.074000000,3,
2026-08-04,EUU,OPT,EUUZ7 C1115,2027-12-03,C,1.115,0.070100000,3,
2026-08-04,EUU,OPT,EUUZ7 C1120,2027-12-03,C,1.12,0.066300000,3,
2026-08-04,EUU,OPT,EUUZ7 C1125,2027-12-03,C,1.125,0.062500000,3,
2026-08-04,EUU,OPT,EUUZ7 C1130,2027-12-03,C,1.13,0.058900000,3,
2026-08-04,EUU,OPT,EUUZ7 C1135,2027-12-03,C,1.135,0.055400000,3,
2026-08-04,EUU,OPT,EUUZ7 C1140,2027-12-03,C,1.14,0.052000000,3,
2026-08-04,EUU,OPT,EUUZ7 C1145,2027-12-03,C,1.145,0.048800000,3,
2026-08-04,EUU,OPT,EUUZ7 C1150,2027-12-03,C,1.15,0.045600000,3,
2026-08-04,EUU,OPT,EUUZ7 C1155,2027-12-03,C,1.155,0.042600000,3,
2026-08-04,EUU,OPT,EUUZ7 C1160,2027-12-03,C,1.16,0.039700000,3,
2026-08-04,EUU,OPT,EUUZ7 C1165,2027-12-03,C,1.165,0.036900000,3,
2026-08-04,EUU,OPT,EUUZ7 C1170,2027-12-03,C,1.17,0.034300000,3,
2026-08-04,EUU,OPT,EUUZ7 C1175,2027-12-03,C,1.175,0.031800000,3,
2026-08-04,EUU,OPT,EUUZ7 C1180,2027-12-03,C,1.18,0.029500000,3,
2026-08-04,EUU,OPT,EUUZ7 C1185,2027-12-03,C,1.185,0.027300000,3,
2026-08-04,EUU,OPT,EUUZ7 C1190,2027-12-03,C,1.19,0.025300000,3,
2026-08-04,EUU,OPT,EUUZ7 C1195,2027-12-03,C,1.195,0.023400000,3,
2026-08-04,EUU,OPT,EUUZ7 C1200,2027-12-03,C,1.2,0.021600000,3,
2026-08-04,EUU,OPT,EUUZ7 C1205,2027-12-03,C,1.205,0.019900000,3,
2026-08-04,EUU,OPT,EUUZ7 C1210,2027-12-03,C,1.21,0.018400000,3,
2026-08-04,EUU,OPT,EUUZ7 C1215,2027-12-03,C,1.215,0.017000000,3,
2026-08-04,EUU,OPT,EUUZ7 C1220,2027-12-03,C,1.22,0.015700000,3,
2026-08-04,EUU,OPT,EUUZ7 C1225,2027-12-03,C,1.225,0.014500000,3,
2026-08-04,EUU,OPT,EUUZ7 C1230,2027-12-03,C,1.23,0.013400000,3,
2026-08-04,EUU,OPT,EUUZ7 C1235,2027-12-03,C,1.235,0.012500000,3,
2026-08-04,EUU,OPT,EUUZ7 C1240,2027-12-03,C,1.24,0.011500000,3,
2026-08-04,EUU,OPT,EUUZ7 C1245,2027-12-03,C,1.245,0.010700000,3,
2026-08-04,EUU,OPT,EUUZ7 C1250,2027-12-03,C,1.25,0.010000000,3,
2026-08-04,EUU,OPT,EUUZ7 C1255,2027-12-03,C,1.255,0.009300000,3,
2026-08-04,EUU,OPT,EUUZ7 C1260,2027-12-03,C,1.26,0.008600000,3,
2026-08-04,EUU,OPT,EUUZ7 C1265,2027-12-03,C,1.265,0.008000000,3,
2026-08-04,EUU,OPT,EUUZ7 C1270,2027-12-03,C,1.27,0.007500000,3,
2026-08-04,EUU,OPT,EUUZ7 C1275,2027-12-03,C,1.275,0.007000000,3,
2026-08-04,EUU,OPT,EUUZ7 C1280,2027-12-03,C,1.28,0.006500000,3,
2026-08-04,EUU,OPT,EUUZ7 C1290,2027-12-03,C,1.29,0.005700000,3,
2026-08-04,EUU,OPT,EUUZ7 C1300,2027-12-03,C,1.3,0.005000000,3,
2026-08-04,EUU,OPT,EUUZ7 C1310,2027-12-03,C,1.31,0.004400000,3,
2026-08-04,EUU,OPT,EUUZ7 C1320,2027-12-03,C,1.32,0.003900000,3,
2026-08-04,EUU,OPT,EUUZ7 C1330,2027-12-03,C,1.33,0.003600000,3,
2026-08-04,EUU,OPT,EUUZ7 C1340,2027-12-03,C,1.34,0.003300000,3,
2026-08-04,EUU,OPT,EUUZ7 C1350,2027-12-03,C,1.35,0.003000000,3,
2026-08-04,EUU,OPT,EUUZ7 C1360,2027-12-03,C,1.36,0.002700000,3,4
2026-08-04,EUU,OPT,EUUZ7 C1370,2027-12-03,C,1.37,0.002400000,3,
2026-08-04,EUU,OPT,EUUZ7 C1380,2027-12-03,C,1.38,0.002200000,3,
2026-08-04,EUU,OPT,EUUZ7 P1010,2027-12-03,P,1.01,0.003200000,3,
2026-08-04,EUU,OPT,EUUZ7 P1020,2027-12-03,P,1.02,0.003500000,3,
2026-08-04,EUU,OPT,EUUZ7 P1030,2027-12-03,P,1.03,0.004000000,3,
2026-08-04,EUU,OPT,EUUZ7 P1040,2027-12-03,P,1.04,0.004400000,3,4
2026-08-04,EUU,OPT,EUUZ7 P1050,2027-12-03,P,1.05,0.004900000,3,
2026-08-04,EUU,OPT,EUUZ7 P1060,2027-12-03,P,1.06,0.005500000,3,215
2026-08-04,EUU,OPT,EUUZ7 P1070,2027-12-03,P,1.07,0.006200000,3,
2026-08-04,EUU,OPT,EUUZ7 P1080,2027-12-03,P,1.08,0.007100000,3,
2026-08-04,EUU,OPT,EUUZ7 P1090,2027-12-03,P,1.09,0.008200000,3,
2026-08-04,EUU,OPT,EUUZ7 P1100,2027-12-03,P,1.1,0.009500000,3,
2026-08-04,EUU,OPT,EUUZ7 P1110,2027-12-03,P,1.11,0.011100000,3,
2026-08-04,EUU,OPT,EUUZ7 P1115,2027-12-03,P,1.115,0.011900000,3,
2026-08-04,EUU,OPT,EUUZ7 P1120,2027-12-03,P,1.12,0.012900000,3,
2026-08-04,EUU,OPT,EUUZ7 P1125,2027-12-03,P,1.125,0.013900000,3,
2026-08-04,EUU,OPT,EUUZ7 P1130,2027-12-03,P,1.13,0.015000000,3,
2026-08-04,EUU,OPT,EUUZ7 P1135,2027-12-03,P,1.135,0.016200000,3,
2026-08-04,EUU,OPT,EUUZ7 P1140,2027-12-03,P,1.14,0.017600000,3,
2026-08-04,EUU,OPT,EUUZ7 P1145,2027-12-03,P,1.145,0.019100000,3,
2026-08-04,EUU,OPT,EUUZ7 P1150,2027-12-03,P,1.15,0.020600000,3,21
2026-08-04,EUU,OPT,EUUZ7 P1155,2027-12-03,P,1.155,0.022300000,3,
2026-08-04,EUU,OPT,EUUZ7 P1160,2027-12-03,P,1.16,0.024200000,3,
2026-08-04,EUU,OPT,EUUZ7 P1165,2027-12-03,P,1.165,0.026200000,3,
2026-08-04,EUU,OPT,EUUZ7 P1170,2027-12-03,P,1.17,0.028300000,3,
2026-08-04,EUU,OPT,EUUZ7 P1175,2027-12-03,P,1.175,0.030600000,3,
2026-08-04,EUU,OPT,EUUZ7 P1180,2027-12-03,P,1.18,0.033000000,3,
2026-08-04,EUU,OPT,EUUZ7 P1185,2027-12-03,P,1.185,0.035500000,3,
2026-08-04,EUU,OPT,EUUZ7 P1190,2027-12-03,P,1.19,0.038200000,3,
2026-08-04,EUU,OPT,EUUZ7 P1195,2027-12-03,P,1.195,0.041000000,3,
2026-08-04,EUU,OPT,EUUZ7 P1200,2027-12-03,P,1.2,0.044000000,3,
2026-08-04,EUU,OPT,EUUZ7 P1205,2027-12-03,P,1.205,0.047100000,3,
2026-08-04,EUU,OPT,EUUZ7 P1210,2027-12-03,P,1.21,0.050300000,3,
2026-08-04,EUU,OPT,EUUZ7 P1215,2027-12-03,P,1.215,0.053600000,3,
2026-08-04,EUU,OPT,EUUZ7 P1220,2027-12-03,P,1.22,0.057100000,3,
2026-08-04,EUU,OPT,EUUZ7 P1225,2027-12-03,P,1.225,0.060600000,3,
2026-08-04,EUU,OPT,EUUZ7 P1230,2027-12-03,P,1.23,0.064300000,3,
2026-08-04,EUU,OPT,EUUZ7 P1235,2027-12-03,P,1.235,0.068000000,3,
2026-08-04,EUU,OPT,EUUZ7 P1240,2027-12-03,P,1.24,0.071900000,3,
2026-08-04,EUU,OPT,EUUZ7 P1245,2027-12-03,P,1.245,0.075800000,3,
2026-08-04,EUU,OPT,EUUZ7 P1250,2027-12-03,P,1.25,0.079800000,3,
2026-08-04,EUU,OPT,EUUZ7 P1255,2027-12-03,P,1.255,0.083800000,3,
2026-08-04,EUU,OPT,EUUZ7 P1260,2027-12-03,P,1.26,0.087900000,3,
2026-08-04,EUU,OPT,EUUZ7 P1265,2027-12-03,P,1.265,0.092100000,3,
2026-08-04,EUU,OPT,EUUZ7 P1270,2027-12-03,P,1.27,0.096200000,3,
2026-08-04,EUU,OPT,EUUZ7 P1275,2027-12-03,P,1.275,0.100500000,3,
2026-08-04,EUU,OPT,EUUZ7 P1280,2027-12-03,P,1.28,0.104800000,3,
2026-08-04,EUU,OPT,EUUZ7 P1290,2027-12-03,P,1.29,0.113400000,3,
2026-08-04,EUU,OPT,EUUZ7 P1300,2027-12-03,P,1.3,0.122200000,3,
2026-08-04,EUU,OPT,EUUZ7 P1310,2027-12-03,P,1.31,0.131100000,3,
2026-08-04,EUU,OPT,EUUZ7 P1320,2027-12-03,P,1.32,0.140100000,3,
2026-08-04,EUU,OPT,EUUZ7 P1330,2027-12-03,P,1.33,0.149200000,3,
2026-08-04,EUU,OPT,EUUZ7 P1340,2027-12-03,P,1.34,0.158400000,3,
2026-08-04,EUU,OPT,EUUZ7 P1350,2027-12-03,P,1.35,0.167600000,3,
2026-08-04,EUU,OPT,EUUZ7 P1360,2027-12-03,P,1.36,0.176800000,3,
2026-08-04,EUU,OPT,EUUZ7 P1370,2027-12-03,P,1.37,0.186000000,3,
2026-08-04,EUU,OPT,EUUZ7 P1380,2027-12-03,P,1.38,0.195300000,3,
2026-08-04,EUU,OPT,EUUH8 C1020,2028-03-03,C,1.02,0.154000000,3,
2026-08-04,EUU,OPT,EUUH8 C1030,2028-03-03,C,1.03,0.145300000,3,
2026-08-04,EUU,OPT,EUUH8 C1040,2028-03-03,C,1.04,0.136700000,3,
2026-08-04,EUU,OPT,EUUH8 C1050,2028-03-03,C,1.05,0.128200000,3,
2026-08-04,EUU,OPT,EUUH8 C1060,2028-03-03,C,1.06,0.119600000,3,
2026-08-04,EUU,OPT,EUUH8 C1070,2028-03-03,C,1.07,0.111100000,3,
2026-08-04,EUU,OPT,EUUH8 C1080,2028-03-03,C,1.08,0.102800000,3,
2026-08-04,EUU,OPT,EUUH8 C1090,2028-03-03,C,1.09,0.094600000,3,
2026-08-04,EUU,OPT,EUUH8 C1100,2028-03-03,C,1.1,0.086600000,3,
2026-08-04,EUU,OPT,EUUH8 C1110,2028-03-03,C,1.11,0.078800000,3,
2026-08-04,EUU,OPT,EUUH8 C1115,2028-03-03,C,1.115,0.075000000,3,
2026-08-04,EUU,OPT,EUUH8 C1120,2028-03-03,C,1.12,0.071200000,3,
2026-08-04,EUU,OPT,EUUH8 C1125,2028-03-03,C,1.125,0.067500000,3,
2026-08-04,EUU,OPT,EUUH8 C1130,2028-03-03,C,1.13,0.063900000,3,
2026-08-04,EUU,OPT,EUUH8 C1135,2028-03-03,C,1.135,0.060400000,3,
2026-08-04,EUU,OPT,EUUH8 C1140,2028-03-03,C,1.14,0.057000000,3,
2026-08-04,EUU,OPT,EUUH8 C1145,2028-03-03,C,1.145,0.053700000,3,
2026-08-04,EUU,OPT,EUUH8 C1150,2028-03-03,C,1.15,0.050500000,3,4
2026-08-04,EUU,OPT,EUUH8 C1155,2028-03-03,C,1.155,0.047400000,3,
2026-08-04,EUU,OPT,EUUH8 C1160,2028-03-03,C,1.16,0.044500000,3,
2026-08-04,EUU,OPT,EUUH8 C1165,2028-03-03,C,1.165,0.041700000,3,
2026-08-04,EUU,OPT,EUUH8 C1170,2028-03-03,C,1.17,0.039000000,3,
2026-08-04,EUU,OPT,EUUH8 C1175,2028-03-03,C,1.175,0.036400000,3,
2026-08-04,EUU,OPT,EUUH8 C1180,2028-03-03,C,1.18,0.034000000,3,
2026-08-04,EUU,OPT,EUUH8 C1185,2028-03-03,C,1.185,0.031700000,3,
2026-08-04,EUU,OPT,EUUH8 C1190,2028-03-03,C,1.19,0.029600000,3,
2026-08-04,EUU,OPT,EUUH8 C1195,2028-03-03,C,1.195,0.027500000,3,
2026-08-04,EUU,OPT,EUUH8 C1200,2028-03-03,C,1.2,0.025600000,3,
2026-08-04,EUU,OPT,EUUH8 C1205,2028-03-03,C,1.205,0.023900000,3,
2026-08-04,EUU,OPT,EUUH8 C1210,2028-03-03,C,1.21,0.022200000,3,
2026-08-04,EUU,OPT,EUUH8 C1215,2028-03-03,C,1.215,0.020700000,3,
2026-08-04,EUU,OPT,EUUH8 C1220,2028-03-03,C,1.22,0.019200000,3,
2026-08-04,EUU,OPT,EUUH8 C1225,2028-03-03,C,1.225,0.017900000,3,
2026-08-04,EUU,OPT,EUUH8 C1230,2028-03-03,C,1.23,0.016700000,3,
2026-08-04,EUU,OPT,EUUH8 C1235,2028-03-03,C,1.235,0.015600000,3,
2026-08-04,EUU,OPT,EUUH8 C1240,2028-03-03,C,1.24,0.014600000,3,
2026-08-04,EUU,OPT,EUUH8 C1245,2028-03-03,C,1.245,0.013700000,3,
2026-08-04,EUU,OPT,EUUH8 C1250,2028-03-03,C,1.25,0.012800000,3,
2026-08-04,EUU,OPT,EUUH8 C1255,2028-03-03,C,1.255,0.012000000,3,
2026-08-04,EUU,OPT,EUUH8 C1260,2028-03-03,C,1.26,0.011300000,3,
2026-08-04,EUU,OPT,EUUH8 C1270,2028-03-03,C,1.27,0.009900000,3,
2026-08-04,EUU,OPT,EUUH8 C1280,2028-03-03,C,1.28,0.008900000,3,
2026-08-04,EUU,OPT,EUUH8 C1290,2028-03-03,C,1.29,0.007900000,3,
2026-08-04,EUU,OPT,EUUH8 C1300,2028-03-03,C,1.3,0.007000000,3,
2026-08-04,EUU,OPT,EUUH8 C1310,2028-03-03,C,1.31,0.006300000,3,
2026-08-04,EUU,OPT,EUUH8 C1320,2028-03-03,C,1.32,0.005700000,3,
2026-08-04,EUU,OPT,EUUH8 C1330,2028-03-03,C,1.33,0.005200000,3,
2026-08-04,EUU,OPT,EUUH8 C1340,2028-03-03,C,1.34,0.004800000,3,
2026-08-04,EUU,OPT,EUUH8 C1350,2028-03-03,C,1.35,0.004500000,3,
2026-08-04,EUU,OPT,EUUH8 P1020,2028-03-03,P,1.02,0.003400000,3,
2026-08-04,EUU,OPT,EUUH8 P1030,2028-03-03,P,1.03,0.004100000,3,
2026-08-04,EUU,OPT,EUUH8 P1040,2028-03-03,P,1.04,0.004800000,3,
2026-08-04,EUU,OPT,EUUH8 P1050,2028-03-03,P,1.05,0.005700000,3,
2026-08-04,EUU,OPT,EUUH8 P1060,2028-03-03,P,1.06,0.006500000,3,
2026-08-04,EUU,OPT,EUUH8 P1070,2028-03-03,P,1.07,0.007400000,3,
2026-08-04,EUU,OPT,EUUH8 P1080,2028-03-03,P,1.08,0.008500000,3,
2026-08-04,EUU,OPT,EUUH8 P1090,2028-03-03,P,1.09,0.009700000,3,
2026-08-04,EUU,OPT,EUUH8 P1100,2028-03-03,P,1.1,0.011100000,3,
2026-08-04,EUU,OPT,EUUH8 P1110,2028-03-03,P,1.11,0.012600000,3,
2026-08-04,EUU,OPT,EUUH8 P1115,2028-03-03,P,1.115,0.013500000,3,
2026-08-04,EUU,OPT,EUUH8 P1120,2028-03-03,P,1.12,0.014400000,3,
2026-08-04,EUU,OPT,EUUH8 P1125,2028-03-03,P,1.125,0.015400000,3,
2026-08-04,EUU,OPT,EUUH8 P1130,2028-03-03,P,1.13,0.016500000,3,
2026-08-04,EUU,OPT,EUUH8 P1135,2028-03-03,P,1.135,0.017700000,3,
2026-08-04,EUU,OPT,EUUH8 P1140,2028-03-03,P,1.14,0.019000000,3,
2026-08-04,EUU,OPT,EUUH8 P1145,2028-03-03,P,1.145,0.020400000,3,
2026-08-04,EUU,OPT,EUUH8 P1150,2028-03-03,P,1.15,0.021900000,3,
2026-08-04,EUU,OPT,EUUH8 P1155,2028-03-03,P,1.155,0.023500000,3,
2026-08-04,EUU,OPT,EUUH8 P1160,2028-03-03,P,1.16,0.025300000,3,
2026-08-04,EUU,OPT,EUUH8 P1165,2028-03-03,P,1.165,0.027100000,3,
2026-08-04,EUU,OPT,EUUH8 P1170,2028-03-03,P,1.17,0.029100000,3,
2026-08-04,EUU,OPT,EUUH8 P1175,2028-03-03,P,1.175,0.031300000,3,
2026-08-04,EUU,OPT,EUUH8 P1180,2028-03-03,P,1.18,0.033600000,3,
2026-08-04,EUU,OPT,EUUH8 P1185,2028-03-03,P,1.185,0.035900000,3,
2026-08-04,EUU,OPT,EUUH8 P1190,2028-03-03,P,1.19,0.038500000,3,
2026-08-04,EUU,OPT,EUUH8 P1195,2028-03-03,P,1.195,0.041100000,3,
2026-08-04,EUU,OPT,EUUH8 P1200,2028-03-03,P,1.2,0.043900000,3,
2026-08-04,EUU,OPT,EUUH8 P1205,2028-03-03,P,1.205,0.046800000,3,
2026-08-04,EUU,OPT,EUUH8 P1210,2028-03-03,P,1.21,0.049900000,3,
2026-08-04,EUU,OPT,EUUH8 P1215,2028-03-03,P,1.215,0.053000000,3,
2026-08-04,EUU,OPT,EUUH8 P1220,2028-03-03,P,1.22,0.056300000,3,
2026-08-04,EUU,OPT,EUUH8 P1225,2028-03-03,P,1.225,0.059700000,3,
2026-08-04,EUU,OPT,EUUH8 P1230,2028-03-03,P,1.23,0.063200000,3,
2026-08-04,EUU,OPT,EUUH8 P1235,2028-03-03,P,1.235,0.066800000,3,
2026-08-04,EUU,OPT,EUUH8 P1240,2028-03-03,P,1.24,0.070400000,3,
2026-08-04,EUU,OPT,EUUH8 P1245,2028-03-03,P,1.245,0.074200000,3,
2026-08-04,EUU,OPT,EUUH8 P1250,2028-03-03,P,1.25,0.078000000,3,
2026-08-04,EUU,OPT,EUUH8 P1255,2028-03-03,P,1.255,0.081900000,3,
2026-08-04,EUU,OPT,EUUH8 P1260,2028-03-03,P,1.26,0.085900000,3,
2026-08-04,EUU,OPT,EUUH8 P1270,2028-03-03,P,1.27,0.093900000,3,
2026-08-04,EUU,OPT,EUUH8 P1280,2028-03-03,P,1.28,0.102200000,3,
2026-08-04,EUU,OPT,EUUH8 P1290,2028-03-03,P,1.29,0.110700000,3,
2026-08-04,EUU,OPT,EUUH8 P1300,2028-03-03,P,1.3,0.119200000,3,
2026-08-04,EUU,OPT,EUUH8 P1310,2028-03-03,P,1.31,0.127800000,3,
2026-08-04,EUU,OPT,EUUH8 P1320,2028-03-03,P,1.32,0.136500000,3,
2026-08-04,EUU,OPT,EUUH8 P1330,2028-03-03,P,1.33,0.145500000,3,
2026-08-04,EUU,OPT,EUUH8 P1340,2028-03-03,P,1.34,0.154500000,3,
2026-08-04,EUU,OPT,EUUH8 P1350,2028-03-03,P,1.35,0.163600000,3,
2026-08-04,EUU,OPT,EUUM8 C1020,2028-06-09,C,1.02,0.157500000,3,
2026-08-04,EUU,OPT,EUUM8 C1030,2028-06-09,C,1.03,0.148900000,3,
2026-08-04,EUU,OPT,EUUM8 C1040,2028-06-09,C,1.04,0.140300000,3,
2026-08-04,EUU,OPT,EUUM8 C1050,2028-06-09,C,1.05,0.131800000,3,
2026-08-04,EUU,OPT,EUUM8 C1060,2028-06-09,C,1.06,0.123500000,3,
2026-08-04,EUU,OPT,EUUM8 C1070,2028-06-09,C,1.07,0.115100000,3,
2026-08-04,EUU,OPT,EUUM8 C1080,2028-06-09,C,1.08,0.106900000,3,
2026-08-04,EUU,OPT,EUUM8 C1090,2028-06-09,C,1.09,0.098900000,3,
2026-08-04,EUU,OPT,EUUM8 C1100,2028-06-09,C,1.1,0.091000000,3,
2026-08-04,EUU,OPT,EUUM8 C1110,2028-06-09,C,1.11,0.083300000,3,
2026-08-04,EUU,OPT,EUUM8 C1120,2028-06-09,C,1.12,0.075900000,3,
2026-08-04,EUU,OPT,EUUM8 C1125,2028-06-09,C,1.125,0.072300000,3,
2026-08-04,EUU,OPT,EUUM8 C1130,2028-06-09,C,1.13,0.068800000,3,
2026-08-04,EUU,OPT,EUUM8 C1135,2028-06-09,C,1.135,0.065300000,3,
2026-08-04,EUU,OPT,EUUM8 C1140,2028-06-09,C,1.14,0.061900000,3,
2026-08-04,EUU,OPT,EUUM8 C1145,2028-06-09,C,1.145,0.058700000,3,
2026-08-04,EUU,OPT,EUUM8 C1150,2028-06-09,C,1.15,0.055500000,3,
2026-08-04,EUU,OPT,EUUM8 C1155,2028-06-09,C,1.155,0.052400000,3,
2026-08-04,EUU,OPT,EUUM8 C1160,2028-06-09,C,1.16,0.049400000,3,
2026-08-04,EUU,OPT,EUUM8 C1165,2028-06-09,C,1.165,0.046500000,3,
2026-08-04,EUU,OPT,EUUM8 C1170,2028-06-09,C,1.17,0.043700000,3,
2026-08-04,EUU,OPT,EUUM8 C1175,2028-06-09,C,1.175,0.041100000,3,
2026-08-04,EUU,OPT,EUUM8 C1180,2028-06-09,C,1.18,0.038600000,3,
2026-08-04,EUU,OPT,EUUM8 C1185,2028-06-09,C,1.185,0.036200000,3,
2026-08-04,EUU,OPT,EUUM8 C1190,2028-06-09,C,1.19,0.033900000,3,
2026-08-04,EUU,OPT,EUUM8 C1195,2028-06-09,C,1.195,0.031800000,3,
2026-08-04,EUU,OPT,EUUM8 C1200,2028-06-09,C,1.2,0.029800000,3,
2026-08-04,EUU,OPT,EUUM8 C1205,2028-06-09,C,1.205,0.027900000,3,
2026-08-04,EUU,OPT,EUUM8 C1210,2028-06-09,C,1.21,0.026200000,3,
2026-08-04,EUU,OPT,EUUM8 C1215,2028-06-09,C,1.215,0.024500000,3,
2026-08-04,EUU,OPT,EUUM8 C1220,2028-06-09,C,1.22,0.023000000,3,
2026-08-04,EUU,OPT,EUUM8 C1225,2028-06-09,C,1.225,0.021600000,3,
2026-08-04,EUU,OPT,EUUM8 C1230,2028-06-09,C,1.23,0.020200000,3,
2026-08-04,EUU,OPT,EUUM8 C1235,2028-06-09,C,1.235,0.019000000,3,
2026-08-04,EUU,OPT,EUUM8 C1240,2028-06-09,C,1.24,0.017800000,3,
2026-08-04,EUU,OPT,EUUM8 C1245,2028-06-09,C,1.245,0.016800000,3,
2026-08-04,EUU,OPT,EUUM8 C1250,2028-06-09,C,1.25,0.015800000,3,
2026-08-04,EUU,OPT,EUUM8 C1260,2028-06-09,C,1.26,0.014000000,3,
2026-08-04,EUU,OPT,EUUM8 C1270,2028-06-09,C,1.27,0.012500000,3,
2026-08-04,EUU,OPT,EUUM8 C1280,2028-06-09,C,1.28,0.011200000,3,
2026-08-04,EUU,OPT,EUUM8 C1290,2028-06-09,C,1.29,0.010200000,3,
2026-08-04,EUU,OPT,EUUM8 C1300,2028-06-09,C,1.3,0.009300000,3,
2026-08-04,EUU,OPT,EUUM8 C1310,2028-06-09,C,1.31,0.008500000,3,
2026-08-04,EUU,OPT,EUUM8 C1320,2028-06-09,C,1.32,0.007800000,3,
2026-08-04,EUU,OPT,EUUM8 C1330,2028-06-09,C,1.33,0.006800000,3,
2026-08-04,EUU,OPT,EUUM8 C1340,2028-06-09,C,1.34,0.006000000,3,
2026-08-04,EUU,OPT,EUUM8 P1020,2028-06-09,P,1.02,0.004500000,3,
2026-08-04,EUU,OPT,EUUM8 P1030,2028-06-09,P,1.03,0.005200000,3,
2026-08-04,EUU,OPT,EUUM8 P1040,2028-06-09,P,1.04,0.005900000,3,
2026-08-04,EUU,OPT,EUUM8 P1050,2028-06-09,P,1.05,0.006700000,3,
2026-08-04,EUU,OPT,EUUM8 P1060,2028-06-09,P,1.06,0.007600000,3,
2026-08-04,EUU,OPT,EUUM8 P1070,2028-06-09,P,1.07,0.008600000,3,
2026-08-04,EUU,OPT,EUUM8 P1080,2028-06-09,P,1.08,0.009700000,3,
2026-08-04,EUU,OPT,EUUM8 P1090,2028-06-09,P,1.09,0.010900000,3,
2026-08-04,EUU,OPT,EUUM8 P1100,2028-06-09,P,1.1,0.012300000,3,3
2026-08-04,EUU,OPT,EUUM8 P1110,2028-06-09,P,1.11,0.013900000,3,
2026-08-04,EUU,OPT,EUUM8 P1120,2028-06-09,P,1.12,0.015800000,3,
2026-08-04,EUU,OPT,EUUM8 P1125,2028-06-09,P,1.125,0.016800000,3,
2026-08-04,EUU,OPT,EUUM8 P1130,2028-06-09,P,1.13,0.017900000,3,
2026-08-04,EUU,OPT,EUUM8 P1135,2028-06-09,P,1.135,0.019100000,3,
2026-08-04,EUU,OPT,EUUM8 P1140,2028-06-09,P,1.14,0.020400000,3,
2026-08-04,EUU,OPT,EUUM8 P1145,2028-06-09,P,1.145,0.021700000,3,
2026-08-04,EUU,OPT,EUUM8 P1150,2028-06-09,P,1.15,0.023200000,3,
2026-08-04,EUU,OPT,EUUM8 P1155,2028-06-09,P,1.155,0.024700000,3,
2026-08-04,EUU,OPT,EUUM8 P1160,2028-06-09,P,1.16,0.026400000,3,
2026-08-04,EUU,OPT,EUUM8 P1165,2028-06-09,P,1.165,0.028100000,3,
2026-08-04,EUU,OPT,EUUM8 P1170,2028-06-09,P,1.17,0.030000000,3,
2026-08-04,EUU,OPT,EUUM8 P1175,2028-06-09,P,1.175,0.032000000,3,
2026-08-04,EUU,OPT,EUUM8 P1180,2028-06-09,P,1.18,0.034100000,3,
2026-08-04,EUU,OPT,EUUM8 P1185,2028-06-09,P,1.185,0.036400000,3,
2026-08-04,EUU,OPT,EUUM8 P1190,2028-06-09,P,1.19,0.038700000,3,
2026-08-04,EUU,OPT,EUUM8 P1195,2028-06-09,P,1.195,0.041300000,3,
2026-08-04,EUU,OPT,EUUM8 P1200,2028-06-09,P,1.2,0.043900000,3,
2026-08-04,EUU,OPT,EUUM8 P1205,2028-06-09,P,1.205,0.046700000,3,
2026-08-04,EUU,OPT,EUUM8 P1210,2028-06-09,P,1.21,0.049600000,3,
2026-08-04,EUU,OPT,EUUM8 P1215,2028-06-09,P,1.215,0.052600000,3,
2026-08-04,EUU,OPT,EUUM8 P1220,2028-06-09,P,1.22,0.055700000,3,
2026-08-04,EUU,OPT,EUUM8 P1225,2028-06-09,P,1.225,0.058900000,3,
2026-08-04,EUU,OPT,EUUM8 P1230,2028-06-09,P,1.23,0.062200000,3,
2026-08-04,EUU,OPT,EUUM8 P1235,2028-06-09,P,1.235,0.065600000,3,
2026-08-04,EUU,OPT,EUUM8 P1240,2028-06-09,P,1.24,0.069100000,3,
2026-08-04,EUU,OPT,EUUM8 P1245,2028-06-09,P,1.245,0.072600000,3,
2026-08-04,EUU,OPT,EUUM8 P1250,2028-06-09,P,1.25,0.076300000,3,
2026-08-04,EUU,OPT,EUUM8 P1260,2028-06-09,P,1.26,0.083800000,3,
2026-08-04,EUU,OPT,EUUM8 P1270,2028-06-09,P,1.27,0.091600000,3,
2026-08-04,EUU,OPT,EUUM8 P1280,2028-06-09,P,1.28,0.099600000,3,
2026-08-04,EUU,OPT,EUUM8 P1290,2028-06-09,P,1.29,0.107800000,3,
2026-08-04,EUU,OPT,EUUM8 P1300,2028-06-09,P,1.3,0.116200000,3,
2026-08-04,EUU,OPT,EUUM8 P1310,2028-06-09,P,1.31,0.124700000,3,
2026-08-04,EUU,OPT,EUUM8 P1320,2028-06-09,P,1.32,0.133300000,3,
2026-08-04,EUU,OPT,EUUM8 P1330,2028-06-09,P,1.33,0.141600000,3,
2026-08-04,EUU,OPT,EUUM8 P1340,2028-06-09,P,1.34,0.150000000,3,
