session,root,type,symbol,expiry,right,strike,settle,settle_flag,oi
2026-10-02,ADU,OPT,ADUV6 C0500,2026-10-09,C,0.5,0.194200000,3,
2026-10-02,ADU,OPT,ADUV6 C0510,2026-10-09,C,0.51,0.184200000,3,
2026-10-02,ADU,OPT,ADUV6 C0520,2026-10-09,C,0.52,0.174200000,3,
2026-10-02,ADU,OPT,ADUV6 C0530,2026-10-09,C,0.53,0.164200000,3,
2026-10-02,ADU,OPT,ADUV6 C0540,2026-10-09,C,0.54,0.154200000,3,
2026-10-02,ADU,OPT,ADUV6 C0550,2026-10-09,C,0.55,0.144200000,3,
2026-10-02,ADU,OPT,ADUV6 C0560,2026-10-09,C,0.56,0.134200000,3,
2026-10-02,ADU,OPT,ADUV6 C0570,2026-10-09,C,0.57,0.124200000,3,179
2026-10-02,ADU,OPT,ADUV6 C0580,2026-10-09,C,0.58,0.114200000,3,80
2026-10-02,ADU,OPT,ADUV6 C0590,2026-10-09,C,0.59,0.104200000,3,
2026-10-02,ADU,OPT,ADUV6 C0595,2026-10-09,C,0.595,0.099200000,3,
2026-10-02,ADU,OPT,ADUV6 C0600,2026-10-09,C,0.6,0.094200000,3,
2026-10-02,ADU,OPT,ADUV6 C0605,2026-10-09,C,0.605,0.089200000,3,
2026-10-02,ADU,OPT,ADUV6 C0610,2026-10-09,C,0.61,0.084200000,3,
2026-10-02,ADU,OPT,ADUV6 C0615,2026-10-09,C,0.615,0.079200000,3,
2026-10-02,ADU,OPT,ADUV6 C0620,2026-10-09,C,0.62,0.074200000,3,
2026-10-02,ADU,OPT,ADUV6 C0625,2026-10-09,C,0.625,0.069200000,3,
2026-10-02,ADU,OPT,ADUV6 C0630,2026-10-09,C,0.63,0.064300000,3,
2026-10-02,ADU,OPT,ADUV6 C0635,2026-10-09,C,0.635,0.059300000,3,
2026-10-02,ADU,OPT,ADUV6 C0640,2026-10-09,C,0.64,0.054300000,3,
2026-10-02,ADU,OPT,ADUV6 C0645,2026-10-09,C,0.645,0.049300000,3,
2026-10-02,ADU,OPT,ADUV6 C0650,2026-10-09,C,0.65,0.044300000,3,
2026-10-02,ADU,OPT,ADUV6 C0655,2026-10-09,C,0.655,0.039300000,3,
2026-10-02,ADU,OPT,ADUV6 C0660,2026-10-09,C,0.66,0.034300000,3,1
2026-10-02,ADU,OPT,ADUV6 C0665,2026-10-09,C,0.665,0.029300000,3,
2026-10-02,ADU,OPT,ADUV6 C0670,2026-10-09,C,0.67,0.024300000,3,
2026-10-02,ADU,OPT,ADUV6 C0672,2026-10-09,C,0.6725,0.021800000,3,
2026-10-02,ADU,OPT,ADUV6 C0675,2026-10-09,C,0.675,0.019400000,3,
2026-10-02,ADU,OPT,ADUV6 C0677,2026-10-09,C,0.6775,0.016900000,3,
2026-10-02,ADU,OPT,ADUV6 C0680,2026-10-09,C,0.68,0.014500000,3,6
2026-10-02,ADU,OPT,ADUV6 C0682,2026-10-09,C,0.6825,0.012200000,3,
2026-10-02,ADU,OPT,ADUV6 C0685,2026-10-09,C,0.685,0.009900000,3,1
2026-10-02,ADU,OPT,ADUV6 C0687,2026-10-09,C,0.6875,0.007700000,3,
2026-10-02,ADU,OPT,ADUV6 C0690,2026-10-09,C,0.69,0.005600000,3,5
2026-10-02,ADU,OPT,ADUV6 C0692,2026-10-09,C,0.6925,0.003900000,3,4
2026-10-02,ADU,OPT,ADUV6 C0695,2026-10-09,C,0.695,0.002500000,3,296
2026-10-02,ADU,OPT,ADUV6 C0697,2026-10-09,C,0.6975,0.001400000,3,27
2026-10-02,ADU,OPT,ADUV6 C0700,2026-10-09,C,0.7,0.000700000,3,87
2026-10-02,ADU,OPT,ADUV6 C0702,2026-10-09,C,0.7025,0.000300000,3,73
2026-10-02,ADU,OPT,ADUV6 C0705,2026-10-09,C,0.705,0.000150000,3,254
2026-10-02,ADU,OPT,ADUV6 C0707,2026-10-09,C,0.7075,0.000050000,3,2
2026-10-02,ADU,OPT,ADUV6 C0710,2026-10-09,C,0.71,0.000050000,3,297
2026-10-02,ADU,OPT,ADUV6 C0712,2026-10-09,C,0.7125,0.000050000,3,3
2026-10-02,ADU,OPT,ADUV6 C0715,2026-10-09,C,0.715,0.000050000,3,1271
2026-10-02,ADU,OPT,ADUV6 C0717,2026-10-09,C,0.7175,0.000050000,3,501
2026-10-02,ADU,OPT,ADUV6 C0720,2026-10-09,C,0.72,0.000050000,3,2724
2026-10-02,ADU,OPT,ADUV6 C0722,2026-10-09,C,0.7225,0.000050000,3,502
2026-10-02,ADU,OPT,ADUV6 C0725,2026-10-09,C,0.725,0.000050000,3,1933
2026-10-02,ADU,OPT,ADUV6 C0727,2026-10-09,C,0.7275,0.000050000,3,202
2026-10-02,ADU,OPT,ADUV6 C0730,2026-10-09,C,0.73,0.000050000,3,1135
2026-10-02,ADU,OPT,ADUV6 C0732,2026-10-09,C,0.7325,0.000050000,3,288
2026-10-02,ADU,OPT,ADUV6 C0735,2026-10-09,C,0.735,0.000050000,3,359
2026-10-02,ADU,OPT,ADUV6 C0737,2026-10-09,C,0.7375,0.000050000,3,62
2026-10-02,ADU,OPT,ADUV6 C0740,2026-10-09,C,0.74,0.000050000,3,66
2026-10-02,ADU,OPT,ADUV6 C0745,2026-10-09,C,0.745,0.000050000,3,11
2026-10-02,ADU,OPT,ADUV6 C0750,2026-10-09,C,0.75,0.000050000,3,28
2026-10-02,ADU,OPT,ADUV6 C0755,2026-10-09,C,0.755,0.000050000,3,4
2026-10-02,ADU,OPT,ADUV6 C0760,2026-10-09,C,0.76,0.000050000,3,8
2026-10-02,ADU,OPT,ADUV6 C0765,2026-10-09,C,0.765,0.000050000,3,5
2026-10-02,ADU,OPT,ADUV6 C0770,2026-10-09,C,0.77,0.000050000,3,15
2026-10-02,ADU,OPT,ADUV6 C0775,2026-10-09,C,0.775,0.000050000,3,
2026-10-02,ADU,OPT,ADUV6 C0780,2026-10-09,C,0.78,0.000050000,3,5
2026-10-02,ADU,OPT,ADUV6 C0790,2026-10-09,C,0.79,0.000050000,3,3
2026-10-02,ADU,OPT,ADUV6 C0800,2026-10-09,C,0.8,0.000050000,3,2
2026-10-02,ADU,OPT,ADUV6 C0810,2026-10-09,C,0.81,0.000050000,3,
2026-10-02,ADU,OPT,ADUV6 C0820,2026-10-09,C,0.82,0.000050000,3,1
2026-10-02,ADU,OPT,ADUV6 C0830,2026-10-09,C,0.83,0.000050000,3,
2026-10-02,ADU,OPT,ADUV6 C0840,2026-10-09,C,0.84,0.000050000,3,
2026-10-02,ADU,OPT,ADUV6 C0850,2026-10-09,C,0.85,0.000050000,3,
2026-10-02,ADU,OPT,ADUV6 C0860,2026-10-09,C,0.86,0.000050000,3,
2026-10-02,ADU,OPT,ADUV6 C0870,2026-10-09,C,0.87,0.000050000,3,
2026-10-02,ADU,OPT,ADUV6 P0500,2026-10-09,P,0.5,0.000050000,3,3
2026-10-02,ADU,OPT,ADUV6 P0510,2026-10-09,P,0.51,0.000050000,3,
2026-10-02,ADU,OPT,ADUV6 P0520,2026-10-09,P,0.52,0.000050000,3,6
2026-10-02,ADU,OPT,ADUV6 P0530,2026-10-09,P,0.53,0.000050000,3,3
2026-10-02,ADU,OPT,ADUV6 P0540,2026-10-09,P,0.54,0.000050000,3,
2026-10-02,ADU,OPT,ADUV6 P0550,2026-10-09,P,0.55,0.000050000,3,15
2026-10-02,ADU,OPT,ADUV6 P0560,2026-10-09,P,0.56,0.000050000,3,15
2026-10-02,ADU,OPT,ADUV6 P0570,2026-10-09,P,0.57,0.000050000,3,15
2026-10-02,ADU,OPT,ADUV6 P0580,2026-10-09,P,0.58,0.000050000,3,15
2026-10-02,ADU,OPT,ADUV6 P0590,2026-10-09,P,0.59,0.000050000,3,15
2026-10-02,ADU,OPT,ADUV6 P0595,2026-10-09,P,0.595,0.000050000,3,15
2026-10-02,ADU,OPT,ADUV6 P0600,2026-10-09,P,0.6,0.000050000,3,17
2026-10-02,ADU,OPT,ADUV6 P0605,2026-10-09,P,0.605,0.000050000,3,
2026-10-02,ADU,OPT,ADUV6 P0610,2026-10-09,P,0.61,0.000050000,3,4
2026-10-02,ADU,OPT,ADUV6 P0615,2026-10-09,P,0.615,0.000050000,3,6
2026-10-02,ADU,OPT,ADUV6 P0620,2026-10-09,P,0.62,0.000050000,3,
2026-10-02,ADU,OPT,ADUV6 P0625,2026-10-09,P,0.625,0.000050000,3,36
2026-10-02,ADU,OPT,ADUV6 P0630,2026-10-09,P,0.63,0.000050000,3,3
2026-10-02,ADU,OPT,ADUV6 P0635,2026-10-09,P,0.635,0.000050000,3,6
2026-10-02,ADU,OPT,ADUV6 P0640,2026-10-09,P,0.64,0.000050000,3,9
2026-10-02,ADU,OPT,ADUV6 P0645,2026-10-09,P,0.645,0.000050000,3,34
2026-10-02,ADU,OPT,ADUV6 P0650,2026-10-09,P,0.65,0.000050000,3,248
2026-10-02,ADU,OPT,ADUV6 P0655,2026-10-09,P,0.655,0.000050000,3,25
2026-10-02,ADU,OPT,ADUV6 P0660,2026-10-09,P,0.66,0.000050000,3,23
2026-10-02,ADU,OPT,ADUV6 P0665,2026-10-09,P,0.665,0.000050000,3,60
2026-10-02,ADU,OPT,ADUV6 P0670,2026-10-09,P,0.67,0.000050000,3,49
2026-10-02,ADU,OPT,ADUV6 P0672,2026-10-09,P,0.6725,0.000050000,3,
2026-10-02,ADU,OPT,ADUV6 P0675,2026-10-09,P,0.675,0.000100000,3,102
2026-10-02,ADU,OPT,ADUV6 P0677,2026-10-09,P,0.6775,0.000150000,3,
2026-10-02,ADU,OPT,ADUV6 P0680,2026-10-09,P,0.68,0.000250000,3,748
2026-10-02,ADU,OPT,ADUV6 P0682,2026-10-09,P,0.6825,0.000400000,3,15
2026-10-02,ADU,OPT,ADUV6 P0685,2026-10-09,P,0.685,0.000600000,3,227
2026-10-02,ADU,OPT,ADUV6 P0687,2026-10-09,P,0.6875,0.000900000,3,10
2026-10-02,ADU,OPT,ADUV6 P0690,2026-10-09,P,0.69,0.001300000,3,2137
2026-10-02,ADU,OPT,ADUV6 P0692,2026-10-09,P,0.6925,0.002100000,3,19
2026-10-02,ADU,OPT,ADUV6 P0695,2026-10-09,P,0.695,0.003200000,3,1149
2026-10-02,ADU,OPT,ADUV6 P0697,2026-10-09,P,0.6975,0.004600000,3,517
2026-10-02,ADU,OPT,ADUV6 P0700,2026-10-09,P,0.7,0.006400000,3,1544
2026-10-02,ADU,OPT,ADUV6 P0702,2026-10-09,P,0.7025,0.008500000,3,41
2026-10-02,ADU,OPT,ADUV6 P0705,2026-10-09,P,0.705,0.010800000,3,1529
2026-10-02,ADU,OPT,ADUV6 P0707,2026-10-09,P,0.7075,0.013200000,3,56
2026-10-02,ADU,OPT,ADUV6 P0710,2026-10-09,P,0.71,0.015700000,3,630
2026-10-02,ADU,OPT,ADUV6 P0712,2026-10-09,P,0.7125,0.018200000,3,104
2026-10-02,ADU,OPT,ADUV6 P0715,2026-10-09,P,0.715,0.020700000,3,1168
2026-10-02,ADU,OPT,ADUV6 P0717,2026-10-09,P,0.7175,0.023200000,3,63
2026-10-02,ADU,OPT,ADUV6 P0720,2026-10-09,P,0.72,0.025700000,3,65
2026-10-02,ADU,OPT,ADUV6 P0722,2026-10-09,P,0.7225,0.028200000,3,1
2026-10-02,ADU,OPT,ADUV6 P0725,2026-10-09,P,0.725,0.030700000,3,
2026-10-02,ADU,OPT,ADUV6 P0727,2026-10-09,P,0.7275,0.033200000,3,
2026-10-02,ADU,OPT,ADUV6 P0730,2026-10-09,P,0.73,0.035700000,3,
2026-10-02,ADU,OPT,ADUV6 P0732,2026-10-09,P,0.7325,0.038200000,3,
2026-10-02,ADU,OPT,ADUV6 P0735,2026-10-09,P,0.735,0.040700000,3,
2026-10-02,ADU,OPT,ADUV6 P0737,2026-10-09,P,0.7375,0.043200000,3,
2026-10-02,ADU,OPT,ADUV6 P0740,2026-10-09,P,0.74,0.045700000,3,
2026-10-02,ADU,OPT,ADUV6 P0745,2026-10-09,P,0.745,0.050700000,3,
2026-10-02,ADU,OPT,ADUV6 P0750,2026-10-09,P,0.75,0.055700000,3,
2026-10-02,ADU,OPT,ADUV6 P0755,2026-10-09,P,0.755,0.060700000,3,
2026-10-02,ADU,OPT,ADUV6 P0760,2026-10-09,P,0.76,0.065700000,3,
2026-10-02,ADU,OPT,ADUV6 P0765,2026-10-09,P,0.765,0.070600000,3,
2026-10-02,ADU,OPT,ADUV6 P0770,2026-10-09,P,0.77,0.075600000,3,
2026-10-02,ADU,OPT,ADUV6 P0775,2026-10-09,P,0.775,0.080600000,3,
2026-10-02,ADU,OPT,ADUV6 P0780,2026-10-09,P,0.78,0.085600000,3,
2026-10-02,ADU,OPT,ADUV6 P0790,2026-10-09,P,0.79,0.095600000,3,
2026-10-02,ADU,OPT,ADUV6 P0800,2026-10-09,P,0.8,0.105600000,3,
2026-10-02,ADU,OPT,ADUV6 P0810,2026-10-09,P,0.81,0.115600000,3,
2026-10-02,ADU,OPT,ADUV6 P0820,2026-10-09,P,0.82,0.125600000,3,
2026-10-02,ADU,OPT,ADUV6 P0830,2026-10-09,P,0.83,0.135600000,3,
2026-10-02,ADU,OPT,ADUV6 P0840,2026-10-09,P,0.84,0.145600000,3,
2026-10-02,ADU,OPT,ADUV6 P0850,2026-10-09,P,0.85,0.155600000,3,
2026-10-02,ADU,OPT,ADUV6 P0860,2026-10-09,P,0.86,0.165600000,3,
2026-10-02,ADU,OPT,ADUV6 P0870,2026-10-09,P,0.87,0.175600000,3,
2026-10-02,ADU,OPT,ADUX6 C0500,2026-11-06,C,0.5,0.193600000,3,
2026-10-02,ADU,OPT,ADUX6 C0510,2026-11-06,C,0.51,0.183600000,3,
2026-10-02,ADU,OPT,ADUX6 C0520,2026-11-06,C,0.52,0.173700000,3,
2026-10-02,ADU,OPT,ADUX6 C0530,2026-11-06,C,0.53,0.163700000,3,
2026-10-02,ADU,OPT,ADUX6 C0540,2026-11-06,C,0.54,0.153700000,3,
2026-10-02,ADU,OPT,ADUX6 C0550,2026-11-06,C,0.55,0.143800000,3,
2026-10-02,ADU,OPT,ADUX6 C0560,2026-11-06,C,0.56,0.133800000,3,
2026-10-02,ADU,OPT,ADUX6 C0570,2026-11-06,C,0.57,0.123800000,3,
2026-10-02,ADU,OPT,ADUX6 C0580,2026-11-06,C,0.58,0.113900000,3,
2026-10-02,ADU,OPT,ADUX6 C0590,2026-11-06,C,0.59,0.103900000,3,
2026-10-02,ADU,OPT,ADUX6 C0595,2026-11-06,C,0.595,0.098900000,3,
2026-10-02,ADU,OPT,ADUX6 C0600,2026-11-06,C,0.6,0.093900000,3,
2026-10-02,ADU,OPT,ADUX6 C0605,2026-11-06,C,0.605,0.089000000,3,
2026-10-02,ADU,OPT,ADUX6 C0610,2026-11-06,C,0.61,0.084000000,3,
2026-10-02,ADU,OPT,ADUX6 C0615,2026-11-06,C,0.615,0.079000000,3,
2026-10-02,ADU,OPT,ADUX6 C0620,2026-11-06,C,0.62,0.074100000,3,
2026-10-02,ADU,OPT,ADUX6 C0625,2026-11-06,C,0.625,0.069100000,3,
2026-10-02,ADU,OPT,ADUX6 C0630,2026-11-06,C,0.63,0.064100000,3,
2026-10-02,ADU,OPT,ADUX6 C0635,2026-11-06,C,0.635,0.059200000,3,
2026-10-02,ADU,OPT,ADUX6 C0640,2026-11-06,C,0.64,0.054200000,3,
2026-10-02,ADU,OPT,ADUX6 C0645,2026-11-06,C,0.645,0.049300000,3,
2026-10-02,ADU,OPT,ADUX6 C0650,2026-11-06,C,0.65,0.044400000,3,
2026-10-02,ADU,OPT,ADUX6 C0655,2026-11-06,C,0.655,0.039500000,3,
2026-10-02,ADU,OPT,ADUX6 C0660,2026-11-06,C,0.66,0.034700000,3,1
2026-10-02,ADU,OPT,ADUX6 C0665,2026-11-06,C,0.665,0.030000000,3,
2026-10-02,ADU,OPT,ADUX6 C0670,2026-11-06,C,0.67,0.025300000,3,
2026-10-02,ADU,OPT,ADUX6 C0675,2026-11-06,C,0.675,0.020900000,3,1
2026-10-02,ADU,OPT,ADUX6 C0680,2026-11-06,C,0.68,0.016700000,3,1
2026-10-02,ADU,OPT,ADUX6 C0685,2026-11-06,C,0.685,0.012800000,3,6
2026-10-02,ADU,OPT,ADUX6 C0690,2026-11-06,C,0.69,0.009400000,3,48
2026-10-02,ADU,OPT,ADUX6 C0695,2026-11-06,C,0.695,0.006500000,3,51
2026-10-02,ADU,OPT,ADUX6 C0700,2026-11-06,C,0.7,0.004200000,3,91
2026-10-02,ADU,OPT,ADUX6 C0705,2026-11-06,C,0.705,0.002600000,3,196
2026-10-02,ADU,OPT,ADUX6 C0710,2026-11-06,C,0.71,0.001500000,3,374
2026-10-02,ADU,OPT,ADUX6 C0715,2026-11-06,C,0.715,0.000800000,3,198
2026-10-02,ADU,OPT,ADUX6 C0720,2026-11-06,C,0.72,0.000400000,3,224
2026-10-02,ADU,OPT,ADUX6 C0725,2026-11-06,C,0.725,0.000250000,3,412
2026-10-02,ADU,OPT,ADUX6 C0730,2026-11-06,C,0.73,0.000150000,3,132
2026-10-02,ADU,OPT,ADUX6 C0735,2026-11-06,C,0.735,0.000100000,3,37
2026-10-02,ADU,OPT,ADUX6 C0740,2026-11-06,C,0.74,0.000050000,3,163
2026-10-02,ADU,OPT,ADUX6 C0745,2026-11-06,C,0.745,0.000050000,3,21
2026-10-02,ADU,OPT,ADUX6 C0750,2026-11-06,C,0.75,0.000050000,3,177
2026-10-02,ADU,OPT,ADUX6 C0755,2026-11-06,C,0.755,0.000050000,3,16
2026-10-02,ADU,OPT,ADUX6 C0760,2026-11-06,C,0.76,0.000050000,3,12
2026-10-02,ADU,OPT,ADUX6 C0765,2026-11-06,C,0.765,0.000050000,3,16
2026-10-02,ADU,OPT,ADUX6 C0770,2026-11-06,C,0.77,0.000050000,3,153
2026-10-02,ADU,OPT,ADUX6 C0780,2026-11-06,C,0.78,0.000050000,3,502
2026-10-02,ADU,OPT,ADUX6 C0790,2026-11-06,C,0.79,0.000050000,3,
2026-10-02,ADU,OPT,ADUX6 C0800,2026-11-06,C,0.8,0.000050000,3,17
2026-10-02,ADU,OPT,ADUX6 C0810,2026-11-06,C,0.81,0.000050000,3,2
2026-10-02,ADU,OPT,ADUX6 C0820,2026-11-06,C,0.82,0.000050000,3,
2026-10-02,ADU,OPT,ADUX6 C0830,2026-11-06,C,0.83,0.000050000,3,
2026-10-02,ADU,OPT,ADUX6 C0840,2026-11-06,C,0.84,0.000050000,3,
2026-10-02,ADU,OPT,ADUX6 C0850,2026-11-06,C,0.85,0.000050000,3,3
2026-10-02,ADU,OPT,ADUX6 C0860,2026-11-06,C,0.86,0.000050000,3,
2026-10-02,ADU,OPT,ADUX6 C0870,2026-11-06,C,0.87,0.000050000,3,
2026-10-02,ADU,OPT,ADUX6 P0500,2026-11-06,P,0.5,0.000050000,3,
2026-10-02,ADU,OPT,ADUX6 P0510,2026-11-06,P,0.51,0.000050000,3,
2026-10-02,ADU,OPT,ADUX6 P0520,2026-11-06,P,0.52,0.000050000,3,
2026-10-02,ADU,OPT,ADUX6 P0530,2026-11-06,P,0.53,0.000050000,3,5
2026-10-02,ADU,OPT,ADUX6 P0540,2026-11-06,P,0.54,0.000050000,3,
2026-10-02,ADU,OPT,ADUX6 P0550,2026-11-06,P,0.55,0.000050000,3,
2026-10-02,ADU,OPT,ADUX6 P0560,2026-11-06,P,0.56,0.000050000,3,3
2026-10-02,ADU,OPT,ADUX6 P0570,2026-11-06,P,0.57,0.000050000,3,
2026-10-02,ADU,OPT,ADUX6 P0580,2026-11-06,P,0.58,0.000050000,3,
2026-10-02,ADU,OPT,ADUX6 P0590,2026-11-06,P,0.59,0.000050000,3,
2026-10-02,ADU,OPT,ADUX6 P0595,2026-11-06,P,0.595,0.000050000,3,
2026-10-02,ADU,OPT,ADUX6 P0600,2026-11-06,P,0.6,0.000050000,3,18
2026-10-02,ADU,OPT,ADUX6 P0605,2026-11-06,P,0.605,0.000050000,3,
2026-10-02,ADU,OPT,ADUX6 P0610,2026-11-06,P,0.61,0.000050000,3,11
2026-10-02,ADU,OPT,ADUX6 P0615,2026-11-06,P,0.615,0.000050000,3,1
2026-10-02,ADU,OPT,ADUX6 P0620,2026-11-06,P,0.62,0.000050000,3,
2026-10-02,ADU,OPT,ADUX6 P0625,2026-11-06,P,0.625,0.000050000,3,300
2026-10-02,ADU,OPT,ADUX6 P0630,2026-11-06,P,0.63,0.000050000,3,3
2026-10-02,ADU,OPT,ADUX6 P0635,2026-11-06,P,0.635,0.000100000,3,6
2026-10-02,ADU,OPT,ADUX6 P0640,2026-11-06,P,0.64,0.000150000,3,1
2026-10-02,ADU,OPT,ADUX6 P0645,2026-11-06,P,0.645,0.000200000,3,51
2026-10-02,ADU,OPT,ADUX6 P0650,2026-11-06,P,0.65,0.000250000,3,415
2026-10-02,ADU,OPT,ADUX6 P0655,2026-11-06,P,0.655,0.000350000,3,21
2026-10-02,ADU,OPT,ADUX6 P0660,2026-11-06,P,0.66,0.000500000,3,40
2026-10-02,ADU,OPT,ADUX6 P0665,2026-11-06,P,0.665,0.000800000,3,9
2026-10-02,ADU,OPT,ADUX6 P0670,2026-11-06,P,0.67,0.001100000,3,52
2026-10-02,ADU,OPT,ADUX6 P0675,2026-11-06,P,0.675,0.001600000,3,133
2026-10-02,ADU,OPT,ADUX6 P0680,2026-11-06,P,0.68,0.002400000,3,511
2026-10-02,ADU,OPT,ADUX6 P0685,2026-11-06,P,0.685,0.003500000,3,155
2026-10-02,ADU,OPT,ADUX6 P0690,2026-11-06,P,0.69,0.005100000,3,323
2026-10-02,ADU,OPT,ADUX6 P0695,2026-11-06,P,0.695,0.007100000,3,340
2026-10-02,ADU,OPT,ADUX6 P0700,2026-11-06,P,0.7,0.009800000,3,533
2026-10-02,ADU,OPT,ADUX6 P0705,2026-11-06,P,0.705,0.013200000,3,28
2026-10-02,ADU,OPT,ADUX6 P0710,2026-11-06,P,0.71,0.017100000,3,27
2026-10-02,ADU,OPT,ADUX6 P0715,2026-11-06,P,0.715,0.021400000,3,12
2026-10-02,ADU,OPT,ADUX6 P0720,2026-11-06,P,0.72,0.026000000,3,122
2026-10-02,ADU,OPT,ADUX6 P0725,2026-11-06,P,0.725,0.030800000,3,2
2026-10-02,ADU,OPT,ADUX6 P0730,2026-11-06,P,0.73,0.035700000,3,1
2026-10-02,ADU,OPT,ADUX6 P0735,2026-11-06,P,0.735,0.040700000,3,
2026-10-02,ADU,OPT,ADUX6 P0740,2026-11-06,P,0.74,0.045600000,3,
2026-10-02,ADU,OPT,ADUX6 P0745,2026-11-06,P,0.745,0.050600000,3,
2026-10-02,ADU,OPT,ADUX6 P0750,2026-11-06,P,0.75,0.055500000,3,
2026-10-02,ADU,OPT,ADUX6 P0755,2026-11-06,P,0.755,0.060500000,3,
2026-10-02,ADU,OPT,ADUX6 P0760,2026-11-06,P,0.76,0.065500000,3,
2026-10-02,ADU,OPT,ADUX6 P0765,2026-11-06,P,0.765,0.070400000,3,
2026-10-02,ADU,OPT,ADUX6 P0770,2026-11-06,P,0.77,0.075400000,3,
2026-10-02,ADU,OPT,ADUX6 P0780,2026-11-06,P,0.78,0.085400000,3,
2026-10-02,ADU,OPT,ADUX6 P0790,2026-11-06,P,0.79,0.095300000,3,
2026-10-02,ADU,OPT,ADUX6 P0800,2026-11-06,P,0.8,0.105300000,3,
2026-10-02,ADU,OPT,ADUX6 P0810,2026-11-06,P,0.81,0.115300000,3,
2026-10-02,ADU,OPT,ADUX6 P0820,2026-11-06,P,0.82,0.125200000,3,
2026-10-02,ADU,OPT,ADUX6 P0830,2026-11-06,P,0.83,0.135200000,3,
2026-10-02,ADU,OPT,ADUX6 P0840,2026-11-06,P,0.84,0.145200000,3,
2026-10-02,ADU,OPT,ADUX6 P0850,2026-11-06,P,0.85,0.155100000,3,
2026-10-02,ADU,OPT,ADUX6 P0860,2026-11-06,P,0.86,0.165100000,3,
2026-10-02,ADU,OPT,ADUX6 P0870,2026-11-06,P,0.87,0.175000000,3,
2026-10-02,ADU,OPT,ADUZ6 C0450,2026-12-04,C,0.45,0.242600000,3,
2026-10-02,ADU,OPT,ADUZ6 C0460,2026-12-04,C,0.46,0.232700000,3,
2026-10-02,ADU,OPT,ADUZ6 C0470,2026-12-04,C,0.47,0.222800000,3,
2026-10-02,ADU,OPT,ADUZ6 C0480,2026-12-04,C,0.48,0.212900000,3,
2026-10-02,ADU,OPT,ADUZ6 C0490,2026-12-04,C,0.49,0.202900000,3,
2026-10-02,ADU,OPT,ADUZ6 C0500,2026-12-04,C,0.5,0.193000000,3,
2026-10-02,ADU,OPT,ADUZ6 C0510,2026-12-04,C,0.51,0.183100000,3,
2026-10-02,ADU,OPT,ADUZ6 C0520,2026-12-04,C,0.52,0.173100000,3,
2026-10-02,ADU,OPT,ADUZ6 C0530,2026-12-04,C,0.53,0.163200000,3,
2026-10-02,ADU,OPT,ADUZ6 C0540,2026-12-04,C,0.54,0.153300000,3,
2026-10-02,ADU,OPT,ADUZ6 C0550,2026-12-04,C,0.55,0.143300000,3,
2026-10-02,ADU,OPT,ADUZ6 C0555,2026-12-04,C,0.555,0.138400000,3,
2026-10-02,ADU,OPT,ADUZ6 C0560,2026-12-04,C,0.56,0.133400000,3,
2026-10-02,ADU,OPT,ADUZ6 C0565,2026-12-04,C,0.565,0.128500000,3,
2026-10-02,ADU,OPT,ADUZ6 C0570,2026-12-04,C,0.57,0.123500000,3,
2026-10-02,ADU,OPT,ADUZ6 C0575,2026-12-04,C,0.575,0.118600000,3,
2026-10-02,ADU,OPT,ADUZ6 C0580,2026-12-04,C,0.58,0.113600000,3,
2026-10-02,ADU,OPT,ADUZ6 C0585,2026-12-04,C,0.585,0.108700000,3,
2026-10-02,ADU,OPT,ADUZ6 C0590,2026-12-04,C,0.59,0.103700000,3,
2026-10-02,ADU,OPT,ADUZ6 C0595,2026-12-04,C,0.595,0.098800000,3,
2026-10-02,ADU,OPT,ADUZ6 C0600,2026-12-04,C,0.6,0.093800000,3,
2026-10-02,ADU,OPT,ADUZ6 C0605,2026-12-04,C,0.605,0.088800000,3,
2026-10-02,ADU,OPT,ADUZ6 C0610,2026-12-04,C,0.61,0.083900000,3,
2026-10-02,ADU,OPT,ADUZ6 C0615,2026-12-04,C,0.615,0.078900000,3,
2026-10-02,ADU,OPT,ADUZ6 C0620,2026-12-04,C,0.62,0.074000000,3,
2026-10-02,ADU,OPT,ADUZ6 C0625,2026-12-04,C,0.625,0.069100000,3,
2026-10-02,ADU,OPT,ADUZ6 C0630,2026-12-04,C,0.63,0.064200000,3,
2026-10-02,ADU,OPT,ADUZ6 C0635,2026-12-04,C,0.635,0.059300000,3,
2026-10-02,ADU,OPT,ADUZ6 C0640,2026-12-04,C,0.64,0.054400000,3,
2026-10-02,ADU,OPT,ADUZ6 C0645,2026-12-04,C,0.645,0.049600000,3,
2026-10-02,ADU,OPT,ADUZ6 C0650,2026-12-04,C,0.65,0.044800000,3,
2026-10-02,ADU,OPT,ADUZ6 C0655,2026-12-04,C,0.655,0.040100000,3,
2026-10-02,ADU,OPT,ADUZ6 C0660,2026-12-04,C,0.66,0.035500000,3,
2026-10-02,ADU,OPT,ADUZ6 C0665,2026-12-04,C,0.665,0.031000000,3,11
2026-10-02,ADU,OPT,ADUZ6 C0670,2026-12-04,C,0.67,0.026600000,3,
2026-10-02,ADU,OPT,ADUZ6 C0675,2026-12-04,C,0.675,0.022400000,3,13
2026-10-02,ADU,OPT,ADUZ6 C0680,2026-12-04,C,0.68,0.018400000,3,5
2026-10-02,ADU,OPT,ADUZ6 C0685,2026-12-04,C,0.685,0.014800000,3,18
2026-10-02,ADU,OPT,ADUZ6 C0690,2026-12-04,C,0.69,0.011500000,3,41
2026-10-02,ADU,OPT,ADUZ6 C0695,2026-12-04,C,0.695,0.008700000,3,163
2026-10-02,ADU,OPT,ADUZ6 C0700,2026-12-04,C,0.7,0.006300000,3,471
2026-10-02,ADU,OPT,ADUZ6 C0705,2026-12-04,C,0.705,0.004500000,3,1075
2026-10-02,ADU,OPT,ADUZ6 C0710,2026-12-04,C,0.71,0.003100000,3,162
2026-10-02,ADU,OPT,ADUZ6 C0715,2026-12-04,C,0.715,0.002100000,3,115
2026-10-02,ADU,OPT,ADUZ6 C0720,2026-12-04,C,0.72,0.001300000,3,140
2026-10-02,ADU,OPT,ADUZ6 C0725,2026-12-04,C,0.725,0.000800000,3,130
2026-10-02,ADU,OPT,ADUZ6 C0730,2026-12-04,C,0.73,0.000500000,3,319
2026-10-02,ADU,OPT,ADUZ6 C0735,2026-12-04,C,0.735,0.000350000,3,109
2026-10-02,ADU,OPT,ADUZ6 C0740,2026-12-04,C,0.74,0.000250000,3,115
2026-10-02,ADU,OPT,ADUZ6 C0745,2026-12-04,C,0.745,0.000200000,3,101
2026-10-02,ADU,OPT,ADUZ6 C0750,2026-12-04,C,0.75,0.000150000,3,324
2026-10-02,ADU,OPT,ADUZ6 C0755,2026-12-04,C,0.755,0.000100000,3,80
2026-10-02,ADU,OPT,ADUZ6 C0760,2026-12-04,C,0.76,0.000100000,3,220
2026-10-02,ADU,OPT,ADUZ6 C0765,2026-12-04,C,0.765,0.000100000,3,26
2026-10-02,ADU,OPT,ADUZ6 C0770,2026-12-04,C,0.77,0.000050000,3,65
2026-10-02,ADU,OPT,ADUZ6 C0780,2026-12-04,C,0.78,0.000050000,3,87
2026-10-02,ADU,OPT,ADUZ6 C0790,2026-12-04,C,0.79,0.000050000,3,7
2026-10-02,ADU,OPT,ADUZ6 C0800,2026-12-04,C,0.8,0.000050000,3,109
2026-10-02,ADU,OPT,ADUZ6 C0810,2026-12-04,C,0.81,0.000050000,3,1
2026-10-02,ADU,OPT,ADUZ6 C0820,2026-12-04,C,0.82,0.000050000,3,1
2026-10-02,ADU,OPT,ADUZ6 C0830,2026-12-04,C,0.83,0.000050000,3,4
2026-10-02,ADU,OPT,ADUZ6 C0840,2026-12-04,C,0.84,0.000050000,3,10
2026-10-02,ADU,OPT,ADUZ6 C0850,2026-12-04,C,0.85,0.000050000,3,
2026-10-02,ADU,OPT,ADUZ6 C0860,2026-12-04,C,0.86,0.000050000,3,
2026-10-02,ADU,OPT,ADUZ6 C0870,2026-12-04,C,0.87,0.000050000,3,
2026-10-02,ADU,OPT,ADUZ6 P0450,2026-12-04,P,0.45,0.000050000,3,10
2026-10-02,ADU,OPT,ADUZ6 P0460,2026-12-04,P,0.46,0.000050000,3,
2026-10-02,ADU,OPT,ADUZ6 P0470,2026-12-04,P,0.47,0.000050000,3,
2026-10-02,ADU,OPT,ADUZ6 P0480,2026-12-04,P,0.48,0.000050000,3,
2026-10-02,ADU,OPT,ADUZ6 P0490,2026-12-04,P,0.49,0.000050000,3,
2026-10-02,ADU,OPT,ADUZ6 P0500,2026-12-04,P,0.5,0.000050000,3,
2026-10-02,ADU,OPT,ADUZ6 P0510,2026-12-04,P,0.51,0.000050000,3,
2026-10-02,ADU,OPT,ADUZ6 P0520,2026-12-04,P,0.52,0.000050000,3,
2026-10-02,ADU,OPT,ADUZ6 P0530,2026-12-04,P,0.53,0.000050000,3,8
2026-10-02,ADU,OPT,ADUZ6 P0540,2026-12-04,P,0.54,0.000050000,3,6
2026-10-02,ADU,OPT,ADUZ6 P0550,2026-12-04,P,0.55,0.000050000,3,1
2026-10-02,ADU,OPT,ADUZ6 P0555,2026-12-04,P,0.555,0.000050000,3,
2026-10-02,ADU,OPT,ADUZ6 P0560,2026-12-04,P,0.56,0.000050000,3,
2026-10-02,ADU,OPT,ADUZ6 P0565,2026-12-04,P,0.565,0.000050000,3,8
2026-10-02,ADU,OPT,ADUZ6 P0570,2026-12-04,P,0.57,0.000050000,3,
2026-10-02,ADU,OPT,ADUZ6 P0575,2026-12-04,P,0.575,0.000050000,3,2
2026-10-02,ADU,OPT,ADUZ6 P0580,2026-12-04,P,0.58,0.000050000,3,1
2026-10-02,ADU,OPT,ADUZ6 P0585,2026-12-04,P,0.585,0.000100000,3,5
2026-10-02,ADU,OPT,ADUZ6 P0590,2026-12-04,P,0.59,0.000100000,3,14
2026-10-02,ADU,OPT,ADUZ6 P0595,2026-12-04,P,0.595,0.000100000,3,
2026-10-02,ADU,OPT,ADUZ6 P0600,2026-12-04,P,0.6,0.000150000,3,28
2026-10-02,ADU,OPT,ADUZ6 P0605,2026-12-04,P,0.605,0.000150000,3,1
2026-10-02,ADU,OPT,ADUZ6 P0610,2026-12-04,P,0.61,0.000150000,3,5
2026-10-02,ADU,OPT,ADUZ6 P0615,2026-12-04,P,0.615,0.000200000,3,3
2026-10-02,ADU,OPT,ADUZ6 P0620,2026-12-04,P,0.62,0.000200000,3,21
2026-10-02,ADU,OPT,ADUZ6 P0625,2026-12-04,P,0.625,0.000250000,3,23
2026-10-02,ADU,OPT,ADUZ6 P0630,2026-12-04,P,0.63,0.000300000,3,418
2026-10-02,ADU,OPT,ADUZ6 P0635,2026-12-04,P,0.635,0.000400000,3,8
2026-10-02,ADU,OPT,ADUZ6 P0640,2026-12-04,P,0.64,0.000500000,3,19
2026-10-02,ADU,OPT,ADUZ6 P0645,2026-12-04,P,0.645,0.000600000,3,46
2026-10-02,ADU,OPT,ADUZ6 P0650,2026-12-04,P,0.65,0.000800000,3,1565
2026-10-02,ADU,OPT,ADUZ6 P0655,2026-12-04,P,0.655,0.001100000,3,125
2026-10-02,ADU,OPT,ADUZ6 P0660,2026-12-04,P,0.66,0.001400000,3,237
2026-10-02,ADU,OPT,ADUZ6 P0665,2026-12-04,P,0.665,0.001900000,3,53
2026-10-02,ADU,OPT,ADUZ6 P0670,2026-12-04,P,0.67,0.002400000,3,109
2026-10-02,ADU,OPT,ADUZ6 P0675,2026-12-04,P,0.675,0.003200000,3,34
2026-10-02,ADU,OPT,ADUZ6 P0680,2026-12-04,P,0.68,0.004200000,3,324
2026-10-02,ADU,OPT,ADUZ6 P0685,2026-12-04,P,0.685,0.005600000,3,749
2026-10-02,ADU,OPT,ADUZ6 P0690,2026-12-04,P,0.69,0.007300000,3,94
2026-10-02,ADU,OPT,ADUZ6 P0695,2026-12-04,P,0.695,0.009400000,3,514
2026-10-02,ADU,OPT,ADUZ6 P0700,2026-12-04,P,0.7,0.012000000,3,641
2026-10-02,ADU,OPT,ADUZ6 P0705,2026-12-04,P,0.705,0.015100000,3,17
2026-10-02,ADU,OPT,ADUZ6 P0710,2026-12-04,P,0.71,0.018700000,3,448
2026-10-02,ADU,OPT,ADUZ6 P0715,2026-12-04,P,0.715,0.022600000,3,548
2026-10-02,ADU,OPT,ADUZ6 P0720,2026-12-04,P,0.72,0.026900000,3,122
2026-10-02,ADU,OPT,ADUZ6 P0725,2026-12-04,P,0.725,0.031300000,3,18
2026-10-02,ADU,OPT,ADUZ6 P0730,2026-12-04,P,0.73,0.036000000,3,10
2026-10-02,ADU,OPT,ADUZ6 P0735,2026-12-04,P,0.735,0.040800000,3,
2026-10-02,ADU,OPT,ADUZ6 P0740,2026-12-04,P,0.74,0.045600000,3,8
2026-10-02,ADU,OPT,ADUZ6 P0745,2026-12-04,P,0.745,0.050600000,3,
2026-10-02,ADU,OPT,ADUZ6 P0750,2026-12-04,P,0.75,0.055500000,3,
2026-10-02,ADU,OPT,ADUZ6 P0755,2026-12-04,P,0.755,0.060400000,3,
2026-10-02,ADU,OPT,ADUZ6 P0760,2026-12-04,P,0.76,0.065300000,3,
2026-10-02,ADU,OPT,ADUZ6 P0765,2026-12-04,P,0.765,0.070300000,3,
2026-10-02,ADU,OPT,ADUZ6 P0770,2026-12-04,P,0.77,0.075300000,3,
2026-10-02,ADU,OPT,ADUZ6 P0780,2026-12-04,P,0.78,0.085200000,3,
2026-10-02,ADU,OPT,ADUZ6 P0790,2026-12-04,P,0.79,0.095100000,3,
2026-10-02,ADU,OPT,ADUZ6 P0800,2026-12-04,P,0.8,0.105000000,3,
2026-10-02,ADU,OPT,ADUZ6 P0810,2026-12-04,P,0.81,0.115000000,3,
2026-10-02,ADU,OPT,ADUZ6 P0820,2026-12-04,P,0.82,0.124900000,3,
2026-10-02,ADU,OPT,ADUZ6 P0830,2026-12-04,P,0.83,0.134800000,3,
2026-10-02,ADU,OPT,ADUZ6 P0840,2026-12-04,P,0.84,0.144700000,3,
2026-10-02,ADU,OPT,ADUZ6 P0850,2026-12-04,P,0.85,0.154600000,3,
2026-10-02,ADU,OPT,ADUZ6 P0860,2026-12-04,P,0.86,0.164600000,3,
2026-10-02,ADU,OPT,ADUZ6 P0870,2026-12-04,P,0.87,0.174500000,3,
2026-10-02,ADU,OPT,ADUF7 C0520,2027-01-08,C,0.52,0.171700000,3,
2026-10-02,ADU,OPT,ADUF7 C0530,2027-01-08,C,0.53,0.161800000,3,
2026-10-02,ADU,OPT,ADUF7 C0540,2027-01-08,C,0.54,0.151900000,3,
2026-10-02,ADU,OPT,ADUF7 C0550,2027-01-08,C,0.55,0.142000000,3,
2026-10-02,ADU,OPT,ADUF7 C0560,2027-01-08,C,0.56,0.132100000,3,
2026-10-02,ADU,OPT,ADUF7 C0570,2027-01-08,C,0.57,0.122300000,3,
2026-10-02,ADU,OPT,ADUF7 C0580,2027-01-08,C,0.58,0.112400000,3,
2026-10-02,ADU,OPT,ADUF7 C0590,2027-01-08,C,0.59,0.102600000,3,
2026-10-02,ADU,OPT,ADUF7 C0600,2027-01-08,C,0.6,0.092700000,3,
2026-10-02,ADU,OPT,ADUF7 C0610,2027-01-08,C,0.61,0.083000000,3,
2026-10-02,ADU,OPT,ADUF7 C0615,2027-01-08,C,0.615,0.078100000,3,
2026-10-02,ADU,OPT,ADUF7 C0620,2027-01-08,C,0.62,0.073300000,3,
2026-10-02,ADU,OPT,ADUF7 C0625,2027-01-08,C,0.625,0.068400000,3,
2026-10-02,ADU,OPT,ADUF7 C0630,2027-01-08,C,0.63,0.063600000,3,
2026-10-02,ADU,OPT,ADUF7 C0635,2027-01-08,C,0.635,0.058800000,3,
2026-10-02,ADU,OPT,ADUF7 C0640,2027-01-08,C,0.64,0.054100000,3,
2026-10-02,ADU,OPT,ADUF7 C0645,2027-01-08,C,0.645,0.049400000,3,1
2026-10-02,ADU,OPT,ADUF7 C0650,2027-01-08,C,0.65,0.044800000,3,
2026-10-02,ADU,OPT,ADUF7 C0655,2027-01-08,C,0.655,0.040300000,3,
2026-10-02,ADU,OPT,ADUF7 C0660,2027-01-08,C,0.66,0.035800000,3,
2026-10-02,ADU,OPT,ADUF7 C0665,2027-01-08,C,0.665,0.031600000,3,
2026-10-02,ADU,OPT,ADUF7 C0670,2027-01-08,C,0.67,0.027400000,3,
2026-10-02,ADU,OPT,ADUF7 C0675,2027-01-08,C,0.675,0.023500000,3,
2026-10-02,ADU,OPT,ADUF7 C0680,2027-01-08,C,0.68,0.019800000,3,
2026-10-02,ADU,OPT,ADUF7 C0685,2027-01-08,C,0.685,0.016400000,3,132
2026-10-02,ADU,OPT,ADUF7 C0690,2027-01-08,C,0.69,0.013300000,3,1504
2026-10-02,ADU,OPT,ADUF7 C0695,2027-01-08,C,0.695,0.010600000,3,277
2026-10-02,ADU,OPT,ADUF7 C0700,2027-01-08,C,0.7,0.008200000,3,292
2026-10-02,ADU,OPT,ADUF7 C0705,2027-01-08,C,0.705,0.006300000,3,649
2026-10-02,ADU,OPT,ADUF7 C0710,2027-01-08,C,0.71,0.004700000,3,158
2026-10-02,ADU,OPT,ADUF7 C0715,2027-01-08,C,0.715,0.003500000,3,156
2026-10-02,ADU,OPT,ADUF7 C0720,2027-01-08,C,0.72,0.002500000,3,220
2026-10-02,ADU,OPT,ADUF7 C0725,2027-01-08,C,0.725,0.001800000,3,127
2026-10-02,ADU,OPT,ADUF7 C0730,2027-01-08,C,0.73,0.001200000,3,18
2026-10-02,ADU,OPT,ADUF7 C0735,2027-01-08,C,0.735,0.000800000,3,168
2026-10-02,ADU,OPT,ADUF7 C0740,2027-01-08,C,0.74,0.000600000,3,168
2026-10-02,ADU,OPT,ADUF7 C0745,2027-01-08,C,0.745,0.000450000,3,1
2026-10-02,ADU,OPT,ADUF7 C0750,2027-01-08,C,0.75,0.000350000,3,619
2026-10-02,ADU,OPT,ADUF7 C0755,2027-01-08,C,0.755,0.000250000,3,7
2026-10-02,ADU,OPT,ADUF7 C0760,2027-01-08,C,0.76,0.000200000,3,628
2026-10-02,ADU,OPT,ADUF7 C0765,2027-01-08,C,0.765,0.000150000,3,16
2026-10-02,ADU,OPT,ADUF7 C0770,2027-01-08,C,0.77,0.000100000,3,18
2026-10-02,ADU,OPT,ADUF7 C0780,2027-01-08,C,0.78,0.000050000,3,75
2026-10-02,ADU,OPT,ADUF7 C0790,2027-01-08,C,0.79,0.000050000,3,1
2026-10-02,ADU,OPT,ADUF7 C0800,2027-01-08,C,0.8,0.000050000,3,99
2026-10-02,ADU,OPT,ADUF7 C0810,2027-01-08,C,0.81,0.000050000,3,
2026-10-02,ADU,OPT,ADUF7 C0820,2027-01-08,C,0.82,0.000050000,3,
2026-10-02,ADU,OPT,ADUF7 C0830,2027-01-08,C,0.83,0.000050000,3,2
2026-10-02,ADU,OPT,ADUF7 C0840,2027-01-08,C,0.84,0.000050000,3,8
2026-10-02,ADU,OPT,ADUF7 C0850,2027-01-08,C,0.85,0.000050000,3,
2026-10-02,ADU,OPT,ADUF7 C0860,2027-01-08,C,0.86,0.000050000,3,
2026-10-02,ADU,OPT,ADUF7 C0870,2027-01-08,C,0.87,0.000050000,3,
2026-10-02,ADU,OPT,ADUF7 P0520,2027-01-08,P,0.52,0.000050000,3,
2026-10-02,ADU,OPT,ADUF7 P0530,2027-01-08,P,0.53,0.000050000,3,
2026-10-02,ADU,OPT,ADUF7 P0540,2027-01-08,P,0.54,0.000050000,3,
2026-10-02,ADU,OPT,ADUF7 P0550,2027-01-08,P,0.55,0.000050000,3,
2026-10-02,ADU,OPT,ADUF7 P0560,2027-01-08,P,0.56,0.000050000,3,
2026-10-02,ADU,OPT,ADUF7 P0570,2027-01-08,P,0.57,0.000050000,3,
2026-10-02,ADU,OPT,ADUF7 P0580,2027-01-08,P,0.58,0.000100000,3,1
2026-10-02,ADU,OPT,ADUF7 P0590,2027-01-08,P,0.59,0.000100000,3,
2026-10-02,ADU,OPT,ADUF7 P0600,2027-01-08,P,0.6,0.000200000,3,32
2026-10-02,ADU,OPT,ADUF7 P0610,2027-01-08,P,0.61,0.000350000,3,16
2026-10-02,ADU,OPT,ADUF7 P0615,2027-01-08,P,0.615,0.000400000,3,20
2026-10-02,ADU,OPT,ADUF7 P0620,2027-01-08,P,0.62,0.000500000,3,18
2026-10-02,ADU,OPT,ADUF7 P0625,2027-01-08,P,0.625,0.000600000,3,18
2026-10-02,ADU,OPT,ADUF7 P0630,2027-01-08,P,0.63,0.000700000,3,23
2026-10-02,ADU,OPT,ADUF7 P0635,2027-01-08,P,0.635,0.000900000,3,20
2026-10-02,ADU,OPT,ADUF7 P0640,2027-01-08,P,0.64,0.001100000,3,18
2026-10-02,ADU,OPT,ADUF7 P0645,2027-01-08,P,0.645,0.001400000,3,21
2026-10-02,ADU,OPT,ADUF7 P0650,2027-01-08,P,0.65,0.001700000,3,145
2026-10-02,ADU,OPT,ADUF7 P0655,2027-01-08,P,0.655,0.002100000,3,19
2026-10-02,ADU,OPT,ADUF7 P0660,2027-01-08,P,0.66,0.002600000,3,146
2026-10-02,ADU,OPT,ADUF7 P0665,2027-01-08,P,0.665,0.003300000,3,106
2026-10-02,ADU,OPT,ADUF7 P0670,2027-01-08,P,0.67,0.004100000,3,4
2026-10-02,ADU,OPT,ADUF7 P0675,2027-01-08,P,0.675,0.005200000,3,156
2026-10-02,ADU,OPT,ADUF7 P0680,2027-01-08,P,0.68,0.006400000,3,1300
2026-10-02,ADU,OPT,ADUF7 P0685,2027-01-08,P,0.685,0.007900000,3,308
2026-10-02,ADU,OPT,ADUF7 P0690,2027-01-08,P,0.69,0.009800000,3,1003
2026-10-02,ADU,OPT,ADUF7 P0695,2027-01-08,P,0.695,0.012000000,3,305
2026-10-02,ADU,OPT,ADUF7 P0700,2027-01-08,P,0.7,0.014600000,3,29
2026-10-02,ADU,OPT,ADUF7 P0705,2027-01-08,P,0.705,0.017600000,3,270
2026-10-02,ADU,OPT,ADUF7 P0710,2027-01-08,P,0.71,0.021000000,3,1274
2026-10-02,ADU,OPT,ADUF7 P0715,2027-01-08,P,0.715,0.024700000,3,206
2026-10-02,ADU,OPT,ADUF7 P0720,2027-01-08,P,0.72,0.028700000,3,3028
2026-10-02,ADU,OPT,ADUF7 P0725,2027-01-08,P,0.725,0.032900000,3,
2026-10-02,ADU,OPT,ADUF7 P0730,2027-01-08,P,0.73,0.037300000,3,
2026-10-02,ADU,OPT,ADUF7 P0735,2027-01-08,P,0.735,0.041800000,3,
2026-10-02,ADU,OPT,ADUF7 P0740,2027-01-08,P,0.74,0.046600000,3,
2026-10-02,ADU,OPT,ADUF7 P0745,2027-01-08,P,0.745,0.051400000,3,
2026-10-02,ADU,OPT,ADUF7 P0750,2027-01-08,P,0.75,0.056200000,3,3
2026-10-02,ADU,OPT,ADUF7 P0755,2027-01-08,P,0.755,0.061100000,3,
2026-10-02,ADU,OPT,ADUF7 P0760,2027-01-08,P,0.76,0.065900000,3,
2026-10-02,ADU,OPT,ADUF7 P0765,2027-01-08,P,0.765,0.070800000,3,
2026-10-02,ADU,OPT,ADUF7 P0770,2027-01-08,P,0.77,0.075700000,3,1
2026-10-02,ADU,OPT,ADUF7 P0780,2027-01-08,P,0.78,0.085600000,3,
2026-10-02,ADU,OPT,ADUF7 P0790,2027-01-08,P,0.79,0.095400000,3,
2026-10-02,ADU,OPT,ADUF7 P0800,2027-01-08,P,0.8,0.105300000,3,
2026-10-02,ADU,OPT,ADUF7 P0810,2027-01-08,P,0.81,0.115200000,3,
2026-10-02,ADU,OPT,ADUF7 P0820,2027-01-08,P,0.82,0.125100000,3,
2026-10-02,ADU,OPT,ADUF7 P0830,2027-01-08,P,0.83,0.135000000,3,
2026-10-02,ADU,OPT,ADUF7 P0840,2027-01-08,P,0.84,0.144900000,3,
2026-10-02,ADU,OPT,ADUF7 P0850,2027-01-08,P,0.85,0.154800000,3,
2026-10-02,ADU,OPT,ADUF7 P0860,2027-01-08,P,0.86,0.164700000,3,
2026-10-02,ADU,OPT,ADUF7 P0870,2027-01-08,P,0.87,0.174600000,3,
2026-10-02,ADU,OPT,ADUG7 C0530,2027-02-05,C,0.53,0.161300000,3,
2026-10-02,ADU,OPT,ADUG7 C0540,2027-02-05,C,0.54,0.151500000,3,
2026-10-02,ADU,OPT,ADUG7 C0550,2027-02-05,C,0.55,0.141700000,3,
2026-10-02,ADU,OPT,ADUG7 C0560,2027-02-05,C,0.56,0.131800000,3,
2026-10-02,ADU,OPT,ADUG7 C0570,2027-02-05,C,0.57,0.122000000,3,
2026-10-02,ADU,OPT,ADUG7 C0580,2027-02-05,C,0.58,0.112200000,3,
2026-10-02,ADU,OPT,ADUG7 C0590,2027-02-05,C,0.59,0.102400000,3,
2026-10-02,ADU,OPT,ADUG7 C0600,2027-02-05,C,0.6,0.092700000,3,
2026-10-02,ADU,OPT,ADUG7 C0610,2027-02-05,C,0.61,0.083000000,3,
2026-10-02,ADU,OPT,ADUG7 C0620,2027-02-05,C,0.62,0.073300000,3,
2026-10-02,ADU,OPT,ADUG7 C0630,2027-02-05,C,0.63,0.063800000,3,
2026-10-02,ADU,OPT,ADUG7 C0635,2027-02-05,C,0.635,0.059100000,3,
2026-10-02,ADU,OPT,ADUG7 C0640,2027-02-05,C,0.64,0.054500000,3,
2026-10-02,ADU,OPT,ADUG7 C0645,2027-02-05,C,0.645,0.049900000,3,
2026-10-02,ADU,OPT,ADUG7 C0650,2027-02-05,C,0.65,0.045500000,3,
2026-10-02,ADU,OPT,ADUG7 C0655,2027-02-05,C,0.655,0.041200000,3,
2026-10-02,ADU,OPT,ADUG7 C0660,2027-02-05,C,0.66,0.036900000,3,
2026-10-02,ADU,OPT,ADUG7 C0665,2027-02-05,C,0.665,0.032700000,3,
2026-10-02,ADU,OPT,ADUG7 C0670,2027-02-05,C,0.67,0.028700000,3,
2026-10-02,ADU,OPT,ADUG7 C0675,2027-02-05,C,0.675,0.024900000,3,
2026-10-02,ADU,OPT,ADUG7 C0680,2027-02-05,C,0.68,0.021300000,3,
2026-10-02,ADU,OPT,ADUG7 C0685,2027-02-05,C,0.685,0.018000000,3,
2026-10-02,ADU,OPT,ADUG7 C0690,2027-02-05,C,0.69,0.014900000,3,201
2026-10-02,ADU,OPT,ADUG7 C0695,2027-02-05,C,0.695,0.012300000,3,15
2026-10-02,ADU,OPT,ADUG7 C0700,2027-02-05,C,0.7,0.009900000,3,4
2026-10-02,ADU,OPT,ADUG7 C0705,2027-02-05,C,0.705,0.007900000,3,316
2026-10-02,ADU,OPT,ADUG7 C0710,2027-02-05,C,0.71,0.006200000,3,180
2026-10-02,ADU,OPT,ADUG7 C0715,2027-02-05,C,0.715,0.004800000,3,34
2026-10-02,ADU,OPT,ADUG7 C0720,2027-02-05,C,0.72,0.003600000,3,2
2026-10-02,ADU,OPT,ADUG7 C0725,2027-02-05,C,0.725,0.002800000,3,17
2026-10-02,ADU,OPT,ADUG7 C0730,2027-02-05,C,0.73,0.002100000,3,18
2026-10-02,ADU,OPT,ADUG7 C0735,2027-02-05,C,0.735,0.001500000,3,17
2026-10-02,ADU,OPT,ADUG7 C0740,2027-02-05,C,0.74,0.001100000,3,17
2026-10-02,ADU,OPT,ADUG7 C0745,2027-02-05,C,0.745,0.000900000,3,18
2026-10-02,ADU,OPT,ADUG7 C0750,2027-02-05,C,0.75,0.000600000,3,17
2026-10-02,ADU,OPT,ADUG7 C0755,2027-02-05,C,0.755,0.000450000,3,16
2026-10-02,ADU,OPT,ADUG7 C0760,2027-02-05,C,0.76,0.000350000,3,17
2026-10-02,ADU,OPT,ADUG7 C0765,2027-02-05,C,0.765,0.000250000,3,18
2026-10-02,ADU,OPT,ADUG7 C0770,2027-02-05,C,0.77,0.000200000,3,16
2026-10-02,ADU,OPT,ADUG7 C0780,2027-02-05,C,0.78,0.000100000,3,20
2026-10-02,ADU,OPT,ADUG7 C0790,2027-02-05,C,0.79,0.000050000,3,
2026-10-02,ADU,OPT,ADUG7 C0800,2027-02-05,C,0.8,0.000050000,3,
2026-10-02,ADU,OPT,ADUG7 C0810,2027-02-05,C,0.81,0.000050000,3,
2026-10-02,ADU,OPT,ADUG7 C0820,2027-02-05,C,0.82,0.000050000,3,
2026-10-02,ADU,OPT,ADUG7 C0830,2027-02-05,C,0.83,0.000050000,3,
2026-10-02,ADU,OPT,ADUG7 C0840,2027-02-05,C,0.84,0.000050000,3,
2026-10-02,ADU,OPT,ADUG7 C0850,2027-02-05,C,0.85,0.000050000,3,1
2026-10-02,ADU,OPT,ADUG7 C0860,2027-02-05,C,0.86,0.000050000,3,
2026-10-02,ADU,OPT,ADUG7 C0870,2027-02-05,C,0.87,0.000050000,3,
2026-10-02,ADU,OPT,ADUG7 P0530,2027-02-05,P,0.53,0.000050000,3,
2026-10-02,ADU,OPT,ADUG7 P0540,2027-02-05,P,0.54,0.000050000,3,
2026-10-02,ADU,OPT,ADUG7 P0550,2027-02-05,P,0.55,0.000100000,3,
2026-10-02,ADU,OPT,ADUG7 P0560,2027-02-05,P,0.56,0.000100000,3,
2026-10-02,ADU,OPT,ADUG7 P0570,2027-02-05,P,0.57,0.000150000,3,
2026-10-02,ADU,OPT,ADUG7 P0580,2027-02-05,P,0.58,0.000250000,3,
2026-10-02,ADU,OPT,ADUG7 P0590,2027-02-05,P,0.59,0.000300000,3,
2026-10-02,ADU,OPT,ADUG7 P0600,2027-02-05,P,0.6,0.000450000,3,
2026-10-02,ADU,OPT,ADUG7 P0610,2027-02-05,P,0.61,0.000600000,3,
2026-10-02,ADU,OPT,ADUG7 P0620,2027-02-05,P,0.62,0.000800000,3,6
2026-10-02,ADU,OPT,ADUG7 P0630,2027-02-05,P,0.63,0.001100000,3,19
2026-10-02,ADU,OPT,ADUG7 P0635,2027-02-05,P,0.635,0.001400000,3,17
2026-10-02,ADU,OPT,ADUG7 P0640,2027-02-05,P,0.64,0.001700000,3,17
2026-10-02,ADU,OPT,ADUG7 P0645,2027-02-05,P,0.645,0.002100000,3,17
2026-10-02,ADU,OPT,ADUG7 P0650,2027-02-05,P,0.65,0.002500000,3,19
2026-10-02,ADU,OPT,ADUG7 P0655,2027-02-05,P,0.655,0.003100000,3,18
2026-10-02,ADU,OPT,ADUG7 P0660,2027-02-05,P,0.66,0.003800000,3,1
2026-10-02,ADU,OPT,ADUG7 P0665,2027-02-05,P,0.665,0.004600000,3,25
2026-10-02,ADU,OPT,ADUG7 P0670,2027-02-05,P,0.67,0.005500000,3,29
2026-10-02,ADU,OPT,ADUG7 P0675,2027-02-05,P,0.675,0.006600000,3,21
2026-10-02,ADU,OPT,ADUG7 P0680,2027-02-05,P,0.68,0.007900000,3,1
2026-10-02,ADU,OPT,ADUG7 P0685,2027-02-05,P,0.685,0.009500000,3,
2026-10-02,ADU,OPT,ADUG7 P0690,2027-02-05,P,0.69,0.011400000,3,202
2026-10-02,ADU,OPT,ADUG7 P0695,2027-02-05,P,0.695,0.013700000,3,64
2026-10-02,ADU,OPT,ADUG7 P0700,2027-02-05,P,0.7,0.016300000,3,18
2026-10-02,ADU,OPT,ADUG7 P0705,2027-02-05,P,0.705,0.019200000,3,5
2026-10-02,ADU,OPT,ADUG7 P0710,2027-02-05,P,0.71,0.022400000,3,114
2026-10-02,ADU,OPT,ADUG7 P0715,2027-02-05,P,0.715,0.025900000,3,2
2026-10-02,ADU,OPT,ADUG7 P0720,2027-02-05,P,0.72,0.029700000,3,105
2026-10-02,ADU,OPT,ADUG7 P0725,2027-02-05,P,0.725,0.033800000,3,1
2026-10-02,ADU,OPT,ADUG7 P0730,2027-02-05,P,0.73,0.038000000,3,
2026-10-02,ADU,OPT,ADUG7 P0735,2027-02-05,P,0.735,0.042400000,3,
2026-10-02,ADU,OPT,ADUG7 P0740,2027-02-05,P,0.74,0.047000000,3,
2026-10-02,ADU,OPT,ADUG7 P0745,2027-02-05,P,0.745,0.051600000,3,
2026-10-02,ADU,OPT,ADUG7 P0750,2027-02-05,P,0.75,0.056300000,3,
2026-10-02,ADU,OPT,ADUG7 P0755,2027-02-05,P,0.755,0.061100000,3,
2026-10-02,ADU,OPT,ADUG7 P0760,2027-02-05,P,0.76,0.065900000,3,
2026-10-02,ADU,OPT,ADUG7 P0765,2027-02-05,P,0.765,0.070700000,3,
2026-10-02,ADU,OPT,ADUG7 P0770,2027-02-05,P,0.77,0.075600000,3,
2026-10-02,ADU,OPT,ADUG7 P0780,2027-02-05,P,0.78,0.085400000,3,
2026-10-02,ADU,OPT,ADUG7 P0790,2027-02-05,P,0.79,0.095200000,3,
2026-10-02,ADU,OPT,ADUG7 P0800,2027-02-05,P,0.8,0.105000000,3,
2026-10-02,ADU,OPT,ADUG7 P0810,2027-02-05,P,0.81,0.114800000,3,
2026-10-02,ADU,OPT,ADUG7 P0820,2027-02-05,P,0.82,0.124700000,3,
2026-10-02,ADU,OPT,ADUG7 P0830,2027-02-05,P,0.83,0.134600000,3,
2026-10-02,ADU,OPT,ADUG7 P0840,2027-02-05,P,0.84,0.144400000,3,
2026-10-02,ADU,OPT,ADUG7 P0850,2027-02-05,P,0.85,0.154300000,3,
2026-10-02,ADU,OPT,ADUG7 P0860,2027-02-05,P,0.86,0.164200000,3,
2026-10-02,ADU,OPT,ADUG7 P0870,2027-02-05,P,0.87,0.174000000,3,
2026-10-02,ADU,OPT,ADUH7 C0450,2027-03-05,C,0.45,0.239400000,3,
2026-10-02,ADU,OPT,ADUH7 C0460,2027-03-05,C,0.46,0.229600000,3,
2026-10-02,ADU,OPT,ADUH7 C0470,2027-03-05,C,0.47,0.219700000,3,
2026-10-02,ADU,OPT,ADUH7 C0480,2027-03-05,C,0.48,0.209900000,3,
2026-10-02,ADU,OPT,ADUH7 C0490,2027-03-05,C,0.49,0.200100000,3,
2026-10-02,ADU,OPT,ADUH7 C0500,2027-03-05,C,0.5,0.190300000,3,
2026-10-02,ADU,OPT,ADUH7 C0510,2027-03-05,C,0.51,0.180500000,3,
2026-10-02,ADU,OPT,ADUH7 C0520,2027-03-05,C,0.52,0.170700000,3,
2026-10-02,ADU,OPT,ADUH7 C0530,2027-03-05,C,0.53,0.160900000,3,
2026-10-02,ADU,OPT,ADUH7 C0540,2027-03-05,C,0.54,0.151100000,3,
2026-10-02,ADU,OPT,ADUH7 C0550,2027-03-05,C,0.55,0.141300000,3,
2026-10-02,ADU,OPT,ADUH7 C0555,2027-03-05,C,0.555,0.136400000,3,
2026-10-02,ADU,OPT,ADUH7 C0560,2027-03-05,C,0.56,0.131600000,3,
2026-10-02,ADU,OPT,ADUH7 C0565,2027-03-05,C,0.565,0.126700000,3,
2026-10-02,ADU,OPT,ADUH7 C0570,2027-03-05,C,0.57,0.121800000,3,
2026-10-02,ADU,OPT,ADUH7 C0575,2027-03-05,C,0.575,0.116900000,3,
2026-10-02,ADU,OPT,ADUH7 C0580,2027-03-05,C,0.58,0.112100000,3,
2026-10-02,ADU,OPT,ADUH7 C0585,2027-03-05,C,0.585,0.107200000,3,
2026-10-02,ADU,OPT,ADUH7 C0590,2027-03-05,C,0.59,0.102300000,3,
2026-10-02,ADU,OPT,ADUH7 C0595,2027-03-05,C,0.595,0.097500000,3,
2026-10-02,ADU,OPT,ADUH7 C0600,2027-03-05,C,0.6,0.092600000,3,
2026-10-02,ADU,OPT,ADUH7 C0605,2027-03-05,C,0.605,0.087800000,3,
2026-10-02,ADU,OPT,ADUH7 C0610,2027-03-05,C,0.61,0.083000000,3,
2026-10-02,ADU,OPT,ADUH7 C0615,2027-03-05,C,0.615,0.078200000,3,
2026-10-02,ADU,OPT,ADUH7 C0620,2027-03-05,C,0.62,0.073500000,3,
2026-10-02,ADU,OPT,ADUH7 C0625,2027-03-05,C,0.625,0.068800000,3,
2026-10-02,ADU,OPT,ADUH7 C0630,2027-03-05,C,0.63,0.064100000,3,
2026-10-02,ADU,OPT,ADUH7 C0635,2027-03-05,C,0.635,0.059500000,3,
2026-10-02,ADU,OPT,ADUH7 C0640,2027-03-05,C,0.64,0.055000000,3,
2026-10-02,ADU,OPT,ADUH7 C0645,2027-03-05,C,0.645,0.050600000,3,
2026-10-02,ADU,OPT,ADUH7 C0650,2027-03-05,C,0.65,0.046200000,3,
2026-10-02,ADU,OPT,ADUH7 C0655,2027-03-05,C,0.655,0.042000000,3,
2026-10-02,ADU,OPT,ADUH7 C0660,2027-03-05,C,0.66,0.037900000,3,
2026-10-02,ADU,OPT,ADUH7 C0665,2027-03-05,C,0.665,0.033800000,3,
2026-10-02,ADU,OPT,ADUH7 C0670,2027-03-05,C,0.67,0.029900000,3,
2026-10-02,ADU,OPT,ADUH7 C0675,2027-03-05,C,0.675,0.026200000,3,
2026-10-02,ADU,OPT,ADUH7 C0680,2027-03-05,C,0.68,0.022700000,3,1
2026-10-02,ADU,OPT,ADUH7 C0685,2027-03-05,C,0.685,0.019500000,3,
2026-10-02,ADU,OPT,ADUH7 C0690,2027-03-05,C,0.69,0.016500000,3,30
2026-10-02,ADU,OPT,ADUH7 C0695,2027-03-05,C,0.695,0.013900000,3,8
2026-10-02,ADU,OPT,ADUH7 C0700,2027-03-05,C,0.7,0.011500000,3,48
2026-10-02,ADU,OPT,ADUH7 C0705,2027-03-05,C,0.705,0.009400000,3,2
2026-10-02,ADU,OPT,ADUH7 C0710,2027-03-05,C,0.71,0.007600000,3,
2026-10-02,ADU,OPT,ADUH7 C0715,2027-03-05,C,0.715,0.006100000,3,49
2026-10-02,ADU,OPT,ADUH7 C0720,2027-03-05,C,0.72,0.004800000,3,80
2026-10-02,ADU,OPT,ADUH7 C0725,2027-03-05,C,0.725,0.003800000,3,3
2026-10-02,ADU,OPT,ADUH7 C0730,2027-03-05,C,0.73,0.003000000,3,53
2026-10-02,ADU,OPT,ADUH7 C0735,2027-03-05,C,0.735,0.002300000,3,16
2026-10-02,ADU,OPT,ADUH7 C0740,2027-03-05,C,0.74,0.001800000,3,21
2026-10-02,ADU,OPT,ADUH7 C0745,2027-03-05,C,0.745,0.001400000,3,16
2026-10-02,ADU,OPT,ADUH7 C0750,2027-03-05,C,0.75,0.001000000,3,45
2026-10-02,ADU,OPT,ADUH7 C0755,2027-03-05,C,0.755,0.000800000,3,17
2026-10-02,ADU,OPT,ADUH7 C0760,2027-03-05,C,0.76,0.000600000,3,20
2026-10-02,ADU,OPT,ADUH7 C0765,2027-03-05,C,0.765,0.000450000,3,18
2026-10-02,ADU,OPT,ADUH7 C0770,2027-03-05,C,0.77,0.000350000,3,21
2026-10-02,ADU,OPT,ADUH7 C0780,2027-03-05,C,0.78,0.000200000,3,18
2026-10-02,ADU,OPT,ADUH7 C0790,2027-03-05,C,0.79,0.000100000,3,17
2026-10-02,ADU,OPT,ADUH7 C0800,2027-03-05,C,0.8,0.000050000,3,17
2026-10-02,ADU,OPT,ADUH7 C0810,2027-03-05,C,0.81,0.000050000,3,
2026-10-02,ADU,OPT,ADUH7 C0820,2027-03-05,C,0.82,0.000050000,3,
2026-10-02,ADU,OPT,ADUH7 C0830,2027-03-05,C,0.83,0.000050000,3,
2026-10-02,ADU,OPT,ADUH7 C0840,2027-03-05,C,0.84,0.000050000,3,2
2026-10-02,ADU,OPT,ADUH7 C0850,2027-03-05,C,0.85,0.000050000,3,
2026-10-02,ADU,OPT,ADUH7 C0860,2027-03-05,C,0.86,0.000050000,3,
2026-10-02,ADU,OPT,ADUH7 C0870,2027-03-05,C,0.87,0.000050000,3,
2026-10-02,ADU,OPT,ADUH7 P0450,2027-03-05,P,0.45,0.000050000,3,1
2026-10-02,ADU,OPT,ADUH7 P0460,2027-03-05,P,0.46,0.000050000,3,5
2026-10-02,ADU,OPT,ADUH7 P0470,2027-03-05,P,0.47,0.000050000,3,
2026-10-02,ADU,OPT,ADUH7 P0480,2027-03-05,P,0.48,0.000050000,3,
2026-10-02,ADU,OPT,ADUH7 P0490,2027-03-05,P,0.49,0.000050000,3,
2026-10-02,ADU,OPT,ADUH7 P0500,2027-03-05,P,0.5,0.000050000,3,
2026-10-02,ADU,OPT,ADUH7 P0510,2027-03-05,P,0.51,0.000100000,3,
2026-10-02,ADU,OPT,ADUH7 P0520,2027-03-05,P,0.52,0.000100000,3,1
2026-10-02,ADU,OPT,ADUH7 P0530,2027-03-05,P,0.53,0.000150000,3,
2026-10-02,ADU,OPT,ADUH7 P0540,2027-03-05,P,0.54,0.000150000,3,
2026-10-02,ADU,OPT,ADUH7 P0550,2027-03-05,P,0.55,0.000200000,3,
2026-10-02,ADU,OPT,ADUH7 P0555,2027-03-05,P,0.555,0.000250000,3,
2026-10-02,ADU,OPT,ADUH7 P0560,2027-03-05,P,0.56,0.000300000,3,
2026-10-02,ADU,OPT,ADUH7 P0565,2027-03-05,P,0.565,0.000300000,3,
2026-10-02,ADU,OPT,ADUH7 P0570,2027-03-05,P,0.57,0.000350000,3,
2026-10-02,ADU,OPT,ADUH7 P0575,2027-03-05,P,0.575,0.000400000,3,
2026-10-02,ADU,OPT,ADUH7 P0580,2027-03-05,P,0.58,0.000450000,3,
2026-10-02,ADU,OPT,ADUH7 P0585,2027-03-05,P,0.585,0.000500000,3,
2026-10-02,ADU,OPT,ADUH7 P0590,2027-03-05,P,0.59,0.000500000,3,
2026-10-02,ADU,OPT,ADUH7 P0595,2027-03-05,P,0.595,0.000600000,3,
2026-10-02,ADU,OPT,ADUH7 P0600,2027-03-05,P,0.6,0.000700000,3,
2026-10-02,ADU,OPT,ADUH7 P0605,2027-03-05,P,0.605,0.000800000,3,
2026-10-02,ADU,OPT,ADUH7 P0610,2027-03-05,P,0.61,0.000900000,3,2
2026-10-02,ADU,OPT,ADUH7 P0615,2027-03-05,P,0.615,0.001000000,3,21
2026-10-02,ADU,OPT,ADUH7 P0620,2027-03-05,P,0.62,0.001200000,3,3
2026-10-02,ADU,OPT,ADUH7 P0625,2027-03-05,P,0.625,0.001400000,3,2
2026-10-02,ADU,OPT,ADUH7 P0630,2027-03-05,P,0.63,0.001600000,3,2
2026-10-02,ADU,OPT,ADUH7 P0635,2027-03-05,P,0.635,0.002000000,3,1
2026-10-02,ADU,OPT,ADUH7 P0640,2027-03-05,P,0.64,0.002400000,3,4
2026-10-02,ADU,OPT,ADUH7 P0645,2027-03-05,P,0.645,0.002800000,3,3
2026-10-02,ADU,OPT,ADUH7 P0650,2027-03-05,P,0.65,0.003400000,3,4
2026-10-02,ADU,OPT,ADUH7 P0655,2027-03-05,P,0.655,0.004100000,3,4
2026-10-02,ADU,OPT,ADUH7 P0660,2027-03-05,P,0.66,0.004900000,3,9
2026-10-02,ADU,OPT,ADUH7 P0665,2027-03-05,P,0.665,0.005800000,3,223
2026-10-02,ADU,OPT,ADUH7 P0670,2027-03-05,P,0.67,0.006800000,3,2
2026-10-02,ADU,OPT,ADUH7 P0675,2027-03-05,P,0.675,0.008000000,3,25
2026-10-02,ADU,OPT,ADUH7 P0680,2027-03-05,P,0.68,0.009400000,3,18
2026-10-02,ADU,OPT,ADUH7 P0685,2027-03-05,P,0.685,0.011100000,3,100
2026-10-02,ADU,OPT,ADUH7 P0690,2027-03-05,P,0.69,0.013000000,3,
2026-10-02,ADU,OPT,ADUH7 P0695,2027-03-05,P,0.695,0.015300000,3,
2026-10-02,ADU,OPT,ADUH7 P0700,2027-03-05,P,0.7,0.017800000,3,10
2026-10-02,ADU,OPT,ADUH7 P0705,2027-03-05,P,0.705,0.020600000,3,237
2026-10-02,ADU,OPT,ADUH7 P0710,2027-03-05,P,0.71,0.023800000,3,1
2026-10-02,ADU,OPT,ADUH7 P0715,2027-03-05,P,0.715,0.027200000,3,211
2026-10-02,ADU,OPT,ADUH7 P0720,2027-03-05,P,0.72,0.030800000,3,43
2026-10-02,ADU,OPT,ADUH7 P0725,2027-03-05,P,0.725,0.034700000,3,5
2026-10-02,ADU,OPT,ADUH7 P0730,2027-03-05,P,0.73,0.038800000,3,2
2026-10-02,ADU,OPT,ADUH7 P0735,2027-03-05,P,0.735,0.043000000,3,
2026-10-02,ADU,OPT,ADUH7 P0740,2027-03-05,P,0.74,0.047400000,3,
2026-10-02,ADU,OPT,ADUH7 P0745,2027-03-05,P,0.745,0.051900000,3,
2026-10-02,ADU,OPT,ADUH7 P0750,2027-03-05,P,0.75,0.056500000,3,
2026-10-02,ADU,OPT,ADUH7 P0755,2027-03-05,P,0.755,0.061200000,3,
2026-10-02,ADU,OPT,ADUH7 P0760,2027-03-05,P,0.76,0.065900000,3,
2026-10-02,ADU,OPT,ADUH7 P0765,2027-03-05,P,0.765,0.070700000,3,
2026-10-02,ADU,OPT,ADUH7 P0770,2027-03-05,P,0.77,0.075500000,3,
2026-10-02,ADU,OPT,ADUH7 P0780,2027-03-05,P,0.78,0.085200000,3,
2026-10-02,ADU,OPT,ADUH7 P0790,2027-03-05,P,0.79,0.094900000,3,
2026-10-02,ADU,OPT,ADUH7 P0800,2027-03-05,P,0.8,0.104700000,3,
2026-10-02,ADU,OPT,ADUH7 P0810,2027-03-05,P,0.81,0.114500000,3,
2026-10-02,ADU,OPT,ADUH7 P0820,2027-03-05,P,0.82,0.124300000,3,
2026-10-02,ADU,OPT,ADUH7 P0830,2027-03-05,P,0.83,0.134100000,3,
2026-10-02,ADU,OPT,ADUH7 P0840,2027-03-05,P,0.84,0.144000000,3,
2026-10-02,ADU,OPT,ADUH7 P0850,2027-03-05,P,0.85,0.153800000,3,
2026-10-02,ADU,OPT,ADUH7 P0860,2027-03-05,P,0.86,0.163600000,3,
2026-10-02,ADU,OPT,ADUH7 P0870,2027-03-05,P,0.87,0.173400000,3,
2026-10-02,ADU,OPT,ADUJ7 C0530,2027-04-09,C,0.53,0.159800000,3,
2026-10-02,ADU,OPT,ADUJ7 C0540,2027-04-09,C,0.54,0.150000000,3,
2026-10-02,ADU,OPT,ADUJ7 C0550,2027-04-09,C,0.55,0.140300000,3,
2026-10-02,ADU,OPT,ADUJ7 C0560,2027-04-09,C,0.56,0.130600000,3,
2026-10-02,ADU,OPT,ADUJ7 C0570,2027-04-09,C,0.57,0.120900000,3,
2026-10-02,ADU,OPT,ADUJ7 C0580,2027-04-09,C,0.58,0.111300000,3,
2026-10-02,ADU,OPT,ADUJ7 C0590,2027-04-09,C,0.59,0.101700000,3,
2026-10-02,ADU,OPT,ADUJ7 C0600,2027-04-09,C,0.6,0.092100000,3,
2026-10-02,ADU,OPT,ADUJ7 C0610,2027-04-09,C,0.61,0.082600000,3,
2026-10-02,ADU,OPT,ADUJ7 C0620,2027-04-09,C,0.62,0.073300000,3,
2026-10-02,ADU,OPT,ADUJ7 C0630,2027-04-09,C,0.63,0.064100000,3,
2026-10-02,ADU,OPT,ADUJ7 C0635,2027-04-09,C,0.635,0.059600000,3,
2026-10-02,ADU,OPT,ADUJ7 C0640,2027-04-09,C,0.64,0.055200000,3,
2026-10-02,ADU,OPT,ADUJ7 C0645,2027-04-09,C,0.645,0.050900000,3,
2026-10-02,ADU,OPT,ADUJ7 C0650,2027-04-09,C,0.65,0.046600000,3,
2026-10-02,ADU,OPT,ADUJ7 C0655,2027-04-09,C,0.655,0.042500000,3,
2026-10-02,ADU,OPT,ADUJ7 C0660,2027-04-09,C,0.66,0.038500000,3,
2026-10-02,ADU,OPT,ADUJ7 C0665,2027-04-09,C,0.665,0.034700000,3,
2026-10-02,ADU,OPT,ADUJ7 C0670,2027-04-09,C,0.67,0.031000000,3,
2026-10-02,ADU,OPT,ADUJ7 C0675,2027-04-09,C,0.675,0.027400000,3,
2026-10-02,ADU,OPT,ADUJ7 C0680,2027-04-09,C,0.68,0.024000000,3,
2026-10-02,ADU,OPT,ADUJ7 C0685,2027-04-09,C,0.685,0.020900000,3,
2026-10-02,ADU,OPT,ADUJ7 C0690,2027-04-09,C,0.69,0.018000000,3,25
2026-10-02,ADU,OPT,ADUJ7 C0695,2027-04-09,C,0.695,0.015300000,3,
2026-10-02,ADU,OPT,ADUJ7 C0700,2027-04-09,C,0.7,0.012900000,3,
2026-10-02,ADU,OPT,ADUJ7 C0705,2027-04-09,C,0.705,0.010900000,3,
2026-10-02,ADU,OPT,ADUJ7 C0710,2027-04-09,C,0.71,0.009000000,3,
2026-10-02,ADU,OPT,ADUJ7 C0715,2027-04-09,C,0.715,0.007500000,3,
2026-10-02,ADU,OPT,ADUJ7 C0720,2027-04-09,C,0.72,0.006100000,3,
2026-10-02,ADU,OPT,ADUJ7 C0725,2027-04-09,C,0.725,0.005000000,3,
2026-10-02,ADU,OPT,ADUJ7 C0730,2027-04-09,C,0.73,0.004000000,3,2
2026-10-02,ADU,OPT,ADUJ7 C0735,2027-04-09,C,0.735,0.003200000,3,
2026-10-02,ADU,OPT,ADUJ7 C0740,2027-04-09,C,0.74,0.002600000,3,3
2026-10-02,ADU,OPT,ADUJ7 C0745,2027-04-09,C,0.745,0.002100000,3,
2026-10-02,ADU,OPT,ADUJ7 C0750,2027-04-09,C,0.75,0.001700000,3,
2026-10-02,ADU,OPT,ADUJ7 C0755,2027-04-09,C,0.755,0.001400000,3,
2026-10-02,ADU,OPT,ADUJ7 C0760,2027-04-09,C,0.76,0.001100000,3,100
2026-10-02,ADU,OPT,ADUJ7 C0765,2027-04-09,C,0.765,0.000900000,3,
2026-10-02,ADU,OPT,ADUJ7 C0770,2027-04-09,C,0.77,0.000700000,3,1
2026-10-02,ADU,OPT,ADUJ7 C0780,2027-04-09,C,0.78,0.000450000,3,3
2026-10-02,ADU,OPT,ADUJ7 C0790,2027-04-09,C,0.79,0.000300000,3,
2026-10-02,ADU,OPT,ADUJ7 C0800,2027-04-09,C,0.8,0.000200000,3,
2026-10-02,ADU,OPT,ADUJ7 C0810,2027-04-09,C,0.81,0.000150000,3,
2026-10-02,ADU,OPT,ADUJ7 C0820,2027-04-09,C,0.82,0.000100000,3,
2026-10-02,ADU,OPT,ADUJ7 C0830,2027-04-09,C,0.83,0.000050000,3,
2026-10-02,ADU,OPT,ADUJ7 C0840,2027-04-09,C,0.84,0.000050000,3,
2026-10-02,ADU,OPT,ADUJ7 C0850,2027-04-09,C,0.85,0.000050000,3,
2026-10-02,ADU,OPT,ADUJ7 C0860,2027-04-09,C,0.86,0.000050000,3,
2026-10-02,ADU,OPT,ADUJ7 C0870,2027-04-09,C,0.87,0.000050000,3,
2026-10-02,ADU,OPT,ADUJ7 P0530,2027-04-09,P,0.53,0.000200000,3,
2026-10-02,ADU,OPT,ADUJ7 P0540,2027-04-09,P,0.54,0.000250000,3,
2026-10-02,ADU,OPT,ADUJ7 P0550,2027-04-09,P,0.55,0.000350000,3,
2026-10-02,ADU,OPT,ADUJ7 P0560,2027-04-09,P,0.56,0.000400000,3,
2026-10-02,ADU,OPT,ADUJ7 P0570,2027-04-09,P,0.57,0.000500000,3,2
2026-10-02,ADU,OPT,ADUJ7 P0580,2027-04-09,P,0.58,0.000700000,3,3
2026-10-02,ADU,OPT,ADUJ7 P0590,2027-04-09,P,0.59,0.000800000,3,
2026-10-02,ADU,OPT,ADUJ7 P0600,2027-04-09,P,0.6,0.001100000,3,2
2026-10-02,ADU,OPT,ADUJ7 P0610,2027-04-09,P,0.61,0.001400000,3,2
2026-10-02,ADU,OPT,ADUJ7 P0620,2027-04-09,P,0.62,0.001800000,3,7
2026-10-02,ADU,OPT,ADUJ7 P0630,2027-04-09,P,0.63,0.002400000,3,1
2026-10-02,ADU,OPT,ADUJ7 P0635,2027-04-09,P,0.635,0.002800000,3,8
2026-10-02,ADU,OPT,ADUJ7 P0640,2027-04-09,P,0.64,0.003300000,3,
2026-10-02,ADU,OPT,ADUJ7 P0645,2027-04-09,P,0.645,0.003900000,3,
2026-10-02,ADU,OPT,ADUJ7 P0650,2027-04-09,P,0.65,0.004500000,3,
2026-10-02,ADU,OPT,ADUJ7 P0655,2027-04-09,P,0.655,0.005300000,3,
2026-10-02,ADU,OPT,ADUJ7 P0660,2027-04-09,P,0.66,0.006200000,3,
2026-10-02,ADU,OPT,ADUJ7 P0665,2027-04-09,P,0.665,0.007300000,3,
2026-10-02,ADU,OPT,ADUJ7 P0670,2027-04-09,P,0.67,0.008400000,3,
2026-10-02,ADU,OPT,ADUJ7 P0675,2027-04-09,P,0.675,0.009800000,3,301
2026-10-02,ADU,OPT,ADUJ7 P0680,2027-04-09,P,0.68,0.011300000,3,
2026-10-02,ADU,OPT,ADUJ7 P0685,2027-04-09,P,0.685,0.013000000,3,
2026-10-02,ADU,OPT,ADUJ7 P0690,2027-04-09,P,0.69,0.015000000,3,175
2026-10-02,ADU,OPT,ADUJ7 P0695,2027-04-09,P,0.695,0.017300000,3,
2026-10-02,ADU,OPT,ADUJ7 P0700,2027-04-09,P,0.7,0.019800000,3,
2026-10-02,ADU,OPT,ADUJ7 P0705,2027-04-09,P,0.705,0.022600000,3,
2026-10-02,ADU,OPT,ADUJ7 P0710,2027-04-09,P,0.71,0.025700000,3,600
2026-10-02,ADU,OPT,ADUJ7 P0715,2027-04-09,P,0.715,0.029000000,3,
2026-10-02,ADU,OPT,ADUJ7 P0720,2027-04-09,P,0.72,0.032600000,3,
2026-10-02,ADU,OPT,ADUJ7 P0725,2027-04-09,P,0.725,0.036300000,3,
2026-10-02,ADU,OPT,ADUJ7 P0730,2027-04-09,P,0.73,0.040200000,3,
2026-10-02,ADU,OPT,ADUJ7 P0735,2027-04-09,P,0.735,0.044400000,3,
2026-10-02,ADU,OPT,ADUJ7 P0740,2027-04-09,P,0.74,0.048600000,3,
2026-10-02,ADU,OPT,ADUJ7 P0745,2027-04-09,P,0.745,0.053000000,3,
2026-10-02,ADU,OPT,ADUJ7 P0750,2027-04-09,P,0.75,0.057500000,3,
2026-10-02,ADU,OPT,ADUJ7 P0755,2027-04-09,P,0.755,0.062100000,3,
2026-10-02,ADU,OPT,ADUJ7 P0760,2027-04-09,P,0.76,0.066700000,3,
2026-10-02,ADU,OPT,ADUJ7 P0765,2027-04-09,P,0.765,0.071400000,3,
2026-10-02,ADU,OPT,ADUJ7 P0770,2027-04-09,P,0.77,0.076100000,3,
2026-10-02,ADU,OPT,ADUJ7 P0780,2027-04-09,P,0.78,0.085600000,3,
2026-10-02,ADU,OPT,ADUJ7 P0790,2027-04-09,P,0.79,0.095300000,3,
2026-10-02,ADU,OPT,ADUJ7 P0800,2027-04-09,P,0.8,0.104900000,3,
2026-10-02,ADU,OPT,ADUJ7 P0810,2027-04-09,P,0.81,0.114700000,3,
2026-10-02,ADU,OPT,ADUJ7 P0820,2027-04-09,P,0.82,0.124400000,3,
2026-10-02,ADU,OPT,ADUJ7 P0830,2027-04-09,P,0.83,0.134200000,3,
2026-10-02,ADU,OPT,ADUJ7 P0840,2027-04-09,P,0.84,0.143900000,3,
2026-10-02,ADU,OPT,ADUJ7 P0850,2027-04-09,P,0.85,0.153700000,3,
2026-10-02,ADU,OPT,ADUJ7 P0860,2027-04-09,P,0.86,0.163500000,3,
2026-10-02,ADU,OPT,ADUJ7 P0870,2027-04-09,P,0.87,0.173300000,3,
2026-10-02,ADU,OPT,ADUK7 C0540,2027-05-07,C,0.54,0.149700000,3,
2026-10-02,ADU,OPT,ADUK7 C0550,2027-05-07,C,0.55,0.140000000,3,
2026-10-02,ADU,OPT,ADUK7 C0560,2027-05-07,C,0.56,0.130300000,3,
2026-10-02,ADU,OPT,ADUK7 C0570,2027-05-07,C,0.57,0.120600000,3,
2026-10-02,ADU,OPT,ADUK7 C0580,2027-05-07,C,0.58,0.111000000,3,
2026-10-02,ADU,OPT,ADUK7 C0590,2027-05-07,C,0.59,0.101400000,3,
2026-10-02,ADU,OPT,ADUK7 C0600,2027-05-07,C,0.6,0.092000000,3,
2026-10-02,ADU,OPT,ADUK7 C0610,2027-05-07,C,0.61,0.082600000,3,
2026-10-02,ADU,OPT,ADUK7 C0620,2027-05-07,C,0.62,0.073500000,3,
2026-10-02,ADU,OPT,ADUK7 C0630,2027-05-07,C,0.63,0.064600000,3,
2026-10-02,ADU,OPT,ADUK7 C0635,2027-05-07,C,0.635,0.060200000,3,
2026-10-02,ADU,OPT,ADUK7 C0640,2027-05-07,C,0.64,0.055900000,3,
2026-10-02,ADU,OPT,ADUK7 C0645,2027-05-07,C,0.645,0.051700000,3,
2026-10-02,ADU,OPT,ADUK7 C0650,2027-05-07,C,0.65,0.047500000,3,
2026-10-02,ADU,OPT,ADUK7 C0655,2027-05-07,C,0.655,0.043500000,3,
2026-10-02,ADU,OPT,ADUK7 C0660,2027-05-07,C,0.66,0.039500000,3,
2026-10-02,ADU,OPT,ADUK7 C0665,2027-05-07,C,0.665,0.035700000,3,
2026-10-02,ADU,OPT,ADUK7 C0670,2027-05-07,C,0.67,0.032100000,3,
2026-10-02,ADU,OPT,ADUK7 C0675,2027-05-07,C,0.675,0.028600000,3,
2026-10-02,ADU,OPT,ADUK7 C0680,2027-05-07,C,0.68,0.025300000,3,4
2026-10-02,ADU,OPT,ADUK7 C0685,2027-05-07,C,0.685,0.022200000,3,
2026-10-02,ADU,OPT,ADUK7 C0690,2027-05-07,C,0.69,0.019300000,3,
2026-10-02,ADU,OPT,ADUK7 C0695,2027-05-07,C,0.695,0.016700000,3,
2026-10-02,ADU,OPT,ADUK7 C0700,2027-05-07,C,0.7,0.014300000,3,3
2026-10-02,ADU,OPT,ADUK7 C0705,2027-05-07,C,0.705,0.012200000,3,448
2026-10-02,ADU,OPT,ADUK7 C0710,2027-05-07,C,0.71,0.010300000,3,
2026-10-02,ADU,OPT,ADUK7 C0715,2027-05-07,C,0.715,0.008700000,3,
2026-10-02,ADU,OPT,ADUK7 C0720,2027-05-07,C,0.72,0.007200000,3,
2026-10-02,ADU,OPT,ADUK7 C0725,2027-05-07,C,0.725,0.006000000,3,
2026-10-02,ADU,OPT,ADUK7 C0730,2027-05-07,C,0.73,0.005000000,3,
2026-10-02,ADU,OPT,ADUK7 C0735,2027-05-07,C,0.735,0.004100000,3,
2026-10-02,ADU,OPT,ADUK7 C0740,2027-05-07,C,0.74,0.003300000,3,
2026-10-02,ADU,OPT,ADUK7 C0745,2027-05-07,C,0.745,0.002700000,3,
2026-10-02,ADU,OPT,ADUK7 C0750,2027-05-07,C,0.75,0.002200000,3,
2026-10-02,ADU,OPT,ADUK7 C0755,2027-05-07,C,0.755,0.001800000,3,
2026-10-02,ADU,OPT,ADUK7 C0760,2027-05-07,C,0.76,0.001500000,3,
2026-10-02,ADU,OPT,ADUK7 C0765,2027-05-07,C,0.765,0.001200000,3,
2026-10-02,ADU,OPT,ADUK7 C0770,2027-05-07,C,0.77,0.001000000,3,
2026-10-02,ADU,OPT,ADUK7 C0780,2027-05-07,C,0.78,0.000700000,3,1
2026-10-02,ADU,OPT,ADUK7 C0790,2027-05-07,C,0.79,0.000450000,3,1
2026-10-02,ADU,OPT,ADUK7 C0800,2027-05-07,C,0.8,0.000300000,3,
2026-10-02,ADU,OPT,ADUK7 C0810,2027-05-07,C,0.81,0.000200000,3,
2026-10-02,ADU,OPT,ADUK7 C0820,2027-05-07,C,0.82,0.000150000,3,
2026-10-02,ADU,OPT,ADUK7 C0830,2027-05-07,C,0.83,0.000100000,3,
2026-10-02,ADU,OPT,ADUK7 C0840,2027-05-07,C,0.84,0.000050000,3,
2026-10-02,ADU,OPT,ADUK7 C0850,2027-05-07,C,0.85,0.000050000,3,
2026-10-02,ADU,OPT,ADUK7 C0860,2027-05-07,C,0.86,0.000050000,3,
2026-10-02,ADU,OPT,ADUK7 C0870,2027-05-07,C,0.87,0.000050000,3,
2026-10-02,ADU,OPT,ADUK7 P0540,2027-05-07,P,0.54,0.000450000,3,
2026-10-02,ADU,OPT,ADUK7 P0550,2027-05-07,P,0.55,0.000500000,3,
2026-10-02,ADU,OPT,ADUK7 P0560,2027-05-07,P,0.56,0.000600000,3,
2026-10-02,ADU,OPT,ADUK7 P0570,2027-05-07,P,0.57,0.000700000,3,
2026-10-02,ADU,OPT,ADUK7 P0580,2027-05-07,P,0.58,0.000800000,3,
2026-10-02,ADU,OPT,ADUK7 P0590,2027-05-07,P,0.59,0.001000000,3,2
2026-10-02,ADU,OPT,ADUK7 P0600,2027-05-07,P,0.6,0.001200000,3,3
2026-10-02,ADU,OPT,ADUK7 P0610,2027-05-07,P,0.61,0.001700000,3,1
2026-10-02,ADU,OPT,ADUK7 P0620,2027-05-07,P,0.62,0.002300000,3,1
2026-10-02,ADU,OPT,ADUK7 P0630,2027-05-07,P,0.63,0.003100000,3,
2026-10-02,ADU,OPT,ADUK7 P0635,2027-05-07,P,0.635,0.003600000,3,
2026-10-02,ADU,OPT,ADUK7 P0640,2027-05-07,P,0.64,0.004200000,3,
2026-10-02,ADU,OPT,ADUK7 P0645,2027-05-07,P,0.645,0.004800000,3,
2026-10-02,ADU,OPT,ADUK7 P0650,2027-05-07,P,0.65,0.005600000,3,
2026-10-02,ADU,OPT,ADUK7 P0655,2027-05-07,P,0.655,0.006400000,3,
2026-10-02,ADU,OPT,ADUK7 P0660,2027-05-07,P,0.66,0.007300000,3,
2026-10-02,ADU,OPT,ADUK7 P0665,2027-05-07,P,0.665,0.008400000,3,
2026-10-02,ADU,OPT,ADUK7 P0670,2027-05-07,P,0.67,0.009700000,3,
2026-10-02,ADU,OPT,ADUK7 P0675,2027-05-07,P,0.675,0.011000000,3,1
2026-10-02,ADU,OPT,ADUK7 P0680,2027-05-07,P,0.68,0.012600000,3,
2026-10-02,ADU,OPT,ADUK7 P0685,2027-05-07,P,0.685,0.014400000,3,
2026-10-02,ADU,OPT,ADUK7 P0690,2027-05-07,P,0.69,0.016400000,3,
2026-10-02,ADU,OPT,ADUK7 P0695,2027-05-07,P,0.695,0.018700000,3,14
2026-10-02,ADU,OPT,ADUK7 P0700,2027-05-07,P,0.7,0.021100000,3,
2026-10-02,ADU,OPT,ADUK7 P0705,2027-05-07,P,0.705,0.023900000,3,
2026-10-02,ADU,OPT,ADUK7 P0710,2027-05-07,P,0.71,0.026900000,3,30
2026-10-02,ADU,OPT,ADUK7 P0715,2027-05-07,P,0.715,0.030100000,3,
2026-10-02,ADU,OPT,ADUK7 P0720,2027-05-07,P,0.72,0.033600000,3,
2026-10-02,ADU,OPT,ADUK7 P0725,2027-05-07,P,0.725,0.037200000,3,
2026-10-02,ADU,OPT,ADUK7 P0730,2027-05-07,P,0.73,0.041000000,3,
2026-10-02,ADU,OPT,ADUK7 P0735,2027-05-07,P,0.735,0.045000000,3,
2026-10-02,ADU,OPT,ADUK7 P0740,2027-05-07,P,0.74,0.049200000,3,
2026-10-02,ADU,OPT,ADUK7 P0745,2027-05-07,P,0.745,0.053500000,3,
2026-10-02,ADU,OPT,ADUK7 P0750,2027-05-07,P,0.75,0.057800000,3,
2026-10-02,ADU,OPT,ADUK7 P0755,2027-05-07,P,0.755,0.062300000,3,
2026-10-02,ADU,OPT,ADUK7 P0760,2027-05-07,P,0.76,0.066900000,3,
2026-10-02,ADU,OPT,ADUK7 P0765,2027-05-07,P,0.765,0.071500000,3,
2026-10-02,ADU,OPT,ADUK7 P0770,2027-05-07,P,0.77,0.076100000,3,
2026-10-02,ADU,OPT,ADUK7 P0780,2027-05-07,P,0.78,0.085600000,3,
2026-10-02,ADU,OPT,ADUK7 P0790,2027-05-07,P,0.79,0.095100000,3,
2026-10-02,ADU,OPT,ADUK7 P0800,2027-05-07,P,0.8,0.104700000,3,
2026-10-02,ADU,OPT,ADUK7 P0810,2027-05-07,P,0.81,0.114400000,3,
2026-10-02,ADU,OPT,ADUK7 P0820,2027-05-07,P,0.82,0.124000000,3,
2026-10-02,ADU,OPT,ADUK7 P0830,2027-05-07,P,0.83,0.133700000,3,
2026-10-02,ADU,OPT,ADUK7 P0840,2027-05-07,P,0.84,0.143500000,3,
2026-10-02,ADU,OPT,ADUK7 P0850,2027-05-07,P,0.85,0.153200000,3,
2026-10-02,ADU,OPT,ADUK7 P0860,2027-05-07,P,0.86,0.162900000,3,
2026-10-02,ADU,OPT,ADUK7 P0870,2027-05-07,P,0.87,0.172700000,3,
2026-10-02,ADU,OPT,ADUM7 C0500,2027-06-04,C,0.5,0.187900000,3,
2026-10-02,ADU,OPT,ADUM7 C0510,2027-06-04,C,0.51,0.178200000,3,
2026-10-02,ADU,OPT,ADUM7 C0520,2027-06-04,C,0.52,0.168600000,3,
2026-10-02,ADU,OPT,ADUM7 C0530,2027-06-04,C,0.53,0.159000000,3,
2026-10-02,ADU,OPT,ADUM7 C0540,2027-06-04,C,0.54,0.149300000,3,
2026-10-02,ADU,OPT,ADUM7 C0550,2027-06-04,C,0.55,0.139700000,3,
2026-10-02,ADU,OPT,ADUM7 C0560,2027-06-04,C,0.56,0.130000000,3,
2026-10-02,ADU,OPT,ADUM7 C0570,2027-06-04,C,0.57,0.120400000,3,
2026-10-02,ADU,OPT,ADUM7 C0580,2027-06-04,C,0.58,0.110800000,3,
2026-10-02,ADU,OPT,ADUM7 C0590,2027-06-04,C,0.59,0.101400000,3,
2026-10-02,ADU,OPT,ADUM7 C0595,2027-06-04,C,0.595,0.096700000,3,
2026-10-02,ADU,OPT,ADUM7 C0600,2027-06-04,C,0.6,0.092100000,3,
2026-10-02,ADU,OPT,ADUM7 C0605,2027-06-04,C,0.605,0.087500000,3,
2026-10-02,ADU,OPT,ADUM7 C0610,2027-06-04,C,0.61,0.082900000,3,
2026-10-02,ADU,OPT,ADUM7 C0615,2027-06-04,C,0.615,0.078300000,3,
2026-10-02,ADU,OPT,ADUM7 C0620,2027-06-04,C,0.62,0.073800000,3,
2026-10-02,ADU,OPT,ADUM7 C0625,2027-06-04,C,0.625,0.069300000,3,
2026-10-02,ADU,OPT,ADUM7 C0630,2027-06-04,C,0.63,0.064900000,3,
2026-10-02,ADU,OPT,ADUM7 C0635,2027-06-04,C,0.635,0.060700000,3,
2026-10-02,ADU,OPT,ADUM7 C0640,2027-06-04,C,0.64,0.056500000,3,
2026-10-02,ADU,OPT,ADUM7 C0645,2027-06-04,C,0.645,0.052400000,3,
2026-10-02,ADU,OPT,ADUM7 C0650,2027-06-04,C,0.65,0.048300000,3,
2026-10-02,ADU,OPT,ADUM7 C0655,2027-06-04,C,0.655,0.044300000,3,
2026-10-02,ADU,OPT,ADUM7 C0660,2027-06-04,C,0.66,0.040400000,3,
2026-10-02,ADU,OPT,ADUM7 C0665,2027-06-04,C,0.665,0.036600000,3,
2026-10-02,ADU,OPT,ADUM7 C0670,2027-06-04,C,0.67,0.033000000,3,
2026-10-02,ADU,OPT,ADUM7 C0675,2027-06-04,C,0.675,0.029600000,3,
2026-10-02,ADU,OPT,ADUM7 C0680,2027-06-04,C,0.68,0.026300000,3,
2026-10-02,ADU,OPT,ADUM7 C0685,2027-06-04,C,0.685,0.023300000,3,
2026-10-02,ADU,OPT,ADUM7 C0690,2027-06-04,C,0.69,0.020500000,3,10
2026-10-02,ADU,OPT,ADUM7 C0695,2027-06-04,C,0.695,0.017900000,3,4
2026-10-02,ADU,OPT,ADUM7 C0700,2027-06-04,C,0.7,0.015500000,3,3
2026-10-02,ADU,OPT,ADUM7 C0705,2027-06-04,C,0.705,0.013400000,3,
2026-10-02,ADU,OPT,ADUM7 C0710,2027-06-04,C,0.71,0.011500000,3,130
2026-10-02,ADU,OPT,ADUM7 C0715,2027-06-04,C,0.715,0.009800000,3,
2026-10-02,ADU,OPT,ADUM7 C0720,2027-06-04,C,0.72,0.008300000,3,2
2026-10-02,ADU,OPT,ADUM7 C0725,2027-06-04,C,0.725,0.007000000,3,
2026-10-02,ADU,OPT,ADUM7 C0730,2027-06-04,C,0.73,0.005900000,3,
2026-10-02,ADU,OPT,ADUM7 C0735,2027-06-04,C,0.735,0.004900000,3,
2026-10-02,ADU,OPT,ADUM7 C0740,2027-06-04,C,0.74,0.004100000,3,
2026-10-02,ADU,OPT,ADUM7 C0745,2027-06-04,C,0.745,0.003500000,3,
2026-10-02,ADU,OPT,ADUM7 C0750,2027-06-04,C,0.75,0.002900000,3,2
2026-10-02,ADU,OPT,ADUM7 C0755,2027-06-04,C,0.755,0.002400000,3,
2026-10-02,ADU,OPT,ADUM7 C0760,2027-06-04,C,0.76,0.002000000,3,
2026-10-02,ADU,OPT,ADUM7 C0765,2027-06-04,C,0.765,0.001700000,3,
2026-10-02,ADU,OPT,ADUM7 C0770,2027-06-04,C,0.77,0.001400000,3,
2026-10-02,ADU,OPT,ADUM7 C0780,2027-06-04,C,0.78,0.001000000,3,
2026-10-02,ADU,OPT,ADUM7 C0790,2027-06-04,C,0.79,0.000700000,3,1
2026-10-02,ADU,OPT,ADUM7 C0800,2027-06-04,C,0.8,0.000450000,3,
2026-10-02,ADU,OPT,ADUM7 C0810,2027-06-04,C,0.81,0.000350000,3,
2026-10-02,ADU,OPT,ADUM7 C0820,2027-06-04,C,0.82,0.000250000,3,
2026-10-02,ADU,OPT,ADUM7 C0830,2027-06-04,C,0.83,0.000200000,3,
2026-10-02,ADU,OPT,ADUM7 C0840,2027-06-04,C,0.84,0.000150000,3,
2026-10-02,ADU,OPT,ADUM7 C0850,2027-06-04,C,0.85,0.000100000,3,
2026-10-02,ADU,OPT,ADUM7 C0860,2027-06-04,C,0.86,0.000050000,3,
2026-10-02,ADU,OPT,ADUM7 C0870,2027-06-04,C,0.87,0.000050000,3,
2026-10-02,ADU,OPT,ADUM7 P0500,2027-06-04,P,0.5,0.000250000,3,
2026-10-02,ADU,OPT,ADUM7 P0510,2027-06-04,P,0.51,0.000300000,3,
2026-10-02,ADU,OPT,ADUM7 P0520,2027-06-04,P,0.52,0.000400000,3,
2026-10-02,ADU,OPT,ADUM7 P0530,2027-06-04,P,0.53,0.000500000,3,
2026-10-02,ADU,OPT,ADUM7 P0540,2027-06-04,P,0.54,0.000600000,3,1
2026-10-02,ADU,OPT,ADUM7 P0550,2027-06-04,P,0.55,0.000700000,3,
2026-10-02,ADU,OPT,ADUM7 P0560,2027-06-04,P,0.56,0.000700000,3,
2026-10-02,ADU,OPT,ADUM7 P0570,2027-06-04,P,0.57,0.000800000,3,2
2026-10-02,ADU,OPT,ADUM7 P0580,2027-06-04,P,0.58,0.001000000,3,4
2026-10-02,ADU,OPT,ADUM7 P0590,2027-06-04,P,0.59,0.001300000,3,4
2026-10-02,ADU,OPT,ADUM7 P0595,2027-06-04,P,0.595,0.001500000,3,3
2026-10-02,ADU,OPT,ADUM7 P0600,2027-06-04,P,0.6,0.001700000,3,12
2026-10-02,ADU,OPT,ADUM7 P0605,2027-06-04,P,0.605,0.001900000,3,2
2026-10-02,ADU,OPT,ADUM7 P0610,2027-06-04,P,0.61,0.002200000,3,2
2026-10-02,ADU,OPT,ADUM7 P0615,2027-06-04,P,0.615,0.002500000,3,1
2026-10-02,ADU,OPT,ADUM7 P0620,2027-06-04,P,0.62,0.002800000,3,
2026-10-02,ADU,OPT,ADUM7 P0625,2027-06-04,P,0.625,0.003200000,3,
2026-10-02,ADU,OPT,ADUM7 P0630,2027-06-04,P,0.63,0.003700000,3,
2026-10-02,ADU,OPT,ADUM7 P0635,2027-06-04,P,0.635,0.004300000,3,
2026-10-02,ADU,OPT,ADUM7 P0640,2027-06-04,P,0.64,0.005000000,3,
2026-10-02,ADU,OPT,ADUM7 P0645,2027-06-04,P,0.645,0.005700000,3,
2026-10-02,ADU,OPT,ADUM7 P0650,2027-06-04,P,0.65,0.006500000,3,4
2026-10-02,ADU,OPT,ADUM7 P0655,2027-06-04,P,0.655,0.007300000,3,
2026-10-02,ADU,OPT,ADUM7 P0660,2027-06-04,P,0.66,0.008300000,3,1
2026-10-02,ADU,OPT,ADUM7 P0665,2027-06-04,P,0.665,0.009400000,3,8
2026-10-02,ADU,OPT,ADUM7 P0670,2027-06-04,P,0.67,0.010600000,3,10
2026-10-02,ADU,OPT,ADUM7 P0675,2027-06-04,P,0.675,0.012100000,3,8
2026-10-02,ADU,OPT,ADUM7 P0680,2027-06-04,P,0.68,0.013700000,3,2
2026-10-02,ADU,OPT,ADUM7 P0685,2027-06-04,P,0.685,0.015500000,3,13
2026-10-02,ADU,OPT,ADUM7 P0690,2027-06-04,P,0.69,0.017600000,3,3
2026-10-02,ADU,OPT,ADUM7 P0695,2027-06-04,P,0.695,0.019800000,3,
2026-10-02,ADU,OPT,ADUM7 P0700,2027-06-04,P,0.7,0.022300000,3,1
2026-10-02,ADU,OPT,ADUM7 P0705,2027-06-04,P,0.705,0.025100000,3,
2026-10-02,ADU,OPT,ADUM7 P0710,2027-06-04,P,0.71,0.028000000,3,130
2026-10-02,ADU,OPT,ADUM7 P0715,2027-06-04,P,0.715,0.031200000,3,
2026-10-02,ADU,OPT,ADUM7 P0720,2027-06-04,P,0.72,0.034500000,3,
2026-10-02,ADU,OPT,ADUM7 P0725,2027-06-04,P,0.725,0.038100000,3,
2026-10-02,ADU,OPT,ADUM7 P0730,2027-06-04,P,0.73,0.041900000,3,
2026-10-02,ADU,OPT,ADUM7 P0735,2027-06-04,P,0.735,0.045800000,3,
2026-10-02,ADU,OPT,ADUM7 P0740,2027-06-04,P,0.74,0.049800000,3,
2026-10-02,ADU,OPT,ADUM7 P0745,2027-06-04,P,0.745,0.054000000,3,
2026-10-02,ADU,OPT,ADUM7 P0750,2027-06-04,P,0.75,0.058300000,3,
2026-10-02,ADU,OPT,ADUM7 P0755,2027-06-04,P,0.755,0.062700000,3,
2026-10-02,ADU,OPT,ADUM7 P0760,2027-06-04,P,0.76,0.067100000,3,
2026-10-02,ADU,OPT,ADUM7 P0765,2027-06-04,P,0.765,0.071700000,3,
2026-10-02,ADU,OPT,ADUM7 P0770,2027-06-04,P,0.77,0.076300000,3,
2026-10-02,ADU,OPT,ADUM7 P0780,2027-06-04,P,0.78,0.085600000,3,
2026-10-02,ADU,OPT,ADUM7 P0790,2027-06-04,P,0.79,0.095000000,3,
2026-10-02,ADU,OPT,ADUM7 P0800,2027-06-04,P,0.8,0.104500000,3,
2026-10-02,ADU,OPT,ADUM7 P0810,2027-06-04,P,0.81,0.114100000,3,
2026-10-02,ADU,OPT,ADUM7 P0820,2027-06-04,P,0.82,0.123700000,3,
2026-10-02,ADU,OPT,ADUM7 P0830,2027-06-04,P,0.83,0.133400000,3,
2026-10-02,ADU,OPT,ADUM7 P0840,2027-06-04,P,0.84,0.143000000,3,
2026-10-02,ADU,OPT,ADUM7 P0850,2027-06-04,P,0.85,0.152700000,3,
2026-10-02,ADU,OPT,ADUM7 P0860,2027-06-04,P,0.86,0.162400000,3,
2026-10-02,ADU,OPT,ADUM7 P0870,2027-06-04,P,0.87,0.172100000,3,
2026-10-02,ADU,OPT,ADUN7 C0540,2027-07-09,C,0.54,0.148500000,3,
2026-10-02,ADU,OPT,ADUN7 C0550,2027-07-09,C,0.55,0.138800000,3,
2026-10-02,ADU,OPT,ADUN7 C0560,2027-07-09,C,0.56,0.129200000,3,
2026-10-02,ADU,OPT,ADUN7 C0570,2027-07-09,C,0.57,0.119700000,3,
2026-10-02,ADU,OPT,ADUN7 C0580,2027-07-09,C,0.58,0.110300000,3,
2026-10-02,ADU,OPT,ADUN7 C0590,2027-07-09,C,0.59,0.101000000,3,
2026-10-02,ADU,OPT,ADUN7 C0600,2027-07-09,C,0.6,0.091800000,3,
2026-10-02,ADU,OPT,ADUN7 C0610,2027-07-09,C,0.61,0.082700000,3,
2026-10-02,ADU,OPT,ADUN7 C0620,2027-07-09,C,0.62,0.073800000,3,
2026-10-02,ADU,OPT,ADUN7 C0630,2027-07-09,C,0.63,0.065100000,3,
2026-10-02,ADU,OPT,ADUN7 C0640,2027-07-09,C,0.64,0.056700000,3,
2026-10-02,ADU,OPT,ADUN7 C0645,2027-07-09,C,0.645,0.052700000,3,
2026-10-02,ADU,OPT,ADUN7 C0650,2027-07-09,C,0.65,0.048700000,3,
2026-10-02,ADU,OPT,ADUN7 C0655,2027-07-09,C,0.655,0.044800000,3,
2026-10-02,ADU,OPT,ADUN7 C0660,2027-07-09,C,0.66,0.041100000,3,
2026-10-02,ADU,OPT,ADUN7 C0665,2027-07-09,C,0.665,0.037400000,3,
2026-10-02,ADU,OPT,ADUN7 C0670,2027-07-09,C,0.67,0.034000000,3,
2026-10-02,ADU,OPT,ADUN7 C0675,2027-07-09,C,0.675,0.030600000,3,
2026-10-02,ADU,OPT,ADUN7 C0680,2027-07-09,C,0.68,0.027500000,3,
2026-10-02,ADU,OPT,ADUN7 C0685,2027-07-09,C,0.685,0.024500000,3,
2026-10-02,ADU,OPT,ADUN7 C0690,2027-07-09,C,0.69,0.021700000,3,
2026-10-02,ADU,OPT,ADUN7 C0695,2027-07-09,C,0.695,0.019200000,3,
2026-10-02,ADU,OPT,ADUN7 C0700,2027-07-09,C,0.7,0.016800000,3,
2026-10-02,ADU,OPT,ADUN7 C0705,2027-07-09,C,0.705,0.014700000,3,
2026-10-02,ADU,OPT,ADUN7 C0710,2027-07-09,C,0.71,0.012800000,3,
2026-10-02,ADU,OPT,ADUN7 C0715,2027-07-09,C,0.715,0.011100000,3,
2026-10-02,ADU,OPT,ADUN7 C0720,2027-07-09,C,0.72,0.009500000,3,1
2026-10-02,ADU,OPT,ADUN7 C0725,2027-07-09,C,0.725,0.008200000,3,
2026-10-02,ADU,OPT,ADUN7 C0730,2027-07-09,C,0.73,0.007000000,3,
2026-10-02,ADU,OPT,ADUN7 C0735,2027-07-09,C,0.735,0.005900000,3,
2026-10-02,ADU,OPT,ADUN7 C0740,2027-07-09,C,0.74,0.005000000,3,
2026-10-02,ADU,OPT,ADUN7 C0745,2027-07-09,C,0.745,0.004300000,3,
2026-10-02,ADU,OPT,ADUN7 C0750,2027-07-09,C,0.75,0.003600000,3,3
2026-10-02,ADU,OPT,ADUN7 C0755,2027-07-09,C,0.755,0.003000000,3,
2026-10-02,ADU,OPT,ADUN7 C0760,2027-07-09,C,0.76,0.002600000,3,
2026-10-02,ADU,OPT,ADUN7 C0765,2027-07-09,C,0.765,0.002200000,3,
2026-10-02,ADU,OPT,ADUN7 C0770,2027-07-09,C,0.77,0.001900000,3,
2026-10-02,ADU,OPT,ADUN7 C0780,2027-07-09,C,0.78,0.001400000,3,
2026-10-02,ADU,OPT,ADUN7 C0790,2027-07-09,C,0.79,0.001000000,3,
2026-10-02,ADU,OPT,ADUN7 C0800,2027-07-09,C,0.8,0.000700000,3,
2026-10-02,ADU,OPT,ADUN7 C0810,2027-07-09,C,0.81,0.000600000,3,
2026-10-02,ADU,OPT,ADUN7 C0820,2027-07-09,C,0.82,0.000400000,3,
2026-10-02,ADU,OPT,ADUN7 C0830,2027-07-09,C,0.83,0.000300000,3,
2026-10-02,ADU,OPT,ADUN7 C0840,2027-07-09,C,0.84,0.000250000,3,
2026-10-02,ADU,OPT,ADUN7 C0850,2027-07-09,C,0.85,0.000200000,3,
2026-10-02,ADU,OPT,ADUN7 C0860,2027-07-09,C,0.86,0.000200000,3,
2026-10-02,ADU,OPT,ADUN7 C0870,2027-07-09,C,0.87,0.000200000,3,
2026-10-02,ADU,OPT,ADUN7 P0540,2027-07-09,P,0.54,0.000800000,3,
2026-10-02,ADU,OPT,ADUN7 P0550,2027-07-09,P,0.55,0.000800000,3,
2026-10-02,ADU,OPT,ADUN7 P0560,2027-07-09,P,0.56,0.000900000,3,
2026-10-02,ADU,OPT,ADUN7 P0570,2027-07-09,P,0.57,0.001000000,3,2
2026-10-02,ADU,OPT,ADUN7 P0580,2027-07-09,P,0.58,0.001300000,3,1
2026-10-02,ADU,OPT,ADUN7 P0590,2027-07-09,P,0.59,0.001700000,3,3
2026-10-02,ADU,OPT,ADUN7 P0600,2027-07-09,P,0.6,0.002200000,3,1
2026-10-02,ADU,OPT,ADUN7 P0610,2027-07-09,P,0.61,0.002800000,3,
2026-10-02,ADU,OPT,ADUN7 P0620,2027-07-09,P,0.62,0.003600000,3,8
2026-10-02,ADU,OPT,ADUN7 P0630,2027-07-09,P,0.63,0.004500000,3,
2026-10-02,ADU,OPT,ADUN7 P0640,2027-07-09,P,0.64,0.005800000,3,
2026-10-02,ADU,OPT,ADUN7 P0645,2027-07-09,P,0.645,0.006600000,3,
2026-10-02,ADU,OPT,ADUN7 P0650,2027-07-09,P,0.65,0.007400000,3,1
2026-10-02,ADU,OPT,ADUN7 P0655,2027-07-09,P,0.655,0.008400000,3,
2026-10-02,ADU,OPT,ADUN7 P0660,2027-07-09,P,0.66,0.009500000,3,
2026-10-02,ADU,OPT,ADUN7 P0665,2027-07-09,P,0.665,0.010700000,3,
2026-10-02,ADU,OPT,ADUN7 P0670,2027-07-09,P,0.67,0.012100000,3,2
2026-10-02,ADU,OPT,ADUN7 P0675,2027-07-09,P,0.675,0.013600000,3,
2026-10-02,ADU,OPT,ADUN7 P0680,2027-07-09,P,0.68,0.015300000,3,
2026-10-02,ADU,OPT,ADUN7 P0685,2027-07-09,P,0.685,0.017100000,3,1
2026-10-02,ADU,OPT,ADUN7 P0690,2027-07-09,P,0.69,0.019200000,3,
2026-10-02,ADU,OPT,ADUN7 P0695,2027-07-09,P,0.695,0.021500000,3,
2026-10-02,ADU,OPT,ADUN7 P0700,2027-07-09,P,0.7,0.024000000,3,
2026-10-02,ADU,OPT,ADUN7 P0705,2027-07-09,P,0.705,0.026700000,3,9
2026-10-02,ADU,OPT,ADUN7 P0710,2027-07-09,P,0.71,0.029600000,3,
2026-10-02,ADU,OPT,ADUN7 P0715,2027-07-09,P,0.715,0.032700000,3,
2026-10-02,ADU,OPT,ADUN7 P0720,2027-07-09,P,0.72,0.036000000,3,
2026-10-02,ADU,OPT,ADUN7 P0725,2027-07-09,P,0.725,0.039500000,3,
2026-10-02,ADU,OPT,ADUN7 P0730,2027-07-09,P,0.73,0.043200000,3,
2026-10-02,ADU,OPT,ADUN7 P0735,2027-07-09,P,0.735,0.047000000,3,
2026-10-02,ADU,OPT,ADUN7 P0740,2027-07-09,P,0.74,0.050900000,3,
2026-10-02,ADU,OPT,ADUN7 P0745,2027-07-09,P,0.745,0.055000000,3,
2026-10-02,ADU,OPT,ADUN7 P0750,2027-07-09,P,0.75,0.059200000,3,
2026-10-02,ADU,OPT,ADUN7 P0755,2027-07-09,P,0.755,0.063400000,3,
2026-10-02,ADU,OPT,ADUN7 P0760,2027-07-09,P,0.76,0.067800000,3,
2026-10-02,ADU,OPT,ADUN7 P0765,2027-07-09,P,0.765,0.072300000,3,
2026-10-02,ADU,OPT,ADUN7 P0770,2027-07-09,P,0.77,0.076800000,3,
2026-10-02,ADU,OPT,ADUN7 P0780,2027-07-09,P,0.78,0.086000000,3,
2026-10-02,ADU,OPT,ADUN7 P0790,2027-07-09,P,0.79,0.095300000,3,
2026-10-02,ADU,OPT,ADUN7 P0800,2027-07-09,P,0.8,0.104700000,3,
2026-10-02,ADU,OPT,ADUN7 P0810,2027-07-09,P,0.81,0.114200000,3,
2026-10-02,ADU,OPT,ADUN7 P0820,2027-07-09,P,0.82,0.123700000,3,
2026-10-02,ADU,OPT,ADUN7 P0830,2027-07-09,P,0.83,0.133300000,3,
2026-10-02,ADU,OPT,ADUN7 P0840,2027-07-09,P,0.84,0.142900000,3,
2026-10-02,ADU,OPT,ADUN7 P0850,2027-07-09,P,0.85,0.152600000,3,
2026-10-02,ADU,OPT,ADUN7 P0860,2027-07-09,P,0.86,0.162200000,3,
2026-10-02,ADU,OPT,ADUN7 P0870,2027-07-09,P,0.87,0.171900000,3,
2026-10-02,ADU,OPT,ADUQ7 C0540,2027-08-06,C,0.54,0.147900000,3,
2026-10-02,ADU,OPT,ADUQ7 C0550,2027-08-06,C,0.55,0.138400000,3,
2026-10-02,ADU,OPT,ADUQ7 C0560,2027-08-06,C,0.56,0.128900000,3,
2026-10-02,ADU,OPT,ADUQ7 C0570,2027-08-06,C,0.57,0.119500000,3,
2026-10-02,ADU,OPT,ADUQ7 C0580,2027-08-06,C,0.58,0.110200000,3,
2026-10-02,ADU,OPT,ADUQ7 C0590,2027-08-06,C,0.59,0.101000000,3,
2026-10-02,ADU,OPT,ADUQ7 C0600,2027-08-06,C,0.6,0.091900000,3,
2026-10-02,ADU,OPT,ADUQ7 C0610,2027-08-06,C,0.61,0.083000000,3,
2026-10-02,ADU,OPT,ADUQ7 C0620,2027-08-06,C,0.62,0.074200000,3,
2026-10-02,ADU,OPT,ADUQ7 C0630,2027-08-06,C,0.63,0.065600000,3,
2026-10-02,ADU,OPT,ADUQ7 C0640,2027-08-06,C,0.64,0.057400000,3,
2026-10-02,ADU,OPT,ADUQ7 C0645,2027-08-06,C,0.645,0.053300000,3,
2026-10-02,ADU,OPT,ADUQ7 C0650,2027-08-06,C,0.65,0.049400000,3,
2026-10-02,ADU,OPT,ADUQ7 C0655,2027-08-06,C,0.655,0.045600000,3,
2026-10-02,ADU,OPT,ADUQ7 C0660,2027-08-06,C,0.66,0.041900000,3,
2026-10-02,ADU,OPT,ADUQ7 C0665,2027-08-06,C,0.665,0.038400000,3,
2026-10-02,ADU,OPT,ADUQ7 C0670,2027-08-06,C,0.67,0.034900000,3,
2026-10-02,ADU,OPT,ADUQ7 C0675,2027-08-06,C,0.675,0.031600000,3,
2026-10-02,ADU,OPT,ADUQ7 C0680,2027-08-06,C,0.68,0.028500000,3,
2026-10-02,ADU,OPT,ADUQ7 C0685,2027-08-06,C,0.685,0.025600000,3,
2026-10-02,ADU,OPT,ADUQ7 C0690,2027-08-06,C,0.69,0.022800000,3,
2026-10-02,ADU,OPT,ADUQ7 C0695,2027-08-06,C,0.695,0.020300000,3,
2026-10-02,ADU,OPT,ADUQ7 C0700,2027-08-06,C,0.7,0.018000000,3,
2026-10-02,ADU,OPT,ADUQ7 C0705,2027-08-06,C,0.705,0.015800000,3,
2026-10-02,ADU,OPT,ADUQ7 C0710,2027-08-06,C,0.71,0.013900000,3,
2026-10-02,ADU,OPT,ADUQ7 C0715,2027-08-06,C,0.715,0.012200000,3,
2026-10-02,ADU,OPT,ADUQ7 C0720,2027-08-06,C,0.72,0.010600000,3,
2026-10-02,ADU,OPT,ADUQ7 C0725,2027-08-06,C,0.725,0.009200000,3,
2026-10-02,ADU,OPT,ADUQ7 C0730,2027-08-06,C,0.73,0.008000000,3,
2026-10-02,ADU,OPT,ADUQ7 C0735,2027-08-06,C,0.735,0.006900000,3,
2026-10-02,ADU,OPT,ADUQ7 C0740,2027-08-06,C,0.74,0.005900000,3,
2026-10-02,ADU,OPT,ADUQ7 C0745,2027-08-06,C,0.745,0.005100000,3,
2026-10-02,ADU,OPT,ADUQ7 C0750,2027-08-06,C,0.75,0.004300000,3,8
2026-10-02,ADU,OPT,ADUQ7 C0755,2027-08-06,C,0.755,0.003700000,3,
2026-10-02,ADU,OPT,ADUQ7 C0760,2027-08-06,C,0.76,0.003200000,3,
2026-10-02,ADU,OPT,ADUQ7 C0765,2027-08-06,C,0.765,0.002700000,3,
2026-10-02,ADU,OPT,ADUQ7 C0770,2027-08-06,C,0.77,0.002300000,3,
2026-10-02,ADU,OPT,ADUQ7 C0780,2027-08-06,C,0.78,0.001700000,3,
2026-10-02,ADU,OPT,ADUQ7 C0790,2027-08-06,C,0.79,0.001300000,3,
2026-10-02,ADU,OPT,ADUQ7 C0800,2027-08-06,C,0.8,0.001000000,3,
2026-10-02,ADU,OPT,ADUQ7 C0810,2027-08-06,C,0.81,0.000700000,3,2
2026-10-02,ADU,OPT,ADUQ7 C0820,2027-08-06,C,0.82,0.000600000,3,
2026-10-02,ADU,OPT,ADUQ7 C0830,2027-08-06,C,0.83,0.000450000,3,
2026-10-02,ADU,OPT,ADUQ7 C0840,2027-08-06,C,0.84,0.000350000,3,
2026-10-02,ADU,OPT,ADUQ7 C0850,2027-08-06,C,0.85,0.000250000,3,
2026-10-02,ADU,OPT,ADUQ7 C0860,2027-08-06,C,0.86,0.000200000,3,
2026-10-02,ADU,OPT,ADUQ7 C0870,2027-08-06,C,0.87,0.000150000,3,
2026-10-02,ADU,OPT,ADUQ7 P0540,2027-08-06,P,0.54,0.000700000,3,
2026-10-02,ADU,OPT,ADUQ7 P0550,2027-08-06,P,0.55,0.000800000,3,
2026-10-02,ADU,OPT,ADUQ7 P0560,2027-08-06,P,0.56,0.001000000,3,5
2026-10-02,ADU,OPT,ADUQ7 P0570,2027-08-06,P,0.57,0.001300000,3,2
2026-10-02,ADU,OPT,ADUQ7 P0580,2027-08-06,P,0.58,0.001600000,3,2
2026-10-02,ADU,OPT,ADUQ7 P0590,2027-08-06,P,0.59,0.002100000,3,1
2026-10-02,ADU,OPT,ADUQ7 P0600,2027-08-06,P,0.6,0.002600000,3,
2026-10-02,ADU,OPT,ADUQ7 P0610,2027-08-06,P,0.61,0.003300000,3,
2026-10-02,ADU,OPT,ADUQ7 P0620,2027-08-06,P,0.62,0.004200000,3,
2026-10-02,ADU,OPT,ADUQ7 P0630,2027-08-06,P,0.63,0.005200000,3,
2026-10-02,ADU,OPT,ADUQ7 P0640,2027-08-06,P,0.64,0.006600000,3,
2026-10-02,ADU,OPT,ADUQ7 P0645,2027-08-06,P,0.645,0.007400000,3,
2026-10-02,ADU,OPT,ADUQ7 P0650,2027-08-06,P,0.65,0.008300000,3,
2026-10-02,ADU,OPT,ADUQ7 P0655,2027-08-06,P,0.655,0.009300000,3,
2026-10-02,ADU,OPT,ADUQ7 P0660,2027-08-06,P,0.66,0.010500000,3,
2026-10-02,ADU,OPT,ADUQ7 P0665,2027-08-06,P,0.665,0.011700000,3,50
2026-10-02,ADU,OPT,ADUQ7 P0670,2027-08-06,P,0.67,0.013100000,3,
2026-10-02,ADU,OPT,ADUQ7 P0675,2027-08-06,P,0.675,0.014700000,3,
2026-10-02,ADU,OPT,ADUQ7 P0680,2027-08-06,P,0.68,0.016400000,3,
2026-10-02,ADU,OPT,ADUQ7 P0685,2027-08-06,P,0.685,0.018300000,3,
2026-10-02,ADU,OPT,ADUQ7 P0690,2027-08-06,P,0.69,0.020300000,3,
2026-10-02,ADU,OPT,ADUQ7 P0695,2027-08-06,P,0.695,0.022600000,3,
2026-10-02,ADU,OPT,ADUQ7 P0700,2027-08-06,P,0.7,0.025100000,3,
2026-10-02,ADU,OPT,ADUQ7 P0705,2027-08-06,P,0.705,0.027800000,3,
2026-10-02,ADU,OPT,ADUQ7 P0710,2027-08-06,P,0.71,0.030700000,3,100
2026-10-02,ADU,OPT,ADUQ7 P0715,2027-08-06,P,0.715,0.033800000,3,
2026-10-02,ADU,OPT,ADUQ7 P0720,2027-08-06,P,0.72,0.037000000,3,
2026-10-02,ADU,OPT,ADUQ7 P0725,2027-08-06,P,0.725,0.040500000,3,
2026-10-02,ADU,OPT,ADUQ7 P0730,2027-08-06,P,0.73,0.044000000,3,
2026-10-02,ADU,OPT,ADUQ7 P0735,2027-08-06,P,0.735,0.047800000,3,
2026-10-02,ADU,OPT,ADUQ7 P0740,2027-08-06,P,0.74,0.051600000,3,
2026-10-02,ADU,OPT,ADUQ7 P0745,2027-08-06,P,0.745,0.055600000,3,
2026-10-02,ADU,OPT,ADUQ7 P0750,2027-08-06,P,0.75,0.059700000,3,
2026-10-02,ADU,OPT,ADUQ7 P0755,2027-08-06,P,0.755,0.063900000,3,
2026-10-02,ADU,OPT,ADUQ7 P0760,2027-08-06,P,0.76,0.068200000,3,
2026-10-02,ADU,OPT,ADUQ7 P0765,2027-08-06,P,0.765,0.072600000,3,
2026-10-02,ADU,OPT,ADUQ7 P0770,2027-08-06,P,0.77,0.077000000,3,
2026-10-02,ADU,OPT,ADUQ7 P0780,2027-08-06,P,0.78,0.086000000,3,
2026-10-02,ADU,OPT,ADUQ7 P0790,2027-08-06,P,0.79,0.095200000,3,
2026-10-02,ADU,OPT,ADUQ7 P0800,2027-08-06,P,0.8,0.104600000,3,
2026-10-02,ADU,OPT,ADUQ7 P0810,2027-08-06,P,0.81,0.114000000,3,
2026-10-02,ADU,OPT,ADUQ7 P0820,2027-08-06,P,0.82,0.123500000,3,
2026-10-02,ADU,OPT,ADUQ7 P0830,2027-08-06,P,0.83,0.133000000,3,
2026-10-02,ADU,OPT,ADUQ7 P0840,2027-08-06,P,0.84,0.142500000,3,
2026-10-02,ADU,OPT,ADUQ7 P0850,2027-08-06,P,0.85,0.152100000,3,
2026-10-02,ADU,OPT,ADUQ7 P0860,2027-08-06,P,0.86,0.161700000,3,
2026-10-02,ADU,OPT,ADUQ7 P0870,2027-08-06,P,0.87,0.171300000,3,
2026-10-02,ADU,OPT,ADUU7 C0490,2027-09-03,C,0.49,0.195300000,3,
2026-10-02,ADU,OPT,ADUU7 C0500,2027-09-03,C,0.5,0.185700000,3,
2026-10-02,ADU,OPT,ADUU7 C0510,2027-09-03,C,0.51,0.176200000,3,
2026-10-02,ADU,OPT,ADUU7 C0520,2027-09-03,C,0.52,0.166600000,3,
2026-10-02,ADU,OPT,ADUU7 C0530,2027-09-03,C,0.53,0.157100000,3,
2026-10-02,ADU,OPT,ADUU7 C0540,2027-09-03,C,0.54,0.147600000,3,
2026-10-02,ADU,OPT,ADUU7 C0550,2027-09-03,C,0.55,0.138200000,3,
2026-10-02,ADU,OPT,ADUU7 C0560,2027-09-03,C,0.56,0.128800000,3,
2026-10-02,ADU,OPT,ADUU7 C0570,2027-09-03,C,0.57,0.119500000,3,
2026-10-02,ADU,OPT,ADUU7 C0580,2027-09-03,C,0.58,0.110300000,3,
2026-10-02,ADU,OPT,ADUU7 C0590,2027-09-03,C,0.59,0.101100000,3,
2026-10-02,ADU,OPT,ADUU7 C0595,2027-09-03,C,0.595,0.096600000,3,
2026-10-02,ADU,OPT,ADUU7 C0600,2027-09-03,C,0.6,0.092100000,3,
2026-10-02,ADU,OPT,ADUU7 C0605,2027-09-03,C,0.605,0.087600000,3,
2026-10-02,ADU,OPT,ADUU7 C0610,2027-09-03,C,0.61,0.083200000,3,
2026-10-02,ADU,OPT,ADUU7 C0615,2027-09-03,C,0.615,0.078800000,3,
2026-10-02,ADU,OPT,ADUU7 C0620,2027-09-03,C,0.62,0.074500000,3,
2026-10-02,ADU,OPT,ADUU7 C0625,2027-09-03,C,0.625,0.070300000,3,
2026-10-02,ADU,OPT,ADUU7 C0630,2027-09-03,C,0.63,0.066100000,3,
2026-10-02,ADU,OPT,ADUU7 C0635,2027-09-03,C,0.635,0.061900000,3,
2026-10-02,ADU,OPT,ADUU7 C0640,2027-09-03,C,0.64,0.057900000,3,
2026-10-02,ADU,OPT,ADUU7 C0645,2027-09-03,C,0.645,0.053900000,3,
2026-10-02,ADU,OPT,ADUU7 C0650,2027-09-03,C,0.65,0.050100000,3,
2026-10-02,ADU,OPT,ADUU7 C0655,2027-09-03,C,0.655,0.046300000,3,
2026-10-02,ADU,OPT,ADUU7 C0660,2027-09-03,C,0.66,0.042700000,3,
2026-10-02,ADU,OPT,ADUU7 C0665,2027-09-03,C,0.665,0.039200000,3,
2026-10-02,ADU,OPT,ADUU7 C0670,2027-09-03,C,0.67,0.035800000,3,
2026-10-02,ADU,OPT,ADUU7 C0675,2027-09-03,C,0.675,0.032600000,3,
2026-10-02,ADU,OPT,ADUU7 C0680,2027-09-03,C,0.68,0.029500000,3,3
2026-10-02,ADU,OPT,ADUU7 C0685,2027-09-03,C,0.685,0.026600000,3,
2026-10-02,ADU,OPT,ADUU7 C0690,2027-09-03,C,0.69,0.023900000,3,
2026-10-02,ADU,OPT,ADUU7 C0695,2027-09-03,C,0.695,0.021400000,3,
2026-10-02,ADU,OPT,ADUU7 C0700,2027-09-03,C,0.7,0.019000000,3,
2026-10-02,ADU,OPT,ADUU7 C0705,2027-09-03,C,0.705,0.016900000,3,
2026-10-02,ADU,OPT,ADUU7 C0710,2027-09-03,C,0.71,0.014900000,3,
2026-10-02,ADU,OPT,ADUU7 C0715,2027-09-03,C,0.715,0.013200000,3,
2026-10-02,ADU,OPT,ADUU7 C0720,2027-09-03,C,0.72,0.011600000,3,
2026-10-02,ADU,OPT,ADUU7 C0725,2027-09-03,C,0.725,0.010100000,3,
2026-10-02,ADU,OPT,ADUU7 C0730,2027-09-03,C,0.73,0.008900000,3,1
2026-10-02,ADU,OPT,ADUU7 C0735,2027-09-03,C,0.735,0.007700000,3,
2026-10-02,ADU,OPT,ADUU7 C0740,2027-09-03,C,0.74,0.006700000,3,
2026-10-02,ADU,OPT,ADUU7 C0745,2027-09-03,C,0.745,0.005900000,3,
2026-10-02,ADU,OPT,ADUU7 C0750,2027-09-03,C,0.75,0.005100000,3,200
2026-10-02,ADU,OPT,ADUU7 C0755,2027-09-03,C,0.755,0.004400000,3,
2026-10-02,ADU,OPT,ADUU7 C0760,2027-09-03,C,0.76,0.003800000,3,1
2026-10-02,ADU,OPT,ADUU7 C0765,2027-09-03,C,0.765,0.003300000,3,
2026-10-02,ADU,OPT,ADUU7 C0770,2027-09-03,C,0.77,0.002900000,3,
2026-10-02,ADU,OPT,ADUU7 C0780,2027-09-03,C,0.78,0.002200000,3,2
2026-10-02,ADU,OPT,ADUU7 C0790,2027-09-03,C,0.79,0.001600000,3,1
2026-10-02,ADU,OPT,ADUU7 C0800,2027-09-03,C,0.8,0.001200000,3,1
2026-10-02,ADU,OPT,ADUU7 C0810,2027-09-03,C,0.81,0.000900000,3,2
2026-10-02,ADU,OPT,ADUU7 C0820,2027-09-03,C,0.82,0.000700000,3,1
2026-10-02,ADU,OPT,ADUU7 C0830,2027-09-03,C,0.83,0.000600000,3,2
2026-10-02,ADU,OPT,ADUU7 C0840,2027-09-03,C,0.84,0.000450000,3,1
2026-10-02,ADU,OPT,ADUU7 C0850,2027-09-03,C,0.85,0.000350000,3,
2026-10-02,ADU,OPT,ADUU7 C0860,2027-09-03,C,0.86,0.000250000,3,
2026-10-02,ADU,OPT,ADUU7 C0870,2027-09-03,C,0.87,0.000200000,3,
2026-10-02,ADU,OPT,ADUU7 P0490,2027-09-03,P,0.49,0.000600000,3,
2026-10-02,ADU,OPT,ADUU7 P0500,2027-09-03,P,0.5,0.000600000,3,
2026-10-02,ADU,OPT,ADUU7 P0510,2027-09-03,P,0.51,0.000700000,3,
2026-10-02,ADU,OPT,ADUU7 P0520,2027-09-03,P,0.52,0.000800000,3,
2026-10-02,ADU,OPT,ADUU7 P0530,2027-09-03,P,0.53,0.000800000,3,
2026-10-02,ADU,OPT,ADUU7 P0540,2027-09-03,P,0.54,0.001000000,3,
2026-10-02,ADU,OPT,ADUU7 P0550,2027-09-03,P,0.55,0.001100000,3,2
2026-10-02,ADU,OPT,ADUU7 P0560,2027-09-03,P,0.56,0.001400000,3,4
2026-10-02,ADU,OPT,ADUU7 P0570,2027-09-03,P,0.57,0.001700000,3,1
2026-10-02,ADU,OPT,ADUU7 P0580,2027-09-03,P,0.58,0.002000000,3,1
2026-10-02,ADU,OPT,ADUU7 P0590,2027-09-03,P,0.59,0.002500000,3,7
2026-10-02,ADU,OPT,ADUU7 P0595,2027-09-03,P,0.595,0.002800000,3,1
2026-10-02,ADU,OPT,ADUU7 P0600,2027-09-03,P,0.6,0.003100000,3,
2026-10-02,ADU,OPT,ADUU7 P0605,2027-09-03,P,0.605,0.003400000,3,
2026-10-02,ADU,OPT,ADUU7 P0610,2027-09-03,P,0.61,0.003800000,3,
2026-10-02,ADU,OPT,ADUU7 P0615,2027-09-03,P,0.615,0.004300000,3,1
2026-10-02,ADU,OPT,ADUU7 P0620,2027-09-03,P,0.62,0.004700000,3,
2026-10-02,ADU,OPT,ADUU7 P0625,2027-09-03,P,0.625,0.005300000,3,2
2026-10-02,ADU,OPT,ADUU7 P0630,2027-09-03,P,0.63,0.005900000,3,
2026-10-02,ADU,OPT,ADUU7 P0635,2027-09-03,P,0.635,0.006600000,3,1
2026-10-02,ADU,OPT,ADUU7 P0640,2027-09-03,P,0.64,0.007300000,3,5
2026-10-02,ADU,OPT,ADUU7 P0645,2027-09-03,P,0.645,0.008200000,3,
2026-10-02,ADU,OPT,ADUU7 P0650,2027-09-03,P,0.65,0.009100000,3,12
2026-10-02,ADU,OPT,ADUU7 P0655,2027-09-03,P,0.655,0.010200000,3,
2026-10-02,ADU,OPT,ADUU7 P0660,2027-09-03,P,0.66,0.011300000,3,
2026-10-02,ADU,OPT,ADUU7 P0665,2027-09-03,P,0.665,0.012600000,3,
2026-10-02,ADU,OPT,ADUU7 P0670,2027-09-03,P,0.67,0.014100000,3,100
2026-10-02,ADU,OPT,ADUU7 P0675,2027-09-03,P,0.675,0.015600000,3,
2026-10-02,ADU,OPT,ADUU7 P0680,2027-09-03,P,0.68,0.017400000,3,
2026-10-02,ADU,OPT,ADUU7 P0685,2027-09-03,P,0.685,0.019300000,3,
2026-10-02,ADU,OPT,ADUU7 P0690,2027-09-03,P,0.69,0.021400000,3,
2026-10-02,ADU,OPT,ADUU7 P0695,2027-09-03,P,0.695,0.023700000,3,
2026-10-02,ADU,OPT,ADUU7 P0700,2027-09-03,P,0.7,0.026100000,3,
2026-10-02,ADU,OPT,ADUU7 P0705,2027-09-03,P,0.705,0.028800000,3,
2026-10-02,ADU,OPT,ADUU7 P0710,2027-09-03,P,0.71,0.031700000,3,
2026-10-02,ADU,OPT,ADUU7 P0715,2027-09-03,P,0.715,0.034700000,3,
2026-10-02,ADU,OPT,ADUU7 P0720,2027-09-03,P,0.72,0.037900000,3,
2026-10-02,ADU,OPT,ADUU7 P0725,2027-09-03,P,0.725,0.041300000,3,
2026-10-02,ADU,OPT,ADUU7 P0730,2027-09-03,P,0.73,0.044800000,3,
2026-10-02,ADU,OPT,ADUU7 P0735,2027-09-03,P,0.735,0.048500000,3,
2026-10-02,ADU,OPT,ADUU7 P0740,2027-09-03,P,0.74,0.052300000,3,
2026-10-02,ADU,OPT,ADUU7 P0745,2027-09-03,P,0.745,0.056200000,3,
2026-10-02,ADU,OPT,ADUU7 P0750,2027-09-03,P,0.75,0.060300000,3,
2026-10-02,ADU,OPT,ADUU7 P0755,2027-09-03,P,0.755,0.064400000,3,
2026-10-02,ADU,OPT,ADUU7 P0760,2027-09-03,P,0.76,0.068600000,3,
2026-10-02,ADU,OPT,ADUU7 P0765,2027-09-03,P,0.765,0.072900000,3,
2026-10-02,ADU,OPT,ADUU7 P0770,2027-09-03,P,0.77,0.077300000,3,
2026-10-02,ADU,OPT,ADUU7 P0780,2027-09-03,P,0.78,0.086200000,3,
2026-10-02,ADU,OPT,ADUU7 P0790,2027-09-03,P,0.79,0.095300000,3,
2026-10-02,ADU,OPT,ADUU7 P0800,2027-09-03,P,0.8,0.104500000,3,
2026-10-02,ADU,OPT,ADUU7 P0810,2027-09-03,P,0.81,0.113800000,3,
2026-10-02,ADU,OPT,ADUU7 P0820,2027-09-03,P,0.82,0.123200000,3,
2026-10-02,ADU,OPT,ADUU7 P0830,2027-09-03,P,0.83,0.132600000,3,
2026-10-02,ADU,OPT,ADUU7 P0840,2027-09-03,P,0.84,0.142100000,3,
2026-10-02,ADU,OPT,ADUU7 P0850,2027-09-03,P,0.85,0.151600000,3,
2026-10-02,ADU,OPT,ADUU7 P0860,2027-09-03,P,0.86,0.161100000,3,
2026-10-02,ADU,OPT,ADUU7 P0870,2027-09-03,P,0.87,0.170700000,3,
2026-10-02,ADU,OPT,ADUZ7 C0500,2027-12-03,C,0.5,0.184200000,3,
2026-10-02,ADU,OPT,ADUZ7 C0510,2027-12-03,C,0.51,0.174900000,3,
2026-10-02,ADU,OPT,ADUZ7 C0520,2027-12-03,C,0.52,0.165700000,3,
2026-10-02,ADU,OPT,ADUZ7 C0530,2027-12-03,C,0.53,0.156600000,3,
2026-10-02,ADU,OPT,ADUZ7 C0540,2027-12-03,C,0.54,0.147500000,3,
2026-10-02,ADU,OPT,ADUZ7 C0550,2027-12-03,C,0.55,0.138500000,3,
2026-10-02,ADU,OPT,ADUZ7 C0560,2027-12-03,C,0.56,0.129600000,3,
2026-10-02,ADU,OPT,ADUZ7 C0570,2027-12-03,C,0.57,0.120800000,3,
2026-10-02,ADU,OPT,ADUZ7 C0580,2027-12-03,C,0.58,0.112100000,3,
2026-10-02,ADU,OPT,ADUZ7 C0590,2027-12-03,C,0.59,0.103600000,3,
2026-10-02,ADU,OPT,ADUZ7 C0600,2027-12-03,C,0.6,0.095300000,3,
2026-10-02,ADU,OPT,ADUZ7 C0605,2027-12-03,C,0.605,0.091200000,3,
2026-10-02,ADU,OPT,ADUZ7 C0610,2027-12-03,C,0.61,0.087200000,3,
2026-10-02,ADU,OPT,ADUZ7 C0615,2027-12-03,C,0.615,0.083200000,3,
2026-10-02,ADU,OPT,ADUZ7 C0620,2027-12-03,C,0.62,0.079300000,3,
2026-10-02,ADU,OPT,ADUZ7 C0625,2027-12-03,C,0.625,0.075500000,3,
2026-10-02,ADU,OPT,ADUZ7 C0630,2027-12-03,C,0.63,0.071200000,3,
2026-10-02,ADU,OPT,ADUZ7 C0635,2027-12-03,C,0.635,0.067000000,3,
2026-10-02,ADU,OPT,ADUZ7 C0640,2027-12-03,C,0.64,0.062800000,3,
2026-10-02,ADU,OPT,ADUZ7 C0645,2027-12-03,C,0.645,0.058600000,3,
2026-10-02,ADU,OPT,ADUZ7 C0650,2027-12-03,C,0.65,0.054500000,3,
2026-10-02,ADU,OPT,ADUZ7 C0655,2027-12-03,C,0.655,0.050500000,3,
2026-10-02,ADU,OPT,ADUZ7 C0660,2027-12-03,C,0.66,0.046500000,3,
2026-10-02,ADU,OPT,ADUZ7 C0665,2027-12-03,C,0.665,0.042600000,3,
2026-10-02,ADU,OPT,ADUZ7 C0670,2027-12-03,C,0.67,0.038900000,3,
2026-10-02,ADU,OPT,ADUZ7 C0675,2027-12-03,C,0.675,0.035300000,3,
2026-10-02,ADU,OPT,ADUZ7 C0680,2027-12-03,C,0.68,0.031900000,3,
2026-10-02,ADU,OPT,ADUZ7 C0685,2027-12-03,C,0.685,0.028800000,3,
2026-10-02,ADU,OPT,ADUZ7 C0690,2027-12-03,C,0.69,0.025800000,3,
2026-10-02,ADU,OPT,ADUZ7 C0695,2027-12-03,C,0.695,0.022900000,3,
2026-10-02,ADU,OPT,ADUZ7 C0700,2027-12-03,C,0.7,0.020300000,3,
2026-10-02,ADU,OPT,ADUZ7 C0705,2027-12-03,C,0.705,0.017800000,3,
2026-10-02,ADU,OPT,ADUZ7 C0710,2027-12-03,C,0.71,0.015600000,3,
2026-10-02,ADU,OPT,ADUZ7 C0715,2027-12-03,C,0.715,0.013600000,3,
2026-10-02,ADU,OPT,ADUZ7 C0720,2027-12-03,C,0.72,0.011900000,3,
2026-10-02,ADU,OPT,ADUZ7 C0725,2027-12-03,C,0.725,0.010400000,3,
2026-10-02,ADU,OPT,ADUZ7 C0730,2027-12-03,C,0.73,0.009200000,3,
2026-10-02,ADU,OPT,ADUZ7 C0735,2027-12-03,C,0.735,0.008200000,3,
2026-10-02,ADU,OPT,ADUZ7 C0740,2027-12-03,C,0.74,0.007300000,3,
2026-10-02,ADU,OPT,ADUZ7 C0745,2027-12-03,C,0.745,0.006600000,3,
2026-10-02,ADU,OPT,ADUZ7 C0750,2027-12-03,C,0.75,0.006000000,3,
2026-10-02,ADU,OPT,ADUZ7 C0755,2027-12-03,C,0.755,0.005500000,3,
2026-10-02,ADU,OPT,ADUZ7 C0760,2027-12-03,C,0.76,0.005000000,3,
2026-10-02,ADU,OPT,ADUZ7 C0765,2027-12-03,C,0.765,0.004600000,3,
2026-10-02,ADU,OPT,ADUZ7 C0770,2027-12-03,C,0.77,0.004100000,3,
2026-10-02,ADU,OPT,ADUZ7 C0780,2027-12-03,C,0.78,0.003300000,3,
2026-10-02,ADU,OPT,ADUZ7 C0790,2027-12-03,C,0.79,0.002600000,3,
2026-10-02,ADU,OPT,ADUZ7 C0800,2027-12-03,C,0.8,0.002100000,3,
2026-10-02,ADU,OPT,ADUZ7 C0810,2027-12-03,C,0.81,0.001700000,3,
2026-10-02,ADU,OPT,ADUZ7 C0820,2027-12-03,C,0.82,0.001300000,3,
2026-10-02,ADU,OPT,ADUZ7 C0830,2027-12-03,C,0.83,0.001100000,3,
2026-10-02,ADU,OPT,ADUZ7 C0840,2027-12-03,C,0.84,0.000800000,3,
2026-10-02,ADU,OPT,ADUZ7 C0850,2027-12-03,C,0.85,0.000700000,3,
2026-10-02,ADU,OPT,ADUZ7 C0860,2027-12-03,C,0.86,0.000500000,3,
2026-10-02,ADU,OPT,ADUZ7 P0500,2027-12-03,P,0.5,0.001400000,3,
2026-10-02,ADU,OPT,ADUZ7 P0510,2027-12-03,P,0.51,0.001700000,3,
2026-10-02,ADU,OPT,ADUZ7 P0520,2027-12-03,P,0.52,0.002000000,3,
2026-10-02,ADU,OPT,ADUZ7 P0530,2027-12-03,P,0.53,0.002300000,3,
2026-10-02,ADU,OPT,ADUZ7 P0540,2027-12-03,P,0.54,0.002800000,3,
2026-10-02,ADU,OPT,ADUZ7 P0550,2027-12-03,P,0.55,0.003300000,3,
2026-10-02,ADU,OPT,ADUZ7 P0560,2027-12-03,P,0.56,0.003800000,3,
2026-10-02,ADU,OPT,ADUZ7 P0570,2027-12-03,P,0.57,0.004500000,3,
2026-10-02,ADU,OPT,ADUZ7 P0580,2027-12-03,P,0.58,0.005400000,3,
2026-10-02,ADU,OPT,ADUZ7 P0590,2027-12-03,P,0.59,0.006400000,3,
2026-10-02,ADU,OPT,ADUZ7 P0600,2027-12-03,P,0.6,0.007500000,3,
2026-10-02,ADU,OPT,ADUZ7 P0605,2027-12-03,P,0.605,0.008200000,3,
2026-10-02,ADU,OPT,ADUZ7 P0610,2027-12-03,P,0.61,0.008900000,3,
2026-10-02,ADU,OPT,ADUZ7 P0615,2027-12-03,P,0.615,0.009700000,3,
2026-10-02,ADU,OPT,ADUZ7 P0620,2027-12-03,P,0.62,0.010600000,3,
2026-10-02,ADU,OPT,ADUZ7 P0625,2027-12-03,P,0.625,0.011500000,3,
2026-10-02,ADU,OPT,ADUZ7 P0630,2027-12-03,P,0.63,0.012000000,3,
2026-10-02,ADU,OPT,ADUZ7 P0635,2027-12-03,P,0.635,0.012500000,3,
2026-10-02,ADU,OPT,ADUZ7 P0640,2027-12-03,P,0.64,0.013000000,3,
2026-10-02,ADU,OPT,ADUZ7 P0645,2027-12-03,P,0.645,0.013600000,3,
2026-10-02,ADU,OPT,ADUZ7 P0650,2027-12-03,P,0.65,0.014200000,3,
2026-10-02,ADU,OPT,ADUZ7 P0655,2027-12-03,P,0.655,0.014900000,3,
2026-10-02,ADU,OPT,ADUZ7 P0660,2027-12-03,P,0.66,0.015700000,3,
2026-10-02,ADU,OPT,ADUZ7 P0665,2027-12-03,P,0.665,0.016600000,3,
2026-10-02,ADU,OPT,ADUZ7 P0670,2027-12-03,P,0.67,0.017600000,3,
2026-10-02,ADU,OPT,ADUZ7 P0675,2027-12-03,P,0.675,0.018800000,3,
2026-10-02,ADU,OPT,ADUZ7 P0680,2027-12-03,P,0.68,0.020100000,3,
2026-10-02,ADU,OPT,ADUZ7 P0685,2027-12-03,P,0.685,0.021700000,3,
2026-10-02,ADU,OPT,ADUZ7 P0690,2027-12-03,P,0.69,0.023500000,3,
2026-10-02,ADU,OPT,ADUZ7 P0695,2027-12-03,P,0.695,0.025400000,3,
2026-10-02,ADU,OPT,ADUZ7 P0700,2027-12-03,P,0.7,0.027500000,3,
2026-10-02,ADU,OPT,ADUZ7 P0705,2027-12-03,P,0.705,0.029800000,3,
2026-10-02,ADU,OPT,ADUZ7 P0710,2027-12-03,P,0.71,0.032300000,3,
2026-10-02,ADU,OPT,ADUZ7 P0715,2027-12-03,P,0.715,0.035100000,3,
2026-10-02,ADU,OPT,ADUZ7 P0720,2027-12-03,P,0.72,0.038100000,3,
2026-10-02,ADU,OPT,ADUZ7 P0725,2027-12-03,P,0.725,0.041400000,3,
2026-10-02,ADU,OPT,ADUZ7 P0730,2027-12-03,P,0.73,0.044900000,3,
2026-10-02,ADU,OPT,ADUZ7 P0735,2027-12-03,P,0.735,0.048600000,3,
2026-10-02,ADU,OPT,ADUZ7 P0740,2027-12-03,P,0.74,0.052500000,3,
2026-10-02,ADU,OPT,ADUZ7 P0745,2027-12-03,P,0.745,0.056500000,3,
2026-10-02,ADU,OPT,ADUZ7 P0750,2027-12-03,P,0.75,0.060700000,3,
2026-10-02,ADU,OPT,ADUZ7 P0755,2027-12-03,P,0.755,0.064900000,3,
2026-10-02,ADU,OPT,ADUZ7 P0760,2027-12-03,P,0.76,0.069200000,3,
2026-10-02,ADU,OPT,ADUZ7 P0765,2027-12-03,P,0.765,0.073600000,3,
2026-10-02,ADU,OPT,ADUZ7 P0770,2027-12-03,P,0.77,0.077900000,3,
2026-10-02,ADU,OPT,ADUZ7 P0780,2027-12-03,P,0.78,0.086500000,3,
2026-10-02,ADU,OPT,ADUZ7 P0790,2027-12-03,P,0.79,0.095300000,3,
2026-10-02,ADU,OPT,ADUZ7 P0800,2027-12-03,P,0.8,0.104300000,3,
2026-10-02,ADU,OPT,ADUZ7 P0810,2027-12-03,P,0.81,0.113400000,3,
2026-10-02,ADU,OPT,ADUZ7 P0820,2027-12-03,P,0.82,0.122500000,3,
2026-10-02,ADU,OPT,ADUZ7 P0830,2027-12-03,P,0.83,0.131800000,3,
2026-10-02,ADU,OPT,ADUZ7 P0840,2027-12-03,P,0.84,0.141100000,3,
2026-10-02,ADU,OPT,ADUZ7 P0850,2027-12-03,P,0.85,0.150400000,3,
2026-10-02,ADU,OPT,ADUZ7 P0860,2027-12-03,P,0.86,0.159800000,3,
2026-10-02,ADU,OPT,ADUH8 C0520,2028-03-03,C,0.52,0.162200000,3,
2026-10-02,ADU,OPT,ADUH8 C0530,2028-03-03,C,0.53,0.152900000,3,
2026-10-02,ADU,OPT,ADUH8 C0540,2028-03-03,C,0.54,0.143800000,3,
2026-10-02,ADU,OPT,ADUH8 C0550,2028-03-03,C,0.55,0.134700000,3,
2026-10-02,ADU,OPT,ADUH8 C0560,2028-03-03,C,0.56,0.125800000,3,
2026-10-02,ADU,OPT,ADUH8 C0570,2028-03-03,C,0.57,0.116900000,3,
2026-10-02,ADU,OPT,ADUH8 C0580,2028-03-03,C,0.58,0.108200000,3,
2026-10-02,ADU,OPT,ADUH8 C0590,2028-03-03,C,0.59,0.099700000,3,
2026-10-02,ADU,OPT,ADUH8 C0600,2028-03-03,C,0.6,0.091400000,3,
2026-10-02,ADU,OPT,ADUH8 C0610,2028-03-03,C,0.61,0.083300000,3,
2026-10-02,ADU,OPT,ADUH8 C0620,2028-03-03,C,0.62,0.075500000,3,
2026-10-02,ADU,OPT,ADUH8 C0625,2028-03-03,C,0.625,0.071700000,3,
2026-10-02,ADU,OPT,ADUH8 C0630,2028-03-03,C,0.63,0.068000000,3,
2026-10-02,ADU,OPT,ADUH8 C0635,2028-03-03,C,0.635,0.064400000,3,
2026-10-02,ADU,OPT,ADUH8 C0640,2028-03-03,C,0.64,0.060900000,3,
2026-10-02,ADU,OPT,ADUH8 C0645,2028-03-03,C,0.645,0.057500000,3,
2026-10-02,ADU,OPT,ADUH8 C0650,2028-03-03,C,0.65,0.054100000,3,
2026-10-02,ADU,OPT,ADUH8 C0655,2028-03-03,C,0.655,0.050900000,3,
2026-10-02,ADU,OPT,ADUH8 C0660,2028-03-03,C,0.66,0.047800000,3,
2026-10-02,ADU,OPT,ADUH8 C0665,2028-03-03,C,0.665,0.044800000,3,
2026-10-02,ADU,OPT,ADUH8 C0670,2028-03-03,C,0.67,0.041900000,3,
2026-10-02,ADU,OPT,ADUH8 C0675,2028-03-03,C,0.675,0.039100000,3,
2026-10-02,ADU,OPT,ADUH8 C0680,2028-03-03,C,0.68,0.036400000,3,
2026-10-02,ADU,OPT,ADUH8 C0685,2028-03-03,C,0.685,0.033900000,3,
2026-10-02,ADU,OPT,ADUH8 C0690,2028-03-03,C,0.69,0.031500000,3,
2026-10-02,ADU,OPT,ADUH8 C0695,2028-03-03,C,0.695,0.029200000,3,
2026-10-02,ADU,OPT,ADUH8 C0700,2028-03-03,C,0.7,0.027100000,3,
2026-10-02,ADU,OPT,ADUH8 C0705,2028-03-03,C,0.705,0.025100000,3,
2026-10-02,ADU,OPT,ADUH8 C0710,2028-03-03,C,0.71,0.023300000,3,
2026-10-02,ADU,OPT,ADUH8 C0715,2028-03-03,C,0.715,0.021600000,3,
2026-10-02,ADU,OPT,ADUH8 C0720,2028-03-03,C,0.72,0.020000000,3,
2026-10-02,ADU,OPT,ADUH8 C0725,2028-03-03,C,0.725,0.018500000,3,
2026-10-02,ADU,OPT,ADUH8 C0730,2028-03-03,C,0.73,0.017100000,3,
2026-10-02,ADU,OPT,ADUH8 C0735,2028-03-03,C,0.735,0.015800000,3,
2026-10-02,ADU,OPT,ADUH8 C0740,2028-03-03,C,0.74,0.014600000,3,
2026-10-02,ADU,OPT,ADUH8 C0745,2028-03-03,C,0.745,0.013600000,3,
2026-10-02,ADU,OPT,ADUH8 C0750,2028-03-03,C,0.75,0.012600000,3,
2026-10-02,ADU,OPT,ADUH8 C0755,2028-03-03,C,0.755,0.011600000,3,
2026-10-02,ADU,OPT,ADUH8 C0760,2028-03-03,C,0.76,0.010800000,3,
2026-10-02,ADU,OPT,ADUH8 C0765,2028-03-03,C,0.765,0.010000000,3,
2026-10-02,ADU,OPT,ADUH8 C0770,2028-03-03,C,0.77,0.009200000,3,
2026-10-02,ADU,OPT,ADUH8 C0780,2028-03-03,C,0.78,0.007900000,3,
2026-10-02,ADU,OPT,ADUH8 C0790,2028-03-03,C,0.79,0.006800000,3,
2026-10-02,ADU,OPT,ADUH8 C0800,2028-03-03,C,0.8,0.005900000,3,
2026-10-02,ADU,OPT,ADUH8 C0810,2028-03-03,C,0.81,0.005000000,3,
2026-10-02,ADU,OPT,ADUH8 C0820,2028-03-03,C,0.82,0.004400000,3,
2026-10-02,ADU,OPT,ADUH8 C0830,2028-03-03,C,0.83,0.003800000,3,
2026-10-02,ADU,OPT,ADUH8 C0840,2028-03-03,C,0.84,0.003200000,3,
2026-10-02,ADU,OPT,ADUH8 C0850,2028-03-03,C,0.85,0.002800000,3,
2026-10-02,ADU,OPT,ADUH8 C0860,2028-03-03,C,0.86,0.002400000,3,
2026-10-02,ADU,OPT,ADUH8 P0520,2028-03-03,P,0.52,0.000400000,3,
2026-10-02,ADU,OPT,ADUH8 P0530,2028-03-03,P,0.53,0.000600000,3,
2026-10-02,ADU,OPT,ADUH8 P0540,2028-03-03,P,0.54,0.000800000,3,
2026-10-02,ADU,OPT,ADUH8 P0550,2028-03-03,P,0.55,0.001100000,3,
2026-10-02,ADU,OPT,ADUH8 P0560,2028-03-03,P,0.56,0.001500000,3,
2026-10-02,ADU,OPT,ADUH8 P0570,2028-03-03,P,0.57,0.002100000,3,
2026-10-02,ADU,OPT,ADUH8 P0580,2028-03-03,P,0.58,0.002800000,3,
2026-10-02,ADU,OPT,ADUH8 P0590,2028-03-03,P,0.59,0.003600000,3,
2026-10-02,ADU,OPT,ADUH8 P0600,2028-03-03,P,0.6,0.004700000,3,
2026-10-02,ADU,OPT,ADUH8 P0610,2028-03-03,P,0.61,0.006100000,3,
2026-10-02,ADU,OPT,ADUH8 P0620,2028-03-03,P,0.62,0.007600000,3,
2026-10-02,ADU,OPT,ADUH8 P0625,2028-03-03,P,0.625,0.008600000,3,
2026-10-02,ADU,OPT,ADUH8 P0630,2028-03-03,P,0.63,0.009600000,3,
2026-10-02,ADU,OPT,ADUH8 P0635,2028-03-03,P,0.635,0.010600000,3,
2026-10-02,ADU,OPT,ADUH8 P0640,2028-03-03,P,0.64,0.011800000,3,
2026-10-02,ADU,OPT,ADUH8 P0645,2028-03-03,P,0.645,0.013100000,3,
2026-10-02,ADU,OPT,ADUH8 P0650,2028-03-03,P,0.65,0.014400000,3,
2026-10-02,ADU,OPT,ADUH8 P0655,2028-03-03,P,0.655,0.015900000,3,
2026-10-02,ADU,OPT,ADUH8 P0660,2028-03-03,P,0.66,0.017500000,3,
2026-10-02,ADU,OPT,ADUH8 P0665,2028-03-03,P,0.665,0.019100000,3,
2026-10-02,ADU,OPT,ADUH8 P0670,2028-03-03,P,0.67,0.020900000,3,
2026-10-02,ADU,OPT,ADUH8 P0675,2028-03-03,P,0.675,0.022800000,3,
2026-10-02,ADU,OPT,ADUH8 P0680,2028-03-03,P,0.68,0.024900000,3,
2026-10-02,ADU,OPT,ADUH8 P0685,2028-03-03,P,0.685,0.027000000,3,
2026-10-02,ADU,OPT,ADUH8 P0690,2028-03-03,P,0.69,0.029300000,3,
2026-10-02,ADU,OPT,ADUH8 P0695,2028-03-03,P,0.695,0.031800000,3,
2026-10-02,ADU,OPT,ADUH8 P0700,2028-03-03,P,0.7,0.034400000,3,
2026-10-02,ADU,OPT,ADUH8 P0705,2028-03-03,P,0.705,0.037100000,3,
2026-10-02,ADU,OPT,ADUH8 P0710,2028-03-03,P,0.71,0.039900000,3,
2026-10-02,ADU,OPT,ADUH8 P0715,2028-03-03,P,0.715,0.042900000,3,
2026-10-02,ADU,OPT,ADUH8 P0720,2028-03-03,P,0.72,0.046000000,3,
2026-10-02,ADU,OPT,ADUH8 P0725,2028-03-03,P,0.725,0.049200000,3,
2026-10-02,ADU,OPT,ADUH8 P0730,2028-03-03,P,0.73,0.052500000,3,
2026-10-02,ADU,OPT,ADUH8 P0735,2028-03-03,P,0.735,0.055900000,3,
2026-10-02,ADU,OPT,ADUH8 P0740,2028-03-03,P,0.74,0.059400000,3,
2026-10-02,ADU,OPT,ADUH8 P0745,2028-03-03,P,0.745,0.063000000,3,
2026-10-02,ADU,OPT,ADUH8 P0750,2028-03-03,P,0.75,0.066700000,3,
2026-10-02,ADU,OPT,ADUH8 P0755,2028-03-03,P,0.755,0.070500000,3,
2026-10-02,ADU,OPT,ADUH8 P0760,2028-03-03,P,0.76,0.074300000,3,
2026-10-02,ADU,OPT,ADUH8 P0765,2028-03-03,P,0.765,0.078200000,3,
2026-10-02,ADU,OPT,ADUH8 P0770,2028-03-03,P,0.77,0.082200000,3,
2026-10-02,ADU,OPT,ADUH8 P0780,2028-03-03,P,0.78,0.090300000,3,
2026-10-02,ADU,OPT,ADUH8 P0790,2028-03-03,P,0.79,0.098500000,3,
2026-10-02,ADU,OPT,ADUH8 P0800,2028-03-03,P,0.8,0.107000000,3,
2026-10-02,ADU,OPT,ADUH8 P0810,2028-03-03,P,0.81,0.115500000,3,
2026-10-02,ADU,OPT,ADUH8 P0820,2028-03-03,P,0.82,0.124200000,3,
2026-10-02,ADU,OPT,ADUH8 P0830,2028-03-03,P,0.83,0.133000000,3,
2026-10-02,ADU,OPT,ADUH8 P0840,2028-03-03,P,0.84,0.141900000,3,
2026-10-02,ADU,OPT,ADUH8 P0850,2028-03-03,P,0.85,0.150900000,3,
2026-10-02,ADU,OPT,ADUH8 P0860,2028-03-03,P,0.86,0.159900000,3,
2026-10-02,ADU,OPT,ADUM8 C0530,2028-06-09,C,0.53,0.151300000,3,
2026-10-02,ADU,OPT,ADUM8 C0540,2028-06-09,C,0.54,0.142400000,3,
2026-10-02,ADU,OPT,ADUM8 C0550,2028-06-09,C,0.55,0.133500000,3,
2026-10-02,ADU,OPT,ADUM8 C0560,2028-06-09,C,0.56,0.124800000,3,
2026-10-02,ADU,OPT,ADUM8 C0570,2028-06-09,C,0.57,0.116200000,3,
2026-10-02,ADU,OPT,ADUM8 C0580,2028-06-09,C,0.58,0.107800000,3,
2026-10-02,ADU,OPT,ADUM8 C0590,2028-06-09,C,0.59,0.099600000,3,
2026-10-02,ADU,OPT,ADUM8 C0600,2028-06-09,C,0.6,0.091600000,3,
2026-10-02,ADU,OPT,ADUM8 C0610,2028-06-09,C,0.61,0.083800000,3,
2026-10-02,ADU,OPT,ADUM8 C0620,2028-06-09,C,0.62,0.076300000,3,
2026-10-02,ADU,OPT,ADUM8 C0630,2028-06-09,C,0.63,0.069100000,3,
2026-10-02,ADU,OPT,ADUM8 C0635,2028-06-09,C,0.635,0.065700000,3,
2026-10-02,ADU,OPT,ADUM8 C0640,2028-06-09,C,0.64,0.062300000,3,
2026-10-02,ADU,OPT,ADUM8 C0645,2028-06-09,C,0.645,0.059000000,3,
2026-10-02,ADU,OPT,ADUM8 C0650,2028-06-09,C,0.65,0.055700000,3,
2026-10-02,ADU,OPT,ADUM8 C0655,2028-06-09,C,0.655,0.052600000,3,
2026-10-02,ADU,OPT,ADUM8 C0660,2028-06-09,C,0.66,0.049600000,3,
2026-10-02,ADU,OPT,ADUM8 C0665,2028-06-09,C,0.665,0.046700000,3,
2026-10-02,ADU,OPT,ADUM8 C0670,2028-06-09,C,0.67,0.043800000,3,
2026-10-02,ADU,OPT,ADUM8 C0675,2028-06-09,C,0.675,0.041100000,3,
2026-10-02,ADU,OPT,ADUM8 C0680,2028-06-09,C,0.68,0.038500000,3,
2026-10-02,ADU,OPT,ADUM8 C0685,2028-06-09,C,0.685,0.036100000,3,
2026-10-02,ADU,OPT,ADUM8 C0690,2028-06-09,C,0.69,0.033700000,3,
2026-10-02,ADU,OPT,ADUM8 C0695,2028-06-09,C,0.695,0.031500000,3,
2026-10-02,ADU,OPT,ADUM8 C0700,2028-06-09,C,0.7,0.029400000,3,
2026-10-02,ADU,OPT,ADUM8 C0705,2028-06-09,C,0.705,0.027500000,3,
2026-10-02,ADU,OPT,ADUM8 C0710,2028-06-09,C,0.71,0.025600000,3,
2026-10-02,ADU,OPT,ADUM8 C0715,2028-06-09,C,0.715,0.023900000,3,
2026-10-02,ADU,OPT,ADUM8 C0720,2028-06-09,C,0.72,0.022300000,3,
2026-10-02,ADU,OPT,ADUM8 C0725,2028-06-09,C,0.725,0.020800000,3,
2026-10-02,ADU,OPT,ADUM8 C0730,2028-06-09,C,0.73,0.019400000,3,
2026-10-02,ADU,OPT,ADUM8 C0735,2028-06-09,C,0.735,0.018100000,3,
2026-10-02,ADU,OPT,ADUM8 C0740,2028-06-09,C,0.74,0.016900000,3,
2026-10-02,ADU,OPT,ADUM8 C0745,2028-06-09,C,0.745,0.015800000,3,
2026-10-02,ADU,OPT,ADUM8 C0750,2028-06-09,C,0.75,0.014700000,3,
2026-10-02,ADU,OPT,ADUM8 C0755,2028-06-09,C,0.755,0.013800000,3,
2026-10-02,ADU,OPT,ADUM8 C0760,2028-06-09,C,0.76,0.012900000,3,
2026-10-02,ADU,OPT,ADUM8 C0765,2028-06-09,C,0.765,0.012000000,3,
2026-10-02,ADU,OPT,ADUM8 C0770,2028-06-09,C,0.77,0.011300000,3,
2026-10-02,ADU,OPT,ADUM8 C0780,2028-06-09,C,0.78,0.009900000,3,
2026-10-02,ADU,OPT,ADUM8 C0790,2028-06-09,C,0.79,0.008600000,3,
2026-10-02,ADU,OPT,ADUM8 C0800,2028-06-09,C,0.8,0.007600000,3,
2026-10-02,ADU,OPT,ADUM8 C0810,2028-06-09,C,0.81,0.006600000,3,
2026-10-02,ADU,OPT,ADUM8 C0820,2028-06-09,C,0.82,0.005800000,3,
2026-10-02,ADU,OPT,ADUM8 C0830,2028-06-09,C,0.83,0.005100000,3,
2026-10-02,ADU,OPT,ADUM8 C0840,2028-06-09,C,0.84,0.004500000,3,
2026-10-02,ADU,OPT,ADUM8 C0850,2028-06-09,C,0.85,0.004000000,3,
2026-10-02,ADU,OPT,ADUM8 C0860,2028-06-09,C,0.86,0.003500000,3,
2026-10-02,ADU,OPT,ADUM8 P0530,2028-06-09,P,0.53,0.001000000,3,
2026-10-02,ADU,OPT,ADUM8 P0540,2028-06-09,P,0.54,0.001300000,3,
2026-10-02,ADU,OPT,ADUM8 P0550,2028-06-09,P,0.55,0.001700000,3,
2026-10-02,ADU,OPT,ADUM8 P0560,2028-06-09,P,0.56,0.002300000,3,
2026-10-02,ADU,OPT,ADUM8 P0570,2028-06-09,P,0.57,0.003000000,3,
2026-10-02,ADU,OPT,ADUM8 P0580,2028-06-09,P,0.58,0.003900000,3,
2026-10-02,ADU,OPT,ADUM8 P0590,2028-06-09,P,0.59,0.004900000,3,
2026-10-02,ADU,OPT,ADUM8 P0600,2028-06-09,P,0.6,0.006200000,3,
2026-10-02,ADU,OPT,ADUM8 P0610,2028-06-09,P,0.61,0.007700000,3,
2026-10-02,ADU,OPT,ADUM8 P0620,2028-06-09,P,0.62,0.009400000,3,
2026-10-02,ADU,OPT,ADUM8 P0630,2028-06-09,P,0.63,0.011500000,3,
2026-10-02,ADU,OPT,ADUM8 P0635,2028-06-09,P,0.635,0.012700000,3,
2026-10-02,ADU,OPT,ADUM8 P0640,2028-06-09,P,0.64,0.013900000,3,
2026-10-02,ADU,OPT,ADUM8 P0645,2028-06-09,P,0.645,0.015200000,3,
2026-10-02,ADU,OPT,ADUM8 P0650,2028-06-09,P,0.65,0.016700000,3,
2026-10-02,ADU,OPT,ADUM8 P0655,2028-06-09,P,0.655,0.018200000,3,
2026-10-02,ADU,OPT,ADUM8 P0660,2028-06-09,P,0.66,0.019800000,3,
2026-10-02,ADU,OPT,ADUM8 P0665,2028-06-09,P,0.665,0.021500000,3,
2026-10-02,ADU,OPT,ADUM8 P0670,2028-06-09,P,0.67,0.023300000,3,
2026-10-02,ADU,OPT,ADUM8 P0675,2028-06-09,P,0.675,0.025200000,3,
2026-10-02,ADU,OPT,ADUM8 P0680,2028-06-09,P,0.68,0.027300000,3,
2026-10-02,ADU,OPT,ADUM8 P0685,2028-06-09,P,0.685,0.029400000,3,
2026-10-02,ADU,OPT,ADUM8 P0690,2028-06-09,P,0.69,0.031700000,3,
2026-10-02,ADU,OPT,ADUM8 P0695,2028-06-09,P,0.695,0.034200000,3,
2026-10-02,ADU,OPT,ADUM8 P0700,2028-06-09,P,0.7,0.036700000,3,
2026-10-02,ADU,OPT,ADUM8 P0705,2028-06-09,P,0.705,0.039400000,3,
2026-10-02,ADU,OPT,ADUM8 P0710,2028-06-09,P,0.71,0.042200000,3,
2026-10-02,ADU,OPT,ADUM8 P0715,2028-06-09,P,0.715,0.045100000,3,
2026-10-02,ADU,OPT,ADUM8 P0720,2028-06-09,P,0.72,0.048100000,3,
2026-10-02,ADU,OPT,ADUM8 P0725,2028-06-09,P,0.725,0.051300000,3,
2026-10-02,ADU,OPT,ADUM8 P0730,2028-06-09,P,0.73,0.054500000,3,
2026-10-02,ADU,OPT,ADUM8 P0735,2028-06-09,P,0.735,0.057800000,3,
2026-10-02,ADU,OPT,ADUM8 P0740,2028-06-09,P,0.74,0.061300000,3,
2026-10-02,ADU,OPT,ADUM8 P0745,2028-06-09,P,0.745,0.064800000,3,
2026-10-02,ADU,OPT,ADUM8 P0750,2028-06-09,P,0.75,0.068400000,3,
2026-10-02,ADU,OPT,ADUM8 P0755,2028-06-09,P,0.755,0.072000000,3,
2026-10-02,ADU,OPT,ADUM8 P0760,2028-06-09,P,0.76,0.075800000,3,
2026-10-02,ADU,OPT,ADUM8 P0765,2028-06-09,P,0.765,0.079600000,3,
2026-10-02,ADU,OPT,ADUM8 P0770,2028-06-09,P,0.77,0.083400000,3,
2026-10-02,ADU,OPT,ADUM8 P0780,2028-06-09,P,0.78,0.091300000,3,
2026-10-02,ADU,OPT,ADUM8 P0790,2028-06-09,P,0.79,0.099300000,3,
2026-10-02,ADU,OPT,ADUM8 P0800,2028-06-09,P,0.8,0.107500000,3,
2026-10-02,ADU,OPT,ADUM8 P0810,2028-06-09,P,0.81,0.115900000,3,
2026-10-02,ADU,OPT,ADUM8 P0820,2028-06-09,P,0.82,0.124300000,3,
2026-10-02,ADU,OPT,ADUM8 P0830,2028-06-09,P,0.83,0.132900000,3,
2026-10-02,ADU,OPT,ADUM8 P0840,2028-06-09,P,0.84,0.141600000,3,
2026-10-02,ADU,OPT,ADUM8 P0850,2028-06-09,P,0.85,0.150300000,3,
2026-10-02,ADU,OPT,ADUM8 P0860,2028-06-09,P,0.86,0.159100000,3,
2026-10-02,ADU,OPT,ADUU8 C0540,2028-09-08,C,0.54,0.141100000,3,
2026-10-02,ADU,OPT,ADUU8 C0550,2028-09-08,C,0.55,0.132500000,3,
2026-10-02,ADU,OPT,ADUU8 C0560,2028-09-08,C,0.56,0.124000000,3,
2026-10-02,ADU,OPT,ADUU8 C0570,2028-09-08,C,0.57,0.115700000,3,
2026-10-02,ADU,OPT,ADUU8 C0580,2028-09-08,C,0.58,0.107500000,3,
2026-10-02,ADU,OPT,ADUU8 C0590,2028-09-08,C,0.59,0.099600000,3,
2026-10-02,ADU,OPT,ADUU8 C0600,2028-09-08,C,0.6,0.091800000,3,
2026-10-02,ADU,OPT,ADUU8 C0610,2028-09-08,C,0.61,0.084300000,3,
2026-10-02,ADU,OPT,ADUU8 C0620,2028-09-08,C,0.62,0.077000000,3,
2026-10-02,ADU,OPT,ADUU8 C0630,2028-09-08,C,0.63,0.070100000,3,
2026-10-02,ADU,OPT,ADUU8 C0640,2028-09-08,C,0.64,0.063400000,3,
2026-10-02,ADU,OPT,ADUU8 C0645,2028-09-08,C,0.645,0.060200000,3,
2026-10-02,ADU,OPT,ADUU8 C0650,2028-09-08,C,0.65,0.057100000,3,
2026-10-02,ADU,OPT,ADUU8 C0655,2028-09-08,C,0.655,0.054000000,3,
2026-10-02,ADU,OPT,ADUU8 C0660,2028-09-08,C,0.66,0.051100000,3,
2026-10-02,ADU,OPT,ADUU8 C0665,2028-09-08,C,0.665,0.048300000,3,
2026-10-02,ADU,OPT,ADUU8 C0670,2028-09-08,C,0.67,0.045500000,3,
2026-10-02,ADU,OPT,ADUU8 C0675,2028-09-08,C,0.675,0.042900000,3,
2026-10-02,ADU,OPT,ADUU8 C0680,2028-09-08,C,0.68,0.040300000,3,
2026-10-02,ADU,OPT,ADUU8 C0685,2028-09-08,C,0.685,0.037900000,3,
2026-10-02,ADU,OPT,ADUU8 C0690,2028-09-08,C,0.69,0.035600000,3,
2026-10-02,ADU,OPT,ADUU8 C0695,2028-09-08,C,0.695,0.033400000,3,
2026-10-02,ADU,OPT,ADUU8 C0700,2028-09-08,C,0.7,0.031400000,3,
2026-10-02,ADU,OPT,ADUU8 C0705,2028-09-08,C,0.705,0.029400000,3,
2026-10-02,ADU,OPT,ADUU8 C0710,2028-09-08,C,0.71,0.027600000,3,
2026-10-02,ADU,OPT,ADUU8 C0715,2028-09-08,C,0.715,0.025900000,3,
2026-10-02,ADU,OPT,ADUU8 C0720,2028-09-08,C,0.72,0.024300000,3,
2026-10-02,ADU,OPT,ADUU8 C0725,2028-09-08,C,0.725,0.022800000,3,
2026-10-02,ADU,OPT,ADUU8 C0730,2028-09-08,C,0.73,0.021400000,3,
2026-10-02,ADU,OPT,ADUU8 C0735,2028-09-08,C,0.735,0.020100000,3,
2026-10-02,ADU,OPT,ADUU8 C0740,2028-09-08,C,0.74,0.018800000,3,
2026-10-02,ADU,OPT,ADUU8 C0745,2028-09-08,C,0.745,0.017700000,3,
2026-10-02,ADU,OPT,ADUU8 C0750,2028-09-08,C,0.75,0.016600000,3,
2026-10-02,ADU,OPT,ADUU8 C0755,2028-09-08,C,0.755,0.015600000,3,
2026-10-02,ADU,OPT,ADUU8 C0760,2028-09-08,C,0.76,0.014700000,3,
2026-10-02,ADU,OPT,ADUU8 C0765,2028-09-08,C,0.765,0.013800000,3,
2026-10-02,ADU,OPT,ADUU8 C0770,2028-09-08,C,0.77,0.013000000,3,
2026-10-02,ADU,OPT,ADUU8 C0780,2028-09-08,C,0.78,0.011600000,3,
2026-10-02,ADU,OPT,ADUU8 C0790,2028-09-08,C,0.79,0.010300000,3,
2026-10-02,ADU,OPT,ADUU8 C0800,2028-09-08,C,0.8,0.009100000,3,
2026-10-02,ADU,OPT,ADUU8 C0810,2028-09-08,C,0.81,0.008100000,3,
2026-10-02,ADU,OPT,ADUU8 C0820,2028-09-08,C,0.82,0.007200000,3,
2026-10-02,ADU,OPT,ADUU8 C0830,2028-09-08,C,0.83,0.006400000,3,
2026-10-02,ADU,OPT,ADUU8 C0840,2028-09-08,C,0.84,0.005700000,3,
2026-10-02,ADU,OPT,ADUU8 C0850,2028-09-08,C,0.85,0.005100000,3,
2026-10-02,ADU,OPT,ADUU8 C0860,2028-09-08,C,0.86,0.004600000,3,
2026-10-02,ADU,OPT,ADUU8 P0540,2028-09-08,P,0.54,0.001800000,3,
2026-10-02,ADU,OPT,ADUU8 P0550,2028-09-08,P,0.55,0.002400000,3,
2026-10-02,ADU,OPT,ADUU8 P0560,2028-09-08,P,0.56,0.003100000,3,
2026-10-02,ADU,OPT,ADUU8 P0570,2028-09-08,P,0.57,0.003900000,3,
2026-10-02,ADU,OPT,ADUU8 P0580,2028-09-08,P,0.58,0.004900000,3,
2026-10-02,ADU,OPT,ADUU8 P0590,2028-09-08,P,0.59,0.006100000,3,
2026-10-02,ADU,OPT,ADUU8 P0600,2028-09-08,P,0.6,0.007500000,3,
2026-10-02,ADU,OPT,ADUU8 P0610,2028-09-08,P,0.61,0.009100000,3,
2026-10-02,ADU,OPT,ADUU8 P0620,2028-09-08,P,0.62,0.011000000,3,
2026-10-02,ADU,OPT,ADUU8 P0630,2028-09-08,P,0.63,0.013200000,3,
2026-10-02,ADU,OPT,ADUU8 P0640,2028-09-08,P,0.64,0.015700000,3,
2026-10-02,ADU,OPT,ADUU8 P0645,2028-09-08,P,0.645,0.017100000,3,
2026-10-02,ADU,OPT,ADUU8 P0650,2028-09-08,P,0.65,0.018600000,3,
2026-10-02,ADU,OPT,ADUU8 P0655,2028-09-08,P,0.655,0.020100000,3,
2026-10-02,ADU,OPT,ADUU8 P0660,2028-09-08,P,0.66,0.021700000,3,
2026-10-02,ADU,OPT,ADUU8 P0665,2028-09-08,P,0.665,0.023500000,3,
2026-10-02,ADU,OPT,ADUU8 P0670,2028-09-08,P,0.67,0.025300000,3,
2026-10-02,ADU,OPT,ADUU8 P0675,2028-09-08,P,0.675,0.027200000,3,
2026-10-02,ADU,OPT,ADUU8 P0680,2028-09-08,P,0.68,0.029300000,3,
2026-10-02,ADU,OPT,ADUU8 P0685,2028-09-08,P,0.685,0.031400000,3,
2026-10-02,ADU,OPT,ADUU8 P0690,2028-09-08,P,0.69,0.033700000,3,
2026-10-02,ADU,OPT,ADUU8 P0695,2028-09-08,P,0.695,0.036100000,3,
2026-10-02,ADU,OPT,ADUU8 P0700,2028-09-08,P,0.7,0.038600000,3,
2026-10-02,ADU,OPT,ADUU8 P0705,2028-09-08,P,0.705,0.041300000,3,
2026-10-02,ADU,OPT,ADUU8 P0710,2028-09-08,P,0.71,0.044000000,3,
2026-10-02,ADU,OPT,ADUU8 P0715,2028-09-08,P,0.715,0.046900000,3,
2026-10-02,ADU,OPT,ADUU8 P0720,2028-09-08,P,0.72,0.049900000,3,
2026-10-02,ADU,OPT,ADUU8 P0725,2028-09-08,P,0.725,0.053000000,3,
2026-10-02,ADU,OPT,ADUU8 P0730,2028-09-08,P,0.73,0.056200000,3,
2026-10-02,ADU,OPT,ADUU8 P0735,2028-09-08,P,0.735,0.059400000,3,
2026-10-02,ADU,OPT,ADUU8 P0740,2028-09-08,P,0.74,0.062800000,3,
2026-10-02,ADU,OPT,ADUU8 P0745,2028-09-08,P,0.745,0.066200000,3,
2026-10-02,ADU,OPT,ADUU8 P0750,2028-09-08,P,0.75,0.069700000,3,
2026-10-02,ADU,OPT,ADUU8 P0755,2028-09-08,P,0.755,0.073300000,3,
2026-10-02,ADU,OPT,ADUU8 P0760,2028-09-08,P,0.76,0.077000000,3,
2026-10-02,ADU,OPT,ADUU8 P0765,2028-09-08,P,0.765,0.080700000,3,
2026-10-02,ADU,OPT,ADUU8 P0770,2028-09-08,P,0.77,0.084400000,3,
2026-10-02,ADU,OPT,ADUU8 P0780,2028-09-08,P,0.78,0.092100000,3,
2026-10-02,ADU,OPT,ADUU8 P0790,2028-09-08,P,0.79,0.100000000,3,
2026-10-02,ADU,OPT,ADUU8 P0800,2028-09-08,P,0.8,0.108000000,3,
2026-10-02,ADU,OPT,ADUU8 P0810,2028-09-08,P,0.81,0.116200000,3,
2026-10-02,ADU,OPT,ADUU8 P0820,2028-09-08,P,0.82,0.124400000,3,
2026-10-02,ADU,OPT,ADUU8 P0830,2028-09-08,P,0.83,0.132800000,3,
2026-10-02,ADU,OPT,ADUU8 P0840,2028-09-08,P,0.84,0.141300000,3,
2026-10-02,ADU,OPT,ADUU8 P0850,2028-09-08,P,0.85,0.149800000,3,
2026-10-02,ADU,OPT,ADUU8 P0860,2028-09-08,P,0.86,0.158500000,3,
