session,root,type,symbol,expiry,right,strike,settle,settle_flag,oi
2026-08-25,ADU,OPT,ADUU6 C0450,2026-09-04,C,0.45,0.265500000,3,
2026-08-25,ADU,OPT,ADUU6 C0460,2026-09-04,C,0.46,0.255500000,3,
2026-08-25,ADU,OPT,ADUU6 C0470,2026-09-04,C,0.47,0.245500000,3,
2026-08-25,ADU,OPT,ADUU6 C0480,2026-09-04,C,0.48,0.235500000,3,
2026-08-25,ADU,OPT,ADUU6 C0490,2026-09-04,C,0.49,0.225500000,3,
2026-08-25,ADU,OPT,ADUU6 C0500,2026-09-04,C,0.5,0.215500000,3,
2026-08-25,ADU,OPT,ADUU6 C0510,2026-09-04,C,0.51,0.205500000,3,
2026-08-25,ADU,OPT,ADUU6 C0520,2026-09-04,C,0.52,0.195600000,3,
2026-08-25,ADU,OPT,ADUU6 C0530,2026-09-04,C,0.53,0.185600000,3,
2026-08-25,ADU,OPT,ADUU6 C0540,2026-09-04,C,0.54,0.175600000,3,
2026-08-25,ADU,OPT,ADUU6 C0550,2026-09-04,C,0.55,0.165600000,3,
2026-08-25,ADU,OPT,ADUU6 C0555,2026-09-04,C,0.555,0.160600000,3,
2026-08-25,ADU,OPT,ADUU6 C0560,2026-09-04,C,0.56,0.155600000,3,
2026-08-25,ADU,OPT,ADUU6 C0565,2026-09-04,C,0.565,0.150600000,3,
2026-08-25,ADU,OPT,ADUU6 C0570,2026-09-04,C,0.57,0.145600000,3,
2026-08-25,ADU,OPT,ADUU6 C0575,2026-09-04,C,0.575,0.140600000,3,
2026-08-25,ADU,OPT,ADUU6 C0580,2026-09-04,C,0.58,0.135600000,3,
2026-08-25,ADU,OPT,ADUU6 C0585,2026-09-04,C,0.585,0.130600000,3,
2026-08-25,ADU,OPT,ADUU6 C0590,2026-09-04,C,0.59,0.125600000,3,
2026-08-25,ADU,OPT,ADUU6 C0595,2026-09-04,C,0.595,0.120600000,3,
2026-08-25,ADU,OPT,ADUU6 C0600,2026-09-04,C,0.6,0.115600000,3,
2026-08-25,ADU,OPT,ADUU6 C0605,2026-09-04,C,0.605,0.110600000,3,
2026-08-25,ADU,OPT,ADUU6 C0610,2026-09-04,C,0.61,0.105600000,3,
2026-08-25,ADU,OPT,ADUU6 C0615,2026-09-04,C,0.615,0.100600000,3,
2026-08-25,ADU,OPT,ADUU6 C0620,2026-09-04,C,0.62,0.095700000,3,
2026-08-25,ADU,OPT,ADUU6 C0625,2026-09-04,C,0.625,0.090700000,3,
2026-08-25,ADU,OPT,ADUU6 C0630,2026-09-04,C,0.63,0.085700000,3,1
2026-08-25,ADU,OPT,ADUU6 C0635,2026-09-04,C,0.635,0.080700000,3,1
2026-08-25,ADU,OPT,ADUU6 C0640,2026-09-04,C,0.64,0.075700000,3,
2026-08-25,ADU,OPT,ADUU6 C0645,2026-09-04,C,0.645,0.070700000,3,
2026-08-25,ADU,OPT,ADUU6 C0650,2026-09-04,C,0.65,0.065700000,3,4
2026-08-25,ADU,OPT,ADUU6 C0655,2026-09-04,C,0.655,0.060700000,3,
2026-08-25,ADU,OPT,ADUU6 C0660,2026-09-04,C,0.66,0.055700000,3,
2026-08-25,ADU,OPT,ADUU6 C0665,2026-09-04,C,0.665,0.050700000,3,1
2026-08-25,ADU,OPT,ADUU6 C0670,2026-09-04,C,0.67,0.045700000,3,34
2026-08-25,ADU,OPT,ADUU6 C0675,2026-09-04,C,0.675,0.040700000,3,2
2026-08-25,ADU,OPT,ADUU6 C0680,2026-09-04,C,0.68,0.035700000,3,3
2026-08-25,ADU,OPT,ADUU6 C0685,2026-09-04,C,0.685,0.030700000,3,32
2026-08-25,ADU,OPT,ADUU6 C0687,2026-09-04,C,0.6875,0.028200000,3,
2026-08-25,ADU,OPT,ADUU6 C0690,2026-09-04,C,0.69,0.025800000,3,155
2026-08-25,ADU,OPT,ADUU6 C0692,2026-09-04,C,0.6925,0.023300000,3,
2026-08-25,ADU,OPT,ADUU6 C0695,2026-09-04,C,0.695,0.020800000,3,109
2026-08-25,ADU,OPT,ADUU6 C0697,2026-09-04,C,0.6975,0.018400000,3,
2026-08-25,ADU,OPT,ADUU6 C0700,2026-09-04,C,0.7,0.016000000,3,1290
2026-08-25,ADU,OPT,ADUU6 C0702,2026-09-04,C,0.7025,0.013600000,3,
2026-08-25,ADU,OPT,ADUU6 C0705,2026-09-04,C,0.705,0.011300000,3,2715
2026-08-25,ADU,OPT,ADUU6 C0707,2026-09-04,C,0.7075,0.009100000,3,
2026-08-25,ADU,OPT,ADUU6 C0710,2026-09-04,C,0.71,0.007100000,3,1002
2026-08-25,ADU,OPT,ADUU6 C0712,2026-09-04,C,0.7125,0.005300000,3,250
2026-08-25,ADU,OPT,ADUU6 C0715,2026-09-04,C,0.715,0.003800000,3,333
2026-08-25,ADU,OPT,ADUU6 C0717,2026-09-04,C,0.7175,0.002600000,3,63
2026-08-25,ADU,OPT,ADUU6 C0720,2026-09-04,C,0.72,0.001700000,3,1064
2026-08-25,ADU,OPT,ADUU6 C0722,2026-09-04,C,0.7225,0.001100000,3,59
2026-08-25,ADU,OPT,ADUU6 C0725,2026-09-04,C,0.725,0.000700000,3,326
2026-08-25,ADU,OPT,ADUU6 C0727,2026-09-04,C,0.7275,0.000400000,3,1
2026-08-25,ADU,OPT,ADUU6 C0730,2026-09-04,C,0.73,0.000250000,3,763
2026-08-25,ADU,OPT,ADUU6 C0732,2026-09-04,C,0.7325,0.000150000,3,
2026-08-25,ADU,OPT,ADUU6 C0735,2026-09-04,C,0.735,0.000050000,3,37
2026-08-25,ADU,OPT,ADUU6 C0737,2026-09-04,C,0.7375,0.000050000,3,
2026-08-25,ADU,OPT,ADUU6 C0740,2026-09-04,C,0.74,0.000050000,3,108
2026-08-25,ADU,OPT,ADUU6 C0745,2026-09-04,C,0.745,0.000050000,3,44
2026-08-25,ADU,OPT,ADUU6 C0750,2026-09-04,C,0.75,0.000050000,3,935
2026-08-25,ADU,OPT,ADUU6 C0755,2026-09-04,C,0.755,0.000050000,3,135
2026-08-25,ADU,OPT,ADUU6 C0760,2026-09-04,C,0.76,0.000050000,3,44
2026-08-25,ADU,OPT,ADUU6 C0765,2026-09-04,C,0.765,0.000050000,3,11
2026-08-25,ADU,OPT,ADUU6 C0770,2026-09-04,C,0.77,0.000050000,3,29
2026-08-25,ADU,OPT,ADUU6 C0775,2026-09-04,C,0.775,0.000050000,3,
2026-08-25,ADU,OPT,ADUU6 C0780,2026-09-04,C,0.78,0.000050000,3,32
2026-08-25,ADU,OPT,ADUU6 C0790,2026-09-04,C,0.79,0.000050000,3,15
2026-08-25,ADU,OPT,ADUU6 C0800,2026-09-04,C,0.8,0.000050000,3,7
2026-08-25,ADU,OPT,ADUU6 C0810,2026-09-04,C,0.81,0.000050000,3,3
2026-08-25,ADU,OPT,ADUU6 C0820,2026-09-04,C,0.82,0.000050000,3,204
2026-08-25,ADU,OPT,ADUU6 C0830,2026-09-04,C,0.83,0.000050000,3,
2026-08-25,ADU,OPT,ADUU6 C0840,2026-09-04,C,0.84,0.000050000,3,1
2026-08-25,ADU,OPT,ADUU6 C0850,2026-09-04,C,0.85,0.000050000,3,
2026-08-25,ADU,OPT,ADUU6 C0860,2026-09-04,C,0.86,0.000050000,3,
2026-08-25,ADU,OPT,ADUU6 C0870,2026-09-04,C,0.87,0.000050000,3,
2026-08-25,ADU,OPT,ADUU6 P0450,2026-09-04,P,0.45,0.000050000,3,
2026-08-25,ADU,OPT,ADUU6 P0460,2026-09-04,P,0.46,0.000050000,3,
2026-08-25,ADU,OPT,ADUU6 P0470,2026-09-04,P,0.47,0.000050000,3,
2026-08-25,ADU,OPT,ADUU6 P0480,2026-09-04,P,0.48,0.000050000,3,2
2026-08-25,ADU,OPT,ADUU6 P0490,2026-09-04,P,0.49,0.000050000,3,
2026-08-25,ADU,OPT,ADUU6 P0500,2026-09-04,P,0.5,0.000050000,3,
2026-08-25,ADU,OPT,ADUU6 P0510,2026-09-04,P,0.51,0.000050000,3,
2026-08-25,ADU,OPT,ADUU6 P0520,2026-09-04,P,0.52,0.000050000,3,5
2026-08-25,ADU,OPT,ADUU6 P0530,2026-09-04,P,0.53,0.000050000,3,3
2026-08-25,ADU,OPT,ADUU6 P0540,2026-09-04,P,0.54,0.000050000,3,
2026-08-25,ADU,OPT,ADUU6 P0550,2026-09-04,P,0.55,0.000050000,3,50
2026-08-25,ADU,OPT,ADUU6 P0555,2026-09-04,P,0.555,0.000050000,3,5
2026-08-25,ADU,OPT,ADUU6 P0560,2026-09-04,P,0.56,0.000050000,3,6
2026-08-25,ADU,OPT,ADUU6 P0565,2026-09-04,P,0.565,0.000050000,3,3
2026-08-25,ADU,OPT,ADUU6 P0570,2026-09-04,P,0.57,0.000050000,3,16
2026-08-25,ADU,OPT,ADUU6 P0575,2026-09-04,P,0.575,0.000050000,3,15
2026-08-25,ADU,OPT,ADUU6 P0580,2026-09-04,P,0.58,0.000050000,3,15
2026-08-25,ADU,OPT,ADUU6 P0585,2026-09-04,P,0.585,0.000050000,3,16
2026-08-25,ADU,OPT,ADUU6 P0590,2026-09-04,P,0.59,0.000050000,3,20
2026-08-25,ADU,OPT,ADUU6 P0595,2026-09-04,P,0.595,0.000050000,3,15
2026-08-25,ADU,OPT,ADUU6 P0600,2026-09-04,P,0.6,0.000050000,3,22
2026-08-25,ADU,OPT,ADUU6 P0605,2026-09-04,P,0.605,0.000050000,3,30
2026-08-25,ADU,OPT,ADUU6 P0610,2026-09-04,P,0.61,0.000050000,3,21
2026-08-25,ADU,OPT,ADUU6 P0615,2026-09-04,P,0.615,0.000050000,3,18
2026-08-25,ADU,OPT,ADUU6 P0620,2026-09-04,P,0.62,0.000050000,3,18
2026-08-25,ADU,OPT,ADUU6 P0625,2026-09-04,P,0.625,0.000050000,3,6
2026-08-25,ADU,OPT,ADUU6 P0630,2026-09-04,P,0.63,0.000050000,3,86
2026-08-25,ADU,OPT,ADUU6 P0635,2026-09-04,P,0.635,0.000050000,3,32
2026-08-25,ADU,OPT,ADUU6 P0640,2026-09-04,P,0.64,0.000050000,3,12
2026-08-25,ADU,OPT,ADUU6 P0645,2026-09-04,P,0.645,0.000050000,3,11
2026-08-25,ADU,OPT,ADUU6 P0650,2026-09-04,P,0.65,0.000050000,3,427
2026-08-25,ADU,OPT,ADUU6 P0655,2026-09-04,P,0.655,0.000050000,3,144
2026-08-25,ADU,OPT,ADUU6 P0660,2026-09-04,P,0.66,0.000050000,3,130
2026-08-25,ADU,OPT,ADUU6 P0665,2026-09-04,P,0.665,0.000050000,3,96
2026-08-25,ADU,OPT,ADUU6 P0670,2026-09-04,P,0.67,0.000050000,3,191
2026-08-25,ADU,OPT,ADUU6 P0675,2026-09-04,P,0.675,0.000050000,3,222
2026-08-25,ADU,OPT,ADUU6 P0680,2026-09-04,P,0.68,0.000050000,3,376
2026-08-25,ADU,OPT,ADUU6 P0685,2026-09-04,P,0.685,0.000050000,3,224
2026-08-25,ADU,OPT,ADUU6 P0687,2026-09-04,P,0.6875,0.000050000,3,5
2026-08-25,ADU,OPT,ADUU6 P0690,2026-09-04,P,0.69,0.000050000,3,449
2026-08-25,ADU,OPT,ADUU6 P0692,2026-09-04,P,0.6925,0.000050000,3,34
2026-08-25,ADU,OPT,ADUU6 P0695,2026-09-04,P,0.695,0.000100000,3,513
2026-08-25,ADU,OPT,ADUU6 P0697,2026-09-04,P,0.6975,0.000150000,3,128
2026-08-25,ADU,OPT,ADUU6 P0700,2026-09-04,P,0.7,0.000250000,3,1100
2026-08-25,ADU,OPT,ADUU6 P0702,2026-09-04,P,0.7025,0.000350000,3,322
2026-08-25,ADU,OPT,ADUU6 P0705,2026-09-04,P,0.705,0.000500000,3,1281
2026-08-25,ADU,OPT,ADUU6 P0707,2026-09-04,P,0.7075,0.000900000,3,20
2026-08-25,ADU,OPT,ADUU6 P0710,2026-09-04,P,0.71,0.001300000,3,173
2026-08-25,ADU,OPT,ADUU6 P0712,2026-09-04,P,0.7125,0.002100000,3,10
2026-08-25,ADU,OPT,ADUU6 P0715,2026-09-04,P,0.715,0.003100000,3,127
2026-08-25,ADU,OPT,ADUU6 P0717,2026-09-04,P,0.7175,0.004400000,3,1
2026-08-25,ADU,OPT,ADUU6 P0720,2026-09-04,P,0.72,0.006000000,3,20
2026-08-25,ADU,OPT,ADUU6 P0722,2026-09-04,P,0.7225,0.007800000,3,
2026-08-25,ADU,OPT,ADUU6 P0725,2026-09-04,P,0.725,0.009900000,3,24
2026-08-25,ADU,OPT,ADUU6 P0727,2026-09-04,P,0.7275,0.012100000,3,
2026-08-25,ADU,OPT,ADUU6 P0730,2026-09-04,P,0.73,0.014500000,3,
2026-08-25,ADU,OPT,ADUU6 P0732,2026-09-04,P,0.7325,0.016900000,3,
2026-08-25,ADU,OPT,ADUU6 P0735,2026-09-04,P,0.735,0.019300000,3,
2026-08-25,ADU,OPT,ADUU6 P0737,2026-09-04,P,0.7375,0.021800000,3,
2026-08-25,ADU,OPT,ADUU6 P0740,2026-09-04,P,0.74,0.024200000,3,10
2026-08-25,ADU,OPT,ADUU6 P0745,2026-09-04,P,0.745,0.029200000,3,
2026-08-25,ADU,OPT,ADUU6 P0750,2026-09-04,P,0.75,0.034200000,3,5
2026-08-25,ADU,OPT,ADUU6 P0755,2026-09-04,P,0.755,0.039200000,3,
2026-08-25,ADU,OPT,ADUU6 P0760,2026-09-04,P,0.76,0.044200000,3,1
2026-08-25,ADU,OPT,ADUU6 P0765,2026-09-04,P,0.765,0.049200000,3,
2026-08-25,ADU,OPT,ADUU6 P0770,2026-09-04,P,0.77,0.054200000,3,
2026-08-25,ADU,OPT,ADUU6 P0775,2026-09-04,P,0.775,0.059200000,3,
2026-08-25,ADU,OPT,ADUU6 P0780,2026-09-04,P,0.78,0.064200000,3,
2026-08-25,ADU,OPT,ADUU6 P0790,2026-09-04,P,0.79,0.074200000,3,
2026-08-25,ADU,OPT,ADUU6 P0800,2026-09-04,P,0.8,0.084200000,3,
2026-08-25,ADU,OPT,ADUU6 P0810,2026-09-04,P,0.81,0.094200000,3,
2026-08-25,ADU,OPT,ADUU6 P0820,2026-09-04,P,0.82,0.104100000,3,
2026-08-25,ADU,OPT,ADUU6 P0830,2026-09-04,P,0.83,0.114100000,3,
2026-08-25,ADU,OPT,ADUU6 P0840,2026-09-04,P,0.84,0.124100000,3,
2026-08-25,ADU,OPT,ADUU6 P0850,2026-09-04,P,0.85,0.134100000,3,
2026-08-25,ADU,OPT,ADUU6 P0860,2026-09-04,P,0.86,0.144100000,3,
2026-08-25,ADU,OPT,ADUU6 P0870,2026-09-04,P,0.87,0.154100000,3,
2026-08-25,ADU,OPT,ADUV6 C0500,2026-10-09,C,0.5,0.213700000,3,
2026-08-25,ADU,OPT,ADUV6 C0510,2026-10-09,C,0.51,0.203700000,3,
2026-08-25,ADU,OPT,ADUV6 C0520,2026-10-09,C,0.52,0.193800000,3,
2026-08-25,ADU,OPT,ADUV6 C0530,2026-10-09,C,0.53,0.183800000,3,
2026-08-25,ADU,OPT,ADUV6 C0540,2026-10-09,C,0.54,0.173900000,3,
2026-08-25,ADU,OPT,ADUV6 C0550,2026-10-09,C,0.55,0.163900000,3,
2026-08-25,ADU,OPT,ADUV6 C0560,2026-10-09,C,0.56,0.154000000,3,
2026-08-25,ADU,OPT,ADUV6 C0570,2026-10-09,C,0.57,0.144000000,3,179
2026-08-25,ADU,OPT,ADUV6 C0580,2026-10-09,C,0.58,0.134000000,3,80
2026-08-25,ADU,OPT,ADUV6 C0590,2026-10-09,C,0.59,0.124100000,3,
2026-08-25,ADU,OPT,ADUV6 C0595,2026-10-09,C,0.595,0.119100000,3,
2026-08-25,ADU,OPT,ADUV6 C0600,2026-10-09,C,0.6,0.114100000,3,
2026-08-25,ADU,OPT,ADUV6 C0605,2026-10-09,C,0.605,0.109200000,3,
2026-08-25,ADU,OPT,ADUV6 C0610,2026-10-09,C,0.61,0.104200000,3,
2026-08-25,ADU,OPT,ADUV6 C0615,2026-10-09,C,0.615,0.099200000,3,
2026-08-25,ADU,OPT,ADUV6 C0620,2026-10-09,C,0.62,0.094200000,3,
2026-08-25,ADU,OPT,ADUV6 C0625,2026-10-09,C,0.625,0.089200000,3,
2026-08-25,ADU,OPT,ADUV6 C0630,2026-10-09,C,0.63,0.084300000,3,
2026-08-25,ADU,OPT,ADUV6 C0635,2026-10-09,C,0.635,0.079300000,3,
2026-08-25,ADU,OPT,ADUV6 C0640,2026-10-09,C,0.64,0.074300000,3,
2026-08-25,ADU,OPT,ADUV6 C0645,2026-10-09,C,0.645,0.069400000,3,
2026-08-25,ADU,OPT,ADUV6 C0650,2026-10-09,C,0.65,0.064400000,3,
2026-08-25,ADU,OPT,ADUV6 C0655,2026-10-09,C,0.655,0.059500000,3,
2026-08-25,ADU,OPT,ADUV6 C0660,2026-10-09,C,0.66,0.054600000,3,1
2026-08-25,ADU,OPT,ADUV6 C0665,2026-10-09,C,0.665,0.049700000,3,
2026-08-25,ADU,OPT,ADUV6 C0670,2026-10-09,C,0.67,0.044700000,3,
2026-08-25,ADU,OPT,ADUV6 C0675,2026-10-09,C,0.675,0.039800000,3,
2026-08-25,ADU,OPT,ADUV6 C0680,2026-10-09,C,0.68,0.034900000,3,6
2026-08-25,ADU,OPT,ADUV6 C0685,2026-10-09,C,0.685,0.030200000,3,
2026-08-25,ADU,OPT,ADUV6 C0690,2026-10-09,C,0.69,0.025500000,3,7
2026-08-25,ADU,OPT,ADUV6 C0695,2026-10-09,C,0.695,0.021100000,3,241
2026-08-25,ADU,OPT,ADUV6 C0700,2026-10-09,C,0.7,0.016900000,3,13
2026-08-25,ADU,OPT,ADUV6 C0705,2026-10-09,C,0.705,0.013100000,3,232
2026-08-25,ADU,OPT,ADUV6 C0710,2026-10-09,C,0.71,0.009800000,3,214
2026-08-25,ADU,OPT,ADUV6 C0715,2026-10-09,C,0.715,0.007000000,3,1249
2026-08-25,ADU,OPT,ADUV6 C0720,2026-10-09,C,0.72,0.004800000,3,2115
2026-08-25,ADU,OPT,ADUV6 C0725,2026-10-09,C,0.725,0.003100000,3,158
2026-08-25,ADU,OPT,ADUV6 C0730,2026-10-09,C,0.73,0.002000000,3,175
2026-08-25,ADU,OPT,ADUV6 C0735,2026-10-09,C,0.735,0.001200000,3,224
2026-08-25,ADU,OPT,ADUV6 C0740,2026-10-09,C,0.74,0.000800000,3,51
2026-08-25,ADU,OPT,ADUV6 C0745,2026-10-09,C,0.745,0.000500000,3,10
2026-08-25,ADU,OPT,ADUV6 C0750,2026-10-09,C,0.75,0.000350000,3,20
2026-08-25,ADU,OPT,ADUV6 C0755,2026-10-09,C,0.755,0.000200000,3,1
2026-08-25,ADU,OPT,ADUV6 C0760,2026-10-09,C,0.76,0.000200000,3,8
2026-08-25,ADU,OPT,ADUV6 C0765,2026-10-09,C,0.765,0.000150000,3,4
2026-08-25,ADU,OPT,ADUV6 C0770,2026-10-09,C,0.77,0.000100000,3,15
2026-08-25,ADU,OPT,ADUV6 C0780,2026-10-09,C,0.78,0.000050000,3,21
2026-08-25,ADU,OPT,ADUV6 C0790,2026-10-09,C,0.79,0.000050000,3,3
2026-08-25,ADU,OPT,ADUV6 C0800,2026-10-09,C,0.8,0.000050000,3,2
2026-08-25,ADU,OPT,ADUV6 C0810,2026-10-09,C,0.81,0.000050000,3,
2026-08-25,ADU,OPT,ADUV6 C0820,2026-10-09,C,0.82,0.000050000,3,1
2026-08-25,ADU,OPT,ADUV6 C0830,2026-10-09,C,0.83,0.000050000,3,
2026-08-25,ADU,OPT,ADUV6 C0840,2026-10-09,C,0.84,0.000050000,3,
2026-08-25,ADU,OPT,ADUV6 C0850,2026-10-09,C,0.85,0.000050000,3,
2026-08-25,ADU,OPT,ADUV6 C0860,2026-10-09,C,0.86,0.000050000,3,
2026-08-25,ADU,OPT,ADUV6 C0870,2026-10-09,C,0.87,0.000050000,3,
2026-08-25,ADU,OPT,ADUV6 P0500,2026-10-09,P,0.5,0.000050000,3,3
2026-08-25,ADU,OPT,ADUV6 P0510,2026-10-09,P,0.51,0.000050000,3,
2026-08-25,ADU,OPT,ADUV6 P0520,2026-10-09,P,0.52,0.000050000,3,6
2026-08-25,ADU,OPT,ADUV6 P0530,2026-10-09,P,0.53,0.000050000,3,3
2026-08-25,ADU,OPT,ADUV6 P0540,2026-10-09,P,0.54,0.000050000,3,
2026-08-25,ADU,OPT,ADUV6 P0550,2026-10-09,P,0.55,0.000050000,3,15
2026-08-25,ADU,OPT,ADUV6 P0560,2026-10-09,P,0.56,0.000050000,3,15
2026-08-25,ADU,OPT,ADUV6 P0570,2026-10-09,P,0.57,0.000050000,3,15
2026-08-25,ADU,OPT,ADUV6 P0580,2026-10-09,P,0.58,0.000050000,3,15
2026-08-25,ADU,OPT,ADUV6 P0590,2026-10-09,P,0.59,0.000050000,3,15
2026-08-25,ADU,OPT,ADUV6 P0595,2026-10-09,P,0.595,0.000050000,3,15
2026-08-25,ADU,OPT,ADUV6 P0600,2026-10-09,P,0.6,0.000050000,3,17
2026-08-25,ADU,OPT,ADUV6 P0605,2026-10-09,P,0.605,0.000050000,3,15
2026-08-25,ADU,OPT,ADUV6 P0610,2026-10-09,P,0.61,0.000050000,3,4
2026-08-25,ADU,OPT,ADUV6 P0615,2026-10-09,P,0.615,0.000050000,3,6
2026-08-25,ADU,OPT,ADUV6 P0620,2026-10-09,P,0.62,0.000050000,3,15
2026-08-25,ADU,OPT,ADUV6 P0625,2026-10-09,P,0.625,0.000050000,3,36
2026-08-25,ADU,OPT,ADUV6 P0630,2026-10-09,P,0.63,0.000050000,3,3
2026-08-25,ADU,OPT,ADUV6 P0635,2026-10-09,P,0.635,0.000050000,3,6
2026-08-25,ADU,OPT,ADUV6 P0640,2026-10-09,P,0.64,0.000050000,3,9
2026-08-25,ADU,OPT,ADUV6 P0645,2026-10-09,P,0.645,0.000050000,3,36
2026-08-25,ADU,OPT,ADUV6 P0650,2026-10-09,P,0.65,0.000050000,3,248
2026-08-25,ADU,OPT,ADUV6 P0655,2026-10-09,P,0.655,0.000100000,3,27
2026-08-25,ADU,OPT,ADUV6 P0660,2026-10-09,P,0.66,0.000150000,3,23
2026-08-25,ADU,OPT,ADUV6 P0665,2026-10-09,P,0.665,0.000200000,3,98
2026-08-25,ADU,OPT,ADUV6 P0670,2026-10-09,P,0.67,0.000250000,3,47
2026-08-25,ADU,OPT,ADUV6 P0675,2026-10-09,P,0.675,0.000350000,3,160
2026-08-25,ADU,OPT,ADUV6 P0680,2026-10-09,P,0.68,0.000450000,3,446
2026-08-25,ADU,OPT,ADUV6 P0685,2026-10-09,P,0.685,0.000700000,3,318
2026-08-25,ADU,OPT,ADUV6 P0690,2026-10-09,P,0.69,0.001000000,3,443
2026-08-25,ADU,OPT,ADUV6 P0695,2026-10-09,P,0.695,0.001500000,3,875
2026-08-25,ADU,OPT,ADUV6 P0700,2026-10-09,P,0.7,0.002400000,3,2559
2026-08-25,ADU,OPT,ADUV6 P0705,2026-10-09,P,0.705,0.003500000,3,131
2026-08-25,ADU,OPT,ADUV6 P0710,2026-10-09,P,0.71,0.005200000,3,167
2026-08-25,ADU,OPT,ADUV6 P0715,2026-10-09,P,0.715,0.007300000,3,320
2026-08-25,ADU,OPT,ADUV6 P0720,2026-10-09,P,0.72,0.010100000,3,2
2026-08-25,ADU,OPT,ADUV6 P0725,2026-10-09,P,0.725,0.013400000,3,
2026-08-25,ADU,OPT,ADUV6 P0730,2026-10-09,P,0.73,0.017300000,3,
2026-08-25,ADU,OPT,ADUV6 P0735,2026-10-09,P,0.735,0.021500000,3,
2026-08-25,ADU,OPT,ADUV6 P0740,2026-10-09,P,0.74,0.026000000,3,
2026-08-25,ADU,OPT,ADUV6 P0745,2026-10-09,P,0.745,0.030700000,3,
2026-08-25,ADU,OPT,ADUV6 P0750,2026-10-09,P,0.75,0.035500000,3,
2026-08-25,ADU,OPT,ADUV6 P0755,2026-10-09,P,0.755,0.040400000,3,
2026-08-25,ADU,OPT,ADUV6 P0760,2026-10-09,P,0.76,0.045300000,3,
2026-08-25,ADU,OPT,ADUV6 P0765,2026-10-09,P,0.765,0.050300000,3,
2026-08-25,ADU,OPT,ADUV6 P0770,2026-10-09,P,0.77,0.055200000,3,
2026-08-25,ADU,OPT,ADUV6 P0780,2026-10-09,P,0.78,0.065100000,3,
2026-08-25,ADU,OPT,ADUV6 P0790,2026-10-09,P,0.79,0.075000000,3,1
2026-08-25,ADU,OPT,ADUV6 P0800,2026-10-09,P,0.8,0.085000000,3,
2026-08-25,ADU,OPT,ADUV6 P0810,2026-10-09,P,0.81,0.094900000,3,
2026-08-25,ADU,OPT,ADUV6 P0820,2026-10-09,P,0.82,0.104900000,3,
2026-08-25,ADU,OPT,ADUV6 P0830,2026-10-09,P,0.83,0.114800000,3,
2026-08-25,ADU,OPT,ADUV6 P0840,2026-10-09,P,0.84,0.124800000,3,
2026-08-25,ADU,OPT,ADUV6 P0850,2026-10-09,P,0.85,0.134700000,3,
2026-08-25,ADU,OPT,ADUV6 P0860,2026-10-09,P,0.86,0.144700000,3,
2026-08-25,ADU,OPT,ADUV6 P0870,2026-10-09,P,0.87,0.154600000,3,
2026-08-25,ADU,OPT,ADUX6 C0500,2026-11-06,C,0.5,0.213100000,3,
2026-08-25,ADU,OPT,ADUX6 C0510,2026-11-06,C,0.51,0.203100000,3,
2026-08-25,ADU,OPT,ADUX6 C0520,2026-11-06,C,0.52,0.193200000,3,
2026-08-25,ADU,OPT,ADUX6 C0530,2026-11-06,C,0.53,0.183300000,3,
2026-08-25,ADU,OPT,ADUX6 C0540,2026-11-06,C,0.54,0.173400000,3,
2026-08-25,ADU,OPT,ADUX6 C0550,2026-11-06,C,0.55,0.163400000,3,
2026-08-25,ADU,OPT,ADUX6 C0560,2026-11-06,C,0.56,0.153500000,3,
2026-08-25,ADU,OPT,ADUX6 C0570,2026-11-06,C,0.57,0.143600000,3,
2026-08-25,ADU,OPT,ADUX6 C0580,2026-11-06,C,0.58,0.133700000,3,
2026-08-25,ADU,OPT,ADUX6 C0590,2026-11-06,C,0.59,0.123800000,3,
2026-08-25,ADU,OPT,ADUX6 C0595,2026-11-06,C,0.595,0.118800000,3,
2026-08-25,ADU,OPT,ADUX6 C0600,2026-11-06,C,0.6,0.113900000,3,
2026-08-25,ADU,OPT,ADUX6 C0605,2026-11-06,C,0.605,0.108900000,3,
2026-08-25,ADU,OPT,ADUX6 C0610,2026-11-06,C,0.61,0.104000000,3,
2026-08-25,ADU,OPT,ADUX6 C0615,2026-11-06,C,0.615,0.099000000,3,
2026-08-25,ADU,OPT,ADUX6 C0620,2026-11-06,C,0.62,0.094100000,3,
2026-08-25,ADU,OPT,ADUX6 C0625,2026-11-06,C,0.625,0.089100000,3,
2026-08-25,ADU,OPT,ADUX6 C0630,2026-11-06,C,0.63,0.084200000,3,
2026-08-25,ADU,OPT,ADUX6 C0635,2026-11-06,C,0.635,0.079200000,3,
2026-08-25,ADU,OPT,ADUX6 C0640,2026-11-06,C,0.64,0.074300000,3,
2026-08-25,ADU,OPT,ADUX6 C0645,2026-11-06,C,0.645,0.069400000,3,
2026-08-25,ADU,OPT,ADUX6 C0650,2026-11-06,C,0.65,0.064400000,3,
2026-08-25,ADU,OPT,ADUX6 C0655,2026-11-06,C,0.655,0.059500000,3,
2026-08-25,ADU,OPT,ADUX6 C0660,2026-11-06,C,0.66,0.054700000,3,
2026-08-25,ADU,OPT,ADUX6 C0665,2026-11-06,C,0.665,0.049800000,3,
2026-08-25,ADU,OPT,ADUX6 C0670,2026-11-06,C,0.67,0.045000000,3,
2026-08-25,ADU,OPT,ADUX6 C0675,2026-11-06,C,0.675,0.040300000,3,
2026-08-25,ADU,OPT,ADUX6 C0680,2026-11-06,C,0.68,0.035600000,3,
2026-08-25,ADU,OPT,ADUX6 C0685,2026-11-06,C,0.685,0.031100000,3,1
2026-08-25,ADU,OPT,ADUX6 C0690,2026-11-06,C,0.69,0.026700000,3,48
2026-08-25,ADU,OPT,ADUX6 C0695,2026-11-06,C,0.695,0.022600000,3,46
2026-08-25,ADU,OPT,ADUX6 C0700,2026-11-06,C,0.7,0.018700000,3,22
2026-08-25,ADU,OPT,ADUX6 C0705,2026-11-06,C,0.705,0.015200000,3,19
2026-08-25,ADU,OPT,ADUX6 C0710,2026-11-06,C,0.71,0.012100000,3,3
2026-08-25,ADU,OPT,ADUX6 C0715,2026-11-06,C,0.715,0.009300000,3,26
2026-08-25,ADU,OPT,ADUX6 C0720,2026-11-06,C,0.72,0.007100000,3,68
2026-08-25,ADU,OPT,ADUX6 C0725,2026-11-06,C,0.725,0.005200000,3,411
2026-08-25,ADU,OPT,ADUX6 C0730,2026-11-06,C,0.73,0.003800000,3,70
2026-08-25,ADU,OPT,ADUX6 C0735,2026-11-06,C,0.735,0.002700000,3,21
2026-08-25,ADU,OPT,ADUX6 C0740,2026-11-06,C,0.74,0.001900000,3,51
2026-08-25,ADU,OPT,ADUX6 C0745,2026-11-06,C,0.745,0.001300000,3,15
2026-08-25,ADU,OPT,ADUX6 C0750,2026-11-06,C,0.75,0.000900000,3,156
2026-08-25,ADU,OPT,ADUX6 C0755,2026-11-06,C,0.755,0.000600000,3,3
2026-08-25,ADU,OPT,ADUX6 C0760,2026-11-06,C,0.76,0.000450000,3,9
2026-08-25,ADU,OPT,ADUX6 C0765,2026-11-06,C,0.765,0.000350000,3,16
2026-08-25,ADU,OPT,ADUX6 C0770,2026-11-06,C,0.77,0.000250000,3,171
2026-08-25,ADU,OPT,ADUX6 C0780,2026-11-06,C,0.78,0.000150000,3,501
2026-08-25,ADU,OPT,ADUX6 C0790,2026-11-06,C,0.79,0.000050000,3,16
2026-08-25,ADU,OPT,ADUX6 C0800,2026-11-06,C,0.8,0.000050000,3,16
2026-08-25,ADU,OPT,ADUX6 C0810,2026-11-06,C,0.81,0.000050000,3,2
2026-08-25,ADU,OPT,ADUX6 C0820,2026-11-06,C,0.82,0.000050000,3,
2026-08-25,ADU,OPT,ADUX6 C0830,2026-11-06,C,0.83,0.000050000,3,
2026-08-25,ADU,OPT,ADUX6 C0840,2026-11-06,C,0.84,0.000050000,3,
2026-08-25,ADU,OPT,ADUX6 C0850,2026-11-06,C,0.85,0.000050000,3,3
2026-08-25,ADU,OPT,ADUX6 C0860,2026-11-06,C,0.86,0.000050000,3,
2026-08-25,ADU,OPT,ADUX6 C0870,2026-11-06,C,0.87,0.000050000,3,
2026-08-25,ADU,OPT,ADUX6 P0500,2026-11-06,P,0.5,0.000050000,3,
2026-08-25,ADU,OPT,ADUX6 P0510,2026-11-06,P,0.51,0.000050000,3,
2026-08-25,ADU,OPT,ADUX6 P0520,2026-11-06,P,0.52,0.000050000,3,
2026-08-25,ADU,OPT,ADUX6 P0530,2026-11-06,P,0.53,0.000050000,3,5
2026-08-25,ADU,OPT,ADUX6 P0540,2026-11-06,P,0.54,0.000050000,3,
2026-08-25,ADU,OPT,ADUX6 P0550,2026-11-06,P,0.55,0.000050000,3,
2026-08-25,ADU,OPT,ADUX6 P0560,2026-11-06,P,0.56,0.000050000,3,3
2026-08-25,ADU,OPT,ADUX6 P0570,2026-11-06,P,0.57,0.000050000,3,
2026-08-25,ADU,OPT,ADUX6 P0580,2026-11-06,P,0.58,0.000050000,3,
2026-08-25,ADU,OPT,ADUX6 P0590,2026-11-06,P,0.59,0.000050000,3,
2026-08-25,ADU,OPT,ADUX6 P0595,2026-11-06,P,0.595,0.000050000,3,15
2026-08-25,ADU,OPT,ADUX6 P0600,2026-11-06,P,0.6,0.000050000,3,17
2026-08-25,ADU,OPT,ADUX6 P0605,2026-11-06,P,0.605,0.000050000,3,
2026-08-25,ADU,OPT,ADUX6 P0610,2026-11-06,P,0.61,0.000100000,3,11
2026-08-25,ADU,OPT,ADUX6 P0615,2026-11-06,P,0.615,0.000100000,3,1
2026-08-25,ADU,OPT,ADUX6 P0620,2026-11-06,P,0.62,0.000100000,3,
2026-08-25,ADU,OPT,ADUX6 P0625,2026-11-06,P,0.625,0.000100000,3,300
2026-08-25,ADU,OPT,ADUX6 P0630,2026-11-06,P,0.63,0.000150000,3,1
2026-08-25,ADU,OPT,ADUX6 P0635,2026-11-06,P,0.635,0.000150000,3,5
2026-08-25,ADU,OPT,ADUX6 P0640,2026-11-06,P,0.64,0.000200000,3,1
2026-08-25,ADU,OPT,ADUX6 P0645,2026-11-06,P,0.645,0.000200000,3,51
2026-08-25,ADU,OPT,ADUX6 P0650,2026-11-06,P,0.65,0.000300000,3,15
2026-08-25,ADU,OPT,ADUX6 P0655,2026-11-06,P,0.655,0.000350000,3,11
2026-08-25,ADU,OPT,ADUX6 P0660,2026-11-06,P,0.66,0.000400000,3,37
2026-08-25,ADU,OPT,ADUX6 P0665,2026-11-06,P,0.665,0.000500000,3,8
2026-08-25,ADU,OPT,ADUX6 P0670,2026-11-06,P,0.67,0.000700000,3,16
2026-08-25,ADU,OPT,ADUX6 P0675,2026-11-06,P,0.675,0.000900000,3,16
2026-08-25,ADU,OPT,ADUX6 P0680,2026-11-06,P,0.68,0.001200000,3,290
2026-08-25,ADU,OPT,ADUX6 P0685,2026-11-06,P,0.685,0.001700000,3,21
2026-08-25,ADU,OPT,ADUX6 P0690,2026-11-06,P,0.69,0.002300000,3,74
2026-08-25,ADU,OPT,ADUX6 P0695,2026-11-06,P,0.695,0.003100000,3,166
2026-08-25,ADU,OPT,ADUX6 P0700,2026-11-06,P,0.7,0.004200000,3,65
2026-08-25,ADU,OPT,ADUX6 P0705,2026-11-06,P,0.705,0.005600000,3,3
2026-08-25,ADU,OPT,ADUX6 P0710,2026-11-06,P,0.71,0.007400000,3,
2026-08-25,ADU,OPT,ADUX6 P0715,2026-11-06,P,0.715,0.009700000,3,
2026-08-25,ADU,OPT,ADUX6 P0720,2026-11-06,P,0.72,0.012400000,3,100
2026-08-25,ADU,OPT,ADUX6 P0725,2026-11-06,P,0.725,0.015500000,3,2
2026-08-25,ADU,OPT,ADUX6 P0730,2026-11-06,P,0.73,0.019000000,3,1
2026-08-25,ADU,OPT,ADUX6 P0735,2026-11-06,P,0.735,0.022900000,3,
2026-08-25,ADU,OPT,ADUX6 P0740,2026-11-06,P,0.74,0.027000000,3,
2026-08-25,ADU,OPT,ADUX6 P0745,2026-11-06,P,0.745,0.031400000,3,
2026-08-25,ADU,OPT,ADUX6 P0750,2026-11-06,P,0.75,0.036000000,3,
2026-08-25,ADU,OPT,ADUX6 P0755,2026-11-06,P,0.755,0.040700000,3,
2026-08-25,ADU,OPT,ADUX6 P0760,2026-11-06,P,0.76,0.045500000,3,
2026-08-25,ADU,OPT,ADUX6 P0765,2026-11-06,P,0.765,0.050300000,3,
2026-08-25,ADU,OPT,ADUX6 P0770,2026-11-06,P,0.77,0.055200000,3,
2026-08-25,ADU,OPT,ADUX6 P0780,2026-11-06,P,0.78,0.065000000,3,
2026-08-25,ADU,OPT,ADUX6 P0790,2026-11-06,P,0.79,0.074900000,3,1
2026-08-25,ADU,OPT,ADUX6 P0800,2026-11-06,P,0.8,0.084700000,3,
2026-08-25,ADU,OPT,ADUX6 P0810,2026-11-06,P,0.81,0.094600000,3,
2026-08-25,ADU,OPT,ADUX6 P0820,2026-11-06,P,0.82,0.104600000,3,
2026-08-25,ADU,OPT,ADUX6 P0830,2026-11-06,P,0.83,0.114500000,3,
2026-08-25,ADU,OPT,ADUX6 P0840,2026-11-06,P,0.84,0.124400000,3,
2026-08-25,ADU,OPT,ADUX6 P0850,2026-11-06,P,0.85,0.134300000,3,
2026-08-25,ADU,OPT,ADUX6 P0860,2026-11-06,P,0.86,0.144300000,3,
2026-08-25,ADU,OPT,ADUX6 P0870,2026-11-06,P,0.87,0.154200000,3,
2026-08-25,ADU,OPT,ADUZ6 C0450,2026-12-04,C,0.45,0.261900000,3,
2026-08-25,ADU,OPT,ADUZ6 C0460,2026-12-04,C,0.46,0.252000000,3,
2026-08-25,ADU,OPT,ADUZ6 C0470,2026-12-04,C,0.47,0.242100000,3,
2026-08-25,ADU,OPT,ADUZ6 C0480,2026-12-04,C,0.48,0.232200000,3,
2026-08-25,ADU,OPT,ADUZ6 C0490,2026-12-04,C,0.49,0.222300000,3,
2026-08-25,ADU,OPT,ADUZ6 C0500,2026-12-04,C,0.5,0.212400000,3,
2026-08-25,ADU,OPT,ADUZ6 C0510,2026-12-04,C,0.51,0.202500000,3,
2026-08-25,ADU,OPT,ADUZ6 C0520,2026-12-04,C,0.52,0.192600000,3,
2026-08-25,ADU,OPT,ADUZ6 C0530,2026-12-04,C,0.53,0.182700000,3,
2026-08-25,ADU,OPT,ADUZ6 C0540,2026-12-04,C,0.54,0.172800000,3,
2026-08-25,ADU,OPT,ADUZ6 C0550,2026-12-04,C,0.55,0.163000000,3,
2026-08-25,ADU,OPT,ADUZ6 C0555,2026-12-04,C,0.555,0.158000000,3,
2026-08-25,ADU,OPT,ADUZ6 C0560,2026-12-04,C,0.56,0.153100000,3,
2026-08-25,ADU,OPT,ADUZ6 C0565,2026-12-04,C,0.565,0.148100000,3,
2026-08-25,ADU,OPT,ADUZ6 C0570,2026-12-04,C,0.57,0.143200000,3,
2026-08-25,ADU,OPT,ADUZ6 C0575,2026-12-04,C,0.575,0.138300000,3,
2026-08-25,ADU,OPT,ADUZ6 C0580,2026-12-04,C,0.58,0.133300000,3,
2026-08-25,ADU,OPT,ADUZ6 C0585,2026-12-04,C,0.585,0.128400000,3,
2026-08-25,ADU,OPT,ADUZ6 C0590,2026-12-04,C,0.59,0.123500000,3,
2026-08-25,ADU,OPT,ADUZ6 C0595,2026-12-04,C,0.595,0.118500000,3,
2026-08-25,ADU,OPT,ADUZ6 C0600,2026-12-04,C,0.6,0.113600000,3,
2026-08-25,ADU,OPT,ADUZ6 C0605,2026-12-04,C,0.605,0.108700000,3,
2026-08-25,ADU,OPT,ADUZ6 C0610,2026-12-04,C,0.61,0.103700000,3,
2026-08-25,ADU,OPT,ADUZ6 C0615,2026-12-04,C,0.615,0.098800000,3,
2026-08-25,ADU,OPT,ADUZ6 C0620,2026-12-04,C,0.62,0.093900000,3,
2026-08-25,ADU,OPT,ADUZ6 C0625,2026-12-04,C,0.625,0.089000000,3,
2026-08-25,ADU,OPT,ADUZ6 C0630,2026-12-04,C,0.63,0.084100000,3,
2026-08-25,ADU,OPT,ADUZ6 C0635,2026-12-04,C,0.635,0.079100000,3,
2026-08-25,ADU,OPT,ADUZ6 C0640,2026-12-04,C,0.64,0.074200000,3,
2026-08-25,ADU,OPT,ADUZ6 C0645,2026-12-04,C,0.645,0.069400000,3,
2026-08-25,ADU,OPT,ADUZ6 C0650,2026-12-04,C,0.65,0.064500000,3,
2026-08-25,ADU,OPT,ADUZ6 C0655,2026-12-04,C,0.655,0.059700000,3,
2026-08-25,ADU,OPT,ADUZ6 C0660,2026-12-04,C,0.66,0.054900000,3,
2026-08-25,ADU,OPT,ADUZ6 C0665,2026-12-04,C,0.665,0.050200000,3,11
2026-08-25,ADU,OPT,ADUZ6 C0670,2026-12-04,C,0.67,0.045500000,3,
2026-08-25,ADU,OPT,ADUZ6 C0675,2026-12-04,C,0.675,0.040900000,3,11
2026-08-25,ADU,OPT,ADUZ6 C0680,2026-12-04,C,0.68,0.036400000,3,5
2026-08-25,ADU,OPT,ADUZ6 C0685,2026-12-04,C,0.685,0.032100000,3,18
2026-08-25,ADU,OPT,ADUZ6 C0690,2026-12-04,C,0.69,0.027900000,3,40
2026-08-25,ADU,OPT,ADUZ6 C0695,2026-12-04,C,0.695,0.023900000,3,165
2026-08-25,ADU,OPT,ADUZ6 C0700,2026-12-04,C,0.7,0.020200000,3,488
2026-08-25,ADU,OPT,ADUZ6 C0705,2026-12-04,C,0.705,0.016800000,3,9
2026-08-25,ADU,OPT,ADUZ6 C0710,2026-12-04,C,0.71,0.013800000,3,63
2026-08-25,ADU,OPT,ADUZ6 C0715,2026-12-04,C,0.715,0.011100000,3,77
2026-08-25,ADU,OPT,ADUZ6 C0720,2026-12-04,C,0.72,0.008800000,3,37
2026-08-25,ADU,OPT,ADUZ6 C0725,2026-12-04,C,0.725,0.006800000,3,11
2026-08-25,ADU,OPT,ADUZ6 C0730,2026-12-04,C,0.73,0.005200000,3,285
2026-08-25,ADU,OPT,ADUZ6 C0735,2026-12-04,C,0.735,0.003900000,3,3
2026-08-25,ADU,OPT,ADUZ6 C0740,2026-12-04,C,0.74,0.002900000,3,35
2026-08-25,ADU,OPT,ADUZ6 C0745,2026-12-04,C,0.745,0.002200000,3,9
2026-08-25,ADU,OPT,ADUZ6 C0750,2026-12-04,C,0.75,0.001600000,3,368
2026-08-25,ADU,OPT,ADUZ6 C0755,2026-12-04,C,0.755,0.001200000,3,80
2026-08-25,ADU,OPT,ADUZ6 C0760,2026-12-04,C,0.76,0.000900000,3,218
2026-08-25,ADU,OPT,ADUZ6 C0765,2026-12-04,C,0.765,0.000700000,3,18
2026-08-25,ADU,OPT,ADUZ6 C0770,2026-12-04,C,0.77,0.000500000,3,18
2026-08-25,ADU,OPT,ADUZ6 C0780,2026-12-04,C,0.78,0.000350000,3,87
2026-08-25,ADU,OPT,ADUZ6 C0790,2026-12-04,C,0.79,0.000250000,3,3
2026-08-25,ADU,OPT,ADUZ6 C0800,2026-12-04,C,0.8,0.000200000,3,107
2026-08-25,ADU,OPT,ADUZ6 C0810,2026-12-04,C,0.81,0.000100000,3,1
2026-08-25,ADU,OPT,ADUZ6 C0820,2026-12-04,C,0.82,0.000050000,3,
2026-08-25,ADU,OPT,ADUZ6 C0830,2026-12-04,C,0.83,0.000050000,3,
2026-08-25,ADU,OPT,ADUZ6 C0840,2026-12-04,C,0.84,0.000050000,3,10
2026-08-25,ADU,OPT,ADUZ6 C0850,2026-12-04,C,0.85,0.000050000,3,
2026-08-25,ADU,OPT,ADUZ6 C0860,2026-12-04,C,0.86,0.000050000,3,
2026-08-25,ADU,OPT,ADUZ6 C0870,2026-12-04,C,0.87,0.000050000,3,
2026-08-25,ADU,OPT,ADUZ6 P0450,2026-12-04,P,0.45,0.000050000,3,10
2026-08-25,ADU,OPT,ADUZ6 P0460,2026-12-04,P,0.46,0.000050000,3,
2026-08-25,ADU,OPT,ADUZ6 P0470,2026-12-04,P,0.47,0.000050000,3,
2026-08-25,ADU,OPT,ADUZ6 P0480,2026-12-04,P,0.48,0.000050000,3,
2026-08-25,ADU,OPT,ADUZ6 P0490,2026-12-04,P,0.49,0.000050000,3,
2026-08-25,ADU,OPT,ADUZ6 P0500,2026-12-04,P,0.5,0.000050000,3,
2026-08-25,ADU,OPT,ADUZ6 P0510,2026-12-04,P,0.51,0.000050000,3,
2026-08-25,ADU,OPT,ADUZ6 P0520,2026-12-04,P,0.52,0.000050000,3,
2026-08-25,ADU,OPT,ADUZ6 P0530,2026-12-04,P,0.53,0.000050000,3,8
2026-08-25,ADU,OPT,ADUZ6 P0540,2026-12-04,P,0.54,0.000050000,3,6
2026-08-25,ADU,OPT,ADUZ6 P0550,2026-12-04,P,0.55,0.000050000,3,1
2026-08-25,ADU,OPT,ADUZ6 P0555,2026-12-04,P,0.555,0.000050000,3,
2026-08-25,ADU,OPT,ADUZ6 P0560,2026-12-04,P,0.56,0.000050000,3,
2026-08-25,ADU,OPT,ADUZ6 P0565,2026-12-04,P,0.565,0.000050000,3,8
2026-08-25,ADU,OPT,ADUZ6 P0570,2026-12-04,P,0.57,0.000050000,3,
2026-08-25,ADU,OPT,ADUZ6 P0575,2026-12-04,P,0.575,0.000050000,3,2
2026-08-25,ADU,OPT,ADUZ6 P0580,2026-12-04,P,0.58,0.000050000,3,1
2026-08-25,ADU,OPT,ADUZ6 P0585,2026-12-04,P,0.585,0.000100000,3,5
2026-08-25,ADU,OPT,ADUZ6 P0590,2026-12-04,P,0.59,0.000100000,3,14
2026-08-25,ADU,OPT,ADUZ6 P0595,2026-12-04,P,0.595,0.000100000,3,
2026-08-25,ADU,OPT,ADUZ6 P0600,2026-12-04,P,0.6,0.000150000,3,28
2026-08-25,ADU,OPT,ADUZ6 P0605,2026-12-04,P,0.605,0.000150000,3,1
2026-08-25,ADU,OPT,ADUZ6 P0610,2026-12-04,P,0.61,0.000150000,3,1
2026-08-25,ADU,OPT,ADUZ6 P0615,2026-12-04,P,0.615,0.000200000,3,1
2026-08-25,ADU,OPT,ADUZ6 P0620,2026-12-04,P,0.62,0.000200000,3,19
2026-08-25,ADU,OPT,ADUZ6 P0625,2026-12-04,P,0.625,0.000250000,3,16
2026-08-25,ADU,OPT,ADUZ6 P0630,2026-12-04,P,0.63,0.000300000,3,418
2026-08-25,ADU,OPT,ADUZ6 P0635,2026-12-04,P,0.635,0.000300000,3,4
2026-08-25,ADU,OPT,ADUZ6 P0640,2026-12-04,P,0.64,0.000350000,3,18
2026-08-25,ADU,OPT,ADUZ6 P0645,2026-12-04,P,0.645,0.000450000,3,20
2026-08-25,ADU,OPT,ADUZ6 P0650,2026-12-04,P,0.65,0.000500000,3,817
2026-08-25,ADU,OPT,ADUZ6 P0655,2026-12-04,P,0.655,0.000600000,3,110
2026-08-25,ADU,OPT,ADUZ6 P0660,2026-12-04,P,0.66,0.000800000,3,105
2026-08-25,ADU,OPT,ADUZ6 P0665,2026-12-04,P,0.665,0.001000000,3,8
2026-08-25,ADU,OPT,ADUZ6 P0670,2026-12-04,P,0.67,0.001300000,3,2
2026-08-25,ADU,OPT,ADUZ6 P0675,2026-12-04,P,0.675,0.001700000,3,1
2026-08-25,ADU,OPT,ADUZ6 P0680,2026-12-04,P,0.68,0.002100000,3,259
2026-08-25,ADU,OPT,ADUZ6 P0685,2026-12-04,P,0.685,0.002700000,3,67
2026-08-25,ADU,OPT,ADUZ6 P0690,2026-12-04,P,0.69,0.003500000,3,23
2026-08-25,ADU,OPT,ADUZ6 P0695,2026-12-04,P,0.695,0.004500000,3,10
2026-08-25,ADU,OPT,ADUZ6 P0700,2026-12-04,P,0.7,0.005700000,3,81
2026-08-25,ADU,OPT,ADUZ6 P0705,2026-12-04,P,0.705,0.007300000,3,17
2026-08-25,ADU,OPT,ADUZ6 P0710,2026-12-04,P,0.71,0.009200000,3,17
2026-08-25,ADU,OPT,ADUZ6 P0715,2026-12-04,P,0.715,0.011400000,3,3
2026-08-25,ADU,OPT,ADUZ6 P0720,2026-12-04,P,0.72,0.014100000,3,104
2026-08-25,ADU,OPT,ADUZ6 P0725,2026-12-04,P,0.725,0.017100000,3,2
2026-08-25,ADU,OPT,ADUZ6 P0730,2026-12-04,P,0.73,0.020400000,3,3
2026-08-25,ADU,OPT,ADUZ6 P0735,2026-12-04,P,0.735,0.024100000,3,
2026-08-25,ADU,OPT,ADUZ6 P0740,2026-12-04,P,0.74,0.028000000,3,6
2026-08-25,ADU,OPT,ADUZ6 P0745,2026-12-04,P,0.745,0.032200000,3,
2026-08-25,ADU,OPT,ADUZ6 P0750,2026-12-04,P,0.75,0.036600000,3,
2026-08-25,ADU,OPT,ADUZ6 P0755,2026-12-04,P,0.755,0.041200000,3,
2026-08-25,ADU,OPT,ADUZ6 P0760,2026-12-04,P,0.76,0.045800000,3,
2026-08-25,ADU,OPT,ADUZ6 P0765,2026-12-04,P,0.765,0.050500000,3,
2026-08-25,ADU,OPT,ADUZ6 P0770,2026-12-04,P,0.77,0.055300000,3,
2026-08-25,ADU,OPT,ADUZ6 P0780,2026-12-04,P,0.78,0.065000000,3,
2026-08-25,ADU,OPT,ADUZ6 P0790,2026-12-04,P,0.79,0.074800000,3,
2026-08-25,ADU,OPT,ADUZ6 P0800,2026-12-04,P,0.8,0.084700000,3,
2026-08-25,ADU,OPT,ADUZ6 P0810,2026-12-04,P,0.81,0.094500000,3,
2026-08-25,ADU,OPT,ADUZ6 P0820,2026-12-04,P,0.82,0.104300000,3,
2026-08-25,ADU,OPT,ADUZ6 P0830,2026-12-04,P,0.83,0.114200000,3,
2026-08-25,ADU,OPT,ADUZ6 P0840,2026-12-04,P,0.84,0.124100000,3,
2026-08-25,ADU,OPT,ADUZ6 P0850,2026-12-04,P,0.85,0.134000000,3,
2026-08-25,ADU,OPT,ADUZ6 P0860,2026-12-04,P,0.86,0.143800000,3,
2026-08-25,ADU,OPT,ADUZ6 P0870,2026-12-04,P,0.87,0.153700000,3,
2026-08-25,ADU,OPT,ADUF7 C0520,2027-01-08,C,0.52,0.191000000,3,
2026-08-25,ADU,OPT,ADUF7 C0530,2027-01-08,C,0.53,0.181100000,3,
2026-08-25,ADU,OPT,ADUF7 C0540,2027-01-08,C,0.54,0.171300000,3,
2026-08-25,ADU,OPT,ADUF7 C0550,2027-01-08,C,0.55,0.161400000,3,
2026-08-25,ADU,OPT,ADUF7 C0560,2027-01-08,C,0.56,0.151600000,3,
2026-08-25,ADU,OPT,ADUF7 C0570,2027-01-08,C,0.57,0.141800000,3,
2026-08-25,ADU,OPT,ADUF7 C0580,2027-01-08,C,0.58,0.131900000,3,
2026-08-25,ADU,OPT,ADUF7 C0590,2027-01-08,C,0.59,0.122100000,3,
2026-08-25,ADU,OPT,ADUF7 C0600,2027-01-08,C,0.6,0.112300000,3,
2026-08-25,ADU,OPT,ADUF7 C0610,2027-01-08,C,0.61,0.102500000,3,
2026-08-25,ADU,OPT,ADUF7 C0615,2027-01-08,C,0.615,0.097700000,3,
2026-08-25,ADU,OPT,ADUF7 C0620,2027-01-08,C,0.62,0.092800000,3,
2026-08-25,ADU,OPT,ADUF7 C0625,2027-01-08,C,0.625,0.087900000,3,
2026-08-25,ADU,OPT,ADUF7 C0630,2027-01-08,C,0.63,0.083000000,3,
2026-08-25,ADU,OPT,ADUF7 C0635,2027-01-08,C,0.635,0.078200000,3,
2026-08-25,ADU,OPT,ADUF7 C0640,2027-01-08,C,0.64,0.073300000,3,
2026-08-25,ADU,OPT,ADUF7 C0645,2027-01-08,C,0.645,0.068500000,3,1
2026-08-25,ADU,OPT,ADUF7 C0650,2027-01-08,C,0.65,0.063800000,3,
2026-08-25,ADU,OPT,ADUF7 C0655,2027-01-08,C,0.655,0.059000000,3,
2026-08-25,ADU,OPT,ADUF7 C0660,2027-01-08,C,0.66,0.054400000,3,
2026-08-25,ADU,OPT,ADUF7 C0665,2027-01-08,C,0.665,0.049800000,3,
2026-08-25,ADU,OPT,ADUF7 C0670,2027-01-08,C,0.67,0.045200000,3,
2026-08-25,ADU,OPT,ADUF7 C0675,2027-01-08,C,0.675,0.040800000,3,
2026-08-25,ADU,OPT,ADUF7 C0680,2027-01-08,C,0.68,0.036600000,3,
2026-08-25,ADU,OPT,ADUF7 C0685,2027-01-08,C,0.685,0.032400000,3,132
2026-08-25,ADU,OPT,ADUF7 C0690,2027-01-08,C,0.69,0.028500000,3,1503
2026-08-25,ADU,OPT,ADUF7 C0695,2027-01-08,C,0.695,0.024700000,3,276
2026-08-25,ADU,OPT,ADUF7 C0700,2027-01-08,C,0.7,0.021200000,3,292
2026-08-25,ADU,OPT,ADUF7 C0705,2027-01-08,C,0.705,0.018000000,3,200
2026-08-25,ADU,OPT,ADUF7 C0710,2027-01-08,C,0.71,0.015100000,3,158
2026-08-25,ADU,OPT,ADUF7 C0715,2027-01-08,C,0.715,0.012500000,3,155
2026-08-25,ADU,OPT,ADUF7 C0720,2027-01-08,C,0.72,0.010200000,3,100
2026-08-25,ADU,OPT,ADUF7 C0725,2027-01-08,C,0.725,0.008200000,3,125
2026-08-25,ADU,OPT,ADUF7 C0730,2027-01-08,C,0.73,0.006600000,3,1
2026-08-25,ADU,OPT,ADUF7 C0735,2027-01-08,C,0.735,0.005200000,3,150
2026-08-25,ADU,OPT,ADUF7 C0740,2027-01-08,C,0.74,0.004100000,3,151
2026-08-25,ADU,OPT,ADUF7 C0745,2027-01-08,C,0.745,0.003300000,3,
2026-08-25,ADU,OPT,ADUF7 C0750,2027-01-08,C,0.75,0.002500000,3,650
2026-08-25,ADU,OPT,ADUF7 C0755,2027-01-08,C,0.755,0.002000000,3,4
2026-08-25,ADU,OPT,ADUF7 C0760,2027-01-08,C,0.76,0.001500000,3,626
2026-08-25,ADU,OPT,ADUF7 C0765,2027-01-08,C,0.765,0.001200000,3,16
2026-08-25,ADU,OPT,ADUF7 C0770,2027-01-08,C,0.77,0.001000000,3,17
2026-08-25,ADU,OPT,ADUF7 C0780,2027-01-08,C,0.78,0.000700000,3,75
2026-08-25,ADU,OPT,ADUF7 C0790,2027-01-08,C,0.79,0.000400000,3,1
2026-08-25,ADU,OPT,ADUF7 C0800,2027-01-08,C,0.8,0.000250000,3,99
2026-08-25,ADU,OPT,ADUF7 C0810,2027-01-08,C,0.81,0.000150000,3,
2026-08-25,ADU,OPT,ADUF7 C0820,2027-01-08,C,0.82,0.000100000,3,
2026-08-25,ADU,OPT,ADUF7 C0830,2027-01-08,C,0.83,0.000050000,3,2
2026-08-25,ADU,OPT,ADUF7 C0840,2027-01-08,C,0.84,0.000050000,3,8
2026-08-25,ADU,OPT,ADUF7 C0850,2027-01-08,C,0.85,0.000050000,3,
2026-08-25,ADU,OPT,ADUF7 C0860,2027-01-08,C,0.86,0.000050000,3,
2026-08-25,ADU,OPT,ADUF7 C0870,2027-01-08,C,0.87,0.000050000,3,
2026-08-25,ADU,OPT,ADUF7 P0520,2027-01-08,P,0.52,0.000050000,3,
2026-08-25,ADU,OPT,ADUF7 P0530,2027-01-08,P,0.53,0.000050000,3,
2026-08-25,ADU,OPT,ADUF7 P0540,2027-01-08,P,0.54,0.000050000,3,
2026-08-25,ADU,OPT,ADUF7 P0550,2027-01-08,P,0.55,0.000050000,3,
2026-08-25,ADU,OPT,ADUF7 P0560,2027-01-08,P,0.56,0.000050000,3,
2026-08-25,ADU,OPT,ADUF7 P0570,2027-01-08,P,0.57,0.000100000,3,
2026-08-25,ADU,OPT,ADUF7 P0580,2027-01-08,P,0.58,0.000100000,3,1
2026-08-25,ADU,OPT,ADUF7 P0590,2027-01-08,P,0.59,0.000150000,3,
2026-08-25,ADU,OPT,ADUF7 P0600,2027-01-08,P,0.6,0.000200000,3,32
2026-08-25,ADU,OPT,ADUF7 P0610,2027-01-08,P,0.61,0.000300000,3,16
2026-08-25,ADU,OPT,ADUF7 P0615,2027-01-08,P,0.615,0.000350000,3,20
2026-08-25,ADU,OPT,ADUF7 P0620,2027-01-08,P,0.62,0.000400000,3,18
2026-08-25,ADU,OPT,ADUF7 P0625,2027-01-08,P,0.625,0.000450000,3,18
2026-08-25,ADU,OPT,ADUF7 P0630,2027-01-08,P,0.63,0.000500000,3,23
2026-08-25,ADU,OPT,ADUF7 P0635,2027-01-08,P,0.635,0.000600000,3,17
2026-08-25,ADU,OPT,ADUF7 P0640,2027-01-08,P,0.64,0.000700000,3,16
2026-08-25,ADU,OPT,ADUF7 P0645,2027-01-08,P,0.645,0.000800000,3,21
2026-08-25,ADU,OPT,ADUF7 P0650,2027-01-08,P,0.65,0.001000000,3,141
2026-08-25,ADU,OPT,ADUF7 P0655,2027-01-08,P,0.655,0.001200000,3,16
2026-08-25,ADU,OPT,ADUF7 P0660,2027-01-08,P,0.66,0.001400000,3,126
2026-08-25,ADU,OPT,ADUF7 P0665,2027-01-08,P,0.665,0.001700000,3,100
2026-08-25,ADU,OPT,ADUF7 P0670,2027-01-08,P,0.67,0.002200000,3,2
2026-08-25,ADU,OPT,ADUF7 P0675,2027-01-08,P,0.675,0.002700000,3,5
2026-08-25,ADU,OPT,ADUF7 P0680,2027-01-08,P,0.68,0.003300000,3,
2026-08-25,ADU,OPT,ADUF7 P0685,2027-01-08,P,0.685,0.004100000,3,300
2026-08-25,ADU,OPT,ADUF7 P0690,2027-01-08,P,0.69,0.005100000,3,435
2026-08-25,ADU,OPT,ADUF7 P0695,2027-01-08,P,0.695,0.006300000,3,306
2026-08-25,ADU,OPT,ADUF7 P0700,2027-01-08,P,0.7,0.007700000,3,29
2026-08-25,ADU,OPT,ADUF7 P0705,2027-01-08,P,0.705,0.009400000,3,248
2026-08-25,ADU,OPT,ADUF7 P0710,2027-01-08,P,0.71,0.011400000,3,1274
2026-08-25,ADU,OPT,ADUF7 P0715,2027-01-08,P,0.715,0.013800000,3,
2026-08-25,ADU,OPT,ADUF7 P0720,2027-01-08,P,0.72,0.016400000,3,2561
2026-08-25,ADU,OPT,ADUF7 P0725,2027-01-08,P,0.725,0.019400000,3,
2026-08-25,ADU,OPT,ADUF7 P0730,2027-01-08,P,0.73,0.022700000,3,
2026-08-25,ADU,OPT,ADUF7 P0735,2027-01-08,P,0.735,0.026200000,3,
2026-08-25,ADU,OPT,ADUF7 P0740,2027-01-08,P,0.74,0.030100000,3,
2026-08-25,ADU,OPT,ADUF7 P0745,2027-01-08,P,0.745,0.034100000,3,
2026-08-25,ADU,OPT,ADUF7 P0750,2027-01-08,P,0.75,0.038300000,3,6
2026-08-25,ADU,OPT,ADUF7 P0755,2027-01-08,P,0.755,0.042700000,3,
2026-08-25,ADU,OPT,ADUF7 P0760,2027-01-08,P,0.76,0.047200000,3,
2026-08-25,ADU,OPT,ADUF7 P0765,2027-01-08,P,0.765,0.051800000,3,
2026-08-25,ADU,OPT,ADUF7 P0770,2027-01-08,P,0.77,0.056500000,3,1
2026-08-25,ADU,OPT,ADUF7 P0780,2027-01-08,P,0.78,0.066000000,3,
2026-08-25,ADU,OPT,ADUF7 P0790,2027-01-08,P,0.79,0.075600000,3,
2026-08-25,ADU,OPT,ADUF7 P0800,2027-01-08,P,0.8,0.085300000,3,
2026-08-25,ADU,OPT,ADUF7 P0810,2027-01-08,P,0.81,0.095100000,3,
2026-08-25,ADU,OPT,ADUF7 P0820,2027-01-08,P,0.82,0.104900000,3,
2026-08-25,ADU,OPT,ADUF7 P0830,2027-01-08,P,0.83,0.114700000,3,
2026-08-25,ADU,OPT,ADUF7 P0840,2027-01-08,P,0.84,0.124600000,3,
2026-08-25,ADU,OPT,ADUF7 P0850,2027-01-08,P,0.85,0.134400000,3,
2026-08-25,ADU,OPT,ADUF7 P0860,2027-01-08,P,0.86,0.144200000,3,
2026-08-25,ADU,OPT,ADUF7 P0870,2027-01-08,P,0.87,0.154100000,3,
2026-08-25,ADU,OPT,ADUG7 C0530,2027-02-05,C,0.53,0.180600000,3,
2026-08-25,ADU,OPT,ADUG7 C0540,2027-02-05,C,0.54,0.170800000,3,
2026-08-25,ADU,OPT,ADUG7 C0550,2027-02-05,C,0.55,0.161000000,3,
2026-08-25,ADU,OPT,ADUG7 C0560,2027-02-05,C,0.56,0.151200000,3,
2026-08-25,ADU,OPT,ADUG7 C0570,2027-02-05,C,0.57,0.141400000,3,
2026-08-25,ADU,OPT,ADUG7 C0580,2027-02-05,C,0.58,0.131600000,3,
2026-08-25,ADU,OPT,ADUG7 C0590,2027-02-05,C,0.59,0.121800000,3,
2026-08-25,ADU,OPT,ADUG7 C0600,2027-02-05,C,0.6,0.112100000,3,
2026-08-25,ADU,OPT,ADUG7 C0610,2027-02-05,C,0.61,0.102300000,3,
2026-08-25,ADU,OPT,ADUG7 C0620,2027-02-05,C,0.62,0.092600000,3,
2026-08-25,ADU,OPT,ADUG7 C0630,2027-02-05,C,0.63,0.083000000,3,
2026-08-25,ADU,OPT,ADUG7 C0635,2027-02-05,C,0.635,0.078200000,3,
2026-08-25,ADU,OPT,ADUG7 C0640,2027-02-05,C,0.64,0.073500000,3,
2026-08-25,ADU,OPT,ADUG7 C0645,2027-02-05,C,0.645,0.068700000,3,
2026-08-25,ADU,OPT,ADUG7 C0650,2027-02-05,C,0.65,0.064000000,3,
2026-08-25,ADU,OPT,ADUG7 C0655,2027-02-05,C,0.655,0.059400000,3,
2026-08-25,ADU,OPT,ADUG7 C0660,2027-02-05,C,0.66,0.054800000,3,
2026-08-25,ADU,OPT,ADUG7 C0665,2027-02-05,C,0.665,0.050300000,3,
2026-08-25,ADU,OPT,ADUG7 C0670,2027-02-05,C,0.67,0.046000000,3,
2026-08-25,ADU,OPT,ADUG7 C0675,2027-02-05,C,0.675,0.041700000,3,
2026-08-25,ADU,OPT,ADUG7 C0680,2027-02-05,C,0.68,0.037500000,3,
2026-08-25,ADU,OPT,ADUG7 C0685,2027-02-05,C,0.685,0.033500000,3,
2026-08-25,ADU,OPT,ADUG7 C0690,2027-02-05,C,0.69,0.029700000,3,
2026-08-25,ADU,OPT,ADUG7 C0695,2027-02-05,C,0.695,0.026100000,3,15
2026-08-25,ADU,OPT,ADUG7 C0700,2027-02-05,C,0.7,0.022600000,3,2
2026-08-25,ADU,OPT,ADUG7 C0705,2027-02-05,C,0.705,0.019500000,3,2
2026-08-25,ADU,OPT,ADUG7 C0710,2027-02-05,C,0.71,0.016600000,3,27
2026-08-25,ADU,OPT,ADUG7 C0715,2027-02-05,C,0.715,0.014000000,3,13
2026-08-25,ADU,OPT,ADUG7 C0720,2027-02-05,C,0.72,0.011700000,3,
2026-08-25,ADU,OPT,ADUG7 C0725,2027-02-05,C,0.725,0.009700000,3,17
2026-08-25,ADU,OPT,ADUG7 C0730,2027-02-05,C,0.73,0.008000000,3,
2026-08-25,ADU,OPT,ADUG7 C0735,2027-02-05,C,0.735,0.006500000,3,
2026-08-25,ADU,OPT,ADUG7 C0740,2027-02-05,C,0.74,0.005300000,3,
2026-08-25,ADU,OPT,ADUG7 C0745,2027-02-05,C,0.745,0.004300000,3,1
2026-08-25,ADU,OPT,ADUG7 C0750,2027-02-05,C,0.75,0.003400000,3,
2026-08-25,ADU,OPT,ADUG7 C0755,2027-02-05,C,0.755,0.002700000,3,
2026-08-25,ADU,OPT,ADUG7 C0760,2027-02-05,C,0.76,0.002200000,3,1
2026-08-25,ADU,OPT,ADUG7 C0765,2027-02-05,C,0.765,0.001800000,3,
2026-08-25,ADU,OPT,ADUG7 C0770,2027-02-05,C,0.77,0.001400000,3,16
2026-08-25,ADU,OPT,ADUG7 C0780,2027-02-05,C,0.78,0.001000000,3,20
2026-08-25,ADU,OPT,ADUG7 C0790,2027-02-05,C,0.79,0.000600000,3,
2026-08-25,ADU,OPT,ADUG7 C0800,2027-02-05,C,0.8,0.000400000,3,
2026-08-25,ADU,OPT,ADUG7 C0810,2027-02-05,C,0.81,0.000250000,3,
2026-08-25,ADU,OPT,ADUG7 C0820,2027-02-05,C,0.82,0.000200000,3,
2026-08-25,ADU,OPT,ADUG7 C0830,2027-02-05,C,0.83,0.000100000,3,
2026-08-25,ADU,OPT,ADUG7 C0840,2027-02-05,C,0.84,0.000050000,3,
2026-08-25,ADU,OPT,ADUG7 C0850,2027-02-05,C,0.85,0.000050000,3,1
2026-08-25,ADU,OPT,ADUG7 C0860,2027-02-05,C,0.86,0.000050000,3,
2026-08-25,ADU,OPT,ADUG7 C0870,2027-02-05,C,0.87,0.000050000,3,
2026-08-25,ADU,OPT,ADUG7 P0530,2027-02-05,P,0.53,0.000050000,3,
2026-08-25,ADU,OPT,ADUG7 P0540,2027-02-05,P,0.54,0.000100000,3,
2026-08-25,ADU,OPT,ADUG7 P0550,2027-02-05,P,0.55,0.000100000,3,
2026-08-25,ADU,OPT,ADUG7 P0560,2027-02-05,P,0.56,0.000100000,3,
2026-08-25,ADU,OPT,ADUG7 P0570,2027-02-05,P,0.57,0.000150000,3,
2026-08-25,ADU,OPT,ADUG7 P0580,2027-02-05,P,0.58,0.000200000,3,
2026-08-25,ADU,OPT,ADUG7 P0590,2027-02-05,P,0.59,0.000250000,3,
2026-08-25,ADU,OPT,ADUG7 P0600,2027-02-05,P,0.6,0.000300000,3,
2026-08-25,ADU,OPT,ADUG7 P0610,2027-02-05,P,0.61,0.000400000,3,
2026-08-25,ADU,OPT,ADUG7 P0620,2027-02-05,P,0.62,0.000500000,3,5
2026-08-25,ADU,OPT,ADUG7 P0630,2027-02-05,P,0.63,0.000800000,3,16
2026-08-25,ADU,OPT,ADUG7 P0635,2027-02-05,P,0.635,0.000900000,3,17
2026-08-25,ADU,OPT,ADUG7 P0640,2027-02-05,P,0.64,0.001000000,3,16
2026-08-25,ADU,OPT,ADUG7 P0645,2027-02-05,P,0.645,0.001200000,3,16
2026-08-25,ADU,OPT,ADUG7 P0650,2027-02-05,P,0.65,0.001400000,3,20
2026-08-25,ADU,OPT,ADUG7 P0655,2027-02-05,P,0.655,0.001700000,3,
2026-08-25,ADU,OPT,ADUG7 P0660,2027-02-05,P,0.66,0.002000000,3,
2026-08-25,ADU,OPT,ADUG7 P0665,2027-02-05,P,0.665,0.002500000,3,25
2026-08-25,ADU,OPT,ADUG7 P0670,2027-02-05,P,0.67,0.003000000,3,
2026-08-25,ADU,OPT,ADUG7 P0675,2027-02-05,P,0.675,0.003600000,3,
2026-08-25,ADU,OPT,ADUG7 P0680,2027-02-05,P,0.68,0.004400000,3,1
2026-08-25,ADU,OPT,ADUG7 P0685,2027-02-05,P,0.685,0.005300000,3,
2026-08-25,ADU,OPT,ADUG7 P0690,2027-02-05,P,0.69,0.006400000,3,1
2026-08-25,ADU,OPT,ADUG7 P0695,2027-02-05,P,0.695,0.007700000,3,
2026-08-25,ADU,OPT,ADUG7 P0700,2027-02-05,P,0.7,0.009200000,3,
2026-08-25,ADU,OPT,ADUG7 P0705,2027-02-05,P,0.705,0.010900000,3,3
2026-08-25,ADU,OPT,ADUG7 P0710,2027-02-05,P,0.71,0.012900000,3,114
2026-08-25,ADU,OPT,ADUG7 P0715,2027-02-05,P,0.715,0.015300000,3,
2026-08-25,ADU,OPT,ADUG7 P0720,2027-02-05,P,0.72,0.017900000,3,
2026-08-25,ADU,OPT,ADUG7 P0725,2027-02-05,P,0.725,0.020800000,3,
2026-08-25,ADU,OPT,ADUG7 P0730,2027-02-05,P,0.73,0.024000000,3,
2026-08-25,ADU,OPT,ADUG7 P0735,2027-02-05,P,0.735,0.027500000,3,
2026-08-25,ADU,OPT,ADUG7 P0740,2027-02-05,P,0.74,0.031100000,3,
2026-08-25,ADU,OPT,ADUG7 P0745,2027-02-05,P,0.745,0.035000000,3,
2026-08-25,ADU,OPT,ADUG7 P0750,2027-02-05,P,0.75,0.039100000,3,
2026-08-25,ADU,OPT,ADUG7 P0755,2027-02-05,P,0.755,0.043300000,3,
2026-08-25,ADU,OPT,ADUG7 P0760,2027-02-05,P,0.76,0.047700000,3,
2026-08-25,ADU,OPT,ADUG7 P0765,2027-02-05,P,0.765,0.052200000,3,
2026-08-25,ADU,OPT,ADUG7 P0770,2027-02-05,P,0.77,0.056800000,3,
2026-08-25,ADU,OPT,ADUG7 P0780,2027-02-05,P,0.78,0.066100000,3,
2026-08-25,ADU,OPT,ADUG7 P0790,2027-02-05,P,0.79,0.075700000,3,
2026-08-25,ADU,OPT,ADUG7 P0800,2027-02-05,P,0.8,0.085300000,3,
2026-08-25,ADU,OPT,ADUG7 P0810,2027-02-05,P,0.81,0.094900000,3,
2026-08-25,ADU,OPT,ADUG7 P0820,2027-02-05,P,0.82,0.104700000,3,
2026-08-25,ADU,OPT,ADUG7 P0830,2027-02-05,P,0.83,0.114400000,3,
2026-08-25,ADU,OPT,ADUG7 P0840,2027-02-05,P,0.84,0.124200000,3,
2026-08-25,ADU,OPT,ADUG7 P0850,2027-02-05,P,0.85,0.134000000,3,
2026-08-25,ADU,OPT,ADUG7 P0860,2027-02-05,P,0.86,0.143800000,3,
2026-08-25,ADU,OPT,ADUG7 P0870,2027-02-05,P,0.87,0.153600000,3,
2026-08-25,ADU,OPT,ADUH7 C0450,2027-03-05,C,0.45,0.258400000,3,
2026-08-25,ADU,OPT,ADUH7 C0460,2027-03-05,C,0.46,0.248600000,3,
2026-08-25,ADU,OPT,ADUH7 C0470,2027-03-05,C,0.47,0.238900000,3,
2026-08-25,ADU,OPT,ADUH7 C0480,2027-03-05,C,0.48,0.229100000,3,
2026-08-25,ADU,OPT,ADUH7 C0490,2027-03-05,C,0.49,0.219300000,3,
2026-08-25,ADU,OPT,ADUH7 C0500,2027-03-05,C,0.5,0.209500000,3,
2026-08-25,ADU,OPT,ADUH7 C0510,2027-03-05,C,0.51,0.199700000,3,
2026-08-25,ADU,OPT,ADUH7 C0520,2027-03-05,C,0.52,0.190000000,3,
2026-08-25,ADU,OPT,ADUH7 C0530,2027-03-05,C,0.53,0.180200000,3,
2026-08-25,ADU,OPT,ADUH7 C0540,2027-03-05,C,0.54,0.170400000,3,
2026-08-25,ADU,OPT,ADUH7 C0550,2027-03-05,C,0.55,0.160700000,3,
2026-08-25,ADU,OPT,ADUH7 C0555,2027-03-05,C,0.555,0.155800000,3,
2026-08-25,ADU,OPT,ADUH7 C0560,2027-03-05,C,0.56,0.150900000,3,
2026-08-25,ADU,OPT,ADUH7 C0565,2027-03-05,C,0.565,0.146000000,3,
2026-08-25,ADU,OPT,ADUH7 C0570,2027-03-05,C,0.57,0.141200000,3,
2026-08-25,ADU,OPT,ADUH7 C0575,2027-03-05,C,0.575,0.136300000,3,
2026-08-25,ADU,OPT,ADUH7 C0580,2027-03-05,C,0.58,0.131400000,3,
2026-08-25,ADU,OPT,ADUH7 C0585,2027-03-05,C,0.585,0.126600000,3,
2026-08-25,ADU,OPT,ADUH7 C0590,2027-03-05,C,0.59,0.121700000,3,
2026-08-25,ADU,OPT,ADUH7 C0595,2027-03-05,C,0.595,0.116800000,3,
2026-08-25,ADU,OPT,ADUH7 C0600,2027-03-05,C,0.6,0.112000000,3,
2026-08-25,ADU,OPT,ADUH7 C0605,2027-03-05,C,0.605,0.107100000,3,
2026-08-25,ADU,OPT,ADUH7 C0610,2027-03-05,C,0.61,0.102300000,3,
2026-08-25,ADU,OPT,ADUH7 C0615,2027-03-05,C,0.615,0.097500000,3,
2026-08-25,ADU,OPT,ADUH7 C0620,2027-03-05,C,0.62,0.092700000,3,
2026-08-25,ADU,OPT,ADUH7 C0625,2027-03-05,C,0.625,0.087900000,3,
2026-08-25,ADU,OPT,ADUH7 C0630,2027-03-05,C,0.63,0.083100000,3,
2026-08-25,ADU,OPT,ADUH7 C0635,2027-03-05,C,0.635,0.078400000,3,
2026-08-25,ADU,OPT,ADUH7 C0640,2027-03-05,C,0.64,0.073700000,3,
2026-08-25,ADU,OPT,ADUH7 C0645,2027-03-05,C,0.645,0.069000000,3,
2026-08-25,ADU,OPT,ADUH7 C0650,2027-03-05,C,0.65,0.064400000,3,
2026-08-25,ADU,OPT,ADUH7 C0655,2027-03-05,C,0.655,0.059800000,3,
2026-08-25,ADU,OPT,ADUH7 C0660,2027-03-05,C,0.66,0.055300000,3,
2026-08-25,ADU,OPT,ADUH7 C0665,2027-03-05,C,0.665,0.051000000,3,
2026-08-25,ADU,OPT,ADUH7 C0670,2027-03-05,C,0.67,0.046700000,3,
2026-08-25,ADU,OPT,ADUH7 C0675,2027-03-05,C,0.675,0.042500000,3,
2026-08-25,ADU,OPT,ADUH7 C0680,2027-03-05,C,0.68,0.038400000,3,1
2026-08-25,ADU,OPT,ADUH7 C0685,2027-03-05,C,0.685,0.034500000,3,
2026-08-25,ADU,OPT,ADUH7 C0690,2027-03-05,C,0.69,0.030800000,3,
2026-08-25,ADU,OPT,ADUH7 C0695,2027-03-05,C,0.695,0.027200000,3,
2026-08-25,ADU,OPT,ADUH7 C0700,2027-03-05,C,0.7,0.023900000,3,5
2026-08-25,ADU,OPT,ADUH7 C0705,2027-03-05,C,0.705,0.020800000,3,
2026-08-25,ADU,OPT,ADUH7 C0710,2027-03-05,C,0.71,0.017900000,3,
2026-08-25,ADU,OPT,ADUH7 C0715,2027-03-05,C,0.715,0.015300000,3,
2026-08-25,ADU,OPT,ADUH7 C0720,2027-03-05,C,0.72,0.013000000,3,
2026-08-25,ADU,OPT,ADUH7 C0725,2027-03-05,C,0.725,0.011000000,3,
2026-08-25,ADU,OPT,ADUH7 C0730,2027-03-05,C,0.73,0.009200000,3,
2026-08-25,ADU,OPT,ADUH7 C0735,2027-03-05,C,0.735,0.007600000,3,
2026-08-25,ADU,OPT,ADUH7 C0740,2027-03-05,C,0.74,0.006300000,3,1
2026-08-25,ADU,OPT,ADUH7 C0745,2027-03-05,C,0.745,0.005200000,3,
2026-08-25,ADU,OPT,ADUH7 C0750,2027-03-05,C,0.75,0.004300000,3,6
2026-08-25,ADU,OPT,ADUH7 C0755,2027-03-05,C,0.755,0.003600000,3,
2026-08-25,ADU,OPT,ADUH7 C0760,2027-03-05,C,0.76,0.002900000,3,2
2026-08-25,ADU,OPT,ADUH7 C0765,2027-03-05,C,0.765,0.002400000,3,
2026-08-25,ADU,OPT,ADUH7 C0770,2027-03-05,C,0.77,0.002000000,3,1
2026-08-25,ADU,OPT,ADUH7 C0780,2027-03-05,C,0.78,0.001300000,3,2
2026-08-25,ADU,OPT,ADUH7 C0790,2027-03-05,C,0.79,0.000900000,3,
2026-08-25,ADU,OPT,ADUH7 C0800,2027-03-05,C,0.8,0.000600000,3,
2026-08-25,ADU,OPT,ADUH7 C0810,2027-03-05,C,0.81,0.000450000,3,
2026-08-25,ADU,OPT,ADUH7 C0820,2027-03-05,C,0.82,0.000300000,3,
2026-08-25,ADU,OPT,ADUH7 C0830,2027-03-05,C,0.83,0.000200000,3,
2026-08-25,ADU,OPT,ADUH7 C0840,2027-03-05,C,0.84,0.000150000,3,2
2026-08-25,ADU,OPT,ADUH7 C0850,2027-03-05,C,0.85,0.000100000,3,
2026-08-25,ADU,OPT,ADUH7 C0860,2027-03-05,C,0.86,0.000100000,3,
2026-08-25,ADU,OPT,ADUH7 C0870,2027-03-05,C,0.87,0.000050000,3,
2026-08-25,ADU,OPT,ADUH7 P0450,2027-03-05,P,0.45,0.000050000,3,
2026-08-25,ADU,OPT,ADUH7 P0460,2027-03-05,P,0.46,0.000050000,3,
2026-08-25,ADU,OPT,ADUH7 P0470,2027-03-05,P,0.47,0.000050000,3,
2026-08-25,ADU,OPT,ADUH7 P0480,2027-03-05,P,0.48,0.000050000,3,
2026-08-25,ADU,OPT,ADUH7 P0490,2027-03-05,P,0.49,0.000050000,3,
2026-08-25,ADU,OPT,ADUH7 P0500,2027-03-05,P,0.5,0.000100000,3,
2026-08-25,ADU,OPT,ADUH7 P0510,2027-03-05,P,0.51,0.000100000,3,
2026-08-25,ADU,OPT,ADUH7 P0520,2027-03-05,P,0.52,0.000150000,3,1
2026-08-25,ADU,OPT,ADUH7 P0530,2027-03-05,P,0.53,0.000150000,3,
2026-08-25,ADU,OPT,ADUH7 P0540,2027-03-05,P,0.54,0.000200000,3,
2026-08-25,ADU,OPT,ADUH7 P0550,2027-03-05,P,0.55,0.000250000,3,
2026-08-25,ADU,OPT,ADUH7 P0555,2027-03-05,P,0.555,0.000250000,3,
2026-08-25,ADU,OPT,ADUH7 P0560,2027-03-05,P,0.56,0.000300000,3,
2026-08-25,ADU,OPT,ADUH7 P0565,2027-03-05,P,0.565,0.000300000,3,
2026-08-25,ADU,OPT,ADUH7 P0570,2027-03-05,P,0.57,0.000350000,3,
2026-08-25,ADU,OPT,ADUH7 P0575,2027-03-05,P,0.575,0.000400000,3,
2026-08-25,ADU,OPT,ADUH7 P0580,2027-03-05,P,0.58,0.000400000,3,
2026-08-25,ADU,OPT,ADUH7 P0585,2027-03-05,P,0.585,0.000450000,3,
2026-08-25,ADU,OPT,ADUH7 P0590,2027-03-05,P,0.59,0.000500000,3,
2026-08-25,ADU,OPT,ADUH7 P0595,2027-03-05,P,0.595,0.000500000,3,
2026-08-25,ADU,OPT,ADUH7 P0600,2027-03-05,P,0.6,0.000600000,3,
2026-08-25,ADU,OPT,ADUH7 P0605,2027-03-05,P,0.605,0.000600000,3,
2026-08-25,ADU,OPT,ADUH7 P0610,2027-03-05,P,0.61,0.000700000,3,1
2026-08-25,ADU,OPT,ADUH7 P0615,2027-03-05,P,0.615,0.000800000,3,1
2026-08-25,ADU,OPT,ADUH7 P0620,2027-03-05,P,0.62,0.000900000,3,
2026-08-25,ADU,OPT,ADUH7 P0625,2027-03-05,P,0.625,0.001000000,3,
2026-08-25,ADU,OPT,ADUH7 P0630,2027-03-05,P,0.63,0.001100000,3,
2026-08-25,ADU,OPT,ADUH7 P0635,2027-03-05,P,0.635,0.001200000,3,
2026-08-25,ADU,OPT,ADUH7 P0640,2027-03-05,P,0.64,0.001400000,3,2
2026-08-25,ADU,OPT,ADUH7 P0645,2027-03-05,P,0.645,0.001700000,3,
2026-08-25,ADU,OPT,ADUH7 P0650,2027-03-05,P,0.65,0.002000000,3,4
2026-08-25,ADU,OPT,ADUH7 P0655,2027-03-05,P,0.655,0.002300000,3,
2026-08-25,ADU,OPT,ADUH7 P0660,2027-03-05,P,0.66,0.002700000,3,3
2026-08-25,ADU,OPT,ADUH7 P0665,2027-03-05,P,0.665,0.003200000,3,
2026-08-25,ADU,OPT,ADUH7 P0670,2027-03-05,P,0.67,0.003800000,3,
2026-08-25,ADU,OPT,ADUH7 P0675,2027-03-05,P,0.675,0.004600000,3,
2026-08-25,ADU,OPT,ADUH7 P0680,2027-03-05,P,0.68,0.005400000,3,1
2026-08-25,ADU,OPT,ADUH7 P0685,2027-03-05,P,0.685,0.006400000,3,
2026-08-25,ADU,OPT,ADUH7 P0690,2027-03-05,P,0.69,0.007600000,3,
2026-08-25,ADU,OPT,ADUH7 P0695,2027-03-05,P,0.695,0.008900000,3,
2026-08-25,ADU,OPT,ADUH7 P0700,2027-03-05,P,0.7,0.010500000,3,1
2026-08-25,ADU,OPT,ADUH7 P0705,2027-03-05,P,0.705,0.012300000,3,1
2026-08-25,ADU,OPT,ADUH7 P0710,2027-03-05,P,0.71,0.014300000,3,
2026-08-25,ADU,OPT,ADUH7 P0715,2027-03-05,P,0.715,0.016600000,3,
2026-08-25,ADU,OPT,ADUH7 P0720,2027-03-05,P,0.72,0.019200000,3,1
2026-08-25,ADU,OPT,ADUH7 P0725,2027-03-05,P,0.725,0.022000000,3,
2026-08-25,ADU,OPT,ADUH7 P0730,2027-03-05,P,0.73,0.025200000,3,
2026-08-25,ADU,OPT,ADUH7 P0735,2027-03-05,P,0.735,0.028500000,3,
2026-08-25,ADU,OPT,ADUH7 P0740,2027-03-05,P,0.74,0.032100000,3,
2026-08-25,ADU,OPT,ADUH7 P0745,2027-03-05,P,0.745,0.035900000,3,
2026-08-25,ADU,OPT,ADUH7 P0750,2027-03-05,P,0.75,0.039900000,3,
2026-08-25,ADU,OPT,ADUH7 P0755,2027-03-05,P,0.755,0.044000000,3,
2026-08-25,ADU,OPT,ADUH7 P0760,2027-03-05,P,0.76,0.048300000,3,
2026-08-25,ADU,OPT,ADUH7 P0765,2027-03-05,P,0.765,0.052700000,3,
2026-08-25,ADU,OPT,ADUH7 P0770,2027-03-05,P,0.77,0.057200000,3,
2026-08-25,ADU,OPT,ADUH7 P0780,2027-03-05,P,0.78,0.066300000,3,
2026-08-25,ADU,OPT,ADUH7 P0790,2027-03-05,P,0.79,0.075700000,3,
2026-08-25,ADU,OPT,ADUH7 P0800,2027-03-05,P,0.8,0.085200000,3,
2026-08-25,ADU,OPT,ADUH7 P0810,2027-03-05,P,0.81,0.094800000,3,
2026-08-25,ADU,OPT,ADUH7 P0820,2027-03-05,P,0.82,0.104500000,3,
2026-08-25,ADU,OPT,ADUH7 P0830,2027-03-05,P,0.83,0.114200000,3,
2026-08-25,ADU,OPT,ADUH7 P0840,2027-03-05,P,0.84,0.123900000,3,
2026-08-25,ADU,OPT,ADUH7 P0850,2027-03-05,P,0.85,0.133700000,3,
2026-08-25,ADU,OPT,ADUH7 P0860,2027-03-05,P,0.86,0.143500000,3,
2026-08-25,ADU,OPT,ADUH7 P0870,2027-03-05,P,0.87,0.153200000,3,
2026-08-25,ADU,OPT,ADUJ7 C0530,2027-04-09,C,0.53,0.178700000,3,
2026-08-25,ADU,OPT,ADUJ7 C0540,2027-04-09,C,0.54,0.169000000,3,
2026-08-25,ADU,OPT,ADUJ7 C0550,2027-04-09,C,0.55,0.159300000,3,
2026-08-25,ADU,OPT,ADUJ7 C0560,2027-04-09,C,0.56,0.149600000,3,
2026-08-25,ADU,OPT,ADUJ7 C0570,2027-04-09,C,0.57,0.139900000,3,
2026-08-25,ADU,OPT,ADUJ7 C0580,2027-04-09,C,0.58,0.130200000,3,
2026-08-25,ADU,OPT,ADUJ7 C0590,2027-04-09,C,0.59,0.120600000,3,
2026-08-25,ADU,OPT,ADUJ7 C0600,2027-04-09,C,0.6,0.110900000,3,
2026-08-25,ADU,OPT,ADUJ7 C0610,2027-04-09,C,0.61,0.101400000,3,
2026-08-25,ADU,OPT,ADUJ7 C0620,2027-04-09,C,0.62,0.091900000,3,
2026-08-25,ADU,OPT,ADUJ7 C0630,2027-04-09,C,0.63,0.082400000,3,
2026-08-25,ADU,OPT,ADUJ7 C0635,2027-04-09,C,0.635,0.077800000,3,
2026-08-25,ADU,OPT,ADUJ7 C0640,2027-04-09,C,0.64,0.073200000,3,
2026-08-25,ADU,OPT,ADUJ7 C0645,2027-04-09,C,0.645,0.068600000,3,
2026-08-25,ADU,OPT,ADUJ7 C0650,2027-04-09,C,0.65,0.064100000,3,
2026-08-25,ADU,OPT,ADUJ7 C0655,2027-04-09,C,0.655,0.059600000,3,
2026-08-25,ADU,OPT,ADUJ7 C0660,2027-04-09,C,0.66,0.055300000,3,
2026-08-25,ADU,OPT,ADUJ7 C0665,2027-04-09,C,0.665,0.051000000,3,
2026-08-25,ADU,OPT,ADUJ7 C0670,2027-04-09,C,0.67,0.046800000,3,
2026-08-25,ADU,OPT,ADUJ7 C0675,2027-04-09,C,0.675,0.042800000,3,
2026-08-25,ADU,OPT,ADUJ7 C0680,2027-04-09,C,0.68,0.038900000,3,
2026-08-25,ADU,OPT,ADUJ7 C0685,2027-04-09,C,0.685,0.035100000,3,
2026-08-25,ADU,OPT,ADUJ7 C0690,2027-04-09,C,0.69,0.031500000,3,25
2026-08-25,ADU,OPT,ADUJ7 C0695,2027-04-09,C,0.695,0.028100000,3,
2026-08-25,ADU,OPT,ADUJ7 C0700,2027-04-09,C,0.7,0.024900000,3,
2026-08-25,ADU,OPT,ADUJ7 C0705,2027-04-09,C,0.705,0.021900000,3,
2026-08-25,ADU,OPT,ADUJ7 C0710,2027-04-09,C,0.71,0.019100000,3,
2026-08-25,ADU,OPT,ADUJ7 C0715,2027-04-09,C,0.715,0.016600000,3,
2026-08-25,ADU,OPT,ADUJ7 C0720,2027-04-09,C,0.72,0.014300000,3,
2026-08-25,ADU,OPT,ADUJ7 C0725,2027-04-09,C,0.725,0.012300000,3,
2026-08-25,ADU,OPT,ADUJ7 C0730,2027-04-09,C,0.73,0.010500000,3,2
2026-08-25,ADU,OPT,ADUJ7 C0735,2027-04-09,C,0.735,0.008900000,3,
2026-08-25,ADU,OPT,ADUJ7 C0740,2027-04-09,C,0.74,0.007500000,3,2
2026-08-25,ADU,OPT,ADUJ7 C0745,2027-04-09,C,0.745,0.006300000,3,
2026-08-25,ADU,OPT,ADUJ7 C0750,2027-04-09,C,0.75,0.005300000,3,
2026-08-25,ADU,OPT,ADUJ7 C0755,2027-04-09,C,0.755,0.004400000,3,
2026-08-25,ADU,OPT,ADUJ7 C0760,2027-04-09,C,0.76,0.003700000,3,100
2026-08-25,ADU,OPT,ADUJ7 C0765,2027-04-09,C,0.765,0.003000000,3,
2026-08-25,ADU,OPT,ADUJ7 C0770,2027-04-09,C,0.77,0.002500000,3,
2026-08-25,ADU,OPT,ADUJ7 C0780,2027-04-09,C,0.78,0.001800000,3,1
2026-08-25,ADU,OPT,ADUJ7 C0790,2027-04-09,C,0.79,0.001300000,3,
2026-08-25,ADU,OPT,ADUJ7 C0800,2027-04-09,C,0.8,0.000900000,3,
2026-08-25,ADU,OPT,ADUJ7 C0810,2027-04-09,C,0.81,0.000700000,3,
2026-08-25,ADU,OPT,ADUJ7 C0820,2027-04-09,C,0.82,0.000500000,3,
2026-08-25,ADU,OPT,ADUJ7 C0830,2027-04-09,C,0.83,0.000300000,3,
2026-08-25,ADU,OPT,ADUJ7 C0840,2027-04-09,C,0.84,0.000200000,3,
2026-08-25,ADU,OPT,ADUJ7 C0850,2027-04-09,C,0.85,0.000150000,3,
2026-08-25,ADU,OPT,ADUJ7 C0860,2027-04-09,C,0.86,0.000100000,3,
2026-08-25,ADU,OPT,ADUJ7 C0870,2027-04-09,C,0.87,0.000050000,3,
2026-08-25,ADU,OPT,ADUJ7 P0530,2027-04-09,P,0.53,0.000250000,3,
2026-08-25,ADU,OPT,ADUJ7 P0540,2027-04-09,P,0.54,0.000300000,3,
2026-08-25,ADU,OPT,ADUJ7 P0550,2027-04-09,P,0.55,0.000400000,3,3
2026-08-25,ADU,OPT,ADUJ7 P0560,2027-04-09,P,0.56,0.000450000,3,
2026-08-25,ADU,OPT,ADUJ7 P0570,2027-04-09,P,0.57,0.000500000,3,2
2026-08-25,ADU,OPT,ADUJ7 P0580,2027-04-09,P,0.58,0.000600000,3,3
2026-08-25,ADU,OPT,ADUJ7 P0590,2027-04-09,P,0.59,0.000700000,3,
2026-08-25,ADU,OPT,ADUJ7 P0600,2027-04-09,P,0.6,0.000800000,3,
2026-08-25,ADU,OPT,ADUJ7 P0610,2027-04-09,P,0.61,0.001000000,3,
2026-08-25,ADU,OPT,ADUJ7 P0620,2027-04-09,P,0.62,0.001300000,3,6
2026-08-25,ADU,OPT,ADUJ7 P0630,2027-04-09,P,0.63,0.001600000,3,
2026-08-25,ADU,OPT,ADUJ7 P0635,2027-04-09,P,0.635,0.001800000,3,8
2026-08-25,ADU,OPT,ADUJ7 P0640,2027-04-09,P,0.64,0.002100000,3,
2026-08-25,ADU,OPT,ADUJ7 P0645,2027-04-09,P,0.645,0.002400000,3,
2026-08-25,ADU,OPT,ADUJ7 P0650,2027-04-09,P,0.65,0.002800000,3,
2026-08-25,ADU,OPT,ADUJ7 P0655,2027-04-09,P,0.655,0.003200000,3,
2026-08-25,ADU,OPT,ADUJ7 P0660,2027-04-09,P,0.66,0.003700000,3,
2026-08-25,ADU,OPT,ADUJ7 P0665,2027-04-09,P,0.665,0.004300000,3,
2026-08-25,ADU,OPT,ADUJ7 P0670,2027-04-09,P,0.67,0.005100000,3,
2026-08-25,ADU,OPT,ADUJ7 P0675,2027-04-09,P,0.675,0.005900000,3,301
2026-08-25,ADU,OPT,ADUJ7 P0680,2027-04-09,P,0.68,0.006900000,3,
2026-08-25,ADU,OPT,ADUJ7 P0685,2027-04-09,P,0.685,0.008000000,3,
2026-08-25,ADU,OPT,ADUJ7 P0690,2027-04-09,P,0.69,0.009300000,3,175
2026-08-25,ADU,OPT,ADUJ7 P0695,2027-04-09,P,0.695,0.010700000,3,
2026-08-25,ADU,OPT,ADUJ7 P0700,2027-04-09,P,0.7,0.012400000,3,
2026-08-25,ADU,OPT,ADUJ7 P0705,2027-04-09,P,0.705,0.014300000,3,
2026-08-25,ADU,OPT,ADUJ7 P0710,2027-04-09,P,0.71,0.016400000,3,600
2026-08-25,ADU,OPT,ADUJ7 P0715,2027-04-09,P,0.715,0.018700000,3,
2026-08-25,ADU,OPT,ADUJ7 P0720,2027-04-09,P,0.72,0.021300000,3,
2026-08-25,ADU,OPT,ADUJ7 P0725,2027-04-09,P,0.725,0.024200000,3,
2026-08-25,ADU,OPT,ADUJ7 P0730,2027-04-09,P,0.73,0.027200000,3,
2026-08-25,ADU,OPT,ADUJ7 P0735,2027-04-09,P,0.735,0.030500000,3,
2026-08-25,ADU,OPT,ADUJ7 P0740,2027-04-09,P,0.74,0.034000000,3,
2026-08-25,ADU,OPT,ADUJ7 P0745,2027-04-09,P,0.745,0.037700000,3,
2026-08-25,ADU,OPT,ADUJ7 P0750,2027-04-09,P,0.75,0.041600000,3,
2026-08-25,ADU,OPT,ADUJ7 P0755,2027-04-09,P,0.755,0.045600000,3,
2026-08-25,ADU,OPT,ADUJ7 P0760,2027-04-09,P,0.76,0.049700000,3,
2026-08-25,ADU,OPT,ADUJ7 P0765,2027-04-09,P,0.765,0.054000000,3,
2026-08-25,ADU,OPT,ADUJ7 P0770,2027-04-09,P,0.77,0.058400000,3,
2026-08-25,ADU,OPT,ADUJ7 P0780,2027-04-09,P,0.78,0.067400000,3,
2026-08-25,ADU,OPT,ADUJ7 P0790,2027-04-09,P,0.79,0.076600000,3,
2026-08-25,ADU,OPT,ADUJ7 P0800,2027-04-09,P,0.8,0.086000000,3,
2026-08-25,ADU,OPT,ADUJ7 P0810,2027-04-09,P,0.81,0.095600000,3,
2026-08-25,ADU,OPT,ADUJ7 P0820,2027-04-09,P,0.82,0.105100000,3,
2026-08-25,ADU,OPT,ADUJ7 P0830,2027-04-09,P,0.83,0.114700000,3,
2026-08-25,ADU,OPT,ADUJ7 P0840,2027-04-09,P,0.84,0.124400000,3,
2026-08-25,ADU,OPT,ADUJ7 P0850,2027-04-09,P,0.85,0.134100000,3,
2026-08-25,ADU,OPT,ADUJ7 P0860,2027-04-09,P,0.86,0.143800000,3,
2026-08-25,ADU,OPT,ADUJ7 P0870,2027-04-09,P,0.87,0.153500000,3,
2026-08-25,ADU,OPT,ADUK7 C0540,2027-05-07,C,0.54,0.168500000,3,
2026-08-25,ADU,OPT,ADUK7 C0550,2027-05-07,C,0.55,0.158800000,3,
2026-08-25,ADU,OPT,ADUK7 C0560,2027-05-07,C,0.56,0.149200000,3,
2026-08-25,ADU,OPT,ADUK7 C0570,2027-05-07,C,0.57,0.139500000,3,
2026-08-25,ADU,OPT,ADUK7 C0580,2027-05-07,C,0.58,0.129900000,3,
2026-08-25,ADU,OPT,ADUK7 C0590,2027-05-07,C,0.59,0.120300000,3,
2026-08-25,ADU,OPT,ADUK7 C0600,2027-05-07,C,0.6,0.110800000,3,
2026-08-25,ADU,OPT,ADUK7 C0610,2027-05-07,C,0.61,0.101300000,3,
2026-08-25,ADU,OPT,ADUK7 C0620,2027-05-07,C,0.62,0.091900000,3,
2026-08-25,ADU,OPT,ADUK7 C0630,2027-05-07,C,0.63,0.082600000,3,
2026-08-25,ADU,OPT,ADUK7 C0635,2027-05-07,C,0.635,0.078000000,3,
2026-08-25,ADU,OPT,ADUK7 C0640,2027-05-07,C,0.64,0.073400000,3,
2026-08-25,ADU,OPT,ADUK7 C0645,2027-05-07,C,0.645,0.068900000,3,
2026-08-25,ADU,OPT,ADUK7 C0650,2027-05-07,C,0.65,0.064500000,3,
2026-08-25,ADU,OPT,ADUK7 C0655,2027-05-07,C,0.655,0.060100000,3,
2026-08-25,ADU,OPT,ADUK7 C0660,2027-05-07,C,0.66,0.055800000,3,
2026-08-25,ADU,OPT,ADUK7 C0665,2027-05-07,C,0.665,0.051600000,3,
2026-08-25,ADU,OPT,ADUK7 C0670,2027-05-07,C,0.67,0.047600000,3,
2026-08-25,ADU,OPT,ADUK7 C0675,2027-05-07,C,0.675,0.043600000,3,
2026-08-25,ADU,OPT,ADUK7 C0680,2027-05-07,C,0.68,0.039700000,3,4
2026-08-25,ADU,OPT,ADUK7 C0685,2027-05-07,C,0.685,0.036000000,3,
2026-08-25,ADU,OPT,ADUK7 C0690,2027-05-07,C,0.69,0.032500000,3,
2026-08-25,ADU,OPT,ADUK7 C0695,2027-05-07,C,0.695,0.029100000,3,
2026-08-25,ADU,OPT,ADUK7 C0700,2027-05-07,C,0.7,0.026000000,3,3
2026-08-25,ADU,OPT,ADUK7 C0705,2027-05-07,C,0.705,0.023000000,3,
2026-08-25,ADU,OPT,ADUK7 C0710,2027-05-07,C,0.71,0.020200000,3,
2026-08-25,ADU,OPT,ADUK7 C0715,2027-05-07,C,0.715,0.017700000,3,
2026-08-25,ADU,OPT,ADUK7 C0720,2027-05-07,C,0.72,0.015400000,3,
2026-08-25,ADU,OPT,ADUK7 C0725,2027-05-07,C,0.725,0.013400000,3,
2026-08-25,ADU,OPT,ADUK7 C0730,2027-05-07,C,0.73,0.011500000,3,
2026-08-25,ADU,OPT,ADUK7 C0735,2027-05-07,C,0.735,0.009900000,3,
2026-08-25,ADU,OPT,ADUK7 C0740,2027-05-07,C,0.74,0.008500000,3,
2026-08-25,ADU,OPT,ADUK7 C0745,2027-05-07,C,0.745,0.007200000,3,
2026-08-25,ADU,OPT,ADUK7 C0750,2027-05-07,C,0.75,0.006200000,3,
2026-08-25,ADU,OPT,ADUK7 C0755,2027-05-07,C,0.755,0.005300000,3,
2026-08-25,ADU,OPT,ADUK7 C0760,2027-05-07,C,0.76,0.004500000,3,
2026-08-25,ADU,OPT,ADUK7 C0765,2027-05-07,C,0.765,0.003800000,3,
2026-08-25,ADU,OPT,ADUK7 C0770,2027-05-07,C,0.77,0.003200000,3,
2026-08-25,ADU,OPT,ADUK7 C0780,2027-05-07,C,0.78,0.002400000,3,
2026-08-25,ADU,OPT,ADUK7 C0790,2027-05-07,C,0.79,0.001700000,3,
2026-08-25,ADU,OPT,ADUK7 C0800,2027-05-07,C,0.8,0.001300000,3,
2026-08-25,ADU,OPT,ADUK7 C0810,2027-05-07,C,0.81,0.000900000,3,
2026-08-25,ADU,OPT,ADUK7 C0820,2027-05-07,C,0.82,0.000700000,3,
2026-08-25,ADU,OPT,ADUK7 C0830,2027-05-07,C,0.83,0.000500000,3,
2026-08-25,ADU,OPT,ADUK7 C0840,2027-05-07,C,0.84,0.000350000,3,
2026-08-25,ADU,OPT,ADUK7 C0850,2027-05-07,C,0.85,0.000250000,3,
2026-08-25,ADU,OPT,ADUK7 C0860,2027-05-07,C,0.86,0.000150000,3,
2026-08-25,ADU,OPT,ADUK7 C0870,2027-05-07,C,0.87,0.000100000,3,
2026-08-25,ADU,OPT,ADUK7 P0540,2027-05-07,P,0.54,0.000350000,3,
2026-08-25,ADU,OPT,ADUK7 P0550,2027-05-07,P,0.55,0.000400000,3,
2026-08-25,ADU,OPT,ADUK7 P0560,2027-05-07,P,0.56,0.000450000,3,
2026-08-25,ADU,OPT,ADUK7 P0570,2027-05-07,P,0.57,0.000500000,3,
2026-08-25,ADU,OPT,ADUK7 P0580,2027-05-07,P,0.58,0.000700000,3,
2026-08-25,ADU,OPT,ADUK7 P0590,2027-05-07,P,0.59,0.000800000,3,
2026-08-25,ADU,OPT,ADUK7 P0600,2027-05-07,P,0.6,0.001000000,3,
2026-08-25,ADU,OPT,ADUK7 P0610,2027-05-07,P,0.61,0.001300000,3,
2026-08-25,ADU,OPT,ADUK7 P0620,2027-05-07,P,0.62,0.001600000,3,
2026-08-25,ADU,OPT,ADUK7 P0630,2027-05-07,P,0.63,0.002000000,3,
2026-08-25,ADU,OPT,ADUK7 P0635,2027-05-07,P,0.635,0.002300000,3,
2026-08-25,ADU,OPT,ADUK7 P0640,2027-05-07,P,0.64,0.002600000,3,
2026-08-25,ADU,OPT,ADUK7 P0645,2027-05-07,P,0.645,0.003000000,3,
2026-08-25,ADU,OPT,ADUK7 P0650,2027-05-07,P,0.65,0.003400000,3,
2026-08-25,ADU,OPT,ADUK7 P0655,2027-05-07,P,0.655,0.003900000,3,
2026-08-25,ADU,OPT,ADUK7 P0660,2027-05-07,P,0.66,0.004500000,3,
2026-08-25,ADU,OPT,ADUK7 P0665,2027-05-07,P,0.665,0.005100000,3,
2026-08-25,ADU,OPT,ADUK7 P0670,2027-05-07,P,0.67,0.005900000,3,
2026-08-25,ADU,OPT,ADUK7 P0675,2027-05-07,P,0.675,0.006800000,3,1
2026-08-25,ADU,OPT,ADUK7 P0680,2027-05-07,P,0.68,0.007800000,3,
2026-08-25,ADU,OPT,ADUK7 P0685,2027-05-07,P,0.685,0.009000000,3,
2026-08-25,ADU,OPT,ADUK7 P0690,2027-05-07,P,0.69,0.010300000,3,
2026-08-25,ADU,OPT,ADUK7 P0695,2027-05-07,P,0.695,0.011800000,3,14
2026-08-25,ADU,OPT,ADUK7 P0700,2027-05-07,P,0.7,0.013500000,3,
2026-08-25,ADU,OPT,ADUK7 P0705,2027-05-07,P,0.705,0.015400000,3,
2026-08-25,ADU,OPT,ADUK7 P0710,2027-05-07,P,0.71,0.017500000,3,
2026-08-25,ADU,OPT,ADUK7 P0715,2027-05-07,P,0.715,0.019900000,3,
2026-08-25,ADU,OPT,ADUK7 P0720,2027-05-07,P,0.72,0.022400000,3,
2026-08-25,ADU,OPT,ADUK7 P0725,2027-05-07,P,0.725,0.025200000,3,
2026-08-25,ADU,OPT,ADUK7 P0730,2027-05-07,P,0.73,0.028300000,3,
2026-08-25,ADU,OPT,ADUK7 P0735,2027-05-07,P,0.735,0.031500000,3,
2026-08-25,ADU,OPT,ADUK7 P0740,2027-05-07,P,0.74,0.034900000,3,
2026-08-25,ADU,OPT,ADUK7 P0745,2027-05-07,P,0.745,0.038600000,3,
2026-08-25,ADU,OPT,ADUK7 P0750,2027-05-07,P,0.75,0.042400000,3,
2026-08-25,ADU,OPT,ADUK7 P0755,2027-05-07,P,0.755,0.046300000,3,
2026-08-25,ADU,OPT,ADUK7 P0760,2027-05-07,P,0.76,0.050400000,3,
2026-08-25,ADU,OPT,ADUK7 P0765,2027-05-07,P,0.765,0.054600000,3,
2026-08-25,ADU,OPT,ADUK7 P0770,2027-05-07,P,0.77,0.058900000,3,
2026-08-25,ADU,OPT,ADUK7 P0780,2027-05-07,P,0.78,0.067800000,3,
2026-08-25,ADU,OPT,ADUK7 P0790,2027-05-07,P,0.79,0.076900000,3,
2026-08-25,ADU,OPT,ADUK7 P0800,2027-05-07,P,0.8,0.086100000,3,
2026-08-25,ADU,OPT,ADUK7 P0810,2027-05-07,P,0.81,0.095500000,3,
2026-08-25,ADU,OPT,ADUK7 P0820,2027-05-07,P,0.82,0.105000000,3,
2026-08-25,ADU,OPT,ADUK7 P0830,2027-05-07,P,0.83,0.114500000,3,
2026-08-25,ADU,OPT,ADUK7 P0840,2027-05-07,P,0.84,0.124100000,3,
2026-08-25,ADU,OPT,ADUK7 P0850,2027-05-07,P,0.85,0.133800000,3,
2026-08-25,ADU,OPT,ADUK7 P0860,2027-05-07,P,0.86,0.143400000,3,
2026-08-25,ADU,OPT,ADUK7 P0870,2027-05-07,P,0.87,0.153100000,3,
2026-08-25,ADU,OPT,ADUM7 C0500,2027-06-04,C,0.5,0.206700000,3,
2026-08-25,ADU,OPT,ADUM7 C0510,2027-06-04,C,0.51,0.197000000,3,
2026-08-25,ADU,OPT,ADUM7 C0520,2027-06-04,C,0.52,0.187400000,3,
2026-08-25,ADU,OPT,ADUM7 C0530,2027-06-04,C,0.53,0.177700000,3,
2026-08-25,ADU,OPT,ADUM7 C0540,2027-06-04,C,0.54,0.168100000,3,
2026-08-25,ADU,OPT,ADUM7 C0550,2027-06-04,C,0.55,0.158400000,3,
2026-08-25,ADU,OPT,ADUM7 C0560,2027-06-04,C,0.56,0.148900000,3,
2026-08-25,ADU,OPT,ADUM7 C0570,2027-06-04,C,0.57,0.139300000,3,
2026-08-25,ADU,OPT,ADUM7 C0580,2027-06-04,C,0.58,0.129700000,3,
2026-08-25,ADU,OPT,ADUM7 C0590,2027-06-04,C,0.59,0.120100000,3,
2026-08-25,ADU,OPT,ADUM7 C0595,2027-06-04,C,0.595,0.115400000,3,
2026-08-25,ADU,OPT,ADUM7 C0600,2027-06-04,C,0.6,0.110600000,3,
2026-08-25,ADU,OPT,ADUM7 C0605,2027-06-04,C,0.605,0.105900000,3,
2026-08-25,ADU,OPT,ADUM7 C0610,2027-06-04,C,0.61,0.101200000,3,
2026-08-25,ADU,OPT,ADUM7 C0615,2027-06-04,C,0.615,0.096500000,3,
2026-08-25,ADU,OPT,ADUM7 C0620,2027-06-04,C,0.62,0.091900000,3,
2026-08-25,ADU,OPT,ADUM7 C0625,2027-06-04,C,0.625,0.087300000,3,
2026-08-25,ADU,OPT,ADUM7 C0630,2027-06-04,C,0.63,0.082700000,3,
2026-08-25,ADU,OPT,ADUM7 C0635,2027-06-04,C,0.635,0.078200000,3,
2026-08-25,ADU,OPT,ADUM7 C0640,2027-06-04,C,0.64,0.073700000,3,
2026-08-25,ADU,OPT,ADUM7 C0645,2027-06-04,C,0.645,0.069300000,3,
2026-08-25,ADU,OPT,ADUM7 C0650,2027-06-04,C,0.65,0.065000000,3,
2026-08-25,ADU,OPT,ADUM7 C0655,2027-06-04,C,0.655,0.060700000,3,
2026-08-25,ADU,OPT,ADUM7 C0660,2027-06-04,C,0.66,0.056500000,3,
2026-08-25,ADU,OPT,ADUM7 C0665,2027-06-04,C,0.665,0.052300000,3,
2026-08-25,ADU,OPT,ADUM7 C0670,2027-06-04,C,0.67,0.048300000,3,
2026-08-25,ADU,OPT,ADUM7 C0675,2027-06-04,C,0.675,0.044400000,3,
2026-08-25,ADU,OPT,ADUM7 C0680,2027-06-04,C,0.68,0.040600000,3,
2026-08-25,ADU,OPT,ADUM7 C0685,2027-06-04,C,0.685,0.036900000,3,
2026-08-25,ADU,OPT,ADUM7 C0690,2027-06-04,C,0.69,0.033400000,3,10
2026-08-25,ADU,OPT,ADUM7 C0695,2027-06-04,C,0.695,0.030100000,3,
2026-08-25,ADU,OPT,ADUM7 C0700,2027-06-04,C,0.7,0.027000000,3,3
2026-08-25,ADU,OPT,ADUM7 C0705,2027-06-04,C,0.705,0.024100000,3,
2026-08-25,ADU,OPT,ADUM7 C0710,2027-06-04,C,0.71,0.021400000,3,130
2026-08-25,ADU,OPT,ADUM7 C0715,2027-06-04,C,0.715,0.018900000,3,
2026-08-25,ADU,OPT,ADUM7 C0720,2027-06-04,C,0.72,0.016600000,3,
2026-08-25,ADU,OPT,ADUM7 C0725,2027-06-04,C,0.725,0.014500000,3,
2026-08-25,ADU,OPT,ADUM7 C0730,2027-06-04,C,0.73,0.012700000,3,
2026-08-25,ADU,OPT,ADUM7 C0735,2027-06-04,C,0.735,0.011000000,3,
2026-08-25,ADU,OPT,ADUM7 C0740,2027-06-04,C,0.74,0.009600000,3,
2026-08-25,ADU,OPT,ADUM7 C0745,2027-06-04,C,0.745,0.008300000,3,
2026-08-25,ADU,OPT,ADUM7 C0750,2027-06-04,C,0.75,0.007100000,3,2
2026-08-25,ADU,OPT,ADUM7 C0755,2027-06-04,C,0.755,0.006100000,3,
2026-08-25,ADU,OPT,ADUM7 C0760,2027-06-04,C,0.76,0.005300000,3,
2026-08-25,ADU,OPT,ADUM7 C0765,2027-06-04,C,0.765,0.004500000,3,
2026-08-25,ADU,OPT,ADUM7 C0770,2027-06-04,C,0.77,0.003900000,3,
2026-08-25,ADU,OPT,ADUM7 C0780,2027-06-04,C,0.78,0.002900000,3,
2026-08-25,ADU,OPT,ADUM7 C0790,2027-06-04,C,0.79,0.002100000,3,
2026-08-25,ADU,OPT,ADUM7 C0800,2027-06-04,C,0.8,0.001600000,3,
2026-08-25,ADU,OPT,ADUM7 C0810,2027-06-04,C,0.81,0.001100000,3,
2026-08-25,ADU,OPT,ADUM7 C0820,2027-06-04,C,0.82,0.000800000,3,
2026-08-25,ADU,OPT,ADUM7 C0830,2027-06-04,C,0.83,0.000600000,3,
2026-08-25,ADU,OPT,ADUM7 C0840,2027-06-04,C,0.84,0.000500000,3,
2026-08-25,ADU,OPT,ADUM7 C0850,2027-06-04,C,0.85,0.000350000,3,
2026-08-25,ADU,OPT,ADUM7 C0860,2027-06-04,C,0.86,0.000300000,3,
2026-08-25,ADU,OPT,ADUM7 C0870,2027-06-04,C,0.87,0.000250000,3,
2026-08-25,ADU,OPT,ADUM7 P0500,2027-06-04,P,0.5,0.000250000,3,
2026-08-25,ADU,OPT,ADUM7 P0510,2027-06-04,P,0.51,0.000250000,3,
2026-08-25,ADU,OPT,ADUM7 P0520,2027-06-04,P,0.52,0.000300000,3,
2026-08-25,ADU,OPT,ADUM7 P0530,2027-06-04,P,0.53,0.000350000,3,
2026-08-25,ADU,OPT,ADUM7 P0540,2027-06-04,P,0.54,0.000400000,3,1
2026-08-25,ADU,OPT,ADUM7 P0550,2027-06-04,P,0.55,0.000500000,3,
2026-08-25,ADU,OPT,ADUM7 P0560,2027-06-04,P,0.56,0.000600000,3,
2026-08-25,ADU,OPT,ADUM7 P0570,2027-06-04,P,0.57,0.000700000,3,2
2026-08-25,ADU,OPT,ADUM7 P0580,2027-06-04,P,0.58,0.000900000,3,2
2026-08-25,ADU,OPT,ADUM7 P0590,2027-06-04,P,0.59,0.001000000,3,
2026-08-25,ADU,OPT,ADUM7 P0595,2027-06-04,P,0.595,0.001100000,3,
2026-08-25,ADU,OPT,ADUM7 P0600,2027-06-04,P,0.6,0.001200000,3,10
2026-08-25,ADU,OPT,ADUM7 P0605,2027-06-04,P,0.605,0.001300000,3,
2026-08-25,ADU,OPT,ADUM7 P0610,2027-06-04,P,0.61,0.001500000,3,
2026-08-25,ADU,OPT,ADUM7 P0615,2027-06-04,P,0.615,0.001700000,3,
2026-08-25,ADU,OPT,ADUM7 P0620,2027-06-04,P,0.62,0.001900000,3,1
2026-08-25,ADU,OPT,ADUM7 P0625,2027-06-04,P,0.625,0.002100000,3,
2026-08-25,ADU,OPT,ADUM7 P0630,2027-06-04,P,0.63,0.002400000,3,
2026-08-25,ADU,OPT,ADUM7 P0635,2027-06-04,P,0.635,0.002700000,3,
2026-08-25,ADU,OPT,ADUM7 P0640,2027-06-04,P,0.64,0.003100000,3,
2026-08-25,ADU,OPT,ADUM7 P0645,2027-06-04,P,0.645,0.003600000,3,
2026-08-25,ADU,OPT,ADUM7 P0650,2027-06-04,P,0.65,0.004100000,3,4
2026-08-25,ADU,OPT,ADUM7 P0655,2027-06-04,P,0.655,0.004600000,3,
2026-08-25,ADU,OPT,ADUM7 P0660,2027-06-04,P,0.66,0.005300000,3,1
2026-08-25,ADU,OPT,ADUM7 P0665,2027-06-04,P,0.665,0.006000000,3,8
2026-08-25,ADU,OPT,ADUM7 P0670,2027-06-04,P,0.67,0.006800000,3,10
2026-08-25,ADU,OPT,ADUM7 P0675,2027-06-04,P,0.675,0.007700000,3,8
2026-08-25,ADU,OPT,ADUM7 P0680,2027-06-04,P,0.68,0.008800000,3,2
2026-08-25,ADU,OPT,ADUM7 P0685,2027-06-04,P,0.685,0.010000000,3,13
2026-08-25,ADU,OPT,ADUM7 P0690,2027-06-04,P,0.69,0.011300000,3,3
2026-08-25,ADU,OPT,ADUM7 P0695,2027-06-04,P,0.695,0.012900000,3,
2026-08-25,ADU,OPT,ADUM7 P0700,2027-06-04,P,0.7,0.014600000,3,1
2026-08-25,ADU,OPT,ADUM7 P0705,2027-06-04,P,0.705,0.016500000,3,
2026-08-25,ADU,OPT,ADUM7 P0710,2027-06-04,P,0.71,0.018700000,3,130
2026-08-25,ADU,OPT,ADUM7 P0715,2027-06-04,P,0.715,0.021000000,3,
2026-08-25,ADU,OPT,ADUM7 P0720,2027-06-04,P,0.72,0.023600000,3,
2026-08-25,ADU,OPT,ADUM7 P0725,2027-06-04,P,0.725,0.026400000,3,
2026-08-25,ADU,OPT,ADUM7 P0730,2027-06-04,P,0.73,0.029400000,3,
2026-08-25,ADU,OPT,ADUM7 P0735,2027-06-04,P,0.735,0.032600000,3,
2026-08-25,ADU,OPT,ADUM7 P0740,2027-06-04,P,0.74,0.035900000,3,
2026-08-25,ADU,OPT,ADUM7 P0745,2027-06-04,P,0.745,0.039500000,3,
2026-08-25,ADU,OPT,ADUM7 P0750,2027-06-04,P,0.75,0.043200000,3,
2026-08-25,ADU,OPT,ADUM7 P0755,2027-06-04,P,0.755,0.047100000,3,
2026-08-25,ADU,OPT,ADUM7 P0760,2027-06-04,P,0.76,0.051100000,3,
2026-08-25,ADU,OPT,ADUM7 P0765,2027-06-04,P,0.765,0.055200000,3,
2026-08-25,ADU,OPT,ADUM7 P0770,2027-06-04,P,0.77,0.059400000,3,
2026-08-25,ADU,OPT,ADUM7 P0780,2027-06-04,P,0.78,0.068100000,3,
2026-08-25,ADU,OPT,ADUM7 P0790,2027-06-04,P,0.79,0.077000000,3,
2026-08-25,ADU,OPT,ADUM7 P0800,2027-06-04,P,0.8,0.086200000,3,
2026-08-25,ADU,OPT,ADUM7 P0810,2027-06-04,P,0.81,0.095400000,3,
2026-08-25,ADU,OPT,ADUM7 P0820,2027-06-04,P,0.82,0.104800000,3,
2026-08-25,ADU,OPT,ADUM7 P0830,2027-06-04,P,0.83,0.114300000,3,
2026-08-25,ADU,OPT,ADUM7 P0840,2027-06-04,P,0.84,0.123900000,3,
2026-08-25,ADU,OPT,ADUM7 P0850,2027-06-04,P,0.85,0.133500000,3,
2026-08-25,ADU,OPT,ADUM7 P0860,2027-06-04,P,0.86,0.143100000,3,
2026-08-25,ADU,OPT,ADUM7 P0870,2027-06-04,P,0.87,0.152700000,3,
2026-08-25,ADU,OPT,ADUN7 C0540,2027-07-09,C,0.54,0.166800000,3,
2026-08-25,ADU,OPT,ADUN7 C0550,2027-07-09,C,0.55,0.157200000,3,
2026-08-25,ADU,OPT,ADUN7 C0560,2027-07-09,C,0.56,0.147700000,3,
2026-08-25,ADU,OPT,ADUN7 C0570,2027-07-09,C,0.57,0.138100000,3,
2026-08-25,ADU,OPT,ADUN7 C0580,2027-07-09,C,0.58,0.128600000,3,
2026-08-25,ADU,OPT,ADUN7 C0590,2027-07-09,C,0.59,0.119100000,3,
2026-08-25,ADU,OPT,ADUN7 C0600,2027-07-09,C,0.6,0.109800000,3,
2026-08-25,ADU,OPT,ADUN7 C0610,2027-07-09,C,0.61,0.100500000,3,
2026-08-25,ADU,OPT,ADUN7 C0620,2027-07-09,C,0.62,0.091300000,3,
2026-08-25,ADU,OPT,ADUN7 C0630,2027-07-09,C,0.63,0.082300000,3,
2026-08-25,ADU,OPT,ADUN7 C0640,2027-07-09,C,0.64,0.073400000,3,
2026-08-25,ADU,OPT,ADUN7 C0645,2027-07-09,C,0.645,0.069100000,3,
2026-08-25,ADU,OPT,ADUN7 C0650,2027-07-09,C,0.65,0.064800000,3,
2026-08-25,ADU,OPT,ADUN7 C0655,2027-07-09,C,0.655,0.060600000,3,
2026-08-25,ADU,OPT,ADUN7 C0660,2027-07-09,C,0.66,0.056500000,3,
2026-08-25,ADU,OPT,ADUN7 C0665,2027-07-09,C,0.665,0.052400000,3,
2026-08-25,ADU,OPT,ADUN7 C0670,2027-07-09,C,0.67,0.048500000,3,
2026-08-25,ADU,OPT,ADUN7 C0675,2027-07-09,C,0.675,0.044700000,3,
2026-08-25,ADU,OPT,ADUN7 C0680,2027-07-09,C,0.68,0.041000000,3,
2026-08-25,ADU,OPT,ADUN7 C0685,2027-07-09,C,0.685,0.037500000,3,
2026-08-25,ADU,OPT,ADUN7 C0690,2027-07-09,C,0.69,0.034100000,3,
2026-08-25,ADU,OPT,ADUN7 C0695,2027-07-09,C,0.695,0.030900000,3,
2026-08-25,ADU,OPT,ADUN7 C0700,2027-07-09,C,0.7,0.027800000,3,
2026-08-25,ADU,OPT,ADUN7 C0705,2027-07-09,C,0.705,0.024900000,3,
2026-08-25,ADU,OPT,ADUN7 C0710,2027-07-09,C,0.71,0.022300000,3,
2026-08-25,ADU,OPT,ADUN7 C0715,2027-07-09,C,0.715,0.019800000,3,
2026-08-25,ADU,OPT,ADUN7 C0720,2027-07-09,C,0.72,0.017500000,3,
2026-08-25,ADU,OPT,ADUN7 C0725,2027-07-09,C,0.725,0.015400000,3,
2026-08-25,ADU,OPT,ADUN7 C0730,2027-07-09,C,0.73,0.013600000,3,
2026-08-25,ADU,OPT,ADUN7 C0735,2027-07-09,C,0.735,0.011900000,3,
2026-08-25,ADU,OPT,ADUN7 C0740,2027-07-09,C,0.74,0.010400000,3,1
2026-08-25,ADU,OPT,ADUN7 C0745,2027-07-09,C,0.745,0.009100000,3,
2026-08-25,ADU,OPT,ADUN7 C0750,2027-07-09,C,0.75,0.008000000,3,3
2026-08-25,ADU,OPT,ADUN7 C0755,2027-07-09,C,0.755,0.007000000,3,
2026-08-25,ADU,OPT,ADUN7 C0760,2027-07-09,C,0.76,0.006100000,3,
2026-08-25,ADU,OPT,ADUN7 C0765,2027-07-09,C,0.765,0.005400000,3,
2026-08-25,ADU,OPT,ADUN7 C0770,2027-07-09,C,0.77,0.004700000,3,
2026-08-25,ADU,OPT,ADUN7 C0780,2027-07-09,C,0.78,0.003500000,3,
2026-08-25,ADU,OPT,ADUN7 C0790,2027-07-09,C,0.79,0.002600000,3,
2026-08-25,ADU,OPT,ADUN7 C0800,2027-07-09,C,0.8,0.002000000,3,
2026-08-25,ADU,OPT,ADUN7 C0810,2027-07-09,C,0.81,0.001500000,3,
2026-08-25,ADU,OPT,ADUN7 C0820,2027-07-09,C,0.82,0.001000000,3,
2026-08-25,ADU,OPT,ADUN7 C0830,2027-07-09,C,0.83,0.000700000,3,
2026-08-25,ADU,OPT,ADUN7 C0840,2027-07-09,C,0.84,0.000500000,3,
2026-08-25,ADU,OPT,ADUN7 C0850,2027-07-09,C,0.85,0.000450000,3,
2026-08-25,ADU,OPT,ADUN7 C0860,2027-07-09,C,0.86,0.000450000,3,
2026-08-25,ADU,OPT,ADUN7 P0540,2027-07-09,P,0.54,0.000600000,3,
2026-08-25,ADU,OPT,ADUN7 P0550,2027-07-09,P,0.55,0.000700000,3,
2026-08-25,ADU,OPT,ADUN7 P0560,2027-07-09,P,0.56,0.000800000,3,
2026-08-25,ADU,OPT,ADUN7 P0570,2027-07-09,P,0.57,0.000900000,3,
2026-08-25,ADU,OPT,ADUN7 P0580,2027-07-09,P,0.58,0.001000000,3,
2026-08-25,ADU,OPT,ADUN7 P0590,2027-07-09,P,0.59,0.001200000,3,
2026-08-25,ADU,OPT,ADUN7 P0600,2027-07-09,P,0.6,0.001600000,3,
2026-08-25,ADU,OPT,ADUN7 P0610,2027-07-09,P,0.61,0.001900000,3,
2026-08-25,ADU,OPT,ADUN7 P0620,2027-07-09,P,0.62,0.002400000,3,9
2026-08-25,ADU,OPT,ADUN7 P0630,2027-07-09,P,0.63,0.003100000,3,
2026-08-25,ADU,OPT,ADUN7 P0640,2027-07-09,P,0.64,0.003900000,3,
2026-08-25,ADU,OPT,ADUN7 P0645,2027-07-09,P,0.645,0.004300000,3,
2026-08-25,ADU,OPT,ADUN7 P0650,2027-07-09,P,0.65,0.004900000,3,1
2026-08-25,ADU,OPT,ADUN7 P0655,2027-07-09,P,0.655,0.005500000,3,
2026-08-25,ADU,OPT,ADUN7 P0660,2027-07-09,P,0.66,0.006200000,3,
2026-08-25,ADU,OPT,ADUN7 P0665,2027-07-09,P,0.665,0.007000000,3,
2026-08-25,ADU,OPT,ADUN7 P0670,2027-07-09,P,0.67,0.007900000,3,2
2026-08-25,ADU,OPT,ADUN7 P0675,2027-07-09,P,0.675,0.008900000,3,
2026-08-25,ADU,OPT,ADUN7 P0680,2027-07-09,P,0.68,0.010100000,3,
2026-08-25,ADU,OPT,ADUN7 P0685,2027-07-09,P,0.685,0.011400000,3,
2026-08-25,ADU,OPT,ADUN7 P0690,2027-07-09,P,0.69,0.012800000,3,
2026-08-25,ADU,OPT,ADUN7 P0695,2027-07-09,P,0.695,0.014400000,3,
2026-08-25,ADU,OPT,ADUN7 P0700,2027-07-09,P,0.7,0.016200000,3,
2026-08-25,ADU,OPT,ADUN7 P0705,2027-07-09,P,0.705,0.018200000,3,
2026-08-25,ADU,OPT,ADUN7 P0710,2027-07-09,P,0.71,0.020300000,3,
2026-08-25,ADU,OPT,ADUN7 P0715,2027-07-09,P,0.715,0.022700000,3,
2026-08-25,ADU,OPT,ADUN7 P0720,2027-07-09,P,0.72,0.025200000,3,
2026-08-25,ADU,OPT,ADUN7 P0725,2027-07-09,P,0.725,0.028000000,3,
2026-08-25,ADU,OPT,ADUN7 P0730,2027-07-09,P,0.73,0.031000000,3,
2026-08-25,ADU,OPT,ADUN7 P0735,2027-07-09,P,0.735,0.034100000,3,
2026-08-25,ADU,OPT,ADUN7 P0740,2027-07-09,P,0.74,0.037500000,3,
2026-08-25,ADU,OPT,ADUN7 P0745,2027-07-09,P,0.745,0.041000000,3,
2026-08-25,ADU,OPT,ADUN7 P0750,2027-07-09,P,0.75,0.044700000,3,
2026-08-25,ADU,OPT,ADUN7 P0755,2027-07-09,P,0.755,0.048600000,3,
2026-08-25,ADU,OPT,ADUN7 P0760,2027-07-09,P,0.76,0.052500000,3,
2026-08-25,ADU,OPT,ADUN7 P0765,2027-07-09,P,0.765,0.056600000,3,
2026-08-25,ADU,OPT,ADUN7 P0770,2027-07-09,P,0.77,0.060700000,3,
2026-08-25,ADU,OPT,ADUN7 P0780,2027-07-09,P,0.78,0.069200000,3,
2026-08-25,ADU,OPT,ADUN7 P0790,2027-07-09,P,0.79,0.078000000,3,
2026-08-25,ADU,OPT,ADUN7 P0800,2027-07-09,P,0.8,0.087000000,3,
2026-08-25,ADU,OPT,ADUN7 P0810,2027-07-09,P,0.81,0.096200000,3,
2026-08-25,ADU,OPT,ADUN7 P0820,2027-07-09,P,0.82,0.105400000,3,
2026-08-25,ADU,OPT,ADUN7 P0830,2027-07-09,P,0.83,0.114700000,3,
2026-08-25,ADU,OPT,ADUN7 P0840,2027-07-09,P,0.84,0.124200000,3,
2026-08-25,ADU,OPT,ADUN7 P0850,2027-07-09,P,0.85,0.133800000,3,
2026-08-25,ADU,OPT,ADUN7 P0860,2027-07-09,P,0.86,0.143500000,3,
2026-08-25,ADU,OPT,ADUQ7 C0550,2027-08-06,C,0.55,0.156600000,3,
2026-08-25,ADU,OPT,ADUQ7 C0560,2027-08-06,C,0.56,0.147200000,3,
2026-08-25,ADU,OPT,ADUQ7 C0570,2027-08-06,C,0.57,0.137700000,3,
2026-08-25,ADU,OPT,ADUQ7 C0580,2027-08-06,C,0.58,0.128300000,3,
2026-08-25,ADU,OPT,ADUQ7 C0590,2027-08-06,C,0.59,0.119000000,3,
2026-08-25,ADU,OPT,ADUQ7 C0600,2027-08-06,C,0.6,0.109700000,3,
2026-08-25,ADU,OPT,ADUQ7 C0610,2027-08-06,C,0.61,0.100600000,3,
2026-08-25,ADU,OPT,ADUQ7 C0620,2027-08-06,C,0.62,0.091500000,3,
2026-08-25,ADU,OPT,ADUQ7 C0630,2027-08-06,C,0.63,0.082600000,3,
2026-08-25,ADU,OPT,ADUQ7 C0640,2027-08-06,C,0.64,0.073800000,3,
2026-08-25,ADU,OPT,ADUQ7 C0650,2027-08-06,C,0.65,0.065300000,3,
2026-08-25,ADU,OPT,ADUQ7 C0655,2027-08-06,C,0.655,0.061200000,3,
2026-08-25,ADU,OPT,ADUQ7 C0660,2027-08-06,C,0.66,0.057100000,3,
2026-08-25,ADU,OPT,ADUQ7 C0665,2027-08-06,C,0.665,0.053100000,3,
2026-08-25,ADU,OPT,ADUQ7 C0670,2027-08-06,C,0.67,0.049300000,3,
2026-08-25,ADU,OPT,ADUQ7 C0675,2027-08-06,C,0.675,0.045500000,3,
2026-08-25,ADU,OPT,ADUQ7 C0680,2027-08-06,C,0.68,0.041900000,3,
2026-08-25,ADU,OPT,ADUQ7 C0685,2027-08-06,C,0.685,0.038400000,3,
2026-08-25,ADU,OPT,ADUQ7 C0690,2027-08-06,C,0.69,0.035000000,3,
2026-08-25,ADU,OPT,ADUQ7 C0695,2027-08-06,C,0.695,0.031800000,3,
2026-08-25,ADU,OPT,ADUQ7 C0700,2027-08-06,C,0.7,0.028800000,3,
2026-08-25,ADU,OPT,ADUQ7 C0705,2027-08-06,C,0.705,0.025900000,3,
2026-08-25,ADU,OPT,ADUQ7 C0710,2027-08-06,C,0.71,0.023300000,3,
2026-08-25,ADU,OPT,ADUQ7 C0715,2027-08-06,C,0.715,0.020800000,3,
2026-08-25,ADU,OPT,ADUQ7 C0720,2027-08-06,C,0.72,0.018500000,3,
2026-08-25,ADU,OPT,ADUQ7 C0725,2027-08-06,C,0.725,0.016500000,3,
2026-08-25,ADU,OPT,ADUQ7 C0730,2027-08-06,C,0.73,0.014600000,3,
2026-08-25,ADU,OPT,ADUQ7 C0735,2027-08-06,C,0.735,0.012900000,3,
2026-08-25,ADU,OPT,ADUQ7 C0740,2027-08-06,C,0.74,0.011400000,3,
2026-08-25,ADU,OPT,ADUQ7 C0745,2027-08-06,C,0.745,0.010100000,3,
2026-08-25,ADU,OPT,ADUQ7 C0750,2027-08-06,C,0.75,0.008900000,3,10
2026-08-25,ADU,OPT,ADUQ7 C0755,2027-08-06,C,0.755,0.007900000,3,
2026-08-25,ADU,OPT,ADUQ7 C0760,2027-08-06,C,0.76,0.006900000,3,
2026-08-25,ADU,OPT,ADUQ7 C0765,2027-08-06,C,0.765,0.006100000,3,
2026-08-25,ADU,OPT,ADUQ7 C0770,2027-08-06,C,0.77,0.005400000,3,
2026-08-25,ADU,OPT,ADUQ7 C0780,2027-08-06,C,0.78,0.004100000,3,
2026-08-25,ADU,OPT,ADUQ7 C0790,2027-08-06,C,0.79,0.003200000,3,
2026-08-25,ADU,OPT,ADUQ7 C0800,2027-08-06,C,0.8,0.002400000,3,
2026-08-25,ADU,OPT,ADUQ7 C0810,2027-08-06,C,0.81,0.001900000,3,2
2026-08-25,ADU,OPT,ADUQ7 C0820,2027-08-06,C,0.82,0.001400000,3,
2026-08-25,ADU,OPT,ADUQ7 C0830,2027-08-06,C,0.83,0.001100000,3,
2026-08-25,ADU,OPT,ADUQ7 C0840,2027-08-06,C,0.84,0.000800000,3,
2026-08-25,ADU,OPT,ADUQ7 C0850,2027-08-06,C,0.85,0.000600000,3,
2026-08-25,ADU,OPT,ADUQ7 C0860,2027-08-06,C,0.86,0.000450000,3,
2026-08-25,ADU,OPT,ADUQ7 P0550,2027-08-06,P,0.55,0.000600000,3,
2026-08-25,ADU,OPT,ADUQ7 P0560,2027-08-06,P,0.56,0.000700000,3,
2026-08-25,ADU,OPT,ADUQ7 P0570,2027-08-06,P,0.57,0.000900000,3,
2026-08-25,ADU,OPT,ADUQ7 P0580,2027-08-06,P,0.58,0.001200000,3,
2026-08-25,ADU,OPT,ADUQ7 P0590,2027-08-06,P,0.59,0.001500000,3,
2026-08-25,ADU,OPT,ADUQ7 P0600,2027-08-06,P,0.6,0.001800000,3,
2026-08-25,ADU,OPT,ADUQ7 P0610,2027-08-06,P,0.61,0.002300000,3,
2026-08-25,ADU,OPT,ADUQ7 P0620,2027-08-06,P,0.62,0.002900000,3,
2026-08-25,ADU,OPT,ADUQ7 P0630,2027-08-06,P,0.63,0.003600000,3,
2026-08-25,ADU,OPT,ADUQ7 P0640,2027-08-06,P,0.64,0.004500000,3,
2026-08-25,ADU,OPT,ADUQ7 P0650,2027-08-06,P,0.65,0.005600000,3,
2026-08-25,ADU,OPT,ADUQ7 P0655,2027-08-06,P,0.655,0.006300000,3,
2026-08-25,ADU,OPT,ADUQ7 P0660,2027-08-06,P,0.66,0.007000000,3,
2026-08-25,ADU,OPT,ADUQ7 P0665,2027-08-06,P,0.665,0.007900000,3,
2026-08-25,ADU,OPT,ADUQ7 P0670,2027-08-06,P,0.67,0.008800000,3,
2026-08-25,ADU,OPT,ADUQ7 P0675,2027-08-06,P,0.675,0.009900000,3,
2026-08-25,ADU,OPT,ADUQ7 P0680,2027-08-06,P,0.68,0.011000000,3,
2026-08-25,ADU,OPT,ADUQ7 P0685,2027-08-06,P,0.685,0.012300000,3,
2026-08-25,ADU,OPT,ADUQ7 P0690,2027-08-06,P,0.69,0.013800000,3,
2026-08-25,ADU,OPT,ADUQ7 P0695,2027-08-06,P,0.695,0.015400000,3,
2026-08-25,ADU,OPT,ADUQ7 P0700,2027-08-06,P,0.7,0.017200000,3,
2026-08-25,ADU,OPT,ADUQ7 P0705,2027-08-06,P,0.705,0.019200000,3,
2026-08-25,ADU,OPT,ADUQ7 P0710,2027-08-06,P,0.71,0.021300000,3,100
2026-08-25,ADU,OPT,ADUQ7 P0715,2027-08-06,P,0.715,0.023700000,3,
2026-08-25,ADU,OPT,ADUQ7 P0720,2027-08-06,P,0.72,0.026200000,3,
2026-08-25,ADU,OPT,ADUQ7 P0725,2027-08-06,P,0.725,0.029000000,3,
2026-08-25,ADU,OPT,ADUQ7 P0730,2027-08-06,P,0.73,0.031900000,3,
2026-08-25,ADU,OPT,ADUQ7 P0735,2027-08-06,P,0.735,0.035100000,3,
2026-08-25,ADU,OPT,ADUQ7 P0740,2027-08-06,P,0.74,0.038400000,3,
2026-08-25,ADU,OPT,ADUQ7 P0745,2027-08-06,P,0.745,0.041900000,3,
2026-08-25,ADU,OPT,ADUQ7 P0750,2027-08-06,P,0.75,0.045500000,3,
2026-08-25,ADU,OPT,ADUQ7 P0755,2027-08-06,P,0.755,0.049300000,3,
2026-08-25,ADU,OPT,ADUQ7 P0760,2027-08-06,P,0.76,0.053200000,3,
2026-08-25,ADU,OPT,ADUQ7 P0765,2027-08-06,P,0.765,0.057200000,3,
2026-08-25,ADU,OPT,ADUQ7 P0770,2027-08-06,P,0.77,0.061300000,3,
2026-08-25,ADU,OPT,ADUQ7 P0780,2027-08-06,P,0.78,0.069700000,3,
2026-08-25,ADU,OPT,ADUQ7 P0790,2027-08-06,P,0.79,0.078300000,3,
2026-08-25,ADU,OPT,ADUQ7 P0800,2027-08-06,P,0.8,0.087200000,3,
2026-08-25,ADU,OPT,ADUQ7 P0810,2027-08-06,P,0.81,0.096300000,3,
2026-08-25,ADU,OPT,ADUQ7 P0820,2027-08-06,P,0.82,0.105500000,3,
2026-08-25,ADU,OPT,ADUQ7 P0830,2027-08-06,P,0.83,0.114700000,3,
2026-08-25,ADU,OPT,ADUQ7 P0840,2027-08-06,P,0.84,0.124100000,3,
2026-08-25,ADU,OPT,ADUQ7 P0850,2027-08-06,P,0.85,0.133600000,3,
2026-08-25,ADU,OPT,ADUQ7 P0860,2027-08-06,P,0.86,0.143000000,3,
2026-08-25,ADU,OPT,ADUU7 C0490,2027-09-03,C,0.49,0.213500000,3,
2026-08-25,ADU,OPT,ADUU7 C0500,2027-09-03,C,0.5,0.203900000,3,
2026-08-25,ADU,OPT,ADUU7 C0510,2027-09-03,C,0.51,0.194400000,3,
2026-08-25,ADU,OPT,ADUU7 C0520,2027-09-03,C,0.52,0.184900000,3,
2026-08-25,ADU,OPT,ADUU7 C0530,2027-09-03,C,0.53,0.175400000,3,
2026-08-25,ADU,OPT,ADUU7 C0540,2027-09-03,C,0.54,0.165900000,3,
2026-08-25,ADU,OPT,ADUU7 C0550,2027-09-03,C,0.55,0.156500000,3,
2026-08-25,ADU,OPT,ADUU7 C0560,2027-09-03,C,0.56,0.147100000,3,
2026-08-25,ADU,OPT,ADUU7 C0570,2027-09-03,C,0.57,0.137600000,3,
2026-08-25,ADU,OPT,ADUU7 C0580,2027-09-03,C,0.58,0.128300000,3,
2026-08-25,ADU,OPT,ADUU7 C0590,2027-09-03,C,0.59,0.118900000,3,
2026-08-25,ADU,OPT,ADUU7 C0595,2027-09-03,C,0.595,0.114300000,3,
2026-08-25,ADU,OPT,ADUU7 C0600,2027-09-03,C,0.6,0.109700000,3,
2026-08-25,ADU,OPT,ADUU7 C0605,2027-09-03,C,0.605,0.105100000,3,
2026-08-25,ADU,OPT,ADUU7 C0610,2027-09-03,C,0.61,0.100500000,3,
2026-08-25,ADU,OPT,ADUU7 C0615,2027-09-03,C,0.615,0.096000000,3,
2026-08-25,ADU,OPT,ADUU7 C0620,2027-09-03,C,0.62,0.091600000,3,
2026-08-25,ADU,OPT,ADUU7 C0625,2027-09-03,C,0.625,0.087100000,3,
2026-08-25,ADU,OPT,ADUU7 C0630,2027-09-03,C,0.63,0.082700000,3,
2026-08-25,ADU,OPT,ADUU7 C0635,2027-09-03,C,0.635,0.078400000,3,
2026-08-25,ADU,OPT,ADUU7 C0640,2027-09-03,C,0.64,0.074100000,3,
2026-08-25,ADU,OPT,ADUU7 C0645,2027-09-03,C,0.645,0.069900000,3,
2026-08-25,ADU,OPT,ADUU7 C0650,2027-09-03,C,0.65,0.065800000,3,
2026-08-25,ADU,OPT,ADUU7 C0655,2027-09-03,C,0.655,0.061700000,3,
2026-08-25,ADU,OPT,ADUU7 C0660,2027-09-03,C,0.66,0.057700000,3,
2026-08-25,ADU,OPT,ADUU7 C0665,2027-09-03,C,0.665,0.053800000,3,
2026-08-25,ADU,OPT,ADUU7 C0670,2027-09-03,C,0.67,0.050100000,3,
2026-08-25,ADU,OPT,ADUU7 C0675,2027-09-03,C,0.675,0.046400000,3,
2026-08-25,ADU,OPT,ADUU7 C0680,2027-09-03,C,0.68,0.042800000,3,1
2026-08-25,ADU,OPT,ADUU7 C0685,2027-09-03,C,0.685,0.039400000,3,
2026-08-25,ADU,OPT,ADUU7 C0690,2027-09-03,C,0.69,0.036100000,3,
2026-08-25,ADU,OPT,ADUU7 C0695,2027-09-03,C,0.695,0.032900000,3,
2026-08-25,ADU,OPT,ADUU7 C0700,2027-09-03,C,0.7,0.029900000,3,
2026-08-25,ADU,OPT,ADUU7 C0705,2027-09-03,C,0.705,0.027100000,3,
2026-08-25,ADU,OPT,ADUU7 C0710,2027-09-03,C,0.71,0.024500000,3,
2026-08-25,ADU,OPT,ADUU7 C0715,2027-09-03,C,0.715,0.022100000,3,
2026-08-25,ADU,OPT,ADUU7 C0720,2027-09-03,C,0.72,0.019800000,3,
2026-08-25,ADU,OPT,ADUU7 C0725,2027-09-03,C,0.725,0.017700000,3,
2026-08-25,ADU,OPT,ADUU7 C0730,2027-09-03,C,0.73,0.015800000,3,
2026-08-25,ADU,OPT,ADUU7 C0735,2027-09-03,C,0.735,0.014100000,3,
2026-08-25,ADU,OPT,ADUU7 C0740,2027-09-03,C,0.74,0.012500000,3,
2026-08-25,ADU,OPT,ADUU7 C0745,2027-09-03,C,0.745,0.011100000,3,
2026-08-25,ADU,OPT,ADUU7 C0750,2027-09-03,C,0.75,0.009900000,3,200
2026-08-25,ADU,OPT,ADUU7 C0755,2027-09-03,C,0.755,0.008700000,3,
2026-08-25,ADU,OPT,ADUU7 C0760,2027-09-03,C,0.76,0.007700000,3,1
2026-08-25,ADU,OPT,ADUU7 C0765,2027-09-03,C,0.765,0.006800000,3,
2026-08-25,ADU,OPT,ADUU7 C0770,2027-09-03,C,0.77,0.006000000,3,
2026-08-25,ADU,OPT,ADUU7 C0780,2027-09-03,C,0.78,0.004700000,3,1
2026-08-25,ADU,OPT,ADUU7 C0790,2027-09-03,C,0.79,0.003600000,3,1
2026-08-25,ADU,OPT,ADUU7 C0800,2027-09-03,C,0.8,0.002800000,3,
2026-08-25,ADU,OPT,ADUU7 C0810,2027-09-03,C,0.81,0.002200000,3,1
2026-08-25,ADU,OPT,ADUU7 C0820,2027-09-03,C,0.82,0.001700000,3,1
2026-08-25,ADU,OPT,ADUU7 C0830,2027-09-03,C,0.83,0.001300000,3,
2026-08-25,ADU,OPT,ADUU7 C0840,2027-09-03,C,0.84,0.001000000,3,
2026-08-25,ADU,OPT,ADUU7 C0850,2027-09-03,C,0.85,0.000800000,3,
2026-08-25,ADU,OPT,ADUU7 C0860,2027-09-03,C,0.86,0.000600000,3,
2026-08-25,ADU,OPT,ADUU7 P0490,2027-09-03,P,0.49,0.000250000,3,
2026-08-25,ADU,OPT,ADUU7 P0500,2027-09-03,P,0.5,0.000350000,3,
2026-08-25,ADU,OPT,ADUU7 P0510,2027-09-03,P,0.51,0.000400000,3,
2026-08-25,ADU,OPT,ADUU7 P0520,2027-09-03,P,0.52,0.000500000,3,
2026-08-25,ADU,OPT,ADUU7 P0530,2027-09-03,P,0.53,0.000600000,3,
2026-08-25,ADU,OPT,ADUU7 P0540,2027-09-03,P,0.54,0.000800000,3,
2026-08-25,ADU,OPT,ADUU7 P0550,2027-09-03,P,0.55,0.000900000,3,
2026-08-25,ADU,OPT,ADUU7 P0560,2027-09-03,P,0.56,0.001100000,3,
2026-08-25,ADU,OPT,ADUU7 P0570,2027-09-03,P,0.57,0.001300000,3,
2026-08-25,ADU,OPT,ADUU7 P0580,2027-09-03,P,0.58,0.001500000,3,1
2026-08-25,ADU,OPT,ADUU7 P0590,2027-09-03,P,0.59,0.001800000,3,6
2026-08-25,ADU,OPT,ADUU7 P0595,2027-09-03,P,0.595,0.001900000,3,
2026-08-25,ADU,OPT,ADUU7 P0600,2027-09-03,P,0.6,0.002100000,3,
2026-08-25,ADU,OPT,ADUU7 P0605,2027-09-03,P,0.605,0.002300000,3,
2026-08-25,ADU,OPT,ADUU7 P0610,2027-09-03,P,0.61,0.002600000,3,
2026-08-25,ADU,OPT,ADUU7 P0615,2027-09-03,P,0.615,0.002900000,3,1
2026-08-25,ADU,OPT,ADUU7 P0620,2027-09-03,P,0.62,0.003200000,3,
2026-08-25,ADU,OPT,ADUU7 P0625,2027-09-03,P,0.625,0.003600000,3,1
2026-08-25,ADU,OPT,ADUU7 P0630,2027-09-03,P,0.63,0.004000000,3,
2026-08-25,ADU,OPT,ADUU7 P0635,2027-09-03,P,0.635,0.004500000,3,
2026-08-25,ADU,OPT,ADUU7 P0640,2027-09-03,P,0.64,0.005000000,3,1
2026-08-25,ADU,OPT,ADUU7 P0645,2027-09-03,P,0.645,0.005600000,3,
2026-08-25,ADU,OPT,ADUU7 P0650,2027-09-03,P,0.65,0.006200000,3,4
2026-08-25,ADU,OPT,ADUU7 P0655,2027-09-03,P,0.655,0.007000000,3,
2026-08-25,ADU,OPT,ADUU7 P0660,2027-09-03,P,0.66,0.007800000,3,
2026-08-25,ADU,OPT,ADUU7 P0665,2027-09-03,P,0.665,0.008700000,3,
2026-08-25,ADU,OPT,ADUU7 P0670,2027-09-03,P,0.67,0.009700000,3,100
2026-08-25,ADU,OPT,ADUU7 P0675,2027-09-03,P,0.675,0.010800000,3,
2026-08-25,ADU,OPT,ADUU7 P0680,2027-09-03,P,0.68,0.012100000,3,
2026-08-25,ADU,OPT,ADUU7 P0685,2027-09-03,P,0.685,0.013400000,3,
2026-08-25,ADU,OPT,ADUU7 P0690,2027-09-03,P,0.69,0.014900000,3,
2026-08-25,ADU,OPT,ADUU7 P0695,2027-09-03,P,0.695,0.016600000,3,
2026-08-25,ADU,OPT,ADUU7 P0700,2027-09-03,P,0.7,0.018400000,3,
2026-08-25,ADU,OPT,ADUU7 P0705,2027-09-03,P,0.705,0.020400000,3,
2026-08-25,ADU,OPT,ADUU7 P0710,2027-09-03,P,0.71,0.022600000,3,
2026-08-25,ADU,OPT,ADUU7 P0715,2027-09-03,P,0.715,0.024900000,3,
2026-08-25,ADU,OPT,ADUU7 P0720,2027-09-03,P,0.72,0.027500000,3,
2026-08-25,ADU,OPT,ADUU7 P0725,2027-09-03,P,0.725,0.030200000,3,
2026-08-25,ADU,OPT,ADUU7 P0730,2027-09-03,P,0.73,0.033100000,3,
2026-08-25,ADU,OPT,ADUU7 P0735,2027-09-03,P,0.735,0.036200000,3,
2026-08-25,ADU,OPT,ADUU7 P0740,2027-09-03,P,0.74,0.039400000,3,
2026-08-25,ADU,OPT,ADUU7 P0745,2027-09-03,P,0.745,0.042800000,3,
2026-08-25,ADU,OPT,ADUU7 P0750,2027-09-03,P,0.75,0.046400000,3,
2026-08-25,ADU,OPT,ADUU7 P0755,2027-09-03,P,0.755,0.050000000,3,
2026-08-25,ADU,OPT,ADUU7 P0760,2027-09-03,P,0.76,0.053800000,3,
2026-08-25,ADU,OPT,ADUU7 P0765,2027-09-03,P,0.765,0.057700000,3,
2026-08-25,ADU,OPT,ADUU7 P0770,2027-09-03,P,0.77,0.061700000,3,
2026-08-25,ADU,OPT,ADUU7 P0780,2027-09-03,P,0.78,0.070000000,3,
2026-08-25,ADU,OPT,ADUU7 P0790,2027-09-03,P,0.79,0.078500000,3,
2026-08-25,ADU,OPT,ADUU7 P0800,2027-09-03,P,0.8,0.087300000,3,
2026-08-25,ADU,OPT,ADUU7 P0810,2027-09-03,P,0.81,0.096300000,3,
2026-08-25,ADU,OPT,ADUU7 P0820,2027-09-03,P,0.82,0.105400000,3,
2026-08-25,ADU,OPT,ADUU7 P0830,2027-09-03,P,0.83,0.114600000,3,
2026-08-25,ADU,OPT,ADUU7 P0840,2027-09-03,P,0.84,0.123900000,3,
2026-08-25,ADU,OPT,ADUU7 P0850,2027-09-03,P,0.85,0.133300000,3,
2026-08-25,ADU,OPT,ADUU7 P0860,2027-09-03,P,0.86,0.142800000,3,
2026-08-25,ADU,OPT,ADUZ7 C0500,2027-12-03,C,0.5,0.201300000,3,
2026-08-25,ADU,OPT,ADUZ7 C0510,2027-12-03,C,0.51,0.191900000,3,
2026-08-25,ADU,OPT,ADUZ7 C0520,2027-12-03,C,0.52,0.182500000,3,
2026-08-25,ADU,OPT,ADUZ7 C0530,2027-12-03,C,0.53,0.173100000,3,
2026-08-25,ADU,OPT,ADUZ7 C0540,2027-12-03,C,0.54,0.163800000,3,
2026-08-25,ADU,OPT,ADUZ7 C0550,2027-12-03,C,0.55,0.154500000,3,
2026-08-25,ADU,OPT,ADUZ7 C0560,2027-12-03,C,0.56,0.145300000,3,
2026-08-25,ADU,OPT,ADUZ7 C0570,2027-12-03,C,0.57,0.136100000,3,
2026-08-25,ADU,OPT,ADUZ7 C0580,2027-12-03,C,0.58,0.126900000,3,
2026-08-25,ADU,OPT,ADUZ7 C0590,2027-12-03,C,0.59,0.117900000,3,
2026-08-25,ADU,OPT,ADUZ7 C0600,2027-12-03,C,0.6,0.109000000,3,
2026-08-25,ADU,OPT,ADUZ7 C0605,2027-12-03,C,0.605,0.104500000,3,
2026-08-25,ADU,OPT,ADUZ7 C0610,2027-12-03,C,0.61,0.100200000,3,
2026-08-25,ADU,OPT,ADUZ7 C0615,2027-12-03,C,0.615,0.095800000,3,
2026-08-25,ADU,OPT,ADUZ7 C0620,2027-12-03,C,0.62,0.091600000,3,
2026-08-25,ADU,OPT,ADUZ7 C0625,2027-12-03,C,0.625,0.087300000,3,
2026-08-25,ADU,OPT,ADUZ7 C0630,2027-12-03,C,0.63,0.083200000,3,
2026-08-25,ADU,OPT,ADUZ7 C0635,2027-12-03,C,0.635,0.079100000,3,
2026-08-25,ADU,OPT,ADUZ7 C0640,2027-12-03,C,0.64,0.075100000,3,
2026-08-25,ADU,OPT,ADUZ7 C0645,2027-12-03,C,0.645,0.071100000,3,
2026-08-25,ADU,OPT,ADUZ7 C0650,2027-12-03,C,0.65,0.067300000,3,
2026-08-25,ADU,OPT,ADUZ7 C0655,2027-12-03,C,0.655,0.063500000,3,
2026-08-25,ADU,OPT,ADUZ7 C0660,2027-12-03,C,0.66,0.059900000,3,
2026-08-25,ADU,OPT,ADUZ7 C0665,2027-12-03,C,0.665,0.056400000,3,
2026-08-25,ADU,OPT,ADUZ7 C0670,2027-12-03,C,0.67,0.053000000,3,
2026-08-25,ADU,OPT,ADUZ7 C0675,2027-12-03,C,0.675,0.049700000,3,
2026-08-25,ADU,OPT,ADUZ7 C0680,2027-12-03,C,0.68,0.046600000,3,
2026-08-25,ADU,OPT,ADUZ7 C0685,2027-12-03,C,0.685,0.043600000,3,
2026-08-25,ADU,OPT,ADUZ7 C0690,2027-12-03,C,0.69,0.040800000,3,
2026-08-25,ADU,OPT,ADUZ7 C0695,2027-12-03,C,0.695,0.038000000,3,
2026-08-25,ADU,OPT,ADUZ7 C0700,2027-12-03,C,0.7,0.035500000,3,
2026-08-25,ADU,OPT,ADUZ7 C0705,2027-12-03,C,0.705,0.033000000,3,
2026-08-25,ADU,OPT,ADUZ7 C0710,2027-12-03,C,0.71,0.030700000,3,
2026-08-25,ADU,OPT,ADUZ7 C0715,2027-12-03,C,0.715,0.028500000,3,
2026-08-25,ADU,OPT,ADUZ7 C0720,2027-12-03,C,0.72,0.026500000,3,
2026-08-25,ADU,OPT,ADUZ7 C0725,2027-12-03,C,0.725,0.024600000,3,
2026-08-25,ADU,OPT,ADUZ7 C0730,2027-12-03,C,0.73,0.022800000,3,
2026-08-25,ADU,OPT,ADUZ7 C0735,2027-12-03,C,0.735,0.021200000,3,
2026-08-25,ADU,OPT,ADUZ7 C0740,2027-12-03,C,0.74,0.019600000,3,
2026-08-25,ADU,OPT,ADUZ7 C0745,2027-12-03,C,0.745,0.018200000,3,
2026-08-25,ADU,OPT,ADUZ7 C0750,2027-12-03,C,0.75,0.016800000,3,
2026-08-25,ADU,OPT,ADUZ7 C0755,2027-12-03,C,0.755,0.015600000,3,
2026-08-25,ADU,OPT,ADUZ7 C0760,2027-12-03,C,0.76,0.014400000,3,
2026-08-25,ADU,OPT,ADUZ7 C0765,2027-12-03,C,0.765,0.013300000,3,
2026-08-25,ADU,OPT,ADUZ7 C0770,2027-12-03,C,0.77,0.012400000,3,
2026-08-25,ADU,OPT,ADUZ7 C0780,2027-12-03,C,0.78,0.010600000,3,
2026-08-25,ADU,OPT,ADUZ7 C0790,2027-12-03,C,0.79,0.009100000,3,
2026-08-25,ADU,OPT,ADUZ7 C0800,2027-12-03,C,0.8,0.007700000,3,
2026-08-25,ADU,OPT,ADUZ7 C0810,2027-12-03,C,0.81,0.006600000,3,
2026-08-25,ADU,OPT,ADUZ7 C0820,2027-12-03,C,0.82,0.005700000,3,
2026-08-25,ADU,OPT,ADUZ7 C0830,2027-12-03,C,0.83,0.004800000,3,
2026-08-25,ADU,OPT,ADUZ7 C0840,2027-12-03,C,0.84,0.004200000,3,
2026-08-25,ADU,OPT,ADUZ7 C0850,2027-12-03,C,0.85,0.003600000,3,
2026-08-25,ADU,OPT,ADUZ7 C0860,2027-12-03,C,0.86,0.003100000,3,
2026-08-25,ADU,OPT,ADUZ7 P0500,2027-12-03,P,0.5,0.000500000,3,
2026-08-25,ADU,OPT,ADUZ7 P0510,2027-12-03,P,0.51,0.000600000,3,
2026-08-25,ADU,OPT,ADUZ7 P0520,2027-12-03,P,0.52,0.000700000,3,
2026-08-25,ADU,OPT,ADUZ7 P0530,2027-12-03,P,0.53,0.000900000,3,
2026-08-25,ADU,OPT,ADUZ7 P0540,2027-12-03,P,0.54,0.001000000,3,
2026-08-25,ADU,OPT,ADUZ7 P0550,2027-12-03,P,0.55,0.001200000,3,
2026-08-25,ADU,OPT,ADUZ7 P0560,2027-12-03,P,0.56,0.001500000,3,
2026-08-25,ADU,OPT,ADUZ7 P0570,2027-12-03,P,0.57,0.001800000,3,
2026-08-25,ADU,OPT,ADUZ7 P0580,2027-12-03,P,0.58,0.002200000,3,
2026-08-25,ADU,OPT,ADUZ7 P0590,2027-12-03,P,0.59,0.002600000,3,
2026-08-25,ADU,OPT,ADUZ7 P0600,2027-12-03,P,0.6,0.003200000,3,
2026-08-25,ADU,OPT,ADUZ7 P0605,2027-12-03,P,0.605,0.003600000,3,
2026-08-25,ADU,OPT,ADUZ7 P0610,2027-12-03,P,0.61,0.003900000,3,
2026-08-25,ADU,OPT,ADUZ7 P0615,2027-12-03,P,0.615,0.004400000,3,
2026-08-25,ADU,OPT,ADUZ7 P0620,2027-12-03,P,0.62,0.004800000,3,
2026-08-25,ADU,OPT,ADUZ7 P0625,2027-12-03,P,0.625,0.005400000,3,
2026-08-25,ADU,OPT,ADUZ7 P0630,2027-12-03,P,0.63,0.005900000,3,
2026-08-25,ADU,OPT,ADUZ7 P0635,2027-12-03,P,0.635,0.006600000,3,
2026-08-25,ADU,OPT,ADUZ7 P0640,2027-12-03,P,0.64,0.007300000,3,
2026-08-25,ADU,OPT,ADUZ7 P0645,2027-12-03,P,0.645,0.008200000,3,
2026-08-25,ADU,OPT,ADUZ7 P0650,2027-12-03,P,0.65,0.009100000,3,
2026-08-25,ADU,OPT,ADUZ7 P0655,2027-12-03,P,0.655,0.010100000,3,
2026-08-25,ADU,OPT,ADUZ7 P0660,2027-12-03,P,0.66,0.011200000,3,
2026-08-25,ADU,OPT,ADUZ7 P0665,2027-12-03,P,0.665,0.012400000,3,
2026-08-25,ADU,OPT,ADUZ7 P0670,2027-12-03,P,0.67,0.013800000,3,
2026-08-25,ADU,OPT,ADUZ7 P0675,2027-12-03,P,0.675,0.015300000,3,
2026-08-25,ADU,OPT,ADUZ7 P0680,2027-12-03,P,0.68,0.016900000,3,
2026-08-25,ADU,OPT,ADUZ7 P0685,2027-12-03,P,0.685,0.018700000,3,
2026-08-25,ADU,OPT,ADUZ7 P0690,2027-12-03,P,0.69,0.020600000,3,
2026-08-25,ADU,OPT,ADUZ7 P0695,2027-12-03,P,0.695,0.022600000,3,
2026-08-25,ADU,OPT,ADUZ7 P0700,2027-12-03,P,0.7,0.024800000,3,
2026-08-25,ADU,OPT,ADUZ7 P0705,2027-12-03,P,0.705,0.027100000,3,
2026-08-25,ADU,OPT,ADUZ7 P0710,2027-12-03,P,0.71,0.029500000,3,
2026-08-25,ADU,OPT,ADUZ7 P0715,2027-12-03,P,0.715,0.032100000,3,
2026-08-25,ADU,OPT,ADUZ7 P0720,2027-12-03,P,0.72,0.034800000,3,
2026-08-25,ADU,OPT,ADUZ7 P0725,2027-12-03,P,0.725,0.037700000,3,
2026-08-25,ADU,OPT,ADUZ7 P0730,2027-12-03,P,0.73,0.040600000,3,
2026-08-25,ADU,OPT,ADUZ7 P0735,2027-12-03,P,0.735,0.043700000,3,
2026-08-25,ADU,OPT,ADUZ7 P0740,2027-12-03,P,0.74,0.046900000,3,
2026-08-25,ADU,OPT,ADUZ7 P0745,2027-12-03,P,0.745,0.050200000,3,
2026-08-25,ADU,OPT,ADUZ7 P0750,2027-12-03,P,0.75,0.053700000,3,
2026-08-25,ADU,OPT,ADUZ7 P0755,2027-12-03,P,0.755,0.057200000,3,
2026-08-25,ADU,OPT,ADUZ7 P0760,2027-12-03,P,0.76,0.060800000,3,
2026-08-25,ADU,OPT,ADUZ7 P0765,2027-12-03,P,0.765,0.064400000,3,
2026-08-25,ADU,OPT,ADUZ7 P0770,2027-12-03,P,0.77,0.068200000,3,
2026-08-25,ADU,OPT,ADUZ7 P0780,2027-12-03,P,0.78,0.075900000,3,
2026-08-25,ADU,OPT,ADUZ7 P0790,2027-12-03,P,0.79,0.083900000,3,
2026-08-25,ADU,OPT,ADUZ7 P0800,2027-12-03,P,0.8,0.092100000,3,
2026-08-25,ADU,OPT,ADUZ7 P0810,2027-12-03,P,0.81,0.100500000,3,
2026-08-25,ADU,OPT,ADUZ7 P0820,2027-12-03,P,0.82,0.109000000,3,
2026-08-25,ADU,OPT,ADUZ7 P0830,2027-12-03,P,0.83,0.117700000,3,
2026-08-25,ADU,OPT,ADUZ7 P0840,2027-12-03,P,0.84,0.126500000,3,
2026-08-25,ADU,OPT,ADUZ7 P0850,2027-12-03,P,0.85,0.135400000,3,
2026-08-25,ADU,OPT,ADUZ7 P0860,2027-12-03,P,0.86,0.144400000,3,
2026-08-25,ADU,OPT,ADUH8 C0520,2028-03-03,C,0.52,0.179500000,3,
2026-08-25,ADU,OPT,ADUH8 C0530,2028-03-03,C,0.53,0.170200000,3,
2026-08-25,ADU,OPT,ADUH8 C0540,2028-03-03,C,0.54,0.161000000,3,
2026-08-25,ADU,OPT,ADUH8 C0550,2028-03-03,C,0.55,0.151800000,3,
2026-08-25,ADU,OPT,ADUH8 C0560,2028-03-03,C,0.56,0.142700000,3,
2026-08-25,ADU,OPT,ADUH8 C0570,2028-03-03,C,0.57,0.133700000,3,
2026-08-25,ADU,OPT,ADUH8 C0580,2028-03-03,C,0.58,0.124800000,3,
2026-08-25,ADU,OPT,ADUH8 C0590,2028-03-03,C,0.59,0.116100000,3,
2026-08-25,ADU,OPT,ADUH8 C0600,2028-03-03,C,0.6,0.107500000,3,
2026-08-25,ADU,OPT,ADUH8 C0610,2028-03-03,C,0.61,0.099100000,3,
2026-08-25,ADU,OPT,ADUH8 C0620,2028-03-03,C,0.62,0.090900000,3,
2026-08-25,ADU,OPT,ADUH8 C0625,2028-03-03,C,0.625,0.086900000,3,
2026-08-25,ADU,OPT,ADUH8 C0630,2028-03-03,C,0.63,0.083000000,3,
2026-08-25,ADU,OPT,ADUH8 C0635,2028-03-03,C,0.635,0.079100000,3,
2026-08-25,ADU,OPT,ADUH8 C0640,2028-03-03,C,0.64,0.075300000,3,
2026-08-25,ADU,OPT,ADUH8 C0645,2028-03-03,C,0.645,0.071600000,3,
2026-08-25,ADU,OPT,ADUH8 C0650,2028-03-03,C,0.65,0.068000000,3,
2026-08-25,ADU,OPT,ADUH8 C0655,2028-03-03,C,0.655,0.064500000,3,
2026-08-25,ADU,OPT,ADUH8 C0660,2028-03-03,C,0.66,0.061000000,3,
2026-08-25,ADU,OPT,ADUH8 C0665,2028-03-03,C,0.665,0.057700000,3,
2026-08-25,ADU,OPT,ADUH8 C0670,2028-03-03,C,0.67,0.054400000,3,
2026-08-25,ADU,OPT,ADUH8 C0675,2028-03-03,C,0.675,0.051200000,3,
2026-08-25,ADU,OPT,ADUH8 C0680,2028-03-03,C,0.68,0.048200000,3,
2026-08-25,ADU,OPT,ADUH8 C0685,2028-03-03,C,0.685,0.045300000,3,
2026-08-25,ADU,OPT,ADUH8 C0690,2028-03-03,C,0.69,0.042500000,3,
2026-08-25,ADU,OPT,ADUH8 C0695,2028-03-03,C,0.695,0.039900000,3,
2026-08-25,ADU,OPT,ADUH8 C0700,2028-03-03,C,0.7,0.037300000,3,
2026-08-25,ADU,OPT,ADUH8 C0705,2028-03-03,C,0.705,0.035000000,3,
2026-08-25,ADU,OPT,ADUH8 C0710,2028-03-03,C,0.71,0.032700000,3,
2026-08-25,ADU,OPT,ADUH8 C0715,2028-03-03,C,0.715,0.030600000,3,
2026-08-25,ADU,OPT,ADUH8 C0720,2028-03-03,C,0.72,0.028600000,3,
2026-08-25,ADU,OPT,ADUH8 C0725,2028-03-03,C,0.725,0.026700000,3,
2026-08-25,ADU,OPT,ADUH8 C0730,2028-03-03,C,0.73,0.025000000,3,
2026-08-25,ADU,OPT,ADUH8 C0735,2028-03-03,C,0.735,0.023300000,3,
2026-08-25,ADU,OPT,ADUH8 C0740,2028-03-03,C,0.74,0.021800000,3,
2026-08-25,ADU,OPT,ADUH8 C0745,2028-03-03,C,0.745,0.020300000,3,
2026-08-25,ADU,OPT,ADUH8 C0750,2028-03-03,C,0.75,0.019000000,3,
2026-08-25,ADU,OPT,ADUH8 C0755,2028-03-03,C,0.755,0.017700000,3,
2026-08-25,ADU,OPT,ADUH8 C0760,2028-03-03,C,0.76,0.016600000,3,
2026-08-25,ADU,OPT,ADUH8 C0765,2028-03-03,C,0.765,0.015500000,3,
2026-08-25,ADU,OPT,ADUH8 C0770,2028-03-03,C,0.77,0.014500000,3,
2026-08-25,ADU,OPT,ADUH8 C0780,2028-03-03,C,0.78,0.012600000,3,
2026-08-25,ADU,OPT,ADUH8 C0790,2028-03-03,C,0.79,0.011000000,3,
2026-08-25,ADU,OPT,ADUH8 C0800,2028-03-03,C,0.8,0.009600000,3,
2026-08-25,ADU,OPT,ADUH8 C0810,2028-03-03,C,0.81,0.008400000,3,
2026-08-25,ADU,OPT,ADUH8 C0820,2028-03-03,C,0.82,0.007400000,3,
2026-08-25,ADU,OPT,ADUH8 C0830,2028-03-03,C,0.83,0.006400000,3,
2026-08-25,ADU,OPT,ADUH8 C0840,2028-03-03,C,0.84,0.005600000,3,
2026-08-25,ADU,OPT,ADUH8 C0850,2028-03-03,C,0.85,0.005000000,3,
2026-08-25,ADU,OPT,ADUH8 C0860,2028-03-03,C,0.86,0.004400000,3,
2026-08-25,ADU,OPT,ADUH8 P0520,2028-03-03,P,0.52,0.000300000,3,
2026-08-25,ADU,OPT,ADUH8 P0530,2028-03-03,P,0.53,0.000450000,3,
2026-08-25,ADU,OPT,ADUH8 P0540,2028-03-03,P,0.54,0.000600000,3,
2026-08-25,ADU,OPT,ADUH8 P0550,2028-03-03,P,0.55,0.000900000,3,
2026-08-25,ADU,OPT,ADUH8 P0560,2028-03-03,P,0.56,0.001200000,3,
2026-08-25,ADU,OPT,ADUH8 P0570,2028-03-03,P,0.57,0.001600000,3,
2026-08-25,ADU,OPT,ADUH8 P0580,2028-03-03,P,0.58,0.002100000,3,
2026-08-25,ADU,OPT,ADUH8 P0590,2028-03-03,P,0.59,0.002700000,3,
2026-08-25,ADU,OPT,ADUH8 P0600,2028-03-03,P,0.6,0.003600000,3,
2026-08-25,ADU,OPT,ADUH8 P0610,2028-03-03,P,0.61,0.004600000,3,
2026-08-25,ADU,OPT,ADUH8 P0620,2028-03-03,P,0.62,0.005800000,3,
2026-08-25,ADU,OPT,ADUH8 P0625,2028-03-03,P,0.625,0.006500000,3,
2026-08-25,ADU,OPT,ADUH8 P0630,2028-03-03,P,0.63,0.007300000,3,
2026-08-25,ADU,OPT,ADUH8 P0635,2028-03-03,P,0.635,0.008100000,3,
2026-08-25,ADU,OPT,ADUH8 P0640,2028-03-03,P,0.64,0.009100000,3,
2026-08-25,ADU,OPT,ADUH8 P0645,2028-03-03,P,0.645,0.010100000,3,
2026-08-25,ADU,OPT,ADUH8 P0650,2028-03-03,P,0.65,0.011100000,3,
2026-08-25,ADU,OPT,ADUH8 P0655,2028-03-03,P,0.655,0.012300000,3,
2026-08-25,ADU,OPT,ADUH8 P0660,2028-03-03,P,0.66,0.013500000,3,
2026-08-25,ADU,OPT,ADUH8 P0665,2028-03-03,P,0.665,0.014900000,3,
2026-08-25,ADU,OPT,ADUH8 P0670,2028-03-03,P,0.67,0.016300000,3,
2026-08-25,ADU,OPT,ADUH8 P0675,2028-03-03,P,0.675,0.017900000,3,
2026-08-25,ADU,OPT,ADUH8 P0680,2028-03-03,P,0.68,0.019600000,3,
2026-08-25,ADU,OPT,ADUH8 P0685,2028-03-03,P,0.685,0.021400000,3,
2026-08-25,ADU,OPT,ADUH8 P0690,2028-03-03,P,0.69,0.023300000,3,
2026-08-25,ADU,OPT,ADUH8 P0695,2028-03-03,P,0.695,0.025300000,3,
2026-08-25,ADU,OPT,ADUH8 P0700,2028-03-03,P,0.7,0.027500000,3,
2026-08-25,ADU,OPT,ADUH8 P0705,2028-03-03,P,0.705,0.029800000,3,
2026-08-25,ADU,OPT,ADUH8 P0710,2028-03-03,P,0.71,0.032300000,3,
2026-08-25,ADU,OPT,ADUH8 P0715,2028-03-03,P,0.715,0.034900000,3,
2026-08-25,ADU,OPT,ADUH8 P0720,2028-03-03,P,0.72,0.037600000,3,
2026-08-25,ADU,OPT,ADUH8 P0725,2028-03-03,P,0.725,0.040400000,3,
2026-08-25,ADU,OPT,ADUH8 P0730,2028-03-03,P,0.73,0.043400000,3,
2026-08-25,ADU,OPT,ADUH8 P0735,2028-03-03,P,0.735,0.046400000,3,
2026-08-25,ADU,OPT,ADUH8 P0740,2028-03-03,P,0.74,0.049600000,3,
2026-08-25,ADU,OPT,ADUH8 P0745,2028-03-03,P,0.745,0.052800000,3,
2026-08-25,ADU,OPT,ADUH8 P0750,2028-03-03,P,0.75,0.056200000,3,
2026-08-25,ADU,OPT,ADUH8 P0755,2028-03-03,P,0.755,0.059700000,3,
2026-08-25,ADU,OPT,ADUH8 P0760,2028-03-03,P,0.76,0.063200000,3,
2026-08-25,ADU,OPT,ADUH8 P0765,2028-03-03,P,0.765,0.066800000,3,
2026-08-25,ADU,OPT,ADUH8 P0770,2028-03-03,P,0.77,0.070500000,3,
2026-08-25,ADU,OPT,ADUH8 P0780,2028-03-03,P,0.78,0.078100000,3,
2026-08-25,ADU,OPT,ADUH8 P0790,2028-03-03,P,0.79,0.085900000,3,
2026-08-25,ADU,OPT,ADUH8 P0800,2028-03-03,P,0.8,0.093900000,3,
2026-08-25,ADU,OPT,ADUH8 P0810,2028-03-03,P,0.81,0.102100000,3,
2026-08-25,ADU,OPT,ADUH8 P0820,2028-03-03,P,0.82,0.110400000,3,
2026-08-25,ADU,OPT,ADUH8 P0830,2028-03-03,P,0.83,0.118900000,3,
2026-08-25,ADU,OPT,ADUH8 P0840,2028-03-03,P,0.84,0.127500000,3,
2026-08-25,ADU,OPT,ADUH8 P0850,2028-03-03,P,0.85,0.136300000,3,
2026-08-25,ADU,OPT,ADUH8 P0860,2028-03-03,P,0.86,0.145100000,3,
2026-08-25,ADU,OPT,ADUM8 C0530,2028-06-09,C,0.53,0.168000000,3,
2026-08-25,ADU,OPT,ADUM8 C0540,2028-06-09,C,0.54,0.158900000,3,
2026-08-25,ADU,OPT,ADUM8 C0550,2028-06-09,C,0.55,0.149900000,3,
2026-08-25,ADU,OPT,ADUM8 C0560,2028-06-09,C,0.56,0.141100000,3,
2026-08-25,ADU,OPT,ADUM8 C0570,2028-06-09,C,0.57,0.132300000,3,
2026-08-25,ADU,OPT,ADUM8 C0580,2028-06-09,C,0.58,0.123700000,3,
2026-08-25,ADU,OPT,ADUM8 C0590,2028-06-09,C,0.59,0.115200000,3,
2026-08-25,ADU,OPT,ADUM8 C0600,2028-06-09,C,0.6,0.106900000,3,
2026-08-25,ADU,OPT,ADUM8 C0610,2028-06-09,C,0.61,0.098800000,3,
2026-08-25,ADU,OPT,ADUM8 C0620,2028-06-09,C,0.62,0.090900000,3,
2026-08-25,ADU,OPT,ADUM8 C0630,2028-06-09,C,0.63,0.083200000,3,
2026-08-25,ADU,OPT,ADUM8 C0635,2028-06-09,C,0.635,0.079500000,3,
2026-08-25,ADU,OPT,ADUM8 C0640,2028-06-09,C,0.64,0.075900000,3,
2026-08-25,ADU,OPT,ADUM8 C0645,2028-06-09,C,0.645,0.072300000,3,
2026-08-25,ADU,OPT,ADUM8 C0650,2028-06-09,C,0.65,0.068800000,3,
2026-08-25,ADU,OPT,ADUM8 C0655,2028-06-09,C,0.655,0.065400000,3,
2026-08-25,ADU,OPT,ADUM8 C0660,2028-06-09,C,0.66,0.062100000,3,
2026-08-25,ADU,OPT,ADUM8 C0665,2028-06-09,C,0.665,0.058800000,3,
2026-08-25,ADU,OPT,ADUM8 C0670,2028-06-09,C,0.67,0.055700000,3,
2026-08-25,ADU,OPT,ADUM8 C0675,2028-06-09,C,0.675,0.052600000,3,
2026-08-25,ADU,OPT,ADUM8 C0680,2028-06-09,C,0.68,0.049700000,3,
2026-08-25,ADU,OPT,ADUM8 C0685,2028-06-09,C,0.685,0.046900000,3,
2026-08-25,ADU,OPT,ADUM8 C0690,2028-06-09,C,0.69,0.044200000,3,
2026-08-25,ADU,OPT,ADUM8 C0695,2028-06-09,C,0.695,0.041600000,3,
2026-08-25,ADU,OPT,ADUM8 C0700,2028-06-09,C,0.7,0.039200000,3,
2026-08-25,ADU,OPT,ADUM8 C0705,2028-06-09,C,0.705,0.036900000,3,
2026-08-25,ADU,OPT,ADUM8 C0710,2028-06-09,C,0.71,0.034700000,3,
2026-08-25,ADU,OPT,ADUM8 C0715,2028-06-09,C,0.715,0.032600000,3,
2026-08-25,ADU,OPT,ADUM8 C0720,2028-06-09,C,0.72,0.030700000,3,
2026-08-25,ADU,OPT,ADUM8 C0725,2028-06-09,C,0.725,0.028800000,3,
2026-08-25,ADU,OPT,ADUM8 C0730,2028-06-09,C,0.73,0.027100000,3,
2026-08-25,ADU,OPT,ADUM8 C0735,2028-06-09,C,0.735,0.025500000,3,
2026-08-25,ADU,OPT,ADUM8 C0740,2028-06-09,C,0.74,0.023900000,3,
2026-08-25,ADU,OPT,ADUM8 C0745,2028-06-09,C,0.745,0.022500000,3,
2026-08-25,ADU,OPT,ADUM8 C0750,2028-06-09,C,0.75,0.021200000,3,
2026-08-25,ADU,OPT,ADUM8 C0755,2028-06-09,C,0.755,0.019900000,3,
2026-08-25,ADU,OPT,ADUM8 C0760,2028-06-09,C,0.76,0.018700000,3,
2026-08-25,ADU,OPT,ADUM8 C0770,2028-06-09,C,0.77,0.016600000,3,
2026-08-25,ADU,OPT,ADUM8 C0780,2028-06-09,C,0.78,0.014700000,3,
2026-08-25,ADU,OPT,ADUM8 C0790,2028-06-09,C,0.79,0.013000000,3,
2026-08-25,ADU,OPT,ADUM8 C0800,2028-06-09,C,0.8,0.011500000,3,
2026-08-25,ADU,OPT,ADUM8 C0810,2028-06-09,C,0.81,0.010200000,3,
2026-08-25,ADU,OPT,ADUM8 C0820,2028-06-09,C,0.82,0.009100000,3,
2026-08-25,ADU,OPT,ADUM8 C0830,2028-06-09,C,0.83,0.008100000,3,
2026-08-25,ADU,OPT,ADUM8 C0840,2028-06-09,C,0.84,0.007200000,3,
2026-08-25,ADU,OPT,ADUM8 C0850,2028-06-09,C,0.85,0.006400000,3,
2026-08-25,ADU,OPT,ADUM8 C0860,2028-06-09,C,0.86,0.005700000,3,
2026-08-25,ADU,OPT,ADUM8 P0530,2028-06-09,P,0.53,0.000800000,3,
2026-08-25,ADU,OPT,ADUM8 P0540,2028-06-09,P,0.54,0.001000000,3,
2026-08-25,ADU,OPT,ADUM8 P0550,2028-06-09,P,0.55,0.001400000,3,
2026-08-25,ADU,OPT,ADUM8 P0560,2028-06-09,P,0.56,0.001800000,3,
2026-08-25,ADU,OPT,ADUM8 P0570,2028-06-09,P,0.57,0.002300000,3,
2026-08-25,ADU,OPT,ADUM8 P0580,2028-06-09,P,0.58,0.003000000,3,
2026-08-25,ADU,OPT,ADUM8 P0590,2028-06-09,P,0.59,0.003800000,3,
2026-08-25,ADU,OPT,ADUM8 P0600,2028-06-09,P,0.6,0.004800000,3,
2026-08-25,ADU,OPT,ADUM8 P0610,2028-06-09,P,0.61,0.006000000,3,
2026-08-25,ADU,OPT,ADUM8 P0620,2028-06-09,P,0.62,0.007400000,3,
2026-08-25,ADU,OPT,ADUM8 P0630,2028-06-09,P,0.63,0.009100000,3,
2026-08-25,ADU,OPT,ADUM8 P0635,2028-06-09,P,0.635,0.010000000,3,
2026-08-25,ADU,OPT,ADUM8 P0640,2028-06-09,P,0.64,0.011000000,3,
2026-08-25,ADU,OPT,ADUM8 P0645,2028-06-09,P,0.645,0.012100000,3,
2026-08-25,ADU,OPT,ADUM8 P0650,2028-06-09,P,0.65,0.013300000,3,
2026-08-25,ADU,OPT,ADUM8 P0655,2028-06-09,P,0.655,0.014500000,3,
2026-08-25,ADU,OPT,ADUM8 P0660,2028-06-09,P,0.66,0.015900000,3,
2026-08-25,ADU,OPT,ADUM8 P0665,2028-06-09,P,0.665,0.017300000,3,
2026-08-25,ADU,OPT,ADUM8 P0670,2028-06-09,P,0.67,0.018800000,3,
2026-08-25,ADU,OPT,ADUM8 P0675,2028-06-09,P,0.675,0.020400000,3,
2026-08-25,ADU,OPT,ADUM8 P0680,2028-06-09,P,0.68,0.022100000,3,
2026-08-25,ADU,OPT,ADUM8 P0685,2028-06-09,P,0.685,0.024000000,3,
2026-08-25,ADU,OPT,ADUM8 P0690,2028-06-09,P,0.69,0.025900000,3,
2026-08-25,ADU,OPT,ADUM8 P0695,2028-06-09,P,0.695,0.028000000,3,
2026-08-25,ADU,OPT,ADUM8 P0700,2028-06-09,P,0.7,0.030200000,3,
2026-08-25,ADU,OPT,ADUM8 P0705,2028-06-09,P,0.705,0.032500000,3,
2026-08-25,ADU,OPT,ADUM8 P0710,2028-06-09,P,0.71,0.035000000,3,
2026-08-25,ADU,OPT,ADUM8 P0715,2028-06-09,P,0.715,0.037600000,3,
2026-08-25,ADU,OPT,ADUM8 P0720,2028-06-09,P,0.72,0.040300000,3,
2026-08-25,ADU,OPT,ADUM8 P0725,2028-06-09,P,0.725,0.043100000,3,
2026-08-25,ADU,OPT,ADUM8 P0730,2028-06-09,P,0.73,0.046000000,3,
2026-08-25,ADU,OPT,ADUM8 P0735,2028-06-09,P,0.735,0.049000000,3,
2026-08-25,ADU,OPT,ADUM8 P0740,2028-06-09,P,0.74,0.052200000,3,
2026-08-25,ADU,OPT,ADUM8 P0745,2028-06-09,P,0.745,0.055400000,3,
2026-08-25,ADU,OPT,ADUM8 P0750,2028-06-09,P,0.75,0.058700000,3,
2026-08-25,ADU,OPT,ADUM8 P0755,2028-06-09,P,0.755,0.062100000,3,
2026-08-25,ADU,OPT,ADUM8 P0760,2028-06-09,P,0.76,0.065600000,3,
2026-08-25,ADU,OPT,ADUM8 P0770,2028-06-09,P,0.77,0.072700000,3,
2026-08-25,ADU,OPT,ADUM8 P0780,2028-06-09,P,0.78,0.080200000,3,
2026-08-25,ADU,OPT,ADUM8 P0790,2028-06-09,P,0.79,0.087800000,3,
2026-08-25,ADU,OPT,ADUM8 P0800,2028-06-09,P,0.8,0.095600000,3,
2026-08-25,ADU,OPT,ADUM8 P0810,2028-06-09,P,0.81,0.103600000,3,
2026-08-25,ADU,OPT,ADUM8 P0820,2028-06-09,P,0.82,0.111800000,3,
2026-08-25,ADU,OPT,ADUM8 P0830,2028-06-09,P,0.83,0.120100000,3,
2026-08-25,ADU,OPT,ADUM8 P0840,2028-06-09,P,0.84,0.128500000,3,
2026-08-25,ADU,OPT,ADUM8 P0850,2028-06-09,P,0.85,0.137100000,3,
2026-08-25,ADU,OPT,ADUM8 P0860,2028-06-09,P,0.86,0.145700000,3,
