,USD,GBP,JPY,CHF,CAD,AUD,NZD
1999-01-04,1.178900,0.711100,133.730000,1.616800,1.800400,1.910000,2.222900
1999-01-05,1.179000,0.712200,130.960000,1.612300,1.796500,1.894400,2.201100
1999-01-06,1.174300,0.707600,131.420000,1.611600,1.771100,1.882000,2.189000
1999-01-07,1.163200,0.705850,129.430000,1.616500,1.760200,1.847400,2.153100
1999-01-08,1.165900,0.709400,130.090000,1.613800,1.764300,1.840600,2.155700
1999-01-11,1.156900,0.704400,126.330000,1.610400,1.746300,1.813400,2.125700
1999-01-12,1.152000,0.706600,129.630000,1.607200,1.739200,1.809000,2.121000
1999-01-13,1.174400,0.708400,131.890000,1.593100,1.812300,1.862000,2.174400
1999-01-14,1.165300,0.706200,132.740000,1.593400,1.770700,1.835300,2.157000
1999-01-15,1.162600,0.703900,131.740000,1.598400,1.779700,1.838800,2.158200
1999-01-18,1.161200,0.701300,132.900000,1.600400,1.771700,1.829200,2.167100
1999-01-19,1.161600,0.700000,132.140000,1.600100,1.773900,1.829500,2.161400
1999-01-20,1.157500,0.701400,131.590000,1.602400,1.762600,1.806400,2.149900
1999-01-21,1.157200,0.702300,130.340000,1.603000,1.752900,1.817100,2.148900
1999-01-22,1.156700,0.700500,131.880000,1.598300,1.751500,1.822500,2.151900
1999-01-25,1.158400,0.698900,132.090000,1.596600,1.762000,1.831700,2.165900
1999-01-26,1.158200,0.697600,131.810000,1.602200,1.760900,1.839100,2.166900
1999-01-27,1.152900,0.696800,131.910000,1.608200,1.752600,1.831300,2.159400
1999-01-28,1.141000,0.692800,132.250000,1.612900,1.737400,1.826200,2.136500
1999-01-29,1.138400,0.691000,132.100000,1.612300,1.726000,1.808700,2.110700
1999-02-01,1.133800,0.690400,130.880000,1.608900,1.712300,1.788200,2.086100
1999-02-02,1.133700,0.688800,127.700000,1.600200,1.707900,1.774100,2.076000
1999-02-03,1.133700,0.692500,126.860000,1.597500,1.715100,1.760900,2.056600
1999-02-04,1.126300,0.689400,127.650000,1.601700,1.695100,1.754100,2.046100
1999-02-05,1.129200,0.688500,127.950000,1.601200,1.676500,1.729400,2.043100
1999-02-08,1.124600,0.688800,127.820000,1.601800,1.672500,1.723000,2.014900
1999-02-09,1.133300,0.691100,129.910000,1.599900,1.694400,1.754800,2.041100
1999-02-10,1.134200,0.695400,130.730000,1.596300,1.694500,1.756900,2.054900
1999-02-11,1.131200,0.697500,129.350000,1.596600,1.685000,1.742700,2.048100
1999-02-12,1.124400,0.691700,128.920000,1.599200,1.675200,1.745900,2.055000
1999-02-15,1.123800,0.689500,129.310000,1.595000,1.678100,1.735300,2.053100
1999-02-16,1.117600,0.685400,131.820000,1.597500,1.680700,1.746700,2.085400
1999-02-17,1.125300,0.687300,133.480000,1.597300,1.688000,1.775100,2.092000
1999-02-18,1.123200,0.687100,134.400000,1.598200,1.676000,1.768700,2.084200
1999-02-19,1.116300,0.683800,133.970000,1.598200,1.661600,1.750200,2.056200
1999-02-22,1.099200,0.678900,133.610000,1.598600,1.635100,1.723700,2.039700
1999-02-23,1.096900,0.679600,133.140000,1.595400,1.642300,1.714500,2.039000
1999-02-24,1.103700,0.688300,133.860000,1.594000,1.658200,1.746500,2.076800
1999-02-25,1.103100,0.688800,132.870000,1.590500,1.654300,1.756600,2.090200
1999-02-26,1.101800,0.687300,131.330000,1.589000,1.668400,1.781900,2.107100
1999-03-01,1.098600,0.682900,131.130000,1.593000,1.657900,1.776600,2.093600
1999-03-02,1.088700,0.676400,131.370000,1.591200,1.660500,1.749200,2.060000
1999-03-03,1.089900,0.672300,132.180000,1.592600,1.661500,1.745400,2.056700
1999-03-04,1.086600,0.675900,133.920000,1.588300,1.660900,1.749400,2.067000
1999-03-05,1.083400,0.673700,133.190000,1.591200,1.648900,1.732900,2.049800
1999-03-08,1.090800,0.677600,132.770000,1.593300,1.652700,1.734800,2.041300
1999-03-09,1.086300,0.675400,132.450000,1.593100,1.644700,1.712500,2.035400
1999-03-10,1.095300,0.674600,131.740000,1.601400,1.660700,1.723700,2.046100
1999-03-11,1.089100,0.669400,131.000000,1.597200,1.658600,1.714400,2.036800
1999-03-12,1.093200,0.668600,130.800000,1.597500,1.665800,1.724700,2.052200
1999-03-15,1.094900,0.673900,128.850000,1.601000,1.671200,1.732500,2.048300
1999-03-16,1.090100,0.670300,128.650000,1.599500,1.665800,1.736500,2.061300
1999-03-17,1.096600,0.674400,130.180000,1.598700,1.668500,1.750200,2.084200
1999-03-18,1.101200,0.676000,129.780000,1.597500,1.672800,1.745800,2.072100
1999-03-19,1.091500,0.670800,127.990000,1.598600,1.654300,1.731600,2.052100
1999-03-22,1.086400,0.667700,128.000000,1.596600,1.642600,1.717400,2.038100
1999-03-23,1.089600,0.670600,128.940000,1.594500,1.641500,1.704400,2.022100
1999-03-24,1.092800,0.665300,128.600000,1.590800,1.647000,1.709400,2.030100
1999-03-25,1.089800,0.666800,128.650000,1.594400,1.647100,1.710200,2.032900
1999-03-26,1.081500,0.665000,128.930000,1.596500,1.628100,1.699800,2.013800
1999-03-29,1.069200,0.661500,128.780000,1.594300,1.618500,1.690400,2.007300
1999-03-30,1.071100,0.663800,128.860000,1.595600,1.622300,1.700300,2.010700
1999-03-31,1.074200,0.666300,127.810000,1.598100,1.621100,1.706000,2.024300
1999-04-01,1.077200,0.669000,128.720000,1.595700,1.620500,1.692800,2.010800
1999-04-02,1.077200,0.672000,129.850000,1.597300,1.616200,1.699200,2.020400
1999-04-05,1.075200,0.670200,130.550000,1.596800,1.609600,1.695600,2.014800
1999-04-06,1.072600,0.675900,129.990000,1.595000,1.614000,1.706300,2.026300
1999-04-07,1.081200,0.677200,131.270000,1.595200,1.624600,1.721300,2.034100
1999-04-08,1.081800,0.673100,130.450000,1.595800,1.621500,1.732400,2.038200
1999-04-09,1.077800,0.672400,130.750000,1.596800,1.620200,1.716200,2.021200
1999-04-12,1.086700,0.672300,130.270000,1.603000,1.628100,1.710600,2.004100
1999-04-13,1.076500,0.667100,129.660000,1.603200,1.604900,1.692000,1.987500
1999-04-14,1.078700,0.666700,128.550000,1.605200,1.610300,1.688600,1.983600
1999-04-15,1.078600,0.668200,128.010000,1.603500,1.611400,1.698100,1.996300
1999-04-16,1.066800,0.663300,126.160000,1.602700,1.585100,1.653500,1.963800
1999-04-19,1.063600,0.658600,125.670000,1.601500,1.575900,1.632500,1.933800
1999-04-20,1.064600,0.658900,125.480000,1.604000,1.582500,1.637400,1.933200
1999-04-21,1.058600,0.659300,126.260000,1.600000,1.577500,1.634900,1.935800
1999-04-22,1.058100,0.658500,126.950000,1.601000,1.573000,1.636600,1.939200
1999-04-23,1.063400,0.658300,127.250000,1.602300,1.572500,1.625700,1.930500
1999-04-26,1.061400,0.656900,126.220000,1.602700,1.569200,1.634900,1.935800
1999-04-27,1.063000,0.658700,127.340000,1.604700,1.574400,1.642900,1.942300
1999-04-28,1.066600,0.658300,127.050000,1.608800,1.572500,1.632400,1.936800
1999-04-29,1.060400,0.658400,126.160000,1.607200,1.560700,1.612300,1.906300
1999-04-30,1.059700,0.657100,126.900000,1.611300,1.551900,1.607800,1.896200
1999-05-03,1.058900,0.657100,126.930000,1.611100,1.541500,1.598700,1.891600
1999-05-04,1.056400,0.655300,128.040000,1.609800,1.534300,1.599600,1.893300
1999-05-05,1.066700,0.655200,128.780000,1.604100,1.553500,1.619400,1.917100
1999-05-06,1.079900,0.660100,130.600000,1.608000,1.563000,1.610700,1.914400
1999-05-07,1.078600,0.661000,130.130000,1.607800,1.572500,1.612200,1.923300
1999-05-10,1.073500,0.660400,129.820000,1.607500,1.566200,1.601200,1.918300
1999-05-11,1.073200,0.661900,129.970000,1.608200,1.561800,1.597000,1.912500
1999-05-12,1.064500,0.657700,128.880000,1.605200,1.549500,1.596100,1.900400
1999-05-13,1.062200,0.656000,129.200000,1.601300,1.554000,1.589100,1.899200
1999-05-14,1.067600,0.660100,130.780000,1.602000,1.556100,1.605100,1.910300
1999-05-17,1.068500,0.659800,131.470000,1.602300,1.568300,1.611700,1.917500
1999-05-18,1.069000,0.659200,131.620000,1.602300,1.558500,1.589600,1.903200
1999-05-19,1.063400,0.656900,132.400000,1.601700,1.559800,1.605100,1.926800
1999-05-20,1.063900,0.659100,132.160000,1.602000,1.559300,1.608300,1.937200
1999-05-21,1.057200,0.658300,131.250000,1.603400,1.544200,1.590600,1.928500
1999-05-24,1.058500,0.661700,130.860000,1.602300,1.545800,1.610300,1.945400
1999-05-25,1.062700,0.663400,130.410000,1.596400,1.548100,1.613400,1.949400
1999-05-26,1.053500,0.658000,128.770000,1.594900,1.544600,1.620500,1.971700
1999-05-27,1.047300,0.655100,128.050000,1.593900,1.537400,1.605700,1.954300
1999-05-28,1.047900,0.654600,126.700000,1.594100,1.546300,1.604600,1.955700
1999-05-31,1.045600,0.652400,127.180000,1.594300,1.541100,1.607400,1.953100
1999-06-01,1.043400,0.650500,126.350000,1.592800,1.540500,1.618700,1.966100
1999-06-02,1.038200,0.644300,125.710000,1.591200,1.540000,1.607500,1.968900
1999-06-03,1.038200,0.645800,125.800000,1.592800,1.534400,1.608200,1.980000
1999-06-04,1.031500,0.641200,125.450000,1.587700,1.523300,1.583700,1.944400
1999-06-07,1.031600,0.641400,124.700000,1.585800,1.514800,1.562100,1.920900
1999-06-08,1.038500,0.648900,125.990000,1.590900,1.524200,1.573200,1.954900
1999-06-09,1.046600,0.652300,124.480000,1.591400,1.541300,1.577700,1.956800
1999-06-10,1.047400,0.653800,124.500000,1.594700,1.539500,1.583400,1.957200
1999-06-11,1.047400,0.650600,124.090000,1.597000,1.527300,1.579600,1.941900
1999-06-14,1.043700,0.647300,125.420000,1.595200,1.523400,1.576500,1.945700
1999-06-15,1.039200,0.650100,125.270000,1.594100,1.520700,1.573500,1.942700
1999-06-16,1.034500,0.651000,124.400000,1.594400,1.513800,1.575400,1.950100
1999-06-17,1.034000,0.648100,123.970000,1.597600,1.504600,1.569000,1.930900
1999-06-18,1.038800,0.650600,124.520000,1.596900,1.521500,1.590700,1.951500
1999-06-21,1.033900,0.650600,126.300000,1.596700,1.511900,1.580400,1.951500
1999-06-22,1.031300,0.649800,125.600000,1.595200,1.517600,1.584700,1.951900
1999-06-23,1.028000,0.651100,125.550000,1.597000,1.510400,1.568900,1.932800
1999-06-24,1.032100,0.653300,126.050000,1.597700,1.516500,1.567200,1.924600
1999-06-25,1.044300,0.657800,126.800000,1.599500,1.535300,1.574600,1.947100
1999-06-28,1.038800,0.656400,125.960000,1.599500,1.524200,1.578100,1.942800
1999-06-29,1.036400,0.654400,125.300000,1.601200,1.525800,1.577500,1.950300
1999-06-30,1.032800,0.656300,124.820000,1.603400,1.526200,1.559800,1.940400
1999-07-01,1.026400,0.650200,124.120000,1.604300,1.503500,1.533600,1.916400
1999-07-02,1.024100,0.649800,123.930000,1.606000,1.506600,1.534700,1.924200
1999-07-05,1.023200,0.649100,125.180000,1.605500,1.498500,1.537000,1.932700
1999-07-06,1.022100,0.651400,124.870000,1.604000,1.498400,1.527400,1.924400
1999-07-07,1.022200,0.656300,124.770000,1.603400,1.501800,1.541700,1.949600
1999-07-08,1.018200,0.654400,124.720000,1.602900,1.496700,1.534200,1.946500
1999-07-09,1.020400,0.657700,124.660000,1.606500,1.500300,1.528900,1.932700
1999-07-12,1.012400,0.652700,123.820000,1.607200,1.496700,1.529600,1.930600
1999-07-13,1.018300,0.653800,123.830000,1.603100,1.509700,1.539100,1.946000
1999-07-14,1.016800,0.652300,122.970000,1.604300,1.511600,1.541000,1.946000
1999-07-15,1.020100,0.651300,123.040000,1.605500,1.510900,1.543500,1.951400
1999-07-16,1.020200,0.650900,123.150000,1.605900,1.513600,1.545900,1.947000
1999-07-19,1.014600,0.651100,121.600000,1.606700,1.512300,1.543800,1.940000
1999-07-20,1.041000,0.661800,123.090000,1.603800,1.550700,1.596300,1.989100
1999-07-21,1.046200,0.665300,124.200000,1.605900,1.565600,1.623500,2.002300
1999-07-22,1.049900,0.664200,124.060000,1.606800,1.577600,1.619900,1.981800
1999-07-23,1.049600,0.663400,121.960000,1.605300,1.582000,1.617500,1.978000
1999-07-26,1.069800,0.673100,123.800000,1.606600,1.620300,1.648300,2.024400
1999-07-27,1.062700,0.668000,124.270000,1.600000,1.603800,1.648000,2.029200
1999-07-28,1.060300,0.668300,123.150000,1.598600,1.604200,1.646500,2.027900
1999-07-29,1.068000,0.666500,123.180000,1.597900,1.611400,1.645500,2.024200
1999-07-30,1.069400,0.659800,123.190000,1.597600,1.609900,1.640500,2.016800
1999-08-02,1.066500,0.659100,121.880000,1.596300,1.609300,1.644100,2.025200
1999-08-03,1.064500,0.658800,122.690000,1.599400,1.594400,1.629300,2.014500
1999-08-04,1.076100,0.662700,123.390000,1.600200,1.611400,1.633000,2.005000
1999-08-05,1.079100,0.667000,123.370000,1.598600,1.610200,1.644900,2.025000
1999-08-06,1.074000,0.665000,123.130000,1.601900,1.610800,1.645900,2.030400
1999-08-09,1.070500,0.666500,123.370000,1.599300,1.605600,1.644900,2.030300
1999-08-10,1.073700,0.665500,123.250000,1.600300,1.612900,1.647600,2.029400
1999-08-11,1.066800,0.662300,122.920000,1.602300,1.592600,1.645300,2.018500
1999-08-12,1.063800,0.661400,123.250000,1.602300,1.581600,1.639000,2.009300
1999-08-13,1.066700,0.661900,122.410000,1.601500,1.582600,1.638300,2.012000
1999-08-16,1.055300,0.658500,121.280000,1.602000,1.560700,1.618400,1.988100
1999-08-17,1.052700,0.658400,120.340000,1.601200,1.557500,1.624200,2.004400
1999-08-18,1.051700,0.655600,118.900000,1.601600,1.560400,1.635100,1.997700
1999-08-19,1.051700,0.655600,117.020000,1.599700,1.564900,1.655000,1.982800
1999-08-20,1.066700,0.659000,119.160000,1.597500,1.597100,1.676300,2.009600
1999-08-23,1.060600,0.658000,118.030000,1.597300,1.587300,1.663900,1.993400
1999-08-24,1.051200,0.657600,117.420000,1.600900,1.573500,1.646300,1.995100
1999-08-25,1.043300,0.657200,115.700000,1.601000,1.557600,1.651200,2.024600
1999-08-26,1.045200,0.657400,116.380000,1.602000,1.569800,1.653900,2.029900
1999-08-27,1.045000,0.658800,116.680000,1.601400,1.561900,1.648800,2.034100
1999-08-30,1.045400,0.658200,116.100000,1.601900,1.554700,1.650100,2.035800
1999-08-31,1.057300,0.658500,115.530000,1.599700,1.575300,1.656400,2.043900
1999-09-01,1.061300,0.659300,116.000000,1.600400,1.585200,1.664900,2.063600
1999-09-02,1.066200,0.663100,116.160000,1.599100,1.587800,1.655800,2.048400
1999-09-03,1.068200,0.663400,117.320000,1.596900,1.598800,1.655600,2.061200
1999-09-06,1.059400,0.660700,116.300000,1.597800,1.578800,1.644600,2.049800
1999-09-07,1.056500,0.657600,117.440000,1.598900,1.572900,1.639200,2.013700
1999-09-08,1.061300,0.653600,117.490000,1.599300,1.581300,1.635000,2.010400
1999-09-09,1.059200,0.651300,115.360000,1.600200,1.573100,1.628200,2.006600
1999-09-10,1.052000,0.646300,115.000000,1.602500,1.557800,1.614400,1.974500
1999-09-13,1.034200,0.640700,109.850000,1.605600,1.524000,1.577100,1.938000
1999-09-14,1.036200,0.646800,110.250000,1.604600,1.523500,1.582600,1.953800
1999-09-15,1.036900,0.646200,107.940000,1.603200,1.532500,1.598500,1.980800
1999-09-16,1.037200,0.641600,108.080000,1.603200,1.532400,1.602800,1.979000
1999-09-17,1.039700,0.642300,110.660000,1.604700,1.528000,1.601300,1.975700
1999-09-20,1.040600,0.641000,112.080000,1.604900,1.536300,1.616800,1.992900
1999-09-21,1.038800,0.638300,108.720000,1.604800,1.532600,1.608300,1.978300
1999-09-22,1.050900,0.642300,109.480000,1.602400,1.544900,1.613100,1.997500
1999-09-23,1.043000,0.639000,108.450000,1.603900,1.534000,1.612400,1.996600
1999-09-24,1.047600,0.637400,109.400000,1.600200,1.543100,1.610100,2.025300
1999-09-27,1.041400,0.632700,109.670000,1.601900,1.529700,1.591700,2.010600
1999-09-28,1.048300,0.636200,111.310000,1.602300,1.533500,1.607400,2.042700
1999-09-29,1.056300,0.643000,112.850000,1.600300,1.544400,1.609300,2.048300
1999-09-30,1.066500,0.647500,112.670000,1.596700,1.565200,1.639500,2.064900
1999-10-01,1.072800,0.649900,113.250000,1.598500,1.570000,1.630700,2.068800
1999-10-04,1.071900,0.646900,113.600000,1.591500,1.580900,1.625900,2.057200
1999-10-05,1.068600,0.645600,113.980000,1.593200,1.567800,1.605300,2.040500
1999-10-06,1.073700,0.648800,115.580000,1.590700,1.577400,1.624900,2.056900
1999-10-07,1.072900,0.649000,115.480000,1.592400,1.575900,1.623800,2.053500
1999-10-08,1.065700,0.645100,114.550000,1.595600,1.565600,1.621200,2.066900
1999-10-11,1.063100,0.642400,113.420000,1.594900,1.565600,1.625600,2.062500
1999-10-12,1.066800,0.645900,113.450000,1.594500,1.573000,1.628100,2.062300
1999-10-13,1.077800,0.651800,116.240000,1.590700,1.591600,1.639500,2.081900
1999-10-14,1.075800,0.649900,114.950000,1.590800,1.594600,1.652800,2.115400
1999-10-15,1.086900,0.651900,115.150000,1.587200,1.609400,1.676900,2.127700
1999-10-18,1.086800,0.650900,114.230000,1.588200,1.618000,1.687700,2.139000
1999-10-19,1.081800,0.647400,114.300000,1.589100,1.615500,1.672600,2.124700
1999-10-20,1.077700,0.646000,114.440000,1.591200,1.603200,1.662300,2.094700
1999-10-21,1.079700,0.644600,114.520000,1.592200,1.607200,1.663100,2.095200
1999-10-22,1.075800,0.642600,113.650000,1.597200,1.590700,1.652200,2.090200
1999-10-25,1.068300,0.643300,112.660000,1.598000,1.580900,1.641900,2.077200
1999-10-26,1.063300,0.641300,111.330000,1.598900,1.562600,1.628100,2.058100
1999-10-27,1.055200,0.639200,109.750000,1.599500,1.554000,1.632700,2.072500
1999-10-28,1.053400,0.641500,109.790000,1.602300,1.550800,1.637300,2.071400
1999-10-29,1.045300,0.639300,109.590000,1.603000,1.541900,1.636100,2.058900
1999-11-01,1.057200,0.641300,110.230000,1.604200,1.552600,1.655400,2.077500
1999-11-02,1.050700,0.638200,110.120000,1.605100,1.539500,1.639300,2.062800
1999-11-03,1.049100,0.636100,109.170000,1.607700,1.541000,1.628400,2.046400
1999-11-04,1.050400,0.638900,110.000000,1.611500,1.537800,1.649900,2.057200
1999-11-05,1.040800,0.639700,109.790000,1.613700,1.517600,1.635900,2.030600
1999-11-08,1.040500,0.641200,110.360000,1.610000,1.526000,1.626200,2.037200
1999-11-09,1.042400,0.641500,109.370000,1.608700,1.532000,1.637200,2.046700
1999-11-10,1.040200,0.641600,109.330000,1.607900,1.528900,1.624900,2.031000
1999-11-11,1.040600,0.641400,109.300000,1.608500,1.527500,1.620500,2.027900
1999-11-12,1.030800,0.638000,108.220000,1.607800,1.508200,1.602100,2.000400
1999-11-15,1.030100,0.637100,107.990000,1.605700,1.507600,1.598900,1.976900
1999-11-16,1.033600,0.636900,109.420000,1.604700,1.515000,1.607600,1.992700
1999-11-17,1.040800,0.640000,109.580000,1.601500,1.523800,1.620000,2.016100
1999-11-18,1.038000,0.639700,109.630000,1.602000,1.522000,1.623000,2.024200
1999-11-19,1.027900,0.635300,109.100000,1.603200,1.505300,1.608000,2.021600
1999-11-22,1.031100,0.636100,108.350000,1.602900,1.508900,1.615200,2.020500
1999-11-23,1.031500,0.634800,107.980000,1.600900,1.511000,1.619400,2.012500
1999-11-24,1.021500,0.633100,106.620000,1.599700,1.498100,1.614700,2.001200
1999-11-25,1.019400,0.631200,106.250000,1.599900,1.497100,1.608200,1.987200
1999-11-26,1.010100,0.630100,104.860000,1.601200,1.480900,1.585500,1.978000
1999-11-29,1.007700,0.629700,102.820000,1.602900,1.483700,1.580800,1.966400
1999-11-30,1.009700,0.632500,103.000000,1.602100,1.486800,1.591800,1.975900
1999-12-01,1.009100,0.630400,103.350000,1.600700,1.488200,1.583900,1.974400
1999-12-02,1.005700,0.629200,103.030000,1.599900,1.487700,1.584300,1.969800
1999-12-03,1.001500,0.625500,102.570000,1.596700,1.482300,1.587200,1.986500
1999-12-06,1.018200,0.631000,104.620000,1.596900,1.507800,1.606900,2.016200
1999-12-07,1.023900,0.630200,105.050000,1.599900,1.508700,1.607700,2.015200
1999-12-08,1.023600,0.629400,105.320000,1.601400,1.513400,1.606100,2.012200
1999-12-09,1.017500,0.626100,104.400000,1.599100,1.504600,1.590100,2.002600
1999-12-10,1.014100,0.624700,103.810000,1.598400,1.496800,1.597200,2.037600
1999-12-13,1.012800,0.623800,103.950000,1.602000,1.496600,1.592400,2.055200
1999-12-14,1.003800,0.621500,104.060000,1.601700,1.486600,1.579500,2.023400
1999-12-15,1.002100,0.624100,103.700000,1.600100,1.486700,1.577900,2.031000
1999-12-16,1.014600,0.628600,104.470000,1.601600,1.504000,1.586400,2.020700
1999-12-17,1.012800,0.628700,104.680000,1.602800,1.496300,1.572300,1.994900
1999-12-20,1.009600,0.628000,103.840000,1.600400,1.494400,1.571300,1.996800
1999-12-21,1.008400,0.627600,103.070000,1.599400,1.493200,1.568500,1.956500
1999-12-22,1.007400,0.625300,102.480000,1.599000,1.487700,1.561200,1.952700
1999-12-23,1.008900,0.626500,102.520000,1.601100,1.489000,1.567600,1.957300
1999-12-24,1.014200,0.626700,104.290000,1.604300,1.491900,1.578100,1.967600
1999-12-27,1.013400,0.626700,103.750000,1.604600,1.486800,1.574900,1.964100
1999-12-28,1.008900,0.624900,103.130000,1.605700,1.467800,1.566700,1.957300
1999-12-29,1.007200,0.622600,103.020000,1.605900,1.461300,1.553200,1.932100
1999-12-30,1.004600,0.621700,102.730000,1.605100,1.460800,1.542200,1.935700
2000-01-03,1.009000,0.624600,102.750000,1.604300,1.457700,1.534600,1.933100
2000-01-04,1.030500,0.629600,105.880000,1.605300,1.493600,1.567700,1.974500
2000-01-05,1.036800,0.632400,107.340000,1.606000,1.506500,1.577300,1.995600
2000-01-06,1.038800,0.630200,108.720000,1.606800,1.509100,1.582800,2.006400
2000-01-07,1.028400,0.626200,108.090000,1.607900,1.501000,1.573800,1.994200
2000-01-10,1.022900,0.624900,107.260000,1.608900,1.487300,1.558700,1.978300
2000-01-11,1.025600,0.625100,108.850000,1.609300,1.496300,1.566400,1.986600
2000-01-12,1.030800,0.625300,109.100000,1.609800,1.501700,1.565300,1.988200
2000-01-13,1.027600,0.625500,108.890000,1.611100,1.489700,1.545000,1.964500
2000-01-14,1.022500,0.622100,108.050000,1.613000,1.481900,1.533200,1.959500
2000-01-17,1.009400,0.618000,105.810000,1.613600,1.465100,1.521200,1.947000
2000-01-18,1.009300,0.617400,106.420000,1.613100,1.462600,1.522200,1.954500
2000-01-19,1.010500,0.617200,106.990000,1.612000,1.464700,1.522200,1.956300
2000-01-20,1.008900,0.612700,106.440000,1.614700,1.462500,1.518200,1.957000
2000-01-21,1.009700,0.611300,105.530000,1.610200,1.460700,1.521500,1.962300
2000-01-24,1.002700,0.606200,105.540000,1.613600,1.446000,1.529500,1.977500
2000-01-25,1.000800,0.608300,105.690000,1.612100,1.444400,1.527500,1.961200
2000-01-26,1.001900,0.609400,106.040000,1.611600,1.440500,1.528200,1.970800
2000-01-27,0.997600,0.608900,105.430000,1.611300,1.433100,1.528900,1.959900
2000-01-28,0.984800,0.605100,103.740000,1.612100,1.417800,1.517800,1.992000
2000-01-31,0.979100,0.604700,104.620000,1.609100,1.419500,1.543000,1.984800
2000-02-01,0.971000,0.602000,104.620000,1.607800,1.412100,1.527700,1.970000
2000-02-02,0.971700,0.605100,105.510000,1.610100,1.409800,1.527300,1.987900
2000-02-03,0.974800,0.608600,105.780000,1.608300,1.404500,1.538200,1.979800
2000-02-04,0.983500,0.619500,105.990000,1.607700,1.418200,1.557000,1.998800
2000-02-07,0.976700,0.613400,106.020000,1.606500,1.404500,1.526100,1.974100
2000-02-08,0.990300,0.618200,107.910000,1.607400,1.435400,1.563400,2.007300
2000-02-09,0.993400,0.616900,108.160000,1.609200,1.433400,1.562000,2.004400
2000-02-10,0.986800,0.612600,107.110000,1.606000,1.431700,1.558700,2.001000
2000-02-11,0.980100,0.613600,107.420000,1.605600,1.417300,1.552600,1.990500
2000-02-14,0.986700,0.620100,106.850000,1.606600,1.430800,1.563600,2.015100
2000-02-15,0.977800,0.615900,106.460000,1.606100,1.425900,1.559700,2.011100
2000-02-16,0.980400,0.612900,106.970000,1.603600,1.427900,1.553100,1.999400
2000-02-17,0.991900,0.615800,109.300000,1.604200,1.440900,1.564600,2.015200
2000-02-18,0.985700,0.614400,109.270000,1.603200,1.428800,1.562700,2.002000
2000-02-21,0.985700,0.616100,109.730000,1.603100,1.431700,1.571700,2.013500
2000-02-22,1.002200,0.622600,111.110000,1.607200,1.458600,1.597600,2.040900
2000-02-23,1.006800,0.625200,111.880000,1.610500,1.475400,1.622500,2.076700
2000-02-24,0.989800,0.618800,109.550000,1.610100,1.447900,1.606700,2.036800
2000-02-25,0.981300,0.615500,108.790000,1.608300,1.426500,1.583400,2.007600
2000-02-28,0.963900,0.607200,105.220000,1.606400,1.396900,1.571000,1.988900
2000-02-29,0.971400,0.613400,106.810000,1.606700,1.409700,1.579500,1.998600
2000-03-01,0.966700,0.612300,104.650000,1.606600,1.396800,1.597000,1.997500
2000-03-02,0.972500,0.614000,104.380000,1.607500,1.412300,1.595200,1.985300
2000-03-03,0.965900,0.611700,104.170000,1.606300,1.405100,1.591300,1.978700
2000-03-06,0.964000,0.611100,103.470000,1.607200,1.397600,1.596000,1.979700
2000-03-07,0.959300,0.609600,103.000000,1.608300,1.393900,1.587900,1.984100
2000-03-08,0.954300,0.604300,102.240000,1.606100,1.391700,1.572100,1.961800
2000-03-09,0.961600,0.608600,102.440000,1.606100,1.402000,1.570200,1.959300
2000-03-10,0.961300,0.609500,102.270000,1.607800,1.398100,1.565800,1.942200
2000-03-13,0.971600,0.614600,102.230000,1.610800,1.416600,1.581900,1.975600
2000-03-14,0.962000,0.612300,100.930000,1.611400,1.405400,1.563100,1.958900
2000-03-15,0.964700,0.614000,101.740000,1.611500,1.414200,1.573700,1.978900
2000-03-16,0.966300,0.615500,101.730000,1.611200,1.417000,1.575300,1.974000
2000-03-17,0.967200,0.614600,102.310000,1.612600,1.427700,1.588100,1.992200
2000-03-20,0.971500,0.620100,103.710000,1.612600,1.428200,1.603800,2.012400
2000-03-21,0.970100,0.617600,103.460000,1.611600,1.425900,1.592900,1.989100
2000-03-22,0.960300,0.612500,102.880000,1.609500,1.410600,1.581700,1.970000
2000-03-23,0.965600,0.610400,103.880000,1.604500,1.420300,1.596800,1.981100
2000-03-24,0.971500,0.611500,104.090000,1.593600,1.423800,1.600500,1.992100
2000-03-27,0.971200,0.608700,103.770000,1.590800,1.420700,1.581800,1.954700
2000-03-28,0.964700,0.608800,102.590000,1.590400,1.406000,1.572100,1.919000
2000-03-29,0.956800,0.603200,100.770000,1.589600,1.393500,1.573500,1.917500
2000-03-30,0.955500,0.601000,100.350000,1.590900,1.392200,1.561100,1.914100
2000-03-31,0.955300,0.598500,98.530000,1.590700,1.387900,1.581100,1.932800
2000-04-03,0.956400,0.600000,100.270000,1.588600,1.387300,1.574100,1.918900
2000-04-04,0.953800,0.597100,100.740000,1.581700,1.384200,1.580900,1.910700
2000-04-05,0.967300,0.608800,101.710000,1.573200,1.407800,1.595400,1.932100
2000-04-06,0.962500,0.607500,101.040000,1.572500,1.394600,1.596200,1.920800
2000-04-07,0.956400,0.604700,100.710000,1.572700,1.391700,1.604300,1.928800
2000-04-10,0.959000,0.606400,101.920000,1.573100,1.398900,1.602500,1.928000
2000-04-11,0.959400,0.605500,102.610000,1.571800,1.401700,1.609900,1.923600
2000-04-12,0.957600,0.603800,101.110000,1.574500,1.401800,1.607800,1.923100
2000-04-13,0.953700,0.599900,101.090000,1.573800,1.393100,1.591600,1.910900
2000-04-14,0.954000,0.601600,100.860000,1.573700,1.406300,1.599900,1.920100
2000-04-17,0.957300,0.602600,99.400000,1.568600,1.418400,1.616800,1.929700
2000-04-18,0.949700,0.600300,98.970000,1.571000,1.414200,1.600600,1.920300
2000-04-19,0.946100,0.598300,98.790000,1.574800,1.399400,1.584000,1.899000
2000-04-20,0.937600,0.593400,98.370000,1.572700,1.381500,1.579500,1.890700
2000-04-25,0.930200,0.589600,98.150000,1.571200,1.372400,1.563700,1.874300
2000-04-26,0.919300,0.582700,97.850000,1.572100,1.349200,1.560800,1.887100
2000-04-27,0.916300,0.582700,97.570000,1.574200,1.354300,1.557500,1.882700
2000-04-28,0.908500,0.579400,97.480000,1.571000,1.345700,1.555200,1.873300
2000-05-02,0.911600,0.582700,99.150000,1.559900,1.346500,1.555800,1.874400
2000-05-03,0.891300,0.571100,97.460000,1.541100,1.325200,1.515600,1.821200
2000-05-04,0.894700,0.581800,97.350000,1.547200,1.336000,1.515500,1.825200
2000-05-05,0.898400,0.583800,97.210000,1.546700,1.345700,1.515600,1.831800
2000-05-08,0.895200,0.585100,97.170000,1.549400,1.333000,1.522800,1.842700
2000-05-09,0.897800,0.584700,98.250000,1.548100,1.341800,1.554500,1.884500
2000-05-10,0.910700,0.597600,99.130000,1.560400,1.359300,1.561200,1.894000
2000-05-11,0.907900,0.605100,98.530000,1.555900,1.356500,1.576500,1.916400
2000-05-12,0.902900,0.596000,98.010000,1.552800,1.343100,1.563600,1.892700
2000-05-15,0.914700,0.604500,100.070000,1.555400,1.360800,1.593600,1.928100
2000-05-16,0.906500,0.604500,98.890000,1.552500,1.347500,1.576000,1.923000
2000-05-17,0.892200,0.598700,97.980000,1.548800,1.328900,1.572300,1.935800
2000-05-18,0.894200,0.603900,97.600000,1.553400,1.344300,1.578000,2.002000
2000-05-19,0.887500,0.598800,95.690000,1.551200,1.332400,1.557000,1.959600
2000-05-22,0.900000,0.605000,96.570000,1.552700,1.345000,1.576600,1.977000
2000-05-23,0.911100,0.615100,97.300000,1.563200,1.361600,1.580000,1.979800
2000-05-24,0.909800,0.616500,97.580000,1.564100,1.371400,1.590800,2.009700
2000-05-25,0.898100,0.610000,96.810000,1.557500,1.360000,1.581000,1.984500
2000-05-26,0.914300,0.620900,98.220000,1.564200,1.373300,1.600200,2.013400
2000-05-29,0.926200,0.622300,99.320000,1.567700,1.391500,1.614000,2.021000
2000-05-30,0.935900,0.622600,99.800000,1.571800,1.406500,1.621000,2.035000
2000-05-31,0.930300,0.622500,99.900000,1.571600,1.398200,1.625000,2.029500
2000-06-01,0.933000,0.624000,101.410000,1.574000,1.395800,1.630600,2.035800
2000-06-02,0.935500,0.625100,101.620000,1.572900,1.394400,1.629500,2.037500
2000-06-05,0.943300,0.623000,101.510000,1.573400,1.390500,1.616400,2.006800
2000-06-06,0.948500,0.626400,101.240000,1.574000,1.401700,1.628700,2.023000
2000-06-07,0.955400,0.627600,101.000000,1.567600,1.409300,1.622000,2.023300
2000-06-08,0.966800,0.635900,102.120000,1.566400,1.427100,1.631500,2.045000
2000-06-09,0.949000,0.631000,101.420000,1.566100,1.398200,1.619600,2.027100
2000-06-12,0.952700,0.630300,101.550000,1.562400,1.405800,1.616200,2.024400
2000-06-13,0.958300,0.633000,102.050000,1.562800,1.410200,1.607500,2.025500
2000-06-14,0.963600,0.640200,102.520000,1.565100,1.416800,1.599600,2.028800
2000-06-15,0.952400,0.631600,100.920000,1.564800,1.401100,1.585500,2.031000
2000-06-16,0.956500,0.632900,101.650000,1.561100,1.409700,1.572400,2.001000
2000-06-19,0.964000,0.637300,101.860000,1.561800,1.414300,1.602200,2.034600
2000-06-20,0.953800,0.632600,100.620000,1.557700,1.399800,1.578600,2.005300
2000-06-21,0.947000,0.630700,99.760000,1.552200,1.394000,1.578300,1.995800
2000-06-22,0.940500,0.624400,99.100000,1.545100,1.387600,1.568500,1.985500
2000-06-23,0.941300,0.625000,98.120000,1.552100,1.387600,1.578800,2.001200
2000-06-26,0.932700,0.621500,98.380000,1.547800,1.387300,1.568700,1.989200
2000-06-27,0.940100,0.628100,99.160000,1.548600,1.393900,1.565000,1.996800
2000-06-28,0.941500,0.625300,99.560000,1.547900,1.394000,1.566600,2.006200
2000-06-29,0.950400,0.625700,99.560000,1.555800,1.405200,1.572900,2.028000
2000-06-30,0.955600,0.632300,100.570000,1.557600,1.415700,1.589400,2.031000
2000-07-03,0.949300,0.628100,100.580000,1.555100,1.404900,1.584000,2.026700
2000-07-04,0.948700,0.627100,100.780000,1.552800,1.405400,1.587100,2.043100
2000-07-05,0.953700,0.631300,101.730000,1.553200,1.417900,1.605400,2.058900
2000-07-06,0.954200,0.631000,102.440000,1.548400,1.419700,1.616500,2.068500
2000-07-07,0.948300,0.627800,101.860000,1.545800,1.407000,1.613000,2.068500
2000-07-10,0.952300,0.628000,101.820000,1.546100,1.409800,1.604000,2.058100
2000-07-11,0.952700,0.630000,101.770000,1.551600,1.406600,1.616800,2.074000
2000-07-12,0.949900,0.627000,102.290000,1.552300,1.403400,1.608000,2.060300
2000-07-13,0.934900,0.622400,100.120000,1.553200,1.386100,1.583200,2.022500
2000-07-14,0.934400,0.622700,100.820000,1.547600,1.386300,1.599000,2.033300
2000-07-17,0.935200,0.627000,101.650000,1.546500,1.387700,1.600300,2.031100
2000-07-18,0.935300,0.624100,100.930000,1.550200,1.384900,1.602500,2.041000
2000-07-19,0.921600,0.615600,99.600000,1.547300,1.359500,1.592000,2.023900
2000-07-20,0.922000,0.616500,99.740000,1.548800,1.362500,1.595100,2.012400
2000-07-21,0.936300,0.618500,101.530000,1.551100,1.378300,1.594500,2.013800
2000-07-24,0.933200,0.615100,101.640000,1.555500,1.370000,1.590500,2.019500
2000-07-25,0.941000,0.620100,102.780000,1.553800,1.380300,1.607200,2.037500
2000-07-26,0.939000,0.618900,102.430000,1.551900,1.377200,1.590900,2.035300
2000-07-27,0.938900,0.619800,102.260000,1.553100,1.377300,1.589800,2.038700
2000-07-28,0.927600,0.615000,101.290000,1.548600,1.366300,1.575200,2.022500
2000-07-31,0.924300,0.617900,101.040000,1.547700,1.370200,1.598600,2.038600
2000-08-01,0.926400,0.617200,101.560000,1.546000,1.379400,1.596500,2.035600
2000-08-02,0.914200,0.614300,99.800000,1.544900,1.354400,1.570100,2.017700
2000-08-03,0.902800,0.607000,97.850000,1.542500,1.337200,1.549000,1.994900
2000-08-04,0.903100,0.600800,98.020000,1.546400,1.342400,1.551700,1.991400
2000-08-07,0.908400,0.603200,98.850000,1.547400,1.357500,1.550200,1.999200
2000-08-08,0.904700,0.599600,98.200000,1.544000,1.345200,1.541700,1.991000
2000-08-09,0.897300,0.597800,96.810000,1.544300,1.335100,1.550300,1.985500
2000-08-10,0.903100,0.601800,97.930000,1.544900,1.339200,1.558500,2.002700
2000-08-11,0.913200,0.606100,99.310000,1.553100,1.354500,1.570200,2.018800
2000-08-14,0.901100,0.598400,98.580000,1.554100,1.336400,1.557500,2.014000
2000-08-15,0.911800,0.605900,99.780000,1.559100,1.356400,1.560700,2.029400
2000-08-16,0.907200,0.605200,98.450000,1.559000,1.344100,1.544700,2.021600
2000-08-17,0.914000,0.609600,99.120000,1.562900,1.350500,1.545100,2.026400
2000-08-18,0.912700,0.609900,99.420000,1.562200,1.346800,1.541200,2.025300
2000-08-21,0.902300,0.605100,97.630000,1.559800,1.328800,1.531500,2.001000
2000-08-22,0.897200,0.603800,97.270000,1.560800,1.326400,1.532800,2.009200
2000-08-23,0.891800,0.602700,95.700000,1.552500,1.323700,1.565900,2.071500
2000-08-24,0.901200,0.608700,96.640000,1.548900,1.337500,1.574200,2.072900
2000-08-25,0.902100,0.612200,96.610000,1.545300,1.336100,1.573100,2.074200
2000-08-28,0.900700,0.612000,95.880000,1.543700,1.337100,1.573300,2.064400
2000-08-29,0.896500,0.613900,95.440000,1.544700,1.328800,1.568000,2.085000
2000-08-30,0.890900,0.614800,94.800000,1.548300,1.322000,1.560600,2.089800
2000-08-31,0.890600,0.613200,94.770000,1.549800,1.314100,1.554700,2.080100
2000-09-01,0.890200,0.613500,94.770000,1.550000,1.310200,1.553400,2.098000
2000-09-04,0.900000,0.615400,95.120000,1.553200,1.325500,1.563200,2.094700
2000-09-05,0.888600,0.612400,94.180000,1.549000,1.310900,1.553900,2.079800
2000-09-06,0.881800,0.608700,93.270000,1.548200,1.303200,1.560500,2.068500
2000-09-07,0.867600,0.604700,91.210000,1.546800,1.287300,1.565000,2.095600
2000-09-08,0.873500,0.612400,92.250000,1.549000,1.288400,1.561200,2.075100
2000-09-11,0.860900,0.607800,91.350000,1.529800,1.271600,1.542000,2.036500
2000-09-12,0.861400,0.614500,91.550000,1.521800,1.275100,1.542800,2.007000
2000-09-13,0.865400,0.614200,92.830000,1.528600,1.280100,1.561300,2.052400
2000-09-14,0.869300,0.613300,93.150000,1.526500,1.295600,1.573500,2.075000
2000-09-15,0.861500,0.612500,92.640000,1.527800,1.281500,1.566000,2.054500
2000-09-18,0.852600,0.609600,91.100000,1.523500,1.265800,1.569200,2.061200
2000-09-19,0.854100,0.608400,91.310000,1.520000,1.269900,1.573600,2.065300
2000-09-20,0.847600,0.598900,90.300000,1.512300,1.254900,1.564500,2.064000
2000-09-21,0.852400,0.600400,90.720000,1.510000,1.267100,1.580000,2.115200
2000-09-22,0.889000,0.606300,95.750000,1.531800,1.325100,1.595000,2.138300
2000-09-25,0.877000,0.602800,94.370000,1.522100,1.305400,1.608800,2.129900
2000-09-26,0.875700,0.602800,93.950000,1.518800,1.302900,1.599200,2.128500
2000-09-27,0.886100,0.604500,95.490000,1.525400,1.320600,1.615000,2.140600
2000-09-28,0.883200,0.602500,94.980000,1.525700,1.324100,1.607300,2.120500
2000-09-29,0.876500,0.596700,94.940000,1.524000,1.319800,1.618000,2.151000
2000-10-02,0.880200,0.599100,95.490000,1.523700,1.323500,1.619900,2.170400
2000-10-03,0.876300,0.600600,95.140000,1.517000,1.321200,1.617500,2.176500
2000-10-04,0.873000,0.600300,95.310000,1.515500,1.309800,1.626300,2.168500
2000-10-05,0.878600,0.602700,95.950000,1.522800,1.314600,1.630500,2.174500
2000-10-06,0.870300,0.601400,94.820000,1.525200,1.299700,1.630800,2.162100
2000-10-09,0.869500,0.600600,94.750000,1.521300,1.306900,1.627500,2.157800
2000-10-10,0.872100,0.599200,94.200000,1.519100,1.310000,1.638500,2.160500
2000-10-11,0.872000,0.596800,94.170000,1.510900,1.310600,1.624000,2.143000
2000-10-12,0.864800,0.592100,93.000000,1.511500,1.302100,1.629200,2.169900
2000-10-13,0.862700,0.586800,93.000000,1.506700,1.309300,1.624200,2.157000
2000-10-16,0.851100,0.588400,92.090000,1.512200,1.285100,1.619400,2.146300
2000-10-17,0.849600,0.590800,91.730000,1.512300,1.292200,1.635700,2.158500
2000-10-18,0.852500,0.587300,92.270000,1.508600,1.294000,1.634500,2.154500
2000-10-19,0.841100,0.582600,90.930000,1.504000,1.272000,1.623600,2.145500
2000-10-20,0.845200,0.583200,92.060000,1.505800,1.277400,1.595800,2.092300
2000-10-23,0.837700,0.576000,91.000000,1.501400,1.267900,1.578800,2.085100
2000-10-24,0.838600,0.577000,90.760000,1.501600,1.267900,1.586200,2.077500
2000-10-25,0.830700,0.577100,89.800000,1.501500,1.264400,1.597800,2.080500
2000-10-26,0.825200,0.580700,89.300000,1.508800,1.249100,1.596300,2.068200
2000-10-27,0.832400,0.580400,90.530000,1.512400,1.266600,1.601000,2.083500
2000-10-30,0.848200,0.581200,92.210000,1.523500,1.299000,1.611500,2.094300
2000-10-31,0.841700,0.580900,91.880000,1.521000,1.288700,1.637700,2.135500
2000-11-01,0.855400,0.591200,92.830000,1.527900,1.303800,1.634100,2.148400
2000-11-02,0.864600,0.595600,93.630000,1.528800,1.326100,1.638000,2.160500
2000-11-03,0.873000,0.601300,93.630000,1.530000,1.335400,1.652000,2.175000
2000-11-06,0.866700,0.599500,92.860000,1.525200,1.328300,1.642500,2.163000
2000-11-07,0.858700,0.601000,92.130000,1.521400,1.312600,1.630000,2.162000
2000-11-08,0.855900,0.600600,92.220000,1.519800,1.315700,1.619500,2.146700
2000-11-09,0.853100,0.601700,91.550000,1.520900,1.315800,1.625600,2.146200
2000-11-10,0.867300,0.605900,93.420000,1.523300,1.343400,1.649200,2.176400
2000-11-13,0.862000,0.601600,92.820000,1.521500,1.333800,1.657600,2.184200
2000-11-14,0.858300,0.599500,92.600000,1.519400,1.322800,1.649700,2.160000
2000-11-15,0.859600,0.603100,93.220000,1.522800,1.331600,1.651600,2.157900
2000-11-16,0.856900,0.601800,93.290000,1.527200,1.329700,1.647800,2.150800
2000-11-17,0.853500,0.599900,92.950000,1.524400,1.328800,1.640200,2.130300
2000-11-20,0.848800,0.595500,92.700000,1.529100,1.321300,1.653500,2.144000
2000-11-21,0.847400,0.596800,93.280000,1.521600,1.319400,1.658700,2.154100
2000-11-22,0.842900,0.595900,92.460000,1.520400,1.306200,1.623600,2.115200
2000-11-23,0.842700,0.600000,92.900000,1.519100,1.302500,1.622100,2.113900
2000-11-24,0.843600,0.599400,93.780000,1.520500,1.303700,1.612800,2.104300
2000-11-27,0.840600,0.596600,93.440000,1.515200,1.293400,1.616000,2.105000
2000-11-28,0.856100,0.601900,94.540000,1.514800,1.309500,1.622600,2.092400
2000-11-29,0.865000,0.606900,95.010000,1.513400,1.327500,1.648800,2.134100
2000-11-30,0.868400,0.612800,96.440000,1.509500,1.337500,1.655100,2.138700
2000-12-01,0.873500,0.609500,97.750000,1.513400,1.336100,1.630200,2.105300
2000-12-04,0.890800,0.613700,98.600000,1.516600,1.381400,1.634000,2.103500
2000-12-05,0.881000,0.610100,97.520000,1.509500,1.357300,1.628800,2.090200
2000-12-06,0.882800,0.615200,97.760000,1.511600,1.362100,1.618200,2.074200
2000-12-07,0.894300,0.619200,98.900000,1.515200,1.364700,1.628200,2.084300
2000-12-08,0.889500,0.612800,98.750000,1.512800,1.358200,1.628500,2.082700
2000-12-11,0.880400,0.604900,97.530000,1.509100,1.337300,1.624900,2.079400
2000-12-12,0.878200,0.606400,97.890000,1.504000,1.341000,1.620000,2.070500
2000-12-13,0.874800,0.604000,98.400000,1.503600,1.337600,1.619200,2.077400
2000-12-14,0.883900,0.603000,99.550000,1.505500,1.342400,1.630600,2.091000
2000-12-15,0.898400,0.608800,100.930000,1.508600,1.362000,1.645900,2.095600
2000-12-18,0.896600,0.607400,100.540000,1.505500,1.368100,1.650900,2.095000
2000-12-19,0.890300,0.607200,99.960000,1.506400,1.358700,1.647000,2.079200
2000-12-20,0.905900,0.617300,102.050000,1.516200,1.380700,1.651000,2.081500
2000-12-21,0.914600,0.618000,102.370000,1.524400,1.392400,1.658000,2.083000
2000-12-22,0.924000,0.624200,103.780000,1.522000,1.405300,1.660900,2.103600
2000-12-27,0.931000,0.625400,106.080000,1.524300,1.406200,1.674100,2.108300
2000-12-28,0.928500,0.623800,106.400000,1.527600,1.402200,1.675000,2.103500
2000-12-29,0.930500,0.624100,106.920000,1.523200,1.396500,1.677000,2.112000
2001-01-02,0.942300,0.631500,108.260000,1.521800,1.411500,1.684500,2.136500
2001-01-03,0.953000,0.632500,108.880000,1.522000,1.426600,1.691500,2.127200
2001-01-04,0.945800,0.632600,108.250000,1.521700,1.414100,1.675500,2.126000
2001-01-05,0.954500,0.634900,111.220000,1.529000,1.434800,1.673400,2.113900
2001-01-08,0.949700,0.632800,110.550000,1.527100,1.421200,1.674500,2.108700
2001-01-09,0.940100,0.631400,108.780000,1.523200,1.406300,1.676700,2.113900
2001-01-10,0.941200,0.630800,109.330000,1.524300,1.408200,1.684700,2.099700
2001-01-11,0.952300,0.635000,111.750000,1.532400,1.425900,1.705000,2.115400
2001-01-12,0.954500,0.640800,112.350000,1.541000,1.424400,1.700300,2.115200
2001-01-15,0.942800,0.638800,111.920000,1.542700,1.417000,1.704800,2.123400
2001-01-16,0.941200,0.640700,111.270000,1.538500,1.414100,1.692800,2.110800
2001-01-17,0.939600,0.636600,110.600000,1.537400,1.416400,1.687500,2.098000
2001-01-18,0.940400,0.638500,111.280000,1.528300,1.419600,1.693000,2.105200
2001-01-19,0.940000,0.638000,110.660000,1.526800,1.418500,1.681700,2.096400
2001-01-22,0.929000,0.639000,108.280000,1.534000,1.402300,1.681600,2.082700
2001-01-23,0.940700,0.638800,110.220000,1.531600,1.415700,1.694500,2.100900
2001-01-24,0.929400,0.634100,109.790000,1.532300,1.405900,1.688900,2.092500
2001-01-25,0.914600,0.630400,107.150000,1.524700,1.386100,1.681700,2.108100
2001-01-26,0.922800,0.631500,107.690000,1.527800,1.387800,1.704300,2.121100
2001-01-29,0.919300,0.630400,107.150000,1.522800,1.382500,1.692500,2.111000
2001-01-30,0.919700,0.629800,107.380000,1.520400,1.380900,1.688200,2.109600
2001-01-31,0.929300,0.636700,107.870000,1.530200,1.395400,1.703400,2.111300
2001-02-01,0.940600,0.637100,108.700000,1.532700,1.407500,1.696200,2.103700
2001-02-02,0.940700,0.636400,108.430000,1.537700,1.404600,1.695900,2.089500
2001-02-05,0.942500,0.638700,108.780000,1.538300,1.410700,1.705700,2.132100
2001-02-06,0.932200,0.636600,107.050000,1.538500,1.408400,1.700500,2.110500
2001-02-07,0.932500,0.638400,108.360000,1.539200,1.409200,1.703000,2.106200
2001-02-08,0.922000,0.635500,106.970000,1.531200,1.391600,1.698000,2.101000
2001-02-09,0.922700,0.638200,108.300000,1.534800,1.393100,1.717000,2.108000
2001-02-12,0.928800,0.639800,109.220000,1.536900,1.406400,1.728500,2.127600
2001-02-13,0.927500,0.637600,108.590000,1.537200,1.414500,1.725200,2.125600
2001-02-14,0.917800,0.630600,106.610000,1.535500,1.396900,1.732600,2.127700
2001-02-15,0.909000,0.627900,105.510000,1.531500,1.390100,1.733200,2.139800
2001-02-16,0.911300,0.628400,104.880000,1.537000,1.399100,1.726300,2.126000
2001-02-19,0.921300,0.634400,106.710000,1.536200,1.420200,1.740500,2.135500
2001-02-20,0.907000,0.631400,104.860000,1.535100,1.392800,1.731600,2.124100
2001-02-21,0.914600,0.633500,106.690000,1.536100,1.409700,1.736200,2.132700
2001-02-22,0.905600,0.627000,105.330000,1.531700,1.391600,1.734100,2.119600
2001-02-23,0.906400,0.626500,105.700000,1.533400,1.393700,1.736000,2.109500
2001-02-26,0.910500,0.628300,106.070000,1.533700,1.396900,1.733800,2.095500
2001-02-27,0.916300,0.634900,106.410000,1.536800,1.401200,1.742800,2.112500
2001-02-28,0.924800,0.638700,108.450000,1.541600,1.415100,1.755700,2.141500
2001-03-01,0.926900,0.639200,108.720000,1.541100,1.427300,1.755400,2.142900
2001-03-02,0.936300,0.635600,111.550000,1.537900,1.448800,1.774500,2.145300
2001-03-05,0.930500,0.633000,111.140000,1.537600,1.436200,1.781200,2.153700
2001-03-06,0.927900,0.632300,109.890000,1.537300,1.431400,1.790300,2.164500
2001-03-07,0.930700,0.635800,111.380000,1.537200,1.439500,1.813700,2.191700
2001-03-08,0.931200,0.634400,111.380000,1.541800,1.445100,1.832100,2.216500
2001-03-09,0.935700,0.637400,111.710000,1.543100,1.446300,1.826800,2.205400
2001-03-12,0.927200,0.633600,111.440000,1.541300,1.435800,1.825300,2.213700
2001-03-13,0.920200,0.634100,110.270000,1.537400,1.428700,1.829300,2.210300
2001-03-14,0.918200,0.630400,110.060000,1.536100,1.420200,1.838600,2.204800
2001-03-15,0.906400,0.628500,110.530000,1.538700,1.413000,1.835300,2.204400
2001-03-16,0.894700,0.625100,109.850000,1.536700,1.400800,1.811200,2.178200
2001-03-19,0.899600,0.629200,109.830000,1.535400,1.409800,1.796000,2.137800
2001-03-20,0.902000,0.631300,110.640000,1.531800,1.412000,1.809700,2.165700
2001-03-21,0.899000,0.629300,111.250000,1.533800,1.413800,1.805700,2.159000
2001-03-22,0.888900,0.625700,110.250000,1.528300,1.397500,1.812600,2.154900
2001-03-23,0.892200,0.625800,109.690000,1.531900,1.397300,1.811700,2.151200
2001-03-26,0.893500,0.623100,110.080000,1.532800,1.395200,1.807500,2.182700
2001-03-27,0.895200,0.624000,110.160000,1.534700,1.396200,1.799500,2.168300
2001-03-28,0.886000,0.619400,107.810000,1.530400,1.393500,1.791900,2.158300
2001-03-29,0.884000,0.614800,108.960000,1.527800,1.388400,1.794100,2.151100
2001-03-30,0.883200,0.619200,110.740000,1.527100,1.390400,1.815800,2.196200
2001-04-02,0.877200,0.618000,110.830000,1.526400,1.380800,1.816500,2.201000
2001-04-03,0.884500,0.621200,111.360000,1.527200,1.397400,1.830400,2.209900
2001-04-04,0.903200,0.628900,113.520000,1.526400,1.420800,1.854900,2.231200
2001-04-05,0.902000,0.628200,112.040000,1.529100,1.420400,1.836000,2.226900
2001-04-06,0.894000,0.626500,111.380000,1.527600,1.407500,1.818900,2.217500
2001-04-09,0.901800,0.624300,112.800000,1.529300,1.409500,1.824800,2.230200
2001-04-10,0.894500,0.619900,111.340000,1.527500,1.394900,1.806300,2.229000
2001-04-11,0.884000,0.617900,109.800000,1.522400,1.376500,1.763500,2.185600
2001-04-12,0.884900,0.617300,109.000000,1.518400,1.379000,1.742500,2.178500
2001-04-17,0.879100,0.613100,108.750000,1.522500,1.372700,1.740400,2.172500
2001-04-18,0.877800,0.615600,107.820000,1.528500,1.377000,1.767600,2.180500
2001-04-19,0.882700,0.617200,107.490000,1.529000,1.373100,1.742200,2.176000
2001-04-20,0.898900,0.623500,110.180000,1.531100,1.389100,1.743700,2.188500
2001-04-23,0.900200,0.624600,109.710000,1.531100,1.391200,1.779400,2.198000
2001-04-24,0.897300,0.623600,109.140000,1.528200,1.389600,1.782300,2.204400
2001-04-25,0.894700,0.622700,109.550000,1.532000,1.380400,1.775000,2.186300
2001-04-26,0.901300,0.624600,110.360000,1.533400,1.392200,1.774700,2.190300
2001-04-27,0.902300,0.625400,112.010000,1.537800,1.392900,1.763100,2.182800
2001-04-30,0.887600,0.619500,109.670000,1.536600,1.370000,1.747600,2.163700
2001-05-02,0.890700,0.622500,108.810000,1.541600,1.364100,1.715800,2.110900
2001-05-03,0.890300,0.622200,108.240000,1.541900,1.365600,1.707800,2.111700
2001-05-04,0.893900,0.622600,108.190000,1.543400,1.368600,1.715700,2.114500
2001-05-07,0.891900,0.620000,108.200000,1.543200,1.368600,1.720000,2.115800
2001-05-08,0.886600,0.618500,108.210000,1.541900,1.367700,1.705100,2.100200
2001-05-09,0.882700,0.621300,107.500000,1.540100,1.360200,1.694800,2.087000
2001-05-10,0.885000,0.622300,108.170000,1.540400,1.362700,1.692300,2.087000
2001-05-11,0.877300,0.618100,107.350000,1.535300,1.352900,1.674200,2.062500
2001-05-14,0.874500,0.617200,107.620000,1.532700,1.358000,1.690700,2.089800
2001-05-15,0.876800,0.618500,108.350000,1.531900,1.362100,1.696200,2.102100
2001-05-16,0.883400,0.619300,109.260000,1.532900,1.366600,1.692200,2.106200
2001-05-17,0.881500,0.616500,108.580000,1.533000,1.354000,1.668800,2.071200
2001-05-18,0.877700,0.613700,108.350000,1.534100,1.348600,1.668700,2.059400
2001-05-21,0.875400,0.609000,107.790000,1.531600,1.343200,1.657500,2.050800
2001-05-22,0.868500,0.606900,106.960000,1.531700,1.336100,1.659300,2.045700
2001-05-23,0.858500,0.603700,104.010000,1.526900,1.326900,1.657500,2.032200
2001-05-24,0.860400,0.607700,103.150000,1.526900,1.334500,1.671300,2.052700
2001-05-25,0.859100,0.604500,103.540000,1.527200,1.324000,1.648500,2.030300
2001-05-28,0.858400,0.604800,103.980000,1.527200,1.325300,1.650500,2.023000
2001-05-29,0.855200,0.603200,102.880000,1.526000,1.316700,1.660800,2.028500
2001-05-30,0.855800,0.602400,102.770000,1.525200,1.319400,1.667300,2.046700
2001-05-31,0.848000,0.597300,101.000000,1.520600,1.314600,1.672700,2.062800
2001-06-01,0.847800,0.597800,100.620000,1.520900,1.300900,1.666000,2.060000
2001-06-04,0.851300,0.600400,101.900000,1.521800,1.304600,1.669500,2.064500
2001-06-05,0.846500,0.599800,101.440000,1.514200,1.300500,1.667500,2.059000
2001-06-06,0.854300,0.608700,103.130000,1.518100,1.304700,1.658900,2.058100
2001-06-07,0.846600,0.612400,101.700000,1.523600,1.287800,1.637500,2.051000
2001-06-08,0.846800,0.612800,102.140000,1.521900,1.286400,1.618700,2.026600
2001-06-11,0.849400,0.613600,103.390000,1.522800,1.288400,1.615700,2.023600
2001-06-12,0.847400,0.615200,103.160000,1.522200,1.291500,1.613700,2.023600
2001-06-13,0.854200,0.620300,104.280000,1.528000,1.301400,1.622100,2.031600
2001-06-14,0.849200,0.611400,103.520000,1.525400,1.292500,1.621200,2.046800
2001-06-15,0.866200,0.615000,104.740000,1.525500,1.324400,1.642600,2.070000
2001-06-18,0.858100,0.612400,105.710000,1.529200,1.312200,1.644400,2.073500
2001-06-19,0.856300,0.613200,105.430000,1.530000,1.312400,1.638000,2.067000
2001-06-20,0.851300,0.611000,105.000000,1.524800,1.307200,1.644000,2.062000
2001-06-21,0.855200,0.606400,106.120000,1.520400,1.307600,1.654000,2.073000
2001-06-22,0.852800,0.603700,105.980000,1.516800,1.300200,1.651000,2.063500
2001-06-25,0.860700,0.608200,106.710000,1.520200,1.309900,1.663000,2.085000
2001-06-26,0.861100,0.609000,106.710000,1.522200,1.308500,1.662100,2.064500
2001-06-27,0.862200,0.609100,107.050000,1.522300,1.303300,1.658700,2.063200
2001-06-28,0.851100,0.603500,106.150000,1.519300,1.295500,1.663500,2.066500
2001-06-29,0.848000,0.603100,105.370000,1.522800,1.292700,1.673500,2.104500
2001-07-02,0.845500,0.598000,105.160000,1.520900,1.280000,1.661200,2.084300
2001-07-03,0.849700,0.601900,105.430000,1.523600,1.284000,1.642300,2.078000
2001-07-04,0.845300,0.602600,105.160000,1.519400,1.277600,1.628200,2.078900
2001-07-05,0.842200,0.599000,105.740000,1.521600,1.272900,1.626800,2.082100
2001-07-06,0.838400,0.599600,105.650000,1.522000,1.269800,1.657800,2.086100
2001-07-09,0.845900,0.601400,106.190000,1.519600,1.284100,1.672400,2.094600
2001-07-10,0.854500,0.605200,107.280000,1.523800,1.298000,1.674000,2.098000
2001-07-11,0.861100,0.607800,107.210000,1.519400,1.310200,1.684200,2.110500
2001-07-12,0.853800,0.607100,106.160000,1.513800,1.302400,1.692700,2.112600
2001-07-13,0.853900,0.609100,106.120000,1.511800,1.309300,1.682100,2.099000
2001-07-16,0.858300,0.612600,107.450000,1.513500,1.320900,1.683000,2.105500
2001-07-17,0.851600,0.608800,106.650000,1.512100,1.308300,1.681100,2.099600
2001-07-18,0.863000,0.612700,107.800000,1.504000,1.324200,1.689400,2.111800
2001-07-19,0.872300,0.615000,107.700000,1.507000,1.343200,1.693100,2.106200
2001-07-20,0.877600,0.611800,108.360000,1.507800,1.353100,1.711100,2.123900
2001-07-23,0.867600,0.609700,107.620000,1.505500,1.340000,1.710300,2.118000
2001-07-24,0.870800,0.613900,108.070000,1.506400,1.340100,1.715200,2.122400
2001-07-25,0.879300,0.615700,108.900000,1.505400,1.350600,1.736300,2.137900
2001-07-26,0.876400,0.614600,108.580000,1.510700,1.346500,1.724000,2.123600
2001-07-27,0.876800,0.614100,108.650000,1.508100,1.342600,1.732300,2.132800
2001-07-30,0.875100,0.613600,109.450000,1.511400,1.340700,1.731400,2.126900
2001-07-31,0.875500,0.614300,109.300000,1.510200,1.338900,1.728200,2.130400
2001-08-01,0.881700,0.615600,109.850000,1.510600,1.355300,1.718800,2.131000
2001-08-02,0.878800,0.614500,109.020000,1.509400,1.351500,1.695100,2.100500
2001-08-03,0.880600,0.616400,109.050000,1.507600,1.351600,1.702000,2.111000
2001-08-06,0.880500,0.619000,109.080000,1.507600,1.346500,1.705500,2.106000
2001-08-07,0.876800,0.619500,108.740000,1.506000,1.339500,1.702000,2.097600
2001-08-08,0.876300,0.618700,107.940000,1.505900,1.344100,1.701000,2.082200
2001-08-09,0.885300,0.623400,109.160000,1.505700,1.358400,1.713500,2.083600
2001-08-10,0.893600,0.626900,109.310000,1.511700,1.379300,1.733200,2.100900
2001-08-13,0.899100,0.631200,109.330000,1.513900,1.383000,1.732900,2.098200
2001-08-14,0.896800,0.631200,110.040000,1.515500,1.380200,1.738000,2.102000
2001-08-15,0.911400,0.634400,109.620000,1.518400,1.395500,1.729100,2.097500
2001-08-16,0.914400,0.632800,109.660000,1.519300,1.396200,1.735800,2.094800
2001-08-17,0.913800,0.632700,110.340000,1.518300,1.405300,1.712000,2.087000
2001-08-20,0.914900,0.633000,110.180000,1.518700,1.414500,1.714500,2.086400
2001-08-21,0.912800,0.630400,109.400000,1.516600,1.410700,1.711000,2.087400
2001-08-22,0.921600,0.632600,110.390000,1.519900,1.427200,1.711400,2.074000
2001-08-23,0.911200,0.630600,109.650000,1.519400,1.407200,1.711800,2.071500
2001-08-24,0.910800,0.631700,109.560000,1.519300,1.404800,1.718000,2.080600
2001-08-27,0.909000,0.630700,109.180000,1.519400,1.400900,1.723100,2.076100
2001-08-28,0.904200,0.628100,108.750000,1.516600,1.395800,1.716200,2.074600
2001-08-29,0.912200,0.626900,108.940000,1.516800,1.405300,1.720200,2.068500
2001-08-30,0.909500,0.625700,108.950000,1.517100,1.404700,1.713900,2.070100
2001-08-31,0.915800,0.628500,108.650000,1.516500,1.414300,1.730500,2.077500
2001-09-03,0.907200,0.623500,107.920000,1.515600,1.407500,1.722500,2.076000
2001-09-04,0.897000,0.619700,107.100000,1.515100,1.389900,1.717000,2.069000
2001-09-05,0.889100,0.614800,106.930000,1.510100,1.387400,1.708000,2.061700
2001-09-06,0.885500,0.610900,107.360000,1.511500,1.378400,1.700200,2.048300
2001-09-07,0.895200,0.616100,108.320000,1.511800,1.394200,1.723200,2.067900
2001-09-10,0.904700,0.617200,109.050000,1.514500,1.417500,1.763400,2.102500
2001-09-11,0.896400,0.615600,109.300000,1.514600,1.398400,1.745300,2.101800
2001-09-12,0.905200,0.617600,108.150000,1.503000,1.415100,1.756800,2.121200
2001-09-13,0.906000,0.616900,107.880000,1.504000,1.415800,1.760700,2.134000
2001-09-14,0.921900,0.624700,108.330000,1.498400,1.448300,1.784400,2.186200
2001-09-17,0.926900,0.630400,108.610000,1.488000,1.455500,1.848000,2.253700
2001-09-18,0.925600,0.630400,108.500000,1.478800,1.453500,1.865200,2.256500
2001-09-19,0.925800,0.632300,108.840000,1.483500,1.455000,1.883700,2.258200
2001-09-20,0.925900,0.632000,108.150000,1.473500,1.452400,1.874800,2.250500
2001-09-21,0.920000,0.630100,107.180000,1.446400,1.438500,1.900000,2.282500
2001-09-24,0.916400,0.626600,107.470000,1.460200,1.437200,1.862600,2.255100
2001-09-25,0.917600,0.627500,107.530000,1.460000,1.438200,1.861000,2.250300
2001-09-26,0.921900,0.625500,108.620000,1.479500,1.447500,1.857500,2.254000
2001-09-27,0.920500,0.624400,109.750000,1.481100,1.447800,1.895000,2.292500
2001-09-28,0.913100,0.622000,109.020000,1.476100,1.441800,1.842000,2.239500
2001-10-01,0.912500,0.617400,109.200000,1.479900,1.440700,1.853600,2.246200
2001-10-02,0.918900,0.620800,110.730000,1.480300,1.443000,1.862200,2.267800
2001-10-03,0.920900,0.624500,111.540000,1.484400,1.443100,1.846300,2.259400
2001-10-04,0.911700,0.619200,109.950000,1.485600,1.428300,1.830600,2.229400
2001-10-05,0.917400,0.620400,110.310000,1.487400,1.438200,1.809300,2.202200
2001-10-08,0.921400,0.625100,110.350000,1.476200,1.440000,1.817000,2.214400
2001-10-09,0.919300,0.625700,110.610000,1.481400,1.433500,1.824700,2.218700
2001-10-10,0.913600,0.628600,109.630000,1.482600,1.430600,1.818900,2.204100
2001-10-11,0.906200,0.625200,109.550000,1.485200,1.419600,1.813300,2.196800
2001-10-12,0.904000,0.624800,109.650000,1.482500,1.411400,1.809000,2.184900
2001-10-15,0.909700,0.627300,109.800000,1.477600,1.420500,1.770200,2.160300
2001-10-16,0.905200,0.626200,110.050000,1.480900,1.411000,1.764100,2.157600
2001-10-17,0.902200,0.624100,109.750000,1.484000,1.412100,1.762800,2.150400
2001-10-18,0.902600,0.624900,109.230000,1.478000,1.421100,1.775000,2.164500
2001-10-19,0.900900,0.624900,109.100000,1.477700,1.420400,1.779300,2.166500
2001-10-22,0.896900,0.627000,109.180000,1.475400,1.413600,1.767200,2.154700
2001-10-23,0.888700,0.625800,109.030000,1.479100,1.400800,1.747000,2.132200
2001-10-24,0.891700,0.625700,109.480000,1.479800,1.403300,1.755000,2.130000
2001-10-25,0.888900,0.624000,109.560000,1.477900,1.399200,1.756300,2.141700
2001-10-26,0.891100,0.623400,109.250000,1.474600,1.402700,1.776700,2.160500
2001-10-29,0.900500,0.621000,109.940000,1.473800,1.419900,1.783300,2.171700
2001-10-30,0.906400,0.623200,110.420000,1.470300,1.428100,1.781600,2.176800
2001-10-31,0.904200,0.621300,110.370000,1.468200,1.434700,1.794200,2.193000
2001-11-01,0.909700,0.620600,110.720000,1.472500,1.448600,1.778100,2.182300
2001-11-02,0.905600,0.618300,110.050000,1.474100,1.446400,1.786400,2.186100
2001-11-05,0.896100,0.616200,109.300000,1.471300,1.427200,1.766500,2.159500
2001-11-06,0.896100,0.615200,108.460000,1.471500,1.428200,1.747000,2.134500
2001-11-07,0.901400,0.615500,108.980000,1.470400,1.435400,1.748500,2.147000
2001-11-08,0.897200,0.612800,108.250000,1.467900,1.432400,1.743400,2.141000
2001-11-09,0.893000,0.614400,107.470000,1.466700,1.427800,1.734700,2.132100
2001-11-12,0.891900,0.613550,107.660000,1.463400,1.429000,1.716600,2.111800
2001-11-13,0.884200,0.612500,107.140000,1.465500,1.411300,1.704000,2.093500
2001-11-14,0.880300,0.612600,107.200000,1.470100,1.400000,1.685500,2.081500
2001-11-15,0.882500,0.614900,107.910000,1.470900,1.404900,1.698900,2.103500
2001-11-16,0.884500,0.617500,108.460000,1.467400,1.407500,1.689300,2.114500
2001-11-19,0.879300,0.618600,108.480000,1.465100,1.392800,1.686800,2.115000
2001-11-20,0.882400,0.622700,108.470000,1.458000,1.404400,1.694100,2.125500
2001-11-21,0.879100,0.619400,108.020000,1.457300,1.405200,1.698200,2.133700
2001-11-22,0.877800,0.621100,108.660000,1.459400,1.404800,1.700600,2.143600
2001-11-23,0.879500,0.621900,109.100000,1.461700,1.405500,1.701000,2.141500
2001-11-26,0.881800,0.622000,109.330000,1.466300,1.410000,1.700700,2.133300
2001-11-27,0.878800,0.623600,108.990000,1.464100,1.400000,1.683000,2.114800
2001-11-28,0.883100,0.623500,108.940000,1.458600,1.403100,1.695000,2.133500
2001-11-29,0.888700,0.623600,109.230000,1.463500,1.406100,1.712500,2.147400
2001-11-30,0.889800,0.623800,110.060000,1.472400,1.405700,1.707300,2.133800
2001-12-03,0.892500,0.627500,110.210000,1.473200,1.405400,1.720300,2.153300
2001-12-04,0.890200,0.625900,110.500000,1.472600,1.400700,1.722700,2.152300
2001-12-05,0.891900,0.627000,110.840000,1.474700,1.403500,1.732300,2.155100
2001-12-06,0.888900,0.625550,110.720000,1.474100,1.397300,1.717600,2.136000
2001-12-07,0.891100,0.624100,111.500000,1.478700,1.405000,1.724500,2.142200
2001-12-10,0.885000,0.619800,111.820000,1.480600,1.396600,1.720900,2.133800
2001-12-11,0.890800,0.621000,112.300000,1.479200,1.406300,1.732500,2.137500
2001-12-12,0.893800,0.620700,112.600000,1.473900,1.400500,1.723500,2.124200
2001-12-13,0.897500,0.620900,113.290000,1.473000,1.406600,1.724100,2.139200
2001-12-14,0.901600,0.621700,115.050000,1.473700,1.414000,1.739800,2.158200
2001-12-17,0.904900,0.621300,115.680000,1.477200,1.412900,1.745800,2.163000
2001-12-18,0.901200,0.618900,115.260000,1.474400,1.414100,1.745200,2.158800
2001-12-19,0.898300,0.619700,114.680000,1.473400,1.416900,1.746500,2.156500
2001-12-20,0.897300,0.620300,115.050000,1.467500,1.415500,1.767700,2.175100
2001-12-21,0.894300,0.617600,115.880000,1.464200,1.414500,1.764900,2.162100
2001-12-24,0.879800,0.612700,114.230000,1.472100,1.404400,1.731900,2.117700
2001-12-27,0.882300,0.609000,115.900000,1.483500,1.413400,1.738400,2.134000
2001-12-28,0.881300,0.608500,115.330000,1.482900,1.407700,1.728000,2.121500
2002-01-02,0.903800,0.626200,119.530000,1.483300,1.443600,1.760300,2.146900
2002-01-03,0.903600,0.625400,119.020000,1.485600,1.442200,1.752000,2.127900
2002-01-04,0.895400,0.621700,117.180000,1.478900,1.430500,1.728000,2.091600
2002-01-07,0.890500,0.619400,116.720000,1.471900,1.421200,1.718000,2.083800
2002-01-08,0.890900,0.618200,118.220000,1.470300,1.426700,1.711000,2.077400
2002-01-09,0.892100,0.618750,118.050000,1.479100,1.423100,1.707000,2.081200
2002-01-10,0.890900,0.617200,117.960000,1.483300,1.425400,1.696800,2.074000
2002-01-11,0.891900,0.617900,117.820000,1.479500,1.429200,1.711900,2.103000
2002-01-14,0.892700,0.615700,117.640000,1.479100,1.425200,1.722900,2.107700
2002-01-15,0.892200,0.616500,116.970000,1.479100,1.420900,1.719600,2.110500
2002-01-16,0.881700,0.613500,115.830000,1.470500,1.402700,1.713600,2.101000
2002-01-17,0.881900,0.614400,116.470000,1.465900,1.423000,1.713700,2.094500
2002-01-18,0.881000,0.614100,117.080000,1.469800,1.421900,1.712900,2.084700
2002-01-21,0.884000,0.615600,117.240000,1.469200,1.429700,1.707200,2.068600
2002-01-22,0.883000,0.618400,118.530000,1.468600,1.420200,1.701500,2.058700
2002-01-23,0.885600,0.620300,118.720000,1.473700,1.423300,1.701300,2.065500
2002-01-24,0.876700,0.616900,117.950000,1.468700,1.403000,1.697600,2.062600
2002-01-25,0.866300,0.612600,116.350000,1.471600,1.393400,1.680500,2.043600
2002-01-28,0.857800,0.609600,114.910000,1.473600,1.383000,1.667900,2.036800
2002-01-29,0.862400,0.610600,114.940000,1.471700,1.369700,1.677000,2.041000
2002-01-30,0.864200,0.611000,114.690000,1.470900,1.371200,1.707400,2.083200
2002-01-31,0.863700,0.611100,114.730000,1.474800,1.367200,1.697600,2.072000
2002-02-01,0.863200,0.610000,115.660000,1.478100,1.370900,1.693300,2.068000
2002-02-04,0.864400,0.609700,115.220000,1.480500,1.374700,1.693000,2.064500
2002-02-05,0.868300,0.611500,115.680000,1.475100,1.388100,1.699300,2.077000
2002-02-06,0.866400,0.612200,115.550000,1.470300,1.387900,1.706700,2.080000
2002-02-07,0.866400,0.614900,115.740000,1.472200,1.390200,1.707000,2.086500
2002-02-08,0.874000,0.618300,117.460000,1.472200,1.395600,1.712500,2.092000
2002-02-11,0.879400,0.617600,117.760000,1.478100,1.401500,1.714100,2.087100
2002-02-12,0.875300,0.613600,116.950000,1.476600,1.393000,1.721000,2.094300
2002-02-13,0.873100,0.610200,115.650000,1.477600,1.392600,1.719000,2.090000
2002-02-14,0.869300,0.609300,114.910000,1.482800,1.381900,1.686400,2.067100
2002-02-15,0.870500,0.609500,115.610000,1.481300,1.385200,1.683300,2.066000
2002-02-18,0.871500,0.609800,115.680000,1.480400,1.386200,1.684000,2.062500
2002-02-19,0.869200,0.610100,116.300000,1.478600,1.381400,1.683000,2.068000
2002-02-20,0.874300,0.611400,116.900000,1.481200,1.390800,1.690300,2.079500
2002-02-21,0.870100,0.610500,116.790000,1.479300,1.382300,1.688300,2.081000
2002-02-22,0.874700,0.611700,117.070000,1.479600,1.391400,1.697500,2.085900
2002-02-25,0.872400,0.611400,116.660000,1.477200,1.393800,1.699500,2.091500
2002-02-26,0.868200,0.609200,116.380000,1.476100,1.393900,1.689100,2.077000
2002-02-27,0.864900,0.610000,116.600000,1.476700,1.389600,1.683200,2.067300
2002-02-28,0.865100,0.611150,116.070000,1.475900,1.388600,1.676100,2.057600
2002-03-01,0.867900,0.610300,115.690000,1.475900,1.388600,1.678300,2.057500
2002-03-04,0.864900,0.609700,114.400000,1.477900,1.376200,1.662000,2.031500
2002-03-05,0.868200,0.610900,114.460000,1.476600,1.379800,1.669200,2.042600
2002-03-06,0.871200,0.612500,114.860000,1.476700,1.383600,1.674300,2.046000
2002-03-07,0.876400,0.616500,112.960000,1.471900,1.385500,1.673000,2.036000
2002-03-08,0.879700,0.616200,112.500000,1.470800,1.394600,1.678500,2.046400
2002-03-11,0.874100,0.615300,112.520000,1.471600,1.387200,1.678500,2.047300
2002-03-12,0.873300,0.617700,112.400000,1.467800,1.383100,1.681000,2.045000
2002-03-13,0.873400,0.619200,113.020000,1.468100,1.385000,1.681000,2.039000
2002-03-14,0.880300,0.620900,113.250000,1.465500,1.405500,1.688000,2.050800
2002-03-15,0.885300,0.621300,114.120000,1.461700,1.409800,1.687900,2.037000
2002-03-18,0.879200,0.617400,115.310000,1.463300,1.395100,1.679300,2.021400
2002-03-19,0.882900,0.618100,115.970000,1.466100,1.396900,1.683700,2.033000
2002-03-20,0.881400,0.619600,115.720000,1.464200,1.390800,1.663800,2.004100
2002-03-21,0.881700,0.618000,116.560000,1.463300,1.395600,1.661900,2.002000
2002-03-22,0.879500,0.616900,116.760000,1.460200,1.385900,1.653600,1.998900
2002-03-25,0.875900,0.613500,116.660000,1.460800,1.387100,1.647700,1.994100
2002-03-26,0.873700,0.613800,116.320000,1.461400,1.392700,1.652900,1.999900
2002-03-27,0.874600,0.613900,115.920000,1.465600,1.389700,1.656900,2.006800
2002-03-28,0.872400,0.613000,115.510000,1.467000,1.392300,1.638200,1.982500
2002-04-02,0.878600,0.610900,117.200000,1.462500,1.405900,1.646400,1.989200
2002-04-03,0.880300,0.612100,116.870000,1.462700,1.401000,1.657200,2.008200
2002-04-04,0.881800,0.613900,116.680000,1.461700,1.402900,1.656700,1.997600
2002-04-05,0.878600,0.612500,115.980000,1.465800,1.399700,1.653100,1.999800
2002-04-08,0.877800,0.611800,115.610000,1.463700,1.395700,1.662600,2.022300
2002-04-09,0.876300,0.612300,115.290000,1.466500,1.398500,1.655000,2.009900
2002-04-10,0.879800,0.612300,114.740000,1.466600,1.402300,1.657600,2.009800
2002-04-11,0.879400,0.612700,115.800000,1.467400,1.397800,1.645100,1.992500
2002-04-12,0.880300,0.612500,116.280000,1.465600,1.398900,1.645500,1.990400
2002-04-15,0.880200,0.612400,115.790000,1.467400,1.396400,1.652500,1.996600
2002-04-16,0.880300,0.612600,115.730000,1.469500,1.397400,1.658200,2.006600
2002-04-17,0.888000,0.614800,115.970000,1.470700,1.401400,1.652400,1.996600
2002-04-18,0.889500,0.615400,116.090000,1.468500,1.398600,1.652800,1.999800
2002-04-19,0.888600,0.614400,115.920000,1.467300,1.399200,1.646400,1.985700
2002-04-22,0.888200,0.613800,115.360000,1.466700,1.397400,1.646400,1.988600
2002-04-23,0.887200,0.613200,115.420000,1.468400,1.395300,1.649200,1.990000
2002-04-24,0.889200,0.615000,115.430000,1.465600,1.395900,1.647500,1.991500
2002-04-25,0.896900,0.617800,115.270000,1.464700,1.403200,1.647100,1.989000
2002-04-26,0.897100,0.617700,115.220000,1.464400,1.403400,1.650700,1.996500
2002-04-29,0.903800,0.618600,115.690000,1.463700,1.413000,1.668900,2.012200
2002-04-30,0.900800,0.618800,115.660000,1.462100,1.412600,1.677200,2.016300
2002-05-02,0.903200,0.617900,115.510000,1.456400,1.412300,1.682400,2.021300
2002-05-03,0.908300,0.619200,115.550000,1.454800,1.416500,1.687600,2.028400
2002-05-06,0.914400,0.623000,116.340000,1.456300,1.431000,1.698200,2.042900
2002-05-07,0.912500,0.623000,116.970000,1.459200,1.432200,1.686700,2.036600
2002-05-08,0.908800,0.622700,116.860000,1.456300,1.423800,1.678000,2.016200
2002-05-09,0.906100,0.622100,116.600000,1.454700,1.422200,1.675300,2.012900
2002-05-10,0.911800,0.623900,116.600000,1.454700,1.423400,1.677000,2.016000
2002-05-13,0.911800,0.624400,116.420000,1.454300,1.419900,1.668600,2.002000
2002-05-14,0.906200,0.624000,116.170000,1.455400,1.412700,1.659600,1.989500
2002-05-15,0.903000,0.622800,115.830000,1.456200,1.408100,1.653300,1.977700
2002-05-16,0.912400,0.625300,116.300000,1.455900,1.418400,1.661000,1.982000
2002-05-17,0.915200,0.627900,115.650000,1.456800,1.418900,1.660500,1.976700
2002-05-20,0.920200,0.630200,115.590000,1.453800,1.418200,1.668400,1.976400
2002-05-21,0.921300,0.632100,115.020000,1.452500,1.416900,1.659100,1.973000
2002-05-22,0.926000,0.634000,115.150000,1.452600,1.425100,1.659800,1.960500
2002-05-23,0.921300,0.632300,115.280000,1.453700,1.416200,1.659800,1.963500
2002-05-24,0.918800,0.632700,114.940000,1.458000,1.415700,1.657800,1.963000
2002-05-27,0.919000,0.631800,114.830000,1.459000,1.411400,1.651600,1.941900
2002-05-28,0.925500,0.634400,115.310000,1.462700,1.418400,1.650300,1.944900
2002-05-29,0.932000,0.637300,115.870000,1.465800,1.424400,1.649400,1.954100
2002-05-30,0.937500,0.639500,115.760000,1.465700,1.438300,1.660000,1.965800
2002-05-31,0.938700,0.640500,116.390000,1.464400,1.438200,1.651400,1.944100
2002-06-03,0.931300,0.640200,115.670000,1.467300,1.428700,1.642400,1.930200
2002-06-04,0.943500,0.645000,116.440000,1.468200,1.441700,1.640000,1.915800
2002-06-05,0.937100,0.643000,116.550000,1.470400,1.437500,1.636000,1.919300
2002-06-06,0.938600,0.643800,117.130000,1.474400,1.436600,1.640100,1.916600
2002-06-07,0.945200,0.646500,117.560000,1.471000,1.447500,1.648200,1.926800
2002-06-10,0.945900,0.647300,117.930000,1.472500,1.452700,1.658300,1.936500
2002-06-11,0.941700,0.643000,118.140000,1.475200,1.451600,1.662300,1.935500
2002-06-12,0.945200,0.643100,118.730000,1.477400,1.454100,1.659400,1.925500
2002-06-13,0.941700,0.640400,118.240000,1.476200,1.449100,1.656800,1.924600
2002-06-14,0.947800,0.642000,117.750000,1.475200,1.464800,1.672000,1.944300
2002-06-17,0.942600,0.638600,117.100000,1.476500,1.459400,1.689900,1.954200
2002-06-18,0.948400,0.639300,118.130000,1.476200,1.463500,1.683600,1.943900
2002-06-19,0.956100,0.640800,118.370000,1.474000,1.474700,1.689100,1.960200
2002-06-20,0.959200,0.642200,118.680000,1.470000,1.473700,1.686000,1.959000
2002-06-21,0.963600,0.644400,117.920000,1.469300,1.472800,1.683100,1.948600
2002-06-24,0.978100,0.650100,118.620000,1.469400,1.483600,1.695200,1.960500
2002-06-25,0.971200,0.646400,118.200000,1.468800,1.477700,1.702600,1.986700
2002-06-26,0.991700,0.649100,118.540000,1.465800,1.499500,1.727000,1.996000
2002-06-27,0.982400,0.646000,118.070000,1.472200,1.484400,1.743000,2.009600
2002-06-28,0.997500,0.649800,118.200000,1.472100,1.500500,1.770200,2.039700
2002-07-01,0.991300,0.646900,118.720000,1.469900,1.504000,1.766700,2.040000
2002-07-02,0.983800,0.643200,118.510000,1.466300,1.503200,1.756300,2.021800
2002-07-03,0.978000,0.642100,117.440000,1.462000,1.494300,1.752600,2.008000
2002-07-04,0.979000,0.641400,117.460000,1.464600,1.499500,1.760800,2.015200
2002-07-05,0.972500,0.641200,116.980000,1.465900,1.487500,1.745000,2.005300
2002-07-08,0.982800,0.642200,116.800000,1.468800,1.497000,1.744500,2.005900
2002-07-09,0.993000,0.642500,117.320000,1.472100,1.511000,1.753600,2.018500
2002-07-10,0.989800,0.639600,116.700000,1.471900,1.503400,1.740500,2.011400
2002-07-11,0.983600,0.637900,115.430000,1.467300,1.500100,1.766000,2.047000
2002-07-12,0.987300,0.638200,115.620000,1.468100,1.506300,1.764700,2.042000
2002-07-15,1.002400,0.641300,116.220000,1.469400,1.537100,1.783900,2.051800
2002-07-16,1.012700,0.643800,117.180000,1.467500,1.557400,1.805400,2.080500
2002-07-17,1.006400,0.643200,117.390000,1.466000,1.551200,1.814300,2.085000
2002-07-18,1.005800,0.642800,117.700000,1.464200,1.550200,1.822500,2.090000
2002-07-19,1.014600,0.643000,117.740000,1.463500,1.556300,1.827100,2.092600
2002-07-22,1.008600,0.641100,117.330000,1.455900,1.559600,1.824300,2.082000
2002-07-23,0.991000,0.632900,116.370000,1.454900,1.562500,1.823000,2.076300
2002-07-24,0.991500,0.633100,115.720000,1.451700,1.574200,1.849400,2.140100
2002-07-25,1.001400,0.636000,116.800000,1.449400,1.571300,1.849500,2.145100
2002-07-26,1.000800,0.633700,117.550000,1.450200,1.572200,1.854800,2.155500
2002-07-29,0.982100,0.628500,117.420000,1.452900,1.552700,1.821300,2.107000
2002-07-30,0.983500,0.629400,117.640000,1.457900,1.545600,1.805500,2.086300
2002-07-31,0.978300,0.626100,117.420000,1.454600,1.542500,1.788500,2.078800
2002-08-01,0.976000,0.627400,116.940000,1.450500,1.546100,1.812100,2.107400
2002-08-02,0.987300,0.629500,117.620000,1.450400,1.568800,1.827700,2.121600
2002-08-05,0.983600,0.629700,117.100000,1.454300,1.560600,1.832700,2.129500
2002-08-06,0.968900,0.627900,117.120000,1.454600,1.548600,1.839100,2.150500
2002-08-07,0.969800,0.631100,116.890000,1.459000,1.531300,1.820600,2.141500
2002-08-08,0.968700,0.633500,116.920000,1.462100,1.522800,1.811300,2.129200
2002-08-09,0.972900,0.635500,117.170000,1.458800,1.529000,1.815300,2.125600
2002-08-12,0.978000,0.638600,116.530000,1.461800,1.536800,1.808300,2.110800
2002-08-13,0.979900,0.639100,116.540000,1.464400,1.543500,1.821700,2.124300
2002-08-14,0.985700,0.639400,114.900000,1.459600,1.542600,1.831200,2.133000
2002-08-15,0.977700,0.638100,114.820000,1.462600,1.525200,1.806900,2.105000
2002-08-16,0.982500,0.640300,115.370000,1.464500,1.531500,1.802000,2.113800
2002-08-19,0.979900,0.638000,116.150000,1.467300,1.524900,1.801800,2.099000
2002-08-20,0.979200,0.641600,116.300000,1.469400,1.538700,1.794000,2.087600
2002-08-21,0.976200,0.640600,115.810000,1.469200,1.530800,1.790000,2.084500
2002-08-22,0.977000,0.639500,116.240000,1.469100,1.522400,1.808700,2.105400
2002-08-23,0.969700,0.638400,116.300000,1.472400,1.510500,1.784000,2.074000
2002-08-26,0.970100,0.638200,116.130000,1.469900,1.509700,1.784500,2.075700
2002-08-27,0.977400,0.640000,115.460000,1.469700,1.515400,1.766600,2.072700
2002-08-28,0.982600,0.639400,116.020000,1.470600,1.528300,1.778200,2.082000
2002-08-29,0.984300,0.638300,116.040000,1.470200,1.534000,1.783000,2.098000
2002-08-30,0.983300,0.635200,116.350000,1.469400,1.531500,1.780000,2.097000
2002-09-02,0.982100,0.634300,116.080000,1.471400,1.530100,1.780300,2.089100
2002-09-03,0.991000,0.636300,116.230000,1.469800,1.539000,1.801600,2.105500
2002-09-04,0.994700,0.635400,117.050000,1.464600,1.544400,1.826200,2.133900
2002-09-05,0.997500,0.635400,117.340000,1.458200,1.569100,1.832000,2.137500
2002-09-06,0.991800,0.632550,117.320000,1.459000,1.555800,1.822200,2.116500
2002-09-09,0.979400,0.628700,116.790000,1.457600,1.529000,1.793500,2.090200
2002-09-10,0.976000,0.628100,116.440000,1.460300,1.531500,1.775000,2.071500
2002-09-11,0.974900,0.626400,116.930000,1.462400,1.538600,1.782600,2.076000
2002-09-12,0.975700,0.627400,117.170000,1.465600,1.542500,1.764600,2.053900
2002-09-13,0.981000,0.628600,117.940000,1.467900,1.552100,1.779300,2.063500
2002-09-16,0.968300,0.628000,118.300000,1.468400,1.531800,1.769200,2.060100
2002-09-17,0.964900,0.629700,118.640000,1.471700,1.521700,1.768300,2.060000
2002-09-18,0.972500,0.631600,118.500000,1.469000,1.543000,1.776400,2.066300
2002-09-19,0.981400,0.631400,118.850000,1.467800,1.541600,1.777800,2.064000
2002-09-20,0.979000,0.633300,120.660000,1.466200,1.540300,1.791900,2.077200
2002-09-23,0.983100,0.631900,121.040000,1.463600,1.547000,1.798200,2.086200
2002-09-24,0.982800,0.631100,121.020000,1.462600,1.561700,1.808700,2.090500
2002-09-25,0.977100,0.627100,119.990000,1.464500,1.549500,1.791300,2.073700
2002-09-26,0.979600,0.627400,120.220000,1.464400,1.546100,1.802100,2.094100
2002-09-27,0.977900,0.628200,119.810000,1.466600,1.540900,1.794800,2.074700
2002-09-30,0.986000,0.629500,119.670000,1.461100,1.556600,1.810100,2.093600
2002-10-01,0.986100,0.627700,120.670000,1.457400,1.563900,1.818500,2.099600
2002-10-02,0.983500,0.627900,120.940000,1.460400,1.555600,1.806700,2.073200
2002-10-03,0.989000,0.629600,121.470000,1.459700,1.573300,1.817900,2.078800
2002-10-04,0.986500,0.629000,121.110000,1.461800,1.566500,1.802400,2.065300
2002-10-07,0.980800,0.626500,121.840000,1.462100,1.560800,1.783200,2.026800
2002-10-08,0.980000,0.626600,121.730000,1.467100,1.559000,1.787800,2.032100
2002-10-09,0.981400,0.631800,121.890000,1.466600,1.566800,1.792500,2.046100
2002-10-10,0.987500,0.631700,122.080000,1.462600,1.571900,1.799800,2.057100
2002-10-11,0.985700,0.632100,122.530000,1.463600,1.564800,1.798100,2.051500
2002-10-14,0.987300,0.632200,122.570000,1.462200,1.564800,1.806300,2.061600
2002-10-15,0.981000,0.631000,122.560000,1.467200,1.553100,1.794800,2.046500
2002-10-16,0.982300,0.631800,121.860000,1.468100,1.559000,1.794700,2.048500
2002-10-17,0.976300,0.626650,121.340000,1.466900,1.539000,1.774000,2.027400
2002-10-18,0.973500,0.628300,121.830000,1.468200,1.530400,1.766500,2.021800
2002-10-21,0.974800,0.630000,121.530000,1.469300,1.530000,1.761600,2.019800
2002-10-22,0.976800,0.631500,122.320000,1.469300,1.527000,1.764300,2.020500
2002-10-23,0.977500,0.631300,121.170000,1.466200,1.533100,1.766800,2.015000
2002-10-24,0.973800,0.629500,121.080000,1.467500,1.522100,1.754300,2.000200
2002-10-25,0.976300,0.628600,121.210000,1.466300,1.527700,1.757200,2.005500
2002-10-28,0.974500,0.629900,121.530000,1.468000,1.523700,1.750100,1.996100
2002-10-29,0.982000,0.630700,121.210000,1.465700,1.532900,1.757900,2.012500
2002-10-30,0.982500,0.631700,120.650000,1.464900,1.536500,1.774100,2.031000
2002-10-31,0.986400,0.632600,121.040000,1.463300,1.544900,1.781300,2.040500
2002-11-01,0.997400,0.636800,121.580000,1.460600,1.553100,1.791500,2.036500
2002-11-04,0.994400,0.639000,121.850000,1.463300,1.548300,1.772600,2.009500
2002-11-05,1.002400,0.641300,121.950000,1.461300,1.560100,1.781500,2.015100
2002-11-06,0.995500,0.639400,121.840000,1.463300,1.550700,1.775600,2.009900
2002-11-07,1.001300,0.638400,121.980000,1.464100,1.553600,1.775800,2.012100
2002-11-08,1.010700,0.637500,121.950000,1.463300,1.575200,1.786100,2.029900
2002-11-11,1.012600,0.637000,120.900000,1.463200,1.590500,1.807500,2.050000
2002-11-12,1.008100,0.635800,120.610000,1.461600,1.584400,1.795200,2.041000
2002-11-13,1.006800,0.634300,120.800000,1.463200,1.589900,1.798300,2.034100
2002-11-14,1.009500,0.635500,120.850000,1.465100,1.591100,1.793500,2.020500
2002-11-15,1.002900,0.636200,121.050000,1.466400,1.586900,1.780500,2.007200
2002-11-18,1.006500,0.637400,121.980000,1.467600,1.593400,1.789600,2.024100
2002-11-19,1.012500,0.637300,122.750000,1.468100,1.610100,1.798800,2.032500
2002-11-20,1.001900,0.636400,122.670000,1.467500,1.586600,1.791500,2.022400
2002-11-21,1.003400,0.635600,122.750000,1.468700,1.585100,1.784500,1.993200
2002-11-22,1.002400,0.633500,122.880000,1.471800,1.583700,1.778800,1.991500
2002-11-25,0.990500,0.632600,121.840000,1.474600,1.559700,1.769200,1.985600
2002-11-26,0.991000,0.634500,120.920000,1.473600,1.557300,1.769800,1.988600
2002-11-27,0.992700,0.641300,120.570000,1.475700,1.562800,1.782900,2.012300
2002-11-28,0.993400,0.639500,121.370000,1.474600,1.563400,1.780600,2.009700
2002-11-29,0.992700,0.639500,121.560000,1.475400,1.558600,1.775500,1.999000
2002-12-02,0.987100,0.638200,123.140000,1.477400,1.536400,1.764900,1.975200
2002-12-03,0.996700,0.637400,124.080000,1.472100,1.551600,1.782700,1.997400
2002-12-04,1.001800,0.636700,124.750000,1.472100,1.560700,1.785400,2.001200
2002-12-05,0.999100,0.636400,125.180000,1.472700,1.557800,1.781300,1.993000
2002-12-06,1.000600,0.637700,125.020000,1.471700,1.559100,1.784700,1.997600
2002-12-09,1.009300,0.639300,123.650000,1.473700,1.575200,1.792700,2.005200
2002-12-10,1.011100,0.641600,124.660000,1.473600,1.576800,1.794600,2.000800
2002-12-11,1.006700,0.640600,124.180000,1.474000,1.569300,1.795500,2.004000
2002-12-12,1.015600,0.643700,124.550000,1.476800,1.577500,1.794200,1.996500
2002-12-13,1.022100,0.644500,124.460000,1.476800,1.589200,1.805000,1.994600
2002-12-16,1.021200,0.642600,123.640000,1.477000,1.595900,1.807000,1.991000
2002-12-17,1.030700,0.644500,124.400000,1.473200,1.604700,1.814000,1.986700
2002-12-18,1.024000,0.640300,124.350000,1.466300,1.588200,1.812000,1.987000
2002-12-19,1.027300,0.640300,123.870000,1.463500,1.596500,1.816500,1.990300
2002-12-20,1.025500,0.639900,123.790000,1.461900,1.589900,1.814500,1.987000
2002-12-23,1.028200,0.644600,123.350000,1.458000,1.596200,1.829000,1.993400
2002-12-24,1.029600,0.646700,123.780000,1.453800,1.597600,1.826200,1.994000
2002-12-27,1.037600,0.648000,124.450000,1.456700,1.627400,1.844600,2.001000
2002-12-30,1.042200,0.650000,124.270000,1.454800,1.638100,1.851500,2.001000
2002-12-31,1.048700,0.650500,124.390000,1.452400,1.655000,1.855600,1.997500
2003-01-02,1.044600,0.652000,124.400000,1.452800,1.642200,1.855400,1.994200
2003-01-03,1.039200,0.650000,124.560000,1.455500,1.626400,1.844000,1.982000
2003-01-06,1.048800,0.649500,124.400000,1.456300,1.638300,1.828100,1.973500
2003-01-07,1.042500,0.649600,124.820000,1.456500,1.625700,1.816000,1.963000
2003-01-08,1.037700,0.649500,124.900000,1.458600,1.623100,1.813200,1.961700
2003-01-09,1.050700,0.653000,125.160000,1.459700,1.637100,1.817200,1.968500
2003-01-10,1.050300,0.653400,125.720000,1.460200,1.628500,1.810700,1.961100
2003-01-13,1.054900,0.656800,125.740000,1.461300,1.624800,1.810900,1.960600
2003-01-14,1.057700,0.658300,125.040000,1.462300,1.630100,1.811500,1.961000
2003-01-15,1.052600,0.659200,124.470000,1.463600,1.623400,1.802400,1.962000
2003-01-16,1.056400,0.658500,124.740000,1.462600,1.620000,1.802800,1.946000
2003-01-17,1.065200,0.658200,125.340000,1.459800,1.630400,1.801200,1.931700
2003-01-20,1.065300,0.663500,125.960000,1.460800,1.636700,1.805600,1.936400
2003-01-21,1.065300,0.662600,126.500000,1.461400,1.636200,1.813400,1.946300
2003-01-22,1.071800,0.664500,126.510000,1.462200,1.640800,1.827300,1.969000
2003-01-23,1.075700,0.663800,126.990000,1.463500,1.640900,1.819000,1.961000
2003-01-24,1.078400,0.660600,127.400000,1.466600,1.644800,1.823500,1.965500
2003-01-27,1.087000,0.664700,127.920000,1.467300,1.650400,1.833800,1.978000
2003-01-28,1.080800,0.659700,128.080000,1.469200,1.650100,1.836700,1.979500
2003-01-29,1.086800,0.659900,128.490000,1.467800,1.654300,1.839500,1.977500
2003-01-30,1.074800,0.653400,128.230000,1.470200,1.641000,1.828500,1.965500
2003-01-31,1.081600,0.655700,129.170000,1.467800,1.656200,1.839700,1.982000
2003-02-03,1.072900,0.655300,129.270000,1.468400,1.630300,1.840500,1.979000
2003-02-04,1.082200,0.657100,129.950000,1.467300,1.641500,1.836100,1.973600
2003-02-05,1.091000,0.660700,130.300000,1.466600,1.652300,1.842500,1.981500
2003-02-06,1.081300,0.659200,129.620000,1.466600,1.648000,1.831200,1.974100
2003-02-07,1.078900,0.662800,129.490000,1.466700,1.643400,1.828100,1.970000
2003-02-10,1.080800,0.661400,130.230000,1.465800,1.645800,1.823000,1.958000
2003-02-11,1.070600,0.660600,130.040000,1.466900,1.636600,1.818000,1.952500
2003-02-12,1.073100,0.663800,129.960000,1.467400,1.640300,1.813000,1.945000
2003-02-13,1.075800,0.664400,130.380000,1.468800,1.641100,1.821600,1.956500
2003-02-14,1.079300,0.667700,130.040000,1.469200,1.639300,1.818600,1.954900
2003-02-17,1.071600,0.670400,128.830000,1.472500,1.631500,1.817800,1.950500
2003-02-18,1.071400,0.671300,127.320000,1.470100,1.632500,1.814000,1.945400
2003-02-19,1.071700,0.672700,127.560000,1.472200,1.622900,1.808000,1.940000
2003-02-20,1.076300,0.674450,127.840000,1.470700,1.621200,1.805900,1.940700
2003-02-21,1.083800,0.679000,128.700000,1.467300,1.631600,1.808100,1.934500
2003-02-24,1.072100,0.680000,126.350000,1.469200,1.605400,1.781000,1.901200
2003-02-25,1.077400,0.684000,126.220000,1.464900,1.605900,1.778900,1.903700
2003-02-26,1.075300,0.682200,126.210000,1.461200,1.608100,1.775700,1.908400
2003-02-27,1.082200,0.684200,126.450000,1.463000,1.612000,1.780200,1.913200
2003-02-28,1.078200,0.684200,127.320000,1.462900,1.608800,1.781600,1.931400
2003-03-03,1.080000,0.685300,127.420000,1.462100,1.602800,1.765300,1.930000
2003-03-04,1.091900,0.689900,128.380000,1.459500,1.620900,1.780800,1.941700
2003-03-05,1.096600,0.687600,128.770000,1.459000,1.615700,1.777800,1.945500
2003-03-06,1.096300,0.683100,128.730000,1.464000,1.613700,1.784000,1.941000
2003-03-07,1.103900,0.686700,128.680000,1.465300,1.617000,1.789800,1.949800
2003-03-10,1.104200,0.690500,128.710000,1.468600,1.616100,1.794800,1.964200
2003-03-11,1.108000,0.690800,129.340000,1.466400,1.620900,1.814300,1.986000
2003-03-12,1.102800,0.683500,129.210000,1.467400,1.624000,1.844600,2.005600
2003-03-13,1.086400,0.677100,128.600000,1.468900,1.611700,1.834600,1.988400
2003-03-14,1.077500,0.677700,127.700000,1.467700,1.603400,1.807500,1.965000
2003-03-17,1.080100,0.682700,127.160000,1.467100,1.587800,1.801100,1.952800
2003-03-18,1.058600,0.677400,126.060000,1.471400,1.570800,1.797300,1.943800
2003-03-19,1.057000,0.678700,126.080000,1.471300,1.567500,1.786300,1.921200
2003-03-20,1.059200,0.677000,127.470000,1.471400,1.569600,1.788000,1.915200
2003-03-21,1.057200,0.675700,127.820000,1.475600,1.565400,1.783100,1.919000
2003-03-24,1.063400,0.676300,128.280000,1.475000,1.580800,1.792800,1.929600
2003-03-25,1.069100,0.678400,128.220000,1.472000,1.576900,1.790800,1.931200
2003-03-26,1.066700,0.677900,128.190000,1.473900,1.566900,1.783000,1.941000
2003-03-27,1.072300,0.681100,128.390000,1.479300,1.571100,1.785200,1.951000
2003-03-28,1.073000,0.686500,128.890000,1.476600,1.573600,1.785300,1.949500
2003-03-31,1.089500,0.689600,129.180000,1.476400,1.603700,1.807600,1.972100
2003-04-01,1.089100,0.690800,128.800000,1.476800,1.599500,1.804800,1.969300
2003-04-02,1.083000,0.687700,128.720000,1.482700,1.601900,1.802300,1.968500
2003-04-03,1.070200,0.685300,127.850000,1.485400,1.577300,1.793600,1.958500
2003-04-04,1.072000,0.684400,128.700000,1.486500,1.582400,1.784200,1.970500
2003-04-07,1.058200,0.682800,127.820000,1.487300,1.575800,1.781200,1.979000
2003-04-08,1.066000,0.687200,127.900000,1.485900,1.576000,1.776800,1.960600
2003-04-09,1.074200,0.690200,128.860000,1.487800,1.577300,1.780700,1.966700
2003-04-10,1.080500,0.690000,129.180000,1.494800,1.581300,1.783700,1.973900
2003-04-11,1.073500,0.684200,129.130000,1.497400,1.561900,1.776500,1.971200
2003-04-14,1.073700,0.682700,129.680000,1.496600,1.565700,1.782600,1.970500
2003-04-15,1.078400,0.685700,129.790000,1.499900,1.569600,1.783100,1.970600
2003-04-16,1.083600,0.687700,130.390000,1.502100,1.568100,1.772400,1.944500
2003-04-17,1.092000,0.691700,130.290000,1.499800,1.588100,1.778900,1.967100
2003-04-22,1.097100,0.696100,131.370000,1.505800,1.590400,1.765900,1.956500
2003-04-23,1.094400,0.693500,131.630000,1.506800,1.584500,1.764600,1.960800
2003-04-24,1.100800,0.691500,132.030000,1.505500,1.611200,1.781900,1.987700
2003-04-25,1.097300,0.691400,132.730000,1.502100,1.599000,1.782000,1.982100
2003-04-28,1.102500,0.691400,132.540000,1.503900,1.595100,1.775900,1.977600
2003-04-29,1.095600,0.689100,131.910000,1.507500,1.592700,1.772600,1.973500
2003-04-30,1.113100,0.697000,132.980000,1.513100,1.603800,1.782200,1.990000
2003-05-02,1.123900,0.699800,133.400000,1.510400,1.592500,1.780200,1.999100
2003-05-05,1.121800,0.699600,133.460000,1.513400,1.592600,1.774600,1.989000
2003-05-06,1.134400,0.704400,133.920000,1.514400,1.595600,1.780100,1.997700
2003-05-07,1.142700,0.712100,133.620000,1.514000,1.588900,1.780500,1.995800
2003-05-08,1.143500,0.711900,132.780000,1.504600,1.598400,1.783900,1.995300
2003-05-09,1.146600,0.715600,134.760000,1.507400,1.604900,1.780600,1.991500
2003-05-12,1.159700,0.719700,135.050000,1.513300,1.610700,1.786800,1.996600
2003-05-13,1.151800,0.716500,134.410000,1.516500,1.601500,1.782000,1.999100
2003-05-14,1.149900,0.711800,134.250000,1.512900,1.597700,1.781000,2.002000
2003-05-15,1.145800,0.707200,132.850000,1.510300,1.575900,1.775600,1.997000
2003-05-16,1.149200,0.706500,133.530000,1.507400,1.576900,1.773600,1.987900
2003-05-19,1.165200,0.713200,135.930000,1.513500,1.584600,1.780800,1.996400
2003-05-20,1.164400,0.713000,136.360000,1.512300,1.577700,1.775600,1.994900
2003-05-21,1.168900,0.711600,136.950000,1.507700,1.578300,1.777500,2.000400
2003-05-22,1.172000,0.716300,137.100000,1.512400,1.590200,1.779500,2.014800
2003-05-23,1.179000,0.720100,137.870000,1.521600,1.627300,1.786000,2.017800
2003-05-26,1.181300,0.721000,138.530000,1.526200,1.627900,1.795300,2.024200
2003-05-27,1.190100,0.723500,138.930000,1.527900,1.636600,1.804100,2.033300
2003-05-28,1.173800,0.718400,138.860000,1.523700,1.624300,1.800800,2.037000
2003-05-29,1.175600,0.715800,139.530000,1.528800,1.629400,1.825600,2.054800
2003-05-30,1.182200,0.719600,140.310000,1.527700,1.621400,1.813600,2.049900
2003-06-02,1.167200,0.717500,138.650000,1.527700,1.605800,1.790600,2.027500
2003-06-03,1.172300,0.717300,139.450000,1.536400,1.603400,1.780600,2.022300
2003-06-04,1.169100,0.717200,138.600000,1.536600,1.586000,1.758200,2.007300
2003-06-05,1.177500,0.712100,139.280000,1.543700,1.593200,1.767800,2.038700
2003-06-06,1.181300,0.709300,139.280000,1.544400,1.597900,1.782200,2.045300
2003-06-09,1.172600,0.708300,138.620000,1.545400,1.601400,1.777500,2.034300
2003-06-10,1.169900,0.706500,138.220000,1.542200,1.590000,1.776800,2.033600
2003-06-11,1.174800,0.704700,138.400000,1.537800,1.593700,1.778000,2.033600
2003-06-12,1.173400,0.702150,138.140000,1.538400,1.588300,1.769600,2.030000
2003-06-13,1.175100,0.705300,138.440000,1.548700,1.582600,1.768000,2.031400
2003-06-16,1.185400,0.704600,139.430000,1.542900,1.582500,1.773000,2.032300
2003-06-17,1.179700,0.702000,139.340000,1.541000,1.586800,1.764000,2.020600
2003-06-18,1.169900,0.696500,138.690000,1.546300,1.572700,1.745900,2.002600
2003-06-19,1.165500,0.696500,138.520000,1.551800,1.576200,1.742500,1.996700
2003-06-20,1.165500,0.696600,137.940000,1.542900,1.566100,1.737000,1.990900
2003-06-23,1.153900,0.694700,136.190000,1.534300,1.575500,1.736800,1.970800
2003-06-24,1.156500,0.694000,136.330000,1.531700,1.567600,1.738100,1.972600
2003-06-25,1.155100,0.691500,135.680000,1.532300,1.562800,1.727100,1.970700
2003-06-26,1.143200,0.687000,135.780000,1.539400,1.547400,1.717400,1.961900
2003-06-27,1.141300,0.690100,136.760000,1.545200,1.544800,1.716600,1.964800
2003-06-30,1.142700,0.693200,137.320000,1.554400,1.550600,1.711600,1.956900
2003-07-01,1.154300,0.696050,138.200000,1.558200,1.554100,1.708100,1.942400
2003-07-02,1.153500,0.693700,137.360000,1.551600,1.559400,1.702000,1.945900
2003-07-03,1.145700,0.689600,135.730000,1.551700,1.539400,1.686300,1.929500
2003-07-04,1.146600,0.686750,135.400000,1.550000,1.534100,1.686300,1.925200
2003-07-07,1.136000,0.688550,134.120000,1.554600,1.530600,1.667500,1.898200
2003-07-08,1.132600,0.690700,133.780000,1.551600,1.536800,1.695000,1.909400
2003-07-09,1.135500,0.695800,134.100000,1.543200,1.548800,1.719300,1.923500
2003-07-10,1.134200,0.698100,133.510000,1.548900,1.572400,1.735700,1.941700
2003-07-11,1.131500,0.691850,133.250000,1.548500,1.557500,1.719400,1.918900
2003-07-14,1.129900,0.695000,132.930000,1.551400,1.557700,1.711600,1.914200
2003-07-15,1.131900,0.703250,132.810000,1.551500,1.558400,1.717000,1.927000
2003-07-16,1.113800,0.701300,131.930000,1.545700,1.554200,1.710200,1.922400
2003-07-17,1.123100,0.705100,133.290000,1.535900,1.563700,1.715200,1.920600
2003-07-18,1.120500,0.704450,133.490000,1.536600,1.575400,1.730300,1.948800
2003-07-21,1.128400,0.708900,133.840000,1.538000,1.588600,1.741600,1.969700
2003-07-22,1.134300,0.708300,135.180000,1.543400,1.595100,1.737200,1.966300
2003-07-23,1.140100,0.711000,135.670000,1.545000,1.612500,1.740000,1.971500
2003-07-24,1.146700,0.711600,136.500000,1.549400,1.601100,1.728200,1.955900
2003-07-25,1.147700,0.711000,136.460000,1.547900,1.599400,1.730800,1.956900
2003-07-28,1.148900,0.706800,137.230000,1.548100,1.590100,1.732200,1.952200
2003-07-29,1.146200,0.706200,137.260000,1.548400,1.587600,1.726000,1.944000
2003-07-30,1.142000,0.704400,136.970000,1.549400,1.592200,1.737300,1.952600
2003-07-31,1.131800,0.701900,135.720000,1.546400,1.586700,1.745500,1.952100
2003-08-01,1.116900,0.696200,134.630000,1.530300,1.570900,1.725800,1.929800
2003-08-04,1.130700,0.701500,136.280000,1.536700,1.582000,1.737400,1.933900
2003-08-05,1.133300,0.704500,136.490000,1.532100,1.595800,1.758000,1.956600
2003-08-06,1.139200,0.705000,136.950000,1.534400,1.594200,1.757200,1.964600
2003-08-07,1.135300,0.706350,136.110000,1.537200,1.592000,1.752700,1.964300
2003-08-08,1.132600,0.703350,134.830000,1.536700,1.581300,1.738400,1.945000
2003-08-11,1.129500,0.705450,133.860000,1.538300,1.572200,1.721400,1.928400
2003-08-12,1.131200,0.706500,134.040000,1.542600,1.565600,1.719500,1.926500
2003-08-13,1.127700,0.703200,134.250000,1.546200,1.561500,1.721700,1.925300
2003-08-14,1.127000,0.701200,134.760000,1.547400,1.557500,1.718000,1.918500
2003-08-15,1.124700,0.703750,134.000000,1.543800,1.565900,1.708900,1.910200
2003-08-18,1.118800,0.703300,133.930000,1.545400,1.554300,1.696500,1.898100
2003-08-19,1.106500,0.699100,132.320000,1.548300,1.547700,1.692500,1.895600
2003-08-20,1.110900,0.697400,131.460000,1.543000,1.551000,1.691100,1.890800
2003-08-21,1.100900,0.694400,129.760000,1.542400,1.547600,1.671600,1.869700
2003-08-22,1.089400,0.691900,128.370000,1.542200,1.537500,1.675800,1.873700
2003-08-25,1.088800,0.690900,127.850000,1.540000,1.527100,1.672300,1.862900
2003-08-26,1.081600,0.691800,127.060000,1.537000,1.516300,1.680900,1.882900
2003-08-27,1.090700,0.694300,128.620000,1.537200,1.526900,1.703900,1.908900
2003-08-28,1.082800,0.690350,127.110000,1.541500,1.522500,1.694100,1.899700
2003-08-29,1.092700,0.692600,127.260000,1.536900,1.526300,1.701200,1.901600
2003-09-01,1.096500,0.698100,127.580000,1.537000,1.511800,1.698100,1.901600
2003-09-02,1.084900,0.692100,126.940000,1.535900,1.507200,1.692000,1.901400
2003-09-03,1.078300,0.690000,125.400000,1.531800,1.505100,1.693800,1.907900
2003-09-04,1.081800,0.688700,126.390000,1.537900,1.496500,1.694300,1.905700
2003-09-05,1.092300,0.691900,127.640000,1.540500,1.500200,1.699300,1.912200
2003-09-08,1.107100,0.698500,129.410000,1.538300,1.519500,1.712900,1.921200
2003-09-09,1.113500,0.702500,129.570000,1.543700,1.525300,1.703800,1.920000
2003-09-10,1.117200,0.703000,130.510000,1.550100,1.528000,1.698200,1.918200
2003-09-11,1.121700,0.703600,131.330000,1.553200,1.534500,1.702500,1.928400
2003-09-12,1.117200,0.701000,130.790000,1.556100,1.532700,1.693400,1.924900
2003-09-15,1.128100,0.703800,132.540000,1.557400,1.543400,1.700400,1.928200
2003-09-16,1.123500,0.704800,130.640000,1.557500,1.536200,1.693700,1.917500
2003-09-17,1.121200,0.700200,130.580000,1.549300,1.533800,1.689400,1.918200
2003-09-18,1.129000,0.699000,130.150000,1.558300,1.541500,1.691000,1.934100
2003-09-19,1.131200,0.695100,129.920000,1.559700,1.534100,1.689700,1.921800
2003-09-22,1.146800,0.696800,128.360000,1.553500,1.538500,1.689500,1.919500
2003-09-23,1.146400,0.693600,127.930000,1.553300,1.549500,1.693000,1.927300
2003-09-24,1.146600,0.693000,127.810000,1.553300,1.555000,1.694000,1.924600
2003-09-25,1.149300,0.693350,128.350000,1.549500,1.551600,1.685200,1.920900
2003-09-26,1.148700,0.691650,128.770000,1.543300,1.555700,1.701800,1.949300
2003-09-29,1.141300,0.693100,127.360000,1.542500,1.554000,1.702300,1.942700
2003-09-30,1.165200,0.698600,128.800000,1.540400,1.571700,1.710100,1.953800
2003-10-01,1.167100,0.704700,129.640000,1.539600,1.573100,1.713400,1.958000
2003-10-02,1.169200,0.701500,129.680000,1.541100,1.579300,1.713100,1.957700
2003-10-03,1.168600,0.700200,129.290000,1.544000,1.566300,1.708100,1.957700
2003-10-06,1.157900,0.695200,128.660000,1.546800,1.558900,1.701300,1.947700
2003-10-07,1.176800,0.704550,129.920000,1.549400,1.572300,1.707100,1.969300
2003-10-08,1.178100,0.708300,129.360000,1.549200,1.567500,1.703800,1.970500
2003-10-09,1.178800,0.708700,128.630000,1.549800,1.570900,1.703900,1.959800
2003-10-10,1.178800,0.708450,127.850000,1.550000,1.567600,1.705600,1.965400
2003-10-13,1.168800,0.704350,126.820000,1.549300,1.545800,1.694800,1.954100
2003-10-14,1.163400,0.702000,127.790000,1.546700,1.547400,1.699600,1.958800
2003-10-15,1.166900,0.699050,127.710000,1.545500,1.549600,1.693600,1.965200
2003-10-16,1.161500,0.694700,127.450000,1.548700,1.538000,1.688200,1.951900
2003-10-17,1.157900,0.693600,127.200000,1.551400,1.528700,1.681300,1.945300
2003-10-20,1.162900,0.693850,128.210000,1.552400,1.533500,1.680500,1.952600
2003-10-21,1.162300,0.695800,128.070000,1.553400,1.537500,1.678400,1.944900
2003-10-22,1.169400,0.695000,128.140000,1.553600,1.538800,1.665000,1.937100
2003-10-23,1.178600,0.696500,129.320000,1.546700,1.539900,1.686400,1.939700
2003-10-24,1.178100,0.694800,129.020000,1.547100,1.541000,1.683000,1.936900
2003-10-27,1.174800,0.693500,127.370000,1.547600,1.537100,1.669400,1.927200
2003-10-28,1.167300,0.690400,126.690000,1.551600,1.535600,1.660200,1.909200
2003-10-29,1.168400,0.685800,126.210000,1.551200,1.531000,1.655700,1.904800
2003-10-30,1.173600,0.688250,126.970000,1.549500,1.533700,1.654900,1.909600
2003-10-31,1.162200,0.686300,126.720000,1.550600,1.530600,1.646400,1.902200
2003-11-03,1.158900,0.683650,127.710000,1.554500,1.539100,1.638100,1.892000
2003-11-04,1.146800,0.684000,126.470000,1.563000,1.532900,1.636900,1.878500
2003-11-05,1.147300,0.683850,125.700000,1.565200,1.527900,1.617100,1.859300
2003-11-06,1.144900,0.683000,125.900000,1.566200,1.525100,1.612000,1.856300
2003-11-07,1.142400,0.687100,125.820000,1.570200,1.520300,1.614700,1.858800
2003-11-10,1.148300,0.686600,124.800000,1.572900,1.510900,1.607900,1.852200
2003-11-11,1.149700,0.689600,125.030000,1.568900,1.510400,1.611100,1.838100
2003-11-12,1.160000,0.693000,126.420000,1.566800,1.516000,1.621000,1.852200
2003-11-13,1.168000,0.693800,126.690000,1.571700,1.519500,1.624400,1.857400
2003-11-14,1.176500,0.697000,127.420000,1.566800,1.529200,1.635500,1.864400
2003-11-17,1.180200,0.698300,128.560000,1.558000,1.538300,1.646700,1.873300
2003-11-18,1.177800,0.697050,128.170000,1.556800,1.542400,1.641200,1.865200
2003-11-19,1.191000,0.702100,129.820000,1.551800,1.550200,1.648400,1.875400
2003-11-20,1.190900,0.699400,129.660000,1.548100,1.551800,1.646300,1.851600
2003-11-21,1.189900,0.698300,129.370000,1.546300,1.554900,1.645000,1.851900
2003-11-24,1.182300,0.696050,128.930000,1.552700,1.546100,1.639300,1.849600
2003-11-25,1.176600,0.694150,129.410000,1.553500,1.548000,1.640700,1.849200
2003-11-26,1.182800,0.696800,129.670000,1.549900,1.546400,1.642200,1.854100
2003-11-27,1.190200,0.694700,129.990000,1.548900,1.556700,1.647700,1.863800
2003-11-28,1.199400,0.697100,131.240000,1.548400,1.555200,1.658300,1.871800
2003-12-01,1.201900,0.696500,131.410000,1.550400,1.562300,1.653500,1.870100
2003-12-02,1.197500,0.695850,130.860000,1.555200,1.563600,1.644400,1.860600
2003-12-03,1.210200,0.699900,131.250000,1.556900,1.569900,1.645800,1.862400
2003-12-04,1.207400,0.700450,130.670000,1.557900,1.578500,1.642100,1.868400
2003-12-05,1.208700,0.702100,130.790000,1.557700,1.577200,1.645500,1.877200
2003-12-08,1.221800,0.704300,131.400000,1.547900,1.590000,1.649500,1.886000
2003-12-09,1.225800,0.703350,131.450000,1.547300,1.591800,1.652400,1.890900
2003-12-10,1.223900,0.702400,132.330000,1.546200,1.604300,1.652800,1.886200
2003-12-11,1.218700,0.698000,131.870000,1.550900,1.609400,1.650800,1.887000
2003-12-12,1.225400,0.701250,132.140000,1.549800,1.605900,1.649300,1.889400
2003-12-15,1.223000,0.701300,132.090000,1.551600,1.613800,1.652500,1.891400
2003-12-16,1.233900,0.706200,132.740000,1.552900,1.627800,1.657000,1.893400
2003-12-17,1.233700,0.703000,132.760000,1.553900,1.641800,1.665500,1.904100
2003-12-18,1.240300,0.701550,133.380000,1.556300,1.649600,1.684000,1.926500
2003-12-19,1.241800,0.702900,133.630000,1.555200,1.658500,1.683500,1.924900
2003-12-22,1.243400,0.705400,133.530000,1.556500,1.658400,1.692000,1.933700
2003-12-23,1.239200,0.702500,133.190000,1.561100,1.644500,1.687800,1.928900
2003-12-24,1.240700,0.701750,133.120000,1.559000,1.634900,1.672700,1.918100
2003-12-29,1.249900,0.704000,133.680000,1.558700,1.631500,1.680100,1.924800
2003-12-30,1.249600,0.703600,133.720000,1.559400,1.638000,1.674200,1.913900
2003-12-31,1.263000,0.704800,135.050000,1.557900,1.623400,1.680200,1.924400
2004-01-02,1.259200,0.705450,134.720000,1.561500,1.628000,1.668300,1.918400
2004-01-05,1.265700,0.702600,134.530000,1.559400,1.624900,1.654100,1.891600
2004-01-06,1.275600,0.699800,135.460000,1.566600,1.633600,1.653900,1.893400
2004-01-07,1.267900,0.697800,134.630000,1.567600,1.631100,1.651000,1.890100
2004-01-08,1.263400,0.694550,134.110000,1.569700,1.628000,1.639600,1.878300
2004-01-09,1.273700,0.694400,136.180000,1.566700,1.628200,1.644300,1.873300
2004-01-12,1.282800,0.692500,136.570000,1.565000,1.632300,1.650100,1.880600
2004-01-13,1.274900,0.689700,135.640000,1.562300,1.625900,1.635700,1.861200
2004-01-14,1.269200,0.690150,134.700000,1.560100,1.615900,1.632000,1.861100
2004-01-15,1.263500,0.691600,134.090000,1.562600,1.631300,1.635900,1.870600
2004-01-16,1.249300,0.688400,132.470000,1.567000,1.618800,1.625700,1.867800
2004-01-19,1.237300,0.692800,132.430000,1.570100,1.610800,1.632300,1.876800
2004-01-20,1.253600,0.691300,134.430000,1.572000,1.620600,1.637400,1.884600
2004-01-21,1.260700,0.690000,134.860000,1.569100,1.631300,1.632800,1.874100
2004-01-22,1.271000,0.688800,135.270000,1.567300,1.648700,1.632800,1.876400
2004-01-23,1.269200,0.689100,134.480000,1.565900,1.666800,1.635000,1.876300
2004-01-26,1.257500,0.688800,133.430000,1.564500,1.650000,1.625400,1.868000
2004-01-27,1.251700,0.690850,132.510000,1.568100,1.641600,1.619700,1.859600
2004-01-28,1.256300,0.686850,133.050000,1.568800,1.652500,1.620900,1.860100
2004-01-29,1.246800,0.685000,132.130000,1.562100,1.654600,1.619800,1.851400
2004-01-30,1.238400,0.684600,131.060000,1.562600,1.652300,1.639600,1.862600
2004-02-02,1.246100,0.683400,131.570000,1.568700,1.660400,1.639000,1.844800
2004-02-03,1.258500,0.683600,132.820000,1.566200,1.674000,1.642000,1.851100
2004-02-04,1.252400,0.681900,132.040000,1.569300,1.681100,1.641300,1.844000
2004-02-05,1.258300,0.685400,132.730000,1.569900,1.678400,1.647100,1.834000
2004-02-06,1.252900,0.683150,133.540000,1.569400,1.676500,1.645800,1.828000
2004-02-09,1.271300,0.683800,134.430000,1.568800,1.686600,1.635600,1.828200
2004-02-10,1.276400,0.682100,134.510000,1.569000,1.689800,1.629600,1.822600
2004-02-11,1.268000,0.677900,133.840000,1.573800,1.689000,1.627600,1.823500
2004-02-12,1.280200,0.677400,135.040000,1.576500,1.691100,1.627900,1.833800
2004-02-13,1.281600,0.677800,135.040000,1.579000,1.690100,1.619400,1.821900
2004-02-16,1.274100,0.675800,134.390000,1.575400,1.680200,1.612400,1.804600
2004-02-17,1.285800,0.674700,135.750000,1.574700,1.686100,1.613900,1.817600
2004-02-18,1.282400,0.673600,135.650000,1.576800,1.686200,1.610800,1.816000
2004-02-19,1.272400,0.670800,135.850000,1.576300,1.685600,1.608100,1.810500
2004-02-20,1.266300,0.673400,136.510000,1.575800,1.689500,1.611700,1.823100
2004-02-23,1.257600,0.675500,136.120000,1.578600,1.684500,1.627200,1.837200
2004-02-24,1.259500,0.671200,136.480000,1.574500,1.682000,1.625900,1.834500
2004-02-25,1.262900,0.668200,137.240000,1.574000,1.680900,1.620700,1.823200
2004-02-26,1.244400,0.668300,136.400000,1.574000,1.666800,1.617300,1.808500
2004-02-27,1.241800,0.670000,135.630000,1.578000,1.675800,1.615900,1.816400
2004-03-01,1.248400,0.668300,136.280000,1.578300,1.670700,1.614800,1.816400
2004-03-02,1.240200,0.667000,135.980000,1.583800,1.661800,1.607100,1.798500
2004-03-03,1.214300,0.663300,133.810000,1.580700,1.644300,1.619200,1.815200
2004-03-04,1.214700,0.666300,134.430000,1.579300,1.629000,1.617800,1.812500
2004-03-05,1.219200,0.670400,135.500000,1.577800,1.627600,1.625000,1.822300
2004-03-08,1.235600,0.667800,138.600000,1.582200,1.636000,1.632200,1.829100
2004-03-09,1.236100,0.672100,137.700000,1.580100,1.639800,1.624200,1.816300
2004-03-10,1.229900,0.675600,136.360000,1.575800,1.626200,1.638400,1.844500
2004-03-11,1.225600,0.679200,135.580000,1.567000,1.621500,1.663000,1.889600
2004-03-12,1.223500,0.681400,136.150000,1.569200,1.630600,1.674800,1.896400
2004-03-15,1.227800,0.681800,136.020000,1.564500,1.635300,1.672700,1.904400
2004-03-16,1.235000,0.679200,135.000000,1.569200,1.643000,1.665600,1.896000
2004-03-17,1.225100,0.675600,132.750000,1.567000,1.636700,1.657600,1.890400
2004-03-18,1.226100,0.672150,131.220000,1.562500,1.641400,1.652200,1.882800
2004-03-19,1.234400,0.673500,132.000000,1.558700,1.642800,1.649900,1.884100
2004-03-22,1.235300,0.669450,132.170000,1.557400,1.640700,1.643000,1.865900
2004-03-23,1.227600,0.666400,131.170000,1.552400,1.636400,1.635500,1.861100
2004-03-24,1.219600,0.665300,129.760000,1.553300,1.630700,1.633700,1.872300
2004-03-25,1.213200,0.672500,128.720000,1.550500,1.628300,1.640400,1.875600
2004-03-26,1.217300,0.669850,128.590000,1.556000,1.610600,1.631400,1.870500
2004-03-29,1.211800,0.667400,128.130000,1.558300,1.598500,1.628500,1.867300
2004-03-30,1.218700,0.668100,128.990000,1.558600,1.592200,1.617900,1.854400
2004-03-31,1.222400,0.665900,126.970000,1.559400,1.597900,1.605200,1.836500
2004-04-01,1.232000,0.666600,127.820000,1.559500,1.615000,1.612500,1.852500
2004-04-02,1.231800,0.666300,128.360000,1.563700,1.610300,1.609500,1.850800
2004-04-05,1.205800,0.663600,126.340000,1.567300,1.584200,1.599500,1.851300
2004-04-06,1.209000,0.658200,128.240000,1.565700,1.579100,1.593100,1.844600
2004-04-07,1.210100,0.658600,127.940000,1.558300,1.582100,1.587100,1.836600
2004-04-08,1.209600,0.660100,128.370000,1.552100,1.600900,1.591500,1.841000
2004-04-13,1.197500,0.655600,126.920000,1.549500,1.601300,1.578100,1.827600
2004-04-14,1.192400,0.662100,128.440000,1.547900,1.596600,1.606500,1.858800
2004-04-15,1.191200,0.668000,129.390000,1.552000,1.600900,1.615600,1.874700
2004-04-16,1.193200,0.668400,129.490000,1.554100,1.608000,1.619100,1.875600
2004-04-19,1.204400,0.666350,129.920000,1.549200,1.621300,1.610600,1.867600
2004-04-20,1.192600,0.664250,128.610000,1.554800,1.613100,1.611900,1.873500
2004-04-21,1.183600,0.668200,129.790000,1.555100,1.610800,1.625400,1.902700
2004-04-22,1.187300,0.671400,130.080000,1.555100,1.613900,1.623800,1.899300
2004-04-23,1.188500,0.669850,129.550000,1.559800,1.610500,1.622600,1.889300
2004-04-26,1.185100,0.663650,128.930000,1.556600,1.604300,1.614400,1.882500
2004-04-27,1.188700,0.663800,130.470000,1.548800,1.606600,1.621200,1.892900
2004-04-28,1.190700,0.666500,130.170000,1.548700,1.615400,1.630400,1.898600
2004-04-29,1.182600,0.671300,130.860000,1.544600,1.623900,1.652500,1.918900
2004-04-30,1.194700,0.673700,131.870000,1.551100,1.638300,1.657700,1.915300
2004-05-03,1.195300,0.675000,131.510000,1.552400,1.640200,1.660600,1.916200
2004-05-04,1.206100,0.674600,132.530000,1.552200,1.649200,1.661100,1.915100
2004-05-05,1.212600,0.676900,131.930000,1.547400,1.671000,1.663800,1.914500
2004-05-06,1.211600,0.674600,132.640000,1.549400,1.668200,1.659500,1.911100
2004-05-07,1.207300,0.671900,133.540000,1.549200,1.660900,1.678200,1.918900
2004-05-10,1.184300,0.667800,134.430000,1.541700,1.648200,1.703500,1.948300
2004-05-11,1.180400,0.672000,134.320000,1.542600,1.641900,1.700900,1.952900
2004-05-12,1.185700,0.669700,134.180000,1.541100,1.647100,1.697600,1.937200
2004-05-13,1.182300,0.670300,135.140000,1.538300,1.644700,1.725500,1.973100
2004-05-14,1.180200,0.673900,135.520000,1.540000,1.647600,1.719900,1.964100
2004-05-17,1.202300,0.679600,136.680000,1.536000,1.663200,1.737000,1.983400
2004-05-18,1.198300,0.677400,136.430000,1.534600,1.673300,1.742300,1.988200
2004-05-19,1.198900,0.673200,135.290000,1.538200,1.658000,1.721700,1.974700
2004-05-20,1.192200,0.673300,134.870000,1.536500,1.643100,1.717900,1.966700
2004-05-21,1.203100,0.671700,134.780000,1.536900,1.647200,1.717800,1.968500
2004-05-24,1.196800,0.668300,134.620000,1.535100,1.639100,1.711500,1.962700
2004-05-25,1.206300,0.668200,136.050000,1.537900,1.649500,1.714300,1.965500
2004-05-26,1.210600,0.666400,135.070000,1.537800,1.651300,1.711000,1.950800
2004-05-27,1.216500,0.666200,135.590000,1.535500,1.663600,1.705500,1.933600
2004-05-28,1.224600,0.667300,135.770000,1.530400,1.668500,1.716400,1.941900
2004-05-31,1.219800,0.664750,133.240000,1.527600,1.661100,1.703200,1.929100
2004-06-01,1.223100,0.665800,134.040000,1.528000,1.670300,1.710900,1.932400
2004-06-02,1.227600,0.665000,135.640000,1.527600,1.674900,1.750400,1.961700
2004-06-03,1.222600,0.665500,136.190000,1.526000,1.661100,1.758500,1.956700
2004-06-04,1.220300,0.663850,135.780000,1.527300,1.660400,1.766700,1.964800
2004-06-07,1.231900,0.670250,135.360000,1.524200,1.659200,1.752100,1.956900
2004-06-08,1.229400,0.668400,135.080000,1.522900,1.652000,1.750700,1.956800
2004-06-09,1.215700,0.664600,132.570000,1.519700,1.639100,1.744200,1.945700
2004-06-10,1.205200,0.661400,131.840000,1.512600,1.638100,1.737400,1.912000
2004-06-11,1.200600,0.659350,132.190000,1.512000,1.642800,1.733400,1.908400
2004-06-14,1.200100,0.663700,133.450000,1.514500,1.637700,1.746900,1.921700
2004-06-15,1.205100,0.664450,134.010000,1.517900,1.660300,1.762800,1.933500
2004-06-16,1.205800,0.659400,132.630000,1.523900,1.656100,1.742900,1.908400
2004-06-17,1.204500,0.656050,131.800000,1.516000,1.654000,1.749900,1.911800
2004-06-18,1.204200,0.655950,131.420000,1.510400,1.651100,1.752300,1.921400
2004-06-21,1.211200,0.661150,131.190000,1.508500,1.653800,1.752600,1.926600
2004-06-22,1.209100,0.664000,131.170000,1.513300,1.646200,1.760800,1.931400
2004-06-23,1.208700,0.665100,131.600000,1.516700,1.642400,1.760900,1.930400
2004-06-24,1.212200,0.668100,130.320000,1.513000,1.633000,1.741200,1.922800
2004-06-25,1.213800,0.666600,130.840000,1.514600,1.634800,1.737900,1.910700
2004-06-28,1.220800,0.666600,131.590000,1.521100,1.644200,1.745700,1.913300
2004-06-29,1.216900,0.668200,131.830000,1.528000,1.635800,1.749700,1.913700
2004-06-30,1.215500,0.670750,132.400000,1.524200,1.634300,1.755400,1.921000
2004-07-01,1.216800,0.670100,131.640000,1.523200,1.617200,1.728300,1.901300
2004-07-02,1.214800,0.668700,132.640000,1.520800,1.619800,1.730300,1.900300
2004-07-05,1.228800,0.670500,133.980000,1.518200,1.627200,1.723200,1.897800
2004-07-06,1.230900,0.669300,134.380000,1.518800,1.625500,1.716900,1.884800
2004-07-07,1.235700,0.667600,133.960000,1.518500,1.631800,1.712700,1.886600
2004-07-08,1.234800,0.666800,134.580000,1.518900,1.634500,1.718900,1.889300
2004-07-09,1.237200,0.668350,134.240000,1.518800,1.630300,1.719600,1.891800
2004-07-12,1.239700,0.666700,134.120000,1.518300,1.632800,1.707200,1.883000
2004-07-13,1.237200,0.664700,133.970000,1.520600,1.634500,1.703400,1.875700
2004-07-14,1.238100,0.666200,134.800000,1.524800,1.634800,1.706900,1.890200
2004-07-15,1.237400,0.667700,134.980000,1.526400,1.638100,1.710200,1.903000
2004-07-16,1.235300,0.664500,135.370000,1.527100,1.633300,1.704700,1.895100
2004-07-19,1.241200,0.663600,134.260000,1.526400,1.627100,1.693400,1.880000
2004-07-20,1.238500,0.666850,134.310000,1.532000,1.623500,1.698700,1.888300
2004-07-21,1.229600,0.667300,134.080000,1.533700,1.622200,1.703000,1.893600
2004-07-22,1.226800,0.665300,134.260000,1.532900,1.619900,1.712000,1.907400
2004-07-23,1.219100,0.663200,134.060000,1.528900,1.608500,1.717500,1.913900
2004-07-26,1.216300,0.661050,133.220000,1.533100,1.603900,1.711400,1.906000
2004-07-27,1.216800,0.661000,133.620000,1.536700,1.615900,1.707900,1.904100
2004-07-28,1.203400,0.661650,134.150000,1.536000,1.607600,1.726600,1.924700
2004-07-29,1.202600,0.663000,135.000000,1.539300,1.602800,1.728300,1.905900
2004-07-30,1.203900,0.662550,134.190000,1.541400,1.592100,1.716500,1.891700
2004-08-02,1.205500,0.660050,134.090000,1.536100,1.601100,1.714600,1.888100
2004-08-03,1.202200,0.660700,133.230000,1.541300,1.604200,1.718300,1.883200
2004-08-04,1.198300,0.659600,133.720000,1.539400,1.584400,1.707900,1.862400
2004-08-05,1.204200,0.661200,134.130000,1.538300,1.586600,1.711200,1.868300
2004-08-06,1.206400,0.661900,134.620000,1.538000,1.592200,1.715800,1.870600
2004-08-09,1.224700,0.666050,135.770000,1.539200,1.611800,1.710700,1.873000
2004-08-10,1.227900,0.669200,136.080000,1.538900,1.617800,1.714900,1.875900
2004-08-11,1.223300,0.669000,135.840000,1.541600,1.617900,1.716700,1.875400
2004-08-12,1.225600,0.669500,135.860000,1.539700,1.623900,1.713100,1.862400
2004-08-13,1.221900,0.670100,136.500000,1.534700,1.626700,1.723100,1.862400
2004-08-16,1.233700,0.670200,136.660000,1.532500,1.617600,1.720700,1.856400
2004-08-17,1.233800,0.671300,136.450000,1.537000,1.610900,1.721100,1.855300
2004-08-18,1.233100,0.674850,135.560000,1.535000,1.611100,1.723500,1.856400
2004-08-19,1.235900,0.676550,135.360000,1.534900,1.611100,1.712400,1.852300
2004-08-20,1.229300,0.674300,134.760000,1.539800,1.597500,1.702700,1.836200
2004-08-23,1.225000,0.674400,134.190000,1.541000,1.592300,1.700600,1.830300
2004-08-24,1.213900,0.672500,133.020000,1.541000,1.583100,1.712100,1.852800
2004-08-25,1.208100,0.672700,133.190000,1.540300,1.582300,1.712200,1.862600
2004-08-26,1.210000,0.673200,133.040000,1.539800,1.582800,1.714100,1.853300
2004-08-27,1.208500,0.671800,132.360000,1.540100,1.579200,1.709400,1.842200
2004-08-30,1.204700,0.672600,132.370000,1.540900,1.584500,1.718700,1.849600
2004-08-31,1.211100,0.675500,133.050000,1.542800,1.595800,1.729800,1.859600
2004-09-01,1.216800,0.677750,133.090000,1.538600,1.596600,1.730500,1.856800
2004-09-02,1.217200,0.679100,133.050000,1.533800,1.588400,1.743700,1.868100
2004-09-03,1.217500,0.679900,132.960000,1.534000,1.580200,1.745000,1.862000
2004-09-06,1.207100,0.678200,132.880000,1.533700,1.567300,1.744600,1.863000
2004-09-07,1.207900,0.681150,132.540000,1.532500,1.564800,1.745300,1.868700
2004-09-08,1.203900,0.678800,132.010000,1.537900,1.556200,1.744700,1.876500
2004-09-09,1.219100,0.682800,133.710000,1.538400,1.570500,1.760700,1.861600
2004-09-10,1.221900,0.683200,134.610000,1.540100,1.578900,1.767300,1.872600
2004-09-13,1.223600,0.680100,134.910000,1.541700,1.581600,1.754500,1.861400
2004-09-14,1.223700,0.681350,134.460000,1.543900,1.592600,1.749000,1.853800
2004-09-15,1.223800,0.684800,134.190000,1.541700,1.588900,1.750200,1.851000
2004-09-16,1.215800,0.679800,133.240000,1.545700,1.572400,1.744900,1.849300
2004-09-17,1.221100,0.680100,134.320000,1.548000,1.585500,1.744100,1.844800
2004-09-20,1.213200,0.680400,133.210000,1.546800,1.576300,1.736000,1.837700
2004-09-21,1.227600,0.683350,134.570000,1.545200,1.585500,1.744200,1.850200
2004-09-22,1.224500,0.683450,135.370000,1.547700,1.575400,1.739400,1.850300
2004-09-23,1.231500,0.683750,136.340000,1.547700,1.579300,1.725800,1.845800
2004-09-24,1.230900,0.683150,136.170000,1.547300,1.574800,1.722000,1.843500
2004-09-27,1.225400,0.678700,136.300000,1.549300,1.564800,1.719000,1.842000
2004-09-28,1.233500,0.680100,137.400000,1.551000,1.567700,1.719000,1.842400
2004-09-29,1.232300,0.681800,136.620000,1.550900,1.566100,1.720200,1.840800
2004-09-30,1.240900,0.686800,137.170000,1.552400,1.574000,1.721200,1.841400
2004-10-01,1.241300,0.690950,136.850000,1.549500,1.566100,1.715100,1.844900
2004-10-04,1.230500,0.688550,136.540000,1.552000,1.560800,1.706400,1.840200
2004-10-05,1.230400,0.689600,136.510000,1.553200,1.560300,1.701400,1.827400
2004-10-06,1.228200,0.689500,136.450000,1.554300,1.551100,1.702600,1.829600
2004-10-07,1.230100,0.690550,136.840000,1.553500,1.544800,1.691700,1.820400
2004-10-08,1.231500,0.689100,136.050000,1.552900,1.547500,1.694400,1.819300
2004-10-11,1.239200,0.690300,135.320000,1.549600,1.553900,1.688100,1.817100
2004-10-12,1.231200,0.688900,135.220000,1.548900,1.547700,1.685800,1.815200
2004-10-13,1.226700,0.686250,134.910000,1.546000,1.553700,1.698600,1.823700
2004-10-14,1.237700,0.687600,135.410000,1.544900,1.553400,1.698700,1.820900
2004-10-15,1.241400,0.689450,135.660000,1.541400,1.563900,1.701600,1.813000
2004-10-18,1.247400,0.691850,136.510000,1.538200,1.565800,1.710300,1.812400
2004-10-19,1.250900,0.694300,135.810000,1.538500,1.575100,1.717500,1.821500
2004-10-20,1.259000,0.696300,136.430000,1.537400,1.572100,1.714000,1.821300
2004-10-21,1.260600,0.690050,135.730000,1.536500,1.571600,1.712500,1.822700
2004-10-22,1.260600,0.691000,135.640000,1.538400,1.568400,1.710600,1.822900
2004-10-25,1.279200,0.694550,136.300000,1.532600,1.562900,1.712700,1.822000
2004-10-26,1.278400,0.695550,136.510000,1.533300,1.563900,1.712300,1.830700
2004-10-27,1.279200,0.694550,136.370000,1.532100,1.562800,1.708000,1.831200
2004-10-28,1.271100,0.695700,135.200000,1.531600,1.560600,1.712700,1.864500
2004-10-29,1.273700,0.695650,135.130000,1.529900,1.554600,1.708800,1.866600
2004-11-01,1.274800,0.695800,135.530000,1.531800,1.556600,1.707900,1.862700
2004-11-02,1.270500,0.691600,135.170000,1.531700,1.555900,1.704600,1.855200
2004-11-03,1.275400,0.691900,135.860000,1.533100,1.557100,1.694100,1.854500
2004-11-04,1.287400,0.696600,136.640000,1.530400,1.550600,1.699200,1.863600
2004-11-05,1.285600,0.697750,136.510000,1.531600,1.550700,1.696700,1.861400
2004-11-08,1.291700,0.696950,136.560000,1.528600,1.544000,1.703100,1.859500
2004-11-09,1.291100,0.696250,136.570000,1.527300,1.539700,1.704900,1.864600
2004-11-10,1.297700,0.698700,137.440000,1.522200,1.548900,1.700500,1.885800
2004-11-11,1.289000,0.700200,137.650000,1.519100,1.540500,1.697400,1.878400
2004-11-12,1.292100,0.700600,136.930000,1.520500,1.539400,1.686100,1.865100
2004-11-15,1.295500,0.698900,136.480000,1.524100,1.549000,1.676700,1.848700
2004-11-16,1.297100,0.699550,136.640000,1.523800,1.550400,1.678000,1.848200
2004-11-17,1.302600,0.701350,135.970000,1.520300,1.550600,1.670900,1.844600
2004-11-18,1.302400,0.702500,135.540000,1.517100,1.565100,1.668500,1.836500
2004-11-19,1.302000,0.701200,134.970000,1.515300,1.566000,1.664500,1.834400
2004-11-22,1.303300,0.702550,134.470000,1.515700,1.551700,1.665700,1.836000
2004-11-23,1.308900,0.699500,134.810000,1.515000,1.550800,1.663000,1.837000
2004-11-24,1.314600,0.699850,135.260000,1.514300,1.553700,1.668700,1.848100
2004-11-25,1.321300,0.700600,135.750000,1.511300,1.557200,1.670300,1.846400
2004-11-26,1.323800,0.699700,136.390000,1.514600,1.563100,1.682100,1.850600
2004-11-29,1.324700,0.701000,136.240000,1.517000,1.567500,1.689000,1.850200
2004-11-30,1.329500,0.696600,136.540000,1.511400,1.578500,1.714700,1.855500
2004-12-01,1.329400,0.691550,136.830000,1.520000,1.584500,1.723600,1.860400
2004-12-02,1.331400,0.689050,136.780000,1.526800,1.573900,1.707100,1.846700
2004-12-03,1.330000,0.690100,137.050000,1.527300,1.592800,1.720400,1.857900
2004-12-06,1.343500,0.691800,137.470000,1.527200,1.607200,1.731000,1.859200
2004-12-07,1.345600,0.690600,138.300000,1.530500,1.607400,1.731900,1.862600
2004-12-08,1.330000,0.689500,138.630000,1.533000,1.630600,1.758600,1.882300
2004-12-09,1.330500,0.691900,139.170000,1.534400,1.627500,1.763900,1.879400
2004-12-10,1.319100,0.691200,139.590000,1.534900,1.622500,1.760900,1.875900
2004-12-13,1.326800,0.692250,139.010000,1.534800,1.627100,1.750500,1.867400
2004-12-14,1.331700,0.691500,139.700000,1.536800,1.637200,1.749400,1.866800
2004-12-15,1.338300,0.691150,139.510000,1.528200,1.647900,1.756100,1.870500
2004-12-16,1.340100,0.686300,138.930000,1.532000,1.643600,1.751600,1.862500
2004-12-17,1.326400,0.685850,138.370000,1.536700,1.635100,1.747900,1.858300
2004-12-20,1.337800,0.687400,139.440000,1.538200,1.642800,1.751600,1.867200
2004-12-21,1.339400,0.692300,139.850000,1.540300,1.642400,1.747600,1.877900
2004-12-22,1.338400,0.699050,139.180000,1.543600,1.647800,1.744200,1.873500
2004-12-23,1.345600,0.701300,139.880000,1.544300,1.665600,1.758000,1.887000
2004-12-24,1.354200,0.703300,140.260000,1.545800,1.663100,1.758700,1.890800
2004-12-27,1.352700,0.703600,140.340000,1.548400,1.662500,1.752600,1.886100
2004-12-28,1.363300,0.703150,140.490000,1.544100,1.656200,1.749500,1.884200
2004-12-29,1.360800,0.708300,140.760000,1.542600,1.657900,1.747700,1.889700
2004-12-30,1.360400,0.708800,141.030000,1.544000,1.648300,1.753900,1.901500
2004-12-31,1.362100,0.705050,139.650000,1.542900,1.641600,1.745900,1.887100
2005-01-03,1.350700,0.707250,138.840000,1.544400,1.627800,1.732900,1.887700
2005-01-04,1.336500,0.706200,138.490000,1.547700,1.625400,1.730000,1.885500
2005-01-05,1.322400,0.704850,138.090000,1.552800,1.626900,1.735400,1.896300
2005-01-06,1.318300,0.703900,138.300000,1.549800,1.622400,1.731400,1.890900
2005-01-07,1.320000,0.702800,138.060000,1.548800,1.622600,1.730100,1.881100
2005-01-10,1.310300,0.697800,136.830000,1.546900,1.604100,1.725600,1.886500
2005-01-11,1.314300,0.700100,136.700000,1.547000,1.599200,1.726000,1.885400
2005-01-12,1.313900,0.699900,135.470000,1.548800,1.599700,1.732600,1.887000
2005-01-13,1.323200,0.703000,135.710000,1.547900,1.591700,1.728300,1.875900
2005-01-14,1.309100,0.700600,134.320000,1.549100,1.585900,1.724200,1.873000
2005-01-17,1.308500,0.703100,133.520000,1.545000,1.588300,1.724300,1.872700
2005-01-18,1.306000,0.697800,134.080000,1.543300,1.596900,1.728500,1.876400
2005-01-19,1.308300,0.696550,133.980000,1.541600,1.597000,1.714500,1.860000
2005-01-20,1.293600,0.693300,133.220000,1.541400,1.593400,1.708000,1.843900
2005-01-21,1.296300,0.695300,134.600000,1.549100,1.593800,1.697900,1.830500
2005-01-24,1.306500,0.695600,134.340000,1.544100,1.593900,1.699500,1.829300
2005-01-25,1.302500,0.695600,134.850000,1.546000,1.599400,1.698800,1.831400
2005-01-26,1.300500,0.692700,134.470000,1.550500,1.610000,1.687900,1.820900
2005-01-27,1.302600,0.691900,134.780000,1.546800,1.613600,1.684700,1.826400
2005-01-28,1.303500,0.692550,134.690000,1.546100,1.616700,1.684700,1.831200
2005-01-31,1.303500,0.691200,134.960000,1.547300,1.616700,1.682600,1.830100
2005-02-01,1.302700,0.692550,135.160000,1.551600,1.615300,1.689600,1.834700
2005-02-02,1.306100,0.692300,135.300000,1.552800,1.612600,1.686400,1.833600
2005-02-03,1.300100,0.689400,135.540000,1.558300,1.612300,1.680000,1.825000
2005-02-04,1.295800,0.688300,134.710000,1.559100,1.610100,1.683500,1.821500
2005-02-07,1.284400,0.686700,133.980000,1.559300,1.608600,1.661400,1.813700
2005-02-08,1.276400,0.687600,134.850000,1.559100,1.601100,1.670800,1.826700
2005-02-09,1.276200,0.685800,134.850000,1.557500,1.594900,1.664700,1.820900
2005-02-10,1.277700,0.688250,135.960000,1.558800,1.601600,1.647700,1.811300
2005-02-11,1.285500,0.689700,136.110000,1.555100,1.598600,1.643800,1.807600
2005-02-14,1.296700,0.687300,136.200000,1.554500,1.596000,1.647100,1.809300
2005-02-15,1.301600,0.688500,136.420000,1.550700,1.605200,1.657400,1.819200
2005-02-16,1.304000,0.691350,137.000000,1.546900,1.607800,1.662600,1.823700
2005-02-17,1.304100,0.691200,137.800000,1.548500,1.610100,1.659700,1.821600
2005-02-18,1.303900,0.689100,137.630000,1.547500,1.605100,1.659000,1.812000
2005-02-21,1.305500,0.689100,137.760000,1.544700,1.607300,1.655800,1.797900
2005-02-22,1.319300,0.691300,137.420000,1.538000,1.620500,1.663900,1.806600
2005-02-23,1.320300,0.691700,138.450000,1.538900,1.627100,1.669500,1.821500
2005-02-24,1.326000,0.693950,139.070000,1.539100,1.651100,1.681600,1.830900
2005-02-25,1.316500,0.689750,138.740000,1.542600,1.635800,1.682400,1.828800
2005-02-28,1.325700,0.689750,138.040000,1.539200,1.634000,1.673000,1.817800
2005-03-01,1.321600,0.687900,137.900000,1.535700,1.630600,1.677100,1.820100
2005-03-02,1.310100,0.685900,137.430000,1.541300,1.628600,1.679200,1.807700
2005-03-03,1.314400,0.687800,137.830000,1.546100,1.634100,1.674600,1.804900
2005-03-04,1.311500,0.687600,138.330000,1.549100,1.631700,1.671500,1.803100
2005-03-07,1.319700,0.689600,138.880000,1.551800,1.626700,1.668200,1.798000
2005-03-08,1.324600,0.688900,138.940000,1.550900,1.624200,1.665500,1.796400
2005-03-09,1.334600,0.693850,139.180000,1.553500,1.614500,1.685500,1.818900
2005-03-10,1.340900,0.696450,139.620000,1.548400,1.611200,1.693800,1.814700
2005-03-11,1.341600,0.698650,139.670000,1.550000,1.617600,1.694400,1.817300
2005-03-14,1.337200,0.697400,140.120000,1.551600,1.615700,1.699500,1.814200
2005-03-15,1.338300,0.696200,139.740000,1.550300,1.611300,1.691100,1.806600
2005-03-16,1.337300,0.696000,139.330000,1.546200,1.609400,1.690600,1.806500
2005-03-17,1.337800,0.695900,139.720000,1.547100,1.614000,1.687600,1.801000
2005-03-18,1.327900,0.693450,139.280000,1.549500,1.602700,1.680200,1.795100
2005-03-21,1.319900,0.694100,139.090000,1.551600,1.600100,1.675100,1.786700
2005-03-22,1.317500,0.694100,138.450000,1.552300,1.587200,1.670900,1.785500
2005-03-23,1.305000,0.694600,137.700000,1.555700,1.583400,1.679000,1.801600
2005-03-24,1.298200,0.694400,138.100000,1.553800,1.580900,1.680300,1.821100
2005-03-29,1.292600,0.689950,138.610000,1.552200,1.568300,1.673600,1.820300
2005-03-30,1.294300,0.687700,139.130000,1.551300,1.568500,1.679000,1.826600
2005-03-31,1.296400,0.688500,138.440000,1.548600,1.573700,1.676300,1.823700
2005-04-01,1.295900,0.686650,139.070000,1.552700,1.573600,1.680300,1.823900
2005-04-04,1.288300,0.687000,139.180000,1.553500,1.569100,1.677700,1.821400
2005-04-05,1.281000,0.684100,139.160000,1.554100,1.568300,1.675800,1.818800
2005-04-06,1.286000,0.685050,139.750000,1.550800,1.570800,1.680400,1.809200
2005-04-07,1.292300,0.687400,139.840000,1.549700,1.574600,1.679800,1.805700
2005-04-08,1.281900,0.685900,139.460000,1.550500,1.574900,1.671700,1.797600
2005-04-11,1.297100,0.686400,139.760000,1.548900,1.592700,1.674500,1.800200
2005-04-12,1.298500,0.685400,139.970000,1.549400,1.602200,1.673800,1.798300
2005-04-13,1.292200,0.683350,138.710000,1.549900,1.597900,1.659800,1.785200
2005-04-14,1.282000,0.681350,138.640000,1.554700,1.595600,1.659800,1.771900
2005-04-15,1.286800,0.682000,139.080000,1.553200,1.600000,1.671700,1.799400
2005-04-18,1.296700,0.683200,139.600000,1.547600,1.619300,1.690000,1.811900
2005-04-19,1.299600,0.680700,139.540000,1.545000,1.620900,1.694700,1.808600
2005-04-20,1.304900,0.681300,139.500000,1.544000,1.616200,1.684000,1.798700
2005-04-21,1.305800,0.684750,140.270000,1.542700,1.622600,1.687200,1.797600
2005-04-22,1.307700,0.682850,138.960000,1.543500,1.614800,1.677300,1.791100
2005-04-25,1.296600,0.678650,137.310000,1.544100,1.608200,1.663700,1.774600
2005-04-26,1.298100,0.681150,137.540000,1.541800,1.611200,1.666100,1.783100
2005-04-27,1.292000,0.679600,137.350000,1.543400,1.612100,1.665400,1.791700
2005-04-28,1.290500,0.677300,136.630000,1.539700,1.617200,1.659100,1.775600
2005-04-29,1.295700,0.677500,136.240000,1.537400,1.619100,1.656500,1.766900
2005-05-02,1.286300,0.676250,135.540000,1.540200,1.618900,1.648100,1.762100
2005-05-03,1.285600,0.679950,135.230000,1.543800,1.615300,1.662500,1.773100
2005-05-04,1.295300,0.681750,135.210000,1.541000,1.617600,1.665200,1.771200
2005-05-05,1.295400,0.680700,135.280000,1.545700,1.615800,1.658900,1.763500
2005-05-06,1.294700,0.682050,135.710000,1.548500,1.605800,1.662200,1.761200
2005-05-09,1.282400,0.681500,135.460000,1.547600,1.587600,1.658800,1.755200
2005-05-10,1.285400,0.682800,135.860000,1.546700,1.591800,1.661500,1.759600
2005-05-11,1.288200,0.684100,135.700000,1.544300,1.600100,1.654300,1.757000
2005-05-12,1.277100,0.683300,135.660000,1.546100,1.595500,1.656500,1.767500
2005-05-13,1.263500,0.680150,135.200000,1.544900,1.584000,1.658100,1.771200
2005-05-16,1.261600,0.686900,135.630000,1.544500,1.601600,1.669800,1.785700
2005-05-17,1.263600,0.687350,135.520000,1.543000,1.604900,1.670100,1.782300
2005-05-18,1.262100,0.688350,135.440000,1.542600,1.597600,1.669000,1.782100
2005-05-19,1.264200,0.687200,135.620000,1.543300,1.595200,1.666900,1.776500
2005-05-20,1.260700,0.687150,135.980000,1.548300,1.589000,1.663600,1.776100
2005-05-23,1.254800,0.686300,135.450000,1.546700,1.584800,1.659900,1.772900
2005-05-24,1.261700,0.687650,135.390000,1.546700,1.589300,1.652700,1.766200
2005-05-25,1.256400,0.687850,135.330000,1.545800,1.583100,1.652800,1.764800
2005-05-26,1.252300,0.687400,135.580000,1.547200,1.588600,1.647300,1.759500
2005-05-27,1.255100,0.687100,135.270000,1.547900,1.584500,1.647500,1.759000
2005-05-30,1.247200,0.684950,134.680000,1.544700,1.567900,1.638600,1.751200
2005-05-31,1.233100,0.677100,133.470000,1.537200,1.553100,1.630900,1.745400
2005-06-01,1.222800,0.675450,132.840000,1.531000,1.534100,1.634700,1.751100
2005-06-02,1.226300,0.675350,132.720000,1.534800,1.530000,1.630500,1.752800
2005-06-03,1.228900,0.675700,132.570000,1.535900,1.531100,1.624100,1.749800
2005-06-06,1.227200,0.674800,131.440000,1.531900,1.528400,1.610400,1.737200
2005-06-07,1.228500,0.671550,131.130000,1.530300,1.528600,1.601000,1.722000
2005-06-08,1.232400,0.670950,131.690000,1.533600,1.535100,1.601300,1.722100
2005-06-09,1.223900,0.671300,131.370000,1.534300,1.534700,1.594600,1.716500
2005-06-10,1.222900,0.670400,131.420000,1.534800,1.532400,1.595200,1.719400
2005-06-13,1.206200,0.668300,131.740000,1.537900,1.516500,1.586000,1.713200
2005-06-14,1.211000,0.669500,132.330000,1.539700,1.521800,1.583000,1.707800
2005-06-15,1.206900,0.666700,132.060000,1.538800,1.505700,1.575700,1.698600
2005-06-16,1.211500,0.664650,132.260000,1.539500,1.498400,1.573800,1.698800
2005-06-17,1.217700,0.667800,132.470000,1.544100,1.507700,1.567000,1.699100
2005-06-20,1.221000,0.668550,133.090000,1.544600,1.503100,1.569500,1.700300
2005-06-21,1.209200,0.664500,132.200000,1.542500,1.497100,1.561700,1.694500
2005-06-22,1.211100,0.665150,131.790000,1.541900,1.493100,1.560100,1.694800
2005-06-23,1.206600,0.662400,130.880000,1.539100,1.491600,1.559300,1.702000
2005-06-24,1.208200,0.663000,131.920000,1.541200,1.484000,1.564700,1.705600
2005-06-27,1.216400,0.665100,132.910000,1.542900,1.502400,1.581500,1.715800
2005-06-28,1.209500,0.664600,132.940000,1.544500,1.491900,1.579000,1.723800
2005-06-29,1.205400,0.666900,133.030000,1.547100,1.486400,1.582800,1.721900
2005-06-30,1.209200,0.674200,133.950000,1.549900,1.490000,1.588500,1.738700
2005-07-01,1.208700,0.679000,134.240000,1.551900,1.486700,1.596000,1.752600
2005-07-04,1.189400,0.676450,132.670000,1.548400,1.478400,1.587600,1.753600
2005-07-05,1.188300,0.677350,133.030000,1.552100,1.474700,1.603900,1.762800
2005-07-06,1.191300,0.678500,133.230000,1.554500,1.480300,1.605000,1.762900
2005-07-07,1.195700,0.685100,133.530000,1.547200,1.476000,1.609400,1.766900
2005-07-08,1.190400,0.686300,133.840000,1.553000,1.460700,1.608900,1.772500
2005-07-11,1.200600,0.688000,134.400000,1.555400,1.458400,1.612900,1.776000
2005-07-12,1.216600,0.688150,135.330000,1.556300,1.474200,1.614300,1.779700
2005-07-13,1.218400,0.689900,135.670000,1.558800,1.466800,1.617600,1.796300
2005-07-14,1.206700,0.686450,135.240000,1.558100,1.453800,1.606200,1.787500
2005-07-15,1.207300,0.686200,135.350000,1.559400,1.465100,1.608700,1.790700
2005-07-18,1.205400,0.689950,135.290000,1.560100,1.469000,1.610800,1.790400
2005-07-19,1.196500,0.687850,135.070000,1.563400,1.461700,1.598500,1.774500
2005-07-20,1.206300,0.694300,136.350000,1.563200,1.466800,1.600200,1.781500
2005-07-21,1.218700,0.696000,135.210000,1.560300,1.478200,1.594200,1.779100
2005-07-22,1.214300,0.695100,134.980000,1.563500,1.477900,1.585900,1.769700
2005-07-25,1.206500,0.694400,134.870000,1.563500,1.471100,1.585700,1.770000
2005-07-26,1.198700,0.689550,134.560000,1.560300,1.469000,1.581400,1.757700
2005-07-27,1.199000,0.690300,134.920000,1.561800,1.484600,1.588900,1.767200
2005-07-28,1.210000,0.690700,136.000000,1.562500,1.494000,1.597600,1.776200
2005-07-29,1.209300,0.689300,135.910000,1.560700,1.485600,1.590400,1.769700
2005-08-01,1.221900,0.691400,136.670000,1.559100,1.487400,1.605700,1.782900
2005-08-02,1.221700,0.689300,136.070000,1.556600,1.480300,1.597900,1.775900
2005-08-03,1.230800,0.691100,136.810000,1.558500,1.490200,1.600100,1.783600
2005-08-04,1.231900,0.693850,137.330000,1.557100,1.498400,1.599000,1.787900
2005-08-05,1.238600,0.695600,138.130000,1.559300,1.510000,1.606900,1.787900
2005-08-08,1.237000,0.691600,138.130000,1.559500,1.499600,1.614500,1.783400
2005-08-09,1.236700,0.692900,138.640000,1.556000,1.501500,1.624600,1.789900
2005-08-10,1.237700,0.690350,137.400000,1.556600,1.500000,1.620700,1.782300
2005-08-11,1.240500,0.688250,136.940000,1.553700,1.497600,1.610300,1.768700
2005-08-12,1.245700,0.686750,136.320000,1.553300,1.493500,1.610500,1.761600
2005-08-15,1.237400,0.683600,135.540000,1.551300,1.480100,1.603600,1.749900
2005-08-16,1.231300,0.681450,134.630000,1.551800,1.481200,1.604000,1.748900
2005-08-17,1.229600,0.679300,134.850000,1.548600,1.477300,1.610300,1.751800
2005-08-18,1.221300,0.677550,134.820000,1.546300,1.484600,1.616900,1.751300
2005-08-19,1.218300,0.678400,134.510000,1.548800,1.483100,1.619900,1.755300
2005-08-22,1.223100,0.678150,133.930000,1.551300,1.476500,1.617700,1.753700
2005-08-23,1.223300,0.680200,134.610000,1.553400,1.467500,1.619400,1.754600
2005-08-24,1.221100,0.680350,134.770000,1.554500,1.461300,1.618000,1.751200
2005-08-25,1.227200,0.682000,135.020000,1.547800,1.462100,1.617300,1.757500
2005-08-26,1.230700,0.681850,134.930000,1.546700,1.470900,1.620900,1.762200
2005-08-29,1.228900,0.681600,135.730000,1.545300,1.463400,1.629200,1.766900
2005-08-30,1.218100,0.682750,135.810000,1.551200,1.462800,1.629900,1.770600
2005-08-31,1.219800,0.682900,136.060000,1.548500,1.455200,1.634300,1.774400
2005-09-01,1.238800,0.683350,136.950000,1.546300,1.470800,1.637400,1.774700
2005-09-02,1.254100,0.681800,137.660000,1.543700,1.488500,1.641100,1.775500
2005-09-05,1.253800,0.678550,136.690000,1.542900,1.486800,1.632900,1.766000
2005-09-06,1.248300,0.676700,136.750000,1.543600,1.486500,1.627100,1.761900
2005-09-07,1.245100,0.677100,136.970000,1.543100,1.482600,1.622400,1.765000
2005-09-08,1.241800,0.676200,137.160000,1.543000,1.468600,1.612900,1.762200
2005-09-09,1.241500,0.675350,136.630000,1.543500,1.460200,1.607000,1.758100
2005-09-12,1.231300,0.674350,135.200000,1.544300,1.458700,1.594500,1.744600
2005-09-13,1.227600,0.674100,136.170000,1.547400,1.455200,1.598800,1.748300
2005-09-14,1.231400,0.673400,135.420000,1.546900,1.452300,1.595300,1.741400
2005-09-15,1.222300,0.676500,134.890000,1.546900,1.448300,1.589000,1.727900
2005-09-16,1.224300,0.676500,135.780000,1.551000,1.448700,1.593300,1.734700
2005-09-19,1.213900,0.672800,135.310000,1.551100,1.431600,1.588700,1.735600
2005-09-20,1.215400,0.673400,135.430000,1.552400,1.417800,1.576800,1.730300
2005-09-21,1.222500,0.675050,135.950000,1.551900,1.426400,1.583400,1.744900
2005-09-22,1.222400,0.678700,135.890000,1.553400,1.424400,1.590900,1.750600
2005-09-23,1.211800,0.678500,135.070000,1.555700,1.420900,1.593500,1.755900
2005-09-26,1.203100,0.678950,135.210000,1.556600,1.416700,1.591900,1.756100
2005-09-27,1.200500,0.680250,136.010000,1.557800,1.409500,1.590700,1.764700
2005-09-28,1.203700,0.681000,136.080000,1.555600,1.417100,1.585800,1.754800
2005-09-29,1.206300,0.682600,135.920000,1.557800,1.415500,1.583100,1.738600
2005-09-30,1.204200,0.681950,136.250000,1.556100,1.406300,1.582800,1.741400
2005-10-03,1.193300,0.680000,136.070000,1.553700,1.390300,1.565300,1.726100
2005-10-04,1.193800,0.678600,136.440000,1.550800,1.393500,1.562700,1.718300
2005-10-05,1.194700,0.677900,136.060000,1.550600,1.402700,1.572600,1.716900
2005-10-06,1.206100,0.681750,137.300000,1.546000,1.426100,1.592900,1.730100
2005-10-07,1.214400,0.687000,137.820000,1.548400,1.432500,1.601600,1.742300
2005-10-10,1.208800,0.688250,137.900000,1.549600,1.420800,1.592900,1.731000
2005-10-11,1.202200,0.686500,137.220000,1.547400,1.420300,1.592900,1.731800
2005-10-12,1.200800,0.686500,137.490000,1.547800,1.407900,1.592700,1.730000
2005-10-13,1.198000,0.684900,137.540000,1.551400,1.406200,1.599300,1.729600
2005-10-14,1.199900,0.685400,137.670000,1.550600,1.420900,1.598200,1.729400
2005-10-17,1.202200,0.684600,138.000000,1.553600,1.423500,1.602400,1.727900
2005-10-18,1.193700,0.684150,138.290000,1.555800,1.416700,1.599700,1.717100
2005-10-19,1.195000,0.680050,138.070000,1.551600,1.406800,1.596100,1.713000
2005-10-20,1.195300,0.676700,138.190000,1.551100,1.406200,1.591900,1.712300
2005-10-21,1.201200,0.677100,138.870000,1.546300,1.416200,1.600500,1.714100
2005-10-24,1.194400,0.675900,138.150000,1.544600,1.422600,1.596900,1.704300
2005-10-25,1.201700,0.676650,138.780000,1.544100,1.426100,1.597600,1.711400
2005-10-26,1.205900,0.679800,139.670000,1.547400,1.418900,1.598100,1.714900
2005-10-27,1.213000,0.679400,139.890000,1.546200,1.416800,1.598300,1.716100
2005-10-28,1.213800,0.680900,140.030000,1.545900,1.421100,1.611400,1.718800
2005-10-31,1.202300,0.676650,139.640000,1.545500,1.416100,1.603700,1.710800
2005-11-01,1.200800,0.679000,140.020000,1.546600,1.420100,1.609000,1.718100
2005-11-02,1.199200,0.678950,140.260000,1.542200,1.415300,1.619200,1.732900
2005-11-03,1.204100,0.678250,140.760000,1.542800,1.416400,1.622200,1.735100
2005-11-04,1.193300,0.676400,140.520000,1.543900,1.409000,1.620700,1.734500
2005-11-07,1.182400,0.676550,139.230000,1.542900,1.402100,1.613800,1.738400
2005-11-08,1.174100,0.676100,138.220000,1.541200,1.403600,1.605500,1.727900
2005-11-09,1.173800,0.675300,137.680000,1.543100,1.395100,1.599500,1.716700
2005-11-10,1.176200,0.672900,138.410000,1.539300,1.396600,1.604100,1.707100
2005-11-11,1.169700,0.673100,138.110000,1.538100,1.393900,1.598900,1.704300
2005-11-14,1.171300,0.672850,139.060000,1.539700,1.400300,1.607000,1.715100
2005-11-15,1.166700,0.673200,139.110000,1.541300,1.396100,1.602000,1.710600
2005-11-16,1.167700,0.676900,139.400000,1.546900,1.396100,1.602600,1.708700
2005-11-17,1.169200,0.679500,138.820000,1.546700,1.389200,1.594400,1.702800
2005-11-18,1.167900,0.681500,139.270000,1.546800,1.389200,1.596600,1.702800
2005-11-21,1.181100,0.686750,140.410000,1.548800,1.406200,1.602200,1.712800
2005-11-22,1.170100,0.684650,139.720000,1.547100,1.385000,1.596500,1.705200
2005-11-23,1.177600,0.684600,139.780000,1.549100,1.381700,1.598800,1.703500
2005-11-24,1.178300,0.683450,140.030000,1.550100,1.379600,1.593900,1.694500
2005-11-25,1.176300,0.683400,140.440000,1.547300,1.376200,1.597500,1.690000
2005-11-28,1.172600,0.685500,140.390000,1.547100,1.371600,1.594900,1.679700
2005-11-29,1.179300,0.684300,140.570000,1.547600,1.378700,1.593300,1.679000
2005-11-30,1.176900,0.682150,140.800000,1.548500,1.374100,1.592500,1.673700
2005-12-01,1.174500,0.679800,141.180000,1.546700,1.372300,1.585200,1.666600
2005-12-02,1.169700,0.677450,141.360000,1.543700,1.361200,1.572000,1.653700
2005-12-05,1.176700,0.677300,142.190000,1.544200,1.359900,1.569800,1.640600
2005-12-06,1.178300,0.679050,142.640000,1.541000,1.360700,1.564400,1.641700
2005-12-07,1.171000,0.676900,141.680000,1.540100,1.362600,1.568600,1.658500
2005-12-08,1.176400,0.674950,141.820000,1.538700,1.367700,1.576200,1.683300
2005-12-09,1.178500,0.673200,142.010000,1.539800,1.366500,1.570900,1.677000
2005-12-12,1.192500,0.674300,143.460000,1.541300,1.374700,1.583100,1.683600
2005-12-13,1.192500,0.674250,143.470000,1.543300,1.373900,1.582200,1.686400
2005-12-14,1.202000,0.678300,142.230000,1.542100,1.377600,1.589200,1.694300
2005-12-15,1.199900,0.676700,139.280000,1.542000,1.388800,1.602600,1.727900
2005-12-16,1.198300,0.677450,139.280000,1.546000,1.386000,1.612200,1.737600
2005-12-19,1.197700,0.679600,139.240000,1.550500,1.393200,1.611000,1.733000
2005-12-20,1.195500,0.678200,139.360000,1.552100,1.402000,1.618100,1.738300
2005-12-21,1.187200,0.678950,139.180000,1.552900,1.391800,1.618400,1.744400
2005-12-22,1.182200,0.681000,138.840000,1.555100,1.379900,1.617100,1.752100
2005-12-23,1.185900,0.683400,138.340000,1.556600,1.384200,1.627000,1.765000
2005-12-27,1.185200,0.682950,138.610000,1.557300,1.383200,1.626100,1.755500
2005-12-28,1.191600,0.686300,139.610000,1.558100,1.394800,1.632000,1.749500
2005-12-29,1.182500,0.688300,139.430000,1.558500,1.379600,1.619700,1.734800
2005-12-30,1.179700,0.685300,138.900000,1.555100,1.372500,1.610900,1.727000
2006-01-02,1.182600,0.686500,139.560000,1.553600,1.373700,1.612500,1.734000
2006-01-03,1.187500,0.687250,139.450000,1.553500,1.380900,1.614500,1.742700
2006-01-04,1.208300,0.688150,140.190000,1.551200,1.393400,1.624300,1.757500
2006-01-05,1.208800,0.688800,140.310000,1.546300,1.394100,1.620600,1.766700
2006-01-06,1.209300,0.688800,140.210000,1.545200,1.415800,1.617400,1.764200
2006-01-09,1.207800,0.683400,137.850000,1.542600,1.414200,1.607700,1.743300
2006-01-10,1.206400,0.683300,138.120000,1.543700,1.409200,1.604500,1.740800
2006-01-11,1.208800,0.688400,138.310000,1.547400,1.407300,1.606100,1.739200
2006-01-12,1.211300,0.684600,137.500000,1.547700,1.404900,1.605900,1.735900
2006-01-13,1.203900,0.681400,138.130000,1.549100,1.397200,1.604000,1.734400
2006-01-16,1.211200,0.685450,139.230000,1.549700,1.405500,1.606600,1.734000
2006-01-17,1.207500,0.685350,139.230000,1.548900,1.399600,1.604500,1.747500
2006-01-18,1.212500,0.686400,139.510000,1.546800,1.412200,1.618100,1.762000
2006-01-19,1.207300,0.687850,139.060000,1.553700,1.422300,1.621700,1.782200
2006-01-20,1.206800,0.685250,139.150000,1.551200,1.403000,1.612900,1.776000
2006-01-23,1.227700,0.687800,140.350000,1.547100,1.413300,1.628700,1.794000
2006-01-24,1.227200,0.687800,140.450000,1.548900,1.412300,1.636300,1.809400
2006-01-25,1.229400,0.686700,141.120000,1.547900,1.415000,1.627300,1.788700
2006-01-26,1.225400,0.685900,141.850000,1.550000,1.414900,1.622300,1.778800
2006-01-27,1.217200,0.684600,142.190000,1.552600,1.396000,1.618800,1.783500
2006-01-30,1.208200,0.683650,141.990000,1.555500,1.382600,1.611800,1.771500
2006-01-31,1.211800,0.684300,142.170000,1.554700,1.387000,1.607000,1.769800
2006-02-01,1.209200,0.680600,142.220000,1.553800,1.378200,1.604200,1.762400
2006-02-02,1.206600,0.678800,143.040000,1.555500,1.378600,1.602900,1.755700
2006-02-03,1.206100,0.679100,143.050000,1.554900,1.382100,1.603700,1.748200
2006-02-06,1.198100,0.683300,142.280000,1.555800,1.370600,1.605100,1.752700
2006-02-07,1.197300,0.685900,141.240000,1.554900,1.373400,1.612300,1.754600
2006-02-08,1.194800,0.686100,141.510000,1.552900,1.380800,1.619500,1.766900
2006-02-09,1.197200,0.688100,141.910000,1.556300,1.376100,1.621200,1.770200
2006-02-10,1.197000,0.683900,140.770000,1.555100,1.375500,1.614000,1.754400
2006-02-13,1.188800,0.683700,140.350000,1.555900,1.374100,1.612500,1.752400
2006-02-14,1.189800,0.685800,139.570000,1.557400,1.378800,1.613900,1.768900
2006-02-15,1.190400,0.683500,139.960000,1.557700,1.373400,1.604200,1.757300
2006-02-16,1.185800,0.684250,140.110000,1.558800,1.374200,1.609000,1.766600
2006-02-17,1.186300,0.683900,140.770000,1.562100,1.372500,1.611900,1.789200
2006-02-20,1.193200,0.684800,141.110000,1.561700,1.371500,1.610800,1.784400
2006-02-21,1.190600,0.682100,141.610000,1.559800,1.366800,1.611600,1.793100
2006-02-22,1.187500,0.682800,140.910000,1.559300,1.364000,1.616200,1.805500
2006-02-23,1.195700,0.681850,139.880000,1.558700,1.371800,1.612000,1.806000
2006-02-24,1.189600,0.680300,139.110000,1.560200,1.371500,1.606200,1.794900
2006-02-27,1.185200,0.681050,137.770000,1.563700,1.359000,1.607200,1.798400
2006-02-28,1.187500,0.679600,138.180000,1.566100,1.353200,1.605100,1.799300
2006-03-01,1.195400,0.680600,138.560000,1.561400,1.360700,1.604700,1.795500
2006-03-02,1.192100,0.683100,138.730000,1.564600,1.352400,1.597400,1.790000
2006-03-03,1.202000,0.685000,139.960000,1.562800,1.362700,1.612300,1.802800
2006-03-06,1.201700,0.685500,141.040000,1.560700,1.368600,1.616900,1.818500
2006-03-07,1.191300,0.685800,140.340000,1.561600,1.363600,1.618000,1.835700
2006-03-08,1.191400,0.686050,140.350000,1.559800,1.373300,1.622700,1.835800
2006-03-09,1.192000,0.685800,140.100000,1.563500,1.379300,1.619400,1.832800
2006-03-10,1.191900,0.686200,141.110000,1.566400,1.386700,1.621700,1.852400
2006-03-13,1.192200,0.690150,141.940000,1.568600,1.384100,1.628400,1.858400
2006-03-14,1.194800,0.688550,141.310000,1.567100,1.386400,1.630100,1.878400
2006-03-15,1.202600,0.689200,141.310000,1.565300,1.388500,1.627700,1.868100
2006-03-16,1.206900,0.690850,142.060000,1.567400,1.399000,1.638900,1.888700
2006-03-17,1.218500,0.694500,141.470000,1.573500,1.407200,1.666900,1.921500
2006-03-20,1.217400,0.693700,141.070000,1.571700,1.421300,1.692100,1.945300
2006-03-21,1.214400,0.694200,141.610000,1.573800,1.414300,1.690300,1.948900
2006-03-22,1.206900,0.691400,141.340000,1.573600,1.413900,1.685900,1.942500
2006-03-23,1.205500,0.691750,141.120000,1.577000,1.404900,1.678300,1.918300
2006-03-24,1.196900,0.690800,141.520000,1.576300,1.399500,1.689400,1.957100
2006-03-27,1.202500,0.688300,140.150000,1.573300,1.410000,1.699900,1.975300
2006-03-28,1.208400,0.690700,141.090000,1.571500,1.408000,1.699200,1.979000
2006-03-29,1.201200,0.691850,141.580000,1.574200,1.409800,1.706000,1.991400
2006-03-30,1.209600,0.694600,141.900000,1.574600,1.410800,1.696200,1.984000
2006-03-31,1.210400,0.696400,142.420000,1.580100,1.408400,1.699700,1.977400
2006-04-03,1.206300,0.697700,142.770000,1.580200,1.417200,1.682800,1.962800
2006-04-04,1.221700,0.698350,143.690000,1.580400,1.428100,1.695100,2.007000
2006-04-05,1.226200,0.700600,144.160000,1.579100,1.424000,1.692100,2.001200
2006-04-06,1.231200,0.700550,144.810000,1.579300,1.422500,1.679900,1.999800
2006-04-07,1.217900,0.696450,143.570000,1.575700,1.397500,1.665300,1.982800
2006-04-10,1.209900,0.693800,143.220000,1.575600,1.387800,1.661600,1.990400
2006-04-11,1.210500,0.693900,143.730000,1.577600,1.386400,1.656000,1.985500
2006-04-12,1.212500,0.691650,143.220000,1.572700,1.388300,1.658200,1.972000
2006-04-13,1.209400,0.690300,143.480000,1.570500,1.388500,1.663400,1.960500
2006-04-18,1.225200,0.691500,144.530000,1.564500,1.402900,1.660000,1.957600
2006-04-19,1.234600,0.691350,144.600000,1.568800,1.406300,1.659600,1.946200
2006-04-20,1.234600,0.692400,145.270000,1.572300,1.403900,1.659400,1.953500
2006-04-21,1.231500,0.692450,144.360000,1.575500,1.400800,1.662300,1.949700
2006-04-24,1.236500,0.691900,142.170000,1.571200,1.406400,1.656200,1.947800
2006-04-25,1.242500,0.694400,142.110000,1.573300,1.413000,1.663600,1.972800
2006-04-26,1.242500,0.696000,142.870000,1.577600,1.405800,1.662300,1.973400
2006-04-27,1.241400,0.695800,142.710000,1.581400,1.404300,1.654600,1.975100
2006-04-28,1.253700,0.694200,143.290000,1.571300,1.409700,1.659900,1.981800
2006-05-02,1.264300,0.688650,143.480000,1.562200,1.400500,1.661000,1.981300
2006-05-03,1.262200,0.686900,143.380000,1.562300,1.397900,1.641700,1.960300
2006-05-04,1.259200,0.684000,143.620000,1.561600,1.400300,1.639300,1.969300
2006-05-05,1.268800,0.686800,144.510000,1.561500,1.406300,1.648200,1.980700
2006-05-08,1.275600,0.684600,141.880000,1.558100,1.413700,1.651500,2.006700
2006-05-09,1.269700,0.683500,141.620000,1.558200,1.411400,1.651500,2.029200
2006-05-10,1.277900,0.686100,141.270000,1.559100,1.404700,1.648300,2.040000
2006-05-11,1.271600,0.682400,141.410000,1.559200,1.404400,1.648400,2.020600
2006-05-12,1.291400,0.680800,141.560000,1.549600,1.421400,1.660900,2.052500
2006-05-15,1.282600,0.681200,141.320000,1.550900,1.430500,1.679100,2.061800
2006-05-16,1.281700,0.681100,141.330000,1.552500,1.426300,1.682200,2.062500
2006-05-17,1.288200,0.679300,140.880000,1.551800,1.422000,1.671000,2.053300
2006-05-18,1.277000,0.677550,141.940000,1.549300,1.423500,1.673900,2.046900
2006-05-19,1.276700,0.680100,142.640000,1.556100,1.432100,1.678700,2.056300
2006-05-22,1.275300,0.680300,143.550000,1.550900,1.435200,1.699100,2.064800
2006-05-23,1.284100,0.682100,143.040000,1.551700,1.432700,1.699600,2.060900
2006-05-24,1.285100,0.682850,143.860000,1.550900,1.441800,1.702300,2.050000
2006-05-25,1.275500,0.683150,143.080000,1.555800,1.423500,1.686200,1.992900
2006-05-26,1.279700,0.685000,143.500000,1.558900,1.418200,1.688400,2.006700
2006-05-29,1.275800,0.685500,143.230000,1.561700,1.408800,1.681200,2.011100
2006-05-30,1.283900,0.684700,144.050000,1.558500,1.413800,1.684800,2.005400
2006-05-31,1.286800,0.685900,144.320000,1.560000,1.410700,1.695300,2.014100
2006-06-01,1.273600,0.684700,144.190000,1.562800,1.409900,1.708100,2.020500
2006-06-02,1.281500,0.686850,144.590000,1.562900,1.414800,1.715100,2.047900
2006-06-05,1.295800,0.688400,144.660000,1.559700,1.423500,1.725400,2.047800
2006-06-06,1.284700,0.688700,144.740000,1.560800,1.425700,1.725300,2.038600
2006-06-07,1.278900,0.687800,144.890000,1.561300,1.426400,1.726000,2.044400
2006-06-08,1.273500,0.690300,145.660000,1.561700,1.424000,1.710000,2.030200
2006-06-09,1.265900,0.686850,144.250000,1.556900,1.406700,1.690200,1.999900
2006-06-12,1.257200,0.682400,143.890000,1.554000,1.387100,1.685600,1.992900
2006-06-13,1.257100,0.683350,144.140000,1.551700,1.390500,1.697000,2.025400
2006-06-14,1.256300,0.682650,144.680000,1.551400,1.399300,1.700400,2.012500
2006-06-15,1.261000,0.682250,144.840000,1.552200,1.404500,1.707800,2.022700
2006-06-16,1.265100,0.682900,145.410000,1.556200,1.410100,1.705400,2.031200
2006-06-19,1.259100,0.681750,145.430000,1.557300,1.413000,1.706000,2.042600
2006-06-20,1.254600,0.682400,144.430000,1.559600,1.402600,1.701700,2.022100
2006-06-21,1.263200,0.685500,145.220000,1.561800,1.405100,1.718100,2.047400
2006-06-22,1.258200,0.687350,145.480000,1.563600,1.402300,1.711200,2.057800
2006-06-23,1.250200,0.688000,145.500000,1.564100,1.404100,1.709600,2.063300
2006-06-26,1.256100,0.690100,146.130000,1.563200,1.405600,1.715700,2.077500
2006-06-27,1.256700,0.690700,146.420000,1.566900,1.411200,1.717000,2.084700
2006-06-28,1.257000,0.690350,146.120000,1.563100,1.413800,1.722800,2.112200
2006-06-29,1.252900,0.691100,146.000000,1.564400,1.402500,1.718000,2.109300
2006-06-30,1.271300,0.692100,145.750000,1.567200,1.413200,1.711700,2.086400
2006-07-03,1.279000,0.693300,146.660000,1.567400,1.421200,1.721400,2.106700
2006-07-04,1.279100,0.692850,146.570000,1.567700,1.420500,1.715000,2.095100
2006-07-05,1.279400,0.693700,146.740000,1.567700,1.415200,1.717200,2.096300
2006-07-06,1.273500,0.694000,147.090000,1.568500,1.418200,1.715700,2.110300
2006-07-07,1.277800,0.694450,146.590000,1.569000,1.422800,1.709500,2.104300
2006-07-10,1.275200,0.692050,145.170000,1.567200,1.433500,1.703900,2.082400
2006-07-11,1.273600,0.692250,145.690000,1.566500,1.435700,1.694500,2.072400
2006-07-12,1.272200,0.691500,146.560000,1.565800,1.445200,1.688000,2.063300
2006-07-13,1.269200,0.689700,146.330000,1.562000,1.437800,1.682700,2.054600
2006-07-14,1.266600,0.687500,146.830000,1.560700,1.428900,1.680600,2.043700
2006-07-17,1.254100,0.688400,146.660000,1.562800,1.418600,1.675300,2.019800
2006-07-18,1.253100,0.684900,146.610000,1.564100,1.421300,1.668400,1.995600
2006-07-19,1.248200,0.683650,146.910000,1.569200,1.421400,1.676600,2.006900
2006-07-20,1.264300,0.683000,147.680000,1.570700,1.433400,1.682900,2.030300
2006-07-21,1.268000,0.682900,146.960000,1.570800,1.434700,1.683300,2.031600
2006-07-24,1.263300,0.681600,147.320000,1.574600,1.440500,1.677300,2.032100
2006-07-25,1.263600,0.683300,147.520000,1.573700,1.440600,1.672700,2.017000
2006-07-26,1.258700,0.684150,147.100000,1.575600,1.432300,1.659900,2.017100
2006-07-27,1.273700,0.684200,147.250000,1.574300,1.442000,1.667100,2.049500
2006-07-28,1.266400,0.682500,146.570000,1.572500,1.438700,1.665200,2.057100
2006-07-31,1.276700,0.684300,145.820000,1.571300,1.434600,1.667200,2.070800
2006-08-01,1.275900,0.683700,146.420000,1.571800,1.445700,1.675400,2.068000
2006-08-02,1.279800,0.682150,146.880000,1.572900,1.444100,1.671100,2.069800
2006-08-03,1.278100,0.678050,146.840000,1.574600,1.438000,1.677200,2.055900
2006-08-04,1.279200,0.675900,147.660000,1.577900,1.449200,1.681700,2.066600
2006-08-07,1.285000,0.674000,147.870000,1.572000,1.447000,1.686300,2.062300
2006-08-08,1.283900,0.673800,147.700000,1.573800,1.436900,1.689400,2.056100
2006-08-09,1.287900,0.675300,148.170000,1.575400,1.442000,1.684600,2.044900
2006-08-10,1.285700,0.675200,147.620000,1.576800,1.439100,1.670600,2.026900
2006-08-11,1.277500,0.673800,148.210000,1.579800,1.435300,1.663800,2.017100
2006-08-14,1.271800,0.674350,148.340000,1.580700,1.433800,1.669200,2.014300
2006-08-15,1.272500,0.673650,148.360000,1.581700,1.439300,1.670300,2.015000
2006-08-16,1.279300,0.676200,148.700000,1.578700,1.434200,1.673300,2.006500
2006-08-17,1.287900,0.679100,148.560000,1.577900,1.438400,1.680800,2.007200
2006-08-18,1.280200,0.680350,148.330000,1.581800,1.437200,1.687900,2.000500
2006-08-21,1.291900,0.680800,149.430000,1.578500,1.444000,1.692000,2.015800
2006-08-22,1.281200,0.678400,149.170000,1.577700,1.431700,1.680400,2.008900
2006-08-23,1.281200,0.677300,149.090000,1.579900,1.424300,1.673500,2.002700
2006-08-24,1.283100,0.677400,149.280000,1.580800,1.423500,1.679400,2.011700
2006-08-25,1.276200,0.676200,149.640000,1.580900,1.412200,1.679700,2.008300
2006-08-28,1.280000,0.675500,149.850000,1.580200,1.418400,1.689500,2.009800
2006-08-29,1.280800,0.674500,149.540000,1.577400,1.420600,1.677300,1.987400
2006-08-30,1.281800,0.674050,150.080000,1.576800,1.419000,1.679000,1.978500
2006-08-31,1.285100,0.674100,150.560000,1.575100,1.423000,1.681000,1.972000
2006-09-01,1.281700,0.672800,150.300000,1.579100,1.416300,1.675300,1.954600
2006-09-04,1.285200,0.674750,149.220000,1.581200,1.421900,1.668000,1.969100
2006-09-05,1.281000,0.674950,148.470000,1.580900,1.424200,1.664700,1.980900
2006-09-06,1.279300,0.679100,149.230000,1.584400,1.422800,1.667200,1.973200
2006-09-07,1.273100,0.679550,148.050000,1.582200,1.406600,1.672800,1.974600
2006-09-08,1.271300,0.679300,147.910000,1.581700,1.415500,1.677700,1.986200
2006-09-11,1.271300,0.681600,149.140000,1.579200,1.424500,1.687200,1.984000
2006-09-12,1.270900,0.678500,149.490000,1.579500,1.422700,1.687000,1.981500
2006-09-13,1.267700,0.676550,149.230000,1.589200,1.422800,1.688500,1.965300
2006-09-14,1.272300,0.674300,149.580000,1.587800,1.420700,1.683900,1.920300
2006-09-15,1.267500,0.673900,149.090000,1.594600,1.420300,1.685300,1.924800
2006-09-18,1.266500,0.674800,149.470000,1.588700,1.420000,1.682100,1.909000
2006-09-19,1.265400,0.673200,148.810000,1.590300,1.420100,1.680200,1.909100
2006-09-20,1.267600,0.673100,148.700000,1.587500,1.429900,1.684400,1.927300
2006-09-21,1.273100,0.670600,148.840000,1.588700,1.430200,1.685600,1.925800
2006-09-22,1.281700,0.673650,148.890000,1.581200,1.426400,1.701300,1.946800
2006-09-25,1.276800,0.671200,148.780000,1.579900,1.425900,1.698700,1.913600
2006-09-26,1.269500,0.669500,147.830000,1.577600,1.414900,1.685900,1.897400
2006-09-27,1.268400,0.671050,148.900000,1.579600,1.414300,1.691500,1.926400
2006-09-28,1.271300,0.677150,149.570000,1.583800,1.413200,1.695900,1.937700
2006-09-29,1.266000,0.677700,149.340000,1.588100,1.413600,1.699200,1.942700
2006-10-02,1.268500,0.677900,149.990000,1.584100,1.422600,1.704200,1.937200
2006-10-03,1.273700,0.674200,149.860000,1.584800,1.424600,1.705200,1.928500
2006-10-04,1.268400,0.674300,149.800000,1.588800,1.429900,1.704900,1.922800
2006-10-05,1.272100,0.676100,149.450000,1.588700,1.432100,1.701900,1.915400
2006-10-06,1.266400,0.672900,149.470000,1.588100,1.423400,1.696900,1.906500
2006-10-09,1.260300,0.675600,150.090000,1.589000,1.415400,1.692700,1.916000
2006-10-10,1.253800,0.674750,149.970000,1.590900,1.415400,1.685300,1.899500
2006-10-11,1.254300,0.675750,149.960000,1.593200,1.423900,1.683000,1.898700
2006-10-12,1.253100,0.675300,149.870000,1.593200,1.425100,1.672300,1.899000
2006-10-13,1.255000,0.674400,149.840000,1.593200,1.424600,1.668900,1.900600
2006-10-16,1.251500,0.672700,149.130000,1.591800,1.423100,1.662300,1.900800
2006-10-17,1.252400,0.670800,148.670000,1.589500,1.423200,1.661600,1.887600
2006-10-18,1.254300,0.670050,148.830000,1.589700,1.428600,1.661800,1.890100
2006-10-19,1.256100,0.672300,149.080000,1.589700,1.426600,1.660300,1.889500
2006-10-20,1.261800,0.669300,149.290000,1.586700,1.415600,1.660700,1.885300
2006-10-23,1.255600,0.670600,149.710000,1.590400,1.415800,1.655500,1.889000
2006-10-24,1.254100,0.670150,149.980000,1.591800,1.418000,1.657000,1.893300
2006-10-25,1.258000,0.670200,149.930000,1.591600,1.419100,1.656100,1.903800
2006-10-26,1.265300,0.671550,150.400000,1.592400,1.425900,1.660000,1.933200
2006-10-27,1.268300,0.670600,150.260000,1.591100,1.426200,1.656100,1.927900
2006-10-30,1.271700,0.668000,149.170000,1.588200,1.425500,1.654200,1.914300
2006-10-31,1.269600,0.668500,149.590000,1.588700,1.433100,1.650900,1.907200
2006-11-01,1.275700,0.668450,149.240000,1.588000,1.447100,1.648000,1.897600
2006-11-02,1.276700,0.669100,149.400000,1.589400,1.448900,1.651100,1.895800
2006-11-03,1.276000,0.668800,149.620000,1.592900,1.440200,1.652700,1.893500
2006-11-06,1.270200,0.669800,150.450000,1.596500,1.441800,1.650700,1.907300
2006-11-07,1.275500,0.669750,150.370000,1.596300,1.438500,1.650000,1.906700
2006-11-08,1.277600,0.670450,150.350000,1.595200,1.444800,1.660100,1.910900
2006-11-09,1.279600,0.672400,151.160000,1.596700,1.448900,1.668900,1.925900
2006-11-10,1.286400,0.672300,151.170000,1.593300,1.453100,1.675500,1.933600
2006-11-13,1.283000,0.673700,151.280000,1.593700,1.457200,1.679600,1.935500
2006-11-14,1.282400,0.676050,150.880000,1.595600,1.460200,1.676500,1.943700
2006-11-15,1.279200,0.678400,151.010000,1.599000,1.457200,1.673300,1.940600
2006-11-16,1.280400,0.678100,151.160000,1.597700,1.457200,1.668000,1.927900
2006-11-17,1.277400,0.677600,151.170000,1.600800,1.465100,1.670600,1.929400
2006-11-20,1.284100,0.676800,151.570000,1.592800,1.467600,1.668700,1.922500
2006-11-21,1.281400,0.674800,151.240000,1.593300,1.467600,1.664600,1.912600
2006-11-22,1.288600,0.674900,150.750000,1.588400,1.468600,1.666900,1.924900
2006-11-23,1.295300,0.676500,150.610000,1.584300,1.476900,1.672500,1.932100
2006-11-24,1.307800,0.676900,151.360000,1.582600,1.481700,1.681700,1.953800
2006-11-27,1.311400,0.677700,152.240000,1.585500,1.486600,1.684800,1.959100
2006-11-28,1.314700,0.676250,152.990000,1.586600,1.486300,1.686100,1.952500
2006-11-29,1.315700,0.674300,153.010000,1.588900,1.495300,1.680000,1.939800
2006-11-30,1.320000,0.674250,153.290000,1.591600,1.505300,1.675300,1.933000
2006-12-01,1.324400,0.672900,153.770000,1.588400,1.513900,1.677800,1.938000
2006-12-04,1.330900,0.673400,153.890000,1.593200,1.520800,1.690400,1.935900
2006-12-05,1.333100,0.674300,152.740000,1.588500,1.520400,1.694600,1.942200
2006-12-06,1.327400,0.675400,152.660000,1.588800,1.517700,1.689200,1.942900
2006-12-07,1.329700,0.676100,152.870000,1.587500,1.527500,1.682700,1.926100
2006-12-08,1.327600,0.677600,153.480000,1.589100,1.526900,1.682300,1.926200
2006-12-11,1.317700,0.676200,154.330000,1.591600,1.513500,1.683500,1.917600
2006-12-12,1.324400,0.674600,154.940000,1.592800,1.524600,1.685000,1.918500
2006-12-13,1.326500,0.672800,155.340000,1.595100,1.527300,1.681100,1.917200
2006-12-14,1.319200,0.671550,155.040000,1.598700,1.524200,1.684800,1.917200
2006-12-15,1.310600,0.669900,155.040000,1.597700,1.515100,1.680300,1.906400
2006-12-18,1.309500,0.671550,154.340000,1.599300,1.511400,1.677900,1.899700
2006-12-19,1.315800,0.671250,155.480000,1.602400,1.521700,1.682400,1.898100
2006-12-20,1.320300,0.670200,156.000000,1.603900,1.513700,1.682000,1.891500
2006-12-21,1.317800,0.671600,155.850000,1.603200,1.515500,1.678500,1.894600
2006-12-22,1.319200,0.671500,156.260000,1.602900,1.524000,1.679200,1.888000
2006-12-27,1.315900,0.670850,156.100000,1.605800,1.529700,1.676500,1.872900
2006-12-28,1.317300,0.671150,156.610000,1.605800,1.526800,1.669900,1.873100
2006-12-29,1.317000,0.671500,156.930000,1.606900,1.528100,1.669100,1.872500
2007-01-02,1.327000,0.673500,157.760000,1.610400,1.545200,1.669400,1.876000
2007-01-03,1.323100,0.674700,157.760000,1.613200,1.545700,1.664500,1.877300
2007-01-04,1.310600,0.673900,156.110000,1.613200,1.539000,1.668100,1.875300
2007-01-05,1.308400,0.674700,154.550000,1.609700,1.537400,1.669700,1.888500
2007-01-08,1.300600,0.673100,154.420000,1.609700,1.528200,1.667500,1.897200
2007-01-09,1.301800,0.670250,155.260000,1.612700,1.532700,1.667500,1.879600
2007-01-10,1.298800,0.670200,154.990000,1.613800,1.530100,1.666400,1.885100
2007-01-11,1.298400,0.665400,156.160000,1.612900,1.529600,1.657300,1.877300
2007-01-12,1.289300,0.661650,155.240000,1.612500,1.513600,1.654400,1.869200
2007-01-15,1.294100,0.658450,156.000000,1.612700,1.510800,1.650300,1.863000
2007-01-16,1.295300,0.659200,156.270000,1.613800,1.512700,1.651100,1.858500
2007-01-17,1.290900,0.656850,155.750000,1.614300,1.516600,1.642900,1.868900
2007-01-18,1.292200,0.656500,156.790000,1.618200,1.520700,1.642300,1.861100
2007-01-19,1.295800,0.656500,157.130000,1.617800,1.518900,1.645300,1.863300
2007-01-22,1.293600,0.654850,157.530000,1.618500,1.520300,1.638200,1.853800
2007-01-23,1.304000,0.655200,158.020000,1.616700,1.539900,1.643600,1.854800
2007-01-24,1.300500,0.659500,158.060000,1.619500,1.533600,1.663100,1.863400
2007-01-25,1.297800,0.658500,156.880000,1.615400,1.528700,1.663900,1.846800
2007-01-26,1.290100,0.658250,156.710000,1.618400,1.525500,1.668400,1.856600
2007-01-29,1.292100,0.660200,157.700000,1.621600,1.530600,1.672800,1.857100
2007-01-30,1.297200,0.660300,157.990000,1.623600,1.534200,1.679000,1.867700
2007-01-31,1.295400,0.663250,157.270000,1.621400,1.532500,1.678600,1.897500
2007-02-01,1.302000,0.661300,156.850000,1.617500,1.533100,1.678200,1.895700
2007-02-02,1.302000,0.661350,157.630000,1.617500,1.541000,1.682100,1.916900
2007-02-05,1.292500,0.661150,155.850000,1.617000,1.531200,1.668300,1.896600
2007-02-06,1.295500,0.657800,155.560000,1.610000,1.532200,1.667400,1.899800
2007-02-07,1.298700,0.658500,156.740000,1.611100,1.537000,1.669500,1.902500
2007-02-08,1.299100,0.663200,157.680000,1.623200,1.541300,1.666900,1.895400
2007-02-09,1.300700,0.667550,158.060000,1.624900,1.529600,1.675100,1.905300
2007-02-12,1.295600,0.665650,157.940000,1.623800,1.517700,1.674500,1.893300
2007-02-13,1.302200,0.669950,157.990000,1.623300,1.525300,1.681100,1.895300
2007-02-14,1.308200,0.669300,158.550000,1.626800,1.526500,1.673400,1.892300
2007-02-15,1.313700,0.671150,157.780000,1.626700,1.532600,1.672100,1.888500
2007-02-16,1.311900,0.673100,156.270000,1.621200,1.525900,1.670500,1.885400
2007-02-19,1.313200,0.675100,157.010000,1.621500,1.530800,1.671800,1.875300
2007-02-20,1.314500,0.673300,158.010000,1.625600,1.532300,1.670900,1.875600
2007-02-21,1.314500,0.672600,158.910000,1.626700,1.534900,1.664000,1.864200
2007-02-22,1.310600,0.671900,159.000000,1.628100,1.521400,1.661000,1.856000
2007-02-23,1.313400,0.669200,159.350000,1.626200,1.522000,1.663000,1.860800
2007-02-26,1.316000,0.670600,158.700000,1.620300,1.525600,1.661400,1.857800
2007-02-27,1.323000,0.673700,157.680000,1.618300,1.535900,1.669500,1.873500
2007-02-28,1.321100,0.673650,156.450000,1.613600,1.541900,1.676100,1.887000
2007-03-01,1.322500,0.673650,155.420000,1.610000,1.549700,1.681400,1.903600
2007-03-02,1.316300,0.676800,153.910000,1.610700,1.545600,1.680600,1.915000
2007-03-05,1.308300,0.682200,150.930000,1.600000,1.545000,1.689700,1.936700
2007-03-06,1.310000,0.679650,152.690000,1.604000,1.543400,1.695100,1.927000
2007-03-07,1.313500,0.681200,152.810000,1.605000,1.545100,1.686700,1.918300
2007-03-08,1.315200,0.681400,154.020000,1.606600,1.549400,1.689000,1.914900
2007-03-09,1.315500,0.680600,154.280000,1.613700,1.546900,1.688900,1.908500
2007-03-12,1.315600,0.682200,154.440000,1.613700,1.538700,1.683300,1.904800
2007-03-13,1.321800,0.683100,154.140000,1.609500,1.545300,1.679300,1.900600
2007-03-14,1.318300,0.685350,153.660000,1.607000,1.549500,1.683800,1.913700
2007-03-15,1.322600,0.682750,155.090000,1.608800,1.554800,1.679000,1.910000
2007-03-16,1.332500,0.684200,155.620000,1.605900,1.563700,1.675700,1.908800
2007-03-19,1.330300,0.683250,156.170000,1.610700,1.562600,1.663300,1.896000
2007-03-20,1.329600,0.679100,156.150000,1.612300,1.552200,1.662000,1.888700
2007-03-21,1.329300,0.678900,156.640000,1.615300,1.540900,1.659000,1.886100
2007-03-22,1.335100,0.678550,157.270000,1.619000,1.545000,1.654200,1.873600
2007-03-23,1.332700,0.677800,156.650000,1.616400,1.543200,1.651900,1.865400
2007-03-26,1.326500,0.676350,157.050000,1.620800,1.541600,1.645600,1.858800
2007-03-27,1.334700,0.679000,157.910000,1.621100,1.542900,1.649000,1.857900
2007-03-28,1.334800,0.679500,156.380000,1.616400,1.547700,1.653200,1.870200
2007-03-29,1.335200,0.679300,156.750000,1.621500,1.548700,1.650600,1.871300
2007-03-30,1.331800,0.679800,157.320000,1.624700,1.536600,1.648400,1.864400
2007-04-02,1.336600,0.676100,157.350000,1.622600,1.545900,1.637100,1.857100
2007-04-03,1.335800,0.676100,158.530000,1.627500,1.546700,1.640900,1.853800
2007-04-04,1.335200,0.676650,158.700000,1.629200,1.544100,1.641300,1.859000
2007-04-05,1.337300,0.679700,159.000000,1.630900,1.541000,1.635100,1.849900
2007-04-10,1.342600,0.680300,160.050000,1.636100,1.542400,1.628300,1.847100
2007-04-11,1.341800,0.678800,160.000000,1.638200,1.534800,1.626300,1.842200
2007-04-12,1.346700,0.680700,160.620000,1.640400,1.532800,1.630400,1.849700
2007-04-13,1.353200,0.680900,160.550000,1.636100,1.535100,1.624900,1.835400
2007-04-16,1.355000,0.680550,161.960000,1.643100,1.535200,1.624900,1.831000
2007-04-17,1.354900,0.676300,161.810000,1.640600,1.533300,1.621500,1.823100
2007-04-18,1.357700,0.677300,160.770000,1.636700,1.538600,1.629100,1.834200
2007-04-19,1.360100,0.679300,160.130000,1.634300,1.531200,1.633600,1.836700
2007-04-20,1.360600,0.679300,161.450000,1.641400,1.533400,1.629000,1.826600
2007-04-23,1.355700,0.678000,160.910000,1.642300,1.522500,1.627700,1.821000
2007-04-24,1.358200,0.679300,161.390000,1.638700,1.522300,1.642400,1.830500
2007-04-25,1.364900,0.681000,161.950000,1.641600,1.529800,1.640500,1.832100
2007-04-26,1.359600,0.682150,162.260000,1.643200,1.523600,1.640900,1.840500
2007-04-27,1.364300,0.682250,162.760000,1.643100,1.523500,1.642300,1.838500
2007-04-30,1.360500,0.682700,162.820000,1.645800,1.518700,1.642700,1.839300
2007-05-02,1.358800,0.682100,163.280000,1.651800,1.509600,1.645000,1.839800
2007-05-03,1.361300,0.682800,163.470000,1.647900,1.508600,1.649600,1.842800
2007-05-04,1.356100,0.682800,163.150000,1.647900,1.498500,1.656200,1.846300
2007-05-07,1.361500,0.682300,163.310000,1.647100,1.502800,1.648300,1.844200
2007-05-08,1.355800,0.680300,162.290000,1.648900,1.494600,1.635500,1.836300
2007-05-09,1.353500,0.679850,162.350000,1.648600,1.498400,1.633100,1.838100
2007-05-10,1.352700,0.680700,162.860000,1.647300,1.498300,1.625800,1.843900
2007-05-11,1.348600,0.681300,161.460000,1.643900,1.503600,1.624000,1.846800
2007-05-14,1.354900,0.684350,163.060000,1.651500,1.501200,1.627600,1.833400
2007-05-15,1.353800,0.684850,163.080000,1.650500,1.493100,1.627900,1.841000
2007-05-16,1.357400,0.684850,163.640000,1.654500,1.493100,1.636000,1.843400
2007-05-17,1.351600,0.683850,163.770000,1.655500,1.486200,1.642100,1.848300
2007-05-18,1.347700,0.683900,163.000000,1.653600,1.476700,1.640100,1.850500
2007-05-21,1.344400,0.682650,163.320000,1.656200,1.461100,1.640800,1.845200
2007-05-22,1.345400,0.681750,163.470000,1.656100,1.457900,1.636300,1.846200
2007-05-23,1.349000,0.679400,163.850000,1.653700,1.461000,1.633600,1.846400
2007-05-24,1.344800,0.676700,163.200000,1.650800,1.455200,1.635100,1.845300
2007-05-25,1.344100,0.677500,163.500000,1.649900,1.457000,1.639900,1.850600
2007-05-28,1.345300,0.678530,163.710000,1.652500,1.454100,1.641300,1.850900
2007-05-29,1.350900,0.679800,164.230000,1.650400,1.461400,1.647300,1.853900
2007-05-30,1.342000,0.679500,163.260000,1.646700,1.439800,1.639000,1.846300
2007-05-31,1.345300,0.680050,163.560000,1.647700,1.438800,1.626900,1.831200
2007-06-01,1.343600,0.679250,163.810000,1.651400,1.433500,1.621400,1.816300
2007-06-04,1.348200,0.677950,164.340000,1.650400,1.425200,1.617700,1.807100
2007-06-05,1.353200,0.678300,164.420000,1.648300,1.430500,1.612200,1.795600
2007-06-06,1.351300,0.678300,163.670000,1.645200,1.434100,1.605300,1.802000
2007-06-07,1.347000,0.679000,163.430000,1.647700,1.426700,1.592600,1.784200
2007-06-08,1.334900,0.678850,162.400000,1.647500,1.426100,1.587000,1.775600
2007-06-11,1.335500,0.678400,162.550000,1.653400,1.418600,1.584900,1.781000
2007-06-12,1.334500,0.676000,162.560000,1.655600,1.417500,1.584500,1.775300
2007-06-13,1.328700,0.674500,162.520000,1.653200,1.423000,1.582900,1.772400
2007-06-14,1.330400,0.676050,163.560000,1.654900,1.420200,1.593700,1.774600
2007-06-15,1.331400,0.675950,164.420000,1.657600,1.415900,1.592200,1.769600
2007-06-18,1.340400,0.676300,165.460000,1.662000,1.437300,1.593100,1.776800
2007-06-19,1.340300,0.674650,165.460000,1.662700,1.430200,1.587600,1.774200
2007-06-20,1.342700,0.673700,165.880000,1.660500,1.431000,1.585100,1.762500
2007-06-21,1.339700,0.672100,165.500000,1.661300,1.430300,1.581900,1.754600
2007-06-22,1.344100,0.673050,166.750000,1.657600,1.441100,1.584700,1.755000
2007-06-25,1.346100,0.673500,166.210000,1.653800,1.442400,1.585000,1.756300
2007-06-26,1.346000,0.673150,165.780000,1.654700,1.440200,1.584900,1.752800
2007-06-27,1.343800,0.672950,164.690000,1.652000,1.438400,1.596500,1.762700
2007-06-28,1.346700,0.672150,165.610000,1.654400,1.429300,1.591800,1.751300
2007-06-29,1.350500,0.674000,166.630000,1.655300,1.424500,1.588500,1.750200
2007-07-02,1.358800,0.675650,166.660000,1.649000,1.439500,1.585900,1.744600
2007-07-03,1.360100,0.675100,166.630000,1.655000,1.438000,1.590200,1.738400
2007-07-04,1.361800,0.675350,166.870000,1.655800,1.441500,1.587500,1.740700
2007-07-05,1.364000,0.675600,167.100000,1.655300,1.442600,1.585400,1.731800
2007-07-06,1.359600,0.676350,167.570000,1.658900,1.430300,1.587500,1.736800
2007-07-09,1.362100,0.676300,168.130000,1.658200,1.426400,1.583200,1.743200
2007-07-10,1.366600,0.677350,167.860000,1.655300,1.432900,1.587600,1.756200
2007-07-11,1.375300,0.676950,167.390000,1.653500,1.456900,1.596300,1.771900
2007-07-12,1.378800,0.678300,168.390000,1.657400,1.448400,1.596700,1.763000
2007-07-13,1.378200,0.677950,168.680000,1.657900,1.441400,1.587900,1.753100
2007-07-16,1.378100,0.676550,167.840000,1.655600,1.441900,1.577400,1.740900
2007-07-17,1.377100,0.673200,168.070000,1.655400,1.438000,1.575500,1.739800
2007-07-18,1.377900,0.672000,168.300000,1.657200,1.441700,1.570200,1.740500
2007-07-19,1.382000,0.674550,168.660000,1.658500,1.442000,1.572200,1.743300
2007-07-20,1.380300,0.672200,168.460000,1.662000,1.440500,1.567600,1.733900
2007-07-23,1.382100,0.671550,167.580000,1.663300,1.443600,1.564500,1.722900
2007-07-24,1.383300,0.670700,167.220000,1.664500,1.445600,1.563100,1.710300
2007-07-25,1.374300,0.669050,165.550000,1.666000,1.427600,1.553600,1.707200
2007-07-26,1.372200,0.670800,164.520000,1.660700,1.439600,1.556100,1.726200
2007-07-27,1.365100,0.672000,162.120000,1.652500,1.445600,1.583900,1.756800
2007-07-30,1.365900,0.675300,161.580000,1.643700,1.460000,1.612100,1.804800
2007-07-31,1.370700,0.674000,163.590000,1.651900,1.454000,1.595100,1.775000
2007-08-01,1.366300,0.674600,161.900000,1.643600,1.455700,1.604900,1.793600
2007-08-02,1.366400,0.673250,162.800000,1.649200,1.444400,1.596000,1.784900
2007-08-03,1.369400,0.673300,163.240000,1.650100,1.447300,1.598500,1.785800
2007-08-06,1.381800,0.680150,162.880000,1.638500,1.455000,1.613000,1.815300
2007-08-07,1.379400,0.680550,163.670000,1.644700,1.456900,1.614100,1.810000
2007-08-08,1.379400,0.677950,164.500000,1.646800,1.449600,1.603900,1.804400
2007-08-09,1.372900,0.677050,162.680000,1.640100,1.447900,1.605800,1.813400
2007-08-10,1.365000,0.676850,160.370000,1.631400,1.439900,1.621900,1.840300
2007-08-13,1.365100,0.677750,161.470000,1.639400,1.437200,1.618300,1.846100
2007-08-14,1.359100,0.678800,160.740000,1.642100,1.435200,1.618400,1.857100
2007-08-15,1.347600,0.677500,157.390000,1.638300,1.450800,1.638100,1.886000
2007-08-16,1.340500,0.675600,153.190000,1.630200,1.446900,1.707200,1.979000
2007-08-17,1.345400,0.679200,152.740000,1.624500,1.441600,1.721300,1.972700
2007-08-20,1.347600,0.678900,155.140000,1.628400,1.429800,1.679100,1.933600
2007-08-21,1.350800,0.681050,154.980000,1.624800,1.429700,1.682000,1.926900
2007-08-22,1.349300,0.678650,155.320000,1.630600,1.429900,1.675200,1.928100
2007-08-23,1.357400,0.676500,158.260000,1.638700,1.425000,1.655400,1.891400
2007-08-24,1.361500,0.678850,157.700000,1.636200,1.432800,1.658100,1.903600
2007-08-27,1.365800,0.677700,158.630000,1.643600,1.432700,1.642500,1.887000
2007-08-28,1.366400,0.678900,157.550000,1.636600,1.442100,1.655200,1.919700
2007-08-29,1.363100,0.677200,156.480000,1.637000,1.446400,1.671300,1.952700
2007-08-30,1.361000,0.678000,157.330000,1.640200,1.445400,1.667700,1.940400
2007-08-31,1.370500,0.677950,159.250000,1.645100,1.444600,1.669200,1.934700
2007-09-03,1.363200,0.675750,157.860000,1.647900,1.436200,1.659200,1.939500
2007-09-04,1.358000,0.675200,156.840000,1.646600,1.430500,1.646600,1.941500
2007-09-05,1.358800,0.676000,157.110000,1.646200,1.432900,1.655300,1.964300
2007-09-06,1.366900,0.677300,157.320000,1.642700,1.443300,1.657100,1.982800
2007-09-07,1.369600,0.677300,157.790000,1.643700,1.439800,1.656400,1.983400
2007-09-10,1.379500,0.679450,156.640000,1.637700,1.456900,1.675700,1.989100
2007-09-11,1.382400,0.680200,157.310000,1.640100,1.446700,1.671500,1.981900
2007-09-12,1.388500,0.683700,158.140000,1.642200,1.446100,1.661300,1.964000
2007-09-13,1.389700,0.685250,159.520000,1.641500,1.436000,1.656500,1.943700
2007-09-14,1.386000,0.689150,159.200000,1.646300,1.428600,1.649900,1.940700
2007-09-17,1.387700,0.694300,159.450000,1.645800,1.425200,1.653000,1.951600
2007-09-18,1.386700,0.695200,160.160000,1.647900,1.422600,1.659400,1.961200
2007-09-19,1.397500,0.698650,161.800000,1.649300,1.415500,1.640700,1.913100
2007-09-20,1.403000,0.698800,161.430000,1.646100,1.403700,1.624800,1.887800
2007-09-21,1.404900,0.697300,162.460000,1.651700,1.407100,1.632400,1.898700
2007-09-24,1.411300,0.696900,162.350000,1.654000,1.411300,1.624900,1.890400
2007-09-25,1.410600,0.700350,161.240000,1.648800,1.413700,1.633900,1.923000
2007-09-26,1.412700,0.700500,162.930000,1.652700,1.420800,1.615300,1.899500
2007-09-27,1.418000,0.699300,163.290000,1.657700,1.416300,1.607900,1.886200
2007-09-28,1.417900,0.696800,163.550000,1.660100,1.412200,1.607300,1.873700
2007-10-01,1.423200,0.697350,164.760000,1.660300,1.414200,1.602200,1.866600
2007-10-02,1.416500,0.693800,163.920000,1.664600,1.412200,1.597200,1.861900
2007-10-03,1.419500,0.695600,164.860000,1.663300,1.413100,1.596000,1.864200
2007-10-04,1.410900,0.693550,164.510000,1.662600,1.408200,1.594300,1.873600
2007-10-05,1.413600,0.692850,164.600000,1.662300,1.394700,1.584600,1.866200
2007-10-08,1.408900,0.691250,165.490000,1.667900,1.386300,1.568000,1.844800
2007-10-09,1.403700,0.691850,164.540000,1.666900,1.386900,1.569000,1.846600
2007-10-10,1.414600,0.692600,166.050000,1.672000,1.388000,1.575700,1.855800
2007-10-11,1.419900,0.697000,166.960000,1.673300,1.387400,1.572100,1.844500
2007-10-12,1.417300,0.698500,166.510000,1.680300,1.386500,1.572000,1.838800
2007-10-15,1.422600,0.696950,167.520000,1.679200,1.383500,1.568500,1.842000
2007-10-16,1.415000,0.696500,165.170000,1.675300,1.387800,1.592900,1.893000
2007-10-17,1.420000,0.697300,166.270000,1.676700,1.387000,1.590100,1.888600
2007-10-18,1.429900,0.698000,165.000000,1.669700,1.395000,1.605400,1.913200
2007-10-19,1.428800,0.697300,164.860000,1.671400,1.380900,1.593200,1.895800
2007-10-22,1.416600,0.697500,161.400000,1.665000,1.386600,1.612000,1.913600
2007-10-23,1.425400,0.695750,163.500000,1.670700,1.373400,1.594800,1.890900
2007-10-24,1.423000,0.695500,162.670000,1.670600,1.379700,1.583300,1.894100
2007-10-25,1.430900,0.697650,163.640000,1.670100,1.378500,1.581300,1.890200
2007-10-26,1.438400,0.701000,164.500000,1.673200,1.383000,1.573400,1.879200
2007-10-29,1.439100,0.698950,165.170000,1.677600,1.382200,1.565200,1.872000
2007-10-30,1.440700,0.697200,165.410000,1.675100,1.376300,1.568800,1.877900
2007-10-31,1.444700,0.697300,166.490000,1.676200,1.376800,1.565800,1.886300
2007-11-01,1.442300,0.692400,166.290000,1.673500,1.366400,1.562600,1.881700
2007-11-02,1.447900,0.695100,166.880000,1.673000,1.353100,1.569600,1.892100
2007-11-05,1.448800,0.696200,165.390000,1.668700,1.352700,1.576500,1.889600
2007-11-06,1.454700,0.696850,166.900000,1.665800,1.348200,1.569500,1.873300
2007-11-07,1.472200,0.699600,166.070000,1.658900,1.335400,1.570300,1.876700
2007-11-08,1.466600,0.696250,165.900000,1.660100,1.362900,1.578300,1.892300
2007-11-09,1.468300,0.700400,163.220000,1.648300,1.379000,1.599300,1.905600
2007-11-12,1.457900,0.704450,159.550000,1.640300,1.395600,1.651600,1.952400
2007-11-13,1.460700,0.704700,160.960000,1.643600,1.394500,1.629400,1.922000
2007-11-14,1.470000,0.710400,163.260000,1.645000,1.404100,1.630800,1.922700
2007-11-15,1.463900,0.714850,161.980000,1.645400,1.427300,1.642500,1.932900
2007-11-16,1.465100,0.716250,161.980000,1.640600,1.430200,1.639900,1.924100
2007-11-19,1.465400,0.714450,161.580000,1.637900,1.431800,1.645600,1.931300
2007-11-20,1.478500,0.717150,162.850000,1.640800,1.452500,1.665700,1.943300
2007-11-21,1.481400,0.719700,160.920000,1.637900,1.463900,1.695200,1.960100
2007-11-22,1.482900,0.718550,161.220000,1.635200,1.462800,1.701100,1.967400
2007-11-23,1.480900,0.720250,159.870000,1.632200,1.461600,1.696800,1.969100
2007-11-26,1.484500,0.717950,160.960000,1.637200,1.463300,1.684000,1.959900
2007-11-27,1.487400,0.718550,160.110000,1.632600,1.476700,1.704400,1.970500
2007-11-28,1.474700,0.713750,162.020000,1.646300,1.467600,1.671900,1.918400
2007-11-29,1.473800,0.714750,162.260000,1.650500,1.460500,1.671700,1.911400
2007-11-30,1.476100,0.714550,163.430000,1.654100,1.469500,1.664300,1.910500
2007-12-03,1.466600,0.710700,161.820000,1.656800,1.468200,1.661200,1.915900
2007-12-04,1.474100,0.714900,161.850000,1.648000,1.481500,1.684300,1.933400
2007-12-05,1.472000,0.722400,162.330000,1.645800,1.497500,1.695000,1.921600
2007-12-06,1.455400,0.718500,161.550000,1.650300,1.481700,1.672600,1.886600
2007-12-07,1.464900,0.720200,163.380000,1.655000,1.470800,1.671200,1.879500
2007-12-10,1.471800,0.719500,164.530000,1.655700,1.480000,1.670700,1.892000
2007-12-11,1.467200,0.716000,164.240000,1.665000,1.482000,1.657500,1.870900
2007-12-12,1.467500,0.719600,163.410000,1.663100,1.486000,1.664400,1.866300
2007-12-13,1.468300,0.719350,164.210000,1.668300,1.491500,1.672400,1.876600
2007-12-14,1.450900,0.715700,163.990000,1.666800,1.485000,1.670400,1.870100
2007-12-17,1.439300,0.713700,163.120000,1.661200,1.456100,1.676600,1.904200
2007-12-18,1.441600,0.714850,163.440000,1.660200,1.450300,1.670300,1.903400
2007-12-19,1.438500,0.717500,162.540000,1.660000,1.446100,1.672400,1.901600
2007-12-20,1.434900,0.721500,162.300000,1.660300,1.433800,1.672000,1.897800
2007-12-21,1.438000,0.723600,163.270000,1.661200,1.435600,1.661300,1.878600
2007-12-24,1.439800,0.727100,164.250000,1.662900,1.421700,1.652700,1.878500
2007-12-27,1.451600,0.728850,166.220000,1.668200,1.426500,1.662400,1.888200
2007-12-28,1.469200,0.734800,166.130000,1.660400,1.438900,1.673100,1.899100
2007-12-31,1.472100,0.733350,164.930000,1.654700,1.444900,1.675700,1.902400
2008-01-02,1.468800,0.741300,163.830000,1.652900,1.451500,1.667300,1.894900
2008-01-03,1.475300,0.744800,160.680000,1.642200,1.466600,1.674000,1.906600
2008-01-04,1.472700,0.744950,160.860000,1.640600,1.455300,1.671000,1.904300
2008-01-07,1.472300,0.746250,160.650000,1.639600,1.471400,1.685600,1.922800
2008-01-08,1.470500,0.744500,161.230000,1.642800,1.472400,1.671200,1.908400
2008-01-09,1.468000,0.748650,160.610000,1.636200,1.473900,1.661000,1.898100
2008-01-10,1.466200,0.749300,161.080000,1.629400,1.478700,1.661100,1.892600
2008-01-11,1.479200,0.755500,161.180000,1.631200,1.508200,1.654500,1.882200
2008-01-14,1.489500,0.760000,160.550000,1.626500,1.517200,1.655500,1.885200
2008-01-15,1.488600,0.756500,160.020000,1.621800,1.509600,1.653300,1.884200
2008-01-16,1.479200,0.754000,157.290000,1.614200,1.512200,1.680600,1.925500
2008-01-17,1.469100,0.746150,157.070000,1.614400,1.500700,1.664200,1.906900
2008-01-18,1.467400,0.748100,157.700000,1.614400,1.502400,1.669700,1.912700
2008-01-21,1.448200,0.743250,153.850000,1.599100,1.493000,1.673400,1.928700
2008-01-22,1.449400,0.742650,154.130000,1.599000,1.495300,1.687600,1.933600
2008-01-23,1.457400,0.747200,153.500000,1.587900,1.498700,1.688300,1.923100
2008-01-24,1.466300,0.746850,156.300000,1.598000,1.489300,1.676300,1.906500
2008-01-25,1.470500,0.742500,158.350000,1.613600,1.481900,1.665200,1.901100
2008-01-28,1.475500,0.743000,157.670000,1.609300,1.484300,1.670300,1.905300
2008-01-29,1.477300,0.742950,158.020000,1.615400,1.475900,1.664100,1.898800
2008-01-30,1.481000,0.743400,158.390000,1.613500,1.472400,1.665400,1.901300
2008-01-31,1.487000,0.747700,157.930000,1.605100,1.484600,1.668200,1.896000
2008-02-01,1.488900,0.749550,158.510000,1.606500,1.484700,1.651000,1.878300
2008-02-04,1.482900,0.750200,158.500000,1.615800,1.482400,1.633600,1.866200
2008-02-05,1.468800,0.746050,157.790000,1.617700,1.467000,1.626300,1.863800
2008-02-06,1.462100,0.747000,155.580000,1.606100,1.470500,1.631500,1.863400
2008-02-07,1.456900,0.749100,154.590000,1.598500,1.473200,1.636700,1.856500
2008-02-08,1.451300,0.744800,155.890000,1.601400,1.453700,1.623300,1.846600
2008-02-11,1.454200,0.746200,155.420000,1.600500,1.453600,1.606100,1.839400
2008-02-12,1.453800,0.745100,156.180000,1.604100,1.452500,1.605700,1.834400
2008-02-13,1.458600,0.743150,156.830000,1.608300,1.456200,1.625100,1.857600
2008-02-14,1.462600,0.741600,158.220000,1.611200,1.456000,1.616400,1.852200
2008-02-15,1.467400,0.747800,157.780000,1.602200,1.463500,1.618900,1.860200
2008-02-18,1.463600,0.750300,158.360000,1.612900,1.473200,1.604000,1.843200
2008-02-19,1.474200,0.755500,158.640000,1.612300,1.483600,1.598400,1.841000
2008-02-20,1.465600,0.754400,158.320000,1.611600,1.489900,1.603100,1.844900
2008-02-21,1.473600,0.752700,159.270000,1.620500,1.492500,1.603700,1.841500
2008-02-22,1.484800,0.754800,158.760000,1.610000,1.499500,1.607900,1.841200
2008-02-25,1.481700,0.753700,159.710000,1.613300,1.488500,1.601700,1.831000
2008-02-26,1.487400,0.753600,160.450000,1.616300,1.472200,1.604800,1.833800
2008-02-27,1.504400,0.757600,159.950000,1.607400,1.474200,1.602100,1.836500
2008-02-28,1.512100,0.761350,160.570000,1.603700,1.477900,1.603800,1.860600
2008-02-29,1.516700,0.765200,158.030000,1.588500,1.489500,1.622600,1.885400
2008-03-03,1.520300,0.766000,156.790000,1.578700,1.494800,1.627400,1.906500
2008-03-04,1.520600,0.765600,156.780000,1.577300,1.503500,1.630400,1.893900
2008-03-05,1.519600,0.768500,157.650000,1.580700,1.508400,1.640500,1.907600
2008-03-06,1.531900,0.763800,158.550000,1.581800,1.509700,1.635100,1.907500
2008-03-07,1.541700,0.764700,157.470000,1.573500,1.506900,1.648100,1.929900
2008-03-10,1.534000,0.760500,156.870000,1.569600,1.519400,1.660100,1.931400
2008-03-11,1.537900,0.764550,158.370000,1.579000,1.526100,1.660300,1.915800
2008-03-12,1.547700,0.766600,158.450000,1.581700,1.530200,1.665400,1.927300
2008-03-13,1.557700,0.765800,156.450000,1.572700,1.536200,1.661600,1.928100
2008-03-14,1.556100,0.767550,157.070000,1.574100,1.547900,1.653100,1.899800
2008-03-17,1.577000,0.785700,152.500000,1.551900,1.568900,1.710200,1.964600
2008-03-18,1.577100,0.781700,154.420000,1.561000,1.567400,1.697400,1.950900
2008-03-19,1.569200,0.785900,156.160000,1.566200,1.563500,1.684100,1.926800
2008-03-20,1.542300,0.778300,153.200000,1.563200,1.581700,1.708700,1.945800
2008-03-25,1.556900,0.781050,155.900000,1.572800,1.587000,1.703600,1.937600
2008-03-26,1.571000,0.788100,155.890000,1.568400,1.594900,1.704300,1.945500
2008-03-27,1.578600,0.782900,157.530000,1.568800,1.608500,1.708800,1.959000
2008-03-28,1.579600,0.790800,157.860000,1.573500,1.608000,1.717100,1.967700
2008-03-31,1.581200,0.795800,157.370000,1.573800,1.622600,1.733400,2.007900
2008-04-01,1.566000,0.788800,157.550000,1.573700,1.606900,1.721500,2.004400
2008-04-02,1.563200,0.788500,159.400000,1.581400,1.589600,1.714500,1.975900
2008-04-03,1.552600,0.783200,159.750000,1.584500,1.572200,1.706500,1.982100
2008-04-04,1.572200,0.785500,160.880000,1.587200,1.582200,1.711000,1.997200
2008-04-07,1.569300,0.789350,161.130000,1.591700,1.580400,1.697700,1.976000
2008-04-08,1.569400,0.797400,160.750000,1.591400,1.591000,1.696800,1.978100
2008-04-09,1.572600,0.797700,161.360000,1.593500,1.602200,1.694100,1.976600
2008-04-10,1.587500,0.801100,159.180000,1.573500,1.616600,1.702000,1.984000
2008-04-11,1.583300,0.801700,159.830000,1.580800,1.613900,1.702400,1.991300
2008-04-14,1.586900,0.798600,159.380000,1.577700,1.622300,1.715800,2.004900
2008-04-15,1.582800,0.804900,159.870000,1.581700,1.616800,1.712100,2.018400
2008-04-16,1.592800,0.806100,161.410000,1.589600,1.607300,1.706900,2.022300
2008-04-17,1.587200,0.801700,162.740000,1.599200,1.589600,1.693500,2.017300
2008-04-18,1.578000,0.790700,163.990000,1.613800,1.595700,1.688200,1.997200
2008-04-21,1.589800,0.800700,164.430000,1.605900,1.593500,1.687300,2.004000
2008-04-22,1.593100,0.799800,164.430000,1.606500,1.603900,1.685100,1.998700
2008-04-23,1.594000,0.803450,164.300000,1.607700,1.615400,1.675500,1.992300
2008-04-24,1.576900,0.798000,163.070000,1.615600,1.604200,1.668900,1.992200
2008-04-25,1.559600,0.786050,163.010000,1.617000,1.586100,1.674400,1.999200
2008-04-28,1.562800,0.784700,163.550000,1.618100,1.585300,1.666600,1.990600
2008-04-29,1.557100,0.788950,161.730000,1.615300,1.578200,1.671000,2.009700
2008-04-30,1.554000,0.790150,162.620000,1.614700,1.568900,1.661400,1.999200
2008-05-02,1.545800,0.779000,161.940000,1.623800,1.571500,1.655400,1.977200
2008-05-05,1.546000,0.785200,162.730000,1.630500,1.571700,1.642400,1.973800
2008-05-06,1.552800,0.788100,162.250000,1.627400,1.571900,1.644800,1.973900
2008-05-07,1.543000,0.788650,162.550000,1.630000,1.546200,1.631200,1.964400
2008-05-08,1.534700,0.785050,160.150000,1.621000,1.554800,1.631200,1.992900
2008-05-09,1.545800,0.793800,158.810000,1.608600,1.559200,1.646600,2.017500
2008-05-12,1.543000,0.788850,160.420000,1.622000,1.550900,1.637400,2.010700
2008-05-13,1.547300,0.793800,160.710000,1.622700,1.556200,1.640800,2.011800
2008-05-14,1.543900,0.795100,162.480000,1.631000,1.540700,1.655800,2.029500
2008-05-15,1.547400,0.797200,162.610000,1.634100,1.549600,1.654100,2.052500
2008-05-16,1.549800,0.795850,162.290000,1.634200,1.546600,1.632000,2.013100
2008-05-19,1.557700,0.797600,162.040000,1.630800,1.548700,1.632500,2.005300
2008-05-20,1.563900,0.796400,162.840000,1.629400,1.550200,1.629400,2.014600
2008-05-21,1.575300,0.801450,162.820000,1.622800,1.550900,1.634600,2.021600
2008-05-22,1.575500,0.794050,162.710000,1.619400,1.549400,1.640000,2.003100
2008-05-23,1.574200,0.794400,162.970000,1.617500,1.553300,1.637600,1.999000
2008-05-26,1.576100,0.796550,162.970000,1.615600,1.558800,1.642000,2.002200
2008-05-27,1.576000,0.797000,163.650000,1.615900,1.557100,1.637100,1.993800
2008-05-28,1.565600,0.793150,164.070000,1.625500,1.557800,1.633900,1.994600
2008-05-29,1.555100,0.786600,163.760000,1.629100,1.530200,1.621400,1.989500
2008-05-30,1.550800,0.786000,163.740000,1.627600,1.538200,1.621200,1.981200
2008-06-02,1.552100,0.791500,162.640000,1.618200,1.546000,1.624300,1.979600
2008-06-03,1.559300,0.791050,163.000000,1.611000,1.562000,1.627200,1.982200
2008-06-04,1.546600,0.790200,161.820000,1.603700,1.561000,1.610000,1.974000
2008-06-05,1.540200,0.789700,163.460000,1.614700,1.572700,1.616900,2.016800
2008-06-06,1.559700,0.797100,165.750000,1.618400,1.590600,1.626000,2.032200
2008-06-09,1.578400,0.797400,166.760000,1.610300,1.613600,1.641400,2.056300
2008-06-10,1.552600,0.793350,165.770000,1.608000,1.597900,1.633500,2.059800
2008-06-11,1.551500,0.791450,166.370000,1.611700,1.577700,1.637600,2.051800
2008-06-12,1.541700,0.791200,166.080000,1.611200,1.580600,1.649500,2.056400
2008-06-13,1.533600,0.788350,166.050000,1.611300,1.574700,1.639400,2.055200
2008-06-16,1.545900,0.787300,167.260000,1.612900,1.588800,1.643400,2.053400
2008-06-17,1.547700,0.794400,167.590000,1.616900,1.581600,1.647200,2.053300
2008-06-18,1.549300,0.793300,167.620000,1.616000,1.579700,1.646100,2.052900
2008-06-19,1.548100,0.786300,166.940000,1.619600,1.571200,1.634400,2.043200
2008-06-20,1.561000,0.789650,167.830000,1.616500,1.580500,1.635200,2.044800
2008-06-23,1.552100,0.791550,167.460000,1.622300,1.576800,1.630500,2.046800
2008-06-24,1.556800,0.790950,168.000000,1.618500,1.582300,1.632600,2.057600
2008-06-25,1.559900,0.790700,168.400000,1.621800,1.578600,1.630800,2.060900
2008-06-26,1.573100,0.791950,169.230000,1.618400,1.589900,1.638900,2.076000
2008-06-27,1.574800,0.792350,167.080000,1.605300,1.585000,1.638300,2.073700
2008-06-30,1.576400,0.792250,166.440000,1.605600,1.594200,1.637100,2.063200
2008-07-01,1.577500,0.790900,166.570000,1.605500,1.606300,1.651900,2.074000
2008-07-02,1.580600,0.795200,168.410000,1.613500,1.614200,1.643800,2.083300
2008-07-03,1.588500,0.799200,168.620000,1.609700,1.611700,1.650900,2.094100
2008-07-04,1.567100,0.790800,167.310000,1.608500,1.593000,1.628000,2.069300
2008-07-07,1.565100,0.796300,168.470000,1.614900,1.598800,1.636300,2.078100
2008-07-08,1.568700,0.794400,167.960000,1.609800,1.597300,1.647600,2.090900
2008-07-09,1.571500,0.796550,168.870000,1.622500,1.595300,1.650200,2.083400
2008-07-10,1.570800,0.795650,168.500000,1.622300,1.587800,1.635700,2.073400
2008-07-11,1.583500,0.799150,168.350000,1.619700,1.609000,1.642300,2.081600
2008-07-14,1.584700,0.797500,169.240000,1.623200,1.599500,1.636900,2.083000
2008-07-15,1.599000,0.795550,167.480000,1.606500,1.597900,1.628000,2.069600
2008-07-16,1.588800,0.793950,165.660000,1.604000,1.592000,1.627000,2.059100
2008-07-17,1.584900,0.791400,167.430000,1.614500,1.586000,1.624600,2.066100
2008-07-18,1.581600,0.793150,169.030000,1.620700,1.590100,1.628800,2.071900
2008-07-21,1.585800,0.794600,169.650000,1.622000,1.592100,1.626000,2.083000
2008-07-22,1.591900,0.793550,169.260000,1.617400,1.594300,1.628400,2.087600
2008-07-23,1.574100,0.787200,169.750000,1.628700,1.586900,1.633000,2.096600
2008-07-24,1.567700,0.789000,168.920000,1.627300,1.583200,1.631900,2.114500
2008-07-25,1.573400,0.788800,168.770000,1.626800,1.596800,1.643800,2.115900
2008-07-28,1.574600,0.792500,169.630000,1.628500,1.608700,1.646600,2.116300
2008-07-29,1.570500,0.789750,169.330000,1.630000,1.608700,1.645400,2.123600
2008-07-30,1.558900,0.786700,168.200000,1.631500,1.594500,1.646800,2.125600
2008-07-31,1.561100,0.788950,169.020000,1.635400,1.597000,1.654500,2.129600
2008-08-01,1.557400,0.787850,167.440000,1.632400,1.598000,1.666200,2.137700
2008-08-04,1.556600,0.791650,168.390000,1.634600,1.603500,1.669700,2.131700
2008-08-05,1.548700,0.792850,167.060000,1.631200,1.616800,1.689000,2.138800
2008-08-06,1.547800,0.792050,168.160000,1.629100,1.615900,1.692000,2.139800
2008-08-07,1.547100,0.792550,169.160000,1.632200,1.620100,1.698600,2.153700
2008-08-08,1.507400,0.784100,165.610000,1.623800,1.607500,1.688500,2.139400
2008-08-11,1.501200,0.781650,164.730000,1.620200,1.601300,1.685000,2.131500
2008-08-12,1.490700,0.784400,163.970000,1.621500,1.593600,1.704800,2.138900
2008-08-13,1.490300,0.794200,162.050000,1.621100,1.591600,1.712000,2.136900
2008-08-14,1.490700,0.795300,163.360000,1.621900,1.577500,1.701000,2.119700
2008-08-15,1.472900,0.790700,162.700000,1.615800,1.568500,1.703100,2.104400
2008-08-18,1.470400,0.788100,162.200000,1.617000,1.555800,1.683700,2.060300
2008-08-19,1.467700,0.788500,161.110000,1.610900,1.563700,1.693100,2.068800
2008-08-20,1.473400,0.793150,162.220000,1.617700,1.564000,1.692400,2.070500
2008-08-21,1.481400,0.793600,160.350000,1.617200,1.559800,1.701100,2.073800
2008-08-22,1.480800,0.796600,162.550000,1.622800,1.550200,1.702000,2.078200
2008-08-25,1.476700,0.796600,162.320000,1.621400,1.542400,1.702100,2.083700
2008-08-26,1.459800,0.795300,160.190000,1.613800,1.537900,1.712000,2.108300
2008-08-27,1.476700,0.799700,160.980000,1.613200,1.541700,1.711400,2.103000
2008-08-28,1.477100,0.804700,161.440000,1.610800,1.545600,1.704500,2.095800
2008-08-29,1.473500,0.805000,160.220000,1.616400,1.551000,1.706600,2.089000
2008-09-01,1.462100,0.811650,157.720000,1.606400,1.558500,1.713600,2.097400
2008-09-02,1.451600,0.812950,158.010000,1.609600,1.548300,1.739400,2.115300
2008-09-03,1.444100,0.813300,156.750000,1.605000,1.550000,1.734300,2.119000
2008-09-04,1.448800,0.813000,156.760000,1.603500,1.534400,1.732800,2.110700
2008-09-05,1.424700,0.809300,151.540000,1.588800,1.519400,1.760800,2.144700
2008-09-08,1.421400,0.807200,154.420000,1.605200,1.509100,1.734600,2.108600
2008-09-09,1.414400,0.803000,152.900000,1.599500,1.503000,1.738700,2.097000
2008-09-10,1.409400,0.802000,150.520000,1.592800,1.509000,1.754100,2.111800
2008-09-11,1.393400,0.794100,148.690000,1.585700,1.495000,1.752400,2.150600
2008-09-12,1.406600,0.796200,150.910000,1.599800,1.503600,1.744200,2.145200
2008-09-15,1.415100,0.793950,149.870000,1.590300,1.514000,1.754400,2.152400
2008-09-16,1.426700,0.797500,148.070000,1.582300,1.528300,1.795800,2.172900
2008-09-17,1.422400,0.795150,150.260000,1.592100,1.517600,1.790500,2.158900
2008-09-18,1.450200,0.794400,151.960000,1.583800,1.539000,1.796100,2.144900
2008-09-19,1.423600,0.787300,153.030000,1.597500,1.515400,1.750500,2.100300
2008-09-22,1.457100,0.792000,155.200000,1.598800,1.530500,1.743600,2.116600
2008-09-23,1.473100,0.795050,155.420000,1.592600,1.523300,1.751100,2.139300
2008-09-24,1.469000,0.792350,155.570000,1.595100,1.520500,1.755800,2.148900
2008-09-25,1.470000,0.792000,155.910000,1.594400,1.520500,1.749100,2.137200
2008-09-26,1.464000,0.794750,154.130000,1.587900,1.514800,1.766400,2.135400
2008-09-29,1.434900,0.795900,152.300000,1.584500,1.492900,1.761500,2.122300
2008-09-30,1.430300,0.790300,150.470000,1.577400,1.496100,1.773900,2.114300
2008-10-01,1.408100,0.791900,149.550000,1.581800,1.491200,1.765800,2.083900
2008-10-02,1.390300,0.787200,146.450000,1.573200,1.480400,1.767600,2.075400
2008-10-03,1.383400,0.783550,145.090000,1.565400,1.489900,1.780000,2.087800
2008-10-06,1.363400,0.772800,140.780000,1.553400,1.478700,1.821800,2.102100
2008-10-07,1.363200,0.777250,139.510000,1.552600,1.499100,1.878500,2.143700
2008-10-08,1.373100,0.780900,138.420000,1.554100,1.510500,2.002200,2.248000
2008-10-09,1.368200,0.789500,137.840000,1.546200,1.539800,1.950300,2.209300
2008-10-10,1.357900,0.798000,134.680000,1.517500,1.583900,2.053800,2.267700
2008-10-13,1.363900,0.785400,136.630000,1.541600,1.590300,2.032000,2.255100
2008-10-14,1.375200,0.781050,141.250000,1.552600,1.565000,1.906600,2.174400
2008-10-15,1.362500,0.776150,138.180000,1.542500,1.583300,1.957100,2.174400
2008-10-16,1.350700,0.782650,135.910000,1.529400,1.605600,2.001800,2.212400
2008-10-17,1.340400,0.775100,135.570000,1.521300,1.593600,1.961700,2.185200
2008-10-20,1.342400,0.771650,136.450000,1.529900,1.590000,1.936000,2.179000
2008-10-21,1.318400,0.777000,133.060000,1.522400,1.592800,1.928000,2.155700
2008-10-22,1.284300,0.788150,126.880000,1.499100,1.608800,1.907300,2.155400
2008-10-23,1.281000,0.791700,124.410000,1.492800,1.628500,1.937200,2.180200
2008-10-24,1.259600,0.806100,117.400000,1.456600,1.599400,2.050600,2.282900
2008-10-27,1.246000,0.806300,115.750000,1.443800,1.596900,2.039600,2.300200
2008-10-28,1.252600,0.797900,119.420000,1.452000,1.613300,2.003700,2.268400
2008-10-29,1.277000,0.795800,124.000000,1.469500,1.607500,1.967200,2.218200
2008-10-30,1.303500,0.790700,128.730000,1.480000,1.569700,1.920400,2.201500
2008-10-31,1.275700,0.786900,124.970000,1.468600,1.568100,1.924700,2.188700
2008-11-03,1.282200,0.796900,126.380000,1.483200,1.534000,1.910200,2.183600
2008-11-04,1.282000,0.807500,127.350000,1.494300,1.494900,1.855400,2.110300
2008-11-05,1.287000,0.806500,127.400000,1.505100,1.485800,1.860900,2.134200
2008-11-06,1.277000,0.805000,124.860000,1.498800,1.497200,1.877300,2.136700
2008-11-07,1.275600,0.808450,124.290000,1.498300,1.522400,1.909600,2.171200
2008-11-10,1.289100,0.816500,127.890000,1.513300,1.511000,1.864100,2.143000
2008-11-11,1.274700,0.814700,124.770000,1.497800,1.516800,1.902800,2.183800
2008-11-12,1.253000,0.823100,121.810000,1.486800,1.519300,1.899200,2.180100
2008-11-13,1.252500,0.844200,120.340000,1.491700,1.546500,1.959600,2.251500
2008-11-14,1.267500,0.859800,122.170000,1.510000,1.550400,1.930100,2.274200
2008-11-17,1.266000,0.848250,121.930000,1.515000,1.550200,1.943000,2.272500
2008-11-18,1.265300,0.842100,121.920000,1.516600,1.555400,1.951100,2.298300
2008-11-19,1.263400,0.839800,122.070000,1.522800,1.563400,1.954700,2.303100
2008-11-20,1.254200,0.842100,119.870000,1.529000,1.581400,1.992700,2.320900
2008-11-21,1.260200,0.841000,119.300000,1.536900,1.615100,2.027800,2.385400
2008-11-24,1.277300,0.851700,122.520000,1.543700,1.613400,1.993600,2.361900
2008-11-25,1.281100,0.853750,123.080000,1.544000,1.591200,2.008600,2.377900
2008-11-26,1.293500,0.845600,123.100000,1.545600,1.598500,1.999200,2.357800
2008-11-27,1.290000,0.835800,123.040000,1.545000,1.593700,1.968900,2.339900
2008-11-28,1.272700,0.829900,121.460000,1.545500,1.577500,1.953300,2.321200
2008-12-01,1.260800,0.841550,118.420000,1.526200,1.572500,1.964900,2.361000
2008-12-02,1.269700,0.846950,118.560000,1.531100,1.575600,1.960200,2.380400
2008-12-03,1.262300,0.854750,117.390000,1.533200,1.585300,1.962500,2.380400
2008-12-04,1.262000,0.862600,117.100000,1.533500,1.594800,1.963400,2.359300
2008-12-05,1.266500,0.866600,116.910000,1.538000,1.635400,1.989500,2.401600
2008-12-08,1.285400,0.865100,120.100000,1.559000,1.606700,1.937700,2.369000
2008-12-09,1.283800,0.871100,118.850000,1.559300,1.617100,1.959600,2.373000
2008-12-10,1.292500,0.873250,119.770000,1.558700,1.629500,1.966500,2.369600
2008-12-11,1.321500,0.886900,120.670000,1.573700,1.638300,1.988900,2.399000
2008-12-12,1.334000,0.892350,120.210000,1.574600,1.659800,2.029100,2.450000
2008-12-15,1.351000,0.899400,122.420000,1.578900,1.655500,2.024600,2.444100
2008-12-16,1.369000,0.893600,123.200000,1.581400,1.683200,2.037400,2.431800
2008-12-17,1.405900,0.918550,124.350000,1.564000,1.700400,2.046900,2.429800
2008-12-18,1.461600,0.950900,129.220000,1.536800,1.743300,2.073500,2.441500
2008-12-19,1.394000,0.928700,124.740000,1.544800,1.710000,2.047000,2.430900
2008-12-22,1.397000,0.943200,125.660000,1.536700,1.676300,2.039300,2.424700
2008-12-23,1.397800,0.943950,126.030000,1.517500,1.704100,2.044200,2.447100
2008-12-24,1.400500,0.949300,126.650000,1.504300,1.698400,2.054000,2.437100
2008-12-29,1.427000,0.978550,128.980000,1.493100,1.740800,2.059500,2.455900
2008-12-30,1.409800,0.974200,127.400000,1.496300,1.733100,2.043500,2.444800
2008-12-31,1.391700,0.952500,126.140000,1.485000,1.699800,2.027400,2.419100
2009-01-02,1.386600,0.961000,126.640000,1.487400,1.694200,1.988400,2.396900
2009-01-05,1.358200,0.935800,126.810000,1.506000,1.647500,1.918900,2.330100
2009-01-06,1.333200,0.917600,125.840000,1.501800,1.585000,1.872700,2.270000
2009-01-07,1.359500,0.904300,126.770000,1.500600,1.606100,1.883100,2.271700
2009-01-08,1.361700,0.893300,124.340000,1.494100,1.634400,1.935700,2.310300
2009-01-09,1.368400,0.894800,124.400000,1.499800,1.618600,1.937100,2.316000
2009-01-12,1.339400,0.895600,120.480000,1.500500,1.602100,1.947800,2.310300
2009-01-13,1.326200,0.911200,118.540000,1.485800,1.632000,1.987400,2.399700
2009-01-14,1.317300,0.908300,117.660000,1.476100,1.614400,1.976900,2.426200
2009-01-15,1.308500,0.896600,116.970000,1.472500,1.637300,1.981800,2.438000
2009-01-16,1.327000,0.889300,120.110000,1.486300,1.643400,1.961100,2.418200
2009-01-19,1.318200,0.904700,119.160000,1.481200,1.649200,1.962800,2.422300
2009-01-20,1.293000,0.931100,116.900000,1.480700,1.636400,1.966200,2.448200
2009-01-21,1.291000,0.938600,116.110000,1.476400,1.634500,1.993700,2.488200
2009-01-22,1.298400,0.944100,114.980000,1.503600,1.639200,1.979900,2.458200
2009-01-23,1.279500,0.938700,113.650000,1.495500,1.608700,1.983600,2.459200
2009-01-26,1.299000,0.939500,115.820000,1.503100,1.586400,1.977300,2.462100
2009-01-27,1.317400,0.935200,117.590000,1.501700,1.619000,1.988400,2.492200
2009-01-28,1.326000,0.927250,118.570000,1.516300,1.616100,1.981500,2.502400
2009-01-29,1.311100,0.917250,118.070000,1.506300,1.596300,1.994200,2.529400
2009-01-30,1.281600,0.897850,114.980000,1.487100,1.589500,2.011500,2.526800
2009-02-02,1.276000,0.903350,114.040000,1.487200,1.585000,2.031800,2.553500
2009-02-03,1.284900,0.902900,115.020000,1.489800,1.605800,2.011300,2.541800
2009-02-04,1.281800,0.890100,114.280000,1.489600,1.592800,2.000600,2.532500
2009-02-05,1.282900,0.878000,115.040000,1.491900,1.580700,1.977200,2.503300
2009-02-06,1.279600,0.870600,116.700000,1.501200,1.600100,1.940700,2.468400
2009-02-09,1.300800,0.871000,119.210000,1.506000,1.596900,1.925700,2.424800
2009-02-10,1.296700,0.877100,118.390000,1.506100,1.586600,1.940000,2.417600
2009-02-11,1.293800,0.900000,116.500000,1.497200,1.613800,1.974500,2.469300
2009-02-12,1.283300,0.903000,115.460000,1.488500,1.599400,1.984400,2.473800
2009-02-13,1.282300,0.884150,117.590000,1.493100,1.583300,1.940400,2.432500
2009-02-16,1.276500,0.894500,117.330000,1.488300,1.591200,1.962200,2.463800
2009-02-17,1.263400,0.885100,116.200000,1.481300,1.595900,1.975000,2.479000
2009-02-18,1.259600,0.884600,116.830000,1.479200,1.588200,1.972600,2.469100
2009-02-19,1.270500,0.882300,118.990000,1.492200,1.586800,1.959700,2.465300
2009-02-20,1.259100,0.881000,118.620000,1.492100,1.591100,1.974600,2.495700
2009-02-23,1.279800,0.878000,121.090000,1.490800,1.600100,1.979600,2.496700
2009-02-24,1.276300,0.879700,122.400000,1.480500,1.599600,1.979700,2.507200
2009-02-25,1.279500,0.888400,123.760000,1.484800,1.594700,1.968500,2.484700
2009-02-26,1.278200,0.891300,125.330000,1.484800,1.588500,1.959000,2.495300
2009-02-27,1.264400,0.893100,123.230000,1.484100,1.598500,1.989100,2.527500
2009-03-02,1.259600,0.893300,122.520000,1.480900,1.622900,1.986900,2.551100
2009-03-03,1.261500,0.895750,123.640000,1.482600,1.621900,1.961900,2.530300
2009-03-04,1.255500,0.890200,124.670000,1.478200,1.615600,1.957000,2.508000
2009-03-05,1.255500,0.890300,124.710000,1.476500,1.613900,1.957300,2.506500
2009-03-06,1.265800,0.890000,122.530000,1.463700,1.625800,1.978300,2.513400
2009-03-09,1.256500,0.911400,124.400000,1.466900,1.640500,1.988300,2.539900
2009-03-10,1.278300,0.922900,125.450000,1.466700,1.634900,1.984200,2.547200
2009-03-11,1.278600,0.925500,125.350000,1.477200,1.632500,1.965700,2.526600
2009-03-12,1.278200,0.930800,124.300000,1.522500,1.646000,1.978500,2.498400
2009-03-13,1.290500,0.922000,127.030000,1.536000,1.641300,1.958700,2.460700
2009-03-16,1.304200,0.920550,128.510000,1.542100,1.653400,1.967900,2.456800
2009-03-17,1.294200,0.926500,128.100000,1.532700,1.649500,1.962400,2.441000
2009-03-18,1.313000,0.939100,128.940000,1.533200,1.656300,1.984000,2.475300
2009-03-19,1.367100,0.940500,129.670000,1.538500,1.673200,1.977100,2.460100
2009-03-20,1.354900,0.939500,129.870000,1.529100,1.677000,1.968500,2.424000
2009-03-23,1.355800,0.929450,131.120000,1.530100,1.675300,1.947500,2.393800
2009-03-24,1.350700,0.920600,132.680000,1.526700,1.656000,1.934100,2.387700
2009-03-25,1.349400,0.924250,132.240000,1.523000,1.659800,1.931000,2.384700
2009-03-26,1.360700,0.931600,133.630000,1.526600,1.670700,1.934900,2.349700
2009-03-27,1.329500,0.928500,129.910000,1.518900,1.644600,1.923000,2.331200
2009-03-30,1.319300,0.929100,127.930000,1.515900,1.653300,1.938600,2.344800
2009-03-31,1.330800,0.930800,131.170000,1.515200,1.668500,1.921600,2.328800
2009-04-01,1.324600,0.920600,130.860000,1.510600,1.676400,1.908100,2.352500
2009-04-02,1.339200,0.912900,133.480000,1.526000,1.672500,1.879700,2.325800
2009-04-03,1.342500,0.909300,134.080000,1.523600,1.666400,1.881300,2.296800
2009-04-06,1.349600,0.905200,136.020000,1.524700,1.665600,1.895400,2.292300
2009-04-07,1.325500,0.905050,132.800000,1.516900,1.650100,1.871500,2.299800
2009-04-08,1.323100,0.899350,132.370000,1.517000,1.634000,1.864400,2.296300
2009-04-09,1.327300,0.904400,133.050000,1.526000,1.632800,1.859500,2.287500
2009-04-14,1.327600,0.891500,132.570000,1.515100,1.611700,1.822100,2.254600
2009-04-15,1.317300,0.882100,130.700000,1.510000,1.600400,1.835200,2.291200
2009-04-16,1.319600,0.885600,130.500000,1.512700,1.587400,1.831500,2.313700
2009-04-17,1.305800,0.882800,129.670000,1.521800,1.581500,1.812500,2.289100
2009-04-20,1.296600,0.889600,127.800000,1.517400,1.598500,1.838600,2.314900
2009-04-21,1.293200,0.888600,126.820000,1.511400,1.605100,1.850900,2.334700
2009-04-22,1.294700,0.888200,126.850000,1.512100,1.610600,1.837000,2.326900
2009-04-23,1.305000,0.896800,128.280000,1.513000,1.610800,1.830400,2.325800
2009-04-24,1.323200,0.906000,128.300000,1.510200,1.612100,1.840200,2.329400
2009-04-27,1.312500,0.900750,126.820000,1.507800,1.595300,1.839700,2.323400
2009-04-28,1.299200,0.890350,125.080000,1.503800,1.591800,1.851100,2.331000
2009-04-29,1.326600,0.898750,128.530000,1.506400,1.594200,1.843400,2.323300
2009-04-30,1.327500,0.893350,130.340000,1.506600,1.578600,1.814600,2.337800
2009-05-04,1.322300,0.889700,131.520000,1.509300,1.568100,1.803000,2.313700
2009-05-05,1.340300,0.885900,132.590000,1.511300,1.566900,1.799800,2.299400
2009-05-06,1.332200,0.886100,131.170000,1.508900,1.568900,1.791700,2.285700
2009-05-07,1.336300,0.884700,132.720000,1.516600,1.556900,1.759100,2.238500
2009-05-08,1.342500,0.890700,133.360000,1.514200,1.558200,1.770200,2.253100
2009-05-11,1.357400,0.898600,132.820000,1.505700,1.567600,1.783500,2.253700
2009-05-12,1.368300,0.893400,132.900000,1.508800,1.586500,1.785800,2.255500
2009-05-13,1.362300,0.899800,130.900000,1.505400,1.583200,1.788300,2.274900
2009-05-14,1.356300,0.898100,129.410000,1.505300,1.597100,1.811500,2.306600
2009-05-15,1.351800,0.890500,128.670000,1.502300,1.589400,1.792400,2.300000
2009-05-18,1.349400,0.882500,129.280000,1.511500,1.577900,1.777600,2.286100
2009-05-19,1.361200,0.879400,130.910000,1.514600,1.575400,1.756300,2.251200
2009-05-20,1.369000,0.882600,131.060000,1.512400,1.572400,1.765500,2.260900
2009-05-21,1.377100,0.879000,130.840000,1.517400,1.575400,1.786100,2.277900
2009-05-22,1.397200,0.878100,131.410000,1.521700,1.574400,1.783200,2.255500
2009-05-25,1.401000,0.880300,133.220000,1.517800,1.577700,1.792400,2.265200
2009-05-26,1.390800,0.876000,132.060000,1.514400,1.569800,1.794900,2.262200
2009-05-27,1.390100,0.870600,132.480000,1.513500,1.553600,1.777300,2.250100
2009-05-28,1.385600,0.870000,134.380000,1.511700,1.554400,1.775300,2.222300
2009-05-29,1.409800,0.872900,135.220000,1.512800,1.550100,1.767100,2.213500
2009-06-01,1.422000,0.868000,134.890000,1.514000,1.539700,1.755200,2.191600
2009-06-02,1.423800,0.865200,136.090000,1.513700,1.543300,1.744300,2.176700
2009-06-03,1.420700,0.859700,136.330000,1.517500,1.545900,1.741400,2.201300
2009-06-04,1.409500,0.868900,136.320000,1.512600,1.569400,1.773200,2.248000
2009-06-05,1.417700,0.879200,137.480000,1.519100,1.565700,1.760600,2.226300
2009-06-08,1.386600,0.870900,136.530000,1.516600,1.554800,1.759000,2.233700
2009-06-09,1.395900,0.863200,136.800000,1.515800,1.540200,1.757100,2.238500
2009-06-10,1.410200,0.858300,138.030000,1.515800,1.550000,1.738700,2.225700
2009-06-11,1.396900,0.850700,137.390000,1.512000,1.542800,1.720900,2.183500
2009-06-12,1.400400,0.853800,137.550000,1.509900,1.570800,1.725500,2.189300
2009-06-15,1.385000,0.847200,136.080000,1.511000,1.569000,1.728500,2.195300
2009-06-16,1.389000,0.843700,134.780000,1.507000,1.561200,1.732400,2.180900
2009-06-17,1.384000,0.852200,133.280000,1.509600,1.579400,1.752800,2.207700
2009-06-18,1.392000,0.858300,133.570000,1.501300,1.575800,1.752800,2.192300
2009-06-19,1.393200,0.847150,134.840000,1.510200,1.570800,1.728300,2.168500
2009-06-22,1.385800,0.842550,133.020000,1.507400,1.587100,1.742000,2.184400
2009-06-23,1.397800,0.857350,133.490000,1.503100,1.610100,1.774400,2.204600
2009-06-24,1.402900,0.849300,133.770000,1.518300,1.610500,1.756600,2.180600
2009-06-25,1.394000,0.856700,134.340000,1.531100,1.620000,1.748800,2.187000
2009-06-26,1.409600,0.854300,134.500000,1.527500,1.616800,1.745700,2.179500
2009-06-29,1.405800,0.848650,134.030000,1.526000,1.623600,1.745100,2.167300
2009-06-30,1.413400,0.852100,135.510000,1.526500,1.627500,1.735900,2.165600
2009-07-01,1.409600,0.856200,136.530000,1.524100,1.622400,1.748500,2.201700
2009-07-02,1.404900,0.857300,135.950000,1.523500,1.620100,1.752500,2.216800
2009-07-03,1.400900,0.856250,134.320000,1.522800,1.620300,1.755200,2.211900
2009-07-06,1.389700,0.861200,132.440000,1.519800,1.619300,1.760500,2.217500
2009-07-07,1.401900,0.863800,133.610000,1.518100,1.622300,1.748400,2.199600
2009-07-08,1.390100,0.864950,131.020000,1.516200,1.620600,1.772800,2.216800
2009-07-09,1.399000,0.860600,130.050000,1.511900,1.618200,1.783100,2.219400
2009-07-10,1.390100,0.858000,128.210000,1.514000,1.621200,1.794000,2.225000
2009-07-13,1.397500,0.867800,129.030000,1.513300,1.623900,1.801000,2.240700
2009-07-14,1.399100,0.857550,130.340000,1.515900,1.601800,1.768900,2.198800
2009-07-15,1.408900,0.857600,131.570000,1.517900,1.581300,1.755100,2.178000
2009-07-16,1.413000,0.859100,132.630000,1.515400,1.578700,1.758200,2.185200
2009-07-17,1.409000,0.865300,132.060000,1.519300,1.573400,1.762100,2.188400
2009-07-20,1.421700,0.860100,134.440000,1.519800,1.570200,1.751000,2.171400
2009-07-21,1.422300,0.865300,134.100000,1.518600,1.568900,1.743800,2.164700
2009-07-22,1.419100,0.864800,132.490000,1.516400,1.570400,1.745500,2.165700
2009-07-23,1.422900,0.861700,134.230000,1.520300,1.560600,1.737600,2.157900
2009-07-24,1.422700,0.867000,134.920000,1.521700,1.540700,1.741300,2.166300
2009-07-27,1.426900,0.865300,135.610000,1.523700,1.543300,1.733100,2.169700
2009-07-28,1.422900,0.862200,134.530000,1.522400,1.537800,1.713800,2.153100
2009-07-29,1.410400,0.861100,133.860000,1.526800,1.533500,1.722000,2.145700
2009-07-30,1.405300,0.852400,133.890000,1.531400,1.524000,1.704200,2.155500
2009-07-31,1.413800,0.855600,135.330000,1.531700,1.523400,1.706000,2.157800
2009-08-03,1.430300,0.849200,135.860000,1.524600,1.527400,1.702000,2.144500
2009-08-04,1.438400,0.848450,136.220000,1.528600,1.536900,1.711600,2.160900
2009-08-05,1.441000,0.846950,137.380000,1.531600,1.550700,1.708000,2.134700
2009-08-06,1.437000,0.852400,137.310000,1.529000,1.541600,1.706700,2.143500
2009-08-07,1.435700,0.856700,136.890000,1.528800,1.554000,1.716100,2.131500
2009-08-10,1.420200,0.853550,138.010000,1.534500,1.536100,1.689500,2.098500
2009-08-11,1.416600,0.858400,136.720000,1.530100,1.553700,1.696500,2.112600
2009-08-12,1.417000,0.859650,135.770000,1.527600,1.563300,1.720100,2.129400
2009-08-13,1.429300,0.858650,137.520000,1.532800,1.545100,1.693100,2.102100
2009-08-14,1.429400,0.861600,135.610000,1.526700,1.550900,1.693900,2.078500
2009-08-17,1.407200,0.862900,132.940000,1.521200,1.562100,1.720800,2.115500
2009-08-18,1.410100,0.856600,134.120000,1.520700,1.560600,1.711600,2.098500
2009-08-19,1.411200,0.860800,132.550000,1.515200,1.565700,1.723900,2.110800
2009-08-20,1.424300,0.863800,134.110000,1.516900,1.560000,1.712400,2.105500
2009-08-21,1.433000,0.865700,134.190000,1.516000,1.554100,1.719700,2.101500
2009-08-24,1.432300,0.868200,135.570000,1.518400,1.544400,1.703200,2.086500
2009-08-25,1.432400,0.874050,135.050000,1.517100,1.541100,1.705400,2.083200
2009-08-26,1.427000,0.878000,134.320000,1.518900,1.557000,1.716300,2.087900
2009-08-27,1.426800,0.880400,133.610000,1.523400,1.559800,1.710100,2.090200
2009-08-28,1.436400,0.878400,134.750000,1.517000,1.552200,1.699500,2.090800
2009-08-31,1.427200,0.881350,133.100000,1.516800,1.579300,1.708700,2.097300
2009-09-01,1.431400,0.881500,133.260000,1.515300,1.567200,1.709600,2.095300
2009-09-02,1.422000,0.875100,131.630000,1.516700,1.572000,1.711200,2.107800
2009-09-03,1.433500,0.874700,132.470000,1.514300,1.574200,1.703700,2.102500
2009-09-04,1.426200,0.872000,132.450000,1.515700,1.558100,1.691500,2.085100
2009-09-07,1.433000,0.873500,133.330000,1.518100,1.542900,1.674800,2.069600
2009-09-08,1.447300,0.873650,133.570000,1.515900,1.548300,1.677000,2.079000
2009-09-09,1.452200,0.879300,134.130000,1.517300,1.569000,1.683600,2.081900
2009-09-10,1.454500,0.875750,133.920000,1.515100,1.579100,1.696500,2.090100
2009-09-11,1.459400,0.873900,132.620000,1.513700,1.572800,1.690800,2.066000
2009-09-14,1.456100,0.879000,132.300000,1.513300,1.587900,1.696300,2.081800
2009-09-15,1.461100,0.886900,133.260000,1.516200,1.586900,1.701400,2.088300
2009-09-16,1.467100,0.889700,132.600000,1.519600,1.569600,1.684300,2.059100
2009-09-17,1.471200,0.890500,134.380000,1.518700,1.567200,1.686300,2.070800
2009-09-18,1.470500,0.900300,134.170000,1.514600,1.575200,1.693400,2.070800
2009-09-21,1.465800,0.906600,135.460000,1.518200,1.578000,1.701700,2.083000
2009-09-22,1.478000,0.904700,135.090000,1.514900,1.578700,1.692200,2.048400
2009-09-23,1.478300,0.899400,134.960000,1.512300,1.579400,1.690600,2.036800
2009-09-24,1.476800,0.910650,133.850000,1.511700,1.584300,1.688000,2.039100
2009-09-25,1.467000,0.918750,132.590000,1.511800,1.603500,1.695200,2.046200
2009-09-28,1.465000,0.922650,131.150000,1.511400,1.602700,1.690600,2.054800
2009-09-29,1.454900,0.911800,130.910000,1.512400,1.586100,1.669000,2.036100
2009-09-30,1.464300,0.909300,131.070000,1.507800,1.570900,1.659600,2.028700
2009-10-01,1.453900,0.910850,130.780000,1.516500,1.560100,1.653900,2.014100
2009-10-02,1.453700,0.917200,129.950000,1.510700,1.585600,1.683800,2.035800
2009-10-05,1.461600,0.917100,131.410000,1.510200,1.569300,1.671300,2.025500
2009-10-06,1.472200,0.926050,131.210000,1.511800,1.564800,1.657400,2.003700
2009-10-07,1.469400,0.924900,130.680000,1.515000,1.554600,1.651200,2.002500
2009-10-08,1.476300,0.920000,130.460000,1.516600,1.561900,1.634600,1.995400
2009-10-09,1.475000,0.922850,131.120000,1.518700,1.539800,1.628800,2.001600
2009-10-12,1.476500,0.933300,132.990000,1.517500,1.524800,1.628900,2.010600
2009-10-13,1.486400,0.940800,133.020000,1.517000,1.530800,1.634100,2.011800
2009-10-14,1.488100,0.930250,133.390000,1.516600,1.531100,1.632600,2.021200
2009-10-15,1.486400,0.914700,134.070000,1.513200,1.536000,1.621400,2.002700
2009-10-16,1.486900,0.911750,135.600000,1.518000,1.545800,1.621300,2.013800
2009-10-19,1.491800,0.914300,135.660000,1.513800,1.544500,1.620600,2.000100
2009-10-20,1.497100,0.911700,135.530000,1.512100,1.544300,1.612100,1.983500
2009-10-21,1.492100,0.900100,135.820000,1.511200,1.575400,1.617500,1.986200
2009-10-22,1.500000,0.905300,136.900000,1.510500,1.574000,1.623500,1.987200
2009-10-23,1.502000,0.917200,137.970000,1.513200,1.580700,1.623500,1.987200
2009-10-26,1.501900,0.919400,138.090000,1.513100,1.587200,1.625300,1.993500
2009-10-27,1.487400,0.907750,136.910000,1.514500,1.583900,1.619900,1.989700
2009-10-28,1.478500,0.905700,134.760000,1.510900,1.585500,1.632700,2.012500
2009-10-29,1.478800,0.897500,135.130000,1.510900,1.586500,1.627600,2.030500
2009-10-30,1.480000,0.893750,134.660000,1.512300,1.595200,1.627400,2.034600
2009-11-02,1.477200,0.903300,132.950000,1.509300,1.595800,1.632300,2.051200
2009-11-03,1.465800,0.898600,132.250000,1.512100,1.583400,1.635000,2.052100
2009-11-04,1.476100,0.893600,134.300000,1.511300,1.568200,1.627700,2.041300
2009-11-05,1.486700,0.895300,134.300000,1.511400,1.580400,1.636200,2.060600
2009-11-06,1.486200,0.896000,134.760000,1.511500,1.592300,1.623500,2.055200
2009-11-09,1.498400,0.893650,134.810000,1.510300,1.592300,1.614100,2.027100
2009-11-10,1.496600,0.898600,134.510000,1.511500,1.585200,1.614500,2.022400
2009-11-11,1.503700,0.902900,135.110000,1.510400,1.569300,1.613300,2.027800
2009-11-12,1.492200,0.902000,134.320000,1.510600,1.570200,1.606200,2.028700
2009-11-13,1.486800,0.891250,133.510000,1.509800,1.565500,1.601900,2.017200
2009-11-16,1.496500,0.894850,134.020000,1.509300,1.563500,1.600400,2.010200
2009-11-17,1.487500,0.886250,132.760000,1.511100,1.573500,1.602300,1.994000
2009-11-18,1.495700,0.889500,133.390000,1.511200,1.565700,1.602600,1.995900
2009-11-19,1.486300,0.893850,132.050000,1.513100,1.577600,1.619300,2.036400
2009-11-20,1.481500,0.899150,131.870000,1.512600,1.587600,1.629900,2.053000
2009-11-23,1.496800,0.900750,133.030000,1.510800,1.584600,1.621200,2.043600
2009-11-24,1.496900,0.903100,132.570000,1.511000,1.581500,1.625400,2.054100
2009-11-25,1.508300,0.903100,132.100000,1.509500,1.578700,1.623600,2.065200
2009-11-26,1.507100,0.911000,130.700000,1.509800,1.588200,1.643600,2.098700
2009-11-27,1.491800,0.909100,129.200000,1.506400,1.599200,1.650700,2.108700
2009-11-30,1.502300,0.911550,129.770000,1.507100,1.588200,1.645200,2.101900
2009-12-01,1.507400,0.909850,131.020000,1.507900,1.576100,1.635500,2.076900
2009-12-02,1.509000,0.904300,131.550000,1.507200,1.576600,1.626200,2.074200
2009-12-03,1.512000,0.909150,133.170000,1.508300,1.587300,1.627600,2.088100
2009-12-04,1.506800,0.904800,133.080000,1.506300,1.577800,1.625900,2.077600
2009-12-07,1.478700,0.905050,133.240000,1.512300,1.566400,1.627100,2.082800
2009-12-08,1.477400,0.907000,130.740000,1.511100,1.559500,1.624700,2.078500
2009-12-09,1.476800,0.904600,129.910000,1.511400,1.564300,1.622200,2.070900
2009-12-10,1.473000,0.904300,130.030000,1.511300,1.547200,1.607400,2.023600
2009-12-11,1.475700,0.905150,131.130000,1.512500,1.548100,1.607600,2.027400
2009-12-14,1.464700,0.900600,129.550000,1.512200,1.558400,1.607100,2.019700
2009-12-15,1.454100,0.896000,130.220000,1.512300,1.545900,1.604800,2.018300
2009-12-16,1.456000,0.889450,130.610000,1.512600,1.543200,1.617900,2.022100
2009-12-17,1.434300,0.889950,129.270000,1.505300,1.538900,1.619500,2.019400
2009-12-18,1.433700,0.887000,129.680000,1.495800,1.529500,1.615600,2.022700
2009-12-21,1.436800,0.891800,130.100000,1.493800,1.516500,1.621100,2.023700
2009-12-22,1.427900,0.893050,130.830000,1.498700,1.510900,1.625900,2.029400
2009-12-23,1.427600,0.894700,130.950000,1.489500,1.498300,1.627000,2.034500
2009-12-24,1.439800,0.900800,131.730000,1.488200,1.505200,1.629400,2.039100
2009-12-28,1.440500,0.901430,131.860000,1.488800,1.506900,1.622200,2.031200
2009-12-29,1.443300,0.902700,132.440000,1.488200,1.499900,1.606900,2.005700
2009-12-30,1.433800,0.904000,132.350000,1.487800,1.503900,1.603600,1.996900
2009-12-31,1.440600,0.888100,133.160000,1.483600,1.512800,1.600800,1.980300
2010-01-04,1.438900,0.891400,133.620000,1.487300,1.495300,1.588500,1.976400
2010-01-05,1.444200,0.900450,132.540000,1.485600,1.495200,1.576900,1.960800
2010-01-06,1.435000,0.898600,132.690000,1.482300,1.492000,1.567700,1.957000
2010-01-07,1.430400,0.899600,133.500000,1.483200,1.478900,1.561100,1.953600
2010-01-08,1.427300,0.893400,133.360000,1.481500,1.478100,1.561000,1.956600
2010-01-11,1.452800,0.898900,134.230000,1.475500,1.492800,1.559300,1.959400
2010-01-12,1.448100,0.897200,132.410000,1.474300,1.495900,1.566800,1.957300
2010-01-13,1.456300,0.894600,133.020000,1.478800,1.506500,1.572900,1.963200
2010-01-14,1.448600,0.890500,132.880000,1.480400,1.494200,1.559100,1.953100
2010-01-15,1.437400,0.881050,130.760000,1.475600,1.475200,1.554700,1.949700
2010-01-18,1.436900,0.879500,130.330000,1.474500,1.474100,1.551100,1.945600
2010-01-19,1.427900,0.874300,129.790000,1.476000,1.472300,1.554100,1.944000
2010-01-20,1.413200,0.869200,128.650000,1.476300,1.477100,1.546800,1.958700
2010-01-21,1.406400,0.870000,129.140000,1.472300,1.474000,1.546300,1.959000
2010-01-22,1.413500,0.876300,127.350000,1.470800,1.489100,1.565900,1.989200
2010-01-25,1.415100,0.877300,127.740000,1.472800,1.499600,1.563500,1.982900
2010-01-26,1.408500,0.873300,126.310000,1.472300,1.496500,1.569300,1.993200
2010-01-27,1.407200,0.867250,125.950000,1.472100,1.497300,1.565600,1.986600
2010-01-28,1.399900,0.861600,126.360000,1.472500,1.482400,1.553700,1.969500
2010-01-29,1.396600,0.866550,126.150000,1.466200,1.492400,1.563900,1.977100
2010-02-01,1.391300,0.874850,125.600000,1.472500,1.486800,1.574800,1.977400
2010-02-02,1.393700,0.873750,126.200000,1.473300,1.476800,1.581500,1.970600
2010-02-03,1.398400,0.876200,126.730000,1.473800,1.483200,1.575900,1.966000
2010-02-04,1.384700,0.873100,125.680000,1.469000,1.470100,1.572600,1.987900
2010-02-05,1.369100,0.873250,122.490000,1.468200,1.469800,1.582200,1.986200
2010-02-08,1.367500,0.876100,122.070000,1.465900,1.464000,1.576500,1.991400
2010-02-09,1.376000,0.880400,123.400000,1.467200,1.468000,1.572900,1.987700
2010-02-10,1.374000,0.879800,123.010000,1.465800,1.466700,1.570000,1.982700
2010-02-11,1.371800,0.877500,123.030000,1.466300,1.450200,1.544600,1.963300
2010-02-12,1.357200,0.869100,122.330000,1.465000,1.426900,1.536600,1.956000
2010-02-15,1.360700,0.867600,122.420000,1.466100,1.425300,1.530400,1.951000
2010-02-16,1.364900,0.870500,122.680000,1.467800,1.426400,1.522900,1.941900
2010-02-17,1.372600,0.869000,124.690000,1.467900,1.430600,1.519100,1.939800
2010-02-18,1.356700,0.870400,123.300000,1.465100,1.417700,1.511500,1.935800
2010-02-19,1.351900,0.878300,124.170000,1.465800,1.421500,1.517100,1.947700
2010-02-22,1.362600,0.879700,124.380000,1.464900,1.413300,1.511300,1.938200
2010-02-23,1.357700,0.880200,123.190000,1.466700,1.417200,1.507000,1.938300
2010-02-24,1.354700,0.877500,122.160000,1.464100,1.430600,1.519100,1.958800
2010-02-25,1.348900,0.880900,120.660000,1.463300,1.427800,1.518600,1.953900
2010-02-26,1.357000,0.892700,120.920000,1.463800,1.435400,1.524000,1.954900
2010-03-01,1.352500,0.906700,120.670000,1.464400,1.426600,1.510500,1.944200
2010-03-02,1.354800,0.906350,120.680000,1.462800,1.402900,1.499400,1.944200
2010-03-03,1.364100,0.905700,121.100000,1.462900,1.409700,1.511600,1.976700
2010-03-04,1.366800,0.905000,120.860000,1.463200,1.407100,1.514900,1.982600
2010-03-05,1.358200,0.902500,121.480000,1.463200,1.401100,1.504300,1.970800
2010-03-08,1.366200,0.902400,123.480000,1.462800,1.402300,1.497000,1.945700
2010-03-09,1.355700,0.906400,121.720000,1.462600,1.396200,1.493800,1.943200
2010-03-10,1.361000,0.911400,123.160000,1.461800,1.396900,1.485500,1.926200
2010-03-11,1.365700,0.908600,123.840000,1.462200,1.402700,1.491600,1.949100
2010-03-12,1.376500,0.908300,124.570000,1.459700,1.401300,1.499100,1.957800
2010-03-15,1.370500,0.910500,124.300000,1.452700,1.397200,1.502200,1.956700
2010-03-16,1.372300,0.906900,124.220000,1.451600,1.394400,1.500500,1.947700
2010-03-17,1.375600,0.896200,124.430000,1.451100,1.390200,1.489800,1.922600
2010-03-18,1.366000,0.894000,123.330000,1.447400,1.380100,1.482100,1.906600
2010-03-19,1.354800,0.894500,122.860000,1.437400,1.366600,1.472700,1.904500
2010-03-22,1.347100,0.899000,121.250000,1.434800,1.378800,1.481500,1.920500
2010-03-23,1.351900,0.900500,122.160000,1.432100,1.377700,1.474200,1.917400
2010-03-24,1.333800,0.894600,122.620000,1.428200,1.365100,1.465500,1.903000
2010-03-25,1.335600,0.894400,123.440000,1.428000,1.359000,1.461900,1.881700
2010-03-26,1.335300,0.900400,124.000000,1.428600,1.372100,1.477800,1.897500
2010-03-29,1.347100,0.899400,124.750000,1.432900,1.375000,1.473400,1.899100
2010-03-30,1.348200,0.893300,124.800000,1.431600,1.373100,1.465000,1.892500
2010-03-31,1.347900,0.889800,125.930000,1.427600,1.368700,1.474100,1.902400
2010-04-01,1.346800,0.884850,126.280000,1.417900,1.362200,1.468500,1.912900
2010-04-06,1.339600,0.882400,126.040000,1.432500,1.340800,1.452100,1.919500
2010-04-07,1.334000,0.878850,125.040000,1.432100,1.336300,1.441000,1.891500
2010-04-08,1.329600,0.875000,123.760000,1.432400,1.340700,1.439400,1.893500
2010-04-09,1.338400,0.872000,125.340000,1.436400,1.346600,1.437800,1.879800
2010-04-12,1.358500,0.882500,126.990000,1.439300,1.368800,1.463500,1.907300
2010-04-13,1.358300,0.881200,126.340000,1.437000,1.363000,1.464600,1.906000
2010-04-14,1.361500,0.881400,127.420000,1.436800,1.357100,1.458300,1.908900
2010-04-15,1.354400,0.877350,126.180000,1.434300,1.353600,1.451300,1.897200
2010-04-16,1.353500,0.877100,125.300000,1.433800,1.356700,1.451900,1.897300
2010-04-19,1.343200,0.880500,123.500000,1.434500,1.368000,1.462500,1.896500
2010-04-20,1.348600,0.876500,125.320000,1.433400,1.366500,1.447800,1.896100
2010-04-21,1.337300,0.869000,124.650000,1.432900,1.333500,1.438700,1.881100
2010-04-22,1.333900,0.866750,124.030000,1.432500,1.334100,1.439000,1.875900
2010-04-23,1.331100,0.867300,125.110000,1.435500,1.333700,1.446400,1.870200
2010-04-26,1.332100,0.862400,125.460000,1.434100,1.331000,1.433600,1.841700
2010-04-27,1.329000,0.867050,124.700000,1.435300,1.334000,1.439500,1.845400
2010-04-28,1.324500,0.870800,124.480000,1.434100,1.340200,1.434300,1.847500
2010-04-29,1.325600,0.867850,124.760000,1.434800,1.329200,1.427200,1.833900
2010-04-30,1.331500,0.870300,125.810000,1.434100,1.337900,1.429200,1.825400
2010-05-03,1.323800,0.868000,124.950000,1.432800,1.342200,1.428900,1.814000
2010-05-04,1.308900,0.863250,123.660000,1.432500,1.332900,1.429300,1.804500
2010-05-05,1.292400,0.855100,122.660000,1.432500,1.328000,1.425000,1.801400
2010-05-06,1.272700,0.842950,119.340000,1.413200,1.314200,1.407500,1.754400
2010-05-07,1.274600,0.868050,117.840000,1.414400,1.322900,1.434500,1.786700
2010-05-10,1.296900,0.864050,120.970000,1.424800,1.324900,1.431100,1.784800
2010-05-11,1.269800,0.859600,117.380000,1.409500,1.303100,1.420000,1.772500
2010-05-12,1.268600,0.849400,118.060000,1.406200,1.289000,1.414300,1.764800
2010-05-13,1.258700,0.853000,116.990000,1.401100,1.278000,1.400600,1.754000
2010-05-14,1.249200,0.857100,115.550000,1.402000,1.283200,1.401500,1.757200
2010-05-17,1.234900,0.855400,114.170000,1.401400,1.279200,1.404300,1.761900
2010-05-18,1.242800,0.858950,115.320000,1.402800,1.276000,1.417800,1.770700
2010-05-19,1.227000,0.858050,112.490000,1.404300,1.283700,1.447600,1.811100
2010-05-20,1.233400,0.864400,111.930000,1.417900,1.312000,1.492000,1.841200
2010-05-21,1.249700,0.870350,112.080000,1.440800,1.340700,1.513500,1.865500
2010-05-24,1.236000,0.860800,111.630000,1.433900,1.309500,1.492800,1.842900
2010-05-25,1.222300,0.852050,109.530000,1.424400,1.320400,1.504700,1.847400
2010-05-26,1.230900,0.854700,111.350000,1.420600,1.309000,1.478000,1.832100
2010-05-27,1.225500,0.846250,110.790000,1.416400,1.291900,1.462000,1.825200
2010-05-28,1.238400,0.849950,113.060000,1.425800,1.295400,1.453400,1.816500
2010-05-31,1.230700,0.848630,112.620000,1.423000,1.289400,1.457600,1.812000
2010-06-01,1.215500,0.834700,110.650000,1.418300,1.276600,1.459500,1.805600
2010-06-02,1.221800,0.833450,112.360000,1.414800,1.284800,1.464100,1.805800
2010-06-03,1.226800,0.835700,113.740000,1.414900,1.273400,1.446900,1.789600
2010-06-04,1.206000,0.827450,111.730000,1.395100,1.259500,1.436400,1.773700
2010-06-07,1.195900,0.824600,109.860000,1.391100,1.267200,1.460700,1.791700
2010-06-08,1.194200,0.828050,109.320000,1.379300,1.257600,1.457900,1.803900
2010-06-09,1.201000,0.825900,109.990000,1.376200,1.252900,1.447600,1.795100
2010-06-10,1.204500,0.825200,109.840000,1.378800,1.248600,1.431000,1.768600
2010-06-11,1.212700,0.829300,111.130000,1.389300,1.250100,1.430100,1.762100
2010-06-14,1.224900,0.830800,112.430000,1.391000,1.258300,1.421900,1.758800
2010-06-15,1.225800,0.832000,111.770000,1.399800,1.262900,1.430100,1.766800
2010-06-16,1.227700,0.830850,112.150000,1.388800,1.263100,1.426100,1.765100
2010-06-17,1.236300,0.834900,112.890000,1.377800,1.266800,1.428100,1.762700
2010-06-18,1.237200,0.835700,112.120000,1.374500,1.272300,1.424900,1.758800
2010-06-21,1.239100,0.834100,113.100000,1.373800,1.260100,1.403200,1.734900
2010-06-22,1.225800,0.834000,111.090000,1.362200,1.253300,1.401200,1.736400
2010-06-23,1.227100,0.822900,110.760000,1.361100,1.268000,1.406200,1.727600
2010-06-24,1.226200,0.818500,109.590000,1.355500,1.281000,1.417900,1.742500
2010-06-25,1.229400,0.823600,109.990000,1.353300,1.279900,1.421900,1.742200
2010-06-28,1.233900,0.820000,110.250000,1.338700,1.275700,1.411900,1.740700
2010-06-29,1.219800,0.810400,108.310000,1.325800,1.281200,1.425000,1.757900
2010-06-30,1.227100,0.817450,108.790000,1.328300,1.289000,1.440300,1.776100
2010-07-01,1.232800,0.822150,108.140000,1.317800,1.312400,1.475300,1.806200
2010-07-02,1.254800,0.825200,109.880000,1.337600,1.334000,1.486400,1.805600
2010-07-05,1.253100,0.827500,109.930000,1.332500,1.334300,1.491600,1.818100
2010-07-06,1.257900,0.829500,110.460000,1.337300,1.333900,1.478800,1.811200
2010-07-07,1.256700,0.831900,109.560000,1.331200,1.331100,1.482100,1.816000
2010-07-08,1.266000,0.835600,111.490000,1.332100,1.321300,1.447100,1.789300
2010-07-09,1.263700,0.836000,111.850000,1.333100,1.307200,1.445200,1.785400
2010-07-12,1.257200,0.836300,111.350000,1.334900,1.298600,1.439800,1.772700
2010-07-13,1.256900,0.831800,110.950000,1.333700,1.297800,1.433600,1.764100
2010-07-14,1.270300,0.834300,112.490000,1.342800,1.315700,1.440500,1.769700
2010-07-15,1.282800,0.835650,113.110000,1.342000,1.320100,1.450400,1.770300
2010-07-16,1.300000,0.845350,112.540000,1.354300,1.358600,1.481200,1.814600
2010-07-19,1.295700,0.848300,112.840000,1.364000,1.366700,1.494300,1.835800
2010-07-20,1.284400,0.847450,111.500000,1.353700,1.358300,1.471800,1.812200
2010-07-21,1.281700,0.839450,111.520000,1.344000,1.328400,1.448700,1.783100
2010-07-22,1.285000,0.842800,111.570000,1.341800,1.338800,1.447600,1.783500
2010-07-23,1.289700,0.837200,112.480000,1.348800,1.338600,1.442700,1.774100
2010-07-26,1.293100,0.834250,112.310000,1.357400,1.339500,1.442500,1.775600
2010-07-27,1.303300,0.838200,113.790000,1.377500,1.338200,1.440200,1.766200
2010-07-28,1.299200,0.833950,114.010000,1.376000,1.339100,1.451800,1.780100
2010-07-29,1.306900,0.836700,113.640000,1.366000,1.350400,1.450000,1.799600
2010-07-30,1.302800,0.834900,112.620000,1.354100,1.345400,1.446600,1.801300
2010-08-02,1.307300,0.826000,113.270000,1.366000,1.337200,1.434800,1.784000
2010-08-03,1.322100,0.829800,113.510000,1.371200,1.354300,1.450900,1.803000
2010-08-04,1.320600,0.828400,112.920000,1.373000,1.350800,1.446400,1.802500
2010-08-05,1.318400,0.829300,113.660000,1.382000,1.335800,1.442900,1.814900
2010-08-06,1.317600,0.830100,113.140000,1.383000,1.346700,1.435600,1.803100
2010-08-09,1.325300,0.830400,113.480000,1.377100,1.363300,1.442300,1.817000
2010-08-10,1.313300,0.835200,113.230000,1.389500,1.359500,1.446800,1.828800
2010-08-11,1.301600,0.827800,110.560000,1.369500,1.350400,1.440100,1.807400
2010-08-12,1.279000,0.820600,109.500000,1.349200,1.339800,1.432100,1.806000
2010-08-13,1.279900,0.821200,109.780000,1.348800,1.332900,1.428000,1.805000
2010-08-16,1.282000,0.821100,109.490000,1.335000,1.336600,1.437900,1.823500
2010-08-17,1.286000,0.823000,109.660000,1.341100,1.334100,1.425100,1.812200
2010-08-18,1.288000,0.823300,109.930000,1.342300,1.323600,1.427100,1.794000
2010-08-19,1.283600,0.820550,109.820000,1.333100,1.318000,1.425800,1.804700
2010-08-20,1.271100,0.819100,108.540000,1.315100,1.332600,1.431400,1.807600
2010-08-23,1.270400,0.816900,108.230000,1.316000,1.329200,1.418100,1.789700
2010-08-24,1.261100,0.819300,106.190000,1.315600,1.340900,1.430100,1.798200
2010-08-25,1.261300,0.818500,106.490000,1.299400,1.344900,1.434900,1.810100
2010-08-26,1.269300,0.817450,107.150000,1.302700,1.342500,1.431800,1.806000
2010-08-27,1.271300,0.820600,107.740000,1.300400,1.348700,1.432200,1.802000
2010-08-30,1.270000,0.816500,107.540000,1.305500,1.333300,1.416100,1.790300
2010-08-31,1.268000,0.824800,107.070000,1.293500,1.348900,1.430400,1.818700
2010-09-01,1.280000,0.831050,107.540000,1.296700,1.356000,1.414100,1.811200
2010-09-02,1.281800,0.832750,107.810000,1.295300,1.345100,1.409900,1.789800
2010-09-03,1.283400,0.833200,108.380000,1.304300,1.356100,1.409400,1.790000
2010-09-06,1.287400,0.838250,108.420000,1.307000,1.332000,1.403200,1.778300
2010-09-07,1.274400,0.831600,106.860000,1.290300,1.328600,1.398200,1.766300
2010-09-08,1.269700,0.822050,106.410000,1.283700,1.331000,1.384500,1.762600
2010-09-09,1.271500,0.825800,106.460000,1.285900,1.313100,1.375000,1.751600
2010-09-10,1.272500,0.823400,106.840000,1.302000,1.311800,1.373900,1.744600
2010-09-13,1.280100,0.831200,107.690000,1.299100,1.318500,1.373200,1.749000
2010-09-14,1.285000,0.834300,107.040000,1.291100,1.319900,1.375800,1.761500
2010-09-15,1.298900,0.835500,111.040000,1.301900,1.333500,1.386300,1.775300
2010-09-16,1.307800,0.837200,111.930000,1.322500,1.342300,1.395800,1.805700
2010-09-17,1.306000,0.835750,111.980000,1.321000,1.341000,1.388600,1.794000
2010-09-20,1.307400,0.838300,112.070000,1.316000,1.348700,1.382600,1.793700
2010-09-21,1.312000,0.845450,112.050000,1.315600,1.353600,1.385200,1.798500
2010-09-22,1.336400,0.855300,113.140000,1.321700,1.367800,1.398300,1.812200
2010-09-23,1.332300,0.850500,112.490000,1.313800,1.379500,1.405800,1.831300
2010-09-24,1.341200,0.853450,113.200000,1.316300,1.380100,1.404700,1.835100
2010-09-27,1.347700,0.850400,113.520000,1.325700,1.379500,1.402600,1.834400
2010-09-28,1.346000,0.849850,113.220000,1.327200,1.389700,1.401200,1.833700
2010-09-29,1.361100,0.861800,113.850000,1.329500,1.397800,1.399900,1.838800
2010-09-30,1.364800,0.859950,113.680000,1.328700,1.407300,1.407000,1.843600
2010-10-01,1.372600,0.867600,114.260000,1.342300,1.408500,1.411400,1.855000
2010-10-04,1.370500,0.865600,114.100000,1.332700,1.399800,1.415300,1.845600
2010-10-05,1.378000,0.866700,114.800000,1.334800,1.407000,1.433800,1.851500
2010-10-06,1.385600,0.872600,114.980000,1.336100,1.401800,1.422100,1.842300
2010-10-07,1.397000,0.874650,115.100000,1.341500,1.412000,1.413200,1.844500
2010-10-08,1.387400,0.875100,114.210000,1.342000,1.416800,1.425200,1.859800
2010-10-11,1.393600,0.874600,114.240000,1.341200,1.410000,1.415300,1.852300
2010-10-12,1.383300,0.873600,113.350000,1.329800,1.402300,1.407600,1.833400
2010-10-13,1.395800,0.881200,114.230000,1.335200,1.399900,1.412800,1.840700
2010-10-14,1.410100,0.879200,114.430000,1.338600,1.408800,1.414500,1.853800
2010-10-15,1.408900,0.877500,114.280000,1.342300,1.416500,1.414200,1.856500
2010-10-18,1.389600,0.874700,113.000000,1.335900,1.419200,1.408700,1.844200
2010-10-19,1.385900,0.880600,113.160000,1.340500,1.421700,1.415900,1.849100
2010-10-20,1.386100,0.882000,112.590000,1.335500,1.426000,1.415100,1.848900
2010-10-21,1.401600,0.890200,113.650000,1.349300,1.430000,1.420800,1.863700
2010-10-22,1.393400,0.887300,113.180000,1.353300,1.429900,1.419800,1.863600
2010-10-25,1.403100,0.892550,113.210000,1.361800,1.429100,1.410700,1.862300
2010-10-26,1.391200,0.876850,113.110000,1.355800,1.424500,1.410800,1.854900
2010-10-27,1.380300,0.872350,112.780000,1.363900,1.421000,1.419400,1.850000
2010-10-28,1.385700,0.870400,112.570000,1.366800,1.419500,1.415800,1.845900
2010-10-29,1.385700,0.868600,111.870000,1.370800,1.415000,1.421600,1.828000
2010-11-01,1.392600,0.866750,111.940000,1.375600,1.416000,1.409400,1.813000
2010-11-02,1.401800,0.874900,113.180000,1.376600,1.416800,1.402100,1.815400
2010-11-03,1.401400,0.870300,113.670000,1.376100,1.413600,1.405800,1.809300
2010-11-04,1.424400,0.875850,115.150000,1.378200,1.426900,1.405600,1.788900
2010-11-05,1.408400,0.867900,114.410000,1.354600,1.410000,1.386500,1.774700
2010-11-08,1.391700,0.862700,112.880000,1.343500,1.396000,1.377000,1.768000
2010-11-09,1.394500,0.862350,112.440000,1.342000,1.393100,1.372600,1.768100
2010-11-10,1.377000,0.856850,113.480000,1.340200,1.383200,1.376600,1.768000
2010-11-11,1.370000,0.849100,112.780000,1.328200,1.374200,1.368200,1.749500
2010-11-12,1.371100,0.850700,112.590000,1.335700,1.385100,1.383500,1.765300
2010-11-15,1.362600,0.847900,113.310000,1.342800,1.374900,1.382200,1.760100
2010-11-16,1.361200,0.851000,113.210000,1.340800,1.381700,1.387400,1.765500
2010-11-17,1.348100,0.848950,112.500000,1.342600,1.377800,1.380100,1.756900
2010-11-18,1.364700,0.852200,113.720000,1.347500,1.389500,1.381200,1.757700
2010-11-19,1.367400,0.855200,114.090000,1.360700,1.395700,1.390300,1.762000
2010-11-22,1.364700,0.854900,113.970000,1.350500,1.386500,1.381700,1.766900
2010-11-23,1.349600,0.847950,112.500000,1.333800,1.379900,1.378900,1.762600
2010-11-24,1.333900,0.843800,111.280000,1.327600,1.355600,1.363200,1.754600
2010-11-25,1.332100,0.846450,111.350000,1.332600,1.345400,1.359500,1.754700
2010-11-26,1.322500,0.844700,110.920000,1.325200,1.352300,1.371500,1.765300
2010-11-29,1.314600,0.844000,110.730000,1.318600,1.342900,1.366200,1.764000
2010-11-30,1.299800,0.837650,109.000000,1.299000,1.330600,1.359500,1.755700
2010-12-01,1.311500,0.839300,110.370000,1.317800,1.336000,1.361500,1.758900
2010-12-02,1.315500,0.844500,110.970000,1.316000,1.329100,1.361400,1.755300
2010-12-03,1.324600,0.848000,110.860000,1.314300,1.326900,1.350800,1.751900
2010-12-06,1.328000,0.847200,110.060000,1.308400,1.336600,1.345400,1.746900
2010-12-07,1.336300,0.846700,110.430000,1.306200,1.338600,1.341900,1.745000
2010-12-08,1.320000,0.836700,111.080000,1.306000,1.336100,1.348000,1.763000
2010-12-09,1.321400,0.838200,111.020000,1.306000,1.335400,1.343200,1.771000
2010-12-10,1.324400,0.837150,110.800000,1.299800,1.337100,1.339900,1.762800
2010-12-13,1.326700,0.843750,111.550000,1.298700,1.335900,1.339000,1.763000
2010-12-14,1.343500,0.848650,111.630000,1.291600,1.353100,1.343300,1.778800
2010-12-15,1.336000,0.852900,111.880000,1.282600,1.344000,1.343600,1.786100
2010-12-16,1.323800,0.847950,111.280000,1.284900,1.329700,1.337300,1.792100
2010-12-17,1.326000,0.851850,111.260000,1.273800,1.335800,1.342800,1.797600
2010-12-20,1.314700,0.846200,110.100000,1.269800,1.331600,1.323200,1.771800
2010-12-21,1.315500,0.850300,110.000000,1.261300,1.341000,1.318300,1.766600
2010-12-22,1.311200,0.849200,109.680000,1.250200,1.332200,1.314300,1.765000
2010-12-23,1.306400,0.848200,108.950000,1.255300,1.327300,1.304900,1.753100
2010-12-24,1.309900,0.849600,108.630000,1.261800,1.323600,1.305200,1.750800
2010-12-27,1.313600,0.852300,108.890000,1.262600,1.324000,1.311300,1.756900
2010-12-28,1.319500,0.853450,108.200000,1.251300,1.322100,1.303800,1.745000
2010-12-29,1.313600,0.853900,107.990000,1.248300,1.315500,1.297500,1.727200
2010-12-30,1.328000,0.860200,108.240000,1.247500,1.327500,1.307900,1.720700
2010-12-31,1.336200,0.860750,108.650000,1.250400,1.332200,1.313600,1.720000
2011-01-03,1.334800,0.861310,108.700000,1.246500,1.323200,1.308500,1.718300
2011-01-04,1.342100,0.858750,110.200000,1.266900,1.333000,1.329800,1.748300
2011-01-05,1.321300,0.848300,108.720000,1.261700,1.321800,1.321500,1.728100
2011-01-06,1.309100,0.844500,108.920000,1.267700,1.301100,1.313800,1.726900
2011-01-07,1.296100,0.838300,108.290000,1.251200,1.286700,1.306000,1.711200
2011-01-10,1.290300,0.831800,107.170000,1.245900,1.285000,1.303700,1.701100
2011-01-11,1.294800,0.831900,107.610000,1.253800,1.283900,1.313400,1.706400
2011-01-12,1.297300,0.831550,108.170000,1.262200,1.278400,1.309800,1.711300
2011-01-13,1.319900,0.835750,109.500000,1.282300,1.305200,1.320300,1.715300
2011-01-14,1.334900,0.842200,110.710000,1.291500,1.330000,1.352800,1.739600
2011-01-17,1.331100,0.836100,109.910000,1.285400,1.313900,1.337100,1.718900
2011-01-18,1.337100,0.835650,110.290000,1.281200,1.318200,1.341600,1.732600
2011-01-19,1.350600,0.843300,110.850000,1.296400,1.338800,1.342500,1.737700
2011-01-20,1.347200,0.843600,110.930000,1.287300,1.346300,1.358300,1.768400
2011-01-21,1.352100,0.848250,111.870000,1.301300,1.347500,1.366600,1.784400
2011-01-24,1.357100,0.851600,112.460000,1.298900,1.349800,1.369000,1.787100
2011-01-25,1.359600,0.862000,112.080000,1.287100,1.359500,1.372400,1.781000
2011-01-26,1.368100,0.863250,112.470000,1.292200,1.363000,1.372500,1.783400
2011-01-27,1.371600,0.859550,113.900000,1.294000,1.365100,1.384500,1.773800
2011-01-28,1.371000,0.860900,112.760000,1.294200,1.364400,1.375100,1.764300
2011-01-31,1.369200,0.860900,112.490000,1.289100,1.367900,1.376300,1.776300
2011-02-01,1.375500,0.853600,112.190000,1.295400,1.371700,1.364700,1.767100
2011-02-02,1.380300,0.851900,112.350000,1.292200,1.364900,1.367600,1.765700
2011-02-03,1.374500,0.848650,112.460000,1.298700,1.359600,1.358200,1.782100
2011-02-04,1.363100,0.847200,111.420000,1.295400,1.344800,1.340600,1.768500
2011-02-07,1.355300,0.840200,111.520000,1.295300,1.338000,1.335500,1.758200
2011-02-08,1.363500,0.848600,112.090000,1.303000,1.350200,1.345700,1.758700
2011-02-09,1.364700,0.850000,112.650000,1.315200,1.357300,1.351000,1.768700
2011-02-10,1.360400,0.847800,112.710000,1.310500,1.357200,1.355900,1.773700
2011-02-11,1.352400,0.845700,113.010000,1.316300,1.346400,1.354400,1.786900
2011-02-14,1.344000,0.840000,112.150000,1.306500,1.328000,1.343000,1.779700
2011-02-15,1.351000,0.837500,113.210000,1.312400,1.331700,1.350300,1.792500
2011-02-16,1.351000,0.841900,113.120000,1.307300,1.332800,1.350700,1.793100
2011-02-17,1.356000,0.840900,113.390000,1.297300,1.332700,1.349800,1.795100
2011-02-18,1.362700,0.839500,113.620000,1.297300,1.339800,1.347900,1.789100
2011-02-21,1.366800,0.842500,113.680000,1.296000,1.344400,1.352100,1.789900
2011-02-22,1.366700,0.845840,113.630000,1.284400,1.349100,1.363500,1.824300
2011-02-23,1.373100,0.845900,113.690000,1.285300,1.362900,1.369100,1.839400
2011-02-24,1.377300,0.851300,112.690000,1.274800,1.355000,1.368200,1.845000
2011-02-25,1.376200,0.855300,112.520000,1.279900,1.348700,1.357700,1.833700
2011-02-28,1.383400,0.852800,113.260000,1.284000,1.353500,1.360100,1.839000
2011-03-01,1.382500,0.849400,113.390000,1.284900,1.340800,1.357200,1.839700
2011-03-02,1.380900,0.847800,113.330000,1.279900,1.345400,1.361900,1.863400
2011-03-03,1.385000,0.851300,113.430000,1.284400,1.346900,1.360900,1.858100
2011-03-04,1.395700,0.858050,115.630000,1.300000,1.357500,1.379100,1.896500
2011-03-07,1.402800,0.861000,115.150000,1.296000,1.361600,1.380300,1.898500
2011-03-08,1.389800,0.860500,114.640000,1.294900,1.353900,1.377800,1.879300
2011-03-09,1.392800,0.859000,115.140000,1.292000,1.348100,1.375900,1.880800
2011-03-10,1.381700,0.856550,114.780000,1.291400,1.341600,1.378200,1.879500
2011-03-11,1.377300,0.861200,113.240000,1.284200,1.348800,1.376800,1.867800
2011-03-14,1.394800,0.865900,114.160000,1.294100,1.359700,1.384600,1.891800
2011-03-15,1.388400,0.867400,112.390000,1.275600,1.377900,1.410500,1.908600
2011-03-16,1.395100,0.867300,112.430000,1.275500,1.374000,1.406600,1.899100
2011-03-17,1.400400,0.867450,110.420000,1.262500,1.380800,1.421600,1.939100
2011-03-18,1.413000,0.873800,114.680000,1.275800,1.389400,1.424000,1.943400
2011-03-21,1.419400,0.871700,115.040000,1.283600,1.386000,1.411400,1.928600
2011-03-22,1.421100,0.867800,115.150000,1.284300,1.391100,1.403900,1.912000
2011-03-23,1.413600,0.869900,114.420000,1.274600,1.389000,1.400600,1.909600
2011-03-24,1.412800,0.874100,114.340000,1.281700,1.381600,1.388800,1.889300
2011-03-25,1.411500,0.877800,114.570000,1.291500,1.377800,1.380700,1.874900
2011-03-28,1.403200,0.878250,114.590000,1.290800,1.373300,1.367800,1.870700
2011-03-29,1.406600,0.881450,115.600000,1.295700,1.373700,1.375900,1.873100
2011-03-30,1.409000,0.878900,117.010000,1.299300,1.367400,1.366800,1.854400
2011-03-31,1.420700,0.883700,117.610000,1.300500,1.378500,1.373600,1.859800
2011-04-01,1.414100,0.881500,118.560000,1.305900,1.368600,1.364900,1.851800
2011-04-04,1.424000,0.880950,119.560000,1.313000,1.371900,1.372200,1.852400
2011-04-05,1.416600,0.872850,119.400000,1.309100,1.367600,1.373000,1.841200
2011-04-06,1.430000,0.877500,121.820000,1.309700,1.371400,1.376600,1.845500
2011-04-07,1.428300,0.875900,121.700000,1.311800,1.369500,1.361400,1.834500
2011-04-08,1.440100,0.880950,122.800000,1.316300,1.374100,1.368700,1.844600
2011-04-11,1.443400,0.883600,122.260000,1.312900,1.381200,1.370000,1.844600
2011-04-12,1.447000,0.888450,121.870000,1.301700,1.386400,1.378300,1.840900
2011-04-13,1.449300,0.889800,121.840000,1.299500,1.393800,1.381400,1.836000
2011-04-14,1.440100,0.882500,119.850000,1.287900,1.390600,1.371700,1.823800
2011-04-15,1.445000,0.883800,120.370000,1.289700,1.393400,1.373000,1.815200
2011-04-18,1.427500,0.877500,118.250000,1.282100,1.377100,1.357500,1.813000
2011-04-19,1.430200,0.878000,118.230000,1.284200,1.369400,1.362200,1.815400
2011-04-20,1.451500,0.886700,120.130000,1.294400,1.380800,1.361100,1.820600
2011-04-21,1.458400,0.881300,119.520000,1.285100,1.382600,1.356200,1.820000
2011-04-26,1.461700,0.887150,119.430000,1.283000,1.392900,1.359100,1.816900
2011-04-27,1.466800,0.886400,120.660000,1.288600,1.396800,1.356300,1.821200
2011-04-28,1.479400,0.888800,120.970000,1.295400,1.406500,1.358600,1.849500
2011-04-29,1.486000,0.891700,120.670000,1.286700,1.410200,1.356000,1.841400
2011-05-02,1.483700,0.889200,120.850000,1.285600,1.408800,1.355300,1.836600
2011-05-03,1.478000,0.896950,119.360000,1.278000,1.409600,1.360400,1.846800
2011-05-04,1.488200,0.899900,120.620000,1.282600,1.417500,1.372700,1.878000
2011-05-05,1.481400,0.898650,118.200000,1.273000,1.430300,1.388300,1.883700
2011-05-06,1.450100,0.883900,116.500000,1.266800,1.397800,1.358100,1.842400
2011-05-09,1.439700,0.879250,116.280000,1.261700,1.388400,1.338900,1.817900
2011-05-10,1.435800,0.877900,115.720000,1.260200,1.377700,1.329500,1.810400
2011-05-11,1.435700,0.870750,116.470000,1.266100,1.370100,1.325500,1.807400
2011-05-12,1.415300,0.870150,114.540000,1.258400,1.367700,1.333100,1.797700
2011-05-13,1.428000,0.877950,115.320000,1.266700,1.375300,1.336900,1.799700
2011-05-16,1.414300,0.872500,114.350000,1.254200,1.378100,1.339100,1.815800
2011-05-17,1.417100,0.872900,115.690000,1.255300,1.381800,1.339300,1.815700
2011-05-18,1.422700,0.880650,115.450000,1.254500,1.386000,1.344100,1.807900
2011-05-19,1.426500,0.881300,116.830000,1.261600,1.380400,1.338700,1.807100
2011-05-20,1.423700,0.877050,116.270000,1.247700,1.379900,1.336400,1.790700
2011-05-23,1.402000,0.869750,114.680000,1.238000,1.372500,1.333200,1.776100
2011-05-24,1.408900,0.872850,115.450000,1.240500,1.378000,1.332800,1.760800
2011-05-25,1.406900,0.867200,115.470000,1.232400,1.376800,1.339900,1.767200
2011-05-26,1.416800,0.868500,115.950000,1.234300,1.385500,1.338300,1.749600
2011-05-27,1.426500,0.866850,115.700000,1.222100,1.392500,1.334600,1.747900
2011-05-30,1.427200,0.867100,115.360000,1.214700,1.392700,1.335000,1.745400
2011-05-31,1.438500,0.872050,117.220000,1.227500,1.398500,1.350400,1.748900
2011-06-01,1.440800,0.877050,117.110000,1.218200,1.394800,1.341000,1.750200
2011-06-02,1.446000,0.882950,116.600000,1.216700,1.413500,1.356300,1.774000
2011-06-03,1.448800,0.887500,116.890000,1.219700,1.417700,1.359200,1.786000
2011-06-06,1.459600,0.890300,117.050000,1.223500,1.431700,1.359700,1.790000
2011-06-07,1.465200,0.892450,117.550000,1.223700,1.429700,1.369700,1.783800
2011-06-08,1.460800,0.892900,116.600000,1.222400,1.433200,1.377600,1.792200
2011-06-09,1.461400,0.889400,116.860000,1.224200,1.429800,1.379100,1.768500
2011-06-10,1.448600,0.888400,116.000000,1.219000,1.407500,1.364400,1.753100
2011-06-13,1.435400,0.880600,115.390000,1.202300,1.403100,1.358400,1.767500
2011-06-14,1.444800,0.881000,115.910000,1.211600,1.407400,1.357300,1.766300
2011-06-15,1.429200,0.879700,115.540000,1.216400,1.386200,1.338700,1.757400
2011-06-16,1.408800,0.875300,113.630000,1.195800,1.392900,1.342400,1.765200
2011-06-17,1.427000,0.882600,114.710000,1.210300,1.396700,1.344000,1.765000
2011-06-20,1.423500,0.879500,114.240000,1.203900,1.400400,1.352800,1.766200
2011-06-21,1.437300,0.886700,115.200000,1.212700,1.402300,1.356800,1.769400
2011-06-22,1.439700,0.893100,115.360000,1.210900,1.400700,1.358700,1.764000
2011-06-23,1.421200,0.889600,114.580000,1.196300,1.384500,1.352400,1.750700
2011-06-24,1.422000,0.888550,114.060000,1.190200,1.396100,1.347300,1.748200
2011-06-27,1.420500,0.889700,114.740000,1.184900,1.405600,1.360500,1.767700
2011-06-28,1.426100,0.894200,115.310000,1.188400,1.407000,1.363000,1.776200
2011-06-29,1.442500,0.899800,116.930000,1.203600,1.403700,1.358500,1.755900
2011-06-30,1.445300,0.902550,116.250000,1.207100,1.395100,1.348500,1.746800
2011-07-01,1.448800,0.905000,116.920000,1.226700,1.396400,1.352300,1.755200
2011-07-04,1.450000,0.901500,117.110000,1.232400,1.391900,1.352100,1.748700
2011-07-05,1.446100,0.898400,117.230000,1.221300,1.392900,1.352600,1.745700
2011-07-06,1.431800,0.894850,116.030000,1.205900,1.383300,1.342000,1.733500
2011-07-07,1.424700,0.892100,115.640000,1.205000,1.373800,1.327500,1.723000
2011-07-08,1.424200,0.893200,115.980000,1.210200,1.364500,1.323100,1.711100
2011-07-11,1.405600,0.880700,113.160000,1.171500,1.362700,1.316800,1.687700
2011-07-12,1.397500,0.882650,111.350000,1.165000,1.358400,1.318400,1.704600
2011-07-13,1.407300,0.882300,111.650000,1.169500,1.352700,1.318800,1.704100
2011-07-14,1.420200,0.880950,112.240000,1.157500,1.360000,1.320200,1.683000
2011-07-15,1.414600,0.877500,111.970000,1.157700,1.354900,1.326400,1.681500
2011-07-18,1.404500,0.873150,111.100000,1.148500,1.347200,1.323700,1.664000
2011-07-19,1.416000,0.878900,111.770000,1.160700,1.353400,1.327300,1.662800
2011-07-20,1.420700,0.880650,112.050000,1.165200,1.345100,1.321800,1.660900
2011-07-21,1.422200,0.878700,112.090000,1.169000,1.344700,1.324600,1.657900
2011-07-22,1.439100,0.882700,112.830000,1.178900,1.365800,1.323400,1.662500
2011-07-25,1.438000,0.882500,112.460000,1.156300,1.359900,1.324900,1.661900
2011-07-26,1.447100,0.882350,113.020000,1.163000,1.362300,1.320100,1.656800
2011-07-27,1.444600,0.883100,112.460000,1.158600,1.362500,1.308700,1.653000
2011-07-28,1.426000,0.873900,110.860000,1.143700,1.352100,1.293100,1.635600
2011-07-29,1.426000,0.874850,110.590000,1.141800,1.355600,1.305000,1.649100
2011-08-01,1.441500,0.879550,110.840000,1.127000,1.371300,1.304100,1.634800
2011-08-02,1.417000,0.871800,109.610000,1.104900,1.362000,1.307500,1.628300
2011-08-03,1.430000,0.872550,110.180000,1.102200,1.372400,1.331000,1.653100
2011-08-04,1.422900,0.871450,113.240000,1.101200,1.382900,1.346600,1.676400
2011-08-05,1.415500,0.869050,111.250000,1.084700,1.389900,1.353800,1.690000
2011-08-08,1.422500,0.869100,110.790000,1.084900,1.402900,1.373000,1.714100
2011-08-09,1.426700,0.873100,110.240000,1.059400,1.414300,1.399000,1.732900
2011-08-10,1.436700,0.884300,109.840000,1.045100,1.413300,1.389100,1.718300
2011-08-11,1.414300,0.875700,108.290000,1.049900,1.409100,1.387500,1.735300
2011-08-12,1.425000,0.876350,109.070000,1.098400,1.406300,1.378000,1.722300
2011-08-15,1.430900,0.877000,109.870000,1.133400,1.411200,1.375000,1.726000
2011-08-16,1.436000,0.878500,110.120000,1.119500,1.416500,1.379000,1.733800
2011-08-17,1.447700,0.877600,110.770000,1.140200,1.416700,1.368700,1.726400
2011-08-18,1.436900,0.870600,110.080000,1.141000,1.417500,1.375400,1.729300
2011-08-19,1.438500,0.869650,110.000000,1.134000,1.418900,1.378300,1.740400
2011-08-22,1.441300,0.873650,110.650000,1.134100,1.419400,1.378100,1.744700
2011-08-23,1.446200,0.876000,110.720000,1.141000,1.426000,1.377100,1.736000
2011-08-24,1.443300,0.877100,110.510000,1.140300,1.426600,1.376700,1.740300
2011-08-25,1.442400,0.881200,111.310000,1.146600,1.421900,1.375000,1.733500
2011-08-26,1.440200,0.885650,110.410000,1.145800,1.424100,1.372700,1.726200
2011-08-29,1.448700,0.884600,111.050000,1.182400,1.415700,1.364700,1.715500
2011-08-30,1.440200,0.883650,110.550000,1.183500,1.410100,1.353600,1.697900
2011-08-31,1.445000,0.885600,110.550000,1.167000,1.414100,1.352900,1.692900
2011-09-01,1.428500,0.881200,110.080000,1.141700,1.395400,1.334900,1.679300
2011-09-02,1.425500,0.878900,109.560000,1.113200,1.394400,1.332800,1.673700
2011-09-05,1.412600,0.875100,108.560000,1.111100,1.396800,1.337100,1.688000
2011-09-06,1.409900,0.877100,109.090000,1.203600,1.399200,1.335600,1.697200
2011-09-07,1.403600,0.878000,108.380000,1.205200,1.387700,1.322200,1.691300
2011-09-08,1.404400,0.876700,108.410000,1.213500,1.382500,1.321200,1.681500
2011-09-09,1.381700,0.865900,107.480000,1.216500,1.371800,1.312500,1.666500
2011-09-12,1.365600,0.860150,105.320000,1.205500,1.366800,1.322500,1.665800
2011-09-13,1.364500,0.863150,105.010000,1.203700,1.354500,1.321400,1.655700
2011-09-14,1.372900,0.869500,105.480000,1.203300,1.358300,1.340100,1.667700
2011-09-15,1.379500,0.872950,105.670000,1.206200,1.363500,1.341600,1.677800
2011-09-16,1.376000,0.871700,105.600000,1.205800,1.356200,1.330600,1.660100
2011-09-19,1.364100,0.868100,104.620000,1.206100,1.342300,1.332600,1.658100
2011-09-20,1.371000,0.872300,104.920000,1.206400,1.358000,1.333200,1.663200
2011-09-21,1.363600,0.873100,104.070000,1.220800,1.359400,1.335800,1.664300
2011-09-22,1.344800,0.873250,102.590000,1.227500,1.389400,1.369100,1.718500
2011-09-23,1.343000,0.872350,102.320000,1.219500,1.385600,1.383800,1.734400
2011-09-26,1.350000,0.869600,103.050000,1.220600,1.388900,1.379400,1.737600
2011-09-27,1.357900,0.869800,103.830000,1.223200,1.384200,1.369000,1.722800
2011-09-28,1.363100,0.871750,104.220000,1.220500,1.397200,1.377500,1.733000
2011-09-29,1.361500,0.870650,104.460000,1.220700,1.404900,1.386400,1.747600
2011-09-30,1.350300,0.866650,103.790000,1.217000,1.410500,1.387400,1.766000
2011-10-03,1.332700,0.859600,102.390000,1.214000,1.396700,1.383800,1.751600
2011-10-04,1.318100,0.856500,101.080000,1.216900,1.392300,1.398400,1.757300
2011-10-05,1.333700,0.863000,102.250000,1.226500,1.402500,1.391300,1.753600
2011-10-06,1.326900,0.866800,101.870000,1.231600,1.389000,1.372500,1.731300
2011-10-07,1.343400,0.864800,103.020000,1.236500,1.391100,1.372600,1.738400
2011-10-10,1.359300,0.868900,104.260000,1.232600,1.398600,1.368000,1.741500
2011-10-11,1.360700,0.870200,104.260000,1.238000,1.398800,1.368400,1.746200
2011-10-12,1.376600,0.875350,105.770000,1.236700,1.399600,1.360900,1.737300
2011-10-13,1.372700,0.875850,105.480000,1.233500,1.403000,1.353600,1.735200
2011-10-14,1.380700,0.874800,106.420000,1.238800,1.401000,1.346700,1.731700
2011-10-17,1.377600,0.874000,106.430000,1.236500,1.395500,1.340600,1.722500
2011-10-18,1.367600,0.870200,104.970000,1.234800,1.401800,1.348900,1.736000
2011-10-19,1.382800,0.874950,106.190000,1.242800,1.398100,1.340200,1.730600
2011-10-20,1.380700,0.875000,106.070000,1.236200,1.401500,1.344900,1.731000
2011-10-21,1.379800,0.867750,105.820000,1.230700,1.395700,1.340100,1.730400
2011-10-24,1.385600,0.869100,105.450000,1.228000,1.393800,1.332000,1.721900
2011-10-25,1.391800,0.870100,105.980000,1.225300,1.392600,1.328500,1.735600
2011-10-26,1.392700,0.871900,105.670000,1.219300,1.411400,1.342300,1.747900
2011-10-27,1.403800,0.876300,106.390000,1.221300,1.396400,1.318800,1.723100
2011-10-28,1.416000,0.879350,107.290000,1.221100,1.407200,1.327000,1.732100
2011-10-31,1.400100,0.873100,109.220000,1.219100,1.393000,1.322500,1.722300
2011-11-01,1.362700,0.855150,106.580000,1.217400,1.385500,1.323700,1.715200
2011-11-02,1.380900,0.861900,107.780000,1.216600,1.397700,1.330300,1.738700
2011-11-03,1.377300,0.859300,107.330000,1.215600,1.387400,1.321500,1.732500
2011-11-04,1.377300,0.861250,107.550000,1.221700,1.404000,1.328000,1.740100
2011-11-07,1.374200,0.856550,107.300000,1.234200,1.398100,1.329600,1.728000
2011-11-08,1.378800,0.858050,107.510000,1.238200,1.397400,1.333900,1.735100
2011-11-09,1.363300,0.853850,105.960000,1.232200,1.390800,1.333000,1.734100
2011-11-10,1.361600,0.853350,105.660000,1.231500,1.389200,1.338900,1.745500
2011-11-11,1.365000,0.856800,105.590000,1.236000,1.390600,1.342800,1.753600
2011-11-14,1.365900,0.856600,105.180000,1.236800,1.388600,1.335100,1.744800
2011-11-15,1.353200,0.853450,104.160000,1.240500,1.386600,1.335100,1.759100
2011-11-16,1.348400,0.854300,103.770000,1.238400,1.383100,1.332300,1.758800
2011-11-17,1.348000,0.854000,103.760000,1.238700,1.382100,1.340300,1.764500
2011-11-18,1.357600,0.858050,104.060000,1.237800,1.387900,1.347900,1.780000
2011-11-21,1.345800,0.860000,103.440000,1.237500,1.393700,1.361400,1.794500
2011-11-22,1.353500,0.865700,104.150000,1.235000,1.405900,1.371800,1.808600
2011-11-23,1.338700,0.860300,103.370000,1.230500,1.396400,1.376200,1.804100
2011-11-24,1.337300,0.860600,103.070000,1.226800,1.396400,1.369700,1.797100
2011-11-25,1.322900,0.855850,102.590000,1.225300,1.391200,1.366400,1.790700
2011-11-28,1.334800,0.858200,103.820000,1.230900,1.380200,1.343500,1.769400
2011-11-29,1.333600,0.853650,103.820000,1.228200,1.371700,1.333200,1.751900
2011-11-30,1.341800,0.855800,104.000000,1.226500,1.367800,1.316500,1.738000
2011-12-01,1.349200,0.859100,104.840000,1.226400,1.373600,1.318200,1.734700
2011-12-02,1.351100,0.860200,105.250000,1.234300,1.369500,1.313500,1.729600
2011-12-05,1.344200,0.859250,104.810000,1.237900,1.364400,1.307200,1.719100
2011-12-06,1.339400,0.856550,104.150000,1.238800,1.364000,1.309400,1.720900
2011-12-07,1.337700,0.857450,103.990000,1.241300,1.351700,1.304300,1.719300
2011-12-08,1.341000,0.852800,103.720000,1.237300,1.352300,1.301100,1.714700
2011-12-09,1.338400,0.853150,103.950000,1.233200,1.367400,1.317900,1.735700
2011-12-12,1.325100,0.848000,103.120000,1.234900,1.357600,1.310400,1.729300
2011-12-13,1.318100,0.846250,102.600000,1.234500,1.352800,1.301600,1.721500
2011-12-14,1.299300,0.839000,101.440000,1.231700,1.347500,1.302300,1.725400
2011-12-15,1.301900,0.839350,101.300000,1.226100,1.348000,1.310300,1.729900
2011-12-16,1.306400,0.840550,101.700000,1.224900,1.349700,1.306000,1.710600
2011-12-19,1.303900,0.839800,101.520000,1.219000,1.350500,1.308600,1.711500
2011-12-20,1.307400,0.836800,101.880000,1.219200,1.350800,1.308200,1.713900
2011-12-21,1.305400,0.832300,101.660000,1.219000,1.342200,1.294300,1.698700
2011-12-22,1.304700,0.832500,101.930000,1.223200,1.336900,1.287800,1.688800
2011-12-23,1.305700,0.833100,101.930000,1.222100,1.330900,1.285200,1.686200
2011-12-27,1.306900,0.833500,101.750000,1.221000,1.332200,1.286200,1.688600
2011-12-28,1.307400,0.834200,101.510000,1.219600,1.326900,1.281900,1.681200
2011-12-29,1.288900,0.836000,100.240000,1.218600,1.318900,1.279900,1.681500
2011-12-30,1.293900,0.835300,100.200000,1.215600,1.321500,1.272300,1.673700
2012-01-02,1.293500,0.835140,99.520000,1.215500,1.319500,1.266200,1.662300
2012-01-03,1.301400,0.835100,99.860000,1.218300,1.317000,1.259500,1.654100
2012-01-04,1.294800,0.831100,99.430000,1.219600,1.315300,1.255200,1.645200
2012-01-05,1.283200,0.826750,98.670000,1.218700,1.303900,1.249100,1.639900
2012-01-06,1.277600,0.826400,98.560000,1.217700,1.305100,1.247200,1.634700
2012-01-09,1.272800,0.824000,97.870000,1.213900,1.308600,1.246800,1.622100
2012-01-10,1.280800,0.828200,98.390000,1.213600,1.302100,1.237900,1.609800
2012-01-11,1.271800,0.825900,97.870000,1.212000,1.292800,1.236100,1.601600
2012-01-12,1.273600,0.830550,97.920000,1.211200,1.294600,1.230300,1.598500
2012-01-13,1.277100,0.833200,98.060000,1.210000,1.301900,1.236400,1.609000
2012-01-16,1.266900,0.827450,97.250000,1.209300,1.292900,1.228900,1.598200
2012-01-17,1.279000,0.830450,98.200000,1.209000,1.294900,1.227900,1.598100
2012-01-18,1.283100,0.833850,98.530000,1.208800,1.300200,1.234400,1.591100
2012-01-19,1.291100,0.835600,99.190000,1.207600,1.301200,1.239100,1.610200
2012-01-20,1.290200,0.833900,99.530000,1.207700,1.307600,1.237900,1.607100
2012-01-23,1.301700,0.836250,100.100000,1.206100,1.312900,1.233200,1.600800
2012-01-24,1.300300,0.834600,100.890000,1.206500,1.316400,1.242900,1.609200
2012-01-25,1.294200,0.832050,101.020000,1.207500,1.311400,1.236700,1.606400
2012-01-26,1.314500,0.838000,101.980000,1.207100,1.316600,1.232600,1.600400
2012-01-27,1.314500,0.836850,101.180000,1.207800,1.312900,1.232600,1.594900
2012-01-30,1.311000,0.835800,100.530000,1.204600,1.318500,1.242700,1.604200
2012-01-31,1.317600,0.835100,100.630000,1.204800,1.313400,1.236600,1.591800
2012-02-01,1.317500,0.831200,100.290000,1.204800,1.316100,1.231200,1.583900
2012-02-02,1.309400,0.827650,99.660000,1.204800,1.309700,1.224600,1.572800
2012-02-03,1.316000,0.832200,100.300000,1.205000,1.318900,1.231100,1.582900
2012-02-06,1.304200,0.828100,99.970000,1.206700,1.301900,1.219200,1.572100
2012-02-07,1.311300,0.830200,100.670000,1.208700,1.308800,1.216100,1.574700
2012-02-08,1.327400,0.834950,102.110000,1.211400,1.319900,1.225100,1.581400
2012-02-09,1.328800,0.836650,102.630000,1.210300,1.321900,1.229500,1.589600
2012-02-10,1.318900,0.836300,102.430000,1.209800,1.322500,1.238100,1.594800
2012-02-13,1.325400,0.838850,102.860000,1.209000,1.322200,1.232600,1.586700
2012-02-14,1.316900,0.837650,102.850000,1.207500,1.316200,1.229800,1.582200
2012-02-15,1.309200,0.834800,102.730000,1.207300,1.305300,1.219500,1.562600
2012-02-16,1.298200,0.828450,102.310000,1.207200,1.302600,1.216800,1.569500
2012-02-17,1.315900,0.831100,104.390000,1.208300,1.309300,1.223000,1.573000
2012-02-20,1.326600,0.836400,105.470000,1.207500,1.315900,1.230300,1.577700
2012-02-21,1.322200,0.836400,105.380000,1.207300,1.317200,1.238500,1.583900
2012-02-22,1.323000,0.844200,106.220000,1.207200,1.321000,1.244100,1.593300
2012-02-23,1.330000,0.846100,106.720000,1.205300,1.325900,1.243000,1.593300
2012-02-24,1.341200,0.848150,107.990000,1.204800,1.339300,1.251600,1.602200
2012-02-27,1.338800,0.845000,107.810000,1.205200,1.343200,1.253200,1.604600
2012-02-28,1.345400,0.847900,108.390000,1.205000,1.339600,1.248600,1.604000
2012-02-29,1.344300,0.843900,107.920000,1.205100,1.328200,1.241400,1.590200
2012-03-01,1.331200,0.834900,107.950000,1.205200,1.312000,1.235300,1.590900
2012-03-02,1.321700,0.832700,107.740000,1.206200,1.304400,1.226400,1.585100
2012-03-05,1.322000,0.834650,107.540000,1.206100,1.312900,1.235400,1.604000
2012-03-06,1.315300,0.832550,106.660000,1.205500,1.313700,1.241800,1.615000
2012-03-07,1.312000,0.834900,105.950000,1.205200,1.314000,1.242300,1.604300
2012-03-08,1.324200,0.838650,108.180000,1.205000,1.317800,1.244100,1.604500
2012-03-09,1.319100,0.835950,107.930000,1.205300,1.309100,1.241500,1.602000
2012-03-12,1.311900,0.839200,107.790000,1.205600,1.302600,1.249800,1.609200
2012-03-13,1.305700,0.835750,108.030000,1.206000,1.295300,1.244400,1.594100
2012-03-14,1.306200,0.831400,109.160000,1.211000,1.292700,1.247400,1.608200
2012-03-15,1.305700,0.833450,108.820000,1.209600,1.296000,1.242200,1.598800
2012-03-16,1.311600,0.829500,109.810000,1.207000,1.299000,1.240100,1.594200
2012-03-19,1.315000,0.828450,109.730000,1.206700,1.303700,1.245200,1.596700
2012-03-20,1.319800,0.832200,110.480000,1.205900,1.309800,1.258600,1.616000
2012-03-21,1.322500,0.834950,111.110000,1.205800,1.309300,1.264400,1.620900
2012-03-22,1.316700,0.833300,109.400000,1.205500,1.315100,1.269600,1.629400
2012-03-23,1.324200,0.836300,109.100000,1.205400,1.326300,1.274500,1.630000
2012-03-26,1.327600,0.835200,109.820000,1.205400,1.322300,1.263100,1.619500
2012-03-27,1.333300,0.835900,110.570000,1.205600,1.323300,1.268100,1.620300
2012-03-28,1.333700,0.839000,110.740000,1.206300,1.328900,1.282400,1.630400
2012-03-29,1.327200,0.835800,109.210000,1.205100,1.327100,1.283000,1.629200
2012-03-30,1.335600,0.833900,109.560000,1.204500,1.331100,1.283600,1.625400
2012-04-02,1.331900,0.831050,109.950000,1.204400,1.330000,1.284100,1.625100
2012-04-03,1.331500,0.832550,109.300000,1.203500,1.320600,1.284800,1.620300
2012-04-04,1.314200,0.828500,108.220000,1.203800,1.307900,1.278500,1.613600
2012-04-05,1.306800,0.824200,107.060000,1.202500,1.304200,1.271000,1.602600
2012-04-10,1.311400,0.826900,106.480000,1.202700,1.309200,1.274100,1.604300
2012-04-11,1.313100,0.825950,106.180000,1.201100,1.316600,1.274300,1.602900
2012-04-12,1.315300,0.824700,106.540000,1.202700,1.313200,1.264500,1.600100
2012-04-13,1.314800,0.824800,106.490000,1.201700,1.306800,1.264000,1.584800
2012-04-16,1.302400,0.822700,105.180000,1.202500,1.302900,1.259000,1.592500
2012-04-17,1.313200,0.823400,105.960000,1.201800,1.308200,1.266400,1.603400
2012-04-18,1.309300,0.819150,106.640000,1.203200,1.296600,1.262800,1.600300
2012-04-19,1.308600,0.817100,106.920000,1.202100,1.297100,1.265200,1.603100
2012-04-20,1.319200,0.818750,107.810000,1.201700,1.307500,1.273800,1.619000
2012-04-23,1.313100,0.816600,106.510000,1.201800,1.309400,1.276900,1.619300
2012-04-24,1.316100,0.815400,106.870000,1.202100,1.302000,1.277500,1.617000
2012-04-25,1.320600,0.819400,107.350000,1.201800,1.301600,1.277100,1.621700
2012-04-26,1.321500,0.816400,106.960000,1.201600,1.296800,1.273600,1.619600
2012-04-27,1.322900,0.815300,106.750000,1.201400,1.299600,1.267900,1.616800
2012-04-30,1.321400,0.812950,105.850000,1.201800,1.298500,1.268400,1.613300
2012-05-02,1.313100,0.812050,105.310000,1.201800,1.297700,1.271800,1.616500
2012-05-03,1.312300,0.811250,105.490000,1.201400,1.291700,1.276200,1.637100
2012-05-04,1.313200,0.811950,105.410000,1.201400,1.298600,1.283000,1.646500
2012-05-07,1.303300,0.806470,104.190000,1.201200,1.298300,1.279200,1.637800
2012-05-08,1.302500,0.806450,104.010000,1.201400,1.296800,1.283000,1.645600
2012-05-09,1.295000,0.804950,102.990000,1.201000,1.300700,1.288600,1.650900
2012-05-10,1.296100,0.801800,103.310000,1.201300,1.294500,1.280100,1.643400
2012-05-11,1.294400,0.803300,103.480000,1.201200,1.299700,1.287700,1.647600
2012-05-14,1.286300,0.800000,102.640000,1.201000,1.291100,1.288100,1.653400
2012-05-15,1.284300,0.800100,102.650000,1.201000,1.285500,1.283600,1.657300
2012-05-16,1.273800,0.799250,102.530000,1.201100,1.283200,1.281300,1.660100
2012-05-17,1.268200,0.800800,101.770000,1.201100,1.285800,1.279500,1.662500
2012-05-18,1.272100,0.804200,100.950000,1.201200,1.293900,1.287900,1.674100
2012-05-21,1.275000,0.807500,101.060000,1.201100,1.304700,1.296900,1.684100
2012-05-22,1.276800,0.808700,101.990000,1.201100,1.297700,1.291000,1.676400
2012-05-23,1.265900,0.804400,100.590000,1.201100,1.294000,1.297700,1.687100
2012-05-24,1.255700,0.800950,99.750000,1.201000,1.287700,1.284200,1.666000
2012-05-25,1.254600,0.800300,99.800000,1.201400,1.289000,1.281500,1.656300
2012-05-28,1.256600,0.800100,99.750000,1.201900,1.287100,1.274000,1.647700
2012-05-29,1.252300,0.799400,99.640000,1.201500,1.283500,1.273700,1.648100
2012-05-30,1.243800,0.797750,98.380000,1.201000,1.278400,1.272900,1.640200
2012-05-31,1.240300,0.799900,97.660000,1.201000,1.276100,1.273600,1.643900
2012-06-01,1.232200,0.805000,96.250000,1.200800,1.279400,1.277200,1.642200
2012-06-04,1.243700,0.808450,97.160000,1.200900,1.292300,1.279600,1.643000
2012-06-05,1.242900,0.810050,97.250000,1.201000,1.293000,1.276200,1.648200
2012-06-06,1.248500,0.806300,98.820000,1.200800,1.290900,1.266100,1.636600
2012-06-07,1.259500,0.808600,100.080000,1.201100,1.289200,1.261300,1.627200
2012-06-08,1.246800,0.807950,98.900000,1.201200,1.289400,1.266500,1.631400
2012-06-11,1.254400,0.807700,99.600000,1.201000,1.285500,1.260200,1.621700
2012-06-12,1.249200,0.803850,99.400000,1.201200,1.285200,1.260100,1.609700
2012-06-13,1.253400,0.806300,99.800000,1.200900,1.286000,1.256500,1.609400
2012-06-14,1.255100,0.809200,99.510000,1.200800,1.288500,1.262600,1.614300
2012-06-15,1.259600,0.811900,99.240000,1.201000,1.290100,1.256400,1.604600
2012-06-18,1.261800,0.806000,99.750000,1.201000,1.294400,1.251900,1.594700
2012-06-19,1.261900,0.805200,99.570000,1.200900,1.288900,1.241600,1.585400
2012-06-20,1.270400,0.806000,100.240000,1.200900,1.291900,1.245600,1.592800
2012-06-21,1.267000,0.806950,101.460000,1.201000,1.290700,1.244400,1.585700
2012-06-22,1.253900,0.804200,100.680000,1.200900,1.289300,1.249000,1.589900
2012-06-25,1.248800,0.802850,99.570000,1.200800,1.286100,1.248000,1.588100
2012-06-26,1.247500,0.799600,98.970000,1.201000,1.282400,1.243200,1.578400
2012-06-27,1.247800,0.799900,99.490000,1.201100,1.279600,1.238400,1.580400
2012-06-28,1.241800,0.798850,98.600000,1.201000,1.276400,1.235700,1.572800
2012-06-29,1.259000,0.806800,100.130000,1.203000,1.287100,1.233900,1.574600
2012-07-02,1.259300,0.804100,100.510000,1.201500,1.280800,1.228300,1.566700
2012-07-03,1.257500,0.802750,100.260000,1.201200,1.278100,1.226400,1.568100
2012-07-04,1.256000,0.803200,100.280000,1.201300,1.272600,1.222100,1.563500
2012-07-05,1.242600,0.798400,99.140000,1.201200,1.258000,1.207100,1.544800
2012-07-06,1.237700,0.796500,98.870000,1.201100,1.255900,1.205800,1.544300
2012-07-09,1.229300,0.793600,97.810000,1.201000,1.255400,1.208200,1.548400
2012-07-10,1.228500,0.792100,97.640000,1.201000,1.251000,1.201500,1.540800
2012-07-11,1.226000,0.788150,97.140000,1.201000,1.249300,1.195300,1.536900
2012-07-12,1.217800,0.788600,96.630000,1.201000,1.246100,1.202900,1.546300
2012-07-13,1.218500,0.787500,96.600000,1.200900,1.239100,1.198400,1.540300
2012-07-16,1.217700,0.784400,96.250000,1.201000,1.236700,1.193400,1.533800
2012-07-17,1.228100,0.786150,97.140000,1.201000,1.246300,1.194100,1.539400
2012-07-18,1.223400,0.784000,96.630000,1.201000,1.239900,1.186700,1.539700
2012-07-19,1.228700,0.783000,96.510000,1.201000,1.237500,1.177500,1.527300
2012-07-20,1.220000,0.778350,95.860000,1.200900,1.232300,1.173900,1.523700
2012-07-23,1.210500,0.779800,94.720000,1.201000,1.231400,1.178400,1.530100
2012-07-24,1.208900,0.778500,94.630000,1.201000,1.230700,1.175400,1.528800
2012-07-25,1.213400,0.783200,94.970000,1.201000,1.236000,1.179200,1.540900
2012-07-26,1.226000,0.782800,95.790000,1.201000,1.235600,1.179000,1.535300
2012-07-27,1.231700,0.782950,96.290000,1.201000,1.240700,1.180700,1.528700
2012-07-30,1.224600,0.779850,95.780000,1.201000,1.229700,1.166800,1.513300
2012-07-31,1.228400,0.783950,96.030000,1.201400,1.231200,1.167500,1.516600
2012-08-01,1.229800,0.787500,96.200000,1.201300,1.232000,1.169100,1.514500
2012-08-02,1.234600,0.790400,96.640000,1.202400,1.237300,1.171700,1.516400
2012-08-03,1.224500,0.787450,95.850000,1.201200,1.228200,1.164900,1.503800
2012-08-06,1.237900,0.795000,96.990000,1.201300,1.238500,1.172700,1.511200
2012-08-07,1.243600,0.793400,97.580000,1.201500,1.240900,1.174100,1.513900
2012-08-08,1.233600,0.788800,96.680000,1.201200,1.230900,1.170400,1.517700
2012-08-09,1.230100,0.787100,96.530000,1.201000,1.223000,1.163900,1.517100
2012-08-10,1.226200,0.786100,96.120000,1.200900,1.219200,1.166100,1.516200
2012-08-13,1.233900,0.786150,96.610000,1.201000,1.223500,1.168900,1.520500
2012-08-14,1.235200,0.786000,97.140000,1.201000,1.225100,1.172800,1.525900
2012-08-15,1.227600,0.782600,96.980000,1.201100,1.217500,1.172500,1.525300
2012-08-16,1.227900,0.781950,97.380000,1.201000,1.213900,1.171000,1.520100
2012-08-17,1.233700,0.785150,97.970000,1.201100,1.219500,1.182900,1.530100
2012-08-20,1.230000,0.783450,97.820000,1.201000,1.216700,1.178400,1.523000
2012-08-21,1.242800,0.788350,98.810000,1.201000,1.225000,1.183900,1.528600
2012-08-22,1.244800,0.787850,98.650000,1.200900,1.235500,1.192600,1.538700
2012-08-23,1.255200,0.791100,98.680000,1.201000,1.243800,1.198100,1.537200
2012-08-24,1.250700,0.789600,98.160000,1.200900,1.242400,1.203100,1.543500
2012-08-27,1.253000,0.792440,98.710000,1.201000,1.240300,1.205600,1.545500
2012-08-28,1.254800,0.794700,98.590000,1.201000,1.238900,1.209400,1.555200
2012-08-29,1.254500,0.791800,98.630000,1.201000,1.240200,1.208800,1.561200
2012-08-30,1.254400,0.791100,98.630000,1.200900,1.243400,1.214200,1.567100
2012-08-31,1.261100,0.795250,98.960000,1.200900,1.248700,1.220100,1.570800
2012-09-03,1.256800,0.791200,98.430000,1.200800,1.240000,1.227800,1.575300
2012-09-04,1.257900,0.792100,98.580000,1.201000,1.239000,1.226700,1.581800
2012-09-05,1.257800,0.790350,98.670000,1.201400,1.242200,1.233700,1.584700
2012-09-06,1.263800,0.793600,99.360000,1.204900,1.247000,1.234100,1.583000
2012-09-07,1.270600,0.796700,100.260000,1.212800,1.247200,1.227900,1.578700
2012-09-10,1.277600,0.799700,99.980000,1.209000,1.248600,1.234900,1.577000
2012-09-11,1.278700,0.797800,99.700000,1.207400,1.242900,1.230100,1.569000
2012-09-12,1.289600,0.801700,100.450000,1.208300,1.256600,1.232200,1.573900
2012-09-13,1.291000,0.801450,100.240000,1.213000,1.259900,1.235700,1.567500
2012-09-14,1.309500,0.807450,102.240000,1.216200,1.262800,1.236600,1.571900
2012-09-17,1.308600,0.806950,102.610000,1.216000,1.273300,1.245200,1.578600
2012-09-18,1.305400,0.803500,102.640000,1.211300,1.273200,1.252700,1.578700
2012-09-19,1.300200,0.802700,102.380000,1.209500,1.267200,1.245500,1.572000
2012-09-20,1.295400,0.800170,101.210000,1.208800,1.267800,1.246100,1.572900
2012-09-21,1.298800,0.798700,101.580000,1.211000,1.265400,1.236500,1.560100
2012-09-24,1.291600,0.796800,100.790000,1.209500,1.266800,1.241500,1.574200
2012-09-25,1.293200,0.796500,100.570000,1.209200,1.267700,1.239300,1.568400
2012-09-26,1.284500,0.794900,99.820000,1.208800,1.263300,1.242100,1.567500
2012-09-27,1.287400,0.793900,99.980000,1.208400,1.265800,1.235400,1.553400
2012-09-28,1.293000,0.798050,100.370000,1.209900,1.268400,1.239600,1.553600
2012-10-01,1.287700,0.798300,100.420000,1.209500,1.266700,1.243100,1.553300
2012-10-02,1.293000,0.800600,101.020000,1.210200,1.269300,1.253100,1.552100
2012-10-03,1.290400,0.800850,101.100000,1.210400,1.272700,1.262500,1.570900
2012-10-04,1.295100,0.803950,101.880000,1.212300,1.278300,1.267300,1.578800
2012-10-05,1.300200,0.803250,102.020000,1.211200,1.275000,1.268200,1.577500
2012-10-08,1.295800,0.808400,101.450000,1.211000,1.268300,1.272100,1.585400
2012-10-09,1.295300,0.807900,101.350000,1.211100,1.263200,1.266300,1.577000
2012-10-10,1.288900,0.804950,100.940000,1.211000,1.259400,1.257400,1.573200
2012-10-11,1.291800,0.805250,101.260000,1.208700,1.264500,1.257300,1.579600
2012-10-12,1.297000,0.806500,101.700000,1.209300,1.267800,1.265400,1.581500
2012-10-15,1.297100,0.807450,102.100000,1.209100,1.268200,1.266100,1.589500
2012-10-16,1.304600,0.809700,102.940000,1.209100,1.287000,1.269300,1.602300
2012-10-17,1.312000,0.811500,103.230000,1.210600,1.291500,1.269000,1.600900
2012-10-18,1.311800,0.811900,104.010000,1.209400,1.284300,1.263200,1.598300
2012-10-19,1.303500,0.812750,103.270000,1.208500,1.288500,1.258600,1.591000
2012-10-22,1.306300,0.814500,104.270000,1.209700,1.298700,1.265700,1.597200
2012-10-23,1.300500,0.813650,103.840000,1.209800,1.296100,1.266200,1.600200
2012-10-24,1.294200,0.808300,103.330000,1.210000,1.280700,1.252600,1.588700
2012-10-25,1.299300,0.804900,104.150000,1.209700,1.288400,1.251000,1.577500
2012-10-26,1.290800,0.801200,103.150000,1.209000,1.286500,1.248600,1.574000
2012-10-29,1.289800,0.804550,102.690000,1.208700,1.289500,1.245500,1.571700
2012-10-30,1.296200,0.806200,103.000000,1.208500,1.296100,1.248900,1.576500
2012-10-31,1.299300,0.806450,103.780000,1.207600,1.300500,1.252800,1.581000
2012-11-01,1.297500,0.803150,103.820000,1.207200,1.296900,1.249100,1.568500
2012-11-02,1.285000,0.801600,103.550000,1.207300,1.278300,1.237400,1.553300
2012-11-05,1.277700,0.799900,102.600000,1.206300,1.273200,1.233800,1.551500
2012-11-06,1.280000,0.800950,102.600000,1.207500,1.272200,1.226300,1.545100
2012-11-07,1.274600,0.798400,102.110000,1.206500,1.266200,1.222800,1.540300
2012-11-08,1.273600,0.796550,101.740000,1.205800,1.269000,1.223000,1.559100
2012-11-09,1.269400,0.797250,100.440000,1.205400,1.273000,1.225100,1.562200
2012-11-12,1.273500,0.802000,101.130000,1.205700,1.272500,1.220000,1.559100
2012-11-13,1.269600,0.799650,100.930000,1.204600,1.270900,1.218700,1.554400
2012-11-14,1.272600,0.802600,102.000000,1.204000,1.274100,1.221700,1.565800
2012-11-15,1.275600,0.805450,103.660000,1.204200,1.278200,1.235000,1.572700
2012-11-16,1.274500,0.802450,103.440000,1.204200,1.275300,1.233700,1.573900
2012-11-19,1.276200,0.803200,103.600000,1.204500,1.274400,1.228300,1.562100
2012-11-20,1.280900,0.804650,104.390000,1.204900,1.275500,1.233100,1.568400
2012-11-21,1.280500,0.803700,105.490000,1.204100,1.277400,1.235800,1.574100
2012-11-22,1.289300,0.807700,106.420000,1.204500,1.284100,1.242000,1.580900
2012-11-23,1.290900,0.810100,106.190000,1.205000,1.286500,1.239300,1.576000
2012-11-26,1.296400,0.809950,106.470000,1.204600,1.288400,1.241600,1.577000
2012-11-27,1.296100,0.808100,106.460000,1.204300,1.284600,1.237200,1.574300
2012-11-28,1.289100,0.806870,105.440000,1.203300,1.282300,1.233900,1.571000
2012-11-29,1.299400,0.810530,106.720000,1.204300,1.288600,1.243200,1.576300
2012-11-30,1.298600,0.810800,107.370000,1.205400,1.290400,1.247400,1.586500
2012-12-03,1.305700,0.812100,107.360000,1.208700,1.296400,1.251700,1.589100
2012-12-04,1.309200,0.812300,107.280000,1.213600,1.301300,1.249700,1.586600
2012-12-05,1.306500,0.811900,107.310000,1.212800,1.296000,1.248300,1.582600
2012-12-06,1.307200,0.811350,107.660000,1.211400,1.296100,1.245600,1.569300
2012-12-07,1.290500,0.806100,106.190000,1.207700,1.280600,1.231800,1.550600
2012-12-10,1.293000,0.804400,106.230000,1.206800,1.276100,1.231800,1.550100
2012-12-11,1.299300,0.807400,107.110000,1.211500,1.282000,1.238100,1.551500
2012-12-12,1.304000,0.807750,108.120000,1.210900,1.285000,1.235800,1.550400
2012-12-13,1.307700,0.810050,109.180000,1.209000,1.285200,1.239100,1.547600
2012-12-14,1.308100,0.811500,109.550000,1.208900,1.287800,1.242900,1.556400
2012-12-17,1.316000,0.812000,110.390000,1.208200,1.299000,1.249400,1.560400
2012-12-18,1.317800,0.812800,110.530000,1.208000,1.297200,1.251200,1.566000
2012-12-19,1.330200,0.816100,112.360000,1.209600,1.312600,1.266700,1.588900
2012-12-20,1.324600,0.814600,111.520000,1.207900,1.310600,1.263200,1.588200
2012-12-21,1.320900,0.814200,110.990000,1.207700,1.309000,1.266200,1.602900
2012-12-24,1.321800,0.817500,111.640000,1.207000,1.312400,1.271500,1.607100
2012-12-27,1.326600,0.819900,113.870000,1.208200,1.315600,1.278200,1.618300
2012-12-28,1.318300,0.816950,113.500000,1.208000,1.312200,1.269200,1.605300
2012-12-31,1.319400,0.816100,113.610000,1.207200,1.313700,1.271200,1.604500
2013-01-02,1.326200,0.814000,115.380000,1.209000,1.306000,1.263700,1.585900
2013-01-03,1.310200,0.810750,113.930000,1.209000,1.292300,1.247100,1.572800
2013-01-04,1.301200,0.812300,114.960000,1.209200,1.289700,1.249400,1.580600
2013-01-07,1.303900,0.811700,114.480000,1.208700,1.287100,1.242100,1.561400
2013-01-08,1.308600,0.814500,114.560000,1.209200,1.289900,1.246600,1.566000
2013-01-09,1.305600,0.815050,114.340000,1.208900,1.289300,1.241900,1.557900
2013-01-10,1.311300,0.817200,115.760000,1.210400,1.292800,1.240300,1.555000
2013-01-11,1.327400,0.823200,118.180000,1.215700,1.306000,1.256100,1.580100
2013-01-14,1.334100,0.831200,119.100000,1.224300,1.315800,1.263200,1.586000
2013-01-15,1.332700,0.830250,118.040000,1.235800,1.314200,1.265300,1.588600
2013-01-16,1.327700,0.830100,117.060000,1.235900,1.310200,1.259300,1.582600
2013-01-17,1.336800,0.834100,119.320000,1.245300,1.319300,1.269400,1.592100
2013-01-18,1.332400,0.837200,119.870000,1.244600,1.319200,1.267400,1.593100
2013-01-21,1.332300,0.839000,119.370000,1.242100,1.323000,1.266500,1.592500
2013-01-22,1.331700,0.839650,118.180000,1.238300,1.324200,1.261300,1.583700
2013-01-23,1.333000,0.840700,117.980000,1.238500,1.322200,1.263500,1.582700
2013-01-24,1.334900,0.843900,119.730000,1.241700,1.337400,1.273700,1.588100
2013-01-25,1.346900,0.851400,122.710000,1.244400,1.355300,1.291700,1.609900
2013-01-28,1.344400,0.854500,122.210000,1.247200,1.356200,1.293000,1.621000
2013-01-29,1.343300,0.853600,121.520000,1.241600,1.351000,1.286000,1.607200
2013-01-30,1.354100,0.858300,123.550000,1.239200,1.357300,1.299600,1.626200
2013-01-31,1.355000,0.857000,123.320000,1.234200,1.357700,1.300900,1.616400
2013-02-01,1.364400,0.861700,125.780000,1.235100,1.363700,1.313200,1.619100
2013-02-04,1.355200,0.861900,125.630000,1.235000,1.350900,1.299000,1.600200
2013-02-05,1.353700,0.859900,126.330000,1.229900,1.351100,1.303000,1.607400
2013-02-06,1.351700,0.863100,126.480000,1.234800,1.349300,1.310900,1.606100
2013-02-07,1.354600,0.862400,126.880000,1.231200,1.348800,1.313500,1.624100
2013-02-08,1.337400,0.846350,123.520000,1.228200,1.336100,1.294200,1.596200
2013-02-11,1.339100,0.853500,125.120000,1.229400,1.349400,1.302900,1.608100
2013-02-12,1.343800,0.861500,126.600000,1.232800,1.351200,1.310700,1.608100
2013-02-13,1.348000,0.866000,125.950000,1.236500,1.351800,1.303600,1.602200
2013-02-14,1.332700,0.859400,124.390000,1.229300,1.334300,1.287900,1.571500
2013-02-15,1.332500,0.860400,124.030000,1.230300,1.336000,1.289500,1.570300
2013-02-18,1.335200,0.861900,125.240000,1.233200,1.343900,1.294600,1.579700
2013-02-19,1.334900,0.863100,124.810000,1.233200,1.350400,1.290500,1.580300
2013-02-20,1.337000,0.873300,125.090000,1.234700,1.356700,1.296100,1.597200
2013-02-21,1.318600,0.864200,122.850000,1.229000,1.343700,1.285900,1.579600
2013-02-22,1.318600,0.862050,122.980000,1.227200,1.345800,1.276300,1.573600
2013-02-25,1.330400,0.878900,125.000000,1.230500,1.360200,1.289700,1.583200
2013-02-26,1.307700,0.863300,120.200000,1.216700,1.341800,1.276300,1.580500
2013-02-27,1.309700,0.864050,120.060000,1.217700,1.343400,1.284200,1.589500
2013-02-28,1.312900,0.863000,121.070000,1.220900,1.346100,1.280900,1.581000
2013-03-01,1.300000,0.864700,120.530000,1.224500,1.343700,1.274100,1.575900
2013-03-04,1.300700,0.864000,121.670000,1.225600,1.338000,1.282100,1.581800
2013-03-05,1.303400,0.859800,121.450000,1.227700,1.337900,1.273500,1.576300
2013-03-06,1.303500,0.864400,121.850000,1.230100,1.340800,1.267000,1.563000
2013-03-07,1.301000,0.865000,122.800000,1.231800,1.342200,1.268500,1.570400
2013-03-08,1.309000,0.871000,125.500000,1.235500,1.347000,1.273800,1.578900
2013-03-11,1.299400,0.873350,124.910000,1.236000,1.335700,1.270200,1.581300
2013-03-12,1.305300,0.876300,125.250000,1.234400,1.339200,1.263300,1.580700
2013-03-13,1.298100,0.867800,124.590000,1.231900,1.330400,1.257300,1.573000
2013-03-14,1.293700,0.865700,124.790000,1.234700,1.327900,1.249500,1.581100
2013-03-15,1.308600,0.864000,125.560000,1.230800,1.335200,1.260900,1.588800
2013-03-18,1.292900,0.856200,122.880000,1.222100,1.321100,1.244600,1.568600
2013-03-19,1.294400,0.855850,123.490000,1.221800,1.326500,1.247500,1.571200
2013-03-20,1.294500,0.855200,123.690000,1.222200,1.327100,1.246900,1.574000
2013-03-21,1.291000,0.851650,122.950000,1.222500,1.321100,1.237500,1.549400
2013-03-22,1.294800,0.852800,122.850000,1.221200,1.325900,1.241200,1.555900
2013-03-25,1.293500,0.851600,122.550000,1.221300,1.319900,1.235600,1.546500
2013-03-26,1.286100,0.849000,121.250000,1.220900,1.310300,1.226300,1.538500
2013-03-27,1.276800,0.845150,120.300000,1.217400,1.298400,1.223400,1.527400
2013-03-28,1.280500,0.845600,120.870000,1.219500,1.302100,1.230800,1.530800
2013-04-02,1.284000,0.846900,119.790000,1.215900,1.300600,1.226700,1.522900
2013-04-03,1.282800,0.848400,119.960000,1.216700,1.301000,1.223700,1.519800
2013-04-04,1.281800,0.847450,122.310000,1.215500,1.301200,1.229000,1.526800
2013-04-05,1.294400,0.849100,124.490000,1.215800,1.313400,1.242500,1.540800
2013-04-08,1.302300,0.850950,128.460000,1.216800,1.324400,1.250300,1.540500
2013-04-09,1.304000,0.851750,128.920000,1.220000,1.323400,1.244900,1.535600
2013-04-10,1.308600,0.854800,129.690000,1.218300,1.329000,1.242900,1.530000
2013-04-11,1.311900,0.852000,130.390000,1.218700,1.324200,1.241100,1.514000
2013-04-12,1.305200,0.849700,129.540000,1.216700,1.320700,1.239600,1.518200
2013-04-15,1.308100,0.852900,127.830000,1.214700,1.335000,1.257300,1.544300
2013-04-16,1.312900,0.856900,128.370000,1.216300,1.341100,1.265400,1.546800
2013-04-17,1.312900,0.861300,128.610000,1.214900,1.346900,1.269100,1.550200
2013-04-18,1.304500,0.854800,128.400000,1.216400,1.336200,1.263300,1.545400
2013-04-19,1.311500,0.854400,130.210000,1.217600,1.344300,1.269200,1.548600
2013-04-22,1.303700,0.856300,130.000000,1.218800,1.337500,1.269600,1.546100
2013-04-23,1.299000,0.851650,128.560000,1.221900,1.335000,1.267600,1.547200
2013-04-24,1.300600,0.852500,129.460000,1.230200,1.334500,1.265900,1.536600
2013-04-25,1.308000,0.845800,129.670000,1.233400,1.337400,1.266900,1.529900
2013-04-26,1.299900,0.840000,128.130000,1.227300,1.325600,1.265100,1.527700
2013-04-29,1.311300,0.844000,128.270000,1.227900,1.329300,1.267100,1.532200
2013-04-30,1.307200,0.844300,127.350000,1.223800,1.321300,1.264900,1.527200
2013-05-02,1.319100,0.846600,129.040000,1.224400,1.328500,1.287100,1.554000
2013-05-03,1.311400,0.843100,128.600000,1.223500,1.326300,1.278000,1.539100
2013-05-06,1.310700,0.843100,130.180000,1.228000,1.321700,1.280100,1.538000
2013-05-07,1.310700,0.844200,129.980000,1.233300,1.317500,1.290800,1.552400
2013-05-08,1.313500,0.846900,129.890000,1.233600,1.319000,1.287300,1.562900
2013-05-09,1.314200,0.844350,129.800000,1.229000,1.318900,1.285800,1.553000
2013-05-10,1.298800,0.844300,131.940000,1.243000,1.311300,1.297800,1.562300
2013-05-13,1.297300,0.844100,132.010000,1.240400,1.309200,1.300300,1.566200
2013-05-14,1.297700,0.848150,131.880000,1.241600,1.315700,1.308000,1.575700
2013-05-15,1.286400,0.846400,132.040000,1.249900,1.313300,1.301500,1.566200
2013-05-16,1.289000,0.845500,132.150000,1.244400,1.314000,1.312000,1.579600
2013-05-17,1.286900,0.844750,131.870000,1.244900,1.322000,1.321600,1.591700
2013-05-20,1.285300,0.845600,131.860000,1.246000,1.321200,1.314000,1.576000
2013-05-21,1.286600,0.849100,132.330000,1.247600,1.321200,1.314700,1.578100
2013-05-22,1.292300,0.855700,133.260000,1.259900,1.331500,1.325300,1.592300
2013-05-23,1.288800,0.855150,131.070000,1.248600,1.333900,1.330200,1.593200
2013-05-24,1.293900,0.856950,131.250000,1.246600,1.336900,1.334800,1.596300
2013-05-27,1.293900,0.855600,130.590000,1.245200,1.335700,1.340500,1.599700
2013-05-28,1.293800,0.855300,131.980000,1.253300,1.338300,1.335500,1.592700
2013-05-29,1.295200,0.856950,130.900000,1.248000,1.343400,1.344700,1.591200
2013-05-30,1.294400,0.855700,131.700000,1.248700,1.343300,1.349300,1.614900
2013-05-31,1.300600,0.853650,130.470000,1.240600,1.343400,1.354000,1.626500
2013-06-03,1.300800,0.851800,130.370000,1.245600,1.345500,1.345700,1.626800
2013-06-04,1.309200,0.855800,131.280000,1.239700,1.351000,1.353800,1.629000
2013-06-05,1.306700,0.851050,130.130000,1.237100,1.350900,1.364700,1.633100
2013-06-06,1.311800,0.849100,129.960000,1.235700,1.352900,1.378900,1.648500
2013-06-07,1.326000,0.851300,126.810000,1.227300,1.356800,1.392600,1.665800
2013-06-10,1.320900,0.850400,130.470000,1.239500,1.345500,1.398300,1.672800
2013-06-11,1.327300,0.853900,128.600000,1.230500,1.359400,1.420600,1.708000
2013-06-12,1.327700,0.848250,128.300000,1.232300,1.348900,1.392700,1.660400
2013-06-13,1.331500,0.849500,125.360000,1.229000,1.354100,1.391900,1.669600
2013-06-14,1.330300,0.851500,126.370000,1.232200,1.352400,1.384100,1.646900
2013-06-17,1.333700,0.847550,126.360000,1.230800,1.354800,1.387600,1.651900
2013-06-18,1.337400,0.856200,127.550000,1.231500,1.363500,1.413100,1.675600
2013-06-19,1.340600,0.855800,127.440000,1.232600,1.367300,1.410500,1.674900
2013-06-20,1.320000,0.854500,129.260000,1.231900,1.365100,1.432300,1.692700
2013-06-21,1.318000,0.853300,128.660000,1.225700,1.370500,1.429600,1.700400
2013-06-24,1.308600,0.851150,128.540000,1.224100,1.379700,1.424600,1.696900
2013-06-25,1.313400,0.848600,127.790000,1.226800,1.377000,1.415600,1.693900
2013-06-26,1.302400,0.848200,127.330000,1.226200,1.364900,1.403300,1.673000
2013-06-27,1.303200,0.853100,127.930000,1.232600,1.359900,1.399500,1.664000
2013-06-28,1.308000,0.857200,129.390000,1.233800,1.371400,1.417100,1.679200
2013-07-01,1.303700,0.856250,129.990000,1.234000,1.371400,1.419000,1.677400
2013-07-02,1.301700,0.857900,130.080000,1.235400,1.375600,1.422200,1.676900
2013-07-03,1.295900,0.849200,128.850000,1.228500,1.366400,1.427800,1.674300
2013-07-04,1.298400,0.859800,129.640000,1.232800,1.369000,1.423900,1.665500
2013-07-05,1.288300,0.860550,128.970000,1.234800,1.355400,1.404900,1.645000
2013-07-08,1.285000,0.861600,130.040000,1.240400,1.356700,1.414500,1.657300
2013-07-09,1.285700,0.865000,130.070000,1.245200,1.355800,1.402400,1.635900
2013-07-10,1.281300,0.860200,128.440000,1.244000,1.347500,1.393500,1.631600
2013-07-11,1.304400,0.862900,129.630000,1.241400,1.357200,1.416200,1.658800
2013-07-12,1.303400,0.862700,129.750000,1.238800,1.353700,1.443600,1.675200
2013-07-15,1.301200,0.864700,130.680000,1.239400,1.356800,1.438000,1.680300
2013-07-16,1.311800,0.869300,130.350000,1.237100,1.365700,1.422500,1.667000
2013-07-17,1.313600,0.863150,131.150000,1.234000,1.365600,1.427300,1.672500
2013-07-18,1.309300,0.860900,131.220000,1.237000,1.364000,1.429000,1.662100
2013-07-19,1.312300,0.859950,131.670000,1.236100,1.361800,1.424000,1.647100
2013-07-22,1.316600,0.859000,131.470000,1.237000,1.361800,1.427200,1.660000
2013-07-23,1.318000,0.859550,131.910000,1.238700,1.362000,1.426800,1.652800
2013-07-24,1.324600,0.862600,132.600000,1.238800,1.360400,1.436100,1.660600
2013-07-25,1.320200,0.863700,131.810000,1.236500,1.359300,1.438800,1.642300
2013-07-26,1.326000,0.861050,130.840000,1.233400,1.363800,1.434000,1.645500
2013-07-29,1.327000,0.863400,129.910000,1.233000,1.363600,1.436400,1.644400
2013-07-30,1.328400,0.867350,129.990000,1.233500,1.362900,1.461800,1.660600
2013-07-31,1.327500,0.873500,130.000000,1.231700,1.366900,1.472500,1.664800
2013-08-01,1.323600,0.869200,130.690000,1.231700,1.363000,1.473300,1.666200
2013-08-02,1.320300,0.871350,131.780000,1.238300,1.373400,1.483700,1.676500
2013-08-05,1.325700,0.864250,130.620000,1.235200,1.378200,1.491000,1.707600
2013-08-06,1.328000,0.865750,130.270000,1.231300,1.377800,1.481700,1.689000
2013-08-07,1.330500,0.859550,129.210000,1.232100,1.386800,1.487800,1.682600
2013-08-08,1.336000,0.862000,128.680000,1.230700,1.390900,1.472600,1.674700
2013-08-09,1.337300,0.861350,128.960000,1.231000,1.376200,1.458700,1.668200
2013-08-12,1.328000,0.858600,128.660000,1.232700,1.369300,1.449600,1.658000
2013-08-13,1.329000,0.859550,130.270000,1.235800,1.371500,1.454900,1.661800
2013-08-14,1.324300,0.854400,130.170000,1.241500,1.368900,1.452400,1.650100
2013-08-15,1.329700,0.853300,130.480000,1.242700,1.373200,1.452500,1.647900
2013-08-16,1.334000,0.853250,130.030000,1.235400,1.377100,1.454000,1.650100
2013-08-19,1.334400,0.852900,130.720000,1.235200,1.378600,1.459200,1.645300
2013-08-20,1.339200,0.854900,130.330000,1.232300,1.389700,1.476100,1.678000
2013-08-21,1.338400,0.852950,130.520000,1.231000,1.396600,1.481100,1.691300
2013-08-22,1.332300,0.855050,131.450000,1.234900,1.398400,1.481300,1.704900
2013-08-23,1.335500,0.859100,132.350000,1.235800,1.411400,1.487900,1.718500
2013-08-26,1.336100,0.858500,131.740000,1.235200,1.406400,1.483100,1.707500
2013-08-27,1.333800,0.860900,130.070000,1.229300,1.404000,1.487700,1.713600
2013-08-28,1.334700,0.863200,130.100000,1.229000,1.400100,1.497500,1.722500
2013-08-29,1.326600,0.854900,130.340000,1.230800,1.392300,1.483900,1.706200
2013-08-30,1.323500,0.853950,130.010000,1.231000,1.393600,1.482000,1.704100
2013-09-02,1.320700,0.847750,131.090000,1.231700,1.390700,1.468000,1.690000
2013-09-03,1.317200,0.847300,130.980000,1.232500,1.386400,1.458300,1.686000
2013-09-04,1.317100,0.843800,131.060000,1.234500,1.381400,1.437300,1.669800
2013-09-05,1.320200,0.843100,131.640000,1.239000,1.383700,1.445100,1.675400
2013-09-06,1.311700,0.842000,130.710000,1.238200,1.368200,1.430900,1.650500
2013-09-09,1.319400,0.841300,131.300000,1.235000,1.369900,1.433800,1.648500
2013-09-10,1.324000,0.843800,132.800000,1.239200,1.368400,1.425500,1.643200
2013-09-11,1.326800,0.841400,132.960000,1.239500,1.371600,1.428800,1.646700
2013-09-12,1.329000,0.841000,132.180000,1.236800,1.371500,1.436700,1.633400
2013-09-13,1.329500,0.839900,132.430000,1.237600,1.373900,1.438000,1.632300
2013-09-16,1.335700,0.838500,132.050000,1.237400,1.375900,1.424800,1.626700
2013-09-17,1.335600,0.839700,132.440000,1.237500,1.377400,1.427900,1.624900
2013-09-18,1.335200,0.835800,132.180000,1.237000,1.376200,1.428100,1.624200
2013-09-19,1.354500,0.842000,134.090000,1.233300,1.382900,1.426100,1.613700
2013-09-20,1.351400,0.843600,134.570000,1.233000,1.389800,1.435400,1.615300
2013-09-23,1.350800,0.841150,133.590000,1.232300,1.390900,1.431300,1.612000
2013-09-24,1.347300,0.844310,132.920000,1.229500,1.385700,1.434700,1.626100
2013-09-25,1.350400,0.841650,133.140000,1.230400,1.392400,1.443000,1.641300
2013-09-26,1.349900,0.841800,133.410000,1.228800,1.390900,1.439000,1.626600
2013-09-27,1.353700,0.840000,133.280000,1.224800,1.396700,1.454200,1.637300
2013-09-30,1.350500,0.836050,131.780000,1.222500,1.391200,1.448600,1.629600
2013-10-01,1.355400,0.834500,132.600000,1.225300,1.396200,1.438800,1.636300
2013-10-02,1.351500,0.834100,131.760000,1.224100,1.398800,1.445800,1.641000
2013-10-03,1.359400,0.839400,132.810000,1.227600,1.405300,1.450000,1.641200
2013-10-04,1.359300,0.846900,132.030000,1.227100,1.404200,1.440900,1.636600
2013-10-07,1.357200,0.843700,131.460000,1.226200,1.401000,1.442100,1.639400
2013-10-08,1.357600,0.842650,131.940000,1.228400,1.399400,1.431600,1.630300
2013-10-09,1.351500,0.846400,131.550000,1.231300,1.402900,1.429900,1.626900
2013-10-10,1.353200,0.848100,132.370000,1.231100,1.405300,1.434600,1.639500
2013-10-11,1.356600,0.849000,133.380000,1.231400,1.409400,1.431800,1.626100
2013-10-14,1.356400,0.848300,133.190000,1.233400,1.404100,1.431300,1.622800
2013-10-15,1.349300,0.846350,132.890000,1.236100,1.397500,1.416700,1.612000
2013-10-16,1.356100,0.845900,133.380000,1.234100,1.406700,1.422700,1.612200
2013-10-17,1.366200,0.847600,133.640000,1.232700,1.406900,1.419700,1.608000
2013-10-18,1.368400,0.845150,133.730000,1.234300,1.408900,1.417300,1.612500
2013-10-21,1.366700,0.846500,134.170000,1.235200,1.406900,1.413900,1.614800
2013-10-22,1.367400,0.847600,134.520000,1.235500,1.408400,1.414300,1.616600
2013-10-23,1.375200,0.851600,133.950000,1.230700,1.418900,1.429800,1.643600
2013-10-24,1.380500,0.853700,134.320000,1.230300,1.435800,1.435400,1.650300
2013-10-25,1.377700,0.851900,134.150000,1.234800,1.438000,1.436900,1.660100
2013-10-28,1.378400,0.853400,134.650000,1.234300,1.439600,1.438700,1.662100
2013-10-29,1.376800,0.856700,134.880000,1.235800,1.437900,1.450500,1.666700
2013-10-30,1.375500,0.855900,135.110000,1.234700,1.436400,1.447100,1.663200
2013-10-31,1.364100,0.850200,133.990000,1.233300,1.425100,1.435300,1.645000
2013-11-01,1.350500,0.846350,132.900000,1.231000,1.408200,1.426500,1.634300
2013-11-04,1.350600,0.845600,133.280000,1.232100,1.404800,1.421500,1.626000
2013-11-05,1.349400,0.840300,132.590000,1.229700,1.407300,1.415700,1.619200
2013-11-06,1.351700,0.840300,133.330000,1.232100,1.411200,1.418600,1.607900
2013-11-07,1.336500,0.832100,132.000000,1.229800,1.394000,1.408800,1.594500
2013-11-08,1.343100,0.835250,131.580000,1.230200,1.404200,1.419300,1.610100
2013-11-11,1.339400,0.838100,132.860000,1.232800,1.402600,1.431400,1.626200
2013-11-12,1.343200,0.844700,133.870000,1.232800,1.409700,1.440100,1.633300
2013-11-13,1.341500,0.839900,133.270000,1.231600,1.407100,1.440900,1.628300
2013-11-14,1.343600,0.837150,134.260000,1.233200,1.410600,1.445400,1.628100
2013-11-15,1.346000,0.837700,134.990000,1.234600,1.408500,1.442200,1.621600
2013-11-18,1.351700,0.838800,135.230000,1.232100,1.408100,1.437800,1.615200
2013-11-19,1.350200,0.838500,134.890000,1.233300,1.409200,1.434100,1.619500
2013-11-20,1.352700,0.837650,135.200000,1.232300,1.414500,1.441800,1.627500
2013-11-21,1.347200,0.835000,135.830000,1.231800,1.410900,1.453600,1.639300
2013-11-22,1.351800,0.834400,136.740000,1.230200,1.424900,1.474600,1.657500
2013-11-25,1.351400,0.834800,137.570000,1.231100,1.427200,1.475400,1.645800
2013-11-26,1.354700,0.838300,137.340000,1.231200,1.425800,1.486100,1.652800
2013-11-27,1.359600,0.834050,138.430000,1.230500,1.438200,1.495200,1.663800
2013-11-28,1.359200,0.832150,139.060000,1.232300,1.437600,1.491500,1.666800
2013-11-29,1.361100,0.832750,139.210000,1.229800,1.439400,1.493400,1.669800
2013-12-02,1.353600,0.826050,139.160000,1.232100,1.438700,1.481200,1.650700
2013-12-03,1.357800,0.827100,139.310000,1.228700,1.446500,1.487300,1.645700
2013-12-04,1.359200,0.830000,139.310000,1.226800,1.448400,1.504600,1.658500
2013-12-05,1.359400,0.831300,138.730000,1.226200,1.448700,1.503800,1.656500
2013-12-06,1.366100,0.835800,139.630000,1.223100,1.454800,1.506500,1.666300
2013-12-09,1.372200,0.837650,141.330000,1.223100,1.463300,1.510100,1.658700
2013-12-10,1.375000,0.836450,141.350000,1.221400,1.460400,1.503900,1.652900
2013-12-11,1.376700,0.840250,141.220000,1.221900,1.458100,1.512300,1.670100
2013-12-12,1.377500,0.839700,141.510000,1.221100,1.457100,1.521000,1.656200
2013-12-13,1.372700,0.843700,141.930000,1.222600,1.462600,1.535500,1.669100
2013-12-16,1.377600,0.843850,141.870000,1.221200,1.457900,1.540000,1.667300
2013-12-17,1.374900,0.845600,141.610000,1.220600,1.455700,1.542100,1.662600
2013-12-18,1.374900,0.840100,141.610000,1.221100,1.462100,1.543400,1.666000
2013-12-19,1.366700,0.834900,142.550000,1.226100,1.465000,1.544500,1.671500
2013-12-20,1.365500,0.834800,142.660000,1.226300,1.460000,1.540500,1.672500
2013-12-23,1.370200,0.837700,142.380000,1.225700,1.452400,1.532000,1.669700
2013-12-24,1.368400,0.836030,142.660000,1.224300,1.451900,1.533000,1.671500
2013-12-27,1.381400,0.836650,145.020000,1.223400,1.473100,1.550600,1.689300
2013-12-30,1.378300,0.836400,145.020000,1.225900,1.476400,1.552000,1.686600
2013-12-31,1.379100,0.833700,144.720000,1.227600,1.467100,1.542300,1.676200
2014-01-02,1.365800,0.828200,143.820000,1.230700,1.452000,1.542400,1.675400
2014-01-03,1.363400,0.830450,142.460000,1.230900,1.446800,1.515600,1.643400
2014-01-06,1.360200,0.830300,142.280000,1.231900,1.449600,1.520700,1.643100
2014-01-07,1.364100,0.831150,142.430000,1.236700,1.458500,1.528000,1.645500
2014-01-08,1.359400,0.827700,142.330000,1.238300,1.469200,1.521200,1.637300
2014-01-09,1.361200,0.825750,142.920000,1.236800,1.478000,1.534300,1.649500
2014-01-10,1.358700,0.828000,142.670000,1.234200,1.477700,1.526500,1.652700
2014-01-13,1.365400,0.831700,141.370000,1.234200,1.489700,1.506600,1.632800
2014-01-14,1.366700,0.831450,141.620000,1.233400,1.488300,1.518900,1.624300
2014-01-15,1.360600,0.830200,141.860000,1.235400,1.490500,1.526300,1.628000
2014-01-16,1.359700,0.832150,142.210000,1.235000,1.485100,1.545700,1.637500
2014-01-17,1.358400,0.826200,141.800000,1.233200,1.490000,1.545500,1.644300
2014-01-20,1.356600,0.826200,141.050000,1.233700,1.483800,1.538800,1.640500
2014-01-21,1.352600,0.823900,141.580000,1.235700,1.487700,1.540300,1.629000
2014-01-22,1.356600,0.819000,141.570000,1.234500,1.487600,1.529100,1.626800
2014-01-23,1.363900,0.821750,141.990000,1.231700,1.519900,1.554000,1.642500
2014-01-24,1.368700,0.829100,140.180000,1.225600,1.514100,1.571500,1.655900
2014-01-27,1.365800,0.825050,140.390000,1.226700,1.508000,1.561800,1.656100
2014-01-28,1.364900,0.822850,140.610000,1.227800,1.521000,1.551500,1.651400
2014-01-29,1.360800,0.822100,139.730000,1.225500,1.517300,1.553500,1.643600
2014-01-30,1.357400,0.823800,139.280000,1.223300,1.517600,1.545900,1.662400
2014-01-31,1.351600,0.821350,138.130000,1.222000,1.513100,1.551600,1.668200
2014-02-03,1.349800,0.825900,137.820000,1.222600,1.495000,1.534600,1.664300
2014-02-04,1.351900,0.829050,137.050000,1.221500,1.497000,1.519500,1.657000
2014-02-05,1.354300,0.832200,136.780000,1.222200,1.497600,1.517400,1.646900
2014-02-06,1.349500,0.828750,136.930000,1.222400,1.492500,1.505100,1.639200
2014-02-07,1.357400,0.831400,138.790000,1.223700,1.502500,1.517800,1.646200
2014-02-10,1.363800,0.831600,139.260000,1.223400,1.506300,1.525900,1.648800
2014-02-11,1.367600,0.830750,140.000000,1.223500,1.509300,1.514800,1.641600
2014-02-12,1.357300,0.821600,138.890000,1.224900,1.493000,1.501600,1.627700
2014-02-13,1.367500,0.821500,139.420000,1.221600,1.504700,1.525700,1.639900
2014-02-14,1.370700,0.820350,139.480000,1.222100,1.501700,1.517600,1.637900
2014-02-17,1.369900,0.818850,139.600000,1.222100,1.501500,1.515900,1.638100
2014-02-18,1.373100,0.823300,140.770000,1.222100,1.505900,1.521200,1.652200
2014-02-19,1.374500,0.825100,140.080000,1.221400,1.505100,1.521700,1.651500
2014-02-20,1.370600,0.822000,139.910000,1.220300,1.518900,1.526900,1.655500
2014-02-21,1.370700,0.821830,140.500000,1.219500,1.530400,1.528300,1.655800
2014-02-24,1.373500,0.824650,140.690000,1.220900,1.524300,1.527100,1.655800
2014-02-25,1.375400,0.823950,140.650000,1.219300,1.523300,1.523900,1.650800
2014-02-26,1.372600,0.822600,140.500000,1.219800,1.523000,1.528800,1.650000
2014-02-27,1.365600,0.820350,139.150000,1.216100,1.520000,1.528600,1.631900
2014-02-28,1.381300,0.826250,140.630000,1.215300,1.535700,1.541400,1.640000
2014-03-03,1.376800,0.823050,139.510000,1.212900,1.527800,1.543200,1.644600
2014-03-04,1.376800,0.824600,140.200000,1.217200,1.524400,1.539200,1.641100
2014-03-05,1.373200,0.821700,140.710000,1.218600,1.519000,1.529500,1.632000
2014-03-06,1.374500,0.823400,141.220000,1.219000,1.516200,1.516800,1.620600
2014-03-07,1.389400,0.828500,143.020000,1.219100,1.526100,1.521600,1.634100
2014-03-10,1.388100,0.833800,143.390000,1.219200,1.541900,1.535900,1.640700
2014-03-11,1.385000,0.833600,143.050000,1.217500,1.539000,1.533000,1.631900
2014-03-12,1.388700,0.835900,142.680000,1.215900,1.546500,1.550700,1.641600
2014-03-13,1.394200,0.835450,143.300000,1.216000,1.542800,1.537200,1.623800
2014-03-14,1.388400,0.836650,140.630000,1.212400,1.539300,1.538200,1.627000
2014-03-17,1.390600,0.836750,141.450000,1.215400,1.539300,1.531100,1.623500
2014-03-18,1.390200,0.838300,141.100000,1.216200,1.535500,1.525500,1.613800
2014-03-19,1.391300,0.836800,141.310000,1.216700,1.554500,1.526900,1.614200
2014-03-20,1.376200,0.834550,140.850000,1.219000,1.550700,1.525700,1.615900
2014-03-21,1.378000,0.835700,141.070000,1.218200,1.543500,1.519900,1.614600
2014-03-24,1.377400,0.835400,141.050000,1.219700,1.544800,1.509100,1.611800
2014-03-25,1.378900,0.834800,141.220000,1.219700,1.541300,1.506900,1.613800
2014-03-26,1.379100,0.833600,141.250000,1.221600,1.539800,1.493400,1.601800
2014-03-27,1.375800,0.827700,140.750000,1.218700,1.526200,1.489900,1.589500
2014-03-28,1.375900,0.827200,140.900000,1.218600,1.518700,1.488600,1.586300
2014-03-31,1.378800,0.828200,142.420000,1.219400,1.522500,1.494100,1.595200
2014-04-01,1.379000,0.829200,142.530000,1.217800,1.524100,1.492900,1.590300
2014-04-02,1.379500,0.828000,143.030000,1.219000,1.519100,1.490500,1.609100
2014-04-03,1.377100,0.829700,143.120000,1.220900,1.517200,1.491200,1.614900
2014-04-04,1.370000,0.826700,142.330000,1.223500,1.510000,1.481000,1.602500
2014-04-07,1.372300,0.827100,141.650000,1.220200,1.508400,1.481800,1.598300
2014-04-08,1.377400,0.824200,140.900000,1.220000,1.505500,1.476000,1.588500
2014-04-09,1.379400,0.823750,140.730000,1.218400,1.508200,1.472700,1.589000
2014-04-10,1.386700,0.827200,141.000000,1.218000,1.511800,1.473200,1.594400
2014-04-11,1.387200,0.829100,140.690000,1.216100,1.521600,1.477200,1.600300
2014-04-14,1.382700,0.827400,140.870000,1.215400,1.516300,1.469200,1.596200
2014-04-15,1.380300,0.825100,140.620000,1.216200,1.517100,1.469700,1.593200
2014-04-16,1.384000,0.823900,141.550000,1.216900,1.520000,1.478800,1.609800
2014-04-17,1.385500,0.824300,141.570000,1.217500,1.525300,1.482200,1.609300
2014-04-22,1.381700,0.820500,141.690000,1.221400,1.521800,1.475300,1.605700
2014-04-23,1.383400,0.823900,141.460000,1.219800,1.524900,1.490500,1.612500
2014-04-24,1.382000,0.823000,141.630000,1.220300,1.523700,1.491600,1.612600
2014-04-25,1.383100,0.822850,141.050000,1.219400,1.523900,1.488300,1.610600
2014-04-28,1.386100,0.822800,141.850000,1.218100,1.528000,1.493400,1.622000
2014-04-29,1.382600,0.822200,142.030000,1.220000,1.516700,1.491600,1.619100
2014-04-30,1.385000,0.823000,142.070000,1.220000,1.519100,1.494700,1.618700
2014-05-02,1.386200,0.821400,142.060000,1.218900,1.520000,1.497100,1.602600
2014-05-05,1.387400,0.822930,141.440000,1.217400,1.524200,1.497500,1.599600
2014-05-06,1.394500,0.821150,141.890000,1.216900,1.523200,1.493200,1.590900
2014-05-07,1.392700,0.820700,141.680000,1.218600,1.516400,1.490900,1.603500
2014-05-08,1.395300,0.823300,141.950000,1.217800,1.517500,1.485700,1.612200
2014-05-09,1.378100,0.817250,140.140000,1.218600,1.492500,1.471400,1.595700
2014-05-12,1.376500,0.815150,140.310000,1.221100,1.497600,1.468400,1.595500
2014-05-13,1.370300,0.813950,140.250000,1.220100,1.493500,1.462500,1.585000
2014-05-14,1.371900,0.817700,139.650000,1.219900,1.495800,1.459700,1.582700
2014-05-15,1.365900,0.815200,139.170000,1.222700,1.484500,1.458900,1.578600
2014-05-16,1.369600,0.814800,138.950000,1.221000,1.489700,1.463300,1.586200
2014-05-19,1.371500,0.814600,138.790000,1.222800,1.490400,1.465400,1.587200
2014-05-20,1.370200,0.814000,138.880000,1.222300,1.492100,1.479700,1.597800
2014-05-21,1.367600,0.809400,138.180000,1.221600,1.490800,1.481900,1.596800
2014-05-22,1.366800,0.810400,138.960000,1.221500,1.491500,1.479900,1.596300
2014-05-23,1.363000,0.809350,138.920000,1.221000,1.485800,1.478200,1.595700
2014-05-26,1.363500,0.809900,138.970000,1.221000,1.481200,1.476100,1.595500
2014-05-27,1.363800,0.811000,139.010000,1.222100,1.479600,1.473700,1.595400
2014-05-28,1.360800,0.812500,138.730000,1.222500,1.478100,1.474500,1.603900
2014-05-29,1.361200,0.814500,138.340000,1.221000,1.477400,1.464800,1.603400
2014-05-30,1.360700,0.813100,138.360000,1.220400,1.474500,1.463500,1.605700
2014-06-02,1.361100,0.812900,138.940000,1.221400,1.478600,1.471400,1.607300
2014-06-03,1.364500,0.814700,139.640000,1.221600,1.488800,1.473100,1.612200
2014-06-04,1.362700,0.813000,139.780000,1.220400,1.489300,1.469500,1.619900
2014-06-05,1.356700,0.810300,139.240000,1.220000,1.484200,1.460800,1.606800
2014-06-06,1.364200,0.810800,139.710000,1.218500,1.490200,1.461300,1.600900
2014-06-09,1.360800,0.809850,139.390000,1.219300,1.486100,1.454500,1.599000
2014-06-10,1.354700,0.807500,138.630000,1.218800,1.478400,1.445800,1.590900
2014-06-11,1.354700,0.807000,138.190000,1.217900,1.474900,1.441900,1.583100
2014-06-12,1.352800,0.803900,138.120000,1.217400,1.469000,1.438300,1.559100
2014-06-13,1.353400,0.797900,138.080000,1.217800,1.468300,1.441400,1.563400
2014-06-16,1.353200,0.797400,137.810000,1.217600,1.472400,1.442600,1.561100
2014-06-17,1.356800,0.799400,138.400000,1.218800,1.474200,1.449200,1.565100
2014-06-18,1.356300,0.800500,138.650000,1.218000,1.474200,1.452500,1.564600
2014-06-19,1.362000,0.799850,138.820000,1.217000,1.474900,1.447800,1.562200
2014-06-20,1.358800,0.797500,138.680000,1.216900,1.469400,1.445600,1.562300
2014-06-23,1.359600,0.799400,138.460000,1.216700,1.459400,1.440500,1.557300
2014-06-24,1.361800,0.801500,138.800000,1.217300,1.461500,1.449000,1.563900
2014-06-25,1.361500,0.802250,138.730000,1.216800,1.462000,1.453900,1.565200
2014-06-26,1.360600,0.799100,138.490000,1.216400,1.457700,1.446000,1.553100
2014-06-27,1.362000,0.799650,138.090000,1.216200,1.455600,1.446000,1.554200
2014-06-30,1.365800,0.801500,138.440000,1.215600,1.458900,1.453700,1.562600
2014-07-01,1.368800,0.798100,138.980000,1.213800,1.458700,1.447900,1.562400
2014-07-02,1.365600,0.795800,138.650000,1.213700,1.453500,1.444700,1.556800
2014-07-03,1.364600,0.796500,139.060000,1.214700,1.453000,1.455200,1.556300
2014-07-04,1.358800,0.792600,138.670000,1.216000,1.445100,1.452900,1.554800
2014-07-07,1.359200,0.793850,138.530000,1.215500,1.446600,1.452200,1.554700
2014-07-08,1.358900,0.793850,138.260000,1.215500,1.450800,1.445900,1.548000
2014-07-09,1.360300,0.795550,138.380000,1.215800,1.450600,1.448600,1.546600
2014-07-10,1.360400,0.795050,137.870000,1.214300,1.451500,1.452000,1.545100
2014-07-11,1.359500,0.794100,137.750000,1.214300,1.446600,1.446300,1.541700
2014-07-14,1.362700,0.796600,138.290000,1.213900,1.461900,1.450000,1.545700
2014-07-15,1.361300,0.793100,138.280000,1.214200,1.461100,1.452200,1.546500
2014-07-16,1.353200,0.790300,137.730000,1.215600,1.456400,1.448000,1.554800
2014-07-17,1.352500,0.790900,137.270000,1.214700,1.453700,1.442600,1.556900
2014-07-18,1.352500,0.791550,137.070000,1.214400,1.453300,1.440700,1.558000
2014-07-21,1.351800,0.791500,136.970000,1.214400,1.452400,1.440700,1.555300
2014-07-22,1.348100,0.790500,136.930000,1.215100,1.450200,1.436800,1.556400
2014-07-23,1.346500,0.790800,136.510000,1.215000,1.443600,1.424800,1.550100
2014-07-24,1.347200,0.792150,136.970000,1.215200,1.444900,1.427200,1.567900
2014-07-25,1.344000,0.791150,136.970000,1.215200,1.447200,1.428900,1.572800
2014-07-28,1.343300,0.790550,136.740000,1.215000,1.452000,1.427500,1.570300
2014-07-29,1.342900,0.792400,137.040000,1.215200,1.452900,1.430300,1.577600
2014-07-30,1.340100,0.791700,137.050000,1.216500,1.457200,1.431000,1.574600
2014-07-31,1.337900,0.792800,137.660000,1.216900,1.461000,1.439600,1.576100
2014-08-01,1.339500,0.796100,137.920000,1.216300,1.463500,1.443100,1.580100
2014-08-04,1.342200,0.797200,137.720000,1.216700,1.466000,1.440800,1.577100
2014-08-05,1.338200,0.793900,137.460000,1.217500,1.465500,1.436500,1.572600
2014-08-06,1.334500,0.792850,136.580000,1.215200,1.464300,1.432900,1.579500
2014-08-07,1.336800,0.794000,136.760000,1.215000,1.461500,1.441400,1.578300
2014-08-08,1.338800,0.796700,136.450000,1.213700,1.461400,1.441900,1.579100
2014-08-11,1.338600,0.797600,136.720000,1.213400,1.466300,1.444300,1.582000
2014-08-12,1.334600,0.795500,136.490000,1.213800,1.461400,1.440600,1.583500
2014-08-13,1.336000,0.799700,136.890000,1.213500,1.459300,1.437500,1.582500
2014-08-14,1.337300,0.801600,136.990000,1.212400,1.456500,1.435400,1.573000
2014-08-15,1.338800,0.802150,137.330000,1.211400,1.459300,1.436200,1.575500
2014-08-18,1.338300,0.800200,137.220000,1.210700,1.455900,1.436000,1.576600
2014-08-19,1.335400,0.802650,137.120000,1.210400,1.456800,1.429800,1.578700
2014-08-20,1.328400,0.798100,137.230000,1.210600,1.454900,1.429500,1.583600
2014-08-21,1.326200,0.799250,137.710000,1.210900,1.454000,1.428300,1.582900
2014-08-22,1.326700,0.800300,137.700000,1.210000,1.453700,1.424800,1.576700
2014-08-25,1.320000,0.795670,137.130000,1.208700,1.445700,1.417500,1.578700
2014-08-26,1.319200,0.796050,137.150000,1.208600,1.446500,1.415700,1.583000
2014-08-27,1.317700,0.794000,136.880000,1.206800,1.437200,1.410200,1.573500
2014-08-28,1.317800,0.794500,136.680000,1.206000,1.429000,1.407900,1.571700
2014-08-29,1.318800,0.795300,137.110000,1.206100,1.431400,1.412300,1.575200
2014-09-01,1.313300,0.790250,136.970000,1.207200,1.426600,1.405900,1.566000
2014-09-02,1.311500,0.793300,137.630000,1.207200,1.430700,1.412900,1.574600
2014-09-03,1.315100,0.798550,138.110000,1.207800,1.433600,1.409400,1.580200
2014-09-04,1.301500,0.793200,136.890000,1.205500,1.416000,1.392700,1.566500
2014-09-05,1.294800,0.794550,136.270000,1.206400,1.408500,1.382600,1.561300
2014-09-08,1.294700,0.802350,136.320000,1.206900,1.411900,1.387000,1.559000
2014-09-09,1.290200,0.800500,136.900000,1.206000,1.416300,1.390300,1.558000
2014-09-10,1.292900,0.801250,137.900000,1.207200,1.421300,1.414600,1.572400
2014-09-11,1.292800,0.795800,138.380000,1.210000,1.423600,1.418200,1.579400
2014-09-12,1.293100,0.796600,138.720000,1.208900,1.430000,1.428300,1.583500
2014-09-15,1.291100,0.794950,138.480000,1.209900,1.431300,1.431100,1.581200
2014-09-16,1.294900,0.799200,138.670000,1.208500,1.429700,1.434000,1.586600
2014-09-17,1.295600,0.793600,139.050000,1.210100,1.421800,1.430200,1.585700
2014-09-18,1.287200,0.788300,140.110000,1.208600,1.415900,1.439000,1.588200
2014-09-19,1.285200,0.786500,139.840000,1.206700,1.410900,1.432100,1.578400
2014-09-22,1.284500,0.786600,140.090000,1.206900,1.413500,1.448100,1.582600
2014-09-23,1.289200,0.786000,139.870000,1.206900,1.418500,1.448100,1.588200
2014-09-24,1.282600,0.782300,139.500000,1.207700,1.420700,1.446000,1.590800
2014-09-25,1.271200,0.780400,138.880000,1.207600,1.413600,1.443200,1.600600
2014-09-26,1.273200,0.780700,138.930000,1.207100,1.414800,1.448300,1.611000
2014-09-29,1.270100,0.782700,138.970000,1.207100,1.417200,1.455500,1.635100
2014-09-30,1.258300,0.777300,138.110000,1.206300,1.405800,1.444200,1.620900
2014-10-01,1.260300,0.778200,138.530000,1.207200,1.413900,1.449600,1.617100
2014-10-02,1.263100,0.782400,137.470000,1.208500,1.406700,1.439300,1.605100
2014-10-03,1.261600,0.785250,137.460000,1.208900,1.410800,1.441500,1.605400
2014-10-06,1.256500,0.785750,137.250000,1.212000,1.407800,1.438100,1.610400
2014-10-07,1.260700,0.784000,136.900000,1.211500,1.405400,1.432900,1.610200
2014-10-08,1.264500,0.787000,136.970000,1.213200,1.413100,1.441600,1.621000
2014-10-09,1.276300,0.787500,137.370000,1.210700,1.418000,1.440800,1.608100
2014-10-10,1.263800,0.788200,136.270000,1.209200,1.415100,1.451100,1.616600
2014-10-13,1.267900,0.788000,135.950000,1.207700,1.421600,1.448000,1.610700
2014-10-14,1.264600,0.794500,135.290000,1.207900,1.422300,1.447500,1.608500
2014-10-15,1.266600,0.795700,135.500000,1.207200,1.440500,1.452700,1.615000
2014-10-16,1.274900,0.797000,134.950000,1.206100,1.444600,1.464500,1.611700
2014-10-17,1.282300,0.795500,136.450000,1.207400,1.441600,1.459700,1.614000
2014-10-20,1.277300,0.791400,136.620000,1.206400,1.438100,1.456000,1.605300
2014-10-21,1.276200,0.790000,136.200000,1.206800,1.435600,1.447500,1.596500
2014-10-22,1.269300,0.790900,135.790000,1.206200,1.424200,1.443000,1.591600
2014-10-23,1.266900,0.790400,136.420000,1.206700,1.420800,1.440400,1.611500
2014-10-24,1.265900,0.788700,136.640000,1.206000,1.419100,1.439600,1.611600
2014-10-27,1.267900,0.787100,136.760000,1.206000,1.426100,1.442200,1.610500
2014-10-28,1.274800,0.788100,137.450000,1.205600,1.428700,1.437000,1.603900
2014-10-29,1.273700,0.790950,137.750000,1.205900,1.419200,1.433400,1.603500
2014-10-30,1.259800,0.787200,137.270000,1.205900,1.407400,1.431100,1.613400
2014-10-31,1.252400,0.784250,140.180000,1.206700,1.412000,1.424900,1.604500
2014-11-03,1.249300,0.780850,142.190000,1.205400,1.410000,1.434700,1.613100
2014-11-04,1.251400,0.781900,141.960000,1.205500,1.428600,1.434200,1.614400
2014-11-05,1.248000,0.784300,143.210000,1.204300,1.428100,1.449400,1.613500
2014-11-06,1.251700,0.786150,143.330000,1.204500,1.428100,1.453000,1.617000
2014-11-07,1.239300,0.783400,142.890000,1.204000,1.416800,1.441800,1.609600
2014-11-10,1.248600,0.785200,142.560000,1.202800,1.412400,1.440600,1.602000
2014-11-11,1.242400,0.783600,143.880000,1.202400,1.415000,1.438600,1.600800
2014-11-12,1.246700,0.788000,143.630000,1.202300,1.410900,1.431800,1.585700
2014-11-13,1.245600,0.791200,143.870000,1.201800,1.411100,1.425400,1.576600
2014-11-14,1.243600,0.794400,144.940000,1.201500,1.415500,1.433600,1.582900
2014-11-17,1.249600,0.798900,145.300000,1.201300,1.413300,1.431200,1.577500
2014-11-18,1.251400,0.799400,145.910000,1.201300,1.413000,1.434200,1.570700
2014-11-19,1.253500,0.799650,147.450000,1.201400,1.422600,1.451200,1.594900
2014-11-20,1.253900,0.798900,148.250000,1.201400,1.420000,1.456500,1.596400
2014-11-21,1.242200,0.792100,146.460000,1.202400,1.398700,1.425700,1.568100
2014-11-24,1.241000,0.791600,146.820000,1.202700,1.396100,1.438700,1.577200
2014-11-25,1.242400,0.792900,146.660000,1.203000,1.400300,1.456300,1.595800
2014-11-26,1.247500,0.790950,146.910000,1.202600,1.405700,1.466700,1.592100
2014-11-27,1.248000,0.792000,146.670000,1.202200,1.403900,1.456000,1.580700
2014-11-28,1.248300,0.795300,147.690000,1.201800,1.422700,1.464700,1.587900
2014-12-01,1.246900,0.792700,147.620000,1.202800,1.421300,1.468100,1.583800
2014-12-02,1.242400,0.793600,148.080000,1.204000,1.412500,1.472000,1.588400
2014-12-03,1.233100,0.786200,147.200000,1.203200,1.403400,1.462000,1.588400
2014-12-04,1.231100,0.786100,147.640000,1.203500,1.399800,1.469200,1.588800
2014-12-05,1.236200,0.788100,149.030000,1.202100,1.408500,1.476500,1.592800
2014-12-08,1.225800,0.784500,148.450000,1.202300,1.402700,1.478900,1.603700
2014-12-09,1.236900,0.790150,148.020000,1.202100,1.416600,1.490300,1.610200
2014-12-10,1.239200,0.789750,147.330000,1.202400,1.418600,1.484600,1.603400
2014-12-11,1.242800,0.792700,147.200000,1.201200,1.428100,1.505600,1.589200
2014-12-12,1.245000,0.792500,147.410000,1.201000,1.441700,1.505600,1.594600
2014-12-15,1.242600,0.793600,147.670000,1.201100,1.440700,1.512800,1.606200
2014-12-16,1.253700,0.796500,145.790000,1.200900,1.461200,1.520600,1.605000
2014-12-17,1.244800,0.793200,145.890000,1.201000,1.448200,1.520300,1.607300
2014-12-18,1.228500,0.786500,145.960000,1.205200,1.424800,1.500500,1.586100
2014-12-19,1.227900,0.784700,146.410000,1.203900,1.423900,1.501200,1.578900
2014-12-22,1.225900,0.784900,147.060000,1.203500,1.425700,1.505700,1.580300
2014-12-23,1.221300,0.786700,146.800000,1.203200,1.421300,1.502700,1.577200
2014-12-24,1.221900,0.786500,147.070000,1.202500,1.416400,1.505300,1.580700
2014-12-29,1.219700,0.784200,146.960000,1.202800,1.418300,1.496400,1.564400
2014-12-30,1.216000,0.782300,145.410000,1.202800,1.413200,1.487800,1.553600
2014-12-31,1.214100,0.778900,145.230000,1.202400,1.406300,1.482900,1.552500
2015-01-02,1.204300,0.780000,145.210000,1.202200,1.406900,1.484100,1.560900
2015-01-05,1.191500,0.782700,143.000000,1.201600,1.404100,1.475500,1.551500
2015-01-06,1.191400,0.784200,141.690000,1.201400,1.401400,1.464000,1.537800
2015-01-07,1.183100,0.782300,141.170000,1.201100,1.399600,1.466000,1.527500
2015-01-08,1.176800,0.781100,141.000000,1.201000,1.390500,1.451800,1.511300
2015-01-09,1.181300,0.779900,140.810000,1.201000,1.396300,1.450600,1.511500
2015-01-12,1.180400,0.779100,140.560000,1.201000,1.404300,1.449800,1.522200
2015-01-13,1.178200,0.776700,139.560000,1.201000,1.409800,1.444100,1.521500
2015-01-14,1.177500,0.775300,137.480000,1.201000,1.408900,1.447300,1.525000
2015-01-15,1.170800,0.767200,136.480000,1.028000,1.385500,1.414300,1.488300
2015-01-16,1.158800,0.763700,135.060000,1.012800,1.394600,1.411300,1.487100
2015-01-19,1.160500,0.766400,136.270000,1.012000,1.390600,1.413400,1.491400
2015-01-20,1.157900,0.763700,137.370000,1.008700,1.391000,1.412300,1.501400
2015-01-21,1.159300,0.767100,136.070000,0.999700,1.399900,1.411300,1.512400
2015-01-22,1.161800,0.764400,136.700000,0.994300,1.435300,1.429900,1.534400
2015-01-23,1.119800,0.747300,132.120000,0.981600,1.393700,1.416900,1.503200
2015-01-26,1.124400,0.748950,133.030000,1.001400,1.400900,1.422700,1.512800
2015-01-27,1.130600,0.747250,133.080000,1.017000,1.408500,1.423300,1.519900
2015-01-28,1.134400,0.746600,133.700000,1.024200,1.409000,1.423400,1.515700
2015-01-29,1.131500,0.747750,133.430000,1.037200,1.417900,1.453500,1.555200
2015-01-30,1.130500,0.751100,133.080000,1.046800,1.432300,1.453500,1.556800
2015-02-02,1.131000,0.752600,133.060000,1.051900,1.433200,1.452300,1.556200
2015-02-03,1.137600,0.753950,133.480000,1.052600,1.431600,1.479900,1.574200
2015-02-04,1.144600,0.751600,134.490000,1.060200,1.425300,1.472200,1.548600
2015-02-05,1.141000,0.748200,133.980000,1.058700,1.429000,1.461600,1.542800
2015-02-06,1.144700,0.747300,134.280000,1.053400,1.424600,1.457200,1.541400
2015-02-09,1.127500,0.741500,133.720000,1.042800,1.409400,1.443000,1.520300
2015-02-10,1.129700,0.742000,134.670000,1.045700,1.408800,1.452200,1.526600
2015-02-11,1.131400,0.739600,135.500000,1.046500,1.426800,1.460600,1.527200
2015-02-12,1.132800,0.737600,135.720000,1.055900,1.422800,1.476100,1.537300
2015-02-13,1.138100,0.740100,135.460000,1.057600,1.423500,1.468900,1.531200
2015-02-16,1.140800,0.742100,135.260000,1.062600,1.420600,1.466900,1.519300
2015-02-17,1.141500,0.743400,135.610000,1.063100,1.412500,1.459300,1.514100
2015-02-18,1.137200,0.737200,135.690000,1.070700,1.415800,1.459800,1.514700
2015-02-19,1.138700,0.737900,135.520000,1.079600,1.425700,1.463200,1.514800
2015-02-20,1.129800,0.734800,133.910000,1.071800,1.407300,1.439900,1.496000
2015-02-23,1.129800,0.735200,134.500000,1.072700,1.425600,1.451000,1.504100
2015-02-24,1.132800,0.734400,135.360000,1.075500,1.432200,1.460900,1.522500
2015-02-25,1.134600,0.732800,134.920000,1.077300,1.411600,1.438800,1.503100
2015-02-26,1.131700,0.730100,134.540000,1.074500,1.411200,1.435700,1.491900
2015-02-27,1.124000,0.727800,134.050000,1.063600,1.399500,1.435800,1.484900
2015-03-02,1.122700,0.729400,134.470000,1.072400,1.402500,1.443300,1.490700
2015-03-03,1.116800,0.727600,133.740000,1.073600,1.398100,1.428800,1.480700
2015-03-04,1.112400,0.725900,133.150000,1.069400,1.392200,1.419100,1.465000
2015-03-05,1.106900,0.725100,133.100000,1.069700,1.377000,1.420500,1.477700
2015-03-06,1.096300,0.722000,131.480000,1.070000,1.366600,1.399000,1.462700
2015-03-09,1.086000,0.718600,131.310000,1.069100,1.367400,1.404300,1.473000
2015-03-10,1.073800,0.712800,130.290000,1.070300,1.356600,1.403400,1.472900
2015-03-11,1.057800,0.703550,128.330000,1.065500,1.343200,1.389900,1.460800
2015-03-12,1.061300,0.709100,128.290000,1.063600,1.343200,1.377100,1.432900
2015-03-13,1.057200,0.715250,128.410000,1.064800,1.346200,1.380000,1.439700
2015-03-16,1.055700,0.713100,127.960000,1.061500,1.349300,1.379700,1.430700
2015-03-17,1.063500,0.719950,128.900000,1.066000,1.358500,1.391400,1.444400
2015-03-18,1.059200,0.723000,128.350000,1.062700,1.358300,1.390100,1.446100
2015-03-19,1.067700,0.718300,129.120000,1.059500,1.357800,1.396600,1.445300
2015-03-20,1.077600,0.725500,130.260000,1.055200,1.365500,1.398800,1.440100
2015-03-23,1.091200,0.731800,130.800000,1.056100,1.366700,1.393800,1.431400
2015-03-24,1.095000,0.734400,130.890000,1.049100,1.364900,1.384300,1.430100
2015-03-25,1.098500,0.736500,131.130000,1.051700,1.371100,1.392500,1.432200
2015-03-26,1.097300,0.737100,130.670000,1.049800,1.365300,1.399000,1.442900
2015-03-27,1.085600,0.729800,129.390000,1.047600,1.358000,1.394000,1.434200
2015-03-30,1.084500,0.732800,130.020000,1.043900,1.370900,1.415800,1.441700
2015-03-31,1.075900,0.727300,128.950000,1.046300,1.373800,1.415400,1.438800
2015-04-01,1.075500,0.728500,129.290000,1.042600,1.363200,1.415300,1.447200
2015-04-02,1.083000,0.731600,129.590000,1.040000,1.369300,1.434300,1.449900
2015-04-07,1.084700,0.728600,130.330000,1.043800,1.356300,1.419200,1.442300
2015-04-08,1.086200,0.726400,130.090000,1.043800,1.348700,1.407800,1.431500
2015-04-09,1.077400,0.726800,129.220000,1.044700,1.349300,1.395100,1.418800
2015-04-10,1.057000,0.724400,127.320000,1.039000,1.338600,1.382400,1.405900
2015-04-13,1.055200,0.721500,127.200000,1.037300,1.332400,1.392500,1.418700
2015-04-14,1.056400,0.721700,126.670000,1.034400,1.329200,1.393600,1.416900
2015-04-15,1.057900,0.716800,126.520000,1.032100,1.327700,1.394500,1.410400
2015-04-16,1.071100,0.718900,127.640000,1.032700,1.318000,1.379000,1.403800
2015-04-17,1.081400,0.719900,128.450000,1.029700,1.318300,1.384200,1.402500
2015-04-20,1.072300,0.719550,127.680000,1.028300,1.313800,1.382300,1.397000
2015-04-21,1.070000,0.718700,127.750000,1.025200,1.308500,1.382100,1.388400
2015-04-22,1.074300,0.712900,128.450000,1.032300,1.315200,1.379600,1.392200
2015-04-23,1.077200,0.717000,129.360000,1.038300,1.317000,1.393700,1.425900
2015-04-24,1.082400,0.715900,129.360000,1.033800,1.311800,1.388400,1.430500
2015-04-27,1.082200,0.716200,129.230000,1.036700,1.315500,1.386700,1.425000
2015-04-28,1.092700,0.715000,130.090000,1.046400,1.318800,1.375200,1.422600
2015-04-29,1.100200,0.716100,131.200000,1.049100,1.326200,1.376200,1.431000
2015-04-30,1.121500,0.726700,133.260000,1.048600,1.348000,1.416100,1.472700
2015-05-04,1.115200,0.737880,134.070000,1.043100,1.351200,1.422500,1.472700
2015-05-05,1.111700,0.735000,133.920000,1.037600,1.344000,1.411900,1.482200
2015-05-06,1.123000,0.737600,134.590000,1.037400,1.348700,1.403000,1.499000
2015-05-07,1.130500,0.742500,134.720000,1.034300,1.364500,1.418600,1.510800
2015-05-08,1.122100,0.728000,134.900000,1.038500,1.358100,1.418100,1.508500
2015-05-11,1.114200,0.719600,133.640000,1.040300,1.349700,1.411700,1.511500
2015-05-12,1.123900,0.716400,134.850000,1.039600,1.353200,1.407000,1.523900
2015-05-13,1.122100,0.717400,134.310000,1.041000,1.343600,1.394500,1.506100
2015-05-14,1.141900,0.723100,136.120000,1.038600,1.364500,1.408700,1.519900
2015-05-15,1.132800,0.721100,135.780000,1.046300,1.363600,1.415900,1.523700
2015-05-18,1.138900,0.727000,136.330000,1.048200,1.373300,1.422800,1.535600
2015-05-19,1.118000,0.721850,134.360000,1.042000,1.361800,1.402700,1.510300
2015-05-20,1.111800,0.715700,134.430000,1.042900,1.357800,1.407000,1.514300
2015-05-21,1.113300,0.709900,134.790000,1.039400,1.360000,1.411200,1.523900
2015-05-22,1.116400,0.713800,135.010000,1.041700,1.362000,1.416300,1.516900
2015-05-25,1.097800,0.710000,133.390000,1.034900,1.349600,1.402300,1.502500
2015-05-26,1.092600,0.709600,134.070000,1.035100,1.352000,1.402000,1.498100
2015-05-27,1.086300,0.707000,134.370000,1.033100,1.353100,1.408900,1.503100
2015-05-28,1.089600,0.712400,135.360000,1.034400,1.359400,1.426700,1.521300
2015-05-29,1.097000,0.719000,135.950000,1.034100,1.365000,1.433800,1.540500
2015-06-01,1.094400,0.719250,135.790000,1.033100,1.367300,1.434100,1.537200
2015-06-02,1.102900,0.724300,137.520000,1.039100,1.378400,1.434200,1.548700
2015-06-03,1.113400,0.727500,138.460000,1.042700,1.385600,1.432100,1.558600
2015-06-04,1.131700,0.735400,140.470000,1.055100,1.408900,1.461800,1.583400
2015-06-05,1.121800,0.731700,139.970000,1.047800,1.402300,1.453400,1.571300
2015-06-08,1.116200,0.731800,139.840000,1.047000,1.387900,1.461500,1.577600
2015-06-09,1.124900,0.735400,139.560000,1.046500,1.388900,1.460600,1.571500
2015-06-10,1.127900,0.728400,138.690000,1.048600,1.380100,1.457100,1.568900
2015-06-11,1.123200,0.726600,138.950000,1.052300,1.383900,1.453300,1.604200
2015-06-12,1.122000,0.724500,138.780000,1.046900,1.380400,1.456000,1.608300
2015-06-15,1.121800,0.723400,138.540000,1.051200,1.384500,1.446600,1.605300
2015-06-16,1.121500,0.718200,138.420000,1.046500,1.384300,1.448200,1.605800
2015-06-17,1.127900,0.717000,139.780000,1.045100,1.388700,1.469400,1.628400
2015-06-18,1.140400,0.716700,139.940000,1.046100,1.386700,1.457000,1.639900
2015-06-19,1.129900,0.713400,139.190000,1.044900,1.386500,1.459100,1.639300
2015-06-22,1.134500,0.716900,139.800000,1.043500,1.387900,1.461600,1.648400
2015-06-23,1.120400,0.710100,138.720000,1.044900,1.382500,1.453800,1.638100
2015-06-24,1.121300,0.711800,138.930000,1.044900,1.379300,1.447300,1.629700
2015-06-25,1.120600,0.712600,138.520000,1.050700,1.387800,1.447700,1.621100
2015-06-26,1.120200,0.712300,138.580000,1.044700,1.385100,1.463100,1.634700
2015-06-29,1.113300,0.708500,136.810000,1.037600,1.377600,1.452600,1.626800
2015-06-30,1.118900,0.711400,137.010000,1.041300,1.383900,1.455000,1.654800
2015-07-01,1.110000,0.709050,136.630000,1.045700,1.390200,1.445800,1.641500
2015-07-02,1.106600,0.710300,136.820000,1.050700,1.396300,1.457300,1.659700
2015-07-03,1.109600,0.710200,136.380000,1.046600,1.396100,1.474700,1.658100
2015-07-06,1.100800,0.708000,135.110000,1.042200,1.391400,1.468800,1.644000
2015-07-07,1.093100,0.707700,133.880000,1.038300,1.392500,1.472200,1.648700
2015-07-08,1.102400,0.717300,133.880000,1.046300,1.404800,1.486600,1.648400
2015-07-09,1.105400,0.717600,134.300000,1.050400,1.402200,1.481600,1.639900
2015-07-10,1.118500,0.720800,136.880000,1.046400,1.421200,1.497500,1.657000
2015-07-13,1.104900,0.711500,136.300000,1.047800,1.405500,1.487400,1.647000
2015-07-14,1.103100,0.708400,136.020000,1.042200,1.407600,1.482800,1.646800
2015-07-15,1.100900,0.704500,135.950000,1.043900,1.403000,1.475300,1.644500
2015-07-16,1.086700,0.698100,134.900000,1.040700,1.407000,1.471300,1.667400
2015-07-17,1.088900,0.698300,135.010000,1.043100,1.413200,1.471200,1.661900
2015-07-20,1.085200,0.697100,134.830000,1.044300,1.409100,1.470300,1.648600
2015-07-21,1.086700,0.698700,135.170000,1.044000,1.411800,1.474600,1.646000
2015-07-22,1.090200,0.698200,134.980000,1.048200,1.416700,1.476500,1.656200
2015-07-23,1.099900,0.704400,136.150000,1.051700,1.427100,1.484400,1.647700
2015-07-24,1.093900,0.706900,135.700000,1.051200,1.432000,1.505800,1.667000
2015-07-27,1.105800,0.712700,136.230000,1.059500,1.440900,1.518400,1.674100
2015-07-28,1.102500,0.707400,136.460000,1.065900,1.434800,1.508900,1.654500
2015-07-29,1.103000,0.705300,136.500000,1.062200,1.428900,1.510100,1.653100
2015-07-30,1.095500,0.701000,136.250000,1.063300,1.422000,1.506500,1.657700
2015-07-31,1.096700,0.704100,136.340000,1.056500,1.431000,1.514000,1.676900
2015-08-03,1.095100,0.702800,136.070000,1.059800,1.440400,1.507100,1.661800
2015-08-04,1.097300,0.702750,136.070000,1.064000,1.440800,1.483100,1.663000
2015-08-05,1.088300,0.696300,135.230000,1.065800,1.433400,1.475500,1.664100
2015-08-06,1.088500,0.701400,135.940000,1.071300,1.433300,1.484900,1.666500
2015-08-07,1.094100,0.705100,136.430000,1.073800,1.431300,1.480900,1.664700
2015-08-10,1.096000,0.707100,136.670000,1.080000,1.439200,1.488400,1.666800
2015-08-11,1.105500,0.708800,137.990000,1.085900,1.445400,1.509200,1.686600
2015-08-12,1.115500,0.714900,138.450000,1.086400,1.446700,1.512800,1.684700
2015-08-13,1.110900,0.710600,138.230000,1.084900,1.445500,1.512100,1.689500
2015-08-14,1.117100,0.714500,138.700000,1.087500,1.457100,1.512200,1.703300
2015-08-17,1.110000,0.710500,138.220000,1.084100,1.458100,1.509600,1.692700
2015-08-18,1.106000,0.704200,137.440000,1.079800,1.449400,1.506500,1.680000
2015-08-19,1.104100,0.704900,137.310000,1.075500,1.443100,1.502600,1.678900
2015-08-20,1.118300,0.713800,138.500000,1.077200,1.467900,1.528700,1.689800
2015-08-21,1.128100,0.719800,138.400000,1.076500,1.478700,1.538400,1.693600
2015-08-24,1.149700,0.730200,137.800000,1.077700,1.523600,1.590300,1.752700
2015-08-25,1.150600,0.729000,137.840000,1.083400,1.518100,1.593700,1.759600
2015-08-26,1.140200,0.731400,136.460000,1.077800,1.512500,1.596300,1.755800
2015-08-27,1.128400,0.731200,135.620000,1.077100,1.492400,1.579000,1.746900
2015-08-28,1.126800,0.732100,136.160000,1.080700,1.495400,1.578900,1.747700
2015-08-31,1.121500,0.727530,136.070000,1.082500,1.486300,1.575300,1.753600
2015-09-01,1.123600,0.732800,134.870000,1.082500,1.485600,1.595600,1.774900
2015-09-02,1.125500,0.736900,135.210000,1.086700,1.491900,1.606100,1.776600
2015-09-03,1.122900,0.734500,134.980000,1.090300,1.489300,1.603500,1.767900
2015-09-04,1.113800,0.731500,132.820000,1.083900,1.473600,1.594800,1.747800
2015-09-07,1.114600,0.730350,133.090000,1.087100,1.480200,1.606200,1.780100
2015-09-08,1.116200,0.724400,133.820000,1.092000,1.475700,1.597600,1.774700
2015-09-09,1.113900,0.725100,134.650000,1.089300,1.475700,1.586000,1.746100
2015-09-10,1.118500,0.726550,135.380000,1.092300,1.482200,1.583100,1.777500
2015-09-11,1.126800,0.730600,136.020000,1.103100,1.494500,1.595500,1.791400
2015-09-14,1.130500,0.733400,136.040000,1.097900,1.498300,1.587400,1.790500
2015-09-15,1.132000,0.734600,135.440000,1.097100,1.498400,1.588500,1.787700
2015-09-16,1.122800,0.726650,135.450000,1.094300,1.487700,1.567700,1.770100
2015-09-17,1.131200,0.728650,136.760000,1.095000,1.492500,1.577600,1.782100
2015-09-18,1.141900,0.729800,136.310000,1.091300,1.487600,1.570900,1.770300
2015-09-21,1.125000,0.724300,135.500000,1.090600,1.483100,1.569300,1.769600
2015-09-22,1.115500,0.722300,133.750000,1.086000,1.480400,1.573200,1.771500
2015-09-23,1.115000,0.729700,134.030000,1.088200,1.479000,1.581300,1.771200
2015-09-24,1.124100,0.738700,134.480000,1.092800,1.503900,1.614700,1.785700
2015-09-25,1.115100,0.734750,134.920000,1.092200,1.484500,1.589500,1.757800
2015-09-28,1.117000,0.735200,134.130000,1.094100,1.492100,1.596700,1.758500
2015-09-29,1.120400,0.739100,134.380000,1.090100,1.500000,1.600900,1.761600
2015-09-30,1.120300,0.738500,134.690000,1.091500,1.503400,1.593900,1.756800
2015-10-01,1.115300,0.736700,133.560000,1.090300,1.479900,1.577700,1.733200
2015-10-02,1.116000,0.735800,134.240000,1.092300,1.477500,1.587000,1.740900
2015-10-05,1.123600,0.740200,135.070000,1.093800,1.473500,1.585300,1.727200
2015-10-06,1.122400,0.739900,135.070000,1.093600,1.470100,1.578100,1.729300
2015-10-07,1.126600,0.735800,135.300000,1.088200,1.464900,1.558600,1.696600
2015-10-08,1.125400,0.736600,134.920000,1.093500,1.468300,1.566400,1.705000
2015-10-09,1.136200,0.740700,136.650000,1.091900,1.469800,1.550200,1.696400
2015-10-12,1.137300,0.740100,136.610000,1.092800,1.470200,1.542900,1.690500
2015-10-13,1.137400,0.748000,136.160000,1.091000,1.484000,1.558500,1.697400
2015-10-14,1.141000,0.741800,136.480000,1.090100,1.481600,1.572200,1.693800
2015-10-15,1.143900,0.739700,135.230000,1.087300,1.475600,1.561200,1.668300
2015-10-16,1.136000,0.735600,135.250000,1.080900,1.468500,1.565400,1.673700
2015-10-19,1.133300,0.731700,135.290000,1.083400,1.467100,1.558100,1.666800
2015-10-20,1.137300,0.735200,136.160000,1.082300,1.478800,1.561200,1.666400
2015-10-21,1.135400,0.734900,136.300000,1.086400,1.476400,1.570700,1.686900
2015-10-22,1.131300,0.731400,135.490000,1.088600,1.484700,1.569200,1.670400
2015-10-23,1.108400,0.719550,133.800000,1.079300,1.448300,1.525000,1.630600
2015-10-26,1.101100,0.718400,133.260000,1.082300,1.448200,1.518200,1.624400
2015-10-27,1.106100,0.721400,133.060000,1.088000,1.462200,1.529900,1.626100
2015-10-28,1.108500,0.724800,133.380000,1.089900,1.464300,1.553900,1.650500
2015-10-29,1.093000,0.716700,132.300000,1.085100,1.441100,1.544600,1.636000
2015-10-30,1.101700,0.718200,132.880000,1.090000,1.451500,1.554400,1.636900
2015-11-02,1.103200,0.713200,133.020000,1.088500,1.445000,1.545700,1.635600
2015-11-03,1.097600,0.713150,132.650000,1.086900,1.440600,1.530100,1.636400
2015-11-04,1.093500,0.709400,132.450000,1.081300,1.429200,1.521000,1.648500
2015-11-05,1.088300,0.712600,132.650000,1.083300,1.432000,1.523300,1.645000
2015-11-06,1.086400,0.717650,132.410000,1.083000,1.434200,1.520400,1.641200
2015-11-09,1.077600,0.714100,133.080000,1.081500,1.428500,1.526300,1.646500
2015-11-10,1.071100,0.708400,131.980000,1.076500,1.420400,1.518900,1.636000
2015-11-11,1.071600,0.706000,131.900000,1.078300,1.421300,1.518300,1.634400
2015-11-12,1.072600,0.706400,131.920000,1.076900,1.429300,1.507300,1.644700
2015-11-13,1.076400,0.707050,132.040000,1.078600,1.432200,1.507700,1.648300
2015-11-16,1.072300,0.705800,132.010000,1.079100,1.429300,1.511000,1.655400
2015-11-17,1.067000,0.701700,131.490000,1.080600,1.420000,1.496000,1.644700
2015-11-18,1.066600,0.700900,131.650000,1.083800,1.422300,1.502800,1.650500
2015-11-19,1.068700,0.699800,131.600000,1.089300,1.420300,1.492500,1.640400
2015-11-20,1.068800,0.701000,131.280000,1.084400,1.422900,1.482500,1.629600
2015-11-23,1.063100,0.702500,130.920000,1.084800,1.422200,1.479300,1.632200
2015-11-24,1.065100,0.706200,130.520000,1.083200,1.422900,1.476300,1.636800
2015-11-25,1.058600,0.701750,129.940000,1.082000,1.410800,1.460100,1.616000
2015-11-26,1.061200,0.702800,130.060000,1.086800,1.411900,1.468500,1.614400
2015-11-27,1.058000,0.702900,129.750000,1.090000,1.412100,1.468900,1.618900
2015-11-30,1.057900,0.704800,130.220000,1.090300,1.414300,1.467100,1.612000
2015-12-01,1.060000,0.703600,130.570000,1.090800,1.411800,1.454000,1.593500
2015-12-02,1.061200,0.705900,130.700000,1.088000,1.420400,1.448900,1.594500
2015-12-03,1.067100,0.712200,131.580000,1.084000,1.421300,1.455000,1.603800
2015-12-04,1.090200,0.720100,134.080000,1.088200,1.454000,1.489900,1.631900
2015-12-07,1.080900,0.717700,133.400000,1.083000,1.455000,1.484900,1.623800
2015-12-08,1.087500,0.727100,133.640000,1.082000,1.479300,1.509900,1.643000
2015-12-09,1.094100,0.725100,134.040000,1.083000,1.484700,1.518200,1.651700
2015-12-10,1.094300,0.723500,132.970000,1.080600,1.481700,1.500000,1.619100
2015-12-11,1.095000,0.722400,133.020000,1.081900,1.496200,1.518000,1.625800
2015-12-14,1.098300,0.726000,132.540000,1.077100,1.510600,1.523100,1.627000
2015-12-15,1.099000,0.725200,132.970000,1.083100,1.506900,1.520000,1.618600
2015-12-16,1.093300,0.728300,133.180000,1.082400,1.505000,1.518600,1.619600
2015-12-17,1.084100,0.726600,132.820000,1.080700,1.499500,1.509700,1.607800
2015-12-18,1.083600,0.726660,131.600000,1.076800,1.512300,1.520600,1.616000
2015-12-21,1.087000,0.729850,131.930000,1.080400,1.516900,1.516800,1.611400
2015-12-22,1.095200,0.736200,132.420000,1.081800,1.524200,1.510900,1.603600
2015-12-23,1.091600,0.733000,131.920000,1.081200,1.517600,1.511500,1.611700
2015-12-24,1.094700,0.734200,131.830000,1.080600,1.518300,1.507400,1.605200
2015-12-28,1.096200,0.735350,132.050000,1.083800,1.520700,1.508900,1.601900
2015-12-29,1.095200,0.740050,131.880000,1.084600,1.524100,1.505600,1.594900
2015-12-30,1.092600,0.737990,131.660000,1.081400,1.517100,1.499000,1.595900
2015-12-31,1.088700,0.733950,131.070000,1.083500,1.511600,1.489700,1.592300
2016-01-04,1.089800,0.738100,129.780000,1.089100,1.517200,1.515300,1.614600
2016-01-05,1.074600,0.732350,127.880000,1.084700,1.497600,1.498200,1.600100
2016-01-06,1.074200,0.734400,127.190000,1.084600,1.513700,1.518700,1.616600
2016-01-07,1.086800,0.745450,127.740000,1.087500,1.536000,1.555000,1.646400
2016-01-08,1.086100,0.745190,128.510000,1.086000,1.532100,1.549500,1.645000
2016-01-11,1.088800,0.747050,128.330000,1.086300,1.533600,1.551600,1.657700
2016-01-12,1.083600,0.750800,127.790000,1.085500,1.537000,1.546000,1.654700
2016-01-13,1.081600,0.750200,127.740000,1.092600,1.538100,1.541300,1.651900
2016-01-14,1.089300,0.757030,128.260000,1.095000,1.564700,1.569500,1.690300
2016-01-15,1.091400,0.761500,127.800000,1.095100,1.584900,1.589500,1.710300
2016-01-18,1.089200,0.762630,127.780000,1.094600,1.580000,1.581000,1.686200
2016-01-19,1.086800,0.764730,128.120000,1.092200,1.575000,1.567300,1.676300
2016-01-20,1.090700,0.770000,127.280000,1.093200,1.596500,1.591600,1.713400
2016-01-21,1.089300,0.771820,127.430000,1.094900,1.575000,1.575500,1.694000
2016-01-22,1.080800,0.754590,127.770000,1.095000,1.531600,1.538000,1.660600
2016-01-25,1.081500,0.758900,128.070000,1.098100,1.535100,1.549600,1.672800
2016-01-26,1.083700,0.760950,128.220000,1.100800,1.541100,1.555000,1.677700
2016-01-27,1.088800,0.759650,128.910000,1.106800,1.533100,1.546100,1.673900
2016-01-28,1.090300,0.762280,129.620000,1.105300,1.535700,1.541900,1.687400
2016-01-29,1.092000,0.764100,132.250000,1.114400,1.536300,1.538800,1.678800
2016-02-01,1.088400,0.761000,131.990000,1.109600,1.525300,1.537700,1.682000
2016-02-02,1.091900,0.758600,131.840000,1.114700,1.529200,1.547500,1.683900
2016-02-03,1.093300,0.753300,130.580000,1.111500,1.523400,1.548400,1.656000
2016-02-04,1.120600,0.765950,131.490000,1.116900,1.536600,1.554600,1.667800
2016-02-05,1.120200,0.769750,130.710000,1.110100,1.540400,1.558300,1.665500
2016-02-08,1.110100,0.772400,129.110000,1.105100,1.548700,1.572600,1.680200
2016-02-09,1.123600,0.779450,129.070000,1.099700,1.562300,1.608300,1.708500
2016-02-10,1.125700,0.773280,129.420000,1.096000,1.560100,1.584800,1.691600
2016-02-11,1.134700,0.787400,127.300000,1.102700,1.584200,1.601800,1.697300
2016-02-12,1.127500,0.777350,127.070000,1.098900,1.569800,1.590100,1.696500
2016-02-15,1.118000,0.772000,127.600000,1.100900,1.545400,1.562400,1.677200
2016-02-16,1.116600,0.775800,127.020000,1.101800,1.543000,1.560500,1.693100
2016-02-17,1.113600,0.778350,127.100000,1.103400,1.538700,1.562900,1.690200
2016-02-18,1.108400,0.771430,126.170000,1.102800,1.516800,1.549600,1.672800
2016-02-19,1.109600,0.777150,125.400000,1.101700,1.527400,1.560500,1.676100
2016-02-22,1.102600,0.782430,124.850000,1.100800,1.512800,1.532200,1.652100
2016-02-23,1.100200,0.779850,123.120000,1.092100,1.511600,1.520200,1.645200
2016-02-24,1.098100,0.789350,122.860000,1.091400,1.519700,1.531900,1.662000
2016-02-25,1.102700,0.789200,124.010000,1.093500,1.502500,1.529200,1.648700
2016-02-26,1.100600,0.787450,124.420000,1.092900,1.490900,1.527500,1.634700
2016-02-29,1.088800,0.785800,123.140000,1.091400,1.476700,1.526000,1.655700
2016-03-01,1.087200,0.778000,122.940000,1.086000,1.469900,1.519600,1.647500
2016-03-02,1.085600,0.774100,124.070000,1.084500,1.459500,1.501000,1.640400
2016-03-03,1.090100,0.774350,124.230000,1.084000,1.464400,1.485200,1.625700
2016-03-04,1.097000,0.774830,124.770000,1.089800,1.471700,1.485900,1.622300
2016-03-07,1.095300,0.774380,124.450000,1.096200,1.465200,1.477600,1.622100
2016-03-08,1.102800,0.776080,124.600000,1.095200,1.469500,1.479400,1.630200
2016-03-09,1.097300,0.771350,123.630000,1.097800,1.470500,1.465000,1.619200
2016-03-10,1.085700,0.767280,123.870000,1.094100,1.442400,1.452200,1.627700
2016-03-11,1.109000,0.775950,126.170000,1.094800,1.469800,1.476600,1.657800
2016-03-14,1.111900,0.774280,126.360000,1.096900,1.473700,1.475500,1.659100
2016-03-15,1.110900,0.783580,125.360000,1.095400,1.483200,1.487700,1.670900
2016-03-16,1.106400,0.787300,125.680000,1.096000,1.479800,1.491100,1.680900
2016-03-17,1.131100,0.782180,126.280000,1.095900,1.470100,1.482800,1.655500
2016-03-18,1.127900,0.778550,125.790000,1.091900,1.462700,1.480400,1.655000
2016-03-21,1.127100,0.783030,125.940000,1.091600,1.470300,1.481900,1.664500
2016-03-22,1.121200,0.787900,125.130000,1.088700,1.467900,1.475100,1.662600
2016-03-23,1.117100,0.789850,126.010000,1.089400,1.467600,1.478000,1.667600
2016-03-24,1.115400,0.789380,125.410000,1.087500,1.482100,1.485800,1.664500
2016-03-29,1.119400,0.784500,127.130000,1.091500,1.474100,1.490100,1.659700
2016-03-30,1.132400,0.785800,127.370000,1.091300,1.475500,1.476600,1.635600
2016-03-31,1.138500,0.791550,127.900000,1.093100,1.473800,1.480700,1.641100
2016-04-01,1.143200,0.798900,128.070000,1.094600,1.489400,1.488400,1.651800
2016-04-04,1.138000,0.797380,126.970000,1.091900,1.483200,1.491700,1.660500
2016-04-05,1.136700,0.801600,125.810000,1.089200,1.496800,1.508500,1.678000
2016-04-06,1.133600,0.808080,125.130000,1.088700,1.491200,1.502900,1.670500
2016-04-07,1.136400,0.807280,123.150000,1.088400,1.490600,1.509200,1.673100
2016-04-08,1.136300,0.807300,123.360000,1.087400,1.486100,1.509100,1.675700
2016-04-11,1.139000,0.800600,123.280000,1.087700,1.479400,1.506000,1.666900
2016-04-12,1.139600,0.798400,123.440000,1.087400,1.467400,1.488200,1.654000
2016-04-13,1.129800,0.793880,123.470000,1.088700,1.446600,1.476800,1.633700
2016-04-14,1.125200,0.795600,123.090000,1.087800,1.443400,1.461000,1.639500
2016-04-15,1.128400,0.795750,122.910000,1.091900,1.453500,1.464800,1.633400
2016-04-18,1.130600,0.797800,122.320000,1.091600,1.461200,1.468500,1.630300
2016-04-19,1.134300,0.789750,124.100000,1.092200,1.441800,1.454700,1.612700
2016-04-20,1.137900,0.791000,124.200000,1.093900,1.442100,1.455600,1.623100
2016-04-21,1.135500,0.786930,124.500000,1.098900,1.434600,1.449600,1.626200
2016-04-22,1.126300,0.783350,124.860000,1.099100,1.434200,1.457000,1.636400
2016-04-25,1.126400,0.776400,124.950000,1.097300,1.428600,1.458700,1.639900
2016-04-26,1.128700,0.774830,125.450000,1.100000,1.427600,1.460000,1.641700
2016-04-27,1.130300,0.774750,125.790000,1.099800,1.422300,1.488500,1.650400
2016-04-28,1.135800,0.778380,122.840000,1.097400,1.426200,1.490600,1.628700
2016-04-29,1.140300,0.780250,122.340000,1.098400,1.428600,1.494800,1.635700
2016-05-02,1.149300,0.782480,122.470000,1.099900,1.438800,1.502500,1.636800
2016-05-03,1.156900,0.791030,122.530000,1.097700,1.455900,1.530300,1.657200
2016-05-04,1.150500,0.792840,122.620000,1.099300,1.467000,1.537900,1.666900
2016-05-05,1.143900,0.788600,122.510000,1.101800,1.466500,1.526600,1.657700
2016-05-06,1.142700,0.788500,122.230000,1.107000,1.471700,1.550100,1.670200
2016-05-09,1.139500,0.789980,123.390000,1.105300,1.474300,1.554400,1.674600
2016-05-10,1.137500,0.787600,124.120000,1.107900,1.474400,1.548600,1.688400
2016-05-11,1.140900,0.789580,124.090000,1.109900,1.468600,1.547400,1.676300
2016-05-12,1.138900,0.788880,124.500000,1.106300,1.459400,1.554100,1.672400
2016-05-13,1.134800,0.787580,123.560000,1.102400,1.461900,1.557900,1.669200
2016-05-16,1.132400,0.788000,123.270000,1.105900,1.463400,1.552600,1.665700
2016-05-17,1.131800,0.781500,123.930000,1.108000,1.463100,1.545700,1.665100
2016-05-18,1.127900,0.774850,123.380000,1.108600,1.463700,1.552100,1.666600
2016-05-19,1.119700,0.765850,123.170000,1.108900,1.467900,1.556300,1.661400
2016-05-20,1.121900,0.770080,123.810000,1.112300,1.470400,1.551900,1.657800
2016-05-23,1.121500,0.774430,122.700000,1.110500,1.474500,1.554200,1.653800
2016-05-24,1.116800,0.765130,122.560000,1.107900,1.468400,1.559700,1.660400
2016-05-25,1.114600,0.759250,122.790000,1.104900,1.460800,1.547500,1.648800
2016-05-26,1.116800,0.759700,122.930000,1.107500,1.444300,1.548100,1.659100
2016-05-27,1.116800,0.762450,122.460000,1.106800,1.456000,1.548300,1.658600
2016-05-30,1.113900,0.761250,123.850000,1.105800,1.452400,1.550400,1.662400
2016-05-31,1.115400,0.761850,123.830000,1.104400,1.453000,1.536600,1.651600
2016-06-01,1.117400,0.773580,122.070000,1.105500,1.458600,1.537000,1.637300
2016-06-02,1.118800,0.773350,121.960000,1.106200,1.466200,1.551600,1.647400
2016-06-03,1.115400,0.772850,121.470000,1.105000,1.459400,1.539700,1.628700
2016-06-06,1.134900,0.787200,121.580000,1.105100,1.466500,1.541700,1.637800
2016-06-07,1.134800,0.778800,122.160000,1.097900,1.450500,1.526000,1.632000
2016-06-08,1.137800,0.780480,121.770000,1.094200,1.443000,1.522800,1.622600
2016-06-09,1.134300,0.784380,120.720000,1.091600,1.445900,1.525000,1.593600
2016-06-10,1.130400,0.784800,120.790000,1.088500,1.441000,1.527400,1.595000
2016-06-13,1.126800,0.795150,119.510000,1.088800,1.439000,1.522800,1.594900
2016-06-14,1.122500,0.794780,118.980000,1.083200,1.444900,1.527700,1.602200
2016-06-15,1.123000,0.791580,119.290000,1.081700,1.443800,1.518800,1.597400
2016-06-16,1.117400,0.790330,116.650000,1.081200,1.453000,1.521200,1.589900
2016-06-17,1.125400,0.787700,117.340000,1.081800,1.451900,1.523400,1.595900
2016-06-20,1.133200,0.773750,118.570000,1.088400,1.452000,1.518800,1.593600
2016-06-21,1.131400,0.767550,118.390000,1.085000,1.445100,1.507300,1.580400
2016-06-22,1.128300,0.767930,118.010000,1.083000,1.439900,1.503300,1.573200
2016-06-23,1.138900,0.765950,120.380000,1.087600,1.451700,1.506000,1.576300
2016-06-24,1.106600,0.807500,113.230000,1.080800,1.439200,1.491000,1.561300
2016-06-27,1.099800,0.834000,111.800000,1.073600,1.435000,1.485700,1.556900
2016-06-28,1.107300,0.827200,113.400000,1.084500,1.443800,1.498400,1.567100
2016-06-29,1.109000,0.825500,113.850000,1.085400,1.440700,1.491100,1.556500
2016-06-30,1.110200,0.826500,114.050000,1.086700,1.438400,1.492900,1.561600
2016-07-01,1.113500,0.838300,114.290000,1.083500,1.439000,1.488400,1.550800
2016-07-04,1.113800,0.839050,114.290000,1.083900,1.432800,1.479200,1.545200
2016-07-05,1.114600,0.849970,113.500000,1.083700,1.441800,1.490200,1.552200
2016-07-06,1.106900,0.853000,111.480000,1.082100,1.441900,1.481200,1.555600
2016-07-07,1.108000,0.850850,111.900000,1.082000,1.432800,1.473700,1.533800
2016-07-08,1.107000,0.852430,111.170000,1.085500,1.440600,1.473100,1.522100
2016-07-11,1.104900,0.850970,113.230000,1.086700,1.443700,1.461700,1.525000
2016-07-12,1.109200,0.842750,115.290000,1.090400,1.445200,1.453200,1.518400
2016-07-13,1.107200,0.833980,115.820000,1.090900,1.445200,1.451700,1.515400
2016-07-14,1.115700,0.833110,117.880000,1.090000,1.442200,1.458800,1.547400
2016-07-15,1.112800,0.832750,117.630000,1.089900,1.431700,1.453800,1.553400
2016-07-18,1.105300,0.833720,116.820000,1.086900,1.431500,1.455700,1.555500
2016-07-19,1.103500,0.839500,117.200000,1.087700,1.436400,1.472700,1.568400
2016-07-20,1.101300,0.836050,117.330000,1.088200,1.438200,1.471200,1.565800
2016-07-21,1.101500,0.835950,117.050000,1.087200,1.437600,1.471000,1.578900
2016-07-22,1.101400,0.841080,116.860000,1.086000,1.443600,1.471700,1.574800
2016-07-25,1.098200,0.836700,116.640000,1.083900,1.446500,1.466600,1.570900
2016-07-26,1.099700,0.837100,114.670000,1.087000,1.455300,1.459900,1.556100
2016-07-27,1.099100,0.838750,116.230000,1.092800,1.449700,1.471500,1.563100
2016-07-28,1.109000,0.842200,116.140000,1.089200,1.459500,1.473500,1.564600
2016-07-29,1.111300,0.844000,114.830000,1.082300,1.464300,1.478200,1.561500
2016-08-01,1.116400,0.845400,114.280000,1.080700,1.458700,1.475100,1.554500
2016-08-02,1.119300,0.843100,113.720000,1.081000,1.460800,1.471700,1.549700
2016-08-03,1.120000,0.839100,113.220000,1.084500,1.467200,1.475000,1.557700
2016-08-04,1.113600,0.846030,112.660000,1.083400,1.453600,1.460400,1.547900
2016-08-05,1.115600,0.848100,112.730000,1.085200,1.452900,1.456700,1.547300
2016-08-08,1.108700,0.849550,113.590000,1.088300,1.457300,1.452000,1.554800
2016-08-09,1.107800,0.853990,113.270000,1.089900,1.456700,1.446300,1.552200
2016-08-10,1.118400,0.855410,113.090000,1.092300,1.455700,1.445000,1.541800
2016-08-11,1.115300,0.860380,113.050000,1.085900,1.455900,1.446000,1.539000
2016-08-12,1.115800,0.860500,113.770000,1.088800,1.447800,1.453500,1.549700
2016-08-15,1.118000,0.866770,112.970000,1.089300,1.444600,1.457700,1.549800
2016-08-16,1.129500,0.870600,112.740000,1.084900,1.447700,1.460200,1.548800
2016-08-17,1.127600,0.866400,113.530000,1.086300,1.452900,1.478000,1.559600
2016-08-18,1.132100,0.860730,113.600000,1.085300,1.452400,1.476600,1.557800
2016-08-19,1.132600,0.865370,113.530000,1.085200,1.454700,1.487700,1.560600
2016-08-22,1.130600,0.862400,113.730000,1.088600,1.460200,1.485600,1.560500
2016-08-23,1.133900,0.859950,113.480000,1.089600,1.462500,1.482300,1.548200
2016-08-24,1.126800,0.851300,112.950000,1.089100,1.458100,1.478200,1.540000
2016-08-25,1.129000,0.855700,113.450000,1.090500,1.459700,1.484000,1.545300
2016-08-26,1.129000,0.854500,113.330000,1.093300,1.454600,1.477100,1.541800
2016-08-29,1.117000,0.854760,114.240000,1.093700,1.453600,1.479000,1.543800
2016-08-30,1.116800,0.851700,114.270000,1.095100,1.456200,1.478700,1.542700
2016-08-31,1.113200,0.848060,115.010000,1.095700,1.458300,1.480600,1.535300
2016-09-01,1.114600,0.840500,115.590000,1.097800,1.463400,1.480100,1.535700
2016-09-02,1.119300,0.842600,115.830000,1.095900,1.464300,1.481000,1.532900
2016-09-05,1.115600,0.836430,115.240000,1.092500,1.443600,1.469600,1.525200
2016-09-06,1.115900,0.835350,115.390000,1.092300,1.440500,1.462500,1.520500
2016-09-07,1.123700,0.839680,114.230000,1.089100,1.444400,1.463700,1.505400
2016-09-08,1.129600,0.845600,114.800000,1.091700,1.454600,1.463200,1.515800
2016-09-09,1.126800,0.845580,115.850000,1.096900,1.460000,1.483600,1.529900
2016-09-12,1.122600,0.844750,114.380000,1.093500,1.472200,1.493000,1.535000
2016-09-13,1.124700,0.847630,114.980000,1.092500,1.474400,1.493800,1.535200
2016-09-14,1.121800,0.850780,115.370000,1.094500,1.479900,1.502200,1.544000
2016-09-15,1.125400,0.851980,114.980000,1.094100,1.483100,1.503700,1.544200
2016-09-16,1.122600,0.852030,114.350000,1.094100,1.481700,1.494900,1.536700
2016-09-19,1.116500,0.855000,113.650000,1.095500,1.468400,1.479200,1.526700
2016-09-20,1.118400,0.862130,113.930000,1.094300,1.479200,1.481200,1.522000
2016-09-21,1.115000,0.856930,112.490000,1.088300,1.465300,1.466500,1.517000
2016-09-22,1.123800,0.859250,113.190000,1.086700,1.462300,1.467400,1.534100
2016-09-23,1.121400,0.864350,113.020000,1.088700,1.462500,1.468500,1.543500
2016-09-26,1.126200,0.870900,113.110000,1.090500,1.482500,1.475100,1.551300
2016-09-27,1.122000,0.864130,112.520000,1.088000,1.487300,1.466100,1.538800
2016-09-28,1.122500,0.862080,112.930000,1.089100,1.482900,1.463700,1.545900
2016-09-29,1.122100,0.861380,113.880000,1.087600,1.468300,1.464200,1.545100
2016-09-30,1.116100,0.861030,113.090000,1.087600,1.469000,1.465700,1.536900
2016-10-03,1.123600,0.873180,113.900000,1.091800,1.470200,1.463800,1.545400
2016-10-04,1.116100,0.875400,114.500000,1.094900,1.469700,1.456400,1.532700
2016-10-05,1.121100,0.881550,115.650000,1.095900,1.481600,1.472200,1.561200
2016-10-06,1.118500,0.883230,116.000000,1.094200,1.476900,1.476200,1.564700
2016-10-07,1.114000,0.903530,115.440000,1.094600,1.478400,1.469600,1.559000
2016-10-10,1.116000,0.900700,115.390000,1.096000,1.479000,1.469000,1.564700
2016-10-11,1.107900,0.902330,114.900000,1.093800,1.465300,1.467900,1.565700
2016-10-12,1.102000,0.899900,114.500000,1.090600,1.459800,1.455300,1.562100
2016-10-13,1.103800,0.904300,114.490000,1.090400,1.462000,1.460400,1.562300
2016-10-14,1.100200,0.899100,114.760000,1.088900,1.448500,1.442100,1.550800
2016-10-17,1.099400,0.904850,114.460000,1.087200,1.443300,1.443600,1.543300
2016-10-18,1.099300,0.895650,114.370000,1.088600,1.438200,1.433200,1.528000
2016-10-19,1.097900,0.893380,113.490000,1.085400,1.436100,1.429800,1.523200
2016-10-20,1.098000,0.895680,113.760000,1.085200,1.446000,1.431400,1.518500
2016-10-21,1.088600,0.893200,112.960000,1.082500,1.440100,1.426800,1.519000
2016-10-24,1.089100,0.890150,113.290000,1.082100,1.454700,1.428200,1.521500
2016-10-25,1.087200,0.889980,113.650000,1.084800,1.447800,1.422900,1.520800
2016-10-26,1.092500,0.894650,113.970000,1.083800,1.460200,1.422000,1.524600
2016-10-27,1.092700,0.891580,114.390000,1.083800,1.460500,1.433900,1.529600
2016-10-28,1.092200,0.899050,115.100000,1.085500,1.462300,1.442400,1.529600
2016-10-31,1.094600,0.900500,114.970000,1.082000,1.466500,1.439700,1.531300
2016-11-01,1.102500,0.901730,115.570000,1.082300,1.473000,1.434100,1.534200
2016-11-02,1.109500,0.900630,114.620000,1.078700,1.484000,1.447900,1.523200
2016-11-03,1.106400,0.886580,114.250000,1.078700,1.481400,1.443400,1.513400
2016-11-04,1.109300,0.888080,114.240000,1.077400,1.490100,1.443800,1.516900
2016-11-07,1.106200,0.890400,115.400000,1.078900,1.481300,1.439700,1.511600
2016-11-08,1.103800,0.890880,115.660000,1.077800,1.475600,1.433200,1.506000
2016-11-09,1.102200,0.890300,114.540000,1.079300,1.479800,1.433600,1.506500
2016-11-10,1.089500,0.877850,116.400000,1.076200,1.468900,1.433600,1.513200
2016-11-11,1.090400,0.861330,115.960000,1.073200,1.471100,1.433800,1.516300
2016-11-14,1.077700,0.859850,116.270000,1.073900,1.459000,1.427600,1.519300
2016-11-15,1.076500,0.866380,116.550000,1.075800,1.456000,1.424000,1.514400
2016-11-16,1.070200,0.861100,117.250000,1.073800,1.442500,1.433300,1.517900
2016-11-17,1.071700,0.860550,117.120000,1.073700,1.438900,1.435900,1.514300
2016-11-18,1.062900,0.862180,116.950000,1.071100,1.436500,1.437600,1.507300
2016-11-21,1.063100,0.857250,117.590000,1.072700,1.430800,1.442400,1.508100
2016-11-22,1.061700,0.854230,117.740000,1.073000,1.423000,1.435200,1.503300
2016-11-23,1.060200,0.853930,118.040000,1.073100,1.426000,1.429400,1.503900
2016-11-24,1.054800,0.848000,119.430000,1.072700,1.423200,1.427400,1.509600
2016-11-25,1.059200,0.851820,119.730000,1.073600,1.429000,1.423000,1.504000
2016-11-28,1.058800,0.853030,119.250000,1.075100,1.424200,1.419400,1.499100
2016-11-29,1.057600,0.848150,119.480000,1.075200,1.423200,1.421000,1.491200
2016-11-30,1.063500,0.852500,120.480000,1.080300,1.423300,1.429100,1.491100
2016-12-01,1.062700,0.840980,121.390000,1.076400,1.424000,1.437800,1.500800
2016-12-02,1.064200,0.843030,121.200000,1.075100,1.415700,1.433300,1.499000
2016-12-05,1.070200,0.841680,122.320000,1.079700,1.424000,1.439100,1.510500
2016-12-06,1.073400,0.842100,122.280000,1.083300,1.424200,1.439500,1.505900
2016-12-07,1.073000,0.850950,122.420000,1.083400,1.424200,1.440800,1.502200
2016-12-08,1.076200,0.849950,122.610000,1.085300,1.422200,1.440600,1.497300
2016-12-09,1.055900,0.839350,121.480000,1.075600,1.391400,1.414100,1.474500
2016-12-12,1.059600,0.839000,122.690000,1.077200,1.391800,1.417400,1.479300
2016-12-13,1.061000,0.834880,122.270000,1.074200,1.392100,1.415500,1.472400
2016-12-14,1.064400,0.839630,122.390000,1.074700,1.396100,1.417700,1.474100
2016-12-15,1.041900,0.835980,123.030000,1.073300,1.390200,1.410900,1.475200
2016-12-16,1.043900,0.838900,123.380000,1.075100,1.396000,1.423900,1.489200
2016-12-19,1.042200,0.841400,122.190000,1.070900,1.394700,1.435100,1.502300
2016-12-20,1.036400,0.839780,122.430000,1.068700,1.389600,1.432000,1.502900
2016-12-21,1.042100,0.842400,122.310000,1.068900,1.393200,1.434200,1.505200
2016-12-22,1.044400,0.846450,122.860000,1.070600,1.406600,1.447000,1.511100
2016-12-23,1.044600,0.852780,122.600000,1.071100,1.411700,1.456600,1.519500
2016-12-27,1.044500,0.853000,122.610000,1.075400,1.413600,1.453200,1.516800
2016-12-28,1.040100,0.851280,122.390000,1.071400,1.411900,1.449200,1.505000
2016-12-29,1.045300,0.853000,122.040000,1.071400,1.415400,1.450500,1.504000
2016-12-30,1.054100,0.856180,123.400000,1.073900,1.418800,1.459600,1.515800
2017-01-02,1.046500,0.851400,122.920000,1.071100,1.407000,1.457400,1.510300
2017-01-03,1.038500,0.845650,122.750000,1.070200,1.396200,1.438700,1.501600
2017-01-04,1.043700,0.849450,122.640000,1.070700,1.389400,1.437300,1.502400
2017-01-05,1.050100,0.854400,122.380000,1.070400,1.396600,1.440100,1.508700
2017-01-06,1.058900,0.856480,122.830000,1.072500,1.403900,1.443300,1.507300
2017-01-09,1.051600,0.866600,122.660000,1.072100,1.395400,1.435700,1.506700
2017-01-10,1.056700,0.869400,122.840000,1.073700,1.399200,1.440000,1.516500
2017-01-11,1.050300,0.867250,122.140000,1.072100,1.391900,1.424100,1.502700
2017-01-12,1.067900,0.868430,121.690000,1.074200,1.394400,1.420500,1.498000
2017-01-13,1.066100,0.875480,121.910000,1.072800,1.401000,1.422500,1.495200
2017-01-16,1.059400,0.878080,120.910000,1.070900,1.392700,1.417200,1.491600
2017-01-17,1.068400,0.867900,121.100000,1.071200,1.395300,1.416200,1.487700
2017-01-18,1.066400,0.868330,121.050000,1.070600,1.398600,1.412800,1.483800
2017-01-19,1.066800,0.865550,122.230000,1.072900,1.416900,1.411300,1.485700
2017-01-20,1.063200,0.865950,122.470000,1.072700,1.421700,1.411500,1.489100
2017-01-23,1.071500,0.861480,121.720000,1.072700,1.426600,1.415700,1.489300
2017-01-24,1.074800,0.863500,121.850000,1.073800,1.426700,1.419800,1.485200
2017-01-25,1.074300,0.853230,121.790000,1.073200,1.407000,1.421300,1.478900
2017-01-26,1.070000,0.851430,122.400000,1.069300,1.404800,1.420500,1.479300
2017-01-27,1.068100,0.851700,123.010000,1.068900,1.401200,1.416900,1.472600
2017-01-30,1.063000,0.849350,121.760000,1.066900,1.398300,1.410900,1.466800
2017-01-31,1.075500,0.861050,121.940000,1.066800,1.405600,1.419800,1.470900
2017-02-01,1.079000,0.854180,122.250000,1.068000,1.409700,1.422500,1.481700
2017-02-02,1.080800,0.860680,121.400000,1.069000,1.405000,1.406000,1.476300
2017-02-03,1.074100,0.860130,121.490000,1.069500,1.402300,1.405700,1.478100
2017-02-06,1.071200,0.859500,120.280000,1.067000,1.398700,1.400600,1.467200
2017-02-07,1.067500,0.863300,119.940000,1.065800,1.407200,1.401400,1.463100
2017-02-08,1.066500,0.853150,119.390000,1.063700,1.402000,1.396000,1.460000
2017-02-09,1.069200,0.850900,120.040000,1.067200,1.401600,1.396500,1.480300
2017-02-10,1.062900,0.852900,120.650000,1.066900,1.396500,1.390500,1.479800
2017-02-13,1.062900,0.848900,120.900000,1.067300,1.391700,1.386700,1.480800
2017-02-14,1.062300,0.850980,120.430000,1.065900,1.384200,1.381300,1.478000
2017-02-15,1.055500,0.849980,120.850000,1.065200,1.380900,1.376100,1.470500
2017-02-16,1.065200,0.851100,120.950000,1.064700,1.386500,1.380800,1.474500
2017-02-17,1.065000,0.857200,120.080000,1.063700,1.392900,1.389200,1.480900
2017-02-20,1.061600,0.851450,120.110000,1.065000,1.391800,1.383500,1.477200
2017-02-21,1.053700,0.848600,119.770000,1.063900,1.384000,1.376200,1.475700
2017-02-22,1.051300,0.844500,118.790000,1.064200,1.384400,1.368900,1.467200
2017-02-23,1.057300,0.846280,119.300000,1.066300,1.386800,1.369100,1.463700
2017-02-24,1.060900,0.845030,119.040000,1.064900,1.390700,1.381600,1.471100
2017-02-27,1.058700,0.852800,118.870000,1.066400,1.388900,1.379600,1.470100
2017-02-28,1.059700,0.853050,118.830000,1.064800,1.398400,1.380700,1.470700
2017-03-01,1.053300,0.855500,119.840000,1.064700,1.404400,1.375200,1.479300
2017-03-02,1.051400,0.855600,120.240000,1.065100,1.406900,1.384000,1.482300
2017-03-03,1.056500,0.863550,120.830000,1.067500,1.416100,1.395600,1.501100
2017-03-06,1.059200,0.863000,120.550000,1.069400,1.418300,1.393700,1.507900
2017-03-07,1.057600,0.867100,120.610000,1.073000,1.419100,1.392000,1.515300
2017-03-08,1.055600,0.867530,120.650000,1.070200,1.419300,1.396800,1.521900
2017-03-09,1.055100,0.866530,120.950000,1.070900,1.427200,1.404400,1.527700
2017-03-10,1.060600,0.872500,122.420000,1.074300,1.432200,1.409500,1.534800
2017-03-13,1.066300,0.872580,122.350000,1.074900,1.435000,1.407800,1.538500
2017-03-14,1.063100,0.875630,122.130000,1.072600,1.433800,1.407300,1.538900
2017-03-15,1.062200,0.870730,121.770000,1.071500,1.429100,1.399200,1.527700
2017-03-16,1.072600,0.868100,121.550000,1.069500,1.427700,1.394500,1.535100
2017-03-17,1.073700,0.868680,121.490000,1.069800,1.429600,1.394000,1.531800
2017-03-20,1.075200,0.867930,121.190000,1.072000,1.435900,1.392200,1.527100
2017-03-21,1.080200,0.867530,121.580000,1.075000,1.434900,1.396900,1.530900
2017-03-22,1.080700,0.867900,120.070000,1.071400,1.445800,1.408600,1.535300
2017-03-23,1.078600,0.862730,119.360000,1.070000,1.438700,1.413200,1.530300
2017-03-24,1.080500,0.866000,120.090000,1.071800,1.444800,1.418200,1.540100
2017-03-27,1.088900,0.864030,119.930000,1.071300,1.453600,1.426100,1.541600
2017-03-28,1.085900,0.864550,119.840000,1.069300,1.454600,1.428100,1.545400
2017-03-29,1.074800,0.863850,119.170000,1.071200,1.438000,1.406000,1.532100
2017-03-30,1.073700,0.861800,119.390000,1.069800,1.432000,1.398800,1.530400
2017-03-31,1.069100,0.855530,119.550000,1.069600,1.426500,1.398200,1.530900
2017-04-03,1.066100,0.852600,118.640000,1.068200,1.422900,1.401200,1.522600
2017-04-04,1.065100,0.856230,117.550000,1.067300,1.432000,1.410900,1.526000
2017-04-05,1.067800,0.855100,118.490000,1.070800,1.429100,1.408500,1.531900
2017-04-06,1.066600,0.855900,118.230000,1.070200,1.432200,1.410300,1.527100
2017-04-07,1.063000,0.855730,117.640000,1.069500,1.425600,1.412300,1.524900
2017-04-10,1.057800,0.853350,117.720000,1.068200,1.415500,1.412000,1.523900
2017-04-11,1.061600,0.853300,117.360000,1.069600,1.413900,1.413700,1.528500
2017-04-12,1.060500,0.848400,116.220000,1.067800,1.411400,1.416300,1.532000
2017-04-13,1.063000,0.847630,116.010000,1.068600,1.406900,1.402700,1.517800
2017-04-18,1.068200,0.843750,116.260000,1.068600,1.427300,1.415500,1.518600
2017-04-19,1.072500,0.834300,116.910000,1.069000,1.441500,1.425500,1.528300
2017-04-20,1.074500,0.839200,117.160000,1.070100,1.449400,1.427800,1.530100
2017-04-21,1.069800,0.837200,116.720000,1.068000,1.441300,1.421900,1.527700
2017-04-24,1.084800,0.848300,119.670000,1.080600,1.457000,1.433000,1.544200
2017-04-25,1.089100,0.849280,120.340000,1.082600,1.479000,1.445400,1.563600
2017-04-26,1.089300,0.849030,121.350000,1.083500,1.479200,1.455900,1.580600
2017-04-27,1.088100,0.844200,121.270000,1.082000,1.478300,1.457600,1.583200
2017-04-28,1.093000,0.844730,121.760000,1.083100,1.491400,1.462900,1.589700
2017-05-02,1.091500,0.845200,122.550000,1.085200,1.492800,1.451800,1.578200
2017-05-03,1.091900,0.844400,122.470000,1.081200,1.499000,1.461500,1.576800
2017-05-04,1.092700,0.847650,123.310000,1.084300,1.501000,1.477300,1.592500
2017-05-05,1.096100,0.847100,123.290000,1.083900,1.509400,1.483200,1.591100
2017-05-08,1.093800,0.844650,123.100000,1.087800,1.498600,1.479100,1.580200
2017-05-09,1.088800,0.843000,124.040000,1.093800,1.492100,1.480900,1.578800
2017-05-10,1.088200,0.839850,123.840000,1.094900,1.490500,1.474000,1.567100
2017-05-11,1.086000,0.844850,123.690000,1.095200,1.490600,1.473700,1.586200
2017-05-12,1.087600,0.845880,123.820000,1.096300,1.494100,1.473100,1.589200
2017-05-15,1.097200,0.849280,124.450000,1.094400,1.493100,1.474100,1.587500
2017-05-16,1.105900,0.858680,125.670000,1.095800,1.505800,1.492000,1.609000
2017-05-17,1.111700,0.857450,124.820000,1.092300,1.513600,1.501400,1.613000
2017-05-18,1.112900,0.853630,123.050000,1.087400,1.518300,1.495700,1.605700
2017-05-19,1.117900,0.859080,124.350000,1.092100,1.516900,1.503100,1.622700
2017-05-22,1.124300,0.863530,125.180000,1.091100,1.517400,1.504900,1.612000
2017-05-23,1.121500,0.864630,124.620000,1.091200,1.510400,1.493900,1.592900
2017-05-24,1.119300,0.863400,125.150000,1.092900,1.510900,1.497000,1.590800
2017-05-25,1.121400,0.865280,125.330000,1.090400,1.506300,1.502200,1.594400
2017-05-26,1.119600,0.871900,124.380000,1.088800,1.507700,1.503800,1.585600
2017-05-29,1.118800,0.870930,124.570000,1.090000,1.505300,1.504500,1.579200
2017-05-30,1.117300,0.867930,123.970000,1.090300,1.504800,1.499200,1.579900
2017-05-31,1.122100,0.873650,124.400000,1.089600,1.510800,1.505400,1.578900
2017-06-01,1.121900,0.872300,124.530000,1.088300,1.515500,1.518200,1.587000
2017-06-02,1.121700,0.872680,125.020000,1.089300,1.516900,1.517300,1.581100
2017-06-05,1.124900,0.871300,124.300000,1.085600,1.517400,1.504000,1.576900
2017-06-06,1.125800,0.872300,123.120000,1.085100,1.517000,1.504000,1.569400
2017-06-07,1.121700,0.869080,122.780000,1.084300,1.508500,1.484500,1.559900
2017-06-08,1.122900,0.867550,123.770000,1.085600,1.517500,1.489400,1.557500
2017-06-09,1.117600,0.876380,123.440000,1.086300,1.509800,1.483700,1.552000
2017-06-12,1.122100,0.885450,123.300000,1.085700,1.507800,1.487500,1.558300
2017-06-13,1.121700,0.880750,123.430000,1.085000,1.489200,1.488000,1.552800
2017-06-14,1.120300,0.879600,123.580000,1.087400,1.479600,1.477800,1.545300
2017-06-15,1.116600,0.876400,122.950000,1.087400,1.482600,1.472200,1.550500
2017-06-16,1.116700,0.874530,124.330000,1.088500,1.476600,1.468300,1.544100
2017-06-19,1.119900,0.875180,124.260000,1.087000,1.482700,1.470500,1.541100
2017-06-20,1.115600,0.881430,124.250000,1.085400,1.481200,1.467400,1.541400
2017-06-21,1.114700,0.878100,124.210000,1.085700,1.480300,1.473800,1.540200
2017-06-22,1.116900,0.881680,124.270000,1.086700,1.485300,1.481200,1.539500
2017-06-23,1.117300,0.878050,124.360000,1.085100,1.478300,1.476400,1.534500
2017-06-26,1.118700,0.878300,124.930000,1.088100,1.481200,1.477100,1.537100
2017-06-27,1.127800,0.883700,126.160000,1.088300,1.489500,1.481900,1.543100
2017-06-28,1.137500,0.885250,127.530000,1.091300,1.488800,1.498600,1.564800
2017-06-29,1.141300,0.879900,128.590000,1.093500,1.486700,1.486800,1.565100
2017-06-30,1.141200,0.879330,127.750000,1.093000,1.478500,1.485100,1.555400
2017-07-03,1.136900,0.877050,128.460000,1.094300,1.475500,1.484800,1.558400
2017-07-04,1.135300,0.878050,128.570000,1.095400,1.473000,1.492200,1.559400
2017-07-05,1.132900,0.877350,128.640000,1.095000,1.468200,1.491600,1.557500
2017-07-06,1.138500,0.880130,129.010000,1.097500,1.472800,1.500800,1.569700
2017-07-07,1.141200,0.884880,129.800000,1.098300,1.480600,1.500600,1.566900
2017-07-10,1.138700,0.884430,129.980000,1.100700,1.470300,1.499900,1.566300
2017-07-11,1.140500,0.883180,130.360000,1.104000,1.471800,1.498800,1.578800
2017-07-12,1.144900,0.889250,130.020000,1.102700,1.480800,1.496600,1.582700
2017-07-13,1.141700,0.882150,129.170000,1.101100,1.456400,1.477000,1.557800
2017-07-14,1.141500,0.879830,129.100000,1.105100,1.452400,1.471000,1.562500
2017-07-17,1.146200,0.877550,128.860000,1.101200,1.450200,1.463700,1.562400
2017-07-18,1.155500,0.887800,129.460000,1.102500,1.454800,1.456500,1.571300
2017-07-19,1.153300,0.884850,129.030000,1.099400,1.454000,1.453200,1.564000
2017-07-20,1.148500,0.887180,128.920000,1.103900,1.448700,1.451000,1.563100
2017-07-21,1.164200,0.896100,129.720000,1.105100,1.466400,1.469900,1.565000
2017-07-24,1.164800,0.893500,129.090000,1.102000,1.458400,1.466100,1.565700
2017-07-25,1.169400,0.893950,130.280000,1.106300,1.460800,1.469300,1.571200
2017-07-26,1.164400,0.892750,130.260000,1.115200,1.457600,1.471700,1.567800
2017-07-27,1.169400,0.889780,130.320000,1.123200,1.460300,1.461700,1.555300
2017-07-28,1.172900,0.895680,130.370000,1.135700,1.471200,1.473200,1.569400
2017-07-31,1.172700,0.894200,129.700000,1.135900,1.462500,1.471300,1.567200
2017-08-01,1.181200,0.894400,130.530000,1.141400,1.473700,1.481300,1.581300
2017-08-02,1.182900,0.894250,130.980000,1.145900,1.484100,1.484700,1.592700
2017-08-03,1.186000,0.903180,130.910000,1.150100,1.495100,1.494300,1.598600
2017-08-04,1.186800,0.902800,130.670000,1.149400,1.492000,1.488800,1.592800
2017-08-07,1.179700,0.904350,130.780000,1.148000,1.495900,1.490900,1.603300
2017-08-08,1.181400,0.906780,130.310000,1.147800,1.495900,1.488200,1.603600
2017-08-09,1.173100,0.903380,128.740000,1.129300,1.487500,1.487900,1.601100
2017-08-10,1.173200,0.903030,128.760000,1.134100,1.492300,1.488800,1.614200
2017-08-11,1.176500,0.906450,128.410000,1.132000,1.495600,1.496200,1.614900
2017-08-14,1.179700,0.909350,129.280000,1.142200,1.497500,1.498600,1.616700
2017-08-15,1.174400,0.911450,129.670000,1.141700,1.496000,1.498000,1.612100
2017-08-16,1.171000,0.909930,129.790000,1.140600,1.490800,1.490300,1.615100
2017-08-17,1.169700,0.908950,128.810000,1.131100,1.476700,1.475600,1.601300
2017-08-18,1.174000,0.911880,128.020000,1.128700,1.485900,1.483000,1.603500
2017-08-21,1.176100,0.913180,128.170000,1.136200,1.481500,1.483100,1.607200
2017-08-22,1.177100,0.917130,128.730000,1.136400,1.480600,1.488700,1.616500
2017-08-23,1.179900,0.921330,128.710000,1.139200,1.484800,1.493600,1.633400
2017-08-24,1.180600,0.920000,129.060000,1.137500,1.478400,1.495100,1.635400
2017-08-25,1.180800,0.920830,129.590000,1.139000,1.476900,1.491900,1.636300
2017-08-28,1.192500,0.923280,130.340000,1.138900,1.486600,1.500800,1.645800
2017-08-29,1.204800,0.929650,130.860000,1.138600,1.503700,1.511100,1.653500
2017-08-30,1.191600,0.922460,131.250000,1.142200,1.496100,1.501600,1.647700
2017-08-31,1.182500,0.919730,130.810000,1.144600,1.497000,1.501600,1.657100
2017-09-01,1.192000,0.920750,131.290000,1.144100,1.483000,1.502100,1.663800
2017-09-04,1.190500,0.918550,130.600000,1.139900,1.477400,1.496000,1.658800
2017-09-05,1.189000,0.917400,129.990000,1.140700,1.473200,1.490200,1.653100
2017-09-06,1.193100,0.914280,129.920000,1.139900,1.478700,1.496100,1.652800
2017-09-07,1.197100,0.914030,130.340000,1.141200,1.458700,1.492600,1.661600
2017-09-08,1.206000,0.912680,129.500000,1.140500,1.457700,1.488100,1.650200
2017-09-11,1.199700,0.907750,130.380000,1.140400,1.454100,1.491500,1.650200
2017-09-12,1.193300,0.898780,130.930000,1.144400,1.447700,1.484700,1.634300
2017-09-13,1.197900,0.902430,131.790000,1.149600,1.454200,1.490900,1.645100
2017-09-14,1.188500,0.891230,131.550000,1.149600,1.450100,1.487700,1.647400
2017-09-15,1.196300,0.880430,132.920000,1.148000,1.452000,1.491100,1.640700
2017-09-18,1.194800,0.882530,133.090000,1.146400,1.458100,1.494700,1.640100
2017-09-19,1.197200,0.886220,133.440000,1.153500,1.471400,1.496900,1.639800
2017-09-20,1.200700,0.886800,133.630000,1.153200,1.470100,1.489100,1.627700
2017-09-21,1.190500,0.882400,133.860000,1.158500,1.471200,1.500200,1.626800
2017-09-22,1.196100,0.881550,134.010000,1.158800,1.467500,1.501100,1.633600
2017-09-25,1.186700,0.879380,133.190000,1.156200,1.463000,1.491700,1.630200
2017-09-26,1.178700,0.877750,131.990000,1.145200,1.460500,1.494400,1.636900
2017-09-27,1.174100,0.875650,132.600000,1.145100,1.455400,1.495400,1.630500
2017-09-28,1.177800,0.876350,132.560000,1.146000,1.468400,1.505400,1.636300
2017-09-29,1.180600,0.881780,132.820000,1.145700,1.468700,1.507500,1.635400
2017-10-02,1.174400,0.884180,132.500000,1.139900,1.469300,1.503600,1.633600
2017-10-03,1.175300,0.887930,132.770000,1.144900,1.469200,1.503900,1.637400
2017-10-04,1.178700,0.887680,132.470000,1.145600,1.467800,1.498600,1.640300
2017-10-05,1.174200,0.891530,132.050000,1.147200,1.465500,1.501500,1.641300
2017-10-06,1.170700,0.895350,132.230000,1.147300,1.472100,1.506000,1.651200
2017-10-09,1.174600,0.891950,132.360000,1.149700,1.473100,1.514200,1.658800
2017-10-10,1.179700,0.894100,132.550000,1.152200,1.474500,1.515500,1.668800
2017-10-11,1.183000,0.897100,132.720000,1.152400,1.479800,1.518600,1.672300
2017-10-12,1.185600,0.902350,133.120000,1.155200,1.478500,1.517500,1.667500
2017-10-13,1.181000,0.889800,132.490000,1.153300,1.476100,1.508000,1.654100
2017-10-16,1.180300,0.887530,131.990000,1.151400,1.480000,1.499600,1.642000
2017-10-17,1.175900,0.891480,131.940000,1.150400,1.474100,1.499400,1.637500
2017-10-18,1.174900,0.892830,132.620000,1.155100,1.472000,1.500900,1.648800
2017-10-19,1.183400,0.898150,133.180000,1.154100,1.474300,1.503300,1.686100
2017-10-20,1.181800,0.896230,133.750000,1.159700,1.476500,1.505500,1.688500
2017-10-23,1.174000,0.890900,133.590000,1.158100,1.483500,1.501800,1.683800
2017-10-24,1.176100,0.893030,133.950000,1.161300,1.487500,1.511700,1.700800
2017-10-25,1.178500,0.888830,134.410000,1.169000,1.496300,1.528200,1.712300
2017-10-26,1.175300,0.890100,133.750000,1.167800,1.504100,1.524800,1.711800
2017-10-27,1.160500,0.886330,132.520000,1.163200,1.496100,1.519600,1.697500
2017-10-30,1.161200,0.879800,131.830000,1.160300,1.491800,1.514800,1.694400
2017-10-31,1.163800,0.878530,132.000000,1.162200,1.500400,1.521000,1.700500
2017-11-01,1.161200,0.873850,132.600000,1.164000,1.498600,1.513600,1.686600
2017-11-02,1.164500,0.886900,132.900000,1.164700,1.496000,1.511700,1.686700
2017-11-03,1.165700,0.889230,132.820000,1.163500,1.483000,1.518400,1.679700
2017-11-06,1.159000,0.883900,132.290000,1.159300,1.478700,1.512000,1.679700
2017-11-07,1.156200,0.880380,132.030000,1.155700,1.476100,1.511200,1.671700
2017-11-08,1.159000,0.884050,131.540000,1.158100,1.475300,1.509400,1.672400
2017-11-09,1.163000,0.886330,131.750000,1.158900,1.477900,1.514400,1.671500
2017-11-10,1.165400,0.883700,132.080000,1.159100,1.476600,1.519700,1.678000
2017-11-13,1.165600,0.890180,132.070000,1.159100,1.480900,1.525600,1.687700
2017-11-14,1.174500,0.895850,133.290000,1.164300,1.493300,1.536100,1.709200
2017-11-15,1.184000,0.899100,133.450000,1.167500,1.510300,1.558200,1.714500
2017-11-16,1.177100,0.891830,133.120000,1.168600,1.502500,1.550700,1.720400
2017-11-17,1.179500,0.893850,132.820000,1.169600,1.505300,1.563200,1.737200
2017-11-20,1.178100,0.889400,132.100000,1.167600,1.506600,1.559200,1.724300
2017-11-21,1.171800,0.884980,131.870000,1.164100,1.500600,1.546600,1.718100
2017-11-22,1.174900,0.888100,131.610000,1.160900,1.496900,1.550300,1.718300
2017-11-23,1.184800,0.890050,131.790000,1.161300,1.502400,1.553200,1.719800
2017-11-24,1.187700,0.891200,132.240000,1.165000,1.509300,1.558500,1.725600
2017-11-27,1.195200,0.893750,132.690000,1.171800,1.515600,1.565600,1.730500
2017-11-28,1.188800,0.895380,132.240000,1.168000,1.520800,1.561900,1.715700
2017-11-29,1.182700,0.882930,132.240000,1.166400,1.517600,1.562700,1.714100
2017-11-30,1.184900,0.879850,133.080000,1.169900,1.526700,1.565900,1.731900
2017-12-01,1.188500,0.881150,133.700000,1.169100,1.530100,1.569300,1.734900
2017-12-04,1.186500,0.877250,133.910000,1.166500,1.503400,1.558500,1.728100
2017-12-05,1.184700,0.881830,133.370000,1.167300,1.496600,1.551200,1.719300
2017-12-06,1.181700,0.883350,132.520000,1.167800,1.496300,1.556500,1.714100
2017-12-07,1.178600,0.880680,132.880000,1.170000,1.513100,1.568200,1.725200
2017-12-08,1.174200,0.875250,133.260000,1.170400,1.507200,1.562000,1.715700
2017-12-11,1.179600,0.882500,133.660000,1.167900,1.516800,1.567400,1.704900
2017-12-12,1.176600,0.880680,133.540000,1.167100,1.509800,1.554100,1.695600
2017-12-13,1.173600,0.879050,132.990000,1.164700,1.509200,1.550300,1.688600
2017-12-14,1.184500,0.881630,133.390000,1.168600,1.519600,1.545200,1.693400
2017-12-15,1.180600,0.882530,132.450000,1.166900,1.507000,1.538200,1.680300
2017-12-18,1.179500,0.882080,132.660000,1.165200,1.518500,1.539200,1.683600
2017-12-19,1.182300,0.885000,133.230000,1.164300,1.520700,1.540600,1.686600
2017-12-20,1.184500,0.883200,134.160000,1.170200,1.522100,1.542700,1.697000
2017-12-21,1.185900,0.887630,134.590000,1.172500,1.518400,1.545100,1.693100
2017-12-22,1.185300,0.885680,134.370000,1.173500,1.505700,1.535800,1.690400
2017-12-27,1.189500,0.885930,134.700000,1.177200,1.502800,1.531600,1.682500
2017-12-28,1.193400,0.887680,134.740000,1.170400,1.504900,1.533000,1.685600
2017-12-29,1.199300,0.887230,135.010000,1.170200,1.503900,1.534600,1.685000
2018-01-02,1.206500,0.889530,135.350000,1.171800,1.512800,1.541300,1.695500
2018-01-03,1.202300,0.886400,134.970000,1.173600,1.504700,1.533900,1.694200
2018-01-04,1.206500,0.891030,135.920000,1.176300,1.511400,1.539800,1.695700
2018-01-05,1.204500,0.888830,136.450000,1.175700,1.506800,1.536100,1.683700
2018-01-08,1.197300,0.884130,135.340000,1.170900,1.488000,1.528900,1.670200
2018-01-09,1.193200,0.882700,134.310000,1.172700,1.482600,1.524200,1.660100
2018-01-10,1.199200,0.886700,133.620000,1.172500,1.493100,1.528900,1.665400
2018-01-11,1.201700,0.890750,134.190000,1.173600,1.509300,1.528100,1.665300
2018-01-12,1.213700,0.889830,134.880000,1.178700,1.519400,1.541700,1.672600
2018-01-15,1.227700,0.890430,135.810000,1.179900,1.526300,1.543400,1.682800
2018-01-16,1.223000,0.888600,135.400000,1.179500,1.519400,1.537900,1.680800
2018-01-17,1.220300,0.885680,135.210000,1.177400,1.518500,1.531400,1.680000
2018-01-18,1.223500,0.882080,136.070000,1.174800,1.522900,1.531100,1.675900
2018-01-19,1.225500,0.883650,135.540000,1.175800,1.524600,1.530200,1.683100
2018-01-22,1.223900,0.880850,135.660000,1.176400,1.527000,1.528700,1.675800
2018-01-23,1.224900,0.878300,135.350000,1.177900,1.528900,1.536500,1.672200
2018-01-24,1.235200,0.871830,135.130000,1.173500,1.522900,1.531000,1.667700
2018-01-25,1.240700,0.870380,135.120000,1.168000,1.528900,1.535800,1.682300
2018-01-26,1.243600,0.873350,135.950000,1.163200,1.532500,1.538000,1.694300
2018-01-29,1.237900,0.879400,134.750000,1.156300,1.526900,1.530200,1.688100
2018-01-30,1.242100,0.879300,134.980000,1.158900,1.530400,1.534500,1.693700
2018-01-31,1.245700,0.879100,135.600000,1.163100,1.529000,1.535700,1.680300
2018-02-01,1.245900,0.875200,136.620000,1.160300,1.534800,1.556700,1.694400
2018-02-02,1.249200,0.878500,137.220000,1.159600,1.538700,1.563000,1.696000
2018-02-05,1.244000,0.885680,136.670000,1.159900,1.546800,1.566400,1.702500
2018-02-06,1.232900,0.888850,134.970000,1.157100,1.548800,1.572800,1.695500
2018-02-07,1.233800,0.886750,134.840000,1.161000,1.544500,1.568400,1.689700
2018-02-08,1.225200,0.875130,134.310000,1.155500,1.540200,1.569400,1.696600
2018-02-09,1.227300,0.887400,133.590000,1.150000,1.547500,1.572100,1.695200
2018-02-12,1.226300,0.886000,133.230000,1.150300,1.542700,1.564500,1.691800
2018-02-13,1.233300,0.889350,132.820000,1.152200,1.554400,1.571500,1.694100
2018-02-14,1.234800,0.890400,132.400000,1.151900,1.552800,1.570700,1.687300
2018-02-15,1.249300,0.886600,133.110000,1.154500,1.560400,1.575700,1.690900
2018-02-16,1.246400,0.888030,132.340000,1.152100,1.558700,1.569500,1.685300
2018-02-19,1.241000,0.885900,132.240000,1.151300,1.559200,1.567600,1.682000
2018-02-20,1.234000,0.881680,132.250000,1.153700,1.555300,1.564800,1.678200
2018-02-21,1.231200,0.884630,132.410000,1.155100,1.560100,1.568400,1.675400
2018-02-22,1.227600,0.883430,131.470000,1.150800,1.558900,1.569900,1.676100
2018-02-23,1.229900,0.879400,131.280000,1.150500,1.561400,1.572000,1.686400
2018-02-26,1.232000,0.878200,131.600000,1.153000,1.561700,1.571000,1.684700
2018-02-27,1.230100,0.884000,131.770000,1.153900,1.564700,1.569800,1.691800
2018-02-28,1.221400,0.884150,130.720000,1.152000,1.560800,1.563700,1.690500
2018-03-01,1.217100,0.885200,129.980000,1.151900,1.565400,1.574600,1.686600
2018-03-02,1.231200,0.893200,129.770000,1.151200,1.585800,1.588500,1.701400
2018-03-05,1.230700,0.890700,130.020000,1.154900,1.591400,1.588700,1.702600
2018-03-06,1.241100,0.891650,131.840000,1.162600,1.599300,1.584000,1.698500
2018-03-07,1.241700,0.895130,131.410000,1.167300,1.605600,1.590900,1.706300
2018-03-08,1.242100,0.894650,131.830000,1.173100,1.604400,1.591200,1.710200
2018-03-09,1.229100,0.888930,131.310000,1.169500,1.584800,1.577200,1.693100
2018-03-12,1.230200,0.885900,131.040000,1.168100,1.578200,1.564100,1.685400
2018-03-13,1.237800,0.886500,132.310000,1.169000,1.589000,1.568300,1.684200
2018-03-14,1.236900,0.886300,131.770000,1.170400,1.599300,1.564400,1.685300
2018-03-15,1.234100,0.884800,130.900000,1.168900,1.602500,1.573500,1.691500
2018-03-16,1.230100,0.882530,130.210000,1.170200,1.608700,1.586000,1.700200
2018-03-19,1.230900,0.875930,130.650000,1.171700,1.610500,1.599400,1.706600
2018-03-20,1.227600,0.877150,130.720000,1.172100,1.604000,1.593400,1.703900
2018-03-21,1.228600,0.874030,130.500000,1.170900,1.594700,1.599400,1.715800
2018-03-22,1.231600,0.872000,129.750000,1.167100,1.588900,1.597400,1.703100
2018-03-23,1.234600,0.872850,129.740000,1.170300,1.586800,1.597800,1.702400
2018-03-26,1.241100,0.872480,130.470000,1.173900,1.599700,1.604800,1.702900
2018-03-27,1.237600,0.879400,131.040000,1.176400,1.594900,1.607000,1.704100
2018-03-28,1.239800,0.876050,131.600000,1.180100,1.597400,1.613200,1.707500
2018-03-29,1.232100,0.874900,131.150000,1.177900,1.589500,1.603600,1.709800
2018-04-03,1.230800,0.875230,130.760000,1.177500,1.581800,1.599400,1.696400
2018-04-04,1.227600,0.875730,130.430000,1.177600,1.575600,1.597800,1.685000
2018-04-05,1.226000,0.873950,131.260000,1.179600,1.565900,1.594000,1.679900
2018-04-06,1.223400,0.872950,131.320000,1.179800,1.565000,1.593400,1.688400
2018-04-09,1.230400,0.870880,131.660000,1.179000,1.572600,1.605000,1.687100
2018-04-10,1.236100,0.871830,132.280000,1.179200,1.564500,1.597600,1.680600
2018-04-11,1.238400,0.873600,132.260000,1.185500,1.562500,1.598000,1.681200
2018-04-12,1.232300,0.867450,132.040000,1.187600,1.551700,1.589300,1.670000
2018-04-13,1.231700,0.864000,132.640000,1.185400,1.548200,1.580100,1.670300
2018-04-16,1.237000,0.864650,132.770000,1.187800,1.559600,1.592800,1.685300
2018-04-17,1.235700,0.862800,132.350000,1.190800,1.551100,1.591000,1.683700
2018-04-18,1.238800,0.871050,132.820000,1.197900,1.557200,1.595300,1.691200
2018-04-19,1.238200,0.869750,132.880000,1.197600,1.560600,1.589200,1.693800
2018-04-20,1.230900,0.876080,132.410000,1.197000,1.555700,1.598300,1.703200
2018-04-23,1.223800,0.876400,132.380000,1.194100,1.564900,1.601000,1.705200
2018-04-24,1.221300,0.874680,132.920000,1.194400,1.566200,1.603800,1.713400
2018-04-25,1.218500,0.873800,133.030000,1.198600,1.570400,1.611800,1.723200
2018-04-26,1.216800,0.871000,132.870000,1.197600,1.561800,1.607000,1.719400
2018-04-27,1.207000,0.877000,131.950000,1.196000,1.554900,1.597500,1.711600
2018-04-30,1.207900,0.879600,132.120000,1.196800,1.554200,1.601300,1.714500
2018-05-02,1.200700,0.880400,131.840000,1.195700,1.540100,1.598700,1.710300
2018-05-03,1.199200,0.881800,131.030000,1.195800,1.540400,1.592600,1.704100
2018-05-04,1.196900,0.882350,130.370000,1.195000,1.541000,1.591500,1.706700
2018-05-07,1.190200,0.880100,130.150000,1.196400,1.533800,1.588200,1.701300
2018-05-08,1.187000,0.879300,129.450000,1.190600,1.539800,1.592900,1.701900
2018-05-09,1.187900,0.874450,130.240000,1.189500,1.529900,1.592300,1.699500
2018-05-10,1.187800,0.878100,130.220000,1.190800,1.517200,1.586500,1.714400
2018-05-11,1.193400,0.880000,130.440000,1.193300,1.519700,1.580100,1.711000
2018-05-14,1.198800,0.882400,131.270000,1.196500,1.530100,1.586100,1.724600
2018-05-15,1.188300,0.879000,130.770000,1.191000,1.525300,1.585700,1.722200
2018-05-16,1.178400,0.874180,129.830000,1.179200,1.516100,1.574100,1.711500
2018-05-17,1.180500,0.873500,130.660000,1.181900,1.507700,1.568100,1.712500
2018-05-18,1.178100,0.873250,130.690000,1.177300,1.507400,1.567300,1.704900
2018-05-21,1.175900,0.876400,130.840000,1.175300,1.513900,1.561900,1.703000
2018-05-22,1.179400,0.876880,130.700000,1.173800,1.506600,1.554300,1.699100
2018-05-23,1.170800,0.879530,128.610000,1.159800,1.510900,1.554400,1.697700
2018-05-24,1.172800,0.874750,128.460000,1.160700,1.511100,1.551900,1.694600
2018-05-25,1.167500,0.875400,127.720000,1.159300,1.512600,1.542400,1.688200
2018-05-28,1.164400,0.874650,127.330000,1.157700,1.511400,1.541000,1.675600
2018-05-29,1.155800,0.871430,125.880000,1.151700,1.505800,1.536600,1.671100
2018-05-30,1.163200,0.875000,126.760000,1.151300,1.509300,1.540900,1.668600
2018-05-31,1.169900,0.876800,127.330000,1.152600,1.503800,1.541400,1.668100
2018-06-01,1.166900,0.876800,127.740000,1.153100,1.514200,1.549400,1.673700
2018-06-04,1.173700,0.876730,128.440000,1.154600,1.514800,1.531100,1.665400
2018-06-05,1.167500,0.873900,128.080000,1.151500,1.515800,1.533500,1.663600
2018-06-06,1.176500,0.876830,129.570000,1.162900,1.515000,1.536500,1.670200
2018-06-07,1.183600,0.881230,130.260000,1.161300,1.531300,1.545700,1.678900
2018-06-08,1.175400,0.877330,128.640000,1.157200,1.527400,1.549600,1.673400
2018-06-11,1.179000,0.881800,129.620000,1.163100,1.534800,1.550100,1.676400
2018-06-12,1.178800,0.881750,130.030000,1.161500,1.533500,1.550600,1.678100
2018-06-13,1.176400,0.882100,130.030000,1.161600,1.531300,1.550600,1.671300
2018-06-14,1.173000,0.876830,129.150000,1.158500,1.522200,1.551400,1.665600
2018-06-15,1.159600,0.873200,128.310000,1.157500,1.522300,1.551800,1.667600
2018-06-18,1.161300,0.876550,128.270000,1.155400,1.530700,1.561000,1.671200
2018-06-19,1.153400,0.876930,126.780000,1.150100,1.531900,1.569500,1.674700
2018-06-20,1.157800,0.878780,127.390000,1.153700,1.539800,1.568800,1.685300
2018-06-21,1.153800,0.873700,127.590000,1.149600,1.538100,1.566400,1.684600
2018-06-22,1.164800,0.876630,128.300000,1.153400,1.545900,1.568100,1.688000
2018-06-25,1.170000,0.880400,128.210000,1.154900,1.554200,1.574200,1.694700
2018-06-26,1.167200,0.881600,127.950000,1.154300,1.554900,1.577800,1.699800
2018-06-27,1.161600,0.881730,128.080000,1.153600,1.544300,1.572500,1.704600
2018-06-28,1.158300,0.885200,127.630000,1.155600,1.539800,1.577800,1.713500
2018-06-29,1.165800,0.886050,129.040000,1.156900,1.544200,1.578700,1.724700
2018-07-02,1.163900,0.886500,128.860000,1.156300,1.534200,1.582500,1.731500
2018-07-03,1.166500,0.883500,129.090000,1.157300,1.534400,1.576100,1.728100
2018-07-04,1.164200,0.881080,128.640000,1.155700,1.530600,1.576300,1.721700
2018-07-05,1.170900,0.883100,129.530000,1.161300,1.537400,1.582100,1.725600
2018-07-06,1.172400,0.885950,129.650000,1.163400,1.539700,1.580900,1.718600
2018-07-09,1.178900,0.883450,130.210000,1.164600,1.541500,1.575500,1.719800
2018-07-10,1.171300,0.883380,130.300000,1.164900,1.538200,1.573900,1.718800
2018-07-11,1.173500,0.884820,130.530000,1.165300,1.542100,1.586900,1.726600
2018-07-12,1.165800,0.882630,131.130000,1.164200,1.536900,1.577800,1.724000
2018-07-13,1.164300,0.884880,131.040000,1.170400,1.535800,1.576400,1.728000
2018-07-16,1.172000,0.882700,131.650000,1.169600,1.539900,1.577300,1.726200
2018-07-17,1.170700,0.887250,131.810000,1.164800,1.540300,1.581000,1.719100
2018-07-18,1.161100,0.891180,130.920000,1.161100,1.538900,1.579400,1.717500
2018-07-19,1.158800,0.892980,130.980000,1.162200,1.535100,1.580400,1.722900
2018-07-20,1.167000,0.894450,130.940000,1.163300,1.544300,1.581800,1.725100
2018-07-23,1.171600,0.891700,130.180000,1.161400,1.538700,1.582100,1.720400
2018-07-24,1.170600,0.891780,130.060000,1.162600,1.539300,1.579700,1.719200
2018-07-25,1.169000,0.888550,129.800000,1.159800,1.534100,1.576600,1.717300
2018-07-26,1.171600,0.888600,129.910000,1.161600,1.528700,1.579200,1.718600
2018-07-27,1.162500,0.888230,129.250000,1.159700,1.519300,1.576500,1.717900
2018-07-30,1.168400,0.890700,129.790000,1.159800,1.524500,1.579500,1.716500
2018-07-31,1.173600,0.892200,130.840000,1.159200,1.529800,1.580400,1.721300
2018-08-01,1.169600,0.890400,130.810000,1.158900,1.523100,1.576700,1.718700
2018-08-02,1.161700,0.891450,129.430000,1.155000,1.514400,1.578100,1.720400
2018-08-03,1.158800,0.890500,129.300000,1.152800,1.508500,1.568900,1.717000
2018-08-06,1.154300,0.892800,128.680000,1.151300,1.503200,1.562900,1.715400
2018-08-07,1.160200,0.894830,128.880000,1.153000,1.504700,1.559900,1.719100
2018-08-08,1.158900,0.900850,128.720000,1.154400,1.515800,1.564700,1.720200
2018-08-09,1.159300,0.899400,128.840000,1.151200,1.511100,1.562600,1.742100
2018-08-10,1.145600,0.896750,127.070000,1.139100,1.500200,1.567500,1.736500
2018-08-13,1.140300,0.893300,126.110000,1.133800,1.499600,1.567000,1.733500
2018-08-14,1.140600,0.893000,126.420000,1.129800,1.490900,1.569600,1.727700
2018-08-15,1.132100,0.891300,125.670000,1.128900,1.483300,1.566900,1.726700
2018-08-16,1.137000,0.894980,126.020000,1.129900,1.494200,1.564700,1.726700
2018-08-17,1.139100,0.895750,125.750000,1.133800,1.497600,1.567000,1.725400
2018-08-20,1.142000,0.894780,126.250000,1.136600,1.492700,1.563100,1.725500
2018-08-21,1.150200,0.897400,127.010000,1.137200,1.497800,1.565700,1.728100
2018-08-22,1.161600,0.899280,128.080000,1.140100,1.512600,1.578500,1.731900
2018-08-23,1.157900,0.898780,128.310000,1.138300,1.508900,1.588800,1.735200
2018-08-24,1.158800,0.902000,128.970000,1.139800,1.514300,1.586800,1.738400
2018-08-27,1.163300,0.903650,129.160000,1.142800,1.518200,1.588600,1.741500
2018-08-28,1.171000,0.906800,130.030000,1.142700,1.512800,1.592400,1.744400
2018-08-29,1.166000,0.905000,129.730000,1.138500,1.509300,1.598900,1.741300
2018-08-30,1.169200,0.897580,130.320000,1.133900,1.511700,1.601500,1.753400
2018-08-31,1.165100,0.897400,129.050000,1.128100,1.519200,1.612900,1.755900
2018-09-03,1.160900,0.901580,129.030000,1.126800,1.517500,1.610900,1.756500
2018-09-04,1.156200,0.900580,128.600000,1.126100,1.523400,1.609100,1.764900
2018-09-05,1.158200,0.903280,129.170000,1.128800,1.526300,1.614400,1.763700
2018-09-06,1.163400,0.898240,129.550000,1.127500,1.533800,1.616400,1.763300
2018-09-07,1.161500,0.892750,128.740000,1.121700,1.523800,1.621900,1.764700
2018-09-10,1.157100,0.893400,128.540000,1.126700,1.526800,1.625700,1.770600
2018-09-11,1.157400,0.890680,128.820000,1.127600,1.523100,1.631000,1.777300
2018-09-12,1.158500,0.890280,129.130000,1.127700,1.513700,1.626800,1.777200
2018-09-13,1.162000,0.890000,129.680000,1.126500,1.511200,1.616700,1.774300
2018-09-14,1.168900,0.892280,130.750000,1.127400,1.520600,1.626000,1.777800
2018-09-17,1.167100,0.888750,130.790000,1.123600,1.519300,1.625800,1.774200
2018-09-18,1.169700,0.889630,131.210000,1.124500,1.523700,1.624400,1.775200
2018-09-19,1.166700,0.888130,130.940000,1.130400,1.513600,1.610900,1.768400
2018-09-20,1.176900,0.885900,131.980000,1.131200,1.517400,1.615800,1.764300
2018-09-21,1.175900,0.894000,132.440000,1.122800,1.519700,1.615400,1.760600
2018-09-24,1.177300,0.894580,132.560000,1.129000,1.523100,1.618700,1.765100
2018-09-25,1.177700,0.894250,132.780000,1.137600,1.526200,1.623400,1.769600
2018-09-26,1.173700,0.890800,132.610000,1.136900,1.521400,1.620200,1.766800
2018-09-27,1.170700,0.889730,132.150000,1.137100,1.530100,1.620000,1.763800
2018-09-28,1.157600,0.887300,131.230000,1.131600,1.506400,1.604800,1.750500
2018-10-01,1.160600,0.890780,132.250000,1.141400,1.486700,1.607000,1.757200
2018-10-02,1.154300,0.890430,131.460000,1.135400,1.479500,1.608100,1.752300
2018-10-03,1.154800,0.888950,131.470000,1.141200,1.482000,1.614600,1.761700
2018-10-04,1.150200,0.885800,131.310000,1.140900,1.480000,1.623400,1.770600
2018-10-05,1.150600,0.881650,131.030000,1.143300,1.486200,1.627000,1.778400
2018-10-08,1.147800,0.880100,130.110000,1.139600,1.491500,1.624200,1.779500
2018-10-09,1.143500,0.876800,129.450000,1.138100,1.486100,1.620300,1.778400
2018-10-10,1.150000,0.874480,130.230000,1.141200,1.490700,1.620600,1.779200
2018-10-11,1.157500,0.874900,130.000000,1.143000,1.510200,1.631400,1.785200
2018-10-12,1.157400,0.876400,129.990000,1.147000,1.505400,1.623600,1.776800
2018-10-15,1.158100,0.880450,129.530000,1.142800,1.508500,1.623100,1.772300
2018-10-16,1.158700,0.875930,129.920000,1.144400,1.501000,1.624300,1.760400
2018-10-17,1.153000,0.879450,129.430000,1.145300,1.495700,1.619000,1.756300
2018-10-18,1.150500,0.878430,129.440000,1.145100,1.500900,1.611900,1.752200
2018-10-19,1.147000,0.880200,129.050000,1.142100,1.494700,1.606500,1.737900
2018-10-22,1.149400,0.884250,129.630000,1.145600,1.504400,1.618500,1.749200
2018-10-23,1.147800,0.881030,128.760000,1.142400,1.504700,1.624300,1.751400
2018-10-24,1.138900,0.882330,128.370000,1.137300,1.490000,1.606700,1.740800
2018-10-25,1.141600,0.885330,128.270000,1.140700,1.489300,1.609500,1.747300
2018-10-26,1.134500,0.886800,127.130000,1.136700,1.491600,1.614200,1.753500
2018-10-29,1.138100,0.887880,127.920000,1.138400,1.491700,1.606100,1.740100
2018-10-30,1.137200,0.891480,128.280000,1.138600,1.494100,1.602500,1.734900
2018-10-31,1.131800,0.888730,128.150000,1.139900,1.485600,1.597200,1.732200
2018-11-01,1.139300,0.881730,128.520000,1.143000,1.490400,1.585700,1.719000
2018-11-02,1.141700,0.878700,128.890000,1.142200,1.495600,1.584000,1.715400
2018-11-05,1.137000,0.875350,128.810000,1.143700,1.488700,1.580300,1.708500
2018-11-06,1.142800,0.873130,129.310000,1.146000,1.499600,1.578900,1.710500
2018-11-07,1.148700,0.874030,130.020000,1.144400,1.501900,1.575000,1.695400
2018-11-08,1.142400,0.871630,129.900000,1.145600,1.497200,1.566800,1.683800
2018-11-09,1.134600,0.870530,129.260000,1.141400,1.496900,1.566300,1.681500
2018-11-12,1.126500,0.875630,128.200000,1.136800,1.487300,1.562300,1.669900
2018-11-13,1.126100,0.869450,128.320000,1.136800,1.488800,1.562800,1.668400
2018-11-14,1.129600,0.870480,128.640000,1.139500,1.493700,1.565700,1.665100
2018-11-15,1.130500,0.883700,128.160000,1.136500,1.494900,1.556400,1.660100
2018-11-16,1.134600,0.883500,128.370000,1.143100,1.495500,1.562300,1.665300
2018-11-19,1.142700,0.890830,128.890000,1.139100,1.505500,1.566000,1.674000
2018-11-20,1.142100,0.889080,128.340000,1.132800,1.507100,1.571200,1.668300
2018-11-21,1.140900,0.891080,129.040000,1.134100,1.514400,1.572500,1.668600
2018-11-22,1.140300,0.885980,128.800000,1.135100,1.507400,1.572100,1.674400
2018-11-23,1.135200,0.884800,128.070000,1.131600,1.501900,1.570800,1.674700
2018-11-26,1.136300,0.884400,128.700000,1.133200,1.501100,1.566400,1.670900
2018-11-27,1.132800,0.887480,128.660000,1.130900,1.501800,1.563100,1.664700
2018-11-28,1.128400,0.882450,128.470000,1.127300,1.503600,1.559500,1.661300
2018-11-29,1.138700,0.891350,128.990000,1.132400,1.511700,1.552500,1.657300
2018-11-30,1.135900,0.890680,128.990000,1.134000,1.511600,1.556500,1.655600
2018-12-03,1.133200,0.891500,128.700000,1.132300,1.493100,1.535400,1.637600
2018-12-04,1.140900,0.890580,128.680000,1.134800,1.503100,1.545100,1.640600
2018-12-05,1.135400,0.888850,128.310000,1.132800,1.507600,1.556900,1.639800
2018-12-06,1.135100,0.889300,128.040000,1.130400,1.522900,1.574500,1.651700
2018-12-07,1.137100,0.890850,128.360000,1.129900,1.523000,1.576600,1.655800
2018-12-10,1.142500,0.902450,128.790000,1.129500,1.521800,1.584200,1.658100
2018-12-11,1.137900,0.902280,128.750000,1.124800,1.523900,1.577800,1.652600
2018-12-12,1.134600,0.901350,128.670000,1.128600,1.517000,1.573200,1.657300
2018-12-13,1.137100,0.898480,129.060000,1.128700,1.519300,1.572900,1.656400
2018-12-14,1.128500,0.898350,128.130000,1.125400,1.509500,1.575300,1.661300
2018-12-17,1.134100,0.898900,128.440000,1.125400,1.518900,1.580100,1.666800
2018-12-18,1.137700,0.897150,127.860000,1.128100,1.524900,1.581000,1.655600
2018-12-19,1.140500,0.903180,128.110000,1.132800,1.533200,1.587900,1.663000
2018-12-20,1.145100,0.903350,127.940000,1.133100,1.542400,1.605000,1.688400
2018-12-21,1.141400,0.902150,126.980000,1.131200,1.545900,1.608100,1.692500
2018-12-24,1.140800,0.900380,126.470000,1.131200,1.550600,1.618600,1.697400
2018-12-27,1.137700,0.900730,126.140000,1.127900,1.550000,1.616100,1.696400
2018-12-28,1.145400,0.902730,126.400000,1.122700,1.560200,1.621500,1.706000
2018-12-31,1.145000,0.894530,125.850000,1.126900,1.560500,1.622000,1.705600
2019-01-02,1.139700,0.901650,124.280000,1.123900,1.554700,1.627300,1.704900
2019-01-03,1.134800,0.903120,122.210000,1.121900,1.539200,1.628700,1.708500
2019-01-04,1.140300,0.899880,123.200000,1.125600,1.532800,1.618900,1.704500
2019-01-07,1.144500,0.897200,123.900000,1.122700,1.528100,1.604000,1.692500
2019-01-08,1.144000,0.897430,124.460000,1.123200,1.520800,1.604200,1.702300
2019-01-09,1.145500,0.899130,124.700000,1.123000,1.517200,1.598200,1.690800
2019-01-10,1.153500,0.904230,124.700000,1.127600,1.525100,1.603100,1.698300
2019-01-11,1.153300,0.900150,124.910000,1.132700,1.524700,1.597000,1.687300
2019-01-14,1.146700,0.892630,123.930000,1.125800,1.522600,1.594500,1.682000
2019-01-15,1.142400,0.890250,124.020000,1.126600,1.515400,1.588400,1.675700
2019-01-16,1.138900,0.885900,123.910000,1.126900,1.510100,1.587400,1.681700
2019-01-17,1.139600,0.882600,123.950000,1.131200,1.515300,1.589500,1.689500
2019-01-18,1.140200,0.881250,124.780000,1.133100,1.513400,1.585000,1.684100
2019-01-21,1.136200,0.883030,124.600000,1.134300,1.511700,1.588900,1.689500
2019-01-22,1.135400,0.880000,124.250000,1.132600,1.512800,1.592300,1.688500
2019-01-23,1.136700,0.872130,124.700000,1.133500,1.513200,1.593400,1.674100
2019-01-24,1.134100,0.870850,124.430000,1.128300,1.516000,1.596700,1.673100
2019-01-25,1.134600,0.865800,124.720000,1.131000,1.510700,1.593900,1.672000
2019-01-28,1.141800,0.868880,124.940000,1.133100,1.511500,1.591300,1.668700
2019-01-29,1.142200,0.867350,125.030000,1.135200,1.514200,1.595400,1.669400
2019-01-30,1.142900,0.873410,125.080000,1.140300,1.511100,1.588500,1.672300
2019-01-31,1.148800,0.875780,124.810000,1.140900,1.510900,1.578700,1.660700
2019-02-01,1.147100,0.878880,124.910000,1.139600,1.507500,1.578900,1.656700
2019-02-04,1.144500,0.876780,125.770000,1.142100,1.501100,1.585200,1.663400
2019-02-05,1.142300,0.878030,125.590000,1.143600,1.499600,1.577100,1.655600
2019-02-06,1.139400,0.878700,125.050000,1.139400,1.502000,1.596800,1.661900
2019-02-07,1.134500,0.877500,124.410000,1.135700,1.505000,1.595400,1.677900
2019-02-08,1.134600,0.874900,124.570000,1.135700,1.509800,1.600600,1.680900
2019-02-11,1.130900,0.876150,124.630000,1.135100,1.500500,1.598300,1.676800
2019-02-12,1.129600,0.877050,124.700000,1.138100,1.496900,1.592600,1.676700
2019-02-13,1.130500,0.875530,125.190000,1.137100,1.497200,1.590000,1.659600
2019-02-14,1.126800,0.879450,125.120000,1.137000,1.494900,1.584800,1.648800
2019-02-15,1.126000,0.879380,124.450000,1.134000,1.495900,1.583600,1.643200
2019-02-18,1.132800,0.876200,125.230000,1.136100,1.499200,1.582500,1.647300
2019-02-19,1.129400,0.871850,125.090000,1.135100,1.496100,1.588100,1.654900
2019-02-20,1.134200,0.869450,125.610000,1.134200,1.495600,1.584400,1.651300
2019-02-21,1.135400,0.868050,125.700000,1.136700,1.495100,1.596900,1.664800
2019-02-22,1.132500,0.872630,125.560000,1.134600,1.497600,1.592300,1.663900
2019-02-25,1.135500,0.868280,125.750000,1.135100,1.492400,1.583100,1.647000
2019-02-26,1.136100,0.860550,125.930000,1.137100,1.502400,1.589700,1.652000
2019-02-27,1.138600,0.855030,125.900000,1.135400,1.496200,1.590900,1.658100
2019-02-28,1.141600,0.858350,126.440000,1.133500,1.504200,1.598800,1.668500
2019-03-01,1.138300,0.859680,127.350000,1.136300,1.497100,1.600000,1.665600
2019-03-04,1.133700,0.857750,126.910000,1.135200,1.509200,1.599000,1.666000
2019-03-05,1.132900,0.863580,126.800000,1.134100,1.511600,1.601700,1.668200
2019-03-06,1.130500,0.859700,126.400000,1.136000,1.512800,1.607200,1.667900
2019-03-07,1.127100,0.858800,125.970000,1.135500,1.513100,1.601400,1.663100
2019-03-08,1.122200,0.859050,124.720000,1.132400,1.509900,1.596400,1.653000
2019-03-11,1.124400,0.862400,124.910000,1.134900,1.509300,1.593500,1.649200
2019-03-12,1.127500,0.861450,125.270000,1.136900,1.511100,1.592600,1.643600
2019-03-13,1.130300,0.858800,125.890000,1.137300,1.508700,1.600500,1.653800
2019-03-14,1.129500,0.852280,126.090000,1.135100,1.507400,1.603000,1.658500
2019-03-15,1.130800,0.854150,126.160000,1.136000,1.511800,1.598800,1.653200
2019-03-18,1.134900,0.856600,126.540000,1.136000,1.513400,1.598100,1.653700
2019-03-19,1.135800,0.855480,126.590000,1.135300,1.506000,1.598600,1.653500
2019-03-20,1.135400,0.862800,126.630000,1.133800,1.512500,1.599900,1.656700
2019-03-21,1.138700,0.866500,125.920000,1.130900,1.518900,1.598500,1.652000
2019-03-22,1.130200,0.858900,124.600000,1.124300,1.515500,1.592300,1.643300
2019-03-25,1.132500,0.856380,124.650000,1.123700,1.520400,1.593100,1.641300
2019-03-26,1.129100,0.853300,124.720000,1.122200,1.513200,1.583200,1.634500
2019-03-27,1.126100,0.851180,124.420000,1.119600,1.510100,1.588800,1.656800
2019-03-28,1.121800,0.855550,124.160000,1.118500,1.506600,1.585000,1.650900
2019-03-29,1.123500,0.858300,124.450000,1.118100,1.500000,1.582100,1.650000
2019-04-01,1.123600,0.856580,124.680000,1.118000,1.500600,1.577500,1.645800
2019-04-02,1.120000,0.860000,124.730000,1.119500,1.491900,1.581700,1.654400
2019-04-03,1.124300,0.853900,125.300000,1.120600,1.496400,1.579400,1.655100
2019-04-04,1.121900,0.854180,125.010000,1.120700,1.498700,1.578100,1.659900
2019-04-05,1.123300,0.859380,125.440000,1.123500,1.503000,1.578700,1.666200
2019-04-08,1.124600,0.861830,125.360000,1.124500,1.504200,1.582300,1.669400
2019-04-09,1.127700,0.863350,125.510000,1.127000,1.498400,1.578100,1.671800
2019-04-10,1.127900,0.860830,125.380000,1.128000,1.503200,1.578500,1.669700
2019-04-11,1.126400,0.861680,125.300000,1.130400,1.506700,1.576000,1.670500
2019-04-12,1.132100,0.862900,126.760000,1.132600,1.508200,1.577100,1.674800
2019-04-15,1.131300,0.863050,126.660000,1.134500,1.506000,1.576100,1.672900
2019-04-16,1.130500,0.863900,126.590000,1.137100,1.511000,1.576700,1.671300
2019-04-17,1.130100,0.865930,126.510000,1.140000,1.507000,1.571200,1.678400
2019-04-18,1.125000,0.864700,125.860000,1.138300,1.506500,1.571900,1.681900
2019-04-23,1.124500,0.864500,125.820000,1.147000,1.505700,1.581400,1.688900
2019-04-24,1.120900,0.865450,125.340000,1.141600,1.507800,1.592200,1.692200
2019-04-25,1.112300,0.864350,124.450000,1.136800,1.502300,1.590600,1.688400
2019-04-26,1.113300,0.863400,124.450000,1.137200,1.502000,1.582400,1.673900
2019-04-29,1.115000,0.863400,124.640000,1.137900,1.502800,1.582500,1.673000
2019-04-30,1.121800,0.862480,124.930000,1.143700,1.507500,1.591100,1.680500
2019-05-02,1.121200,0.859300,125.010000,1.141900,1.506400,1.597000,1.691600
2019-05-03,1.115500,0.857850,124.400000,1.138300,1.501900,1.594300,1.685600
2019-05-06,1.119900,0.854700,124.130000,1.140300,1.509500,1.602100,1.693600
2019-05-07,1.118500,0.856450,123.730000,1.141500,1.506500,1.594400,1.695700
2019-05-08,1.120200,0.860950,123.310000,1.140700,1.507400,1.598700,1.699300
2019-05-09,1.119300,0.861200,122.910000,1.139000,1.509300,1.604600,1.701500
2019-05-10,1.123000,0.862500,123.250000,1.137800,1.513200,1.605900,1.702500
2019-05-13,1.124500,0.863500,123.060000,1.131900,1.511700,1.614200,1.708700
2019-05-14,1.122600,0.867230,123.000000,1.130700,1.511700,1.616200,1.705600
2019-05-15,1.118300,0.868200,122.240000,1.127600,1.507500,1.616600,1.706700
2019-05-16,1.120300,0.874630,122.810000,1.130600,1.503900,1.621300,1.706300
2019-05-17,1.117200,0.875950,122.340000,1.128300,1.507400,1.623900,1.710700
2019-05-20,1.116700,0.876200,122.670000,1.126300,1.500000,1.614100,1.707100
2019-05-21,1.116100,0.876100,123.270000,1.127400,1.496600,1.622300,1.714200
2019-05-22,1.117100,0.882800,123.270000,1.125200,1.495200,1.622100,1.717300
2019-05-23,1.113900,0.881000,122.560000,1.122400,1.500000,1.619900,1.715500
2019-05-24,1.118700,0.883180,122.610000,1.121500,1.505300,1.620500,1.710900
2019-05-27,1.119800,0.882250,122.560000,1.125700,1.506100,1.616800,1.710700
2019-05-28,1.119200,0.883730,122.450000,1.125400,1.507100,1.616200,1.708800
2019-05-29,1.115600,0.882250,121.910000,1.121700,1.506500,1.611600,1.710600
2019-05-30,1.113400,0.881780,122.100000,1.122800,1.502900,1.609800,1.709500
2019-05-31,1.115100,0.886930,121.270000,1.121400,1.511500,1.613600,1.713400
2019-06-03,1.118500,0.886180,121.170000,1.116200,1.509800,1.607700,1.704000
2019-06-04,1.124400,0.887380,121.620000,1.117800,1.511100,1.611600,1.706200
2019-06-05,1.125700,0.886310,121.960000,1.116300,1.507000,1.611400,1.694300
2019-06-06,1.126600,0.885580,121.820000,1.117400,1.509600,1.613200,1.698300
2019-06-07,1.127300,0.886750,122.270000,1.119100,1.506100,1.617300,1.701600
2019-06-10,1.130100,0.892480,122.780000,1.120000,1.500400,1.623500,1.708600
2019-06-11,1.132000,0.890850,123.090000,1.123300,1.500200,1.627300,1.720600
2019-06-12,1.132300,0.888050,122.720000,1.125200,1.505900,1.629200,1.720600
2019-06-13,1.128900,0.889480,122.440000,1.120700,1.502100,1.633600,1.720100
2019-06-14,1.126500,0.890930,121.900000,1.121100,1.501800,1.632400,1.724100
2019-06-17,1.123400,0.892080,122.060000,1.121400,1.506900,1.635500,1.725900
2019-06-18,1.118700,0.894030,121.080000,1.117500,1.501600,1.634900,1.719200
2019-06-19,1.120700,0.890200,121.490000,1.117600,1.499000,1.630300,1.717300
2019-06-20,1.130700,0.891550,121.710000,1.114200,1.488600,1.632300,1.715800
2019-06-21,1.131600,0.894250,121.640000,1.110700,1.492800,1.638600,1.726100
2019-06-24,1.139400,0.893650,122.250000,1.110900,1.503000,1.638500,1.724400
2019-06-25,1.138800,0.894850,121.970000,1.110800,1.500100,1.634100,1.714000
2019-06-26,1.136200,0.896030,122.400000,1.111300,1.494700,1.627700,1.700400
2019-06-27,1.137000,0.894280,122.640000,1.112100,1.492800,1.625100,1.699600
2019-06-28,1.138000,0.896550,122.600000,1.110500,1.489300,1.624400,1.696000
2019-07-01,1.134900,0.897180,122.930000,1.114100,1.486600,1.622600,1.694100
2019-07-02,1.130100,0.894430,122.360000,1.116900,1.481900,1.615500,1.695600
2019-07-03,1.129300,0.897500,121.610000,1.111600,1.479400,1.609300,1.688300
2019-07-04,1.128800,0.897300,121.650000,1.112000,1.474900,1.607600,1.688800
2019-07-05,1.126000,0.897030,121.770000,1.112600,1.471200,1.605700,1.691200
2019-07-08,1.121500,0.896250,121.800000,1.112700,1.464200,1.605800,1.688800
2019-07-09,1.120500,0.899750,121.930000,1.113700,1.470600,1.616400,1.693700
2019-07-10,1.122000,0.899280,122.200000,1.113300,1.471300,1.621000,1.699700
2019-07-11,1.128500,0.897900,121.940000,1.111400,1.473500,1.615400,1.688900
2019-07-12,1.125300,0.897880,121.830000,1.108700,1.466700,1.610200,1.687100
2019-07-15,1.126900,0.898730,121.620000,1.107100,1.468400,1.602300,1.675100
2019-07-16,1.122300,0.902600,121.130000,1.107500,1.464300,1.595500,1.669300
2019-07-17,1.121500,0.903400,121.420000,1.109500,1.465400,1.600900,1.667900
2019-07-18,1.121600,0.898530,120.890000,1.106400,1.465000,1.594400,1.664000
2019-07-19,1.122600,0.896350,120.930000,1.103300,1.465500,1.591300,1.658200
2019-07-22,1.121500,0.899680,121.030000,1.100700,1.466500,1.591200,1.654300
2019-07-23,1.117300,0.898300,120.820000,1.098500,1.469100,1.589800,1.660500
2019-07-24,1.114000,0.891430,120.410000,1.098200,1.462700,1.596000,1.661300
2019-07-25,1.111500,0.889630,120.150000,1.098900,1.459100,1.594300,1.659600
2019-07-26,1.113800,0.896330,121.060000,1.105300,1.468000,1.608200,1.676700
2019-07-29,1.111900,0.904430,120.810000,1.103700,1.464500,1.611000,1.679600
2019-07-30,1.115400,0.916530,121.000000,1.103800,1.469100,1.618900,1.685500
2019-07-31,1.115100,0.916230,121.040000,1.104100,1.466200,1.617500,1.688300
2019-08-01,1.103700,0.911500,120.180000,1.098800,1.460200,1.613500,1.685600
2019-08-02,1.110600,0.915050,118.570000,1.093100,1.469800,1.636500,1.702600
2019-08-05,1.118200,0.918800,118.610000,1.089300,1.477500,1.652000,1.713800
2019-08-06,1.118700,0.918300,119.100000,1.091900,1.478500,1.646700,1.707300
2019-08-07,1.120200,0.923530,118.480000,1.092100,1.492000,1.662800,1.741100
2019-08-08,1.119300,0.921150,118.640000,1.092300,1.487400,1.648300,1.733500
2019-08-09,1.119800,0.928200,118.510000,1.089700,1.479600,1.645200,1.725400
2019-08-12,1.119400,0.926150,117.690000,1.087600,1.480700,1.658900,1.735200
2019-08-13,1.122200,0.928300,118.010000,1.085300,1.488900,1.658900,1.741700
2019-08-14,1.118800,0.926730,118.480000,1.086200,1.487200,1.657900,1.740000
2019-08-15,1.115000,0.918630,118.370000,1.086300,1.484100,1.644200,1.731100
2019-08-16,1.107600,0.910330,117.770000,1.085400,1.473000,1.632000,1.720800
2019-08-19,1.110300,0.915830,118.340000,1.088400,1.472900,1.637600,1.729600
2019-08-20,1.107600,0.916230,117.790000,1.086000,1.476200,1.634700,1.728600
2019-08-21,1.110400,0.915450,118.240000,1.087500,1.476100,1.633700,1.730800
2019-08-22,1.108300,0.911500,118.130000,1.090500,1.472200,1.638000,1.738000
2019-08-23,1.106500,0.904530,117.790000,1.089300,1.474100,1.639600,1.736000
2019-08-26,1.111600,0.908080,117.670000,1.088500,1.478800,1.643000,1.743100
2019-08-27,1.110400,0.904350,117.430000,1.088400,1.468900,1.641200,1.741500
2019-08-28,1.108300,0.908230,117.180000,1.087200,1.475400,1.643100,1.745800
2019-08-29,1.107200,0.905310,117.680000,1.088000,1.469900,1.640200,1.745700
2019-08-30,1.103600,0.905650,117.280000,1.090900,1.465800,1.639800,1.749000
2019-09-02,1.096800,0.908200,116.660000,1.087500,1.463200,1.633800,1.739600
2019-09-03,1.093700,0.908850,116.050000,1.082900,1.462700,1.624700,1.738500
2019-09-04,1.101800,0.902550,117.030000,1.084800,1.467900,1.622500,1.734300
2019-09-05,1.105800,0.895800,117.970000,1.086300,1.460200,1.621000,1.730500
2019-09-06,1.102700,0.896350,118.010000,1.092800,1.458300,1.613500,1.720800
2019-09-09,1.103300,0.892750,118.010000,1.092300,1.451500,1.606600,1.712900
2019-09-10,1.104000,0.893000,118.520000,1.094300,1.453600,1.610300,1.719400
2019-09-11,1.100300,0.891330,118.510000,1.093400,1.446800,1.602100,1.714700
2019-09-12,1.096300,0.889200,118.140000,1.089200,1.446800,1.594300,1.703200
2019-09-13,1.109600,0.890930,119.830000,1.094000,1.466300,1.612600,1.735400
2019-09-16,1.103100,0.885100,118.960000,1.093200,1.461900,1.605400,1.732400
2019-09-17,1.102600,0.888130,119.230000,1.096600,1.462000,1.612200,1.742600
2019-09-18,1.105300,0.887200,119.540000,1.099900,1.464500,1.614900,1.742800
2019-09-19,1.106700,0.887350,119.460000,1.097000,1.468600,1.629100,1.753600
2019-09-20,1.103000,0.882300,119.110000,1.094200,1.463600,1.624300,1.757900
2019-09-23,1.098500,0.883430,118.070000,1.089100,1.458600,1.622400,1.751400
2019-09-24,1.100300,0.881530,118.450000,1.087800,1.458600,1.618900,1.742800
2019-09-25,1.098200,0.886680,118.000000,1.084100,1.458000,1.623600,1.743500
2019-09-26,1.093800,0.885050,117.730000,1.086400,1.448200,1.616200,1.731500
2019-09-27,1.093500,0.887780,118.210000,1.086000,1.449300,1.618700,1.738800
2019-09-30,1.088900,0.885730,117.590000,1.084700,1.442600,1.612600,1.737500
2019-10-01,1.089800,0.889550,118.000000,1.090600,1.446600,1.627400,1.752800
2019-10-02,1.092500,0.889700,117.470000,1.094000,1.446700,1.635100,1.751200
2019-10-03,1.095100,0.887900,117.170000,1.095700,1.460600,1.629400,1.742100
2019-10-04,1.097900,0.890450,117.230000,1.091300,1.461200,1.624700,1.735000
2019-10-07,1.099300,0.891550,117.440000,1.092400,1.463300,1.631600,1.745200
2019-10-08,1.098600,0.897950,117.430000,1.089800,1.462300,1.628600,1.737300
2019-10-09,1.098100,0.898500,117.910000,1.092700,1.460700,1.628200,1.738100
2019-10-10,1.103000,0.901550,118.520000,1.094800,1.467800,1.630700,1.742200
2019-10-11,1.104300,0.875180,119.750000,1.102500,1.467900,1.624600,1.741900
2019-10-14,1.103100,0.879830,119.400000,1.098300,1.457600,1.632500,1.752900
2019-10-15,1.100700,0.870580,119.230000,1.097700,1.456200,1.629300,1.755100
2019-10-16,1.102500,0.865600,119.900000,1.099700,1.456300,1.639400,1.765300
2019-10-17,1.111300,0.868400,120.810000,1.099100,1.464400,1.629400,1.756400
2019-10-18,1.114400,0.864350,120.970000,1.099600,1.463900,1.627800,1.748800
2019-10-21,1.117300,0.859300,121.290000,1.100200,1.464300,1.624000,1.743200
2019-10-22,1.113000,0.860650,120.870000,1.100400,1.458100,1.623700,1.735800
2019-10-23,1.112300,0.864080,120.630000,1.100400,1.455800,1.625200,1.736100
2019-10-24,1.112800,0.862880,120.860000,1.101900,1.454500,1.627300,1.740000
2019-10-25,1.110700,0.865980,120.590000,1.101900,1.451100,1.627000,1.745600
2019-10-28,1.108700,0.863280,120.690000,1.104700,1.448700,1.624500,1.748200
2019-10-29,1.109500,0.863280,120.880000,1.104100,1.448600,1.618600,1.748100
2019-10-30,1.110600,0.862000,120.990000,1.103200,1.453400,1.619900,1.750400
2019-10-31,1.115400,0.861330,120.730000,1.100700,1.467300,1.613700,1.735900
2019-11-01,1.113900,0.860080,120.430000,1.101300,1.468200,1.615100,1.732600
2019-11-04,1.115800,0.863680,120.930000,1.102100,1.468000,1.615800,1.735800
2019-11-05,1.110900,0.861130,120.930000,1.100900,1.458400,1.607900,1.733900
2019-11-06,1.109000,0.860330,120.880000,1.101000,1.459900,1.607000,1.738500
2019-11-07,1.107700,0.864420,120.900000,1.099800,1.458500,1.605900,1.738300
2019-11-08,1.103400,0.861580,120.720000,1.099100,1.456100,1.606500,1.742600
2019-11-11,1.104100,0.857430,120.290000,1.097200,1.460700,1.610500,1.734800
2019-11-12,1.101500,0.858200,120.240000,1.096300,1.458800,1.608700,1.738200
2019-11-13,1.100600,0.857600,119.790000,1.089400,1.459200,1.612700,1.722800
2019-11-14,1.099700,0.856430,119.490000,1.087300,1.458800,1.621300,1.722300
2019-11-15,1.103400,0.856600,119.950000,1.092400,1.460800,1.622100,1.725500
2019-11-18,1.106100,0.853300,120.550000,1.096000,1.462200,1.624200,1.727500
2019-11-19,1.107700,0.855730,120.460000,1.097900,1.463300,1.623400,1.725900
2019-11-20,1.105900,0.857150,119.960000,1.097700,1.471100,1.622700,1.722200
2019-11-21,1.109100,0.855480,120.460000,1.099800,1.475900,1.628200,1.723900
2019-11-22,1.105800,0.859800,120.030000,1.099400,1.467900,1.628700,1.723600
2019-11-25,1.100800,0.855150,119.880000,1.098600,1.464800,1.623200,1.718700
2019-11-26,1.102000,0.857150,120.090000,1.099300,1.466300,1.625100,1.716500
2019-11-27,1.100900,0.854500,120.180000,1.098600,1.460500,1.622000,1.712100
2019-11-28,1.100500,0.851800,120.500000,1.099100,1.462500,1.625300,1.713600
2019-11-29,1.098200,0.852250,120.430000,1.099800,1.461400,1.622800,1.709000
2019-12-02,1.102300,0.852180,120.750000,1.099500,1.465600,1.624000,1.701900
2019-12-03,1.107100,0.852000,120.390000,1.094700,1.474700,1.618600,1.700000
2019-12-04,1.108100,0.846100,120.450000,1.095600,1.470700,1.620300,1.698000
2019-12-05,1.109400,0.844700,120.690000,1.096400,1.461000,1.625100,1.699700
2019-12-06,1.109400,0.844530,120.440000,1.096800,1.461800,1.619000,1.688600
2019-12-09,1.107500,0.841950,120.150000,1.095900,1.467500,1.622800,1.689000
2019-12-10,1.107700,0.840730,120.270000,1.092200,1.466600,1.627500,1.694500
2019-12-11,1.107500,0.842450,120.440000,1.091600,1.466100,1.619400,1.692400
2019-12-12,1.113700,0.845600,120.950000,1.093900,1.467600,1.616500,1.690600
2019-12-13,1.117400,0.835080,122.430000,1.098200,1.471200,1.615900,1.687300
2019-12-16,1.114600,0.834150,121.970000,1.095300,1.462100,1.617700,1.685900
2019-12-17,1.116200,0.847480,122.310000,1.094600,1.469000,1.629400,1.697400
2019-12-18,1.111500,0.850550,121.810000,1.091300,1.462400,1.622700,1.692000
2019-12-19,1.111700,0.850730,121.730000,1.089900,1.458800,1.618800,1.689800
2019-12-20,1.109700,0.851330,121.310000,1.088300,1.457900,1.608800,1.681100
2019-12-23,1.107500,0.857080,121.180000,1.087000,1.457700,1.600800,1.673200
2019-12-24,1.108000,0.855330,121.190000,1.087800,1.458200,1.601900,1.671600
2019-12-27,1.115300,0.851300,122.230000,1.089000,1.459200,1.599600,1.665500
2019-12-30,1.118900,0.852080,122.190000,1.087100,1.462100,1.599200,1.663800
2019-12-31,1.123400,0.850800,121.940000,1.085400,1.459800,1.599500,1.665300
2020-01-02,1.119300,0.848280,121.750000,1.086500,1.454900,1.600600,1.671800
2020-01-03,1.114700,0.851150,120.540000,1.084000,1.447100,1.603100,1.671800
2020-01-06,1.119400,0.852150,121.020000,1.085000,1.452500,1.611900,1.678800
2020-01-07,1.117200,0.851830,121.150000,1.085000,1.452000,1.625100,1.683300
2020-01-08,1.111500,0.848680,120.860000,1.079200,1.447000,1.619500,1.673900
2020-01-09,1.111000,0.852850,121.540000,1.080800,1.450500,1.619300,1.679600
2020-01-10,1.109100,0.848100,121.600000,1.082200,1.449800,1.613200,1.676900
2020-01-13,1.112600,0.857600,122.250000,1.081100,1.451400,1.611700,1.676900
2020-01-14,1.111500,0.856180,122.320000,1.076700,1.452800,1.611000,1.680300
2020-01-15,1.114200,0.856830,122.430000,1.075100,1.456500,1.618800,1.690500
2020-01-16,1.116900,0.854700,122.800000,1.073900,1.455900,1.611500,1.676900
2020-01-17,1.110800,0.851050,122.310000,1.073600,1.449800,1.612200,1.678200
2020-01-20,1.108500,0.852750,122.140000,1.073700,1.448700,1.615400,1.679600
2020-01-21,1.111500,0.850300,122.310000,1.074300,1.451200,1.617700,1.681100
2020-01-22,1.108800,0.844450,121.930000,1.075700,1.446500,1.618400,1.678200
2020-01-23,1.109100,0.844980,121.500000,1.073400,1.459900,1.614900,1.679700
2020-01-24,1.103500,0.843130,120.960000,1.071200,1.449100,1.612700,1.668400
2020-01-27,1.102500,0.843580,120.110000,1.068900,1.453900,1.629100,1.681400
2020-01-28,1.100500,0.846030,120.020000,1.070300,1.451600,1.629000,1.684400
2020-01-29,1.100100,0.845800,120.060000,1.072900,1.449600,1.629900,1.686800
2020-01-30,1.102900,0.841830,120.030000,1.069000,1.457700,1.641200,1.697300
2020-01-31,1.105200,0.841750,120.350000,1.069400,1.462700,1.649400,1.708300
2020-02-03,1.106600,0.847750,120.100000,1.067200,1.464700,1.652100,1.710600
2020-02-04,1.104800,0.848800,120.520000,1.070200,1.467100,1.643900,1.710200
2020-02-05,1.102300,0.844440,120.940000,1.071700,1.464400,1.629900,1.700600
2020-02-06,1.100300,0.848350,120.870000,1.071500,1.461000,1.628200,1.699400
2020-02-07,1.096900,0.847200,120.510000,1.070500,1.460400,1.641700,1.709400
2020-02-10,1.095100,0.846280,120.180000,1.070000,1.458000,1.637300,1.710800
2020-02-11,1.090100,0.843250,119.730000,1.066700,1.449500,1.626000,1.705500
2020-02-12,1.091400,0.840580,120.030000,1.064500,1.446800,1.617500,1.683200
2020-02-13,1.086700,0.833750,119.210000,1.063300,1.440600,1.613800,1.683500
2020-02-14,1.084200,0.832080,119.110000,1.064100,1.436300,1.615100,1.686400
2020-02-17,1.083500,0.832380,119.050000,1.064100,1.433400,1.612900,1.686400
2020-02-18,1.081600,0.829850,118.700000,1.061900,1.434500,1.619500,1.692100
2020-02-19,1.080000,0.831480,119.350000,1.062100,1.428100,1.614200,1.688300
2020-02-20,1.079000,0.838400,120.860000,1.061600,1.430400,1.629400,1.704600
2020-02-21,1.080100,0.835100,120.960000,1.061000,1.432000,1.636300,1.710400
2020-02-24,1.081800,0.838330,120.520000,1.060000,1.437200,1.638400,1.709500
2020-02-25,1.084000,0.836300,119.920000,1.060500,1.440300,1.644200,1.716000
2020-02-26,1.087500,0.841500,120.130000,1.060600,1.446900,1.656500,1.727300
2020-02-27,1.096400,0.849950,120.460000,1.062700,1.463600,1.667200,1.732600
2020-02-28,1.097700,0.853150,119.360000,1.061400,1.475700,1.687500,1.760800
2020-03-02,1.112200,0.871130,119.820000,1.065500,1.485700,1.699800,1.773800
2020-03-03,1.111700,0.870100,119.770000,1.064600,1.485700,1.691100,1.772800
2020-03-04,1.112500,0.868500,119.580000,1.064700,1.486200,1.679400,1.766700
2020-03-05,1.118700,0.866700,119.630000,1.066300,1.502100,1.691700,1.774400
2020-03-06,1.133600,0.871650,119.080000,1.058900,1.521300,1.710300,1.785800
2020-03-09,1.145600,0.873830,117.120000,1.059400,1.561300,1.733000,1.802100
2020-03-10,1.139000,0.873850,118.650000,1.059400,1.557900,1.737700,1.800600
2020-03-11,1.133600,0.876900,118.550000,1.059100,1.557900,1.738900,1.795100
2020-03-12,1.124000,0.886230,116.840000,1.054900,1.552400,1.767400,1.817300
2020-03-13,1.110400,0.890700,119.110000,1.060800,1.538900,1.768400,1.812000
2020-03-16,1.115700,0.909180,117.760000,1.054600,1.553900,1.819800,1.849900
2020-03-17,1.098200,0.908230,117.500000,1.056100,1.551200,1.828700,1.842000
2020-03-18,1.093400,0.921900,117.780000,1.054600,1.574900,1.856800,1.872700
2020-03-19,1.080100,0.929850,118.630000,1.053500,1.562300,1.863500,1.890300
2020-03-20,1.070700,0.910280,118.370000,1.054600,1.525700,1.822600,1.852100
2020-03-23,1.078300,0.929700,119.110000,1.059000,1.551000,1.858600,1.893900
2020-03-24,1.084300,0.921000,119.990000,1.057200,1.571600,1.831500,1.867600
2020-03-25,1.082700,0.915030,120.670000,1.060200,1.553900,1.799300,1.847900
2020-03-26,1.098100,0.913480,120.180000,1.063400,1.546600,1.816200,1.853000
2020-03-27,1.097700,0.897430,119.360000,1.058100,1.552100,1.820900,1.854800
2020-03-30,1.103400,0.889000,119.340000,1.057100,1.562600,1.802100,1.840500
2020-03-31,1.095600,0.886430,118.900000,1.058500,1.561700,1.796700,1.841700
2020-04-01,1.093600,0.884600,117.550000,1.056400,1.560100,1.805300,1.854700
2020-04-02,1.090600,0.877380,117.060000,1.055100,1.545100,1.797000,1.838000
2020-04-03,1.078500,0.878500,117.100000,1.054700,1.529900,1.800400,1.842300
2020-04-06,1.079100,0.878000,117.540000,1.056000,1.528000,1.779000,1.820000
2020-04-07,1.088500,0.880930,118.550000,1.058200,1.525900,1.757800,1.816000
2020-04-08,1.087100,0.879480,118.360000,1.055700,1.523300,1.759600,1.819400
2020-04-09,1.086700,0.875650,118.330000,1.055800,1.526500,1.744400,1.812800
2020-04-14,1.096300,0.872530,117.660000,1.054300,1.525700,1.713900,1.800800
2020-04-15,1.090300,0.873850,117.120000,1.053400,1.533000,1.729900,1.822300
2020-04-16,1.088800,0.871630,117.120000,1.051600,1.535900,1.726600,1.821000
2020-04-17,1.086000,0.869780,116.860000,1.051500,1.528000,1.708800,1.804300
2020-04-20,1.086000,0.873430,117.110000,1.051800,1.532500,1.708500,1.796200
2020-04-21,1.083700,0.881200,116.390000,1.051700,1.539300,1.726600,1.818100
2020-04-22,1.086700,0.879200,117.010000,1.052300,1.537500,1.719900,1.820000
2020-04-23,1.077200,0.872000,115.750000,1.051100,1.522600,1.691800,1.794700
2020-04-24,1.080000,0.874980,116.220000,1.052500,1.517300,1.694300,1.799100
2020-04-27,1.085200,0.872630,116.220000,1.055700,1.525500,1.679500,1.789300
2020-04-28,1.087700,0.870780,116.060000,1.058600,1.517900,1.673400,1.795600
2020-04-29,1.084200,0.873780,115.520000,1.057100,1.512900,1.665500,1.783100
2020-04-30,1.087600,0.869050,115.870000,1.055800,1.507700,1.659800,1.770500
2020-05-04,1.094200,0.878980,116.840000,1.054800,1.539000,1.702200,1.808300
2020-05-05,1.084300,0.870600,115.710000,1.052500,1.520100,1.682500,1.791000
2020-05-06,1.080700,0.872530,114.650000,1.053000,1.522500,1.704600,1.783900
2020-05-07,1.078300,0.874780,114.910000,1.053000,1.517700,1.670400,1.782000
2020-05-08,1.084300,0.875350,115.340000,1.052900,1.511800,1.661300,1.766800
2020-05-11,1.082400,0.878750,116.160000,1.051900,1.513600,1.670900,1.780800
2020-05-12,1.085800,0.877730,116.560000,1.052000,1.517800,1.662500,1.774200
2020-05-13,1.087500,0.882450,116.280000,1.052800,1.524300,1.668700,1.798300
2020-05-14,1.079200,0.884950,115.480000,1.051200,1.522400,1.680500,1.806800
2020-05-15,1.079800,0.887380,115.530000,1.051300,1.523100,1.680500,1.814500
2020-05-18,1.083200,0.891530,116.310000,1.052100,1.520200,1.673600,1.809600
2020-05-19,1.095000,0.895350,118.000000,1.063300,1.525100,1.675100,1.800400
2020-05-20,1.095800,0.893580,117.950000,1.058400,1.521100,1.665300,1.785900
2020-05-21,1.100000,0.899430,118.420000,1.062800,1.531000,1.671000,1.794900
2020-05-22,1.090400,0.895630,117.260000,1.059100,1.527300,1.669400,1.787000
2020-05-25,1.091000,0.895150,117.470000,1.059700,1.526100,1.667800,1.789000
2020-05-26,1.097500,0.888780,117.920000,1.060000,1.518400,1.653900,1.771700
2020-05-27,1.099100,0.895950,118.580000,1.067500,1.512600,1.656500,1.771900
2020-05-28,1.101600,0.897280,118.680000,1.068300,1.515500,1.662400,1.777600
2020-05-29,1.113600,0.900880,119.290000,1.072000,1.528000,1.668100,1.786300
2020-06-01,1.111600,0.896730,119.750000,1.068600,1.522800,1.648800,1.782400
2020-06-02,1.117400,0.890830,120.830000,1.074100,1.510600,1.631000,1.768000
2020-06-03,1.119400,0.890650,121.540000,1.079300,1.517300,1.628000,1.753200
2020-06-04,1.125000,0.896850,122.480000,1.078600,1.520300,1.627600,1.751000
2020-06-05,1.133000,0.894480,123.770000,1.086600,1.523700,1.622700,1.739200
2020-06-08,1.128500,0.891730,123.410000,1.086100,1.512600,1.615600,1.729100
2020-06-09,1.129400,0.891200,122.140000,1.077000,1.518700,1.626700,1.737500
2020-06-10,1.137500,0.889630,122.160000,1.076200,1.522800,1.622000,1.735700
2020-06-11,1.134800,0.896650,121.520000,1.069700,1.532100,1.642100,1.753000
2020-06-12,1.130400,0.896530,121.260000,1.069700,1.534700,1.644700,1.755300
2020-06-15,1.125300,0.896480,120.830000,1.067900,1.534200,1.647600,1.747100
2020-06-16,1.130800,0.893700,121.390000,1.071700,1.532000,1.632400,1.747400
2020-06-17,1.123200,0.894480,120.650000,1.066900,1.520400,1.629200,1.739500
2020-06-18,1.122200,0.900280,120.000000,1.066700,1.521800,1.635600,1.742000
2020-06-19,1.121000,0.905050,119.770000,1.065600,1.520900,1.626100,1.740300
2020-06-22,1.121300,0.903280,119.890000,1.065400,1.521000,1.629200,1.735000
2020-06-23,1.131800,0.906300,121.050000,1.070500,1.526900,1.627200,1.739100
2020-06-24,1.128000,0.903430,120.300000,1.067900,1.533100,1.634200,1.755200
2020-06-25,1.120000,0.901330,120.250000,1.063700,1.528200,1.632100,1.746500
2020-06-26,1.121300,0.905750,119.930000,1.063100,1.531800,1.631300,1.742800
2020-06-29,1.128400,0.915400,121.070000,1.066900,1.540900,1.640600,1.753300
2020-06-30,1.119800,0.912430,120.660000,1.065100,1.532400,1.634400,1.748000
2020-07-01,1.120000,0.904300,120.310000,1.062000,1.521700,1.626800,1.736200
2020-07-02,1.128600,0.902250,121.240000,1.064800,1.534300,1.629600,1.729700
2020-07-03,1.122400,0.901200,120.680000,1.062300,1.523300,1.617500,1.720400
2020-07-06,1.132500,0.905050,121.780000,1.064200,1.533300,1.623000,1.729300
2020-07-07,1.129000,0.901500,121.610000,1.064300,1.531700,1.626100,1.726000
2020-07-08,1.128600,0.899230,121.390000,1.062400,1.533800,1.624200,1.723700
2020-07-09,1.134200,0.896550,121.670000,1.063400,1.531400,1.623900,1.722300
2020-07-10,1.127600,0.895700,120.480000,1.062500,1.533600,1.624700,1.718900
2020-07-13,1.132900,0.899380,121.400000,1.068500,1.536600,1.624800,1.722600
2020-07-14,1.137500,0.907780,122.170000,1.069100,1.548800,1.634800,1.741700
2020-07-15,1.144400,0.905400,122.250000,1.078300,1.552700,1.629300,1.739700
2020-07-16,1.141400,0.908750,122.240000,1.078700,1.545200,1.633800,1.743900
2020-07-17,1.142800,0.910780,122.530000,1.075300,1.551000,1.636000,1.746300
2020-07-20,1.144800,0.905750,122.630000,1.073600,1.553200,1.635900,1.743500
2020-07-21,1.144300,0.900550,122.700000,1.074000,1.539900,1.615400,1.730500
2020-07-22,1.157800,0.911230,123.940000,1.078500,1.554000,1.613900,1.732800
2020-07-23,1.156900,0.911950,123.980000,1.073100,1.548600,1.624600,1.738400
2020-07-24,1.160800,0.909850,123.360000,1.073000,1.557800,1.637600,1.750600
2020-07-27,1.176000,0.913400,123.880000,1.083800,1.572900,1.647200,1.760500
2020-07-28,1.171700,0.909680,123.340000,1.075800,1.569300,1.641200,1.763000
2020-07-29,1.172500,0.903850,123.280000,1.076600,1.566500,1.634800,1.764000
2020-07-30,1.174300,0.902680,123.580000,1.074400,1.577100,1.644600,1.772700
2020-07-31,1.184800,0.900530,124.310000,1.076900,1.589800,1.648800,1.777100
2020-08-03,1.172600,0.900130,124.510000,1.078400,1.575500,1.650800,1.770100
2020-08-04,1.176500,0.903350,124.780000,1.076100,1.577300,1.649500,1.780700
2020-08-05,1.185400,0.902650,125.370000,1.077000,1.570300,1.641500,1.780900
2020-08-06,1.184300,0.900330,124.960000,1.075900,1.574800,1.649200,1.782800
2020-08-07,1.181700,0.903730,124.910000,1.080400,1.577000,1.640300,1.778600
2020-08-10,1.176300,0.901550,124.740000,1.079000,1.573900,1.644500,1.784000
2020-08-11,1.178300,0.898430,124.970000,1.074300,1.565600,1.640600,1.783300
2020-08-12,1.177100,0.904750,125.920000,1.075500,1.564400,1.651400,1.799700
2020-08-13,1.183300,0.903730,126.580000,1.078400,1.563700,1.652200,1.804200
2020-08-14,1.181300,0.901730,126.010000,1.075400,1.564900,1.652500,1.807100
2020-08-17,1.185300,0.906250,125.990000,1.076500,1.568400,1.648500,1.817900
2020-08-18,1.190600,0.903750,125.540000,1.077300,1.567200,1.644700,1.811900
2020-08-19,1.193300,0.903450,125.740000,1.081100,1.568800,1.642800,1.796900
2020-08-20,1.185000,0.901730,125.460000,1.078600,1.565400,1.654400,1.815800
2020-08-21,1.176900,0.897550,124.530000,1.074400,1.556300,1.644200,1.804500
2020-08-24,1.184700,0.901750,125.260000,1.076100,1.557400,1.645400,1.805900
2020-08-25,1.181400,0.899450,125.670000,1.075200,1.559700,1.647200,1.808200
2020-08-26,1.178900,0.896900,125.340000,1.073800,1.554300,1.637100,1.797100
2020-08-27,1.180600,0.895050,125.340000,1.075000,1.552100,1.629100,1.779900
2020-08-28,1.191500,0.894680,125.390000,1.075800,1.555300,1.621600,1.772300
2020-08-31,1.194000,0.896050,126.470000,1.077400,1.560100,1.621400,1.772800
2020-09-01,1.198700,0.889750,126.920000,1.086500,1.560000,1.624200,1.772700
2020-09-02,1.186100,0.888400,126.000000,1.079900,1.549500,1.617100,1.754100
2020-09-03,1.181300,0.891350,125.850000,1.077600,1.549100,1.621900,1.757900
2020-09-04,1.184200,0.893250,125.790000,1.079300,1.550800,1.629100,1.764000
2020-09-07,1.182400,0.898350,125.590000,1.080900,1.548400,1.623200,1.764200
2020-09-08,1.178500,0.904530,125.200000,1.082000,1.552300,1.628600,1.772200
2020-09-09,1.177300,0.912130,125.050000,1.080600,1.556300,1.626400,1.771400
2020-09-10,1.184900,0.915900,125.760000,1.076600,1.558600,1.628200,1.773700
2020-09-11,1.185400,0.924080,125.820000,1.077700,1.562200,1.624400,1.773800
2020-09-14,1.187600,0.921900,125.820000,1.076800,1.564100,1.632700,1.773900
2020-09-15,1.189200,0.920950,125.390000,1.076800,1.563400,1.621900,1.767500
2020-09-16,1.186900,0.914230,124.720000,1.075300,1.562800,1.617400,1.758600
2020-09-17,1.179700,0.915300,123.380000,1.074200,1.556700,1.615200,1.753300
2020-09-18,1.183300,0.913180,123.490000,1.077600,1.560100,1.624200,1.748900
2020-09-21,1.178700,0.916080,122.700000,1.076100,1.560400,1.624000,1.759000
2020-09-22,1.174000,0.917430,122.780000,1.074800,1.563100,1.628800,1.763000
2020-09-23,1.169200,0.918850,122.910000,1.077300,1.559400,1.643900,1.775600
2020-09-24,1.164500,0.912280,122.730000,1.077200,1.560000,1.653900,1.784700
2020-09-25,1.163400,0.913430,122.740000,1.079800,1.556000,1.654800,1.775600
2020-09-28,1.167000,0.905080,123.020000,1.081600,1.562000,1.651300,1.779100
2020-09-29,1.170200,0.909630,123.610000,1.079500,1.565500,1.641200,1.774900
2020-09-30,1.170800,0.912350,123.760000,1.080400,1.567600,1.643800,1.779900
2020-10-01,1.175200,0.907230,123.980000,1.078700,1.561600,1.631900,1.766700
2020-10-02,1.173000,0.906730,123.400000,1.079000,1.560300,1.637200,1.767400
2020-10-05,1.176800,0.908100,124.250000,1.078100,1.561400,1.637900,1.770300
2020-10-06,1.179500,0.910580,124.580000,1.078100,1.563000,1.647200,1.773300
2020-10-07,1.177000,0.914130,124.730000,1.078700,1.564000,1.650000,1.786200
2020-10-08,1.176500,0.910350,124.690000,1.079900,1.558300,1.642100,1.785600
2020-10-09,1.179500,0.911670,124.950000,1.077300,1.554200,1.640500,1.782100
2020-10-12,1.179900,0.905980,124.410000,1.074200,1.549300,1.635700,1.774400
2020-10-13,1.178700,0.905910,124.380000,1.073400,1.545000,1.640300,1.771500
2020-10-14,1.175000,0.903950,123.700000,1.073800,1.543200,1.637800,1.763300
2020-10-15,1.169800,0.905350,123.150000,1.069700,1.545300,1.655400,1.776200
2020-10-16,1.174100,0.909150,123.590000,1.072100,1.549700,1.655500,1.774600
2020-10-19,1.178500,0.905880,124.110000,1.072400,1.552300,1.657500,1.775100
2020-10-20,1.181000,0.913290,124.790000,1.072400,1.557700,1.680100,1.800600
2020-10-21,1.185200,0.907540,124.270000,1.071500,1.555700,1.673300,1.787500
2020-10-22,1.182100,0.902730,123.720000,1.072600,1.555900,1.664400,1.773900
2020-10-23,1.185600,0.906750,124.170000,1.071500,1.556300,1.657800,1.770300
2020-10-26,1.181900,0.907550,124.140000,1.071900,1.558000,1.659200,1.767700
2020-10-27,1.183200,0.907180,123.740000,1.073200,1.558900,1.658500,1.763900
2020-10-28,1.172700,0.906620,122.360000,1.069300,1.557800,1.660300,1.764700
2020-10-29,1.170400,0.904300,122.090000,1.068400,1.565800,1.667300,1.767700
2020-10-30,1.169800,0.902080,122.360000,1.069800,1.555600,1.656300,1.756500
2020-11-02,1.165200,0.900530,121.930000,1.069500,1.546600,1.653300,1.756500
2020-11-03,1.170200,0.900420,122.560000,1.070900,1.538500,1.640600,1.753100
2020-11-04,1.172100,0.899540,122.310000,1.067500,1.541100,1.634600,1.754100
2020-11-05,1.185500,0.904500,122.860000,1.072400,1.547800,1.635600,1.754000
2020-11-06,1.187000,0.904300,122.660000,1.068200,1.552500,1.635900,1.750700
2020-11-09,1.188300,0.902240,124.670000,1.077800,1.538800,1.623400,1.737800
2020-11-10,1.180800,0.891830,124.360000,1.081700,1.539300,1.623700,1.730400
2020-11-11,1.176600,0.889350,124.070000,1.079300,1.536400,1.617200,1.711200
2020-11-12,1.179100,0.897650,124.250000,1.080500,1.544300,1.626300,1.719600
2020-11-13,1.181500,0.896830,123.880000,1.080500,1.552800,1.630000,1.730400
2020-11-16,1.183000,0.898190,124.150000,1.081900,1.547600,1.622600,1.722700
2020-11-17,1.188200,0.895850,123.780000,1.081600,1.556000,1.623600,1.723400
2020-11-18,1.186800,0.893730,123.280000,1.081200,1.551400,1.622600,1.714500
2020-11-19,1.183200,0.893780,123.080000,1.079700,1.550100,1.627200,1.715500
2020-11-20,1.186300,0.893930,123.180000,1.081100,1.548400,1.622700,1.708600
2020-11-23,1.190100,0.888880,123.470000,1.080600,1.553000,1.623300,1.708200
2020-11-24,1.186500,0.890120,124.060000,1.083300,1.550400,1.617500,1.701100
2020-11-25,1.189000,0.891290,124.190000,1.083500,1.547800,1.619000,1.703600
2020-11-26,1.190000,0.891290,124.040000,1.081300,1.547200,1.616300,1.700000
2020-11-27,1.192200,0.894420,124.230000,1.082600,1.549700,1.618200,1.700000
2020-11-30,1.198000,0.898450,124.790000,1.083900,1.551600,1.624600,1.702700
2020-12-01,1.196800,0.897980,124.920000,1.083600,1.552200,1.627400,1.701000
2020-12-02,1.206600,0.904900,126.130000,1.081900,1.561900,1.638400,1.713700
2020-12-03,1.215100,0.903580,126.490000,1.083100,1.569200,1.636100,1.717500
2020-12-04,1.215900,0.902820,126.440000,1.082200,1.563300,1.638700,1.725400
2020-12-07,1.212800,0.912150,126.300000,1.080200,1.553700,1.637400,1.725200
2020-12-08,1.211400,0.911430,126.180000,1.078100,1.550800,1.633400,1.722000
2020-12-09,1.210900,0.900000,126.050000,1.076400,1.547200,1.618500,1.710300
2020-12-10,1.211500,0.911000,126.530000,1.075700,1.545600,1.616100,1.718400
2020-12-11,1.212700,0.922940,126.280000,1.078600,1.548700,1.609000,1.710000
2020-12-14,1.216200,0.907000,126.110000,1.077600,1.547600,1.606400,1.710100
2020-12-15,1.214000,0.907950,126.080000,1.077000,1.547300,1.611300,1.717400
2020-12-16,1.218900,0.899500,125.970000,1.078600,1.555100,1.610300,1.716800
2020-12-17,1.224600,0.900500,126.190000,1.082100,1.554600,1.605200,1.709300
2020-12-18,1.225900,0.908280,126.690000,1.084500,1.563800,1.610700,1.720100
2020-12-21,1.217300,0.916100,126.040000,1.081000,1.568600,1.620000,1.730600
2020-12-22,1.223900,0.911480,126.520000,1.083700,1.575300,1.619100,1.729900
2020-12-23,1.216600,0.907000,125.990000,1.083700,1.567100,1.611800,1.720800
2020-12-24,1.219300,0.897950,126.380000,1.085100,1.565600,1.603900,1.716800
2020-12-28,1.221900,0.904080,126.540000,1.085400,1.567700,1.608300,1.716000
2020-12-29,1.225900,0.908630,127.230000,1.086200,1.571300,1.612100,1.717100
2020-12-30,1.228100,0.903070,126.570000,1.085700,1.570100,1.602500,1.707100
2020-12-31,1.227100,0.899030,126.490000,1.080200,1.563300,1.589600,1.698400
2021-01-04,1.229600,0.901600,126.620000,1.081100,1.562100,1.592800,1.706500
2021-01-05,1.227100,0.903330,126.250000,1.080300,1.565100,1.592700,1.703600
2021-01-06,1.233800,0.906350,127.030000,1.082100,1.564000,1.582400,1.691600
2021-01-07,1.227600,0.901900,127.130000,1.083300,1.560100,1.583600,1.690700
2021-01-08,1.225000,0.901280,127.260000,1.082700,1.554300,1.575800,1.688300
2021-01-11,1.216300,0.902350,126.760000,1.083800,1.555100,1.578300,1.691800
2021-01-12,1.216100,0.894400,126.740000,1.081200,1.551000,1.574200,1.694000
2021-01-13,1.216600,0.889830,126.440000,1.081200,1.548700,1.573400,1.695400
2021-01-14,1.212400,0.889430,126.210000,1.080500,1.538100,1.564200,1.685300
2021-01-15,1.212300,0.889980,125.740000,1.077000,1.541300,1.568000,1.689600
2021-01-18,1.206400,0.890730,125.180000,1.074700,1.541300,1.572100,1.697500
2021-01-19,1.213200,0.891000,126.160000,1.076900,1.543800,1.572300,1.702000
2021-01-20,1.210100,0.885630,125.620000,1.077800,1.537900,1.566600,1.696500
2021-01-21,1.215800,0.886250,125.720000,1.077300,1.534500,1.563500,1.685300
2021-01-22,1.215800,0.890450,126.190000,1.077300,1.545800,1.577000,1.694500
2021-01-25,1.215200,0.888000,126.060000,1.077200,1.545900,1.572800,1.685400
2021-01-26,1.214300,0.886980,125.930000,1.078900,1.544400,1.570900,1.679300
2021-01-27,1.211400,0.883950,125.870000,1.075900,1.545300,1.574400,1.684400
2021-01-28,1.209100,0.886030,126.200000,1.078300,1.556400,1.591400,1.700800
2021-01-29,1.213600,0.883830,127.050000,1.079800,1.552000,1.581900,1.686300
2021-02-01,1.208400,0.882000,126.770000,1.081600,1.547400,1.583100,1.684400
2021-02-02,1.204400,0.880750,126.460000,1.080800,1.542200,1.584700,1.679300
2021-02-03,1.201700,0.881450,126.250000,1.080400,1.537300,1.578100,1.669500
2021-02-04,1.199600,0.876930,126.240000,1.081800,1.535800,1.572700,1.666600
2021-02-05,1.198300,0.875380,126.720000,1.082500,1.534400,1.576100,1.677600
2021-02-08,1.202500,0.878330,126.970000,1.084200,1.536300,1.569300,1.674000
2021-02-09,1.210400,0.878280,126.580000,1.081700,1.541400,1.568100,1.674100
2021-02-10,1.212700,0.876500,127.040000,1.080500,1.539400,1.568200,1.680300
2021-02-11,1.214700,0.877550,127.120000,1.080200,1.538400,1.563800,1.677200
2021-02-12,1.210800,0.877530,127.150000,1.080300,1.541800,1.566600,1.684000
2021-02-15,1.212900,0.872250,127.720000,1.080200,1.534600,1.560200,1.678500
2021-02-16,1.214300,0.873330,128.160000,1.080000,1.536500,1.561300,1.677400
2021-02-17,1.206000,0.869600,127.940000,1.080600,1.530400,1.557300,1.678600
2021-02-18,1.208400,0.865400,127.690000,1.082900,1.530700,1.551800,1.673500
2021-02-19,1.213900,0.865080,127.810000,1.085100,1.530700,1.544500,1.664200
2021-02-22,1.213300,0.865300,128.000000,1.088800,1.532800,1.539200,1.658300
2021-02-23,1.214300,0.863080,127.980000,1.094600,1.531900,1.537800,1.658500
2021-02-24,1.214600,0.860300,128.690000,1.102900,1.526600,1.534700,1.645100
2021-02-25,1.222500,0.864080,129.730000,1.107600,1.525700,1.531700,1.640900
2021-02-26,1.212100,0.870530,128.830000,1.098600,1.533100,1.560500,1.662200
2021-03-01,1.205300,0.865580,128.630000,1.101400,1.527400,1.557000,1.662900
2021-03-02,1.202800,0.864330,128.580000,1.105000,1.522500,1.542200,1.656500
2021-03-03,1.204800,0.863510,128.810000,1.106400,1.523400,1.545500,1.658100
2021-03-04,1.203400,0.862700,129.230000,1.111400,1.521300,1.544900,1.659900
2021-03-05,1.193800,0.863000,129.300000,1.106600,1.516000,1.556500,1.673700
2021-03-08,1.186600,0.857280,128.900000,1.108700,1.503500,1.549900,1.667300
2021-03-09,1.189400,0.857040,129.500000,1.107100,1.499000,1.544000,1.660700
2021-03-10,1.189200,0.856550,129.120000,1.106900,1.504100,1.543000,1.659000
2021-03-11,1.196900,0.856700,129.820000,1.106600,1.505100,1.538400,1.654600
2021-03-12,1.193300,0.858350,130.140000,1.109400,1.497500,1.539400,1.663300
2021-03-15,1.192000,0.856700,130.170000,1.108400,1.487400,1.541900,1.658800
2021-03-16,1.192600,0.859450,129.880000,1.103300,1.486700,1.539000,1.657800
2021-03-17,1.190700,0.856680,130.020000,1.104700,1.485200,1.542700,1.661800
2021-03-18,1.191200,0.855750,130.080000,1.106900,1.482400,1.534700,1.656700
2021-03-19,1.189100,0.857630,129.540000,1.106600,1.487700,1.536500,1.659800
2021-03-22,1.192600,0.862330,129.770000,1.102300,1.490300,1.540000,1.661700
2021-03-23,1.188300,0.861980,128.990000,1.106600,1.493800,1.549100,1.691800
2021-03-24,1.182500,0.862500,128.600000,1.106800,1.488400,1.553200,1.696300
2021-03-25,1.180200,0.860680,128.750000,1.104500,1.484900,1.554800,1.694800
2021-03-26,1.178200,0.855030,129.340000,1.109000,1.481400,1.545900,1.686300
2021-03-29,1.178400,0.851200,129.190000,1.107500,1.483300,1.539800,1.680500
2021-03-30,1.174100,0.853780,129.480000,1.105700,1.481400,1.541900,1.679400
2021-03-31,1.172500,0.852090,129.910000,1.107000,1.478200,1.541200,1.676900
2021-04-01,1.174600,0.851950,130.030000,1.109900,1.478700,1.550000,1.680600
2021-04-06,1.181200,0.853580,130.270000,1.107000,1.484000,1.548200,1.681400
2021-04-07,1.188400,0.860650,130.560000,1.104400,1.498200,1.558100,1.690700
2021-04-08,1.187300,0.862900,129.710000,1.102100,1.494700,1.553900,1.685500
2021-04-09,1.188800,0.866580,130.420000,1.101000,1.495000,1.557900,1.686000
2021-04-12,1.190400,0.865180,130.200000,1.099800,1.493100,1.561300,1.691400
2021-04-13,1.189600,0.866980,130.230000,1.100100,1.500600,1.565200,1.694600
2021-04-14,1.196400,0.869180,130.330000,1.103300,1.502600,1.556100,1.682100
2021-04-15,1.197000,0.867530,130.140000,1.104600,1.495500,1.544800,1.671600
2021-04-16,1.198600,0.867930,130.370000,1.101100,1.498600,1.545900,1.672500
2021-04-19,1.203500,0.863550,130.090000,1.099800,1.503800,1.549100,1.675000
2021-04-20,1.205100,0.862950,130.640000,1.102900,1.508900,1.549200,1.673500
2021-04-21,1.200700,0.862500,129.800000,1.102600,1.513700,1.555400,1.672600
2021-04-22,1.204600,0.868550,130.300000,1.103500,1.506700,1.558100,1.678900
2021-04-23,1.206600,0.869050,129.980000,1.103800,1.506200,1.559000,1.680200
2021-04-26,1.208500,0.869750,130.540000,1.106700,1.503000,1.551800,1.672700
2021-04-27,1.208800,0.868950,130.880000,1.103800,1.498500,1.553300,1.672400
2021-04-28,1.207000,0.869880,131.470000,1.104400,1.495500,1.557600,1.671100
2021-04-29,1.212900,0.869100,132.200000,1.102000,1.490200,1.555400,1.670300
2021-04-30,1.208200,0.868630,131.620000,1.099800,1.483400,1.558100,1.673800
2021-05-03,1.204400,0.868380,131.900000,1.101600,1.480700,1.557300,1.678600
2021-05-04,1.202100,0.867700,131.260000,1.098000,1.483600,1.560800,1.688700
2021-05-05,1.200500,0.862740,131.200000,1.096500,1.473100,1.551000,1.668300
2021-05-06,1.206000,0.867080,131.690000,1.095300,1.476400,1.554700,1.671500
2021-05-07,1.205900,0.868100,131.760000,1.096300,1.468900,1.552300,1.673000
2021-05-10,1.216900,0.861950,132.310000,1.093900,1.474300,1.543300,1.667300
2021-05-11,1.217000,0.860130,132.120000,1.097600,1.472900,1.550900,1.671800
2021-05-12,1.211800,0.857980,131.820000,1.096600,1.464300,1.552600,1.675300
2021-05-13,1.208100,0.860630,132.370000,1.096000,1.466500,1.567300,1.688500
2021-05-14,1.212300,0.860830,132.490000,1.095200,1.470000,1.563400,1.677100
2021-05-17,1.214300,0.862150,132.600000,1.095000,1.472000,1.568300,1.687900
2021-05-18,1.222200,0.859980,133.090000,1.096300,1.469300,1.565200,1.682100
2021-05-19,1.221200,0.862330,133.300000,1.100800,1.474700,1.576500,1.698100
2021-05-20,1.220300,0.864000,132.950000,1.099100,1.477800,1.573600,1.698600
2021-05-21,1.218800,0.858700,132.610000,1.095100,1.468000,1.569800,1.691400
2021-05-24,1.221200,0.864080,132.970000,1.095700,1.473100,1.580400,1.699700
2021-05-25,1.226400,0.865730,133.490000,1.097700,1.475800,1.578500,1.691800
2021-05-26,1.222900,0.863300,133.160000,1.095800,1.478400,1.573200,1.673700
2021-05-27,1.219800,0.860680,133.420000,1.096700,1.474600,1.575300,1.672000
2021-05-28,1.214200,0.857650,133.650000,1.096000,1.471100,1.579600,1.681100
2021-05-31,1.220100,0.860130,133.790000,1.098200,1.472700,1.577500,1.679900
2021-06-01,1.222500,0.862850,134.050000,1.098600,1.470800,1.579300,1.683700
2021-06-02,1.218600,0.861250,133.720000,1.098200,1.470500,1.575600,1.684300
2021-06-03,1.218700,0.859550,133.810000,1.096100,1.471000,1.579200,1.691500
2021-06-04,1.211700,0.856900,133.390000,1.095100,1.468000,1.580400,1.693600
2021-06-07,1.216200,0.858250,132.980000,1.093400,1.468100,1.567800,1.683200
2021-06-08,1.218200,0.861000,133.280000,1.091400,1.470600,1.571800,1.688500
2021-06-09,1.219500,0.860530,133.380000,1.091300,1.472900,1.573100,1.692500
2021-06-10,1.217400,0.862930,133.350000,1.090900,1.473900,1.573100,1.693200
2021-06-11,1.212500,0.857100,132.880000,1.088300,1.468700,1.568700,1.693100
2021-06-14,1.211200,0.858980,132.950000,1.088900,1.473700,1.569600,1.695900
2021-06-15,1.210800,0.861500,133.280000,1.089900,1.475800,1.574200,1.698700
2021-06-16,1.212400,0.858300,133.190000,1.089600,1.476400,1.571900,1.695000
2021-06-17,1.193700,0.855250,132.090000,1.092500,1.471800,1.576300,1.702500
2021-06-18,1.189800,0.857850,131.120000,1.094100,1.472100,1.583200,1.706900
2021-06-21,1.189100,0.856700,130.910000,1.095400,1.475800,1.582100,1.705700
2021-06-22,1.189400,0.855600,131.500000,1.094300,1.472600,1.581800,1.701100
2021-06-23,1.195100,0.854350,132.440000,1.096300,1.466700,1.576200,1.694500
2021-06-24,1.193600,0.858830,132.200000,1.096700,1.467800,1.575600,1.690300
2021-06-25,1.195000,0.859500,132.270000,1.095600,1.469600,1.572600,1.688100
2021-06-28,1.191000,0.857100,132.130000,1.096900,1.468700,1.575300,1.692600
2021-06-29,1.188800,0.859480,131.540000,1.096500,1.470600,1.581100,1.700000
2021-06-30,1.188400,0.858050,131.430000,1.098000,1.472200,1.585300,1.702600
2021-07-01,1.188400,0.860330,132.420000,1.098500,1.469800,1.583600,1.696500
2021-07-02,1.182300,0.860030,131.740000,1.094500,1.467700,1.583600,1.698800
2021-07-05,1.186600,0.856650,131.580000,1.093500,1.466900,1.576000,1.690100
2021-07-06,1.183800,0.854500,130.990000,1.093000,1.464000,1.563300,1.670300
2021-07-07,1.183100,0.855000,130.860000,1.091700,1.470800,1.571100,1.676000
2021-07-08,1.183800,0.861330,129.910000,1.085100,1.489300,1.595700,1.704800
2021-07-09,1.185800,0.857580,130.460000,1.085200,1.481700,1.586800,1.698200
2021-07-12,1.185200,0.855700,130.550000,1.085200,1.481300,1.588800,1.701900
2021-07-13,1.184400,0.855180,130.550000,1.085700,1.478200,1.584000,1.698100
2021-07-14,1.181200,0.851580,130.300000,1.084000,1.473200,1.581700,1.681900
2021-07-15,1.180900,0.851880,129.930000,1.082800,1.480800,1.587600,1.688800
2021-07-16,1.180200,0.852980,130.030000,1.085300,1.485600,1.590700,1.683600
2021-07-19,1.176600,0.859130,128.960000,1.084000,1.502800,1.604300,1.698600
2021-07-20,1.177500,0.865450,129.030000,1.083800,1.502300,1.608200,1.704900
2021-07-21,1.177200,0.863630,129.630000,1.084800,1.493200,1.608900,1.700400
2021-07-22,1.177500,0.855630,129.830000,1.082900,1.477900,1.595900,1.690600
2021-07-23,1.176700,0.855430,130.110000,1.083800,1.478800,1.594400,1.684600
2021-07-26,1.178700,0.854680,130.050000,1.082600,1.480400,1.601000,1.688900
2021-07-27,1.181000,0.855030,129.980000,1.080600,1.483900,1.602900,1.695600
2021-07-28,1.180700,0.850950,129.970000,1.080200,1.484000,1.608100,1.701300
2021-07-29,1.187300,0.850800,130.410000,1.078800,1.480800,1.606200,1.698600
2021-07-30,1.189100,0.851400,130.390000,1.077100,1.479100,1.613300,1.699000
2021-08-02,1.188600,0.855680,130.170000,1.076100,1.481600,1.614100,1.704100
2021-08-03,1.188500,0.853550,129.700000,1.073500,1.487400,1.608600,1.695300
2021-08-04,1.186100,0.851530,129.310000,1.072900,1.488000,1.600200,1.678400
2021-08-05,1.185000,0.850600,129.790000,1.073300,1.481700,1.599000,1.675900
2021-08-06,1.180700,0.848400,129.640000,1.072400,1.476300,1.596800,1.673700
2021-08-09,1.176100,0.847450,129.500000,1.078600,1.474700,1.600200,1.676300
2021-08-10,1.172200,0.845680,129.480000,1.081300,1.472900,1.596500,1.675800
2021-08-11,1.171800,0.846980,129.680000,1.081800,1.467700,1.595800,1.670400
2021-08-12,1.173900,0.847430,129.610000,1.082400,1.469400,1.596300,1.671600
2021-08-13,1.176500,0.850930,129.640000,1.082900,1.472400,1.600600,1.677600
2021-08-16,1.177200,0.848730,128.750000,1.075800,1.478200,1.605900,1.675400
2021-08-17,1.176700,0.853230,128.570000,1.071300,1.483800,1.613800,1.698300
2021-08-18,1.172300,0.851830,128.670000,1.072600,1.479300,1.617000,1.698000
2021-08-19,1.169600,0.855230,128.210000,1.072300,1.491900,1.631900,1.710100
2021-08-20,1.167100,0.857500,127.970000,1.071100,1.506900,1.637300,1.710800
2021-08-23,1.171800,0.856350,129.020000,1.074400,1.491100,1.631100,1.706300
2021-08-24,1.174000,0.855780,128.740000,1.071100,1.482200,1.620300,1.689300
2021-08-25,1.173600,0.855900,129.000000,1.073900,1.482700,1.619100,1.690000
2021-08-26,1.176700,0.857180,129.600000,1.078900,1.483800,1.620600,1.688200
2021-08-27,1.176100,0.857030,129.590000,1.079600,1.491400,1.622000,1.692700
2021-08-30,1.180100,0.857480,129.660000,1.079800,1.486700,1.616700,1.684400
2021-08-31,1.183400,0.858750,129.950000,1.079900,1.489600,1.615600,1.676000
2021-09-01,1.181700,0.858630,130.350000,1.084500,1.487900,1.608800,1.677600
2021-09-02,1.184600,0.859150,130.310000,1.084800,1.494400,1.603800,1.670200
2021-09-03,1.187200,0.858400,130.540000,1.086300,1.487900,1.596100,1.665400
2021-09-06,1.186400,0.857100,130.340000,1.086900,1.488300,1.595200,1.661200
2021-09-07,1.186000,0.861150,130.510000,1.085300,1.493600,1.604400,1.666700
2021-09-08,1.182700,0.858730,130.310000,1.088800,1.498200,1.602700,1.663300
2021-09-09,1.183800,0.855550,130.100000,1.086100,1.500200,1.603500,1.661700
2021-09-10,1.184100,0.852600,130.030000,1.085400,1.491900,1.598600,1.655400
2021-09-13,1.178000,0.851200,129.620000,1.087300,1.493100,1.601500,1.657500
2021-09-14,1.181400,0.852600,130.080000,1.088700,1.495100,1.611400,1.662500
2021-09-15,1.182400,0.855100,129.110000,1.084500,1.500400,1.615300,1.666600
2021-09-16,1.176300,0.850250,128.670000,1.088600,1.486300,1.607700,1.654800
2021-09-17,1.178000,0.853630,129.610000,1.093100,1.491300,1.611100,1.665800
2021-09-20,1.171100,0.857050,128.180000,1.088300,1.505600,1.620100,1.669400
2021-09-21,1.173800,0.858550,128.340000,1.084500,1.499500,1.620000,1.670700
2021-09-22,1.172900,0.860000,128.500000,1.082000,1.499700,1.617800,1.669600
2021-09-23,1.171500,0.854950,128.880000,1.083100,1.485000,1.611000,1.662200
2021-09-24,1.171900,0.857030,129.490000,1.083000,1.489500,1.616500,1.668700
2021-09-27,1.169800,0.854200,129.740000,1.085000,1.481200,1.612900,1.671100
2021-09-28,1.167800,0.859500,130.170000,1.084000,1.477600,1.611500,1.678100
2021-09-29,1.165400,0.864430,129.890000,1.082900,1.479300,1.611200,1.682600
2021-09-30,1.157900,0.860530,129.670000,1.083000,1.475000,1.609500,1.685800
2021-10-01,1.160000,0.856530,128.970000,1.079100,1.469800,1.598500,1.675100
2021-10-04,1.163600,0.855300,129.210000,1.076800,1.466800,1.595700,1.668700
2021-10-05,1.160200,0.851730,128.990000,1.075200,1.461200,1.593700,1.665000
2021-10-06,1.154200,0.849700,128.520000,1.071500,1.457500,1.591300,1.672800
2021-10-07,1.156200,0.850230,128.780000,1.071200,1.454500,1.583900,1.667600
2021-10-08,1.156900,0.848900,129.320000,1.073400,1.449900,1.583700,1.668600
2021-10-11,1.157400,0.848780,130.700000,1.072200,1.443100,1.575100,1.668000
2021-10-12,1.155500,0.847550,131.060000,1.072900,1.439500,1.566000,1.659100
2021-10-13,1.156200,0.848980,131.300000,1.072200,1.438600,1.572200,1.664700
2021-10-14,1.160200,0.846180,131.650000,1.068600,1.436100,1.564400,1.650600
2021-10-15,1.160200,0.843680,132.650000,1.072900,1.434200,1.564000,1.644500
2021-10-18,1.160400,0.844380,132.460000,1.071200,1.438400,1.570700,1.643600
2021-10-19,1.165500,0.842750,133.120000,1.071600,1.438900,1.560100,1.629400
2021-10-20,1.162300,0.845030,132.780000,1.073900,1.434900,1.552800,1.621900
2021-10-21,1.163700,0.842900,132.850000,1.069000,1.435900,1.552800,1.621400
2021-10-22,1.163000,0.843700,132.430000,1.066800,1.434100,1.551000,1.625700
2021-10-25,1.160300,0.843800,131.880000,1.066600,1.434700,1.550500,1.623500
2021-10-26,1.161800,0.841780,132.470000,1.068400,1.436100,1.546500,1.617200
2021-10-27,1.161700,0.845300,132.000000,1.067000,1.441400,1.545800,1.621100
2021-10-28,1.159300,0.843730,131.700000,1.065600,1.432500,1.541100,1.614600
2021-10-29,1.164500,0.844900,132.620000,1.061100,1.438300,1.545500,1.625500
2021-11-01,1.157800,0.845750,132.190000,1.056200,1.432500,1.540000,1.609700
2021-11-02,1.160300,0.849550,132.030000,1.059400,1.438900,1.554400,1.626000
2021-11-03,1.157800,0.848230,131.900000,1.056800,1.438600,1.557400,1.622000
2021-11-04,1.156900,0.853500,131.770000,1.055400,1.436500,1.560200,1.623500
2021-11-05,1.151900,0.855450,130.980000,1.055900,1.434100,1.559400,1.624200
2021-11-08,1.157900,0.854780,131.290000,1.059100,1.441100,1.562100,1.615100
2021-11-09,1.157700,0.853800,130.900000,1.059200,1.439700,1.564200,1.619200
2021-11-10,1.155800,0.855480,130.900000,1.055500,1.437100,1.569700,1.628500
2021-11-11,1.146000,0.855380,130.590000,1.056100,1.441900,1.569900,1.631800
2021-11-12,1.144800,0.855050,130.500000,1.056800,1.441600,1.569000,1.629300
2021-11-15,1.144400,0.851650,130.320000,1.053300,1.433400,1.553700,1.617400
2021-11-16,1.136800,0.845330,129.890000,1.052800,1.424800,1.549000,1.618600
2021-11-17,1.131600,0.840900,129.780000,1.053000,1.420600,1.552100,1.616200
2021-11-18,1.134500,0.841730,129.580000,1.051100,1.429500,1.558000,1.610600
2021-11-19,1.127100,0.839280,128.220000,1.046200,1.425400,1.558100,1.609800
2021-11-22,1.127800,0.839230,128.690000,1.045400,1.425700,1.553200,1.609500
2021-11-23,1.125900,0.841850,129.360000,1.049200,1.432400,1.558100,1.624100
2021-11-24,1.120600,0.839350,129.060000,1.048400,1.422700,1.554900,1.625700
2021-11-25,1.122300,0.842950,129.410000,1.048000,1.422300,1.562700,1.639400
2021-11-26,1.129100,0.846200,128.820000,1.044600,1.439700,1.579500,1.653800
2021-11-29,1.127600,0.845830,128.210000,1.044000,1.436200,1.578200,1.655200
2021-11-30,1.136300,0.851730,128.200000,1.043000,1.451800,1.589800,1.664400
2021-12-01,1.131400,0.850000,128.270000,1.042700,1.443300,1.584900,1.654800
2021-12-02,1.133900,0.851350,127.940000,1.041400,1.452600,1.597500,1.666200
2021-12-03,1.129100,0.850480,127.970000,1.038700,1.447100,1.599900,1.663400
2021-12-06,1.128700,0.851280,127.780000,1.041600,1.443700,1.603400,1.670300
2021-12-07,1.125600,0.849330,127.830000,1.041400,1.425800,1.583600,1.660700
2021-12-08,1.129900,0.856030,128.570000,1.043200,1.428100,1.584100,1.665900
2021-12-09,1.131100,0.857400,128.210000,1.044600,1.436300,1.584000,1.667200
2021-12-10,1.127300,0.853550,128.200000,1.042400,1.434000,1.576500,1.663500
2021-12-13,1.127800,0.851580,128.190000,1.041800,1.438800,1.579500,1.665100
2021-12-14,1.130900,0.853450,128.450000,1.040400,1.449000,1.586600,1.672300
2021-12-15,1.126200,0.849800,128.250000,1.041600,1.449600,1.576300,1.668900
2021-12-16,1.133600,0.848350,129.370000,1.045700,1.448400,1.571400,1.661000
2021-12-17,1.133000,0.852080,128.280000,1.040900,1.452700,1.581500,1.673800
2021-12-20,1.127300,0.852050,127.980000,1.040800,1.456900,1.585500,1.677800
2021-12-21,1.129500,0.852800,128.440000,1.041700,1.459900,1.584000,1.672600
2021-12-22,1.130100,0.849000,129.080000,1.043200,1.458900,1.575800,1.667400
2021-12-23,1.131000,0.842280,129.390000,1.041300,1.451000,1.563900,1.660900
2021-12-24,1.131700,0.843890,129.450000,1.040200,1.450200,1.564500,1.658900
2021-12-27,1.131200,0.843300,129.790000,1.039600,1.452900,1.568500,1.666000
2021-12-28,1.133100,0.842480,130.160000,1.038100,1.448700,1.560300,1.660200
2021-12-29,1.130300,0.841150,129.970000,1.038000,1.448600,1.563800,1.662500
2021-12-30,1.133400,0.839300,130.440000,1.036300,1.448100,1.559400,1.654500
2021-12-31,1.132600,0.840280,130.380000,1.033100,1.439300,1.561500,1.657900
2022-01-03,1.135500,0.841350,130.560000,1.037200,1.442000,1.569100,1.665100
2022-01-04,1.127900,0.836180,131.170000,1.035500,1.438200,1.568200,1.666800
2022-01-05,1.131900,0.835460,131.030000,1.036400,1.439900,1.560000,1.659700
2022-01-06,1.131500,0.835930,131.050000,1.039500,1.445100,1.577800,1.675200
2022-01-07,1.129800,0.834300,130.900000,1.042200,1.437400,1.580400,1.674800
2022-01-10,1.131800,0.833980,130.450000,1.044600,1.432700,1.577400,1.675300
2022-01-11,1.133600,0.834750,130.950000,1.050200,1.432900,1.580400,1.677200
2022-01-12,1.137000,0.833380,131.190000,1.048600,1.426100,1.576200,1.677500
2022-01-13,1.146300,0.835450,130.980000,1.045300,1.430400,1.570900,1.667600
2022-01-14,1.144700,0.835080,130.170000,1.042900,1.433000,1.580300,1.674500
2022-01-17,1.140300,0.835730,130.640000,1.042900,1.428700,1.581100,1.676500
2022-01-18,1.136700,0.836730,130.390000,1.041400,1.422800,1.583300,1.679800
2022-01-19,1.134500,0.831680,129.860000,1.038300,1.414400,1.570900,1.668400
2022-01-20,1.133800,0.832650,129.530000,1.038200,1.415800,1.566200,1.673100
2022-01-21,1.134800,0.836330,129.140000,1.035300,1.421100,1.577400,1.688400
2022-01-24,1.130400,0.838030,128.620000,1.030800,1.426900,1.586600,1.690100
2022-01-25,1.126800,0.837130,128.490000,1.036400,1.424700,1.581400,1.691100
2022-01-26,1.127700,0.834580,128.860000,1.038600,1.417300,1.572700,1.686500
2022-01-27,1.116000,0.833680,128.740000,1.039100,1.416100,1.577100,1.687200
2022-01-28,1.113800,0.831780,128.680000,1.037800,1.423900,1.597100,1.703100
2022-01-31,1.115600,0.831530,128.790000,1.040400,1.423300,1.582000,1.698300
2022-02-01,1.126000,0.834980,129.120000,1.037400,1.429900,1.586800,1.703200
2022-02-02,1.132300,0.833950,129.370000,1.039900,1.433000,1.582800,1.701000
2022-02-03,1.128600,0.832080,129.630000,1.040700,1.433400,1.584900,1.700100
2022-02-04,1.146400,0.845930,131.720000,1.056700,1.458300,1.616500,1.728700
2022-02-07,1.144700,0.846850,131.590000,1.057100,1.454600,1.609700,1.727800
2022-02-08,1.140800,0.843630,131.680000,1.054500,1.450500,1.602500,1.719600
2022-02-09,1.143500,0.842550,132.040000,1.055500,1.451400,1.593300,1.710700
2022-02-10,1.143900,0.842480,132.420000,1.057100,1.449800,1.589400,1.707600
2022-02-11,1.141700,0.839580,132.240000,1.055700,1.449800,1.592700,1.708500
2022-02-14,1.131600,0.837200,130.600000,1.047200,1.443100,1.590200,1.711200
2022-02-15,1.134500,0.837650,131.180000,1.048300,1.443300,1.588800,1.714300
2022-02-16,1.137200,0.839400,131.560000,1.051600,1.441600,1.585900,1.710800
2022-02-17,1.137000,0.834930,130.840000,1.046600,1.443900,1.578600,1.695000
2022-02-18,1.135400,0.834250,130.590000,1.045200,1.442400,1.575400,1.689600
2022-02-21,1.133800,0.832980,130.200000,1.038700,1.445400,1.575100,1.687000
2022-02-22,1.134200,0.836850,130.540000,1.042200,1.444100,1.573900,1.684800
2022-02-23,1.134400,0.834630,130.580000,1.043100,1.439400,1.559200,1.667900
2022-02-24,1.116300,0.834630,128.280000,1.032000,1.431600,1.559300,1.669200
2022-02-25,1.121600,0.837400,129.640000,1.039800,1.432500,1.554100,1.665100
2022-02-28,1.119900,0.835500,129.310000,1.033600,1.426400,1.550800,1.662800
2022-03-01,1.116200,0.832900,128.150000,1.024700,1.415800,1.536500,1.648400
2022-03-02,1.110600,0.833160,128.080000,1.021600,1.408800,1.527200,1.640400
2022-03-03,1.107600,0.827730,128.180000,1.019200,1.399200,1.513900,1.632900
2022-03-04,1.092900,0.823880,126.170000,1.005600,1.393700,1.487200,1.600500
2022-03-07,1.089500,0.826250,125.550000,1.006900,1.386400,1.475100,1.586100
2022-03-08,1.089200,0.831850,126.030000,1.011100,1.397800,1.497100,1.595800
2022-03-09,1.099300,0.835700,127.310000,1.019800,1.410800,1.499100,1.605500
2022-03-10,1.108400,0.841750,128.540000,1.027000,1.418900,1.510900,1.618500
2022-03-11,1.099000,0.839700,128.460000,1.023000,1.402400,1.501700,1.605300
2022-03-14,1.096000,0.839150,129.300000,1.024900,1.397800,1.513700,1.613000
2022-03-15,1.099100,0.840530,129.670000,1.032200,1.409900,1.523400,1.621600
2022-03-16,1.099400,0.839880,130.050000,1.033600,1.396700,1.516500,1.616800
2022-03-17,1.105100,0.843150,131.270000,1.038500,1.399800,1.505500,1.613000
2022-03-18,1.100800,0.839250,131.400000,1.031400,1.391100,1.494500,1.602600
2022-03-21,1.103800,0.837750,131.570000,1.027800,1.389800,1.489700,1.599700
2022-03-22,1.102400,0.832280,132.960000,1.027500,1.386700,1.480200,1.586000
2022-03-23,1.098500,0.832800,132.650000,1.026900,1.384000,1.472800,1.582200
2022-03-24,1.097800,0.832880,133.710000,1.022500,1.380600,1.466800,1.581200
2022-03-25,1.100200,0.833800,134.070000,1.020700,1.378100,1.462400,1.578700
2022-03-28,1.096600,0.836430,135.930000,1.025700,1.370200,1.459000,1.583800
2022-03-29,1.108500,0.844400,136.660000,1.036200,1.387000,1.479500,1.605400
2022-03-30,1.112600,0.845630,135.470000,1.030900,1.389100,1.480900,1.594700
2022-03-31,1.110100,0.845950,135.170000,1.026700,1.389600,1.482900,1.601400
2022-04-01,1.105200,0.841450,135.350000,1.021700,1.380500,1.469600,1.591100
2022-04-04,1.100500,0.838900,135.080000,1.020300,1.374900,1.465100,1.586000
2022-04-05,1.096900,0.834900,134.760000,1.014100,1.364700,1.437400,1.565700
2022-04-06,1.092300,0.834730,135.300000,1.018700,1.364700,1.443100,1.571800
2022-04-07,1.091600,0.834500,135.320000,1.018500,1.370400,1.457800,1.581600
2022-04-08,1.086100,0.833550,134.870000,1.015500,1.367500,1.455200,1.584900
2022-04-11,1.090000,0.836930,137.010000,1.018000,1.373800,1.465400,1.593800
2022-04-12,1.086100,0.834550,136.290000,1.013100,1.372400,1.459900,1.587400
2022-04-13,1.082600,0.832800,136.260000,1.011600,1.370000,1.460300,1.599100
2022-04-14,1.087800,0.829080,136.320000,1.018900,1.366300,1.461200,1.595700
2022-04-19,1.080300,0.829550,138.400000,1.020800,1.363100,1.466300,1.601600
2022-04-20,1.083000,0.829650,138.530000,1.025400,1.357900,1.458100,1.595000
2022-04-21,1.088700,0.835230,139.610000,1.033500,1.360000,1.465300,1.605300
2022-04-22,1.081700,0.839250,138.830000,1.033600,1.371400,1.481600,1.619300
2022-04-25,1.074600,0.843300,137.730000,1.026700,1.370900,1.497200,1.624000
2022-04-26,1.067400,0.841350,136.150000,1.022900,1.361300,1.482800,1.610200
2022-04-27,1.058300,0.842150,135.570000,1.022900,1.357200,1.482800,1.611800
2022-04-28,1.048500,0.843500,137.130000,1.021600,1.349800,1.481400,1.622100
2022-04-29,1.054000,0.839080,137.010000,1.022900,1.342600,1.469900,1.611900
2022-05-02,1.052400,0.838100,136.630000,1.025300,1.356000,1.491300,1.636200
2022-05-03,1.055600,0.841300,137.060000,1.027200,1.357000,1.482500,1.636600
2022-05-04,1.053100,0.841940,136.840000,1.032400,1.349800,1.478000,1.633300
2022-05-05,1.056800,0.851900,137.180000,1.035500,1.348300,1.466900,1.627300
2022-05-06,1.057000,0.856250,137.900000,1.041900,1.356000,1.488800,1.644000
2022-05-09,1.055900,0.852350,138.100000,1.046200,1.365600,1.504800,1.658400
2022-05-10,1.055400,0.855950,137.380000,1.047900,1.370700,1.516200,1.670700
2022-05-11,1.055300,0.853930,137.070000,1.044600,1.368500,1.505500,1.664500
2022-05-12,1.040800,0.852930,133.850000,1.037700,1.356900,1.516300,1.669200
2022-05-13,1.038500,0.851150,133.910000,1.038500,1.350500,1.506700,1.663300
2022-05-16,1.042200,0.850450,135.010000,1.047900,1.347300,1.505700,1.660100
2022-05-17,1.054100,0.844000,136.320000,1.045700,1.351700,1.499300,1.656100
2022-05-18,1.052300,0.846700,135.760000,1.048600,1.348800,1.498000,1.654800
2022-05-19,1.052500,0.847280,134.460000,1.026500,1.349000,1.503600,1.655100
2022-05-20,1.057700,0.848200,135.340000,1.028000,1.352600,1.498000,1.651800
2022-05-23,1.065900,0.847830,136.050000,1.031000,1.362600,1.498200,1.646300
2022-05-24,1.072000,0.857500,136.490000,1.033400,1.371400,1.515200,1.665600
2022-05-25,1.065600,0.852950,135.340000,1.026900,1.372000,1.512600,1.653900
2022-05-26,1.069700,0.850730,135.950000,1.028300,1.371500,1.511000,1.654100
2022-05-27,1.072200,0.848750,136.050000,1.025800,1.366100,1.499500,1.642600
2022-05-30,1.076400,0.851500,137.250000,1.032700,1.364700,1.498200,1.643900
2022-05-31,1.071300,0.851380,137.360000,1.028100,1.357300,1.493300,1.645900
2022-06-01,1.071200,0.851580,138.680000,1.030500,1.353600,1.486100,1.644200
2022-06-02,1.069200,0.851950,138.720000,1.026400,1.352000,1.482900,1.641300
2022-06-03,1.073000,0.854200,139.590000,1.029600,1.348400,1.480500,1.640900
2022-06-06,1.072600,0.854150,140.160000,1.032000,1.346300,1.484200,1.642800
2022-06-07,1.066200,0.853650,141.660000,1.042300,1.343700,1.488400,1.658200
2022-06-08,1.073900,0.855750,143.920000,1.048600,1.346700,1.491700,1.664400
2022-06-09,1.074300,0.856530,143.930000,1.049500,1.350600,1.498500,1.667300
2022-06-10,1.057800,0.850480,141.690000,1.040400,1.348400,1.484500,1.648200
2022-06-13,1.045500,0.858500,140.510000,1.037500,1.343500,1.499800,1.663500
2022-06-14,1.045200,0.865780,140.620000,1.039400,1.352200,1.517400,1.675500
2022-06-15,1.043100,0.863280,140.490000,1.043500,1.349800,1.505100,1.670600
2022-06-16,1.040000,0.855500,138.240000,1.014200,1.344600,1.493900,1.660800
2022-06-17,1.048600,0.855000,141.210000,1.010500,1.363100,1.503900,1.660100
2022-06-20,1.051700,0.857480,141.940000,1.016200,1.366200,1.506100,1.654900
2022-06-21,1.055000,0.860100,143.750000,1.021400,1.366000,1.517700,1.667500
2022-06-22,1.052100,0.858850,143.110000,1.015300,1.366000,1.525400,1.683500
2022-06-23,1.049300,0.858180,142.110000,1.013000,1.360000,1.521200,1.671300
2022-06-24,1.052400,0.857730,142.190000,1.007200,1.365700,1.524800,1.673100
2022-06-27,1.057200,0.862000,143.250000,1.014300,1.363900,1.527800,1.680100
2022-06-28,1.056100,0.863500,143.670000,1.010100,1.356500,1.521000,1.682200
2022-06-29,1.051700,0.864610,143.530000,1.000500,1.351300,1.525600,1.687100
2022-06-30,1.038700,0.858200,141.540000,0.996000,1.342500,1.509900,1.670500
2022-07-01,1.042500,0.866480,141.050000,1.002700,1.349200,1.538200,1.692900
2022-07-04,1.045500,0.859600,141.510000,1.003700,1.343500,1.520500,1.674800
2022-07-05,1.029000,0.858450,139.770000,0.993200,1.336400,1.518000,1.677200
2022-07-06,1.017700,0.856760,137.710000,0.989600,1.327400,1.496100,1.650500
2022-07-07,1.018000,0.851050,138.110000,0.990600,1.322700,1.488300,1.646100
2022-07-08,1.016300,0.845850,138.050000,0.991300,1.320100,1.487100,1.646400
2022-07-11,1.009800,0.845400,138.770000,0.990800,1.314000,1.491000,1.646600
2022-07-12,1.004200,0.848230,137.310000,0.988300,1.309400,1.490000,1.639500
2022-07-13,1.006700,0.843710,138.020000,0.982900,1.307300,1.480200,1.635000
2022-07-14,1.000500,0.845600,139.040000,0.984100,1.316200,1.489300,1.643700
2022-07-15,1.005900,0.849880,139.490000,0.984900,1.314700,1.488600,1.637700
2022-07-18,1.013100,0.847080,140.160000,0.991100,1.315100,1.483900,1.643200
2022-07-19,1.024500,0.853030,141.010000,0.991800,1.326400,1.486900,1.645600
2022-07-20,1.019900,0.851780,140.920000,0.989600,1.313200,1.476700,1.630800
2022-07-21,1.019900,0.855450,141.460000,0.992400,1.317800,1.484800,1.647900
2022-07-22,1.019000,0.851410,139.510000,0.983200,1.310500,1.467700,1.626500
2022-07-25,1.023600,0.848130,139.840000,0.986900,1.316800,1.470700,1.632500
2022-07-26,1.012400,0.845580,138.350000,0.976500,1.303500,1.460500,1.623500
2022-07-27,1.015200,0.841380,138.890000,0.976800,1.304900,1.462000,1.630600
2022-07-28,1.012200,0.835860,137.260000,0.974500,1.298600,1.453500,1.617200
2022-07-29,1.019800,0.839900,136.420000,0.974400,1.310000,1.464600,1.628300
2022-08-01,1.023300,0.837000,135.380000,0.971700,1.307600,1.453500,1.616000
2022-08-02,1.022400,0.836650,133.900000,0.974400,1.315000,1.474500,1.625400
2022-08-03,1.019400,0.836290,136.180000,0.977300,1.308500,1.468100,1.626600
2022-08-04,1.018100,0.842310,135.810000,0.976500,1.307000,1.460700,1.617200
2022-08-05,1.023300,0.842680,136.220000,0.977600,1.318500,1.471300,1.624800
2022-08-08,1.019900,0.841650,137.620000,0.976300,1.313400,1.460700,1.620200
2022-08-09,1.023400,0.845200,138.260000,0.976300,1.316300,1.468700,1.630400
2022-08-10,1.025200,0.846080,138.160000,0.971300,1.320700,1.468200,1.621100
2022-08-11,1.033800,0.845750,136.570000,0.971200,1.320200,1.453200,1.604500
2022-08-12,1.028500,0.847150,137.470000,0.968900,1.314800,1.449600,1.598500
2022-08-15,1.019500,0.843750,135.610000,0.963100,1.316700,1.450800,1.600200
2022-08-16,1.013100,0.842180,136.110000,0.962500,1.307600,1.446300,1.601200
2022-08-17,1.016400,0.842080,137.360000,0.968600,1.311700,1.465500,1.616500
2022-08-18,1.017800,0.843910,137.170000,0.968300,1.311800,1.461700,1.614500
2022-08-19,1.005400,0.849380,137.670000,0.961600,1.306200,1.458400,1.620300
2022-08-22,1.000100,0.846580,137.080000,0.958000,1.298900,1.447800,1.612500
2022-08-23,0.992700,0.843430,136.340000,0.960200,1.292800,1.443700,1.607100
2022-08-24,0.993400,0.842830,135.740000,0.957600,1.290800,1.438900,1.606500
2022-08-25,0.997000,0.842930,136.070000,0.961600,1.288100,1.430600,1.600600
2022-08-26,1.000700,0.845900,137.020000,0.964200,1.294400,1.433300,1.611200
2022-08-29,0.998600,0.854200,138.490000,0.967000,1.302600,1.452900,1.630500
2022-08-30,1.003400,0.856450,138.710000,0.974100,1.304700,1.447200,1.624500
2022-08-31,1.000000,0.860350,138.720000,0.979600,1.311100,1.459100,1.632200
2022-09-01,1.000400,0.864730,139.340000,0.980200,1.316900,1.465100,1.638900
2022-09-02,0.999300,0.864780,140.360000,0.983900,1.313100,1.467100,1.639400
2022-09-05,0.992000,0.863580,139.470000,0.974700,1.304300,1.461600,1.628900
2022-09-06,0.992800,0.857430,140.910000,0.974500,1.302900,1.465100,1.631300
2022-09-07,0.988500,0.865100,143.200000,0.975000,1.303700,1.474800,1.645900
2022-09-08,1.000900,0.866560,143.650000,0.973900,1.313400,1.482400,1.649100
2022-09-09,1.004900,0.868600,143.300000,0.965700,1.307000,1.470400,1.646300
2022-09-12,1.015500,0.867780,144.490000,0.966700,1.319400,1.474900,1.649900
2022-09-13,1.017500,0.867930,144.500000,0.966900,1.320000,1.473600,1.655500
2022-09-14,0.999000,0.864980,143.080000,0.961200,1.317700,1.487300,1.667500
2022-09-15,0.999200,0.869340,143.430000,0.957200,1.317200,1.485300,1.668900
2022-09-16,0.995400,0.874000,142.530000,0.957900,1.322600,1.489400,1.671700
2022-09-19,0.999000,0.877850,143.420000,0.965800,1.329400,1.495000,1.680700
2022-09-20,0.998600,0.873950,143.340000,0.964400,1.326800,1.489300,1.690800
2022-09-21,0.990600,0.873350,142.660000,0.954900,1.326200,1.485100,1.684400
2022-09-22,0.988400,0.872560,139.180000,0.968400,1.327800,1.484000,1.683200
2022-09-23,0.975400,0.882010,139.430000,0.956500,1.317700,1.482800,1.684600
2022-09-26,0.964600,0.894040,139.070000,0.955500,1.319500,1.485800,1.688600
2022-09-27,0.964400,0.892750,139.280000,0.950300,1.319600,1.485900,1.692100
2022-09-28,0.956500,0.902680,138.390000,0.943700,1.315700,1.492400,1.699800
2022-09-29,0.970600,0.894850,140.460000,0.953800,1.329400,1.498200,1.704000
2022-09-30,0.974800,0.883000,141.010000,0.956100,1.340100,1.507600,1.717700
2022-10-03,0.976400,0.870700,141.490000,0.965800,1.341200,1.512800,1.726300
2022-10-04,0.989100,0.872730,143.300000,0.976700,1.350300,1.531800,1.736800
2022-10-05,0.991500,0.873400,143.180000,0.975600,1.349300,1.538000,1.741900
2022-10-06,0.986000,0.875830,142.680000,0.970900,1.347500,1.526300,1.728000
2022-10-07,0.979700,0.873830,141.920000,0.970000,1.343700,1.526600,1.732800
2022-10-10,0.969700,0.877300,141.160000,0.968000,1.331200,1.536000,1.736900
2022-10-11,0.972300,0.877030,141.540000,0.967500,1.340200,1.545000,1.732300
2022-10-12,0.970600,0.878400,142.340000,0.966400,1.339500,1.552500,1.737200
2022-10-13,0.973900,0.865130,142.940000,0.972500,1.344300,1.549500,1.731400
2022-10-14,0.971700,0.868230,143.630000,0.975700,1.342600,1.549300,1.730200
2022-10-17,0.973900,0.862500,145.000000,0.976200,1.345200,1.559900,1.740400
2022-10-18,0.983500,0.869280,146.650000,0.979200,1.349500,1.555700,1.725100
2022-10-19,0.977800,0.869930,146.340000,0.981000,1.347900,1.556800,1.726400
2022-10-20,0.981100,0.872580,146.990000,0.983600,1.346100,1.555400,1.720600
2022-10-21,0.973000,0.877280,147.590000,0.985500,1.346500,1.564600,1.734700
2022-10-24,0.985100,0.870700,146.760000,0.985600,1.350200,1.563100,1.734300
2022-10-25,0.986100,0.871430,146.840000,0.988800,1.353700,1.559900,1.732100
2022-10-26,1.002300,0.866030,147.320000,0.991700,1.356800,1.546600,1.724900
2022-10-27,1.003700,0.867450,147.370000,0.994900,1.367200,1.561000,1.731600
2022-10-28,0.995100,0.861200,146.790000,0.992000,1.354200,1.551100,1.715100
2022-10-31,0.991400,0.861150,147.400000,0.992500,1.355300,1.552900,1.709900
2022-11-01,0.994700,0.860580,146.350000,0.987800,1.346900,1.540900,1.687600
2022-11-02,0.990800,0.861000,145.750000,0.986100,1.347000,1.542600,1.684400
2022-11-03,0.975300,0.872280,144.580000,0.988900,1.345200,1.551700,1.695700
2022-11-04,0.987200,0.874780,145.190000,0.986300,1.335100,1.531100,1.676900
2022-11-07,0.999300,0.871350,146.180000,0.987400,1.346400,1.542800,1.683400
2022-11-08,0.999600,0.873780,146.250000,0.991100,1.348900,1.543500,1.686000
2022-11-09,1.003900,0.877740,146.820000,0.988000,1.350100,1.553800,1.703300
2022-11-10,0.995400,0.872980,145.470000,0.983400,1.346700,1.552500,1.698400
2022-11-11,1.030800,0.875380,143.890000,0.984400,1.369800,1.545900,1.702000
2022-11-14,1.031900,0.875130,144.860000,0.975100,1.370600,1.542700,1.695700
2022-11-15,1.040400,0.874550,144.840000,0.979000,1.381600,1.541500,1.689700
2022-11-16,1.041200,0.874830,145.290000,0.979500,1.380100,1.540000,1.689700
2022-11-17,1.031900,0.874750,144.800000,0.981800,1.382000,1.552600,1.698600
2022-11-18,1.036600,0.870630,145.120000,0.988100,1.384100,1.543300,1.675700
2022-11-21,1.024600,0.867930,145.330000,0.981700,1.377000,1.547100,1.676600
2022-11-22,1.027400,0.863580,145.200000,0.979100,1.376500,1.547300,1.670700
2022-11-23,1.032500,0.863690,145.750000,0.979500,1.385600,1.552200,1.671800
2022-11-24,1.041300,0.859330,143.900000,0.981800,1.389400,1.541400,1.659800
2022-11-25,1.037500,0.858850,144.620000,0.983600,1.386400,1.540400,1.665100
2022-11-28,1.046300,0.866060,144.900000,0.987200,1.406200,1.563200,1.682700
2022-11-29,1.036600,0.862180,143.360000,0.986200,1.400500,1.541400,1.663900
2022-11-30,1.037600,0.864880,144.280000,0.985400,1.402100,1.542500,1.663400
2022-12-01,1.045400,0.857150,142.480000,0.986800,1.405900,1.537700,1.644600
2022-12-02,1.053800,0.858550,141.320000,0.983400,1.416000,1.545700,1.645300
2022-12-05,1.058700,0.860850,143.070000,0.989300,1.419800,1.554200,1.649800
2022-12-06,1.051600,0.861700,143.330000,0.987200,1.432600,1.562500,1.658300
2022-12-07,1.052900,0.864080,144.440000,0.989300,1.438700,1.572800,1.657300
2022-12-08,1.051900,0.862580,143.750000,0.988900,1.430700,1.559000,1.654700
2022-12-09,1.055900,0.859500,143.300000,0.985600,1.438000,1.555300,1.648200
2022-12-12,1.056200,0.860060,144.860000,0.985500,1.442800,1.562500,1.652300
2022-12-13,1.054500,0.857530,144.850000,0.986900,1.434100,1.555300,1.646400
2022-12-14,1.064900,0.861180,143.680000,0.986500,1.444100,1.551000,1.650800
2022-12-15,1.062100,0.861940,145.070000,0.986200,1.444300,1.569500,1.662800
2022-12-16,1.061900,0.872330,145.530000,0.987900,1.450600,1.586600,1.668700
2022-12-19,1.059800,0.871180,144.650000,0.988400,1.447200,1.579400,1.663200
2022-12-20,1.059900,0.875300,140.580000,0.985400,1.445100,1.597200,1.681600
2022-12-21,1.063600,0.876510,140.290000,0.983600,1.447500,1.585900,1.685000
2022-12-22,1.063300,0.882430,140.420000,0.985200,1.448400,1.580400,1.691800
2022-12-23,1.062200,0.880300,140.860000,0.986700,1.443300,1.585700,1.688700
2022-12-27,1.062400,0.883330,141.680000,0.988500,1.438400,1.577000,1.691600
2022-12-28,1.064000,0.880580,142.210000,0.986300,1.436100,1.566000,1.677200
2022-12-29,1.064900,0.885490,142.240000,0.984000,1.447500,1.585900,1.688700
2022-12-30,1.066600,0.886930,140.660000,0.984700,1.444000,1.569300,1.679800
2023-01-02,1.068300,0.886300,139.620000,0.987300,1.450600,1.569900,1.688600
2023-01-03,1.054500,0.880480,137.930000,0.987900,1.441400,1.570800,1.693200
2023-01-04,1.059900,0.880760,138.740000,0.984300,1.436300,1.545200,1.677500
2023-01-05,1.060100,0.883030,140.950000,0.983900,1.431600,1.551500,1.683200
2023-01-06,1.050000,0.884750,141.300000,0.986400,1.433100,1.559000,1.688900
2023-01-09,1.069600,0.880480,141.350000,0.986500,1.429900,1.544600,1.674100
2023-01-10,1.072300,0.883300,141.920000,0.990800,1.438200,1.561600,1.687900
2023-01-11,1.074700,0.886730,142.610000,0.996700,1.442900,1.558800,1.691200
2023-01-12,1.077200,0.886900,140.610000,1.005600,1.443900,1.557000,1.693700
2023-01-13,1.081400,0.888000,139.020000,1.005100,1.449400,1.558600,1.701400
2023-01-16,1.081200,0.887580,138.920000,1.002600,1.448600,1.553700,1.694500
2023-01-17,1.084300,0.885950,139.500000,0.999800,1.454700,1.561100,1.695700
2023-01-18,1.083900,0.875300,139.790000,0.990600,1.450500,1.541300,1.668300
2023-01-19,1.081500,0.876480,139.020000,0.992100,1.460300,1.572600,1.697800
2023-01-20,1.082600,0.876000,140.860000,0.996200,1.458300,1.561900,1.685200
2023-01-23,1.087100,0.879700,141.650000,1.001300,1.452300,1.552900,1.677800
2023-01-24,1.085800,0.883680,141.470000,1.005300,1.451700,1.547000,1.674300
2023-01-25,1.087800,0.882480,141.170000,1.002000,1.454400,1.536000,1.679200
2023-01-26,1.089500,0.879450,141.380000,1.000200,1.456800,1.530800,1.679900
2023-01-27,1.086500,0.878850,141.100000,1.001700,1.447900,1.528900,1.675900
2023-01-30,1.090300,0.879780,141.790000,1.004500,1.453200,1.539000,1.677800
2023-01-31,1.083300,0.880730,141.270000,1.003200,1.457000,1.547600,1.685800
2023-02-01,1.089400,0.884130,141.370000,0.998000,1.450600,1.539200,1.690300
2023-02-02,1.098800,0.892890,141.120000,0.999200,1.460200,1.540700,1.685500
2023-02-03,1.093700,0.892500,140.450000,0.998900,1.461600,1.549900,1.688600
2023-02-06,1.077600,0.892780,142.410000,0.996400,1.445900,1.559600,1.707500
2023-02-07,1.070000,0.893380,141.300000,0.990600,1.437100,1.547000,1.699400
2023-02-08,1.073500,0.888000,140.810000,0.988100,1.438900,1.541600,1.697100
2023-02-09,1.077100,0.885150,140.800000,0.989000,1.442300,1.540900,1.690600
2023-02-10,1.069000,0.883480,139.880000,0.987200,1.436400,1.543200,1.690400
2023-02-13,1.068600,0.882810,141.650000,0.984900,1.426300,1.538800,1.684600
2023-02-14,1.075900,0.881250,142.140000,0.987000,1.433200,1.541100,1.696200
2023-02-15,1.070000,0.888250,143.050000,0.988500,1.435600,1.552900,1.706300
2023-02-16,1.070000,0.888830,143.310000,0.987300,1.433400,1.550000,1.703300
2023-02-17,1.062500,0.888880,143.180000,0.989600,1.436600,1.556000,1.712300
2023-02-20,1.067400,0.887380,143.090000,0.986100,1.436700,1.545600,1.708700
2023-02-21,1.066400,0.879250,143.760000,0.985300,1.435100,1.551700,1.709200
2023-02-22,1.064400,0.879450,143.240000,0.987000,1.440800,1.557600,1.706600
2023-02-23,1.061600,0.881400,143.320000,0.989200,1.436600,1.555100,1.703900
2023-02-24,1.057000,0.882450,143.550000,0.989800,1.437400,1.566800,1.710900
2023-02-27,1.055400,0.880730,143.880000,0.992900,1.433400,1.573900,1.718500
2023-02-28,1.061900,0.877010,145.230000,0.994700,1.441100,1.576000,1.721600
2023-03-01,1.068400,0.885740,144.820000,0.999700,1.453100,1.577600,1.704800
2023-03-02,1.060500,0.887850,145.070000,0.998800,1.444800,1.577300,1.705700
2023-03-03,1.061500,0.885300,144.550000,0.995800,1.443700,1.572800,1.706900
2023-03-06,1.064600,0.886300,144.640000,0.994700,1.449300,1.580700,1.718800
2023-03-07,1.066500,0.889680,145.210000,0.995900,1.455200,1.600200,1.722900
2023-03-08,1.054500,0.890740,144.700000,0.993100,1.449900,1.597800,1.724200
2023-03-09,1.055400,0.888140,143.820000,0.991100,1.457400,1.596500,1.723200
2023-03-10,1.058600,0.882580,144.700000,0.982400,1.464300,1.606400,1.729200
2023-03-13,1.070600,0.883700,141.960000,0.975000,1.474500,1.606600,1.722500
2023-03-14,1.073700,0.880540,144.090000,0.978400,1.468900,1.605200,1.719800
2023-03-15,1.054900,0.872430,139.510000,0.972700,1.450400,1.588800,1.700600
2023-03-16,1.059500,0.878200,140.180000,0.982000,1.456500,1.593200,1.715000
2023-03-17,1.062300,0.874880,140.570000,0.985800,1.458400,1.587400,1.701400
2023-03-20,1.071700,0.875600,140.770000,0.992800,1.466900,1.597800,1.710600
2023-03-21,1.077600,0.880330,142.630000,0.997000,1.472600,1.613600,1.741200
2023-03-22,1.078500,0.879250,143.130000,0.996000,1.478200,1.613200,1.736200
2023-03-23,1.087900,0.885230,142.870000,0.996900,1.487500,1.624200,1.737300
2023-03-24,1.074500,0.879400,139.850000,0.987400,1.481600,1.618900,1.732900
2023-03-27,1.077300,0.878180,141.640000,0.987500,1.476900,1.620400,1.739700
2023-03-28,1.084100,0.879380,141.690000,0.994700,1.480300,1.621900,1.738200
2023-03-29,1.084700,0.879880,143.580000,0.997300,1.473900,1.625200,1.740500
2023-03-30,1.088600,0.881640,144.420000,0.996300,1.474000,1.626300,1.746200
2023-03-31,1.087500,0.879200,144.830000,0.996800,1.473700,1.626800,1.739200
2023-04-03,1.087000,0.877900,144.510000,0.994900,1.462800,1.608000,1.728300
2023-04-04,1.090100,0.873330,144.940000,0.995400,1.464100,1.615400,1.733600
2023-04-05,1.094000,0.876850,143.740000,0.990100,1.471900,1.632500,1.734900
2023-04-06,1.091500,0.874950,143.490000,0.987800,1.470400,1.631200,1.738700
2023-04-11,1.090500,0.877380,145.280000,0.986800,1.473200,1.638700,1.756600
2023-04-12,1.092200,0.880380,146.090000,0.985300,1.472800,1.637700,1.764900
2023-04-13,1.101500,0.880580,146.810000,0.980400,1.475900,1.634300,1.762400
2023-04-14,1.105700,0.884400,146.600000,0.982700,1.472500,1.630900,1.758800
2023-04-17,1.098100,0.883730,146.970000,0.981200,1.467300,1.635600,1.771700
2023-04-18,1.097200,0.881430,146.890000,0.983100,1.467900,1.627600,1.763700
2023-04-19,1.093300,0.881080,147.240000,0.982800,1.469800,1.630100,1.766800
2023-04-20,1.094400,0.881530,147.460000,0.981000,1.475700,1.629000,1.776300
2023-04-21,1.097800,0.885700,146.920000,0.979500,1.485900,1.639400,1.791300
2023-04-24,1.100200,0.884630,148.170000,0.980000,1.490600,1.646800,1.791600
2023-04-25,1.102200,0.886450,147.910000,0.978600,1.498400,1.656400,1.788700
2023-04-26,1.103900,0.885600,147.670000,0.982400,1.503500,1.672500,1.803200
2023-04-27,1.104200,0.884280,147.160000,0.986200,1.504100,1.667200,1.794000
2023-04-28,1.098100,0.880500,149.350000,0.983900,1.498100,1.666400,1.786400
2023-05-02,1.096500,0.878680,150.700000,0.984100,1.488500,1.637100,1.765400
2023-05-03,1.104300,0.882650,149.660000,0.980900,1.504500,1.656400,1.771700
2023-05-04,1.107400,0.880150,148.920000,0.980200,1.507200,1.658500,1.766800
2023-05-05,1.101400,0.873780,147.800000,0.982800,1.486000,1.637900,1.748800
2023-05-08,1.103700,0.872280,149.150000,0.981300,1.471000,1.624400,1.738900
2023-05-09,1.095900,0.869900,147.970000,0.978800,1.467900,1.621700,1.732000
2023-05-10,1.095000,0.868130,148.180000,0.977100,1.465700,1.622200,1.730300
2023-05-11,1.093000,0.867950,146.540000,0.975800,1.467200,1.622600,1.722800
2023-05-12,1.089200,0.870200,147.020000,0.974400,1.470200,1.631000,1.750300
2023-05-15,1.087600,0.869430,148.150000,0.974700,1.468400,1.626100,1.749400
2023-05-16,1.088100,0.869380,147.890000,0.973200,1.465200,1.630700,1.742800
2023-05-17,1.082900,0.868950,148.310000,0.974600,1.460900,1.627300,1.731300
2023-05-18,1.081300,0.868900,149.080000,0.973500,1.456800,1.628500,1.732300
2023-05-19,1.080800,0.868400,149.550000,0.973800,1.457500,1.623100,1.720600
2023-05-22,1.082200,0.868460,149.640000,0.970000,1.461800,1.629400,1.723200
2023-05-23,1.077900,0.869930,149.200000,0.971800,1.457100,1.628200,1.724600
2023-05-24,1.078500,0.869930,149.300000,0.973200,1.460000,1.640200,1.758200
2023-05-25,1.073500,0.867930,149.630000,0.970800,1.459900,1.644300,1.765500
2023-05-26,1.075100,0.868130,150.240000,0.970700,1.463000,1.643900,1.765600
2023-05-29,1.071500,0.868050,150.290000,0.968300,1.456400,1.638400,1.767600
2023-05-30,1.074400,0.863650,150.010000,0.969000,1.458600,1.639700,1.771600
2023-05-31,1.068300,0.864050,149.130000,0.972400,1.458200,1.649700,1.779300
2023-06-01,1.069700,0.858230,149.250000,0.973200,1.451400,1.640700,1.777500
2023-06-02,1.076300,0.859300,149.460000,0.975800,1.444300,1.624800,1.765200
2023-06-05,1.069000,0.863230,149.960000,0.973200,1.436700,1.621900,1.766200
2023-06-06,1.068300,0.861030,149.090000,0.969800,1.434200,1.603800,1.757900
2023-06-07,1.071700,0.859700,149.420000,0.970400,1.435100,1.600400,1.764000
2023-06-08,1.073700,0.861130,149.980000,0.975100,1.434200,1.606100,1.769600
2023-06-09,1.078000,0.857950,150.240000,0.971600,1.436200,1.602300,1.762700
2023-06-12,1.076500,0.856780,150.030000,0.975100,1.435700,1.592000,1.754000
2023-06-13,1.079300,0.858500,150.620000,0.978400,1.440300,1.592200,1.756400
2023-06-14,1.080900,0.854550,151.210000,0.975100,1.437800,1.591500,1.750100
2023-06-15,1.081900,0.855550,152.860000,0.976100,1.441500,1.592400,1.755900
2023-06-16,1.096600,0.854280,154.650000,0.977000,1.450000,1.594100,1.759100
2023-06-19,1.092200,0.852680,154.940000,0.977200,1.441100,1.596400,1.762500
2023-06-20,1.093300,0.857050,154.510000,0.980800,1.447300,1.612000,1.771400
2023-06-21,1.092300,0.858280,154.890000,0.980300,1.443500,1.615400,1.769700
2023-06-22,1.098500,0.861150,156.050000,0.982500,1.446300,1.619400,1.769800
2023-06-23,1.088400,0.854790,155.840000,0.977300,1.438000,1.628500,1.775800
2023-06-26,1.091800,0.858780,156.410000,0.973700,1.435400,1.634600,1.769000
2023-06-27,1.095100,0.859900,157.140000,0.978900,1.440800,1.636900,1.773900
2023-06-28,1.093800,0.864200,157.820000,0.982200,1.449100,1.652500,1.799200
2023-06-29,1.093800,0.864000,157.740000,0.978300,1.450300,1.648000,1.793700
2023-06-30,1.086600,0.858280,157.160000,0.978800,1.441500,1.639800,1.785800
2023-07-03,1.089900,0.859800,157.810000,0.980000,1.444100,1.638300,1.775500
2023-07-04,1.089500,0.856730,157.340000,0.976200,1.440300,1.628600,1.760400
2023-07-05,1.087900,0.856850,157.260000,0.978200,1.444700,1.632900,1.759000
2023-07-06,1.089900,0.853100,156.570000,0.975700,1.448900,1.630800,1.753200
2023-07-07,1.088800,0.852980,156.010000,0.975400,1.455700,1.641600,1.764400
2023-07-10,1.095600,0.857330,155.730000,0.975300,1.455200,1.648800,1.770700
2023-07-11,1.098900,0.851100,154.270000,0.969300,1.458800,1.649300,1.776600
2023-07-12,1.102200,0.853780,153.840000,0.968300,1.457400,1.647900,1.781800
2023-07-13,1.118200,0.855530,154.840000,0.964400,1.471400,1.629900,1.758000
2023-07-14,1.122100,0.855900,155.510000,0.964900,1.472800,1.635000,1.758900
2023-07-17,1.123000,0.858730,155.380000,0.965200,1.484500,1.648700,1.772700
2023-07-18,1.125500,0.858380,155.400000,0.964700,1.486200,1.652300,1.790800
2023-07-19,1.122200,0.869180,156.760000,0.962800,1.479500,1.658200,1.794900
2023-07-20,1.119700,0.869200,156.350000,0.963500,1.471600,1.641600,1.785900
2023-07-21,1.112300,0.867060,157.630000,0.963000,1.466800,1.651000,1.798100
2023-07-24,1.109600,0.863500,156.470000,0.959500,1.463500,1.646900,1.788800
2023-07-25,1.105100,0.861480,156.180000,0.959800,1.456200,1.632800,1.778500
2023-07-26,1.105900,0.856950,155.300000,0.954900,1.462000,1.640100,1.781400
2023-07-27,1.112500,0.858850,155.950000,0.954200,1.465400,1.638300,1.779700
2023-07-28,1.101000,0.855600,153.350000,0.955400,1.455300,1.650800,1.785500
2023-07-31,1.102300,0.857650,156.730000,0.961900,1.456600,1.643600,1.777300
2023-08-01,1.097000,0.858650,156.850000,0.961000,1.456900,1.655700,1.783400
2023-08-02,1.098500,0.860380,156.880000,0.964200,1.462100,1.669100,1.796100
2023-08-03,1.093200,0.864680,156.240000,0.957900,1.461900,1.674800,1.798500
2023-08-04,1.094600,0.861930,156.110000,0.959800,1.464800,1.669400,1.800900
2023-08-07,1.098400,0.861630,156.210000,0.962500,1.468800,1.671500,1.800400
2023-08-08,1.094400,0.861580,156.550000,0.960000,1.475500,1.682700,1.811600
2023-08-09,1.096800,0.861800,157.350000,0.962700,1.474000,1.677900,1.810300
2023-08-10,1.101900,0.863130,158.430000,0.961800,1.476400,1.676700,1.812300
2023-08-11,1.100400,0.864150,158.970000,0.961700,1.479100,1.685000,1.829900
2023-08-14,1.093000,0.862150,158.680000,0.960800,1.470000,1.685300,1.830500
2023-08-15,1.092600,0.859550,159.040000,0.958600,1.474200,1.688800,1.830500
2023-08-16,1.091600,0.856450,159.070000,0.960500,1.472600,1.689500,1.828200
2023-08-17,1.090000,0.853950,158.880000,0.955500,1.471800,1.693100,1.829800
2023-08-18,1.086700,0.854930,158.110000,0.957100,1.473300,1.699900,1.835000
2023-08-21,1.090800,0.854750,159.150000,0.958800,1.472300,1.699500,1.840700
2023-08-22,1.088700,0.852880,158.700000,0.956500,1.471600,1.687800,1.826400
2023-08-23,1.080500,0.856530,157.280000,0.952400,1.466700,1.684000,1.822400
2023-08-24,1.084000,0.856500,157.960000,0.956200,1.468600,1.683800,1.826600
2023-08-25,1.080800,0.856430,157.750000,0.956400,1.467200,1.680900,1.824800
2023-08-28,1.080800,0.858150,158.350000,0.955900,1.469300,1.683900,1.828300
2023-08-29,1.080300,0.858600,158.930000,0.955800,1.472200,1.683200,1.830700
2023-08-30,1.088600,0.859200,159.150000,0.956800,1.476400,1.681400,1.825000
2023-08-31,1.086800,0.857180,158.490000,0.958400,1.472100,1.678500,1.825900
2023-09-01,1.084400,0.855380,157.470000,0.957400,1.465600,1.673700,1.816400
2023-09-04,1.080100,0.855500,158.110000,0.954800,1.468600,1.670800,1.817000
2023-09-05,1.073100,0.855350,158.200000,0.954800,1.465200,1.685900,1.829700
2023-09-06,1.074500,0.855030,158.180000,0.956100,1.465900,1.680100,1.822400
2023-09-07,1.071000,0.859000,157.700000,0.955700,1.462500,1.676700,1.819300
2023-09-08,1.070400,0.857350,157.840000,0.954300,1.462300,1.674300,1.812700
2023-09-11,1.072400,0.856500,157.160000,0.956000,1.456500,1.665500,1.810000
2023-09-12,1.071300,0.859250,157.420000,0.956100,1.455000,1.668200,1.815000
2023-09-13,1.073300,0.860900,158.280000,0.958900,1.455600,1.676200,1.818800
2023-09-14,1.073000,0.859950,158.130000,0.958800,1.450500,1.664800,1.809700
2023-09-15,1.065800,0.858780,157.500000,0.955400,1.440900,1.649800,1.800800
2023-09-18,1.066300,0.861410,157.440000,0.956400,1.440000,1.657500,1.806700
2023-09-19,1.071300,0.862630,158.200000,0.959500,1.437300,1.656600,1.802200
2023-09-20,1.070200,0.865300,158.280000,0.960100,1.436600,1.649800,1.794600
2023-09-21,1.063500,0.867130,157.340000,0.962800,1.436800,1.661700,1.800400
2023-09-22,1.064700,0.867950,157.870000,0.965000,1.430300,1.649600,1.783300
2023-09-25,1.063300,0.869650,158.080000,0.967600,1.431100,1.654400,1.782300
2023-09-26,1.060500,0.870200,157.870000,0.967500,1.431800,1.653900,1.778200
2023-09-27,1.053600,0.868100,157.200000,0.968000,1.425500,1.654100,1.777900
2023-09-28,1.053900,0.863330,157.330000,0.967800,1.420600,1.648300,1.769800
2023-09-29,1.059400,0.864580,158.100000,0.966900,1.422700,1.633900,1.757500
2023-10-02,1.053000,0.866280,157.670000,0.963400,1.433500,1.647200,1.764100
2023-10-03,1.046900,0.867750,157.010000,0.966000,1.436500,1.661200,1.775000
2023-10-04,1.049700,0.865880,156.480000,0.963400,1.439100,1.661500,1.779200
2023-10-05,1.052600,0.866050,156.710000,0.962500,1.447900,1.658000,1.771500
2023-10-06,1.056300,0.865100,157.470000,0.962900,1.449200,1.661200,1.771100
2023-10-09,1.053100,0.865200,157.060000,0.958100,1.438000,1.654600,1.761200
2023-10-10,1.058200,0.863900,157.710000,0.958900,1.438700,1.653800,1.761200
2023-10-11,1.060400,0.862650,157.870000,0.957600,1.442900,1.652900,1.761400
2023-10-12,1.061900,0.862600,158.350000,0.956600,1.443500,1.658400,1.770400
2023-10-13,1.052400,0.864150,157.440000,0.954600,1.439700,1.666200,1.782100
2023-10-16,1.053800,0.865450,157.540000,0.950500,1.436000,1.666000,1.779800
2023-10-17,1.056900,0.868200,158.030000,0.951700,1.441100,1.662200,1.792900
2023-10-18,1.056500,0.866100,158.100000,0.949200,1.442500,1.658600,1.791900
2023-10-19,1.055800,0.870980,158.210000,0.947000,1.448500,1.671800,1.811900
2023-10-20,1.059100,0.872130,158.800000,0.944200,1.449200,1.677200,1.816600
2023-10-23,1.059700,0.871530,158.910000,0.946100,1.454200,1.680500,1.822000
2023-10-24,1.063200,0.870250,159.260000,0.950100,1.456400,1.670800,1.817300
2023-10-25,1.057600,0.872400,158.550000,0.947400,1.454900,1.667800,1.816600
2023-10-26,1.054000,0.871700,158.480000,0.946600,1.456500,1.671900,1.818000
2023-10-27,1.054100,0.870230,158.080000,0.950200,1.457200,1.661600,1.810200
2023-10-30,1.060500,0.873450,158.800000,0.956400,1.467000,1.663700,1.817500
2023-10-31,1.061900,0.873660,160.300000,0.960700,1.471200,1.673900,1.822400
2023-11-01,1.053700,0.869450,159.330000,0.957200,1.461000,1.656100,1.806800
2023-11-02,1.066100,0.873050,159.890000,0.962200,1.470700,1.654300,1.804100
2023-11-03,1.070200,0.869830,159.870000,0.962500,1.465300,1.647800,1.791700
2023-11-06,1.074100,0.866400,160.870000,0.964600,1.466400,1.652400,1.798700
2023-11-07,1.068600,0.868550,160.770000,0.962600,1.467900,1.663600,1.804600
2023-11-08,1.067100,0.870150,160.970000,0.959900,1.471100,1.659200,1.800600
2023-11-09,1.069100,0.872050,161.570000,0.963700,1.473600,1.669900,1.803500
2023-11-10,1.068300,0.874350,161.770000,0.963600,1.475300,1.679500,1.811900
2023-11-13,1.067000,0.871550,161.960000,0.965600,1.475400,1.674200,1.814200
2023-11-14,1.072400,0.872300,162.670000,0.966800,1.483200,1.681900,1.827000
2023-11-15,1.086800,0.871880,163.390000,0.964000,1.485400,1.664800,1.798500
2023-11-16,1.084900,0.875200,164.050000,0.965100,1.489100,1.673600,1.814100
2023-11-17,1.087200,0.873950,162.290000,0.964300,1.490800,1.670900,1.816100
2023-11-20,1.092800,0.876300,162.120000,0.966500,1.499400,1.666900,1.813200
2023-11-21,1.095500,0.873260,161.610000,0.967300,1.502900,1.665300,1.802600
2023-11-22,1.091100,0.870300,162.250000,0.964000,1.495900,1.661800,1.806500
2023-11-23,1.090000,0.869400,162.980000,0.964400,1.494000,1.663300,1.805200
2023-11-24,1.091600,0.868180,163.300000,0.964000,1.493500,1.662100,1.799200
2023-11-27,1.095100,0.866710,162.860000,0.964000,1.492900,1.657500,1.795500
2023-11-28,1.094900,0.868200,162.740000,0.964500,1.488700,1.656700,1.798000
2023-11-29,1.098500,0.865250,162.120000,0.962800,1.492000,1.658600,1.784300
2023-11-30,1.093100,0.863680,161.190000,0.956200,1.487000,1.654200,1.776200
2023-12-01,1.087500,0.860450,161.140000,0.953000,1.473600,1.644800,1.763800
2023-12-04,1.086800,0.857900,159.470000,0.947600,1.471600,1.635100,1.755500
2023-12-05,1.081700,0.857230,159.130000,0.945600,1.470000,1.649200,1.763700
2023-12-06,1.077800,0.856100,158.700000,0.942900,1.461600,1.639100,1.750900
2023-12-07,1.077100,0.857500,156.180000,0.944600,1.465600,1.640700,1.755400
2023-12-08,1.077700,0.856900,155.530000,0.943800,1.462700,1.632700,1.753200
2023-12-11,1.075700,0.855800,157.540000,0.947800,1.460900,1.642000,1.760800
2023-12-12,1.080400,0.859280,156.840000,0.944300,1.465600,1.639800,1.757300
2023-12-13,1.078700,0.861200,157.130000,0.945200,1.464400,1.645200,1.769100
2023-12-14,1.091900,0.859550,154.800000,0.949000,1.467700,1.628800,1.760300
2023-12-15,1.094600,0.858330,155.150000,0.948800,1.465300,1.632400,1.761200
2023-12-18,1.091800,0.862630,155.950000,0.948000,1.458400,1.622500,1.751400
2023-12-19,1.096200,0.860950,158.200000,0.947000,1.467300,1.627300,1.755000
2023-12-20,1.094400,0.865550,157.120000,0.946000,1.460900,1.618600,1.742100
2023-12-21,1.098300,0.868050,156.790000,0.943200,1.466800,1.624300,1.753600
2023-12-22,1.102300,0.866600,156.660000,0.941700,1.463900,1.619700,1.750500
2023-12-27,1.106500,0.868300,157.810000,0.943800,1.461200,1.617000,1.748300
2023-12-28,1.111400,0.870600,156.570000,0.930200,1.469800,1.624600,1.753600
2023-12-29,1.105000,0.869050,156.330000,0.926000,1.464200,1.626300,1.750400
2024-01-02,1.095600,0.866450,155.680000,0.930500,1.456500,1.614700,1.747100
2024-01-03,1.091900,0.864700,156.160000,0.932200,1.457400,1.623600,1.751500
2024-01-04,1.095300,0.862780,157.910000,0.931300,1.460300,1.628000,1.752800
2024-01-05,1.092100,0.862100,158.570000,0.932000,1.460000,1.633700,1.756400
2024-01-08,1.094600,0.861500,158.190000,0.930800,1.465100,1.637800,1.760700
2024-01-09,1.094000,0.859380,157.630000,0.931300,1.461300,1.633900,1.752600
2024-01-10,1.094600,0.860230,159.030000,0.933600,1.464900,1.633400,1.756700
2024-01-11,1.098700,0.861450,159.710000,0.933800,1.467700,1.636900,1.757700
2024-01-12,1.094200,0.859500,159.170000,0.935000,1.463400,1.637500,1.755200
2024-01-15,1.094500,0.860750,159.670000,0.935100,1.469500,1.644900,1.767900
2024-01-16,1.088200,0.860780,159.640000,0.936100,1.466100,1.648400,1.768100
2024-01-17,1.087700,0.858180,160.650000,0.940600,1.470100,1.659200,1.777900
2024-01-18,1.087500,0.857730,160.890000,0.943200,1.468100,1.657900,1.780200
2024-01-19,1.088700,0.858250,161.170000,0.945900,1.465600,1.650000,1.779800
2024-01-22,1.089000,0.855750,160.950000,0.945800,1.462000,1.652000,1.780000
2024-01-23,1.087200,0.854930,160.880000,0.944600,1.464800,1.649300,1.783900
2024-01-24,1.090500,0.855430,160.460000,0.941500,1.466900,1.652000,1.778500
2024-01-25,1.089300,0.855380,160.810000,0.942000,1.471400,1.653700,1.780500
2024-01-26,1.087100,0.853680,160.620000,0.939600,1.460700,1.648300,1.780100
2024-01-29,1.082300,0.852500,160.130000,0.933900,1.454200,1.639800,1.769600
2024-01-30,1.084600,0.856280,159.970000,0.936500,1.456400,1.646200,1.772100
2024-01-31,1.083700,0.854350,160.190000,0.934800,1.455800,1.646800,1.770500
2024-02-01,1.081400,0.853530,158.960000,0.933600,1.454400,1.659400,1.775700
2024-02-02,1.088300,0.852630,159.580000,0.931500,1.455600,1.646800,1.767300
2024-02-05,1.074600,0.855950,159.720000,0.934700,1.450700,1.656200,1.775500
2024-02-06,1.074300,0.854600,159.560000,0.936600,1.452600,1.651500,1.771300
2024-02-07,1.077600,0.853050,159.710000,0.939300,1.450100,1.650400,1.762200
2024-02-08,1.075800,0.853780,160.550000,0.940900,1.450500,1.656900,1.766800
2024-02-09,1.077200,0.854400,161.000000,0.943200,1.448600,1.654300,1.755300
2024-02-12,1.077300,0.853910,160.510000,0.943000,1.450400,1.650500,1.756800
2024-02-13,1.079300,0.850980,161.170000,0.948100,1.451100,1.652600,1.763600
2024-02-14,1.071300,0.852580,161.280000,0.949300,1.450900,1.652100,1.760700
2024-02-15,1.074300,0.856350,161.260000,0.948400,1.454700,1.652500,1.762500
2024-02-16,1.076800,0.856050,161.880000,0.949100,1.451800,1.651700,1.764800
2024-02-19,1.077600,0.854480,161.590000,0.949200,1.452200,1.647900,1.753600
2024-02-20,1.080200,0.856600,162.180000,0.952600,1.456200,1.645700,1.749300
2024-02-21,1.080900,0.856190,162.120000,0.951000,1.461800,1.648600,1.747900
2024-02-22,1.084400,0.856250,163.120000,0.953500,1.461800,1.651500,1.749700
2024-02-23,1.083400,0.853400,162.910000,0.952200,1.458700,1.646700,1.744500
2024-02-26,1.085200,0.854950,163.380000,0.954600,1.467400,1.656000,1.756000
2024-02-27,1.085600,0.856200,163.040000,0.954400,1.465000,1.656500,1.760100
2024-02-28,1.080800,0.855480,162.870000,0.952000,1.468900,1.663900,1.772800
2024-02-29,1.082600,0.856550,162.530000,0.953400,1.471900,1.668400,1.780700
2024-03-01,1.081300,0.855880,162.820000,0.958200,1.467900,1.663700,1.776400
2024-03-04,1.084600,0.855830,163.220000,0.960400,1.471900,1.664000,1.778900
2024-03-05,1.084900,0.855430,163.010000,0.960900,1.474700,1.670900,1.784700
2024-03-06,1.087400,0.854980,162.670000,0.961900,1.477000,1.666700,1.781200
2024-03-07,1.089500,0.854450,161.090000,0.957700,1.470500,1.650100,1.768800
2024-03-08,1.093200,0.851680,160.990000,0.958800,1.470100,1.646900,1.767400
2024-03-11,1.092600,0.852080,160.430000,0.959400,1.475300,1.654600,1.770500
2024-03-12,1.091600,0.854580,161.390000,0.958800,1.473900,1.653300,1.773700
2024-03-13,1.093900,0.854510,161.830000,0.959900,1.475600,1.654200,1.777000
2024-03-14,1.092500,0.854200,161.700000,0.961600,1.472500,1.652900,1.774800
2024-03-15,1.089200,0.854100,162.030000,0.961300,1.473100,1.657900,1.786000
2024-03-18,1.089200,0.855250,162.510000,0.963000,1.474500,1.658300,1.788100
2024-03-19,1.085400,0.854450,163.370000,0.963000,1.476700,1.665100,1.793800
2024-03-20,1.084400,0.854380,164.540000,0.965800,1.473600,1.663300,1.797600
2024-03-21,1.090700,0.856780,164.960000,0.976600,1.473600,1.653500,1.796300
2024-03-22,1.082300,0.857950,163.740000,0.972900,1.468800,1.660100,1.802000
2024-03-25,1.083500,0.856980,163.780000,0.972400,1.472200,1.658000,1.804600
2024-03-26,1.085500,0.858460,164.400000,0.981000,1.471800,1.657400,1.803600
2024-03-27,1.081600,0.857680,163.520000,0.981100,1.471200,1.660000,1.804300
2024-03-28,1.081100,0.855100,163.450000,0.976600,1.467200,1.660700,1.809200
2024-04-02,1.074900,0.855100,163.010000,0.976500,1.457700,1.652200,1.804000
2024-04-03,1.078300,0.857130,163.660000,0.979200,1.462600,1.653900,1.805400
2024-04-04,1.085200,0.857880,164.690000,0.984600,1.465200,1.644600,1.799800
2024-04-05,1.084100,0.857730,164.100000,0.979300,1.470200,1.646100,1.800100
2024-04-08,1.082300,0.857950,164.430000,0.980700,1.471500,1.643300,1.798400
2024-04-09,1.086700,0.856630,164.970000,0.981900,1.474900,1.640700,1.793800
2024-04-10,1.086000,0.855150,164.890000,0.981000,1.472800,1.639900,1.785600
2024-04-11,1.072900,0.855250,164.180000,0.978700,1.468800,1.644800,1.792000
2024-04-12,1.065200,0.854240,163.160000,0.971600,1.464300,1.641300,1.787200
2024-04-15,1.065600,0.854050,164.050000,0.972500,1.464500,1.644100,1.794300
2024-04-16,1.063700,0.854400,164.540000,0.971200,1.466800,1.657800,1.807200
2024-04-17,1.063800,0.854000,164.540000,0.969300,1.469100,1.655600,1.801200
2024-04-18,1.067900,0.856280,164.820000,0.970400,1.468700,1.656700,1.801300
2024-04-19,1.065300,0.856200,164.680000,0.968000,1.466600,1.662200,1.810500
2024-04-22,1.063200,0.863280,164.510000,0.969300,1.459200,1.651700,1.800400
2024-04-23,1.067400,0.860500,165.230000,0.972400,1.462300,1.653600,1.804700
2024-04-24,1.068600,0.859450,165.570000,0.977400,1.462800,1.642100,1.801000
2024-04-25,1.072000,0.856750,166.760000,0.979200,1.465900,1.641500,1.799000
2024-04-26,1.071400,0.856430,168.030000,0.977900,1.463200,1.639200,1.801000
2024-04-29,1.072000,0.854930,167.530000,0.977600,1.463500,1.632200,1.793200
2024-04-30,1.071800,0.854780,168.270000,0.978700,1.467200,1.642300,1.803500
2024-05-02,1.069800,0.855380,165.630000,0.975900,1.467800,1.638600,1.804700
2024-05-03,1.074400,0.855730,164.620000,0.974400,1.468200,1.633000,1.795200
2024-05-06,1.077600,0.856600,165.700000,0.975400,1.473100,1.624800,1.789100
2024-05-07,1.076600,0.858050,166.450000,0.977000,1.473000,1.629700,1.791800
2024-05-08,1.074300,0.860830,167.150000,0.977000,1.478400,1.637400,1.794800
2024-05-09,1.073200,0.859950,167.320000,0.976000,1.472800,1.629900,1.788100
2024-05-10,1.077900,0.860550,167.870000,0.977900,1.474700,1.632000,1.792300
2024-05-13,1.079500,0.860230,168.250000,0.978400,1.475700,1.630500,1.792300
2024-05-14,1.079600,0.859830,168.890000,0.980100,1.475300,1.632900,1.793400
2024-05-15,1.083200,0.858400,168.430000,0.980000,1.476300,1.630800,1.786000
2024-05-16,1.086600,0.858500,168.330000,0.982200,1.481000,1.629000,1.779400
2024-05-17,1.084400,0.856850,168.960000,0.985500,1.478400,1.628100,1.775100
2024-05-20,1.086100,0.855480,169.250000,0.988000,1.479800,1.625900,1.777300
2024-05-21,1.086400,0.854400,169.860000,0.988400,1.479700,1.627800,1.781000
2024-05-22,1.083000,0.851650,169.540000,0.990500,1.481000,1.628800,1.772400
2024-05-23,1.085400,0.851750,169.900000,0.990700,1.483200,1.633300,1.770300
2024-05-24,1.084000,0.852410,170.280000,0.992400,1.486500,1.639400,1.774700
2024-05-27,1.084300,0.850700,170.070000,0.992200,1.481300,1.632000,1.766500
2024-05-28,1.088200,0.850800,170.540000,0.990800,1.482000,1.631400,1.764800
2024-05-29,1.085700,0.851300,170.740000,0.990700,1.483800,1.637000,1.771600
2024-05-30,1.081500,0.851050,169.500000,0.980800,1.482800,1.634100,1.770600
2024-05-31,1.085200,0.853650,170.520000,0.981800,1.480400,1.631500,1.769600
2024-06-03,1.084200,0.851750,170.090000,0.977200,1.478400,1.629000,1.761400
2024-06-04,1.086500,0.851430,168.290000,0.970300,1.486000,1.636400,1.762400
2024-06-05,1.087200,0.850480,169.720000,0.970400,1.486700,1.635300,1.757700
2024-06-06,1.086500,0.850880,169.740000,0.968700,1.487900,1.636800,1.758400
2024-06-07,1.089800,0.851200,169.520000,0.969600,1.490200,1.634500,1.759600
2024-06-10,1.075600,0.845650,168.740000,0.963700,1.480100,1.630400,1.759500
2024-06-11,1.073000,0.841980,168.460000,0.962200,1.478100,1.626000,1.751300
2024-06-12,1.076500,0.843650,169.350000,0.964100,1.479500,1.628000,1.752800
2024-06-13,1.078400,0.844680,169.580000,0.966800,1.482300,1.623200,1.747700
2024-06-14,1.068600,0.842050,167.800000,0.953400,1.470400,1.615600,1.741800
2024-06-17,1.071200,0.845730,169.110000,0.956100,1.472600,1.624600,1.752600
2024-06-18,1.071500,0.845400,169.410000,0.951200,1.473100,1.620700,1.756200
2024-06-19,1.074900,0.844550,169.780000,0.950600,1.473700,1.612500,1.752800
2024-06-20,1.071900,0.845130,169.820000,0.954600,1.469600,1.607600,1.749200
2024-06-21,1.068800,0.845310,169.820000,0.953700,1.463200,1.603100,1.742700
2024-06-24,1.073000,0.847300,171.170000,0.958600,1.468200,1.615700,1.754300
2024-06-25,1.071400,0.844650,170.840000,0.957500,1.465000,1.610900,1.749800
2024-06-26,1.068900,0.844530,171.420000,0.958500,1.462800,1.605300,1.753700
2024-06-27,1.069600,0.845900,171.660000,0.960400,1.464700,1.607800,1.754300
2024-06-28,1.070500,0.846380,171.940000,0.963400,1.467000,1.607900,1.760100
2024-07-01,1.074500,0.847900,173.150000,0.968900,1.471100,1.610900,1.763800
2024-07-02,1.072900,0.847550,173.310000,0.969700,1.472700,1.612000,1.769300
2024-07-03,1.075800,0.846800,174.180000,0.971800,1.470300,1.612300,1.771700
2024-07-04,1.080000,0.846630,173.840000,0.971700,1.470500,1.604600,1.764100
2024-07-05,1.082400,0.846130,174.060000,0.973000,1.473600,1.607300,1.767200
2024-07-08,1.083500,0.844100,174.370000,0.971100,1.477200,1.606700,1.765500
2024-07-09,1.081400,0.844910,174.200000,0.971200,1.475200,1.606200,1.768100
2024-07-10,1.082500,0.845180,174.790000,0.972300,1.475800,1.605600,1.780400
2024-07-11,1.085500,0.843050,175.390000,0.974900,1.479600,1.607500,1.783600
2024-07-12,1.089000,0.840290,172.870000,0.974700,1.483400,1.607600,1.781900
2024-07-15,1.090700,0.840450,172.340000,0.975500,1.487900,1.608800,1.790400
2024-07-16,1.090200,0.840580,172.650000,0.976100,1.491100,1.616900,1.796000
2024-07-17,1.093400,0.839150,171.210000,0.969300,1.494900,1.622200,1.797500
2024-07-18,1.093000,0.841750,171.020000,0.966600,1.495300,1.623700,1.801000
2024-07-19,1.089000,0.842800,171.610000,0.968800,1.493800,1.627600,1.808700
2024-07-22,1.088800,0.842150,170.800000,0.967100,1.497100,1.637000,1.817100
2024-07-23,1.086000,0.840730,169.640000,0.968100,1.494400,1.639600,1.820900
2024-07-24,1.084800,0.839730,167.230000,0.960900,1.495300,1.642800,1.826700
2024-07-25,1.085100,0.842800,165.620000,0.953400,1.502000,1.663800,1.840100
2024-07-26,1.086000,0.843780,167.840000,0.959400,1.500900,1.655900,1.842700
2024-07-29,1.081700,0.843450,166.440000,0.957800,1.497600,1.653400,1.841800
2024-07-30,1.082400,0.842600,167.610000,0.959200,1.499600,1.656000,1.838600
2024-07-31,1.082800,0.843800,162.760000,0.953300,1.497700,1.663500,1.828900
2024-08-01,1.078900,0.843280,162.660000,0.946700,1.491200,1.650100,1.814000
2024-08-02,1.083500,0.850000,161.370000,0.943300,1.503500,1.662900,1.819600
2024-08-05,1.096600,0.858780,155.980000,0.930400,1.518800,1.700800,1.846100
2024-08-06,1.091500,0.859980,158.290000,0.932500,1.509700,1.683700,1.842300
2024-08-07,1.092200,0.858080,160.620000,0.940900,1.501000,1.664300,1.815000
2024-08-08,1.093000,0.860930,159.740000,0.936800,1.502100,1.667700,1.823000
2024-08-09,1.091700,0.857080,160.330000,0.943500,1.500700,1.660900,1.815600
2024-08-12,1.092500,0.855540,161.250000,0.949100,1.499800,1.656000,1.811000
2024-08-13,1.093100,0.854580,161.170000,0.948000,1.501400,1.657200,1.808900
2024-08-14,1.101900,0.857830,161.980000,0.951500,1.511500,1.664300,1.832400
2024-08-15,1.101100,0.856150,162.140000,0.954100,1.509000,1.660900,1.832000
2024-08-16,1.099400,0.851280,162.720000,0.954000,1.509500,1.657700,1.824000
2024-08-19,1.104100,0.852430,161.220000,0.954300,1.509800,1.648600,1.817000
2024-08-20,1.108400,0.851940,162.180000,0.952700,1.508500,1.645400,1.804200
2024-08-21,1.111600,0.853030,162.260000,0.950300,1.511700,1.649500,1.810900
2024-08-22,1.113500,0.849430,162.640000,0.949000,1.513000,1.655000,1.810700
2024-08-23,1.112100,0.847330,162.370000,0.947600,1.510600,1.651800,1.806100
2024-08-26,1.116300,0.846450,160.940000,0.946000,1.507600,1.649600,1.800800
2024-08-27,1.116200,0.844380,161.240000,0.944000,1.504100,1.646100,1.791200
2024-08-28,1.111700,0.841630,160.570000,0.937500,1.498200,1.640700,1.782300
2024-08-29,1.108800,0.841750,160.360000,0.936400,1.492700,1.627400,1.768000
2024-08-30,1.108700,0.841200,161.190000,0.941600,1.494100,1.630100,1.770900
2024-09-02,1.106100,0.842180,162.560000,0.941500,1.493200,1.632200,1.776700
2024-09-03,1.103500,0.840850,161.260000,0.940900,1.495100,1.639400,1.783900
2024-09-04,1.105000,0.842480,160.260000,0.939600,1.498000,1.645000,1.786100
2024-09-05,1.109700,0.843180,159.200000,0.939000,1.499600,1.649800,1.787400
2024-09-06,1.110300,0.842930,158.930000,0.936500,1.498400,1.650300,1.785800
2024-09-09,1.104300,0.843650,158.530000,0.937600,1.497900,1.659600,1.800400
2024-09-10,1.103100,0.842650,157.810000,0.934900,1.497300,1.655100,1.792100
2024-09-11,1.104300,0.843750,156.600000,0.935800,1.499700,1.656000,1.796600
2024-09-12,1.101600,0.844600,157.020000,0.941400,1.496400,1.649700,1.796000
2024-09-13,1.108100,0.844750,156.170000,0.938700,1.506100,1.654200,1.797300
2024-09-16,1.112600,0.842780,155.660000,0.939400,1.510900,1.649200,1.795800
2024-09-17,1.113900,0.842780,156.710000,0.940500,1.513400,1.647200,1.796500
2024-09-18,1.112400,0.842250,157.940000,0.938800,1.511700,1.640000,1.787700
2024-09-19,1.115600,0.839530,159.530000,0.946000,1.511000,1.635200,1.784500
2024-09-20,1.116600,0.839100,161.080000,0.948600,1.514800,1.638800,1.791900
2024-09-23,1.111900,0.835180,159.580000,0.944800,1.506500,1.627400,1.777000
2024-09-24,1.113300,0.832200,160.140000,0.943900,1.503300,1.623700,1.770700
2024-09-25,1.119400,0.836530,161.490000,0.949500,1.504400,1.627600,1.772500
2024-09-26,1.115500,0.834280,160.780000,0.945200,1.502500,1.621700,1.769100
2024-09-27,1.115800,0.833380,159.630000,0.942000,1.503600,1.618000,1.764900
2024-09-30,1.119600,0.835430,159.820000,0.943900,1.513300,1.616600,1.761600
2024-10-01,1.108600,0.831930,159.370000,0.939400,1.498600,1.604000,1.754800
2024-10-02,1.107100,0.832880,160.260000,0.938800,1.493200,1.604800,1.761400
2024-10-03,1.103900,0.842580,161.980000,0.938700,1.494500,1.612400,1.774900
2024-10-04,1.102900,0.837350,161.690000,0.939400,1.495200,1.612100,1.777900
2024-10-07,1.098200,0.839180,162.630000,0.938800,1.491400,1.615500,1.784700
2024-10-08,1.098200,0.837780,162.490000,0.941000,1.498100,1.629300,1.793300
2024-10-09,1.095700,0.837400,162.970000,0.939700,1.498500,1.628300,1.803800
2024-10-10,1.093200,0.836860,162.850000,0.939300,1.503100,1.627600,1.799800
2024-10-11,1.093800,0.837050,162.940000,0.937800,1.506300,1.623300,1.794100
2024-10-14,1.091500,0.836650,163.390000,0.940900,1.504700,1.624800,1.794800
2024-10-15,1.090300,0.833550,162.850000,0.940100,1.506300,1.623600,1.790200
2024-10-16,1.089700,0.836050,162.570000,0.939700,1.501300,1.629100,1.792400
2024-10-17,1.086600,0.834550,162.500000,0.938000,1.497500,1.622800,1.790300
2024-10-18,1.084700,0.831650,162.750000,0.940100,1.496000,1.616500,1.786500
2024-10-21,1.085300,0.833150,162.790000,0.938000,1.499800,1.623000,1.792000
2024-10-22,1.082100,0.833400,163.220000,0.936500,1.496400,1.617700,1.787000
2024-10-23,1.076700,0.831480,164.660000,0.934000,1.490000,1.623300,1.791800
2024-10-24,1.080100,0.832100,164.120000,0.934900,1.492200,1.623400,1.791400
2024-10-25,1.082500,0.833580,164.450000,0.938200,1.498900,1.631100,1.802500
2024-10-28,1.081800,0.832900,165.180000,0.936700,1.503000,1.637200,1.805900
2024-10-29,1.077400,0.830200,165.660000,0.936900,1.498100,1.642300,1.807600
2024-10-30,1.081500,0.834250,165.910000,0.939300,1.507200,1.646000,1.809900
2024-10-31,1.088200,0.837530,166.300000,0.941200,1.513400,1.655900,1.822000
2024-11-01,1.088500,0.839980,165.540000,0.942700,1.514400,1.653000,1.816400
2024-11-04,1.090400,0.840630,165.470000,0.941000,1.515500,1.651600,1.819600
2024-11-05,1.089700,0.839200,165.930000,0.940200,1.512800,1.645200,1.816900
2024-11-06,1.069500,0.832230,165.050000,0.936800,1.489300,1.630100,1.799700
2024-11-07,1.078500,0.831850,165.710000,0.943200,1.496000,1.619600,1.793200
2024-11-08,1.077200,0.831880,164.180000,0.939300,1.498300,1.625900,1.797000
2024-11-11,1.065100,0.826800,163.820000,0.936900,1.484800,1.618600,1.785700
2024-11-12,1.061700,0.828350,163.710000,0.935400,1.479900,1.620600,1.784800
2024-11-13,1.062900,0.834130,164.710000,0.937900,1.484000,1.629900,1.794100
2024-11-14,1.053300,0.831580,164.240000,0.936900,1.475900,1.628500,1.795800
2024-11-15,1.058300,0.834550,164.360000,0.938900,1.486100,1.634500,1.801500
2024-11-18,1.055200,0.835600,163.740000,0.936400,1.487300,1.635200,1.806200
2024-11-19,1.057800,0.836380,162.710000,0.932900,1.483300,1.626400,1.794900
2024-11-20,1.056200,0.833800,164.420000,0.934200,1.476700,1.622500,1.794700
2024-11-21,1.052600,0.832730,162.530000,0.929400,1.470000,1.614100,1.792400
2024-11-22,1.041200,0.832050,160.840000,0.927200,1.456100,1.601800,1.782400
2024-11-25,1.049500,0.834650,161.640000,0.932400,1.464800,1.611100,1.792600
2024-11-26,1.052200,0.834800,161.130000,0.931400,1.483300,1.619100,1.796000
2024-11-27,1.053100,0.834000,159.650000,0.930900,1.480700,1.624700,1.789300
2024-11-28,1.054200,0.832300,159.890000,0.931400,1.477000,1.622800,1.791200
2024-11-29,1.056200,0.832050,158.640000,0.930900,1.479600,1.624500,1.787300
2024-12-02,1.050700,0.828980,157.740000,0.931600,1.474800,1.621100,1.784200
2024-12-03,1.051200,0.831230,157.300000,0.930900,1.475300,1.622000,1.787300
2024-12-04,1.049200,0.828300,158.590000,0.930500,1.475500,1.638400,1.798700
2024-12-05,1.054000,0.828000,158.520000,0.930500,1.480900,1.637700,1.798500
2024-12-06,1.058100,0.828550,159.250000,0.928400,1.488200,1.650600,1.811300
2024-12-09,1.056800,0.828050,159.400000,0.929500,1.491900,1.638000,1.803000
2024-12-10,1.052700,0.825550,159.740000,0.926700,1.490800,1.645200,1.808300
2024-12-11,1.050700,0.824580,160.350000,0.928000,1.490500,1.652500,1.818000
2024-12-12,1.049100,0.824280,159.600000,0.931900,1.486500,1.641300,1.811400
2024-12-13,1.051800,0.830430,161.450000,0.938500,1.495400,1.648800,1.821800
2024-12-16,1.049800,0.829450,161.730000,0.937200,1.495900,1.651000,1.818900
2024-12-17,1.049700,0.826480,161.630000,0.941300,1.499500,1.654700,1.822900
2024-12-18,1.049600,0.825200,161.520000,0.938200,1.502200,1.660200,1.830300
2024-12-19,1.039500,0.824450,163.070000,0.931900,1.493000,1.663100,1.838700
2024-12-20,1.039000,0.829650,162.890000,0.929700,1.494600,1.667400,1.844500
2024-12-23,1.039300,0.829950,163.360000,0.933600,1.497800,1.666700,1.842900
2024-12-24,1.039500,0.828050,163.250000,0.935800,1.498800,1.668100,1.842900
2024-12-27,1.043500,0.830980,164.650000,0.939600,1.500200,1.677700,1.850800
2024-12-30,1.044400,0.829500,164.570000,0.943500,1.503500,1.675600,1.847000
2024-12-31,1.038900,0.829180,163.060000,0.941200,1.494800,1.677200,1.853200
2025-01-02,1.032100,0.831180,162.040000,0.937100,1.488500,1.661800,1.840200
2025-01-03,1.029900,0.829930,161.770000,0.936200,1.484200,1.655600,1.836600
2025-01-06,1.042600,0.830980,163.250000,0.939600,1.491400,1.655500,1.835400
2025-01-07,1.039300,0.829150,163.860000,0.942600,1.487800,1.655700,1.831700
2025-01-08,1.028600,0.834030,162.940000,0.937900,1.480300,1.660000,1.838300
2025-01-09,1.030500,0.838080,162.560000,0.939700,1.483100,1.663000,1.841700
2025-01-10,1.030400,0.836930,162.860000,0.941600,1.484500,1.665500,1.845400
2025-01-13,1.019800,0.841600,160.220000,0.934600,1.469900,1.657800,1.835800
2025-01-14,1.024500,0.842880,161.630000,0.939500,1.474400,1.660100,1.832400
2025-01-15,1.030000,0.843130,161.750000,0.939400,1.478400,1.661600,1.838100
2025-01-16,1.027200,0.842580,160.460000,0.937600,1.477600,1.657400,1.838900
2025-01-17,1.029800,0.844530,160.230000,0.939400,1.486400,1.664600,1.843500
2025-01-20,1.031600,0.845880,161.360000,0.942900,1.492400,1.662700,1.840700
2025-01-21,1.035700,0.845530,161.260000,0.942700,1.496300,1.663900,1.840600
2025-01-22,1.044300,0.844660,162.720000,0.944900,1.497200,1.660300,1.838700
2025-01-23,1.040400,0.844680,162.580000,0.944200,1.498400,1.659400,1.837700
2025-01-24,1.047200,0.844130,163.900000,0.949400,1.501500,1.660000,1.836400
2025-01-27,1.053000,0.841060,162.210000,0.945300,1.509600,1.670000,1.846400
2025-01-28,1.042100,0.838680,161.860000,0.944100,1.501900,1.669800,1.843900
2025-01-29,1.039600,0.837230,161.500000,0.943000,1.501100,1.671000,1.842600
2025-01-30,1.040300,0.836850,160.320000,0.944100,1.499700,1.670500,1.840800
2025-01-31,1.039300,0.836080,160.990000,0.944900,1.503500,1.670200,1.839100
2025-02-03,1.027400,0.831360,158.870000,0.939300,1.505100,1.667100,1.842400
2025-02-04,1.033500,0.831880,160.520000,0.939600,1.489400,1.662900,1.841800
2025-02-05,1.042200,0.830850,159.250000,0.939500,1.487600,1.658000,1.832100
2025-02-06,1.036000,0.836880,157.950000,0.938500,1.486500,1.654700,1.831700
2025-02-07,1.037700,0.833530,157.770000,0.941800,1.488300,1.652500,1.828700
2025-02-10,1.032000,0.832830,156.920000,0.939600,1.479800,1.644800,1.825700
2025-02-11,1.032400,0.833550,157.280000,0.942900,1.478900,1.644200,1.828400
2025-02-12,1.037000,0.833380,159.220000,0.945700,1.483000,1.652500,1.839100
2025-02-13,1.039000,0.833130,159.790000,0.942100,1.484400,1.659100,1.844700
2025-02-14,1.047800,0.832150,160.090000,0.944200,1.485600,1.651400,1.835200
2025-02-17,1.047300,0.831330,158.670000,0.944000,1.486100,1.645600,1.826300
2025-02-18,1.044700,0.830250,158.550000,0.942500,1.484400,1.646600,1.833800
2025-02-19,1.043400,0.828380,158.410000,0.943500,1.482100,1.641900,1.825200
2025-02-20,1.044300,0.828230,156.600000,0.942300,1.484100,1.638200,1.822700
2025-02-21,1.046500,0.827600,157.460000,0.942000,1.485600,1.639400,1.818600
2025-02-24,1.046600,0.828300,156.810000,0.941500,1.487600,1.643400,1.821300
2025-02-25,1.049700,0.829080,157.190000,0.938600,1.496900,1.653800,1.833700
2025-02-26,1.048700,0.828680,156.700000,0.939200,1.505400,1.662200,1.841900
2025-02-27,1.047700,0.826730,156.730000,0.940700,1.504000,1.663800,1.843400
2025-02-28,1.041100,0.826080,156.960000,0.939400,1.501900,1.674100,1.857900
2025-03-03,1.046500,0.825300,158.330000,0.942800,1.510400,1.681100,1.866900
2025-03-04,1.055700,0.827880,156.500000,0.937100,1.522400,1.691900,1.872000
2025-03-05,1.069400,0.835000,160.090000,0.951400,1.539800,1.703000,1.883200
2025-03-06,1.079600,0.837900,159.240000,0.956500,1.550900,1.703700,1.881000
2025-03-07,1.085700,0.840880,160.350000,0.955700,1.556600,1.725800,1.901200
2025-03-10,1.084500,0.838490,159.390000,0.951200,1.564200,1.715800,1.891700
2025-03-11,1.091200,0.843740,161.520000,0.960800,1.573100,1.735700,1.913000
2025-03-12,1.088600,0.840780,162.230000,0.961900,1.568400,1.729700,1.905600
2025-03-13,1.083000,0.837780,160.640000,0.957900,1.559100,1.726400,1.904500
2025-03-14,1.088900,0.841830,161.880000,0.964100,1.569100,1.723700,1.898500
2025-03-17,1.090300,0.840260,162.260000,0.961600,1.562500,1.716000,1.881300
2025-03-18,1.091800,0.841730,163.500000,0.960100,1.559900,1.714700,1.877700
2025-03-19,1.089700,0.840780,163.270000,0.958300,1.560600,1.720800,1.883200
2025-03-20,1.083300,0.836900,160.850000,0.956400,1.559200,1.724200,1.889600
2025-03-21,1.082700,0.837650,160.990000,0.954700,1.555100,1.724000,1.882100
2025-03-24,1.082400,0.836630,162.150000,0.954400,1.552000,1.722300,1.890800
2025-03-25,1.082500,0.835650,162.320000,0.953900,1.545900,1.712300,1.883400
2025-03-26,1.078800,0.836230,162.200000,0.953200,1.538700,1.707700,1.874900
2025-03-27,1.078500,0.833180,162.550000,0.952400,1.542500,1.710100,1.877800
2025-03-28,1.079700,0.833580,162.640000,0.952500,1.544400,1.712000,1.884500
2025-03-31,1.081500,0.835360,161.600000,0.953100,1.553300,1.731800,1.903500
2025-04-01,1.078800,0.836650,160.930000,0.952000,1.552900,1.725500,1.900100
2025-04-02,1.080300,0.834550,161.220000,0.954300,1.547900,1.714600,1.882100
2025-04-03,1.109700,0.841630,162.170000,0.953800,1.563600,1.744800,1.904700
2025-04-04,1.105700,0.849850,160.560000,0.940700,1.569600,1.809800,1.961300
2025-04-07,1.096700,0.855880,160.580000,0.937700,1.565700,1.817400,1.965100
2025-04-08,1.095000,0.856440,160.650000,0.934900,1.551200,1.807300,1.953400
2025-04-09,1.104500,0.864350,159.610000,0.927800,1.567100,1.839100,1.987800
2025-04-10,1.108200,0.857550,161.280000,0.929900,1.560700,1.790500,1.942800
2025-04-11,1.134600,0.866780,162.070000,0.925200,1.573600,1.820100,1.957600
2025-04-14,1.137700,0.863830,162.970000,0.932900,1.578600,1.803400,1.943000
2025-04-15,1.132400,0.855700,161.850000,0.924200,1.571100,1.779400,1.910400
2025-04-16,1.135500,0.856180,162.090000,0.926000,1.580700,1.781600,1.920000
2025-04-17,1.136000,0.858730,161.980000,0.929100,1.577300,1.784500,1.911800
2025-04-22,1.147600,0.858580,161.050000,0.931800,1.589100,1.794500,1.914100
2025-04-23,1.141500,0.857930,161.680000,0.938200,1.578900,1.781400,1.906300
2025-04-24,1.137600,0.855000,162.160000,0.939200,1.576900,1.782300,1.902600
2025-04-25,1.135700,0.853100,162.800000,0.942100,1.575400,1.779700,1.906300
2025-04-28,1.135800,0.851400,162.800000,0.942000,1.574400,1.775900,1.909400
2025-04-29,1.137300,0.849800,162.280000,0.939200,1.574600,1.775400,1.910600
2025-04-30,1.137300,0.851800,162.680000,0.938900,1.572800,1.779800,1.921900
2025-05-02,1.134300,0.853300,163.930000,0.934300,1.567500,1.762000,1.907800
2025-05-05,1.134300,0.851500,163.190000,0.933600,1.566000,1.749200,1.894800
2025-05-06,1.132500,0.846900,161.640000,0.934600,1.562900,1.752200,1.892500
2025-05-07,1.136000,0.851100,162.890000,0.935900,1.567300,1.755300,1.897900
2025-05-08,1.129700,0.847600,163.450000,0.932500,1.569400,1.760500,1.906500
2025-05-09,1.125200,0.847700,163.360000,0.935300,1.565800,1.757200,1.909500
2025-05-12,1.110600,0.842900,164.460000,0.936900,1.553100,1.738400,1.890200
2025-05-13,1.111200,0.840600,164.610000,0.935800,1.555200,1.734100,1.885800
2025-05-14,1.121400,0.841500,164.010000,0.939000,1.563200,1.734000,1.886900
2025-05-15,1.118500,0.842400,163.300000,0.937700,1.564500,1.745700,1.903700
2025-05-16,1.119400,0.842700,163.050000,0.938100,1.564000,1.745800,1.898700
2025-05-19,1.126200,0.841900,163.260000,0.939400,1.570700,1.747100,1.904800
2025-05-20,1.124100,0.841800,162.590000,0.936600,1.568300,1.753800,1.903500
2025-05-21,1.132100,0.844600,162.760000,0.935200,1.572100,1.756900,1.906700
2025-05-22,1.130900,0.842700,162.190000,0.934300,1.568000,1.760800,1.914700
2025-05-23,1.130100,0.838200,161.130000,0.929900,1.563000,1.756900,1.901200
2025-05-26,1.138100,0.839200,162.630000,0.935600,1.561400,1.748800,1.892600
2025-05-27,1.135600,0.838100,163.720000,0.938600,1.564200,1.762400,1.907800
2025-05-28,1.131700,0.839800,163.430000,0.936400,1.564900,1.758000,1.897400
2025-05-29,1.128100,0.837700,163.470000,0.933900,1.559400,1.751300,1.890100
2025-05-30,1.133900,0.841200,162.960000,0.934100,1.565600,1.764700,1.901700
2025-06-02,1.141900,0.843400,162.980000,0.933600,1.564300,1.760600,1.897200
2025-06-03,1.138600,0.843600,163.000000,0.935800,1.564300,1.764000,1.899700
2025-06-04,1.138400,0.842100,164.150000,0.937000,1.560100,1.755200,1.892600
2025-06-05,1.142300,0.841900,163.660000,0.936500,1.560300,1.755000,1.888900
2025-06-06,1.141100,0.842600,164.620000,0.938300,1.563000,1.759200,1.893600
2025-06-09,1.141000,0.842400,164.880000,0.936900,1.561500,1.751400,1.887400
2025-06-10,1.142900,0.846400,165.230000,0.938900,1.564700,1.752900,1.888300
2025-06-11,1.143300,0.847600,166.170000,0.940500,1.564700,1.757800,1.897300
2025-06-12,1.159400,0.853800,166.640000,0.942700,1.580700,1.779900,1.916000
2025-06-13,1.151200,0.850500,165.940000,0.935900,1.569000,1.777700,1.916700
2025-06-16,1.157400,0.852300,166.890000,0.939300,1.570100,1.773200,1.911300
2025-06-17,1.156800,0.852500,167.350000,0.940600,1.568800,1.769300,1.904000
2025-06-18,1.150800,0.855200,166.670000,0.940300,1.571400,1.770300,1.909600
2025-06-19,1.147800,0.854100,167.200000,0.938900,1.573500,1.774400,1.919200
2025-06-20,1.151500,0.853700,167.670000,0.941500,1.579300,1.775400,1.922900
2025-06-23,1.147200,0.856700,169.270000,0.938700,1.581800,1.796300,1.945400
2025-06-24,1.160700,0.852700,168.270000,0.938700,1.591500,1.783400,1.924400
2025-06-25,1.159800,0.852600,169.070000,0.936100,1.592800,1.785400,1.927200
2025-06-26,1.169500,0.853500,168.920000,0.937900,1.600800,1.790600,1.933200
2025-06-27,1.170400,0.852900,169.240000,0.935900,1.597700,1.791200,1.931800
2025-06-30,1.172000,0.855500,169.170000,0.934700,1.602700,1.794800,1.933400
2025-07-01,1.181000,0.858800,168.700000,0.932400,1.607600,1.793500,1.932400
2025-07-02,1.175500,0.860500,169.450000,0.933000,1.604100,1.793400,1.940200
2025-07-03,1.178200,0.862900,169.580000,0.935100,1.601000,1.792800,1.942000
2025-07-04,1.176700,0.862500,169.920000,0.934600,1.599500,1.794800,1.941300
2025-07-07,1.172800,0.861100,170.710000,0.935400,1.601600,1.804300,1.955200
2025-07-08,1.171800,0.863200,171.700000,0.935100,1.600600,1.792500,1.949900
2025-07-09,1.169800,0.861300,171.630000,0.932500,1.603000,1.793800,1.954400
2025-07-10,1.170900,0.862700,171.330000,0.932000,1.602800,1.787300,1.947600
2025-07-11,1.168300,0.865700,171.810000,0.931000,1.600700,1.777700,1.944700
2025-07-14,1.169000,0.866700,172.270000,0.930700,1.598400,1.780600,1.951700
2025-07-15,1.166500,0.867900,172.580000,0.929900,1.597300,1.778500,1.947400
2025-07-16,1.160200,0.865900,172.560000,0.932600,1.592400,1.779400,1.952700
2025-07-17,1.157900,0.864400,172.280000,0.932300,1.593700,1.792300,1.958700
2025-07-18,1.165000,0.865600,172.940000,0.932400,1.598400,1.785200,1.949300
2025-07-21,1.166700,0.865600,172.020000,0.932500,1.599000,1.788300,1.953600
2025-07-22,1.169900,0.867500,172.170000,0.932600,1.599300,1.794400,1.962900
2025-07-23,1.172600,0.866500,171.530000,0.930600,1.592800,1.777600,1.940900
2025-07-24,1.175600,0.867500,172.220000,0.934100,1.600900,1.777100,1.942700
2025-07-25,1.172400,0.871500,173.110000,0.934300,1.603500,1.785200,1.949600
2025-07-28,1.165400,0.867900,172.650000,0.933400,1.599200,1.785300,1.948700
2025-07-29,1.153300,0.865000,171.580000,0.930500,1.588700,1.775300,1.939800
2025-07-30,1.152700,0.862200,170.960000,0.930100,1.590000,1.777500,1.939100
2025-07-31,1.144600,0.864900,171.520000,0.929700,1.583800,1.776200,1.937500
2025-08-01,1.140400,0.866500,171.610000,0.931200,1.582200,1.775600,1.945600
2025-08-04,1.156500,0.870400,170.450000,0.934400,1.593400,1.784600,1.954400
2025-08-05,1.154600,0.869300,170.420000,0.934700,1.592800,1.786000,1.958400
2025-08-06,1.160400,0.871700,171.220000,0.936900,1.596700,1.784400,1.956700
2025-08-07,1.164300,0.867300,171.600000,0.941300,1.600100,1.785200,1.956000
2025-08-08,1.164800,0.867100,172.180000,0.941000,1.600300,1.785700,1.956200
2025-08-11,1.162200,0.865600,171.860000,0.943000,1.602000,1.785800,1.959700
2025-08-12,1.160600,0.862100,172.300000,0.941800,1.601500,1.788700,1.960500
2025-08-13,1.171100,0.863100,172.470000,0.940900,1.611400,1.787200,1.956900
2025-08-14,1.169000,0.861000,171.300000,0.941500,1.611300,1.791800,1.964900
2025-08-15,1.168800,0.862200,171.810000,0.941800,1.612000,1.794700,1.971700
2025-08-18,1.167300,0.862100,172.270000,0.942300,1.609800,1.793100,1.966500
2025-08-19,1.168200,0.864000,172.670000,0.940900,1.613300,1.799400,1.971300
2025-08-20,1.165100,0.864500,171.770000,0.940300,1.615600,1.809400,1.998300
2025-08-21,1.163900,0.865400,172.090000,0.938900,1.616400,1.811800,1.998600
2025-08-22,1.160800,0.865300,172.600000,0.938300,1.615100,1.806800,1.997800
2025-08-25,1.169700,0.865900,172.360000,0.938500,1.617100,1.800500,1.992800
2025-08-26,1.165600,0.864200,171.770000,0.937600,1.613700,1.795600,1.990300
2025-08-27,1.159300,0.862600,171.630000,0.935000,1.605600,1.791600,1.989400
2025-08-28,1.167600,0.863700,171.480000,0.935300,1.606200,1.788000,1.987100
2025-08-29,1.165800,0.866800,171.720000,0.936400,1.603100,1.786500,1.981100
2025-09-01,1.171500,0.866200,172.470000,0.938300,1.610500,1.788500,1.986300
2025-09-02,1.164600,0.870200,173.100000,0.936600,1.605600,1.789700,1.989200
2025-09-03,1.165300,0.868700,173.170000,0.937400,1.607900,1.782300,1.985700
2025-09-04,1.164700,0.866300,172.760000,0.938300,1.609400,1.787000,1.988700
2025-09-05,1.169700,0.867800,173.090000,0.939000,1.613800,1.787000,1.990100
2025-09-08,1.172800,0.866900,173.390000,0.932800,1.619000,1.779900,1.976100
2025-09-09,1.174400,0.866300,172.360000,0.933100,1.622000,1.777100,1.974100
2025-09-10,1.170700,0.865000,172.670000,0.933800,1.622400,1.772000,1.970400
2025-09-11,1.168500,0.864700,172.880000,0.934600,1.622200,1.769700,1.971300
2025-09-12,1.171800,0.865300,173.330000,0.934700,1.622700,1.764600,1.970200
2025-09-15,1.176600,0.864100,173.380000,0.935300,1.626200,1.765900,1.972300
2025-09-16,1.180700,0.865600,173.550000,0.933600,1.623300,1.769800,1.975900
2025-09-17,1.183700,0.867500,173.280000,0.931700,1.628100,1.772800,1.978600
2025-09-18,1.181800,0.868000,174.240000,0.933100,1.628800,1.778100,2.002900
2025-09-19,1.173600,0.870800,173.790000,0.934400,1.621400,1.780200,2.002900
2025-09-22,1.178100,0.872900,174.170000,0.934800,1.627200,1.786500,2.010400
2025-09-23,1.179300,0.872900,174.300000,0.934400,1.630700,1.785400,2.011300
2025-09-24,1.175600,0.873100,174.510000,0.933500,1.630200,1.779100,2.013900
2025-09-25,1.173900,0.874800,174.700000,0.934400,1.631000,1.783200,2.020000
2025-09-26,1.167200,0.874000,174.790000,0.933200,1.628000,1.788100,2.025700
2025-09-29,1.172300,0.872300,174.380000,0.935700,1.633300,1.785900,2.027000
2025-09-30,1.174100,0.873400,173.760000,0.936400,1.634600,1.776000,2.025700
2025-10-01,1.172400,0.870400,172.470000,0.936500,1.633700,1.774100,2.018400
2025-10-02,1.175400,0.872100,172.530000,0.935000,1.638700,1.778600,2.016300
2025-10-03,1.173400,0.872600,172.900000,0.934300,1.638700,1.777100,2.012200
2025-10-06,1.167800,0.869500,175.220000,0.931400,1.630400,1.769800,2.006000
2025-10-07,1.166600,0.870300,176.050000,0.931400,1.628000,1.770800,2.009100
2025-10-08,1.162700,0.867100,177.530000,0.930500,1.621000,1.768900,2.013000
2025-10-09,1.161100,0.868300,177.400000,0.930900,1.619800,1.760000,2.009700
2025-10-10,1.156800,0.870900,176.460000,0.932400,1.621800,1.765000,2.011000
2025-10-13,1.156900,0.867700,175.980000,0.930400,1.620700,1.777500,2.022000
2025-10-14,1.155300,0.871200,175.720000,0.929600,1.624900,1.790600,2.030900
2025-10-15,1.162200,0.870500,176.130000,0.930500,1.632300,1.783900,2.030900
2025-10-16,1.164900,0.867600,176.230000,0.930200,1.637000,1.792600,2.030900
2025-10-17,1.168100,0.869500,175.700000,0.925700,1.639300,1.799500,2.038000
2025-10-20,1.165500,0.869100,175.710000,0.923900,1.636800,1.796500,2.034900
2025-10-21,1.160700,0.867800,176.450000,0.923000,1.630100,1.788500,2.028700
2025-10-22,1.158700,0.868900,175.920000,0.922800,1.625400,1.786400,2.018500
2025-10-23,1.159300,0.869100,176.940000,0.924900,1.622100,1.782500,2.018400
2025-10-24,1.161200,0.872600,177.550000,0.924800,1.628600,1.786200,2.021400
2025-10-27,1.164000,0.872100,177.930000,0.926400,1.627600,1.774700,2.018600
2025-10-28,1.163000,0.876000,177.110000,0.926200,1.628400,1.774500,2.017500
2025-10-29,1.163600,0.880700,177.070000,0.927800,1.620700,1.763100,2.011900
2025-10-30,1.155000,0.880100,178.370000,0.928100,1.617900,1.767200,2.016400
2025-10-31,1.155400,0.881600,178.140000,0.928700,1.620700,1.767200,2.021200
2025-11-03,1.151400,0.876500,177.570000,0.929800,1.617000,1.759700,2.015600
2025-11-04,1.149100,0.879500,176.390000,0.929500,1.617800,1.769100,2.029900
2025-11-05,1.149200,0.881000,176.670000,0.930700,1.623800,1.772400,2.034900
2025-11-06,1.153300,0.880700,177.150000,0.931600,1.625200,1.769700,2.035300
2025-11-07,1.156100,0.881100,176.990000,0.931200,1.631100,1.783800,2.056900
2025-11-10,1.157100,0.877800,178.310000,0.931800,1.621300,1.771000,2.051100
2025-11-11,1.157500,0.880400,178.460000,0.927800,1.623400,1.773800,2.047800
2025-11-12,1.157600,0.882300,179.190000,0.925000,1.621600,1.769600,2.043200
2025-11-13,1.161900,0.881900,179.570000,0.924400,1.627200,1.772200,2.050700
2025-11-14,1.164800,0.884600,179.220000,0.918500,1.633100,1.784700,2.048900
2025-11-17,1.159300,0.879500,179.570000,0.922500,1.627000,1.779800,2.046400
2025-11-18,1.159000,0.882100,179.940000,0.923300,1.625700,1.783000,2.045900
2025-11-19,1.158300,0.882700,180.850000,0.928400,1.623000,1.785300,2.058500
2025-11-20,1.151400,0.881500,181.470000,0.929400,1.619400,1.777300,2.050800
2025-11-21,1.152000,0.880300,180.560000,0.928900,1.622600,1.787300,2.056000
2025-11-24,1.154400,0.880400,181.220000,0.932400,1.627900,1.787800,2.053100
2025-11-25,1.155100,0.878800,180.420000,0.934500,1.630100,1.787700,2.060300
2025-11-26,1.157700,0.877600,181.090000,0.934100,1.630900,1.781800,2.039500
2025-11-27,1.158600,0.875400,181.110000,0.933700,1.627300,1.775300,2.027700
2025-11-28,1.156600,0.875200,180.570000,0.931800,1.621000,1.772100,2.024700
2025-12-01,1.164600,0.877800,180.280000,0.932300,1.625900,1.774000,2.025700
2025-12-02,1.161400,0.879600,181.260000,0.934600,1.626400,1.772300,2.029400
2025-12-03,1.166800,0.876600,181.280000,0.933600,1.627000,1.770000,2.029200
2025-12-04,1.166600,0.874500,180.550000,0.934000,1.629900,1.765700,2.023600
2025-12-05,1.164500,0.872700,180.760000,0.936500,1.623000,1.754600,2.015800
2025-12-08,1.165500,0.874600,181.290000,0.938800,1.609000,1.754900,2.013000
2025-12-09,1.163700,0.873500,181.960000,0.938500,1.611400,1.753200,2.011100
2025-12-10,1.163400,0.874100,182.320000,0.935600,1.610800,1.751300,2.012600
2025-12-11,1.171400,0.875100,182.250000,0.933300,1.616400,1.760100,2.015500
2025-12-12,1.173100,0.876700,182.990000,0.933300,1.613900,1.759400,2.018900
2025-12-15,1.175300,0.877900,182.320000,0.935500,1.616900,1.766900,2.029000
2025-12-16,1.177600,0.876400,182.070000,0.935100,1.620600,1.773700,2.034600
2025-12-17,1.172200,0.878500,182.380000,0.933200,1.616500,1.770400,2.029400
2025-12-18,1.171900,0.874600,182.550000,0.931600,1.616100,1.773400,2.032400
2025-12-19,1.171200,0.876000,184.150000,0.931800,1.615500,1.773900,2.041000
2025-12-22,1.174500,0.874200,184.770000,0.931600,1.616800,1.766700,2.028300
2025-12-23,1.178600,0.872900,183.890000,0.928700,1.614800,1.760700,2.018900
2025-12-24,1.178700,0.872900,183.830000,0.928400,1.612800,1.758700,2.019700
2025-12-29,1.176600,0.872600,183.970000,0.929300,1.610600,1.758300,2.029500
2025-12-30,1.175700,0.871200,183.480000,0.929300,1.610400,1.754300,2.027800
2025-12-31,1.175000,0.872600,184.090000,0.931400,1.608800,1.758100,2.038000
2026-01-02,1.172100,0.871900,183.940000,0.929600,1.609700,1.750800,2.031700
2026-01-05,1.166400,0.867600,182.930000,0.928900,1.608700,1.749200,2.029600
2026-01-06,1.170700,0.866300,183.140000,0.928700,1.612900,1.742200,2.023200
2026-01-07,1.168400,0.866400,182.910000,0.930400,1.613500,1.736700,2.020000
2026-01-08,1.167500,0.868700,182.970000,0.931200,1.618300,1.743300,2.031300
2026-01-09,1.164200,0.867700,183.520000,0.931400,1.616300,1.744100,2.033900
2026-01-12,1.169200,0.867400,184.420000,0.931300,1.621900,1.740900,2.027000
2026-01-13,1.165400,0.866000,185.120000,0.931100,1.617200,1.739400,2.023100
2026-01-14,1.165100,0.866800,184.820000,0.933300,1.616900,1.745000,2.030300
2026-01-15,1.162400,0.867400,184.310000,0.931400,1.616200,1.738200,2.024600
2026-01-16,1.161700,0.867000,183.670000,0.931300,1.613500,1.734400,2.017900
2026-01-19,1.163100,0.867100,183.690000,0.928200,1.614900,1.734200,2.009800
2026-01-20,1.172800,0.872200,185.180000,0.926800,1.621500,1.742000,2.009800
2026-01-21,1.173900,0.874400,185.230000,0.926800,1.619200,1.734000,2.001900
2026-01-22,1.170600,0.872200,185.880000,0.928300,1.617100,1.719700,1.991000
2026-01-23,1.174200,0.868100,185.710000,0.927700,1.616100,1.710400,1.985500
2026-01-26,1.183600,0.867500,182.520000,0.922300,1.623000,1.713300,1.987700
2026-01-27,1.192900,0.868300,182.920000,0.919700,1.631600,1.716700,1.990700
2026-01-28,1.197400,0.868500,182.760000,0.918800,1.624200,1.710700,1.985900
2026-01-29,1.196800,0.866200,183.480000,0.918200,1.618600,1.693500,1.968900
2026-01-30,1.191900,0.866200,183.590000,0.915700,1.612000,1.700100,1.966000
2026-02-02,1.184000,0.865800,183.590000,0.919900,1.615700,1.704200,1.970500
2026-02-03,1.180100,0.862300,183.920000,0.917300,1.611600,1.683000,1.953200
2026-02-04,1.182000,0.861600,185.150000,0.916800,1.613800,1.681400,1.960200
2026-02-05,1.179800,0.869100,185.110000,0.916100,1.614400,1.692200,1.967600
2026-02-06,1.179400,0.867900,185.270000,0.917500,1.611800,1.688000,1.967300
2026-02-09,1.188600,0.870100,185.650000,0.915000,1.617400,1.684300,1.968500
2026-02-10,1.189400,0.869500,184.510000,0.912300,1.614100,1.683000,1.968700
2026-02-11,1.190000,0.869900,182.790000,0.913600,1.613800,1.673700,1.963700
2026-02-12,1.187400,0.871100,182.520000,0.914200,1.612800,1.667800,1.958800
2026-02-13,1.186200,0.871600,181.830000,0.912100,1.616100,1.682400,1.969300
2026-02-16,1.185500,0.869000,181.790000,0.912900,1.615500,1.673100,1.962300
2026-02-17,1.182600,0.873300,181.060000,0.911600,1.614900,1.677600,1.962300
2026-02-18,1.184500,0.872400,181.990000,0.912400,1.616400,1.674800,1.973000
2026-02-19,1.175300,0.873800,182.050000,0.911900,1.610700,1.669800,1.972800
2026-02-20,1.176700,0.872800,182.630000,0.913200,1.611200,1.669700,1.976300
2026-02-23,1.178400,0.873400,182.440000,0.914500,1.613200,1.666900,1.975000
2026-02-24,1.177700,0.873100,183.530000,0.912000,1.614800,1.671800,1.978300
2026-02-25,1.178400,0.871400,184.700000,0.913000,1.613300,1.661700,1.972700
2026-02-26,1.181400,0.871900,184.370000,0.914000,1.615500,1.659200,1.972100
2026-02-27,1.180500,0.876300,184.130000,0.910400,1.613900,1.661200,1.973100
2026-03-02,1.169800,0.873900,184.190000,0.911700,1.599100,1.657900,1.970900
2026-03-03,1.160600,0.871700,182.980000,0.910700,1.588300,1.653400,1.968800
2026-03-04,1.164900,0.870500,183.020000,0.908200,1.591000,1.650300,1.967400
2026-03-05,1.161800,0.869500,183.030000,0.906400,1.582800,1.649000,1.962300
2026-03-06,1.156100,0.866930,182.570000,0.904500,1.578200,1.650100,1.968700
2026-03-09,1.155500,0.865300,183.150000,0.900800,1.568000,1.646500,1.956300
2026-03-10,1.164100,0.865450,183.670000,0.902700,1.577700,1.635500,1.959600
2026-03-11,1.158100,0.863630,183.630000,0.903100,1.574200,1.619500,1.957100
2026-03-12,1.154700,0.862430,183.430000,0.902800,1.570600,1.619000,1.958800
2026-03-13,1.147600,0.865030,182.850000,0.903400,1.572600,1.629300,1.969100
2026-03-16,1.147800,0.864080,182.660000,0.904100,1.570300,1.627200,1.964700
2026-03-17,1.153100,0.864300,183.290000,0.906800,1.580400,1.622700,1.969300
2026-03-18,1.150000,0.863930,183.490000,0.907300,1.577400,1.630500,1.976300
2026-03-19,1.148900,0.863880,182.460000,0.912100,1.577000,1.640300,1.980000
2026-03-20,1.155500,0.864380,183.460000,0.909600,1.584900,1.635100,1.972300
2026-03-23,1.159600,0.864200,183.860000,0.912400,1.589600,1.651900,1.983600
2026-03-24,1.157200,0.865410,183.910000,0.914500,1.591000,1.665200,1.989500
2026-03-25,1.159200,0.865580,184.270000,0.915300,1.597700,1.664700,1.992100
2026-03-26,1.153900,0.865150,184.190000,0.915100,1.596400,1.669300,1.995800
2026-03-27,1.151700,0.867200,184.160000,0.917800,1.597400,1.673100,2.001900
2026-03-30,1.148400,0.868030,183.120000,0.918700,1.598700,1.674000,2.006800
2026-03-31,1.149800,0.868330,183.390000,0.919400,1.602200,1.669300,2.006100
2026-04-01,1.160500,0.871130,183.730000,0.919100,1.612400,1.668900,2.010200
2026-04-02,1.152500,0.872530,183.940000,0.921300,1.603000,1.677100,2.019100
2026-04-07,1.155700,0.872580,184.730000,0.924200,1.607800,1.666500,2.026700
2026-04-08,1.170600,0.868930,185.130000,0.922300,1.622500,1.658900,2.005500
2026-04-09,1.168500,0.870530,185.700000,0.924000,1.617500,1.659300,2.001900
2026-04-10,1.171100,0.871050,186.430000,0.924100,1.618700,1.656100,2.003400
2026-04-13,1.168400,0.870580,186.750000,0.924200,1.617700,1.661000,2.008100
2026-04-14,1.179300,0.869130,187.330000,0.921000,1.622500,1.655800,1.999200
2026-04-15,1.178000,0.869350,187.410000,0.922000,1.623500,1.650700,1.997800
2026-04-16,1.178200,0.869930,187.310000,0.923000,1.617400,1.642500,1.998600
2026-04-17,1.179700,0.871680,187.720000,0.923100,1.612900,1.643800,2.003200
2026-04-20,1.176000,0.870450,186.880000,0.918900,1.610500,1.643200,2.000300
2026-04-21,1.176700,0.870350,187.140000,0.917200,1.607000,1.642300,1.990700
2026-04-22,1.173300,0.869030,186.810000,0.917500,1.603400,1.640400,1.986600
2026-04-23,1.169400,0.865750,186.500000,0.917700,1.598600,1.634700,1.986100
2026-04-24,1.171200,0.868030,186.710000,0.919900,1.602300,1.639300,1.993900
2026-04-27,1.174900,0.865800,187.060000,0.921000,1.597900,1.633700,1.985100
2026-04-28,1.168000,0.867150,186.580000,0.923800,1.597400,1.632700,1.990500
2026-04-29,1.170600,0.866430,187.050000,0.923600,1.600700,1.634400,1.998100
2026-04-30,1.170200,0.866250,183.210000,0.919000,1.599400,1.637100,1.995700
2026-05-04,1.170000,0.863580,183.830000,0.917300,1.593000,1.628900,1.987400
2026-05-05,1.168600,0.863430,184.420000,0.916500,1.591000,1.629900,1.987600
2026-05-06,1.176200,0.863700,183.740000,0.916500,1.599900,1.623800,1.971300
2026-05-07,1.177000,0.864100,184.070000,0.915700,1.604000,1.621900,1.968600
2026-05-08,1.176100,0.864100,184.370000,0.915600,1.606300,1.625900,1.973500
2026-05-11,1.176500,0.864880,184.870000,0.916300,1.607900,1.624900,1.978500
2026-05-12,1.173800,0.868030,184.980000,0.917200,1.608800,1.625200,1.974300
2026-05-13,1.171500,0.867130,184.830000,0.915500,1.603900,1.615800,1.974900
2026-05-14,1.170200,0.866180,184.830000,0.915000,1.606000,1.616200,1.973400
2026-05-15,1.162800,0.870500,184.360000,0.914400,1.599500,1.626500,1.990800
2026-05-18,1.164800,0.870200,184.930000,0.914400,1.600600,1.625600,1.985800
2026-05-19,1.162000,0.866710,184.890000,0.915000,1.598500,1.632700,1.988000
2026-05-20,1.160000,0.865550,184.480000,0.916500,1.595900,1.627100,1.984100
2026-05-21,1.159900,0.864330,184.590000,0.914500,1.597200,1.627300,1.980200
2026-05-22,1.159500,0.864180,184.530000,0.911900,1.600200,1.628300,1.981700
2026-05-25,1.164300,0.862550,185.040000,0.909900,1.608200,1.624000,1.982000
2026-05-26,1.163400,0.863750,185.220000,0.913600,1.606900,1.623600,1.991300
2026-05-27,1.163700,0.866180,185.520000,0.915300,1.609900,1.632100,1.977400
2026-05-28,1.161700,0.866650,185.240000,0.916700,1.609400,1.631800,1.971300
2026-05-29,1.164400,0.867230,185.450000,0.911100,1.607400,1.623800,1.949100
2026-06-01,1.164600,0.864930,185.740000,0.912800,1.610600,1.623400,1.955800
2026-06-02,1.164900,0.864650,186.090000,0.914900,1.611900,1.622100,1.961800
2026-06-03,1.161400,0.863700,185.660000,0.916700,1.609400,1.621800,1.969500
2026-06-04,1.164000,0.864900,186.010000,0.916800,1.617600,1.629700,1.979100
2026-06-05,1.164000,0.864330,186.080000,0.917500,1.615900,1.630100,1.980600
2026-06-08,1.154000,0.863600,184.600000,0.918700,1.608300,1.631100,1.979200
2026-06-09,1.157300,0.863400,185.350000,0.920600,1.611100,1.639100,1.981000
2026-06-10,1.153900,0.862280,185.190000,0.922200,1.607300,1.647500,1.987900
2026-06-11,1.153700,0.863300,185.210000,0.922100,1.612700,1.648700,1.994000
2026-06-12,1.156700,0.863050,185.300000,0.921700,1.618000,1.644200,1.986000
2026-06-15,1.160700,0.864830,185.930000,0.921200,1.622800,1.642400,1.988200
2026-06-16,1.159400,0.864710,185.940000,0.922400,1.624800,1.641100,1.990600
2026-06-17,1.159100,0.864630,185.820000,0.919300,1.624100,1.641800,1.995200
2026-06-18,1.146100,0.866380,184.440000,0.921800,1.618900,1.636200,1.988900
2026-06-19,1.146700,0.866530,184.880000,0.924800,1.622800,1.634800,1.996700
2026-06-22,1.145600,0.864680,185.330000,0.925700,1.622300,1.634600,1.999100
2026-06-23,1.139200,0.862000,184.020000,0.922500,1.616200,1.642300,2.006500
2026-06-24,1.134000,0.861650,183.350000,0.921600,1.614000,1.643600,2.009600
2026-06-25,1.134200,0.861830,183.570000,0.922300,1.615100,1.645400,2.011500
2026-06-26,1.140100,0.862530,184.300000,0.921800,1.616900,1.651800,2.018100
2026-06-29,1.140600,0.862150,184.620000,0.922200,1.620100,1.653100,2.017500
2026-06-30,1.139400,0.861780,185.080000,0.922400,1.622000,1.654400,2.013600
2026-07-01,1.138300,0.859730,185.210000,0.923400,1.619100,1.651800,2.006900
2026-07-02,1.139900,0.856650,184.190000,0.920000,1.620300,1.654600,2.010100
2026-07-03,1.144800,0.857200,184.480000,0.919000,1.625800,1.650000,2.004900
2026-07-06,1.141500,0.855380,185.310000,0.920100,1.623600,1.646200,2.007900
2026-07-07,1.143300,0.854110,185.090000,0.921800,1.625500,1.645500,2.008800
2026-07-08,1.140400,0.854350,185.300000,0.922200,1.617600,1.647100,2.001900
2026-07-09,1.143500,0.853630,185.720000,0.922700,1.620200,1.647800,1.991600
2026-07-10,1.143000,0.851550,185.020000,0.922300,1.617700,1.644700,1.980800
2026-07-13,1.142400,0.853300,185.230000,0.925300,1.614800,1.645400,1.977000
2026-07-14,1.140500,0.852150,185.010000,0.925700,1.609500,1.642800,1.966200
2026-07-15,1.140600,0.850930,185.220000,0.925600,1.605300,1.633500,1.960800
2026-07-16,1.146700,0.848730,185.990000,0.925000,1.608200,1.636200,1.958300
2026-07-17,1.143500,0.850980,185.650000,0.922800,1.603500,1.639400,1.960900
2026-07-20,1.142600,0.848880,185.540000,0.923600,1.603200,1.630700,1.952000
2026-07-21,1.141800,0.852050,185.820000,0.925900,1.606900,1.627600,1.953300
2026-07-22,1.140800,0.853400,186.030000,0.926800,1.607100,1.631200,1.960800
2026-07-23,1.139200,0.853180,186.230000,0.929500,1.603400,1.629100,1.968900
2026-07-24,1.137700,0.853880,186.380000,0.930200,1.602600,1.628100,1.965600
2026-07-27,1.138900,0.855240,186.370000,0.928400,1.606400,1.627100,1.966300
2026-07-28,1.136700,0.855500,186.320000,0.931900,1.603600,1.631200,1.969300
2026-07-29,1.138000,0.856350,186.270000,0.933200,1.605100,1.639700,1.970900
2026-07-30,1.147600,0.857150,186.990000,0.932400,1.611900,1.643900,1.964600
2026-07-31,1.148500,0.855730,184.030000,0.930400,1.612600,1.636500,1.958900
2026-08-03,1.153500,0.856330,180.730000,0.932000,1.618100,1.646300,1.963600
2026-08-04,1.151500,0.856390,181.260000,0.931900,1.619100,1.637700,1.956800
2026-08-05,1.155400,0.857200,182.080000,0.934500,1.623000,1.638500,1.968000
2026-08-06,1.154200,0.857050,182.170000,0.934600,1.615600,1.639000,1.961900
2026-08-07,1.153500,0.857650,182.640000,0.934700,1.616000,1.638400,1.964600
2026-08-10,1.155500,0.855650,183.310000,0.934000,1.610800,1.635900,1.961300
2026-08-11,1.154000,0.854830,183.720000,0.935100,1.608400,1.633600,1.962600
2026-08-12,1.154500,0.853580,183.670000,0.936600,1.607700,1.632700,1.967500
2026-08-13,1.153400,0.854900,183.770000,0.937300,1.608900,1.635600,1.973500
2026-08-14,1.156700,0.854500,183.930000,0.939000,1.604900,1.633300,1.964200
2026-08-17,1.159300,0.855000,184.590000,0.938900,1.606700,1.627100,1.959300
2026-08-18,1.157600,0.855850,184.870000,0.940600,1.606000,1.627800,1.967200
2026-08-19,1.160500,0.856080,184.620000,0.940200,1.609800,1.640100,1.973800
2026-08-20,1.168100,0.857250,185.450000,0.933300,1.608500,1.643800,1.965700
2026-08-21,1.169900,0.856700,185.660000,0.935300,1.607400,1.632100,1.954100
2026-08-24,1.166400,0.855500,185.600000,0.936200,1.615400,1.628700,1.956700
2026-08-25,1.166200,0.855500,185.700000,0.936100,1.616300,1.630300,1.954700
2026-08-26,1.166900,0.856130,185.620000,0.938000,1.617600,1.624100,1.958200
2026-08-27,1.164500,0.857400,185.610000,0.937600,1.615100,1.619600,1.956600
2026-08-28,1.164300,0.857200,185.920000,0.936400,1.613000,1.618300,1.958500
2026-08-31,1.159600,0.856480,185.220000,0.937600,1.610200,1.619100,1.959900
2026-09-01,1.159000,0.856550,185.630000,0.939400,1.609600,1.623000,1.967400
2026-09-02,1.157800,0.858700,184.780000,0.942400,1.612200,1.619900,1.986800
2026-09-03,1.161500,0.860550,181.210000,0.939000,1.601900,1.614700,1.978000
2026-09-04,1.162200,0.858980,181.590000,0.940500,1.603800,1.613400,1.975500
2026-09-07,1.162200,0.858940,179.850000,0.940500,1.606200,1.610900,1.978000
2026-09-08,1.161400,0.857400,179.200000,0.942500,1.603300,1.609800,1.987700
2026-09-09,1.165200,0.858980,178.590000,0.940400,1.604300,1.612800,1.990300
2026-09-10,1.161600,0.859150,179.090000,0.943200,1.604900,1.616700,1.994000
2026-09-11,1.159200,0.858150,178.560000,0.945100,1.606400,1.616100,1.991400
2026-09-14,1.155100,0.855980,178.520000,0.943100,1.604100,1.620200,2.001200
2026-09-15,1.153900,0.855800,178.860000,0.944100,1.606200,1.619400,2.004200
2026-09-16,1.153700,0.857400,178.880000,0.944900,1.608200,1.617600,2.002100
2026-09-17,1.148100,0.858300,178.750000,0.946600,1.606800,1.613900,1.999300
