session,root,type,symbol,expiry,right,strike,settle,settle_flag,oi
2026-08-18,CAU,OPT,CAUU6 C5600,2026-09-04,C,0.56,0.159700000,3,
2026-08-18,CAU,OPT,CAUU6 C5700,2026-09-04,C,0.57,0.149700000,3,
2026-08-18,CAU,OPT,CAUU6 C5800,2026-09-04,C,0.58,0.139800000,3,
2026-08-18,CAU,OPT,CAUU6 C5900,2026-09-04,C,0.59,0.129800000,3,
2026-08-18,CAU,OPT,CAUU6 C6000,2026-09-04,C,0.6,0.119800000,3,
2026-08-18,CAU,OPT,CAUU6 C6100,2026-09-04,C,0.61,0.109800000,3,
2026-08-18,CAU,OPT,CAUU6 C6200,2026-09-04,C,0.62,0.099800000,3,
2026-08-18,CAU,OPT,CAUU6 C6300,2026-09-04,C,0.63,0.089800000,3,
2026-08-18,CAU,OPT,CAUU6 C6400,2026-09-04,C,0.64,0.079900000,3,
2026-08-18,CAU,OPT,CAUU6 C6500,2026-09-04,C,0.65,0.069900000,3,
2026-08-18,CAU,OPT,CAUU6 C6550,2026-09-04,C,0.655,0.064900000,3,
2026-08-18,CAU,OPT,CAUU6 C6600,2026-09-04,C,0.66,0.059900000,3,
2026-08-18,CAU,OPT,CAUU6 C6650,2026-09-04,C,0.665,0.054900000,3,
2026-08-18,CAU,OPT,CAUU6 C6700,2026-09-04,C,0.67,0.049900000,3,
2026-08-18,CAU,OPT,CAUU6 C6750,2026-09-04,C,0.675,0.044900000,3,
2026-08-18,CAU,OPT,CAUU6 C6800,2026-09-04,C,0.68,0.039900000,3,2500
2026-08-18,CAU,OPT,CAUU6 C6850,2026-09-04,C,0.685,0.034900000,3,
2026-08-18,CAU,OPT,CAUU6 C6900,2026-09-04,C,0.69,0.030000000,3,2500
2026-08-18,CAU,OPT,CAUU6 C6950,2026-09-04,C,0.695,0.025000000,3,
2026-08-18,CAU,OPT,CAUU6 C7000,2026-09-04,C,0.7,0.020000000,3,51
2026-08-18,CAU,OPT,CAUU6 C7050,2026-09-04,C,0.705,0.015100000,3,62
2026-08-18,CAU,OPT,CAUU6 C7080,2026-09-04,C,0.708,0.012100000,3,
2026-08-18,CAU,OPT,CAUU6 C7090,2026-09-04,C,0.709,0.011200000,3,
2026-08-18,CAU,OPT,CAUU6 C7100,2026-09-04,C,0.71,0.010200000,3,124
2026-08-18,CAU,OPT,CAUU6 C7110,2026-09-04,C,0.711,0.009300000,3,
2026-08-18,CAU,OPT,CAUU6 C7120,2026-09-04,C,0.712,0.008400000,3,
2026-08-18,CAU,OPT,CAUU6 C7130,2026-09-04,C,0.713,0.007500000,3,
2026-08-18,CAU,OPT,CAUU6 C7140,2026-09-04,C,0.714,0.006700000,3,
2026-08-18,CAU,OPT,CAUU6 C7150,2026-09-04,C,0.715,0.005900000,3,570
2026-08-18,CAU,OPT,CAUU6 C7160,2026-09-04,C,0.716,0.005100000,3,
2026-08-18,CAU,OPT,CAUU6 C7170,2026-09-04,C,0.717,0.004400000,3,
2026-08-18,CAU,OPT,CAUU6 C7180,2026-09-04,C,0.718,0.003800000,3,3
2026-08-18,CAU,OPT,CAUU6 C7190,2026-09-04,C,0.719,0.003200000,3,2
2026-08-18,CAU,OPT,CAUU6 C7200,2026-09-04,C,0.72,0.002700000,3,2858
2026-08-18,CAU,OPT,CAUU6 C7210,2026-09-04,C,0.721,0.002200000,3,245
2026-08-18,CAU,OPT,CAUU6 C7220,2026-09-04,C,0.722,0.001800000,3,275
2026-08-18,CAU,OPT,CAUU6 C7230,2026-09-04,C,0.723,0.001400000,3,115
2026-08-18,CAU,OPT,CAUU6 C7240,2026-09-04,C,0.724,0.001100000,3,101
2026-08-18,CAU,OPT,CAUU6 C7250,2026-09-04,C,0.725,0.000900000,3,1678
2026-08-18,CAU,OPT,CAUU6 C7260,2026-09-04,C,0.726,0.000700000,3,51
2026-08-18,CAU,OPT,CAUU6 C7270,2026-09-04,C,0.727,0.000600000,3,13
2026-08-18,CAU,OPT,CAUU6 C7280,2026-09-04,C,0.728,0.000500000,3,1000
2026-08-18,CAU,OPT,CAUU6 C7290,2026-09-04,C,0.729,0.000400000,3,5
2026-08-18,CAU,OPT,CAUU6 C7300,2026-09-04,C,0.73,0.000300000,3,2977
2026-08-18,CAU,OPT,CAUU6 C7310,2026-09-04,C,0.731,0.000250000,3,
2026-08-18,CAU,OPT,CAUU6 C7320,2026-09-04,C,0.732,0.000200000,3,
2026-08-18,CAU,OPT,CAUU6 C7350,2026-09-04,C,0.735,0.000150000,3,2798
2026-08-18,CAU,OPT,CAUU6 C7400,2026-09-04,C,0.74,0.000050000,3,259
2026-08-18,CAU,OPT,CAUU6 C7450,2026-09-04,C,0.745,0.000050000,3,344
2026-08-18,CAU,OPT,CAUU6 C7500,2026-09-04,C,0.75,0.000050000,3,123
2026-08-18,CAU,OPT,CAUU6 C7550,2026-09-04,C,0.755,0.000050000,3,244
2026-08-18,CAU,OPT,CAUU6 C7600,2026-09-04,C,0.76,0.000050000,3,279
2026-08-18,CAU,OPT,CAUU6 C7650,2026-09-04,C,0.765,0.000050000,3,96
2026-08-18,CAU,OPT,CAUU6 C7700,2026-09-04,C,0.77,0.000050000,3,27
2026-08-18,CAU,OPT,CAUU6 C7750,2026-09-04,C,0.775,0.000050000,3,
2026-08-18,CAU,OPT,CAUU6 C7800,2026-09-04,C,0.78,0.000050000,3,3
2026-08-18,CAU,OPT,CAUU6 C7850,2026-09-04,C,0.785,0.000050000,3,4
2026-08-18,CAU,OPT,CAUU6 C7900,2026-09-04,C,0.79,0.000050000,3,
2026-08-18,CAU,OPT,CAUU6 C7950,2026-09-04,C,0.795,0.000050000,3,
2026-08-18,CAU,OPT,CAUU6 C8000,2026-09-04,C,0.8,0.000050000,3,116
2026-08-18,CAU,OPT,CAUU6 C8050,2026-09-04,C,0.805,0.000050000,3,
2026-08-18,CAU,OPT,CAUU6 C8100,2026-09-04,C,0.81,0.000050000,3,
2026-08-18,CAU,OPT,CAUU6 C8200,2026-09-04,C,0.82,0.000050000,3,
2026-08-18,CAU,OPT,CAUU6 C8300,2026-09-04,C,0.83,0.000050000,3,
2026-08-18,CAU,OPT,CAUU6 C8400,2026-09-04,C,0.84,0.000050000,3,
2026-08-18,CAU,OPT,CAUU6 C8500,2026-09-04,C,0.85,0.000050000,3,
2026-08-18,CAU,OPT,CAUU6 C8600,2026-09-04,C,0.86,0.000050000,3,
2026-08-18,CAU,OPT,CAUU6 C8700,2026-09-04,C,0.87,0.000050000,3,
2026-08-18,CAU,OPT,CAUU6 C8800,2026-09-04,C,0.88,0.000050000,3,
2026-08-18,CAU,OPT,CAUU6 C8900,2026-09-04,C,0.89,0.000050000,3,
2026-08-18,CAU,OPT,CAUU6 C9000,2026-09-04,C,0.9,0.000050000,3,
2026-08-18,CAU,OPT,CAUU6 P5600,2026-09-04,P,0.56,0.000050000,3,
2026-08-18,CAU,OPT,CAUU6 P5700,2026-09-04,P,0.57,0.000050000,3,
2026-08-18,CAU,OPT,CAUU6 P5800,2026-09-04,P,0.58,0.000050000,3,
2026-08-18,CAU,OPT,CAUU6 P5900,2026-09-04,P,0.59,0.000050000,3,
2026-08-18,CAU,OPT,CAUU6 P6000,2026-09-04,P,0.6,0.000050000,3,
2026-08-18,CAU,OPT,CAUU6 P6100,2026-09-04,P,0.61,0.000050000,3,
2026-08-18,CAU,OPT,CAUU6 P6200,2026-09-04,P,0.62,0.000050000,3,
2026-08-18,CAU,OPT,CAUU6 P6300,2026-09-04,P,0.63,0.000050000,3,4
2026-08-18,CAU,OPT,CAUU6 P6400,2026-09-04,P,0.64,0.000050000,3,
2026-08-18,CAU,OPT,CAUU6 P6500,2026-09-04,P,0.65,0.000050000,3,
2026-08-18,CAU,OPT,CAUU6 P6550,2026-09-04,P,0.655,0.000050000,3,
2026-08-18,CAU,OPT,CAUU6 P6600,2026-09-04,P,0.66,0.000050000,3,
2026-08-18,CAU,OPT,CAUU6 P6650,2026-09-04,P,0.665,0.000050000,3,
2026-08-18,CAU,OPT,CAUU6 P6700,2026-09-04,P,0.67,0.000050000,3,1256
2026-08-18,CAU,OPT,CAUU6 P6750,2026-09-04,P,0.675,0.000050000,3,10
2026-08-18,CAU,OPT,CAUU6 P6800,2026-09-04,P,0.68,0.000050000,3,22
2026-08-18,CAU,OPT,CAUU6 P6850,2026-09-04,P,0.685,0.000050000,3,7
2026-08-18,CAU,OPT,CAUU6 P6900,2026-09-04,P,0.69,0.000050000,3,20
2026-08-18,CAU,OPT,CAUU6 P6950,2026-09-04,P,0.695,0.000050000,3,103
2026-08-18,CAU,OPT,CAUU6 P7000,2026-09-04,P,0.7,0.000050000,3,280
2026-08-18,CAU,OPT,CAUU6 P7050,2026-09-04,P,0.705,0.000100000,3,422
2026-08-18,CAU,OPT,CAUU6 P7080,2026-09-04,P,0.708,0.000150000,3,5
2026-08-18,CAU,OPT,CAUU6 P7090,2026-09-04,P,0.709,0.000200000,3,37
2026-08-18,CAU,OPT,CAUU6 P7100,2026-09-04,P,0.71,0.000250000,3,1338
2026-08-18,CAU,OPT,CAUU6 P7110,2026-09-04,P,0.711,0.000350000,3,13
2026-08-18,CAU,OPT,CAUU6 P7120,2026-09-04,P,0.712,0.000400000,3,38
2026-08-18,CAU,OPT,CAUU6 P7130,2026-09-04,P,0.713,0.000600000,3,53
2026-08-18,CAU,OPT,CAUU6 P7140,2026-09-04,P,0.714,0.000700000,3,65
2026-08-18,CAU,OPT,CAUU6 P7150,2026-09-04,P,0.715,0.000900000,3,732
2026-08-18,CAU,OPT,CAUU6 P7160,2026-09-04,P,0.716,0.001200000,3,314
2026-08-18,CAU,OPT,CAUU6 P7170,2026-09-04,P,0.717,0.001400000,3,188
2026-08-18,CAU,OPT,CAUU6 P7180,2026-09-04,P,0.718,0.001800000,3,24
2026-08-18,CAU,OPT,CAUU6 P7190,2026-09-04,P,0.719,0.002200000,3,4
2026-08-18,CAU,OPT,CAUU6 P7200,2026-09-04,P,0.72,0.002700000,3,1351
2026-08-18,CAU,OPT,CAUU6 P7210,2026-09-04,P,0.721,0.003200000,3,189
2026-08-18,CAU,OPT,CAUU6 P7220,2026-09-04,P,0.722,0.003800000,3,
2026-08-18,CAU,OPT,CAUU6 P7230,2026-09-04,P,0.723,0.004400000,3,127
2026-08-18,CAU,OPT,CAUU6 P7240,2026-09-04,P,0.724,0.005100000,3,
2026-08-18,CAU,OPT,CAUU6 P7250,2026-09-04,P,0.725,0.005900000,3,556
2026-08-18,CAU,OPT,CAUU6 P7260,2026-09-04,P,0.726,0.006700000,3,
2026-08-18,CAU,OPT,CAUU6 P7270,2026-09-04,P,0.727,0.007600000,3,
2026-08-18,CAU,OPT,CAUU6 P7280,2026-09-04,P,0.728,0.008500000,3,
2026-08-18,CAU,OPT,CAUU6 P7290,2026-09-04,P,0.729,0.009400000,3,
2026-08-18,CAU,OPT,CAUU6 P7300,2026-09-04,P,0.73,0.010300000,3,412
2026-08-18,CAU,OPT,CAUU6 P7310,2026-09-04,P,0.731,0.011200000,3,
2026-08-18,CAU,OPT,CAUU6 P7320,2026-09-04,P,0.732,0.012200000,3,
2026-08-18,CAU,OPT,CAUU6 P7350,2026-09-04,P,0.735,0.015100000,3,88
2026-08-18,CAU,OPT,CAUU6 P7400,2026-09-04,P,0.74,0.020000000,3,92
2026-08-18,CAU,OPT,CAUU6 P7450,2026-09-04,P,0.745,0.025000000,3,
2026-08-18,CAU,OPT,CAUU6 P7500,2026-09-04,P,0.75,0.029900000,3,41
2026-08-18,CAU,OPT,CAUU6 P7550,2026-09-04,P,0.755,0.034900000,3,
2026-08-18,CAU,OPT,CAUU6 P7600,2026-09-04,P,0.76,0.039900000,3,
2026-08-18,CAU,OPT,CAUU6 P7650,2026-09-04,P,0.765,0.044900000,3,
2026-08-18,CAU,OPT,CAUU6 P7700,2026-09-04,P,0.77,0.049900000,3,
2026-08-18,CAU,OPT,CAUU6 P7750,2026-09-04,P,0.775,0.054900000,3,
2026-08-18,CAU,OPT,CAUU6 P7800,2026-09-04,P,0.78,0.059900000,3,
2026-08-18,CAU,OPT,CAUU6 P7850,2026-09-04,P,0.785,0.064900000,3,
2026-08-18,CAU,OPT,CAUU6 P7900,2026-09-04,P,0.79,0.069900000,3,
2026-08-18,CAU,OPT,CAUU6 P7950,2026-09-04,P,0.795,0.074900000,3,
2026-08-18,CAU,OPT,CAUU6 P8000,2026-09-04,P,0.8,0.079900000,3,
2026-08-18,CAU,OPT,CAUU6 P8050,2026-09-04,P,0.805,0.084900000,3,
2026-08-18,CAU,OPT,CAUU6 P8100,2026-09-04,P,0.81,0.089800000,3,
2026-08-18,CAU,OPT,CAUU6 P8200,2026-09-04,P,0.82,0.099800000,3,
2026-08-18,CAU,OPT,CAUU6 P8300,2026-09-04,P,0.83,0.109800000,3,
2026-08-18,CAU,OPT,CAUU6 P8400,2026-09-04,P,0.84,0.119800000,3,
2026-08-18,CAU,OPT,CAUU6 P8500,2026-09-04,P,0.85,0.129800000,3,
2026-08-18,CAU,OPT,CAUU6 P8600,2026-09-04,P,0.86,0.139800000,3,
2026-08-18,CAU,OPT,CAUU6 P8700,2026-09-04,P,0.87,0.149700000,3,
2026-08-18,CAU,OPT,CAUU6 P8800,2026-09-04,P,0.88,0.159700000,3,
2026-08-18,CAU,OPT,CAUU6 P8900,2026-09-04,P,0.89,0.169700000,3,
2026-08-18,CAU,OPT,CAUU6 P9000,2026-09-04,P,0.9,0.179700000,3,
2026-08-18,CAU,OPT,CAUV6 C5600,2026-10-09,C,0.56,0.162100000,3,
2026-08-18,CAU,OPT,CAUV6 C5700,2026-10-09,C,0.57,0.152200000,3,
2026-08-18,CAU,OPT,CAUV6 C5800,2026-10-09,C,0.58,0.142200000,3,
2026-08-18,CAU,OPT,CAUV6 C5900,2026-10-09,C,0.59,0.132300000,3,
2026-08-18,CAU,OPT,CAUV6 C6000,2026-10-09,C,0.6,0.122300000,3,
2026-08-18,CAU,OPT,CAUV6 C6100,2026-10-09,C,0.61,0.112400000,3,
2026-08-18,CAU,OPT,CAUV6 C6200,2026-10-09,C,0.62,0.102400000,3,
2026-08-18,CAU,OPT,CAUV6 C6300,2026-10-09,C,0.63,0.092500000,3,
2026-08-18,CAU,OPT,CAUV6 C6400,2026-10-09,C,0.64,0.082500000,3,
2026-08-18,CAU,OPT,CAUV6 C6500,2026-10-09,C,0.65,0.072600000,3,
2026-08-18,CAU,OPT,CAUV6 C6600,2026-10-09,C,0.66,0.062600000,3,
2026-08-18,CAU,OPT,CAUV6 C6650,2026-10-09,C,0.665,0.057600000,3,
2026-08-18,CAU,OPT,CAUV6 C6700,2026-10-09,C,0.67,0.052700000,3,
2026-08-18,CAU,OPT,CAUV6 C6750,2026-10-09,C,0.675,0.047700000,3,
2026-08-18,CAU,OPT,CAUV6 C6800,2026-10-09,C,0.68,0.042800000,3,
2026-08-18,CAU,OPT,CAUV6 C6850,2026-10-09,C,0.685,0.037800000,3,
2026-08-18,CAU,OPT,CAUV6 C6900,2026-10-09,C,0.69,0.032900000,3,
2026-08-18,CAU,OPT,CAUV6 C6950,2026-10-09,C,0.695,0.028000000,3,
2026-08-18,CAU,OPT,CAUV6 C7000,2026-10-09,C,0.7,0.023100000,3,
2026-08-18,CAU,OPT,CAUV6 C7050,2026-10-09,C,0.705,0.018400000,3,
2026-08-18,CAU,OPT,CAUV6 C7100,2026-10-09,C,0.71,0.013800000,3,280
2026-08-18,CAU,OPT,CAUV6 C7150,2026-10-09,C,0.715,0.009700000,3,744
2026-08-18,CAU,OPT,CAUV6 C7200,2026-10-09,C,0.72,0.006200000,3,42
2026-08-18,CAU,OPT,CAUV6 C7250,2026-10-09,C,0.725,0.003600000,3,169
2026-08-18,CAU,OPT,CAUV6 C7300,2026-10-09,C,0.73,0.002000000,3,56
2026-08-18,CAU,OPT,CAUV6 C7350,2026-10-09,C,0.735,0.001100000,3,82
2026-08-18,CAU,OPT,CAUV6 C7400,2026-10-09,C,0.74,0.000600000,3,95
2026-08-18,CAU,OPT,CAUV6 C7450,2026-10-09,C,0.745,0.000300000,3,47
2026-08-18,CAU,OPT,CAUV6 C7500,2026-10-09,C,0.75,0.000200000,3,2
2026-08-18,CAU,OPT,CAUV6 C7550,2026-10-09,C,0.755,0.000100000,3,20
2026-08-18,CAU,OPT,CAUV6 C7600,2026-10-09,C,0.76,0.000050000,3,820
2026-08-18,CAU,OPT,CAUV6 C7650,2026-10-09,C,0.765,0.000050000,3,
2026-08-18,CAU,OPT,CAUV6 C7700,2026-10-09,C,0.77,0.000050000,3,17
2026-08-18,CAU,OPT,CAUV6 C7750,2026-10-09,C,0.775,0.000050000,3,
2026-08-18,CAU,OPT,CAUV6 C7800,2026-10-09,C,0.78,0.000050000,3,
2026-08-18,CAU,OPT,CAUV6 C7850,2026-10-09,C,0.785,0.000050000,3,
2026-08-18,CAU,OPT,CAUV6 C7900,2026-10-09,C,0.79,0.000050000,3,273
2026-08-18,CAU,OPT,CAUV6 C7950,2026-10-09,C,0.795,0.000050000,3,
2026-08-18,CAU,OPT,CAUV6 C8000,2026-10-09,C,0.8,0.000050000,3,
2026-08-18,CAU,OPT,CAUV6 C8100,2026-10-09,C,0.81,0.000050000,3,
2026-08-18,CAU,OPT,CAUV6 C8200,2026-10-09,C,0.82,0.000050000,3,
2026-08-18,CAU,OPT,CAUV6 C8300,2026-10-09,C,0.83,0.000050000,3,
2026-08-18,CAU,OPT,CAUV6 C8400,2026-10-09,C,0.84,0.000050000,3,
2026-08-18,CAU,OPT,CAUV6 C8500,2026-10-09,C,0.85,0.000050000,3,
2026-08-18,CAU,OPT,CAUV6 C8600,2026-10-09,C,0.86,0.000050000,3,
2026-08-18,CAU,OPT,CAUV6 C8700,2026-10-09,C,0.87,0.000050000,3,
2026-08-18,CAU,OPT,CAUV6 C8800,2026-10-09,C,0.88,0.000050000,3,
2026-08-18,CAU,OPT,CAUV6 C8900,2026-10-09,C,0.89,0.000050000,3,
2026-08-18,CAU,OPT,CAUV6 C9000,2026-10-09,C,0.9,0.000050000,3,
2026-08-18,CAU,OPT,CAUV6 P5600,2026-10-09,P,0.56,0.000050000,3,
2026-08-18,CAU,OPT,CAUV6 P5700,2026-10-09,P,0.57,0.000050000,3,
2026-08-18,CAU,OPT,CAUV6 P5800,2026-10-09,P,0.58,0.000050000,3,
2026-08-18,CAU,OPT,CAUV6 P5900,2026-10-09,P,0.59,0.000050000,3,
2026-08-18,CAU,OPT,CAUV6 P6000,2026-10-09,P,0.6,0.000050000,3,
2026-08-18,CAU,OPT,CAUV6 P6100,2026-10-09,P,0.61,0.000050000,3,
2026-08-18,CAU,OPT,CAUV6 P6200,2026-10-09,P,0.62,0.000050000,3,
2026-08-18,CAU,OPT,CAUV6 P6300,2026-10-09,P,0.63,0.000050000,3,
2026-08-18,CAU,OPT,CAUV6 P6400,2026-10-09,P,0.64,0.000050000,3,
2026-08-18,CAU,OPT,CAUV6 P6500,2026-10-09,P,0.65,0.000050000,3,
2026-08-18,CAU,OPT,CAUV6 P6600,2026-10-09,P,0.66,0.000050000,3,
2026-08-18,CAU,OPT,CAUV6 P6650,2026-10-09,P,0.665,0.000050000,3,
2026-08-18,CAU,OPT,CAUV6 P6700,2026-10-09,P,0.67,0.000050000,3,4
2026-08-18,CAU,OPT,CAUV6 P6750,2026-10-09,P,0.675,0.000050000,3,208
2026-08-18,CAU,OPT,CAUV6 P6800,2026-10-09,P,0.68,0.000050000,3,9
2026-08-18,CAU,OPT,CAUV6 P6850,2026-10-09,P,0.685,0.000100000,3,1
2026-08-18,CAU,OPT,CAUV6 P6900,2026-10-09,P,0.69,0.000100000,3,328
2026-08-18,CAU,OPT,CAUV6 P6950,2026-10-09,P,0.695,0.000150000,3,46
2026-08-18,CAU,OPT,CAUV6 P7000,2026-10-09,P,0.7,0.000300000,3,254
2026-08-18,CAU,OPT,CAUV6 P7050,2026-10-09,P,0.705,0.000500000,3,199
2026-08-18,CAU,OPT,CAUV6 P7100,2026-10-09,P,0.71,0.000900000,3,730
2026-08-18,CAU,OPT,CAUV6 P7150,2026-10-09,P,0.715,0.001800000,3,209
2026-08-18,CAU,OPT,CAUV6 P7200,2026-10-09,P,0.72,0.003300000,3,333
2026-08-18,CAU,OPT,CAUV6 P7250,2026-10-09,P,0.725,0.005700000,3,38
2026-08-18,CAU,OPT,CAUV6 P7300,2026-10-09,P,0.73,0.009000000,3,16
2026-08-18,CAU,OPT,CAUV6 P7350,2026-10-09,P,0.735,0.013000000,3,
2026-08-18,CAU,OPT,CAUV6 P7400,2026-10-09,P,0.74,0.017500000,3,
2026-08-18,CAU,OPT,CAUV6 P7450,2026-10-09,P,0.745,0.022200000,3,160
2026-08-18,CAU,OPT,CAUV6 P7500,2026-10-09,P,0.75,0.027100000,3,
2026-08-18,CAU,OPT,CAUV6 P7550,2026-10-09,P,0.755,0.032000000,3,
2026-08-18,CAU,OPT,CAUV6 P7600,2026-10-09,P,0.76,0.036900000,3,
2026-08-18,CAU,OPT,CAUV6 P7650,2026-10-09,P,0.765,0.041900000,3,2
2026-08-18,CAU,OPT,CAUV6 P7700,2026-10-09,P,0.77,0.046800000,3,
2026-08-18,CAU,OPT,CAUV6 P7750,2026-10-09,P,0.775,0.051800000,3,
2026-08-18,CAU,OPT,CAUV6 P7800,2026-10-09,P,0.78,0.056800000,3,
2026-08-18,CAU,OPT,CAUV6 P7850,2026-10-09,P,0.785,0.061700000,3,
2026-08-18,CAU,OPT,CAUV6 P7900,2026-10-09,P,0.79,0.066700000,3,
2026-08-18,CAU,OPT,CAUV6 P7950,2026-10-09,P,0.795,0.071700000,3,
2026-08-18,CAU,OPT,CAUV6 P8000,2026-10-09,P,0.8,0.076600000,3,
2026-08-18,CAU,OPT,CAUV6 P8100,2026-10-09,P,0.81,0.086600000,3,
2026-08-18,CAU,OPT,CAUV6 P8200,2026-10-09,P,0.82,0.096500000,3,
2026-08-18,CAU,OPT,CAUV6 P8300,2026-10-09,P,0.83,0.106500000,3,
2026-08-18,CAU,OPT,CAUV6 P8400,2026-10-09,P,0.84,0.116400000,3,
2026-08-18,CAU,OPT,CAUV6 P8500,2026-10-09,P,0.85,0.126400000,3,
2026-08-18,CAU,OPT,CAUV6 P8600,2026-10-09,P,0.86,0.136300000,3,
2026-08-18,CAU,OPT,CAUV6 P8700,2026-10-09,P,0.87,0.146300000,3,
2026-08-18,CAU,OPT,CAUV6 P8800,2026-10-09,P,0.88,0.156200000,3,
2026-08-18,CAU,OPT,CAUV6 P8900,2026-10-09,P,0.89,0.166200000,3,
2026-08-18,CAU,OPT,CAUV6 P9000,2026-10-09,P,0.9,0.176100000,3,
2026-08-18,CAU,OPT,CAUX6 C5600,2026-11-06,C,0.56,0.161600000,3,
2026-08-18,CAU,OPT,CAUX6 C5700,2026-11-06,C,0.57,0.151700000,3,
2026-08-18,CAU,OPT,CAUX6 C5800,2026-11-06,C,0.58,0.141800000,3,
2026-08-18,CAU,OPT,CAUX6 C5900,2026-11-06,C,0.59,0.131900000,3,
2026-08-18,CAU,OPT,CAUX6 C6000,2026-11-06,C,0.6,0.122000000,3,
2026-08-18,CAU,OPT,CAUX6 C6100,2026-11-06,C,0.61,0.112000000,3,
2026-08-18,CAU,OPT,CAUX6 C6200,2026-11-06,C,0.62,0.102100000,3,
2026-08-18,CAU,OPT,CAUX6 C6300,2026-11-06,C,0.63,0.092200000,3,
2026-08-18,CAU,OPT,CAUX6 C6400,2026-11-06,C,0.64,0.082300000,3,
2026-08-18,CAU,OPT,CAUX6 C6500,2026-11-06,C,0.65,0.072400000,3,
2026-08-18,CAU,OPT,CAUX6 C6600,2026-11-06,C,0.66,0.062500000,3,
2026-08-18,CAU,OPT,CAUX6 C6650,2026-11-06,C,0.665,0.057600000,3,
2026-08-18,CAU,OPT,CAUX6 C6700,2026-11-06,C,0.67,0.052600000,3,
2026-08-18,CAU,OPT,CAUX6 C6750,2026-11-06,C,0.675,0.047700000,3,
2026-08-18,CAU,OPT,CAUX6 C6800,2026-11-06,C,0.68,0.042800000,3,
2026-08-18,CAU,OPT,CAUX6 C6850,2026-11-06,C,0.685,0.037800000,3,
2026-08-18,CAU,OPT,CAUX6 C6900,2026-11-06,C,0.69,0.033000000,3,
2026-08-18,CAU,OPT,CAUX6 C6950,2026-11-06,C,0.695,0.028100000,3,
2026-08-18,CAU,OPT,CAUX6 C7000,2026-11-06,C,0.7,0.023400000,3,1
2026-08-18,CAU,OPT,CAUX6 C7050,2026-11-06,C,0.705,0.018900000,3,
2026-08-18,CAU,OPT,CAUX6 C7100,2026-11-06,C,0.71,0.014600000,3,4
2026-08-18,CAU,OPT,CAUX6 C7150,2026-11-06,C,0.715,0.010700000,3,9
2026-08-18,CAU,OPT,CAUX6 C7200,2026-11-06,C,0.72,0.007500000,3,20
2026-08-18,CAU,OPT,CAUX6 C7250,2026-11-06,C,0.725,0.004900000,3,2
2026-08-18,CAU,OPT,CAUX6 C7300,2026-11-06,C,0.73,0.003100000,3,387
2026-08-18,CAU,OPT,CAUX6 C7350,2026-11-06,C,0.735,0.002000000,3,4
2026-08-18,CAU,OPT,CAUX6 C7400,2026-11-06,C,0.74,0.001200000,3,346
2026-08-18,CAU,OPT,CAUX6 C7450,2026-11-06,C,0.745,0.000700000,3,22
2026-08-18,CAU,OPT,CAUX6 C7500,2026-11-06,C,0.75,0.000450000,3,
2026-08-18,CAU,OPT,CAUX6 C7550,2026-11-06,C,0.755,0.000300000,3,77
2026-08-18,CAU,OPT,CAUX6 C7600,2026-11-06,C,0.76,0.000200000,3,16
2026-08-18,CAU,OPT,CAUX6 C7650,2026-11-06,C,0.765,0.000150000,3,16
2026-08-18,CAU,OPT,CAUX6 C7700,2026-11-06,C,0.77,0.000100000,3,16
2026-08-18,CAU,OPT,CAUX6 C7750,2026-11-06,C,0.775,0.000050000,3,16
2026-08-18,CAU,OPT,CAUX6 C7800,2026-11-06,C,0.78,0.000050000,3,
2026-08-18,CAU,OPT,CAUX6 C7850,2026-11-06,C,0.785,0.000050000,3,
2026-08-18,CAU,OPT,CAUX6 C7900,2026-11-06,C,0.79,0.000050000,3,1
2026-08-18,CAU,OPT,CAUX6 C7950,2026-11-06,C,0.795,0.000050000,3,
2026-08-18,CAU,OPT,CAUX6 C8000,2026-11-06,C,0.8,0.000050000,3,16
2026-08-18,CAU,OPT,CAUX6 C8100,2026-11-06,C,0.81,0.000050000,3,
2026-08-18,CAU,OPT,CAUX6 C8200,2026-11-06,C,0.82,0.000050000,3,
2026-08-18,CAU,OPT,CAUX6 C8300,2026-11-06,C,0.83,0.000050000,3,
2026-08-18,CAU,OPT,CAUX6 C8400,2026-11-06,C,0.84,0.000050000,3,
2026-08-18,CAU,OPT,CAUX6 C8500,2026-11-06,C,0.85,0.000050000,3,
2026-08-18,CAU,OPT,CAUX6 C8600,2026-11-06,C,0.86,0.000050000,3,
2026-08-18,CAU,OPT,CAUX6 C8700,2026-11-06,C,0.87,0.000050000,3,
2026-08-18,CAU,OPT,CAUX6 C8800,2026-11-06,C,0.88,0.000050000,3,
2026-08-18,CAU,OPT,CAUX6 C8900,2026-11-06,C,0.89,0.000050000,3,
2026-08-18,CAU,OPT,CAUX6 C9000,2026-11-06,C,0.9,0.000050000,3,
2026-08-18,CAU,OPT,CAUX6 P5600,2026-11-06,P,0.56,0.000050000,3,
2026-08-18,CAU,OPT,CAUX6 P5700,2026-11-06,P,0.57,0.000050000,3,
2026-08-18,CAU,OPT,CAUX6 P5800,2026-11-06,P,0.58,0.000050000,3,
2026-08-18,CAU,OPT,CAUX6 P5900,2026-11-06,P,0.59,0.000050000,3,
2026-08-18,CAU,OPT,CAUX6 P6000,2026-11-06,P,0.6,0.000050000,3,
2026-08-18,CAU,OPT,CAUX6 P6100,2026-11-06,P,0.61,0.000050000,3,
2026-08-18,CAU,OPT,CAUX6 P6200,2026-11-06,P,0.62,0.000050000,3,
2026-08-18,CAU,OPT,CAUX6 P6300,2026-11-06,P,0.63,0.000050000,3,
2026-08-18,CAU,OPT,CAUX6 P6400,2026-11-06,P,0.64,0.000050000,3,
2026-08-18,CAU,OPT,CAUX6 P6500,2026-11-06,P,0.65,0.000050000,3,
2026-08-18,CAU,OPT,CAUX6 P6600,2026-11-06,P,0.66,0.000050000,3,6
2026-08-18,CAU,OPT,CAUX6 P6650,2026-11-06,P,0.665,0.000050000,3,
2026-08-18,CAU,OPT,CAUX6 P6700,2026-11-06,P,0.67,0.000100000,3,
2026-08-18,CAU,OPT,CAUX6 P6750,2026-11-06,P,0.675,0.000100000,3,1
2026-08-18,CAU,OPT,CAUX6 P6800,2026-11-06,P,0.68,0.000150000,3,
2026-08-18,CAU,OPT,CAUX6 P6850,2026-11-06,P,0.685,0.000200000,3,17
2026-08-18,CAU,OPT,CAUX6 P6900,2026-11-06,P,0.69,0.000300000,3,2
2026-08-18,CAU,OPT,CAUX6 P6950,2026-11-06,P,0.695,0.000400000,3,16
2026-08-18,CAU,OPT,CAUX6 P7000,2026-11-06,P,0.7,0.000700000,3,4
2026-08-18,CAU,OPT,CAUX6 P7050,2026-11-06,P,0.705,0.001100000,3,10
2026-08-18,CAU,OPT,CAUX6 P7100,2026-11-06,P,0.71,0.001700000,3,39
2026-08-18,CAU,OPT,CAUX6 P7150,2026-11-06,P,0.715,0.002800000,3,12
2026-08-18,CAU,OPT,CAUX6 P7200,2026-11-06,P,0.72,0.004500000,3,109
2026-08-18,CAU,OPT,CAUX6 P7250,2026-11-06,P,0.725,0.007000000,3,19
2026-08-18,CAU,OPT,CAUX6 P7300,2026-11-06,P,0.73,0.010100000,3,40
2026-08-18,CAU,OPT,CAUX6 P7350,2026-11-06,P,0.735,0.013900000,3,
2026-08-18,CAU,OPT,CAUX6 P7400,2026-11-06,P,0.74,0.018100000,3,
2026-08-18,CAU,OPT,CAUX6 P7450,2026-11-06,P,0.745,0.022600000,3,40
2026-08-18,CAU,OPT,CAUX6 P7500,2026-11-06,P,0.75,0.027300000,3,
2026-08-18,CAU,OPT,CAUX6 P7550,2026-11-06,P,0.755,0.032100000,3,
2026-08-18,CAU,OPT,CAUX6 P7600,2026-11-06,P,0.76,0.037000000,3,
2026-08-18,CAU,OPT,CAUX6 P7650,2026-11-06,P,0.765,0.041800000,3,
2026-08-18,CAU,OPT,CAUX6 P7700,2026-11-06,P,0.77,0.046800000,3,
2026-08-18,CAU,OPT,CAUX6 P7750,2026-11-06,P,0.775,0.051700000,3,
2026-08-18,CAU,OPT,CAUX6 P7800,2026-11-06,P,0.78,0.056600000,3,
2026-08-18,CAU,OPT,CAUX6 P7850,2026-11-06,P,0.785,0.061600000,3,
2026-08-18,CAU,OPT,CAUX6 P7900,2026-11-06,P,0.79,0.066500000,3,
2026-08-18,CAU,OPT,CAUX6 P7950,2026-11-06,P,0.795,0.071500000,3,
2026-08-18,CAU,OPT,CAUX6 P8000,2026-11-06,P,0.8,0.076400000,3,
2026-08-18,CAU,OPT,CAUX6 P8100,2026-11-06,P,0.81,0.086300000,3,
2026-08-18,CAU,OPT,CAUX6 P8200,2026-11-06,P,0.82,0.096300000,3,
2026-08-18,CAU,OPT,CAUX6 P8300,2026-11-06,P,0.83,0.106200000,3,
2026-08-18,CAU,OPT,CAUX6 P8400,2026-11-06,P,0.84,0.116100000,3,
2026-08-18,CAU,OPT,CAUX6 P8500,2026-11-06,P,0.85,0.126000000,3,
2026-08-18,CAU,OPT,CAUX6 P8600,2026-11-06,P,0.86,0.135900000,3,
2026-08-18,CAU,OPT,CAUX6 P8700,2026-11-06,P,0.87,0.145900000,3,
2026-08-18,CAU,OPT,CAUX6 P8800,2026-11-06,P,0.88,0.155800000,3,
2026-08-18,CAU,OPT,CAUX6 P8900,2026-11-06,P,0.89,0.165700000,3,
2026-08-18,CAU,OPT,CAUX6 P9000,2026-11-06,P,0.9,0.175600000,3,
2026-08-18,CAU,OPT,CAUZ6 C5600,2026-12-04,C,0.56,0.161200000,3,
2026-08-18,CAU,OPT,CAUZ6 C5700,2026-12-04,C,0.57,0.151300000,3,
2026-08-18,CAU,OPT,CAUZ6 C5800,2026-12-04,C,0.58,0.141400000,3,
2026-08-18,CAU,OPT,CAUZ6 C5900,2026-12-04,C,0.59,0.131500000,3,
2026-08-18,CAU,OPT,CAUZ6 C6000,2026-12-04,C,0.6,0.121700000,3,
2026-08-18,CAU,OPT,CAUZ6 C6100,2026-12-04,C,0.61,0.111800000,3,
2026-08-18,CAU,OPT,CAUZ6 C6200,2026-12-04,C,0.62,0.101900000,3,
2026-08-18,CAU,OPT,CAUZ6 C6300,2026-12-04,C,0.63,0.092000000,3,
2026-08-18,CAU,OPT,CAUZ6 C6400,2026-12-04,C,0.64,0.082100000,3,
2026-08-18,CAU,OPT,CAUZ6 C6500,2026-12-04,C,0.65,0.072200000,3,
2026-08-18,CAU,OPT,CAUZ6 C6600,2026-12-04,C,0.66,0.062400000,3,
2026-08-18,CAU,OPT,CAUZ6 C6650,2026-12-04,C,0.665,0.057400000,3,
2026-08-18,CAU,OPT,CAUZ6 C6700,2026-12-04,C,0.67,0.052500000,3,
2026-08-18,CAU,OPT,CAUZ6 C6750,2026-12-04,C,0.675,0.047600000,3,
2026-08-18,CAU,OPT,CAUZ6 C6800,2026-12-04,C,0.68,0.042700000,3,
2026-08-18,CAU,OPT,CAUZ6 C6850,2026-12-04,C,0.685,0.037900000,3,
2026-08-18,CAU,OPT,CAUZ6 C6900,2026-12-04,C,0.69,0.033100000,3,
2026-08-18,CAU,OPT,CAUZ6 C6950,2026-12-04,C,0.695,0.028400000,3,
2026-08-18,CAU,OPT,CAUZ6 C7000,2026-12-04,C,0.7,0.023800000,3,5001
2026-08-18,CAU,OPT,CAUZ6 C7050,2026-12-04,C,0.705,0.019300000,3,25
2026-08-18,CAU,OPT,CAUZ6 C7100,2026-12-04,C,0.71,0.015200000,3,5004
2026-08-18,CAU,OPT,CAUZ6 C7150,2026-12-04,C,0.715,0.011600000,3,6
2026-08-18,CAU,OPT,CAUZ6 C7200,2026-12-04,C,0.72,0.008400000,3,233
2026-08-18,CAU,OPT,CAUZ6 C7250,2026-12-04,C,0.725,0.005900000,3,225
2026-08-18,CAU,OPT,CAUZ6 C7300,2026-12-04,C,0.73,0.004100000,3,282
2026-08-18,CAU,OPT,CAUZ6 C7350,2026-12-04,C,0.735,0.002700000,3,115
2026-08-18,CAU,OPT,CAUZ6 C7400,2026-12-04,C,0.74,0.001800000,3,504
2026-08-18,CAU,OPT,CAUZ6 C7450,2026-12-04,C,0.745,0.001200000,3,18
2026-08-18,CAU,OPT,CAUZ6 C7500,2026-12-04,C,0.75,0.000800000,3,106
2026-08-18,CAU,OPT,CAUZ6 C7550,2026-12-04,C,0.755,0.000500000,3,20
2026-08-18,CAU,OPT,CAUZ6 C7600,2026-12-04,C,0.76,0.000350000,3,1736
2026-08-18,CAU,OPT,CAUZ6 C7650,2026-12-04,C,0.765,0.000250000,3,18
2026-08-18,CAU,OPT,CAUZ6 C7700,2026-12-04,C,0.77,0.000200000,3,20
2026-08-18,CAU,OPT,CAUZ6 C7750,2026-12-04,C,0.775,0.000150000,3,96
2026-08-18,CAU,OPT,CAUZ6 C7800,2026-12-04,C,0.78,0.000150000,3,30
2026-08-18,CAU,OPT,CAUZ6 C7850,2026-12-04,C,0.785,0.000100000,3,
2026-08-18,CAU,OPT,CAUZ6 C7900,2026-12-04,C,0.79,0.000100000,3,20
2026-08-18,CAU,OPT,CAUZ6 C7950,2026-12-04,C,0.795,0.000100000,3,
2026-08-18,CAU,OPT,CAUZ6 C8000,2026-12-04,C,0.8,0.000100000,3,46
2026-08-18,CAU,OPT,CAUZ6 C8050,2026-12-04,C,0.805,0.000100000,3,
2026-08-18,CAU,OPT,CAUZ6 C8100,2026-12-04,C,0.81,0.000100000,3,
2026-08-18,CAU,OPT,CAUZ6 C8200,2026-12-04,C,0.82,0.000100000,3,
2026-08-18,CAU,OPT,CAUZ6 C8300,2026-12-04,C,0.83,0.000050000,3,
2026-08-18,CAU,OPT,CAUZ6 C8400,2026-12-04,C,0.84,0.000050000,3,
2026-08-18,CAU,OPT,CAUZ6 C8500,2026-12-04,C,0.85,0.000050000,3,
2026-08-18,CAU,OPT,CAUZ6 C8600,2026-12-04,C,0.86,0.000050000,3,
2026-08-18,CAU,OPT,CAUZ6 C8700,2026-12-04,C,0.87,0.000050000,3,
2026-08-18,CAU,OPT,CAUZ6 C8800,2026-12-04,C,0.88,0.000050000,3,
2026-08-18,CAU,OPT,CAUZ6 C8900,2026-12-04,C,0.89,0.000050000,3,
2026-08-18,CAU,OPT,CAUZ6 C9000,2026-12-04,C,0.9,0.000050000,3,
2026-08-18,CAU,OPT,CAUZ6 P5600,2026-12-04,P,0.56,0.000050000,3,
2026-08-18,CAU,OPT,CAUZ6 P5700,2026-12-04,P,0.57,0.000050000,3,
2026-08-18,CAU,OPT,CAUZ6 P5800,2026-12-04,P,0.58,0.000050000,3,
2026-08-18,CAU,OPT,CAUZ6 P5900,2026-12-04,P,0.59,0.000050000,3,
2026-08-18,CAU,OPT,CAUZ6 P6000,2026-12-04,P,0.6,0.000050000,3,
2026-08-18,CAU,OPT,CAUZ6 P6100,2026-12-04,P,0.61,0.000050000,3,
2026-08-18,CAU,OPT,CAUZ6 P6200,2026-12-04,P,0.62,0.000050000,3,
2026-08-18,CAU,OPT,CAUZ6 P6300,2026-12-04,P,0.63,0.000050000,3,51
2026-08-18,CAU,OPT,CAUZ6 P6400,2026-12-04,P,0.64,0.000050000,3,
2026-08-18,CAU,OPT,CAUZ6 P6500,2026-12-04,P,0.65,0.000100000,3,
2026-08-18,CAU,OPT,CAUZ6 P6600,2026-12-04,P,0.66,0.000100000,3,
2026-08-18,CAU,OPT,CAUZ6 P6650,2026-12-04,P,0.665,0.000150000,3,200
2026-08-18,CAU,OPT,CAUZ6 P6700,2026-12-04,P,0.67,0.000150000,3,8
2026-08-18,CAU,OPT,CAUZ6 P6750,2026-12-04,P,0.675,0.000200000,3,3
2026-08-18,CAU,OPT,CAUZ6 P6800,2026-12-04,P,0.68,0.000250000,3,3
2026-08-18,CAU,OPT,CAUZ6 P6850,2026-12-04,P,0.685,0.000350000,3,18
2026-08-18,CAU,OPT,CAUZ6 P6900,2026-12-04,P,0.69,0.000500000,3,36
2026-08-18,CAU,OPT,CAUZ6 P6950,2026-12-04,P,0.695,0.000700000,3,805
2026-08-18,CAU,OPT,CAUZ6 P7000,2026-12-04,P,0.7,0.001100000,3,68
2026-08-18,CAU,OPT,CAUZ6 P7050,2026-12-04,P,0.705,0.001600000,3,22
2026-08-18,CAU,OPT,CAUZ6 P7100,2026-12-04,P,0.71,0.002400000,3,66
2026-08-18,CAU,OPT,CAUZ6 P7150,2026-12-04,P,0.715,0.003700000,3,143
2026-08-18,CAU,OPT,CAUZ6 P7200,2026-12-04,P,0.72,0.005500000,3,302
2026-08-18,CAU,OPT,CAUZ6 P7250,2026-12-04,P,0.725,0.008000000,3,100
2026-08-18,CAU,OPT,CAUZ6 P7300,2026-12-04,P,0.73,0.011000000,3,269
2026-08-18,CAU,OPT,CAUZ6 P7350,2026-12-04,P,0.735,0.014600000,3,25
2026-08-18,CAU,OPT,CAUZ6 P7400,2026-12-04,P,0.74,0.018700000,3,1
2026-08-18,CAU,OPT,CAUZ6 P7450,2026-12-04,P,0.745,0.023000000,3,
2026-08-18,CAU,OPT,CAUZ6 P7500,2026-12-04,P,0.75,0.027500000,3,
2026-08-18,CAU,OPT,CAUZ6 P7550,2026-12-04,P,0.755,0.032200000,3,
2026-08-18,CAU,OPT,CAUZ6 P7600,2026-12-04,P,0.76,0.037000000,3,
2026-08-18,CAU,OPT,CAUZ6 P7650,2026-12-04,P,0.765,0.041800000,3,
2026-08-18,CAU,OPT,CAUZ6 P7700,2026-12-04,P,0.77,0.046700000,3,
2026-08-18,CAU,OPT,CAUZ6 P7750,2026-12-04,P,0.775,0.051600000,3,1
2026-08-18,CAU,OPT,CAUZ6 P7800,2026-12-04,P,0.78,0.056600000,3,
2026-08-18,CAU,OPT,CAUZ6 P7850,2026-12-04,P,0.785,0.061500000,3,
2026-08-18,CAU,OPT,CAUZ6 P7900,2026-12-04,P,0.79,0.066400000,3,
2026-08-18,CAU,OPT,CAUZ6 P7950,2026-12-04,P,0.795,0.071400000,3,
2026-08-18,CAU,OPT,CAUZ6 P8000,2026-12-04,P,0.8,0.076300000,3,
2026-08-18,CAU,OPT,CAUZ6 P8050,2026-12-04,P,0.805,0.081200000,3,
2026-08-18,CAU,OPT,CAUZ6 P8100,2026-12-04,P,0.81,0.086200000,3,
2026-08-18,CAU,OPT,CAUZ6 P8200,2026-12-04,P,0.82,0.096100000,3,
2026-08-18,CAU,OPT,CAUZ6 P8300,2026-12-04,P,0.83,0.105900000,3,
2026-08-18,CAU,OPT,CAUZ6 P8400,2026-12-04,P,0.84,0.115800000,3,
2026-08-18,CAU,OPT,CAUZ6 P8500,2026-12-04,P,0.85,0.125700000,3,
2026-08-18,CAU,OPT,CAUZ6 P8600,2026-12-04,P,0.86,0.135500000,3,
2026-08-18,CAU,OPT,CAUZ6 P8700,2026-12-04,P,0.87,0.145400000,3,
2026-08-18,CAU,OPT,CAUZ6 P8800,2026-12-04,P,0.88,0.155300000,3,
2026-08-18,CAU,OPT,CAUZ6 P8900,2026-12-04,P,0.89,0.165200000,3,
2026-08-18,CAU,OPT,CAUZ6 P9000,2026-12-04,P,0.9,0.175100000,3,
2026-08-18,CAU,OPT,CAUF7 C5600,2027-01-08,C,0.56,0.163400000,3,
2026-08-18,CAU,OPT,CAUF7 C5700,2027-01-08,C,0.57,0.153500000,3,
2026-08-18,CAU,OPT,CAUF7 C5800,2027-01-08,C,0.58,0.143700000,3,
2026-08-18,CAU,OPT,CAUF7 C5900,2027-01-08,C,0.59,0.133800000,3,
2026-08-18,CAU,OPT,CAUF7 C6000,2027-01-08,C,0.6,0.124000000,3,
2026-08-18,CAU,OPT,CAUF7 C6100,2027-01-08,C,0.61,0.114100000,3,
2026-08-18,CAU,OPT,CAUF7 C6200,2027-01-08,C,0.62,0.104300000,3,
2026-08-18,CAU,OPT,CAUF7 C6300,2027-01-08,C,0.63,0.094400000,3,
2026-08-18,CAU,OPT,CAUF7 C6400,2027-01-08,C,0.64,0.084600000,3,
2026-08-18,CAU,OPT,CAUF7 C6500,2027-01-08,C,0.65,0.074800000,3,
2026-08-18,CAU,OPT,CAUF7 C6600,2027-01-08,C,0.66,0.065000000,3,
2026-08-18,CAU,OPT,CAUF7 C6650,2027-01-08,C,0.665,0.060100000,3,
2026-08-18,CAU,OPT,CAUF7 C6700,2027-01-08,C,0.67,0.055300000,3,
2026-08-18,CAU,OPT,CAUF7 C6750,2027-01-08,C,0.675,0.050400000,3,
2026-08-18,CAU,OPT,CAUF7 C6800,2027-01-08,C,0.68,0.045500000,3,
2026-08-18,CAU,OPT,CAUF7 C6850,2027-01-08,C,0.685,0.040700000,3,
2026-08-18,CAU,OPT,CAUF7 C6900,2027-01-08,C,0.69,0.035900000,3,
2026-08-18,CAU,OPT,CAUF7 C6950,2027-01-08,C,0.695,0.031300000,3,
2026-08-18,CAU,OPT,CAUF7 C7000,2027-01-08,C,0.7,0.026700000,3,
2026-08-18,CAU,OPT,CAUF7 C7050,2027-01-08,C,0.705,0.022400000,3,
2026-08-18,CAU,OPT,CAUF7 C7100,2027-01-08,C,0.71,0.018300000,3,
2026-08-18,CAU,OPT,CAUF7 C7150,2027-01-08,C,0.715,0.014500000,3,
2026-08-18,CAU,OPT,CAUF7 C7200,2027-01-08,C,0.72,0.011200000,3,65
2026-08-18,CAU,OPT,CAUF7 C7250,2027-01-08,C,0.725,0.008400000,3,
2026-08-18,CAU,OPT,CAUF7 C7300,2027-01-08,C,0.73,0.006100000,3,1
2026-08-18,CAU,OPT,CAUF7 C7350,2027-01-08,C,0.735,0.004400000,3,
2026-08-18,CAU,OPT,CAUF7 C7400,2027-01-08,C,0.74,0.003100000,3,68
2026-08-18,CAU,OPT,CAUF7 C7450,2027-01-08,C,0.745,0.002200000,3,91
2026-08-18,CAU,OPT,CAUF7 C7500,2027-01-08,C,0.75,0.001600000,3,1
2026-08-18,CAU,OPT,CAUF7 C7550,2027-01-08,C,0.755,0.001100000,3,16
2026-08-18,CAU,OPT,CAUF7 C7600,2027-01-08,C,0.76,0.000800000,3,2
2026-08-18,CAU,OPT,CAUF7 C7650,2027-01-08,C,0.765,0.000600000,3,81
2026-08-18,CAU,OPT,CAUF7 C7700,2027-01-08,C,0.77,0.000400000,3,2
2026-08-18,CAU,OPT,CAUF7 C7750,2027-01-08,C,0.775,0.000300000,3,
2026-08-18,CAU,OPT,CAUF7 C7800,2027-01-08,C,0.78,0.000200000,3,1
2026-08-18,CAU,OPT,CAUF7 C7850,2027-01-08,C,0.785,0.000150000,3,10
2026-08-18,CAU,OPT,CAUF7 C7900,2027-01-08,C,0.79,0.000150000,3,2
2026-08-18,CAU,OPT,CAUF7 C7950,2027-01-08,C,0.795,0.000100000,3,
2026-08-18,CAU,OPT,CAUF7 C8000,2027-01-08,C,0.8,0.000100000,3,3010
2026-08-18,CAU,OPT,CAUF7 C8100,2027-01-08,C,0.81,0.000050000,3,
2026-08-18,CAU,OPT,CAUF7 C8200,2027-01-08,C,0.82,0.000050000,3,60
2026-08-18,CAU,OPT,CAUF7 C8300,2027-01-08,C,0.83,0.000050000,3,
2026-08-18,CAU,OPT,CAUF7 C8400,2027-01-08,C,0.84,0.000050000,3,
2026-08-18,CAU,OPT,CAUF7 C8500,2027-01-08,C,0.85,0.000050000,3,
2026-08-18,CAU,OPT,CAUF7 C8600,2027-01-08,C,0.86,0.000050000,3,
2026-08-18,CAU,OPT,CAUF7 C8700,2027-01-08,C,0.87,0.000050000,3,
2026-08-18,CAU,OPT,CAUF7 C8800,2027-01-08,C,0.88,0.000050000,3,
2026-08-18,CAU,OPT,CAUF7 C8900,2027-01-08,C,0.89,0.000050000,3,
2026-08-18,CAU,OPT,CAUF7 C9000,2027-01-08,C,0.9,0.000050000,3,
2026-08-18,CAU,OPT,CAUF7 P5600,2027-01-08,P,0.56,0.000050000,3,
2026-08-18,CAU,OPT,CAUF7 P5700,2027-01-08,P,0.57,0.000050000,3,
2026-08-18,CAU,OPT,CAUF7 P5800,2027-01-08,P,0.58,0.000050000,3,
2026-08-18,CAU,OPT,CAUF7 P5900,2027-01-08,P,0.59,0.000050000,3,
2026-08-18,CAU,OPT,CAUF7 P6000,2027-01-08,P,0.6,0.000050000,3,
2026-08-18,CAU,OPT,CAUF7 P6100,2027-01-08,P,0.61,0.000050000,3,
2026-08-18,CAU,OPT,CAUF7 P6200,2027-01-08,P,0.62,0.000050000,3,
2026-08-18,CAU,OPT,CAUF7 P6300,2027-01-08,P,0.63,0.000050000,3,
2026-08-18,CAU,OPT,CAUF7 P6400,2027-01-08,P,0.64,0.000100000,3,
2026-08-18,CAU,OPT,CAUF7 P6500,2027-01-08,P,0.65,0.000100000,3,
2026-08-18,CAU,OPT,CAUF7 P6600,2027-01-08,P,0.66,0.000200000,3,
2026-08-18,CAU,OPT,CAUF7 P6650,2027-01-08,P,0.665,0.000250000,3,
2026-08-18,CAU,OPT,CAUF7 P6700,2027-01-08,P,0.67,0.000300000,3,
2026-08-18,CAU,OPT,CAUF7 P6750,2027-01-08,P,0.675,0.000350000,3,16
2026-08-18,CAU,OPT,CAUF7 P6800,2027-01-08,P,0.68,0.000400000,3,
2026-08-18,CAU,OPT,CAUF7 P6850,2027-01-08,P,0.685,0.000500000,3,16
2026-08-18,CAU,OPT,CAUF7 P6900,2027-01-08,P,0.69,0.000700000,3,17
2026-08-18,CAU,OPT,CAUF7 P6950,2027-01-08,P,0.695,0.000900000,3,16
2026-08-18,CAU,OPT,CAUF7 P7000,2027-01-08,P,0.7,0.001300000,3,1
2026-08-18,CAU,OPT,CAUF7 P7050,2027-01-08,P,0.705,0.001900000,3,
2026-08-18,CAU,OPT,CAUF7 P7100,2027-01-08,P,0.71,0.002700000,3,20
2026-08-18,CAU,OPT,CAUF7 P7150,2027-01-08,P,0.715,0.003900000,3,10
2026-08-18,CAU,OPT,CAUF7 P7200,2027-01-08,P,0.72,0.005500000,3,174
2026-08-18,CAU,OPT,CAUF7 P7250,2027-01-08,P,0.725,0.007600000,3,
2026-08-18,CAU,OPT,CAUF7 P7300,2027-01-08,P,0.73,0.010300000,3,100
2026-08-18,CAU,OPT,CAUF7 P7350,2027-01-08,P,0.735,0.013400000,3,1
2026-08-18,CAU,OPT,CAUF7 P7400,2027-01-08,P,0.74,0.017100000,3,
2026-08-18,CAU,OPT,CAUF7 P7450,2027-01-08,P,0.745,0.021100000,3,
2026-08-18,CAU,OPT,CAUF7 P7500,2027-01-08,P,0.75,0.025400000,3,
2026-08-18,CAU,OPT,CAUF7 P7550,2027-01-08,P,0.755,0.029900000,3,
2026-08-18,CAU,OPT,CAUF7 P7600,2027-01-08,P,0.76,0.034500000,3,
2026-08-18,CAU,OPT,CAUF7 P7650,2027-01-08,P,0.765,0.039200000,3,1
2026-08-18,CAU,OPT,CAUF7 P7700,2027-01-08,P,0.77,0.043900000,3,
2026-08-18,CAU,OPT,CAUF7 P7750,2027-01-08,P,0.775,0.048800000,3,
2026-08-18,CAU,OPT,CAUF7 P7800,2027-01-08,P,0.78,0.053600000,3,
2026-08-18,CAU,OPT,CAUF7 P7850,2027-01-08,P,0.785,0.058500000,3,
2026-08-18,CAU,OPT,CAUF7 P7900,2027-01-08,P,0.79,0.063400000,3,
2026-08-18,CAU,OPT,CAUF7 P7950,2027-01-08,P,0.795,0.068300000,3,
2026-08-18,CAU,OPT,CAUF7 P8000,2027-01-08,P,0.8,0.073200000,3,
2026-08-18,CAU,OPT,CAUF7 P8100,2027-01-08,P,0.81,0.083000000,3,
2026-08-18,CAU,OPT,CAUF7 P8200,2027-01-08,P,0.82,0.092900000,3,
2026-08-18,CAU,OPT,CAUF7 P8300,2027-01-08,P,0.83,0.102700000,3,
2026-08-18,CAU,OPT,CAUF7 P8400,2027-01-08,P,0.84,0.112500000,3,
2026-08-18,CAU,OPT,CAUF7 P8500,2027-01-08,P,0.85,0.122400000,3,
2026-08-18,CAU,OPT,CAUF7 P8600,2027-01-08,P,0.86,0.132200000,3,
2026-08-18,CAU,OPT,CAUF7 P8700,2027-01-08,P,0.87,0.142100000,3,
2026-08-18,CAU,OPT,CAUF7 P8800,2027-01-08,P,0.88,0.151900000,3,
2026-08-18,CAU,OPT,CAUF7 P8900,2027-01-08,P,0.89,0.161800000,3,
2026-08-18,CAU,OPT,CAUF7 P9000,2027-01-08,P,0.9,0.171700000,3,
2026-08-18,CAU,OPT,CAUG7 C5600,2027-02-05,C,0.56,0.162900000,3,
2026-08-18,CAU,OPT,CAUG7 C5700,2027-02-05,C,0.57,0.153100000,3,
2026-08-18,CAU,OPT,CAUG7 C5800,2027-02-05,C,0.58,0.143200000,3,
2026-08-18,CAU,OPT,CAUG7 C5900,2027-02-05,C,0.59,0.133400000,3,
2026-08-18,CAU,OPT,CAUG7 C6000,2027-02-05,C,0.6,0.123600000,3,
2026-08-18,CAU,OPT,CAUG7 C6100,2027-02-05,C,0.61,0.113800000,3,
2026-08-18,CAU,OPT,CAUG7 C6200,2027-02-05,C,0.62,0.104000000,3,
2026-08-18,CAU,OPT,CAUG7 C6300,2027-02-05,C,0.63,0.094200000,3,
2026-08-18,CAU,OPT,CAUG7 C6400,2027-02-05,C,0.64,0.084400000,3,
2026-08-18,CAU,OPT,CAUG7 C6500,2027-02-05,C,0.65,0.074700000,3,
2026-08-18,CAU,OPT,CAUG7 C6600,2027-02-05,C,0.66,0.064900000,3,
2026-08-18,CAU,OPT,CAUG7 C6650,2027-02-05,C,0.665,0.060000000,3,
2026-08-18,CAU,OPT,CAUG7 C6700,2027-02-05,C,0.67,0.055200000,3,
2026-08-18,CAU,OPT,CAUG7 C6750,2027-02-05,C,0.675,0.050400000,3,
2026-08-18,CAU,OPT,CAUG7 C6800,2027-02-05,C,0.68,0.045500000,3,
2026-08-18,CAU,OPT,CAUG7 C6850,2027-02-05,C,0.685,0.040800000,3,
2026-08-18,CAU,OPT,CAUG7 C6900,2027-02-05,C,0.69,0.036100000,3,
2026-08-18,CAU,OPT,CAUG7 C6950,2027-02-05,C,0.695,0.031500000,3,
2026-08-18,CAU,OPT,CAUG7 C7000,2027-02-05,C,0.7,0.027100000,3,
2026-08-18,CAU,OPT,CAUG7 C7050,2027-02-05,C,0.705,0.022900000,3,
2026-08-18,CAU,OPT,CAUG7 C7100,2027-02-05,C,0.71,0.018900000,3,3
2026-08-18,CAU,OPT,CAUG7 C7150,2027-02-05,C,0.715,0.015300000,3,4
2026-08-18,CAU,OPT,CAUG7 C7200,2027-02-05,C,0.72,0.012100000,3,200
2026-08-18,CAU,OPT,CAUG7 C7250,2027-02-05,C,0.725,0.009300000,3,6
2026-08-18,CAU,OPT,CAUG7 C7300,2027-02-05,C,0.73,0.007100000,3,97
2026-08-18,CAU,OPT,CAUG7 C7350,2027-02-05,C,0.735,0.005300000,3,200
2026-08-18,CAU,OPT,CAUG7 C7400,2027-02-05,C,0.74,0.003900000,3,
2026-08-18,CAU,OPT,CAUG7 C7450,2027-02-05,C,0.745,0.002900000,3,40
2026-08-18,CAU,OPT,CAUG7 C7500,2027-02-05,C,0.75,0.002100000,3,
2026-08-18,CAU,OPT,CAUG7 C7550,2027-02-05,C,0.755,0.001500000,3,400
2026-08-18,CAU,OPT,CAUG7 C7600,2027-02-05,C,0.76,0.001100000,3,4
2026-08-18,CAU,OPT,CAUG7 C7650,2027-02-05,C,0.765,0.000800000,3,
2026-08-18,CAU,OPT,CAUG7 C7700,2027-02-05,C,0.77,0.000600000,3,18
2026-08-18,CAU,OPT,CAUG7 C7750,2027-02-05,C,0.775,0.000450000,3,
2026-08-18,CAU,OPT,CAUG7 C7800,2027-02-05,C,0.78,0.000350000,3,
2026-08-18,CAU,OPT,CAUG7 C7850,2027-02-05,C,0.785,0.000250000,3,
2026-08-18,CAU,OPT,CAUG7 C7900,2027-02-05,C,0.79,0.000200000,3,
2026-08-18,CAU,OPT,CAUG7 C7950,2027-02-05,C,0.795,0.000150000,3,
2026-08-18,CAU,OPT,CAUG7 C8000,2027-02-05,C,0.8,0.000100000,3,1
2026-08-18,CAU,OPT,CAUG7 C8100,2027-02-05,C,0.81,0.000100000,3,
2026-08-18,CAU,OPT,CAUG7 C8200,2027-02-05,C,0.82,0.000050000,3,
2026-08-18,CAU,OPT,CAUG7 C8300,2027-02-05,C,0.83,0.000050000,3,
2026-08-18,CAU,OPT,CAUG7 C8400,2027-02-05,C,0.84,0.000050000,3,
2026-08-18,CAU,OPT,CAUG7 C8500,2027-02-05,C,0.85,0.000050000,3,
2026-08-18,CAU,OPT,CAUG7 C8600,2027-02-05,C,0.86,0.000050000,3,
2026-08-18,CAU,OPT,CAUG7 C8700,2027-02-05,C,0.87,0.000050000,3,
2026-08-18,CAU,OPT,CAUG7 C8800,2027-02-05,C,0.88,0.000050000,3,
2026-08-18,CAU,OPT,CAUG7 C8900,2027-02-05,C,0.89,0.000050000,3,
2026-08-18,CAU,OPT,CAUG7 C9000,2027-02-05,C,0.9,0.000050000,3,
2026-08-18,CAU,OPT,CAUG7 P5600,2027-02-05,P,0.56,0.000050000,3,
2026-08-18,CAU,OPT,CAUG7 P5700,2027-02-05,P,0.57,0.000050000,3,
2026-08-18,CAU,OPT,CAUG7 P5800,2027-02-05,P,0.58,0.000050000,3,
2026-08-18,CAU,OPT,CAUG7 P5900,2027-02-05,P,0.59,0.000050000,3,
2026-08-18,CAU,OPT,CAUG7 P6000,2027-02-05,P,0.6,0.000050000,3,
2026-08-18,CAU,OPT,CAUG7 P6100,2027-02-05,P,0.61,0.000050000,3,
2026-08-18,CAU,OPT,CAUG7 P6200,2027-02-05,P,0.62,0.000050000,3,
2026-08-18,CAU,OPT,CAUG7 P6300,2027-02-05,P,0.63,0.000100000,3,
2026-08-18,CAU,OPT,CAUG7 P6400,2027-02-05,P,0.64,0.000150000,3,
2026-08-18,CAU,OPT,CAUG7 P6500,2027-02-05,P,0.65,0.000250000,3,
2026-08-18,CAU,OPT,CAUG7 P6600,2027-02-05,P,0.66,0.000300000,3,
2026-08-18,CAU,OPT,CAUG7 P6650,2027-02-05,P,0.665,0.000300000,3,
2026-08-18,CAU,OPT,CAUG7 P6700,2027-02-05,P,0.67,0.000400000,3,
2026-08-18,CAU,OPT,CAUG7 P6750,2027-02-05,P,0.675,0.000450000,3,
2026-08-18,CAU,OPT,CAUG7 P6800,2027-02-05,P,0.68,0.000600000,3,16
2026-08-18,CAU,OPT,CAUG7 P6850,2027-02-05,P,0.685,0.000700000,3,416
2026-08-18,CAU,OPT,CAUG7 P6900,2027-02-05,P,0.69,0.000900000,3,16
2026-08-18,CAU,OPT,CAUG7 P6950,2027-02-05,P,0.695,0.001300000,3,16
2026-08-18,CAU,OPT,CAUG7 P7000,2027-02-05,P,0.7,0.001800000,3,
2026-08-18,CAU,OPT,CAUG7 P7050,2027-02-05,P,0.705,0.002500000,3,200
2026-08-18,CAU,OPT,CAUG7 P7100,2027-02-05,P,0.71,0.003400000,3,1
2026-08-18,CAU,OPT,CAUG7 P7150,2027-02-05,P,0.715,0.004700000,3,
2026-08-18,CAU,OPT,CAUG7 P7200,2027-02-05,P,0.72,0.006400000,3,201
2026-08-18,CAU,OPT,CAUG7 P7250,2027-02-05,P,0.725,0.008500000,3,
2026-08-18,CAU,OPT,CAUG7 P7300,2027-02-05,P,0.73,0.011200000,3,5
2026-08-18,CAU,OPT,CAUG7 P7350,2027-02-05,P,0.735,0.014300000,3,13
2026-08-18,CAU,OPT,CAUG7 P7400,2027-02-05,P,0.74,0.017800000,3,2
2026-08-18,CAU,OPT,CAUG7 P7450,2027-02-05,P,0.745,0.021700000,3,
2026-08-18,CAU,OPT,CAUG7 P7500,2027-02-05,P,0.75,0.025800000,3,
2026-08-18,CAU,OPT,CAUG7 P7550,2027-02-05,P,0.755,0.030200000,3,
2026-08-18,CAU,OPT,CAUG7 P7600,2027-02-05,P,0.76,0.034700000,3,
2026-08-18,CAU,OPT,CAUG7 P7650,2027-02-05,P,0.765,0.039300000,3,
2026-08-18,CAU,OPT,CAUG7 P7700,2027-02-05,P,0.77,0.044000000,3,
2026-08-18,CAU,OPT,CAUG7 P7750,2027-02-05,P,0.775,0.048800000,3,
2026-08-18,CAU,OPT,CAUG7 P7800,2027-02-05,P,0.78,0.053600000,3,
2026-08-18,CAU,OPT,CAUG7 P7850,2027-02-05,P,0.785,0.058400000,3,
2026-08-18,CAU,OPT,CAUG7 P7900,2027-02-05,P,0.79,0.063300000,3,
2026-08-18,CAU,OPT,CAUG7 P7950,2027-02-05,P,0.795,0.068100000,3,
2026-08-18,CAU,OPT,CAUG7 P8000,2027-02-05,P,0.8,0.073000000,3,
2026-08-18,CAU,OPT,CAUG7 P8100,2027-02-05,P,0.81,0.082800000,3,
2026-08-18,CAU,OPT,CAUG7 P8200,2027-02-05,P,0.82,0.092600000,3,
2026-08-18,CAU,OPT,CAUG7 P8300,2027-02-05,P,0.83,0.102400000,3,
2026-08-18,CAU,OPT,CAUG7 P8400,2027-02-05,P,0.84,0.112200000,3,
2026-08-18,CAU,OPT,CAUG7 P8500,2027-02-05,P,0.85,0.122000000,3,
2026-08-18,CAU,OPT,CAUG7 P8600,2027-02-05,P,0.86,0.131800000,3,
2026-08-18,CAU,OPT,CAUG7 P8700,2027-02-05,P,0.87,0.141700000,3,
2026-08-18,CAU,OPT,CAUG7 P8800,2027-02-05,P,0.88,0.151500000,3,
2026-08-18,CAU,OPT,CAUG7 P8900,2027-02-05,P,0.89,0.161300000,3,
2026-08-18,CAU,OPT,CAUG7 P9000,2027-02-05,P,0.9,0.171100000,3,
2026-08-18,CAU,OPT,CAUH7 C5600,2027-03-05,C,0.56,0.162400000,3,
2026-08-18,CAU,OPT,CAUH7 C5700,2027-03-05,C,0.57,0.152600000,3,
2026-08-18,CAU,OPT,CAUH7 C5800,2027-03-05,C,0.58,0.142800000,3,
2026-08-18,CAU,OPT,CAUH7 C5900,2027-03-05,C,0.59,0.133000000,3,
2026-08-18,CAU,OPT,CAUH7 C6000,2027-03-05,C,0.6,0.123300000,3,
2026-08-18,CAU,OPT,CAUH7 C6100,2027-03-05,C,0.61,0.113500000,3,
2026-08-18,CAU,OPT,CAUH7 C6200,2027-03-05,C,0.62,0.103700000,3,
2026-08-18,CAU,OPT,CAUH7 C6300,2027-03-05,C,0.63,0.094000000,3,
2026-08-18,CAU,OPT,CAUH7 C6400,2027-03-05,C,0.64,0.084300000,3,
2026-08-18,CAU,OPT,CAUH7 C6500,2027-03-05,C,0.65,0.074500000,3,
2026-08-18,CAU,OPT,CAUH7 C6600,2027-03-05,C,0.66,0.064800000,3,
2026-08-18,CAU,OPT,CAUH7 C6650,2027-03-05,C,0.665,0.060000000,3,
2026-08-18,CAU,OPT,CAUH7 C6700,2027-03-05,C,0.67,0.055200000,3,
2026-08-18,CAU,OPT,CAUH7 C6750,2027-03-05,C,0.675,0.050400000,3,
2026-08-18,CAU,OPT,CAUH7 C6800,2027-03-05,C,0.68,0.045600000,3,
2026-08-18,CAU,OPT,CAUH7 C6850,2027-03-05,C,0.685,0.040900000,3,
2026-08-18,CAU,OPT,CAUH7 C6900,2027-03-05,C,0.69,0.036300000,3,
2026-08-18,CAU,OPT,CAUH7 C6950,2027-03-05,C,0.695,0.031800000,3,
2026-08-18,CAU,OPT,CAUH7 C7000,2027-03-05,C,0.7,0.027500000,3,
2026-08-18,CAU,OPT,CAUH7 C7050,2027-03-05,C,0.705,0.023400000,3,
2026-08-18,CAU,OPT,CAUH7 C7100,2027-03-05,C,0.71,0.019500000,3,32
2026-08-18,CAU,OPT,CAUH7 C7150,2027-03-05,C,0.715,0.016000000,3,10
2026-08-18,CAU,OPT,CAUH7 C7200,2027-03-05,C,0.72,0.012900000,3,4
2026-08-18,CAU,OPT,CAUH7 C7250,2027-03-05,C,0.725,0.010100000,3,98
2026-08-18,CAU,OPT,CAUH7 C7300,2027-03-05,C,0.73,0.007800000,3,195
2026-08-18,CAU,OPT,CAUH7 C7350,2027-03-05,C,0.735,0.006000000,3,12
2026-08-18,CAU,OPT,CAUH7 C7400,2027-03-05,C,0.74,0.004600000,3,6
2026-08-18,CAU,OPT,CAUH7 C7450,2027-03-05,C,0.745,0.003500000,3,25
2026-08-18,CAU,OPT,CAUH7 C7500,2027-03-05,C,0.75,0.002700000,3,51
2026-08-18,CAU,OPT,CAUH7 C7550,2027-03-05,C,0.755,0.002000000,3,
2026-08-18,CAU,OPT,CAUH7 C7600,2027-03-05,C,0.76,0.001500000,3,1
2026-08-18,CAU,OPT,CAUH7 C7650,2027-03-05,C,0.765,0.001200000,3,50
2026-08-18,CAU,OPT,CAUH7 C7700,2027-03-05,C,0.77,0.000900000,3,
2026-08-18,CAU,OPT,CAUH7 C7750,2027-03-05,C,0.775,0.000700000,3,
2026-08-18,CAU,OPT,CAUH7 C7800,2027-03-05,C,0.78,0.000500000,3,1
2026-08-18,CAU,OPT,CAUH7 C7850,2027-03-05,C,0.785,0.000400000,3,
2026-08-18,CAU,OPT,CAUH7 C7900,2027-03-05,C,0.79,0.000350000,3,
2026-08-18,CAU,OPT,CAUH7 C7950,2027-03-05,C,0.795,0.000250000,3,
2026-08-18,CAU,OPT,CAUH7 C8000,2027-03-05,C,0.8,0.000250000,3,
2026-08-18,CAU,OPT,CAUH7 C8050,2027-03-05,C,0.805,0.000200000,3,
2026-08-18,CAU,OPT,CAUH7 C8100,2027-03-05,C,0.81,0.000150000,3,
2026-08-18,CAU,OPT,CAUH7 C8200,2027-03-05,C,0.82,0.000100000,3,
2026-08-18,CAU,OPT,CAUH7 C8300,2027-03-05,C,0.83,0.000100000,3,
2026-08-18,CAU,OPT,CAUH7 C8400,2027-03-05,C,0.84,0.000050000,3,
2026-08-18,CAU,OPT,CAUH7 C8500,2027-03-05,C,0.85,0.000050000,3,
2026-08-18,CAU,OPT,CAUH7 C8600,2027-03-05,C,0.86,0.000050000,3,
2026-08-18,CAU,OPT,CAUH7 C8700,2027-03-05,C,0.87,0.000050000,3,
2026-08-18,CAU,OPT,CAUH7 C8800,2027-03-05,C,0.88,0.000050000,3,
2026-08-18,CAU,OPT,CAUH7 C8900,2027-03-05,C,0.89,0.000050000,3,
2026-08-18,CAU,OPT,CAUH7 C9000,2027-03-05,C,0.9,0.000050000,3,
2026-08-18,CAU,OPT,CAUH7 P5600,2027-03-05,P,0.56,0.000050000,3,
2026-08-18,CAU,OPT,CAUH7 P5700,2027-03-05,P,0.57,0.000050000,3,
2026-08-18,CAU,OPT,CAUH7 P5800,2027-03-05,P,0.58,0.000050000,3,
2026-08-18,CAU,OPT,CAUH7 P5900,2027-03-05,P,0.59,0.000050000,3,
2026-08-18,CAU,OPT,CAUH7 P6000,2027-03-05,P,0.6,0.000050000,3,
2026-08-18,CAU,OPT,CAUH7 P6100,2027-03-05,P,0.61,0.000100000,3,
2026-08-18,CAU,OPT,CAUH7 P6200,2027-03-05,P,0.62,0.000100000,3,
2026-08-18,CAU,OPT,CAUH7 P6300,2027-03-05,P,0.63,0.000150000,3,
2026-08-18,CAU,OPT,CAUH7 P6400,2027-03-05,P,0.64,0.000200000,3,
2026-08-18,CAU,OPT,CAUH7 P6500,2027-03-05,P,0.65,0.000300000,3,2
2026-08-18,CAU,OPT,CAUH7 P6600,2027-03-05,P,0.66,0.000400000,3,
2026-08-18,CAU,OPT,CAUH7 P6650,2027-03-05,P,0.665,0.000450000,3,
2026-08-18,CAU,OPT,CAUH7 P6700,2027-03-05,P,0.67,0.000500000,3,4
2026-08-18,CAU,OPT,CAUH7 P6750,2027-03-05,P,0.675,0.000600000,3,
2026-08-18,CAU,OPT,CAUH7 P6800,2027-03-05,P,0.68,0.000800000,3,1
2026-08-18,CAU,OPT,CAUH7 P6850,2027-03-05,P,0.685,0.001000000,3,17
2026-08-18,CAU,OPT,CAUH7 P6900,2027-03-05,P,0.69,0.001200000,3,10
2026-08-18,CAU,OPT,CAUH7 P6950,2027-03-05,P,0.695,0.001600000,3,
2026-08-18,CAU,OPT,CAUH7 P7000,2027-03-05,P,0.7,0.002200000,3,30
2026-08-18,CAU,OPT,CAUH7 P7050,2027-03-05,P,0.705,0.003000000,3,6
2026-08-18,CAU,OPT,CAUH7 P7100,2027-03-05,P,0.71,0.004100000,3,39
2026-08-18,CAU,OPT,CAUH7 P7150,2027-03-05,P,0.715,0.005400000,3,
2026-08-18,CAU,OPT,CAUH7 P7200,2027-03-05,P,0.72,0.007200000,3,
2026-08-18,CAU,OPT,CAUH7 P7250,2027-03-05,P,0.725,0.009300000,3,56
2026-08-18,CAU,OPT,CAUH7 P7300,2027-03-05,P,0.73,0.012000000,3,
2026-08-18,CAU,OPT,CAUH7 P7350,2027-03-05,P,0.735,0.015000000,3,7
2026-08-18,CAU,OPT,CAUH7 P7400,2027-03-05,P,0.74,0.018500000,3,
2026-08-18,CAU,OPT,CAUH7 P7450,2027-03-05,P,0.745,0.022300000,3,
2026-08-18,CAU,OPT,CAUH7 P7500,2027-03-05,P,0.75,0.026400000,3,
2026-08-18,CAU,OPT,CAUH7 P7550,2027-03-05,P,0.755,0.030600000,3,
2026-08-18,CAU,OPT,CAUH7 P7600,2027-03-05,P,0.76,0.035000000,3,
2026-08-18,CAU,OPT,CAUH7 P7650,2027-03-05,P,0.765,0.039600000,3,
2026-08-18,CAU,OPT,CAUH7 P7700,2027-03-05,P,0.77,0.044200000,3,
2026-08-18,CAU,OPT,CAUH7 P7750,2027-03-05,P,0.775,0.048900000,3,
2026-08-18,CAU,OPT,CAUH7 P7800,2027-03-05,P,0.78,0.053600000,3,
2026-08-18,CAU,OPT,CAUH7 P7850,2027-03-05,P,0.785,0.058400000,3,
2026-08-18,CAU,OPT,CAUH7 P7900,2027-03-05,P,0.79,0.063200000,3,
2026-08-18,CAU,OPT,CAUH7 P7950,2027-03-05,P,0.795,0.068000000,3,
2026-08-18,CAU,OPT,CAUH7 P8000,2027-03-05,P,0.8,0.072900000,3,
2026-08-18,CAU,OPT,CAUH7 P8050,2027-03-05,P,0.805,0.077800000,3,
2026-08-18,CAU,OPT,CAUH7 P8100,2027-03-05,P,0.81,0.082600000,3,
2026-08-18,CAU,OPT,CAUH7 P8200,2027-03-05,P,0.82,0.092400000,3,
2026-08-18,CAU,OPT,CAUH7 P8300,2027-03-05,P,0.83,0.102100000,3,
2026-08-18,CAU,OPT,CAUH7 P8400,2027-03-05,P,0.84,0.111900000,3,
2026-08-18,CAU,OPT,CAUH7 P8500,2027-03-05,P,0.85,0.121700000,3,
2026-08-18,CAU,OPT,CAUH7 P8600,2027-03-05,P,0.86,0.131400000,3,
2026-08-18,CAU,OPT,CAUH7 P8700,2027-03-05,P,0.87,0.141200000,3,
2026-08-18,CAU,OPT,CAUH7 P8800,2027-03-05,P,0.88,0.151000000,3,
2026-08-18,CAU,OPT,CAUH7 P8900,2027-03-05,P,0.89,0.160800000,3,
2026-08-18,CAU,OPT,CAUH7 P9000,2027-03-05,P,0.9,0.170600000,3,
2026-08-18,CAU,OPT,CAUJ7 C5700,2027-04-09,C,0.57,0.154500000,3,
2026-08-18,CAU,OPT,CAUJ7 C5800,2027-04-09,C,0.58,0.144700000,3,
2026-08-18,CAU,OPT,CAUJ7 C5900,2027-04-09,C,0.59,0.135000000,3,
2026-08-18,CAU,OPT,CAUJ7 C6000,2027-04-09,C,0.6,0.125200000,3,
2026-08-18,CAU,OPT,CAUJ7 C6100,2027-04-09,C,0.61,0.115500000,3,
2026-08-18,CAU,OPT,CAUJ7 C6200,2027-04-09,C,0.62,0.105800000,3,
2026-08-18,CAU,OPT,CAUJ7 C6300,2027-04-09,C,0.63,0.096100000,3,
2026-08-18,CAU,OPT,CAUJ7 C6400,2027-04-09,C,0.64,0.086400000,3,
2026-08-18,CAU,OPT,CAUJ7 C6500,2027-04-09,C,0.65,0.076700000,3,
2026-08-18,CAU,OPT,CAUJ7 C6600,2027-04-09,C,0.66,0.067100000,3,
2026-08-18,CAU,OPT,CAUJ7 C6650,2027-04-09,C,0.665,0.062300000,3,
2026-08-18,CAU,OPT,CAUJ7 C6700,2027-04-09,C,0.67,0.057500000,3,
2026-08-18,CAU,OPT,CAUJ7 C6750,2027-04-09,C,0.675,0.052800000,3,
2026-08-18,CAU,OPT,CAUJ7 C6800,2027-04-09,C,0.68,0.048000000,3,
2026-08-18,CAU,OPT,CAUJ7 C6850,2027-04-09,C,0.685,0.043400000,3,
2026-08-18,CAU,OPT,CAUJ7 C6900,2027-04-09,C,0.69,0.038800000,3,
2026-08-18,CAU,OPT,CAUJ7 C6950,2027-04-09,C,0.695,0.034400000,3,
2026-08-18,CAU,OPT,CAUJ7 C7000,2027-04-09,C,0.7,0.030100000,3,
2026-08-18,CAU,OPT,CAUJ7 C7050,2027-04-09,C,0.705,0.026000000,3,
2026-08-18,CAU,OPT,CAUJ7 C7100,2027-04-09,C,0.71,0.022100000,3,
2026-08-18,CAU,OPT,CAUJ7 C7150,2027-04-09,C,0.715,0.018500000,3,
2026-08-18,CAU,OPT,CAUJ7 C7200,2027-04-09,C,0.72,0.015200000,3,
2026-08-18,CAU,OPT,CAUJ7 C7250,2027-04-09,C,0.725,0.012300000,3,
2026-08-18,CAU,OPT,CAUJ7 C7300,2027-04-09,C,0.73,0.009800000,3,5
2026-08-18,CAU,OPT,CAUJ7 C7350,2027-04-09,C,0.735,0.007800000,3,
2026-08-18,CAU,OPT,CAUJ7 C7400,2027-04-09,C,0.74,0.006100000,3,8
2026-08-18,CAU,OPT,CAUJ7 C7450,2027-04-09,C,0.745,0.004800000,3,
2026-08-18,CAU,OPT,CAUJ7 C7500,2027-04-09,C,0.75,0.003800000,3,
2026-08-18,CAU,OPT,CAUJ7 C7550,2027-04-09,C,0.755,0.003000000,3,
2026-08-18,CAU,OPT,CAUJ7 C7600,2027-04-09,C,0.76,0.002300000,3,
2026-08-18,CAU,OPT,CAUJ7 C7650,2027-04-09,C,0.765,0.001800000,3,
2026-08-18,CAU,OPT,CAUJ7 C7700,2027-04-09,C,0.77,0.001400000,3,
2026-08-18,CAU,OPT,CAUJ7 C7750,2027-04-09,C,0.775,0.001100000,3,
2026-08-18,CAU,OPT,CAUJ7 C7800,2027-04-09,C,0.78,0.000800000,3,
2026-08-18,CAU,OPT,CAUJ7 C7850,2027-04-09,C,0.785,0.000700000,3,
2026-08-18,CAU,OPT,CAUJ7 C7900,2027-04-09,C,0.79,0.000500000,3,
2026-08-18,CAU,OPT,CAUJ7 C7950,2027-04-09,C,0.795,0.000450000,3,
2026-08-18,CAU,OPT,CAUJ7 C8000,2027-04-09,C,0.8,0.000400000,3,
2026-08-18,CAU,OPT,CAUJ7 C8100,2027-04-09,C,0.81,0.000250000,3,
2026-08-18,CAU,OPT,CAUJ7 C8200,2027-04-09,C,0.82,0.000200000,3,
2026-08-18,CAU,OPT,CAUJ7 C8300,2027-04-09,C,0.83,0.000150000,3,
2026-08-18,CAU,OPT,CAUJ7 C8400,2027-04-09,C,0.84,0.000100000,3,
2026-08-18,CAU,OPT,CAUJ7 C8500,2027-04-09,C,0.85,0.000100000,3,
2026-08-18,CAU,OPT,CAUJ7 C8600,2027-04-09,C,0.86,0.000050000,3,
2026-08-18,CAU,OPT,CAUJ7 C8700,2027-04-09,C,0.87,0.000050000,3,
2026-08-18,CAU,OPT,CAUJ7 C8800,2027-04-09,C,0.88,0.000050000,3,
2026-08-18,CAU,OPT,CAUJ7 C8900,2027-04-09,C,0.89,0.000050000,3,
2026-08-18,CAU,OPT,CAUJ7 P5700,2027-04-09,P,0.57,0.000050000,3,
2026-08-18,CAU,OPT,CAUJ7 P5800,2027-04-09,P,0.58,0.000050000,3,
2026-08-18,CAU,OPT,CAUJ7 P5900,2027-04-09,P,0.59,0.000050000,3,
2026-08-18,CAU,OPT,CAUJ7 P6000,2027-04-09,P,0.6,0.000050000,3,
2026-08-18,CAU,OPT,CAUJ7 P6100,2027-04-09,P,0.61,0.000100000,3,
2026-08-18,CAU,OPT,CAUJ7 P6200,2027-04-09,P,0.62,0.000100000,3,
2026-08-18,CAU,OPT,CAUJ7 P6300,2027-04-09,P,0.63,0.000200000,3,
2026-08-18,CAU,OPT,CAUJ7 P6400,2027-04-09,P,0.64,0.000250000,3,
2026-08-18,CAU,OPT,CAUJ7 P6500,2027-04-09,P,0.65,0.000300000,3,
2026-08-18,CAU,OPT,CAUJ7 P6600,2027-04-09,P,0.66,0.000450000,3,
2026-08-18,CAU,OPT,CAUJ7 P6650,2027-04-09,P,0.665,0.000500000,3,
2026-08-18,CAU,OPT,CAUJ7 P6700,2027-04-09,P,0.67,0.000600000,3,
2026-08-18,CAU,OPT,CAUJ7 P6750,2027-04-09,P,0.675,0.000800000,3,
2026-08-18,CAU,OPT,CAUJ7 P6800,2027-04-09,P,0.68,0.000900000,3,
2026-08-18,CAU,OPT,CAUJ7 P6850,2027-04-09,P,0.685,0.001200000,3,
2026-08-18,CAU,OPT,CAUJ7 P6900,2027-04-09,P,0.69,0.001500000,3,
2026-08-18,CAU,OPT,CAUJ7 P6950,2027-04-09,P,0.695,0.001900000,3,2
2026-08-18,CAU,OPT,CAUJ7 P7000,2027-04-09,P,0.7,0.002500000,3,
2026-08-18,CAU,OPT,CAUJ7 P7050,2027-04-09,P,0.705,0.003300000,3,
2026-08-18,CAU,OPT,CAUJ7 P7100,2027-04-09,P,0.71,0.004200000,3,
2026-08-18,CAU,OPT,CAUJ7 P7150,2027-04-09,P,0.715,0.005500000,3,
2026-08-18,CAU,OPT,CAUJ7 P7200,2027-04-09,P,0.72,0.007100000,3,
2026-08-18,CAU,OPT,CAUJ7 P7250,2027-04-09,P,0.725,0.009100000,3,
2026-08-18,CAU,OPT,CAUJ7 P7300,2027-04-09,P,0.73,0.011500000,3,4
2026-08-18,CAU,OPT,CAUJ7 P7350,2027-04-09,P,0.735,0.014300000,3,
2026-08-18,CAU,OPT,CAUJ7 P7400,2027-04-09,P,0.74,0.017600000,3,9
2026-08-18,CAU,OPT,CAUJ7 P7450,2027-04-09,P,0.745,0.021100000,3,
2026-08-18,CAU,OPT,CAUJ7 P7500,2027-04-09,P,0.75,0.025000000,3,
2026-08-18,CAU,OPT,CAUJ7 P7550,2027-04-09,P,0.755,0.029000000,3,
2026-08-18,CAU,OPT,CAUJ7 P7600,2027-04-09,P,0.76,0.033200000,3,
2026-08-18,CAU,OPT,CAUJ7 P7650,2027-04-09,P,0.765,0.037600000,3,
2026-08-18,CAU,OPT,CAUJ7 P7700,2027-04-09,P,0.77,0.042000000,3,
2026-08-18,CAU,OPT,CAUJ7 P7750,2027-04-09,P,0.775,0.046600000,3,
2026-08-18,CAU,OPT,CAUJ7 P7800,2027-04-09,P,0.78,0.051300000,3,
2026-08-18,CAU,OPT,CAUJ7 P7850,2027-04-09,P,0.785,0.056000000,3,
2026-08-18,CAU,OPT,CAUJ7 P7900,2027-04-09,P,0.79,0.060700000,3,
2026-08-18,CAU,OPT,CAUJ7 P7950,2027-04-09,P,0.795,0.065500000,3,
2026-08-18,CAU,OPT,CAUJ7 P8000,2027-04-09,P,0.8,0.070300000,3,
2026-08-18,CAU,OPT,CAUJ7 P8100,2027-04-09,P,0.81,0.080000000,3,
2026-08-18,CAU,OPT,CAUJ7 P8200,2027-04-09,P,0.82,0.089700000,3,
2026-08-18,CAU,OPT,CAUJ7 P8300,2027-04-09,P,0.83,0.099400000,3,
2026-08-18,CAU,OPT,CAUJ7 P8400,2027-04-09,P,0.84,0.109100000,3,
2026-08-18,CAU,OPT,CAUJ7 P8500,2027-04-09,P,0.85,0.118800000,3,
2026-08-18,CAU,OPT,CAUJ7 P8600,2027-04-09,P,0.86,0.128600000,3,
2026-08-18,CAU,OPT,CAUJ7 P8700,2027-04-09,P,0.87,0.138300000,3,
2026-08-18,CAU,OPT,CAUJ7 P8800,2027-04-09,P,0.88,0.148000000,3,
2026-08-18,CAU,OPT,CAUJ7 P8900,2027-04-09,P,0.89,0.157800000,3,
2026-08-18,CAU,OPT,CAUK7 C5700,2027-05-07,C,0.57,0.154000000,3,
2026-08-18,CAU,OPT,CAUK7 C5800,2027-05-07,C,0.58,0.144300000,3,
2026-08-18,CAU,OPT,CAUK7 C5900,2027-05-07,C,0.59,0.134600000,3,
2026-08-18,CAU,OPT,CAUK7 C6000,2027-05-07,C,0.6,0.124900000,3,
2026-08-18,CAU,OPT,CAUK7 C6100,2027-05-07,C,0.61,0.115200000,3,
2026-08-18,CAU,OPT,CAUK7 C6200,2027-05-07,C,0.62,0.105500000,3,
2026-08-18,CAU,OPT,CAUK7 C6300,2027-05-07,C,0.63,0.095800000,3,
2026-08-18,CAU,OPT,CAUK7 C6400,2027-05-07,C,0.64,0.086200000,3,
2026-08-18,CAU,OPT,CAUK7 C6500,2027-05-07,C,0.65,0.076600000,3,
2026-08-18,CAU,OPT,CAUK7 C6600,2027-05-07,C,0.66,0.067000000,3,
2026-08-18,CAU,OPT,CAUK7 C6650,2027-05-07,C,0.665,0.062200000,3,
2026-08-18,CAU,OPT,CAUK7 C6700,2027-05-07,C,0.67,0.057500000,3,
2026-08-18,CAU,OPT,CAUK7 C6750,2027-05-07,C,0.675,0.052800000,3,
2026-08-18,CAU,OPT,CAUK7 C6800,2027-05-07,C,0.68,0.048100000,3,
2026-08-18,CAU,OPT,CAUK7 C6850,2027-05-07,C,0.685,0.043600000,3,
2026-08-18,CAU,OPT,CAUK7 C6900,2027-05-07,C,0.69,0.039100000,3,
2026-08-18,CAU,OPT,CAUK7 C6950,2027-05-07,C,0.695,0.034700000,3,
2026-08-18,CAU,OPT,CAUK7 C7000,2027-05-07,C,0.7,0.030500000,3,
2026-08-18,CAU,OPT,CAUK7 C7050,2027-05-07,C,0.705,0.026500000,3,
2026-08-18,CAU,OPT,CAUK7 C7100,2027-05-07,C,0.71,0.022700000,3,6
2026-08-18,CAU,OPT,CAUK7 C7150,2027-05-07,C,0.715,0.019200000,3,
2026-08-18,CAU,OPT,CAUK7 C7200,2027-05-07,C,0.72,0.016000000,3,
2026-08-18,CAU,OPT,CAUK7 C7250,2027-05-07,C,0.725,0.013100000,3,
2026-08-18,CAU,OPT,CAUK7 C7300,2027-05-07,C,0.73,0.010700000,3,
2026-08-18,CAU,OPT,CAUK7 C7350,2027-05-07,C,0.735,0.008500000,3,
2026-08-18,CAU,OPT,CAUK7 C7400,2027-05-07,C,0.74,0.006800000,3,
2026-08-18,CAU,OPT,CAUK7 C7450,2027-05-07,C,0.745,0.005400000,3,
2026-08-18,CAU,OPT,CAUK7 C7500,2027-05-07,C,0.75,0.004400000,3,
2026-08-18,CAU,OPT,CAUK7 C7550,2027-05-07,C,0.755,0.003500000,3,
2026-08-18,CAU,OPT,CAUK7 C7600,2027-05-07,C,0.76,0.002800000,3,
2026-08-18,CAU,OPT,CAUK7 C7650,2027-05-07,C,0.765,0.002200000,3,
2026-08-18,CAU,OPT,CAUK7 C7700,2027-05-07,C,0.77,0.001800000,3,
2026-08-18,CAU,OPT,CAUK7 C7750,2027-05-07,C,0.775,0.001400000,3,
2026-08-18,CAU,OPT,CAUK7 C7800,2027-05-07,C,0.78,0.001100000,3,
2026-08-18,CAU,OPT,CAUK7 C7850,2027-05-07,C,0.785,0.000900000,3,
2026-08-18,CAU,OPT,CAUK7 C7900,2027-05-07,C,0.79,0.000800000,3,
2026-08-18,CAU,OPT,CAUK7 C8000,2027-05-07,C,0.8,0.000500000,3,
2026-08-18,CAU,OPT,CAUK7 C8100,2027-05-07,C,0.81,0.000350000,3,
2026-08-18,CAU,OPT,CAUK7 C8200,2027-05-07,C,0.82,0.000250000,3,
2026-08-18,CAU,OPT,CAUK7 C8300,2027-05-07,C,0.83,0.000200000,3,
2026-08-18,CAU,OPT,CAUK7 C8400,2027-05-07,C,0.84,0.000150000,3,
2026-08-18,CAU,OPT,CAUK7 C8500,2027-05-07,C,0.85,0.000100000,3,
2026-08-18,CAU,OPT,CAUK7 C8600,2027-05-07,C,0.86,0.000100000,3,
2026-08-18,CAU,OPT,CAUK7 C8700,2027-05-07,C,0.87,0.000100000,3,
2026-08-18,CAU,OPT,CAUK7 C8800,2027-05-07,C,0.88,0.000050000,3,
2026-08-18,CAU,OPT,CAUK7 C8900,2027-05-07,C,0.89,0.000050000,3,
2026-08-18,CAU,OPT,CAUK7 P5700,2027-05-07,P,0.57,0.000050000,3,
2026-08-18,CAU,OPT,CAUK7 P5800,2027-05-07,P,0.58,0.000050000,3,
2026-08-18,CAU,OPT,CAUK7 P5900,2027-05-07,P,0.59,0.000050000,3,
2026-08-18,CAU,OPT,CAUK7 P6000,2027-05-07,P,0.6,0.000100000,3,
2026-08-18,CAU,OPT,CAUK7 P6100,2027-05-07,P,0.61,0.000100000,3,
2026-08-18,CAU,OPT,CAUK7 P6200,2027-05-07,P,0.62,0.000150000,3,
2026-08-18,CAU,OPT,CAUK7 P6300,2027-05-07,P,0.63,0.000200000,3,
2026-08-18,CAU,OPT,CAUK7 P6400,2027-05-07,P,0.64,0.000300000,3,470
2026-08-18,CAU,OPT,CAUK7 P6500,2027-05-07,P,0.65,0.000400000,3,370
2026-08-18,CAU,OPT,CAUK7 P6600,2027-05-07,P,0.66,0.000600000,3,
2026-08-18,CAU,OPT,CAUK7 P6650,2027-05-07,P,0.665,0.000700000,3,2
2026-08-18,CAU,OPT,CAUK7 P6700,2027-05-07,P,0.67,0.000800000,3,
2026-08-18,CAU,OPT,CAUK7 P6750,2027-05-07,P,0.675,0.000900000,3,
2026-08-18,CAU,OPT,CAUK7 P6800,2027-05-07,P,0.68,0.001200000,3,
2026-08-18,CAU,OPT,CAUK7 P6850,2027-05-07,P,0.685,0.001400000,3,
2026-08-18,CAU,OPT,CAUK7 P6900,2027-05-07,P,0.69,0.001800000,3,
2026-08-18,CAU,OPT,CAUK7 P6950,2027-05-07,P,0.695,0.002300000,3,250
2026-08-18,CAU,OPT,CAUK7 P7000,2027-05-07,P,0.7,0.003000000,3,
2026-08-18,CAU,OPT,CAUK7 P7050,2027-05-07,P,0.705,0.003800000,3,
2026-08-18,CAU,OPT,CAUK7 P7100,2027-05-07,P,0.71,0.004900000,3,
2026-08-18,CAU,OPT,CAUK7 P7150,2027-05-07,P,0.715,0.006200000,3,
2026-08-18,CAU,OPT,CAUK7 P7200,2027-05-07,P,0.72,0.007900000,3,
2026-08-18,CAU,OPT,CAUK7 P7250,2027-05-07,P,0.725,0.009900000,3,
2026-08-18,CAU,OPT,CAUK7 P7300,2027-05-07,P,0.73,0.012300000,3,
2026-08-18,CAU,OPT,CAUK7 P7350,2027-05-07,P,0.735,0.015100000,3,
2026-08-18,CAU,OPT,CAUK7 P7400,2027-05-07,P,0.74,0.018200000,3,
2026-08-18,CAU,OPT,CAUK7 P7450,2027-05-07,P,0.745,0.021700000,3,
2026-08-18,CAU,OPT,CAUK7 P7500,2027-05-07,P,0.75,0.025500000,3,
2026-08-18,CAU,OPT,CAUK7 P7550,2027-05-07,P,0.755,0.029500000,3,
2026-08-18,CAU,OPT,CAUK7 P7600,2027-05-07,P,0.76,0.033600000,3,
2026-08-18,CAU,OPT,CAUK7 P7650,2027-05-07,P,0.765,0.037900000,3,
2026-08-18,CAU,OPT,CAUK7 P7700,2027-05-07,P,0.77,0.042300000,3,
2026-08-18,CAU,OPT,CAUK7 P7750,2027-05-07,P,0.775,0.046800000,3,
2026-08-18,CAU,OPT,CAUK7 P7800,2027-05-07,P,0.78,0.051400000,3,
2026-08-18,CAU,OPT,CAUK7 P7850,2027-05-07,P,0.785,0.056100000,3,
2026-08-18,CAU,OPT,CAUK7 P7900,2027-05-07,P,0.79,0.060800000,3,
2026-08-18,CAU,OPT,CAUK7 P8000,2027-05-07,P,0.8,0.070300000,3,
2026-08-18,CAU,OPT,CAUK7 P8100,2027-05-07,P,0.81,0.079800000,3,
2026-08-18,CAU,OPT,CAUK7 P8200,2027-05-07,P,0.82,0.089500000,3,
2026-08-18,CAU,OPT,CAUK7 P8300,2027-05-07,P,0.83,0.099100000,3,
2026-08-18,CAU,OPT,CAUK7 P8400,2027-05-07,P,0.84,0.108800000,3,
2026-08-18,CAU,OPT,CAUK7 P8500,2027-05-07,P,0.85,0.118500000,3,
2026-08-18,CAU,OPT,CAUK7 P8600,2027-05-07,P,0.86,0.128200000,3,
2026-08-18,CAU,OPT,CAUK7 P8700,2027-05-07,P,0.87,0.137900000,3,
2026-08-18,CAU,OPT,CAUK7 P8800,2027-05-07,P,0.88,0.147600000,3,
2026-08-18,CAU,OPT,CAUK7 P8900,2027-05-07,P,0.89,0.157300000,3,
2026-08-18,CAU,OPT,CAUM7 C5700,2027-06-04,C,0.57,0.153500000,3,
2026-08-18,CAU,OPT,CAUM7 C5800,2027-06-04,C,0.58,0.143900000,3,
2026-08-18,CAU,OPT,CAUM7 C5900,2027-06-04,C,0.59,0.134200000,3,
2026-08-18,CAU,OPT,CAUM7 C6000,2027-06-04,C,0.6,0.124600000,3,
2026-08-18,CAU,OPT,CAUM7 C6100,2027-06-04,C,0.61,0.114900000,3,
2026-08-18,CAU,OPT,CAUM7 C6200,2027-06-04,C,0.62,0.105300000,3,
2026-08-18,CAU,OPT,CAUM7 C6300,2027-06-04,C,0.63,0.095600000,3,
2026-08-18,CAU,OPT,CAUM7 C6400,2027-06-04,C,0.64,0.086000000,3,
2026-08-18,CAU,OPT,CAUM7 C6500,2027-06-04,C,0.65,0.076400000,3,
2026-08-18,CAU,OPT,CAUM7 C6600,2027-06-04,C,0.66,0.066900000,3,
2026-08-18,CAU,OPT,CAUM7 C6650,2027-06-04,C,0.665,0.062200000,3,
2026-08-18,CAU,OPT,CAUM7 C6700,2027-06-04,C,0.67,0.057500000,3,
2026-08-18,CAU,OPT,CAUM7 C6750,2027-06-04,C,0.675,0.052800000,3,
2026-08-18,CAU,OPT,CAUM7 C6800,2027-06-04,C,0.68,0.048200000,3,
2026-08-18,CAU,OPT,CAUM7 C6850,2027-06-04,C,0.685,0.043700000,3,
2026-08-18,CAU,OPT,CAUM7 C6900,2027-06-04,C,0.69,0.039300000,3,
2026-08-18,CAU,OPT,CAUM7 C6950,2027-06-04,C,0.695,0.035000000,3,
2026-08-18,CAU,OPT,CAUM7 C7000,2027-06-04,C,0.7,0.030900000,3,5
2026-08-18,CAU,OPT,CAUM7 C7050,2027-06-04,C,0.705,0.026900000,3,
2026-08-18,CAU,OPT,CAUM7 C7100,2027-06-04,C,0.71,0.023200000,3,
2026-08-18,CAU,OPT,CAUM7 C7150,2027-06-04,C,0.715,0.019800000,3,
2026-08-18,CAU,OPT,CAUM7 C7200,2027-06-04,C,0.72,0.016600000,3,2
2026-08-18,CAU,OPT,CAUM7 C7250,2027-06-04,C,0.725,0.013800000,3,
2026-08-18,CAU,OPT,CAUM7 C7300,2027-06-04,C,0.73,0.011400000,3,
2026-08-18,CAU,OPT,CAUM7 C7350,2027-06-04,C,0.735,0.009300000,3,
2026-08-18,CAU,OPT,CAUM7 C7400,2027-06-04,C,0.74,0.007600000,3,
2026-08-18,CAU,OPT,CAUM7 C7450,2027-06-04,C,0.745,0.006200000,3,
2026-08-18,CAU,OPT,CAUM7 C7500,2027-06-04,C,0.75,0.005000000,3,150
2026-08-18,CAU,OPT,CAUM7 C7550,2027-06-04,C,0.755,0.004100000,3,
2026-08-18,CAU,OPT,CAUM7 C7600,2027-06-04,C,0.76,0.003300000,3,
2026-08-18,CAU,OPT,CAUM7 C7650,2027-06-04,C,0.765,0.002700000,3,
2026-08-18,CAU,OPT,CAUM7 C7700,2027-06-04,C,0.77,0.002200000,3,
2026-08-18,CAU,OPT,CAUM7 C7750,2027-06-04,C,0.775,0.001800000,3,
2026-08-18,CAU,OPT,CAUM7 C7800,2027-06-04,C,0.78,0.001500000,3,
2026-08-18,CAU,OPT,CAUM7 C7850,2027-06-04,C,0.785,0.001200000,3,3
2026-08-18,CAU,OPT,CAUM7 C7900,2027-06-04,C,0.79,0.001000000,3,1
2026-08-18,CAU,OPT,CAUM7 C7950,2027-06-04,C,0.795,0.000800000,3,
2026-08-18,CAU,OPT,CAUM7 C8000,2027-06-04,C,0.8,0.000700000,3,
2026-08-18,CAU,OPT,CAUM7 C8050,2027-06-04,C,0.805,0.000600000,3,
2026-08-18,CAU,OPT,CAUM7 C8100,2027-06-04,C,0.81,0.000500000,3,
2026-08-18,CAU,OPT,CAUM7 C8200,2027-06-04,C,0.82,0.000350000,3,
2026-08-18,CAU,OPT,CAUM7 C8300,2027-06-04,C,0.83,0.000250000,3,
2026-08-18,CAU,OPT,CAUM7 C8400,2027-06-04,C,0.84,0.000200000,3,
2026-08-18,CAU,OPT,CAUM7 C8500,2027-06-04,C,0.85,0.000150000,3,
2026-08-18,CAU,OPT,CAUM7 C8600,2027-06-04,C,0.86,0.000150000,3,
2026-08-18,CAU,OPT,CAUM7 C8700,2027-06-04,C,0.87,0.000100000,3,
2026-08-18,CAU,OPT,CAUM7 C8800,2027-06-04,C,0.88,0.000100000,3,
2026-08-18,CAU,OPT,CAUM7 C8900,2027-06-04,C,0.89,0.000050000,3,
2026-08-18,CAU,OPT,CAUM7 C9000,2027-06-04,C,0.9,0.000050000,3,
2026-08-18,CAU,OPT,CAUM7 P5700,2027-06-04,P,0.57,0.000050000,3,
2026-08-18,CAU,OPT,CAUM7 P5800,2027-06-04,P,0.58,0.000050000,3,
2026-08-18,CAU,OPT,CAUM7 P5900,2027-06-04,P,0.59,0.000100000,3,
2026-08-18,CAU,OPT,CAUM7 P6000,2027-06-04,P,0.6,0.000150000,3,
2026-08-18,CAU,OPT,CAUM7 P6100,2027-06-04,P,0.61,0.000200000,3,
2026-08-18,CAU,OPT,CAUM7 P6200,2027-06-04,P,0.62,0.000250000,3,2
2026-08-18,CAU,OPT,CAUM7 P6300,2027-06-04,P,0.63,0.000300000,3,
2026-08-18,CAU,OPT,CAUM7 P6400,2027-06-04,P,0.64,0.000400000,3,
2026-08-18,CAU,OPT,CAUM7 P6500,2027-06-04,P,0.65,0.000500000,3,
2026-08-18,CAU,OPT,CAUM7 P6600,2027-06-04,P,0.66,0.000700000,3,3
2026-08-18,CAU,OPT,CAUM7 P6650,2027-06-04,P,0.665,0.000800000,3,2
2026-08-18,CAU,OPT,CAUM7 P6700,2027-06-04,P,0.67,0.000900000,3,12
2026-08-18,CAU,OPT,CAUM7 P6750,2027-06-04,P,0.675,0.001100000,3,
2026-08-18,CAU,OPT,CAUM7 P6800,2027-06-04,P,0.68,0.001400000,3,
2026-08-18,CAU,OPT,CAUM7 P6850,2027-06-04,P,0.685,0.001700000,3,1
2026-08-18,CAU,OPT,CAUM7 P6900,2027-06-04,P,0.69,0.002200000,3,2
2026-08-18,CAU,OPT,CAUM7 P6950,2027-06-04,P,0.695,0.002700000,3,2
2026-08-18,CAU,OPT,CAUM7 P7000,2027-06-04,P,0.7,0.003400000,3,
2026-08-18,CAU,OPT,CAUM7 P7050,2027-06-04,P,0.705,0.004400000,3,7
2026-08-18,CAU,OPT,CAUM7 P7100,2027-06-04,P,0.71,0.005500000,3,11
2026-08-18,CAU,OPT,CAUM7 P7150,2027-06-04,P,0.715,0.006900000,3,
2026-08-18,CAU,OPT,CAUM7 P7200,2027-06-04,P,0.72,0.008600000,3,5
2026-08-18,CAU,OPT,CAUM7 P7250,2027-06-04,P,0.725,0.010600000,3,25
2026-08-18,CAU,OPT,CAUM7 P7300,2027-06-04,P,0.73,0.013000000,3,
2026-08-18,CAU,OPT,CAUM7 P7350,2027-06-04,P,0.735,0.015800000,3,4
2026-08-18,CAU,OPT,CAUM7 P7400,2027-06-04,P,0.74,0.019000000,3,
2026-08-18,CAU,OPT,CAUM7 P7450,2027-06-04,P,0.745,0.022400000,3,
2026-08-18,CAU,OPT,CAUM7 P7500,2027-06-04,P,0.75,0.026100000,3,
2026-08-18,CAU,OPT,CAUM7 P7550,2027-06-04,P,0.755,0.030000000,3,
2026-08-18,CAU,OPT,CAUM7 P7600,2027-06-04,P,0.76,0.034100000,3,
2026-08-18,CAU,OPT,CAUM7 P7650,2027-06-04,P,0.765,0.038300000,3,
2026-08-18,CAU,OPT,CAUM7 P7700,2027-06-04,P,0.77,0.042700000,3,
2026-08-18,CAU,OPT,CAUM7 P7750,2027-06-04,P,0.775,0.047100000,3,
2026-08-18,CAU,OPT,CAUM7 P7800,2027-06-04,P,0.78,0.051600000,3,
2026-08-18,CAU,OPT,CAUM7 P7850,2027-06-04,P,0.785,0.056200000,3,
2026-08-18,CAU,OPT,CAUM7 P7900,2027-06-04,P,0.79,0.060800000,3,
2026-08-18,CAU,OPT,CAUM7 P7950,2027-06-04,P,0.795,0.065500000,3,
2026-08-18,CAU,OPT,CAUM7 P8000,2027-06-04,P,0.8,0.070200000,3,
2026-08-18,CAU,OPT,CAUM7 P8050,2027-06-04,P,0.805,0.074900000,3,
2026-08-18,CAU,OPT,CAUM7 P8100,2027-06-04,P,0.81,0.079700000,3,
2026-08-18,CAU,OPT,CAUM7 P8200,2027-06-04,P,0.82,0.089300000,3,
2026-08-18,CAU,OPT,CAUM7 P8300,2027-06-04,P,0.83,0.098900000,3,
2026-08-18,CAU,OPT,CAUM7 P8400,2027-06-04,P,0.84,0.108500000,3,
2026-08-18,CAU,OPT,CAUM7 P8500,2027-06-04,P,0.85,0.118200000,3,
2026-08-18,CAU,OPT,CAUM7 P8600,2027-06-04,P,0.86,0.127800000,3,
2026-08-18,CAU,OPT,CAUM7 P8700,2027-06-04,P,0.87,0.137500000,3,
2026-08-18,CAU,OPT,CAUM7 P8800,2027-06-04,P,0.88,0.147200000,3,
2026-08-18,CAU,OPT,CAUM7 P8900,2027-06-04,P,0.89,0.156900000,3,
2026-08-18,CAU,OPT,CAUM7 P9000,2027-06-04,P,0.9,0.166600000,3,
2026-08-18,CAU,OPT,CAUN7 C5700,2027-07-09,C,0.57,0.155200000,3,
2026-08-18,CAU,OPT,CAUN7 C5800,2027-07-09,C,0.58,0.145500000,3,
2026-08-18,CAU,OPT,CAUN7 C5900,2027-07-09,C,0.59,0.135900000,3,
2026-08-18,CAU,OPT,CAUN7 C6000,2027-07-09,C,0.6,0.126300000,3,
2026-08-18,CAU,OPT,CAUN7 C6100,2027-07-09,C,0.61,0.116700000,3,
2026-08-18,CAU,OPT,CAUN7 C6200,2027-07-09,C,0.62,0.107100000,3,
2026-08-18,CAU,OPT,CAUN7 C6300,2027-07-09,C,0.63,0.097500000,3,
2026-08-18,CAU,OPT,CAUN7 C6400,2027-07-09,C,0.64,0.088000000,3,
2026-08-18,CAU,OPT,CAUN7 C6500,2027-07-09,C,0.65,0.078400000,3,
2026-08-18,CAU,OPT,CAUN7 C6600,2027-07-09,C,0.66,0.069000000,3,
2026-08-18,CAU,OPT,CAUN7 C6650,2027-07-09,C,0.665,0.064300000,3,
2026-08-18,CAU,OPT,CAUN7 C6700,2027-07-09,C,0.67,0.059600000,3,
2026-08-18,CAU,OPT,CAUN7 C6750,2027-07-09,C,0.675,0.055000000,3,
2026-08-18,CAU,OPT,CAUN7 C6800,2027-07-09,C,0.68,0.050400000,3,
2026-08-18,CAU,OPT,CAUN7 C6850,2027-07-09,C,0.685,0.046000000,3,
2026-08-18,CAU,OPT,CAUN7 C6900,2027-07-09,C,0.69,0.041600000,3,
2026-08-18,CAU,OPT,CAUN7 C6950,2027-07-09,C,0.695,0.037300000,3,
2026-08-18,CAU,OPT,CAUN7 C7000,2027-07-09,C,0.7,0.033200000,3,
2026-08-18,CAU,OPT,CAUN7 C7050,2027-07-09,C,0.705,0.029300000,3,
2026-08-18,CAU,OPT,CAUN7 C7100,2027-07-09,C,0.71,0.025600000,3,
2026-08-18,CAU,OPT,CAUN7 C7150,2027-07-09,C,0.715,0.022100000,3,
2026-08-18,CAU,OPT,CAUN7 C7200,2027-07-09,C,0.72,0.018800000,3,
2026-08-18,CAU,OPT,CAUN7 C7250,2027-07-09,C,0.725,0.015900000,3,7
2026-08-18,CAU,OPT,CAUN7 C7300,2027-07-09,C,0.73,0.013300000,3,
2026-08-18,CAU,OPT,CAUN7 C7350,2027-07-09,C,0.735,0.011100000,3,
2026-08-18,CAU,OPT,CAUN7 C7400,2027-07-09,C,0.74,0.009200000,3,
2026-08-18,CAU,OPT,CAUN7 C7450,2027-07-09,C,0.745,0.007600000,3,
2026-08-18,CAU,OPT,CAUN7 C7500,2027-07-09,C,0.75,0.006200000,3,
2026-08-18,CAU,OPT,CAUN7 C7550,2027-07-09,C,0.755,0.005200000,3,
2026-08-18,CAU,OPT,CAUN7 C7600,2027-07-09,C,0.76,0.004300000,3,40
2026-08-18,CAU,OPT,CAUN7 C7650,2027-07-09,C,0.765,0.003600000,3,
2026-08-18,CAU,OPT,CAUN7 C7700,2027-07-09,C,0.77,0.003000000,3,
2026-08-18,CAU,OPT,CAUN7 C7750,2027-07-09,C,0.775,0.002500000,3,
2026-08-18,CAU,OPT,CAUN7 C7800,2027-07-09,C,0.78,0.002100000,3,
2026-08-18,CAU,OPT,CAUN7 C7900,2027-07-09,C,0.79,0.001500000,3,46
2026-08-18,CAU,OPT,CAUN7 C8000,2027-07-09,C,0.8,0.001000000,3,
2026-08-18,CAU,OPT,CAUN7 C8100,2027-07-09,C,0.81,0.000700000,3,
2026-08-18,CAU,OPT,CAUN7 C8200,2027-07-09,C,0.82,0.000500000,3,
2026-08-18,CAU,OPT,CAUN7 C8300,2027-07-09,C,0.83,0.000400000,3,
2026-08-18,CAU,OPT,CAUN7 C8400,2027-07-09,C,0.84,0.000300000,3,
2026-08-18,CAU,OPT,CAUN7 C8500,2027-07-09,C,0.85,0.000200000,3,
2026-08-18,CAU,OPT,CAUN7 C8600,2027-07-09,C,0.86,0.000150000,3,
2026-08-18,CAU,OPT,CAUN7 C8700,2027-07-09,C,0.87,0.000100000,3,
2026-08-18,CAU,OPT,CAUN7 C8800,2027-07-09,C,0.88,0.000100000,3,
2026-08-18,CAU,OPT,CAUN7 P5700,2027-07-09,P,0.57,0.000100000,3,
2026-08-18,CAU,OPT,CAUN7 P5800,2027-07-09,P,0.58,0.000100000,3,
2026-08-18,CAU,OPT,CAUN7 P5900,2027-07-09,P,0.59,0.000150000,3,
2026-08-18,CAU,OPT,CAUN7 P6000,2027-07-09,P,0.6,0.000150000,3,
2026-08-18,CAU,OPT,CAUN7 P6100,2027-07-09,P,0.61,0.000200000,3,
2026-08-18,CAU,OPT,CAUN7 P6200,2027-07-09,P,0.62,0.000250000,3,
2026-08-18,CAU,OPT,CAUN7 P6300,2027-07-09,P,0.63,0.000350000,3,
2026-08-18,CAU,OPT,CAUN7 P6400,2027-07-09,P,0.64,0.000500000,3,
2026-08-18,CAU,OPT,CAUN7 P6500,2027-07-09,P,0.65,0.000600000,3,
2026-08-18,CAU,OPT,CAUN7 P6600,2027-07-09,P,0.66,0.000800000,3,3
2026-08-18,CAU,OPT,CAUN7 P6650,2027-07-09,P,0.665,0.001000000,3,
2026-08-18,CAU,OPT,CAUN7 P6700,2027-07-09,P,0.67,0.001100000,3,
2026-08-18,CAU,OPT,CAUN7 P6750,2027-07-09,P,0.675,0.001300000,3,7
2026-08-18,CAU,OPT,CAUN7 P6800,2027-07-09,P,0.68,0.001600000,3,
2026-08-18,CAU,OPT,CAUN7 P6850,2027-07-09,P,0.685,0.002000000,3,
2026-08-18,CAU,OPT,CAUN7 P6900,2027-07-09,P,0.69,0.002400000,3,
2026-08-18,CAU,OPT,CAUN7 P6950,2027-07-09,P,0.695,0.003000000,3,
2026-08-18,CAU,OPT,CAUN7 P7000,2027-07-09,P,0.7,0.003700000,3,
2026-08-18,CAU,OPT,CAUN7 P7050,2027-07-09,P,0.705,0.004600000,3,
2026-08-18,CAU,OPT,CAUN7 P7100,2027-07-09,P,0.71,0.005700000,3,
2026-08-18,CAU,OPT,CAUN7 P7150,2027-07-09,P,0.715,0.007000000,3,
2026-08-18,CAU,OPT,CAUN7 P7200,2027-07-09,P,0.72,0.008600000,3,6
2026-08-18,CAU,OPT,CAUN7 P7250,2027-07-09,P,0.725,0.010600000,3,7
2026-08-18,CAU,OPT,CAUN7 P7300,2027-07-09,P,0.73,0.012800000,3,
2026-08-18,CAU,OPT,CAUN7 P7350,2027-07-09,P,0.735,0.015400000,3,
2026-08-18,CAU,OPT,CAUN7 P7400,2027-07-09,P,0.74,0.018300000,3,
2026-08-18,CAU,OPT,CAUN7 P7450,2027-07-09,P,0.745,0.021500000,3,
2026-08-18,CAU,OPT,CAUN7 P7500,2027-07-09,P,0.75,0.025000000,3,
2026-08-18,CAU,OPT,CAUN7 P7550,2027-07-09,P,0.755,0.028800000,3,
2026-08-18,CAU,OPT,CAUN7 P7600,2027-07-09,P,0.76,0.032700000,3,
2026-08-18,CAU,OPT,CAUN7 P7650,2027-07-09,P,0.765,0.036800000,3,
2026-08-18,CAU,OPT,CAUN7 P7700,2027-07-09,P,0.77,0.041100000,3,
2026-08-18,CAU,OPT,CAUN7 P7750,2027-07-09,P,0.775,0.045400000,3,
2026-08-18,CAU,OPT,CAUN7 P7800,2027-07-09,P,0.78,0.049900000,3,
2026-08-18,CAU,OPT,CAUN7 P7900,2027-07-09,P,0.79,0.058900000,3,
2026-08-18,CAU,OPT,CAUN7 P8000,2027-07-09,P,0.8,0.068100000,3,
2026-08-18,CAU,OPT,CAUN7 P8100,2027-07-09,P,0.81,0.077500000,3,
2026-08-18,CAU,OPT,CAUN7 P8200,2027-07-09,P,0.82,0.086900000,3,
2026-08-18,CAU,OPT,CAUN7 P8300,2027-07-09,P,0.83,0.096500000,3,
2026-08-18,CAU,OPT,CAUN7 P8400,2027-07-09,P,0.84,0.106000000,3,
2026-08-18,CAU,OPT,CAUN7 P8500,2027-07-09,P,0.85,0.115600000,3,
2026-08-18,CAU,OPT,CAUN7 P8600,2027-07-09,P,0.86,0.125200000,3,
2026-08-18,CAU,OPT,CAUN7 P8700,2027-07-09,P,0.87,0.134800000,3,
2026-08-18,CAU,OPT,CAUN7 P8800,2027-07-09,P,0.88,0.144500000,3,
2026-08-18,CAU,OPT,CAUQ7 C5800,2027-08-06,C,0.58,0.145100000,3,
2026-08-18,CAU,OPT,CAUQ7 C5900,2027-08-06,C,0.59,0.135500000,3,
2026-08-18,CAU,OPT,CAUQ7 C6000,2027-08-06,C,0.6,0.125900000,3,
2026-08-18,CAU,OPT,CAUQ7 C6100,2027-08-06,C,0.61,0.116300000,3,
2026-08-18,CAU,OPT,CAUQ7 C6200,2027-08-06,C,0.62,0.106800000,3,
2026-08-18,CAU,OPT,CAUQ7 C6300,2027-08-06,C,0.63,0.097200000,3,
2026-08-18,CAU,OPT,CAUQ7 C6400,2027-08-06,C,0.64,0.087700000,3,
2026-08-18,CAU,OPT,CAUQ7 C6500,2027-08-06,C,0.65,0.078300000,3,
2026-08-18,CAU,OPT,CAUQ7 C6600,2027-08-06,C,0.66,0.068900000,3,
2026-08-18,CAU,OPT,CAUQ7 C6700,2027-08-06,C,0.67,0.059600000,3,
2026-08-18,CAU,OPT,CAUQ7 C6800,2027-08-06,C,0.68,0.050600000,3,
2026-08-18,CAU,OPT,CAUQ7 C6850,2027-08-06,C,0.685,0.046200000,3,
2026-08-18,CAU,OPT,CAUQ7 C6900,2027-08-06,C,0.69,0.041900000,3,
2026-08-18,CAU,OPT,CAUQ7 C6950,2027-08-06,C,0.695,0.037700000,3,
2026-08-18,CAU,OPT,CAUQ7 C7000,2027-08-06,C,0.7,0.033600000,3,
2026-08-18,CAU,OPT,CAUQ7 C7050,2027-08-06,C,0.705,0.029800000,3,
2026-08-18,CAU,OPT,CAUQ7 C7100,2027-08-06,C,0.71,0.026100000,3,
2026-08-18,CAU,OPT,CAUQ7 C7150,2027-08-06,C,0.715,0.022600000,3,
2026-08-18,CAU,OPT,CAUQ7 C7200,2027-08-06,C,0.72,0.019400000,3,
2026-08-18,CAU,OPT,CAUQ7 C7250,2027-08-06,C,0.725,0.016500000,3,
2026-08-18,CAU,OPT,CAUQ7 C7300,2027-08-06,C,0.73,0.013900000,3,
2026-08-18,CAU,OPT,CAUQ7 C7350,2027-08-06,C,0.735,0.011700000,3,
2026-08-18,CAU,OPT,CAUQ7 C7400,2027-08-06,C,0.74,0.009800000,3,
2026-08-18,CAU,OPT,CAUQ7 C7450,2027-08-06,C,0.745,0.008200000,3,
2026-08-18,CAU,OPT,CAUQ7 C7500,2027-08-06,C,0.75,0.006900000,3,
2026-08-18,CAU,OPT,CAUQ7 C7550,2027-08-06,C,0.755,0.005800000,3,
2026-08-18,CAU,OPT,CAUQ7 C7600,2027-08-06,C,0.76,0.004800000,3,
2026-08-18,CAU,OPT,CAUQ7 C7650,2027-08-06,C,0.765,0.004000000,3,
2026-08-18,CAU,OPT,CAUQ7 C7700,2027-08-06,C,0.77,0.003400000,3,
2026-08-18,CAU,OPT,CAUQ7 C7750,2027-08-06,C,0.775,0.002800000,3,
2026-08-18,CAU,OPT,CAUQ7 C7800,2027-08-06,C,0.78,0.002400000,3,
2026-08-18,CAU,OPT,CAUQ7 C7900,2027-08-06,C,0.79,0.001700000,3,
2026-08-18,CAU,OPT,CAUQ7 C8000,2027-08-06,C,0.8,0.001300000,3,
2026-08-18,CAU,OPT,CAUQ7 C8100,2027-08-06,C,0.81,0.000900000,3,
2026-08-18,CAU,OPT,CAUQ7 C8200,2027-08-06,C,0.82,0.000700000,3,
2026-08-18,CAU,OPT,CAUQ7 C8300,2027-08-06,C,0.83,0.000500000,3,
2026-08-18,CAU,OPT,CAUQ7 C8400,2027-08-06,C,0.84,0.000400000,3,
2026-08-18,CAU,OPT,CAUQ7 C8500,2027-08-06,C,0.85,0.000300000,3,
2026-08-18,CAU,OPT,CAUQ7 C8600,2027-08-06,C,0.86,0.000200000,3,
2026-08-18,CAU,OPT,CAUQ7 C8700,2027-08-06,C,0.87,0.000150000,3,
2026-08-18,CAU,OPT,CAUQ7 C8800,2027-08-06,C,0.88,0.000150000,3,
2026-08-18,CAU,OPT,CAUQ7 P5800,2027-08-06,P,0.58,0.000100000,3,
2026-08-18,CAU,OPT,CAUQ7 P5900,2027-08-06,P,0.59,0.000150000,3,
2026-08-18,CAU,OPT,CAUQ7 P6000,2027-08-06,P,0.6,0.000200000,3,
2026-08-18,CAU,OPT,CAUQ7 P6100,2027-08-06,P,0.61,0.000250000,3,
2026-08-18,CAU,OPT,CAUQ7 P6200,2027-08-06,P,0.62,0.000300000,3,
2026-08-18,CAU,OPT,CAUQ7 P6300,2027-08-06,P,0.63,0.000400000,3,
2026-08-18,CAU,OPT,CAUQ7 P6400,2027-08-06,P,0.64,0.000500000,3,
2026-08-18,CAU,OPT,CAUQ7 P6500,2027-08-06,P,0.65,0.000700000,3,
2026-08-18,CAU,OPT,CAUQ7 P6600,2027-08-06,P,0.66,0.000900000,3,
2026-08-18,CAU,OPT,CAUQ7 P6700,2027-08-06,P,0.67,0.001300000,3,
2026-08-18,CAU,OPT,CAUQ7 P6800,2027-08-06,P,0.68,0.001900000,3,
2026-08-18,CAU,OPT,CAUQ7 P6850,2027-08-06,P,0.685,0.002300000,3,
2026-08-18,CAU,OPT,CAUQ7 P6900,2027-08-06,P,0.69,0.002800000,3,
2026-08-18,CAU,OPT,CAUQ7 P6950,2027-08-06,P,0.695,0.003400000,3,
2026-08-18,CAU,OPT,CAUQ7 P7000,2027-08-06,P,0.7,0.004200000,3,
2026-08-18,CAU,OPT,CAUQ7 P7050,2027-08-06,P,0.705,0.005100000,3,
2026-08-18,CAU,OPT,CAUQ7 P7100,2027-08-06,P,0.71,0.006300000,3,
2026-08-18,CAU,OPT,CAUQ7 P7150,2027-08-06,P,0.715,0.007600000,3,
2026-08-18,CAU,OPT,CAUQ7 P7200,2027-08-06,P,0.72,0.009200000,3,
2026-08-18,CAU,OPT,CAUQ7 P7250,2027-08-06,P,0.725,0.011200000,3,
2026-08-18,CAU,OPT,CAUQ7 P7300,2027-08-06,P,0.73,0.013400000,3,
2026-08-18,CAU,OPT,CAUQ7 P7350,2027-08-06,P,0.735,0.016000000,3,
2026-08-18,CAU,OPT,CAUQ7 P7400,2027-08-06,P,0.74,0.018900000,3,
2026-08-18,CAU,OPT,CAUQ7 P7450,2027-08-06,P,0.745,0.022100000,3,
2026-08-18,CAU,OPT,CAUQ7 P7500,2027-08-06,P,0.75,0.025600000,3,
2026-08-18,CAU,OPT,CAUQ7 P7550,2027-08-06,P,0.755,0.029300000,3,
2026-08-18,CAU,OPT,CAUQ7 P7600,2027-08-06,P,0.76,0.033200000,3,
2026-08-18,CAU,OPT,CAUQ7 P7650,2027-08-06,P,0.765,0.037200000,3,
2026-08-18,CAU,OPT,CAUQ7 P7700,2027-08-06,P,0.77,0.041400000,3,
2026-08-18,CAU,OPT,CAUQ7 P7750,2027-08-06,P,0.775,0.045700000,3,
2026-08-18,CAU,OPT,CAUQ7 P7800,2027-08-06,P,0.78,0.050000000,3,
2026-08-18,CAU,OPT,CAUQ7 P7900,2027-08-06,P,0.79,0.059000000,3,
2026-08-18,CAU,OPT,CAUQ7 P8000,2027-08-06,P,0.8,0.068100000,3,
2026-08-18,CAU,OPT,CAUQ7 P8100,2027-08-06,P,0.81,0.077400000,3,
2026-08-18,CAU,OPT,CAUQ7 P8200,2027-08-06,P,0.82,0.086800000,3,
2026-08-18,CAU,OPT,CAUQ7 P8300,2027-08-06,P,0.83,0.096300000,3,
2026-08-18,CAU,OPT,CAUQ7 P8400,2027-08-06,P,0.84,0.105800000,3,
2026-08-18,CAU,OPT,CAUQ7 P8500,2027-08-06,P,0.85,0.115300000,3,
2026-08-18,CAU,OPT,CAUQ7 P8600,2027-08-06,P,0.86,0.124900000,3,
2026-08-18,CAU,OPT,CAUQ7 P8700,2027-08-06,P,0.87,0.134500000,3,
2026-08-18,CAU,OPT,CAUQ7 P8800,2027-08-06,P,0.88,0.144000000,3,
2026-08-18,CAU,OPT,CAUU7 C5700,2027-09-03,C,0.57,0.154200000,3,
2026-08-18,CAU,OPT,CAUU7 C5800,2027-09-03,C,0.58,0.144600000,3,
2026-08-18,CAU,OPT,CAUU7 C5900,2027-09-03,C,0.59,0.135000000,3,
2026-08-18,CAU,OPT,CAUU7 C6000,2027-09-03,C,0.6,0.125500000,3,
2026-08-18,CAU,OPT,CAUU7 C6100,2027-09-03,C,0.61,0.116000000,3,
2026-08-18,CAU,OPT,CAUU7 C6200,2027-09-03,C,0.62,0.106500000,3,
2026-08-18,CAU,OPT,CAUU7 C6300,2027-09-03,C,0.63,0.097000000,3,
2026-08-18,CAU,OPT,CAUU7 C6400,2027-09-03,C,0.64,0.087600000,3,
2026-08-18,CAU,OPT,CAUU7 C6500,2027-09-03,C,0.65,0.078200000,3,
2026-08-18,CAU,OPT,CAUU7 C6600,2027-09-03,C,0.66,0.068800000,3,
2026-08-18,CAU,OPT,CAUU7 C6650,2027-09-03,C,0.665,0.064200000,3,
2026-08-18,CAU,OPT,CAUU7 C6700,2027-09-03,C,0.67,0.059600000,3,
2026-08-18,CAU,OPT,CAUU7 C6750,2027-09-03,C,0.675,0.055100000,3,
2026-08-18,CAU,OPT,CAUU7 C6800,2027-09-03,C,0.68,0.050700000,3,
2026-08-18,CAU,OPT,CAUU7 C6850,2027-09-03,C,0.685,0.046300000,3,
2026-08-18,CAU,OPT,CAUU7 C6900,2027-09-03,C,0.69,0.042100000,3,
2026-08-18,CAU,OPT,CAUU7 C6950,2027-09-03,C,0.695,0.038000000,3,
2026-08-18,CAU,OPT,CAUU7 C7000,2027-09-03,C,0.7,0.034000000,3,
2026-08-18,CAU,OPT,CAUU7 C7050,2027-09-03,C,0.705,0.030200000,3,
2026-08-18,CAU,OPT,CAUU7 C7100,2027-09-03,C,0.71,0.026600000,3,
2026-08-18,CAU,OPT,CAUU7 C7150,2027-09-03,C,0.715,0.023200000,3,
2026-08-18,CAU,OPT,CAUU7 C7200,2027-09-03,C,0.72,0.020100000,3,
2026-08-18,CAU,OPT,CAUU7 C7250,2027-09-03,C,0.725,0.017200000,3,
2026-08-18,CAU,OPT,CAUU7 C7300,2027-09-03,C,0.73,0.014700000,3,
2026-08-18,CAU,OPT,CAUU7 C7350,2027-09-03,C,0.735,0.012500000,3,
2026-08-18,CAU,OPT,CAUU7 C7400,2027-09-03,C,0.74,0.010500000,3,
2026-08-18,CAU,OPT,CAUU7 C7450,2027-09-03,C,0.745,0.008900000,3,
2026-08-18,CAU,OPT,CAUU7 C7500,2027-09-03,C,0.75,0.007500000,3,
2026-08-18,CAU,OPT,CAUU7 C7550,2027-09-03,C,0.755,0.006300000,3,
2026-08-18,CAU,OPT,CAUU7 C7600,2027-09-03,C,0.76,0.005300000,3,
2026-08-18,CAU,OPT,CAUU7 C7650,2027-09-03,C,0.765,0.004500000,3,
2026-08-18,CAU,OPT,CAUU7 C7700,2027-09-03,C,0.77,0.003700000,3,
2026-08-18,CAU,OPT,CAUU7 C7750,2027-09-03,C,0.775,0.003100000,3,
2026-08-18,CAU,OPT,CAUU7 C7800,2027-09-03,C,0.78,0.002700000,3,
2026-08-18,CAU,OPT,CAUU7 C7850,2027-09-03,C,0.785,0.002200000,3,
2026-08-18,CAU,OPT,CAUU7 C7900,2027-09-03,C,0.79,0.001900000,3,
2026-08-18,CAU,OPT,CAUU7 C7950,2027-09-03,C,0.795,0.001600000,3,
2026-08-18,CAU,OPT,CAUU7 C8000,2027-09-03,C,0.8,0.001400000,3,
2026-08-18,CAU,OPT,CAUU7 C8050,2027-09-03,C,0.805,0.001200000,3,
2026-08-18,CAU,OPT,CAUU7 C8100,2027-09-03,C,0.81,0.001000000,3,
2026-08-18,CAU,OPT,CAUU7 C8200,2027-09-03,C,0.82,0.000800000,3,
2026-08-18,CAU,OPT,CAUU7 C8300,2027-09-03,C,0.83,0.000600000,3,
2026-08-18,CAU,OPT,CAUU7 C8400,2027-09-03,C,0.84,0.000400000,3,
2026-08-18,CAU,OPT,CAUU7 C8500,2027-09-03,C,0.85,0.000300000,3,
2026-08-18,CAU,OPT,CAUU7 C8600,2027-09-03,C,0.86,0.000200000,3,
2026-08-18,CAU,OPT,CAUU7 C8700,2027-09-03,C,0.87,0.000150000,3,
2026-08-18,CAU,OPT,CAUU7 C8800,2027-09-03,C,0.88,0.000100000,3,
2026-08-18,CAU,OPT,CAUU7 C8900,2027-09-03,C,0.89,0.000050000,3,
2026-08-18,CAU,OPT,CAUU7 C9000,2027-09-03,C,0.9,0.000050000,3,
2026-08-18,CAU,OPT,CAUU7 P5700,2027-09-03,P,0.57,0.000050000,3,
2026-08-18,CAU,OPT,CAUU7 P5800,2027-09-03,P,0.58,0.000100000,3,
2026-08-18,CAU,OPT,CAUU7 P5900,2027-09-03,P,0.59,0.000100000,3,
2026-08-18,CAU,OPT,CAUU7 P6000,2027-09-03,P,0.6,0.000150000,3,
2026-08-18,CAU,OPT,CAUU7 P6100,2027-09-03,P,0.61,0.000250000,3,
2026-08-18,CAU,OPT,CAUU7 P6200,2027-09-03,P,0.62,0.000350000,3,
2026-08-18,CAU,OPT,CAUU7 P6300,2027-09-03,P,0.63,0.000500000,3,
2026-08-18,CAU,OPT,CAUU7 P6400,2027-09-03,P,0.64,0.000600000,3,
2026-08-18,CAU,OPT,CAUU7 P6500,2027-09-03,P,0.65,0.000800000,3,
2026-08-18,CAU,OPT,CAUU7 P6600,2027-09-03,P,0.66,0.001100000,3,
2026-08-18,CAU,OPT,CAUU7 P6650,2027-09-03,P,0.665,0.001300000,3,
2026-08-18,CAU,OPT,CAUU7 P6700,2027-09-03,P,0.67,0.001500000,3,
2026-08-18,CAU,OPT,CAUU7 P6750,2027-09-03,P,0.675,0.001800000,3,
2026-08-18,CAU,OPT,CAUU7 P6800,2027-09-03,P,0.68,0.002200000,3,
2026-08-18,CAU,OPT,CAUU7 P6850,2027-09-03,P,0.685,0.002600000,3,
2026-08-18,CAU,OPT,CAUU7 P6900,2027-09-03,P,0.69,0.003200000,3,
2026-08-18,CAU,OPT,CAUU7 P6950,2027-09-03,P,0.695,0.003800000,3,
2026-08-18,CAU,OPT,CAUU7 P7000,2027-09-03,P,0.7,0.004700000,3,
2026-08-18,CAU,OPT,CAUU7 P7050,2027-09-03,P,0.705,0.005600000,3,
2026-08-18,CAU,OPT,CAUU7 P7100,2027-09-03,P,0.71,0.006800000,3,
2026-08-18,CAU,OPT,CAUU7 P7150,2027-09-03,P,0.715,0.008200000,3,
2026-08-18,CAU,OPT,CAUU7 P7200,2027-09-03,P,0.72,0.009900000,3,1
2026-08-18,CAU,OPT,CAUU7 P7250,2027-09-03,P,0.725,0.011900000,3,
2026-08-18,CAU,OPT,CAUU7 P7300,2027-09-03,P,0.73,0.014200000,3,
2026-08-18,CAU,OPT,CAUU7 P7350,2027-09-03,P,0.735,0.016700000,3,
2026-08-18,CAU,OPT,CAUU7 P7400,2027-09-03,P,0.74,0.019600000,3,
2026-08-18,CAU,OPT,CAUU7 P7450,2027-09-03,P,0.745,0.022800000,3,
2026-08-18,CAU,OPT,CAUU7 P7500,2027-09-03,P,0.75,0.026200000,3,
2026-08-18,CAU,OPT,CAUU7 P7550,2027-09-03,P,0.755,0.029800000,3,
2026-08-18,CAU,OPT,CAUU7 P7600,2027-09-03,P,0.76,0.033600000,3,
2026-08-18,CAU,OPT,CAUU7 P7650,2027-09-03,P,0.765,0.037500000,3,
2026-08-18,CAU,OPT,CAUU7 P7700,2027-09-03,P,0.77,0.041600000,3,
2026-08-18,CAU,OPT,CAUU7 P7750,2027-09-03,P,0.775,0.045800000,3,
2026-08-18,CAU,OPT,CAUU7 P7800,2027-09-03,P,0.78,0.050100000,3,
2026-08-18,CAU,OPT,CAUU7 P7850,2027-09-03,P,0.785,0.054500000,3,
2026-08-18,CAU,OPT,CAUU7 P7900,2027-09-03,P,0.79,0.059000000,3,
2026-08-18,CAU,OPT,CAUU7 P7950,2027-09-03,P,0.795,0.063500000,3,
2026-08-18,CAU,OPT,CAUU7 P8000,2027-09-03,P,0.8,0.068100000,3,
2026-08-18,CAU,OPT,CAUU7 P8050,2027-09-03,P,0.805,0.072700000,3,
2026-08-18,CAU,OPT,CAUU7 P8100,2027-09-03,P,0.81,0.077300000,3,
2026-08-18,CAU,OPT,CAUU7 P8200,2027-09-03,P,0.82,0.086700000,3,
2026-08-18,CAU,OPT,CAUU7 P8300,2027-09-03,P,0.83,0.096100000,3,
2026-08-18,CAU,OPT,CAUU7 P8400,2027-09-03,P,0.84,0.105500000,3,
2026-08-18,CAU,OPT,CAUU7 P8500,2027-09-03,P,0.85,0.115000000,3,
2026-08-18,CAU,OPT,CAUU7 P8600,2027-09-03,P,0.86,0.124500000,3,
2026-08-18,CAU,OPT,CAUU7 P8700,2027-09-03,P,0.87,0.134000000,3,
2026-08-18,CAU,OPT,CAUU7 P8800,2027-09-03,P,0.88,0.143600000,3,
2026-08-18,CAU,OPT,CAUU7 P8900,2027-09-03,P,0.89,0.153100000,3,
2026-08-18,CAU,OPT,CAUU7 P9000,2027-09-03,P,0.9,0.162700000,3,
2026-08-18,CAU,OPT,CAUZ7 C5700,2027-12-03,C,0.57,0.154600000,3,
2026-08-18,CAU,OPT,CAUZ7 C5800,2027-12-03,C,0.58,0.145200000,3,
2026-08-18,CAU,OPT,CAUZ7 C5900,2027-12-03,C,0.59,0.135800000,3,
2026-08-18,CAU,OPT,CAUZ7 C6000,2027-12-03,C,0.6,0.126400000,3,
2026-08-18,CAU,OPT,CAUZ7 C6100,2027-12-03,C,0.61,0.117100000,3,
2026-08-18,CAU,OPT,CAUZ7 C6200,2027-12-03,C,0.62,0.107800000,3,
2026-08-18,CAU,OPT,CAUZ7 C6300,2027-12-03,C,0.63,0.098600000,3,
2026-08-18,CAU,OPT,CAUZ7 C6400,2027-12-03,C,0.64,0.089500000,3,
2026-08-18,CAU,OPT,CAUZ7 C6500,2027-12-03,C,0.65,0.080500000,3,
2026-08-18,CAU,OPT,CAUZ7 C6600,2027-12-03,C,0.66,0.071600000,3,
2026-08-18,CAU,OPT,CAUZ7 C6700,2027-12-03,C,0.67,0.062900000,3,
2026-08-18,CAU,OPT,CAUZ7 C6750,2027-12-03,C,0.675,0.058600000,3,
2026-08-18,CAU,OPT,CAUZ7 C6800,2027-12-03,C,0.68,0.054400000,3,
2026-08-18,CAU,OPT,CAUZ7 C6850,2027-12-03,C,0.685,0.050300000,3,
2026-08-18,CAU,OPT,CAUZ7 C6900,2027-12-03,C,0.69,0.046300000,3,
2026-08-18,CAU,OPT,CAUZ7 C6950,2027-12-03,C,0.695,0.042400000,3,
2026-08-18,CAU,OPT,CAUZ7 C7000,2027-12-03,C,0.7,0.038600000,3,
2026-08-18,CAU,OPT,CAUZ7 C7050,2027-12-03,C,0.705,0.035000000,3,
2026-08-18,CAU,OPT,CAUZ7 C7100,2027-12-03,C,0.71,0.031500000,3,
2026-08-18,CAU,OPT,CAUZ7 C7150,2027-12-03,C,0.715,0.028200000,3,
2026-08-18,CAU,OPT,CAUZ7 C7200,2027-12-03,C,0.72,0.025100000,3,
2026-08-18,CAU,OPT,CAUZ7 C7250,2027-12-03,C,0.725,0.022200000,3,
2026-08-18,CAU,OPT,CAUZ7 C7300,2027-12-03,C,0.73,0.019600000,3,
2026-08-18,CAU,OPT,CAUZ7 C7350,2027-12-03,C,0.735,0.017200000,3,
2026-08-18,CAU,OPT,CAUZ7 C7400,2027-12-03,C,0.74,0.015000000,3,
2026-08-18,CAU,OPT,CAUZ7 C7450,2027-12-03,C,0.745,0.013100000,3,
2026-08-18,CAU,OPT,CAUZ7 C7500,2027-12-03,C,0.75,0.011500000,3,
2026-08-18,CAU,OPT,CAUZ7 C7550,2027-12-03,C,0.755,0.010100000,3,
2026-08-18,CAU,OPT,CAUZ7 C7600,2027-12-03,C,0.76,0.008800000,3,
2026-08-18,CAU,OPT,CAUZ7 C7650,2027-12-03,C,0.765,0.007800000,3,
2026-08-18,CAU,OPT,CAUZ7 C7700,2027-12-03,C,0.77,0.006900000,3,
2026-08-18,CAU,OPT,CAUZ7 C7750,2027-12-03,C,0.775,0.006100000,3,
2026-08-18,CAU,OPT,CAUZ7 C7800,2027-12-03,C,0.78,0.005400000,3,
2026-08-18,CAU,OPT,CAUZ7 C7850,2027-12-03,C,0.785,0.004800000,3,
2026-08-18,CAU,OPT,CAUZ7 C7900,2027-12-03,C,0.79,0.004300000,3,
2026-08-18,CAU,OPT,CAUZ7 C7950,2027-12-03,C,0.795,0.003900000,3,
2026-08-18,CAU,OPT,CAUZ7 C8000,2027-12-03,C,0.8,0.003400000,3,
2026-08-18,CAU,OPT,CAUZ7 C8050,2027-12-03,C,0.805,0.003100000,3,
2026-08-18,CAU,OPT,CAUZ7 C8100,2027-12-03,C,0.81,0.002700000,3,
2026-08-18,CAU,OPT,CAUZ7 C8200,2027-12-03,C,0.82,0.002100000,3,
2026-08-18,CAU,OPT,CAUZ7 C8300,2027-12-03,C,0.83,0.001700000,3,
2026-08-18,CAU,OPT,CAUZ7 C8400,2027-12-03,C,0.84,0.001300000,3,
2026-08-18,CAU,OPT,CAUZ7 C8500,2027-12-03,C,0.85,0.000900000,3,
2026-08-18,CAU,OPT,CAUZ7 C8600,2027-12-03,C,0.86,0.000700000,3,
2026-08-18,CAU,OPT,CAUZ7 C8700,2027-12-03,C,0.87,0.000500000,3,
2026-08-18,CAU,OPT,CAUZ7 C8800,2027-12-03,C,0.88,0.000350000,3,
2026-08-18,CAU,OPT,CAUZ7 C8900,2027-12-03,C,0.89,0.000250000,3,
2026-08-18,CAU,OPT,CAUZ7 C9000,2027-12-03,C,0.9,0.000200000,3,
2026-08-18,CAU,OPT,CAUZ7 P5700,2027-12-03,P,0.57,0.000300000,3,
2026-08-18,CAU,OPT,CAUZ7 P5800,2027-12-03,P,0.58,0.000350000,3,
2026-08-18,CAU,OPT,CAUZ7 P5900,2027-12-03,P,0.59,0.000450000,3,
2026-08-18,CAU,OPT,CAUZ7 P6000,2027-12-03,P,0.6,0.000600000,3,
2026-08-18,CAU,OPT,CAUZ7 P6100,2027-12-03,P,0.61,0.000800000,3,
2026-08-18,CAU,OPT,CAUZ7 P6200,2027-12-03,P,0.62,0.001000000,3,
2026-08-18,CAU,OPT,CAUZ7 P6300,2027-12-03,P,0.63,0.001300000,3,
2026-08-18,CAU,OPT,CAUZ7 P6400,2027-12-03,P,0.64,0.001700000,3,
2026-08-18,CAU,OPT,CAUZ7 P6500,2027-12-03,P,0.65,0.002200000,3,
2026-08-18,CAU,OPT,CAUZ7 P6600,2027-12-03,P,0.66,0.002800000,3,
2026-08-18,CAU,OPT,CAUZ7 P6700,2027-12-03,P,0.67,0.003600000,3,
2026-08-18,CAU,OPT,CAUZ7 P6750,2027-12-03,P,0.675,0.004100000,3,
2026-08-18,CAU,OPT,CAUZ7 P6800,2027-12-03,P,0.68,0.004600000,3,
2026-08-18,CAU,OPT,CAUZ7 P6850,2027-12-03,P,0.685,0.005300000,3,
2026-08-18,CAU,OPT,CAUZ7 P6900,2027-12-03,P,0.69,0.006000000,3,
2026-08-18,CAU,OPT,CAUZ7 P6950,2027-12-03,P,0.695,0.006800000,3,
2026-08-18,CAU,OPT,CAUZ7 P7000,2027-12-03,P,0.7,0.007800000,3,
2026-08-18,CAU,OPT,CAUZ7 P7050,2027-12-03,P,0.705,0.008900000,3,
2026-08-18,CAU,OPT,CAUZ7 P7100,2027-12-03,P,0.71,0.010200000,3,
2026-08-18,CAU,OPT,CAUZ7 P7150,2027-12-03,P,0.715,0.011700000,3,
2026-08-18,CAU,OPT,CAUZ7 P7200,2027-12-03,P,0.72,0.013300000,3,
2026-08-18,CAU,OPT,CAUZ7 P7250,2027-12-03,P,0.725,0.015200000,3,
2026-08-18,CAU,OPT,CAUZ7 P7300,2027-12-03,P,0.73,0.017300000,3,
2026-08-18,CAU,OPT,CAUZ7 P7350,2027-12-03,P,0.735,0.019700000,3,
2026-08-18,CAU,OPT,CAUZ7 P7400,2027-12-03,P,0.74,0.022300000,3,
2026-08-18,CAU,OPT,CAUZ7 P7450,2027-12-03,P,0.745,0.025100000,3,
2026-08-18,CAU,OPT,CAUZ7 P7500,2027-12-03,P,0.75,0.028200000,3,
2026-08-18,CAU,OPT,CAUZ7 P7550,2027-12-03,P,0.755,0.031500000,3,
2026-08-18,CAU,OPT,CAUZ7 P7600,2027-12-03,P,0.76,0.035100000,3,
2026-08-18,CAU,OPT,CAUZ7 P7650,2027-12-03,P,0.765,0.038800000,3,
2026-08-18,CAU,OPT,CAUZ7 P7700,2027-12-03,P,0.77,0.042600000,3,
2026-08-18,CAU,OPT,CAUZ7 P7750,2027-12-03,P,0.775,0.046600000,3,
2026-08-18,CAU,OPT,CAUZ7 P7800,2027-12-03,P,0.78,0.050700000,3,
2026-08-18,CAU,OPT,CAUZ7 P7850,2027-12-03,P,0.785,0.054800000,3,
2026-08-18,CAU,OPT,CAUZ7 P7900,2027-12-03,P,0.79,0.059100000,3,
2026-08-18,CAU,OPT,CAUZ7 P7950,2027-12-03,P,0.795,0.063400000,3,
2026-08-18,CAU,OPT,CAUZ7 P8000,2027-12-03,P,0.8,0.067700000,3,
2026-08-18,CAU,OPT,CAUZ7 P8050,2027-12-03,P,0.805,0.072100000,3,
2026-08-18,CAU,OPT,CAUZ7 P8100,2027-12-03,P,0.81,0.076500000,3,
2026-08-18,CAU,OPT,CAUZ7 P8200,2027-12-03,P,0.82,0.085400000,3,
2026-08-18,CAU,OPT,CAUZ7 P8300,2027-12-03,P,0.83,0.094400000,3,
2026-08-18,CAU,OPT,CAUZ7 P8400,2027-12-03,P,0.84,0.103500000,3,
2026-08-18,CAU,OPT,CAUZ7 P8500,2027-12-03,P,0.85,0.112700000,3,
2026-08-18,CAU,OPT,CAUZ7 P8600,2027-12-03,P,0.86,0.122000000,3,
2026-08-18,CAU,OPT,CAUZ7 P8700,2027-12-03,P,0.87,0.131300000,3,
2026-08-18,CAU,OPT,CAUZ7 P8800,2027-12-03,P,0.88,0.140600000,3,
2026-08-18,CAU,OPT,CAUZ7 P8900,2027-12-03,P,0.89,0.150000000,3,
2026-08-18,CAU,OPT,CAUZ7 P9000,2027-12-03,P,0.9,0.159500000,3,
2026-08-18,CAU,OPT,CAUH8 C5700,2028-03-03,C,0.57,0.154900000,3,
2026-08-18,CAU,OPT,CAUH8 C5800,2028-03-03,C,0.58,0.145600000,3,
2026-08-18,CAU,OPT,CAUH8 C5900,2028-03-03,C,0.59,0.136300000,3,
2026-08-18,CAU,OPT,CAUH8 C6000,2028-03-03,C,0.6,0.127000000,3,
2026-08-18,CAU,OPT,CAUH8 C6100,2028-03-03,C,0.61,0.117800000,3,
2026-08-18,CAU,OPT,CAUH8 C6200,2028-03-03,C,0.62,0.108700000,3,
2026-08-18,CAU,OPT,CAUH8 C6300,2028-03-03,C,0.63,0.099600000,3,
2026-08-18,CAU,OPT,CAUH8 C6400,2028-03-03,C,0.64,0.090700000,3,
2026-08-18,CAU,OPT,CAUH8 C6500,2028-03-03,C,0.65,0.081800000,3,
2026-08-18,CAU,OPT,CAUH8 C6600,2028-03-03,C,0.66,0.073200000,3,
2026-08-18,CAU,OPT,CAUH8 C6700,2028-03-03,C,0.67,0.064700000,3,
2026-08-18,CAU,OPT,CAUH8 C6750,2028-03-03,C,0.675,0.060500000,3,
2026-08-18,CAU,OPT,CAUH8 C6800,2028-03-03,C,0.68,0.056500000,3,
2026-08-18,CAU,OPT,CAUH8 C6850,2028-03-03,C,0.685,0.052500000,3,
2026-08-18,CAU,OPT,CAUH8 C6900,2028-03-03,C,0.69,0.048500000,3,
2026-08-18,CAU,OPT,CAUH8 C6950,2028-03-03,C,0.695,0.044700000,3,
2026-08-18,CAU,OPT,CAUH8 C7000,2028-03-03,C,0.7,0.041000000,3,
2026-08-18,CAU,OPT,CAUH8 C7050,2028-03-03,C,0.705,0.037400000,3,
2026-08-18,CAU,OPT,CAUH8 C7100,2028-03-03,C,0.71,0.033900000,3,
2026-08-18,CAU,OPT,CAUH8 C7150,2028-03-03,C,0.715,0.030700000,3,
2026-08-18,CAU,OPT,CAUH8 C7200,2028-03-03,C,0.72,0.027600000,3,
2026-08-18,CAU,OPT,CAUH8 C7250,2028-03-03,C,0.725,0.024700000,3,
2026-08-18,CAU,OPT,CAUH8 C7300,2028-03-03,C,0.73,0.022000000,3,
2026-08-18,CAU,OPT,CAUH8 C7350,2028-03-03,C,0.735,0.019600000,3,
2026-08-18,CAU,OPT,CAUH8 C7400,2028-03-03,C,0.74,0.017400000,3,1
2026-08-18,CAU,OPT,CAUH8 C7450,2028-03-03,C,0.745,0.015400000,3,
2026-08-18,CAU,OPT,CAUH8 C7500,2028-03-03,C,0.75,0.013700000,3,
2026-08-18,CAU,OPT,CAUH8 C7550,2028-03-03,C,0.755,0.012200000,3,
2026-08-18,CAU,OPT,CAUH8 C7600,2028-03-03,C,0.76,0.010900000,3,
2026-08-18,CAU,OPT,CAUH8 C7650,2028-03-03,C,0.765,0.009700000,3,
2026-08-18,CAU,OPT,CAUH8 C7700,2028-03-03,C,0.77,0.008700000,3,
2026-08-18,CAU,OPT,CAUH8 C7750,2028-03-03,C,0.775,0.007800000,3,
2026-08-18,CAU,OPT,CAUH8 C7800,2028-03-03,C,0.78,0.007000000,3,
2026-08-18,CAU,OPT,CAUH8 C7850,2028-03-03,C,0.785,0.006300000,3,
2026-08-18,CAU,OPT,CAUH8 C7900,2028-03-03,C,0.79,0.005700000,3,
2026-08-18,CAU,OPT,CAUH8 C7950,2028-03-03,C,0.795,0.005100000,3,
2026-08-18,CAU,OPT,CAUH8 C8000,2028-03-03,C,0.8,0.004600000,3,
2026-08-18,CAU,OPT,CAUH8 C8100,2028-03-03,C,0.81,0.003700000,3,
2026-08-18,CAU,OPT,CAUH8 C8200,2028-03-03,C,0.82,0.003000000,3,
2026-08-18,CAU,OPT,CAUH8 C8300,2028-03-03,C,0.83,0.002400000,3,
2026-08-18,CAU,OPT,CAUH8 C8400,2028-03-03,C,0.84,0.002000000,3,
2026-08-18,CAU,OPT,CAUH8 C8500,2028-03-03,C,0.85,0.001500000,3,
2026-08-18,CAU,OPT,CAUH8 C8600,2028-03-03,C,0.86,0.001200000,3,
2026-08-18,CAU,OPT,CAUH8 C8700,2028-03-03,C,0.87,0.000900000,3,
2026-08-18,CAU,OPT,CAUH8 C8800,2028-03-03,C,0.88,0.000700000,3,
2026-08-18,CAU,OPT,CAUH8 C8900,2028-03-03,C,0.89,0.000500000,3,
2026-08-18,CAU,OPT,CAUH8 C9000,2028-03-03,C,0.9,0.000400000,3,
2026-08-18,CAU,OPT,CAUH8 P5700,2028-03-03,P,0.57,0.000300000,3,
2026-08-18,CAU,OPT,CAUH8 P5800,2028-03-03,P,0.58,0.000400000,3,
2026-08-18,CAU,OPT,CAUH8 P5900,2028-03-03,P,0.59,0.000500000,3,
2026-08-18,CAU,OPT,CAUH8 P6000,2028-03-03,P,0.6,0.000700000,3,
2026-08-18,CAU,OPT,CAUH8 P6100,2028-03-03,P,0.61,0.000900000,3,
2026-08-18,CAU,OPT,CAUH8 P6200,2028-03-03,P,0.62,0.001200000,3,
2026-08-18,CAU,OPT,CAUH8 P6300,2028-03-03,P,0.63,0.001500000,3,
2026-08-18,CAU,OPT,CAUH8 P6400,2028-03-03,P,0.64,0.002000000,3,
2026-08-18,CAU,OPT,CAUH8 P6500,2028-03-03,P,0.65,0.002600000,3,
2026-08-18,CAU,OPT,CAUH8 P6600,2028-03-03,P,0.66,0.003300000,3,
2026-08-18,CAU,OPT,CAUH8 P6700,2028-03-03,P,0.67,0.004200000,3,
2026-08-18,CAU,OPT,CAUH8 P6750,2028-03-03,P,0.675,0.004800000,3,
2026-08-18,CAU,OPT,CAUH8 P6800,2028-03-03,P,0.68,0.005400000,3,
2026-08-18,CAU,OPT,CAUH8 P6850,2028-03-03,P,0.685,0.006100000,3,
2026-08-18,CAU,OPT,CAUH8 P6900,2028-03-03,P,0.69,0.006900000,3,
2026-08-18,CAU,OPT,CAUH8 P6950,2028-03-03,P,0.695,0.007800000,3,
2026-08-18,CAU,OPT,CAUH8 P7000,2028-03-03,P,0.7,0.008800000,3,
2026-08-18,CAU,OPT,CAUH8 P7050,2028-03-03,P,0.705,0.009900000,3,
2026-08-18,CAU,OPT,CAUH8 P7100,2028-03-03,P,0.71,0.011100000,3,
2026-08-18,CAU,OPT,CAUH8 P7150,2028-03-03,P,0.715,0.012500000,3,
2026-08-18,CAU,OPT,CAUH8 P7200,2028-03-03,P,0.72,0.014200000,3,
2026-08-18,CAU,OPT,CAUH8 P7250,2028-03-03,P,0.725,0.016000000,3,
2026-08-18,CAU,OPT,CAUH8 P7300,2028-03-03,P,0.73,0.018000000,3,
2026-08-18,CAU,OPT,CAUH8 P7350,2028-03-03,P,0.735,0.020300000,3,
2026-08-18,CAU,OPT,CAUH8 P7400,2028-03-03,P,0.74,0.022800000,3,
2026-08-18,CAU,OPT,CAUH8 P7450,2028-03-03,P,0.745,0.025500000,3,
2026-08-18,CAU,OPT,CAUH8 P7500,2028-03-03,P,0.75,0.028500000,3,
2026-08-18,CAU,OPT,CAUH8 P7550,2028-03-03,P,0.755,0.031700000,3,
2026-08-18,CAU,OPT,CAUH8 P7600,2028-03-03,P,0.76,0.035100000,3,
2026-08-18,CAU,OPT,CAUH8 P7650,2028-03-03,P,0.765,0.038700000,3,
2026-08-18,CAU,OPT,CAUH8 P7700,2028-03-03,P,0.77,0.042400000,3,
2026-08-18,CAU,OPT,CAUH8 P7750,2028-03-03,P,0.775,0.046200000,3,
2026-08-18,CAU,OPT,CAUH8 P7800,2028-03-03,P,0.78,0.050100000,3,
2026-08-18,CAU,OPT,CAUH8 P7850,2028-03-03,P,0.785,0.054100000,3,
2026-08-18,CAU,OPT,CAUH8 P7900,2028-03-03,P,0.79,0.058200000,3,
2026-08-18,CAU,OPT,CAUH8 P7950,2028-03-03,P,0.795,0.062300000,3,
2026-08-18,CAU,OPT,CAUH8 P8000,2028-03-03,P,0.8,0.066500000,3,
2026-08-18,CAU,OPT,CAUH8 P8100,2028-03-03,P,0.81,0.075000000,3,
2026-08-18,CAU,OPT,CAUH8 P8200,2028-03-03,P,0.82,0.083700000,3,
2026-08-18,CAU,OPT,CAUH8 P8300,2028-03-03,P,0.83,0.092500000,3,
2026-08-18,CAU,OPT,CAUH8 P8400,2028-03-03,P,0.84,0.101500000,3,
2026-08-18,CAU,OPT,CAUH8 P8500,2028-03-03,P,0.85,0.110500000,3,
2026-08-18,CAU,OPT,CAUH8 P8600,2028-03-03,P,0.86,0.119500000,3,
2026-08-18,CAU,OPT,CAUH8 P8700,2028-03-03,P,0.87,0.128700000,3,
2026-08-18,CAU,OPT,CAUH8 P8800,2028-03-03,P,0.88,0.137800000,3,
2026-08-18,CAU,OPT,CAUH8 P8900,2028-03-03,P,0.89,0.147100000,3,
2026-08-18,CAU,OPT,CAUH8 P9000,2028-03-03,P,0.9,0.156300000,3,
2026-08-18,CAU,OPT,CAUM8 C5800,2028-06-09,C,0.58,0.146200000,3,
2026-08-18,CAU,OPT,CAUM8 C5900,2028-06-09,C,0.59,0.137100000,3,
2026-08-18,CAU,OPT,CAUM8 C6000,2028-06-09,C,0.6,0.128000000,3,
2026-08-18,CAU,OPT,CAUM8 C6100,2028-06-09,C,0.61,0.119000000,3,
2026-08-18,CAU,OPT,CAUM8 C6200,2028-06-09,C,0.62,0.110000000,3,
2026-08-18,CAU,OPT,CAUM8 C6300,2028-06-09,C,0.63,0.101100000,3,
2026-08-18,CAU,OPT,CAUM8 C6400,2028-06-09,C,0.64,0.092400000,3,
2026-08-18,CAU,OPT,CAUM8 C6500,2028-06-09,C,0.65,0.083700000,3,
2026-08-18,CAU,OPT,CAUM8 C6600,2028-06-09,C,0.66,0.075200000,3,
2026-08-18,CAU,OPT,CAUM8 C6700,2028-06-09,C,0.67,0.067000000,3,
2026-08-18,CAU,OPT,CAUM8 C6750,2028-06-09,C,0.675,0.062900000,3,
2026-08-18,CAU,OPT,CAUM8 C6800,2028-06-09,C,0.68,0.058900000,3,
2026-08-18,CAU,OPT,CAUM8 C6850,2028-06-09,C,0.685,0.055000000,3,
2026-08-18,CAU,OPT,CAUM8 C6900,2028-06-09,C,0.69,0.051100000,3,
2026-08-18,CAU,OPT,CAUM8 C6950,2028-06-09,C,0.695,0.047400000,3,
2026-08-18,CAU,OPT,CAUM8 C7000,2028-06-09,C,0.7,0.043700000,3,
2026-08-18,CAU,OPT,CAUM8 C7050,2028-06-09,C,0.705,0.040100000,3,
2026-08-18,CAU,OPT,CAUM8 C7100,2028-06-09,C,0.71,0.036700000,3,
2026-08-18,CAU,OPT,CAUM8 C7150,2028-06-09,C,0.715,0.033400000,3,
2026-08-18,CAU,OPT,CAUM8 C7200,2028-06-09,C,0.72,0.030400000,3,
2026-08-18,CAU,OPT,CAUM8 C7250,2028-06-09,C,0.725,0.027500000,3,
2026-08-18,CAU,OPT,CAUM8 C7300,2028-06-09,C,0.73,0.024800000,3,
2026-08-18,CAU,OPT,CAUM8 C7350,2028-06-09,C,0.735,0.022300000,3,
2026-08-18,CAU,OPT,CAUM8 C7400,2028-06-09,C,0.74,0.020000000,3,3
2026-08-18,CAU,OPT,CAUM8 C7450,2028-06-09,C,0.745,0.018000000,3,
2026-08-18,CAU,OPT,CAUM8 C7500,2028-06-09,C,0.75,0.016100000,3,11
2026-08-18,CAU,OPT,CAUM8 C7550,2028-06-09,C,0.755,0.014500000,3,1
2026-08-18,CAU,OPT,CAUM8 C7600,2028-06-09,C,0.76,0.013000000,3,2
2026-08-18,CAU,OPT,CAUM8 C7650,2028-06-09,C,0.765,0.011700000,3,3
2026-08-18,CAU,OPT,CAUM8 C7700,2028-06-09,C,0.77,0.010600000,3,
2026-08-18,CAU,OPT,CAUM8 C7750,2028-06-09,C,0.775,0.009500000,3,
2026-08-18,CAU,OPT,CAUM8 C7800,2028-06-09,C,0.78,0.008600000,3,
2026-08-18,CAU,OPT,CAUM8 C7850,2028-06-09,C,0.785,0.007700000,3,
2026-08-18,CAU,OPT,CAUM8 C7900,2028-06-09,C,0.79,0.007000000,3,
2026-08-18,CAU,OPT,CAUM8 C8000,2028-06-09,C,0.8,0.005600000,3,
2026-08-18,CAU,OPT,CAUM8 C8100,2028-06-09,C,0.81,0.004600000,3,
2026-08-18,CAU,OPT,CAUM8 C8200,2028-06-09,C,0.82,0.003700000,3,
2026-08-18,CAU,OPT,CAUM8 C8300,2028-06-09,C,0.83,0.003000000,3,
2026-08-18,CAU,OPT,CAUM8 C8400,2028-06-09,C,0.84,0.002500000,3,
2026-08-18,CAU,OPT,CAUM8 C8500,2028-06-09,C,0.85,0.002000000,3,
2026-08-18,CAU,OPT,CAUM8 C8600,2028-06-09,C,0.86,0.001700000,3,
2026-08-18,CAU,OPT,CAUM8 C8700,2028-06-09,C,0.87,0.001400000,3,
2026-08-18,CAU,OPT,CAUM8 C8800,2028-06-09,C,0.88,0.001100000,3,
2026-08-18,CAU,OPT,CAUM8 C8900,2028-06-09,C,0.89,0.001000000,3,
2026-08-18,CAU,OPT,CAUM8 P5800,2028-06-09,P,0.58,0.000700000,3,
2026-08-18,CAU,OPT,CAUM8 P5900,2028-06-09,P,0.59,0.000900000,3,
2026-08-18,CAU,OPT,CAUM8 P6000,2028-06-09,P,0.6,0.001100000,3,
2026-08-18,CAU,OPT,CAUM8 P6100,2028-06-09,P,0.61,0.001400000,3,
2026-08-18,CAU,OPT,CAUM8 P6200,2028-06-09,P,0.62,0.001700000,3,
2026-08-18,CAU,OPT,CAUM8 P6300,2028-06-09,P,0.63,0.002200000,3,
2026-08-18,CAU,OPT,CAUM8 P6400,2028-06-09,P,0.64,0.002700000,3,
2026-08-18,CAU,OPT,CAUM8 P6500,2028-06-09,P,0.65,0.003400000,3,
2026-08-18,CAU,OPT,CAUM8 P6600,2028-06-09,P,0.66,0.004200000,3,
2026-08-18,CAU,OPT,CAUM8 P6700,2028-06-09,P,0.67,0.005200000,3,
2026-08-18,CAU,OPT,CAUM8 P6750,2028-06-09,P,0.675,0.005800000,3,
2026-08-18,CAU,OPT,CAUM8 P6800,2028-06-09,P,0.68,0.006500000,3,
2026-08-18,CAU,OPT,CAUM8 P6850,2028-06-09,P,0.685,0.007200000,3,
2026-08-18,CAU,OPT,CAUM8 P6900,2028-06-09,P,0.69,0.008000000,3,
2026-08-18,CAU,OPT,CAUM8 P6950,2028-06-09,P,0.695,0.008900000,3,
2026-08-18,CAU,OPT,CAUM8 P7000,2028-06-09,P,0.7,0.009900000,3,
2026-08-18,CAU,OPT,CAUM8 P7050,2028-06-09,P,0.705,0.011000000,3,
2026-08-18,CAU,OPT,CAUM8 P7100,2028-06-09,P,0.71,0.012200000,3,
2026-08-18,CAU,OPT,CAUM8 P7150,2028-06-09,P,0.715,0.013600000,3,
2026-08-18,CAU,OPT,CAUM8 P7200,2028-06-09,P,0.72,0.015200000,3,
2026-08-18,CAU,OPT,CAUM8 P7250,2028-06-09,P,0.725,0.016900000,3,
2026-08-18,CAU,OPT,CAUM8 P7300,2028-06-09,P,0.73,0.018900000,3,
2026-08-18,CAU,OPT,CAUM8 P7350,2028-06-09,P,0.735,0.021100000,3,
2026-08-18,CAU,OPT,CAUM8 P7400,2028-06-09,P,0.74,0.023500000,3,
2026-08-18,CAU,OPT,CAUM8 P7450,2028-06-09,P,0.745,0.026100000,3,
2026-08-18,CAU,OPT,CAUM8 P7500,2028-06-09,P,0.75,0.028900000,3,
2026-08-18,CAU,OPT,CAUM8 P7550,2028-06-09,P,0.755,0.031900000,3,
2026-08-18,CAU,OPT,CAUM8 P7600,2028-06-09,P,0.76,0.035100000,3,
2026-08-18,CAU,OPT,CAUM8 P7650,2028-06-09,P,0.765,0.038400000,3,
2026-08-18,CAU,OPT,CAUM8 P7700,2028-06-09,P,0.77,0.041900000,3,
2026-08-18,CAU,OPT,CAUM8 P7750,2028-06-09,P,0.775,0.045500000,3,
2026-08-18,CAU,OPT,CAUM8 P7800,2028-06-09,P,0.78,0.049300000,3,
2026-08-18,CAU,OPT,CAUM8 P7850,2028-06-09,P,0.785,0.053100000,3,
2026-08-18,CAU,OPT,CAUM8 P7900,2028-06-09,P,0.79,0.057000000,3,
2026-08-18,CAU,OPT,CAUM8 P8000,2028-06-09,P,0.8,0.064900000,3,
2026-08-18,CAU,OPT,CAUM8 P8100,2028-06-09,P,0.81,0.073200000,3,
2026-08-18,CAU,OPT,CAUM8 P8200,2028-06-09,P,0.82,0.081700000,3,
2026-08-18,CAU,OPT,CAUM8 P8300,2028-06-09,P,0.83,0.090300000,3,
2026-08-18,CAU,OPT,CAUM8 P8400,2028-06-09,P,0.84,0.099000000,3,
2026-08-18,CAU,OPT,CAUM8 P8500,2028-06-09,P,0.85,0.107900000,3,
2026-08-18,CAU,OPT,CAUM8 P8600,2028-06-09,P,0.86,0.116800000,3,
2026-08-18,CAU,OPT,CAUM8 P8700,2028-06-09,P,0.87,0.125900000,3,
2026-08-18,CAU,OPT,CAUM8 P8800,2028-06-09,P,0.88,0.134900000,3,
2026-08-18,CAU,OPT,CAUM8 P8900,2028-06-09,P,0.89,0.144000000,3,
