{
  "generated": "2026-06-22T23:10:18",
  "metals": {
    "XAU": {
      "mdp_z": 1.7842612399559652,
      "signal": 2.4055286647931275,
      "cot_as_of": "20260616",
      "delta": 0.995,
      "quality": "CLEAN",
      "halflife": 296.26,
      "var_ratio": 2.4031,
      "ic_4w": 0.1675,
      "ic_8w": 0.2452,
      "ic_12w": 0.2915,
      "regime": "REVERSION",
      "hit_8w": 0.5229,
      "ljung_p": 0.0,
      "betas_last": {
        "const": -4.46078,
        "be": 0.03991,
        "slope": -0.00983,
        "log_nfa": 0.55003
      },
      "gamma_dxy": 0.020372
    },
    "XAG": {
      "mdp_z": 2.174128277865368,
      "signal": 2.6026796192096833,
      "cot_as_of": "20260616",
      "delta": 0.999,
      "quality": "CLEAN",
      "halflife": 58.11,
      "var_ratio": 0.2567,
      "ic_4w": 0.0234,
      "ic_8w": 0.0611,
      "ic_12w": 0.07,
      "regime": "REVERSION",
      "hit_8w": 0.5115,
      "ljung_p": 0.0,
      "betas_last": {
        "const": -2.56743,
        "log_xau": 0.7861
      },
      "copper": false,
      "copper_available": true
    }
  }
}