session,root,type,symbol,expiry,right,strike,settle,settle_flag,oi
2026-08-17,GBU,OPT,GBUU6 C10200,2026-09-04,C,1.02,0.333200000,3,
2026-08-17,GBU,OPT,GBUU6 C10300,2026-09-04,C,1.03,0.323200000,3,
2026-08-17,GBU,OPT,GBUU6 C10400,2026-09-04,C,1.04,0.313200000,3,
2026-08-17,GBU,OPT,GBUU6 C10500,2026-09-04,C,1.05,0.303300000,3,
2026-08-17,GBU,OPT,GBUU6 C10600,2026-09-04,C,1.06,0.293300000,3,
2026-08-17,GBU,OPT,GBUU6 C10700,2026-09-04,C,1.07,0.283300000,3,
2026-08-17,GBU,OPT,GBUU6 C10800,2026-09-04,C,1.08,0.273300000,3,
2026-08-17,GBU,OPT,GBUU6 C10900,2026-09-04,C,1.09,0.263300000,3,
2026-08-17,GBU,OPT,GBUU6 C11000,2026-09-04,C,1.1,0.253300000,3,
2026-08-17,GBU,OPT,GBUU6 C11100,2026-09-04,C,1.11,0.243400000,3,
2026-08-17,GBU,OPT,GBUU6 C11200,2026-09-04,C,1.12,0.233400000,3,
2026-08-17,GBU,OPT,GBUU6 C11300,2026-09-04,C,1.13,0.223400000,3,
2026-08-17,GBU,OPT,GBUU6 C11400,2026-09-04,C,1.14,0.213400000,3,
2026-08-17,GBU,OPT,GBUU6 C11500,2026-09-04,C,1.15,0.203400000,3,
2026-08-17,GBU,OPT,GBUU6 C11600,2026-09-04,C,1.16,0.193500000,3,
2026-08-17,GBU,OPT,GBUU6 C11650,2026-09-04,C,1.165,0.188500000,3,
2026-08-17,GBU,OPT,GBUU6 C11700,2026-09-04,C,1.17,0.183500000,3,
2026-08-17,GBU,OPT,GBUU6 C11750,2026-09-04,C,1.175,0.178500000,3,
2026-08-17,GBU,OPT,GBUU6 C11800,2026-09-04,C,1.18,0.173500000,3,
2026-08-17,GBU,OPT,GBUU6 C11850,2026-09-04,C,1.185,0.168500000,3,
2026-08-17,GBU,OPT,GBUU6 C11900,2026-09-04,C,1.19,0.163500000,3,
2026-08-17,GBU,OPT,GBUU6 C11950,2026-09-04,C,1.195,0.158500000,3,
2026-08-17,GBU,OPT,GBUU6 C12000,2026-09-04,C,1.2,0.153500000,3,1
2026-08-17,GBU,OPT,GBUU6 C12050,2026-09-04,C,1.205,0.148500000,3,
2026-08-17,GBU,OPT,GBUU6 C12100,2026-09-04,C,1.21,0.143500000,3,1
2026-08-17,GBU,OPT,GBUU6 C12150,2026-09-04,C,1.215,0.138600000,3,
2026-08-17,GBU,OPT,GBUU6 C12200,2026-09-04,C,1.22,0.133600000,3,
2026-08-17,GBU,OPT,GBUU6 C12250,2026-09-04,C,1.225,0.128600000,3,
2026-08-17,GBU,OPT,GBUU6 C12300,2026-09-04,C,1.23,0.123600000,3,
2026-08-17,GBU,OPT,GBUU6 C12350,2026-09-04,C,1.235,0.118600000,3,
2026-08-17,GBU,OPT,GBUU6 C12400,2026-09-04,C,1.24,0.113600000,3,
2026-08-17,GBU,OPT,GBUU6 C12450,2026-09-04,C,1.245,0.108600000,3,
2026-08-17,GBU,OPT,GBUU6 C12500,2026-09-04,C,1.25,0.103600000,3,
2026-08-17,GBU,OPT,GBUU6 C12550,2026-09-04,C,1.255,0.098600000,3,
2026-08-17,GBU,OPT,GBUU6 C12600,2026-09-04,C,1.26,0.093600000,3,
2026-08-17,GBU,OPT,GBUU6 C12650,2026-09-04,C,1.265,0.088600000,3,
2026-08-17,GBU,OPT,GBUU6 C12700,2026-09-04,C,1.27,0.083700000,3,1
2026-08-17,GBU,OPT,GBUU6 C12750,2026-09-04,C,1.275,0.078700000,3,
2026-08-17,GBU,OPT,GBUU6 C12800,2026-09-04,C,1.28,0.073700000,3,5
2026-08-17,GBU,OPT,GBUU6 C12850,2026-09-04,C,1.285,0.068700000,3,
2026-08-17,GBU,OPT,GBUU6 C12900,2026-09-04,C,1.29,0.063700000,3,7
2026-08-17,GBU,OPT,GBUU6 C12950,2026-09-04,C,1.295,0.058700000,3,
2026-08-17,GBU,OPT,GBUU6 C13000,2026-09-04,C,1.3,0.053700000,3,
2026-08-17,GBU,OPT,GBUU6 C13050,2026-09-04,C,1.305,0.048800000,3,
2026-08-17,GBU,OPT,GBUU6 C13100,2026-09-04,C,1.31,0.043800000,3,4
2026-08-17,GBU,OPT,GBUU6 C13150,2026-09-04,C,1.315,0.038900000,3,1
2026-08-17,GBU,OPT,GBUU6 C13200,2026-09-04,C,1.32,0.033900000,3,13
2026-08-17,GBU,OPT,GBUU6 C13250,2026-09-04,C,1.325,0.029100000,3,3
2026-08-17,GBU,OPT,GBUU6 C13275,2026-09-04,C,1.3275,0.026700000,3,
2026-08-17,GBU,OPT,GBUU6 C13300,2026-09-04,C,1.33,0.024400000,3,20
2026-08-17,GBU,OPT,GBUU6 C13325,2026-09-04,C,1.3325,0.022100000,3,
2026-08-17,GBU,OPT,GBUU6 C13350,2026-09-04,C,1.335,0.019800000,3,7
2026-08-17,GBU,OPT,GBUU6 C13375,2026-09-04,C,1.3375,0.017600000,3,
2026-08-17,GBU,OPT,GBUU6 C13400,2026-09-04,C,1.34,0.015500000,3,277
2026-08-17,GBU,OPT,GBUU6 C13425,2026-09-04,C,1.3425,0.013500000,3,
2026-08-17,GBU,OPT,GBUU6 C13450,2026-09-04,C,1.345,0.011600000,3,829
2026-08-17,GBU,OPT,GBUU6 C13475,2026-09-04,C,1.3475,0.009800000,3,
2026-08-17,GBU,OPT,GBUU6 C13500,2026-09-04,C,1.35,0.008200000,3,392
2026-08-17,GBU,OPT,GBUU6 C13525,2026-09-04,C,1.3525,0.006800000,3,8
2026-08-17,GBU,OPT,GBUU6 C13550,2026-09-04,C,1.355,0.005500000,3,1560
2026-08-17,GBU,OPT,GBUU6 C13575,2026-09-04,C,1.3575,0.004400000,3,544
2026-08-17,GBU,OPT,GBUU6 C13600,2026-09-04,C,1.36,0.003500000,3,2467
2026-08-17,GBU,OPT,GBUU6 C13625,2026-09-04,C,1.3625,0.002700000,3,376
2026-08-17,GBU,OPT,GBUU6 C13650,2026-09-04,C,1.365,0.002100000,3,984
2026-08-17,GBU,OPT,GBUU6 C13675,2026-09-04,C,1.3675,0.001600000,3,17
2026-08-17,GBU,OPT,GBUU6 C13700,2026-09-04,C,1.37,0.001300000,3,117
2026-08-17,GBU,OPT,GBUU6 C13725,2026-09-04,C,1.3725,0.001000000,3,2
2026-08-17,GBU,OPT,GBUU6 C13750,2026-09-04,C,1.375,0.000800000,3,812
2026-08-17,GBU,OPT,GBUU6 C13800,2026-09-04,C,1.38,0.000500000,3,126
2026-08-17,GBU,OPT,GBUU6 C13850,2026-09-04,C,1.385,0.000300000,3,301
2026-08-17,GBU,OPT,GBUU6 C13900,2026-09-04,C,1.39,0.000200000,3,218
2026-08-17,GBU,OPT,GBUU6 C13950,2026-09-04,C,1.395,0.000200000,3,6
2026-08-17,GBU,OPT,GBUU6 C14000,2026-09-04,C,1.4,0.000200000,3,375
2026-08-17,GBU,OPT,GBUU6 C14050,2026-09-04,C,1.405,0.000100000,3,269
2026-08-17,GBU,OPT,GBUU6 C14100,2026-09-04,C,1.41,0.000100000,3,497
2026-08-17,GBU,OPT,GBUU6 C14150,2026-09-04,C,1.415,0.000100000,3,135
2026-08-17,GBU,OPT,GBUU6 C14200,2026-09-04,C,1.42,0.000100000,3,177
2026-08-17,GBU,OPT,GBUU6 C14250,2026-09-04,C,1.425,0.000100000,3,255
2026-08-17,GBU,OPT,GBUU6 C14300,2026-09-04,C,1.43,0.000100000,3,70
2026-08-17,GBU,OPT,GBUU6 C14350,2026-09-04,C,1.435,0.000100000,3,
2026-08-17,GBU,OPT,GBUU6 C14400,2026-09-04,C,1.44,0.000100000,3,79
2026-08-17,GBU,OPT,GBUU6 C14450,2026-09-04,C,1.445,0.000100000,3,
2026-08-17,GBU,OPT,GBUU6 C14500,2026-09-04,C,1.45,0.000100000,3,90
2026-08-17,GBU,OPT,GBUU6 C14600,2026-09-04,C,1.46,0.000100000,3,83
2026-08-17,GBU,OPT,GBUU6 C14700,2026-09-04,C,1.47,0.000100000,3,168
2026-08-17,GBU,OPT,GBUU6 C14800,2026-09-04,C,1.48,0.000100000,3,33
2026-08-17,GBU,OPT,GBUU6 C14900,2026-09-04,C,1.49,0.000100000,3,
2026-08-17,GBU,OPT,GBUU6 C15000,2026-09-04,C,1.5,0.000100000,3,
2026-08-17,GBU,OPT,GBUU6 C15100,2026-09-04,C,1.51,0.000100000,3,
2026-08-17,GBU,OPT,GBUU6 C15200,2026-09-04,C,1.52,0.000100000,3,
2026-08-17,GBU,OPT,GBUU6 C15300,2026-09-04,C,1.53,0.000100000,3,
2026-08-17,GBU,OPT,GBUU6 C15400,2026-09-04,C,1.54,0.000100000,3,4
2026-08-17,GBU,OPT,GBUU6 C15500,2026-09-04,C,1.55,0.000100000,3,
2026-08-17,GBU,OPT,GBUU6 C15600,2026-09-04,C,1.56,0.000100000,3,
2026-08-17,GBU,OPT,GBUU6 C15700,2026-09-04,C,1.57,0.000100000,3,
2026-08-17,GBU,OPT,GBUU6 C15800,2026-09-04,C,1.58,0.000100000,3,
2026-08-17,GBU,OPT,GBUU6 P10200,2026-09-04,P,1.02,0.000100000,3,4
2026-08-17,GBU,OPT,GBUU6 P10300,2026-09-04,P,1.03,0.000100000,3,
2026-08-17,GBU,OPT,GBUU6 P10400,2026-09-04,P,1.04,0.000100000,3,
2026-08-17,GBU,OPT,GBUU6 P10500,2026-09-04,P,1.05,0.000100000,3,
2026-08-17,GBU,OPT,GBUU6 P10600,2026-09-04,P,1.06,0.000100000,3,
2026-08-17,GBU,OPT,GBUU6 P10700,2026-09-04,P,1.07,0.000100000,3,
2026-08-17,GBU,OPT,GBUU6 P10800,2026-09-04,P,1.08,0.000100000,3,
2026-08-17,GBU,OPT,GBUU6 P10900,2026-09-04,P,1.09,0.000100000,3,
2026-08-17,GBU,OPT,GBUU6 P11000,2026-09-04,P,1.1,0.000100000,3,
2026-08-17,GBU,OPT,GBUU6 P11100,2026-09-04,P,1.11,0.000100000,3,
2026-08-17,GBU,OPT,GBUU6 P11200,2026-09-04,P,1.12,0.000100000,3,
2026-08-17,GBU,OPT,GBUU6 P11300,2026-09-04,P,1.13,0.000100000,3,
2026-08-17,GBU,OPT,GBUU6 P11400,2026-09-04,P,1.14,0.000100000,3,
2026-08-17,GBU,OPT,GBUU6 P11500,2026-09-04,P,1.15,0.000100000,3,20
2026-08-17,GBU,OPT,GBUU6 P11600,2026-09-04,P,1.16,0.000100000,3,19
2026-08-17,GBU,OPT,GBUU6 P11650,2026-09-04,P,1.165,0.000100000,3,
2026-08-17,GBU,OPT,GBUU6 P11700,2026-09-04,P,1.17,0.000100000,3,100
2026-08-17,GBU,OPT,GBUU6 P11750,2026-09-04,P,1.175,0.000100000,3,16
2026-08-17,GBU,OPT,GBUU6 P11800,2026-09-04,P,1.18,0.000100000,3,4
2026-08-17,GBU,OPT,GBUU6 P11850,2026-09-04,P,1.185,0.000100000,3,
2026-08-17,GBU,OPT,GBUU6 P11900,2026-09-04,P,1.19,0.000100000,3,24
2026-08-17,GBU,OPT,GBUU6 P11950,2026-09-04,P,1.195,0.000100000,3,
2026-08-17,GBU,OPT,GBUU6 P12000,2026-09-04,P,1.2,0.000100000,3,84
2026-08-17,GBU,OPT,GBUU6 P12050,2026-09-04,P,1.205,0.000100000,3,15
2026-08-17,GBU,OPT,GBUU6 P12100,2026-09-04,P,1.21,0.000100000,3,3
2026-08-17,GBU,OPT,GBUU6 P12150,2026-09-04,P,1.215,0.000100000,3,
2026-08-17,GBU,OPT,GBUU6 P12200,2026-09-04,P,1.22,0.000100000,3,4
2026-08-17,GBU,OPT,GBUU6 P12250,2026-09-04,P,1.225,0.000100000,3,4
2026-08-17,GBU,OPT,GBUU6 P12300,2026-09-04,P,1.23,0.000100000,3,38
2026-08-17,GBU,OPT,GBUU6 P12350,2026-09-04,P,1.235,0.000100000,3,54
2026-08-17,GBU,OPT,GBUU6 P12400,2026-09-04,P,1.24,0.000100000,3,17
2026-08-17,GBU,OPT,GBUU6 P12450,2026-09-04,P,1.245,0.000100000,3,36
2026-08-17,GBU,OPT,GBUU6 P12500,2026-09-04,P,1.25,0.000100000,3,247
2026-08-17,GBU,OPT,GBUU6 P12550,2026-09-04,P,1.255,0.000100000,3,56
2026-08-17,GBU,OPT,GBUU6 P12600,2026-09-04,P,1.26,0.000100000,3,112
2026-08-17,GBU,OPT,GBUU6 P12650,2026-09-04,P,1.265,0.000100000,3,12
2026-08-17,GBU,OPT,GBUU6 P12700,2026-09-04,P,1.27,0.000100000,3,242
2026-08-17,GBU,OPT,GBUU6 P12750,2026-09-04,P,1.275,0.000100000,3,112
2026-08-17,GBU,OPT,GBUU6 P12800,2026-09-04,P,1.28,0.000100000,3,144
2026-08-17,GBU,OPT,GBUU6 P12850,2026-09-04,P,1.285,0.000100000,3,642
2026-08-17,GBU,OPT,GBUU6 P12900,2026-09-04,P,1.29,0.000100000,3,398
2026-08-17,GBU,OPT,GBUU6 P12950,2026-09-04,P,1.295,0.000100000,3,48
2026-08-17,GBU,OPT,GBUU6 P13000,2026-09-04,P,1.3,0.000100000,3,443
2026-08-17,GBU,OPT,GBUU6 P13050,2026-09-04,P,1.305,0.000100000,3,76
2026-08-17,GBU,OPT,GBUU6 P13100,2026-09-04,P,1.31,0.000100000,3,102
2026-08-17,GBU,OPT,GBUU6 P13150,2026-09-04,P,1.315,0.000100000,3,1531
2026-08-17,GBU,OPT,GBUU6 P13200,2026-09-04,P,1.32,0.000200000,3,1099
2026-08-17,GBU,OPT,GBUU6 P13250,2026-09-04,P,1.325,0.000400000,3,445
2026-08-17,GBU,OPT,GBUU6 P13275,2026-09-04,P,1.3275,0.000500000,3,
2026-08-17,GBU,OPT,GBUU6 P13300,2026-09-04,P,1.33,0.000600000,3,1246
2026-08-17,GBU,OPT,GBUU6 P13325,2026-09-04,P,1.3325,0.000800000,3,27
2026-08-17,GBU,OPT,GBUU6 P13350,2026-09-04,P,1.335,0.001000000,3,1998
2026-08-17,GBU,OPT,GBUU6 P13375,2026-09-04,P,1.3375,0.001400000,3,508
2026-08-17,GBU,OPT,GBUU6 P13400,2026-09-04,P,1.34,0.001700000,3,3035
2026-08-17,GBU,OPT,GBUU6 P13425,2026-09-04,P,1.3425,0.002200000,3,280
2026-08-17,GBU,OPT,GBUU6 P13450,2026-09-04,P,1.345,0.002800000,3,536
2026-08-17,GBU,OPT,GBUU6 P13475,2026-09-04,P,1.3475,0.003500000,3,141
2026-08-17,GBU,OPT,GBUU6 P13500,2026-09-04,P,1.35,0.004400000,3,74
2026-08-17,GBU,OPT,GBUU6 P13525,2026-09-04,P,1.3525,0.005500000,3,123
2026-08-17,GBU,OPT,GBUU6 P13550,2026-09-04,P,1.355,0.006700000,3,65
2026-08-17,GBU,OPT,GBUU6 P13575,2026-09-04,P,1.3575,0.008100000,3,
2026-08-17,GBU,OPT,GBUU6 P13600,2026-09-04,P,1.36,0.009700000,3,45
2026-08-17,GBU,OPT,GBUU6 P13625,2026-09-04,P,1.3625,0.011400000,3,
2026-08-17,GBU,OPT,GBUU6 P13650,2026-09-04,P,1.365,0.013300000,3,
2026-08-17,GBU,OPT,GBUU6 P13675,2026-09-04,P,1.3675,0.015300000,3,
2026-08-17,GBU,OPT,GBUU6 P13700,2026-09-04,P,1.37,0.017500000,3,8
2026-08-17,GBU,OPT,GBUU6 P13725,2026-09-04,P,1.3725,0.019700000,3,
2026-08-17,GBU,OPT,GBUU6 P13750,2026-09-04,P,1.375,0.021900000,3,
2026-08-17,GBU,OPT,GBUU6 P13800,2026-09-04,P,1.38,0.026600000,3,6
2026-08-17,GBU,OPT,GBUU6 P13850,2026-09-04,P,1.385,0.031400000,3,
2026-08-17,GBU,OPT,GBUU6 P13900,2026-09-04,P,1.39,0.036400000,3,4
2026-08-17,GBU,OPT,GBUU6 P13950,2026-09-04,P,1.395,0.041300000,3,
2026-08-17,GBU,OPT,GBUU6 P14000,2026-09-04,P,1.4,0.046300000,3,1
2026-08-17,GBU,OPT,GBUU6 P14050,2026-09-04,P,1.405,0.051200000,3,1
2026-08-17,GBU,OPT,GBUU6 P14100,2026-09-04,P,1.41,0.056200000,3,
2026-08-17,GBU,OPT,GBUU6 P14150,2026-09-04,P,1.415,0.061100000,3,
2026-08-17,GBU,OPT,GBUU6 P14200,2026-09-04,P,1.42,0.066100000,3,
2026-08-17,GBU,OPT,GBUU6 P14250,2026-09-04,P,1.425,0.071100000,3,
2026-08-17,GBU,OPT,GBUU6 P14300,2026-09-04,P,1.43,0.076100000,3,
2026-08-17,GBU,OPT,GBUU6 P14350,2026-09-04,P,1.435,0.081100000,3,
2026-08-17,GBU,OPT,GBUU6 P14400,2026-09-04,P,1.44,0.086000000,3,
2026-08-17,GBU,OPT,GBUU6 P14450,2026-09-04,P,1.445,0.091000000,3,
2026-08-17,GBU,OPT,GBUU6 P14500,2026-09-04,P,1.45,0.096000000,3,
2026-08-17,GBU,OPT,GBUU6 P14600,2026-09-04,P,1.46,0.106000000,3,1
2026-08-17,GBU,OPT,GBUU6 P14700,2026-09-04,P,1.47,0.116000000,3,1
2026-08-17,GBU,OPT,GBUU6 P14800,2026-09-04,P,1.48,0.126000000,3,
2026-08-17,GBU,OPT,GBUU6 P14900,2026-09-04,P,1.49,0.136000000,3,
2026-08-17,GBU,OPT,GBUU6 P15000,2026-09-04,P,1.5,0.145900000,3,560
2026-08-17,GBU,OPT,GBUU6 P15100,2026-09-04,P,1.51,0.155900000,3,
2026-08-17,GBU,OPT,GBUU6 P15200,2026-09-04,P,1.52,0.165900000,3,
2026-08-17,GBU,OPT,GBUU6 P15300,2026-09-04,P,1.53,0.175900000,3,
2026-08-17,GBU,OPT,GBUU6 P15400,2026-09-04,P,1.54,0.185900000,3,
2026-08-17,GBU,OPT,GBUU6 P15500,2026-09-04,P,1.55,0.195800000,3,
2026-08-17,GBU,OPT,GBUU6 P15600,2026-09-04,P,1.56,0.205800000,3,
2026-08-17,GBU,OPT,GBUU6 P15700,2026-09-04,P,1.57,0.215800000,3,
2026-08-17,GBU,OPT,GBUU6 P15800,2026-09-04,P,1.58,0.225800000,3,
2026-08-17,GBU,OPT,GBUV6 C11000,2026-10-09,C,1.1,0.252400000,3,
2026-08-17,GBU,OPT,GBUV6 C11100,2026-10-09,C,1.11,0.242400000,3,
2026-08-17,GBU,OPT,GBUV6 C11200,2026-10-09,C,1.12,0.232500000,3,
2026-08-17,GBU,OPT,GBUV6 C11300,2026-10-09,C,1.13,0.222500000,3,
2026-08-17,GBU,OPT,GBUV6 C11400,2026-10-09,C,1.14,0.212600000,3,
2026-08-17,GBU,OPT,GBUV6 C11500,2026-10-09,C,1.15,0.202600000,3,
2026-08-17,GBU,OPT,GBUV6 C11600,2026-10-09,C,1.16,0.192700000,3,
2026-08-17,GBU,OPT,GBUV6 C11700,2026-10-09,C,1.17,0.182700000,3,
2026-08-17,GBU,OPT,GBUV6 C11800,2026-10-09,C,1.18,0.172800000,3,
2026-08-17,GBU,OPT,GBUV6 C11900,2026-10-09,C,1.19,0.162800000,3,
2026-08-17,GBU,OPT,GBUV6 C12000,2026-10-09,C,1.2,0.152900000,3,
2026-08-17,GBU,OPT,GBUV6 C12100,2026-10-09,C,1.21,0.142900000,3,
2026-08-17,GBU,OPT,GBUV6 C12200,2026-10-09,C,1.22,0.133000000,3,
2026-08-17,GBU,OPT,GBUV6 C12300,2026-10-09,C,1.23,0.123100000,3,
2026-08-17,GBU,OPT,GBUV6 C12400,2026-10-09,C,1.24,0.113200000,3,1
2026-08-17,GBU,OPT,GBUV6 C12500,2026-10-09,C,1.25,0.103200000,3,1
2026-08-17,GBU,OPT,GBUV6 C12550,2026-10-09,C,1.255,0.098300000,3,
2026-08-17,GBU,OPT,GBUV6 C12600,2026-10-09,C,1.26,0.093400000,3,
2026-08-17,GBU,OPT,GBUV6 C12650,2026-10-09,C,1.265,0.088400000,3,
2026-08-17,GBU,OPT,GBUV6 C12700,2026-10-09,C,1.27,0.083500000,3,
2026-08-17,GBU,OPT,GBUV6 C12750,2026-10-09,C,1.275,0.078500000,3,
2026-08-17,GBU,OPT,GBUV6 C12800,2026-10-09,C,1.28,0.073600000,3,
2026-08-17,GBU,OPT,GBUV6 C12850,2026-10-09,C,1.285,0.068700000,3,
2026-08-17,GBU,OPT,GBUV6 C12900,2026-10-09,C,1.29,0.063900000,3,2
2026-08-17,GBU,OPT,GBUV6 C12950,2026-10-09,C,1.295,0.059000000,3,
2026-08-17,GBU,OPT,GBUV6 C13000,2026-10-09,C,1.3,0.054200000,3,1
2026-08-17,GBU,OPT,GBUV6 C13050,2026-10-09,C,1.305,0.049400000,3,3
2026-08-17,GBU,OPT,GBUV6 C13100,2026-10-09,C,1.31,0.044700000,3,42
2026-08-17,GBU,OPT,GBUV6 C13150,2026-10-09,C,1.315,0.040200000,3,1
2026-08-17,GBU,OPT,GBUV6 C13200,2026-10-09,C,1.32,0.035700000,3,501
2026-08-17,GBU,OPT,GBUV6 C13250,2026-10-09,C,1.325,0.031300000,3,1
2026-08-17,GBU,OPT,GBUV6 C13300,2026-10-09,C,1.33,0.027200000,3,3
2026-08-17,GBU,OPT,GBUV6 C13350,2026-10-09,C,1.335,0.023300000,3,54
2026-08-17,GBU,OPT,GBUV6 C13400,2026-10-09,C,1.34,0.019600000,3,803
2026-08-17,GBU,OPT,GBUV6 C13450,2026-10-09,C,1.345,0.016300000,3,62
2026-08-17,GBU,OPT,GBUV6 C13500,2026-10-09,C,1.35,0.013200000,3,1346
2026-08-17,GBU,OPT,GBUV6 C13550,2026-10-09,C,1.355,0.010600000,3,693
2026-08-17,GBU,OPT,GBUV6 C13600,2026-10-09,C,1.36,0.008300000,3,1799
2026-08-17,GBU,OPT,GBUV6 C13650,2026-10-09,C,1.365,0.006400000,3,1016
2026-08-17,GBU,OPT,GBUV6 C13700,2026-10-09,C,1.37,0.004900000,3,1486
2026-08-17,GBU,OPT,GBUV6 C13750,2026-10-09,C,1.375,0.003700000,3,542
2026-08-17,GBU,OPT,GBUV6 C13800,2026-10-09,C,1.38,0.002700000,3,135
2026-08-17,GBU,OPT,GBUV6 C13850,2026-10-09,C,1.385,0.002000000,3,63
2026-08-17,GBU,OPT,GBUV6 C13900,2026-10-09,C,1.39,0.001500000,3,57
2026-08-17,GBU,OPT,GBUV6 C13950,2026-10-09,C,1.395,0.001100000,3,20
2026-08-17,GBU,OPT,GBUV6 C14000,2026-10-09,C,1.4,0.000800000,3,46
2026-08-17,GBU,OPT,GBUV6 C14050,2026-10-09,C,1.405,0.000600000,3,14
2026-08-17,GBU,OPT,GBUV6 C14100,2026-10-09,C,1.41,0.000500000,3,9
2026-08-17,GBU,OPT,GBUV6 C14150,2026-10-09,C,1.415,0.000400000,3,
2026-08-17,GBU,OPT,GBUV6 C14200,2026-10-09,C,1.42,0.000200000,3,4
2026-08-17,GBU,OPT,GBUV6 C14250,2026-10-09,C,1.425,0.000200000,3,3
2026-08-17,GBU,OPT,GBUV6 C14300,2026-10-09,C,1.43,0.000100000,3,4
2026-08-17,GBU,OPT,GBUV6 C14400,2026-10-09,C,1.44,0.000100000,3,80
2026-08-17,GBU,OPT,GBUV6 C14500,2026-10-09,C,1.45,0.000100000,3,12
2026-08-17,GBU,OPT,GBUV6 C14600,2026-10-09,C,1.46,0.000100000,3,2
2026-08-17,GBU,OPT,GBUV6 C14700,2026-10-09,C,1.47,0.000100000,3,1
2026-08-17,GBU,OPT,GBUV6 C14800,2026-10-09,C,1.48,0.000100000,3,
2026-08-17,GBU,OPT,GBUV6 C14900,2026-10-09,C,1.49,0.000100000,3,15
2026-08-17,GBU,OPT,GBUV6 C15000,2026-10-09,C,1.5,0.000100000,3,36
2026-08-17,GBU,OPT,GBUV6 C15100,2026-10-09,C,1.51,0.000100000,3,
2026-08-17,GBU,OPT,GBUV6 C15200,2026-10-09,C,1.52,0.000100000,3,
2026-08-17,GBU,OPT,GBUV6 C15300,2026-10-09,C,1.53,0.000100000,3,
2026-08-17,GBU,OPT,GBUV6 C15400,2026-10-09,C,1.54,0.000100000,3,
2026-08-17,GBU,OPT,GBUV6 C15500,2026-10-09,C,1.55,0.000100000,3,1
2026-08-17,GBU,OPT,GBUV6 C15600,2026-10-09,C,1.56,0.000100000,3,
2026-08-17,GBU,OPT,GBUV6 C15700,2026-10-09,C,1.57,0.000100000,3,
2026-08-17,GBU,OPT,GBUV6 C15800,2026-10-09,C,1.58,0.000100000,3,
2026-08-17,GBU,OPT,GBUV6 P11000,2026-10-09,P,1.1,0.000100000,3,
2026-08-17,GBU,OPT,GBUV6 P11100,2026-10-09,P,1.11,0.000100000,3,
2026-08-17,GBU,OPT,GBUV6 P11200,2026-10-09,P,1.12,0.000100000,3,15
2026-08-17,GBU,OPT,GBUV6 P11300,2026-10-09,P,1.13,0.000100000,3,1
2026-08-17,GBU,OPT,GBUV6 P11400,2026-10-09,P,1.14,0.000100000,3,27
2026-08-17,GBU,OPT,GBUV6 P11500,2026-10-09,P,1.15,0.000100000,3,17
2026-08-17,GBU,OPT,GBUV6 P11600,2026-10-09,P,1.16,0.000100000,3,15
2026-08-17,GBU,OPT,GBUV6 P11700,2026-10-09,P,1.17,0.000100000,3,15
2026-08-17,GBU,OPT,GBUV6 P11800,2026-10-09,P,1.18,0.000100000,3,15
2026-08-17,GBU,OPT,GBUV6 P11900,2026-10-09,P,1.19,0.000100000,3,15
2026-08-17,GBU,OPT,GBUV6 P12000,2026-10-09,P,1.2,0.000100000,3,16
2026-08-17,GBU,OPT,GBUV6 P12100,2026-10-09,P,1.21,0.000100000,3,
2026-08-17,GBU,OPT,GBUV6 P12200,2026-10-09,P,1.22,0.000100000,3,1
2026-08-17,GBU,OPT,GBUV6 P12300,2026-10-09,P,1.23,0.000100000,3,1
2026-08-17,GBU,OPT,GBUV6 P12400,2026-10-09,P,1.24,0.000100000,3,2
2026-08-17,GBU,OPT,GBUV6 P12500,2026-10-09,P,1.25,0.000100000,3,3
2026-08-17,GBU,OPT,GBUV6 P12550,2026-10-09,P,1.255,0.000100000,3,67
2026-08-17,GBU,OPT,GBUV6 P12600,2026-10-09,P,1.26,0.000200000,3,12
2026-08-17,GBU,OPT,GBUV6 P12650,2026-10-09,P,1.265,0.000200000,3,11
2026-08-17,GBU,OPT,GBUV6 P12700,2026-10-09,P,1.27,0.000200000,3,22
2026-08-17,GBU,OPT,GBUV6 P12750,2026-10-09,P,1.275,0.000300000,3,6
2026-08-17,GBU,OPT,GBUV6 P12800,2026-10-09,P,1.28,0.000300000,3,7
2026-08-17,GBU,OPT,GBUV6 P12850,2026-10-09,P,1.285,0.000400000,3,23
2026-08-17,GBU,OPT,GBUV6 P12900,2026-10-09,P,1.29,0.000500000,3,54
2026-08-17,GBU,OPT,GBUV6 P12950,2026-10-09,P,1.295,0.000600000,3,52
2026-08-17,GBU,OPT,GBUV6 P13000,2026-10-09,P,1.3,0.000800000,3,115
2026-08-17,GBU,OPT,GBUV6 P13050,2026-10-09,P,1.305,0.001000000,3,421
2026-08-17,GBU,OPT,GBUV6 P13100,2026-10-09,P,1.31,0.001300000,3,236
2026-08-17,GBU,OPT,GBUV6 P13150,2026-10-09,P,1.315,0.001700000,3,221
2026-08-17,GBU,OPT,GBUV6 P13200,2026-10-09,P,1.32,0.002200000,3,421
2026-08-17,GBU,OPT,GBUV6 P13250,2026-10-09,P,1.325,0.002800000,3,1351
2026-08-17,GBU,OPT,GBUV6 P13300,2026-10-09,P,1.33,0.003600000,3,1062
2026-08-17,GBU,OPT,GBUV6 P13350,2026-10-09,P,1.335,0.004700000,3,67
2026-08-17,GBU,OPT,GBUV6 P13400,2026-10-09,P,1.34,0.006000000,3,406
2026-08-17,GBU,OPT,GBUV6 P13450,2026-10-09,P,1.345,0.007600000,3,882
2026-08-17,GBU,OPT,GBUV6 P13500,2026-10-09,P,1.35,0.009600000,3,394
2026-08-17,GBU,OPT,GBUV6 P13550,2026-10-09,P,1.355,0.011900000,3,1887
2026-08-17,GBU,OPT,GBUV6 P13600,2026-10-09,P,1.36,0.014600000,3,1821
2026-08-17,GBU,OPT,GBUV6 P13650,2026-10-09,P,1.365,0.017700000,3,
2026-08-17,GBU,OPT,GBUV6 P13700,2026-10-09,P,1.37,0.021100000,3,
2026-08-17,GBU,OPT,GBUV6 P13750,2026-10-09,P,1.375,0.024900000,3,
2026-08-17,GBU,OPT,GBUV6 P13800,2026-10-09,P,1.38,0.028900000,3,
2026-08-17,GBU,OPT,GBUV6 P13850,2026-10-09,P,1.385,0.033100000,3,
2026-08-17,GBU,OPT,GBUV6 P13900,2026-10-09,P,1.39,0.037600000,3,1
2026-08-17,GBU,OPT,GBUV6 P13950,2026-10-09,P,1.395,0.042200000,3,
2026-08-17,GBU,OPT,GBUV6 P14000,2026-10-09,P,1.4,0.046900000,3,
2026-08-17,GBU,OPT,GBUV6 P14050,2026-10-09,P,1.405,0.051700000,3,
2026-08-17,GBU,OPT,GBUV6 P14100,2026-10-09,P,1.41,0.056500000,3,1
2026-08-17,GBU,OPT,GBUV6 P14150,2026-10-09,P,1.415,0.061300000,3,
2026-08-17,GBU,OPT,GBUV6 P14200,2026-10-09,P,1.42,0.066200000,3,
2026-08-17,GBU,OPT,GBUV6 P14250,2026-10-09,P,1.425,0.071100000,3,
2026-08-17,GBU,OPT,GBUV6 P14300,2026-10-09,P,1.43,0.076000000,3,
2026-08-17,GBU,OPT,GBUV6 P14400,2026-10-09,P,1.44,0.085800000,3,
2026-08-17,GBU,OPT,GBUV6 P14500,2026-10-09,P,1.45,0.095800000,3,
2026-08-17,GBU,OPT,GBUV6 P14600,2026-10-09,P,1.46,0.105700000,3,
2026-08-17,GBU,OPT,GBUV6 P14700,2026-10-09,P,1.47,0.115700000,3,
2026-08-17,GBU,OPT,GBUV6 P14800,2026-10-09,P,1.48,0.125600000,3,
2026-08-17,GBU,OPT,GBUV6 P14900,2026-10-09,P,1.49,0.135600000,3,
2026-08-17,GBU,OPT,GBUV6 P15000,2026-10-09,P,1.5,0.145500000,3,
2026-08-17,GBU,OPT,GBUV6 P15100,2026-10-09,P,1.51,0.155500000,3,
2026-08-17,GBU,OPT,GBUV6 P15200,2026-10-09,P,1.52,0.165400000,3,
2026-08-17,GBU,OPT,GBUV6 P15300,2026-10-09,P,1.53,0.175400000,3,
2026-08-17,GBU,OPT,GBUV6 P15400,2026-10-09,P,1.54,0.185300000,3,
2026-08-17,GBU,OPT,GBUV6 P15500,2026-10-09,P,1.55,0.195300000,3,
2026-08-17,GBU,OPT,GBUV6 P15600,2026-10-09,P,1.56,0.205200000,3,
2026-08-17,GBU,OPT,GBUV6 P15700,2026-10-09,P,1.57,0.215200000,3,
2026-08-17,GBU,OPT,GBUV6 P15800,2026-10-09,P,1.58,0.225100000,3,
2026-08-17,GBU,OPT,GBUX6 C11100,2026-11-06,C,1.11,0.241700000,3,
2026-08-17,GBU,OPT,GBUX6 C11200,2026-11-06,C,1.12,0.231800000,3,
2026-08-17,GBU,OPT,GBUX6 C11300,2026-11-06,C,1.13,0.221900000,3,
2026-08-17,GBU,OPT,GBUX6 C11400,2026-11-06,C,1.14,0.212000000,3,
2026-08-17,GBU,OPT,GBUX6 C11500,2026-11-06,C,1.15,0.202100000,3,
2026-08-17,GBU,OPT,GBUX6 C11600,2026-11-06,C,1.16,0.192200000,3,
2026-08-17,GBU,OPT,GBUX6 C11700,2026-11-06,C,1.17,0.182300000,3,
2026-08-17,GBU,OPT,GBUX6 C11800,2026-11-06,C,1.18,0.172400000,3,
2026-08-17,GBU,OPT,GBUX6 C11900,2026-11-06,C,1.19,0.162500000,3,
2026-08-17,GBU,OPT,GBUX6 C12000,2026-11-06,C,1.2,0.152600000,3,
2026-08-17,GBU,OPT,GBUX6 C12100,2026-11-06,C,1.21,0.142800000,3,
2026-08-17,GBU,OPT,GBUX6 C12200,2026-11-06,C,1.22,0.132900000,3,
2026-08-17,GBU,OPT,GBUX6 C12300,2026-11-06,C,1.23,0.123100000,3,
2026-08-17,GBU,OPT,GBUX6 C12400,2026-11-06,C,1.24,0.113200000,3,
2026-08-17,GBU,OPT,GBUX6 C12500,2026-11-06,C,1.25,0.103300000,3,1
2026-08-17,GBU,OPT,GBUX6 C12550,2026-11-06,C,1.255,0.098400000,3,
2026-08-17,GBU,OPT,GBUX6 C12600,2026-11-06,C,1.26,0.093500000,3,
2026-08-17,GBU,OPT,GBUX6 C12650,2026-11-06,C,1.265,0.088600000,3,
2026-08-17,GBU,OPT,GBUX6 C12700,2026-11-06,C,1.27,0.083800000,3,
2026-08-17,GBU,OPT,GBUX6 C12750,2026-11-06,C,1.275,0.079000000,3,
2026-08-17,GBU,OPT,GBUX6 C12800,2026-11-06,C,1.28,0.074200000,3,
2026-08-17,GBU,OPT,GBUX6 C12850,2026-11-06,C,1.285,0.069500000,3,
2026-08-17,GBU,OPT,GBUX6 C12900,2026-11-06,C,1.29,0.064800000,3,
2026-08-17,GBU,OPT,GBUX6 C12950,2026-11-06,C,1.295,0.060100000,3,
2026-08-17,GBU,OPT,GBUX6 C13000,2026-11-06,C,1.3,0.055500000,3,6
2026-08-17,GBU,OPT,GBUX6 C13050,2026-11-06,C,1.305,0.051000000,3,
2026-08-17,GBU,OPT,GBUX6 C13100,2026-11-06,C,1.31,0.046600000,3,
2026-08-17,GBU,OPT,GBUX6 C13150,2026-11-06,C,1.315,0.042300000,3,
2026-08-17,GBU,OPT,GBUX6 C13200,2026-11-06,C,1.32,0.038200000,3,13
2026-08-17,GBU,OPT,GBUX6 C13250,2026-11-06,C,1.325,0.034100000,3,16
2026-08-17,GBU,OPT,GBUX6 C13300,2026-11-06,C,1.33,0.030300000,3,5
2026-08-17,GBU,OPT,GBUX6 C13350,2026-11-06,C,1.335,0.026600000,3,41
2026-08-17,GBU,OPT,GBUX6 C13400,2026-11-06,C,1.34,0.023100000,3,800
2026-08-17,GBU,OPT,GBUX6 C13450,2026-11-06,C,1.345,0.019900000,3,193
2026-08-17,GBU,OPT,GBUX6 C13500,2026-11-06,C,1.35,0.017000000,3,89
2026-08-17,GBU,OPT,GBUX6 C13550,2026-11-06,C,1.355,0.014300000,3,243
2026-08-17,GBU,OPT,GBUX6 C13600,2026-11-06,C,1.36,0.011900000,3,33
2026-08-17,GBU,OPT,GBUX6 C13650,2026-11-06,C,1.365,0.009800000,3,306
2026-08-17,GBU,OPT,GBUX6 C13700,2026-11-06,C,1.37,0.008100000,3,323
2026-08-17,GBU,OPT,GBUX6 C13750,2026-11-06,C,1.375,0.006500000,3,1
2026-08-17,GBU,OPT,GBUX6 C13800,2026-11-06,C,1.38,0.005300000,3,14
2026-08-17,GBU,OPT,GBUX6 C13850,2026-11-06,C,1.385,0.004200000,3,5
2026-08-17,GBU,OPT,GBUX6 C13900,2026-11-06,C,1.39,0.003400000,3,9
2026-08-17,GBU,OPT,GBUX6 C13950,2026-11-06,C,1.395,0.002700000,3,1
2026-08-17,GBU,OPT,GBUX6 C14000,2026-11-06,C,1.4,0.002100000,3,24
2026-08-17,GBU,OPT,GBUX6 C14050,2026-11-06,C,1.405,0.001700000,3,
2026-08-17,GBU,OPT,GBUX6 C14100,2026-11-06,C,1.41,0.001300000,3,15
2026-08-17,GBU,OPT,GBUX6 C14150,2026-11-06,C,1.415,0.001000000,3,23
2026-08-17,GBU,OPT,GBUX6 C14200,2026-11-06,C,1.42,0.000800000,3,20
2026-08-17,GBU,OPT,GBUX6 C14250,2026-11-06,C,1.425,0.000700000,3,16
2026-08-17,GBU,OPT,GBUX6 C14300,2026-11-06,C,1.43,0.000500000,3,1518
2026-08-17,GBU,OPT,GBUX6 C14400,2026-11-06,C,1.44,0.000400000,3,1
2026-08-17,GBU,OPT,GBUX6 C14500,2026-11-06,C,1.45,0.000200000,3,16
2026-08-17,GBU,OPT,GBUX6 C14600,2026-11-06,C,1.46,0.000100000,3,16
2026-08-17,GBU,OPT,GBUX6 C14700,2026-11-06,C,1.47,0.000100000,3,17
2026-08-17,GBU,OPT,GBUX6 C14800,2026-11-06,C,1.48,0.000100000,3,18
2026-08-17,GBU,OPT,GBUX6 C14900,2026-11-06,C,1.49,0.000100000,3,18
2026-08-17,GBU,OPT,GBUX6 C15000,2026-11-06,C,1.5,0.000100000,3,19
2026-08-17,GBU,OPT,GBUX6 C15100,2026-11-06,C,1.51,0.000100000,3,15
2026-08-17,GBU,OPT,GBUX6 C15200,2026-11-06,C,1.52,0.000100000,3,
2026-08-17,GBU,OPT,GBUX6 C15300,2026-11-06,C,1.53,0.000100000,3,
2026-08-17,GBU,OPT,GBUX6 C15400,2026-11-06,C,1.54,0.000100000,3,
2026-08-17,GBU,OPT,GBUX6 C15500,2026-11-06,C,1.55,0.000100000,3,
2026-08-17,GBU,OPT,GBUX6 C15600,2026-11-06,C,1.56,0.000100000,3,
2026-08-17,GBU,OPT,GBUX6 C15700,2026-11-06,C,1.57,0.000100000,3,
2026-08-17,GBU,OPT,GBUX6 C15800,2026-11-06,C,1.58,0.000100000,3,
2026-08-17,GBU,OPT,GBUX6 P11100,2026-11-06,P,1.11,0.000100000,3,
2026-08-17,GBU,OPT,GBUX6 P11200,2026-11-06,P,1.12,0.000100000,3,
2026-08-17,GBU,OPT,GBUX6 P11300,2026-11-06,P,1.13,0.000100000,3,1
2026-08-17,GBU,OPT,GBUX6 P11400,2026-11-06,P,1.14,0.000100000,3,1
2026-08-17,GBU,OPT,GBUX6 P11500,2026-11-06,P,1.15,0.000100000,3,
2026-08-17,GBU,OPT,GBUX6 P11600,2026-11-06,P,1.16,0.000100000,3,
2026-08-17,GBU,OPT,GBUX6 P11700,2026-11-06,P,1.17,0.000100000,3,
2026-08-17,GBU,OPT,GBUX6 P11800,2026-11-06,P,1.18,0.000100000,3,15
2026-08-17,GBU,OPT,GBUX6 P11900,2026-11-06,P,1.19,0.000100000,3,15
2026-08-17,GBU,OPT,GBUX6 P12000,2026-11-06,P,1.2,0.000200000,3,16
2026-08-17,GBU,OPT,GBUX6 P12100,2026-11-06,P,1.21,0.000200000,3,18
2026-08-17,GBU,OPT,GBUX6 P12200,2026-11-06,P,1.22,0.000300000,3,16
2026-08-17,GBU,OPT,GBUX6 P12300,2026-11-06,P,1.23,0.000400000,3,4
2026-08-17,GBU,OPT,GBUX6 P12400,2026-11-06,P,1.24,0.000400000,3,7
2026-08-17,GBU,OPT,GBUX6 P12500,2026-11-06,P,1.25,0.000500000,3,2
2026-08-17,GBU,OPT,GBUX6 P12550,2026-11-06,P,1.255,0.000500000,3,3
2026-08-17,GBU,OPT,GBUX6 P12600,2026-11-06,P,1.26,0.000600000,3,7
2026-08-17,GBU,OPT,GBUX6 P12650,2026-11-06,P,1.265,0.000600000,3,
2026-08-17,GBU,OPT,GBUX6 P12700,2026-11-06,P,1.27,0.000800000,3,9
2026-08-17,GBU,OPT,GBUX6 P12750,2026-11-06,P,1.275,0.000900000,3,8
2026-08-17,GBU,OPT,GBUX6 P12800,2026-11-06,P,1.28,0.001100000,3,22
2026-08-17,GBU,OPT,GBUX6 P12850,2026-11-06,P,1.285,0.001300000,3,23
2026-08-17,GBU,OPT,GBUX6 P12900,2026-11-06,P,1.29,0.001600000,3,2
2026-08-17,GBU,OPT,GBUX6 P12950,2026-11-06,P,1.295,0.001900000,3,650
2026-08-17,GBU,OPT,GBUX6 P13000,2026-11-06,P,1.3,0.002300000,3,23
2026-08-17,GBU,OPT,GBUX6 P13050,2026-11-06,P,1.305,0.002700000,3,7
2026-08-17,GBU,OPT,GBUX6 P13100,2026-11-06,P,1.31,0.003300000,3,17
2026-08-17,GBU,OPT,GBUX6 P13150,2026-11-06,P,1.315,0.004000000,3,4
2026-08-17,GBU,OPT,GBUX6 P13200,2026-11-06,P,1.32,0.004700000,3,22
2026-08-17,GBU,OPT,GBUX6 P13250,2026-11-06,P,1.325,0.005700000,3,49
2026-08-17,GBU,OPT,GBUX6 P13300,2026-11-06,P,1.33,0.006800000,3,6
2026-08-17,GBU,OPT,GBUX6 P13350,2026-11-06,P,1.335,0.008100000,3,43
2026-08-17,GBU,OPT,GBUX6 P13400,2026-11-06,P,1.34,0.009600000,3,5
2026-08-17,GBU,OPT,GBUX6 P13450,2026-11-06,P,1.345,0.011300000,3,1
2026-08-17,GBU,OPT,GBUX6 P13500,2026-11-06,P,1.35,0.013300000,3,74
2026-08-17,GBU,OPT,GBUX6 P13550,2026-11-06,P,1.355,0.015600000,3,
2026-08-17,GBU,OPT,GBUX6 P13600,2026-11-06,P,1.36,0.018200000,3,152
2026-08-17,GBU,OPT,GBUX6 P13650,2026-11-06,P,1.365,0.021100000,3,422
2026-08-17,GBU,OPT,GBUX6 P13700,2026-11-06,P,1.37,0.024200000,3,66
2026-08-17,GBU,OPT,GBUX6 P13750,2026-11-06,P,1.375,0.027700000,3,
2026-08-17,GBU,OPT,GBUX6 P13800,2026-11-06,P,1.38,0.031400000,3,
2026-08-17,GBU,OPT,GBUX6 P13850,2026-11-06,P,1.385,0.035300000,3,
2026-08-17,GBU,OPT,GBUX6 P13900,2026-11-06,P,1.39,0.039400000,3,
2026-08-17,GBU,OPT,GBUX6 P13950,2026-11-06,P,1.395,0.043600000,3,
2026-08-17,GBU,OPT,GBUX6 P14000,2026-11-06,P,1.4,0.048000000,3,
2026-08-17,GBU,OPT,GBUX6 P14050,2026-11-06,P,1.405,0.052500000,3,
2026-08-17,GBU,OPT,GBUX6 P14100,2026-11-06,P,1.41,0.057100000,3,
2026-08-17,GBU,OPT,GBUX6 P14150,2026-11-06,P,1.415,0.061800000,3,
2026-08-17,GBU,OPT,GBUX6 P14200,2026-11-06,P,1.42,0.066600000,3,1
2026-08-17,GBU,OPT,GBUX6 P14250,2026-11-06,P,1.425,0.071400000,3,
2026-08-17,GBU,OPT,GBUX6 P14300,2026-11-06,P,1.43,0.076200000,3,
2026-08-17,GBU,OPT,GBUX6 P14400,2026-11-06,P,1.44,0.086000000,3,1
2026-08-17,GBU,OPT,GBUX6 P14500,2026-11-06,P,1.45,0.095800000,3,
2026-08-17,GBU,OPT,GBUX6 P14600,2026-11-06,P,1.46,0.105600000,3,
2026-08-17,GBU,OPT,GBUX6 P14700,2026-11-06,P,1.47,0.115400000,3,
2026-08-17,GBU,OPT,GBUX6 P14800,2026-11-06,P,1.48,0.125300000,3,
2026-08-17,GBU,OPT,GBUX6 P14900,2026-11-06,P,1.49,0.135200000,3,
2026-08-17,GBU,OPT,GBUX6 P15000,2026-11-06,P,1.5,0.145100000,3,
2026-08-17,GBU,OPT,GBUX6 P15100,2026-11-06,P,1.51,0.155000000,3,
2026-08-17,GBU,OPT,GBUX6 P15200,2026-11-06,P,1.52,0.164900000,3,
2026-08-17,GBU,OPT,GBUX6 P15300,2026-11-06,P,1.53,0.174900000,3,
2026-08-17,GBU,OPT,GBUX6 P15400,2026-11-06,P,1.54,0.184800000,3,
2026-08-17,GBU,OPT,GBUX6 P15500,2026-11-06,P,1.55,0.194700000,3,
2026-08-17,GBU,OPT,GBUX6 P15600,2026-11-06,P,1.56,0.204600000,3,
2026-08-17,GBU,OPT,GBUX6 P15700,2026-11-06,P,1.57,0.214500000,3,
2026-08-17,GBU,OPT,GBUX6 P15800,2026-11-06,P,1.58,0.224500000,3,
2026-08-17,GBU,OPT,GBUZ6 C10200,2026-12-04,C,1.02,0.330000000,3,
2026-08-17,GBU,OPT,GBUZ6 C10300,2026-12-04,C,1.03,0.320100000,3,
2026-08-17,GBU,OPT,GBUZ6 C10400,2026-12-04,C,1.04,0.310200000,3,
2026-08-17,GBU,OPT,GBUZ6 C10500,2026-12-04,C,1.05,0.300300000,3,
2026-08-17,GBU,OPT,GBUZ6 C10600,2026-12-04,C,1.06,0.290500000,3,
2026-08-17,GBU,OPT,GBUZ6 C10700,2026-12-04,C,1.07,0.280600000,3,
2026-08-17,GBU,OPT,GBUZ6 C10800,2026-12-04,C,1.08,0.270700000,3,
2026-08-17,GBU,OPT,GBUZ6 C10900,2026-12-04,C,1.09,0.260800000,3,
2026-08-17,GBU,OPT,GBUZ6 C11000,2026-12-04,C,1.1,0.251000000,3,
2026-08-17,GBU,OPT,GBUZ6 C11100,2026-12-04,C,1.11,0.241100000,3,
2026-08-17,GBU,OPT,GBUZ6 C11200,2026-12-04,C,1.12,0.231200000,3,
2026-08-17,GBU,OPT,GBUZ6 C11300,2026-12-04,C,1.13,0.221300000,3,
2026-08-17,GBU,OPT,GBUZ6 C11400,2026-12-04,C,1.14,0.211500000,3,
2026-08-17,GBU,OPT,GBUZ6 C11500,2026-12-04,C,1.15,0.201600000,3,
2026-08-17,GBU,OPT,GBUZ6 C11600,2026-12-04,C,1.16,0.191800000,3,
2026-08-17,GBU,OPT,GBUZ6 C11650,2026-12-04,C,1.165,0.186800000,3,
2026-08-17,GBU,OPT,GBUZ6 C11700,2026-12-04,C,1.17,0.181900000,3,
2026-08-17,GBU,OPT,GBUZ6 C11750,2026-12-04,C,1.175,0.177000000,3,
2026-08-17,GBU,OPT,GBUZ6 C11800,2026-12-04,C,1.18,0.172100000,3,
2026-08-17,GBU,OPT,GBUZ6 C11850,2026-12-04,C,1.185,0.167100000,3,
2026-08-17,GBU,OPT,GBUZ6 C11900,2026-12-04,C,1.19,0.162200000,3,
2026-08-17,GBU,OPT,GBUZ6 C11950,2026-12-04,C,1.195,0.157300000,3,
2026-08-17,GBU,OPT,GBUZ6 C12000,2026-12-04,C,1.2,0.152400000,3,
2026-08-17,GBU,OPT,GBUZ6 C12050,2026-12-04,C,1.205,0.147400000,3,
2026-08-17,GBU,OPT,GBUZ6 C12100,2026-12-04,C,1.21,0.142500000,3,
2026-08-17,GBU,OPT,GBUZ6 C12150,2026-12-04,C,1.215,0.137600000,3,
2026-08-17,GBU,OPT,GBUZ6 C12200,2026-12-04,C,1.22,0.132700000,3,
2026-08-17,GBU,OPT,GBUZ6 C12250,2026-12-04,C,1.225,0.127800000,3,
2026-08-17,GBU,OPT,GBUZ6 C12300,2026-12-04,C,1.23,0.122900000,3,
2026-08-17,GBU,OPT,GBUZ6 C12350,2026-12-04,C,1.235,0.118000000,3,
2026-08-17,GBU,OPT,GBUZ6 C12400,2026-12-04,C,1.24,0.113200000,3,1
2026-08-17,GBU,OPT,GBUZ6 C12450,2026-12-04,C,1.245,0.108300000,3,
2026-08-17,GBU,OPT,GBUZ6 C12500,2026-12-04,C,1.25,0.103500000,3,
2026-08-17,GBU,OPT,GBUZ6 C12550,2026-12-04,C,1.255,0.098600000,3,
2026-08-17,GBU,OPT,GBUZ6 C12600,2026-12-04,C,1.26,0.093800000,3,
2026-08-17,GBU,OPT,GBUZ6 C12650,2026-12-04,C,1.265,0.089000000,3,
2026-08-17,GBU,OPT,GBUZ6 C12700,2026-12-04,C,1.27,0.084300000,3,31
2026-08-17,GBU,OPT,GBUZ6 C12750,2026-12-04,C,1.275,0.079600000,3,
2026-08-17,GBU,OPT,GBUZ6 C12800,2026-12-04,C,1.28,0.074900000,3,
2026-08-17,GBU,OPT,GBUZ6 C12850,2026-12-04,C,1.285,0.070300000,3,
2026-08-17,GBU,OPT,GBUZ6 C12900,2026-12-04,C,1.29,0.065800000,3,6
2026-08-17,GBU,OPT,GBUZ6 C12950,2026-12-04,C,1.295,0.061300000,3,
2026-08-17,GBU,OPT,GBUZ6 C13000,2026-12-04,C,1.3,0.056800000,3,
2026-08-17,GBU,OPT,GBUZ6 C13050,2026-12-04,C,1.305,0.052500000,3,
2026-08-17,GBU,OPT,GBUZ6 C13100,2026-12-04,C,1.31,0.048300000,3,
2026-08-17,GBU,OPT,GBUZ6 C13150,2026-12-04,C,1.315,0.044200000,3,
2026-08-17,GBU,OPT,GBUZ6 C13200,2026-12-04,C,1.32,0.040100000,3,9
2026-08-17,GBU,OPT,GBUZ6 C13250,2026-12-04,C,1.325,0.036300000,3,16
2026-08-17,GBU,OPT,GBUZ6 C13300,2026-12-04,C,1.33,0.032600000,3,
2026-08-17,GBU,OPT,GBUZ6 C13350,2026-12-04,C,1.335,0.029000000,3,84
2026-08-17,GBU,OPT,GBUZ6 C13400,2026-12-04,C,1.34,0.025700000,3,43
2026-08-17,GBU,OPT,GBUZ6 C13450,2026-12-04,C,1.345,0.022600000,3,90
2026-08-17,GBU,OPT,GBUZ6 C13500,2026-12-04,C,1.35,0.019700000,3,37
2026-08-17,GBU,OPT,GBUZ6 C13550,2026-12-04,C,1.355,0.017000000,3,191
2026-08-17,GBU,OPT,GBUZ6 C13600,2026-12-04,C,1.36,0.014600000,3,452
2026-08-17,GBU,OPT,GBUZ6 C13650,2026-12-04,C,1.365,0.012400000,3,1082
2026-08-17,GBU,OPT,GBUZ6 C13700,2026-12-04,C,1.37,0.010500000,3,88
2026-08-17,GBU,OPT,GBUZ6 C13750,2026-12-04,C,1.375,0.008900000,3,714
2026-08-17,GBU,OPT,GBUZ6 C13800,2026-12-04,C,1.38,0.007400000,3,155
2026-08-17,GBU,OPT,GBUZ6 C13850,2026-12-04,C,1.385,0.006200000,3,124
2026-08-17,GBU,OPT,GBUZ6 C13900,2026-12-04,C,1.39,0.005100000,3,249
2026-08-17,GBU,OPT,GBUZ6 C13950,2026-12-04,C,1.395,0.004200000,3,318
2026-08-17,GBU,OPT,GBUZ6 C14000,2026-12-04,C,1.4,0.003500000,3,308
2026-08-17,GBU,OPT,GBUZ6 C14050,2026-12-04,C,1.405,0.002900000,3,240
2026-08-17,GBU,OPT,GBUZ6 C14100,2026-12-04,C,1.41,0.002400000,3,594
2026-08-17,GBU,OPT,GBUZ6 C14150,2026-12-04,C,1.415,0.001900000,3,296
2026-08-17,GBU,OPT,GBUZ6 C14200,2026-12-04,C,1.42,0.001600000,3,303
2026-08-17,GBU,OPT,GBUZ6 C14250,2026-12-04,C,1.425,0.001300000,3,145
2026-08-17,GBU,OPT,GBUZ6 C14300,2026-12-04,C,1.43,0.001100000,3,100
2026-08-17,GBU,OPT,GBUZ6 C14400,2026-12-04,C,1.44,0.000800000,3,16
2026-08-17,GBU,OPT,GBUZ6 C14500,2026-12-04,C,1.45,0.000600000,3,3
2026-08-17,GBU,OPT,GBUZ6 C14600,2026-12-04,C,1.46,0.000500000,3,
2026-08-17,GBU,OPT,GBUZ6 C14700,2026-12-04,C,1.47,0.000400000,3,
2026-08-17,GBU,OPT,GBUZ6 C14800,2026-12-04,C,1.48,0.000300000,3,40
2026-08-17,GBU,OPT,GBUZ6 C14900,2026-12-04,C,1.49,0.000300000,3,
2026-08-17,GBU,OPT,GBUZ6 C15000,2026-12-04,C,1.5,0.000300000,3,1
2026-08-17,GBU,OPT,GBUZ6 C15100,2026-12-04,C,1.51,0.000200000,3,2
2026-08-17,GBU,OPT,GBUZ6 C15200,2026-12-04,C,1.52,0.000200000,3,
2026-08-17,GBU,OPT,GBUZ6 C15300,2026-12-04,C,1.53,0.000200000,3,
2026-08-17,GBU,OPT,GBUZ6 C15400,2026-12-04,C,1.54,0.000200000,3,1
2026-08-17,GBU,OPT,GBUZ6 C15500,2026-12-04,C,1.55,0.000200000,3,
2026-08-17,GBU,OPT,GBUZ6 C15600,2026-12-04,C,1.56,0.000100000,3,
2026-08-17,GBU,OPT,GBUZ6 C15700,2026-12-04,C,1.57,0.000100000,3,10
2026-08-17,GBU,OPT,GBUZ6 C15800,2026-12-04,C,1.58,0.000100000,3,
2026-08-17,GBU,OPT,GBUZ6 P10200,2026-12-04,P,1.02,0.000100000,3,3
2026-08-17,GBU,OPT,GBUZ6 P10300,2026-12-04,P,1.03,0.000100000,3,
2026-08-17,GBU,OPT,GBUZ6 P10400,2026-12-04,P,1.04,0.000100000,3,
2026-08-17,GBU,OPT,GBUZ6 P10500,2026-12-04,P,1.05,0.000100000,3,
2026-08-17,GBU,OPT,GBUZ6 P10600,2026-12-04,P,1.06,0.000100000,3,
2026-08-17,GBU,OPT,GBUZ6 P10700,2026-12-04,P,1.07,0.000100000,3,1
2026-08-17,GBU,OPT,GBUZ6 P10800,2026-12-04,P,1.08,0.000100000,3,
2026-08-17,GBU,OPT,GBUZ6 P10900,2026-12-04,P,1.09,0.000100000,3,
2026-08-17,GBU,OPT,GBUZ6 P11000,2026-12-04,P,1.1,0.000100000,3,1
2026-08-17,GBU,OPT,GBUZ6 P11100,2026-12-04,P,1.11,0.000100000,3,1
2026-08-17,GBU,OPT,GBUZ6 P11200,2026-12-04,P,1.12,0.000100000,3,1
2026-08-17,GBU,OPT,GBUZ6 P11300,2026-12-04,P,1.13,0.000100000,3,1
2026-08-17,GBU,OPT,GBUZ6 P11400,2026-12-04,P,1.14,0.000100000,3,
2026-08-17,GBU,OPT,GBUZ6 P11500,2026-12-04,P,1.15,0.000200000,3,41
2026-08-17,GBU,OPT,GBUZ6 P11600,2026-12-04,P,1.16,0.000200000,3,
2026-08-17,GBU,OPT,GBUZ6 P11650,2026-12-04,P,1.165,0.000200000,3,
2026-08-17,GBU,OPT,GBUZ6 P11700,2026-12-04,P,1.17,0.000200000,3,
2026-08-17,GBU,OPT,GBUZ6 P11750,2026-12-04,P,1.175,0.000200000,3,
2026-08-17,GBU,OPT,GBUZ6 P11800,2026-12-04,P,1.18,0.000300000,3,
2026-08-17,GBU,OPT,GBUZ6 P11850,2026-12-04,P,1.185,0.000300000,3,
2026-08-17,GBU,OPT,GBUZ6 P11900,2026-12-04,P,1.19,0.000300000,3,
2026-08-17,GBU,OPT,GBUZ6 P11950,2026-12-04,P,1.195,0.000300000,3,
2026-08-17,GBU,OPT,GBUZ6 P12000,2026-12-04,P,1.2,0.000400000,3,12
2026-08-17,GBU,OPT,GBUZ6 P12050,2026-12-04,P,1.205,0.000400000,3,
2026-08-17,GBU,OPT,GBUZ6 P12100,2026-12-04,P,1.21,0.000400000,3,16
2026-08-17,GBU,OPT,GBUZ6 P12150,2026-12-04,P,1.215,0.000400000,3,2
2026-08-17,GBU,OPT,GBUZ6 P12200,2026-12-04,P,1.22,0.000500000,3,19
2026-08-17,GBU,OPT,GBUZ6 P12250,2026-12-04,P,1.225,0.000500000,3,1
2026-08-17,GBU,OPT,GBUZ6 P12300,2026-12-04,P,1.23,0.000600000,3,19
2026-08-17,GBU,OPT,GBUZ6 P12350,2026-12-04,P,1.235,0.000600000,3,19
2026-08-17,GBU,OPT,GBUZ6 P12400,2026-12-04,P,1.24,0.000700000,3,18
2026-08-17,GBU,OPT,GBUZ6 P12450,2026-12-04,P,1.245,0.000800000,3,16
2026-08-17,GBU,OPT,GBUZ6 P12500,2026-12-04,P,1.25,0.000900000,3,114
2026-08-17,GBU,OPT,GBUZ6 P12550,2026-12-04,P,1.255,0.001000000,3,21
2026-08-17,GBU,OPT,GBUZ6 P12600,2026-12-04,P,1.26,0.001200000,3,5
2026-08-17,GBU,OPT,GBUZ6 P12650,2026-12-04,P,1.265,0.001300000,3,2
2026-08-17,GBU,OPT,GBUZ6 P12700,2026-12-04,P,1.27,0.001500000,3,37
2026-08-17,GBU,OPT,GBUZ6 P12750,2026-12-04,P,1.275,0.001800000,3,4
2026-08-17,GBU,OPT,GBUZ6 P12800,2026-12-04,P,1.28,0.002000000,3,252
2026-08-17,GBU,OPT,GBUZ6 P12850,2026-12-04,P,1.285,0.002400000,3,124
2026-08-17,GBU,OPT,GBUZ6 P12900,2026-12-04,P,1.29,0.002800000,3,112
2026-08-17,GBU,OPT,GBUZ6 P12950,2026-12-04,P,1.295,0.003200000,3,1
2026-08-17,GBU,OPT,GBUZ6 P13000,2026-12-04,P,1.3,0.003700000,3,99
2026-08-17,GBU,OPT,GBUZ6 P13050,2026-12-04,P,1.305,0.004300000,3,91
2026-08-17,GBU,OPT,GBUZ6 P13100,2026-12-04,P,1.31,0.005100000,3,95
2026-08-17,GBU,OPT,GBUZ6 P13150,2026-12-04,P,1.315,0.005900000,3,63
2026-08-17,GBU,OPT,GBUZ6 P13200,2026-12-04,P,1.32,0.006800000,3,548
2026-08-17,GBU,OPT,GBUZ6 P13250,2026-12-04,P,1.325,0.007900000,3,35
2026-08-17,GBU,OPT,GBUZ6 P13300,2026-12-04,P,1.33,0.009100000,3,412
2026-08-17,GBU,OPT,GBUZ6 P13350,2026-12-04,P,1.335,0.010500000,3,62
2026-08-17,GBU,OPT,GBUZ6 P13400,2026-12-04,P,1.34,0.012100000,3,120
2026-08-17,GBU,OPT,GBUZ6 P13450,2026-12-04,P,1.345,0.014000000,3,112
2026-08-17,GBU,OPT,GBUZ6 P13500,2026-12-04,P,1.35,0.016000000,3,26
2026-08-17,GBU,OPT,GBUZ6 P13550,2026-12-04,P,1.355,0.018300000,3,30
2026-08-17,GBU,OPT,GBUZ6 P13600,2026-12-04,P,1.36,0.020800000,3,33
2026-08-17,GBU,OPT,GBUZ6 P13650,2026-12-04,P,1.365,0.023600000,3,
2026-08-17,GBU,OPT,GBUZ6 P13700,2026-12-04,P,1.37,0.026700000,3,191
2026-08-17,GBU,OPT,GBUZ6 P13750,2026-12-04,P,1.375,0.029900000,3,
2026-08-17,GBU,OPT,GBUZ6 P13800,2026-12-04,P,1.38,0.033400000,3,3
2026-08-17,GBU,OPT,GBUZ6 P13850,2026-12-04,P,1.385,0.037100000,3,
2026-08-17,GBU,OPT,GBUZ6 P13900,2026-12-04,P,1.39,0.041000000,3,
2026-08-17,GBU,OPT,GBUZ6 P13950,2026-12-04,P,1.395,0.045100000,3,
2026-08-17,GBU,OPT,GBUZ6 P14000,2026-12-04,P,1.4,0.049300000,3,3
2026-08-17,GBU,OPT,GBUZ6 P14050,2026-12-04,P,1.405,0.053600000,3,1
2026-08-17,GBU,OPT,GBUZ6 P14100,2026-12-04,P,1.41,0.058000000,3,2
2026-08-17,GBU,OPT,GBUZ6 P14150,2026-12-04,P,1.415,0.062600000,3,
2026-08-17,GBU,OPT,GBUZ6 P14200,2026-12-04,P,1.42,0.067200000,3,
2026-08-17,GBU,OPT,GBUZ6 P14250,2026-12-04,P,1.425,0.071900000,3,
2026-08-17,GBU,OPT,GBUZ6 P14300,2026-12-04,P,1.43,0.076600000,3,1
2026-08-17,GBU,OPT,GBUZ6 P14400,2026-12-04,P,1.44,0.086200000,3,
2026-08-17,GBU,OPT,GBUZ6 P14500,2026-12-04,P,1.45,0.095800000,3,
2026-08-17,GBU,OPT,GBUZ6 P14600,2026-12-04,P,1.46,0.105600000,3,
2026-08-17,GBU,OPT,GBUZ6 P14700,2026-12-04,P,1.47,0.115400000,3,
2026-08-17,GBU,OPT,GBUZ6 P14800,2026-12-04,P,1.48,0.125200000,3,
2026-08-17,GBU,OPT,GBUZ6 P14900,2026-12-04,P,1.49,0.135100000,3,
2026-08-17,GBU,OPT,GBUZ6 P15000,2026-12-04,P,1.5,0.144900000,3,641
2026-08-17,GBU,OPT,GBUZ6 P15100,2026-12-04,P,1.51,0.154800000,3,
2026-08-17,GBU,OPT,GBUZ6 P15200,2026-12-04,P,1.52,0.164700000,3,
2026-08-17,GBU,OPT,GBUZ6 P15300,2026-12-04,P,1.53,0.174600000,3,
2026-08-17,GBU,OPT,GBUZ6 P15400,2026-12-04,P,1.54,0.184400000,3,
2026-08-17,GBU,OPT,GBUZ6 P15500,2026-12-04,P,1.55,0.194300000,3,
2026-08-17,GBU,OPT,GBUZ6 P15600,2026-12-04,P,1.56,0.204200000,3,
2026-08-17,GBU,OPT,GBUZ6 P15700,2026-12-04,P,1.57,0.214000000,3,
2026-08-17,GBU,OPT,GBUZ6 P15800,2026-12-04,P,1.58,0.223900000,3,
2026-08-17,GBU,OPT,GBUF7 C11200,2027-01-08,C,1.12,0.230000000,3,
2026-08-17,GBU,OPT,GBUF7 C11300,2027-01-08,C,1.13,0.220100000,3,
2026-08-17,GBU,OPT,GBUF7 C11400,2027-01-08,C,1.14,0.210300000,3,
2026-08-17,GBU,OPT,GBUF7 C11500,2027-01-08,C,1.15,0.200500000,3,
2026-08-17,GBU,OPT,GBUF7 C11600,2027-01-08,C,1.16,0.190700000,3,
2026-08-17,GBU,OPT,GBUF7 C11700,2027-01-08,C,1.17,0.180900000,3,
2026-08-17,GBU,OPT,GBUF7 C11800,2027-01-08,C,1.18,0.171100000,3,
2026-08-17,GBU,OPT,GBUF7 C11900,2027-01-08,C,1.19,0.161400000,3,
2026-08-17,GBU,OPT,GBUF7 C12000,2027-01-08,C,1.2,0.151600000,3,
2026-08-17,GBU,OPT,GBUF7 C12100,2027-01-08,C,1.21,0.141900000,3,
2026-08-17,GBU,OPT,GBUF7 C12200,2027-01-08,C,1.22,0.132200000,3,
2026-08-17,GBU,OPT,GBUF7 C12300,2027-01-08,C,1.23,0.122500000,3,
2026-08-17,GBU,OPT,GBUF7 C12400,2027-01-08,C,1.24,0.112900000,3,
2026-08-17,GBU,OPT,GBUF7 C12500,2027-01-08,C,1.25,0.103400000,3,
2026-08-17,GBU,OPT,GBUF7 C12600,2027-01-08,C,1.26,0.094000000,3,
2026-08-17,GBU,OPT,GBUF7 C12650,2027-01-08,C,1.265,0.089300000,3,
2026-08-17,GBU,OPT,GBUF7 C12700,2027-01-08,C,1.27,0.084700000,3,
2026-08-17,GBU,OPT,GBUF7 C12750,2027-01-08,C,1.275,0.080100000,3,
2026-08-17,GBU,OPT,GBUF7 C12800,2027-01-08,C,1.28,0.075600000,3,
2026-08-17,GBU,OPT,GBUF7 C12850,2027-01-08,C,1.285,0.071100000,3,
2026-08-17,GBU,OPT,GBUF7 C12900,2027-01-08,C,1.29,0.066700000,3,
2026-08-17,GBU,OPT,GBUF7 C12950,2027-01-08,C,1.295,0.062400000,3,
2026-08-17,GBU,OPT,GBUF7 C13000,2027-01-08,C,1.3,0.058100000,3,
2026-08-17,GBU,OPT,GBUF7 C13050,2027-01-08,C,1.305,0.053900000,3,
2026-08-17,GBU,OPT,GBUF7 C13100,2027-01-08,C,1.31,0.049800000,3,
2026-08-17,GBU,OPT,GBUF7 C13150,2027-01-08,C,1.315,0.045900000,3,
2026-08-17,GBU,OPT,GBUF7 C13200,2027-01-08,C,1.32,0.042000000,3,13
2026-08-17,GBU,OPT,GBUF7 C13250,2027-01-08,C,1.325,0.038300000,3,42
2026-08-17,GBU,OPT,GBUF7 C13300,2027-01-08,C,1.33,0.034800000,3,17
2026-08-17,GBU,OPT,GBUF7 C13350,2027-01-08,C,1.335,0.031400000,3,
2026-08-17,GBU,OPT,GBUF7 C13400,2027-01-08,C,1.34,0.028200000,3,12
2026-08-17,GBU,OPT,GBUF7 C13450,2027-01-08,C,1.345,0.025100000,3,800
2026-08-17,GBU,OPT,GBUF7 C13500,2027-01-08,C,1.35,0.022300000,3,45
2026-08-17,GBU,OPT,GBUF7 C13550,2027-01-08,C,1.355,0.019700000,3,
2026-08-17,GBU,OPT,GBUF7 C13600,2027-01-08,C,1.36,0.017300000,3,400
2026-08-17,GBU,OPT,GBUF7 C13650,2027-01-08,C,1.365,0.015100000,3,
2026-08-17,GBU,OPT,GBUF7 C13700,2027-01-08,C,1.37,0.013100000,3,1
2026-08-17,GBU,OPT,GBUF7 C13750,2027-01-08,C,1.375,0.011300000,3,
2026-08-17,GBU,OPT,GBUF7 C13800,2027-01-08,C,1.38,0.009700000,3,3
2026-08-17,GBU,OPT,GBUF7 C13850,2027-01-08,C,1.385,0.008400000,3,
2026-08-17,GBU,OPT,GBUF7 C13900,2027-01-08,C,1.39,0.007100000,3,2
2026-08-17,GBU,OPT,GBUF7 C13950,2027-01-08,C,1.395,0.006100000,3,1
2026-08-17,GBU,OPT,GBUF7 C14000,2027-01-08,C,1.4,0.005200000,3,2
2026-08-17,GBU,OPT,GBUF7 C14050,2027-01-08,C,1.405,0.004400000,3,
2026-08-17,GBU,OPT,GBUF7 C14100,2027-01-08,C,1.41,0.003700000,3,
2026-08-17,GBU,OPT,GBUF7 C14150,2027-01-08,C,1.415,0.003100000,3,1
2026-08-17,GBU,OPT,GBUF7 C14200,2027-01-08,C,1.42,0.002600000,3,5
2026-08-17,GBU,OPT,GBUF7 C14250,2027-01-08,C,1.425,0.002200000,3,1
2026-08-17,GBU,OPT,GBUF7 C14300,2027-01-08,C,1.43,0.001900000,3,
2026-08-17,GBU,OPT,GBUF7 C14400,2027-01-08,C,1.44,0.001400000,3,
2026-08-17,GBU,OPT,GBUF7 C14500,2027-01-08,C,1.45,0.001000000,3,16
2026-08-17,GBU,OPT,GBUF7 C14600,2027-01-08,C,1.46,0.000800000,3,
2026-08-17,GBU,OPT,GBUF7 C14700,2027-01-08,C,1.47,0.000600000,3,2
2026-08-17,GBU,OPT,GBUF7 C14800,2027-01-08,C,1.48,0.000500000,3,1
2026-08-17,GBU,OPT,GBUF7 C14900,2027-01-08,C,1.49,0.000300000,3,
2026-08-17,GBU,OPT,GBUF7 C15000,2027-01-08,C,1.5,0.000300000,3,
2026-08-17,GBU,OPT,GBUF7 C15100,2027-01-08,C,1.51,0.000200000,3,1
2026-08-17,GBU,OPT,GBUF7 C15200,2027-01-08,C,1.52,0.000100000,3,1
2026-08-17,GBU,OPT,GBUF7 C15300,2027-01-08,C,1.53,0.000100000,3,
2026-08-17,GBU,OPT,GBUF7 C15400,2027-01-08,C,1.54,0.000100000,3,3
2026-08-17,GBU,OPT,GBUF7 C15500,2027-01-08,C,1.55,0.000100000,3,
2026-08-17,GBU,OPT,GBUF7 C15600,2027-01-08,C,1.56,0.000100000,3,
2026-08-17,GBU,OPT,GBUF7 C15700,2027-01-08,C,1.57,0.000100000,3,
2026-08-17,GBU,OPT,GBUF7 C15800,2027-01-08,C,1.58,0.000100000,3,
2026-08-17,GBU,OPT,GBUF7 P11200,2027-01-08,P,1.12,0.000200000,3,
2026-08-17,GBU,OPT,GBUF7 P11300,2027-01-08,P,1.13,0.000200000,3,
2026-08-17,GBU,OPT,GBUF7 P11400,2027-01-08,P,1.14,0.000300000,3,
2026-08-17,GBU,OPT,GBUF7 P11500,2027-01-08,P,1.15,0.000300000,3,
2026-08-17,GBU,OPT,GBUF7 P11600,2027-01-08,P,1.16,0.000400000,3,
2026-08-17,GBU,OPT,GBUF7 P11700,2027-01-08,P,1.17,0.000400000,3,
2026-08-17,GBU,OPT,GBUF7 P11800,2027-01-08,P,1.18,0.000500000,3,
2026-08-17,GBU,OPT,GBUF7 P11900,2027-01-08,P,1.19,0.000600000,3,
2026-08-17,GBU,OPT,GBUF7 P12000,2027-01-08,P,1.2,0.000600000,3,
2026-08-17,GBU,OPT,GBUF7 P12100,2027-01-08,P,1.21,0.000800000,3,16
2026-08-17,GBU,OPT,GBUF7 P12200,2027-01-08,P,1.22,0.000900000,3,19
2026-08-17,GBU,OPT,GBUF7 P12300,2027-01-08,P,1.23,0.001100000,3,19
2026-08-17,GBU,OPT,GBUF7 P12400,2027-01-08,P,1.24,0.001400000,3,20
2026-08-17,GBU,OPT,GBUF7 P12500,2027-01-08,P,1.25,0.001700000,3,16
2026-08-17,GBU,OPT,GBUF7 P12600,2027-01-08,P,1.26,0.002100000,3,1
2026-08-17,GBU,OPT,GBUF7 P12650,2027-01-08,P,1.265,0.002400000,3,
2026-08-17,GBU,OPT,GBUF7 P12700,2027-01-08,P,1.27,0.002700000,3,
2026-08-17,GBU,OPT,GBUF7 P12750,2027-01-08,P,1.275,0.003100000,3,
2026-08-17,GBU,OPT,GBUF7 P12800,2027-01-08,P,1.28,0.003500000,3,1
2026-08-17,GBU,OPT,GBUF7 P12850,2027-01-08,P,1.285,0.003900000,3,
2026-08-17,GBU,OPT,GBUF7 P12900,2027-01-08,P,1.29,0.004400000,3,
2026-08-17,GBU,OPT,GBUF7 P12950,2027-01-08,P,1.295,0.005000000,3,
2026-08-17,GBU,OPT,GBUF7 P13000,2027-01-08,P,1.3,0.005700000,3,2
2026-08-17,GBU,OPT,GBUF7 P13050,2027-01-08,P,1.305,0.006400000,3,2
2026-08-17,GBU,OPT,GBUF7 P13100,2027-01-08,P,1.31,0.007300000,3,3
2026-08-17,GBU,OPT,GBUF7 P13150,2027-01-08,P,1.315,0.008200000,3,
2026-08-17,GBU,OPT,GBUF7 P13200,2027-01-08,P,1.32,0.009300000,3,
2026-08-17,GBU,OPT,GBUF7 P13250,2027-01-08,P,1.325,0.010500000,3,560
2026-08-17,GBU,OPT,GBUF7 P13300,2027-01-08,P,1.33,0.011900000,3,2
2026-08-17,GBU,OPT,GBUF7 P13350,2027-01-08,P,1.335,0.013500000,3,2
2026-08-17,GBU,OPT,GBUF7 P13400,2027-01-08,P,1.34,0.015200000,3,644
2026-08-17,GBU,OPT,GBUF7 P13450,2027-01-08,P,1.345,0.017100000,3,67
2026-08-17,GBU,OPT,GBUF7 P13500,2027-01-08,P,1.35,0.019200000,3,2
2026-08-17,GBU,OPT,GBUF7 P13550,2027-01-08,P,1.355,0.021500000,3,240
2026-08-17,GBU,OPT,GBUF7 P13600,2027-01-08,P,1.36,0.024000000,3,
2026-08-17,GBU,OPT,GBUF7 P13650,2027-01-08,P,1.365,0.026700000,3,
2026-08-17,GBU,OPT,GBUF7 P13700,2027-01-08,P,1.37,0.029700000,3,2
2026-08-17,GBU,OPT,GBUF7 P13750,2027-01-08,P,1.375,0.032800000,3,
2026-08-17,GBU,OPT,GBUF7 P13800,2027-01-08,P,1.38,0.036200000,3,1
2026-08-17,GBU,OPT,GBUF7 P13850,2027-01-08,P,1.385,0.039700000,3,
2026-08-17,GBU,OPT,GBUF7 P13900,2027-01-08,P,1.39,0.043400000,3,
2026-08-17,GBU,OPT,GBUF7 P13950,2027-01-08,P,1.395,0.047300000,3,
2026-08-17,GBU,OPT,GBUF7 P14000,2027-01-08,P,1.4,0.051300000,3,
2026-08-17,GBU,OPT,GBUF7 P14050,2027-01-08,P,1.405,0.055400000,3,
2026-08-17,GBU,OPT,GBUF7 P14100,2027-01-08,P,1.41,0.059700000,3,
2026-08-17,GBU,OPT,GBUF7 P14150,2027-01-08,P,1.415,0.064000000,3,
2026-08-17,GBU,OPT,GBUF7 P14200,2027-01-08,P,1.42,0.068400000,3,
2026-08-17,GBU,OPT,GBUF7 P14250,2027-01-08,P,1.425,0.073000000,3,
2026-08-17,GBU,OPT,GBUF7 P14300,2027-01-08,P,1.43,0.077500000,3,
2026-08-17,GBU,OPT,GBUF7 P14400,2027-01-08,P,1.44,0.086900000,3,
2026-08-17,GBU,OPT,GBUF7 P14500,2027-01-08,P,1.45,0.096400000,3,
2026-08-17,GBU,OPT,GBUF7 P14600,2027-01-08,P,1.46,0.106000000,3,
2026-08-17,GBU,OPT,GBUF7 P14700,2027-01-08,P,1.47,0.115700000,3,
2026-08-17,GBU,OPT,GBUF7 P14800,2027-01-08,P,1.48,0.125400000,3,
2026-08-17,GBU,OPT,GBUF7 P14900,2027-01-08,P,1.49,0.135100000,3,
2026-08-17,GBU,OPT,GBUF7 P15000,2027-01-08,P,1.5,0.144900000,3,
2026-08-17,GBU,OPT,GBUF7 P15100,2027-01-08,P,1.51,0.154700000,3,
2026-08-17,GBU,OPT,GBUF7 P15200,2027-01-08,P,1.52,0.164500000,3,
2026-08-17,GBU,OPT,GBUF7 P15300,2027-01-08,P,1.53,0.174300000,3,
2026-08-17,GBU,OPT,GBUF7 P15400,2027-01-08,P,1.54,0.184100000,3,
2026-08-17,GBU,OPT,GBUF7 P15500,2027-01-08,P,1.55,0.193900000,3,
2026-08-17,GBU,OPT,GBUF7 P15600,2027-01-08,P,1.56,0.203800000,3,
2026-08-17,GBU,OPT,GBUF7 P15700,2027-01-08,P,1.57,0.213600000,3,
2026-08-17,GBU,OPT,GBUF7 P15800,2027-01-08,P,1.58,0.223500000,3,
2026-08-17,GBU,OPT,GBUG7 C11200,2027-02-05,C,1.12,0.229300000,3,
2026-08-17,GBU,OPT,GBUG7 C11300,2027-02-05,C,1.13,0.219600000,3,
2026-08-17,GBU,OPT,GBUG7 C11400,2027-02-05,C,1.14,0.209800000,3,
2026-08-17,GBU,OPT,GBUG7 C11500,2027-02-05,C,1.15,0.200100000,3,
2026-08-17,GBU,OPT,GBUG7 C11600,2027-02-05,C,1.16,0.190400000,3,
2026-08-17,GBU,OPT,GBUG7 C11700,2027-02-05,C,1.17,0.180600000,3,
2026-08-17,GBU,OPT,GBUG7 C11800,2027-02-05,C,1.18,0.170900000,3,
2026-08-17,GBU,OPT,GBUG7 C11900,2027-02-05,C,1.19,0.161200000,3,
2026-08-17,GBU,OPT,GBUG7 C12000,2027-02-05,C,1.2,0.151500000,3,
2026-08-17,GBU,OPT,GBUG7 C12100,2027-02-05,C,1.21,0.141900000,3,
2026-08-17,GBU,OPT,GBUG7 C12200,2027-02-05,C,1.22,0.132300000,3,
2026-08-17,GBU,OPT,GBUG7 C12300,2027-02-05,C,1.23,0.122700000,3,
2026-08-17,GBU,OPT,GBUG7 C12400,2027-02-05,C,1.24,0.113300000,3,
2026-08-17,GBU,OPT,GBUG7 C12500,2027-02-05,C,1.25,0.103900000,3,
2026-08-17,GBU,OPT,GBUG7 C12600,2027-02-05,C,1.26,0.094700000,3,
2026-08-17,GBU,OPT,GBUG7 C12650,2027-02-05,C,1.265,0.090200000,3,
2026-08-17,GBU,OPT,GBUG7 C12700,2027-02-05,C,1.27,0.085600000,3,
2026-08-17,GBU,OPT,GBUG7 C12750,2027-02-05,C,1.275,0.081200000,3,
2026-08-17,GBU,OPT,GBUG7 C12800,2027-02-05,C,1.28,0.076800000,3,
2026-08-17,GBU,OPT,GBUG7 C12850,2027-02-05,C,1.285,0.072400000,3,
2026-08-17,GBU,OPT,GBUG7 C12900,2027-02-05,C,1.29,0.068100000,3,
2026-08-17,GBU,OPT,GBUG7 C12950,2027-02-05,C,1.295,0.063900000,3,
2026-08-17,GBU,OPT,GBUG7 C13000,2027-02-05,C,1.3,0.059800000,3,
2026-08-17,GBU,OPT,GBUG7 C13050,2027-02-05,C,1.305,0.055700000,3,
2026-08-17,GBU,OPT,GBUG7 C13100,2027-02-05,C,1.31,0.051700000,3,
2026-08-17,GBU,OPT,GBUG7 C13150,2027-02-05,C,1.315,0.047900000,3,
2026-08-17,GBU,OPT,GBUG7 C13200,2027-02-05,C,1.32,0.044100000,3,2
2026-08-17,GBU,OPT,GBUG7 C13250,2027-02-05,C,1.325,0.040500000,3,
2026-08-17,GBU,OPT,GBUG7 C13300,2027-02-05,C,1.33,0.037100000,3,4
2026-08-17,GBU,OPT,GBUG7 C13350,2027-02-05,C,1.335,0.033700000,3,
2026-08-17,GBU,OPT,GBUG7 C13400,2027-02-05,C,1.34,0.030600000,3,
2026-08-17,GBU,OPT,GBUG7 C13450,2027-02-05,C,1.345,0.027600000,3,4
2026-08-17,GBU,OPT,GBUG7 C13500,2027-02-05,C,1.35,0.024800000,3,
2026-08-17,GBU,OPT,GBUG7 C13550,2027-02-05,C,1.355,0.022200000,3,
2026-08-17,GBU,OPT,GBUG7 C13600,2027-02-05,C,1.36,0.019800000,3,
2026-08-17,GBU,OPT,GBUG7 C13650,2027-02-05,C,1.365,0.017500000,3,247
2026-08-17,GBU,OPT,GBUG7 C13700,2027-02-05,C,1.37,0.015500000,3,1
2026-08-17,GBU,OPT,GBUG7 C13750,2027-02-05,C,1.375,0.013600000,3,
2026-08-17,GBU,OPT,GBUG7 C13800,2027-02-05,C,1.38,0.011900000,3,803
2026-08-17,GBU,OPT,GBUG7 C13850,2027-02-05,C,1.385,0.010400000,3,
2026-08-17,GBU,OPT,GBUG7 C13900,2027-02-05,C,1.39,0.009100000,3,
2026-08-17,GBU,OPT,GBUG7 C13950,2027-02-05,C,1.395,0.007900000,3,
2026-08-17,GBU,OPT,GBUG7 C14000,2027-02-05,C,1.4,0.006800000,3,5
2026-08-17,GBU,OPT,GBUG7 C14050,2027-02-05,C,1.405,0.005900000,3,
2026-08-17,GBU,OPT,GBUG7 C14100,2027-02-05,C,1.41,0.005100000,3,
2026-08-17,GBU,OPT,GBUG7 C14150,2027-02-05,C,1.415,0.004400000,3,
2026-08-17,GBU,OPT,GBUG7 C14200,2027-02-05,C,1.42,0.003800000,3,44
2026-08-17,GBU,OPT,GBUG7 C14300,2027-02-05,C,1.43,0.002800000,3,2
2026-08-17,GBU,OPT,GBUG7 C14400,2027-02-05,C,1.44,0.002100000,3,
2026-08-17,GBU,OPT,GBUG7 C14500,2027-02-05,C,1.45,0.001500000,3,
2026-08-17,GBU,OPT,GBUG7 C14600,2027-02-05,C,1.46,0.001100000,3,
2026-08-17,GBU,OPT,GBUG7 C14700,2027-02-05,C,1.47,0.000800000,3,17
2026-08-17,GBU,OPT,GBUG7 C14800,2027-02-05,C,1.48,0.000600000,3,
2026-08-17,GBU,OPT,GBUG7 C14900,2027-02-05,C,1.49,0.000500000,3,
2026-08-17,GBU,OPT,GBUG7 C15000,2027-02-05,C,1.5,0.000400000,3,
2026-08-17,GBU,OPT,GBUG7 C15100,2027-02-05,C,1.51,0.000300000,3,
2026-08-17,GBU,OPT,GBUG7 C15200,2027-02-05,C,1.52,0.000200000,3,
2026-08-17,GBU,OPT,GBUG7 C15300,2027-02-05,C,1.53,0.000200000,3,
2026-08-17,GBU,OPT,GBUG7 C15400,2027-02-05,C,1.54,0.000100000,3,
2026-08-17,GBU,OPT,GBUG7 C15500,2027-02-05,C,1.55,0.000100000,3,
2026-08-17,GBU,OPT,GBUG7 C15600,2027-02-05,C,1.56,0.000100000,3,
2026-08-17,GBU,OPT,GBUG7 C15700,2027-02-05,C,1.57,0.000100000,3,
2026-08-17,GBU,OPT,GBUG7 P11200,2027-02-05,P,1.12,0.000300000,3,
2026-08-17,GBU,OPT,GBUG7 P11300,2027-02-05,P,1.13,0.000300000,3,
2026-08-17,GBU,OPT,GBUG7 P11400,2027-02-05,P,1.14,0.000400000,3,
2026-08-17,GBU,OPT,GBUG7 P11500,2027-02-05,P,1.15,0.000500000,3,
2026-08-17,GBU,OPT,GBUG7 P11600,2027-02-05,P,1.16,0.000600000,3,
2026-08-17,GBU,OPT,GBUG7 P11700,2027-02-05,P,1.17,0.000700000,3,1
2026-08-17,GBU,OPT,GBUG7 P11800,2027-02-05,P,1.18,0.000700000,3,
2026-08-17,GBU,OPT,GBUG7 P11900,2027-02-05,P,1.19,0.000900000,3,
2026-08-17,GBU,OPT,GBUG7 P12000,2027-02-05,P,1.2,0.001000000,3,16
2026-08-17,GBU,OPT,GBUG7 P12100,2027-02-05,P,1.21,0.001200000,3,17
2026-08-17,GBU,OPT,GBUG7 P12200,2027-02-05,P,1.22,0.001400000,3,17
2026-08-17,GBU,OPT,GBUG7 P12300,2027-02-05,P,1.23,0.001700000,3,17
2026-08-17,GBU,OPT,GBUG7 P12400,2027-02-05,P,1.24,0.002100000,3,16
2026-08-17,GBU,OPT,GBUG7 P12500,2027-02-05,P,1.25,0.002500000,3,17
2026-08-17,GBU,OPT,GBUG7 P12600,2027-02-05,P,1.26,0.003100000,3,
2026-08-17,GBU,OPT,GBUG7 P12650,2027-02-05,P,1.265,0.003500000,3,
2026-08-17,GBU,OPT,GBUG7 P12700,2027-02-05,P,1.27,0.003900000,3,
2026-08-17,GBU,OPT,GBUG7 P12750,2027-02-05,P,1.275,0.004400000,3,1
2026-08-17,GBU,OPT,GBUG7 P12800,2027-02-05,P,1.28,0.004900000,3,320
2026-08-17,GBU,OPT,GBUG7 P12850,2027-02-05,P,1.285,0.005400000,3,1
2026-08-17,GBU,OPT,GBUG7 P12900,2027-02-05,P,1.29,0.006100000,3,
2026-08-17,GBU,OPT,GBUG7 P12950,2027-02-05,P,1.295,0.006700000,3,100
2026-08-17,GBU,OPT,GBUG7 P13000,2027-02-05,P,1.3,0.007500000,3,2
2026-08-17,GBU,OPT,GBUG7 P13050,2027-02-05,P,1.305,0.008400000,3,
2026-08-17,GBU,OPT,GBUG7 P13100,2027-02-05,P,1.31,0.009300000,3,
2026-08-17,GBU,OPT,GBUG7 P13150,2027-02-05,P,1.315,0.010400000,3,
2026-08-17,GBU,OPT,GBUG7 P13200,2027-02-05,P,1.32,0.011500000,3,5
2026-08-17,GBU,OPT,GBUG7 P13250,2027-02-05,P,1.325,0.012800000,3,40
2026-08-17,GBU,OPT,GBUG7 P13300,2027-02-05,P,1.33,0.014300000,3,21
2026-08-17,GBU,OPT,GBUG7 P13350,2027-02-05,P,1.335,0.015900000,3,5
2026-08-17,GBU,OPT,GBUG7 P13400,2027-02-05,P,1.34,0.017600000,3,202
2026-08-17,GBU,OPT,GBUG7 P13450,2027-02-05,P,1.345,0.019600000,3,200
2026-08-17,GBU,OPT,GBUG7 P13500,2027-02-05,P,1.35,0.021700000,3,
2026-08-17,GBU,OPT,GBUG7 P13550,2027-02-05,P,1.355,0.024000000,3,
2026-08-17,GBU,OPT,GBUG7 P13600,2027-02-05,P,1.36,0.026400000,3,
2026-08-17,GBU,OPT,GBUG7 P13650,2027-02-05,P,1.365,0.029100000,3,
2026-08-17,GBU,OPT,GBUG7 P13700,2027-02-05,P,1.37,0.032000000,3,
2026-08-17,GBU,OPT,GBUG7 P13750,2027-02-05,P,1.375,0.035000000,3,
2026-08-17,GBU,OPT,GBUG7 P13800,2027-02-05,P,1.38,0.038300000,3,
2026-08-17,GBU,OPT,GBUG7 P13850,2027-02-05,P,1.385,0.041700000,3,
2026-08-17,GBU,OPT,GBUG7 P13900,2027-02-05,P,1.39,0.045200000,3,
2026-08-17,GBU,OPT,GBUG7 P13950,2027-02-05,P,1.395,0.048900000,3,
2026-08-17,GBU,OPT,GBUG7 P14000,2027-02-05,P,1.4,0.052800000,3,
2026-08-17,GBU,OPT,GBUG7 P14050,2027-02-05,P,1.405,0.056800000,3,
2026-08-17,GBU,OPT,GBUG7 P14100,2027-02-05,P,1.41,0.060900000,3,
2026-08-17,GBU,OPT,GBUG7 P14150,2027-02-05,P,1.415,0.065100000,3,
2026-08-17,GBU,OPT,GBUG7 P14200,2027-02-05,P,1.42,0.069400000,3,
2026-08-17,GBU,OPT,GBUG7 P14300,2027-02-05,P,1.43,0.078200000,3,
2026-08-17,GBU,OPT,GBUG7 P14400,2027-02-05,P,1.44,0.087300000,3,
2026-08-17,GBU,OPT,GBUG7 P14500,2027-02-05,P,1.45,0.096600000,3,
2026-08-17,GBU,OPT,GBUG7 P14600,2027-02-05,P,1.46,0.106000000,3,
2026-08-17,GBU,OPT,GBUG7 P14700,2027-02-05,P,1.47,0.115600000,3,
2026-08-17,GBU,OPT,GBUG7 P14800,2027-02-05,P,1.48,0.125200000,3,
2026-08-17,GBU,OPT,GBUG7 P14900,2027-02-05,P,1.49,0.134900000,3,
2026-08-17,GBU,OPT,GBUG7 P15000,2027-02-05,P,1.5,0.144600000,3,
2026-08-17,GBU,OPT,GBUG7 P15100,2027-02-05,P,1.51,0.154300000,3,
2026-08-17,GBU,OPT,GBUG7 P15200,2027-02-05,P,1.52,0.164100000,3,
2026-08-17,GBU,OPT,GBUG7 P15300,2027-02-05,P,1.53,0.173800000,3,
2026-08-17,GBU,OPT,GBUG7 P15400,2027-02-05,P,1.54,0.183600000,3,
2026-08-17,GBU,OPT,GBUG7 P15500,2027-02-05,P,1.55,0.193400000,3,
2026-08-17,GBU,OPT,GBUG7 P15600,2027-02-05,P,1.56,0.203200000,3,
2026-08-17,GBU,OPT,GBUG7 P15700,2027-02-05,P,1.57,0.213000000,3,
2026-08-17,GBU,OPT,GBUH7 C10700,2027-03-05,C,1.07,0.277700000,3,
2026-08-17,GBU,OPT,GBUH7 C10800,2027-03-05,C,1.08,0.267900000,3,
2026-08-17,GBU,OPT,GBUH7 C10900,2027-03-05,C,1.09,0.258200000,3,
2026-08-17,GBU,OPT,GBUH7 C11000,2027-03-05,C,1.1,0.248400000,3,
2026-08-17,GBU,OPT,GBUH7 C11100,2027-03-05,C,1.11,0.238700000,3,
2026-08-17,GBU,OPT,GBUH7 C11200,2027-03-05,C,1.12,0.228900000,3,
2026-08-17,GBU,OPT,GBUH7 C11300,2027-03-05,C,1.13,0.219200000,3,
2026-08-17,GBU,OPT,GBUH7 C11400,2027-03-05,C,1.14,0.209500000,3,
2026-08-17,GBU,OPT,GBUH7 C11500,2027-03-05,C,1.15,0.199800000,3,
2026-08-17,GBU,OPT,GBUH7 C11600,2027-03-05,C,1.16,0.190100000,3,
2026-08-17,GBU,OPT,GBUH7 C11700,2027-03-05,C,1.17,0.180400000,3,
2026-08-17,GBU,OPT,GBUH7 C11800,2027-03-05,C,1.18,0.170700000,3,
2026-08-17,GBU,OPT,GBUH7 C11900,2027-03-05,C,1.19,0.161100000,3,
2026-08-17,GBU,OPT,GBUH7 C12000,2027-03-05,C,1.2,0.151500000,3,
2026-08-17,GBU,OPT,GBUH7 C12100,2027-03-05,C,1.21,0.141900000,3,
2026-08-17,GBU,OPT,GBUH7 C12200,2027-03-05,C,1.22,0.132400000,3,
2026-08-17,GBU,OPT,GBUH7 C12250,2027-03-05,C,1.225,0.127700000,3,
2026-08-17,GBU,OPT,GBUH7 C12300,2027-03-05,C,1.23,0.123000000,3,
2026-08-17,GBU,OPT,GBUH7 C12350,2027-03-05,C,1.235,0.118300000,3,
2026-08-17,GBU,OPT,GBUH7 C12400,2027-03-05,C,1.24,0.113700000,3,
2026-08-17,GBU,OPT,GBUH7 C12450,2027-03-05,C,1.245,0.109100000,3,
2026-08-17,GBU,OPT,GBUH7 C12500,2027-03-05,C,1.25,0.104500000,3,
2026-08-17,GBU,OPT,GBUH7 C12550,2027-03-05,C,1.255,0.100000000,3,
2026-08-17,GBU,OPT,GBUH7 C12600,2027-03-05,C,1.26,0.095500000,3,
2026-08-17,GBU,OPT,GBUH7 C12650,2027-03-05,C,1.265,0.091000000,3,
2026-08-17,GBU,OPT,GBUH7 C12700,2027-03-05,C,1.27,0.086600000,3,
2026-08-17,GBU,OPT,GBUH7 C12750,2027-03-05,C,1.275,0.082200000,3,
2026-08-17,GBU,OPT,GBUH7 C12800,2027-03-05,C,1.28,0.077900000,3,
2026-08-17,GBU,OPT,GBUH7 C12850,2027-03-05,C,1.285,0.073700000,3,
2026-08-17,GBU,OPT,GBUH7 C12900,2027-03-05,C,1.29,0.069400000,3,
2026-08-17,GBU,OPT,GBUH7 C12950,2027-03-05,C,1.295,0.065300000,3,
2026-08-17,GBU,OPT,GBUH7 C13000,2027-03-05,C,1.3,0.061200000,3,
2026-08-17,GBU,OPT,GBUH7 C13050,2027-03-05,C,1.305,0.057300000,3,
2026-08-17,GBU,OPT,GBUH7 C13100,2027-03-05,C,1.31,0.053400000,3,
2026-08-17,GBU,OPT,GBUH7 C13150,2027-03-05,C,1.315,0.049600000,3,
2026-08-17,GBU,OPT,GBUH7 C13200,2027-03-05,C,1.32,0.046000000,3,
2026-08-17,GBU,OPT,GBUH7 C13250,2027-03-05,C,1.325,0.042400000,3,
2026-08-17,GBU,OPT,GBUH7 C13300,2027-03-05,C,1.33,0.039100000,3,12
2026-08-17,GBU,OPT,GBUH7 C13350,2027-03-05,C,1.335,0.035800000,3,
2026-08-17,GBU,OPT,GBUH7 C13400,2027-03-05,C,1.34,0.032700000,3,1
2026-08-17,GBU,OPT,GBUH7 C13450,2027-03-05,C,1.345,0.029800000,3,
2026-08-17,GBU,OPT,GBUH7 C13500,2027-03-05,C,1.35,0.027000000,3,3
2026-08-17,GBU,OPT,GBUH7 C13550,2027-03-05,C,1.355,0.024400000,3,
2026-08-17,GBU,OPT,GBUH7 C13600,2027-03-05,C,1.36,0.022000000,3,
2026-08-17,GBU,OPT,GBUH7 C13650,2027-03-05,C,1.365,0.019700000,3,32
2026-08-17,GBU,OPT,GBUH7 C13700,2027-03-05,C,1.37,0.017600000,3,2
2026-08-17,GBU,OPT,GBUH7 C13750,2027-03-05,C,1.375,0.015700000,3,4
2026-08-17,GBU,OPT,GBUH7 C13800,2027-03-05,C,1.38,0.013900000,3,1
2026-08-17,GBU,OPT,GBUH7 C13850,2027-03-05,C,1.385,0.012300000,3,
2026-08-17,GBU,OPT,GBUH7 C13900,2027-03-05,C,1.39,0.010800000,3,2
2026-08-17,GBU,OPT,GBUH7 C13950,2027-03-05,C,1.395,0.009500000,3,
2026-08-17,GBU,OPT,GBUH7 C14000,2027-03-05,C,1.4,0.008400000,3,2
2026-08-17,GBU,OPT,GBUH7 C14050,2027-03-05,C,1.405,0.007300000,3,1
2026-08-17,GBU,OPT,GBUH7 C14100,2027-03-05,C,1.41,0.006400000,3,
2026-08-17,GBU,OPT,GBUH7 C14150,2027-03-05,C,1.415,0.005600000,3,
2026-08-17,GBU,OPT,GBUH7 C14200,2027-03-05,C,1.42,0.004900000,3,1
2026-08-17,GBU,OPT,GBUH7 C14250,2027-03-05,C,1.425,0.004300000,3,
2026-08-17,GBU,OPT,GBUH7 C14300,2027-03-05,C,1.43,0.003700000,3,2
2026-08-17,GBU,OPT,GBUH7 C14400,2027-03-05,C,1.44,0.002800000,3,
2026-08-17,GBU,OPT,GBUH7 C14500,2027-03-05,C,1.45,0.002200000,3,
2026-08-17,GBU,OPT,GBUH7 C14600,2027-03-05,C,1.46,0.001600000,3,
2026-08-17,GBU,OPT,GBUH7 C14700,2027-03-05,C,1.47,0.001200000,3,
2026-08-17,GBU,OPT,GBUH7 C14800,2027-03-05,C,1.48,0.001000000,3,2
2026-08-17,GBU,OPT,GBUH7 C14900,2027-03-05,C,1.49,0.000800000,3,
2026-08-17,GBU,OPT,GBUH7 C15000,2027-03-05,C,1.5,0.000600000,3,
2026-08-17,GBU,OPT,GBUH7 C15100,2027-03-05,C,1.51,0.000500000,3,
2026-08-17,GBU,OPT,GBUH7 C15200,2027-03-05,C,1.52,0.000400000,3,
2026-08-17,GBU,OPT,GBUH7 C15300,2027-03-05,C,1.53,0.000300000,3,
2026-08-17,GBU,OPT,GBUH7 C15400,2027-03-05,C,1.54,0.000300000,3,
2026-08-17,GBU,OPT,GBUH7 C15500,2027-03-05,C,1.55,0.000200000,3,
2026-08-17,GBU,OPT,GBUH7 C15600,2027-03-05,C,1.56,0.000200000,3,
2026-08-17,GBU,OPT,GBUH7 C15700,2027-03-05,C,1.57,0.000200000,3,
2026-08-17,GBU,OPT,GBUH7 C15800,2027-03-05,C,1.58,0.000100000,3,
2026-08-17,GBU,OPT,GBUH7 P10700,2027-03-05,P,1.07,0.000300000,3,12
2026-08-17,GBU,OPT,GBUH7 P10800,2027-03-05,P,1.08,0.000300000,3,3
2026-08-17,GBU,OPT,GBUH7 P10900,2027-03-05,P,1.09,0.000400000,3,
2026-08-17,GBU,OPT,GBUH7 P11000,2027-03-05,P,1.1,0.000400000,3,1
2026-08-17,GBU,OPT,GBUH7 P11100,2027-03-05,P,1.11,0.000500000,3,
2026-08-17,GBU,OPT,GBUH7 P11200,2027-03-05,P,1.12,0.000500000,3,
2026-08-17,GBU,OPT,GBUH7 P11300,2027-03-05,P,1.13,0.000600000,3,
2026-08-17,GBU,OPT,GBUH7 P11400,2027-03-05,P,1.14,0.000700000,3,
2026-08-17,GBU,OPT,GBUH7 P11500,2027-03-05,P,1.15,0.000800000,3,1
2026-08-17,GBU,OPT,GBUH7 P11600,2027-03-05,P,1.16,0.000800000,3,
2026-08-17,GBU,OPT,GBUH7 P11700,2027-03-05,P,1.17,0.001000000,3,1
2026-08-17,GBU,OPT,GBUH7 P11800,2027-03-05,P,1.18,0.001100000,3,
2026-08-17,GBU,OPT,GBUH7 P11900,2027-03-05,P,1.19,0.001200000,3,
2026-08-17,GBU,OPT,GBUH7 P12000,2027-03-05,P,1.2,0.001400000,3,
2026-08-17,GBU,OPT,GBUH7 P12100,2027-03-05,P,1.21,0.001700000,3,4
2026-08-17,GBU,OPT,GBUH7 P12200,2027-03-05,P,1.22,0.002000000,3,
2026-08-17,GBU,OPT,GBUH7 P12250,2027-03-05,P,1.225,0.002100000,3,1
2026-08-17,GBU,OPT,GBUH7 P12300,2027-03-05,P,1.23,0.002300000,3,1
2026-08-17,GBU,OPT,GBUH7 P12350,2027-03-05,P,1.235,0.002600000,3,
2026-08-17,GBU,OPT,GBUH7 P12400,2027-03-05,P,1.24,0.002800000,3,
2026-08-17,GBU,OPT,GBUH7 P12450,2027-03-05,P,1.245,0.003100000,3,
2026-08-17,GBU,OPT,GBUH7 P12500,2027-03-05,P,1.25,0.003500000,3,
2026-08-17,GBU,OPT,GBUH7 P12550,2027-03-05,P,1.255,0.003800000,3,
2026-08-17,GBU,OPT,GBUH7 P12600,2027-03-05,P,1.26,0.004200000,3,2
2026-08-17,GBU,OPT,GBUH7 P12650,2027-03-05,P,1.265,0.004700000,3,
2026-08-17,GBU,OPT,GBUH7 P12700,2027-03-05,P,1.27,0.005100000,3,
2026-08-17,GBU,OPT,GBUH7 P12750,2027-03-05,P,1.275,0.005700000,3,
2026-08-17,GBU,OPT,GBUH7 P12800,2027-03-05,P,1.28,0.006200000,3,1
2026-08-17,GBU,OPT,GBUH7 P12850,2027-03-05,P,1.285,0.006900000,3,1
2026-08-17,GBU,OPT,GBUH7 P12900,2027-03-05,P,1.29,0.007500000,3,1
2026-08-17,GBU,OPT,GBUH7 P12950,2027-03-05,P,1.295,0.008300000,3,
2026-08-17,GBU,OPT,GBUH7 P13000,2027-03-05,P,1.3,0.009100000,3,4
2026-08-17,GBU,OPT,GBUH7 P13050,2027-03-05,P,1.305,0.010100000,3,4
2026-08-17,GBU,OPT,GBUH7 P13100,2027-03-05,P,1.31,0.011100000,3,
2026-08-17,GBU,OPT,GBUH7 P13150,2027-03-05,P,1.315,0.012200000,3,
2026-08-17,GBU,OPT,GBUH7 P13200,2027-03-05,P,1.32,0.013500000,3,
2026-08-17,GBU,OPT,GBUH7 P13250,2027-03-05,P,1.325,0.014800000,3,3
2026-08-17,GBU,OPT,GBUH7 P13300,2027-03-05,P,1.33,0.016300000,3,6
2026-08-17,GBU,OPT,GBUH7 P13350,2027-03-05,P,1.335,0.018000000,3,32
2026-08-17,GBU,OPT,GBUH7 P13400,2027-03-05,P,1.34,0.019800000,3,4
2026-08-17,GBU,OPT,GBUH7 P13450,2027-03-05,P,1.345,0.021800000,3,
2026-08-17,GBU,OPT,GBUH7 P13500,2027-03-05,P,1.35,0.023900000,3,4
2026-08-17,GBU,OPT,GBUH7 P13550,2027-03-05,P,1.355,0.026200000,3,
2026-08-17,GBU,OPT,GBUH7 P13600,2027-03-05,P,1.36,0.028600000,3,
2026-08-17,GBU,OPT,GBUH7 P13650,2027-03-05,P,1.365,0.031200000,3,
2026-08-17,GBU,OPT,GBUH7 P13700,2027-03-05,P,1.37,0.034000000,3,
2026-08-17,GBU,OPT,GBUH7 P13750,2027-03-05,P,1.375,0.037000000,3,
2026-08-17,GBU,OPT,GBUH7 P13800,2027-03-05,P,1.38,0.040100000,3,
2026-08-17,GBU,OPT,GBUH7 P13850,2027-03-05,P,1.385,0.043400000,3,
2026-08-17,GBU,OPT,GBUH7 P13900,2027-03-05,P,1.39,0.046900000,3,
2026-08-17,GBU,OPT,GBUH7 P13950,2027-03-05,P,1.395,0.050500000,3,
2026-08-17,GBU,OPT,GBUH7 P14000,2027-03-05,P,1.4,0.054200000,3,
2026-08-17,GBU,OPT,GBUH7 P14050,2027-03-05,P,1.405,0.058100000,3,
2026-08-17,GBU,OPT,GBUH7 P14100,2027-03-05,P,1.41,0.062100000,3,
2026-08-17,GBU,OPT,GBUH7 P14150,2027-03-05,P,1.415,0.066200000,3,
2026-08-17,GBU,OPT,GBUH7 P14200,2027-03-05,P,1.42,0.070300000,3,
2026-08-17,GBU,OPT,GBUH7 P14250,2027-03-05,P,1.425,0.074600000,3,
2026-08-17,GBU,OPT,GBUH7 P14300,2027-03-05,P,1.43,0.079000000,3,
2026-08-17,GBU,OPT,GBUH7 P14400,2027-03-05,P,1.44,0.087900000,3,
2026-08-17,GBU,OPT,GBUH7 P14500,2027-03-05,P,1.45,0.097000000,3,
2026-08-17,GBU,OPT,GBUH7 P14600,2027-03-05,P,1.46,0.106200000,3,
2026-08-17,GBU,OPT,GBUH7 P14700,2027-03-05,P,1.47,0.115600000,3,
2026-08-17,GBU,OPT,GBUH7 P14800,2027-03-05,P,1.48,0.125100000,3,
2026-08-17,GBU,OPT,GBUH7 P14900,2027-03-05,P,1.49,0.134700000,3,
2026-08-17,GBU,OPT,GBUH7 P15000,2027-03-05,P,1.5,0.144400000,3,
2026-08-17,GBU,OPT,GBUH7 P15100,2027-03-05,P,1.51,0.154100000,3,
2026-08-17,GBU,OPT,GBUH7 P15200,2027-03-05,P,1.52,0.163800000,3,
2026-08-17,GBU,OPT,GBUH7 P15300,2027-03-05,P,1.53,0.173500000,3,
2026-08-17,GBU,OPT,GBUH7 P15400,2027-03-05,P,1.54,0.183200000,3,
2026-08-17,GBU,OPT,GBUH7 P15500,2027-03-05,P,1.55,0.193000000,3,
2026-08-17,GBU,OPT,GBUH7 P15600,2027-03-05,P,1.56,0.202700000,3,
2026-08-17,GBU,OPT,GBUH7 P15700,2027-03-05,P,1.57,0.212500000,3,
2026-08-17,GBU,OPT,GBUH7 P15800,2027-03-05,P,1.58,0.222300000,3,
2026-08-17,GBU,OPT,GBUJ7 C11200,2027-04-09,C,1.12,0.227600000,3,
2026-08-17,GBU,OPT,GBUJ7 C11300,2027-04-09,C,1.13,0.217900000,3,
2026-08-17,GBU,OPT,GBUJ7 C11400,2027-04-09,C,1.14,0.208300000,3,
2026-08-17,GBU,OPT,GBUJ7 C11500,2027-04-09,C,1.15,0.198600000,3,
2026-08-17,GBU,OPT,GBUJ7 C11600,2027-04-09,C,1.16,0.189000000,3,
2026-08-17,GBU,OPT,GBUJ7 C11700,2027-04-09,C,1.17,0.179400000,3,
2026-08-17,GBU,OPT,GBUJ7 C11800,2027-04-09,C,1.18,0.169800000,3,
2026-08-17,GBU,OPT,GBUJ7 C11900,2027-04-09,C,1.19,0.160300000,3,
2026-08-17,GBU,OPT,GBUJ7 C12000,2027-04-09,C,1.2,0.150800000,3,
2026-08-17,GBU,OPT,GBUJ7 C12100,2027-04-09,C,1.21,0.141500000,3,
2026-08-17,GBU,OPT,GBUJ7 C12200,2027-04-09,C,1.22,0.132100000,3,
2026-08-17,GBU,OPT,GBUJ7 C12300,2027-04-09,C,1.23,0.122900000,3,
2026-08-17,GBU,OPT,GBUJ7 C12400,2027-04-09,C,1.24,0.113800000,3,
2026-08-17,GBU,OPT,GBUJ7 C12500,2027-04-09,C,1.25,0.104800000,3,
2026-08-17,GBU,OPT,GBUJ7 C12600,2027-04-09,C,1.26,0.095900000,3,
2026-08-17,GBU,OPT,GBUJ7 C12650,2027-04-09,C,1.265,0.091500000,3,
2026-08-17,GBU,OPT,GBUJ7 C12700,2027-04-09,C,1.27,0.087200000,3,
2026-08-17,GBU,OPT,GBUJ7 C12750,2027-04-09,C,1.275,0.082900000,3,
2026-08-17,GBU,OPT,GBUJ7 C12800,2027-04-09,C,1.28,0.078700000,3,
2026-08-17,GBU,OPT,GBUJ7 C12850,2027-04-09,C,1.285,0.074600000,3,
2026-08-17,GBU,OPT,GBUJ7 C12900,2027-04-09,C,1.29,0.070500000,3,
2026-08-17,GBU,OPT,GBUJ7 C12950,2027-04-09,C,1.295,0.066500000,3,
2026-08-17,GBU,OPT,GBUJ7 C13000,2027-04-09,C,1.3,0.062600000,3,
2026-08-17,GBU,OPT,GBUJ7 C13050,2027-04-09,C,1.305,0.058700000,3,
2026-08-17,GBU,OPT,GBUJ7 C13100,2027-04-09,C,1.31,0.055000000,3,
2026-08-17,GBU,OPT,GBUJ7 C13150,2027-04-09,C,1.315,0.051400000,3,
2026-08-17,GBU,OPT,GBUJ7 C13200,2027-04-09,C,1.32,0.047800000,3,
2026-08-17,GBU,OPT,GBUJ7 C13250,2027-04-09,C,1.325,0.044400000,3,
2026-08-17,GBU,OPT,GBUJ7 C13300,2027-04-09,C,1.33,0.041100000,3,
2026-08-17,GBU,OPT,GBUJ7 C13350,2027-04-09,C,1.335,0.038000000,3,3
2026-08-17,GBU,OPT,GBUJ7 C13400,2027-04-09,C,1.34,0.034900000,3,
2026-08-17,GBU,OPT,GBUJ7 C13450,2027-04-09,C,1.345,0.032000000,3,
2026-08-17,GBU,OPT,GBUJ7 C13500,2027-04-09,C,1.35,0.029300000,3,22
2026-08-17,GBU,OPT,GBUJ7 C13550,2027-04-09,C,1.355,0.026700000,3,
2026-08-17,GBU,OPT,GBUJ7 C13600,2027-04-09,C,1.36,0.024200000,3,
2026-08-17,GBU,OPT,GBUJ7 C13650,2027-04-09,C,1.365,0.022000000,3,1
2026-08-17,GBU,OPT,GBUJ7 C13700,2027-04-09,C,1.37,0.019800000,3,1
2026-08-17,GBU,OPT,GBUJ7 C13750,2027-04-09,C,1.375,0.017800000,3,
2026-08-17,GBU,OPT,GBUJ7 C13800,2027-04-09,C,1.38,0.016000000,3,
2026-08-17,GBU,OPT,GBUJ7 C13850,2027-04-09,C,1.385,0.014400000,3,
2026-08-17,GBU,OPT,GBUJ7 C13900,2027-04-09,C,1.39,0.012800000,3,
2026-08-17,GBU,OPT,GBUJ7 C13950,2027-04-09,C,1.395,0.011500000,3,
2026-08-17,GBU,OPT,GBUJ7 C14000,2027-04-09,C,1.4,0.010200000,3,22
2026-08-17,GBU,OPT,GBUJ7 C14050,2027-04-09,C,1.405,0.009100000,3,
2026-08-17,GBU,OPT,GBUJ7 C14100,2027-04-09,C,1.41,0.008100000,3,
2026-08-17,GBU,OPT,GBUJ7 C14200,2027-04-09,C,1.42,0.006400000,3,
2026-08-17,GBU,OPT,GBUJ7 C14300,2027-04-09,C,1.43,0.005000000,3,
2026-08-17,GBU,OPT,GBUJ7 C14400,2027-04-09,C,1.44,0.003900000,3,
2026-08-17,GBU,OPT,GBUJ7 C14500,2027-04-09,C,1.45,0.003100000,3,
2026-08-17,GBU,OPT,GBUJ7 C14600,2027-04-09,C,1.46,0.002400000,3,
2026-08-17,GBU,OPT,GBUJ7 C14700,2027-04-09,C,1.47,0.001900000,3,4
2026-08-17,GBU,OPT,GBUJ7 C14800,2027-04-09,C,1.48,0.001500000,3,
2026-08-17,GBU,OPT,GBUJ7 C14900,2027-04-09,C,1.49,0.001200000,3,
2026-08-17,GBU,OPT,GBUJ7 C15000,2027-04-09,C,1.5,0.000900000,3,
2026-08-17,GBU,OPT,GBUJ7 C15100,2027-04-09,C,1.51,0.000700000,3,
2026-08-17,GBU,OPT,GBUJ7 C15200,2027-04-09,C,1.52,0.000600000,3,
2026-08-17,GBU,OPT,GBUJ7 C15300,2027-04-09,C,1.53,0.000500000,3,
2026-08-17,GBU,OPT,GBUJ7 C15400,2027-04-09,C,1.54,0.000400000,3,
2026-08-17,GBU,OPT,GBUJ7 C15500,2027-04-09,C,1.55,0.000400000,3,
2026-08-17,GBU,OPT,GBUJ7 P11200,2027-04-09,P,1.12,0.000800000,3,
2026-08-17,GBU,OPT,GBUJ7 P11300,2027-04-09,P,1.13,0.000900000,3,
2026-08-17,GBU,OPT,GBUJ7 P11400,2027-04-09,P,1.14,0.001000000,3,
2026-08-17,GBU,OPT,GBUJ7 P11500,2027-04-09,P,1.15,0.001100000,3,
2026-08-17,GBU,OPT,GBUJ7 P11600,2027-04-09,P,1.16,0.001200000,3,
2026-08-17,GBU,OPT,GBUJ7 P11700,2027-04-09,P,1.17,0.001300000,3,
2026-08-17,GBU,OPT,GBUJ7 P11800,2027-04-09,P,1.18,0.001500000,3,90
2026-08-17,GBU,OPT,GBUJ7 P11900,2027-04-09,P,1.19,0.001800000,3,
2026-08-17,GBU,OPT,GBUJ7 P12000,2027-04-09,P,1.2,0.002100000,3,5
2026-08-17,GBU,OPT,GBUJ7 P12100,2027-04-09,P,1.21,0.002400000,3,
2026-08-17,GBU,OPT,GBUJ7 P12200,2027-04-09,P,1.22,0.002900000,3,
2026-08-17,GBU,OPT,GBUJ7 P12300,2027-04-09,P,1.23,0.003400000,3,
2026-08-17,GBU,OPT,GBUJ7 P12400,2027-04-09,P,1.24,0.004000000,3,
2026-08-17,GBU,OPT,GBUJ7 P12500,2027-04-09,P,1.25,0.004700000,3,10
2026-08-17,GBU,OPT,GBUJ7 P12600,2027-04-09,P,1.26,0.005600000,3,
2026-08-17,GBU,OPT,GBUJ7 P12650,2027-04-09,P,1.265,0.006100000,3,
2026-08-17,GBU,OPT,GBUJ7 P12700,2027-04-09,P,1.27,0.006700000,3,1
2026-08-17,GBU,OPT,GBUJ7 P12750,2027-04-09,P,1.275,0.007300000,3,
2026-08-17,GBU,OPT,GBUJ7 P12800,2027-04-09,P,1.28,0.008000000,3,23
2026-08-17,GBU,OPT,GBUJ7 P12850,2027-04-09,P,1.285,0.008700000,3,
2026-08-17,GBU,OPT,GBUJ7 P12900,2027-04-09,P,1.29,0.009500000,3,
2026-08-17,GBU,OPT,GBUJ7 P12950,2027-04-09,P,1.295,0.010400000,3,
2026-08-17,GBU,OPT,GBUJ7 P13000,2027-04-09,P,1.3,0.011400000,3,
2026-08-17,GBU,OPT,GBUJ7 P13050,2027-04-09,P,1.305,0.012400000,3,
2026-08-17,GBU,OPT,GBUJ7 P13100,2027-04-09,P,1.31,0.013500000,3,
2026-08-17,GBU,OPT,GBUJ7 P13150,2027-04-09,P,1.315,0.014800000,3,
2026-08-17,GBU,OPT,GBUJ7 P13200,2027-04-09,P,1.32,0.016100000,3,
2026-08-17,GBU,OPT,GBUJ7 P13250,2027-04-09,P,1.325,0.017600000,3,
2026-08-17,GBU,OPT,GBUJ7 P13300,2027-04-09,P,1.33,0.019200000,3,600
2026-08-17,GBU,OPT,GBUJ7 P13350,2027-04-09,P,1.335,0.020900000,3,
2026-08-17,GBU,OPT,GBUJ7 P13400,2027-04-09,P,1.34,0.022700000,3,50
2026-08-17,GBU,OPT,GBUJ7 P13450,2027-04-09,P,1.345,0.024700000,3,
2026-08-17,GBU,OPT,GBUJ7 P13500,2027-04-09,P,1.35,0.026800000,3,
2026-08-17,GBU,OPT,GBUJ7 P13550,2027-04-09,P,1.355,0.029100000,3,3
2026-08-17,GBU,OPT,GBUJ7 P13600,2027-04-09,P,1.36,0.031600000,3,50
2026-08-17,GBU,OPT,GBUJ7 P13650,2027-04-09,P,1.365,0.034100000,3,
2026-08-17,GBU,OPT,GBUJ7 P13700,2027-04-09,P,1.37,0.036900000,3,
2026-08-17,GBU,OPT,GBUJ7 P13750,2027-04-09,P,1.375,0.039800000,3,
2026-08-17,GBU,OPT,GBUJ7 P13800,2027-04-09,P,1.38,0.042800000,3,
2026-08-17,GBU,OPT,GBUJ7 P13850,2027-04-09,P,1.385,0.046100000,3,
2026-08-17,GBU,OPT,GBUJ7 P13900,2027-04-09,P,1.39,0.049400000,3,
2026-08-17,GBU,OPT,GBUJ7 P13950,2027-04-09,P,1.395,0.052900000,3,
2026-08-17,GBU,OPT,GBUJ7 P14000,2027-04-09,P,1.4,0.056500000,3,
2026-08-17,GBU,OPT,GBUJ7 P14050,2027-04-09,P,1.405,0.060300000,3,
2026-08-17,GBU,OPT,GBUJ7 P14100,2027-04-09,P,1.41,0.064200000,3,
2026-08-17,GBU,OPT,GBUJ7 P14200,2027-04-09,P,1.42,0.072200000,3,
2026-08-17,GBU,OPT,GBUJ7 P14300,2027-04-09,P,1.43,0.080600000,3,1
2026-08-17,GBU,OPT,GBUJ7 P14400,2027-04-09,P,1.44,0.089300000,3,1
2026-08-17,GBU,OPT,GBUJ7 P14500,2027-04-09,P,1.45,0.098200000,3,
2026-08-17,GBU,OPT,GBUJ7 P14600,2027-04-09,P,1.46,0.107300000,3,
2026-08-17,GBU,OPT,GBUJ7 P14700,2027-04-09,P,1.47,0.116500000,3,
2026-08-17,GBU,OPT,GBUJ7 P14800,2027-04-09,P,1.48,0.125900000,3,
2026-08-17,GBU,OPT,GBUJ7 P14900,2027-04-09,P,1.49,0.135300000,3,
2026-08-17,GBU,OPT,GBUJ7 P15000,2027-04-09,P,1.5,0.144800000,3,
2026-08-17,GBU,OPT,GBUJ7 P15100,2027-04-09,P,1.51,0.154400000,3,
2026-08-17,GBU,OPT,GBUJ7 P15200,2027-04-09,P,1.52,0.164000000,3,
2026-08-17,GBU,OPT,GBUJ7 P15300,2027-04-09,P,1.53,0.173700000,3,
2026-08-17,GBU,OPT,GBUJ7 P15400,2027-04-09,P,1.54,0.183400000,3,
2026-08-17,GBU,OPT,GBUJ7 P15500,2027-04-09,P,1.55,0.193100000,3,
2026-08-17,GBU,OPT,GBUK7 C11200,2027-05-07,C,1.12,0.227100000,3,
2026-08-17,GBU,OPT,GBUK7 C11300,2027-05-07,C,1.13,0.217500000,3,
2026-08-17,GBU,OPT,GBUK7 C11400,2027-05-07,C,1.14,0.207900000,3,
2026-08-17,GBU,OPT,GBUK7 C11500,2027-05-07,C,1.15,0.198300000,3,
2026-08-17,GBU,OPT,GBUK7 C11600,2027-05-07,C,1.16,0.188700000,3,
2026-08-17,GBU,OPT,GBUK7 C11700,2027-05-07,C,1.17,0.179200000,3,
2026-08-17,GBU,OPT,GBUK7 C11800,2027-05-07,C,1.18,0.169700000,3,
2026-08-17,GBU,OPT,GBUK7 C11900,2027-05-07,C,1.19,0.160300000,3,
2026-08-17,GBU,OPT,GBUK7 C12000,2027-05-07,C,1.2,0.150900000,3,
2026-08-17,GBU,OPT,GBUK7 C12100,2027-05-07,C,1.21,0.141600000,3,
2026-08-17,GBU,OPT,GBUK7 C12200,2027-05-07,C,1.22,0.132400000,3,
2026-08-17,GBU,OPT,GBUK7 C12300,2027-05-07,C,1.23,0.123300000,3,
2026-08-17,GBU,OPT,GBUK7 C12400,2027-05-07,C,1.24,0.114400000,3,
2026-08-17,GBU,OPT,GBUK7 C12500,2027-05-07,C,1.25,0.105500000,3,
2026-08-17,GBU,OPT,GBUK7 C12600,2027-05-07,C,1.26,0.096800000,3,
2026-08-17,GBU,OPT,GBUK7 C12650,2027-05-07,C,1.265,0.092500000,3,
2026-08-17,GBU,OPT,GBUK7 C12700,2027-05-07,C,1.27,0.088300000,3,
2026-08-17,GBU,OPT,GBUK7 C12750,2027-05-07,C,1.275,0.084100000,3,
2026-08-17,GBU,OPT,GBUK7 C12800,2027-05-07,C,1.28,0.080000000,3,
2026-08-17,GBU,OPT,GBUK7 C12850,2027-05-07,C,1.285,0.075900000,3,
2026-08-17,GBU,OPT,GBUK7 C12900,2027-05-07,C,1.29,0.071900000,3,
2026-08-17,GBU,OPT,GBUK7 C12950,2027-05-07,C,1.295,0.068000000,3,
2026-08-17,GBU,OPT,GBUK7 C13000,2027-05-07,C,1.3,0.064200000,3,
2026-08-17,GBU,OPT,GBUK7 C13050,2027-05-07,C,1.305,0.060400000,3,
2026-08-17,GBU,OPT,GBUK7 C13100,2027-05-07,C,1.31,0.056700000,3,
2026-08-17,GBU,OPT,GBUK7 C13150,2027-05-07,C,1.315,0.053200000,3,
2026-08-17,GBU,OPT,GBUK7 C13200,2027-05-07,C,1.32,0.049700000,3,4
2026-08-17,GBU,OPT,GBUK7 C13250,2027-05-07,C,1.325,0.046300000,3,
2026-08-17,GBU,OPT,GBUK7 C13300,2027-05-07,C,1.33,0.043100000,3,
2026-08-17,GBU,OPT,GBUK7 C13350,2027-05-07,C,1.335,0.039900000,3,
2026-08-17,GBU,OPT,GBUK7 C13400,2027-05-07,C,1.34,0.036900000,3,5
2026-08-17,GBU,OPT,GBUK7 C13450,2027-05-07,C,1.345,0.034100000,3,
2026-08-17,GBU,OPT,GBUK7 C13500,2027-05-07,C,1.35,0.031300000,3,
2026-08-17,GBU,OPT,GBUK7 C13550,2027-05-07,C,1.355,0.028700000,3,
2026-08-17,GBU,OPT,GBUK7 C13600,2027-05-07,C,1.36,0.026300000,3,
2026-08-17,GBU,OPT,GBUK7 C13650,2027-05-07,C,1.365,0.024000000,3,1
2026-08-17,GBU,OPT,GBUK7 C13700,2027-05-07,C,1.37,0.021900000,3,1
2026-08-17,GBU,OPT,GBUK7 C13750,2027-05-07,C,1.375,0.019900000,3,
2026-08-17,GBU,OPT,GBUK7 C13800,2027-05-07,C,1.38,0.018000000,3,
2026-08-17,GBU,OPT,GBUK7 C13850,2027-05-07,C,1.385,0.016300000,3,
2026-08-17,GBU,OPT,GBUK7 C13900,2027-05-07,C,1.39,0.014700000,3,
2026-08-17,GBU,OPT,GBUK7 C13950,2027-05-07,C,1.395,0.013300000,3,
2026-08-17,GBU,OPT,GBUK7 C14000,2027-05-07,C,1.4,0.011900000,3,
2026-08-17,GBU,OPT,GBUK7 C14050,2027-05-07,C,1.405,0.010700000,3,
2026-08-17,GBU,OPT,GBUK7 C14100,2027-05-07,C,1.41,0.009600000,3,
2026-08-17,GBU,OPT,GBUK7 C14200,2027-05-07,C,1.42,0.007700000,3,
2026-08-17,GBU,OPT,GBUK7 C14300,2027-05-07,C,1.43,0.006200000,3,
2026-08-17,GBU,OPT,GBUK7 C14400,2027-05-07,C,1.44,0.004900000,3,
2026-08-17,GBU,OPT,GBUK7 C14500,2027-05-07,C,1.45,0.003900000,3,
2026-08-17,GBU,OPT,GBUK7 C14600,2027-05-07,C,1.46,0.003100000,3,
2026-08-17,GBU,OPT,GBUK7 C14700,2027-05-07,C,1.47,0.002500000,3,
2026-08-17,GBU,OPT,GBUK7 C14800,2027-05-07,C,1.48,0.002000000,3,
2026-08-17,GBU,OPT,GBUK7 C14900,2027-05-07,C,1.49,0.001600000,3,
2026-08-17,GBU,OPT,GBUK7 C15000,2027-05-07,C,1.5,0.001200000,3,
2026-08-17,GBU,OPT,GBUK7 C15100,2027-05-07,C,1.51,0.001000000,3,
2026-08-17,GBU,OPT,GBUK7 C15200,2027-05-07,C,1.52,0.000800000,3,2
2026-08-17,GBU,OPT,GBUK7 C15300,2027-05-07,C,1.53,0.000600000,3,
2026-08-17,GBU,OPT,GBUK7 C15400,2027-05-07,C,1.54,0.000500000,3,
2026-08-17,GBU,OPT,GBUK7 C15500,2027-05-07,C,1.55,0.000400000,3,
2026-08-17,GBU,OPT,GBUK7 P11200,2027-05-07,P,1.12,0.000900000,3,
2026-08-17,GBU,OPT,GBUK7 P11300,2027-05-07,P,1.13,0.001100000,3,2
2026-08-17,GBU,OPT,GBUK7 P11400,2027-05-07,P,1.14,0.001200000,3,
2026-08-17,GBU,OPT,GBUK7 P11500,2027-05-07,P,1.15,0.001300000,3,3
2026-08-17,GBU,OPT,GBUK7 P11600,2027-05-07,P,1.16,0.001500000,3,
2026-08-17,GBU,OPT,GBUK7 P11700,2027-05-07,P,1.17,0.001700000,3,
2026-08-17,GBU,OPT,GBUK7 P11800,2027-05-07,P,1.18,0.001900000,3,
2026-08-17,GBU,OPT,GBUK7 P11900,2027-05-07,P,1.19,0.002200000,3,
2026-08-17,GBU,OPT,GBUK7 P12000,2027-05-07,P,1.2,0.002600000,3,
2026-08-17,GBU,OPT,GBUK7 P12100,2027-05-07,P,1.21,0.003000000,3,
2026-08-17,GBU,OPT,GBUK7 P12200,2027-05-07,P,1.22,0.003600000,3,
2026-08-17,GBU,OPT,GBUK7 P12300,2027-05-07,P,1.23,0.004200000,3,
2026-08-17,GBU,OPT,GBUK7 P12400,2027-05-07,P,1.24,0.004900000,3,
2026-08-17,GBU,OPT,GBUK7 P12500,2027-05-07,P,1.25,0.005800000,3,
2026-08-17,GBU,OPT,GBUK7 P12600,2027-05-07,P,1.26,0.006800000,3,
2026-08-17,GBU,OPT,GBUK7 P12650,2027-05-07,P,1.265,0.007400000,3,
2026-08-17,GBU,OPT,GBUK7 P12700,2027-05-07,P,1.27,0.008000000,3,1
2026-08-17,GBU,OPT,GBUK7 P12750,2027-05-07,P,1.275,0.008700000,3,
2026-08-17,GBU,OPT,GBUK7 P12800,2027-05-07,P,1.28,0.009500000,3,1
2026-08-17,GBU,OPT,GBUK7 P12850,2027-05-07,P,1.285,0.010300000,3,
2026-08-17,GBU,OPT,GBUK7 P12900,2027-05-07,P,1.29,0.011100000,3,
2026-08-17,GBU,OPT,GBUK7 P12950,2027-05-07,P,1.295,0.012100000,3,
2026-08-17,GBU,OPT,GBUK7 P13000,2027-05-07,P,1.3,0.013100000,3,10
2026-08-17,GBU,OPT,GBUK7 P13050,2027-05-07,P,1.305,0.014200000,3,
2026-08-17,GBU,OPT,GBUK7 P13100,2027-05-07,P,1.31,0.015400000,3,
2026-08-17,GBU,OPT,GBUK7 P13150,2027-05-07,P,1.315,0.016700000,3,
2026-08-17,GBU,OPT,GBUK7 P13200,2027-05-07,P,1.32,0.018100000,3,50
2026-08-17,GBU,OPT,GBUK7 P13250,2027-05-07,P,1.325,0.019600000,3,
2026-08-17,GBU,OPT,GBUK7 P13300,2027-05-07,P,1.33,0.021200000,3,
2026-08-17,GBU,OPT,GBUK7 P13350,2027-05-07,P,1.335,0.022900000,3,
2026-08-17,GBU,OPT,GBUK7 P13400,2027-05-07,P,1.34,0.024800000,3,
2026-08-17,GBU,OPT,GBUK7 P13450,2027-05-07,P,1.345,0.026800000,3,
2026-08-17,GBU,OPT,GBUK7 P13500,2027-05-07,P,1.35,0.028900000,3,50
2026-08-17,GBU,OPT,GBUK7 P13550,2027-05-07,P,1.355,0.031200000,3,
2026-08-17,GBU,OPT,GBUK7 P13600,2027-05-07,P,1.36,0.033600000,3,
2026-08-17,GBU,OPT,GBUK7 P13650,2027-05-07,P,1.365,0.036200000,3,
2026-08-17,GBU,OPT,GBUK7 P13700,2027-05-07,P,1.37,0.038900000,3,
2026-08-17,GBU,OPT,GBUK7 P13750,2027-05-07,P,1.375,0.041800000,3,
2026-08-17,GBU,OPT,GBUK7 P13800,2027-05-07,P,1.38,0.044800000,3,
2026-08-17,GBU,OPT,GBUK7 P13850,2027-05-07,P,1.385,0.047900000,3,
2026-08-17,GBU,OPT,GBUK7 P13900,2027-05-07,P,1.39,0.051200000,3,
2026-08-17,GBU,OPT,GBUK7 P13950,2027-05-07,P,1.395,0.054600000,3,
2026-08-17,GBU,OPT,GBUK7 P14000,2027-05-07,P,1.4,0.058200000,3,
2026-08-17,GBU,OPT,GBUK7 P14050,2027-05-07,P,1.405,0.061800000,3,
2026-08-17,GBU,OPT,GBUK7 P14100,2027-05-07,P,1.41,0.065600000,3,
2026-08-17,GBU,OPT,GBUK7 P14200,2027-05-07,P,1.42,0.073400000,3,
2026-08-17,GBU,OPT,GBUK7 P14300,2027-05-07,P,1.43,0.081600000,3,
2026-08-17,GBU,OPT,GBUK7 P14400,2027-05-07,P,1.44,0.090100000,3,
2026-08-17,GBU,OPT,GBUK7 P14500,2027-05-07,P,1.45,0.098800000,3,
2026-08-17,GBU,OPT,GBUK7 P14600,2027-05-07,P,1.46,0.107700000,3,
2026-08-17,GBU,OPT,GBUK7 P14700,2027-05-07,P,1.47,0.116800000,3,
2026-08-17,GBU,OPT,GBUK7 P14800,2027-05-07,P,1.48,0.126000000,3,
2026-08-17,GBU,OPT,GBUK7 P14900,2027-05-07,P,1.49,0.135300000,3,
2026-08-17,GBU,OPT,GBUK7 P15000,2027-05-07,P,1.5,0.144700000,3,
2026-08-17,GBU,OPT,GBUK7 P15100,2027-05-07,P,1.51,0.154200000,3,
2026-08-17,GBU,OPT,GBUK7 P15200,2027-05-07,P,1.52,0.163700000,3,
2026-08-17,GBU,OPT,GBUK7 P15300,2027-05-07,P,1.53,0.173300000,3,
2026-08-17,GBU,OPT,GBUK7 P15400,2027-05-07,P,1.54,0.182900000,3,
2026-08-17,GBU,OPT,GBUK7 P15500,2027-05-07,P,1.55,0.192500000,3,
2026-08-17,GBU,OPT,GBUM7 C11000,2027-06-04,C,1.1,0.245800000,3,
2026-08-17,GBU,OPT,GBUM7 C11100,2027-06-04,C,1.11,0.236200000,3,
2026-08-17,GBU,OPT,GBUM7 C11200,2027-06-04,C,1.12,0.226600000,3,
2026-08-17,GBU,OPT,GBUM7 C11300,2027-06-04,C,1.13,0.217100000,3,
2026-08-17,GBU,OPT,GBUM7 C11400,2027-06-04,C,1.14,0.207500000,3,
2026-08-17,GBU,OPT,GBUM7 C11500,2027-06-04,C,1.15,0.198000000,3,
2026-08-17,GBU,OPT,GBUM7 C11600,2027-06-04,C,1.16,0.188500000,3,
2026-08-17,GBU,OPT,GBUM7 C11700,2027-06-04,C,1.17,0.179100000,3,
2026-08-17,GBU,OPT,GBUM7 C11800,2027-06-04,C,1.18,0.169700000,3,
2026-08-17,GBU,OPT,GBUM7 C11900,2027-06-04,C,1.19,0.160400000,3,
2026-08-17,GBU,OPT,GBUM7 C12000,2027-06-04,C,1.2,0.151100000,3,
2026-08-17,GBU,OPT,GBUM7 C12100,2027-06-04,C,1.21,0.141900000,3,
2026-08-17,GBU,OPT,GBUM7 C12200,2027-06-04,C,1.22,0.132800000,3,
2026-08-17,GBU,OPT,GBUM7 C12300,2027-06-04,C,1.23,0.123900000,3,
2026-08-17,GBU,OPT,GBUM7 C12400,2027-06-04,C,1.24,0.115000000,3,
2026-08-17,GBU,OPT,GBUM7 C12500,2027-06-04,C,1.25,0.106300000,3,
2026-08-17,GBU,OPT,GBUM7 C12550,2027-06-04,C,1.255,0.102000000,3,
2026-08-17,GBU,OPT,GBUM7 C12600,2027-06-04,C,1.26,0.097700000,3,
2026-08-17,GBU,OPT,GBUM7 C12650,2027-06-04,C,1.265,0.093500000,3,
2026-08-17,GBU,OPT,GBUM7 C12700,2027-06-04,C,1.27,0.089300000,3,
2026-08-17,GBU,OPT,GBUM7 C12750,2027-06-04,C,1.275,0.085200000,3,
2026-08-17,GBU,OPT,GBUM7 C12800,2027-06-04,C,1.28,0.081200000,3,
2026-08-17,GBU,OPT,GBUM7 C12850,2027-06-04,C,1.285,0.077200000,3,
2026-08-17,GBU,OPT,GBUM7 C12900,2027-06-04,C,1.29,0.073300000,3,
2026-08-17,GBU,OPT,GBUM7 C12950,2027-06-04,C,1.295,0.069400000,3,
2026-08-17,GBU,OPT,GBUM7 C13000,2027-06-04,C,1.3,0.065700000,3,
2026-08-17,GBU,OPT,GBUM7 C13050,2027-06-04,C,1.305,0.062000000,3,
2026-08-17,GBU,OPT,GBUM7 C13100,2027-06-04,C,1.31,0.058400000,3,
2026-08-17,GBU,OPT,GBUM7 C13150,2027-06-04,C,1.315,0.054800000,3,
2026-08-17,GBU,OPT,GBUM7 C13200,2027-06-04,C,1.32,0.051400000,3,
2026-08-17,GBU,OPT,GBUM7 C13250,2027-06-04,C,1.325,0.048100000,3,
2026-08-17,GBU,OPT,GBUM7 C13300,2027-06-04,C,1.33,0.044900000,3,
2026-08-17,GBU,OPT,GBUM7 C13350,2027-06-04,C,1.335,0.041800000,3,
2026-08-17,GBU,OPT,GBUM7 C13400,2027-06-04,C,1.34,0.038800000,3,
2026-08-17,GBU,OPT,GBUM7 C13450,2027-06-04,C,1.345,0.036000000,3,
2026-08-17,GBU,OPT,GBUM7 C13500,2027-06-04,C,1.35,0.033300000,3,5
2026-08-17,GBU,OPT,GBUM7 C13550,2027-06-04,C,1.355,0.030700000,3,
2026-08-17,GBU,OPT,GBUM7 C13600,2027-06-04,C,1.36,0.028200000,3,
2026-08-17,GBU,OPT,GBUM7 C13650,2027-06-04,C,1.365,0.025900000,3,2
2026-08-17,GBU,OPT,GBUM7 C13700,2027-06-04,C,1.37,0.023700000,3,1
2026-08-17,GBU,OPT,GBUM7 C13750,2027-06-04,C,1.375,0.021700000,3,4
2026-08-17,GBU,OPT,GBUM7 C13800,2027-06-04,C,1.38,0.019800000,3,5
2026-08-17,GBU,OPT,GBUM7 C13850,2027-06-04,C,1.385,0.018000000,3,
2026-08-17,GBU,OPT,GBUM7 C13900,2027-06-04,C,1.39,0.016400000,3,
2026-08-17,GBU,OPT,GBUM7 C13950,2027-06-04,C,1.395,0.014900000,3,
2026-08-17,GBU,OPT,GBUM7 C14000,2027-06-04,C,1.4,0.013500000,3,8
2026-08-17,GBU,OPT,GBUM7 C14050,2027-06-04,C,1.405,0.012200000,3,
2026-08-17,GBU,OPT,GBUM7 C14100,2027-06-04,C,1.41,0.011100000,3,
2026-08-17,GBU,OPT,GBUM7 C14150,2027-06-04,C,1.415,0.010000000,3,
2026-08-17,GBU,OPT,GBUM7 C14200,2027-06-04,C,1.42,0.009100000,3,1
2026-08-17,GBU,OPT,GBUM7 C14250,2027-06-04,C,1.425,0.008200000,3,
2026-08-17,GBU,OPT,GBUM7 C14300,2027-06-04,C,1.43,0.007400000,3,
2026-08-17,GBU,OPT,GBUM7 C14400,2027-06-04,C,1.44,0.006000000,3,
2026-08-17,GBU,OPT,GBUM7 C14500,2027-06-04,C,1.45,0.004900000,3,5
2026-08-17,GBU,OPT,GBUM7 C14600,2027-06-04,C,1.46,0.004000000,3,
2026-08-17,GBU,OPT,GBUM7 C14700,2027-06-04,C,1.47,0.003200000,3,
2026-08-17,GBU,OPT,GBUM7 C14800,2027-06-04,C,1.48,0.002600000,3,1
2026-08-17,GBU,OPT,GBUM7 C14900,2027-06-04,C,1.49,0.002100000,3,
2026-08-17,GBU,OPT,GBUM7 C15000,2027-06-04,C,1.5,0.001700000,3,
2026-08-17,GBU,OPT,GBUM7 C15100,2027-06-04,C,1.51,0.001400000,3,
2026-08-17,GBU,OPT,GBUM7 C15200,2027-06-04,C,1.52,0.001200000,3,
2026-08-17,GBU,OPT,GBUM7 C15300,2027-06-04,C,1.53,0.000900000,3,
2026-08-17,GBU,OPT,GBUM7 C15400,2027-06-04,C,1.54,0.000700000,3,
2026-08-17,GBU,OPT,GBUM7 C15500,2027-06-04,C,1.55,0.000600000,3,5
2026-08-17,GBU,OPT,GBUM7 C15600,2027-06-04,C,1.56,0.000500000,3,
2026-08-17,GBU,OPT,GBUM7 C15700,2027-06-04,C,1.57,0.000400000,3,
2026-08-17,GBU,OPT,GBUM7 P11000,2027-06-04,P,1.1,0.001000000,3,2
2026-08-17,GBU,OPT,GBUM7 P11100,2027-06-04,P,1.11,0.001100000,3,
2026-08-17,GBU,OPT,GBUM7 P11200,2027-06-04,P,1.12,0.001200000,3,
2026-08-17,GBU,OPT,GBUM7 P11300,2027-06-04,P,1.13,0.001300000,3,
2026-08-17,GBU,OPT,GBUM7 P11400,2027-06-04,P,1.14,0.001500000,3,
2026-08-17,GBU,OPT,GBUM7 P11500,2027-06-04,P,1.15,0.001600000,3,5
2026-08-17,GBU,OPT,GBUM7 P11600,2027-06-04,P,1.16,0.001900000,3,
2026-08-17,GBU,OPT,GBUM7 P11700,2027-06-04,P,1.17,0.002100000,3,
2026-08-17,GBU,OPT,GBUM7 P11800,2027-06-04,P,1.18,0.002400000,3,
2026-08-17,GBU,OPT,GBUM7 P11900,2027-06-04,P,1.19,0.002800000,3,1
2026-08-17,GBU,OPT,GBUM7 P12000,2027-06-04,P,1.2,0.003200000,3,2
2026-08-17,GBU,OPT,GBUM7 P12100,2027-06-04,P,1.21,0.003800000,3,
2026-08-17,GBU,OPT,GBUM7 P12200,2027-06-04,P,1.22,0.004400000,3,
2026-08-17,GBU,OPT,GBUM7 P12300,2027-06-04,P,1.23,0.005100000,3,
2026-08-17,GBU,OPT,GBUM7 P12400,2027-06-04,P,1.24,0.005900000,3,4
2026-08-17,GBU,OPT,GBUM7 P12500,2027-06-04,P,1.25,0.006900000,3,
2026-08-17,GBU,OPT,GBUM7 P12550,2027-06-04,P,1.255,0.007400000,3,
2026-08-17,GBU,OPT,GBUM7 P12600,2027-06-04,P,1.26,0.008000000,3,
2026-08-17,GBU,OPT,GBUM7 P12650,2027-06-04,P,1.265,0.008600000,3,
2026-08-17,GBU,OPT,GBUM7 P12700,2027-06-04,P,1.27,0.009300000,3,1
2026-08-17,GBU,OPT,GBUM7 P12750,2027-06-04,P,1.275,0.010100000,3,
2026-08-17,GBU,OPT,GBUM7 P12800,2027-06-04,P,1.28,0.010900000,3,
2026-08-17,GBU,OPT,GBUM7 P12850,2027-06-04,P,1.285,0.011700000,3,
2026-08-17,GBU,OPT,GBUM7 P12900,2027-06-04,P,1.29,0.012700000,3,
2026-08-17,GBU,OPT,GBUM7 P12950,2027-06-04,P,1.295,0.013700000,3,
2026-08-17,GBU,OPT,GBUM7 P13000,2027-06-04,P,1.3,0.014700000,3,8
2026-08-17,GBU,OPT,GBUM7 P13050,2027-06-04,P,1.305,0.015900000,3,
2026-08-17,GBU,OPT,GBUM7 P13100,2027-06-04,P,1.31,0.017100000,3,
2026-08-17,GBU,OPT,GBUM7 P13150,2027-06-04,P,1.315,0.018500000,3,
2026-08-17,GBU,OPT,GBUM7 P13200,2027-06-04,P,1.32,0.019900000,3,100
2026-08-17,GBU,OPT,GBUM7 P13250,2027-06-04,P,1.325,0.021400000,3,
2026-08-17,GBU,OPT,GBUM7 P13300,2027-06-04,P,1.33,0.023100000,3,2
2026-08-17,GBU,OPT,GBUM7 P13350,2027-06-04,P,1.335,0.024800000,3,
2026-08-17,GBU,OPT,GBUM7 P13400,2027-06-04,P,1.34,0.026700000,3,
2026-08-17,GBU,OPT,GBUM7 P13450,2027-06-04,P,1.345,0.028700000,3,
2026-08-17,GBU,OPT,GBUM7 P13500,2027-06-04,P,1.35,0.030800000,3,100
2026-08-17,GBU,OPT,GBUM7 P13550,2027-06-04,P,1.355,0.033100000,3,
2026-08-17,GBU,OPT,GBUM7 P13600,2027-06-04,P,1.36,0.035500000,3,2
2026-08-17,GBU,OPT,GBUM7 P13650,2027-06-04,P,1.365,0.038000000,3,
2026-08-17,GBU,OPT,GBUM7 P13700,2027-06-04,P,1.37,0.040700000,3,
2026-08-17,GBU,OPT,GBUM7 P13750,2027-06-04,P,1.375,0.043500000,3,
2026-08-17,GBU,OPT,GBUM7 P13800,2027-06-04,P,1.38,0.046500000,3,
2026-08-17,GBU,OPT,GBUM7 P13850,2027-06-04,P,1.385,0.049500000,3,
2026-08-17,GBU,OPT,GBUM7 P13900,2027-06-04,P,1.39,0.052800000,3,1
2026-08-17,GBU,OPT,GBUM7 P13950,2027-06-04,P,1.395,0.056100000,3,
2026-08-17,GBU,OPT,GBUM7 P14000,2027-06-04,P,1.4,0.059600000,3,
2026-08-17,GBU,OPT,GBUM7 P14050,2027-06-04,P,1.405,0.063200000,3,
2026-08-17,GBU,OPT,GBUM7 P14100,2027-06-04,P,1.41,0.066800000,3,
2026-08-17,GBU,OPT,GBUM7 P14150,2027-06-04,P,1.415,0.070600000,3,
2026-08-17,GBU,OPT,GBUM7 P14200,2027-06-04,P,1.42,0.074500000,3,
2026-08-17,GBU,OPT,GBUM7 P14250,2027-06-04,P,1.425,0.078500000,3,
2026-08-17,GBU,OPT,GBUM7 P14300,2027-06-04,P,1.43,0.082600000,3,
2026-08-17,GBU,OPT,GBUM7 P14400,2027-06-04,P,1.44,0.090900000,3,
2026-08-17,GBU,OPT,GBUM7 P14500,2027-06-04,P,1.45,0.099400000,3,
2026-08-17,GBU,OPT,GBUM7 P14600,2027-06-04,P,1.46,0.108200000,3,
2026-08-17,GBU,OPT,GBUM7 P14700,2027-06-04,P,1.47,0.117200000,3,
2026-08-17,GBU,OPT,GBUM7 P14800,2027-06-04,P,1.48,0.126200000,3,
2026-08-17,GBU,OPT,GBUM7 P14900,2027-06-04,P,1.49,0.135400000,3,
2026-08-17,GBU,OPT,GBUM7 P15000,2027-06-04,P,1.5,0.144700000,3,
2026-08-17,GBU,OPT,GBUM7 P15100,2027-06-04,P,1.51,0.154100000,3,
2026-08-17,GBU,OPT,GBUM7 P15200,2027-06-04,P,1.52,0.163600000,3,
2026-08-17,GBU,OPT,GBUM7 P15300,2027-06-04,P,1.53,0.173000000,3,
2026-08-17,GBU,OPT,GBUM7 P15400,2027-06-04,P,1.54,0.182600000,3,
2026-08-17,GBU,OPT,GBUM7 P15500,2027-06-04,P,1.55,0.192100000,3,
2026-08-17,GBU,OPT,GBUM7 P15600,2027-06-04,P,1.56,0.201700000,3,
2026-08-17,GBU,OPT,GBUM7 P15700,2027-06-04,P,1.57,0.211300000,3,
2026-08-17,GBU,OPT,GBUN7 C11300,2027-07-09,C,1.13,0.215500000,3,
2026-08-17,GBU,OPT,GBUN7 C11400,2027-07-09,C,1.14,0.206100000,3,
2026-08-17,GBU,OPT,GBUN7 C11500,2027-07-09,C,1.15,0.196700000,3,
2026-08-17,GBU,OPT,GBUN7 C11600,2027-07-09,C,1.16,0.187400000,3,
2026-08-17,GBU,OPT,GBUN7 C11700,2027-07-09,C,1.17,0.178100000,3,
2026-08-17,GBU,OPT,GBUN7 C11800,2027-07-09,C,1.18,0.168800000,3,
2026-08-17,GBU,OPT,GBUN7 C11900,2027-07-09,C,1.19,0.159600000,3,
2026-08-17,GBU,OPT,GBUN7 C12000,2027-07-09,C,1.2,0.150500000,3,
2026-08-17,GBU,OPT,GBUN7 C12100,2027-07-09,C,1.21,0.141500000,3,
2026-08-17,GBU,OPT,GBUN7 C12200,2027-07-09,C,1.22,0.132600000,3,
2026-08-17,GBU,OPT,GBUN7 C12300,2027-07-09,C,1.23,0.123800000,3,
2026-08-17,GBU,OPT,GBUN7 C12400,2027-07-09,C,1.24,0.115100000,3,
2026-08-17,GBU,OPT,GBUN7 C12500,2027-07-09,C,1.25,0.106500000,3,
2026-08-17,GBU,OPT,GBUN7 C12600,2027-07-09,C,1.26,0.098100000,3,
2026-08-17,GBU,OPT,GBUN7 C12700,2027-07-09,C,1.27,0.089900000,3,
2026-08-17,GBU,OPT,GBUN7 C12800,2027-07-09,C,1.28,0.082000000,3,
2026-08-17,GBU,OPT,GBUN7 C12850,2027-07-09,C,1.285,0.078100000,3,
2026-08-17,GBU,OPT,GBUN7 C12900,2027-07-09,C,1.29,0.074200000,3,
2026-08-17,GBU,OPT,GBUN7 C12950,2027-07-09,C,1.295,0.070500000,3,
2026-08-17,GBU,OPT,GBUN7 C13000,2027-07-09,C,1.3,0.066800000,3,
2026-08-17,GBU,OPT,GBUN7 C13050,2027-07-09,C,1.305,0.063200000,3,
2026-08-17,GBU,OPT,GBUN7 C13100,2027-07-09,C,1.31,0.059700000,3,
2026-08-17,GBU,OPT,GBUN7 C13150,2027-07-09,C,1.315,0.056200000,3,
2026-08-17,GBU,OPT,GBUN7 C13200,2027-07-09,C,1.32,0.052900000,3,
2026-08-17,GBU,OPT,GBUN7 C13250,2027-07-09,C,1.325,0.049600000,3,
2026-08-17,GBU,OPT,GBUN7 C13300,2027-07-09,C,1.33,0.046500000,3,
2026-08-17,GBU,OPT,GBUN7 C13350,2027-07-09,C,1.335,0.043500000,3,
2026-08-17,GBU,OPT,GBUN7 C13400,2027-07-09,C,1.34,0.040500000,3,
2026-08-17,GBU,OPT,GBUN7 C13450,2027-07-09,C,1.345,0.037700000,3,
2026-08-17,GBU,OPT,GBUN7 C13500,2027-07-09,C,1.35,0.035000000,3,3
2026-08-17,GBU,OPT,GBUN7 C13550,2027-07-09,C,1.355,0.032500000,3,
2026-08-17,GBU,OPT,GBUN7 C13600,2027-07-09,C,1.36,0.030000000,3,1
2026-08-17,GBU,OPT,GBUN7 C13650,2027-07-09,C,1.365,0.027700000,3,
2026-08-17,GBU,OPT,GBUN7 C13700,2027-07-09,C,1.37,0.025500000,3,1
2026-08-17,GBU,OPT,GBUN7 C13750,2027-07-09,C,1.375,0.023400000,3,
2026-08-17,GBU,OPT,GBUN7 C13800,2027-07-09,C,1.38,0.021500000,3,
2026-08-17,GBU,OPT,GBUN7 C13850,2027-07-09,C,1.385,0.019700000,3,
2026-08-17,GBU,OPT,GBUN7 C13900,2027-07-09,C,1.39,0.018100000,3,
2026-08-17,GBU,OPT,GBUN7 C13950,2027-07-09,C,1.395,0.016500000,3,
2026-08-17,GBU,OPT,GBUN7 C14000,2027-07-09,C,1.4,0.015100000,3,
2026-08-17,GBU,OPT,GBUN7 C14100,2027-07-09,C,1.41,0.012600000,3,
2026-08-17,GBU,OPT,GBUN7 C14200,2027-07-09,C,1.42,0.010500000,3,
2026-08-17,GBU,OPT,GBUN7 C14300,2027-07-09,C,1.43,0.008700000,3,
2026-08-17,GBU,OPT,GBUN7 C14400,2027-07-09,C,1.44,0.007200000,3,1
2026-08-17,GBU,OPT,GBUN7 C14500,2027-07-09,C,1.45,0.005900000,3,
2026-08-17,GBU,OPT,GBUN7 C14600,2027-07-09,C,1.46,0.004900000,3,
2026-08-17,GBU,OPT,GBUN7 C14700,2027-07-09,C,1.47,0.004000000,3,6
2026-08-17,GBU,OPT,GBUN7 C14800,2027-07-09,C,1.48,0.003200000,3,3
2026-08-17,GBU,OPT,GBUN7 C14900,2027-07-09,C,1.49,0.002600000,3,
2026-08-17,GBU,OPT,GBUN7 C15000,2027-07-09,C,1.5,0.002100000,3,3
2026-08-17,GBU,OPT,GBUN7 C15100,2027-07-09,C,1.51,0.001700000,3,
2026-08-17,GBU,OPT,GBUN7 C15200,2027-07-09,C,1.52,0.001400000,3,3
2026-08-17,GBU,OPT,GBUN7 C15300,2027-07-09,C,1.53,0.001100000,3,
2026-08-17,GBU,OPT,GBUN7 C15400,2027-07-09,C,1.54,0.000900000,3,
2026-08-17,GBU,OPT,GBUN7 C15500,2027-07-09,C,1.55,0.000700000,3,
2026-08-17,GBU,OPT,GBUN7 P11300,2027-07-09,P,1.13,0.001400000,3,
2026-08-17,GBU,OPT,GBUN7 P11400,2027-07-09,P,1.14,0.001700000,3,
2026-08-17,GBU,OPT,GBUN7 P11500,2027-07-09,P,1.15,0.002000000,3,2
2026-08-17,GBU,OPT,GBUN7 P11600,2027-07-09,P,1.16,0.002300000,3,
2026-08-17,GBU,OPT,GBUN7 P11700,2027-07-09,P,1.17,0.002600000,3,
2026-08-17,GBU,OPT,GBUN7 P11800,2027-07-09,P,1.18,0.003100000,3,1
2026-08-17,GBU,OPT,GBUN7 P11900,2027-07-09,P,1.19,0.003500000,3,1
2026-08-17,GBU,OPT,GBUN7 P12000,2027-07-09,P,1.2,0.004100000,3,
2026-08-17,GBU,OPT,GBUN7 P12100,2027-07-09,P,1.21,0.004700000,3,
2026-08-17,GBU,OPT,GBUN7 P12200,2027-07-09,P,1.22,0.005500000,3,
2026-08-17,GBU,OPT,GBUN7 P12300,2027-07-09,P,1.23,0.006300000,3,
2026-08-17,GBU,OPT,GBUN7 P12400,2027-07-09,P,1.24,0.007300000,3,
2026-08-17,GBU,OPT,GBUN7 P12500,2027-07-09,P,1.25,0.008400000,3,
2026-08-17,GBU,OPT,GBUN7 P12600,2027-07-09,P,1.26,0.009700000,3,
2026-08-17,GBU,OPT,GBUN7 P12700,2027-07-09,P,1.27,0.011100000,3,2
2026-08-17,GBU,OPT,GBUN7 P12800,2027-07-09,P,1.28,0.012800000,3,2
2026-08-17,GBU,OPT,GBUN7 P12850,2027-07-09,P,1.285,0.013700000,3,2
2026-08-17,GBU,OPT,GBUN7 P12900,2027-07-09,P,1.29,0.014700000,3,1
2026-08-17,GBU,OPT,GBUN7 P12950,2027-07-09,P,1.295,0.015800000,3,
2026-08-17,GBU,OPT,GBUN7 P13000,2027-07-09,P,1.3,0.016900000,3,
2026-08-17,GBU,OPT,GBUN7 P13050,2027-07-09,P,1.305,0.018200000,3,
2026-08-17,GBU,OPT,GBUN7 P13100,2027-07-09,P,1.31,0.019500000,3,
2026-08-17,GBU,OPT,GBUN7 P13150,2027-07-09,P,1.315,0.020900000,3,
2026-08-17,GBU,OPT,GBUN7 P13200,2027-07-09,P,1.32,0.022400000,3,
2026-08-17,GBU,OPT,GBUN7 P13250,2027-07-09,P,1.325,0.024000000,3,
2026-08-17,GBU,OPT,GBUN7 P13300,2027-07-09,P,1.33,0.025600000,3,
2026-08-17,GBU,OPT,GBUN7 P13350,2027-07-09,P,1.335,0.027400000,3,
2026-08-17,GBU,OPT,GBUN7 P13400,2027-07-09,P,1.34,0.029300000,3,1
2026-08-17,GBU,OPT,GBUN7 P13450,2027-07-09,P,1.345,0.031400000,3,
2026-08-17,GBU,OPT,GBUN7 P13500,2027-07-09,P,1.35,0.033500000,3,6
2026-08-17,GBU,OPT,GBUN7 P13550,2027-07-09,P,1.355,0.035800000,3,
2026-08-17,GBU,OPT,GBUN7 P13600,2027-07-09,P,1.36,0.038100000,3,3
2026-08-17,GBU,OPT,GBUN7 P13650,2027-07-09,P,1.365,0.040600000,3,
2026-08-17,GBU,OPT,GBUN7 P13700,2027-07-09,P,1.37,0.043300000,3,
2026-08-17,GBU,OPT,GBUN7 P13750,2027-07-09,P,1.375,0.046000000,3,
2026-08-17,GBU,OPT,GBUN7 P13800,2027-07-09,P,1.38,0.048900000,3,
2026-08-17,GBU,OPT,GBUN7 P13850,2027-07-09,P,1.385,0.052000000,3,
2026-08-17,GBU,OPT,GBUN7 P13900,2027-07-09,P,1.39,0.055100000,3,
2026-08-17,GBU,OPT,GBUN7 P13950,2027-07-09,P,1.395,0.058400000,3,
2026-08-17,GBU,OPT,GBUN7 P14000,2027-07-09,P,1.4,0.061800000,3,
2026-08-17,GBU,OPT,GBUN7 P14100,2027-07-09,P,1.41,0.069000000,3,
2026-08-17,GBU,OPT,GBUN7 P14200,2027-07-09,P,1.42,0.076500000,3,
2026-08-17,GBU,OPT,GBUN7 P14300,2027-07-09,P,1.43,0.084400000,3,
2026-08-17,GBU,OPT,GBUN7 P14400,2027-07-09,P,1.44,0.092600000,3,
2026-08-17,GBU,OPT,GBUN7 P14500,2027-07-09,P,1.45,0.101000000,3,
2026-08-17,GBU,OPT,GBUN7 P14600,2027-07-09,P,1.46,0.109600000,3,
2026-08-17,GBU,OPT,GBUN7 P14700,2027-07-09,P,1.47,0.118300000,3,
2026-08-17,GBU,OPT,GBUN7 P14800,2027-07-09,P,1.48,0.127300000,3,
2026-08-17,GBU,OPT,GBUN7 P14900,2027-07-09,P,1.49,0.136300000,3,
2026-08-17,GBU,OPT,GBUN7 P15000,2027-07-09,P,1.5,0.145500000,3,
2026-08-17,GBU,OPT,GBUN7 P15100,2027-07-09,P,1.51,0.154700000,3,
2026-08-17,GBU,OPT,GBUN7 P15200,2027-07-09,P,1.52,0.164100000,3,
2026-08-17,GBU,OPT,GBUN7 P15300,2027-07-09,P,1.53,0.173500000,3,
2026-08-17,GBU,OPT,GBUN7 P15400,2027-07-09,P,1.54,0.182900000,3,
2026-08-17,GBU,OPT,GBUN7 P15500,2027-07-09,P,1.55,0.192400000,3,
2026-08-17,GBU,OPT,GBUQ7 C11500,2027-08-06,C,1.15,0.196500000,3,
2026-08-17,GBU,OPT,GBUQ7 C11600,2027-08-06,C,1.16,0.187300000,3,
2026-08-17,GBU,OPT,GBUQ7 C11700,2027-08-06,C,1.17,0.178000000,3,
2026-08-17,GBU,OPT,GBUQ7 C11800,2027-08-06,C,1.18,0.168900000,3,
2026-08-17,GBU,OPT,GBUQ7 C11900,2027-08-06,C,1.19,0.159800000,3,
2026-08-17,GBU,OPT,GBUQ7 C12000,2027-08-06,C,1.2,0.150800000,3,
2026-08-17,GBU,OPT,GBUQ7 C12100,2027-08-06,C,1.21,0.141900000,3,
2026-08-17,GBU,OPT,GBUQ7 C12200,2027-08-06,C,1.22,0.133100000,3,
2026-08-17,GBU,OPT,GBUQ7 C12300,2027-08-06,C,1.23,0.124400000,3,
2026-08-17,GBU,OPT,GBUQ7 C12400,2027-08-06,C,1.24,0.115800000,3,
2026-08-17,GBU,OPT,GBUQ7 C12500,2027-08-06,C,1.25,0.107300000,3,
2026-08-17,GBU,OPT,GBUQ7 C12600,2027-08-06,C,1.26,0.099100000,3,
2026-08-17,GBU,OPT,GBUQ7 C12700,2027-08-06,C,1.27,0.091000000,3,
2026-08-17,GBU,OPT,GBUQ7 C12800,2027-08-06,C,1.28,0.083100000,3,
2026-08-17,GBU,OPT,GBUQ7 C12900,2027-08-06,C,1.29,0.075500000,3,
2026-08-17,GBU,OPT,GBUQ7 C12950,2027-08-06,C,1.295,0.071800000,3,
2026-08-17,GBU,OPT,GBUQ7 C13000,2027-08-06,C,1.3,0.068200000,3,
2026-08-17,GBU,OPT,GBUQ7 C13050,2027-08-06,C,1.305,0.064600000,3,
2026-08-17,GBU,OPT,GBUQ7 C13100,2027-08-06,C,1.31,0.061200000,3,
2026-08-17,GBU,OPT,GBUQ7 C13150,2027-08-06,C,1.315,0.057800000,3,
2026-08-17,GBU,OPT,GBUQ7 C13200,2027-08-06,C,1.32,0.054500000,3,
2026-08-17,GBU,OPT,GBUQ7 C13250,2027-08-06,C,1.325,0.051300000,3,
2026-08-17,GBU,OPT,GBUQ7 C13300,2027-08-06,C,1.33,0.048200000,3,
2026-08-17,GBU,OPT,GBUQ7 C13350,2027-08-06,C,1.335,0.045200000,3,
2026-08-17,GBU,OPT,GBUQ7 C13400,2027-08-06,C,1.34,0.042300000,3,
2026-08-17,GBU,OPT,GBUQ7 C13450,2027-08-06,C,1.345,0.039500000,3,
2026-08-17,GBU,OPT,GBUQ7 C13500,2027-08-06,C,1.35,0.036800000,3,
2026-08-17,GBU,OPT,GBUQ7 C13550,2027-08-06,C,1.355,0.034300000,3,
2026-08-17,GBU,OPT,GBUQ7 C13600,2027-08-06,C,1.36,0.031900000,3,
2026-08-17,GBU,OPT,GBUQ7 C13650,2027-08-06,C,1.365,0.029600000,3,
2026-08-17,GBU,OPT,GBUQ7 C13700,2027-08-06,C,1.37,0.027400000,3,
2026-08-17,GBU,OPT,GBUQ7 C13750,2027-08-06,C,1.375,0.025300000,3,
2026-08-17,GBU,OPT,GBUQ7 C13800,2027-08-06,C,1.38,0.023400000,3,
2026-08-17,GBU,OPT,GBUQ7 C13850,2027-08-06,C,1.385,0.021600000,3,
2026-08-17,GBU,OPT,GBUQ7 C13900,2027-08-06,C,1.39,0.019900000,3,
2026-08-17,GBU,OPT,GBUQ7 C13950,2027-08-06,C,1.395,0.018300000,3,
2026-08-17,GBU,OPT,GBUQ7 C14000,2027-08-06,C,1.4,0.016800000,3,
2026-08-17,GBU,OPT,GBUQ7 C14100,2027-08-06,C,1.41,0.014200000,3,
2026-08-17,GBU,OPT,GBUQ7 C14200,2027-08-06,C,1.42,0.011900000,3,
2026-08-17,GBU,OPT,GBUQ7 C14300,2027-08-06,C,1.43,0.010000000,3,
2026-08-17,GBU,OPT,GBUQ7 C14400,2027-08-06,C,1.44,0.008300000,3,
2026-08-17,GBU,OPT,GBUQ7 C14500,2027-08-06,C,1.45,0.007000000,3,
2026-08-17,GBU,OPT,GBUQ7 C14600,2027-08-06,C,1.46,0.005800000,3,
2026-08-17,GBU,OPT,GBUQ7 C14700,2027-08-06,C,1.47,0.004800000,3,
2026-08-17,GBU,OPT,GBUQ7 C14800,2027-08-06,C,1.48,0.004000000,3,
2026-08-17,GBU,OPT,GBUQ7 C14900,2027-08-06,C,1.49,0.003300000,3,
2026-08-17,GBU,OPT,GBUQ7 C15000,2027-08-06,C,1.5,0.002700000,3,
2026-08-17,GBU,OPT,GBUQ7 C15100,2027-08-06,C,1.51,0.002200000,3,
2026-08-17,GBU,OPT,GBUQ7 C15200,2027-08-06,C,1.52,0.001800000,3,
2026-08-17,GBU,OPT,GBUQ7 C15300,2027-08-06,C,1.53,0.001500000,3,
2026-08-17,GBU,OPT,GBUQ7 C15400,2027-08-06,C,1.54,0.001200000,3,
2026-08-17,GBU,OPT,GBUQ7 C15500,2027-08-06,C,1.55,0.001000000,3,
2026-08-17,GBU,OPT,GBUQ7 P11500,2027-08-06,P,1.15,0.002400000,3,
2026-08-17,GBU,OPT,GBUQ7 P11600,2027-08-06,P,1.16,0.002700000,3,
2026-08-17,GBU,OPT,GBUQ7 P11700,2027-08-06,P,1.17,0.003200000,3,
2026-08-17,GBU,OPT,GBUQ7 P11800,2027-08-06,P,1.18,0.003700000,3,
2026-08-17,GBU,OPT,GBUQ7 P11900,2027-08-06,P,1.19,0.004200000,3,
2026-08-17,GBU,OPT,GBUQ7 P12000,2027-08-06,P,1.2,0.004800000,3,
2026-08-17,GBU,OPT,GBUQ7 P12100,2027-08-06,P,1.21,0.005600000,3,
2026-08-17,GBU,OPT,GBUQ7 P12200,2027-08-06,P,1.22,0.006400000,3,
2026-08-17,GBU,OPT,GBUQ7 P12300,2027-08-06,P,1.23,0.007300000,3,
2026-08-17,GBU,OPT,GBUQ7 P12400,2027-08-06,P,1.24,0.008300000,3,
2026-08-17,GBU,OPT,GBUQ7 P12500,2027-08-06,P,1.25,0.009500000,3,
2026-08-17,GBU,OPT,GBUQ7 P12600,2027-08-06,P,1.26,0.010900000,3,
2026-08-17,GBU,OPT,GBUQ7 P12700,2027-08-06,P,1.27,0.012400000,3,1
2026-08-17,GBU,OPT,GBUQ7 P12800,2027-08-06,P,1.28,0.014200000,3,2
2026-08-17,GBU,OPT,GBUQ7 P12900,2027-08-06,P,1.29,0.016200000,3,
2026-08-17,GBU,OPT,GBUQ7 P12950,2027-08-06,P,1.295,0.017300000,3,
2026-08-17,GBU,OPT,GBUQ7 P13000,2027-08-06,P,1.3,0.018500000,3,
2026-08-17,GBU,OPT,GBUQ7 P13050,2027-08-06,P,1.305,0.019800000,3,
2026-08-17,GBU,OPT,GBUQ7 P13100,2027-08-06,P,1.31,0.021100000,3,
2026-08-17,GBU,OPT,GBUQ7 P13150,2027-08-06,P,1.315,0.022500000,3,
2026-08-17,GBU,OPT,GBUQ7 P13200,2027-08-06,P,1.32,0.024100000,3,
2026-08-17,GBU,OPT,GBUQ7 P13250,2027-08-06,P,1.325,0.025700000,3,
2026-08-17,GBU,OPT,GBUQ7 P13300,2027-08-06,P,1.33,0.027400000,3,
2026-08-17,GBU,OPT,GBUQ7 P13350,2027-08-06,P,1.335,0.029200000,3,
2026-08-17,GBU,OPT,GBUQ7 P13400,2027-08-06,P,1.34,0.031100000,3,
2026-08-17,GBU,OPT,GBUQ7 P13450,2027-08-06,P,1.345,0.033100000,3,
2026-08-17,GBU,OPT,GBUQ7 P13500,2027-08-06,P,1.35,0.035300000,3,
2026-08-17,GBU,OPT,GBUQ7 P13550,2027-08-06,P,1.355,0.037600000,3,
2026-08-17,GBU,OPT,GBUQ7 P13600,2027-08-06,P,1.36,0.040000000,3,
2026-08-17,GBU,OPT,GBUQ7 P13650,2027-08-06,P,1.365,0.042500000,3,
2026-08-17,GBU,OPT,GBUQ7 P13700,2027-08-06,P,1.37,0.045100000,3,
2026-08-17,GBU,OPT,GBUQ7 P13750,2027-08-06,P,1.375,0.047900000,3,
2026-08-17,GBU,OPT,GBUQ7 P13800,2027-08-06,P,1.38,0.050700000,3,
2026-08-17,GBU,OPT,GBUQ7 P13850,2027-08-06,P,1.385,0.053700000,3,
2026-08-17,GBU,OPT,GBUQ7 P13900,2027-08-06,P,1.39,0.056800000,3,
2026-08-17,GBU,OPT,GBUQ7 P13950,2027-08-06,P,1.395,0.060100000,3,
2026-08-17,GBU,OPT,GBUQ7 P14000,2027-08-06,P,1.4,0.063400000,3,
2026-08-17,GBU,OPT,GBUQ7 P14100,2027-08-06,P,1.41,0.070400000,3,
2026-08-17,GBU,OPT,GBUQ7 P14200,2027-08-06,P,1.42,0.077800000,3,
2026-08-17,GBU,OPT,GBUQ7 P14300,2027-08-06,P,1.43,0.085500000,3,
2026-08-17,GBU,OPT,GBUQ7 P14400,2027-08-06,P,1.44,0.093500000,3,
2026-08-17,GBU,OPT,GBUQ7 P14500,2027-08-06,P,1.45,0.101700000,3,
2026-08-17,GBU,OPT,GBUQ7 P14600,2027-08-06,P,1.46,0.110200000,3,
2026-08-17,GBU,OPT,GBUQ7 P14700,2027-08-06,P,1.47,0.118800000,3,
2026-08-17,GBU,OPT,GBUQ7 P14800,2027-08-06,P,1.48,0.127600000,3,
2026-08-17,GBU,OPT,GBUQ7 P14900,2027-08-06,P,1.49,0.136600000,3,
2026-08-17,GBU,OPT,GBUQ7 P15000,2027-08-06,P,1.5,0.145600000,3,
2026-08-17,GBU,OPT,GBUQ7 P15100,2027-08-06,P,1.51,0.154800000,3,
2026-08-17,GBU,OPT,GBUQ7 P15200,2027-08-06,P,1.52,0.164000000,3,
2026-08-17,GBU,OPT,GBUQ7 P15300,2027-08-06,P,1.53,0.173300000,3,
2026-08-17,GBU,OPT,GBUQ7 P15400,2027-08-06,P,1.54,0.182700000,3,
2026-08-17,GBU,OPT,GBUQ7 P15500,2027-08-06,P,1.55,0.192100000,3,
2026-08-17,GBU,OPT,GBUU7 C11000,2027-09-03,C,1.1,0.243300000,3,
2026-08-17,GBU,OPT,GBUU7 C11100,2027-09-03,C,1.11,0.233900000,3,
2026-08-17,GBU,OPT,GBUU7 C11200,2027-09-03,C,1.12,0.224500000,3,
2026-08-17,GBU,OPT,GBUU7 C11300,2027-09-03,C,1.13,0.215200000,3,
2026-08-17,GBU,OPT,GBUU7 C11400,2027-09-03,C,1.14,0.205900000,3,
2026-08-17,GBU,OPT,GBUU7 C11500,2027-09-03,C,1.15,0.196600000,3,
2026-08-17,GBU,OPT,GBUU7 C11600,2027-09-03,C,1.16,0.187300000,3,
2026-08-17,GBU,OPT,GBUU7 C11700,2027-09-03,C,1.17,0.178200000,3,
2026-08-17,GBU,OPT,GBUU7 C11800,2027-09-03,C,1.18,0.169000000,3,
2026-08-17,GBU,OPT,GBUU7 C11900,2027-09-03,C,1.19,0.160000000,3,
2026-08-17,GBU,OPT,GBUU7 C12000,2027-09-03,C,1.2,0.151100000,3,
2026-08-17,GBU,OPT,GBUU7 C12100,2027-09-03,C,1.21,0.142300000,3,
2026-08-17,GBU,OPT,GBUU7 C12200,2027-09-03,C,1.22,0.133500000,3,
2026-08-17,GBU,OPT,GBUU7 C12300,2027-09-03,C,1.23,0.125000000,3,
2026-08-17,GBU,OPT,GBUU7 C12400,2027-09-03,C,1.24,0.116500000,3,
2026-08-17,GBU,OPT,GBUU7 C12450,2027-09-03,C,1.245,0.112300000,3,
2026-08-17,GBU,OPT,GBUU7 C12500,2027-09-03,C,1.25,0.108200000,3,
2026-08-17,GBU,OPT,GBUU7 C12550,2027-09-03,C,1.255,0.104100000,3,
2026-08-17,GBU,OPT,GBUU7 C12600,2027-09-03,C,1.26,0.100000000,3,
2026-08-17,GBU,OPT,GBUU7 C12650,2027-09-03,C,1.265,0.096000000,3,
2026-08-17,GBU,OPT,GBUU7 C12700,2027-09-03,C,1.27,0.092100000,3,
2026-08-17,GBU,OPT,GBUU7 C12750,2027-09-03,C,1.275,0.088100000,3,
2026-08-17,GBU,OPT,GBUU7 C12800,2027-09-03,C,1.28,0.084300000,3,
2026-08-17,GBU,OPT,GBUU7 C12850,2027-09-03,C,1.285,0.080500000,3,
2026-08-17,GBU,OPT,GBUU7 C12900,2027-09-03,C,1.29,0.076700000,3,
2026-08-17,GBU,OPT,GBUU7 C12950,2027-09-03,C,1.295,0.073100000,3,
2026-08-17,GBU,OPT,GBUU7 C13000,2027-09-03,C,1.3,0.069500000,3,
2026-08-17,GBU,OPT,GBUU7 C13050,2027-09-03,C,1.305,0.065900000,3,
2026-08-17,GBU,OPT,GBUU7 C13100,2027-09-03,C,1.31,0.062500000,3,
2026-08-17,GBU,OPT,GBUU7 C13150,2027-09-03,C,1.315,0.059200000,3,
2026-08-17,GBU,OPT,GBUU7 C13200,2027-09-03,C,1.32,0.055900000,3,
2026-08-17,GBU,OPT,GBUU7 C13250,2027-09-03,C,1.325,0.052700000,3,
2026-08-17,GBU,OPT,GBUU7 C13300,2027-09-03,C,1.33,0.049700000,3,
2026-08-17,GBU,OPT,GBUU7 C13350,2027-09-03,C,1.335,0.046700000,3,
2026-08-17,GBU,OPT,GBUU7 C13400,2027-09-03,C,1.34,0.043800000,3,
2026-08-17,GBU,OPT,GBUU7 C13450,2027-09-03,C,1.345,0.041000000,3,
2026-08-17,GBU,OPT,GBUU7 C13500,2027-09-03,C,1.35,0.038400000,3,
2026-08-17,GBU,OPT,GBUU7 C13550,2027-09-03,C,1.355,0.035800000,3,
2026-08-17,GBU,OPT,GBUU7 C13600,2027-09-03,C,1.36,0.033400000,3,
2026-08-17,GBU,OPT,GBUU7 C13650,2027-09-03,C,1.365,0.031100000,3,
2026-08-17,GBU,OPT,GBUU7 C13700,2027-09-03,C,1.37,0.028900000,3,
2026-08-17,GBU,OPT,GBUU7 C13750,2027-09-03,C,1.375,0.026800000,3,
2026-08-17,GBU,OPT,GBUU7 C13800,2027-09-03,C,1.38,0.024800000,3,
2026-08-17,GBU,OPT,GBUU7 C13850,2027-09-03,C,1.385,0.022900000,3,
2026-08-17,GBU,OPT,GBUU7 C13900,2027-09-03,C,1.39,0.021200000,3,
2026-08-17,GBU,OPT,GBUU7 C13950,2027-09-03,C,1.395,0.019600000,3,
2026-08-17,GBU,OPT,GBUU7 C14000,2027-09-03,C,1.4,0.018100000,3,
2026-08-17,GBU,OPT,GBUU7 C14050,2027-09-03,C,1.405,0.016700000,3,
2026-08-17,GBU,OPT,GBUU7 C14100,2027-09-03,C,1.41,0.015400000,3,
2026-08-17,GBU,OPT,GBUU7 C14150,2027-09-03,C,1.415,0.014200000,3,
2026-08-17,GBU,OPT,GBUU7 C14200,2027-09-03,C,1.42,0.013100000,3,
2026-08-17,GBU,OPT,GBUU7 C14250,2027-09-03,C,1.425,0.012000000,3,
2026-08-17,GBU,OPT,GBUU7 C14300,2027-09-03,C,1.43,0.011100000,3,
2026-08-17,GBU,OPT,GBUU7 C14400,2027-09-03,C,1.44,0.009400000,3,
2026-08-17,GBU,OPT,GBUU7 C14500,2027-09-03,C,1.45,0.007900000,3,
2026-08-17,GBU,OPT,GBUU7 C14600,2027-09-03,C,1.46,0.006700000,3,
2026-08-17,GBU,OPT,GBUU7 C14700,2027-09-03,C,1.47,0.005600000,3,
2026-08-17,GBU,OPT,GBUU7 C14800,2027-09-03,C,1.48,0.004700000,3,
2026-08-17,GBU,OPT,GBUU7 C14900,2027-09-03,C,1.49,0.004000000,3,
2026-08-17,GBU,OPT,GBUU7 C15000,2027-09-03,C,1.5,0.003300000,3,
2026-08-17,GBU,OPT,GBUU7 C15100,2027-09-03,C,1.51,0.002800000,3,
2026-08-17,GBU,OPT,GBUU7 C15200,2027-09-03,C,1.52,0.002400000,3,
2026-08-17,GBU,OPT,GBUU7 C15300,2027-09-03,C,1.53,0.002000000,3,
2026-08-17,GBU,OPT,GBUU7 C15400,2027-09-03,C,1.54,0.001700000,3,1
2026-08-17,GBU,OPT,GBUU7 C15500,2027-09-03,C,1.55,0.001500000,3,
2026-08-17,GBU,OPT,GBUU7 C15600,2027-09-03,C,1.56,0.001300000,3,
2026-08-17,GBU,OPT,GBUU7 C15700,2027-09-03,C,1.57,0.001100000,3,
2026-08-17,GBU,OPT,GBUU7 P11000,2027-09-03,P,1.1,0.001800000,3,10
2026-08-17,GBU,OPT,GBUU7 P11100,2027-09-03,P,1.11,0.002000000,3,
2026-08-17,GBU,OPT,GBUU7 P11200,2027-09-03,P,1.12,0.002200000,3,10
2026-08-17,GBU,OPT,GBUU7 P11300,2027-09-03,P,1.13,0.002400000,3,
2026-08-17,GBU,OPT,GBUU7 P11400,2027-09-03,P,1.14,0.002700000,3,
2026-08-17,GBU,OPT,GBUU7 P11500,2027-09-03,P,1.15,0.003000000,3,
2026-08-17,GBU,OPT,GBUU7 P11600,2027-09-03,P,1.16,0.003400000,3,
2026-08-17,GBU,OPT,GBUU7 P11700,2027-09-03,P,1.17,0.003800000,3,
2026-08-17,GBU,OPT,GBUU7 P11800,2027-09-03,P,1.18,0.004300000,3,
2026-08-17,GBU,OPT,GBUU7 P11900,2027-09-03,P,1.19,0.004900000,3,
2026-08-17,GBU,OPT,GBUU7 P12000,2027-09-03,P,1.2,0.005600000,3,
2026-08-17,GBU,OPT,GBUU7 P12100,2027-09-03,P,1.21,0.006300000,3,
2026-08-17,GBU,OPT,GBUU7 P12200,2027-09-03,P,1.22,0.007200000,3,
2026-08-17,GBU,OPT,GBUU7 P12300,2027-09-03,P,1.23,0.008200000,3,
2026-08-17,GBU,OPT,GBUU7 P12400,2027-09-03,P,1.24,0.009400000,3,
2026-08-17,GBU,OPT,GBUU7 P12450,2027-09-03,P,1.245,0.010000000,3,
2026-08-17,GBU,OPT,GBUU7 P12500,2027-09-03,P,1.25,0.010700000,3,
2026-08-17,GBU,OPT,GBUU7 P12550,2027-09-03,P,1.255,0.011400000,3,
2026-08-17,GBU,OPT,GBUU7 P12600,2027-09-03,P,1.26,0.012100000,3,
2026-08-17,GBU,OPT,GBUU7 P12650,2027-09-03,P,1.265,0.012900000,3,
2026-08-17,GBU,OPT,GBUU7 P12700,2027-09-03,P,1.27,0.013700000,3,1
2026-08-17,GBU,OPT,GBUU7 P12750,2027-09-03,P,1.275,0.014600000,3,
2026-08-17,GBU,OPT,GBUU7 P12800,2027-09-03,P,1.28,0.015500000,3,1
2026-08-17,GBU,OPT,GBUU7 P12850,2027-09-03,P,1.285,0.016500000,3,
2026-08-17,GBU,OPT,GBUU7 P12900,2027-09-03,P,1.29,0.017600000,3,
2026-08-17,GBU,OPT,GBUU7 P12950,2027-09-03,P,1.295,0.018700000,3,
2026-08-17,GBU,OPT,GBUU7 P13000,2027-09-03,P,1.3,0.019900000,3,
2026-08-17,GBU,OPT,GBUU7 P13050,2027-09-03,P,1.305,0.021200000,3,
2026-08-17,GBU,OPT,GBUU7 P13100,2027-09-03,P,1.31,0.022600000,3,
2026-08-17,GBU,OPT,GBUU7 P13150,2027-09-03,P,1.315,0.024000000,3,
2026-08-17,GBU,OPT,GBUU7 P13200,2027-09-03,P,1.32,0.025600000,3,
2026-08-17,GBU,OPT,GBUU7 P13250,2027-09-03,P,1.325,0.027200000,3,
2026-08-17,GBU,OPT,GBUU7 P13300,2027-09-03,P,1.33,0.028900000,3,
2026-08-17,GBU,OPT,GBUU7 P13350,2027-09-03,P,1.335,0.030700000,3,
2026-08-17,GBU,OPT,GBUU7 P13400,2027-09-03,P,1.34,0.032700000,3,
2026-08-17,GBU,OPT,GBUU7 P13450,2027-09-03,P,1.345,0.034700000,3,
2026-08-17,GBU,OPT,GBUU7 P13500,2027-09-03,P,1.35,0.036800000,3,
2026-08-17,GBU,OPT,GBUU7 P13550,2027-09-03,P,1.355,0.039100000,3,3
2026-08-17,GBU,OPT,GBUU7 P13600,2027-09-03,P,1.36,0.041500000,3,
2026-08-17,GBU,OPT,GBUU7 P13650,2027-09-03,P,1.365,0.043900000,3,
2026-08-17,GBU,OPT,GBUU7 P13700,2027-09-03,P,1.37,0.046500000,3,
2026-08-17,GBU,OPT,GBUU7 P13750,2027-09-03,P,1.375,0.049200000,3,
2026-08-17,GBU,OPT,GBUU7 P13800,2027-09-03,P,1.38,0.052100000,3,
2026-08-17,GBU,OPT,GBUU7 P13850,2027-09-03,P,1.385,0.055000000,3,
2026-08-17,GBU,OPT,GBUU7 P13900,2027-09-03,P,1.39,0.058100000,3,
2026-08-17,GBU,OPT,GBUU7 P13950,2027-09-03,P,1.395,0.061300000,3,
2026-08-17,GBU,OPT,GBUU7 P14000,2027-09-03,P,1.4,0.064600000,3,
2026-08-17,GBU,OPT,GBUU7 P14050,2027-09-03,P,1.405,0.068000000,3,
2026-08-17,GBU,OPT,GBUU7 P14100,2027-09-03,P,1.41,0.071500000,3,
2026-08-17,GBU,OPT,GBUU7 P14150,2027-09-03,P,1.415,0.075100000,3,
2026-08-17,GBU,OPT,GBUU7 P14200,2027-09-03,P,1.42,0.078700000,3,
2026-08-17,GBU,OPT,GBUU7 P14250,2027-09-03,P,1.425,0.082500000,3,
2026-08-17,GBU,OPT,GBUU7 P14300,2027-09-03,P,1.43,0.086300000,3,
2026-08-17,GBU,OPT,GBUU7 P14400,2027-09-03,P,1.44,0.094200000,3,
2026-08-17,GBU,OPT,GBUU7 P14500,2027-09-03,P,1.45,0.102400000,3,
2026-08-17,GBU,OPT,GBUU7 P14600,2027-09-03,P,1.46,0.110700000,3,
2026-08-17,GBU,OPT,GBUU7 P14700,2027-09-03,P,1.47,0.119300000,3,
2026-08-17,GBU,OPT,GBUU7 P14800,2027-09-03,P,1.48,0.128000000,3,
2026-08-17,GBU,OPT,GBUU7 P14900,2027-09-03,P,1.49,0.136800000,3,
2026-08-17,GBU,OPT,GBUU7 P15000,2027-09-03,P,1.5,0.145800000,3,
2026-08-17,GBU,OPT,GBUU7 P15100,2027-09-03,P,1.51,0.154900000,3,
2026-08-17,GBU,OPT,GBUU7 P15200,2027-09-03,P,1.52,0.164100000,3,
2026-08-17,GBU,OPT,GBUU7 P15300,2027-09-03,P,1.53,0.173300000,3,
2026-08-17,GBU,OPT,GBUU7 P15400,2027-09-03,P,1.54,0.182600000,3,
2026-08-17,GBU,OPT,GBUU7 P15500,2027-09-03,P,1.55,0.191900000,3,
2026-08-17,GBU,OPT,GBUU7 P15600,2027-09-03,P,1.56,0.201300000,3,
2026-08-17,GBU,OPT,GBUU7 P15700,2027-09-03,P,1.57,0.210800000,3,
2026-08-17,GBU,OPT,GBUZ7 C11100,2027-12-03,C,1.11,0.231700000,3,
2026-08-17,GBU,OPT,GBUZ7 C11200,2027-12-03,C,1.12,0.222600000,3,
2026-08-17,GBU,OPT,GBUZ7 C11300,2027-12-03,C,1.13,0.213500000,3,
2026-08-17,GBU,OPT,GBUZ7 C11400,2027-12-03,C,1.14,0.204500000,3,
2026-08-17,GBU,OPT,GBUZ7 C11500,2027-12-03,C,1.15,0.195500000,3,
2026-08-17,GBU,OPT,GBUZ7 C11600,2027-12-03,C,1.16,0.186600000,3,
2026-08-17,GBU,OPT,GBUZ7 C11700,2027-12-03,C,1.17,0.177800000,3,
2026-08-17,GBU,OPT,GBUZ7 C11800,2027-12-03,C,1.18,0.168900000,3,
2026-08-17,GBU,OPT,GBUZ7 C11900,2027-12-03,C,1.19,0.160200000,3,
2026-08-17,GBU,OPT,GBUZ7 C12000,2027-12-03,C,1.2,0.151500000,3,
2026-08-17,GBU,OPT,GBUZ7 C12100,2027-12-03,C,1.21,0.142900000,3,
2026-08-17,GBU,OPT,GBUZ7 C12200,2027-12-03,C,1.22,0.134400000,3,
2026-08-17,GBU,OPT,GBUZ7 C12300,2027-12-03,C,1.23,0.126000000,3,
2026-08-17,GBU,OPT,GBUZ7 C12400,2027-12-03,C,1.24,0.117700000,3,
2026-08-17,GBU,OPT,GBUZ7 C12500,2027-12-03,C,1.25,0.109700000,3,
2026-08-17,GBU,OPT,GBUZ7 C12550,2027-12-03,C,1.255,0.105700000,3,
2026-08-17,GBU,OPT,GBUZ7 C12600,2027-12-03,C,1.26,0.101700000,3,
2026-08-17,GBU,OPT,GBUZ7 C12650,2027-12-03,C,1.265,0.097900000,3,
2026-08-17,GBU,OPT,GBUZ7 C12700,2027-12-03,C,1.27,0.094000000,3,
2026-08-17,GBU,OPT,GBUZ7 C12750,2027-12-03,C,1.275,0.090200000,3,
2026-08-17,GBU,OPT,GBUZ7 C12800,2027-12-03,C,1.28,0.086500000,3,
2026-08-17,GBU,OPT,GBUZ7 C12850,2027-12-03,C,1.285,0.082800000,3,
2026-08-17,GBU,OPT,GBUZ7 C12900,2027-12-03,C,1.29,0.079200000,3,
2026-08-17,GBU,OPT,GBUZ7 C12950,2027-12-03,C,1.295,0.075700000,3,
2026-08-17,GBU,OPT,GBUZ7 C13000,2027-12-03,C,1.3,0.072200000,3,
2026-08-17,GBU,OPT,GBUZ7 C13050,2027-12-03,C,1.305,0.068700000,3,
2026-08-17,GBU,OPT,GBUZ7 C13100,2027-12-03,C,1.31,0.065400000,3,
2026-08-17,GBU,OPT,GBUZ7 C13150,2027-12-03,C,1.315,0.062100000,3,
2026-08-17,GBU,OPT,GBUZ7 C13200,2027-12-03,C,1.32,0.058900000,3,
2026-08-17,GBU,OPT,GBUZ7 C13250,2027-12-03,C,1.325,0.055800000,3,
2026-08-17,GBU,OPT,GBUZ7 C13300,2027-12-03,C,1.33,0.052700000,3,
2026-08-17,GBU,OPT,GBUZ7 C13350,2027-12-03,C,1.335,0.049800000,3,
2026-08-17,GBU,OPT,GBUZ7 C13400,2027-12-03,C,1.34,0.047000000,3,
2026-08-17,GBU,OPT,GBUZ7 C13450,2027-12-03,C,1.345,0.044300000,3,
2026-08-17,GBU,OPT,GBUZ7 C13500,2027-12-03,C,1.35,0.041700000,3,
2026-08-17,GBU,OPT,GBUZ7 C13550,2027-12-03,C,1.355,0.039200000,3,
2026-08-17,GBU,OPT,GBUZ7 C13600,2027-12-03,C,1.36,0.036800000,3,
2026-08-17,GBU,OPT,GBUZ7 C13650,2027-12-03,C,1.365,0.034500000,3,
2026-08-17,GBU,OPT,GBUZ7 C13700,2027-12-03,C,1.37,0.032300000,3,
2026-08-17,GBU,OPT,GBUZ7 C13750,2027-12-03,C,1.375,0.030300000,3,
2026-08-17,GBU,OPT,GBUZ7 C13800,2027-12-03,C,1.38,0.028300000,3,
2026-08-17,GBU,OPT,GBUZ7 C13850,2027-12-03,C,1.385,0.026500000,3,
2026-08-17,GBU,OPT,GBUZ7 C13900,2027-12-03,C,1.39,0.024700000,3,
2026-08-17,GBU,OPT,GBUZ7 C13950,2027-12-03,C,1.395,0.023100000,3,
2026-08-17,GBU,OPT,GBUZ7 C14000,2027-12-03,C,1.4,0.021500000,3,
2026-08-17,GBU,OPT,GBUZ7 C14050,2027-12-03,C,1.405,0.020000000,3,
2026-08-17,GBU,OPT,GBUZ7 C14100,2027-12-03,C,1.41,0.018700000,3,
2026-08-17,GBU,OPT,GBUZ7 C14150,2027-12-03,C,1.415,0.017400000,3,
2026-08-17,GBU,OPT,GBUZ7 C14200,2027-12-03,C,1.42,0.016200000,3,
2026-08-17,GBU,OPT,GBUZ7 C14250,2027-12-03,C,1.425,0.015100000,3,
2026-08-17,GBU,OPT,GBUZ7 C14300,2027-12-03,C,1.43,0.014000000,3,
2026-08-17,GBU,OPT,GBUZ7 C14400,2027-12-03,C,1.44,0.012100000,3,
2026-08-17,GBU,OPT,GBUZ7 C14500,2027-12-03,C,1.45,0.010400000,3,
2026-08-17,GBU,OPT,GBUZ7 C14600,2027-12-03,C,1.46,0.009000000,3,
2026-08-17,GBU,OPT,GBUZ7 C14700,2027-12-03,C,1.47,0.007700000,3,
2026-08-17,GBU,OPT,GBUZ7 C14800,2027-12-03,C,1.48,0.006600000,3,
2026-08-17,GBU,OPT,GBUZ7 C14900,2027-12-03,C,1.49,0.005700000,3,
2026-08-17,GBU,OPT,GBUZ7 C15000,2027-12-03,C,1.5,0.005000000,3,
2026-08-17,GBU,OPT,GBUZ7 C15100,2027-12-03,C,1.51,0.004400000,3,
2026-08-17,GBU,OPT,GBUZ7 C15200,2027-12-03,C,1.52,0.003800000,3,
2026-08-17,GBU,OPT,GBUZ7 C15300,2027-12-03,C,1.53,0.003200000,3,
2026-08-17,GBU,OPT,GBUZ7 C15400,2027-12-03,C,1.54,0.002600000,3,
2026-08-17,GBU,OPT,GBUZ7 C15500,2027-12-03,C,1.55,0.002200000,3,
2026-08-17,GBU,OPT,GBUZ7 C15600,2027-12-03,C,1.56,0.001800000,3,
2026-08-17,GBU,OPT,GBUZ7 C15700,2027-12-03,C,1.57,0.001500000,3,
2026-08-17,GBU,OPT,GBUZ7 P11100,2027-12-03,P,1.11,0.003000000,3,
2026-08-17,GBU,OPT,GBUZ7 P11200,2027-12-03,P,1.12,0.003300000,3,
2026-08-17,GBU,OPT,GBUZ7 P11300,2027-12-03,P,1.13,0.003800000,3,50
2026-08-17,GBU,OPT,GBUZ7 P11400,2027-12-03,P,1.14,0.004200000,3,
2026-08-17,GBU,OPT,GBUZ7 P11500,2027-12-03,P,1.15,0.004800000,3,
2026-08-17,GBU,OPT,GBUZ7 P11600,2027-12-03,P,1.16,0.005400000,3,
2026-08-17,GBU,OPT,GBUZ7 P11700,2027-12-03,P,1.17,0.006000000,3,
2026-08-17,GBU,OPT,GBUZ7 P11800,2027-12-03,P,1.18,0.006700000,3,
2026-08-17,GBU,OPT,GBUZ7 P11900,2027-12-03,P,1.19,0.007400000,3,
2026-08-17,GBU,OPT,GBUZ7 P12000,2027-12-03,P,1.2,0.008300000,3,
2026-08-17,GBU,OPT,GBUZ7 P12100,2027-12-03,P,1.21,0.009200000,3,
2026-08-17,GBU,OPT,GBUZ7 P12200,2027-12-03,P,1.22,0.010200000,3,
2026-08-17,GBU,OPT,GBUZ7 P12300,2027-12-03,P,1.23,0.011300000,3,
2026-08-17,GBU,OPT,GBUZ7 P12400,2027-12-03,P,1.24,0.012500000,3,
2026-08-17,GBU,OPT,GBUZ7 P12500,2027-12-03,P,1.25,0.014000000,3,
2026-08-17,GBU,OPT,GBUZ7 P12550,2027-12-03,P,1.255,0.014700000,3,
2026-08-17,GBU,OPT,GBUZ7 P12600,2027-12-03,P,1.26,0.015500000,3,
2026-08-17,GBU,OPT,GBUZ7 P12650,2027-12-03,P,1.265,0.016400000,3,
2026-08-17,GBU,OPT,GBUZ7 P12700,2027-12-03,P,1.27,0.017300000,3,
2026-08-17,GBU,OPT,GBUZ7 P12750,2027-12-03,P,1.275,0.018300000,3,
2026-08-17,GBU,OPT,GBUZ7 P12800,2027-12-03,P,1.28,0.019300000,3,
2026-08-17,GBU,OPT,GBUZ7 P12850,2027-12-03,P,1.285,0.020400000,3,
2026-08-17,GBU,OPT,GBUZ7 P12900,2027-12-03,P,1.29,0.021500000,3,
2026-08-17,GBU,OPT,GBUZ7 P12950,2027-12-03,P,1.295,0.022700000,3,
2026-08-17,GBU,OPT,GBUZ7 P13000,2027-12-03,P,1.3,0.024000000,3,
2026-08-17,GBU,OPT,GBUZ7 P13050,2027-12-03,P,1.305,0.025300000,3,
2026-08-17,GBU,OPT,GBUZ7 P13100,2027-12-03,P,1.31,0.026700000,3,
2026-08-17,GBU,OPT,GBUZ7 P13150,2027-12-03,P,1.315,0.028200000,3,
2026-08-17,GBU,OPT,GBUZ7 P13200,2027-12-03,P,1.32,0.029700000,3,
2026-08-17,GBU,OPT,GBUZ7 P13250,2027-12-03,P,1.325,0.031300000,3,
2026-08-17,GBU,OPT,GBUZ7 P13300,2027-12-03,P,1.33,0.033100000,3,
2026-08-17,GBU,OPT,GBUZ7 P13350,2027-12-03,P,1.335,0.034900000,3,
2026-08-17,GBU,OPT,GBUZ7 P13400,2027-12-03,P,1.34,0.036800000,3,
2026-08-17,GBU,OPT,GBUZ7 P13450,2027-12-03,P,1.345,0.038900000,3,
2026-08-17,GBU,OPT,GBUZ7 P13500,2027-12-03,P,1.35,0.041000000,3,
2026-08-17,GBU,OPT,GBUZ7 P13550,2027-12-03,P,1.355,0.043300000,3,
2026-08-17,GBU,OPT,GBUZ7 P13600,2027-12-03,P,1.36,0.045600000,3,
2026-08-17,GBU,OPT,GBUZ7 P13650,2027-12-03,P,1.365,0.048100000,3,
2026-08-17,GBU,OPT,GBUZ7 P13700,2027-12-03,P,1.37,0.050700000,3,
2026-08-17,GBU,OPT,GBUZ7 P13750,2027-12-03,P,1.375,0.053400000,3,
2026-08-17,GBU,OPT,GBUZ7 P13800,2027-12-03,P,1.38,0.056100000,3,
2026-08-17,GBU,OPT,GBUZ7 P13850,2027-12-03,P,1.385,0.059100000,3,
2026-08-17,GBU,OPT,GBUZ7 P13900,2027-12-03,P,1.39,0.062100000,3,
2026-08-17,GBU,OPT,GBUZ7 P13950,2027-12-03,P,1.395,0.065200000,3,
2026-08-17,GBU,OPT,GBUZ7 P14000,2027-12-03,P,1.4,0.068400000,3,
2026-08-17,GBU,OPT,GBUZ7 P14050,2027-12-03,P,1.405,0.071700000,3,
2026-08-17,GBU,OPT,GBUZ7 P14100,2027-12-03,P,1.41,0.075000000,3,
2026-08-17,GBU,OPT,GBUZ7 P14150,2027-12-03,P,1.415,0.078500000,3,
2026-08-17,GBU,OPT,GBUZ7 P14200,2027-12-03,P,1.42,0.082100000,3,
2026-08-17,GBU,OPT,GBUZ7 P14250,2027-12-03,P,1.425,0.085700000,3,
2026-08-17,GBU,OPT,GBUZ7 P14300,2027-12-03,P,1.43,0.089400000,3,
2026-08-17,GBU,OPT,GBUZ7 P14400,2027-12-03,P,1.44,0.097000000,3,
2026-08-17,GBU,OPT,GBUZ7 P14500,2027-12-03,P,1.45,0.104800000,3,
2026-08-17,GBU,OPT,GBUZ7 P14600,2027-12-03,P,1.46,0.112900000,3,
2026-08-17,GBU,OPT,GBUZ7 P14700,2027-12-03,P,1.47,0.121100000,3,
2026-08-17,GBU,OPT,GBUZ7 P14800,2027-12-03,P,1.48,0.129500000,3,
2026-08-17,GBU,OPT,GBUZ7 P14900,2027-12-03,P,1.49,0.138100000,3,
2026-08-17,GBU,OPT,GBUZ7 P15000,2027-12-03,P,1.5,0.146900000,3,
2026-08-17,GBU,OPT,GBUZ7 P15100,2027-12-03,P,1.51,0.155800000,3,
2026-08-17,GBU,OPT,GBUZ7 P15200,2027-12-03,P,1.52,0.164700000,3,
2026-08-17,GBU,OPT,GBUZ7 P15300,2027-12-03,P,1.53,0.173600000,3,
2026-08-17,GBU,OPT,GBUZ7 P15400,2027-12-03,P,1.54,0.182600000,3,
2026-08-17,GBU,OPT,GBUZ7 P15500,2027-12-03,P,1.55,0.191600000,3,
2026-08-17,GBU,OPT,GBUZ7 P15600,2027-12-03,P,1.56,0.200700000,3,
2026-08-17,GBU,OPT,GBUZ7 P15700,2027-12-03,P,1.57,0.209900000,3,
2026-08-17,GBU,OPT,GBUH8 C11100,2028-03-03,C,1.11,0.230000000,3,
2026-08-17,GBU,OPT,GBUH8 C11200,2028-03-03,C,1.12,0.221100000,3,
2026-08-17,GBU,OPT,GBUH8 C11300,2028-03-03,C,1.13,0.212200000,3,
2026-08-17,GBU,OPT,GBUH8 C11400,2028-03-03,C,1.14,0.203400000,3,
2026-08-17,GBU,OPT,GBUH8 C11500,2028-03-03,C,1.15,0.194700000,3,
2026-08-17,GBU,OPT,GBUH8 C11600,2028-03-03,C,1.16,0.186000000,3,
2026-08-17,GBU,OPT,GBUH8 C11700,2028-03-03,C,1.17,0.177400000,3,
2026-08-17,GBU,OPT,GBUH8 C11800,2028-03-03,C,1.18,0.168800000,3,
2026-08-17,GBU,OPT,GBUH8 C11900,2028-03-03,C,1.19,0.160300000,3,
2026-08-17,GBU,OPT,GBUH8 C12000,2028-03-03,C,1.2,0.151800000,3,
2026-08-17,GBU,OPT,GBUH8 C12100,2028-03-03,C,1.21,0.143400000,3,
2026-08-17,GBU,OPT,GBUH8 C12200,2028-03-03,C,1.22,0.135200000,3,
2026-08-17,GBU,OPT,GBUH8 C12300,2028-03-03,C,1.23,0.127000000,3,
2026-08-17,GBU,OPT,GBUH8 C12400,2028-03-03,C,1.24,0.119000000,3,
2026-08-17,GBU,OPT,GBUH8 C12500,2028-03-03,C,1.25,0.111100000,3,
2026-08-17,GBU,OPT,GBUH8 C12550,2028-03-03,C,1.255,0.107200000,3,
2026-08-17,GBU,OPT,GBUH8 C12600,2028-03-03,C,1.26,0.103400000,3,
2026-08-17,GBU,OPT,GBUH8 C12650,2028-03-03,C,1.265,0.099600000,3,
2026-08-17,GBU,OPT,GBUH8 C12700,2028-03-03,C,1.27,0.095900000,3,
2026-08-17,GBU,OPT,GBUH8 C12750,2028-03-03,C,1.275,0.092200000,3,
2026-08-17,GBU,OPT,GBUH8 C12800,2028-03-03,C,1.28,0.088500000,3,
2026-08-17,GBU,OPT,GBUH8 C12850,2028-03-03,C,1.285,0.084900000,3,
2026-08-17,GBU,OPT,GBUH8 C12900,2028-03-03,C,1.29,0.081400000,3,
2026-08-17,GBU,OPT,GBUH8 C12950,2028-03-03,C,1.295,0.077900000,3,
2026-08-17,GBU,OPT,GBUH8 C13000,2028-03-03,C,1.3,0.074500000,3,
2026-08-17,GBU,OPT,GBUH8 C13050,2028-03-03,C,1.305,0.071200000,3,
2026-08-17,GBU,OPT,GBUH8 C13100,2028-03-03,C,1.31,0.067900000,3,
2026-08-17,GBU,OPT,GBUH8 C13150,2028-03-03,C,1.315,0.064700000,3,
2026-08-17,GBU,OPT,GBUH8 C13200,2028-03-03,C,1.32,0.061500000,3,
2026-08-17,GBU,OPT,GBUH8 C13250,2028-03-03,C,1.325,0.058500000,3,
2026-08-17,GBU,OPT,GBUH8 C13300,2028-03-03,C,1.33,0.055500000,3,
2026-08-17,GBU,OPT,GBUH8 C13350,2028-03-03,C,1.335,0.052600000,3,
2026-08-17,GBU,OPT,GBUH8 C13400,2028-03-03,C,1.34,0.049900000,3,
2026-08-17,GBU,OPT,GBUH8 C13450,2028-03-03,C,1.345,0.047200000,3,
2026-08-17,GBU,OPT,GBUH8 C13500,2028-03-03,C,1.35,0.044600000,3,
2026-08-17,GBU,OPT,GBUH8 C13550,2028-03-03,C,1.355,0.042100000,3,
2026-08-17,GBU,OPT,GBUH8 C13600,2028-03-03,C,1.36,0.039700000,3,
2026-08-17,GBU,OPT,GBUH8 C13650,2028-03-03,C,1.365,0.037500000,3,
2026-08-17,GBU,OPT,GBUH8 C13700,2028-03-03,C,1.37,0.035300000,3,
2026-08-17,GBU,OPT,GBUH8 C13750,2028-03-03,C,1.375,0.033200000,3,
2026-08-17,GBU,OPT,GBUH8 C13800,2028-03-03,C,1.38,0.031300000,3,
2026-08-17,GBU,OPT,GBUH8 C13850,2028-03-03,C,1.385,0.029400000,3,
2026-08-17,GBU,OPT,GBUH8 C13900,2028-03-03,C,1.39,0.027600000,3,
2026-08-17,GBU,OPT,GBUH8 C13950,2028-03-03,C,1.395,0.025900000,3,
2026-08-17,GBU,OPT,GBUH8 C14000,2028-03-03,C,1.4,0.024400000,3,
2026-08-17,GBU,OPT,GBUH8 C14100,2028-03-03,C,1.41,0.021500000,3,
2026-08-17,GBU,OPT,GBUH8 C14200,2028-03-03,C,1.42,0.018900000,3,
2026-08-17,GBU,OPT,GBUH8 C14300,2028-03-03,C,1.43,0.016600000,3,
2026-08-17,GBU,OPT,GBUH8 C14400,2028-03-03,C,1.44,0.014600000,3,
2026-08-17,GBU,OPT,GBUH8 C14500,2028-03-03,C,1.45,0.012800000,3,
2026-08-17,GBU,OPT,GBUH8 C14600,2028-03-03,C,1.46,0.011200000,3,
2026-08-17,GBU,OPT,GBUH8 C14700,2028-03-03,C,1.47,0.009800000,3,
2026-08-17,GBU,OPT,GBUH8 C14800,2028-03-03,C,1.48,0.008600000,3,
2026-08-17,GBU,OPT,GBUH8 C14900,2028-03-03,C,1.49,0.007500000,3,
2026-08-17,GBU,OPT,GBUH8 C15000,2028-03-03,C,1.5,0.006700000,3,
2026-08-17,GBU,OPT,GBUH8 C15100,2028-03-03,C,1.51,0.005900000,3,
2026-08-17,GBU,OPT,GBUH8 C15200,2028-03-03,C,1.52,0.005300000,3,
2026-08-17,GBU,OPT,GBUH8 C15300,2028-03-03,C,1.53,0.004700000,3,
2026-08-17,GBU,OPT,GBUH8 C15400,2028-03-03,C,1.54,0.004200000,3,
2026-08-17,GBU,OPT,GBUH8 C15500,2028-03-03,C,1.55,0.003700000,3,
2026-08-17,GBU,OPT,GBUH8 P11100,2028-03-03,P,1.11,0.004400000,3,
2026-08-17,GBU,OPT,GBUH8 P11200,2028-03-03,P,1.12,0.004900000,3,
2026-08-17,GBU,OPT,GBUH8 P11300,2028-03-03,P,1.13,0.005400000,3,
2026-08-17,GBU,OPT,GBUH8 P11400,2028-03-03,P,1.14,0.006000000,3,
2026-08-17,GBU,OPT,GBUH8 P11500,2028-03-03,P,1.15,0.006700000,3,
2026-08-17,GBU,OPT,GBUH8 P11600,2028-03-03,P,1.16,0.007400000,3,
2026-08-17,GBU,OPT,GBUH8 P11700,2028-03-03,P,1.17,0.008300000,3,
2026-08-17,GBU,OPT,GBUH8 P11800,2028-03-03,P,1.18,0.009100000,3,
2026-08-17,GBU,OPT,GBUH8 P11900,2028-03-03,P,1.19,0.009900000,3,
2026-08-17,GBU,OPT,GBUH8 P12000,2028-03-03,P,1.2,0.010900000,3,
2026-08-17,GBU,OPT,GBUH8 P12100,2028-03-03,P,1.21,0.011900000,3,
2026-08-17,GBU,OPT,GBUH8 P12200,2028-03-03,P,1.22,0.013000000,3,
2026-08-17,GBU,OPT,GBUH8 P12300,2028-03-03,P,1.23,0.014300000,3,
2026-08-17,GBU,OPT,GBUH8 P12400,2028-03-03,P,1.24,0.015600000,3,
2026-08-17,GBU,OPT,GBUH8 P12500,2028-03-03,P,1.25,0.017200000,3,
2026-08-17,GBU,OPT,GBUH8 P12550,2028-03-03,P,1.255,0.018000000,3,
2026-08-17,GBU,OPT,GBUH8 P12600,2028-03-03,P,1.26,0.018900000,3,
2026-08-17,GBU,OPT,GBUH8 P12650,2028-03-03,P,1.265,0.019800000,3,
2026-08-17,GBU,OPT,GBUH8 P12700,2028-03-03,P,1.27,0.020800000,3,
2026-08-17,GBU,OPT,GBUH8 P12750,2028-03-03,P,1.275,0.021800000,3,
2026-08-17,GBU,OPT,GBUH8 P12800,2028-03-03,P,1.28,0.022900000,3,
2026-08-17,GBU,OPT,GBUH8 P12850,2028-03-03,P,1.285,0.024000000,3,
2026-08-17,GBU,OPT,GBUH8 P12900,2028-03-03,P,1.29,0.025100000,3,
2026-08-17,GBU,OPT,GBUH8 P12950,2028-03-03,P,1.295,0.026400000,3,
2026-08-17,GBU,OPT,GBUH8 P13000,2028-03-03,P,1.3,0.027700000,3,
2026-08-17,GBU,OPT,GBUH8 P13050,2028-03-03,P,1.305,0.029000000,3,
2026-08-17,GBU,OPT,GBUH8 P13100,2028-03-03,P,1.31,0.030400000,3,
2026-08-17,GBU,OPT,GBUH8 P13150,2028-03-03,P,1.315,0.031900000,3,
2026-08-17,GBU,OPT,GBUH8 P13200,2028-03-03,P,1.32,0.033500000,3,
2026-08-17,GBU,OPT,GBUH8 P13250,2028-03-03,P,1.325,0.035100000,3,
2026-08-17,GBU,OPT,GBUH8 P13300,2028-03-03,P,1.33,0.036900000,3,
2026-08-17,GBU,OPT,GBUH8 P13350,2028-03-03,P,1.335,0.038700000,3,
2026-08-17,GBU,OPT,GBUH8 P13400,2028-03-03,P,1.34,0.040600000,3,
2026-08-17,GBU,OPT,GBUH8 P13450,2028-03-03,P,1.345,0.042700000,3,
2026-08-17,GBU,OPT,GBUH8 P13500,2028-03-03,P,1.35,0.044800000,3,
2026-08-17,GBU,OPT,GBUH8 P13550,2028-03-03,P,1.355,0.047000000,3,
2026-08-17,GBU,OPT,GBUH8 P13600,2028-03-03,P,1.36,0.049300000,3,
2026-08-17,GBU,OPT,GBUH8 P13650,2028-03-03,P,1.365,0.051800000,3,
2026-08-17,GBU,OPT,GBUH8 P13700,2028-03-03,P,1.37,0.054300000,3,
2026-08-17,GBU,OPT,GBUH8 P13750,2028-03-03,P,1.375,0.056900000,3,
2026-08-17,GBU,OPT,GBUH8 P13800,2028-03-03,P,1.38,0.059700000,3,
2026-08-17,GBU,OPT,GBUH8 P13850,2028-03-03,P,1.385,0.062500000,3,
2026-08-17,GBU,OPT,GBUH8 P13900,2028-03-03,P,1.39,0.065400000,3,
2026-08-17,GBU,OPT,GBUH8 P13950,2028-03-03,P,1.395,0.068500000,3,
2026-08-17,GBU,OPT,GBUH8 P14000,2028-03-03,P,1.4,0.071600000,3,
2026-08-17,GBU,OPT,GBUH8 P14100,2028-03-03,P,1.41,0.078100000,3,
2026-08-17,GBU,OPT,GBUH8 P14200,2028-03-03,P,1.42,0.084900000,3,
2026-08-17,GBU,OPT,GBUH8 P14300,2028-03-03,P,1.43,0.092000000,3,
2026-08-17,GBU,OPT,GBUH8 P14400,2028-03-03,P,1.44,0.099400000,3,
2026-08-17,GBU,OPT,GBUH8 P14500,2028-03-03,P,1.45,0.107000000,3,
2026-08-17,GBU,OPT,GBUH8 P14600,2028-03-03,P,1.46,0.114900000,3,
2026-08-17,GBU,OPT,GBUH8 P14700,2028-03-03,P,1.47,0.122900000,3,
2026-08-17,GBU,OPT,GBUH8 P14800,2028-03-03,P,1.48,0.131100000,3,
2026-08-17,GBU,OPT,GBUH8 P14900,2028-03-03,P,1.49,0.139400000,3,
2026-08-17,GBU,OPT,GBUH8 P15000,2028-03-03,P,1.5,0.148000000,3,
2026-08-17,GBU,OPT,GBUH8 P15100,2028-03-03,P,1.51,0.156700000,3,
2026-08-17,GBU,OPT,GBUH8 P15200,2028-03-03,P,1.52,0.165400000,3,
2026-08-17,GBU,OPT,GBUH8 P15300,2028-03-03,P,1.53,0.174300000,3,
2026-08-17,GBU,OPT,GBUH8 P15400,2028-03-03,P,1.54,0.183200000,3,
2026-08-17,GBU,OPT,GBUH8 P15500,2028-03-03,P,1.55,0.192100000,3,
2026-08-17,GBU,OPT,GBUM8 C11200,2028-06-09,C,1.12,0.220200000,3,
2026-08-17,GBU,OPT,GBUM8 C11300,2028-06-09,C,1.13,0.211500000,3,
2026-08-17,GBU,OPT,GBUM8 C11400,2028-06-09,C,1.14,0.202900000,3,
2026-08-17,GBU,OPT,GBUM8 C11500,2028-06-09,C,1.15,0.194300000,3,
2026-08-17,GBU,OPT,GBUM8 C11600,2028-06-09,C,1.16,0.185800000,3,
2026-08-17,GBU,OPT,GBUM8 C11700,2028-06-09,C,1.17,0.177300000,3,
2026-08-17,GBU,OPT,GBUM8 C11800,2028-06-09,C,1.18,0.168900000,3,
2026-08-17,GBU,OPT,GBUM8 C11900,2028-06-09,C,1.19,0.160600000,3,
2026-08-17,GBU,OPT,GBUM8 C12000,2028-06-09,C,1.2,0.152300000,3,
2026-08-17,GBU,OPT,GBUM8 C12100,2028-06-09,C,1.21,0.144100000,3,
2026-08-17,GBU,OPT,GBUM8 C12200,2028-06-09,C,1.22,0.136000000,3,
2026-08-17,GBU,OPT,GBUM8 C12300,2028-06-09,C,1.23,0.128000000,3,
2026-08-17,GBU,OPT,GBUM8 C12400,2028-06-09,C,1.24,0.120200000,3,
2026-08-17,GBU,OPT,GBUM8 C12500,2028-06-09,C,1.25,0.112500000,3,
2026-08-17,GBU,OPT,GBUM8 C12600,2028-06-09,C,1.26,0.105000000,3,
2026-08-17,GBU,OPT,GBUM8 C12650,2028-06-09,C,1.265,0.101300000,3,
2026-08-17,GBU,OPT,GBUM8 C12700,2028-06-09,C,1.27,0.097700000,3,
2026-08-17,GBU,OPT,GBUM8 C12750,2028-06-09,C,1.275,0.094100000,3,
2026-08-17,GBU,OPT,GBUM8 C12800,2028-06-09,C,1.28,0.090500000,3,
2026-08-17,GBU,OPT,GBUM8 C12850,2028-06-09,C,1.285,0.087000000,3,
2026-08-17,GBU,OPT,GBUM8 C12900,2028-06-09,C,1.29,0.083600000,3,
2026-08-17,GBU,OPT,GBUM8 C12950,2028-06-09,C,1.295,0.080200000,3,
2026-08-17,GBU,OPT,GBUM8 C13000,2028-06-09,C,1.3,0.076800000,3,
2026-08-17,GBU,OPT,GBUM8 C13050,2028-06-09,C,1.305,0.073500000,3,
2026-08-17,GBU,OPT,GBUM8 C13100,2028-06-09,C,1.31,0.070300000,3,
2026-08-17,GBU,OPT,GBUM8 C13150,2028-06-09,C,1.315,0.067200000,3,
2026-08-17,GBU,OPT,GBUM8 C13200,2028-06-09,C,1.32,0.064100000,3,
2026-08-17,GBU,OPT,GBUM8 C13250,2028-06-09,C,1.325,0.061100000,3,
2026-08-17,GBU,OPT,GBUM8 C13300,2028-06-09,C,1.33,0.058100000,3,
2026-08-17,GBU,OPT,GBUM8 C13350,2028-06-09,C,1.335,0.055300000,3,
2026-08-17,GBU,OPT,GBUM8 C13400,2028-06-09,C,1.34,0.052600000,3,
2026-08-17,GBU,OPT,GBUM8 C13450,2028-06-09,C,1.345,0.049900000,3,
2026-08-17,GBU,OPT,GBUM8 C13500,2028-06-09,C,1.35,0.047400000,3,
2026-08-17,GBU,OPT,GBUM8 C13550,2028-06-09,C,1.355,0.044900000,3,
2026-08-17,GBU,OPT,GBUM8 C13600,2028-06-09,C,1.36,0.042500000,3,
2026-08-17,GBU,OPT,GBUM8 C13650,2028-06-09,C,1.365,0.040300000,3,
2026-08-17,GBU,OPT,GBUM8 C13700,2028-06-09,C,1.37,0.038100000,3,
2026-08-17,GBU,OPT,GBUM8 C13750,2028-06-09,C,1.375,0.036100000,3,
2026-08-17,GBU,OPT,GBUM8 C13800,2028-06-09,C,1.38,0.034100000,3,
2026-08-17,GBU,OPT,GBUM8 C13850,2028-06-09,C,1.385,0.032200000,3,
2026-08-17,GBU,OPT,GBUM8 C13900,2028-06-09,C,1.39,0.030400000,3,
2026-08-17,GBU,OPT,GBUM8 C13950,2028-06-09,C,1.395,0.028700000,3,
2026-08-17,GBU,OPT,GBUM8 C14000,2028-06-09,C,1.4,0.027100000,3,
2026-08-17,GBU,OPT,GBUM8 C14100,2028-06-09,C,1.41,0.024200000,3,
2026-08-17,GBU,OPT,GBUM8 C14200,2028-06-09,C,1.42,0.021500000,3,
2026-08-17,GBU,OPT,GBUM8 C14300,2028-06-09,C,1.43,0.019100000,3,
2026-08-17,GBU,OPT,GBUM8 C14400,2028-06-09,C,1.44,0.017000000,3,
2026-08-17,GBU,OPT,GBUM8 C14500,2028-06-09,C,1.45,0.015100000,3,
2026-08-17,GBU,OPT,GBUM8 C14600,2028-06-09,C,1.46,0.013400000,3,
2026-08-17,GBU,OPT,GBUM8 C14700,2028-06-09,C,1.47,0.011900000,3,
2026-08-17,GBU,OPT,GBUM8 C14800,2028-06-09,C,1.48,0.010600000,3,
2026-08-17,GBU,OPT,GBUM8 C14900,2028-06-09,C,1.49,0.009400000,3,
2026-08-17,GBU,OPT,GBUM8 C15000,2028-06-09,C,1.5,0.008500000,3,
2026-08-17,GBU,OPT,GBUM8 C15100,2028-06-09,C,1.51,0.007600000,3,
2026-08-17,GBU,OPT,GBUM8 C15200,2028-06-09,C,1.52,0.006900000,3,
2026-08-17,GBU,OPT,GBUM8 C15300,2028-06-09,C,1.53,0.006200000,3,
2026-08-17,GBU,OPT,GBUM8 C15400,2028-06-09,C,1.54,0.005600000,3,
2026-08-17,GBU,OPT,GBUM8 C15500,2028-06-09,C,1.55,0.005000000,3,
2026-08-17,GBU,OPT,GBUM8 P11200,2028-06-09,P,1.12,0.007100000,3,
2026-08-17,GBU,OPT,GBUM8 P11300,2028-06-09,P,1.13,0.007800000,3,
2026-08-17,GBU,OPT,GBUM8 P11400,2028-06-09,P,1.14,0.008400000,3,
2026-08-17,GBU,OPT,GBUM8 P11500,2028-06-09,P,1.15,0.009100000,3,
2026-08-17,GBU,OPT,GBUM8 P11600,2028-06-09,P,1.16,0.009900000,3,
2026-08-17,GBU,OPT,GBUM8 P11700,2028-06-09,P,1.17,0.010700000,3,
2026-08-17,GBU,OPT,GBUM8 P11800,2028-06-09,P,1.18,0.011600000,3,
2026-08-17,GBU,OPT,GBUM8 P11900,2028-06-09,P,1.19,0.012600000,3,
2026-08-17,GBU,OPT,GBUM8 P12000,2028-06-09,P,1.2,0.013700000,3,
2026-08-17,GBU,OPT,GBUM8 P12100,2028-06-09,P,1.21,0.014800000,3,
2026-08-17,GBU,OPT,GBUM8 P12200,2028-06-09,P,1.22,0.016000000,3,
2026-08-17,GBU,OPT,GBUM8 P12300,2028-06-09,P,1.23,0.017400000,3,
2026-08-17,GBU,OPT,GBUM8 P12400,2028-06-09,P,1.24,0.018800000,3,
2026-08-17,GBU,OPT,GBUM8 P12500,2028-06-09,P,1.25,0.020500000,3,
2026-08-17,GBU,OPT,GBUM8 P12600,2028-06-09,P,1.26,0.022200000,3,
2026-08-17,GBU,OPT,GBUM8 P12650,2028-06-09,P,1.265,0.023200000,3,
2026-08-17,GBU,OPT,GBUM8 P12700,2028-06-09,P,1.27,0.024200000,3,
2026-08-17,GBU,OPT,GBUM8 P12750,2028-06-09,P,1.275,0.025300000,3,
2026-08-17,GBU,OPT,GBUM8 P12800,2028-06-09,P,1.28,0.026400000,3,
2026-08-17,GBU,OPT,GBUM8 P12850,2028-06-09,P,1.285,0.027500000,3,
2026-08-17,GBU,OPT,GBUM8 P12900,2028-06-09,P,1.29,0.028700000,3,
2026-08-17,GBU,OPT,GBUM8 P12950,2028-06-09,P,1.295,0.030000000,3,
2026-08-17,GBU,OPT,GBUM8 P13000,2028-06-09,P,1.3,0.031300000,3,
2026-08-17,GBU,OPT,GBUM8 P13050,2028-06-09,P,1.305,0.032700000,3,
2026-08-17,GBU,OPT,GBUM8 P13100,2028-06-09,P,1.31,0.034100000,3,
2026-08-17,GBU,OPT,GBUM8 P13150,2028-06-09,P,1.315,0.035600000,3,
2026-08-17,GBU,OPT,GBUM8 P13200,2028-06-09,P,1.32,0.037200000,3,
2026-08-17,GBU,OPT,GBUM8 P13250,2028-06-09,P,1.325,0.038800000,3,
2026-08-17,GBU,OPT,GBUM8 P13300,2028-06-09,P,1.33,0.040500000,3,
2026-08-17,GBU,OPT,GBUM8 P13350,2028-06-09,P,1.335,0.042400000,3,
2026-08-17,GBU,OPT,GBUM8 P13400,2028-06-09,P,1.34,0.044300000,3,
2026-08-17,GBU,OPT,GBUM8 P13450,2028-06-09,P,1.345,0.046300000,3,
2026-08-17,GBU,OPT,GBUM8 P13500,2028-06-09,P,1.35,0.048400000,3,
2026-08-17,GBU,OPT,GBUM8 P13550,2028-06-09,P,1.355,0.050600000,3,
2026-08-17,GBU,OPT,GBUM8 P13600,2028-06-09,P,1.36,0.052900000,3,
2026-08-17,GBU,OPT,GBUM8 P13650,2028-06-09,P,1.365,0.055300000,3,
2026-08-17,GBU,OPT,GBUM8 P13700,2028-06-09,P,1.37,0.057800000,3,
2026-08-17,GBU,OPT,GBUM8 P13750,2028-06-09,P,1.375,0.060300000,3,
2026-08-17,GBU,OPT,GBUM8 P13800,2028-06-09,P,1.38,0.063000000,3,
2026-08-17,GBU,OPT,GBUM8 P13850,2028-06-09,P,1.385,0.065800000,3,
2026-08-17,GBU,OPT,GBUM8 P13900,2028-06-09,P,1.39,0.068700000,3,
2026-08-17,GBU,OPT,GBUM8 P13950,2028-06-09,P,1.395,0.071700000,3,
2026-08-17,GBU,OPT,GBUM8 P14000,2028-06-09,P,1.4,0.074700000,3,
2026-08-17,GBU,OPT,GBUM8 P14100,2028-06-09,P,1.41,0.081000000,3,
2026-08-17,GBU,OPT,GBUM8 P14200,2028-06-09,P,1.42,0.087700000,3,
2026-08-17,GBU,OPT,GBUM8 P14300,2028-06-09,P,1.43,0.094600000,3,
2026-08-17,GBU,OPT,GBUM8 P14400,2028-06-09,P,1.44,0.101800000,3,
2026-08-17,GBU,OPT,GBUM8 P14500,2028-06-09,P,1.45,0.109200000,3,
2026-08-17,GBU,OPT,GBUM8 P14600,2028-06-09,P,1.46,0.116900000,3,
2026-08-17,GBU,OPT,GBUM8 P14700,2028-06-09,P,1.47,0.124700000,3,
2026-08-17,GBU,OPT,GBUM8 P14800,2028-06-09,P,1.48,0.132600000,3,
2026-08-17,GBU,OPT,GBUM8 P14900,2028-06-09,P,1.49,0.140800000,3,
2026-08-17,GBU,OPT,GBUM8 P15000,2028-06-09,P,1.5,0.149100000,3,
2026-08-17,GBU,OPT,GBUM8 P15100,2028-06-09,P,1.51,0.157600000,3,
2026-08-17,GBU,OPT,GBUM8 P15200,2028-06-09,P,1.52,0.166100000,3,
2026-08-17,GBU,OPT,GBUM8 P15300,2028-06-09,P,1.53,0.174800000,3,
2026-08-17,GBU,OPT,GBUM8 P15400,2028-06-09,P,1.54,0.183500000,3,
2026-08-17,GBU,OPT,GBUM8 P15500,2028-06-09,P,1.55,0.192200000,3,
