session,root,type,symbol,expiry,right,strike,settle,settle_flag,oi
2026-10-06,EUU,OPT,EUUV6 C1000,2026-10-09,C,1,0.129200000,3,
2026-10-06,EUU,OPT,EUUV6 C1010,2026-10-09,C,1.01,0.119200000,3,
2026-10-06,EUU,OPT,EUUV6 C1020,2026-10-09,C,1.02,0.109200000,3,
2026-10-06,EUU,OPT,EUUV6 C1030,2026-10-09,C,1.03,0.099200000,3,
2026-10-06,EUU,OPT,EUUV6 C1040,2026-10-09,C,1.04,0.089200000,3,
2026-10-06,EUU,OPT,EUUV6 C1050,2026-10-09,C,1.05,0.079200000,3,
2026-10-06,EUU,OPT,EUUV6 C1055,2026-10-09,C,1.055,0.074200000,3,
2026-10-06,EUU,OPT,EUUV6 C1060,2026-10-09,C,1.06,0.069200000,3,
2026-10-06,EUU,OPT,EUUV6 C1065,2026-10-09,C,1.065,0.064200000,3,
2026-10-06,EUU,OPT,EUUV6 C1070,2026-10-09,C,1.07,0.059200000,3,1
2026-10-06,EUU,OPT,EUUV6 C1075,2026-10-09,C,1.075,0.054200000,3,
2026-10-06,EUU,OPT,EUUV6 C1080,2026-10-09,C,1.08,0.049200000,3,
2026-10-06,EUU,OPT,EUUV6 C1085,2026-10-09,C,1.085,0.044200000,3,
2026-10-06,EUU,OPT,EUUV6 C1090,2026-10-09,C,1.09,0.039200000,3,
2026-10-06,EUU,OPT,EUUV6 C1095,2026-10-09,C,1.095,0.034200000,3,
2026-10-06,EUU,OPT,EUUV6 C1100,2026-10-09,C,1.1,0.029200000,3,
2026-10-06,EUU,OPT,EUUV6 C1105,2026-10-09,C,1.105,0.024300000,3,
2026-10-06,EUU,OPT,EUUV6 C1107,2026-10-09,C,1.1075,0.021800000,3,
2026-10-06,EUU,OPT,EUUV6 C1110,2026-10-09,C,1.11,0.019300000,3,
2026-10-06,EUU,OPT,EUUV6 C1112,2026-10-09,C,1.1125,0.016800000,3,
2026-10-06,EUU,OPT,EUUV6 C1115,2026-10-09,C,1.115,0.014400000,3,3
2026-10-06,EUU,OPT,EUUV6 C1117,2026-10-09,C,1.1175,0.012000000,3,
2026-10-06,EUU,OPT,EUUV6 C1120,2026-10-09,C,1.12,0.009700000,3,9
2026-10-06,EUU,OPT,EUUV6 C1122,2026-10-09,C,1.1225,0.007400000,3,97
2026-10-06,EUU,OPT,EUUV6 C1125,2026-10-09,C,1.125,0.005300000,3,343
2026-10-06,EUU,OPT,EUUV6 C1127,2026-10-09,C,1.1275,0.003500000,3,434
2026-10-06,EUU,OPT,EUUV6 C1130,2026-10-09,C,1.13,0.002100000,3,659
2026-10-06,EUU,OPT,EUUV6 C1132,2026-10-09,C,1.1325,0.001100000,3,226
2026-10-06,EUU,OPT,EUUV6 C1135,2026-10-09,C,1.135,0.000600000,3,443
2026-10-06,EUU,OPT,EUUV6 C1137,2026-10-09,C,1.1375,0.000250000,3,600
2026-10-06,EUU,OPT,EUUV6 C1140,2026-10-09,C,1.14,0.000100000,3,1897
2026-10-06,EUU,OPT,EUUV6 C1142,2026-10-09,C,1.1425,0.000050000,3,869
2026-10-06,EUU,OPT,EUUV6 C1145,2026-10-09,C,1.145,0.000050000,3,4430
2026-10-06,EUU,OPT,EUUV6 C1147,2026-10-09,C,1.1475,0.000050000,3,168
2026-10-06,EUU,OPT,EUUV6 C1150,2026-10-09,C,1.15,0.000050000,3,2568
2026-10-06,EUU,OPT,EUUV6 C1152,2026-10-09,C,1.1525,0.000050000,3,419
2026-10-06,EUU,OPT,EUUV6 C1155,2026-10-09,C,1.155,0.000050000,3,2134
2026-10-06,EUU,OPT,EUUV6 C1157,2026-10-09,C,1.1575,0.000050000,3,364
2026-10-06,EUU,OPT,EUUV6 C1160,2026-10-09,C,1.16,0.000050000,3,1667
2026-10-06,EUU,OPT,EUUV6 C1162,2026-10-09,C,1.1625,0.000050000,3,283
2026-10-06,EUU,OPT,EUUV6 C1165,2026-10-09,C,1.165,0.000050000,3,1166
2026-10-06,EUU,OPT,EUUV6 C1167,2026-10-09,C,1.1675,0.000050000,3,1032
2026-10-06,EUU,OPT,EUUV6 C1170,2026-10-09,C,1.17,0.000050000,3,3997
2026-10-06,EUU,OPT,EUUV6 C1172,2026-10-09,C,1.1725,0.000050000,3,513
2026-10-06,EUU,OPT,EUUV6 C1175,2026-10-09,C,1.175,0.000050000,3,2704
2026-10-06,EUU,OPT,EUUV6 C1177,2026-10-09,C,1.1775,0.000050000,3,553
2026-10-06,EUU,OPT,EUUV6 C1180,2026-10-09,C,1.18,0.000050000,3,1695
2026-10-06,EUU,OPT,EUUV6 C1182,2026-10-09,C,1.1825,0.000050000,3,23
2026-10-06,EUU,OPT,EUUV6 C1185,2026-10-09,C,1.185,0.000050000,3,1284
2026-10-06,EUU,OPT,EUUV6 C1187,2026-10-09,C,1.1875,0.000050000,3,16
2026-10-06,EUU,OPT,EUUV6 C1190,2026-10-09,C,1.19,0.000050000,3,1785
2026-10-06,EUU,OPT,EUUV6 C1195,2026-10-09,C,1.195,0.000050000,3,1595
2026-10-06,EUU,OPT,EUUV6 C1200,2026-10-09,C,1.2,0.000050000,3,1988
2026-10-06,EUU,OPT,EUUV6 C1205,2026-10-09,C,1.205,0.000050000,3,633
2026-10-06,EUU,OPT,EUUV6 C1210,2026-10-09,C,1.21,0.000050000,3,322
2026-10-06,EUU,OPT,EUUV6 C1215,2026-10-09,C,1.215,0.000050000,3,344
2026-10-06,EUU,OPT,EUUV6 C1220,2026-10-09,C,1.22,0.000050000,3,627
2026-10-06,EUU,OPT,EUUV6 C1225,2026-10-09,C,1.225,0.000050000,3,151
2026-10-06,EUU,OPT,EUUV6 C1230,2026-10-09,C,1.23,0.000050000,3,64
2026-10-06,EUU,OPT,EUUV6 C1235,2026-10-09,C,1.235,0.000050000,3,1064
2026-10-06,EUU,OPT,EUUV6 C1240,2026-10-09,C,1.24,0.000050000,3,681
2026-10-06,EUU,OPT,EUUV6 C1245,2026-10-09,C,1.245,0.000050000,3,14
2026-10-06,EUU,OPT,EUUV6 C1250,2026-10-09,C,1.25,0.000050000,3,303
2026-10-06,EUU,OPT,EUUV6 C1255,2026-10-09,C,1.255,0.000050000,3,19
2026-10-06,EUU,OPT,EUUV6 C1260,2026-10-09,C,1.26,0.000050000,3,16
2026-10-06,EUU,OPT,EUUV6 C1265,2026-10-09,C,1.265,0.000050000,3,417
2026-10-06,EUU,OPT,EUUV6 C1270,2026-10-09,C,1.27,0.000050000,3,6
2026-10-06,EUU,OPT,EUUV6 C1280,2026-10-09,C,1.28,0.000050000,3,3
2026-10-06,EUU,OPT,EUUV6 C1290,2026-10-09,C,1.29,0.000050000,3,28
2026-10-06,EUU,OPT,EUUV6 C1300,2026-10-09,C,1.3,0.000050000,3,57
2026-10-06,EUU,OPT,EUUV6 C1310,2026-10-09,C,1.31,0.000050000,3,100
2026-10-06,EUU,OPT,EUUV6 C1320,2026-10-09,C,1.32,0.000050000,3,
2026-10-06,EUU,OPT,EUUV6 C1330,2026-10-09,C,1.33,0.000050000,3,7
2026-10-06,EUU,OPT,EUUV6 C1340,2026-10-09,C,1.34,0.000050000,3,1
2026-10-06,EUU,OPT,EUUV6 C1350,2026-10-09,C,1.35,0.000050000,3,23
2026-10-06,EUU,OPT,EUUV6 C1360,2026-10-09,C,1.36,0.000050000,3,47
2026-10-06,EUU,OPT,EUUV6 P1000,2026-10-09,P,1,0.000050000,3,
2026-10-06,EUU,OPT,EUUV6 P1010,2026-10-09,P,1.01,0.000050000,3,
2026-10-06,EUU,OPT,EUUV6 P1020,2026-10-09,P,1.02,0.000050000,3,59
2026-10-06,EUU,OPT,EUUV6 P1030,2026-10-09,P,1.03,0.000050000,3,3
2026-10-06,EUU,OPT,EUUV6 P1040,2026-10-09,P,1.04,0.000050000,3,28
2026-10-06,EUU,OPT,EUUV6 P1050,2026-10-09,P,1.05,0.000050000,3,17
2026-10-06,EUU,OPT,EUUV6 P1055,2026-10-09,P,1.055,0.000050000,3,
2026-10-06,EUU,OPT,EUUV6 P1060,2026-10-09,P,1.06,0.000050000,3,82
2026-10-06,EUU,OPT,EUUV6 P1065,2026-10-09,P,1.065,0.000050000,3,
2026-10-06,EUU,OPT,EUUV6 P1070,2026-10-09,P,1.07,0.000050000,3,104
2026-10-06,EUU,OPT,EUUV6 P1075,2026-10-09,P,1.075,0.000050000,3,5
2026-10-06,EUU,OPT,EUUV6 P1080,2026-10-09,P,1.08,0.000050000,3,48
2026-10-06,EUU,OPT,EUUV6 P1085,2026-10-09,P,1.085,0.000050000,3,
2026-10-06,EUU,OPT,EUUV6 P1090,2026-10-09,P,1.09,0.000050000,3,85
2026-10-06,EUU,OPT,EUUV6 P1095,2026-10-09,P,1.095,0.000050000,3,85
2026-10-06,EUU,OPT,EUUV6 P1100,2026-10-09,P,1.1,0.000050000,3,765
2026-10-06,EUU,OPT,EUUV6 P1105,2026-10-09,P,1.105,0.000050000,3,1416
2026-10-06,EUU,OPT,EUUV6 P1107,2026-10-09,P,1.1075,0.000050000,3,16
2026-10-06,EUU,OPT,EUUV6 P1110,2026-10-09,P,1.11,0.000050000,3,1094
2026-10-06,EUU,OPT,EUUV6 P1112,2026-10-09,P,1.1125,0.000100000,3,72
2026-10-06,EUU,OPT,EUUV6 P1115,2026-10-09,P,1.115,0.000150000,3,1781
2026-10-06,EUU,OPT,EUUV6 P1117,2026-10-09,P,1.1175,0.000250000,3,361
2026-10-06,EUU,OPT,EUUV6 P1120,2026-10-09,P,1.12,0.000400000,3,1020
2026-10-06,EUU,OPT,EUUV6 P1122,2026-10-09,P,1.1225,0.000700000,3,1037
2026-10-06,EUU,OPT,EUUV6 P1125,2026-10-09,P,1.125,0.001100000,3,2582
2026-10-06,EUU,OPT,EUUV6 P1127,2026-10-09,P,1.1275,0.001800000,3,1442
2026-10-06,EUU,OPT,EUUV6 P1130,2026-10-09,P,1.13,0.002900000,3,3285
2026-10-06,EUU,OPT,EUUV6 P1132,2026-10-09,P,1.1325,0.004400000,3,432
2026-10-06,EUU,OPT,EUUV6 P1135,2026-10-09,P,1.135,0.006300000,3,3100
2026-10-06,EUU,OPT,EUUV6 P1137,2026-10-09,P,1.1375,0.008500000,3,718
2026-10-06,EUU,OPT,EUUV6 P1140,2026-10-09,P,1.14,0.010800000,3,7711
2026-10-06,EUU,OPT,EUUV6 P1142,2026-10-09,P,1.1425,0.013300000,3,558
2026-10-06,EUU,OPT,EUUV6 P1145,2026-10-09,P,1.145,0.015800000,3,5120
2026-10-06,EUU,OPT,EUUV6 P1147,2026-10-09,P,1.1475,0.018200000,3,508
2026-10-06,EUU,OPT,EUUV6 P1150,2026-10-09,P,1.15,0.020700000,3,8464
2026-10-06,EUU,OPT,EUUV6 P1152,2026-10-09,P,1.1525,0.023200000,3,622
2026-10-06,EUU,OPT,EUUV6 P1155,2026-10-09,P,1.155,0.025700000,3,4616
2026-10-06,EUU,OPT,EUUV6 P1157,2026-10-09,P,1.1575,0.028200000,3,791
2026-10-06,EUU,OPT,EUUV6 P1160,2026-10-09,P,1.16,0.030700000,3,1370
2026-10-06,EUU,OPT,EUUV6 P1162,2026-10-09,P,1.1625,0.033200000,3,375
2026-10-06,EUU,OPT,EUUV6 P1165,2026-10-09,P,1.165,0.035700000,3,7711
2026-10-06,EUU,OPT,EUUV6 P1167,2026-10-09,P,1.1675,0.038200000,3,520
2026-10-06,EUU,OPT,EUUV6 P1170,2026-10-09,P,1.17,0.040700000,3,1215
2026-10-06,EUU,OPT,EUUV6 P1172,2026-10-09,P,1.1725,0.043200000,3,
2026-10-06,EUU,OPT,EUUV6 P1175,2026-10-09,P,1.175,0.045700000,3,747
2026-10-06,EUU,OPT,EUUV6 P1177,2026-10-09,P,1.1775,0.048200000,3,
2026-10-06,EUU,OPT,EUUV6 P1180,2026-10-09,P,1.18,0.050700000,3,1465
2026-10-06,EUU,OPT,EUUV6 P1182,2026-10-09,P,1.1825,0.053200000,3,
2026-10-06,EUU,OPT,EUUV6 P1185,2026-10-09,P,1.185,0.055700000,3,173
2026-10-06,EUU,OPT,EUUV6 P1187,2026-10-09,P,1.1875,0.058200000,3,
2026-10-06,EUU,OPT,EUUV6 P1190,2026-10-09,P,1.19,0.060700000,3,771
2026-10-06,EUU,OPT,EUUV6 P1195,2026-10-09,P,1.195,0.065700000,3,284
2026-10-06,EUU,OPT,EUUV6 P1200,2026-10-09,P,1.2,0.070700000,3,1071
2026-10-06,EUU,OPT,EUUV6 P1205,2026-10-09,P,1.205,0.075700000,3,91
2026-10-06,EUU,OPT,EUUV6 P1210,2026-10-09,P,1.21,0.080700000,3,6
2026-10-06,EUU,OPT,EUUV6 P1215,2026-10-09,P,1.215,0.085700000,3,5
2026-10-06,EUU,OPT,EUUV6 P1220,2026-10-09,P,1.22,0.090700000,3,
2026-10-06,EUU,OPT,EUUV6 P1225,2026-10-09,P,1.225,0.095700000,3,
2026-10-06,EUU,OPT,EUUV6 P1230,2026-10-09,P,1.23,0.100700000,3,
2026-10-06,EUU,OPT,EUUV6 P1235,2026-10-09,P,1.235,0.105700000,3,
2026-10-06,EUU,OPT,EUUV6 P1240,2026-10-09,P,1.24,0.110700000,3,
2026-10-06,EUU,OPT,EUUV6 P1245,2026-10-09,P,1.245,0.115700000,3,
2026-10-06,EUU,OPT,EUUV6 P1250,2026-10-09,P,1.25,0.120700000,3,
2026-10-06,EUU,OPT,EUUV6 P1255,2026-10-09,P,1.255,0.125700000,3,
2026-10-06,EUU,OPT,EUUV6 P1260,2026-10-09,P,1.26,0.130700000,3,
2026-10-06,EUU,OPT,EUUV6 P1265,2026-10-09,P,1.265,0.135700000,3,
2026-10-06,EUU,OPT,EUUV6 P1270,2026-10-09,P,1.27,0.140700000,3,
2026-10-06,EUU,OPT,EUUV6 P1280,2026-10-09,P,1.28,0.150700000,3,
2026-10-06,EUU,OPT,EUUV6 P1290,2026-10-09,P,1.29,0.160700000,3,
2026-10-06,EUU,OPT,EUUV6 P1300,2026-10-09,P,1.3,0.170700000,3,
2026-10-06,EUU,OPT,EUUV6 P1310,2026-10-09,P,1.31,0.180700000,3,
2026-10-06,EUU,OPT,EUUV6 P1320,2026-10-09,P,1.32,0.190700000,3,
2026-10-06,EUU,OPT,EUUV6 P1330,2026-10-09,P,1.33,0.200700000,3,
2026-10-06,EUU,OPT,EUUV6 P1340,2026-10-09,P,1.34,0.210700000,3,
2026-10-06,EUU,OPT,EUUV6 P1350,2026-10-09,P,1.35,0.220700000,3,
2026-10-06,EUU,OPT,EUUV6 P1360,2026-10-09,P,1.36,0.230700000,3,
2026-10-06,EUU,OPT,EUUX6 C0980,2026-11-06,C,0.98,0.148800000,3,
2026-10-06,EUU,OPT,EUUX6 C0990,2026-11-06,C,0.99,0.138800000,3,
2026-10-06,EUU,OPT,EUUX6 C1000,2026-11-06,C,1,0.128800000,3,
2026-10-06,EUU,OPT,EUUX6 C1010,2026-11-06,C,1.01,0.118900000,3,
2026-10-06,EUU,OPT,EUUX6 C1020,2026-11-06,C,1.02,0.108900000,3,
2026-10-06,EUU,OPT,EUUX6 C1030,2026-11-06,C,1.03,0.098900000,3,
2026-10-06,EUU,OPT,EUUX6 C1040,2026-11-06,C,1.04,0.089000000,3,4
2026-10-06,EUU,OPT,EUUX6 C1050,2026-11-06,C,1.05,0.079100000,3,
2026-10-06,EUU,OPT,EUUX6 C1060,2026-11-06,C,1.06,0.069200000,3,
2026-10-06,EUU,OPT,EUUX6 C1070,2026-11-06,C,1.07,0.059300000,3,
2026-10-06,EUU,OPT,EUUX6 C1075,2026-11-06,C,1.075,0.054400000,3,
2026-10-06,EUU,OPT,EUUX6 C1080,2026-11-06,C,1.08,0.049500000,3,4
2026-10-06,EUU,OPT,EUUX6 C1085,2026-11-06,C,1.085,0.044700000,3,
2026-10-06,EUU,OPT,EUUX6 C1090,2026-11-06,C,1.09,0.039900000,3,
2026-10-06,EUU,OPT,EUUX6 C1095,2026-11-06,C,1.095,0.035200000,3,
2026-10-06,EUU,OPT,EUUX6 C1100,2026-11-06,C,1.1,0.030600000,3,1
2026-10-06,EUU,OPT,EUUX6 C1105,2026-11-06,C,1.105,0.026100000,3,
2026-10-06,EUU,OPT,EUUX6 C1110,2026-11-06,C,1.11,0.021800000,3,1
2026-10-06,EUU,OPT,EUUX6 C1115,2026-11-06,C,1.115,0.017700000,3,
2026-10-06,EUU,OPT,EUUX6 C1120,2026-11-06,C,1.12,0.014000000,3,33
2026-10-06,EUU,OPT,EUUX6 C1125,2026-11-06,C,1.125,0.010600000,3,191
2026-10-06,EUU,OPT,EUUX6 C1130,2026-11-06,C,1.13,0.007800000,3,606
2026-10-06,EUU,OPT,EUUX6 C1135,2026-11-06,C,1.135,0.005400000,3,2276
2026-10-06,EUU,OPT,EUUX6 C1140,2026-11-06,C,1.14,0.003600000,3,592
2026-10-06,EUU,OPT,EUUX6 C1145,2026-11-06,C,1.145,0.002300000,3,1139
2026-10-06,EUU,OPT,EUUX6 C1150,2026-11-06,C,1.15,0.001400000,3,1123
2026-10-06,EUU,OPT,EUUX6 C1155,2026-11-06,C,1.155,0.000900000,3,1800
2026-10-06,EUU,OPT,EUUX6 C1160,2026-11-06,C,1.16,0.000600000,3,1996
2026-10-06,EUU,OPT,EUUX6 C1165,2026-11-06,C,1.165,0.000350000,3,1481
2026-10-06,EUU,OPT,EUUX6 C1170,2026-11-06,C,1.17,0.000250000,3,2217
2026-10-06,EUU,OPT,EUUX6 C1175,2026-11-06,C,1.175,0.000150000,3,507
2026-10-06,EUU,OPT,EUUX6 C1180,2026-11-06,C,1.18,0.000100000,3,450
2026-10-06,EUU,OPT,EUUX6 C1185,2026-11-06,C,1.185,0.000100000,3,469
2026-10-06,EUU,OPT,EUUX6 C1190,2026-11-06,C,1.19,0.000050000,3,1349
2026-10-06,EUU,OPT,EUUX6 C1195,2026-11-06,C,1.195,0.000050000,3,1438
2026-10-06,EUU,OPT,EUUX6 C1200,2026-11-06,C,1.2,0.000050000,3,1091
2026-10-06,EUU,OPT,EUUX6 C1205,2026-11-06,C,1.205,0.000050000,3,1639
2026-10-06,EUU,OPT,EUUX6 C1210,2026-11-06,C,1.21,0.000050000,3,69
2026-10-06,EUU,OPT,EUUX6 C1215,2026-11-06,C,1.215,0.000050000,3,86
2026-10-06,EUU,OPT,EUUX6 C1220,2026-11-06,C,1.22,0.000050000,3,39
2026-10-06,EUU,OPT,EUUX6 C1225,2026-11-06,C,1.225,0.000050000,3,567
2026-10-06,EUU,OPT,EUUX6 C1230,2026-11-06,C,1.23,0.000050000,3,44
2026-10-06,EUU,OPT,EUUX6 C1235,2026-11-06,C,1.235,0.000050000,3,502
2026-10-06,EUU,OPT,EUUX6 C1240,2026-11-06,C,1.24,0.000050000,3,61
2026-10-06,EUU,OPT,EUUX6 C1245,2026-11-06,C,1.245,0.000050000,3,709
2026-10-06,EUU,OPT,EUUX6 C1250,2026-11-06,C,1.25,0.000050000,3,186
2026-10-06,EUU,OPT,EUUX6 C1255,2026-11-06,C,1.255,0.000050000,3,9
2026-10-06,EUU,OPT,EUUX6 C1260,2026-11-06,C,1.26,0.000050000,3,102
2026-10-06,EUU,OPT,EUUX6 C1265,2026-11-06,C,1.265,0.000050000,3,10
2026-10-06,EUU,OPT,EUUX6 C1270,2026-11-06,C,1.27,0.000050000,3,32
2026-10-06,EUU,OPT,EUUX6 C1280,2026-11-06,C,1.28,0.000050000,3,32
2026-10-06,EUU,OPT,EUUX6 C1290,2026-11-06,C,1.29,0.000050000,3,33
2026-10-06,EUU,OPT,EUUX6 C1300,2026-11-06,C,1.3,0.000050000,3,2402
2026-10-06,EUU,OPT,EUUX6 C1310,2026-11-06,C,1.31,0.000050000,3,17
2026-10-06,EUU,OPT,EUUX6 C1320,2026-11-06,C,1.32,0.000050000,3,7
2026-10-06,EUU,OPT,EUUX6 C1330,2026-11-06,C,1.33,0.000050000,3,608
2026-10-06,EUU,OPT,EUUX6 C1340,2026-11-06,C,1.34,0.000050000,3,7
2026-10-06,EUU,OPT,EUUX6 C1350,2026-11-06,C,1.35,0.000050000,3,
2026-10-06,EUU,OPT,EUUX6 C1360,2026-11-06,C,1.36,0.000050000,3,6
2026-10-06,EUU,OPT,EUUX6 P0980,2026-11-06,P,0.98,0.000050000,3,
2026-10-06,EUU,OPT,EUUX6 P0990,2026-11-06,P,0.99,0.000050000,3,
2026-10-06,EUU,OPT,EUUX6 P1000,2026-11-06,P,1,0.000050000,3,
2026-10-06,EUU,OPT,EUUX6 P1010,2026-11-06,P,1.01,0.000050000,3,
2026-10-06,EUU,OPT,EUUX6 P1020,2026-11-06,P,1.02,0.000050000,3,82
2026-10-06,EUU,OPT,EUUX6 P1030,2026-11-06,P,1.03,0.000050000,3,14
2026-10-06,EUU,OPT,EUUX6 P1040,2026-11-06,P,1.04,0.000050000,3,40
2026-10-06,EUU,OPT,EUUX6 P1050,2026-11-06,P,1.05,0.000100000,3,2
2026-10-06,EUU,OPT,EUUX6 P1060,2026-11-06,P,1.06,0.000150000,3,489
2026-10-06,EUU,OPT,EUUX6 P1070,2026-11-06,P,1.07,0.000250000,3,2027
2026-10-06,EUU,OPT,EUUX6 P1075,2026-11-06,P,1.075,0.000300000,3,112
2026-10-06,EUU,OPT,EUUX6 P1080,2026-11-06,P,1.08,0.000400000,3,980
2026-10-06,EUU,OPT,EUUX6 P1085,2026-11-06,P,1.085,0.000600000,3,872
2026-10-06,EUU,OPT,EUUX6 P1090,2026-11-06,P,1.09,0.000700000,3,1236
2026-10-06,EUU,OPT,EUUX6 P1095,2026-11-06,P,1.095,0.001000000,3,719
2026-10-06,EUU,OPT,EUUX6 P1100,2026-11-06,P,1.1,0.001400000,3,1514
2026-10-06,EUU,OPT,EUUX6 P1105,2026-11-06,P,1.105,0.001900000,3,1226
2026-10-06,EUU,OPT,EUUX6 P1110,2026-11-06,P,1.11,0.002600000,3,3844
2026-10-06,EUU,OPT,EUUX6 P1115,2026-11-06,P,1.115,0.003500000,3,1108
2026-10-06,EUU,OPT,EUUX6 P1120,2026-11-06,P,1.12,0.004800000,3,2576
2026-10-06,EUU,OPT,EUUX6 P1125,2026-11-06,P,1.125,0.006400000,3,1941
2026-10-06,EUU,OPT,EUUX6 P1130,2026-11-06,P,1.13,0.008500000,3,1406
2026-10-06,EUU,OPT,EUUX6 P1135,2026-11-06,P,1.135,0.011200000,3,2795
2026-10-06,EUU,OPT,EUUX6 P1140,2026-11-06,P,1.14,0.014300000,3,1774
2026-10-06,EUU,OPT,EUUX6 P1145,2026-11-06,P,1.145,0.018000000,3,875
2026-10-06,EUU,OPT,EUUX6 P1150,2026-11-06,P,1.15,0.022100000,3,1678
2026-10-06,EUU,OPT,EUUX6 P1155,2026-11-06,P,1.155,0.026600000,3,2033
2026-10-06,EUU,OPT,EUUX6 P1160,2026-11-06,P,1.16,0.031200000,3,1248
2026-10-06,EUU,OPT,EUUX6 P1165,2026-11-06,P,1.165,0.036000000,3,791
2026-10-06,EUU,OPT,EUUX6 P1170,2026-11-06,P,1.17,0.040900000,3,1408
2026-10-06,EUU,OPT,EUUX6 P1175,2026-11-06,P,1.175,0.045800000,3,573
2026-10-06,EUU,OPT,EUUX6 P1180,2026-11-06,P,1.18,0.050700000,3,228
2026-10-06,EUU,OPT,EUUX6 P1185,2026-11-06,P,1.185,0.055700000,3,13
2026-10-06,EUU,OPT,EUUX6 P1190,2026-11-06,P,1.19,0.060600000,3,455
2026-10-06,EUU,OPT,EUUX6 P1195,2026-11-06,P,1.195,0.065600000,3,522
2026-10-06,EUU,OPT,EUUX6 P1200,2026-11-06,P,1.2,0.070600000,3,600
2026-10-06,EUU,OPT,EUUX6 P1205,2026-11-06,P,1.205,0.075500000,3,69
2026-10-06,EUU,OPT,EUUX6 P1210,2026-11-06,P,1.21,0.080500000,3,
2026-10-06,EUU,OPT,EUUX6 P1215,2026-11-06,P,1.215,0.085500000,3,92
2026-10-06,EUU,OPT,EUUX6 P1220,2026-11-06,P,1.22,0.090500000,3,
2026-10-06,EUU,OPT,EUUX6 P1225,2026-11-06,P,1.225,0.095400000,3,
2026-10-06,EUU,OPT,EUUX6 P1230,2026-11-06,P,1.23,0.100400000,3,
2026-10-06,EUU,OPT,EUUX6 P1235,2026-11-06,P,1.235,0.105400000,3,
2026-10-06,EUU,OPT,EUUX6 P1240,2026-11-06,P,1.24,0.110400000,3,1
2026-10-06,EUU,OPT,EUUX6 P1245,2026-11-06,P,1.245,0.115400000,3,
2026-10-06,EUU,OPT,EUUX6 P1250,2026-11-06,P,1.25,0.120400000,3,
2026-10-06,EUU,OPT,EUUX6 P1255,2026-11-06,P,1.255,0.125300000,3,
2026-10-06,EUU,OPT,EUUX6 P1260,2026-11-06,P,1.26,0.130300000,3,
2026-10-06,EUU,OPT,EUUX6 P1265,2026-11-06,P,1.265,0.135300000,3,
2026-10-06,EUU,OPT,EUUX6 P1270,2026-11-06,P,1.27,0.140300000,3,
2026-10-06,EUU,OPT,EUUX6 P1280,2026-11-06,P,1.28,0.150300000,3,
2026-10-06,EUU,OPT,EUUX6 P1290,2026-11-06,P,1.29,0.160200000,3,
2026-10-06,EUU,OPT,EUUX6 P1300,2026-11-06,P,1.3,0.170200000,3,
2026-10-06,EUU,OPT,EUUX6 P1310,2026-11-06,P,1.31,0.180200000,3,
2026-10-06,EUU,OPT,EUUX6 P1320,2026-11-06,P,1.32,0.190100000,3,
2026-10-06,EUU,OPT,EUUX6 P1330,2026-11-06,P,1.33,0.200100000,3,
2026-10-06,EUU,OPT,EUUX6 P1340,2026-11-06,P,1.34,0.210100000,3,
2026-10-06,EUU,OPT,EUUX6 P1350,2026-11-06,P,1.35,0.220000000,3,
2026-10-06,EUU,OPT,EUUX6 P1360,2026-11-06,P,1.36,0.230000000,3,
2026-10-06,EUU,OPT,EUUZ6 C0910,2026-12-04,C,0.91,0.217900000,3,
2026-10-06,EUU,OPT,EUUZ6 C0920,2026-12-04,C,0.92,0.207900000,3,
2026-10-06,EUU,OPT,EUUZ6 C0930,2026-12-04,C,0.93,0.198000000,3,
2026-10-06,EUU,OPT,EUUZ6 C0940,2026-12-04,C,0.94,0.188100000,3,
2026-10-06,EUU,OPT,EUUZ6 C0950,2026-12-04,C,0.95,0.178100000,3,
2026-10-06,EUU,OPT,EUUZ6 C0960,2026-12-04,C,0.96,0.168200000,3,
2026-10-06,EUU,OPT,EUUZ6 C0970,2026-12-04,C,0.97,0.158300000,3,
2026-10-06,EUU,OPT,EUUZ6 C0980,2026-12-04,C,0.98,0.148400000,3,
2026-10-06,EUU,OPT,EUUZ6 C0990,2026-12-04,C,0.99,0.138500000,3,
2026-10-06,EUU,OPT,EUUZ6 C1000,2026-12-04,C,1,0.128500000,3,
2026-10-06,EUU,OPT,EUUZ6 C1010,2026-12-04,C,1.01,0.118600000,3,
2026-10-06,EUU,OPT,EUUZ6 C1015,2026-12-04,C,1.015,0.113700000,3,
2026-10-06,EUU,OPT,EUUZ6 C1020,2026-12-04,C,1.02,0.108700000,3,
2026-10-06,EUU,OPT,EUUZ6 C1025,2026-12-04,C,1.025,0.103800000,3,
2026-10-06,EUU,OPT,EUUZ6 C1030,2026-12-04,C,1.03,0.098800000,3,
2026-10-06,EUU,OPT,EUUZ6 C1035,2026-12-04,C,1.035,0.093900000,3,
2026-10-06,EUU,OPT,EUUZ6 C1040,2026-12-04,C,1.04,0.089000000,3,
2026-10-06,EUU,OPT,EUUZ6 C1045,2026-12-04,C,1.045,0.084000000,3,
2026-10-06,EUU,OPT,EUUZ6 C1050,2026-12-04,C,1.05,0.079100000,3,4
2026-10-06,EUU,OPT,EUUZ6 C1055,2026-12-04,C,1.055,0.074200000,3,
2026-10-06,EUU,OPT,EUUZ6 C1060,2026-12-04,C,1.06,0.069400000,3,2
2026-10-06,EUU,OPT,EUUZ6 C1065,2026-12-04,C,1.065,0.064500000,3,
2026-10-06,EUU,OPT,EUUZ6 C1070,2026-12-04,C,1.07,0.059700000,3,
2026-10-06,EUU,OPT,EUUZ6 C1075,2026-12-04,C,1.075,0.054900000,3,
2026-10-06,EUU,OPT,EUUZ6 C1080,2026-12-04,C,1.08,0.050200000,3,2
2026-10-06,EUU,OPT,EUUZ6 C1085,2026-12-04,C,1.085,0.045500000,3,
2026-10-06,EUU,OPT,EUUZ6 C1090,2026-12-04,C,1.09,0.041000000,3,4
2026-10-06,EUU,OPT,EUUZ6 C1095,2026-12-04,C,1.095,0.036500000,3,2
2026-10-06,EUU,OPT,EUUZ6 C1100,2026-12-04,C,1.1,0.032100000,3,7
2026-10-06,EUU,OPT,EUUZ6 C1105,2026-12-04,C,1.105,0.027900000,3,
2026-10-06,EUU,OPT,EUUZ6 C1110,2026-12-04,C,1.11,0.023900000,3,
2026-10-06,EUU,OPT,EUUZ6 C1115,2026-12-04,C,1.115,0.020100000,3,7
2026-10-06,EUU,OPT,EUUZ6 C1120,2026-12-04,C,1.12,0.016600000,3,30
2026-10-06,EUU,OPT,EUUZ6 C1125,2026-12-04,C,1.125,0.013400000,3,192
2026-10-06,EUU,OPT,EUUZ6 C1130,2026-12-04,C,1.13,0.010600000,3,1506
2026-10-06,EUU,OPT,EUUZ6 C1135,2026-12-04,C,1.135,0.008100000,3,1432
2026-10-06,EUU,OPT,EUUZ6 C1140,2026-12-04,C,1.14,0.006100000,3,777
2026-10-06,EUU,OPT,EUUZ6 C1145,2026-12-04,C,1.145,0.004500000,3,437
2026-10-06,EUU,OPT,EUUZ6 C1150,2026-12-04,C,1.15,0.003300000,3,671
2026-10-06,EUU,OPT,EUUZ6 C1155,2026-12-04,C,1.155,0.002300000,3,1314
2026-10-06,EUU,OPT,EUUZ6 C1160,2026-12-04,C,1.16,0.001700000,3,2885
2026-10-06,EUU,OPT,EUUZ6 C1165,2026-12-04,C,1.165,0.001200000,3,1463
2026-10-06,EUU,OPT,EUUZ6 C1170,2026-12-04,C,1.17,0.000800000,3,8818
2026-10-06,EUU,OPT,EUUZ6 C1175,2026-12-04,C,1.175,0.000600000,3,1346
2026-10-06,EUU,OPT,EUUZ6 C1180,2026-12-04,C,1.18,0.000450000,3,10896
2026-10-06,EUU,OPT,EUUZ6 C1185,2026-12-04,C,1.185,0.000350000,3,1682
2026-10-06,EUU,OPT,EUUZ6 C1190,2026-12-04,C,1.19,0.000300000,3,2287
2026-10-06,EUU,OPT,EUUZ6 C1195,2026-12-04,C,1.195,0.000250000,3,1740
2026-10-06,EUU,OPT,EUUZ6 C1200,2026-12-04,C,1.2,0.000200000,3,8927
2026-10-06,EUU,OPT,EUUZ6 C1205,2026-12-04,C,1.205,0.000150000,3,465
2026-10-06,EUU,OPT,EUUZ6 C1210,2026-12-04,C,1.21,0.000150000,3,713
2026-10-06,EUU,OPT,EUUZ6 C1215,2026-12-04,C,1.215,0.000100000,3,112
2026-10-06,EUU,OPT,EUUZ6 C1220,2026-12-04,C,1.22,0.000100000,3,240
2026-10-06,EUU,OPT,EUUZ6 C1225,2026-12-04,C,1.225,0.000100000,3,140
2026-10-06,EUU,OPT,EUUZ6 C1230,2026-12-04,C,1.23,0.000050000,3,86
2026-10-06,EUU,OPT,EUUZ6 C1235,2026-12-04,C,1.235,0.000050000,3,841
2026-10-06,EUU,OPT,EUUZ6 C1240,2026-12-04,C,1.24,0.000050000,3,556
2026-10-06,EUU,OPT,EUUZ6 C1245,2026-12-04,C,1.245,0.000050000,3,448
2026-10-06,EUU,OPT,EUUZ6 C1250,2026-12-04,C,1.25,0.000050000,3,2254
2026-10-06,EUU,OPT,EUUZ6 C1255,2026-12-04,C,1.255,0.000050000,3,34
2026-10-06,EUU,OPT,EUUZ6 C1260,2026-12-04,C,1.26,0.000050000,3,269
2026-10-06,EUU,OPT,EUUZ6 C1265,2026-12-04,C,1.265,0.000050000,3,114
2026-10-06,EUU,OPT,EUUZ6 C1270,2026-12-04,C,1.27,0.000050000,3,864
2026-10-06,EUU,OPT,EUUZ6 C1280,2026-12-04,C,1.28,0.000050000,3,166
2026-10-06,EUU,OPT,EUUZ6 C1290,2026-12-04,C,1.29,0.000050000,3,88
2026-10-06,EUU,OPT,EUUZ6 C1300,2026-12-04,C,1.3,0.000050000,3,816
2026-10-06,EUU,OPT,EUUZ6 C1310,2026-12-04,C,1.31,0.000050000,3,690
2026-10-06,EUU,OPT,EUUZ6 C1320,2026-12-04,C,1.32,0.000050000,3,10
2026-10-06,EUU,OPT,EUUZ6 C1330,2026-12-04,C,1.33,0.000050000,3,37
2026-10-06,EUU,OPT,EUUZ6 C1340,2026-12-04,C,1.34,0.000050000,3,11
2026-10-06,EUU,OPT,EUUZ6 C1350,2026-12-04,C,1.35,0.000050000,3,359
2026-10-06,EUU,OPT,EUUZ6 C1360,2026-12-04,C,1.36,0.000050000,3,11
2026-10-06,EUU,OPT,EUUZ6 P0910,2026-12-04,P,0.91,0.000050000,3,1
2026-10-06,EUU,OPT,EUUZ6 P0920,2026-12-04,P,0.92,0.000050000,3,
2026-10-06,EUU,OPT,EUUZ6 P0930,2026-12-04,P,0.93,0.000050000,3,8
2026-10-06,EUU,OPT,EUUZ6 P0940,2026-12-04,P,0.94,0.000050000,3,
2026-10-06,EUU,OPT,EUUZ6 P0950,2026-12-04,P,0.95,0.000050000,3,72
2026-10-06,EUU,OPT,EUUZ6 P0960,2026-12-04,P,0.96,0.000050000,3,
2026-10-06,EUU,OPT,EUUZ6 P0970,2026-12-04,P,0.97,0.000050000,3,5
2026-10-06,EUU,OPT,EUUZ6 P0980,2026-12-04,P,0.98,0.000100000,3,
2026-10-06,EUU,OPT,EUUZ6 P0990,2026-12-04,P,0.99,0.000100000,3,100
2026-10-06,EUU,OPT,EUUZ6 P1000,2026-12-04,P,1,0.000100000,3,236
2026-10-06,EUU,OPT,EUUZ6 P1010,2026-12-04,P,1.01,0.000150000,3,316
2026-10-06,EUU,OPT,EUUZ6 P1015,2026-12-04,P,1.015,0.000150000,3,40
2026-10-06,EUU,OPT,EUUZ6 P1020,2026-12-04,P,1.02,0.000150000,3,110
2026-10-06,EUU,OPT,EUUZ6 P1025,2026-12-04,P,1.025,0.000200000,3,11
2026-10-06,EUU,OPT,EUUZ6 P1030,2026-12-04,P,1.03,0.000200000,3,266
2026-10-06,EUU,OPT,EUUZ6 P1035,2026-12-04,P,1.035,0.000250000,3,4
2026-10-06,EUU,OPT,EUUZ6 P1040,2026-12-04,P,1.04,0.000300000,3,15
2026-10-06,EUU,OPT,EUUZ6 P1045,2026-12-04,P,1.045,0.000350000,3,627
2026-10-06,EUU,OPT,EUUZ6 P1050,2026-12-04,P,1.05,0.000400000,3,2030
2026-10-06,EUU,OPT,EUUZ6 P1055,2026-12-04,P,1.055,0.000450000,3,38
2026-10-06,EUU,OPT,EUUZ6 P1060,2026-12-04,P,1.06,0.000500000,3,91
2026-10-06,EUU,OPT,EUUZ6 P1065,2026-12-04,P,1.065,0.000700000,3,1629
2026-10-06,EUU,OPT,EUUZ6 P1070,2026-12-04,P,1.07,0.000800000,3,305
2026-10-06,EUU,OPT,EUUZ6 P1075,2026-12-04,P,1.075,0.001000000,3,342
2026-10-06,EUU,OPT,EUUZ6 P1080,2026-12-04,P,1.08,0.001200000,3,1662
2026-10-06,EUU,OPT,EUUZ6 P1085,2026-12-04,P,1.085,0.001600000,3,80
2026-10-06,EUU,OPT,EUUZ6 P1090,2026-12-04,P,1.09,0.002000000,3,1164
2026-10-06,EUU,OPT,EUUZ6 P1095,2026-12-04,P,1.095,0.002500000,3,1307
2026-10-06,EUU,OPT,EUUZ6 P1100,2026-12-04,P,1.1,0.003100000,3,1795
2026-10-06,EUU,OPT,EUUZ6 P1105,2026-12-04,P,1.105,0.003800000,3,3150
2026-10-06,EUU,OPT,EUUZ6 P1110,2026-12-04,P,1.11,0.004800000,3,1320
2026-10-06,EUU,OPT,EUUZ6 P1115,2026-12-04,P,1.115,0.006000000,3,863
2026-10-06,EUU,OPT,EUUZ6 P1120,2026-12-04,P,1.12,0.007400000,3,2465
2026-10-06,EUU,OPT,EUUZ6 P1125,2026-12-04,P,1.125,0.009200000,3,1096
2026-10-06,EUU,OPT,EUUZ6 P1130,2026-12-04,P,1.13,0.011300000,3,3257
2026-10-06,EUU,OPT,EUUZ6 P1135,2026-12-04,P,1.135,0.013800000,3,2440
2026-10-06,EUU,OPT,EUUZ6 P1140,2026-12-04,P,1.14,0.016800000,3,2123
2026-10-06,EUU,OPT,EUUZ6 P1145,2026-12-04,P,1.145,0.020200000,3,1060
2026-10-06,EUU,OPT,EUUZ6 P1150,2026-12-04,P,1.15,0.023900000,3,3326
2026-10-06,EUU,OPT,EUUZ6 P1155,2026-12-04,P,1.155,0.027900000,3,1571
2026-10-06,EUU,OPT,EUUZ6 P1160,2026-12-04,P,1.16,0.032200000,3,2537
2026-10-06,EUU,OPT,EUUZ6 P1165,2026-12-04,P,1.165,0.036700000,3,822
2026-10-06,EUU,OPT,EUUZ6 P1170,2026-12-04,P,1.17,0.041300000,3,1430
2026-10-06,EUU,OPT,EUUZ6 P1175,2026-12-04,P,1.175,0.046100000,3,570
2026-10-06,EUU,OPT,EUUZ6 P1180,2026-12-04,P,1.18,0.050900000,3,171
2026-10-06,EUU,OPT,EUUZ6 P1185,2026-12-04,P,1.185,0.055700000,3,75
2026-10-06,EUU,OPT,EUUZ6 P1190,2026-12-04,P,1.19,0.060600000,3,829
2026-10-06,EUU,OPT,EUUZ6 P1195,2026-12-04,P,1.195,0.065600000,3,68
2026-10-06,EUU,OPT,EUUZ6 P1200,2026-12-04,P,1.2,0.070500000,3,25
2026-10-06,EUU,OPT,EUUZ6 P1205,2026-12-04,P,1.205,0.075400000,3,531
2026-10-06,EUU,OPT,EUUZ6 P1210,2026-12-04,P,1.21,0.080400000,3,1
2026-10-06,EUU,OPT,EUUZ6 P1215,2026-12-04,P,1.215,0.085300000,3,
2026-10-06,EUU,OPT,EUUZ6 P1220,2026-12-04,P,1.22,0.090300000,3,
2026-10-06,EUU,OPT,EUUZ6 P1225,2026-12-04,P,1.225,0.095200000,3,
2026-10-06,EUU,OPT,EUUZ6 P1230,2026-12-04,P,1.23,0.100200000,3,
2026-10-06,EUU,OPT,EUUZ6 P1235,2026-12-04,P,1.235,0.105100000,3,
2026-10-06,EUU,OPT,EUUZ6 P1240,2026-12-04,P,1.24,0.110100000,3,
2026-10-06,EUU,OPT,EUUZ6 P1245,2026-12-04,P,1.245,0.115100000,3,27
2026-10-06,EUU,OPT,EUUZ6 P1250,2026-12-04,P,1.25,0.120000000,3,101
2026-10-06,EUU,OPT,EUUZ6 P1255,2026-12-04,P,1.255,0.125000000,3,142
2026-10-06,EUU,OPT,EUUZ6 P1260,2026-12-04,P,1.26,0.130000000,3,723
2026-10-06,EUU,OPT,EUUZ6 P1265,2026-12-04,P,1.265,0.134900000,3,504
2026-10-06,EUU,OPT,EUUZ6 P1270,2026-12-04,P,1.27,0.139900000,3,791
2026-10-06,EUU,OPT,EUUZ6 P1280,2026-12-04,P,1.28,0.149800000,3,273
2026-10-06,EUU,OPT,EUUZ6 P1290,2026-12-04,P,1.29,0.159800000,3,64
2026-10-06,EUU,OPT,EUUZ6 P1300,2026-12-04,P,1.3,0.169700000,3,79
2026-10-06,EUU,OPT,EUUZ6 P1310,2026-12-04,P,1.31,0.179600000,3,
2026-10-06,EUU,OPT,EUUZ6 P1320,2026-12-04,P,1.32,0.189500000,3,1000
2026-10-06,EUU,OPT,EUUZ6 P1330,2026-12-04,P,1.33,0.199500000,3,
2026-10-06,EUU,OPT,EUUZ6 P1340,2026-12-04,P,1.34,0.209400000,3,
2026-10-06,EUU,OPT,EUUZ6 P1350,2026-12-04,P,1.35,0.219400000,3,
2026-10-06,EUU,OPT,EUUZ6 P1360,2026-12-04,P,1.36,0.229300000,3,
2026-10-06,EUU,OPT,EUUF7 C0980,2027-01-08,C,0.98,0.152200000,3,
2026-10-06,EUU,OPT,EUUF7 C0990,2027-01-08,C,0.99,0.142300000,3,
2026-10-06,EUU,OPT,EUUF7 C1000,2027-01-08,C,1,0.132500000,3,
2026-10-06,EUU,OPT,EUUF7 C1010,2027-01-08,C,1.01,0.122700000,3,
2026-10-06,EUU,OPT,EUUF7 C1020,2027-01-08,C,1.02,0.112900000,3,
2026-10-06,EUU,OPT,EUUF7 C1030,2027-01-08,C,1.03,0.103100000,3,
2026-10-06,EUU,OPT,EUUF7 C1040,2027-01-08,C,1.04,0.093300000,3,
2026-10-06,EUU,OPT,EUUF7 C1050,2027-01-08,C,1.05,0.083600000,3,
2026-10-06,EUU,OPT,EUUF7 C1060,2027-01-08,C,1.06,0.074000000,3,1
2026-10-06,EUU,OPT,EUUF7 C1070,2027-01-08,C,1.07,0.064600000,3,1
2026-10-06,EUU,OPT,EUUF7 C1075,2027-01-08,C,1.075,0.059900000,3,
2026-10-06,EUU,OPT,EUUF7 C1080,2027-01-08,C,1.08,0.055300000,3,
2026-10-06,EUU,OPT,EUUF7 C1085,2027-01-08,C,1.085,0.050800000,3,
2026-10-06,EUU,OPT,EUUF7 C1090,2027-01-08,C,1.09,0.046300000,3,
2026-10-06,EUU,OPT,EUUF7 C1095,2027-01-08,C,1.095,0.041900000,3,
2026-10-06,EUU,OPT,EUUF7 C1100,2027-01-08,C,1.1,0.037700000,3,1
2026-10-06,EUU,OPT,EUUF7 C1105,2027-01-08,C,1.105,0.033600000,3,
2026-10-06,EUU,OPT,EUUF7 C1110,2027-01-08,C,1.11,0.029600000,3,2
2026-10-06,EUU,OPT,EUUF7 C1115,2027-01-08,C,1.115,0.025800000,3,18
2026-10-06,EUU,OPT,EUUF7 C1120,2027-01-08,C,1.12,0.022200000,3,1
2026-10-06,EUU,OPT,EUUF7 C1125,2027-01-08,C,1.125,0.018900000,3,380
2026-10-06,EUU,OPT,EUUF7 C1130,2027-01-08,C,1.13,0.015800000,3,19
2026-10-06,EUU,OPT,EUUF7 C1135,2027-01-08,C,1.135,0.013100000,3,705
2026-10-06,EUU,OPT,EUUF7 C1140,2027-01-08,C,1.14,0.010600000,3,418
2026-10-06,EUU,OPT,EUUF7 C1145,2027-01-08,C,1.145,0.008500000,3,113
2026-10-06,EUU,OPT,EUUF7 C1150,2027-01-08,C,1.15,0.006800000,3,67
2026-10-06,EUU,OPT,EUUF7 C1155,2027-01-08,C,1.155,0.005400000,3,680
2026-10-06,EUU,OPT,EUUF7 C1160,2027-01-08,C,1.16,0.004200000,3,218
2026-10-06,EUU,OPT,EUUF7 C1165,2027-01-08,C,1.165,0.003300000,3,901
2026-10-06,EUU,OPT,EUUF7 C1170,2027-01-08,C,1.17,0.002600000,3,1296
2026-10-06,EUU,OPT,EUUF7 C1175,2027-01-08,C,1.175,0.002000000,3,342
2026-10-06,EUU,OPT,EUUF7 C1180,2027-01-08,C,1.18,0.001500000,3,255
2026-10-06,EUU,OPT,EUUF7 C1185,2027-01-08,C,1.185,0.001200000,3,1434
2026-10-06,EUU,OPT,EUUF7 C1190,2027-01-08,C,1.19,0.000900000,3,364
2026-10-06,EUU,OPT,EUUF7 C1195,2027-01-08,C,1.195,0.000700000,3,129
2026-10-06,EUU,OPT,EUUF7 C1200,2027-01-08,C,1.2,0.000500000,3,1244
2026-10-06,EUU,OPT,EUUF7 C1205,2027-01-08,C,1.205,0.000450000,3,1424
2026-10-06,EUU,OPT,EUUF7 C1210,2027-01-08,C,1.21,0.000350000,3,88
2026-10-06,EUU,OPT,EUUF7 C1215,2027-01-08,C,1.215,0.000300000,3,110
2026-10-06,EUU,OPT,EUUF7 C1220,2027-01-08,C,1.22,0.000250000,3,66
2026-10-06,EUU,OPT,EUUF7 C1225,2027-01-08,C,1.225,0.000200000,3,10
2026-10-06,EUU,OPT,EUUF7 C1230,2027-01-08,C,1.23,0.000200000,3,10
2026-10-06,EUU,OPT,EUUF7 C1235,2027-01-08,C,1.235,0.000150000,3,881
2026-10-06,EUU,OPT,EUUF7 C1240,2027-01-08,C,1.24,0.000150000,3,0
2026-10-06,EUU,OPT,EUUF7 C1245,2027-01-08,C,1.245,0.000150000,3,17
2026-10-06,EUU,OPT,EUUF7 C1250,2027-01-08,C,1.25,0.000100000,3,1642
2026-10-06,EUU,OPT,EUUF7 C1255,2027-01-08,C,1.255,0.000100000,3,600
2026-10-06,EUU,OPT,EUUF7 C1260,2027-01-08,C,1.26,0.000100000,3,1
2026-10-06,EUU,OPT,EUUF7 C1265,2027-01-08,C,1.265,0.000050000,3,38
2026-10-06,EUU,OPT,EUUF7 C1270,2027-01-08,C,1.27,0.000050000,3,1
2026-10-06,EUU,OPT,EUUF7 C1280,2027-01-08,C,1.28,0.000050000,3,3
2026-10-06,EUU,OPT,EUUF7 C1290,2027-01-08,C,1.29,0.000050000,3,
2026-10-06,EUU,OPT,EUUF7 C1300,2027-01-08,C,1.3,0.000050000,3,1
2026-10-06,EUU,OPT,EUUF7 C1310,2027-01-08,C,1.31,0.000050000,3,
2026-10-06,EUU,OPT,EUUF7 C1320,2027-01-08,C,1.32,0.000050000,3,15
2026-10-06,EUU,OPT,EUUF7 C1330,2027-01-08,C,1.33,0.000050000,3,
2026-10-06,EUU,OPT,EUUF7 C1340,2027-01-08,C,1.34,0.000050000,3,500
2026-10-06,EUU,OPT,EUUF7 C1350,2027-01-08,C,1.35,0.000050000,3,39
2026-10-06,EUU,OPT,EUUF7 C1360,2027-01-08,C,1.36,0.000050000,3,10
2026-10-06,EUU,OPT,EUUF7 C1370,2027-01-08,C,1.37,0.000050000,3,8
2026-10-06,EUU,OPT,EUUF7 P0980,2027-01-08,P,0.98,0.000100000,3,
2026-10-06,EUU,OPT,EUUF7 P0990,2027-01-08,P,0.99,0.000150000,3,
2026-10-06,EUU,OPT,EUUF7 P1000,2027-01-08,P,1,0.000200000,3,21
2026-10-06,EUU,OPT,EUUF7 P1010,2027-01-08,P,1.01,0.000300000,3,
2026-10-06,EUU,OPT,EUUF7 P1020,2027-01-08,P,1.02,0.000350000,3,21
2026-10-06,EUU,OPT,EUUF7 P1030,2027-01-08,P,1.03,0.000500000,3,106
2026-10-06,EUU,OPT,EUUF7 P1040,2027-01-08,P,1.04,0.000600000,3,227
2026-10-06,EUU,OPT,EUUF7 P1050,2027-01-08,P,1.05,0.000800000,3,524
2026-10-06,EUU,OPT,EUUF7 P1060,2027-01-08,P,1.06,0.001100000,3,10
2026-10-06,EUU,OPT,EUUF7 P1070,2027-01-08,P,1.07,0.001600000,3,1555
2026-10-06,EUU,OPT,EUUF7 P1075,2027-01-08,P,1.075,0.001900000,3,
2026-10-06,EUU,OPT,EUUF7 P1080,2027-01-08,P,1.08,0.002200000,3,73
2026-10-06,EUU,OPT,EUUF7 P1085,2027-01-08,P,1.085,0.002600000,3,3
2026-10-06,EUU,OPT,EUUF7 P1090,2027-01-08,P,1.09,0.003100000,3,39
2026-10-06,EUU,OPT,EUUF7 P1095,2027-01-08,P,1.095,0.003700000,3,11
2026-10-06,EUU,OPT,EUUF7 P1100,2027-01-08,P,1.1,0.004400000,3,197
2026-10-06,EUU,OPT,EUUF7 P1105,2027-01-08,P,1.105,0.005200000,3,152
2026-10-06,EUU,OPT,EUUF7 P1110,2027-01-08,P,1.11,0.006200000,3,706
2026-10-06,EUU,OPT,EUUF7 P1115,2027-01-08,P,1.115,0.007400000,3,49
2026-10-06,EUU,OPT,EUUF7 P1120,2027-01-08,P,1.12,0.008700000,3,1835
2026-10-06,EUU,OPT,EUUF7 P1125,2027-01-08,P,1.125,0.010300000,3,155
2026-10-06,EUU,OPT,EUUF7 P1130,2027-01-08,P,1.13,0.012200000,3,423
2026-10-06,EUU,OPT,EUUF7 P1135,2027-01-08,P,1.135,0.014400000,3,776
2026-10-06,EUU,OPT,EUUF7 P1140,2027-01-08,P,1.14,0.016900000,3,478
2026-10-06,EUU,OPT,EUUF7 P1145,2027-01-08,P,1.145,0.019800000,3,1060
2026-10-06,EUU,OPT,EUUF7 P1150,2027-01-08,P,1.15,0.023000000,3,1279
2026-10-06,EUU,OPT,EUUF7 P1155,2027-01-08,P,1.155,0.026500000,3,1572
2026-10-06,EUU,OPT,EUUF7 P1160,2027-01-08,P,1.16,0.030300000,3,1806
2026-10-06,EUU,OPT,EUUF7 P1165,2027-01-08,P,1.165,0.034300000,3,1993
2026-10-06,EUU,OPT,EUUF7 P1170,2027-01-08,P,1.17,0.038500000,3,2064
2026-10-06,EUU,OPT,EUUF7 P1175,2027-01-08,P,1.175,0.042900000,3,364
2026-10-06,EUU,OPT,EUUF7 P1180,2027-01-08,P,1.18,0.047400000,3,100
2026-10-06,EUU,OPT,EUUF7 P1185,2027-01-08,P,1.185,0.052000000,3,65
2026-10-06,EUU,OPT,EUUF7 P1190,2027-01-08,P,1.19,0.056700000,3,129
2026-10-06,EUU,OPT,EUUF7 P1195,2027-01-08,P,1.195,0.061400000,3,97
2026-10-06,EUU,OPT,EUUF7 P1200,2027-01-08,P,1.2,0.066200000,3,60
2026-10-06,EUU,OPT,EUUF7 P1205,2027-01-08,P,1.205,0.071100000,3,29
2026-10-06,EUU,OPT,EUUF7 P1210,2027-01-08,P,1.21,0.075900000,3,
2026-10-06,EUU,OPT,EUUF7 P1215,2027-01-08,P,1.215,0.080800000,3,122
2026-10-06,EUU,OPT,EUUF7 P1220,2027-01-08,P,1.22,0.085700000,3,
2026-10-06,EUU,OPT,EUUF7 P1225,2027-01-08,P,1.225,0.090600000,3,
2026-10-06,EUU,OPT,EUUF7 P1230,2027-01-08,P,1.23,0.095500000,3,
2026-10-06,EUU,OPT,EUUF7 P1235,2027-01-08,P,1.235,0.100500000,3,
2026-10-06,EUU,OPT,EUUF7 P1240,2027-01-08,P,1.24,0.105400000,3,
2026-10-06,EUU,OPT,EUUF7 P1245,2027-01-08,P,1.245,0.110300000,3,
2026-10-06,EUU,OPT,EUUF7 P1250,2027-01-08,P,1.25,0.115300000,3,
2026-10-06,EUU,OPT,EUUF7 P1255,2027-01-08,P,1.255,0.120200000,3,
2026-10-06,EUU,OPT,EUUF7 P1260,2027-01-08,P,1.26,0.125100000,3,
2026-10-06,EUU,OPT,EUUF7 P1265,2027-01-08,P,1.265,0.130100000,3,
2026-10-06,EUU,OPT,EUUF7 P1270,2027-01-08,P,1.27,0.135000000,3,
2026-10-06,EUU,OPT,EUUF7 P1280,2027-01-08,P,1.28,0.144900000,3,
2026-10-06,EUU,OPT,EUUF7 P1290,2027-01-08,P,1.29,0.154800000,3,
2026-10-06,EUU,OPT,EUUF7 P1300,2027-01-08,P,1.3,0.164700000,3,
2026-10-06,EUU,OPT,EUUF7 P1310,2027-01-08,P,1.31,0.174600000,3,
2026-10-06,EUU,OPT,EUUF7 P1320,2027-01-08,P,1.32,0.184400000,3,
2026-10-06,EUU,OPT,EUUF7 P1330,2027-01-08,P,1.33,0.194300000,3,
2026-10-06,EUU,OPT,EUUF7 P1340,2027-01-08,P,1.34,0.204200000,3,
2026-10-06,EUU,OPT,EUUF7 P1350,2027-01-08,P,1.35,0.214100000,3,
2026-10-06,EUU,OPT,EUUF7 P1360,2027-01-08,P,1.36,0.224000000,3,
2026-10-06,EUU,OPT,EUUF7 P1370,2027-01-08,P,1.37,0.233900000,3,
2026-10-06,EUU,OPT,EUUG7 C0980,2027-02-05,C,0.98,0.151800000,3,
2026-10-06,EUU,OPT,EUUG7 C0990,2027-02-05,C,0.99,0.142000000,3,
2026-10-06,EUU,OPT,EUUG7 C1000,2027-02-05,C,1,0.132300000,3,
2026-10-06,EUU,OPT,EUUG7 C1010,2027-02-05,C,1.01,0.122500000,3,
2026-10-06,EUU,OPT,EUUG7 C1020,2027-02-05,C,1.02,0.112800000,3,
2026-10-06,EUU,OPT,EUUG7 C1030,2027-02-05,C,1.03,0.103100000,3,
2026-10-06,EUU,OPT,EUUG7 C1040,2027-02-05,C,1.04,0.093500000,3,
2026-10-06,EUU,OPT,EUUG7 C1050,2027-02-05,C,1.05,0.084000000,3,
2026-10-06,EUU,OPT,EUUG7 C1060,2027-02-05,C,1.06,0.074500000,3,25
2026-10-06,EUU,OPT,EUUG7 C1070,2027-02-05,C,1.07,0.065300000,3,
2026-10-06,EUU,OPT,EUUG7 C1080,2027-02-05,C,1.08,0.056200000,3,
2026-10-06,EUU,OPT,EUUG7 C1085,2027-02-05,C,1.085,0.051800000,3,
2026-10-06,EUU,OPT,EUUG7 C1090,2027-02-05,C,1.09,0.047500000,3,
2026-10-06,EUU,OPT,EUUG7 C1095,2027-02-05,C,1.095,0.043300000,3,
2026-10-06,EUU,OPT,EUUG7 C1100,2027-02-05,C,1.1,0.039200000,3,25
2026-10-06,EUU,OPT,EUUG7 C1105,2027-02-05,C,1.105,0.035200000,3,
2026-10-06,EUU,OPT,EUUG7 C1110,2027-02-05,C,1.11,0.031400000,3,
2026-10-06,EUU,OPT,EUUG7 C1115,2027-02-05,C,1.115,0.027700000,3,
2026-10-06,EUU,OPT,EUUG7 C1120,2027-02-05,C,1.12,0.024300000,3,8
2026-10-06,EUU,OPT,EUUG7 C1125,2027-02-05,C,1.125,0.021000000,3,5
2026-10-06,EUU,OPT,EUUG7 C1130,2027-02-05,C,1.13,0.018100000,3,7
2026-10-06,EUU,OPT,EUUG7 C1135,2027-02-05,C,1.135,0.015300000,3,17
2026-10-06,EUU,OPT,EUUG7 C1140,2027-02-05,C,1.14,0.012900000,3,
2026-10-06,EUU,OPT,EUUG7 C1145,2027-02-05,C,1.145,0.010700000,3,798
2026-10-06,EUU,OPT,EUUG7 C1150,2027-02-05,C,1.15,0.008800000,3,299
2026-10-06,EUU,OPT,EUUG7 C1155,2027-02-05,C,1.155,0.007200000,3,366
2026-10-06,EUU,OPT,EUUG7 C1160,2027-02-05,C,1.16,0.005900000,3,82
2026-10-06,EUU,OPT,EUUG7 C1165,2027-02-05,C,1.165,0.004800000,3,260
2026-10-06,EUU,OPT,EUUG7 C1170,2027-02-05,C,1.17,0.003900000,3,333
2026-10-06,EUU,OPT,EUUG7 C1175,2027-02-05,C,1.175,0.003100000,3,151
2026-10-06,EUU,OPT,EUUG7 C1180,2027-02-05,C,1.18,0.002500000,3,177
2026-10-06,EUU,OPT,EUUG7 C1185,2027-02-05,C,1.185,0.002000000,3,51
2026-10-06,EUU,OPT,EUUG7 C1190,2027-02-05,C,1.19,0.001600000,3,21
2026-10-06,EUU,OPT,EUUG7 C1195,2027-02-05,C,1.195,0.001300000,3,22
2026-10-06,EUU,OPT,EUUG7 C1200,2027-02-05,C,1.2,0.001100000,3,75
2026-10-06,EUU,OPT,EUUG7 C1205,2027-02-05,C,1.205,0.000900000,3,21
2026-10-06,EUU,OPT,EUUG7 C1210,2027-02-05,C,1.21,0.000700000,3,216
2026-10-06,EUU,OPT,EUUG7 C1215,2027-02-05,C,1.215,0.000600000,3,1516
2026-10-06,EUU,OPT,EUUG7 C1220,2027-02-05,C,1.22,0.000500000,3,17
2026-10-06,EUU,OPT,EUUG7 C1225,2027-02-05,C,1.225,0.000450000,3,17
2026-10-06,EUU,OPT,EUUG7 C1230,2027-02-05,C,1.23,0.000400000,3,23
2026-10-06,EUU,OPT,EUUG7 C1235,2027-02-05,C,1.235,0.000350000,3,67
2026-10-06,EUU,OPT,EUUG7 C1240,2027-02-05,C,1.24,0.000300000,3,1523
2026-10-06,EUU,OPT,EUUG7 C1245,2027-02-05,C,1.245,0.000250000,3,103
2026-10-06,EUU,OPT,EUUG7 C1250,2027-02-05,C,1.25,0.000250000,3,24
2026-10-06,EUU,OPT,EUUG7 C1255,2027-02-05,C,1.255,0.000200000,3,
2026-10-06,EUU,OPT,EUUG7 C1260,2027-02-05,C,1.26,0.000200000,3,8
2026-10-06,EUU,OPT,EUUG7 C1270,2027-02-05,C,1.27,0.000150000,3,
2026-10-06,EUU,OPT,EUUG7 C1280,2027-02-05,C,1.28,0.000100000,3,16
2026-10-06,EUU,OPT,EUUG7 C1290,2027-02-05,C,1.29,0.000100000,3,1
2026-10-06,EUU,OPT,EUUG7 C1300,2027-02-05,C,1.3,0.000050000,3,37
2026-10-06,EUU,OPT,EUUG7 C1310,2027-02-05,C,1.31,0.000050000,3,100
2026-10-06,EUU,OPT,EUUG7 C1320,2027-02-05,C,1.32,0.000050000,3,5
2026-10-06,EUU,OPT,EUUG7 C1330,2027-02-05,C,1.33,0.000050000,3,40
2026-10-06,EUU,OPT,EUUG7 C1340,2027-02-05,C,1.34,0.000050000,3,504
2026-10-06,EUU,OPT,EUUG7 C1350,2027-02-05,C,1.35,0.000050000,3,1
2026-10-06,EUU,OPT,EUUG7 C1360,2027-02-05,C,1.36,0.000050000,3,
2026-10-06,EUU,OPT,EUUG7 P0980,2027-02-05,P,0.98,0.000250000,3,
2026-10-06,EUU,OPT,EUUG7 P0990,2027-02-05,P,0.99,0.000300000,3,9
2026-10-06,EUU,OPT,EUUG7 P1000,2027-02-05,P,1,0.000400000,3,10
2026-10-06,EUU,OPT,EUUG7 P1010,2027-02-05,P,1.01,0.000500000,3,2
2026-10-06,EUU,OPT,EUUG7 P1020,2027-02-05,P,1.02,0.000700000,3,
2026-10-06,EUU,OPT,EUUG7 P1030,2027-02-05,P,1.03,0.000900000,3,9
2026-10-06,EUU,OPT,EUUG7 P1040,2027-02-05,P,1.04,0.001100000,3,
2026-10-06,EUU,OPT,EUUG7 P1050,2027-02-05,P,1.05,0.001400000,3,83
2026-10-06,EUU,OPT,EUUG7 P1060,2027-02-05,P,1.06,0.001900000,3,608
2026-10-06,EUU,OPT,EUUG7 P1070,2027-02-05,P,1.07,0.002500000,3,1154
2026-10-06,EUU,OPT,EUUG7 P1080,2027-02-05,P,1.08,0.003300000,3,222
2026-10-06,EUU,OPT,EUUG7 P1085,2027-02-05,P,1.085,0.003800000,3,260
2026-10-06,EUU,OPT,EUUG7 P1090,2027-02-05,P,1.09,0.004400000,3,726
2026-10-06,EUU,OPT,EUUG7 P1095,2027-02-05,P,1.095,0.005100000,3,43
2026-10-06,EUU,OPT,EUUG7 P1100,2027-02-05,P,1.1,0.006000000,3,235
2026-10-06,EUU,OPT,EUUG7 P1105,2027-02-05,P,1.105,0.006900000,3,560
2026-10-06,EUU,OPT,EUUG7 P1110,2027-02-05,P,1.11,0.008000000,3,1245
2026-10-06,EUU,OPT,EUUG7 P1115,2027-02-05,P,1.115,0.009300000,3,692
2026-10-06,EUU,OPT,EUUG7 P1120,2027-02-05,P,1.12,0.010800000,3,232
2026-10-06,EUU,OPT,EUUG7 P1125,2027-02-05,P,1.125,0.012500000,3,26
2026-10-06,EUU,OPT,EUUG7 P1130,2027-02-05,P,1.13,0.014500000,3,756
2026-10-06,EUU,OPT,EUUG7 P1135,2027-02-05,P,1.135,0.016700000,3,342
2026-10-06,EUU,OPT,EUUG7 P1140,2027-02-05,P,1.14,0.019100000,3,1066
2026-10-06,EUU,OPT,EUUG7 P1145,2027-02-05,P,1.145,0.021900000,3,869
2026-10-06,EUU,OPT,EUUG7 P1150,2027-02-05,P,1.15,0.025000000,3,878
2026-10-06,EUU,OPT,EUUG7 P1155,2027-02-05,P,1.155,0.028300000,3,109
2026-10-06,EUU,OPT,EUUG7 P1160,2027-02-05,P,1.16,0.031900000,3,754
2026-10-06,EUU,OPT,EUUG7 P1165,2027-02-05,P,1.165,0.035700000,3,672
2026-10-06,EUU,OPT,EUUG7 P1170,2027-02-05,P,1.17,0.039800000,3,1446
2026-10-06,EUU,OPT,EUUG7 P1175,2027-02-05,P,1.175,0.043900000,3,722
2026-10-06,EUU,OPT,EUUG7 P1180,2027-02-05,P,1.18,0.048300000,3,15
2026-10-06,EUU,OPT,EUUG7 P1185,2027-02-05,P,1.185,0.052700000,3,
2026-10-06,EUU,OPT,EUUG7 P1190,2027-02-05,P,1.19,0.057200000,3,
2026-10-06,EUU,OPT,EUUG7 P1195,2027-02-05,P,1.195,0.061900000,3,
2026-10-06,EUU,OPT,EUUG7 P1200,2027-02-05,P,1.2,0.066600000,3,
2026-10-06,EUU,OPT,EUUG7 P1205,2027-02-05,P,1.205,0.071300000,3,1
2026-10-06,EUU,OPT,EUUG7 P1210,2027-02-05,P,1.21,0.076100000,3,
2026-10-06,EUU,OPT,EUUG7 P1215,2027-02-05,P,1.215,0.080900000,3,
2026-10-06,EUU,OPT,EUUG7 P1220,2027-02-05,P,1.22,0.085700000,3,
2026-10-06,EUU,OPT,EUUG7 P1225,2027-02-05,P,1.225,0.090600000,3,
2026-10-06,EUU,OPT,EUUG7 P1230,2027-02-05,P,1.23,0.095500000,3,
2026-10-06,EUU,OPT,EUUG7 P1235,2027-02-05,P,1.235,0.100300000,3,
2026-10-06,EUU,OPT,EUUG7 P1240,2027-02-05,P,1.24,0.105200000,3,
2026-10-06,EUU,OPT,EUUG7 P1245,2027-02-05,P,1.245,0.110100000,3,
2026-10-06,EUU,OPT,EUUG7 P1250,2027-02-05,P,1.25,0.115000000,3,
2026-10-06,EUU,OPT,EUUG7 P1255,2027-02-05,P,1.255,0.119900000,3,
2026-10-06,EUU,OPT,EUUG7 P1260,2027-02-05,P,1.26,0.124800000,3,
2026-10-06,EUU,OPT,EUUG7 P1270,2027-02-05,P,1.27,0.134700000,3,
2026-10-06,EUU,OPT,EUUG7 P1280,2027-02-05,P,1.28,0.144500000,3,
2026-10-06,EUU,OPT,EUUG7 P1290,2027-02-05,P,1.29,0.154300000,3,
2026-10-06,EUU,OPT,EUUG7 P1300,2027-02-05,P,1.3,0.164200000,3,
2026-10-06,EUU,OPT,EUUG7 P1310,2027-02-05,P,1.31,0.174000000,3,
2026-10-06,EUU,OPT,EUUG7 P1320,2027-02-05,P,1.32,0.183900000,3,
2026-10-06,EUU,OPT,EUUG7 P1330,2027-02-05,P,1.33,0.193700000,3,
2026-10-06,EUU,OPT,EUUG7 P1340,2027-02-05,P,1.34,0.203600000,3,
2026-10-06,EUU,OPT,EUUG7 P1350,2027-02-05,P,1.35,0.213500000,3,
2026-10-06,EUU,OPT,EUUG7 P1360,2027-02-05,P,1.36,0.223300000,3,
2026-10-06,EUU,OPT,EUUH7 C0970,2027-03-05,C,0.97,0.161300000,3,
2026-10-06,EUU,OPT,EUUH7 C0980,2027-03-05,C,0.98,0.151500000,3,
2026-10-06,EUU,OPT,EUUH7 C0990,2027-03-05,C,0.99,0.141800000,3,
2026-10-06,EUU,OPT,EUUH7 C1000,2027-03-05,C,1,0.132100000,3,
2026-10-06,EUU,OPT,EUUH7 C1010,2027-03-05,C,1.01,0.122400000,3,
2026-10-06,EUU,OPT,EUUH7 C1020,2027-03-05,C,1.02,0.112800000,3,
2026-10-06,EUU,OPT,EUUH7 C1030,2027-03-05,C,1.03,0.103200000,3,
2026-10-06,EUU,OPT,EUUH7 C1040,2027-03-05,C,1.04,0.093700000,3,
2026-10-06,EUU,OPT,EUUH7 C1050,2027-03-05,C,1.05,0.084300000,3,5
2026-10-06,EUU,OPT,EUUH7 C1060,2027-03-05,C,1.06,0.075000000,3,
2026-10-06,EUU,OPT,EUUH7 C1065,2027-03-05,C,1.065,0.070400000,3,
2026-10-06,EUU,OPT,EUUH7 C1070,2027-03-05,C,1.07,0.065900000,3,
2026-10-06,EUU,OPT,EUUH7 C1075,2027-03-05,C,1.075,0.061400000,3,5
2026-10-06,EUU,OPT,EUUH7 C1080,2027-03-05,C,1.08,0.057100000,3,
2026-10-06,EUU,OPT,EUUH7 C1085,2027-03-05,C,1.085,0.052800000,3,
2026-10-06,EUU,OPT,EUUH7 C1090,2027-03-05,C,1.09,0.048500000,3,
2026-10-06,EUU,OPT,EUUH7 C1095,2027-03-05,C,1.095,0.044400000,3,
2026-10-06,EUU,OPT,EUUH7 C1100,2027-03-05,C,1.1,0.040500000,3,
2026-10-06,EUU,OPT,EUUH7 C1105,2027-03-05,C,1.105,0.036600000,3,
2026-10-06,EUU,OPT,EUUH7 C1110,2027-03-05,C,1.11,0.032900000,3,
2026-10-06,EUU,OPT,EUUH7 C1115,2027-03-05,C,1.115,0.029400000,3,
2026-10-06,EUU,OPT,EUUH7 C1120,2027-03-05,C,1.12,0.026000000,3,29
2026-10-06,EUU,OPT,EUUH7 C1125,2027-03-05,C,1.125,0.022800000,3,14
2026-10-06,EUU,OPT,EUUH7 C1130,2027-03-05,C,1.13,0.019900000,3,25
2026-10-06,EUU,OPT,EUUH7 C1135,2027-03-05,C,1.135,0.017200000,3,134
2026-10-06,EUU,OPT,EUUH7 C1140,2027-03-05,C,1.14,0.014700000,3,19
2026-10-06,EUU,OPT,EUUH7 C1145,2027-03-05,C,1.145,0.012500000,3,3
2026-10-06,EUU,OPT,EUUH7 C1150,2027-03-05,C,1.15,0.010500000,3,38
2026-10-06,EUU,OPT,EUUH7 C1155,2027-03-05,C,1.155,0.008900000,3,432
2026-10-06,EUU,OPT,EUUH7 C1160,2027-03-05,C,1.16,0.007400000,3,2096
2026-10-06,EUU,OPT,EUUH7 C1165,2027-03-05,C,1.165,0.006200000,3,39
2026-10-06,EUU,OPT,EUUH7 C1170,2027-03-05,C,1.17,0.005200000,3,1511
2026-10-06,EUU,OPT,EUUH7 C1175,2027-03-05,C,1.175,0.004300000,3,429
2026-10-06,EUU,OPT,EUUH7 C1180,2027-03-05,C,1.18,0.003600000,3,3102
2026-10-06,EUU,OPT,EUUH7 C1185,2027-03-05,C,1.185,0.003000000,3,33
2026-10-06,EUU,OPT,EUUH7 C1190,2027-03-05,C,1.19,0.002500000,3,73
2026-10-06,EUU,OPT,EUUH7 C1195,2027-03-05,C,1.195,0.002100000,3,31
2026-10-06,EUU,OPT,EUUH7 C1200,2027-03-05,C,1.2,0.001800000,3,192
2026-10-06,EUU,OPT,EUUH7 C1205,2027-03-05,C,1.205,0.001500000,3,27
2026-10-06,EUU,OPT,EUUH7 C1210,2027-03-05,C,1.21,0.001300000,3,1546
2026-10-06,EUU,OPT,EUUH7 C1215,2027-03-05,C,1.215,0.001100000,3,18
2026-10-06,EUU,OPT,EUUH7 C1220,2027-03-05,C,1.22,0.000900000,3,1427
2026-10-06,EUU,OPT,EUUH7 C1225,2027-03-05,C,1.225,0.000800000,3,22
2026-10-06,EUU,OPT,EUUH7 C1230,2027-03-05,C,1.23,0.000700000,3,35
2026-10-06,EUU,OPT,EUUH7 C1235,2027-03-05,C,1.235,0.000600000,3,69
2026-10-06,EUU,OPT,EUUH7 C1240,2027-03-05,C,1.24,0.000600000,3,72
2026-10-06,EUU,OPT,EUUH7 C1245,2027-03-05,C,1.245,0.000500000,3,86
2026-10-06,EUU,OPT,EUUH7 C1250,2027-03-05,C,1.25,0.000450000,3,68
2026-10-06,EUU,OPT,EUUH7 C1255,2027-03-05,C,1.255,0.000400000,3,16
2026-10-06,EUU,OPT,EUUH7 C1260,2027-03-05,C,1.26,0.000350000,3,16
2026-10-06,EUU,OPT,EUUH7 C1265,2027-03-05,C,1.265,0.000300000,3,17
2026-10-06,EUU,OPT,EUUH7 C1270,2027-03-05,C,1.27,0.000300000,3,23
2026-10-06,EUU,OPT,EUUH7 C1280,2027-03-05,C,1.28,0.000250000,3,46
2026-10-06,EUU,OPT,EUUH7 C1290,2027-03-05,C,1.29,0.000200000,3,
2026-10-06,EUU,OPT,EUUH7 C1300,2027-03-05,C,1.3,0.000200000,3,17
2026-10-06,EUU,OPT,EUUH7 C1310,2027-03-05,C,1.31,0.000150000,3,
2026-10-06,EUU,OPT,EUUH7 C1320,2027-03-05,C,1.32,0.000150000,3,
2026-10-06,EUU,OPT,EUUH7 C1330,2027-03-05,C,1.33,0.000150000,3,
2026-10-06,EUU,OPT,EUUH7 C1340,2027-03-05,C,1.34,0.000150000,3,
2026-10-06,EUU,OPT,EUUH7 C1350,2027-03-05,C,1.35,0.000150000,3,13
2026-10-06,EUU,OPT,EUUH7 C1360,2027-03-05,C,1.36,0.000100000,3,
2026-10-06,EUU,OPT,EUUH7 C1370,2027-03-05,C,1.37,0.000100000,3,10
2026-10-06,EUU,OPT,EUUH7 P0970,2027-03-05,P,0.97,0.000350000,3,222
2026-10-06,EUU,OPT,EUUH7 P0980,2027-03-05,P,0.98,0.000450000,3,2
2026-10-06,EUU,OPT,EUUH7 P0990,2027-03-05,P,0.99,0.000500000,3,71
2026-10-06,EUU,OPT,EUUH7 P1000,2027-03-05,P,1,0.000700000,3,101
2026-10-06,EUU,OPT,EUUH7 P1010,2027-03-05,P,1.01,0.000800000,3,5437
2026-10-06,EUU,OPT,EUUH7 P1020,2027-03-05,P,1.02,0.001000000,3,70
2026-10-06,EUU,OPT,EUUH7 P1030,2027-03-05,P,1.03,0.001300000,3,6562
2026-10-06,EUU,OPT,EUUH7 P1040,2027-03-05,P,1.04,0.001600000,3,625
2026-10-06,EUU,OPT,EUUH7 P1050,2027-03-05,P,1.05,0.002000000,3,135
2026-10-06,EUU,OPT,EUUH7 P1060,2027-03-05,P,1.06,0.002600000,3,93
2026-10-06,EUU,OPT,EUUH7 P1065,2027-03-05,P,1.065,0.002900000,3,3
2026-10-06,EUU,OPT,EUUH7 P1070,2027-03-05,P,1.07,0.003300000,3,8
2026-10-06,EUU,OPT,EUUH7 P1075,2027-03-05,P,1.075,0.003800000,3,22
2026-10-06,EUU,OPT,EUUH7 P1080,2027-03-05,P,1.08,0.004300000,3,479
2026-10-06,EUU,OPT,EUUH7 P1085,2027-03-05,P,1.085,0.004900000,3,801
2026-10-06,EUU,OPT,EUUH7 P1090,2027-03-05,P,1.09,0.005600000,3,25
2026-10-06,EUU,OPT,EUUH7 P1095,2027-03-05,P,1.095,0.006400000,3,60
2026-10-06,EUU,OPT,EUUH7 P1100,2027-03-05,P,1.1,0.007400000,3,741
2026-10-06,EUU,OPT,EUUH7 P1105,2027-03-05,P,1.105,0.008400000,3,305
2026-10-06,EUU,OPT,EUUH7 P1110,2027-03-05,P,1.11,0.009600000,3,663
2026-10-06,EUU,OPT,EUUH7 P1115,2027-03-05,P,1.115,0.011000000,3,82
2026-10-06,EUU,OPT,EUUH7 P1120,2027-03-05,P,1.12,0.012600000,3,647
2026-10-06,EUU,OPT,EUUH7 P1125,2027-03-05,P,1.125,0.014300000,3,1030
2026-10-06,EUU,OPT,EUUH7 P1130,2027-03-05,P,1.13,0.016300000,3,956
2026-10-06,EUU,OPT,EUUH7 P1135,2027-03-05,P,1.135,0.018500000,3,34
2026-10-06,EUU,OPT,EUUH7 P1140,2027-03-05,P,1.14,0.020900000,3,1225
2026-10-06,EUU,OPT,EUUH7 P1145,2027-03-05,P,1.145,0.023600000,3,909
2026-10-06,EUU,OPT,EUUH7 P1150,2027-03-05,P,1.15,0.026600000,3,42
2026-10-06,EUU,OPT,EUUH7 P1155,2027-03-05,P,1.155,0.029900000,3,241
2026-10-06,EUU,OPT,EUUH7 P1160,2027-03-05,P,1.16,0.033300000,3,604
2026-10-06,EUU,OPT,EUUH7 P1165,2027-03-05,P,1.165,0.037100000,3,32
2026-10-06,EUU,OPT,EUUH7 P1170,2027-03-05,P,1.17,0.040900000,3,1226
2026-10-06,EUU,OPT,EUUH7 P1175,2027-03-05,P,1.175,0.045000000,3,40
2026-10-06,EUU,OPT,EUUH7 P1180,2027-03-05,P,1.18,0.049200000,3,345
2026-10-06,EUU,OPT,EUUH7 P1185,2027-03-05,P,1.185,0.053500000,3,13
2026-10-06,EUU,OPT,EUUH7 P1190,2027-03-05,P,1.19,0.057900000,3,
2026-10-06,EUU,OPT,EUUH7 P1195,2027-03-05,P,1.195,0.062400000,3,
2026-10-06,EUU,OPT,EUUH7 P1200,2027-03-05,P,1.2,0.067000000,3,
2026-10-06,EUU,OPT,EUUH7 P1205,2027-03-05,P,1.205,0.071700000,3,3
2026-10-06,EUU,OPT,EUUH7 P1210,2027-03-05,P,1.21,0.076400000,3,
2026-10-06,EUU,OPT,EUUH7 P1215,2027-03-05,P,1.215,0.081100000,3,
2026-10-06,EUU,OPT,EUUH7 P1220,2027-03-05,P,1.22,0.085900000,3,1
2026-10-06,EUU,OPT,EUUH7 P1225,2027-03-05,P,1.225,0.090700000,3,
2026-10-06,EUU,OPT,EUUH7 P1230,2027-03-05,P,1.23,0.095500000,3,
2026-10-06,EUU,OPT,EUUH7 P1235,2027-03-05,P,1.235,0.100300000,3,
2026-10-06,EUU,OPT,EUUH7 P1240,2027-03-05,P,1.24,0.105100000,3,
2026-10-06,EUU,OPT,EUUH7 P1245,2027-03-05,P,1.245,0.110000000,3,
2026-10-06,EUU,OPT,EUUH7 P1250,2027-03-05,P,1.25,0.114900000,3,
2026-10-06,EUU,OPT,EUUH7 P1255,2027-03-05,P,1.255,0.119700000,3,
2026-10-06,EUU,OPT,EUUH7 P1260,2027-03-05,P,1.26,0.124600000,3,
2026-10-06,EUU,OPT,EUUH7 P1265,2027-03-05,P,1.265,0.129500000,3,
2026-10-06,EUU,OPT,EUUH7 P1270,2027-03-05,P,1.27,0.134400000,3,
2026-10-06,EUU,OPT,EUUH7 P1280,2027-03-05,P,1.28,0.144200000,3,
2026-10-06,EUU,OPT,EUUH7 P1290,2027-03-05,P,1.29,0.154000000,3,
2026-10-06,EUU,OPT,EUUH7 P1300,2027-03-05,P,1.3,0.163800000,3,
2026-10-06,EUU,OPT,EUUH7 P1310,2027-03-05,P,1.31,0.173600000,3,
2026-10-06,EUU,OPT,EUUH7 P1320,2027-03-05,P,1.32,0.183400000,3,
2026-10-06,EUU,OPT,EUUH7 P1330,2027-03-05,P,1.33,0.193200000,3,
2026-10-06,EUU,OPT,EUUH7 P1340,2027-03-05,P,1.34,0.203100000,3,
2026-10-06,EUU,OPT,EUUH7 P1350,2027-03-05,P,1.35,0.212900000,3,
2026-10-06,EUU,OPT,EUUH7 P1360,2027-03-05,P,1.36,0.222700000,3,
2026-10-06,EUU,OPT,EUUH7 P1370,2027-03-05,P,1.37,0.232500000,3,
2026-10-06,EUU,OPT,EUUJ7 C0990,2027-04-09,C,0.99,0.145800000,3,
2026-10-06,EUU,OPT,EUUJ7 C1000,2027-04-09,C,1,0.136100000,3,
2026-10-06,EUU,OPT,EUUJ7 C1010,2027-04-09,C,1.01,0.126500000,3,
2026-10-06,EUU,OPT,EUUJ7 C1020,2027-04-09,C,1.02,0.117000000,3,
2026-10-06,EUU,OPT,EUUJ7 C1030,2027-04-09,C,1.03,0.107500000,3,
2026-10-06,EUU,OPT,EUUJ7 C1040,2027-04-09,C,1.04,0.098100000,3,
2026-10-06,EUU,OPT,EUUJ7 C1050,2027-04-09,C,1.05,0.088800000,3,
2026-10-06,EUU,OPT,EUUJ7 C1060,2027-04-09,C,1.06,0.079700000,3,1
2026-10-06,EUU,OPT,EUUJ7 C1070,2027-04-09,C,1.07,0.070700000,3,
2026-10-06,EUU,OPT,EUUJ7 C1080,2027-04-09,C,1.08,0.062000000,3,
2026-10-06,EUU,OPT,EUUJ7 C1085,2027-04-09,C,1.085,0.057700000,3,
2026-10-06,EUU,OPT,EUUJ7 C1090,2027-04-09,C,1.09,0.053600000,3,
2026-10-06,EUU,OPT,EUUJ7 C1095,2027-04-09,C,1.095,0.049500000,3,
2026-10-06,EUU,OPT,EUUJ7 C1100,2027-04-09,C,1.1,0.045500000,3,
2026-10-06,EUU,OPT,EUUJ7 C1105,2027-04-09,C,1.105,0.041700000,3,
2026-10-06,EUU,OPT,EUUJ7 C1110,2027-04-09,C,1.11,0.038000000,3,
2026-10-06,EUU,OPT,EUUJ7 C1115,2027-04-09,C,1.115,0.034400000,3,
2026-10-06,EUU,OPT,EUUJ7 C1120,2027-04-09,C,1.12,0.030900000,3,
2026-10-06,EUU,OPT,EUUJ7 C1125,2027-04-09,C,1.125,0.027700000,3,
2026-10-06,EUU,OPT,EUUJ7 C1130,2027-04-09,C,1.13,0.024600000,3,3
2026-10-06,EUU,OPT,EUUJ7 C1135,2027-04-09,C,1.135,0.021700000,3,2
2026-10-06,EUU,OPT,EUUJ7 C1140,2027-04-09,C,1.14,0.019100000,3,900
2026-10-06,EUU,OPT,EUUJ7 C1145,2027-04-09,C,1.145,0.016600000,3,11
2026-10-06,EUU,OPT,EUUJ7 C1150,2027-04-09,C,1.15,0.014400000,3,19
2026-10-06,EUU,OPT,EUUJ7 C1155,2027-04-09,C,1.155,0.012400000,3,1500
2026-10-06,EUU,OPT,EUUJ7 C1160,2027-04-09,C,1.16,0.010600000,3,19
2026-10-06,EUU,OPT,EUUJ7 C1165,2027-04-09,C,1.165,0.009100000,3,819
2026-10-06,EUU,OPT,EUUJ7 C1170,2027-04-09,C,1.17,0.007800000,3,410
2026-10-06,EUU,OPT,EUUJ7 C1175,2027-04-09,C,1.175,0.006700000,3,114
2026-10-06,EUU,OPT,EUUJ7 C1180,2027-04-09,C,1.18,0.005700000,3,647
2026-10-06,EUU,OPT,EUUJ7 C1185,2027-04-09,C,1.185,0.004900000,3,1185
2026-10-06,EUU,OPT,EUUJ7 C1190,2027-04-09,C,1.19,0.004200000,3,
2026-10-06,EUU,OPT,EUUJ7 C1195,2027-04-09,C,1.195,0.003600000,3,11
2026-10-06,EUU,OPT,EUUJ7 C1200,2027-04-09,C,1.2,0.003100000,3,4
2026-10-06,EUU,OPT,EUUJ7 C1205,2027-04-09,C,1.205,0.002600000,3,
2026-10-06,EUU,OPT,EUUJ7 C1210,2027-04-09,C,1.21,0.002300000,3,
2026-10-06,EUU,OPT,EUUJ7 C1215,2027-04-09,C,1.215,0.002000000,3,
2026-10-06,EUU,OPT,EUUJ7 C1220,2027-04-09,C,1.22,0.001700000,3,
2026-10-06,EUU,OPT,EUUJ7 C1225,2027-04-09,C,1.225,0.001500000,3,
2026-10-06,EUU,OPT,EUUJ7 C1230,2027-04-09,C,1.23,0.001300000,3,
2026-10-06,EUU,OPT,EUUJ7 C1235,2027-04-09,C,1.235,0.001100000,3,163
2026-10-06,EUU,OPT,EUUJ7 C1240,2027-04-09,C,1.24,0.001000000,3,3
2026-10-06,EUU,OPT,EUUJ7 C1245,2027-04-09,C,1.245,0.000900000,3,
2026-10-06,EUU,OPT,EUUJ7 C1250,2027-04-09,C,1.25,0.000800000,3,219
2026-10-06,EUU,OPT,EUUJ7 C1260,2027-04-09,C,1.26,0.000700000,3,
2026-10-06,EUU,OPT,EUUJ7 C1270,2027-04-09,C,1.27,0.000500000,3,
2026-10-06,EUU,OPT,EUUJ7 C1280,2027-04-09,C,1.28,0.000450000,3,1049
2026-10-06,EUU,OPT,EUUJ7 C1290,2027-04-09,C,1.29,0.000400000,3,
2026-10-06,EUU,OPT,EUUJ7 C1300,2027-04-09,C,1.3,0.000350000,3,
2026-10-06,EUU,OPT,EUUJ7 C1310,2027-04-09,C,1.31,0.000300000,3,
2026-10-06,EUU,OPT,EUUJ7 C1320,2027-04-09,C,1.32,0.000250000,3,
2026-10-06,EUU,OPT,EUUJ7 C1330,2027-04-09,C,1.33,0.000200000,3,
2026-10-06,EUU,OPT,EUUJ7 C1340,2027-04-09,C,1.34,0.000150000,3,
2026-10-06,EUU,OPT,EUUJ7 C1350,2027-04-09,C,1.35,0.000150000,3,
2026-10-06,EUU,OPT,EUUJ7 P0990,2027-04-09,P,0.99,0.000700000,3,2
2026-10-06,EUU,OPT,EUUJ7 P1000,2027-04-09,P,1,0.000900000,3,2
2026-10-06,EUU,OPT,EUUJ7 P1010,2027-04-09,P,1.01,0.001100000,3,4
2026-10-06,EUU,OPT,EUUJ7 P1020,2027-04-09,P,1.02,0.001300000,3,
2026-10-06,EUU,OPT,EUUJ7 P1030,2027-04-09,P,1.03,0.001600000,3,3
2026-10-06,EUU,OPT,EUUJ7 P1040,2027-04-09,P,1.04,0.002000000,3,1
2026-10-06,EUU,OPT,EUUJ7 P1050,2027-04-09,P,1.05,0.002500000,3,3
2026-10-06,EUU,OPT,EUUJ7 P1060,2027-04-09,P,1.06,0.003200000,3,2
2026-10-06,EUU,OPT,EUUJ7 P1070,2027-04-09,P,1.07,0.004000000,3,1
2026-10-06,EUU,OPT,EUUJ7 P1080,2027-04-09,P,1.08,0.005100000,3,25
2026-10-06,EUU,OPT,EUUJ7 P1085,2027-04-09,P,1.085,0.005700000,3,132
2026-10-06,EUU,OPT,EUUJ7 P1090,2027-04-09,P,1.09,0.006500000,3,125
2026-10-06,EUU,OPT,EUUJ7 P1095,2027-04-09,P,1.095,0.007300000,3,
2026-10-06,EUU,OPT,EUUJ7 P1100,2027-04-09,P,1.1,0.008200000,3,82
2026-10-06,EUU,OPT,EUUJ7 P1105,2027-04-09,P,1.105,0.009300000,3,412
2026-10-06,EUU,OPT,EUUJ7 P1110,2027-04-09,P,1.11,0.010400000,3,5
2026-10-06,EUU,OPT,EUUJ7 P1115,2027-04-09,P,1.115,0.011800000,3,19
2026-10-06,EUU,OPT,EUUJ7 P1120,2027-04-09,P,1.12,0.013200000,3,47
2026-10-06,EUU,OPT,EUUJ7 P1125,2027-04-09,P,1.125,0.014900000,3,17
2026-10-06,EUU,OPT,EUUJ7 P1130,2027-04-09,P,1.13,0.016700000,3,244
2026-10-06,EUU,OPT,EUUJ7 P1135,2027-04-09,P,1.135,0.018700000,3,740
2026-10-06,EUU,OPT,EUUJ7 P1140,2027-04-09,P,1.14,0.020900000,3,306
2026-10-06,EUU,OPT,EUUJ7 P1145,2027-04-09,P,1.145,0.023300000,3,479
2026-10-06,EUU,OPT,EUUJ7 P1150,2027-04-09,P,1.15,0.026000000,3,408
2026-10-06,EUU,OPT,EUUJ7 P1155,2027-04-09,P,1.155,0.028900000,3,364
2026-10-06,EUU,OPT,EUUJ7 P1160,2027-04-09,P,1.16,0.032100000,3,246
2026-10-06,EUU,OPT,EUUJ7 P1165,2027-04-09,P,1.165,0.035500000,3,535
2026-10-06,EUU,OPT,EUUJ7 P1170,2027-04-09,P,1.17,0.039000000,3,290
2026-10-06,EUU,OPT,EUUJ7 P1175,2027-04-09,P,1.175,0.042800000,3,2382
2026-10-06,EUU,OPT,EUUJ7 P1180,2027-04-09,P,1.18,0.046700000,3,2886
2026-10-06,EUU,OPT,EUUJ7 P1185,2027-04-09,P,1.185,0.050800000,3,
2026-10-06,EUU,OPT,EUUJ7 P1190,2027-04-09,P,1.19,0.055000000,3,300
2026-10-06,EUU,OPT,EUUJ7 P1195,2027-04-09,P,1.195,0.059300000,3,
2026-10-06,EUU,OPT,EUUJ7 P1200,2027-04-09,P,1.2,0.063700000,3,
2026-10-06,EUU,OPT,EUUJ7 P1205,2027-04-09,P,1.205,0.068200000,3,
2026-10-06,EUU,OPT,EUUJ7 P1210,2027-04-09,P,1.21,0.072700000,3,
2026-10-06,EUU,OPT,EUUJ7 P1215,2027-04-09,P,1.215,0.077300000,3,
2026-10-06,EUU,OPT,EUUJ7 P1220,2027-04-09,P,1.22,0.081900000,3,
2026-10-06,EUU,OPT,EUUJ7 P1225,2027-04-09,P,1.225,0.086600000,3,
2026-10-06,EUU,OPT,EUUJ7 P1230,2027-04-09,P,1.23,0.091300000,3,
2026-10-06,EUU,OPT,EUUJ7 P1235,2027-04-09,P,1.235,0.096000000,3,
2026-10-06,EUU,OPT,EUUJ7 P1240,2027-04-09,P,1.24,0.100800000,3,
2026-10-06,EUU,OPT,EUUJ7 P1245,2027-04-09,P,1.245,0.105600000,3,
2026-10-06,EUU,OPT,EUUJ7 P1250,2027-04-09,P,1.25,0.110400000,3,
2026-10-06,EUU,OPT,EUUJ7 P1260,2027-04-09,P,1.26,0.120000000,3,
2026-10-06,EUU,OPT,EUUJ7 P1270,2027-04-09,P,1.27,0.129700000,3,
2026-10-06,EUU,OPT,EUUJ7 P1280,2027-04-09,P,1.28,0.139400000,3,
2026-10-06,EUU,OPT,EUUJ7 P1290,2027-04-09,P,1.29,0.149100000,3,
2026-10-06,EUU,OPT,EUUJ7 P1300,2027-04-09,P,1.3,0.158900000,3,
2026-10-06,EUU,OPT,EUUJ7 P1310,2027-04-09,P,1.31,0.168600000,3,
2026-10-06,EUU,OPT,EUUJ7 P1320,2027-04-09,P,1.32,0.178400000,3,
2026-10-06,EUU,OPT,EUUJ7 P1330,2027-04-09,P,1.33,0.188100000,3,
2026-10-06,EUU,OPT,EUUJ7 P1340,2027-04-09,P,1.34,0.197900000,3,
2026-10-06,EUU,OPT,EUUJ7 P1350,2027-04-09,P,1.35,0.207600000,3,
2026-10-06,EUU,OPT,EUUK7 C0990,2027-05-07,C,0.99,0.145700000,3,
2026-10-06,EUU,OPT,EUUK7 C1000,2027-05-07,C,1,0.136100000,3,
2026-10-06,EUU,OPT,EUUK7 C1010,2027-05-07,C,1.01,0.126700000,3,
2026-10-06,EUU,OPT,EUUK7 C1020,2027-05-07,C,1.02,0.117200000,3,
2026-10-06,EUU,OPT,EUUK7 C1030,2027-05-07,C,1.03,0.107900000,3,
2026-10-06,EUU,OPT,EUUK7 C1040,2027-05-07,C,1.04,0.098600000,3,
2026-10-06,EUU,OPT,EUUK7 C1050,2027-05-07,C,1.05,0.089500000,3,
2026-10-06,EUU,OPT,EUUK7 C1060,2027-05-07,C,1.06,0.080600000,3,
2026-10-06,EUU,OPT,EUUK7 C1070,2027-05-07,C,1.07,0.071900000,3,
2026-10-06,EUU,OPT,EUUK7 C1080,2027-05-07,C,1.08,0.063300000,3,
2026-10-06,EUU,OPT,EUUK7 C1085,2027-05-07,C,1.085,0.059200000,3,
2026-10-06,EUU,OPT,EUUK7 C1090,2027-05-07,C,1.09,0.055100000,3,
2026-10-06,EUU,OPT,EUUK7 C1095,2027-05-07,C,1.095,0.051200000,3,
2026-10-06,EUU,OPT,EUUK7 C1100,2027-05-07,C,1.1,0.047300000,3,3
2026-10-06,EUU,OPT,EUUK7 C1105,2027-05-07,C,1.105,0.043500000,3,
2026-10-06,EUU,OPT,EUUK7 C1110,2027-05-07,C,1.11,0.039900000,3,
2026-10-06,EUU,OPT,EUUK7 C1115,2027-05-07,C,1.115,0.036400000,3,
2026-10-06,EUU,OPT,EUUK7 C1120,2027-05-07,C,1.12,0.033100000,3,
2026-10-06,EUU,OPT,EUUK7 C1125,2027-05-07,C,1.125,0.029900000,3,
2026-10-06,EUU,OPT,EUUK7 C1130,2027-05-07,C,1.13,0.026900000,3,
2026-10-06,EUU,OPT,EUUK7 C1135,2027-05-07,C,1.135,0.024000000,3,385
2026-10-06,EUU,OPT,EUUK7 C1140,2027-05-07,C,1.14,0.021400000,3,487
2026-10-06,EUU,OPT,EUUK7 C1145,2027-05-07,C,1.145,0.019000000,3,80
2026-10-06,EUU,OPT,EUUK7 C1150,2027-05-07,C,1.15,0.016700000,3,5
2026-10-06,EUU,OPT,EUUK7 C1155,2027-05-07,C,1.155,0.014700000,3,249
2026-10-06,EUU,OPT,EUUK7 C1160,2027-05-07,C,1.16,0.012900000,3,102
2026-10-06,EUU,OPT,EUUK7 C1165,2027-05-07,C,1.165,0.011300000,3,298
2026-10-06,EUU,OPT,EUUK7 C1170,2027-05-07,C,1.17,0.009800000,3,14
2026-10-06,EUU,OPT,EUUK7 C1175,2027-05-07,C,1.175,0.008500000,3,219
2026-10-06,EUU,OPT,EUUK7 C1180,2027-05-07,C,1.18,0.007400000,3,1007
2026-10-06,EUU,OPT,EUUK7 C1185,2027-05-07,C,1.185,0.006400000,3,1518
2026-10-06,EUU,OPT,EUUK7 C1190,2027-05-07,C,1.19,0.005600000,3,5
2026-10-06,EUU,OPT,EUUK7 C1195,2027-05-07,C,1.195,0.004900000,3,1045
2026-10-06,EUU,OPT,EUUK7 C1200,2027-05-07,C,1.2,0.004200000,3,2479
2026-10-06,EUU,OPT,EUUK7 C1205,2027-05-07,C,1.205,0.003700000,3,784
2026-10-06,EUU,OPT,EUUK7 C1210,2027-05-07,C,1.21,0.003200000,3,1108
2026-10-06,EUU,OPT,EUUK7 C1215,2027-05-07,C,1.215,0.002800000,3,363
2026-10-06,EUU,OPT,EUUK7 C1220,2027-05-07,C,1.22,0.002500000,3,1
2026-10-06,EUU,OPT,EUUK7 C1225,2027-05-07,C,1.225,0.002200000,3,9
2026-10-06,EUU,OPT,EUUK7 C1230,2027-05-07,C,1.23,0.001900000,3,
2026-10-06,EUU,OPT,EUUK7 C1235,2027-05-07,C,1.235,0.001700000,3,1000
2026-10-06,EUU,OPT,EUUK7 C1240,2027-05-07,C,1.24,0.001500000,3,3
2026-10-06,EUU,OPT,EUUK7 C1245,2027-05-07,C,1.245,0.001400000,3,
2026-10-06,EUU,OPT,EUUK7 C1250,2027-05-07,C,1.25,0.001200000,3,1003
2026-10-06,EUU,OPT,EUUK7 C1260,2027-05-07,C,1.26,0.001000000,3,
2026-10-06,EUU,OPT,EUUK7 C1270,2027-05-07,C,1.27,0.000900000,3,50
2026-10-06,EUU,OPT,EUUK7 C1280,2027-05-07,C,1.28,0.000700000,3,50
2026-10-06,EUU,OPT,EUUK7 C1290,2027-05-07,C,1.29,0.000600000,3,
2026-10-06,EUU,OPT,EUUK7 C1300,2027-05-07,C,1.3,0.000500000,3,1
2026-10-06,EUU,OPT,EUUK7 C1310,2027-05-07,C,1.31,0.000450000,3,1
2026-10-06,EUU,OPT,EUUK7 C1320,2027-05-07,C,1.32,0.000350000,3,
2026-10-06,EUU,OPT,EUUK7 C1330,2027-05-07,C,1.33,0.000300000,3,
2026-10-06,EUU,OPT,EUUK7 C1340,2027-05-07,C,1.34,0.000250000,3,
2026-10-06,EUU,OPT,EUUK7 P0990,2027-05-07,P,0.99,0.001200000,3,2
2026-10-06,EUU,OPT,EUUK7 P1000,2027-05-07,P,1,0.001400000,3,11
2026-10-06,EUU,OPT,EUUK7 P1010,2027-05-07,P,1.01,0.001600000,3,12
2026-10-06,EUU,OPT,EUUK7 P1020,2027-05-07,P,1.02,0.002000000,3,2
2026-10-06,EUU,OPT,EUUK7 P1030,2027-05-07,P,1.03,0.002400000,3,3
2026-10-06,EUU,OPT,EUUK7 P1040,2027-05-07,P,1.04,0.002900000,3,1
2026-10-06,EUU,OPT,EUUK7 P1050,2027-05-07,P,1.05,0.003600000,3,42
2026-10-06,EUU,OPT,EUUK7 P1060,2027-05-07,P,1.06,0.004400000,3,43
2026-10-06,EUU,OPT,EUUK7 P1070,2027-05-07,P,1.07,0.005400000,3,5
2026-10-06,EUU,OPT,EUUK7 P1080,2027-05-07,P,1.08,0.006700000,3,11
2026-10-06,EUU,OPT,EUUK7 P1085,2027-05-07,P,1.085,0.007400000,3,
2026-10-06,EUU,OPT,EUUK7 P1090,2027-05-07,P,1.09,0.008200000,3,
2026-10-06,EUU,OPT,EUUK7 P1095,2027-05-07,P,1.095,0.009100000,3,
2026-10-06,EUU,OPT,EUUK7 P1100,2027-05-07,P,1.1,0.010100000,3,6
2026-10-06,EUU,OPT,EUUK7 P1105,2027-05-07,P,1.105,0.011200000,3,
2026-10-06,EUU,OPT,EUUK7 P1110,2027-05-07,P,1.11,0.012500000,3,1
2026-10-06,EUU,OPT,EUUK7 P1115,2027-05-07,P,1.115,0.013900000,3,100
2026-10-06,EUU,OPT,EUUK7 P1120,2027-05-07,P,1.12,0.015400000,3,1607
2026-10-06,EUU,OPT,EUUK7 P1125,2027-05-07,P,1.125,0.017100000,3,2700
2026-10-06,EUU,OPT,EUUK7 P1130,2027-05-07,P,1.13,0.019000000,3,12
2026-10-06,EUU,OPT,EUUK7 P1135,2027-05-07,P,1.135,0.021000000,3,356
2026-10-06,EUU,OPT,EUUK7 P1140,2027-05-07,P,1.14,0.023300000,3,571
2026-10-06,EUU,OPT,EUUK7 P1145,2027-05-07,P,1.145,0.025700000,3,164
2026-10-06,EUU,OPT,EUUK7 P1150,2027-05-07,P,1.15,0.028400000,3,598
2026-10-06,EUU,OPT,EUUK7 P1155,2027-05-07,P,1.155,0.031200000,3,98
2026-10-06,EUU,OPT,EUUK7 P1160,2027-05-07,P,1.16,0.034300000,3,70
2026-10-06,EUU,OPT,EUUK7 P1165,2027-05-07,P,1.165,0.037500000,3,400
2026-10-06,EUU,OPT,EUUK7 P1170,2027-05-07,P,1.17,0.040900000,3,225
2026-10-06,EUU,OPT,EUUK7 P1175,2027-05-07,P,1.175,0.044500000,3,12
2026-10-06,EUU,OPT,EUUK7 P1180,2027-05-07,P,1.18,0.048300000,3,5
2026-10-06,EUU,OPT,EUUK7 P1185,2027-05-07,P,1.185,0.052200000,3,2141
2026-10-06,EUU,OPT,EUUK7 P1190,2027-05-07,P,1.19,0.056200000,3,444
2026-10-06,EUU,OPT,EUUK7 P1195,2027-05-07,P,1.195,0.060400000,3,30
2026-10-06,EUU,OPT,EUUK7 P1200,2027-05-07,P,1.2,0.064600000,3,
2026-10-06,EUU,OPT,EUUK7 P1205,2027-05-07,P,1.205,0.069000000,3,
2026-10-06,EUU,OPT,EUUK7 P1210,2027-05-07,P,1.21,0.073400000,3,
2026-10-06,EUU,OPT,EUUK7 P1215,2027-05-07,P,1.215,0.077900000,3,
2026-10-06,EUU,OPT,EUUK7 P1220,2027-05-07,P,1.22,0.082400000,3,
2026-10-06,EUU,OPT,EUUK7 P1225,2027-05-07,P,1.225,0.087000000,3,
2026-10-06,EUU,OPT,EUUK7 P1230,2027-05-07,P,1.23,0.091600000,3,
2026-10-06,EUU,OPT,EUUK7 P1235,2027-05-07,P,1.235,0.096300000,3,
2026-10-06,EUU,OPT,EUUK7 P1240,2027-05-07,P,1.24,0.101000000,3,
2026-10-06,EUU,OPT,EUUK7 P1245,2027-05-07,P,1.245,0.105700000,3,
2026-10-06,EUU,OPT,EUUK7 P1250,2027-05-07,P,1.25,0.110400000,3,
2026-10-06,EUU,OPT,EUUK7 P1260,2027-05-07,P,1.26,0.120000000,3,
2026-10-06,EUU,OPT,EUUK7 P1270,2027-05-07,P,1.27,0.129600000,3,
2026-10-06,EUU,OPT,EUUK7 P1280,2027-05-07,P,1.28,0.139200000,3,
2026-10-06,EUU,OPT,EUUK7 P1290,2027-05-07,P,1.29,0.148900000,3,
2026-10-06,EUU,OPT,EUUK7 P1300,2027-05-07,P,1.3,0.158500000,3,
2026-10-06,EUU,OPT,EUUK7 P1310,2027-05-07,P,1.31,0.168200000,3,
2026-10-06,EUU,OPT,EUUK7 P1320,2027-05-07,P,1.32,0.177900000,3,
2026-10-06,EUU,OPT,EUUK7 P1330,2027-05-07,P,1.33,0.187600000,3,
2026-10-06,EUU,OPT,EUUK7 P1340,2027-05-07,P,1.34,0.197300000,3,
2026-10-06,EUU,OPT,EUUM7 C0990,2027-06-04,C,0.99,0.145400000,3,
2026-10-06,EUU,OPT,EUUM7 C1000,2027-06-04,C,1,0.135900000,3,
2026-10-06,EUU,OPT,EUUM7 C1010,2027-06-04,C,1.01,0.126500000,3,
2026-10-06,EUU,OPT,EUUM7 C1020,2027-06-04,C,1.02,0.117200000,3,
2026-10-06,EUU,OPT,EUUM7 C1030,2027-06-04,C,1.03,0.108000000,3,
2026-10-06,EUU,OPT,EUUM7 C1040,2027-06-04,C,1.04,0.098900000,3,
2026-10-06,EUU,OPT,EUUM7 C1050,2027-06-04,C,1.05,0.089900000,3,
2026-10-06,EUU,OPT,EUUM7 C1060,2027-06-04,C,1.06,0.081100000,3,
2026-10-06,EUU,OPT,EUUM7 C1070,2027-06-04,C,1.07,0.072400000,3,
2026-10-06,EUU,OPT,EUUM7 C1080,2027-06-04,C,1.08,0.064100000,3,
2026-10-06,EUU,OPT,EUUM7 C1085,2027-06-04,C,1.085,0.060000000,3,
2026-10-06,EUU,OPT,EUUM7 C1090,2027-06-04,C,1.09,0.056000000,3,
2026-10-06,EUU,OPT,EUUM7 C1095,2027-06-04,C,1.095,0.052100000,3,
2026-10-06,EUU,OPT,EUUM7 C1100,2027-06-04,C,1.1,0.048300000,3,7
2026-10-06,EUU,OPT,EUUM7 C1105,2027-06-04,C,1.105,0.044600000,3,
2026-10-06,EUU,OPT,EUUM7 C1110,2027-06-04,C,1.11,0.041000000,3,
2026-10-06,EUU,OPT,EUUM7 C1115,2027-06-04,C,1.115,0.037600000,3,
2026-10-06,EUU,OPT,EUUM7 C1120,2027-06-04,C,1.12,0.034300000,3,1197
2026-10-06,EUU,OPT,EUUM7 C1125,2027-06-04,C,1.125,0.031200000,3,
2026-10-06,EUU,OPT,EUUM7 C1130,2027-06-04,C,1.13,0.028200000,3,
2026-10-06,EUU,OPT,EUUM7 C1135,2027-06-04,C,1.135,0.025400000,3,6
2026-10-06,EUU,OPT,EUUM7 C1140,2027-06-04,C,1.14,0.022800000,3,7665
2026-10-06,EUU,OPT,EUUM7 C1145,2027-06-04,C,1.145,0.020400000,3,82
2026-10-06,EUU,OPT,EUUM7 C1150,2027-06-04,C,1.15,0.018100000,3,145
2026-10-06,EUU,OPT,EUUM7 C1155,2027-06-04,C,1.155,0.016100000,3,221
2026-10-06,EUU,OPT,EUUM7 C1160,2027-06-04,C,1.16,0.014200000,3,6061
2026-10-06,EUU,OPT,EUUM7 C1165,2027-06-04,C,1.165,0.012600000,3,402
2026-10-06,EUU,OPT,EUUM7 C1170,2027-06-04,C,1.17,0.011100000,3,193
2026-10-06,EUU,OPT,EUUM7 C1175,2027-06-04,C,1.175,0.009700000,3,501
2026-10-06,EUU,OPT,EUUM7 C1180,2027-06-04,C,1.18,0.008500000,3,13316
2026-10-06,EUU,OPT,EUUM7 C1185,2027-06-04,C,1.185,0.007500000,3,1212
2026-10-06,EUU,OPT,EUUM7 C1190,2027-06-04,C,1.19,0.006600000,3,1017
2026-10-06,EUU,OPT,EUUM7 C1195,2027-06-04,C,1.195,0.005800000,3,900
2026-10-06,EUU,OPT,EUUM7 C1200,2027-06-04,C,1.2,0.005100000,3,13757
2026-10-06,EUU,OPT,EUUM7 C1205,2027-06-04,C,1.205,0.004500000,3,400
2026-10-06,EUU,OPT,EUUM7 C1210,2027-06-04,C,1.21,0.003900000,3,503
2026-10-06,EUU,OPT,EUUM7 C1215,2027-06-04,C,1.215,0.003500000,3,101
2026-10-06,EUU,OPT,EUUM7 C1220,2027-06-04,C,1.22,0.003100000,3,10
2026-10-06,EUU,OPT,EUUM7 C1225,2027-06-04,C,1.225,0.002700000,3,976
2026-10-06,EUU,OPT,EUUM7 C1230,2027-06-04,C,1.23,0.002400000,3,5
2026-10-06,EUU,OPT,EUUM7 C1235,2027-06-04,C,1.235,0.002200000,3,
2026-10-06,EUU,OPT,EUUM7 C1240,2027-06-04,C,1.24,0.002000000,3,63
2026-10-06,EUU,OPT,EUUM7 C1245,2027-06-04,C,1.245,0.001800000,3,
2026-10-06,EUU,OPT,EUUM7 C1250,2027-06-04,C,1.25,0.001600000,3,592
2026-10-06,EUU,OPT,EUUM7 C1255,2027-06-04,C,1.255,0.001400000,3,
2026-10-06,EUU,OPT,EUUM7 C1260,2027-06-04,C,1.26,0.001300000,3,2
2026-10-06,EUU,OPT,EUUM7 C1265,2027-06-04,C,1.265,0.001200000,3,
2026-10-06,EUU,OPT,EUUM7 C1270,2027-06-04,C,1.27,0.001100000,3,39
2026-10-06,EUU,OPT,EUUM7 C1280,2027-06-04,C,1.28,0.000900000,3,2
2026-10-06,EUU,OPT,EUUM7 C1290,2027-06-04,C,1.29,0.000800000,3,3
2026-10-06,EUU,OPT,EUUM7 C1300,2027-06-04,C,1.3,0.000700000,3,
2026-10-06,EUU,OPT,EUUM7 C1310,2027-06-04,C,1.31,0.000600000,3,2
2026-10-06,EUU,OPT,EUUM7 C1320,2027-06-04,C,1.32,0.000600000,3,1057
2026-10-06,EUU,OPT,EUUM7 C1330,2027-06-04,C,1.33,0.000500000,3,1
2026-10-06,EUU,OPT,EUUM7 C1340,2027-06-04,C,1.34,0.000450000,3,4
2026-10-06,EUU,OPT,EUUM7 C1350,2027-06-04,C,1.35,0.000400000,3,
2026-10-06,EUU,OPT,EUUM7 C1360,2027-06-04,C,1.36,0.000350000,3,
2026-10-06,EUU,OPT,EUUM7 C1370,2027-06-04,C,1.37,0.000300000,3,16
2026-10-06,EUU,OPT,EUUM7 P0990,2027-06-04,P,0.99,0.001300000,3,2
2026-10-06,EUU,OPT,EUUM7 P1000,2027-06-04,P,1,0.001600000,3,98
2026-10-06,EUU,OPT,EUUM7 P1010,2027-06-04,P,1.01,0.001900000,3,254
2026-10-06,EUU,OPT,EUUM7 P1020,2027-06-04,P,1.02,0.002300000,3,15
2026-10-06,EUU,OPT,EUUM7 P1030,2027-06-04,P,1.03,0.002800000,3,197
2026-10-06,EUU,OPT,EUUM7 P1040,2027-06-04,P,1.04,0.003500000,3,6
2026-10-06,EUU,OPT,EUUM7 P1050,2027-06-04,P,1.05,0.004200000,3,8
2026-10-06,EUU,OPT,EUUM7 P1060,2027-06-04,P,1.06,0.005100000,3,1
2026-10-06,EUU,OPT,EUUM7 P1070,2027-06-04,P,1.07,0.006200000,3,2
2026-10-06,EUU,OPT,EUUM7 P1080,2027-06-04,P,1.08,0.007600000,3,549
2026-10-06,EUU,OPT,EUUM7 P1085,2027-06-04,P,1.085,0.008300000,3,
2026-10-06,EUU,OPT,EUUM7 P1090,2027-06-04,P,1.09,0.009200000,3,68
2026-10-06,EUU,OPT,EUUM7 P1095,2027-06-04,P,1.095,0.010200000,3,5
2026-10-06,EUU,OPT,EUUM7 P1100,2027-06-04,P,1.1,0.011200000,3,222
2026-10-06,EUU,OPT,EUUM7 P1105,2027-06-04,P,1.105,0.012400000,3,38
2026-10-06,EUU,OPT,EUUM7 P1110,2027-06-04,P,1.11,0.013700000,3,29
2026-10-06,EUU,OPT,EUUM7 P1115,2027-06-04,P,1.115,0.015100000,3,33
2026-10-06,EUU,OPT,EUUM7 P1120,2027-06-04,P,1.12,0.016700000,3,555
2026-10-06,EUU,OPT,EUUM7 P1125,2027-06-04,P,1.125,0.018400000,3,4
2026-10-06,EUU,OPT,EUUM7 P1130,2027-06-04,P,1.13,0.020300000,3,201
2026-10-06,EUU,OPT,EUUM7 P1135,2027-06-04,P,1.135,0.022400000,3,178
2026-10-06,EUU,OPT,EUUM7 P1140,2027-06-04,P,1.14,0.024600000,3,1429
2026-10-06,EUU,OPT,EUUM7 P1145,2027-06-04,P,1.145,0.027100000,3,1186
2026-10-06,EUU,OPT,EUUM7 P1150,2027-06-04,P,1.15,0.029700000,3,170
2026-10-06,EUU,OPT,EUUM7 P1155,2027-06-04,P,1.155,0.032500000,3,200
2026-10-06,EUU,OPT,EUUM7 P1160,2027-06-04,P,1.16,0.035500000,3,11
2026-10-06,EUU,OPT,EUUM7 P1165,2027-06-04,P,1.165,0.038700000,3,7
2026-10-06,EUU,OPT,EUUM7 P1170,2027-06-04,P,1.17,0.042100000,3,106
2026-10-06,EUU,OPT,EUUM7 P1175,2027-06-04,P,1.175,0.045600000,3,380
2026-10-06,EUU,OPT,EUUM7 P1180,2027-06-04,P,1.18,0.049300000,3,25
2026-10-06,EUU,OPT,EUUM7 P1185,2027-06-04,P,1.185,0.053100000,3,
2026-10-06,EUU,OPT,EUUM7 P1190,2027-06-04,P,1.19,0.057000000,3,
2026-10-06,EUU,OPT,EUUM7 P1195,2027-06-04,P,1.195,0.061100000,3,
2026-10-06,EUU,OPT,EUUM7 P1200,2027-06-04,P,1.2,0.065300000,3,4
2026-10-06,EUU,OPT,EUUM7 P1205,2027-06-04,P,1.205,0.069500000,3,
2026-10-06,EUU,OPT,EUUM7 P1210,2027-06-04,P,1.21,0.073900000,3,1
2026-10-06,EUU,OPT,EUUM7 P1215,2027-06-04,P,1.215,0.078300000,3,
2026-10-06,EUU,OPT,EUUM7 P1220,2027-06-04,P,1.22,0.082700000,3,
2026-10-06,EUU,OPT,EUUM7 P1225,2027-06-04,P,1.225,0.087300000,3,
2026-10-06,EUU,OPT,EUUM7 P1230,2027-06-04,P,1.23,0.091800000,3,
2026-10-06,EUU,OPT,EUUM7 P1235,2027-06-04,P,1.235,0.096400000,3,
2026-10-06,EUU,OPT,EUUM7 P1240,2027-06-04,P,1.24,0.101100000,3,
2026-10-06,EUU,OPT,EUUM7 P1245,2027-06-04,P,1.245,0.105700000,3,
2026-10-06,EUU,OPT,EUUM7 P1250,2027-06-04,P,1.25,0.110400000,3,
2026-10-06,EUU,OPT,EUUM7 P1255,2027-06-04,P,1.255,0.115100000,3,
2026-10-06,EUU,OPT,EUUM7 P1260,2027-06-04,P,1.26,0.119900000,3,
2026-10-06,EUU,OPT,EUUM7 P1265,2027-06-04,P,1.265,0.124600000,3,
2026-10-06,EUU,OPT,EUUM7 P1270,2027-06-04,P,1.27,0.129400000,3,
2026-10-06,EUU,OPT,EUUM7 P1280,2027-06-04,P,1.28,0.138900000,3,
2026-10-06,EUU,OPT,EUUM7 P1290,2027-06-04,P,1.29,0.148500000,3,
2026-10-06,EUU,OPT,EUUM7 P1300,2027-06-04,P,1.3,0.158100000,3,
2026-10-06,EUU,OPT,EUUM7 P1310,2027-06-04,P,1.31,0.167800000,3,
2026-10-06,EUU,OPT,EUUM7 P1320,2027-06-04,P,1.32,0.177500000,3,
2026-10-06,EUU,OPT,EUUM7 P1330,2027-06-04,P,1.33,0.187100000,3,
2026-10-06,EUU,OPT,EUUM7 P1340,2027-06-04,P,1.34,0.196800000,3,
2026-10-06,EUU,OPT,EUUM7 P1350,2027-06-04,P,1.35,0.206500000,3,
2026-10-06,EUU,OPT,EUUM7 P1360,2027-06-04,P,1.36,0.216100000,3,
2026-10-06,EUU,OPT,EUUM7 P1370,2027-06-04,P,1.37,0.225800000,3,
2026-10-06,EUU,OPT,EUUN7 C0990,2027-07-09,C,0.99,0.149400000,3,
2026-10-06,EUU,OPT,EUUN7 C1000,2027-07-09,C,1,0.140000000,3,
2026-10-06,EUU,OPT,EUUN7 C1010,2027-07-09,C,1.01,0.130700000,3,
2026-10-06,EUU,OPT,EUUN7 C1020,2027-07-09,C,1.02,0.121500000,3,
2026-10-06,EUU,OPT,EUUN7 C1030,2027-07-09,C,1.03,0.112400000,3,
2026-10-06,EUU,OPT,EUUN7 C1040,2027-07-09,C,1.04,0.103300000,3,
2026-10-06,EUU,OPT,EUUN7 C1050,2027-07-09,C,1.05,0.094400000,3,
2026-10-06,EUU,OPT,EUUN7 C1060,2027-07-09,C,1.06,0.085700000,3,
2026-10-06,EUU,OPT,EUUN7 C1070,2027-07-09,C,1.07,0.077100000,3,
2026-10-06,EUU,OPT,EUUN7 C1080,2027-07-09,C,1.08,0.068800000,3,
2026-10-06,EUU,OPT,EUUN7 C1090,2027-07-09,C,1.09,0.060800000,3,
2026-10-06,EUU,OPT,EUUN7 C1095,2027-07-09,C,1.095,0.056900000,3,
2026-10-06,EUU,OPT,EUUN7 C1100,2027-07-09,C,1.1,0.053100000,3,
2026-10-06,EUU,OPT,EUUN7 C1105,2027-07-09,C,1.105,0.049400000,3,3
2026-10-06,EUU,OPT,EUUN7 C1110,2027-07-09,C,1.11,0.045800000,3,
2026-10-06,EUU,OPT,EUUN7 C1115,2027-07-09,C,1.115,0.042300000,3,
2026-10-06,EUU,OPT,EUUN7 C1120,2027-07-09,C,1.12,0.039000000,3,
2026-10-06,EUU,OPT,EUUN7 C1125,2027-07-09,C,1.125,0.035800000,3,
2026-10-06,EUU,OPT,EUUN7 C1130,2027-07-09,C,1.13,0.032700000,3,
2026-10-06,EUU,OPT,EUUN7 C1135,2027-07-09,C,1.135,0.029800000,3,50
2026-10-06,EUU,OPT,EUUN7 C1140,2027-07-09,C,1.14,0.027100000,3,6
2026-10-06,EUU,OPT,EUUN7 C1145,2027-07-09,C,1.145,0.024500000,3,
2026-10-06,EUU,OPT,EUUN7 C1150,2027-07-09,C,1.15,0.022100000,3,3
2026-10-06,EUU,OPT,EUUN7 C1155,2027-07-09,C,1.155,0.019800000,3,
2026-10-06,EUU,OPT,EUUN7 C1160,2027-07-09,C,1.16,0.017800000,3,
2026-10-06,EUU,OPT,EUUN7 C1165,2027-07-09,C,1.165,0.015900000,3,600
2026-10-06,EUU,OPT,EUUN7 C1170,2027-07-09,C,1.17,0.014200000,3,
2026-10-06,EUU,OPT,EUUN7 C1175,2027-07-09,C,1.175,0.012600000,3,
2026-10-06,EUU,OPT,EUUN7 C1180,2027-07-09,C,1.18,0.011200000,3,20
2026-10-06,EUU,OPT,EUUN7 C1185,2027-07-09,C,1.185,0.009900000,3,60
2026-10-06,EUU,OPT,EUUN7 C1190,2027-07-09,C,1.19,0.008800000,3,20
2026-10-06,EUU,OPT,EUUN7 C1195,2027-07-09,C,1.195,0.007900000,3,73
2026-10-06,EUU,OPT,EUUN7 C1200,2027-07-09,C,1.2,0.007000000,3,16
2026-10-06,EUU,OPT,EUUN7 C1205,2027-07-09,C,1.205,0.006300000,3,16
2026-10-06,EUU,OPT,EUUN7 C1210,2027-07-09,C,1.21,0.005600000,3,16
2026-10-06,EUU,OPT,EUUN7 C1215,2027-07-09,C,1.215,0.005000000,3,
2026-10-06,EUU,OPT,EUUN7 C1220,2027-07-09,C,1.22,0.004500000,3,800
2026-10-06,EUU,OPT,EUUN7 C1225,2027-07-09,C,1.225,0.004000000,3,
2026-10-06,EUU,OPT,EUUN7 C1230,2027-07-09,C,1.23,0.003600000,3,1
2026-10-06,EUU,OPT,EUUN7 C1235,2027-07-09,C,1.235,0.003300000,3,
2026-10-06,EUU,OPT,EUUN7 C1240,2027-07-09,C,1.24,0.002900000,3,3
2026-10-06,EUU,OPT,EUUN7 C1250,2027-07-09,C,1.25,0.002400000,3,
2026-10-06,EUU,OPT,EUUN7 C1260,2027-07-09,C,1.26,0.002000000,3,
2026-10-06,EUU,OPT,EUUN7 C1270,2027-07-09,C,1.27,0.001600000,3,
2026-10-06,EUU,OPT,EUUN7 C1280,2027-07-09,C,1.28,0.001300000,3,
2026-10-06,EUU,OPT,EUUN7 C1290,2027-07-09,C,1.29,0.001100000,3,
2026-10-06,EUU,OPT,EUUN7 C1300,2027-07-09,C,1.3,0.001000000,3,
2026-10-06,EUU,OPT,EUUN7 C1310,2027-07-09,C,1.31,0.000900000,3,
2026-10-06,EUU,OPT,EUUN7 C1320,2027-07-09,C,1.32,0.000800000,3,2
2026-10-06,EUU,OPT,EUUN7 C1330,2027-07-09,C,1.33,0.000700000,3,
2026-10-06,EUU,OPT,EUUN7 P0990,2027-07-09,P,0.99,0.001500000,3,
2026-10-06,EUU,OPT,EUUN7 P1000,2027-07-09,P,1,0.001900000,3,2
2026-10-06,EUU,OPT,EUUN7 P1010,2027-07-09,P,1.01,0.002300000,3,18
2026-10-06,EUU,OPT,EUUN7 P1020,2027-07-09,P,1.02,0.002700000,3,
2026-10-06,EUU,OPT,EUUN7 P1030,2027-07-09,P,1.03,0.003300000,3,
2026-10-06,EUU,OPT,EUUN7 P1040,2027-07-09,P,1.04,0.003900000,3,
2026-10-06,EUU,OPT,EUUN7 P1050,2027-07-09,P,1.05,0.004700000,3,102
2026-10-06,EUU,OPT,EUUN7 P1060,2027-07-09,P,1.06,0.005600000,3,
2026-10-06,EUU,OPT,EUUN7 P1070,2027-07-09,P,1.07,0.006700000,3,
2026-10-06,EUU,OPT,EUUN7 P1080,2027-07-09,P,1.08,0.008100000,3,15
2026-10-06,EUU,OPT,EUUN7 P1090,2027-07-09,P,1.09,0.009800000,3,
2026-10-06,EUU,OPT,EUUN7 P1095,2027-07-09,P,1.095,0.010700000,3,
2026-10-06,EUU,OPT,EUUN7 P1100,2027-07-09,P,1.1,0.011700000,3,2
2026-10-06,EUU,OPT,EUUN7 P1105,2027-07-09,P,1.105,0.012900000,3,
2026-10-06,EUU,OPT,EUUN7 P1110,2027-07-09,P,1.11,0.014100000,3,
2026-10-06,EUU,OPT,EUUN7 P1115,2027-07-09,P,1.115,0.015500000,3,
2026-10-06,EUU,OPT,EUUN7 P1120,2027-07-09,P,1.12,0.017000000,3,
2026-10-06,EUU,OPT,EUUN7 P1125,2027-07-09,P,1.125,0.018600000,3,
2026-10-06,EUU,OPT,EUUN7 P1130,2027-07-09,P,1.13,0.020400000,3,2
2026-10-06,EUU,OPT,EUUN7 P1135,2027-07-09,P,1.135,0.022400000,3,
2026-10-06,EUU,OPT,EUUN7 P1140,2027-07-09,P,1.14,0.024500000,3,1
2026-10-06,EUU,OPT,EUUN7 P1145,2027-07-09,P,1.145,0.026700000,3,
2026-10-06,EUU,OPT,EUUN7 P1150,2027-07-09,P,1.15,0.029200000,3,819
2026-10-06,EUU,OPT,EUUN7 P1155,2027-07-09,P,1.155,0.031800000,3,13
2026-10-06,EUU,OPT,EUUN7 P1160,2027-07-09,P,1.16,0.034500000,3,20
2026-10-06,EUU,OPT,EUUN7 P1165,2027-07-09,P,1.165,0.037500000,3,58
2026-10-06,EUU,OPT,EUUN7 P1170,2027-07-09,P,1.17,0.040600000,3,70
2026-10-06,EUU,OPT,EUUN7 P1175,2027-07-09,P,1.175,0.043900000,3,
2026-10-06,EUU,OPT,EUUN7 P1180,2027-07-09,P,1.18,0.047300000,3,8
2026-10-06,EUU,OPT,EUUN7 P1185,2027-07-09,P,1.185,0.050900000,3,79
2026-10-06,EUU,OPT,EUUN7 P1190,2027-07-09,P,1.19,0.054600000,3,324
2026-10-06,EUU,OPT,EUUN7 P1195,2027-07-09,P,1.195,0.058500000,3,
2026-10-06,EUU,OPT,EUUN7 P1200,2027-07-09,P,1.2,0.062500000,3,
2026-10-06,EUU,OPT,EUUN7 P1205,2027-07-09,P,1.205,0.066600000,3,
2026-10-06,EUU,OPT,EUUN7 P1210,2027-07-09,P,1.21,0.070800000,3,
2026-10-06,EUU,OPT,EUUN7 P1215,2027-07-09,P,1.215,0.075000000,3,
2026-10-06,EUU,OPT,EUUN7 P1220,2027-07-09,P,1.22,0.079300000,3,
2026-10-06,EUU,OPT,EUUN7 P1225,2027-07-09,P,1.225,0.083700000,3,
2026-10-06,EUU,OPT,EUUN7 P1230,2027-07-09,P,1.23,0.088100000,3,
2026-10-06,EUU,OPT,EUUN7 P1235,2027-07-09,P,1.235,0.092600000,3,
2026-10-06,EUU,OPT,EUUN7 P1240,2027-07-09,P,1.24,0.097100000,3,
2026-10-06,EUU,OPT,EUUN7 P1250,2027-07-09,P,1.25,0.106300000,3,
2026-10-06,EUU,OPT,EUUN7 P1260,2027-07-09,P,1.26,0.115500000,3,
2026-10-06,EUU,OPT,EUUN7 P1270,2027-07-09,P,1.27,0.124800000,3,
2026-10-06,EUU,OPT,EUUN7 P1280,2027-07-09,P,1.28,0.134300000,3,
2026-10-06,EUU,OPT,EUUN7 P1290,2027-07-09,P,1.29,0.143700000,3,
2026-10-06,EUU,OPT,EUUN7 P1300,2027-07-09,P,1.3,0.153300000,3,
2026-10-06,EUU,OPT,EUUN7 P1310,2027-07-09,P,1.31,0.162800000,3,
2026-10-06,EUU,OPT,EUUN7 P1320,2027-07-09,P,1.32,0.172400000,3,
2026-10-06,EUU,OPT,EUUN7 P1330,2027-07-09,P,1.33,0.182000000,3,
2026-10-06,EUU,OPT,EUUQ7 C0990,2027-08-06,C,0.99,0.149200000,3,
2026-10-06,EUU,OPT,EUUQ7 C1000,2027-08-06,C,1,0.139900000,3,
2026-10-06,EUU,OPT,EUUQ7 C1010,2027-08-06,C,1.01,0.130700000,3,
2026-10-06,EUU,OPT,EUUQ7 C1020,2027-08-06,C,1.02,0.121600000,3,
2026-10-06,EUU,OPT,EUUQ7 C1030,2027-08-06,C,1.03,0.112600000,3,
2026-10-06,EUU,OPT,EUUQ7 C1040,2027-08-06,C,1.04,0.103700000,3,
2026-10-06,EUU,OPT,EUUQ7 C1050,2027-08-06,C,1.05,0.094900000,3,
2026-10-06,EUU,OPT,EUUQ7 C1060,2027-08-06,C,1.06,0.086200000,3,
2026-10-06,EUU,OPT,EUUQ7 C1070,2027-08-06,C,1.07,0.077800000,3,
2026-10-06,EUU,OPT,EUUQ7 C1080,2027-08-06,C,1.08,0.069600000,3,
2026-10-06,EUU,OPT,EUUQ7 C1090,2027-08-06,C,1.09,0.061700000,3,
2026-10-06,EUU,OPT,EUUQ7 C1095,2027-08-06,C,1.095,0.057900000,3,
2026-10-06,EUU,OPT,EUUQ7 C1100,2027-08-06,C,1.1,0.054100000,3,
2026-10-06,EUU,OPT,EUUQ7 C1105,2027-08-06,C,1.105,0.050500000,3,
2026-10-06,EUU,OPT,EUUQ7 C1110,2027-08-06,C,1.11,0.046900000,3,
2026-10-06,EUU,OPT,EUUQ7 C1115,2027-08-06,C,1.115,0.043500000,3,
2026-10-06,EUU,OPT,EUUQ7 C1120,2027-08-06,C,1.12,0.040200000,3,
2026-10-06,EUU,OPT,EUUQ7 C1125,2027-08-06,C,1.125,0.037100000,3,
2026-10-06,EUU,OPT,EUUQ7 C1130,2027-08-06,C,1.13,0.034100000,3,
2026-10-06,EUU,OPT,EUUQ7 C1135,2027-08-06,C,1.135,0.031200000,3,
2026-10-06,EUU,OPT,EUUQ7 C1140,2027-08-06,C,1.14,0.028500000,3,
2026-10-06,EUU,OPT,EUUQ7 C1145,2027-08-06,C,1.145,0.025900000,3,
2026-10-06,EUU,OPT,EUUQ7 C1150,2027-08-06,C,1.15,0.023500000,3,3
2026-10-06,EUU,OPT,EUUQ7 C1155,2027-08-06,C,1.155,0.021200000,3,
2026-10-06,EUU,OPT,EUUQ7 C1160,2027-08-06,C,1.16,0.019200000,3,
2026-10-06,EUU,OPT,EUUQ7 C1165,2027-08-06,C,1.165,0.017200000,3,1
2026-10-06,EUU,OPT,EUUQ7 C1170,2027-08-06,C,1.17,0.015500000,3,
2026-10-06,EUU,OPT,EUUQ7 C1175,2027-08-06,C,1.175,0.013900000,3,
2026-10-06,EUU,OPT,EUUQ7 C1180,2027-08-06,C,1.18,0.012400000,3,
2026-10-06,EUU,OPT,EUUQ7 C1185,2027-08-06,C,1.185,0.011200000,3,
2026-10-06,EUU,OPT,EUUQ7 C1190,2027-08-06,C,1.19,0.010000000,3,
2026-10-06,EUU,OPT,EUUQ7 C1195,2027-08-06,C,1.195,0.009000000,3,6
2026-10-06,EUU,OPT,EUUQ7 C1200,2027-08-06,C,1.2,0.008100000,3,
2026-10-06,EUU,OPT,EUUQ7 C1205,2027-08-06,C,1.205,0.007200000,3,
2026-10-06,EUU,OPT,EUUQ7 C1210,2027-08-06,C,1.21,0.006500000,3,
2026-10-06,EUU,OPT,EUUQ7 C1215,2027-08-06,C,1.215,0.005900000,3,
2026-10-06,EUU,OPT,EUUQ7 C1220,2027-08-06,C,1.22,0.005300000,3,
2026-10-06,EUU,OPT,EUUQ7 C1225,2027-08-06,C,1.225,0.004800000,3,
2026-10-06,EUU,OPT,EUUQ7 C1230,2027-08-06,C,1.23,0.004300000,3,
2026-10-06,EUU,OPT,EUUQ7 C1235,2027-08-06,C,1.235,0.003900000,3,
2026-10-06,EUU,OPT,EUUQ7 C1240,2027-08-06,C,1.24,0.003500000,3,3
2026-10-06,EUU,OPT,EUUQ7 C1250,2027-08-06,C,1.25,0.002900000,3,25
2026-10-06,EUU,OPT,EUUQ7 C1260,2027-08-06,C,1.26,0.002400000,3,
2026-10-06,EUU,OPT,EUUQ7 C1270,2027-08-06,C,1.27,0.002000000,3,
2026-10-06,EUU,OPT,EUUQ7 C1280,2027-08-06,C,1.28,0.001700000,3,
2026-10-06,EUU,OPT,EUUQ7 C1290,2027-08-06,C,1.29,0.001500000,3,
2026-10-06,EUU,OPT,EUUQ7 C1300,2027-08-06,C,1.3,0.001300000,3,
2026-10-06,EUU,OPT,EUUQ7 C1310,2027-08-06,C,1.31,0.001100000,3,
2026-10-06,EUU,OPT,EUUQ7 C1320,2027-08-06,C,1.32,0.001000000,3,
2026-10-06,EUU,OPT,EUUQ7 C1330,2027-08-06,C,1.33,0.000900000,3,
2026-10-06,EUU,OPT,EUUQ7 C1340,2027-08-06,C,1.34,0.000800000,3,
2026-10-06,EUU,OPT,EUUQ7 C1350,2027-08-06,C,1.35,0.000700000,3,
2026-10-06,EUU,OPT,EUUQ7 C1360,2027-08-06,C,1.36,0.000600000,3,
2026-10-06,EUU,OPT,EUUQ7 C1370,2027-08-06,C,1.37,0.000600000,3,
2026-10-06,EUU,OPT,EUUQ7 C1400,2027-08-06,C,1.4,0.000400000,3,
2026-10-06,EUU,OPT,EUUQ7 C1450,2027-08-06,C,1.45,0.000250000,3,
2026-10-06,EUU,OPT,EUUQ7 C1500,2027-08-06,C,1.5,0.000200000,3,
2026-10-06,EUU,OPT,EUUQ7 P0990,2027-08-06,P,0.99,0.001900000,3,
2026-10-06,EUU,OPT,EUUQ7 P1000,2027-08-06,P,1,0.002300000,3,2
2026-10-06,EUU,OPT,EUUQ7 P1010,2027-08-06,P,1.01,0.002700000,3,1
2026-10-06,EUU,OPT,EUUQ7 P1020,2027-08-06,P,1.02,0.003200000,3,11
2026-10-06,EUU,OPT,EUUQ7 P1030,2027-08-06,P,1.03,0.003900000,3,2
2026-10-06,EUU,OPT,EUUQ7 P1040,2027-08-06,P,1.04,0.004600000,3,
2026-10-06,EUU,OPT,EUUQ7 P1050,2027-08-06,P,1.05,0.005500000,3,2
2026-10-06,EUU,OPT,EUUQ7 P1060,2027-08-06,P,1.06,0.006500000,3,1
2026-10-06,EUU,OPT,EUUQ7 P1070,2027-08-06,P,1.07,0.007700000,3,1
2026-10-06,EUU,OPT,EUUQ7 P1080,2027-08-06,P,1.08,0.009100000,3,
2026-10-06,EUU,OPT,EUUQ7 P1090,2027-08-06,P,1.09,0.010800000,3,
2026-10-06,EUU,OPT,EUUQ7 P1095,2027-08-06,P,1.095,0.011800000,3,
2026-10-06,EUU,OPT,EUUQ7 P1100,2027-08-06,P,1.1,0.012900000,3,
2026-10-06,EUU,OPT,EUUQ7 P1105,2027-08-06,P,1.105,0.014100000,3,
2026-10-06,EUU,OPT,EUUQ7 P1110,2027-08-06,P,1.11,0.015400000,3,750
2026-10-06,EUU,OPT,EUUQ7 P1115,2027-08-06,P,1.115,0.016800000,3,
2026-10-06,EUU,OPT,EUUQ7 P1120,2027-08-06,P,1.12,0.018300000,3,
2026-10-06,EUU,OPT,EUUQ7 P1125,2027-08-06,P,1.125,0.020000000,3,
2026-10-06,EUU,OPT,EUUQ7 P1130,2027-08-06,P,1.13,0.021800000,3,
2026-10-06,EUU,OPT,EUUQ7 P1135,2027-08-06,P,1.135,0.023800000,3,
2026-10-06,EUU,OPT,EUUQ7 P1140,2027-08-06,P,1.14,0.025900000,3,
2026-10-06,EUU,OPT,EUUQ7 P1145,2027-08-06,P,1.145,0.028100000,3,
2026-10-06,EUU,OPT,EUUQ7 P1150,2027-08-06,P,1.15,0.030500000,3,3
2026-10-06,EUU,OPT,EUUQ7 P1155,2027-08-06,P,1.155,0.033100000,3,
2026-10-06,EUU,OPT,EUUQ7 P1160,2027-08-06,P,1.16,0.035900000,3,
2026-10-06,EUU,OPT,EUUQ7 P1165,2027-08-06,P,1.165,0.038800000,3,
2026-10-06,EUU,OPT,EUUQ7 P1170,2027-08-06,P,1.17,0.041800000,3,
2026-10-06,EUU,OPT,EUUQ7 P1175,2027-08-06,P,1.175,0.045000000,3,
2026-10-06,EUU,OPT,EUUQ7 P1180,2027-08-06,P,1.18,0.048400000,3,
2026-10-06,EUU,OPT,EUUQ7 P1185,2027-08-06,P,1.185,0.052000000,3,
2026-10-06,EUU,OPT,EUUQ7 P1190,2027-08-06,P,1.19,0.055600000,3,
2026-10-06,EUU,OPT,EUUQ7 P1195,2027-08-06,P,1.195,0.059400000,3,
2026-10-06,EUU,OPT,EUUQ7 P1200,2027-08-06,P,1.2,0.063300000,3,
2026-10-06,EUU,OPT,EUUQ7 P1205,2027-08-06,P,1.205,0.067300000,3,
2026-10-06,EUU,OPT,EUUQ7 P1210,2027-08-06,P,1.21,0.071400000,3,
2026-10-06,EUU,OPT,EUUQ7 P1215,2027-08-06,P,1.215,0.075600000,3,
2026-10-06,EUU,OPT,EUUQ7 P1220,2027-08-06,P,1.22,0.079900000,3,
2026-10-06,EUU,OPT,EUUQ7 P1225,2027-08-06,P,1.225,0.084200000,3,
2026-10-06,EUU,OPT,EUUQ7 P1230,2027-08-06,P,1.23,0.088500000,3,
2026-10-06,EUU,OPT,EUUQ7 P1235,2027-08-06,P,1.235,0.092900000,3,
2026-10-06,EUU,OPT,EUUQ7 P1240,2027-08-06,P,1.24,0.097400000,3,
2026-10-06,EUU,OPT,EUUQ7 P1250,2027-08-06,P,1.25,0.106400000,3,
2026-10-06,EUU,OPT,EUUQ7 P1260,2027-08-06,P,1.26,0.115600000,3,
2026-10-06,EUU,OPT,EUUQ7 P1270,2027-08-06,P,1.27,0.124800000,3,
2026-10-06,EUU,OPT,EUUQ7 P1280,2027-08-06,P,1.28,0.134100000,3,
2026-10-06,EUU,OPT,EUUQ7 P1290,2027-08-06,P,1.29,0.143600000,3,
2026-10-06,EUU,OPT,EUUQ7 P1300,2027-08-06,P,1.3,0.153000000,3,
2026-10-06,EUU,OPT,EUUQ7 P1310,2027-08-06,P,1.31,0.162500000,3,
2026-10-06,EUU,OPT,EUUQ7 P1320,2027-08-06,P,1.32,0.172000000,3,
2026-10-06,EUU,OPT,EUUQ7 P1330,2027-08-06,P,1.33,0.181600000,3,
2026-10-06,EUU,OPT,EUUQ7 P1340,2027-08-06,P,1.34,0.191100000,3,
2026-10-06,EUU,OPT,EUUQ7 P1350,2027-08-06,P,1.35,0.200700000,3,
2026-10-06,EUU,OPT,EUUQ7 P1360,2027-08-06,P,1.36,0.210300000,3,
2026-10-06,EUU,OPT,EUUQ7 P1370,2027-08-06,P,1.37,0.219800000,3,
2026-10-06,EUU,OPT,EUUQ7 P1400,2027-08-06,P,1.4,0.248600000,3,
2026-10-06,EUU,OPT,EUUQ7 P1450,2027-08-06,P,1.45,0.296700000,3,
2026-10-06,EUU,OPT,EUUQ7 P1500,2027-08-06,P,1.5,0.344900000,3,
2026-10-06,EUU,OPT,EUUU7 C0990,2027-09-03,C,0.99,0.149100000,3,
2026-10-06,EUU,OPT,EUUU7 C1000,2027-09-03,C,1,0.139900000,3,
2026-10-06,EUU,OPT,EUUU7 C1010,2027-09-03,C,1.01,0.130800000,3,
2026-10-06,EUU,OPT,EUUU7 C1020,2027-09-03,C,1.02,0.121800000,3,
2026-10-06,EUU,OPT,EUUU7 C1030,2027-09-03,C,1.03,0.112800000,3,
2026-10-06,EUU,OPT,EUUU7 C1040,2027-09-03,C,1.04,0.104000000,3,
2026-10-06,EUU,OPT,EUUU7 C1050,2027-09-03,C,1.05,0.095300000,3,
2026-10-06,EUU,OPT,EUUU7 C1060,2027-09-03,C,1.06,0.086800000,3,
2026-10-06,EUU,OPT,EUUU7 C1070,2027-09-03,C,1.07,0.078400000,3,
2026-10-06,EUU,OPT,EUUU7 C1080,2027-09-03,C,1.08,0.070300000,3,
2026-10-06,EUU,OPT,EUUU7 C1090,2027-09-03,C,1.09,0.062500000,3,
2026-10-06,EUU,OPT,EUUU7 C1095,2027-09-03,C,1.095,0.058700000,3,
2026-10-06,EUU,OPT,EUUU7 C1100,2027-09-03,C,1.1,0.055000000,3,1
2026-10-06,EUU,OPT,EUUU7 C1105,2027-09-03,C,1.105,0.051400000,3,
2026-10-06,EUU,OPT,EUUU7 C1110,2027-09-03,C,1.11,0.047900000,3,
2026-10-06,EUU,OPT,EUUU7 C1115,2027-09-03,C,1.115,0.044600000,3,
2026-10-06,EUU,OPT,EUUU7 C1120,2027-09-03,C,1.12,0.041300000,3,
2026-10-06,EUU,OPT,EUUU7 C1125,2027-09-03,C,1.125,0.038200000,3,
2026-10-06,EUU,OPT,EUUU7 C1130,2027-09-03,C,1.13,0.035200000,3,
2026-10-06,EUU,OPT,EUUU7 C1135,2027-09-03,C,1.135,0.032400000,3,
2026-10-06,EUU,OPT,EUUU7 C1140,2027-09-03,C,1.14,0.029700000,3,247
2026-10-06,EUU,OPT,EUUU7 C1145,2027-09-03,C,1.145,0.027100000,3,
2026-10-06,EUU,OPT,EUUU7 C1150,2027-09-03,C,1.15,0.024700000,3,3
2026-10-06,EUU,OPT,EUUU7 C1155,2027-09-03,C,1.155,0.022500000,3,1
2026-10-06,EUU,OPT,EUUU7 C1160,2027-09-03,C,1.16,0.020400000,3,1
2026-10-06,EUU,OPT,EUUU7 C1165,2027-09-03,C,1.165,0.018500000,3,30
2026-10-06,EUU,OPT,EUUU7 C1170,2027-09-03,C,1.17,0.016700000,3,1
2026-10-06,EUU,OPT,EUUU7 C1175,2027-09-03,C,1.175,0.015100000,3,
2026-10-06,EUU,OPT,EUUU7 C1180,2027-09-03,C,1.18,0.013600000,3,5
2026-10-06,EUU,OPT,EUUU7 C1185,2027-09-03,C,1.185,0.012300000,3,1
2026-10-06,EUU,OPT,EUUU7 C1190,2027-09-03,C,1.19,0.011100000,3,
2026-10-06,EUU,OPT,EUUU7 C1195,2027-09-03,C,1.195,0.010000000,3,6
2026-10-06,EUU,OPT,EUUU7 C1200,2027-09-03,C,1.2,0.009100000,3,15
2026-10-06,EUU,OPT,EUUU7 C1205,2027-09-03,C,1.205,0.008200000,3,
2026-10-06,EUU,OPT,EUUU7 C1210,2027-09-03,C,1.21,0.007500000,3,
2026-10-06,EUU,OPT,EUUU7 C1215,2027-09-03,C,1.215,0.006800000,3,
2026-10-06,EUU,OPT,EUUU7 C1220,2027-09-03,C,1.22,0.006200000,3,1
2026-10-06,EUU,OPT,EUUU7 C1225,2027-09-03,C,1.225,0.005600000,3,
2026-10-06,EUU,OPT,EUUU7 C1230,2027-09-03,C,1.23,0.005100000,3,1
2026-10-06,EUU,OPT,EUUU7 C1235,2027-09-03,C,1.235,0.004600000,3,
2026-10-06,EUU,OPT,EUUU7 C1240,2027-09-03,C,1.24,0.004200000,3,23
2026-10-06,EUU,OPT,EUUU7 C1245,2027-09-03,C,1.245,0.003800000,3,
2026-10-06,EUU,OPT,EUUU7 C1250,2027-09-03,C,1.25,0.003500000,3,4
2026-10-06,EUU,OPT,EUUU7 C1255,2027-09-03,C,1.255,0.003200000,3,
2026-10-06,EUU,OPT,EUUU7 C1260,2027-09-03,C,1.26,0.002900000,3,
2026-10-06,EUU,OPT,EUUU7 C1265,2027-09-03,C,1.265,0.002600000,3,
2026-10-06,EUU,OPT,EUUU7 C1270,2027-09-03,C,1.27,0.002400000,3,
2026-10-06,EUU,OPT,EUUU7 C1275,2027-09-03,C,1.275,0.002200000,3,
2026-10-06,EUU,OPT,EUUU7 C1280,2027-09-03,C,1.28,0.002000000,3,2
2026-10-06,EUU,OPT,EUUU7 C1290,2027-09-03,C,1.29,0.001700000,3,
2026-10-06,EUU,OPT,EUUU7 C1300,2027-09-03,C,1.3,0.001500000,3,
2026-10-06,EUU,OPT,EUUU7 C1310,2027-09-03,C,1.31,0.001300000,3,
2026-10-06,EUU,OPT,EUUU7 C1320,2027-09-03,C,1.32,0.001200000,3,1
2026-10-06,EUU,OPT,EUUU7 C1330,2027-09-03,C,1.33,0.001100000,3,
2026-10-06,EUU,OPT,EUUU7 C1340,2027-09-03,C,1.34,0.001000000,3,
2026-10-06,EUU,OPT,EUUU7 C1350,2027-09-03,C,1.35,0.000900000,3,4
2026-10-06,EUU,OPT,EUUU7 C1360,2027-09-03,C,1.36,0.000800000,3,
2026-10-06,EUU,OPT,EUUU7 C1370,2027-09-03,C,1.37,0.000700000,3,
2026-10-06,EUU,OPT,EUUU7 C1380,2027-09-03,C,1.38,0.000600000,3,2
2026-10-06,EUU,OPT,EUUU7 C1390,2027-09-03,C,1.39,0.000600000,3,2
2026-10-06,EUU,OPT,EUUU7 C1400,2027-09-03,C,1.4,0.000500000,3,
2026-10-06,EUU,OPT,EUUU7 C1450,2027-09-03,C,1.45,0.000350000,3,
2026-10-06,EUU,OPT,EUUU7 C1500,2027-09-03,C,1.5,0.000250000,3,468
2026-10-06,EUU,OPT,EUUU7 C1600,2027-09-03,C,1.6,0.000150000,3,234
2026-10-06,EUU,OPT,EUUU7 P0990,2027-09-03,P,0.99,0.002300000,3,4
2026-10-06,EUU,OPT,EUUU7 P1000,2027-09-03,P,1,0.002800000,3,10
2026-10-06,EUU,OPT,EUUU7 P1010,2027-09-03,P,1.01,0.003200000,3,372
2026-10-06,EUU,OPT,EUUU7 P1020,2027-09-03,P,1.02,0.003800000,3,6
2026-10-06,EUU,OPT,EUUU7 P1030,2027-09-03,P,1.03,0.004500000,3,2
2026-10-06,EUU,OPT,EUUU7 P1040,2027-09-03,P,1.04,0.005300000,3,180
2026-10-06,EUU,OPT,EUUU7 P1050,2027-09-03,P,1.05,0.006200000,3,339
2026-10-06,EUU,OPT,EUUU7 P1060,2027-09-03,P,1.06,0.007300000,3,7
2026-10-06,EUU,OPT,EUUU7 P1070,2027-09-03,P,1.07,0.008600000,3,
2026-10-06,EUU,OPT,EUUU7 P1080,2027-09-03,P,1.08,0.010100000,3,7
2026-10-06,EUU,OPT,EUUU7 P1090,2027-09-03,P,1.09,0.011900000,3,16
2026-10-06,EUU,OPT,EUUU7 P1095,2027-09-03,P,1.095,0.012900000,3,
2026-10-06,EUU,OPT,EUUU7 P1100,2027-09-03,P,1.1,0.014000000,3,20
2026-10-06,EUU,OPT,EUUU7 P1105,2027-09-03,P,1.105,0.015200000,3,1
2026-10-06,EUU,OPT,EUUU7 P1110,2027-09-03,P,1.11,0.016500000,3,2
2026-10-06,EUU,OPT,EUUU7 P1115,2027-09-03,P,1.115,0.017900000,3,
2026-10-06,EUU,OPT,EUUU7 P1120,2027-09-03,P,1.12,0.019500000,3,1
2026-10-06,EUU,OPT,EUUU7 P1125,2027-09-03,P,1.125,0.021200000,3,
2026-10-06,EUU,OPT,EUUU7 P1130,2027-09-03,P,1.13,0.023000000,3,
2026-10-06,EUU,OPT,EUUU7 P1135,2027-09-03,P,1.135,0.025000000,3,
2026-10-06,EUU,OPT,EUUU7 P1140,2027-09-03,P,1.14,0.027100000,3,
2026-10-06,EUU,OPT,EUUU7 P1145,2027-09-03,P,1.145,0.029300000,3,
2026-10-06,EUU,OPT,EUUU7 P1150,2027-09-03,P,1.15,0.031700000,3,40
2026-10-06,EUU,OPT,EUUU7 P1155,2027-09-03,P,1.155,0.034300000,3,1
2026-10-06,EUU,OPT,EUUU7 P1160,2027-09-03,P,1.16,0.037000000,3,7
2026-10-06,EUU,OPT,EUUU7 P1165,2027-09-03,P,1.165,0.039900000,3,
2026-10-06,EUU,OPT,EUUU7 P1170,2027-09-03,P,1.17,0.042900000,3,1
2026-10-06,EUU,OPT,EUUU7 P1175,2027-09-03,P,1.175,0.046100000,3,
2026-10-06,EUU,OPT,EUUU7 P1180,2027-09-03,P,1.18,0.049500000,3,
2026-10-06,EUU,OPT,EUUU7 P1185,2027-09-03,P,1.185,0.053000000,3,2
2026-10-06,EUU,OPT,EUUU7 P1190,2027-09-03,P,1.19,0.056600000,3,
2026-10-06,EUU,OPT,EUUU7 P1195,2027-09-03,P,1.195,0.060300000,3,
2026-10-06,EUU,OPT,EUUU7 P1200,2027-09-03,P,1.2,0.064200000,3,4
2026-10-06,EUU,OPT,EUUU7 P1205,2027-09-03,P,1.205,0.068100000,3,
2026-10-06,EUU,OPT,EUUU7 P1210,2027-09-03,P,1.21,0.072200000,3,
2026-10-06,EUU,OPT,EUUU7 P1215,2027-09-03,P,1.215,0.076300000,3,
2026-10-06,EUU,OPT,EUUU7 P1220,2027-09-03,P,1.22,0.080500000,3,
2026-10-06,EUU,OPT,EUUU7 P1225,2027-09-03,P,1.225,0.084700000,3,
2026-10-06,EUU,OPT,EUUU7 P1230,2027-09-03,P,1.23,0.089000000,3,
2026-10-06,EUU,OPT,EUUU7 P1235,2027-09-03,P,1.235,0.093400000,3,
2026-10-06,EUU,OPT,EUUU7 P1240,2027-09-03,P,1.24,0.097700000,3,
2026-10-06,EUU,OPT,EUUU7 P1245,2027-09-03,P,1.245,0.102200000,3,
2026-10-06,EUU,OPT,EUUU7 P1250,2027-09-03,P,1.25,0.106600000,3,
2026-10-06,EUU,OPT,EUUU7 P1255,2027-09-03,P,1.255,0.111100000,3,
2026-10-06,EUU,OPT,EUUU7 P1260,2027-09-03,P,1.26,0.115600000,3,
2026-10-06,EUU,OPT,EUUU7 P1265,2027-09-03,P,1.265,0.120200000,3,
2026-10-06,EUU,OPT,EUUU7 P1270,2027-09-03,P,1.27,0.124800000,3,
2026-10-06,EUU,OPT,EUUU7 P1275,2027-09-03,P,1.275,0.129400000,3,
2026-10-06,EUU,OPT,EUUU7 P1280,2027-09-03,P,1.28,0.134000000,3,
2026-10-06,EUU,OPT,EUUU7 P1290,2027-09-03,P,1.29,0.143300000,3,
2026-10-06,EUU,OPT,EUUU7 P1300,2027-09-03,P,1.3,0.152700000,3,
2026-10-06,EUU,OPT,EUUU7 P1310,2027-09-03,P,1.31,0.162100000,3,
2026-10-06,EUU,OPT,EUUU7 P1320,2027-09-03,P,1.32,0.171600000,3,
2026-10-06,EUU,OPT,EUUU7 P1330,2027-09-03,P,1.33,0.181100000,3,
2026-10-06,EUU,OPT,EUUU7 P1340,2027-09-03,P,1.34,0.190600000,3,
2026-10-06,EUU,OPT,EUUU7 P1350,2027-09-03,P,1.35,0.200100000,3,
2026-10-06,EUU,OPT,EUUU7 P1360,2027-09-03,P,1.36,0.209700000,3,
2026-10-06,EUU,OPT,EUUU7 P1370,2027-09-03,P,1.37,0.219200000,3,
2026-10-06,EUU,OPT,EUUU7 P1380,2027-09-03,P,1.38,0.228700000,3,
2026-10-06,EUU,OPT,EUUU7 P1390,2027-09-03,P,1.39,0.238300000,3,
2026-10-06,EUU,OPT,EUUU7 P1400,2027-09-03,P,1.4,0.247900000,3,
2026-10-06,EUU,OPT,EUUU7 P1450,2027-09-03,P,1.45,0.295700000,3,
2026-10-06,EUU,OPT,EUUU7 P1500,2027-09-03,P,1.5,0.343700000,3,
2026-10-06,EUU,OPT,EUUU7 P1600,2027-09-03,P,1.6,0.439700000,3,
2026-10-06,EUU,OPT,EUUZ7 C1000,2027-12-03,C,1,0.144700000,3,
2026-10-06,EUU,OPT,EUUZ7 C1010,2027-12-03,C,1.01,0.135800000,3,
2026-10-06,EUU,OPT,EUUZ7 C1020,2027-12-03,C,1.02,0.126900000,3,
2026-10-06,EUU,OPT,EUUZ7 C1030,2027-12-03,C,1.03,0.118100000,3,
2026-10-06,EUU,OPT,EUUZ7 C1040,2027-12-03,C,1.04,0.109500000,3,
2026-10-06,EUU,OPT,EUUZ7 C1050,2027-12-03,C,1.05,0.100900000,3,
2026-10-06,EUU,OPT,EUUZ7 C1060,2027-12-03,C,1.06,0.092500000,3,
2026-10-06,EUU,OPT,EUUZ7 C1070,2027-12-03,C,1.07,0.084300000,3,
2026-10-06,EUU,OPT,EUUZ7 C1080,2027-12-03,C,1.08,0.076400000,3,
2026-10-06,EUU,OPT,EUUZ7 C1090,2027-12-03,C,1.09,0.068800000,3,
2026-10-06,EUU,OPT,EUUZ7 C1095,2027-12-03,C,1.095,0.065100000,3,
2026-10-06,EUU,OPT,EUUZ7 C1100,2027-12-03,C,1.1,0.061400000,3,
2026-10-06,EUU,OPT,EUUZ7 C1105,2027-12-03,C,1.105,0.057900000,3,
2026-10-06,EUU,OPT,EUUZ7 C1110,2027-12-03,C,1.11,0.054400000,3,
2026-10-06,EUU,OPT,EUUZ7 C1115,2027-12-03,C,1.115,0.051000000,3,
2026-10-06,EUU,OPT,EUUZ7 C1120,2027-12-03,C,1.12,0.047700000,3,
2026-10-06,EUU,OPT,EUUZ7 C1125,2027-12-03,C,1.125,0.044600000,3,
2026-10-06,EUU,OPT,EUUZ7 C1130,2027-12-03,C,1.13,0.041500000,3,
2026-10-06,EUU,OPT,EUUZ7 C1135,2027-12-03,C,1.135,0.038600000,3,
2026-10-06,EUU,OPT,EUUZ7 C1140,2027-12-03,C,1.14,0.035900000,3,
2026-10-06,EUU,OPT,EUUZ7 C1145,2027-12-03,C,1.145,0.033200000,3,
2026-10-06,EUU,OPT,EUUZ7 C1150,2027-12-03,C,1.15,0.030700000,3,
2026-10-06,EUU,OPT,EUUZ7 C1155,2027-12-03,C,1.155,0.028300000,3,
2026-10-06,EUU,OPT,EUUZ7 C1160,2027-12-03,C,1.16,0.026100000,3,
2026-10-06,EUU,OPT,EUUZ7 C1165,2027-12-03,C,1.165,0.024000000,3,
2026-10-06,EUU,OPT,EUUZ7 C1170,2027-12-03,C,1.17,0.022000000,3,
2026-10-06,EUU,OPT,EUUZ7 C1175,2027-12-03,C,1.175,0.020200000,3,
2026-10-06,EUU,OPT,EUUZ7 C1180,2027-12-03,C,1.18,0.018500000,3,
2026-10-06,EUU,OPT,EUUZ7 C1185,2027-12-03,C,1.185,0.017000000,3,
2026-10-06,EUU,OPT,EUUZ7 C1190,2027-12-03,C,1.19,0.015500000,3,
2026-10-06,EUU,OPT,EUUZ7 C1195,2027-12-03,C,1.195,0.014200000,3,
2026-10-06,EUU,OPT,EUUZ7 C1200,2027-12-03,C,1.2,0.013000000,3,
2026-10-06,EUU,OPT,EUUZ7 C1205,2027-12-03,C,1.205,0.011900000,3,
2026-10-06,EUU,OPT,EUUZ7 C1210,2027-12-03,C,1.21,0.010900000,3,
2026-10-06,EUU,OPT,EUUZ7 C1215,2027-12-03,C,1.215,0.010000000,3,
2026-10-06,EUU,OPT,EUUZ7 C1220,2027-12-03,C,1.22,0.009100000,3,
2026-10-06,EUU,OPT,EUUZ7 C1225,2027-12-03,C,1.225,0.008400000,3,
2026-10-06,EUU,OPT,EUUZ7 C1230,2027-12-03,C,1.23,0.007700000,3,
2026-10-06,EUU,OPT,EUUZ7 C1235,2027-12-03,C,1.235,0.007100000,3,
2026-10-06,EUU,OPT,EUUZ7 C1240,2027-12-03,C,1.24,0.006500000,3,
2026-10-06,EUU,OPT,EUUZ7 C1245,2027-12-03,C,1.245,0.006000000,3,
2026-10-06,EUU,OPT,EUUZ7 C1250,2027-12-03,C,1.25,0.005600000,3,
2026-10-06,EUU,OPT,EUUZ7 C1255,2027-12-03,C,1.255,0.005100000,3,
2026-10-06,EUU,OPT,EUUZ7 C1260,2027-12-03,C,1.26,0.004800000,3,
2026-10-06,EUU,OPT,EUUZ7 C1265,2027-12-03,C,1.265,0.004400000,3,
2026-10-06,EUU,OPT,EUUZ7 C1270,2027-12-03,C,1.27,0.004100000,3,
2026-10-06,EUU,OPT,EUUZ7 C1275,2027-12-03,C,1.275,0.003800000,3,
2026-10-06,EUU,OPT,EUUZ7 C1280,2027-12-03,C,1.28,0.003500000,3,
2026-10-06,EUU,OPT,EUUZ7 C1290,2027-12-03,C,1.29,0.003100000,3,
2026-10-06,EUU,OPT,EUUZ7 C1300,2027-12-03,C,1.3,0.002700000,3,
2026-10-06,EUU,OPT,EUUZ7 C1310,2027-12-03,C,1.31,0.002400000,3,
2026-10-06,EUU,OPT,EUUZ7 C1320,2027-12-03,C,1.32,0.002100000,3,
2026-10-06,EUU,OPT,EUUZ7 C1330,2027-12-03,C,1.33,0.001900000,3,
2026-10-06,EUU,OPT,EUUZ7 C1340,2027-12-03,C,1.34,0.001700000,3,
2026-10-06,EUU,OPT,EUUZ7 C1350,2027-12-03,C,1.35,0.001500000,3,
2026-10-06,EUU,OPT,EUUZ7 C1360,2027-12-03,C,1.36,0.001400000,3,4
2026-10-06,EUU,OPT,EUUZ7 C1370,2027-12-03,C,1.37,0.001300000,3,
2026-10-06,EUU,OPT,EUUZ7 C1380,2027-12-03,C,1.38,0.001100000,3,
2026-10-06,EUU,OPT,EUUZ7 P1000,2027-12-03,P,1,0.004700000,3,
2026-10-06,EUU,OPT,EUUZ7 P1010,2027-12-03,P,1.01,0.005300000,3,
2026-10-06,EUU,OPT,EUUZ7 P1020,2027-12-03,P,1.02,0.005900000,3,
2026-10-06,EUU,OPT,EUUZ7 P1030,2027-12-03,P,1.03,0.006700000,3,
2026-10-06,EUU,OPT,EUUZ7 P1040,2027-12-03,P,1.04,0.007500000,3,4
2026-10-06,EUU,OPT,EUUZ7 P1050,2027-12-03,P,1.05,0.008500000,3,
2026-10-06,EUU,OPT,EUUZ7 P1060,2027-12-03,P,1.06,0.009600000,3,215
2026-10-06,EUU,OPT,EUUZ7 P1070,2027-12-03,P,1.07,0.010900000,3,
2026-10-06,EUU,OPT,EUUZ7 P1080,2027-12-03,P,1.08,0.012400000,3,
2026-10-06,EUU,OPT,EUUZ7 P1090,2027-12-03,P,1.09,0.014300000,3,
2026-10-06,EUU,OPT,EUUZ7 P1095,2027-12-03,P,1.095,0.015300000,3,
2026-10-06,EUU,OPT,EUUZ7 P1100,2027-12-03,P,1.1,0.016400000,3,1
2026-10-06,EUU,OPT,EUUZ7 P1105,2027-12-03,P,1.105,0.017600000,3,
2026-10-06,EUU,OPT,EUUZ7 P1110,2027-12-03,P,1.11,0.018900000,3,
2026-10-06,EUU,OPT,EUUZ7 P1115,2027-12-03,P,1.115,0.020300000,3,
2026-10-06,EUU,OPT,EUUZ7 P1120,2027-12-03,P,1.12,0.021800000,3,
2026-10-06,EUU,OPT,EUUZ7 P1125,2027-12-03,P,1.125,0.023300000,3,
2026-10-06,EUU,OPT,EUUZ7 P1130,2027-12-03,P,1.13,0.025000000,3,
2026-10-06,EUU,OPT,EUUZ7 P1135,2027-12-03,P,1.135,0.026900000,3,
2026-10-06,EUU,OPT,EUUZ7 P1140,2027-12-03,P,1.14,0.028900000,3,1
2026-10-06,EUU,OPT,EUUZ7 P1145,2027-12-03,P,1.145,0.031000000,3,
2026-10-06,EUU,OPT,EUUZ7 P1150,2027-12-03,P,1.15,0.033200000,3,21
2026-10-06,EUU,OPT,EUUZ7 P1155,2027-12-03,P,1.155,0.035600000,3,
2026-10-06,EUU,OPT,EUUZ7 P1160,2027-12-03,P,1.16,0.038100000,3,
2026-10-06,EUU,OPT,EUUZ7 P1165,2027-12-03,P,1.165,0.040800000,3,
2026-10-06,EUU,OPT,EUUZ7 P1170,2027-12-03,P,1.17,0.043600000,3,
2026-10-06,EUU,OPT,EUUZ7 P1175,2027-12-03,P,1.175,0.046500000,3,
2026-10-06,EUU,OPT,EUUZ7 P1180,2027-12-03,P,1.18,0.049600000,3,
2026-10-06,EUU,OPT,EUUZ7 P1185,2027-12-03,P,1.185,0.052700000,3,
2026-10-06,EUU,OPT,EUUZ7 P1190,2027-12-03,P,1.19,0.056100000,3,
2026-10-06,EUU,OPT,EUUZ7 P1195,2027-12-03,P,1.195,0.059500000,3,
2026-10-06,EUU,OPT,EUUZ7 P1200,2027-12-03,P,1.2,0.063000000,3,
2026-10-06,EUU,OPT,EUUZ7 P1205,2027-12-03,P,1.205,0.066700000,3,
2026-10-06,EUU,OPT,EUUZ7 P1210,2027-12-03,P,1.21,0.070400000,3,
2026-10-06,EUU,OPT,EUUZ7 P1215,2027-12-03,P,1.215,0.074200000,3,
2026-10-06,EUU,OPT,EUUZ7 P1220,2027-12-03,P,1.22,0.078100000,3,
2026-10-06,EUU,OPT,EUUZ7 P1225,2027-12-03,P,1.225,0.082100000,3,
2026-10-06,EUU,OPT,EUUZ7 P1230,2027-12-03,P,1.23,0.086200000,3,
2026-10-06,EUU,OPT,EUUZ7 P1235,2027-12-03,P,1.235,0.090300000,3,
2026-10-06,EUU,OPT,EUUZ7 P1240,2027-12-03,P,1.24,0.094500000,3,
2026-10-06,EUU,OPT,EUUZ7 P1245,2027-12-03,P,1.245,0.098800000,3,
2026-10-06,EUU,OPT,EUUZ7 P1250,2027-12-03,P,1.25,0.103100000,3,
2026-10-06,EUU,OPT,EUUZ7 P1255,2027-12-03,P,1.255,0.107400000,3,
2026-10-06,EUU,OPT,EUUZ7 P1260,2027-12-03,P,1.26,0.111800000,3,
2026-10-06,EUU,OPT,EUUZ7 P1265,2027-12-03,P,1.265,0.116200000,3,
2026-10-06,EUU,OPT,EUUZ7 P1270,2027-12-03,P,1.27,0.120600000,3,
2026-10-06,EUU,OPT,EUUZ7 P1275,2027-12-03,P,1.275,0.125100000,3,
2026-10-06,EUU,OPT,EUUZ7 P1280,2027-12-03,P,1.28,0.129500000,3,
2026-10-06,EUU,OPT,EUUZ7 P1290,2027-12-03,P,1.29,0.138600000,3,
2026-10-06,EUU,OPT,EUUZ7 P1300,2027-12-03,P,1.3,0.147700000,3,
2026-10-06,EUU,OPT,EUUZ7 P1310,2027-12-03,P,1.31,0.156900000,3,
2026-10-06,EUU,OPT,EUUZ7 P1320,2027-12-03,P,1.32,0.166100000,3,
2026-10-06,EUU,OPT,EUUZ7 P1330,2027-12-03,P,1.33,0.175400000,3,
2026-10-06,EUU,OPT,EUUZ7 P1340,2027-12-03,P,1.34,0.184700000,3,
2026-10-06,EUU,OPT,EUUZ7 P1350,2027-12-03,P,1.35,0.194000000,3,
2026-10-06,EUU,OPT,EUUZ7 P1360,2027-12-03,P,1.36,0.203400000,3,
2026-10-06,EUU,OPT,EUUZ7 P1370,2027-12-03,P,1.37,0.212800000,3,
2026-10-06,EUU,OPT,EUUZ7 P1380,2027-12-03,P,1.38,0.222100000,3,
2026-10-06,EUU,OPT,EUUH8 C1000,2028-03-03,C,1,0.145800000,3,
2026-10-06,EUU,OPT,EUUH8 C1010,2028-03-03,C,1.01,0.137100000,3,
2026-10-06,EUU,OPT,EUUH8 C1020,2028-03-03,C,1.02,0.128500000,3,
2026-10-06,EUU,OPT,EUUH8 C1030,2028-03-03,C,1.03,0.120000000,3,
2026-10-06,EUU,OPT,EUUH8 C1040,2028-03-03,C,1.04,0.111700000,3,
2026-10-06,EUU,OPT,EUUH8 C1050,2028-03-03,C,1.05,0.103600000,3,
2026-10-06,EUU,OPT,EUUH8 C1060,2028-03-03,C,1.06,0.095400000,3,
2026-10-06,EUU,OPT,EUUH8 C1070,2028-03-03,C,1.07,0.087300000,3,
2026-10-06,EUU,OPT,EUUH8 C1080,2028-03-03,C,1.08,0.079500000,3,
2026-10-06,EUU,OPT,EUUH8 C1090,2028-03-03,C,1.09,0.071900000,3,
2026-10-06,EUU,OPT,EUUH8 C1100,2028-03-03,C,1.1,0.064500000,3,
2026-10-06,EUU,OPT,EUUH8 C1105,2028-03-03,C,1.105,0.060900000,3,
2026-10-06,EUU,OPT,EUUH8 C1110,2028-03-03,C,1.11,0.057400000,3,
2026-10-06,EUU,OPT,EUUH8 C1115,2028-03-03,C,1.115,0.054000000,3,
2026-10-06,EUU,OPT,EUUH8 C1120,2028-03-03,C,1.12,0.050600000,3,
2026-10-06,EUU,OPT,EUUH8 C1125,2028-03-03,C,1.125,0.047400000,3,
2026-10-06,EUU,OPT,EUUH8 C1130,2028-03-03,C,1.13,0.044200000,3,
2026-10-06,EUU,OPT,EUUH8 C1135,2028-03-03,C,1.135,0.041200000,3,
2026-10-06,EUU,OPT,EUUH8 C1140,2028-03-03,C,1.14,0.038300000,3,
2026-10-06,EUU,OPT,EUUH8 C1145,2028-03-03,C,1.145,0.035600000,3,
2026-10-06,EUU,OPT,EUUH8 C1150,2028-03-03,C,1.15,0.032900000,3,4
2026-10-06,EUU,OPT,EUUH8 C1155,2028-03-03,C,1.155,0.030500000,3,
2026-10-06,EUU,OPT,EUUH8 C1160,2028-03-03,C,1.16,0.028100000,3,
2026-10-06,EUU,OPT,EUUH8 C1165,2028-03-03,C,1.165,0.025900000,3,
2026-10-06,EUU,OPT,EUUH8 C1170,2028-03-03,C,1.17,0.023800000,3,
2026-10-06,EUU,OPT,EUUH8 C1175,2028-03-03,C,1.175,0.021900000,3,
2026-10-06,EUU,OPT,EUUH8 C1180,2028-03-03,C,1.18,0.020100000,3,
2026-10-06,EUU,OPT,EUUH8 C1185,2028-03-03,C,1.185,0.018400000,3,
2026-10-06,EUU,OPT,EUUH8 C1190,2028-03-03,C,1.19,0.016900000,3,
2026-10-06,EUU,OPT,EUUH8 C1195,2028-03-03,C,1.195,0.015500000,3,
2026-10-06,EUU,OPT,EUUH8 C1200,2028-03-03,C,1.2,0.014100000,3,
2026-10-06,EUU,OPT,EUUH8 C1205,2028-03-03,C,1.205,0.012900000,3,
2026-10-06,EUU,OPT,EUUH8 C1210,2028-03-03,C,1.21,0.011900000,3,
2026-10-06,EUU,OPT,EUUH8 C1215,2028-03-03,C,1.215,0.010900000,3,
2026-10-06,EUU,OPT,EUUH8 C1220,2028-03-03,C,1.22,0.010000000,3,
2026-10-06,EUU,OPT,EUUH8 C1225,2028-03-03,C,1.225,0.009200000,3,
2026-10-06,EUU,OPT,EUUH8 C1230,2028-03-03,C,1.23,0.008400000,3,
2026-10-06,EUU,OPT,EUUH8 C1235,2028-03-03,C,1.235,0.007800000,3,
2026-10-06,EUU,OPT,EUUH8 C1240,2028-03-03,C,1.24,0.007200000,3,
2026-10-06,EUU,OPT,EUUH8 C1245,2028-03-03,C,1.245,0.006600000,3,
2026-10-06,EUU,OPT,EUUH8 C1250,2028-03-03,C,1.25,0.006100000,3,
2026-10-06,EUU,OPT,EUUH8 C1255,2028-03-03,C,1.255,0.005700000,3,
2026-10-06,EUU,OPT,EUUH8 C1260,2028-03-03,C,1.26,0.005300000,3,
2026-10-06,EUU,OPT,EUUH8 C1270,2028-03-03,C,1.27,0.004600000,3,
2026-10-06,EUU,OPT,EUUH8 C1280,2028-03-03,C,1.28,0.004000000,3,
2026-10-06,EUU,OPT,EUUH8 C1290,2028-03-03,C,1.29,0.003500000,3,
2026-10-06,EUU,OPT,EUUH8 C1300,2028-03-03,C,1.3,0.003100000,3,
2026-10-06,EUU,OPT,EUUH8 C1310,2028-03-03,C,1.31,0.002700000,3,
2026-10-06,EUU,OPT,EUUH8 C1320,2028-03-03,C,1.32,0.002400000,3,
2026-10-06,EUU,OPT,EUUH8 C1330,2028-03-03,C,1.33,0.002200000,3,
2026-10-06,EUU,OPT,EUUH8 C1340,2028-03-03,C,1.34,0.002000000,3,
2026-10-06,EUU,OPT,EUUH8 C1350,2028-03-03,C,1.35,0.001900000,3,
2026-10-06,EUU,OPT,EUUH8 P1000,2028-03-03,P,1,0.003100000,3,
2026-10-06,EUU,OPT,EUUH8 P1010,2028-03-03,P,1.01,0.003800000,3,
2026-10-06,EUU,OPT,EUUH8 P1020,2028-03-03,P,1.02,0.004600000,3,
2026-10-06,EUU,OPT,EUUH8 P1030,2028-03-03,P,1.03,0.005500000,3,
2026-10-06,EUU,OPT,EUUH8 P1040,2028-03-03,P,1.04,0.006600000,3,
2026-10-06,EUU,OPT,EUUH8 P1050,2028-03-03,P,1.05,0.007900000,3,
2026-10-06,EUU,OPT,EUUH8 P1060,2028-03-03,P,1.06,0.009000000,3,
2026-10-06,EUU,OPT,EUUH8 P1070,2028-03-03,P,1.07,0.010400000,3,
2026-10-06,EUU,OPT,EUUH8 P1080,2028-03-03,P,1.08,0.011900000,3,
2026-10-06,EUU,OPT,EUUH8 P1090,2028-03-03,P,1.09,0.013700000,3,
2026-10-06,EUU,OPT,EUUH8 P1100,2028-03-03,P,1.1,0.015700000,3,
2026-10-06,EUU,OPT,EUUH8 P1105,2028-03-03,P,1.105,0.016800000,3,
2026-10-06,EUU,OPT,EUUH8 P1110,2028-03-03,P,1.11,0.018000000,3,
2026-10-06,EUU,OPT,EUUH8 P1115,2028-03-03,P,1.115,0.019200000,3,
2026-10-06,EUU,OPT,EUUH8 P1120,2028-03-03,P,1.12,0.020600000,3,
2026-10-06,EUU,OPT,EUUH8 P1125,2028-03-03,P,1.125,0.022000000,3,
2026-10-06,EUU,OPT,EUUH8 P1130,2028-03-03,P,1.13,0.023600000,3,
2026-10-06,EUU,OPT,EUUH8 P1135,2028-03-03,P,1.135,0.025200000,3,
2026-10-06,EUU,OPT,EUUH8 P1140,2028-03-03,P,1.14,0.027000000,3,
2026-10-06,EUU,OPT,EUUH8 P1145,2028-03-03,P,1.145,0.029000000,3,
2026-10-06,EUU,OPT,EUUH8 P1150,2028-03-03,P,1.15,0.031100000,3,1
2026-10-06,EUU,OPT,EUUH8 P1155,2028-03-03,P,1.155,0.033300000,3,
2026-10-06,EUU,OPT,EUUH8 P1160,2028-03-03,P,1.16,0.035600000,3,1
2026-10-06,EUU,OPT,EUUH8 P1165,2028-03-03,P,1.165,0.038100000,3,
2026-10-06,EUU,OPT,EUUH8 P1170,2028-03-03,P,1.17,0.040700000,3,
2026-10-06,EUU,OPT,EUUH8 P1175,2028-03-03,P,1.175,0.043500000,3,
2026-10-06,EUU,OPT,EUUH8 P1180,2028-03-03,P,1.18,0.046400000,3,
2026-10-06,EUU,OPT,EUUH8 P1185,2028-03-03,P,1.185,0.049400000,3,
2026-10-06,EUU,OPT,EUUH8 P1190,2028-03-03,P,1.19,0.052500000,3,
2026-10-06,EUU,OPT,EUUH8 P1195,2028-03-03,P,1.195,0.055800000,3,
2026-10-06,EUU,OPT,EUUH8 P1200,2028-03-03,P,1.2,0.059200000,3,
2026-10-06,EUU,OPT,EUUH8 P1205,2028-03-03,P,1.205,0.062700000,3,
2026-10-06,EUU,OPT,EUUH8 P1210,2028-03-03,P,1.21,0.066300000,3,
2026-10-06,EUU,OPT,EUUH8 P1215,2028-03-03,P,1.215,0.070000000,3,
2026-10-06,EUU,OPT,EUUH8 P1220,2028-03-03,P,1.22,0.073800000,3,
2026-10-06,EUU,OPT,EUUH8 P1225,2028-03-03,P,1.225,0.077700000,3,
2026-10-06,EUU,OPT,EUUH8 P1230,2028-03-03,P,1.23,0.081600000,3,
2026-10-06,EUU,OPT,EUUH8 P1235,2028-03-03,P,1.235,0.085700000,3,
2026-10-06,EUU,OPT,EUUH8 P1240,2028-03-03,P,1.24,0.089800000,3,
2026-10-06,EUU,OPT,EUUH8 P1245,2028-03-03,P,1.245,0.093900000,3,
2026-10-06,EUU,OPT,EUUH8 P1250,2028-03-03,P,1.25,0.098100000,3,
2026-10-06,EUU,OPT,EUUH8 P1255,2028-03-03,P,1.255,0.102400000,3,
2026-10-06,EUU,OPT,EUUH8 P1260,2028-03-03,P,1.26,0.106700000,3,
2026-10-06,EUU,OPT,EUUH8 P1270,2028-03-03,P,1.27,0.115300000,3,
2026-10-06,EUU,OPT,EUUH8 P1280,2028-03-03,P,1.28,0.124200000,3,
2026-10-06,EUU,OPT,EUUH8 P1290,2028-03-03,P,1.29,0.133000000,3,
2026-10-06,EUU,OPT,EUUH8 P1300,2028-03-03,P,1.3,0.142000000,3,
2026-10-06,EUU,OPT,EUUH8 P1310,2028-03-03,P,1.31,0.151000000,3,
2026-10-06,EUU,OPT,EUUH8 P1320,2028-03-03,P,1.32,0.160100000,3,
2026-10-06,EUU,OPT,EUUH8 P1330,2028-03-03,P,1.33,0.169300000,3,
2026-10-06,EUU,OPT,EUUH8 P1340,2028-03-03,P,1.34,0.178500000,3,
2026-10-06,EUU,OPT,EUUH8 P1350,2028-03-03,P,1.35,0.187700000,3,
2026-10-06,EUU,OPT,EUUM8 C1010,2028-06-09,C,1.01,0.142300000,3,
2026-10-06,EUU,OPT,EUUM8 C1020,2028-06-09,C,1.02,0.133800000,3,
2026-10-06,EUU,OPT,EUUM8 C1030,2028-06-09,C,1.03,0.125400000,3,
2026-10-06,EUU,OPT,EUUM8 C1040,2028-06-09,C,1.04,0.117200000,3,
2026-10-06,EUU,OPT,EUUM8 C1050,2028-06-09,C,1.05,0.109000000,3,
2026-10-06,EUU,OPT,EUUM8 C1060,2028-06-09,C,1.06,0.101000000,3,
2026-10-06,EUU,OPT,EUUM8 C1070,2028-06-09,C,1.07,0.093200000,3,
2026-10-06,EUU,OPT,EUUM8 C1080,2028-06-09,C,1.08,0.085600000,3,
2026-10-06,EUU,OPT,EUUM8 C1090,2028-06-09,C,1.09,0.078200000,3,
2026-10-06,EUU,OPT,EUUM8 C1100,2028-06-09,C,1.1,0.071100000,3,
2026-10-06,EUU,OPT,EUUM8 C1105,2028-06-09,C,1.105,0.067600000,3,
2026-10-06,EUU,OPT,EUUM8 C1110,2028-06-09,C,1.11,0.064200000,3,
2026-10-06,EUU,OPT,EUUM8 C1115,2028-06-09,C,1.115,0.060900000,3,
2026-10-06,EUU,OPT,EUUM8 C1120,2028-06-09,C,1.12,0.057600000,3,
2026-10-06,EUU,OPT,EUUM8 C1125,2028-06-09,C,1.125,0.054500000,3,
2026-10-06,EUU,OPT,EUUM8 C1130,2028-06-09,C,1.13,0.051400000,3,
2026-10-06,EUU,OPT,EUUM8 C1135,2028-06-09,C,1.135,0.048400000,3,
2026-10-06,EUU,OPT,EUUM8 C1140,2028-06-09,C,1.14,0.045500000,3,
2026-10-06,EUU,OPT,EUUM8 C1145,2028-06-09,C,1.145,0.042700000,3,
2026-10-06,EUU,OPT,EUUM8 C1150,2028-06-09,C,1.15,0.040100000,3,
2026-10-06,EUU,OPT,EUUM8 C1155,2028-06-09,C,1.155,0.037500000,3,
2026-10-06,EUU,OPT,EUUM8 C1160,2028-06-09,C,1.16,0.035000000,3,
2026-10-06,EUU,OPT,EUUM8 C1165,2028-06-09,C,1.165,0.032700000,3,
2026-10-06,EUU,OPT,EUUM8 C1170,2028-06-09,C,1.17,0.030500000,3,
2026-10-06,EUU,OPT,EUUM8 C1175,2028-06-09,C,1.175,0.028400000,3,
2026-10-06,EUU,OPT,EUUM8 C1180,2028-06-09,C,1.18,0.026400000,3,
2026-10-06,EUU,OPT,EUUM8 C1185,2028-06-09,C,1.185,0.024500000,3,
2026-10-06,EUU,OPT,EUUM8 C1190,2028-06-09,C,1.19,0.022800000,3,
2026-10-06,EUU,OPT,EUUM8 C1195,2028-06-09,C,1.195,0.021200000,3,
2026-10-06,EUU,OPT,EUUM8 C1200,2028-06-09,C,1.2,0.019700000,3,
2026-10-06,EUU,OPT,EUUM8 C1205,2028-06-09,C,1.205,0.018300000,3,
2026-10-06,EUU,OPT,EUUM8 C1210,2028-06-09,C,1.21,0.017000000,3,
2026-10-06,EUU,OPT,EUUM8 C1215,2028-06-09,C,1.215,0.015800000,3,
2026-10-06,EUU,OPT,EUUM8 C1220,2028-06-09,C,1.22,0.014700000,3,
2026-10-06,EUU,OPT,EUUM8 C1225,2028-06-09,C,1.225,0.013700000,3,
2026-10-06,EUU,OPT,EUUM8 C1230,2028-06-09,C,1.23,0.012800000,3,
2026-10-06,EUU,OPT,EUUM8 C1235,2028-06-09,C,1.235,0.011900000,3,
2026-10-06,EUU,OPT,EUUM8 C1240,2028-06-09,C,1.24,0.011100000,3,
2026-10-06,EUU,OPT,EUUM8 C1245,2028-06-09,C,1.245,0.010400000,3,
2026-10-06,EUU,OPT,EUUM8 C1250,2028-06-09,C,1.25,0.009800000,3,
2026-10-06,EUU,OPT,EUUM8 C1260,2028-06-09,C,1.26,0.008600000,3,
2026-10-06,EUU,OPT,EUUM8 C1270,2028-06-09,C,1.27,0.007600000,3,
2026-10-06,EUU,OPT,EUUM8 C1280,2028-06-09,C,1.28,0.006800000,3,
2026-10-06,EUU,OPT,EUUM8 C1290,2028-06-09,C,1.29,0.006100000,3,
2026-10-06,EUU,OPT,EUUM8 C1300,2028-06-09,C,1.3,0.005500000,3,
2026-10-06,EUU,OPT,EUUM8 C1310,2028-06-09,C,1.31,0.005100000,3,
2026-10-06,EUU,OPT,EUUM8 C1320,2028-06-09,C,1.32,0.004600000,3,
2026-10-06,EUU,OPT,EUUM8 C1330,2028-06-09,C,1.33,0.004000000,3,
2026-10-06,EUU,OPT,EUUM8 C1340,2028-06-09,C,1.34,0.003500000,3,
2026-10-06,EUU,OPT,EUUM8 P1010,2028-06-09,P,1.01,0.006100000,3,
2026-10-06,EUU,OPT,EUUM8 P1020,2028-06-09,P,1.02,0.006900000,3,222
2026-10-06,EUU,OPT,EUUM8 P1030,2028-06-09,P,1.03,0.007800000,3,
2026-10-06,EUU,OPT,EUUM8 P1040,2028-06-09,P,1.04,0.008800000,3,
2026-10-06,EUU,OPT,EUUM8 P1050,2028-06-09,P,1.05,0.010000000,3,
2026-10-06,EUU,OPT,EUUM8 P1060,2028-06-09,P,1.06,0.011200000,3,
2026-10-06,EUU,OPT,EUUM8 P1070,2028-06-09,P,1.07,0.012700000,3,
2026-10-06,EUU,OPT,EUUM8 P1080,2028-06-09,P,1.08,0.014300000,3,
2026-10-06,EUU,OPT,EUUM8 P1090,2028-06-09,P,1.09,0.016200000,3,
2026-10-06,EUU,OPT,EUUM8 P1100,2028-06-09,P,1.1,0.018300000,3,3
2026-10-06,EUU,OPT,EUUM8 P1105,2028-06-09,P,1.105,0.019500000,3,
2026-10-06,EUU,OPT,EUUM8 P1110,2028-06-09,P,1.11,0.020700000,3,
2026-10-06,EUU,OPT,EUUM8 P1115,2028-06-09,P,1.115,0.022000000,3,
2026-10-06,EUU,OPT,EUUM8 P1120,2028-06-09,P,1.12,0.023400000,3,
2026-10-06,EUU,OPT,EUUM8 P1125,2028-06-09,P,1.125,0.024900000,3,
2026-10-06,EUU,OPT,EUUM8 P1130,2028-06-09,P,1.13,0.026500000,3,
2026-10-06,EUU,OPT,EUUM8 P1135,2028-06-09,P,1.135,0.028100000,3,
2026-10-06,EUU,OPT,EUUM8 P1140,2028-06-09,P,1.14,0.029900000,3,
2026-10-06,EUU,OPT,EUUM8 P1145,2028-06-09,P,1.145,0.031700000,3,
2026-10-06,EUU,OPT,EUUM8 P1150,2028-06-09,P,1.15,0.033700000,3,
2026-10-06,EUU,OPT,EUUM8 P1155,2028-06-09,P,1.155,0.035700000,3,
2026-10-06,EUU,OPT,EUUM8 P1160,2028-06-09,P,1.16,0.037900000,3,
2026-10-06,EUU,OPT,EUUM8 P1165,2028-06-09,P,1.165,0.040200000,3,
2026-10-06,EUU,OPT,EUUM8 P1170,2028-06-09,P,1.17,0.042600000,3,
2026-10-06,EUU,OPT,EUUM8 P1175,2028-06-09,P,1.175,0.045100000,3,
2026-10-06,EUU,OPT,EUUM8 P1180,2028-06-09,P,1.18,0.047800000,3,
2026-10-06,EUU,OPT,EUUM8 P1185,2028-06-09,P,1.185,0.050600000,3,
2026-10-06,EUU,OPT,EUUM8 P1190,2028-06-09,P,1.19,0.053400000,3,
2026-10-06,EUU,OPT,EUUM8 P1195,2028-06-09,P,1.195,0.056500000,3,
2026-10-06,EUU,OPT,EUUM8 P1200,2028-06-09,P,1.2,0.059600000,3,
2026-10-06,EUU,OPT,EUUM8 P1205,2028-06-09,P,1.205,0.062800000,3,
2026-10-06,EUU,OPT,EUUM8 P1210,2028-06-09,P,1.21,0.066200000,3,
2026-10-06,EUU,OPT,EUUM8 P1215,2028-06-09,P,1.215,0.069700000,3,
2026-10-06,EUU,OPT,EUUM8 P1220,2028-06-09,P,1.22,0.073200000,3,
2026-10-06,EUU,OPT,EUUM8 P1225,2028-06-09,P,1.225,0.076800000,3,
2026-10-06,EUU,OPT,EUUM8 P1230,2028-06-09,P,1.23,0.080500000,3,
2026-10-06,EUU,OPT,EUUM8 P1235,2028-06-09,P,1.235,0.084300000,3,
2026-10-06,EUU,OPT,EUUM8 P1240,2028-06-09,P,1.24,0.088100000,3,
2026-10-06,EUU,OPT,EUUM8 P1245,2028-06-09,P,1.245,0.092100000,3,
2026-10-06,EUU,OPT,EUUM8 P1250,2028-06-09,P,1.25,0.096000000,3,
2026-10-06,EUU,OPT,EUUM8 P1260,2028-06-09,P,1.26,0.104100000,3,
2026-10-06,EUU,OPT,EUUM8 P1270,2028-06-09,P,1.27,0.112400000,3,
2026-10-06,EUU,OPT,EUUM8 P1280,2028-06-09,P,1.28,0.120900000,3,
2026-10-06,EUU,OPT,EUUM8 P1290,2028-06-09,P,1.29,0.129500000,3,
2026-10-06,EUU,OPT,EUUM8 P1300,2028-06-09,P,1.3,0.138100000,3,
2026-10-06,EUU,OPT,EUUM8 P1310,2028-06-09,P,1.31,0.146900000,3,
2026-10-06,EUU,OPT,EUUM8 P1320,2028-06-09,P,1.32,0.155800000,3,
2026-10-06,EUU,OPT,EUUM8 P1330,2028-06-09,P,1.33,0.164400000,3,
2026-10-06,EUU,OPT,EUUM8 P1340,2028-06-09,P,1.34,0.173100000,3,
2026-10-06,EUU,OPT,EUUU8 C1010,2028-09-08,C,1.01,0.144600000,3,
2026-10-06,EUU,OPT,EUUU8 C1020,2028-09-08,C,1.02,0.136300000,3,
2026-10-06,EUU,OPT,EUUU8 C1030,2028-09-08,C,1.03,0.128100000,3,
2026-10-06,EUU,OPT,EUUU8 C1040,2028-09-08,C,1.04,0.120100000,3,
2026-10-06,EUU,OPT,EUUU8 C1050,2028-09-08,C,1.05,0.112200000,3,
2026-10-06,EUU,OPT,EUUU8 C1060,2028-09-08,C,1.06,0.104500000,3,
2026-10-06,EUU,OPT,EUUU8 C1070,2028-09-08,C,1.07,0.096900000,3,
2026-10-06,EUU,OPT,EUUU8 C1080,2028-09-08,C,1.08,0.089600000,3,
2026-10-06,EUU,OPT,EUUU8 C1090,2028-09-08,C,1.09,0.082400000,3,
2026-10-06,EUU,OPT,EUUU8 C1100,2028-09-08,C,1.1,0.075500000,3,
2026-10-06,EUU,OPT,EUUU8 C1110,2028-09-08,C,1.11,0.068900000,3,
2026-10-06,EUU,OPT,EUUU8 C1115,2028-09-08,C,1.115,0.065600000,3,
2026-10-06,EUU,OPT,EUUU8 C1120,2028-09-08,C,1.12,0.062400000,3,
2026-10-06,EUU,OPT,EUUU8 C1125,2028-09-08,C,1.125,0.059300000,3,
2026-10-06,EUU,OPT,EUUU8 C1130,2028-09-08,C,1.13,0.056300000,3,
2026-10-06,EUU,OPT,EUUU8 C1135,2028-09-08,C,1.135,0.053300000,3,
2026-10-06,EUU,OPT,EUUU8 C1140,2028-09-08,C,1.14,0.050500000,3,
2026-10-06,EUU,OPT,EUUU8 C1145,2028-09-08,C,1.145,0.047700000,3,
2026-10-06,EUU,OPT,EUUU8 C1150,2028-09-08,C,1.15,0.044900000,3,
2026-10-06,EUU,OPT,EUUU8 C1155,2028-09-08,C,1.155,0.042300000,3,
2026-10-06,EUU,OPT,EUUU8 C1160,2028-09-08,C,1.16,0.039700000,3,
2026-10-06,EUU,OPT,EUUU8 C1165,2028-09-08,C,1.165,0.037300000,3,
2026-10-06,EUU,OPT,EUUU8 C1170,2028-09-08,C,1.17,0.035000000,3,
2026-10-06,EUU,OPT,EUUU8 C1175,2028-09-08,C,1.175,0.032700000,3,
2026-10-06,EUU,OPT,EUUU8 C1180,2028-09-08,C,1.18,0.030600000,3,
2026-10-06,EUU,OPT,EUUU8 C1185,2028-09-08,C,1.185,0.028600000,3,
2026-10-06,EUU,OPT,EUUU8 C1190,2028-09-08,C,1.19,0.026800000,3,
2026-10-06,EUU,OPT,EUUU8 C1195,2028-09-08,C,1.195,0.025000000,3,
2026-10-06,EUU,OPT,EUUU8 C1200,2028-09-08,C,1.2,0.023400000,3,
2026-10-06,EUU,OPT,EUUU8 C1205,2028-09-08,C,1.205,0.021900000,3,
2026-10-06,EUU,OPT,EUUU8 C1210,2028-09-08,C,1.21,0.020400000,3,
2026-10-06,EUU,OPT,EUUU8 C1215,2028-09-08,C,1.215,0.019100000,3,
2026-10-06,EUU,OPT,EUUU8 C1220,2028-09-08,C,1.22,0.017900000,3,
2026-10-06,EUU,OPT,EUUU8 C1225,2028-09-08,C,1.225,0.016800000,3,
2026-10-06,EUU,OPT,EUUU8 C1230,2028-09-08,C,1.23,0.015800000,3,
2026-10-06,EUU,OPT,EUUU8 C1235,2028-09-08,C,1.235,0.014800000,3,
2026-10-06,EUU,OPT,EUUU8 C1240,2028-09-08,C,1.24,0.013800000,3,
2026-10-06,EUU,OPT,EUUU8 C1245,2028-09-08,C,1.245,0.013000000,3,
2026-10-06,EUU,OPT,EUUU8 C1250,2028-09-08,C,1.25,0.012100000,3,
2026-10-06,EUU,OPT,EUUU8 C1260,2028-09-08,C,1.26,0.010600000,3,
2026-10-06,EUU,OPT,EUUU8 C1270,2028-09-08,C,1.27,0.009300000,3,
2026-10-06,EUU,OPT,EUUU8 C1280,2028-09-08,C,1.28,0.008100000,3,
2026-10-06,EUU,OPT,EUUU8 C1290,2028-09-08,C,1.29,0.007100000,3,
2026-10-06,EUU,OPT,EUUU8 C1300,2028-09-08,C,1.3,0.006200000,3,
2026-10-06,EUU,OPT,EUUU8 C1310,2028-09-08,C,1.31,0.005400000,3,
2026-10-06,EUU,OPT,EUUU8 C1320,2028-09-08,C,1.32,0.004700000,3,
2026-10-06,EUU,OPT,EUUU8 C1330,2028-09-08,C,1.33,0.004100000,3,
2026-10-06,EUU,OPT,EUUU8 C1340,2028-09-08,C,1.34,0.003600000,3,
2026-10-06,EUU,OPT,EUUU8 P1010,2028-09-08,P,1.01,0.005600000,3,
2026-10-06,EUU,OPT,EUUU8 P1020,2028-09-08,P,1.02,0.006500000,3,
2026-10-06,EUU,OPT,EUUU8 P1030,2028-09-08,P,1.03,0.007500000,3,
2026-10-06,EUU,OPT,EUUU8 P1040,2028-09-08,P,1.04,0.008700000,3,
2026-10-06,EUU,OPT,EUUU8 P1050,2028-09-08,P,1.05,0.009900000,3,
2026-10-06,EUU,OPT,EUUU8 P1060,2028-09-08,P,1.06,0.011400000,3,
2026-10-06,EUU,OPT,EUUU8 P1070,2028-09-08,P,1.07,0.013000000,3,
2026-10-06,EUU,OPT,EUUU8 P1080,2028-09-08,P,1.08,0.014800000,3,
2026-10-06,EUU,OPT,EUUU8 P1090,2028-09-08,P,1.09,0.016800000,3,
2026-10-06,EUU,OPT,EUUU8 P1100,2028-09-08,P,1.1,0.019000000,3,
2026-10-06,EUU,OPT,EUUU8 P1110,2028-09-08,P,1.11,0.021500000,3,
2026-10-06,EUU,OPT,EUUU8 P1115,2028-09-08,P,1.115,0.022800000,3,
2026-10-06,EUU,OPT,EUUU8 P1120,2028-09-08,P,1.12,0.024300000,3,
2026-10-06,EUU,OPT,EUUU8 P1125,2028-09-08,P,1.125,0.025700000,3,
2026-10-06,EUU,OPT,EUUU8 P1130,2028-09-08,P,1.13,0.027300000,3,
2026-10-06,EUU,OPT,EUUU8 P1135,2028-09-08,P,1.135,0.028900000,3,
2026-10-06,EUU,OPT,EUUU8 P1140,2028-09-08,P,1.14,0.030600000,3,
2026-10-06,EUU,OPT,EUUU8 P1145,2028-09-08,P,1.145,0.032400000,3,
2026-10-06,EUU,OPT,EUUU8 P1150,2028-09-08,P,1.15,0.034200000,3,
2026-10-06,EUU,OPT,EUUU8 P1155,2028-09-08,P,1.155,0.036200000,3,
2026-10-06,EUU,OPT,EUUU8 P1160,2028-09-08,P,1.16,0.038200000,3,
2026-10-06,EUU,OPT,EUUU8 P1165,2028-09-08,P,1.165,0.040300000,3,
2026-10-06,EUU,OPT,EUUU8 P1170,2028-09-08,P,1.17,0.042600000,3,
2026-10-06,EUU,OPT,EUUU8 P1175,2028-09-08,P,1.175,0.044900000,3,
2026-10-06,EUU,OPT,EUUU8 P1180,2028-09-08,P,1.18,0.047400000,3,
2026-10-06,EUU,OPT,EUUU8 P1185,2028-09-08,P,1.185,0.050000000,3,
2026-10-06,EUU,OPT,EUUU8 P1190,2028-09-08,P,1.19,0.052700000,3,
2026-10-06,EUU,OPT,EUUU8 P1195,2028-09-08,P,1.195,0.055500000,3,
2026-10-06,EUU,OPT,EUUU8 P1200,2028-09-08,P,1.2,0.058400000,3,
2026-10-06,EUU,OPT,EUUU8 P1205,2028-09-08,P,1.205,0.061500000,3,
2026-10-06,EUU,OPT,EUUU8 P1210,2028-09-08,P,1.21,0.064700000,3,
2026-10-06,EUU,OPT,EUUU8 P1215,2028-09-08,P,1.215,0.067900000,3,
2026-10-06,EUU,OPT,EUUU8 P1220,2028-09-08,P,1.22,0.071300000,3,
2026-10-06,EUU,OPT,EUUU8 P1225,2028-09-08,P,1.225,0.074800000,3,
2026-10-06,EUU,OPT,EUUU8 P1230,2028-09-08,P,1.23,0.078300000,3,
2026-10-06,EUU,OPT,EUUU8 P1235,2028-09-08,P,1.235,0.081900000,3,
2026-10-06,EUU,OPT,EUUU8 P1240,2028-09-08,P,1.24,0.085500000,3,
2026-10-06,EUU,OPT,EUUU8 P1245,2028-09-08,P,1.245,0.089200000,3,
2026-10-06,EUU,OPT,EUUU8 P1250,2028-09-08,P,1.25,0.093000000,3,
2026-10-06,EUU,OPT,EUUU8 P1260,2028-09-08,P,1.26,0.100600000,3,
2026-10-06,EUU,OPT,EUUU8 P1270,2028-09-08,P,1.27,0.108500000,3,
2026-10-06,EUU,OPT,EUUU8 P1280,2028-09-08,P,1.28,0.116500000,3,
2026-10-06,EUU,OPT,EUUU8 P1290,2028-09-08,P,1.29,0.124600000,3,
2026-10-06,EUU,OPT,EUUU8 P1300,2028-09-08,P,1.3,0.132800000,3,
2026-10-06,EUU,OPT,EUUU8 P1310,2028-09-08,P,1.31,0.141200000,3,
2026-10-06,EUU,OPT,EUUU8 P1320,2028-09-08,P,1.32,0.149700000,3,
2026-10-06,EUU,OPT,EUUU8 P1330,2028-09-08,P,1.33,0.158200000,3,
2026-10-06,EUU,OPT,EUUU8 P1340,2028-09-08,P,1.34,0.166800000,3,
