session,root,type,symbol,expiry,right,strike,settle,settle_flag,oi
2026-09-17,CHU,OPT,CHUV6 C1140,2026-10-09,C,1.14,0.084400000,3,
2026-09-17,CHU,OPT,CHUV6 C1150,2026-10-09,C,1.15,0.074400000,3,
2026-09-17,CHU,OPT,CHUV6 C1160,2026-10-09,C,1.16,0.064400000,3,
2026-09-17,CHU,OPT,CHUV6 C1170,2026-10-09,C,1.17,0.054500000,3,
2026-09-17,CHU,OPT,CHUV6 C1175,2026-10-09,C,1.175,0.049500000,3,
2026-09-17,CHU,OPT,CHUV6 C1180,2026-10-09,C,1.18,0.044600000,3,
2026-09-17,CHU,OPT,CHUV6 C1185,2026-10-09,C,1.185,0.039700000,3,
2026-09-17,CHU,OPT,CHUV6 C1190,2026-10-09,C,1.19,0.034900000,3,
2026-09-17,CHU,OPT,CHUV6 C1195,2026-10-09,C,1.195,0.030100000,3,
2026-09-17,CHU,OPT,CHUV6 C1200,2026-10-09,C,1.2,0.025400000,3,
2026-09-17,CHU,OPT,CHUV6 C1205,2026-10-09,C,1.205,0.021000000,3,
2026-09-17,CHU,OPT,CHUV6 C1210,2026-10-09,C,1.21,0.016800000,3,
2026-09-17,CHU,OPT,CHUV6 C1215,2026-10-09,C,1.215,0.013000000,3,
2026-09-17,CHU,OPT,CHUV6 C1220,2026-10-09,C,1.22,0.009700000,3,
2026-09-17,CHU,OPT,CHUV6 C1225,2026-10-09,C,1.225,0.007100000,3,1
2026-09-17,CHU,OPT,CHUV6 C1230,2026-10-09,C,1.23,0.005000000,3,1
2026-09-17,CHU,OPT,CHUV6 C1235,2026-10-09,C,1.235,0.003500000,3,1
2026-09-17,CHU,OPT,CHUV6 C1240,2026-10-09,C,1.24,0.002400000,3,
2026-09-17,CHU,OPT,CHUV6 C1245,2026-10-09,C,1.245,0.001600000,3,47
2026-09-17,CHU,OPT,CHUV6 C1250,2026-10-09,C,1.25,0.001100000,3,189
2026-09-17,CHU,OPT,CHUV6 C1255,2026-10-09,C,1.255,0.000800000,3,1117
2026-09-17,CHU,OPT,CHUV6 C1260,2026-10-09,C,1.26,0.000600000,3,92
2026-09-17,CHU,OPT,CHUV6 C1265,2026-10-09,C,1.265,0.000400000,3,141
2026-09-17,CHU,OPT,CHUV6 C1270,2026-10-09,C,1.27,0.000300000,3,3
2026-09-17,CHU,OPT,CHUV6 C1275,2026-10-09,C,1.275,0.000200000,3,46
2026-09-17,CHU,OPT,CHUV6 C1280,2026-10-09,C,1.28,0.000150000,3,2
2026-09-17,CHU,OPT,CHUV6 C1285,2026-10-09,C,1.285,0.000150000,3,2
2026-09-17,CHU,OPT,CHUV6 C1290,2026-10-09,C,1.29,0.000100000,3,203
2026-09-17,CHU,OPT,CHUV6 C1295,2026-10-09,C,1.295,0.000100000,3,3
2026-09-17,CHU,OPT,CHUV6 C1300,2026-10-09,C,1.3,0.000050000,3,1
2026-09-17,CHU,OPT,CHUV6 C1305,2026-10-09,C,1.305,0.000050000,3,4
2026-09-17,CHU,OPT,CHUV6 C1310,2026-10-09,C,1.31,0.000050000,3,2
2026-09-17,CHU,OPT,CHUV6 C1315,2026-10-09,C,1.315,0.000050000,3,11
2026-09-17,CHU,OPT,CHUV6 C1320,2026-10-09,C,1.32,0.000050000,3,13
2026-09-17,CHU,OPT,CHUV6 C1325,2026-10-09,C,1.325,0.000050000,3,11
2026-09-17,CHU,OPT,CHUV6 C1330,2026-10-09,C,1.33,0.000050000,3,1
2026-09-17,CHU,OPT,CHUV6 C1335,2026-10-09,C,1.335,0.000050000,3,
2026-09-17,CHU,OPT,CHUV6 C1340,2026-10-09,C,1.34,0.000050000,3,
2026-09-17,CHU,OPT,CHUV6 C1345,2026-10-09,C,1.345,0.000050000,3,
2026-09-17,CHU,OPT,CHUV6 C1350,2026-10-09,C,1.35,0.000050000,3,
2026-09-17,CHU,OPT,CHUV6 C1355,2026-10-09,C,1.355,0.000050000,3,
2026-09-17,CHU,OPT,CHUV6 C1360,2026-10-09,C,1.36,0.000050000,3,1
2026-09-17,CHU,OPT,CHUV6 C1365,2026-10-09,C,1.365,0.000050000,3,
2026-09-17,CHU,OPT,CHUV6 C1370,2026-10-09,C,1.37,0.000050000,3,
2026-09-17,CHU,OPT,CHUV6 C1375,2026-10-09,C,1.375,0.000050000,3,
2026-09-17,CHU,OPT,CHUV6 C1380,2026-10-09,C,1.38,0.000050000,3,245
2026-09-17,CHU,OPT,CHUV6 C1385,2026-10-09,C,1.385,0.000050000,3,
2026-09-17,CHU,OPT,CHUV6 C1390,2026-10-09,C,1.39,0.000050000,3,
2026-09-17,CHU,OPT,CHUV6 C1395,2026-10-09,C,1.395,0.000050000,3,
2026-09-17,CHU,OPT,CHUV6 C1400,2026-10-09,C,1.4,0.000050000,3,1
2026-09-17,CHU,OPT,CHUV6 C1410,2026-10-09,C,1.41,0.000050000,3,
2026-09-17,CHU,OPT,CHUV6 C1420,2026-10-09,C,1.42,0.000050000,3,
2026-09-17,CHU,OPT,CHUV6 C1430,2026-10-09,C,1.43,0.000050000,3,
2026-09-17,CHU,OPT,CHUV6 C1440,2026-10-09,C,1.44,0.000050000,3,
2026-09-17,CHU,OPT,CHUV6 C1450,2026-10-09,C,1.45,0.000050000,3,1
2026-09-17,CHU,OPT,CHUV6 P1140,2026-10-09,P,1.14,0.000050000,3,
2026-09-17,CHU,OPT,CHUV6 P1150,2026-10-09,P,1.15,0.000050000,3,
2026-09-17,CHU,OPT,CHUV6 P1160,2026-10-09,P,1.16,0.000050000,3,1
2026-09-17,CHU,OPT,CHUV6 P1170,2026-10-09,P,1.17,0.000050000,3,1
2026-09-17,CHU,OPT,CHUV6 P1175,2026-10-09,P,1.175,0.000100000,3,
2026-09-17,CHU,OPT,CHUV6 P1180,2026-10-09,P,1.18,0.000200000,3,24
2026-09-17,CHU,OPT,CHUV6 P1185,2026-10-09,P,1.185,0.000300000,3,
2026-09-17,CHU,OPT,CHUV6 P1190,2026-10-09,P,1.19,0.000400000,3,5
2026-09-17,CHU,OPT,CHUV6 P1195,2026-10-09,P,1.195,0.000600000,3,1
2026-09-17,CHU,OPT,CHUV6 P1200,2026-10-09,P,1.2,0.000900000,3,151
2026-09-17,CHU,OPT,CHUV6 P1205,2026-10-09,P,1.205,0.001500000,3,2
2026-09-17,CHU,OPT,CHUV6 P1210,2026-10-09,P,1.21,0.002300000,3,1
2026-09-17,CHU,OPT,CHUV6 P1215,2026-10-09,P,1.215,0.003500000,3,6
2026-09-17,CHU,OPT,CHUV6 P1220,2026-10-09,P,1.22,0.005200000,3,251
2026-09-17,CHU,OPT,CHUV6 P1225,2026-10-09,P,1.225,0.007500000,3,8
2026-09-17,CHU,OPT,CHUV6 P1230,2026-10-09,P,1.23,0.010400000,3,227
2026-09-17,CHU,OPT,CHUV6 P1235,2026-10-09,P,1.235,0.013900000,3,5
2026-09-17,CHU,OPT,CHUV6 P1240,2026-10-09,P,1.24,0.017800000,3,14
2026-09-17,CHU,OPT,CHUV6 P1245,2026-10-09,P,1.245,0.022000000,3,201
2026-09-17,CHU,OPT,CHUV6 P1250,2026-10-09,P,1.25,0.026500000,3,94
2026-09-17,CHU,OPT,CHUV6 P1255,2026-10-09,P,1.255,0.031200000,3,1141
2026-09-17,CHU,OPT,CHUV6 P1260,2026-10-09,P,1.26,0.035900000,3,90
2026-09-17,CHU,OPT,CHUV6 P1265,2026-10-09,P,1.265,0.040800000,3,147
2026-09-17,CHU,OPT,CHUV6 P1270,2026-10-09,P,1.27,0.045600000,3,190
2026-09-17,CHU,OPT,CHUV6 P1275,2026-10-09,P,1.275,0.050600000,3,68
2026-09-17,CHU,OPT,CHUV6 P1280,2026-10-09,P,1.28,0.055500000,3,190
2026-09-17,CHU,OPT,CHUV6 P1285,2026-10-09,P,1.285,0.060400000,3,48
2026-09-17,CHU,OPT,CHUV6 P1290,2026-10-09,P,1.29,0.065400000,3,22
2026-09-17,CHU,OPT,CHUV6 P1295,2026-10-09,P,1.295,0.070400000,3,152
2026-09-17,CHU,OPT,CHUV6 P1300,2026-10-09,P,1.3,0.075300000,3,
2026-09-17,CHU,OPT,CHUV6 P1305,2026-10-09,P,1.305,0.080300000,3,
2026-09-17,CHU,OPT,CHUV6 P1310,2026-10-09,P,1.31,0.085300000,3,
2026-09-17,CHU,OPT,CHUV6 P1315,2026-10-09,P,1.315,0.090300000,3,
2026-09-17,CHU,OPT,CHUV6 P1320,2026-10-09,P,1.32,0.095200000,3,
2026-09-17,CHU,OPT,CHUV6 P1325,2026-10-09,P,1.325,0.100200000,3,
2026-09-17,CHU,OPT,CHUV6 P1330,2026-10-09,P,1.33,0.105200000,3,
2026-09-17,CHU,OPT,CHUV6 P1335,2026-10-09,P,1.335,0.110200000,3,
2026-09-17,CHU,OPT,CHUV6 P1340,2026-10-09,P,1.34,0.115200000,3,10
2026-09-17,CHU,OPT,CHUV6 P1345,2026-10-09,P,1.345,0.120200000,3,
2026-09-17,CHU,OPT,CHUV6 P1350,2026-10-09,P,1.35,0.125200000,3,
2026-09-17,CHU,OPT,CHUV6 P1355,2026-10-09,P,1.355,0.130100000,3,
2026-09-17,CHU,OPT,CHUV6 P1360,2026-10-09,P,1.36,0.135100000,3,
2026-09-17,CHU,OPT,CHUV6 P1365,2026-10-09,P,1.365,0.140100000,3,
2026-09-17,CHU,OPT,CHUV6 P1370,2026-10-09,P,1.37,0.145100000,3,
2026-09-17,CHU,OPT,CHUV6 P1375,2026-10-09,P,1.375,0.150100000,3,
2026-09-17,CHU,OPT,CHUV6 P1380,2026-10-09,P,1.38,0.155100000,3,
2026-09-17,CHU,OPT,CHUV6 P1385,2026-10-09,P,1.385,0.160100000,3,1
2026-09-17,CHU,OPT,CHUV6 P1390,2026-10-09,P,1.39,0.165100000,3,
2026-09-17,CHU,OPT,CHUV6 P1395,2026-10-09,P,1.395,0.170100000,3,
2026-09-17,CHU,OPT,CHUV6 P1400,2026-10-09,P,1.4,0.175000000,3,
2026-09-17,CHU,OPT,CHUV6 P1410,2026-10-09,P,1.41,0.185000000,3,
2026-09-17,CHU,OPT,CHUV6 P1420,2026-10-09,P,1.42,0.195000000,3,
2026-09-17,CHU,OPT,CHUV6 P1430,2026-10-09,P,1.43,0.205000000,3,
2026-09-17,CHU,OPT,CHUV6 P1440,2026-10-09,P,1.44,0.214900000,3,
2026-09-17,CHU,OPT,CHUV6 P1450,2026-10-09,P,1.45,0.224900000,3,
2026-09-17,CHU,OPT,CHUX6 C1130,2026-11-06,C,1.13,0.094100000,3,
2026-09-17,CHU,OPT,CHUX6 C1140,2026-11-06,C,1.14,0.084200000,3,
2026-09-17,CHU,OPT,CHUX6 C1150,2026-11-06,C,1.15,0.074300000,3,
2026-09-17,CHU,OPT,CHUX6 C1160,2026-11-06,C,1.16,0.064500000,3,
2026-09-17,CHU,OPT,CHUX6 C1170,2026-11-06,C,1.17,0.054800000,3,
2026-09-17,CHU,OPT,CHUX6 C1175,2026-11-06,C,1.175,0.050000000,3,
2026-09-17,CHU,OPT,CHUX6 C1180,2026-11-06,C,1.18,0.045200000,3,
2026-09-17,CHU,OPT,CHUX6 C1185,2026-11-06,C,1.185,0.040600000,3,
2026-09-17,CHU,OPT,CHUX6 C1190,2026-11-06,C,1.19,0.036100000,3,
2026-09-17,CHU,OPT,CHUX6 C1195,2026-11-06,C,1.195,0.031700000,3,
2026-09-17,CHU,OPT,CHUX6 C1200,2026-11-06,C,1.2,0.027600000,3,
2026-09-17,CHU,OPT,CHUX6 C1205,2026-11-06,C,1.205,0.023700000,3,
2026-09-17,CHU,OPT,CHUX6 C1210,2026-11-06,C,1.21,0.020100000,3,
2026-09-17,CHU,OPT,CHUX6 C1215,2026-11-06,C,1.215,0.016800000,3,
2026-09-17,CHU,OPT,CHUX6 C1220,2026-11-06,C,1.22,0.013900000,3,3
2026-09-17,CHU,OPT,CHUX6 C1225,2026-11-06,C,1.225,0.011400000,3,
2026-09-17,CHU,OPT,CHUX6 C1230,2026-11-06,C,1.23,0.009200000,3,1
2026-09-17,CHU,OPT,CHUX6 C1235,2026-11-06,C,1.235,0.007400000,3,40
2026-09-17,CHU,OPT,CHUX6 C1240,2026-11-06,C,1.24,0.005900000,3,1
2026-09-17,CHU,OPT,CHUX6 C1245,2026-11-06,C,1.245,0.004700000,3,
2026-09-17,CHU,OPT,CHUX6 C1250,2026-11-06,C,1.25,0.003700000,3,22
2026-09-17,CHU,OPT,CHUX6 C1255,2026-11-06,C,1.255,0.002900000,3,3
2026-09-17,CHU,OPT,CHUX6 C1260,2026-11-06,C,1.26,0.002300000,3,404
2026-09-17,CHU,OPT,CHUX6 C1265,2026-11-06,C,1.265,0.001800000,3,2
2026-09-17,CHU,OPT,CHUX6 C1270,2026-11-06,C,1.27,0.001400000,3,8
2026-09-17,CHU,OPT,CHUX6 C1275,2026-11-06,C,1.275,0.001200000,3,1
2026-09-17,CHU,OPT,CHUX6 C1280,2026-11-06,C,1.28,0.000900000,3,2
2026-09-17,CHU,OPT,CHUX6 C1285,2026-11-06,C,1.285,0.000800000,3,4
2026-09-17,CHU,OPT,CHUX6 C1290,2026-11-06,C,1.29,0.000600000,3,500
2026-09-17,CHU,OPT,CHUX6 C1295,2026-11-06,C,1.295,0.000500000,3,1
2026-09-17,CHU,OPT,CHUX6 C1300,2026-11-06,C,1.3,0.000400000,3,
2026-09-17,CHU,OPT,CHUX6 C1305,2026-11-06,C,1.305,0.000350000,3,
2026-09-17,CHU,OPT,CHUX6 C1310,2026-11-06,C,1.31,0.000250000,3,12
2026-09-17,CHU,OPT,CHUX6 C1315,2026-11-06,C,1.315,0.000250000,3,
2026-09-17,CHU,OPT,CHUX6 C1320,2026-11-06,C,1.32,0.000200000,3,
2026-09-17,CHU,OPT,CHUX6 C1325,2026-11-06,C,1.325,0.000200000,3,1
2026-09-17,CHU,OPT,CHUX6 C1330,2026-11-06,C,1.33,0.000200000,3,
2026-09-17,CHU,OPT,CHUX6 C1335,2026-11-06,C,1.335,0.000150000,3,
2026-09-17,CHU,OPT,CHUX6 C1340,2026-11-06,C,1.34,0.000150000,3,
2026-09-17,CHU,OPT,CHUX6 C1345,2026-11-06,C,1.345,0.000100000,3,
2026-09-17,CHU,OPT,CHUX6 C1350,2026-11-06,C,1.35,0.000100000,3,4
2026-09-17,CHU,OPT,CHUX6 C1355,2026-11-06,C,1.355,0.000100000,3,
2026-09-17,CHU,OPT,CHUX6 C1360,2026-11-06,C,1.36,0.000100000,3,
2026-09-17,CHU,OPT,CHUX6 C1365,2026-11-06,C,1.365,0.000100000,3,
2026-09-17,CHU,OPT,CHUX6 C1370,2026-11-06,C,1.37,0.000100000,3,4
2026-09-17,CHU,OPT,CHUX6 C1375,2026-11-06,C,1.375,0.000050000,3,12
2026-09-17,CHU,OPT,CHUX6 C1380,2026-11-06,C,1.38,0.000050000,3,
2026-09-17,CHU,OPT,CHUX6 C1385,2026-11-06,C,1.385,0.000050000,3,
2026-09-17,CHU,OPT,CHUX6 C1390,2026-11-06,C,1.39,0.000050000,3,1
2026-09-17,CHU,OPT,CHUX6 C1395,2026-11-06,C,1.395,0.000050000,3,
2026-09-17,CHU,OPT,CHUX6 C1400,2026-11-06,C,1.4,0.000050000,3,1
2026-09-17,CHU,OPT,CHUX6 C1410,2026-11-06,C,1.41,0.000050000,3,
2026-09-17,CHU,OPT,CHUX6 C1420,2026-11-06,C,1.42,0.000050000,3,
2026-09-17,CHU,OPT,CHUX6 C1430,2026-11-06,C,1.43,0.000050000,3,
2026-09-17,CHU,OPT,CHUX6 C1440,2026-11-06,C,1.44,0.000050000,3,
2026-09-17,CHU,OPT,CHUX6 C1450,2026-11-06,C,1.45,0.000050000,3,2
2026-09-17,CHU,OPT,CHUX6 P1130,2026-11-06,P,1.13,0.000050000,3,
2026-09-17,CHU,OPT,CHUX6 P1140,2026-11-06,P,1.14,0.000050000,3,2
2026-09-17,CHU,OPT,CHUX6 P1150,2026-11-06,P,1.15,0.000150000,3,
2026-09-17,CHU,OPT,CHUX6 P1160,2026-11-06,P,1.16,0.000250000,3,
2026-09-17,CHU,OPT,CHUX6 P1170,2026-11-06,P,1.17,0.000500000,3,1
2026-09-17,CHU,OPT,CHUX6 P1175,2026-11-06,P,1.175,0.000700000,3,
2026-09-17,CHU,OPT,CHUX6 P1180,2026-11-06,P,1.18,0.000900000,3,3
2026-09-17,CHU,OPT,CHUX6 P1185,2026-11-06,P,1.185,0.001300000,3,
2026-09-17,CHU,OPT,CHUX6 P1190,2026-11-06,P,1.19,0.001700000,3,
2026-09-17,CHU,OPT,CHUX6 P1195,2026-11-06,P,1.195,0.002300000,3,3
2026-09-17,CHU,OPT,CHUX6 P1200,2026-11-06,P,1.2,0.003200000,3,8
2026-09-17,CHU,OPT,CHUX6 P1205,2026-11-06,P,1.205,0.004200000,3,161
2026-09-17,CHU,OPT,CHUX6 P1210,2026-11-06,P,1.21,0.005600000,3,100
2026-09-17,CHU,OPT,CHUX6 P1215,2026-11-06,P,1.215,0.007300000,3,4
2026-09-17,CHU,OPT,CHUX6 P1220,2026-11-06,P,1.22,0.009400000,3,3
2026-09-17,CHU,OPT,CHUX6 P1225,2026-11-06,P,1.225,0.011800000,3,702
2026-09-17,CHU,OPT,CHUX6 P1230,2026-11-06,P,1.23,0.014600000,3,17
2026-09-17,CHU,OPT,CHUX6 P1235,2026-11-06,P,1.235,0.017800000,3,
2026-09-17,CHU,OPT,CHUX6 P1240,2026-11-06,P,1.24,0.021300000,3,
2026-09-17,CHU,OPT,CHUX6 P1245,2026-11-06,P,1.245,0.025100000,3,
2026-09-17,CHU,OPT,CHUX6 P1250,2026-11-06,P,1.25,0.029100000,3,6
2026-09-17,CHU,OPT,CHUX6 P1255,2026-11-06,P,1.255,0.033200000,3,
2026-09-17,CHU,OPT,CHUX6 P1260,2026-11-06,P,1.26,0.037600000,3,
2026-09-17,CHU,OPT,CHUX6 P1265,2026-11-06,P,1.265,0.042100000,3,8
2026-09-17,CHU,OPT,CHUX6 P1270,2026-11-06,P,1.27,0.046700000,3,2
2026-09-17,CHU,OPT,CHUX6 P1275,2026-11-06,P,1.275,0.051300000,3,
2026-09-17,CHU,OPT,CHUX6 P1280,2026-11-06,P,1.28,0.056100000,3,
2026-09-17,CHU,OPT,CHUX6 P1285,2026-11-06,P,1.285,0.060900000,3,
2026-09-17,CHU,OPT,CHUX6 P1290,2026-11-06,P,1.29,0.065700000,3,
2026-09-17,CHU,OPT,CHUX6 P1295,2026-11-06,P,1.295,0.070600000,3,
2026-09-17,CHU,OPT,CHUX6 P1300,2026-11-06,P,1.3,0.075500000,3,122
2026-09-17,CHU,OPT,CHUX6 P1305,2026-11-06,P,1.305,0.080400000,3,1
2026-09-17,CHU,OPT,CHUX6 P1310,2026-11-06,P,1.31,0.085300000,3,
2026-09-17,CHU,OPT,CHUX6 P1315,2026-11-06,P,1.315,0.090200000,3,
2026-09-17,CHU,OPT,CHUX6 P1320,2026-11-06,P,1.32,0.095200000,3,
2026-09-17,CHU,OPT,CHUX6 P1325,2026-11-06,P,1.325,0.100100000,3,
2026-09-17,CHU,OPT,CHUX6 P1330,2026-11-06,P,1.33,0.105100000,3,
2026-09-17,CHU,OPT,CHUX6 P1335,2026-11-06,P,1.335,0.110000000,3,
2026-09-17,CHU,OPT,CHUX6 P1340,2026-11-06,P,1.34,0.115000000,3,
2026-09-17,CHU,OPT,CHUX6 P1345,2026-11-06,P,1.345,0.119900000,3,
2026-09-17,CHU,OPT,CHUX6 P1350,2026-11-06,P,1.35,0.124900000,3,
2026-09-17,CHU,OPT,CHUX6 P1355,2026-11-06,P,1.355,0.129900000,3,
2026-09-17,CHU,OPT,CHUX6 P1360,2026-11-06,P,1.36,0.134800000,3,
2026-09-17,CHU,OPT,CHUX6 P1365,2026-11-06,P,1.365,0.139800000,3,
2026-09-17,CHU,OPT,CHUX6 P1370,2026-11-06,P,1.37,0.144700000,3,
2026-09-17,CHU,OPT,CHUX6 P1375,2026-11-06,P,1.375,0.149700000,3,
2026-09-17,CHU,OPT,CHUX6 P1380,2026-11-06,P,1.38,0.154700000,3,
2026-09-17,CHU,OPT,CHUX6 P1385,2026-11-06,P,1.385,0.159700000,3,
2026-09-17,CHU,OPT,CHUX6 P1390,2026-11-06,P,1.39,0.164600000,3,
2026-09-17,CHU,OPT,CHUX6 P1395,2026-11-06,P,1.395,0.169600000,3,
2026-09-17,CHU,OPT,CHUX6 P1400,2026-11-06,P,1.4,0.174600000,3,
2026-09-17,CHU,OPT,CHUX6 P1410,2026-11-06,P,1.41,0.184500000,3,
2026-09-17,CHU,OPT,CHUX6 P1420,2026-11-06,P,1.42,0.194400000,3,
2026-09-17,CHU,OPT,CHUX6 P1430,2026-11-06,P,1.43,0.204400000,3,
2026-09-17,CHU,OPT,CHUX6 P1440,2026-11-06,P,1.44,0.214300000,3,
2026-09-17,CHU,OPT,CHUX6 P1450,2026-11-06,P,1.45,0.224200000,3,
2026-09-17,CHU,OPT,CHUZ6 C1080,2026-12-04,C,1.08,0.143300000,3,
2026-09-17,CHU,OPT,CHUZ6 C1090,2026-12-04,C,1.09,0.133400000,3,
2026-09-17,CHU,OPT,CHUZ6 C1100,2026-12-04,C,1.1,0.123600000,3,
2026-09-17,CHU,OPT,CHUZ6 C1110,2026-12-04,C,1.11,0.113700000,3,
2026-09-17,CHU,OPT,CHUZ6 C1120,2026-12-04,C,1.12,0.103800000,3,
2026-09-17,CHU,OPT,CHUZ6 C1130,2026-12-04,C,1.13,0.094000000,3,
2026-09-17,CHU,OPT,CHUZ6 C1135,2026-12-04,C,1.135,0.089100000,3,
2026-09-17,CHU,OPT,CHUZ6 C1140,2026-12-04,C,1.14,0.084200000,3,
2026-09-17,CHU,OPT,CHUZ6 C1145,2026-12-04,C,1.145,0.079300000,3,
2026-09-17,CHU,OPT,CHUZ6 C1150,2026-12-04,C,1.15,0.074400000,3,
2026-09-17,CHU,OPT,CHUZ6 C1155,2026-12-04,C,1.155,0.069600000,3,
2026-09-17,CHU,OPT,CHUZ6 C1160,2026-12-04,C,1.16,0.064700000,3,
2026-09-17,CHU,OPT,CHUZ6 C1165,2026-12-04,C,1.165,0.060000000,3,
2026-09-17,CHU,OPT,CHUZ6 C1170,2026-12-04,C,1.17,0.055300000,3,
2026-09-17,CHU,OPT,CHUZ6 C1175,2026-12-04,C,1.175,0.050700000,3,
2026-09-17,CHU,OPT,CHUZ6 C1180,2026-12-04,C,1.18,0.046100000,3,
2026-09-17,CHU,OPT,CHUZ6 C1185,2026-12-04,C,1.185,0.041700000,3,
2026-09-17,CHU,OPT,CHUZ6 C1190,2026-12-04,C,1.19,0.037500000,3,
2026-09-17,CHU,OPT,CHUZ6 C1195,2026-12-04,C,1.195,0.033400000,3,
2026-09-17,CHU,OPT,CHUZ6 C1200,2026-12-04,C,1.2,0.029500000,3,
2026-09-17,CHU,OPT,CHUZ6 C1205,2026-12-04,C,1.205,0.025900000,3,4000
2026-09-17,CHU,OPT,CHUZ6 C1210,2026-12-04,C,1.21,0.022500000,3,4001
2026-09-17,CHU,OPT,CHUZ6 C1215,2026-12-04,C,1.215,0.019400000,3,
2026-09-17,CHU,OPT,CHUZ6 C1220,2026-12-04,C,1.22,0.016600000,3,
2026-09-17,CHU,OPT,CHUZ6 C1225,2026-12-04,C,1.225,0.014200000,3,
2026-09-17,CHU,OPT,CHUZ6 C1230,2026-12-04,C,1.23,0.012000000,3,
2026-09-17,CHU,OPT,CHUZ6 C1235,2026-12-04,C,1.235,0.010100000,3,
2026-09-17,CHU,OPT,CHUZ6 C1240,2026-12-04,C,1.24,0.008500000,3,
2026-09-17,CHU,OPT,CHUZ6 C1245,2026-12-04,C,1.245,0.007100000,3,2
2026-09-17,CHU,OPT,CHUZ6 C1250,2026-12-04,C,1.25,0.006000000,3,29
2026-09-17,CHU,OPT,CHUZ6 C1255,2026-12-04,C,1.255,0.005000000,3,3
2026-09-17,CHU,OPT,CHUZ6 C1260,2026-12-04,C,1.26,0.004200000,3,48
2026-09-17,CHU,OPT,CHUZ6 C1265,2026-12-04,C,1.265,0.003500000,3,16
2026-09-17,CHU,OPT,CHUZ6 C1270,2026-12-04,C,1.27,0.002900000,3,4
2026-09-17,CHU,OPT,CHUZ6 C1275,2026-12-04,C,1.275,0.002400000,3,42
2026-09-17,CHU,OPT,CHUZ6 C1280,2026-12-04,C,1.28,0.002000000,3,4
2026-09-17,CHU,OPT,CHUZ6 C1285,2026-12-04,C,1.285,0.001700000,3,4
2026-09-17,CHU,OPT,CHUZ6 C1290,2026-12-04,C,1.29,0.001400000,3,9
2026-09-17,CHU,OPT,CHUZ6 C1295,2026-12-04,C,1.295,0.001100000,3,1
2026-09-17,CHU,OPT,CHUZ6 C1300,2026-12-04,C,1.3,0.001000000,3,20
2026-09-17,CHU,OPT,CHUZ6 C1305,2026-12-04,C,1.305,0.000800000,3,11
2026-09-17,CHU,OPT,CHUZ6 C1310,2026-12-04,C,1.31,0.000700000,3,16
2026-09-17,CHU,OPT,CHUZ6 C1315,2026-12-04,C,1.315,0.000600000,3,2
2026-09-17,CHU,OPT,CHUZ6 C1320,2026-12-04,C,1.32,0.000500000,3,27
2026-09-17,CHU,OPT,CHUZ6 C1325,2026-12-04,C,1.325,0.000500000,3,2
2026-09-17,CHU,OPT,CHUZ6 C1330,2026-12-04,C,1.33,0.000450000,3,14
2026-09-17,CHU,OPT,CHUZ6 C1335,2026-12-04,C,1.335,0.000400000,3,5
2026-09-17,CHU,OPT,CHUZ6 C1340,2026-12-04,C,1.34,0.000350000,3,12
2026-09-17,CHU,OPT,CHUZ6 C1345,2026-12-04,C,1.345,0.000300000,3,
2026-09-17,CHU,OPT,CHUZ6 C1350,2026-12-04,C,1.35,0.000300000,3,13
2026-09-17,CHU,OPT,CHUZ6 C1355,2026-12-04,C,1.355,0.000250000,3,1
2026-09-17,CHU,OPT,CHUZ6 C1360,2026-12-04,C,1.36,0.000250000,3,
2026-09-17,CHU,OPT,CHUZ6 C1365,2026-12-04,C,1.365,0.000250000,3,2
2026-09-17,CHU,OPT,CHUZ6 C1370,2026-12-04,C,1.37,0.000200000,3,1
2026-09-17,CHU,OPT,CHUZ6 C1375,2026-12-04,C,1.375,0.000200000,3,1
2026-09-17,CHU,OPT,CHUZ6 C1380,2026-12-04,C,1.38,0.000150000,3,9
2026-09-17,CHU,OPT,CHUZ6 C1385,2026-12-04,C,1.385,0.000150000,3,
2026-09-17,CHU,OPT,CHUZ6 C1390,2026-12-04,C,1.39,0.000100000,3,1
2026-09-17,CHU,OPT,CHUZ6 C1395,2026-12-04,C,1.395,0.000100000,3,
2026-09-17,CHU,OPT,CHUZ6 C1400,2026-12-04,C,1.4,0.000050000,3,30
2026-09-17,CHU,OPT,CHUZ6 C1410,2026-12-04,C,1.41,0.000050000,3,1
2026-09-17,CHU,OPT,CHUZ6 C1420,2026-12-04,C,1.42,0.000050000,3,
2026-09-17,CHU,OPT,CHUZ6 C1430,2026-12-04,C,1.43,0.000050000,3,1
2026-09-17,CHU,OPT,CHUZ6 C1440,2026-12-04,C,1.44,0.000050000,3,6
2026-09-17,CHU,OPT,CHUZ6 C1450,2026-12-04,C,1.45,0.000050000,3,15
2026-09-17,CHU,OPT,CHUZ6 P1080,2026-12-04,P,1.08,0.000050000,3,2
2026-09-17,CHU,OPT,CHUZ6 P1090,2026-12-04,P,1.09,0.000050000,3,
2026-09-17,CHU,OPT,CHUZ6 P1100,2026-12-04,P,1.1,0.000050000,3,
2026-09-17,CHU,OPT,CHUZ6 P1110,2026-12-04,P,1.11,0.000100000,3,
2026-09-17,CHU,OPT,CHUZ6 P1120,2026-12-04,P,1.12,0.000150000,3,
2026-09-17,CHU,OPT,CHUZ6 P1130,2026-12-04,P,1.13,0.000250000,3,1
2026-09-17,CHU,OPT,CHUZ6 P1135,2026-12-04,P,1.135,0.000350000,3,
2026-09-17,CHU,OPT,CHUZ6 P1140,2026-12-04,P,1.14,0.000400000,3,
2026-09-17,CHU,OPT,CHUZ6 P1145,2026-12-04,P,1.145,0.000450000,3,
2026-09-17,CHU,OPT,CHUZ6 P1150,2026-12-04,P,1.15,0.000500000,3,10
2026-09-17,CHU,OPT,CHUZ6 P1155,2026-12-04,P,1.155,0.000600000,3,2
2026-09-17,CHU,OPT,CHUZ6 P1160,2026-12-04,P,1.16,0.000700000,3,
2026-09-17,CHU,OPT,CHUZ6 P1165,2026-12-04,P,1.165,0.000900000,3,
2026-09-17,CHU,OPT,CHUZ6 P1170,2026-12-04,P,1.17,0.001200000,3,
2026-09-17,CHU,OPT,CHUZ6 P1175,2026-12-04,P,1.175,0.001500000,3,
2026-09-17,CHU,OPT,CHUZ6 P1180,2026-12-04,P,1.18,0.002000000,3,52
2026-09-17,CHU,OPT,CHUZ6 P1185,2026-12-04,P,1.185,0.002500000,3,
2026-09-17,CHU,OPT,CHUZ6 P1190,2026-12-04,P,1.19,0.003200000,3,2
2026-09-17,CHU,OPT,CHUZ6 P1195,2026-12-04,P,1.195,0.004100000,3,10
2026-09-17,CHU,OPT,CHUZ6 P1200,2026-12-04,P,1.2,0.005200000,3,22
2026-09-17,CHU,OPT,CHUZ6 P1205,2026-12-04,P,1.205,0.006500000,3,
2026-09-17,CHU,OPT,CHUZ6 P1210,2026-12-04,P,1.21,0.008100000,3,12
2026-09-17,CHU,OPT,CHUZ6 P1215,2026-12-04,P,1.215,0.010000000,3,601
2026-09-17,CHU,OPT,CHUZ6 P1220,2026-12-04,P,1.22,0.012100000,3,4
2026-09-17,CHU,OPT,CHUZ6 P1225,2026-12-04,P,1.225,0.014600000,3,41
2026-09-17,CHU,OPT,CHUZ6 P1230,2026-12-04,P,1.23,0.017400000,3,36
2026-09-17,CHU,OPT,CHUZ6 P1235,2026-12-04,P,1.235,0.020500000,3,405
2026-09-17,CHU,OPT,CHUZ6 P1240,2026-12-04,P,1.24,0.023800000,3,404
2026-09-17,CHU,OPT,CHUZ6 P1245,2026-12-04,P,1.245,0.027400000,3,10
2026-09-17,CHU,OPT,CHUZ6 P1250,2026-12-04,P,1.25,0.031200000,3,9
2026-09-17,CHU,OPT,CHUZ6 P1255,2026-12-04,P,1.255,0.035200000,3,8
2026-09-17,CHU,OPT,CHUZ6 P1260,2026-12-04,P,1.26,0.039300000,3,39
2026-09-17,CHU,OPT,CHUZ6 P1265,2026-12-04,P,1.265,0.043600000,3,3
2026-09-17,CHU,OPT,CHUZ6 P1270,2026-12-04,P,1.27,0.048000000,3,17
2026-09-17,CHU,OPT,CHUZ6 P1275,2026-12-04,P,1.275,0.052400000,3,1
2026-09-17,CHU,OPT,CHUZ6 P1280,2026-12-04,P,1.28,0.057000000,3,
2026-09-17,CHU,OPT,CHUZ6 P1285,2026-12-04,P,1.285,0.061600000,3,2
2026-09-17,CHU,OPT,CHUZ6 P1290,2026-12-04,P,1.29,0.066300000,3,20
2026-09-17,CHU,OPT,CHUZ6 P1295,2026-12-04,P,1.295,0.071000000,3,
2026-09-17,CHU,OPT,CHUZ6 P1300,2026-12-04,P,1.3,0.075800000,3,2
2026-09-17,CHU,OPT,CHUZ6 P1305,2026-12-04,P,1.305,0.080600000,3,
2026-09-17,CHU,OPT,CHUZ6 P1310,2026-12-04,P,1.31,0.085400000,3,1
2026-09-17,CHU,OPT,CHUZ6 P1315,2026-12-04,P,1.315,0.090300000,3,
2026-09-17,CHU,OPT,CHUZ6 P1320,2026-12-04,P,1.32,0.095200000,3,1
2026-09-17,CHU,OPT,CHUZ6 P1325,2026-12-04,P,1.325,0.100100000,3,
2026-09-17,CHU,OPT,CHUZ6 P1330,2026-12-04,P,1.33,0.105000000,3,
2026-09-17,CHU,OPT,CHUZ6 P1335,2026-12-04,P,1.335,0.109900000,3,
2026-09-17,CHU,OPT,CHUZ6 P1340,2026-12-04,P,1.34,0.114800000,3,
2026-09-17,CHU,OPT,CHUZ6 P1345,2026-12-04,P,1.345,0.119800000,3,
2026-09-17,CHU,OPT,CHUZ6 P1350,2026-12-04,P,1.35,0.124700000,3,
2026-09-17,CHU,OPT,CHUZ6 P1355,2026-12-04,P,1.355,0.129600000,3,
2026-09-17,CHU,OPT,CHUZ6 P1360,2026-12-04,P,1.36,0.134600000,3,
2026-09-17,CHU,OPT,CHUZ6 P1365,2026-12-04,P,1.365,0.139500000,3,
2026-09-17,CHU,OPT,CHUZ6 P1370,2026-12-04,P,1.37,0.144400000,3,
2026-09-17,CHU,OPT,CHUZ6 P1375,2026-12-04,P,1.375,0.149400000,3,
2026-09-17,CHU,OPT,CHUZ6 P1380,2026-12-04,P,1.38,0.154300000,3,
2026-09-17,CHU,OPT,CHUZ6 P1385,2026-12-04,P,1.385,0.159200000,3,
2026-09-17,CHU,OPT,CHUZ6 P1390,2026-12-04,P,1.39,0.164200000,3,
2026-09-17,CHU,OPT,CHUZ6 P1395,2026-12-04,P,1.395,0.169100000,3,
2026-09-17,CHU,OPT,CHUZ6 P1400,2026-12-04,P,1.4,0.174000000,3,
2026-09-17,CHU,OPT,CHUZ6 P1410,2026-12-04,P,1.41,0.183900000,3,
2026-09-17,CHU,OPT,CHUZ6 P1420,2026-12-04,P,1.42,0.193800000,3,
2026-09-17,CHU,OPT,CHUZ6 P1430,2026-12-04,P,1.43,0.203700000,3,
2026-09-17,CHU,OPT,CHUZ6 P1440,2026-12-04,P,1.44,0.213600000,3,
2026-09-17,CHU,OPT,CHUZ6 P1450,2026-12-04,P,1.45,0.223600000,3,
2026-09-17,CHU,OPT,CHUF7 C1140,2027-01-08,C,1.14,0.097500000,3,
2026-09-17,CHU,OPT,CHUF7 C1150,2027-01-08,C,1.15,0.087800000,3,
2026-09-17,CHU,OPT,CHUF7 C1160,2027-01-08,C,1.16,0.078300000,3,
2026-09-17,CHU,OPT,CHUF7 C1170,2027-01-08,C,1.17,0.068900000,3,
2026-09-17,CHU,OPT,CHUF7 C1180,2027-01-08,C,1.18,0.059700000,3,
2026-09-17,CHU,OPT,CHUF7 C1190,2027-01-08,C,1.19,0.050900000,3,
2026-09-17,CHU,OPT,CHUF7 C1195,2027-01-08,C,1.195,0.046600000,3,
2026-09-17,CHU,OPT,CHUF7 C1200,2027-01-08,C,1.2,0.042500000,3,
2026-09-17,CHU,OPT,CHUF7 C1205,2027-01-08,C,1.205,0.038600000,3,
2026-09-17,CHU,OPT,CHUF7 C1210,2027-01-08,C,1.21,0.034800000,3,
2026-09-17,CHU,OPT,CHUF7 C1215,2027-01-08,C,1.215,0.031200000,3,
2026-09-17,CHU,OPT,CHUF7 C1220,2027-01-08,C,1.22,0.027900000,3,
2026-09-17,CHU,OPT,CHUF7 C1225,2027-01-08,C,1.225,0.024800000,3,
2026-09-17,CHU,OPT,CHUF7 C1230,2027-01-08,C,1.23,0.021900000,3,
2026-09-17,CHU,OPT,CHUF7 C1235,2027-01-08,C,1.235,0.019300000,3,
2026-09-17,CHU,OPT,CHUF7 C1240,2027-01-08,C,1.24,0.017000000,3,230
2026-09-17,CHU,OPT,CHUF7 C1245,2027-01-08,C,1.245,0.014900000,3,1
2026-09-17,CHU,OPT,CHUF7 C1250,2027-01-08,C,1.25,0.013000000,3,
2026-09-17,CHU,OPT,CHUF7 C1255,2027-01-08,C,1.255,0.011300000,3,
2026-09-17,CHU,OPT,CHUF7 C1260,2027-01-08,C,1.26,0.009900000,3,
2026-09-17,CHU,OPT,CHUF7 C1265,2027-01-08,C,1.265,0.008600000,3,
2026-09-17,CHU,OPT,CHUF7 C1270,2027-01-08,C,1.27,0.007400000,3,
2026-09-17,CHU,OPT,CHUF7 C1275,2027-01-08,C,1.275,0.006500000,3,
2026-09-17,CHU,OPT,CHUF7 C1280,2027-01-08,C,1.28,0.005600000,3,
2026-09-17,CHU,OPT,CHUF7 C1285,2027-01-08,C,1.285,0.004800000,3,32
2026-09-17,CHU,OPT,CHUF7 C1290,2027-01-08,C,1.29,0.004200000,3,
2026-09-17,CHU,OPT,CHUF7 C1295,2027-01-08,C,1.295,0.003600000,3,
2026-09-17,CHU,OPT,CHUF7 C1300,2027-01-08,C,1.3,0.003100000,3,2
2026-09-17,CHU,OPT,CHUF7 C1305,2027-01-08,C,1.305,0.002700000,3,
2026-09-17,CHU,OPT,CHUF7 C1310,2027-01-08,C,1.31,0.002300000,3,76
2026-09-17,CHU,OPT,CHUF7 C1315,2027-01-08,C,1.315,0.002000000,3,
2026-09-17,CHU,OPT,CHUF7 C1320,2027-01-08,C,1.32,0.001700000,3,
2026-09-17,CHU,OPT,CHUF7 C1325,2027-01-08,C,1.325,0.001500000,3,2
2026-09-17,CHU,OPT,CHUF7 C1330,2027-01-08,C,1.33,0.001300000,3,
2026-09-17,CHU,OPT,CHUF7 C1335,2027-01-08,C,1.335,0.001100000,3,
2026-09-17,CHU,OPT,CHUF7 C1340,2027-01-08,C,1.34,0.001000000,3,
2026-09-17,CHU,OPT,CHUF7 C1345,2027-01-08,C,1.345,0.000900000,3,
2026-09-17,CHU,OPT,CHUF7 C1350,2027-01-08,C,1.35,0.000800000,3,3
2026-09-17,CHU,OPT,CHUF7 C1355,2027-01-08,C,1.355,0.000700000,3,
2026-09-17,CHU,OPT,CHUF7 C1360,2027-01-08,C,1.36,0.000700000,3,
2026-09-17,CHU,OPT,CHUF7 C1365,2027-01-08,C,1.365,0.000600000,3,
2026-09-17,CHU,OPT,CHUF7 C1370,2027-01-08,C,1.37,0.000600000,3,
2026-09-17,CHU,OPT,CHUF7 C1375,2027-01-08,C,1.375,0.000500000,3,
2026-09-17,CHU,OPT,CHUF7 C1380,2027-01-08,C,1.38,0.000500000,3,6
2026-09-17,CHU,OPT,CHUF7 C1385,2027-01-08,C,1.385,0.000450000,3,2
2026-09-17,CHU,OPT,CHUF7 C1390,2027-01-08,C,1.39,0.000450000,3,
2026-09-17,CHU,OPT,CHUF7 C1395,2027-01-08,C,1.395,0.000400000,3,
2026-09-17,CHU,OPT,CHUF7 C1400,2027-01-08,C,1.4,0.000400000,3,2
2026-09-17,CHU,OPT,CHUF7 C1405,2027-01-08,C,1.405,0.000350000,3,
2026-09-17,CHU,OPT,CHUF7 C1410,2027-01-08,C,1.41,0.000350000,3,2
2026-09-17,CHU,OPT,CHUF7 C1420,2027-01-08,C,1.42,0.000250000,3,
2026-09-17,CHU,OPT,CHUF7 C1430,2027-01-08,C,1.43,0.000200000,3,
2026-09-17,CHU,OPT,CHUF7 C1440,2027-01-08,C,1.44,0.000150000,3,
2026-09-17,CHU,OPT,CHUF7 C1450,2027-01-08,C,1.45,0.000150000,3,
2026-09-17,CHU,OPT,CHUF7 C1460,2027-01-08,C,1.46,0.000100000,3,1
2026-09-17,CHU,OPT,CHUF7 P1140,2027-01-08,P,1.14,0.000300000,3,
2026-09-17,CHU,OPT,CHUF7 P1150,2027-01-08,P,1.15,0.000500000,3,
2026-09-17,CHU,OPT,CHUF7 P1160,2027-01-08,P,1.16,0.000800000,3,
2026-09-17,CHU,OPT,CHUF7 P1170,2027-01-08,P,1.17,0.001300000,3,
2026-09-17,CHU,OPT,CHUF7 P1180,2027-01-08,P,1.18,0.002000000,3,
2026-09-17,CHU,OPT,CHUF7 P1190,2027-01-08,P,1.19,0.003100000,3,
2026-09-17,CHU,OPT,CHUF7 P1195,2027-01-08,P,1.195,0.003800000,3,
2026-09-17,CHU,OPT,CHUF7 P1200,2027-01-08,P,1.2,0.004600000,3,1
2026-09-17,CHU,OPT,CHUF7 P1205,2027-01-08,P,1.205,0.005600000,3,
2026-09-17,CHU,OPT,CHUF7 P1210,2027-01-08,P,1.21,0.006800000,3,
2026-09-17,CHU,OPT,CHUF7 P1215,2027-01-08,P,1.215,0.008100000,3,
2026-09-17,CHU,OPT,CHUF7 P1220,2027-01-08,P,1.22,0.009700000,3,10
2026-09-17,CHU,OPT,CHUF7 P1225,2027-01-08,P,1.225,0.011600000,3,
2026-09-17,CHU,OPT,CHUF7 P1230,2027-01-08,P,1.23,0.013600000,3,
2026-09-17,CHU,OPT,CHUF7 P1235,2027-01-08,P,1.235,0.016000000,3,
2026-09-17,CHU,OPT,CHUF7 P1240,2027-01-08,P,1.24,0.018600000,3,
2026-09-17,CHU,OPT,CHUF7 P1245,2027-01-08,P,1.245,0.021400000,3,21
2026-09-17,CHU,OPT,CHUF7 P1250,2027-01-08,P,1.25,0.024400000,3,
2026-09-17,CHU,OPT,CHUF7 P1255,2027-01-08,P,1.255,0.027700000,3,110
2026-09-17,CHU,OPT,CHUF7 P1260,2027-01-08,P,1.26,0.031200000,3,150
2026-09-17,CHU,OPT,CHUF7 P1265,2027-01-08,P,1.265,0.034800000,3,118
2026-09-17,CHU,OPT,CHUF7 P1270,2027-01-08,P,1.27,0.038600000,3,
2026-09-17,CHU,OPT,CHUF7 P1275,2027-01-08,P,1.275,0.042600000,3,
2026-09-17,CHU,OPT,CHUF7 P1280,2027-01-08,P,1.28,0.046700000,3,2
2026-09-17,CHU,OPT,CHUF7 P1285,2027-01-08,P,1.285,0.050900000,3,
2026-09-17,CHU,OPT,CHUF7 P1290,2027-01-08,P,1.29,0.055100000,3,
2026-09-17,CHU,OPT,CHUF7 P1295,2027-01-08,P,1.295,0.059500000,3,
2026-09-17,CHU,OPT,CHUF7 P1300,2027-01-08,P,1.3,0.063900000,3,1
2026-09-17,CHU,OPT,CHUF7 P1305,2027-01-08,P,1.305,0.068500000,3,
2026-09-17,CHU,OPT,CHUF7 P1310,2027-01-08,P,1.31,0.073000000,3,30
2026-09-17,CHU,OPT,CHUF7 P1315,2027-01-08,P,1.315,0.077700000,3,
2026-09-17,CHU,OPT,CHUF7 P1320,2027-01-08,P,1.32,0.082300000,3,16
2026-09-17,CHU,OPT,CHUF7 P1325,2027-01-08,P,1.325,0.087000000,3,
2026-09-17,CHU,OPT,CHUF7 P1330,2027-01-08,P,1.33,0.091800000,3,30
2026-09-17,CHU,OPT,CHUF7 P1335,2027-01-08,P,1.335,0.096500000,3,
2026-09-17,CHU,OPT,CHUF7 P1340,2027-01-08,P,1.34,0.101300000,3,
2026-09-17,CHU,OPT,CHUF7 P1345,2027-01-08,P,1.345,0.106200000,3,
2026-09-17,CHU,OPT,CHUF7 P1350,2027-01-08,P,1.35,0.111000000,3,
2026-09-17,CHU,OPT,CHUF7 P1355,2027-01-08,P,1.355,0.115900000,3,99
2026-09-17,CHU,OPT,CHUF7 P1360,2027-01-08,P,1.36,0.120800000,3,
2026-09-17,CHU,OPT,CHUF7 P1365,2027-01-08,P,1.365,0.125600000,3,
2026-09-17,CHU,OPT,CHUF7 P1370,2027-01-08,P,1.37,0.130500000,3,
2026-09-17,CHU,OPT,CHUF7 P1375,2027-01-08,P,1.375,0.135400000,3,
2026-09-17,CHU,OPT,CHUF7 P1380,2027-01-08,P,1.38,0.140400000,3,
2026-09-17,CHU,OPT,CHUF7 P1385,2027-01-08,P,1.385,0.145300000,3,
2026-09-17,CHU,OPT,CHUF7 P1390,2027-01-08,P,1.39,0.150200000,3,
2026-09-17,CHU,OPT,CHUF7 P1395,2027-01-08,P,1.395,0.155100000,3,
2026-09-17,CHU,OPT,CHUF7 P1400,2027-01-08,P,1.4,0.160000000,3,
2026-09-17,CHU,OPT,CHUF7 P1405,2027-01-08,P,1.405,0.164900000,3,
2026-09-17,CHU,OPT,CHUF7 P1410,2027-01-08,P,1.41,0.169800000,3,
2026-09-17,CHU,OPT,CHUF7 P1420,2027-01-08,P,1.42,0.179600000,3,
2026-09-17,CHU,OPT,CHUF7 P1430,2027-01-08,P,1.43,0.189400000,3,
2026-09-17,CHU,OPT,CHUF7 P1440,2027-01-08,P,1.44,0.199300000,3,
2026-09-17,CHU,OPT,CHUF7 P1450,2027-01-08,P,1.45,0.209100000,3,
2026-09-17,CHU,OPT,CHUF7 P1460,2027-01-08,P,1.46,0.219000000,3,
2026-09-17,CHU,OPT,CHUG7 C1140,2027-02-05,C,1.14,0.097600000,3,
2026-09-17,CHU,OPT,CHUG7 C1150,2027-02-05,C,1.15,0.088100000,3,
2026-09-17,CHU,OPT,CHUG7 C1160,2027-02-05,C,1.16,0.078700000,3,
2026-09-17,CHU,OPT,CHUG7 C1170,2027-02-05,C,1.17,0.069600000,3,
2026-09-17,CHU,OPT,CHUG7 C1180,2027-02-05,C,1.18,0.060600000,3,
2026-09-17,CHU,OPT,CHUG7 C1190,2027-02-05,C,1.19,0.052200000,3,
2026-09-17,CHU,OPT,CHUG7 C1195,2027-02-05,C,1.195,0.048100000,3,
2026-09-17,CHU,OPT,CHUG7 C1200,2027-02-05,C,1.2,0.044200000,3,
2026-09-17,CHU,OPT,CHUG7 C1205,2027-02-05,C,1.205,0.040400000,3,
2026-09-17,CHU,OPT,CHUG7 C1210,2027-02-05,C,1.21,0.036800000,3,
2026-09-17,CHU,OPT,CHUG7 C1215,2027-02-05,C,1.215,0.033400000,3,
2026-09-17,CHU,OPT,CHUG7 C1220,2027-02-05,C,1.22,0.030200000,3,
2026-09-17,CHU,OPT,CHUG7 C1225,2027-02-05,C,1.225,0.027200000,3,
2026-09-17,CHU,OPT,CHUG7 C1230,2027-02-05,C,1.23,0.024400000,3,
2026-09-17,CHU,OPT,CHUG7 C1235,2027-02-05,C,1.235,0.021800000,3,
2026-09-17,CHU,OPT,CHUG7 C1240,2027-02-05,C,1.24,0.019500000,3,
2026-09-17,CHU,OPT,CHUG7 C1245,2027-02-05,C,1.245,0.017300000,3,
2026-09-17,CHU,OPT,CHUG7 C1250,2027-02-05,C,1.25,0.015400000,3,
2026-09-17,CHU,OPT,CHUG7 C1255,2027-02-05,C,1.255,0.013700000,3,80
2026-09-17,CHU,OPT,CHUG7 C1260,2027-02-05,C,1.26,0.012100000,3,20
2026-09-17,CHU,OPT,CHUG7 C1265,2027-02-05,C,1.265,0.010700000,3,
2026-09-17,CHU,OPT,CHUG7 C1270,2027-02-05,C,1.27,0.009500000,3,
2026-09-17,CHU,OPT,CHUG7 C1275,2027-02-05,C,1.275,0.008400000,3,
2026-09-17,CHU,OPT,CHUG7 C1280,2027-02-05,C,1.28,0.007400000,3,
2026-09-17,CHU,OPT,CHUG7 C1285,2027-02-05,C,1.285,0.006600000,3,
2026-09-17,CHU,OPT,CHUG7 C1290,2027-02-05,C,1.29,0.005800000,3,
2026-09-17,CHU,OPT,CHUG7 C1295,2027-02-05,C,1.295,0.005200000,3,
2026-09-17,CHU,OPT,CHUG7 C1300,2027-02-05,C,1.3,0.004600000,3,2
2026-09-17,CHU,OPT,CHUG7 C1305,2027-02-05,C,1.305,0.004100000,3,
2026-09-17,CHU,OPT,CHUG7 C1310,2027-02-05,C,1.31,0.003600000,3,
2026-09-17,CHU,OPT,CHUG7 C1315,2027-02-05,C,1.315,0.003200000,3,
2026-09-17,CHU,OPT,CHUG7 C1320,2027-02-05,C,1.32,0.002800000,3,
2026-09-17,CHU,OPT,CHUG7 C1325,2027-02-05,C,1.325,0.002500000,3,6
2026-09-17,CHU,OPT,CHUG7 C1330,2027-02-05,C,1.33,0.002200000,3,
2026-09-17,CHU,OPT,CHUG7 C1335,2027-02-05,C,1.335,0.002000000,3,
2026-09-17,CHU,OPT,CHUG7 C1340,2027-02-05,C,1.34,0.001800000,3,
2026-09-17,CHU,OPT,CHUG7 C1345,2027-02-05,C,1.345,0.001600000,3,
2026-09-17,CHU,OPT,CHUG7 C1350,2027-02-05,C,1.35,0.001400000,3,
2026-09-17,CHU,OPT,CHUG7 C1355,2027-02-05,C,1.355,0.001300000,3,
2026-09-17,CHU,OPT,CHUG7 C1360,2027-02-05,C,1.36,0.001100000,3,
2026-09-17,CHU,OPT,CHUG7 C1365,2027-02-05,C,1.365,0.001000000,3,
2026-09-17,CHU,OPT,CHUG7 C1370,2027-02-05,C,1.37,0.001000000,3,
2026-09-17,CHU,OPT,CHUG7 C1375,2027-02-05,C,1.375,0.000900000,3,
2026-09-17,CHU,OPT,CHUG7 C1380,2027-02-05,C,1.38,0.000800000,3,
2026-09-17,CHU,OPT,CHUG7 C1385,2027-02-05,C,1.385,0.000800000,3,
2026-09-17,CHU,OPT,CHUG7 C1390,2027-02-05,C,1.39,0.000700000,3,
2026-09-17,CHU,OPT,CHUG7 C1395,2027-02-05,C,1.395,0.000700000,3,
2026-09-17,CHU,OPT,CHUG7 C1400,2027-02-05,C,1.4,0.000600000,3,
2026-09-17,CHU,OPT,CHUG7 C1405,2027-02-05,C,1.405,0.000600000,3,
2026-09-17,CHU,OPT,CHUG7 C1410,2027-02-05,C,1.41,0.000500000,3,
2026-09-17,CHU,OPT,CHUG7 C1420,2027-02-05,C,1.42,0.000450000,3,
2026-09-17,CHU,OPT,CHUG7 C1430,2027-02-05,C,1.43,0.000350000,3,
2026-09-17,CHU,OPT,CHUG7 C1440,2027-02-05,C,1.44,0.000300000,3,1
2026-09-17,CHU,OPT,CHUG7 C1450,2027-02-05,C,1.45,0.000250000,3,
2026-09-17,CHU,OPT,CHUG7 C1460,2027-02-05,C,1.46,0.000200000,3,
2026-09-17,CHU,OPT,CHUG7 P1140,2027-02-05,P,1.14,0.000700000,3,
2026-09-17,CHU,OPT,CHUG7 P1150,2027-02-05,P,1.15,0.001100000,3,
2026-09-17,CHU,OPT,CHUG7 P1160,2027-02-05,P,1.16,0.001500000,3,
2026-09-17,CHU,OPT,CHUG7 P1170,2027-02-05,P,1.17,0.002200000,3,
2026-09-17,CHU,OPT,CHUG7 P1180,2027-02-05,P,1.18,0.003200000,3,
2026-09-17,CHU,OPT,CHUG7 P1190,2027-02-05,P,1.19,0.004500000,3,
2026-09-17,CHU,OPT,CHUG7 P1195,2027-02-05,P,1.195,0.005400000,3,
2026-09-17,CHU,OPT,CHUG7 P1200,2027-02-05,P,1.2,0.006400000,3,
2026-09-17,CHU,OPT,CHUG7 P1205,2027-02-05,P,1.205,0.007500000,3,
2026-09-17,CHU,OPT,CHUG7 P1210,2027-02-05,P,1.21,0.008800000,3,
2026-09-17,CHU,OPT,CHUG7 P1215,2027-02-05,P,1.215,0.010300000,3,
2026-09-17,CHU,OPT,CHUG7 P1220,2027-02-05,P,1.22,0.012000000,3,1
2026-09-17,CHU,OPT,CHUG7 P1225,2027-02-05,P,1.225,0.014000000,3,
2026-09-17,CHU,OPT,CHUG7 P1230,2027-02-05,P,1.23,0.016100000,3,
2026-09-17,CHU,OPT,CHUG7 P1235,2027-02-05,P,1.235,0.018500000,3,5
2026-09-17,CHU,OPT,CHUG7 P1240,2027-02-05,P,1.24,0.021100000,3,
2026-09-17,CHU,OPT,CHUG7 P1245,2027-02-05,P,1.245,0.023800000,3,100
2026-09-17,CHU,OPT,CHUG7 P1250,2027-02-05,P,1.25,0.026800000,3,
2026-09-17,CHU,OPT,CHUG7 P1255,2027-02-05,P,1.255,0.030000000,3,
2026-09-17,CHU,OPT,CHUG7 P1260,2027-02-05,P,1.26,0.033400000,3,200
2026-09-17,CHU,OPT,CHUG7 P1265,2027-02-05,P,1.265,0.036900000,3,
2026-09-17,CHU,OPT,CHUG7 P1270,2027-02-05,P,1.27,0.040600000,3,
2026-09-17,CHU,OPT,CHUG7 P1275,2027-02-05,P,1.275,0.044400000,3,
2026-09-17,CHU,OPT,CHUG7 P1280,2027-02-05,P,1.28,0.048400000,3,
2026-09-17,CHU,OPT,CHUG7 P1285,2027-02-05,P,1.285,0.052500000,3,
2026-09-17,CHU,OPT,CHUG7 P1290,2027-02-05,P,1.29,0.056600000,3,80
2026-09-17,CHU,OPT,CHUG7 P1295,2027-02-05,P,1.295,0.060900000,3,
2026-09-17,CHU,OPT,CHUG7 P1300,2027-02-05,P,1.3,0.065200000,3,
2026-09-17,CHU,OPT,CHUG7 P1305,2027-02-05,P,1.305,0.069600000,3,
2026-09-17,CHU,OPT,CHUG7 P1310,2027-02-05,P,1.31,0.074100000,3,
2026-09-17,CHU,OPT,CHUG7 P1315,2027-02-05,P,1.315,0.078600000,3,
2026-09-17,CHU,OPT,CHUG7 P1320,2027-02-05,P,1.32,0.083200000,3,
2026-09-17,CHU,OPT,CHUG7 P1325,2027-02-05,P,1.325,0.087800000,3,
2026-09-17,CHU,OPT,CHUG7 P1330,2027-02-05,P,1.33,0.092400000,3,
2026-09-17,CHU,OPT,CHUG7 P1335,2027-02-05,P,1.335,0.097100000,3,
2026-09-17,CHU,OPT,CHUG7 P1340,2027-02-05,P,1.34,0.101800000,3,
2026-09-17,CHU,OPT,CHUG7 P1345,2027-02-05,P,1.345,0.106500000,3,
2026-09-17,CHU,OPT,CHUG7 P1350,2027-02-05,P,1.35,0.111300000,3,
2026-09-17,CHU,OPT,CHUG7 P1355,2027-02-05,P,1.355,0.116100000,3,
2026-09-17,CHU,OPT,CHUG7 P1360,2027-02-05,P,1.36,0.120900000,3,
2026-09-17,CHU,OPT,CHUG7 P1365,2027-02-05,P,1.365,0.125700000,3,
2026-09-17,CHU,OPT,CHUG7 P1370,2027-02-05,P,1.37,0.130500000,3,
2026-09-17,CHU,OPT,CHUG7 P1375,2027-02-05,P,1.375,0.135400000,3,
2026-09-17,CHU,OPT,CHUG7 P1380,2027-02-05,P,1.38,0.140200000,3,
2026-09-17,CHU,OPT,CHUG7 P1385,2027-02-05,P,1.385,0.145100000,3,
2026-09-17,CHU,OPT,CHUG7 P1390,2027-02-05,P,1.39,0.150000000,3,
2026-09-17,CHU,OPT,CHUG7 P1395,2027-02-05,P,1.395,0.154800000,3,
2026-09-17,CHU,OPT,CHUG7 P1400,2027-02-05,P,1.4,0.159700000,3,
2026-09-17,CHU,OPT,CHUG7 P1405,2027-02-05,P,1.405,0.164600000,3,
2026-09-17,CHU,OPT,CHUG7 P1410,2027-02-05,P,1.41,0.169500000,3,
2026-09-17,CHU,OPT,CHUG7 P1420,2027-02-05,P,1.42,0.179200000,3,
2026-09-17,CHU,OPT,CHUG7 P1430,2027-02-05,P,1.43,0.189000000,3,
2026-09-17,CHU,OPT,CHUG7 P1440,2027-02-05,P,1.44,0.198700000,3,
2026-09-17,CHU,OPT,CHUG7 P1450,2027-02-05,P,1.45,0.208500000,3,
2026-09-17,CHU,OPT,CHUG7 P1460,2027-02-05,P,1.46,0.218300000,3,
2026-09-17,CHU,OPT,CHUH7 C1120,2027-03-05,C,1.12,0.116800000,3,
2026-09-17,CHU,OPT,CHUH7 C1130,2027-03-05,C,1.13,0.107300000,3,
2026-09-17,CHU,OPT,CHUH7 C1140,2027-03-05,C,1.14,0.097800000,3,1
2026-09-17,CHU,OPT,CHUH7 C1150,2027-03-05,C,1.15,0.088400000,3,
2026-09-17,CHU,OPT,CHUH7 C1160,2027-03-05,C,1.16,0.079200000,3,
2026-09-17,CHU,OPT,CHUH7 C1165,2027-03-05,C,1.165,0.074600000,3,
2026-09-17,CHU,OPT,CHUH7 C1170,2027-03-05,C,1.17,0.070200000,3,1
2026-09-17,CHU,OPT,CHUH7 C1175,2027-03-05,C,1.175,0.065800000,3,
2026-09-17,CHU,OPT,CHUH7 C1180,2027-03-05,C,1.18,0.061500000,3,
2026-09-17,CHU,OPT,CHUH7 C1185,2027-03-05,C,1.185,0.057400000,3,
2026-09-17,CHU,OPT,CHUH7 C1190,2027-03-05,C,1.19,0.053300000,3,
2026-09-17,CHU,OPT,CHUH7 C1195,2027-03-05,C,1.195,0.049300000,3,
2026-09-17,CHU,OPT,CHUH7 C1200,2027-03-05,C,1.2,0.045500000,3,
2026-09-17,CHU,OPT,CHUH7 C1205,2027-03-05,C,1.205,0.041900000,3,
2026-09-17,CHU,OPT,CHUH7 C1210,2027-03-05,C,1.21,0.038400000,3,
2026-09-17,CHU,OPT,CHUH7 C1215,2027-03-05,C,1.215,0.035100000,3,1
2026-09-17,CHU,OPT,CHUH7 C1220,2027-03-05,C,1.22,0.032000000,3,
2026-09-17,CHU,OPT,CHUH7 C1225,2027-03-05,C,1.225,0.029100000,3,4
2026-09-17,CHU,OPT,CHUH7 C1230,2027-03-05,C,1.23,0.026300000,3,1
2026-09-17,CHU,OPT,CHUH7 C1235,2027-03-05,C,1.235,0.023800000,3,
2026-09-17,CHU,OPT,CHUH7 C1240,2027-03-05,C,1.24,0.021500000,3,
2026-09-17,CHU,OPT,CHUH7 C1245,2027-03-05,C,1.245,0.019300000,3,
2026-09-17,CHU,OPT,CHUH7 C1250,2027-03-05,C,1.25,0.017400000,3,
2026-09-17,CHU,OPT,CHUH7 C1255,2027-03-05,C,1.255,0.015600000,3,
2026-09-17,CHU,OPT,CHUH7 C1260,2027-03-05,C,1.26,0.014000000,3,
2026-09-17,CHU,OPT,CHUH7 C1265,2027-03-05,C,1.265,0.012600000,3,
2026-09-17,CHU,OPT,CHUH7 C1270,2027-03-05,C,1.27,0.011300000,3,1
2026-09-17,CHU,OPT,CHUH7 C1275,2027-03-05,C,1.275,0.010100000,3,
2026-09-17,CHU,OPT,CHUH7 C1280,2027-03-05,C,1.28,0.009100000,3,
2026-09-17,CHU,OPT,CHUH7 C1285,2027-03-05,C,1.285,0.008100000,3,
2026-09-17,CHU,OPT,CHUH7 C1290,2027-03-05,C,1.29,0.007300000,3,2
2026-09-17,CHU,OPT,CHUH7 C1295,2027-03-05,C,1.295,0.006600000,3,1
2026-09-17,CHU,OPT,CHUH7 C1300,2027-03-05,C,1.3,0.005900000,3,91
2026-09-17,CHU,OPT,CHUH7 C1305,2027-03-05,C,1.305,0.005300000,3,5
2026-09-17,CHU,OPT,CHUH7 C1310,2027-03-05,C,1.31,0.004700000,3,
2026-09-17,CHU,OPT,CHUH7 C1315,2027-03-05,C,1.315,0.004300000,3,
2026-09-17,CHU,OPT,CHUH7 C1320,2027-03-05,C,1.32,0.003800000,3,155
2026-09-17,CHU,OPT,CHUH7 C1325,2027-03-05,C,1.325,0.003500000,3,
2026-09-17,CHU,OPT,CHUH7 C1330,2027-03-05,C,1.33,0.003100000,3,
2026-09-17,CHU,OPT,CHUH7 C1335,2027-03-05,C,1.335,0.002800000,3,10
2026-09-17,CHU,OPT,CHUH7 C1340,2027-03-05,C,1.34,0.002500000,3,5
2026-09-17,CHU,OPT,CHUH7 C1345,2027-03-05,C,1.345,0.002300000,3,
2026-09-17,CHU,OPT,CHUH7 C1350,2027-03-05,C,1.35,0.002100000,3,
2026-09-17,CHU,OPT,CHUH7 C1355,2027-03-05,C,1.355,0.001900000,3,
2026-09-17,CHU,OPT,CHUH7 C1360,2027-03-05,C,1.36,0.001700000,3,2
2026-09-17,CHU,OPT,CHUH7 C1365,2027-03-05,C,1.365,0.001600000,3,
2026-09-17,CHU,OPT,CHUH7 C1370,2027-03-05,C,1.37,0.001500000,3,10
2026-09-17,CHU,OPT,CHUH7 C1375,2027-03-05,C,1.375,0.001400000,3,
2026-09-17,CHU,OPT,CHUH7 C1380,2027-03-05,C,1.38,0.001300000,3,
2026-09-17,CHU,OPT,CHUH7 C1385,2027-03-05,C,1.385,0.001200000,3,
2026-09-17,CHU,OPT,CHUH7 C1390,2027-03-05,C,1.39,0.001100000,3,
2026-09-17,CHU,OPT,CHUH7 C1395,2027-03-05,C,1.395,0.001000000,3,
2026-09-17,CHU,OPT,CHUH7 C1400,2027-03-05,C,1.4,0.000900000,3,
2026-09-17,CHU,OPT,CHUH7 C1405,2027-03-05,C,1.405,0.000900000,3,
2026-09-17,CHU,OPT,CHUH7 C1410,2027-03-05,C,1.41,0.000800000,3,
2026-09-17,CHU,OPT,CHUH7 C1420,2027-03-05,C,1.42,0.000700000,3,1
2026-09-17,CHU,OPT,CHUH7 C1430,2027-03-05,C,1.43,0.000600000,3,1
2026-09-17,CHU,OPT,CHUH7 C1440,2027-03-05,C,1.44,0.000450000,3,
2026-09-17,CHU,OPT,CHUH7 C1450,2027-03-05,C,1.45,0.000400000,3,1
2026-09-17,CHU,OPT,CHUH7 C1460,2027-03-05,C,1.46,0.000350000,3,
2026-09-17,CHU,OPT,CHUH7 P1120,2027-03-05,P,1.12,0.000600000,3,
2026-09-17,CHU,OPT,CHUH7 P1130,2027-03-05,P,1.13,0.000900000,3,
2026-09-17,CHU,OPT,CHUH7 P1140,2027-03-05,P,1.14,0.001200000,3,
2026-09-17,CHU,OPT,CHUH7 P1150,2027-03-05,P,1.15,0.001700000,3,
2026-09-17,CHU,OPT,CHUH7 P1160,2027-03-05,P,1.16,0.002300000,3,
2026-09-17,CHU,OPT,CHUH7 P1165,2027-03-05,P,1.165,0.002600000,3,
2026-09-17,CHU,OPT,CHUH7 P1170,2027-03-05,P,1.17,0.003100000,3,
2026-09-17,CHU,OPT,CHUH7 P1175,2027-03-05,P,1.175,0.003600000,3,
2026-09-17,CHU,OPT,CHUH7 P1180,2027-03-05,P,1.18,0.004200000,3,
2026-09-17,CHU,OPT,CHUH7 P1185,2027-03-05,P,1.185,0.005000000,3,
2026-09-17,CHU,OPT,CHUH7 P1190,2027-03-05,P,1.19,0.005800000,3,11
2026-09-17,CHU,OPT,CHUH7 P1195,2027-03-05,P,1.195,0.006800000,3,
2026-09-17,CHU,OPT,CHUH7 P1200,2027-03-05,P,1.2,0.007900000,3,1
2026-09-17,CHU,OPT,CHUH7 P1205,2027-03-05,P,1.205,0.009100000,3,
2026-09-17,CHU,OPT,CHUH7 P1210,2027-03-05,P,1.21,0.010500000,3,
2026-09-17,CHU,OPT,CHUH7 P1215,2027-03-05,P,1.215,0.012100000,3,
2026-09-17,CHU,OPT,CHUH7 P1220,2027-03-05,P,1.22,0.013900000,3,
2026-09-17,CHU,OPT,CHUH7 P1225,2027-03-05,P,1.225,0.015900000,3,
2026-09-17,CHU,OPT,CHUH7 P1230,2027-03-05,P,1.23,0.018100000,3,90
2026-09-17,CHU,OPT,CHUH7 P1235,2027-03-05,P,1.235,0.020500000,3,
2026-09-17,CHU,OPT,CHUH7 P1240,2027-03-05,P,1.24,0.023000000,3,
2026-09-17,CHU,OPT,CHUH7 P1245,2027-03-05,P,1.245,0.025800000,3,90
2026-09-17,CHU,OPT,CHUH7 P1250,2027-03-05,P,1.25,0.028800000,3,30
2026-09-17,CHU,OPT,CHUH7 P1255,2027-03-05,P,1.255,0.031900000,3,20
2026-09-17,CHU,OPT,CHUH7 P1260,2027-03-05,P,1.26,0.035200000,3,
2026-09-17,CHU,OPT,CHUH7 P1265,2027-03-05,P,1.265,0.038700000,3,
2026-09-17,CHU,OPT,CHUH7 P1270,2027-03-05,P,1.27,0.042300000,3,10
2026-09-17,CHU,OPT,CHUH7 P1275,2027-03-05,P,1.275,0.046000000,3,
2026-09-17,CHU,OPT,CHUH7 P1280,2027-03-05,P,1.28,0.049900000,3,
2026-09-17,CHU,OPT,CHUH7 P1285,2027-03-05,P,1.285,0.053900000,3,
2026-09-17,CHU,OPT,CHUH7 P1290,2027-03-05,P,1.29,0.057900000,3,
2026-09-17,CHU,OPT,CHUH7 P1295,2027-03-05,P,1.295,0.062100000,3,
2026-09-17,CHU,OPT,CHUH7 P1300,2027-03-05,P,1.3,0.066300000,3,
2026-09-17,CHU,OPT,CHUH7 P1305,2027-03-05,P,1.305,0.070600000,3,
2026-09-17,CHU,OPT,CHUH7 P1310,2027-03-05,P,1.31,0.075000000,3,
2026-09-17,CHU,OPT,CHUH7 P1315,2027-03-05,P,1.315,0.079400000,3,
2026-09-17,CHU,OPT,CHUH7 P1320,2027-03-05,P,1.32,0.083900000,3,
2026-09-17,CHU,OPT,CHUH7 P1325,2027-03-05,P,1.325,0.088400000,3,
2026-09-17,CHU,OPT,CHUH7 P1330,2027-03-05,P,1.33,0.093000000,3,
2026-09-17,CHU,OPT,CHUH7 P1335,2027-03-05,P,1.335,0.097600000,3,
2026-09-17,CHU,OPT,CHUH7 P1340,2027-03-05,P,1.34,0.102200000,3,10
2026-09-17,CHU,OPT,CHUH7 P1345,2027-03-05,P,1.345,0.106900000,3,
2026-09-17,CHU,OPT,CHUH7 P1350,2027-03-05,P,1.35,0.111600000,3,
2026-09-17,CHU,OPT,CHUH7 P1355,2027-03-05,P,1.355,0.116300000,3,
2026-09-17,CHU,OPT,CHUH7 P1360,2027-03-05,P,1.36,0.121100000,3,
2026-09-17,CHU,OPT,CHUH7 P1365,2027-03-05,P,1.365,0.125800000,3,
2026-09-17,CHU,OPT,CHUH7 P1370,2027-03-05,P,1.37,0.130600000,3,
2026-09-17,CHU,OPT,CHUH7 P1375,2027-03-05,P,1.375,0.135400000,3,
2026-09-17,CHU,OPT,CHUH7 P1380,2027-03-05,P,1.38,0.140200000,3,
2026-09-17,CHU,OPT,CHUH7 P1385,2027-03-05,P,1.385,0.145000000,3,
2026-09-17,CHU,OPT,CHUH7 P1390,2027-03-05,P,1.39,0.149800000,3,
2026-09-17,CHU,OPT,CHUH7 P1395,2027-03-05,P,1.395,0.154700000,3,
2026-09-17,CHU,OPT,CHUH7 P1400,2027-03-05,P,1.4,0.159500000,3,
2026-09-17,CHU,OPT,CHUH7 P1405,2027-03-05,P,1.405,0.164300000,3,
2026-09-17,CHU,OPT,CHUH7 P1410,2027-03-05,P,1.41,0.169200000,3,
2026-09-17,CHU,OPT,CHUH7 P1420,2027-03-05,P,1.42,0.178800000,3,
2026-09-17,CHU,OPT,CHUH7 P1430,2027-03-05,P,1.43,0.188500000,3,
2026-09-17,CHU,OPT,CHUH7 P1440,2027-03-05,P,1.44,0.198300000,3,
2026-09-17,CHU,OPT,CHUH7 P1450,2027-03-05,P,1.45,0.208000000,3,
2026-09-17,CHU,OPT,CHUH7 P1460,2027-03-05,P,1.46,0.217800000,3,
2026-09-17,CHU,OPT,CHUJ7 C1150,2027-04-09,C,1.15,0.101500000,3,
2026-09-17,CHU,OPT,CHUJ7 C1160,2027-04-09,C,1.16,0.092300000,3,
2026-09-17,CHU,OPT,CHUJ7 C1170,2027-04-09,C,1.17,0.083300000,3,
2026-09-17,CHU,OPT,CHUJ7 C1180,2027-04-09,C,1.18,0.074600000,3,
2026-09-17,CHU,OPT,CHUJ7 C1190,2027-04-09,C,1.19,0.066200000,3,
2026-09-17,CHU,OPT,CHUJ7 C1200,2027-04-09,C,1.2,0.058100000,3,
2026-09-17,CHU,OPT,CHUJ7 C1205,2027-04-09,C,1.205,0.054200000,3,
2026-09-17,CHU,OPT,CHUJ7 C1210,2027-04-09,C,1.21,0.050500000,3,
2026-09-17,CHU,OPT,CHUJ7 C1215,2027-04-09,C,1.215,0.046900000,3,
2026-09-17,CHU,OPT,CHUJ7 C1220,2027-04-09,C,1.22,0.043400000,3,
2026-09-17,CHU,OPT,CHUJ7 C1225,2027-04-09,C,1.225,0.040100000,3,
2026-09-17,CHU,OPT,CHUJ7 C1230,2027-04-09,C,1.23,0.036900000,3,
2026-09-17,CHU,OPT,CHUJ7 C1235,2027-04-09,C,1.235,0.033900000,3,
2026-09-17,CHU,OPT,CHUJ7 C1240,2027-04-09,C,1.24,0.031000000,3,
2026-09-17,CHU,OPT,CHUJ7 C1245,2027-04-09,C,1.245,0.028400000,3,
2026-09-17,CHU,OPT,CHUJ7 C1250,2027-04-09,C,1.25,0.025900000,3,
2026-09-17,CHU,OPT,CHUJ7 C1255,2027-04-09,C,1.255,0.023700000,3,
2026-09-17,CHU,OPT,CHUJ7 C1260,2027-04-09,C,1.26,0.021600000,3,
2026-09-17,CHU,OPT,CHUJ7 C1265,2027-04-09,C,1.265,0.019700000,3,1
2026-09-17,CHU,OPT,CHUJ7 C1270,2027-04-09,C,1.27,0.017900000,3,
2026-09-17,CHU,OPT,CHUJ7 C1275,2027-04-09,C,1.275,0.016300000,3,
2026-09-17,CHU,OPT,CHUJ7 C1280,2027-04-09,C,1.28,0.014800000,3,
2026-09-17,CHU,OPT,CHUJ7 C1285,2027-04-09,C,1.285,0.013500000,3,
2026-09-17,CHU,OPT,CHUJ7 C1290,2027-04-09,C,1.29,0.012300000,3,
2026-09-17,CHU,OPT,CHUJ7 C1295,2027-04-09,C,1.295,0.011200000,3,
2026-09-17,CHU,OPT,CHUJ7 C1300,2027-04-09,C,1.3,0.010200000,3,
2026-09-17,CHU,OPT,CHUJ7 C1305,2027-04-09,C,1.305,0.009200000,3,
2026-09-17,CHU,OPT,CHUJ7 C1310,2027-04-09,C,1.31,0.008400000,3,
2026-09-17,CHU,OPT,CHUJ7 C1315,2027-04-09,C,1.315,0.007600000,3,
2026-09-17,CHU,OPT,CHUJ7 C1320,2027-04-09,C,1.32,0.007000000,3,
2026-09-17,CHU,OPT,CHUJ7 C1325,2027-04-09,C,1.325,0.006300000,3,
2026-09-17,CHU,OPT,CHUJ7 C1330,2027-04-09,C,1.33,0.005800000,3,
2026-09-17,CHU,OPT,CHUJ7 C1335,2027-04-09,C,1.335,0.005300000,3,
2026-09-17,CHU,OPT,CHUJ7 C1340,2027-04-09,C,1.34,0.004800000,3,
2026-09-17,CHU,OPT,CHUJ7 C1345,2027-04-09,C,1.345,0.004400000,3,
2026-09-17,CHU,OPT,CHUJ7 C1350,2027-04-09,C,1.35,0.004000000,3,
2026-09-17,CHU,OPT,CHUJ7 C1355,2027-04-09,C,1.355,0.003700000,3,
2026-09-17,CHU,OPT,CHUJ7 C1360,2027-04-09,C,1.36,0.003300000,3,
2026-09-17,CHU,OPT,CHUJ7 C1365,2027-04-09,C,1.365,0.003000000,3,
2026-09-17,CHU,OPT,CHUJ7 C1370,2027-04-09,C,1.37,0.002800000,3,1
2026-09-17,CHU,OPT,CHUJ7 C1375,2027-04-09,C,1.375,0.002500000,3,
2026-09-17,CHU,OPT,CHUJ7 C1380,2027-04-09,C,1.38,0.002300000,3,
2026-09-17,CHU,OPT,CHUJ7 C1385,2027-04-09,C,1.385,0.002100000,3,
2026-09-17,CHU,OPT,CHUJ7 C1390,2027-04-09,C,1.39,0.001900000,3,
2026-09-17,CHU,OPT,CHUJ7 C1400,2027-04-09,C,1.4,0.001600000,3,1
2026-09-17,CHU,OPT,CHUJ7 C1410,2027-04-09,C,1.41,0.001300000,3,
2026-09-17,CHU,OPT,CHUJ7 C1420,2027-04-09,C,1.42,0.001100000,3,
2026-09-17,CHU,OPT,CHUJ7 C1430,2027-04-09,C,1.43,0.000900000,3,
2026-09-17,CHU,OPT,CHUJ7 C1440,2027-04-09,C,1.44,0.000700000,3,
2026-09-17,CHU,OPT,CHUJ7 P1150,2027-04-09,P,1.15,0.001500000,3,
2026-09-17,CHU,OPT,CHUJ7 P1160,2027-04-09,P,1.16,0.002000000,3,
2026-09-17,CHU,OPT,CHUJ7 P1170,2027-04-09,P,1.17,0.002800000,3,
2026-09-17,CHU,OPT,CHUJ7 P1180,2027-04-09,P,1.18,0.003900000,3,
2026-09-17,CHU,OPT,CHUJ7 P1190,2027-04-09,P,1.19,0.005200000,3,
2026-09-17,CHU,OPT,CHUJ7 P1200,2027-04-09,P,1.2,0.006900000,3,
2026-09-17,CHU,OPT,CHUJ7 P1205,2027-04-09,P,1.205,0.007900000,3,
2026-09-17,CHU,OPT,CHUJ7 P1210,2027-04-09,P,1.21,0.009100000,3,
2026-09-17,CHU,OPT,CHUJ7 P1215,2027-04-09,P,1.215,0.010300000,3,
2026-09-17,CHU,OPT,CHUJ7 P1220,2027-04-09,P,1.22,0.011700000,3,
2026-09-17,CHU,OPT,CHUJ7 P1225,2027-04-09,P,1.225,0.013300000,3,
2026-09-17,CHU,OPT,CHUJ7 P1230,2027-04-09,P,1.23,0.015000000,3,
2026-09-17,CHU,OPT,CHUJ7 P1235,2027-04-09,P,1.235,0.016900000,3,
2026-09-17,CHU,OPT,CHUJ7 P1240,2027-04-09,P,1.24,0.018900000,3,
2026-09-17,CHU,OPT,CHUJ7 P1245,2027-04-09,P,1.245,0.021200000,3,
2026-09-17,CHU,OPT,CHUJ7 P1250,2027-04-09,P,1.25,0.023600000,3,
2026-09-17,CHU,OPT,CHUJ7 P1255,2027-04-09,P,1.255,0.026200000,3,
2026-09-17,CHU,OPT,CHUJ7 P1260,2027-04-09,P,1.26,0.029000000,3,1
2026-09-17,CHU,OPT,CHUJ7 P1265,2027-04-09,P,1.265,0.032000000,3,1
2026-09-17,CHU,OPT,CHUJ7 P1270,2027-04-09,P,1.27,0.035100000,3,
2026-09-17,CHU,OPT,CHUJ7 P1275,2027-04-09,P,1.275,0.038400000,3,
2026-09-17,CHU,OPT,CHUJ7 P1280,2027-04-09,P,1.28,0.041800000,3,
2026-09-17,CHU,OPT,CHUJ7 P1285,2027-04-09,P,1.285,0.045400000,3,
2026-09-17,CHU,OPT,CHUJ7 P1290,2027-04-09,P,1.29,0.049000000,3,
2026-09-17,CHU,OPT,CHUJ7 P1295,2027-04-09,P,1.295,0.052800000,3,
2026-09-17,CHU,OPT,CHUJ7 P1300,2027-04-09,P,1.3,0.056700000,3,
2026-09-17,CHU,OPT,CHUJ7 P1305,2027-04-09,P,1.305,0.060600000,3,
2026-09-17,CHU,OPT,CHUJ7 P1310,2027-04-09,P,1.31,0.064700000,3,
2026-09-17,CHU,OPT,CHUJ7 P1315,2027-04-09,P,1.315,0.068800000,3,
2026-09-17,CHU,OPT,CHUJ7 P1320,2027-04-09,P,1.32,0.073000000,3,
2026-09-17,CHU,OPT,CHUJ7 P1325,2027-04-09,P,1.325,0.077300000,3,
2026-09-17,CHU,OPT,CHUJ7 P1330,2027-04-09,P,1.33,0.081600000,3,
2026-09-17,CHU,OPT,CHUJ7 P1335,2027-04-09,P,1.335,0.086000000,3,
2026-09-17,CHU,OPT,CHUJ7 P1340,2027-04-09,P,1.34,0.090400000,3,
2026-09-17,CHU,OPT,CHUJ7 P1345,2027-04-09,P,1.345,0.094900000,3,
2026-09-17,CHU,OPT,CHUJ7 P1350,2027-04-09,P,1.35,0.099400000,3,
2026-09-17,CHU,OPT,CHUJ7 P1355,2027-04-09,P,1.355,0.103900000,3,
2026-09-17,CHU,OPT,CHUJ7 P1360,2027-04-09,P,1.36,0.108500000,3,
2026-09-17,CHU,OPT,CHUJ7 P1365,2027-04-09,P,1.365,0.113000000,3,
2026-09-17,CHU,OPT,CHUJ7 P1370,2027-04-09,P,1.37,0.117700000,3,
2026-09-17,CHU,OPT,CHUJ7 P1375,2027-04-09,P,1.375,0.122300000,3,
2026-09-17,CHU,OPT,CHUJ7 P1380,2027-04-09,P,1.38,0.127000000,3,
2026-09-17,CHU,OPT,CHUJ7 P1385,2027-04-09,P,1.385,0.131700000,3,
2026-09-17,CHU,OPT,CHUJ7 P1390,2027-04-09,P,1.39,0.136400000,3,
2026-09-17,CHU,OPT,CHUJ7 P1400,2027-04-09,P,1.4,0.145800000,3,
2026-09-17,CHU,OPT,CHUJ7 P1410,2027-04-09,P,1.41,0.155300000,3,
2026-09-17,CHU,OPT,CHUJ7 P1420,2027-04-09,P,1.42,0.164800000,3,
2026-09-17,CHU,OPT,CHUJ7 P1430,2027-04-09,P,1.43,0.174400000,3,
2026-09-17,CHU,OPT,CHUJ7 P1440,2027-04-09,P,1.44,0.184000000,3,
2026-09-17,CHU,OPT,CHUK7 C1150,2027-05-07,C,1.15,0.102000000,3,
2026-09-17,CHU,OPT,CHUK7 C1160,2027-05-07,C,1.16,0.092900000,3,
2026-09-17,CHU,OPT,CHUK7 C1170,2027-05-07,C,1.17,0.084100000,3,
2026-09-17,CHU,OPT,CHUK7 C1180,2027-05-07,C,1.18,0.075400000,3,
2026-09-17,CHU,OPT,CHUK7 C1190,2027-05-07,C,1.19,0.067100000,3,
2026-09-17,CHU,OPT,CHUK7 C1200,2027-05-07,C,1.2,0.059300000,3,
2026-09-17,CHU,OPT,CHUK7 C1205,2027-05-07,C,1.205,0.055500000,3,
2026-09-17,CHU,OPT,CHUK7 C1210,2027-05-07,C,1.21,0.051900000,3,
2026-09-17,CHU,OPT,CHUK7 C1215,2027-05-07,C,1.215,0.048400000,3,
2026-09-17,CHU,OPT,CHUK7 C1220,2027-05-07,C,1.22,0.045000000,3,
2026-09-17,CHU,OPT,CHUK7 C1225,2027-05-07,C,1.225,0.041700000,3,
2026-09-17,CHU,OPT,CHUK7 C1230,2027-05-07,C,1.23,0.038600000,3,
2026-09-17,CHU,OPT,CHUK7 C1235,2027-05-07,C,1.235,0.035700000,3,
2026-09-17,CHU,OPT,CHUK7 C1240,2027-05-07,C,1.24,0.032900000,3,
2026-09-17,CHU,OPT,CHUK7 C1245,2027-05-07,C,1.245,0.030300000,3,
2026-09-17,CHU,OPT,CHUK7 C1250,2027-05-07,C,1.25,0.027900000,3,
2026-09-17,CHU,OPT,CHUK7 C1255,2027-05-07,C,1.255,0.025600000,3,
2026-09-17,CHU,OPT,CHUK7 C1260,2027-05-07,C,1.26,0.023500000,3,
2026-09-17,CHU,OPT,CHUK7 C1265,2027-05-07,C,1.265,0.021600000,3,
2026-09-17,CHU,OPT,CHUK7 C1270,2027-05-07,C,1.27,0.019800000,3,
2026-09-17,CHU,OPT,CHUK7 C1275,2027-05-07,C,1.275,0.018200000,3,
2026-09-17,CHU,OPT,CHUK7 C1280,2027-05-07,C,1.28,0.016700000,3,
2026-09-17,CHU,OPT,CHUK7 C1285,2027-05-07,C,1.285,0.015300000,3,
2026-09-17,CHU,OPT,CHUK7 C1290,2027-05-07,C,1.29,0.014100000,3,
2026-09-17,CHU,OPT,CHUK7 C1295,2027-05-07,C,1.295,0.012900000,3,
2026-09-17,CHU,OPT,CHUK7 C1300,2027-05-07,C,1.3,0.011800000,3,
2026-09-17,CHU,OPT,CHUK7 C1305,2027-05-07,C,1.305,0.010900000,3,
2026-09-17,CHU,OPT,CHUK7 C1310,2027-05-07,C,1.31,0.010000000,3,
2026-09-17,CHU,OPT,CHUK7 C1315,2027-05-07,C,1.315,0.009200000,3,
2026-09-17,CHU,OPT,CHUK7 C1320,2027-05-07,C,1.32,0.008400000,3,
2026-09-17,CHU,OPT,CHUK7 C1325,2027-05-07,C,1.325,0.007700000,3,1
2026-09-17,CHU,OPT,CHUK7 C1330,2027-05-07,C,1.33,0.007100000,3,
2026-09-17,CHU,OPT,CHUK7 C1335,2027-05-07,C,1.335,0.006500000,3,
2026-09-17,CHU,OPT,CHUK7 C1340,2027-05-07,C,1.34,0.006000000,3,9
2026-09-17,CHU,OPT,CHUK7 C1345,2027-05-07,C,1.345,0.005500000,3,
2026-09-17,CHU,OPT,CHUK7 C1350,2027-05-07,C,1.35,0.005100000,3,
2026-09-17,CHU,OPT,CHUK7 C1355,2027-05-07,C,1.355,0.004700000,3,
2026-09-17,CHU,OPT,CHUK7 C1360,2027-05-07,C,1.36,0.004300000,3,
2026-09-17,CHU,OPT,CHUK7 C1365,2027-05-07,C,1.365,0.003900000,3,
2026-09-17,CHU,OPT,CHUK7 C1370,2027-05-07,C,1.37,0.003600000,3,
2026-09-17,CHU,OPT,CHUK7 C1375,2027-05-07,C,1.375,0.003400000,3,
2026-09-17,CHU,OPT,CHUK7 C1380,2027-05-07,C,1.38,0.003100000,3,
2026-09-17,CHU,OPT,CHUK7 C1385,2027-05-07,C,1.385,0.002900000,3,
2026-09-17,CHU,OPT,CHUK7 C1390,2027-05-07,C,1.39,0.002600000,3,
2026-09-17,CHU,OPT,CHUK7 C1400,2027-05-07,C,1.4,0.002200000,3,
2026-09-17,CHU,OPT,CHUK7 C1410,2027-05-07,C,1.41,0.001900000,3,
2026-09-17,CHU,OPT,CHUK7 C1420,2027-05-07,C,1.42,0.001600000,3,
2026-09-17,CHU,OPT,CHUK7 C1430,2027-05-07,C,1.43,0.001300000,3,
2026-09-17,CHU,OPT,CHUK7 C1440,2027-05-07,C,1.44,0.001100000,3,1
2026-09-17,CHU,OPT,CHUK7 P1150,2027-05-07,P,1.15,0.002300000,3,
2026-09-17,CHU,OPT,CHUK7 P1160,2027-05-07,P,1.16,0.003000000,3,
2026-09-17,CHU,OPT,CHUK7 P1170,2027-05-07,P,1.17,0.003800000,3,
2026-09-17,CHU,OPT,CHUK7 P1180,2027-05-07,P,1.18,0.005000000,3,
2026-09-17,CHU,OPT,CHUK7 P1190,2027-05-07,P,1.19,0.006300000,3,
2026-09-17,CHU,OPT,CHUK7 P1200,2027-05-07,P,1.2,0.008300000,3,1
2026-09-17,CHU,OPT,CHUK7 P1205,2027-05-07,P,1.205,0.009400000,3,
2026-09-17,CHU,OPT,CHUK7 P1210,2027-05-07,P,1.21,0.010600000,3,
2026-09-17,CHU,OPT,CHUK7 P1215,2027-05-07,P,1.215,0.012000000,3,
2026-09-17,CHU,OPT,CHUK7 P1220,2027-05-07,P,1.22,0.013400000,3,
2026-09-17,CHU,OPT,CHUK7 P1225,2027-05-07,P,1.225,0.015100000,3,
2026-09-17,CHU,OPT,CHUK7 P1230,2027-05-07,P,1.23,0.016800000,3,1
2026-09-17,CHU,OPT,CHUK7 P1235,2027-05-07,P,1.235,0.018800000,3,
2026-09-17,CHU,OPT,CHUK7 P1240,2027-05-07,P,1.24,0.020800000,3,
2026-09-17,CHU,OPT,CHUK7 P1245,2027-05-07,P,1.245,0.023100000,3,
2026-09-17,CHU,OPT,CHUK7 P1250,2027-05-07,P,1.25,0.025500000,3,
2026-09-17,CHU,OPT,CHUK7 P1255,2027-05-07,P,1.255,0.028100000,3,
2026-09-17,CHU,OPT,CHUK7 P1260,2027-05-07,P,1.26,0.030900000,3,
2026-09-17,CHU,OPT,CHUK7 P1265,2027-05-07,P,1.265,0.033900000,3,
2026-09-17,CHU,OPT,CHUK7 P1270,2027-05-07,P,1.27,0.036900000,3,
2026-09-17,CHU,OPT,CHUK7 P1275,2027-05-07,P,1.275,0.040200000,3,
2026-09-17,CHU,OPT,CHUK7 P1280,2027-05-07,P,1.28,0.043600000,3,
2026-09-17,CHU,OPT,CHUK7 P1285,2027-05-07,P,1.285,0.047100000,3,
2026-09-17,CHU,OPT,CHUK7 P1290,2027-05-07,P,1.29,0.050700000,3,
2026-09-17,CHU,OPT,CHUK7 P1295,2027-05-07,P,1.295,0.054400000,3,
2026-09-17,CHU,OPT,CHUK7 P1300,2027-05-07,P,1.3,0.058200000,3,
2026-09-17,CHU,OPT,CHUK7 P1305,2027-05-07,P,1.305,0.062100000,3,
2026-09-17,CHU,OPT,CHUK7 P1310,2027-05-07,P,1.31,0.066100000,3,
2026-09-17,CHU,OPT,CHUK7 P1315,2027-05-07,P,1.315,0.070100000,3,
2026-09-17,CHU,OPT,CHUK7 P1320,2027-05-07,P,1.32,0.074200000,3,
2026-09-17,CHU,OPT,CHUK7 P1325,2027-05-07,P,1.325,0.078400000,3,
2026-09-17,CHU,OPT,CHUK7 P1330,2027-05-07,P,1.33,0.082600000,3,
2026-09-17,CHU,OPT,CHUK7 P1335,2027-05-07,P,1.335,0.086900000,3,
2026-09-17,CHU,OPT,CHUK7 P1340,2027-05-07,P,1.34,0.091300000,3,
2026-09-17,CHU,OPT,CHUK7 P1345,2027-05-07,P,1.345,0.095700000,3,
2026-09-17,CHU,OPT,CHUK7 P1350,2027-05-07,P,1.35,0.100100000,3,
2026-09-17,CHU,OPT,CHUK7 P1355,2027-05-07,P,1.355,0.104500000,3,
2026-09-17,CHU,OPT,CHUK7 P1360,2027-05-07,P,1.36,0.109000000,3,
2026-09-17,CHU,OPT,CHUK7 P1365,2027-05-07,P,1.365,0.113600000,3,
2026-09-17,CHU,OPT,CHUK7 P1370,2027-05-07,P,1.37,0.118100000,3,
2026-09-17,CHU,OPT,CHUK7 P1375,2027-05-07,P,1.375,0.122700000,3,
2026-09-17,CHU,OPT,CHUK7 P1380,2027-05-07,P,1.38,0.127300000,3,
2026-09-17,CHU,OPT,CHUK7 P1385,2027-05-07,P,1.385,0.132000000,3,
2026-09-17,CHU,OPT,CHUK7 P1390,2027-05-07,P,1.39,0.136600000,3,
2026-09-17,CHU,OPT,CHUK7 P1400,2027-05-07,P,1.4,0.145900000,3,
2026-09-17,CHU,OPT,CHUK7 P1410,2027-05-07,P,1.41,0.155300000,3,
2026-09-17,CHU,OPT,CHUK7 P1420,2027-05-07,P,1.42,0.164700000,3,
2026-09-17,CHU,OPT,CHUK7 P1430,2027-05-07,P,1.43,0.174200000,3,
2026-09-17,CHU,OPT,CHUK7 P1440,2027-05-07,P,1.44,0.183800000,3,
2026-09-17,CHU,OPT,CHUM7 C1150,2027-06-04,C,1.15,0.102300000,3,
2026-09-17,CHU,OPT,CHUM7 C1160,2027-06-04,C,1.16,0.093400000,3,
2026-09-17,CHU,OPT,CHUM7 C1170,2027-06-04,C,1.17,0.084700000,3,1
2026-09-17,CHU,OPT,CHUM7 C1180,2027-06-04,C,1.18,0.076300000,3,1
2026-09-17,CHU,OPT,CHUM7 C1190,2027-06-04,C,1.19,0.068100000,3,
2026-09-17,CHU,OPT,CHUM7 C1200,2027-06-04,C,1.2,0.060400000,3,
2026-09-17,CHU,OPT,CHUM7 C1205,2027-06-04,C,1.205,0.056700000,3,
2026-09-17,CHU,OPT,CHUM7 C1210,2027-06-04,C,1.21,0.053100000,3,
2026-09-17,CHU,OPT,CHUM7 C1215,2027-06-04,C,1.215,0.049700000,3,
2026-09-17,CHU,OPT,CHUM7 C1220,2027-06-04,C,1.22,0.046400000,3,1
2026-09-17,CHU,OPT,CHUM7 C1225,2027-06-04,C,1.225,0.043200000,3,
2026-09-17,CHU,OPT,CHUM7 C1230,2027-06-04,C,1.23,0.040200000,3,
2026-09-17,CHU,OPT,CHUM7 C1235,2027-06-04,C,1.235,0.037300000,3,
2026-09-17,CHU,OPT,CHUM7 C1240,2027-06-04,C,1.24,0.034600000,3,
2026-09-17,CHU,OPT,CHUM7 C1245,2027-06-04,C,1.245,0.032000000,3,
2026-09-17,CHU,OPT,CHUM7 C1250,2027-06-04,C,1.25,0.029600000,3,
2026-09-17,CHU,OPT,CHUM7 C1255,2027-06-04,C,1.255,0.027400000,3,
2026-09-17,CHU,OPT,CHUM7 C1260,2027-06-04,C,1.26,0.025300000,3,
2026-09-17,CHU,OPT,CHUM7 C1265,2027-06-04,C,1.265,0.023400000,3,
2026-09-17,CHU,OPT,CHUM7 C1270,2027-06-04,C,1.27,0.021600000,3,
2026-09-17,CHU,OPT,CHUM7 C1275,2027-06-04,C,1.275,0.019900000,3,
2026-09-17,CHU,OPT,CHUM7 C1280,2027-06-04,C,1.28,0.018400000,3,
2026-09-17,CHU,OPT,CHUM7 C1285,2027-06-04,C,1.285,0.017000000,3,
2026-09-17,CHU,OPT,CHUM7 C1290,2027-06-04,C,1.29,0.015700000,3,
2026-09-17,CHU,OPT,CHUM7 C1295,2027-06-04,C,1.295,0.014500000,3,
2026-09-17,CHU,OPT,CHUM7 C1300,2027-06-04,C,1.3,0.013400000,3,
2026-09-17,CHU,OPT,CHUM7 C1305,2027-06-04,C,1.305,0.012300000,3,
2026-09-17,CHU,OPT,CHUM7 C1310,2027-06-04,C,1.31,0.011400000,3,
2026-09-17,CHU,OPT,CHUM7 C1315,2027-06-04,C,1.315,0.010500000,3,
2026-09-17,CHU,OPT,CHUM7 C1320,2027-06-04,C,1.32,0.009700000,3,
2026-09-17,CHU,OPT,CHUM7 C1325,2027-06-04,C,1.325,0.009000000,3,
2026-09-17,CHU,OPT,CHUM7 C1330,2027-06-04,C,1.33,0.008300000,3,
2026-09-17,CHU,OPT,CHUM7 C1335,2027-06-04,C,1.335,0.007700000,3,
2026-09-17,CHU,OPT,CHUM7 C1340,2027-06-04,C,1.34,0.007100000,3,
2026-09-17,CHU,OPT,CHUM7 C1345,2027-06-04,C,1.345,0.006600000,3,
2026-09-17,CHU,OPT,CHUM7 C1350,2027-06-04,C,1.35,0.006100000,3,
2026-09-17,CHU,OPT,CHUM7 C1355,2027-06-04,C,1.355,0.005600000,3,
2026-09-17,CHU,OPT,CHUM7 C1360,2027-06-04,C,1.36,0.005200000,3,2
2026-09-17,CHU,OPT,CHUM7 C1365,2027-06-04,C,1.365,0.004900000,3,10
2026-09-17,CHU,OPT,CHUM7 C1370,2027-06-04,C,1.37,0.004500000,3,
2026-09-17,CHU,OPT,CHUM7 C1375,2027-06-04,C,1.375,0.004200000,3,
2026-09-17,CHU,OPT,CHUM7 C1380,2027-06-04,C,1.38,0.003900000,3,
2026-09-17,CHU,OPT,CHUM7 C1385,2027-06-04,C,1.385,0.003600000,3,
2026-09-17,CHU,OPT,CHUM7 C1390,2027-06-04,C,1.39,0.003400000,3,
2026-09-17,CHU,OPT,CHUM7 C1395,2027-06-04,C,1.395,0.003100000,3,
2026-09-17,CHU,OPT,CHUM7 C1400,2027-06-04,C,1.4,0.002900000,3,
2026-09-17,CHU,OPT,CHUM7 C1405,2027-06-04,C,1.405,0.002700000,3,
2026-09-17,CHU,OPT,CHUM7 C1410,2027-06-04,C,1.41,0.002600000,3,
2026-09-17,CHU,OPT,CHUM7 C1415,2027-06-04,C,1.415,0.002400000,3,
2026-09-17,CHU,OPT,CHUM7 C1420,2027-06-04,C,1.42,0.002200000,3,10
2026-09-17,CHU,OPT,CHUM7 C1430,2027-06-04,C,1.43,0.001900000,3,1
2026-09-17,CHU,OPT,CHUM7 C1440,2027-06-04,C,1.44,0.001600000,3,
2026-09-17,CHU,OPT,CHUM7 C1450,2027-06-04,C,1.45,0.001400000,3,
2026-09-17,CHU,OPT,CHUM7 C1460,2027-06-04,C,1.46,0.001200000,3,
2026-09-17,CHU,OPT,CHUM7 C1470,2027-06-04,C,1.47,0.001100000,3,
2026-09-17,CHU,OPT,CHUM7 P1150,2027-06-04,P,1.15,0.003000000,3,
2026-09-17,CHU,OPT,CHUM7 P1160,2027-06-04,P,1.16,0.003800000,3,
2026-09-17,CHU,OPT,CHUM7 P1170,2027-06-04,P,1.17,0.004800000,3,
2026-09-17,CHU,OPT,CHUM7 P1180,2027-06-04,P,1.18,0.006000000,3,
2026-09-17,CHU,OPT,CHUM7 P1190,2027-06-04,P,1.19,0.007500000,3,
2026-09-17,CHU,OPT,CHUM7 P1200,2027-06-04,P,1.2,0.009600000,3,10
2026-09-17,CHU,OPT,CHUM7 P1205,2027-06-04,P,1.205,0.010700000,3,
2026-09-17,CHU,OPT,CHUM7 P1210,2027-06-04,P,1.21,0.012000000,3,
2026-09-17,CHU,OPT,CHUM7 P1215,2027-06-04,P,1.215,0.013400000,3,
2026-09-17,CHU,OPT,CHUM7 P1220,2027-06-04,P,1.22,0.014900000,3,
2026-09-17,CHU,OPT,CHUM7 P1225,2027-06-04,P,1.225,0.016600000,3,
2026-09-17,CHU,OPT,CHUM7 P1230,2027-06-04,P,1.23,0.018400000,3,
2026-09-17,CHU,OPT,CHUM7 P1235,2027-06-04,P,1.235,0.020400000,3,
2026-09-17,CHU,OPT,CHUM7 P1240,2027-06-04,P,1.24,0.022500000,3,
2026-09-17,CHU,OPT,CHUM7 P1245,2027-06-04,P,1.245,0.024800000,3,10
2026-09-17,CHU,OPT,CHUM7 P1250,2027-06-04,P,1.25,0.027300000,3,
2026-09-17,CHU,OPT,CHUM7 P1255,2027-06-04,P,1.255,0.029900000,3,
2026-09-17,CHU,OPT,CHUM7 P1260,2027-06-04,P,1.26,0.032700000,3,
2026-09-17,CHU,OPT,CHUM7 P1265,2027-06-04,P,1.265,0.035600000,3,
2026-09-17,CHU,OPT,CHUM7 P1270,2027-06-04,P,1.27,0.038600000,3,
2026-09-17,CHU,OPT,CHUM7 P1275,2027-06-04,P,1.275,0.041800000,3,
2026-09-17,CHU,OPT,CHUM7 P1280,2027-06-04,P,1.28,0.045200000,3,
2026-09-17,CHU,OPT,CHUM7 P1285,2027-06-04,P,1.285,0.048600000,3,10
2026-09-17,CHU,OPT,CHUM7 P1290,2027-06-04,P,1.29,0.052100000,3,
2026-09-17,CHU,OPT,CHUM7 P1295,2027-06-04,P,1.295,0.055800000,3,
2026-09-17,CHU,OPT,CHUM7 P1300,2027-06-04,P,1.3,0.059500000,3,
2026-09-17,CHU,OPT,CHUM7 P1305,2027-06-04,P,1.305,0.063400000,3,
2026-09-17,CHU,OPT,CHUM7 P1310,2027-06-04,P,1.31,0.067300000,3,
2026-09-17,CHU,OPT,CHUM7 P1315,2027-06-04,P,1.315,0.071300000,3,
2026-09-17,CHU,OPT,CHUM7 P1320,2027-06-04,P,1.32,0.075300000,3,
2026-09-17,CHU,OPT,CHUM7 P1325,2027-06-04,P,1.325,0.079400000,3,
2026-09-17,CHU,OPT,CHUM7 P1330,2027-06-04,P,1.33,0.083600000,3,
2026-09-17,CHU,OPT,CHUM7 P1335,2027-06-04,P,1.335,0.087800000,3,
2026-09-17,CHU,OPT,CHUM7 P1340,2027-06-04,P,1.34,0.092100000,3,
2026-09-17,CHU,OPT,CHUM7 P1345,2027-06-04,P,1.345,0.096400000,3,
2026-09-17,CHU,OPT,CHUM7 P1350,2027-06-04,P,1.35,0.100800000,3,
2026-09-17,CHU,OPT,CHUM7 P1355,2027-06-04,P,1.355,0.105200000,3,
2026-09-17,CHU,OPT,CHUM7 P1360,2027-06-04,P,1.36,0.109600000,3,
2026-09-17,CHU,OPT,CHUM7 P1365,2027-06-04,P,1.365,0.114100000,3,
2026-09-17,CHU,OPT,CHUM7 P1370,2027-06-04,P,1.37,0.118600000,3,
2026-09-17,CHU,OPT,CHUM7 P1375,2027-06-04,P,1.375,0.123100000,3,
2026-09-17,CHU,OPT,CHUM7 P1380,2027-06-04,P,1.38,0.127700000,3,
2026-09-17,CHU,OPT,CHUM7 P1385,2027-06-04,P,1.385,0.132300000,3,
2026-09-17,CHU,OPT,CHUM7 P1390,2027-06-04,P,1.39,0.136900000,3,
2026-09-17,CHU,OPT,CHUM7 P1395,2027-06-04,P,1.395,0.141500000,3,
2026-09-17,CHU,OPT,CHUM7 P1400,2027-06-04,P,1.4,0.146100000,3,
2026-09-17,CHU,OPT,CHUM7 P1405,2027-06-04,P,1.405,0.150800000,3,
2026-09-17,CHU,OPT,CHUM7 P1410,2027-06-04,P,1.41,0.155500000,3,
2026-09-17,CHU,OPT,CHUM7 P1415,2027-06-04,P,1.415,0.160100000,3,
2026-09-17,CHU,OPT,CHUM7 P1420,2027-06-04,P,1.42,0.164800000,3,
2026-09-17,CHU,OPT,CHUM7 P1430,2027-06-04,P,1.43,0.174200000,3,
2026-09-17,CHU,OPT,CHUM7 P1440,2027-06-04,P,1.44,0.183700000,3,
2026-09-17,CHU,OPT,CHUM7 P1450,2027-06-04,P,1.45,0.193100000,3,
2026-09-17,CHU,OPT,CHUM7 P1460,2027-06-04,P,1.46,0.202700000,3,
2026-09-17,CHU,OPT,CHUM7 P1470,2027-06-04,P,1.47,0.212200000,3,
2026-09-17,CHU,OPT,CHUN7 C1170,2027-07-09,C,1.17,0.097200000,3,
2026-09-17,CHU,OPT,CHUN7 C1180,2027-07-09,C,1.18,0.088700000,3,
2026-09-17,CHU,OPT,CHUN7 C1190,2027-07-09,C,1.19,0.080400000,3,
2026-09-17,CHU,OPT,CHUN7 C1200,2027-07-09,C,1.2,0.072400000,3,
2026-09-17,CHU,OPT,CHUN7 C1210,2027-07-09,C,1.21,0.064800000,3,
2026-09-17,CHU,OPT,CHUN7 C1215,2027-07-09,C,1.215,0.061100000,3,
2026-09-17,CHU,OPT,CHUN7 C1220,2027-07-09,C,1.22,0.057600000,3,
2026-09-17,CHU,OPT,CHUN7 C1225,2027-07-09,C,1.225,0.054100000,3,
2026-09-17,CHU,OPT,CHUN7 C1230,2027-07-09,C,1.23,0.050800000,3,1
2026-09-17,CHU,OPT,CHUN7 C1235,2027-07-09,C,1.235,0.047600000,3,
2026-09-17,CHU,OPT,CHUN7 C1240,2027-07-09,C,1.24,0.044500000,3,
2026-09-17,CHU,OPT,CHUN7 C1245,2027-07-09,C,1.245,0.041600000,3,
2026-09-17,CHU,OPT,CHUN7 C1250,2027-07-09,C,1.25,0.038800000,3,
2026-09-17,CHU,OPT,CHUN7 C1255,2027-07-09,C,1.255,0.036100000,3,
2026-09-17,CHU,OPT,CHUN7 C1260,2027-07-09,C,1.26,0.033600000,3,
2026-09-17,CHU,OPT,CHUN7 C1265,2027-07-09,C,1.265,0.031300000,3,
2026-09-17,CHU,OPT,CHUN7 C1270,2027-07-09,C,1.27,0.029200000,3,
2026-09-17,CHU,OPT,CHUN7 C1275,2027-07-09,C,1.275,0.027200000,3,
2026-09-17,CHU,OPT,CHUN7 C1280,2027-07-09,C,1.28,0.025300000,3,
2026-09-17,CHU,OPT,CHUN7 C1285,2027-07-09,C,1.285,0.023600000,3,
2026-09-17,CHU,OPT,CHUN7 C1290,2027-07-09,C,1.29,0.021900000,3,
2026-09-17,CHU,OPT,CHUN7 C1295,2027-07-09,C,1.295,0.020400000,3,
2026-09-17,CHU,OPT,CHUN7 C1300,2027-07-09,C,1.3,0.019000000,3,
2026-09-17,CHU,OPT,CHUN7 C1305,2027-07-09,C,1.305,0.017600000,3,
2026-09-17,CHU,OPT,CHUN7 C1310,2027-07-09,C,1.31,0.016400000,3,
2026-09-17,CHU,OPT,CHUN7 C1315,2027-07-09,C,1.315,0.015300000,3,
2026-09-17,CHU,OPT,CHUN7 C1320,2027-07-09,C,1.32,0.014200000,3,
2026-09-17,CHU,OPT,CHUN7 C1325,2027-07-09,C,1.325,0.013200000,3,
2026-09-17,CHU,OPT,CHUN7 C1330,2027-07-09,C,1.33,0.012300000,3,
2026-09-17,CHU,OPT,CHUN7 C1335,2027-07-09,C,1.335,0.011500000,3,
2026-09-17,CHU,OPT,CHUN7 C1340,2027-07-09,C,1.34,0.010700000,3,
2026-09-17,CHU,OPT,CHUN7 C1345,2027-07-09,C,1.345,0.010000000,3,
2026-09-17,CHU,OPT,CHUN7 C1350,2027-07-09,C,1.35,0.009300000,3,
2026-09-17,CHU,OPT,CHUN7 C1355,2027-07-09,C,1.355,0.008700000,3,
2026-09-17,CHU,OPT,CHUN7 C1360,2027-07-09,C,1.36,0.008100000,3,2
2026-09-17,CHU,OPT,CHUN7 C1370,2027-07-09,C,1.37,0.007000000,3,
2026-09-17,CHU,OPT,CHUN7 C1380,2027-07-09,C,1.38,0.006200000,3,
2026-09-17,CHU,OPT,CHUN7 C1390,2027-07-09,C,1.39,0.005400000,3,
2026-09-17,CHU,OPT,CHUN7 C1400,2027-07-09,C,1.4,0.004700000,3,8
2026-09-17,CHU,OPT,CHUN7 C1410,2027-07-09,C,1.41,0.004200000,3,
2026-09-17,CHU,OPT,CHUN7 P1170,2027-07-09,P,1.17,0.004300000,3,
2026-09-17,CHU,OPT,CHUN7 P1180,2027-07-09,P,1.18,0.005400000,3,
2026-09-17,CHU,OPT,CHUN7 P1190,2027-07-09,P,1.19,0.006800000,3,
2026-09-17,CHU,OPT,CHUN7 P1200,2027-07-09,P,1.2,0.008500000,3,
2026-09-17,CHU,OPT,CHUN7 P1210,2027-07-09,P,1.21,0.010500000,3,
2026-09-17,CHU,OPT,CHUN7 P1215,2027-07-09,P,1.215,0.011700000,3,
2026-09-17,CHU,OPT,CHUN7 P1220,2027-07-09,P,1.22,0.012900000,3,
2026-09-17,CHU,OPT,CHUN7 P1225,2027-07-09,P,1.225,0.014300000,3,
2026-09-17,CHU,OPT,CHUN7 P1230,2027-07-09,P,1.23,0.015800000,3,
2026-09-17,CHU,OPT,CHUN7 P1235,2027-07-09,P,1.235,0.017400000,3,
2026-09-17,CHU,OPT,CHUN7 P1240,2027-07-09,P,1.24,0.019200000,3,
2026-09-17,CHU,OPT,CHUN7 P1245,2027-07-09,P,1.245,0.021100000,3,
2026-09-17,CHU,OPT,CHUN7 P1250,2027-07-09,P,1.25,0.023100000,3,
2026-09-17,CHU,OPT,CHUN7 P1255,2027-07-09,P,1.255,0.025300000,3,
2026-09-17,CHU,OPT,CHUN7 P1260,2027-07-09,P,1.26,0.027600000,3,
2026-09-17,CHU,OPT,CHUN7 P1265,2027-07-09,P,1.265,0.030200000,3,
2026-09-17,CHU,OPT,CHUN7 P1270,2027-07-09,P,1.27,0.032800000,3,
2026-09-17,CHU,OPT,CHUN7 P1275,2027-07-09,P,1.275,0.035700000,3,
2026-09-17,CHU,OPT,CHUN7 P1280,2027-07-09,P,1.28,0.038600000,3,
2026-09-17,CHU,OPT,CHUN7 P1285,2027-07-09,P,1.285,0.041700000,3,
2026-09-17,CHU,OPT,CHUN7 P1290,2027-07-09,P,1.29,0.044900000,3,
2026-09-17,CHU,OPT,CHUN7 P1295,2027-07-09,P,1.295,0.048200000,3,
2026-09-17,CHU,OPT,CHUN7 P1300,2027-07-09,P,1.3,0.051600000,3,
2026-09-17,CHU,OPT,CHUN7 P1305,2027-07-09,P,1.305,0.055100000,3,
2026-09-17,CHU,OPT,CHUN7 P1310,2027-07-09,P,1.31,0.058700000,3,
2026-09-17,CHU,OPT,CHUN7 P1315,2027-07-09,P,1.315,0.062400000,3,
2026-09-17,CHU,OPT,CHUN7 P1320,2027-07-09,P,1.32,0.066200000,3,
2026-09-17,CHU,OPT,CHUN7 P1325,2027-07-09,P,1.325,0.070000000,3,
2026-09-17,CHU,OPT,CHUN7 P1330,2027-07-09,P,1.33,0.073900000,3,
2026-09-17,CHU,OPT,CHUN7 P1335,2027-07-09,P,1.335,0.077900000,3,
2026-09-17,CHU,OPT,CHUN7 P1340,2027-07-09,P,1.34,0.082000000,3,
2026-09-17,CHU,OPT,CHUN7 P1345,2027-07-09,P,1.345,0.086100000,3,
2026-09-17,CHU,OPT,CHUN7 P1350,2027-07-09,P,1.35,0.090200000,3,
2026-09-17,CHU,OPT,CHUN7 P1355,2027-07-09,P,1.355,0.094400000,3,
2026-09-17,CHU,OPT,CHUN7 P1360,2027-07-09,P,1.36,0.098700000,3,
2026-09-17,CHU,OPT,CHUN7 P1370,2027-07-09,P,1.37,0.107300000,3,
2026-09-17,CHU,OPT,CHUN7 P1380,2027-07-09,P,1.38,0.116100000,3,
2026-09-17,CHU,OPT,CHUN7 P1390,2027-07-09,P,1.39,0.125000000,3,
2026-09-17,CHU,OPT,CHUN7 P1400,2027-07-09,P,1.4,0.134000000,3,
2026-09-17,CHU,OPT,CHUN7 P1410,2027-07-09,P,1.41,0.143100000,3,
2026-09-17,CHU,OPT,CHUQ7 C1170,2027-08-06,C,1.17,0.097700000,3,
2026-09-17,CHU,OPT,CHUQ7 C1180,2027-08-06,C,1.18,0.089400000,3,
2026-09-17,CHU,OPT,CHUQ7 C1190,2027-08-06,C,1.19,0.081300000,3,
2026-09-17,CHU,OPT,CHUQ7 C1200,2027-08-06,C,1.2,0.073400000,3,
2026-09-17,CHU,OPT,CHUQ7 C1210,2027-08-06,C,1.21,0.065900000,3,
2026-09-17,CHU,OPT,CHUQ7 C1215,2027-08-06,C,1.215,0.062400000,3,
2026-09-17,CHU,OPT,CHUQ7 C1220,2027-08-06,C,1.22,0.058900000,3,
2026-09-17,CHU,OPT,CHUQ7 C1225,2027-08-06,C,1.225,0.055500000,3,
2026-09-17,CHU,OPT,CHUQ7 C1230,2027-08-06,C,1.23,0.052300000,3,
2026-09-17,CHU,OPT,CHUQ7 C1235,2027-08-06,C,1.235,0.049100000,3,
2026-09-17,CHU,OPT,CHUQ7 C1240,2027-08-06,C,1.24,0.046100000,3,
2026-09-17,CHU,OPT,CHUQ7 C1245,2027-08-06,C,1.245,0.043200000,3,
2026-09-17,CHU,OPT,CHUQ7 C1250,2027-08-06,C,1.25,0.040500000,3,
2026-09-17,CHU,OPT,CHUQ7 C1255,2027-08-06,C,1.255,0.037900000,3,
2026-09-17,CHU,OPT,CHUQ7 C1260,2027-08-06,C,1.26,0.035400000,3,
2026-09-17,CHU,OPT,CHUQ7 C1265,2027-08-06,C,1.265,0.033100000,3,
2026-09-17,CHU,OPT,CHUQ7 C1270,2027-08-06,C,1.27,0.031000000,3,
2026-09-17,CHU,OPT,CHUQ7 C1275,2027-08-06,C,1.275,0.029000000,3,
2026-09-17,CHU,OPT,CHUQ7 C1280,2027-08-06,C,1.28,0.027100000,3,
2026-09-17,CHU,OPT,CHUQ7 C1285,2027-08-06,C,1.285,0.025300000,3,
2026-09-17,CHU,OPT,CHUQ7 C1290,2027-08-06,C,1.29,0.023700000,3,
2026-09-17,CHU,OPT,CHUQ7 C1295,2027-08-06,C,1.295,0.022100000,3,
2026-09-17,CHU,OPT,CHUQ7 C1300,2027-08-06,C,1.3,0.020700000,3,
2026-09-17,CHU,OPT,CHUQ7 C1305,2027-08-06,C,1.305,0.019300000,3,
2026-09-17,CHU,OPT,CHUQ7 C1310,2027-08-06,C,1.31,0.018000000,3,
2026-09-17,CHU,OPT,CHUQ7 C1315,2027-08-06,C,1.315,0.016900000,3,
2026-09-17,CHU,OPT,CHUQ7 C1320,2027-08-06,C,1.32,0.015800000,3,
2026-09-17,CHU,OPT,CHUQ7 C1325,2027-08-06,C,1.325,0.014700000,3,
2026-09-17,CHU,OPT,CHUQ7 C1330,2027-08-06,C,1.33,0.013800000,3,
2026-09-17,CHU,OPT,CHUQ7 C1335,2027-08-06,C,1.335,0.012900000,3,
2026-09-17,CHU,OPT,CHUQ7 C1340,2027-08-06,C,1.34,0.012100000,3,
2026-09-17,CHU,OPT,CHUQ7 C1345,2027-08-06,C,1.345,0.011300000,3,
2026-09-17,CHU,OPT,CHUQ7 C1350,2027-08-06,C,1.35,0.010600000,3,
2026-09-17,CHU,OPT,CHUQ7 C1355,2027-08-06,C,1.355,0.010000000,3,
2026-09-17,CHU,OPT,CHUQ7 C1360,2027-08-06,C,1.36,0.009300000,3,
2026-09-17,CHU,OPT,CHUQ7 C1370,2027-08-06,C,1.37,0.008200000,3,
2026-09-17,CHU,OPT,CHUQ7 C1380,2027-08-06,C,1.38,0.007200000,3,
2026-09-17,CHU,OPT,CHUQ7 C1390,2027-08-06,C,1.39,0.006300000,3,
2026-09-17,CHU,OPT,CHUQ7 C1400,2027-08-06,C,1.4,0.005500000,3,
2026-09-17,CHU,OPT,CHUQ7 C1410,2027-08-06,C,1.41,0.004800000,3,
2026-09-17,CHU,OPT,CHUQ7 P1170,2027-08-06,P,1.17,0.005100000,3,
2026-09-17,CHU,OPT,CHUQ7 P1180,2027-08-06,P,1.18,0.006400000,3,
2026-09-17,CHU,OPT,CHUQ7 P1190,2027-08-06,P,1.19,0.007900000,3,
2026-09-17,CHU,OPT,CHUQ7 P1200,2027-08-06,P,1.2,0.009700000,3,
2026-09-17,CHU,OPT,CHUQ7 P1210,2027-08-06,P,1.21,0.011900000,3,
2026-09-17,CHU,OPT,CHUQ7 P1215,2027-08-06,P,1.215,0.013100000,3,
2026-09-17,CHU,OPT,CHUQ7 P1220,2027-08-06,P,1.22,0.014400000,3,
2026-09-17,CHU,OPT,CHUQ7 P1225,2027-08-06,P,1.225,0.015900000,3,
2026-09-17,CHU,OPT,CHUQ7 P1230,2027-08-06,P,1.23,0.017400000,3,
2026-09-17,CHU,OPT,CHUQ7 P1235,2027-08-06,P,1.235,0.019100000,3,
2026-09-17,CHU,OPT,CHUQ7 P1240,2027-08-06,P,1.24,0.020900000,3,
2026-09-17,CHU,OPT,CHUQ7 P1245,2027-08-06,P,1.245,0.022800000,3,
2026-09-17,CHU,OPT,CHUQ7 P1250,2027-08-06,P,1.25,0.024900000,3,
2026-09-17,CHU,OPT,CHUQ7 P1255,2027-08-06,P,1.255,0.027100000,3,
2026-09-17,CHU,OPT,CHUQ7 P1260,2027-08-06,P,1.26,0.029400000,3,
2026-09-17,CHU,OPT,CHUQ7 P1265,2027-08-06,P,1.265,0.032000000,3,
2026-09-17,CHU,OPT,CHUQ7 P1270,2027-08-06,P,1.27,0.034600000,3,
2026-09-17,CHU,OPT,CHUQ7 P1275,2027-08-06,P,1.275,0.037400000,3,
2026-09-17,CHU,OPT,CHUQ7 P1280,2027-08-06,P,1.28,0.040400000,3,
2026-09-17,CHU,OPT,CHUQ7 P1285,2027-08-06,P,1.285,0.043400000,3,
2026-09-17,CHU,OPT,CHUQ7 P1290,2027-08-06,P,1.29,0.046600000,3,
2026-09-17,CHU,OPT,CHUQ7 P1295,2027-08-06,P,1.295,0.049800000,3,
2026-09-17,CHU,OPT,CHUQ7 P1300,2027-08-06,P,1.3,0.053200000,3,
2026-09-17,CHU,OPT,CHUQ7 P1305,2027-08-06,P,1.305,0.056700000,3,
2026-09-17,CHU,OPT,CHUQ7 P1310,2027-08-06,P,1.31,0.060200000,3,
2026-09-17,CHU,OPT,CHUQ7 P1315,2027-08-06,P,1.315,0.063800000,3,
2026-09-17,CHU,OPT,CHUQ7 P1320,2027-08-06,P,1.32,0.067500000,3,
2026-09-17,CHU,OPT,CHUQ7 P1325,2027-08-06,P,1.325,0.071300000,3,
2026-09-17,CHU,OPT,CHUQ7 P1330,2027-08-06,P,1.33,0.075200000,3,
2026-09-17,CHU,OPT,CHUQ7 P1335,2027-08-06,P,1.335,0.079100000,3,
2026-09-17,CHU,OPT,CHUQ7 P1340,2027-08-06,P,1.34,0.083100000,3,
2026-09-17,CHU,OPT,CHUQ7 P1345,2027-08-06,P,1.345,0.087200000,3,
2026-09-17,CHU,OPT,CHUQ7 P1350,2027-08-06,P,1.35,0.091300000,3,
2026-09-17,CHU,OPT,CHUQ7 P1355,2027-08-06,P,1.355,0.095400000,3,
2026-09-17,CHU,OPT,CHUQ7 P1360,2027-08-06,P,1.36,0.099600000,3,
2026-09-17,CHU,OPT,CHUQ7 P1370,2027-08-06,P,1.37,0.108100000,3,
2026-09-17,CHU,OPT,CHUQ7 P1380,2027-08-06,P,1.38,0.116700000,3,
2026-09-17,CHU,OPT,CHUQ7 P1390,2027-08-06,P,1.39,0.125400000,3,
2026-09-17,CHU,OPT,CHUQ7 P1400,2027-08-06,P,1.4,0.134300000,3,
2026-09-17,CHU,OPT,CHUQ7 P1410,2027-08-06,P,1.41,0.143200000,3,
2026-09-17,CHU,OPT,CHUU7 C1170,2027-09-03,C,1.17,0.098400000,3,
2026-09-17,CHU,OPT,CHUU7 C1180,2027-09-03,C,1.18,0.090100000,3,
2026-09-17,CHU,OPT,CHUU7 C1190,2027-09-03,C,1.19,0.082100000,3,
2026-09-17,CHU,OPT,CHUU7 C1200,2027-09-03,C,1.2,0.074400000,3,
2026-09-17,CHU,OPT,CHUU7 C1210,2027-09-03,C,1.21,0.066900000,3,
2026-09-17,CHU,OPT,CHUU7 C1215,2027-09-03,C,1.215,0.063500000,3,
2026-09-17,CHU,OPT,CHUU7 C1220,2027-09-03,C,1.22,0.060100000,3,
2026-09-17,CHU,OPT,CHUU7 C1225,2027-09-03,C,1.225,0.056800000,3,
2026-09-17,CHU,OPT,CHUU7 C1230,2027-09-03,C,1.23,0.053600000,3,
2026-09-17,CHU,OPT,CHUU7 C1235,2027-09-03,C,1.235,0.050500000,3,9
2026-09-17,CHU,OPT,CHUU7 C1240,2027-09-03,C,1.24,0.047600000,3,
2026-09-17,CHU,OPT,CHUU7 C1245,2027-09-03,C,1.245,0.044700000,3,
2026-09-17,CHU,OPT,CHUU7 C1250,2027-09-03,C,1.25,0.042000000,3,
2026-09-17,CHU,OPT,CHUU7 C1255,2027-09-03,C,1.255,0.039500000,3,299
2026-09-17,CHU,OPT,CHUU7 C1260,2027-09-03,C,1.26,0.037100000,3,
2026-09-17,CHU,OPT,CHUU7 C1265,2027-09-03,C,1.265,0.034800000,3,1
2026-09-17,CHU,OPT,CHUU7 C1270,2027-09-03,C,1.27,0.032600000,3,
2026-09-17,CHU,OPT,CHUU7 C1275,2027-09-03,C,1.275,0.030600000,3,
2026-09-17,CHU,OPT,CHUU7 C1280,2027-09-03,C,1.28,0.028700000,3,
2026-09-17,CHU,OPT,CHUU7 C1285,2027-09-03,C,1.285,0.026900000,3,
2026-09-17,CHU,OPT,CHUU7 C1290,2027-09-03,C,1.29,0.025200000,3,
2026-09-17,CHU,OPT,CHUU7 C1295,2027-09-03,C,1.295,0.023600000,3,
2026-09-17,CHU,OPT,CHUU7 C1300,2027-09-03,C,1.3,0.022200000,3,
2026-09-17,CHU,OPT,CHUU7 C1305,2027-09-03,C,1.305,0.020800000,3,
2026-09-17,CHU,OPT,CHUU7 C1310,2027-09-03,C,1.31,0.019500000,3,
2026-09-17,CHU,OPT,CHUU7 C1315,2027-09-03,C,1.315,0.018300000,3,
2026-09-17,CHU,OPT,CHUU7 C1320,2027-09-03,C,1.32,0.017200000,3,11
2026-09-17,CHU,OPT,CHUU7 C1325,2027-09-03,C,1.325,0.016200000,3,
2026-09-17,CHU,OPT,CHUU7 C1330,2027-09-03,C,1.33,0.015200000,3,
2026-09-17,CHU,OPT,CHUU7 C1335,2027-09-03,C,1.335,0.014300000,3,
2026-09-17,CHU,OPT,CHUU7 C1340,2027-09-03,C,1.34,0.013400000,3,
2026-09-17,CHU,OPT,CHUU7 C1345,2027-09-03,C,1.345,0.012600000,3,
2026-09-17,CHU,OPT,CHUU7 C1350,2027-09-03,C,1.35,0.011900000,3,
2026-09-17,CHU,OPT,CHUU7 C1355,2027-09-03,C,1.355,0.011200000,3,
2026-09-17,CHU,OPT,CHUU7 C1360,2027-09-03,C,1.36,0.010600000,3,
2026-09-17,CHU,OPT,CHUU7 C1365,2027-09-03,C,1.365,0.010000000,3,206
2026-09-17,CHU,OPT,CHUU7 C1370,2027-09-03,C,1.37,0.009400000,3,
2026-09-17,CHU,OPT,CHUU7 C1375,2027-09-03,C,1.375,0.008900000,3,
2026-09-17,CHU,OPT,CHUU7 C1380,2027-09-03,C,1.38,0.008400000,3,
2026-09-17,CHU,OPT,CHUU7 C1385,2027-09-03,C,1.385,0.007900000,3,
2026-09-17,CHU,OPT,CHUU7 C1390,2027-09-03,C,1.39,0.007400000,3,
2026-09-17,CHU,OPT,CHUU7 C1395,2027-09-03,C,1.395,0.007000000,3,
2026-09-17,CHU,OPT,CHUU7 C1400,2027-09-03,C,1.4,0.006600000,3,
2026-09-17,CHU,OPT,CHUU7 C1405,2027-09-03,C,1.405,0.006200000,3,
2026-09-17,CHU,OPT,CHUU7 C1410,2027-09-03,C,1.41,0.005900000,3,
2026-09-17,CHU,OPT,CHUU7 C1415,2027-09-03,C,1.415,0.005600000,3,
2026-09-17,CHU,OPT,CHUU7 C1420,2027-09-03,C,1.42,0.005300000,3,
2026-09-17,CHU,OPT,CHUU7 C1425,2027-09-03,C,1.425,0.005000000,3,
2026-09-17,CHU,OPT,CHUU7 C1430,2027-09-03,C,1.43,0.004700000,3,
2026-09-17,CHU,OPT,CHUU7 C1435,2027-09-03,C,1.435,0.004400000,3,
2026-09-17,CHU,OPT,CHUU7 C1440,2027-09-03,C,1.44,0.004200000,3,
2026-09-17,CHU,OPT,CHUU7 C1450,2027-09-03,C,1.45,0.003700000,3,
2026-09-17,CHU,OPT,CHUU7 C1460,2027-09-03,C,1.46,0.003300000,3,
2026-09-17,CHU,OPT,CHUU7 C1470,2027-09-03,C,1.47,0.002900000,3,
2026-09-17,CHU,OPT,CHUU7 C1480,2027-09-03,C,1.48,0.002600000,3,
2026-09-17,CHU,OPT,CHUU7 P1170,2027-09-03,P,1.17,0.006100000,3,
2026-09-17,CHU,OPT,CHUU7 P1180,2027-09-03,P,1.18,0.007500000,3,
2026-09-17,CHU,OPT,CHUU7 P1190,2027-09-03,P,1.19,0.009000000,3,
2026-09-17,CHU,OPT,CHUU7 P1200,2027-09-03,P,1.2,0.010900000,3,
2026-09-17,CHU,OPT,CHUU7 P1210,2027-09-03,P,1.21,0.013100000,3,
2026-09-17,CHU,OPT,CHUU7 P1215,2027-09-03,P,1.215,0.014400000,3,
2026-09-17,CHU,OPT,CHUU7 P1220,2027-09-03,P,1.22,0.015700000,3,9
2026-09-17,CHU,OPT,CHUU7 P1225,2027-09-03,P,1.225,0.017200000,3,
2026-09-17,CHU,OPT,CHUU7 P1230,2027-09-03,P,1.23,0.018900000,3,
2026-09-17,CHU,OPT,CHUU7 P1235,2027-09-03,P,1.235,0.020600000,3,
2026-09-17,CHU,OPT,CHUU7 P1240,2027-09-03,P,1.24,0.022400000,3,
2026-09-17,CHU,OPT,CHUU7 P1245,2027-09-03,P,1.245,0.024400000,3,
2026-09-17,CHU,OPT,CHUU7 P1250,2027-09-03,P,1.25,0.026500000,3,
2026-09-17,CHU,OPT,CHUU7 P1255,2027-09-03,P,1.255,0.028700000,3,
2026-09-17,CHU,OPT,CHUU7 P1260,2027-09-03,P,1.26,0.031100000,3,
2026-09-17,CHU,OPT,CHUU7 P1265,2027-09-03,P,1.265,0.033600000,3,
2026-09-17,CHU,OPT,CHUU7 P1270,2027-09-03,P,1.27,0.036200000,3,
2026-09-17,CHU,OPT,CHUU7 P1275,2027-09-03,P,1.275,0.039000000,3,
2026-09-17,CHU,OPT,CHUU7 P1280,2027-09-03,P,1.28,0.041900000,3,
2026-09-17,CHU,OPT,CHUU7 P1285,2027-09-03,P,1.285,0.044900000,3,1
2026-09-17,CHU,OPT,CHUU7 P1290,2027-09-03,P,1.29,0.048000000,3,
2026-09-17,CHU,OPT,CHUU7 P1295,2027-09-03,P,1.295,0.051300000,3,
2026-09-17,CHU,OPT,CHUU7 P1300,2027-09-03,P,1.3,0.054600000,3,
2026-09-17,CHU,OPT,CHUU7 P1305,2027-09-03,P,1.305,0.058000000,3,
2026-09-17,CHU,OPT,CHUU7 P1310,2027-09-03,P,1.31,0.061500000,3,
2026-09-17,CHU,OPT,CHUU7 P1315,2027-09-03,P,1.315,0.065100000,3,
2026-09-17,CHU,OPT,CHUU7 P1320,2027-09-03,P,1.32,0.068800000,3,6
2026-09-17,CHU,OPT,CHUU7 P1325,2027-09-03,P,1.325,0.072600000,3,
2026-09-17,CHU,OPT,CHUU7 P1330,2027-09-03,P,1.33,0.076400000,3,
2026-09-17,CHU,OPT,CHUU7 P1335,2027-09-03,P,1.335,0.080300000,3,
2026-09-17,CHU,OPT,CHUU7 P1340,2027-09-03,P,1.34,0.084200000,3,
2026-09-17,CHU,OPT,CHUU7 P1345,2027-09-03,P,1.345,0.088200000,3,
2026-09-17,CHU,OPT,CHUU7 P1350,2027-09-03,P,1.35,0.092300000,3,
2026-09-17,CHU,OPT,CHUU7 P1355,2027-09-03,P,1.355,0.096400000,3,
2026-09-17,CHU,OPT,CHUU7 P1360,2027-09-03,P,1.36,0.100500000,3,
2026-09-17,CHU,OPT,CHUU7 P1365,2027-09-03,P,1.365,0.104700000,3,
2026-09-17,CHU,OPT,CHUU7 P1370,2027-09-03,P,1.37,0.108900000,3,
2026-09-17,CHU,OPT,CHUU7 P1375,2027-09-03,P,1.375,0.113200000,3,
2026-09-17,CHU,OPT,CHUU7 P1380,2027-09-03,P,1.38,0.117500000,3,
2026-09-17,CHU,OPT,CHUU7 P1385,2027-09-03,P,1.385,0.121800000,3,
2026-09-17,CHU,OPT,CHUU7 P1390,2027-09-03,P,1.39,0.126200000,3,
2026-09-17,CHU,OPT,CHUU7 P1395,2027-09-03,P,1.395,0.130500000,3,
2026-09-17,CHU,OPT,CHUU7 P1400,2027-09-03,P,1.4,0.134900000,3,
2026-09-17,CHU,OPT,CHUU7 P1405,2027-09-03,P,1.405,0.139400000,3,
2026-09-17,CHU,OPT,CHUU7 P1410,2027-09-03,P,1.41,0.143800000,3,
2026-09-17,CHU,OPT,CHUU7 P1415,2027-09-03,P,1.415,0.148300000,3,
2026-09-17,CHU,OPT,CHUU7 P1420,2027-09-03,P,1.42,0.152800000,3,
2026-09-17,CHU,OPT,CHUU7 P1425,2027-09-03,P,1.425,0.157300000,3,
2026-09-17,CHU,OPT,CHUU7 P1430,2027-09-03,P,1.43,0.161800000,3,
2026-09-17,CHU,OPT,CHUU7 P1435,2027-09-03,P,1.435,0.166300000,3,
2026-09-17,CHU,OPT,CHUU7 P1440,2027-09-03,P,1.44,0.170900000,3,
2026-09-17,CHU,OPT,CHUU7 P1450,2027-09-03,P,1.45,0.180000000,3,
2026-09-17,CHU,OPT,CHUU7 P1460,2027-09-03,P,1.46,0.189200000,3,
2026-09-17,CHU,OPT,CHUU7 P1470,2027-09-03,P,1.47,0.198400000,3,
2026-09-17,CHU,OPT,CHUU7 P1480,2027-09-03,P,1.48,0.207600000,3,
2026-09-17,CHU,OPT,CHUZ7 C1180,2027-12-03,C,1.18,0.102700000,3,
2026-09-17,CHU,OPT,CHUZ7 C1190,2027-12-03,C,1.19,0.095200000,3,
2026-09-17,CHU,OPT,CHUZ7 C1200,2027-12-03,C,1.2,0.087900000,3,
2026-09-17,CHU,OPT,CHUZ7 C1210,2027-12-03,C,1.21,0.081000000,3,
2026-09-17,CHU,OPT,CHUZ7 C1220,2027-12-03,C,1.22,0.074300000,3,
2026-09-17,CHU,OPT,CHUZ7 C1230,2027-12-03,C,1.23,0.068000000,3,
2026-09-17,CHU,OPT,CHUZ7 C1235,2027-12-03,C,1.235,0.065000000,3,
2026-09-17,CHU,OPT,CHUZ7 C1240,2027-12-03,C,1.24,0.062100000,3,
2026-09-17,CHU,OPT,CHUZ7 C1245,2027-12-03,C,1.245,0.059200000,3,
2026-09-17,CHU,OPT,CHUZ7 C1250,2027-12-03,C,1.25,0.056300000,3,
2026-09-17,CHU,OPT,CHUZ7 C1255,2027-12-03,C,1.255,0.053400000,3,
2026-09-17,CHU,OPT,CHUZ7 C1260,2027-12-03,C,1.26,0.050600000,3,
2026-09-17,CHU,OPT,CHUZ7 C1265,2027-12-03,C,1.265,0.047900000,3,
2026-09-17,CHU,OPT,CHUZ7 C1270,2027-12-03,C,1.27,0.045300000,3,
2026-09-17,CHU,OPT,CHUZ7 C1275,2027-12-03,C,1.275,0.042800000,3,
2026-09-17,CHU,OPT,CHUZ7 C1280,2027-12-03,C,1.28,0.040400000,3,
2026-09-17,CHU,OPT,CHUZ7 C1285,2027-12-03,C,1.285,0.038100000,3,
2026-09-17,CHU,OPT,CHUZ7 C1290,2027-12-03,C,1.29,0.036000000,3,
2026-09-17,CHU,OPT,CHUZ7 C1295,2027-12-03,C,1.295,0.033900000,3,
2026-09-17,CHU,OPT,CHUZ7 C1300,2027-12-03,C,1.3,0.032000000,3,
2026-09-17,CHU,OPT,CHUZ7 C1305,2027-12-03,C,1.305,0.030200000,3,
2026-09-17,CHU,OPT,CHUZ7 C1310,2027-12-03,C,1.31,0.028400000,3,
2026-09-17,CHU,OPT,CHUZ7 C1315,2027-12-03,C,1.315,0.026800000,3,
2026-09-17,CHU,OPT,CHUZ7 C1320,2027-12-03,C,1.32,0.025300000,3,
2026-09-17,CHU,OPT,CHUZ7 C1325,2027-12-03,C,1.325,0.023900000,3,
2026-09-17,CHU,OPT,CHUZ7 C1330,2027-12-03,C,1.33,0.022500000,3,
2026-09-17,CHU,OPT,CHUZ7 C1335,2027-12-03,C,1.335,0.021300000,3,
2026-09-17,CHU,OPT,CHUZ7 C1340,2027-12-03,C,1.34,0.020100000,3,
2026-09-17,CHU,OPT,CHUZ7 C1345,2027-12-03,C,1.345,0.019000000,3,
2026-09-17,CHU,OPT,CHUZ7 C1350,2027-12-03,C,1.35,0.017900000,3,
2026-09-17,CHU,OPT,CHUZ7 C1355,2027-12-03,C,1.355,0.016900000,3,
2026-09-17,CHU,OPT,CHUZ7 C1360,2027-12-03,C,1.36,0.016000000,3,
2026-09-17,CHU,OPT,CHUZ7 C1365,2027-12-03,C,1.365,0.015100000,3,
2026-09-17,CHU,OPT,CHUZ7 C1370,2027-12-03,C,1.37,0.014300000,3,
2026-09-17,CHU,OPT,CHUZ7 C1375,2027-12-03,C,1.375,0.013500000,3,
2026-09-17,CHU,OPT,CHUZ7 C1380,2027-12-03,C,1.38,0.012800000,3,
2026-09-17,CHU,OPT,CHUZ7 C1385,2027-12-03,C,1.385,0.012100000,3,
2026-09-17,CHU,OPT,CHUZ7 C1390,2027-12-03,C,1.39,0.011500000,3,
2026-09-17,CHU,OPT,CHUZ7 C1395,2027-12-03,C,1.395,0.010900000,3,
2026-09-17,CHU,OPT,CHUZ7 C1400,2027-12-03,C,1.4,0.010300000,3,4
2026-09-17,CHU,OPT,CHUZ7 C1405,2027-12-03,C,1.405,0.009800000,3,
2026-09-17,CHU,OPT,CHUZ7 C1410,2027-12-03,C,1.41,0.009300000,3,
2026-09-17,CHU,OPT,CHUZ7 C1415,2027-12-03,C,1.415,0.008900000,3,
2026-09-17,CHU,OPT,CHUZ7 C1420,2027-12-03,C,1.42,0.008400000,3,
2026-09-17,CHU,OPT,CHUZ7 C1425,2027-12-03,C,1.425,0.008000000,3,
2026-09-17,CHU,OPT,CHUZ7 C1430,2027-12-03,C,1.43,0.007600000,3,
2026-09-17,CHU,OPT,CHUZ7 C1435,2027-12-03,C,1.435,0.007200000,3,
2026-09-17,CHU,OPT,CHUZ7 C1440,2027-12-03,C,1.44,0.006900000,3,
2026-09-17,CHU,OPT,CHUZ7 C1445,2027-12-03,C,1.445,0.006600000,3,
2026-09-17,CHU,OPT,CHUZ7 C1450,2027-12-03,C,1.45,0.006300000,3,
2026-09-17,CHU,OPT,CHUZ7 C1460,2027-12-03,C,1.46,0.005800000,3,
2026-09-17,CHU,OPT,CHUZ7 C1470,2027-12-03,C,1.47,0.005300000,3,
2026-09-17,CHU,OPT,CHUZ7 C1480,2027-12-03,C,1.48,0.004900000,3,
2026-09-17,CHU,OPT,CHUZ7 C1490,2027-12-03,C,1.49,0.004500000,3,
2026-09-17,CHU,OPT,CHUZ7 P1180,2027-12-03,P,1.18,0.008800000,3,
2026-09-17,CHU,OPT,CHUZ7 P1190,2027-12-03,P,1.19,0.010700000,3,1
2026-09-17,CHU,OPT,CHUZ7 P1200,2027-12-03,P,1.2,0.012900000,3,
2026-09-17,CHU,OPT,CHUZ7 P1210,2027-12-03,P,1.21,0.015400000,3,
2026-09-17,CHU,OPT,CHUZ7 P1220,2027-12-03,P,1.22,0.018300000,3,
2026-09-17,CHU,OPT,CHUZ7 P1230,2027-12-03,P,1.23,0.021500000,3,
2026-09-17,CHU,OPT,CHUZ7 P1235,2027-12-03,P,1.235,0.023200000,3,
2026-09-17,CHU,OPT,CHUZ7 P1240,2027-12-03,P,1.24,0.025000000,3,
2026-09-17,CHU,OPT,CHUZ7 P1245,2027-12-03,P,1.245,0.026900000,3,
2026-09-17,CHU,OPT,CHUZ7 P1250,2027-12-03,P,1.25,0.028600000,3,
2026-09-17,CHU,OPT,CHUZ7 P1255,2027-12-03,P,1.255,0.030500000,3,
2026-09-17,CHU,OPT,CHUZ7 P1260,2027-12-03,P,1.26,0.032400000,3,
2026-09-17,CHU,OPT,CHUZ7 P1265,2027-12-03,P,1.265,0.034500000,3,
2026-09-17,CHU,OPT,CHUZ7 P1270,2027-12-03,P,1.27,0.036600000,3,
2026-09-17,CHU,OPT,CHUZ7 P1275,2027-12-03,P,1.275,0.038900000,3,
2026-09-17,CHU,OPT,CHUZ7 P1280,2027-12-03,P,1.28,0.041200000,3,
2026-09-17,CHU,OPT,CHUZ7 P1285,2027-12-03,P,1.285,0.043700000,3,
2026-09-17,CHU,OPT,CHUZ7 P1290,2027-12-03,P,1.29,0.046300000,3,
2026-09-17,CHU,OPT,CHUZ7 P1295,2027-12-03,P,1.295,0.048900000,3,
2026-09-17,CHU,OPT,CHUZ7 P1300,2027-12-03,P,1.3,0.051800000,3,
2026-09-17,CHU,OPT,CHUZ7 P1305,2027-12-03,P,1.305,0.054700000,3,
2026-09-17,CHU,OPT,CHUZ7 P1310,2027-12-03,P,1.31,0.057700000,3,
2026-09-17,CHU,OPT,CHUZ7 P1315,2027-12-03,P,1.315,0.060800000,3,
2026-09-17,CHU,OPT,CHUZ7 P1320,2027-12-03,P,1.32,0.064000000,3,
2026-09-17,CHU,OPT,CHUZ7 P1325,2027-12-03,P,1.325,0.067300000,3,
2026-09-17,CHU,OPT,CHUZ7 P1330,2027-12-03,P,1.33,0.070700000,3,
2026-09-17,CHU,OPT,CHUZ7 P1335,2027-12-03,P,1.335,0.074200000,3,
2026-09-17,CHU,OPT,CHUZ7 P1340,2027-12-03,P,1.34,0.077800000,3,
2026-09-17,CHU,OPT,CHUZ7 P1345,2027-12-03,P,1.345,0.081400000,3,
2026-09-17,CHU,OPT,CHUZ7 P1350,2027-12-03,P,1.35,0.085000000,3,
2026-09-17,CHU,OPT,CHUZ7 P1355,2027-12-03,P,1.355,0.088800000,3,
2026-09-17,CHU,OPT,CHUZ7 P1360,2027-12-03,P,1.36,0.092600000,3,
2026-09-17,CHU,OPT,CHUZ7 P1365,2027-12-03,P,1.365,0.096500000,3,
2026-09-17,CHU,OPT,CHUZ7 P1370,2027-12-03,P,1.37,0.100400000,3,
2026-09-17,CHU,OPT,CHUZ7 P1375,2027-12-03,P,1.375,0.104400000,3,
2026-09-17,CHU,OPT,CHUZ7 P1380,2027-12-03,P,1.38,0.108400000,3,
2026-09-17,CHU,OPT,CHUZ7 P1385,2027-12-03,P,1.385,0.112400000,3,
2026-09-17,CHU,OPT,CHUZ7 P1390,2027-12-03,P,1.39,0.116500000,3,
2026-09-17,CHU,OPT,CHUZ7 P1395,2027-12-03,P,1.395,0.120700000,3,
2026-09-17,CHU,OPT,CHUZ7 P1400,2027-12-03,P,1.4,0.124900000,3,
2026-09-17,CHU,OPT,CHUZ7 P1405,2027-12-03,P,1.405,0.129100000,3,
2026-09-17,CHU,OPT,CHUZ7 P1410,2027-12-03,P,1.41,0.133300000,3,
2026-09-17,CHU,OPT,CHUZ7 P1415,2027-12-03,P,1.415,0.137600000,3,
2026-09-17,CHU,OPT,CHUZ7 P1420,2027-12-03,P,1.42,0.141900000,3,
2026-09-17,CHU,OPT,CHUZ7 P1425,2027-12-03,P,1.425,0.146200000,3,
2026-09-17,CHU,OPT,CHUZ7 P1430,2027-12-03,P,1.43,0.150600000,3,
2026-09-17,CHU,OPT,CHUZ7 P1435,2027-12-03,P,1.435,0.155000000,3,
2026-09-17,CHU,OPT,CHUZ7 P1440,2027-12-03,P,1.44,0.159300000,3,
2026-09-17,CHU,OPT,CHUZ7 P1445,2027-12-03,P,1.445,0.163800000,3,
2026-09-17,CHU,OPT,CHUZ7 P1450,2027-12-03,P,1.45,0.168200000,3,
2026-09-17,CHU,OPT,CHUZ7 P1460,2027-12-03,P,1.46,0.177200000,3,
2026-09-17,CHU,OPT,CHUZ7 P1470,2027-12-03,P,1.47,0.186200000,3,
2026-09-17,CHU,OPT,CHUZ7 P1480,2027-12-03,P,1.48,0.195300000,3,
2026-09-17,CHU,OPT,CHUZ7 P1490,2027-12-03,P,1.49,0.204400000,3,
2026-09-17,CHU,OPT,CHUH8 C1190,2028-03-03,C,1.19,0.104500000,3,
2026-09-17,CHU,OPT,CHUH8 C1200,2028-03-03,C,1.2,0.097100000,3,
2026-09-17,CHU,OPT,CHUH8 C1210,2028-03-03,C,1.21,0.090000000,3,
2026-09-17,CHU,OPT,CHUH8 C1220,2028-03-03,C,1.22,0.083200000,3,
2026-09-17,CHU,OPT,CHUH8 C1230,2028-03-03,C,1.23,0.076700000,3,
2026-09-17,CHU,OPT,CHUH8 C1240,2028-03-03,C,1.24,0.070500000,3,
2026-09-17,CHU,OPT,CHUH8 C1245,2028-03-03,C,1.245,0.067500000,3,
2026-09-17,CHU,OPT,CHUH8 C1250,2028-03-03,C,1.25,0.064600000,3,
2026-09-17,CHU,OPT,CHUH8 C1255,2028-03-03,C,1.255,0.061800000,3,
2026-09-17,CHU,OPT,CHUH8 C1260,2028-03-03,C,1.26,0.058900000,3,
2026-09-17,CHU,OPT,CHUH8 C1265,2028-03-03,C,1.265,0.056000000,3,
2026-09-17,CHU,OPT,CHUH8 C1270,2028-03-03,C,1.27,0.053100000,3,
2026-09-17,CHU,OPT,CHUH8 C1275,2028-03-03,C,1.275,0.050400000,3,
2026-09-17,CHU,OPT,CHUH8 C1280,2028-03-03,C,1.28,0.047800000,3,
2026-09-17,CHU,OPT,CHUH8 C1285,2028-03-03,C,1.285,0.045300000,3,
2026-09-17,CHU,OPT,CHUH8 C1290,2028-03-03,C,1.29,0.042900000,3,
2026-09-17,CHU,OPT,CHUH8 C1295,2028-03-03,C,1.295,0.040600000,3,
2026-09-17,CHU,OPT,CHUH8 C1300,2028-03-03,C,1.3,0.038400000,3,
2026-09-17,CHU,OPT,CHUH8 C1305,2028-03-03,C,1.305,0.036300000,3,
2026-09-17,CHU,OPT,CHUH8 C1310,2028-03-03,C,1.31,0.034300000,3,
2026-09-17,CHU,OPT,CHUH8 C1315,2028-03-03,C,1.315,0.032500000,3,
2026-09-17,CHU,OPT,CHUH8 C1320,2028-03-03,C,1.32,0.030700000,3,
2026-09-17,CHU,OPT,CHUH8 C1325,2028-03-03,C,1.325,0.029100000,3,
2026-09-17,CHU,OPT,CHUH8 C1330,2028-03-03,C,1.33,0.027500000,3,
2026-09-17,CHU,OPT,CHUH8 C1335,2028-03-03,C,1.335,0.026000000,3,
2026-09-17,CHU,OPT,CHUH8 C1340,2028-03-03,C,1.34,0.024700000,3,
2026-09-17,CHU,OPT,CHUH8 C1345,2028-03-03,C,1.345,0.023400000,3,
2026-09-17,CHU,OPT,CHUH8 C1350,2028-03-03,C,1.35,0.022100000,3,
2026-09-17,CHU,OPT,CHUH8 C1355,2028-03-03,C,1.355,0.021000000,3,
2026-09-17,CHU,OPT,CHUH8 C1360,2028-03-03,C,1.36,0.019900000,3,
2026-09-17,CHU,OPT,CHUH8 C1365,2028-03-03,C,1.365,0.018900000,3,
2026-09-17,CHU,OPT,CHUH8 C1370,2028-03-03,C,1.37,0.017900000,3,
2026-09-17,CHU,OPT,CHUH8 C1375,2028-03-03,C,1.375,0.017000000,3,
2026-09-17,CHU,OPT,CHUH8 C1380,2028-03-03,C,1.38,0.016100000,3,
2026-09-17,CHU,OPT,CHUH8 C1385,2028-03-03,C,1.385,0.015300000,3,
2026-09-17,CHU,OPT,CHUH8 C1390,2028-03-03,C,1.39,0.014600000,3,
2026-09-17,CHU,OPT,CHUH8 C1395,2028-03-03,C,1.395,0.013900000,3,
2026-09-17,CHU,OPT,CHUH8 C1400,2028-03-03,C,1.4,0.013200000,3,
2026-09-17,CHU,OPT,CHUH8 C1405,2028-03-03,C,1.405,0.012600000,3,
2026-09-17,CHU,OPT,CHUH8 C1410,2028-03-03,C,1.41,0.012000000,3,
2026-09-17,CHU,OPT,CHUH8 C1415,2028-03-03,C,1.415,0.011400000,3,
2026-09-17,CHU,OPT,CHUH8 C1420,2028-03-03,C,1.42,0.010900000,3,
2026-09-17,CHU,OPT,CHUH8 C1425,2028-03-03,C,1.425,0.010500000,3,
2026-09-17,CHU,OPT,CHUH8 C1430,2028-03-03,C,1.43,0.010000000,3,
2026-09-17,CHU,OPT,CHUH8 C1440,2028-03-03,C,1.44,0.009300000,3,
2026-09-17,CHU,OPT,CHUH8 C1450,2028-03-03,C,1.45,0.008600000,3,
2026-09-17,CHU,OPT,CHUH8 C1460,2028-03-03,C,1.46,0.008000000,3,
2026-09-17,CHU,OPT,CHUH8 C1470,2028-03-03,C,1.47,0.007400000,3,
2026-09-17,CHU,OPT,CHUH8 C1480,2028-03-03,C,1.48,0.006900000,3,
2026-09-17,CHU,OPT,CHUH8 P1190,2028-03-03,P,1.19,0.008700000,3,
2026-09-17,CHU,OPT,CHUH8 P1200,2028-03-03,P,1.2,0.010700000,3,
2026-09-17,CHU,OPT,CHUH8 P1210,2028-03-03,P,1.21,0.012900000,3,
2026-09-17,CHU,OPT,CHUH8 P1220,2028-03-03,P,1.22,0.015400000,3,
2026-09-17,CHU,OPT,CHUH8 P1230,2028-03-03,P,1.23,0.018300000,3,
2026-09-17,CHU,OPT,CHUH8 P1240,2028-03-03,P,1.24,0.021500000,3,
2026-09-17,CHU,OPT,CHUH8 P1245,2028-03-03,P,1.245,0.023200000,3,
2026-09-17,CHU,OPT,CHUH8 P1250,2028-03-03,P,1.25,0.025000000,3,
2026-09-17,CHU,OPT,CHUH8 P1255,2028-03-03,P,1.255,0.026900000,3,
2026-09-17,CHU,OPT,CHUH8 P1260,2028-03-03,P,1.26,0.028600000,3,
2026-09-17,CHU,OPT,CHUH8 P1265,2028-03-03,P,1.265,0.030400000,3,
2026-09-17,CHU,OPT,CHUH8 P1270,2028-03-03,P,1.27,0.032300000,3,
2026-09-17,CHU,OPT,CHUH8 P1275,2028-03-03,P,1.275,0.034200000,3,
2026-09-17,CHU,OPT,CHUH8 P1280,2028-03-03,P,1.28,0.036300000,3,
2026-09-17,CHU,OPT,CHUH8 P1285,2028-03-03,P,1.285,0.038400000,3,
2026-09-17,CHU,OPT,CHUH8 P1290,2028-03-03,P,1.29,0.040700000,3,
2026-09-17,CHU,OPT,CHUH8 P1295,2028-03-03,P,1.295,0.043100000,3,
2026-09-17,CHU,OPT,CHUH8 P1300,2028-03-03,P,1.3,0.045600000,3,
2026-09-17,CHU,OPT,CHUH8 P1305,2028-03-03,P,1.305,0.048200000,3,
2026-09-17,CHU,OPT,CHUH8 P1310,2028-03-03,P,1.31,0.050900000,3,
2026-09-17,CHU,OPT,CHUH8 P1315,2028-03-03,P,1.315,0.053700000,3,
2026-09-17,CHU,OPT,CHUH8 P1320,2028-03-03,P,1.32,0.056700000,3,
2026-09-17,CHU,OPT,CHUH8 P1325,2028-03-03,P,1.325,0.059700000,3,
2026-09-17,CHU,OPT,CHUH8 P1330,2028-03-03,P,1.33,0.062800000,3,
2026-09-17,CHU,OPT,CHUH8 P1335,2028-03-03,P,1.335,0.066000000,3,
2026-09-17,CHU,OPT,CHUH8 P1340,2028-03-03,P,1.34,0.069300000,3,
2026-09-17,CHU,OPT,CHUH8 P1345,2028-03-03,P,1.345,0.072700000,3,
2026-09-17,CHU,OPT,CHUH8 P1350,2028-03-03,P,1.35,0.076200000,3,
2026-09-17,CHU,OPT,CHUH8 P1355,2028-03-03,P,1.355,0.079700000,3,
2026-09-17,CHU,OPT,CHUH8 P1360,2028-03-03,P,1.36,0.083300000,3,
2026-09-17,CHU,OPT,CHUH8 P1365,2028-03-03,P,1.365,0.087000000,3,
2026-09-17,CHU,OPT,CHUH8 P1370,2028-03-03,P,1.37,0.090700000,3,
2026-09-17,CHU,OPT,CHUH8 P1375,2028-03-03,P,1.375,0.094500000,3,
2026-09-17,CHU,OPT,CHUH8 P1380,2028-03-03,P,1.38,0.098300000,3,
2026-09-17,CHU,OPT,CHUH8 P1385,2028-03-03,P,1.385,0.102200000,3,
2026-09-17,CHU,OPT,CHUH8 P1390,2028-03-03,P,1.39,0.106100000,3,
2026-09-17,CHU,OPT,CHUH8 P1395,2028-03-03,P,1.395,0.110100000,3,
2026-09-17,CHU,OPT,CHUH8 P1400,2028-03-03,P,1.4,0.114100000,3,
2026-09-17,CHU,OPT,CHUH8 P1405,2028-03-03,P,1.405,0.118200000,3,
2026-09-17,CHU,OPT,CHUH8 P1410,2028-03-03,P,1.41,0.122300000,3,
2026-09-17,CHU,OPT,CHUH8 P1415,2028-03-03,P,1.415,0.126400000,3,
2026-09-17,CHU,OPT,CHUH8 P1420,2028-03-03,P,1.42,0.130500000,3,
2026-09-17,CHU,OPT,CHUH8 P1425,2028-03-03,P,1.425,0.134800000,3,
2026-09-17,CHU,OPT,CHUH8 P1430,2028-03-03,P,1.43,0.139100000,3,
2026-09-17,CHU,OPT,CHUH8 P1440,2028-03-03,P,1.44,0.147700000,3,
2026-09-17,CHU,OPT,CHUH8 P1450,2028-03-03,P,1.45,0.156400000,3,
2026-09-17,CHU,OPT,CHUH8 P1460,2028-03-03,P,1.46,0.165100000,3,
2026-09-17,CHU,OPT,CHUH8 P1470,2028-03-03,P,1.47,0.173900000,3,
2026-09-17,CHU,OPT,CHUH8 P1480,2028-03-03,P,1.48,0.182800000,3,
2026-09-17,CHU,OPT,CHUM8 C1210,2028-06-09,C,1.21,0.102500000,3,
2026-09-17,CHU,OPT,CHUM8 C1220,2028-06-09,C,1.22,0.095500000,3,
2026-09-17,CHU,OPT,CHUM8 C1230,2028-06-09,C,1.23,0.088800000,3,
2026-09-17,CHU,OPT,CHUM8 C1240,2028-06-09,C,1.24,0.082300000,3,
2026-09-17,CHU,OPT,CHUM8 C1250,2028-06-09,C,1.25,0.076000000,3,
2026-09-17,CHU,OPT,CHUM8 C1255,2028-06-09,C,1.255,0.073000000,3,
2026-09-17,CHU,OPT,CHUM8 C1260,2028-06-09,C,1.26,0.070100000,3,
2026-09-17,CHU,OPT,CHUM8 C1265,2028-06-09,C,1.265,0.067200000,3,
2026-09-17,CHU,OPT,CHUM8 C1270,2028-06-09,C,1.27,0.064400000,3,
2026-09-17,CHU,OPT,CHUM8 C1275,2028-06-09,C,1.275,0.061600000,3,
2026-09-17,CHU,OPT,CHUM8 C1280,2028-06-09,C,1.28,0.058700000,3,
2026-09-17,CHU,OPT,CHUM8 C1285,2028-06-09,C,1.285,0.056000000,3,
2026-09-17,CHU,OPT,CHUM8 C1290,2028-06-09,C,1.29,0.053400000,3,
2026-09-17,CHU,OPT,CHUM8 C1295,2028-06-09,C,1.295,0.050800000,3,
2026-09-17,CHU,OPT,CHUM8 C1300,2028-06-09,C,1.3,0.048300000,3,
2026-09-17,CHU,OPT,CHUM8 C1305,2028-06-09,C,1.305,0.046000000,3,
2026-09-17,CHU,OPT,CHUM8 C1310,2028-06-09,C,1.31,0.043700000,3,
2026-09-17,CHU,OPT,CHUM8 C1315,2028-06-09,C,1.315,0.041600000,3,
2026-09-17,CHU,OPT,CHUM8 C1320,2028-06-09,C,1.32,0.039500000,3,
2026-09-17,CHU,OPT,CHUM8 C1325,2028-06-09,C,1.325,0.037600000,3,
2026-09-17,CHU,OPT,CHUM8 C1330,2028-06-09,C,1.33,0.035700000,3,
2026-09-17,CHU,OPT,CHUM8 C1335,2028-06-09,C,1.335,0.034000000,3,
2026-09-17,CHU,OPT,CHUM8 C1340,2028-06-09,C,1.34,0.032400000,3,
2026-09-17,CHU,OPT,CHUM8 C1345,2028-06-09,C,1.345,0.030800000,3,
2026-09-17,CHU,OPT,CHUM8 C1350,2028-06-09,C,1.35,0.029400000,3,
2026-09-17,CHU,OPT,CHUM8 C1355,2028-06-09,C,1.355,0.028000000,3,
2026-09-17,CHU,OPT,CHUM8 C1360,2028-06-09,C,1.36,0.026700000,3,
2026-09-17,CHU,OPT,CHUM8 C1365,2028-06-09,C,1.365,0.025400000,3,
2026-09-17,CHU,OPT,CHUM8 C1370,2028-06-09,C,1.37,0.024300000,3,
2026-09-17,CHU,OPT,CHUM8 C1375,2028-06-09,C,1.375,0.023200000,3,
2026-09-17,CHU,OPT,CHUM8 C1380,2028-06-09,C,1.38,0.022100000,3,
2026-09-17,CHU,OPT,CHUM8 C1385,2028-06-09,C,1.385,0.021100000,3,
2026-09-17,CHU,OPT,CHUM8 C1390,2028-06-09,C,1.39,0.020200000,3,
2026-09-17,CHU,OPT,CHUM8 C1395,2028-06-09,C,1.395,0.019300000,3,
2026-09-17,CHU,OPT,CHUM8 C1400,2028-06-09,C,1.4,0.018400000,3,
2026-09-17,CHU,OPT,CHUM8 C1405,2028-06-09,C,1.405,0.017700000,3,
2026-09-17,CHU,OPT,CHUM8 C1410,2028-06-09,C,1.41,0.017000000,3,
2026-09-17,CHU,OPT,CHUM8 C1415,2028-06-09,C,1.415,0.016400000,3,
2026-09-17,CHU,OPT,CHUM8 C1420,2028-06-09,C,1.42,0.015800000,3,
2026-09-17,CHU,OPT,CHUM8 C1430,2028-06-09,C,1.43,0.014600000,3,
2026-09-17,CHU,OPT,CHUM8 C1440,2028-06-09,C,1.44,0.013600000,3,
2026-09-17,CHU,OPT,CHUM8 C1450,2028-06-09,C,1.45,0.012600000,3,
2026-09-17,CHU,OPT,CHUM8 C1460,2028-06-09,C,1.46,0.011800000,3,
2026-09-17,CHU,OPT,CHUM8 P1210,2028-06-09,P,1.21,0.013500000,3,
2026-09-17,CHU,OPT,CHUM8 P1220,2028-06-09,P,1.22,0.015700000,3,
2026-09-17,CHU,OPT,CHUM8 P1230,2028-06-09,P,1.23,0.018200000,3,
2026-09-17,CHU,OPT,CHUM8 P1240,2028-06-09,P,1.24,0.021000000,3,
2026-09-17,CHU,OPT,CHUM8 P1250,2028-06-09,P,1.25,0.024000000,3,
2026-09-17,CHU,OPT,CHUM8 P1255,2028-06-09,P,1.255,0.025600000,3,
2026-09-17,CHU,OPT,CHUM8 P1260,2028-06-09,P,1.26,0.027300000,3,
2026-09-17,CHU,OPT,CHUM8 P1265,2028-06-09,P,1.265,0.029100000,3,
2026-09-17,CHU,OPT,CHUM8 P1270,2028-06-09,P,1.27,0.030900000,3,
2026-09-17,CHU,OPT,CHUM8 P1275,2028-06-09,P,1.275,0.032600000,3,
2026-09-17,CHU,OPT,CHUM8 P1280,2028-06-09,P,1.28,0.034500000,3,
2026-09-17,CHU,OPT,CHUM8 P1285,2028-06-09,P,1.285,0.036300000,3,
2026-09-17,CHU,OPT,CHUM8 P1290,2028-06-09,P,1.29,0.038300000,3,
2026-09-17,CHU,OPT,CHUM8 P1295,2028-06-09,P,1.295,0.040400000,3,
2026-09-17,CHU,OPT,CHUM8 P1300,2028-06-09,P,1.3,0.042600000,3,
2026-09-17,CHU,OPT,CHUM8 P1305,2028-06-09,P,1.305,0.044800000,3,
2026-09-17,CHU,OPT,CHUM8 P1310,2028-06-09,P,1.31,0.047200000,3,
2026-09-17,CHU,OPT,CHUM8 P1315,2028-06-09,P,1.315,0.049700000,3,
2026-09-17,CHU,OPT,CHUM8 P1320,2028-06-09,P,1.32,0.052300000,3,
2026-09-17,CHU,OPT,CHUM8 P1325,2028-06-09,P,1.325,0.054900000,3,
2026-09-17,CHU,OPT,CHUM8 P1330,2028-06-09,P,1.33,0.057700000,3,
2026-09-17,CHU,OPT,CHUM8 P1335,2028-06-09,P,1.335,0.060600000,3,
2026-09-17,CHU,OPT,CHUM8 P1340,2028-06-09,P,1.34,0.063600000,3,
2026-09-17,CHU,OPT,CHUM8 P1345,2028-06-09,P,1.345,0.066700000,3,
2026-09-17,CHU,OPT,CHUM8 P1350,2028-06-09,P,1.35,0.069800000,3,
2026-09-17,CHU,OPT,CHUM8 P1355,2028-06-09,P,1.355,0.073100000,3,
2026-09-17,CHU,OPT,CHUM8 P1360,2028-06-09,P,1.36,0.076400000,3,
2026-09-17,CHU,OPT,CHUM8 P1365,2028-06-09,P,1.365,0.079800000,3,
2026-09-17,CHU,OPT,CHUM8 P1370,2028-06-09,P,1.37,0.083300000,3,
2026-09-17,CHU,OPT,CHUM8 P1375,2028-06-09,P,1.375,0.086800000,3,
2026-09-17,CHU,OPT,CHUM8 P1380,2028-06-09,P,1.38,0.090400000,3,
2026-09-17,CHU,OPT,CHUM8 P1385,2028-06-09,P,1.385,0.094000000,3,
2026-09-17,CHU,OPT,CHUM8 P1390,2028-06-09,P,1.39,0.097700000,3,
2026-09-17,CHU,OPT,CHUM8 P1395,2028-06-09,P,1.395,0.101400000,3,
2026-09-17,CHU,OPT,CHUM8 P1400,2028-06-09,P,1.4,0.105200000,3,
2026-09-17,CHU,OPT,CHUM8 P1405,2028-06-09,P,1.405,0.109100000,3,
2026-09-17,CHU,OPT,CHUM8 P1410,2028-06-09,P,1.41,0.113000000,3,
2026-09-17,CHU,OPT,CHUM8 P1415,2028-06-09,P,1.415,0.117000000,3,
2026-09-17,CHU,OPT,CHUM8 P1420,2028-06-09,P,1.42,0.121000000,3,
2026-09-17,CHU,OPT,CHUM8 P1430,2028-06-09,P,1.43,0.129100000,3,
2026-09-17,CHU,OPT,CHUM8 P1440,2028-06-09,P,1.44,0.137300000,3,
2026-09-17,CHU,OPT,CHUM8 P1450,2028-06-09,P,1.45,0.145700000,3,
2026-09-17,CHU,OPT,CHUM8 P1460,2028-06-09,P,1.46,0.154100000,3,
