session,root,type,symbol,expiry,right,strike,settle,settle_flag,oi
2026-09-17,EUU,OPT,EUUV6 C1000,2026-10-09,C,1,0.151200000,3,
2026-09-17,EUU,OPT,EUUV6 C1010,2026-10-09,C,1.01,0.141200000,3,
2026-09-17,EUU,OPT,EUUV6 C1020,2026-10-09,C,1.02,0.131200000,3,
2026-09-17,EUU,OPT,EUUV6 C1030,2026-10-09,C,1.03,0.121300000,3,
2026-09-17,EUU,OPT,EUUV6 C1040,2026-10-09,C,1.04,0.111300000,3,
2026-09-17,EUU,OPT,EUUV6 C1050,2026-10-09,C,1.05,0.101300000,3,
2026-09-17,EUU,OPT,EUUV6 C1060,2026-10-09,C,1.06,0.091300000,3,1
2026-09-17,EUU,OPT,EUUV6 C1070,2026-10-09,C,1.07,0.081400000,3,1
2026-09-17,EUU,OPT,EUUV6 C1080,2026-10-09,C,1.08,0.071400000,3,
2026-09-17,EUU,OPT,EUUV6 C1085,2026-10-09,C,1.085,0.066400000,3,
2026-09-17,EUU,OPT,EUUV6 C1090,2026-10-09,C,1.09,0.061400000,3,
2026-09-17,EUU,OPT,EUUV6 C1095,2026-10-09,C,1.095,0.056500000,3,
2026-09-17,EUU,OPT,EUUV6 C1100,2026-10-09,C,1.1,0.051500000,3,
2026-09-17,EUU,OPT,EUUV6 C1105,2026-10-09,C,1.105,0.046500000,3,
2026-09-17,EUU,OPT,EUUV6 C1110,2026-10-09,C,1.11,0.041600000,3,
2026-09-17,EUU,OPT,EUUV6 C1115,2026-10-09,C,1.115,0.036600000,3,
2026-09-17,EUU,OPT,EUUV6 C1120,2026-10-09,C,1.12,0.031700000,3,
2026-09-17,EUU,OPT,EUUV6 C1125,2026-10-09,C,1.125,0.026800000,3,52
2026-09-17,EUU,OPT,EUUV6 C1130,2026-10-09,C,1.13,0.022000000,3,3
2026-09-17,EUU,OPT,EUUV6 C1132,2026-10-09,C,1.1325,0.019700000,3,
2026-09-17,EUU,OPT,EUUV6 C1135,2026-10-09,C,1.135,0.017400000,3,160
2026-09-17,EUU,OPT,EUUV6 C1137,2026-10-09,C,1.1375,0.015200000,3,
2026-09-17,EUU,OPT,EUUV6 C1140,2026-10-09,C,1.14,0.013100000,3,72
2026-09-17,EUU,OPT,EUUV6 C1142,2026-10-09,C,1.1425,0.011100000,3,
2026-09-17,EUU,OPT,EUUV6 C1145,2026-10-09,C,1.145,0.009300000,3,1559
2026-09-17,EUU,OPT,EUUV6 C1147,2026-10-09,C,1.1475,0.007600000,3,
2026-09-17,EUU,OPT,EUUV6 C1150,2026-10-09,C,1.15,0.006000000,3,2205
2026-09-17,EUU,OPT,EUUV6 C1152,2026-10-09,C,1.1525,0.004700000,3,393
2026-09-17,EUU,OPT,EUUV6 C1155,2026-10-09,C,1.155,0.003600000,3,2055
2026-09-17,EUU,OPT,EUUV6 C1157,2026-10-09,C,1.1575,0.002700000,3,339
2026-09-17,EUU,OPT,EUUV6 C1160,2026-10-09,C,1.16,0.002000000,3,1407
2026-09-17,EUU,OPT,EUUV6 C1162,2026-10-09,C,1.1625,0.001500000,3,364
2026-09-17,EUU,OPT,EUUV6 C1165,2026-10-09,C,1.165,0.001100000,3,1298
2026-09-17,EUU,OPT,EUUV6 C1167,2026-10-09,C,1.1675,0.000800000,3,1021
2026-09-17,EUU,OPT,EUUV6 C1170,2026-10-09,C,1.17,0.000600000,3,4063
2026-09-17,EUU,OPT,EUUV6 C1172,2026-10-09,C,1.1725,0.000450000,3,504
2026-09-17,EUU,OPT,EUUV6 C1175,2026-10-09,C,1.175,0.000350000,3,2713
2026-09-17,EUU,OPT,EUUV6 C1177,2026-10-09,C,1.1775,0.000250000,3,558
2026-09-17,EUU,OPT,EUUV6 C1180,2026-10-09,C,1.18,0.000200000,3,1704
2026-09-17,EUU,OPT,EUUV6 C1182,2026-10-09,C,1.1825,0.000200000,3,18
2026-09-17,EUU,OPT,EUUV6 C1185,2026-10-09,C,1.185,0.000150000,3,1290
2026-09-17,EUU,OPT,EUUV6 C1187,2026-10-09,C,1.1875,0.000150000,3,17
2026-09-17,EUU,OPT,EUUV6 C1190,2026-10-09,C,1.19,0.000100000,3,1894
2026-09-17,EUU,OPT,EUUV6 C1195,2026-10-09,C,1.195,0.000050000,3,1604
2026-09-17,EUU,OPT,EUUV6 C1200,2026-10-09,C,1.2,0.000050000,3,1979
2026-09-17,EUU,OPT,EUUV6 C1205,2026-10-09,C,1.205,0.000050000,3,633
2026-09-17,EUU,OPT,EUUV6 C1210,2026-10-09,C,1.21,0.000050000,3,344
2026-09-17,EUU,OPT,EUUV6 C1215,2026-10-09,C,1.215,0.000050000,3,344
2026-09-17,EUU,OPT,EUUV6 C1220,2026-10-09,C,1.22,0.000050000,3,627
2026-09-17,EUU,OPT,EUUV6 C1225,2026-10-09,C,1.225,0.000050000,3,151
2026-09-17,EUU,OPT,EUUV6 C1230,2026-10-09,C,1.23,0.000050000,3,64
2026-09-17,EUU,OPT,EUUV6 C1235,2026-10-09,C,1.235,0.000050000,3,1064
2026-09-17,EUU,OPT,EUUV6 C1240,2026-10-09,C,1.24,0.000050000,3,681
2026-09-17,EUU,OPT,EUUV6 C1245,2026-10-09,C,1.245,0.000050000,3,14
2026-09-17,EUU,OPT,EUUV6 C1250,2026-10-09,C,1.25,0.000050000,3,303
2026-09-17,EUU,OPT,EUUV6 C1255,2026-10-09,C,1.255,0.000050000,3,19
2026-09-17,EUU,OPT,EUUV6 C1260,2026-10-09,C,1.26,0.000050000,3,17
2026-09-17,EUU,OPT,EUUV6 C1265,2026-10-09,C,1.265,0.000050000,3,417
2026-09-17,EUU,OPT,EUUV6 C1270,2026-10-09,C,1.27,0.000050000,3,6
2026-09-17,EUU,OPT,EUUV6 C1280,2026-10-09,C,1.28,0.000050000,3,3
2026-09-17,EUU,OPT,EUUV6 C1290,2026-10-09,C,1.29,0.000050000,3,28
2026-09-17,EUU,OPT,EUUV6 C1300,2026-10-09,C,1.3,0.000050000,3,57
2026-09-17,EUU,OPT,EUUV6 C1310,2026-10-09,C,1.31,0.000050000,3,100
2026-09-17,EUU,OPT,EUUV6 C1320,2026-10-09,C,1.32,0.000050000,3,
2026-09-17,EUU,OPT,EUUV6 C1330,2026-10-09,C,1.33,0.000050000,3,7
2026-09-17,EUU,OPT,EUUV6 C1340,2026-10-09,C,1.34,0.000050000,3,1
2026-09-17,EUU,OPT,EUUV6 C1350,2026-10-09,C,1.35,0.000050000,3,23
2026-09-17,EUU,OPT,EUUV6 C1360,2026-10-09,C,1.36,0.000050000,3,47
2026-09-17,EUU,OPT,EUUV6 P1000,2026-10-09,P,1,0.000050000,3,
2026-09-17,EUU,OPT,EUUV6 P1010,2026-10-09,P,1.01,0.000050000,3,
2026-09-17,EUU,OPT,EUUV6 P1020,2026-10-09,P,1.02,0.000050000,3,59
2026-09-17,EUU,OPT,EUUV6 P1030,2026-10-09,P,1.03,0.000050000,3,3
2026-09-17,EUU,OPT,EUUV6 P1040,2026-10-09,P,1.04,0.000050000,3,28
2026-09-17,EUU,OPT,EUUV6 P1050,2026-10-09,P,1.05,0.000050000,3,20
2026-09-17,EUU,OPT,EUUV6 P1060,2026-10-09,P,1.06,0.000050000,3,92
2026-09-17,EUU,OPT,EUUV6 P1070,2026-10-09,P,1.07,0.000050000,3,104
2026-09-17,EUU,OPT,EUUV6 P1080,2026-10-09,P,1.08,0.000050000,3,61
2026-09-17,EUU,OPT,EUUV6 P1085,2026-10-09,P,1.085,0.000050000,3,
2026-09-17,EUU,OPT,EUUV6 P1090,2026-10-09,P,1.09,0.000050000,3,44
2026-09-17,EUU,OPT,EUUV6 P1095,2026-10-09,P,1.095,0.000050000,3,22
2026-09-17,EUU,OPT,EUUV6 P1100,2026-10-09,P,1.1,0.000050000,3,780
2026-09-17,EUU,OPT,EUUV6 P1105,2026-10-09,P,1.105,0.000100000,3,1440
2026-09-17,EUU,OPT,EUUV6 P1110,2026-10-09,P,1.11,0.000100000,3,583
2026-09-17,EUU,OPT,EUUV6 P1115,2026-10-09,P,1.115,0.000200000,3,1627
2026-09-17,EUU,OPT,EUUV6 P1120,2026-10-09,P,1.12,0.000250000,3,1025
2026-09-17,EUU,OPT,EUUV6 P1125,2026-10-09,P,1.125,0.000350000,3,948
2026-09-17,EUU,OPT,EUUV6 P1130,2026-10-09,P,1.13,0.000500000,3,2904
2026-09-17,EUU,OPT,EUUV6 P1132,2026-10-09,P,1.1325,0.000700000,3,
2026-09-17,EUU,OPT,EUUV6 P1135,2026-10-09,P,1.135,0.000900000,3,1259
2026-09-17,EUU,OPT,EUUV6 P1137,2026-10-09,P,1.1375,0.001200000,3,11
2026-09-17,EUU,OPT,EUUV6 P1140,2026-10-09,P,1.14,0.001600000,3,7452
2026-09-17,EUU,OPT,EUUV6 P1142,2026-10-09,P,1.1425,0.002100000,3,588
2026-09-17,EUU,OPT,EUUV6 P1145,2026-10-09,P,1.145,0.002700000,3,10706
2026-09-17,EUU,OPT,EUUV6 P1147,2026-10-09,P,1.1475,0.003500000,3,522
2026-09-17,EUU,OPT,EUUV6 P1150,2026-10-09,P,1.15,0.004500000,3,9571
2026-09-17,EUU,OPT,EUUV6 P1152,2026-10-09,P,1.1525,0.005600000,3,512
2026-09-17,EUU,OPT,EUUV6 P1155,2026-10-09,P,1.155,0.007000000,3,4633
2026-09-17,EUU,OPT,EUUV6 P1157,2026-10-09,P,1.1575,0.008700000,3,657
2026-09-17,EUU,OPT,EUUV6 P1160,2026-10-09,P,1.16,0.010500000,3,1701
2026-09-17,EUU,OPT,EUUV6 P1162,2026-10-09,P,1.1625,0.012400000,3,375
2026-09-17,EUU,OPT,EUUV6 P1165,2026-10-09,P,1.165,0.014500000,3,8317
2026-09-17,EUU,OPT,EUUV6 P1167,2026-10-09,P,1.1675,0.016700000,3,577
2026-09-17,EUU,OPT,EUUV6 P1170,2026-10-09,P,1.17,0.019000000,3,1322
2026-09-17,EUU,OPT,EUUV6 P1172,2026-10-09,P,1.1725,0.021300000,3,
2026-09-17,EUU,OPT,EUUV6 P1175,2026-10-09,P,1.175,0.023700000,3,755
2026-09-17,EUU,OPT,EUUV6 P1177,2026-10-09,P,1.1775,0.026100000,3,
2026-09-17,EUU,OPT,EUUV6 P1180,2026-10-09,P,1.18,0.028600000,3,1486
2026-09-17,EUU,OPT,EUUV6 P1182,2026-10-09,P,1.1825,0.031100000,3,
2026-09-17,EUU,OPT,EUUV6 P1185,2026-10-09,P,1.185,0.033500000,3,173
2026-09-17,EUU,OPT,EUUV6 P1187,2026-10-09,P,1.1875,0.036000000,3,
2026-09-17,EUU,OPT,EUUV6 P1190,2026-10-09,P,1.19,0.038500000,3,770
2026-09-17,EUU,OPT,EUUV6 P1195,2026-10-09,P,1.195,0.043400000,3,284
2026-09-17,EUU,OPT,EUUV6 P1200,2026-10-09,P,1.2,0.048400000,3,1076
2026-09-17,EUU,OPT,EUUV6 P1205,2026-10-09,P,1.205,0.053400000,3,91
2026-09-17,EUU,OPT,EUUV6 P1210,2026-10-09,P,1.21,0.058300000,3,6
2026-09-17,EUU,OPT,EUUV6 P1215,2026-10-09,P,1.215,0.063300000,3,5
2026-09-17,EUU,OPT,EUUV6 P1220,2026-10-09,P,1.22,0.068300000,3,
2026-09-17,EUU,OPT,EUUV6 P1225,2026-10-09,P,1.225,0.073300000,3,
2026-09-17,EUU,OPT,EUUV6 P1230,2026-10-09,P,1.23,0.078300000,3,
2026-09-17,EUU,OPT,EUUV6 P1235,2026-10-09,P,1.235,0.083300000,3,
2026-09-17,EUU,OPT,EUUV6 P1240,2026-10-09,P,1.24,0.088200000,3,
2026-09-17,EUU,OPT,EUUV6 P1245,2026-10-09,P,1.245,0.093200000,3,
2026-09-17,EUU,OPT,EUUV6 P1250,2026-10-09,P,1.25,0.098200000,3,
2026-09-17,EUU,OPT,EUUV6 P1255,2026-10-09,P,1.255,0.103200000,3,
2026-09-17,EUU,OPT,EUUV6 P1260,2026-10-09,P,1.26,0.108200000,3,
2026-09-17,EUU,OPT,EUUV6 P1265,2026-10-09,P,1.265,0.113200000,3,
2026-09-17,EUU,OPT,EUUV6 P1270,2026-10-09,P,1.27,0.118200000,3,
2026-09-17,EUU,OPT,EUUV6 P1280,2026-10-09,P,1.28,0.128100000,3,
2026-09-17,EUU,OPT,EUUV6 P1290,2026-10-09,P,1.29,0.138100000,3,
2026-09-17,EUU,OPT,EUUV6 P1300,2026-10-09,P,1.3,0.148100000,3,
2026-09-17,EUU,OPT,EUUV6 P1310,2026-10-09,P,1.31,0.158100000,3,
2026-09-17,EUU,OPT,EUUV6 P1320,2026-10-09,P,1.32,0.168100000,3,
2026-09-17,EUU,OPT,EUUV6 P1330,2026-10-09,P,1.33,0.178000000,3,
2026-09-17,EUU,OPT,EUUV6 P1340,2026-10-09,P,1.34,0.188000000,3,
2026-09-17,EUU,OPT,EUUV6 P1350,2026-10-09,P,1.35,0.198000000,3,
2026-09-17,EUU,OPT,EUUV6 P1360,2026-10-09,P,1.36,0.208000000,3,
2026-09-17,EUU,OPT,EUUX6 C1000,2026-11-06,C,1,0.150700000,3,
2026-09-17,EUU,OPT,EUUX6 C1010,2026-11-06,C,1.01,0.140800000,3,
2026-09-17,EUU,OPT,EUUX6 C1020,2026-11-06,C,1.02,0.130800000,3,
2026-09-17,EUU,OPT,EUUX6 C1030,2026-11-06,C,1.03,0.120900000,3,
2026-09-17,EUU,OPT,EUUX6 C1040,2026-11-06,C,1.04,0.111000000,3,4
2026-09-17,EUU,OPT,EUUX6 C1050,2026-11-06,C,1.05,0.101000000,3,
2026-09-17,EUU,OPT,EUUX6 C1060,2026-11-06,C,1.06,0.091100000,3,
2026-09-17,EUU,OPT,EUUX6 C1070,2026-11-06,C,1.07,0.081200000,3,
2026-09-17,EUU,OPT,EUUX6 C1080,2026-11-06,C,1.08,0.071300000,3,4
2026-09-17,EUU,OPT,EUUX6 C1090,2026-11-06,C,1.09,0.061500000,3,
2026-09-17,EUU,OPT,EUUX6 C1095,2026-11-06,C,1.095,0.056500000,3,
2026-09-17,EUU,OPT,EUUX6 C1100,2026-11-06,C,1.1,0.051600000,3,1
2026-09-17,EUU,OPT,EUUX6 C1105,2026-11-06,C,1.105,0.046800000,3,
2026-09-17,EUU,OPT,EUUX6 C1110,2026-11-06,C,1.11,0.041900000,3,
2026-09-17,EUU,OPT,EUUX6 C1115,2026-11-06,C,1.115,0.037200000,3,
2026-09-17,EUU,OPT,EUUX6 C1120,2026-11-06,C,1.12,0.032500000,3,
2026-09-17,EUU,OPT,EUUX6 C1125,2026-11-06,C,1.125,0.028000000,3,
2026-09-17,EUU,OPT,EUUX6 C1130,2026-11-06,C,1.13,0.023600000,3,10
2026-09-17,EUU,OPT,EUUX6 C1135,2026-11-06,C,1.135,0.019500000,3,38
2026-09-17,EUU,OPT,EUUX6 C1140,2026-11-06,C,1.14,0.015700000,3,66
2026-09-17,EUU,OPT,EUUX6 C1145,2026-11-06,C,1.145,0.012300000,3,126
2026-09-17,EUU,OPT,EUUX6 C1150,2026-11-06,C,1.15,0.009300000,3,395
2026-09-17,EUU,OPT,EUUX6 C1155,2026-11-06,C,1.155,0.006900000,3,552
2026-09-17,EUU,OPT,EUUX6 C1160,2026-11-06,C,1.16,0.005000000,3,253
2026-09-17,EUU,OPT,EUUX6 C1165,2026-11-06,C,1.165,0.003500000,3,958
2026-09-17,EUU,OPT,EUUX6 C1170,2026-11-06,C,1.17,0.002500000,3,2158
2026-09-17,EUU,OPT,EUUX6 C1175,2026-11-06,C,1.175,0.001700000,3,461
2026-09-17,EUU,OPT,EUUX6 C1180,2026-11-06,C,1.18,0.001100000,3,440
2026-09-17,EUU,OPT,EUUX6 C1185,2026-11-06,C,1.185,0.000800000,3,470
2026-09-17,EUU,OPT,EUUX6 C1190,2026-11-06,C,1.19,0.000600000,3,1414
2026-09-17,EUU,OPT,EUUX6 C1195,2026-11-06,C,1.195,0.000450000,3,1443
2026-09-17,EUU,OPT,EUUX6 C1200,2026-11-06,C,1.2,0.000300000,3,1092
2026-09-17,EUU,OPT,EUUX6 C1205,2026-11-06,C,1.205,0.000250000,3,1663
2026-09-17,EUU,OPT,EUUX6 C1210,2026-11-06,C,1.21,0.000150000,3,100
2026-09-17,EUU,OPT,EUUX6 C1215,2026-11-06,C,1.215,0.000150000,3,92
2026-09-17,EUU,OPT,EUUX6 C1220,2026-11-06,C,1.22,0.000150000,3,34
2026-09-17,EUU,OPT,EUUX6 C1225,2026-11-06,C,1.225,0.000100000,3,567
2026-09-17,EUU,OPT,EUUX6 C1230,2026-11-06,C,1.23,0.000100000,3,46
2026-09-17,EUU,OPT,EUUX6 C1235,2026-11-06,C,1.235,0.000050000,3,502
2026-09-17,EUU,OPT,EUUX6 C1240,2026-11-06,C,1.24,0.000050000,3,61
2026-09-17,EUU,OPT,EUUX6 C1245,2026-11-06,C,1.245,0.000050000,3,715
2026-09-17,EUU,OPT,EUUX6 C1250,2026-11-06,C,1.25,0.000050000,3,202
2026-09-17,EUU,OPT,EUUX6 C1255,2026-11-06,C,1.255,0.000050000,3,9
2026-09-17,EUU,OPT,EUUX6 C1260,2026-11-06,C,1.26,0.000050000,3,102
2026-09-17,EUU,OPT,EUUX6 C1265,2026-11-06,C,1.265,0.000050000,3,18
2026-09-17,EUU,OPT,EUUX6 C1270,2026-11-06,C,1.27,0.000050000,3,32
2026-09-17,EUU,OPT,EUUX6 C1280,2026-11-06,C,1.28,0.000050000,3,32
2026-09-17,EUU,OPT,EUUX6 C1290,2026-11-06,C,1.29,0.000050000,3,33
2026-09-17,EUU,OPT,EUUX6 C1300,2026-11-06,C,1.3,0.000050000,3,2402
2026-09-17,EUU,OPT,EUUX6 C1310,2026-11-06,C,1.31,0.000050000,3,17
2026-09-17,EUU,OPT,EUUX6 C1320,2026-11-06,C,1.32,0.000050000,3,23
2026-09-17,EUU,OPT,EUUX6 C1330,2026-11-06,C,1.33,0.000050000,3,624
2026-09-17,EUU,OPT,EUUX6 C1340,2026-11-06,C,1.34,0.000050000,3,23
2026-09-17,EUU,OPT,EUUX6 C1350,2026-11-06,C,1.35,0.000050000,3,
2026-09-17,EUU,OPT,EUUX6 C1360,2026-11-06,C,1.36,0.000050000,3,6
2026-09-17,EUU,OPT,EUUX6 P1000,2026-11-06,P,1,0.000050000,3,
2026-09-17,EUU,OPT,EUUX6 P1010,2026-11-06,P,1.01,0.000050000,3,
2026-09-17,EUU,OPT,EUUX6 P1020,2026-11-06,P,1.02,0.000050000,3,82
2026-09-17,EUU,OPT,EUUX6 P1030,2026-11-06,P,1.03,0.000050000,3,10
2026-09-17,EUU,OPT,EUUX6 P1040,2026-11-06,P,1.04,0.000050000,3,1
2026-09-17,EUU,OPT,EUUX6 P1050,2026-11-06,P,1.05,0.000050000,3,1
2026-09-17,EUU,OPT,EUUX6 P1060,2026-11-06,P,1.06,0.000050000,3,438
2026-09-17,EUU,OPT,EUUX6 P1070,2026-11-06,P,1.07,0.000100000,3,2028
2026-09-17,EUU,OPT,EUUX6 P1080,2026-11-06,P,1.08,0.000150000,3,60
2026-09-17,EUU,OPT,EUUX6 P1090,2026-11-06,P,1.09,0.000250000,3,87
2026-09-17,EUU,OPT,EUUX6 P1095,2026-11-06,P,1.095,0.000300000,3,44
2026-09-17,EUU,OPT,EUUX6 P1100,2026-11-06,P,1.1,0.000350000,3,257
2026-09-17,EUU,OPT,EUUX6 P1105,2026-11-06,P,1.105,0.000450000,3,1105
2026-09-17,EUU,OPT,EUUX6 P1110,2026-11-06,P,1.11,0.000600000,3,2420
2026-09-17,EUU,OPT,EUUX6 P1115,2026-11-06,P,1.115,0.000800000,3,398
2026-09-17,EUU,OPT,EUUX6 P1120,2026-11-06,P,1.12,0.001100000,3,1498
2026-09-17,EUU,OPT,EUUX6 P1125,2026-11-06,P,1.125,0.001600000,3,768
2026-09-17,EUU,OPT,EUUX6 P1130,2026-11-06,P,1.13,0.002200000,3,720
2026-09-17,EUU,OPT,EUUX6 P1135,2026-11-06,P,1.135,0.003100000,3,1660
2026-09-17,EUU,OPT,EUUX6 P1140,2026-11-06,P,1.14,0.004200000,3,1535
2026-09-17,EUU,OPT,EUUX6 P1145,2026-11-06,P,1.145,0.005800000,3,902
2026-09-17,EUU,OPT,EUUX6 P1150,2026-11-06,P,1.15,0.007800000,3,1666
2026-09-17,EUU,OPT,EUUX6 P1155,2026-11-06,P,1.155,0.010300000,3,2035
2026-09-17,EUU,OPT,EUUX6 P1160,2026-11-06,P,1.16,0.013400000,3,1248
2026-09-17,EUU,OPT,EUUX6 P1165,2026-11-06,P,1.165,0.016900000,3,866
2026-09-17,EUU,OPT,EUUX6 P1170,2026-11-06,P,1.17,0.020800000,3,1407
2026-09-17,EUU,OPT,EUUX6 P1175,2026-11-06,P,1.175,0.025000000,3,573
2026-09-17,EUU,OPT,EUUX6 P1180,2026-11-06,P,1.18,0.029400000,3,213
2026-09-17,EUU,OPT,EUUX6 P1185,2026-11-06,P,1.185,0.034000000,3,13
2026-09-17,EUU,OPT,EUUX6 P1190,2026-11-06,P,1.19,0.038800000,3,455
2026-09-17,EUU,OPT,EUUX6 P1195,2026-11-06,P,1.195,0.043600000,3,522
2026-09-17,EUU,OPT,EUUX6 P1200,2026-11-06,P,1.2,0.048500000,3,600
2026-09-17,EUU,OPT,EUUX6 P1205,2026-11-06,P,1.205,0.053400000,3,69
2026-09-17,EUU,OPT,EUUX6 P1210,2026-11-06,P,1.21,0.058300000,3,
2026-09-17,EUU,OPT,EUUX6 P1215,2026-11-06,P,1.215,0.063300000,3,92
2026-09-17,EUU,OPT,EUUX6 P1220,2026-11-06,P,1.22,0.068200000,3,
2026-09-17,EUU,OPT,EUUX6 P1225,2026-11-06,P,1.225,0.073200000,3,
2026-09-17,EUU,OPT,EUUX6 P1230,2026-11-06,P,1.23,0.078100000,3,
2026-09-17,EUU,OPT,EUUX6 P1235,2026-11-06,P,1.235,0.083100000,3,
2026-09-17,EUU,OPT,EUUX6 P1240,2026-11-06,P,1.24,0.088000000,3,1
2026-09-17,EUU,OPT,EUUX6 P1245,2026-11-06,P,1.245,0.093000000,3,
2026-09-17,EUU,OPT,EUUX6 P1250,2026-11-06,P,1.25,0.098000000,3,
2026-09-17,EUU,OPT,EUUX6 P1255,2026-11-06,P,1.255,0.102900000,3,
2026-09-17,EUU,OPT,EUUX6 P1260,2026-11-06,P,1.26,0.107900000,3,
2026-09-17,EUU,OPT,EUUX6 P1265,2026-11-06,P,1.265,0.112900000,3,
2026-09-17,EUU,OPT,EUUX6 P1270,2026-11-06,P,1.27,0.117800000,3,
2026-09-17,EUU,OPT,EUUX6 P1280,2026-11-06,P,1.28,0.127800000,3,
2026-09-17,EUU,OPT,EUUX6 P1290,2026-11-06,P,1.29,0.137700000,3,
2026-09-17,EUU,OPT,EUUX6 P1300,2026-11-06,P,1.3,0.147700000,3,
2026-09-17,EUU,OPT,EUUX6 P1310,2026-11-06,P,1.31,0.157600000,3,
2026-09-17,EUU,OPT,EUUX6 P1320,2026-11-06,P,1.32,0.167500000,3,
2026-09-17,EUU,OPT,EUUX6 P1330,2026-11-06,P,1.33,0.177500000,3,
2026-09-17,EUU,OPT,EUUX6 P1340,2026-11-06,P,1.34,0.187400000,3,
2026-09-17,EUU,OPT,EUUX6 P1350,2026-11-06,P,1.35,0.197400000,3,
2026-09-17,EUU,OPT,EUUX6 P1360,2026-11-06,P,1.36,0.207300000,3,
2026-09-17,EUU,OPT,EUUZ6 C0910,2026-12-04,C,0.91,0.239500000,3,
2026-09-17,EUU,OPT,EUUZ6 C0920,2026-12-04,C,0.92,0.229600000,3,
2026-09-17,EUU,OPT,EUUZ6 C0930,2026-12-04,C,0.93,0.219700000,3,
2026-09-17,EUU,OPT,EUUZ6 C0940,2026-12-04,C,0.94,0.209800000,3,
2026-09-17,EUU,OPT,EUUZ6 C0950,2026-12-04,C,0.95,0.199900000,3,
2026-09-17,EUU,OPT,EUUZ6 C0960,2026-12-04,C,0.96,0.190000000,3,
2026-09-17,EUU,OPT,EUUZ6 C0970,2026-12-04,C,0.97,0.180100000,3,
2026-09-17,EUU,OPT,EUUZ6 C0980,2026-12-04,C,0.98,0.170200000,3,
2026-09-17,EUU,OPT,EUUZ6 C0990,2026-12-04,C,0.99,0.160300000,3,
2026-09-17,EUU,OPT,EUUZ6 C1000,2026-12-04,C,1,0.150400000,3,
2026-09-17,EUU,OPT,EUUZ6 C1010,2026-12-04,C,1.01,0.140400000,3,
2026-09-17,EUU,OPT,EUUZ6 C1015,2026-12-04,C,1.015,0.135500000,3,
2026-09-17,EUU,OPT,EUUZ6 C1020,2026-12-04,C,1.02,0.130500000,3,
2026-09-17,EUU,OPT,EUUZ6 C1025,2026-12-04,C,1.025,0.125600000,3,
2026-09-17,EUU,OPT,EUUZ6 C1030,2026-12-04,C,1.03,0.120700000,3,
2026-09-17,EUU,OPT,EUUZ6 C1035,2026-12-04,C,1.035,0.115700000,3,
2026-09-17,EUU,OPT,EUUZ6 C1040,2026-12-04,C,1.04,0.110800000,3,
2026-09-17,EUU,OPT,EUUZ6 C1045,2026-12-04,C,1.045,0.105800000,3,
2026-09-17,EUU,OPT,EUUZ6 C1050,2026-12-04,C,1.05,0.100900000,3,4
2026-09-17,EUU,OPT,EUUZ6 C1055,2026-12-04,C,1.055,0.095900000,3,
2026-09-17,EUU,OPT,EUUZ6 C1060,2026-12-04,C,1.06,0.091000000,3,2
2026-09-17,EUU,OPT,EUUZ6 C1065,2026-12-04,C,1.065,0.086100000,3,
2026-09-17,EUU,OPT,EUUZ6 C1070,2026-12-04,C,1.07,0.081200000,3,
2026-09-17,EUU,OPT,EUUZ6 C1075,2026-12-04,C,1.075,0.076200000,3,
2026-09-17,EUU,OPT,EUUZ6 C1080,2026-12-04,C,1.08,0.071300000,3,2
2026-09-17,EUU,OPT,EUUZ6 C1085,2026-12-04,C,1.085,0.066500000,3,
2026-09-17,EUU,OPT,EUUZ6 C1090,2026-12-04,C,1.09,0.061600000,3,4
2026-09-17,EUU,OPT,EUUZ6 C1095,2026-12-04,C,1.095,0.056700000,3,1
2026-09-17,EUU,OPT,EUUZ6 C1100,2026-12-04,C,1.1,0.052000000,3,1
2026-09-17,EUU,OPT,EUUZ6 C1105,2026-12-04,C,1.105,0.047200000,3,
2026-09-17,EUU,OPT,EUUZ6 C1110,2026-12-04,C,1.11,0.042600000,3,
2026-09-17,EUU,OPT,EUUZ6 C1115,2026-12-04,C,1.115,0.037900000,3,
2026-09-17,EUU,OPT,EUUZ6 C1120,2026-12-04,C,1.12,0.033500000,3,5
2026-09-17,EUU,OPT,EUUZ6 C1125,2026-12-04,C,1.125,0.029200000,3,1
2026-09-17,EUU,OPT,EUUZ6 C1130,2026-12-04,C,1.13,0.025100000,3,19
2026-09-17,EUU,OPT,EUUZ6 C1135,2026-12-04,C,1.135,0.021200000,3,24
2026-09-17,EUU,OPT,EUUZ6 C1140,2026-12-04,C,1.14,0.017600000,3,137
2026-09-17,EUU,OPT,EUUZ6 C1145,2026-12-04,C,1.145,0.014400000,3,208
2026-09-17,EUU,OPT,EUUZ6 C1150,2026-12-04,C,1.15,0.011500000,3,113
2026-09-17,EUU,OPT,EUUZ6 C1155,2026-12-04,C,1.155,0.009100000,3,282
2026-09-17,EUU,OPT,EUUZ6 C1160,2026-12-04,C,1.16,0.007000000,3,1350
2026-09-17,EUU,OPT,EUUZ6 C1165,2026-12-04,C,1.165,0.005400000,3,1446
2026-09-17,EUU,OPT,EUUZ6 C1170,2026-12-04,C,1.17,0.004100000,3,10418
2026-09-17,EUU,OPT,EUUZ6 C1175,2026-12-04,C,1.175,0.003100000,3,348
2026-09-17,EUU,OPT,EUUZ6 C1180,2026-12-04,C,1.18,0.002400000,3,13173
2026-09-17,EUU,OPT,EUUZ6 C1185,2026-12-04,C,1.185,0.001800000,3,979
2026-09-17,EUU,OPT,EUUZ6 C1190,2026-12-04,C,1.19,0.001400000,3,2272
2026-09-17,EUU,OPT,EUUZ6 C1195,2026-12-04,C,1.195,0.001100000,3,1738
2026-09-17,EUU,OPT,EUUZ6 C1200,2026-12-04,C,1.2,0.000800000,3,8962
2026-09-17,EUU,OPT,EUUZ6 C1205,2026-12-04,C,1.205,0.000700000,3,456
2026-09-17,EUU,OPT,EUUZ6 C1210,2026-12-04,C,1.21,0.000500000,3,546
2026-09-17,EUU,OPT,EUUZ6 C1215,2026-12-04,C,1.215,0.000400000,3,114
2026-09-17,EUU,OPT,EUUZ6 C1220,2026-12-04,C,1.22,0.000300000,3,242
2026-09-17,EUU,OPT,EUUZ6 C1225,2026-12-04,C,1.225,0.000250000,3,138
2026-09-17,EUU,OPT,EUUZ6 C1230,2026-12-04,C,1.23,0.000250000,3,84
2026-09-17,EUU,OPT,EUUZ6 C1235,2026-12-04,C,1.235,0.000200000,3,815
2026-09-17,EUU,OPT,EUUZ6 C1240,2026-12-04,C,1.24,0.000150000,3,554
2026-09-17,EUU,OPT,EUUZ6 C1245,2026-12-04,C,1.245,0.000150000,3,454
2026-09-17,EUU,OPT,EUUZ6 C1250,2026-12-04,C,1.25,0.000150000,3,2251
2026-09-17,EUU,OPT,EUUZ6 C1255,2026-12-04,C,1.255,0.000100000,3,40
2026-09-17,EUU,OPT,EUUZ6 C1260,2026-12-04,C,1.26,0.000100000,3,288
2026-09-17,EUU,OPT,EUUZ6 C1265,2026-12-04,C,1.265,0.000100000,3,130
2026-09-17,EUU,OPT,EUUZ6 C1270,2026-12-04,C,1.27,0.000050000,3,864
2026-09-17,EUU,OPT,EUUZ6 C1280,2026-12-04,C,1.28,0.000050000,3,166
2026-09-17,EUU,OPT,EUUZ6 C1290,2026-12-04,C,1.29,0.000050000,3,88
2026-09-17,EUU,OPT,EUUZ6 C1300,2026-12-04,C,1.3,0.000050000,3,816
2026-09-17,EUU,OPT,EUUZ6 C1310,2026-12-04,C,1.31,0.000050000,3,690
2026-09-17,EUU,OPT,EUUZ6 C1320,2026-12-04,C,1.32,0.000050000,3,10
2026-09-17,EUU,OPT,EUUZ6 C1330,2026-12-04,C,1.33,0.000050000,3,37
2026-09-17,EUU,OPT,EUUZ6 C1340,2026-12-04,C,1.34,0.000050000,3,11
2026-09-17,EUU,OPT,EUUZ6 C1350,2026-12-04,C,1.35,0.000050000,3,359
2026-09-17,EUU,OPT,EUUZ6 C1360,2026-12-04,C,1.36,0.000050000,3,11
2026-09-17,EUU,OPT,EUUZ6 P0910,2026-12-04,P,0.91,0.000050000,3,1
2026-09-17,EUU,OPT,EUUZ6 P0920,2026-12-04,P,0.92,0.000050000,3,
2026-09-17,EUU,OPT,EUUZ6 P0930,2026-12-04,P,0.93,0.000050000,3,8
2026-09-17,EUU,OPT,EUUZ6 P0940,2026-12-04,P,0.94,0.000050000,3,
2026-09-17,EUU,OPT,EUUZ6 P0950,2026-12-04,P,0.95,0.000050000,3,72
2026-09-17,EUU,OPT,EUUZ6 P0960,2026-12-04,P,0.96,0.000050000,3,
2026-09-17,EUU,OPT,EUUZ6 P0970,2026-12-04,P,0.97,0.000050000,3,5
2026-09-17,EUU,OPT,EUUZ6 P0980,2026-12-04,P,0.98,0.000100000,3,
2026-09-17,EUU,OPT,EUUZ6 P0990,2026-12-04,P,0.99,0.000100000,3,100
2026-09-17,EUU,OPT,EUUZ6 P1000,2026-12-04,P,1,0.000100000,3,236
2026-09-17,EUU,OPT,EUUZ6 P1010,2026-12-04,P,1.01,0.000100000,3,291
2026-09-17,EUU,OPT,EUUZ6 P1015,2026-12-04,P,1.015,0.000100000,3,40
2026-09-17,EUU,OPT,EUUZ6 P1020,2026-12-04,P,1.02,0.000100000,3,110
2026-09-17,EUU,OPT,EUUZ6 P1025,2026-12-04,P,1.025,0.000100000,3,1
2026-09-17,EUU,OPT,EUUZ6 P1030,2026-12-04,P,1.03,0.000150000,3,222
2026-09-17,EUU,OPT,EUUZ6 P1035,2026-12-04,P,1.035,0.000150000,3,
2026-09-17,EUU,OPT,EUUZ6 P1040,2026-12-04,P,1.04,0.000150000,3,7
2026-09-17,EUU,OPT,EUUZ6 P1045,2026-12-04,P,1.045,0.000150000,3,506
2026-09-17,EUU,OPT,EUUZ6 P1050,2026-12-04,P,1.05,0.000150000,3,1960
2026-09-17,EUU,OPT,EUUZ6 P1055,2026-12-04,P,1.055,0.000200000,3,28
2026-09-17,EUU,OPT,EUUZ6 P1060,2026-12-04,P,1.06,0.000250000,3,55
2026-09-17,EUU,OPT,EUUZ6 P1065,2026-12-04,P,1.065,0.000300000,3,32
2026-09-17,EUU,OPT,EUUZ6 P1070,2026-12-04,P,1.07,0.000300000,3,24
2026-09-17,EUU,OPT,EUUZ6 P1075,2026-12-04,P,1.075,0.000350000,3,96
2026-09-17,EUU,OPT,EUUZ6 P1080,2026-12-04,P,1.08,0.000400000,3,1693
2026-09-17,EUU,OPT,EUUZ6 P1085,2026-12-04,P,1.085,0.000500000,3,17
2026-09-17,EUU,OPT,EUUZ6 P1090,2026-12-04,P,1.09,0.000600000,3,924
2026-09-17,EUU,OPT,EUUZ6 P1095,2026-12-04,P,1.095,0.000600000,3,137
2026-09-17,EUU,OPT,EUUZ6 P1100,2026-12-04,P,1.1,0.000800000,3,1220
2026-09-17,EUU,OPT,EUUZ6 P1105,2026-12-04,P,1.105,0.001100000,3,536
2026-09-17,EUU,OPT,EUUZ6 P1110,2026-12-04,P,1.11,0.001400000,3,1038
2026-09-17,EUU,OPT,EUUZ6 P1115,2026-12-04,P,1.115,0.001700000,3,524
2026-09-17,EUU,OPT,EUUZ6 P1120,2026-12-04,P,1.12,0.002200000,3,1635
2026-09-17,EUU,OPT,EUUZ6 P1125,2026-12-04,P,1.125,0.002900000,3,448
2026-09-17,EUU,OPT,EUUZ6 P1130,2026-12-04,P,1.13,0.003700000,3,1791
2026-09-17,EUU,OPT,EUUZ6 P1135,2026-12-04,P,1.135,0.004800000,3,986
2026-09-17,EUU,OPT,EUUZ6 P1140,2026-12-04,P,1.14,0.006200000,3,1811
2026-09-17,EUU,OPT,EUUZ6 P1145,2026-12-04,P,1.145,0.007900000,3,1277
2026-09-17,EUU,OPT,EUUZ6 P1150,2026-12-04,P,1.15,0.010000000,3,3347
2026-09-17,EUU,OPT,EUUZ6 P1155,2026-12-04,P,1.155,0.012500000,3,924
2026-09-17,EUU,OPT,EUUZ6 P1160,2026-12-04,P,1.16,0.015400000,3,2550
2026-09-17,EUU,OPT,EUUZ6 P1165,2026-12-04,P,1.165,0.018700000,3,732
2026-09-17,EUU,OPT,EUUZ6 P1170,2026-12-04,P,1.17,0.022400000,3,1434
2026-09-17,EUU,OPT,EUUZ6 P1175,2026-12-04,P,1.175,0.026400000,3,568
2026-09-17,EUU,OPT,EUUZ6 P1180,2026-12-04,P,1.18,0.030600000,3,174
2026-09-17,EUU,OPT,EUUZ6 P1185,2026-12-04,P,1.185,0.035000000,3,78
2026-09-17,EUU,OPT,EUUZ6 P1190,2026-12-04,P,1.19,0.039500000,3,835
2026-09-17,EUU,OPT,EUUZ6 P1195,2026-12-04,P,1.195,0.044200000,3,68
2026-09-17,EUU,OPT,EUUZ6 P1200,2026-12-04,P,1.2,0.048900000,3,26
2026-09-17,EUU,OPT,EUUZ6 P1205,2026-12-04,P,1.205,0.053700000,3,531
2026-09-17,EUU,OPT,EUUZ6 P1210,2026-12-04,P,1.21,0.058500000,3,1
2026-09-17,EUU,OPT,EUUZ6 P1215,2026-12-04,P,1.215,0.063300000,3,
2026-09-17,EUU,OPT,EUUZ6 P1220,2026-12-04,P,1.22,0.068200000,3,
2026-09-17,EUU,OPT,EUUZ6 P1225,2026-12-04,P,1.225,0.073100000,3,
2026-09-17,EUU,OPT,EUUZ6 P1230,2026-12-04,P,1.23,0.078000000,3,
2026-09-17,EUU,OPT,EUUZ6 P1235,2026-12-04,P,1.235,0.082900000,3,
2026-09-17,EUU,OPT,EUUZ6 P1240,2026-12-04,P,1.24,0.087900000,3,
2026-09-17,EUU,OPT,EUUZ6 P1245,2026-12-04,P,1.245,0.092800000,3,27
2026-09-17,EUU,OPT,EUUZ6 P1250,2026-12-04,P,1.25,0.097700000,3,101
2026-09-17,EUU,OPT,EUUZ6 P1255,2026-12-04,P,1.255,0.102700000,3,142
2026-09-17,EUU,OPT,EUUZ6 P1260,2026-12-04,P,1.26,0.107600000,3,723
2026-09-17,EUU,OPT,EUUZ6 P1265,2026-12-04,P,1.265,0.112600000,3,504
2026-09-17,EUU,OPT,EUUZ6 P1270,2026-12-04,P,1.27,0.117500000,3,791
2026-09-17,EUU,OPT,EUUZ6 P1280,2026-12-04,P,1.28,0.127400000,3,273
2026-09-17,EUU,OPT,EUUZ6 P1290,2026-12-04,P,1.29,0.137300000,3,64
2026-09-17,EUU,OPT,EUUZ6 P1300,2026-12-04,P,1.3,0.147200000,3,79
2026-09-17,EUU,OPT,EUUZ6 P1310,2026-12-04,P,1.31,0.157200000,3,
2026-09-17,EUU,OPT,EUUZ6 P1320,2026-12-04,P,1.32,0.167100000,3,1000
2026-09-17,EUU,OPT,EUUZ6 P1330,2026-12-04,P,1.33,0.176900000,3,
2026-09-17,EUU,OPT,EUUZ6 P1340,2026-12-04,P,1.34,0.186900000,3,
2026-09-17,EUU,OPT,EUUZ6 P1350,2026-12-04,P,1.35,0.196800000,3,
2026-09-17,EUU,OPT,EUUZ6 P1360,2026-12-04,P,1.36,0.206700000,3,
2026-09-17,EUU,OPT,EUUF7 C1000,2027-01-08,C,1,0.153900000,3,
2026-09-17,EUU,OPT,EUUF7 C1010,2027-01-08,C,1.01,0.144100000,3,
2026-09-17,EUU,OPT,EUUF7 C1020,2027-01-08,C,1.02,0.134200000,3,
2026-09-17,EUU,OPT,EUUF7 C1030,2027-01-08,C,1.03,0.124400000,3,
2026-09-17,EUU,OPT,EUUF7 C1040,2027-01-08,C,1.04,0.114600000,3,
2026-09-17,EUU,OPT,EUUF7 C1050,2027-01-08,C,1.05,0.104800000,3,
2026-09-17,EUU,OPT,EUUF7 C1060,2027-01-08,C,1.06,0.095000000,3,
2026-09-17,EUU,OPT,EUUF7 C1070,2027-01-08,C,1.07,0.085300000,3,
2026-09-17,EUU,OPT,EUUF7 C1080,2027-01-08,C,1.08,0.075600000,3,
2026-09-17,EUU,OPT,EUUF7 C1090,2027-01-08,C,1.09,0.066000000,3,
2026-09-17,EUU,OPT,EUUF7 C1100,2027-01-08,C,1.1,0.056500000,3,6
2026-09-17,EUU,OPT,EUUF7 C1105,2027-01-08,C,1.105,0.051900000,3,
2026-09-17,EUU,OPT,EUUF7 C1110,2027-01-08,C,1.11,0.047300000,3,
2026-09-17,EUU,OPT,EUUF7 C1115,2027-01-08,C,1.115,0.042800000,3,
2026-09-17,EUU,OPT,EUUF7 C1120,2027-01-08,C,1.12,0.038500000,3,1
2026-09-17,EUU,OPT,EUUF7 C1125,2027-01-08,C,1.125,0.034300000,3,
2026-09-17,EUU,OPT,EUUF7 C1130,2027-01-08,C,1.13,0.030200000,3,
2026-09-17,EUU,OPT,EUUF7 C1135,2027-01-08,C,1.135,0.026300000,3,
2026-09-17,EUU,OPT,EUUF7 C1140,2027-01-08,C,1.14,0.022600000,3,30
2026-09-17,EUU,OPT,EUUF7 C1145,2027-01-08,C,1.145,0.019300000,3,
2026-09-17,EUU,OPT,EUUF7 C1150,2027-01-08,C,1.15,0.016200000,3,24
2026-09-17,EUU,OPT,EUUF7 C1155,2027-01-08,C,1.155,0.013600000,3,106
2026-09-17,EUU,OPT,EUUF7 C1160,2027-01-08,C,1.16,0.011300000,3,59
2026-09-17,EUU,OPT,EUUF7 C1165,2027-01-08,C,1.165,0.009200000,3,850
2026-09-17,EUU,OPT,EUUF7 C1170,2027-01-08,C,1.17,0.007500000,3,1255
2026-09-17,EUU,OPT,EUUF7 C1175,2027-01-08,C,1.175,0.006100000,3,67
2026-09-17,EUU,OPT,EUUF7 C1180,2027-01-08,C,1.18,0.004900000,3,17
2026-09-17,EUU,OPT,EUUF7 C1185,2027-01-08,C,1.185,0.003900000,3,1378
2026-09-17,EUU,OPT,EUUF7 C1190,2027-01-08,C,1.19,0.003100000,3,356
2026-09-17,EUU,OPT,EUUF7 C1195,2027-01-08,C,1.195,0.002500000,3,106
2026-09-17,EUU,OPT,EUUF7 C1200,2027-01-08,C,1.2,0.002000000,3,1135
2026-09-17,EUU,OPT,EUUF7 C1205,2027-01-08,C,1.205,0.001600000,3,1406
2026-09-17,EUU,OPT,EUUF7 C1210,2027-01-08,C,1.21,0.001300000,3,61
2026-09-17,EUU,OPT,EUUF7 C1215,2027-01-08,C,1.215,0.001100000,3,101
2026-09-17,EUU,OPT,EUUF7 C1220,2027-01-08,C,1.22,0.000900000,3,45
2026-09-17,EUU,OPT,EUUF7 C1225,2027-01-08,C,1.225,0.000700000,3,10
2026-09-17,EUU,OPT,EUUF7 C1230,2027-01-08,C,1.23,0.000600000,3,11
2026-09-17,EUU,OPT,EUUF7 C1235,2027-01-08,C,1.235,0.000500000,3,871
2026-09-17,EUU,OPT,EUUF7 C1240,2027-01-08,C,1.24,0.000400000,3,16
2026-09-17,EUU,OPT,EUUF7 C1245,2027-01-08,C,1.245,0.000350000,3,17
2026-09-17,EUU,OPT,EUUF7 C1250,2027-01-08,C,1.25,0.000300000,3,493
2026-09-17,EUU,OPT,EUUF7 C1255,2027-01-08,C,1.255,0.000250000,3,600
2026-09-17,EUU,OPT,EUUF7 C1260,2027-01-08,C,1.26,0.000200000,3,1
2026-09-17,EUU,OPT,EUUF7 C1265,2027-01-08,C,1.265,0.000200000,3,38
2026-09-17,EUU,OPT,EUUF7 C1270,2027-01-08,C,1.27,0.000150000,3,3
2026-09-17,EUU,OPT,EUUF7 C1280,2027-01-08,C,1.28,0.000100000,3,3
2026-09-17,EUU,OPT,EUUF7 C1290,2027-01-08,C,1.29,0.000100000,3,
2026-09-17,EUU,OPT,EUUF7 C1300,2027-01-08,C,1.3,0.000050000,3,1
2026-09-17,EUU,OPT,EUUF7 C1310,2027-01-08,C,1.31,0.000050000,3,
2026-09-17,EUU,OPT,EUUF7 C1320,2027-01-08,C,1.32,0.000050000,3,15
2026-09-17,EUU,OPT,EUUF7 C1330,2027-01-08,C,1.33,0.000050000,3,
2026-09-17,EUU,OPT,EUUF7 C1340,2027-01-08,C,1.34,0.000050000,3,500
2026-09-17,EUU,OPT,EUUF7 C1350,2027-01-08,C,1.35,0.000050000,3,40
2026-09-17,EUU,OPT,EUUF7 C1360,2027-01-08,C,1.36,0.000050000,3,10
2026-09-17,EUU,OPT,EUUF7 C1370,2027-01-08,C,1.37,0.000050000,3,8
2026-09-17,EUU,OPT,EUUF7 P1000,2027-01-08,P,1,0.000050000,3,20
2026-09-17,EUU,OPT,EUUF7 P1010,2027-01-08,P,1.01,0.000050000,3,
2026-09-17,EUU,OPT,EUUF7 P1020,2027-01-08,P,1.02,0.000100000,3,21
2026-09-17,EUU,OPT,EUUF7 P1030,2027-01-08,P,1.03,0.000150000,3,7
2026-09-17,EUU,OPT,EUUF7 P1040,2027-01-08,P,1.04,0.000200000,3,127
2026-09-17,EUU,OPT,EUUF7 P1050,2027-01-08,P,1.05,0.000300000,3,506
2026-09-17,EUU,OPT,EUUF7 P1060,2027-01-08,P,1.06,0.000400000,3,2
2026-09-17,EUU,OPT,EUUF7 P1070,2027-01-08,P,1.07,0.000500000,3,19
2026-09-17,EUU,OPT,EUUF7 P1080,2027-01-08,P,1.08,0.000700000,3,25
2026-09-17,EUU,OPT,EUUF7 P1090,2027-01-08,P,1.09,0.001000000,3,26
2026-09-17,EUU,OPT,EUUF7 P1100,2027-01-08,P,1.1,0.001400000,3,156
2026-09-17,EUU,OPT,EUUF7 P1105,2027-01-08,P,1.105,0.001700000,3,190
2026-09-17,EUU,OPT,EUUF7 P1110,2027-01-08,P,1.11,0.002100000,3,702
2026-09-17,EUU,OPT,EUUF7 P1115,2027-01-08,P,1.115,0.002500000,3,1
2026-09-17,EUU,OPT,EUUF7 P1120,2027-01-08,P,1.12,0.003100000,3,481
2026-09-17,EUU,OPT,EUUF7 P1125,2027-01-08,P,1.125,0.003800000,3,70
2026-09-17,EUU,OPT,EUUF7 P1130,2027-01-08,P,1.13,0.004700000,3,98
2026-09-17,EUU,OPT,EUUF7 P1135,2027-01-08,P,1.135,0.005700000,3,713
2026-09-17,EUU,OPT,EUUF7 P1140,2027-01-08,P,1.14,0.007000000,3,441
2026-09-17,EUU,OPT,EUUF7 P1145,2027-01-08,P,1.145,0.008600000,3,1017
2026-09-17,EUU,OPT,EUUF7 P1150,2027-01-08,P,1.15,0.010500000,3,1259
2026-09-17,EUU,OPT,EUUF7 P1155,2027-01-08,P,1.155,0.012800000,3,1080
2026-09-17,EUU,OPT,EUUF7 P1160,2027-01-08,P,1.16,0.015400000,3,1801
2026-09-17,EUU,OPT,EUUF7 P1165,2027-01-08,P,1.165,0.018300000,3,1988
2026-09-17,EUU,OPT,EUUF7 P1170,2027-01-08,P,1.17,0.021500000,3,2057
2026-09-17,EUU,OPT,EUUF7 P1175,2027-01-08,P,1.175,0.025000000,3,364
2026-09-17,EUU,OPT,EUUF7 P1180,2027-01-08,P,1.18,0.028800000,3,99
2026-09-17,EUU,OPT,EUUF7 P1185,2027-01-08,P,1.185,0.032700000,3,65
2026-09-17,EUU,OPT,EUUF7 P1190,2027-01-08,P,1.19,0.036900000,3,129
2026-09-17,EUU,OPT,EUUF7 P1195,2027-01-08,P,1.195,0.041200000,3,97
2026-09-17,EUU,OPT,EUUF7 P1200,2027-01-08,P,1.2,0.045700000,3,60
2026-09-17,EUU,OPT,EUUF7 P1205,2027-01-08,P,1.205,0.050200000,3,29
2026-09-17,EUU,OPT,EUUF7 P1210,2027-01-08,P,1.21,0.054900000,3,
2026-09-17,EUU,OPT,EUUF7 P1215,2027-01-08,P,1.215,0.059600000,3,122
2026-09-17,EUU,OPT,EUUF7 P1220,2027-01-08,P,1.22,0.064300000,3,
2026-09-17,EUU,OPT,EUUF7 P1225,2027-01-08,P,1.225,0.069100000,3,
2026-09-17,EUU,OPT,EUUF7 P1230,2027-01-08,P,1.23,0.073900000,3,
2026-09-17,EUU,OPT,EUUF7 P1235,2027-01-08,P,1.235,0.078700000,3,
2026-09-17,EUU,OPT,EUUF7 P1240,2027-01-08,P,1.24,0.083600000,3,
2026-09-17,EUU,OPT,EUUF7 P1245,2027-01-08,P,1.245,0.088400000,3,
2026-09-17,EUU,OPT,EUUF7 P1250,2027-01-08,P,1.25,0.093300000,3,
2026-09-17,EUU,OPT,EUUF7 P1255,2027-01-08,P,1.255,0.098200000,3,
2026-09-17,EUU,OPT,EUUF7 P1260,2027-01-08,P,1.26,0.103100000,3,
2026-09-17,EUU,OPT,EUUF7 P1265,2027-01-08,P,1.265,0.108000000,3,
2026-09-17,EUU,OPT,EUUF7 P1270,2027-01-08,P,1.27,0.112900000,3,
2026-09-17,EUU,OPT,EUUF7 P1280,2027-01-08,P,1.28,0.122800000,3,
2026-09-17,EUU,OPT,EUUF7 P1290,2027-01-08,P,1.29,0.132600000,3,
2026-09-17,EUU,OPT,EUUF7 P1300,2027-01-08,P,1.3,0.142500000,3,
2026-09-17,EUU,OPT,EUUF7 P1310,2027-01-08,P,1.31,0.152300000,3,
2026-09-17,EUU,OPT,EUUF7 P1320,2027-01-08,P,1.32,0.162200000,3,
2026-09-17,EUU,OPT,EUUF7 P1330,2027-01-08,P,1.33,0.172100000,3,
2026-09-17,EUU,OPT,EUUF7 P1340,2027-01-08,P,1.34,0.181900000,3,
2026-09-17,EUU,OPT,EUUF7 P1350,2027-01-08,P,1.35,0.191800000,3,
2026-09-17,EUU,OPT,EUUF7 P1360,2027-01-08,P,1.36,0.201700000,3,
2026-09-17,EUU,OPT,EUUF7 P1370,2027-01-08,P,1.37,0.211600000,3,
2026-09-17,EUU,OPT,EUUG7 C1000,2027-02-05,C,1,0.153500000,3,
2026-09-17,EUU,OPT,EUUG7 C1010,2027-02-05,C,1.01,0.143700000,3,
2026-09-17,EUU,OPT,EUUG7 C1020,2027-02-05,C,1.02,0.133900000,3,
2026-09-17,EUU,OPT,EUUG7 C1030,2027-02-05,C,1.03,0.124100000,3,
2026-09-17,EUU,OPT,EUUG7 C1040,2027-02-05,C,1.04,0.114300000,3,
2026-09-17,EUU,OPT,EUUG7 C1050,2027-02-05,C,1.05,0.104700000,3,
2026-09-17,EUU,OPT,EUUG7 C1060,2027-02-05,C,1.06,0.094900000,3,
2026-09-17,EUU,OPT,EUUG7 C1070,2027-02-05,C,1.07,0.085300000,3,
2026-09-17,EUU,OPT,EUUG7 C1080,2027-02-05,C,1.08,0.075700000,3,
2026-09-17,EUU,OPT,EUUG7 C1090,2027-02-05,C,1.09,0.066300000,3,
2026-09-17,EUU,OPT,EUUG7 C1100,2027-02-05,C,1.1,0.057000000,3,
2026-09-17,EUU,OPT,EUUG7 C1105,2027-02-05,C,1.105,0.052500000,3,
2026-09-17,EUU,OPT,EUUG7 C1110,2027-02-05,C,1.11,0.048100000,3,
2026-09-17,EUU,OPT,EUUG7 C1115,2027-02-05,C,1.115,0.043800000,3,
2026-09-17,EUU,OPT,EUUG7 C1120,2027-02-05,C,1.12,0.039600000,3,
2026-09-17,EUU,OPT,EUUG7 C1125,2027-02-05,C,1.125,0.035500000,3,
2026-09-17,EUU,OPT,EUUG7 C1130,2027-02-05,C,1.13,0.031600000,3,
2026-09-17,EUU,OPT,EUUG7 C1135,2027-02-05,C,1.135,0.027900000,3,5
2026-09-17,EUU,OPT,EUUG7 C1140,2027-02-05,C,1.14,0.024400000,3,
2026-09-17,EUU,OPT,EUUG7 C1145,2027-02-05,C,1.145,0.021200000,3,
2026-09-17,EUU,OPT,EUUG7 C1150,2027-02-05,C,1.15,0.018200000,3,130
2026-09-17,EUU,OPT,EUUG7 C1155,2027-02-05,C,1.155,0.015500000,3,14
2026-09-17,EUU,OPT,EUUG7 C1160,2027-02-05,C,1.16,0.013100000,3,11
2026-09-17,EUU,OPT,EUUG7 C1165,2027-02-05,C,1.165,0.011000000,3,255
2026-09-17,EUU,OPT,EUUG7 C1170,2027-02-05,C,1.17,0.009300000,3,328
2026-09-17,EUU,OPT,EUUG7 C1175,2027-02-05,C,1.175,0.007800000,3,151
2026-09-17,EUU,OPT,EUUG7 C1180,2027-02-05,C,1.18,0.006500000,3,161
2026-09-17,EUU,OPT,EUUG7 C1185,2027-02-05,C,1.185,0.005400000,3,2
2026-09-17,EUU,OPT,EUUG7 C1190,2027-02-05,C,1.19,0.004400000,3,5
2026-09-17,EUU,OPT,EUUG7 C1195,2027-02-05,C,1.195,0.003600000,3,6
2026-09-17,EUU,OPT,EUUG7 C1200,2027-02-05,C,1.2,0.003000000,3,67
2026-09-17,EUU,OPT,EUUG7 C1205,2027-02-05,C,1.205,0.002500000,3,
2026-09-17,EUU,OPT,EUUG7 C1210,2027-02-05,C,1.21,0.002100000,3,200
2026-09-17,EUU,OPT,EUUG7 C1215,2027-02-05,C,1.215,0.001800000,3,1500
2026-09-17,EUU,OPT,EUUG7 C1220,2027-02-05,C,1.22,0.001500000,3,1
2026-09-17,EUU,OPT,EUUG7 C1225,2027-02-05,C,1.225,0.001300000,3,1
2026-09-17,EUU,OPT,EUUG7 C1230,2027-02-05,C,1.23,0.001100000,3,10
2026-09-17,EUU,OPT,EUUG7 C1235,2027-02-05,C,1.235,0.000900000,3,51
2026-09-17,EUU,OPT,EUUG7 C1240,2027-02-05,C,1.24,0.000800000,3,1523
2026-09-17,EUU,OPT,EUUG7 C1245,2027-02-05,C,1.245,0.000700000,3,103
2026-09-17,EUU,OPT,EUUG7 C1250,2027-02-05,C,1.25,0.000600000,3,8
2026-09-17,EUU,OPT,EUUG7 C1255,2027-02-05,C,1.255,0.000500000,3,
2026-09-17,EUU,OPT,EUUG7 C1260,2027-02-05,C,1.26,0.000450000,3,8
2026-09-17,EUU,OPT,EUUG7 C1270,2027-02-05,C,1.27,0.000350000,3,
2026-09-17,EUU,OPT,EUUG7 C1280,2027-02-05,C,1.28,0.000250000,3,16
2026-09-17,EUU,OPT,EUUG7 C1290,2027-02-05,C,1.29,0.000200000,3,1
2026-09-17,EUU,OPT,EUUG7 C1300,2027-02-05,C,1.3,0.000150000,3,37
2026-09-17,EUU,OPT,EUUG7 C1310,2027-02-05,C,1.31,0.000150000,3,100
2026-09-17,EUU,OPT,EUUG7 C1320,2027-02-05,C,1.32,0.000100000,3,5
2026-09-17,EUU,OPT,EUUG7 C1330,2027-02-05,C,1.33,0.000100000,3,40
2026-09-17,EUU,OPT,EUUG7 C1340,2027-02-05,C,1.34,0.000050000,3,504
2026-09-17,EUU,OPT,EUUG7 C1350,2027-02-05,C,1.35,0.000050000,3,1
2026-09-17,EUU,OPT,EUUG7 C1360,2027-02-05,C,1.36,0.000050000,3,
2026-09-17,EUU,OPT,EUUG7 P1000,2027-02-05,P,1,0.000150000,3,
2026-09-17,EUU,OPT,EUUG7 P1010,2027-02-05,P,1.01,0.000200000,3,
2026-09-17,EUU,OPT,EUUG7 P1020,2027-02-05,P,1.02,0.000200000,3,
2026-09-17,EUU,OPT,EUUG7 P1030,2027-02-05,P,1.03,0.000250000,3,
2026-09-17,EUU,OPT,EUUG7 P1040,2027-02-05,P,1.04,0.000350000,3,
2026-09-17,EUU,OPT,EUUG7 P1050,2027-02-05,P,1.05,0.000500000,3,7
2026-09-17,EUU,OPT,EUUG7 P1060,2027-02-05,P,1.06,0.000600000,3,28
2026-09-17,EUU,OPT,EUUG7 P1070,2027-02-05,P,1.07,0.000800000,3,21
2026-09-17,EUU,OPT,EUUG7 P1080,2027-02-05,P,1.08,0.001100000,3,221
2026-09-17,EUU,OPT,EUUG7 P1090,2027-02-05,P,1.09,0.001500000,3,718
2026-09-17,EUU,OPT,EUUG7 P1100,2027-02-05,P,1.1,0.002100000,3,136
2026-09-17,EUU,OPT,EUUG7 P1105,2027-02-05,P,1.105,0.002500000,3,
2026-09-17,EUU,OPT,EUUG7 P1110,2027-02-05,P,1.11,0.003000000,3,950
2026-09-17,EUU,OPT,EUUG7 P1115,2027-02-05,P,1.115,0.003600000,3,247
2026-09-17,EUU,OPT,EUUG7 P1120,2027-02-05,P,1.12,0.004300000,3,227
2026-09-17,EUU,OPT,EUUG7 P1125,2027-02-05,P,1.125,0.005200000,3,2
2026-09-17,EUU,OPT,EUUG7 P1130,2027-02-05,P,1.13,0.006200000,3,799
2026-09-17,EUU,OPT,EUUG7 P1135,2027-02-05,P,1.135,0.007400000,3,
2026-09-17,EUU,OPT,EUUG7 P1140,2027-02-05,P,1.14,0.008900000,3,834
2026-09-17,EUU,OPT,EUUG7 P1145,2027-02-05,P,1.145,0.010500000,3,535
2026-09-17,EUU,OPT,EUUG7 P1150,2027-02-05,P,1.15,0.012500000,3,878
2026-09-17,EUU,OPT,EUUG7 P1155,2027-02-05,P,1.155,0.014700000,3,109
2026-09-17,EUU,OPT,EUUG7 P1160,2027-02-05,P,1.16,0.017200000,3,754
2026-09-17,EUU,OPT,EUUG7 P1165,2027-02-05,P,1.165,0.020100000,3,672
2026-09-17,EUU,OPT,EUUG7 P1170,2027-02-05,P,1.17,0.023200000,3,1446
2026-09-17,EUU,OPT,EUUG7 P1175,2027-02-05,P,1.175,0.026700000,3,721
2026-09-17,EUU,OPT,EUUG7 P1180,2027-02-05,P,1.18,0.030300000,3,15
2026-09-17,EUU,OPT,EUUG7 P1185,2027-02-05,P,1.185,0.034100000,3,
2026-09-17,EUU,OPT,EUUG7 P1190,2027-02-05,P,1.19,0.038100000,3,
2026-09-17,EUU,OPT,EUUG7 P1195,2027-02-05,P,1.195,0.042200000,3,
2026-09-17,EUU,OPT,EUUG7 P1200,2027-02-05,P,1.2,0.046500000,3,
2026-09-17,EUU,OPT,EUUG7 P1205,2027-02-05,P,1.205,0.050900000,3,1
2026-09-17,EUU,OPT,EUUG7 P1210,2027-02-05,P,1.21,0.055500000,3,
2026-09-17,EUU,OPT,EUUG7 P1215,2027-02-05,P,1.215,0.060000000,3,
2026-09-17,EUU,OPT,EUUG7 P1220,2027-02-05,P,1.22,0.064700000,3,
2026-09-17,EUU,OPT,EUUG7 P1225,2027-02-05,P,1.225,0.069400000,3,
2026-09-17,EUU,OPT,EUUG7 P1230,2027-02-05,P,1.23,0.074100000,3,
2026-09-17,EUU,OPT,EUUG7 P1235,2027-02-05,P,1.235,0.078900000,3,
2026-09-17,EUU,OPT,EUUG7 P1240,2027-02-05,P,1.24,0.083700000,3,
2026-09-17,EUU,OPT,EUUG7 P1245,2027-02-05,P,1.245,0.088500000,3,
2026-09-17,EUU,OPT,EUUG7 P1250,2027-02-05,P,1.25,0.093300000,3,
2026-09-17,EUU,OPT,EUUG7 P1255,2027-02-05,P,1.255,0.098200000,3,
2026-09-17,EUU,OPT,EUUG7 P1260,2027-02-05,P,1.26,0.103000000,3,
2026-09-17,EUU,OPT,EUUG7 P1270,2027-02-05,P,1.27,0.112800000,3,
2026-09-17,EUU,OPT,EUUG7 P1280,2027-02-05,P,1.28,0.122500000,3,
2026-09-17,EUU,OPT,EUUG7 P1290,2027-02-05,P,1.29,0.132300000,3,
2026-09-17,EUU,OPT,EUUG7 P1300,2027-02-05,P,1.3,0.142100000,3,
2026-09-17,EUU,OPT,EUUG7 P1310,2027-02-05,P,1.31,0.151900000,3,
2026-09-17,EUU,OPT,EUUG7 P1320,2027-02-05,P,1.32,0.161700000,3,
2026-09-17,EUU,OPT,EUUG7 P1330,2027-02-05,P,1.33,0.171600000,3,
2026-09-17,EUU,OPT,EUUG7 P1340,2027-02-05,P,1.34,0.181400000,3,
2026-09-17,EUU,OPT,EUUG7 P1350,2027-02-05,P,1.35,0.191200000,3,
2026-09-17,EUU,OPT,EUUG7 P1360,2027-02-05,P,1.36,0.201100000,3,
2026-09-17,EUU,OPT,EUUH7 C0970,2027-03-05,C,0.97,0.182500000,3,
2026-09-17,EUU,OPT,EUUH7 C0980,2027-03-05,C,0.98,0.172700000,3,
2026-09-17,EUU,OPT,EUUH7 C0990,2027-03-05,C,0.99,0.162900000,3,
2026-09-17,EUU,OPT,EUUH7 C1000,2027-03-05,C,1,0.153100000,3,
2026-09-17,EUU,OPT,EUUH7 C1010,2027-03-05,C,1.01,0.143400000,3,
2026-09-17,EUU,OPT,EUUH7 C1020,2027-03-05,C,1.02,0.133600000,3,
2026-09-17,EUU,OPT,EUUH7 C1030,2027-03-05,C,1.03,0.123900000,3,
2026-09-17,EUU,OPT,EUUH7 C1040,2027-03-05,C,1.04,0.114200000,3,
2026-09-17,EUU,OPT,EUUH7 C1050,2027-03-05,C,1.05,0.104500000,3,5
2026-09-17,EUU,OPT,EUUH7 C1060,2027-03-05,C,1.06,0.094900000,3,
2026-09-17,EUU,OPT,EUUH7 C1065,2027-03-05,C,1.065,0.090100000,3,
2026-09-17,EUU,OPT,EUUH7 C1070,2027-03-05,C,1.07,0.085400000,3,
2026-09-17,EUU,OPT,EUUH7 C1075,2027-03-05,C,1.075,0.080600000,3,5
2026-09-17,EUU,OPT,EUUH7 C1080,2027-03-05,C,1.08,0.075900000,3,
2026-09-17,EUU,OPT,EUUH7 C1085,2027-03-05,C,1.085,0.071300000,3,
2026-09-17,EUU,OPT,EUUH7 C1090,2027-03-05,C,1.09,0.066700000,3,
2026-09-17,EUU,OPT,EUUH7 C1095,2027-03-05,C,1.095,0.062100000,3,
2026-09-17,EUU,OPT,EUUH7 C1100,2027-03-05,C,1.1,0.057600000,3,
2026-09-17,EUU,OPT,EUUH7 C1105,2027-03-05,C,1.105,0.053200000,3,
2026-09-17,EUU,OPT,EUUH7 C1110,2027-03-05,C,1.11,0.048900000,3,
2026-09-17,EUU,OPT,EUUH7 C1115,2027-03-05,C,1.115,0.044700000,3,
2026-09-17,EUU,OPT,EUUH7 C1120,2027-03-05,C,1.12,0.040600000,3,
2026-09-17,EUU,OPT,EUUH7 C1125,2027-03-05,C,1.125,0.036700000,3,
2026-09-17,EUU,OPT,EUUH7 C1130,2027-03-05,C,1.13,0.032900000,3,
2026-09-17,EUU,OPT,EUUH7 C1135,2027-03-05,C,1.135,0.029200000,3,133
2026-09-17,EUU,OPT,EUUH7 C1140,2027-03-05,C,1.14,0.025800000,3,1
2026-09-17,EUU,OPT,EUUH7 C1145,2027-03-05,C,1.145,0.022700000,3,
2026-09-17,EUU,OPT,EUUH7 C1150,2027-03-05,C,1.15,0.019800000,3,29
2026-09-17,EUU,OPT,EUUH7 C1155,2027-03-05,C,1.155,0.017200000,3,16
2026-09-17,EUU,OPT,EUUH7 C1160,2027-03-05,C,1.16,0.014800000,3,2081
2026-09-17,EUU,OPT,EUUH7 C1165,2027-03-05,C,1.165,0.012800000,3,39
2026-09-17,EUU,OPT,EUUH7 C1170,2027-03-05,C,1.17,0.010900000,3,1373
2026-09-17,EUU,OPT,EUUH7 C1175,2027-03-05,C,1.175,0.009300000,3,429
2026-09-17,EUU,OPT,EUUH7 C1180,2027-03-05,C,1.18,0.007900000,3,3089
2026-09-17,EUU,OPT,EUUH7 C1185,2027-03-05,C,1.185,0.006700000,3,11
2026-09-17,EUU,OPT,EUUH7 C1190,2027-03-05,C,1.19,0.005700000,3,22
2026-09-17,EUU,OPT,EUUH7 C1195,2027-03-05,C,1.195,0.004800000,3,15
2026-09-17,EUU,OPT,EUUH7 C1200,2027-03-05,C,1.2,0.004100000,3,170
2026-09-17,EUU,OPT,EUUH7 C1205,2027-03-05,C,1.205,0.003500000,3,11
2026-09-17,EUU,OPT,EUUH7 C1210,2027-03-05,C,1.21,0.002900000,3,1517
2026-09-17,EUU,OPT,EUUH7 C1215,2027-03-05,C,1.215,0.002500000,3,2
2026-09-17,EUU,OPT,EUUH7 C1220,2027-03-05,C,1.22,0.002200000,3,1415
2026-09-17,EUU,OPT,EUUH7 C1225,2027-03-05,C,1.225,0.001900000,3,4
2026-09-17,EUU,OPT,EUUH7 C1230,2027-03-05,C,1.23,0.001600000,3,12
2026-09-17,EUU,OPT,EUUH7 C1235,2027-03-05,C,1.235,0.001400000,3,53
2026-09-17,EUU,OPT,EUUH7 C1240,2027-03-05,C,1.24,0.001200000,3,56
2026-09-17,EUU,OPT,EUUH7 C1245,2027-03-05,C,1.245,0.001100000,3,71
2026-09-17,EUU,OPT,EUUH7 C1250,2027-03-05,C,1.25,0.000900000,3,53
2026-09-17,EUU,OPT,EUUH7 C1255,2027-03-05,C,1.255,0.000800000,3,
2026-09-17,EUU,OPT,EUUH7 C1260,2027-03-05,C,1.26,0.000700000,3,
2026-09-17,EUU,OPT,EUUH7 C1265,2027-03-05,C,1.265,0.000700000,3,1
2026-09-17,EUU,OPT,EUUH7 C1270,2027-03-05,C,1.27,0.000600000,3,23
2026-09-17,EUU,OPT,EUUH7 C1280,2027-03-05,C,1.28,0.000450000,3,46
2026-09-17,EUU,OPT,EUUH7 C1290,2027-03-05,C,1.29,0.000350000,3,
2026-09-17,EUU,OPT,EUUH7 C1300,2027-03-05,C,1.3,0.000300000,3,17
2026-09-17,EUU,OPT,EUUH7 C1310,2027-03-05,C,1.31,0.000250000,3,
2026-09-17,EUU,OPT,EUUH7 C1320,2027-03-05,C,1.32,0.000200000,3,
2026-09-17,EUU,OPT,EUUH7 C1330,2027-03-05,C,1.33,0.000150000,3,
2026-09-17,EUU,OPT,EUUH7 C1340,2027-03-05,C,1.34,0.000150000,3,
2026-09-17,EUU,OPT,EUUH7 C1350,2027-03-05,C,1.35,0.000150000,3,13
2026-09-17,EUU,OPT,EUUH7 C1360,2027-03-05,C,1.36,0.000100000,3,
2026-09-17,EUU,OPT,EUUH7 C1370,2027-03-05,C,1.37,0.000100000,3,10
2026-09-17,EUU,OPT,EUUH7 P0970,2027-03-05,P,0.97,0.000200000,3,222
2026-09-17,EUU,OPT,EUUH7 P0980,2027-03-05,P,0.98,0.000200000,3,2
2026-09-17,EUU,OPT,EUUH7 P0990,2027-03-05,P,0.99,0.000250000,3,70
2026-09-17,EUU,OPT,EUUH7 P1000,2027-03-05,P,1,0.000250000,3,16
2026-09-17,EUU,OPT,EUUH7 P1010,2027-03-05,P,1.01,0.000300000,3,5531
2026-09-17,EUU,OPT,EUUH7 P1020,2027-03-05,P,1.02,0.000400000,3,70
2026-09-17,EUU,OPT,EUUH7 P1030,2027-03-05,P,1.03,0.000450000,3,6522
2026-09-17,EUU,OPT,EUUH7 P1040,2027-03-05,P,1.04,0.000600000,3,614
2026-09-17,EUU,OPT,EUUH7 P1050,2027-03-05,P,1.05,0.000700000,3,129
2026-09-17,EUU,OPT,EUUH7 P1060,2027-03-05,P,1.06,0.000900000,3,18
2026-09-17,EUU,OPT,EUUH7 P1065,2027-03-05,P,1.065,0.001000000,3,
2026-09-17,EUU,OPT,EUUH7 P1070,2027-03-05,P,1.07,0.001200000,3,3
2026-09-17,EUU,OPT,EUUH7 P1075,2027-03-05,P,1.075,0.001300000,3,3
2026-09-17,EUU,OPT,EUUH7 P1080,2027-03-05,P,1.08,0.001600000,3,488
2026-09-17,EUU,OPT,EUUH7 P1085,2027-03-05,P,1.085,0.001800000,3,1
2026-09-17,EUU,OPT,EUUH7 P1090,2027-03-05,P,1.09,0.002100000,3,21
2026-09-17,EUU,OPT,EUUH7 P1095,2027-03-05,P,1.095,0.002500000,3,75
2026-09-17,EUU,OPT,EUUH7 P1100,2027-03-05,P,1.1,0.002900000,3,728
2026-09-17,EUU,OPT,EUUH7 P1105,2027-03-05,P,1.105,0.003400000,3,301
2026-09-17,EUU,OPT,EUUH7 P1110,2027-03-05,P,1.11,0.004000000,3,132
2026-09-17,EUU,OPT,EUUH7 P1115,2027-03-05,P,1.115,0.004700000,3,80
2026-09-17,EUU,OPT,EUUH7 P1120,2027-03-05,P,1.12,0.005500000,3,8
2026-09-17,EUU,OPT,EUUH7 P1125,2027-03-05,P,1.125,0.006400000,3,533
2026-09-17,EUU,OPT,EUUH7 P1130,2027-03-05,P,1.13,0.007600000,3,942
2026-09-17,EUU,OPT,EUUH7 P1135,2027-03-05,P,1.135,0.008800000,3,34
2026-09-17,EUU,OPT,EUUH7 P1140,2027-03-05,P,1.14,0.010300000,3,1218
2026-09-17,EUU,OPT,EUUH7 P1145,2027-03-05,P,1.145,0.012100000,3,909
2026-09-17,EUU,OPT,EUUH7 P1150,2027-03-05,P,1.15,0.014100000,3,33
2026-09-17,EUU,OPT,EUUH7 P1155,2027-03-05,P,1.155,0.016400000,3,240
2026-09-17,EUU,OPT,EUUH7 P1160,2027-03-05,P,1.16,0.019000000,3,604
2026-09-17,EUU,OPT,EUUH7 P1165,2027-03-05,P,1.165,0.021800000,3,32
2026-09-17,EUU,OPT,EUUH7 P1170,2027-03-05,P,1.17,0.024800000,3,1224
2026-09-17,EUU,OPT,EUUH7 P1175,2027-03-05,P,1.175,0.028100000,3,45
2026-09-17,EUU,OPT,EUUH7 P1180,2027-03-05,P,1.18,0.031600000,3,345
2026-09-17,EUU,OPT,EUUH7 P1185,2027-03-05,P,1.185,0.035300000,3,13
2026-09-17,EUU,OPT,EUUH7 P1190,2027-03-05,P,1.19,0.039200000,3,
2026-09-17,EUU,OPT,EUUH7 P1195,2027-03-05,P,1.195,0.043300000,3,
2026-09-17,EUU,OPT,EUUH7 P1200,2027-03-05,P,1.2,0.047400000,3,
2026-09-17,EUU,OPT,EUUH7 P1205,2027-03-05,P,1.205,0.051700000,3,3
2026-09-17,EUU,OPT,EUUH7 P1210,2027-03-05,P,1.21,0.056100000,3,
2026-09-17,EUU,OPT,EUUH7 P1215,2027-03-05,P,1.215,0.060600000,3,
2026-09-17,EUU,OPT,EUUH7 P1220,2027-03-05,P,1.22,0.065100000,3,1
2026-09-17,EUU,OPT,EUUH7 P1225,2027-03-05,P,1.225,0.069700000,3,
2026-09-17,EUU,OPT,EUUH7 P1230,2027-03-05,P,1.23,0.074400000,3,
2026-09-17,EUU,OPT,EUUH7 P1235,2027-03-05,P,1.235,0.079100000,3,
2026-09-17,EUU,OPT,EUUH7 P1240,2027-03-05,P,1.24,0.083800000,3,
2026-09-17,EUU,OPT,EUUH7 P1245,2027-03-05,P,1.245,0.088600000,3,
2026-09-17,EUU,OPT,EUUH7 P1250,2027-03-05,P,1.25,0.093400000,3,
2026-09-17,EUU,OPT,EUUH7 P1255,2027-03-05,P,1.255,0.098200000,3,
2026-09-17,EUU,OPT,EUUH7 P1260,2027-03-05,P,1.26,0.103000000,3,
2026-09-17,EUU,OPT,EUUH7 P1265,2027-03-05,P,1.265,0.107800000,3,
2026-09-17,EUU,OPT,EUUH7 P1270,2027-03-05,P,1.27,0.112600000,3,
2026-09-17,EUU,OPT,EUUH7 P1280,2027-03-05,P,1.28,0.122300000,3,
2026-09-17,EUU,OPT,EUUH7 P1290,2027-03-05,P,1.29,0.132000000,3,
2026-09-17,EUU,OPT,EUUH7 P1300,2027-03-05,P,1.3,0.141800000,3,
2026-09-17,EUU,OPT,EUUH7 P1310,2027-03-05,P,1.31,0.151500000,3,
2026-09-17,EUU,OPT,EUUH7 P1320,2027-03-05,P,1.32,0.161300000,3,
2026-09-17,EUU,OPT,EUUH7 P1330,2027-03-05,P,1.33,0.171100000,3,
2026-09-17,EUU,OPT,EUUH7 P1340,2027-03-05,P,1.34,0.180900000,3,
2026-09-17,EUU,OPT,EUUH7 P1350,2027-03-05,P,1.35,0.190700000,3,
2026-09-17,EUU,OPT,EUUH7 P1360,2027-03-05,P,1.36,0.200500000,3,
2026-09-17,EUU,OPT,EUUH7 P1370,2027-03-05,P,1.37,0.210200000,3,
2026-09-17,EUU,OPT,EUUJ7 C1000,2027-04-09,C,1,0.156600000,3,
2026-09-17,EUU,OPT,EUUJ7 C1010,2027-04-09,C,1.01,0.146900000,3,
2026-09-17,EUU,OPT,EUUJ7 C1020,2027-04-09,C,1.02,0.137200000,3,
2026-09-17,EUU,OPT,EUUJ7 C1030,2027-04-09,C,1.03,0.127500000,3,
2026-09-17,EUU,OPT,EUUJ7 C1040,2027-04-09,C,1.04,0.117900000,3,
2026-09-17,EUU,OPT,EUUJ7 C1050,2027-04-09,C,1.05,0.108300000,3,
2026-09-17,EUU,OPT,EUUJ7 C1060,2027-04-09,C,1.06,0.098800000,3,1
2026-09-17,EUU,OPT,EUUJ7 C1070,2027-04-09,C,1.07,0.089400000,3,
2026-09-17,EUU,OPT,EUUJ7 C1080,2027-04-09,C,1.08,0.080100000,3,
2026-09-17,EUU,OPT,EUUJ7 C1090,2027-04-09,C,1.09,0.070900000,3,
2026-09-17,EUU,OPT,EUUJ7 C1100,2027-04-09,C,1.1,0.062000000,3,
2026-09-17,EUU,OPT,EUUJ7 C1105,2027-04-09,C,1.105,0.057700000,3,
2026-09-17,EUU,OPT,EUUJ7 C1110,2027-04-09,C,1.11,0.053400000,3,
2026-09-17,EUU,OPT,EUUJ7 C1115,2027-04-09,C,1.115,0.049200000,3,
2026-09-17,EUU,OPT,EUUJ7 C1120,2027-04-09,C,1.12,0.045200000,3,
2026-09-17,EUU,OPT,EUUJ7 C1125,2027-04-09,C,1.125,0.041200000,3,
2026-09-17,EUU,OPT,EUUJ7 C1130,2027-04-09,C,1.13,0.037400000,3,
2026-09-17,EUU,OPT,EUUJ7 C1135,2027-04-09,C,1.135,0.033800000,3,
2026-09-17,EUU,OPT,EUUJ7 C1140,2027-04-09,C,1.14,0.030400000,3,
2026-09-17,EUU,OPT,EUUJ7 C1145,2027-04-09,C,1.145,0.027200000,3,1
2026-09-17,EUU,OPT,EUUJ7 C1150,2027-04-09,C,1.15,0.024100000,3,3
2026-09-17,EUU,OPT,EUUJ7 C1155,2027-04-09,C,1.155,0.021300000,3,1500
2026-09-17,EUU,OPT,EUUJ7 C1160,2027-04-09,C,1.16,0.018700000,3,4
2026-09-17,EUU,OPT,EUUJ7 C1165,2027-04-09,C,1.165,0.016400000,3,12
2026-09-17,EUU,OPT,EUUJ7 C1170,2027-04-09,C,1.17,0.014300000,3,10
2026-09-17,EUU,OPT,EUUJ7 C1175,2027-04-09,C,1.175,0.012500000,3,114
2026-09-17,EUU,OPT,EUUJ7 C1180,2027-04-09,C,1.18,0.011000000,3,93
2026-09-17,EUU,OPT,EUUJ7 C1185,2027-04-09,C,1.185,0.009400000,3,380
2026-09-17,EUU,OPT,EUUJ7 C1190,2027-04-09,C,1.19,0.008200000,3,
2026-09-17,EUU,OPT,EUUJ7 C1195,2027-04-09,C,1.195,0.007100000,3,6
2026-09-17,EUU,OPT,EUUJ7 C1200,2027-04-09,C,1.2,0.006100000,3,1
2026-09-17,EUU,OPT,EUUJ7 C1205,2027-04-09,C,1.205,0.005200000,3,
2026-09-17,EUU,OPT,EUUJ7 C1210,2027-04-09,C,1.21,0.004500000,3,
2026-09-17,EUU,OPT,EUUJ7 C1215,2027-04-09,C,1.215,0.003900000,3,
2026-09-17,EUU,OPT,EUUJ7 C1220,2027-04-09,C,1.22,0.003400000,3,
2026-09-17,EUU,OPT,EUUJ7 C1225,2027-04-09,C,1.225,0.003000000,3,
2026-09-17,EUU,OPT,EUUJ7 C1230,2027-04-09,C,1.23,0.002600000,3,
2026-09-17,EUU,OPT,EUUJ7 C1235,2027-04-09,C,1.235,0.002300000,3,163
2026-09-17,EUU,OPT,EUUJ7 C1240,2027-04-09,C,1.24,0.002000000,3,3
2026-09-17,EUU,OPT,EUUJ7 C1245,2027-04-09,C,1.245,0.001800000,3,
2026-09-17,EUU,OPT,EUUJ7 C1250,2027-04-09,C,1.25,0.001600000,3,219
2026-09-17,EUU,OPT,EUUJ7 C1260,2027-04-09,C,1.26,0.001300000,3,3
2026-09-17,EUU,OPT,EUUJ7 C1270,2027-04-09,C,1.27,0.001000000,3,
2026-09-17,EUU,OPT,EUUJ7 C1280,2027-04-09,C,1.28,0.000900000,3,1049
2026-09-17,EUU,OPT,EUUJ7 C1290,2027-04-09,C,1.29,0.000700000,3,
2026-09-17,EUU,OPT,EUUJ7 C1300,2027-04-09,C,1.3,0.000600000,3,
2026-09-17,EUU,OPT,EUUJ7 C1310,2027-04-09,C,1.31,0.000500000,3,
2026-09-17,EUU,OPT,EUUJ7 C1320,2027-04-09,C,1.32,0.000400000,3,
2026-09-17,EUU,OPT,EUUJ7 C1330,2027-04-09,C,1.33,0.000350000,3,
2026-09-17,EUU,OPT,EUUJ7 C1340,2027-04-09,C,1.34,0.000300000,3,
2026-09-17,EUU,OPT,EUUJ7 C1350,2027-04-09,C,1.35,0.000250000,3,
2026-09-17,EUU,OPT,EUUJ7 P1000,2027-04-09,P,1,0.000350000,3,
2026-09-17,EUU,OPT,EUUJ7 P1010,2027-04-09,P,1.01,0.000450000,3,4
2026-09-17,EUU,OPT,EUUJ7 P1020,2027-04-09,P,1.02,0.000500000,3,
2026-09-17,EUU,OPT,EUUJ7 P1030,2027-04-09,P,1.03,0.000600000,3,
2026-09-17,EUU,OPT,EUUJ7 P1040,2027-04-09,P,1.04,0.000800000,3,
2026-09-17,EUU,OPT,EUUJ7 P1050,2027-04-09,P,1.05,0.000900000,3,
2026-09-17,EUU,OPT,EUUJ7 P1060,2027-04-09,P,1.06,0.001200000,3,1
2026-09-17,EUU,OPT,EUUJ7 P1070,2027-04-09,P,1.07,0.001600000,3,
2026-09-17,EUU,OPT,EUUJ7 P1080,2027-04-09,P,1.08,0.002000000,3,38
2026-09-17,EUU,OPT,EUUJ7 P1090,2027-04-09,P,1.09,0.002700000,3,125
2026-09-17,EUU,OPT,EUUJ7 P1100,2027-04-09,P,1.1,0.003500000,3,82
2026-09-17,EUU,OPT,EUUJ7 P1105,2027-04-09,P,1.105,0.004000000,3,28
2026-09-17,EUU,OPT,EUUJ7 P1110,2027-04-09,P,1.11,0.004600000,3,18
2026-09-17,EUU,OPT,EUUJ7 P1115,2027-04-09,P,1.115,0.005300000,3,3
2026-09-17,EUU,OPT,EUUJ7 P1120,2027-04-09,P,1.12,0.006200000,3,10
2026-09-17,EUU,OPT,EUUJ7 P1125,2027-04-09,P,1.125,0.007100000,3,11
2026-09-17,EUU,OPT,EUUJ7 P1130,2027-04-09,P,1.13,0.008200000,3,5
2026-09-17,EUU,OPT,EUUJ7 P1135,2027-04-09,P,1.135,0.009500000,3,20
2026-09-17,EUU,OPT,EUUJ7 P1140,2027-04-09,P,1.14,0.011000000,3,80
2026-09-17,EUU,OPT,EUUJ7 P1145,2027-04-09,P,1.145,0.012600000,3,47
2026-09-17,EUU,OPT,EUUJ7 P1150,2027-04-09,P,1.15,0.014400000,3,407
2026-09-17,EUU,OPT,EUUJ7 P1155,2027-04-09,P,1.155,0.016500000,3,360
2026-09-17,EUU,OPT,EUUJ7 P1160,2027-04-09,P,1.16,0.018800000,3,241
2026-09-17,EUU,OPT,EUUJ7 P1165,2027-04-09,P,1.165,0.021400000,3,535
2026-09-17,EUU,OPT,EUUJ7 P1170,2027-04-09,P,1.17,0.024100000,3,290
2026-09-17,EUU,OPT,EUUJ7 P1175,2027-04-09,P,1.175,0.027300000,3,2382
2026-09-17,EUU,OPT,EUUJ7 P1180,2027-04-09,P,1.18,0.030700000,3,2886
2026-09-17,EUU,OPT,EUUJ7 P1185,2027-04-09,P,1.185,0.033900000,3,
2026-09-17,EUU,OPT,EUUJ7 P1190,2027-04-09,P,1.19,0.037600000,3,300
2026-09-17,EUU,OPT,EUUJ7 P1195,2027-04-09,P,1.195,0.041400000,3,
2026-09-17,EUU,OPT,EUUJ7 P1200,2027-04-09,P,1.2,0.045200000,3,
2026-09-17,EUU,OPT,EUUJ7 P1205,2027-04-09,P,1.205,0.049300000,3,
2026-09-17,EUU,OPT,EUUJ7 P1210,2027-04-09,P,1.21,0.053400000,3,
2026-09-17,EUU,OPT,EUUJ7 P1215,2027-04-09,P,1.215,0.057700000,3,
2026-09-17,EUU,OPT,EUUJ7 P1220,2027-04-09,P,1.22,0.062100000,3,
2026-09-17,EUU,OPT,EUUJ7 P1225,2027-04-09,P,1.225,0.066600000,3,
2026-09-17,EUU,OPT,EUUJ7 P1230,2027-04-09,P,1.23,0.071100000,3,
2026-09-17,EUU,OPT,EUUJ7 P1235,2027-04-09,P,1.235,0.075700000,3,
2026-09-17,EUU,OPT,EUUJ7 P1240,2027-04-09,P,1.24,0.080300000,3,
2026-09-17,EUU,OPT,EUUJ7 P1245,2027-04-09,P,1.245,0.085000000,3,
2026-09-17,EUU,OPT,EUUJ7 P1250,2027-04-09,P,1.25,0.089600000,3,
2026-09-17,EUU,OPT,EUUJ7 P1260,2027-04-09,P,1.26,0.099100000,3,
2026-09-17,EUU,OPT,EUUJ7 P1270,2027-04-09,P,1.27,0.108600000,3,
2026-09-17,EUU,OPT,EUUJ7 P1280,2027-04-09,P,1.28,0.118200000,3,
2026-09-17,EUU,OPT,EUUJ7 P1290,2027-04-09,P,1.29,0.127800000,3,
2026-09-17,EUU,OPT,EUUJ7 P1300,2027-04-09,P,1.3,0.137400000,3,
2026-09-17,EUU,OPT,EUUJ7 P1310,2027-04-09,P,1.31,0.147100000,3,
2026-09-17,EUU,OPT,EUUJ7 P1320,2027-04-09,P,1.32,0.156800000,3,
2026-09-17,EUU,OPT,EUUJ7 P1330,2027-04-09,P,1.33,0.166600000,3,
2026-09-17,EUU,OPT,EUUJ7 P1340,2027-04-09,P,1.34,0.176200000,3,
2026-09-17,EUU,OPT,EUUJ7 P1350,2027-04-09,P,1.35,0.186000000,3,
2026-09-17,EUU,OPT,EUUK7 C1000,2027-05-07,C,1,0.156200000,3,
2026-09-17,EUU,OPT,EUUK7 C1010,2027-05-07,C,1.01,0.146600000,3,
2026-09-17,EUU,OPT,EUUK7 C1020,2027-05-07,C,1.02,0.137000000,3,
2026-09-17,EUU,OPT,EUUK7 C1030,2027-05-07,C,1.03,0.127400000,3,
2026-09-17,EUU,OPT,EUUK7 C1040,2027-05-07,C,1.04,0.117900000,3,
2026-09-17,EUU,OPT,EUUK7 C1050,2027-05-07,C,1.05,0.108400000,3,
2026-09-17,EUU,OPT,EUUK7 C1060,2027-05-07,C,1.06,0.099100000,3,
2026-09-17,EUU,OPT,EUUK7 C1070,2027-05-07,C,1.07,0.089800000,3,
2026-09-17,EUU,OPT,EUUK7 C1080,2027-05-07,C,1.08,0.080700000,3,
2026-09-17,EUU,OPT,EUUK7 C1090,2027-05-07,C,1.09,0.071700000,3,
2026-09-17,EUU,OPT,EUUK7 C1100,2027-05-07,C,1.1,0.063000000,3,
2026-09-17,EUU,OPT,EUUK7 C1105,2027-05-07,C,1.105,0.058800000,3,
2026-09-17,EUU,OPT,EUUK7 C1110,2027-05-07,C,1.11,0.054600000,3,
2026-09-17,EUU,OPT,EUUK7 C1115,2027-05-07,C,1.115,0.050600000,3,
2026-09-17,EUU,OPT,EUUK7 C1120,2027-05-07,C,1.12,0.046600000,3,
2026-09-17,EUU,OPT,EUUK7 C1125,2027-05-07,C,1.125,0.042800000,3,
2026-09-17,EUU,OPT,EUUK7 C1130,2027-05-07,C,1.13,0.039200000,3,
2026-09-17,EUU,OPT,EUUK7 C1135,2027-05-07,C,1.135,0.035700000,3,
2026-09-17,EUU,OPT,EUUK7 C1140,2027-05-07,C,1.14,0.032400000,3,486
2026-09-17,EUU,OPT,EUUK7 C1145,2027-05-07,C,1.145,0.029300000,3,
2026-09-17,EUU,OPT,EUUK7 C1150,2027-05-07,C,1.15,0.026300000,3,5
2026-09-17,EUU,OPT,EUUK7 C1155,2027-05-07,C,1.155,0.023600000,3,149
2026-09-17,EUU,OPT,EUUK7 C1160,2027-05-07,C,1.16,0.021000000,3,100
2026-09-17,EUU,OPT,EUUK7 C1165,2027-05-07,C,1.165,0.018700000,3,300
2026-09-17,EUU,OPT,EUUK7 C1170,2027-05-07,C,1.17,0.016600000,3,3
2026-09-17,EUU,OPT,EUUK7 C1175,2027-05-07,C,1.175,0.014600000,3,21
2026-09-17,EUU,OPT,EUUK7 C1180,2027-05-07,C,1.18,0.012900000,3,3
2026-09-17,EUU,OPT,EUUK7 C1185,2027-05-07,C,1.185,0.011300000,3,517
2026-09-17,EUU,OPT,EUUK7 C1190,2027-05-07,C,1.19,0.010000000,3,5
2026-09-17,EUU,OPT,EUUK7 C1195,2027-05-07,C,1.195,0.008800000,3,1009
2026-09-17,EUU,OPT,EUUK7 C1200,2027-05-07,C,1.2,0.007700000,3,
2026-09-17,EUU,OPT,EUUK7 C1205,2027-05-07,C,1.205,0.006800000,3,
2026-09-17,EUU,OPT,EUUK7 C1210,2027-05-07,C,1.21,0.006000000,3,800
2026-09-17,EUU,OPT,EUUK7 C1215,2027-05-07,C,1.215,0.005300000,3,143
2026-09-17,EUU,OPT,EUUK7 C1220,2027-05-07,C,1.22,0.004700000,3,1
2026-09-17,EUU,OPT,EUUK7 C1225,2027-05-07,C,1.225,0.004100000,3,9
2026-09-17,EUU,OPT,EUUK7 C1230,2027-05-07,C,1.23,0.003700000,3,1
2026-09-17,EUU,OPT,EUUK7 C1235,2027-05-07,C,1.235,0.003200000,3,1000
2026-09-17,EUU,OPT,EUUK7 C1240,2027-05-07,C,1.24,0.002900000,3,3
2026-09-17,EUU,OPT,EUUK7 C1245,2027-05-07,C,1.245,0.002600000,3,
2026-09-17,EUU,OPT,EUUK7 C1250,2027-05-07,C,1.25,0.002300000,3,1003
2026-09-17,EUU,OPT,EUUK7 C1260,2027-05-07,C,1.26,0.001800000,3,
2026-09-17,EUU,OPT,EUUK7 C1270,2027-05-07,C,1.27,0.001500000,3,
2026-09-17,EUU,OPT,EUUK7 C1280,2027-05-07,C,1.28,0.001200000,3,50
2026-09-17,EUU,OPT,EUUK7 C1290,2027-05-07,C,1.29,0.001000000,3,
2026-09-17,EUU,OPT,EUUK7 C1300,2027-05-07,C,1.3,0.000800000,3,1
2026-09-17,EUU,OPT,EUUK7 C1310,2027-05-07,C,1.31,0.000700000,3,1
2026-09-17,EUU,OPT,EUUK7 C1320,2027-05-07,C,1.32,0.000600000,3,
2026-09-17,EUU,OPT,EUUK7 C1330,2027-05-07,C,1.33,0.000450000,3,
2026-09-17,EUU,OPT,EUUK7 C1340,2027-05-07,C,1.34,0.000400000,3,
2026-09-17,EUU,OPT,EUUK7 P1000,2027-05-07,P,1,0.000500000,3,6
2026-09-17,EUU,OPT,EUUK7 P1010,2027-05-07,P,1.01,0.000600000,3,9
2026-09-17,EUU,OPT,EUUK7 P1020,2027-05-07,P,1.02,0.000800000,3,
2026-09-17,EUU,OPT,EUUK7 P1030,2027-05-07,P,1.03,0.000900000,3,2
2026-09-17,EUU,OPT,EUUK7 P1040,2027-05-07,P,1.04,0.001200000,3,
2026-09-17,EUU,OPT,EUUK7 P1050,2027-05-07,P,1.05,0.001400000,3,40
2026-09-17,EUU,OPT,EUUK7 P1060,2027-05-07,P,1.06,0.001800000,3,
2026-09-17,EUU,OPT,EUUK7 P1070,2027-05-07,P,1.07,0.002300000,3,5
2026-09-17,EUU,OPT,EUUK7 P1080,2027-05-07,P,1.08,0.002900000,3,1
2026-09-17,EUU,OPT,EUUK7 P1090,2027-05-07,P,1.09,0.003700000,3,
2026-09-17,EUU,OPT,EUUK7 P1100,2027-05-07,P,1.1,0.004700000,3,6
2026-09-17,EUU,OPT,EUUK7 P1105,2027-05-07,P,1.105,0.005300000,3,
2026-09-17,EUU,OPT,EUUK7 P1110,2027-05-07,P,1.11,0.006000000,3,1
2026-09-17,EUU,OPT,EUUK7 P1115,2027-05-07,P,1.115,0.006900000,3,
2026-09-17,EUU,OPT,EUUK7 P1120,2027-05-07,P,1.12,0.007800000,3,1604
2026-09-17,EUU,OPT,EUUK7 P1125,2027-05-07,P,1.125,0.008900000,3,2700
2026-09-17,EUU,OPT,EUUK7 P1130,2027-05-07,P,1.13,0.010100000,3,13
2026-09-17,EUU,OPT,EUUK7 P1135,2027-05-07,P,1.135,0.011500000,3,4
2026-09-17,EUU,OPT,EUUK7 P1140,2027-05-07,P,1.14,0.013000000,3,125
2026-09-17,EUU,OPT,EUUK7 P1145,2027-05-07,P,1.145,0.014700000,3,64
2026-09-17,EUU,OPT,EUUK7 P1150,2027-05-07,P,1.15,0.016700000,3,98
2026-09-17,EUU,OPT,EUUK7 P1155,2027-05-07,P,1.155,0.018800000,3,98
2026-09-17,EUU,OPT,EUUK7 P1160,2027-05-07,P,1.16,0.021100000,3,70
2026-09-17,EUU,OPT,EUUK7 P1165,2027-05-07,P,1.165,0.023700000,3,1
2026-09-17,EUU,OPT,EUUK7 P1170,2027-05-07,P,1.17,0.026400000,3,223
2026-09-17,EUU,OPT,EUUK7 P1175,2027-05-07,P,1.175,0.029300000,3,12
2026-09-17,EUU,OPT,EUUK7 P1180,2027-05-07,P,1.18,0.032500000,3,5
2026-09-17,EUU,OPT,EUUK7 P1185,2027-05-07,P,1.185,0.035800000,3,2141
2026-09-17,EUU,OPT,EUUK7 P1190,2027-05-07,P,1.19,0.039300000,3,444
2026-09-17,EUU,OPT,EUUK7 P1195,2027-05-07,P,1.195,0.042900000,3,30
2026-09-17,EUU,OPT,EUUK7 P1200,2027-05-07,P,1.2,0.046700000,3,
2026-09-17,EUU,OPT,EUUK7 P1205,2027-05-07,P,1.205,0.050700000,3,
2026-09-17,EUU,OPT,EUUK7 P1210,2027-05-07,P,1.21,0.054800000,3,
2026-09-17,EUU,OPT,EUUK7 P1215,2027-05-07,P,1.215,0.058900000,3,
2026-09-17,EUU,OPT,EUUK7 P1220,2027-05-07,P,1.22,0.063200000,3,
2026-09-17,EUU,OPT,EUUK7 P1225,2027-05-07,P,1.225,0.067500000,3,
2026-09-17,EUU,OPT,EUUK7 P1230,2027-05-07,P,1.23,0.071900000,3,
2026-09-17,EUU,OPT,EUUK7 P1235,2027-05-07,P,1.235,0.076400000,3,
2026-09-17,EUU,OPT,EUUK7 P1240,2027-05-07,P,1.24,0.080900000,3,
2026-09-17,EUU,OPT,EUUK7 P1245,2027-05-07,P,1.245,0.085400000,3,
2026-09-17,EUU,OPT,EUUK7 P1250,2027-05-07,P,1.25,0.090000000,3,
2026-09-17,EUU,OPT,EUUK7 P1260,2027-05-07,P,1.26,0.099300000,3,
2026-09-17,EUU,OPT,EUUK7 P1270,2027-05-07,P,1.27,0.108700000,3,
2026-09-17,EUU,OPT,EUUK7 P1280,2027-05-07,P,1.28,0.118100000,3,
2026-09-17,EUU,OPT,EUUK7 P1290,2027-05-07,P,1.29,0.127600000,3,
2026-09-17,EUU,OPT,EUUK7 P1300,2027-05-07,P,1.3,0.137200000,3,
2026-09-17,EUU,OPT,EUUK7 P1310,2027-05-07,P,1.31,0.146800000,3,
2026-09-17,EUU,OPT,EUUK7 P1320,2027-05-07,P,1.32,0.156400000,3,
2026-09-17,EUU,OPT,EUUK7 P1330,2027-05-07,P,1.33,0.166100000,3,
2026-09-17,EUU,OPT,EUUK7 P1340,2027-05-07,P,1.34,0.175700000,3,
2026-09-17,EUU,OPT,EUUM7 C1000,2027-06-04,C,1,0.155900000,3,
2026-09-17,EUU,OPT,EUUM7 C1010,2027-06-04,C,1.01,0.146300000,3,
2026-09-17,EUU,OPT,EUUM7 C1020,2027-06-04,C,1.02,0.136700000,3,
2026-09-17,EUU,OPT,EUUM7 C1030,2027-06-04,C,1.03,0.127200000,3,
2026-09-17,EUU,OPT,EUUM7 C1040,2027-06-04,C,1.04,0.117800000,3,
2026-09-17,EUU,OPT,EUUM7 C1050,2027-06-04,C,1.05,0.108400000,3,
2026-09-17,EUU,OPT,EUUM7 C1060,2027-06-04,C,1.06,0.099100000,3,
2026-09-17,EUU,OPT,EUUM7 C1070,2027-06-04,C,1.07,0.089900000,3,
2026-09-17,EUU,OPT,EUUM7 C1080,2027-06-04,C,1.08,0.080900000,3,
2026-09-17,EUU,OPT,EUUM7 C1090,2027-06-04,C,1.09,0.072100000,3,
2026-09-17,EUU,OPT,EUUM7 C1100,2027-06-04,C,1.1,0.063500000,3,4
2026-09-17,EUU,OPT,EUUM7 C1105,2027-06-04,C,1.105,0.059400000,3,
2026-09-17,EUU,OPT,EUUM7 C1110,2027-06-04,C,1.11,0.055400000,3,
2026-09-17,EUU,OPT,EUUM7 C1115,2027-06-04,C,1.115,0.051400000,3,
2026-09-17,EUU,OPT,EUUM7 C1120,2027-06-04,C,1.12,0.047600000,3,
2026-09-17,EUU,OPT,EUUM7 C1125,2027-06-04,C,1.125,0.043900000,3,
2026-09-17,EUU,OPT,EUUM7 C1130,2027-06-04,C,1.13,0.040400000,3,
2026-09-17,EUU,OPT,EUUM7 C1135,2027-06-04,C,1.135,0.037000000,3,
2026-09-17,EUU,OPT,EUUM7 C1140,2027-06-04,C,1.14,0.033800000,3,6030
2026-09-17,EUU,OPT,EUUM7 C1145,2027-06-04,C,1.145,0.030700000,3,1
2026-09-17,EUU,OPT,EUUM7 C1150,2027-06-04,C,1.15,0.027800000,3,1044
2026-09-17,EUU,OPT,EUUM7 C1155,2027-06-04,C,1.155,0.025100000,3,3
2026-09-17,EUU,OPT,EUUM7 C1160,2027-06-04,C,1.16,0.022600000,3,6061
2026-09-17,EUU,OPT,EUUM7 C1165,2027-06-04,C,1.165,0.020200000,3,
2026-09-17,EUU,OPT,EUUM7 C1170,2027-06-04,C,1.17,0.018100000,3,21
2026-09-17,EUU,OPT,EUUM7 C1175,2027-06-04,C,1.175,0.016100000,3,501
2026-09-17,EUU,OPT,EUUM7 C1180,2027-06-04,C,1.18,0.014300000,3,13301
2026-09-17,EUU,OPT,EUUM7 C1185,2027-06-04,C,1.185,0.012700000,3,1212
2026-09-17,EUU,OPT,EUUM7 C1190,2027-06-04,C,1.19,0.011200000,3,1017
2026-09-17,EUU,OPT,EUUM7 C1195,2027-06-04,C,1.195,0.010000000,3,900
2026-09-17,EUU,OPT,EUUM7 C1200,2027-06-04,C,1.2,0.008800000,3,15527
2026-09-17,EUU,OPT,EUUM7 C1205,2027-06-04,C,1.205,0.007900000,3,400
2026-09-17,EUU,OPT,EUUM7 C1210,2027-06-04,C,1.21,0.007000000,3,501
2026-09-17,EUU,OPT,EUUM7 C1215,2027-06-04,C,1.215,0.006200000,3,52
2026-09-17,EUU,OPT,EUUM7 C1220,2027-06-04,C,1.22,0.005600000,3,7
2026-09-17,EUU,OPT,EUUM7 C1225,2027-06-04,C,1.225,0.005000000,3,976
2026-09-17,EUU,OPT,EUUM7 C1230,2027-06-04,C,1.23,0.004400000,3,8
2026-09-17,EUU,OPT,EUUM7 C1235,2027-06-04,C,1.235,0.004000000,3,
2026-09-17,EUU,OPT,EUUM7 C1240,2027-06-04,C,1.24,0.003500000,3,74
2026-09-17,EUU,OPT,EUUM7 C1245,2027-06-04,C,1.245,0.003200000,3,
2026-09-17,EUU,OPT,EUUM7 C1250,2027-06-04,C,1.25,0.002800000,3,472
2026-09-17,EUU,OPT,EUUM7 C1255,2027-06-04,C,1.255,0.002600000,3,
2026-09-17,EUU,OPT,EUUM7 C1260,2027-06-04,C,1.26,0.002300000,3,
2026-09-17,EUU,OPT,EUUM7 C1265,2027-06-04,C,1.265,0.002100000,3,
2026-09-17,EUU,OPT,EUUM7 C1270,2027-06-04,C,1.27,0.001900000,3,39
2026-09-17,EUU,OPT,EUUM7 C1280,2027-06-04,C,1.28,0.001600000,3,2
2026-09-17,EUU,OPT,EUUM7 C1290,2027-06-04,C,1.29,0.001300000,3,4
2026-09-17,EUU,OPT,EUUM7 C1300,2027-06-04,C,1.3,0.001100000,3,
2026-09-17,EUU,OPT,EUUM7 C1310,2027-06-04,C,1.31,0.001000000,3,2
2026-09-17,EUU,OPT,EUUM7 C1320,2027-06-04,C,1.32,0.000800000,3,1057
2026-09-17,EUU,OPT,EUUM7 C1330,2027-06-04,C,1.33,0.000700000,3,1
2026-09-17,EUU,OPT,EUUM7 C1340,2027-06-04,C,1.34,0.000600000,3,4
2026-09-17,EUU,OPT,EUUM7 C1350,2027-06-04,C,1.35,0.000500000,3,
2026-09-17,EUU,OPT,EUUM7 C1360,2027-06-04,C,1.36,0.000500000,3,
2026-09-17,EUU,OPT,EUUM7 C1370,2027-06-04,C,1.37,0.000450000,3,16
2026-09-17,EUU,OPT,EUUM7 P1000,2027-06-04,P,1,0.000800000,3,91
2026-09-17,EUU,OPT,EUUM7 P1010,2027-06-04,P,1.01,0.000900000,3,250
2026-09-17,EUU,OPT,EUUM7 P1020,2027-06-04,P,1.02,0.001000000,3,15
2026-09-17,EUU,OPT,EUUM7 P1030,2027-06-04,P,1.03,0.001200000,3,772
2026-09-17,EUU,OPT,EUUM7 P1040,2027-06-04,P,1.04,0.001500000,3,6
2026-09-17,EUU,OPT,EUUM7 P1050,2027-06-04,P,1.05,0.001800000,3,2
2026-09-17,EUU,OPT,EUUM7 P1060,2027-06-04,P,1.06,0.002200000,3,
2026-09-17,EUU,OPT,EUUM7 P1070,2027-06-04,P,1.07,0.002700000,3,
2026-09-17,EUU,OPT,EUUM7 P1080,2027-06-04,P,1.08,0.003400000,3,32
2026-09-17,EUU,OPT,EUUM7 P1090,2027-06-04,P,1.09,0.004300000,3,52
2026-09-17,EUU,OPT,EUUM7 P1100,2027-06-04,P,1.1,0.005400000,3,758
2026-09-17,EUU,OPT,EUUM7 P1105,2027-06-04,P,1.105,0.006100000,3,38
2026-09-17,EUU,OPT,EUUM7 P1110,2027-06-04,P,1.11,0.006900000,3,30
2026-09-17,EUU,OPT,EUUM7 P1115,2027-06-04,P,1.115,0.007900000,3,33
2026-09-17,EUU,OPT,EUUM7 P1120,2027-06-04,P,1.12,0.008900000,3,28
2026-09-17,EUU,OPT,EUUM7 P1125,2027-06-04,P,1.125,0.010100000,3,4
2026-09-17,EUU,OPT,EUUM7 P1130,2027-06-04,P,1.13,0.011400000,3,13
2026-09-17,EUU,OPT,EUUM7 P1135,2027-06-04,P,1.135,0.012800000,3,15
2026-09-17,EUU,OPT,EUUM7 P1140,2027-06-04,P,1.14,0.014400000,3,840
2026-09-17,EUU,OPT,EUUM7 P1145,2027-06-04,P,1.145,0.016200000,3,37
2026-09-17,EUU,OPT,EUUM7 P1150,2027-06-04,P,1.15,0.018200000,3,87
2026-09-17,EUU,OPT,EUUM7 P1155,2027-06-04,P,1.155,0.020300000,3,200
2026-09-17,EUU,OPT,EUUM7 P1160,2027-06-04,P,1.16,0.022700000,3,15
2026-09-17,EUU,OPT,EUUM7 P1165,2027-06-04,P,1.165,0.025200000,3,7
2026-09-17,EUU,OPT,EUUM7 P1170,2027-06-04,P,1.17,0.027900000,3,116
2026-09-17,EUU,OPT,EUUM7 P1175,2027-06-04,P,1.175,0.030700000,3,380
2026-09-17,EUU,OPT,EUUM7 P1180,2027-06-04,P,1.18,0.033800000,3,25
2026-09-17,EUU,OPT,EUUM7 P1185,2027-06-04,P,1.185,0.037000000,3,
2026-09-17,EUU,OPT,EUUM7 P1190,2027-06-04,P,1.19,0.040400000,3,
2026-09-17,EUU,OPT,EUUM7 P1195,2027-06-04,P,1.195,0.044000000,3,
2026-09-17,EUU,OPT,EUUM7 P1200,2027-06-04,P,1.2,0.047700000,3,3
2026-09-17,EUU,OPT,EUUM7 P1205,2027-06-04,P,1.205,0.051600000,3,
2026-09-17,EUU,OPT,EUUM7 P1210,2027-06-04,P,1.21,0.055600000,3,1
2026-09-17,EUU,OPT,EUUM7 P1215,2027-06-04,P,1.215,0.059700000,3,
2026-09-17,EUU,OPT,EUUM7 P1220,2027-06-04,P,1.22,0.063900000,3,
2026-09-17,EUU,OPT,EUUM7 P1225,2027-06-04,P,1.225,0.068100000,3,
2026-09-17,EUU,OPT,EUUM7 P1230,2027-06-04,P,1.23,0.072400000,3,
2026-09-17,EUU,OPT,EUUM7 P1235,2027-06-04,P,1.235,0.076800000,3,
2026-09-17,EUU,OPT,EUUM7 P1240,2027-06-04,P,1.24,0.081300000,3,
2026-09-17,EUU,OPT,EUUM7 P1245,2027-06-04,P,1.245,0.085700000,3,
2026-09-17,EUU,OPT,EUUM7 P1250,2027-06-04,P,1.25,0.090300000,3,
2026-09-17,EUU,OPT,EUUM7 P1255,2027-06-04,P,1.255,0.094800000,3,
2026-09-17,EUU,OPT,EUUM7 P1260,2027-06-04,P,1.26,0.099400000,3,
2026-09-17,EUU,OPT,EUUM7 P1265,2027-06-04,P,1.265,0.104100000,3,
2026-09-17,EUU,OPT,EUUM7 P1270,2027-06-04,P,1.27,0.108700000,3,
2026-09-17,EUU,OPT,EUUM7 P1280,2027-06-04,P,1.28,0.118100000,3,
2026-09-17,EUU,OPT,EUUM7 P1290,2027-06-04,P,1.29,0.127500000,3,
2026-09-17,EUU,OPT,EUUM7 P1300,2027-06-04,P,1.3,0.137000000,3,
2026-09-17,EUU,OPT,EUUM7 P1310,2027-06-04,P,1.31,0.146600000,3,
2026-09-17,EUU,OPT,EUUM7 P1320,2027-06-04,P,1.32,0.156100000,3,
2026-09-17,EUU,OPT,EUUM7 P1330,2027-06-04,P,1.33,0.165700000,3,
2026-09-17,EUU,OPT,EUUM7 P1340,2027-06-04,P,1.34,0.175300000,3,
2026-09-17,EUU,OPT,EUUM7 P1350,2027-06-04,P,1.35,0.185000000,3,
2026-09-17,EUU,OPT,EUUM7 P1360,2027-06-04,P,1.36,0.194600000,3,
2026-09-17,EUU,OPT,EUUM7 P1370,2027-06-04,P,1.37,0.204300000,3,
2026-09-17,EUU,OPT,EUUN7 C1010,2027-07-09,C,1.01,0.149600000,3,
2026-09-17,EUU,OPT,EUUN7 C1020,2027-07-09,C,1.02,0.140200000,3,
2026-09-17,EUU,OPT,EUUN7 C1030,2027-07-09,C,1.03,0.130700000,3,
2026-09-17,EUU,OPT,EUUN7 C1040,2027-07-09,C,1.04,0.121300000,3,
2026-09-17,EUU,OPT,EUUN7 C1050,2027-07-09,C,1.05,0.112100000,3,
2026-09-17,EUU,OPT,EUUN7 C1060,2027-07-09,C,1.06,0.102900000,3,
2026-09-17,EUU,OPT,EUUN7 C1070,2027-07-09,C,1.07,0.093800000,3,
2026-09-17,EUU,OPT,EUUN7 C1080,2027-07-09,C,1.08,0.084900000,3,
2026-09-17,EUU,OPT,EUUN7 C1090,2027-07-09,C,1.09,0.076300000,3,
2026-09-17,EUU,OPT,EUUN7 C1100,2027-07-09,C,1.1,0.067800000,3,
2026-09-17,EUU,OPT,EUUN7 C1105,2027-07-09,C,1.105,0.063700000,3,
2026-09-17,EUU,OPT,EUUN7 C1110,2027-07-09,C,1.11,0.059700000,3,
2026-09-17,EUU,OPT,EUUN7 C1115,2027-07-09,C,1.115,0.055700000,3,
2026-09-17,EUU,OPT,EUUN7 C1120,2027-07-09,C,1.12,0.051900000,3,
2026-09-17,EUU,OPT,EUUN7 C1125,2027-07-09,C,1.125,0.048200000,3,
2026-09-17,EUU,OPT,EUUN7 C1130,2027-07-09,C,1.13,0.044600000,3,
2026-09-17,EUU,OPT,EUUN7 C1135,2027-07-09,C,1.135,0.041100000,3,
2026-09-17,EUU,OPT,EUUN7 C1140,2027-07-09,C,1.14,0.037800000,3,
2026-09-17,EUU,OPT,EUUN7 C1145,2027-07-09,C,1.145,0.034600000,3,
2026-09-17,EUU,OPT,EUUN7 C1150,2027-07-09,C,1.15,0.031600000,3,3
2026-09-17,EUU,OPT,EUUN7 C1155,2027-07-09,C,1.155,0.028800000,3,
2026-09-17,EUU,OPT,EUUN7 C1160,2027-07-09,C,1.16,0.026200000,3,6
2026-09-17,EUU,OPT,EUUN7 C1165,2027-07-09,C,1.165,0.023700000,3,1
2026-09-17,EUU,OPT,EUUN7 C1170,2027-07-09,C,1.17,0.021400000,3,
2026-09-17,EUU,OPT,EUUN7 C1175,2027-07-09,C,1.175,0.019300000,3,
2026-09-17,EUU,OPT,EUUN7 C1180,2027-07-09,C,1.18,0.017400000,3,20
2026-09-17,EUU,OPT,EUUN7 C1185,2027-07-09,C,1.185,0.015700000,3,60
2026-09-17,EUU,OPT,EUUN7 C1190,2027-07-09,C,1.19,0.014100000,3,20
2026-09-17,EUU,OPT,EUUN7 C1195,2027-07-09,C,1.195,0.012700000,3,26
2026-09-17,EUU,OPT,EUUN7 C1200,2027-07-09,C,1.2,0.011400000,3,
2026-09-17,EUU,OPT,EUUN7 C1205,2027-07-09,C,1.205,0.010200000,3,
2026-09-17,EUU,OPT,EUUN7 C1210,2027-07-09,C,1.21,0.009200000,3,
2026-09-17,EUU,OPT,EUUN7 C1215,2027-07-09,C,1.215,0.008300000,3,
2026-09-17,EUU,OPT,EUUN7 C1220,2027-07-09,C,1.22,0.007400000,3,
2026-09-17,EUU,OPT,EUUN7 C1225,2027-07-09,C,1.225,0.006700000,3,
2026-09-17,EUU,OPT,EUUN7 C1230,2027-07-09,C,1.23,0.006000000,3,1
2026-09-17,EUU,OPT,EUUN7 C1235,2027-07-09,C,1.235,0.005500000,3,
2026-09-17,EUU,OPT,EUUN7 C1240,2027-07-09,C,1.24,0.004900000,3,3
2026-09-17,EUU,OPT,EUUN7 C1250,2027-07-09,C,1.25,0.004100000,3,
2026-09-17,EUU,OPT,EUUN7 C1260,2027-07-09,C,1.26,0.003300000,3,
2026-09-17,EUU,OPT,EUUN7 C1270,2027-07-09,C,1.27,0.002800000,3,
2026-09-17,EUU,OPT,EUUN7 C1280,2027-07-09,C,1.28,0.002300000,3,
2026-09-17,EUU,OPT,EUUN7 C1290,2027-07-09,C,1.29,0.001900000,3,
2026-09-17,EUU,OPT,EUUN7 C1300,2027-07-09,C,1.3,0.001600000,3,
2026-09-17,EUU,OPT,EUUN7 C1310,2027-07-09,C,1.31,0.001400000,3,
2026-09-17,EUU,OPT,EUUN7 C1320,2027-07-09,C,1.32,0.001200000,3,2
2026-09-17,EUU,OPT,EUUN7 C1330,2027-07-09,C,1.33,0.000900000,3,
2026-09-17,EUU,OPT,EUUN7 P1010,2027-07-09,P,1.01,0.001000000,3,11
2026-09-17,EUU,OPT,EUUN7 P1020,2027-07-09,P,1.02,0.001200000,3,
2026-09-17,EUU,OPT,EUUN7 P1030,2027-07-09,P,1.03,0.001400000,3,
2026-09-17,EUU,OPT,EUUN7 P1040,2027-07-09,P,1.04,0.001700000,3,
2026-09-17,EUU,OPT,EUUN7 P1050,2027-07-09,P,1.05,0.002000000,3,15
2026-09-17,EUU,OPT,EUUN7 P1060,2027-07-09,P,1.06,0.002500000,3,
2026-09-17,EUU,OPT,EUUN7 P1070,2027-07-09,P,1.07,0.003100000,3,
2026-09-17,EUU,OPT,EUUN7 P1080,2027-07-09,P,1.08,0.003900000,3,
2026-09-17,EUU,OPT,EUUN7 P1090,2027-07-09,P,1.09,0.004900000,3,
2026-09-17,EUU,OPT,EUUN7 P1100,2027-07-09,P,1.1,0.006100000,3,2
2026-09-17,EUU,OPT,EUUN7 P1105,2027-07-09,P,1.105,0.006800000,3,
2026-09-17,EUU,OPT,EUUN7 P1110,2027-07-09,P,1.11,0.007600000,3,
2026-09-17,EUU,OPT,EUUN7 P1115,2027-07-09,P,1.115,0.008500000,3,
2026-09-17,EUU,OPT,EUUN7 P1120,2027-07-09,P,1.12,0.009500000,3,
2026-09-17,EUU,OPT,EUUN7 P1125,2027-07-09,P,1.125,0.010600000,3,
2026-09-17,EUU,OPT,EUUN7 P1130,2027-07-09,P,1.13,0.011800000,3,2
2026-09-17,EUU,OPT,EUUN7 P1135,2027-07-09,P,1.135,0.013200000,3,
2026-09-17,EUU,OPT,EUUN7 P1140,2027-07-09,P,1.14,0.014700000,3,1
2026-09-17,EUU,OPT,EUUN7 P1145,2027-07-09,P,1.145,0.016400000,3,100
2026-09-17,EUU,OPT,EUUN7 P1150,2027-07-09,P,1.15,0.018200000,3,19
2026-09-17,EUU,OPT,EUUN7 P1155,2027-07-09,P,1.155,0.020200000,3,13
2026-09-17,EUU,OPT,EUUN7 P1160,2027-07-09,P,1.16,0.022400000,3,20
2026-09-17,EUU,OPT,EUUN7 P1165,2027-07-09,P,1.165,0.024800000,3,58
2026-09-17,EUU,OPT,EUUN7 P1170,2027-07-09,P,1.17,0.027300000,3,70
2026-09-17,EUU,OPT,EUUN7 P1175,2027-07-09,P,1.175,0.030000000,3,
2026-09-17,EUU,OPT,EUUN7 P1180,2027-07-09,P,1.18,0.033000000,3,
2026-09-17,EUU,OPT,EUUN7 P1185,2027-07-09,P,1.185,0.036000000,3,
2026-09-17,EUU,OPT,EUUN7 P1190,2027-07-09,P,1.19,0.039300000,3,
2026-09-17,EUU,OPT,EUUN7 P1195,2027-07-09,P,1.195,0.042700000,3,
2026-09-17,EUU,OPT,EUUN7 P1200,2027-07-09,P,1.2,0.046200000,3,
2026-09-17,EUU,OPT,EUUN7 P1205,2027-07-09,P,1.205,0.049900000,3,
2026-09-17,EUU,OPT,EUUN7 P1210,2027-07-09,P,1.21,0.053700000,3,
2026-09-17,EUU,OPT,EUUN7 P1215,2027-07-09,P,1.215,0.057600000,3,
2026-09-17,EUU,OPT,EUUN7 P1220,2027-07-09,P,1.22,0.061600000,3,
2026-09-17,EUU,OPT,EUUN7 P1225,2027-07-09,P,1.225,0.065700000,3,
2026-09-17,EUU,OPT,EUUN7 P1230,2027-07-09,P,1.23,0.069900000,3,
2026-09-17,EUU,OPT,EUUN7 P1235,2027-07-09,P,1.235,0.074100000,3,
2026-09-17,EUU,OPT,EUUN7 P1240,2027-07-09,P,1.24,0.078400000,3,
2026-09-17,EUU,OPT,EUUN7 P1250,2027-07-09,P,1.25,0.087200000,3,
2026-09-17,EUU,OPT,EUUN7 P1260,2027-07-09,P,1.26,0.096200000,3,
2026-09-17,EUU,OPT,EUUN7 P1270,2027-07-09,P,1.27,0.105200000,3,
2026-09-17,EUU,OPT,EUUN7 P1280,2027-07-09,P,1.28,0.114400000,3,
2026-09-17,EUU,OPT,EUUN7 P1290,2027-07-09,P,1.29,0.123700000,3,
2026-09-17,EUU,OPT,EUUN7 P1300,2027-07-09,P,1.3,0.133100000,3,
2026-09-17,EUU,OPT,EUUN7 P1310,2027-07-09,P,1.31,0.142500000,3,
2026-09-17,EUU,OPT,EUUN7 P1320,2027-07-09,P,1.32,0.151900000,3,
2026-09-17,EUU,OPT,EUUN7 P1330,2027-07-09,P,1.33,0.161300000,3,
2026-09-17,EUU,OPT,EUUQ7 C1020,2027-08-06,C,1.02,0.140000000,3,
2026-09-17,EUU,OPT,EUUQ7 C1030,2027-08-06,C,1.03,0.130600000,3,
2026-09-17,EUU,OPT,EUUQ7 C1040,2027-08-06,C,1.04,0.121400000,3,
2026-09-17,EUU,OPT,EUUQ7 C1050,2027-08-06,C,1.05,0.112200000,3,
2026-09-17,EUU,OPT,EUUQ7 C1060,2027-08-06,C,1.06,0.103100000,3,
2026-09-17,EUU,OPT,EUUQ7 C1070,2027-08-06,C,1.07,0.094100000,3,
2026-09-17,EUU,OPT,EUUQ7 C1080,2027-08-06,C,1.08,0.085300000,3,
2026-09-17,EUU,OPT,EUUQ7 C1090,2027-08-06,C,1.09,0.076800000,3,
2026-09-17,EUU,OPT,EUUQ7 C1100,2027-08-06,C,1.1,0.068500000,3,
2026-09-17,EUU,OPT,EUUQ7 C1110,2027-08-06,C,1.11,0.060500000,3,
2026-09-17,EUU,OPT,EUUQ7 C1115,2027-08-06,C,1.115,0.056600000,3,
2026-09-17,EUU,OPT,EUUQ7 C1120,2027-08-06,C,1.12,0.052900000,3,
2026-09-17,EUU,OPT,EUUQ7 C1125,2027-08-06,C,1.125,0.049200000,3,
2026-09-17,EUU,OPT,EUUQ7 C1130,2027-08-06,C,1.13,0.045700000,3,
2026-09-17,EUU,OPT,EUUQ7 C1135,2027-08-06,C,1.135,0.042300000,3,
2026-09-17,EUU,OPT,EUUQ7 C1140,2027-08-06,C,1.14,0.039000000,3,
2026-09-17,EUU,OPT,EUUQ7 C1145,2027-08-06,C,1.145,0.035900000,3,
2026-09-17,EUU,OPT,EUUQ7 C1150,2027-08-06,C,1.15,0.033000000,3,3
2026-09-17,EUU,OPT,EUUQ7 C1155,2027-08-06,C,1.155,0.030200000,3,
2026-09-17,EUU,OPT,EUUQ7 C1160,2027-08-06,C,1.16,0.027500000,3,
2026-09-17,EUU,OPT,EUUQ7 C1165,2027-08-06,C,1.165,0.025100000,3,1
2026-09-17,EUU,OPT,EUUQ7 C1170,2027-08-06,C,1.17,0.022800000,3,
2026-09-17,EUU,OPT,EUUQ7 C1175,2027-08-06,C,1.175,0.020700000,3,
2026-09-17,EUU,OPT,EUUQ7 C1180,2027-08-06,C,1.18,0.018800000,3,
2026-09-17,EUU,OPT,EUUQ7 C1185,2027-08-06,C,1.185,0.017100000,3,
2026-09-17,EUU,OPT,EUUQ7 C1190,2027-08-06,C,1.19,0.015400000,3,
2026-09-17,EUU,OPT,EUUQ7 C1195,2027-08-06,C,1.195,0.014000000,3,6
2026-09-17,EUU,OPT,EUUQ7 C1200,2027-08-06,C,1.2,0.012700000,3,
2026-09-17,EUU,OPT,EUUQ7 C1205,2027-08-06,C,1.205,0.011400000,3,
2026-09-17,EUU,OPT,EUUQ7 C1210,2027-08-06,C,1.21,0.010400000,3,
2026-09-17,EUU,OPT,EUUQ7 C1215,2027-08-06,C,1.215,0.009400000,3,
2026-09-17,EUU,OPT,EUUQ7 C1220,2027-08-06,C,1.22,0.008500000,3,
2026-09-17,EUU,OPT,EUUQ7 C1225,2027-08-06,C,1.225,0.007700000,3,
2026-09-17,EUU,OPT,EUUQ7 C1230,2027-08-06,C,1.23,0.007000000,3,
2026-09-17,EUU,OPT,EUUQ7 C1235,2027-08-06,C,1.235,0.006400000,3,
2026-09-17,EUU,OPT,EUUQ7 C1240,2027-08-06,C,1.24,0.005800000,3,3
2026-09-17,EUU,OPT,EUUQ7 C1250,2027-08-06,C,1.25,0.004800000,3,25
2026-09-17,EUU,OPT,EUUQ7 C1260,2027-08-06,C,1.26,0.004000000,3,
2026-09-17,EUU,OPT,EUUQ7 C1270,2027-08-06,C,1.27,0.003400000,3,
2026-09-17,EUU,OPT,EUUQ7 C1280,2027-08-06,C,1.28,0.002900000,3,
2026-09-17,EUU,OPT,EUUQ7 C1290,2027-08-06,C,1.29,0.002400000,3,
2026-09-17,EUU,OPT,EUUQ7 C1300,2027-08-06,C,1.3,0.002100000,3,
2026-09-17,EUU,OPT,EUUQ7 C1310,2027-08-06,C,1.31,0.001800000,3,
2026-09-17,EUU,OPT,EUUQ7 C1320,2027-08-06,C,1.32,0.001600000,3,
2026-09-17,EUU,OPT,EUUQ7 C1330,2027-08-06,C,1.33,0.001400000,3,
2026-09-17,EUU,OPT,EUUQ7 C1340,2027-08-06,C,1.34,0.001200000,3,
2026-09-17,EUU,OPT,EUUQ7 C1350,2027-08-06,C,1.35,0.001100000,3,
2026-09-17,EUU,OPT,EUUQ7 C1360,2027-08-06,C,1.36,0.000900000,3,
2026-09-17,EUU,OPT,EUUQ7 C1370,2027-08-06,C,1.37,0.000800000,3,
2026-09-17,EUU,OPT,EUUQ7 C1400,2027-08-06,C,1.4,0.000600000,3,
2026-09-17,EUU,OPT,EUUQ7 C1450,2027-08-06,C,1.45,0.000400000,3,
2026-09-17,EUU,OPT,EUUQ7 C1500,2027-08-06,C,1.5,0.000300000,3,
2026-09-17,EUU,OPT,EUUQ7 P1020,2027-08-06,P,1.02,0.001500000,3,11
2026-09-17,EUU,OPT,EUUQ7 P1030,2027-08-06,P,1.03,0.001800000,3,2
2026-09-17,EUU,OPT,EUUQ7 P1040,2027-08-06,P,1.04,0.002100000,3,
2026-09-17,EUU,OPT,EUUQ7 P1050,2027-08-06,P,1.05,0.002600000,3,2
2026-09-17,EUU,OPT,EUUQ7 P1060,2027-08-06,P,1.06,0.003100000,3,1
2026-09-17,EUU,OPT,EUUQ7 P1070,2027-08-06,P,1.07,0.003800000,3,1
2026-09-17,EUU,OPT,EUUQ7 P1080,2027-08-06,P,1.08,0.004600000,3,
2026-09-17,EUU,OPT,EUUQ7 P1090,2027-08-06,P,1.09,0.005700000,3,
2026-09-17,EUU,OPT,EUUQ7 P1100,2027-08-06,P,1.1,0.007000000,3,
2026-09-17,EUU,OPT,EUUQ7 P1110,2027-08-06,P,1.11,0.008600000,3,750
2026-09-17,EUU,OPT,EUUQ7 P1115,2027-08-06,P,1.115,0.009600000,3,
2026-09-17,EUU,OPT,EUUQ7 P1120,2027-08-06,P,1.12,0.010600000,3,
2026-09-17,EUU,OPT,EUUQ7 P1125,2027-08-06,P,1.125,0.011800000,3,
2026-09-17,EUU,OPT,EUUQ7 P1130,2027-08-06,P,1.13,0.013000000,3,
2026-09-17,EUU,OPT,EUUQ7 P1135,2027-08-06,P,1.135,0.014500000,3,
2026-09-17,EUU,OPT,EUUQ7 P1140,2027-08-06,P,1.14,0.016000000,3,
2026-09-17,EUU,OPT,EUUQ7 P1145,2027-08-06,P,1.145,0.017700000,3,
2026-09-17,EUU,OPT,EUUQ7 P1150,2027-08-06,P,1.15,0.019600000,3,3
2026-09-17,EUU,OPT,EUUQ7 P1155,2027-08-06,P,1.155,0.021600000,3,
2026-09-17,EUU,OPT,EUUQ7 P1160,2027-08-06,P,1.16,0.023800000,3,
2026-09-17,EUU,OPT,EUUQ7 P1165,2027-08-06,P,1.165,0.026200000,3,
2026-09-17,EUU,OPT,EUUQ7 P1170,2027-08-06,P,1.17,0.028700000,3,
2026-09-17,EUU,OPT,EUUQ7 P1175,2027-08-06,P,1.175,0.031400000,3,
2026-09-17,EUU,OPT,EUUQ7 P1180,2027-08-06,P,1.18,0.034300000,3,
2026-09-17,EUU,OPT,EUUQ7 P1185,2027-08-06,P,1.185,0.037400000,3,
2026-09-17,EUU,OPT,EUUQ7 P1190,2027-08-06,P,1.19,0.040600000,3,
2026-09-17,EUU,OPT,EUUQ7 P1195,2027-08-06,P,1.195,0.043900000,3,
2026-09-17,EUU,OPT,EUUQ7 P1200,2027-08-06,P,1.2,0.047400000,3,
2026-09-17,EUU,OPT,EUUQ7 P1205,2027-08-06,P,1.205,0.051000000,3,
2026-09-17,EUU,OPT,EUUQ7 P1210,2027-08-06,P,1.21,0.054700000,3,
2026-09-17,EUU,OPT,EUUQ7 P1215,2027-08-06,P,1.215,0.058600000,3,
2026-09-17,EUU,OPT,EUUQ7 P1220,2027-08-06,P,1.22,0.062500000,3,
2026-09-17,EUU,OPT,EUUQ7 P1225,2027-08-06,P,1.225,0.066500000,3,
2026-09-17,EUU,OPT,EUUQ7 P1230,2027-08-06,P,1.23,0.070600000,3,
2026-09-17,EUU,OPT,EUUQ7 P1235,2027-08-06,P,1.235,0.074800000,3,
2026-09-17,EUU,OPT,EUUQ7 P1240,2027-08-06,P,1.24,0.079000000,3,
2026-09-17,EUU,OPT,EUUQ7 P1250,2027-08-06,P,1.25,0.087700000,3,
2026-09-17,EUU,OPT,EUUQ7 P1260,2027-08-06,P,1.26,0.096500000,3,
2026-09-17,EUU,OPT,EUUQ7 P1270,2027-08-06,P,1.27,0.105500000,3,
2026-09-17,EUU,OPT,EUUQ7 P1280,2027-08-06,P,1.28,0.114600000,3,
2026-09-17,EUU,OPT,EUUQ7 P1290,2027-08-06,P,1.29,0.123800000,3,
2026-09-17,EUU,OPT,EUUQ7 P1300,2027-08-06,P,1.3,0.133100000,3,
2026-09-17,EUU,OPT,EUUQ7 P1310,2027-08-06,P,1.31,0.142400000,3,
2026-09-17,EUU,OPT,EUUQ7 P1320,2027-08-06,P,1.32,0.151800000,3,
2026-09-17,EUU,OPT,EUUQ7 P1330,2027-08-06,P,1.33,0.161200000,3,
2026-09-17,EUU,OPT,EUUQ7 P1340,2027-08-06,P,1.34,0.170700000,3,
2026-09-17,EUU,OPT,EUUQ7 P1350,2027-08-06,P,1.35,0.180200000,3,
2026-09-17,EUU,OPT,EUUQ7 P1360,2027-08-06,P,1.36,0.189700000,3,
2026-09-17,EUU,OPT,EUUQ7 P1370,2027-08-06,P,1.37,0.199200000,3,
2026-09-17,EUU,OPT,EUUQ7 P1400,2027-08-06,P,1.4,0.227800000,3,
2026-09-17,EUU,OPT,EUUQ7 P1450,2027-08-06,P,1.45,0.275800000,3,
2026-09-17,EUU,OPT,EUUQ7 P1500,2027-08-06,P,1.5,0.323800000,3,
2026-09-17,EUU,OPT,EUUU7 C1010,2027-09-03,C,1.01,0.149100000,3,
2026-09-17,EUU,OPT,EUUU7 C1020,2027-09-03,C,1.02,0.139800000,3,
2026-09-17,EUU,OPT,EUUU7 C1030,2027-09-03,C,1.03,0.130500000,3,
2026-09-17,EUU,OPT,EUUU7 C1040,2027-09-03,C,1.04,0.121300000,3,
2026-09-17,EUU,OPT,EUUU7 C1050,2027-09-03,C,1.05,0.112200000,3,
2026-09-17,EUU,OPT,EUUU7 C1060,2027-09-03,C,1.06,0.103300000,3,
2026-09-17,EUU,OPT,EUUU7 C1070,2027-09-03,C,1.07,0.094400000,3,
2026-09-17,EUU,OPT,EUUU7 C1080,2027-09-03,C,1.08,0.085800000,3,
2026-09-17,EUU,OPT,EUUU7 C1090,2027-09-03,C,1.09,0.077300000,3,
2026-09-17,EUU,OPT,EUUU7 C1100,2027-09-03,C,1.1,0.069200000,3,
2026-09-17,EUU,OPT,EUUU7 C1105,2027-09-03,C,1.105,0.065200000,3,
2026-09-17,EUU,OPT,EUUU7 C1110,2027-09-03,C,1.11,0.061300000,3,1
2026-09-17,EUU,OPT,EUUU7 C1115,2027-09-03,C,1.115,0.057500000,3,
2026-09-17,EUU,OPT,EUUU7 C1120,2027-09-03,C,1.12,0.053800000,3,
2026-09-17,EUU,OPT,EUUU7 C1125,2027-09-03,C,1.125,0.050300000,3,
2026-09-17,EUU,OPT,EUUU7 C1130,2027-09-03,C,1.13,0.046800000,3,
2026-09-17,EUU,OPT,EUUU7 C1135,2027-09-03,C,1.135,0.043400000,3,
2026-09-17,EUU,OPT,EUUU7 C1140,2027-09-03,C,1.14,0.040200000,3,241
2026-09-17,EUU,OPT,EUUU7 C1145,2027-09-03,C,1.145,0.037200000,3,
2026-09-17,EUU,OPT,EUUU7 C1150,2027-09-03,C,1.15,0.034200000,3,3
2026-09-17,EUU,OPT,EUUU7 C1155,2027-09-03,C,1.155,0.031500000,3,1
2026-09-17,EUU,OPT,EUUU7 C1160,2027-09-03,C,1.16,0.028800000,3,
2026-09-17,EUU,OPT,EUUU7 C1165,2027-09-03,C,1.165,0.026400000,3,36
2026-09-17,EUU,OPT,EUUU7 C1170,2027-09-03,C,1.17,0.024100000,3,1
2026-09-17,EUU,OPT,EUUU7 C1175,2027-09-03,C,1.175,0.022000000,3,
2026-09-17,EUU,OPT,EUUU7 C1180,2027-09-03,C,1.18,0.020100000,3,4
2026-09-17,EUU,OPT,EUUU7 C1185,2027-09-03,C,1.185,0.018300000,3,1
2026-09-17,EUU,OPT,EUUU7 C1190,2027-09-03,C,1.19,0.016600000,3,
2026-09-17,EUU,OPT,EUUU7 C1195,2027-09-03,C,1.195,0.015100000,3,6
2026-09-17,EUU,OPT,EUUU7 C1200,2027-09-03,C,1.2,0.013800000,3,3
2026-09-17,EUU,OPT,EUUU7 C1205,2027-09-03,C,1.205,0.012600000,3,
2026-09-17,EUU,OPT,EUUU7 C1210,2027-09-03,C,1.21,0.011400000,3,
2026-09-17,EUU,OPT,EUUU7 C1215,2027-09-03,C,1.215,0.010400000,3,
2026-09-17,EUU,OPT,EUUU7 C1220,2027-09-03,C,1.22,0.009500000,3,1
2026-09-17,EUU,OPT,EUUU7 C1225,2027-09-03,C,1.225,0.008700000,3,
2026-09-17,EUU,OPT,EUUU7 C1230,2027-09-03,C,1.23,0.007900000,3,1
2026-09-17,EUU,OPT,EUUU7 C1235,2027-09-03,C,1.235,0.007300000,3,
2026-09-17,EUU,OPT,EUUU7 C1240,2027-09-03,C,1.24,0.006700000,3,3
2026-09-17,EUU,OPT,EUUU7 C1245,2027-09-03,C,1.245,0.006100000,3,
2026-09-17,EUU,OPT,EUUU7 C1250,2027-09-03,C,1.25,0.005600000,3,4
2026-09-17,EUU,OPT,EUUU7 C1255,2027-09-03,C,1.255,0.005100000,3,
2026-09-17,EUU,OPT,EUUU7 C1260,2027-09-03,C,1.26,0.004700000,3,
2026-09-17,EUU,OPT,EUUU7 C1265,2027-09-03,C,1.265,0.004300000,3,
2026-09-17,EUU,OPT,EUUU7 C1270,2027-09-03,C,1.27,0.004000000,3,
2026-09-17,EUU,OPT,EUUU7 C1275,2027-09-03,C,1.275,0.003700000,3,
2026-09-17,EUU,OPT,EUUU7 C1280,2027-09-03,C,1.28,0.003400000,3,1
2026-09-17,EUU,OPT,EUUU7 C1290,2027-09-03,C,1.29,0.002900000,3,
2026-09-17,EUU,OPT,EUUU7 C1300,2027-09-03,C,1.3,0.002500000,3,
2026-09-17,EUU,OPT,EUUU7 C1310,2027-09-03,C,1.31,0.002200000,3,
2026-09-17,EUU,OPT,EUUU7 C1320,2027-09-03,C,1.32,0.001900000,3,1
2026-09-17,EUU,OPT,EUUU7 C1330,2027-09-03,C,1.33,0.001700000,3,
2026-09-17,EUU,OPT,EUUU7 C1340,2027-09-03,C,1.34,0.001500000,3,
2026-09-17,EUU,OPT,EUUU7 C1350,2027-09-03,C,1.35,0.001300000,3,4
2026-09-17,EUU,OPT,EUUU7 C1360,2027-09-03,C,1.36,0.001200000,3,
2026-09-17,EUU,OPT,EUUU7 C1370,2027-09-03,C,1.37,0.001000000,3,
2026-09-17,EUU,OPT,EUUU7 C1380,2027-09-03,C,1.38,0.000900000,3,2
2026-09-17,EUU,OPT,EUUU7 C1390,2027-09-03,C,1.39,0.000800000,3,2
2026-09-17,EUU,OPT,EUUU7 C1400,2027-09-03,C,1.4,0.000700000,3,
2026-09-17,EUU,OPT,EUUU7 C1450,2027-09-03,C,1.45,0.000450000,3,
2026-09-17,EUU,OPT,EUUU7 C1500,2027-09-03,C,1.5,0.000350000,3,
2026-09-17,EUU,OPT,EUUU7 C1600,2027-09-03,C,1.6,0.000200000,3,
2026-09-17,EUU,OPT,EUUU7 P1010,2027-09-03,P,1.01,0.001500000,3,188
2026-09-17,EUU,OPT,EUUU7 P1020,2027-09-03,P,1.02,0.001800000,3,5
2026-09-17,EUU,OPT,EUUU7 P1030,2027-09-03,P,1.03,0.002100000,3,52
2026-09-17,EUU,OPT,EUUU7 P1040,2027-09-03,P,1.04,0.002500000,3,180
2026-09-17,EUU,OPT,EUUU7 P1050,2027-09-03,P,1.05,0.003000000,3,332
2026-09-17,EUU,OPT,EUUU7 P1060,2027-09-03,P,1.06,0.003600000,3,7
2026-09-17,EUU,OPT,EUUU7 P1070,2027-09-03,P,1.07,0.004400000,3,
2026-09-17,EUU,OPT,EUUU7 P1080,2027-09-03,P,1.08,0.005300000,3,52
2026-09-17,EUU,OPT,EUUU7 P1090,2027-09-03,P,1.09,0.006500000,3,
2026-09-17,EUU,OPT,EUUU7 P1100,2027-09-03,P,1.1,0.007900000,3,23
2026-09-17,EUU,OPT,EUUU7 P1105,2027-09-03,P,1.105,0.008700000,3,1
2026-09-17,EUU,OPT,EUUU7 P1110,2027-09-03,P,1.11,0.009600000,3,1
2026-09-17,EUU,OPT,EUUU7 P1115,2027-09-03,P,1.115,0.010600000,3,
2026-09-17,EUU,OPT,EUUU7 P1120,2027-09-03,P,1.12,0.011700000,3,
2026-09-17,EUU,OPT,EUUU7 P1125,2027-09-03,P,1.125,0.012900000,3,
2026-09-17,EUU,OPT,EUUU7 P1130,2027-09-03,P,1.13,0.014300000,3,
2026-09-17,EUU,OPT,EUUU7 P1135,2027-09-03,P,1.135,0.015700000,3,
2026-09-17,EUU,OPT,EUUU7 P1140,2027-09-03,P,1.14,0.017300000,3,
2026-09-17,EUU,OPT,EUUU7 P1145,2027-09-03,P,1.145,0.019000000,3,
2026-09-17,EUU,OPT,EUUU7 P1150,2027-09-03,P,1.15,0.020900000,3,41
2026-09-17,EUU,OPT,EUUU7 P1155,2027-09-03,P,1.155,0.022900000,3,1
2026-09-17,EUU,OPT,EUUU7 P1160,2027-09-03,P,1.16,0.025100000,3,5
2026-09-17,EUU,OPT,EUUU7 P1165,2027-09-03,P,1.165,0.027500000,3,
2026-09-17,EUU,OPT,EUUU7 P1170,2027-09-03,P,1.17,0.030000000,3,1
2026-09-17,EUU,OPT,EUUU7 P1175,2027-09-03,P,1.175,0.032700000,3,
2026-09-17,EUU,OPT,EUUU7 P1180,2027-09-03,P,1.18,0.035500000,3,
2026-09-17,EUU,OPT,EUUU7 P1185,2027-09-03,P,1.185,0.038500000,3,2
2026-09-17,EUU,OPT,EUUU7 P1190,2027-09-03,P,1.19,0.041700000,3,
2026-09-17,EUU,OPT,EUUU7 P1195,2027-09-03,P,1.195,0.045000000,3,
2026-09-17,EUU,OPT,EUUU7 P1200,2027-09-03,P,1.2,0.048400000,3,4
2026-09-17,EUU,OPT,EUUU7 P1205,2027-09-03,P,1.205,0.052000000,3,
2026-09-17,EUU,OPT,EUUU7 P1210,2027-09-03,P,1.21,0.055600000,3,
2026-09-17,EUU,OPT,EUUU7 P1215,2027-09-03,P,1.215,0.059400000,3,
2026-09-17,EUU,OPT,EUUU7 P1220,2027-09-03,P,1.22,0.063300000,3,
2026-09-17,EUU,OPT,EUUU7 P1225,2027-09-03,P,1.225,0.067300000,3,
2026-09-17,EUU,OPT,EUUU7 P1230,2027-09-03,P,1.23,0.071300000,3,
2026-09-17,EUU,OPT,EUUU7 P1235,2027-09-03,P,1.235,0.075500000,3,
2026-09-17,EUU,OPT,EUUU7 P1240,2027-09-03,P,1.24,0.079600000,3,
2026-09-17,EUU,OPT,EUUU7 P1245,2027-09-03,P,1.245,0.083900000,3,
2026-09-17,EUU,OPT,EUUU7 P1250,2027-09-03,P,1.25,0.088200000,3,
2026-09-17,EUU,OPT,EUUU7 P1255,2027-09-03,P,1.255,0.092500000,3,
2026-09-17,EUU,OPT,EUUU7 P1260,2027-09-03,P,1.26,0.096900000,3,
2026-09-17,EUU,OPT,EUUU7 P1265,2027-09-03,P,1.265,0.101300000,3,
2026-09-17,EUU,OPT,EUUU7 P1270,2027-09-03,P,1.27,0.105700000,3,
2026-09-17,EUU,OPT,EUUU7 P1275,2027-09-03,P,1.275,0.110200000,3,
2026-09-17,EUU,OPT,EUUU7 P1280,2027-09-03,P,1.28,0.114700000,3,
2026-09-17,EUU,OPT,EUUU7 P1290,2027-09-03,P,1.29,0.123800000,3,
2026-09-17,EUU,OPT,EUUU7 P1300,2027-09-03,P,1.3,0.133000000,3,
2026-09-17,EUU,OPT,EUUU7 P1310,2027-09-03,P,1.31,0.142300000,3,
2026-09-17,EUU,OPT,EUUU7 P1320,2027-09-03,P,1.32,0.151600000,3,
2026-09-17,EUU,OPT,EUUU7 P1330,2027-09-03,P,1.33,0.160900000,3,
2026-09-17,EUU,OPT,EUUU7 P1340,2027-09-03,P,1.34,0.170300000,3,
2026-09-17,EUU,OPT,EUUU7 P1350,2027-09-03,P,1.35,0.179800000,3,
2026-09-17,EUU,OPT,EUUU7 P1360,2027-09-03,P,1.36,0.189200000,3,
2026-09-17,EUU,OPT,EUUU7 P1370,2027-09-03,P,1.37,0.198700000,3,
2026-09-17,EUU,OPT,EUUU7 P1380,2027-09-03,P,1.38,0.208200000,3,
2026-09-17,EUU,OPT,EUUU7 P1390,2027-09-03,P,1.39,0.217700000,3,
2026-09-17,EUU,OPT,EUUU7 P1400,2027-09-03,P,1.4,0.227200000,3,
2026-09-17,EUU,OPT,EUUU7 P1450,2027-09-03,P,1.45,0.274800000,3,
2026-09-17,EUU,OPT,EUUU7 P1500,2027-09-03,P,1.5,0.322600000,3,
2026-09-17,EUU,OPT,EUUU7 P1600,2027-09-03,P,1.6,0.418400000,3,
2026-09-17,EUU,OPT,EUUZ7 C1010,2027-12-03,C,1.01,0.153700000,3,
2026-09-17,EUU,OPT,EUUZ7 C1020,2027-12-03,C,1.02,0.144700000,3,
2026-09-17,EUU,OPT,EUUZ7 C1030,2027-12-03,C,1.03,0.135700000,3,
2026-09-17,EUU,OPT,EUUZ7 C1040,2027-12-03,C,1.04,0.126800000,3,
2026-09-17,EUU,OPT,EUUZ7 C1050,2027-12-03,C,1.05,0.118000000,3,
2026-09-17,EUU,OPT,EUUZ7 C1060,2027-12-03,C,1.06,0.109300000,3,
2026-09-17,EUU,OPT,EUUZ7 C1070,2027-12-03,C,1.07,0.100800000,3,
2026-09-17,EUU,OPT,EUUZ7 C1080,2027-12-03,C,1.08,0.092400000,3,
2026-09-17,EUU,OPT,EUUZ7 C1090,2027-12-03,C,1.09,0.084300000,3,
2026-09-17,EUU,OPT,EUUZ7 C1100,2027-12-03,C,1.1,0.076500000,3,
2026-09-17,EUU,OPT,EUUZ7 C1110,2027-12-03,C,1.11,0.068800000,3,
2026-09-17,EUU,OPT,EUUZ7 C1115,2027-12-03,C,1.115,0.065100000,3,
2026-09-17,EUU,OPT,EUUZ7 C1120,2027-12-03,C,1.12,0.061500000,3,
2026-09-17,EUU,OPT,EUUZ7 C1125,2027-12-03,C,1.125,0.058000000,3,
2026-09-17,EUU,OPT,EUUZ7 C1130,2027-12-03,C,1.13,0.054500000,3,
2026-09-17,EUU,OPT,EUUZ7 C1135,2027-12-03,C,1.135,0.051200000,3,
2026-09-17,EUU,OPT,EUUZ7 C1140,2027-12-03,C,1.14,0.048100000,3,
2026-09-17,EUU,OPT,EUUZ7 C1145,2027-12-03,C,1.145,0.045000000,3,
2026-09-17,EUU,OPT,EUUZ7 C1150,2027-12-03,C,1.15,0.042100000,3,
2026-09-17,EUU,OPT,EUUZ7 C1155,2027-12-03,C,1.155,0.039200000,3,
2026-09-17,EUU,OPT,EUUZ7 C1160,2027-12-03,C,1.16,0.036500000,3,
2026-09-17,EUU,OPT,EUUZ7 C1165,2027-12-03,C,1.165,0.034000000,3,
2026-09-17,EUU,OPT,EUUZ7 C1170,2027-12-03,C,1.17,0.031600000,3,
2026-09-17,EUU,OPT,EUUZ7 C1175,2027-12-03,C,1.175,0.029300000,3,
2026-09-17,EUU,OPT,EUUZ7 C1180,2027-12-03,C,1.18,0.027200000,3,
2026-09-17,EUU,OPT,EUUZ7 C1185,2027-12-03,C,1.185,0.025200000,3,
2026-09-17,EUU,OPT,EUUZ7 C1190,2027-12-03,C,1.19,0.023300000,3,
2026-09-17,EUU,OPT,EUUZ7 C1195,2027-12-03,C,1.195,0.021500000,3,
2026-09-17,EUU,OPT,EUUZ7 C1200,2027-12-03,C,1.2,0.019900000,3,
2026-09-17,EUU,OPT,EUUZ7 C1205,2027-12-03,C,1.205,0.018400000,3,
2026-09-17,EUU,OPT,EUUZ7 C1210,2027-12-03,C,1.21,0.017000000,3,
2026-09-17,EUU,OPT,EUUZ7 C1215,2027-12-03,C,1.215,0.015700000,3,
2026-09-17,EUU,OPT,EUUZ7 C1220,2027-12-03,C,1.22,0.014500000,3,
2026-09-17,EUU,OPT,EUUZ7 C1225,2027-12-03,C,1.225,0.013500000,3,
2026-09-17,EUU,OPT,EUUZ7 C1230,2027-12-03,C,1.23,0.012500000,3,
2026-09-17,EUU,OPT,EUUZ7 C1235,2027-12-03,C,1.235,0.011600000,3,
2026-09-17,EUU,OPT,EUUZ7 C1240,2027-12-03,C,1.24,0.010800000,3,
2026-09-17,EUU,OPT,EUUZ7 C1245,2027-12-03,C,1.245,0.010000000,3,
2026-09-17,EUU,OPT,EUUZ7 C1250,2027-12-03,C,1.25,0.009300000,3,
2026-09-17,EUU,OPT,EUUZ7 C1255,2027-12-03,C,1.255,0.008700000,3,
2026-09-17,EUU,OPT,EUUZ7 C1260,2027-12-03,C,1.26,0.008100000,3,
2026-09-17,EUU,OPT,EUUZ7 C1265,2027-12-03,C,1.265,0.007500000,3,
2026-09-17,EUU,OPT,EUUZ7 C1270,2027-12-03,C,1.27,0.007000000,3,
2026-09-17,EUU,OPT,EUUZ7 C1275,2027-12-03,C,1.275,0.006500000,3,
2026-09-17,EUU,OPT,EUUZ7 C1280,2027-12-03,C,1.28,0.006100000,3,
2026-09-17,EUU,OPT,EUUZ7 C1290,2027-12-03,C,1.29,0.005400000,3,
2026-09-17,EUU,OPT,EUUZ7 C1300,2027-12-03,C,1.3,0.004700000,3,
2026-09-17,EUU,OPT,EUUZ7 C1310,2027-12-03,C,1.31,0.004200000,3,
2026-09-17,EUU,OPT,EUUZ7 C1320,2027-12-03,C,1.32,0.003700000,3,
2026-09-17,EUU,OPT,EUUZ7 C1330,2027-12-03,C,1.33,0.003400000,3,
2026-09-17,EUU,OPT,EUUZ7 C1340,2027-12-03,C,1.34,0.003100000,3,
2026-09-17,EUU,OPT,EUUZ7 C1350,2027-12-03,C,1.35,0.002800000,3,
2026-09-17,EUU,OPT,EUUZ7 C1360,2027-12-03,C,1.36,0.002500000,3,4
2026-09-17,EUU,OPT,EUUZ7 C1370,2027-12-03,C,1.37,0.002300000,3,
2026-09-17,EUU,OPT,EUUZ7 C1380,2027-12-03,C,1.38,0.002100000,3,
2026-09-17,EUU,OPT,EUUZ7 P1010,2027-12-03,P,1.01,0.004000000,3,
2026-09-17,EUU,OPT,EUUZ7 P1020,2027-12-03,P,1.02,0.004500000,3,
2026-09-17,EUU,OPT,EUUZ7 P1030,2027-12-03,P,1.03,0.005000000,3,
2026-09-17,EUU,OPT,EUUZ7 P1040,2027-12-03,P,1.04,0.005600000,3,4
2026-09-17,EUU,OPT,EUUZ7 P1050,2027-12-03,P,1.05,0.006300000,3,
2026-09-17,EUU,OPT,EUUZ7 P1060,2027-12-03,P,1.06,0.007100000,3,215
2026-09-17,EUU,OPT,EUUZ7 P1070,2027-12-03,P,1.07,0.008000000,3,
2026-09-17,EUU,OPT,EUUZ7 P1080,2027-12-03,P,1.08,0.009100000,3,
2026-09-17,EUU,OPT,EUUZ7 P1090,2027-12-03,P,1.09,0.010500000,3,
2026-09-17,EUU,OPT,EUUZ7 P1100,2027-12-03,P,1.1,0.012100000,3,
2026-09-17,EUU,OPT,EUUZ7 P1110,2027-12-03,P,1.11,0.014000000,3,
2026-09-17,EUU,OPT,EUUZ7 P1115,2027-12-03,P,1.115,0.015000000,3,
2026-09-17,EUU,OPT,EUUZ7 P1120,2027-12-03,P,1.12,0.016100000,3,
2026-09-17,EUU,OPT,EUUZ7 P1125,2027-12-03,P,1.125,0.017300000,3,
2026-09-17,EUU,OPT,EUUZ7 P1130,2027-12-03,P,1.13,0.018600000,3,
2026-09-17,EUU,OPT,EUUZ7 P1135,2027-12-03,P,1.135,0.020100000,3,
2026-09-17,EUU,OPT,EUUZ7 P1140,2027-12-03,P,1.14,0.021600000,3,1
2026-09-17,EUU,OPT,EUUZ7 P1145,2027-12-03,P,1.145,0.023300000,3,
2026-09-17,EUU,OPT,EUUZ7 P1150,2027-12-03,P,1.15,0.025100000,3,21
2026-09-17,EUU,OPT,EUUZ7 P1155,2027-12-03,P,1.155,0.027000000,3,
2026-09-17,EUU,OPT,EUUZ7 P1160,2027-12-03,P,1.16,0.029100000,3,
2026-09-17,EUU,OPT,EUUZ7 P1165,2027-12-03,P,1.165,0.031200000,3,
2026-09-17,EUU,OPT,EUUZ7 P1170,2027-12-03,P,1.17,0.033600000,3,
2026-09-17,EUU,OPT,EUUZ7 P1175,2027-12-03,P,1.175,0.036000000,3,
2026-09-17,EUU,OPT,EUUZ7 P1180,2027-12-03,P,1.18,0.038600000,3,
2026-09-17,EUU,OPT,EUUZ7 P1185,2027-12-03,P,1.185,0.041400000,3,
2026-09-17,EUU,OPT,EUUZ7 P1190,2027-12-03,P,1.19,0.044200000,3,
2026-09-17,EUU,OPT,EUUZ7 P1195,2027-12-03,P,1.195,0.047200000,3,
2026-09-17,EUU,OPT,EUUZ7 P1200,2027-12-03,P,1.2,0.050300000,3,
2026-09-17,EUU,OPT,EUUZ7 P1205,2027-12-03,P,1.205,0.053600000,3,
2026-09-17,EUU,OPT,EUUZ7 P1210,2027-12-03,P,1.21,0.056900000,3,
2026-09-17,EUU,OPT,EUUZ7 P1215,2027-12-03,P,1.215,0.060400000,3,
2026-09-17,EUU,OPT,EUUZ7 P1220,2027-12-03,P,1.22,0.063900000,3,
2026-09-17,EUU,OPT,EUUZ7 P1225,2027-12-03,P,1.225,0.067600000,3,
2026-09-17,EUU,OPT,EUUZ7 P1230,2027-12-03,P,1.23,0.071300000,3,
2026-09-17,EUU,OPT,EUUZ7 P1235,2027-12-03,P,1.235,0.075200000,3,
2026-09-17,EUU,OPT,EUUZ7 P1240,2027-12-03,P,1.24,0.079100000,3,
2026-09-17,EUU,OPT,EUUZ7 P1245,2027-12-03,P,1.245,0.083100000,3,
2026-09-17,EUU,OPT,EUUZ7 P1250,2027-12-03,P,1.25,0.087100000,3,
2026-09-17,EUU,OPT,EUUZ7 P1255,2027-12-03,P,1.255,0.091200000,3,
2026-09-17,EUU,OPT,EUUZ7 P1260,2027-12-03,P,1.26,0.095400000,3,
2026-09-17,EUU,OPT,EUUZ7 P1265,2027-12-03,P,1.265,0.099500000,3,
2026-09-17,EUU,OPT,EUUZ7 P1270,2027-12-03,P,1.27,0.103800000,3,
2026-09-17,EUU,OPT,EUUZ7 P1275,2027-12-03,P,1.275,0.108100000,3,
2026-09-17,EUU,OPT,EUUZ7 P1280,2027-12-03,P,1.28,0.112400000,3,
2026-09-17,EUU,OPT,EUUZ7 P1290,2027-12-03,P,1.29,0.121100000,3,
2026-09-17,EUU,OPT,EUUZ7 P1300,2027-12-03,P,1.3,0.129900000,3,
2026-09-17,EUU,OPT,EUUZ7 P1310,2027-12-03,P,1.31,0.138900000,3,
2026-09-17,EUU,OPT,EUUZ7 P1320,2027-12-03,P,1.32,0.147900000,3,
2026-09-17,EUU,OPT,EUUZ7 P1330,2027-12-03,P,1.33,0.157000000,3,
2026-09-17,EUU,OPT,EUUZ7 P1340,2027-12-03,P,1.34,0.166200000,3,
2026-09-17,EUU,OPT,EUUZ7 P1350,2027-12-03,P,1.35,0.175400000,3,
2026-09-17,EUU,OPT,EUUZ7 P1360,2027-12-03,P,1.36,0.184600000,3,
2026-09-17,EUU,OPT,EUUZ7 P1370,2027-12-03,P,1.37,0.193800000,3,
2026-09-17,EUU,OPT,EUUZ7 P1380,2027-12-03,P,1.38,0.203100000,3,
2026-09-17,EUU,OPT,EUUH8 C1020,2028-03-03,C,1.02,0.145700000,3,
2026-09-17,EUU,OPT,EUUH8 C1030,2028-03-03,C,1.03,0.137000000,3,
2026-09-17,EUU,OPT,EUUH8 C1040,2028-03-03,C,1.04,0.128500000,3,
2026-09-17,EUU,OPT,EUUH8 C1050,2028-03-03,C,1.05,0.120000000,3,
2026-09-17,EUU,OPT,EUUH8 C1060,2028-03-03,C,1.06,0.111500000,3,
2026-09-17,EUU,OPT,EUUH8 C1070,2028-03-03,C,1.07,0.103100000,3,
2026-09-17,EUU,OPT,EUUH8 C1080,2028-03-03,C,1.08,0.094900000,3,
2026-09-17,EUU,OPT,EUUH8 C1090,2028-03-03,C,1.09,0.086900000,3,
2026-09-17,EUU,OPT,EUUH8 C1100,2028-03-03,C,1.1,0.079000000,3,
2026-09-17,EUU,OPT,EUUH8 C1110,2028-03-03,C,1.11,0.071400000,3,
2026-09-17,EUU,OPT,EUUH8 C1115,2028-03-03,C,1.115,0.067600000,3,
2026-09-17,EUU,OPT,EUUH8 C1120,2028-03-03,C,1.12,0.064000000,3,
2026-09-17,EUU,OPT,EUUH8 C1125,2028-03-03,C,1.125,0.060400000,3,
2026-09-17,EUU,OPT,EUUH8 C1130,2028-03-03,C,1.13,0.056900000,3,
2026-09-17,EUU,OPT,EUUH8 C1135,2028-03-03,C,1.135,0.053500000,3,
2026-09-17,EUU,OPT,EUUH8 C1140,2028-03-03,C,1.14,0.050200000,3,
2026-09-17,EUU,OPT,EUUH8 C1145,2028-03-03,C,1.145,0.047100000,3,
2026-09-17,EUU,OPT,EUUH8 C1150,2028-03-03,C,1.15,0.044100000,3,4
2026-09-17,EUU,OPT,EUUH8 C1155,2028-03-03,C,1.155,0.041200000,3,
2026-09-17,EUU,OPT,EUUH8 C1160,2028-03-03,C,1.16,0.038400000,3,
2026-09-17,EUU,OPT,EUUH8 C1165,2028-03-03,C,1.165,0.035800000,3,
2026-09-17,EUU,OPT,EUUH8 C1170,2028-03-03,C,1.17,0.033300000,3,
2026-09-17,EUU,OPT,EUUH8 C1175,2028-03-03,C,1.175,0.030900000,3,
2026-09-17,EUU,OPT,EUUH8 C1180,2028-03-03,C,1.18,0.028700000,3,
2026-09-17,EUU,OPT,EUUH8 C1185,2028-03-03,C,1.185,0.026500000,3,
2026-09-17,EUU,OPT,EUUH8 C1190,2028-03-03,C,1.19,0.024600000,3,
2026-09-17,EUU,OPT,EUUH8 C1195,2028-03-03,C,1.195,0.022700000,3,
2026-09-17,EUU,OPT,EUUH8 C1200,2028-03-03,C,1.2,0.021000000,3,
2026-09-17,EUU,OPT,EUUH8 C1205,2028-03-03,C,1.205,0.019400000,3,
2026-09-17,EUU,OPT,EUUH8 C1210,2028-03-03,C,1.21,0.018000000,3,
2026-09-17,EUU,OPT,EUUH8 C1215,2028-03-03,C,1.215,0.016600000,3,
2026-09-17,EUU,OPT,EUUH8 C1220,2028-03-03,C,1.22,0.015400000,3,
2026-09-17,EUU,OPT,EUUH8 C1225,2028-03-03,C,1.225,0.014200000,3,
2026-09-17,EUU,OPT,EUUH8 C1230,2028-03-03,C,1.23,0.013200000,3,
2026-09-17,EUU,OPT,EUUH8 C1235,2028-03-03,C,1.235,0.012300000,3,
2026-09-17,EUU,OPT,EUUH8 C1240,2028-03-03,C,1.24,0.011400000,3,
2026-09-17,EUU,OPT,EUUH8 C1245,2028-03-03,C,1.245,0.010600000,3,
2026-09-17,EUU,OPT,EUUH8 C1250,2028-03-03,C,1.25,0.009900000,3,
2026-09-17,EUU,OPT,EUUH8 C1255,2028-03-03,C,1.255,0.009200000,3,
2026-09-17,EUU,OPT,EUUH8 C1260,2028-03-03,C,1.26,0.008600000,3,
2026-09-17,EUU,OPT,EUUH8 C1270,2028-03-03,C,1.27,0.007500000,3,
2026-09-17,EUU,OPT,EUUH8 C1280,2028-03-03,C,1.28,0.006600000,3,
2026-09-17,EUU,OPT,EUUH8 C1290,2028-03-03,C,1.29,0.005900000,3,
2026-09-17,EUU,OPT,EUUH8 C1300,2028-03-03,C,1.3,0.005200000,3,
2026-09-17,EUU,OPT,EUUH8 C1310,2028-03-03,C,1.31,0.004600000,3,
2026-09-17,EUU,OPT,EUUH8 C1320,2028-03-03,C,1.32,0.004100000,3,
2026-09-17,EUU,OPT,EUUH8 C1330,2028-03-03,C,1.33,0.003700000,3,
2026-09-17,EUU,OPT,EUUH8 C1340,2028-03-03,C,1.34,0.003400000,3,
2026-09-17,EUU,OPT,EUUH8 C1350,2028-03-03,C,1.35,0.003200000,3,
2026-09-17,EUU,OPT,EUUH8 P1020,2028-03-03,P,1.02,0.003400000,3,
2026-09-17,EUU,OPT,EUUH8 P1030,2028-03-03,P,1.03,0.004100000,3,
2026-09-17,EUU,OPT,EUUH8 P1040,2028-03-03,P,1.04,0.004900000,3,
2026-09-17,EUU,OPT,EUUH8 P1050,2028-03-03,P,1.05,0.005800000,3,
2026-09-17,EUU,OPT,EUUH8 P1060,2028-03-03,P,1.06,0.006700000,3,
2026-09-17,EUU,OPT,EUUH8 P1070,2028-03-03,P,1.07,0.007700000,3,
2026-09-17,EUU,OPT,EUUH8 P1080,2028-03-03,P,1.08,0.008800000,3,
2026-09-17,EUU,OPT,EUUH8 P1090,2028-03-03,P,1.09,0.010100000,3,
2026-09-17,EUU,OPT,EUUH8 P1100,2028-03-03,P,1.1,0.011600000,3,
2026-09-17,EUU,OPT,EUUH8 P1110,2028-03-03,P,1.11,0.013400000,3,
2026-09-17,EUU,OPT,EUUH8 P1115,2028-03-03,P,1.115,0.014300000,3,
2026-09-17,EUU,OPT,EUUH8 P1120,2028-03-03,P,1.12,0.015300000,3,
2026-09-17,EUU,OPT,EUUH8 P1125,2028-03-03,P,1.125,0.016400000,3,
2026-09-17,EUU,OPT,EUUH8 P1130,2028-03-03,P,1.13,0.017600000,3,
2026-09-17,EUU,OPT,EUUH8 P1135,2028-03-03,P,1.135,0.018900000,3,
2026-09-17,EUU,OPT,EUUH8 P1140,2028-03-03,P,1.14,0.020400000,3,
2026-09-17,EUU,OPT,EUUH8 P1145,2028-03-03,P,1.145,0.021900000,3,
2026-09-17,EUU,OPT,EUUH8 P1150,2028-03-03,P,1.15,0.023600000,3,1
2026-09-17,EUU,OPT,EUUH8 P1155,2028-03-03,P,1.155,0.025300000,3,
2026-09-17,EUU,OPT,EUUH8 P1160,2028-03-03,P,1.16,0.027300000,3,1
2026-09-17,EUU,OPT,EUUH8 P1165,2028-03-03,P,1.165,0.029300000,3,
2026-09-17,EUU,OPT,EUUH8 P1170,2028-03-03,P,1.17,0.031500000,3,
2026-09-17,EUU,OPT,EUUH8 P1175,2028-03-03,P,1.175,0.033800000,3,
2026-09-17,EUU,OPT,EUUH8 P1180,2028-03-03,P,1.18,0.036200000,3,
2026-09-17,EUU,OPT,EUUH8 P1185,2028-03-03,P,1.185,0.038800000,3,
2026-09-17,EUU,OPT,EUUH8 P1190,2028-03-03,P,1.19,0.041500000,3,
2026-09-17,EUU,OPT,EUUH8 P1195,2028-03-03,P,1.195,0.044400000,3,
2026-09-17,EUU,OPT,EUUH8 P1200,2028-03-03,P,1.2,0.047400000,3,
2026-09-17,EUU,OPT,EUUH8 P1205,2028-03-03,P,1.205,0.050500000,3,
2026-09-17,EUU,OPT,EUUH8 P1210,2028-03-03,P,1.21,0.053700000,3,
2026-09-17,EUU,OPT,EUUH8 P1215,2028-03-03,P,1.215,0.057000000,3,
2026-09-17,EUU,OPT,EUUH8 P1220,2028-03-03,P,1.22,0.060400000,3,
2026-09-17,EUU,OPT,EUUH8 P1225,2028-03-03,P,1.225,0.064000000,3,
2026-09-17,EUU,OPT,EUUH8 P1230,2028-03-03,P,1.23,0.067600000,3,
2026-09-17,EUU,OPT,EUUH8 P1235,2028-03-03,P,1.235,0.071400000,3,
2026-09-17,EUU,OPT,EUUH8 P1240,2028-03-03,P,1.24,0.075200000,3,
2026-09-17,EUU,OPT,EUUH8 P1245,2028-03-03,P,1.245,0.079100000,3,
2026-09-17,EUU,OPT,EUUH8 P1250,2028-03-03,P,1.25,0.083000000,3,
2026-09-17,EUU,OPT,EUUH8 P1255,2028-03-03,P,1.255,0.087100000,3,
2026-09-17,EUU,OPT,EUUH8 P1260,2028-03-03,P,1.26,0.091100000,3,
2026-09-17,EUU,OPT,EUUH8 P1270,2028-03-03,P,1.27,0.099400000,3,
2026-09-17,EUU,OPT,EUUH8 P1280,2028-03-03,P,1.28,0.107900000,3,
2026-09-17,EUU,OPT,EUUH8 P1290,2028-03-03,P,1.29,0.116500000,3,
2026-09-17,EUU,OPT,EUUH8 P1300,2028-03-03,P,1.3,0.125200000,3,
2026-09-17,EUU,OPT,EUUH8 P1310,2028-03-03,P,1.31,0.133900000,3,
2026-09-17,EUU,OPT,EUUH8 P1320,2028-03-03,P,1.32,0.142800000,3,
2026-09-17,EUU,OPT,EUUH8 P1330,2028-03-03,P,1.33,0.151800000,3,
2026-09-17,EUU,OPT,EUUH8 P1340,2028-03-03,P,1.34,0.160900000,3,
2026-09-17,EUU,OPT,EUUH8 P1350,2028-03-03,P,1.35,0.170100000,3,
2026-09-17,EUU,OPT,EUUM8 C1020,2028-06-09,C,1.02,0.149900000,3,
2026-09-17,EUU,OPT,EUUM8 C1030,2028-06-09,C,1.03,0.141300000,3,
2026-09-17,EUU,OPT,EUUM8 C1040,2028-06-09,C,1.04,0.132800000,3,
2026-09-17,EUU,OPT,EUUM8 C1050,2028-06-09,C,1.05,0.124500000,3,
2026-09-17,EUU,OPT,EUUM8 C1060,2028-06-09,C,1.06,0.116200000,3,
2026-09-17,EUU,OPT,EUUM8 C1070,2028-06-09,C,1.07,0.108100000,3,
2026-09-17,EUU,OPT,EUUM8 C1080,2028-06-09,C,1.08,0.100100000,3,
2026-09-17,EUU,OPT,EUUM8 C1090,2028-06-09,C,1.09,0.092300000,3,
2026-09-17,EUU,OPT,EUUM8 C1100,2028-06-09,C,1.1,0.084700000,3,
2026-09-17,EUU,OPT,EUUM8 C1110,2028-06-09,C,1.11,0.077400000,3,
2026-09-17,EUU,OPT,EUUM8 C1120,2028-06-09,C,1.12,0.070300000,3,
2026-09-17,EUU,OPT,EUUM8 C1125,2028-06-09,C,1.125,0.066900000,3,
2026-09-17,EUU,OPT,EUUM8 C1130,2028-06-09,C,1.13,0.063500000,3,
2026-09-17,EUU,OPT,EUUM8 C1135,2028-06-09,C,1.135,0.060200000,3,
2026-09-17,EUU,OPT,EUUM8 C1140,2028-06-09,C,1.14,0.057000000,3,
2026-09-17,EUU,OPT,EUUM8 C1145,2028-06-09,C,1.145,0.053900000,3,
2026-09-17,EUU,OPT,EUUM8 C1150,2028-06-09,C,1.15,0.050900000,3,
2026-09-17,EUU,OPT,EUUM8 C1155,2028-06-09,C,1.155,0.048000000,3,
2026-09-17,EUU,OPT,EUUM8 C1160,2028-06-09,C,1.16,0.045200000,3,
2026-09-17,EUU,OPT,EUUM8 C1165,2028-06-09,C,1.165,0.042500000,3,
2026-09-17,EUU,OPT,EUUM8 C1170,2028-06-09,C,1.17,0.039900000,3,
2026-09-17,EUU,OPT,EUUM8 C1175,2028-06-09,C,1.175,0.037400000,3,
2026-09-17,EUU,OPT,EUUM8 C1180,2028-06-09,C,1.18,0.035100000,3,
2026-09-17,EUU,OPT,EUUM8 C1185,2028-06-09,C,1.185,0.032900000,3,
2026-09-17,EUU,OPT,EUUM8 C1190,2028-06-09,C,1.19,0.030800000,3,
2026-09-17,EUU,OPT,EUUM8 C1195,2028-06-09,C,1.195,0.028800000,3,
2026-09-17,EUU,OPT,EUUM8 C1200,2028-06-09,C,1.2,0.027000000,3,
2026-09-17,EUU,OPT,EUUM8 C1205,2028-06-09,C,1.205,0.025300000,3,
2026-09-17,EUU,OPT,EUUM8 C1210,2028-06-09,C,1.21,0.023700000,3,
2026-09-17,EUU,OPT,EUUM8 C1215,2028-06-09,C,1.215,0.022200000,3,
2026-09-17,EUU,OPT,EUUM8 C1220,2028-06-09,C,1.22,0.020800000,3,
2026-09-17,EUU,OPT,EUUM8 C1225,2028-06-09,C,1.225,0.019500000,3,
2026-09-17,EUU,OPT,EUUM8 C1230,2028-06-09,C,1.23,0.018200000,3,
2026-09-17,EUU,OPT,EUUM8 C1235,2028-06-09,C,1.235,0.017100000,3,
2026-09-17,EUU,OPT,EUUM8 C1240,2028-06-09,C,1.24,0.016100000,3,
2026-09-17,EUU,OPT,EUUM8 C1245,2028-06-09,C,1.245,0.015100000,3,
2026-09-17,EUU,OPT,EUUM8 C1250,2028-06-09,C,1.25,0.014200000,3,
2026-09-17,EUU,OPT,EUUM8 C1260,2028-06-09,C,1.26,0.012600000,3,
2026-09-17,EUU,OPT,EUUM8 C1270,2028-06-09,C,1.27,0.011200000,3,
2026-09-17,EUU,OPT,EUUM8 C1280,2028-06-09,C,1.28,0.010100000,3,
2026-09-17,EUU,OPT,EUUM8 C1290,2028-06-09,C,1.29,0.009100000,3,
2026-09-17,EUU,OPT,EUUM8 C1300,2028-06-09,C,1.3,0.008300000,3,
2026-09-17,EUU,OPT,EUUM8 C1310,2028-06-09,C,1.31,0.007600000,3,
2026-09-17,EUU,OPT,EUUM8 C1320,2028-06-09,C,1.32,0.007000000,3,
2026-09-17,EUU,OPT,EUUM8 C1330,2028-06-09,C,1.33,0.006100000,3,
2026-09-17,EUU,OPT,EUUM8 C1340,2028-06-09,C,1.34,0.005300000,3,
2026-09-17,EUU,OPT,EUUM8 P1020,2028-06-09,P,1.02,0.005400000,3,222
2026-09-17,EUU,OPT,EUUM8 P1030,2028-06-09,P,1.03,0.006100000,3,
2026-09-17,EUU,OPT,EUUM8 P1040,2028-06-09,P,1.04,0.006900000,3,
2026-09-17,EUU,OPT,EUUM8 P1050,2028-06-09,P,1.05,0.007800000,3,
2026-09-17,EUU,OPT,EUUM8 P1060,2028-06-09,P,1.06,0.008800000,3,
2026-09-17,EUU,OPT,EUUM8 P1070,2028-06-09,P,1.07,0.009900000,3,
2026-09-17,EUU,OPT,EUUM8 P1080,2028-06-09,P,1.08,0.011200000,3,
2026-09-17,EUU,OPT,EUUM8 P1090,2028-06-09,P,1.09,0.012600000,3,
2026-09-17,EUU,OPT,EUUM8 P1100,2028-06-09,P,1.1,0.014300000,3,3
2026-09-17,EUU,OPT,EUUM8 P1110,2028-06-09,P,1.11,0.016200000,3,
2026-09-17,EUU,OPT,EUUM8 P1120,2028-06-09,P,1.12,0.018400000,3,
2026-09-17,EUU,OPT,EUUM8 P1125,2028-06-09,P,1.125,0.019600000,3,
2026-09-17,EUU,OPT,EUUM8 P1130,2028-06-09,P,1.13,0.020800000,3,
2026-09-17,EUU,OPT,EUUM8 P1135,2028-06-09,P,1.135,0.022200000,3,
2026-09-17,EUU,OPT,EUUM8 P1140,2028-06-09,P,1.14,0.023600000,3,
2026-09-17,EUU,OPT,EUUM8 P1145,2028-06-09,P,1.145,0.025100000,3,
2026-09-17,EUU,OPT,EUUM8 P1150,2028-06-09,P,1.15,0.026800000,3,
2026-09-17,EUU,OPT,EUUM8 P1155,2028-06-09,P,1.155,0.028500000,3,
2026-09-17,EUU,OPT,EUUM8 P1160,2028-06-09,P,1.16,0.030300000,3,
2026-09-17,EUU,OPT,EUUM8 P1165,2028-06-09,P,1.165,0.032200000,3,
2026-09-17,EUU,OPT,EUUM8 P1170,2028-06-09,P,1.17,0.034300000,3,
2026-09-17,EUU,OPT,EUUM8 P1175,2028-06-09,P,1.175,0.036400000,3,
2026-09-17,EUU,OPT,EUUM8 P1180,2028-06-09,P,1.18,0.038700000,3,
2026-09-17,EUU,OPT,EUUM8 P1185,2028-06-09,P,1.185,0.041100000,3,
2026-09-17,EUU,OPT,EUUM8 P1190,2028-06-09,P,1.19,0.043600000,3,
2026-09-17,EUU,OPT,EUUM8 P1195,2028-06-09,P,1.195,0.046300000,3,
2026-09-17,EUU,OPT,EUUM8 P1200,2028-06-09,P,1.2,0.049100000,3,
2026-09-17,EUU,OPT,EUUM8 P1205,2028-06-09,P,1.205,0.052000000,3,
2026-09-17,EUU,OPT,EUUM8 P1210,2028-06-09,P,1.21,0.055000000,3,
2026-09-17,EUU,OPT,EUUM8 P1215,2028-06-09,P,1.215,0.058200000,3,
2026-09-17,EUU,OPT,EUUM8 P1220,2028-06-09,P,1.22,0.061400000,3,
2026-09-17,EUU,OPT,EUUM8 P1225,2028-06-09,P,1.225,0.064700000,3,
2026-09-17,EUU,OPT,EUUM8 P1230,2028-06-09,P,1.23,0.068100000,3,
2026-09-17,EUU,OPT,EUUM8 P1235,2028-06-09,P,1.235,0.071600000,3,
2026-09-17,EUU,OPT,EUUM8 P1240,2028-06-09,P,1.24,0.075200000,3,
2026-09-17,EUU,OPT,EUUM8 P1245,2028-06-09,P,1.245,0.078900000,3,
2026-09-17,EUU,OPT,EUUM8 P1250,2028-06-09,P,1.25,0.082600000,3,
2026-09-17,EUU,OPT,EUUM8 P1260,2028-06-09,P,1.26,0.090200000,3,
2026-09-17,EUU,OPT,EUUM8 P1270,2028-06-09,P,1.27,0.098100000,3,
2026-09-17,EUU,OPT,EUUM8 P1280,2028-06-09,P,1.28,0.106200000,3,
2026-09-17,EUU,OPT,EUUM8 P1290,2028-06-09,P,1.29,0.114500000,3,
2026-09-17,EUU,OPT,EUUM8 P1300,2028-06-09,P,1.3,0.123000000,3,
2026-09-17,EUU,OPT,EUUM8 P1310,2028-06-09,P,1.31,0.131500000,3,
2026-09-17,EUU,OPT,EUUM8 P1320,2028-06-09,P,1.32,0.140100000,3,
2026-09-17,EUU,OPT,EUUM8 P1330,2028-06-09,P,1.33,0.148500000,3,
2026-09-17,EUU,OPT,EUUM8 P1340,2028-06-09,P,1.34,0.157000000,3,
