session,root,type,symbol,expiry,right,strike,settle,settle_flag,oi
2026-09-24,CAU,OPT,CAUV6 C5600,2026-10-09,C,0.56,0.149800000,3,
2026-09-24,CAU,OPT,CAUV6 C5700,2026-10-09,C,0.57,0.139800000,3,
2026-09-24,CAU,OPT,CAUV6 C5800,2026-10-09,C,0.58,0.129800000,3,
2026-09-24,CAU,OPT,CAUV6 C5900,2026-10-09,C,0.59,0.119800000,3,
2026-09-24,CAU,OPT,CAUV6 C6000,2026-10-09,C,0.6,0.109800000,3,
2026-09-24,CAU,OPT,CAUV6 C6100,2026-10-09,C,0.61,0.099800000,3,
2026-09-24,CAU,OPT,CAUV6 C6200,2026-10-09,C,0.62,0.089900000,3,
2026-09-24,CAU,OPT,CAUV6 C6300,2026-10-09,C,0.63,0.079900000,3,
2026-09-24,CAU,OPT,CAUV6 C6400,2026-10-09,C,0.64,0.069900000,3,
2026-09-24,CAU,OPT,CAUV6 C6500,2026-10-09,C,0.65,0.059900000,3,
2026-09-24,CAU,OPT,CAUV6 C6600,2026-10-09,C,0.66,0.049900000,3,
2026-09-24,CAU,OPT,CAUV6 C6650,2026-10-09,C,0.665,0.044900000,3,
2026-09-24,CAU,OPT,CAUV6 C6700,2026-10-09,C,0.67,0.039900000,3,
2026-09-24,CAU,OPT,CAUV6 C6750,2026-10-09,C,0.675,0.034900000,3,
2026-09-24,CAU,OPT,CAUV6 C6800,2026-10-09,C,0.68,0.030000000,3,
2026-09-24,CAU,OPT,CAUV6 C6850,2026-10-09,C,0.685,0.025000000,3,
2026-09-24,CAU,OPT,CAUV6 C6900,2026-10-09,C,0.69,0.020000000,3,
2026-09-24,CAU,OPT,CAUV6 C6950,2026-10-09,C,0.695,0.015100000,3,
2026-09-24,CAU,OPT,CAUV6 C7000,2026-10-09,C,0.7,0.010300000,3,
2026-09-24,CAU,OPT,CAUV6 C7010,2026-10-09,C,0.701,0.000000000,1,
2026-09-24,CAU,OPT,CAUV6 C7020,2026-10-09,C,0.702,0.008500000,3,
2026-09-24,CAU,OPT,CAUV6 C7030,2026-10-09,C,0.703,0.007600000,3,
2026-09-24,CAU,OPT,CAUV6 C7040,2026-10-09,C,0.704,0.006700000,3,
2026-09-24,CAU,OPT,CAUV6 C7050,2026-10-09,C,0.705,0.005800000,3,
2026-09-24,CAU,OPT,CAUV6 C7060,2026-10-09,C,0.706,0.005000000,3,
2026-09-24,CAU,OPT,CAUV6 C7070,2026-10-09,C,0.707,0.004300000,3,
2026-09-24,CAU,OPT,CAUV6 C7080,2026-10-09,C,0.708,0.003600000,3,
2026-09-24,CAU,OPT,CAUV6 C7090,2026-10-09,C,0.709,0.003000000,3,1
2026-09-24,CAU,OPT,CAUV6 C7100,2026-10-09,C,0.71,0.002500000,3,271
2026-09-24,CAU,OPT,CAUV6 C7110,2026-10-09,C,0.711,0.002000000,3,
2026-09-24,CAU,OPT,CAUV6 C7120,2026-10-09,C,0.712,0.001600000,3,13
2026-09-24,CAU,OPT,CAUV6 C7130,2026-10-09,C,0.713,0.001300000,3,5
2026-09-24,CAU,OPT,CAUV6 C7140,2026-10-09,C,0.714,0.001000000,3,2
2026-09-24,CAU,OPT,CAUV6 C7150,2026-10-09,C,0.715,0.000800000,3,597
2026-09-24,CAU,OPT,CAUV6 C7160,2026-10-09,C,0.716,0.000600000,3,28
2026-09-24,CAU,OPT,CAUV6 C7170,2026-10-09,C,0.717,0.000450000,3,1
2026-09-24,CAU,OPT,CAUV6 C7180,2026-10-09,C,0.718,0.000350000,3,6
2026-09-24,CAU,OPT,CAUV6 C7190,2026-10-09,C,0.719,0.000250000,3,130
2026-09-24,CAU,OPT,CAUV6 C7200,2026-10-09,C,0.72,0.000200000,3,45
2026-09-24,CAU,OPT,CAUV6 C7210,2026-10-09,C,0.721,0.000150000,3,4
2026-09-24,CAU,OPT,CAUV6 C7220,2026-10-09,C,0.722,0.000150000,3,3
2026-09-24,CAU,OPT,CAUV6 C7230,2026-10-09,C,0.723,0.000100000,3,
2026-09-24,CAU,OPT,CAUV6 C7240,2026-10-09,C,0.724,0.000050000,3,2
2026-09-24,CAU,OPT,CAUV6 C7250,2026-10-09,C,0.725,0.000050000,3,181
2026-09-24,CAU,OPT,CAUV6 C7260,2026-10-09,C,0.726,0.000050000,3,26
2026-09-24,CAU,OPT,CAUV6 C7270,2026-10-09,C,0.727,0.000050000,3,25
2026-09-24,CAU,OPT,CAUV6 C7280,2026-10-09,C,0.728,0.000050000,3,
2026-09-24,CAU,OPT,CAUV6 C7290,2026-10-09,C,0.729,0.000050000,3,1
2026-09-24,CAU,OPT,CAUV6 C7300,2026-10-09,C,0.73,0.000050000,3,289
2026-09-24,CAU,OPT,CAUV6 C7310,2026-10-09,C,0.731,0.000050000,3,203
2026-09-24,CAU,OPT,CAUV6 C7320,2026-10-09,C,0.732,0.000050000,3,230
2026-09-24,CAU,OPT,CAUV6 C7330,2026-10-09,C,0.733,0.000050000,3,135
2026-09-24,CAU,OPT,CAUV6 C7340,2026-10-09,C,0.734,0.000050000,3,127
2026-09-24,CAU,OPT,CAUV6 C7350,2026-10-09,C,0.735,0.000050000,3,580
2026-09-24,CAU,OPT,CAUV6 C7360,2026-10-09,C,0.736,0.000050000,3,50
2026-09-24,CAU,OPT,CAUV6 C7370,2026-10-09,C,0.737,0.000050000,3,67
2026-09-24,CAU,OPT,CAUV6 C7380,2026-10-09,C,0.738,0.000050000,3,25
2026-09-24,CAU,OPT,CAUV6 C7390,2026-10-09,C,0.739,0.000050000,3,
2026-09-24,CAU,OPT,CAUV6 C7400,2026-10-09,C,0.74,0.000050000,3,84
2026-09-24,CAU,OPT,CAUV6 C7450,2026-10-09,C,0.745,0.000050000,3,78
2026-09-24,CAU,OPT,CAUV6 C7500,2026-10-09,C,0.75,0.000050000,3,15
2026-09-24,CAU,OPT,CAUV6 C7550,2026-10-09,C,0.755,0.000050000,3,20
2026-09-24,CAU,OPT,CAUV6 C7600,2026-10-09,C,0.76,0.000050000,3,820
2026-09-24,CAU,OPT,CAUV6 C7650,2026-10-09,C,0.765,0.000050000,3,
2026-09-24,CAU,OPT,CAUV6 C7700,2026-10-09,C,0.77,0.000050000,3,17
2026-09-24,CAU,OPT,CAUV6 C7750,2026-10-09,C,0.775,0.000050000,3,
2026-09-24,CAU,OPT,CAUV6 C7800,2026-10-09,C,0.78,0.000050000,3,
2026-09-24,CAU,OPT,CAUV6 C7850,2026-10-09,C,0.785,0.000050000,3,
2026-09-24,CAU,OPT,CAUV6 C7900,2026-10-09,C,0.79,0.000050000,3,273
2026-09-24,CAU,OPT,CAUV6 C7950,2026-10-09,C,0.795,0.000050000,3,
2026-09-24,CAU,OPT,CAUV6 C8000,2026-10-09,C,0.8,0.000050000,3,
2026-09-24,CAU,OPT,CAUV6 C8100,2026-10-09,C,0.81,0.000050000,3,
2026-09-24,CAU,OPT,CAUV6 C8200,2026-10-09,C,0.82,0.000050000,3,
2026-09-24,CAU,OPT,CAUV6 C8300,2026-10-09,C,0.83,0.000050000,3,
2026-09-24,CAU,OPT,CAUV6 C8400,2026-10-09,C,0.84,0.000050000,3,
2026-09-24,CAU,OPT,CAUV6 C8500,2026-10-09,C,0.85,0.000050000,3,
2026-09-24,CAU,OPT,CAUV6 C8600,2026-10-09,C,0.86,0.000050000,3,
2026-09-24,CAU,OPT,CAUV6 C8700,2026-10-09,C,0.87,0.000050000,3,
2026-09-24,CAU,OPT,CAUV6 C8800,2026-10-09,C,0.88,0.000050000,3,
2026-09-24,CAU,OPT,CAUV6 C8900,2026-10-09,C,0.89,0.000050000,3,
2026-09-24,CAU,OPT,CAUV6 C9000,2026-10-09,C,0.9,0.000050000,3,
2026-09-24,CAU,OPT,CAUV6 P5600,2026-10-09,P,0.56,0.000050000,3,
2026-09-24,CAU,OPT,CAUV6 P5700,2026-10-09,P,0.57,0.000050000,3,
2026-09-24,CAU,OPT,CAUV6 P5800,2026-10-09,P,0.58,0.000050000,3,
2026-09-24,CAU,OPT,CAUV6 P5900,2026-10-09,P,0.59,0.000050000,3,
2026-09-24,CAU,OPT,CAUV6 P6000,2026-10-09,P,0.6,0.000050000,3,
2026-09-24,CAU,OPT,CAUV6 P6100,2026-10-09,P,0.61,0.000050000,3,
2026-09-24,CAU,OPT,CAUV6 P6200,2026-10-09,P,0.62,0.000050000,3,
2026-09-24,CAU,OPT,CAUV6 P6300,2026-10-09,P,0.63,0.000050000,3,
2026-09-24,CAU,OPT,CAUV6 P6400,2026-10-09,P,0.64,0.000050000,3,
2026-09-24,CAU,OPT,CAUV6 P6500,2026-10-09,P,0.65,0.000050000,3,
2026-09-24,CAU,OPT,CAUV6 P6600,2026-10-09,P,0.66,0.000050000,3,
2026-09-24,CAU,OPT,CAUV6 P6650,2026-10-09,P,0.665,0.000050000,3,
2026-09-24,CAU,OPT,CAUV6 P6700,2026-10-09,P,0.67,0.000050000,3,4
2026-09-24,CAU,OPT,CAUV6 P6750,2026-10-09,P,0.675,0.000050000,3,192
2026-09-24,CAU,OPT,CAUV6 P6800,2026-10-09,P,0.68,0.000050000,3,6
2026-09-24,CAU,OPT,CAUV6 P6850,2026-10-09,P,0.685,0.000050000,3,1
2026-09-24,CAU,OPT,CAUV6 P6900,2026-10-09,P,0.69,0.000050000,3,328
2026-09-24,CAU,OPT,CAUV6 P6950,2026-10-09,P,0.695,0.000100000,3,44
2026-09-24,CAU,OPT,CAUV6 P7000,2026-10-09,P,0.7,0.000300000,3,175
2026-09-24,CAU,OPT,CAUV6 P7010,2026-10-09,P,0.701,0.000000000,1,
2026-09-24,CAU,OPT,CAUV6 P7020,2026-10-09,P,0.702,0.000450000,3,1
2026-09-24,CAU,OPT,CAUV6 P7030,2026-10-09,P,0.703,0.000600000,3,
2026-09-24,CAU,OPT,CAUV6 P7040,2026-10-09,P,0.704,0.000700000,3,
2026-09-24,CAU,OPT,CAUV6 P7050,2026-10-09,P,0.705,0.000900000,3,201
2026-09-24,CAU,OPT,CAUV6 P7060,2026-10-09,P,0.706,0.001000000,3,25
2026-09-24,CAU,OPT,CAUV6 P7070,2026-10-09,P,0.707,0.001300000,3,1
2026-09-24,CAU,OPT,CAUV6 P7080,2026-10-09,P,0.708,0.001600000,3,5
2026-09-24,CAU,OPT,CAUV6 P7090,2026-10-09,P,0.709,0.002000000,3,7
2026-09-24,CAU,OPT,CAUV6 P7100,2026-10-09,P,0.71,0.002500000,3,711
2026-09-24,CAU,OPT,CAUV6 P7110,2026-10-09,P,0.711,0.003000000,3,
2026-09-24,CAU,OPT,CAUV6 P7120,2026-10-09,P,0.712,0.003600000,3,20
2026-09-24,CAU,OPT,CAUV6 P7130,2026-10-09,P,0.713,0.004300000,3,14
2026-09-24,CAU,OPT,CAUV6 P7140,2026-10-09,P,0.714,0.005000000,3,15
2026-09-24,CAU,OPT,CAUV6 P7150,2026-10-09,P,0.715,0.005800000,3,314
2026-09-24,CAU,OPT,CAUV6 P7160,2026-10-09,P,0.716,0.006600000,3,129
2026-09-24,CAU,OPT,CAUV6 P7170,2026-10-09,P,0.717,0.007400000,3,421
2026-09-24,CAU,OPT,CAUV6 P7180,2026-10-09,P,0.718,0.008300000,3,122
2026-09-24,CAU,OPT,CAUV6 P7190,2026-10-09,P,0.719,0.009300000,3,61
2026-09-24,CAU,OPT,CAUV6 P7200,2026-10-09,P,0.72,0.010200000,3,986
2026-09-24,CAU,OPT,CAUV6 P7210,2026-10-09,P,0.721,0.011100000,3,96
2026-09-24,CAU,OPT,CAUV6 P7220,2026-10-09,P,0.722,0.012100000,3,180
2026-09-24,CAU,OPT,CAUV6 P7230,2026-10-09,P,0.723,0.013100000,3,193
2026-09-24,CAU,OPT,CAUV6 P7240,2026-10-09,P,0.724,0.014000000,3,176
2026-09-24,CAU,OPT,CAUV6 P7250,2026-10-09,P,0.725,0.015000000,3,351
2026-09-24,CAU,OPT,CAUV6 P7260,2026-10-09,P,0.726,0.016000000,3,167
2026-09-24,CAU,OPT,CAUV6 P7270,2026-10-09,P,0.727,0.017000000,3,
2026-09-24,CAU,OPT,CAUV6 P7280,2026-10-09,P,0.728,0.018000000,3,
2026-09-24,CAU,OPT,CAUV6 P7290,2026-10-09,P,0.729,0.019000000,3,
2026-09-24,CAU,OPT,CAUV6 P7300,2026-10-09,P,0.73,0.020000000,3,26
2026-09-24,CAU,OPT,CAUV6 P7310,2026-10-09,P,0.731,0.021000000,3,
2026-09-24,CAU,OPT,CAUV6 P7320,2026-10-09,P,0.732,0.022000000,3,
2026-09-24,CAU,OPT,CAUV6 P7330,2026-10-09,P,0.733,0.023000000,3,
2026-09-24,CAU,OPT,CAUV6 P7340,2026-10-09,P,0.734,0.024000000,3,
2026-09-24,CAU,OPT,CAUV6 P7350,2026-10-09,P,0.735,0.025000000,3,5
2026-09-24,CAU,OPT,CAUV6 P7360,2026-10-09,P,0.736,0.026000000,3,
2026-09-24,CAU,OPT,CAUV6 P7370,2026-10-09,P,0.737,0.027000000,3,
2026-09-24,CAU,OPT,CAUV6 P7380,2026-10-09,P,0.738,0.028000000,3,
2026-09-24,CAU,OPT,CAUV6 P7390,2026-10-09,P,0.739,0.029000000,3,
2026-09-24,CAU,OPT,CAUV6 P7400,2026-10-09,P,0.74,0.030000000,3,4
2026-09-24,CAU,OPT,CAUV6 P7450,2026-10-09,P,0.745,0.034900000,3,160
2026-09-24,CAU,OPT,CAUV6 P7500,2026-10-09,P,0.75,0.039900000,3,
2026-09-24,CAU,OPT,CAUV6 P7550,2026-10-09,P,0.755,0.044900000,3,
2026-09-24,CAU,OPT,CAUV6 P7600,2026-10-09,P,0.76,0.049900000,3,
2026-09-24,CAU,OPT,CAUV6 P7650,2026-10-09,P,0.765,0.054900000,3,2
2026-09-24,CAU,OPT,CAUV6 P7700,2026-10-09,P,0.77,0.059900000,3,
2026-09-24,CAU,OPT,CAUV6 P7750,2026-10-09,P,0.775,0.064900000,3,
2026-09-24,CAU,OPT,CAUV6 P7800,2026-10-09,P,0.78,0.069900000,3,
2026-09-24,CAU,OPT,CAUV6 P7850,2026-10-09,P,0.785,0.074900000,3,
2026-09-24,CAU,OPT,CAUV6 P7900,2026-10-09,P,0.79,0.079900000,3,
2026-09-24,CAU,OPT,CAUV6 P7950,2026-10-09,P,0.795,0.084900000,3,
2026-09-24,CAU,OPT,CAUV6 P8000,2026-10-09,P,0.8,0.089900000,3,
2026-09-24,CAU,OPT,CAUV6 P8100,2026-10-09,P,0.81,0.099800000,3,
2026-09-24,CAU,OPT,CAUV6 P8200,2026-10-09,P,0.82,0.109800000,3,
2026-09-24,CAU,OPT,CAUV6 P8300,2026-10-09,P,0.83,0.119800000,3,
2026-09-24,CAU,OPT,CAUV6 P8400,2026-10-09,P,0.84,0.129800000,3,
2026-09-24,CAU,OPT,CAUV6 P8500,2026-10-09,P,0.85,0.139800000,3,
2026-09-24,CAU,OPT,CAUV6 P8600,2026-10-09,P,0.86,0.149800000,3,
2026-09-24,CAU,OPT,CAUV6 P8700,2026-10-09,P,0.87,0.159700000,3,
2026-09-24,CAU,OPT,CAUV6 P8800,2026-10-09,P,0.88,0.169700000,3,
2026-09-24,CAU,OPT,CAUV6 P8900,2026-10-09,P,0.89,0.179700000,3,
2026-09-24,CAU,OPT,CAUV6 P9000,2026-10-09,P,0.9,0.189700000,3,
2026-09-24,CAU,OPT,CAUX6 C5600,2026-11-06,C,0.56,0.149300000,3,
2026-09-24,CAU,OPT,CAUX6 C5700,2026-11-06,C,0.57,0.139400000,3,
2026-09-24,CAU,OPT,CAUX6 C5800,2026-11-06,C,0.58,0.129400000,3,
2026-09-24,CAU,OPT,CAUX6 C5900,2026-11-06,C,0.59,0.119400000,3,
2026-09-24,CAU,OPT,CAUX6 C6000,2026-11-06,C,0.6,0.109500000,3,
2026-09-24,CAU,OPT,CAUX6 C6100,2026-11-06,C,0.61,0.099500000,3,
2026-09-24,CAU,OPT,CAUX6 C6200,2026-11-06,C,0.62,0.089600000,3,
2026-09-24,CAU,OPT,CAUX6 C6300,2026-11-06,C,0.63,0.079600000,3,
2026-09-24,CAU,OPT,CAUX6 C6400,2026-11-06,C,0.64,0.069700000,3,
2026-09-24,CAU,OPT,CAUX6 C6500,2026-11-06,C,0.65,0.059700000,3,
2026-09-24,CAU,OPT,CAUX6 C6600,2026-11-06,C,0.66,0.049800000,3,
2026-09-24,CAU,OPT,CAUX6 C6650,2026-11-06,C,0.665,0.044800000,3,
2026-09-24,CAU,OPT,CAUX6 C6700,2026-11-06,C,0.67,0.039800000,3,
2026-09-24,CAU,OPT,CAUX6 C6750,2026-11-06,C,0.675,0.034900000,3,
2026-09-24,CAU,OPT,CAUX6 C6800,2026-11-06,C,0.68,0.030000000,3,3
2026-09-24,CAU,OPT,CAUX6 C6850,2026-11-06,C,0.685,0.025100000,3,
2026-09-24,CAU,OPT,CAUX6 C6900,2026-11-06,C,0.69,0.020300000,3,
2026-09-24,CAU,OPT,CAUX6 C6950,2026-11-06,C,0.695,0.015600000,3,1
2026-09-24,CAU,OPT,CAUX6 C7000,2026-11-06,C,0.7,0.011200000,3,1
2026-09-24,CAU,OPT,CAUX6 C7050,2026-11-06,C,0.705,0.007300000,3,2500
2026-09-24,CAU,OPT,CAUX6 C7100,2026-11-06,C,0.71,0.004300000,3,2516
2026-09-24,CAU,OPT,CAUX6 C7150,2026-11-06,C,0.715,0.002300000,3,98
2026-09-24,CAU,OPT,CAUX6 C7200,2026-11-06,C,0.72,0.001100000,3,68
2026-09-24,CAU,OPT,CAUX6 C7250,2026-11-06,C,0.725,0.000500000,3,74
2026-09-24,CAU,OPT,CAUX6 C7300,2026-11-06,C,0.73,0.000250000,3,393
2026-09-24,CAU,OPT,CAUX6 C7350,2026-11-06,C,0.735,0.000100000,3,245
2026-09-24,CAU,OPT,CAUX6 C7400,2026-11-06,C,0.74,0.000050000,3,419
2026-09-24,CAU,OPT,CAUX6 C7450,2026-11-06,C,0.745,0.000050000,3,36
2026-09-24,CAU,OPT,CAUX6 C7500,2026-11-06,C,0.75,0.000050000,3,60
2026-09-24,CAU,OPT,CAUX6 C7550,2026-11-06,C,0.755,0.000050000,3,58
2026-09-24,CAU,OPT,CAUX6 C7600,2026-11-06,C,0.76,0.000050000,3,17
2026-09-24,CAU,OPT,CAUX6 C7650,2026-11-06,C,0.765,0.000050000,3,16
2026-09-24,CAU,OPT,CAUX6 C7700,2026-11-06,C,0.77,0.000050000,3,16
2026-09-24,CAU,OPT,CAUX6 C7750,2026-11-06,C,0.775,0.000050000,3,16
2026-09-24,CAU,OPT,CAUX6 C7800,2026-11-06,C,0.78,0.000050000,3,
2026-09-24,CAU,OPT,CAUX6 C7850,2026-11-06,C,0.785,0.000050000,3,
2026-09-24,CAU,OPT,CAUX6 C7900,2026-11-06,C,0.79,0.000050000,3,1
2026-09-24,CAU,OPT,CAUX6 C7950,2026-11-06,C,0.795,0.000050000,3,
2026-09-24,CAU,OPT,CAUX6 C8000,2026-11-06,C,0.8,0.000050000,3,16
2026-09-24,CAU,OPT,CAUX6 C8100,2026-11-06,C,0.81,0.000050000,3,
2026-09-24,CAU,OPT,CAUX6 C8200,2026-11-06,C,0.82,0.000050000,3,
2026-09-24,CAU,OPT,CAUX6 C8300,2026-11-06,C,0.83,0.000050000,3,
2026-09-24,CAU,OPT,CAUX6 C8400,2026-11-06,C,0.84,0.000050000,3,
2026-09-24,CAU,OPT,CAUX6 C8500,2026-11-06,C,0.85,0.000050000,3,
2026-09-24,CAU,OPT,CAUX6 C8600,2026-11-06,C,0.86,0.000050000,3,
2026-09-24,CAU,OPT,CAUX6 C8700,2026-11-06,C,0.87,0.000050000,3,
2026-09-24,CAU,OPT,CAUX6 C8800,2026-11-06,C,0.88,0.000050000,3,
2026-09-24,CAU,OPT,CAUX6 C8900,2026-11-06,C,0.89,0.000050000,3,
2026-09-24,CAU,OPT,CAUX6 C9000,2026-11-06,C,0.9,0.000050000,3,
2026-09-24,CAU,OPT,CAUX6 P5600,2026-11-06,P,0.56,0.000050000,3,
2026-09-24,CAU,OPT,CAUX6 P5700,2026-11-06,P,0.57,0.000050000,3,
2026-09-24,CAU,OPT,CAUX6 P5800,2026-11-06,P,0.58,0.000050000,3,
2026-09-24,CAU,OPT,CAUX6 P5900,2026-11-06,P,0.59,0.000050000,3,
2026-09-24,CAU,OPT,CAUX6 P6000,2026-11-06,P,0.6,0.000050000,3,
2026-09-24,CAU,OPT,CAUX6 P6100,2026-11-06,P,0.61,0.000050000,3,
2026-09-24,CAU,OPT,CAUX6 P6200,2026-11-06,P,0.62,0.000050000,3,
2026-09-24,CAU,OPT,CAUX6 P6300,2026-11-06,P,0.63,0.000050000,3,
2026-09-24,CAU,OPT,CAUX6 P6400,2026-11-06,P,0.64,0.000050000,3,
2026-09-24,CAU,OPT,CAUX6 P6500,2026-11-06,P,0.65,0.000050000,3,
2026-09-24,CAU,OPT,CAUX6 P6600,2026-11-06,P,0.66,0.000050000,3,6
2026-09-24,CAU,OPT,CAUX6 P6650,2026-11-06,P,0.665,0.000050000,3,
2026-09-24,CAU,OPT,CAUX6 P6700,2026-11-06,P,0.67,0.000050000,3,
2026-09-24,CAU,OPT,CAUX6 P6750,2026-11-06,P,0.675,0.000050000,3,1
2026-09-24,CAU,OPT,CAUX6 P6800,2026-11-06,P,0.68,0.000100000,3,
2026-09-24,CAU,OPT,CAUX6 P6850,2026-11-06,P,0.685,0.000200000,3,17
2026-09-24,CAU,OPT,CAUX6 P6900,2026-11-06,P,0.69,0.000350000,3,3
2026-09-24,CAU,OPT,CAUX6 P6950,2026-11-06,P,0.695,0.000600000,3,353
2026-09-24,CAU,OPT,CAUX6 P7000,2026-11-06,P,0.7,0.001200000,3,42
2026-09-24,CAU,OPT,CAUX6 P7050,2026-11-06,P,0.705,0.002300000,3,100
2026-09-24,CAU,OPT,CAUX6 P7100,2026-11-06,P,0.71,0.004300000,3,181
2026-09-24,CAU,OPT,CAUX6 P7150,2026-11-06,P,0.715,0.007200000,3,143
2026-09-24,CAU,OPT,CAUX6 P7200,2026-11-06,P,0.72,0.011100000,3,210
2026-09-24,CAU,OPT,CAUX6 P7250,2026-11-06,P,0.725,0.015500000,3,185
2026-09-24,CAU,OPT,CAUX6 P7300,2026-11-06,P,0.73,0.020200000,3,57
2026-09-24,CAU,OPT,CAUX6 P7350,2026-11-06,P,0.735,0.025000000,3,3
2026-09-24,CAU,OPT,CAUX6 P7400,2026-11-06,P,0.74,0.029900000,3,7
2026-09-24,CAU,OPT,CAUX6 P7450,2026-11-06,P,0.745,0.034900000,3,43
2026-09-24,CAU,OPT,CAUX6 P7500,2026-11-06,P,0.75,0.039800000,3,
2026-09-24,CAU,OPT,CAUX6 P7550,2026-11-06,P,0.755,0.044800000,3,
2026-09-24,CAU,OPT,CAUX6 P7600,2026-11-06,P,0.76,0.049800000,3,
2026-09-24,CAU,OPT,CAUX6 P7650,2026-11-06,P,0.765,0.054700000,3,
2026-09-24,CAU,OPT,CAUX6 P7700,2026-11-06,P,0.77,0.059700000,3,
2026-09-24,CAU,OPT,CAUX6 P7750,2026-11-06,P,0.775,0.064700000,3,
2026-09-24,CAU,OPT,CAUX6 P7800,2026-11-06,P,0.78,0.069700000,3,
2026-09-24,CAU,OPT,CAUX6 P7850,2026-11-06,P,0.785,0.074700000,3,
2026-09-24,CAU,OPT,CAUX6 P7900,2026-11-06,P,0.79,0.079600000,3,
2026-09-24,CAU,OPT,CAUX6 P7950,2026-11-06,P,0.795,0.084600000,3,
2026-09-24,CAU,OPT,CAUX6 P8000,2026-11-06,P,0.8,0.089600000,3,
2026-09-24,CAU,OPT,CAUX6 P8100,2026-11-06,P,0.81,0.099500000,3,
2026-09-24,CAU,OPT,CAUX6 P8200,2026-11-06,P,0.82,0.109500000,3,
2026-09-24,CAU,OPT,CAUX6 P8300,2026-11-06,P,0.83,0.119400000,3,
2026-09-24,CAU,OPT,CAUX6 P8400,2026-11-06,P,0.84,0.129400000,3,
2026-09-24,CAU,OPT,CAUX6 P8500,2026-11-06,P,0.85,0.139400000,3,
2026-09-24,CAU,OPT,CAUX6 P8600,2026-11-06,P,0.86,0.149300000,3,
2026-09-24,CAU,OPT,CAUX6 P8700,2026-11-06,P,0.87,0.159300000,3,
2026-09-24,CAU,OPT,CAUX6 P8800,2026-11-06,P,0.88,0.169200000,3,
2026-09-24,CAU,OPT,CAUX6 P8900,2026-11-06,P,0.89,0.179200000,3,
2026-09-24,CAU,OPT,CAUX6 P9000,2026-11-06,P,0.9,0.189100000,3,
2026-09-24,CAU,OPT,CAUZ6 C5600,2026-12-04,C,0.56,0.148800000,3,
2026-09-24,CAU,OPT,CAUZ6 C5700,2026-12-04,C,0.57,0.138900000,3,
2026-09-24,CAU,OPT,CAUZ6 C5800,2026-12-04,C,0.58,0.129000000,3,
2026-09-24,CAU,OPT,CAUZ6 C5900,2026-12-04,C,0.59,0.119100000,3,
2026-09-24,CAU,OPT,CAUZ6 C6000,2026-12-04,C,0.6,0.109200000,3,
2026-09-24,CAU,OPT,CAUZ6 C6100,2026-12-04,C,0.61,0.099200000,3,
2026-09-24,CAU,OPT,CAUZ6 C6200,2026-12-04,C,0.62,0.089300000,3,
2026-09-24,CAU,OPT,CAUZ6 C6300,2026-12-04,C,0.63,0.079400000,3,
2026-09-24,CAU,OPT,CAUZ6 C6400,2026-12-04,C,0.64,0.069500000,3,
2026-09-24,CAU,OPT,CAUZ6 C6500,2026-12-04,C,0.65,0.059600000,3,
2026-09-24,CAU,OPT,CAUZ6 C6600,2026-12-04,C,0.66,0.049700000,3,1
2026-09-24,CAU,OPT,CAUZ6 C6650,2026-12-04,C,0.665,0.044700000,3,2
2026-09-24,CAU,OPT,CAUZ6 C6700,2026-12-04,C,0.67,0.039800000,3,
2026-09-24,CAU,OPT,CAUZ6 C6750,2026-12-04,C,0.675,0.034900000,3,
2026-09-24,CAU,OPT,CAUZ6 C6800,2026-12-04,C,0.68,0.030000000,3,3
2026-09-24,CAU,OPT,CAUZ6 C6850,2026-12-04,C,0.685,0.025300000,3,
2026-09-24,CAU,OPT,CAUZ6 C6900,2026-12-04,C,0.69,0.020600000,3,
2026-09-24,CAU,OPT,CAUZ6 C6950,2026-12-04,C,0.695,0.016100000,3,1
2026-09-24,CAU,OPT,CAUZ6 C7000,2026-12-04,C,0.7,0.012000000,3,5001
2026-09-24,CAU,OPT,CAUZ6 C7050,2026-12-04,C,0.705,0.008300000,3,25
2026-09-24,CAU,OPT,CAUZ6 C7100,2026-12-04,C,0.71,0.005400000,3,5037
2026-09-24,CAU,OPT,CAUZ6 C7150,2026-12-04,C,0.715,0.003300000,3,32
2026-09-24,CAU,OPT,CAUZ6 C7200,2026-12-04,C,0.72,0.002000000,3,249
2026-09-24,CAU,OPT,CAUZ6 C7250,2026-12-04,C,0.725,0.001100000,3,484
2026-09-24,CAU,OPT,CAUZ6 C7300,2026-12-04,C,0.73,0.000600000,3,517
2026-09-24,CAU,OPT,CAUZ6 C7350,2026-12-04,C,0.735,0.000350000,3,516
2026-09-24,CAU,OPT,CAUZ6 C7400,2026-12-04,C,0.74,0.000250000,3,514
2026-09-24,CAU,OPT,CAUZ6 C7450,2026-12-04,C,0.745,0.000150000,3,19
2026-09-24,CAU,OPT,CAUZ6 C7500,2026-12-04,C,0.75,0.000100000,3,110
2026-09-24,CAU,OPT,CAUZ6 C7550,2026-12-04,C,0.755,0.000050000,3,21
2026-09-24,CAU,OPT,CAUZ6 C7600,2026-12-04,C,0.76,0.000050000,3,1734
2026-09-24,CAU,OPT,CAUZ6 C7650,2026-12-04,C,0.765,0.000050000,3,18
2026-09-24,CAU,OPT,CAUZ6 C7700,2026-12-04,C,0.77,0.000050000,3,20
2026-09-24,CAU,OPT,CAUZ6 C7750,2026-12-04,C,0.775,0.000050000,3,111
2026-09-24,CAU,OPT,CAUZ6 C7800,2026-12-04,C,0.78,0.000050000,3,45
2026-09-24,CAU,OPT,CAUZ6 C7850,2026-12-04,C,0.785,0.000050000,3,
2026-09-24,CAU,OPT,CAUZ6 C7900,2026-12-04,C,0.79,0.000050000,3,20
2026-09-24,CAU,OPT,CAUZ6 C7950,2026-12-04,C,0.795,0.000050000,3,
2026-09-24,CAU,OPT,CAUZ6 C8000,2026-12-04,C,0.8,0.000050000,3,46
2026-09-24,CAU,OPT,CAUZ6 C8050,2026-12-04,C,0.805,0.000050000,3,
2026-09-24,CAU,OPT,CAUZ6 C8100,2026-12-04,C,0.81,0.000050000,3,
2026-09-24,CAU,OPT,CAUZ6 C8200,2026-12-04,C,0.82,0.000050000,3,
2026-09-24,CAU,OPT,CAUZ6 C8300,2026-12-04,C,0.83,0.000050000,3,4
2026-09-24,CAU,OPT,CAUZ6 C8400,2026-12-04,C,0.84,0.000050000,3,
2026-09-24,CAU,OPT,CAUZ6 C8500,2026-12-04,C,0.85,0.000050000,3,
2026-09-24,CAU,OPT,CAUZ6 C8600,2026-12-04,C,0.86,0.000050000,3,
2026-09-24,CAU,OPT,CAUZ6 C8700,2026-12-04,C,0.87,0.000050000,3,
2026-09-24,CAU,OPT,CAUZ6 C8800,2026-12-04,C,0.88,0.000050000,3,
2026-09-24,CAU,OPT,CAUZ6 C8900,2026-12-04,C,0.89,0.000050000,3,
2026-09-24,CAU,OPT,CAUZ6 C9000,2026-12-04,C,0.9,0.000050000,3,
2026-09-24,CAU,OPT,CAUZ6 P5600,2026-12-04,P,0.56,0.000050000,3,
2026-09-24,CAU,OPT,CAUZ6 P5700,2026-12-04,P,0.57,0.000050000,3,
2026-09-24,CAU,OPT,CAUZ6 P5800,2026-12-04,P,0.58,0.000050000,3,
2026-09-24,CAU,OPT,CAUZ6 P5900,2026-12-04,P,0.59,0.000050000,3,
2026-09-24,CAU,OPT,CAUZ6 P6000,2026-12-04,P,0.6,0.000050000,3,
2026-09-24,CAU,OPT,CAUZ6 P6100,2026-12-04,P,0.61,0.000050000,3,
2026-09-24,CAU,OPT,CAUZ6 P6200,2026-12-04,P,0.62,0.000050000,3,1
2026-09-24,CAU,OPT,CAUZ6 P6300,2026-12-04,P,0.63,0.000050000,3,51
2026-09-24,CAU,OPT,CAUZ6 P6400,2026-12-04,P,0.64,0.000050000,3,1
2026-09-24,CAU,OPT,CAUZ6 P6500,2026-12-04,P,0.65,0.000050000,3,1
2026-09-24,CAU,OPT,CAUZ6 P6600,2026-12-04,P,0.66,0.000050000,3,
2026-09-24,CAU,OPT,CAUZ6 P6650,2026-12-04,P,0.665,0.000100000,3,200
2026-09-24,CAU,OPT,CAUZ6 P6700,2026-12-04,P,0.67,0.000100000,3,8
2026-09-24,CAU,OPT,CAUZ6 P6750,2026-12-04,P,0.675,0.000200000,3,48
2026-09-24,CAU,OPT,CAUZ6 P6800,2026-12-04,P,0.68,0.000300000,3,3
2026-09-24,CAU,OPT,CAUZ6 P6850,2026-12-04,P,0.685,0.000450000,3,56
2026-09-24,CAU,OPT,CAUZ6 P6900,2026-12-04,P,0.69,0.000800000,3,47
2026-09-24,CAU,OPT,CAUZ6 P6950,2026-12-04,P,0.695,0.001200000,3,795
2026-09-24,CAU,OPT,CAUZ6 P7000,2026-12-04,P,0.7,0.002000000,3,577
2026-09-24,CAU,OPT,CAUZ6 P7050,2026-12-04,P,0.705,0.003400000,3,79
2026-09-24,CAU,OPT,CAUZ6 P7100,2026-12-04,P,0.71,0.005400000,3,666
2026-09-24,CAU,OPT,CAUZ6 P7150,2026-12-04,P,0.715,0.008300000,3,269
2026-09-24,CAU,OPT,CAUZ6 P7200,2026-12-04,P,0.72,0.011900000,3,361
2026-09-24,CAU,OPT,CAUZ6 P7250,2026-12-04,P,0.725,0.016000000,3,205
2026-09-24,CAU,OPT,CAUZ6 P7300,2026-12-04,P,0.73,0.020400000,3,278
2026-09-24,CAU,OPT,CAUZ6 P7350,2026-12-04,P,0.735,0.025200000,3,26
2026-09-24,CAU,OPT,CAUZ6 P7400,2026-12-04,P,0.74,0.030000000,3,3
2026-09-24,CAU,OPT,CAUZ6 P7450,2026-12-04,P,0.745,0.034900000,3,1
2026-09-24,CAU,OPT,CAUZ6 P7500,2026-12-04,P,0.75,0.039800000,3,
2026-09-24,CAU,OPT,CAUZ6 P7550,2026-12-04,P,0.755,0.044700000,3,
2026-09-24,CAU,OPT,CAUZ6 P7600,2026-12-04,P,0.76,0.049700000,3,3
2026-09-24,CAU,OPT,CAUZ6 P7650,2026-12-04,P,0.765,0.054600000,3,
2026-09-24,CAU,OPT,CAUZ6 P7700,2026-12-04,P,0.77,0.059500000,3,
2026-09-24,CAU,OPT,CAUZ6 P7750,2026-12-04,P,0.775,0.064500000,3,1
2026-09-24,CAU,OPT,CAUZ6 P7800,2026-12-04,P,0.78,0.069500000,3,
2026-09-24,CAU,OPT,CAUZ6 P7850,2026-12-04,P,0.785,0.074400000,3,
2026-09-24,CAU,OPT,CAUZ6 P7900,2026-12-04,P,0.79,0.079400000,3,
2026-09-24,CAU,OPT,CAUZ6 P7950,2026-12-04,P,0.795,0.084300000,3,
2026-09-24,CAU,OPT,CAUZ6 P8000,2026-12-04,P,0.8,0.089300000,3,
2026-09-24,CAU,OPT,CAUZ6 P8050,2026-12-04,P,0.805,0.094300000,3,
2026-09-24,CAU,OPT,CAUZ6 P8100,2026-12-04,P,0.81,0.099200000,3,
2026-09-24,CAU,OPT,CAUZ6 P8200,2026-12-04,P,0.82,0.109200000,3,
2026-09-24,CAU,OPT,CAUZ6 P8300,2026-12-04,P,0.83,0.119100000,3,
2026-09-24,CAU,OPT,CAUZ6 P8400,2026-12-04,P,0.84,0.129000000,3,
2026-09-24,CAU,OPT,CAUZ6 P8500,2026-12-04,P,0.85,0.138900000,3,
2026-09-24,CAU,OPT,CAUZ6 P8600,2026-12-04,P,0.86,0.148800000,3,
2026-09-24,CAU,OPT,CAUZ6 P8700,2026-12-04,P,0.87,0.158800000,3,
2026-09-24,CAU,OPT,CAUZ6 P8800,2026-12-04,P,0.88,0.168700000,3,
2026-09-24,CAU,OPT,CAUZ6 P8900,2026-12-04,P,0.89,0.178600000,3,
2026-09-24,CAU,OPT,CAUZ6 P9000,2026-12-04,P,0.9,0.188500000,3,
2026-09-24,CAU,OPT,CAUF7 C5600,2027-01-08,C,0.56,0.151400000,3,
2026-09-24,CAU,OPT,CAUF7 C5700,2027-01-08,C,0.57,0.141500000,3,
2026-09-24,CAU,OPT,CAUF7 C5800,2027-01-08,C,0.58,0.131600000,3,
2026-09-24,CAU,OPT,CAUF7 C5900,2027-01-08,C,0.59,0.121800000,3,
2026-09-24,CAU,OPT,CAUF7 C6000,2027-01-08,C,0.6,0.111900000,3,
2026-09-24,CAU,OPT,CAUF7 C6100,2027-01-08,C,0.61,0.102000000,3,
2026-09-24,CAU,OPT,CAUF7 C6200,2027-01-08,C,0.62,0.092100000,3,
2026-09-24,CAU,OPT,CAUF7 C6300,2027-01-08,C,0.63,0.082200000,3,
2026-09-24,CAU,OPT,CAUF7 C6400,2027-01-08,C,0.64,0.072400000,3,
2026-09-24,CAU,OPT,CAUF7 C6500,2027-01-08,C,0.65,0.062500000,3,
2026-09-24,CAU,OPT,CAUF7 C6600,2027-01-08,C,0.66,0.052700000,3,
2026-09-24,CAU,OPT,CAUF7 C6650,2027-01-08,C,0.665,0.047800000,3,
2026-09-24,CAU,OPT,CAUF7 C6700,2027-01-08,C,0.67,0.042900000,3,
2026-09-24,CAU,OPT,CAUF7 C6750,2027-01-08,C,0.675,0.038100000,3,
2026-09-24,CAU,OPT,CAUF7 C6800,2027-01-08,C,0.68,0.033200000,3,
2026-09-24,CAU,OPT,CAUF7 C6850,2027-01-08,C,0.685,0.028500000,3,
2026-09-24,CAU,OPT,CAUF7 C6900,2027-01-08,C,0.69,0.023900000,3,
2026-09-24,CAU,OPT,CAUF7 C6950,2027-01-08,C,0.695,0.019500000,3,
2026-09-24,CAU,OPT,CAUF7 C7000,2027-01-08,C,0.7,0.015300000,3,
2026-09-24,CAU,OPT,CAUF7 C7050,2027-01-08,C,0.705,0.011600000,3,
2026-09-24,CAU,OPT,CAUF7 C7100,2027-01-08,C,0.71,0.008400000,3,1
2026-09-24,CAU,OPT,CAUF7 C7150,2027-01-08,C,0.715,0.005700000,3,28
2026-09-24,CAU,OPT,CAUF7 C7200,2027-01-08,C,0.72,0.003800000,3,72
2026-09-24,CAU,OPT,CAUF7 C7250,2027-01-08,C,0.725,0.002500000,3,
2026-09-24,CAU,OPT,CAUF7 C7300,2027-01-08,C,0.73,0.001600000,3,19
2026-09-24,CAU,OPT,CAUF7 C7350,2027-01-08,C,0.735,0.001000000,3,200
2026-09-24,CAU,OPT,CAUF7 C7400,2027-01-08,C,0.74,0.000600000,3,70
2026-09-24,CAU,OPT,CAUF7 C7450,2027-01-08,C,0.745,0.000400000,3,87
2026-09-24,CAU,OPT,CAUF7 C7500,2027-01-08,C,0.75,0.000300000,3,20
2026-09-24,CAU,OPT,CAUF7 C7550,2027-01-08,C,0.755,0.000200000,3,18
2026-09-24,CAU,OPT,CAUF7 C7600,2027-01-08,C,0.76,0.000150000,3,2
2026-09-24,CAU,OPT,CAUF7 C7650,2027-01-08,C,0.765,0.000100000,3,50
2026-09-24,CAU,OPT,CAUF7 C7700,2027-01-08,C,0.77,0.000050000,3,2
2026-09-24,CAU,OPT,CAUF7 C7750,2027-01-08,C,0.775,0.000050000,3,
2026-09-24,CAU,OPT,CAUF7 C7800,2027-01-08,C,0.78,0.000050000,3,2
2026-09-24,CAU,OPT,CAUF7 C7850,2027-01-08,C,0.785,0.000050000,3,10
2026-09-24,CAU,OPT,CAUF7 C7900,2027-01-08,C,0.79,0.000050000,3,2
2026-09-24,CAU,OPT,CAUF7 C7950,2027-01-08,C,0.795,0.000050000,3,
2026-09-24,CAU,OPT,CAUF7 C8000,2027-01-08,C,0.8,0.000050000,3,3010
2026-09-24,CAU,OPT,CAUF7 C8100,2027-01-08,C,0.81,0.000050000,3,
2026-09-24,CAU,OPT,CAUF7 C8200,2027-01-08,C,0.82,0.000050000,3,61
2026-09-24,CAU,OPT,CAUF7 C8300,2027-01-08,C,0.83,0.000050000,3,
2026-09-24,CAU,OPT,CAUF7 C8400,2027-01-08,C,0.84,0.000050000,3,
2026-09-24,CAU,OPT,CAUF7 C8500,2027-01-08,C,0.85,0.000050000,3,
2026-09-24,CAU,OPT,CAUF7 C8600,2027-01-08,C,0.86,0.000050000,3,
2026-09-24,CAU,OPT,CAUF7 C8700,2027-01-08,C,0.87,0.000050000,3,
2026-09-24,CAU,OPT,CAUF7 C8800,2027-01-08,C,0.88,0.000050000,3,
2026-09-24,CAU,OPT,CAUF7 C8900,2027-01-08,C,0.89,0.000050000,3,
2026-09-24,CAU,OPT,CAUF7 C9000,2027-01-08,C,0.9,0.000050000,3,
2026-09-24,CAU,OPT,CAUF7 P5600,2027-01-08,P,0.56,0.000050000,3,
2026-09-24,CAU,OPT,CAUF7 P5700,2027-01-08,P,0.57,0.000050000,3,
2026-09-24,CAU,OPT,CAUF7 P5800,2027-01-08,P,0.58,0.000050000,3,
2026-09-24,CAU,OPT,CAUF7 P5900,2027-01-08,P,0.59,0.000050000,3,
2026-09-24,CAU,OPT,CAUF7 P6000,2027-01-08,P,0.6,0.000050000,3,
2026-09-24,CAU,OPT,CAUF7 P6100,2027-01-08,P,0.61,0.000050000,3,
2026-09-24,CAU,OPT,CAUF7 P6200,2027-01-08,P,0.62,0.000050000,3,1
2026-09-24,CAU,OPT,CAUF7 P6300,2027-01-08,P,0.63,0.000050000,3,
2026-09-24,CAU,OPT,CAUF7 P6400,2027-01-08,P,0.64,0.000050000,3,
2026-09-24,CAU,OPT,CAUF7 P6500,2027-01-08,P,0.65,0.000050000,3,
2026-09-24,CAU,OPT,CAUF7 P6600,2027-01-08,P,0.66,0.000150000,3,
2026-09-24,CAU,OPT,CAUF7 P6650,2027-01-08,P,0.665,0.000200000,3,
2026-09-24,CAU,OPT,CAUF7 P6700,2027-01-08,P,0.67,0.000250000,3,
2026-09-24,CAU,OPT,CAUF7 P6750,2027-01-08,P,0.675,0.000300000,3,16
2026-09-24,CAU,OPT,CAUF7 P6800,2027-01-08,P,0.68,0.000400000,3,
2026-09-24,CAU,OPT,CAUF7 P6850,2027-01-08,P,0.685,0.000600000,3,16
2026-09-24,CAU,OPT,CAUF7 P6900,2027-01-08,P,0.69,0.000900000,3,18
2026-09-24,CAU,OPT,CAUF7 P6950,2027-01-08,P,0.695,0.001500000,3,18
2026-09-24,CAU,OPT,CAUF7 P7000,2027-01-08,P,0.7,0.002300000,3,27
2026-09-24,CAU,OPT,CAUF7 P7050,2027-01-08,P,0.705,0.003500000,3,1
2026-09-24,CAU,OPT,CAUF7 P7100,2027-01-08,P,0.71,0.005200000,3,24
2026-09-24,CAU,OPT,CAUF7 P7150,2027-01-08,P,0.715,0.007500000,3,22
2026-09-24,CAU,OPT,CAUF7 P7200,2027-01-08,P,0.72,0.010600000,3,473
2026-09-24,CAU,OPT,CAUF7 P7250,2027-01-08,P,0.725,0.014200000,3,6
2026-09-24,CAU,OPT,CAUF7 P7300,2027-01-08,P,0.73,0.018200000,3,108
2026-09-24,CAU,OPT,CAUF7 P7350,2027-01-08,P,0.735,0.022500000,3,1
2026-09-24,CAU,OPT,CAUF7 P7400,2027-01-08,P,0.74,0.027100000,3,1
2026-09-24,CAU,OPT,CAUF7 P7450,2027-01-08,P,0.745,0.031800000,3,
2026-09-24,CAU,OPT,CAUF7 P7500,2027-01-08,P,0.75,0.036600000,3,
2026-09-24,CAU,OPT,CAUF7 P7550,2027-01-08,P,0.755,0.041500000,3,
2026-09-24,CAU,OPT,CAUF7 P7600,2027-01-08,P,0.76,0.046400000,3,
2026-09-24,CAU,OPT,CAUF7 P7650,2027-01-08,P,0.765,0.051300000,3,1
2026-09-24,CAU,OPT,CAUF7 P7700,2027-01-08,P,0.77,0.056200000,3,
2026-09-24,CAU,OPT,CAUF7 P7750,2027-01-08,P,0.775,0.061100000,3,
2026-09-24,CAU,OPT,CAUF7 P7800,2027-01-08,P,0.78,0.066000000,3,
2026-09-24,CAU,OPT,CAUF7 P7850,2027-01-08,P,0.785,0.071000000,3,
2026-09-24,CAU,OPT,CAUF7 P7900,2027-01-08,P,0.79,0.075900000,3,
2026-09-24,CAU,OPT,CAUF7 P7950,2027-01-08,P,0.795,0.080800000,3,
2026-09-24,CAU,OPT,CAUF7 P8000,2027-01-08,P,0.8,0.085800000,3,
2026-09-24,CAU,OPT,CAUF7 P8100,2027-01-08,P,0.81,0.095700000,3,
2026-09-24,CAU,OPT,CAUF7 P8200,2027-01-08,P,0.82,0.105600000,3,
2026-09-24,CAU,OPT,CAUF7 P8300,2027-01-08,P,0.83,0.115400000,3,
2026-09-24,CAU,OPT,CAUF7 P8400,2027-01-08,P,0.84,0.125300000,3,
2026-09-24,CAU,OPT,CAUF7 P8500,2027-01-08,P,0.85,0.135200000,3,
2026-09-24,CAU,OPT,CAUF7 P8600,2027-01-08,P,0.86,0.145100000,3,
2026-09-24,CAU,OPT,CAUF7 P8700,2027-01-08,P,0.87,0.155000000,3,
2026-09-24,CAU,OPT,CAUF7 P8800,2027-01-08,P,0.88,0.164800000,3,
2026-09-24,CAU,OPT,CAUF7 P8900,2027-01-08,P,0.89,0.174700000,3,
2026-09-24,CAU,OPT,CAUF7 P9000,2027-01-08,P,0.9,0.184600000,3,
2026-09-24,CAU,OPT,CAUG7 C5600,2027-02-05,C,0.56,0.150900000,3,
2026-09-24,CAU,OPT,CAUG7 C5700,2027-02-05,C,0.57,0.141100000,3,
2026-09-24,CAU,OPT,CAUG7 C5800,2027-02-05,C,0.58,0.131200000,3,
2026-09-24,CAU,OPT,CAUG7 C5900,2027-02-05,C,0.59,0.121400000,3,
2026-09-24,CAU,OPT,CAUG7 C6000,2027-02-05,C,0.6,0.111500000,3,
2026-09-24,CAU,OPT,CAUG7 C6100,2027-02-05,C,0.61,0.101700000,3,
2026-09-24,CAU,OPT,CAUG7 C6200,2027-02-05,C,0.62,0.091800000,3,
2026-09-24,CAU,OPT,CAUG7 C6300,2027-02-05,C,0.63,0.082000000,3,
2026-09-24,CAU,OPT,CAUG7 C6400,2027-02-05,C,0.64,0.072200000,3,
2026-09-24,CAU,OPT,CAUG7 C6500,2027-02-05,C,0.65,0.062400000,3,
2026-09-24,CAU,OPT,CAUG7 C6600,2027-02-05,C,0.66,0.052600000,3,
2026-09-24,CAU,OPT,CAUG7 C6650,2027-02-05,C,0.665,0.047700000,3,
2026-09-24,CAU,OPT,CAUG7 C6700,2027-02-05,C,0.67,0.042900000,3,
2026-09-24,CAU,OPT,CAUG7 C6750,2027-02-05,C,0.675,0.038100000,3,
2026-09-24,CAU,OPT,CAUG7 C6800,2027-02-05,C,0.68,0.033400000,3,
2026-09-24,CAU,OPT,CAUG7 C6850,2027-02-05,C,0.685,0.028800000,3,
2026-09-24,CAU,OPT,CAUG7 C6900,2027-02-05,C,0.69,0.024300000,3,
2026-09-24,CAU,OPT,CAUG7 C6950,2027-02-05,C,0.695,0.020000000,3,
2026-09-24,CAU,OPT,CAUG7 C7000,2027-02-05,C,0.7,0.016000000,3,
2026-09-24,CAU,OPT,CAUG7 C7050,2027-02-05,C,0.705,0.012400000,3,
2026-09-24,CAU,OPT,CAUG7 C7100,2027-02-05,C,0.71,0.009300000,3,3
2026-09-24,CAU,OPT,CAUG7 C7150,2027-02-05,C,0.715,0.006700000,3,500
2026-09-24,CAU,OPT,CAUG7 C7200,2027-02-05,C,0.72,0.004700000,3,200
2026-09-24,CAU,OPT,CAUG7 C7250,2027-02-05,C,0.725,0.003300000,3,16
2026-09-24,CAU,OPT,CAUG7 C7300,2027-02-05,C,0.73,0.002300000,3,98
2026-09-24,CAU,OPT,CAUG7 C7350,2027-02-05,C,0.735,0.001500000,3,207
2026-09-24,CAU,OPT,CAUG7 C7400,2027-02-05,C,0.74,0.001000000,3,3
2026-09-24,CAU,OPT,CAUG7 C7450,2027-02-05,C,0.745,0.000700000,3,40
2026-09-24,CAU,OPT,CAUG7 C7500,2027-02-05,C,0.75,0.000450000,3,16
2026-09-24,CAU,OPT,CAUG7 C7550,2027-02-05,C,0.755,0.000350000,3,400
2026-09-24,CAU,OPT,CAUG7 C7600,2027-02-05,C,0.76,0.000250000,3,6
2026-09-24,CAU,OPT,CAUG7 C7650,2027-02-05,C,0.765,0.000200000,3,
2026-09-24,CAU,OPT,CAUG7 C7700,2027-02-05,C,0.77,0.000150000,3,18
2026-09-24,CAU,OPT,CAUG7 C7750,2027-02-05,C,0.775,0.000100000,3,
2026-09-24,CAU,OPT,CAUG7 C7800,2027-02-05,C,0.78,0.000050000,3,
2026-09-24,CAU,OPT,CAUG7 C7850,2027-02-05,C,0.785,0.000050000,3,
2026-09-24,CAU,OPT,CAUG7 C7900,2027-02-05,C,0.79,0.000050000,3,
2026-09-24,CAU,OPT,CAUG7 C7950,2027-02-05,C,0.795,0.000050000,3,
2026-09-24,CAU,OPT,CAUG7 C8000,2027-02-05,C,0.8,0.000050000,3,1
2026-09-24,CAU,OPT,CAUG7 C8100,2027-02-05,C,0.81,0.000050000,3,
2026-09-24,CAU,OPT,CAUG7 C8200,2027-02-05,C,0.82,0.000050000,3,
2026-09-24,CAU,OPT,CAUG7 C8300,2027-02-05,C,0.83,0.000050000,3,
2026-09-24,CAU,OPT,CAUG7 C8400,2027-02-05,C,0.84,0.000050000,3,
2026-09-24,CAU,OPT,CAUG7 C8500,2027-02-05,C,0.85,0.000050000,3,
2026-09-24,CAU,OPT,CAUG7 C8600,2027-02-05,C,0.86,0.000050000,3,
2026-09-24,CAU,OPT,CAUG7 C8700,2027-02-05,C,0.87,0.000050000,3,
2026-09-24,CAU,OPT,CAUG7 C8800,2027-02-05,C,0.88,0.000050000,3,
2026-09-24,CAU,OPT,CAUG7 C8900,2027-02-05,C,0.89,0.000050000,3,
2026-09-24,CAU,OPT,CAUG7 C9000,2027-02-05,C,0.9,0.000050000,3,
2026-09-24,CAU,OPT,CAUG7 P5600,2027-02-05,P,0.56,0.000050000,3,
2026-09-24,CAU,OPT,CAUG7 P5700,2027-02-05,P,0.57,0.000050000,3,
2026-09-24,CAU,OPT,CAUG7 P5800,2027-02-05,P,0.58,0.000050000,3,
2026-09-24,CAU,OPT,CAUG7 P5900,2027-02-05,P,0.59,0.000050000,3,
2026-09-24,CAU,OPT,CAUG7 P6000,2027-02-05,P,0.6,0.000050000,3,1
2026-09-24,CAU,OPT,CAUG7 P6100,2027-02-05,P,0.61,0.000050000,3,
2026-09-24,CAU,OPT,CAUG7 P6200,2027-02-05,P,0.62,0.000050000,3,
2026-09-24,CAU,OPT,CAUG7 P6300,2027-02-05,P,0.63,0.000050000,3,
2026-09-24,CAU,OPT,CAUG7 P6400,2027-02-05,P,0.64,0.000100000,3,
2026-09-24,CAU,OPT,CAUG7 P6500,2027-02-05,P,0.65,0.000150000,3,
2026-09-24,CAU,OPT,CAUG7 P6600,2027-02-05,P,0.66,0.000200000,3,
2026-09-24,CAU,OPT,CAUG7 P6650,2027-02-05,P,0.665,0.000250000,3,845
2026-09-24,CAU,OPT,CAUG7 P6700,2027-02-05,P,0.67,0.000350000,3,
2026-09-24,CAU,OPT,CAUG7 P6750,2027-02-05,P,0.675,0.000500000,3,141
2026-09-24,CAU,OPT,CAUG7 P6800,2027-02-05,P,0.68,0.000700000,3,46
2026-09-24,CAU,OPT,CAUG7 P6850,2027-02-05,P,0.685,0.001000000,3,418
2026-09-24,CAU,OPT,CAUG7 P6900,2027-02-05,P,0.69,0.001400000,3,16
2026-09-24,CAU,OPT,CAUG7 P6950,2027-02-05,P,0.695,0.002100000,3,17
2026-09-24,CAU,OPT,CAUG7 P7000,2027-02-05,P,0.7,0.003000000,3,17
2026-09-24,CAU,OPT,CAUG7 P7050,2027-02-05,P,0.705,0.004300000,3,225
2026-09-24,CAU,OPT,CAUG7 P7100,2027-02-05,P,0.71,0.006100000,3,4
2026-09-24,CAU,OPT,CAUG7 P7150,2027-02-05,P,0.715,0.008500000,3,300
2026-09-24,CAU,OPT,CAUG7 P7200,2027-02-05,P,0.72,0.011400000,3,397
2026-09-24,CAU,OPT,CAUG7 P7250,2027-02-05,P,0.725,0.014900000,3,8
2026-09-24,CAU,OPT,CAUG7 P7300,2027-02-05,P,0.73,0.018800000,3,68
2026-09-24,CAU,OPT,CAUG7 P7350,2027-02-05,P,0.735,0.023000000,3,583
2026-09-24,CAU,OPT,CAUG7 P7400,2027-02-05,P,0.74,0.027400000,3,3
2026-09-24,CAU,OPT,CAUG7 P7450,2027-02-05,P,0.745,0.032000000,3,
2026-09-24,CAU,OPT,CAUG7 P7500,2027-02-05,P,0.75,0.036700000,3,
2026-09-24,CAU,OPT,CAUG7 P7550,2027-02-05,P,0.755,0.041500000,3,
2026-09-24,CAU,OPT,CAUG7 P7600,2027-02-05,P,0.76,0.046400000,3,
2026-09-24,CAU,OPT,CAUG7 P7650,2027-02-05,P,0.765,0.051200000,3,
2026-09-24,CAU,OPT,CAUG7 P7700,2027-02-05,P,0.77,0.056100000,3,
2026-09-24,CAU,OPT,CAUG7 P7750,2027-02-05,P,0.775,0.061000000,3,
2026-09-24,CAU,OPT,CAUG7 P7800,2027-02-05,P,0.78,0.065900000,3,
2026-09-24,CAU,OPT,CAUG7 P7850,2027-02-05,P,0.785,0.070800000,3,
2026-09-24,CAU,OPT,CAUG7 P7900,2027-02-05,P,0.79,0.075700000,3,
2026-09-24,CAU,OPT,CAUG7 P7950,2027-02-05,P,0.795,0.080600000,3,
2026-09-24,CAU,OPT,CAUG7 P8000,2027-02-05,P,0.8,0.085500000,3,
2026-09-24,CAU,OPT,CAUG7 P8100,2027-02-05,P,0.81,0.095400000,3,
2026-09-24,CAU,OPT,CAUG7 P8200,2027-02-05,P,0.82,0.105200000,3,
2026-09-24,CAU,OPT,CAUG7 P8300,2027-02-05,P,0.83,0.115100000,3,
2026-09-24,CAU,OPT,CAUG7 P8400,2027-02-05,P,0.84,0.124900000,3,
2026-09-24,CAU,OPT,CAUG7 P8500,2027-02-05,P,0.85,0.134800000,3,
2026-09-24,CAU,OPT,CAUG7 P8600,2027-02-05,P,0.86,0.144600000,3,
2026-09-24,CAU,OPT,CAUG7 P8700,2027-02-05,P,0.87,0.154500000,3,
2026-09-24,CAU,OPT,CAUG7 P8800,2027-02-05,P,0.88,0.164300000,3,
2026-09-24,CAU,OPT,CAUG7 P8900,2027-02-05,P,0.89,0.174200000,3,
2026-09-24,CAU,OPT,CAUG7 P9000,2027-02-05,P,0.9,0.184000000,3,
2026-09-24,CAU,OPT,CAUH7 C5600,2027-03-05,C,0.56,0.150400000,3,
2026-09-24,CAU,OPT,CAUH7 C5700,2027-03-05,C,0.57,0.140600000,3,
2026-09-24,CAU,OPT,CAUH7 C5800,2027-03-05,C,0.58,0.130800000,3,
2026-09-24,CAU,OPT,CAUH7 C5900,2027-03-05,C,0.59,0.120900000,3,
2026-09-24,CAU,OPT,CAUH7 C6000,2027-03-05,C,0.6,0.111100000,3,
2026-09-24,CAU,OPT,CAUH7 C6100,2027-03-05,C,0.61,0.101300000,3,
2026-09-24,CAU,OPT,CAUH7 C6200,2027-03-05,C,0.62,0.091500000,3,
2026-09-24,CAU,OPT,CAUH7 C6300,2027-03-05,C,0.63,0.081800000,3,
2026-09-24,CAU,OPT,CAUH7 C6400,2027-03-05,C,0.64,0.072000000,3,
2026-09-24,CAU,OPT,CAUH7 C6500,2027-03-05,C,0.65,0.062200000,3,
2026-09-24,CAU,OPT,CAUH7 C6600,2027-03-05,C,0.66,0.052500000,3,
2026-09-24,CAU,OPT,CAUH7 C6650,2027-03-05,C,0.665,0.047700000,3,
2026-09-24,CAU,OPT,CAUH7 C6700,2027-03-05,C,0.67,0.042900000,3,
2026-09-24,CAU,OPT,CAUH7 C6750,2027-03-05,C,0.675,0.038200000,3,
2026-09-24,CAU,OPT,CAUH7 C6800,2027-03-05,C,0.68,0.033600000,3,
2026-09-24,CAU,OPT,CAUH7 C6850,2027-03-05,C,0.685,0.029100000,3,
2026-09-24,CAU,OPT,CAUH7 C6900,2027-03-05,C,0.69,0.024700000,3,
2026-09-24,CAU,OPT,CAUH7 C6950,2027-03-05,C,0.695,0.020500000,3,
2026-09-24,CAU,OPT,CAUH7 C7000,2027-03-05,C,0.7,0.016700000,3,
2026-09-24,CAU,OPT,CAUH7 C7050,2027-03-05,C,0.705,0.013200000,3,3
2026-09-24,CAU,OPT,CAUH7 C7100,2027-03-05,C,0.71,0.010100000,3,32
2026-09-24,CAU,OPT,CAUH7 C7150,2027-03-05,C,0.715,0.007600000,3,10
2026-09-24,CAU,OPT,CAUH7 C7200,2027-03-05,C,0.72,0.005600000,3,19
2026-09-24,CAU,OPT,CAUH7 C7250,2027-03-05,C,0.725,0.004000000,3,139
2026-09-24,CAU,OPT,CAUH7 C7300,2027-03-05,C,0.73,0.002900000,3,329
2026-09-24,CAU,OPT,CAUH7 C7350,2027-03-05,C,0.735,0.002100000,3,16
2026-09-24,CAU,OPT,CAUH7 C7400,2027-03-05,C,0.74,0.001500000,3,2
2026-09-24,CAU,OPT,CAUH7 C7450,2027-03-05,C,0.745,0.001000000,3,25
2026-09-24,CAU,OPT,CAUH7 C7500,2027-03-05,C,0.75,0.000800000,3,45
2026-09-24,CAU,OPT,CAUH7 C7550,2027-03-05,C,0.755,0.000500000,3,21
2026-09-24,CAU,OPT,CAUH7 C7600,2027-03-05,C,0.76,0.000400000,3,146
2026-09-24,CAU,OPT,CAUH7 C7650,2027-03-05,C,0.765,0.000300000,3,15
2026-09-24,CAU,OPT,CAUH7 C7700,2027-03-05,C,0.77,0.000250000,3,16
2026-09-24,CAU,OPT,CAUH7 C7750,2027-03-05,C,0.775,0.000200000,3,16
2026-09-24,CAU,OPT,CAUH7 C7800,2027-03-05,C,0.78,0.000150000,3,3
2026-09-24,CAU,OPT,CAUH7 C7850,2027-03-05,C,0.785,0.000100000,3,16
2026-09-24,CAU,OPT,CAUH7 C7900,2027-03-05,C,0.79,0.000100000,3,
2026-09-24,CAU,OPT,CAUH7 C7950,2027-03-05,C,0.795,0.000050000,3,
2026-09-24,CAU,OPT,CAUH7 C8000,2027-03-05,C,0.8,0.000050000,3,
2026-09-24,CAU,OPT,CAUH7 C8050,2027-03-05,C,0.805,0.000050000,3,
2026-09-24,CAU,OPT,CAUH7 C8100,2027-03-05,C,0.81,0.000050000,3,
2026-09-24,CAU,OPT,CAUH7 C8200,2027-03-05,C,0.82,0.000050000,3,
2026-09-24,CAU,OPT,CAUH7 C8300,2027-03-05,C,0.83,0.000050000,3,
2026-09-24,CAU,OPT,CAUH7 C8400,2027-03-05,C,0.84,0.000050000,3,
2026-09-24,CAU,OPT,CAUH7 C8500,2027-03-05,C,0.85,0.000050000,3,
2026-09-24,CAU,OPT,CAUH7 C8600,2027-03-05,C,0.86,0.000050000,3,
2026-09-24,CAU,OPT,CAUH7 C8700,2027-03-05,C,0.87,0.000050000,3,
2026-09-24,CAU,OPT,CAUH7 C8800,2027-03-05,C,0.88,0.000050000,3,
2026-09-24,CAU,OPT,CAUH7 C8900,2027-03-05,C,0.89,0.000050000,3,
2026-09-24,CAU,OPT,CAUH7 C9000,2027-03-05,C,0.9,0.000050000,3,
2026-09-24,CAU,OPT,CAUH7 P5600,2027-03-05,P,0.56,0.000050000,3,
2026-09-24,CAU,OPT,CAUH7 P5700,2027-03-05,P,0.57,0.000050000,3,
2026-09-24,CAU,OPT,CAUH7 P5800,2027-03-05,P,0.58,0.000050000,3,
2026-09-24,CAU,OPT,CAUH7 P5900,2027-03-05,P,0.59,0.000050000,3,
2026-09-24,CAU,OPT,CAUH7 P6000,2027-03-05,P,0.6,0.000050000,3,1
2026-09-24,CAU,OPT,CAUH7 P6100,2027-03-05,P,0.61,0.000050000,3,
2026-09-24,CAU,OPT,CAUH7 P6200,2027-03-05,P,0.62,0.000050000,3,
2026-09-24,CAU,OPT,CAUH7 P6300,2027-03-05,P,0.63,0.000100000,3,
2026-09-24,CAU,OPT,CAUH7 P6400,2027-03-05,P,0.64,0.000150000,3,
2026-09-24,CAU,OPT,CAUH7 P6500,2027-03-05,P,0.65,0.000200000,3,2
2026-09-24,CAU,OPT,CAUH7 P6600,2027-03-05,P,0.66,0.000300000,3,
2026-09-24,CAU,OPT,CAUH7 P6650,2027-03-05,P,0.665,0.000400000,3,
2026-09-24,CAU,OPT,CAUH7 P6700,2027-03-05,P,0.67,0.000500000,3,180
2026-09-24,CAU,OPT,CAUH7 P6750,2027-03-05,P,0.675,0.000700000,3,139
2026-09-24,CAU,OPT,CAUH7 P6800,2027-03-05,P,0.68,0.001000000,3,4
2026-09-24,CAU,OPT,CAUH7 P6850,2027-03-05,P,0.685,0.001400000,3,18
2026-09-24,CAU,OPT,CAUH7 P6900,2027-03-05,P,0.69,0.001900000,3,23
2026-09-24,CAU,OPT,CAUH7 P6950,2027-03-05,P,0.695,0.002700000,3,16
2026-09-24,CAU,OPT,CAUH7 P7000,2027-03-05,P,0.7,0.003700000,3,52
2026-09-24,CAU,OPT,CAUH7 P7050,2027-03-05,P,0.705,0.005100000,3,28
2026-09-24,CAU,OPT,CAUH7 P7100,2027-03-05,P,0.71,0.007000000,3,43
2026-09-24,CAU,OPT,CAUH7 P7150,2027-03-05,P,0.715,0.009400000,3,1
2026-09-24,CAU,OPT,CAUH7 P7200,2027-03-05,P,0.72,0.012300000,3,110
2026-09-24,CAU,OPT,CAUH7 P7250,2027-03-05,P,0.725,0.015600000,3,56
2026-09-24,CAU,OPT,CAUH7 P7300,2027-03-05,P,0.73,0.019400000,3,
2026-09-24,CAU,OPT,CAUH7 P7350,2027-03-05,P,0.735,0.023500000,3,7
2026-09-24,CAU,OPT,CAUH7 P7400,2027-03-05,P,0.74,0.027800000,3,2
2026-09-24,CAU,OPT,CAUH7 P7450,2027-03-05,P,0.745,0.032300000,3,8
2026-09-24,CAU,OPT,CAUH7 P7500,2027-03-05,P,0.75,0.036900000,3,
2026-09-24,CAU,OPT,CAUH7 P7550,2027-03-05,P,0.755,0.041600000,3,
2026-09-24,CAU,OPT,CAUH7 P7600,2027-03-05,P,0.76,0.046300000,3,
2026-09-24,CAU,OPT,CAUH7 P7650,2027-03-05,P,0.765,0.051200000,3,
2026-09-24,CAU,OPT,CAUH7 P7700,2027-03-05,P,0.77,0.056000000,3,
2026-09-24,CAU,OPT,CAUH7 P7750,2027-03-05,P,0.775,0.060800000,3,
2026-09-24,CAU,OPT,CAUH7 P7800,2027-03-05,P,0.78,0.065700000,3,
2026-09-24,CAU,OPT,CAUH7 P7850,2027-03-05,P,0.785,0.070600000,3,
2026-09-24,CAU,OPT,CAUH7 P7900,2027-03-05,P,0.79,0.075500000,3,
2026-09-24,CAU,OPT,CAUH7 P7950,2027-03-05,P,0.795,0.080400000,3,
2026-09-24,CAU,OPT,CAUH7 P8000,2027-03-05,P,0.8,0.085300000,3,
2026-09-24,CAU,OPT,CAUH7 P8050,2027-03-05,P,0.805,0.090200000,3,
2026-09-24,CAU,OPT,CAUH7 P8100,2027-03-05,P,0.81,0.095100000,3,
2026-09-24,CAU,OPT,CAUH7 P8200,2027-03-05,P,0.82,0.104800000,3,
2026-09-24,CAU,OPT,CAUH7 P8300,2027-03-05,P,0.83,0.114700000,3,
2026-09-24,CAU,OPT,CAUH7 P8400,2027-03-05,P,0.84,0.124500000,3,
2026-09-24,CAU,OPT,CAUH7 P8500,2027-03-05,P,0.85,0.134300000,3,
2026-09-24,CAU,OPT,CAUH7 P8600,2027-03-05,P,0.86,0.144100000,3,
2026-09-24,CAU,OPT,CAUH7 P8700,2027-03-05,P,0.87,0.153900000,3,
2026-09-24,CAU,OPT,CAUH7 P8800,2027-03-05,P,0.88,0.163700000,3,
2026-09-24,CAU,OPT,CAUH7 P8900,2027-03-05,P,0.89,0.173600000,3,
2026-09-24,CAU,OPT,CAUH7 P9000,2027-03-05,P,0.9,0.183400000,3,
2026-09-24,CAU,OPT,CAUJ7 C5700,2027-04-09,C,0.57,0.142800000,3,
2026-09-24,CAU,OPT,CAUJ7 C5800,2027-04-09,C,0.58,0.133000000,3,
2026-09-24,CAU,OPT,CAUJ7 C5900,2027-04-09,C,0.59,0.123300000,3,
2026-09-24,CAU,OPT,CAUJ7 C6000,2027-04-09,C,0.6,0.113500000,3,
2026-09-24,CAU,OPT,CAUJ7 C6100,2027-04-09,C,0.61,0.103800000,3,
2026-09-24,CAU,OPT,CAUJ7 C6200,2027-04-09,C,0.62,0.094000000,3,
2026-09-24,CAU,OPT,CAUJ7 C6300,2027-04-09,C,0.63,0.084300000,3,
2026-09-24,CAU,OPT,CAUJ7 C6400,2027-04-09,C,0.64,0.074600000,3,
2026-09-24,CAU,OPT,CAUJ7 C6500,2027-04-09,C,0.65,0.064900000,3,
2026-09-24,CAU,OPT,CAUJ7 C6600,2027-04-09,C,0.66,0.055300000,3,
2026-09-24,CAU,OPT,CAUJ7 C6650,2027-04-09,C,0.665,0.050500000,3,
2026-09-24,CAU,OPT,CAUJ7 C6700,2027-04-09,C,0.67,0.045800000,3,
2026-09-24,CAU,OPT,CAUJ7 C6750,2027-04-09,C,0.675,0.041100000,3,
2026-09-24,CAU,OPT,CAUJ7 C6800,2027-04-09,C,0.68,0.036500000,3,
2026-09-24,CAU,OPT,CAUJ7 C6850,2027-04-09,C,0.685,0.032000000,3,
2026-09-24,CAU,OPT,CAUJ7 C6900,2027-04-09,C,0.69,0.027700000,3,
2026-09-24,CAU,OPT,CAUJ7 C6950,2027-04-09,C,0.695,0.023500000,3,
2026-09-24,CAU,OPT,CAUJ7 C7000,2027-04-09,C,0.7,0.019600000,3,
2026-09-24,CAU,OPT,CAUJ7 C7050,2027-04-09,C,0.705,0.016000000,3,
2026-09-24,CAU,OPT,CAUJ7 C7100,2027-04-09,C,0.71,0.012800000,3,
2026-09-24,CAU,OPT,CAUJ7 C7150,2027-04-09,C,0.715,0.010000000,3,600
2026-09-24,CAU,OPT,CAUJ7 C7200,2027-04-09,C,0.72,0.007700000,3,1
2026-09-24,CAU,OPT,CAUJ7 C7250,2027-04-09,C,0.725,0.005800000,3,
2026-09-24,CAU,OPT,CAUJ7 C7300,2027-04-09,C,0.73,0.004400000,3,5
2026-09-24,CAU,OPT,CAUJ7 C7350,2027-04-09,C,0.735,0.003300000,3,
2026-09-24,CAU,OPT,CAUJ7 C7400,2027-04-09,C,0.74,0.002400000,3,9
2026-09-24,CAU,OPT,CAUJ7 C7450,2027-04-09,C,0.745,0.001800000,3,
2026-09-24,CAU,OPT,CAUJ7 C7500,2027-04-09,C,0.75,0.001300000,3,
2026-09-24,CAU,OPT,CAUJ7 C7550,2027-04-09,C,0.755,0.001000000,3,
2026-09-24,CAU,OPT,CAUJ7 C7600,2027-04-09,C,0.76,0.000800000,3,
2026-09-24,CAU,OPT,CAUJ7 C7650,2027-04-09,C,0.765,0.000600000,3,
2026-09-24,CAU,OPT,CAUJ7 C7700,2027-04-09,C,0.77,0.000450000,3,
2026-09-24,CAU,OPT,CAUJ7 C7750,2027-04-09,C,0.775,0.000350000,3,
2026-09-24,CAU,OPT,CAUJ7 C7800,2027-04-09,C,0.78,0.000300000,3,
2026-09-24,CAU,OPT,CAUJ7 C7850,2027-04-09,C,0.785,0.000250000,3,
2026-09-24,CAU,OPT,CAUJ7 C7900,2027-04-09,C,0.79,0.000200000,3,
2026-09-24,CAU,OPT,CAUJ7 C7950,2027-04-09,C,0.795,0.000150000,3,
2026-09-24,CAU,OPT,CAUJ7 C8000,2027-04-09,C,0.8,0.000100000,3,
2026-09-24,CAU,OPT,CAUJ7 C8100,2027-04-09,C,0.81,0.000100000,3,
2026-09-24,CAU,OPT,CAUJ7 C8200,2027-04-09,C,0.82,0.000050000,3,
2026-09-24,CAU,OPT,CAUJ7 C8300,2027-04-09,C,0.83,0.000050000,3,
2026-09-24,CAU,OPT,CAUJ7 C8400,2027-04-09,C,0.84,0.000050000,3,
2026-09-24,CAU,OPT,CAUJ7 C8500,2027-04-09,C,0.85,0.000050000,3,
2026-09-24,CAU,OPT,CAUJ7 C8600,2027-04-09,C,0.86,0.000050000,3,
2026-09-24,CAU,OPT,CAUJ7 C8700,2027-04-09,C,0.87,0.000050000,3,
2026-09-24,CAU,OPT,CAUJ7 C8800,2027-04-09,C,0.88,0.000050000,3,
2026-09-24,CAU,OPT,CAUJ7 C8900,2027-04-09,C,0.89,0.000050000,3,
2026-09-24,CAU,OPT,CAUJ7 P5700,2027-04-09,P,0.57,0.000050000,3,
2026-09-24,CAU,OPT,CAUJ7 P5800,2027-04-09,P,0.58,0.000050000,3,
2026-09-24,CAU,OPT,CAUJ7 P5900,2027-04-09,P,0.59,0.000050000,3,1
2026-09-24,CAU,OPT,CAUJ7 P6000,2027-04-09,P,0.6,0.000050000,3,
2026-09-24,CAU,OPT,CAUJ7 P6100,2027-04-09,P,0.61,0.000050000,3,
2026-09-24,CAU,OPT,CAUJ7 P6200,2027-04-09,P,0.62,0.000100000,3,
2026-09-24,CAU,OPT,CAUJ7 P6300,2027-04-09,P,0.63,0.000150000,3,
2026-09-24,CAU,OPT,CAUJ7 P6400,2027-04-09,P,0.64,0.000200000,3,
2026-09-24,CAU,OPT,CAUJ7 P6500,2027-04-09,P,0.65,0.000300000,3,
2026-09-24,CAU,OPT,CAUJ7 P6600,2027-04-09,P,0.66,0.000450000,3,
2026-09-24,CAU,OPT,CAUJ7 P6650,2027-04-09,P,0.665,0.000600000,3,
2026-09-24,CAU,OPT,CAUJ7 P6700,2027-04-09,P,0.67,0.000700000,3,
2026-09-24,CAU,OPT,CAUJ7 P6750,2027-04-09,P,0.675,0.000900000,3,
2026-09-24,CAU,OPT,CAUJ7 P6800,2027-04-09,P,0.68,0.001200000,3,
2026-09-24,CAU,OPT,CAUJ7 P6850,2027-04-09,P,0.685,0.001600000,3,
2026-09-24,CAU,OPT,CAUJ7 P6900,2027-04-09,P,0.69,0.002200000,3,
2026-09-24,CAU,OPT,CAUJ7 P6950,2027-04-09,P,0.695,0.002900000,3,2
2026-09-24,CAU,OPT,CAUJ7 P7000,2027-04-09,P,0.7,0.003900000,3,
2026-09-24,CAU,OPT,CAUJ7 P7050,2027-04-09,P,0.705,0.005200000,3,
2026-09-24,CAU,OPT,CAUJ7 P7100,2027-04-09,P,0.71,0.006800000,3,
2026-09-24,CAU,OPT,CAUJ7 P7150,2027-04-09,P,0.715,0.008900000,3,
2026-09-24,CAU,OPT,CAUJ7 P7200,2027-04-09,P,0.72,0.011500000,3,
2026-09-24,CAU,OPT,CAUJ7 P7250,2027-04-09,P,0.725,0.014500000,3,
2026-09-24,CAU,OPT,CAUJ7 P7300,2027-04-09,P,0.73,0.018000000,3,4
2026-09-24,CAU,OPT,CAUJ7 P7350,2027-04-09,P,0.735,0.021800000,3,
2026-09-24,CAU,OPT,CAUJ7 P7400,2027-04-09,P,0.74,0.025800000,3,9
2026-09-24,CAU,OPT,CAUJ7 P7450,2027-04-09,P,0.745,0.030100000,3,
2026-09-24,CAU,OPT,CAUJ7 P7500,2027-04-09,P,0.75,0.034500000,3,
2026-09-24,CAU,OPT,CAUJ7 P7550,2027-04-09,P,0.755,0.039000000,3,
2026-09-24,CAU,OPT,CAUJ7 P7600,2027-04-09,P,0.76,0.043700000,3,
2026-09-24,CAU,OPT,CAUJ7 P7650,2027-04-09,P,0.765,0.048400000,3,
2026-09-24,CAU,OPT,CAUJ7 P7700,2027-04-09,P,0.77,0.053100000,3,
2026-09-24,CAU,OPT,CAUJ7 P7750,2027-04-09,P,0.775,0.057900000,3,
2026-09-24,CAU,OPT,CAUJ7 P7800,2027-04-09,P,0.78,0.062700000,3,
2026-09-24,CAU,OPT,CAUJ7 P7850,2027-04-09,P,0.785,0.067600000,3,
2026-09-24,CAU,OPT,CAUJ7 P7900,2027-04-09,P,0.79,0.072400000,3,
2026-09-24,CAU,OPT,CAUJ7 P7950,2027-04-09,P,0.795,0.077300000,3,
2026-09-24,CAU,OPT,CAUJ7 P8000,2027-04-09,P,0.8,0.082100000,3,
2026-09-24,CAU,OPT,CAUJ7 P8100,2027-04-09,P,0.81,0.091900000,3,
2026-09-24,CAU,OPT,CAUJ7 P8200,2027-04-09,P,0.82,0.101600000,3,
2026-09-24,CAU,OPT,CAUJ7 P8300,2027-04-09,P,0.83,0.111400000,3,
2026-09-24,CAU,OPT,CAUJ7 P8400,2027-04-09,P,0.84,0.121100000,3,
2026-09-24,CAU,OPT,CAUJ7 P8500,2027-04-09,P,0.85,0.130900000,3,
2026-09-24,CAU,OPT,CAUJ7 P8600,2027-04-09,P,0.86,0.140700000,3,
2026-09-24,CAU,OPT,CAUJ7 P8700,2027-04-09,P,0.87,0.150400000,3,
2026-09-24,CAU,OPT,CAUJ7 P8800,2027-04-09,P,0.88,0.160200000,3,
2026-09-24,CAU,OPT,CAUJ7 P8900,2027-04-09,P,0.89,0.170000000,3,
2026-09-24,CAU,OPT,CAUK7 C5700,2027-05-07,C,0.57,0.142400000,3,
2026-09-24,CAU,OPT,CAUK7 C5800,2027-05-07,C,0.58,0.132700000,3,
2026-09-24,CAU,OPT,CAUK7 C5900,2027-05-07,C,0.59,0.122900000,3,
2026-09-24,CAU,OPT,CAUK7 C6000,2027-05-07,C,0.6,0.113200000,3,
2026-09-24,CAU,OPT,CAUK7 C6100,2027-05-07,C,0.61,0.103500000,3,
2026-09-24,CAU,OPT,CAUK7 C6200,2027-05-07,C,0.62,0.093800000,3,
2026-09-24,CAU,OPT,CAUK7 C6300,2027-05-07,C,0.63,0.084100000,3,
2026-09-24,CAU,OPT,CAUK7 C6400,2027-05-07,C,0.64,0.074400000,3,
2026-09-24,CAU,OPT,CAUK7 C6500,2027-05-07,C,0.65,0.064800000,3,
2026-09-24,CAU,OPT,CAUK7 C6600,2027-05-07,C,0.66,0.055200000,3,
2026-09-24,CAU,OPT,CAUK7 C6650,2027-05-07,C,0.665,0.050500000,3,
2026-09-24,CAU,OPT,CAUK7 C6700,2027-05-07,C,0.67,0.045800000,3,
2026-09-24,CAU,OPT,CAUK7 C6750,2027-05-07,C,0.675,0.041200000,3,
2026-09-24,CAU,OPT,CAUK7 C6800,2027-05-07,C,0.68,0.036700000,3,
2026-09-24,CAU,OPT,CAUK7 C6850,2027-05-07,C,0.685,0.032300000,3,
2026-09-24,CAU,OPT,CAUK7 C6900,2027-05-07,C,0.69,0.028000000,3,
2026-09-24,CAU,OPT,CAUK7 C6950,2027-05-07,C,0.695,0.024000000,3,
2026-09-24,CAU,OPT,CAUK7 C7000,2027-05-07,C,0.7,0.020200000,3,
2026-09-24,CAU,OPT,CAUK7 C7050,2027-05-07,C,0.705,0.016700000,3,
2026-09-24,CAU,OPT,CAUK7 C7100,2027-05-07,C,0.71,0.013500000,3,6
2026-09-24,CAU,OPT,CAUK7 C7150,2027-05-07,C,0.715,0.010800000,3,
2026-09-24,CAU,OPT,CAUK7 C7200,2027-05-07,C,0.72,0.008500000,3,
2026-09-24,CAU,OPT,CAUK7 C7250,2027-05-07,C,0.725,0.006600000,3,
2026-09-24,CAU,OPT,CAUK7 C7300,2027-05-07,C,0.73,0.005100000,3,
2026-09-24,CAU,OPT,CAUK7 C7350,2027-05-07,C,0.735,0.003900000,3,
2026-09-24,CAU,OPT,CAUK7 C7400,2027-05-07,C,0.74,0.003000000,3,
2026-09-24,CAU,OPT,CAUK7 C7450,2027-05-07,C,0.745,0.002300000,3,
2026-09-24,CAU,OPT,CAUK7 C7500,2027-05-07,C,0.75,0.001700000,3,
2026-09-24,CAU,OPT,CAUK7 C7550,2027-05-07,C,0.755,0.001300000,3,
2026-09-24,CAU,OPT,CAUK7 C7600,2027-05-07,C,0.76,0.001000000,3,
2026-09-24,CAU,OPT,CAUK7 C7650,2027-05-07,C,0.765,0.000800000,3,
2026-09-24,CAU,OPT,CAUK7 C7700,2027-05-07,C,0.77,0.000600000,3,
2026-09-24,CAU,OPT,CAUK7 C7750,2027-05-07,C,0.775,0.000500000,3,
2026-09-24,CAU,OPT,CAUK7 C7800,2027-05-07,C,0.78,0.000400000,3,
2026-09-24,CAU,OPT,CAUK7 C7850,2027-05-07,C,0.785,0.000350000,3,
2026-09-24,CAU,OPT,CAUK7 C7900,2027-05-07,C,0.79,0.000300000,3,
2026-09-24,CAU,OPT,CAUK7 C8000,2027-05-07,C,0.8,0.000200000,3,
2026-09-24,CAU,OPT,CAUK7 C8100,2027-05-07,C,0.81,0.000150000,3,
2026-09-24,CAU,OPT,CAUK7 C8200,2027-05-07,C,0.82,0.000100000,3,
2026-09-24,CAU,OPT,CAUK7 C8300,2027-05-07,C,0.83,0.000050000,3,
2026-09-24,CAU,OPT,CAUK7 C8400,2027-05-07,C,0.84,0.000050000,3,
2026-09-24,CAU,OPT,CAUK7 C8500,2027-05-07,C,0.85,0.000050000,3,
2026-09-24,CAU,OPT,CAUK7 C8600,2027-05-07,C,0.86,0.000050000,3,
2026-09-24,CAU,OPT,CAUK7 C8700,2027-05-07,C,0.87,0.000050000,3,
2026-09-24,CAU,OPT,CAUK7 C8800,2027-05-07,C,0.88,0.000050000,3,
2026-09-24,CAU,OPT,CAUK7 C8900,2027-05-07,C,0.89,0.000050000,3,
2026-09-24,CAU,OPT,CAUK7 P5700,2027-05-07,P,0.57,0.000050000,3,2
2026-09-24,CAU,OPT,CAUK7 P5800,2027-05-07,P,0.58,0.000100000,3,
2026-09-24,CAU,OPT,CAUK7 P5900,2027-05-07,P,0.59,0.000100000,3,
2026-09-24,CAU,OPT,CAUK7 P6000,2027-05-07,P,0.6,0.000100000,3,
2026-09-24,CAU,OPT,CAUK7 P6100,2027-05-07,P,0.61,0.000150000,3,
2026-09-24,CAU,OPT,CAUK7 P6200,2027-05-07,P,0.62,0.000200000,3,
2026-09-24,CAU,OPT,CAUK7 P6300,2027-05-07,P,0.63,0.000200000,3,
2026-09-24,CAU,OPT,CAUK7 P6400,2027-05-07,P,0.64,0.000300000,3,470
2026-09-24,CAU,OPT,CAUK7 P6500,2027-05-07,P,0.65,0.000400000,3,370
2026-09-24,CAU,OPT,CAUK7 P6600,2027-05-07,P,0.66,0.000600000,3,
2026-09-24,CAU,OPT,CAUK7 P6650,2027-05-07,P,0.665,0.000700000,3,2
2026-09-24,CAU,OPT,CAUK7 P6700,2027-05-07,P,0.67,0.000900000,3,
2026-09-24,CAU,OPT,CAUK7 P6750,2027-05-07,P,0.675,0.001200000,3,
2026-09-24,CAU,OPT,CAUK7 P6800,2027-05-07,P,0.68,0.001500000,3,
2026-09-24,CAU,OPT,CAUK7 P6850,2027-05-07,P,0.685,0.002000000,3,2
2026-09-24,CAU,OPT,CAUK7 P6900,2027-05-07,P,0.69,0.002600000,3,2
2026-09-24,CAU,OPT,CAUK7 P6950,2027-05-07,P,0.695,0.003400000,3,428
2026-09-24,CAU,OPT,CAUK7 P7000,2027-05-07,P,0.7,0.004500000,3,
2026-09-24,CAU,OPT,CAUK7 P7050,2027-05-07,P,0.705,0.005800000,3,
2026-09-24,CAU,OPT,CAUK7 P7100,2027-05-07,P,0.71,0.007600000,3,
2026-09-24,CAU,OPT,CAUK7 P7150,2027-05-07,P,0.715,0.009700000,3,
2026-09-24,CAU,OPT,CAUK7 P7200,2027-05-07,P,0.72,0.012300000,3,
2026-09-24,CAU,OPT,CAUK7 P7250,2027-05-07,P,0.725,0.015300000,3,
2026-09-24,CAU,OPT,CAUK7 P7300,2027-05-07,P,0.73,0.018700000,3,
2026-09-24,CAU,OPT,CAUK7 P7350,2027-05-07,P,0.735,0.022300000,3,
2026-09-24,CAU,OPT,CAUK7 P7400,2027-05-07,P,0.74,0.026300000,3,
2026-09-24,CAU,OPT,CAUK7 P7450,2027-05-07,P,0.745,0.030400000,3,
2026-09-24,CAU,OPT,CAUK7 P7500,2027-05-07,P,0.75,0.034700000,3,
2026-09-24,CAU,OPT,CAUK7 P7550,2027-05-07,P,0.755,0.039200000,3,
2026-09-24,CAU,OPT,CAUK7 P7600,2027-05-07,P,0.76,0.043800000,3,
2026-09-24,CAU,OPT,CAUK7 P7650,2027-05-07,P,0.765,0.048400000,3,
2026-09-24,CAU,OPT,CAUK7 P7700,2027-05-07,P,0.77,0.053100000,3,
2026-09-24,CAU,OPT,CAUK7 P7750,2027-05-07,P,0.775,0.057900000,3,
2026-09-24,CAU,OPT,CAUK7 P7800,2027-05-07,P,0.78,0.062700000,3,
2026-09-24,CAU,OPT,CAUK7 P7850,2027-05-07,P,0.785,0.067500000,3,
2026-09-24,CAU,OPT,CAUK7 P7900,2027-05-07,P,0.79,0.072300000,3,
2026-09-24,CAU,OPT,CAUK7 P8000,2027-05-07,P,0.8,0.081900000,3,
2026-09-24,CAU,OPT,CAUK7 P8100,2027-05-07,P,0.81,0.091600000,3,
2026-09-24,CAU,OPT,CAUK7 P8200,2027-05-07,P,0.82,0.101300000,3,
2026-09-24,CAU,OPT,CAUK7 P8300,2027-05-07,P,0.83,0.111000000,3,
2026-09-24,CAU,OPT,CAUK7 P8400,2027-05-07,P,0.84,0.120700000,3,
2026-09-24,CAU,OPT,CAUK7 P8500,2027-05-07,P,0.85,0.130500000,3,
2026-09-24,CAU,OPT,CAUK7 P8600,2027-05-07,P,0.86,0.140200000,3,
2026-09-24,CAU,OPT,CAUK7 P8700,2027-05-07,P,0.87,0.149900000,3,
2026-09-24,CAU,OPT,CAUK7 P8800,2027-05-07,P,0.88,0.159600000,3,
2026-09-24,CAU,OPT,CAUK7 P8900,2027-05-07,P,0.89,0.169400000,3,
2026-09-24,CAU,OPT,CAUM7 C5700,2027-06-04,C,0.57,0.141800000,3,
2026-09-24,CAU,OPT,CAUM7 C5800,2027-06-04,C,0.58,0.132100000,3,
2026-09-24,CAU,OPT,CAUM7 C5900,2027-06-04,C,0.59,0.122400000,3,
2026-09-24,CAU,OPT,CAUM7 C6000,2027-06-04,C,0.6,0.112800000,3,
2026-09-24,CAU,OPT,CAUM7 C6100,2027-06-04,C,0.61,0.103100000,3,
2026-09-24,CAU,OPT,CAUM7 C6200,2027-06-04,C,0.62,0.093500000,3,
2026-09-24,CAU,OPT,CAUM7 C6300,2027-06-04,C,0.63,0.083900000,3,
2026-09-24,CAU,OPT,CAUM7 C6400,2027-06-04,C,0.64,0.074200000,3,
2026-09-24,CAU,OPT,CAUM7 C6500,2027-06-04,C,0.65,0.064700000,3,
2026-09-24,CAU,OPT,CAUM7 C6600,2027-06-04,C,0.66,0.055200000,3,
2026-09-24,CAU,OPT,CAUM7 C6650,2027-06-04,C,0.665,0.050500000,3,
2026-09-24,CAU,OPT,CAUM7 C6700,2027-06-04,C,0.67,0.045900000,3,
2026-09-24,CAU,OPT,CAUM7 C6750,2027-06-04,C,0.675,0.041300000,3,
2026-09-24,CAU,OPT,CAUM7 C6800,2027-06-04,C,0.68,0.036900000,3,
2026-09-24,CAU,OPT,CAUM7 C6850,2027-06-04,C,0.685,0.032600000,3,
2026-09-24,CAU,OPT,CAUM7 C6900,2027-06-04,C,0.69,0.028400000,3,
2026-09-24,CAU,OPT,CAUM7 C6950,2027-06-04,C,0.695,0.024500000,3,
2026-09-24,CAU,OPT,CAUM7 C7000,2027-06-04,C,0.7,0.020800000,3,5
2026-09-24,CAU,OPT,CAUM7 C7050,2027-06-04,C,0.705,0.017400000,3,
2026-09-24,CAU,OPT,CAUM7 C7100,2027-06-04,C,0.71,0.014300000,3,
2026-09-24,CAU,OPT,CAUM7 C7150,2027-06-04,C,0.715,0.011500000,3,
2026-09-24,CAU,OPT,CAUM7 C7200,2027-06-04,C,0.72,0.009200000,3,2
2026-09-24,CAU,OPT,CAUM7 C7250,2027-06-04,C,0.725,0.007300000,3,25
2026-09-24,CAU,OPT,CAUM7 C7300,2027-06-04,C,0.73,0.005700000,3,
2026-09-24,CAU,OPT,CAUM7 C7350,2027-06-04,C,0.735,0.004500000,3,3
2026-09-24,CAU,OPT,CAUM7 C7400,2027-06-04,C,0.74,0.003500000,3,2
2026-09-24,CAU,OPT,CAUM7 C7450,2027-06-04,C,0.745,0.002700000,3,
2026-09-24,CAU,OPT,CAUM7 C7500,2027-06-04,C,0.75,0.002100000,3,85
2026-09-24,CAU,OPT,CAUM7 C7550,2027-06-04,C,0.755,0.001700000,3,
2026-09-24,CAU,OPT,CAUM7 C7600,2027-06-04,C,0.76,0.001300000,3,
2026-09-24,CAU,OPT,CAUM7 C7650,2027-06-04,C,0.765,0.001000000,3,
2026-09-24,CAU,OPT,CAUM7 C7700,2027-06-04,C,0.77,0.000900000,3,
2026-09-24,CAU,OPT,CAUM7 C7750,2027-06-04,C,0.775,0.000700000,3,
2026-09-24,CAU,OPT,CAUM7 C7800,2027-06-04,C,0.78,0.000600000,3,
2026-09-24,CAU,OPT,CAUM7 C7850,2027-06-04,C,0.785,0.000500000,3,3
2026-09-24,CAU,OPT,CAUM7 C7900,2027-06-04,C,0.79,0.000400000,3,1
2026-09-24,CAU,OPT,CAUM7 C7950,2027-06-04,C,0.795,0.000350000,3,
2026-09-24,CAU,OPT,CAUM7 C8000,2027-06-04,C,0.8,0.000300000,3,
2026-09-24,CAU,OPT,CAUM7 C8050,2027-06-04,C,0.805,0.000250000,3,
2026-09-24,CAU,OPT,CAUM7 C8100,2027-06-04,C,0.81,0.000200000,3,
2026-09-24,CAU,OPT,CAUM7 C8200,2027-06-04,C,0.82,0.000150000,3,
2026-09-24,CAU,OPT,CAUM7 C8300,2027-06-04,C,0.83,0.000100000,3,
2026-09-24,CAU,OPT,CAUM7 C8400,2027-06-04,C,0.84,0.000100000,3,
2026-09-24,CAU,OPT,CAUM7 C8500,2027-06-04,C,0.85,0.000050000,3,
2026-09-24,CAU,OPT,CAUM7 C8600,2027-06-04,C,0.86,0.000050000,3,
2026-09-24,CAU,OPT,CAUM7 C8700,2027-06-04,C,0.87,0.000050000,3,
2026-09-24,CAU,OPT,CAUM7 C8800,2027-06-04,C,0.88,0.000050000,3,
2026-09-24,CAU,OPT,CAUM7 C8900,2027-06-04,C,0.89,0.000050000,3,
2026-09-24,CAU,OPT,CAUM7 C9000,2027-06-04,C,0.9,0.000050000,3,
2026-09-24,CAU,OPT,CAUM7 P5700,2027-06-04,P,0.57,0.000050000,3,1
2026-09-24,CAU,OPT,CAUM7 P5800,2027-06-04,P,0.58,0.000050000,3,
2026-09-24,CAU,OPT,CAUM7 P5900,2027-06-04,P,0.59,0.000050000,3,
2026-09-24,CAU,OPT,CAUM7 P6000,2027-06-04,P,0.6,0.000100000,3,
2026-09-24,CAU,OPT,CAUM7 P6100,2027-06-04,P,0.61,0.000150000,3,
2026-09-24,CAU,OPT,CAUM7 P6200,2027-06-04,P,0.62,0.000200000,3,2
2026-09-24,CAU,OPT,CAUM7 P6300,2027-06-04,P,0.63,0.000300000,3,
2026-09-24,CAU,OPT,CAUM7 P6400,2027-06-04,P,0.64,0.000400000,3,
2026-09-24,CAU,OPT,CAUM7 P6500,2027-06-04,P,0.65,0.000500000,3,
2026-09-24,CAU,OPT,CAUM7 P6600,2027-06-04,P,0.66,0.000800000,3,1
2026-09-24,CAU,OPT,CAUM7 P6650,2027-06-04,P,0.665,0.000900000,3,2
2026-09-24,CAU,OPT,CAUM7 P6700,2027-06-04,P,0.67,0.001200000,3,1
2026-09-24,CAU,OPT,CAUM7 P6750,2027-06-04,P,0.675,0.001500000,3,40
2026-09-24,CAU,OPT,CAUM7 P6800,2027-06-04,P,0.68,0.001900000,3,
2026-09-24,CAU,OPT,CAUM7 P6850,2027-06-04,P,0.685,0.002400000,3,1
2026-09-24,CAU,OPT,CAUM7 P6900,2027-06-04,P,0.69,0.003100000,3,2
2026-09-24,CAU,OPT,CAUM7 P6950,2027-06-04,P,0.695,0.004000000,3,2
2026-09-24,CAU,OPT,CAUM7 P7000,2027-06-04,P,0.7,0.005200000,3,50
2026-09-24,CAU,OPT,CAUM7 P7050,2027-06-04,P,0.705,0.006600000,3,7
2026-09-24,CAU,OPT,CAUM7 P7100,2027-06-04,P,0.71,0.008300000,3,2
2026-09-24,CAU,OPT,CAUM7 P7150,2027-06-04,P,0.715,0.010500000,3,1
2026-09-24,CAU,OPT,CAUM7 P7200,2027-06-04,P,0.72,0.013000000,3,16
2026-09-24,CAU,OPT,CAUM7 P7250,2027-06-04,P,0.725,0.015900000,3,29
2026-09-24,CAU,OPT,CAUM7 P7300,2027-06-04,P,0.73,0.019200000,3,
2026-09-24,CAU,OPT,CAUM7 P7350,2027-06-04,P,0.735,0.022800000,3,4
2026-09-24,CAU,OPT,CAUM7 P7400,2027-06-04,P,0.74,0.026700000,3,10
2026-09-24,CAU,OPT,CAUM7 P7450,2027-06-04,P,0.745,0.030800000,3,
2026-09-24,CAU,OPT,CAUM7 P7500,2027-06-04,P,0.75,0.035000000,3,
2026-09-24,CAU,OPT,CAUM7 P7550,2027-06-04,P,0.755,0.039400000,3,
2026-09-24,CAU,OPT,CAUM7 P7600,2027-06-04,P,0.76,0.043900000,3,
2026-09-24,CAU,OPT,CAUM7 P7650,2027-06-04,P,0.765,0.048500000,3,
2026-09-24,CAU,OPT,CAUM7 P7700,2027-06-04,P,0.77,0.053200000,3,
2026-09-24,CAU,OPT,CAUM7 P7750,2027-06-04,P,0.775,0.057900000,3,
2026-09-24,CAU,OPT,CAUM7 P7800,2027-06-04,P,0.78,0.062600000,3,
2026-09-24,CAU,OPT,CAUM7 P7850,2027-06-04,P,0.785,0.067400000,3,
2026-09-24,CAU,OPT,CAUM7 P7900,2027-06-04,P,0.79,0.072100000,3,
2026-09-24,CAU,OPT,CAUM7 P7950,2027-06-04,P,0.795,0.076900000,3,
2026-09-24,CAU,OPT,CAUM7 P8000,2027-06-04,P,0.8,0.081700000,3,
2026-09-24,CAU,OPT,CAUM7 P8050,2027-06-04,P,0.805,0.086500000,3,
2026-09-24,CAU,OPT,CAUM7 P8100,2027-06-04,P,0.81,0.091300000,3,
2026-09-24,CAU,OPT,CAUM7 P8200,2027-06-04,P,0.82,0.101000000,3,
2026-09-24,CAU,OPT,CAUM7 P8300,2027-06-04,P,0.83,0.110700000,3,
2026-09-24,CAU,OPT,CAUM7 P8400,2027-06-04,P,0.84,0.120300000,3,
2026-09-24,CAU,OPT,CAUM7 P8500,2027-06-04,P,0.85,0.130000000,3,
2026-09-24,CAU,OPT,CAUM7 P8600,2027-06-04,P,0.86,0.139700000,3,
2026-09-24,CAU,OPT,CAUM7 P8700,2027-06-04,P,0.87,0.149400000,3,
2026-09-24,CAU,OPT,CAUM7 P8800,2027-06-04,P,0.88,0.159100000,3,
2026-09-24,CAU,OPT,CAUM7 P8900,2027-06-04,P,0.89,0.168800000,3,
2026-09-24,CAU,OPT,CAUM7 P9000,2027-06-04,P,0.9,0.178500000,3,
2026-09-24,CAU,OPT,CAUN7 C5700,2027-07-09,C,0.57,0.144000000,3,
2026-09-24,CAU,OPT,CAUN7 C5800,2027-07-09,C,0.58,0.134300000,3,
2026-09-24,CAU,OPT,CAUN7 C5900,2027-07-09,C,0.59,0.124700000,3,
2026-09-24,CAU,OPT,CAUN7 C6000,2027-07-09,C,0.6,0.115000000,3,
2026-09-24,CAU,OPT,CAUN7 C6100,2027-07-09,C,0.61,0.105400000,3,
2026-09-24,CAU,OPT,CAUN7 C6200,2027-07-09,C,0.62,0.095800000,3,
2026-09-24,CAU,OPT,CAUN7 C6300,2027-07-09,C,0.63,0.086200000,3,
2026-09-24,CAU,OPT,CAUN7 C6400,2027-07-09,C,0.64,0.076700000,3,
2026-09-24,CAU,OPT,CAUN7 C6500,2027-07-09,C,0.65,0.067200000,3,
2026-09-24,CAU,OPT,CAUN7 C6600,2027-07-09,C,0.66,0.057800000,3,
2026-09-24,CAU,OPT,CAUN7 C6650,2027-07-09,C,0.665,0.053200000,3,
2026-09-24,CAU,OPT,CAUN7 C6700,2027-07-09,C,0.67,0.048600000,3,
2026-09-24,CAU,OPT,CAUN7 C6750,2027-07-09,C,0.675,0.044100000,3,
2026-09-24,CAU,OPT,CAUN7 C6800,2027-07-09,C,0.68,0.039700000,3,
2026-09-24,CAU,OPT,CAUN7 C6850,2027-07-09,C,0.685,0.035400000,3,
2026-09-24,CAU,OPT,CAUN7 C6900,2027-07-09,C,0.69,0.031200000,3,
2026-09-24,CAU,OPT,CAUN7 C6950,2027-07-09,C,0.695,0.027200000,3,
2026-09-24,CAU,OPT,CAUN7 C7000,2027-07-09,C,0.7,0.023500000,3,
2026-09-24,CAU,OPT,CAUN7 C7050,2027-07-09,C,0.705,0.020000000,3,
2026-09-24,CAU,OPT,CAUN7 C7100,2027-07-09,C,0.71,0.016700000,3,
2026-09-24,CAU,OPT,CAUN7 C7150,2027-07-09,C,0.715,0.013900000,3,
2026-09-24,CAU,OPT,CAUN7 C7200,2027-07-09,C,0.72,0.011400000,3,
2026-09-24,CAU,OPT,CAUN7 C7250,2027-07-09,C,0.725,0.009200000,3,7
2026-09-24,CAU,OPT,CAUN7 C7300,2027-07-09,C,0.73,0.007500000,3,
2026-09-24,CAU,OPT,CAUN7 C7350,2027-07-09,C,0.735,0.006000000,3,
2026-09-24,CAU,OPT,CAUN7 C7400,2027-07-09,C,0.74,0.004800000,3,
2026-09-24,CAU,OPT,CAUN7 C7450,2027-07-09,C,0.745,0.003900000,3,
2026-09-24,CAU,OPT,CAUN7 C7500,2027-07-09,C,0.75,0.003100000,3,
2026-09-24,CAU,OPT,CAUN7 C7550,2027-07-09,C,0.755,0.002500000,3,
2026-09-24,CAU,OPT,CAUN7 C7600,2027-07-09,C,0.76,0.002000000,3,10
2026-09-24,CAU,OPT,CAUN7 C7650,2027-07-09,C,0.765,0.001600000,3,
2026-09-24,CAU,OPT,CAUN7 C7700,2027-07-09,C,0.77,0.001300000,3,
2026-09-24,CAU,OPT,CAUN7 C7750,2027-07-09,C,0.775,0.001100000,3,
2026-09-24,CAU,OPT,CAUN7 C7800,2027-07-09,C,0.78,0.000900000,3,
2026-09-24,CAU,OPT,CAUN7 C7850,2027-07-09,C,0.785,0.000700000,3,
2026-09-24,CAU,OPT,CAUN7 C7900,2027-07-09,C,0.79,0.000600000,3,8
2026-09-24,CAU,OPT,CAUN7 C8000,2027-07-09,C,0.8,0.000400000,3,
2026-09-24,CAU,OPT,CAUN7 C8100,2027-07-09,C,0.81,0.000300000,3,
2026-09-24,CAU,OPT,CAUN7 C8200,2027-07-09,C,0.82,0.000200000,3,
2026-09-24,CAU,OPT,CAUN7 C8300,2027-07-09,C,0.83,0.000150000,3,
2026-09-24,CAU,OPT,CAUN7 C8400,2027-07-09,C,0.84,0.000100000,3,
2026-09-24,CAU,OPT,CAUN7 C8500,2027-07-09,C,0.85,0.000100000,3,
2026-09-24,CAU,OPT,CAUN7 C8600,2027-07-09,C,0.86,0.000050000,3,
2026-09-24,CAU,OPT,CAUN7 C8700,2027-07-09,C,0.87,0.000050000,3,
2026-09-24,CAU,OPT,CAUN7 C8800,2027-07-09,C,0.88,0.000050000,3,
2026-09-24,CAU,OPT,CAUN7 C8900,2027-07-09,C,0.89,0.000050000,3,
2026-09-24,CAU,OPT,CAUN7 P5700,2027-07-09,P,0.57,0.000050000,3,12
2026-09-24,CAU,OPT,CAUN7 P5800,2027-07-09,P,0.58,0.000050000,3,1
2026-09-24,CAU,OPT,CAUN7 P5900,2027-07-09,P,0.59,0.000100000,3,
2026-09-24,CAU,OPT,CAUN7 P6000,2027-07-09,P,0.6,0.000100000,3,
2026-09-24,CAU,OPT,CAUN7 P6100,2027-07-09,P,0.61,0.000150000,3,
2026-09-24,CAU,OPT,CAUN7 P6200,2027-07-09,P,0.62,0.000200000,3,
2026-09-24,CAU,OPT,CAUN7 P6300,2027-07-09,P,0.63,0.000300000,3,
2026-09-24,CAU,OPT,CAUN7 P6400,2027-07-09,P,0.64,0.000450000,3,
2026-09-24,CAU,OPT,CAUN7 P6500,2027-07-09,P,0.65,0.000600000,3,
2026-09-24,CAU,OPT,CAUN7 P6600,2027-07-09,P,0.66,0.000900000,3,3
2026-09-24,CAU,OPT,CAUN7 P6650,2027-07-09,P,0.665,0.001100000,3,
2026-09-24,CAU,OPT,CAUN7 P6700,2027-07-09,P,0.67,0.001300000,3,
2026-09-24,CAU,OPT,CAUN7 P6750,2027-07-09,P,0.675,0.001600000,3,7
2026-09-24,CAU,OPT,CAUN7 P6800,2027-07-09,P,0.68,0.002100000,3,
2026-09-24,CAU,OPT,CAUN7 P6850,2027-07-09,P,0.685,0.002600000,3,
2026-09-24,CAU,OPT,CAUN7 P6900,2027-07-09,P,0.69,0.003200000,3,
2026-09-24,CAU,OPT,CAUN7 P6950,2027-07-09,P,0.695,0.004100000,3,
2026-09-24,CAU,OPT,CAUN7 P7000,2027-07-09,P,0.7,0.005200000,3,
2026-09-24,CAU,OPT,CAUN7 P7050,2027-07-09,P,0.705,0.006500000,3,
2026-09-24,CAU,OPT,CAUN7 P7100,2027-07-09,P,0.71,0.008100000,3,
2026-09-24,CAU,OPT,CAUN7 P7150,2027-07-09,P,0.715,0.010100000,3,
2026-09-24,CAU,OPT,CAUN7 P7200,2027-07-09,P,0.72,0.012400000,3,6
2026-09-24,CAU,OPT,CAUN7 P7250,2027-07-09,P,0.725,0.015100000,3,7
2026-09-24,CAU,OPT,CAUN7 P7300,2027-07-09,P,0.73,0.018100000,3,
2026-09-24,CAU,OPT,CAUN7 P7350,2027-07-09,P,0.735,0.021500000,3,
2026-09-24,CAU,OPT,CAUN7 P7400,2027-07-09,P,0.74,0.025200000,3,
2026-09-24,CAU,OPT,CAUN7 P7450,2027-07-09,P,0.745,0.029000000,3,
2026-09-24,CAU,OPT,CAUN7 P7500,2027-07-09,P,0.75,0.033100000,3,
2026-09-24,CAU,OPT,CAUN7 P7550,2027-07-09,P,0.755,0.037300000,3,
2026-09-24,CAU,OPT,CAUN7 P7600,2027-07-09,P,0.76,0.041700000,3,
2026-09-24,CAU,OPT,CAUN7 P7650,2027-07-09,P,0.765,0.046100000,3,
2026-09-24,CAU,OPT,CAUN7 P7700,2027-07-09,P,0.77,0.050600000,3,
2026-09-24,CAU,OPT,CAUN7 P7750,2027-07-09,P,0.775,0.055200000,3,
2026-09-24,CAU,OPT,CAUN7 P7800,2027-07-09,P,0.78,0.059900000,3,
2026-09-24,CAU,OPT,CAUN7 P7850,2027-07-09,P,0.785,0.064500000,3,
2026-09-24,CAU,OPT,CAUN7 P7900,2027-07-09,P,0.79,0.069200000,3,
2026-09-24,CAU,OPT,CAUN7 P8000,2027-07-09,P,0.8,0.078700000,3,
2026-09-24,CAU,OPT,CAUN7 P8100,2027-07-09,P,0.81,0.088300000,3,
2026-09-24,CAU,OPT,CAUN7 P8200,2027-07-09,P,0.82,0.097800000,3,
2026-09-24,CAU,OPT,CAUN7 P8300,2027-07-09,P,0.83,0.107400000,3,
2026-09-24,CAU,OPT,CAUN7 P8400,2027-07-09,P,0.84,0.117100000,3,
2026-09-24,CAU,OPT,CAUN7 P8500,2027-07-09,P,0.85,0.126700000,3,
2026-09-24,CAU,OPT,CAUN7 P8600,2027-07-09,P,0.86,0.136300000,3,
2026-09-24,CAU,OPT,CAUN7 P8700,2027-07-09,P,0.87,0.146000000,3,
2026-09-24,CAU,OPT,CAUN7 P8800,2027-07-09,P,0.88,0.155600000,3,
2026-09-24,CAU,OPT,CAUN7 P8900,2027-07-09,P,0.89,0.165300000,3,
2026-09-24,CAU,OPT,CAUQ7 C5700,2027-08-06,C,0.57,0.143400000,3,
2026-09-24,CAU,OPT,CAUQ7 C5800,2027-08-06,C,0.58,0.133800000,3,
2026-09-24,CAU,OPT,CAUQ7 C5900,2027-08-06,C,0.59,0.124200000,3,
2026-09-24,CAU,OPT,CAUQ7 C6000,2027-08-06,C,0.6,0.114700000,3,
2026-09-24,CAU,OPT,CAUQ7 C6100,2027-08-06,C,0.61,0.105100000,3,
2026-09-24,CAU,OPT,CAUQ7 C6200,2027-08-06,C,0.62,0.095500000,3,
2026-09-24,CAU,OPT,CAUQ7 C6300,2027-08-06,C,0.63,0.086000000,3,
2026-09-24,CAU,OPT,CAUQ7 C6400,2027-08-06,C,0.64,0.076500000,3,
2026-09-24,CAU,OPT,CAUQ7 C6500,2027-08-06,C,0.65,0.067100000,3,
2026-09-24,CAU,OPT,CAUQ7 C6600,2027-08-06,C,0.66,0.057800000,3,
2026-09-24,CAU,OPT,CAUQ7 C6700,2027-08-06,C,0.67,0.048800000,3,
2026-09-24,CAU,OPT,CAUQ7 C6750,2027-08-06,C,0.675,0.044300000,3,
2026-09-24,CAU,OPT,CAUQ7 C6800,2027-08-06,C,0.68,0.039900000,3,
2026-09-24,CAU,OPT,CAUQ7 C6850,2027-08-06,C,0.685,0.035700000,3,
2026-09-24,CAU,OPT,CAUQ7 C6900,2027-08-06,C,0.69,0.031600000,3,
2026-09-24,CAU,OPT,CAUQ7 C6950,2027-08-06,C,0.695,0.027600000,3,
2026-09-24,CAU,OPT,CAUQ7 C7000,2027-08-06,C,0.7,0.023900000,3,
2026-09-24,CAU,OPT,CAUQ7 C7050,2027-08-06,C,0.705,0.020500000,3,
2026-09-24,CAU,OPT,CAUQ7 C7100,2027-08-06,C,0.71,0.017300000,3,1
2026-09-24,CAU,OPT,CAUQ7 C7150,2027-08-06,C,0.715,0.014500000,3,
2026-09-24,CAU,OPT,CAUQ7 C7200,2027-08-06,C,0.72,0.012000000,3,1
2026-09-24,CAU,OPT,CAUQ7 C7250,2027-08-06,C,0.725,0.009900000,3,
2026-09-24,CAU,OPT,CAUQ7 C7300,2027-08-06,C,0.73,0.008100000,3,
2026-09-24,CAU,OPT,CAUQ7 C7350,2027-08-06,C,0.735,0.006600000,3,
2026-09-24,CAU,OPT,CAUQ7 C7400,2027-08-06,C,0.74,0.005400000,3,
2026-09-24,CAU,OPT,CAUQ7 C7450,2027-08-06,C,0.745,0.004400000,3,
2026-09-24,CAU,OPT,CAUQ7 C7500,2027-08-06,C,0.75,0.003600000,3,
2026-09-24,CAU,OPT,CAUQ7 C7550,2027-08-06,C,0.755,0.002900000,3,
2026-09-24,CAU,OPT,CAUQ7 C7600,2027-08-06,C,0.76,0.002400000,3,
2026-09-24,CAU,OPT,CAUQ7 C7650,2027-08-06,C,0.765,0.001900000,3,
2026-09-24,CAU,OPT,CAUQ7 C7700,2027-08-06,C,0.77,0.001600000,3,
2026-09-24,CAU,OPT,CAUQ7 C7750,2027-08-06,C,0.775,0.001300000,3,
2026-09-24,CAU,OPT,CAUQ7 C7800,2027-08-06,C,0.78,0.001100000,3,
2026-09-24,CAU,OPT,CAUQ7 C7850,2027-08-06,C,0.785,0.000900000,3,
2026-09-24,CAU,OPT,CAUQ7 C7900,2027-08-06,C,0.79,0.000800000,3,
2026-09-24,CAU,OPT,CAUQ7 C8000,2027-08-06,C,0.8,0.000500000,3,
2026-09-24,CAU,OPT,CAUQ7 C8100,2027-08-06,C,0.81,0.000400000,3,
2026-09-24,CAU,OPT,CAUQ7 C8200,2027-08-06,C,0.82,0.000300000,3,
2026-09-24,CAU,OPT,CAUQ7 C8300,2027-08-06,C,0.83,0.000200000,3,
2026-09-24,CAU,OPT,CAUQ7 C8400,2027-08-06,C,0.84,0.000150000,3,
2026-09-24,CAU,OPT,CAUQ7 C8500,2027-08-06,C,0.85,0.000100000,3,
2026-09-24,CAU,OPT,CAUQ7 C8600,2027-08-06,C,0.86,0.000100000,3,
2026-09-24,CAU,OPT,CAUQ7 C8700,2027-08-06,C,0.87,0.000050000,3,
2026-09-24,CAU,OPT,CAUQ7 C8800,2027-08-06,C,0.88,0.000050000,3,
2026-09-24,CAU,OPT,CAUQ7 C8900,2027-08-06,C,0.89,0.000050000,3,
2026-09-24,CAU,OPT,CAUQ7 P5700,2027-08-06,P,0.57,0.000050000,3,
2026-09-24,CAU,OPT,CAUQ7 P5800,2027-08-06,P,0.58,0.000100000,3,
2026-09-24,CAU,OPT,CAUQ7 P5900,2027-08-06,P,0.59,0.000100000,3,
2026-09-24,CAU,OPT,CAUQ7 P6000,2027-08-06,P,0.6,0.000150000,3,
2026-09-24,CAU,OPT,CAUQ7 P6100,2027-08-06,P,0.61,0.000200000,3,
2026-09-24,CAU,OPT,CAUQ7 P6200,2027-08-06,P,0.62,0.000300000,3,
2026-09-24,CAU,OPT,CAUQ7 P6300,2027-08-06,P,0.63,0.000400000,3,
2026-09-24,CAU,OPT,CAUQ7 P6400,2027-08-06,P,0.64,0.000500000,3,
2026-09-24,CAU,OPT,CAUQ7 P6500,2027-08-06,P,0.65,0.000800000,3,
2026-09-24,CAU,OPT,CAUQ7 P6600,2027-08-06,P,0.66,0.001100000,3,
2026-09-24,CAU,OPT,CAUQ7 P6700,2027-08-06,P,0.67,0.001600000,3,
2026-09-24,CAU,OPT,CAUQ7 P6750,2027-08-06,P,0.675,0.002000000,3,
2026-09-24,CAU,OPT,CAUQ7 P6800,2027-08-06,P,0.68,0.002400000,3,
2026-09-24,CAU,OPT,CAUQ7 P6850,2027-08-06,P,0.685,0.003000000,3,
2026-09-24,CAU,OPT,CAUQ7 P6900,2027-08-06,P,0.69,0.003700000,3,
2026-09-24,CAU,OPT,CAUQ7 P6950,2027-08-06,P,0.695,0.004600000,3,
2026-09-24,CAU,OPT,CAUQ7 P7000,2027-08-06,P,0.7,0.005700000,3,
2026-09-24,CAU,OPT,CAUQ7 P7050,2027-08-06,P,0.705,0.007100000,3,
2026-09-24,CAU,OPT,CAUQ7 P7100,2027-08-06,P,0.71,0.008700000,3,
2026-09-24,CAU,OPT,CAUQ7 P7150,2027-08-06,P,0.715,0.010700000,3,
2026-09-24,CAU,OPT,CAUQ7 P7200,2027-08-06,P,0.72,0.013000000,3,
2026-09-24,CAU,OPT,CAUQ7 P7250,2027-08-06,P,0.725,0.015700000,3,
2026-09-24,CAU,OPT,CAUQ7 P7300,2027-08-06,P,0.73,0.018700000,3,
2026-09-24,CAU,OPT,CAUQ7 P7350,2027-08-06,P,0.735,0.022000000,3,
2026-09-24,CAU,OPT,CAUQ7 P7400,2027-08-06,P,0.74,0.025600000,3,
2026-09-24,CAU,OPT,CAUQ7 P7450,2027-08-06,P,0.745,0.029400000,3,
2026-09-24,CAU,OPT,CAUQ7 P7500,2027-08-06,P,0.75,0.033400000,3,
2026-09-24,CAU,OPT,CAUQ7 P7550,2027-08-06,P,0.755,0.037600000,3,
2026-09-24,CAU,OPT,CAUQ7 P7600,2027-08-06,P,0.76,0.041900000,3,
2026-09-24,CAU,OPT,CAUQ7 P7650,2027-08-06,P,0.765,0.046300000,3,
2026-09-24,CAU,OPT,CAUQ7 P7700,2027-08-06,P,0.77,0.050700000,3,
2026-09-24,CAU,OPT,CAUQ7 P7750,2027-08-06,P,0.775,0.055300000,3,
2026-09-24,CAU,OPT,CAUQ7 P7800,2027-08-06,P,0.78,0.059900000,3,
2026-09-24,CAU,OPT,CAUQ7 P7850,2027-08-06,P,0.785,0.064500000,3,
2026-09-24,CAU,OPT,CAUQ7 P7900,2027-08-06,P,0.79,0.069100000,3,
2026-09-24,CAU,OPT,CAUQ7 P8000,2027-08-06,P,0.8,0.078500000,3,
2026-09-24,CAU,OPT,CAUQ7 P8100,2027-08-06,P,0.81,0.088000000,3,
2026-09-24,CAU,OPT,CAUQ7 P8200,2027-08-06,P,0.82,0.097500000,3,
2026-09-24,CAU,OPT,CAUQ7 P8300,2027-08-06,P,0.83,0.107100000,3,
2026-09-24,CAU,OPT,CAUQ7 P8400,2027-08-06,P,0.84,0.116700000,3,
2026-09-24,CAU,OPT,CAUQ7 P8500,2027-08-06,P,0.85,0.126300000,3,
2026-09-24,CAU,OPT,CAUQ7 P8600,2027-08-06,P,0.86,0.135900000,3,
2026-09-24,CAU,OPT,CAUQ7 P8700,2027-08-06,P,0.87,0.145500000,3,
2026-09-24,CAU,OPT,CAUQ7 P8800,2027-08-06,P,0.88,0.155100000,3,
2026-09-24,CAU,OPT,CAUQ7 P8900,2027-08-06,P,0.89,0.164700000,3,
2026-09-24,CAU,OPT,CAUU7 C5700,2027-09-03,C,0.57,0.142900000,3,
2026-09-24,CAU,OPT,CAUU7 C5800,2027-09-03,C,0.58,0.133300000,3,
2026-09-24,CAU,OPT,CAUU7 C5900,2027-09-03,C,0.59,0.123800000,3,
2026-09-24,CAU,OPT,CAUU7 C6000,2027-09-03,C,0.6,0.114200000,3,
2026-09-24,CAU,OPT,CAUU7 C6100,2027-09-03,C,0.61,0.104700000,3,
2026-09-24,CAU,OPT,CAUU7 C6200,2027-09-03,C,0.62,0.095200000,3,
2026-09-24,CAU,OPT,CAUU7 C6300,2027-09-03,C,0.63,0.085800000,3,
2026-09-24,CAU,OPT,CAUU7 C6400,2027-09-03,C,0.64,0.076300000,3,
2026-09-24,CAU,OPT,CAUU7 C6500,2027-09-03,C,0.65,0.067000000,3,
2026-09-24,CAU,OPT,CAUU7 C6600,2027-09-03,C,0.66,0.057800000,3,
2026-09-24,CAU,OPT,CAUU7 C6650,2027-09-03,C,0.665,0.053300000,3,
2026-09-24,CAU,OPT,CAUU7 C6700,2027-09-03,C,0.67,0.048800000,3,
2026-09-24,CAU,OPT,CAUU7 C6750,2027-09-03,C,0.675,0.044400000,3,
2026-09-24,CAU,OPT,CAUU7 C6800,2027-09-03,C,0.68,0.040100000,3,
2026-09-24,CAU,OPT,CAUU7 C6850,2027-09-03,C,0.685,0.035900000,3,
2026-09-24,CAU,OPT,CAUU7 C6900,2027-09-03,C,0.69,0.031900000,3,
2026-09-24,CAU,OPT,CAUU7 C6950,2027-09-03,C,0.695,0.028100000,3,
2026-09-24,CAU,OPT,CAUU7 C7000,2027-09-03,C,0.7,0.024400000,3,
2026-09-24,CAU,OPT,CAUU7 C7050,2027-09-03,C,0.705,0.021000000,3,
2026-09-24,CAU,OPT,CAUU7 C7100,2027-09-03,C,0.71,0.017900000,3,
2026-09-24,CAU,OPT,CAUU7 C7150,2027-09-03,C,0.715,0.015100000,3,
2026-09-24,CAU,OPT,CAUU7 C7200,2027-09-03,C,0.72,0.012600000,3,
2026-09-24,CAU,OPT,CAUU7 C7250,2027-09-03,C,0.725,0.010500000,3,
2026-09-24,CAU,OPT,CAUU7 C7300,2027-09-03,C,0.73,0.008700000,3,
2026-09-24,CAU,OPT,CAUU7 C7350,2027-09-03,C,0.735,0.007200000,3,
2026-09-24,CAU,OPT,CAUU7 C7400,2027-09-03,C,0.74,0.005900000,3,
2026-09-24,CAU,OPT,CAUU7 C7450,2027-09-03,C,0.745,0.004900000,3,
2026-09-24,CAU,OPT,CAUU7 C7500,2027-09-03,C,0.75,0.004000000,3,15
2026-09-24,CAU,OPT,CAUU7 C7550,2027-09-03,C,0.755,0.003300000,3,
2026-09-24,CAU,OPT,CAUU7 C7600,2027-09-03,C,0.76,0.002700000,3,
2026-09-24,CAU,OPT,CAUU7 C7650,2027-09-03,C,0.765,0.002200000,3,
2026-09-24,CAU,OPT,CAUU7 C7700,2027-09-03,C,0.77,0.001900000,3,
2026-09-24,CAU,OPT,CAUU7 C7750,2027-09-03,C,0.775,0.001600000,3,
2026-09-24,CAU,OPT,CAUU7 C7800,2027-09-03,C,0.78,0.001300000,3,16
2026-09-24,CAU,OPT,CAUU7 C7850,2027-09-03,C,0.785,0.001100000,3,50
2026-09-24,CAU,OPT,CAUU7 C7900,2027-09-03,C,0.79,0.000900000,3,
2026-09-24,CAU,OPT,CAUU7 C7950,2027-09-03,C,0.795,0.000800000,3,
2026-09-24,CAU,OPT,CAUU7 C8000,2027-09-03,C,0.8,0.000700000,3,
2026-09-24,CAU,OPT,CAUU7 C8050,2027-09-03,C,0.805,0.000600000,3,
2026-09-24,CAU,OPT,CAUU7 C8100,2027-09-03,C,0.81,0.000500000,3,
2026-09-24,CAU,OPT,CAUU7 C8200,2027-09-03,C,0.82,0.000400000,3,
2026-09-24,CAU,OPT,CAUU7 C8300,2027-09-03,C,0.83,0.000300000,3,
2026-09-24,CAU,OPT,CAUU7 C8400,2027-09-03,C,0.84,0.000250000,3,
2026-09-24,CAU,OPT,CAUU7 C8500,2027-09-03,C,0.85,0.000150000,3,
2026-09-24,CAU,OPT,CAUU7 C8600,2027-09-03,C,0.86,0.000100000,3,
2026-09-24,CAU,OPT,CAUU7 C8700,2027-09-03,C,0.87,0.000050000,3,
2026-09-24,CAU,OPT,CAUU7 C8800,2027-09-03,C,0.88,0.000050000,3,
2026-09-24,CAU,OPT,CAUU7 C8900,2027-09-03,C,0.89,0.000050000,3,
2026-09-24,CAU,OPT,CAUU7 C9000,2027-09-03,C,0.9,0.000050000,3,
2026-09-24,CAU,OPT,CAUU7 P5700,2027-09-03,P,0.57,0.000050000,3,
2026-09-24,CAU,OPT,CAUU7 P5800,2027-09-03,P,0.58,0.000050000,3,
2026-09-24,CAU,OPT,CAUU7 P5900,2027-09-03,P,0.59,0.000100000,3,
2026-09-24,CAU,OPT,CAUU7 P6000,2027-09-03,P,0.6,0.000150000,3,
2026-09-24,CAU,OPT,CAUU7 P6100,2027-09-03,P,0.61,0.000200000,3,
2026-09-24,CAU,OPT,CAUU7 P6200,2027-09-03,P,0.62,0.000300000,3,
2026-09-24,CAU,OPT,CAUU7 P6300,2027-09-03,P,0.63,0.000450000,3,
2026-09-24,CAU,OPT,CAUU7 P6400,2027-09-03,P,0.64,0.000600000,3,
2026-09-24,CAU,OPT,CAUU7 P6500,2027-09-03,P,0.65,0.000900000,3,
2026-09-24,CAU,OPT,CAUU7 P6600,2027-09-03,P,0.66,0.001300000,3,
2026-09-24,CAU,OPT,CAUU7 P6650,2027-09-03,P,0.665,0.001500000,3,
2026-09-24,CAU,OPT,CAUU7 P6700,2027-09-03,P,0.67,0.001800000,3,
2026-09-24,CAU,OPT,CAUU7 P6750,2027-09-03,P,0.675,0.002300000,3,50
2026-09-24,CAU,OPT,CAUU7 P6800,2027-09-03,P,0.68,0.002800000,3,139
2026-09-24,CAU,OPT,CAUU7 P6850,2027-09-03,P,0.685,0.003400000,3,
2026-09-24,CAU,OPT,CAUU7 P6900,2027-09-03,P,0.69,0.004100000,3,1
2026-09-24,CAU,OPT,CAUU7 P6950,2027-09-03,P,0.695,0.005100000,3,
2026-09-24,CAU,OPT,CAUU7 P7000,2027-09-03,P,0.7,0.006200000,3,
2026-09-24,CAU,OPT,CAUU7 P7050,2027-09-03,P,0.705,0.007600000,3,
2026-09-24,CAU,OPT,CAUU7 P7100,2027-09-03,P,0.71,0.009300000,3,
2026-09-24,CAU,OPT,CAUU7 P7150,2027-09-03,P,0.715,0.011300000,3,
2026-09-24,CAU,OPT,CAUU7 P7200,2027-09-03,P,0.72,0.013600000,3,2
2026-09-24,CAU,OPT,CAUU7 P7250,2027-09-03,P,0.725,0.016300000,3,5
2026-09-24,CAU,OPT,CAUU7 P7300,2027-09-03,P,0.73,0.019300000,3,
2026-09-24,CAU,OPT,CAUU7 P7350,2027-09-03,P,0.735,0.022600000,3,
2026-09-24,CAU,OPT,CAUU7 P7400,2027-09-03,P,0.74,0.026100000,3,
2026-09-24,CAU,OPT,CAUU7 P7450,2027-09-03,P,0.745,0.029900000,3,
2026-09-24,CAU,OPT,CAUU7 P7500,2027-09-03,P,0.75,0.033800000,3,
2026-09-24,CAU,OPT,CAUU7 P7550,2027-09-03,P,0.755,0.037900000,3,
2026-09-24,CAU,OPT,CAUU7 P7600,2027-09-03,P,0.76,0.042100000,3,
2026-09-24,CAU,OPT,CAUU7 P7650,2027-09-03,P,0.765,0.046400000,3,
2026-09-24,CAU,OPT,CAUU7 P7700,2027-09-03,P,0.77,0.050800000,3,
2026-09-24,CAU,OPT,CAUU7 P7750,2027-09-03,P,0.775,0.055300000,3,
2026-09-24,CAU,OPT,CAUU7 P7800,2027-09-03,P,0.78,0.059900000,3,
2026-09-24,CAU,OPT,CAUU7 P7850,2027-09-03,P,0.785,0.064500000,3,
2026-09-24,CAU,OPT,CAUU7 P7900,2027-09-03,P,0.79,0.069100000,3,
2026-09-24,CAU,OPT,CAUU7 P7950,2027-09-03,P,0.795,0.073700000,3,
2026-09-24,CAU,OPT,CAUU7 P8000,2027-09-03,P,0.8,0.078400000,3,
2026-09-24,CAU,OPT,CAUU7 P8050,2027-09-03,P,0.805,0.083100000,3,
2026-09-24,CAU,OPT,CAUU7 P8100,2027-09-03,P,0.81,0.087800000,3,
2026-09-24,CAU,OPT,CAUU7 P8200,2027-09-03,P,0.82,0.097300000,3,
2026-09-24,CAU,OPT,CAUU7 P8300,2027-09-03,P,0.83,0.106800000,3,
2026-09-24,CAU,OPT,CAUU7 P8400,2027-09-03,P,0.84,0.116300000,3,
2026-09-24,CAU,OPT,CAUU7 P8500,2027-09-03,P,0.85,0.125800000,3,
2026-09-24,CAU,OPT,CAUU7 P8600,2027-09-03,P,0.86,0.135400000,3,
2026-09-24,CAU,OPT,CAUU7 P8700,2027-09-03,P,0.87,0.144900000,3,
2026-09-24,CAU,OPT,CAUU7 P8800,2027-09-03,P,0.88,0.154500000,3,
2026-09-24,CAU,OPT,CAUU7 P8900,2027-09-03,P,0.89,0.164100000,3,
2026-09-24,CAU,OPT,CAUU7 P9000,2027-09-03,P,0.9,0.173600000,3,
2026-09-24,CAU,OPT,CAUZ7 C5700,2027-12-03,C,0.57,0.143800000,3,
2026-09-24,CAU,OPT,CAUZ7 C5800,2027-12-03,C,0.58,0.134400000,3,
2026-09-24,CAU,OPT,CAUZ7 C5900,2027-12-03,C,0.59,0.125000000,3,
2026-09-24,CAU,OPT,CAUZ7 C6000,2027-12-03,C,0.6,0.115700000,3,
2026-09-24,CAU,OPT,CAUZ7 C6100,2027-12-03,C,0.61,0.106500000,3,
2026-09-24,CAU,OPT,CAUZ7 C6200,2027-12-03,C,0.62,0.097300000,3,
2026-09-24,CAU,OPT,CAUZ7 C6300,2027-12-03,C,0.63,0.088200000,3,
2026-09-24,CAU,OPT,CAUZ7 C6400,2027-12-03,C,0.64,0.079200000,3,
2026-09-24,CAU,OPT,CAUZ7 C6500,2027-12-03,C,0.65,0.070300000,3,
2026-09-24,CAU,OPT,CAUZ7 C6600,2027-12-03,C,0.66,0.061700000,3,
2026-09-24,CAU,OPT,CAUZ7 C6700,2027-12-03,C,0.67,0.053300000,3,
2026-09-24,CAU,OPT,CAUZ7 C6750,2027-12-03,C,0.675,0.049200000,3,
2026-09-24,CAU,OPT,CAUZ7 C6800,2027-12-03,C,0.68,0.045200000,3,
2026-09-24,CAU,OPT,CAUZ7 C6850,2027-12-03,C,0.685,0.041300000,3,
2026-09-24,CAU,OPT,CAUZ7 C6900,2027-12-03,C,0.69,0.037500000,3,
2026-09-24,CAU,OPT,CAUZ7 C6950,2027-12-03,C,0.695,0.033800000,3,
2026-09-24,CAU,OPT,CAUZ7 C7000,2027-12-03,C,0.7,0.030400000,3,
2026-09-24,CAU,OPT,CAUZ7 C7050,2027-12-03,C,0.705,0.027100000,3,
2026-09-24,CAU,OPT,CAUZ7 C7100,2027-12-03,C,0.71,0.023900000,3,
2026-09-24,CAU,OPT,CAUZ7 C7150,2027-12-03,C,0.715,0.021000000,3,
2026-09-24,CAU,OPT,CAUZ7 C7200,2027-12-03,C,0.72,0.018400000,3,
2026-09-24,CAU,OPT,CAUZ7 C7250,2027-12-03,C,0.725,0.015900000,3,
2026-09-24,CAU,OPT,CAUZ7 C7300,2027-12-03,C,0.73,0.013700000,3,
2026-09-24,CAU,OPT,CAUZ7 C7350,2027-12-03,C,0.735,0.011800000,3,
2026-09-24,CAU,OPT,CAUZ7 C7400,2027-12-03,C,0.74,0.010100000,3,
2026-09-24,CAU,OPT,CAUZ7 C7450,2027-12-03,C,0.745,0.008600000,3,
2026-09-24,CAU,OPT,CAUZ7 C7500,2027-12-03,C,0.75,0.007400000,3,
2026-09-24,CAU,OPT,CAUZ7 C7550,2027-12-03,C,0.755,0.006300000,3,
2026-09-24,CAU,OPT,CAUZ7 C7600,2027-12-03,C,0.76,0.005500000,3,
2026-09-24,CAU,OPT,CAUZ7 C7650,2027-12-03,C,0.765,0.004700000,3,
2026-09-24,CAU,OPT,CAUZ7 C7700,2027-12-03,C,0.77,0.004100000,3,
2026-09-24,CAU,OPT,CAUZ7 C7750,2027-12-03,C,0.775,0.003600000,3,
2026-09-24,CAU,OPT,CAUZ7 C7800,2027-12-03,C,0.78,0.003200000,3,
2026-09-24,CAU,OPT,CAUZ7 C7850,2027-12-03,C,0.785,0.002800000,3,
2026-09-24,CAU,OPT,CAUZ7 C7900,2027-12-03,C,0.79,0.002500000,3,
2026-09-24,CAU,OPT,CAUZ7 C7950,2027-12-03,C,0.795,0.002200000,3,
2026-09-24,CAU,OPT,CAUZ7 C8000,2027-12-03,C,0.8,0.001900000,3,
2026-09-24,CAU,OPT,CAUZ7 C8050,2027-12-03,C,0.805,0.001700000,3,
2026-09-24,CAU,OPT,CAUZ7 C8100,2027-12-03,C,0.81,0.001500000,3,
2026-09-24,CAU,OPT,CAUZ7 C8200,2027-12-03,C,0.82,0.001100000,3,
2026-09-24,CAU,OPT,CAUZ7 C8300,2027-12-03,C,0.83,0.000800000,3,
2026-09-24,CAU,OPT,CAUZ7 C8400,2027-12-03,C,0.84,0.000600000,3,
2026-09-24,CAU,OPT,CAUZ7 C8500,2027-12-03,C,0.85,0.000450000,3,
2026-09-24,CAU,OPT,CAUZ7 C8600,2027-12-03,C,0.86,0.000300000,3,
2026-09-24,CAU,OPT,CAUZ7 C8700,2027-12-03,C,0.87,0.000200000,3,
2026-09-24,CAU,OPT,CAUZ7 C8800,2027-12-03,C,0.88,0.000150000,3,
2026-09-24,CAU,OPT,CAUZ7 C8900,2027-12-03,C,0.89,0.000100000,3,
2026-09-24,CAU,OPT,CAUZ7 C9000,2027-12-03,C,0.9,0.000050000,3,
2026-09-24,CAU,OPT,CAUZ7 P5700,2027-12-03,P,0.57,0.000300000,3,
2026-09-24,CAU,OPT,CAUZ7 P5800,2027-12-03,P,0.58,0.000400000,3,
2026-09-24,CAU,OPT,CAUZ7 P5900,2027-12-03,P,0.59,0.000500000,3,
2026-09-24,CAU,OPT,CAUZ7 P6000,2027-12-03,P,0.6,0.000700000,3,
2026-09-24,CAU,OPT,CAUZ7 P6100,2027-12-03,P,0.61,0.000900000,3,
2026-09-24,CAU,OPT,CAUZ7 P6200,2027-12-03,P,0.62,0.001200000,3,
2026-09-24,CAU,OPT,CAUZ7 P6300,2027-12-03,P,0.63,0.001600000,3,
2026-09-24,CAU,OPT,CAUZ7 P6400,2027-12-03,P,0.64,0.002100000,3,
2026-09-24,CAU,OPT,CAUZ7 P6500,2027-12-03,P,0.65,0.002700000,3,
2026-09-24,CAU,OPT,CAUZ7 P6600,2027-12-03,P,0.66,0.003500000,3,
2026-09-24,CAU,OPT,CAUZ7 P6700,2027-12-03,P,0.67,0.004600000,3,
2026-09-24,CAU,OPT,CAUZ7 P6750,2027-12-03,P,0.675,0.005200000,3,
2026-09-24,CAU,OPT,CAUZ7 P6800,2027-12-03,P,0.68,0.005900000,3,
2026-09-24,CAU,OPT,CAUZ7 P6850,2027-12-03,P,0.685,0.006800000,3,
2026-09-24,CAU,OPT,CAUZ7 P6900,2027-12-03,P,0.69,0.007700000,3,
2026-09-24,CAU,OPT,CAUZ7 P6950,2027-12-03,P,0.695,0.008800000,3,
2026-09-24,CAU,OPT,CAUZ7 P7000,2027-12-03,P,0.7,0.010100000,3,
2026-09-24,CAU,OPT,CAUZ7 P7050,2027-12-03,P,0.705,0.011500000,3,
2026-09-24,CAU,OPT,CAUZ7 P7100,2027-12-03,P,0.71,0.013100000,3,
2026-09-24,CAU,OPT,CAUZ7 P7150,2027-12-03,P,0.715,0.015000000,3,
2026-09-24,CAU,OPT,CAUZ7 P7200,2027-12-03,P,0.72,0.017000000,3,
2026-09-24,CAU,OPT,CAUZ7 P7250,2027-12-03,P,0.725,0.019300000,3,
2026-09-24,CAU,OPT,CAUZ7 P7300,2027-12-03,P,0.73,0.021900000,3,
2026-09-24,CAU,OPT,CAUZ7 P7350,2027-12-03,P,0.735,0.024700000,3,
2026-09-24,CAU,OPT,CAUZ7 P7400,2027-12-03,P,0.74,0.027700000,3,
2026-09-24,CAU,OPT,CAUZ7 P7450,2027-12-03,P,0.745,0.031000000,3,
2026-09-24,CAU,OPT,CAUZ7 P7500,2027-12-03,P,0.75,0.034500000,3,
2026-09-24,CAU,OPT,CAUZ7 P7550,2027-12-03,P,0.755,0.038200000,3,
2026-09-24,CAU,OPT,CAUZ7 P7600,2027-12-03,P,0.76,0.042000000,3,
2026-09-24,CAU,OPT,CAUZ7 P7650,2027-12-03,P,0.765,0.046000000,3,
2026-09-24,CAU,OPT,CAUZ7 P7700,2027-12-03,P,0.77,0.050200000,3,
2026-09-24,CAU,OPT,CAUZ7 P7750,2027-12-03,P,0.775,0.054400000,3,
2026-09-24,CAU,OPT,CAUZ7 P7800,2027-12-03,P,0.78,0.058700000,3,
2026-09-24,CAU,OPT,CAUZ7 P7850,2027-12-03,P,0.785,0.063000000,3,
2026-09-24,CAU,OPT,CAUZ7 P7900,2027-12-03,P,0.79,0.067500000,3,
2026-09-24,CAU,OPT,CAUZ7 P7950,2027-12-03,P,0.795,0.071900000,3,
2026-09-24,CAU,OPT,CAUZ7 P8000,2027-12-03,P,0.8,0.076400000,3,
2026-09-24,CAU,OPT,CAUZ7 P8050,2027-12-03,P,0.805,0.080900000,3,
2026-09-24,CAU,OPT,CAUZ7 P8100,2027-12-03,P,0.81,0.085400000,3,
2026-09-24,CAU,OPT,CAUZ7 P8200,2027-12-03,P,0.82,0.094600000,3,
2026-09-24,CAU,OPT,CAUZ7 P8300,2027-12-03,P,0.83,0.103700000,3,
2026-09-24,CAU,OPT,CAUZ7 P8400,2027-12-03,P,0.84,0.113000000,3,
2026-09-24,CAU,OPT,CAUZ7 P8500,2027-12-03,P,0.85,0.122300000,3,
2026-09-24,CAU,OPT,CAUZ7 P8600,2027-12-03,P,0.86,0.131600000,3,
2026-09-24,CAU,OPT,CAUZ7 P8700,2027-12-03,P,0.87,0.141000000,3,
2026-09-24,CAU,OPT,CAUZ7 P8800,2027-12-03,P,0.88,0.150400000,3,
2026-09-24,CAU,OPT,CAUZ7 P8900,2027-12-03,P,0.89,0.159900000,3,
2026-09-24,CAU,OPT,CAUZ7 P9000,2027-12-03,P,0.9,0.169300000,3,
2026-09-24,CAU,OPT,CAUH8 C5700,2028-03-03,C,0.57,0.144000000,3,
2026-09-24,CAU,OPT,CAUH8 C5800,2028-03-03,C,0.58,0.134700000,3,
2026-09-24,CAU,OPT,CAUH8 C5900,2028-03-03,C,0.59,0.125500000,3,
2026-09-24,CAU,OPT,CAUH8 C6000,2028-03-03,C,0.6,0.116200000,3,
2026-09-24,CAU,OPT,CAUH8 C6100,2028-03-03,C,0.61,0.107000000,3,
2026-09-24,CAU,OPT,CAUH8 C6200,2028-03-03,C,0.62,0.097900000,3,
2026-09-24,CAU,OPT,CAUH8 C6300,2028-03-03,C,0.63,0.088800000,3,
2026-09-24,CAU,OPT,CAUH8 C6400,2028-03-03,C,0.64,0.079900000,3,
2026-09-24,CAU,OPT,CAUH8 C6500,2028-03-03,C,0.65,0.071100000,3,
2026-09-24,CAU,OPT,CAUH8 C6600,2028-03-03,C,0.66,0.062400000,3,
2026-09-24,CAU,OPT,CAUH8 C6700,2028-03-03,C,0.67,0.054000000,3,
2026-09-24,CAU,OPT,CAUH8 C6750,2028-03-03,C,0.675,0.049900000,3,
2026-09-24,CAU,OPT,CAUH8 C6800,2028-03-03,C,0.68,0.045900000,3,
2026-09-24,CAU,OPT,CAUH8 C6850,2028-03-03,C,0.685,0.042000000,3,
2026-09-24,CAU,OPT,CAUH8 C6900,2028-03-03,C,0.69,0.038200000,3,
2026-09-24,CAU,OPT,CAUH8 C6950,2028-03-03,C,0.695,0.034500000,3,
2026-09-24,CAU,OPT,CAUH8 C7000,2028-03-03,C,0.7,0.030900000,3,
2026-09-24,CAU,OPT,CAUH8 C7050,2028-03-03,C,0.705,0.027600000,3,
2026-09-24,CAU,OPT,CAUH8 C7100,2028-03-03,C,0.71,0.024300000,3,
2026-09-24,CAU,OPT,CAUH8 C7150,2028-03-03,C,0.715,0.021400000,3,
2026-09-24,CAU,OPT,CAUH8 C7200,2028-03-03,C,0.72,0.018600000,3,
2026-09-24,CAU,OPT,CAUH8 C7250,2028-03-03,C,0.725,0.016100000,3,
2026-09-24,CAU,OPT,CAUH8 C7300,2028-03-03,C,0.73,0.013800000,3,
2026-09-24,CAU,OPT,CAUH8 C7350,2028-03-03,C,0.735,0.011800000,3,
2026-09-24,CAU,OPT,CAUH8 C7400,2028-03-03,C,0.74,0.010000000,3,1
2026-09-24,CAU,OPT,CAUH8 C7450,2028-03-03,C,0.745,0.008600000,3,
2026-09-24,CAU,OPT,CAUH8 C7500,2028-03-03,C,0.75,0.007300000,3,
2026-09-24,CAU,OPT,CAUH8 C7550,2028-03-03,C,0.755,0.006300000,3,
2026-09-24,CAU,OPT,CAUH8 C7600,2028-03-03,C,0.76,0.005400000,3,
2026-09-24,CAU,OPT,CAUH8 C7650,2028-03-03,C,0.765,0.004700000,3,
2026-09-24,CAU,OPT,CAUH8 C7700,2028-03-03,C,0.77,0.004000000,3,
2026-09-24,CAU,OPT,CAUH8 C7750,2028-03-03,C,0.775,0.003500000,3,
2026-09-24,CAU,OPT,CAUH8 C7800,2028-03-03,C,0.78,0.003100000,3,
2026-09-24,CAU,OPT,CAUH8 C7850,2028-03-03,C,0.785,0.002700000,3,
2026-09-24,CAU,OPT,CAUH8 C7900,2028-03-03,C,0.79,0.002300000,3,
2026-09-24,CAU,OPT,CAUH8 C7950,2028-03-03,C,0.795,0.002100000,3,
2026-09-24,CAU,OPT,CAUH8 C8000,2028-03-03,C,0.8,0.001800000,3,
2026-09-24,CAU,OPT,CAUH8 C8100,2028-03-03,C,0.81,0.001400000,3,
2026-09-24,CAU,OPT,CAUH8 C8200,2028-03-03,C,0.82,0.001000000,3,
2026-09-24,CAU,OPT,CAUH8 C8300,2028-03-03,C,0.83,0.000800000,3,
2026-09-24,CAU,OPT,CAUH8 C8400,2028-03-03,C,0.84,0.000600000,3,
2026-09-24,CAU,OPT,CAUH8 C8500,2028-03-03,C,0.85,0.000450000,3,
2026-09-24,CAU,OPT,CAUH8 C8600,2028-03-03,C,0.86,0.000300000,3,
2026-09-24,CAU,OPT,CAUH8 C8700,2028-03-03,C,0.87,0.000250000,3,
2026-09-24,CAU,OPT,CAUH8 C8800,2028-03-03,C,0.88,0.000150000,3,
2026-09-24,CAU,OPT,CAUH8 C8900,2028-03-03,C,0.89,0.000100000,3,
2026-09-24,CAU,OPT,CAUH8 C9000,2028-03-03,C,0.9,0.000050000,3,
2026-09-24,CAU,OPT,CAUH8 P5700,2028-03-03,P,0.57,0.000200000,3,
2026-09-24,CAU,OPT,CAUH8 P5800,2028-03-03,P,0.58,0.000250000,3,
2026-09-24,CAU,OPT,CAUH8 P5900,2028-03-03,P,0.59,0.000350000,3,
2026-09-24,CAU,OPT,CAUH8 P6000,2028-03-03,P,0.6,0.000450000,3,
2026-09-24,CAU,OPT,CAUH8 P6100,2028-03-03,P,0.61,0.000600000,3,
2026-09-24,CAU,OPT,CAUH8 P6200,2028-03-03,P,0.62,0.000900000,3,
2026-09-24,CAU,OPT,CAUH8 P6300,2028-03-03,P,0.63,0.001200000,3,
2026-09-24,CAU,OPT,CAUH8 P6400,2028-03-03,P,0.64,0.001600000,3,
2026-09-24,CAU,OPT,CAUH8 P6500,2028-03-03,P,0.65,0.002100000,3,
2026-09-24,CAU,OPT,CAUH8 P6600,2028-03-03,P,0.66,0.002800000,3,
2026-09-24,CAU,OPT,CAUH8 P6700,2028-03-03,P,0.67,0.003800000,3,
2026-09-24,CAU,OPT,CAUH8 P6750,2028-03-03,P,0.675,0.004400000,3,
2026-09-24,CAU,OPT,CAUH8 P6800,2028-03-03,P,0.68,0.005100000,3,
2026-09-24,CAU,OPT,CAUH8 P6850,2028-03-03,P,0.685,0.005800000,3,
2026-09-24,CAU,OPT,CAUH8 P6900,2028-03-03,P,0.69,0.006700000,3,
2026-09-24,CAU,OPT,CAUH8 P6950,2028-03-03,P,0.695,0.007700000,3,
2026-09-24,CAU,OPT,CAUH8 P7000,2028-03-03,P,0.7,0.008800000,3,
2026-09-24,CAU,OPT,CAUH8 P7050,2028-03-03,P,0.705,0.010100000,3,
2026-09-24,CAU,OPT,CAUH8 P7100,2028-03-03,P,0.71,0.011600000,3,
2026-09-24,CAU,OPT,CAUH8 P7150,2028-03-03,P,0.715,0.013300000,3,
2026-09-24,CAU,OPT,CAUH8 P7200,2028-03-03,P,0.72,0.015200000,3,
2026-09-24,CAU,OPT,CAUH8 P7250,2028-03-03,P,0.725,0.017300000,3,
2026-09-24,CAU,OPT,CAUH8 P7300,2028-03-03,P,0.73,0.019700000,3,
2026-09-24,CAU,OPT,CAUH8 P7350,2028-03-03,P,0.735,0.022400000,3,
2026-09-24,CAU,OPT,CAUH8 P7400,2028-03-03,P,0.74,0.025400000,3,
2026-09-24,CAU,OPT,CAUH8 P7450,2028-03-03,P,0.745,0.028500000,3,
2026-09-24,CAU,OPT,CAUH8 P7500,2028-03-03,P,0.75,0.032000000,3,
2026-09-24,CAU,OPT,CAUH8 P7550,2028-03-03,P,0.755,0.035600000,3,
2026-09-24,CAU,OPT,CAUH8 P7600,2028-03-03,P,0.76,0.039400000,3,
2026-09-24,CAU,OPT,CAUH8 P7650,2028-03-03,P,0.765,0.043400000,3,
2026-09-24,CAU,OPT,CAUH8 P7700,2028-03-03,P,0.77,0.047400000,3,
2026-09-24,CAU,OPT,CAUH8 P7750,2028-03-03,P,0.775,0.051600000,3,
2026-09-24,CAU,OPT,CAUH8 P7800,2028-03-03,P,0.78,0.055800000,3,
2026-09-24,CAU,OPT,CAUH8 P7850,2028-03-03,P,0.785,0.060100000,3,
2026-09-24,CAU,OPT,CAUH8 P7900,2028-03-03,P,0.79,0.064500000,3,
2026-09-24,CAU,OPT,CAUH8 P7950,2028-03-03,P,0.795,0.068800000,3,
2026-09-24,CAU,OPT,CAUH8 P8000,2028-03-03,P,0.8,0.073300000,3,
2026-09-24,CAU,OPT,CAUH8 P8100,2028-03-03,P,0.81,0.082200000,3,
2026-09-24,CAU,OPT,CAUH8 P8200,2028-03-03,P,0.82,0.091200000,3,
2026-09-24,CAU,OPT,CAUH8 P8300,2028-03-03,P,0.83,0.100400000,3,
2026-09-24,CAU,OPT,CAUH8 P8400,2028-03-03,P,0.84,0.109500000,3,
2026-09-24,CAU,OPT,CAUH8 P8500,2028-03-03,P,0.85,0.118700000,3,
2026-09-24,CAU,OPT,CAUH8 P8600,2028-03-03,P,0.86,0.128000000,3,
2026-09-24,CAU,OPT,CAUH8 P8700,2028-03-03,P,0.87,0.137200000,3,
2026-09-24,CAU,OPT,CAUH8 P8800,2028-03-03,P,0.88,0.146500000,3,
2026-09-24,CAU,OPT,CAUH8 P8900,2028-03-03,P,0.89,0.155800000,3,
2026-09-24,CAU,OPT,CAUH8 P9000,2028-03-03,P,0.9,0.165200000,3,
2026-09-24,CAU,OPT,CAUM8 C5800,2028-06-09,C,0.58,0.135400000,3,
2026-09-24,CAU,OPT,CAUM8 C5900,2028-06-09,C,0.59,0.126300000,3,
2026-09-24,CAU,OPT,CAUM8 C6000,2028-06-09,C,0.6,0.117200000,3,
2026-09-24,CAU,OPT,CAUM8 C6100,2028-06-09,C,0.61,0.108200000,3,
2026-09-24,CAU,OPT,CAUM8 C6200,2028-06-09,C,0.62,0.099200000,3,
2026-09-24,CAU,OPT,CAUM8 C6300,2028-06-09,C,0.63,0.090300000,3,
2026-09-24,CAU,OPT,CAUM8 C6400,2028-06-09,C,0.64,0.081500000,3,
2026-09-24,CAU,OPT,CAUM8 C6500,2028-06-09,C,0.65,0.072800000,3,
2026-09-24,CAU,OPT,CAUM8 C6600,2028-06-09,C,0.66,0.064300000,3,
2026-09-24,CAU,OPT,CAUM8 C6700,2028-06-09,C,0.67,0.056000000,3,
2026-09-24,CAU,OPT,CAUM8 C6750,2028-06-09,C,0.675,0.052000000,3,
2026-09-24,CAU,OPT,CAUM8 C6800,2028-06-09,C,0.68,0.048000000,3,
2026-09-24,CAU,OPT,CAUM8 C6850,2028-06-09,C,0.685,0.044100000,3,
2026-09-24,CAU,OPT,CAUM8 C6900,2028-06-09,C,0.69,0.040300000,3,
2026-09-24,CAU,OPT,CAUM8 C6950,2028-06-09,C,0.695,0.036600000,3,
2026-09-24,CAU,OPT,CAUM8 C7000,2028-06-09,C,0.7,0.033100000,3,
2026-09-24,CAU,OPT,CAUM8 C7050,2028-06-09,C,0.705,0.029700000,3,
2026-09-24,CAU,OPT,CAUM8 C7100,2028-06-09,C,0.71,0.026400000,3,
2026-09-24,CAU,OPT,CAUM8 C7150,2028-06-09,C,0.715,0.023400000,3,
2026-09-24,CAU,OPT,CAUM8 C7200,2028-06-09,C,0.72,0.020500000,3,
2026-09-24,CAU,OPT,CAUM8 C7250,2028-06-09,C,0.725,0.017900000,3,
2026-09-24,CAU,OPT,CAUM8 C7300,2028-06-09,C,0.73,0.015600000,3,
2026-09-24,CAU,OPT,CAUM8 C7350,2028-06-09,C,0.735,0.013500000,3,
2026-09-24,CAU,OPT,CAUM8 C7400,2028-06-09,C,0.74,0.011600000,3,
2026-09-24,CAU,OPT,CAUM8 C7450,2028-06-09,C,0.745,0.010000000,3,
2026-09-24,CAU,OPT,CAUM8 C7500,2028-06-09,C,0.75,0.008600000,3,
2026-09-24,CAU,OPT,CAUM8 C7550,2028-06-09,C,0.755,0.007400000,3,1
2026-09-24,CAU,OPT,CAUM8 C7600,2028-06-09,C,0.76,0.006400000,3,5
2026-09-24,CAU,OPT,CAUM8 C7650,2028-06-09,C,0.765,0.005500000,3,4
2026-09-24,CAU,OPT,CAUM8 C7700,2028-06-09,C,0.77,0.004800000,3,
2026-09-24,CAU,OPT,CAUM8 C7750,2028-06-09,C,0.775,0.004100000,3,
2026-09-24,CAU,OPT,CAUM8 C7800,2028-06-09,C,0.78,0.003600000,3,
2026-09-24,CAU,OPT,CAUM8 C7850,2028-06-09,C,0.785,0.003100000,3,
2026-09-24,CAU,OPT,CAUM8 C7900,2028-06-09,C,0.79,0.002700000,3,
2026-09-24,CAU,OPT,CAUM8 C7950,2028-06-09,C,0.795,0.002300000,3,
2026-09-24,CAU,OPT,CAUM8 C8000,2028-06-09,C,0.8,0.002000000,3,
2026-09-24,CAU,OPT,CAUM8 C8100,2028-06-09,C,0.81,0.001500000,3,
2026-09-24,CAU,OPT,CAUM8 C8200,2028-06-09,C,0.82,0.001200000,3,
2026-09-24,CAU,OPT,CAUM8 C8300,2028-06-09,C,0.83,0.000900000,3,
2026-09-24,CAU,OPT,CAUM8 C8400,2028-06-09,C,0.84,0.000700000,3,
2026-09-24,CAU,OPT,CAUM8 C8500,2028-06-09,C,0.85,0.000500000,3,
2026-09-24,CAU,OPT,CAUM8 C8600,2028-06-09,C,0.86,0.000400000,3,
2026-09-24,CAU,OPT,CAUM8 C8700,2028-06-09,C,0.87,0.000300000,3,
2026-09-24,CAU,OPT,CAUM8 C8800,2028-06-09,C,0.88,0.000250000,3,
2026-09-24,CAU,OPT,CAUM8 C8900,2028-06-09,C,0.89,0.000200000,3,
2026-09-24,CAU,OPT,CAUM8 P5800,2028-06-09,P,0.58,0.000350000,3,
2026-09-24,CAU,OPT,CAUM8 P5900,2028-06-09,P,0.59,0.000500000,3,
2026-09-24,CAU,OPT,CAUM8 P6000,2028-06-09,P,0.6,0.000600000,3,
2026-09-24,CAU,OPT,CAUM8 P6100,2028-06-09,P,0.61,0.000800000,3,
2026-09-24,CAU,OPT,CAUM8 P6200,2028-06-09,P,0.62,0.001100000,3,
2026-09-24,CAU,OPT,CAUM8 P6300,2028-06-09,P,0.63,0.001400000,3,
2026-09-24,CAU,OPT,CAUM8 P6400,2028-06-09,P,0.64,0.001900000,3,
2026-09-24,CAU,OPT,CAUM8 P6500,2028-06-09,P,0.65,0.002400000,3,
2026-09-24,CAU,OPT,CAUM8 P6600,2028-06-09,P,0.66,0.003200000,3,
2026-09-24,CAU,OPT,CAUM8 P6700,2028-06-09,P,0.67,0.004100000,3,
2026-09-24,CAU,OPT,CAUM8 P6750,2028-06-09,P,0.675,0.004700000,3,
2026-09-24,CAU,OPT,CAUM8 P6800,2028-06-09,P,0.68,0.005300000,3,
2026-09-24,CAU,OPT,CAUM8 P6850,2028-06-09,P,0.685,0.006100000,3,
2026-09-24,CAU,OPT,CAUM8 P6900,2028-06-09,P,0.69,0.006900000,3,
2026-09-24,CAU,OPT,CAUM8 P6950,2028-06-09,P,0.695,0.007900000,3,
2026-09-24,CAU,OPT,CAUM8 P7000,2028-06-09,P,0.7,0.008900000,3,
2026-09-24,CAU,OPT,CAUM8 P7050,2028-06-09,P,0.705,0.010100000,3,
2026-09-24,CAU,OPT,CAUM8 P7100,2028-06-09,P,0.71,0.011500000,3,
2026-09-24,CAU,OPT,CAUM8 P7150,2028-06-09,P,0.715,0.013100000,3,
2026-09-24,CAU,OPT,CAUM8 P7200,2028-06-09,P,0.72,0.014800000,3,
2026-09-24,CAU,OPT,CAUM8 P7250,2028-06-09,P,0.725,0.016900000,3,
2026-09-24,CAU,OPT,CAUM8 P7300,2028-06-09,P,0.73,0.019100000,3,
2026-09-24,CAU,OPT,CAUM8 P7350,2028-06-09,P,0.735,0.021600000,3,
2026-09-24,CAU,OPT,CAUM8 P7400,2028-06-09,P,0.74,0.024400000,3,
2026-09-24,CAU,OPT,CAUM8 P7450,2028-06-09,P,0.745,0.027400000,3,
2026-09-24,CAU,OPT,CAUM8 P7500,2028-06-09,P,0.75,0.030600000,3,
2026-09-24,CAU,OPT,CAUM8 P7550,2028-06-09,P,0.755,0.034100000,3,
2026-09-24,CAU,OPT,CAUM8 P7600,2028-06-09,P,0.76,0.037700000,3,
2026-09-24,CAU,OPT,CAUM8 P7650,2028-06-09,P,0.765,0.041400000,3,
2026-09-24,CAU,OPT,CAUM8 P7700,2028-06-09,P,0.77,0.045300000,3,
2026-09-24,CAU,OPT,CAUM8 P7750,2028-06-09,P,0.775,0.049300000,3,
2026-09-24,CAU,OPT,CAUM8 P7800,2028-06-09,P,0.78,0.053400000,3,
2026-09-24,CAU,OPT,CAUM8 P7850,2028-06-09,P,0.785,0.057500000,3,
2026-09-24,CAU,OPT,CAUM8 P7900,2028-06-09,P,0.79,0.061700000,3,
2026-09-24,CAU,OPT,CAUM8 P7950,2028-06-09,P,0.795,0.066000000,3,
2026-09-24,CAU,OPT,CAUM8 P8000,2028-06-09,P,0.8,0.070300000,3,
2026-09-24,CAU,OPT,CAUM8 P8100,2028-06-09,P,0.81,0.079000000,3,
2026-09-24,CAU,OPT,CAUM8 P8200,2028-06-09,P,0.82,0.087900000,3,
2026-09-24,CAU,OPT,CAUM8 P8300,2028-06-09,P,0.83,0.096900000,3,
2026-09-24,CAU,OPT,CAUM8 P8400,2028-06-09,P,0.84,0.105900000,3,
2026-09-24,CAU,OPT,CAUM8 P8500,2028-06-09,P,0.85,0.115000000,3,
2026-09-24,CAU,OPT,CAUM8 P8600,2028-06-09,P,0.86,0.124100000,3,
2026-09-24,CAU,OPT,CAUM8 P8700,2028-06-09,P,0.87,0.133200000,3,
2026-09-24,CAU,OPT,CAUM8 P8800,2028-06-09,P,0.88,0.142400000,3,
2026-09-24,CAU,OPT,CAUM8 P8900,2028-06-09,P,0.89,0.151600000,3,
2026-09-24,CAU,OPT,CAUU8 C5800,2028-09-08,C,0.58,0.136700000,3,
2026-09-24,CAU,OPT,CAUU8 C5900,2028-09-08,C,0.59,0.127800000,3,
2026-09-24,CAU,OPT,CAUU8 C6000,2028-09-08,C,0.6,0.119000000,3,
2026-09-24,CAU,OPT,CAUU8 C6100,2028-09-08,C,0.61,0.110200000,3,
2026-09-24,CAU,OPT,CAUU8 C6200,2028-09-08,C,0.62,0.101600000,3,
2026-09-24,CAU,OPT,CAUU8 C6300,2028-09-08,C,0.63,0.093000000,3,
2026-09-24,CAU,OPT,CAUU8 C6400,2028-09-08,C,0.64,0.084600000,3,
2026-09-24,CAU,OPT,CAUU8 C6500,2028-09-08,C,0.65,0.076300000,3,
2026-09-24,CAU,OPT,CAUU8 C6600,2028-09-08,C,0.66,0.068300000,3,
2026-09-24,CAU,OPT,CAUU8 C6700,2028-09-08,C,0.67,0.060400000,3,
2026-09-24,CAU,OPT,CAUU8 C6800,2028-09-08,C,0.68,0.052800000,3,
2026-09-24,CAU,OPT,CAUU8 C6850,2028-09-08,C,0.685,0.049100000,3,
2026-09-24,CAU,OPT,CAUU8 C6900,2028-09-08,C,0.69,0.045500000,3,
2026-09-24,CAU,OPT,CAUU8 C6950,2028-09-08,C,0.695,0.042000000,3,
2026-09-24,CAU,OPT,CAUU8 C7000,2028-09-08,C,0.7,0.038600000,3,
2026-09-24,CAU,OPT,CAUU8 C7050,2028-09-08,C,0.705,0.035300000,3,
2026-09-24,CAU,OPT,CAUU8 C7100,2028-09-08,C,0.71,0.032200000,3,
2026-09-24,CAU,OPT,CAUU8 C7150,2028-09-08,C,0.715,0.029200000,3,
2026-09-24,CAU,OPT,CAUU8 C7200,2028-09-08,C,0.72,0.026400000,3,
2026-09-24,CAU,OPT,CAUU8 C7250,2028-09-08,C,0.725,0.023800000,3,
2026-09-24,CAU,OPT,CAUU8 C7300,2028-09-08,C,0.73,0.021400000,3,
2026-09-24,CAU,OPT,CAUU8 C7350,2028-09-08,C,0.735,0.019200000,3,
2026-09-24,CAU,OPT,CAUU8 C7400,2028-09-08,C,0.74,0.017200000,3,
2026-09-24,CAU,OPT,CAUU8 C7450,2028-09-08,C,0.745,0.015400000,3,
2026-09-24,CAU,OPT,CAUU8 C7500,2028-09-08,C,0.75,0.013900000,3,
2026-09-24,CAU,OPT,CAUU8 C7550,2028-09-08,C,0.755,0.012400000,3,
2026-09-24,CAU,OPT,CAUU8 C7600,2028-09-08,C,0.76,0.011200000,3,
2026-09-24,CAU,OPT,CAUU8 C7650,2028-09-08,C,0.765,0.010100000,3,
2026-09-24,CAU,OPT,CAUU8 C7700,2028-09-08,C,0.77,0.009100000,3,6
2026-09-24,CAU,OPT,CAUU8 C7750,2028-09-08,C,0.775,0.008200000,3,3
2026-09-24,CAU,OPT,CAUU8 C7800,2028-09-08,C,0.78,0.007400000,3,
2026-09-24,CAU,OPT,CAUU8 C7850,2028-09-08,C,0.785,0.006700000,3,
2026-09-24,CAU,OPT,CAUU8 C7900,2028-09-08,C,0.79,0.006000000,3,
2026-09-24,CAU,OPT,CAUU8 C7950,2028-09-08,C,0.795,0.005500000,3,
2026-09-24,CAU,OPT,CAUU8 C8000,2028-09-08,C,0.8,0.004900000,3,
2026-09-24,CAU,OPT,CAUU8 C8100,2028-09-08,C,0.81,0.004100000,3,
2026-09-24,CAU,OPT,CAUU8 C8200,2028-09-08,C,0.82,0.003400000,3,
2026-09-24,CAU,OPT,CAUU8 C8300,2028-09-08,C,0.83,0.002800000,3,44
2026-09-24,CAU,OPT,CAUU8 C8400,2028-09-08,C,0.84,0.002400000,3,28
2026-09-24,CAU,OPT,CAUU8 C8500,2028-09-08,C,0.85,0.002000000,3,
2026-09-24,CAU,OPT,CAUU8 C8600,2028-09-08,C,0.86,0.001600000,3,
2026-09-24,CAU,OPT,CAUU8 C8700,2028-09-08,C,0.87,0.001400000,3,
2026-09-24,CAU,OPT,CAUU8 C8800,2028-09-08,C,0.88,0.001100000,3,
2026-09-24,CAU,OPT,CAUU8 C8900,2028-09-08,C,0.89,0.001000000,3,
2026-09-24,CAU,OPT,CAUU8 P5800,2028-09-08,P,0.58,0.001100000,3,
2026-09-24,CAU,OPT,CAUU8 P5900,2028-09-08,P,0.59,0.001300000,3,
2026-09-24,CAU,OPT,CAUU8 P6000,2028-09-08,P,0.6,0.001600000,3,
2026-09-24,CAU,OPT,CAUU8 P6100,2028-09-08,P,0.61,0.002000000,3,
2026-09-24,CAU,OPT,CAUU8 P6200,2028-09-08,P,0.62,0.002500000,3,
2026-09-24,CAU,OPT,CAUU8 P6300,2028-09-08,P,0.63,0.003100000,3,
2026-09-24,CAU,OPT,CAUU8 P6400,2028-09-08,P,0.64,0.003800000,3,
2026-09-24,CAU,OPT,CAUU8 P6500,2028-09-08,P,0.65,0.004700000,3,
2026-09-24,CAU,OPT,CAUU8 P6600,2028-09-08,P,0.66,0.005700000,3,
2026-09-24,CAU,OPT,CAUU8 P6700,2028-09-08,P,0.67,0.007000000,3,
2026-09-24,CAU,OPT,CAUU8 P6800,2028-09-08,P,0.68,0.008500000,3,
2026-09-24,CAU,OPT,CAUU8 P6850,2028-09-08,P,0.685,0.009400000,3,
2026-09-24,CAU,OPT,CAUU8 P6900,2028-09-08,P,0.69,0.010400000,3,
2026-09-24,CAU,OPT,CAUU8 P6950,2028-09-08,P,0.695,0.011500000,3,
2026-09-24,CAU,OPT,CAUU8 P7000,2028-09-08,P,0.7,0.012600000,3,
2026-09-24,CAU,OPT,CAUU8 P7050,2028-09-08,P,0.705,0.013900000,3,
2026-09-24,CAU,OPT,CAUU8 P7100,2028-09-08,P,0.71,0.015300000,3,
2026-09-24,CAU,OPT,CAUU8 P7150,2028-09-08,P,0.715,0.016800000,3,
2026-09-24,CAU,OPT,CAUU8 P7200,2028-09-08,P,0.72,0.018600000,3,
2026-09-24,CAU,OPT,CAUU8 P7250,2028-09-08,P,0.725,0.020600000,3,
2026-09-24,CAU,OPT,CAUU8 P7300,2028-09-08,P,0.73,0.022700000,3,
2026-09-24,CAU,OPT,CAUU8 P7350,2028-09-08,P,0.735,0.025100000,3,
2026-09-24,CAU,OPT,CAUU8 P7400,2028-09-08,P,0.74,0.027700000,3,
2026-09-24,CAU,OPT,CAUU8 P7450,2028-09-08,P,0.745,0.030500000,3,
2026-09-24,CAU,OPT,CAUU8 P7500,2028-09-08,P,0.75,0.033500000,3,
2026-09-24,CAU,OPT,CAUU8 P7550,2028-09-08,P,0.755,0.036600000,3,
2026-09-24,CAU,OPT,CAUU8 P7600,2028-09-08,P,0.76,0.039900000,3,
2026-09-24,CAU,OPT,CAUU8 P7650,2028-09-08,P,0.765,0.043400000,3,
2026-09-24,CAU,OPT,CAUU8 P7700,2028-09-08,P,0.77,0.047000000,3,
2026-09-24,CAU,OPT,CAUU8 P7750,2028-09-08,P,0.775,0.050600000,3,
2026-09-24,CAU,OPT,CAUU8 P7800,2028-09-08,P,0.78,0.054400000,3,
2026-09-24,CAU,OPT,CAUU8 P7850,2028-09-08,P,0.785,0.058300000,3,
2026-09-24,CAU,OPT,CAUU8 P7900,2028-09-08,P,0.79,0.062200000,3,
2026-09-24,CAU,OPT,CAUU8 P7950,2028-09-08,P,0.795,0.066200000,3,
2026-09-24,CAU,OPT,CAUU8 P8000,2028-09-08,P,0.8,0.070200000,3,
2026-09-24,CAU,OPT,CAUU8 P8100,2028-09-08,P,0.81,0.078500000,3,
2026-09-24,CAU,OPT,CAUU8 P8200,2028-09-08,P,0.82,0.086900000,3,
2026-09-24,CAU,OPT,CAUU8 P8300,2028-09-08,P,0.83,0.095500000,3,
2026-09-24,CAU,OPT,CAUU8 P8400,2028-09-08,P,0.84,0.104200000,3,
2026-09-24,CAU,OPT,CAUU8 P8500,2028-09-08,P,0.85,0.112900000,3,
2026-09-24,CAU,OPT,CAUU8 P8600,2028-09-08,P,0.86,0.121700000,3,
2026-09-24,CAU,OPT,CAUU8 P8700,2028-09-08,P,0.87,0.130600000,3,
2026-09-24,CAU,OPT,CAUU8 P8800,2028-09-08,P,0.88,0.139500000,3,
2026-09-24,CAU,OPT,CAUU8 P8900,2028-09-08,P,0.89,0.148400000,3,
