session,root,type,symbol,expiry,right,strike,settle,settle_flag,oi
2026-09-15,JPU,OPT,JPUV6 C0470,2026-10-09,C,0.0047,0.001791000,3,
2026-09-15,JPU,OPT,JPUV6 C0480,2026-10-09,C,0.0048,0.001691000,3,
2026-09-15,JPU,OPT,JPUV6 C0490,2026-10-09,C,0.0049,0.001591000,3,
2026-09-15,JPU,OPT,JPUV6 C0500,2026-10-09,C,0.005,0.001491000,3,
2026-09-15,JPU,OPT,JPUV6 C0510,2026-10-09,C,0.0051,0.001392000,3,
2026-09-15,JPU,OPT,JPUV6 C0520,2026-10-09,C,0.0052,0.001292000,3,
2026-09-15,JPU,OPT,JPUV6 C0530,2026-10-09,C,0.0053,0.001192000,3,
2026-09-15,JPU,OPT,JPUV6 C0540,2026-10-09,C,0.0054,0.001092000,3,
2026-09-15,JPU,OPT,JPUV6 C0550,2026-10-09,C,0.0055,0.000993000,3,
2026-09-15,JPU,OPT,JPUV6 C0560,2026-10-09,C,0.0056,0.000893000,3,
2026-09-15,JPU,OPT,JPUV6 C0565,2026-10-09,C,0.00565,0.000843000,3,
2026-09-15,JPU,OPT,JPUV6 C0570,2026-10-09,C,0.0057,0.000793000,3,
2026-09-15,JPU,OPT,JPUV6 C0575,2026-10-09,C,0.00575,0.000743000,3,
2026-09-15,JPU,OPT,JPUV6 C0580,2026-10-09,C,0.0058,0.000693000,3,
2026-09-15,JPU,OPT,JPUV6 C0585,2026-10-09,C,0.00585,0.000643000,3,
2026-09-15,JPU,OPT,JPUV6 C0590,2026-10-09,C,0.0059,0.000594000,3,
2026-09-15,JPU,OPT,JPUV6 C0595,2026-10-09,C,0.00595,0.000544000,3,
2026-09-15,JPU,OPT,JPUV6 C0600,2026-10-09,C,0.006,0.000494000,3,
2026-09-15,JPU,OPT,JPUV6 C0605,2026-10-09,C,0.00605,0.000444000,3,
2026-09-15,JPU,OPT,JPUV6 C0610,2026-10-09,C,0.0061,0.000394000,3,
2026-09-15,JPU,OPT,JPUV6 C0615,2026-10-09,C,0.00615,0.000345000,3,16
2026-09-15,JPU,OPT,JPUV6 C0620,2026-10-09,C,0.0062,0.000296000,3,3099
2026-09-15,JPU,OPT,JPUV6 C0625,2026-10-09,C,0.00625,0.000247000,3,208
2026-09-15,JPU,OPT,JPUV6 C0627,2026-10-09,C,0.006275,0.000223000,3,
2026-09-15,JPU,OPT,JPUV6 C0630,2026-10-09,C,0.0063,0.000200000,3,1174
2026-09-15,JPU,OPT,JPUV6 C0632,2026-10-09,C,0.006325,0.000177000,3,
2026-09-15,JPU,OPT,JPUV6 C0635,2026-10-09,C,0.00635,0.000156000,3,518
2026-09-15,JPU,OPT,JPUV6 C0637,2026-10-09,C,0.006375,0.000135000,3,
2026-09-15,JPU,OPT,JPUV6 C0640,2026-10-09,C,0.0064,0.000117000,3,1777
2026-09-15,JPU,OPT,JPUV6 C0642,2026-10-09,C,0.006425,0.000100000,3,
2026-09-15,JPU,OPT,JPUV6 C0645,2026-10-09,C,0.00645,0.000085000,3,1054
2026-09-15,JPU,OPT,JPUV6 C0647,2026-10-09,C,0.006475,0.000071000,3,
2026-09-15,JPU,OPT,JPUV6 C0650,2026-10-09,C,0.0065,0.000060000,3,2455
2026-09-15,JPU,OPT,JPUV6 C0652,2026-10-09,C,0.006525,0.000050000,3,109
2026-09-15,JPU,OPT,JPUV6 C0655,2026-10-09,C,0.00655,0.000042000,3,1450
2026-09-15,JPU,OPT,JPUV6 C0657,2026-10-09,C,0.006575,0.000035000,3,2
2026-09-15,JPU,OPT,JPUV6 C0660,2026-10-09,C,0.0066,0.000029000,3,2052
2026-09-15,JPU,OPT,JPUV6 C0662,2026-10-09,C,0.006625,0.000024000,3,12
2026-09-15,JPU,OPT,JPUV6 C0665,2026-10-09,C,0.00665,0.000020000,3,1485
2026-09-15,JPU,OPT,JPUV6 C0667,2026-10-09,C,0.006675,0.000016000,3,1
2026-09-15,JPU,OPT,JPUV6 C0670,2026-10-09,C,0.0067,0.000013000,3,1077
2026-09-15,JPU,OPT,JPUV6 C0672,2026-10-09,C,0.006725,0.000011000,3,
2026-09-15,JPU,OPT,JPUV6 C0675,2026-10-09,C,0.00675,0.000009000,3,73
2026-09-15,JPU,OPT,JPUV6 C0680,2026-10-09,C,0.0068,0.000006000,3,1053
2026-09-15,JPU,OPT,JPUV6 C0685,2026-10-09,C,0.00685,0.000004000,3,239
2026-09-15,JPU,OPT,JPUV6 C0690,2026-10-09,C,0.0069,0.000003000,3,223
2026-09-15,JPU,OPT,JPUV6 C0695,2026-10-09,C,0.00695,0.000002000,3,110
2026-09-15,JPU,OPT,JPUV6 C0700,2026-10-09,C,0.007,0.000001500,3,155
2026-09-15,JPU,OPT,JPUV6 C0705,2026-10-09,C,0.00705,0.000001000,3,2
2026-09-15,JPU,OPT,JPUV6 C0710,2026-10-09,C,0.0071,0.000001000,3,333
2026-09-15,JPU,OPT,JPUV6 C0715,2026-10-09,C,0.00715,0.000000500,3,3
2026-09-15,JPU,OPT,JPUV6 C0720,2026-10-09,C,0.0072,0.000000500,3,55
2026-09-15,JPU,OPT,JPUV6 C0725,2026-10-09,C,0.00725,0.000000500,3,10
2026-09-15,JPU,OPT,JPUV6 C0730,2026-10-09,C,0.0073,0.000000500,3,
2026-09-15,JPU,OPT,JPUV6 C0735,2026-10-09,C,0.00735,0.000000500,3,
2026-09-15,JPU,OPT,JPUV6 C0740,2026-10-09,C,0.0074,0.000000500,3,15
2026-09-15,JPU,OPT,JPUV6 C0745,2026-10-09,C,0.00745,0.000000500,3,16
2026-09-15,JPU,OPT,JPUV6 C0750,2026-10-09,C,0.0075,0.000000500,3,15
2026-09-15,JPU,OPT,JPUV6 C0760,2026-10-09,C,0.0076,0.000000500,3,52
2026-09-15,JPU,OPT,JPUV6 C0770,2026-10-09,C,0.0077,0.000000500,3,
2026-09-15,JPU,OPT,JPUV6 C0780,2026-10-09,C,0.0078,0.000000500,3,
2026-09-15,JPU,OPT,JPUV6 C0790,2026-10-09,C,0.0079,0.000000500,3,
2026-09-15,JPU,OPT,JPUV6 C0800,2026-10-09,C,0.008,0.000000500,3,53
2026-09-15,JPU,OPT,JPUV6 C0810,2026-10-09,C,0.0081,0.000000500,3,
2026-09-15,JPU,OPT,JPUV6 C0820,2026-10-09,C,0.0082,0.000000500,3,
2026-09-15,JPU,OPT,JPUV6 C0830,2026-10-09,C,0.0083,0.000000500,3,53
2026-09-15,JPU,OPT,JPUV6 C0840,2026-10-09,C,0.0084,0.000000500,3,
2026-09-15,JPU,OPT,JPUV6 C0850,2026-10-09,C,0.0085,0.000000500,3,2
2026-09-15,JPU,OPT,JPUV6 P0470,2026-10-09,P,0.0047,0.000000500,3,1
2026-09-15,JPU,OPT,JPUV6 P0480,2026-10-09,P,0.0048,0.000000500,3,
2026-09-15,JPU,OPT,JPUV6 P0490,2026-10-09,P,0.0049,0.000000500,3,1
2026-09-15,JPU,OPT,JPUV6 P0500,2026-10-09,P,0.005,0.000000500,3,
2026-09-15,JPU,OPT,JPUV6 P0510,2026-10-09,P,0.0051,0.000000500,3,
2026-09-15,JPU,OPT,JPUV6 P0520,2026-10-09,P,0.0052,0.000000500,3,
2026-09-15,JPU,OPT,JPUV6 P0530,2026-10-09,P,0.0053,0.000000500,3,
2026-09-15,JPU,OPT,JPUV6 P0540,2026-10-09,P,0.0054,0.000000500,3,
2026-09-15,JPU,OPT,JPUV6 P0550,2026-10-09,P,0.0055,0.000000500,3,4
2026-09-15,JPU,OPT,JPUV6 P0560,2026-10-09,P,0.0056,0.000000500,3,17
2026-09-15,JPU,OPT,JPUV6 P0565,2026-10-09,P,0.00565,0.000000500,3,
2026-09-15,JPU,OPT,JPUV6 P0570,2026-10-09,P,0.0057,0.000000500,3,1
2026-09-15,JPU,OPT,JPUV6 P0575,2026-10-09,P,0.00575,0.000000500,3,2
2026-09-15,JPU,OPT,JPUV6 P0580,2026-10-09,P,0.0058,0.000000500,3,53
2026-09-15,JPU,OPT,JPUV6 P0585,2026-10-09,P,0.00585,0.000000500,3,174
2026-09-15,JPU,OPT,JPUV6 P0590,2026-10-09,P,0.0059,0.000000500,3,111
2026-09-15,JPU,OPT,JPUV6 P0595,2026-10-09,P,0.00595,0.000000500,3,39
2026-09-15,JPU,OPT,JPUV6 P0600,2026-10-09,P,0.006,0.000000500,3,185
2026-09-15,JPU,OPT,JPUV6 P0605,2026-10-09,P,0.00605,0.000000500,3,260
2026-09-15,JPU,OPT,JPUV6 P0610,2026-10-09,P,0.0061,0.000000500,3,3356
2026-09-15,JPU,OPT,JPUV6 P0615,2026-10-09,P,0.00615,0.000001000,3,1777
2026-09-15,JPU,OPT,JPUV6 P0620,2026-10-09,P,0.0062,0.000001500,3,2601
2026-09-15,JPU,OPT,JPUV6 P0625,2026-10-09,P,0.00625,0.000002500,3,1743
2026-09-15,JPU,OPT,JPUV6 P0627,2026-10-09,P,0.006275,0.000003500,3,13
2026-09-15,JPU,OPT,JPUV6 P0630,2026-10-09,P,0.0063,0.000005000,3,3158
2026-09-15,JPU,OPT,JPUV6 P0632,2026-10-09,P,0.006325,0.000008000,3,15
2026-09-15,JPU,OPT,JPUV6 P0635,2026-10-09,P,0.00635,0.000011000,3,2007
2026-09-15,JPU,OPT,JPUV6 P0637,2026-10-09,P,0.006375,0.000016000,3,62
2026-09-15,JPU,OPT,JPUV6 P0640,2026-10-09,P,0.0064,0.000022000,3,3264
2026-09-15,JPU,OPT,JPUV6 P0642,2026-10-09,P,0.006425,0.000030000,3,256
2026-09-15,JPU,OPT,JPUV6 P0645,2026-10-09,P,0.00645,0.000040000,3,1243
2026-09-15,JPU,OPT,JPUV6 P0647,2026-10-09,P,0.006475,0.000051000,3,28
2026-09-15,JPU,OPT,JPUV6 P0650,2026-10-09,P,0.0065,0.000065000,3,154
2026-09-15,JPU,OPT,JPUV6 P0652,2026-10-09,P,0.006525,0.000080000,3,13
2026-09-15,JPU,OPT,JPUV6 P0655,2026-10-09,P,0.00655,0.000097000,3,1632
2026-09-15,JPU,OPT,JPUV6 P0657,2026-10-09,P,0.006575,0.000115000,3,
2026-09-15,JPU,OPT,JPUV6 P0660,2026-10-09,P,0.0066,0.000134000,3,75
2026-09-15,JPU,OPT,JPUV6 P0662,2026-10-09,P,0.006625,0.000154000,3,
2026-09-15,JPU,OPT,JPUV6 P0665,2026-10-09,P,0.00665,0.000174000,3,10
2026-09-15,JPU,OPT,JPUV6 P0667,2026-10-09,P,0.006675,0.000196000,3,
2026-09-15,JPU,OPT,JPUV6 P0670,2026-10-09,P,0.0067,0.000218000,3,
2026-09-15,JPU,OPT,JPUV6 P0672,2026-10-09,P,0.006725,0.000240000,3,
2026-09-15,JPU,OPT,JPUV6 P0675,2026-10-09,P,0.00675,0.000263000,3,9
2026-09-15,JPU,OPT,JPUV6 P0680,2026-10-09,P,0.0068,0.000310000,3,82
2026-09-15,JPU,OPT,JPUV6 P0685,2026-10-09,P,0.00685,0.000358000,3,
2026-09-15,JPU,OPT,JPUV6 P0690,2026-10-09,P,0.0069,0.000407000,3,1
2026-09-15,JPU,OPT,JPUV6 P0695,2026-10-09,P,0.00695,0.000456000,3,
2026-09-15,JPU,OPT,JPUV6 P0700,2026-10-09,P,0.007,0.000505000,3,1
2026-09-15,JPU,OPT,JPUV6 P0705,2026-10-09,P,0.00705,0.000555000,3,1
2026-09-15,JPU,OPT,JPUV6 P0710,2026-10-09,P,0.0071,0.000604000,3,
2026-09-15,JPU,OPT,JPUV6 P0715,2026-10-09,P,0.00715,0.000654000,3,
2026-09-15,JPU,OPT,JPUV6 P0720,2026-10-09,P,0.0072,0.000704000,3,
2026-09-15,JPU,OPT,JPUV6 P0725,2026-10-09,P,0.00725,0.000753000,3,
2026-09-15,JPU,OPT,JPUV6 P0730,2026-10-09,P,0.0073,0.000803000,3,
2026-09-15,JPU,OPT,JPUV6 P0735,2026-10-09,P,0.00735,0.000853000,3,
2026-09-15,JPU,OPT,JPUV6 P0740,2026-10-09,P,0.0074,0.000903000,3,
2026-09-15,JPU,OPT,JPUV6 P0745,2026-10-09,P,0.00745,0.000953000,3,
2026-09-15,JPU,OPT,JPUV6 P0750,2026-10-09,P,0.0075,0.001002000,3,
2026-09-15,JPU,OPT,JPUV6 P0760,2026-10-09,P,0.0076,0.001102000,3,
2026-09-15,JPU,OPT,JPUV6 P0770,2026-10-09,P,0.0077,0.001202000,3,
2026-09-15,JPU,OPT,JPUV6 P0780,2026-10-09,P,0.0078,0.001302000,3,
2026-09-15,JPU,OPT,JPUV6 P0790,2026-10-09,P,0.0079,0.001401000,3,
2026-09-15,JPU,OPT,JPUV6 P0800,2026-10-09,P,0.008,0.001501000,3,
2026-09-15,JPU,OPT,JPUV6 P0810,2026-10-09,P,0.0081,0.001601000,3,
2026-09-15,JPU,OPT,JPUV6 P0820,2026-10-09,P,0.0082,0.001701000,3,
2026-09-15,JPU,OPT,JPUV6 P0830,2026-10-09,P,0.0083,0.001800000,3,
2026-09-15,JPU,OPT,JPUV6 P0840,2026-10-09,P,0.0084,0.001900000,3,
2026-09-15,JPU,OPT,JPUV6 P0850,2026-10-09,P,0.0085,0.002000000,3,
2026-09-15,JPU,OPT,JPUX6 C0470,2026-11-06,C,0.0047,0.001785000,3,
2026-09-15,JPU,OPT,JPUX6 C0480,2026-11-06,C,0.0048,0.001686000,3,
2026-09-15,JPU,OPT,JPUX6 C0490,2026-11-06,C,0.0049,0.001586000,3,
2026-09-15,JPU,OPT,JPUX6 C0500,2026-11-06,C,0.005,0.001487000,3,
2026-09-15,JPU,OPT,JPUX6 C0510,2026-11-06,C,0.0051,0.001387000,3,
2026-09-15,JPU,OPT,JPUX6 C0520,2026-11-06,C,0.0052,0.001288000,3,
2026-09-15,JPU,OPT,JPUX6 C0530,2026-11-06,C,0.0053,0.001188000,3,
2026-09-15,JPU,OPT,JPUX6 C0540,2026-11-06,C,0.0054,0.001089000,3,
2026-09-15,JPU,OPT,JPUX6 C0550,2026-11-06,C,0.0055,0.000990000,3,
2026-09-15,JPU,OPT,JPUX6 C0560,2026-11-06,C,0.0056,0.000890000,3,
2026-09-15,JPU,OPT,JPUX6 C0565,2026-11-06,C,0.00565,0.000840000,3,
2026-09-15,JPU,OPT,JPUX6 C0570,2026-11-06,C,0.0057,0.000791000,3,
2026-09-15,JPU,OPT,JPUX6 C0575,2026-11-06,C,0.00575,0.000741000,3,
2026-09-15,JPU,OPT,JPUX6 C0580,2026-11-06,C,0.0058,0.000691000,3,
2026-09-15,JPU,OPT,JPUX6 C0585,2026-11-06,C,0.00585,0.000642000,3,
2026-09-15,JPU,OPT,JPUX6 C0590,2026-11-06,C,0.0059,0.000592000,3,
2026-09-15,JPU,OPT,JPUX6 C0595,2026-11-06,C,0.00595,0.000543000,3,
2026-09-15,JPU,OPT,JPUX6 C0600,2026-11-06,C,0.006,0.000493000,3,
2026-09-15,JPU,OPT,JPUX6 C0605,2026-11-06,C,0.00605,0.000445000,3,
2026-09-15,JPU,OPT,JPUX6 C0610,2026-11-06,C,0.0061,0.000396000,3,
2026-09-15,JPU,OPT,JPUX6 C0615,2026-11-06,C,0.00615,0.000347000,3,1
2026-09-15,JPU,OPT,JPUX6 C0620,2026-11-06,C,0.0062,0.000300000,3,477
2026-09-15,JPU,OPT,JPUX6 C0625,2026-11-06,C,0.00625,0.000255000,3,28
2026-09-15,JPU,OPT,JPUX6 C0630,2026-11-06,C,0.0063,0.000212000,3,120
2026-09-15,JPU,OPT,JPUX6 C0635,2026-11-06,C,0.00635,0.000174000,3,2377
2026-09-15,JPU,OPT,JPUX6 C0640,2026-11-06,C,0.0064,0.000140000,3,2242
2026-09-15,JPU,OPT,JPUX6 C0645,2026-11-06,C,0.00645,0.000111000,3,899
2026-09-15,JPU,OPT,JPUX6 C0650,2026-11-06,C,0.0065,0.000088000,3,356
2026-09-15,JPU,OPT,JPUX6 C0655,2026-11-06,C,0.00655,0.000069000,3,178
2026-09-15,JPU,OPT,JPUX6 C0660,2026-11-06,C,0.0066,0.000054000,3,294
2026-09-15,JPU,OPT,JPUX6 C0665,2026-11-06,C,0.00665,0.000042000,3,189
2026-09-15,JPU,OPT,JPUX6 C0670,2026-11-06,C,0.0067,0.000033000,3,2182
2026-09-15,JPU,OPT,JPUX6 C0675,2026-11-06,C,0.00675,0.000025000,3,375
2026-09-15,JPU,OPT,JPUX6 C0680,2026-11-06,C,0.0068,0.000020000,3,79
2026-09-15,JPU,OPT,JPUX6 C0685,2026-11-06,C,0.00685,0.000015000,3,21
2026-09-15,JPU,OPT,JPUX6 C0690,2026-11-06,C,0.0069,0.000012000,3,73
2026-09-15,JPU,OPT,JPUX6 C0695,2026-11-06,C,0.00695,0.000009000,3,400
2026-09-15,JPU,OPT,JPUX6 C0700,2026-11-06,C,0.007,0.000007000,3,1032
2026-09-15,JPU,OPT,JPUX6 C0705,2026-11-06,C,0.00705,0.000005000,3,55
2026-09-15,JPU,OPT,JPUX6 C0710,2026-11-06,C,0.0071,0.000004000,3,7
2026-09-15,JPU,OPT,JPUX6 C0715,2026-11-06,C,0.00715,0.000003000,3,26
2026-09-15,JPU,OPT,JPUX6 C0720,2026-11-06,C,0.0072,0.000002500,3,44
2026-09-15,JPU,OPT,JPUX6 C0725,2026-11-06,C,0.00725,0.000002000,3,18
2026-09-15,JPU,OPT,JPUX6 C0730,2026-11-06,C,0.0073,0.000001500,3,29
2026-09-15,JPU,OPT,JPUX6 C0740,2026-11-06,C,0.0074,0.000001000,3,
2026-09-15,JPU,OPT,JPUX6 C0750,2026-11-06,C,0.0075,0.000000500,3,
2026-09-15,JPU,OPT,JPUX6 C0760,2026-11-06,C,0.0076,0.000000500,3,
2026-09-15,JPU,OPT,JPUX6 C0770,2026-11-06,C,0.0077,0.000000500,3,
2026-09-15,JPU,OPT,JPUX6 C0780,2026-11-06,C,0.0078,0.000000500,3,
2026-09-15,JPU,OPT,JPUX6 C0790,2026-11-06,C,0.0079,0.000000500,3,
2026-09-15,JPU,OPT,JPUX6 C0800,2026-11-06,C,0.008,0.000000500,3,45
2026-09-15,JPU,OPT,JPUX6 C0810,2026-11-06,C,0.0081,0.000000500,3,
2026-09-15,JPU,OPT,JPUX6 C0820,2026-11-06,C,0.0082,0.000000500,3,
2026-09-15,JPU,OPT,JPUX6 P0470,2026-11-06,P,0.0047,0.000000500,3,
2026-09-15,JPU,OPT,JPUX6 P0480,2026-11-06,P,0.0048,0.000000500,3,
2026-09-15,JPU,OPT,JPUX6 P0490,2026-11-06,P,0.0049,0.000000500,3,
2026-09-15,JPU,OPT,JPUX6 P0500,2026-11-06,P,0.005,0.000000500,3,200
2026-09-15,JPU,OPT,JPUX6 P0510,2026-11-06,P,0.0051,0.000000500,3,10
2026-09-15,JPU,OPT,JPUX6 P0520,2026-11-06,P,0.0052,0.000000500,3,
2026-09-15,JPU,OPT,JPUX6 P0530,2026-11-06,P,0.0053,0.000000500,3,
2026-09-15,JPU,OPT,JPUX6 P0540,2026-11-06,P,0.0054,0.000000500,3,
2026-09-15,JPU,OPT,JPUX6 P0550,2026-11-06,P,0.0055,0.000000500,3,
2026-09-15,JPU,OPT,JPUX6 P0560,2026-11-06,P,0.0056,0.000000500,3,2
2026-09-15,JPU,OPT,JPUX6 P0565,2026-11-06,P,0.00565,0.000000500,3,
2026-09-15,JPU,OPT,JPUX6 P0570,2026-11-06,P,0.0057,0.000000500,3,2
2026-09-15,JPU,OPT,JPUX6 P0575,2026-11-06,P,0.00575,0.000000500,3,11
2026-09-15,JPU,OPT,JPUX6 P0580,2026-11-06,P,0.0058,0.000000500,3,12
2026-09-15,JPU,OPT,JPUX6 P0585,2026-11-06,P,0.00585,0.000000500,3,9
2026-09-15,JPU,OPT,JPUX6 P0590,2026-11-06,P,0.0059,0.000000500,3,34
2026-09-15,JPU,OPT,JPUX6 P0595,2026-11-06,P,0.00595,0.000001000,3,6
2026-09-15,JPU,OPT,JPUX6 P0600,2026-11-06,P,0.006,0.000001000,3,1053
2026-09-15,JPU,OPT,JPUX6 P0605,2026-11-06,P,0.00605,0.000002000,3,200
2026-09-15,JPU,OPT,JPUX6 P0610,2026-11-06,P,0.0061,0.000003000,3,190
2026-09-15,JPU,OPT,JPUX6 P0615,2026-11-06,P,0.00615,0.000004500,3,452
2026-09-15,JPU,OPT,JPUX6 P0620,2026-11-06,P,0.0062,0.000007000,3,1207
2026-09-15,JPU,OPT,JPUX6 P0625,2026-11-06,P,0.00625,0.000011000,3,1058
2026-09-15,JPU,OPT,JPUX6 P0630,2026-11-06,P,0.0063,0.000019000,3,2603
2026-09-15,JPU,OPT,JPUX6 P0635,2026-11-06,P,0.00635,0.000029000,3,75
2026-09-15,JPU,OPT,JPUX6 P0640,2026-11-06,P,0.0064,0.000045000,3,132
2026-09-15,JPU,OPT,JPUX6 P0645,2026-11-06,P,0.00645,0.000067000,3,966
2026-09-15,JPU,OPT,JPUX6 P0650,2026-11-06,P,0.0065,0.000093000,3,22
2026-09-15,JPU,OPT,JPUX6 P0655,2026-11-06,P,0.00655,0.000124000,3,8
2026-09-15,JPU,OPT,JPUX6 P0660,2026-11-06,P,0.0066,0.000159000,3,
2026-09-15,JPU,OPT,JPUX6 P0665,2026-11-06,P,0.00665,0.000197000,3,
2026-09-15,JPU,OPT,JPUX6 P0670,2026-11-06,P,0.0067,0.000237000,3,
2026-09-15,JPU,OPT,JPUX6 P0675,2026-11-06,P,0.00675,0.000279000,3,
2026-09-15,JPU,OPT,JPUX6 P0680,2026-11-06,P,0.0068,0.000323000,3,2
2026-09-15,JPU,OPT,JPUX6 P0685,2026-11-06,P,0.00685,0.000368000,3,
2026-09-15,JPU,OPT,JPUX6 P0690,2026-11-06,P,0.0069,0.000414000,3,1
2026-09-15,JPU,OPT,JPUX6 P0695,2026-11-06,P,0.00695,0.000461000,3,
2026-09-15,JPU,OPT,JPUX6 P0700,2026-11-06,P,0.007,0.000509000,3,12
2026-09-15,JPU,OPT,JPUX6 P0705,2026-11-06,P,0.00705,0.000557000,3,
2026-09-15,JPU,OPT,JPUX6 P0710,2026-11-06,P,0.0071,0.000606000,3,1
2026-09-15,JPU,OPT,JPUX6 P0715,2026-11-06,P,0.00715,0.000655000,3,
2026-09-15,JPU,OPT,JPUX6 P0720,2026-11-06,P,0.0072,0.000704000,3,
2026-09-15,JPU,OPT,JPUX6 P0725,2026-11-06,P,0.00725,0.000753000,3,
2026-09-15,JPU,OPT,JPUX6 P0730,2026-11-06,P,0.0073,0.000802000,3,
2026-09-15,JPU,OPT,JPUX6 P0740,2026-11-06,P,0.0074,0.000901000,3,
2026-09-15,JPU,OPT,JPUX6 P0750,2026-11-06,P,0.0075,0.001000000,3,
2026-09-15,JPU,OPT,JPUX6 P0760,2026-11-06,P,0.0076,0.001099000,3,
2026-09-15,JPU,OPT,JPUX6 P0770,2026-11-06,P,0.0077,0.001198000,3,
2026-09-15,JPU,OPT,JPUX6 P0780,2026-11-06,P,0.0078,0.001298000,3,
2026-09-15,JPU,OPT,JPUX6 P0790,2026-11-06,P,0.0079,0.001397000,3,
2026-09-15,JPU,OPT,JPUX6 P0800,2026-11-06,P,0.008,0.001497000,3,
2026-09-15,JPU,OPT,JPUX6 P0810,2026-11-06,P,0.0081,0.001596000,3,
2026-09-15,JPU,OPT,JPUX6 P0820,2026-11-06,P,0.0082,0.001696000,3,
2026-09-15,JPU,OPT,JPUZ6 C0470,2026-12-04,C,0.0047,0.001780000,3,
2026-09-15,JPU,OPT,JPUZ6 C0480,2026-12-04,C,0.0048,0.001681000,3,
2026-09-15,JPU,OPT,JPUZ6 C0490,2026-12-04,C,0.0049,0.001581000,3,
2026-09-15,JPU,OPT,JPUZ6 C0500,2026-12-04,C,0.005,0.001482000,3,
2026-09-15,JPU,OPT,JPUZ6 C0510,2026-12-04,C,0.0051,0.001383000,3,
2026-09-15,JPU,OPT,JPUZ6 C0520,2026-12-04,C,0.0052,0.001285000,3,
2026-09-15,JPU,OPT,JPUZ6 C0530,2026-12-04,C,0.0053,0.001186000,3,
2026-09-15,JPU,OPT,JPUZ6 C0540,2026-12-04,C,0.0054,0.001086000,3,
2026-09-15,JPU,OPT,JPUZ6 C0550,2026-12-04,C,0.0055,0.000987000,3,
2026-09-15,JPU,OPT,JPUZ6 C0560,2026-12-04,C,0.0056,0.000889000,3,
2026-09-15,JPU,OPT,JPUZ6 C0565,2026-12-04,C,0.00565,0.000839000,3,
2026-09-15,JPU,OPT,JPUZ6 C0570,2026-12-04,C,0.0057,0.000790000,3,
2026-09-15,JPU,OPT,JPUZ6 C0575,2026-12-04,C,0.00575,0.000740000,3,
2026-09-15,JPU,OPT,JPUZ6 C0580,2026-12-04,C,0.0058,0.000691000,3,
2026-09-15,JPU,OPT,JPUZ6 C0585,2026-12-04,C,0.00585,0.000641000,3,
2026-09-15,JPU,OPT,JPUZ6 C0590,2026-12-04,C,0.0059,0.000592000,3,
2026-09-15,JPU,OPT,JPUZ6 C0595,2026-12-04,C,0.00595,0.000543000,3,
2026-09-15,JPU,OPT,JPUZ6 C0600,2026-12-04,C,0.006,0.000494000,3,
2026-09-15,JPU,OPT,JPUZ6 C0605,2026-12-04,C,0.00605,0.000445000,3,21
2026-09-15,JPU,OPT,JPUZ6 C0610,2026-12-04,C,0.0061,0.000398000,3,9
2026-09-15,JPU,OPT,JPUZ6 C0615,2026-12-04,C,0.00615,0.000351000,3,4
2026-09-15,JPU,OPT,JPUZ6 C0620,2026-12-04,C,0.0062,0.000306000,3,36
2026-09-15,JPU,OPT,JPUZ6 C0625,2026-12-04,C,0.00625,0.000264000,3,33
2026-09-15,JPU,OPT,JPUZ6 C0630,2026-12-04,C,0.0063,0.000224000,3,259
2026-09-15,JPU,OPT,JPUZ6 C0635,2026-12-04,C,0.00635,0.000189000,3,322
2026-09-15,JPU,OPT,JPUZ6 C0640,2026-12-04,C,0.0064,0.000158000,3,482
2026-09-15,JPU,OPT,JPUZ6 C0645,2026-12-04,C,0.00645,0.000131000,3,604
2026-09-15,JPU,OPT,JPUZ6 C0650,2026-12-04,C,0.0065,0.000107000,3,1806
2026-09-15,JPU,OPT,JPUZ6 C0655,2026-12-04,C,0.00655,0.000087000,3,76
2026-09-15,JPU,OPT,JPUZ6 C0660,2026-12-04,C,0.0066,0.000071000,3,940
2026-09-15,JPU,OPT,JPUZ6 C0665,2026-12-04,C,0.00665,0.000058000,3,360
2026-09-15,JPU,OPT,JPUZ6 C0670,2026-12-04,C,0.0067,0.000048000,3,2037
2026-09-15,JPU,OPT,JPUZ6 C0675,2026-12-04,C,0.00675,0.000039000,3,164
2026-09-15,JPU,OPT,JPUZ6 C0680,2026-12-04,C,0.0068,0.000032000,3,7795
2026-09-15,JPU,OPT,JPUZ6 C0685,2026-12-04,C,0.00685,0.000026000,3,653
2026-09-15,JPU,OPT,JPUZ6 C0690,2026-12-04,C,0.0069,0.000021000,3,2204
2026-09-15,JPU,OPT,JPUZ6 C0695,2026-12-04,C,0.00695,0.000017000,3,55
2026-09-15,JPU,OPT,JPUZ6 C0700,2026-12-04,C,0.007,0.000014000,3,2581
2026-09-15,JPU,OPT,JPUZ6 C0705,2026-12-04,C,0.00705,0.000011000,3,101
2026-09-15,JPU,OPT,JPUZ6 C0710,2026-12-04,C,0.0071,0.000009000,3,369
2026-09-15,JPU,OPT,JPUZ6 C0715,2026-12-04,C,0.00715,0.000007000,3,186
2026-09-15,JPU,OPT,JPUZ6 C0720,2026-12-04,C,0.0072,0.000006000,3,58
2026-09-15,JPU,OPT,JPUZ6 C0725,2026-12-04,C,0.00725,0.000005000,3,89
2026-09-15,JPU,OPT,JPUZ6 C0730,2026-12-04,C,0.0073,0.000004500,3,198
2026-09-15,JPU,OPT,JPUZ6 C0735,2026-12-04,C,0.00735,0.000004000,3,11
2026-09-15,JPU,OPT,JPUZ6 C0740,2026-12-04,C,0.0074,0.000003500,3,28
2026-09-15,JPU,OPT,JPUZ6 C0745,2026-12-04,C,0.00745,0.000003500,3,
2026-09-15,JPU,OPT,JPUZ6 C0750,2026-12-04,C,0.0075,0.000003000,3,38
2026-09-15,JPU,OPT,JPUZ6 C0755,2026-12-04,C,0.00755,0.000003000,3,78
2026-09-15,JPU,OPT,JPUZ6 C0760,2026-12-04,C,0.0076,0.000002500,3,10
2026-09-15,JPU,OPT,JPUZ6 C0765,2026-12-04,C,0.00765,0.000002000,3,
2026-09-15,JPU,OPT,JPUZ6 C0770,2026-12-04,C,0.0077,0.000002000,3,66
2026-09-15,JPU,OPT,JPUZ6 C0775,2026-12-04,C,0.00775,0.000001500,3,
2026-09-15,JPU,OPT,JPUZ6 C0780,2026-12-04,C,0.0078,0.000001500,3,20
2026-09-15,JPU,OPT,JPUZ6 C0785,2026-12-04,C,0.00785,0.000001000,3,
2026-09-15,JPU,OPT,JPUZ6 C0790,2026-12-04,C,0.0079,0.000001000,3,383
2026-09-15,JPU,OPT,JPUZ6 C0795,2026-12-04,C,0.00795,0.000001000,3,
2026-09-15,JPU,OPT,JPUZ6 C0800,2026-12-04,C,0.008,0.000000500,3,6048
2026-09-15,JPU,OPT,JPUZ6 C0810,2026-12-04,C,0.0081,0.000000500,3,100
2026-09-15,JPU,OPT,JPUZ6 C0820,2026-12-04,C,0.0082,0.000000500,3,
2026-09-15,JPU,OPT,JPUZ6 C0830,2026-12-04,C,0.0083,0.000000500,3,11
2026-09-15,JPU,OPT,JPUZ6 C0840,2026-12-04,C,0.0084,0.000000500,3,10
2026-09-15,JPU,OPT,JPUZ6 C0850,2026-12-04,C,0.0085,0.000000500,3,50
2026-09-15,JPU,OPT,JPUZ6 C0860,2026-12-04,C,0.0086,0.000000500,3,
2026-09-15,JPU,OPT,JPUZ6 C0870,2026-12-04,C,0.0087,0.000000500,3,10
2026-09-15,JPU,OPT,JPUZ6 C0880,2026-12-04,C,0.0088,0.000000500,3,
2026-09-15,JPU,OPT,JPUZ6 C0890,2026-12-04,C,0.0089,0.000000500,3,
2026-09-15,JPU,OPT,JPUZ6 C0900,2026-12-04,C,0.009,0.000000500,3,10
2026-09-15,JPU,OPT,JPUZ6 P0470,2026-12-04,P,0.0047,0.000000500,3,1
2026-09-15,JPU,OPT,JPUZ6 P0480,2026-12-04,P,0.0048,0.000000500,3,100
2026-09-15,JPU,OPT,JPUZ6 P0490,2026-12-04,P,0.0049,0.000000500,3,
2026-09-15,JPU,OPT,JPUZ6 P0500,2026-12-04,P,0.005,0.000000500,3,26
2026-09-15,JPU,OPT,JPUZ6 P0510,2026-12-04,P,0.0051,0.000000500,3,
2026-09-15,JPU,OPT,JPUZ6 P0520,2026-12-04,P,0.0052,0.000000500,3,50
2026-09-15,JPU,OPT,JPUZ6 P0530,2026-12-04,P,0.0053,0.000001000,3,
2026-09-15,JPU,OPT,JPUZ6 P0540,2026-12-04,P,0.0054,0.000001000,3,4
2026-09-15,JPU,OPT,JPUZ6 P0550,2026-12-04,P,0.0055,0.000001000,3,32
2026-09-15,JPU,OPT,JPUZ6 P0560,2026-12-04,P,0.0056,0.000001000,3,99
2026-09-15,JPU,OPT,JPUZ6 P0565,2026-12-04,P,0.00565,0.000001500,3,
2026-09-15,JPU,OPT,JPUZ6 P0570,2026-12-04,P,0.0057,0.000001500,3,1213
2026-09-15,JPU,OPT,JPUZ6 P0575,2026-12-04,P,0.00575,0.000001500,3,6
2026-09-15,JPU,OPT,JPUZ6 P0580,2026-12-04,P,0.0058,0.000001500,3,973
2026-09-15,JPU,OPT,JPUZ6 P0585,2026-12-04,P,0.00585,0.000002000,3,1616
2026-09-15,JPU,OPT,JPUZ6 P0590,2026-12-04,P,0.0059,0.000002000,3,157
2026-09-15,JPU,OPT,JPUZ6 P0595,2026-12-04,P,0.00595,0.000003000,3,43
2026-09-15,JPU,OPT,JPUZ6 P0600,2026-12-04,P,0.006,0.000003500,3,1808
2026-09-15,JPU,OPT,JPUZ6 P0605,2026-12-04,P,0.00605,0.000003500,3,87
2026-09-15,JPU,OPT,JPUZ6 P0610,2026-12-04,P,0.0061,0.000006000,3,2057
2026-09-15,JPU,OPT,JPUZ6 P0615,2026-12-04,P,0.00615,0.000009000,3,1311
2026-09-15,JPU,OPT,JPUZ6 P0620,2026-12-04,P,0.0062,0.000014000,3,1159
2026-09-15,JPU,OPT,JPUZ6 P0625,2026-12-04,P,0.00625,0.000021000,3,658
2026-09-15,JPU,OPT,JPUZ6 P0630,2026-12-04,P,0.0063,0.000031000,3,1500
2026-09-15,JPU,OPT,JPUZ6 P0635,2026-12-04,P,0.00635,0.000045000,3,669
2026-09-15,JPU,OPT,JPUZ6 P0640,2026-12-04,P,0.0064,0.000064000,3,201
2026-09-15,JPU,OPT,JPUZ6 P0645,2026-12-04,P,0.00645,0.000086000,3,101
2026-09-15,JPU,OPT,JPUZ6 P0650,2026-12-04,P,0.0065,0.000112000,3,603
2026-09-15,JPU,OPT,JPUZ6 P0655,2026-12-04,P,0.00655,0.000142000,3,62
2026-09-15,JPU,OPT,JPUZ6 P0660,2026-12-04,P,0.0066,0.000175000,3,4
2026-09-15,JPU,OPT,JPUZ6 P0665,2026-12-04,P,0.00665,0.000212000,3,1
2026-09-15,JPU,OPT,JPUZ6 P0670,2026-12-04,P,0.0067,0.000251000,3,
2026-09-15,JPU,OPT,JPUZ6 P0675,2026-12-04,P,0.00675,0.000292000,3,30
2026-09-15,JPU,OPT,JPUZ6 P0680,2026-12-04,P,0.0068,0.000334000,3,10
2026-09-15,JPU,OPT,JPUZ6 P0685,2026-12-04,P,0.00685,0.000378000,3,3
2026-09-15,JPU,OPT,JPUZ6 P0690,2026-12-04,P,0.0069,0.000422000,3,1
2026-09-15,JPU,OPT,JPUZ6 P0695,2026-12-04,P,0.00695,0.000468000,3,5
2026-09-15,JPU,OPT,JPUZ6 P0700,2026-12-04,P,0.007,0.000514000,3,2
2026-09-15,JPU,OPT,JPUZ6 P0705,2026-12-04,P,0.00705,0.000561000,3,
2026-09-15,JPU,OPT,JPUZ6 P0710,2026-12-04,P,0.0071,0.000609000,3,1
2026-09-15,JPU,OPT,JPUZ6 P0715,2026-12-04,P,0.00715,0.000657000,3,
2026-09-15,JPU,OPT,JPUZ6 P0720,2026-12-04,P,0.0072,0.000705000,3,
2026-09-15,JPU,OPT,JPUZ6 P0725,2026-12-04,P,0.00725,0.000754000,3,
2026-09-15,JPU,OPT,JPUZ6 P0730,2026-12-04,P,0.0073,0.000803000,3,
2026-09-15,JPU,OPT,JPUZ6 P0735,2026-12-04,P,0.00735,0.000852000,3,
2026-09-15,JPU,OPT,JPUZ6 P0740,2026-12-04,P,0.0074,0.000901000,3,
2026-09-15,JPU,OPT,JPUZ6 P0745,2026-12-04,P,0.00745,0.000950000,3,
2026-09-15,JPU,OPT,JPUZ6 P0750,2026-12-04,P,0.0075,0.000999000,3,
2026-09-15,JPU,OPT,JPUZ6 P0755,2026-12-04,P,0.00755,0.001049000,3,
2026-09-15,JPU,OPT,JPUZ6 P0760,2026-12-04,P,0.0076,0.001098000,3,
2026-09-15,JPU,OPT,JPUZ6 P0765,2026-12-04,P,0.00765,0.001147000,3,
2026-09-15,JPU,OPT,JPUZ6 P0770,2026-12-04,P,0.0077,0.001196000,3,
2026-09-15,JPU,OPT,JPUZ6 P0775,2026-12-04,P,0.00775,0.001246000,3,
2026-09-15,JPU,OPT,JPUZ6 P0780,2026-12-04,P,0.0078,0.001295000,3,
2026-09-15,JPU,OPT,JPUZ6 P0785,2026-12-04,P,0.00785,0.001344000,3,
2026-09-15,JPU,OPT,JPUZ6 P0790,2026-12-04,P,0.0079,0.001394000,3,
2026-09-15,JPU,OPT,JPUZ6 P0795,2026-12-04,P,0.00795,0.001443000,3,
2026-09-15,JPU,OPT,JPUZ6 P0800,2026-12-04,P,0.008,0.001493000,3,
2026-09-15,JPU,OPT,JPUZ6 P0810,2026-12-04,P,0.0081,0.001592000,3,
2026-09-15,JPU,OPT,JPUZ6 P0820,2026-12-04,P,0.0082,0.001691000,3,
2026-09-15,JPU,OPT,JPUZ6 P0830,2026-12-04,P,0.0083,0.001790000,3,
2026-09-15,JPU,OPT,JPUZ6 P0840,2026-12-04,P,0.0084,0.001889000,3,
2026-09-15,JPU,OPT,JPUZ6 P0850,2026-12-04,P,0.0085,0.001988000,3,
2026-09-15,JPU,OPT,JPUZ6 P0860,2026-12-04,P,0.0086,0.002087000,3,
2026-09-15,JPU,OPT,JPUZ6 P0870,2026-12-04,P,0.0087,0.002186000,3,
2026-09-15,JPU,OPT,JPUZ6 P0880,2026-12-04,P,0.0088,0.002285000,3,
2026-09-15,JPU,OPT,JPUZ6 P0890,2026-12-04,P,0.0089,0.002384000,3,
2026-09-15,JPU,OPT,JPUZ6 P0900,2026-12-04,P,0.009,0.002484000,3,
2026-09-15,JPU,OPT,JPUF7 C0470,2027-01-08,C,0.0047,0.001822000,3,
2026-09-15,JPU,OPT,JPUF7 C0480,2027-01-08,C,0.0048,0.001723000,3,
2026-09-15,JPU,OPT,JPUF7 C0490,2027-01-08,C,0.0049,0.001624000,3,
2026-09-15,JPU,OPT,JPUF7 C0500,2027-01-08,C,0.005,0.001525000,3,
2026-09-15,JPU,OPT,JPUF7 C0510,2027-01-08,C,0.0051,0.001427000,3,
2026-09-15,JPU,OPT,JPUF7 C0520,2027-01-08,C,0.0052,0.001328000,3,
2026-09-15,JPU,OPT,JPUF7 C0530,2027-01-08,C,0.0053,0.001229000,3,
2026-09-15,JPU,OPT,JPUF7 C0540,2027-01-08,C,0.0054,0.001130000,3,
2026-09-15,JPU,OPT,JPUF7 C0550,2027-01-08,C,0.0055,0.001032000,3,
2026-09-15,JPU,OPT,JPUF7 C0560,2027-01-08,C,0.0056,0.000933000,3,
2026-09-15,JPU,OPT,JPUF7 C0570,2027-01-08,C,0.0057,0.000835000,3,
2026-09-15,JPU,OPT,JPUF7 C0575,2027-01-08,C,0.00575,0.000785000,3,
2026-09-15,JPU,OPT,JPUF7 C0580,2027-01-08,C,0.0058,0.000736000,3,
2026-09-15,JPU,OPT,JPUF7 C0585,2027-01-08,C,0.00585,0.000687000,3,
2026-09-15,JPU,OPT,JPUF7 C0590,2027-01-08,C,0.0059,0.000638000,3,
2026-09-15,JPU,OPT,JPUF7 C0595,2027-01-08,C,0.00595,0.000590000,3,
2026-09-15,JPU,OPT,JPUF7 C0600,2027-01-08,C,0.006,0.000543000,3,
2026-09-15,JPU,OPT,JPUF7 C0605,2027-01-08,C,0.00605,0.000495000,3,
2026-09-15,JPU,OPT,JPUF7 C0610,2027-01-08,C,0.0061,0.000448000,3,
2026-09-15,JPU,OPT,JPUF7 C0615,2027-01-08,C,0.00615,0.000403000,3,
2026-09-15,JPU,OPT,JPUF7 C0620,2027-01-08,C,0.0062,0.000359000,3,
2026-09-15,JPU,OPT,JPUF7 C0625,2027-01-08,C,0.00625,0.000316000,3,142
2026-09-15,JPU,OPT,JPUF7 C0630,2027-01-08,C,0.0063,0.000276000,3,96
2026-09-15,JPU,OPT,JPUF7 C0635,2027-01-08,C,0.00635,0.000239000,3,266
2026-09-15,JPU,OPT,JPUF7 C0640,2027-01-08,C,0.0064,0.000206000,3,45
2026-09-15,JPU,OPT,JPUF7 C0645,2027-01-08,C,0.00645,0.000176000,3,5
2026-09-15,JPU,OPT,JPUF7 C0650,2027-01-08,C,0.0065,0.000150000,3,601
2026-09-15,JPU,OPT,JPUF7 C0655,2027-01-08,C,0.00655,0.000127000,3,12
2026-09-15,JPU,OPT,JPUF7 C0660,2027-01-08,C,0.0066,0.000107000,3,548
2026-09-15,JPU,OPT,JPUF7 C0665,2027-01-08,C,0.00665,0.000090000,3,1
2026-09-15,JPU,OPT,JPUF7 C0670,2027-01-08,C,0.0067,0.000076000,3,2
2026-09-15,JPU,OPT,JPUF7 C0675,2027-01-08,C,0.00675,0.000064000,3,17
2026-09-15,JPU,OPT,JPUF7 C0680,2027-01-08,C,0.0068,0.000054000,3,220
2026-09-15,JPU,OPT,JPUF7 C0685,2027-01-08,C,0.00685,0.000046000,3,6
2026-09-15,JPU,OPT,JPUF7 C0690,2027-01-08,C,0.0069,0.000038000,3,33
2026-09-15,JPU,OPT,JPUF7 C0695,2027-01-08,C,0.00695,0.000032000,3,80
2026-09-15,JPU,OPT,JPUF7 C0700,2027-01-08,C,0.007,0.000027000,3,106
2026-09-15,JPU,OPT,JPUF7 C0705,2027-01-08,C,0.00705,0.000023000,3,
2026-09-15,JPU,OPT,JPUF7 C0710,2027-01-08,C,0.0071,0.000019000,3,12
2026-09-15,JPU,OPT,JPUF7 C0715,2027-01-08,C,0.00715,0.000016000,3,
2026-09-15,JPU,OPT,JPUF7 C0720,2027-01-08,C,0.0072,0.000014000,3,16
2026-09-15,JPU,OPT,JPUF7 C0725,2027-01-08,C,0.00725,0.000011000,3,1
2026-09-15,JPU,OPT,JPUF7 C0730,2027-01-08,C,0.0073,0.000010000,3,
2026-09-15,JPU,OPT,JPUF7 C0740,2027-01-08,C,0.0074,0.000007000,3,
2026-09-15,JPU,OPT,JPUF7 C0750,2027-01-08,C,0.0075,0.000005000,3,1
2026-09-15,JPU,OPT,JPUF7 C0760,2027-01-08,C,0.0076,0.000004000,3,
2026-09-15,JPU,OPT,JPUF7 C0770,2027-01-08,C,0.0077,0.000002500,3,
2026-09-15,JPU,OPT,JPUF7 C0780,2027-01-08,C,0.0078,0.000002000,3,
2026-09-15,JPU,OPT,JPUF7 C0790,2027-01-08,C,0.0079,0.000001500,3,
2026-09-15,JPU,OPT,JPUF7 C0800,2027-01-08,C,0.008,0.000001000,3,
2026-09-15,JPU,OPT,JPUF7 C0810,2027-01-08,C,0.0081,0.000001000,3,
2026-09-15,JPU,OPT,JPUF7 C0820,2027-01-08,C,0.0082,0.000000500,3,
2026-09-15,JPU,OPT,JPUF7 P0470,2027-01-08,P,0.0047,0.000000500,3,11
2026-09-15,JPU,OPT,JPUF7 P0480,2027-01-08,P,0.0048,0.000000500,3,
2026-09-15,JPU,OPT,JPUF7 P0490,2027-01-08,P,0.0049,0.000000500,3,
2026-09-15,JPU,OPT,JPUF7 P0500,2027-01-08,P,0.005,0.000000500,3,
2026-09-15,JPU,OPT,JPUF7 P0510,2027-01-08,P,0.0051,0.000000500,3,159
2026-09-15,JPU,OPT,JPUF7 P0520,2027-01-08,P,0.0052,0.000000500,3,
2026-09-15,JPU,OPT,JPUF7 P0530,2027-01-08,P,0.0053,0.000000500,3,32
2026-09-15,JPU,OPT,JPUF7 P0540,2027-01-08,P,0.0054,0.000000500,3,
2026-09-15,JPU,OPT,JPUF7 P0550,2027-01-08,P,0.0055,0.000000500,3,10
2026-09-15,JPU,OPT,JPUF7 P0560,2027-01-08,P,0.0056,0.000000500,3,
2026-09-15,JPU,OPT,JPUF7 P0570,2027-01-08,P,0.0057,0.000000500,3,10
2026-09-15,JPU,OPT,JPUF7 P0575,2027-01-08,P,0.00575,0.000000500,3,
2026-09-15,JPU,OPT,JPUF7 P0580,2027-01-08,P,0.0058,0.000001000,3,
2026-09-15,JPU,OPT,JPUF7 P0585,2027-01-08,P,0.00585,0.000001500,3,
2026-09-15,JPU,OPT,JPUF7 P0590,2027-01-08,P,0.0059,0.000002000,3,3
2026-09-15,JPU,OPT,JPUF7 P0595,2027-01-08,P,0.00595,0.000003500,3,
2026-09-15,JPU,OPT,JPUF7 P0600,2027-01-08,P,0.006,0.000005000,3,22
2026-09-15,JPU,OPT,JPUF7 P0605,2027-01-08,P,0.00605,0.000007000,3,20
2026-09-15,JPU,OPT,JPUF7 P0610,2027-01-08,P,0.0061,0.000009000,3,18
2026-09-15,JPU,OPT,JPUF7 P0615,2027-01-08,P,0.00615,0.000013000,3,6
2026-09-15,JPU,OPT,JPUF7 P0620,2027-01-08,P,0.0062,0.000018000,3,3
2026-09-15,JPU,OPT,JPUF7 P0625,2027-01-08,P,0.00625,0.000025000,3,25
2026-09-15,JPU,OPT,JPUF7 P0630,2027-01-08,P,0.0063,0.000035000,3,5
2026-09-15,JPU,OPT,JPUF7 P0635,2027-01-08,P,0.00635,0.000047000,3,39
2026-09-15,JPU,OPT,JPUF7 P0640,2027-01-08,P,0.0064,0.000063000,3,15
2026-09-15,JPU,OPT,JPUF7 P0645,2027-01-08,P,0.00645,0.000083000,3,105
2026-09-15,JPU,OPT,JPUF7 P0650,2027-01-08,P,0.0065,0.000106000,3,22
2026-09-15,JPU,OPT,JPUF7 P0655,2027-01-08,P,0.00655,0.000132000,3,
2026-09-15,JPU,OPT,JPUF7 P0660,2027-01-08,P,0.0066,0.000162000,3,
2026-09-15,JPU,OPT,JPUF7 P0665,2027-01-08,P,0.00665,0.000195000,3,6
2026-09-15,JPU,OPT,JPUF7 P0670,2027-01-08,P,0.0067,0.000230000,3,1
2026-09-15,JPU,OPT,JPUF7 P0675,2027-01-08,P,0.00675,0.000267000,3,
2026-09-15,JPU,OPT,JPUF7 P0680,2027-01-08,P,0.0068,0.000306000,3,
2026-09-15,JPU,OPT,JPUF7 P0685,2027-01-08,P,0.00685,0.000347000,3,
2026-09-15,JPU,OPT,JPUF7 P0690,2027-01-08,P,0.0069,0.000389000,3,
2026-09-15,JPU,OPT,JPUF7 P0695,2027-01-08,P,0.00695,0.000433000,3,
2026-09-15,JPU,OPT,JPUF7 P0700,2027-01-08,P,0.007,0.000477000,3,
2026-09-15,JPU,OPT,JPUF7 P0705,2027-01-08,P,0.00705,0.000522000,3,
2026-09-15,JPU,OPT,JPUF7 P0710,2027-01-08,P,0.0071,0.000568000,3,
2026-09-15,JPU,OPT,JPUF7 P0715,2027-01-08,P,0.00715,0.000614000,3,
2026-09-15,JPU,OPT,JPUF7 P0720,2027-01-08,P,0.0072,0.000661000,3,
2026-09-15,JPU,OPT,JPUF7 P0725,2027-01-08,P,0.00725,0.000708000,3,
2026-09-15,JPU,OPT,JPUF7 P0730,2027-01-08,P,0.0073,0.000756000,3,
2026-09-15,JPU,OPT,JPUF7 P0740,2027-01-08,P,0.0074,0.000852000,3,
2026-09-15,JPU,OPT,JPUF7 P0750,2027-01-08,P,0.0075,0.000949000,3,
2026-09-15,JPU,OPT,JPUF7 P0760,2027-01-08,P,0.0076,0.001046000,3,
2026-09-15,JPU,OPT,JPUF7 P0770,2027-01-08,P,0.0077,0.001144000,3,
2026-09-15,JPU,OPT,JPUF7 P0780,2027-01-08,P,0.0078,0.001242000,3,
2026-09-15,JPU,OPT,JPUF7 P0790,2027-01-08,P,0.0079,0.001340000,3,
2026-09-15,JPU,OPT,JPUF7 P0800,2027-01-08,P,0.008,0.001438000,3,
2026-09-15,JPU,OPT,JPUF7 P0810,2027-01-08,P,0.0081,0.001537000,3,
2026-09-15,JPU,OPT,JPUF7 P0820,2027-01-08,P,0.0082,0.001635000,3,
2026-09-15,JPU,OPT,JPUG7 C0470,2027-02-05,C,0.0047,0.001816000,3,
2026-09-15,JPU,OPT,JPUG7 C0480,2027-02-05,C,0.0048,0.001717000,3,
2026-09-15,JPU,OPT,JPUG7 C0490,2027-02-05,C,0.0049,0.001619000,3,
2026-09-15,JPU,OPT,JPUG7 C0500,2027-02-05,C,0.005,0.001520000,3,
2026-09-15,JPU,OPT,JPUG7 C0510,2027-02-05,C,0.0051,0.001422000,3,
2026-09-15,JPU,OPT,JPUG7 C0520,2027-02-05,C,0.0052,0.001323000,3,
2026-09-15,JPU,OPT,JPUG7 C0530,2027-02-05,C,0.0053,0.001225000,3,
2026-09-15,JPU,OPT,JPUG7 C0540,2027-02-05,C,0.0054,0.001127000,3,
2026-09-15,JPU,OPT,JPUG7 C0550,2027-02-05,C,0.0055,0.001029000,3,
2026-09-15,JPU,OPT,JPUG7 C0560,2027-02-05,C,0.0056,0.000931000,3,
2026-09-15,JPU,OPT,JPUG7 C0570,2027-02-05,C,0.0057,0.000833000,3,
2026-09-15,JPU,OPT,JPUG7 C0575,2027-02-05,C,0.00575,0.000784000,3,
2026-09-15,JPU,OPT,JPUG7 C0580,2027-02-05,C,0.0058,0.000736000,3,
2026-09-15,JPU,OPT,JPUG7 C0585,2027-02-05,C,0.00585,0.000687000,3,
2026-09-15,JPU,OPT,JPUG7 C0590,2027-02-05,C,0.0059,0.000639000,3,
2026-09-15,JPU,OPT,JPUG7 C0595,2027-02-05,C,0.00595,0.000592000,3,
2026-09-15,JPU,OPT,JPUG7 C0600,2027-02-05,C,0.006,0.000545000,3,
2026-09-15,JPU,OPT,JPUG7 C0605,2027-02-05,C,0.00605,0.000498000,3,
2026-09-15,JPU,OPT,JPUG7 C0610,2027-02-05,C,0.0061,0.000452000,3,
2026-09-15,JPU,OPT,JPUG7 C0615,2027-02-05,C,0.00615,0.000408000,3,1
2026-09-15,JPU,OPT,JPUG7 C0620,2027-02-05,C,0.0062,0.000366000,3,
2026-09-15,JPU,OPT,JPUG7 C0625,2027-02-05,C,0.00625,0.000326000,3,215
2026-09-15,JPU,OPT,JPUG7 C0630,2027-02-05,C,0.0063,0.000288000,3,216
2026-09-15,JPU,OPT,JPUG7 C0635,2027-02-05,C,0.00635,0.000252000,3,325
2026-09-15,JPU,OPT,JPUG7 C0640,2027-02-05,C,0.0064,0.000220000,3,33
2026-09-15,JPU,OPT,JPUG7 C0645,2027-02-05,C,0.00645,0.000190000,3,181
2026-09-15,JPU,OPT,JPUG7 C0650,2027-02-05,C,0.0065,0.000164000,3,5
2026-09-15,JPU,OPT,JPUG7 C0655,2027-02-05,C,0.00655,0.000141000,3,12
2026-09-15,JPU,OPT,JPUG7 C0660,2027-02-05,C,0.0066,0.000121000,3,2
2026-09-15,JPU,OPT,JPUG7 C0665,2027-02-05,C,0.00665,0.000104000,3,1
2026-09-15,JPU,OPT,JPUG7 C0670,2027-02-05,C,0.0067,0.000089000,3,
2026-09-15,JPU,OPT,JPUG7 C0675,2027-02-05,C,0.00675,0.000077000,3,90
2026-09-15,JPU,OPT,JPUG7 C0680,2027-02-05,C,0.0068,0.000066000,3,113
2026-09-15,JPU,OPT,JPUG7 C0685,2027-02-05,C,0.00685,0.000057000,3,3
2026-09-15,JPU,OPT,JPUG7 C0690,2027-02-05,C,0.0069,0.000049000,3,
2026-09-15,JPU,OPT,JPUG7 C0695,2027-02-05,C,0.00695,0.000041000,3,16
2026-09-15,JPU,OPT,JPUG7 C0700,2027-02-05,C,0.007,0.000035000,3,6
2026-09-15,JPU,OPT,JPUG7 C0705,2027-02-05,C,0.00705,0.000030000,3,
2026-09-15,JPU,OPT,JPUG7 C0710,2027-02-05,C,0.0071,0.000026000,3,40
2026-09-15,JPU,OPT,JPUG7 C0715,2027-02-05,C,0.00715,0.000022000,3,
2026-09-15,JPU,OPT,JPUG7 C0720,2027-02-05,C,0.0072,0.000019000,3,
2026-09-15,JPU,OPT,JPUG7 C0725,2027-02-05,C,0.00725,0.000016000,3,
2026-09-15,JPU,OPT,JPUG7 C0730,2027-02-05,C,0.0073,0.000014000,3,
2026-09-15,JPU,OPT,JPUG7 C0740,2027-02-05,C,0.0074,0.000010000,3,
2026-09-15,JPU,OPT,JPUG7 C0750,2027-02-05,C,0.0075,0.000008000,3,42
2026-09-15,JPU,OPT,JPUG7 C0760,2027-02-05,C,0.0076,0.000006000,3,
2026-09-15,JPU,OPT,JPUG7 C0770,2027-02-05,C,0.0077,0.000004500,3,
2026-09-15,JPU,OPT,JPUG7 C0780,2027-02-05,C,0.0078,0.000004000,3,
2026-09-15,JPU,OPT,JPUG7 C0790,2027-02-05,C,0.0079,0.000003500,3,
2026-09-15,JPU,OPT,JPUG7 C0800,2027-02-05,C,0.008,0.000003500,3,
2026-09-15,JPU,OPT,JPUG7 C0810,2027-02-05,C,0.0081,0.000002500,3,
2026-09-15,JPU,OPT,JPUG7 C0820,2027-02-05,C,0.0082,0.000002000,3,
2026-09-15,JPU,OPT,JPUG7 P0470,2027-02-05,P,0.0047,0.000000500,3,1
2026-09-15,JPU,OPT,JPUG7 P0480,2027-02-05,P,0.0048,0.000000500,3,
2026-09-15,JPU,OPT,JPUG7 P0490,2027-02-05,P,0.0049,0.000000500,3,262
2026-09-15,JPU,OPT,JPUG7 P0500,2027-02-05,P,0.005,0.000000500,3,
2026-09-15,JPU,OPT,JPUG7 P0510,2027-02-05,P,0.0051,0.000000500,3,
2026-09-15,JPU,OPT,JPUG7 P0520,2027-02-05,P,0.0052,0.000000500,3,
2026-09-15,JPU,OPT,JPUG7 P0530,2027-02-05,P,0.0053,0.000000500,3,
2026-09-15,JPU,OPT,JPUG7 P0540,2027-02-05,P,0.0054,0.000000500,3,10
2026-09-15,JPU,OPT,JPUG7 P0550,2027-02-05,P,0.0055,0.000000500,3,
2026-09-15,JPU,OPT,JPUG7 P0560,2027-02-05,P,0.0056,0.000001000,3,
2026-09-15,JPU,OPT,JPUG7 P0570,2027-02-05,P,0.0057,0.000001500,3,15
2026-09-15,JPU,OPT,JPUG7 P0575,2027-02-05,P,0.00575,0.000002000,3,
2026-09-15,JPU,OPT,JPUG7 P0580,2027-02-05,P,0.0058,0.000002500,3,
2026-09-15,JPU,OPT,JPUG7 P0585,2027-02-05,P,0.00585,0.000003500,3,16
2026-09-15,JPU,OPT,JPUG7 P0590,2027-02-05,P,0.0059,0.000005000,3,10
2026-09-15,JPU,OPT,JPUG7 P0595,2027-02-05,P,0.00595,0.000007000,3,16
2026-09-15,JPU,OPT,JPUG7 P0600,2027-02-05,P,0.006,0.000009000,3,18
2026-09-15,JPU,OPT,JPUG7 P0605,2027-02-05,P,0.00605,0.000011000,3,47
2026-09-15,JPU,OPT,JPUG7 P0610,2027-02-05,P,0.0061,0.000015000,3,16
2026-09-15,JPU,OPT,JPUG7 P0615,2027-02-05,P,0.00615,0.000020000,3,
2026-09-15,JPU,OPT,JPUG7 P0620,2027-02-05,P,0.0062,0.000027000,3,1
2026-09-15,JPU,OPT,JPUG7 P0625,2027-02-05,P,0.00625,0.000036000,3,11
2026-09-15,JPU,OPT,JPUG7 P0630,2027-02-05,P,0.0063,0.000047000,3,209
2026-09-15,JPU,OPT,JPUG7 P0635,2027-02-05,P,0.00635,0.000061000,3,110
2026-09-15,JPU,OPT,JPUG7 P0640,2027-02-05,P,0.0064,0.000078000,3,44
2026-09-15,JPU,OPT,JPUG7 P0645,2027-02-05,P,0.00645,0.000097000,3,29
2026-09-15,JPU,OPT,JPUG7 P0650,2027-02-05,P,0.0065,0.000120000,3,1
2026-09-15,JPU,OPT,JPUG7 P0655,2027-02-05,P,0.00655,0.000147000,3,2
2026-09-15,JPU,OPT,JPUG7 P0660,2027-02-05,P,0.0066,0.000176000,3,2
2026-09-15,JPU,OPT,JPUG7 P0665,2027-02-05,P,0.00665,0.000208000,3,
2026-09-15,JPU,OPT,JPUG7 P0670,2027-02-05,P,0.0067,0.000242000,3,
2026-09-15,JPU,OPT,JPUG7 P0675,2027-02-05,P,0.00675,0.000279000,3,
2026-09-15,JPU,OPT,JPUG7 P0680,2027-02-05,P,0.0068,0.000317000,3,
2026-09-15,JPU,OPT,JPUG7 P0685,2027-02-05,P,0.00685,0.000357000,3,
2026-09-15,JPU,OPT,JPUG7 P0690,2027-02-05,P,0.0069,0.000398000,3,
2026-09-15,JPU,OPT,JPUG7 P0695,2027-02-05,P,0.00695,0.000441000,3,
2026-09-15,JPU,OPT,JPUG7 P0700,2027-02-05,P,0.007,0.000484000,3,
2026-09-15,JPU,OPT,JPUG7 P0705,2027-02-05,P,0.00705,0.000528000,3,
2026-09-15,JPU,OPT,JPUG7 P0710,2027-02-05,P,0.0071,0.000573000,3,
2026-09-15,JPU,OPT,JPUG7 P0715,2027-02-05,P,0.00715,0.000618000,3,
2026-09-15,JPU,OPT,JPUG7 P0720,2027-02-05,P,0.0072,0.000664000,3,
2026-09-15,JPU,OPT,JPUG7 P0725,2027-02-05,P,0.00725,0.000711000,3,
2026-09-15,JPU,OPT,JPUG7 P0730,2027-02-05,P,0.0073,0.000758000,3,
2026-09-15,JPU,OPT,JPUG7 P0740,2027-02-05,P,0.0074,0.000853000,3,
2026-09-15,JPU,OPT,JPUG7 P0750,2027-02-05,P,0.0075,0.000948000,3,
2026-09-15,JPU,OPT,JPUG7 P0760,2027-02-05,P,0.0076,0.001045000,3,
2026-09-15,JPU,OPT,JPUG7 P0770,2027-02-05,P,0.0077,0.001142000,3,
2026-09-15,JPU,OPT,JPUG7 P0780,2027-02-05,P,0.0078,0.001240000,3,
2026-09-15,JPU,OPT,JPUG7 P0790,2027-02-05,P,0.0079,0.001338000,3,
2026-09-15,JPU,OPT,JPUG7 P0800,2027-02-05,P,0.008,0.001436000,3,
2026-09-15,JPU,OPT,JPUG7 P0810,2027-02-05,P,0.0081,0.001534000,3,
2026-09-15,JPU,OPT,JPUG7 P0820,2027-02-05,P,0.0082,0.001632000,3,
2026-09-15,JPU,OPT,JPUH7 C0470,2027-03-05,C,0.0047,0.001810000,3,
2026-09-15,JPU,OPT,JPUH7 C0480,2027-03-05,C,0.0048,0.001712000,3,
2026-09-15,JPU,OPT,JPUH7 C0490,2027-03-05,C,0.0049,0.001614000,3,
2026-09-15,JPU,OPT,JPUH7 C0500,2027-03-05,C,0.005,0.001516000,3,
2026-09-15,JPU,OPT,JPUH7 C0510,2027-03-05,C,0.0051,0.001418000,3,
2026-09-15,JPU,OPT,JPUH7 C0520,2027-03-05,C,0.0052,0.001321000,3,
2026-09-15,JPU,OPT,JPUH7 C0530,2027-03-05,C,0.0053,0.001223000,3,
2026-09-15,JPU,OPT,JPUH7 C0540,2027-03-05,C,0.0054,0.001125000,3,
2026-09-15,JPU,OPT,JPUH7 C0550,2027-03-05,C,0.0055,0.001027000,3,
2026-09-15,JPU,OPT,JPUH7 C0560,2027-03-05,C,0.0056,0.000929000,3,
2026-09-15,JPU,OPT,JPUH7 C0570,2027-03-05,C,0.0057,0.000832000,3,
2026-09-15,JPU,OPT,JPUH7 C0575,2027-03-05,C,0.00575,0.000784000,3,
2026-09-15,JPU,OPT,JPUH7 C0580,2027-03-05,C,0.0058,0.000735000,3,
2026-09-15,JPU,OPT,JPUH7 C0585,2027-03-05,C,0.00585,0.000687000,3,
2026-09-15,JPU,OPT,JPUH7 C0590,2027-03-05,C,0.0059,0.000640000,3,
2026-09-15,JPU,OPT,JPUH7 C0595,2027-03-05,C,0.00595,0.000592000,3,
2026-09-15,JPU,OPT,JPUH7 C0600,2027-03-05,C,0.006,0.000546000,3,
2026-09-15,JPU,OPT,JPUH7 C0605,2027-03-05,C,0.00605,0.000501000,3,
2026-09-15,JPU,OPT,JPUH7 C0610,2027-03-05,C,0.0061,0.000457000,3,
2026-09-15,JPU,OPT,JPUH7 C0615,2027-03-05,C,0.00615,0.000414000,3,5
2026-09-15,JPU,OPT,JPUH7 C0620,2027-03-05,C,0.0062,0.000373000,3,
2026-09-15,JPU,OPT,JPUH7 C0625,2027-03-05,C,0.00625,0.000333000,3,1
2026-09-15,JPU,OPT,JPUH7 C0630,2027-03-05,C,0.0063,0.000296000,3,15
2026-09-15,JPU,OPT,JPUH7 C0635,2027-03-05,C,0.00635,0.000262000,3,9
2026-09-15,JPU,OPT,JPUH7 C0640,2027-03-05,C,0.0064,0.000230000,3,10
2026-09-15,JPU,OPT,JPUH7 C0645,2027-03-05,C,0.00645,0.000202000,3,378
2026-09-15,JPU,OPT,JPUH7 C0650,2027-03-05,C,0.0065,0.000176000,3,968
2026-09-15,JPU,OPT,JPUH7 C0655,2027-03-05,C,0.00655,0.000153000,3,3
2026-09-15,JPU,OPT,JPUH7 C0660,2027-03-05,C,0.0066,0.000133000,3,359
2026-09-15,JPU,OPT,JPUH7 C0665,2027-03-05,C,0.00665,0.000116000,3,61
2026-09-15,JPU,OPT,JPUH7 C0670,2027-03-05,C,0.0067,0.000100000,3,339
2026-09-15,JPU,OPT,JPUH7 C0675,2027-03-05,C,0.00675,0.000087000,3,8
2026-09-15,JPU,OPT,JPUH7 C0680,2027-03-05,C,0.0068,0.000076000,3,1
2026-09-15,JPU,OPT,JPUH7 C0685,2027-03-05,C,0.00685,0.000066000,3,5
2026-09-15,JPU,OPT,JPUH7 C0690,2027-03-05,C,0.0069,0.000057000,3,31
2026-09-15,JPU,OPT,JPUH7 C0695,2027-03-05,C,0.00695,0.000050000,3,6
2026-09-15,JPU,OPT,JPUH7 C0700,2027-03-05,C,0.007,0.000043000,3,488
2026-09-15,JPU,OPT,JPUH7 C0705,2027-03-05,C,0.00705,0.000037000,3,2
2026-09-15,JPU,OPT,JPUH7 C0710,2027-03-05,C,0.0071,0.000032000,3,32
2026-09-15,JPU,OPT,JPUH7 C0715,2027-03-05,C,0.00715,0.000028000,3,49
2026-09-15,JPU,OPT,JPUH7 C0720,2027-03-05,C,0.0072,0.000024000,3,12
2026-09-15,JPU,OPT,JPUH7 C0725,2027-03-05,C,0.00725,0.000021000,3,
2026-09-15,JPU,OPT,JPUH7 C0730,2027-03-05,C,0.0073,0.000018000,3,37
2026-09-15,JPU,OPT,JPUH7 C0735,2027-03-05,C,0.00735,0.000016000,3,66
2026-09-15,JPU,OPT,JPUH7 C0740,2027-03-05,C,0.0074,0.000014000,3,
2026-09-15,JPU,OPT,JPUH7 C0745,2027-03-05,C,0.00745,0.000012000,3,80
2026-09-15,JPU,OPT,JPUH7 C0750,2027-03-05,C,0.0075,0.000011000,3,10
2026-09-15,JPU,OPT,JPUH7 C0755,2027-03-05,C,0.00755,0.000010000,3,1
2026-09-15,JPU,OPT,JPUH7 C0760,2027-03-05,C,0.0076,0.000009000,3,
2026-09-15,JPU,OPT,JPUH7 C0765,2027-03-05,C,0.00765,0.000008000,3,
2026-09-15,JPU,OPT,JPUH7 C0770,2027-03-05,C,0.0077,0.000007000,3,
2026-09-15,JPU,OPT,JPUH7 C0775,2027-03-05,C,0.00775,0.000007000,3,
2026-09-15,JPU,OPT,JPUH7 C0780,2027-03-05,C,0.0078,0.000006000,3,
2026-09-15,JPU,OPT,JPUH7 C0785,2027-03-05,C,0.00785,0.000006000,3,
2026-09-15,JPU,OPT,JPUH7 C0790,2027-03-05,C,0.0079,0.000006000,3,
2026-09-15,JPU,OPT,JPUH7 C0795,2027-03-05,C,0.00795,0.000005000,3,
2026-09-15,JPU,OPT,JPUH7 C0800,2027-03-05,C,0.008,0.000004500,3,68
2026-09-15,JPU,OPT,JPUH7 C0805,2027-03-05,C,0.00805,0.000004000,3,
2026-09-15,JPU,OPT,JPUH7 C0810,2027-03-05,C,0.0081,0.000003500,3,
2026-09-15,JPU,OPT,JPUH7 C0820,2027-03-05,C,0.0082,0.000003000,3,
2026-09-15,JPU,OPT,JPUH7 C0830,2027-03-05,C,0.0083,0.000002000,3,
2026-09-15,JPU,OPT,JPUH7 C0840,2027-03-05,C,0.0084,0.000001500,3,
2026-09-15,JPU,OPT,JPUH7 C0850,2027-03-05,C,0.0085,0.000001000,3,
2026-09-15,JPU,OPT,JPUH7 C0860,2027-03-05,C,0.0086,0.000001000,3,
2026-09-15,JPU,OPT,JPUH7 C0870,2027-03-05,C,0.0087,0.000000500,3,
2026-09-15,JPU,OPT,JPUH7 C0880,2027-03-05,C,0.0088,0.000000500,3,
2026-09-15,JPU,OPT,JPUH7 C0890,2027-03-05,C,0.0089,0.000000500,3,
2026-09-15,JPU,OPT,JPUH7 C0900,2027-03-05,C,0.009,0.000000500,3,20
2026-09-15,JPU,OPT,JPUH7 P0470,2027-03-05,P,0.0047,0.000000500,3,20
2026-09-15,JPU,OPT,JPUH7 P0480,2027-03-05,P,0.0048,0.000000500,3,
2026-09-15,JPU,OPT,JPUH7 P0490,2027-03-05,P,0.0049,0.000000500,3,
2026-09-15,JPU,OPT,JPUH7 P0500,2027-03-05,P,0.005,0.000000500,3,
2026-09-15,JPU,OPT,JPUH7 P0510,2027-03-05,P,0.0051,0.000001000,3,10
2026-09-15,JPU,OPT,JPUH7 P0520,2027-03-05,P,0.0052,0.000001500,3,10
2026-09-15,JPU,OPT,JPUH7 P0530,2027-03-05,P,0.0053,0.000002000,3,
2026-09-15,JPU,OPT,JPUH7 P0540,2027-03-05,P,0.0054,0.000002000,3,4
2026-09-15,JPU,OPT,JPUH7 P0550,2027-03-05,P,0.0055,0.000002500,3,5
2026-09-15,JPU,OPT,JPUH7 P0560,2027-03-05,P,0.0056,0.000003000,3,
2026-09-15,JPU,OPT,JPUH7 P0570,2027-03-05,P,0.0057,0.000003500,3,4
2026-09-15,JPU,OPT,JPUH7 P0575,2027-03-05,P,0.00575,0.000004000,3,2
2026-09-15,JPU,OPT,JPUH7 P0580,2027-03-05,P,0.0058,0.000005000,3,2
2026-09-15,JPU,OPT,JPUH7 P0585,2027-03-05,P,0.00585,0.000006000,3,1
2026-09-15,JPU,OPT,JPUH7 P0590,2027-03-05,P,0.0059,0.000007000,3,
2026-09-15,JPU,OPT,JPUH7 P0595,2027-03-05,P,0.00595,0.000009000,3,11
2026-09-15,JPU,OPT,JPUH7 P0600,2027-03-05,P,0.006,0.000012000,3,10
2026-09-15,JPU,OPT,JPUH7 P0605,2027-03-05,P,0.00605,0.000016000,3,
2026-09-15,JPU,OPT,JPUH7 P0610,2027-03-05,P,0.0061,0.000021000,3,7
2026-09-15,JPU,OPT,JPUH7 P0615,2027-03-05,P,0.00615,0.000027000,3,283
2026-09-15,JPU,OPT,JPUH7 P0620,2027-03-05,P,0.0062,0.000035000,3,262
2026-09-15,JPU,OPT,JPUH7 P0625,2027-03-05,P,0.00625,0.000044000,3,336
2026-09-15,JPU,OPT,JPUH7 P0630,2027-03-05,P,0.0063,0.000057000,3,224
2026-09-15,JPU,OPT,JPUH7 P0635,2027-03-05,P,0.00635,0.000071000,3,55
2026-09-15,JPU,OPT,JPUH7 P0640,2027-03-05,P,0.0064,0.000089000,3,5
2026-09-15,JPU,OPT,JPUH7 P0645,2027-03-05,P,0.00645,0.000109000,3,8
2026-09-15,JPU,OPT,JPUH7 P0650,2027-03-05,P,0.0065,0.000132000,3,
2026-09-15,JPU,OPT,JPUH7 P0655,2027-03-05,P,0.00655,0.000159000,3,1
2026-09-15,JPU,OPT,JPUH7 P0660,2027-03-05,P,0.0066,0.000188000,3,1
2026-09-15,JPU,OPT,JPUH7 P0665,2027-03-05,P,0.00665,0.000219000,3,10
2026-09-15,JPU,OPT,JPUH7 P0670,2027-03-05,P,0.0067,0.000253000,3,
2026-09-15,JPU,OPT,JPUH7 P0675,2027-03-05,P,0.00675,0.000289000,3,1
2026-09-15,JPU,OPT,JPUH7 P0680,2027-03-05,P,0.0068,0.000326000,3,
2026-09-15,JPU,OPT,JPUH7 P0685,2027-03-05,P,0.00685,0.000365000,3,
2026-09-15,JPU,OPT,JPUH7 P0690,2027-03-05,P,0.0069,0.000406000,3,
2026-09-15,JPU,OPT,JPUH7 P0695,2027-03-05,P,0.00695,0.000447000,3,
2026-09-15,JPU,OPT,JPUH7 P0700,2027-03-05,P,0.007,0.000490000,3,
2026-09-15,JPU,OPT,JPUH7 P0705,2027-03-05,P,0.00705,0.000533000,3,
2026-09-15,JPU,OPT,JPUH7 P0710,2027-03-05,P,0.0071,0.000577000,3,
2026-09-15,JPU,OPT,JPUH7 P0715,2027-03-05,P,0.00715,0.000622000,3,
2026-09-15,JPU,OPT,JPUH7 P0720,2027-03-05,P,0.0072,0.000667000,3,
2026-09-15,JPU,OPT,JPUH7 P0725,2027-03-05,P,0.00725,0.000713000,3,
2026-09-15,JPU,OPT,JPUH7 P0730,2027-03-05,P,0.0073,0.000760000,3,
2026-09-15,JPU,OPT,JPUH7 P0735,2027-03-05,P,0.00735,0.000806000,3,
2026-09-15,JPU,OPT,JPUH7 P0740,2027-03-05,P,0.0074,0.000853000,3,
2026-09-15,JPU,OPT,JPUH7 P0745,2027-03-05,P,0.00745,0.000901000,3,
2026-09-15,JPU,OPT,JPUH7 P0750,2027-03-05,P,0.0075,0.000948000,3,
2026-09-15,JPU,OPT,JPUH7 P0755,2027-03-05,P,0.00755,0.000996000,3,
2026-09-15,JPU,OPT,JPUH7 P0760,2027-03-05,P,0.0076,0.001044000,3,
2026-09-15,JPU,OPT,JPUH7 P0765,2027-03-05,P,0.00765,0.001093000,3,
2026-09-15,JPU,OPT,JPUH7 P0770,2027-03-05,P,0.0077,0.001141000,3,
2026-09-15,JPU,OPT,JPUH7 P0775,2027-03-05,P,0.00775,0.001189000,3,
2026-09-15,JPU,OPT,JPUH7 P0780,2027-03-05,P,0.0078,0.001238000,3,
2026-09-15,JPU,OPT,JPUH7 P0785,2027-03-05,P,0.00785,0.001287000,3,
2026-09-15,JPU,OPT,JPUH7 P0790,2027-03-05,P,0.0079,0.001335000,3,
2026-09-15,JPU,OPT,JPUH7 P0795,2027-03-05,P,0.00795,0.001384000,3,
2026-09-15,JPU,OPT,JPUH7 P0800,2027-03-05,P,0.008,0.001433000,3,
2026-09-15,JPU,OPT,JPUH7 P0805,2027-03-05,P,0.00805,0.001481000,3,
2026-09-15,JPU,OPT,JPUH7 P0810,2027-03-05,P,0.0081,0.001530000,3,
2026-09-15,JPU,OPT,JPUH7 P0820,2027-03-05,P,0.0082,0.001627000,3,
2026-09-15,JPU,OPT,JPUH7 P0830,2027-03-05,P,0.0083,0.001725000,3,
2026-09-15,JPU,OPT,JPUH7 P0840,2027-03-05,P,0.0084,0.001822000,3,
2026-09-15,JPU,OPT,JPUH7 P0850,2027-03-05,P,0.0085,0.001920000,3,
2026-09-15,JPU,OPT,JPUH7 P0860,2027-03-05,P,0.0086,0.002018000,3,
2026-09-15,JPU,OPT,JPUH7 P0870,2027-03-05,P,0.0087,0.002115000,3,
2026-09-15,JPU,OPT,JPUH7 P0880,2027-03-05,P,0.0088,0.002213000,3,
2026-09-15,JPU,OPT,JPUH7 P0890,2027-03-05,P,0.0089,0.002311000,3,
2026-09-15,JPU,OPT,JPUH7 P0900,2027-03-05,P,0.009,0.002409000,3,
2026-09-15,JPU,OPT,JPUJ7 C0480,2027-04-09,C,0.0048,0.001752000,3,
2026-09-15,JPU,OPT,JPUJ7 C0490,2027-04-09,C,0.0049,0.001655000,3,
2026-09-15,JPU,OPT,JPUJ7 C0500,2027-04-09,C,0.005,0.001557000,3,
2026-09-15,JPU,OPT,JPUJ7 C0510,2027-04-09,C,0.0051,0.001459000,3,
2026-09-15,JPU,OPT,JPUJ7 C0520,2027-04-09,C,0.0052,0.001362000,3,
2026-09-15,JPU,OPT,JPUJ7 C0530,2027-04-09,C,0.0053,0.001264000,3,
2026-09-15,JPU,OPT,JPUJ7 C0540,2027-04-09,C,0.0054,0.001167000,3,
2026-09-15,JPU,OPT,JPUJ7 C0550,2027-04-09,C,0.0055,0.001070000,3,
2026-09-15,JPU,OPT,JPUJ7 C0560,2027-04-09,C,0.0056,0.000973000,3,
2026-09-15,JPU,OPT,JPUJ7 C0570,2027-04-09,C,0.0057,0.000877000,3,
2026-09-15,JPU,OPT,JPUJ7 C0575,2027-04-09,C,0.00575,0.000829000,3,
2026-09-15,JPU,OPT,JPUJ7 C0580,2027-04-09,C,0.0058,0.000781000,3,
2026-09-15,JPU,OPT,JPUJ7 C0585,2027-04-09,C,0.00585,0.000734000,3,
2026-09-15,JPU,OPT,JPUJ7 C0590,2027-04-09,C,0.0059,0.000687000,3,
2026-09-15,JPU,OPT,JPUJ7 C0595,2027-04-09,C,0.00595,0.000641000,3,
2026-09-15,JPU,OPT,JPUJ7 C0600,2027-04-09,C,0.006,0.000595000,3,
2026-09-15,JPU,OPT,JPUJ7 C0605,2027-04-09,C,0.00605,0.000550000,3,
2026-09-15,JPU,OPT,JPUJ7 C0610,2027-04-09,C,0.0061,0.000506000,3,
2026-09-15,JPU,OPT,JPUJ7 C0615,2027-04-09,C,0.00615,0.000463000,3,
2026-09-15,JPU,OPT,JPUJ7 C0620,2027-04-09,C,0.0062,0.000422000,3,
2026-09-15,JPU,OPT,JPUJ7 C0625,2027-04-09,C,0.00625,0.000382000,3,1
2026-09-15,JPU,OPT,JPUJ7 C0630,2027-04-09,C,0.0063,0.000345000,3,
2026-09-15,JPU,OPT,JPUJ7 C0635,2027-04-09,C,0.00635,0.000309000,3,
2026-09-15,JPU,OPT,JPUJ7 C0640,2027-04-09,C,0.0064,0.000276000,3,1
2026-09-15,JPU,OPT,JPUJ7 C0645,2027-04-09,C,0.00645,0.000245000,3,4
2026-09-15,JPU,OPT,JPUJ7 C0650,2027-04-09,C,0.0065,0.000216000,3,3
2026-09-15,JPU,OPT,JPUJ7 C0655,2027-04-09,C,0.00655,0.000190000,3,24
2026-09-15,JPU,OPT,JPUJ7 C0660,2027-04-09,C,0.0066,0.000167000,3,
2026-09-15,JPU,OPT,JPUJ7 C0665,2027-04-09,C,0.00665,0.000147000,3,
2026-09-15,JPU,OPT,JPUJ7 C0670,2027-04-09,C,0.0067,0.000129000,3,
2026-09-15,JPU,OPT,JPUJ7 C0675,2027-04-09,C,0.00675,0.000113000,3,
2026-09-15,JPU,OPT,JPUJ7 C0680,2027-04-09,C,0.0068,0.000100000,3,2
2026-09-15,JPU,OPT,JPUJ7 C0685,2027-04-09,C,0.00685,0.000088000,3,2
2026-09-15,JPU,OPT,JPUJ7 C0690,2027-04-09,C,0.0069,0.000077000,3,2
2026-09-15,JPU,OPT,JPUJ7 C0695,2027-04-09,C,0.00695,0.000068000,3,
2026-09-15,JPU,OPT,JPUJ7 C0700,2027-04-09,C,0.007,0.000060000,3,
2026-09-15,JPU,OPT,JPUJ7 C0705,2027-04-09,C,0.00705,0.000053000,3,
2026-09-15,JPU,OPT,JPUJ7 C0710,2027-04-09,C,0.0071,0.000047000,3,
2026-09-15,JPU,OPT,JPUJ7 C0715,2027-04-09,C,0.00715,0.000041000,3,
2026-09-15,JPU,OPT,JPUJ7 C0720,2027-04-09,C,0.0072,0.000036000,3,1
2026-09-15,JPU,OPT,JPUJ7 C0730,2027-04-09,C,0.0073,0.000028000,3,1
2026-09-15,JPU,OPT,JPUJ7 C0740,2027-04-09,C,0.0074,0.000022000,3,
2026-09-15,JPU,OPT,JPUJ7 C0750,2027-04-09,C,0.0075,0.000017000,3,
2026-09-15,JPU,OPT,JPUJ7 C0760,2027-04-09,C,0.0076,0.000014000,3,3
2026-09-15,JPU,OPT,JPUJ7 C0770,2027-04-09,C,0.0077,0.000011000,3,
2026-09-15,JPU,OPT,JPUJ7 C0780,2027-04-09,C,0.0078,0.000009000,3,
2026-09-15,JPU,OPT,JPUJ7 C0790,2027-04-09,C,0.0079,0.000007000,3,
2026-09-15,JPU,OPT,JPUJ7 C0800,2027-04-09,C,0.008,0.000005000,3,
2026-09-15,JPU,OPT,JPUJ7 C0810,2027-04-09,C,0.0081,0.000004000,3,
2026-09-15,JPU,OPT,JPUJ7 P0480,2027-04-09,P,0.0048,0.000000500,3,
2026-09-15,JPU,OPT,JPUJ7 P0490,2027-04-09,P,0.0049,0.000000500,3,
2026-09-15,JPU,OPT,JPUJ7 P0500,2027-04-09,P,0.005,0.000000500,3,
2026-09-15,JPU,OPT,JPUJ7 P0510,2027-04-09,P,0.0051,0.000000500,3,
2026-09-15,JPU,OPT,JPUJ7 P0520,2027-04-09,P,0.0052,0.000000500,3,
2026-09-15,JPU,OPT,JPUJ7 P0530,2027-04-09,P,0.0053,0.000000500,3,
2026-09-15,JPU,OPT,JPUJ7 P0540,2027-04-09,P,0.0054,0.000001000,3,
2026-09-15,JPU,OPT,JPUJ7 P0550,2027-04-09,P,0.0055,0.000001500,3,
2026-09-15,JPU,OPT,JPUJ7 P0560,2027-04-09,P,0.0056,0.000002500,3,
2026-09-15,JPU,OPT,JPUJ7 P0570,2027-04-09,P,0.0057,0.000004000,3,
2026-09-15,JPU,OPT,JPUJ7 P0575,2027-04-09,P,0.00575,0.000005000,3,
2026-09-15,JPU,OPT,JPUJ7 P0580,2027-04-09,P,0.0058,0.000006000,3,
2026-09-15,JPU,OPT,JPUJ7 P0585,2027-04-09,P,0.00585,0.000008000,3,
2026-09-15,JPU,OPT,JPUJ7 P0590,2027-04-09,P,0.0059,0.000009000,3,
2026-09-15,JPU,OPT,JPUJ7 P0595,2027-04-09,P,0.00595,0.000012000,3,
2026-09-15,JPU,OPT,JPUJ7 P0600,2027-04-09,P,0.006,0.000015000,3,
2026-09-15,JPU,OPT,JPUJ7 P0605,2027-04-09,P,0.00605,0.000019000,3,1
2026-09-15,JPU,OPT,JPUJ7 P0610,2027-04-09,P,0.0061,0.000024000,3,1
2026-09-15,JPU,OPT,JPUJ7 P0615,2027-04-09,P,0.00615,0.000030000,3,
2026-09-15,JPU,OPT,JPUJ7 P0620,2027-04-09,P,0.0062,0.000037000,3,
2026-09-15,JPU,OPT,JPUJ7 P0625,2027-04-09,P,0.00625,0.000047000,3,3
2026-09-15,JPU,OPT,JPUJ7 P0630,2027-04-09,P,0.0063,0.000058000,3,
2026-09-15,JPU,OPT,JPUJ7 P0635,2027-04-09,P,0.00635,0.000071000,3,2
2026-09-15,JPU,OPT,JPUJ7 P0640,2027-04-09,P,0.0064,0.000087000,3,3
2026-09-15,JPU,OPT,JPUJ7 P0645,2027-04-09,P,0.00645,0.000104000,3,
2026-09-15,JPU,OPT,JPUJ7 P0650,2027-04-09,P,0.0065,0.000125000,3,5
2026-09-15,JPU,OPT,JPUJ7 P0655,2027-04-09,P,0.00655,0.000148000,3,4
2026-09-15,JPU,OPT,JPUJ7 P0660,2027-04-09,P,0.0066,0.000173000,3,
2026-09-15,JPU,OPT,JPUJ7 P0665,2027-04-09,P,0.00665,0.000202000,3,
2026-09-15,JPU,OPT,JPUJ7 P0670,2027-04-09,P,0.0067,0.000233000,3,
2026-09-15,JPU,OPT,JPUJ7 P0675,2027-04-09,P,0.00675,0.000266000,3,
2026-09-15,JPU,OPT,JPUJ7 P0680,2027-04-09,P,0.0068,0.000302000,3,
2026-09-15,JPU,OPT,JPUJ7 P0685,2027-04-09,P,0.00685,0.000339000,3,
2026-09-15,JPU,OPT,JPUJ7 P0690,2027-04-09,P,0.0069,0.000377000,3,
2026-09-15,JPU,OPT,JPUJ7 P0695,2027-04-09,P,0.00695,0.000417000,3,
2026-09-15,JPU,OPT,JPUJ7 P0700,2027-04-09,P,0.007,0.000457000,3,
2026-09-15,JPU,OPT,JPUJ7 P0705,2027-04-09,P,0.00705,0.000499000,3,
2026-09-15,JPU,OPT,JPUJ7 P0710,2027-04-09,P,0.0071,0.000541000,3,
2026-09-15,JPU,OPT,JPUJ7 P0715,2027-04-09,P,0.00715,0.000585000,3,
2026-09-15,JPU,OPT,JPUJ7 P0720,2027-04-09,P,0.0072,0.000629000,3,
2026-09-15,JPU,OPT,JPUJ7 P0730,2027-04-09,P,0.0073,0.000718000,3,
2026-09-15,JPU,OPT,JPUJ7 P0740,2027-04-09,P,0.0074,0.000810000,3,
2026-09-15,JPU,OPT,JPUJ7 P0750,2027-04-09,P,0.0075,0.000903000,3,
2026-09-15,JPU,OPT,JPUJ7 P0760,2027-04-09,P,0.0076,0.000997000,3,
2026-09-15,JPU,OPT,JPUJ7 P0770,2027-04-09,P,0.0077,0.001092000,3,
2026-09-15,JPU,OPT,JPUJ7 P0780,2027-04-09,P,0.0078,0.001187000,3,
2026-09-15,JPU,OPT,JPUJ7 P0790,2027-04-09,P,0.0079,0.001284000,3,
2026-09-15,JPU,OPT,JPUJ7 P0800,2027-04-09,P,0.008,0.001380000,3,
2026-09-15,JPU,OPT,JPUJ7 P0810,2027-04-09,P,0.0081,0.001476000,3,
2026-09-15,JPU,OPT,JPUK7 C0480,2027-05-07,C,0.0048,0.001747000,3,
2026-09-15,JPU,OPT,JPUK7 C0490,2027-05-07,C,0.0049,0.001651000,3,
2026-09-15,JPU,OPT,JPUK7 C0500,2027-05-07,C,0.005,0.001553000,3,
2026-09-15,JPU,OPT,JPUK7 C0510,2027-05-07,C,0.0051,0.001456000,3,
2026-09-15,JPU,OPT,JPUK7 C0520,2027-05-07,C,0.0052,0.001359000,3,
2026-09-15,JPU,OPT,JPUK7 C0530,2027-05-07,C,0.0053,0.001262000,3,
2026-09-15,JPU,OPT,JPUK7 C0540,2027-05-07,C,0.0054,0.001165000,3,
2026-09-15,JPU,OPT,JPUK7 C0550,2027-05-07,C,0.0055,0.001068000,3,
2026-09-15,JPU,OPT,JPUK7 C0560,2027-05-07,C,0.0056,0.000972000,3,
2026-09-15,JPU,OPT,JPUK7 C0570,2027-05-07,C,0.0057,0.000876000,3,
2026-09-15,JPU,OPT,JPUK7 C0575,2027-05-07,C,0.00575,0.000829000,3,
2026-09-15,JPU,OPT,JPUK7 C0580,2027-05-07,C,0.0058,0.000781000,3,
2026-09-15,JPU,OPT,JPUK7 C0585,2027-05-07,C,0.00585,0.000734000,3,
2026-09-15,JPU,OPT,JPUK7 C0590,2027-05-07,C,0.0059,0.000688000,3,
2026-09-15,JPU,OPT,JPUK7 C0595,2027-05-07,C,0.00595,0.000642000,3,
2026-09-15,JPU,OPT,JPUK7 C0600,2027-05-07,C,0.006,0.000597000,3,
2026-09-15,JPU,OPT,JPUK7 C0605,2027-05-07,C,0.00605,0.000553000,3,
2026-09-15,JPU,OPT,JPUK7 C0610,2027-05-07,C,0.0061,0.000510000,3,
2026-09-15,JPU,OPT,JPUK7 C0615,2027-05-07,C,0.00615,0.000469000,3,
2026-09-15,JPU,OPT,JPUK7 C0620,2027-05-07,C,0.0062,0.000428000,3,
2026-09-15,JPU,OPT,JPUK7 C0625,2027-05-07,C,0.00625,0.000390000,3,
2026-09-15,JPU,OPT,JPUK7 C0630,2027-05-07,C,0.0063,0.000353000,3,
2026-09-15,JPU,OPT,JPUK7 C0635,2027-05-07,C,0.00635,0.000318000,3,11
2026-09-15,JPU,OPT,JPUK7 C0640,2027-05-07,C,0.0064,0.000286000,3,
2026-09-15,JPU,OPT,JPUK7 C0645,2027-05-07,C,0.00645,0.000255000,3,
2026-09-15,JPU,OPT,JPUK7 C0650,2027-05-07,C,0.0065,0.000227000,3,10
2026-09-15,JPU,OPT,JPUK7 C0655,2027-05-07,C,0.00655,0.000201000,3,
2026-09-15,JPU,OPT,JPUK7 C0660,2027-05-07,C,0.0066,0.000178000,3,1
2026-09-15,JPU,OPT,JPUK7 C0665,2027-05-07,C,0.00665,0.000157000,3,
2026-09-15,JPU,OPT,JPUK7 C0670,2027-05-07,C,0.0067,0.000139000,3,
2026-09-15,JPU,OPT,JPUK7 C0675,2027-05-07,C,0.00675,0.000123000,3,
2026-09-15,JPU,OPT,JPUK7 C0680,2027-05-07,C,0.0068,0.000109000,3,
2026-09-15,JPU,OPT,JPUK7 C0685,2027-05-07,C,0.00685,0.000097000,3,1950
2026-09-15,JPU,OPT,JPUK7 C0690,2027-05-07,C,0.0069,0.000086000,3,
2026-09-15,JPU,OPT,JPUK7 C0695,2027-05-07,C,0.00695,0.000076000,3,
2026-09-15,JPU,OPT,JPUK7 C0700,2027-05-07,C,0.007,0.000067000,3,1
2026-09-15,JPU,OPT,JPUK7 C0705,2027-05-07,C,0.00705,0.000060000,3,
2026-09-15,JPU,OPT,JPUK7 C0710,2027-05-07,C,0.0071,0.000053000,3,
2026-09-15,JPU,OPT,JPUK7 C0715,2027-05-07,C,0.00715,0.000047000,3,
2026-09-15,JPU,OPT,JPUK7 C0720,2027-05-07,C,0.0072,0.000042000,3,
2026-09-15,JPU,OPT,JPUK7 C0730,2027-05-07,C,0.0073,0.000033000,3,
2026-09-15,JPU,OPT,JPUK7 C0740,2027-05-07,C,0.0074,0.000026000,3,
2026-09-15,JPU,OPT,JPUK7 C0750,2027-05-07,C,0.0075,0.000021000,3,
2026-09-15,JPU,OPT,JPUK7 C0760,2027-05-07,C,0.0076,0.000017000,3,
2026-09-15,JPU,OPT,JPUK7 C0770,2027-05-07,C,0.0077,0.000013000,3,
2026-09-15,JPU,OPT,JPUK7 C0780,2027-05-07,C,0.0078,0.000011000,3,
2026-09-15,JPU,OPT,JPUK7 C0790,2027-05-07,C,0.0079,0.000009000,3,
2026-09-15,JPU,OPT,JPUK7 C0800,2027-05-07,C,0.008,0.000007000,3,
2026-09-15,JPU,OPT,JPUK7 C0810,2027-05-07,C,0.0081,0.000006000,3,
2026-09-15,JPU,OPT,JPUK7 P0480,2027-05-07,P,0.0048,0.000001000,3,
2026-09-15,JPU,OPT,JPUK7 P0490,2027-05-07,P,0.0049,0.000001500,3,9
2026-09-15,JPU,OPT,JPUK7 P0500,2027-05-07,P,0.005,0.000001500,3,9
2026-09-15,JPU,OPT,JPUK7 P0510,2027-05-07,P,0.0051,0.000002000,3,
2026-09-15,JPU,OPT,JPUK7 P0520,2027-05-07,P,0.0052,0.000002000,3,
2026-09-15,JPU,OPT,JPUK7 P0530,2027-05-07,P,0.0053,0.000002500,3,
2026-09-15,JPU,OPT,JPUK7 P0540,2027-05-07,P,0.0054,0.000003000,3,
2026-09-15,JPU,OPT,JPUK7 P0550,2027-05-07,P,0.0055,0.000003500,3,
2026-09-15,JPU,OPT,JPUK7 P0560,2027-05-07,P,0.0056,0.000004500,3,1
2026-09-15,JPU,OPT,JPUK7 P0570,2027-05-07,P,0.0057,0.000006000,3,1
2026-09-15,JPU,OPT,JPUK7 P0575,2027-05-07,P,0.00575,0.000007000,3,
2026-09-15,JPU,OPT,JPUK7 P0580,2027-05-07,P,0.0058,0.000009000,3,
2026-09-15,JPU,OPT,JPUK7 P0585,2027-05-07,P,0.00585,0.000010000,3,
2026-09-15,JPU,OPT,JPUK7 P0590,2027-05-07,P,0.0059,0.000013000,3,
2026-09-15,JPU,OPT,JPUK7 P0595,2027-05-07,P,0.00595,0.000016000,3,
2026-09-15,JPU,OPT,JPUK7 P0600,2027-05-07,P,0.006,0.000019000,3,
2026-09-15,JPU,OPT,JPUK7 P0605,2027-05-07,P,0.00605,0.000024000,3,
2026-09-15,JPU,OPT,JPUK7 P0610,2027-05-07,P,0.0061,0.000030000,3,
2026-09-15,JPU,OPT,JPUK7 P0615,2027-05-07,P,0.00615,0.000037000,3,
2026-09-15,JPU,OPT,JPUK7 P0620,2027-05-07,P,0.0062,0.000045000,3,
2026-09-15,JPU,OPT,JPUK7 P0625,2027-05-07,P,0.00625,0.000056000,3,1
2026-09-15,JPU,OPT,JPUK7 P0630,2027-05-07,P,0.0063,0.000068000,3,
2026-09-15,JPU,OPT,JPUK7 P0635,2027-05-07,P,0.00635,0.000081000,3,
2026-09-15,JPU,OPT,JPUK7 P0640,2027-05-07,P,0.0064,0.000097000,3,
2026-09-15,JPU,OPT,JPUK7 P0645,2027-05-07,P,0.00645,0.000115000,3,
2026-09-15,JPU,OPT,JPUK7 P0650,2027-05-07,P,0.0065,0.000136000,3,
2026-09-15,JPU,OPT,JPUK7 P0655,2027-05-07,P,0.00655,0.000159000,3,
2026-09-15,JPU,OPT,JPUK7 P0660,2027-05-07,P,0.0066,0.000184000,3,
2026-09-15,JPU,OPT,JPUK7 P0665,2027-05-07,P,0.00665,0.000212000,3,
2026-09-15,JPU,OPT,JPUK7 P0670,2027-05-07,P,0.0067,0.000243000,3,
2026-09-15,JPU,OPT,JPUK7 P0675,2027-05-07,P,0.00675,0.000275000,3,
2026-09-15,JPU,OPT,JPUK7 P0680,2027-05-07,P,0.0068,0.000310000,3,
2026-09-15,JPU,OPT,JPUK7 P0685,2027-05-07,P,0.00685,0.000346000,3,
2026-09-15,JPU,OPT,JPUK7 P0690,2027-05-07,P,0.0069,0.000384000,3,
2026-09-15,JPU,OPT,JPUK7 P0695,2027-05-07,P,0.00695,0.000423000,3,
2026-09-15,JPU,OPT,JPUK7 P0700,2027-05-07,P,0.007,0.000463000,3,
2026-09-15,JPU,OPT,JPUK7 P0705,2027-05-07,P,0.00705,0.000504000,3,
2026-09-15,JPU,OPT,JPUK7 P0710,2027-05-07,P,0.0071,0.000546000,3,
2026-09-15,JPU,OPT,JPUK7 P0715,2027-05-07,P,0.00715,0.000589000,3,
2026-09-15,JPU,OPT,JPUK7 P0720,2027-05-07,P,0.0072,0.000632000,3,
2026-09-15,JPU,OPT,JPUK7 P0730,2027-05-07,P,0.0073,0.000721000,3,
2026-09-15,JPU,OPT,JPUK7 P0740,2027-05-07,P,0.0074,0.000811000,3,
2026-09-15,JPU,OPT,JPUK7 P0750,2027-05-07,P,0.0075,0.000903000,3,
2026-09-15,JPU,OPT,JPUK7 P0760,2027-05-07,P,0.0076,0.000997000,3,
2026-09-15,JPU,OPT,JPUK7 P0770,2027-05-07,P,0.0077,0.001091000,3,
2026-09-15,JPU,OPT,JPUK7 P0780,2027-05-07,P,0.0078,0.001186000,3,
2026-09-15,JPU,OPT,JPUK7 P0790,2027-05-07,P,0.0079,0.001281000,3,
2026-09-15,JPU,OPT,JPUK7 P0800,2027-05-07,P,0.008,0.001377000,3,
2026-09-15,JPU,OPT,JPUK7 P0810,2027-05-07,P,0.0081,0.001473000,3,
2026-09-15,JPU,OPT,JPUM7 C0480,2027-06-04,C,0.0048,0.001741000,3,
2026-09-15,JPU,OPT,JPUM7 C0490,2027-06-04,C,0.0049,0.001644000,3,
2026-09-15,JPU,OPT,JPUM7 C0500,2027-06-04,C,0.005,0.001548000,3,
2026-09-15,JPU,OPT,JPUM7 C0510,2027-06-04,C,0.0051,0.001451000,3,
2026-09-15,JPU,OPT,JPUM7 C0520,2027-06-04,C,0.0052,0.001355000,3,
2026-09-15,JPU,OPT,JPUM7 C0530,2027-06-04,C,0.0053,0.001258000,3,
2026-09-15,JPU,OPT,JPUM7 C0540,2027-06-04,C,0.0054,0.001162000,3,
2026-09-15,JPU,OPT,JPUM7 C0550,2027-06-04,C,0.0055,0.001066000,3,
2026-09-15,JPU,OPT,JPUM7 C0560,2027-06-04,C,0.0056,0.000970000,3,
2026-09-15,JPU,OPT,JPUM7 C0570,2027-06-04,C,0.0057,0.000875000,3,
2026-09-15,JPU,OPT,JPUM7 C0575,2027-06-04,C,0.00575,0.000828000,3,
2026-09-15,JPU,OPT,JPUM7 C0580,2027-06-04,C,0.0058,0.000781000,3,
2026-09-15,JPU,OPT,JPUM7 C0585,2027-06-04,C,0.00585,0.000735000,3,
2026-09-15,JPU,OPT,JPUM7 C0590,2027-06-04,C,0.0059,0.000689000,3,
2026-09-15,JPU,OPT,JPUM7 C0595,2027-06-04,C,0.00595,0.000644000,3,
2026-09-15,JPU,OPT,JPUM7 C0600,2027-06-04,C,0.006,0.000600000,3,
2026-09-15,JPU,OPT,JPUM7 C0605,2027-06-04,C,0.00605,0.000557000,3,
2026-09-15,JPU,OPT,JPUM7 C0610,2027-06-04,C,0.0061,0.000515000,3,
2026-09-15,JPU,OPT,JPUM7 C0615,2027-06-04,C,0.00615,0.000474000,3,
2026-09-15,JPU,OPT,JPUM7 C0620,2027-06-04,C,0.0062,0.000434000,3,
2026-09-15,JPU,OPT,JPUM7 C0625,2027-06-04,C,0.00625,0.000397000,3,
2026-09-15,JPU,OPT,JPUM7 C0630,2027-06-04,C,0.0063,0.000360000,3,1
2026-09-15,JPU,OPT,JPUM7 C0635,2027-06-04,C,0.00635,0.000326000,3,2
2026-09-15,JPU,OPT,JPUM7 C0640,2027-06-04,C,0.0064,0.000294000,3,1
2026-09-15,JPU,OPT,JPUM7 C0645,2027-06-04,C,0.00645,0.000265000,3,3
2026-09-15,JPU,OPT,JPUM7 C0650,2027-06-04,C,0.0065,0.000237000,3,4
2026-09-15,JPU,OPT,JPUM7 C0655,2027-06-04,C,0.00655,0.000212000,3,1
2026-09-15,JPU,OPT,JPUM7 C0660,2027-06-04,C,0.0066,0.000189000,3,2
2026-09-15,JPU,OPT,JPUM7 C0665,2027-06-04,C,0.00665,0.000168000,3,20
2026-09-15,JPU,OPT,JPUM7 C0670,2027-06-04,C,0.0067,0.000150000,3,21
2026-09-15,JPU,OPT,JPUM7 C0675,2027-06-04,C,0.00675,0.000133000,3,12
2026-09-15,JPU,OPT,JPUM7 C0680,2027-06-04,C,0.0068,0.000118000,3,
2026-09-15,JPU,OPT,JPUM7 C0685,2027-06-04,C,0.00685,0.000105000,3,15
2026-09-15,JPU,OPT,JPUM7 C0690,2027-06-04,C,0.0069,0.000093000,3,4
2026-09-15,JPU,OPT,JPUM7 C0695,2027-06-04,C,0.00695,0.000083000,3,
2026-09-15,JPU,OPT,JPUM7 C0700,2027-06-04,C,0.007,0.000074000,3,383
2026-09-15,JPU,OPT,JPUM7 C0705,2027-06-04,C,0.00705,0.000066000,3,
2026-09-15,JPU,OPT,JPUM7 C0710,2027-06-04,C,0.0071,0.000059000,3,2
2026-09-15,JPU,OPT,JPUM7 C0715,2027-06-04,C,0.00715,0.000052000,3,8
2026-09-15,JPU,OPT,JPUM7 C0720,2027-06-04,C,0.0072,0.000047000,3,
2026-09-15,JPU,OPT,JPUM7 C0725,2027-06-04,C,0.00725,0.000042000,3,10
2026-09-15,JPU,OPT,JPUM7 C0730,2027-06-04,C,0.0073,0.000037000,3,
2026-09-15,JPU,OPT,JPUM7 C0735,2027-06-04,C,0.00735,0.000033000,3,
2026-09-15,JPU,OPT,JPUM7 C0740,2027-06-04,C,0.0074,0.000030000,3,40
2026-09-15,JPU,OPT,JPUM7 C0745,2027-06-04,C,0.00745,0.000027000,3,1
2026-09-15,JPU,OPT,JPUM7 C0750,2027-06-04,C,0.0075,0.000024000,3,2
2026-09-15,JPU,OPT,JPUM7 C0755,2027-06-04,C,0.00755,0.000022000,3,5
2026-09-15,JPU,OPT,JPUM7 C0760,2027-06-04,C,0.0076,0.000020000,3,1
2026-09-15,JPU,OPT,JPUM7 C0765,2027-06-04,C,0.00765,0.000018000,3,1
2026-09-15,JPU,OPT,JPUM7 C0770,2027-06-04,C,0.0077,0.000016000,3,1
2026-09-15,JPU,OPT,JPUM7 C0775,2027-06-04,C,0.00775,0.000015000,3,1
2026-09-15,JPU,OPT,JPUM7 C0780,2027-06-04,C,0.0078,0.000013000,3,
2026-09-15,JPU,OPT,JPUM7 C0785,2027-06-04,C,0.00785,0.000012000,3,
2026-09-15,JPU,OPT,JPUM7 C0790,2027-06-04,C,0.0079,0.000011000,3,
2026-09-15,JPU,OPT,JPUM7 C0795,2027-06-04,C,0.00795,0.000010000,3,
2026-09-15,JPU,OPT,JPUM7 C0800,2027-06-04,C,0.008,0.000009000,3,
2026-09-15,JPU,OPT,JPUM7 C0810,2027-06-04,C,0.0081,0.000008000,3,
2026-09-15,JPU,OPT,JPUM7 C0820,2027-06-04,C,0.0082,0.000007000,3,
2026-09-15,JPU,OPT,JPUM7 C0830,2027-06-04,C,0.0083,0.000006000,3,
2026-09-15,JPU,OPT,JPUM7 C0840,2027-06-04,C,0.0084,0.000005000,3,
2026-09-15,JPU,OPT,JPUM7 C0850,2027-06-04,C,0.0085,0.000004000,3,
2026-09-15,JPU,OPT,JPUM7 C0860,2027-06-04,C,0.0086,0.000003500,3,
2026-09-15,JPU,OPT,JPUM7 C0870,2027-06-04,C,0.0087,0.000003000,3,
2026-09-15,JPU,OPT,JPUM7 C0880,2027-06-04,C,0.0088,0.000002500,3,
2026-09-15,JPU,OPT,JPUM7 C0890,2027-06-04,C,0.0089,0.000002500,3,
2026-09-15,JPU,OPT,JPUM7 P0480,2027-06-04,P,0.0048,0.000000500,3,12
2026-09-15,JPU,OPT,JPUM7 P0490,2027-06-04,P,0.0049,0.000001000,3,
2026-09-15,JPU,OPT,JPUM7 P0500,2027-06-04,P,0.005,0.000001500,3,
2026-09-15,JPU,OPT,JPUM7 P0510,2027-06-04,P,0.0051,0.000002000,3,
2026-09-15,JPU,OPT,JPUM7 P0520,2027-06-04,P,0.0052,0.000002500,3,
2026-09-15,JPU,OPT,JPUM7 P0530,2027-06-04,P,0.0053,0.000003000,3,
2026-09-15,JPU,OPT,JPUM7 P0540,2027-06-04,P,0.0054,0.000003500,3,
2026-09-15,JPU,OPT,JPUM7 P0550,2027-06-04,P,0.0055,0.000004500,3,
2026-09-15,JPU,OPT,JPUM7 P0560,2027-06-04,P,0.0056,0.000006000,3,2
2026-09-15,JPU,OPT,JPUM7 P0570,2027-06-04,P,0.0057,0.000008000,3,2
2026-09-15,JPU,OPT,JPUM7 P0575,2027-06-04,P,0.00575,0.000009000,3,
2026-09-15,JPU,OPT,JPUM7 P0580,2027-06-04,P,0.0058,0.000011000,3,3
2026-09-15,JPU,OPT,JPUM7 P0585,2027-06-04,P,0.00585,0.000013000,3,
2026-09-15,JPU,OPT,JPUM7 P0590,2027-06-04,P,0.0059,0.000016000,3,31
2026-09-15,JPU,OPT,JPUM7 P0595,2027-06-04,P,0.00595,0.000020000,3,
2026-09-15,JPU,OPT,JPUM7 P0600,2027-06-04,P,0.006,0.000024000,3,11
2026-09-15,JPU,OPT,JPUM7 P0605,2027-06-04,P,0.00605,0.000029000,3,
2026-09-15,JPU,OPT,JPUM7 P0610,2027-06-04,P,0.0061,0.000036000,3,193
2026-09-15,JPU,OPT,JPUM7 P0615,2027-06-04,P,0.00615,0.000043000,3,
2026-09-15,JPU,OPT,JPUM7 P0620,2027-06-04,P,0.0062,0.000053000,3,427
2026-09-15,JPU,OPT,JPUM7 P0625,2027-06-04,P,0.00625,0.000063000,3,
2026-09-15,JPU,OPT,JPUM7 P0630,2027-06-04,P,0.0063,0.000076000,3,381
2026-09-15,JPU,OPT,JPUM7 P0635,2027-06-04,P,0.00635,0.000090000,3,5
2026-09-15,JPU,OPT,JPUM7 P0640,2027-06-04,P,0.0064,0.000107000,3,100
2026-09-15,JPU,OPT,JPUM7 P0645,2027-06-04,P,0.00645,0.000125000,3,
2026-09-15,JPU,OPT,JPUM7 P0650,2027-06-04,P,0.0065,0.000146000,3,2
2026-09-15,JPU,OPT,JPUM7 P0655,2027-06-04,P,0.00655,0.000170000,3,
2026-09-15,JPU,OPT,JPUM7 P0660,2027-06-04,P,0.0066,0.000195000,3,
2026-09-15,JPU,OPT,JPUM7 P0665,2027-06-04,P,0.00665,0.000223000,3,
2026-09-15,JPU,OPT,JPUM7 P0670,2027-06-04,P,0.0067,0.000253000,3,
2026-09-15,JPU,OPT,JPUM7 P0675,2027-06-04,P,0.00675,0.000285000,3,
2026-09-15,JPU,OPT,JPUM7 P0680,2027-06-04,P,0.0068,0.000319000,3,
2026-09-15,JPU,OPT,JPUM7 P0685,2027-06-04,P,0.00685,0.000354000,3,
2026-09-15,JPU,OPT,JPUM7 P0690,2027-06-04,P,0.0069,0.000391000,3,
2026-09-15,JPU,OPT,JPUM7 P0695,2027-06-04,P,0.00695,0.000429000,3,
2026-09-15,JPU,OPT,JPUM7 P0700,2027-06-04,P,0.007,0.000468000,3,
2026-09-15,JPU,OPT,JPUM7 P0705,2027-06-04,P,0.00705,0.000509000,3,
2026-09-15,JPU,OPT,JPUM7 P0710,2027-06-04,P,0.0071,0.000550000,3,
2026-09-15,JPU,OPT,JPUM7 P0715,2027-06-04,P,0.00715,0.000592000,3,
2026-09-15,JPU,OPT,JPUM7 P0720,2027-06-04,P,0.0072,0.000635000,3,
2026-09-15,JPU,OPT,JPUM7 P0725,2027-06-04,P,0.00725,0.000679000,3,
2026-09-15,JPU,OPT,JPUM7 P0730,2027-06-04,P,0.0073,0.000723000,3,
2026-09-15,JPU,OPT,JPUM7 P0735,2027-06-04,P,0.00735,0.000768000,3,
2026-09-15,JPU,OPT,JPUM7 P0740,2027-06-04,P,0.0074,0.000813000,3,2
2026-09-15,JPU,OPT,JPUM7 P0745,2027-06-04,P,0.00745,0.000858000,3,
2026-09-15,JPU,OPT,JPUM7 P0750,2027-06-04,P,0.0075,0.000904000,3,
2026-09-15,JPU,OPT,JPUM7 P0755,2027-06-04,P,0.00755,0.000950000,3,
2026-09-15,JPU,OPT,JPUM7 P0760,2027-06-04,P,0.0076,0.000996000,3,
2026-09-15,JPU,OPT,JPUM7 P0765,2027-06-04,P,0.00765,0.001043000,3,
2026-09-15,JPU,OPT,JPUM7 P0770,2027-06-04,P,0.0077,0.001090000,3,
2026-09-15,JPU,OPT,JPUM7 P0775,2027-06-04,P,0.00775,0.001137000,3,
2026-09-15,JPU,OPT,JPUM7 P0780,2027-06-04,P,0.0078,0.001184000,3,
2026-09-15,JPU,OPT,JPUM7 P0785,2027-06-04,P,0.00785,0.001231000,3,
2026-09-15,JPU,OPT,JPUM7 P0790,2027-06-04,P,0.0079,0.001279000,3,
2026-09-15,JPU,OPT,JPUM7 P0795,2027-06-04,P,0.00795,0.001327000,3,
2026-09-15,JPU,OPT,JPUM7 P0800,2027-06-04,P,0.008,0.001374000,3,
2026-09-15,JPU,OPT,JPUM7 P0810,2027-06-04,P,0.0081,0.001470000,3,
2026-09-15,JPU,OPT,JPUM7 P0820,2027-06-04,P,0.0082,0.001566000,3,
2026-09-15,JPU,OPT,JPUM7 P0830,2027-06-04,P,0.0083,0.001662000,3,
2026-09-15,JPU,OPT,JPUM7 P0840,2027-06-04,P,0.0084,0.001758000,3,
2026-09-15,JPU,OPT,JPUM7 P0850,2027-06-04,P,0.0085,0.001854000,3,
2026-09-15,JPU,OPT,JPUM7 P0860,2027-06-04,P,0.0086,0.001951000,3,
2026-09-15,JPU,OPT,JPUM7 P0870,2027-06-04,P,0.0087,0.002047000,3,
2026-09-15,JPU,OPT,JPUM7 P0880,2027-06-04,P,0.0088,0.002144000,3,
2026-09-15,JPU,OPT,JPUM7 P0890,2027-06-04,P,0.0089,0.002241000,3,
2026-09-15,JPU,OPT,JPUN7 C0480,2027-07-09,C,0.0048,0.001782000,3,
2026-09-15,JPU,OPT,JPUN7 C0490,2027-07-09,C,0.0049,0.001685000,3,
2026-09-15,JPU,OPT,JPUN7 C0500,2027-07-09,C,0.005,0.001589000,3,
2026-09-15,JPU,OPT,JPUN7 C0510,2027-07-09,C,0.0051,0.001493000,3,
2026-09-15,JPU,OPT,JPUN7 C0520,2027-07-09,C,0.0052,0.001396000,3,
2026-09-15,JPU,OPT,JPUN7 C0530,2027-07-09,C,0.0053,0.001300000,3,
2026-09-15,JPU,OPT,JPUN7 C0540,2027-07-09,C,0.0054,0.001204000,3,
2026-09-15,JPU,OPT,JPUN7 C0550,2027-07-09,C,0.0055,0.001109000,3,
2026-09-15,JPU,OPT,JPUN7 C0560,2027-07-09,C,0.0056,0.001014000,3,
2026-09-15,JPU,OPT,JPUN7 C0570,2027-07-09,C,0.0057,0.000919000,3,
2026-09-15,JPU,OPT,JPUN7 C0580,2027-07-09,C,0.0058,0.000826000,3,
2026-09-15,JPU,OPT,JPUN7 C0585,2027-07-09,C,0.00585,0.000780000,3,
2026-09-15,JPU,OPT,JPUN7 C0590,2027-07-09,C,0.0059,0.000735000,3,
2026-09-15,JPU,OPT,JPUN7 C0595,2027-07-09,C,0.00595,0.000690000,3,
2026-09-15,JPU,OPT,JPUN7 C0600,2027-07-09,C,0.006,0.000646000,3,
2026-09-15,JPU,OPT,JPUN7 C0605,2027-07-09,C,0.00605,0.000603000,3,
2026-09-15,JPU,OPT,JPUN7 C0610,2027-07-09,C,0.0061,0.000560000,3,
2026-09-15,JPU,OPT,JPUN7 C0615,2027-07-09,C,0.00615,0.000519000,3,
2026-09-15,JPU,OPT,JPUN7 C0620,2027-07-09,C,0.0062,0.000479000,3,
2026-09-15,JPU,OPT,JPUN7 C0625,2027-07-09,C,0.00625,0.000441000,3,
2026-09-15,JPU,OPT,JPUN7 C0630,2027-07-09,C,0.0063,0.000404000,3,
2026-09-15,JPU,OPT,JPUN7 C0635,2027-07-09,C,0.00635,0.000369000,3,
2026-09-15,JPU,OPT,JPUN7 C0640,2027-07-09,C,0.0064,0.000336000,3,
2026-09-15,JPU,OPT,JPUN7 C0645,2027-07-09,C,0.00645,0.000304000,3,
2026-09-15,JPU,OPT,JPUN7 C0650,2027-07-09,C,0.0065,0.000275000,3,
2026-09-15,JPU,OPT,JPUN7 C0655,2027-07-09,C,0.00655,0.000247000,3,
2026-09-15,JPU,OPT,JPUN7 C0660,2027-07-09,C,0.0066,0.000222000,3,
2026-09-15,JPU,OPT,JPUN7 C0665,2027-07-09,C,0.00665,0.000199000,3,10
2026-09-15,JPU,OPT,JPUN7 C0670,2027-07-09,C,0.0067,0.000178000,3,
2026-09-15,JPU,OPT,JPUN7 C0675,2027-07-09,C,0.00675,0.000159000,3,
2026-09-15,JPU,OPT,JPUN7 C0680,2027-07-09,C,0.0068,0.000143000,3,2
2026-09-15,JPU,OPT,JPUN7 C0685,2027-07-09,C,0.00685,0.000128000,3,
2026-09-15,JPU,OPT,JPUN7 C0690,2027-07-09,C,0.0069,0.000114000,3,
2026-09-15,JPU,OPT,JPUN7 C0695,2027-07-09,C,0.00695,0.000103000,3,
2026-09-15,JPU,OPT,JPUN7 C0700,2027-07-09,C,0.007,0.000092000,3,6
2026-09-15,JPU,OPT,JPUN7 C0705,2027-07-09,C,0.00705,0.000082000,3,
2026-09-15,JPU,OPT,JPUN7 C0710,2027-07-09,C,0.0071,0.000074000,3,
2026-09-15,JPU,OPT,JPUN7 C0715,2027-07-09,C,0.00715,0.000066000,3,
2026-09-15,JPU,OPT,JPUN7 C0720,2027-07-09,C,0.0072,0.000060000,3,1
2026-09-15,JPU,OPT,JPUN7 C0730,2027-07-09,C,0.0073,0.000048000,3,
2026-09-15,JPU,OPT,JPUN7 C0740,2027-07-09,C,0.0074,0.000039000,3,
2026-09-15,JPU,OPT,JPUN7 C0750,2027-07-09,C,0.0075,0.000032000,3,
2026-09-15,JPU,OPT,JPUN7 C0760,2027-07-09,C,0.0076,0.000026000,3,
2026-09-15,JPU,OPT,JPUN7 C0770,2027-07-09,C,0.0077,0.000022000,3,16
2026-09-15,JPU,OPT,JPUN7 C0780,2027-07-09,C,0.0078,0.000018000,3,29
2026-09-15,JPU,OPT,JPUN7 C0790,2027-07-09,C,0.0079,0.000015000,3,
2026-09-15,JPU,OPT,JPUN7 C0800,2027-07-09,C,0.008,0.000013000,3,25
2026-09-15,JPU,OPT,JPUN7 C0810,2027-07-09,C,0.0081,0.000011000,3,
2026-09-15,JPU,OPT,JPUN7 C0820,2027-07-09,C,0.0082,0.000010000,3,
2026-09-15,JPU,OPT,JPUN7 P0480,2027-07-09,P,0.0048,0.000002000,3,15
2026-09-15,JPU,OPT,JPUN7 P0490,2027-07-09,P,0.0049,0.000002000,3,
2026-09-15,JPU,OPT,JPUN7 P0500,2027-07-09,P,0.005,0.000002500,3,3
2026-09-15,JPU,OPT,JPUN7 P0510,2027-07-09,P,0.0051,0.000002500,3,
2026-09-15,JPU,OPT,JPUN7 P0520,2027-07-09,P,0.0052,0.000003000,3,
2026-09-15,JPU,OPT,JPUN7 P0530,2027-07-09,P,0.0053,0.000003500,3,
2026-09-15,JPU,OPT,JPUN7 P0540,2027-07-09,P,0.0054,0.000004500,3,20
2026-09-15,JPU,OPT,JPUN7 P0550,2027-07-09,P,0.0055,0.000005000,3,
2026-09-15,JPU,OPT,JPUN7 P0560,2027-07-09,P,0.0056,0.000007000,3,
2026-09-15,JPU,OPT,JPUN7 P0570,2027-07-09,P,0.0057,0.000009000,3,
2026-09-15,JPU,OPT,JPUN7 P0580,2027-07-09,P,0.0058,0.000013000,3,1
2026-09-15,JPU,OPT,JPUN7 P0585,2027-07-09,P,0.00585,0.000015000,3,
2026-09-15,JPU,OPT,JPUN7 P0590,2027-07-09,P,0.0059,0.000018000,3,1
2026-09-15,JPU,OPT,JPUN7 P0595,2027-07-09,P,0.00595,0.000021000,3,1
2026-09-15,JPU,OPT,JPUN7 P0600,2027-07-09,P,0.006,0.000026000,3,1
2026-09-15,JPU,OPT,JPUN7 P0605,2027-07-09,P,0.00605,0.000031000,3,
2026-09-15,JPU,OPT,JPUN7 P0610,2027-07-09,P,0.0061,0.000037000,3,
2026-09-15,JPU,OPT,JPUN7 P0615,2027-07-09,P,0.00615,0.000044000,3,
2026-09-15,JPU,OPT,JPUN7 P0620,2027-07-09,P,0.0062,0.000052000,3,
2026-09-15,JPU,OPT,JPUN7 P0625,2027-07-09,P,0.00625,0.000062000,3,1
2026-09-15,JPU,OPT,JPUN7 P0630,2027-07-09,P,0.0063,0.000074000,3,
2026-09-15,JPU,OPT,JPUN7 P0635,2027-07-09,P,0.00635,0.000087000,3,
2026-09-15,JPU,OPT,JPUN7 P0640,2027-07-09,P,0.0064,0.000102000,3,
2026-09-15,JPU,OPT,JPUN7 P0645,2027-07-09,P,0.00645,0.000119000,3,
2026-09-15,JPU,OPT,JPUN7 P0650,2027-07-09,P,0.0065,0.000138000,3,
2026-09-15,JPU,OPT,JPUN7 P0655,2027-07-09,P,0.00655,0.000158000,3,
2026-09-15,JPU,OPT,JPUN7 P0660,2027-07-09,P,0.0066,0.000181000,3,
2026-09-15,JPU,OPT,JPUN7 P0665,2027-07-09,P,0.00665,0.000207000,3,
2026-09-15,JPU,OPT,JPUN7 P0670,2027-07-09,P,0.0067,0.000234000,3,
2026-09-15,JPU,OPT,JPUN7 P0675,2027-07-09,P,0.00675,0.000264000,3,
2026-09-15,JPU,OPT,JPUN7 P0680,2027-07-09,P,0.0068,0.000295000,3,
2026-09-15,JPU,OPT,JPUN7 P0685,2027-07-09,P,0.00685,0.000329000,3,
2026-09-15,JPU,OPT,JPUN7 P0690,2027-07-09,P,0.0069,0.000364000,3,
2026-09-15,JPU,OPT,JPUN7 P0695,2027-07-09,P,0.00695,0.000400000,3,
2026-09-15,JPU,OPT,JPUN7 P0700,2027-07-09,P,0.007,0.000438000,3,
2026-09-15,JPU,OPT,JPUN7 P0705,2027-07-09,P,0.00705,0.000477000,3,
2026-09-15,JPU,OPT,JPUN7 P0710,2027-07-09,P,0.0071,0.000516000,3,
2026-09-15,JPU,OPT,JPUN7 P0715,2027-07-09,P,0.00715,0.000557000,3,
2026-09-15,JPU,OPT,JPUN7 P0720,2027-07-09,P,0.0072,0.000599000,3,
2026-09-15,JPU,OPT,JPUN7 P0730,2027-07-09,P,0.0073,0.000684000,3,
2026-09-15,JPU,OPT,JPUN7 P0740,2027-07-09,P,0.0074,0.000771000,3,
2026-09-15,JPU,OPT,JPUN7 P0750,2027-07-09,P,0.0075,0.000861000,3,
2026-09-15,JPU,OPT,JPUN7 P0760,2027-07-09,P,0.0076,0.000952000,3,
2026-09-15,JPU,OPT,JPUN7 P0770,2027-07-09,P,0.0077,0.001044000,3,
2026-09-15,JPU,OPT,JPUN7 P0780,2027-07-09,P,0.0078,0.001137000,3,
2026-09-15,JPU,OPT,JPUN7 P0790,2027-07-09,P,0.0079,0.001231000,3,
2026-09-15,JPU,OPT,JPUN7 P0800,2027-07-09,P,0.008,0.001325000,3,
2026-09-15,JPU,OPT,JPUN7 P0810,2027-07-09,P,0.0081,0.001420000,3,
2026-09-15,JPU,OPT,JPUN7 P0820,2027-07-09,P,0.0082,0.001515000,3,
2026-09-15,JPU,OPT,JPUQ7 C0500,2027-08-06,C,0.005,0.001583000,3,
2026-09-15,JPU,OPT,JPUQ7 C0510,2027-08-06,C,0.0051,0.001487000,3,
2026-09-15,JPU,OPT,JPUQ7 C0520,2027-08-06,C,0.0052,0.001391000,3,
2026-09-15,JPU,OPT,JPUQ7 C0530,2027-08-06,C,0.0053,0.001296000,3,
2026-09-15,JPU,OPT,JPUQ7 C0540,2027-08-06,C,0.0054,0.001200000,3,
2026-09-15,JPU,OPT,JPUQ7 C0550,2027-08-06,C,0.0055,0.001106000,3,
2026-09-15,JPU,OPT,JPUQ7 C0560,2027-08-06,C,0.0056,0.001011000,3,
2026-09-15,JPU,OPT,JPUQ7 C0570,2027-08-06,C,0.0057,0.000918000,3,
2026-09-15,JPU,OPT,JPUQ7 C0580,2027-08-06,C,0.0058,0.000826000,3,
2026-09-15,JPU,OPT,JPUQ7 C0590,2027-08-06,C,0.0059,0.000736000,3,
2026-09-15,JPU,OPT,JPUQ7 C0595,2027-08-06,C,0.00595,0.000692000,3,
2026-09-15,JPU,OPT,JPUQ7 C0600,2027-08-06,C,0.006,0.000648000,3,
2026-09-15,JPU,OPT,JPUQ7 C0605,2027-08-06,C,0.00605,0.000606000,3,
2026-09-15,JPU,OPT,JPUQ7 C0610,2027-08-06,C,0.0061,0.000564000,3,
2026-09-15,JPU,OPT,JPUQ7 C0615,2027-08-06,C,0.00615,0.000524000,3,
2026-09-15,JPU,OPT,JPUQ7 C0620,2027-08-06,C,0.0062,0.000485000,3,
2026-09-15,JPU,OPT,JPUQ7 C0625,2027-08-06,C,0.00625,0.000447000,3,
2026-09-15,JPU,OPT,JPUQ7 C0630,2027-08-06,C,0.0063,0.000411000,3,
2026-09-15,JPU,OPT,JPUQ7 C0635,2027-08-06,C,0.00635,0.000376000,3,18
2026-09-15,JPU,OPT,JPUQ7 C0640,2027-08-06,C,0.0064,0.000343000,3,
2026-09-15,JPU,OPT,JPUQ7 C0645,2027-08-06,C,0.00645,0.000312000,3,
2026-09-15,JPU,OPT,JPUQ7 C0650,2027-08-06,C,0.0065,0.000283000,3,
2026-09-15,JPU,OPT,JPUQ7 C0655,2027-08-06,C,0.00655,0.000256000,3,
2026-09-15,JPU,OPT,JPUQ7 C0660,2027-08-06,C,0.0066,0.000231000,3,
2026-09-15,JPU,OPT,JPUQ7 C0665,2027-08-06,C,0.00665,0.000208000,3,
2026-09-15,JPU,OPT,JPUQ7 C0670,2027-08-06,C,0.0067,0.000187000,3,
2026-09-15,JPU,OPT,JPUQ7 C0675,2027-08-06,C,0.00675,0.000168000,3,10
2026-09-15,JPU,OPT,JPUQ7 C0680,2027-08-06,C,0.0068,0.000151000,3,
2026-09-15,JPU,OPT,JPUQ7 C0685,2027-08-06,C,0.00685,0.000136000,3,
2026-09-15,JPU,OPT,JPUQ7 C0690,2027-08-06,C,0.0069,0.000122000,3,
2026-09-15,JPU,OPT,JPUQ7 C0695,2027-08-06,C,0.00695,0.000110000,3,
2026-09-15,JPU,OPT,JPUQ7 C0700,2027-08-06,C,0.007,0.000099000,3,
2026-09-15,JPU,OPT,JPUQ7 C0705,2027-08-06,C,0.00705,0.000089000,3,
2026-09-15,JPU,OPT,JPUQ7 C0710,2027-08-06,C,0.0071,0.000080000,3,
2026-09-15,JPU,OPT,JPUQ7 C0715,2027-08-06,C,0.00715,0.000073000,3,
2026-09-15,JPU,OPT,JPUQ7 C0720,2027-08-06,C,0.0072,0.000066000,3,
2026-09-15,JPU,OPT,JPUQ7 C0730,2027-08-06,C,0.0073,0.000053000,3,2
2026-09-15,JPU,OPT,JPUQ7 C0740,2027-08-06,C,0.0074,0.000044000,3,
2026-09-15,JPU,OPT,JPUQ7 C0750,2027-08-06,C,0.0075,0.000036000,3,
2026-09-15,JPU,OPT,JPUQ7 C0760,2027-08-06,C,0.0076,0.000030000,3,
2026-09-15,JPU,OPT,JPUQ7 C0770,2027-08-06,C,0.0077,0.000025000,3,
2026-09-15,JPU,OPT,JPUQ7 C0780,2027-08-06,C,0.0078,0.000020000,3,
2026-09-15,JPU,OPT,JPUQ7 C0790,2027-08-06,C,0.0079,0.000017000,3,
2026-09-15,JPU,OPT,JPUQ7 C0800,2027-08-06,C,0.008,0.000014000,3,
2026-09-15,JPU,OPT,JPUQ7 C0810,2027-08-06,C,0.0081,0.000012000,3,
2026-09-15,JPU,OPT,JPUQ7 C0820,2027-08-06,C,0.0082,0.000010000,3,
2026-09-15,JPU,OPT,JPUQ7 P0500,2027-08-06,P,0.005,0.000001500,3,
2026-09-15,JPU,OPT,JPUQ7 P0510,2027-08-06,P,0.0051,0.000002000,3,
2026-09-15,JPU,OPT,JPUQ7 P0520,2027-08-06,P,0.0052,0.000002500,3,
2026-09-15,JPU,OPT,JPUQ7 P0530,2027-08-06,P,0.0053,0.000003500,3,
2026-09-15,JPU,OPT,JPUQ7 P0540,2027-08-06,P,0.0054,0.000004500,3,
2026-09-15,JPU,OPT,JPUQ7 P0550,2027-08-06,P,0.0055,0.000006000,3,
2026-09-15,JPU,OPT,JPUQ7 P0560,2027-08-06,P,0.0056,0.000008000,3,
2026-09-15,JPU,OPT,JPUQ7 P0570,2027-08-06,P,0.0057,0.000011000,3,
2026-09-15,JPU,OPT,JPUQ7 P0580,2027-08-06,P,0.0058,0.000015000,3,
2026-09-15,JPU,OPT,JPUQ7 P0590,2027-08-06,P,0.0059,0.000021000,3,
2026-09-15,JPU,OPT,JPUQ7 P0595,2027-08-06,P,0.00595,0.000025000,3,
2026-09-15,JPU,OPT,JPUQ7 P0600,2027-08-06,P,0.006,0.000030000,3,
2026-09-15,JPU,OPT,JPUQ7 P0605,2027-08-06,P,0.00605,0.000036000,3,
2026-09-15,JPU,OPT,JPUQ7 P0610,2027-08-06,P,0.0061,0.000042000,3,
2026-09-15,JPU,OPT,JPUQ7 P0615,2027-08-06,P,0.00615,0.000050000,3,
2026-09-15,JPU,OPT,JPUQ7 P0620,2027-08-06,P,0.0062,0.000059000,3,
2026-09-15,JPU,OPT,JPUQ7 P0625,2027-08-06,P,0.00625,0.000069000,3,
2026-09-15,JPU,OPT,JPUQ7 P0630,2027-08-06,P,0.0063,0.000081000,3,
2026-09-15,JPU,OPT,JPUQ7 P0635,2027-08-06,P,0.00635,0.000095000,3,
2026-09-15,JPU,OPT,JPUQ7 P0640,2027-08-06,P,0.0064,0.000110000,3,
2026-09-15,JPU,OPT,JPUQ7 P0645,2027-08-06,P,0.00645,0.000127000,3,
2026-09-15,JPU,OPT,JPUQ7 P0650,2027-08-06,P,0.0065,0.000146000,3,
2026-09-15,JPU,OPT,JPUQ7 P0655,2027-08-06,P,0.00655,0.000167000,3,
2026-09-15,JPU,OPT,JPUQ7 P0660,2027-08-06,P,0.0066,0.000191000,3,
2026-09-15,JPU,OPT,JPUQ7 P0665,2027-08-06,P,0.00665,0.000216000,3,
2026-09-15,JPU,OPT,JPUQ7 P0670,2027-08-06,P,0.0067,0.000243000,3,
2026-09-15,JPU,OPT,JPUQ7 P0675,2027-08-06,P,0.00675,0.000272000,3,
2026-09-15,JPU,OPT,JPUQ7 P0680,2027-08-06,P,0.0068,0.000303000,3,
2026-09-15,JPU,OPT,JPUQ7 P0685,2027-08-06,P,0.00685,0.000336000,3,
2026-09-15,JPU,OPT,JPUQ7 P0690,2027-08-06,P,0.0069,0.000371000,3,
2026-09-15,JPU,OPT,JPUQ7 P0695,2027-08-06,P,0.00695,0.000407000,3,
2026-09-15,JPU,OPT,JPUQ7 P0700,2027-08-06,P,0.007,0.000444000,3,
2026-09-15,JPU,OPT,JPUQ7 P0705,2027-08-06,P,0.00705,0.000482000,3,
2026-09-15,JPU,OPT,JPUQ7 P0710,2027-08-06,P,0.0071,0.000521000,3,
2026-09-15,JPU,OPT,JPUQ7 P0715,2027-08-06,P,0.00715,0.000562000,3,
2026-09-15,JPU,OPT,JPUQ7 P0720,2027-08-06,P,0.0072,0.000603000,3,
2026-09-15,JPU,OPT,JPUQ7 P0730,2027-08-06,P,0.0073,0.000687000,3,
2026-09-15,JPU,OPT,JPUQ7 P0740,2027-08-06,P,0.0074,0.000774000,3,
2026-09-15,JPU,OPT,JPUQ7 P0750,2027-08-06,P,0.0075,0.000862000,3,
2026-09-15,JPU,OPT,JPUQ7 P0760,2027-08-06,P,0.0076,0.000952000,3,
2026-09-15,JPU,OPT,JPUQ7 P0770,2027-08-06,P,0.0077,0.001043000,3,
2026-09-15,JPU,OPT,JPUQ7 P0780,2027-08-06,P,0.0078,0.001135000,3,
2026-09-15,JPU,OPT,JPUQ7 P0790,2027-08-06,P,0.0079,0.001228000,3,
2026-09-15,JPU,OPT,JPUQ7 P0800,2027-08-06,P,0.008,0.001322000,3,
2026-09-15,JPU,OPT,JPUQ7 P0810,2027-08-06,P,0.0081,0.001416000,3,
2026-09-15,JPU,OPT,JPUQ7 P0820,2027-08-06,P,0.0082,0.001510000,3,
2026-09-15,JPU,OPT,JPUU7 C0480,2027-09-03,C,0.0048,0.001770000,3,
2026-09-15,JPU,OPT,JPUU7 C0490,2027-09-03,C,0.0049,0.001674000,3,
2026-09-15,JPU,OPT,JPUU7 C0500,2027-09-03,C,0.005,0.001579000,3,
2026-09-15,JPU,OPT,JPUU7 C0510,2027-09-03,C,0.0051,0.001483000,3,
2026-09-15,JPU,OPT,JPUU7 C0520,2027-09-03,C,0.0052,0.001388000,3,
2026-09-15,JPU,OPT,JPUU7 C0530,2027-09-03,C,0.0053,0.001293000,3,
2026-09-15,JPU,OPT,JPUU7 C0540,2027-09-03,C,0.0054,0.001198000,3,
2026-09-15,JPU,OPT,JPUU7 C0550,2027-09-03,C,0.0055,0.001104000,3,
2026-09-15,JPU,OPT,JPUU7 C0560,2027-09-03,C,0.0056,0.001010000,3,
2026-09-15,JPU,OPT,JPUU7 C0570,2027-09-03,C,0.0057,0.000917000,3,
2026-09-15,JPU,OPT,JPUU7 C0580,2027-09-03,C,0.0058,0.000826000,3,
2026-09-15,JPU,OPT,JPUU7 C0585,2027-09-03,C,0.00585,0.000782000,3,
2026-09-15,JPU,OPT,JPUU7 C0590,2027-09-03,C,0.0059,0.000737000,3,
2026-09-15,JPU,OPT,JPUU7 C0595,2027-09-03,C,0.00595,0.000694000,3,
2026-09-15,JPU,OPT,JPUU7 C0600,2027-09-03,C,0.006,0.000651000,3,
2026-09-15,JPU,OPT,JPUU7 C0605,2027-09-03,C,0.00605,0.000609000,3,
2026-09-15,JPU,OPT,JPUU7 C0610,2027-09-03,C,0.0061,0.000568000,3,
2026-09-15,JPU,OPT,JPUU7 C0615,2027-09-03,C,0.00615,0.000528000,3,
2026-09-15,JPU,OPT,JPUU7 C0620,2027-09-03,C,0.0062,0.000490000,3,
2026-09-15,JPU,OPT,JPUU7 C0625,2027-09-03,C,0.00625,0.000453000,3,
2026-09-15,JPU,OPT,JPUU7 C0630,2027-09-03,C,0.0063,0.000417000,3,
2026-09-15,JPU,OPT,JPUU7 C0635,2027-09-03,C,0.00635,0.000383000,3,
2026-09-15,JPU,OPT,JPUU7 C0640,2027-09-03,C,0.0064,0.000351000,3,10
2026-09-15,JPU,OPT,JPUU7 C0645,2027-09-03,C,0.00645,0.000320000,3,
2026-09-15,JPU,OPT,JPUU7 C0650,2027-09-03,C,0.0065,0.000291000,3,
2026-09-15,JPU,OPT,JPUU7 C0655,2027-09-03,C,0.00655,0.000264000,3,
2026-09-15,JPU,OPT,JPUU7 C0660,2027-09-03,C,0.0066,0.000239000,3,
2026-09-15,JPU,OPT,JPUU7 C0665,2027-09-03,C,0.00665,0.000215000,3,10
2026-09-15,JPU,OPT,JPUU7 C0670,2027-09-03,C,0.0067,0.000194000,3,
2026-09-15,JPU,OPT,JPUU7 C0675,2027-09-03,C,0.00675,0.000175000,3,10
2026-09-15,JPU,OPT,JPUU7 C0680,2027-09-03,C,0.0068,0.000158000,3,
2026-09-15,JPU,OPT,JPUU7 C0685,2027-09-03,C,0.00685,0.000143000,3,
2026-09-15,JPU,OPT,JPUU7 C0690,2027-09-03,C,0.0069,0.000129000,3,
2026-09-15,JPU,OPT,JPUU7 C0695,2027-09-03,C,0.00695,0.000116000,3,
2026-09-15,JPU,OPT,JPUU7 C0700,2027-09-03,C,0.007,0.000105000,3,2
2026-09-15,JPU,OPT,JPUU7 C0705,2027-09-03,C,0.00705,0.000095000,3,
2026-09-15,JPU,OPT,JPUU7 C0710,2027-09-03,C,0.0071,0.000086000,3,2
2026-09-15,JPU,OPT,JPUU7 C0715,2027-09-03,C,0.00715,0.000078000,3,
2026-09-15,JPU,OPT,JPUU7 C0720,2027-09-03,C,0.0072,0.000071000,3,2
2026-09-15,JPU,OPT,JPUU7 C0725,2027-09-03,C,0.00725,0.000064000,3,
2026-09-15,JPU,OPT,JPUU7 C0730,2027-09-03,C,0.0073,0.000058000,3,2
2026-09-15,JPU,OPT,JPUU7 C0735,2027-09-03,C,0.00735,0.000053000,3,
2026-09-15,JPU,OPT,JPUU7 C0740,2027-09-03,C,0.0074,0.000048000,3,
2026-09-15,JPU,OPT,JPUU7 C0745,2027-09-03,C,0.00745,0.000044000,3,
2026-09-15,JPU,OPT,JPUU7 C0750,2027-09-03,C,0.0075,0.000040000,3,1
2026-09-15,JPU,OPT,JPUU7 C0755,2027-09-03,C,0.00755,0.000036000,3,
2026-09-15,JPU,OPT,JPUU7 C0760,2027-09-03,C,0.0076,0.000033000,3,
2026-09-15,JPU,OPT,JPUU7 C0765,2027-09-03,C,0.00765,0.000030000,3,
2026-09-15,JPU,OPT,JPUU7 C0770,2027-09-03,C,0.0077,0.000028000,3,
2026-09-15,JPU,OPT,JPUU7 C0780,2027-09-03,C,0.0078,0.000023000,3,
2026-09-15,JPU,OPT,JPUU7 C0790,2027-09-03,C,0.0079,0.000020000,3,
2026-09-15,JPU,OPT,JPUU7 C0800,2027-09-03,C,0.008,0.000017000,3,11
2026-09-15,JPU,OPT,JPUU7 C0810,2027-09-03,C,0.0081,0.000015000,3,
2026-09-15,JPU,OPT,JPUU7 C0820,2027-09-03,C,0.0082,0.000013000,3,
2026-09-15,JPU,OPT,JPUU7 C0830,2027-09-03,C,0.0083,0.000011000,3,
2026-09-15,JPU,OPT,JPUU7 C0840,2027-09-03,C,0.0084,0.000010000,3,
2026-09-15,JPU,OPT,JPUU7 C0850,2027-09-03,C,0.0085,0.000009000,3,
2026-09-15,JPU,OPT,JPUU7 C0860,2027-09-03,C,0.0086,0.000008000,3,
2026-09-15,JPU,OPT,JPUU7 C0870,2027-09-03,C,0.0087,0.000007000,3,7
2026-09-15,JPU,OPT,JPUU7 P0480,2027-09-03,P,0.0048,0.000002500,3,
2026-09-15,JPU,OPT,JPUU7 P0490,2027-09-03,P,0.0049,0.000003000,3,
2026-09-15,JPU,OPT,JPUU7 P0500,2027-09-03,P,0.005,0.000003500,3,
2026-09-15,JPU,OPT,JPUU7 P0510,2027-09-03,P,0.0051,0.000004000,3,
2026-09-15,JPU,OPT,JPUU7 P0520,2027-09-03,P,0.0052,0.000004500,3,
2026-09-15,JPU,OPT,JPUU7 P0530,2027-09-03,P,0.0053,0.000005000,3,
2026-09-15,JPU,OPT,JPUU7 P0540,2027-09-03,P,0.0054,0.000006000,3,
2026-09-15,JPU,OPT,JPUU7 P0550,2027-09-03,P,0.0055,0.000008000,3,
2026-09-15,JPU,OPT,JPUU7 P0560,2027-09-03,P,0.0056,0.000010000,3,
2026-09-15,JPU,OPT,JPUU7 P0570,2027-09-03,P,0.0057,0.000014000,3,1
2026-09-15,JPU,OPT,JPUU7 P0580,2027-09-03,P,0.0058,0.000019000,3,
2026-09-15,JPU,OPT,JPUU7 P0585,2027-09-03,P,0.00585,0.000022000,3,
2026-09-15,JPU,OPT,JPUU7 P0590,2027-09-03,P,0.0059,0.000025000,3,
2026-09-15,JPU,OPT,JPUU7 P0595,2027-09-03,P,0.00595,0.000030000,3,
2026-09-15,JPU,OPT,JPUU7 P0600,2027-09-03,P,0.006,0.000035000,3,2
2026-09-15,JPU,OPT,JPUU7 P0605,2027-09-03,P,0.00605,0.000041000,3,
2026-09-15,JPU,OPT,JPUU7 P0610,2027-09-03,P,0.0061,0.000048000,3,250
2026-09-15,JPU,OPT,JPUU7 P0615,2027-09-03,P,0.00615,0.000056000,3,
2026-09-15,JPU,OPT,JPUU7 P0620,2027-09-03,P,0.0062,0.000066000,3,1
2026-09-15,JPU,OPT,JPUU7 P0625,2027-09-03,P,0.00625,0.000077000,3,
2026-09-15,JPU,OPT,JPUU7 P0630,2027-09-03,P,0.0063,0.000089000,3,
2026-09-15,JPU,OPT,JPUU7 P0635,2027-09-03,P,0.00635,0.000103000,3,
2026-09-15,JPU,OPT,JPUU7 P0640,2027-09-03,P,0.0064,0.000118000,3,
2026-09-15,JPU,OPT,JPUU7 P0645,2027-09-03,P,0.00645,0.000136000,3,8
2026-09-15,JPU,OPT,JPUU7 P0650,2027-09-03,P,0.0065,0.000155000,3,2
2026-09-15,JPU,OPT,JPUU7 P0655,2027-09-03,P,0.00655,0.000175000,3,
2026-09-15,JPU,OPT,JPUU7 P0660,2027-09-03,P,0.0066,0.000198000,3,
2026-09-15,JPU,OPT,JPUU7 P0665,2027-09-03,P,0.00665,0.000223000,3,1
2026-09-15,JPU,OPT,JPUU7 P0670,2027-09-03,P,0.0067,0.000250000,3,
2026-09-15,JPU,OPT,JPUU7 P0675,2027-09-03,P,0.00675,0.000279000,3,
2026-09-15,JPU,OPT,JPUU7 P0680,2027-09-03,P,0.0068,0.000310000,3,
2026-09-15,JPU,OPT,JPUU7 P0685,2027-09-03,P,0.00685,0.000342000,3,
2026-09-15,JPU,OPT,JPUU7 P0690,2027-09-03,P,0.0069,0.000376000,3,
2026-09-15,JPU,OPT,JPUU7 P0695,2027-09-03,P,0.00695,0.000412000,3,
2026-09-15,JPU,OPT,JPUU7 P0700,2027-09-03,P,0.007,0.000449000,3,
2026-09-15,JPU,OPT,JPUU7 P0705,2027-09-03,P,0.00705,0.000487000,3,
2026-09-15,JPU,OPT,JPUU7 P0710,2027-09-03,P,0.0071,0.000525000,3,
2026-09-15,JPU,OPT,JPUU7 P0715,2027-09-03,P,0.00715,0.000565000,3,
2026-09-15,JPU,OPT,JPUU7 P0720,2027-09-03,P,0.0072,0.000606000,3,
2026-09-15,JPU,OPT,JPUU7 P0725,2027-09-03,P,0.00725,0.000647000,3,
2026-09-15,JPU,OPT,JPUU7 P0730,2027-09-03,P,0.0073,0.000689000,3,
2026-09-15,JPU,OPT,JPUU7 P0735,2027-09-03,P,0.00735,0.000732000,3,
2026-09-15,JPU,OPT,JPUU7 P0740,2027-09-03,P,0.0074,0.000775000,3,
2026-09-15,JPU,OPT,JPUU7 P0745,2027-09-03,P,0.00745,0.000819000,3,
2026-09-15,JPU,OPT,JPUU7 P0750,2027-09-03,P,0.0075,0.000863000,3,
2026-09-15,JPU,OPT,JPUU7 P0755,2027-09-03,P,0.00755,0.000907000,3,
2026-09-15,JPU,OPT,JPUU7 P0760,2027-09-03,P,0.0076,0.000952000,3,
2026-09-15,JPU,OPT,JPUU7 P0765,2027-09-03,P,0.00765,0.000997000,3,
2026-09-15,JPU,OPT,JPUU7 P0770,2027-09-03,P,0.0077,0.001043000,3,
2026-09-15,JPU,OPT,JPUU7 P0780,2027-09-03,P,0.0078,0.001135000,3,
2026-09-15,JPU,OPT,JPUU7 P0790,2027-09-03,P,0.0079,0.001227000,3,
2026-09-15,JPU,OPT,JPUU7 P0800,2027-09-03,P,0.008,0.001320000,3,
2026-09-15,JPU,OPT,JPUU7 P0810,2027-09-03,P,0.0081,0.001414000,3,
2026-09-15,JPU,OPT,JPUU7 P0820,2027-09-03,P,0.0082,0.001508000,3,
2026-09-15,JPU,OPT,JPUU7 P0830,2027-09-03,P,0.0083,0.001602000,3,
2026-09-15,JPU,OPT,JPUU7 P0840,2027-09-03,P,0.0084,0.001697000,3,
2026-09-15,JPU,OPT,JPUU7 P0850,2027-09-03,P,0.0085,0.001792000,3,
2026-09-15,JPU,OPT,JPUU7 P0860,2027-09-03,P,0.0086,0.001887000,3,
2026-09-15,JPU,OPT,JPUU7 P0870,2027-09-03,P,0.0087,0.001982000,3,
2026-09-15,JPU,OPT,JPUZ7 C0490,2027-12-03,C,0.0049,0.001699000,3,
2026-09-15,JPU,OPT,JPUZ7 C0500,2027-12-03,C,0.005,0.001606000,3,
2026-09-15,JPU,OPT,JPUZ7 C0510,2027-12-03,C,0.0051,0.001513000,3,
2026-09-15,JPU,OPT,JPUZ7 C0520,2027-12-03,C,0.0052,0.001420000,3,
2026-09-15,JPU,OPT,JPUZ7 C0530,2027-12-03,C,0.0053,0.001329000,3,
2026-09-15,JPU,OPT,JPUZ7 C0540,2027-12-03,C,0.0054,0.001238000,3,
2026-09-15,JPU,OPT,JPUZ7 C0550,2027-12-03,C,0.0055,0.001147000,3,
2026-09-15,JPU,OPT,JPUZ7 C0560,2027-12-03,C,0.0056,0.001057000,3,
2026-09-15,JPU,OPT,JPUZ7 C0570,2027-12-03,C,0.0057,0.000968000,3,
2026-09-15,JPU,OPT,JPUZ7 C0580,2027-12-03,C,0.0058,0.000881000,3,
2026-09-15,JPU,OPT,JPUZ7 C0585,2027-12-03,C,0.00585,0.000838000,3,
2026-09-15,JPU,OPT,JPUZ7 C0590,2027-12-03,C,0.0059,0.000796000,3,
2026-09-15,JPU,OPT,JPUZ7 C0595,2027-12-03,C,0.00595,0.000754000,3,
2026-09-15,JPU,OPT,JPUZ7 C0600,2027-12-03,C,0.006,0.000713000,3,
2026-09-15,JPU,OPT,JPUZ7 C0605,2027-12-03,C,0.00605,0.000672000,3,
2026-09-15,JPU,OPT,JPUZ7 C0610,2027-12-03,C,0.0061,0.000633000,3,
2026-09-15,JPU,OPT,JPUZ7 C0615,2027-12-03,C,0.00615,0.000594000,3,
2026-09-15,JPU,OPT,JPUZ7 C0620,2027-12-03,C,0.0062,0.000557000,3,
2026-09-15,JPU,OPT,JPUZ7 C0625,2027-12-03,C,0.00625,0.000520000,3,
2026-09-15,JPU,OPT,JPUZ7 C0630,2027-12-03,C,0.0063,0.000485000,3,
2026-09-15,JPU,OPT,JPUZ7 C0635,2027-12-03,C,0.00635,0.000450000,3,
2026-09-15,JPU,OPT,JPUZ7 C0640,2027-12-03,C,0.0064,0.000417000,3,
2026-09-15,JPU,OPT,JPUZ7 C0645,2027-12-03,C,0.00645,0.000385000,3,
2026-09-15,JPU,OPT,JPUZ7 C0650,2027-12-03,C,0.0065,0.000355000,3,
2026-09-15,JPU,OPT,JPUZ7 C0655,2027-12-03,C,0.00655,0.000326000,3,
2026-09-15,JPU,OPT,JPUZ7 C0660,2027-12-03,C,0.0066,0.000299000,3,
2026-09-15,JPU,OPT,JPUZ7 C0665,2027-12-03,C,0.00665,0.000274000,3,
2026-09-15,JPU,OPT,JPUZ7 C0670,2027-12-03,C,0.0067,0.000251000,3,
2026-09-15,JPU,OPT,JPUZ7 C0675,2027-12-03,C,0.00675,0.000230000,3,
2026-09-15,JPU,OPT,JPUZ7 C0680,2027-12-03,C,0.0068,0.000210000,3,
2026-09-15,JPU,OPT,JPUZ7 C0685,2027-12-03,C,0.00685,0.000192000,3,
2026-09-15,JPU,OPT,JPUZ7 C0690,2027-12-03,C,0.0069,0.000176000,3,
2026-09-15,JPU,OPT,JPUZ7 C0695,2027-12-03,C,0.00695,0.000160000,3,
2026-09-15,JPU,OPT,JPUZ7 C0700,2027-12-03,C,0.007,0.000147000,3,
2026-09-15,JPU,OPT,JPUZ7 C0705,2027-12-03,C,0.00705,0.000134000,3,
2026-09-15,JPU,OPT,JPUZ7 C0710,2027-12-03,C,0.0071,0.000122000,3,1
2026-09-15,JPU,OPT,JPUZ7 C0715,2027-12-03,C,0.00715,0.000112000,3,
2026-09-15,JPU,OPT,JPUZ7 C0720,2027-12-03,C,0.0072,0.000103000,3,
2026-09-15,JPU,OPT,JPUZ7 C0725,2027-12-03,C,0.00725,0.000094000,3,
2026-09-15,JPU,OPT,JPUZ7 C0730,2027-12-03,C,0.0073,0.000087000,3,
2026-09-15,JPU,OPT,JPUZ7 C0735,2027-12-03,C,0.00735,0.000080000,3,
2026-09-15,JPU,OPT,JPUZ7 C0740,2027-12-03,C,0.0074,0.000074000,3,
2026-09-15,JPU,OPT,JPUZ7 C0750,2027-12-03,C,0.0075,0.000063000,3,
2026-09-15,JPU,OPT,JPUZ7 C0760,2027-12-03,C,0.0076,0.000055000,3,
2026-09-15,JPU,OPT,JPUZ7 C0770,2027-12-03,C,0.0077,0.000048000,3,
2026-09-15,JPU,OPT,JPUZ7 C0780,2027-12-03,C,0.0078,0.000042000,3,
2026-09-15,JPU,OPT,JPUZ7 C0790,2027-12-03,C,0.0079,0.000037000,3,
2026-09-15,JPU,OPT,JPUZ7 C0800,2027-12-03,C,0.008,0.000033000,3,8
2026-09-15,JPU,OPT,JPUZ7 C0810,2027-12-03,C,0.0081,0.000029000,3,
2026-09-15,JPU,OPT,JPUZ7 C0820,2027-12-03,C,0.0082,0.000025000,3,
2026-09-15,JPU,OPT,JPUZ7 C0830,2027-12-03,C,0.0083,0.000022000,3,
2026-09-15,JPU,OPT,JPUZ7 P0490,2027-12-03,P,0.0049,0.000003500,3,
2026-09-15,JPU,OPT,JPUZ7 P0500,2027-12-03,P,0.005,0.000005000,3,
2026-09-15,JPU,OPT,JPUZ7 P0510,2027-12-03,P,0.0051,0.000007000,3,
2026-09-15,JPU,OPT,JPUZ7 P0520,2027-12-03,P,0.0052,0.000009000,3,493
2026-09-15,JPU,OPT,JPUZ7 P0530,2027-12-03,P,0.0053,0.000013000,3,17
2026-09-15,JPU,OPT,JPUZ7 P0540,2027-12-03,P,0.0054,0.000016000,3,
2026-09-15,JPU,OPT,JPUZ7 P0550,2027-12-03,P,0.0055,0.000020000,3,1
2026-09-15,JPU,OPT,JPUZ7 P0560,2027-12-03,P,0.0056,0.000025000,3,
2026-09-15,JPU,OPT,JPUZ7 P0570,2027-12-03,P,0.0057,0.000031000,3,5
2026-09-15,JPU,OPT,JPUZ7 P0580,2027-12-03,P,0.0058,0.000039000,3,
2026-09-15,JPU,OPT,JPUZ7 P0585,2027-12-03,P,0.00585,0.000044000,3,
2026-09-15,JPU,OPT,JPUZ7 P0590,2027-12-03,P,0.0059,0.000049000,3,
2026-09-15,JPU,OPT,JPUZ7 P0595,2027-12-03,P,0.00595,0.000054000,3,
2026-09-15,JPU,OPT,JPUZ7 P0600,2027-12-03,P,0.006,0.000061000,3,20
2026-09-15,JPU,OPT,JPUZ7 P0605,2027-12-03,P,0.00605,0.000068000,3,
2026-09-15,JPU,OPT,JPUZ7 P0610,2027-12-03,P,0.0061,0.000076000,3,
2026-09-15,JPU,OPT,JPUZ7 P0615,2027-12-03,P,0.00615,0.000084000,3,
2026-09-15,JPU,OPT,JPUZ7 P0620,2027-12-03,P,0.0062,0.000094000,3,
2026-09-15,JPU,OPT,JPUZ7 P0625,2027-12-03,P,0.00625,0.000105000,3,
2026-09-15,JPU,OPT,JPUZ7 P0630,2027-12-03,P,0.0063,0.000117000,3,
2026-09-15,JPU,OPT,JPUZ7 P0635,2027-12-03,P,0.00635,0.000130000,3,
2026-09-15,JPU,OPT,JPUZ7 P0640,2027-12-03,P,0.0064,0.000144000,3,
2026-09-15,JPU,OPT,JPUZ7 P0645,2027-12-03,P,0.00645,0.000160000,3,
2026-09-15,JPU,OPT,JPUZ7 P0650,2027-12-03,P,0.0065,0.000177000,3,
2026-09-15,JPU,OPT,JPUZ7 P0655,2027-12-03,P,0.00655,0.000196000,3,
2026-09-15,JPU,OPT,JPUZ7 P0660,2027-12-03,P,0.0066,0.000216000,3,
2026-09-15,JPU,OPT,JPUZ7 P0665,2027-12-03,P,0.00665,0.000239000,3,
2026-09-15,JPU,OPT,JPUZ7 P0670,2027-12-03,P,0.0067,0.000263000,3,
2026-09-15,JPU,OPT,JPUZ7 P0675,2027-12-03,P,0.00675,0.000289000,3,
2026-09-15,JPU,OPT,JPUZ7 P0680,2027-12-03,P,0.0068,0.000317000,3,
2026-09-15,JPU,OPT,JPUZ7 P0685,2027-12-03,P,0.00685,0.000346000,3,
2026-09-15,JPU,OPT,JPUZ7 P0690,2027-12-03,P,0.0069,0.000377000,3,
2026-09-15,JPU,OPT,JPUZ7 P0695,2027-12-03,P,0.00695,0.000409000,3,
2026-09-15,JPU,OPT,JPUZ7 P0700,2027-12-03,P,0.007,0.000443000,3,
2026-09-15,JPU,OPT,JPUZ7 P0705,2027-12-03,P,0.00705,0.000478000,3,
2026-09-15,JPU,OPT,JPUZ7 P0710,2027-12-03,P,0.0071,0.000514000,3,
2026-09-15,JPU,OPT,JPUZ7 P0715,2027-12-03,P,0.00715,0.000551000,3,
2026-09-15,JPU,OPT,JPUZ7 P0720,2027-12-03,P,0.0072,0.000589000,3,
2026-09-15,JPU,OPT,JPUZ7 P0725,2027-12-03,P,0.00725,0.000628000,3,
2026-09-15,JPU,OPT,JPUZ7 P0730,2027-12-03,P,0.0073,0.000668000,3,
2026-09-15,JPU,OPT,JPUZ7 P0735,2027-12-03,P,0.00735,0.000708000,3,
2026-09-15,JPU,OPT,JPUZ7 P0740,2027-12-03,P,0.0074,0.000749000,3,
2026-09-15,JPU,OPT,JPUZ7 P0750,2027-12-03,P,0.0075,0.000834000,3,
2026-09-15,JPU,OPT,JPUZ7 P0760,2027-12-03,P,0.0076,0.000920000,3,
2026-09-15,JPU,OPT,JPUZ7 P0770,2027-12-03,P,0.0077,0.001008000,3,
2026-09-15,JPU,OPT,JPUZ7 P0780,2027-12-03,P,0.0078,0.001097000,3,
2026-09-15,JPU,OPT,JPUZ7 P0790,2027-12-03,P,0.0079,0.001188000,3,
2026-09-15,JPU,OPT,JPUZ7 P0800,2027-12-03,P,0.008,0.001278000,3,
2026-09-15,JPU,OPT,JPUZ7 P0810,2027-12-03,P,0.0081,0.001369000,3,
2026-09-15,JPU,OPT,JPUZ7 P0820,2027-12-03,P,0.0082,0.001460000,3,
2026-09-15,JPU,OPT,JPUZ7 P0830,2027-12-03,P,0.0083,0.001551000,3,
2026-09-15,JPU,OPT,JPUH8 C0490,2028-03-03,C,0.0049,0.001723000,3,
2026-09-15,JPU,OPT,JPUH8 C0500,2028-03-03,C,0.005,0.001631000,3,
2026-09-15,JPU,OPT,JPUH8 C0510,2028-03-03,C,0.0051,0.001539000,3,
2026-09-15,JPU,OPT,JPUH8 C0520,2028-03-03,C,0.0052,0.001447000,3,
2026-09-15,JPU,OPT,JPUH8 C0530,2028-03-03,C,0.0053,0.001356000,3,
2026-09-15,JPU,OPT,JPUH8 C0540,2028-03-03,C,0.0054,0.001266000,3,
2026-09-15,JPU,OPT,JPUH8 C0550,2028-03-03,C,0.0055,0.001177000,3,
2026-09-15,JPU,OPT,JPUH8 C0560,2028-03-03,C,0.0056,0.001090000,3,
2026-09-15,JPU,OPT,JPUH8 C0570,2028-03-03,C,0.0057,0.001003000,3,
2026-09-15,JPU,OPT,JPUH8 C0580,2028-03-03,C,0.0058,0.000919000,3,
2026-09-15,JPU,OPT,JPUH8 C0590,2028-03-03,C,0.0059,0.000836000,3,
2026-09-15,JPU,OPT,JPUH8 C0595,2028-03-03,C,0.00595,0.000796000,3,
2026-09-15,JPU,OPT,JPUH8 C0600,2028-03-03,C,0.006,0.000756000,3,
2026-09-15,JPU,OPT,JPUH8 C0605,2028-03-03,C,0.00605,0.000717000,3,
2026-09-15,JPU,OPT,JPUH8 C0610,2028-03-03,C,0.0061,0.000679000,3,
2026-09-15,JPU,OPT,JPUH8 C0615,2028-03-03,C,0.00615,0.000641000,3,
2026-09-15,JPU,OPT,JPUH8 C0620,2028-03-03,C,0.0062,0.000605000,3,
2026-09-15,JPU,OPT,JPUH8 C0625,2028-03-03,C,0.00625,0.000569000,3,
2026-09-15,JPU,OPT,JPUH8 C0630,2028-03-03,C,0.0063,0.000534000,3,
2026-09-15,JPU,OPT,JPUH8 C0635,2028-03-03,C,0.00635,0.000500000,3,
2026-09-15,JPU,OPT,JPUH8 C0640,2028-03-03,C,0.0064,0.000467000,3,
2026-09-15,JPU,OPT,JPUH8 C0645,2028-03-03,C,0.00645,0.000435000,3,
2026-09-15,JPU,OPT,JPUH8 C0650,2028-03-03,C,0.0065,0.000404000,3,
2026-09-15,JPU,OPT,JPUH8 C0655,2028-03-03,C,0.00655,0.000375000,3,
2026-09-15,JPU,OPT,JPUH8 C0660,2028-03-03,C,0.0066,0.000347000,3,
2026-09-15,JPU,OPT,JPUH8 C0665,2028-03-03,C,0.00665,0.000320000,3,
2026-09-15,JPU,OPT,JPUH8 C0670,2028-03-03,C,0.0067,0.000296000,3,
2026-09-15,JPU,OPT,JPUH8 C0675,2028-03-03,C,0.00675,0.000273000,3,
2026-09-15,JPU,OPT,JPUH8 C0680,2028-03-03,C,0.0068,0.000252000,3,
2026-09-15,JPU,OPT,JPUH8 C0685,2028-03-03,C,0.00685,0.000233000,3,
2026-09-15,JPU,OPT,JPUH8 C0690,2028-03-03,C,0.0069,0.000215000,3,
2026-09-15,JPU,OPT,JPUH8 C0695,2028-03-03,C,0.00695,0.000198000,3,
2026-09-15,JPU,OPT,JPUH8 C0700,2028-03-03,C,0.007,0.000183000,3,
2026-09-15,JPU,OPT,JPUH8 C0705,2028-03-03,C,0.00705,0.000169000,3,
2026-09-15,JPU,OPT,JPUH8 C0710,2028-03-03,C,0.0071,0.000157000,3,
2026-09-15,JPU,OPT,JPUH8 C0715,2028-03-03,C,0.00715,0.000145000,3,
2026-09-15,JPU,OPT,JPUH8 C0720,2028-03-03,C,0.0072,0.000134000,3,
2026-09-15,JPU,OPT,JPUH8 C0725,2028-03-03,C,0.00725,0.000125000,3,
2026-09-15,JPU,OPT,JPUH8 C0730,2028-03-03,C,0.0073,0.000115000,3,
2026-09-15,JPU,OPT,JPUH8 C0740,2028-03-03,C,0.0074,0.000099000,3,
2026-09-15,JPU,OPT,JPUH8 C0750,2028-03-03,C,0.0075,0.000085000,3,
2026-09-15,JPU,OPT,JPUH8 C0760,2028-03-03,C,0.0076,0.000074000,3,
2026-09-15,JPU,OPT,JPUH8 C0770,2028-03-03,C,0.0077,0.000064000,3,
2026-09-15,JPU,OPT,JPUH8 C0780,2028-03-03,C,0.0078,0.000055000,3,
2026-09-15,JPU,OPT,JPUH8 C0790,2028-03-03,C,0.0079,0.000048000,3,
2026-09-15,JPU,OPT,JPUH8 C0800,2028-03-03,C,0.008,0.000042000,3,
2026-09-15,JPU,OPT,JPUH8 C0810,2028-03-03,C,0.0081,0.000036000,3,
2026-09-15,JPU,OPT,JPUH8 C0820,2028-03-03,C,0.0082,0.000032000,3,
2026-09-15,JPU,OPT,JPUH8 C0830,2028-03-03,C,0.0083,0.000028000,3,
2026-09-15,JPU,OPT,JPUH8 P0490,2028-03-03,P,0.0049,0.000003500,3,
2026-09-15,JPU,OPT,JPUH8 P0500,2028-03-03,P,0.005,0.000005000,3,
2026-09-15,JPU,OPT,JPUH8 P0510,2028-03-03,P,0.0051,0.000007000,3,
2026-09-15,JPU,OPT,JPUH8 P0520,2028-03-03,P,0.0052,0.000009000,3,
2026-09-15,JPU,OPT,JPUH8 P0530,2028-03-03,P,0.0053,0.000012000,3,
2026-09-15,JPU,OPT,JPUH8 P0540,2028-03-03,P,0.0054,0.000016000,3,
2026-09-15,JPU,OPT,JPUH8 P0550,2028-03-03,P,0.0055,0.000020000,3,
2026-09-15,JPU,OPT,JPUH8 P0560,2028-03-03,P,0.0056,0.000027000,3,
2026-09-15,JPU,OPT,JPUH8 P0570,2028-03-03,P,0.0057,0.000034000,3,
2026-09-15,JPU,OPT,JPUH8 P0580,2028-03-03,P,0.0058,0.000043000,3,
2026-09-15,JPU,OPT,JPUH8 P0590,2028-03-03,P,0.0059,0.000055000,3,
2026-09-15,JPU,OPT,JPUH8 P0595,2028-03-03,P,0.00595,0.000061000,3,
2026-09-15,JPU,OPT,JPUH8 P0600,2028-03-03,P,0.006,0.000068000,3,
2026-09-15,JPU,OPT,JPUH8 P0605,2028-03-03,P,0.00605,0.000076000,3,
2026-09-15,JPU,OPT,JPUH8 P0610,2028-03-03,P,0.0061,0.000085000,3,
2026-09-15,JPU,OPT,JPUH8 P0615,2028-03-03,P,0.00615,0.000094000,3,
2026-09-15,JPU,OPT,JPUH8 P0620,2028-03-03,P,0.0062,0.000104000,3,
2026-09-15,JPU,OPT,JPUH8 P0625,2028-03-03,P,0.00625,0.000115000,3,
2026-09-15,JPU,OPT,JPUH8 P0630,2028-03-03,P,0.0063,0.000127000,3,
2026-09-15,JPU,OPT,JPUH8 P0635,2028-03-03,P,0.00635,0.000140000,3,
2026-09-15,JPU,OPT,JPUH8 P0640,2028-03-03,P,0.0064,0.000154000,3,
2026-09-15,JPU,OPT,JPUH8 P0645,2028-03-03,P,0.00645,0.000169000,3,
2026-09-15,JPU,OPT,JPUH8 P0650,2028-03-03,P,0.0065,0.000185000,3,
2026-09-15,JPU,OPT,JPUH8 P0655,2028-03-03,P,0.00655,0.000202000,3,
2026-09-15,JPU,OPT,JPUH8 P0660,2028-03-03,P,0.0066,0.000221000,3,
2026-09-15,JPU,OPT,JPUH8 P0665,2028-03-03,P,0.00665,0.000242000,3,
2026-09-15,JPU,OPT,JPUH8 P0670,2028-03-03,P,0.0067,0.000264000,3,
2026-09-15,JPU,OPT,JPUH8 P0675,2028-03-03,P,0.00675,0.000289000,3,
2026-09-15,JPU,OPT,JPUH8 P0680,2028-03-03,P,0.0068,0.000314000,3,
2026-09-15,JPU,OPT,JPUH8 P0685,2028-03-03,P,0.00685,0.000342000,3,
2026-09-15,JPU,OPT,JPUH8 P0690,2028-03-03,P,0.0069,0.000371000,3,
2026-09-15,JPU,OPT,JPUH8 P0695,2028-03-03,P,0.00695,0.000401000,3,
2026-09-15,JPU,OPT,JPUH8 P0700,2028-03-03,P,0.007,0.000433000,3,
2026-09-15,JPU,OPT,JPUH8 P0705,2028-03-03,P,0.00705,0.000466000,3,
2026-09-15,JPU,OPT,JPUH8 P0710,2028-03-03,P,0.0071,0.000500000,3,
2026-09-15,JPU,OPT,JPUH8 P0715,2028-03-03,P,0.00715,0.000536000,3,
2026-09-15,JPU,OPT,JPUH8 P0720,2028-03-03,P,0.0072,0.000572000,3,
2026-09-15,JPU,OPT,JPUH8 P0725,2028-03-03,P,0.00725,0.000609000,3,
2026-09-15,JPU,OPT,JPUH8 P0730,2028-03-03,P,0.0073,0.000647000,3,
2026-09-15,JPU,OPT,JPUH8 P0740,2028-03-03,P,0.0074,0.000724000,3,
2026-09-15,JPU,OPT,JPUH8 P0750,2028-03-03,P,0.0075,0.000804000,3,
2026-09-15,JPU,OPT,JPUH8 P0760,2028-03-03,P,0.0076,0.000886000,3,
2026-09-15,JPU,OPT,JPUH8 P0770,2028-03-03,P,0.0077,0.000970000,3,
2026-09-15,JPU,OPT,JPUH8 P0780,2028-03-03,P,0.0078,0.001055000,3,
2026-09-15,JPU,OPT,JPUH8 P0790,2028-03-03,P,0.0079,0.001142000,3,
2026-09-15,JPU,OPT,JPUH8 P0800,2028-03-03,P,0.008,0.001229000,3,
2026-09-15,JPU,OPT,JPUH8 P0810,2028-03-03,P,0.0081,0.001318000,3,
2026-09-15,JPU,OPT,JPUH8 P0820,2028-03-03,P,0.0082,0.001407000,3,
2026-09-15,JPU,OPT,JPUH8 P0830,2028-03-03,P,0.0083,0.001497000,3,
2026-09-15,JPU,OPT,JPUM8 C0500,2028-06-09,C,0.005,0.001659000,3,
2026-09-15,JPU,OPT,JPUM8 C0510,2028-06-09,C,0.0051,0.001569000,3,
2026-09-15,JPU,OPT,JPUM8 C0520,2028-06-09,C,0.0052,0.001479000,3,
2026-09-15,JPU,OPT,JPUM8 C0530,2028-06-09,C,0.0053,0.001390000,3,
2026-09-15,JPU,OPT,JPUM8 C0540,2028-06-09,C,0.0054,0.001302000,3,
2026-09-15,JPU,OPT,JPUM8 C0550,2028-06-09,C,0.0055,0.001215000,3,
2026-09-15,JPU,OPT,JPUM8 C0560,2028-06-09,C,0.0056,0.001129000,3,
2026-09-15,JPU,OPT,JPUM8 C0570,2028-06-09,C,0.0057,0.001045000,3,
2026-09-15,JPU,OPT,JPUM8 C0580,2028-06-09,C,0.0058,0.000962000,3,
2026-09-15,JPU,OPT,JPUM8 C0590,2028-06-09,C,0.0059,0.000882000,3,
2026-09-15,JPU,OPT,JPUM8 C0595,2028-06-09,C,0.00595,0.000842000,3,
2026-09-15,JPU,OPT,JPUM8 C0600,2028-06-09,C,0.006,0.000803000,3,
2026-09-15,JPU,OPT,JPUM8 C0605,2028-06-09,C,0.00605,0.000765000,3,
2026-09-15,JPU,OPT,JPUM8 C0610,2028-06-09,C,0.0061,0.000727000,3,
2026-09-15,JPU,OPT,JPUM8 C0615,2028-06-09,C,0.00615,0.000690000,3,
2026-09-15,JPU,OPT,JPUM8 C0620,2028-06-09,C,0.0062,0.000654000,3,
2026-09-15,JPU,OPT,JPUM8 C0625,2028-06-09,C,0.00625,0.000618000,3,
2026-09-15,JPU,OPT,JPUM8 C0630,2028-06-09,C,0.0063,0.000584000,3,
2026-09-15,JPU,OPT,JPUM8 C0635,2028-06-09,C,0.00635,0.000550000,3,
2026-09-15,JPU,OPT,JPUM8 C0640,2028-06-09,C,0.0064,0.000517000,3,
2026-09-15,JPU,OPT,JPUM8 C0645,2028-06-09,C,0.00645,0.000485000,3,
2026-09-15,JPU,OPT,JPUM8 C0650,2028-06-09,C,0.0065,0.000454000,3,
2026-09-15,JPU,OPT,JPUM8 C0655,2028-06-09,C,0.00655,0.000424000,3,
2026-09-15,JPU,OPT,JPUM8 C0660,2028-06-09,C,0.0066,0.000395000,3,
2026-09-15,JPU,OPT,JPUM8 C0665,2028-06-09,C,0.00665,0.000368000,3,
2026-09-15,JPU,OPT,JPUM8 C0670,2028-06-09,C,0.0067,0.000342000,3,
2026-09-15,JPU,OPT,JPUM8 C0675,2028-06-09,C,0.00675,0.000318000,3,
2026-09-15,JPU,OPT,JPUM8 C0680,2028-06-09,C,0.0068,0.000296000,3,
2026-09-15,JPU,OPT,JPUM8 C0685,2028-06-09,C,0.00685,0.000275000,3,
2026-09-15,JPU,OPT,JPUM8 C0690,2028-06-09,C,0.0069,0.000256000,3,
2026-09-15,JPU,OPT,JPUM8 C0695,2028-06-09,C,0.00695,0.000238000,3,
2026-09-15,JPU,OPT,JPUM8 C0700,2028-06-09,C,0.007,0.000222000,3,
2026-09-15,JPU,OPT,JPUM8 C0705,2028-06-09,C,0.00705,0.000206000,3,
2026-09-15,JPU,OPT,JPUM8 C0710,2028-06-09,C,0.0071,0.000191000,3,
2026-09-15,JPU,OPT,JPUM8 C0715,2028-06-09,C,0.00715,0.000177000,3,
2026-09-15,JPU,OPT,JPUM8 C0720,2028-06-09,C,0.0072,0.000164000,3,
2026-09-15,JPU,OPT,JPUM8 C0725,2028-06-09,C,0.00725,0.000152000,3,
2026-09-15,JPU,OPT,JPUM8 C0730,2028-06-09,C,0.0073,0.000141000,3,
2026-09-15,JPU,OPT,JPUM8 C0735,2028-06-09,C,0.00735,0.000130000,3,
2026-09-15,JPU,OPT,JPUM8 C0740,2028-06-09,C,0.0074,0.000121000,3,
2026-09-15,JPU,OPT,JPUM8 C0750,2028-06-09,C,0.0075,0.000103000,3,
2026-09-15,JPU,OPT,JPUM8 C0760,2028-06-09,C,0.0076,0.000088000,3,
2026-09-15,JPU,OPT,JPUM8 C0770,2028-06-09,C,0.0077,0.000075000,3,
2026-09-15,JPU,OPT,JPUM8 C0780,2028-06-09,C,0.0078,0.000063000,3,
2026-09-15,JPU,OPT,JPUM8 C0790,2028-06-09,C,0.0079,0.000054000,3,
2026-09-15,JPU,OPT,JPUM8 C0800,2028-06-09,C,0.008,0.000046000,3,
2026-09-15,JPU,OPT,JPUM8 C0810,2028-06-09,C,0.0081,0.000039000,3,
2026-09-15,JPU,OPT,JPUM8 C0820,2028-06-09,C,0.0082,0.000033000,3,
2026-09-15,JPU,OPT,JPUM8 C0830,2028-06-09,C,0.0083,0.000028000,3,
2026-09-15,JPU,OPT,JPUM8 P0500,2028-06-09,P,0.005,0.000008000,3,
2026-09-15,JPU,OPT,JPUM8 P0510,2028-06-09,P,0.0051,0.000010000,3,
2026-09-15,JPU,OPT,JPUM8 P0520,2028-06-09,P,0.0052,0.000013000,3,
2026-09-15,JPU,OPT,JPUM8 P0530,2028-06-09,P,0.0053,0.000017000,3,
2026-09-15,JPU,OPT,JPUM8 P0540,2028-06-09,P,0.0054,0.000022000,3,
2026-09-15,JPU,OPT,JPUM8 P0550,2028-06-09,P,0.0055,0.000027000,3,
2026-09-15,JPU,OPT,JPUM8 P0560,2028-06-09,P,0.0056,0.000034000,3,
2026-09-15,JPU,OPT,JPUM8 P0570,2028-06-09,P,0.0057,0.000042000,3,
2026-09-15,JPU,OPT,JPUM8 P0580,2028-06-09,P,0.0058,0.000053000,3,
2026-09-15,JPU,OPT,JPUM8 P0590,2028-06-09,P,0.0059,0.000064000,3,
2026-09-15,JPU,OPT,JPUM8 P0595,2028-06-09,P,0.00595,0.000071000,3,
2026-09-15,JPU,OPT,JPUM8 P0600,2028-06-09,P,0.006,0.000079000,3,
2026-09-15,JPU,OPT,JPUM8 P0605,2028-06-09,P,0.00605,0.000087000,3,
2026-09-15,JPU,OPT,JPUM8 P0610,2028-06-09,P,0.0061,0.000095000,3,
2026-09-15,JPU,OPT,JPUM8 P0615,2028-06-09,P,0.00615,0.000105000,3,
2026-09-15,JPU,OPT,JPUM8 P0620,2028-06-09,P,0.0062,0.000115000,3,
2026-09-15,JPU,OPT,JPUM8 P0625,2028-06-09,P,0.00625,0.000125000,3,
2026-09-15,JPU,OPT,JPUM8 P0630,2028-06-09,P,0.0063,0.000137000,3,
2026-09-15,JPU,OPT,JPUM8 P0635,2028-06-09,P,0.00635,0.000149000,3,
2026-09-15,JPU,OPT,JPUM8 P0640,2028-06-09,P,0.0064,0.000163000,3,
2026-09-15,JPU,OPT,JPUM8 P0645,2028-06-09,P,0.00645,0.000177000,3,
2026-09-15,JPU,OPT,JPUM8 P0650,2028-06-09,P,0.0065,0.000192000,3,
2026-09-15,JPU,OPT,JPUM8 P0655,2028-06-09,P,0.00655,0.000209000,3,
2026-09-15,JPU,OPT,JPUM8 P0660,2028-06-09,P,0.0066,0.000226000,3,
2026-09-15,JPU,OPT,JPUM8 P0665,2028-06-09,P,0.00665,0.000245000,3,
2026-09-15,JPU,OPT,JPUM8 P0670,2028-06-09,P,0.0067,0.000266000,3,
2026-09-15,JPU,OPT,JPUM8 P0675,2028-06-09,P,0.00675,0.000288000,3,
2026-09-15,JPU,OPT,JPUM8 P0680,2028-06-09,P,0.0068,0.000313000,3,
2026-09-15,JPU,OPT,JPUM8 P0685,2028-06-09,P,0.00685,0.000338000,3,
2026-09-15,JPU,OPT,JPUM8 P0690,2028-06-09,P,0.0069,0.000366000,3,
2026-09-15,JPU,OPT,JPUM8 P0695,2028-06-09,P,0.00695,0.000394000,3,
2026-09-15,JPU,OPT,JPUM8 P0700,2028-06-09,P,0.007,0.000424000,3,
2026-09-15,JPU,OPT,JPUM8 P0705,2028-06-09,P,0.00705,0.000454000,3,
2026-09-15,JPU,OPT,JPUM8 P0710,2028-06-09,P,0.0071,0.000486000,3,
2026-09-15,JPU,OPT,JPUM8 P0715,2028-06-09,P,0.00715,0.000518000,3,
2026-09-15,JPU,OPT,JPUM8 P0720,2028-06-09,P,0.0072,0.000552000,3,
2026-09-15,JPU,OPT,JPUM8 P0725,2028-06-09,P,0.00725,0.000586000,3,
2026-09-15,JPU,OPT,JPUM8 P0730,2028-06-09,P,0.0073,0.000621000,3,
2026-09-15,JPU,OPT,JPUM8 P0735,2028-06-09,P,0.00735,0.000657000,3,
2026-09-15,JPU,OPT,JPUM8 P0740,2028-06-09,P,0.0074,0.000693000,3,
2026-09-15,JPU,OPT,JPUM8 P0750,2028-06-09,P,0.0075,0.000768000,3,
2026-09-15,JPU,OPT,JPUM8 P0760,2028-06-09,P,0.0076,0.000846000,3,
2026-09-15,JPU,OPT,JPUM8 P0770,2028-06-09,P,0.0077,0.000925000,3,
2026-09-15,JPU,OPT,JPUM8 P0780,2028-06-09,P,0.0078,0.001007000,3,
2026-09-15,JPU,OPT,JPUM8 P0790,2028-06-09,P,0.0079,0.001090000,3,
2026-09-15,JPU,OPT,JPUM8 P0800,2028-06-09,P,0.008,0.001174000,3,
2026-09-15,JPU,OPT,JPUM8 P0810,2028-06-09,P,0.0081,0.001260000,3,
2026-09-15,JPU,OPT,JPUM8 P0820,2028-06-09,P,0.0082,0.001347000,3,
2026-09-15,JPU,OPT,JPUM8 P0830,2028-06-09,P,0.0083,0.001434000,3,
