session,root,type,symbol,expiry,right,strike,settle,settle_flag,oi
2026-09-03,GBU,OPT,GBUU6 C10200,2026-09-04,C,1.02,0.333800000,3,
2026-09-03,GBU,OPT,GBUU6 C10300,2026-09-04,C,1.03,0.323800000,3,
2026-09-03,GBU,OPT,GBUU6 C10400,2026-09-04,C,1.04,0.313800000,3,
2026-09-03,GBU,OPT,GBUU6 C10500,2026-09-04,C,1.05,0.303800000,3,
2026-09-03,GBU,OPT,GBUU6 C10600,2026-09-04,C,1.06,0.293800000,3,
2026-09-03,GBU,OPT,GBUU6 C10700,2026-09-04,C,1.07,0.283800000,3,
2026-09-03,GBU,OPT,GBUU6 C10800,2026-09-04,C,1.08,0.273800000,3,
2026-09-03,GBU,OPT,GBUU6 C10900,2026-09-04,C,1.09,0.263800000,3,
2026-09-03,GBU,OPT,GBUU6 C11000,2026-09-04,C,1.1,0.253800000,3,
2026-09-03,GBU,OPT,GBUU6 C11100,2026-09-04,C,1.11,0.243800000,3,
2026-09-03,GBU,OPT,GBUU6 C11200,2026-09-04,C,1.12,0.233800000,3,
2026-09-03,GBU,OPT,GBUU6 C11300,2026-09-04,C,1.13,0.223800000,3,
2026-09-03,GBU,OPT,GBUU6 C11400,2026-09-04,C,1.14,0.213800000,3,
2026-09-03,GBU,OPT,GBUU6 C11500,2026-09-04,C,1.15,0.203800000,3,
2026-09-03,GBU,OPT,GBUU6 C11600,2026-09-04,C,1.16,0.193800000,3,
2026-09-03,GBU,OPT,GBUU6 C11650,2026-09-04,C,1.165,0.188800000,3,
2026-09-03,GBU,OPT,GBUU6 C11700,2026-09-04,C,1.17,0.183800000,3,
2026-09-03,GBU,OPT,GBUU6 C11750,2026-09-04,C,1.175,0.178800000,3,
2026-09-03,GBU,OPT,GBUU6 C11800,2026-09-04,C,1.18,0.173800000,3,
2026-09-03,GBU,OPT,GBUU6 C11850,2026-09-04,C,1.185,0.168800000,3,
2026-09-03,GBU,OPT,GBUU6 C11900,2026-09-04,C,1.19,0.163800000,3,
2026-09-03,GBU,OPT,GBUU6 C11950,2026-09-04,C,1.195,0.158800000,3,
2026-09-03,GBU,OPT,GBUU6 C12000,2026-09-04,C,1.2,0.153800000,3,1
2026-09-03,GBU,OPT,GBUU6 C12050,2026-09-04,C,1.205,0.148800000,3,
2026-09-03,GBU,OPT,GBUU6 C12100,2026-09-04,C,1.21,0.143800000,3,1
2026-09-03,GBU,OPT,GBUU6 C12150,2026-09-04,C,1.215,0.138800000,3,
2026-09-03,GBU,OPT,GBUU6 C12200,2026-09-04,C,1.22,0.133800000,3,
2026-09-03,GBU,OPT,GBUU6 C12250,2026-09-04,C,1.225,0.128800000,3,
2026-09-03,GBU,OPT,GBUU6 C12300,2026-09-04,C,1.23,0.123800000,3,
2026-09-03,GBU,OPT,GBUU6 C12350,2026-09-04,C,1.235,0.118800000,3,
2026-09-03,GBU,OPT,GBUU6 C12400,2026-09-04,C,1.24,0.113800000,3,
2026-09-03,GBU,OPT,GBUU6 C12450,2026-09-04,C,1.245,0.108800000,3,
2026-09-03,GBU,OPT,GBUU6 C12500,2026-09-04,C,1.25,0.103800000,3,
2026-09-03,GBU,OPT,GBUU6 C12550,2026-09-04,C,1.255,0.098800000,3,
2026-09-03,GBU,OPT,GBUU6 C12600,2026-09-04,C,1.26,0.093800000,3,
2026-09-03,GBU,OPT,GBUU6 C12650,2026-09-04,C,1.265,0.088800000,3,
2026-09-03,GBU,OPT,GBUU6 C12700,2026-09-04,C,1.27,0.083800000,3,1
2026-09-03,GBU,OPT,GBUU6 C12750,2026-09-04,C,1.275,0.078800000,3,
2026-09-03,GBU,OPT,GBUU6 C12800,2026-09-04,C,1.28,0.073800000,3,5
2026-09-03,GBU,OPT,GBUU6 C12850,2026-09-04,C,1.285,0.068800000,3,
2026-09-03,GBU,OPT,GBUU6 C12900,2026-09-04,C,1.29,0.063800000,3,7
2026-09-03,GBU,OPT,GBUU6 C12950,2026-09-04,C,1.295,0.058800000,3,
2026-09-03,GBU,OPT,GBUU6 C13000,2026-09-04,C,1.3,0.053800000,3,
2026-09-03,GBU,OPT,GBUU6 C13050,2026-09-04,C,1.305,0.048800000,3,
2026-09-03,GBU,OPT,GBUU6 C13100,2026-09-04,C,1.31,0.043800000,3,4
2026-09-03,GBU,OPT,GBUU6 C13150,2026-09-04,C,1.315,0.038800000,3,1
2026-09-03,GBU,OPT,GBUU6 C13200,2026-09-04,C,1.32,0.033800000,3,12
2026-09-03,GBU,OPT,GBUU6 C13250,2026-09-04,C,1.325,0.028800000,3,3
2026-09-03,GBU,OPT,GBUU6 C13275,2026-09-04,C,1.3275,0.026300000,3,
2026-09-03,GBU,OPT,GBUU6 C13300,2026-09-04,C,1.33,0.023800000,3,20
2026-09-03,GBU,OPT,GBUU6 C13325,2026-09-04,C,1.3325,0.021300000,3,
2026-09-03,GBU,OPT,GBUU6 C13350,2026-09-04,C,1.335,0.018800000,3,7
2026-09-03,GBU,OPT,GBUU6 C13375,2026-09-04,C,1.3375,0.016300000,3,
2026-09-03,GBU,OPT,GBUU6 C13400,2026-09-04,C,1.34,0.013800000,3,277
2026-09-03,GBU,OPT,GBUU6 C13425,2026-09-04,C,1.3425,0.011300000,3,
2026-09-03,GBU,OPT,GBUU6 C13450,2026-09-04,C,1.345,0.008900000,3,825
2026-09-03,GBU,OPT,GBUU6 C13475,2026-09-04,C,1.3475,0.006600000,3,5
2026-09-03,GBU,OPT,GBUU6 C13500,2026-09-04,C,1.35,0.004400000,3,385
2026-09-03,GBU,OPT,GBUU6 C13525,2026-09-04,C,1.3525,0.002700000,3,60
2026-09-03,GBU,OPT,GBUU6 C13550,2026-09-04,C,1.355,0.001500000,3,1403
2026-09-03,GBU,OPT,GBUU6 C13575,2026-09-04,C,1.3575,0.000700000,3,584
2026-09-03,GBU,OPT,GBUU6 C13600,2026-09-04,C,1.36,0.000400000,3,2272
2026-09-03,GBU,OPT,GBUU6 C13625,2026-09-04,C,1.3625,0.000200000,3,411
2026-09-03,GBU,OPT,GBUU6 C13650,2026-09-04,C,1.365,0.000100000,3,970
2026-09-03,GBU,OPT,GBUU6 C13675,2026-09-04,C,1.3675,0.000100000,3,36
2026-09-03,GBU,OPT,GBUU6 C13700,2026-09-04,C,1.37,0.000100000,3,79
2026-09-03,GBU,OPT,GBUU6 C13725,2026-09-04,C,1.3725,0.000100000,3,12
2026-09-03,GBU,OPT,GBUU6 C13750,2026-09-04,C,1.375,0.000100000,3,812
2026-09-03,GBU,OPT,GBUU6 C13775,2026-09-04,C,1.3775,0.000100000,3,225
2026-09-03,GBU,OPT,GBUU6 C13800,2026-09-04,C,1.38,0.000100000,3,112
2026-09-03,GBU,OPT,GBUU6 C13825,2026-09-04,C,1.3825,0.000100000,3,
2026-09-03,GBU,OPT,GBUU6 C13850,2026-09-04,C,1.385,0.000100000,3,301
2026-09-03,GBU,OPT,GBUU6 C13900,2026-09-04,C,1.39,0.000100000,3,218
2026-09-03,GBU,OPT,GBUU6 C13950,2026-09-04,C,1.395,0.000100000,3,6
2026-09-03,GBU,OPT,GBUU6 C14000,2026-09-04,C,1.4,0.000100000,3,378
2026-09-03,GBU,OPT,GBUU6 C14050,2026-09-04,C,1.405,0.000100000,3,269
2026-09-03,GBU,OPT,GBUU6 C14100,2026-09-04,C,1.41,0.000100000,3,497
2026-09-03,GBU,OPT,GBUU6 C14150,2026-09-04,C,1.415,0.000100000,3,135
2026-09-03,GBU,OPT,GBUU6 C14200,2026-09-04,C,1.42,0.000100000,3,179
2026-09-03,GBU,OPT,GBUU6 C14250,2026-09-04,C,1.425,0.000100000,3,253
2026-09-03,GBU,OPT,GBUU6 C14300,2026-09-04,C,1.43,0.000100000,3,70
2026-09-03,GBU,OPT,GBUU6 C14350,2026-09-04,C,1.435,0.000100000,3,
2026-09-03,GBU,OPT,GBUU6 C14400,2026-09-04,C,1.44,0.000100000,3,79
2026-09-03,GBU,OPT,GBUU6 C14450,2026-09-04,C,1.445,0.000100000,3,
2026-09-03,GBU,OPT,GBUU6 C14500,2026-09-04,C,1.45,0.000100000,3,90
2026-09-03,GBU,OPT,GBUU6 C14550,2026-09-04,C,1.455,0.000100000,3,
2026-09-03,GBU,OPT,GBUU6 C14600,2026-09-04,C,1.46,0.000100000,3,83
2026-09-03,GBU,OPT,GBUU6 C14700,2026-09-04,C,1.47,0.000100000,3,168
2026-09-03,GBU,OPT,GBUU6 C14800,2026-09-04,C,1.48,0.000100000,3,33
2026-09-03,GBU,OPT,GBUU6 C14900,2026-09-04,C,1.49,0.000100000,3,
2026-09-03,GBU,OPT,GBUU6 C15000,2026-09-04,C,1.5,0.000100000,3,
2026-09-03,GBU,OPT,GBUU6 C15100,2026-09-04,C,1.51,0.000100000,3,
2026-09-03,GBU,OPT,GBUU6 C15200,2026-09-04,C,1.52,0.000100000,3,
2026-09-03,GBU,OPT,GBUU6 C15300,2026-09-04,C,1.53,0.000100000,3,
2026-09-03,GBU,OPT,GBUU6 C15400,2026-09-04,C,1.54,0.000100000,3,4
2026-09-03,GBU,OPT,GBUU6 C15500,2026-09-04,C,1.55,0.000100000,3,
2026-09-03,GBU,OPT,GBUU6 C15600,2026-09-04,C,1.56,0.000100000,3,
2026-09-03,GBU,OPT,GBUU6 C15700,2026-09-04,C,1.57,0.000100000,3,
2026-09-03,GBU,OPT,GBUU6 C15800,2026-09-04,C,1.58,0.000100000,3,
2026-09-03,GBU,OPT,GBUU6 P10200,2026-09-04,P,1.02,0.000100000,3,4
2026-09-03,GBU,OPT,GBUU6 P10300,2026-09-04,P,1.03,0.000100000,3,
2026-09-03,GBU,OPT,GBUU6 P10400,2026-09-04,P,1.04,0.000100000,3,
2026-09-03,GBU,OPT,GBUU6 P10500,2026-09-04,P,1.05,0.000100000,3,
2026-09-03,GBU,OPT,GBUU6 P10600,2026-09-04,P,1.06,0.000100000,3,
2026-09-03,GBU,OPT,GBUU6 P10700,2026-09-04,P,1.07,0.000100000,3,
2026-09-03,GBU,OPT,GBUU6 P10800,2026-09-04,P,1.08,0.000100000,3,
2026-09-03,GBU,OPT,GBUU6 P10900,2026-09-04,P,1.09,0.000100000,3,
2026-09-03,GBU,OPT,GBUU6 P11000,2026-09-04,P,1.1,0.000100000,3,
2026-09-03,GBU,OPT,GBUU6 P11100,2026-09-04,P,1.11,0.000100000,3,
2026-09-03,GBU,OPT,GBUU6 P11200,2026-09-04,P,1.12,0.000100000,3,
2026-09-03,GBU,OPT,GBUU6 P11300,2026-09-04,P,1.13,0.000100000,3,
2026-09-03,GBU,OPT,GBUU6 P11400,2026-09-04,P,1.14,0.000100000,3,
2026-09-03,GBU,OPT,GBUU6 P11500,2026-09-04,P,1.15,0.000100000,3,20
2026-09-03,GBU,OPT,GBUU6 P11600,2026-09-04,P,1.16,0.000100000,3,19
2026-09-03,GBU,OPT,GBUU6 P11650,2026-09-04,P,1.165,0.000100000,3,
2026-09-03,GBU,OPT,GBUU6 P11700,2026-09-04,P,1.17,0.000100000,3,100
2026-09-03,GBU,OPT,GBUU6 P11750,2026-09-04,P,1.175,0.000100000,3,16
2026-09-03,GBU,OPT,GBUU6 P11800,2026-09-04,P,1.18,0.000100000,3,4
2026-09-03,GBU,OPT,GBUU6 P11850,2026-09-04,P,1.185,0.000100000,3,
2026-09-03,GBU,OPT,GBUU6 P11900,2026-09-04,P,1.19,0.000100000,3,24
2026-09-03,GBU,OPT,GBUU6 P11950,2026-09-04,P,1.195,0.000100000,3,
2026-09-03,GBU,OPT,GBUU6 P12000,2026-09-04,P,1.2,0.000100000,3,84
2026-09-03,GBU,OPT,GBUU6 P12050,2026-09-04,P,1.205,0.000100000,3,15
2026-09-03,GBU,OPT,GBUU6 P12100,2026-09-04,P,1.21,0.000100000,3,3
2026-09-03,GBU,OPT,GBUU6 P12150,2026-09-04,P,1.215,0.000100000,3,
2026-09-03,GBU,OPT,GBUU6 P12200,2026-09-04,P,1.22,0.000100000,3,4
2026-09-03,GBU,OPT,GBUU6 P12250,2026-09-04,P,1.225,0.000100000,3,4
2026-09-03,GBU,OPT,GBUU6 P12300,2026-09-04,P,1.23,0.000100000,3,38
2026-09-03,GBU,OPT,GBUU6 P12350,2026-09-04,P,1.235,0.000100000,3,54
2026-09-03,GBU,OPT,GBUU6 P12400,2026-09-04,P,1.24,0.000100000,3,17
2026-09-03,GBU,OPT,GBUU6 P12450,2026-09-04,P,1.245,0.000100000,3,36
2026-09-03,GBU,OPT,GBUU6 P12500,2026-09-04,P,1.25,0.000100000,3,247
2026-09-03,GBU,OPT,GBUU6 P12550,2026-09-04,P,1.255,0.000100000,3,56
2026-09-03,GBU,OPT,GBUU6 P12600,2026-09-04,P,1.26,0.000100000,3,112
2026-09-03,GBU,OPT,GBUU6 P12650,2026-09-04,P,1.265,0.000100000,3,12
2026-09-03,GBU,OPT,GBUU6 P12700,2026-09-04,P,1.27,0.000100000,3,242
2026-09-03,GBU,OPT,GBUU6 P12750,2026-09-04,P,1.275,0.000100000,3,112
2026-09-03,GBU,OPT,GBUU6 P12800,2026-09-04,P,1.28,0.000100000,3,144
2026-09-03,GBU,OPT,GBUU6 P12850,2026-09-04,P,1.285,0.000100000,3,642
2026-09-03,GBU,OPT,GBUU6 P12900,2026-09-04,P,1.29,0.000100000,3,396
2026-09-03,GBU,OPT,GBUU6 P12950,2026-09-04,P,1.295,0.000100000,3,48
2026-09-03,GBU,OPT,GBUU6 P13000,2026-09-04,P,1.3,0.000100000,3,441
2026-09-03,GBU,OPT,GBUU6 P13050,2026-09-04,P,1.305,0.000100000,3,75
2026-09-03,GBU,OPT,GBUU6 P13100,2026-09-04,P,1.31,0.000100000,3,98
2026-09-03,GBU,OPT,GBUU6 P13150,2026-09-04,P,1.315,0.000100000,3,1531
2026-09-03,GBU,OPT,GBUU6 P13200,2026-09-04,P,1.32,0.000100000,3,1063
2026-09-03,GBU,OPT,GBUU6 P13250,2026-09-04,P,1.325,0.000100000,3,443
2026-09-03,GBU,OPT,GBUU6 P13275,2026-09-04,P,1.3275,0.000100000,3,
2026-09-03,GBU,OPT,GBUU6 P13300,2026-09-04,P,1.33,0.000100000,3,1178
2026-09-03,GBU,OPT,GBUU6 P13325,2026-09-04,P,1.3325,0.000100000,3,27
2026-09-03,GBU,OPT,GBUU6 P13350,2026-09-04,P,1.335,0.000100000,3,1996
2026-09-03,GBU,OPT,GBUU6 P13375,2026-09-04,P,1.3375,0.000100000,3,507
2026-09-03,GBU,OPT,GBUU6 P13400,2026-09-04,P,1.34,0.000100000,3,3036
2026-09-03,GBU,OPT,GBUU6 P13425,2026-09-04,P,1.3425,0.000100000,3,385
2026-09-03,GBU,OPT,GBUU6 P13450,2026-09-04,P,1.345,0.000100000,3,657
2026-09-03,GBU,OPT,GBUU6 P13475,2026-09-04,P,1.3475,0.000300000,3,307
2026-09-03,GBU,OPT,GBUU6 P13500,2026-09-04,P,1.35,0.000600000,3,570
2026-09-03,GBU,OPT,GBUU6 P13525,2026-09-04,P,1.3525,0.001400000,3,413
2026-09-03,GBU,OPT,GBUU6 P13550,2026-09-04,P,1.355,0.002700000,3,68
2026-09-03,GBU,OPT,GBUU6 P13575,2026-09-04,P,1.3575,0.004400000,3,29
2026-09-03,GBU,OPT,GBUU6 P13600,2026-09-04,P,1.36,0.006600000,3,693
2026-09-03,GBU,OPT,GBUU6 P13625,2026-09-04,P,1.3625,0.008900000,3,1
2026-09-03,GBU,OPT,GBUU6 P13650,2026-09-04,P,1.365,0.011300000,3,5
2026-09-03,GBU,OPT,GBUU6 P13675,2026-09-04,P,1.3675,0.013700000,3,
2026-09-03,GBU,OPT,GBUU6 P13700,2026-09-04,P,1.37,0.016200000,3,4
2026-09-03,GBU,OPT,GBUU6 P13725,2026-09-04,P,1.3725,0.018700000,3,
2026-09-03,GBU,OPT,GBUU6 P13750,2026-09-04,P,1.375,0.021200000,3,1
2026-09-03,GBU,OPT,GBUU6 P13775,2026-09-04,P,1.3775,0.023700000,3,
2026-09-03,GBU,OPT,GBUU6 P13800,2026-09-04,P,1.38,0.026200000,3,6
2026-09-03,GBU,OPT,GBUU6 P13825,2026-09-04,P,1.3825,0.028700000,3,
2026-09-03,GBU,OPT,GBUU6 P13850,2026-09-04,P,1.385,0.031200000,3,
2026-09-03,GBU,OPT,GBUU6 P13900,2026-09-04,P,1.39,0.036200000,3,4
2026-09-03,GBU,OPT,GBUU6 P13950,2026-09-04,P,1.395,0.041200000,3,
2026-09-03,GBU,OPT,GBUU6 P14000,2026-09-04,P,1.4,0.046200000,3,1
2026-09-03,GBU,OPT,GBUU6 P14050,2026-09-04,P,1.405,0.051200000,3,1
2026-09-03,GBU,OPT,GBUU6 P14100,2026-09-04,P,1.41,0.056200000,3,
2026-09-03,GBU,OPT,GBUU6 P14150,2026-09-04,P,1.415,0.061200000,3,
2026-09-03,GBU,OPT,GBUU6 P14200,2026-09-04,P,1.42,0.066200000,3,
2026-09-03,GBU,OPT,GBUU6 P14250,2026-09-04,P,1.425,0.071200000,3,
2026-09-03,GBU,OPT,GBUU6 P14300,2026-09-04,P,1.43,0.076200000,3,
2026-09-03,GBU,OPT,GBUU6 P14350,2026-09-04,P,1.435,0.081200000,3,
2026-09-03,GBU,OPT,GBUU6 P14400,2026-09-04,P,1.44,0.086200000,3,
2026-09-03,GBU,OPT,GBUU6 P14450,2026-09-04,P,1.445,0.091200000,3,
2026-09-03,GBU,OPT,GBUU6 P14500,2026-09-04,P,1.45,0.096200000,3,
2026-09-03,GBU,OPT,GBUU6 P14550,2026-09-04,P,1.455,0.101200000,3,
2026-09-03,GBU,OPT,GBUU6 P14600,2026-09-04,P,1.46,0.106200000,3,0
2026-09-03,GBU,OPT,GBUU6 P14700,2026-09-04,P,1.47,0.116200000,3,1
2026-09-03,GBU,OPT,GBUU6 P14800,2026-09-04,P,1.48,0.126200000,3,
2026-09-03,GBU,OPT,GBUU6 P14900,2026-09-04,P,1.49,0.136200000,3,
2026-09-03,GBU,OPT,GBUU6 P15000,2026-09-04,P,1.5,0.146200000,3,129
2026-09-03,GBU,OPT,GBUU6 P15100,2026-09-04,P,1.51,0.156200000,3,
2026-09-03,GBU,OPT,GBUU6 P15200,2026-09-04,P,1.52,0.166200000,3,
2026-09-03,GBU,OPT,GBUU6 P15300,2026-09-04,P,1.53,0.176200000,3,
2026-09-03,GBU,OPT,GBUU6 P15400,2026-09-04,P,1.54,0.186200000,3,
2026-09-03,GBU,OPT,GBUU6 P15500,2026-09-04,P,1.55,0.196200000,3,
2026-09-03,GBU,OPT,GBUU6 P15600,2026-09-04,P,1.56,0.206200000,3,
2026-09-03,GBU,OPT,GBUU6 P15700,2026-09-04,P,1.57,0.216200000,3,
2026-09-03,GBU,OPT,GBUU6 P15800,2026-09-04,P,1.58,0.226200000,3,
2026-09-03,GBU,OPT,GBUV6 C11000,2026-10-09,C,1.1,0.252900000,3,
2026-09-03,GBU,OPT,GBUV6 C11100,2026-10-09,C,1.11,0.242900000,3,
2026-09-03,GBU,OPT,GBUV6 C11200,2026-10-09,C,1.12,0.232900000,3,
2026-09-03,GBU,OPT,GBUV6 C11300,2026-10-09,C,1.13,0.223000000,3,
2026-09-03,GBU,OPT,GBUV6 C11400,2026-10-09,C,1.14,0.213000000,3,
2026-09-03,GBU,OPT,GBUV6 C11500,2026-10-09,C,1.15,0.203100000,3,
2026-09-03,GBU,OPT,GBUV6 C11600,2026-10-09,C,1.16,0.193100000,3,
2026-09-03,GBU,OPT,GBUV6 C11700,2026-10-09,C,1.17,0.183100000,3,
2026-09-03,GBU,OPT,GBUV6 C11800,2026-10-09,C,1.18,0.173200000,3,
2026-09-03,GBU,OPT,GBUV6 C11900,2026-10-09,C,1.19,0.163200000,3,
2026-09-03,GBU,OPT,GBUV6 C12000,2026-10-09,C,1.2,0.153200000,3,
2026-09-03,GBU,OPT,GBUV6 C12100,2026-10-09,C,1.21,0.143300000,3,
2026-09-03,GBU,OPT,GBUV6 C12200,2026-10-09,C,1.22,0.133300000,3,
2026-09-03,GBU,OPT,GBUV6 C12300,2026-10-09,C,1.23,0.123300000,3,
2026-09-03,GBU,OPT,GBUV6 C12400,2026-10-09,C,1.24,0.113400000,3,1
2026-09-03,GBU,OPT,GBUV6 C12500,2026-10-09,C,1.25,0.103400000,3,1
2026-09-03,GBU,OPT,GBUV6 C12550,2026-10-09,C,1.255,0.098500000,3,
2026-09-03,GBU,OPT,GBUV6 C12600,2026-10-09,C,1.26,0.093600000,3,
2026-09-03,GBU,OPT,GBUV6 C12650,2026-10-09,C,1.265,0.088600000,3,
2026-09-03,GBU,OPT,GBUV6 C12700,2026-10-09,C,1.27,0.083700000,3,
2026-09-03,GBU,OPT,GBUV6 C12750,2026-10-09,C,1.275,0.078700000,3,
2026-09-03,GBU,OPT,GBUV6 C12800,2026-10-09,C,1.28,0.073800000,3,
2026-09-03,GBU,OPT,GBUV6 C12850,2026-10-09,C,1.285,0.068800000,3,
2026-09-03,GBU,OPT,GBUV6 C12900,2026-10-09,C,1.29,0.063900000,3,1
2026-09-03,GBU,OPT,GBUV6 C12950,2026-10-09,C,1.295,0.059000000,3,
2026-09-03,GBU,OPT,GBUV6 C13000,2026-10-09,C,1.3,0.054100000,3,1
2026-09-03,GBU,OPT,GBUV6 C13050,2026-10-09,C,1.305,0.049300000,3,3
2026-09-03,GBU,OPT,GBUV6 C13100,2026-10-09,C,1.31,0.044500000,3,42
2026-09-03,GBU,OPT,GBUV6 C13150,2026-10-09,C,1.315,0.039800000,3,1
2026-09-03,GBU,OPT,GBUV6 C13200,2026-10-09,C,1.32,0.035100000,3,501
2026-09-03,GBU,OPT,GBUV6 C13250,2026-10-09,C,1.325,0.030700000,3,1
2026-09-03,GBU,OPT,GBUV6 C13300,2026-10-09,C,1.33,0.026400000,3,3
2026-09-03,GBU,OPT,GBUV6 C13350,2026-10-09,C,1.335,0.022300000,3,54
2026-09-03,GBU,OPT,GBUV6 C13400,2026-10-09,C,1.34,0.018500000,3,803
2026-09-03,GBU,OPT,GBUV6 C13450,2026-10-09,C,1.345,0.015000000,3,62
2026-09-03,GBU,OPT,GBUV6 C13500,2026-10-09,C,1.35,0.011800000,3,1345
2026-09-03,GBU,OPT,GBUV6 C13550,2026-10-09,C,1.355,0.009100000,3,995
2026-09-03,GBU,OPT,GBUV6 C13600,2026-10-09,C,1.36,0.006800000,3,3299
2026-09-03,GBU,OPT,GBUV6 C13650,2026-10-09,C,1.365,0.005000000,3,1298
2026-09-03,GBU,OPT,GBUV6 C13700,2026-10-09,C,1.37,0.003600000,3,2488
2026-09-03,GBU,OPT,GBUV6 C13750,2026-10-09,C,1.375,0.002600000,3,753
2026-09-03,GBU,OPT,GBUV6 C13800,2026-10-09,C,1.38,0.001900000,3,242
2026-09-03,GBU,OPT,GBUV6 C13850,2026-10-09,C,1.385,0.001300000,3,215
2026-09-03,GBU,OPT,GBUV6 C13900,2026-10-09,C,1.39,0.000900000,3,72
2026-09-03,GBU,OPT,GBUV6 C13950,2026-10-09,C,1.395,0.000700000,3,28
2026-09-03,GBU,OPT,GBUV6 C14000,2026-10-09,C,1.4,0.000500000,3,61
2026-09-03,GBU,OPT,GBUV6 C14050,2026-10-09,C,1.405,0.000300000,3,14
2026-09-03,GBU,OPT,GBUV6 C14100,2026-10-09,C,1.41,0.000200000,3,10
2026-09-03,GBU,OPT,GBUV6 C14150,2026-10-09,C,1.415,0.000200000,3,3
2026-09-03,GBU,OPT,GBUV6 C14200,2026-10-09,C,1.42,0.000100000,3,6
2026-09-03,GBU,OPT,GBUV6 C14250,2026-10-09,C,1.425,0.000100000,3,3
2026-09-03,GBU,OPT,GBUV6 C14300,2026-10-09,C,1.43,0.000100000,3,4
2026-09-03,GBU,OPT,GBUV6 C14400,2026-10-09,C,1.44,0.000100000,3,80
2026-09-03,GBU,OPT,GBUV6 C14500,2026-10-09,C,1.45,0.000100000,3,12
2026-09-03,GBU,OPT,GBUV6 C14600,2026-10-09,C,1.46,0.000100000,3,2
2026-09-03,GBU,OPT,GBUV6 C14700,2026-10-09,C,1.47,0.000100000,3,1
2026-09-03,GBU,OPT,GBUV6 C14800,2026-10-09,C,1.48,0.000100000,3,
2026-09-03,GBU,OPT,GBUV6 C14900,2026-10-09,C,1.49,0.000100000,3,15
2026-09-03,GBU,OPT,GBUV6 C15000,2026-10-09,C,1.5,0.000100000,3,36
2026-09-03,GBU,OPT,GBUV6 C15100,2026-10-09,C,1.51,0.000100000,3,
2026-09-03,GBU,OPT,GBUV6 C15200,2026-10-09,C,1.52,0.000100000,3,
2026-09-03,GBU,OPT,GBUV6 C15300,2026-10-09,C,1.53,0.000100000,3,
2026-09-03,GBU,OPT,GBUV6 C15400,2026-10-09,C,1.54,0.000100000,3,
2026-09-03,GBU,OPT,GBUV6 C15500,2026-10-09,C,1.55,0.000100000,3,1
2026-09-03,GBU,OPT,GBUV6 C15600,2026-10-09,C,1.56,0.000100000,3,
2026-09-03,GBU,OPT,GBUV6 C15700,2026-10-09,C,1.57,0.000100000,3,
2026-09-03,GBU,OPT,GBUV6 C15800,2026-10-09,C,1.58,0.000100000,3,
2026-09-03,GBU,OPT,GBUV6 P11000,2026-10-09,P,1.1,0.000100000,3,
2026-09-03,GBU,OPT,GBUV6 P11100,2026-10-09,P,1.11,0.000100000,3,
2026-09-03,GBU,OPT,GBUV6 P11200,2026-10-09,P,1.12,0.000100000,3,15
2026-09-03,GBU,OPT,GBUV6 P11300,2026-10-09,P,1.13,0.000100000,3,1
2026-09-03,GBU,OPT,GBUV6 P11400,2026-10-09,P,1.14,0.000100000,3,27
2026-09-03,GBU,OPT,GBUV6 P11500,2026-10-09,P,1.15,0.000100000,3,17
2026-09-03,GBU,OPT,GBUV6 P11600,2026-10-09,P,1.16,0.000100000,3,15
2026-09-03,GBU,OPT,GBUV6 P11700,2026-10-09,P,1.17,0.000100000,3,15
2026-09-03,GBU,OPT,GBUV6 P11800,2026-10-09,P,1.18,0.000100000,3,15
2026-09-03,GBU,OPT,GBUV6 P11900,2026-10-09,P,1.19,0.000100000,3,15
2026-09-03,GBU,OPT,GBUV6 P12000,2026-10-09,P,1.2,0.000100000,3,16
2026-09-03,GBU,OPT,GBUV6 P12100,2026-10-09,P,1.21,0.000100000,3,
2026-09-03,GBU,OPT,GBUV6 P12200,2026-10-09,P,1.22,0.000100000,3,1
2026-09-03,GBU,OPT,GBUV6 P12300,2026-10-09,P,1.23,0.000100000,3,1
2026-09-03,GBU,OPT,GBUV6 P12400,2026-10-09,P,1.24,0.000100000,3,2
2026-09-03,GBU,OPT,GBUV6 P12500,2026-10-09,P,1.25,0.000100000,3,3
2026-09-03,GBU,OPT,GBUV6 P12550,2026-10-09,P,1.255,0.000100000,3,67
2026-09-03,GBU,OPT,GBUV6 P12600,2026-10-09,P,1.26,0.000100000,3,12
2026-09-03,GBU,OPT,GBUV6 P12650,2026-10-09,P,1.265,0.000100000,3,11
2026-09-03,GBU,OPT,GBUV6 P12700,2026-10-09,P,1.27,0.000200000,3,22
2026-09-03,GBU,OPT,GBUV6 P12750,2026-10-09,P,1.275,0.000200000,3,6
2026-09-03,GBU,OPT,GBUV6 P12800,2026-10-09,P,1.28,0.000200000,3,7
2026-09-03,GBU,OPT,GBUV6 P12850,2026-10-09,P,1.285,0.000300000,3,22
2026-09-03,GBU,OPT,GBUV6 P12900,2026-10-09,P,1.29,0.000400000,3,40
2026-09-03,GBU,OPT,GBUV6 P12950,2026-10-09,P,1.295,0.000400000,3,45
2026-09-03,GBU,OPT,GBUV6 P13000,2026-10-09,P,1.3,0.000500000,3,118
2026-09-03,GBU,OPT,GBUV6 P13050,2026-10-09,P,1.305,0.000700000,3,420
2026-09-03,GBU,OPT,GBUV6 P13100,2026-10-09,P,1.31,0.000900000,3,250
2026-09-03,GBU,OPT,GBUV6 P13150,2026-10-09,P,1.315,0.001100000,3,231
2026-09-03,GBU,OPT,GBUV6 P13200,2026-10-09,P,1.32,0.001500000,3,420
2026-09-03,GBU,OPT,GBUV6 P13250,2026-10-09,P,1.325,0.002000000,3,917
2026-09-03,GBU,OPT,GBUV6 P13300,2026-10-09,P,1.33,0.002700000,3,1183
2026-09-03,GBU,OPT,GBUV6 P13350,2026-10-09,P,1.335,0.003600000,3,2535
2026-09-03,GBU,OPT,GBUV6 P13400,2026-10-09,P,1.34,0.004800000,3,3126
2026-09-03,GBU,OPT,GBUV6 P13450,2026-10-09,P,1.345,0.006200000,3,888
2026-09-03,GBU,OPT,GBUV6 P13500,2026-10-09,P,1.35,0.008000000,3,518
2026-09-03,GBU,OPT,GBUV6 P13550,2026-10-09,P,1.355,0.010200000,3,2071
2026-09-03,GBU,OPT,GBUV6 P13600,2026-10-09,P,1.36,0.012900000,3,1836
2026-09-03,GBU,OPT,GBUV6 P13650,2026-10-09,P,1.365,0.016100000,3,1
2026-09-03,GBU,OPT,GBUV6 P13700,2026-10-09,P,1.37,0.019800000,3,5
2026-09-03,GBU,OPT,GBUV6 P13750,2026-10-09,P,1.375,0.023700000,3,
2026-09-03,GBU,OPT,GBUV6 P13800,2026-10-09,P,1.38,0.028000000,3,
2026-09-03,GBU,OPT,GBUV6 P13850,2026-10-09,P,1.385,0.032400000,3,
2026-09-03,GBU,OPT,GBUV6 P13900,2026-10-09,P,1.39,0.037000000,3,1
2026-09-03,GBU,OPT,GBUV6 P13950,2026-10-09,P,1.395,0.041700000,3,
2026-09-03,GBU,OPT,GBUV6 P14000,2026-10-09,P,1.4,0.046500000,3,
2026-09-03,GBU,OPT,GBUV6 P14050,2026-10-09,P,1.405,0.051400000,3,
2026-09-03,GBU,OPT,GBUV6 P14100,2026-10-09,P,1.41,0.056200000,3,1
2026-09-03,GBU,OPT,GBUV6 P14150,2026-10-09,P,1.415,0.061100000,3,
2026-09-03,GBU,OPT,GBUV6 P14200,2026-10-09,P,1.42,0.066100000,3,
2026-09-03,GBU,OPT,GBUV6 P14250,2026-10-09,P,1.425,0.071000000,3,
2026-09-03,GBU,OPT,GBUV6 P14300,2026-10-09,P,1.43,0.075900000,3,
2026-09-03,GBU,OPT,GBUV6 P14400,2026-10-09,P,1.44,0.085900000,3,
2026-09-03,GBU,OPT,GBUV6 P14500,2026-10-09,P,1.45,0.095800000,3,
2026-09-03,GBU,OPT,GBUV6 P14600,2026-10-09,P,1.46,0.105800000,3,1
2026-09-03,GBU,OPT,GBUV6 P14700,2026-10-09,P,1.47,0.115800000,3,1
2026-09-03,GBU,OPT,GBUV6 P14800,2026-10-09,P,1.48,0.125700000,3,
2026-09-03,GBU,OPT,GBUV6 P14900,2026-10-09,P,1.49,0.135700000,3,
2026-09-03,GBU,OPT,GBUV6 P15000,2026-10-09,P,1.5,0.145700000,3,
2026-09-03,GBU,OPT,GBUV6 P15100,2026-10-09,P,1.51,0.155600000,3,
2026-09-03,GBU,OPT,GBUV6 P15200,2026-10-09,P,1.52,0.165600000,3,
2026-09-03,GBU,OPT,GBUV6 P15300,2026-10-09,P,1.53,0.175600000,3,
2026-09-03,GBU,OPT,GBUV6 P15400,2026-10-09,P,1.54,0.185500000,3,
2026-09-03,GBU,OPT,GBUV6 P15500,2026-10-09,P,1.55,0.195500000,3,
2026-09-03,GBU,OPT,GBUV6 P15600,2026-10-09,P,1.56,0.205400000,3,
2026-09-03,GBU,OPT,GBUV6 P15700,2026-10-09,P,1.57,0.215400000,3,
2026-09-03,GBU,OPT,GBUV6 P15800,2026-10-09,P,1.58,0.225400000,3,
2026-09-03,GBU,OPT,GBUX6 C11100,2026-11-06,C,1.11,0.242200000,3,
2026-09-03,GBU,OPT,GBUX6 C11200,2026-11-06,C,1.12,0.232300000,3,
2026-09-03,GBU,OPT,GBUX6 C11300,2026-11-06,C,1.13,0.222300000,3,
2026-09-03,GBU,OPT,GBUX6 C11400,2026-11-06,C,1.14,0.212400000,3,
2026-09-03,GBU,OPT,GBUX6 C11500,2026-11-06,C,1.15,0.202500000,3,
2026-09-03,GBU,OPT,GBUX6 C11600,2026-11-06,C,1.16,0.192500000,3,
2026-09-03,GBU,OPT,GBUX6 C11700,2026-11-06,C,1.17,0.182600000,3,
2026-09-03,GBU,OPT,GBUX6 C11800,2026-11-06,C,1.18,0.172700000,3,
2026-09-03,GBU,OPT,GBUX6 C11900,2026-11-06,C,1.19,0.162800000,3,
2026-09-03,GBU,OPT,GBUX6 C12000,2026-11-06,C,1.2,0.152900000,3,1
2026-09-03,GBU,OPT,GBUX6 C12100,2026-11-06,C,1.21,0.143000000,3,1
2026-09-03,GBU,OPT,GBUX6 C12200,2026-11-06,C,1.22,0.133200000,3,
2026-09-03,GBU,OPT,GBUX6 C12300,2026-11-06,C,1.23,0.123300000,3,
2026-09-03,GBU,OPT,GBUX6 C12400,2026-11-06,C,1.24,0.113400000,3,
2026-09-03,GBU,OPT,GBUX6 C12500,2026-11-06,C,1.25,0.103500000,3,0
2026-09-03,GBU,OPT,GBUX6 C12550,2026-11-06,C,1.255,0.098600000,3,
2026-09-03,GBU,OPT,GBUX6 C12600,2026-11-06,C,1.26,0.093700000,3,
2026-09-03,GBU,OPT,GBUX6 C12650,2026-11-06,C,1.265,0.088800000,3,
2026-09-03,GBU,OPT,GBUX6 C12700,2026-11-06,C,1.27,0.083900000,3,
2026-09-03,GBU,OPT,GBUX6 C12750,2026-11-06,C,1.275,0.079100000,3,
2026-09-03,GBU,OPT,GBUX6 C12800,2026-11-06,C,1.28,0.074300000,3,5
2026-09-03,GBU,OPT,GBUX6 C12850,2026-11-06,C,1.285,0.069500000,3,
2026-09-03,GBU,OPT,GBUX6 C12900,2026-11-06,C,1.29,0.064700000,3,
2026-09-03,GBU,OPT,GBUX6 C12950,2026-11-06,C,1.295,0.060000000,3,
2026-09-03,GBU,OPT,GBUX6 C13000,2026-11-06,C,1.3,0.055300000,3,6
2026-09-03,GBU,OPT,GBUX6 C13050,2026-11-06,C,1.305,0.050700000,3,
2026-09-03,GBU,OPT,GBUX6 C13100,2026-11-06,C,1.31,0.046300000,3,
2026-09-03,GBU,OPT,GBUX6 C13150,2026-11-06,C,1.315,0.041900000,3,
2026-09-03,GBU,OPT,GBUX6 C13200,2026-11-06,C,1.32,0.037600000,3,13
2026-09-03,GBU,OPT,GBUX6 C13250,2026-11-06,C,1.325,0.033500000,3,16
2026-09-03,GBU,OPT,GBUX6 C13300,2026-11-06,C,1.33,0.029600000,3,5
2026-09-03,GBU,OPT,GBUX6 C13350,2026-11-06,C,1.335,0.025900000,3,41
2026-09-03,GBU,OPT,GBUX6 C13400,2026-11-06,C,1.34,0.022300000,3,799
2026-09-03,GBU,OPT,GBUX6 C13450,2026-11-06,C,1.345,0.019100000,3,192
2026-09-03,GBU,OPT,GBUX6 C13500,2026-11-06,C,1.35,0.016100000,3,69
2026-09-03,GBU,OPT,GBUX6 C13550,2026-11-06,C,1.355,0.013400000,3,247
2026-09-03,GBU,OPT,GBUX6 C13600,2026-11-06,C,1.36,0.011000000,3,149
2026-09-03,GBU,OPT,GBUX6 C13650,2026-11-06,C,1.365,0.008900000,3,309
2026-09-03,GBU,OPT,GBUX6 C13700,2026-11-06,C,1.37,0.007100000,3,339
2026-09-03,GBU,OPT,GBUX6 C13750,2026-11-06,C,1.375,0.005700000,3,1
2026-09-03,GBU,OPT,GBUX6 C13800,2026-11-06,C,1.38,0.004500000,3,28
2026-09-03,GBU,OPT,GBUX6 C13850,2026-11-06,C,1.385,0.003600000,3,19
2026-09-03,GBU,OPT,GBUX6 C13900,2026-11-06,C,1.39,0.002800000,3,18
2026-09-03,GBU,OPT,GBUX6 C13950,2026-11-06,C,1.395,0.002200000,3,2
2026-09-03,GBU,OPT,GBUX6 C14000,2026-11-06,C,1.4,0.001700000,3,30
2026-09-03,GBU,OPT,GBUX6 C14050,2026-11-06,C,1.405,0.001300000,3,3
2026-09-03,GBU,OPT,GBUX6 C14100,2026-11-06,C,1.41,0.001000000,3,16
2026-09-03,GBU,OPT,GBUX6 C14150,2026-11-06,C,1.415,0.000800000,3,23
2026-09-03,GBU,OPT,GBUX6 C14200,2026-11-06,C,1.42,0.000600000,3,29
2026-09-03,GBU,OPT,GBUX6 C14250,2026-11-06,C,1.425,0.000500000,3,16
2026-09-03,GBU,OPT,GBUX6 C14300,2026-11-06,C,1.43,0.000400000,3,1522
2026-09-03,GBU,OPT,GBUX6 C14400,2026-11-06,C,1.44,0.000200000,3,1
2026-09-03,GBU,OPT,GBUX6 C14500,2026-11-06,C,1.45,0.000100000,3,16
2026-09-03,GBU,OPT,GBUX6 C14600,2026-11-06,C,1.46,0.000100000,3,16
2026-09-03,GBU,OPT,GBUX6 C14700,2026-11-06,C,1.47,0.000100000,3,17
2026-09-03,GBU,OPT,GBUX6 C14800,2026-11-06,C,1.48,0.000100000,3,18
2026-09-03,GBU,OPT,GBUX6 C14900,2026-11-06,C,1.49,0.000100000,3,18
2026-09-03,GBU,OPT,GBUX6 C15000,2026-11-06,C,1.5,0.000100000,3,19
2026-09-03,GBU,OPT,GBUX6 C15100,2026-11-06,C,1.51,0.000100000,3,15
2026-09-03,GBU,OPT,GBUX6 C15200,2026-11-06,C,1.52,0.000100000,3,
2026-09-03,GBU,OPT,GBUX6 C15300,2026-11-06,C,1.53,0.000100000,3,
2026-09-03,GBU,OPT,GBUX6 C15400,2026-11-06,C,1.54,0.000100000,3,
2026-09-03,GBU,OPT,GBUX6 C15500,2026-11-06,C,1.55,0.000100000,3,
2026-09-03,GBU,OPT,GBUX6 C15600,2026-11-06,C,1.56,0.000100000,3,
2026-09-03,GBU,OPT,GBUX6 C15700,2026-11-06,C,1.57,0.000100000,3,
2026-09-03,GBU,OPT,GBUX6 C15800,2026-11-06,C,1.58,0.000100000,3,
2026-09-03,GBU,OPT,GBUX6 P11100,2026-11-06,P,1.11,0.000100000,3,
2026-09-03,GBU,OPT,GBUX6 P11200,2026-11-06,P,1.12,0.000100000,3,
2026-09-03,GBU,OPT,GBUX6 P11300,2026-11-06,P,1.13,0.000100000,3,1
2026-09-03,GBU,OPT,GBUX6 P11400,2026-11-06,P,1.14,0.000100000,3,1
2026-09-03,GBU,OPT,GBUX6 P11500,2026-11-06,P,1.15,0.000100000,3,
2026-09-03,GBU,OPT,GBUX6 P11600,2026-11-06,P,1.16,0.000100000,3,
2026-09-03,GBU,OPT,GBUX6 P11700,2026-11-06,P,1.17,0.000100000,3,
2026-09-03,GBU,OPT,GBUX6 P11800,2026-11-06,P,1.18,0.000100000,3,15
2026-09-03,GBU,OPT,GBUX6 P11900,2026-11-06,P,1.19,0.000100000,3,15
2026-09-03,GBU,OPT,GBUX6 P12000,2026-11-06,P,1.2,0.000100000,3,15
2026-09-03,GBU,OPT,GBUX6 P12100,2026-11-06,P,1.21,0.000200000,3,18
2026-09-03,GBU,OPT,GBUX6 P12200,2026-11-06,P,1.22,0.000200000,3,16
2026-09-03,GBU,OPT,GBUX6 P12300,2026-11-06,P,1.23,0.000300000,3,4
2026-09-03,GBU,OPT,GBUX6 P12400,2026-11-06,P,1.24,0.000300000,3,7
2026-09-03,GBU,OPT,GBUX6 P12500,2026-11-06,P,1.25,0.000400000,3,2
2026-09-03,GBU,OPT,GBUX6 P12550,2026-11-06,P,1.255,0.000400000,3,3
2026-09-03,GBU,OPT,GBUX6 P12600,2026-11-06,P,1.26,0.000500000,3,7
2026-09-03,GBU,OPT,GBUX6 P12650,2026-11-06,P,1.265,0.000600000,3,
2026-09-03,GBU,OPT,GBUX6 P12700,2026-11-06,P,1.27,0.000700000,3,10
2026-09-03,GBU,OPT,GBUX6 P12750,2026-11-06,P,1.275,0.000800000,3,8
2026-09-03,GBU,OPT,GBUX6 P12800,2026-11-06,P,1.28,0.000900000,3,22
2026-09-03,GBU,OPT,GBUX6 P12850,2026-11-06,P,1.285,0.001100000,3,21
2026-09-03,GBU,OPT,GBUX6 P12900,2026-11-06,P,1.29,0.001300000,3,6
2026-09-03,GBU,OPT,GBUX6 P12950,2026-11-06,P,1.295,0.001600000,3,651
2026-09-03,GBU,OPT,GBUX6 P13000,2026-11-06,P,1.3,0.001900000,3,25
2026-09-03,GBU,OPT,GBUX6 P13050,2026-11-06,P,1.305,0.002300000,3,7
2026-09-03,GBU,OPT,GBUX6 P13100,2026-11-06,P,1.31,0.002800000,3,23
2026-09-03,GBU,OPT,GBUX6 P13150,2026-11-06,P,1.315,0.003300000,3,1006
2026-09-03,GBU,OPT,GBUX6 P13200,2026-11-06,P,1.32,0.004100000,3,23
2026-09-03,GBU,OPT,GBUX6 P13250,2026-11-06,P,1.325,0.004900000,3,55
2026-09-03,GBU,OPT,GBUX6 P13300,2026-11-06,P,1.33,0.006000000,3,603
2026-09-03,GBU,OPT,GBUX6 P13350,2026-11-06,P,1.335,0.007200000,3,123
2026-09-03,GBU,OPT,GBUX6 P13400,2026-11-06,P,1.34,0.008600000,3,108
2026-09-03,GBU,OPT,GBUX6 P13450,2026-11-06,P,1.345,0.010300000,3,73
2026-09-03,GBU,OPT,GBUX6 P13500,2026-11-06,P,1.35,0.012300000,3,107
2026-09-03,GBU,OPT,GBUX6 P13550,2026-11-06,P,1.355,0.014500000,3,3
2026-09-03,GBU,OPT,GBUX6 P13600,2026-11-06,P,1.36,0.017100000,3,152
2026-09-03,GBU,OPT,GBUX6 P13650,2026-11-06,P,1.365,0.020000000,3,422
2026-09-03,GBU,OPT,GBUX6 P13700,2026-11-06,P,1.37,0.023200000,3,83
2026-09-03,GBU,OPT,GBUX6 P13750,2026-11-06,P,1.375,0.026800000,3,
2026-09-03,GBU,OPT,GBUX6 P13800,2026-11-06,P,1.38,0.030500000,3,
2026-09-03,GBU,OPT,GBUX6 P13850,2026-11-06,P,1.385,0.034600000,3,
2026-09-03,GBU,OPT,GBUX6 P13900,2026-11-06,P,1.39,0.038800000,3,
2026-09-03,GBU,OPT,GBUX6 P13950,2026-11-06,P,1.395,0.043100000,3,
2026-09-03,GBU,OPT,GBUX6 P14000,2026-11-06,P,1.4,0.047600000,3,
2026-09-03,GBU,OPT,GBUX6 P14050,2026-11-06,P,1.405,0.052200000,3,
2026-09-03,GBU,OPT,GBUX6 P14100,2026-11-06,P,1.41,0.056800000,3,
2026-09-03,GBU,OPT,GBUX6 P14150,2026-11-06,P,1.415,0.061600000,3,
2026-09-03,GBU,OPT,GBUX6 P14200,2026-11-06,P,1.42,0.066400000,3,1
2026-09-03,GBU,OPT,GBUX6 P14250,2026-11-06,P,1.425,0.071200000,3,
2026-09-03,GBU,OPT,GBUX6 P14300,2026-11-06,P,1.43,0.076100000,3,
2026-09-03,GBU,OPT,GBUX6 P14400,2026-11-06,P,1.44,0.085900000,3,0
2026-09-03,GBU,OPT,GBUX6 P14500,2026-11-06,P,1.45,0.095700000,3,
2026-09-03,GBU,OPT,GBUX6 P14600,2026-11-06,P,1.46,0.105600000,3,
2026-09-03,GBU,OPT,GBUX6 P14700,2026-11-06,P,1.47,0.115400000,3,
2026-09-03,GBU,OPT,GBUX6 P14800,2026-11-06,P,1.48,0.125400000,3,
2026-09-03,GBU,OPT,GBUX6 P14900,2026-11-06,P,1.49,0.135300000,3,
2026-09-03,GBU,OPT,GBUX6 P15000,2026-11-06,P,1.5,0.145200000,3,
2026-09-03,GBU,OPT,GBUX6 P15100,2026-11-06,P,1.51,0.155200000,3,
2026-09-03,GBU,OPT,GBUX6 P15200,2026-11-06,P,1.52,0.165100000,3,
2026-09-03,GBU,OPT,GBUX6 P15300,2026-11-06,P,1.53,0.175000000,3,
2026-09-03,GBU,OPT,GBUX6 P15400,2026-11-06,P,1.54,0.185000000,3,
2026-09-03,GBU,OPT,GBUX6 P15500,2026-11-06,P,1.55,0.194900000,3,
2026-09-03,GBU,OPT,GBUX6 P15600,2026-11-06,P,1.56,0.204800000,3,
2026-09-03,GBU,OPT,GBUX6 P15700,2026-11-06,P,1.57,0.214800000,3,
2026-09-03,GBU,OPT,GBUX6 P15800,2026-11-06,P,1.58,0.224700000,3,
2026-09-03,GBU,OPT,GBUZ6 C10200,2026-12-04,C,1.02,0.330600000,3,
2026-09-03,GBU,OPT,GBUZ6 C10300,2026-12-04,C,1.03,0.320700000,3,
2026-09-03,GBU,OPT,GBUZ6 C10400,2026-12-04,C,1.04,0.310800000,3,
2026-09-03,GBU,OPT,GBUZ6 C10500,2026-12-04,C,1.05,0.300900000,3,1
2026-09-03,GBU,OPT,GBUZ6 C10600,2026-12-04,C,1.06,0.291000000,3,
2026-09-03,GBU,OPT,GBUZ6 C10700,2026-12-04,C,1.07,0.281100000,3,
2026-09-03,GBU,OPT,GBUZ6 C10800,2026-12-04,C,1.08,0.271200000,3,
2026-09-03,GBU,OPT,GBUZ6 C10900,2026-12-04,C,1.09,0.261300000,3,
2026-09-03,GBU,OPT,GBUZ6 C11000,2026-12-04,C,1.1,0.251400000,3,1
2026-09-03,GBU,OPT,GBUZ6 C11100,2026-12-04,C,1.11,0.241500000,3,
2026-09-03,GBU,OPT,GBUZ6 C11200,2026-12-04,C,1.12,0.231600000,3,
2026-09-03,GBU,OPT,GBUZ6 C11300,2026-12-04,C,1.13,0.221700000,3,
2026-09-03,GBU,OPT,GBUZ6 C11400,2026-12-04,C,1.14,0.211900000,3,
2026-09-03,GBU,OPT,GBUZ6 C11500,2026-12-04,C,1.15,0.202000000,3,
2026-09-03,GBU,OPT,GBUZ6 C11600,2026-12-04,C,1.16,0.192100000,3,
2026-09-03,GBU,OPT,GBUZ6 C11650,2026-12-04,C,1.165,0.187100000,3,
2026-09-03,GBU,OPT,GBUZ6 C11700,2026-12-04,C,1.17,0.182200000,3,
2026-09-03,GBU,OPT,GBUZ6 C11750,2026-12-04,C,1.175,0.177300000,3,
2026-09-03,GBU,OPT,GBUZ6 C11800,2026-12-04,C,1.18,0.172300000,3,
2026-09-03,GBU,OPT,GBUZ6 C11850,2026-12-04,C,1.185,0.167400000,3,
2026-09-03,GBU,OPT,GBUZ6 C11900,2026-12-04,C,1.19,0.162500000,3,
2026-09-03,GBU,OPT,GBUZ6 C11950,2026-12-04,C,1.195,0.157500000,3,
2026-09-03,GBU,OPT,GBUZ6 C12000,2026-12-04,C,1.2,0.152600000,3,
2026-09-03,GBU,OPT,GBUZ6 C12050,2026-12-04,C,1.205,0.147700000,3,
2026-09-03,GBU,OPT,GBUZ6 C12100,2026-12-04,C,1.21,0.142800000,3,
2026-09-03,GBU,OPT,GBUZ6 C12150,2026-12-04,C,1.215,0.137900000,3,
2026-09-03,GBU,OPT,GBUZ6 C12200,2026-12-04,C,1.22,0.132900000,3,
2026-09-03,GBU,OPT,GBUZ6 C12250,2026-12-04,C,1.225,0.128000000,3,
2026-09-03,GBU,OPT,GBUZ6 C12300,2026-12-04,C,1.23,0.123100000,3,
2026-09-03,GBU,OPT,GBUZ6 C12350,2026-12-04,C,1.235,0.118200000,3,
2026-09-03,GBU,OPT,GBUZ6 C12400,2026-12-04,C,1.24,0.113300000,3,1
2026-09-03,GBU,OPT,GBUZ6 C12450,2026-12-04,C,1.245,0.108400000,3,
2026-09-03,GBU,OPT,GBUZ6 C12500,2026-12-04,C,1.25,0.103600000,3,
2026-09-03,GBU,OPT,GBUZ6 C12550,2026-12-04,C,1.255,0.098700000,3,
2026-09-03,GBU,OPT,GBUZ6 C12600,2026-12-04,C,1.26,0.093900000,3,
2026-09-03,GBU,OPT,GBUZ6 C12650,2026-12-04,C,1.265,0.089100000,3,
2026-09-03,GBU,OPT,GBUZ6 C12700,2026-12-04,C,1.27,0.084300000,3,30
2026-09-03,GBU,OPT,GBUZ6 C12750,2026-12-04,C,1.275,0.079600000,3,
2026-09-03,GBU,OPT,GBUZ6 C12800,2026-12-04,C,1.28,0.074900000,3,
2026-09-03,GBU,OPT,GBUZ6 C12850,2026-12-04,C,1.285,0.070200000,3,
2026-09-03,GBU,OPT,GBUZ6 C12900,2026-12-04,C,1.29,0.065600000,3,6
2026-09-03,GBU,OPT,GBUZ6 C12950,2026-12-04,C,1.295,0.061100000,3,
2026-09-03,GBU,OPT,GBUZ6 C13000,2026-12-04,C,1.3,0.056600000,3,
2026-09-03,GBU,OPT,GBUZ6 C13050,2026-12-04,C,1.305,0.052200000,3,
2026-09-03,GBU,OPT,GBUZ6 C13100,2026-12-04,C,1.31,0.047900000,3,
2026-09-03,GBU,OPT,GBUZ6 C13150,2026-12-04,C,1.315,0.043700000,3,
2026-09-03,GBU,OPT,GBUZ6 C13200,2026-12-04,C,1.32,0.039700000,3,9
2026-09-03,GBU,OPT,GBUZ6 C13250,2026-12-04,C,1.325,0.035800000,3,16
2026-09-03,GBU,OPT,GBUZ6 C13300,2026-12-04,C,1.33,0.032000000,3,
2026-09-03,GBU,OPT,GBUZ6 C13350,2026-12-04,C,1.335,0.028400000,3,84
2026-09-03,GBU,OPT,GBUZ6 C13400,2026-12-04,C,1.34,0.025000000,3,42
2026-09-03,GBU,OPT,GBUZ6 C13450,2026-12-04,C,1.345,0.021800000,3,89
2026-09-03,GBU,OPT,GBUZ6 C13500,2026-12-04,C,1.35,0.018900000,3,49
2026-09-03,GBU,OPT,GBUZ6 C13550,2026-12-04,C,1.355,0.016200000,3,214
2026-09-03,GBU,OPT,GBUZ6 C13600,2026-12-04,C,1.36,0.013800000,3,448
2026-09-03,GBU,OPT,GBUZ6 C13650,2026-12-04,C,1.365,0.011600000,3,1291
2026-09-03,GBU,OPT,GBUZ6 C13700,2026-12-04,C,1.37,0.009700000,3,101
2026-09-03,GBU,OPT,GBUZ6 C13750,2026-12-04,C,1.375,0.008100000,3,714
2026-09-03,GBU,OPT,GBUZ6 C13800,2026-12-04,C,1.38,0.006700000,3,185
2026-09-03,GBU,OPT,GBUZ6 C13850,2026-12-04,C,1.385,0.005500000,3,124
2026-09-03,GBU,OPT,GBUZ6 C13900,2026-12-04,C,1.39,0.004600000,3,249
2026-09-03,GBU,OPT,GBUZ6 C13950,2026-12-04,C,1.395,0.003700000,3,350
2026-09-03,GBU,OPT,GBUZ6 C14000,2026-12-04,C,1.4,0.003100000,3,311
2026-09-03,GBU,OPT,GBUZ6 C14050,2026-12-04,C,1.405,0.002500000,3,241
2026-09-03,GBU,OPT,GBUZ6 C14100,2026-12-04,C,1.41,0.002000000,3,601
2026-09-03,GBU,OPT,GBUZ6 C14150,2026-12-04,C,1.415,0.001600000,3,301
2026-09-03,GBU,OPT,GBUZ6 C14200,2026-12-04,C,1.42,0.001300000,3,316
2026-09-03,GBU,OPT,GBUZ6 C14250,2026-12-04,C,1.425,0.001100000,3,146
2026-09-03,GBU,OPT,GBUZ6 C14300,2026-12-04,C,1.43,0.000900000,3,102
2026-09-03,GBU,OPT,GBUZ6 C14400,2026-12-04,C,1.44,0.000700000,3,17
2026-09-03,GBU,OPT,GBUZ6 C14500,2026-12-04,C,1.45,0.000500000,3,3
2026-09-03,GBU,OPT,GBUZ6 C14600,2026-12-04,C,1.46,0.000400000,3,
2026-09-03,GBU,OPT,GBUZ6 C14700,2026-12-04,C,1.47,0.000300000,3,
2026-09-03,GBU,OPT,GBUZ6 C14800,2026-12-04,C,1.48,0.000300000,3,40
2026-09-03,GBU,OPT,GBUZ6 C14900,2026-12-04,C,1.49,0.000200000,3,
2026-09-03,GBU,OPT,GBUZ6 C15000,2026-12-04,C,1.5,0.000200000,3,1
2026-09-03,GBU,OPT,GBUZ6 C15100,2026-12-04,C,1.51,0.000200000,3,2
2026-09-03,GBU,OPT,GBUZ6 C15200,2026-12-04,C,1.52,0.000200000,3,
2026-09-03,GBU,OPT,GBUZ6 C15300,2026-12-04,C,1.53,0.000200000,3,
2026-09-03,GBU,OPT,GBUZ6 C15400,2026-12-04,C,1.54,0.000200000,3,1
2026-09-03,GBU,OPT,GBUZ6 C15500,2026-12-04,C,1.55,0.000200000,3,
2026-09-03,GBU,OPT,GBUZ6 C15600,2026-12-04,C,1.56,0.000100000,3,4
2026-09-03,GBU,OPT,GBUZ6 C15700,2026-12-04,C,1.57,0.000100000,3,10
2026-09-03,GBU,OPT,GBUZ6 C15800,2026-12-04,C,1.58,0.000100000,3,
2026-09-03,GBU,OPT,GBUZ6 P10200,2026-12-04,P,1.02,0.000100000,3,3
2026-09-03,GBU,OPT,GBUZ6 P10300,2026-12-04,P,1.03,0.000100000,3,
2026-09-03,GBU,OPT,GBUZ6 P10400,2026-12-04,P,1.04,0.000100000,3,
2026-09-03,GBU,OPT,GBUZ6 P10500,2026-12-04,P,1.05,0.000100000,3,
2026-09-03,GBU,OPT,GBUZ6 P10600,2026-12-04,P,1.06,0.000100000,3,
2026-09-03,GBU,OPT,GBUZ6 P10700,2026-12-04,P,1.07,0.000100000,3,1
2026-09-03,GBU,OPT,GBUZ6 P10800,2026-12-04,P,1.08,0.000100000,3,
2026-09-03,GBU,OPT,GBUZ6 P10900,2026-12-04,P,1.09,0.000100000,3,
2026-09-03,GBU,OPT,GBUZ6 P11000,2026-12-04,P,1.1,0.000100000,3,1
2026-09-03,GBU,OPT,GBUZ6 P11100,2026-12-04,P,1.11,0.000100000,3,1
2026-09-03,GBU,OPT,GBUZ6 P11200,2026-12-04,P,1.12,0.000100000,3,1
2026-09-03,GBU,OPT,GBUZ6 P11300,2026-12-04,P,1.13,0.000100000,3,1
2026-09-03,GBU,OPT,GBUZ6 P11400,2026-12-04,P,1.14,0.000100000,3,
2026-09-03,GBU,OPT,GBUZ6 P11500,2026-12-04,P,1.15,0.000100000,3,41
2026-09-03,GBU,OPT,GBUZ6 P11600,2026-12-04,P,1.16,0.000100000,3,
2026-09-03,GBU,OPT,GBUZ6 P11650,2026-12-04,P,1.165,0.000200000,3,
2026-09-03,GBU,OPT,GBUZ6 P11700,2026-12-04,P,1.17,0.000200000,3,
2026-09-03,GBU,OPT,GBUZ6 P11750,2026-12-04,P,1.175,0.000200000,3,
2026-09-03,GBU,OPT,GBUZ6 P11800,2026-12-04,P,1.18,0.000200000,3,
2026-09-03,GBU,OPT,GBUZ6 P11850,2026-12-04,P,1.185,0.000200000,3,
2026-09-03,GBU,OPT,GBUZ6 P11900,2026-12-04,P,1.19,0.000200000,3,
2026-09-03,GBU,OPT,GBUZ6 P11950,2026-12-04,P,1.195,0.000300000,3,
2026-09-03,GBU,OPT,GBUZ6 P12000,2026-12-04,P,1.2,0.000300000,3,12
2026-09-03,GBU,OPT,GBUZ6 P12050,2026-12-04,P,1.205,0.000300000,3,
2026-09-03,GBU,OPT,GBUZ6 P12100,2026-12-04,P,1.21,0.000300000,3,16
2026-09-03,GBU,OPT,GBUZ6 P12150,2026-12-04,P,1.215,0.000400000,3,2
2026-09-03,GBU,OPT,GBUZ6 P12200,2026-12-04,P,1.22,0.000400000,3,19
2026-09-03,GBU,OPT,GBUZ6 P12250,2026-12-04,P,1.225,0.000500000,3,1
2026-09-03,GBU,OPT,GBUZ6 P12300,2026-12-04,P,1.23,0.000500000,3,19
2026-09-03,GBU,OPT,GBUZ6 P12350,2026-12-04,P,1.235,0.000500000,3,19
2026-09-03,GBU,OPT,GBUZ6 P12400,2026-12-04,P,1.24,0.000600000,3,17
2026-09-03,GBU,OPT,GBUZ6 P12450,2026-12-04,P,1.245,0.000700000,3,16
2026-09-03,GBU,OPT,GBUZ6 P12500,2026-12-04,P,1.25,0.000800000,3,143
2026-09-03,GBU,OPT,GBUZ6 P12550,2026-12-04,P,1.255,0.000900000,3,21
2026-09-03,GBU,OPT,GBUZ6 P12600,2026-12-04,P,1.26,0.001000000,3,23
2026-09-03,GBU,OPT,GBUZ6 P12650,2026-12-04,P,1.265,0.001100000,3,17
2026-09-03,GBU,OPT,GBUZ6 P12700,2026-12-04,P,1.27,0.001300000,3,51
2026-09-03,GBU,OPT,GBUZ6 P12750,2026-12-04,P,1.275,0.001500000,3,6
2026-09-03,GBU,OPT,GBUZ6 P12800,2026-12-04,P,1.28,0.001800000,3,156
2026-09-03,GBU,OPT,GBUZ6 P12850,2026-12-04,P,1.285,0.002100000,3,127
2026-09-03,GBU,OPT,GBUZ6 P12900,2026-12-04,P,1.29,0.002400000,3,118
2026-09-03,GBU,OPT,GBUZ6 P12950,2026-12-04,P,1.295,0.002800000,3,2
2026-09-03,GBU,OPT,GBUZ6 P13000,2026-12-04,P,1.3,0.003300000,3,119
2026-09-03,GBU,OPT,GBUZ6 P13050,2026-12-04,P,1.305,0.003900000,3,92
2026-09-03,GBU,OPT,GBUZ6 P13100,2026-12-04,P,1.31,0.004500000,3,93
2026-09-03,GBU,OPT,GBUZ6 P13150,2026-12-04,P,1.315,0.005300000,3,76
2026-09-03,GBU,OPT,GBUZ6 P13200,2026-12-04,P,1.32,0.006200000,3,604
2026-09-03,GBU,OPT,GBUZ6 P13250,2026-12-04,P,1.325,0.007200000,3,40
2026-09-03,GBU,OPT,GBUZ6 P13300,2026-12-04,P,1.33,0.008400000,3,275
2026-09-03,GBU,OPT,GBUZ6 P13350,2026-12-04,P,1.335,0.009800000,3,69
2026-09-03,GBU,OPT,GBUZ6 P13400,2026-12-04,P,1.34,0.011300000,3,126
2026-09-03,GBU,OPT,GBUZ6 P13450,2026-12-04,P,1.345,0.013100000,3,115
2026-09-03,GBU,OPT,GBUZ6 P13500,2026-12-04,P,1.35,0.015100000,3,27
2026-09-03,GBU,OPT,GBUZ6 P13550,2026-12-04,P,1.355,0.017400000,3,40
2026-09-03,GBU,OPT,GBUZ6 P13600,2026-12-04,P,1.36,0.019900000,3,66
2026-09-03,GBU,OPT,GBUZ6 P13650,2026-12-04,P,1.365,0.022700000,3,303
2026-09-03,GBU,OPT,GBUZ6 P13700,2026-12-04,P,1.37,0.025800000,3,199
2026-09-03,GBU,OPT,GBUZ6 P13750,2026-12-04,P,1.375,0.029100000,3,
2026-09-03,GBU,OPT,GBUZ6 P13800,2026-12-04,P,1.38,0.032700000,3,3
2026-09-03,GBU,OPT,GBUZ6 P13850,2026-12-04,P,1.385,0.036400000,3,
2026-09-03,GBU,OPT,GBUZ6 P13900,2026-12-04,P,1.39,0.040400000,3,3
2026-09-03,GBU,OPT,GBUZ6 P13950,2026-12-04,P,1.395,0.044500000,3,
2026-09-03,GBU,OPT,GBUZ6 P14000,2026-12-04,P,1.4,0.048800000,3,3
2026-09-03,GBU,OPT,GBUZ6 P14050,2026-12-04,P,1.405,0.053200000,3,1
2026-09-03,GBU,OPT,GBUZ6 P14100,2026-12-04,P,1.41,0.057700000,3,1
2026-09-03,GBU,OPT,GBUZ6 P14150,2026-12-04,P,1.415,0.062300000,3,
2026-09-03,GBU,OPT,GBUZ6 P14200,2026-12-04,P,1.42,0.066900000,3,
2026-09-03,GBU,OPT,GBUZ6 P14250,2026-12-04,P,1.425,0.071600000,3,
2026-09-03,GBU,OPT,GBUZ6 P14300,2026-12-04,P,1.43,0.076400000,3,1
2026-09-03,GBU,OPT,GBUZ6 P14400,2026-12-04,P,1.44,0.086000000,3,
2026-09-03,GBU,OPT,GBUZ6 P14500,2026-12-04,P,1.45,0.095800000,3,
2026-09-03,GBU,OPT,GBUZ6 P14600,2026-12-04,P,1.46,0.105600000,3,
2026-09-03,GBU,OPT,GBUZ6 P14700,2026-12-04,P,1.47,0.115400000,3,
2026-09-03,GBU,OPT,GBUZ6 P14800,2026-12-04,P,1.48,0.125300000,3,
2026-09-03,GBU,OPT,GBUZ6 P14900,2026-12-04,P,1.49,0.135100000,3,
2026-09-03,GBU,OPT,GBUZ6 P15000,2026-12-04,P,1.5,0.145000000,3,641
2026-09-03,GBU,OPT,GBUZ6 P15100,2026-12-04,P,1.51,0.154900000,3,
2026-09-03,GBU,OPT,GBUZ6 P15200,2026-12-04,P,1.52,0.164800000,3,
2026-09-03,GBU,OPT,GBUZ6 P15300,2026-12-04,P,1.53,0.174700000,3,
2026-09-03,GBU,OPT,GBUZ6 P15400,2026-12-04,P,1.54,0.184600000,3,
2026-09-03,GBU,OPT,GBUZ6 P15500,2026-12-04,P,1.55,0.194500000,3,
2026-09-03,GBU,OPT,GBUZ6 P15600,2026-12-04,P,1.56,0.204300000,3,
2026-09-03,GBU,OPT,GBUZ6 P15700,2026-12-04,P,1.57,0.214200000,3,
2026-09-03,GBU,OPT,GBUZ6 P15800,2026-12-04,P,1.58,0.224100000,3,
2026-09-03,GBU,OPT,GBUF7 C11200,2027-01-08,C,1.12,0.230700000,3,
2026-09-03,GBU,OPT,GBUF7 C11300,2027-01-08,C,1.13,0.220900000,3,
2026-09-03,GBU,OPT,GBUF7 C11400,2027-01-08,C,1.14,0.211100000,3,
2026-09-03,GBU,OPT,GBUF7 C11500,2027-01-08,C,1.15,0.201200000,3,
2026-09-03,GBU,OPT,GBUF7 C11600,2027-01-08,C,1.16,0.191400000,3,
2026-09-03,GBU,OPT,GBUF7 C11700,2027-01-08,C,1.17,0.181600000,3,
2026-09-03,GBU,OPT,GBUF7 C11800,2027-01-08,C,1.18,0.171800000,3,
2026-09-03,GBU,OPT,GBUF7 C11900,2027-01-08,C,1.19,0.162000000,3,
2026-09-03,GBU,OPT,GBUF7 C12000,2027-01-08,C,1.2,0.152200000,3,
2026-09-03,GBU,OPT,GBUF7 C12100,2027-01-08,C,1.21,0.142500000,3,
2026-09-03,GBU,OPT,GBUF7 C12200,2027-01-08,C,1.22,0.132700000,3,
2026-09-03,GBU,OPT,GBUF7 C12300,2027-01-08,C,1.23,0.123000000,3,
2026-09-03,GBU,OPT,GBUF7 C12400,2027-01-08,C,1.24,0.113400000,3,
2026-09-03,GBU,OPT,GBUF7 C12500,2027-01-08,C,1.25,0.103800000,3,
2026-09-03,GBU,OPT,GBUF7 C12600,2027-01-08,C,1.26,0.094300000,3,
2026-09-03,GBU,OPT,GBUF7 C12650,2027-01-08,C,1.265,0.089600000,3,
2026-09-03,GBU,OPT,GBUF7 C12700,2027-01-08,C,1.27,0.085000000,3,
2026-09-03,GBU,OPT,GBUF7 C12750,2027-01-08,C,1.275,0.080300000,3,
2026-09-03,GBU,OPT,GBUF7 C12800,2027-01-08,C,1.28,0.075800000,3,
2026-09-03,GBU,OPT,GBUF7 C12850,2027-01-08,C,1.285,0.071300000,3,
2026-09-03,GBU,OPT,GBUF7 C12900,2027-01-08,C,1.29,0.066800000,3,
2026-09-03,GBU,OPT,GBUF7 C12950,2027-01-08,C,1.295,0.062500000,3,
2026-09-03,GBU,OPT,GBUF7 C13000,2027-01-08,C,1.3,0.058200000,3,
2026-09-03,GBU,OPT,GBUF7 C13050,2027-01-08,C,1.305,0.054000000,3,
2026-09-03,GBU,OPT,GBUF7 C13100,2027-01-08,C,1.31,0.049900000,3,
2026-09-03,GBU,OPT,GBUF7 C13150,2027-01-08,C,1.315,0.046000000,3,
2026-09-03,GBU,OPT,GBUF7 C13200,2027-01-08,C,1.32,0.042100000,3,13
2026-09-03,GBU,OPT,GBUF7 C13250,2027-01-08,C,1.325,0.038300000,3,42
2026-09-03,GBU,OPT,GBUF7 C13300,2027-01-08,C,1.33,0.034700000,3,17
2026-09-03,GBU,OPT,GBUF7 C13350,2027-01-08,C,1.335,0.031300000,3,
2026-09-03,GBU,OPT,GBUF7 C13400,2027-01-08,C,1.34,0.028000000,3,12
2026-09-03,GBU,OPT,GBUF7 C13450,2027-01-08,C,1.345,0.024900000,3,800
2026-09-03,GBU,OPT,GBUF7 C13500,2027-01-08,C,1.35,0.022000000,3,45
2026-09-03,GBU,OPT,GBUF7 C13550,2027-01-08,C,1.355,0.019400000,3,
2026-09-03,GBU,OPT,GBUF7 C13600,2027-01-08,C,1.36,0.016900000,3,400
2026-09-03,GBU,OPT,GBUF7 C13650,2027-01-08,C,1.365,0.014700000,3,
2026-09-03,GBU,OPT,GBUF7 C13700,2027-01-08,C,1.37,0.012700000,3,1
2026-09-03,GBU,OPT,GBUF7 C13750,2027-01-08,C,1.375,0.010900000,3,
2026-09-03,GBU,OPT,GBUF7 C13800,2027-01-08,C,1.38,0.009300000,3,3
2026-09-03,GBU,OPT,GBUF7 C13850,2027-01-08,C,1.385,0.008000000,3,
2026-09-03,GBU,OPT,GBUF7 C13900,2027-01-08,C,1.39,0.006800000,3,2
2026-09-03,GBU,OPT,GBUF7 C13950,2027-01-08,C,1.395,0.005800000,3,1
2026-09-03,GBU,OPT,GBUF7 C14000,2027-01-08,C,1.4,0.004900000,3,2
2026-09-03,GBU,OPT,GBUF7 C14050,2027-01-08,C,1.405,0.004200000,3,
2026-09-03,GBU,OPT,GBUF7 C14100,2027-01-08,C,1.41,0.003500000,3,
2026-09-03,GBU,OPT,GBUF7 C14150,2027-01-08,C,1.415,0.003000000,3,
2026-09-03,GBU,OPT,GBUF7 C14200,2027-01-08,C,1.42,0.002500000,3,5
2026-09-03,GBU,OPT,GBUF7 C14250,2027-01-08,C,1.425,0.002100000,3,
2026-09-03,GBU,OPT,GBUF7 C14300,2027-01-08,C,1.43,0.001800000,3,
2026-09-03,GBU,OPT,GBUF7 C14400,2027-01-08,C,1.44,0.001300000,3,1
2026-09-03,GBU,OPT,GBUF7 C14500,2027-01-08,C,1.45,0.000900000,3,16
2026-09-03,GBU,OPT,GBUF7 C14600,2027-01-08,C,1.46,0.000700000,3,
2026-09-03,GBU,OPT,GBUF7 C14700,2027-01-08,C,1.47,0.000500000,3,2
2026-09-03,GBU,OPT,GBUF7 C14800,2027-01-08,C,1.48,0.000400000,3,1
2026-09-03,GBU,OPT,GBUF7 C14900,2027-01-08,C,1.49,0.000300000,3,
2026-09-03,GBU,OPT,GBUF7 C15000,2027-01-08,C,1.5,0.000200000,3,
2026-09-03,GBU,OPT,GBUF7 C15100,2027-01-08,C,1.51,0.000200000,3,1
2026-09-03,GBU,OPT,GBUF7 C15200,2027-01-08,C,1.52,0.000100000,3,1
2026-09-03,GBU,OPT,GBUF7 C15300,2027-01-08,C,1.53,0.000100000,3,
2026-09-03,GBU,OPT,GBUF7 C15400,2027-01-08,C,1.54,0.000100000,3,3
2026-09-03,GBU,OPT,GBUF7 C15500,2027-01-08,C,1.55,0.000100000,3,
2026-09-03,GBU,OPT,GBUF7 C15600,2027-01-08,C,1.56,0.000100000,3,
2026-09-03,GBU,OPT,GBUF7 C15700,2027-01-08,C,1.57,0.000100000,3,
2026-09-03,GBU,OPT,GBUF7 C15800,2027-01-08,C,1.58,0.000100000,3,
2026-09-03,GBU,OPT,GBUF7 P11200,2027-01-08,P,1.12,0.000200000,3,10
2026-09-03,GBU,OPT,GBUF7 P11300,2027-01-08,P,1.13,0.000200000,3,
2026-09-03,GBU,OPT,GBUF7 P11400,2027-01-08,P,1.14,0.000200000,3,
2026-09-03,GBU,OPT,GBUF7 P11500,2027-01-08,P,1.15,0.000200000,3,
2026-09-03,GBU,OPT,GBUF7 P11600,2027-01-08,P,1.16,0.000300000,3,
2026-09-03,GBU,OPT,GBUF7 P11700,2027-01-08,P,1.17,0.000300000,3,
2026-09-03,GBU,OPT,GBUF7 P11800,2027-01-08,P,1.18,0.000400000,3,
2026-09-03,GBU,OPT,GBUF7 P11900,2027-01-08,P,1.19,0.000500000,3,
2026-09-03,GBU,OPT,GBUF7 P12000,2027-01-08,P,1.2,0.000600000,3,
2026-09-03,GBU,OPT,GBUF7 P12100,2027-01-08,P,1.21,0.000700000,3,16
2026-09-03,GBU,OPT,GBUF7 P12200,2027-01-08,P,1.22,0.000800000,3,19
2026-09-03,GBU,OPT,GBUF7 P12300,2027-01-08,P,1.23,0.001000000,3,19
2026-09-03,GBU,OPT,GBUF7 P12400,2027-01-08,P,1.24,0.001200000,3,20
2026-09-03,GBU,OPT,GBUF7 P12500,2027-01-08,P,1.25,0.001500000,3,16
2026-09-03,GBU,OPT,GBUF7 P12600,2027-01-08,P,1.26,0.001900000,3,18
2026-09-03,GBU,OPT,GBUF7 P12650,2027-01-08,P,1.265,0.002100000,3,16
2026-09-03,GBU,OPT,GBUF7 P12700,2027-01-08,P,1.27,0.002400000,3,16
2026-09-03,GBU,OPT,GBUF7 P12750,2027-01-08,P,1.275,0.002700000,3,
2026-09-03,GBU,OPT,GBUF7 P12800,2027-01-08,P,1.28,0.003100000,3,1
2026-09-03,GBU,OPT,GBUF7 P12850,2027-01-08,P,1.285,0.003500000,3,
2026-09-03,GBU,OPT,GBUF7 P12900,2027-01-08,P,1.29,0.004000000,3,
2026-09-03,GBU,OPT,GBUF7 P12950,2027-01-08,P,1.295,0.004600000,3,
2026-09-03,GBU,OPT,GBUF7 P13000,2027-01-08,P,1.3,0.005200000,3,2
2026-09-03,GBU,OPT,GBUF7 P13050,2027-01-08,P,1.305,0.006000000,3,2
2026-09-03,GBU,OPT,GBUF7 P13100,2027-01-08,P,1.31,0.006800000,3,3
2026-09-03,GBU,OPT,GBUF7 P13150,2027-01-08,P,1.315,0.007800000,3,
2026-09-03,GBU,OPT,GBUF7 P13200,2027-01-08,P,1.32,0.008800000,3,
2026-09-03,GBU,OPT,GBUF7 P13250,2027-01-08,P,1.325,0.010000000,3,560
2026-09-03,GBU,OPT,GBUF7 P13300,2027-01-08,P,1.33,0.011400000,3,5
2026-09-03,GBU,OPT,GBUF7 P13350,2027-01-08,P,1.335,0.012800000,3,2
2026-09-03,GBU,OPT,GBUF7 P13400,2027-01-08,P,1.34,0.014500000,3,644
2026-09-03,GBU,OPT,GBUF7 P13450,2027-01-08,P,1.345,0.016300000,3,67
2026-09-03,GBU,OPT,GBUF7 P13500,2027-01-08,P,1.35,0.018400000,3,2
2026-09-03,GBU,OPT,GBUF7 P13550,2027-01-08,P,1.355,0.020600000,3,240
2026-09-03,GBU,OPT,GBUF7 P13600,2027-01-08,P,1.36,0.023100000,3,
2026-09-03,GBU,OPT,GBUF7 P13650,2027-01-08,P,1.365,0.025800000,3,
2026-09-03,GBU,OPT,GBUF7 P13700,2027-01-08,P,1.37,0.028800000,3,2
2026-09-03,GBU,OPT,GBUF7 P13750,2027-01-08,P,1.375,0.031900000,3,
2026-09-03,GBU,OPT,GBUF7 P13800,2027-01-08,P,1.38,0.035300000,3,1
2026-09-03,GBU,OPT,GBUF7 P13850,2027-01-08,P,1.385,0.038900000,3,
2026-09-03,GBU,OPT,GBUF7 P13900,2027-01-08,P,1.39,0.042600000,3,
2026-09-03,GBU,OPT,GBUF7 P13950,2027-01-08,P,1.395,0.046500000,3,
2026-09-03,GBU,OPT,GBUF7 P14000,2027-01-08,P,1.4,0.050600000,3,
2026-09-03,GBU,OPT,GBUF7 P14050,2027-01-08,P,1.405,0.054800000,3,
2026-09-03,GBU,OPT,GBUF7 P14100,2027-01-08,P,1.41,0.059100000,3,
2026-09-03,GBU,OPT,GBUF7 P14150,2027-01-08,P,1.415,0.063500000,3,
2026-09-03,GBU,OPT,GBUF7 P14200,2027-01-08,P,1.42,0.068000000,3,
2026-09-03,GBU,OPT,GBUF7 P14250,2027-01-08,P,1.425,0.072500000,3,
2026-09-03,GBU,OPT,GBUF7 P14300,2027-01-08,P,1.43,0.077100000,3,
2026-09-03,GBU,OPT,GBUF7 P14400,2027-01-08,P,1.44,0.086400000,3,
2026-09-03,GBU,OPT,GBUF7 P14500,2027-01-08,P,1.45,0.096000000,3,
2026-09-03,GBU,OPT,GBUF7 P14600,2027-01-08,P,1.46,0.105600000,3,
2026-09-03,GBU,OPT,GBUF7 P14700,2027-01-08,P,1.47,0.115300000,3,
2026-09-03,GBU,OPT,GBUF7 P14800,2027-01-08,P,1.48,0.125000000,3,
2026-09-03,GBU,OPT,GBUF7 P14900,2027-01-08,P,1.49,0.134800000,3,
2026-09-03,GBU,OPT,GBUF7 P15000,2027-01-08,P,1.5,0.144600000,3,
2026-09-03,GBU,OPT,GBUF7 P15100,2027-01-08,P,1.51,0.154400000,3,
2026-09-03,GBU,OPT,GBUF7 P15200,2027-01-08,P,1.52,0.164200000,3,
2026-09-03,GBU,OPT,GBUF7 P15300,2027-01-08,P,1.53,0.174000000,3,
2026-09-03,GBU,OPT,GBUF7 P15400,2027-01-08,P,1.54,0.183800000,3,
2026-09-03,GBU,OPT,GBUF7 P15500,2027-01-08,P,1.55,0.193700000,3,
2026-09-03,GBU,OPT,GBUF7 P15600,2027-01-08,P,1.56,0.203600000,3,
2026-09-03,GBU,OPT,GBUF7 P15700,2027-01-08,P,1.57,0.213400000,3,
2026-09-03,GBU,OPT,GBUF7 P15800,2027-01-08,P,1.58,0.223300000,3,
2026-09-03,GBU,OPT,GBUG7 C11200,2027-02-05,C,1.12,0.230100000,3,
2026-09-03,GBU,OPT,GBUG7 C11300,2027-02-05,C,1.13,0.220300000,3,
2026-09-03,GBU,OPT,GBUG7 C11400,2027-02-05,C,1.14,0.210600000,3,
2026-09-03,GBU,OPT,GBUG7 C11500,2027-02-05,C,1.15,0.200800000,3,
2026-09-03,GBU,OPT,GBUG7 C11600,2027-02-05,C,1.16,0.191100000,3,
2026-09-03,GBU,OPT,GBUG7 C11700,2027-02-05,C,1.17,0.181300000,3,
2026-09-03,GBU,OPT,GBUG7 C11800,2027-02-05,C,1.18,0.171600000,3,
2026-09-03,GBU,OPT,GBUG7 C11900,2027-02-05,C,1.19,0.161900000,3,
2026-09-03,GBU,OPT,GBUG7 C12000,2027-02-05,C,1.2,0.152200000,3,
2026-09-03,GBU,OPT,GBUG7 C12100,2027-02-05,C,1.21,0.142500000,3,
2026-09-03,GBU,OPT,GBUG7 C12200,2027-02-05,C,1.22,0.132800000,3,
2026-09-03,GBU,OPT,GBUG7 C12300,2027-02-05,C,1.23,0.123200000,3,
2026-09-03,GBU,OPT,GBUG7 C12400,2027-02-05,C,1.24,0.113700000,3,
2026-09-03,GBU,OPT,GBUG7 C12500,2027-02-05,C,1.25,0.104300000,3,1
2026-09-03,GBU,OPT,GBUG7 C12600,2027-02-05,C,1.26,0.095000000,3,
2026-09-03,GBU,OPT,GBUG7 C12650,2027-02-05,C,1.265,0.090500000,3,
2026-09-03,GBU,OPT,GBUG7 C12700,2027-02-05,C,1.27,0.085900000,3,
2026-09-03,GBU,OPT,GBUG7 C12750,2027-02-05,C,1.275,0.081500000,3,
2026-09-03,GBU,OPT,GBUG7 C12800,2027-02-05,C,1.28,0.077000000,3,
2026-09-03,GBU,OPT,GBUG7 C12850,2027-02-05,C,1.285,0.072700000,3,
2026-09-03,GBU,OPT,GBUG7 C12900,2027-02-05,C,1.29,0.068400000,3,
2026-09-03,GBU,OPT,GBUG7 C12950,2027-02-05,C,1.295,0.064100000,3,
2026-09-03,GBU,OPT,GBUG7 C13000,2027-02-05,C,1.3,0.060000000,3,
2026-09-03,GBU,OPT,GBUG7 C13050,2027-02-05,C,1.305,0.055900000,3,
2026-09-03,GBU,OPT,GBUG7 C13100,2027-02-05,C,1.31,0.051900000,3,
2026-09-03,GBU,OPT,GBUG7 C13150,2027-02-05,C,1.315,0.048000000,3,
2026-09-03,GBU,OPT,GBUG7 C13200,2027-02-05,C,1.32,0.044200000,3,2
2026-09-03,GBU,OPT,GBUG7 C13250,2027-02-05,C,1.325,0.040600000,3,
2026-09-03,GBU,OPT,GBUG7 C13300,2027-02-05,C,1.33,0.037100000,3,4
2026-09-03,GBU,OPT,GBUG7 C13350,2027-02-05,C,1.335,0.033700000,3,
2026-09-03,GBU,OPT,GBUG7 C13400,2027-02-05,C,1.34,0.030500000,3,
2026-09-03,GBU,OPT,GBUG7 C13450,2027-02-05,C,1.345,0.027500000,3,4
2026-09-03,GBU,OPT,GBUG7 C13500,2027-02-05,C,1.35,0.024700000,3,
2026-09-03,GBU,OPT,GBUG7 C13550,2027-02-05,C,1.355,0.022100000,3,
2026-09-03,GBU,OPT,GBUG7 C13600,2027-02-05,C,1.36,0.019600000,3,
2026-09-03,GBU,OPT,GBUG7 C13650,2027-02-05,C,1.365,0.017300000,3,247
2026-09-03,GBU,OPT,GBUG7 C13700,2027-02-05,C,1.37,0.015300000,3,1
2026-09-03,GBU,OPT,GBUG7 C13750,2027-02-05,C,1.375,0.013400000,3,
2026-09-03,GBU,OPT,GBUG7 C13800,2027-02-05,C,1.38,0.011700000,3,803
2026-09-03,GBU,OPT,GBUG7 C13850,2027-02-05,C,1.385,0.010200000,3,1
2026-09-03,GBU,OPT,GBUG7 C13900,2027-02-05,C,1.39,0.008900000,3,
2026-09-03,GBU,OPT,GBUG7 C13950,2027-02-05,C,1.395,0.007700000,3,
2026-09-03,GBU,OPT,GBUG7 C14000,2027-02-05,C,1.4,0.006700000,3,5
2026-09-03,GBU,OPT,GBUG7 C14050,2027-02-05,C,1.405,0.005800000,3,
2026-09-03,GBU,OPT,GBUG7 C14100,2027-02-05,C,1.41,0.005000000,3,
2026-09-03,GBU,OPT,GBUG7 C14150,2027-02-05,C,1.415,0.004300000,3,1
2026-09-03,GBU,OPT,GBUG7 C14200,2027-02-05,C,1.42,0.003700000,3,45
2026-09-03,GBU,OPT,GBUG7 C14300,2027-02-05,C,1.43,0.002800000,3,2
2026-09-03,GBU,OPT,GBUG7 C14400,2027-02-05,C,1.44,0.002000000,3,46
2026-09-03,GBU,OPT,GBUG7 C14500,2027-02-05,C,1.45,0.001500000,3,
2026-09-03,GBU,OPT,GBUG7 C14600,2027-02-05,C,1.46,0.001100000,3,
2026-09-03,GBU,OPT,GBUG7 C14700,2027-02-05,C,1.47,0.000900000,3,17
2026-09-03,GBU,OPT,GBUG7 C14800,2027-02-05,C,1.48,0.000600000,3,
2026-09-03,GBU,OPT,GBUG7 C14900,2027-02-05,C,1.49,0.000500000,3,
2026-09-03,GBU,OPT,GBUG7 C15000,2027-02-05,C,1.5,0.000300000,3,
2026-09-03,GBU,OPT,GBUG7 C15100,2027-02-05,C,1.51,0.000300000,3,
2026-09-03,GBU,OPT,GBUG7 C15200,2027-02-05,C,1.52,0.000200000,3,
2026-09-03,GBU,OPT,GBUG7 C15300,2027-02-05,C,1.53,0.000200000,3,
2026-09-03,GBU,OPT,GBUG7 C15400,2027-02-05,C,1.54,0.000100000,3,
2026-09-03,GBU,OPT,GBUG7 C15500,2027-02-05,C,1.55,0.000100000,3,
2026-09-03,GBU,OPT,GBUG7 C15600,2027-02-05,C,1.56,0.000100000,3,
2026-09-03,GBU,OPT,GBUG7 C15700,2027-02-05,C,1.57,0.000100000,3,
2026-09-03,GBU,OPT,GBUG7 P11200,2027-02-05,P,1.12,0.000300000,3,
2026-09-03,GBU,OPT,GBUG7 P11300,2027-02-05,P,1.13,0.000300000,3,
2026-09-03,GBU,OPT,GBUG7 P11400,2027-02-05,P,1.14,0.000400000,3,
2026-09-03,GBU,OPT,GBUG7 P11500,2027-02-05,P,1.15,0.000500000,3,
2026-09-03,GBU,OPT,GBUG7 P11600,2027-02-05,P,1.16,0.000600000,3,
2026-09-03,GBU,OPT,GBUG7 P11700,2027-02-05,P,1.17,0.000700000,3,1
2026-09-03,GBU,OPT,GBUG7 P11800,2027-02-05,P,1.18,0.000800000,3,
2026-09-03,GBU,OPT,GBUG7 P11900,2027-02-05,P,1.19,0.000900000,3,
2026-09-03,GBU,OPT,GBUG7 P12000,2027-02-05,P,1.2,0.001000000,3,16
2026-09-03,GBU,OPT,GBUG7 P12100,2027-02-05,P,1.21,0.001100000,3,17
2026-09-03,GBU,OPT,GBUG7 P12200,2027-02-05,P,1.22,0.001300000,3,17
2026-09-03,GBU,OPT,GBUG7 P12300,2027-02-05,P,1.23,0.001600000,3,17
2026-09-03,GBU,OPT,GBUG7 P12400,2027-02-05,P,1.24,0.001900000,3,16
2026-09-03,GBU,OPT,GBUG7 P12500,2027-02-05,P,1.25,0.002300000,3,17
2026-09-03,GBU,OPT,GBUG7 P12600,2027-02-05,P,1.26,0.002900000,3,16
2026-09-03,GBU,OPT,GBUG7 P12650,2027-02-05,P,1.265,0.003200000,3,16
2026-09-03,GBU,OPT,GBUG7 P12700,2027-02-05,P,1.27,0.003600000,3,16
2026-09-03,GBU,OPT,GBUG7 P12750,2027-02-05,P,1.275,0.004000000,3,1
2026-09-03,GBU,OPT,GBUG7 P12800,2027-02-05,P,1.28,0.004500000,3,320
2026-09-03,GBU,OPT,GBUG7 P12850,2027-02-05,P,1.285,0.005100000,3,1
2026-09-03,GBU,OPT,GBUG7 P12900,2027-02-05,P,1.29,0.005700000,3,
2026-09-03,GBU,OPT,GBUG7 P12950,2027-02-05,P,1.295,0.006400000,3,100
2026-09-03,GBU,OPT,GBUG7 P13000,2027-02-05,P,1.3,0.007100000,3,2
2026-09-03,GBU,OPT,GBUG7 P13050,2027-02-05,P,1.305,0.008000000,3,
2026-09-03,GBU,OPT,GBUG7 P13100,2027-02-05,P,1.31,0.008900000,3,
2026-09-03,GBU,OPT,GBUG7 P13150,2027-02-05,P,1.315,0.009900000,3,
2026-09-03,GBU,OPT,GBUG7 P13200,2027-02-05,P,1.32,0.011100000,3,5
2026-09-03,GBU,OPT,GBUG7 P13250,2027-02-05,P,1.325,0.012400000,3,40
2026-09-03,GBU,OPT,GBUG7 P13300,2027-02-05,P,1.33,0.013800000,3,21
2026-09-03,GBU,OPT,GBUG7 P13350,2027-02-05,P,1.335,0.015300000,3,5
2026-09-03,GBU,OPT,GBUG7 P13400,2027-02-05,P,1.34,0.017100000,3,202
2026-09-03,GBU,OPT,GBUG7 P13450,2027-02-05,P,1.345,0.019000000,3,201
2026-09-03,GBU,OPT,GBUG7 P13500,2027-02-05,P,1.35,0.021100000,3,
2026-09-03,GBU,OPT,GBUG7 P13550,2027-02-05,P,1.355,0.023300000,3,
2026-09-03,GBU,OPT,GBUG7 P13600,2027-02-05,P,1.36,0.025800000,3,
2026-09-03,GBU,OPT,GBUG7 P13650,2027-02-05,P,1.365,0.028500000,3,
2026-09-03,GBU,OPT,GBUG7 P13700,2027-02-05,P,1.37,0.031300000,3,
2026-09-03,GBU,OPT,GBUG7 P13750,2027-02-05,P,1.375,0.034400000,3,
2026-09-03,GBU,OPT,GBUG7 P13800,2027-02-05,P,1.38,0.037600000,3,
2026-09-03,GBU,OPT,GBUG7 P13850,2027-02-05,P,1.385,0.041000000,3,
2026-09-03,GBU,OPT,GBUG7 P13900,2027-02-05,P,1.39,0.044600000,3,
2026-09-03,GBU,OPT,GBUG7 P13950,2027-02-05,P,1.395,0.048300000,3,
2026-09-03,GBU,OPT,GBUG7 P14000,2027-02-05,P,1.4,0.052200000,3,
2026-09-03,GBU,OPT,GBUG7 P14050,2027-02-05,P,1.405,0.056200000,3,
2026-09-03,GBU,OPT,GBUG7 P14100,2027-02-05,P,1.41,0.060400000,3,
2026-09-03,GBU,OPT,GBUG7 P14150,2027-02-05,P,1.415,0.064600000,3,
2026-09-03,GBU,OPT,GBUG7 P14200,2027-02-05,P,1.42,0.068900000,3,
2026-09-03,GBU,OPT,GBUG7 P14300,2027-02-05,P,1.43,0.077800000,3,
2026-09-03,GBU,OPT,GBUG7 P14400,2027-02-05,P,1.44,0.086900000,3,1
2026-09-03,GBU,OPT,GBUG7 P14500,2027-02-05,P,1.45,0.096200000,3,
2026-09-03,GBU,OPT,GBUG7 P14600,2027-02-05,P,1.46,0.105700000,3,
2026-09-03,GBU,OPT,GBUG7 P14700,2027-02-05,P,1.47,0.115200000,3,
2026-09-03,GBU,OPT,GBUG7 P14800,2027-02-05,P,1.48,0.124900000,3,
2026-09-03,GBU,OPT,GBUG7 P14900,2027-02-05,P,1.49,0.134500000,3,
2026-09-03,GBU,OPT,GBUG7 P15000,2027-02-05,P,1.5,0.144200000,3,
2026-09-03,GBU,OPT,GBUG7 P15100,2027-02-05,P,1.51,0.154000000,3,
2026-09-03,GBU,OPT,GBUG7 P15200,2027-02-05,P,1.52,0.163800000,3,
2026-09-03,GBU,OPT,GBUG7 P15300,2027-02-05,P,1.53,0.173600000,3,
2026-09-03,GBU,OPT,GBUG7 P15400,2027-02-05,P,1.54,0.183400000,3,
2026-09-03,GBU,OPT,GBUG7 P15500,2027-02-05,P,1.55,0.193200000,3,
2026-09-03,GBU,OPT,GBUG7 P15600,2027-02-05,P,1.56,0.203000000,3,
2026-09-03,GBU,OPT,GBUG7 P15700,2027-02-05,P,1.57,0.212800000,3,
2026-09-03,GBU,OPT,GBUH7 C10700,2027-03-05,C,1.07,0.278400000,3,
2026-09-03,GBU,OPT,GBUH7 C10800,2027-03-05,C,1.08,0.268600000,3,
2026-09-03,GBU,OPT,GBUH7 C10900,2027-03-05,C,1.09,0.258900000,3,
2026-09-03,GBU,OPT,GBUH7 C11000,2027-03-05,C,1.1,0.249100000,3,
2026-09-03,GBU,OPT,GBUH7 C11100,2027-03-05,C,1.11,0.239400000,3,
2026-09-03,GBU,OPT,GBUH7 C11200,2027-03-05,C,1.12,0.229600000,3,
2026-09-03,GBU,OPT,GBUH7 C11300,2027-03-05,C,1.13,0.219900000,3,
2026-09-03,GBU,OPT,GBUH7 C11400,2027-03-05,C,1.14,0.210100000,3,
2026-09-03,GBU,OPT,GBUH7 C11500,2027-03-05,C,1.15,0.200400000,3,
2026-09-03,GBU,OPT,GBUH7 C11600,2027-03-05,C,1.16,0.190700000,3,
2026-09-03,GBU,OPT,GBUH7 C11700,2027-03-05,C,1.17,0.181000000,3,
2026-09-03,GBU,OPT,GBUH7 C11800,2027-03-05,C,1.18,0.171300000,3,
2026-09-03,GBU,OPT,GBUH7 C11900,2027-03-05,C,1.19,0.161700000,3,
2026-09-03,GBU,OPT,GBUH7 C12000,2027-03-05,C,1.2,0.152100000,3,
2026-09-03,GBU,OPT,GBUH7 C12100,2027-03-05,C,1.21,0.142500000,3,
2026-09-03,GBU,OPT,GBUH7 C12200,2027-03-05,C,1.22,0.132900000,3,
2026-09-03,GBU,OPT,GBUH7 C12250,2027-03-05,C,1.225,0.128200000,3,
2026-09-03,GBU,OPT,GBUH7 C12300,2027-03-05,C,1.23,0.123500000,3,
2026-09-03,GBU,OPT,GBUH7 C12350,2027-03-05,C,1.235,0.118800000,3,
2026-09-03,GBU,OPT,GBUH7 C12400,2027-03-05,C,1.24,0.114100000,3,
2026-09-03,GBU,OPT,GBUH7 C12450,2027-03-05,C,1.245,0.109500000,3,
2026-09-03,GBU,OPT,GBUH7 C12500,2027-03-05,C,1.25,0.104900000,3,
2026-09-03,GBU,OPT,GBUH7 C12550,2027-03-05,C,1.255,0.100300000,3,
2026-09-03,GBU,OPT,GBUH7 C12600,2027-03-05,C,1.26,0.095800000,3,
2026-09-03,GBU,OPT,GBUH7 C12650,2027-03-05,C,1.265,0.091300000,3,
2026-09-03,GBU,OPT,GBUH7 C12700,2027-03-05,C,1.27,0.086900000,3,
2026-09-03,GBU,OPT,GBUH7 C12750,2027-03-05,C,1.275,0.082500000,3,
2026-09-03,GBU,OPT,GBUH7 C12800,2027-03-05,C,1.28,0.078100000,3,
2026-09-03,GBU,OPT,GBUH7 C12850,2027-03-05,C,1.285,0.073900000,3,
2026-09-03,GBU,OPT,GBUH7 C12900,2027-03-05,C,1.29,0.069700000,3,
2026-09-03,GBU,OPT,GBUH7 C12950,2027-03-05,C,1.295,0.065500000,3,
2026-09-03,GBU,OPT,GBUH7 C13000,2027-03-05,C,1.3,0.061500000,3,
2026-09-03,GBU,OPT,GBUH7 C13050,2027-03-05,C,1.305,0.057500000,3,
2026-09-03,GBU,OPT,GBUH7 C13100,2027-03-05,C,1.31,0.053600000,3,
2026-09-03,GBU,OPT,GBUH7 C13150,2027-03-05,C,1.315,0.049800000,3,
2026-09-03,GBU,OPT,GBUH7 C13200,2027-03-05,C,1.32,0.046200000,3,
2026-09-03,GBU,OPT,GBUH7 C13250,2027-03-05,C,1.325,0.042600000,3,
2026-09-03,GBU,OPT,GBUH7 C13300,2027-03-05,C,1.33,0.039200000,3,12
2026-09-03,GBU,OPT,GBUH7 C13350,2027-03-05,C,1.335,0.035900000,3,
2026-09-03,GBU,OPT,GBUH7 C13400,2027-03-05,C,1.34,0.032800000,3,1
2026-09-03,GBU,OPT,GBUH7 C13450,2027-03-05,C,1.345,0.029800000,3,
2026-09-03,GBU,OPT,GBUH7 C13500,2027-03-05,C,1.35,0.027000000,3,3
2026-09-03,GBU,OPT,GBUH7 C13550,2027-03-05,C,1.355,0.024400000,3,
2026-09-03,GBU,OPT,GBUH7 C13600,2027-03-05,C,1.36,0.021900000,3,1
2026-09-03,GBU,OPT,GBUH7 C13650,2027-03-05,C,1.365,0.019600000,3,32
2026-09-03,GBU,OPT,GBUH7 C13700,2027-03-05,C,1.37,0.017500000,3,2
2026-09-03,GBU,OPT,GBUH7 C13750,2027-03-05,C,1.375,0.015600000,3,4
2026-09-03,GBU,OPT,GBUH7 C13800,2027-03-05,C,1.38,0.013800000,3,2
2026-09-03,GBU,OPT,GBUH7 C13850,2027-03-05,C,1.385,0.012200000,3,
2026-09-03,GBU,OPT,GBUH7 C13900,2027-03-05,C,1.39,0.010800000,3,2
2026-09-03,GBU,OPT,GBUH7 C13950,2027-03-05,C,1.395,0.009500000,3,
2026-09-03,GBU,OPT,GBUH7 C14000,2027-03-05,C,1.4,0.008400000,3,2
2026-09-03,GBU,OPT,GBUH7 C14050,2027-03-05,C,1.405,0.007400000,3,1
2026-09-03,GBU,OPT,GBUH7 C14100,2027-03-05,C,1.41,0.006500000,3,800
2026-09-03,GBU,OPT,GBUH7 C14150,2027-03-05,C,1.415,0.005700000,3,
2026-09-03,GBU,OPT,GBUH7 C14200,2027-03-05,C,1.42,0.005000000,3,1
2026-09-03,GBU,OPT,GBUH7 C14250,2027-03-05,C,1.425,0.004400000,3,
2026-09-03,GBU,OPT,GBUH7 C14300,2027-03-05,C,1.43,0.003800000,3,2
2026-09-03,GBU,OPT,GBUH7 C14400,2027-03-05,C,1.44,0.002900000,3,
2026-09-03,GBU,OPT,GBUH7 C14500,2027-03-05,C,1.45,0.002300000,3,
2026-09-03,GBU,OPT,GBUH7 C14600,2027-03-05,C,1.46,0.001700000,3,
2026-09-03,GBU,OPT,GBUH7 C14700,2027-03-05,C,1.47,0.001400000,3,
2026-09-03,GBU,OPT,GBUH7 C14800,2027-03-05,C,1.48,0.001100000,3,2
2026-09-03,GBU,OPT,GBUH7 C14900,2027-03-05,C,1.49,0.000900000,3,
2026-09-03,GBU,OPT,GBUH7 C15000,2027-03-05,C,1.5,0.000700000,3,1
2026-09-03,GBU,OPT,GBUH7 C15100,2027-03-05,C,1.51,0.000600000,3,
2026-09-03,GBU,OPT,GBUH7 C15200,2027-03-05,C,1.52,0.000500000,3,
2026-09-03,GBU,OPT,GBUH7 C15300,2027-03-05,C,1.53,0.000400000,3,
2026-09-03,GBU,OPT,GBUH7 C15400,2027-03-05,C,1.54,0.000300000,3,
2026-09-03,GBU,OPT,GBUH7 C15500,2027-03-05,C,1.55,0.000300000,3,
2026-09-03,GBU,OPT,GBUH7 C15600,2027-03-05,C,1.56,0.000200000,3,
2026-09-03,GBU,OPT,GBUH7 C15700,2027-03-05,C,1.57,0.000200000,3,
2026-09-03,GBU,OPT,GBUH7 C15800,2027-03-05,C,1.58,0.000200000,3,
2026-09-03,GBU,OPT,GBUH7 P10700,2027-03-05,P,1.07,0.000300000,3,12
2026-09-03,GBU,OPT,GBUH7 P10800,2027-03-05,P,1.08,0.000300000,3,3
2026-09-03,GBU,OPT,GBUH7 P10900,2027-03-05,P,1.09,0.000300000,3,
2026-09-03,GBU,OPT,GBUH7 P11000,2027-03-05,P,1.1,0.000400000,3,1
2026-09-03,GBU,OPT,GBUH7 P11100,2027-03-05,P,1.11,0.000400000,3,
2026-09-03,GBU,OPT,GBUH7 P11200,2027-03-05,P,1.12,0.000500000,3,
2026-09-03,GBU,OPT,GBUH7 P11300,2027-03-05,P,1.13,0.000500000,3,
2026-09-03,GBU,OPT,GBUH7 P11400,2027-03-05,P,1.14,0.000600000,3,
2026-09-03,GBU,OPT,GBUH7 P11500,2027-03-05,P,1.15,0.000700000,3,1
2026-09-03,GBU,OPT,GBUH7 P11600,2027-03-05,P,1.16,0.000800000,3,
2026-09-03,GBU,OPT,GBUH7 P11700,2027-03-05,P,1.17,0.000900000,3,1
2026-09-03,GBU,OPT,GBUH7 P11800,2027-03-05,P,1.18,0.001000000,3,
2026-09-03,GBU,OPT,GBUH7 P11900,2027-03-05,P,1.19,0.001200000,3,
2026-09-03,GBU,OPT,GBUH7 P12000,2027-03-05,P,1.2,0.001400000,3,
2026-09-03,GBU,OPT,GBUH7 P12100,2027-03-05,P,1.21,0.001600000,3,4
2026-09-03,GBU,OPT,GBUH7 P12200,2027-03-05,P,1.22,0.001900000,3,
2026-09-03,GBU,OPT,GBUH7 P12250,2027-03-05,P,1.225,0.002000000,3,1
2026-09-03,GBU,OPT,GBUH7 P12300,2027-03-05,P,1.23,0.002200000,3,1
2026-09-03,GBU,OPT,GBUH7 P12350,2027-03-05,P,1.235,0.002400000,3,
2026-09-03,GBU,OPT,GBUH7 P12400,2027-03-05,P,1.24,0.002600000,3,
2026-09-03,GBU,OPT,GBUH7 P12450,2027-03-05,P,1.245,0.002900000,3,
2026-09-03,GBU,OPT,GBUH7 P12500,2027-03-05,P,1.25,0.003200000,3,
2026-09-03,GBU,OPT,GBUH7 P12550,2027-03-05,P,1.255,0.003500000,3,
2026-09-03,GBU,OPT,GBUH7 P12600,2027-03-05,P,1.26,0.003900000,3,2
2026-09-03,GBU,OPT,GBUH7 P12650,2027-03-05,P,1.265,0.004300000,3,
2026-09-03,GBU,OPT,GBUH7 P12700,2027-03-05,P,1.27,0.004800000,3,
2026-09-03,GBU,OPT,GBUH7 P12750,2027-03-05,P,1.275,0.005300000,3,
2026-09-03,GBU,OPT,GBUH7 P12800,2027-03-05,P,1.28,0.005900000,3,1
2026-09-03,GBU,OPT,GBUH7 P12850,2027-03-05,P,1.285,0.006500000,3,1
2026-09-03,GBU,OPT,GBUH7 P12900,2027-03-05,P,1.29,0.007200000,3,1
2026-09-03,GBU,OPT,GBUH7 P12950,2027-03-05,P,1.295,0.008000000,3,
2026-09-03,GBU,OPT,GBUH7 P13000,2027-03-05,P,1.3,0.008800000,3,4
2026-09-03,GBU,OPT,GBUH7 P13050,2027-03-05,P,1.305,0.009700000,3,4
2026-09-03,GBU,OPT,GBUH7 P13100,2027-03-05,P,1.31,0.010800000,3,
2026-09-03,GBU,OPT,GBUH7 P13150,2027-03-05,P,1.315,0.011900000,3,
2026-09-03,GBU,OPT,GBUH7 P13200,2027-03-05,P,1.32,0.013100000,3,
2026-09-03,GBU,OPT,GBUH7 P13250,2027-03-05,P,1.325,0.014500000,3,3
2026-09-03,GBU,OPT,GBUH7 P13300,2027-03-05,P,1.33,0.015900000,3,6
2026-09-03,GBU,OPT,GBUH7 P13350,2027-03-05,P,1.335,0.017600000,3,32
2026-09-03,GBU,OPT,GBUH7 P13400,2027-03-05,P,1.34,0.019300000,3,2
2026-09-03,GBU,OPT,GBUH7 P13450,2027-03-05,P,1.345,0.021300000,3,
2026-09-03,GBU,OPT,GBUH7 P13500,2027-03-05,P,1.35,0.023400000,3,4
2026-09-03,GBU,OPT,GBUH7 P13550,2027-03-05,P,1.355,0.025600000,3,
2026-09-03,GBU,OPT,GBUH7 P13600,2027-03-05,P,1.36,0.028100000,3,4
2026-09-03,GBU,OPT,GBUH7 P13650,2027-03-05,P,1.365,0.030700000,3,
2026-09-03,GBU,OPT,GBUH7 P13700,2027-03-05,P,1.37,0.033500000,3,
2026-09-03,GBU,OPT,GBUH7 P13750,2027-03-05,P,1.375,0.036500000,3,
2026-09-03,GBU,OPT,GBUH7 P13800,2027-03-05,P,1.38,0.039600000,3,
2026-09-03,GBU,OPT,GBUH7 P13850,2027-03-05,P,1.385,0.042900000,3,
2026-09-03,GBU,OPT,GBUH7 P13900,2027-03-05,P,1.39,0.046400000,3,
2026-09-03,GBU,OPT,GBUH7 P13950,2027-03-05,P,1.395,0.050000000,3,
2026-09-03,GBU,OPT,GBUH7 P14000,2027-03-05,P,1.4,0.053800000,3,
2026-09-03,GBU,OPT,GBUH7 P14050,2027-03-05,P,1.405,0.057700000,3,
2026-09-03,GBU,OPT,GBUH7 P14100,2027-03-05,P,1.41,0.061700000,3,
2026-09-03,GBU,OPT,GBUH7 P14150,2027-03-05,P,1.415,0.065800000,3,
2026-09-03,GBU,OPT,GBUH7 P14200,2027-03-05,P,1.42,0.070000000,3,
2026-09-03,GBU,OPT,GBUH7 P14250,2027-03-05,P,1.425,0.074300000,3,
2026-09-03,GBU,OPT,GBUH7 P14300,2027-03-05,P,1.43,0.078600000,3,
2026-09-03,GBU,OPT,GBUH7 P14400,2027-03-05,P,1.44,0.087600000,3,
2026-09-03,GBU,OPT,GBUH7 P14500,2027-03-05,P,1.45,0.096700000,3,
2026-09-03,GBU,OPT,GBUH7 P14600,2027-03-05,P,1.46,0.106000000,3,
2026-09-03,GBU,OPT,GBUH7 P14700,2027-03-05,P,1.47,0.115400000,3,
2026-09-03,GBU,OPT,GBUH7 P14800,2027-03-05,P,1.48,0.124900000,3,
2026-09-03,GBU,OPT,GBUH7 P14900,2027-03-05,P,1.49,0.134500000,3,
2026-09-03,GBU,OPT,GBUH7 P15000,2027-03-05,P,1.5,0.144100000,3,560
2026-09-03,GBU,OPT,GBUH7 P15100,2027-03-05,P,1.51,0.153800000,3,
2026-09-03,GBU,OPT,GBUH7 P15200,2027-03-05,P,1.52,0.163500000,3,
2026-09-03,GBU,OPT,GBUH7 P15300,2027-03-05,P,1.53,0.173300000,3,
2026-09-03,GBU,OPT,GBUH7 P15400,2027-03-05,P,1.54,0.183000000,3,
2026-09-03,GBU,OPT,GBUH7 P15500,2027-03-05,P,1.55,0.192700000,3,
2026-09-03,GBU,OPT,GBUH7 P15600,2027-03-05,P,1.56,0.202500000,3,
2026-09-03,GBU,OPT,GBUH7 P15700,2027-03-05,P,1.57,0.212300000,3,
2026-09-03,GBU,OPT,GBUH7 P15800,2027-03-05,P,1.58,0.222000000,3,
2026-09-03,GBU,OPT,GBUJ7 C11200,2027-04-09,C,1.12,0.228700000,3,
2026-09-03,GBU,OPT,GBUJ7 C11300,2027-04-09,C,1.13,0.219000000,3,
2026-09-03,GBU,OPT,GBUJ7 C11400,2027-04-09,C,1.14,0.209400000,3,
2026-09-03,GBU,OPT,GBUJ7 C11500,2027-04-09,C,1.15,0.199700000,3,
2026-09-03,GBU,OPT,GBUJ7 C11600,2027-04-09,C,1.16,0.190100000,3,
2026-09-03,GBU,OPT,GBUJ7 C11700,2027-04-09,C,1.17,0.180500000,3,
2026-09-03,GBU,OPT,GBUJ7 C11800,2027-04-09,C,1.18,0.170900000,3,
2026-09-03,GBU,OPT,GBUJ7 C11900,2027-04-09,C,1.19,0.161400000,3,
2026-09-03,GBU,OPT,GBUJ7 C12000,2027-04-09,C,1.2,0.151900000,3,
2026-09-03,GBU,OPT,GBUJ7 C12100,2027-04-09,C,1.21,0.142500000,3,
2026-09-03,GBU,OPT,GBUJ7 C12200,2027-04-09,C,1.22,0.133100000,3,
2026-09-03,GBU,OPT,GBUJ7 C12300,2027-04-09,C,1.23,0.123800000,3,
2026-09-03,GBU,OPT,GBUJ7 C12400,2027-04-09,C,1.24,0.114600000,3,
2026-09-03,GBU,OPT,GBUJ7 C12500,2027-04-09,C,1.25,0.105500000,3,
2026-09-03,GBU,OPT,GBUJ7 C12600,2027-04-09,C,1.26,0.096600000,3,
2026-09-03,GBU,OPT,GBUJ7 C12650,2027-04-09,C,1.265,0.092200000,3,
2026-09-03,GBU,OPT,GBUJ7 C12700,2027-04-09,C,1.27,0.087800000,3,
2026-09-03,GBU,OPT,GBUJ7 C12750,2027-04-09,C,1.275,0.083600000,3,
2026-09-03,GBU,OPT,GBUJ7 C12800,2027-04-09,C,1.28,0.079300000,3,
2026-09-03,GBU,OPT,GBUJ7 C12850,2027-04-09,C,1.285,0.075200000,3,
2026-09-03,GBU,OPT,GBUJ7 C12900,2027-04-09,C,1.29,0.071100000,3,
2026-09-03,GBU,OPT,GBUJ7 C12950,2027-04-09,C,1.295,0.067100000,3,
2026-09-03,GBU,OPT,GBUJ7 C13000,2027-04-09,C,1.3,0.063200000,3,
2026-09-03,GBU,OPT,GBUJ7 C13050,2027-04-09,C,1.305,0.059300000,3,
2026-09-03,GBU,OPT,GBUJ7 C13100,2027-04-09,C,1.31,0.055600000,3,
2026-09-03,GBU,OPT,GBUJ7 C13150,2027-04-09,C,1.315,0.051900000,3,
2026-09-03,GBU,OPT,GBUJ7 C13200,2027-04-09,C,1.32,0.048400000,3,
2026-09-03,GBU,OPT,GBUJ7 C13250,2027-04-09,C,1.325,0.044900000,3,
2026-09-03,GBU,OPT,GBUJ7 C13300,2027-04-09,C,1.33,0.041600000,3,
2026-09-03,GBU,OPT,GBUJ7 C13350,2027-04-09,C,1.335,0.038400000,3,3
2026-09-03,GBU,OPT,GBUJ7 C13400,2027-04-09,C,1.34,0.035400000,3,
2026-09-03,GBU,OPT,GBUJ7 C13450,2027-04-09,C,1.345,0.032400000,3,
2026-09-03,GBU,OPT,GBUJ7 C13500,2027-04-09,C,1.35,0.029700000,3,22
2026-09-03,GBU,OPT,GBUJ7 C13550,2027-04-09,C,1.355,0.027000000,3,
2026-09-03,GBU,OPT,GBUJ7 C13600,2027-04-09,C,1.36,0.024600000,3,8
2026-09-03,GBU,OPT,GBUJ7 C13650,2027-04-09,C,1.365,0.022300000,3,1
2026-09-03,GBU,OPT,GBUJ7 C13700,2027-04-09,C,1.37,0.020100000,3,1
2026-09-03,GBU,OPT,GBUJ7 C13750,2027-04-09,C,1.375,0.018200000,3,
2026-09-03,GBU,OPT,GBUJ7 C13800,2027-04-09,C,1.38,0.016300000,3,
2026-09-03,GBU,OPT,GBUJ7 C13850,2027-04-09,C,1.385,0.014700000,3,
2026-09-03,GBU,OPT,GBUJ7 C13900,2027-04-09,C,1.39,0.013200000,3,
2026-09-03,GBU,OPT,GBUJ7 C13950,2027-04-09,C,1.395,0.011800000,3,
2026-09-03,GBU,OPT,GBUJ7 C14000,2027-04-09,C,1.4,0.010500000,3,22
2026-09-03,GBU,OPT,GBUJ7 C14050,2027-04-09,C,1.405,0.009400000,3,
2026-09-03,GBU,OPT,GBUJ7 C14100,2027-04-09,C,1.41,0.008400000,3,
2026-09-03,GBU,OPT,GBUJ7 C14150,2027-04-09,C,1.415,0.007500000,3,
2026-09-03,GBU,OPT,GBUJ7 C14200,2027-04-09,C,1.42,0.006700000,3,
2026-09-03,GBU,OPT,GBUJ7 C14300,2027-04-09,C,1.43,0.005400000,3,
2026-09-03,GBU,OPT,GBUJ7 C14400,2027-04-09,C,1.44,0.004300000,3,
2026-09-03,GBU,OPT,GBUJ7 C14500,2027-04-09,C,1.45,0.003400000,3,
2026-09-03,GBU,OPT,GBUJ7 C14600,2027-04-09,C,1.46,0.002700000,3,
2026-09-03,GBU,OPT,GBUJ7 C14700,2027-04-09,C,1.47,0.002100000,3,4
2026-09-03,GBU,OPT,GBUJ7 C14800,2027-04-09,C,1.48,0.001700000,3,
2026-09-03,GBU,OPT,GBUJ7 C14900,2027-04-09,C,1.49,0.001300000,3,
2026-09-03,GBU,OPT,GBUJ7 C15000,2027-04-09,C,1.5,0.001100000,3,
2026-09-03,GBU,OPT,GBUJ7 C15100,2027-04-09,C,1.51,0.000900000,3,
2026-09-03,GBU,OPT,GBUJ7 C15200,2027-04-09,C,1.52,0.000700000,3,
2026-09-03,GBU,OPT,GBUJ7 C15300,2027-04-09,C,1.53,0.000600000,3,
2026-09-03,GBU,OPT,GBUJ7 C15400,2027-04-09,C,1.54,0.000500000,3,
2026-09-03,GBU,OPT,GBUJ7 C15500,2027-04-09,C,1.55,0.000400000,3,
2026-09-03,GBU,OPT,GBUJ7 C15600,2027-04-09,C,1.56,0.000300000,3,
2026-09-03,GBU,OPT,GBUJ7 P11200,2027-04-09,P,1.12,0.000800000,3,
2026-09-03,GBU,OPT,GBUJ7 P11300,2027-04-09,P,1.13,0.000900000,3,
2026-09-03,GBU,OPT,GBUJ7 P11400,2027-04-09,P,1.14,0.001000000,3,
2026-09-03,GBU,OPT,GBUJ7 P11500,2027-04-09,P,1.15,0.001100000,3,
2026-09-03,GBU,OPT,GBUJ7 P11600,2027-04-09,P,1.16,0.001200000,3,
2026-09-03,GBU,OPT,GBUJ7 P11700,2027-04-09,P,1.17,0.001400000,3,
2026-09-03,GBU,OPT,GBUJ7 P11800,2027-04-09,P,1.18,0.001600000,3,90
2026-09-03,GBU,OPT,GBUJ7 P11900,2027-04-09,P,1.19,0.001800000,3,
2026-09-03,GBU,OPT,GBUJ7 P12000,2027-04-09,P,1.2,0.002100000,3,15
2026-09-03,GBU,OPT,GBUJ7 P12100,2027-04-09,P,1.21,0.002400000,3,
2026-09-03,GBU,OPT,GBUJ7 P12200,2027-04-09,P,1.22,0.002800000,3,
2026-09-03,GBU,OPT,GBUJ7 P12300,2027-04-09,P,1.23,0.003300000,3,
2026-09-03,GBU,OPT,GBUJ7 P12400,2027-04-09,P,1.24,0.003900000,3,
2026-09-03,GBU,OPT,GBUJ7 P12500,2027-04-09,P,1.25,0.004500000,3,10
2026-09-03,GBU,OPT,GBUJ7 P12600,2027-04-09,P,1.26,0.005400000,3,
2026-09-03,GBU,OPT,GBUJ7 P12650,2027-04-09,P,1.265,0.005900000,3,
2026-09-03,GBU,OPT,GBUJ7 P12700,2027-04-09,P,1.27,0.006400000,3,1
2026-09-03,GBU,OPT,GBUJ7 P12750,2027-04-09,P,1.275,0.007000000,3,
2026-09-03,GBU,OPT,GBUJ7 P12800,2027-04-09,P,1.28,0.007700000,3,23
2026-09-03,GBU,OPT,GBUJ7 P12850,2027-04-09,P,1.285,0.008400000,3,
2026-09-03,GBU,OPT,GBUJ7 P12900,2027-04-09,P,1.29,0.009200000,3,
2026-09-03,GBU,OPT,GBUJ7 P12950,2027-04-09,P,1.295,0.010100000,3,
2026-09-03,GBU,OPT,GBUJ7 P13000,2027-04-09,P,1.3,0.011000000,3,
2026-09-03,GBU,OPT,GBUJ7 P13050,2027-04-09,P,1.305,0.012100000,3,
2026-09-03,GBU,OPT,GBUJ7 P13100,2027-04-09,P,1.31,0.013200000,3,
2026-09-03,GBU,OPT,GBUJ7 P13150,2027-04-09,P,1.315,0.014400000,3,
2026-09-03,GBU,OPT,GBUJ7 P13200,2027-04-09,P,1.32,0.015800000,3,
2026-09-03,GBU,OPT,GBUJ7 P13250,2027-04-09,P,1.325,0.017200000,3,
2026-09-03,GBU,OPT,GBUJ7 P13300,2027-04-09,P,1.33,0.018800000,3,600
2026-09-03,GBU,OPT,GBUJ7 P13350,2027-04-09,P,1.335,0.020500000,3,
2026-09-03,GBU,OPT,GBUJ7 P13400,2027-04-09,P,1.34,0.022300000,3,50
2026-09-03,GBU,OPT,GBUJ7 P13450,2027-04-09,P,1.345,0.024200000,3,
2026-09-03,GBU,OPT,GBUJ7 P13500,2027-04-09,P,1.35,0.026400000,3,
2026-09-03,GBU,OPT,GBUJ7 P13550,2027-04-09,P,1.355,0.028600000,3,3
2026-09-03,GBU,OPT,GBUJ7 P13600,2027-04-09,P,1.36,0.031000000,3,50
2026-09-03,GBU,OPT,GBUJ7 P13650,2027-04-09,P,1.365,0.033600000,3,
2026-09-03,GBU,OPT,GBUJ7 P13700,2027-04-09,P,1.37,0.036400000,3,
2026-09-03,GBU,OPT,GBUJ7 P13750,2027-04-09,P,1.375,0.039300000,3,
2026-09-03,GBU,OPT,GBUJ7 P13800,2027-04-09,P,1.38,0.042300000,3,
2026-09-03,GBU,OPT,GBUJ7 P13850,2027-04-09,P,1.385,0.045500000,3,
2026-09-03,GBU,OPT,GBUJ7 P13900,2027-04-09,P,1.39,0.048900000,3,
2026-09-03,GBU,OPT,GBUJ7 P13950,2027-04-09,P,1.395,0.052400000,3,
2026-09-03,GBU,OPT,GBUJ7 P14000,2027-04-09,P,1.4,0.056000000,3,
2026-09-03,GBU,OPT,GBUJ7 P14050,2027-04-09,P,1.405,0.059800000,3,
2026-09-03,GBU,OPT,GBUJ7 P14100,2027-04-09,P,1.41,0.063700000,3,
2026-09-03,GBU,OPT,GBUJ7 P14150,2027-04-09,P,1.415,0.067700000,3,
2026-09-03,GBU,OPT,GBUJ7 P14200,2027-04-09,P,1.42,0.071800000,3,
2026-09-03,GBU,OPT,GBUJ7 P14300,2027-04-09,P,1.43,0.080200000,3,1
2026-09-03,GBU,OPT,GBUJ7 P14400,2027-04-09,P,1.44,0.088800000,3,1
2026-09-03,GBU,OPT,GBUJ7 P14500,2027-04-09,P,1.45,0.097700000,3,
2026-09-03,GBU,OPT,GBUJ7 P14600,2027-04-09,P,1.46,0.106800000,3,
2026-09-03,GBU,OPT,GBUJ7 P14700,2027-04-09,P,1.47,0.116000000,3,
2026-09-03,GBU,OPT,GBUJ7 P14800,2027-04-09,P,1.48,0.125300000,3,
2026-09-03,GBU,OPT,GBUJ7 P14900,2027-04-09,P,1.49,0.134700000,3,
2026-09-03,GBU,OPT,GBUJ7 P15000,2027-04-09,P,1.5,0.144200000,3,
2026-09-03,GBU,OPT,GBUJ7 P15100,2027-04-09,P,1.51,0.153800000,3,
2026-09-03,GBU,OPT,GBUJ7 P15200,2027-04-09,P,1.52,0.163400000,3,
2026-09-03,GBU,OPT,GBUJ7 P15300,2027-04-09,P,1.53,0.173000000,3,
2026-09-03,GBU,OPT,GBUJ7 P15400,2027-04-09,P,1.54,0.182700000,3,
2026-09-03,GBU,OPT,GBUJ7 P15500,2027-04-09,P,1.55,0.192400000,3,
2026-09-03,GBU,OPT,GBUJ7 P15600,2027-04-09,P,1.56,0.202100000,3,
2026-09-03,GBU,OPT,GBUK7 C11200,2027-05-07,C,1.12,0.228200000,3,
2026-09-03,GBU,OPT,GBUK7 C11300,2027-05-07,C,1.13,0.218600000,3,
2026-09-03,GBU,OPT,GBUK7 C11400,2027-05-07,C,1.14,0.209000000,3,
2026-09-03,GBU,OPT,GBUK7 C11500,2027-05-07,C,1.15,0.199300000,3,
2026-09-03,GBU,OPT,GBUK7 C11600,2027-05-07,C,1.16,0.189800000,3,
2026-09-03,GBU,OPT,GBUK7 C11700,2027-05-07,C,1.17,0.180200000,3,
2026-09-03,GBU,OPT,GBUK7 C11800,2027-05-07,C,1.18,0.170700000,3,
2026-09-03,GBU,OPT,GBUK7 C11900,2027-05-07,C,1.19,0.161200000,3,
2026-09-03,GBU,OPT,GBUK7 C12000,2027-05-07,C,1.2,0.151800000,3,
2026-09-03,GBU,OPT,GBUK7 C12100,2027-05-07,C,1.21,0.142500000,3,
2026-09-03,GBU,OPT,GBUK7 C12200,2027-05-07,C,1.22,0.133300000,3,
2026-09-03,GBU,OPT,GBUK7 C12300,2027-05-07,C,1.23,0.124100000,3,
2026-09-03,GBU,OPT,GBUK7 C12400,2027-05-07,C,1.24,0.115100000,3,
2026-09-03,GBU,OPT,GBUK7 C12500,2027-05-07,C,1.25,0.106300000,3,
2026-09-03,GBU,OPT,GBUK7 C12600,2027-05-07,C,1.26,0.097600000,3,
2026-09-03,GBU,OPT,GBUK7 C12650,2027-05-07,C,1.265,0.093300000,3,
2026-09-03,GBU,OPT,GBUK7 C12700,2027-05-07,C,1.27,0.089000000,3,
2026-09-03,GBU,OPT,GBUK7 C12750,2027-05-07,C,1.275,0.084800000,3,
2026-09-03,GBU,OPT,GBUK7 C12800,2027-05-07,C,1.28,0.080700000,3,
2026-09-03,GBU,OPT,GBUK7 C12850,2027-05-07,C,1.285,0.076600000,3,
2026-09-03,GBU,OPT,GBUK7 C12900,2027-05-07,C,1.29,0.072600000,3,
2026-09-03,GBU,OPT,GBUK7 C12950,2027-05-07,C,1.295,0.068700000,3,
2026-09-03,GBU,OPT,GBUK7 C13000,2027-05-07,C,1.3,0.064800000,3,
2026-09-03,GBU,OPT,GBUK7 C13050,2027-05-07,C,1.305,0.061100000,3,
2026-09-03,GBU,OPT,GBUK7 C13100,2027-05-07,C,1.31,0.057400000,3,
2026-09-03,GBU,OPT,GBUK7 C13150,2027-05-07,C,1.315,0.053800000,3,
2026-09-03,GBU,OPT,GBUK7 C13200,2027-05-07,C,1.32,0.050300000,3,4
2026-09-03,GBU,OPT,GBUK7 C13250,2027-05-07,C,1.325,0.047000000,3,
2026-09-03,GBU,OPT,GBUK7 C13300,2027-05-07,C,1.33,0.043700000,3,
2026-09-03,GBU,OPT,GBUK7 C13350,2027-05-07,C,1.335,0.040600000,3,
2026-09-03,GBU,OPT,GBUK7 C13400,2027-05-07,C,1.34,0.037600000,3,5
2026-09-03,GBU,OPT,GBUK7 C13450,2027-05-07,C,1.345,0.034700000,3,
2026-09-03,GBU,OPT,GBUK7 C13500,2027-05-07,C,1.35,0.032000000,3,
2026-09-03,GBU,OPT,GBUK7 C13550,2027-05-07,C,1.355,0.029300000,3,
2026-09-03,GBU,OPT,GBUK7 C13600,2027-05-07,C,1.36,0.026900000,3,
2026-09-03,GBU,OPT,GBUK7 C13650,2027-05-07,C,1.365,0.024500000,3,1
2026-09-03,GBU,OPT,GBUK7 C13700,2027-05-07,C,1.37,0.022300000,3,1
2026-09-03,GBU,OPT,GBUK7 C13750,2027-05-07,C,1.375,0.020200000,3,
2026-09-03,GBU,OPT,GBUK7 C13800,2027-05-07,C,1.38,0.018300000,3,
2026-09-03,GBU,OPT,GBUK7 C13850,2027-05-07,C,1.385,0.016600000,3,
2026-09-03,GBU,OPT,GBUK7 C13900,2027-05-07,C,1.39,0.015000000,3,
2026-09-03,GBU,OPT,GBUK7 C13950,2027-05-07,C,1.395,0.013600000,3,
2026-09-03,GBU,OPT,GBUK7 C14000,2027-05-07,C,1.4,0.012300000,3,3
2026-09-03,GBU,OPT,GBUK7 C14050,2027-05-07,C,1.405,0.011100000,3,
2026-09-03,GBU,OPT,GBUK7 C14100,2027-05-07,C,1.41,0.010000000,3,
2026-09-03,GBU,OPT,GBUK7 C14150,2027-05-07,C,1.415,0.009100000,3,
2026-09-03,GBU,OPT,GBUK7 C14200,2027-05-07,C,1.42,0.008200000,3,
2026-09-03,GBU,OPT,GBUK7 C14300,2027-05-07,C,1.43,0.006700000,3,
2026-09-03,GBU,OPT,GBUK7 C14400,2027-05-07,C,1.44,0.005500000,3,
2026-09-03,GBU,OPT,GBUK7 C14500,2027-05-07,C,1.45,0.004400000,3,
2026-09-03,GBU,OPT,GBUK7 C14600,2027-05-07,C,1.46,0.003600000,3,2
2026-09-03,GBU,OPT,GBUK7 C14700,2027-05-07,C,1.47,0.002900000,3,
2026-09-03,GBU,OPT,GBUK7 C14800,2027-05-07,C,1.48,0.002300000,3,
2026-09-03,GBU,OPT,GBUK7 C14900,2027-05-07,C,1.49,0.001900000,3,
2026-09-03,GBU,OPT,GBUK7 C15000,2027-05-07,C,1.5,0.001500000,3,
2026-09-03,GBU,OPT,GBUK7 C15100,2027-05-07,C,1.51,0.001200000,3,
2026-09-03,GBU,OPT,GBUK7 C15200,2027-05-07,C,1.52,0.001000000,3,2
2026-09-03,GBU,OPT,GBUK7 C15300,2027-05-07,C,1.53,0.000800000,3,
2026-09-03,GBU,OPT,GBUK7 C15400,2027-05-07,C,1.54,0.000600000,3,
2026-09-03,GBU,OPT,GBUK7 C15500,2027-05-07,C,1.55,0.000500000,3,
2026-09-03,GBU,OPT,GBUK7 C15600,2027-05-07,C,1.56,0.000400000,3,
2026-09-03,GBU,OPT,GBUK7 P11200,2027-05-07,P,1.12,0.001000000,3,
2026-09-03,GBU,OPT,GBUK7 P11300,2027-05-07,P,1.13,0.001100000,3,2
2026-09-03,GBU,OPT,GBUK7 P11400,2027-05-07,P,1.14,0.001200000,3,
2026-09-03,GBU,OPT,GBUK7 P11500,2027-05-07,P,1.15,0.001300000,3,3
2026-09-03,GBU,OPT,GBUK7 P11600,2027-05-07,P,1.16,0.001500000,3,
2026-09-03,GBU,OPT,GBUK7 P11700,2027-05-07,P,1.17,0.001700000,3,
2026-09-03,GBU,OPT,GBUK7 P11800,2027-05-07,P,1.18,0.001900000,3,
2026-09-03,GBU,OPT,GBUK7 P11900,2027-05-07,P,1.19,0.002200000,3,
2026-09-03,GBU,OPT,GBUK7 P12000,2027-05-07,P,1.2,0.002500000,3,
2026-09-03,GBU,OPT,GBUK7 P12100,2027-05-07,P,1.21,0.002900000,3,
2026-09-03,GBU,OPT,GBUK7 P12200,2027-05-07,P,1.22,0.003400000,3,
2026-09-03,GBU,OPT,GBUK7 P12300,2027-05-07,P,1.23,0.004000000,3,
2026-09-03,GBU,OPT,GBUK7 P12400,2027-05-07,P,1.24,0.004700000,3,
2026-09-03,GBU,OPT,GBUK7 P12500,2027-05-07,P,1.25,0.005600000,3,
2026-09-03,GBU,OPT,GBUK7 P12600,2027-05-07,P,1.26,0.006600000,3,
2026-09-03,GBU,OPT,GBUK7 P12650,2027-05-07,P,1.265,0.007200000,3,
2026-09-03,GBU,OPT,GBUK7 P12700,2027-05-07,P,1.27,0.007900000,3,1
2026-09-03,GBU,OPT,GBUK7 P12750,2027-05-07,P,1.275,0.008500000,3,
2026-09-03,GBU,OPT,GBUK7 P12800,2027-05-07,P,1.28,0.009300000,3,1
2026-09-03,GBU,OPT,GBUK7 P12850,2027-05-07,P,1.285,0.010100000,3,
2026-09-03,GBU,OPT,GBUK7 P12900,2027-05-07,P,1.29,0.010900000,3,3
2026-09-03,GBU,OPT,GBUK7 P12950,2027-05-07,P,1.295,0.011900000,3,
2026-09-03,GBU,OPT,GBUK7 P13000,2027-05-07,P,1.3,0.012900000,3,10
2026-09-03,GBU,OPT,GBUK7 P13050,2027-05-07,P,1.305,0.014000000,3,
2026-09-03,GBU,OPT,GBUK7 P13100,2027-05-07,P,1.31,0.015200000,3,
2026-09-03,GBU,OPT,GBUK7 P13150,2027-05-07,P,1.315,0.016400000,3,
2026-09-03,GBU,OPT,GBUK7 P13200,2027-05-07,P,1.32,0.017800000,3,52
2026-09-03,GBU,OPT,GBUK7 P13250,2027-05-07,P,1.325,0.019300000,3,
2026-09-03,GBU,OPT,GBUK7 P13300,2027-05-07,P,1.33,0.021000000,3,
2026-09-03,GBU,OPT,GBUK7 P13350,2027-05-07,P,1.335,0.022700000,3,
2026-09-03,GBU,OPT,GBUK7 P13400,2027-05-07,P,1.34,0.024600000,3,
2026-09-03,GBU,OPT,GBUK7 P13450,2027-05-07,P,1.345,0.026500000,3,
2026-09-03,GBU,OPT,GBUK7 P13500,2027-05-07,P,1.35,0.028700000,3,52
2026-09-03,GBU,OPT,GBUK7 P13550,2027-05-07,P,1.355,0.030900000,3,
2026-09-03,GBU,OPT,GBUK7 P13600,2027-05-07,P,1.36,0.033300000,3,
2026-09-03,GBU,OPT,GBUK7 P13650,2027-05-07,P,1.365,0.035800000,3,
2026-09-03,GBU,OPT,GBUK7 P13700,2027-05-07,P,1.37,0.038500000,3,
2026-09-03,GBU,OPT,GBUK7 P13750,2027-05-07,P,1.375,0.041300000,3,
2026-09-03,GBU,OPT,GBUK7 P13800,2027-05-07,P,1.38,0.044200000,3,
2026-09-03,GBU,OPT,GBUK7 P13850,2027-05-07,P,1.385,0.047400000,3,
2026-09-03,GBU,OPT,GBUK7 P13900,2027-05-07,P,1.39,0.050600000,3,
2026-09-03,GBU,OPT,GBUK7 P13950,2027-05-07,P,1.395,0.054100000,3,
2026-09-03,GBU,OPT,GBUK7 P14000,2027-05-07,P,1.4,0.057600000,3,
2026-09-03,GBU,OPT,GBUK7 P14050,2027-05-07,P,1.405,0.061300000,3,
2026-09-03,GBU,OPT,GBUK7 P14100,2027-05-07,P,1.41,0.065100000,3,
2026-09-03,GBU,OPT,GBUK7 P14150,2027-05-07,P,1.415,0.069000000,3,
2026-09-03,GBU,OPT,GBUK7 P14200,2027-05-07,P,1.42,0.073000000,3,
2026-09-03,GBU,OPT,GBUK7 P14300,2027-05-07,P,1.43,0.081300000,3,
2026-09-03,GBU,OPT,GBUK7 P14400,2027-05-07,P,1.44,0.089800000,3,
2026-09-03,GBU,OPT,GBUK7 P14500,2027-05-07,P,1.45,0.098500000,3,
2026-09-03,GBU,OPT,GBUK7 P14600,2027-05-07,P,1.46,0.107400000,3,
2026-09-03,GBU,OPT,GBUK7 P14700,2027-05-07,P,1.47,0.116400000,3,
2026-09-03,GBU,OPT,GBUK7 P14800,2027-05-07,P,1.48,0.125600000,3,
2026-09-03,GBU,OPT,GBUK7 P14900,2027-05-07,P,1.49,0.134800000,3,
2026-09-03,GBU,OPT,GBUK7 P15000,2027-05-07,P,1.5,0.144200000,3,
2026-09-03,GBU,OPT,GBUK7 P15100,2027-05-07,P,1.51,0.153600000,3,
2026-09-03,GBU,OPT,GBUK7 P15200,2027-05-07,P,1.52,0.163100000,3,
2026-09-03,GBU,OPT,GBUK7 P15300,2027-05-07,P,1.53,0.172700000,3,
2026-09-03,GBU,OPT,GBUK7 P15400,2027-05-07,P,1.54,0.182300000,3,
2026-09-03,GBU,OPT,GBUK7 P15500,2027-05-07,P,1.55,0.191900000,3,
2026-09-03,GBU,OPT,GBUK7 P15600,2027-05-07,P,1.56,0.201500000,3,
2026-09-03,GBU,OPT,GBUM7 C11000,2027-06-04,C,1.1,0.246900000,3,
2026-09-03,GBU,OPT,GBUM7 C11100,2027-06-04,C,1.11,0.237300000,3,
2026-09-03,GBU,OPT,GBUM7 C11200,2027-06-04,C,1.12,0.227700000,3,
2026-09-03,GBU,OPT,GBUM7 C11300,2027-06-04,C,1.13,0.218100000,3,
2026-09-03,GBU,OPT,GBUM7 C11400,2027-06-04,C,1.14,0.208600000,3,
2026-09-03,GBU,OPT,GBUM7 C11500,2027-06-04,C,1.15,0.199000000,3,
2026-09-03,GBU,OPT,GBUM7 C11600,2027-06-04,C,1.16,0.189500000,3,
2026-09-03,GBU,OPT,GBUM7 C11700,2027-06-04,C,1.17,0.180100000,3,
2026-09-03,GBU,OPT,GBUM7 C11800,2027-06-04,C,1.18,0.170700000,3,
2026-09-03,GBU,OPT,GBUM7 C11900,2027-06-04,C,1.19,0.161300000,3,
2026-09-03,GBU,OPT,GBUM7 C12000,2027-06-04,C,1.2,0.152100000,3,
2026-09-03,GBU,OPT,GBUM7 C12100,2027-06-04,C,1.21,0.142900000,3,
2026-09-03,GBU,OPT,GBUM7 C12200,2027-06-04,C,1.22,0.133700000,3,
2026-09-03,GBU,OPT,GBUM7 C12300,2027-06-04,C,1.23,0.124700000,3,
2026-09-03,GBU,OPT,GBUM7 C12400,2027-06-04,C,1.24,0.115800000,3,
2026-09-03,GBU,OPT,GBUM7 C12500,2027-06-04,C,1.25,0.107100000,3,
2026-09-03,GBU,OPT,GBUM7 C12550,2027-06-04,C,1.255,0.102800000,3,
2026-09-03,GBU,OPT,GBUM7 C12600,2027-06-04,C,1.26,0.098500000,3,
2026-09-03,GBU,OPT,GBUM7 C12650,2027-06-04,C,1.265,0.094200000,3,
2026-09-03,GBU,OPT,GBUM7 C12700,2027-06-04,C,1.27,0.090100000,3,
2026-09-03,GBU,OPT,GBUM7 C12750,2027-06-04,C,1.275,0.085900000,3,
2026-09-03,GBU,OPT,GBUM7 C12800,2027-06-04,C,1.28,0.081900000,3,
2026-09-03,GBU,OPT,GBUM7 C12850,2027-06-04,C,1.285,0.077900000,3,
2026-09-03,GBU,OPT,GBUM7 C12900,2027-06-04,C,1.29,0.073900000,3,
2026-09-03,GBU,OPT,GBUM7 C12950,2027-06-04,C,1.295,0.070100000,3,
2026-09-03,GBU,OPT,GBUM7 C13000,2027-06-04,C,1.3,0.066300000,3,
2026-09-03,GBU,OPT,GBUM7 C13050,2027-06-04,C,1.305,0.062600000,3,
2026-09-03,GBU,OPT,GBUM7 C13100,2027-06-04,C,1.31,0.059000000,3,
2026-09-03,GBU,OPT,GBUM7 C13150,2027-06-04,C,1.315,0.055500000,3,
2026-09-03,GBU,OPT,GBUM7 C13200,2027-06-04,C,1.32,0.052100000,3,
2026-09-03,GBU,OPT,GBUM7 C13250,2027-06-04,C,1.325,0.048800000,3,
2026-09-03,GBU,OPT,GBUM7 C13300,2027-06-04,C,1.33,0.045600000,3,
2026-09-03,GBU,OPT,GBUM7 C13350,2027-06-04,C,1.335,0.042500000,3,
2026-09-03,GBU,OPT,GBUM7 C13400,2027-06-04,C,1.34,0.039600000,3,
2026-09-03,GBU,OPT,GBUM7 C13450,2027-06-04,C,1.345,0.036700000,3,
2026-09-03,GBU,OPT,GBUM7 C13500,2027-06-04,C,1.35,0.034000000,3,5
2026-09-03,GBU,OPT,GBUM7 C13550,2027-06-04,C,1.355,0.031400000,3,1
2026-09-03,GBU,OPT,GBUM7 C13600,2027-06-04,C,1.36,0.028900000,3,
2026-09-03,GBU,OPT,GBUM7 C13650,2027-06-04,C,1.365,0.026600000,3,2
2026-09-03,GBU,OPT,GBUM7 C13700,2027-06-04,C,1.37,0.024400000,3,1
2026-09-03,GBU,OPT,GBUM7 C13750,2027-06-04,C,1.375,0.022300000,3,4
2026-09-03,GBU,OPT,GBUM7 C13800,2027-06-04,C,1.38,0.020300000,3,5
2026-09-03,GBU,OPT,GBUM7 C13850,2027-06-04,C,1.385,0.018500000,3,
2026-09-03,GBU,OPT,GBUM7 C13900,2027-06-04,C,1.39,0.016900000,3,
2026-09-03,GBU,OPT,GBUM7 C13950,2027-06-04,C,1.395,0.015300000,3,
2026-09-03,GBU,OPT,GBUM7 C14000,2027-06-04,C,1.4,0.014000000,3,6
2026-09-03,GBU,OPT,GBUM7 C14050,2027-06-04,C,1.405,0.012700000,3,2
2026-09-03,GBU,OPT,GBUM7 C14100,2027-06-04,C,1.41,0.011500000,3,
2026-09-03,GBU,OPT,GBUM7 C14150,2027-06-04,C,1.415,0.010500000,3,
2026-09-03,GBU,OPT,GBUM7 C14200,2027-06-04,C,1.42,0.009600000,3,2
2026-09-03,GBU,OPT,GBUM7 C14250,2027-06-04,C,1.425,0.008700000,3,
2026-09-03,GBU,OPT,GBUM7 C14300,2027-06-04,C,1.43,0.007900000,3,
2026-09-03,GBU,OPT,GBUM7 C14400,2027-06-04,C,1.44,0.006500000,3,
2026-09-03,GBU,OPT,GBUM7 C14500,2027-06-04,C,1.45,0.005400000,3,5
2026-09-03,GBU,OPT,GBUM7 C14600,2027-06-04,C,1.46,0.004400000,3,
2026-09-03,GBU,OPT,GBUM7 C14700,2027-06-04,C,1.47,0.003600000,3,
2026-09-03,GBU,OPT,GBUM7 C14800,2027-06-04,C,1.48,0.003000000,3,1
2026-09-03,GBU,OPT,GBUM7 C14900,2027-06-04,C,1.49,0.002400000,3,
2026-09-03,GBU,OPT,GBUM7 C15000,2027-06-04,C,1.5,0.002000000,3,
2026-09-03,GBU,OPT,GBUM7 C15100,2027-06-04,C,1.51,0.001600000,3,
2026-09-03,GBU,OPT,GBUM7 C15200,2027-06-04,C,1.52,0.001400000,3,
2026-09-03,GBU,OPT,GBUM7 C15300,2027-06-04,C,1.53,0.001200000,3,
2026-09-03,GBU,OPT,GBUM7 C15400,2027-06-04,C,1.54,0.001000000,3,
2026-09-03,GBU,OPT,GBUM7 C15500,2027-06-04,C,1.55,0.000900000,3,5
2026-09-03,GBU,OPT,GBUM7 C15600,2027-06-04,C,1.56,0.000800000,3,
2026-09-03,GBU,OPT,GBUM7 C15700,2027-06-04,C,1.57,0.000700000,3,
2026-09-03,GBU,OPT,GBUM7 P11000,2027-06-04,P,1.1,0.001000000,3,2
2026-09-03,GBU,OPT,GBUM7 P11100,2027-06-04,P,1.11,0.001100000,3,
2026-09-03,GBU,OPT,GBUM7 P11200,2027-06-04,P,1.12,0.001200000,3,
2026-09-03,GBU,OPT,GBUM7 P11300,2027-06-04,P,1.13,0.001300000,3,
2026-09-03,GBU,OPT,GBUM7 P11400,2027-06-04,P,1.14,0.001500000,3,
2026-09-03,GBU,OPT,GBUM7 P11500,2027-06-04,P,1.15,0.001700000,3,5
2026-09-03,GBU,OPT,GBUM7 P11600,2027-06-04,P,1.16,0.001900000,3,
2026-09-03,GBU,OPT,GBUM7 P11700,2027-06-04,P,1.17,0.002100000,3,
2026-09-03,GBU,OPT,GBUM7 P11800,2027-06-04,P,1.18,0.002400000,3,
2026-09-03,GBU,OPT,GBUM7 P11900,2027-06-04,P,1.19,0.002800000,3,
2026-09-03,GBU,OPT,GBUM7 P12000,2027-06-04,P,1.2,0.003200000,3,2
2026-09-03,GBU,OPT,GBUM7 P12100,2027-06-04,P,1.21,0.003700000,3,
2026-09-03,GBU,OPT,GBUM7 P12200,2027-06-04,P,1.22,0.004300000,3,
2026-09-03,GBU,OPT,GBUM7 P12300,2027-06-04,P,1.23,0.005000000,3,
2026-09-03,GBU,OPT,GBUM7 P12400,2027-06-04,P,1.24,0.005800000,3,4
2026-09-03,GBU,OPT,GBUM7 P12500,2027-06-04,P,1.25,0.006700000,3,
2026-09-03,GBU,OPT,GBUM7 P12550,2027-06-04,P,1.255,0.007300000,3,
2026-09-03,GBU,OPT,GBUM7 P12600,2027-06-04,P,1.26,0.007900000,3,
2026-09-03,GBU,OPT,GBUM7 P12650,2027-06-04,P,1.265,0.008500000,3,
2026-09-03,GBU,OPT,GBUM7 P12700,2027-06-04,P,1.27,0.009100000,3,1
2026-09-03,GBU,OPT,GBUM7 P12750,2027-06-04,P,1.275,0.009900000,3,
2026-09-03,GBU,OPT,GBUM7 P12800,2027-06-04,P,1.28,0.010700000,3,
2026-09-03,GBU,OPT,GBUM7 P12850,2027-06-04,P,1.285,0.011500000,3,
2026-09-03,GBU,OPT,GBUM7 P12900,2027-06-04,P,1.29,0.012400000,3,
2026-09-03,GBU,OPT,GBUM7 P12950,2027-06-04,P,1.295,0.013400000,3,
2026-09-03,GBU,OPT,GBUM7 P13000,2027-06-04,P,1.3,0.014500000,3,8
2026-09-03,GBU,OPT,GBUM7 P13050,2027-06-04,P,1.305,0.015600000,3,
2026-09-03,GBU,OPT,GBUM7 P13100,2027-06-04,P,1.31,0.016900000,3,
2026-09-03,GBU,OPT,GBUM7 P13150,2027-06-04,P,1.315,0.018200000,3,
2026-09-03,GBU,OPT,GBUM7 P13200,2027-06-04,P,1.32,0.019700000,3,100
2026-09-03,GBU,OPT,GBUM7 P13250,2027-06-04,P,1.325,0.021200000,3,
2026-09-03,GBU,OPT,GBUM7 P13300,2027-06-04,P,1.33,0.022900000,3,2
2026-09-03,GBU,OPT,GBUM7 P13350,2027-06-04,P,1.335,0.024700000,3,
2026-09-03,GBU,OPT,GBUM7 P13400,2027-06-04,P,1.34,0.026600000,3,1
2026-09-03,GBU,OPT,GBUM7 P13450,2027-06-04,P,1.345,0.028600000,3,
2026-09-03,GBU,OPT,GBUM7 P13500,2027-06-04,P,1.35,0.030700000,3,100
2026-09-03,GBU,OPT,GBUM7 P13550,2027-06-04,P,1.355,0.033000000,3,
2026-09-03,GBU,OPT,GBUM7 P13600,2027-06-04,P,1.36,0.035300000,3,
2026-09-03,GBU,OPT,GBUM7 P13650,2027-06-04,P,1.365,0.037800000,3,
2026-09-03,GBU,OPT,GBUM7 P13700,2027-06-04,P,1.37,0.040500000,3,3
2026-09-03,GBU,OPT,GBUM7 P13750,2027-06-04,P,1.375,0.043200000,3,
2026-09-03,GBU,OPT,GBUM7 P13800,2027-06-04,P,1.38,0.046100000,3,
2026-09-03,GBU,OPT,GBUM7 P13850,2027-06-04,P,1.385,0.049200000,3,
2026-09-03,GBU,OPT,GBUM7 P13900,2027-06-04,P,1.39,0.052400000,3,1
2026-09-03,GBU,OPT,GBUM7 P13950,2027-06-04,P,1.395,0.055700000,3,
2026-09-03,GBU,OPT,GBUM7 P14000,2027-06-04,P,1.4,0.059200000,3,
2026-09-03,GBU,OPT,GBUM7 P14050,2027-06-04,P,1.405,0.062800000,3,
2026-09-03,GBU,OPT,GBUM7 P14100,2027-06-04,P,1.41,0.066500000,3,
2026-09-03,GBU,OPT,GBUM7 P14150,2027-06-04,P,1.415,0.070300000,3,
2026-09-03,GBU,OPT,GBUM7 P14200,2027-06-04,P,1.42,0.074200000,3,
2026-09-03,GBU,OPT,GBUM7 P14250,2027-06-04,P,1.425,0.078200000,3,
2026-09-03,GBU,OPT,GBUM7 P14300,2027-06-04,P,1.43,0.082200000,3,
2026-09-03,GBU,OPT,GBUM7 P14400,2027-06-04,P,1.44,0.090500000,3,
2026-09-03,GBU,OPT,GBUM7 P14500,2027-06-04,P,1.45,0.099100000,3,
2026-09-03,GBU,OPT,GBUM7 P14600,2027-06-04,P,1.46,0.107800000,3,
2026-09-03,GBU,OPT,GBUM7 P14700,2027-06-04,P,1.47,0.116800000,3,
2026-09-03,GBU,OPT,GBUM7 P14800,2027-06-04,P,1.48,0.125800000,3,
2026-09-03,GBU,OPT,GBUM7 P14900,2027-06-04,P,1.49,0.135000000,3,
2026-09-03,GBU,OPT,GBUM7 P15000,2027-06-04,P,1.5,0.144200000,3,
2026-09-03,GBU,OPT,GBUM7 P15100,2027-06-04,P,1.51,0.153600000,3,
2026-09-03,GBU,OPT,GBUM7 P15200,2027-06-04,P,1.52,0.163000000,3,
2026-09-03,GBU,OPT,GBUM7 P15300,2027-06-04,P,1.53,0.172500000,3,
2026-09-03,GBU,OPT,GBUM7 P15400,2027-06-04,P,1.54,0.182100000,3,
2026-09-03,GBU,OPT,GBUM7 P15500,2027-06-04,P,1.55,0.191600000,3,
2026-09-03,GBU,OPT,GBUM7 P15600,2027-06-04,P,1.56,0.201200000,3,
2026-09-03,GBU,OPT,GBUM7 P15700,2027-06-04,P,1.57,0.210800000,3,
2026-09-03,GBU,OPT,GBUN7 C11300,2027-07-09,C,1.13,0.217200000,3,
2026-09-03,GBU,OPT,GBUN7 C11400,2027-07-09,C,1.14,0.207700000,3,
2026-09-03,GBU,OPT,GBUN7 C11500,2027-07-09,C,1.15,0.198300000,3,
2026-09-03,GBU,OPT,GBUN7 C11600,2027-07-09,C,1.16,0.188900000,3,
2026-09-03,GBU,OPT,GBUN7 C11700,2027-07-09,C,1.17,0.179500000,3,
2026-09-03,GBU,OPT,GBUN7 C11800,2027-07-09,C,1.18,0.170200000,3,
2026-09-03,GBU,OPT,GBUN7 C11900,2027-07-09,C,1.19,0.161000000,3,
2026-09-03,GBU,OPT,GBUN7 C12000,2027-07-09,C,1.2,0.151900000,3,
2026-09-03,GBU,OPT,GBUN7 C12100,2027-07-09,C,1.21,0.142800000,3,
2026-09-03,GBU,OPT,GBUN7 C12200,2027-07-09,C,1.22,0.133900000,3,
2026-09-03,GBU,OPT,GBUN7 C12300,2027-07-09,C,1.23,0.125000000,3,
2026-09-03,GBU,OPT,GBUN7 C12400,2027-07-09,C,1.24,0.116300000,3,
2026-09-03,GBU,OPT,GBUN7 C12500,2027-07-09,C,1.25,0.107700000,3,
2026-09-03,GBU,OPT,GBUN7 C12600,2027-07-09,C,1.26,0.099300000,3,
2026-09-03,GBU,OPT,GBUN7 C12700,2027-07-09,C,1.27,0.091100000,3,
2026-09-03,GBU,OPT,GBUN7 C12800,2027-07-09,C,1.28,0.083000000,3,
2026-09-03,GBU,OPT,GBUN7 C12850,2027-07-09,C,1.285,0.079100000,3,
2026-09-03,GBU,OPT,GBUN7 C12900,2027-07-09,C,1.29,0.075300000,3,
2026-09-03,GBU,OPT,GBUN7 C12950,2027-07-09,C,1.295,0.071500000,3,
2026-09-03,GBU,OPT,GBUN7 C13000,2027-07-09,C,1.3,0.067800000,3,
2026-09-03,GBU,OPT,GBUN7 C13050,2027-07-09,C,1.305,0.064200000,3,
2026-09-03,GBU,OPT,GBUN7 C13100,2027-07-09,C,1.31,0.060700000,3,
2026-09-03,GBU,OPT,GBUN7 C13150,2027-07-09,C,1.315,0.057200000,3,
2026-09-03,GBU,OPT,GBUN7 C13200,2027-07-09,C,1.32,0.053900000,3,
2026-09-03,GBU,OPT,GBUN7 C13250,2027-07-09,C,1.325,0.050600000,3,
2026-09-03,GBU,OPT,GBUN7 C13300,2027-07-09,C,1.33,0.047500000,3,
2026-09-03,GBU,OPT,GBUN7 C13350,2027-07-09,C,1.335,0.044500000,3,
2026-09-03,GBU,OPT,GBUN7 C13400,2027-07-09,C,1.34,0.041600000,3,
2026-09-03,GBU,OPT,GBUN7 C13450,2027-07-09,C,1.345,0.038800000,3,
2026-09-03,GBU,OPT,GBUN7 C13500,2027-07-09,C,1.35,0.036100000,3,3
2026-09-03,GBU,OPT,GBUN7 C13550,2027-07-09,C,1.355,0.033500000,3,
2026-09-03,GBU,OPT,GBUN7 C13600,2027-07-09,C,1.36,0.031100000,3,1
2026-09-03,GBU,OPT,GBUN7 C13650,2027-07-09,C,1.365,0.028700000,3,
2026-09-03,GBU,OPT,GBUN7 C13700,2027-07-09,C,1.37,0.026500000,3,1
2026-09-03,GBU,OPT,GBUN7 C13750,2027-07-09,C,1.375,0.024500000,3,
2026-09-03,GBU,OPT,GBUN7 C13800,2027-07-09,C,1.38,0.022500000,3,
2026-09-03,GBU,OPT,GBUN7 C13850,2027-07-09,C,1.385,0.020700000,3,
2026-09-03,GBU,OPT,GBUN7 C13900,2027-07-09,C,1.39,0.019000000,3,
2026-09-03,GBU,OPT,GBUN7 C13950,2027-07-09,C,1.395,0.017400000,3,
2026-09-03,GBU,OPT,GBUN7 C14000,2027-07-09,C,1.4,0.016000000,3,
2026-09-03,GBU,OPT,GBUN7 C14050,2027-07-09,C,1.405,0.014700000,3,
2026-09-03,GBU,OPT,GBUN7 C14100,2027-07-09,C,1.41,0.013400000,3,
2026-09-03,GBU,OPT,GBUN7 C14150,2027-07-09,C,1.415,0.012300000,3,
2026-09-03,GBU,OPT,GBUN7 C14200,2027-07-09,C,1.42,0.011300000,3,
2026-09-03,GBU,OPT,GBUN7 C14300,2027-07-09,C,1.43,0.009400000,3,
2026-09-03,GBU,OPT,GBUN7 C14400,2027-07-09,C,1.44,0.007900000,3,1
2026-09-03,GBU,OPT,GBUN7 C14500,2027-07-09,C,1.45,0.006600000,3,
2026-09-03,GBU,OPT,GBUN7 C14600,2027-07-09,C,1.46,0.005500000,3,
2026-09-03,GBU,OPT,GBUN7 C14700,2027-07-09,C,1.47,0.004600000,3,6
2026-09-03,GBU,OPT,GBUN7 C14800,2027-07-09,C,1.48,0.003800000,3,3
2026-09-03,GBU,OPT,GBUN7 C14900,2027-07-09,C,1.49,0.003200000,3,
2026-09-03,GBU,OPT,GBUN7 C15000,2027-07-09,C,1.5,0.002700000,3,3
2026-09-03,GBU,OPT,GBUN7 C15100,2027-07-09,C,1.51,0.002200000,3,
2026-09-03,GBU,OPT,GBUN7 C15200,2027-07-09,C,1.52,0.001800000,3,3
2026-09-03,GBU,OPT,GBUN7 C15300,2027-07-09,C,1.53,0.001500000,3,
2026-09-03,GBU,OPT,GBUN7 C15400,2027-07-09,C,1.54,0.001200000,3,
2026-09-03,GBU,OPT,GBUN7 C15500,2027-07-09,C,1.55,0.001000000,3,
2026-09-03,GBU,OPT,GBUN7 C15600,2027-07-09,C,1.56,0.000800000,3,
2026-09-03,GBU,OPT,GBUN7 P11300,2027-07-09,P,1.13,0.001800000,3,
2026-09-03,GBU,OPT,GBUN7 P11400,2027-07-09,P,1.14,0.002000000,3,
2026-09-03,GBU,OPT,GBUN7 P11500,2027-07-09,P,1.15,0.002200000,3,2
2026-09-03,GBU,OPT,GBUN7 P11600,2027-07-09,P,1.16,0.002500000,3,
2026-09-03,GBU,OPT,GBUN7 P11700,2027-07-09,P,1.17,0.002800000,3,
2026-09-03,GBU,OPT,GBUN7 P11800,2027-07-09,P,1.18,0.003200000,3,
2026-09-03,GBU,OPT,GBUN7 P11900,2027-07-09,P,1.19,0.003600000,3,1
2026-09-03,GBU,OPT,GBUN7 P12000,2027-07-09,P,1.2,0.004100000,3,
2026-09-03,GBU,OPT,GBUN7 P12100,2027-07-09,P,1.21,0.004700000,3,
2026-09-03,GBU,OPT,GBUN7 P12200,2027-07-09,P,1.22,0.005400000,3,
2026-09-03,GBU,OPT,GBUN7 P12300,2027-07-09,P,1.23,0.006200000,3,
2026-09-03,GBU,OPT,GBUN7 P12400,2027-07-09,P,1.24,0.007200000,3,
2026-09-03,GBU,OPT,GBUN7 P12500,2027-07-09,P,1.25,0.008300000,3,
2026-09-03,GBU,OPT,GBUN7 P12600,2027-07-09,P,1.26,0.009500000,3,
2026-09-03,GBU,OPT,GBUN7 P12700,2027-07-09,P,1.27,0.011000000,3,
2026-09-03,GBU,OPT,GBUN7 P12800,2027-07-09,P,1.28,0.012600000,3,2
2026-09-03,GBU,OPT,GBUN7 P12850,2027-07-09,P,1.285,0.013500000,3,2
2026-09-03,GBU,OPT,GBUN7 P12900,2027-07-09,P,1.29,0.014500000,3,1
2026-09-03,GBU,OPT,GBUN7 P12950,2027-07-09,P,1.295,0.015600000,3,
2026-09-03,GBU,OPT,GBUN7 P13000,2027-07-09,P,1.3,0.016700000,3,
2026-09-03,GBU,OPT,GBUN7 P13050,2027-07-09,P,1.305,0.017900000,3,
2026-09-03,GBU,OPT,GBUN7 P13100,2027-07-09,P,1.31,0.019200000,3,
2026-09-03,GBU,OPT,GBUN7 P13150,2027-07-09,P,1.315,0.020600000,3,
2026-09-03,GBU,OPT,GBUN7 P13200,2027-07-09,P,1.32,0.022100000,3,
2026-09-03,GBU,OPT,GBUN7 P13250,2027-07-09,P,1.325,0.023700000,3,
2026-09-03,GBU,OPT,GBUN7 P13300,2027-07-09,P,1.33,0.025400000,3,
2026-09-03,GBU,OPT,GBUN7 P13350,2027-07-09,P,1.335,0.027200000,3,
2026-09-03,GBU,OPT,GBUN7 P13400,2027-07-09,P,1.34,0.029100000,3,1
2026-09-03,GBU,OPT,GBUN7 P13450,2027-07-09,P,1.345,0.031100000,3,
2026-09-03,GBU,OPT,GBUN7 P13500,2027-07-09,P,1.35,0.033300000,3,6
2026-09-03,GBU,OPT,GBUN7 P13550,2027-07-09,P,1.355,0.035500000,3,
2026-09-03,GBU,OPT,GBUN7 P13600,2027-07-09,P,1.36,0.037900000,3,3
2026-09-03,GBU,OPT,GBUN7 P13650,2027-07-09,P,1.365,0.040400000,3,
2026-09-03,GBU,OPT,GBUN7 P13700,2027-07-09,P,1.37,0.043100000,3,
2026-09-03,GBU,OPT,GBUN7 P13750,2027-07-09,P,1.375,0.045800000,3,
2026-09-03,GBU,OPT,GBUN7 P13800,2027-07-09,P,1.38,0.048700000,3,
2026-09-03,GBU,OPT,GBUN7 P13850,2027-07-09,P,1.385,0.051700000,3,
2026-09-03,GBU,OPT,GBUN7 P13900,2027-07-09,P,1.39,0.054900000,3,
2026-09-03,GBU,OPT,GBUN7 P13950,2027-07-09,P,1.395,0.058100000,3,
2026-09-03,GBU,OPT,GBUN7 P14000,2027-07-09,P,1.4,0.061500000,3,
2026-09-03,GBU,OPT,GBUN7 P14050,2027-07-09,P,1.405,0.065000000,3,
2026-09-03,GBU,OPT,GBUN7 P14100,2027-07-09,P,1.41,0.068600000,3,
2026-09-03,GBU,OPT,GBUN7 P14150,2027-07-09,P,1.415,0.072300000,3,
2026-09-03,GBU,OPT,GBUN7 P14200,2027-07-09,P,1.42,0.076100000,3,
2026-09-03,GBU,OPT,GBUN7 P14300,2027-07-09,P,1.43,0.083900000,3,
2026-09-03,GBU,OPT,GBUN7 P14400,2027-07-09,P,1.44,0.092100000,3,
2026-09-03,GBU,OPT,GBUN7 P14500,2027-07-09,P,1.45,0.100400000,3,
2026-09-03,GBU,OPT,GBUN7 P14600,2027-07-09,P,1.46,0.109000000,3,
2026-09-03,GBU,OPT,GBUN7 P14700,2027-07-09,P,1.47,0.117800000,3,
2026-09-03,GBU,OPT,GBUN7 P14800,2027-07-09,P,1.48,0.126700000,3,
2026-09-03,GBU,OPT,GBUN7 P14900,2027-07-09,P,1.49,0.135700000,3,
2026-09-03,GBU,OPT,GBUN7 P15000,2027-07-09,P,1.5,0.144800000,3,
2026-09-03,GBU,OPT,GBUN7 P15100,2027-07-09,P,1.51,0.154000000,3,
2026-09-03,GBU,OPT,GBUN7 P15200,2027-07-09,P,1.52,0.163300000,3,
2026-09-03,GBU,OPT,GBUN7 P15300,2027-07-09,P,1.53,0.172600000,3,
2026-09-03,GBU,OPT,GBUN7 P15400,2027-07-09,P,1.54,0.182000000,3,
2026-09-03,GBU,OPT,GBUN7 P15500,2027-07-09,P,1.55,0.191400000,3,
2026-09-03,GBU,OPT,GBUN7 P15600,2027-07-09,P,1.56,0.200900000,3,
2026-09-03,GBU,OPT,GBUQ7 C11500,2027-08-06,C,1.15,0.197800000,3,
2026-09-03,GBU,OPT,GBUQ7 C11600,2027-08-06,C,1.16,0.188600000,3,
2026-09-03,GBU,OPT,GBUQ7 C11700,2027-08-06,C,1.17,0.179300000,3,
2026-09-03,GBU,OPT,GBUQ7 C11800,2027-08-06,C,1.18,0.170200000,3,
2026-09-03,GBU,OPT,GBUQ7 C11900,2027-08-06,C,1.19,0.161100000,3,
2026-09-03,GBU,OPT,GBUQ7 C12000,2027-08-06,C,1.2,0.152100000,3,
2026-09-03,GBU,OPT,GBUQ7 C12100,2027-08-06,C,1.21,0.143200000,3,
2026-09-03,GBU,OPT,GBUQ7 C12200,2027-08-06,C,1.22,0.134400000,3,
2026-09-03,GBU,OPT,GBUQ7 C12300,2027-08-06,C,1.23,0.125600000,3,
2026-09-03,GBU,OPT,GBUQ7 C12400,2027-08-06,C,1.24,0.117000000,3,
2026-09-03,GBU,OPT,GBUQ7 C12500,2027-08-06,C,1.25,0.108600000,3,
2026-09-03,GBU,OPT,GBUQ7 C12600,2027-08-06,C,1.26,0.100300000,3,
2026-09-03,GBU,OPT,GBUQ7 C12700,2027-08-06,C,1.27,0.092200000,3,
2026-09-03,GBU,OPT,GBUQ7 C12800,2027-08-06,C,1.28,0.084300000,3,
2026-09-03,GBU,OPT,GBUQ7 C12900,2027-08-06,C,1.29,0.076600000,3,
2026-09-03,GBU,OPT,GBUQ7 C12950,2027-08-06,C,1.295,0.072900000,3,
2026-09-03,GBU,OPT,GBUQ7 C13000,2027-08-06,C,1.3,0.069300000,3,
2026-09-03,GBU,OPT,GBUQ7 C13050,2027-08-06,C,1.305,0.065700000,3,
2026-09-03,GBU,OPT,GBUQ7 C13100,2027-08-06,C,1.31,0.062300000,3,
2026-09-03,GBU,OPT,GBUQ7 C13150,2027-08-06,C,1.315,0.058900000,3,
2026-09-03,GBU,OPT,GBUQ7 C13200,2027-08-06,C,1.32,0.055600000,3,
2026-09-03,GBU,OPT,GBUQ7 C13250,2027-08-06,C,1.325,0.052400000,3,
2026-09-03,GBU,OPT,GBUQ7 C13300,2027-08-06,C,1.33,0.049300000,3,
2026-09-03,GBU,OPT,GBUQ7 C13350,2027-08-06,C,1.335,0.046300000,3,
2026-09-03,GBU,OPT,GBUQ7 C13400,2027-08-06,C,1.34,0.043400000,3,
2026-09-03,GBU,OPT,GBUQ7 C13450,2027-08-06,C,1.345,0.040700000,3,
2026-09-03,GBU,OPT,GBUQ7 C13500,2027-08-06,C,1.35,0.038000000,3,
2026-09-03,GBU,OPT,GBUQ7 C13550,2027-08-06,C,1.355,0.035500000,3,
2026-09-03,GBU,OPT,GBUQ7 C13600,2027-08-06,C,1.36,0.033000000,3,
2026-09-03,GBU,OPT,GBUQ7 C13650,2027-08-06,C,1.365,0.030700000,3,
2026-09-03,GBU,OPT,GBUQ7 C13700,2027-08-06,C,1.37,0.028400000,3,1
2026-09-03,GBU,OPT,GBUQ7 C13750,2027-08-06,C,1.375,0.026300000,3,
2026-09-03,GBU,OPT,GBUQ7 C13800,2027-08-06,C,1.38,0.024400000,3,
2026-09-03,GBU,OPT,GBUQ7 C13850,2027-08-06,C,1.385,0.022500000,3,
2026-09-03,GBU,OPT,GBUQ7 C13900,2027-08-06,C,1.39,0.020800000,3,
2026-09-03,GBU,OPT,GBUQ7 C13950,2027-08-06,C,1.395,0.019100000,3,1
2026-09-03,GBU,OPT,GBUQ7 C14000,2027-08-06,C,1.4,0.017600000,3,
2026-09-03,GBU,OPT,GBUQ7 C14050,2027-08-06,C,1.405,0.016200000,3,
2026-09-03,GBU,OPT,GBUQ7 C14100,2027-08-06,C,1.41,0.014900000,3,
2026-09-03,GBU,OPT,GBUQ7 C14150,2027-08-06,C,1.415,0.013700000,3,
2026-09-03,GBU,OPT,GBUQ7 C14200,2027-08-06,C,1.42,0.012600000,3,
2026-09-03,GBU,OPT,GBUQ7 C14300,2027-08-06,C,1.43,0.010700000,3,
2026-09-03,GBU,OPT,GBUQ7 C14400,2027-08-06,C,1.44,0.009100000,3,
2026-09-03,GBU,OPT,GBUQ7 C14500,2027-08-06,C,1.45,0.007700000,3,
2026-09-03,GBU,OPT,GBUQ7 C14600,2027-08-06,C,1.46,0.006500000,3,
2026-09-03,GBU,OPT,GBUQ7 C14700,2027-08-06,C,1.47,0.005500000,3,
2026-09-03,GBU,OPT,GBUQ7 C14800,2027-08-06,C,1.48,0.004700000,3,
2026-09-03,GBU,OPT,GBUQ7 C14900,2027-08-06,C,1.49,0.003900000,3,
2026-09-03,GBU,OPT,GBUQ7 C15000,2027-08-06,C,1.5,0.003400000,3,
2026-09-03,GBU,OPT,GBUQ7 C15100,2027-08-06,C,1.51,0.002800000,3,
2026-09-03,GBU,OPT,GBUQ7 C15200,2027-08-06,C,1.52,0.002400000,3,
2026-09-03,GBU,OPT,GBUQ7 C15300,2027-08-06,C,1.53,0.002000000,3,
2026-09-03,GBU,OPT,GBUQ7 C15400,2027-08-06,C,1.54,0.001600000,3,
2026-09-03,GBU,OPT,GBUQ7 C15500,2027-08-06,C,1.55,0.001300000,3,
2026-09-03,GBU,OPT,GBUQ7 C15600,2027-08-06,C,1.56,0.001100000,3,
2026-09-03,GBU,OPT,GBUQ7 P11500,2027-08-06,P,1.15,0.002400000,3,
2026-09-03,GBU,OPT,GBUQ7 P11600,2027-08-06,P,1.16,0.002800000,3,
2026-09-03,GBU,OPT,GBUQ7 P11700,2027-08-06,P,1.17,0.003200000,3,
2026-09-03,GBU,OPT,GBUQ7 P11800,2027-08-06,P,1.18,0.003700000,3,
2026-09-03,GBU,OPT,GBUQ7 P11900,2027-08-06,P,1.19,0.004200000,3,
2026-09-03,GBU,OPT,GBUQ7 P12000,2027-08-06,P,1.2,0.004900000,3,
2026-09-03,GBU,OPT,GBUQ7 P12100,2027-08-06,P,1.21,0.005600000,3,
2026-09-03,GBU,OPT,GBUQ7 P12200,2027-08-06,P,1.22,0.006400000,3,
2026-09-03,GBU,OPT,GBUQ7 P12300,2027-08-06,P,1.23,0.007300000,3,
2026-09-03,GBU,OPT,GBUQ7 P12400,2027-08-06,P,1.24,0.008300000,3,
2026-09-03,GBU,OPT,GBUQ7 P12500,2027-08-06,P,1.25,0.009400000,3,
2026-09-03,GBU,OPT,GBUQ7 P12600,2027-08-06,P,1.26,0.010800000,3,
2026-09-03,GBU,OPT,GBUQ7 P12700,2027-08-06,P,1.27,0.012300000,3,1
2026-09-03,GBU,OPT,GBUQ7 P12800,2027-08-06,P,1.28,0.014100000,3,2
2026-09-03,GBU,OPT,GBUQ7 P12900,2027-08-06,P,1.29,0.016000000,3,
2026-09-03,GBU,OPT,GBUQ7 P12950,2027-08-06,P,1.295,0.017200000,3,
2026-09-03,GBU,OPT,GBUQ7 P13000,2027-08-06,P,1.3,0.018300000,3,
2026-09-03,GBU,OPT,GBUQ7 P13050,2027-08-06,P,1.305,0.019600000,3,
2026-09-03,GBU,OPT,GBUQ7 P13100,2027-08-06,P,1.31,0.020900000,3,
2026-09-03,GBU,OPT,GBUQ7 P13150,2027-08-06,P,1.315,0.022400000,3,
2026-09-03,GBU,OPT,GBUQ7 P13200,2027-08-06,P,1.32,0.023900000,3,
2026-09-03,GBU,OPT,GBUQ7 P13250,2027-08-06,P,1.325,0.025500000,3,
2026-09-03,GBU,OPT,GBUQ7 P13300,2027-08-06,P,1.33,0.027300000,3,
2026-09-03,GBU,OPT,GBUQ7 P13350,2027-08-06,P,1.335,0.029100000,3,
2026-09-03,GBU,OPT,GBUQ7 P13400,2027-08-06,P,1.34,0.031000000,3,
2026-09-03,GBU,OPT,GBUQ7 P13450,2027-08-06,P,1.345,0.033100000,3,
2026-09-03,GBU,OPT,GBUQ7 P13500,2027-08-06,P,1.35,0.035200000,3,
2026-09-03,GBU,OPT,GBUQ7 P13550,2027-08-06,P,1.355,0.037500000,3,
2026-09-03,GBU,OPT,GBUQ7 P13600,2027-08-06,P,1.36,0.039800000,3,
2026-09-03,GBU,OPT,GBUQ7 P13650,2027-08-06,P,1.365,0.042300000,3,
2026-09-03,GBU,OPT,GBUQ7 P13700,2027-08-06,P,1.37,0.044900000,3,
2026-09-03,GBU,OPT,GBUQ7 P13750,2027-08-06,P,1.375,0.047600000,3,
2026-09-03,GBU,OPT,GBUQ7 P13800,2027-08-06,P,1.38,0.050500000,3,
2026-09-03,GBU,OPT,GBUQ7 P13850,2027-08-06,P,1.385,0.053400000,3,
2026-09-03,GBU,OPT,GBUQ7 P13900,2027-08-06,P,1.39,0.056500000,3,
2026-09-03,GBU,OPT,GBUQ7 P13950,2027-08-06,P,1.395,0.059700000,3,
2026-09-03,GBU,OPT,GBUQ7 P14000,2027-08-06,P,1.4,0.063000000,3,
2026-09-03,GBU,OPT,GBUQ7 P14050,2027-08-06,P,1.405,0.066400000,3,
2026-09-03,GBU,OPT,GBUQ7 P14100,2027-08-06,P,1.41,0.069900000,3,
2026-09-03,GBU,OPT,GBUQ7 P14150,2027-08-06,P,1.415,0.073600000,3,
2026-09-03,GBU,OPT,GBUQ7 P14200,2027-08-06,P,1.42,0.077300000,3,
2026-09-03,GBU,OPT,GBUQ7 P14300,2027-08-06,P,1.43,0.085000000,3,
2026-09-03,GBU,OPT,GBUQ7 P14400,2027-08-06,P,1.44,0.092900000,3,
2026-09-03,GBU,OPT,GBUQ7 P14500,2027-08-06,P,1.45,0.101200000,3,
2026-09-03,GBU,OPT,GBUQ7 P14600,2027-08-06,P,1.46,0.109600000,3,
2026-09-03,GBU,OPT,GBUQ7 P14700,2027-08-06,P,1.47,0.118300000,3,
2026-09-03,GBU,OPT,GBUQ7 P14800,2027-08-06,P,1.48,0.127100000,3,
2026-09-03,GBU,OPT,GBUQ7 P14900,2027-08-06,P,1.49,0.136000000,3,
2026-09-03,GBU,OPT,GBUQ7 P15000,2027-08-06,P,1.5,0.145000000,3,
2026-09-03,GBU,OPT,GBUQ7 P15100,2027-08-06,P,1.51,0.154200000,3,
2026-09-03,GBU,OPT,GBUQ7 P15200,2027-08-06,P,1.52,0.163300000,3,
2026-09-03,GBU,OPT,GBUQ7 P15300,2027-08-06,P,1.53,0.172500000,3,
2026-09-03,GBU,OPT,GBUQ7 P15400,2027-08-06,P,1.54,0.181800000,3,
2026-09-03,GBU,OPT,GBUQ7 P15500,2027-08-06,P,1.55,0.191200000,3,
2026-09-03,GBU,OPT,GBUQ7 P15600,2027-08-06,P,1.56,0.200600000,3,
2026-09-03,GBU,OPT,GBUU7 C11000,2027-09-03,C,1.1,0.244500000,3,
2026-09-03,GBU,OPT,GBUU7 C11100,2027-09-03,C,1.11,0.235100000,3,
2026-09-03,GBU,OPT,GBUU7 C11200,2027-09-03,C,1.12,0.225700000,3,
2026-09-03,GBU,OPT,GBUU7 C11300,2027-09-03,C,1.13,0.216400000,3,
2026-09-03,GBU,OPT,GBUU7 C11400,2027-09-03,C,1.14,0.207100000,3,
2026-09-03,GBU,OPT,GBUU7 C11500,2027-09-03,C,1.15,0.197800000,3,
2026-09-03,GBU,OPT,GBUU7 C11600,2027-09-03,C,1.16,0.188600000,3,
2026-09-03,GBU,OPT,GBUU7 C11700,2027-09-03,C,1.17,0.179500000,3,
2026-09-03,GBU,OPT,GBUU7 C11800,2027-09-03,C,1.18,0.170400000,3,
2026-09-03,GBU,OPT,GBUU7 C11900,2027-09-03,C,1.19,0.161400000,3,
2026-09-03,GBU,OPT,GBUU7 C12000,2027-09-03,C,1.2,0.152500000,3,
2026-09-03,GBU,OPT,GBUU7 C12100,2027-09-03,C,1.21,0.143700000,3,
2026-09-03,GBU,OPT,GBUU7 C12200,2027-09-03,C,1.22,0.134900000,3,
2026-09-03,GBU,OPT,GBUU7 C12300,2027-09-03,C,1.23,0.126300000,3,
2026-09-03,GBU,OPT,GBUU7 C12400,2027-09-03,C,1.24,0.117900000,3,
2026-09-03,GBU,OPT,GBUU7 C12450,2027-09-03,C,1.245,0.113700000,3,
2026-09-03,GBU,OPT,GBUU7 C12500,2027-09-03,C,1.25,0.109500000,3,
2026-09-03,GBU,OPT,GBUU7 C12550,2027-09-03,C,1.255,0.105400000,3,
2026-09-03,GBU,OPT,GBUU7 C12600,2027-09-03,C,1.26,0.101400000,3,
2026-09-03,GBU,OPT,GBUU7 C12650,2027-09-03,C,1.265,0.097400000,3,
2026-09-03,GBU,OPT,GBUU7 C12700,2027-09-03,C,1.27,0.093400000,3,
2026-09-03,GBU,OPT,GBUU7 C12750,2027-09-03,C,1.275,0.089500000,3,
2026-09-03,GBU,OPT,GBUU7 C12800,2027-09-03,C,1.28,0.085700000,3,
2026-09-03,GBU,OPT,GBUU7 C12850,2027-09-03,C,1.285,0.081900000,3,
2026-09-03,GBU,OPT,GBUU7 C12900,2027-09-03,C,1.29,0.078100000,3,
2026-09-03,GBU,OPT,GBUU7 C12950,2027-09-03,C,1.295,0.074500000,3,
2026-09-03,GBU,OPT,GBUU7 C13000,2027-09-03,C,1.3,0.070900000,3,
2026-09-03,GBU,OPT,GBUU7 C13050,2027-09-03,C,1.305,0.067400000,3,
2026-09-03,GBU,OPT,GBUU7 C13100,2027-09-03,C,1.31,0.064000000,3,
2026-09-03,GBU,OPT,GBUU7 C13150,2027-09-03,C,1.315,0.060600000,3,
2026-09-03,GBU,OPT,GBUU7 C13200,2027-09-03,C,1.32,0.057300000,3,
2026-09-03,GBU,OPT,GBUU7 C13250,2027-09-03,C,1.325,0.054200000,3,
2026-09-03,GBU,OPT,GBUU7 C13300,2027-09-03,C,1.33,0.051100000,3,
2026-09-03,GBU,OPT,GBUU7 C13350,2027-09-03,C,1.335,0.048100000,3,
2026-09-03,GBU,OPT,GBUU7 C13400,2027-09-03,C,1.34,0.045200000,3,
2026-09-03,GBU,OPT,GBUU7 C13450,2027-09-03,C,1.345,0.042500000,3,
2026-09-03,GBU,OPT,GBUU7 C13500,2027-09-03,C,1.35,0.039800000,3,
2026-09-03,GBU,OPT,GBUU7 C13550,2027-09-03,C,1.355,0.037300000,3,3
2026-09-03,GBU,OPT,GBUU7 C13600,2027-09-03,C,1.36,0.034800000,3,
2026-09-03,GBU,OPT,GBUU7 C13650,2027-09-03,C,1.365,0.032500000,3,
2026-09-03,GBU,OPT,GBUU7 C13700,2027-09-03,C,1.37,0.030300000,3,
2026-09-03,GBU,OPT,GBUU7 C13750,2027-09-03,C,1.375,0.028200000,3,
2026-09-03,GBU,OPT,GBUU7 C13800,2027-09-03,C,1.38,0.026200000,3,
2026-09-03,GBU,OPT,GBUU7 C13850,2027-09-03,C,1.385,0.024300000,3,
2026-09-03,GBU,OPT,GBUU7 C13900,2027-09-03,C,1.39,0.022600000,3,
2026-09-03,GBU,OPT,GBUU7 C13950,2027-09-03,C,1.395,0.021000000,3,
2026-09-03,GBU,OPT,GBUU7 C14000,2027-09-03,C,1.4,0.019400000,3,
2026-09-03,GBU,OPT,GBUU7 C14050,2027-09-03,C,1.405,0.018000000,3,
2026-09-03,GBU,OPT,GBUU7 C14100,2027-09-03,C,1.41,0.016700000,3,
2026-09-03,GBU,OPT,GBUU7 C14150,2027-09-03,C,1.415,0.015400000,3,
2026-09-03,GBU,OPT,GBUU7 C14200,2027-09-03,C,1.42,0.014300000,3,3
2026-09-03,GBU,OPT,GBUU7 C14250,2027-09-03,C,1.425,0.013200000,3,
2026-09-03,GBU,OPT,GBUU7 C14300,2027-09-03,C,1.43,0.012200000,3,
2026-09-03,GBU,OPT,GBUU7 C14400,2027-09-03,C,1.44,0.010500000,3,
2026-09-03,GBU,OPT,GBUU7 C14500,2027-09-03,C,1.45,0.009000000,3,1
2026-09-03,GBU,OPT,GBUU7 C14600,2027-09-03,C,1.46,0.007700000,3,
2026-09-03,GBU,OPT,GBUU7 C14700,2027-09-03,C,1.47,0.006500000,3,
2026-09-03,GBU,OPT,GBUU7 C14800,2027-09-03,C,1.48,0.005600000,3,
2026-09-03,GBU,OPT,GBUU7 C14900,2027-09-03,C,1.49,0.004800000,3,
2026-09-03,GBU,OPT,GBUU7 C15000,2027-09-03,C,1.5,0.004100000,3,
2026-09-03,GBU,OPT,GBUU7 C15100,2027-09-03,C,1.51,0.003400000,3,
2026-09-03,GBU,OPT,GBUU7 C15200,2027-09-03,C,1.52,0.002900000,3,
2026-09-03,GBU,OPT,GBUU7 C15300,2027-09-03,C,1.53,0.002400000,3,
2026-09-03,GBU,OPT,GBUU7 C15400,2027-09-03,C,1.54,0.002000000,3,2
2026-09-03,GBU,OPT,GBUU7 C15500,2027-09-03,C,1.55,0.001700000,3,
2026-09-03,GBU,OPT,GBUU7 C15600,2027-09-03,C,1.56,0.001400000,3,
2026-09-03,GBU,OPT,GBUU7 C15700,2027-09-03,C,1.57,0.001300000,3,4
2026-09-03,GBU,OPT,GBUU7 P11000,2027-09-03,P,1.1,0.001700000,3,10
2026-09-03,GBU,OPT,GBUU7 P11100,2027-09-03,P,1.11,0.001900000,3,
2026-09-03,GBU,OPT,GBUU7 P11200,2027-09-03,P,1.12,0.002200000,3,10
2026-09-03,GBU,OPT,GBUU7 P11300,2027-09-03,P,1.13,0.002400000,3,
2026-09-03,GBU,OPT,GBUU7 P11400,2027-09-03,P,1.14,0.002700000,3,
2026-09-03,GBU,OPT,GBUU7 P11500,2027-09-03,P,1.15,0.003100000,3,
2026-09-03,GBU,OPT,GBUU7 P11600,2027-09-03,P,1.16,0.003400000,3,
2026-09-03,GBU,OPT,GBUU7 P11700,2027-09-03,P,1.17,0.003900000,3,
2026-09-03,GBU,OPT,GBUU7 P11800,2027-09-03,P,1.18,0.004400000,3,
2026-09-03,GBU,OPT,GBUU7 P11900,2027-09-03,P,1.19,0.005000000,3,
2026-09-03,GBU,OPT,GBUU7 P12000,2027-09-03,P,1.2,0.005700000,3,
2026-09-03,GBU,OPT,GBUU7 P12100,2027-09-03,P,1.21,0.006500000,3,
2026-09-03,GBU,OPT,GBUU7 P12200,2027-09-03,P,1.22,0.007300000,3,
2026-09-03,GBU,OPT,GBUU7 P12300,2027-09-03,P,1.23,0.008300000,3,
2026-09-03,GBU,OPT,GBUU7 P12400,2027-09-03,P,1.24,0.009500000,3,1
2026-09-03,GBU,OPT,GBUU7 P12450,2027-09-03,P,1.245,0.010100000,3,
2026-09-03,GBU,OPT,GBUU7 P12500,2027-09-03,P,1.25,0.010800000,3,
2026-09-03,GBU,OPT,GBUU7 P12550,2027-09-03,P,1.255,0.011500000,3,
2026-09-03,GBU,OPT,GBUU7 P12600,2027-09-03,P,1.26,0.012200000,3,
2026-09-03,GBU,OPT,GBUU7 P12650,2027-09-03,P,1.265,0.013000000,3,
2026-09-03,GBU,OPT,GBUU7 P12700,2027-09-03,P,1.27,0.013800000,3,1
2026-09-03,GBU,OPT,GBUU7 P12750,2027-09-03,P,1.275,0.014700000,3,1
2026-09-03,GBU,OPT,GBUU7 P12800,2027-09-03,P,1.28,0.015700000,3,2
2026-09-03,GBU,OPT,GBUU7 P12850,2027-09-03,P,1.285,0.016700000,3,1
2026-09-03,GBU,OPT,GBUU7 P12900,2027-09-03,P,1.29,0.017800000,3,5
2026-09-03,GBU,OPT,GBUU7 P12950,2027-09-03,P,1.295,0.018900000,3,
2026-09-03,GBU,OPT,GBUU7 P13000,2027-09-03,P,1.3,0.020100000,3,2
2026-09-03,GBU,OPT,GBUU7 P13050,2027-09-03,P,1.305,0.021400000,3,
2026-09-03,GBU,OPT,GBUU7 P13100,2027-09-03,P,1.31,0.022800000,3,
2026-09-03,GBU,OPT,GBUU7 P13150,2027-09-03,P,1.315,0.024200000,3,
2026-09-03,GBU,OPT,GBUU7 P13200,2027-09-03,P,1.32,0.025800000,3,
2026-09-03,GBU,OPT,GBUU7 P13250,2027-09-03,P,1.325,0.027400000,3,
2026-09-03,GBU,OPT,GBUU7 P13300,2027-09-03,P,1.33,0.029100000,3,
2026-09-03,GBU,OPT,GBUU7 P13350,2027-09-03,P,1.335,0.030900000,3,
2026-09-03,GBU,OPT,GBUU7 P13400,2027-09-03,P,1.34,0.032900000,3,
2026-09-03,GBU,OPT,GBUU7 P13450,2027-09-03,P,1.345,0.034900000,3,
2026-09-03,GBU,OPT,GBUU7 P13500,2027-09-03,P,1.35,0.037000000,3,1
2026-09-03,GBU,OPT,GBUU7 P13550,2027-09-03,P,1.355,0.039300000,3,3
2026-09-03,GBU,OPT,GBUU7 P13600,2027-09-03,P,1.36,0.041600000,3,
2026-09-03,GBU,OPT,GBUU7 P13650,2027-09-03,P,1.365,0.044100000,3,
2026-09-03,GBU,OPT,GBUU7 P13700,2027-09-03,P,1.37,0.046700000,3,
2026-09-03,GBU,OPT,GBUU7 P13750,2027-09-03,P,1.375,0.049400000,3,
2026-09-03,GBU,OPT,GBUU7 P13800,2027-09-03,P,1.38,0.052200000,3,
2026-09-03,GBU,OPT,GBUU7 P13850,2027-09-03,P,1.385,0.055200000,3,
2026-09-03,GBU,OPT,GBUU7 P13900,2027-09-03,P,1.39,0.058200000,3,
2026-09-03,GBU,OPT,GBUU7 P13950,2027-09-03,P,1.395,0.061400000,3,
2026-09-03,GBU,OPT,GBUU7 P14000,2027-09-03,P,1.4,0.064600000,3,
2026-09-03,GBU,OPT,GBUU7 P14050,2027-09-03,P,1.405,0.068000000,3,
2026-09-03,GBU,OPT,GBUU7 P14100,2027-09-03,P,1.41,0.071500000,3,
2026-09-03,GBU,OPT,GBUU7 P14150,2027-09-03,P,1.415,0.075100000,3,
2026-09-03,GBU,OPT,GBUU7 P14200,2027-09-03,P,1.42,0.078700000,3,
2026-09-03,GBU,OPT,GBUU7 P14250,2027-09-03,P,1.425,0.082500000,3,
2026-09-03,GBU,OPT,GBUU7 P14300,2027-09-03,P,1.43,0.086300000,3,
2026-09-03,GBU,OPT,GBUU7 P14400,2027-09-03,P,1.44,0.094100000,3,
2026-09-03,GBU,OPT,GBUU7 P14500,2027-09-03,P,1.45,0.102200000,3,
2026-09-03,GBU,OPT,GBUU7 P14600,2027-09-03,P,1.46,0.110500000,3,
2026-09-03,GBU,OPT,GBUU7 P14700,2027-09-03,P,1.47,0.118900000,3,
2026-09-03,GBU,OPT,GBUU7 P14800,2027-09-03,P,1.48,0.127600000,3,
2026-09-03,GBU,OPT,GBUU7 P14900,2027-09-03,P,1.49,0.136400000,3,
2026-09-03,GBU,OPT,GBUU7 P15000,2027-09-03,P,1.5,0.145300000,3,
2026-09-03,GBU,OPT,GBUU7 P15100,2027-09-03,P,1.51,0.154200000,3,
2026-09-03,GBU,OPT,GBUU7 P15200,2027-09-03,P,1.52,0.163300000,3,
2026-09-03,GBU,OPT,GBUU7 P15300,2027-09-03,P,1.53,0.172400000,3,
2026-09-03,GBU,OPT,GBUU7 P15400,2027-09-03,P,1.54,0.181600000,3,
2026-09-03,GBU,OPT,GBUU7 P15500,2027-09-03,P,1.55,0.190900000,3,
2026-09-03,GBU,OPT,GBUU7 P15600,2027-09-03,P,1.56,0.200300000,3,
2026-09-03,GBU,OPT,GBUU7 P15700,2027-09-03,P,1.57,0.209700000,3,
2026-09-03,GBU,OPT,GBUZ7 C11100,2027-12-03,C,1.11,0.232900000,3,
2026-09-03,GBU,OPT,GBUZ7 C11200,2027-12-03,C,1.12,0.223700000,3,
2026-09-03,GBU,OPT,GBUZ7 C11300,2027-12-03,C,1.13,0.214600000,3,
2026-09-03,GBU,OPT,GBUZ7 C11400,2027-12-03,C,1.14,0.205500000,3,
2026-09-03,GBU,OPT,GBUZ7 C11500,2027-12-03,C,1.15,0.196500000,3,
2026-09-03,GBU,OPT,GBUZ7 C11600,2027-12-03,C,1.16,0.187600000,3,
2026-09-03,GBU,OPT,GBUZ7 C11700,2027-12-03,C,1.17,0.178700000,3,
2026-09-03,GBU,OPT,GBUZ7 C11800,2027-12-03,C,1.18,0.169900000,3,
2026-09-03,GBU,OPT,GBUZ7 C11900,2027-12-03,C,1.19,0.161100000,3,
2026-09-03,GBU,OPT,GBUZ7 C12000,2027-12-03,C,1.2,0.152300000,3,
2026-09-03,GBU,OPT,GBUZ7 C12100,2027-12-03,C,1.21,0.143700000,3,
2026-09-03,GBU,OPT,GBUZ7 C12200,2027-12-03,C,1.22,0.135100000,3,
2026-09-03,GBU,OPT,GBUZ7 C12300,2027-12-03,C,1.23,0.126700000,3,
2026-09-03,GBU,OPT,GBUZ7 C12400,2027-12-03,C,1.24,0.118400000,3,
2026-09-03,GBU,OPT,GBUZ7 C12500,2027-12-03,C,1.25,0.110300000,3,
2026-09-03,GBU,OPT,GBUZ7 C12550,2027-12-03,C,1.255,0.106300000,3,
2026-09-03,GBU,OPT,GBUZ7 C12600,2027-12-03,C,1.26,0.102300000,3,
2026-09-03,GBU,OPT,GBUZ7 C12650,2027-12-03,C,1.265,0.098400000,3,
2026-09-03,GBU,OPT,GBUZ7 C12700,2027-12-03,C,1.27,0.094500000,3,
2026-09-03,GBU,OPT,GBUZ7 C12750,2027-12-03,C,1.275,0.090700000,3,
2026-09-03,GBU,OPT,GBUZ7 C12800,2027-12-03,C,1.28,0.087000000,3,
2026-09-03,GBU,OPT,GBUZ7 C12850,2027-12-03,C,1.285,0.083300000,3,
2026-09-03,GBU,OPT,GBUZ7 C12900,2027-12-03,C,1.29,0.079600000,3,
2026-09-03,GBU,OPT,GBUZ7 C12950,2027-12-03,C,1.295,0.076000000,3,
2026-09-03,GBU,OPT,GBUZ7 C13000,2027-12-03,C,1.3,0.072500000,3,
2026-09-03,GBU,OPT,GBUZ7 C13050,2027-12-03,C,1.305,0.069000000,3,
2026-09-03,GBU,OPT,GBUZ7 C13100,2027-12-03,C,1.31,0.065700000,3,
2026-09-03,GBU,OPT,GBUZ7 C13150,2027-12-03,C,1.315,0.062300000,3,
2026-09-03,GBU,OPT,GBUZ7 C13200,2027-12-03,C,1.32,0.059100000,3,
2026-09-03,GBU,OPT,GBUZ7 C13250,2027-12-03,C,1.325,0.056000000,3,
2026-09-03,GBU,OPT,GBUZ7 C13300,2027-12-03,C,1.33,0.052900000,3,
2026-09-03,GBU,OPT,GBUZ7 C13350,2027-12-03,C,1.335,0.050000000,3,
2026-09-03,GBU,OPT,GBUZ7 C13400,2027-12-03,C,1.34,0.047100000,3,
2026-09-03,GBU,OPT,GBUZ7 C13450,2027-12-03,C,1.345,0.044400000,3,
2026-09-03,GBU,OPT,GBUZ7 C13500,2027-12-03,C,1.35,0.041700000,3,
2026-09-03,GBU,OPT,GBUZ7 C13550,2027-12-03,C,1.355,0.039200000,3,
2026-09-03,GBU,OPT,GBUZ7 C13600,2027-12-03,C,1.36,0.036800000,3,
2026-09-03,GBU,OPT,GBUZ7 C13650,2027-12-03,C,1.365,0.034500000,3,
2026-09-03,GBU,OPT,GBUZ7 C13700,2027-12-03,C,1.37,0.032300000,3,
2026-09-03,GBU,OPT,GBUZ7 C13750,2027-12-03,C,1.375,0.030200000,3,
2026-09-03,GBU,OPT,GBUZ7 C13800,2027-12-03,C,1.38,0.028200000,3,
2026-09-03,GBU,OPT,GBUZ7 C13850,2027-12-03,C,1.385,0.026400000,3,
2026-09-03,GBU,OPT,GBUZ7 C13900,2027-12-03,C,1.39,0.024600000,3,
2026-09-03,GBU,OPT,GBUZ7 C13950,2027-12-03,C,1.395,0.022900000,3,
2026-09-03,GBU,OPT,GBUZ7 C14000,2027-12-03,C,1.4,0.021400000,3,
2026-09-03,GBU,OPT,GBUZ7 C14050,2027-12-03,C,1.405,0.019900000,3,
2026-09-03,GBU,OPT,GBUZ7 C14100,2027-12-03,C,1.41,0.018500000,3,
2026-09-03,GBU,OPT,GBUZ7 C14150,2027-12-03,C,1.415,0.017200000,3,
2026-09-03,GBU,OPT,GBUZ7 C14200,2027-12-03,C,1.42,0.016000000,3,
2026-09-03,GBU,OPT,GBUZ7 C14250,2027-12-03,C,1.425,0.014900000,3,
2026-09-03,GBU,OPT,GBUZ7 C14300,2027-12-03,C,1.43,0.013800000,3,
2026-09-03,GBU,OPT,GBUZ7 C14400,2027-12-03,C,1.44,0.011900000,3,
2026-09-03,GBU,OPT,GBUZ7 C14500,2027-12-03,C,1.45,0.010200000,3,
2026-09-03,GBU,OPT,GBUZ7 C14600,2027-12-03,C,1.46,0.008800000,3,
2026-09-03,GBU,OPT,GBUZ7 C14700,2027-12-03,C,1.47,0.007500000,3,
2026-09-03,GBU,OPT,GBUZ7 C14800,2027-12-03,C,1.48,0.006500000,3,
2026-09-03,GBU,OPT,GBUZ7 C14900,2027-12-03,C,1.49,0.005500000,3,
2026-09-03,GBU,OPT,GBUZ7 C15000,2027-12-03,C,1.5,0.004800000,3,
2026-09-03,GBU,OPT,GBUZ7 C15100,2027-12-03,C,1.51,0.004200000,3,
2026-09-03,GBU,OPT,GBUZ7 C15200,2027-12-03,C,1.52,0.003700000,3,
2026-09-03,GBU,OPT,GBUZ7 C15300,2027-12-03,C,1.53,0.003000000,3,
2026-09-03,GBU,OPT,GBUZ7 C15400,2027-12-03,C,1.54,0.002500000,3,
2026-09-03,GBU,OPT,GBUZ7 C15500,2027-12-03,C,1.55,0.002100000,3,
2026-09-03,GBU,OPT,GBUZ7 C15600,2027-12-03,C,1.56,0.001700000,3,
2026-09-03,GBU,OPT,GBUZ7 C15700,2027-12-03,C,1.57,0.001400000,3,
2026-09-03,GBU,OPT,GBUZ7 P11100,2027-12-03,P,1.11,0.002600000,3,
2026-09-03,GBU,OPT,GBUZ7 P11200,2027-12-03,P,1.12,0.003000000,3,
2026-09-03,GBU,OPT,GBUZ7 P11300,2027-12-03,P,1.13,0.003400000,3,50
2026-09-03,GBU,OPT,GBUZ7 P11400,2027-12-03,P,1.14,0.003800000,3,
2026-09-03,GBU,OPT,GBUZ7 P11500,2027-12-03,P,1.15,0.004300000,3,
2026-09-03,GBU,OPT,GBUZ7 P11600,2027-12-03,P,1.16,0.004900000,3,
2026-09-03,GBU,OPT,GBUZ7 P11700,2027-12-03,P,1.17,0.005500000,3,
2026-09-03,GBU,OPT,GBUZ7 P11800,2027-12-03,P,1.18,0.006100000,3,
2026-09-03,GBU,OPT,GBUZ7 P11900,2027-12-03,P,1.19,0.006800000,3,
2026-09-03,GBU,OPT,GBUZ7 P12000,2027-12-03,P,1.2,0.007600000,3,
2026-09-03,GBU,OPT,GBUZ7 P12100,2027-12-03,P,1.21,0.008400000,3,
2026-09-03,GBU,OPT,GBUZ7 P12200,2027-12-03,P,1.22,0.009400000,3,
2026-09-03,GBU,OPT,GBUZ7 P12300,2027-12-03,P,1.23,0.010500000,3,
2026-09-03,GBU,OPT,GBUZ7 P12400,2027-12-03,P,1.24,0.011700000,3,
2026-09-03,GBU,OPT,GBUZ7 P12500,2027-12-03,P,1.25,0.013000000,3,
2026-09-03,GBU,OPT,GBUZ7 P12550,2027-12-03,P,1.255,0.013800000,3,
2026-09-03,GBU,OPT,GBUZ7 P12600,2027-12-03,P,1.26,0.014600000,3,
2026-09-03,GBU,OPT,GBUZ7 P12650,2027-12-03,P,1.265,0.015400000,3,
2026-09-03,GBU,OPT,GBUZ7 P12700,2027-12-03,P,1.27,0.016300000,3,
2026-09-03,GBU,OPT,GBUZ7 P12750,2027-12-03,P,1.275,0.017200000,3,
2026-09-03,GBU,OPT,GBUZ7 P12800,2027-12-03,P,1.28,0.018200000,3,
2026-09-03,GBU,OPT,GBUZ7 P12850,2027-12-03,P,1.285,0.019200000,3,
2026-09-03,GBU,OPT,GBUZ7 P12900,2027-12-03,P,1.29,0.020300000,3,
2026-09-03,GBU,OPT,GBUZ7 P12950,2027-12-03,P,1.295,0.021500000,3,
2026-09-03,GBU,OPT,GBUZ7 P13000,2027-12-03,P,1.3,0.022700000,3,
2026-09-03,GBU,OPT,GBUZ7 P13050,2027-12-03,P,1.305,0.024000000,3,
2026-09-03,GBU,OPT,GBUZ7 P13100,2027-12-03,P,1.31,0.025400000,3,
2026-09-03,GBU,OPT,GBUZ7 P13150,2027-12-03,P,1.315,0.026800000,3,
2026-09-03,GBU,OPT,GBUZ7 P13200,2027-12-03,P,1.32,0.028300000,3,
2026-09-03,GBU,OPT,GBUZ7 P13250,2027-12-03,P,1.325,0.029900000,3,
2026-09-03,GBU,OPT,GBUZ7 P13300,2027-12-03,P,1.33,0.031600000,3,
2026-09-03,GBU,OPT,GBUZ7 P13350,2027-12-03,P,1.335,0.033400000,3,
2026-09-03,GBU,OPT,GBUZ7 P13400,2027-12-03,P,1.34,0.035300000,3,
2026-09-03,GBU,OPT,GBUZ7 P13450,2027-12-03,P,1.345,0.037400000,3,
2026-09-03,GBU,OPT,GBUZ7 P13500,2027-12-03,P,1.35,0.039500000,3,
2026-09-03,GBU,OPT,GBUZ7 P13550,2027-12-03,P,1.355,0.041700000,3,
2026-09-03,GBU,OPT,GBUZ7 P13600,2027-12-03,P,1.36,0.044000000,3,
2026-09-03,GBU,OPT,GBUZ7 P13650,2027-12-03,P,1.365,0.046500000,3,
2026-09-03,GBU,OPT,GBUZ7 P13700,2027-12-03,P,1.37,0.049000000,3,
2026-09-03,GBU,OPT,GBUZ7 P13750,2027-12-03,P,1.375,0.051700000,3,
2026-09-03,GBU,OPT,GBUZ7 P13800,2027-12-03,P,1.38,0.054400000,3,
2026-09-03,GBU,OPT,GBUZ7 P13850,2027-12-03,P,1.385,0.057300000,3,
2026-09-03,GBU,OPT,GBUZ7 P13900,2027-12-03,P,1.39,0.060300000,3,
2026-09-03,GBU,OPT,GBUZ7 P13950,2027-12-03,P,1.395,0.063400000,3,
2026-09-03,GBU,OPT,GBUZ7 P14000,2027-12-03,P,1.4,0.066600000,3,
2026-09-03,GBU,OPT,GBUZ7 P14050,2027-12-03,P,1.405,0.069900000,3,
2026-09-03,GBU,OPT,GBUZ7 P14100,2027-12-03,P,1.41,0.073200000,3,
2026-09-03,GBU,OPT,GBUZ7 P14150,2027-12-03,P,1.415,0.076700000,3,
2026-09-03,GBU,OPT,GBUZ7 P14200,2027-12-03,P,1.42,0.080200000,3,
2026-09-03,GBU,OPT,GBUZ7 P14250,2027-12-03,P,1.425,0.083800000,3,
2026-09-03,GBU,OPT,GBUZ7 P14300,2027-12-03,P,1.43,0.087500000,3,
2026-09-03,GBU,OPT,GBUZ7 P14400,2027-12-03,P,1.44,0.095100000,3,
2026-09-03,GBU,OPT,GBUZ7 P14500,2027-12-03,P,1.45,0.102900000,3,
2026-09-03,GBU,OPT,GBUZ7 P14600,2027-12-03,P,1.46,0.111000000,3,
2026-09-03,GBU,OPT,GBUZ7 P14700,2027-12-03,P,1.47,0.119200000,3,
2026-09-03,GBU,OPT,GBUZ7 P14800,2027-12-03,P,1.48,0.127600000,3,
2026-09-03,GBU,OPT,GBUZ7 P14900,2027-12-03,P,1.49,0.136200000,3,
2026-09-03,GBU,OPT,GBUZ7 P15000,2027-12-03,P,1.5,0.145000000,3,
2026-09-03,GBU,OPT,GBUZ7 P15100,2027-12-03,P,1.51,0.153900000,3,
2026-09-03,GBU,OPT,GBUZ7 P15200,2027-12-03,P,1.52,0.162800000,3,
2026-09-03,GBU,OPT,GBUZ7 P15300,2027-12-03,P,1.53,0.171700000,3,
2026-09-03,GBU,OPT,GBUZ7 P15400,2027-12-03,P,1.54,0.180700000,3,
2026-09-03,GBU,OPT,GBUZ7 P15500,2027-12-03,P,1.55,0.189800000,3,
2026-09-03,GBU,OPT,GBUZ7 P15600,2027-12-03,P,1.56,0.198900000,3,
2026-09-03,GBU,OPT,GBUZ7 P15700,2027-12-03,P,1.57,0.208100000,3,
2026-09-03,GBU,OPT,GBUH8 C11100,2028-03-03,C,1.11,0.231300000,3,
2026-09-03,GBU,OPT,GBUH8 C11200,2028-03-03,C,1.12,0.222400000,3,
2026-09-03,GBU,OPT,GBUH8 C11300,2028-03-03,C,1.13,0.213500000,3,
2026-09-03,GBU,OPT,GBUH8 C11400,2028-03-03,C,1.14,0.204700000,3,
2026-09-03,GBU,OPT,GBUH8 C11500,2028-03-03,C,1.15,0.195900000,3,
2026-09-03,GBU,OPT,GBUH8 C11600,2028-03-03,C,1.16,0.187200000,3,
2026-09-03,GBU,OPT,GBUH8 C11700,2028-03-03,C,1.17,0.178600000,3,
2026-09-03,GBU,OPT,GBUH8 C11800,2028-03-03,C,1.18,0.169900000,3,
2026-09-03,GBU,OPT,GBUH8 C11900,2028-03-03,C,1.19,0.161400000,3,
2026-09-03,GBU,OPT,GBUH8 C12000,2028-03-03,C,1.2,0.152900000,3,
2026-09-03,GBU,OPT,GBUH8 C12100,2028-03-03,C,1.21,0.144400000,3,
2026-09-03,GBU,OPT,GBUH8 C12200,2028-03-03,C,1.22,0.136100000,3,
2026-09-03,GBU,OPT,GBUH8 C12300,2028-03-03,C,1.23,0.127900000,3,
2026-09-03,GBU,OPT,GBUH8 C12400,2028-03-03,C,1.24,0.119800000,3,
2026-09-03,GBU,OPT,GBUH8 C12500,2028-03-03,C,1.25,0.111900000,3,
2026-09-03,GBU,OPT,GBUH8 C12550,2028-03-03,C,1.255,0.108000000,3,
2026-09-03,GBU,OPT,GBUH8 C12600,2028-03-03,C,1.26,0.104200000,3,
2026-09-03,GBU,OPT,GBUH8 C12650,2028-03-03,C,1.265,0.100300000,3,
2026-09-03,GBU,OPT,GBUH8 C12700,2028-03-03,C,1.27,0.096600000,3,
2026-09-03,GBU,OPT,GBUH8 C12750,2028-03-03,C,1.275,0.092900000,3,
2026-09-03,GBU,OPT,GBUH8 C12800,2028-03-03,C,1.28,0.089200000,3,
2026-09-03,GBU,OPT,GBUH8 C12850,2028-03-03,C,1.285,0.085600000,3,
2026-09-03,GBU,OPT,GBUH8 C12900,2028-03-03,C,1.29,0.082000000,3,
2026-09-03,GBU,OPT,GBUH8 C12950,2028-03-03,C,1.295,0.078500000,3,
2026-09-03,GBU,OPT,GBUH8 C13000,2028-03-03,C,1.3,0.075100000,3,
2026-09-03,GBU,OPT,GBUH8 C13050,2028-03-03,C,1.305,0.071700000,3,
2026-09-03,GBU,OPT,GBUH8 C13100,2028-03-03,C,1.31,0.068400000,3,
2026-09-03,GBU,OPT,GBUH8 C13150,2028-03-03,C,1.315,0.065200000,3,
2026-09-03,GBU,OPT,GBUH8 C13200,2028-03-03,C,1.32,0.062000000,3,
2026-09-03,GBU,OPT,GBUH8 C13250,2028-03-03,C,1.325,0.058900000,3,
2026-09-03,GBU,OPT,GBUH8 C13300,2028-03-03,C,1.33,0.055900000,3,
2026-09-03,GBU,OPT,GBUH8 C13350,2028-03-03,C,1.335,0.053000000,3,
2026-09-03,GBU,OPT,GBUH8 C13400,2028-03-03,C,1.34,0.050200000,3,
2026-09-03,GBU,OPT,GBUH8 C13450,2028-03-03,C,1.345,0.047500000,3,
2026-09-03,GBU,OPT,GBUH8 C13500,2028-03-03,C,1.35,0.044900000,3,
2026-09-03,GBU,OPT,GBUH8 C13550,2028-03-03,C,1.355,0.042400000,3,
2026-09-03,GBU,OPT,GBUH8 C13600,2028-03-03,C,1.36,0.040000000,3,
2026-09-03,GBU,OPT,GBUH8 C13650,2028-03-03,C,1.365,0.037700000,3,
2026-09-03,GBU,OPT,GBUH8 C13700,2028-03-03,C,1.37,0.035500000,3,
2026-09-03,GBU,OPT,GBUH8 C13750,2028-03-03,C,1.375,0.033400000,3,
2026-09-03,GBU,OPT,GBUH8 C13800,2028-03-03,C,1.38,0.031400000,3,
2026-09-03,GBU,OPT,GBUH8 C13850,2028-03-03,C,1.385,0.029500000,3,
2026-09-03,GBU,OPT,GBUH8 C13900,2028-03-03,C,1.39,0.027700000,3,
2026-09-03,GBU,OPT,GBUH8 C13950,2028-03-03,C,1.395,0.026000000,3,
2026-09-03,GBU,OPT,GBUH8 C14000,2028-03-03,C,1.4,0.024400000,3,
2026-09-03,GBU,OPT,GBUH8 C14050,2028-03-03,C,1.405,0.022900000,3,
2026-09-03,GBU,OPT,GBUH8 C14100,2028-03-03,C,1.41,0.021500000,3,
2026-09-03,GBU,OPT,GBUH8 C14200,2028-03-03,C,1.42,0.018900000,3,
2026-09-03,GBU,OPT,GBUH8 C14300,2028-03-03,C,1.43,0.016500000,3,
2026-09-03,GBU,OPT,GBUH8 C14400,2028-03-03,C,1.44,0.014500000,3,
2026-09-03,GBU,OPT,GBUH8 C14500,2028-03-03,C,1.45,0.012700000,3,
2026-09-03,GBU,OPT,GBUH8 C14600,2028-03-03,C,1.46,0.011100000,3,
2026-09-03,GBU,OPT,GBUH8 C14700,2028-03-03,C,1.47,0.009700000,3,
2026-09-03,GBU,OPT,GBUH8 C14800,2028-03-03,C,1.48,0.008500000,3,
2026-09-03,GBU,OPT,GBUH8 C14900,2028-03-03,C,1.49,0.007400000,3,
2026-09-03,GBU,OPT,GBUH8 C15000,2028-03-03,C,1.5,0.006600000,3,
2026-09-03,GBU,OPT,GBUH8 C15100,2028-03-03,C,1.51,0.005800000,3,
2026-09-03,GBU,OPT,GBUH8 C15200,2028-03-03,C,1.52,0.005200000,3,
2026-09-03,GBU,OPT,GBUH8 C15300,2028-03-03,C,1.53,0.004600000,3,
2026-09-03,GBU,OPT,GBUH8 C15400,2028-03-03,C,1.54,0.004100000,3,
2026-09-03,GBU,OPT,GBUH8 C15500,2028-03-03,C,1.55,0.003600000,3,
2026-09-03,GBU,OPT,GBUH8 C15600,2028-03-03,C,1.56,0.003200000,3,
2026-09-03,GBU,OPT,GBUH8 P11100,2028-03-03,P,1.11,0.004000000,3,
2026-09-03,GBU,OPT,GBUH8 P11200,2028-03-03,P,1.12,0.004400000,3,
2026-09-03,GBU,OPT,GBUH8 P11300,2028-03-03,P,1.13,0.004900000,3,
2026-09-03,GBU,OPT,GBUH8 P11400,2028-03-03,P,1.14,0.005500000,3,
2026-09-03,GBU,OPT,GBUH8 P11500,2028-03-03,P,1.15,0.006200000,3,
2026-09-03,GBU,OPT,GBUH8 P11600,2028-03-03,P,1.16,0.006900000,3,
2026-09-03,GBU,OPT,GBUH8 P11700,2028-03-03,P,1.17,0.007600000,3,
2026-09-03,GBU,OPT,GBUH8 P11800,2028-03-03,P,1.18,0.008400000,3,
2026-09-03,GBU,OPT,GBUH8 P11900,2028-03-03,P,1.19,0.009200000,3,
2026-09-03,GBU,OPT,GBUH8 P12000,2028-03-03,P,1.2,0.010100000,3,
2026-09-03,GBU,OPT,GBUH8 P12100,2028-03-03,P,1.21,0.011100000,3,
2026-09-03,GBU,OPT,GBUH8 P12200,2028-03-03,P,1.22,0.012200000,3,
2026-09-03,GBU,OPT,GBUH8 P12300,2028-03-03,P,1.23,0.013300000,3,
2026-09-03,GBU,OPT,GBUH8 P12400,2028-03-03,P,1.24,0.014700000,3,
2026-09-03,GBU,OPT,GBUH8 P12500,2028-03-03,P,1.25,0.016100000,3,
2026-09-03,GBU,OPT,GBUH8 P12550,2028-03-03,P,1.255,0.016900000,3,
2026-09-03,GBU,OPT,GBUH8 P12600,2028-03-03,P,1.26,0.017800000,3,
2026-09-03,GBU,OPT,GBUH8 P12650,2028-03-03,P,1.265,0.018700000,3,
2026-09-03,GBU,OPT,GBUH8 P12700,2028-03-03,P,1.27,0.019600000,3,
2026-09-03,GBU,OPT,GBUH8 P12750,2028-03-03,P,1.275,0.020600000,3,
2026-09-03,GBU,OPT,GBUH8 P12800,2028-03-03,P,1.28,0.021600000,3,
2026-09-03,GBU,OPT,GBUH8 P12850,2028-03-03,P,1.285,0.022700000,3,
2026-09-03,GBU,OPT,GBUH8 P12900,2028-03-03,P,1.29,0.023900000,3,
2026-09-03,GBU,OPT,GBUH8 P12950,2028-03-03,P,1.295,0.025100000,3,
2026-09-03,GBU,OPT,GBUH8 P13000,2028-03-03,P,1.3,0.026300000,3,
2026-09-03,GBU,OPT,GBUH8 P13050,2028-03-03,P,1.305,0.027600000,3,
2026-09-03,GBU,OPT,GBUH8 P13100,2028-03-03,P,1.31,0.029000000,3,
2026-09-03,GBU,OPT,GBUH8 P13150,2028-03-03,P,1.315,0.030500000,3,
2026-09-03,GBU,OPT,GBUH8 P13200,2028-03-03,P,1.32,0.032000000,3,
2026-09-03,GBU,OPT,GBUH8 P13250,2028-03-03,P,1.325,0.033600000,3,
2026-09-03,GBU,OPT,GBUH8 P13300,2028-03-03,P,1.33,0.035300000,3,
2026-09-03,GBU,OPT,GBUH8 P13350,2028-03-03,P,1.335,0.037100000,3,
2026-09-03,GBU,OPT,GBUH8 P13400,2028-03-03,P,1.34,0.039000000,3,
2026-09-03,GBU,OPT,GBUH8 P13450,2028-03-03,P,1.345,0.041000000,3,
2026-09-03,GBU,OPT,GBUH8 P13500,2028-03-03,P,1.35,0.043100000,3,
2026-09-03,GBU,OPT,GBUH8 P13550,2028-03-03,P,1.355,0.045300000,3,
2026-09-03,GBU,OPT,GBUH8 P13600,2028-03-03,P,1.36,0.047600000,3,
2026-09-03,GBU,OPT,GBUH8 P13650,2028-03-03,P,1.365,0.050000000,3,
2026-09-03,GBU,OPT,GBUH8 P13700,2028-03-03,P,1.37,0.052500000,3,
2026-09-03,GBU,OPT,GBUH8 P13750,2028-03-03,P,1.375,0.055100000,3,
2026-09-03,GBU,OPT,GBUH8 P13800,2028-03-03,P,1.38,0.057800000,3,
2026-09-03,GBU,OPT,GBUH8 P13850,2028-03-03,P,1.385,0.060600000,3,
2026-09-03,GBU,OPT,GBUH8 P13900,2028-03-03,P,1.39,0.063500000,3,
2026-09-03,GBU,OPT,GBUH8 P13950,2028-03-03,P,1.395,0.066500000,3,
2026-09-03,GBU,OPT,GBUH8 P14000,2028-03-03,P,1.4,0.069600000,3,
2026-09-03,GBU,OPT,GBUH8 P14050,2028-03-03,P,1.405,0.072800000,3,
2026-09-03,GBU,OPT,GBUH8 P14100,2028-03-03,P,1.41,0.076100000,3,
2026-09-03,GBU,OPT,GBUH8 P14200,2028-03-03,P,1.42,0.082900000,3,
2026-09-03,GBU,OPT,GBUH8 P14300,2028-03-03,P,1.43,0.089900000,3,
2026-09-03,GBU,OPT,GBUH8 P14400,2028-03-03,P,1.44,0.097300000,3,
2026-09-03,GBU,OPT,GBUH8 P14500,2028-03-03,P,1.45,0.104900000,3,
2026-09-03,GBU,OPT,GBUH8 P14600,2028-03-03,P,1.46,0.112700000,3,
2026-09-03,GBU,OPT,GBUH8 P14700,2028-03-03,P,1.47,0.120700000,3,
2026-09-03,GBU,OPT,GBUH8 P14800,2028-03-03,P,1.48,0.128800000,3,
2026-09-03,GBU,OPT,GBUH8 P14900,2028-03-03,P,1.49,0.137200000,3,
2026-09-03,GBU,OPT,GBUH8 P15000,2028-03-03,P,1.5,0.145700000,3,
2026-09-03,GBU,OPT,GBUH8 P15100,2028-03-03,P,1.51,0.154400000,3,
2026-09-03,GBU,OPT,GBUH8 P15200,2028-03-03,P,1.52,0.163100000,3,
2026-09-03,GBU,OPT,GBUH8 P15300,2028-03-03,P,1.53,0.172000000,3,
2026-09-03,GBU,OPT,GBUH8 P15400,2028-03-03,P,1.54,0.180800000,3,
2026-09-03,GBU,OPT,GBUH8 P15500,2028-03-03,P,1.55,0.189800000,3,
2026-09-03,GBU,OPT,GBUH8 P15600,2028-03-03,P,1.56,0.198800000,3,
2026-09-03,GBU,OPT,GBUM8 C11200,2028-06-09,C,1.12,0.221500000,3,
2026-09-03,GBU,OPT,GBUM8 C11300,2028-06-09,C,1.13,0.212800000,3,
2026-09-03,GBU,OPT,GBUM8 C11400,2028-06-09,C,1.14,0.204100000,3,
2026-09-03,GBU,OPT,GBUM8 C11500,2028-06-09,C,1.15,0.195500000,3,
2026-09-03,GBU,OPT,GBUM8 C11600,2028-06-09,C,1.16,0.187000000,3,
2026-09-03,GBU,OPT,GBUM8 C11700,2028-06-09,C,1.17,0.178500000,3,
2026-09-03,GBU,OPT,GBUM8 C11800,2028-06-09,C,1.18,0.170000000,3,
2026-09-03,GBU,OPT,GBUM8 C11900,2028-06-09,C,1.19,0.161700000,3,
2026-09-03,GBU,OPT,GBUM8 C12000,2028-06-09,C,1.2,0.153400000,3,
2026-09-03,GBU,OPT,GBUM8 C12100,2028-06-09,C,1.21,0.145200000,3,
2026-09-03,GBU,OPT,GBUM8 C12200,2028-06-09,C,1.22,0.137100000,3,
2026-09-03,GBU,OPT,GBUM8 C12300,2028-06-09,C,1.23,0.129100000,3,
2026-09-03,GBU,OPT,GBUM8 C12400,2028-06-09,C,1.24,0.121200000,3,
2026-09-03,GBU,OPT,GBUM8 C12500,2028-06-09,C,1.25,0.113500000,3,
2026-09-03,GBU,OPT,GBUM8 C12600,2028-06-09,C,1.26,0.105900000,3,
2026-09-03,GBU,OPT,GBUM8 C12650,2028-06-09,C,1.265,0.102200000,3,
2026-09-03,GBU,OPT,GBUM8 C12700,2028-06-09,C,1.27,0.098500000,3,
2026-09-03,GBU,OPT,GBUM8 C12750,2028-06-09,C,1.275,0.094900000,3,
2026-09-03,GBU,OPT,GBUM8 C12800,2028-06-09,C,1.28,0.091300000,3,
2026-09-03,GBU,OPT,GBUM8 C12850,2028-06-09,C,1.285,0.087800000,3,
2026-09-03,GBU,OPT,GBUM8 C12900,2028-06-09,C,1.29,0.084300000,3,
2026-09-03,GBU,OPT,GBUM8 C12950,2028-06-09,C,1.295,0.080900000,3,
2026-09-03,GBU,OPT,GBUM8 C13000,2028-06-09,C,1.3,0.077500000,3,
2026-09-03,GBU,OPT,GBUM8 C13050,2028-06-09,C,1.305,0.074200000,3,
2026-09-03,GBU,OPT,GBUM8 C13100,2028-06-09,C,1.31,0.071000000,3,
2026-09-03,GBU,OPT,GBUM8 C13150,2028-06-09,C,1.315,0.067800000,3,
2026-09-03,GBU,OPT,GBUM8 C13200,2028-06-09,C,1.32,0.064700000,3,
2026-09-03,GBU,OPT,GBUM8 C13250,2028-06-09,C,1.325,0.061700000,3,
2026-09-03,GBU,OPT,GBUM8 C13300,2028-06-09,C,1.33,0.058700000,3,
2026-09-03,GBU,OPT,GBUM8 C13350,2028-06-09,C,1.335,0.055800000,3,
2026-09-03,GBU,OPT,GBUM8 C13400,2028-06-09,C,1.34,0.053100000,3,
2026-09-03,GBU,OPT,GBUM8 C13450,2028-06-09,C,1.345,0.050400000,3,
2026-09-03,GBU,OPT,GBUM8 C13500,2028-06-09,C,1.35,0.047800000,3,
2026-09-03,GBU,OPT,GBUM8 C13550,2028-06-09,C,1.355,0.045300000,3,
2026-09-03,GBU,OPT,GBUM8 C13600,2028-06-09,C,1.36,0.042900000,3,
2026-09-03,GBU,OPT,GBUM8 C13650,2028-06-09,C,1.365,0.040600000,3,
2026-09-03,GBU,OPT,GBUM8 C13700,2028-06-09,C,1.37,0.038500000,3,
2026-09-03,GBU,OPT,GBUM8 C13750,2028-06-09,C,1.375,0.036400000,3,
2026-09-03,GBU,OPT,GBUM8 C13800,2028-06-09,C,1.38,0.034400000,3,
2026-09-03,GBU,OPT,GBUM8 C13850,2028-06-09,C,1.385,0.032500000,3,
2026-09-03,GBU,OPT,GBUM8 C13900,2028-06-09,C,1.39,0.030700000,3,
2026-09-03,GBU,OPT,GBUM8 C13950,2028-06-09,C,1.395,0.029000000,3,
2026-09-03,GBU,OPT,GBUM8 C14000,2028-06-09,C,1.4,0.027300000,3,
2026-09-03,GBU,OPT,GBUM8 C14050,2028-06-09,C,1.405,0.025800000,3,
2026-09-03,GBU,OPT,GBUM8 C14100,2028-06-09,C,1.41,0.024300000,3,
2026-09-03,GBU,OPT,GBUM8 C14200,2028-06-09,C,1.42,0.021600000,3,
2026-09-03,GBU,OPT,GBUM8 C14300,2028-06-09,C,1.43,0.019200000,3,
2026-09-03,GBU,OPT,GBUM8 C14400,2028-06-09,C,1.44,0.017100000,3,
2026-09-03,GBU,OPT,GBUM8 C14500,2028-06-09,C,1.45,0.015200000,3,
2026-09-03,GBU,OPT,GBUM8 C14600,2028-06-09,C,1.46,0.013400000,3,
2026-09-03,GBU,OPT,GBUM8 C14700,2028-06-09,C,1.47,0.011900000,3,
2026-09-03,GBU,OPT,GBUM8 C14800,2028-06-09,C,1.48,0.010600000,3,
2026-09-03,GBU,OPT,GBUM8 C14900,2028-06-09,C,1.49,0.009400000,3,
2026-09-03,GBU,OPT,GBUM8 C15000,2028-06-09,C,1.5,0.008400000,3,
2026-09-03,GBU,OPT,GBUM8 C15100,2028-06-09,C,1.51,0.007600000,3,
2026-09-03,GBU,OPT,GBUM8 C15200,2028-06-09,C,1.52,0.006800000,3,
2026-09-03,GBU,OPT,GBUM8 C15300,2028-06-09,C,1.53,0.006100000,3,
2026-09-03,GBU,OPT,GBUM8 C15400,2028-06-09,C,1.54,0.005500000,3,
2026-09-03,GBU,OPT,GBUM8 C15500,2028-06-09,C,1.55,0.004900000,3,
2026-09-03,GBU,OPT,GBUM8 C15600,2028-06-09,C,1.56,0.004400000,3,
2026-09-03,GBU,OPT,GBUM8 P11200,2028-06-09,P,1.12,0.006600000,3,
2026-09-03,GBU,OPT,GBUM8 P11300,2028-06-09,P,1.13,0.007200000,3,
2026-09-03,GBU,OPT,GBUM8 P11400,2028-06-09,P,1.14,0.007800000,3,
2026-09-03,GBU,OPT,GBUM8 P11500,2028-06-09,P,1.15,0.008500000,3,
2026-09-03,GBU,OPT,GBUM8 P11600,2028-06-09,P,1.16,0.009200000,3,
2026-09-03,GBU,OPT,GBUM8 P11700,2028-06-09,P,1.17,0.010000000,3,
2026-09-03,GBU,OPT,GBUM8 P11800,2028-06-09,P,1.18,0.010900000,3,
2026-09-03,GBU,OPT,GBUM8 P11900,2028-06-09,P,1.19,0.011800000,3,
2026-09-03,GBU,OPT,GBUM8 P12000,2028-06-09,P,1.2,0.012800000,3,
2026-09-03,GBU,OPT,GBUM8 P12100,2028-06-09,P,1.21,0.013900000,3,
2026-09-03,GBU,OPT,GBUM8 P12200,2028-06-09,P,1.22,0.015100000,3,
2026-09-03,GBU,OPT,GBUM8 P12300,2028-06-09,P,1.23,0.016400000,3,
2026-09-03,GBU,OPT,GBUM8 P12400,2028-06-09,P,1.24,0.017800000,3,
2026-09-03,GBU,OPT,GBUM8 P12500,2028-06-09,P,1.25,0.019300000,3,
2026-09-03,GBU,OPT,GBUM8 P12600,2028-06-09,P,1.26,0.021100000,3,
2026-09-03,GBU,OPT,GBUM8 P12650,2028-06-09,P,1.265,0.022000000,3,
2026-09-03,GBU,OPT,GBUM8 P12700,2028-06-09,P,1.27,0.023000000,3,
2026-09-03,GBU,OPT,GBUM8 P12750,2028-06-09,P,1.275,0.024000000,3,
2026-09-03,GBU,OPT,GBUM8 P12800,2028-06-09,P,1.28,0.025100000,3,
2026-09-03,GBU,OPT,GBUM8 P12850,2028-06-09,P,1.285,0.026200000,3,
2026-09-03,GBU,OPT,GBUM8 P12900,2028-06-09,P,1.29,0.027400000,3,
2026-09-03,GBU,OPT,GBUM8 P12950,2028-06-09,P,1.295,0.028600000,3,
2026-09-03,GBU,OPT,GBUM8 P13000,2028-06-09,P,1.3,0.029900000,3,
2026-09-03,GBU,OPT,GBUM8 P13050,2028-06-09,P,1.305,0.031200000,3,
2026-09-03,GBU,OPT,GBUM8 P13100,2028-06-09,P,1.31,0.032600000,3,
2026-09-03,GBU,OPT,GBUM8 P13150,2028-06-09,P,1.315,0.034100000,3,
2026-09-03,GBU,OPT,GBUM8 P13200,2028-06-09,P,1.32,0.035600000,3,
2026-09-03,GBU,OPT,GBUM8 P13250,2028-06-09,P,1.325,0.037200000,3,
2026-09-03,GBU,OPT,GBUM8 P13300,2028-06-09,P,1.33,0.038900000,3,
2026-09-03,GBU,OPT,GBUM8 P13350,2028-06-09,P,1.335,0.040700000,3,
2026-09-03,GBU,OPT,GBUM8 P13400,2028-06-09,P,1.34,0.042600000,3,
2026-09-03,GBU,OPT,GBUM8 P13450,2028-06-09,P,1.345,0.044500000,3,
2026-09-03,GBU,OPT,GBUM8 P13500,2028-06-09,P,1.35,0.046600000,3,
2026-09-03,GBU,OPT,GBUM8 P13550,2028-06-09,P,1.355,0.048800000,3,
2026-09-03,GBU,OPT,GBUM8 P13600,2028-06-09,P,1.36,0.051000000,3,
2026-09-03,GBU,OPT,GBUM8 P13650,2028-06-09,P,1.365,0.053400000,3,
2026-09-03,GBU,OPT,GBUM8 P13700,2028-06-09,P,1.37,0.055800000,3,
2026-09-03,GBU,OPT,GBUM8 P13750,2028-06-09,P,1.375,0.058400000,3,
2026-09-03,GBU,OPT,GBUM8 P13800,2028-06-09,P,1.38,0.061000000,3,
2026-09-03,GBU,OPT,GBUM8 P13850,2028-06-09,P,1.385,0.063800000,3,
2026-09-03,GBU,OPT,GBUM8 P13900,2028-06-09,P,1.39,0.066600000,3,
2026-09-03,GBU,OPT,GBUM8 P13950,2028-06-09,P,1.395,0.069600000,3,
2026-09-03,GBU,OPT,GBUM8 P14000,2028-06-09,P,1.4,0.072600000,3,
2026-09-03,GBU,OPT,GBUM8 P14050,2028-06-09,P,1.405,0.075700000,3,
2026-09-03,GBU,OPT,GBUM8 P14100,2028-06-09,P,1.41,0.078900000,3,
2026-09-03,GBU,OPT,GBUM8 P14200,2028-06-09,P,1.42,0.085500000,3,
2026-09-03,GBU,OPT,GBUM8 P14300,2028-06-09,P,1.43,0.092300000,3,
2026-09-03,GBU,OPT,GBUM8 P14400,2028-06-09,P,1.44,0.099500000,3,
2026-09-03,GBU,OPT,GBUM8 P14500,2028-06-09,P,1.45,0.106900000,3,
2026-09-03,GBU,OPT,GBUM8 P14600,2028-06-09,P,1.46,0.114400000,3,
2026-09-03,GBU,OPT,GBUM8 P14700,2028-06-09,P,1.47,0.122200000,3,
2026-09-03,GBU,OPT,GBUM8 P14800,2028-06-09,P,1.48,0.130100000,3,
2026-09-03,GBU,OPT,GBUM8 P14900,2028-06-09,P,1.49,0.138300000,3,
2026-09-03,GBU,OPT,GBUM8 P15000,2028-06-09,P,1.5,0.146600000,3,
2026-09-03,GBU,OPT,GBUM8 P15100,2028-06-09,P,1.51,0.155000000,3,
2026-09-03,GBU,OPT,GBUM8 P15200,2028-06-09,P,1.52,0.163500000,3,
2026-09-03,GBU,OPT,GBUM8 P15300,2028-06-09,P,1.53,0.172100000,3,
2026-09-03,GBU,OPT,GBUM8 P15400,2028-06-09,P,1.54,0.180800000,3,
2026-09-03,GBU,OPT,GBUM8 P15500,2028-06-09,P,1.55,0.189600000,3,
2026-09-03,GBU,OPT,GBUM8 P15600,2028-06-09,P,1.56,0.198400000,3,
